ALIGNED8 u8 ow2_eq_kd_eq_other5_ci4[] = {
	0x00, 0x00, 0x00, 0x00, 0x11, 0x01, 0x11, 0x11, 
	0x11, 0x11, 0x23, 0x22, 0x22, 0x33, 0x22, 0x22, 
	0x22, 0x22, 0x11, 0x11, 0x21, 0x21, 0x11, 0x11, 
	0x11, 0x11, 0x11, 0x11, 0x11, 0x00, 0x00, 0x00, 
	0x00, 0x00, 0x00, 0x00, 0x11, 0x11, 0x11, 0x11, 
	0x11, 0x11, 0x22, 0x22, 0x33, 0x33, 0x22, 0x22, 
	0x21, 0x33, 0x21, 0x11, 0x21, 0x11, 0x12, 0x11, 
	0x21, 0x11, 0x10, 0x11, 0x11, 0x00, 0x00, 0x00, 
	0x00, 0x00, 0x00, 0x01, 0x11, 0x01, 0x11, 0x11, 
	0x11, 0x22, 0x11, 0x32, 0x23, 0x22, 0x22, 0x22, 
	0x33, 0x21, 0x22, 0x12, 0x21, 0x11, 0x11, 0x22, 
	0x11, 0x11, 0x11, 0x10, 0x11, 0x11, 0x00, 0x00, 
	0x00, 0x00, 0x00, 0x11, 0x01, 0x11, 0x11, 0x11, 
	0x11, 0x12, 0x11, 0x21, 0x22, 0x12, 0x23, 0x22, 
	0x33, 0x21, 0x22, 0x12, 0x21, 0x21, 0x11, 0x11, 
	0x11, 0x11, 0x11, 0x10, 0x11, 0x11, 0x00, 0x00, 
	0x00, 0x00, 0x01, 0x00, 0x11, 0x11, 0x11, 0x11, 
	0x12, 0x11, 0x11, 0x11, 0x22, 0x23, 0x23, 0x23, 
	0x33, 0x21, 0x22, 0x21, 0x11, 0x22, 0x12, 0x21, 
	0x21, 0x11, 0x11, 0x11, 0x11, 0x01, 0x00, 0x00, 
	0x00, 0x00, 0x00, 0x01, 0x11, 0x11, 0x11, 0x11, 
	0x11, 0x11, 0x12, 0x22, 0x22, 0x22, 0x22, 0x33, 
	0x33, 0x22, 0x22, 0x21, 0x21, 0x11, 0x11, 0x11, 
	0x11, 0x11, 0x11, 0x11, 0x10, 0x11, 0x00, 0x00, 
	0x00, 0x00, 0x00, 0x11, 0x11, 0x11, 0x11, 0x11, 
	0x11, 0x21, 0x22, 0x23, 0x22, 0x23, 0x23, 0x23, 
	0x22, 0x22, 0x32, 0x11, 0x22, 0x11, 0x22, 0x11, 
	0x11, 0x11, 0x21, 0x11, 0x11, 0x00, 0x00, 0x00, 
	0x00, 0x00, 0x01, 0x01, 0x11, 0x11, 0x11, 0x11, 
	0x11, 0x11, 0x12, 0x22, 0x33, 0x22, 0x22, 0x33, 
	0x22, 0x22, 0x22, 0x22, 0x21, 0x12, 0x22, 0x21, 
	0x11, 0x11, 0x11, 0x11, 0x11, 0x01, 0x00, 0x00, 
	0x00, 0x00, 0x11, 0x11, 0x00, 0x00, 0x11, 0x11, 
	0x11, 0x11, 0x11, 0x11, 0x11, 0x11, 0x11, 0x11, 
	0x11, 0x11, 0x11, 0x11, 0x11, 0x11, 0x11, 0x11, 
	0x11, 0x11, 0x11, 0x11, 0x00, 0x00, 0x00, 0x00, 
	0x00, 0x13, 0x21, 0x12, 0x22, 0x22, 0x33, 0x33, 
	0x33, 0x33, 0x44, 0x44, 0x33, 0x33, 0x33, 0x33, 
	0x44, 0x44, 0x44, 0x33, 0x33, 0x34, 0x33, 0x33, 
	0x33, 0x33, 0x33, 0x33, 0x33, 0x22, 0x21, 0x00, 
	0x33, 0x34, 0x33, 0x33, 0x34, 0x33, 0x34, 0x44, 
	0x55, 0x55, 0x55, 0x55, 0x55, 0x55, 0x55, 0x55, 
	0x55, 0x55, 0x55, 0x55, 0x55, 0x55, 0x44, 0x55, 
	0x66, 0x66, 0x44, 0x44, 0x34, 0x33, 0x22, 0x22, 
	0x11, 0x13, 0x22, 0x33, 0x33, 0x33, 0x33, 0x44, 
	0x44, 0x44, 0x44, 0x54, 0x55, 0x55, 0x55, 0x55, 
	0x54, 0x54, 0x44, 0x54, 0x44, 0x44, 0x44, 0x44, 
	0x66, 0x66, 0x44, 0x33, 0x33, 0x33, 0x22, 0x22, 
	0x77, 0x77, 0x77, 0x77, 0x33, 0x33, 0x66, 0x66, 
	0x66, 0x66, 0x66, 0x66, 0x66, 0x55, 0x56, 0x56, 
	0x66, 0x86, 0x66, 0x66, 0x66, 0x66, 0x66, 0x66, 
	0x66, 0x66, 0x66, 0x66, 0x33, 0x33, 0x77, 0x77, 
	0x77, 0x77, 0x77, 0x76, 0x44, 0x44, 0x66, 0x66, 
	0x55, 0x55, 0x88, 0x88, 0x55, 0x88, 0x88, 0x88, 
	0x88, 0x88, 0x55, 0x55, 0x88, 0x88, 0x66, 0x88, 
	0x55, 0x55, 0x55, 0x66, 0x66, 0x66, 0x66, 0x76, 
	0x66, 0x66, 0x66, 0x55, 0x55, 0x88, 0x88, 0x99, 
	0x88, 0x88, 0x88, 0x88, 0x88, 0x88, 0x88, 0x88, 
	0x88, 0x88, 0x88, 0x88, 0x99, 0x99, 0x88, 0x88, 
	0x88, 0x88, 0x88, 0x88, 0x55, 0x55, 0x55, 0x66, 
	0x77, 0x77, 0x77, 0x77, 0x33, 0x33, 0x66, 0x66, 
	0xaa, 0xaa, 0x66, 0x66, 0x66, 0x66, 0x66, 0x66, 
	0x66, 0x66, 0x66, 0x66, 0xaa, 0xaa, 0xaa, 0xaa, 
	0xaa, 0xaa, 0x77, 0x77, 0x33, 0x33, 0x77, 0x77, 
	0xbb, 0xbb, 0xaa, 0xaa, 0xaa, 0xaa, 0xbb, 0xbb, 
	0xbb, 0xbb, 0xbb, 0xbb, 0xbb, 0xbb, 0x77, 0x77, 
	0x77, 0x77, 0xbb, 0xbb, 0xbb, 0xbb, 0xbb, 0xbb, 
	0xbb, 0xbb, 0x77, 0x77, 0x77, 0x77, 0xbb, 0xbb, 
	0xcc, 0xcc, 0x55, 0xaa, 0xaa, 0xa6, 0xcc, 0xcc, 
	0xcc, 0xcc, 0xcc, 0xcc, 0xcc, 0xcc, 0x67, 0x77, 
	0x77, 0x76, 0xcc, 0xcc, 0xcc, 0xcc, 0xcc, 0xcc, 
	0xcc, 0xcc, 0x67, 0x77, 0x77, 0x76, 0xcc, 0xcc, 
	0x99, 0x99, 0x99, 0x5a, 0xaa, 0x6d, 0x99, 0x99, 
	0xdd, 0xdd, 0xdd, 0xdd, 0x99, 0x99, 0x96, 0x77, 
	0x77, 0x6d, 0x99, 0x99, 0xdd, 0xdd, 0xdd, 0xdd, 
	0x99, 0x99, 0x96, 0x77, 0x77, 0x6d, 0x99, 0x99, 
	0xee, 0xee, 0xee, 0x5a, 0xaa, 0x6d, 0xee, 0xee, 
	0xee, 0xee, 0xee, 0xee, 0xee, 0xee, 0xd6, 0x77, 
	0x77, 0x6d, 0xee, 0xee, 0xee, 0xee, 0xee, 0xee, 
	0xee, 0xee, 0xd6, 0x77, 0x77, 0x6d, 0xee, 0xee, 
	0xee, 0xee, 0xe9, 0xcb, 0xaa, 0xcd, 0xee, 0xee, 
	0xee, 0xee, 0xee, 0xee, 0xee, 0xee, 0xd5, 0x77, 
	0x77, 0x6d, 0xee, 0xee, 0xee, 0xee, 0xee, 0xee, 
	0xee, 0xee, 0xdc, 0xaa, 0xaa, 0xcd, 0xee, 0xee, 
	0xee, 0xee, 0xe9, 0xcb, 0xaa, 0xcd, 0xee, 0xee, 
	0xee, 0xee, 0xee, 0xee, 0xee, 0xee, 0xd5, 0x77, 
	0x77, 0x6d, 0xee, 0xee, 0xee, 0xee, 0xee, 0xee, 
	0xee, 0xee, 0xdc, 0xaa, 0xaa, 0xcd, 0xee, 0xee, 
	0xee, 0xee, 0xee, 0xcb, 0xaa, 0xcd, 0xee, 0xee, 
	0xee, 0xee, 0xee, 0xee, 0xee, 0xee, 0xd5, 0x77, 
	0x77, 0x6d, 0xee, 0xee, 0xee, 0xee, 0xee, 0xee, 
	0xee, 0xee, 0xdc, 0xaa, 0xaa, 0xcd, 0xee, 0xee, 
	0xdd, 0xdd, 0x99, 0xcb, 0xaa, 0xcf, 0xdd, 0xdd, 
	0xdd, 0xdd, 0xdd, 0xdd, 0xdd, 0xdd, 0xd5, 0x77, 
	0x77, 0x6f, 0xdd, 0xdd, 0xdd, 0xdd, 0xdd, 0xdd, 
	0xdd, 0xdd, 0xdc, 0xaa, 0xaa, 0xcf, 0xdd, 0xdd, 
	0xcc, 0xcc, 0x66, 0x77, 0x77, 0x76, 0xcc, 0xcc, 
	0xcc, 0xcc, 0xcc, 0xcc, 0xcc, 0xcc, 0x66, 0x22, 
	0x77, 0x76, 0xcc, 0xcc, 0xcc, 0xcc, 0xcc, 0xcc, 
	0xcc, 0xcc, 0x67, 0x77, 0x77, 0x76, 0xcc, 0xcc, 
	0xaa, 0xaa, 0x77, 0x77, 0x77, 0x77, 0xbb, 0xbb, 
	0xbb, 0xbb, 0xbb, 0xbb, 0xbb, 0xbb, 0x22, 0x22, 
	0x77, 0x77, 0xbb, 0xbb, 0xbb, 0xbb, 0xbb, 0xbb, 
	0xaa, 0xaa, 0x77, 0x77, 0x77, 0x77, 0xaa, 0xaa, 
	0xab, 0xaa, 0x77, 0x77, 0x77, 0x77, 0xbb, 0xbb, 
	0xbb, 0xbb, 0xbb, 0xbb, 0xbb, 0xbb, 0x66, 0x66, 
	0x67, 0x66, 0xbb, 0xbb, 0xbb, 0xbb, 0xbb, 0xbb, 
	0xaa, 0xaa, 0x77, 0x77, 0x77, 0x77, 0xaa, 0xaa, 
	0xbb, 0xcc, 0x66, 0x88, 0x55, 0x88, 0x99, 0x99, 
	0x99, 0x99, 0xff, 0xdd, 0xdd, 0xdd, 0x99, 0x99, 
	0x99, 0x99, 0xdd, 0xdd, 0xdd, 0xdd, 0xdd, 0xdd, 
	0x99, 0x99, 0x99, 0x99, 0x88, 0x55, 0xcc, 0xcc, 
	0x33, 0x33, 0x33, 0x54, 0x44, 0x55, 0x45, 0x55, 
	0x55, 0x55, 0x55, 0x55, 0x88, 0x88, 0x88, 0x88, 
	0x88, 0x88, 0x55, 0x55, 0x55, 0x99, 0x95, 0x99, 
	0x88, 0x58, 0x55, 0x55, 0x44, 0x44, 0x44, 0x44, 
	0x66, 0x66, 0x44, 0x55, 0x55, 0x55, 0x55, 0x55, 
	0x99, 0x99, 0x55, 0x99, 0x88, 0x88, 0x88, 0x88, 
	0x88, 0x88, 0x99, 0x99, 0x99, 0x99, 0x59, 0x99, 
	0x88, 0x88, 0x99, 0x55, 0x55, 0x54, 0x66, 0x44, 
	0x11, 0x12, 0x11, 0x11, 0x11, 0x33, 0x33, 0x33, 
	0x33, 0x33, 0x44, 0x44, 0x33, 0x33, 0x33, 0x33, 
	0x33, 0x33, 0x44, 0x44, 0x44, 0x41, 0x33, 0x33, 
	0x33, 0x33, 0x33, 0x31, 0x33, 0x11, 0x11, 0x11, 
	0x11, 0x11, 0x11, 0x11, 0x11, 0x11, 0x11, 0x11, 
	0x11, 0x11, 0x11, 0x11, 0x11, 0x11, 0x11, 0x11, 
	0x11, 0x11, 0x11, 0x11, 0x11, 0x11, 0x11, 0x11, 
	0x11, 0x11, 0x11, 0x11, 0x11, 0x11, 0x11, 0x11, 
	0x11, 0x11, 0x11, 0x11, 0x11, 0x11, 0x11, 0x11, 
	0x22, 0x22, 0x22, 0x22, 0x22, 0x22, 0x22, 0x22, 
	0x22, 0x22, 0x22, 0x22, 0x22, 0x22, 0x22, 0x22, 
	0x22, 0x22, 0x11, 0x11, 0x11, 0x11, 0x11, 0x11, 
	0x11, 0x11, 0x11, 0x11, 0x11, 0x11, 0x11, 0x11, 
	0x22, 0x22, 0x22, 0x22, 0x22, 0x22, 0x22, 0x22, 
	0x22, 0x22, 0x22, 0x22, 0x22, 0x22, 0x22, 0x22, 
	0x22, 0x22, 0x11, 0x11, 0x11, 0x11, 0x11, 0x11, 
	0x11, 0x12, 0x11, 0x22, 0x33, 0x33, 0x33, 0x33, 
	0x44, 0x44, 0x44, 0x44, 0x44, 0x44, 0x44, 0x44, 
	0x44, 0x44, 0x44, 0x44, 0x44, 0x44, 0x44, 0x44, 
	0x44, 0x44, 0x33, 0x33, 0x33, 0x33, 0x22, 0x11, 
	0x33, 0x36, 0x34, 0x44, 0x55, 0x55, 0x55, 0x88, 
	0x88, 0x88, 0x99, 0x99, 0x99, 0x99, 0x99, 0x99, 
	0x99, 0x99, 0x99, 0x99, 0x99, 0x99, 0x55, 0x99, 
	0x88, 0x88, 0x88, 0x55, 0x55, 0x55, 0x55, 0x44, 
	0x27, 0x77, 0xa6, 0x66, 0x66, 0x66, 0x66, 0x66, 
	0x88, 0x88, 0x55, 0x55, 0x88, 0x66, 0x88, 0x88, 
	0x88, 0x88, 0x88, 0x55, 0x88, 0x88, 0x58, 0x58, 
	0x55, 0x55, 0x55, 0x55, 0x66, 0x66, 0x43, 0x33, 
	0x77, 0x77, 0xa6, 0x66, 0x66, 0x66, 0x55, 0x66, 
	0x88, 0x88, 0x55, 0x55, 0x88, 0x88, 0x88, 0x99, 
	0x88, 0x88, 0x88, 0x88, 0x88, 0x88, 0x88, 0x88, 
	0x88, 0x88, 0x55, 0x55, 0x66, 0x66, 0x43, 0x33, 
	0x22, 0x22, 0xaa, 0xaa, 0xbb, 0xbb, 0xbb, 0xbb, 
	0xbb, 0xbb, 0x66, 0x66, 0x66, 0x66, 0x66, 0x66, 
	0xbb, 0xbb, 0x66, 0x66, 0x66, 0x66, 0x66, 0x66, 
	0xbb, 0xbb, 0xbb, 0xbb, 0xaa, 0xaa, 0x32, 0x22, 
	0x22, 0x22, 0xaa, 0xaa, 0xbb, 0xbb, 0xbb, 0xbb, 
	0xaa, 0xaa, 0x77, 0x77, 0x77, 0x77, 0xaa, 0xaa, 
	0xaa, 0xaa, 0x77, 0x77, 0x77, 0x77, 0xaa, 0xaa, 
	0xbb, 0xbb, 0xbb, 0xbb, 0xaa, 0xaa, 0x32, 0x22, 
	0x77, 0x76, 0xcc, 0xcc, 0xcc, 0xcc, 0xcc, 0xcc, 
	0xcc, 0xcc, 0xca, 0xaa, 0xaa, 0xac, 0xcc, 0xcc, 
	0xcc, 0xcc, 0xcc, 0xbb, 0xaa, 0xac, 0xcc, 0xcc, 
	0xcc, 0xcc, 0xcc, 0xcc, 0xcc, 0xcc, 0x67, 0x77, 
	0x77, 0x6f, 0xdd, 0xdd, 0xdd, 0xdd, 0xdd, 0xdd, 
	0xdd, 0xdd, 0xfc, 0xaa, 0xaa, 0xcf, 0xdd, 0xdd, 
	0xdd, 0xdd, 0x99, 0xbb, 0xaa, 0xcf, 0xdd, 0xdd, 
	0xdd, 0xdd, 0xdd, 0xdd, 0xdd, 0xdd, 0xf6, 0x77, 
	0x77, 0x6d, 0xee, 0xee, 0xee, 0xee, 0xee, 0xee, 
	0xee, 0xee, 0xdc, 0xaa, 0xaa, 0xcd, 0xee, 0xee, 
	0xee, 0xee, 0xe9, 0xcb, 0xaa, 0xcd, 0xee, 0xee, 
	0xee, 0xee, 0xee, 0xee, 0xee, 0xee, 0xd6, 0x77, 
	0x77, 0x6d, 0xee, 0xee, 0xee, 0xee, 0xee, 0xee, 
	0xee, 0xee, 0xdc, 0xaa, 0xaa, 0xcd, 0xee, 0xee, 
	0xee, 0xee, 0xe9, 0xcb, 0xaa, 0xcd, 0xee, 0xee, 
	0xee, 0xee, 0xee, 0xee, 0xee, 0xee, 0xd6, 0x77, 
	0x77, 0x6d, 0xee, 0xee, 0xee, 0xee, 0xee, 0xee, 
	0xee, 0xee, 0xdc, 0xaa, 0xaa, 0xcd, 0xee, 0xee, 
	0xee, 0xee, 0xe9, 0xca, 0xaa, 0xcd, 0xee, 0xee, 
	0xee, 0xee, 0xee, 0xee, 0xee, 0xee, 0xd6, 0x77, 
	0x77, 0x6d, 0xee, 0xee, 0xee, 0xee, 0xee, 0xee, 
	0xee, 0xee, 0xdc, 0xaa, 0xaa, 0xcd, 0xee, 0xee, 
	0xee, 0xee, 0xe9, 0xca, 0xaa, 0xcd, 0xee, 0xee, 
	0xee, 0xee, 0xee, 0xee, 0xee, 0xee, 0xd6, 0x77, 
	0x77, 0x6f, 0xdd, 0xdd, 0xdd, 0xdd, 0xdd, 0xdd, 
	0xdd, 0xdd, 0xfa, 0xaa, 0xaa, 0xcf, 0xdd, 0xdd, 
	0xdd, 0xdd, 0x99, 0xaa, 0xaa, 0xcf, 0xdd, 0xdd, 
	0xdd, 0xdd, 0xdd, 0xdd, 0xdd, 0xdd, 0xf6, 0x77, 
	0x77, 0x76, 0xcc, 0xcc, 0xcc, 0xcc, 0xcc, 0xcc, 
	0xcc, 0xcc, 0xca, 0xaa, 0xaa, 0xac, 0xcc, 0xcc, 
	0xcc, 0xcc, 0xcc, 0xaa, 0xaa, 0xac, 0xcc, 0xcc, 
	0xcc, 0xcc, 0xcc, 0xcc, 0xcc, 0xcc, 0x67, 0x77, 
	0x22, 0x22, 0xaa, 0xaa, 0xbb, 0xbb, 0xbb, 0xbb, 
	0xaa, 0xaa, 0x77, 0x77, 0x77, 0x77, 0xbb, 0xbb, 
	0xbb, 0xbb, 0xaa, 0xaa, 0x77, 0x77, 0xbb, 0xbb, 
	0xbb, 0xbb, 0xbb, 0xbb, 0xaa, 0xaa, 0x22, 0x22, 
	0x22, 0x22, 0xaa, 0xaa, 0xbb, 0xbb, 0xbb, 0xbb, 
	0xaa, 0xaa, 0x66, 0x66, 0x66, 0x66, 0xbb, 0xbb, 
	0xbb, 0xbb, 0x66, 0x66, 0x66, 0x66, 0xbb, 0xbb, 
	0xbb, 0xbb, 0xbb, 0xbb, 0xaa, 0xaa, 0x22, 0x22, 
	0x44, 0x44, 0x55, 0x55, 0x66, 0x66, 0x88, 0x88, 
	0x88, 0x88, 0x88, 0x88, 0x88, 0x88, 0x88, 0x88, 
	0x99, 0x99, 0x88, 0x88, 0x88, 0x88, 0x88, 0x88, 
	0x88, 0x88, 0x88, 0x88, 0x85, 0x55, 0x44, 0x44, 
	0x44, 0x44, 0x66, 0x55, 0x66, 0x66, 0x88, 0x88, 
	0x88, 0x89, 0x88, 0x88, 0x88, 0x88, 0x88, 0x88, 
	0x99, 0x99, 0x88, 0x88, 0x88, 0x88, 0x88, 0x88, 
	0x88, 0x88, 0x55, 0x55, 0x85, 0x66, 0x44, 0x44, 
	0x12, 0x22, 0x33, 0x33, 0x43, 0x43, 0x44, 0x44, 
	0x44, 0x44, 0x44, 0x54, 0x44, 0x44, 0x44, 0x44, 
	0x44, 0x55, 0x55, 0x54, 0x44, 0x44, 0x44, 0x44, 
	0x44, 0x44, 0x44, 0x74, 0x43, 0x33, 0x32, 0x22, 
	0x12, 0x11, 0x22, 0x33, 0x34, 0x34, 0x44, 0x44, 
	0x44, 0x33, 0x44, 0x44, 0x44, 0x44, 0x44, 0x44, 
	0x54, 0x44, 0x55, 0x44, 0x44, 0x44, 0x44, 0x44, 
	0x44, 0x44, 0x44, 0x74, 0x42, 0x33, 0x33, 0x11, 
	0x12, 0x11, 0x33, 0x33, 0x33, 0x44, 0x33, 0x44, 
	0x33, 0x44, 0x44, 0x44, 0x44, 0x54, 0x45, 0x45, 
	0x45, 0x54, 0x55, 0x44, 0x45, 0x54, 0x44, 0x44, 
	0x44, 0x44, 0x44, 0x47, 0x32, 0x33, 0x23, 0x11, 
	0x12, 0x22, 0x33, 0x43, 0x43, 0x44, 0x44, 0x44, 
	0x54, 0x44, 0x44, 0x55, 0x55, 0x55, 0x55, 0x55, 
	0x55, 0x55, 0x55, 0x45, 0x55, 0x55, 0x44, 0x55, 
	0x55, 0x55, 0x44, 0x44, 0x44, 0x33, 0x33, 0x12, 
	0x01, 0x01, 0x11, 0x11, 0x22, 0x22, 0x22, 0x22, 
	0x34, 0x34, 0x34, 0x34, 0x44, 0x44, 0x44, 0x44, 
	0x44, 0x44, 0x44, 0x34, 0x44, 0x44, 0x34, 0x44, 
	0x73, 0x77, 0x33, 0x22, 0x22, 0x10, 0x11, 0x10, 
	0x00, 0x00, 0x00, 0x00, 0x00, 0x00, 0x11, 0x11, 
	0x11, 0x11, 0x11, 0x11, 0x11, 0x11, 0x11, 0x11, 
	0x11, 0x11, 0x11, 0x11, 0x11, 0x11, 0x11, 0x11, 
	0x11, 0x11, 0x11, 0x11, 0x00, 0x10, 0x00, 0x00, 
	0x00, 0x00, 0x00, 0x00, 0x10, 0x01, 0x11, 0x11, 
	0x11, 0x11, 0x11, 0x12, 0x23, 0x33, 0x33, 0x33, 
	0x33, 0x23, 0x23, 0x22, 0x31, 0x13, 0x21, 0x21, 
	0x22, 0x22, 0x31, 0x11, 0x10, 0x00, 0x00, 0x00, 
	0x00, 0x00, 0x01, 0x00, 0x00, 0x00, 0x11, 0x11, 
	0x11, 0x22, 0x11, 0x22, 0x22, 0x33, 0x33, 0x33, 
	0x33, 0x22, 0x22, 0x22, 0x11, 0x11, 0x21, 0x11, 
	0x12, 0x22, 0x11, 0x11, 0x00, 0x00, 0x00, 0x00, 
	0x00, 0x00, 0x00, 0x00, 0x00, 0x11, 0x11, 0x12, 
	0x11, 0x11, 0x11, 0x22, 0x21, 0x22, 0x33, 0x33, 
	0x22, 0x22, 0x33, 0x22, 0x12, 0x11, 0x21, 0x21, 
	0x11, 0x11, 0x12, 0x11, 0x11, 0x11, 0x00, 0x00, 
	0x00, 0x00, 0x01, 0x01, 0x00, 0x11, 0x11, 0x11, 
	0x11, 0x11, 0x11, 0x12, 0x22, 0x12, 0x33, 0x33, 
	0x23, 0x22, 0x33, 0x22, 0x12, 0x21, 0x21, 0x11, 
	0x11, 0x11, 0x12, 0x11, 0x11, 0x11, 0x00, 0x00, 
	0x00, 0x01, 0x10, 0x01, 0x01, 0x11, 0x12, 0x21, 
	0x11, 0x00, 0x11, 0x22, 0x32, 0x11, 0x22, 0x33, 
	0x22, 0x22, 0x22, 0x22, 0x22, 0x22, 0x22, 0x22, 
	0x11, 0x11, 0x11, 0x11, 0x11, 0x11, 0x00, 0x00, 
	0x00, 0x00, 0x00, 0x11, 0x11, 0x01, 0x11, 0x11, 
	0x11, 0x00, 0x12, 0x12, 0x22, 0x22, 0x23, 0x22, 
	0x22, 0x22, 0x22, 0x22, 0x11, 0x22, 0x21, 0x21, 
	0x11, 0x11, 0x11, 0x11, 0x11, 0x11, 0x00, 0x00, 
	
};

ALIGNED8 u8 ow2_eq_kd_eq_other5_pal_rgba16[] = {
	0x00, 0x01, 0x18, 0x41, 0x28, 0x83, 0x40, 0xc7, 
	0x61, 0x8b, 0x82, 0x4f, 0x69, 0x49, 0x48, 0x41, 
	0xa3, 0x13, 0xc3, 0x97, 0x58, 0x01, 0x70, 0x43, 
	0x99, 0x8b, 0xe4, 0x5b, 0xfd, 0xe7, 0xb2, 0x4f, 
	
};

ALIGNED8 u8 ow2_eq_kd_eq_hasira6_001_ci4[] = {
	0x00, 0x12, 0x34, 0x11, 0x34, 0x44, 0x25, 0x55, 
	0x66, 0x21, 0x27, 0x88, 0x46, 0x66, 0x15, 0x21, 
	0x66, 0x99, 0x32, 0xa2, 0x22, 0x64, 0x33, 0x40, 
	0x94, 0x34, 0x66, 0x22, 0x55, 0x25, 0x19, 0x16, 
	0x91, 0x55, 0x99, 0x55, 0xaa, 0x99, 0x15, 0x55, 
	0x66, 0x21, 0x66, 0x42, 0x46, 0x66, 0x25, 0xaa, 
	0x44, 0x44, 0x49, 0xaa, 0xa1, 0x64, 0xa2, 0x99, 
	0x99, 0x66, 0x63, 0x66, 0x55, 0x52, 0xa9, 0x6b, 
	0x9c, 0x97, 0x44, 0x52, 0xa9, 0x9a, 0x47, 0x72, 
	0xde, 0x73, 0xe6, 0x27, 0xee, 0x78, 0x2a, 0x22, 
	0x71, 0x77, 0x71, 0x94, 0x33, 0x77, 0x22, 0x28, 
	0x11, 0xe3, 0x66, 0x99, 0x46, 0x49, 0x88, 0x4b, 
	0x99, 0x77, 0x77, 0x75, 0x77, 0x77, 0x77, 0x77, 
	0x4e, 0x77, 0xee, 0x72, 0xf9, 0x87, 0x01, 0x77, 
	0x71, 0x87, 0x77, 0x77, 0x44, 0x72, 0x52, 0x28, 
	0x77, 0x77, 0x88, 0x22, 0x24, 0x41, 0x48, 0x4b, 
	0x67, 0x81, 0x77, 0x67, 0x77, 0x77, 0x77, 0x83, 
	0x91, 0x17, 0x72, 0x11, 0x77, 0x77, 0x78, 0x77, 
	0x1e, 0x11, 0x11, 0x18, 0x84, 0x66, 0xa9, 0x91, 
	0x3e, 0x11, 0x31, 0x81, 0x15, 0x11, 0x77, 0x3b, 
	0x67, 0x88, 0x78, 0x77, 0x8e, 0x77, 0x78, 0x37, 
	0xa7, 0x77, 0x74, 0x5e, 0x77, 0xee, 0xe8, 0x77, 
	0x7e, 0x71, 0x37, 0x11, 0x14, 0x66, 0x22, 0x1e, 
	0xe1, 0x71, 0xe7, 0x78, 0xe1, 0x17, 0xe7, 0x3b, 
	0x97, 0xe1, 0x77, 0xe7, 0x77, 0x77, 0x31, 0x72, 
	0x27, 0x87, 0x84, 0x72, 0x77, 0xe8, 0x37, 0x7e, 
	0x77, 0x77, 0x77, 0x7e, 0x71, 0x49, 0x44, 0x11, 
	0x77, 0x77, 0x77, 0xe7, 0x77, 0x77, 0x87, 0x8d, 
	0x91, 0x3e, 0x77, 0x73, 0x77, 0xe7, 0x7e, 0x78, 
	0x71, 0x74, 0x73, 0x33, 0x14, 0xe7, 0x77, 0x77, 
	0x77, 0x78, 0x7e, 0x77, 0x71, 0x79, 0x77, 0x78, 
	0x3e, 0x77, 0xe7, 0x77, 0xe7, 0x71, 0x87, 0x8d, 
	0x62, 0x37, 0x77, 0x77, 0x77, 0x77, 0x77, 0x77, 
	0x77, 0x77, 0x37, 0x33, 0x7e, 0xe3, 0x87, 0x7e, 
	0x37, 0x77, 0x77, 0x87, 0x77, 0x37, 0x7e, 0xee, 
	0xee, 0x77, 0x77, 0x78, 0x77, 0x18, 0xe7, 0x1c, 
	0x26, 0x73, 0x37, 0x41, 0x48, 0xee, 0x87, 0x77, 
	0x77, 0x22, 0x97, 0xe7, 0xe7, 0x73, 0x17, 0x7e, 
	0xee, 0x43, 0xee, 0x21, 0x84, 0x77, 0x77, 0xe8, 
	0x3e, 0xe7, 0xe7, 0x73, 0x62, 0x87, 0x7e, 0xcc, 
	0x21, 0x21, 0x44, 0x17, 0x77, 0x77, 0x77, 0x71, 
	0x71, 0x94, 0x44, 0x44, 0x22, 0x48, 0x77, 0x15, 
	0x94, 0x11, 0x22, 0x4c, 0x99, 0x44, 0x48, 0x33, 
	0xee, 0x44, 0x44, 0x12, 0x44, 0x44, 0x11, 0x1d, 
	0xfc, 0xcc, 0xf9, 0xbb, 0xff, 0xaa, 0xff, 0xff, 
	0xaa, 0xbb, 0xff, 0xfc, 0xcf, 0xff, 0xaa, 0x55, 
	0xaa, 0xff, 0xaa, 0xff, 0xba, 0xaa, 0xff, 0xff, 
	0xff, 0xaa, 0x55, 0xaa, 0x55, 0xff, 0x66, 0xcd, 
	0xdf, 0xbb, 0x9f, 0x6d, 0xff, 0xdd, 0xc2, 0xc4, 
	0x99, 0x22, 0xcd, 0xdd, 0xd5, 0xdc, 0xc8, 0x4c, 
	0x44, 0xcc, 0xcc, 0xc4, 0x48, 0x86, 0xbb, 0xff, 
	0xc2, 0x66, 0x66, 0x66, 0x6f, 0xff, 0xaf, 0xdd, 
	0x5f, 0x4e, 0x79, 0x26, 0x9c, 0xc4, 0x11, 0x88, 
	0x88, 0x33, 0x33, 0x46, 0x5f, 0x21, 0x88, 0x88, 
	0x88, 0x84, 0x88, 0xee, 0x88, 0x88, 0xee, 0x77, 
	0x11, 0xee, 0x88, 0xee, 0xee, 0x6f, 0xff, 0x6f, 
	0x94, 0x47, 0x81, 0x93, 0xa4, 0x33, 0x33, 0x88, 
	0xe7, 0x77, 0x38, 0x33, 0x88, 0x3e, 0x0e, 0x88, 
	0x77, 0x10, 0xe8, 0xe8, 0xe8, 0x38, 0x84, 0x48, 
	0x88, 0x38, 0x33, 0x73, 0x7e, 0x44, 0x4b, 0x6b, 
	0x59, 0x33, 0x48, 0x32, 0x48, 0x1e, 0xee, 0x88, 
	0x33, 0x33, 0x38, 0x38, 0x88, 0x3e, 0xee, 0x87, 
	0x3e, 0x0e, 0x8e, 0x77, 0x83, 0xee, 0x17, 0x11, 
	0x78, 0x7e, 0xe8, 0x38, 0x7e, 0x86, 0x88, 0x6b, 
	0x2a, 0xee, 0x7e, 0x38, 0xe8, 0x7e, 0x33, 0x88, 
	0x33, 0x68, 0x88, 0x07, 0x77, 0xe7, 0x88, 0x77, 
	0x73, 0x33, 0x88, 0x33, 0xe0, 0x7e, 0x73, 0x8e, 
	0xee, 0x8e, 0x38, 0x73, 0xe2, 0xc9, 0x33, 0xdd, 
	0xa6, 0xee, 0xee, 0xee, 0x83, 0x78, 0x3e, 0xe8, 
	0x33, 0x88, 0xe7, 0x73, 0x37, 0x07, 0x70, 0xe7, 
	0x24, 0x3e, 0x77, 0x87, 0x88, 0x07, 0x7e, 0xee, 
	0x33, 0x33, 0xe8, 0x8e, 0xe2, 0x43, 0x03, 0x2d, 
	0xa5, 0x4e, 0x33, 0x88, 0x81, 0x73, 0x33, 0xe7, 
	0x3e, 0x83, 0x88, 0x88, 0x33, 0x7e, 0x77, 0x22, 
	0xb5, 0xee, 0xee, 0x08, 0x33, 0x88, 0x83, 0x88, 
	0xee, 0xe7, 0x7e, 0x7e, 0xe1, 0x48, 0x8e, 0xbb, 
	0xaa, 0xa4, 0x77, 0x78, 0x8e, 0x38, 0x43, 0x8e, 
	0x37, 0x81, 0x77, 0x77, 0x83, 0x88, 0x84, 0x55, 
	0xbb, 0xae, 0x8e, 0xee, 0x77, 0x70, 0x00, 0x0e, 
	0x33, 0xe7, 0x70, 0x3e, 0xe3, 0x14, 0x08, 0xab, 
	0x99, 0x6b, 0x48, 0x83, 0x8e, 0xe8, 0xe1, 0x38, 
	0x18, 0x38, 0xe3, 0x88, 0x7e, 0x88, 0x77, 0x18, 
	0x49, 0x9e, 0x88, 0x87, 0xe7, 0x0e, 0x77, 0xe7, 
	0x38, 0x37, 0x73, 0x77, 0xe8, 0x18, 0xee, 0xea, 
	0x95, 0xaa, 0x68, 0xe0, 0x78, 0xee, 0x77, 0x73, 
	0x1e, 0x38, 0x8e, 0x88, 0x7e, 0xee, 0xee, 0x88, 
	0x49, 0x9e, 0xee, 0x8e, 0xe8, 0x78, 0x88, 0x78, 
	0x07, 0x08, 0x70, 0x7e, 0xe8, 0x11, 0x08, 0xea, 
	0xa9, 0xaa, 0x50, 0x7e, 0x88, 0x88, 0x33, 0x7e, 
	0x0e, 0x8e, 0x88, 0x38, 0x37, 0xee, 0x8e, 0x1e, 
	0x72, 0x88, 0xe3, 0xee, 0x7e, 0x38, 0xee, 0xe0, 
	0x77, 0xe0, 0xee, 0xe8, 0x77, 0x1e, 0x30, 0x08, 
	0xb2, 0x29, 0x21, 0x8e, 0xe7, 0x88, 0x38, 0xe8, 
	0xe7, 0xe7, 0x7e, 0xee, 0x88, 0x83, 0x33, 0x13, 
	0x73, 0x77, 0xee, 0x88, 0x3e, 0x87, 0xee, 0x3e, 
	0x87, 0x07, 0x07, 0x7e, 0xee, 0x8e, 0x83, 0x88, 
	0x4b, 0xbc, 0x99, 0x3e, 0x8e, 0xee, 0x33, 0x88, 
	0xe3, 0x88, 0x31, 0x8e, 0xe8, 0x88, 0xe7, 0x88, 
	0xe1, 0x88, 0xee, 0x8e, 0xee, 0x88, 0x88, 0x88, 
	0xe8, 0x33, 0x3e, 0xe7, 0xee, 0x83, 0x77, 0xe3, 
	0x4c, 0x4c, 0x4e, 0xe0, 0x88, 0x83, 0x83, 0x33, 
	0x8e, 0x88, 0x48, 0x78, 0x8e, 0x8e, 0x8e, 0x88, 
	0x2e, 0x33, 0xe7, 0xee, 0xee, 0x70, 0xe3, 0xee, 
	0x87, 0xee, 0xe3, 0x8e, 0x88, 0x88, 0x84, 0x0e, 
	0x2c, 0x33, 0xe1, 0x07, 0xee, 0xe8, 0xee, 0xee, 
	0x3e, 0x88, 0xe1, 0x88, 0x88, 0x38, 0x08, 0x49, 
	0x66, 0x77, 0x0e, 0x70, 0xee, 0x77, 0x77, 0xe8, 
	0x0e, 0xe7, 0xee, 0x33, 0xe3, 0x88, 0x41, 0x88, 
	0x12, 0x73, 0xee, 0x77, 0xe1, 0xee, 0x83, 0x33, 
	0xe3, 0x81, 0x1e, 0x46, 0x94, 0x38, 0xe8, 0x34, 
	0x68, 0x37, 0x7e, 0xee, 0x88, 0x99, 0xa9, 0x78, 
	0x77, 0x77, 0x0e, 0xe7, 0x70, 0x77, 0x88, 0x08, 
	0xc7, 0xe3, 0x43, 0x33, 0x81, 0x81, 0x3e, 0x78, 
	0xe8, 0x88, 0x33, 0xe1, 0x28, 0x44, 0x83, 0x85, 
	0x11, 0xe8, 0x37, 0x83, 0x16, 0x9b, 0x54, 0xe8, 
	0x88, 0xee, 0x80, 0xe0, 0x77, 0x77, 0x78, 0x7e, 
	0x17, 0xe3, 0x1e, 0x34, 0x88, 0x18, 0x88, 0x38, 
	0x38, 0x81, 0x4e, 0x11, 0x88, 0x88, 0x8e, 0x88, 
	0xee, 0x0e, 0x87, 0x3e, 0xee, 0x84, 0x28, 0xe8, 
	0xe3, 0x8e, 0x78, 0x78, 0xee, 0x8e, 0x87, 0x88, 
	0x71, 0x88, 0x33, 0x87, 0xee, 0x28, 0x88, 0xe3, 
	0x8e, 0x8e, 0xee, 0x78, 0x30, 0x33, 0x8e, 0x00, 
	0x7e, 0x77, 0x00, 0x78, 0xe1, 0x88, 0x3e, 0x0e, 
	0x70, 0x78, 0x3e, 0x3e, 0xe8, 0x7e, 0x07, 0xe1, 
	0xc7, 0x28, 0x3e, 0x7e, 0xe6, 0x98, 0x8e, 0x3e, 
	0x73, 0x38, 0x0e, 0x78, 0x07, 0x33, 0x83, 0xe7, 
	0x33, 0x83, 0xe0, 0x70, 0xe1, 0x31, 0x1e, 0x80, 
	0x78, 0xe8, 0xe8, 0x83, 0x33, 0x33, 0x7e, 0x1c, 
	0x42, 0x24, 0x88, 0x8e, 0x79, 0xa6, 0x26, 0x63, 
	0x33, 0xe3, 0x88, 0x83, 0x88, 0x73, 0x77, 0x37, 
	0x8e, 0x87, 0x37, 0x33, 0x3e, 0xe3, 0x33, 0xee, 
	0x77, 0x33, 0x88, 0x8e, 0xee, 0x38, 0xe2, 0xf6, 
	0xff, 0x28, 0x77, 0x07, 0x77, 0x6a, 0xaa, 0xbb, 
	0x55, 0xee, 0xe8, 0x33, 0x73, 0xe8, 0x88, 0x78, 
	0xe7, 0x78, 0x83, 0x33, 0xe8, 0x00, 0xe3, 0x38, 
	0x11, 0xe3, 0xe8, 0xee, 0x8e, 0x00, 0xec, 0x62, 
	0x11, 0x84, 0x77, 0xee, 0xe1, 0x5a, 0x9b, 0xba, 
	0xa6, 0x2e, 0xee, 0xe8, 0x87, 0x77, 0x3e, 0xe8, 
	0xe7, 0x8e, 0xee, 0x07, 0x80, 0xe0, 0x71, 0x7e, 
	0x00, 0x70, 0x00, 0x78, 0x3e, 0x77, 0x21, 0xe5, 
	0x2e, 0x88, 0x18, 0x87, 0xe5, 0xbb, 0xbb, 0xab, 
	0xba, 0xbe, 0x0e, 0xee, 0x87, 0x33, 0x3e, 0x88, 
	0x08, 0x38, 0x83, 0x88, 0x33, 0xe8, 0x77, 0xee, 
	0xee, 0xee, 0x33, 0x88, 0x00, 0x22, 0x17, 0xe2, 
	0x88, 0x0e, 0xe8, 0x38, 0x08, 0x5b, 0xdd, 0xbb, 
	0xba, 0xae, 0x11, 0x33, 0x88, 0x81, 0x82, 0x3e, 
	0x87, 0x0e, 0x77, 0x3e, 0x78, 0x70, 0xe3, 0x87, 
	0xee, 0x70, 0x87, 0xee, 0xe3, 0xe4, 0xe7, 0xef, 
	0x88, 0x00, 0x07, 0xe8, 0x01, 0x15, 0xfa, 0xbd, 
	0xbb, 0xae, 0xe8, 0xe7, 0x03, 0x82, 0x68, 0x88, 
	0x8e, 0xee, 0x88, 0x73, 0x37, 0x78, 0x30, 0x00, 
	0x7e, 0x87, 0x78, 0x8e, 0x0e, 0x3e, 0x73, 0xe9, 
	0x88, 0x77, 0x7e, 0xe7, 0xe1, 0x24, 0xe1, 0x11, 
	0x6b, 0xa8, 0x88, 0xe3, 0x3e, 0xe0, 0x38, 0x87, 
	0x77, 0x33, 0x8e, 0x8e, 0x0e, 0x74, 0x40, 0x87, 
	0x70, 0xe0, 0x3e, 0x70, 0xe0, 0x00, 0xe3, 0xe2, 
	0x88, 0x81, 0xe7, 0x87, 0xe8, 0xe4, 0x99, 0x71, 
	0x66, 0x98, 0x18, 0x78, 0x88, 0xee, 0x38, 0x77, 
	0xee, 0x7e, 0x83, 0x78, 0x33, 0x37, 0xe0, 0xe8, 
	0xee, 0x88, 0x88, 0x07, 0x88, 0x78, 0x78, 0x16, 
	0x48, 0x14, 0x18, 0x80, 0x33, 0x33, 0x4e, 0xe1, 
	0x45, 0x11, 0x3e, 0x38, 0x88, 0xe7, 0x77, 0x8e, 
	0xe7, 0xe7, 0xee, 0xe3, 0x7e, 0x71, 0x81, 0x18, 
	0x33, 0x3e, 0x87, 0x1c, 0x97, 0x81, 0xe8, 0x22, 
	0x84, 0x18, 0x88, 0x7e, 0xe3, 0x81, 0x4e, 0xe4, 
	0x22, 0xee, 0xee, 0xe3, 0xee, 0xee, 0x7e, 0xe8, 
	0x33, 0x44, 0xee, 0x80, 0xee, 0x48, 0xee, 0x38, 
	0x88, 0xe3, 0x78, 0x12, 0x93, 0x87, 0xee, 0x1c, 
	0x22, 0x0e, 0x8e, 0x87, 0x8e, 0x31, 0x13, 0x14, 
	0x66, 0x2e, 0x00, 0x00, 0x78, 0xe7, 0x88, 0xe7, 
	0x77, 0xe3, 0x3e, 0x88, 0x38, 0xe1, 0x8e, 0x37, 
	0x3e, 0xee, 0x00, 0x00, 0x88, 0x88, 0xe8, 0xe1, 
	0x21, 0x33, 0xee, 0x83, 0x8e, 0x83, 0x88, 0xe1, 
	0x16, 0xee, 0x82, 0x44, 0x70, 0x77, 0x77, 0x7e, 
	0xe3, 0x33, 0xee, 0xee, 0x7e, 0x37, 0x7e, 0x03, 
	0x00, 0x70, 0xee, 0x0e, 0xee, 0x00, 0x88, 0x2c, 
	0x94, 0x83, 0x8e, 0x3e, 0xe7, 0x33, 0x38, 0x07, 
	0x88, 0x18, 0x81, 0x62, 0x73, 0x77, 0xe0, 0x07, 
	0x00, 0x8e, 0xee, 0x78, 0x83, 0xe1, 0x51, 0x88, 
	0x77, 0x0e, 0xe3, 0xe1, 0x73, 0x88, 0x88, 0x1c, 
	0x9e, 0xee, 0x88, 0x37, 0xe8, 0x8e, 0x18, 0x8e, 
	0x77, 0x88, 0x88, 0x88, 0x97, 0x94, 0x33, 0x8e, 
	0x78, 0x81, 0x8e, 0x8e, 0x38, 0x19, 0x55, 0x25, 
	0x66, 0x1e, 0xe3, 0x44, 0x47, 0x77, 0x07, 0x1c, 
	0x9e, 0x8e, 0x81, 0xee, 0x87, 0x71, 0x18, 0x83, 
	0x43, 0x33, 0x1e, 0x74, 0x24, 0x88, 0x73, 0xe8, 
	0x37, 0x38, 0x83, 0x11, 0xe8, 0x83, 0x22, 0x26, 
	0x66, 0x88, 0x99, 0x29, 0x77, 0x77, 0x74, 0x6f, 
	0x4e, 0x78, 0x8e, 0xee, 0x38, 0xe8, 0x88, 0x83, 
	0x36, 0xb6, 0x22, 0x77, 0xee, 0x88, 0x33, 0x38, 
	0x83, 0xe8, 0xee, 0xe7, 0x00, 0xe0, 0x17, 0x99, 
	0x44, 0x00, 0x4a, 0x96, 0x33, 0xe8, 0x42, 0xff, 
	0x68, 0x23, 0x81, 0x1e, 0x77, 0x87, 0xe8, 0x77, 
	0x88, 0x49, 0x62, 0x3e, 0x8e, 0xe8, 0xe7, 0x03, 
	0x87, 0x00, 0xe7, 0x00, 0x80, 0x00, 0x38, 0xea, 
	0xae, 0x03, 0xe3, 0x81, 0x25, 0x3e, 0x4b, 0xbd, 
	0x6f, 0x4e, 0x12, 0xee, 0xee, 0x83, 0x88, 0x77, 
	0x71, 0x84, 0x24, 0x3e, 0x88, 0xee, 0xe3, 0x37, 
	0x07, 0xe8, 0xe8, 0x87, 0x71, 0x8e, 0x38, 0x19, 
	0x9e, 0x88, 0xe3, 0x80, 0x88, 0xee, 0x6b, 0xbd, 
	0xcf, 0xdd, 0xd6, 0x11, 0x33, 0x33, 0x34, 0xc2, 
	0x44, 0x16, 0xff, 0x48, 0x43, 0x3d, 0xdd, 0x88, 
	0x11, 0x33, 0x44, 0x3c, 0x2c, 0x62, 0x33, 0xdd, 
	0xc8, 0x33, 0x33, 0x2c, 0xc4, 0x2c, 0xff, 0xff, 
	0xdd, 0xdd, 0xdd, 0xdd, 0x99, 0x29, 0xc2, 0xcc, 
	0xcc, 0xff, 0xdd, 0xff, 0xff, 0xdd, 0xdd, 0xdd, 
	0xdd, 0xdd, 0x9f, 0xcc, 0xcc, 0x22, 0xdd, 0xdd, 
	0xdd, 0xdd, 0xdd, 0xdd, 0xdc, 0xff, 0xdd, 0xdd, 
	0x42, 0x22, 0x62, 0xcc, 0x22, 0x22, 0x22, 0x47, 
	0x49, 0x62, 0x99, 0x66, 0x25, 0x99, 0x22, 0x62, 
	0x94, 0x46, 0x99, 0x92, 0x22, 0xc2, 0x29, 0xff, 
	0x49, 0x94, 0x11, 0x44, 0x44, 0x44, 0x42, 0x1c, 
	0x22, 0x66, 0xaa, 0x11, 0x11, 0x33, 0xee, 0x49, 
	0x94, 0x22, 0x98, 0x4e, 0x62, 0x99, 0x26, 0x26, 
	0x94, 0xee, 0x09, 0x5a, 0xb2, 0x33, 0x59, 0x99, 
	0x99, 0x94, 0xee, 0x84, 0x88, 0x66, 0x62, 0x2f, 
	0x22, 0x69, 0x56, 0x27, 0x17, 0x77, 0x7e, 0x64, 
	0x77, 0x73, 0x77, 0xe7, 0x72, 0xaa, 0x88, 0x43, 
	0x77, 0xe7, 0x1e, 0x77, 0x37, 0x37, 0x72, 0x22, 
	0x91, 0x33, 0xee, 0x71, 0x14, 0x22, 0x45, 0x66, 
	0x22, 0x22, 0x66, 0x21, 0x37, 0x77, 0xe7, 0x77, 
	0x77, 0x77, 0x77, 0x78, 0x17, 0x99, 0x22, 0xee, 
	0x77, 0x7e, 0xe7, 0x77, 0x73, 0x77, 0x77, 0x30, 
	0x11, 0xe3, 0x31, 0x17, 0x77, 0x87, 0x34, 0x2d, 
	0x94, 0x47, 0x11, 0x97, 0x77, 0x78, 0x7e, 0x44, 
	0x77, 0x11, 0x87, 0x87, 0x77, 0x74, 0x44, 0x77, 
	0x42, 0x91, 0xe1, 0x47, 0x71, 0xe3, 0xe7, 0xe8, 
	0xe7, 0x77, 0x7e, 0x77, 0x37, 0x87, 0x77, 0x1f, 
	0x94, 0x33, 0x77, 0x74, 0x77, 0x77, 0x38, 0x78, 
	0x77, 0xee, 0x73, 0x73, 0x87, 0x77, 0xe2, 0x47, 
	0x47, 0xe4, 0x25, 0x47, 0x77, 0x7e, 0x7e, 0x77, 
	0x77, 0x37, 0x77, 0xe3, 0x7e, 0x71, 0xe7, 0x9f, 
	0x94, 0x73, 0xe7, 0x73, 0x27, 0x77, 0x7e, 0xee, 
	0x77, 0x77, 0x77, 0x77, 0xee, 0x77, 0x77, 0x39, 
	0x61, 0x77, 0x74, 0xae, 0xee, 0xe7, 0x77, 0x87, 
	0x77, 0x77, 0xe7, 0xe7, 0x77, 0x77, 0x77, 0x9f, 
	0x9a, 0xee, 0xe7, 0x77, 0x28, 0xe7, 0x77, 0x7e, 
	0x47, 0xee, 0x77, 0x77, 0xe7, 0x77, 0x77, 0x77, 
	0x17, 0x42, 0x44, 0xa9, 0x71, 0x77, 0x18, 0x84, 
	0xe7, 0xe7, 0x77, 0x87, 0x77, 0x08, 0x73, 0x96, 
	0x45, 0x67, 0x87, 0x77, 0xee, 0x77, 0xe7, 0x77, 
	0x83, 0x7e, 0x55, 0x27, 0x77, 0x77, 0x77, 0xee, 
	0xe7, 0x77, 0x1b, 0xaa, 0xa3, 0x77, 0x17, 0x77, 
	0x87, 0x78, 0x33, 0x87, 0x77, 0x77, 0x26, 0x2b, 
	0x94, 0x67, 0x17, 0x79, 0xaa, 0x67, 0xe7, 0x47, 
	0x7e, 0x73, 0x55, 0x21, 0xe8, 0x7e, 0x17, 0x7e, 
	0xe7, 0x77, 0x99, 0x66, 0xaa, 0x77, 0xf7, 0x87, 
	0x77, 0x77, 0xe7, 0xee, 0xee, 0x78, 0x66, 0x4b, 
	0x00, 0x12, 0x11, 0x11, 0x84, 0x11, 0x25, 0x9b, 
	0x99, 0x21, 0x47, 0x88, 0x25, 0x46, 0x46, 0x61, 
	0x55, 0x99, 0x12, 0xf4, 0x99, 0x52, 0x33, 0x17, 
	0x63, 0x34, 0x66, 0x44, 0x66, 0x25, 0x19, 0x16, 
	0x1a, 0xaa, 0xa9, 0x55, 0x9a, 0x9b, 0x55, 0xbb, 
	0xbb, 0xaa, 0x6b, 0x6b, 0x55, 0xbb, 0xbb, 0xb6, 
	0x55, 0xbb, 0xbb, 0xff, 0xbb, 0x55, 0xaa, 0x9a, 
	0x66, 0x66, 0x6b, 0xbb, 0xb6, 0x55, 0xa1, 0x6b, 
	
};

ALIGNED8 u8 ow2_eq_kd_eq_hasira6_001_pal_rgba16[] = {
	0xff, 0xb7, 0xbd, 0x65, 0x8b, 0x9b, 0xc5, 0xa9, 
	0xa4, 0xa1, 0x59, 0xcf, 0x6a, 0x93, 0xef, 0x33, 
	0xd6, 0x2d, 0x7a, 0xd5, 0x49, 0x4b, 0x38, 0x87, 
	0x49, 0xcd, 0x00, 0x01, 0xe6, 0xaf, 0x31, 0x07, 
	
};

ALIGNED8 u8 ow2_eq_kd_eq_hasira5_001_ci4[] = {
	0x00, 0x12, 0x12, 0x11, 0x32, 0x22, 0x24, 0x44, 
	0x55, 0x51, 0x20, 0x33, 0x25, 0x55, 0x14, 0x51, 
	0x55, 0x55, 0x12, 0x45, 0x55, 0x42, 0x11, 0x20, 
	0x52, 0x32, 0x55, 0x22, 0x44, 0x24, 0x15, 0x15, 
	0x51, 0x44, 0x55, 0x44, 0x66, 0x55, 0x14, 0x44, 
	0x55, 0x51, 0x44, 0x15, 0x25, 0x55, 0x24, 0x66, 
	0x22, 0x22, 0x15, 0x44, 0x61, 0x42, 0x62, 0x55, 
	0x55, 0x55, 0x53, 0x44, 0x44, 0x42, 0x65, 0x57, 
	0x54, 0x50, 0x22, 0x42, 0x65, 0x56, 0x20, 0x02, 
	0x70, 0x01, 0x04, 0x20, 0x00, 0x03, 0x56, 0x22, 
	0x01, 0x00, 0x01, 0x52, 0x11, 0x00, 0x55, 0x53, 
	0x11, 0x33, 0x55, 0x55, 0x24, 0x25, 0x33, 0x27, 
	0x55, 0x00, 0x00, 0x04, 0x00, 0x00, 0x00, 0x00, 
	0x20, 0x00, 0x00, 0x02, 0x65, 0x30, 0x01, 0x00, 
	0x01, 0x30, 0x00, 0x00, 0x22, 0x02, 0x45, 0x53, 
	0x00, 0x00, 0x33, 0x22, 0x52, 0x21, 0x23, 0x27, 
	0x40, 0x31, 0x00, 0x40, 0x00, 0x00, 0x00, 0x31, 
	0x51, 0x10, 0x02, 0x11, 0x00, 0x00, 0x03, 0x00, 
	0x13, 0x11, 0x11, 0x13, 0x32, 0x44, 0x45, 0x51, 
	0x33, 0x11, 0x31, 0x31, 0x14, 0x11, 0x00, 0x37, 
	0x40, 0x33, 0x03, 0x00, 0x30, 0x00, 0x03, 0x10, 
	0x60, 0x00, 0x01, 0x43, 0x00, 0x33, 0x03, 0x00, 
	0x03, 0x01, 0x30, 0x11, 0x12, 0x44, 0x55, 0x10, 
	0x31, 0x01, 0x30, 0x03, 0x01, 0x10, 0x00, 0x37, 
	0x50, 0x31, 0x00, 0x00, 0x00, 0x00, 0x31, 0x02, 
	0x20, 0x30, 0x31, 0x05, 0x00, 0x03, 0x10, 0x00, 
	0x00, 0x00, 0x00, 0x03, 0x01, 0x25, 0x11, 0x11, 
	0x00, 0x00, 0x00, 0x00, 0x00, 0x00, 0x30, 0x37, 
	0x51, 0x33, 0x00, 0x03, 0x00, 0x00, 0x03, 0x03, 
	0x01, 0x01, 0x01, 0x33, 0x11, 0x00, 0x00, 0x00, 
	0x00, 0x03, 0x03, 0x00, 0x01, 0x05, 0x00, 0x03, 
	0x10, 0x00, 0x00, 0x00, 0x30, 0x01, 0x30, 0x37, 
	0x42, 0x30, 0x00, 0x00, 0x00, 0x00, 0x00, 0x00, 
	0x00, 0x00, 0x30, 0x33, 0x03, 0x33, 0x30, 0x00, 
	0x30, 0x00, 0x00, 0x30, 0x00, 0x30, 0x03, 0x00, 
	0x00, 0x00, 0x00, 0x03, 0x00, 0x13, 0x30, 0x14, 
	0x24, 0x03, 0x30, 0x11, 0x13, 0x30, 0x30, 0x00, 
	0x00, 0x22, 0x50, 0x00, 0x30, 0x03, 0x10, 0x03, 
	0x33, 0x11, 0x00, 0x21, 0x32, 0x00, 0x00, 0x03, 
	0x30, 0x00, 0x30, 0x03, 0x42, 0x30, 0x03, 0x44, 
	0x21, 0x21, 0x11, 0x10, 0x00, 0x00, 0x00, 0x01, 
	0x02, 0x52, 0x11, 0x11, 0x22, 0x23, 0x00, 0x14, 
	0x52, 0x11, 0x22, 0x24, 0x55, 0x22, 0x23, 0x33, 
	0x33, 0x11, 0x22, 0x15, 0x22, 0x11, 0x11, 0x18, 
	0x74, 0x44, 0x65, 0x66, 0x66, 0x66, 0x77, 0x77, 
	0x66, 0x77, 0x77, 0x74, 0x47, 0x77, 0x66, 0x44, 
	0x66, 0x66, 0x66, 0x66, 0x74, 0x66, 0x77, 0x66, 
	0x66, 0x66, 0x44, 0x66, 0x44, 0x66, 0x44, 0x48, 
	0x86, 0x77, 0x47, 0x78, 0x66, 0x78, 0x77, 0x88, 
	0x88, 0x97, 0x77, 0x78, 0x84, 0x86, 0x66, 0x67, 
	0x77, 0x88, 0x88, 0x76, 0x74, 0x66, 0x68, 0x88, 
	0x87, 0x67, 0x77, 0x66, 0x67, 0x66, 0x66, 0x88, 
	0x46, 0x55, 0x46, 0x46, 0x69, 0x44, 0x77, 0x61, 
	0x88, 0x77, 0x79, 0x74, 0x46, 0x47, 0x66, 0x66, 
	0x56, 0x67, 0x66, 0x66, 0x46, 0x46, 0x66, 0x85, 
	0x76, 0x46, 0x44, 0x64, 0x66, 0x67, 0x76, 0x46, 
	0x52, 0x54, 0x74, 0x75, 0x76, 0x66, 0x77, 0x84, 
	0x48, 0x64, 0x77, 0x88, 0x99, 0x76, 0x56, 0x69, 
	0x44, 0x75, 0x46, 0x66, 0x47, 0x77, 0x68, 0x51, 
	0x77, 0x76, 0x77, 0x47, 0x44, 0x65, 0x57, 0x47, 
	0x44, 0x77, 0x64, 0x47, 0x66, 0x66, 0x46, 0x46, 
	0x68, 0x76, 0x76, 0x86, 0x99, 0x66, 0x66, 0x64, 
	0x96, 0x54, 0x64, 0x45, 0x67, 0x44, 0x87, 0x16, 
	0x57, 0x54, 0x46, 0x76, 0x44, 0x16, 0x46, 0x57, 
	0x56, 0x46, 0x56, 0x66, 0x46, 0x56, 0x77, 0xaa, 
	0x94, 0x76, 0x66, 0x54, 0x44, 0x66, 0x66, 0x45, 
	0x49, 0x77, 0x66, 0x99, 0x45, 0x56, 0x58, 0xab, 
	0x59, 0x74, 0x76, 0x47, 0x44, 0x86, 0x67, 0x67, 
	0x64, 0x54, 0x64, 0x64, 0x66, 0x46, 0x66, 0x99, 
	0x99, 0x66, 0x45, 0x46, 0x64, 0x54, 0x45, 0x44, 
	0x44, 0x79, 0x44, 0x64, 0x99, 0x54, 0x45, 0xbb, 
	0x99, 0x77, 0x46, 0x66, 0x47, 0x65, 0x57, 0x57, 
	0x64, 0x56, 0x77, 0x66, 0x99, 0x46, 0x76, 0xaa, 
	0x9a, 0x67, 0x66, 0x66, 0x67, 0x46, 0x45, 0x74, 
	0x76, 0x44, 0x44, 0x56, 0x77, 0x66, 0x61, 0xbb, 
	0xba, 0x74, 0x44, 0x54, 0x45, 0x55, 0x64, 0x77, 
	0x66, 0x66, 0x55, 0x56, 0x64, 0x77, 0x76, 0xcc, 
	0xaa, 0x47, 0x44, 0x55, 0x67, 0x99, 0x67, 0x77, 
	0x76, 0x74, 0x94, 0x44, 0x44, 0x52, 0x15, 0xab, 
	0xbb, 0x74, 0x55, 0x74, 0x66, 0x67, 0x26, 0x67, 
	0x55, 0x47, 0x47, 0x67, 0x64, 0x69, 0x29, 0xcc, 
	0x9c, 0x97, 0x77, 0x66, 0x44, 0x66, 0x44, 0x47, 
	0x44, 0x59, 0x99, 0x74, 0x45, 0x54, 0x55, 0xcb, 
	0xcc, 0x67, 0x57, 0x54, 0x44, 0x54, 0x46, 0x24, 
	0x54, 0x66, 0x44, 0x45, 0x56, 0x49, 0x44, 0xac, 
	0x9a, 0x99, 0x76, 0x66, 0x46, 0x44, 0x44, 0x45, 
	0x46, 0x55, 0x44, 0x76, 0x49, 0x59, 0x99, 0xbc, 
	0xdd, 0xd7, 0x42, 0x46, 0x66, 0x65, 0x26, 0x77, 
	0x65, 0x66, 0x65, 0x46, 0x66, 0x74, 0xcc, 0xaa, 
	0xaa, 0xca, 0x77, 0x76, 0x74, 0x66, 0x64, 0x45, 
	0x54, 0x46, 0x47, 0x44, 0x56, 0x74, 0xac, 0xad, 
	0xaa, 0xaa, 0x76, 0x46, 0x55, 0x55, 0x75, 0x54, 
	0x72, 0x25, 0x56, 0x66, 0x45, 0x74, 0xcc, 0xac, 
	0xaa, 0xca, 0x47, 0x66, 0x66, 0x67, 0x77, 0x66, 
	0x45, 0x54, 0x44, 0x66, 0x76, 0x65, 0xac, 0xca, 
	0xba, 0xad, 0x76, 0x54, 0x44, 0x55, 0x77, 0x66, 
	0x27, 0x76, 0x47, 0x74, 0x77, 0x79, 0xcc, 0xcc, 
	0xcc, 0xcc, 0x57, 0x66, 0x46, 0x66, 0x45, 0x66, 
	0x46, 0x66, 0x66, 0x64, 0x44, 0x46, 0xcc, 0xcc, 
	0xbb, 0xba, 0x77, 0x44, 0x44, 0x47, 0x44, 0x47, 
	0x24, 0x26, 0x65, 0x65, 0x77, 0x97, 0xcc, 0xcc, 
	0xcc, 0xcc, 0x57, 0x66, 0x66, 0x64, 0x64, 0x44, 
	0x65, 0x77, 0x44, 0x44, 0x46, 0xd5, 0xa9, 0xbb, 
	0xbb, 0xbb, 0x27, 0x74, 0x69, 0x66, 0x64, 0x24, 
	0x54, 0x75, 0x45, 0x24, 0x66, 0x4c, 0xbb, 0xbb, 
	0xcc, 0xbb, 0xcc, 0x74, 0x46, 0x76, 0x29, 0x56, 
	0x66, 0x55, 0x29, 0x45, 0x44, 0xaa, 0xaa, 0xbb, 
	0xda, 0xca, 0x27, 0x66, 0x77, 0x66, 0x64, 0x46, 
	0x14, 0x55, 0x55, 0x45, 0x66, 0xac, 0xcc, 0xcc, 
	0xcc, 0xb9, 0xc5, 0x77, 0x77, 0x77, 0x49, 0x76, 
	0x64, 0x64, 0x44, 0x66, 0x75, 0xcc, 0xca, 0xbb, 
	0xaa, 0xaa, 0x14, 0x64, 0x55, 0x44, 0x66, 0x26, 
	0x44, 0x44, 0x77, 0x47, 0x74, 0xcc, 0xbb, 0xa6, 
	0xac, 0xbc, 0xca, 0x66, 0x77, 0x76, 0x67, 0x67, 
	0x77, 0x46, 0x74, 0x67, 0x76, 0xcc, 0xbb, 0xbb, 
	0xbb, 0xbb, 0xc1, 0x74, 0x55, 0x55, 0x46, 0x54, 
	0x44, 0x46, 0x66, 0x67, 0x76, 0xcb, 0xbb, 0x68, 
	0xac, 0xbc, 0xaa, 0x47, 0x74, 0x55, 0x74, 0x77, 
	0x66, 0x54, 0x64, 0x76, 0x64, 0xbb, 0xbb, 0xb7, 
	0xbc, 0xbb, 0xcc, 0x66, 0x44, 0x64, 0x64, 0x66, 
	0x56, 0x46, 0x77, 0x64, 0xaa, 0xbb, 0xba, 0x8e, 
	0x8a, 0xba, 0x6d, 0x57, 0x75, 0x64, 0x76, 0x51, 
	0x54, 0x44, 0x55, 0x47, 0xac, 0xcb, 0xbb, 0xa9, 
	0x6a, 0xbb, 0xcb, 0x79, 0x66, 0x54, 0x24, 0x48, 
	0x65, 0x67, 0x74, 0x47, 0xaa, 0xbb, 0xbb, 0x4f, 
	0x8a, 0xbb, 0xda, 0x56, 0x64, 0x64, 0x77, 0x44, 
	0x77, 0x67, 0x45, 0x45, 0xac, 0xcc, 0xbb, 0x9d, 
	0x6a, 0xbb, 0xbb, 0x97, 0x77, 0x77, 0x46, 0x88, 
	0x14, 0x77, 0x66, 0x66, 0xbb, 0xbb, 0xa8, 0x22, 
	0x76, 0xbb, 0xcc, 0xaa, 0x76, 0x49, 0x44, 0x74, 
	0x64, 0x64, 0x74, 0x75, 0x9a, 0xcc, 0xbb, 0x73, 
	0xe4, 0xcc, 0xbb, 0xaa, 0x64, 0x76, 0x67, 0x76, 
	0x47, 0x94, 0x55, 0x45, 0xbb, 0xbc, 0xb8, 0x2e, 
	0xe7, 0xab, 0xbc, 0xaa, 0x77, 0x94, 0x66, 0x46, 
	0x45, 0x46, 0x67, 0x76, 0xac, 0xbb, 0xbb, 0x42, 
	0xf7, 0xbc, 0xbb, 0xaa, 0x76, 0x55, 0x47, 0x64, 
	0x25, 0x54, 0x46, 0x7d, 0xcc, 0xbb, 0xd6, 0xee, 
	0xf8, 0xa9, 0xbb, 0xa5, 0x77, 0x55, 0x76, 0x46, 
	0x44, 0x65, 0x44, 0x24, 0xca, 0xab, 0x97, 0xfe, 
	0xe8, 0xdd, 0xbb, 0xbc, 0x74, 0x64, 0x76, 0x57, 
	0x55, 0x66, 0x77, 0x65, 0xac, 0xcc, 0x7d, 0xee, 
	0xee, 0xa9, 0xbb, 0xb5, 0x57, 0x77, 0x75, 0x66, 
	0x56, 0x76, 0x77, 0x29, 0xcc, 0xac, 0xa7, 0xee, 
	0xee, 0x79, 0xcc, 0xcc, 0xd4, 0x77, 0x66, 0x77, 
	0x24, 0x54, 0x67, 0x49, 0xdc, 0xcc, 0x8f, 0xee, 
	0xef, 0x7a, 0xcc, 0xcc, 0x49, 0x67, 0x66, 0x94, 
	0x95, 0x54, 0x45, 0xaa, 0xbb, 0xbb, 0x64, 0xee, 
	0xef, 0x72, 0xcb, 0xaa, 0x47, 0x64, 0x75, 0x67, 
	0x26, 0x52, 0x54, 0x59, 0xda, 0xaa, 0x6f, 0xee, 
	0xee, 0x8a, 0xbb, 0xbb, 0x54, 0x78, 0x64, 0x96, 
	0x64, 0x44, 0x75, 0x59, 0xbb, 0xbb, 0x8d, 0xff, 
	0xfe, 0x56, 0xbc, 0xaa, 0xd6, 0x76, 0x57, 0x26, 
	0x26, 0x54, 0x65, 0x9a, 0xac, 0xa7, 0xef, 0xef, 
	0xee, 0x86, 0xbb, 0xb9, 0x9a, 0x75, 0x46, 0x64, 
	0x55, 0x77, 0x65, 0xbb, 0xbb, 0xba, 0x7f, 0xef, 
	0xff, 0xf7, 0xbb, 0xbb, 0xc5, 0x64, 0x46, 0x54, 
	0x66, 0x66, 0x76, 0x9a, 0xaa, 0xd7, 0xfe, 0xee, 
	0xee, 0xe8, 0xbb, 0xbc, 0x99, 0x47, 0x66, 0x44, 
	0x44, 0x57, 0x46, 0xab, 0xcc, 0xcc, 0x7f, 0xfe, 
	0xee, 0xf7, 0xbc, 0xbb, 0xca, 0x46, 0x46, 0x44, 
	0x64, 0x77, 0x49, 0xaa, 0xcc, 0x65, 0xff, 0xfe, 
	0xee, 0xf8, 0xba, 0xcc, 0xcc, 0x57, 0x64, 0x64, 
	0x45, 0x44, 0xd5, 0xbb, 0xbb, 0xd7, 0xe6, 0xee, 
	0xee, 0xee, 0x9a, 0xc9, 0xcd, 0x29, 0x66, 0x74, 
	0x56, 0x67, 0x49, 0xaa, 0xcc, 0x75, 0xef, 0xee, 
	0xff, 0xf6, 0xba, 0xcc, 0xca, 0x44, 0x66, 0x46, 
	0x77, 0x66, 0x9a, 0xbb, 0xbb, 0xa9, 0xee, 0xee, 
	0xee, 0xee, 0x7b, 0xcb, 0xcc, 0x49, 0x64, 0x47, 
	0x54, 0x66, 0xaa, 0xcd, 0xcb, 0x7e, 0xee, 0xee, 
	0xee, 0xef, 0x45, 0xad, 0xac, 0xb2, 0x66, 0x45, 
	0x45, 0x65, 0x9c, 0xbb, 0xbb, 0x7f, 0xee, 0xee, 
	0x6e, 0xee, 0x75, 0xdd, 0xdc, 0x9a, 0x64, 0x46, 
	0x24, 0x74, 0xaa, 0xcc, 0xcc, 0xee, 0xfe, 0xee, 
	0xee, 0xff, 0x74, 0xcc, 0xcd, 0xba, 0x44, 0x54, 
	0x47, 0x77, 0xbc, 0xbb, 0xbb, 0x7f, 0xfe, 0xfe, 
	0xff, 0xff, 0x47, 0xda, 0xad, 0x5d, 0x76, 0x67, 
	0x56, 0x79, 0x9b, 0xbb, 0xb7, 0xfe, 0xee, 0xff, 
	0xee, 0xee, 0xee, 0xab, 0xbc, 0xab, 0x25, 0x25, 
	0x54, 0x44, 0xcc, 0xac, 0xc9, 0x6e, 0xee, 0xee, 
	0xef, 0xfe, 0xf7, 0xaa, 0xcc, 0xcc, 0x77, 0x56, 
	0x46, 0xaa, 0x9c, 0xba, 0xb7, 0xee, 0xee, 0xee, 
	0xff, 0xee, 0xe8, 0xab, 0xcb, 0xca, 0x67, 0x66, 
	0x47, 0x49, 0xca, 0xcc, 0xc8, 0xfe, 0xee, 0xee, 
	0xee, 0xfe, 0xf7, 0xaa, 0xcc, 0xaa, 0x27, 0x46, 
	0x47, 0xaa, 0xcc, 0xbb, 0x94, 0xfe, 0xee, 0xee, 
	0xef, 0xff, 0xf8, 0xaa, 0xcc, 0xca, 0x59, 0x66, 
	0x74, 0x49, 0xac, 0xcc, 0xa7, 0xfe, 0xee, 0xfe, 
	0xee, 0xfe, 0xee, 0x7a, 0xbb, 0xbb, 0x49, 0x68, 
	0x46, 0x59, 0xcc, 0xbb, 0x7d, 0xee, 0xee, 0xee, 
	0xe6, 0xee, 0xee, 0x6a, 0xbc, 0xaa, 0x79, 0x76, 
	0x75, 0x49, 0xaa, 0xcd, 0x6d, 0xef, 0xee, 0xee, 
	0xff, 0xff, 0xfe, 0x7d, 0xbb, 0xbb, 0x95, 0x86, 
	0x69, 0x99, 0xa9, 0xca, 0x7f, 0xff, 0xee, 0xef, 
	0xef, 0xee, 0xee, 0x8a, 0xaa, 0xac, 0xad, 0x58, 
	0x7d, 0xdd, 0xcb, 0xdd, 0x8f, 0xfe, 0xee, 0xfe, 
	0xee, 0xfe, 0xef, 0x6e, 0xbc, 0xcb, 0xb9, 0x88, 
	0x89, 0xaa, 0xaa, 0xac, 0xef, 0xee, 0x44, 0xff, 
	0xee, 0xee, 0xee, 0x74, 0xcc, 0xaa, 0xaa, 0x58, 
	0x65, 0xaa, 0xcc, 0xcd, 0x4e, 0xff, 0xee, 0xef, 
	0xfe, 0xee, 0xff, 0xf7, 0xbb, 0xbb, 0xbc, 0x88, 
	0x9a, 0x9a, 0xaa, 0xa8, 0xee, 0x66, 0x66, 0x66, 
	0xee, 0x66, 0x86, 0x68, 0xaa, 0x99, 0x4a, 0x68, 
	0x9c, 0xcc, 0xbb, 0xa8, 0xee, 0xfe, 0xee, 0xee, 
	0xff, 0xfe, 0xef, 0xe8, 0xbc, 0xcc, 0xbb, 0xd8, 
	0x88, 0x88, 0x88, 0x88, 0x88, 0x88, 0x88, 0x88, 
	0x88, 0x88, 0x88, 0x88, 0x77, 0x77, 0x77, 0x88, 
	0x88, 0x88, 0x88, 0x88, 0x88, 0x88, 0x88, 0x88, 
	0x88, 0x88, 0x88, 0x88, 0x88, 0x88, 0x88, 0x88, 
	0x15, 0x55, 0x42, 0x44, 0x55, 0x22, 0x22, 0x10, 
	0x25, 0x45, 0x55, 0x44, 0x24, 0x55, 0x55, 0x42, 
	0x52, 0x15, 0x55, 0x52, 0x55, 0x42, 0x25, 0x77, 
	0x25, 0x52, 0x11, 0x22, 0x22, 0x22, 0x25, 0x14, 
	0x55, 0x44, 0x66, 0x11, 0x11, 0x33, 0x00, 0x15, 
	0x52, 0x55, 0x53, 0x23, 0x52, 0x55, 0x54, 0x24, 
	0x52, 0x00, 0x05, 0x46, 0x75, 0x33, 0x45, 0x55, 
	0x55, 0x52, 0x00, 0x32, 0x33, 0x55, 0x45, 0x27, 
	0x55, 0x55, 0x44, 0x20, 0x10, 0x00, 0x00, 0x41, 
	0x00, 0x03, 0x00, 0x30, 0x02, 0x66, 0x33, 0x21, 
	0x00, 0x00, 0x13, 0x00, 0x10, 0x10, 0x02, 0x22, 
	0x51, 0x33, 0x33, 0x01, 0x12, 0x22, 0x24, 0x55, 
	0x55, 0x22, 0x44, 0x21, 0x30, 0x00, 0x00, 0x00, 
	0x00, 0x00, 0x00, 0x03, 0x10, 0x55, 0x22, 0x00, 
	0x00, 0x00, 0x30, 0x00, 0x01, 0x00, 0x00, 0x10, 
	0x11, 0x33, 0x31, 0x10, 0x00, 0x30, 0x12, 0x27, 
	0x52, 0x20, 0x11, 0x50, 0x00, 0x03, 0x00, 0x11, 
	0x00, 0x11, 0x30, 0x30, 0x00, 0x01, 0x22, 0x00, 
	0x15, 0x51, 0x01, 0x10, 0x01, 0x33, 0x30, 0x33, 
	0x30, 0x00, 0x03, 0x00, 0x30, 0x30, 0x00, 0x17, 
	0x52, 0x11, 0x00, 0x02, 0x00, 0x00, 0x33, 0x03, 
	0x00, 0x33, 0x01, 0x01, 0x30, 0x00, 0x05, 0x20, 
	0x10, 0x32, 0x24, 0x10, 0x00, 0x03, 0x03, 0x00, 
	0x00, 0x30, 0x00, 0x31, 0x03, 0x01, 0x30, 0x57, 
	0x51, 0x01, 0x30, 0x03, 0x20, 0x00, 0x03, 0x33, 
	0x00, 0x00, 0x00, 0x00, 0x00, 0x00, 0x00, 0x15, 
	0x41, 0x00, 0x01, 0x33, 0x33, 0x30, 0x00, 0x30, 
	0x00, 0x00, 0x30, 0x30, 0x00, 0x00, 0x00, 0x56, 
	0x56, 0x33, 0x30, 0x00, 0x23, 0x30, 0x00, 0x03, 
	0x20, 0x30, 0x00, 0x00, 0x00, 0x00, 0x00, 0x00, 
	0x10, 0x33, 0x03, 0x12, 0x01, 0x00, 0x13, 0x31, 
	0x30, 0x00, 0x00, 0x30, 0x00, 0x03, 0x03, 0x54, 
	0x12, 0x20, 0x30, 0x00, 0x00, 0x00, 0x00, 0x33, 
	0x00, 0x00, 0x01, 0x10, 0x00, 0x00, 0x00, 0x30, 
	0x00, 0x00, 0x33, 0x45, 0x51, 0x00, 0x10, 0x00, 
	0x01, 0x33, 0x00, 0x00, 0x01, 0x30, 0x31, 0x57, 
	0x24, 0x40, 0x10, 0x00, 0x45, 0x11, 0x30, 0x20, 
	0x00, 0x00, 0x44, 0x51, 0x00, 0x00, 0x00, 0x00, 
	0x00, 0x03, 0x35, 0x54, 0x65, 0x00, 0x10, 0x00, 
	0x00, 0x00, 0x00, 0x00, 0x00, 0x10, 0x55, 0x57, 
	0x55, 0x42, 0x10, 0x09, 0x56, 0x42, 0x12, 0x20, 
	0x00, 0x05, 0x65, 0x11, 0x00, 0x04, 0x20, 0x00, 
	0x00, 0x05, 0x14, 0x55, 0x51, 0x22, 0x40, 0x33, 
	0x20, 0x00, 0x23, 0x31, 0x20, 0x04, 0x44, 0x17, 
	0x00, 0x00, 0x02, 0x00, 0x33, 0x00, 0x01, 0x00, 
	0x11, 0x01, 0x00, 0x33, 0x00, 0x10, 0x01, 0x00, 
	0x33, 0x30, 0x11, 0x13, 0x01, 0x00, 0x00, 0x00, 
	0x00, 0x10, 0x00, 0x32, 0x00, 0x00, 0x10, 0x07, 
	
};

ALIGNED8 u8 ow2_eq_kd_eq_hasira5_001_pal_rgba16[] = {
	0xef, 0x33, 0xbd, 0x25, 0x9c, 0x1d, 0xd6, 0x6d, 
	0x62, 0x0f, 0x7b, 0x15, 0x41, 0x49, 0x28, 0x85, 
	0x00, 0x01, 0x48, 0xc7, 0x79, 0x8b, 0x89, 0x09, 
	0x68, 0xc7, 0xb3, 0x57, 0x5b, 0x4b, 0x84, 0x93, 
	
};

ALIGNED8 u8 ow2_eq_kd_eq_other4_001_ci4[] = {
	0x00, 0x00, 0x00, 0x00, 0x01, 0x11, 0x11, 0x11, 
	0x22, 0x22, 0x22, 0x22, 0x22, 0x22, 0x22, 0x22, 
	0x22, 0x22, 0x11, 0x11, 0x11, 0x11, 0x11, 0x11, 
	0x11, 0x11, 0x11, 0x10, 0x00, 0x00, 0x00, 0x00, 
	0x00, 0x00, 0x00, 0x00, 0x03, 0x33, 0x33, 0x33, 
	0x33, 0x33, 0x34, 0x33, 0x33, 0x34, 0x33, 0x33, 
	0x34, 0x34, 0x43, 0x34, 0x33, 0x33, 0x43, 0x33, 
	0x33, 0x33, 0x33, 0x30, 0x00, 0x00, 0x00, 0x00, 
	0x00, 0x00, 0x00, 0x00, 0x04, 0x44, 0x56, 0x66, 
	0x74, 0x47, 0x66, 0x44, 0x66, 0x66, 0x47, 0x47, 
	0x47, 0x44, 0x66, 0x46, 0x44, 0x44, 0x66, 0x64, 
	0x44, 0x44, 0x44, 0x40, 0x00, 0x00, 0x00, 0x00, 
	0x00, 0x00, 0x00, 0x00, 0x04, 0x44, 0x66, 0x61, 
	0x47, 0x77, 0x66, 0x66, 0x66, 0x66, 0x77, 0x77, 
	0x77, 0x77, 0x61, 0x16, 0x44, 0x44, 0x61, 0x66, 
	0x66, 0x44, 0x44, 0x40, 0x00, 0x00, 0x00, 0x00, 
	0x00, 0x00, 0x00, 0x00, 0x06, 0x66, 0x46, 0x66, 
	0x66, 0x76, 0x76, 0x61, 0x66, 0x17, 0x76, 0x67, 
	0x77, 0x66, 0x77, 0x67, 0x76, 0x66, 0x66, 0x67, 
	0x64, 0x46, 0x66, 0x60, 0x00, 0x00, 0x00, 0x00, 
	0x00, 0x00, 0x00, 0x00, 0x06, 0x66, 0x66, 0x66, 
	0x76, 0x76, 0x66, 0x66, 0x67, 0x67, 0x67, 0x77, 
	0x61, 0x66, 0x77, 0x77, 0x66, 0x66, 0x66, 0x77, 
	0x66, 0x66, 0x66, 0x60, 0x00, 0x00, 0x00, 0x00, 
	0x00, 0x00, 0x00, 0x00, 0x06, 0x66, 0x66, 0x67, 
	0x66, 0x16, 0x67, 0x66, 0x76, 0x67, 0x61, 0x67, 
	0x77, 0x66, 0x76, 0x66, 0x76, 0x76, 0x46, 0x66, 
	0x66, 0x66, 0x66, 0x60, 0x00, 0x00, 0x00, 0x00, 
	0x00, 0x00, 0x00, 0x00, 0x01, 0x66, 0x47, 0x77, 
	0x67, 0x66, 0x66, 0x66, 0x76, 0x71, 0x71, 0x77, 
	0x16, 0x67, 0x67, 0x76, 0x77, 0x66, 0x46, 0x46, 
	0x76, 0x66, 0x66, 0x60, 0x00, 0x00, 0x00, 0x00, 
	0x00, 0x00, 0x00, 0x00, 0x07, 0x57, 0x44, 0x76, 
	0x66, 0x66, 0x46, 0x66, 0x67, 0x77, 0x77, 0x76, 
	0x67, 0x67, 0x66, 0x76, 0x47, 0x46, 0x64, 0x66, 
	0x66, 0x64, 0x77, 0x70, 0x00, 0x00, 0x00, 0x00, 
	0x00, 0x00, 0x00, 0x00, 0x07, 0x77, 0x64, 0x76, 
	0x66, 0x66, 0x64, 0x47, 0x66, 0x77, 0x16, 0x67, 
	0x76, 0x76, 0x67, 0x76, 0x67, 0x46, 0x66, 0x44, 
	0x66, 0x66, 0x77, 0x70, 0x00, 0x00, 0x00, 0x00, 
	0x00, 0x00, 0x00, 0x00, 0x07, 0x77, 0x64, 0x64, 
	0x66, 0x66, 0x67, 0x77, 0x67, 0x67, 0x76, 0x61, 
	0x77, 0x77, 0x66, 0x66, 0x64, 0x64, 0x66, 0x66, 
	0x66, 0x66, 0x77, 0x70, 0x00, 0x00, 0x00, 0x00, 
	0x00, 0x00, 0x00, 0x00, 0x05, 0x55, 0x44, 0x44, 
	0x66, 0x44, 0x47, 0x64, 0x65, 0x55, 0x76, 0x66, 
	0x67, 0x67, 0x44, 0x76, 0x44, 0x44, 0x44, 0x66, 
	0x64, 0x44, 0x44, 0x40, 0x00, 0x00, 0x00, 0x00, 
	0x00, 0x00, 0x00, 0x00, 0x01, 0x11, 0x11, 0x11, 
	0x11, 0x11, 0x71, 0x11, 0x11, 0x21, 0x12, 0x21, 
	0x22, 0x28, 0x11, 0x22, 0x21, 0x11, 0x12, 0x12, 
	0x11, 0x11, 0x11, 0x10, 0x00, 0x00, 0x00, 0x00, 
	0x00, 0x00, 0x00, 0x00, 0x00, 0x00, 0x99, 0x99, 
	0x98, 0x89, 0x99, 0x98, 0x90, 0x00, 0x90, 0x00, 
	0x90, 0x00, 0x00, 0x00, 0x99, 0x88, 0x89, 0x99, 
	0x99, 0x98, 0x90, 0x00, 0x00, 0x00, 0x00, 0x00, 
	0x00, 0x00, 0x00, 0x00, 0x00, 0x99, 0x82, 0x28, 
	0x91, 0x28, 0x18, 0x88, 0x22, 0x90, 0x00, 0x00, 
	0x00, 0x00, 0x00, 0x12, 0x88, 0x88, 0x98, 0x28, 
	0x22, 0x21, 0x10, 0x00, 0x00, 0x00, 0x00, 0x00, 
	0x00, 0x00, 0x00, 0x00, 0x00, 0x92, 0x98, 0x88, 
	0x22, 0x18, 0x19, 0x89, 0x92, 0x00, 0x00, 0x00, 
	0x00, 0x00, 0x00, 0x12, 0x88, 0x12, 0x88, 0x28, 
	0x12, 0x28, 0x29, 0x00, 0x00, 0x00, 0x00, 0x00, 
	0x00, 0x00, 0x00, 0x00, 0x00, 0x99, 0x22, 0x88, 
	0x22, 0x12, 0x89, 0x92, 0x91, 0x90, 0x00, 0x00, 
	0x00, 0x00, 0x00, 0x22, 0x88, 0x29, 0x88, 0x22, 
	0x22, 0x88, 0x22, 0x00, 0x00, 0x00, 0x00, 0x00, 
	0x00, 0x00, 0x00, 0x00, 0x00, 0x99, 0x82, 0x82, 
	0x22, 0x12, 0x88, 0x98, 0x22, 0x90, 0x00, 0x00, 
	0x00, 0x00, 0x09, 0x29, 0x82, 0x88, 0x88, 0x22, 
	0x28, 0x22, 0x22, 0x90, 0x00, 0x00, 0x00, 0x00, 
	0x00, 0x00, 0x00, 0x00, 0x00, 0x22, 0x92, 0x88, 
	0x22, 0x22, 0x82, 0x29, 0x99, 0x00, 0x00, 0x00, 
	0x00, 0x00, 0x09, 0x20, 0x98, 0x88, 0x28, 0x11, 
	0x22, 0x28, 0x22, 0x90, 0x00, 0x00, 0x00, 0x00, 
	0x00, 0x00, 0x00, 0x00, 0x09, 0x22, 0x92, 0x88, 
	0x22, 0x88, 0x00, 0x00, 0x09, 0x00, 0x00, 0x00, 
	0x00, 0x00, 0x09, 0x99, 0x99, 0x89, 0x88, 0x22, 
	0x21, 0x22, 0x12, 0x90, 0x00, 0x00, 0x00, 0x00, 
	0x00, 0x00, 0x00, 0x00, 0x08, 0x2a, 0x82, 0x22, 
	0x22, 0x29, 0x99, 0x99, 0x00, 0x00, 0x00, 0x00, 
	0x00, 0x00, 0x00, 0x09, 0x88, 0x88, 0x88, 0x88, 
	0x82, 0x88, 0x28, 0x20, 0x00, 0x00, 0x00, 0x00, 
	0x00, 0x00, 0x00, 0x00, 0x02, 0x28, 0x88, 0x22, 
	0x12, 0x99, 0x22, 0x22, 0x22, 0x22, 0x20, 0x02, 
	0x11, 0x11, 0x77, 0x77, 0x11, 0x11, 0x88, 0x88, 
	0x88, 0x71, 0x22, 0x80, 0x00, 0x00, 0x00, 0x00, 
	0x00, 0x00, 0x00, 0x00, 0x02, 0x80, 0x98, 0x22, 
	0x29, 0x97, 0x44, 0x44, 0x66, 0x33, 0x42, 0x24, 
	0x66, 0x66, 0x44, 0x44, 0x34, 0x34, 0x18, 0x88, 
	0x22, 0x28, 0x92, 0x29, 0x00, 0x00, 0x00, 0x00, 
	0x00, 0x00, 0x00, 0x00, 0x88, 0x88, 0x82, 0x88, 
	0x29, 0x97, 0x44, 0x77, 0x66, 0x66, 0x47, 0x77, 
	0x61, 0x16, 0x47, 0x77, 0x44, 0x43, 0x68, 0x88, 
	0x88, 0x88, 0x99, 0x29, 0x00, 0x00, 0x00, 0x00, 
	0x00, 0x00, 0x00, 0x00, 0x88, 0x29, 0x28, 0x82, 
	0x80, 0x81, 0x44, 0x66, 0x66, 0x66, 0x66, 0x66, 
	0x44, 0x44, 0x44, 0x44, 0x66, 0x66, 0x42, 0x99, 
	0x88, 0x88, 0x18, 0x88, 0x00, 0x00, 0x00, 0x00, 
	0x00, 0x00, 0x00, 0x00, 0x89, 0x88, 0x18, 0x98, 
	0x00, 0x17, 0x44, 0x44, 0x36, 0xbb, 0xbb, 0xbb, 
	0xbb, 0x44, 0x44, 0x4b, 0xb3, 0x66, 0x47, 0x99, 
	0x88, 0x28, 0x12, 0x82, 0x00, 0x00, 0x00, 0x00, 
	0x00, 0x00, 0x00, 0x00, 0x88, 0x82, 0x22, 0x89, 
	0x01, 0x77, 0x64, 0x44, 0x6c, 0xbb, 0xbb, 0xbb, 
	0xbb, 0xc4, 0x44, 0xcb, 0xbc, 0x66, 0x74, 0x29, 
	0x88, 0x81, 0x88, 0x22, 0x00, 0x00, 0x00, 0x00, 
	0x00, 0x00, 0x00, 0x00, 0x88, 0x88, 0x18, 0x89, 
	0x01, 0x77, 0x64, 0x64, 0x6c, 0xbb, 0xbb, 0xba, 
	0x2b, 0xbc, 0xcc, 0xcb, 0xbb, 0x36, 0x74, 0x79, 
	0x88, 0x82, 0x22, 0x72, 0x00, 0x00, 0x00, 0x00, 
	0x00, 0x00, 0x00, 0x09, 0x22, 0x28, 0x89, 0x90, 
	0x21, 0x47, 0x63, 0x43, 0x3b, 0xbb, 0xbb, 0xbd, 
	0xdb, 0xbb, 0xee, 0xce, 0xbb, 0xc6, 0x64, 0x42, 
	0x88, 0x82, 0x22, 0x12, 0x90, 0x00, 0x00, 0x00, 
	0x00, 0x00, 0x00, 0x09, 0x82, 0x88, 0x09, 0x00, 
	0x27, 0x41, 0x43, 0x36, 0x3b, 0xbb, 0xbb, 0xbd, 
	0xdb, 0xbb, 0xee, 0xee, 0xbb, 0xb3, 0x66, 0x46, 
	0x88, 0x22, 0x28, 0x21, 0x20, 0x00, 0x00, 0x00, 
	0x00, 0x00, 0x00, 0x02, 0x88, 0x82, 0x99, 0x08, 
	0x17, 0x71, 0x33, 0x43, 0xeb, 0xbb, 0xbb, 0xbd, 
	0xdb, 0xbb, 0xeb, 0xbe, 0xbb, 0xbc, 0x66, 0x44, 
	0x28, 0x22, 0x28, 0x21, 0x20, 0x00, 0x00, 0x00, 
	0x00, 0x00, 0x00, 0x92, 0x28, 0x82, 0x90, 0x02, 
	0x74, 0x77, 0x64, 0x33, 0xbb, 0xbb, 0xbb, 0xbd, 
	0xdb, 0xbb, 0xeb, 0xbb, 0xbb, 0xbb, 0x46, 0x44, 
	0x18, 0x82, 0x22, 0x82, 0x20, 0x00, 0x00, 0x00, 
	0x00, 0x00, 0x00, 0x99, 0x89, 0x98, 0x00, 0x81, 
	0x44, 0x44, 0x73, 0x3c, 0xbb, 0xbe, 0xbb, 0xba, 
	0xdb, 0xbb, 0xbb, 0xbb, 0xbb, 0xbb, 0xc4, 0x44, 
	0x48, 0x88, 0x82, 0x82, 0x19, 0x00, 0x00, 0x00, 
	0x00, 0x00, 0x00, 0x89, 0x88, 0x89, 0x00, 0x86, 
	0x44, 0x3c, 0xbb, 0xbb, 0xbb, 0xbe, 0xbb, 0xba, 
	0xdb, 0xbb, 0xbb, 0xbb, 0xbb, 0xbb, 0xb3, 0x44, 
	0x47, 0x88, 0x22, 0x22, 0x22, 0x00, 0x00, 0x00, 
	0x00, 0x00, 0x00, 0x28, 0x82, 0x89, 0x08, 0x16, 
	0x44, 0xbb, 0xbb, 0xbb, 0xbe, 0xeb, 0xbb, 0xba, 
	0xdb, 0xbb, 0xeb, 0xbb, 0xbb, 0xbb, 0xbc, 0x44, 
	0x44, 0x88, 0x88, 0x22, 0x11, 0x00, 0x00, 0x00, 
	0x00, 0x00, 0x00, 0x28, 0x98, 0x89, 0x08, 0x66, 
	0x43, 0xbb, 0xbb, 0xbb, 0xbb, 0xbb, 0xbb, 0xba, 
	0xdb, 0x3b, 0x5e, 0xbb, 0xbb, 0xbb, 0xbb, 0x44, 
	0x44, 0x78, 0x88, 0x22, 0x11, 0x00, 0x00, 0x00, 
	0x00, 0x00, 0x00, 0x29, 0x99, 0x80, 0x81, 0x66, 
	0x3e, 0xbb, 0xbb, 0xbb, 0xbb, 0xbb, 0xbe, 0xbc, 
	0xcb, 0x33, 0x3c, 0xce, 0xbb, 0xbb, 0xbb, 0xc4, 
	0x44, 0x42, 0x92, 0x12, 0x22, 0x00, 0x00, 0x00, 
	0x00, 0x00, 0x09, 0x28, 0x99, 0x90, 0x86, 0x66, 
	0x3b, 0xbb, 0xbb, 0xbb, 0xeb, 0xbb, 0xbb, 0xbb, 
	0xbb, 0x35, 0x55, 0x3e, 0xbb, 0xbb, 0xbb, 0xb4, 
	0x66, 0x47, 0x99, 0x19, 0x97, 0x00, 0x00, 0x00, 
	0x00, 0x00, 0x09, 0x88, 0x80, 0x09, 0x66, 0x66, 
	0xcb, 0xbe, 0x3b, 0xbb, 0xbe, 0xeb, 0xbb, 0xbb, 
	0xbb, 0x35, 0x55, 0x3c, 0xbb, 0xbb, 0xbb, 0xcc, 
	0x66, 0x46, 0x90, 0x99, 0x09, 0x00, 0x00, 0x00, 
	0x00, 0x00, 0x09, 0x00, 0x00, 0x08, 0x46, 0x66, 
	0xbb, 0xbe, 0xbb, 0xbb, 0xbb, 0xbb, 0xbb, 0xbe, 
	0xc5, 0x55, 0x35, 0x3e, 0xbb, 0xbb, 0xbc, 0xcc, 
	0x46, 0x44, 0x10, 0x00, 0x00, 0x00, 0x00, 0x00, 
	0x00, 0x00, 0x00, 0x00, 0x00, 0x01, 0x36, 0x63, 
	0xbb, 0xbb, 0xbb, 0xbb, 0xbb, 0xbb, 0xbb, 0xbd, 
	0xa5, 0x55, 0x55, 0x5e, 0xbb, 0xbb, 0xbb, 0xcc, 
	0xc4, 0x44, 0x60, 0x00, 0x00, 0x00, 0x00, 0x00, 
	0x00, 0x00, 0x02, 0x22, 0x11, 0x14, 0x66, 0x3e, 
	0xbb, 0xeb, 0xbb, 0xbb, 0xbb, 0xbb, 0xbb, 0xbd, 
	0xac, 0x55, 0x55, 0xce, 0xbe, 0xeb, 0xbb, 0xee, 
	0xb4, 0x44, 0x31, 0x11, 0x22, 0x20, 0x00, 0x00, 
	0x00, 0x00, 0x24, 0x66, 0x34, 0x33, 0x66, 0xce, 
	0xee, 0xeb, 0xbb, 0xbb, 0xbe, 0xbb, 0xbb, 0xbd, 
	0xae, 0x55, 0x2c, 0xee, 0xbc, 0xbb, 0xbb, 0xbb, 
	0xbc, 0x44, 0x66, 0x63, 0x47, 0x47, 0x00, 0x00, 
	0x00, 0x00, 0x66, 0x66, 0x44, 0x44, 0x66, 0xee, 
	0xee, 0xbc, 0xeb, 0xbb, 0xbe, 0xbb, 0xbb, 0xbd, 
	0xae, 0xcc, 0xee, 0xee, 0xee, 0xbb, 0xbb, 0xbb, 
	0xbb, 0x44, 0x66, 0x66, 0x44, 0x47, 0x00, 0x00, 
	0x00, 0x00, 0x44, 0x76, 0x67, 0x77, 0x66, 0xbb, 
	0xee, 0xeb, 0xbb, 0xbb, 0xbb, 0xbb, 0xbb, 0xbb, 
	0xeb, 0xbb, 0xbb, 0xbe, 0xbb, 0xcc, 0xbb, 0xbb, 
	0xbb, 0x44, 0x46, 0x46, 0x46, 0x64, 0x00, 0x00, 
	0x00, 0x00, 0x46, 0x66, 0x66, 0x67, 0x66, 0xbb, 
	0xbe, 0xeb, 0xbf, 0xbb, 0xbb, 0xbb, 0xbb, 0xbb, 
	0xbb, 0xbb, 0xbe, 0xbb, 0xbb, 0x55, 0xeb, 0xbb, 
	0xbb, 0x44, 0x66, 0x46, 0x46, 0x64, 0x00, 0x00, 
	0x00, 0x09, 0x66, 0x66, 0x67, 0x66, 0x66, 0x3c, 
	0xbb, 0xbb, 0xbf, 0xff, 0xbb, 0xbb, 0xbb, 0xbb, 
	0xbe, 0xbb, 0xbb, 0xbb, 0xbb, 0xcc, 0xbb, 0xbb, 
	0xbb, 0x44, 0x66, 0x46, 0x44, 0x44, 0x90, 0x00, 
	0x00, 0x02, 0x46, 0x66, 0x67, 0x66, 0x66, 0x6c, 
	0xcb, 0xee, 0xbb, 0xbf, 0xbb, 0xbb, 0xbb, 0xbb, 
	0xeb, 0xbb, 0xbb, 0xbb, 0xbb, 0xbb, 0xbb, 0xbb, 
	0xbb, 0x44, 0x66, 0x44, 0x44, 0x44, 0x10, 0x00, 
	0x00, 0x01, 0x67, 0x67, 0x66, 0x76, 0x66, 0x6c, 
	0xeb, 0xbb, 0xbb, 0xbb, 0xbb, 0xbe, 0xbe, 0xbb, 
	0xbb, 0xbb, 0xbb, 0xbb, 0xbb, 0xbb, 0xeb, 0xbb, 
	0xbb, 0x44, 0x64, 0x44, 0x44, 0x44, 0x70, 0x00, 
	0x00, 0x06, 0x67, 0x66, 0x67, 0x76, 0x66, 0x33, 
	0xeb, 0xbb, 0xbb, 0xbb, 0xbb, 0xbe, 0xbe, 0xeb, 
	0xbb, 0xbb, 0xbb, 0xbb, 0xbb, 0xbb, 0xbb, 0xbb, 
	0xbb, 0x44, 0x44, 0x44, 0x44, 0x44, 0x40, 0x00, 
	0x00, 0x06, 0x66, 0x64, 0x66, 0x76, 0x66, 0x3b, 
	0xbe, 0xbb, 0xbb, 0xbb, 0xbb, 0xbb, 0xbe, 0xcb, 
	0xeb, 0xbb, 0xbe, 0xbe, 0xeb, 0xbe, 0xbb, 0xbb, 
	0xbb, 0x44, 0x44, 0x44, 0x44, 0x64, 0x40, 0x00, 
	0x00, 0x96, 0x76, 0x64, 0x76, 0x76, 0x66, 0xbb, 
	0xbb, 0xbb, 0xbb, 0xbb, 0xbb, 0xbb, 0xbe, 0xcb, 
	0xbb, 0xbb, 0xbb, 0xbb, 0xeb, 0xbb, 0xbb, 0xbb, 
	0xbb, 0x44, 0x44, 0x64, 0x44, 0x66, 0x49, 0x00, 
	0x00, 0x16, 0x66, 0x46, 0x67, 0x67, 0x66, 0xcc, 
	0xeb, 0xbb, 0xbb, 0xeb, 0xbf, 0xeb, 0xbb, 0xcb, 
	0xcc, 0xbb, 0xfb, 0xfe, 0xbb, 0xbb, 0xbf, 0xff, 
	0xbb, 0x44, 0x64, 0x67, 0x46, 0x67, 0x41, 0x00, 
	0x00, 0x16, 0x66, 0x46, 0x67, 0x66, 0x66, 0xcb, 
	0xbb, 0xbb, 0xeb, 0xfb, 0xbb, 0xfb, 0xbc, 0xcb, 
	0x4c, 0xbb, 0xbf, 0xfe, 0xbf, 0xbb, 0xbf, 0xff, 
	0xbb, 0x44, 0x46, 0x46, 0x44, 0x47, 0x44, 0x00, 
	0x00, 0x66, 0x76, 0x66, 0x66, 0x64, 0x66, 0xcb, 
	0xbb, 0xbb, 0xbf, 0xfb, 0xff, 0xbb, 0xbc, 0xc5, 
	0xdd, 0xbb, 0xff, 0xff, 0xbb, 0xbb, 0xbf, 0xbf, 
	0xbb, 0x44, 0x46, 0x64, 0x44, 0x46, 0x43, 0x00, 
	0x09, 0x66, 0x76, 0x46, 0x46, 0x67, 0x66, 0x3b, 
	0xee, 0xbb, 0xfb, 0xbb, 0xfb, 0xfb, 0xbc, 0xcd, 
	0xdd, 0x4b, 0xff, 0xbf, 0xbb, 0xfb, 0xff, 0xfb, 
	0xbb, 0x44, 0x46, 0x44, 0x46, 0x46, 0x43, 0x00, 
	0x00, 0x66, 0x66, 0x66, 0x66, 0x66, 0x44, 0xef, 
	0xbb, 0xbf, 0xbb, 0xbb, 0xbb, 0xbb, 0xe3, 0x5a, 
	0xaa, 0xa3, 0xbb, 0xbb, 0xeb, 0xfb, 0xff, 0xff, 
	0xff, 0x66, 0x66, 0x66, 0x44, 0x44, 0x6c, 0x00, 
	0x06, 0xbb, 0xbb, 0xbb, 0xbb, 0xbb, 0xff, 0xff, 
	0xbb, 0xbb, 0xbb, 0xbb, 0xbb, 0xbb, 0xe5, 0xaa, 
	0xaa, 0xaa, 0xbb, 0xbb, 0xeb, 0xff, 0xfb, 0xff, 
	0xff, 0xff, 0xcc, 0xcc, 0xee, 0xeb, 0xcb, 0x60, 
	0x0c, 0xbb, 0xbb, 0xbb, 0xbb, 0xbb, 0xff, 0xff, 
	0xbb, 0xbf, 0xff, 0xbb, 0xbb, 0xbb, 0x3a, 0xaa, 
	0xaa, 0xaa, 0xdb, 0xbb, 0xeb, 0xbf, 0xff, 0xff, 
	0xff, 0xff, 0xcc, 0xcc, 0xbb, 0xbb, 0xbb, 0xc0, 
	0x0c, 0xbb, 0xbb, 0xbb, 0xbb, 0xbb, 0xff, 0xff, 
	0xbb, 0xff, 0xff, 0xbf, 0xbb, 0xec, 0xaa, 0xaa, 
	0xda, 0xaa, 0xdc, 0xbc, 0xee, 0xbf, 0xff, 0xff, 
	0xff, 0xff, 0xee, 0x3e, 0xbb, 0xbb, 0xbb, 0xc0, 
	0x9c, 0xbb, 0xbb, 0xbb, 0xff, 0xff, 0xbb, 0xbb, 
	0xbb, 0xbb, 0xff, 0xff, 0xbb, 0xb3, 0x11, 0x11, 
	0x11, 0x11, 0x11, 0xcc, 0xcc, 0xff, 0xbb, 0xbb, 
	0xbb, 0xbb, 0xcc, 0x33, 0xbb, 0xbb, 0xee, 0xe9, 
	0x9c, 0xbb, 0xbb, 0xcb, 0xff, 0xff, 0xbb, 0xbb, 
	0xbb, 0xbb, 0xff, 0xff, 0xcc, 0xcc, 0xe4, 0x13, 
	0xbb, 0xcc, 0xc3, 0xc3, 0x4c, 0xff, 0xbb, 0xbb, 
	0xbc, 0xc4, 0x33, 0x33, 0x3b, 0xbb, 0xee, 0xe9, 
	0x66, 0xcc, 0xcc, 0xcc, 0xcc, 0xcc, 0xcc, 0xcc, 
	0xcc, 0xcc, 0xcc, 0xc3, 0x33, 0xc3, 0x34, 0x44, 
	0x4c, 0x44, 0x44, 0x34, 0x44, 0x44, 0xcc, 0xcc, 
	0xcc, 0xc4, 0xc3, 0x33, 0x33, 0x33, 0x44, 0x49, 
	0x96, 0x66, 0x11, 0x11, 0x11, 0x11, 0x11, 0x11, 
	0x11, 0x11, 0x11, 0x11, 0x77, 0x77, 0x11, 0x11, 
	0x11, 0x11, 0x11, 0x11, 0x11, 0x11, 0x11, 0x11, 
	0x11, 0x11, 0x99, 0x99, 0x99, 0x99, 0x99, 0x99, 
	
};

ALIGNED8 u8 ow2_eq_kd_eq_other4_001_pal_rgba16[] = {
	0x00, 0x01, 0x49, 0x4b, 0x41, 0x07, 0xa4, 0x1f, 
	0x7a, 0xd5, 0x82, 0xd3, 0x6a, 0x51, 0x59, 0xcf, 
	0x28, 0x83, 0x20, 0x83, 0x68, 0x87, 0xf7, 0x37, 
	0xbd, 0x27, 0x78, 0xc9, 0xde, 0x71, 0xff, 0xff, 
	
};

ALIGNED8 u8 ow2_eq_kd_eq_other3_001_ci4[] = {
	0x00, 0x12, 0x13, 0x31, 0x34, 0x44, 0x44, 0x44, 
	0x44, 0x56, 0x66, 0x74, 0x44, 0x44, 0x44, 0x44, 
	0x44, 0x44, 0x44, 0x44, 0x45, 0x66, 0x67, 0x44, 
	0x44, 0x44, 0x44, 0x43, 0x17, 0x77, 0x77, 0x70, 
	0x89, 0xaa, 0x33, 0x5a, 0xb4, 0x44, 0x44, 0x44, 
	0x44, 0x06, 0x66, 0x74, 0x44, 0x44, 0x44, 0x44, 
	0x44, 0x44, 0x44, 0x44, 0x40, 0x66, 0x67, 0x44, 
	0x44, 0x44, 0x44, 0x4c, 0xa3, 0x77, 0x33, 0xac, 
	0xdb, 0x32, 0x3a, 0x32, 0xb4, 0x44, 0x44, 0x44, 
	0x4c, 0x56, 0x66, 0x75, 0x44, 0x44, 0x44, 0x44, 
	0x44, 0x44, 0x44, 0x44, 0xc5, 0x66, 0x67, 0x54, 
	0x44, 0x44, 0x44, 0x4a, 0x77, 0x77, 0x77, 0x7e, 
	0xe3, 0xa3, 0x8a, 0x37, 0xb4, 0x44, 0x44, 0x44, 
	0xbd, 0x56, 0x43, 0x6e, 0xc4, 0x44, 0x44, 0x44, 
	0x44, 0x44, 0x44, 0x4b, 0xd5, 0x64, 0x36, 0xec, 
	0x44, 0x44, 0x44, 0x4b, 0x21, 0xea, 0x77, 0x79, 
	0xc3, 0x23, 0xec, 0x16, 0xb4, 0x44, 0x44, 0x44, 
	0x88, 0x74, 0x44, 0x75, 0x84, 0x44, 0x44, 0x44, 
	0x44, 0x44, 0x44, 0x48, 0x87, 0x44, 0x47, 0x58, 
	0x44, 0x44, 0x44, 0x43, 0x21, 0x99, 0x77, 0x15, 
	0xea, 0x31, 0x93, 0x77, 0xb4, 0x44, 0x44, 0x4e, 
	0x81, 0x44, 0x44, 0x41, 0x8e, 0x44, 0x44, 0x44, 
	0x44, 0x44, 0x44, 0xe8, 0x14, 0x44, 0x44, 0x18, 
	0xe4, 0x44, 0x44, 0x43, 0x72, 0x23, 0x11, 0x7b, 
	0xea, 0x32, 0x66, 0x67, 0xb4, 0x44, 0x44, 0xcd, 
	0x57, 0x44, 0x44, 0x42, 0x3d, 0xe4, 0x44, 0x44, 
	0x44, 0x44, 0x4c, 0xd5, 0x74, 0x44, 0x44, 0x23, 
	0xde, 0x44, 0x44, 0x4b, 0x11, 0x66, 0x11, 0x7a, 
	0xc3, 0x32, 0x77, 0x76, 0x94, 0x44, 0x44, 0x8e, 
	0x74, 0x44, 0x44, 0x44, 0x1e, 0xdc, 0x44, 0x44, 
	0x44, 0x44, 0x48, 0xe7, 0x44, 0x44, 0x44, 0x41, 
	0xed, 0xc4, 0x44, 0x4b, 0x22, 0x11, 0x11, 0x1b, 
	0xa3, 0x33, 0x33, 0x27, 0x54, 0x44, 0x48, 0xe7, 
	0x44, 0x44, 0x44, 0x44, 0x41, 0x88, 0x44, 0x44, 
	0x44, 0x44, 0x8e, 0x74, 0x44, 0x44, 0x44, 0x44, 
	0x18, 0x84, 0x44, 0x4b, 0x11, 0x22, 0x12, 0x23, 
	0xc3, 0x33, 0x98, 0xe3, 0xc4, 0x44, 0xcd, 0x01, 
	0x44, 0x44, 0x44, 0x44, 0x42, 0x08, 0xe4, 0x44, 
	0x44, 0x4c, 0xd0, 0x14, 0x44, 0x44, 0x44, 0x44, 
	0x20, 0x8e, 0x44, 0x4b, 0x18, 0x88, 0x22, 0x2b, 
	0x93, 0x23, 0xed, 0x82, 0xc4, 0x4b, 0xd5, 0x74, 
	0x44, 0x44, 0x44, 0x44, 0x44, 0x19, 0xdc, 0x44, 
	0x44, 0xbd, 0x57, 0x44, 0x44, 0x44, 0x44, 0x44, 
	0x41, 0x9d, 0xc4, 0x4b, 0x18, 0x8d, 0x32, 0x2b, 
	0x93, 0x33, 0x98, 0x82, 0xb4, 0xad, 0xe6, 0x44, 
	0x44, 0x44, 0x44, 0x44, 0x44, 0x41, 0xed, 0x44, 
	0x4a, 0xde, 0x64, 0x44, 0x44, 0x44, 0x44, 0x44, 
	0x44, 0x1e, 0xd4, 0x4b, 0x28, 0x88, 0x32, 0x2a, 
	0xc3, 0x23, 0xc8, 0xe1, 0xa0, 0x5e, 0x74, 0x44, 
	0x44, 0x44, 0x44, 0x44, 0x44, 0x44, 0x3d, 0xfe, 
	0xee, 0x87, 0x44, 0x44, 0x44, 0x44, 0x44, 0x44, 
	0x44, 0x43, 0xd9, 0x0b, 0x1e, 0x8d, 0x32, 0x2a, 
	0xca, 0x22, 0xe8, 0x82, 0xa1, 0x17, 0x14, 0x44, 
	0x44, 0x44, 0x44, 0x44, 0x44, 0x44, 0x25, 0xfd, 
	0xe9, 0x71, 0x44, 0x44, 0x44, 0x44, 0x44, 0x44, 
	0x44, 0x42, 0x59, 0x1b, 0x1e, 0xdd, 0x33, 0x35, 
	0xca, 0x23, 0x8d, 0x82, 0xb7, 0x16, 0x44, 0x44, 
	0x44, 0x44, 0x44, 0x44, 0x44, 0x44, 0x47, 0x35, 
	0x97, 0x64, 0x44, 0x44, 0x44, 0x44, 0x44, 0x44, 
	0x44, 0x44, 0x72, 0x7b, 0x1e, 0x8d, 0xa2, 0x3a, 
	0xca, 0x33, 0x88, 0x82, 0x37, 0x77, 0x44, 0x44, 
	0x44, 0x44, 0x44, 0x44, 0x44, 0x44, 0x47, 0x66, 
	0x66, 0x74, 0x44, 0x44, 0x44, 0x44, 0x44, 0x44, 
	0x44, 0x44, 0x76, 0x6b, 0x18, 0x88, 0x32, 0x2b, 
	0xe3, 0x33, 0xe8, 0x82, 0xb6, 0x13, 0x44, 0x44, 
	0x44, 0x44, 0x44, 0x44, 0x44, 0x44, 0x4a, 0x66, 
	0x67, 0x34, 0x44, 0x44, 0x44, 0x44, 0x44, 0x44, 
	0x44, 0x44, 0xa6, 0x6a, 0x1d, 0xd8, 0x32, 0x2b, 
	0xc3, 0x23, 0x88, 0xe2, 0xb6, 0x39, 0x44, 0x44, 
	0x44, 0x44, 0x44, 0x44, 0x44, 0x44, 0x45, 0x07, 
	0x65, 0x94, 0x44, 0x44, 0x44, 0x44, 0x44, 0x44, 
	0x44, 0x44, 0x50, 0x7b, 0x2e, 0xee, 0x32, 0x3a, 
	0xca, 0x12, 0x33, 0x22, 0xb7, 0x1e, 0x94, 0x44, 
	0x44, 0x44, 0x44, 0x44, 0x44, 0x44, 0x45, 0x06, 
	0x60, 0x89, 0x44, 0x44, 0x44, 0x44, 0x44, 0x44, 
	0x44, 0x44, 0x50, 0x6a, 0x22, 0x33, 0x32, 0x2a, 
	0xc3, 0x23, 0x33, 0x22, 0xb4, 0x15, 0xf9, 0x44, 
	0x44, 0x44, 0x44, 0x44, 0x44, 0x44, 0x95, 0x74, 
	0x42, 0xcf, 0x94, 0x44, 0x44, 0x44, 0x44, 0x44, 
	0x44, 0x49, 0x57, 0x4b, 0x12, 0x33, 0x32, 0x2b, 
	0xc3, 0x23, 0x33, 0x31, 0xb4, 0x41, 0x8d, 0xa4, 
	0x44, 0x44, 0x44, 0x44, 0x44, 0x49, 0xe1, 0x34, 
	0x44, 0x18, 0xda, 0x44, 0x44, 0x44, 0x44, 0x44, 
	0x44, 0x9e, 0x13, 0x49, 0x12, 0x22, 0x33, 0x1a, 
	0xc3, 0x22, 0xdd, 0x83, 0xc4, 0x44, 0x78, 0x84, 
	0x44, 0x44, 0x44, 0x44, 0x44, 0xb8, 0x02, 0x44, 
	0x44, 0x47, 0x88, 0x44, 0x44, 0x44, 0x44, 0x44, 
	0x4b, 0x80, 0x24, 0x4b, 0x18, 0xee, 0x23, 0x2a, 
	0xc3, 0x22, 0xdd, 0xd2, 0x54, 0x44, 0x27, 0xde, 
	0x44, 0x44, 0x44, 0x44, 0x44, 0x89, 0x14, 0x44, 
	0x44, 0x42, 0x7d, 0xe4, 0x44, 0x44, 0x44, 0x44, 
	0x48, 0x91, 0x44, 0x4b, 0x78, 0x88, 0x13, 0x1a, 
	0xa3, 0x23, 0xdd, 0xd2, 0xb4, 0x44, 0x41, 0x5d, 
	0xb4, 0x44, 0x44, 0x44, 0x4d, 0x87, 0x44, 0x44, 
	0x44, 0x44, 0x15, 0xdb, 0x44, 0x44, 0x44, 0x44, 
	0xd8, 0x74, 0x44, 0x4b, 0x78, 0x88, 0x31, 0x2a, 
	0xc2, 0x23, 0xdd, 0xd2, 0xb4, 0x44, 0x44, 0x7e, 
	0x84, 0x44, 0x44, 0x44, 0xed, 0x03, 0x44, 0x44, 
	0x44, 0x44, 0x47, 0xe8, 0x44, 0x44, 0x44, 0x4e, 
	0xd0, 0x34, 0x44, 0x4b, 0x18, 0x8e, 0x23, 0x1b, 
	0x9a, 0x32, 0xd8, 0x82, 0xa4, 0x44, 0x44, 0xa1, 
	0x8e, 0x44, 0x44, 0x4c, 0xf9, 0x24, 0x44, 0x44, 
	0x44, 0x44, 0x4a, 0x18, 0xe4, 0x44, 0x44, 0xcf, 
	0x92, 0x44, 0x44, 0x4b, 0x18, 0x8e, 0x13, 0x2a, 
	0xa3, 0x22, 0x88, 0x81, 0xb4, 0x44, 0x44, 0x42, 
	0x3f, 0xc4, 0x44, 0xbf, 0xe7, 0x44, 0x44, 0x44, 
	0x44, 0x44, 0x44, 0x23, 0xfc, 0x44, 0x4b, 0xfe, 
	0x74, 0x44, 0x44, 0x4b, 0x78, 0x8e, 0x11, 0x2b, 
	0xca, 0x33, 0xdd, 0x82, 0xb4, 0x44, 0x44, 0x44, 
	0x7e, 0xda, 0x44, 0xfd, 0x74, 0x44, 0x44, 0x44, 
	0x44, 0x44, 0x44, 0x47, 0xed, 0xa4, 0x4f, 0xd7, 
	0x44, 0x44, 0x44, 0x43, 0x7e, 0x8e, 0x32, 0x1a, 
	0x93, 0x22, 0x88, 0x81, 0xb4, 0x44, 0x44, 0x44, 
	0x40, 0xdd, 0xff, 0xf0, 0x44, 0x44, 0x44, 0x44, 
	0x44, 0x44, 0x44, 0x44, 0x0d, 0xdf, 0xff, 0x04, 
	0x44, 0x44, 0x44, 0x43, 0x78, 0x8e, 0x33, 0x2a, 
	0xc2, 0x33, 0xdd, 0x81, 0xb4, 0x44, 0x44, 0x44, 
	0x43, 0x79, 0xce, 0x32, 0x44, 0x44, 0x44, 0x44, 
	0x44, 0x44, 0x44, 0x44, 0x37, 0x9c, 0xe3, 0x24, 
	0x44, 0x44, 0x44, 0x4b, 0x28, 0x89, 0x22, 0x2b, 
	0xc2, 0x22, 0x88, 0x82, 0xb4, 0x44, 0x44, 0x44, 
	0x44, 0x06, 0x66, 0x64, 0x44, 0x44, 0x44, 0x44, 
	0x44, 0x44, 0x44, 0x44, 0x40, 0x66, 0x66, 0x44, 
	0x44, 0x44, 0x44, 0x4a, 0x18, 0x8e, 0x13, 0x23, 
	0x93, 0x22, 0xe8, 0x81, 0xb4, 0x44, 0x44, 0x44, 
	0x44, 0x36, 0x66, 0x74, 0x44, 0x44, 0x44, 0x44, 
	0x44, 0x44, 0x44, 0x44, 0x43, 0x66, 0x67, 0x44, 
	0x44, 0x44, 0x44, 0x4b, 0x18, 0x8e, 0x13, 0x2a, 
	0xa2, 0x22, 0x9e, 0xd2, 0xb4, 0x44, 0x44, 0x44, 
	0x44, 0x56, 0x66, 0x74, 0x44, 0x44, 0x44, 0x44, 
	0x44, 0x44, 0x44, 0x44, 0x45, 0x66, 0x67, 0x44, 
	0x44, 0x44, 0x44, 0x4b, 0x18, 0x8e, 0x23, 0x23, 
	0xa2, 0x12, 0x9e, 0x82, 0xb4, 0x44, 0x44, 0x44, 
	0x44, 0x06, 0x66, 0x74, 0x44, 0x44, 0x44, 0x44, 
	0x44, 0x44, 0x44, 0x44, 0x40, 0x66, 0x67, 0x44, 
	0x44, 0x44, 0x44, 0x4b, 0x1d, 0x8e, 0x22, 0x23, 
	0xc3, 0x22, 0x9e, 0x82, 0xa4, 0x44, 0x44, 0x44, 
	0x4c, 0x56, 0x76, 0x75, 0x44, 0x44, 0x44, 0x44, 
	0x44, 0x44, 0x44, 0x44, 0xc5, 0x66, 0x67, 0x54, 
	0x44, 0x44, 0x44, 0x4b, 0x2d, 0xde, 0x32, 0x23, 
	0xc3, 0x22, 0xee, 0x81, 0xb4, 0x44, 0x44, 0x44, 
	0xbd, 0x56, 0x43, 0x6e, 0xc4, 0x44, 0x44, 0x44, 
	0x44, 0x44, 0x44, 0x4b, 0xd5, 0x64, 0x36, 0xec, 
	0x44, 0x44, 0x44, 0x45, 0x18, 0x8e, 0x32, 0x33, 
	0xc3, 0x22, 0xee, 0x81, 0x54, 0x44, 0x44, 0x44, 
	0x88, 0x74, 0x44, 0x75, 0x84, 0x44, 0x44, 0x44, 
	0x44, 0x44, 0x44, 0x48, 0x87, 0x44, 0x47, 0x58, 
	0x44, 0x44, 0x44, 0x45, 0x18, 0xd8, 0x22, 0x23, 
	0xc3, 0x23, 0xe8, 0x81, 0xb4, 0x44, 0x44, 0x4e, 
	0x81, 0x44, 0x44, 0x41, 0x8e, 0x44, 0x44, 0x44, 
	0x44, 0x44, 0x44, 0xe8, 0x14, 0x44, 0x44, 0x18, 
	0xe4, 0x44, 0x44, 0x4c, 0x38, 0x8e, 0x33, 0x23, 
	0x93, 0x33, 0x98, 0xd2, 0xb4, 0x44, 0x44, 0xcd, 
	0x57, 0x44, 0x44, 0x42, 0x3d, 0xe4, 0x44, 0x44, 
	0x44, 0x44, 0x4c, 0xd5, 0x74, 0x44, 0x44, 0x23, 
	0xde, 0x44, 0x44, 0x4c, 0x28, 0xdd, 0x32, 0x23, 
	0xa3, 0x33, 0xc8, 0xd2, 0xa4, 0x44, 0x44, 0x8e, 
	0x74, 0x44, 0x44, 0x44, 0x1e, 0xdc, 0x44, 0x44, 
	0x44, 0x44, 0x48, 0xe7, 0x44, 0x44, 0x44, 0x41, 
	0xed, 0xc4, 0x44, 0x49, 0x18, 0x88, 0x22, 0x33, 
	0xa3, 0x33, 0x98, 0x81, 0xb4, 0x44, 0x48, 0xe7, 
	0x44, 0x44, 0x44, 0x44, 0x41, 0x88, 0x44, 0x44, 
	0x44, 0x44, 0x8e, 0x74, 0x44, 0x44, 0x44, 0x44, 
	0x18, 0x84, 0x44, 0x4b, 0x28, 0x8d, 0x22, 0x2a, 
	0xa3, 0x03, 0xe8, 0xe7, 0xa4, 0x44, 0xcd, 0x01, 
	0x44, 0x44, 0x44, 0x44, 0x42, 0x08, 0xe4, 0x44, 
	0x44, 0x4c, 0xd0, 0x14, 0x44, 0x44, 0x44, 0x44, 
	0x20, 0x8e, 0x44, 0x4b, 0x28, 0x88, 0x21, 0x3a, 
	0xa3, 0x23, 0x8d, 0xe1, 0xa4, 0x4b, 0xd5, 0x74, 
	0x44, 0x44, 0x44, 0x44, 0x44, 0x19, 0xdc, 0x44, 
	0x44, 0xbd, 0x57, 0x44, 0x44, 0x44, 0x44, 0x44, 
	0x41, 0x9d, 0xc4, 0x4a, 0x18, 0x8e, 0x32, 0x2b, 
	0xa3, 0x33, 0x88, 0xe2, 0xb4, 0xad, 0xe6, 0x44, 
	0x44, 0x44, 0x44, 0x44, 0x44, 0x41, 0xed, 0x44, 
	0x4a, 0xde, 0x64, 0x44, 0x44, 0x44, 0x44, 0x44, 
	0x44, 0x1e, 0xd4, 0x4b, 0x1e, 0x8e, 0x33, 0x33, 
	0x93, 0x33, 0x33, 0x22, 0xb3, 0xe8, 0x74, 0x44, 
	0x44, 0x44, 0x44, 0x44, 0x44, 0x44, 0x3d, 0xfe, 
	0xee, 0x87, 0x44, 0x44, 0x44, 0x44, 0x44, 0x44, 
	0x44, 0x43, 0xde, 0x3b, 0x21, 0x23, 0x23, 0x33, 
	0xc3, 0x33, 0x13, 0x22, 0x30, 0xb7, 0x14, 0x44, 
	0x44, 0x44, 0x44, 0x44, 0x44, 0x44, 0x25, 0xfd, 
	0xe9, 0x71, 0x44, 0x44, 0x44, 0x44, 0x44, 0x44, 
	0x44, 0x42, 0x55, 0x7a, 0x12, 0x12, 0x22, 0x33, 
	0x93, 0x32, 0x22, 0x22, 0xa7, 0x76, 0x44, 0x44, 
	0x44, 0x44, 0x44, 0x44, 0x44, 0x44, 0x47, 0x35, 
	0x97, 0x64, 0x44, 0x44, 0x44, 0x44, 0x44, 0x44, 
	0x44, 0x44, 0x71, 0x0b, 0x12, 0x11, 0x22, 0x2a, 
	0xa2, 0x13, 0x8e, 0xc1, 0x36, 0x67, 0x44, 0x44, 
	0x44, 0x44, 0x44, 0x44, 0x44, 0x44, 0x47, 0x66, 
	0x66, 0x74, 0x44, 0x44, 0x44, 0x44, 0x44, 0x44, 
	0x44, 0x44, 0x76, 0x7b, 0x1e, 0xee, 0x23, 0x3a, 
	0xb2, 0x13, 0x8e, 0x81, 0xc6, 0x73, 0x44, 0x44, 
	0x44, 0x44, 0x44, 0x44, 0x44, 0x44, 0x4a, 0x66, 
	0x67, 0x34, 0x44, 0x44, 0x44, 0x44, 0x44, 0x44, 
	0x44, 0x44, 0xa6, 0x69, 0x28, 0x88, 0x12, 0x33, 
	0xc2, 0x21, 0x88, 0xe2, 0xb6, 0x59, 0x44, 0x44, 
	0x44, 0x44, 0x44, 0x44, 0x44, 0x44, 0x45, 0x07, 
	0x65, 0x94, 0x44, 0x44, 0x44, 0x44, 0x44, 0x44, 
	0x44, 0x44, 0x50, 0x79, 0x18, 0x88, 0x22, 0x23, 
	0xc2, 0x32, 0x88, 0x81, 0xb7, 0x08, 0x94, 0x44, 
	0x44, 0x44, 0x44, 0x44, 0x44, 0x44, 0x45, 0x06, 
	0x60, 0x89, 0x44, 0x44, 0x44, 0x44, 0x44, 0x44, 
	0x44, 0x44, 0x50, 0x6b, 0x28, 0xd8, 0x23, 0x3a, 
	0xca, 0x22, 0x88, 0x81, 0xb4, 0x2c, 0xf9, 0x44, 
	0x44, 0x44, 0x44, 0x44, 0x44, 0x44, 0x95, 0x74, 
	0x42, 0xcf, 0x94, 0x44, 0x44, 0x44, 0x44, 0x44, 
	0x44, 0x49, 0x57, 0x4b, 0x28, 0xe8, 0x23, 0x33, 
	0xca, 0x2a, 0xd8, 0x81, 0xb4, 0x41, 0x8d, 0xa4, 
	0x44, 0x44, 0x44, 0x44, 0x44, 0x49, 0xe1, 0x34, 
	0x44, 0x18, 0xda, 0x44, 0x44, 0x44, 0x44, 0x44, 
	0x44, 0x9e, 0x13, 0x4b, 0x18, 0xe8, 0x33, 0x3a, 
	0xa3, 0x13, 0xd8, 0x81, 0xa4, 0x44, 0x78, 0x84, 
	0x44, 0x44, 0x44, 0x44, 0x44, 0xb8, 0x02, 0x44, 
	0x44, 0x47, 0x88, 0x44, 0x44, 0x44, 0x44, 0x44, 
	0x4b, 0x80, 0x24, 0x4b, 0x18, 0x89, 0x22, 0x2b, 
	0x93, 0x22, 0x88, 0x82, 0xa4, 0x44, 0x27, 0xde, 
	0x44, 0x44, 0x44, 0x44, 0x44, 0x89, 0x14, 0x44, 
	0x44, 0x42, 0x7d, 0xe4, 0x44, 0x44, 0x44, 0x44, 
	0x48, 0x91, 0x44, 0x49, 0x1e, 0x8e, 0x12, 0x2a, 
	0x9a, 0x33, 0xe9, 0x91, 0xa4, 0x44, 0x41, 0x5d, 
	0xb4, 0x44, 0x44, 0x44, 0x4d, 0x87, 0x44, 0x44, 
	0x44, 0x44, 0x15, 0xdb, 0x44, 0x44, 0x44, 0x44, 
	0xd8, 0x74, 0x44, 0x4b, 0x1e, 0x88, 0x11, 0x2a, 
	0xca, 0x33, 0x33, 0x21, 0xa4, 0x44, 0x44, 0x7e, 
	0x84, 0x44, 0x44, 0x44, 0xed, 0x03, 0x44, 0x44, 
	0x44, 0x44, 0x47, 0xe8, 0x44, 0x44, 0x44, 0x4e, 
	0xd0, 0x34, 0x44, 0x4a, 0x12, 0x12, 0x12, 0x2a, 
	0xca, 0x23, 0x11, 0x17, 0xa4, 0x44, 0x44, 0xa1, 
	0x8e, 0x44, 0x44, 0x4c, 0xf9, 0x24, 0x44, 0x44, 
	0x44, 0x44, 0x4a, 0x18, 0xe4, 0x44, 0x44, 0xcf, 
	0x92, 0x44, 0x44, 0x4b, 0x11, 0x22, 0x21, 0x25, 
	0xeb, 0x30, 0x8b, 0x17, 0x34, 0x44, 0x44, 0x42, 
	0x3f, 0xc4, 0x44, 0xbf, 0xe7, 0x44, 0x44, 0x44, 
	0x44, 0x44, 0x44, 0x23, 0xfc, 0x44, 0x4b, 0xfe, 
	0x74, 0x44, 0x44, 0x45, 0x11, 0x8a, 0x23, 0x35, 
	0xeb, 0x32, 0xcb, 0x71, 0xb4, 0x44, 0x44, 0x44, 
	0x7e, 0xda, 0x44, 0xfd, 0x74, 0x44, 0x44, 0x44, 
	0x44, 0x44, 0x44, 0x47, 0xed, 0xa4, 0x4f, 0xd7, 
	0x44, 0x44, 0x44, 0x43, 0x12, 0xec, 0x71, 0x39, 
	0xc3, 0x22, 0x30, 0x11, 0xb4, 0x44, 0x44, 0x44, 
	0x40, 0xdd, 0xff, 0xf0, 0x44, 0x44, 0x44, 0x44, 
	0x44, 0x44, 0x44, 0x44, 0x0d, 0xdf, 0xff, 0x04, 
	0x44, 0x44, 0x44, 0x4b, 0x11, 0x21, 0x12, 0x39, 
	0xeb, 0x37, 0x77, 0x22, 0xb4, 0x44, 0x44, 0x44, 
	0x43, 0x79, 0xce, 0x32, 0x44, 0x44, 0x44, 0x44, 
	0x44, 0x44, 0x44, 0x44, 0x37, 0x9c, 0xe3, 0x24, 
	0x44, 0x44, 0x44, 0x4b, 0x21, 0x77, 0x13, 0x29, 
	0x8c, 0x31, 0x11, 0x2a, 0xb4, 0x44, 0x44, 0x44, 
	0x44, 0x06, 0x66, 0x64, 0x44, 0x44, 0x44, 0x44, 
	0x44, 0x44, 0x44, 0x44, 0x40, 0x66, 0x66, 0x44, 
	0x44, 0x44, 0x44, 0x4a, 0x22, 0x31, 0x33, 0x25, 
	0x01, 0x77, 0x77, 0x67, 0x74, 0x44, 0x44, 0x44, 
	0x44, 0x36, 0x66, 0x74, 0x44, 0x44, 0x44, 0x44, 
	0x44, 0x44, 0x44, 0x44, 0x43, 0x66, 0x67, 0x44, 
	0x44, 0x44, 0x44, 0x41, 0x66, 0x77, 0x77, 0x60, 
	
};

ALIGNED8 u8 ow2_eq_kd_eq_other3_001_pal_rgba16[] = {
	0x41, 0x49, 0x30, 0x85, 0x40, 0xc5, 0x49, 0x09, 
	0x00, 0x00, 0x62, 0x11, 0x00, 0x01, 0x20, 0x45, 
	0xbd, 0x25, 0x7a, 0xd5, 0x62, 0x0d, 0x69, 0xcf, 
	0x8a, 0xd3, 0xd6, 0x2b, 0x9b, 0xdb, 0xef, 0x33, 
	
};

ALIGNED8 u8 ow2_eq_kd_eq_gc021_ci4[] = {
	0x01, 0x11, 0x21, 0x11, 0x11, 0x11, 0x34, 0x44, 
	0x44, 0x10, 0x11, 0x11, 0x41, 0x11, 0x35, 0x64, 
	0x71, 0x10, 0x89, 0x55, 0x11, 0x11, 0xab, 0x41, 
	0x22, 0x22, 0xc1, 0x11, 0x4d, 0x41, 0x11, 0x19, 
	0x71, 0x22, 0xbc, 0x17, 0x71, 0x17, 0x77, 0x11, 
	0x12, 0x72, 0x21, 0x11, 0x11, 0x20, 0xe7, 0x11, 
	0x17, 0x77, 0x85, 0x57, 0x22, 0x70, 0x22, 0x12, 
	0x17, 0x71, 0x1b, 0x17, 0x77, 0x77, 0x77, 0x19, 
	0x71, 0x7c, 0xeb, 0x12, 0xb1, 0xe1, 0x72, 0x07, 
	0xc1, 0x90, 0x77, 0x11, 0x21, 0x0e, 0x91, 0x11, 
	0x71, 0x77, 0x89, 0x11, 0x91, 0x21, 0x71, 0xc1, 
	0x11, 0x17, 0x10, 0x17, 0xe7, 0x12, 0x71, 0x79, 
	0x01, 0x7b, 0xe1, 0x11, 0x17, 0x07, 0x17, 0x77, 
	0x0e, 0x7d, 0x71, 0x22, 0x1e, 0x77, 0xe1, 0x12, 
	0x11, 0x77, 0x59, 0x11, 0x02, 0x77, 0x17, 0x71, 
	0x11, 0x12, 0x22, 0x7e, 0x77, 0x10, 0x77, 0x7b, 
	0xc7, 0x07, 0x21, 0x11, 0x5d, 0x77, 0x77, 0x7e, 
	0xce, 0x05, 0x71, 0x7c, 0x77, 0x77, 0x01, 0x71, 
	0x21, 0x17, 0x95, 0x11, 0x17, 0x9e, 0xc7, 0x72, 
	0x1e, 0x27, 0x11, 0x71, 0x75, 0x97, 0x77, 0x09, 
	0x85, 0x55, 0x55, 0x55, 0x58, 0x89, 0x55, 0x55, 
	0x55, 0x88, 0x95, 0x58, 0x55, 0x55, 0x85, 0x55, 
	0x55, 0x55, 0x58, 0x95, 0x85, 0x85, 0x95, 0xb5, 
	0x55, 0x55, 0x55, 0x55, 0x58, 0x58, 0x55, 0x88, 
	0x96, 0xa9, 0xff, 0xff, 0x9f, 0x5a, 0x66, 0xf6, 
	0xaf, 0xbd, 0xbf, 0xfd, 0x69, 0x99, 0x8f, 0x6a, 
	0x56, 0xfc, 0x85, 0xcb, 0x5c, 0xb5, 0xa6, 0x56, 
	0xff, 0xab, 0x5a, 0x9a, 0x5f, 0x9a, 0x5f, 0xf5, 
	0xd6, 0xfd, 0x66, 0xfd, 0x5f, 0xf6, 0xd6, 0x6f, 
	0xfa, 0xaa, 0xf6, 0x66, 0x6a, 0xda, 0x5d, 0x6f, 
	0xfa, 0xff, 0xd5, 0x0f, 0x6d, 0xfb, 0xaf, 0x5a, 
	0x5d, 0xfd, 0xdb, 0xc5, 0x5a, 0xad, 0xa6, 0xf5, 
	0x5d, 0xf9, 0x66, 0x55, 0x9f, 0xa6, 0xd6, 0xff, 
	0xf6, 0xfa, 0xa6, 0xaf, 0x6d, 0xff, 0xbc, 0x6d, 
	0x6f, 0x66, 0xff, 0x9d, 0x6f, 0x56, 0x5a, 0x9a, 
	0x5f, 0xdf, 0x6a, 0xaa, 0xa9, 0xaf, 0x6a, 0xfa, 
	0x9d, 0x66, 0x6f, 0xa5, 0xcf, 0xaf, 0x6a, 0x66, 
	0xf6, 0x66, 0xf6, 0xff, 0xd9, 0xdf, 0x69, 0x3a, 
	0xdf, 0x6d, 0xd6, 0x5d, 0xdf, 0xcf, 0x66, 0xaa, 
	0xaa, 0xaf, 0x6f, 0xfa, 0xa5, 0xa5, 0xfa, 0x65, 
	0x6d, 0x66, 0xb6, 0xa3, 0xff, 0xff, 0xd6, 0xff, 
	0xff, 0xff, 0xff, 0xff, 0x63, 0xaf, 0xd6, 0x6f, 
	0xfa, 0xf6, 0xff, 0x5d, 0xd6, 0x90, 0x6d, 0xd5, 
	0xff, 0x6a, 0xfa, 0x65, 0x69, 0x95, 0xaa, 0xff, 
	0x6f, 0x6f, 0xaa, 0x5c, 0xfa, 0x5a, 0xff, 0xfa, 
	0xaa, 0xaf, 0xaa, 0xaf, 0xa5, 0xb5, 0x9f, 0xfa, 
	0xaa, 0xfa, 0xf6, 0xfd, 0x65, 0x55, 0xa8, 0x65, 
	0xa5, 0xfa, 0xa5, 0x55, 0xbb, 0x95, 0x95, 0xa5, 
	0x6d, 0x63, 0x60, 0xcd, 0xf7, 0xc0, 0xcd, 0x00, 
	0xee, 0x0c, 0xfc, 0xeb, 0x07, 0x75, 0x43, 0x6d, 
	0xbf, 0xc7, 0x07, 0x59, 0xdb, 0x05, 0x84, 0x3b, 
	0xbb, 0x10, 0xf5, 0x9b, 0xaa, 0xbb, 0x43, 0x66, 
	0xc1, 0x7c, 0x07, 0xe7, 0x71, 0x71, 0x71, 0x77, 
	0x77, 0x77, 0x07, 0x11, 0x71, 0x72, 0x1b, 0x03, 
	0x03, 0x16, 0x35, 0x50, 0x71, 0xb9, 0x51, 0xe7, 
	0x77, 0x11, 0xd9, 0x21, 0x00, 0x17, 0x71, 0x7a, 
	0xb1, 0x1b, 0x7e, 0xe7, 0x77, 0x2e, 0x71, 0x17, 
	0x77, 0x77, 0x77, 0x72, 0x77, 0x7e, 0x71, 0x09, 
	0xc3, 0x06, 0xd5, 0x47, 0x1e, 0x75, 0x71, 0x11, 
	0x71, 0x71, 0x77, 0x77, 0xe1, 0x12, 0x77, 0x1d, 
	0x11, 0x1c, 0x17, 0xb7, 0x77, 0x27, 0x17, 0x77, 
	0x7e, 0x77, 0x77, 0x71, 0x7c, 0x17, 0x00, 0xdf, 
	0xb0, 0x71, 0xa3, 0x65, 0x17, 0xeb, 0xb2, 0x17, 
	0x07, 0x01, 0x7e, 0x07, 0x9c, 0x17, 0x79, 0xeb, 
	0x11, 0x71, 0x17, 0x77, 0x77, 0x11, 0x71, 0x11, 
	0x17, 0x77, 0x71, 0x17, 0x77, 0x77, 0x71, 0x77, 
	0x79, 0x77, 0x77, 0x65, 0x11, 0x11, 0x27, 0xe0, 
	0x71, 0xe7, 0x77, 0xe7, 0x17, 0x77, 0x11, 0x10, 
	0x17, 0x17, 0x77, 0x17, 0x17, 0x71, 0x11, 0x77, 
	0x77, 0x71, 0x77, 0x11, 0x17, 0x77, 0xe7, 0x7e, 
	0x11, 0x17, 0x1e, 0x6a, 0x11, 0x7c, 0x17, 0x77, 
	0x7e, 0x17, 0x77, 0x77, 0x11, 0x77, 0x70, 0x10, 
	0x17, 0x10, 0x17, 0x17, 0x77, 0x11, 0x11, 0x11, 
	0x77, 0x77, 0x17, 0x17, 0xee, 0x11, 0x72, 0x7e, 
	0x71, 0x57, 0x77, 0xeb, 0x41, 0x17, 0x11, 0x77, 
	0x77, 0x77, 0x77, 0x07, 0x71, 0x07, 0x77, 0x1c, 
	0x11, 0x17, 0x77, 0xce, 0x77, 0x77, 0x71, 0x11, 
	0x77, 0x11, 0x77, 0x17, 0x17, 0x71, 0x77, 0x77, 
	0x75, 0x57, 0x1e, 0x77, 0xc2, 0x77, 0xc0, 0x71, 
	0x77, 0x11, 0x70, 0x71, 0x7e, 0xe7, 0x1c, 0xef, 
	0x41, 0x11, 0x17, 0x70, 0x71, 0x71, 0x11, 0x77, 
	0x77, 0x71, 0x17, 0x71, 0x77, 0x71, 0x07, 0x07, 
	0x09, 0xb4, 0xee, 0x77, 0x01, 0x07, 0x17, 0x71, 
	0x7e, 0x11, 0xe7, 0x77, 0x7f, 0x54, 0x11, 0x75, 
	0x11, 0xe1, 0x17, 0x7a, 0x71, 0x77, 0x11, 0x70, 
	0x17, 0x17, 0x11, 0x17, 0x71, 0x71, 0x77, 0x10, 
	0x17, 0x37, 0x17, 0x00, 0x07, 0xce, 0x17, 0x77, 
	0xe1, 0xe1, 0x77, 0xcc, 0xc4, 0x03, 0xeb, 0x79, 
	0x71, 0x7e, 0x15, 0x54, 0x77, 0x72, 0xe1, 0x71, 
	0x17, 0x71, 0x71, 0x11, 0x17, 0x77, 0x71, 0x17, 
	0x77, 0x77, 0x77, 0xe7, 0x07, 0xdd, 0x1e, 0x77, 
	0x10, 0x21, 0xe9, 0xee, 0xa5, 0x77, 0xa0, 0x05, 
	0x31, 0x12, 0x14, 0x3c, 0xe1, 0x17, 0x71, 0x11, 
	0x17, 0x77, 0x77, 0x11, 0x11, 0x77, 0x71, 0x1e, 
	0x1e, 0x07, 0xb7, 0x17, 0x52, 0x11, 0x77, 0x17, 
	0x77, 0xe7, 0x17, 0x77, 0xc7, 0x11, 0x1f, 0xd5, 
	0x97, 0x71, 0x7b, 0x5b, 0x27, 0x77, 0x21, 0x72, 
	0x11, 0x17, 0x91, 0x17, 0x17, 0x11, 0x77, 0xe7, 
	0x01, 0x11, 0x11, 0x77, 0x77, 0x21, 0x71, 0x77, 
	0x77, 0x11, 0x77, 0x77, 0xb7, 0x77, 0x71, 0xe5, 
	0xc7, 0x17, 0x71, 0xc4, 0x72, 0x11, 0x12, 0x11, 
	0x27, 0x21, 0x17, 0x11, 0x11, 0x17, 0x17, 0x11, 
	0x11, 0x77, 0x70, 0xcc, 0xc1, 0x11, 0x77, 0xe7, 
	0x77, 0x77, 0x70, 0x77, 0x77, 0x77, 0x77, 0x7f, 
	0xe7, 0x1e, 0x72, 0x21, 0x11, 0x71, 0x11, 0x12, 
	0x12, 0x12, 0x27, 0x17, 0x17, 0x71, 0x17, 0x77, 
	0x17, 0x27, 0x7e, 0x77, 0x77, 0x11, 0x77, 0x71, 
	0x77, 0x71, 0x17, 0xbe, 0x70, 0xe7, 0x71, 0x75, 
	0x77, 0x77, 0x71, 0x77, 0x77, 0x71, 0x71, 0x71, 
	0x12, 0x11, 0x17, 0x11, 0x11, 0x17, 0x17, 0x77, 
	0x77, 0x7b, 0x71, 0x77, 0x77, 0x77, 0x77, 0x77, 
	0x77, 0x11, 0x77, 0x77, 0x1e, 0x77, 0x77, 0x1f, 
	0x47, 0x7e, 0x77, 0x71, 0x10, 0x71, 0x71, 0x12, 
	0x11, 0x11, 0x11, 0x21, 0x21, 0x17, 0x17, 0x17, 
	0x11, 0x77, 0x75, 0x77, 0x7e, 0x77, 0x70, 0xe7, 
	0x71, 0x71, 0x00, 0xee, 0x77, 0x77, 0x70, 0xeb, 
	0x71, 0x77, 0x71, 0x71, 0x11, 0x17, 0x71, 0x17, 
	0x12, 0x11, 0x11, 0x17, 0x11, 0x17, 0x1e, 0x17, 
	0x77, 0x77, 0xe1, 0x77, 0x71, 0x77, 0x77, 0x77, 
	0x11, 0x77, 0xe7, 0x77, 0x17, 0xe7, 0x1e, 0x70, 
	0x77, 0x77, 0x71, 0x11, 0x71, 0x71, 0x71, 0x11, 
	0x71, 0x11, 0x11, 0x11, 0x11, 0x17, 0x77, 0x1e, 
	0x17, 0xe7, 0x77, 0xe7, 0x77, 0x1e, 0x07, 0x77, 
	0x71, 0x77, 0x77, 0x77, 0xbe, 0xa7, 0x77, 0x04, 
	0x07, 0x71, 0x71, 0x11, 0x71, 0x11, 0x71, 0x77, 
	0x11, 0x11, 0x17, 0x17, 0x17, 0x71, 0x77, 0x77, 
	0x17, 0xe7, 0x77, 0x71, 0x77, 0x7e, 0x77, 0x77, 
	0x17, 0xe1, 0x77, 0x77, 0xba, 0xf7, 0xb7, 0xea, 
	0x37, 0x71, 0x77, 0x11, 0x77, 0x17, 0x71, 0x77, 
	0x21, 0x21, 0x14, 0x11, 0x71, 0x17, 0x71, 0x17, 
	0x11, 0x71, 0x77, 0x77, 0x1e, 0x77, 0x77, 0xe7, 
	0x71, 0x77, 0x77, 0x70, 0xe7, 0xf7, 0x0e, 0x79, 
	0x4e, 0x17, 0x17, 0x71, 0x71, 0x71, 0x11, 0x11, 
	0x11, 0x11, 0x14, 0x11, 0x71, 0x11, 0x71, 0x77, 
	0xe1, 0x77, 0x77, 0x07, 0xe7, 0x77, 0x77, 0x17, 
	0x77, 0x11, 0x17, 0x77, 0x77, 0xa7, 0x77, 0x04, 
	0x41, 0x77, 0x71, 0x77, 0x77, 0x77, 0x11, 0x11, 
	0x71, 0x11, 0x11, 0x11, 0xe1, 0x71, 0x17, 0x11, 
	0x17, 0x77, 0x77, 0x7e, 0x77, 0x77, 0xe7, 0x17, 
	0x17, 0x77, 0x1c, 0x71, 0x7e, 0x77, 0x07, 0x7c, 
	0xb7, 0x11, 0x10, 0x77, 0x77, 0x11, 0x11, 0x11, 
	0x11, 0x11, 0x11, 0x11, 0x11, 0x70, 0x7e, 0x1e, 
	0x17, 0x77, 0x71, 0x71, 0x77, 0x7e, 0x71, 0x01, 
	0x11, 0xe1, 0x77, 0x77, 0x77, 0x77, 0x77, 0x17, 
	0xd1, 0x71, 0x71, 0x77, 0x71, 0x77, 0x11, 0x11, 
	0x11, 0x11, 0x11, 0x11, 0x11, 0x17, 0x11, 0x72, 
	0x11, 0x11, 0x17, 0x11, 0x11, 0x77, 0x77, 0x71, 
	0x71, 0x17, 0x11, 0x77, 0x77, 0x71, 0x11, 0x7e, 
	0x91, 0x77, 0xe7, 0x71, 0x77, 0xe1, 0x11, 0x11, 
	0x11, 0x12, 0x12, 0x17, 0x70, 0x71, 0x71, 0x17, 
	0x11, 0x17, 0xe7, 0x17, 0xe7, 0x17, 0x71, 0x17, 
	0x77, 0x11, 0x71, 0x1c, 0x17, 0x77, 0x17, 0x03, 
	0x31, 0x77, 0x71, 0x77, 0x77, 0x77, 0x71, 0x11, 
	0x17, 0x11, 0x11, 0x71, 0x11, 0x17, 0x71, 0x77, 
	0x77, 0x11, 0x77, 0x77, 0x7e, 0x77, 0x77, 0x77, 
	0x17, 0x11, 0x7b, 0x71, 0x11, 0x17, 0x11, 0x10, 
	0x37, 0x7b, 0x77, 0x71, 0x11, 0xe1, 0x77, 0x11, 
	0x11, 0x11, 0x71, 0xe7, 0x71, 0x77, 0x17, 0x71, 
	0x77, 0x77, 0x77, 0x70, 0x71, 0xe7, 0x77, 0x77, 
	0x77, 0x17, 0x71, 0x17, 0x17, 0x77, 0x11, 0x1b, 
	0x9e, 0x77, 0x70, 0x77, 0x71, 0x71, 0x71, 0x71, 
	0x71, 0x21, 0x11, 0x17, 0x11, 0x17, 0x77, 0x07, 
	0x7e, 0x71, 0x0c, 0x71, 0x11, 0x77, 0x77, 0x77, 
	0xc1, 0x17, 0x77, 0x11, 0x71, 0x1e, 0x77, 0xc5, 
	0x12, 0x77, 0x77, 0x71, 0x77, 0xe7, 0x17, 0x14, 
	0x71, 0x11, 0x21, 0x11, 0x17, 0x77, 0x11, 0x17, 
	0x71, 0x77, 0x7e, 0x77, 0x77, 0x90, 0x95, 0x07, 
	0x77, 0x17, 0xe1, 0x77, 0x7e, 0x77, 0x77, 0xb9, 
	0x71, 0x77, 0x71, 0x07, 0x12, 0x17, 0xe1, 0x71, 
	0x11, 0x17, 0x17, 0x17, 0x77, 0x11, 0x11, 0x17, 
	0x77, 0x77, 0xe7, 0x77, 0x71, 0x7a, 0x6a, 0xde, 
	0x77, 0x71, 0x17, 0x77, 0x17, 0x17, 0x7c, 0xd6, 
	0x97, 0x71, 0x7d, 0x77, 0x71, 0x77, 0xe7, 0x11, 
	0x11, 0x11, 0x72, 0x77, 0x71, 0x17, 0x17, 0x77, 
	0x77, 0xce, 0x70, 0x77, 0x71, 0x36, 0x6f, 0xd7, 
	0xe7, 0x17, 0x27, 0x77, 0x17, 0x71, 0x7c, 0xd6, 
	0x34, 0x77, 0x77, 0x71, 0x17, 0x77, 0x11, 0x71, 
	0x11, 0x17, 0x11, 0x17, 0x1e, 0x77, 0x17, 0x77, 
	0x77, 0x77, 0x71, 0x10, 0x77, 0xed, 0xf6, 0xe7, 
	0x71, 0x71, 0x71, 0x01, 0x77, 0x17, 0x11, 0x39, 
	0xd7, 0x1e, 0x17, 0x11, 0x11, 0x17, 0x17, 0x71, 
	0x11, 0x21, 0x11, 0x11, 0x17, 0x77, 0x17, 0x77, 
	0xe7, 0x71, 0x71, 0x77, 0x77, 0x91, 0x7e, 0x71, 
	0x1e, 0x21, 0x77, 0x71, 0x77, 0x17, 0x17, 0xea, 
	0x61, 0x77, 0x77, 0x17, 0x71, 0x7e, 0x77, 0x71, 
	0x11, 0x11, 0x11, 0x71, 0x71, 0x17, 0x71, 0x17, 
	0x77, 0x77, 0x01, 0x17, 0xe7, 0x1e, 0x7e, 0x77, 
	0x11, 0x11, 0x77, 0x77, 0x77, 0x77, 0x11, 0x19, 
	0x41, 0x11, 0x77, 0x77, 0xe7, 0x77, 0x77, 0x11, 
	0x12, 0x11, 0x11, 0x71, 0x77, 0x17, 0x77, 0x17, 
	0x77, 0x77, 0xe1, 0x11, 0x77, 0x77, 0x11, 0x77, 
	0x77, 0x77, 0x77, 0x77, 0xe1, 0x12, 0x1e, 0x1c, 
	0xc7, 0x77, 0x77, 0x71, 0x1e, 0xe7, 0xc1, 0x77, 
	0x11, 0x11, 0x11, 0x11, 0x77, 0x17, 0x17, 0x17, 
	0xe7, 0x77, 0x11, 0x11, 0x27, 0x75, 0x1b, 0xe7, 
	0x71, 0x11, 0x77, 0x77, 0x77, 0x17, 0x17, 0x05, 
	0xc1, 0x11, 0x71, 0x7e, 0x77, 0x77, 0x77, 0x12, 
	0x11, 0x17, 0x11, 0x11, 0x17, 0x11, 0x11, 0x7e, 
	0x77, 0xb0, 0x77, 0x71, 0x11, 0x71, 0x10, 0x01, 
	0x77, 0x11, 0x17, 0x07, 0x11, 0x11, 0x77, 0x66, 
	0xb5, 0x7e, 0x77, 0x77, 0x71, 0xff, 0xfa, 0xa1, 
	0x17, 0x11, 0x11, 0x17, 0x11, 0x77, 0x72, 0x11, 
	0x17, 0xe7, 0xf1, 0x77, 0x71, 0x77, 0x77, 0x77, 
	0x07, 0x71, 0x71, 0x77, 0x11, 0x11, 0x11, 0xd9, 
	0x9f, 0x04, 0xcc, 0xc9, 0x5a, 0xa5, 0xf9, 0xa5, 
	0x05, 0x5b, 0xdc, 0xc5, 0x6f, 0x00, 0xbb, 0xb0, 
	0x7b, 0x5b, 0xb5, 0x00, 0x00, 0x07, 0x0b, 0x59, 
	0xb7, 0xbc, 0xb0, 0xc5, 0x5b, 0xcb, 0xbb, 0x95, 
	0x55, 0xa5, 0x55, 0x55, 0x55, 0x55, 0x55, 0x95, 
	0x95, 0x99, 0x99, 0x55, 0x55, 0x55, 0x55, 0x55, 
	0x55, 0x99, 0x55, 0x55, 0x55, 0x55, 0xa5, 0x58, 
	0x55, 0x55, 0x55, 0x55, 0x55, 0x55, 0x55, 0x88, 
	0xc6, 0xfa, 0xaf, 0xff, 0x56, 0xf9, 0xaa, 0xf6, 
	0xd6, 0xd6, 0x36, 0xf6, 0xfa, 0xff, 0xff, 0xff, 
	0x6f, 0xa6, 0xff, 0xf6, 0x69, 0x66, 0x6a, 0xff, 
	0xaa, 0x6f, 0xaa, 0xff, 0xaf, 0xf6, 0xfa, 0xfb, 
	0xd6, 0xaf, 0xfd, 0x6f, 0xff, 0xfd, 0xff, 0xf6, 
	0xdd, 0xdd, 0xdd, 0x6f, 0x66, 0x6f, 0xff, 0xdd, 
	0xff, 0xf6, 0xf6, 0x6d, 0xaf, 0x6f, 0x6a, 0xf6, 
	0xa6, 0xf6, 0xaa, 0xff, 0x6f, 0xff, 0xfd, 0xf6, 
	0xdd, 0x6f, 0xf6, 0xaa, 0xaf, 0x66, 0x56, 0xf6, 
	0xdd, 0x66, 0xdd, 0x66, 0x6f, 0xf6, 0x66, 0x6f, 
	0xfa, 0xfa, 0x56, 0xa6, 0x55, 0x6d, 0x6f, 0xff, 
	0xf6, 0xf6, 0xff, 0xff, 0xff, 0xc6, 0xd6, 0x6f, 
	0x56, 0xff, 0xff, 0xaf, 0xaf, 0xff, 0xaa, 0xfa, 
	0xfd, 0xdf, 0xd6, 0x6f, 0xff, 0xa5, 0x66, 0x6f, 
	0xff, 0xfa, 0x9a, 0xa5, 0x6a, 0xfd, 0xf6, 0xff, 
	0x6f, 0x6f, 0x6f, 0xff, 0xf6, 0xaa, 0x9a, 0x5f, 
	0xbf, 0xaf, 0xd6, 0xaf, 0xf6, 0x5f, 0xfd, 0xfa, 
	0x66, 0xdd, 0x6d, 0xfa, 0x6a, 0xff, 0xfa, 0xa6, 
	0xaf, 0xff, 0x55, 0x95, 0xa5, 0xf6, 0x6f, 0xaf, 
	0x6f, 0xba, 0x6f, 0xa6, 0xff, 0x6c, 0xfb, 0xf5, 
	0xcf, 0xf5, 0x66, 0xa6, 0xff, 0x0c, 0xd6, 0x6e, 
	0xbb, 0xcd, 0x66, 0xfc, 0xba, 0xa0, 0x0b, 0xb4, 
	0xcc, 0x00, 0x99, 0x86, 0x95, 0xda, 0xbb, 0xcb, 
	0xaf, 0xf9, 0xff, 0xbc, 0xc0, 0xcc, 0xff, 0x98, 
	0x96, 0x77, 0x11, 0x7d, 0x71, 0x7c, 0x17, 0x17, 
	0x77, 0x71, 0x17, 0x17, 0x0c, 0xde, 0xb7, 0x1c, 
	0x71, 0x77, 0x93, 0x07, 0x05, 0x70, 0x7e, 0x77, 
	0x77, 0x77, 0x71, 0x77, 0x17, 0x71, 0x67, 0x79, 
	0xbd, 0x17, 0x71, 0x17, 0xe7, 0xc9, 0x12, 0x11, 
	0x71, 0x11, 0x1e, 0x11, 0x9f, 0x5c, 0x91, 0x1e, 
	0x90, 0xe1, 0xc3, 0x3d, 0xab, 0xc7, 0x77, 0x77, 
	0x77, 0x77, 0x77, 0x77, 0x71, 0xe1, 0x77, 0x99, 
	0xbd, 0x96, 0xe1, 0x75, 0x43, 0xd2, 0x19, 0x1b, 
	0x11, 0x12, 0xc9, 0x12, 0xe4, 0xb3, 0x0e, 0xcc, 
	0x71, 0x70, 0xbc, 0xca, 0xbb, 0x71, 0x17, 0x77, 
	0x77, 0xb1, 0x77, 0x77, 0x11, 0x11, 0xb9, 0xa9, 
	0x59, 0x53, 0xdd, 0x70, 0xdd, 0x54, 0xad, 0x01, 
	0x71, 0xe1, 0x1b, 0xe7, 0x0d, 0x5b, 0x91, 0x1a, 
	0x01, 0x19, 0x43, 0xbc, 0xa3, 0xae, 0xee, 0x07, 
	0x7f, 0x5f, 0x55, 0x95, 0x9f, 0x01, 0xb3, 0xf5, 
	0x55, 0x9b, 0xb9, 0x0b, 0xb5, 0x55, 0xba, 0x95, 
	0x5c, 0x54, 0xb9, 0x5e, 0xb5, 0x55, 0x5e, 0x99, 
	0x55, 0xcb, 0xbc, 0xb9, 0x95, 0x54, 0xb0, 0x59, 
	0x09, 0x95, 0x55, 0x55, 0x55, 0x55, 0x59, 0x55, 
	
};

ALIGNED8 u8 ow2_eq_kd_eq_gc021_pal_rgba16[] = {
	0xcd, 0x23, 0xf7, 0x77, 0xff, 0xff, 0xed, 0xe3, 
	0xff, 0x2f, 0x51, 0x05, 0xbb, 0x91, 0xf7, 0x35, 
	0x00, 0x01, 0x69, 0xc9, 0x79, 0xc7, 0x92, 0xd1, 
	0xab, 0xd9, 0xd4, 0x99, 0xe6, 0x2d, 0x9a, 0x8d, 
	
};

ALIGNED8 u8 ow2_eq_kd_eq_gc071_ci4[] = {
	0x01, 0x21, 0x10, 0x11, 0x01, 0x01, 0x32, 0x33, 
	0x33, 0x33, 0x43, 0x13, 0x33, 0x33, 0x33, 0x12, 
	0x33, 0x54, 0x42, 0x11, 0x11, 0x11, 0x43, 0x33, 
	0x22, 0x22, 0x22, 0x22, 0x22, 0x22, 0x22, 0x22, 
	0x61, 0x27, 0x14, 0x44, 0x33, 0x44, 0x44, 0x35, 
	0x44, 0x44, 0x44, 0x44, 0x44, 0x44, 0x44, 0x12, 
	0x73, 0x44, 0x43, 0x16, 0x06, 0x60, 0x35, 0x34, 
	0x44, 0x43, 0x44, 0x34, 0x33, 0x42, 0x22, 0x22, 
	0x01, 0x87, 0x04, 0x44, 0x44, 0x44, 0x44, 0x44, 
	0x44, 0x43, 0x44, 0x44, 0x54, 0x44, 0x34, 0x38, 
	0x44, 0x44, 0x44, 0x32, 0x00, 0x10, 0x10, 0x79, 
	0x79, 0x99, 0x2a, 0x29, 0x79, 0x22, 0x27, 0x22, 
	0x54, 0x45, 0x44, 0x44, 0x44, 0x54, 0x55, 0x44, 
	0x34, 0x44, 0x54, 0x45, 0x51, 0x31, 0x43, 0x44, 
	0x44, 0x34, 0x34, 0x42, 0x19, 0x99, 0x19, 0x99, 
	0x99, 0x99, 0x99, 0x93, 0x33, 0x22, 0x23, 0x22, 
	0x54, 0x44, 0x41, 0x44, 0x45, 0x00, 0x44, 0x54, 
	0xa7, 0x4a, 0x44, 0x44, 0x33, 0x00, 0x01, 0x73, 
	0x17, 0x11, 0x43, 0x32, 0xa1, 0x99, 0x99, 0x99, 
	0x99, 0x99, 0x99, 0x99, 0x43, 0x22, 0x21, 0x22, 
	0x55, 0x44, 0x55, 0x44, 0x45, 0x00, 0x55, 0x40, 
	0x21, 0x22, 0x10, 0x10, 0x12, 0x12, 0x21, 0x11, 
	0x22, 0x00, 0x13, 0x10, 0x12, 0x00, 0x99, 0x99, 
	0x99, 0x49, 0x97, 0x33, 0x32, 0x22, 0x22, 0x22, 
	0x35, 0x41, 0x44, 0x45, 0x45, 0x03, 0x55, 0x44, 
	0x11, 0x01, 0x17, 0x10, 0x00, 0x10, 0x00, 0x00, 
	0x10, 0x21, 0x61, 0x11, 0x44, 0x20, 0x99, 0x99, 
	0x99, 0x99, 0x99, 0x99, 0x22, 0x21, 0x32, 0x32, 
	0x54, 0x44, 0x45, 0x55, 0x45, 0x41, 0x55, 0x45, 
	0x10, 0x01, 0x10, 0x00, 0x00, 0x00, 0x00, 0x11, 
	0x00, 0x10, 0x02, 0x11, 0x14, 0x43, 0x27, 0x99, 
	0x99, 0x99, 0x99, 0x99, 0x33, 0x22, 0x32, 0x22, 
	0x55, 0x44, 0x45, 0x55, 0x53, 0x45, 0x45, 0x51, 
	0x01, 0x01, 0x10, 0x00, 0x10, 0x01, 0x07, 0x00, 
	0x11, 0x00, 0x01, 0x27, 0x03, 0x44, 0x42, 0x99, 
	0x99, 0x99, 0x99, 0x94, 0x99, 0x33, 0x33, 0x22, 
	0x44, 0x55, 0x54, 0x54, 0x54, 0x45, 0x54, 0x30, 
	0x00, 0x01, 0x00, 0xa0, 0x10, 0x01, 0x00, 0xa0, 
	0x11, 0x00, 0x01, 0x01, 0x23, 0x44, 0x44, 0x32, 
	0x79, 0x99, 0x99, 0x99, 0x42, 0x14, 0x33, 0x22, 
	0x33, 0x44, 0x55, 0x44, 0x54, 0x44, 0x54, 0x30, 
	0x17, 0x00, 0x00, 0x71, 0x00, 0x11, 0x00, 0x00, 
	0x01, 0x01, 0x01, 0x10, 0x02, 0x43, 0x44, 0x43, 
	0x21, 0x99, 0x99, 0x99, 0x33, 0x12, 0x22, 0x22, 
	0x34, 0x54, 0x05, 0x4b, 0x54, 0x54, 0x45, 0x43, 
	0x01, 0x00, 0x00, 0x10, 0x00, 0x01, 0x00, 0x01, 
	0x00, 0x10, 0x00, 0x01, 0x10, 0x22, 0x44, 0x34, 
	0x44, 0x45, 0x43, 0x33, 0x37, 0x32, 0x22, 0x22, 
	0x35, 0x04, 0x45, 0x54, 0x55, 0x55, 0x55, 0x77, 
	0x00, 0x00, 0x10, 0x00, 0x00, 0x00, 0x00, 0x00, 
	0x01, 0x00, 0x01, 0x00, 0x00, 0x10, 0x11, 0x34, 
	0x34, 0x33, 0x43, 0x53, 0x33, 0x33, 0x32, 0x22, 
	0x60, 0x55, 0x55, 0x33, 0x55, 0x03, 0x55, 0x00, 
	0x10, 0x00, 0x07, 0x60, 0x01, 0x00, 0x00, 0x00, 
	0x01, 0x00, 0x00, 0x00, 0x10, 0x10, 0x11, 0x11, 
	0x43, 0x33, 0x33, 0x33, 0x34, 0x33, 0x32, 0x22, 
	0x60, 0x55, 0x5b, 0x30, 0x54, 0x00, 0x34, 0x00, 
	0x00, 0x00, 0x00, 0x00, 0x00, 0x01, 0x00, 0x00, 
	0x01, 0x00, 0x00, 0x00, 0x00, 0x00, 0x11, 0x21, 
	0x14, 0x14, 0x43, 0x11, 0x43, 0x43, 0x22, 0x22, 
	0x00, 0x70, 0x04, 0x44, 0x53, 0x60, 0x00, 0x10, 
	0x22, 0x22, 0x00, 0x66, 0x00, 0x06, 0x00, 0x00, 
	0x61, 0xa0, 0x00, 0x01, 0x01, 0x11, 0x01, 0x10, 
	0x14, 0x34, 0x41, 0x10, 0x31, 0x33, 0x22, 0x22, 
	0x70, 0x00, 0x03, 0x55, 0x30, 0x01, 0x22, 0x22, 
	0x22, 0x22, 0x22, 0x11, 0x00, 0x00, 0x00, 0x00, 
	0x00, 0x11, 0x00, 0x60, 0x00, 0x01, 0x11, 0x10, 
	0x01, 0x33, 0x44, 0x01, 0x33, 0x33, 0x32, 0x32, 
	0x60, 0x10, 0x04, 0x55, 0x32, 0x22, 0x10, 0xaa, 
	0xaa, 0x02, 0x22, 0x22, 0x00, 0x00, 0x60, 0x00, 
	0x00, 0x60, 0x00, 0x00, 0x01, 0x01, 0x11, 0x21, 
	0x41, 0x22, 0x22, 0x72, 0x22, 0x23, 0x33, 0x32, 
	0xa1, 0x61, 0x04, 0x52, 0x20, 0x10, 0xcc, 0xcc, 
	0x0c, 0xcc, 0x01, 0x12, 0x22, 0x60, 0x00, 0x77, 
	0x00, 0x06, 0x00, 0x00, 0x10, 0x01, 0x11, 0x20, 
	0x43, 0x29, 0x99, 0x99, 0x99, 0x73, 0x22, 0x22, 
	0x7a, 0x45, 0x53, 0x2c, 0xc0, 0x1a, 0xcc, 0xcc, 
	0xcc, 0xcc, 0x01, 0x66, 0x12, 0x20, 0x00, 0x00, 
	0x00, 0x00, 0x00, 0x00, 0x00, 0x00, 0x11, 0x33, 
	0x43, 0x79, 0x99, 0x99, 0x99, 0x42, 0x44, 0x22, 
	0xb5, 0x45, 0x32, 0xcc, 0xcc, 0x86, 0xcd, 0x8e, 
	0xa8, 0x6c, 0x6e, 0xcc, 0xcc, 0x22, 0x00, 0x00, 
	0x60, 0x06, 0x00, 0x11, 0x00, 0x00, 0x01, 0x24, 
	0x44, 0x99, 0x99, 0x99, 0x99, 0x22, 0x33, 0x32, 
	0xb5, 0x55, 0x10, 0xcc, 0xcc, 0x66, 0xc6, 0xcc, 
	0xcc, 0xcc, 0x8c, 0xcc, 0xcc, 0xc2, 0x66, 0x71, 
	0x61, 0x10, 0x77, 0x00, 0x00, 0x00, 0x00, 0x24, 
	0x54, 0x79, 0x99, 0x99, 0x99, 0x33, 0x33, 0x32, 
	0xb5, 0x43, 0x60, 0xcc, 0xc6, 0xcc, 0xcc, 0xd1, 
	0x1d, 0xcc, 0xcc, 0xcc, 0xcc, 0xc0, 0x00, 0x60, 
	0x12, 0x20, 0x7a, 0x77, 0x00, 0x10, 0x00, 0x24, 
	0x43, 0x29, 0x99, 0x99, 0x77, 0x33, 0x33, 0x32, 
	0x34, 0x51, 0x06, 0xcc, 0x66, 0xcc, 0xcc, 0x22, 
	0x22, 0xcc, 0xcc, 0xc6, 0xcc, 0xcc, 0x10, 0xa2, 
	0x12, 0x00, 0x7a, 0x60, 0x17, 0x77, 0x00, 0x13, 
	0x53, 0x27, 0x72, 0x22, 0x72, 0x22, 0x43, 0x32, 
	0x22, 0x3a, 0x21, 0x2c, 0x66, 0xcc, 0xcc, 0x12, 
	0x20, 0xcc, 0x0c, 0x06, 0xc1, 0x11, 0x10, 0x22, 
	0x2a, 0x00, 0x00, 0xaa, 0x00, 0x77, 0x12, 0x24, 
	0x24, 0x99, 0x99, 0x99, 0x99, 0x73, 0x33, 0x22, 
	0xaa, 0x2a, 0xaa, 0x86, 0x0d, 0xcc, 0xcc, 0xc2, 
	0x26, 0x0d, 0x00, 0x06, 0x6a, 0x8a, 0x01, 0x21, 
	0xae, 0x07, 0x77, 0x07, 0x02, 0x22, 0x22, 0x22, 
	0x33, 0x99, 0x99, 0x99, 0x99, 0x21, 0x33, 0x22, 
	0xa7, 0xaa, 0x66, 0xcc, 0x60, 0xcc, 0xcc, 0x22, 
	0x20, 0xa0, 0x60, 0x26, 0xcc, 0xcc, 0x12, 0x1a, 
	0xee, 0x77, 0xaa, 0x11, 0x12, 0x22, 0x28, 0x72, 
	0x44, 0x79, 0x77, 0x99, 0x99, 0x22, 0x11, 0x12, 
	0xa7, 0xa1, 0xcc, 0xcc, 0xc1, 0xcc, 0xcc, 0xcc, 
	0x06, 0x77, 0xa1, 0x0c, 0xcc, 0xc0, 0x22, 0xee, 
	0xea, 0x60, 0x12, 0x22, 0x22, 0x8e, 0xee, 0x33, 
	0x54, 0x79, 0x97, 0x99, 0x99, 0x79, 0x34, 0x12, 
	0xa8, 0x89, 0x86, 0xcc, 0xcc, 0x11, 0xc0, 0xcc, 
	0xc7, 0xa1, 0x22, 0x61, 0x0c, 0xcc, 0x28, 0xee, 
	0xe0, 0x22, 0x22, 0x28, 0x6e, 0xee, 0xea, 0x25, 
	0x54, 0x29, 0x97, 0x99, 0x99, 0x27, 0x11, 0x12, 
	0x88, 0x88, 0x1a, 0xcc, 0x0c, 0x00, 0x11, 0x11, 
	0x11, 0x11, 0x60, 0x0a, 0x77, 0x62, 0x8e, 0xee, 
	0x82, 0x21, 0xa7, 0xee, 0xee, 0xee, 0xa7, 0x11, 
	0x53, 0x29, 0xf9, 0x79, 0x97, 0x21, 0x12, 0x12, 
	0xaa, 0xaf, 0x81, 0xcc, 0x61, 0x01, 0x6a, 0x60, 
	0x06, 0x66, 0x26, 0x7a, 0x68, 0x77, 0x8e, 0xee, 
	0xe8, 0xa0, 0xae, 0xee, 0x8e, 0xea, 0xa0, 0x17, 
	0x54, 0x99, 0x99, 0xff, 0x99, 0x77, 0x11, 0x12, 
	0x88, 0x88, 0x82, 0x28, 0x66, 0xa8, 0x66, 0xdc, 
	0xc6, 0xdc, 0x8a, 0xaa, 0xa8, 0xe8, 0x8e, 0xee, 
	0xee, 0xe8, 0xee, 0xee, 0xee, 0x8a, 0xa7, 0x24, 
	0x45, 0x79, 0xff, 0x99, 0x99, 0x27, 0x11, 0x22, 
	0xa8, 0x9f, 0x88, 0x8a, 0x08, 0x66, 0xaa, 0x66, 
	0x6c, 0xcc, 0x6c, 0x86, 0x8e, 0xee, 0xee, 0xee, 
	0x8e, 0xee, 0xee, 0xee, 0xaa, 0x22, 0x22, 0x15, 
	0x54, 0x77, 0x99, 0x9f, 0x90, 0x77, 0x21, 0x12, 
	0x27, 0x98, 0x8a, 0x78, 0x87, 0xa0, 0x88, 0x8a, 
	0x8e, 0xe6, 0x88, 0x8e, 0xee, 0xee, 0xee, 0xee, 
	0xee, 0xe7, 0x7a, 0xea, 0x0a, 0x22, 0x22, 0x25, 
	0x55, 0xa9, 0x99, 0x9f, 0x9a, 0x7a, 0x11, 0x12, 
	0x2a, 0x99, 0x9a, 0x7a, 0x88, 0xee, 0xee, 0xee, 
	0xee, 0xee, 0xee, 0xee, 0xee, 0xee, 0xee, 0xee, 
	0xee, 0xaa, 0xae, 0xe8, 0x80, 0xa8, 0x8a, 0x22, 
	0x23, 0x21, 0x27, 0x22, 0x22, 0x27, 0x44, 0x32, 
	0x7a, 0xa8, 0x8a, 0x88, 0xae, 0xee, 0xee, 0xe8, 
	0xee, 0xee, 0xee, 0xea, 0xae, 0xee, 0xee, 0xee, 
	0xee, 0xaa, 0xae, 0xee, 0x88, 0x8e, 0x88, 0xee, 
	0xe7, 0x27, 0x79, 0xf9, 0xf9, 0x77, 0x11, 0x22, 
	0x28, 0x9f, 0x9f, 0x88, 0xae, 0xea, 0xee, 0xee, 
	0xea, 0xee, 0xee, 0xaa, 0xee, 0xee, 0xee, 0xae, 
	0xee, 0xe8, 0xee, 0xee, 0xee, 0xee, 0xee, 0xee, 
	0xee, 0xee, 0x87, 0x77, 0x79, 0x23, 0x44, 0x12, 
	0x88, 0x9f, 0xff, 0xfa, 0xee, 0xee, 0xee, 0xee, 
	0xee, 0xee, 0xee, 0xee, 0xee, 0xee, 0xee, 0xee, 
	0xee, 0xe8, 0xee, 0xee, 0xee, 0xee, 0xee, 0xe8, 
	0xee, 0xe8, 0x77, 0x7a, 0xa2, 0x73, 0x45, 0x12, 
	0x88, 0x9f, 0x8f, 0x88, 0xee, 0xee, 0xee, 0xee, 
	0xee, 0xee, 0xee, 0x88, 0xee, 0xe8, 0x7e, 0xee, 
	0xee, 0xee, 0xee, 0xee, 0xee, 0x8e, 0x88, 0x8a, 
	0x33, 0xaa, 0xff, 0x9f, 0x99, 0x33, 0x43, 0x22, 
	0xaa, 0x98, 0xaa, 0xee, 0xee, 0x8a, 0xa8, 0xee, 
	0xee, 0x8e, 0x8e, 0xaa, 0x86, 0x88, 0xaa, 0x8e, 
	0xee, 0xee, 0xee, 0xee, 0x8e, 0xee, 0x82, 0x33, 
	0xbb, 0x7a, 0xaf, 0xff, 0x9f, 0x19, 0x43, 0x32, 
	0x87, 0x78, 0x08, 0xae, 0x8a, 0xaa, 0xaa, 0x88, 
	0xee, 0xe8, 0x77, 0x88, 0x8a, 0xea, 0xaa, 0xa8, 
	0xee, 0xe8, 0xee, 0xee, 0xee, 0xee, 0xea, 0x13, 
	0xb4, 0x22, 0x77, 0x72, 0x22, 0x27, 0x55, 0x32, 
	0xa8, 0x77, 0x77, 0xaa, 0x7a, 0xa8, 0x8e, 0x8e, 
	0x7e, 0xee, 0xee, 0xea, 0xee, 0xea, 0x8a, 0xae, 
	0xee, 0xee, 0xee, 0xee, 0xee, 0xee, 0xee, 0xe3, 
	0xb3, 0x7a, 0x7f, 0xf9, 0x9f, 0x13, 0x44, 0x32, 
	0x88, 0xee, 0x8e, 0xee, 0xae, 0xee, 0xee, 0xa8, 
	0xa8, 0xee, 0xee, 0x87, 0xee, 0x80, 0x8a, 0x8e, 
	0xee, 0xee, 0xee, 0xee, 0xee, 0xee, 0xee, 0xe8, 
	0x3b, 0x7f, 0xff, 0xf9, 0xff, 0x44, 0x53, 0x32, 
	0x8e, 0xe8, 0x8e, 0xee, 0xae, 0xee, 0xee, 0xe8, 
	0xaa, 0xee, 0xee, 0xea, 0xee, 0xaa, 0xa8, 0xae, 
	0xee, 0xee, 0x88, 0x8a, 0xee, 0x8e, 0xee, 0xee, 
	0xa3, 0x7f, 0xff, 0xff, 0x97, 0x33, 0x44, 0x42, 
	0xae, 0xee, 0xee, 0xee, 0xae, 0xee, 0xee, 0xee, 
	0xae, 0xee, 0xee, 0xee, 0xee, 0x7a, 0x77, 0xae, 
	0xee, 0xee, 0xee, 0xa7, 0xa8, 0xee, 0xee, 0xee, 
	0xea, 0x9f, 0xff, 0xff, 0x97, 0xa3, 0x43, 0x42, 
	0xee, 0xee, 0xee, 0xee, 0xae, 0xee, 0xee, 0xee, 
	0x8e, 0xee, 0xee, 0xae, 0x87, 0xa7, 0xaa, 0xae, 
	0xee, 0xee, 0xee, 0x8a, 0xa7, 0xa8, 0x8e, 0xee, 
	0xee, 0x7a, 0xaf, 0xf9, 0x07, 0x77, 0x54, 0x42, 
	0x8e, 0xee, 0xee, 0x8e, 0x88, 0xee, 0xee, 0xee, 
	0x8e, 0xee, 0xee, 0xae, 0xa7, 0xaa, 0xaa, 0xa7, 
	0x8e, 0xee, 0xee, 0xaa, 0x8a, 0xa7, 0x7a, 0xee, 
	0xee, 0xe7, 0x22, 0x22, 0x22, 0x27, 0x73, 0x32, 
	0x88, 0xee, 0xee, 0xee, 0x8e, 0xee, 0xee, 0xee, 
	0x8e, 0xee, 0xee, 0xa8, 0x7a, 0xaa, 0xaa, 0xaa, 
	0xa8, 0xee, 0xee, 0xa8, 0x88, 0xaa, 0xa7, 0x3a, 
	0xea, 0xaa, 0x33, 0xbb, 0x55, 0x33, 0x54, 0x72, 
	0xe8, 0xee, 0xea, 0xee, 0x8e, 0xee, 0xee, 0xee, 
	0x8e, 0xea, 0xea, 0x7a, 0x77, 0xaa, 0xaa, 0xaa, 
	0x78, 0x8e, 0xea, 0x7a, 0xaa, 0xaa, 0xaa, 0x34, 
	0x44, 0xaa, 0x77, 0x55, 0x55, 0x55, 0x54, 0x32, 
	0xa8, 0xee, 0xee, 0x8a, 0x8e, 0xee, 0xee, 0x88, 
	0xee, 0xe8, 0xaa, 0x7a, 0x7a, 0xaa, 0xa7, 0xaa, 
	0xaa, 0xee, 0xea, 0xaa, 0xaa, 0xaa, 0xaa, 0x2a, 
	0xbb, 0x55, 0x8a, 0xa3, 0x33, 0x44, 0x33, 0x32, 
	0x8e, 0xee, 0xee, 0xaa, 0x8e, 0xee, 0xee, 0xea, 
	0xe8, 0xea, 0xa7, 0xaa, 0xaa, 0xaa, 0xaa, 0xaa, 
	0xaa, 0xae, 0x8a, 0xaa, 0x7a, 0xaa, 0x72, 0xa7, 
	0x5b, 0xbb, 0xb5, 0x33, 0x55, 0x55, 0x54, 0x31, 
	0xae, 0xee, 0xee, 0xa8, 0xee, 0x8e, 0xee, 0xea, 
	0x8e, 0x87, 0xaa, 0xaa, 0xaa, 0x77, 0xa7, 0xaa, 
	0xaa, 0xaa, 0xa8, 0xaa, 0xaa, 0xa1, 0x2a, 0xbb, 
	0xb5, 0x54, 0xb5, 0x55, 0x55, 0x35, 0x55, 0x32, 
	0xaa, 0xee, 0xee, 0xaa, 0x8e, 0xee, 0x8e, 0xea, 
	0x88, 0xaa, 0xaa, 0xaa, 0xaa, 0xaa, 0xaa, 0xaa, 
	0xaa, 0xaa, 0x8a, 0x7a, 0xaa, 0x2a, 0xa5, 0xbb, 
	0xa4, 0x22, 0x22, 0x22, 0x22, 0x24, 0x44, 0x52, 
	0xa7, 0xe8, 0xe8, 0x7a, 0xa8, 0xee, 0xee, 0xa7, 
	0x7a, 0xaa, 0xaa, 0xa7, 0x7a, 0xaa, 0x7a, 0x7a, 
	0xaa, 0xaa, 0xaa, 0xaa, 0x11, 0xa3, 0xbb, 0xbb, 
	0x1a, 0xaa, 0xff, 0x99, 0xfa, 0x77, 0x44, 0x52, 
	0xa7, 0x7a, 0x77, 0xaa, 0x88, 0xaa, 0x77, 0x7a, 
	0x78, 0xaa, 0xa7, 0xaa, 0xaa, 0xa7, 0xaa, 0xaa, 
	0xa8, 0xa0, 0x7a, 0x71, 0xa3, 0x5b, 0xbb, 0x3b, 
	0xaa, 0xff, 0xff, 0xff, 0x9f, 0x77, 0x55, 0x32, 
	0x88, 0xae, 0x8a, 0x33, 0x33, 0x55, 0x4a, 0xaa, 
	0xaa, 0xaa, 0xaa, 0xa7, 0x77, 0xa7, 0xaa, 0xaa, 
	0xa8, 0xa7, 0xa7, 0x2b, 0xbb, 0xbb, 0xb3, 0xff, 
	0xff, 0xff, 0xff, 0xf9, 0xff, 0x71, 0x53, 0x32, 
	0xa7, 0x73, 0x5b, 0xbb, 0xbb, 0xb5, 0xb7, 0xaa, 
	0x88, 0xa7, 0xaa, 0x7a, 0x7a, 0xaa, 0x7a, 0xa7, 
	0xaa, 0xa7, 0x22, 0xbb, 0xbb, 0xb5, 0x8a, 0xff, 
	0xff, 0xff, 0xff, 0xff, 0xf9, 0x71, 0x34, 0x12, 
	0xa7, 0x3b, 0xbb, 0xbb, 0xbb, 0xbb, 0x4a, 0xaa, 
	0xa8, 0xaa, 0xa7, 0x77, 0x7a, 0xaa, 0x7a, 0xa7, 
	0x7a, 0x72, 0xaa, 0x5b, 0xbb, 0x39, 0x99, 0xff, 
	0xff, 0xff, 0xff, 0xf9, 0xf9, 0xa7, 0x31, 0x22, 
	0xb4, 0x55, 0x5b, 0x75, 0xbb, 0x55, 0xbb, 0xa8, 
	0x22, 0x22, 0x22, 0x22, 0x22, 0x22, 0x22, 0x22, 
	0x22, 0xaa, 0xbb, 0xbb, 0x18, 0xff, 0xff, 0xff, 
	0xff, 0xff, 0xff, 0xff, 0x99, 0x72, 0x44, 0x22, 
	0xa4, 0x54, 0x5b, 0xb5, 0xbb, 0xb5, 0xbb, 0x33, 
	0x8a, 0x55, 0x45, 0x55, 0x4a, 0x00, 0x7a, 0xab, 
	0xbb, 0x55, 0x5b, 0xb7, 0x9f, 0xff, 0xff, 0xff, 
	0xff, 0xff, 0xf9, 0x99, 0x90, 0x11, 0x34, 0x22, 
	0xa3, 0x5b, 0x55, 0x55, 0x5b, 0x55, 0x55, 0x57, 
	0xb5, 0x55, 0x55, 0xb4, 0x4b, 0x37, 0xa4, 0x55, 
	0xbb, 0xbb, 0xbb, 0x51, 0xa9, 0xff, 0x9a, 0xff, 
	0xff, 0x9f, 0xf9, 0xff, 0x91, 0x77, 0x12, 0x12, 
	0xa7, 0x73, 0x55, 0x5b, 0xbb, 0x44, 0xbb, 0xb5, 
	0x5b, 0xb5, 0xb5, 0xb5, 0x34, 0x57, 0x5b, 0x77, 
	0x35, 0xbb, 0x55, 0x73, 0x22, 0x22, 0x22, 0x22, 
	0x11, 0x22, 0x22, 0x22, 0x22, 0x27, 0x21, 0x22, 
	0xaa, 0xa3, 0x37, 0x74, 0xbb, 0x55, 0x5b, 0x4b, 
	0xbb, 0xb5, 0xb5, 0x44, 0x55, 0x55, 0x44, 0x3a, 
	0x55, 0xbb, 0xb4, 0xa3, 0xa7, 0x34, 0x55, 0x43, 
	0x55, 0x55, 0x3a, 0x77, 0x77, 0x77, 0x11, 0x22, 
	0x27, 0x23, 0x11, 0x02, 0x32, 0x32, 0x24, 0x33, 
	0x43, 0x22, 0x33, 0x23, 0x32, 0x23, 0x22, 0x12, 
	0x21, 0x37, 0x11, 0x21, 0x21, 0x12, 0x22, 0x32, 
	0x22, 0x32, 0x22, 0x22, 0x22, 0x22, 0x22, 0x22, 
	
};

ALIGNED8 u8 ow2_eq_kd_eq_gc071_pal_rgba16[] = {
	0x31, 0x4d, 0x10, 0x87, 0x00, 0x01, 0x38, 0x85, 
	0x50, 0x03, 0x70, 0x03, 0x4a, 0x17, 0x39, 0x49, 
	0xa4, 0x9f, 0x7a, 0x81, 0x62, 0x51, 0x91, 0x07, 
	0x32, 0x65, 0x6c, 0x31, 0xef, 0x33, 0xb3, 0xc7, 
	
};

ALIGNED8 u8 ow2_eq_kd_eq_other6_001_ci4[] = {
	0x01, 0x00, 0x00, 0x00, 0x00, 0x00, 0x00, 0x00, 
	0x00, 0x00, 0x00, 0x00, 0x00, 0x00, 0x00, 0x00, 
	0x00, 0x00, 0x00, 0x00, 0x00, 0x00, 0x00, 0x00, 
	0x00, 0x00, 0x00, 0x00, 0x00, 0x00, 0x00, 0x00, 
	0x00, 0x22, 0x22, 0x22, 0x33, 0x22, 0x23, 0x22, 
	0x33, 0x33, 0x33, 0x33, 0x33, 0x33, 0x33, 0x33, 
	0x33, 0x33, 0x32, 0x33, 0x33, 0x33, 0x33, 0x33, 
	0x43, 0x33, 0x22, 0x22, 0x22, 0x22, 0x25, 0x11, 
	0x60, 0x27, 0x52, 0x33, 0x33, 0x34, 0x43, 0x23, 
	0x24, 0x48, 0x44, 0x33, 0x34, 0x43, 0x34, 0x43, 
	0x44, 0x44, 0x34, 0x84, 0x33, 0x44, 0x43, 0x34, 
	0x44, 0x43, 0x32, 0x22, 0x22, 0x29, 0x23, 0xa1, 
	0x66, 0x30, 0x02, 0x33, 0x44, 0x44, 0x43, 0x43, 
	0x44, 0x84, 0x44, 0x84, 0x44, 0x3b, 0x34, 0x44, 
	0x4c, 0x44, 0x48, 0x48, 0x43, 0x84, 0x44, 0x44, 
	0x84, 0x84, 0x43, 0x22, 0x22, 0x20, 0x20, 0x16, 
	0x16, 0x02, 0x13, 0x34, 0x34, 0x33, 0x34, 0x43, 
	0x34, 0x44, 0x44, 0x44, 0x44, 0x44, 0x44, 0x44, 
	0x44, 0x84, 0x48, 0x44, 0x44, 0x84, 0x44, 0x84, 
	0x84, 0xd4, 0x8c, 0x44, 0xcc, 0x23, 0x31, 0xa6, 
	0x16, 0x02, 0x22, 0x33, 0x44, 0x44, 0x44, 0x34, 
	0x44, 0x48, 0x44, 0x88, 0x44, 0x43, 0x48, 0x44, 
	0x88, 0x48, 0xe8, 0xc4, 0x48, 0x48, 0x48, 0x44, 
	0x44, 0x4e, 0xee, 0xe4, 0x3e, 0x92, 0x21, 0x1a, 
	0x66, 0x62, 0x33, 0x34, 0x44, 0x44, 0x44, 0xdd, 
	0xdd, 0xdd, 0xdd, 0x8d, 0xdd, 0xd6, 0xdd, 0xdd, 
	0xdd, 0xdd, 0xdd, 0x8d, 0x8d, 0x88, 0x88, 0x3e, 
	0xd8, 0xad, 0x63, 0x4e, 0xe9, 0x94, 0x2d, 0x61, 
	0xdd, 0xd2, 0x33, 0x33, 0x33, 0x6b, 0xdd, 0xd8, 
	0xdd, 0xdd, 0xdd, 0xdd, 0xdd, 0x88, 0xdd, 0x6d, 
	0xdd, 0xdb, 0xd6, 0xd6, 0xd6, 0x6d, 0xdd, 0xbd, 
	0xdd, 0x66, 0x88, 0xe3, 0x32, 0x2e, 0x2a, 0x6d, 
	0x6d, 0x63, 0x34, 0x33, 0x34, 0x68, 0x8d, 0x8d, 
	0xdd, 0xdd, 0x6d, 0xdd, 0xdd, 0x8d, 0x8d, 0xdd, 
	0xdd, 0xdb, 0xd6, 0xd6, 0xdd, 0x66, 0xbd, 0xdd, 
	0xdd, 0x6b, 0xd8, 0xce, 0xc9, 0x9e, 0x3d, 0x68, 
	0xa6, 0x63, 0x34, 0x34, 0x43, 0x6d, 0xd8, 0x88, 
	0x68, 0xdd, 0x86, 0xd6, 0x6d, 0xdd, 0xdd, 0xdd, 
	0xdd, 0xdd, 0xdd, 0x6d, 0xd8, 0x6d, 0x8d, 0xdd, 
	0xda, 0xb8, 0x64, 0x4b, 0xe3, 0x93, 0x36, 0xa6, 
	0x6d, 0xd3, 0x33, 0x33, 0x43, 0x6d, 0x8d, 0xd8, 
	0xdd, 0xdd, 0x6d, 0xdd, 0xdd, 0xdd, 0xdd, 0xdd, 
	0xdd, 0x8d, 0xdd, 0xdd, 0xd8, 0x68, 0x88, 0xed, 
	0xdd, 0xdd, 0xd3, 0x84, 0xde, 0x23, 0x36, 0x6d, 
	0xab, 0x62, 0x33, 0x33, 0x33, 0x6d, 0xd4, 0xdd, 
	0xd6, 0x8d, 0xdd, 0xdd, 0xdd, 0xdd, 0xdd, 0xd6, 
	0xdd, 0xdd, 0x8d, 0xbd, 0xd8, 0xd8, 0x8d, 0x8d, 
	0xdd, 0xdd, 0xd4, 0x48, 0x88, 0xec, 0x28, 0xe8, 
	0x00, 0x10, 0xdd, 0xdb, 0xa1, 0x00, 0x11, 0xa1, 
	0x00, 0x00, 0x10, 0x10, 0x01, 0x11, 0x10, 0x00, 
	0x00, 0x11, 0x11, 0x10, 0x11, 0x11, 0x11, 0x10, 
	0x11, 0x00, 0x06, 0x11, 0x1a, 0xab, 0xa0, 0x00, 
	0x00, 0x1d, 0xab, 0x6a, 0x11, 0x00, 0x11, 0xa0, 
	0x01, 0x1a, 0x11, 0x01, 0x10, 0x01, 0x01, 0x00, 
	0x00, 0x01, 0x10, 0x11, 0x01, 0x10, 0x11, 0x00, 
	0x10, 0x11, 0x11, 0xa1, 0xaa, 0x1a, 0xd0, 0x00, 
	0x00, 0x00, 0x0d, 0x01, 0x01, 0x01, 0x00, 0x10, 
	0x01, 0x11, 0x00, 0x00, 0x00, 0x00, 0x10, 0x10, 
	0x00, 0x00, 0x00, 0x00, 0x00, 0x00, 0x00, 0x00, 
	0x00, 0x00, 0x01, 0x01, 0x11, 0x00, 0x00, 0x00, 
	0x00, 0x00, 0x08, 0xad, 0xa6, 0xda, 0x6b, 0xaa, 
	0xba, 0xba, 0xa6, 0xd1, 0xaa, 0xda, 0xaa, 0x6a, 
	0xa6, 0x1a, 0x6d, 0x6d, 0x66, 0xd6, 0x66, 0x66, 
	0x66, 0x61, 0x66, 0xd6, 0x66, 0x00, 0x00, 0x00, 
	0x66, 0x66, 0x63, 0x23, 0xc9, 0xc9, 0xe9, 0xe9, 
	0x9c, 0xcc, 0xef, 0xee, 0xee, 0x99, 0xee, 0xc4, 
	0x9e, 0xec, 0xcc, 0x4e, 0x84, 0xce, 0x8e, 0xe8, 
	0x84, 0x48, 0x44, 0x34, 0x44, 0x66, 0x66, 0x16, 
	0x66, 0x66, 0x62, 0xc4, 0xcc, 0x94, 0xc9, 0xcc, 
	0x9c, 0xc4, 0xcc, 0x8e, 0x99, 0x99, 0x9f, 0xc4, 
	0xde, 0xbe, 0xe4, 0x48, 0x48, 0x88, 0x44, 0x84, 
	0x84, 0x44, 0x44, 0x48, 0x44, 0xd6, 0x16, 0x66, 
	0x66, 0x66, 0x63, 0xc9, 0xc9, 0xc9, 0x4e, 0x24, 
	0x39, 0x9c, 0xec, 0xbb, 0x99, 0x93, 0x4c, 0xc8, 
	0xcc, 0xe4, 0x44, 0xe3, 0x44, 0x84, 0x48, 0xe3, 
	0xe4, 0x44, 0x44, 0x44, 0x88, 0xd6, 0x66, 0x66, 
	0x61, 0x66, 0x62, 0xcc, 0x99, 0x99, 0xc9, 0xc3, 
	0x98, 0xc9, 0xf9, 0xcc, 0xc4, 0x43, 0xc4, 0xcc, 
	0xcc, 0x4c, 0x44, 0x44, 0x4e, 0xe4, 0x88, 0x4c, 
	0x44, 0x34, 0x44, 0xe4, 0x44, 0xd1, 0xaa, 0x61, 
	0x66, 0x66, 0x13, 0x44, 0x99, 0xcc, 0x99, 0x9c, 
	0xb9, 0x9c, 0xee, 0xe3, 0xc9, 0xc3, 0x59, 0x9c, 
	0x45, 0x2e, 0xce, 0x8b, 0xe9, 0xc9, 0x8d, 0xd4, 
	0x84, 0x34, 0x44, 0xce, 0x84, 0x16, 0x61, 0x61, 
	0x16, 0xd6, 0xd3, 0xc4, 0xc9, 0x94, 0xc9, 0x99, 
	0xcf, 0xc9, 0xc9, 0xee, 0xe9, 0x49, 0x0a, 0x44, 
	0x90, 0x0e, 0xe8, 0x4c, 0x8b, 0x84, 0x88, 0x88, 
	0xc4, 0x48, 0x84, 0x38, 0x8c, 0xd1, 0x11, 0x11, 
	0x11, 0x66, 0x62, 0x74, 0x9c, 0x94, 0xf9, 0xcc, 
	0x99, 0xc9, 0xbc, 0x9e, 0xc9, 0x9c, 0x0b, 0x4e, 
	0xcc, 0x1e, 0x44, 0xec, 0xb4, 0xe8, 0xe3, 0x4e, 
	0x43, 0x38, 0x44, 0xce, 0x45, 0xa1, 0x61, 0x1a, 
	0x61, 0x06, 0x62, 0x7c, 0x49, 0x9c, 0x99, 0xcc, 
	0xe9, 0xcb, 0xcb, 0x9b, 0xce, 0xc9, 0xcc, 0xcc, 
	0xcc, 0x2c, 0x83, 0xcb, 0xf8, 0x84, 0x44, 0x44, 
	0x4c, 0x3b, 0xc4, 0xee, 0x95, 0xda, 0x11, 0x11, 
	0x6d, 0x66, 0x63, 0x59, 0x99, 0xc9, 0xec, 0xcc, 
	0x9b, 0xfb, 0x9b, 0xec, 0xee, 0xe4, 0xcc, 0x9c, 
	0xe9, 0xce, 0xb3, 0xcc, 0x9e, 0x84, 0x44, 0xcc, 
	0x43, 0x4c, 0x44, 0x98, 0xe7, 0xa6, 0x66, 0x11, 
	0x16, 0x66, 0x02, 0x59, 0x9c, 0x9c, 0xc3, 0x93, 
	0x39, 0x94, 0x33, 0x43, 0x9c, 0xcc, 0x9e, 0xe4, 
	0xee, 0x98, 0x49, 0xee, 0xbc, 0xec, 0x48, 0x4c, 
	0x4c, 0x4e, 0x4b, 0x48, 0x87, 0xc1, 0x61, 0x66, 
	0x1d, 0xd1, 0x97, 0x99, 0x94, 0xcc, 0xec, 0xe4, 
	0x98, 0xcc, 0xcc, 0x4e, 0x93, 0x99, 0x99, 0xec, 
	0xcc, 0xe4, 0xbe, 0x88, 0x8c, 0x44, 0x44, 0xcc, 
	0x4c, 0x9e, 0x49, 0x44, 0x8e, 0x7c, 0xd6, 0x11, 
	0x00, 0xa4, 0x2e, 0xce, 0xc9, 0xe9, 0xe9, 0xcc, 
	0xce, 0x99, 0xb8, 0x44, 0xc9, 0xcc, 0x4c, 0xcc, 
	0x43, 0xcc, 0xce, 0xee, 0xee, 0x43, 0x48, 0x4c, 
	0xcc, 0xee, 0x8c, 0xec, 0x8e, 0xb7, 0xc1, 0x00, 
	0xa0, 0xe7, 0xfc, 0xec, 0x99, 0xee, 0xec, 0x9b, 
	0x9e, 0xe9, 0xee, 0x83, 0xc9, 0x09, 0xec, 0x9e, 
	0x8e, 0x4c, 0x9b, 0x9e, 0x9e, 0x3c, 0x83, 0x3e, 
	0x44, 0x8b, 0xec, 0x4c, 0xcb, 0x88, 0x7e, 0x1a, 
	0xa0, 0x7f, 0xce, 0xcc, 0x9c, 0xec, 0x99, 0xee, 
	0xee, 0xe9, 0xe8, 0x8c, 0x40, 0x04, 0x9c, 0xec, 
	0xec, 0xc4, 0xa0, 0x9c, 0xee, 0x4c, 0xce, 0xec, 
	0xee, 0xec, 0xee, 0xec, 0x8e, 0xee, 0xe5, 0x1d, 
	0xa1, 0x79, 0xcc, 0x9e, 0x3c, 0x9c, 0xfc, 0xee, 
	0xeb, 0xbc, 0xeb, 0xe9, 0x99, 0x0c, 0xc9, 0xc9, 
	0x4e, 0xee, 0xef, 0xbc, 0xec, 0xcc, 0xcc, 0xce, 
	0xbc, 0x8e, 0x4c, 0xe4, 0xbe, 0xe9, 0xe7, 0x1b, 
	0xa1, 0x75, 0x99, 0x9c, 0xec, 0xce, 0x9e, 0xc8, 
	0xee, 0xee, 0x9b, 0xeb, 0xc4, 0xcc, 0x9c, 0x9e, 
	0x94, 0xc4, 0x9c, 0xcb, 0xbc, 0x44, 0x8e, 0xec, 
	0x2e, 0xee, 0xeb, 0xee, 0xcb, 0x88, 0x75, 0x0d, 
	0xa0, 0x27, 0x2c, 0xec, 0x9c, 0xe9, 0xbc, 0xfe, 
	0xbe, 0xcc, 0x9e, 0xcf, 0xbb, 0x9c, 0xe4, 0xce, 
	0xec, 0x4e, 0xee, 0xce, 0xc9, 0xce, 0xe4, 0xb9, 
	0xef, 0xec, 0xc4, 0x4e, 0xfc, 0xe7, 0x28, 0x0d, 
	0x00, 0x0e, 0x72, 0xc9, 0xec, 0xcc, 0xeb, 0xe9, 
	0xfc, 0xee, 0xcf, 0xbc, 0xb3, 0xce, 0xe9, 0xee, 
	0xcc, 0xec, 0xce, 0xcc, 0xee, 0xce, 0xee, 0xec, 
	0x3c, 0xe4, 0xcc, 0xe9, 0xc9, 0x72, 0xa0, 0x0a, 
	0xa6, 0x1e, 0xc7, 0x5c, 0xe9, 0xec, 0x9f, 0xef, 
	0x4c, 0xec, 0xee, 0xee, 0xbc, 0xce, 0xc9, 0x9c, 
	0xec, 0x9b, 0xcc, 0xc9, 0xee, 0xec, 0xcc, 0x94, 
	0xcc, 0x99, 0xee, 0xee, 0xc7, 0x2a, 0x11, 0xaa, 
	0xa6, 0x1a, 0xb9, 0x7c, 0xcc, 0xcc, 0xec, 0xce, 
	0xc9, 0xee, 0xec, 0xcc, 0xec, 0xc9, 0x99, 0xee, 
	0xcc, 0x9c, 0xcc, 0xce, 0xbe, 0x2e, 0xcc, 0x9c, 
	0x9c, 0xcc, 0xe9, 0xce, 0xe7, 0xa1, 0xaa, 0x11, 
	0x11, 0x1a, 0xac, 0x7c, 0x9c, 0xee, 0xc9, 0xcc, 
	0xcc, 0xc4, 0xb3, 0x9c, 0xcc, 0x9e, 0x98, 0xc9, 
	0x99, 0x9e, 0xce, 0xe9, 0xee, 0xe0, 0x99, 0xcc, 
	0x9c, 0xce, 0x9c, 0xe9, 0xe7, 0xb6, 0xa1, 0x11, 
	0xa1, 0x11, 0x1c, 0x7f, 0xcc, 0xcc, 0xcb, 0x9c, 
	0x9c, 0xe9, 0x09, 0xcc, 0xc9, 0x99, 0xce, 0xec, 
	0x99, 0x9c, 0xc9, 0xc9, 0x99, 0x11, 0xc9, 0x4c, 
	0xec, 0x99, 0xc9, 0xeb, 0xf5, 0xb6, 0xa6, 0xa1, 
	0x11, 0xaa, 0x1c, 0xfc, 0xc9, 0x9f, 0xce, 0xbc, 
	0xcc, 0xc9, 0xbc, 0xcc, 0x9c, 0xcc, 0xcb, 0x9c, 
	0x99, 0xfc, 0xe9, 0xc9, 0x99, 0xc9, 0xcc, 0xcc, 
	0xe4, 0xcb, 0xef, 0xcc, 0x92, 0xb6, 0x1a, 0x1d, 
	0x1a, 0x1a, 0x1a, 0x99, 0x99, 0x9c, 0xfc, 0xbf, 
	0x9f, 0xf9, 0xec, 0xcc, 0xe9, 0xcc, 0x9c, 0xcc, 
	0x9c, 0xcc, 0xc9, 0xc9, 0xce, 0x94, 0xc9, 0xe9, 
	0x9e, 0xec, 0x9e, 0xb9, 0xee, 0xbd, 0xa6, 0x1a, 
	0x11, 0xaa, 0x1c, 0xfe, 0xcf, 0xff, 0x9e, 0xfe, 
	0xbe, 0x99, 0xe9, 0xc5, 0x55, 0xf9, 0xec, 0xe9, 
	0x99, 0x9c, 0xcc, 0x77, 0x27, 0xce, 0x9c, 0xec, 
	0xcb, 0xfe, 0x9e, 0xec, 0xbb, 0xaa, 0xa1, 0xaa, 
	0x61, 0x11, 0x1f, 0xf9, 0xec, 0xec, 0xbc, 0xfb, 
	0x9f, 0xcb, 0xff, 0xfe, 0xcf, 0xfb, 0xce, 0x99, 
	0x9f, 0x99, 0xcc, 0xfc, 0x95, 0xcc, 0xee, 0xee, 
	0xfc, 0x9b, 0xec, 0xec, 0xbf, 0xaa, 0x1a, 0x6a, 
	0xa1, 0x61, 0xac, 0xce, 0x9c, 0xff, 0xcb, 0xcb, 
	0xec, 0xf9, 0x99, 0xff, 0xcf, 0xcb, 0x27, 0x79, 
	0x97, 0x77, 0xf9, 0x99, 0x97, 0xcf, 0xef, 0xef, 
	0xcf, 0xce, 0xce, 0x9c, 0x9f, 0xa1, 0x11, 0xaa, 
	0xa1, 0x61, 0x1b, 0xcf, 0xff, 0xcc, 0xee, 0x2f, 
	0xe9, 0xf9, 0x99, 0xff, 0x9f, 0x9e, 0x7f, 0x97, 
	0xf2, 0xc2, 0xcf, 0xc9, 0x92, 0xfc, 0xcf, 0xee, 
	0x5c, 0xcc, 0xce, 0xee, 0xc9, 0xaa, 0x1a, 0x61, 
	0x1a, 0x1a, 0x1c, 0x5b, 0xfe, 0xe9, 0xcc, 0x80, 
	0xec, 0xc9, 0xff, 0xcc, 0x97, 0xc7, 0x7e, 0xc7, 
	0x59, 0xff, 0x2c, 0x5f, 0x99, 0xee, 0xf9, 0xea, 
	0xae, 0xc9, 0xcc, 0x99, 0xf5, 0x11, 0x1a, 0xa1, 
	0xaa, 0xaa, 0xa9, 0x7c, 0x9c, 0xc9, 0x9c, 0x11, 
	0x99, 0xef, 0xff, 0xf9, 0xfc, 0x77, 0x55, 0x72, 
	0x77, 0x27, 0x77, 0x59, 0xff, 0xfc, 0xc9, 0x99, 
	0x1c, 0x9c, 0xcc, 0xce, 0xb7, 0xa1, 0x1a, 0xaa, 
	0xa6, 0xa1, 0xa9, 0x79, 0xcc, 0xfc, 0xc9, 0xcf, 
	0x99, 0xb9, 0xcf, 0xff, 0xf7, 0x72, 0x77, 0x77, 
	0x75, 0x77, 0x77, 0x7f, 0xef, 0xbc, 0xce, 0xec, 
	0x99, 0xee, 0x9c, 0xfe, 0xc7, 0xb1, 0xaa, 0x11, 
	0xaa, 0x1a, 0xbc, 0x7f, 0xf9, 0xfc, 0x99, 0x99, 
	0x99, 0xe9, 0x9f, 0xff, 0xf5, 0x55, 0x77, 0x77, 
	0x77, 0x77, 0x77, 0x7e, 0xff, 0xff, 0xbc, 0xce, 
	0xcc, 0xcc, 0x9e, 0xbf, 0xf7, 0xf0, 0xa1, 0xaa, 
	0xa1, 0x1a, 0x97, 0xf9, 0xff, 0xbe, 0xce, 0xff, 
	0xee, 0xff, 0x9f, 0xbf, 0x97, 0x77, 0x77, 0x77, 
	0x75, 0x55, 0x77, 0x7f, 0xfe, 0xef, 0xfe, 0xc9, 
	0xf9, 0xeb, 0xef, 0xff, 0xfb, 0x7b, 0x01, 0x1a, 
	0x10, 0xf2, 0x7f, 0xff, 0xce, 0xbf, 0xc9, 0xc9, 
	0xf9, 0xf9, 0xff, 0xfe, 0xf5, 0x95, 0x27, 0x77, 
	0x75, 0x55, 0xf7, 0xf7, 0xfc, 0x9e, 0xce, 0xec, 
	0xbf, 0xff, 0xcf, 0x9f, 0xef, 0xb5, 0xe2, 0x0a, 
	0xa1, 0x57, 0xff, 0x9f, 0xfb, 0xbc, 0x99, 0xcc, 
	0xf9, 0xff, 0x9f, 0xfc, 0xfe, 0xfe, 0xc7, 0x77, 
	0x75, 0x5f, 0xf7, 0xfe, 0xf2, 0xff, 0xcc, 0x94, 
	0xbc, 0xfb, 0xcb, 0xbb, 0xff, 0xbb, 0x7c, 0x0a, 
	0xa1, 0x7f, 0xfc, 0xfc, 0xc5, 0xee, 0xee, 0x9e, 
	0xcf, 0x9f, 0xfe, 0xfc, 0x9f, 0xcf, 0xfc, 0x57, 
	0x75, 0xfe, 0xf9, 0xfb, 0xf5, 0xff, 0xfc, 0xbc, 
	0xcf, 0xfe, 0xc5, 0x2f, 0xff, 0xff, 0xf9, 0x0a, 
	0x11, 0x7f, 0xf9, 0xc9, 0xaa, 0xbe, 0xcf, 0xff, 
	0x9f, 0xfb, 0xfb, 0xff, 0xbf, 0xfb, 0xce, 0x9c, 
	0xff, 0xbc, 0xef, 0xff, 0xf7, 0xff, 0xfb, 0xbe, 
	0xef, 0xbb, 0xb0, 0x0c, 0xfb, 0xbf, 0xf9, 0x1b, 
	0x11, 0x9f, 0xfc, 0x99, 0x91, 0xb9, 0xef, 0xff, 
	0xff, 0xff, 0xff, 0xf7, 0x75, 0xff, 0xff, 0xce, 
	0xec, 0xcf, 0xeb, 0x57, 0x52, 0xfc, 0xff, 0xfe, 
	0x9c, 0xfc, 0xe9, 0x1f, 0xbb, 0xfb, 0xfc, 0x1a, 
	0xa1, 0xf9, 0xff, 0xee, 0x99, 0x99, 0xff, 0xff, 
	0x9f, 0xfe, 0xef, 0xbf, 0xfb, 0xfb, 0x9e, 0xcf, 
	0x99, 0xef, 0xff, 0xbf, 0xbe, 0xcb, 0xff, 0x9f, 
	0xeb, 0xff, 0xee, 0xcf, 0xfc, 0xfb, 0xff, 0x1a, 
	0x11, 0x9f, 0xf9, 0x9f, 0xf9, 0x9f, 0xff, 0xef, 
	0xfb, 0xff, 0xbf, 0xff, 0xbf, 0xbf, 0xcc, 0xe9, 
	0xec, 0xee, 0xcf, 0xbf, 0xff, 0xff, 0xfc, 0xfb, 
	0xbf, 0xbb, 0xbe, 0xef, 0xbb, 0xbb, 0xfc, 0x1a, 
	0xa1, 0x9e, 0xff, 0xcc, 0xf9, 0x9f, 0xff, 0xff, 
	0xfb, 0xff, 0xff, 0xbf, 0xfe, 0xbb, 0xee, 0x8e, 
	0xef, 0xcc, 0xff, 0xff, 0xfb, 0xef, 0xbf, 0xb8, 
	0xef, 0xfb, 0xbf, 0xef, 0xbb, 0xbf, 0xf9, 0x1a, 
	0x10, 0xef, 0xbf, 0xec, 0xff, 0x9c, 0xef, 0xef, 
	0xfb, 0xfb, 0xff, 0xfb, 0xff, 0xff, 0xeb, 0xce, 
	0xc9, 0xcf, 0xcf, 0xfb, 0xff, 0xfb, 0xff, 0xfe, 
	0xeb, 0xbf, 0xba, 0xfb, 0xfb, 0xfb, 0xe9, 0x1a, 
	0xa0, 0x99, 0xef, 0xbf, 0xf9, 0xbf, 0xff, 0xef, 
	0xfb, 0xbf, 0xff, 0xff, 0xbf, 0xff, 0xee, 0xbc, 
	0xcc, 0xcf, 0xeb, 0xff, 0xbc, 0xbf, 0xff, 0xbf, 
	0xff, 0xff, 0xfb, 0xfb, 0xbb, 0xeb, 0xe9, 0x1a, 
	0xa1, 0x95, 0x5c, 0xb9, 0xfe, 0xfb, 0xbf, 0xeb, 
	0xff, 0xef, 0x99, 0xff, 0xfb, 0xbb, 0xfb, 0xcc, 
	0xce, 0xff, 0xef, 0x9f, 0xff, 0xff, 0xff, 0xff, 
	0xfb, 0xef, 0xbe, 0xff, 0xfb, 0xc2, 0xb9, 0x1a, 
	0xa1, 0x90, 0x09, 0xf9, 0x9f, 0x9f, 0xff, 0xeb, 
	0xff, 0xff, 0xff, 0xff, 0xbf, 0xfb, 0xb4, 0xcc, 
	0xbf, 0xcc, 0x99, 0xff, 0xbf, 0xff, 0xff, 0xff, 
	0x9b, 0xef, 0xfe, 0xcb, 0xff, 0x90, 0x19, 0x1a, 
	0x11, 0x92, 0x19, 0x99, 0xf9, 0x99, 0x9e, 0xfb, 
	0x9f, 0xff, 0xff, 0x9b, 0x9f, 0xbf, 0xfc, 0xe9, 
	0x9c, 0x9e, 0xc9, 0x99, 0xfb, 0x9c, 0xfc, 0xff, 
	0xcf, 0xff, 0xcf, 0xfb, 0x99, 0x9a, 0xf9, 0x1b, 
	0xa0, 0xff, 0xff, 0xf9, 0xfb, 0xfb, 0xf9, 0xf9, 
	0x9b, 0xbf, 0x9f, 0xff, 0xbc, 0xff, 0xcb, 0xcc, 
	0xbb, 0x9b, 0x9b, 0xbb, 0xb9, 0x9f, 0xbb, 0xbf, 
	0xff, 0xff, 0xff, 0xbb, 0xff, 0xfb, 0xfb, 0x1a, 
	0x1a, 0x0a, 0x00, 0x11, 0x11, 0x11, 0x11, 0x11, 
	0x11, 0x10, 0x11, 0x11, 0x11, 0x00, 0x11, 0x11, 
	0x10, 0x11, 0x01, 0x11, 0x11, 0x11, 0x11, 0x01, 
	0x10, 0x00, 0x11, 0x00, 0x11, 0x01, 0x11, 0x0a, 
	
};

ALIGNED8 u8 ow2_eq_kd_eq_other6_001_pal_rgba16[] = {
	0x00, 0x01, 0x31, 0x09, 0xa4, 0x1f, 0x8b, 0x17, 
	0x72, 0x53, 0xcd, 0xad, 0x30, 0xc7, 0xff, 0xff, 
	0x62, 0x0f, 0x7b, 0x1b, 0x41, 0x4d, 0x5a, 0x13, 
	0x72, 0xd7, 0x49, 0x4b, 0x6a, 0x55, 0x6a, 0x99, 
	
};

ALIGNED8 u8 ow2_eq_kd_eq_kabe3_001_ci4[] = {
	0x01, 0x20, 0x03, 0x45, 0x16, 0x17, 0x73, 0x51, 
	0x65, 0x08, 0x41, 0x79, 0x14, 0x45, 0x43, 0x17, 
	0x00, 0x18, 0xa8, 0x3b, 0xb2, 0xc8, 0x33, 0x42, 
	0xa0, 0x53, 0x74, 0x37, 0x53, 0xdd, 0xd1, 0x71, 
	0x43, 0xaa, 0x37, 0x16, 0x04, 0x71, 0x44, 0x57, 
	0x3b, 0x74, 0xa8, 0x97, 0x31, 0x00, 0x60, 0x73, 
	0xc0, 0x31, 0x89, 0x47, 0x55, 0xb5, 0x55, 0x44, 
	0xa5, 0x58, 0x78, 0x83, 0x37, 0x37, 0x54, 0xb5, 
	0x8a, 0xa0, 0x30, 0x75, 0x74, 0x02, 0x03, 0x30, 
	0x16, 0x87, 0x00, 0xa0, 0x17, 0x30, 0x10, 0x74, 
	0x05, 0x70, 0x88, 0x80, 0x03, 0x76, 0x31, 0x36, 
	0x30, 0xa3, 0x17, 0x7d, 0x10, 0x3b, 0x2d, 0x9a, 
	0x50, 0x88, 0x11, 0x37, 0x77, 0x70, 0x77, 0x3e, 
	0x48, 0x88, 0xaa, 0xaa, 0x37, 0x37, 0x77, 0x74, 
	0x11, 0x70, 0x0a, 0x00, 0x47, 0x6b, 0x3c, 0x15, 
	0xa0, 0x87, 0xb0, 0x40, 0xa8, 0xa8, 0x8a, 0x88, 
	0x24, 0x61, 0x07, 0x08, 0x01, 0x71, 0x45, 0x1a, 
	0xa8, 0x88, 0xa1, 0xa8, 0x81, 0x15, 0x52, 0x40, 
	0x88, 0xa7, 0x14, 0xe0, 0x56, 0x3c, 0x1b, 0x31, 
	0xa9, 0xdb, 0x87, 0x93, 0xaa, 0xae, 0x57, 0x81, 
	0x7b, 0x17, 0x09, 0xa7, 0x10, 0x43, 0x60, 0x98, 
	0x7a, 0xa3, 0xbd, 0x88, 0x88, 0x87, 0x48, 0x17, 
	0x0a, 0x67, 0x1c, 0x05, 0x87, 0x71, 0xb5, 0x34, 
	0x59, 0x89, 0x0a, 0x07, 0x32, 0x18, 0xb7, 0x24, 
	0xb5, 0x12, 0x08, 0x00, 0xa5, 0x31, 0x09, 0xb1, 
	0x72, 0x38, 0x3b, 0xba, 0x45, 0x59, 0xa6, 0x01, 
	0xbb, 0x7c, 0xc5, 0xc7, 0xe0, 0x54, 0xbb, 0x87, 
	0xea, 0x90, 0xc7, 0xbe, 0x37, 0x05, 0x22, 0x35, 
	0x43, 0x67, 0x7b, 0x14, 0x8a, 0x38, 0x03, 0xbd, 
	0x7d, 0xf7, 0xcb, 0x85, 0x46, 0x22, 0x18, 0x08, 
	0x7b, 0xc4, 0x33, 0xb5, 0x1a, 0x1b, 0x30, 0x75, 
	0x3a, 0x88, 0xc3, 0xbb, 0x13, 0xbb, 0x87, 0x34, 
	0x15, 0x7b, 0x97, 0x17, 0x73, 0xa8, 0x33, 0xb8, 
	0x3d, 0x6b, 0x3c, 0x04, 0x15, 0x5f, 0x47, 0x93, 
	0x3b, 0xb3, 0x52, 0x73, 0x32, 0x0b, 0x73, 0x65, 
	0x43, 0x8a, 0xa1, 0xb0, 0x43, 0x37, 0x22, 0x51, 
	0x30, 0x54, 0x93, 0x07, 0x72, 0x89, 0xa3, 0xc7, 
	0x3c, 0xbb, 0xce, 0x87, 0xbb, 0x55, 0x40, 0x85, 
	0x7c, 0x3b, 0x44, 0x27, 0x56, 0xe8, 0x35, 0x70, 
	0x23, 0x80, 0x88, 0xa7, 0xbb, 0x23, 0x31, 0x80, 
	0x2b, 0x28, 0x55, 0x03, 0x14, 0x03, 0x3d, 0xd4, 
	0xbc, 0xfc, 0xde, 0x92, 0x41, 0x67, 0xb6, 0x05, 
	0x33, 0x57, 0x51, 0xf3, 0x27, 0x30, 0x06, 0x65, 
	0xc8, 0x00, 0x87, 0x8a, 0xe7, 0x15, 0x24, 0x13, 
	0x32, 0x58, 0x37, 0x67, 0x50, 0x3a, 0x4b, 0xb3, 
	0x1b, 0xbc, 0xb2, 0x53, 0xbb, 0x6b, 0x3b, 0x85, 
	0xc6, 0xf5, 0xb5, 0x47, 0x55, 0x41, 0x80, 0x27, 
	0x70, 0x10, 0x01, 0x88, 0x93, 0xc7, 0x74, 0x52, 
	0x31, 0xe8, 0x77, 0x73, 0x88, 0x1b, 0x41, 0x13, 
	0xbb, 0x15, 0xf8, 0x52, 0x6b, 0x54, 0x7c, 0x47, 
	0xe3, 0x75, 0x34, 0xb5, 0x63, 0x10, 0x0a, 0x03, 
	0xa8, 0x0a, 0x48, 0x88, 0x08, 0xbb, 0x44, 0xe5, 
	0xb2, 0x88, 0x1a, 0x18, 0x70, 0x08, 0x80, 0x1b, 
	0x70, 0xfb, 0xb1, 0x16, 0x43, 0xbb, 0xe0, 0x4a, 
	0x22, 0x6b, 0xe6, 0x5b, 0x67, 0x71, 0x46, 0x88, 
	0x18, 0x84, 0xbb, 0x3b, 0x88, 0x88, 0x1c, 0x71, 
	0x55, 0x10, 0x33, 0x86, 0x55, 0x46, 0x00, 0x81, 
	0x59, 0xbb, 0xea, 0x1b, 0x16, 0x35, 0xcf, 0x1a, 
	0x67, 0x33, 0x27, 0x31, 0xb7, 0x13, 0x34, 0x18, 
	0xa4, 0x6f, 0xec, 0xbf, 0xde, 0xb8, 0x9a, 0x42, 
	0x11, 0x85, 0x31, 0x30, 0x44, 0x10, 0x43, 0x30, 
	0xa4, 0xdb, 0x08, 0x14, 0x44, 0x42, 0x2b, 0xba, 
	0x41, 0x47, 0x44, 0x77, 0x7b, 0xb7, 0x28, 0x8e, 
	0x44, 0x35, 0xdb, 0xc3, 0xde, 0x28, 0xa0, 0x9a, 
	0x8a, 0x44, 0x44, 0x00, 0x70, 0x40, 0x33, 0x15, 
	0x73, 0x80, 0x02, 0x87, 0x77, 0xbb, 0x34, 0x7a, 
	0x06, 0x47, 0x37, 0xba, 0x3a, 0x18, 0xae, 0x3f, 
	0xb4, 0xbc, 0xdd, 0x31, 0x3e, 0x00, 0x88, 0xa8, 
	0x60, 0x5e, 0x44, 0x05, 0x76, 0x78, 0x44, 0x55, 
	0x36, 0xee, 0x18, 0x13, 0xa8, 0xab, 0x47, 0xea, 
	0x5e, 0x72, 0x18, 0x88, 0x38, 0x84, 0xbd, 0x13, 
	0x44, 0x54, 0x46, 0x61, 0xbe, 0x00, 0x80, 0x39, 
	0x61, 0x57, 0xe1, 0x07, 0x04, 0x33, 0x77, 0x40, 
	0x73, 0x30, 0x17, 0x18, 0x81, 0x0e, 0x90, 0xa3, 
	0xa6, 0x57, 0x81, 0x00, 0x8a, 0xdb, 0xf3, 0x1f, 
	0xd1, 0xdc, 0x66, 0xed, 0xbb, 0x30, 0xa3, 0x94, 
	0x73, 0x40, 0xc3, 0x30, 0x54, 0x14, 0x30, 0x00, 
	0x35, 0x67, 0x01, 0x14, 0x01, 0x01, 0x33, 0x08, 
	0x80, 0x08, 0x88, 0x55, 0x80, 0x5b, 0xcf, 0xce, 
	0xec, 0x55, 0xdc, 0x4d, 0xe3, 0x89, 0x18, 0xa7, 
	0x77, 0x45, 0x61, 0x07, 0x18, 0x36, 0x50, 0x31, 
	0x70, 0x55, 0x61, 0x37, 0x70, 0x3e, 0x11, 0x31, 
	0x81, 0x8a, 0xe3, 0x33, 0x2a, 0xcb, 0x7d, 0x54, 
	0xb6, 0x0b, 0x56, 0xb6, 0xe3, 0x03, 0x0e, 0x8a, 
	0x73, 0xe0, 0x46, 0x40, 0x54, 0x73, 0x00, 0x34, 
	0x71, 0x84, 0x15, 0x63, 0x3a, 0x67, 0x60, 0x10, 
	0x81, 0x9b, 0x32, 0xd1, 0x21, 0x17, 0x3b, 0x73, 
	0xe4, 0x1c, 0xe5, 0x4b, 0x80, 0x77, 0x47, 0xe9, 
	0xa1, 0x06, 0x31, 0x40, 0x50, 0x31, 0x73, 0x00, 
	0x83, 0x33, 0x04, 0x47, 0x58, 0x46, 0x3e, 0x8a, 
	0x8e, 0x21, 0x43, 0x4c, 0x71, 0x81, 0xa3, 0x44, 
	0xe8, 0x3d, 0x34, 0xbe, 0x70, 0x76, 0x71, 0x60, 
	0x38, 0xb4, 0x75, 0x40, 0x67, 0x43, 0x31, 0x15, 
	0x04, 0x77, 0x14, 0x1a, 0x08, 0xe2, 0x63, 0xe3, 
	0x93, 0x42, 0x32, 0x5d, 0xb1, 0x11, 0x00, 0xa1, 
	0xbc, 0xc3, 0xbb, 0xf1, 0x14, 0x55, 0x41, 0x13, 
	0x49, 0x04, 0x57, 0x37, 0x43, 0x60, 0x60, 0x54, 
	0x71, 0x02, 0x06, 0x20, 0x8a, 0x35, 0x57, 0x62, 
	0x06, 0x40, 0x3b, 0x67, 0x68, 0x0f, 0xe1, 0x14, 
	0xaf, 0xfc, 0xcc, 0x20, 0x13, 0x54, 0x44, 0xb1, 
	0x43, 0xa0, 0x81, 0x55, 0x76, 0x60, 0x37, 0x77, 
	0x56, 0x35, 0x58, 0x0a, 0x71, 0xa7, 0xfb, 0x1e, 
	0x85, 0x14, 0x13, 0x5b, 0xb1, 0x35, 0xbb, 0x31, 
	0x01, 0x1a, 0x21, 0x00, 0xbb, 0x34, 0x65, 0x44, 
	0x31, 0x4a, 0x73, 0x11, 0x56, 0x13, 0x72, 0x84, 
	0x77, 0x74, 0x80, 0x8c, 0xcd, 0xe0, 0x97, 0x44, 
	0x86, 0x7f, 0xd1, 0xf1, 0xd8, 0xc7, 0x74, 0x3b, 
	0x28, 0x06, 0x80, 0xa4, 0x46, 0x34, 0x34, 0x47, 
	0x47, 0x48, 0xa0, 0x18, 0x44, 0x07, 0x30, 0x07, 
	0x73, 0xca, 0x30, 0xc4, 0xbc, 0xce, 0x38, 0xa0, 
	0x17, 0xeb, 0x23, 0x38, 0x00, 0x3b, 0xfc, 0x44, 
	0x36, 0x80, 0x8a, 0x64, 0x63, 0x11, 0x87, 0x46, 
	0x51, 0x11, 0x89, 0x17, 0x36, 0x4e, 0x84, 0x17, 
	0x71, 0x58, 0x1e, 0xca, 0x3b, 0xc1, 0xc0, 0x08, 
	0xaa, 0x46, 0x3f, 0x3f, 0x70, 0x54, 0x74, 0x35, 
	0x42, 0x20, 0x8a, 0x66, 0x40, 0x47, 0x17, 0x73, 
	0x18, 0x50, 0x43, 0x96, 0x0e, 0xe7, 0x47, 0x73, 
	0x80, 0xe0, 0x8b, 0x3d, 0x5b, 0xec, 0xbb, 0x18, 
	0x8a, 0x23, 0x4b, 0x21, 0x0a, 0xe5, 0x53, 0x1e, 
	0x26, 0x72, 0xa7, 0x77, 0x64, 0x44, 0x64, 0x37, 
	0x10, 0x76, 0x22, 0x00, 0xa7, 0x44, 0x94, 0x47, 
	0x73, 0x29, 0x5f, 0xcc, 0xb8, 0xde, 0xbf, 0xb5, 
	0x0a, 0xb4, 0x0c, 0x88, 0x04, 0x00, 0x73, 0x26, 
	0x65, 0xfa, 0x44, 0x53, 0x64, 0x54, 0x65, 0x63, 
	0x14, 0x43, 0x44, 0x3a, 0x88, 0x07, 0xe4, 0x55, 
	0xc0, 0xac, 0xfb, 0xcb, 0xbc, 0xc2, 0xcf, 0xbe, 
	0xea, 0x25, 0x02, 0x01, 0x8a, 0x50, 0x74, 0x22, 
	0x4e, 0x0e, 0x54, 0xe0, 0x40, 0x64, 0x74, 0x35, 
	0x74, 0x33, 0x03, 0xea, 0x77, 0x67, 0xa8, 0x29, 
	0x0c, 0xbb, 0x4c, 0xfc, 0xdd, 0xfb, 0xbc, 0xbc, 
	0x3a, 0x33, 0x87, 0xa8, 0xa8, 0x94, 0x41, 0x23, 
	0xc1, 0xe7, 0x44, 0x77, 0x11, 0x74, 0x65, 0x34, 
	0x77, 0x60, 0x27, 0x10, 0x04, 0x17, 0x70, 0xaa, 
	0x74, 0xbc, 0xbb, 0xf3, 0xbe, 0xdb, 0xbb, 0xcb, 
	0x31, 0x10, 0x09, 0x47, 0x7a, 0x38, 0x5f, 0xbf, 
	0xe8, 0x26, 0x73, 0x03, 0x43, 0x60, 0x30, 0x04, 
	0x46, 0x11, 0x0e, 0x87, 0x41, 0x74, 0xa8, 0x92, 
	0xb2, 0xfc, 0xcb, 0xcf, 0xfb, 0xcc, 0x31, 0xbf, 
	0x28, 0x00, 0x04, 0x4b, 0x17, 0x81, 0x17, 0xb2, 
	0x87, 0x65, 0x61, 0x04, 0x34, 0x56, 0x77, 0x63, 
	0xe4, 0x30, 0x31, 0xa3, 0x70, 0xde, 0x08, 0xcd, 
	0xfb, 0xfc, 0xbb, 0xfc, 0xeb, 0xcb, 0xd3, 0xbb, 
	0x10, 0x13, 0x9e, 0x4b, 0x60, 0x6e, 0x30, 0x00, 
	0x45, 0x20, 0x60, 0x76, 0x31, 0xe6, 0x44, 0x33, 
	0x66, 0x64, 0x48, 0x73, 0x24, 0x78, 0xaa, 0x9b, 
	0xfb, 0xcd, 0xcc, 0xbd, 0xfc, 0xef, 0xb1, 0xbc, 
	0x27, 0x01, 0xe3, 0xff, 0x53, 0x36, 0xe0, 0x89, 
	0x14, 0x61, 0x46, 0x60, 0x64, 0x55, 0x33, 0x74, 
	0x10, 0x74, 0x89, 0x74, 0x54, 0xaa, 0x07, 0x89, 
	0x5b, 0xbc, 0xdb, 0xdf, 0xbb, 0xbc, 0xbc, 0xcc, 
	0xe8, 0x09, 0x74, 0x5b, 0xb7, 0x15, 0xeb, 0x51, 
	0x14, 0x4e, 0x37, 0x65, 0x36, 0x54, 0x43, 0x57, 
	0x14, 0x71, 0x84, 0x04, 0x18, 0xa8, 0xfc, 0xfa, 
	0x1b, 0xcc, 0xcc, 0x5b, 0xb1, 0x3f, 0xfb, 0xed, 
	0x48, 0x71, 0x45, 0x24, 0x4b, 0x46, 0x66, 0x64, 
	0x38, 0xa0, 0x87, 0x47, 0x07, 0x76, 0x06, 0x13, 
	0x04, 0xe0, 0x92, 0x35, 0x18, 0x9c, 0x75, 0xc4, 
	0xaf, 0xfb, 0xbc, 0x8d, 0xfc, 0xcc, 0xbd, 0xee, 
	0x09, 0x73, 0x10, 0x14, 0x44, 0xc7, 0x45, 0x60, 
	0xb8, 0xc8, 0x0a, 0x34, 0x14, 0x77, 0x33, 0x45, 
	0x2a, 0xa9, 0x33, 0x47, 0x19, 0x8d, 0x85, 0xb7, 
	0x13, 0xdb, 0xcf, 0xb2, 0xbc, 0xcf, 0xcf, 0xf8, 
	0x86, 0x71, 0x63, 0x46, 0x53, 0x3e, 0xe4, 0x75, 
	0x01, 0x41, 0x55, 0xea, 0xa4, 0x41, 0x06, 0x34, 
	0x38, 0xa9, 0x64, 0x75, 0xa6, 0xb4, 0xeb, 0x18, 
	0x50, 0xcf, 0xcb, 0xc3, 0xcd, 0x4f, 0xfb, 0xd0, 
	0x94, 0x10, 0x65, 0x34, 0x45, 0x0e, 0xe3, 0x47, 
	0x46, 0x73, 0xb2, 0x7e, 0xa8, 0x77, 0x53, 0x86, 
	0x88, 0xaa, 0x52, 0x32, 0x91, 0xd1, 0x13, 0x37, 
	0x8e, 0x8c, 0xbd, 0xcc, 0xcc, 0xac, 0xf6, 0x1a, 
	0x63, 0xa8, 0x52, 0x36, 0x4c, 0x0e, 0xb6, 0x46, 
	0x74, 0xd8, 0x73, 0x46, 0x00, 0x8a, 0x80, 0x00, 
	0x80, 0x89, 0x84, 0xe0, 0x75, 0xed, 0xd0, 0x35, 
	0x75, 0x0a, 0xd1, 0x6b, 0xc3, 0x0f, 0xbe, 0x75, 
	0x87, 0x41, 0x04, 0x56, 0x53, 0x73, 0x47, 0x34, 
	0xe3, 0x53, 0xf1, 0x27, 0x03, 0x80, 0x80, 0x38, 
	0x04, 0x08, 0xa1, 0xa9, 0x58, 0xd8, 0xd1, 0x11, 
	0xf3, 0xd8, 0xc5, 0xcc, 0xca, 0x11, 0x31, 0xc0, 
	0x17, 0x44, 0x17, 0x56, 0x61, 0x74, 0x74, 0x65, 
	0x4e, 0x47, 0x54, 0x74, 0x4c, 0xe0, 0xa8, 0x94, 
	0x07, 0xe8, 0xaa, 0xa4, 0x74, 0xd0, 0xdb, 0x6a, 
	0x00, 0x13, 0xa3, 0xc8, 0xba, 0xbb, 0xea, 0xe7, 
	0x01, 0x04, 0x70, 0x75, 0x3e, 0x73, 0x15, 0x76, 
	0x53, 0x08, 0x50, 0xe4, 0x33, 0x89, 0x9e, 0x37, 
	0x70, 0xe0, 0x8a, 0x95, 0xdb, 0x77, 0x66, 0x43, 
	0x72, 0x31, 0xc8, 0xbc, 0x1b, 0x0c, 0x08, 0x16, 
	0x44, 0x14, 0x14, 0xe5, 0x75, 0x4a, 0xb7, 0x55, 
	0x80, 0x42, 0x37, 0x34, 0x83, 0x09, 0xe4, 0x40, 
	0x73, 0xea, 0xaa, 0xcd, 0x1d, 0x30, 0x8d, 0x15, 
	0x41, 0x1b, 0x8c, 0x82, 0x1d, 0xbe, 0x88, 0x3e, 
	0x45, 0x80, 0x75, 0x06, 0x01, 0x41, 0x65, 0x73, 
	0x51, 0x54, 0x45, 0x37, 0x88, 0x67, 0x66, 0x58, 
	0x61, 0xe8, 0x89, 0x63, 0x35, 0x3f, 0x4d, 0xd6, 
	0x31, 0x33, 0x3b, 0x08, 0x0b, 0x10, 0x0a, 0x08, 
	0x5e, 0x58, 0x11, 0x63, 0x67, 0x67, 0x57, 0x52, 
	0x44, 0x07, 0x13, 0x53, 0x81, 0xe0, 0x7f, 0x40, 
	0x33, 0x68, 0x89, 0x16, 0xd1, 0x35, 0x1d, 0xd6, 
	0x47, 0xd3, 0x1a, 0xd8, 0x88, 0x8a, 0xce, 0xe8, 
	0x88, 0x31, 0x44, 0x36, 0x66, 0x1e, 0x00, 0x57, 
	0x66, 0x78, 0x08, 0xa7, 0x0a, 0xa4, 0x64, 0x76, 
	0x72, 0x80, 0x88, 0xb8, 0x07, 0x78, 0x70, 0xb3, 
	0xb4, 0x41, 0x70, 0x65, 0x88, 0x09, 0xcb, 0x57, 
	0x58, 0x83, 0xe7, 0x47, 0x78, 0x05, 0x74, 0x0e, 
	0x44, 0x76, 0x89, 0x43, 0x4c, 0x88, 0x80, 0x33, 
	0x88, 0xaa, 0x97, 0xb1, 0x55, 0x57, 0x53, 0x64, 
	0x68, 0x36, 0x15, 0x11, 0xe1, 0x89, 0x17, 0x3e, 
	0x14, 0x58, 0x03, 0x37, 0x71, 0x43, 0x53, 0x51, 
	0x45, 0x38, 0x95, 0x33, 0x36, 0x5c, 0xa8, 0x18, 
	0x88, 0x88, 0x95, 0xf4, 0xb6, 0x67, 0x71, 0x5d, 
	0x45, 0x8d, 0xc1, 0xbd, 0xd1, 0x19, 0x47, 0x16, 
	0xe6, 0xc8, 0x08, 0xae, 0x72, 0x32, 0x37, 0x04, 
	0x68, 0xa9, 0x75, 0x66, 0xb0, 0x15, 0xf1, 0x80, 
	0x8a, 0x80, 0x15, 0xeb, 0x7f, 0x05, 0x56, 0x3d, 
	0x73, 0x41, 0x31, 0xd1, 0x4d, 0x80, 0x45, 0x40, 
	0x67, 0xd1, 0xa8, 0x80, 0x8b, 0x13, 0x60, 0x44, 
	0x80, 0xa5, 0xc4, 0x13, 0xe7, 0x75, 0x73, 0xec, 
	0xc8, 0xaa, 0x1d, 0x5e, 0xcb, 0xd0, 0xb3, 0x5e, 
	0xb7, 0xb5, 0x10, 0xd3, 0xdd, 0x00, 0x85, 0xe7, 
	0x55, 0xb0, 0x08, 0x97, 0x8a, 0xa0, 0x15, 0x47, 
	0x89, 0x9c, 0xda, 0xd4, 0xe5, 0xee, 0xb3, 0x54, 
	0x33, 0xa8, 0x83, 0x37, 0x51, 0xd5, 0xb0, 0x07, 
	0x63, 0x8c, 0xdb, 0xdb, 0xdd, 0xf0, 0x86, 0x77, 
	0x46, 0x80, 0x05, 0x45, 0x58, 0x8a, 0xb1, 0x61, 
	0x03, 0x51, 0xf4, 0x45, 0x41, 0x44, 0x64, 0xd1, 
	0x0d, 0x40, 0x97, 0x73, 0x4b, 0xb4, 0xd7, 0x83, 
	0xd3, 0xe1, 0x53, 0xef, 0x73, 0xb8, 0x2a, 0x07, 
	0xe1, 0xa0, 0x47, 0x2b, 0x34, 0x5e, 0x88, 0x88, 
	0xe6, 0xbb, 0xd6, 0x43, 0x11, 0x75, 0x61, 0x17, 
	0xd1, 0x31, 0x08, 0xaa, 0xab, 0x33, 0xb4, 0x30, 
	0x54, 0xd4, 0x4d, 0xdb, 0x58, 0x56, 0x81, 0x78, 
	0xa8, 0x04, 0x54, 0x37, 0x33, 0x4b, 0x4e, 0x13, 
	0x3b, 0xbb, 0xf5, 0x51, 0xb5, 0x43, 0x4d, 0x61, 
	0xd5, 0x53, 0x88, 0x0a, 0x8a, 0x8a, 0xa8, 0xbb, 
	0xc3, 0xd0, 0xdf, 0xdb, 0x45, 0x0e, 0x82, 0xee, 
	0x8a, 0x44, 0x63, 0x42, 0xb5, 0xcb, 0xf7, 0x83, 
	0xbc, 0xfb, 0xbb, 0x11, 0xd1, 0x1d, 0xd0, 0x80, 
	0x11, 0x01, 0xda, 0x80, 0x89, 0xaa, 0x88, 0x8a, 
	0xa1, 0xc1, 0x4b, 0xb1, 0x3b, 0x01, 0x51, 0x10, 
	0x88, 0x41, 0x35, 0x15, 0xc4, 0x54, 0x22, 0x04, 
	0xbf, 0xff, 0x3c, 0x44, 0x57, 0x00, 0x87, 0xb6, 
	0xe0, 0xd8, 0xb0, 0x08, 0xa1, 0x04, 0x63, 0x68, 
	0x8a, 0xa3, 0x3e, 0x83, 0xfa, 0x83, 0x57, 0x47, 
	0x6a, 0xae, 0x52, 0x25, 0x75, 0x27, 0x27, 0x09, 
	0xff, 0xc2, 0x64, 0x3d, 0x20, 0x63, 0x1c, 0x50, 
	0x30, 0x14, 0x38, 0x83, 0x47, 0x73, 0x13, 0x74, 
	0x13, 0x18, 0xa8, 0x31, 0xd0, 0xa4, 0x44, 0x08, 
	0x08, 0xa8, 0x34, 0x7c, 0x7c, 0x5b, 0x43, 0x49, 
	0x5f, 0x23, 0x4c, 0x37, 0x30, 0x8d, 0x71, 0x71, 
	0x51, 0x14, 0xaa, 0x33, 0x34, 0x04, 0x81, 0x41, 
	0x33, 0x70, 0x01, 0x88, 0x09, 0x03, 0x20, 0x07, 
	0x5e, 0x0a, 0xe4, 0xbb, 0x47, 0x1b, 0xb3, 0xea, 
	0x3e, 0xc8, 0x03, 0x01, 0x10, 0xd8, 0xd1, 0x53, 
	0x8e, 0x80, 0x87, 0x03, 0x37, 0x47, 0x77, 0x33, 
	0x77, 0x73, 0x01, 0x48, 0x90, 0x77, 0x57, 0x53, 
	0x01, 0x8a, 0x14, 0xcc, 0x14, 0x63, 0x67, 0x7a, 
	0x5b, 0x7b, 0xdb, 0x77, 0x73, 0xa8, 0x27, 0x58, 
	
};

ALIGNED8 u8 ow2_eq_kd_eq_kabe3_001_pal_rgba16[] = {
	0x7b, 0x11, 0x9b, 0xd5, 0x83, 0x0f, 0xac, 0x59, 
	0xc5, 0x5f, 0xd5, 0xe3, 0xe6, 0x67, 0xb4, 0xdb, 
	0x62, 0x4b, 0x00, 0x01, 0x41, 0x47, 0xc5, 0x1b, 
	0xe6, 0x21, 0x8b, 0x11, 0xf7, 0x2b, 0xab, 0xd1, 
	
};

ALIGNED8 u8 ow2_eq_kd_eq_other1_001_ci4[] = {
	0x01, 0x23, 0x45, 0x44, 0x03, 0x66, 0x44, 0x57, 
	0x83, 0x10, 0x79, 0x75, 0x54, 0x44, 0x83, 0x36, 
	0x96, 0x36, 0x66, 0x62, 0x61, 0x00, 0x41, 0x63, 
	0x63, 0x34, 0x54, 0x17, 0x03, 0x23, 0x34, 0x4a, 
	0x46, 0x46, 0x65, 0x00, 0x33, 0x33, 0x36, 0x38, 
	0x41, 0x13, 0x38, 0x38, 0x44, 0x06, 0x83, 0x63, 
	0x33, 0x33, 0x66, 0x13, 0x32, 0x36, 0x33, 0x22, 
	0x86, 0x34, 0x03, 0x33, 0x12, 0x81, 0x38, 0x4a, 
	0x38, 0x86, 0x38, 0x24, 0x32, 0x31, 0xbb, 0xbb, 
	0xbb, 0xbb, 0xbb, 0xbb, 0xbb, 0xbb, 0xbb, 0xbb, 
	0xbb, 0xbb, 0xbb, 0xbb, 0xbb, 0xbb, 0xbb, 0xbb, 
	0xbb, 0xbb, 0x63, 0x32, 0x28, 0x38, 0x36, 0x3a, 
	0x33, 0x31, 0x63, 0x28, 0x38, 0x8b, 0xcc, 0xde, 
	0xd0, 0x02, 0x22, 0x22, 0xad, 0xcc, 0x62, 0x92, 
	0x21, 0xa2, 0xcc, 0xc4, 0x04, 0x66, 0x62, 0x6d, 
	0xcf, 0xdf, 0xb1, 0x23, 0x33, 0x83, 0x36, 0x36, 
	0x32, 0x63, 0x36, 0x26, 0x61, 0xbd, 0xaf, 0xdd, 
	0xc5, 0x68, 0x33, 0x33, 0xbc, 0xdd, 0xd8, 0x23, 
	0x63, 0x03, 0xce, 0xcc, 0x15, 0x82, 0x23, 0x6d, 
	0xcf, 0xcc, 0xdb, 0x22, 0x28, 0x32, 0x03, 0x36, 
	0x00, 0x33, 0x32, 0x23, 0xdb, 0xc4, 0x0c, 0xdc, 
	0xdd, 0x82, 0x33, 0x68, 0xdd, 0xdf, 0xd6, 0x23, 
	0x26, 0x3d, 0xcc, 0xce, 0x93, 0x32, 0x33, 0xdc, 
	0xcc, 0xc6, 0xcc, 0xb1, 0x28, 0x33, 0x33, 0x66, 
	0x46, 0x63, 0x16, 0x36, 0xbc, 0x44, 0x4f, 0xcd, 
	0xdc, 0xd6, 0x33, 0x8b, 0xdc, 0xcc, 0xcd, 0x36, 
	0x26, 0xbe, 0xcf, 0xcc, 0xc8, 0x33, 0x36, 0xcc, 
	0xee, 0x13, 0x87, 0xdb, 0x98, 0x86, 0x63, 0x36, 
	0x40, 0x16, 0x94, 0x1b, 0xd1, 0x34, 0x0a, 0xcf, 
	0xcd, 0xf9, 0x36, 0xbb, 0xdc, 0xcd, 0xcb, 0x72, 
	0x33, 0xdc, 0xcc, 0xce, 0xfd, 0x23, 0x3d, 0xdd, 
	0xcc, 0x63, 0x23, 0x7b, 0xb6, 0x36, 0x63, 0x26, 
	0x60, 0x00, 0x44, 0xbc, 0x42, 0x22, 0x00, 0xce, 
	0xdc, 0xcb, 0x63, 0xdd, 0xcd, 0xcd, 0xcc, 0xd6, 
	0x3d, 0xcc, 0xcd, 0xec, 0xfc, 0x93, 0xdc, 0xcc, 
	0xed, 0x33, 0x23, 0x5f, 0xdb, 0x1a, 0x82, 0x23, 
	0x32, 0x00, 0x4b, 0xc4, 0x16, 0x22, 0x33, 0xcd, 
	0xcd, 0xfe, 0x7b, 0xcd, 0xdc, 0xdd, 0xde, 0xed, 
	0xbd, 0xce, 0xdc, 0xec, 0xde, 0xd9, 0xdc, 0xdc, 
	0xec, 0x33, 0x89, 0x93, 0x7e, 0xba, 0x02, 0x33, 
	0x62, 0x67, 0xbc, 0x12, 0x62, 0x23, 0x32, 0x3e, 
	0xdc, 0xcc, 0xcc, 0xcd, 0xdd, 0xdd, 0xdc, 0x7c, 
	0x1f, 0xce, 0xcd, 0xce, 0xcd, 0xcd, 0xcc, 0xed, 
	0xe3, 0x23, 0x22, 0x83, 0x8f, 0xdb, 0x52, 0x36, 
	0x36, 0x1b, 0xd1, 0x22, 0x03, 0x23, 0x22, 0x3d, 
	0xdd, 0xce, 0xdc, 0xdd, 0xe7, 0x68, 0x32, 0x36, 
	0x63, 0x30, 0x66, 0x7c, 0xcd, 0xdc, 0xcd, 0xef, 
	0xe3, 0x82, 0x32, 0x23, 0x12, 0x0d, 0xb4, 0x3a, 
	0x6a, 0xbd, 0x73, 0x36, 0x22, 0x83, 0x62, 0x3f, 
	0xed, 0xcc, 0xcd, 0xd7, 0x47, 0x83, 0x33, 0x21, 
	0x16, 0x33, 0x83, 0x23, 0x1c, 0xee, 0xce, 0xee, 
	0xc3, 0x33, 0x33, 0x26, 0x63, 0x47, 0xd5, 0x66, 
	0x16, 0xbf, 0xdb, 0xb7, 0x32, 0x23, 0x33, 0x31, 
	0xdd, 0xdd, 0xd8, 0x97, 0x55, 0xcc, 0xfe, 0xff, 
	0xf4, 0xa0, 0xd7, 0x18, 0x31, 0x9d, 0xce, 0xcd, 
	0x73, 0x33, 0x23, 0x33, 0x7b, 0xbd, 0xd7, 0x33, 
	0x26, 0xbd, 0xde, 0xde, 0xdb, 0xb7, 0x32, 0x44, 
	0xdd, 0xc9, 0x38, 0x7d, 0xd0, 0xec, 0xec, 0xcf, 
	0xee, 0xe4, 0xef, 0xa7, 0x13, 0x81, 0xee, 0xed, 
	0x32, 0x38, 0x27, 0xbb, 0xdf, 0xdc, 0xc9, 0x38, 
	0x16, 0xdd, 0xcc, 0xcf, 0xde, 0xcd, 0xbb, 0x74, 
	0x4d, 0x38, 0x21, 0xcd, 0x74, 0xfe, 0x4f, 0xee, 
	0xee, 0xf4, 0x4f, 0xef, 0x0b, 0x78, 0x6f, 0xdd, 
	0x10, 0x7b, 0xbb, 0xdd, 0xcc, 0xcf, 0xf1, 0x38, 
	0x33, 0xd4, 0xcc, 0xcf, 0xdd, 0xcd, 0xdd, 0xdd, 
	0xd8, 0x88, 0xd4, 0xec, 0xe4, 0xcd, 0xce, 0xee, 
	0xef, 0x0c, 0xee, 0xec, 0xfe, 0xfd, 0x32, 0x9d, 
	0xbb, 0xdd, 0xdd, 0xde, 0xdc, 0xce, 0xc1, 0x83, 
	0x36, 0x75, 0x27, 0xcc, 0xdd, 0xcc, 0xde, 0xec, 
	0x23, 0x1c, 0xce, 0xec, 0xf5, 0xee, 0xef, 0xde, 
	0xce, 0xfc, 0xee, 0xec, 0xff, 0xc0, 0xc1, 0x37, 
	0xce, 0xdc, 0xdd, 0xdc, 0xdc, 0xe8, 0xd7, 0x33, 
	0x33, 0xd5, 0x22, 0x2c, 0xdd, 0xed, 0xcc, 0xf3, 
	0x33, 0xdc, 0xce, 0xee, 0xee, 0xee, 0xcf, 0xcf, 
	0xde, 0x4d, 0xec, 0xcc, 0xce, 0xee, 0xed, 0x83, 
	0x7f, 0xdc, 0xdc, 0xcc, 0xd6, 0x38, 0xdd, 0x33, 
	0x33, 0xd5, 0x22, 0x60, 0x1d, 0xec, 0xcc, 0x73, 
	0x8d, 0xdc, 0xcf, 0xee, 0xee, 0xfe, 0x4e, 0xee, 
	0xce, 0xec, 0xee, 0xed, 0xde, 0xec, 0xef, 0x76, 
	0x8c, 0xcc, 0xdd, 0xcc, 0x33, 0x88, 0xd1, 0x33, 
	0x83, 0xd1, 0x26, 0x33, 0x39, 0xcc, 0xef, 0x33, 
	0xdc, 0xdc, 0xee, 0xef, 0xcd, 0xdd, 0xc5, 0xee, 
	0xff, 0xcd, 0xde, 0xdd, 0xce, 0x4e, 0xed, 0xf7, 
	0x36, 0xcd, 0xcd, 0x03, 0x83, 0x83, 0xd1, 0x38, 
	0x18, 0xd1, 0x36, 0x33, 0xbd, 0xcc, 0xc4, 0x68, 
	0xdc, 0xcc, 0xee, 0x4c, 0x91, 0x22, 0x2b, 0x5e, 
	0xec, 0xd3, 0x33, 0x21, 0xbc, 0xef, 0xed, 0xef, 
	0x83, 0xcc, 0xdc, 0xb3, 0x32, 0x28, 0xd9, 0x31, 
	0x33, 0xd1, 0x31, 0x9b, 0xdd, 0xcd, 0xc3, 0x8c, 
	0xfe, 0xfd, 0xcc, 0xc3, 0x38, 0x23, 0x22, 0xbc, 
	0xed, 0x32, 0x31, 0x33, 0x3b, 0xfe, 0xfc, 0xef, 
	0xd8, 0x6c, 0xcd, 0xcd, 0x70, 0x28, 0xc9, 0x31, 
	0x33, 0xd1, 0x8b, 0xbd, 0xdc, 0xcd, 0x18, 0x1f, 
	0xee, 0xcd, 0xdc, 0x78, 0x3d, 0xcd, 0x82, 0x7c, 
	0xe1, 0x21, 0xcc, 0xd8, 0x8d, 0xdf, 0xce, 0xcf, 
	0xf8, 0x5d, 0xdc, 0xdc, 0xcb, 0x93, 0xd9, 0x30, 
	0x32, 0xdb, 0xbd, 0xce, 0xbd, 0xce, 0x83, 0xde, 
	0xce, 0xef, 0xbe, 0x76, 0xcc, 0xcd, 0xd8, 0x8b, 
	0xc8, 0x3c, 0xdd, 0xcd, 0x83, 0xdc, 0xce, 0xcd, 
	0x5d, 0x82, 0xdc, 0xdc, 0xcc, 0xdb, 0xd7, 0x66, 
	0x22, 0xcd, 0xbe, 0xdf, 0xcc, 0xc7, 0x33, 0xdd, 
	0xde, 0xef, 0x3d, 0x42, 0xcd, 0xcd, 0xd8, 0x3d, 
	0xd3, 0x3d, 0xdd, 0xdc, 0x32, 0xd2, 0xce, 0xcc, 
	0xdc, 0x32, 0xcd, 0xcc, 0xce, 0xee, 0xd9, 0x89, 
	0x42, 0x7c, 0xdc, 0xcc, 0xcc, 0xe8, 0x37, 0xf7, 
	0x7b, 0xcf, 0x1c, 0x32, 0xdc, 0xdd, 0xc8, 0x48, 
	0x23, 0x3c, 0xed, 0xdc, 0x22, 0x71, 0xec, 0xd1, 
	0xce, 0x13, 0xec, 0xce, 0xcc, 0xec, 0xc7, 0x31, 
	0x42, 0xd0, 0xcc, 0xde, 0xce, 0xe6, 0x3d, 0xce, 
	0x38, 0x7d, 0x63, 0x83, 0xec, 0xcc, 0xd5, 0x49, 
	0x21, 0x2c, 0xcd, 0xcc, 0x31, 0x37, 0xc4, 0xf3, 
	0xdc, 0xc2, 0x1c, 0xcf, 0xcc, 0xec, 0xd7, 0x33, 
	0x32, 0xd1, 0x2c, 0xec, 0xcf, 0xc6, 0x2d, 0xee, 
	0x72, 0x3a, 0x72, 0x73, 0x1c, 0xcd, 0x95, 0x58, 
	0x27, 0x31, 0xcd, 0xe2, 0x2f, 0x34, 0x00, 0x2c, 
	0xdc, 0xc3, 0x2d, 0xcc, 0xcc, 0xe0, 0xc9, 0x23, 
	0x33, 0xd1, 0x34, 0x2c, 0xdc, 0xc8, 0x3e, 0xce, 
	0xc2, 0x35, 0x43, 0x31, 0x22, 0x22, 0x89, 0x18, 
	0x37, 0x32, 0x22, 0x22, 0x23, 0x22, 0x23, 0x3c, 
	0xcd, 0xe3, 0x3d, 0xdc, 0xfe, 0x23, 0xd7, 0x21, 
	0x88, 0xb9, 0x83, 0x32, 0xed, 0xd6, 0x2d, 0xec, 
	0xcd, 0x81, 0x0a, 0x89, 0x53, 0x33, 0x89, 0x33, 
	0x22, 0x73, 0x23, 0x21, 0x32, 0x22, 0x22, 0xcd, 
	0xde, 0xe9, 0x2d, 0xcc, 0x33, 0x93, 0xdd, 0x23, 
	0x98, 0xd9, 0x88, 0x32, 0xaa, 0xd2, 0x3e, 0xdc, 
	0x93, 0x36, 0x33, 0x58, 0x33, 0x71, 0x18, 0x33, 
	0x23, 0x20, 0x97, 0x13, 0x82, 0x36, 0x32, 0x22, 
	0xdd, 0xc7, 0x8d, 0xc5, 0x32, 0x23, 0xd9, 0x33, 
	0x93, 0xd1, 0x88, 0x32, 0x7b, 0xd3, 0xc7, 0x43, 
	0x32, 0x63, 0x83, 0x83, 0x22, 0x33, 0x33, 0x22, 
	0x38, 0x33, 0x23, 0x32, 0x22, 0x36, 0x23, 0x33, 
	0x83, 0xdb, 0x3c, 0xb3, 0x23, 0x32, 0xd7, 0x82, 
	0x23, 0xd1, 0x36, 0x3b, 0xcc, 0xd3, 0xc7, 0x55, 
	0x88, 0x31, 0x33, 0x38, 0x22, 0x32, 0x2c, 0x32, 
	0x32, 0x53, 0x43, 0x32, 0x22, 0x22, 0x22, 0x23, 
	0x81, 0x7c, 0x3c, 0xdd, 0x12, 0x33, 0xd1, 0x32, 
	0x22, 0xd7, 0x37, 0xbe, 0xcd, 0xc8, 0x4d, 0xee, 
	0x83, 0x38, 0x83, 0x39, 0x33, 0x22, 0x32, 0x78, 
	0x85, 0x44, 0x33, 0x37, 0x52, 0x62, 0x22, 0x61, 
	0xce, 0xe3, 0x3c, 0xcc, 0xcb, 0x22, 0xc1, 0x82, 
	0x33, 0xdd, 0xbd, 0xdc, 0xcc, 0xe9, 0x3d, 0xec, 
	0x33, 0x33, 0x86, 0x12, 0x61, 0x7d, 0x55, 0x57, 
	0xd5, 0x5d, 0x17, 0x6a, 0xa1, 0x22, 0x22, 0x22, 
	0xbe, 0xd3, 0x1e, 0xcc, 0xcc, 0xd1, 0x79, 0x32, 
	0x33, 0xdd, 0xdd, 0xcc, 0xde, 0xc8, 0x3d, 0xe6, 
	0x33, 0x33, 0x86, 0xb2, 0x38, 0x98, 0x02, 0x36, 
	0x32, 0x33, 0x3d, 0x83, 0xad, 0x22, 0x32, 0x28, 
	0x1d, 0xf3, 0xcd, 0xcd, 0xce, 0xdc, 0xe1, 0x33, 
	0x13, 0xdd, 0xdc, 0xdd, 0xdc, 0xd7, 0x31, 0xd3, 
	0x83, 0xb3, 0x31, 0xb3, 0x33, 0x93, 0x28, 0x86, 
	0x33, 0x38, 0x2d, 0x21, 0x3c, 0x32, 0x2b, 0x22, 
	0x3c, 0x32, 0xcc, 0xcc, 0xcc, 0xdd, 0xc1, 0x31, 
	0x92, 0xdd, 0xdd, 0xcc, 0xdc, 0xcd, 0x21, 0x32, 
	0x9b, 0xb3, 0x8b, 0x41, 0x18, 0xd8, 0x33, 0x32, 
	0x32, 0x83, 0x3d, 0x31, 0xef, 0xb2, 0x2e, 0xd1, 
	0x28, 0x32, 0xcc, 0xec, 0xdc, 0xcc, 0xe9, 0x38, 
	0x23, 0xcd, 0xac, 0xdc, 0xdc, 0xdc, 0x3e, 0x2b, 
	0xee, 0xd3, 0x1e, 0xfc, 0x13, 0xc8, 0x38, 0x32, 
	0x33, 0x63, 0x3d, 0x6f, 0xef, 0xc3, 0x2c, 0xff, 
	0xb2, 0xd7, 0xcd, 0xcd, 0xcd, 0xc4, 0xd9, 0x30, 
	0x63, 0xd1, 0x33, 0xcc, 0xdd, 0xcd, 0x73, 0xbd, 
	0xfe, 0xe0, 0xde, 0xcf, 0x73, 0xb8, 0x31, 0x82, 
	0x33, 0x16, 0x2e, 0x2e, 0xef, 0xfd, 0x2d, 0xee, 
	0xfb, 0x2d, 0xed, 0xec, 0xcc, 0x22, 0xd6, 0x21, 
	0x33, 0xd1, 0x82, 0x32, 0xcd, 0xcd, 0xd5, 0x0f, 
	0xee, 0xe4, 0xbe, 0xee, 0xe9, 0xd8, 0x81, 0x33, 
	0x13, 0x12, 0x37, 0x9c, 0xf4, 0xee, 0x3d, 0xef, 
	0xe0, 0xbc, 0xcc, 0xcc, 0x73, 0x23, 0xc8, 0x32, 
	0x23, 0xd1, 0x32, 0x22, 0x44, 0xdd, 0xcd, 0x60, 
	0xde, 0xee, 0x4c, 0xfe, 0xcc, 0xd3, 0x09, 0x63, 
	0x88, 0x98, 0x2c, 0xee, 0x40, 0xff, 0x7b, 0xec, 
	0x00, 0xdc, 0xdd, 0xc3, 0x33, 0x33, 0xc1, 0x82, 
	0x33, 0xd7, 0x33, 0x22, 0x8b, 0xdd, 0xdd, 0x64, 
	0xad, 0xed, 0x5e, 0xce, 0xfc, 0xed, 0xf9, 0x86, 
	0x88, 0x70, 0xef, 0xe4, 0xf4, 0xfe, 0xec, 0xe2, 
	0x8d, 0xdc, 0xcd, 0x78, 0x22, 0x28, 0xdd, 0x23, 
	0x22, 0xd7, 0x32, 0x27, 0xdc, 0xdd, 0xdc, 0xd6, 
	0xa9, 0xec, 0xee, 0xfe, 0xef, 0xf4, 0x0d, 0xcd, 
	0xdd, 0xde, 0xee, 0xee, 0xf4, 0xee, 0xfc, 0x12, 
	0x5c, 0xcc, 0xcc, 0xcb, 0x33, 0x33, 0xc7, 0x36, 
	0x92, 0xd9, 0x23, 0xbc, 0xfe, 0xcc, 0xcd, 0xcb, 
	0x33, 0x7d, 0xec, 0xef, 0xef, 0xff, 0xec, 0x4e, 
	0xcf, 0xee, 0xec, 0xef, 0xff, 0xfe, 0xc7, 0x23, 
	0xdc, 0xcc, 0xdc, 0xcd, 0xd1, 0x23, 0xc4, 0x33, 
	0x90, 0xd1, 0xbb, 0xcc, 0xec, 0xec, 0xdc, 0xcc, 
	0xb3, 0x31, 0xce, 0xee, 0xee, 0xfe, 0xfc, 0xee, 
	0xcf, 0xee, 0xec, 0xee, 0xff, 0xef, 0x12, 0x2c, 
	0xcc, 0xdd, 0xcc, 0xdc, 0xcc, 0xb1, 0xd5, 0x33, 
	0x43, 0xdb, 0xdc, 0xdd, 0xce, 0xec, 0xdc, 0xda, 
	0xcb, 0x62, 0x2d, 0xee, 0xe4, 0x44, 0xcc, 0xee, 
	0xde, 0xee, 0xee, 0xee, 0xec, 0xc2, 0x22, 0xdc, 
	0xcc, 0xcd, 0xcf, 0xcc, 0xff, 0xcb, 0x7d, 0x32, 
	0x45, 0xdd, 0xdc, 0xdc, 0xed, 0xcd, 0x66, 0x8a, 
	0xcf, 0xb3, 0x32, 0x7d, 0xef, 0xef, 0xdc, 0xde, 
	0xcc, 0xee, 0xee, 0xee, 0xc1, 0x05, 0xbd, 0xe5, 
	0x22, 0x9e, 0xce, 0xce, 0xef, 0xcc, 0xc4, 0x82, 
	0x06, 0xbd, 0xdd, 0xdd, 0xc6, 0x33, 0x11, 0x8b, 
	0xdf, 0xdd, 0x18, 0x62, 0x7d, 0xcd, 0xcd, 0xfc, 
	0xef, 0xef, 0xfc, 0xc1, 0x22, 0x4b, 0xdc, 0xcd, 
	0x22, 0x22, 0x26, 0xfc, 0xec, 0xdc, 0xc9, 0x82, 
	0x01, 0xdd, 0xcc, 0x03, 0x38, 0x38, 0x63, 0x1d, 
	0xcd, 0xcc, 0xcb, 0x63, 0x2f, 0x0f, 0xdd, 0xcd, 
	0xbd, 0xcd, 0x76, 0x32, 0x29, 0xdd, 0xcc, 0xce, 
	0x22, 0x22, 0x22, 0x22, 0x2a, 0xcd, 0xc1, 0x32, 
	0x53, 0xdd, 0xb6, 0x22, 0x33, 0x33, 0x36, 0x4d, 
	0xed, 0xcc, 0xcd, 0xdb, 0x75, 0x44, 0x66, 0x39, 
	0x24, 0x53, 0x33, 0x8b, 0xdd, 0xdc, 0xdc, 0xcd, 
	0xd3, 0x18, 0x38, 0x41, 0x23, 0x0d, 0xe7, 0x33, 
	0x58, 0x4c, 0xcb, 0x32, 0x23, 0x83, 0x66, 0x3d, 
	0xcd, 0xcc, 0xec, 0xce, 0xeb, 0xbb, 0x96, 0x32, 
	0x33, 0x37, 0xdb, 0xdd, 0xcc, 0xcc, 0xcc, 0xcc, 
	0xd3, 0x32, 0x22, 0x23, 0x32, 0xdc, 0xc4, 0x36, 
	0x62, 0x44, 0xdc, 0xb2, 0x36, 0x28, 0x33, 0xde, 
	0xce, 0xfc, 0xcf, 0xcd, 0xcc, 0xdb, 0xdd, 0xdc, 
	0xbd, 0xdc, 0xdd, 0xcd, 0xdd, 0xcc, 0xcc, 0xcc, 
	0xc1, 0x22, 0x22, 0x33, 0x1d, 0xcc, 0x44, 0x6a, 
	0x66, 0x33, 0x3d, 0xdd, 0x33, 0x22, 0x33, 0xdf, 
	0xcc, 0xec, 0x0e, 0xfe, 0xcc, 0xcd, 0xcf, 0xd9, 
	0xcd, 0xcc, 0xdd, 0xdd, 0xdc, 0x77, 0xcc, 0xcc, 
	0xdd, 0x32, 0x23, 0x32, 0xdc, 0xc2, 0x35, 0x36, 
	0x33, 0x83, 0x31, 0xcc, 0xb2, 0x33, 0x32, 0xcc, 
	0xcc, 0xc0, 0x32, 0xdc, 0xee, 0xcc, 0xcc, 0xc2, 
	0x1d, 0xcc, 0xdd, 0xcc, 0xdc, 0x36, 0xcd, 0xce, 
	0xcd, 0x22, 0x32, 0x2b, 0xcc, 0x22, 0x33, 0x36, 
	0x22, 0x33, 0x38, 0x3d, 0xdb, 0x23, 0x81, 0xce, 
	0xcd, 0xc4, 0x33, 0xcd, 0xcc, 0xed, 0xdd, 0x23, 
	0x81, 0xdd, 0xdc, 0xdc, 0xc1, 0x32, 0x2c, 0xec, 
	0xcc, 0x12, 0x22, 0xdc, 0xd2, 0x33, 0x33, 0x23, 
	0x63, 0x23, 0x23, 0x33, 0xdb, 0xb3, 0x6d, 0xdd, 
	0xde, 0x62, 0x62, 0x2c, 0xde, 0xcc, 0xc3, 0x23, 
	0x97, 0xdd, 0xcc, 0xdd, 0x72, 0x33, 0x37, 0xcc, 
	0xed, 0x76, 0x4d, 0xec, 0x23, 0x83, 0x38, 0x36, 
	0x43, 0x33, 0x32, 0x80, 0x9d, 0xeb, 0x1d, 0xcc, 
	0xc2, 0x22, 0x32, 0x22, 0xce, 0xcd, 0xd3, 0x33, 
	0x38, 0x2c, 0xcc, 0xcd, 0x33, 0x36, 0x26, 0xcc, 
	0xee, 0xd4, 0xbc, 0xd2, 0x32, 0x33, 0x31, 0x80, 
	0x88, 0x33, 0x33, 0x22, 0x20, 0xcb, 0xbc, 0xec, 
	0xd3, 0x32, 0x22, 0x24, 0xdf, 0xcd, 0x23, 0x23, 
	0x83, 0x3c, 0xec, 0xc9, 0x21, 0x23, 0x33, 0xae, 
	0xce, 0xeb, 0xc7, 0x22, 0x12, 0x82, 0x86, 0x86, 
	0x33, 0x22, 0x23, 0x23, 0x22, 0x9d, 0xdd, 0xed, 
	0xbb, 0xbb, 0xbb, 0xbb, 0xbd, 0xdb, 0xbb, 0xbb, 
	0xbb, 0xbb, 0xdc, 0xdb, 0xbb, 0xbb, 0xbb, 0xbd, 
	0xce, 0xcd, 0xd4, 0x22, 0x33, 0x23, 0x81, 0x31, 
	0x33, 0x23, 0x33, 0x32, 0x23, 0x35, 0xaa, 0xa0, 
	0xa0, 0xa2, 0x22, 0x31, 0x40, 0x00, 0x22, 0x12, 
	0x11, 0x94, 0x40, 0x11, 0x81, 0x40, 0x31, 0x01, 
	0x31, 0x90, 0x04, 0x23, 0x38, 0x33, 0x88, 0x21, 
	0x16, 0x33, 0x32, 0x88, 0x33, 0x23, 0x34, 0x40, 
	0x45, 0x42, 0x33, 0x23, 0x26, 0x83, 0x68, 0x33, 
	0x23, 0x84, 0x62, 0x23, 0x22, 0x35, 0x22, 0x22, 
	0x22, 0x22, 0x31, 0x23, 0x38, 0x33, 0x88, 0x3a, 
	0x54, 0x11, 0x11, 0x59, 0x11, 0x11, 0x55, 0x55, 
	0x5b, 0x71, 0x19, 0x11, 0x11, 0xd7, 0x1d, 0xd2, 
	0x11, 0x45, 0x51, 0x21, 0x11, 0x15, 0x77, 0x11, 
	0x15, 0x55, 0x91, 0x11, 0x18, 0x9d, 0xd4, 0x94, 
	
};

ALIGNED8 u8 ow2_eq_kd_eq_other1_001_pal_rgba16[] = {
	0xd4, 0xdb, 0xc4, 0xe3, 0xee, 0xf1, 0xe6, 0x6f, 
	0xbb, 0xd5, 0x92, 0x8d, 0xe6, 0x29, 0x8a, 0x91, 
	0xdd, 0xeb, 0xb4, 0x1b, 0xf5, 0xe3, 0x40, 0x85, 
	0x81, 0x09, 0x68, 0xc7, 0x91, 0x8b, 0xa2, 0x4f, 
	
};

ALIGNED8 u8 ow2_eq_kd_eq_gc022_ci4[] = {
	0x01, 0x11, 0x11, 0x22, 0x22, 0x11, 0x32, 0x22, 
	0x20, 0x04, 0x22, 0x22, 0x22, 0x11, 0x05, 0x67, 
	0x02, 0x04, 0x88, 0x88, 0x11, 0x11, 0x59, 0x22, 
	0x24, 0x11, 0x52, 0x22, 0x20, 0x23, 0x22, 0x05, 
	0x60, 0x21, 0x55, 0x3a, 0xbc, 0x00, 0xbb, 0xdd, 
	0xbd, 0x62, 0x33, 0xd3, 0x02, 0xd9, 0xbe, 0x2b, 
	0xd6, 0x44, 0x58, 0x8b, 0x22, 0x3f, 0x1d, 0xb2, 
	0x06, 0x40, 0xd5, 0xc6, 0x6e, 0xae, 0xbb, 0xc5, 
	0x43, 0x65, 0x45, 0xdd, 0x56, 0x43, 0x62, 0x4b, 
	0x96, 0x56, 0x7e, 0xd3, 0x0d, 0x94, 0x5d, 0xd3, 
	0xeb, 0x44, 0x85, 0x3d, 0x5b, 0x23, 0x7b, 0x93, 
	0xd6, 0xdb, 0xd9, 0x27, 0x4e, 0xc2, 0xf3, 0xe5, 
	0x6d, 0x05, 0x9c, 0xb4, 0xb7, 0x96, 0x06, 0xe6, 
	0x94, 0xc9, 0x63, 0xd1, 0x09, 0x26, 0x4b, 0x3b, 
	0x3d, 0x6e, 0x85, 0xd0, 0x42, 0x67, 0xb6, 0xc3, 
	0x0d, 0xdd, 0xd2, 0x64, 0xbe, 0x39, 0xca, 0xe5, 
	0x60, 0x64, 0xdd, 0xc3, 0x8e, 0xbe, 0x6e, 0xe9, 
	0x54, 0x98, 0x4d, 0x6f, 0x7b, 0xc3, 0x97, 0xb3, 
	0x23, 0xb4, 0x55, 0xdb, 0x30, 0x54, 0x99, 0x4d, 
	0xd9, 0x0f, 0xdb, 0xeb, 0xe5, 0x54, 0xf4, 0xf5, 
	0x6b, 0x0d, 0xd3, 0xbe, 0xd9, 0x4d, 0xdb, 0x4b, 
	0x6d, 0x88, 0x06, 0xb9, 0x03, 0xe2, 0x50, 0x23, 
	0x2b, 0x6e, 0x45, 0xdb, 0x56, 0x93, 0x2b, 0x22, 
	0x52, 0xeb, 0xdb, 0xb1, 0x65, 0x59, 0x4e, 0xf4, 
	0x4d, 0x64, 0x7b, 0x77, 0x9b, 0x9e, 0x3b, 0xbc, 
	0xee, 0xd2, 0x6e, 0x62, 0xb4, 0xe9, 0x86, 0x3a, 
	0xf3, 0xcd, 0x55, 0xdb, 0x40, 0xd5, 0x93, 0x9b, 
	0x77, 0x44, 0x96, 0x4f, 0x9c, 0xfe, 0x9b, 0xb9, 
	0x2c, 0xe3, 0xbb, 0x73, 0x5e, 0xbb, 0xdb, 0xb7, 
	0xe4, 0xf4, 0x6b, 0xbc, 0xb4, 0xd4, 0x52, 0xd6, 
	0x7f, 0x6b, 0x35, 0x2a, 0xbd, 0x66, 0xfe, 0x9e, 
	0x92, 0x73, 0xd0, 0x09, 0x99, 0xf3, 0x4c, 0x75, 
	0x53, 0x79, 0x37, 0x58, 0x9e, 0x4b, 0xdb, 0xa7, 
	0xec, 0xe9, 0xfb, 0xfe, 0xb3, 0xcf, 0x00, 0xb2, 
	0xc7, 0xb0, 0x44, 0x6c, 0xca, 0x8b, 0x96, 0x99, 
	0x9e, 0xdb, 0xb9, 0x44, 0x94, 0x9e, 0xb4, 0xe4, 
	0x43, 0xa3, 0x0b, 0x95, 0x0e, 0x46, 0xca, 0xcc, 
	0xec, 0x7b, 0xab, 0x6e, 0x29, 0x37, 0xd9, 0x29, 
	0x2a, 0xb3, 0xd3, 0x53, 0xde, 0x66, 0xb6, 0x49, 
	0x9f, 0xfe, 0xbe, 0x44, 0x45, 0x45, 0x6f, 0x65, 
	0xd3, 0xcb, 0x47, 0x41, 0xe7, 0x6e, 0x33, 0x7f, 
	0x7f, 0xa7, 0xee, 0xa6, 0x02, 0x96, 0x2b, 0x06, 
	0xe4, 0xeb, 0x7e, 0x5b, 0x3b, 0x51, 0x0d, 0x35, 
	0xee, 0xbf, 0x6f, 0xc9, 0x06, 0x49, 0xfe, 0x64, 
	0x3a, 0x3c, 0x64, 0x41, 0xbe, 0xe6, 0x7c, 0x3a, 
	0xae, 0x7e, 0xea, 0xab, 0xef, 0xd4, 0xf6, 0xd6, 
	0xfb, 0x6a, 0xcd, 0x62, 0x34, 0x49, 0xc5, 0x29, 
	0x6f, 0xcb, 0x64, 0x49, 0x49, 0x49, 0x59, 0xf4, 
	0x67, 0x73, 0x4f, 0xf6, 0x4c, 0xfe, 0xe3, 0x77, 
	0xe7, 0xfc, 0xf7, 0xbe, 0xb3, 0xb5, 0x7f, 0xeb, 
	0xee, 0x63, 0x66, 0x85, 0x09, 0x65, 0x52, 0xc4, 
	0x9e, 0xbe, 0x49, 0x54, 0x99, 0x56, 0xec, 0xa6, 
	0x93, 0x75, 0x97, 0x4e, 0xe0, 0xcb, 0xbb, 0xae, 
	0xfb, 0x7a, 0xff, 0xde, 0xb6, 0xb0, 0xd9, 0xf0, 
	0xc3, 0xf4, 0x45, 0x59, 0xe3, 0x45, 0x56, 0x4f, 
	0xee, 0xbb, 0x05, 0x00, 0x99, 0x26, 0xc3, 0x25, 
	0x5b, 0x35, 0x64, 0xff, 0xfa, 0x1e, 0x7c, 0xce, 
	0x7e, 0xaf, 0x77, 0x7d, 0xbe, 0x44, 0xab, 0x95, 
	0x7d, 0xb4, 0xd8, 0x10, 0x3f, 0x75, 0x60, 0xdd, 
	0x6b, 0xe6, 0x0e, 0xb6, 0x4d, 0xdd, 0xe7, 0xce, 
	0x03, 0xb5, 0xbf, 0x9f, 0xcc, 0xd7, 0x37, 0x7e, 
	0x7f, 0xfc, 0x77, 0xb6, 0xbf, 0x0b, 0xf9, 0xb4, 
	0x99, 0x4b, 0x52, 0x45, 0xc6, 0x99, 0x5d, 0x34, 
	0x44, 0x43, 0xcf, 0x46, 0x59, 0xde, 0x45, 0x44, 
	0xd0, 0x66, 0x07, 0x7b, 0x67, 0x33, 0xc3, 0x3c, 
	0x7f, 0x7c, 0xcc, 0xcb, 0xaf, 0xca, 0xe7, 0xee, 
	0xf9, 0xbe, 0xcb, 0x65, 0x30, 0x42, 0xd4, 0x95, 
	0x6b, 0x4e, 0xbe, 0x46, 0xd6, 0x44, 0x00, 0xd0, 
	0x27, 0x3e, 0x67, 0x0b, 0xca, 0xec, 0xc3, 0x7a, 
	0x7c, 0xac, 0xfa, 0x70, 0xbb, 0xaf, 0x46, 0xdf, 
	0xbd, 0xd7, 0x04, 0x75, 0x22, 0x76, 0x06, 0x4e, 
	0xef, 0x07, 0xeb, 0x67, 0x0b, 0xed, 0x6f, 0x42, 
	0x6c, 0xd9, 0x3f, 0xd4, 0xf7, 0x33, 0xc3, 0xbb, 
	0xb7, 0xcf, 0xc7, 0xc7, 0xff, 0x2d, 0xb0, 0xc4, 
	0x76, 0x8b, 0xaf, 0xb9, 0x30, 0x23, 0x2b, 0x66, 
	0xe7, 0xee, 0x4b, 0x43, 0x3c, 0x46, 0xb3, 0x0e, 
	0x33, 0xba, 0x7b, 0x5f, 0xe4, 0xac, 0x7c, 0x3c, 
	0xe7, 0x3c, 0x7a, 0xcc, 0xca, 0xb6, 0x7a, 0xfe, 
	0x65, 0x8b, 0xf4, 0x44, 0x92, 0x7c, 0x59, 0x4b, 
	0x66, 0x63, 0xe9, 0xd0, 0xf6, 0x20, 0xb9, 0x49, 
	0x3d, 0x6d, 0x44, 0x64, 0xeb, 0xed, 0xc0, 0x47, 
	0xa4, 0x6c, 0xbc, 0xcc, 0x7e, 0x72, 0x9f, 0xfe, 
	0x45, 0x9e, 0xff, 0xdc, 0x0d, 0x9e, 0x04, 0x6b, 
	0x6f, 0xbc, 0x4b, 0x4e, 0xc9, 0x53, 0x06, 0x65, 
	0x00, 0x9d, 0xd4, 0x65, 0x46, 0xb6, 0xbb, 0x79, 
	0xc7, 0xba, 0xbc, 0xc7, 0xa3, 0x77, 0x7e, 0xc9, 
	0x00, 0x0c, 0x7e, 0x49, 0x66, 0x6f, 0x04, 0x7c, 
	0x40, 0xfe, 0xaa, 0x9f, 0xf1, 0x01, 0x64, 0x65, 
	0xdd, 0xa4, 0xd8, 0x51, 0x60, 0x0b, 0xfb, 0xa3, 
	0xb7, 0xcb, 0x7c, 0xcc, 0x3e, 0xea, 0xec, 0xbe, 
	0xeb, 0xbf, 0xc6, 0x44, 0x4b, 0x6e, 0xc4, 0x6b, 
	0xef, 0xd0, 0xf9, 0x4f, 0x95, 0x46, 0x9b, 0x05, 
	0xd0, 0x0d, 0x04, 0x06, 0xb3, 0x06, 0x43, 0xdb, 
	0xbc, 0xac, 0x67, 0x3b, 0xc3, 0xce, 0x7d, 0xbf, 
	0x3f, 0x9f, 0x9f, 0xbb, 0x52, 0x03, 0xce, 0x3b, 
	0x7e, 0x46, 0xb7, 0xc6, 0x56, 0xe2, 0xb4, 0x05, 
	0x96, 0x6d, 0xe5, 0x59, 0xa0, 0xbb, 0xd3, 0xb2, 
	0x0b, 0xc7, 0x53, 0x0e, 0xdb, 0xdc, 0xeb, 0xf7, 
	0x9d, 0xbb, 0x46, 0xbe, 0xc7, 0xdd, 0xfb, 0x70, 
	0xff, 0xb6, 0x60, 0x44, 0x5a, 0xbc, 0xf0, 0x45, 
	0x67, 0xb7, 0xf0, 0x96, 0xb3, 0xcb, 0xcd, 0x0d, 
	0x0a, 0x1b, 0xb7, 0x73, 0xd3, 0xca, 0x3b, 0x33, 
	0xb3, 0xae, 0xe9, 0x99, 0x90, 0x3d, 0x3f, 0x9e, 
	0x7f, 0x76, 0xb9, 0x6b, 0xbe, 0x47, 0x9b, 0x69, 
	0xcf, 0x74, 0xc2, 0x2b, 0xbc, 0xac, 0xbb, 0xd0, 
	0xb1, 0x01, 0x16, 0x37, 0xde, 0xbd, 0xdc, 0xe7, 
	0x3a, 0x6b, 0xef, 0xbf, 0xf7, 0xb6, 0xeb, 0xa7, 
	0x7a, 0x7c, 0xcc, 0x94, 0xaf, 0x4c, 0x7c, 0x45, 
	0xee, 0x67, 0x7c, 0xbe, 0xc7, 0xac, 0x73, 0xc3, 
	0x02, 0x30, 0xd7, 0xbc, 0xb4, 0x0f, 0x2f, 0xf6, 
	0x76, 0xe9, 0xcb, 0xbe, 0xf4, 0xbe, 0x4e, 0xf7, 
	0xcc, 0x7c, 0x7f, 0xee, 0xb9, 0xce, 0xbe, 0xf9, 
	0x4e, 0xef, 0x77, 0xb3, 0x04, 0x7c, 0xbd, 0x31, 
	0xdc, 0xc3, 0x33, 0x00, 0x1b, 0xd4, 0xdb, 0xea, 
	0x63, 0x74, 0x75, 0xe7, 0xbf, 0x7a, 0xa4, 0x77, 
	0xa3, 0x77, 0xf9, 0xff, 0x4e, 0xfb, 0xb4, 0xf4, 
	0x36, 0xba, 0xc3, 0xb2, 0x3c, 0xcc, 0xcc, 0x27, 
	0xd2, 0xc0, 0x3d, 0xdb, 0xb3, 0xc0, 0xdf, 0xc6, 
	0xe7, 0xea, 0x4d, 0xbf, 0x0c, 0x6e, 0xfe, 0x77, 
	0xcc, 0x77, 0xac, 0x7a, 0x74, 0x9e, 0x34, 0xec, 
	0x3f, 0xca, 0xc6, 0x66, 0xa3, 0xcc, 0xa2, 0x3c, 
	0x7b, 0xc3, 0x33, 0xd3, 0x3d, 0xcf, 0x6b, 0x6f, 
	0x2b, 0x4f, 0x7f, 0xf7, 0xef, 0xb4, 0x4e, 0xfc, 
	0x7c, 0xc7, 0x77, 0x6f, 0x94, 0x9e, 0xce, 0xe2, 
	0x3a, 0x7b, 0xe3, 0x33, 0x7c, 0xcb, 0xc3, 0x7c, 
	0x0d, 0xc3, 0x3c, 0x3b, 0xc7, 0xcc, 0x7f, 0xe7, 
	0x07, 0x4e, 0x7e, 0x7d, 0xcf, 0xa4, 0xfe, 0xe7, 
	0x37, 0xa3, 0xaa, 0xf4, 0x99, 0x4c, 0x5a, 0xf9, 
	0x3c, 0xc3, 0xfc, 0xcc, 0xaa, 0xb7, 0x73, 0x77, 
	0xd2, 0x22, 0x2c, 0x2d, 0xbd, 0x3f, 0xec, 0xca, 
	0x3c, 0xab, 0xe7, 0xee, 0x6f, 0xef, 0xae, 0x4c, 
	0x73, 0x77, 0xe7, 0x04, 0x6f, 0xef, 0x47, 0xa5, 
	0xdf, 0xca, 0xbb, 0xcc, 0xec, 0xac, 0xcc, 0x3c, 
	0x22, 0xdc, 0x27, 0x20, 0x63, 0xcc, 0xb0, 0xa7, 
	0xfb, 0x77, 0x7a, 0x4f, 0xf6, 0xaa, 0x66, 0xba, 
	0x77, 0x3d, 0xce, 0xa3, 0x64, 0xfe, 0xfb, 0x92, 
	0x3c, 0xc7, 0x73, 0x6b, 0xfa, 0xc7, 0x32, 0xc3, 
	0xbb, 0xd3, 0x33, 0x3c, 0x43, 0x72, 0xb7, 0x0c, 
	0xcb, 0x6a, 0x7a, 0xef, 0xfb, 0xee, 0xfe, 0xb7, 
	0x3a, 0xeb, 0x79, 0xab, 0xec, 0x4a, 0x9a, 0xa9, 
	0x47, 0xcc, 0xdf, 0xb7, 0xa7, 0xc3, 0x32, 0xcc, 
	0x23, 0x03, 0x23, 0x3c, 0x73, 0xcf, 0x7f, 0x3f, 
	0xc7, 0xcf, 0xa3, 0xbb, 0xab, 0xef, 0xa3, 0xfc, 
	0xc2, 0xf3, 0xce, 0xe6, 0x46, 0x4c, 0xcf, 0xbc, 
	0x33, 0xbc, 0xcc, 0x7a, 0xe3, 0x77, 0x3c, 0x2c, 
	0x32, 0x33, 0x0c, 0x33, 0xc3, 0xcb, 0xb3, 0xa3, 
	0xc3, 0xbc, 0xba, 0x3b, 0x3d, 0x6f, 0xee, 0x7c, 
	0x7b, 0x2a, 0xb7, 0x67, 0x6b, 0x0d, 0x60, 0xfe, 
	0x53, 0xc7, 0xf7, 0xae, 0x7a, 0xf3, 0x33, 0xbc, 
	0x2d, 0x02, 0x22, 0x3c, 0xcf, 0x73, 0xac, 0xc7, 
	0x3c, 0x3c, 0x47, 0xce, 0xf7, 0xb6, 0xbb, 0x6f, 
	0xc7, 0xc3, 0xab, 0xb4, 0x3f, 0x4a, 0x30, 0x93, 
	0x2b, 0x77, 0x77, 0xb6, 0xb7, 0xcb, 0x3c, 0x3c, 
	0x2c, 0x23, 0x23, 0xe3, 0xcc, 0xcc, 0xc3, 0xca, 
	0xb7, 0xdb, 0xb7, 0xee, 0xe4, 0xe6, 0x67, 0xcc, 
	0x3a, 0xdc, 0xb5, 0xf3, 0xcc, 0xdf, 0xc7, 0xb6, 
	0x0c, 0xe9, 0xee, 0xf7, 0x36, 0xf7, 0x7c, 0x3c, 
	0x33, 0x3d, 0xc3, 0x4a, 0xa3, 0xfb, 0xbc, 0xc7, 
	0xce, 0xaa, 0xae, 0xa9, 0xbb, 0xae, 0x47, 0xc4, 
	0x77, 0x37, 0x7b, 0x0b, 0xde, 0x67, 0xcc, 0xd9, 
	0x5f, 0xa7, 0xa4, 0xfc, 0xcb, 0xec, 0x7c, 0x73, 
	0xb3, 0x03, 0x33, 0xbc, 0xcc, 0x3c, 0xf7, 0xf7, 
	0xaf, 0x73, 0x49, 0x6b, 0x7b, 0x63, 0x66, 0x6e, 
	0x97, 0x37, 0xab, 0xab, 0xbb, 0xcf, 0xea, 0x95, 
	0x2d, 0xa7, 0xae, 0xfc, 0x77, 0xfa, 0xcc, 0xd7, 
	0xc3, 0xdb, 0x23, 0x3c, 0x3c, 0xc7, 0xcc, 0xc7, 
	0x7c, 0x77, 0x79, 0xc7, 0xbe, 0x5e, 0xaf, 0xfb, 
	0xec, 0xbe, 0xf3, 0xae, 0x7f, 0xc7, 0xfb, 0xc5, 
	0xcb, 0xac, 0x73, 0xaf, 0x3d, 0xba, 0xfb, 0x73, 
	0xc3, 0x3c, 0xd7, 0xc7, 0xa7, 0x3c, 0xc0, 0x77, 
	0xc7, 0xef, 0xfb, 0x7e, 0xec, 0x64, 0xea, 0xca, 
	0xfc, 0x7c, 0xc7, 0x77, 0xca, 0xc7, 0xa2, 0xce, 
	0x9b, 0x7c, 0x7e, 0x77, 0x70, 0xb6, 0xf7, 0xc3, 
	0xcc, 0xc3, 0xc0, 0xba, 0xcc, 0xc7, 0xc7, 0x7a, 
	0xca, 0x94, 0xef, 0xff, 0xcc, 0xde, 0x7f, 0xf7, 
	0xfc, 0xcc, 0x0a, 0xfa, 0xca, 0x7c, 0x7c, 0xc4, 
	0x23, 0xac, 0xb7, 0x7b, 0x2e, 0x77, 0xcc, 0x63, 
	0xc2, 0x37, 0xdc, 0xb7, 0xcf, 0xa7, 0xbc, 0xaa, 
	0xaa, 0x77, 0x7c, 0xb4, 0x77, 0xe7, 0xf4, 0xfa, 
	0x7c, 0xc3, 0x7c, 0xfb, 0xbb, 0x7b, 0x3b, 0x39, 
	0x37, 0xcf, 0xcc, 0x7c, 0xc2, 0xca, 0xcc, 0xb3, 
	0x3d, 0x03, 0x33, 0xbb, 0xbf, 0x77, 0x37, 0xaf, 
	0xfa, 0xcb, 0xf1, 0x6a, 0xf7, 0x52, 0x7f, 0xfc, 
	0xca, 0xdd, 0x7a, 0xfb, 0xef, 0x36, 0x3a, 0xf9, 
	0xec, 0x6a, 0x7c, 0x27, 0xcc, 0xbf, 0xaa, 0x63, 
	0xbb, 0x3d, 0x33, 0xc3, 0x70, 0xca, 0xac, 0xca, 
	0xee, 0xaf, 0xf3, 0xcb, 0x4f, 0x2f, 0xbf, 0xfa, 
	0x73, 0xb7, 0x77, 0x7e, 0x7a, 0xc7, 0xcc, 0xb9, 
	0xcd, 0x3c, 0xca, 0x77, 0xf7, 0xba, 0xea, 0x03, 
	0x22, 0xcb, 0xdc, 0xcb, 0x6e, 0xb7, 0x77, 0xe7, 
	0x67, 0x7a, 0xf0, 0x63, 0x7a, 0xa4, 0xbb, 0xea, 
	0xac, 0x77, 0x7a, 0xac, 0xfb, 0x03, 0xc4, 0xce, 
	0x9c, 0xaa, 0xea, 0x73, 0xe4, 0xf7, 0xec, 0xb7, 
	0xd3, 0x33, 0xdd, 0x03, 0xae, 0xb0, 0x66, 0xca, 
	0xfa, 0x4f, 0xbd, 0x0c, 0xdb, 0xa5, 0x65, 0xff, 
	0xa3, 0xc3, 0xcc, 0xab, 0x7a, 0x3a, 0xcc, 0xf9, 
	0x60, 0x33, 0x7c, 0x7f, 0xe7, 0xaa, 0xb7, 0xbd, 
	0xdc, 0xc7, 0x33, 0xcc, 0x37, 0xc3, 0xdc, 0xb4, 
	0xbf, 0x4f, 0xea, 0xc3, 0xc3, 0x70, 0x04, 0x9c, 
	0xaa, 0x3d, 0xcc, 0xf7, 0xc3, 0xc2, 0xae, 0xe6, 
	0x67, 0xc6, 0x77, 0x77, 0x4b, 0x37, 0xa7, 0xcc, 
	0xc7, 0xc2, 0x33, 0xc7, 0xcc, 0xc7, 0x66, 0x0b, 
	0xee, 0xfe, 0x4c, 0x7a, 0xcb, 0xc7, 0xff, 0xc7, 
	0x9c, 0x7c, 0x7c, 0xa7, 0xcb, 0x33, 0xb0, 0xc5, 
	0x0c, 0x73, 0xcc, 0x7e, 0xba, 0x77, 0xe6, 0x33, 
	0x03, 0xcc, 0xcd, 0x27, 0xcc, 0x7c, 0xab, 0xb6, 
	0xf9, 0xbe, 0xb3, 0xb7, 0x77, 0xc7, 0x7f, 0xff, 
	0xfc, 0xca, 0xba, 0x0c, 0xcc, 0xa7, 0x05, 0xc5, 
	0x07, 0x3b, 0xf3, 0xc7, 0xbe, 0xaf, 0xec, 0x3c, 
	0x23, 0xd2, 0x22, 0x3c, 0xab, 0x7c, 0xc3, 0xc7, 
	0xbb, 0x33, 0x73, 0xca, 0x74, 0xca, 0xdc, 0x7f, 
	0xf7, 0x77, 0xfb, 0xa7, 0x77, 0xba, 0xcb, 0x44, 
	0xdc, 0xbf, 0xfa, 0x7b, 0x53, 0xb4, 0xaa, 0xc3, 
	0xdb, 0xd3, 0x23, 0xc3, 0xc7, 0xb7, 0xcb, 0xb7, 
	0xd0, 0xfc, 0xcb, 0xcc, 0xc9, 0xcb, 0x3a, 0xe6, 
	0xef, 0xcc, 0xfe, 0x7a, 0xf7, 0x7d, 0xcf, 0xe0, 
	0x3c, 0xf7, 0xa3, 0xce, 0x76, 0x72, 0xaa, 0x77, 
	0x33, 0x3d, 0x33, 0x3a, 0x3b, 0xcc, 0xe7, 0xd2, 
	0xee, 0xfb, 0x6c, 0xb2, 0x96, 0xc6, 0xc9, 0xfc, 
	0x97, 0xab, 0xf4, 0xe6, 0xbe, 0x77, 0x63, 0xc0, 
	0x3c, 0xbb, 0x77, 0x9f, 0xfe, 0xc3, 0x5b, 0xb7, 
	0x33, 0xcc, 0x33, 0xcb, 0x77, 0x7c, 0x7b, 0xb7, 
	0x74, 0x6f, 0x5b, 0x4b, 0x59, 0xc3, 0x3e, 0x77, 
	0xbb, 0x7b, 0x76, 0xe6, 0xa7, 0x0b, 0xdc, 0xb0, 
	0x9b, 0x6e, 0xa6, 0xff, 0xfa, 0x77, 0x44, 0xef, 
	0x73, 0x3a, 0x3c, 0xc7, 0xca, 0xf5, 0xcb, 0xce, 
	0x7e, 0xff, 0x94, 0x4e, 0xb9, 0x7b, 0xab, 0x7a, 
	0xc6, 0x06, 0x0a, 0xe6, 0xab, 0x44, 0x4f, 0x57, 
	0x6e, 0xf7, 0x3b, 0xfe, 0xe3, 0x9e, 0x72, 0xff, 
	0xc3, 0x22, 0x33, 0xaf, 0x7f, 0xf7, 0xef, 0xe3, 
	0x46, 0xbb, 0x95, 0x6d, 0x45, 0xeb, 0x37, 0xf7, 
	0xcb, 0x6e, 0x7a, 0xa3, 0x7a, 0xb0, 0x76, 0x05, 
	0x9a, 0x7f, 0xcb, 0xfc, 0xcc, 0xbc, 0x33, 0x64, 
	0xa7, 0x0d, 0xcc, 0xa7, 0xb7, 0xa1, 0x37, 0xf3, 
	0xe6, 0x1b, 0x56, 0x96, 0x95, 0x7f, 0xff, 0xeb, 
	0xe4, 0xef, 0xe7, 0xec, 0xbe, 0x3c, 0x77, 0x65, 
	0x5f, 0xb7, 0xcb, 0xef, 0xcb, 0x65, 0x00, 0x3f, 
	0x77, 0x7c, 0x24, 0xeb, 0x94, 0x04, 0x9a, 0x25, 
	0xcb, 0xe6, 0x50, 0x46, 0xf5, 0xff, 0xff, 0x4e, 
	0x4f, 0x3a, 0xe7, 0x7e, 0x2a, 0xa3, 0x9a, 0xf5, 
	0x9a, 0xca, 0xae, 0xbe, 0x4b, 0x95, 0x3d, 0xbd, 
	0xc2, 0xc3, 0x2e, 0x23, 0x59, 0x59, 0x50, 0x04, 
	0x59, 0x42, 0x52, 0x20, 0x54, 0x9e, 0xf4, 0xc7, 
	0xa0, 0xfa, 0x6b, 0x7c, 0x73, 0xf3, 0x77, 0xf4, 
	0x9c, 0x57, 0xcc, 0x68, 0xc3, 0x62, 0x25, 0xd9, 
	0x03, 0x22, 0x55, 0x02, 0x41, 0x90, 0x02, 0x55, 
	0x02, 0xf9, 0x54, 0x45, 0x55, 0x10, 0x66, 0x77, 
	0x7c, 0x56, 0xd6, 0xfc, 0xcc, 0x33, 0xa7, 0xf5, 
	0x89, 0x80, 0x0a, 0xb6, 0x3b, 0x52, 0x50, 0xc4, 
	0x42, 0xe0, 0x25, 0x4e, 0x9b, 0x84, 0x56, 0x19, 
	0x62, 0x35, 0x22, 0x94, 0x90, 0x96, 0x64, 0xf7, 
	0x74, 0x56, 0x85, 0x55, 0x59, 0xb0, 0x77, 0x45, 
	0x88, 0x88, 0x95, 0xb5, 0x95, 0x55, 0x99, 0x58, 
	0x59, 0x56, 0x55, 0x89, 0x58, 0x88, 0x89, 0x95, 
	0x55, 0x74, 0x55, 0x55, 0x55, 0x52, 0x59, 0x55, 
	0x05, 0x55, 0x88, 0x88, 0x88, 0x55, 0x89, 0x58, 
	
};

ALIGNED8 u8 ow2_eq_kd_eq_gc022_pal_rgba16[] = {
	0xdc, 0xd9, 0xf6, 0xed, 0xfe, 0xa3, 0xfd, 0x9b, 
	0x9a, 0x8f, 0x48, 0xc7, 0xbb, 0x93, 0xcb, 0xd1, 
	0x00, 0x01, 0x79, 0xc9, 0xbb, 0x4d, 0xdc, 0x57, 
	0xe4, 0x95, 0xf5, 0x9f, 0xbb, 0x51, 0xa2, 0x8b, 
	
};

Vtx ow2_eq_object_0084BAEC_mesh_layer_1_vtx_0[14] = {
	{{ {-563, 36, -376}, 0, {0, 1992}, {255, 255, 255, 255} }},
	{{ {-563, 636, -376}, 0, {0, -8200}, {255, 255, 255, 255} }},
	{{ {-617, 636, -361}, 0, {667, -8200}, {255, 255, 255, 255} }},
	{{ {-617, 36, -361}, 0, {667, 1992}, {255, 255, 255, 255} }},
	{{ {-657, 636, -401}, 0, {1357, -8200}, {255, 255, 255, 255} }},
	{{ {-657, 36, -401}, 0, {1357, 1992}, {255, 255, 255, 255} }},
	{{ {-643, 636, -456}, 0, {2040, -8200}, {255, 255, 255, 255} }},
	{{ {-643, 36, -456}, 0, {2040, 1992}, {255, 255, 255, 255} }},
	{{ {-588, 636, -471}, 0, {2723, -8200}, {255, 255, 255, 255} }},
	{{ {-588, 36, -471}, 0, {2723, 1992}, {255, 255, 255, 255} }},
	{{ {-548, 636, -431}, 0, {3413, -8200}, {255, 255, 255, 255} }},
	{{ {-548, 36, -431}, 0, {3413, 1992}, {255, 255, 255, 255} }},
	{{ {-563, 636, -376}, 0, {4080, -8200}, {255, 255, 255, 255} }},
	{{ {-563, 36, -376}, 0, {4080, 1992}, {255, 255, 255, 255} }},
};

Vtx ow2_eq_object_0084BAEC_mesh_layer_1_vtx_1[14] = {
	{{ {-643, 36, 459}, 0, {0, 1992}, {255, 255, 255, 255} }},
	{{ {-643, 636, 459}, 0, {0, -8200}, {255, 255, 255, 255} }},
	{{ {-657, 636, 404}, 0, {667, -8200}, {255, 255, 255, 255} }},
	{{ {-657, 36, 404}, 0, {667, 1992}, {255, 255, 255, 255} }},
	{{ {-617, 636, 364}, 0, {1357, -8200}, {255, 255, 255, 255} }},
	{{ {-617, 36, 364}, 0, {1357, 1992}, {255, 255, 255, 255} }},
	{{ {-563, 636, 378}, 0, {2040, -8200}, {255, 255, 255, 255} }},
	{{ {-563, 36, 378}, 0, {2040, 1992}, {255, 255, 255, 255} }},
	{{ {-548, 636, 433}, 0, {2723, -8200}, {255, 255, 255, 255} }},
	{{ {-548, 36, 433}, 0, {2723, 1992}, {255, 255, 255, 255} }},
	{{ {-588, 636, 473}, 0, {3413, -8200}, {255, 255, 255, 255} }},
	{{ {-588, 36, 473}, 0, {3413, 1992}, {255, 255, 255, 255} }},
	{{ {-643, 636, 459}, 0, {4080, -8200}, {255, 255, 255, 255} }},
	{{ {-643, 36, 459}, 0, {4080, 1992}, {255, 255, 255, 255} }},
};

Vtx ow2_eq_object_0084BAEC_mesh_layer_1_vtx_2[28] = {
	{{ {-577, 986, 516}, 0, {-1036, -16}, {21, 13, 32, 255} }},
	{{ {-506, 786, 445}, 0, {-16, 2032}, {57, 55, 98, 255} }},
	{{ {-506, 986, 445}, 0, {-16, -16}, {36, 36, 60, 255} }},
	{{ {-577, 786, 516}, 0, {-1036, 2032}, {40, 28, 68, 255} }},
	{{ {-674, 986, 490}, 0, {-2064, -16}, {128, 68, 70, 255} }},
	{{ {-674, 786, 490}, 0, {-2064, 2032}, {155, 104, 70, 255} }},
	{{ {-700, 986, 392}, 0, {-3092, -16}, {166, 113, 81, 255} }},
	{{ {-700, 786, 392}, 0, {-3092, 2032}, {196, 170, 110, 255} }},
	{{ {-629, 986, 321}, 0, {-4120, -16}, {142, 87, 70, 255} }},
	{{ {-629, 786, 321}, 0, {-4120, 2032}, {176, 134, 81, 255} }},
	{{ {-532, 986, 347}, 0, {-5148, -16}, {9, 15, 32, 255} }},
	{{ {-532, 786, 347}, 0, {-5148, 2032}, {34, 38, 68, 255} }},
	{{ {-506, 986, 445}, 0, {-6176, -16}, {36, 36, 60, 255} }},
	{{ {-506, 786, 445}, 0, {-6176, 2032}, {57, 55, 98, 255} }},
	{{ {-506, 986, -442}, 0, {5124, -16}, {36, 36, 60, 255} }},
	{{ {-577, 786, -513}, 0, {6152, 2032}, {40, 28, 68, 255} }},
	{{ {-577, 986, -513}, 0, {6152, -16}, {21, 13, 32, 255} }},
	{{ {-506, 786, -442}, 0, {5124, 2032}, {57, 55, 98, 255} }},
	{{ {-532, 986, -345}, 0, {4096, -16}, {9, 15, 32, 255} }},
	{{ {-532, 786, -345}, 0, {4096, 2032}, {34, 38, 68, 255} }},
	{{ {-629, 986, -319}, 0, {3068, -16}, {142, 87, 70, 255} }},
	{{ {-629, 786, -319}, 0, {3068, 2032}, {176, 134, 81, 255} }},
	{{ {-700, 986, -390}, 0, {2040, -16}, {166, 113, 81, 255} }},
	{{ {-700, 786, -390}, 0, {2040, 2032}, {196, 170, 110, 255} }},
	{{ {-674, 986, -487}, 0, {1012, -16}, {128, 68, 70, 255} }},
	{{ {-674, 786, -487}, 0, {1012, 2032}, {155, 104, 70, 255} }},
	{{ {-577, 986, -513}, 0, {-16, -16}, {21, 13, 32, 255} }},
	{{ {-577, 786, -513}, 0, {-16, 2032}, {40, 28, 68, 255} }},
};

Vtx ow2_eq_object_0084BAEC_mesh_layer_1_vtx_3[28] = {
	{{ {-532, 186, 347}, 0, {-5148, -16}, {34, 38, 68, 255} }},
	{{ {-532, -14, 347}, 0, {-5148, 2032}, {26, 26, 47, 255} }},
	{{ {-629, -14, 321}, 0, {-4120, 2032}, {113, 55, 70, 255} }},
	{{ {-629, 186, 321}, 0, {-4120, -16}, {166, 113, 81, 255} }},
	{{ {-700, -14, 392}, 0, {-3092, 2032}, {142, 87, 70, 255} }},
	{{ {-700, 186, 392}, 0, {-3092, -16}, {176, 134, 81, 255} }},
	{{ {-674, -14, 490}, 0, {-2064, 2032}, {113, 55, 70, 255} }},
	{{ {-674, 186, 490}, 0, {-2064, -16}, {142, 87, 70, 255} }},
	{{ {-577, -14, 516}, 0, {-1036, 2032}, {9, 13, 26, 255} }},
	{{ {-577, 186, 516}, 0, {-1036, -16}, {40, 28, 68, 255} }},
	{{ {-506, -14, 445}, 0, {-16, 2032}, {36, 36, 60, 255} }},
	{{ {-506, 186, 445}, 0, {-16, -16}, {75, 75, 115, 255} }},
	{{ {-532, -14, 347}, 0, {1012, 2032}, {26, 26, 47, 255} }},
	{{ {-532, 186, 347}, 0, {1012, -16}, {34, 38, 68, 255} }},
	{{ {-674, 186, -487}, 0, {-5148, -16}, {142, 87, 70, 255} }},
	{{ {-674, -14, -487}, 0, {-5148, 2032}, {113, 55, 70, 255} }},
	{{ {-700, -14, -390}, 0, {-4120, 2032}, {142, 87, 70, 255} }},
	{{ {-700, 186, -390}, 0, {-4120, -16}, {176, 134, 81, 255} }},
	{{ {-629, -14, -319}, 0, {-3092, 2032}, {113, 55, 70, 255} }},
	{{ {-629, 186, -319}, 0, {-3092, -16}, {166, 113, 81, 255} }},
	{{ {-532, -14, -345}, 0, {-2064, 2032}, {26, 26, 47, 255} }},
	{{ {-532, 186, -345}, 0, {-2064, -16}, {34, 38, 68, 255} }},
	{{ {-506, -14, -442}, 0, {-1036, 2032}, {36, 36, 60, 255} }},
	{{ {-506, 186, -442}, 0, {-1036, -16}, {75, 75, 115, 255} }},
	{{ {-577, -14, -513}, 0, {-16, 2032}, {9, 13, 26, 255} }},
	{{ {-577, 186, -513}, 0, {-16, -16}, {40, 28, 68, 255} }},
	{{ {-674, -14, -487}, 0, {1012, 2032}, {113, 55, 70, 255} }},
	{{ {-674, 186, -487}, 0, {1012, -16}, {142, 87, 70, 255} }},
};

Vtx ow2_eq_object_0084BAEC_mesh_layer_1_vtx_4[49] = {
	{{ {-617, 336, -361}, 0, {1606, -8}, {215, 134, 81, 255} }},
	{{ {-700, 186, -390}, 0, {8, 2008}, {176, 134, 81, 255} }},
	{{ {-629, 186, -319}, 0, {2016, 2008}, {166, 113, 81, 255} }},
	{{ {-657, 336, -401}, 0, {418, -8}, {215, 134, 81, 255} }},
	{{ {-674, 186, -487}, 0, {2016, 2008}, {142, 87, 70, 255} }},
	{{ {-643, 336, -456}, 0, {1606, -8}, {174, 102, 70, 255} }},
	{{ {-577, 186, -513}, 0, {8, 2008}, {40, 28, 68, 255} }},
	{{ {-588, 336, -471}, 0, {418, -8}, {89, 57, 68, 255} }},
	{{ {-506, 186, -442}, 0, {2016, 2008}, {75, 75, 115, 255} }},
	{{ {-548, 336, -431}, 0, {1606, -8}, {119, 87, 115, 255} }},
	{{ {-532, 186, -345}, 0, {8, 2008}, {34, 38, 68, 255} }},
	{{ {-563, 336, -376}, 0, {418, -8}, {115, 62, 68, 255} }},
	{{ {-617, 336, -361}, 0, {1606, -8}, {217, 134, 81, 255} }},
	{{ {-563, 336, 378}, 0, {1606, -8}, {115, 62, 68, 255} }},
	{{ {-506, 186, 445}, 0, {8, 2008}, {75, 75, 115, 255} }},
	{{ {-532, 186, 347}, 0, {2016, 2008}, {34, 38, 68, 255} }},
	{{ {-548, 336, 433}, 0, {418, -8}, {119, 87, 115, 255} }},
	{{ {-577, 186, 516}, 0, {2016, 2008}, {40, 28, 68, 255} }},
	{{ {-588, 336, 473}, 0, {1606, -8}, {89, 57, 68, 255} }},
	{{ {-674, 186, 490}, 0, {8, 2008}, {142, 87, 70, 255} }},
	{{ {-643, 336, 459}, 0, {418, -8}, {174, 102, 70, 255} }},
	{{ {-700, 186, 392}, 0, {2016, 2008}, {176, 134, 81, 255} }},
	{{ {-657, 336, 404}, 0, {1606, -8}, {215, 134, 81, 255} }},
	{{ {-629, 186, 321}, 0, {8, 2008}, {166, 113, 81, 255} }},
	{{ {-617, 336, 364}, 0, {418, -8}, {217, 134, 81, 255} }},
	{{ {-532, 786, 347}, 0, {2016, 2008}, {34, 38, 68, 255} }},
	{{ {-548, 636, 433}, 0, {418, -8}, {106, 66, 98, 255} }},
	{{ {-563, 636, 378}, 0, {1606, -8}, {74, 51, 83, 255} }},
	{{ {-506, 786, 445}, 0, {8, 2008}, {57, 55, 98, 255} }},
	{{ {-588, 636, 473}, 0, {1606, -8}, {74, 51, 83, 255} }},
	{{ {-577, 786, 516}, 0, {2016, 2008}, {40, 28, 68, 255} }},
	{{ {-643, 636, 459}, 0, {418, -8}, {189, 96, 70, 255} }},
	{{ {-674, 786, 490}, 0, {8, 2008}, {155, 104, 70, 255} }},
	{{ {-657, 636, 404}, 0, {1606, -8}, {242, 170, 110, 255} }},
	{{ {-700, 786, 392}, 0, {2016, 2008}, {196, 170, 110, 255} }},
	{{ {-617, 636, 364}, 0, {418, -8}, {202, 115, 81, 255} }},
	{{ {-629, 786, 321}, 0, {8, 2008}, {176, 134, 81, 255} }},
	{{ {-548, 636, -431}, 0, {1606, -8}, {106, 66, 98, 255} }},
	{{ {-577, 786, -513}, 0, {8, 2008}, {40, 28, 68, 255} }},
	{{ {-506, 786, -442}, 0, {2016, 2008}, {57, 55, 98, 255} }},
	{{ {-588, 636, -471}, 0, {418, -8}, {85, 66, 98, 255} }},
	{{ {-674, 786, -487}, 0, {2016, 2008}, {155, 104, 70, 255} }},
	{{ {-643, 636, -456}, 0, {1606, -8}, {189, 96, 70, 255} }},
	{{ {-700, 786, -390}, 0, {8, 2008}, {196, 170, 110, 255} }},
	{{ {-657, 636, -401}, 0, {418, -8}, {242, 170, 110, 255} }},
	{{ {-629, 786, -319}, 0, {2016, 2008}, {176, 134, 81, 255} }},
	{{ {-617, 636, -361}, 0, {1606, -8}, {202, 115, 81, 255} }},
	{{ {-532, 786, -345}, 0, {8, 2008}, {34, 38, 68, 255} }},
	{{ {-563, 636, -376}, 0, {418, -8}, {74, 51, 83, 255} }},
};

Vtx ow2_eq_object_0084BAEC_mesh_layer_1_vtx_5[21] = {
	{{ {748, 986, -352}, 0, {-16, -16}, {142, 100, 91, 255} }},
	{{ {748, 486, -352}, 0, {-16, 2032}, {142, 100, 91, 255} }},
	{{ {748, 486, 1}, 0, {1012, 2032}, {142, 100, 91, 255} }},
	{{ {748, 986, 355}, 0, {2040, -16}, {142, 100, 91, 255} }},
	{{ {748, 486, 355}, 0, {2040, 2032}, {142, 100, 91, 255} }},
	{{ {239, 486, 863}, 0, {1462, 2032}, {87, 70, 75, 255} }},
	{{ {485, 986, 618}, 0, {747, -16}, {55, 55, 87, 255} }},
	{{ {485, 486, 617}, 0, {747, 2032}, {87, 70, 75, 255} }},
	{{ {239, 986, 864}, 0, {1462, -16}, {55, 55, 87, 255} }},
	{{ {485, 486, -615}, 0, {5389, 2032}, {87, 70, 75, 255} }},
	{{ {238, 986, -862}, 0, {4666, -16}, {55, 55, 87, 255} }},
	{{ {239, 486, -861}, 0, {4674, 2032}, {87, 70, 75, 255} }},
	{{ {485, 986, -615}, 0, {5389, -16}, {55, 55, 87, 255} }},
	{{ {485, 986, -615}, 0, {5389, -16}, {157, 119, 106, 255} }},
	{{ {748, 486, -352}, 0, {6152, 2032}, {142, 100, 91, 255} }},
	{{ {748, 986, -352}, 0, {6152, -16}, {142, 100, 91, 255} }},
	{{ {485, 486, -615}, 0, {5389, 2032}, {157, 119, 106, 255} }},
	{{ {485, 486, 617}, 0, {747, 2032}, {157, 119, 106, 255} }},
	{{ {748, 986, 355}, 0, {-16, -16}, {142, 100, 91, 255} }},
	{{ {748, 486, 355}, 0, {-16, 2032}, {142, 100, 91, 255} }},
	{{ {485, 986, 618}, 0, {747, -16}, {157, 114, 95, 255} }},
};

Vtx ow2_eq_object_0084BAEC_mesh_layer_1_vtx_6[6] = {
	{{ {748, 486, -352}, 0, {2032, -16}, {117, 96, 96, 255} }},
	{{ {748, -14, -352}, 0, {2032, 2032}, {153, 132, 130, 255} }},
	{{ {748, -14, 1}, 0, {-8, 2032}, {208, 170, 157, 255} }},
	{{ {748, 486, 1}, 0, {-8, -16}, {208, 170, 157, 255} }},
	{{ {748, -14, 355}, 0, {2032, 2032}, {153, 132, 130, 255} }},
	{{ {748, 486, 355}, 0, {2032, -16}, {117, 96, 96, 255} }},
};

Vtx ow2_eq_object_0084BAEC_mesh_layer_1_vtx_7[16] = {
	{{ {239, -14, 863}, 0, {5839, 2032}, {100, 91, 89, 255} }},
	{{ {485, 486, 617}, 0, {6987, -16}, {87, 70, 75, 255} }},
	{{ {485, -14, 617}, 0, {6987, 2032}, {100, 91, 89, 255} }},
	{{ {239, 486, 863}, 0, {5839, -16}, {87, 70, 75, 255} }},
	{{ {485, -14, 617}, 0, {6987, 2032}, {157, 114, 95, 255} }},
	{{ {748, 486, 355}, 0, {8208, -16}, {142, 100, 91, 255} }},
	{{ {748, -14, 355}, 0, {8208, 2032}, {142, 100, 91, 255} }},
	{{ {485, 486, 617}, 0, {6987, -16}, {157, 119, 106, 255} }},
	{{ {485, 486, -615}, 0, {1205, -16}, {157, 119, 106, 255} }},
	{{ {748, -14, -352}, 0, {-16, 2032}, {142, 100, 91, 255} }},
	{{ {748, 486, -352}, 0, {-16, -16}, {142, 100, 91, 255} }},
	{{ {485, -14, -615}, 0, {1205, 2032}, {157, 119, 106, 255} }},
	{{ {485, -14, -615}, 0, {1205, 2032}, {100, 91, 89, 255} }},
	{{ {239, 486, -861}, 0, {2353, -16}, {87, 70, 75, 255} }},
	{{ {239, -14, -861}, 0, {2353, 2032}, {100, 91, 89, 255} }},
	{{ {485, 486, -615}, 0, {1205, -16}, {87, 70, 75, 255} }},
};

Vtx ow2_eq_object_0084BAEC_mesh_layer_1_vtx_8[29] = {
	{{ {-532, -14, 347}, 0, {2482, -2345}, {55, 55, 75, 255} }},
	{{ {-674, -14, 490}, 0, {2482, -1799}, {55, 55, 75, 255} }},
	{{ {-217, -14, 677}, 0, {1229, -2321}, {55, 55, 75, 255} }},
	{{ {-23, -14, 482}, 0, {1229, -3068}, {55, 55, 75, 255} }},
	{{ {239, -14, 863}, 0, {-16, -2843}, {55, 55, 75, 255} }},
	{{ {485, -14, 617}, 0, {-16, -3799}, {55, 55, 75, 255} }},
	{{ {-666, -14, -352}, 0, {4096, -3445}, {198, 147, 108, 255} }},
	{{ {-532, -14, -345}, 0, {3823, -3686}, {189, 138, 103, 255} }},
	{{ {-674, -14, -487}, 0, {4369, -3686}, {183, 132, 99, 255} }},
	{{ {-666, -14, 1}, 0, {3413, -2755}, {198, 147, 108, 255} }},
	{{ {-252, -14, -248}, 0, {3092, -4048}, {176, 128, 100, 255} }},
	{{ {-252, -14, 251}, 0, {2120, -3076}, {176, 128, 100, 255} }},
	{{ {-532, -14, 347}, 0, {2482, -2345}, {186, 136, 101, 255} }},
	{{ {-666, -14, 355}, 0, {2723, -2072}, {198, 147, 108, 255} }},
	{{ {-674, -14, 490}, 0, {2482, -1799}, {184, 133, 100, 255} }},
	{{ {-23, -14, 482}, 0, {1229, -3068}, {158, 109, 85, 255} }},
	{{ {248, -14, 251}, 0, {1157, -4048}, {123, 81, 66, 255} }},
	{{ {485, -14, 617}, 0, {-16, -3799}, {130, 83, 70, 255} }},
	{{ {748, -14, 355}, 0, {-16, -4811}, {130, 83, 70, 255} }},
	{{ {248, -14, -248}, 0, {2120, -5012}, {123, 81, 66, 255} }},
	{{ {748, -14, -352}, 0, {1357, -6184}, {130, 83, 70, 255} }},
	{{ {485, -14, -615}, 0, {2369, -6184}, {130, 83, 70, 255} }},
	{{ {-23, -14, -480}, 0, {3100, -4939}, {159, 110, 86, 255} }},
	{{ {239, -14, -861}, 0, {3325, -6184}, {55, 55, 75, 255} }},
	{{ {-23, -14, -480}, 0, {3100, -4939}, {55, 55, 75, 255} }},
	{{ {485, -14, -615}, 0, {2369, -6184}, {55, 55, 75, 255} }},
	{{ {-217, -14, -674}, 0, {3847, -4939}, {55, 55, 75, 255} }},
	{{ {-532, -14, -345}, 0, {3823, -3686}, {55, 55, 75, 255} }},
	{{ {-674, -14, -487}, 0, {4369, -3686}, {55, 55, 75, 255} }},
};

Vtx ow2_eq_object_0084BAEC_mesh_layer_1_vtx_9[4] = {
	{{ {-252, -14, 251}, 0, {2040, 2032}, {176, 128, 100, 255} }},
	{{ {248, -14, -248}, 0, {-16, -16}, {123, 81, 66, 255} }},
	{{ {-252, -14, -248}, 0, {-16, 2032}, {176, 128, 100, 255} }},
	{{ {248, -14, 251}, 0, {2040, -16}, {123, 81, 66, 255} }},
};

Vtx ow2_eq_object_0084BAEC_mesh_layer_1_vtx_10[48] = {
	{{ {-674, 986, -487}, 0, {2859, 345}, {181, 134, 106, 255} }},
	{{ {-532, 986, -345}, 0, {3277, 345}, {181, 134, 106, 255} }},
	{{ {-666, 986, -352}, 0, {3068, -16}, {181, 134, 106, 255} }},
	{{ {-74, 986, 470}, 0, {3759, 2032}, {166, 121, 100, 255} }},
	{{ {-531, 986, 355}, 0, {3269, 370}, {181, 134, 106, 255} }},
	{{ {41, 986, 355}, 0, {4096, 2032}, {166, 121, 100, 255} }},
	{{ {-674, 986, 490}, 0, {2859, 345}, {181, 134, 106, 255} }},
	{{ {-666, 986, 355}, 0, {3068, -16}, {181, 134, 106, 255} }},
	{{ {-74, 986, -467}, 0, {3759, 2032}, {166, 121, 100, 255} }},
	{{ {41, 986, -352}, 0, {4096, 2032}, {166, 121, 100, 255} }},
	{{ {-666, 986, -352}, 0, {-16, -16}, {181, 134, 106, 255} }},
	{{ {-516, 986, -199}, 0, {418, 386}, {181, 134, 106, 255} }},
	{{ {-666, 986, -199}, 0, {418, -16}, {181, 134, 106, 255} }},
	{{ {-532, 986, -345}, 0, {-16, 378}, {181, 134, 106, 255} }},
	{{ {41, 986, -352}, 0, {-16, 2032}, {166, 121, 100, 255} }},
	{{ {41, 986, 355}, 0, {2040, 2032}, {166, 121, 100, 255} }},
	{{ {-516, 986, 201}, 0, {1606, 386}, {181, 134, 106, 255} }},
	{{ {-531, 986, 355}, 0, {2040, 370}, {181, 134, 106, 255} }},
	{{ {-666, 986, 355}, 0, {2040, -16}, {181, 134, 106, 255} }},
	{{ {-666, 986, 201}, 0, {1606, -16}, {181, 134, 106, 255} }},
	{{ {-674, 986, 490}, 0, {2859, 345}, {43, 45, 75, 255} }},
	{{ {-74, 986, 470}, 0, {3759, 2032}, {55, 55, 75, 255} }},
	{{ {-263, 986, 659}, 0, {3213, 2032}, {55, 55, 75, 255} }},
	{{ {-531, 986, 355}, 0, {3269, 370}, {55, 55, 75, 255} }},
	{{ {485, 986, 618}, 0, {4361, 2032}, {142, 94, 85, 255} }},
	{{ {41, 986, 355}, 0, {4096, -16}, {166, 121, 100, 255} }},
	{{ {748, 986, 355}, 0, {5124, 2032}, {142, 94, 85, 255} }},
	{{ {-74, 986, 470}, 0, {3759, -16}, {166, 121, 100, 255} }},
	{{ {-74, 986, 470}, 0, {3759, -16}, {55, 55, 75, 255} }},
	{{ {239, 986, 864}, 0, {3646, 2032}, {87, 70, 75, 255} }},
	{{ {-263, 986, 659}, 0, {3213, -16}, {55, 55, 75, 255} }},
	{{ {485, 986, 618}, 0, {4361, 2032}, {87, 70, 75, 255} }},
	{{ {41, 986, -352}, 0, {-16, -16}, {166, 121, 100, 255} }},
	{{ {748, 986, 355}, 0, {2040, 2032}, {142, 94, 85, 255} }},
	{{ {41, 986, 355}, 0, {2040, -16}, {166, 121, 100, 255} }},
	{{ {748, 986, -352}, 0, {-16, 2032}, {142, 94, 85, 255} }},
	{{ {-532, 986, -345}, 0, {3277, 345}, {55, 55, 75, 255} }},
	{{ {-264, 986, -657}, 0, {3213, 2032}, {55, 55, 75, 255} }},
	{{ {-74, 986, -467}, 0, {3759, 2032}, {55, 55, 75, 255} }},
	{{ {-674, 986, -487}, 0, {2859, 345}, {43, 45, 75, 255} }},
	{{ {-264, 986, -657}, 0, {3213, -16}, {55, 55, 75, 255} }},
	{{ {485, 986, -615}, 0, {4361, 2032}, {87, 70, 75, 255} }},
	{{ {-74, 986, -467}, 0, {3759, -16}, {55, 55, 75, 255} }},
	{{ {238, 986, -862}, 0, {3638, 2032}, {87, 70, 75, 255} }},
	{{ {41, 986, -352}, 0, {4096, -16}, {166, 121, 100, 255} }},
	{{ {485, 986, -615}, 0, {4361, 2032}, {142, 94, 85, 255} }},
	{{ {748, 986, -352}, 0, {5124, 2032}, {142, 94, 85, 255} }},
	{{ {-74, 986, -467}, 0, {3759, -16}, {166, 121, 100, 255} }},
};

Vtx ow2_eq_object_0084BAEC_mesh_layer_4_vtx_0[88] = {
	{{ {-675, 186, 490}, 0, {3068, 2032}, {151, 103, 81, 255} }},
	{{ {-576, 186, 517}, 0, {5124, 2032}, {142, 87, 70, 255} }},
	{{ {-576, 336, 517}, 0, {5124, -1044}, {116, 72, 69, 255} }},
	{{ {-675, 336, 490}, 0, {3068, -1044}, {160, 119, 92, 255} }},
	{{ {-576, 636, 517}, 0, {5124, -7212}, {91, 57, 69, 255} }},
	{{ {-675, 636, 490}, 0, {3068, -7212}, {169, 135, 103, 255} }},
	{{ {-576, 786, 517}, 0, {5124, -10296}, {40, 28, 68, 255} }},
	{{ {-675, 786, 490}, 0, {3068, -10296}, {179, 151, 115, 255} }},
	{{ {-531, 186, 347}, 0, {9236, 2032}, {28, 29, 52, 255} }},
	{{ {-629, 186, 320}, 0, {11292, 2032}, {26, 26, 47, 255} }},
	{{ {-629, 336, 320}, 0, {11292, -1044}, {166, 113, 81, 255} }},
	{{ {-531, 336, 347}, 0, {9236, -1044}, {30, 32, 57, 255} }},
	{{ {-629, 636, 320}, 0, {11292, -7212}, {174, 124, 89, 255} }},
	{{ {-531, 636, 347}, 0, {9236, -7212}, {32, 35, 62, 255} }},
	{{ {-629, 786, 320}, 0, {11292, -10296}, {198, 157, 113, 255} }},
	{{ {-531, 786, 347}, 0, {9236, -10296}, {34, 38, 68, 255} }},
	{{ {-505, 186, 445}, 0, {7180, 2032}, {45, 45, 73, 255} }},
	{{ {-531, 186, 347}, 0, {9236, 2032}, {36, 36, 60, 255} }},
	{{ {-531, 336, 347}, 0, {9236, -1044}, {35, 36, 62, 255} }},
	{{ {-505, 336, 445}, 0, {7180, -1044}, {55, 55, 87, 255} }},
	{{ {-531, 636, 347}, 0, {9236, -7212}, {35, 37, 64, 255} }},
	{{ {-505, 636, 445}, 0, {7180, -7212}, {65, 65, 101, 255} }},
	{{ {-505, 786, 445}, 0, {7180, -10296}, {75, 75, 115, 255} }},
	{{ {-576, 186, 517}, 0, {5124, 2032}, {16, 16, 36, 255} }},
	{{ {-505, 186, 445}, 0, {7180, 2032}, {9, 13, 26, 255} }},
	{{ {-505, 336, 445}, 0, {7180, -1044}, {25, 28, 48, 255} }},
	{{ {-576, 336, 517}, 0, {5124, -1044}, {24, 20, 47, 255} }},
	{{ {-505, 636, 445}, 0, {7180, -7212}, {42, 44, 70, 255} }},
	{{ {-576, 636, 517}, 0, {5124, -7212}, {32, 24, 57, 255} }},
	{{ {-629, 186, 320}, 0, {11292, 2032}, {174, 124, 89, 255} }},
	{{ {-701, 186, 392}, 0, {13348, 2032}, {166, 113, 81, 255} }},
	{{ {-701, 336, 392}, 0, {13348, -1044}, {202, 179, 153, 255} }},
	{{ {-629, 336, 320}, 0, {11292, -1044}, {182, 135, 97, 255} }},
	{{ {-701, 636, 392}, 0, {13348, -7212}, {214, 193, 164, 255} }},
	{{ {-629, 636, 320}, 0, {11292, -7212}, {190, 146, 105, 255} }},
	{{ {-701, 786, 392}, 0, {13348, -10296}, {250, 238, 200, 255} }},
	{{ {-701, 186, 392}, 0, {1012, 2032}, {214, 193, 164, 255} }},
	{{ {-675, 186, 490}, 0, {3068, 2032}, {202, 179, 153, 255} }},
	{{ {-675, 336, 490}, 0, {3068, -1044}, {142, 87, 70, 255} }},
	{{ {-701, 336, 392}, 0, {1012, -1044}, {226, 208, 176, 255} }},
	{{ {-675, 636, 490}, 0, {3068, -7212}, {151, 103, 81, 255} }},
	{{ {-701, 636, 392}, 0, {1012, -7212}, {238, 223, 188, 255} }},
	{{ {-701, 786, 392}, 0, {1012, -10296}, {250, 238, 200, 255} }},
	{{ {-701, 786, -390}, 0, {11292, -10296}, {250, 238, 200, 255} }},
	{{ {-675, 786, -488}, 0, {9236, -10296}, {179, 151, 115, 255} }},
	{{ {-675, 636, -488}, 0, {9236, -7212}, {169, 135, 103, 255} }},
	{{ {-701, 636, -390}, 0, {11292, -7212}, {196, 162, 135, 255} }},
	{{ {-675, 336, -488}, 0, {9236, -1044}, {160, 119, 92, 255} }},
	{{ {-701, 336, -390}, 0, {11292, -1044}, {169, 124, 102, 255} }},
	{{ {-675, 186, -488}, 0, {9236, 2032}, {151, 103, 81, 255} }},
	{{ {-701, 186, -390}, 0, {11292, 2032}, {142, 87, 70, 255} }},
	{{ {-576, 786, -514}, 0, {7180, -10296}, {40, 28, 68, 255} }},
	{{ {-576, 636, -514}, 0, {7180, -7212}, {32, 24, 57, 255} }},
	{{ {-675, 636, -488}, 0, {9236, -7212}, {94, 82, 70, 255} }},
	{{ {-576, 336, -514}, 0, {7180, -1044}, {24, 20, 47, 255} }},
	{{ {-675, 336, -488}, 0, {9236, -1044}, {51, 47, 48, 255} }},
	{{ {-576, 186, -514}, 0, {7180, 2032}, {16, 16, 36, 255} }},
	{{ {-675, 186, -488}, 0, {9236, 2032}, {9, 13, 26, 255} }},
	{{ {-576, 786, -514}, 0, {7180, -10296}, {40, 28, 68, 255} }},
	{{ {-505, 786, -442}, 0, {5124, -10296}, {75, 75, 115, 255} }},
	{{ {-505, 636, -442}, 0, {5124, -7212}, {65, 65, 101, 255} }},
	{{ {-576, 636, -514}, 0, {7180, -7212}, {38, 32, 64, 255} }},
	{{ {-505, 336, -442}, 0, {5124, -1044}, {55, 55, 87, 255} }},
	{{ {-576, 336, -514}, 0, {7180, -1044}, {37, 34, 62, 255} }},
	{{ {-505, 186, -442}, 0, {5124, 2032}, {45, 45, 73, 255} }},
	{{ {-576, 186, -514}, 0, {7180, 2032}, {36, 36, 60, 255} }},
	{{ {-531, 786, -344}, 0, {3068, -10296}, {34, 38, 68, 255} }},
	{{ {-531, 636, -344}, 0, {3068, -7212}, {32, 35, 62, 255} }},
	{{ {-505, 636, -442}, 0, {5124, -7212}, {45, 45, 73, 255} }},
	{{ {-531, 336, -344}, 0, {3068, -1044}, {30, 32, 57, 255} }},
	{{ {-505, 336, -442}, 0, {5124, -1044}, {36, 36, 60, 255} }},
	{{ {-531, 186, -344}, 0, {3068, 2032}, {28, 29, 52, 255} }},
	{{ {-505, 186, -442}, 0, {5124, 2032}, {26, 26, 47, 255} }},
	{{ {-629, 786, -318}, 0, {1012, -10296}, {198, 157, 113, 255} }},
	{{ {-629, 636, -318}, 0, {1012, -7212}, {190, 146, 105, 255} }},
	{{ {-531, 636, -344}, 0, {3068, -7212}, {28, 29, 52, 255} }},
	{{ {-629, 336, -318}, 0, {1012, -1044}, {182, 135, 97, 255} }},
	{{ {-531, 336, -344}, 0, {3068, -1044}, {26, 26, 47, 255} }},
	{{ {-629, 186, -318}, 0, {1012, 2032}, {174, 124, 89, 255} }},
	{{ {-531, 186, -344}, 0, {3068, 2032}, {166, 113, 81, 255} }},
	{{ {-629, 786, -318}, 0, {13348, -10296}, {198, 157, 113, 255} }},
	{{ {-701, 786, -390}, 0, {11292, -10296}, {250, 238, 200, 255} }},
	{{ {-701, 636, -390}, 0, {11292, -7212}, {238, 223, 188, 255} }},
	{{ {-629, 636, -318}, 0, {13348, -7212}, {174, 124, 89, 255} }},
	{{ {-701, 336, -390}, 0, {11292, -1044}, {226, 208, 176, 255} }},
	{{ {-629, 336, -318}, 0, {13348, -1044}, {166, 113, 81, 255} }},
	{{ {-701, 186, -390}, 0, {11292, 2032}, {214, 193, 164, 255} }},
	{{ {-629, 186, -318}, 0, {13348, 2032}, {202, 179, 153, 255} }},
};


Gfx ow2_eq_object_0084BAEC_mesh_layer_1[] = {
	gsSPLoadGeometryMode(G_ZBUFFER | G_SHADE | G_CULL_BACK | G_SHADING_SMOOTH),
	gsDPSetCombineLERP(TEXEL0, 0, SHADE, 0, ENVIRONMENT, 0, SHADE, 0, TEXEL0, 0, SHADE, 0, ENVIRONMENT, 0, SHADE, 0),
	gsSPSetOtherMode(G_SETOTHERMODE_H, 4, 20, G_AD_NOISE | G_CD_MAGICSQ | G_CK_NONE | G_TC_FILT | G_TF_BILERP | G_TT_RGBA16 | G_TL_TILE | G_TD_CLAMP | G_TP_PERSP | G_CYC_1CYCLE | G_PM_NPRIMITIVE),
	gsSPTexture(65535, 65535, 0, 0, 1),
	gsDPSetTextureImage(G_IM_FMT_RGBA, G_IM_SIZ_16b, 1, ow2_eq_kd_eq_other5_pal_rgba16),
	gsDPSetTile(0, 0, 0, 256, 5, 0, G_TX_WRAP | G_TX_NOMIRROR, 0, 0, G_TX_WRAP | G_TX_NOMIRROR, 0, 0),
	gsDPLoadTLUTCmd(5, 15),
	gsDPSetTextureImage(G_IM_FMT_CI, G_IM_SIZ_16b, 1, ow2_eq_kd_eq_other5_ci4),
	gsDPSetTile(G_IM_FMT_CI, G_IM_SIZ_16b, 0, 0, 7, 0, G_TX_WRAP | G_TX_NOMIRROR, 0, 0, G_TX_WRAP | G_TX_NOMIRROR, 0, 0),
	gsDPLoadBlock(7, 0, 0, 1023, 512),
	gsDPSetTile(G_IM_FMT_CI, G_IM_SIZ_4b, 4, 0, 0, 0, G_TX_WRAP | G_TX_NOMIRROR, 6, 0, G_TX_WRAP | G_TX_NOMIRROR, 6, 0),
	gsDPSetTileSize(0, 0, 0, 252, 252),
	gsSPVertex(ow2_eq_object_0084BAEC_mesh_layer_1_vtx_0 + 0, 14, 0),
	gsSP2Triangles(0, 1, 2, 0, 0, 2, 3, 0),
	gsSP2Triangles(3, 2, 4, 0, 3, 4, 5, 0),
	gsSP2Triangles(5, 4, 6, 0, 5, 6, 7, 0),
	gsSP2Triangles(7, 6, 8, 0, 7, 8, 9, 0),
	gsSP2Triangles(9, 8, 10, 0, 9, 10, 11, 0),
	gsSP2Triangles(11, 10, 12, 0, 11, 12, 13, 0),
	gsSPVertex(ow2_eq_object_0084BAEC_mesh_layer_1_vtx_1 + 0, 14, 0),
	gsSP2Triangles(0, 1, 2, 0, 0, 2, 3, 0),
	gsSP2Triangles(3, 2, 4, 0, 3, 4, 5, 0),
	gsSP2Triangles(5, 4, 6, 0, 5, 6, 7, 0),
	gsSP2Triangles(7, 6, 8, 0, 7, 8, 9, 0),
	gsSP2Triangles(9, 8, 10, 0, 9, 10, 11, 0),
	gsSP2Triangles(11, 10, 12, 0, 11, 12, 13, 0),
	gsDPPipeSync(),
	gsDPSetTextureImage(G_IM_FMT_RGBA, G_IM_SIZ_16b, 1, ow2_eq_kd_eq_hasira6_001_pal_rgba16),
	gsDPLoadTLUTCmd(5, 15),
	gsDPSetTextureImage(G_IM_FMT_CI, G_IM_SIZ_16b, 1, ow2_eq_kd_eq_hasira6_001_ci4),
	gsDPLoadBlock(7, 0, 0, 1023, 512),
	gsDPSetTile(G_IM_FMT_CI, G_IM_SIZ_4b, 4, 0, 0, 0, G_TX_CLAMP | G_TX_NOMIRROR, 6, 0, G_TX_WRAP | G_TX_NOMIRROR, 6, 0),
	gsSPVertex(ow2_eq_object_0084BAEC_mesh_layer_1_vtx_2 + 0, 28, 0),
	gsSP2Triangles(0, 1, 2, 0, 0, 3, 1, 0),
	gsSP2Triangles(4, 3, 0, 0, 4, 5, 3, 0),
	gsSP2Triangles(6, 5, 4, 0, 6, 7, 5, 0),
	gsSP2Triangles(8, 7, 6, 0, 8, 9, 7, 0),
	gsSP2Triangles(10, 9, 8, 0, 10, 11, 9, 0),
	gsSP2Triangles(12, 11, 10, 0, 11, 12, 13, 0),
	gsSP2Triangles(14, 15, 16, 0, 14, 17, 15, 0),
	gsSP2Triangles(18, 17, 14, 0, 18, 19, 17, 0),
	gsSP2Triangles(20, 19, 18, 0, 20, 21, 19, 0),
	gsSP2Triangles(22, 21, 20, 0, 22, 23, 21, 0),
	gsSP2Triangles(24, 23, 22, 0, 24, 25, 23, 0),
	gsSP2Triangles(26, 25, 24, 0, 25, 26, 27, 0),
	gsDPPipeSync(),
	gsDPSetTextureImage(G_IM_FMT_RGBA, G_IM_SIZ_16b, 1, ow2_eq_kd_eq_hasira5_001_pal_rgba16),
	gsDPLoadTLUTCmd(5, 15),
	gsDPSetTextureImage(G_IM_FMT_CI, G_IM_SIZ_16b, 1, ow2_eq_kd_eq_hasira5_001_ci4),
	gsDPLoadBlock(7, 0, 0, 1023, 512),
	gsSPVertex(ow2_eq_object_0084BAEC_mesh_layer_1_vtx_3 + 0, 28, 0),
	gsSP2Triangles(0, 1, 2, 0, 0, 2, 3, 0),
	gsSP2Triangles(3, 2, 4, 0, 3, 4, 5, 0),
	gsSP2Triangles(5, 4, 6, 0, 5, 6, 7, 0),
	gsSP2Triangles(7, 6, 8, 0, 7, 8, 9, 0),
	gsSP2Triangles(9, 8, 10, 0, 9, 10, 11, 0),
	gsSP2Triangles(11, 10, 12, 0, 11, 12, 13, 0),
	gsSP2Triangles(14, 15, 16, 0, 14, 16, 17, 0),
	gsSP2Triangles(17, 16, 18, 0, 17, 18, 19, 0),
	gsSP2Triangles(19, 18, 20, 0, 19, 20, 21, 0),
	gsSP2Triangles(21, 20, 22, 0, 21, 22, 23, 0),
	gsSP2Triangles(23, 22, 24, 0, 23, 24, 25, 0),
	gsSP2Triangles(25, 24, 26, 0, 25, 26, 27, 0),
	gsDPPipeSync(),
	gsDPSetTextureImage(G_IM_FMT_RGBA, G_IM_SIZ_16b, 1, ow2_eq_kd_eq_other4_001_pal_rgba16),
	gsDPLoadTLUTCmd(5, 15),
	gsDPSetTextureImage(G_IM_FMT_CI, G_IM_SIZ_16b, 1, ow2_eq_kd_eq_other4_001_ci4),
	gsDPLoadBlock(7, 0, 0, 1023, 512),
	gsDPSetTile(G_IM_FMT_CI, G_IM_SIZ_4b, 4, 0, 0, 0, G_TX_CLAMP | G_TX_NOMIRROR, 6, 0, G_TX_CLAMP | G_TX_NOMIRROR, 6, 0),
	gsSPVertex(ow2_eq_object_0084BAEC_mesh_layer_1_vtx_4 + 0, 49, 0),
	gsSP2Triangles(0, 1, 2, 0, 3, 1, 0, 0),
	gsSP2Triangles(3, 4, 1, 0, 5, 4, 3, 0),
	gsSP2Triangles(5, 6, 4, 0, 7, 6, 5, 0),
	gsSP2Triangles(7, 8, 6, 0, 9, 8, 7, 0),
	gsSP2Triangles(9, 10, 8, 0, 11, 10, 9, 0),
	gsSP2Triangles(11, 2, 10, 0, 2, 11, 12, 0),
	gsSP2Triangles(13, 14, 15, 0, 16, 14, 13, 0),
	gsSP2Triangles(16, 17, 14, 0, 18, 17, 16, 0),
	gsSP2Triangles(18, 19, 17, 0, 20, 19, 18, 0),
	gsSP2Triangles(20, 21, 19, 0, 22, 21, 20, 0),
	gsSP2Triangles(22, 23, 21, 0, 24, 23, 22, 0),
	gsSP2Triangles(24, 15, 23, 0, 13, 15, 24, 0),
	gsSP2Triangles(25, 26, 27, 0, 28, 26, 25, 0),
	gsSP2Triangles(28, 29, 26, 0, 30, 29, 28, 0),
	gsSP2Triangles(30, 31, 29, 0, 32, 31, 30, 0),
	gsSP2Triangles(32, 33, 31, 0, 34, 33, 32, 0),
	gsSP2Triangles(34, 35, 33, 0, 36, 35, 34, 0),
	gsSP2Triangles(36, 27, 35, 0, 25, 27, 36, 0),
	gsSP2Triangles(37, 38, 39, 0, 40, 38, 37, 0),
	gsSP2Triangles(40, 41, 38, 0, 42, 41, 40, 0),
	gsSP2Triangles(42, 43, 41, 0, 44, 43, 42, 0),
	gsSP2Triangles(44, 45, 43, 0, 46, 45, 44, 0),
	gsSP2Triangles(46, 47, 45, 0, 48, 47, 46, 0),
	gsSP2Triangles(48, 39, 47, 0, 37, 39, 48, 0),
	gsDPPipeSync(),
	gsDPSetTextureImage(G_IM_FMT_RGBA, G_IM_SIZ_16b, 1, ow2_eq_kd_eq_gc021_pal_rgba16),
	gsDPLoadTLUTCmd(5, 15),
	gsDPSetTextureImage(G_IM_FMT_CI, G_IM_SIZ_16b, 1, ow2_eq_kd_eq_gc021_ci4),
	gsDPLoadBlock(7, 0, 0, 1023, 512),
	gsDPSetTile(G_IM_FMT_CI, G_IM_SIZ_4b, 4, 0, 0, 0, G_TX_CLAMP | G_TX_NOMIRROR, 6, 0, G_TX_WRAP | G_TX_NOMIRROR, 6, 0),
	gsSPVertex(ow2_eq_object_0084BAEC_mesh_layer_1_vtx_5 + 0, 21, 0),
	gsSP2Triangles(0, 1, 2, 0, 0, 2, 3, 0),
	gsSP2Triangles(3, 2, 4, 0, 5, 6, 7, 0),
	gsSP2Triangles(6, 5, 8, 0, 9, 10, 11, 0),
	gsSP2Triangles(10, 9, 12, 0, 13, 14, 15, 0),
	gsSP2Triangles(14, 13, 16, 0, 17, 18, 19, 0),
	gsSP1Triangle(18, 17, 20, 0),
	gsDPPipeSync(),
	gsDPSetTextureImage(G_IM_FMT_RGBA, G_IM_SIZ_16b, 1, ow2_eq_kd_eq_gc071_pal_rgba16),
	gsDPLoadTLUTCmd(5, 15),
	gsDPSetTextureImage(G_IM_FMT_CI, G_IM_SIZ_16b, 1, ow2_eq_kd_eq_gc071_ci4),
	gsDPLoadBlock(7, 0, 0, 1023, 512),
	gsDPSetTile(G_IM_FMT_CI, G_IM_SIZ_4b, 4, 0, 0, 0, G_TX_CLAMP | G_TX_NOMIRROR, 6, 0, G_TX_CLAMP | G_TX_NOMIRROR, 6, 0),
	gsSPVertex(ow2_eq_object_0084BAEC_mesh_layer_1_vtx_6 + 0, 6, 0),
	gsSP2Triangles(0, 1, 2, 0, 0, 2, 3, 0),
	gsSP2Triangles(3, 2, 4, 0, 3, 4, 5, 0),
	gsDPPipeSync(),
	gsDPSetTextureImage(G_IM_FMT_RGBA, G_IM_SIZ_16b, 1, ow2_eq_kd_eq_other6_001_pal_rgba16),
	gsDPLoadTLUTCmd(5, 15),
	gsDPSetTextureImage(G_IM_FMT_CI, G_IM_SIZ_16b, 1, ow2_eq_kd_eq_other6_001_ci4),
	gsDPLoadBlock(7, 0, 0, 1023, 512),
	gsDPSetTile(G_IM_FMT_CI, G_IM_SIZ_4b, 4, 0, 0, 0, G_TX_CLAMP | G_TX_NOMIRROR, 6, 0, G_TX_WRAP | G_TX_NOMIRROR, 6, 0),
	gsSPVertex(ow2_eq_object_0084BAEC_mesh_layer_1_vtx_7 + 0, 16, 0),
	gsSP2Triangles(0, 1, 2, 0, 1, 0, 3, 0),
	gsSP2Triangles(4, 5, 6, 0, 5, 4, 7, 0),
	gsSP2Triangles(8, 9, 10, 0, 9, 8, 11, 0),
	gsSP2Triangles(12, 13, 14, 0, 13, 12, 15, 0),
	gsDPPipeSync(),
	gsDPSetTextureImage(G_IM_FMT_RGBA, G_IM_SIZ_16b, 1, ow2_eq_kd_eq_kabe3_001_pal_rgba16),
	gsDPLoadTLUTCmd(5, 15),
	gsDPSetTextureImage(G_IM_FMT_CI, G_IM_SIZ_16b, 1, ow2_eq_kd_eq_kabe3_001_ci4),
	gsDPLoadBlock(7, 0, 0, 1023, 512),
	gsDPSetTile(G_IM_FMT_CI, G_IM_SIZ_4b, 4, 0, 0, 0, G_TX_WRAP | G_TX_NOMIRROR, 6, 0, G_TX_WRAP | G_TX_NOMIRROR, 6, 0),
	gsSPVertex(ow2_eq_object_0084BAEC_mesh_layer_1_vtx_8 + 0, 29, 0),
	gsSP2Triangles(0, 1, 2, 0, 0, 2, 3, 0),
	gsSP2Triangles(3, 2, 4, 0, 3, 4, 5, 0),
	gsSP2Triangles(6, 7, 8, 0, 9, 7, 6, 0),
	gsSP2Triangles(9, 10, 7, 0, 10, 9, 11, 0),
	gsSP2Triangles(9, 12, 11, 0, 9, 13, 12, 0),
	gsSP2Triangles(13, 14, 12, 0, 11, 12, 15, 0),
	gsSP2Triangles(11, 15, 16, 0, 16, 15, 17, 0),
	gsSP2Triangles(16, 17, 18, 0, 18, 19, 16, 0),
	gsSP2Triangles(19, 18, 20, 0, 21, 19, 20, 0),
	gsSP2Triangles(22, 19, 21, 0, 22, 10, 19, 0),
	gsSP2Triangles(10, 22, 7, 0, 23, 24, 25, 0),
	gsSP2Triangles(26, 24, 23, 0, 26, 27, 24, 0),
	gsSP1Triangle(27, 26, 28, 0),
	gsDPPipeSync(),
	gsDPSetTextureImage(G_IM_FMT_RGBA, G_IM_SIZ_16b, 1, ow2_eq_kd_eq_other1_001_pal_rgba16),
	gsDPLoadTLUTCmd(5, 15),
	gsDPSetTextureImage(G_IM_FMT_CI, G_IM_SIZ_16b, 1, ow2_eq_kd_eq_other1_001_ci4),
	gsDPLoadBlock(7, 0, 0, 1023, 512),
	gsDPSetTile(G_IM_FMT_CI, G_IM_SIZ_4b, 4, 0, 0, 0, G_TX_CLAMP | G_TX_NOMIRROR, 6, 0, G_TX_CLAMP | G_TX_NOMIRROR, 6, 0),
	gsSPVertex(ow2_eq_object_0084BAEC_mesh_layer_1_vtx_9 + 0, 4, 0),
	gsSP2Triangles(0, 1, 2, 0, 1, 0, 3, 0),
	gsDPPipeSync(),
	gsDPSetTextureImage(G_IM_FMT_RGBA, G_IM_SIZ_16b, 1, ow2_eq_kd_eq_gc022_pal_rgba16),
	gsDPLoadTLUTCmd(5, 15),
	gsDPSetTextureImage(G_IM_FMT_CI, G_IM_SIZ_16b, 1, ow2_eq_kd_eq_gc022_ci4),
	gsDPLoadBlock(7, 0, 0, 1023, 512),
	gsDPSetTile(G_IM_FMT_CI, G_IM_SIZ_4b, 4, 0, 0, 0, G_TX_CLAMP | G_TX_NOMIRROR, 6, 0, G_TX_WRAP | G_TX_NOMIRROR, 6, 0),
	gsSPVertex(ow2_eq_object_0084BAEC_mesh_layer_1_vtx_10 + 0, 48, 0),
	gsSP2Triangles(0, 1, 2, 0, 3, 4, 5, 0),
	gsSP2Triangles(6, 7, 4, 0, 8, 9, 1, 0),
	gsSP2Triangles(10, 11, 12, 0, 11, 10, 13, 0),
	gsSP2Triangles(14, 11, 13, 0, 15, 11, 14, 0),
	gsSP2Triangles(15, 16, 11, 0, 17, 16, 15, 0),
	gsSP2Triangles(17, 18, 16, 0, 19, 16, 18, 0),
	gsSP2Triangles(20, 21, 22, 0, 21, 20, 23, 0),
	gsSP2Triangles(24, 25, 26, 0, 25, 24, 27, 0),
	gsSP2Triangles(28, 29, 30, 0, 29, 28, 31, 0),
	gsSP2Triangles(32, 33, 34, 0, 33, 32, 35, 0),
	gsSP2Triangles(36, 37, 38, 0, 37, 36, 39, 0),
	gsSP2Triangles(40, 41, 42, 0, 41, 40, 43, 0),
	gsSP2Triangles(44, 45, 46, 0, 45, 44, 47, 0),
	gsDPPipeSync(),
	gsSPLoadGeometryMode(G_ZBUFFER | G_SHADE | G_CULL_BACK | G_LIGHTING | G_SHADING_SMOOTH),
	gsSPSetOtherMode(G_SETOTHERMODE_H, 4, 20, G_CD_MAGICSQ | G_AD_DISABLE | G_CK_NONE | G_TC_FILT | G_TF_BILERP | G_TT_NONE | G_TL_TILE | G_TD_CLAMP | G_TP_PERSP | G_CYC_1CYCLE | G_PM_1PRIMITIVE),
	gsDPSetCombineLERP(0, 0, 0, SHADE, 0, 0, 0, ENVIRONMENT, 0, 0, 0, SHADE, 0, 0, 0, ENVIRONMENT),
	gsSPTexture(65535, 65535, 0, 0, 0),
	gsDPSetEnvColor(255, 255, 255, 255),
	gsSPEndDisplayList(),
};

Gfx ow2_eq_object_0084BAEC_mesh_layer_4[] = {
	gsSPLoadGeometryMode(G_ZBUFFER | G_SHADE | G_CULL_BACK | G_SHADING_SMOOTH),
	gsDPSetCombineLERP(TEXEL0, 0, SHADE, 0, TEXEL0, 0, ENVIRONMENT, 0, TEXEL0, 0, SHADE, 0, TEXEL0, 0, ENVIRONMENT, 0),
	gsSPSetOtherMode(G_SETOTHERMODE_H, 4, 20, G_AD_NOISE | G_CD_MAGICSQ | G_CK_NONE | G_TC_FILT | G_TF_BILERP | G_TT_RGBA16 | G_TL_TILE | G_TD_CLAMP | G_TP_PERSP | G_CYC_1CYCLE | G_PM_NPRIMITIVE),
	gsSPTexture(65535, 65535, 0, 0, 1),
	gsDPSetPrimColor(0, 0, 255, 255, 255, 255),
	gsDPSetTextureImage(G_IM_FMT_RGBA, G_IM_SIZ_16b, 1, ow2_eq_kd_eq_other3_001_pal_rgba16),
	gsDPSetTile(0, 0, 0, 256, 5, 0, G_TX_WRAP | G_TX_NOMIRROR, 0, 0, G_TX_WRAP | G_TX_NOMIRROR, 0, 0),
	gsDPLoadTLUTCmd(5, 15),
	gsDPSetTextureImage(G_IM_FMT_CI, G_IM_SIZ_16b, 1, ow2_eq_kd_eq_other3_001_ci4),
	gsDPSetTile(G_IM_FMT_CI, G_IM_SIZ_16b, 0, 0, 7, 0, G_TX_WRAP | G_TX_NOMIRROR, 0, 0, G_TX_WRAP | G_TX_NOMIRROR, 0, 0),
	gsDPLoadBlock(7, 0, 0, 1023, 512),
	gsDPSetTile(G_IM_FMT_CI, G_IM_SIZ_4b, 4, 0, 0, 0, G_TX_WRAP | G_TX_NOMIRROR, 6, 0, G_TX_WRAP | G_TX_NOMIRROR, 6, 0),
	gsDPSetTileSize(0, 0, 0, 252, 252),
	gsSPVertex(ow2_eq_object_0084BAEC_mesh_layer_4_vtx_0 + 0, 58, 0),
	gsSP2Triangles(0, 1, 2, 0, 0, 2, 3, 0),
	gsSP2Triangles(3, 2, 4, 0, 3, 4, 5, 0),
	gsSP2Triangles(5, 4, 6, 0, 5, 6, 7, 0),
	gsSP2Triangles(8, 9, 10, 0, 8, 10, 11, 0),
	gsSP2Triangles(11, 10, 12, 0, 11, 12, 13, 0),
	gsSP2Triangles(13, 12, 14, 0, 13, 14, 15, 0),
	gsSP2Triangles(16, 17, 18, 0, 16, 18, 19, 0),
	gsSP2Triangles(19, 18, 20, 0, 19, 20, 21, 0),
	gsSP2Triangles(21, 20, 15, 0, 21, 15, 22, 0),
	gsSP2Triangles(23, 24, 25, 0, 23, 25, 26, 0),
	gsSP2Triangles(26, 25, 27, 0, 26, 27, 28, 0),
	gsSP2Triangles(28, 27, 22, 0, 28, 22, 6, 0),
	gsSP2Triangles(29, 30, 31, 0, 29, 31, 32, 0),
	gsSP2Triangles(32, 31, 33, 0, 32, 33, 34, 0),
	gsSP2Triangles(34, 33, 35, 0, 34, 35, 14, 0),
	gsSP2Triangles(36, 37, 38, 0, 36, 38, 39, 0),
	gsSP2Triangles(39, 38, 40, 0, 39, 40, 41, 0),
	gsSP2Triangles(41, 40, 7, 0, 41, 7, 42, 0),
	gsSP2Triangles(43, 44, 45, 0, 43, 45, 46, 0),
	gsSP2Triangles(46, 45, 47, 0, 46, 47, 48, 0),
	gsSP2Triangles(48, 47, 49, 0, 48, 49, 50, 0),
	gsSP2Triangles(44, 51, 52, 0, 44, 52, 53, 0),
	gsSP2Triangles(53, 52, 54, 0, 53, 54, 55, 0),
	gsSP2Triangles(55, 54, 56, 0, 55, 56, 57, 0),
	gsSPVertex(ow2_eq_object_0084BAEC_mesh_layer_4_vtx_0 + 58, 30, 0),
	gsSP2Triangles(0, 1, 2, 0, 0, 2, 3, 0),
	gsSP2Triangles(3, 2, 4, 0, 3, 4, 5, 0),
	gsSP2Triangles(5, 4, 6, 0, 5, 6, 7, 0),
	gsSP2Triangles(1, 8, 9, 0, 1, 9, 10, 0),
	gsSP2Triangles(10, 9, 11, 0, 10, 11, 12, 0),
	gsSP2Triangles(12, 11, 13, 0, 12, 13, 14, 0),
	gsSP2Triangles(8, 15, 16, 0, 8, 16, 17, 0),
	gsSP2Triangles(17, 16, 18, 0, 17, 18, 19, 0),
	gsSP2Triangles(19, 18, 20, 0, 19, 20, 21, 0),
	gsSP2Triangles(22, 23, 24, 0, 22, 24, 25, 0),
	gsSP2Triangles(25, 24, 26, 0, 25, 26, 27, 0),
	gsSP2Triangles(27, 26, 28, 0, 27, 28, 29, 0),
	gsDPPipeSync(),
	gsSPLoadGeometryMode(G_ZBUFFER | G_SHADE | G_CULL_BACK | G_LIGHTING | G_SHADING_SMOOTH),
	gsSPSetOtherMode(G_SETOTHERMODE_H, 4, 20, G_CD_MAGICSQ | G_AD_DISABLE | G_CK_NONE | G_TC_FILT | G_TF_BILERP | G_TT_NONE | G_TL_TILE | G_TD_CLAMP | G_TP_PERSP | G_CYC_1CYCLE | G_PM_1PRIMITIVE),
	gsDPSetCombineLERP(0, 0, 0, SHADE, 0, 0, 0, ENVIRONMENT, 0, 0, 0, SHADE, 0, 0, 0, ENVIRONMENT),
	gsSPTexture(65535, 65535, 0, 0, 0),
	gsDPSetEnvColor(255, 255, 255, 255),
	gsDPSetAlphaCompareReal(G_AC_NONE),
	gsSPEndDisplayList(),
};

