ALIGNED8 u8 chao_skybox_race_sky01_rgba16[] = {
	0x00, 0x5f, 0x00, 0x5f, 0x00, 0x5f, 0x00, 0x5f, 
	0x00, 0x5f, 0x00, 0x5f, 0x00, 0x5f, 0x00, 0x5f, 
	0x00, 0x5f, 0x00, 0x5f, 0x00, 0x5f, 0x00, 0x5f, 
	0x00, 0x5f, 0x00, 0x5f, 0x00, 0x5f, 0x00, 0x5f, 
	0x00, 0x5f, 0x00, 0x5f, 0x00, 0x5f, 0x00, 0x5f, 
	0x00, 0x5f, 0x00, 0x5f, 0x00, 0x5f, 0x00, 0x5f, 
	0x00, 0x5f, 0x00, 0x5f, 0x00, 0x5f, 0x00, 0x5f, 
	0x00, 0x5f, 0x00, 0x5f, 0x00, 0x5f, 0x00, 0x5f, 
	0x00, 0x5f, 0x00, 0x5f, 0x00, 0x5f, 0x00, 0x5f, 
	0x00, 0x5f, 0x00, 0x5f, 0x00, 0x5f, 0x00, 0x5f, 
	0x00, 0x5f, 0x00, 0x5f, 0x00, 0x5f, 0x00, 0x5f, 
	0x00, 0x5f, 0x00, 0x5f, 0x00, 0x5f, 0x00, 0x5f, 
	0x00, 0x5f, 0x00, 0x5f, 0x00, 0x5f, 0x00, 0x5f, 
	0x00, 0x5f, 0x00, 0x5f, 0x00, 0x5f, 0x00, 0x5f, 
	0x00, 0x5f, 0x00, 0x5f, 0x00, 0x5f, 0x00, 0x5f, 
	0x00, 0x5f, 0x00, 0x5f, 0x00, 0x5f, 0x00, 0x5f, 
	0x00, 0x5f, 0x00, 0x5f, 0x00, 0x5f, 0x00, 0x5f, 
	0x00, 0x5f, 0x00, 0x5f, 0x00, 0x5f, 0x00, 0x5f, 
	0x00, 0x5f, 0x00, 0x5f, 0x00, 0x5f, 0x00, 0x5f, 
	0x00, 0x5f, 0x00, 0x5f, 0x00, 0x5f, 0x00, 0x5f, 
	0x00, 0x5f, 0x00, 0x5f, 0x00, 0x5f, 0x00, 0x5f, 
	0x00, 0x5f, 0x00, 0x5f, 0x00, 0x5f, 0x00, 0x5f, 
	0x00, 0x5f, 0x00, 0x5f, 0x00, 0x5f, 0x00, 0x5f, 
	0x00, 0x5f, 0x00, 0x5f, 0x00, 0x5f, 0x00, 0x5f, 
	0x00, 0x5f, 0x00, 0x5f, 0x00, 0x5f, 0x00, 0x5f, 
	0x00, 0x5f, 0x00, 0x5f, 0x00, 0x5f, 0x00, 0x5f, 
	0x00, 0x5f, 0x00, 0x5f, 0x00, 0x5f, 0x00, 0x5f, 
	0x00, 0x5f, 0x00, 0x5f, 0x00, 0x5f, 0x00, 0x5f, 
	0x00, 0x5f, 0x00, 0x5f, 0x00, 0x5f, 0x00, 0x5f, 
	0x00, 0x5f, 0x00, 0x5f, 0x00, 0x5f, 0x00, 0x5f, 
	0x00, 0x5f, 0x00, 0x5f, 0x00, 0x5f, 0x00, 0x5f, 
	0x00, 0x5f, 0x00, 0x5f, 0x00, 0x5f, 0x00, 0x5f, 
	0x00, 0x5f, 0x00, 0x5f, 0x00, 0x5f, 0x00, 0x5f, 
	0x00, 0x5f, 0x00, 0x5f, 0x00, 0x5f, 0x00, 0x5f, 
	0x00, 0x5f, 0x00, 0x5f, 0x00, 0x5f, 0x00, 0x5f, 
	0x00, 0x5f, 0x00, 0x5f, 0x00, 0x5f, 0x00, 0x5f, 
	0x00, 0x5f, 0x00, 0x5f, 0x00, 0x5f, 0x00, 0x5f, 
	0x00, 0x5f, 0x00, 0x5f, 0x00, 0x5f, 0x00, 0x5f, 
	0x00, 0x5f, 0x00, 0x5f, 0x00, 0x5f, 0x00, 0x5f, 
	0x00, 0x5f, 0x00, 0x5f, 0x00, 0x5f, 0x00, 0x5f, 
	0x00, 0x5f, 0x00, 0x5f, 0x00, 0x5f, 0x00, 0x5f, 
	0x00, 0x5f, 0x00, 0x5f, 0x00, 0x5f, 0x00, 0x5f, 
	0x00, 0x5f, 0x00, 0x5f, 0x00, 0x5f, 0x00, 0x5f, 
	0x00, 0x5f, 0x00, 0x5f, 0x00, 0x5f, 0x00, 0x5f, 
	0x00, 0x5f, 0x00, 0x5f, 0x00, 0x5f, 0x00, 0x5f, 
	0x00, 0x5f, 0x00, 0x5f, 0x00, 0x5f, 0x00, 0x5f, 
	0x00, 0x5f, 0x00, 0x5f, 0x00, 0x5f, 0x00, 0x5f, 
	0x00, 0x5f, 0x00, 0x5f, 0x00, 0x5f, 0x00, 0x5f, 
	0x00, 0x5f, 0x00, 0x5f, 0x00, 0x5f, 0x00, 0x5f, 
	0x00, 0x5f, 0x00, 0x5f, 0x00, 0x5f, 0x00, 0x5f, 
	0x00, 0x5f, 0x00, 0x5f, 0x00, 0x5f, 0x00, 0x5f, 
	0x00, 0x5f, 0x00, 0x5f, 0x00, 0x5f, 0x00, 0x5f, 
	0x00, 0x5f, 0x00, 0x5f, 0x00, 0x5f, 0x00, 0x5f, 
	0x00, 0x5f, 0x00, 0x5f, 0x00, 0x5f, 0x00, 0x5f, 
	0x00, 0x5f, 0x00, 0x5f, 0x00, 0x5f, 0x00, 0x5f, 
	0x00, 0x5f, 0x00, 0x5f, 0x00, 0x5f, 0x00, 0x5f, 
	0x00, 0x5f, 0x00, 0x5f, 0x00, 0x5f, 0x00, 0x5f, 
	0x00, 0x5f, 0x00, 0x5f, 0x00, 0x5f, 0x00, 0x5f, 
	0x00, 0x5f, 0x00, 0x5f, 0x00, 0x5f, 0x00, 0x5f, 
	0x00, 0x5f, 0x00, 0x5f, 0x00, 0x5f, 0x00, 0x5f, 
	0x00, 0x5f, 0x00, 0x5f, 0x00, 0x5f, 0x00, 0x5f, 
	0x00, 0x5f, 0x00, 0x5f, 0x00, 0x5f, 0x00, 0x5f, 
	0x00, 0x5f, 0x00, 0x5f, 0x00, 0x5f, 0x00, 0x5f, 
	0x00, 0x5f, 0x00, 0x5f, 0x00, 0x5f, 0x00, 0x5f, 
	0x00, 0x5f, 0x00, 0x5f, 0x00, 0x5f, 0x00, 0x5f, 
	0x00, 0x5f, 0x00, 0x5f, 0x00, 0x5f, 0x00, 0x5f, 
	0x00, 0x5f, 0x00, 0x5f, 0x00, 0x5f, 0x00, 0x5f, 
	0x00, 0x5f, 0x00, 0x5f, 0x00, 0x5f, 0x00, 0x5f, 
	0x00, 0x5f, 0x00, 0x5f, 0x00, 0x5f, 0x00, 0x5f, 
	0x00, 0x5f, 0x00, 0x5f, 0x00, 0x5f, 0x00, 0x5f, 
	0x00, 0x5f, 0x00, 0x5f, 0x00, 0x5f, 0x00, 0x5f, 
	0x00, 0x5f, 0x00, 0x5f, 0x00, 0x5f, 0x00, 0x5f, 
	0x00, 0x5f, 0x00, 0x5f, 0x00, 0x5f, 0x00, 0x5f, 
	0x00, 0x5f, 0x00, 0x5f, 0x00, 0x5f, 0x00, 0x5f, 
	0x00, 0x5f, 0x00, 0x5f, 0x00, 0x5f, 0x00, 0x5f, 
	0x00, 0x5f, 0x00, 0x5f, 0x00, 0x5f, 0x00, 0x5f, 
	0x00, 0x5f, 0x00, 0x5f, 0x00, 0x5f, 0x00, 0x5f, 
	0x00, 0x5f, 0x00, 0x5f, 0x00, 0x5f, 0x00, 0x5f, 
	0x00, 0x5f, 0x00, 0x5f, 0x00, 0x5f, 0x00, 0x5f, 
	0x00, 0x5f, 0x00, 0x5f, 0x00, 0x5f, 0x00, 0x5f, 
	0x00, 0x5f, 0x00, 0x5f, 0x00, 0x5f, 0x00, 0x5f, 
	0x00, 0x5f, 0x00, 0x5f, 0x00, 0x5f, 0x00, 0x5f, 
	0x00, 0x5f, 0x00, 0x5f, 0x00, 0x5f, 0x00, 0x5f, 
	0x00, 0x5f, 0x00, 0x5f, 0x00, 0x5f, 0x00, 0x5f, 
	0x00, 0x5f, 0x00, 0x5f, 0x00, 0x5f, 0x00, 0x5f, 
	0x00, 0x5f, 0x00, 0x5f, 0x00, 0x5f, 0x00, 0x5f, 
	0x00, 0x5f, 0x00, 0x5f, 0x00, 0x5f, 0x00, 0x5f, 
	0x00, 0x5f, 0x00, 0x5f, 0x00, 0x5f, 0x00, 0x5f, 
	0x00, 0x5f, 0x00, 0x5f, 0x00, 0x5f, 0x00, 0x5f, 
	0x00, 0x5f, 0x00, 0x5f, 0x00, 0x5f, 0x00, 0x5f, 
	0x00, 0x5f, 0x00, 0x5f, 0x00, 0x5f, 0x00, 0x5f, 
	0x00, 0x5f, 0x00, 0x5f, 0x00, 0x5f, 0x00, 0x5f, 
	0x00, 0x5f, 0x00, 0x5f, 0x00, 0x5f, 0x00, 0x5f, 
	0x00, 0x5f, 0x00, 0x5f, 0x00, 0x5f, 0x00, 0x5f, 
	0x00, 0x5f, 0x00, 0x5f, 0x00, 0x5f, 0x00, 0x5f, 
	0x00, 0x5f, 0x00, 0x5f, 0x00, 0x5f, 0x00, 0x5f, 
	0x00, 0x5f, 0x00, 0x5f, 0x00, 0x5f, 0x00, 0x5f, 
	0x00, 0x5f, 0x00, 0x5f, 0x00, 0x5f, 0x00, 0x5f, 
	0x00, 0x5f, 0x00, 0x5f, 0x00, 0x5f, 0x00, 0x5f, 
	0x00, 0x5f, 0x00, 0x5f, 0x00, 0x5f, 0x00, 0x5f, 
	0x00, 0x5f, 0x00, 0x5f, 0x00, 0x5f, 0x00, 0x5f, 
	0x00, 0x5f, 0x00, 0x5f, 0x00, 0x5f, 0x00, 0x5f, 
	0x00, 0x5f, 0x00, 0x5f, 0x00, 0x5f, 0x00, 0x5f, 
	0x00, 0x5f, 0x00, 0x5f, 0x00, 0x5f, 0x00, 0x5f, 
	0x00, 0x5f, 0x00, 0x5f, 0x00, 0x5f, 0x00, 0x5f, 
	0x00, 0x5f, 0x00, 0x5f, 0x00, 0x5f, 0x00, 0x5f, 
	0x00, 0x5f, 0x00, 0x5f, 0x00, 0x5f, 0x00, 0x5f, 
	0x00, 0x5f, 0x00, 0x5f, 0x00, 0x5f, 0x00, 0x5f, 
	0x00, 0x5f, 0x00, 0x5f, 0x00, 0x5f, 0x00, 0x5f, 
	0x00, 0x5f, 0x00, 0x5f, 0x00, 0x5f, 0x00, 0x5f, 
	0x00, 0x5f, 0x00, 0x5f, 0x00, 0x5f, 0x00, 0x5f, 
	0x00, 0x5f, 0x00, 0x5f, 0x00, 0x5f, 0x00, 0x5f, 
	0x00, 0x5f, 0x00, 0x5f, 0x00, 0x5f, 0x00, 0x5f, 
	0x00, 0x5f, 0x00, 0x5f, 0x00, 0x5f, 0x00, 0x5f, 
	0x00, 0x5f, 0x00, 0x5f, 0x00, 0x5f, 0x00, 0x5f, 
	0x00, 0x5f, 0x00, 0x5f, 0x00, 0x5f, 0x00, 0x5f, 
	0x00, 0x5f, 0x00, 0x5f, 0x00, 0x5f, 0x00, 0x5f, 
	0x00, 0x5f, 0x00, 0x5f, 0x00, 0x5f, 0x00, 0x5f, 
	0x00, 0x5f, 0x00, 0x5f, 0x00, 0x5f, 0x00, 0x5f, 
	0x00, 0x5f, 0x00, 0x5f, 0x00, 0x5f, 0x00, 0x5f, 
	0x00, 0x5f, 0x00, 0x5f, 0x00, 0x5f, 0x00, 0x5f, 
	0x00, 0x5f, 0x00, 0x5f, 0x00, 0x5f, 0x00, 0x5f, 
	0x00, 0x5f, 0x00, 0x5f, 0x00, 0x5f, 0x00, 0x5f, 
	0x00, 0x5f, 0x00, 0x5f, 0x00, 0x5f, 0x00, 0x5f, 
	0x00, 0x5f, 0x00, 0x5f, 0x00, 0x5f, 0x00, 0x5f, 
	0x00, 0x5f, 0x00, 0x5f, 0x00, 0x5f, 0x00, 0x5f, 
	0x00, 0x5f, 0x00, 0x5f, 0x00, 0x5f, 0x00, 0x5f, 
	0x00, 0x5f, 0x00, 0x5f, 0x00, 0x5f, 0x00, 0x5f, 
	0x00, 0x5f, 0x00, 0x5f, 0x00, 0x5f, 0x00, 0x5f, 
	0x00, 0x5f, 0x00, 0x5f, 0x00, 0x5f, 0x00, 0x5f, 
	0x00, 0x5f, 0x00, 0x5f, 0x00, 0x5f, 0x00, 0x5f, 
	0x00, 0x5f, 0x00, 0x5f, 0x00, 0x5f, 0x00, 0x5f, 
	0x00, 0x5f, 0x00, 0x5f, 0x00, 0x5f, 0x00, 0x5f, 
	0x00, 0x5f, 0x00, 0x5f, 0x00, 0x5f, 0x00, 0x5f, 
	0x00, 0x5f, 0x00, 0x5f, 0x00, 0x5f, 0x00, 0x5f, 
	0x00, 0x5f, 0x00, 0x5f, 0x00, 0x5f, 0x00, 0x5f, 
	0x00, 0x5f, 0x00, 0x5f, 0x00, 0x5f, 0x00, 0x5f, 
	0x00, 0x5f, 0x00, 0x5f, 0x00, 0x5f, 0x00, 0x5f, 
	0x00, 0x5f, 0x00, 0x5f, 0x00, 0x5f, 0x00, 0x5f, 
	0x00, 0x5f, 0x00, 0x5f, 0x00, 0x5f, 0x00, 0x5f, 
	0x00, 0x5f, 0x00, 0x5f, 0x00, 0x5f, 0x00, 0x5f, 
	0x00, 0x5f, 0x00, 0x5f, 0x00, 0x5f, 0x00, 0x5f, 
	0x00, 0x5f, 0x00, 0x5f, 0x00, 0x5f, 0x00, 0x5f, 
	0x00, 0x5f, 0x00, 0x5f, 0x00, 0x5f, 0x00, 0x5f, 
	0x00, 0x5f, 0x00, 0x5f, 0x00, 0x5f, 0x00, 0x5f, 
	0x00, 0x5f, 0x00, 0x5f, 0x00, 0x5f, 0x00, 0x5f, 
	0x00, 0x5f, 0x00, 0x5f, 0x00, 0x5f, 0x00, 0x5f, 
	0x00, 0x5f, 0x00, 0x5f, 0x00, 0x5f, 0x00, 0x5f, 
	0x00, 0x5f, 0x00, 0x5f, 0x00, 0x5f, 0x00, 0x5f, 
	0x00, 0x5f, 0x00, 0x5f, 0x00, 0x5f, 0x00, 0x5f, 
	0x00, 0x5f, 0x00, 0x5f, 0x00, 0x5f, 0x00, 0x5f, 
	0x00, 0x5f, 0x00, 0x5f, 0x00, 0x5f, 0x00, 0x5f, 
	0x00, 0x5f, 0x00, 0x5f, 0x00, 0x5f, 0x00, 0x5f, 
	0x00, 0x5f, 0x00, 0x5f, 0x00, 0x5f, 0x00, 0x5f, 
	0x00, 0x5f, 0x00, 0x5f, 0x00, 0x5f, 0x00, 0x5f, 
	0x00, 0x5f, 0x00, 0x5f, 0x00, 0x5f, 0x00, 0x5f, 
	0x00, 0x5f, 0x00, 0x5f, 0x00, 0x5f, 0x00, 0x5f, 
	0x00, 0x5f, 0x00, 0x5f, 0x00, 0x5f, 0x00, 0x5f, 
	0x00, 0x5f, 0x00, 0x5f, 0x00, 0x5f, 0x00, 0x5f, 
	0x00, 0x5f, 0x00, 0x5f, 0x00, 0x5f, 0x00, 0x5f, 
	0x00, 0x5f, 0x00, 0x5f, 0x00, 0x5f, 0x00, 0x5f, 
	0x00, 0x5f, 0x00, 0x5f, 0x00, 0x5f, 0x00, 0x5f, 
	0x00, 0x5f, 0x00, 0x5f, 0x00, 0x5f, 0x00, 0x5f, 
	0x00, 0x5f, 0x00, 0x5f, 0x00, 0x5f, 0x00, 0x5f, 
	0x00, 0x5f, 0x00, 0x5f, 0x00, 0x5f, 0x00, 0x5f, 
	0x00, 0x5f, 0x00, 0x5f, 0x00, 0x5f, 0x00, 0x5f, 
	0x00, 0x5f, 0x00, 0x5f, 0x00, 0x5f, 0x00, 0x5f, 
	0x00, 0x5f, 0x00, 0x5f, 0x00, 0x5f, 0x00, 0x5f, 
	0x00, 0x5f, 0x00, 0x5f, 0x00, 0x5f, 0x00, 0x5f, 
	0x00, 0x5f, 0x00, 0x5f, 0x00, 0x5f, 0x00, 0x5f, 
	0x00, 0x5f, 0x00, 0x5f, 0x00, 0x5f, 0x00, 0x5f, 
	0x00, 0x5f, 0x00, 0x5f, 0x00, 0x5f, 0x00, 0x5f, 
	0x00, 0x5f, 0x00, 0x5f, 0x00, 0x5f, 0x00, 0x5f, 
	0x00, 0x5f, 0x00, 0x5f, 0x00, 0x5f, 0x00, 0x5f, 
	0x00, 0x5f, 0x00, 0x5f, 0x00, 0x5f, 0x00, 0x5f, 
	0x00, 0x5f, 0x00, 0x5f, 0x00, 0x5f, 0x00, 0x5f, 
	0x00, 0x5f, 0x00, 0x5f, 0x00, 0x5f, 0x00, 0x5f, 
	0x00, 0x5f, 0x00, 0x5f, 0x00, 0x5f, 0x00, 0x5f, 
	0x00, 0x5f, 0x00, 0x5f, 0x00, 0x5f, 0x00, 0x5f, 
	0x00, 0x5f, 0x00, 0x5f, 0x00, 0x5f, 0x00, 0x5f, 
	0x00, 0x5f, 0x00, 0x5f, 0x00, 0x5f, 0x00, 0x5f, 
	0x00, 0x5f, 0x00, 0x5f, 0x00, 0x5f, 0x00, 0x5f, 
	0x00, 0x5f, 0x00, 0x5f, 0x00, 0x5f, 0x00, 0x5f, 
	0x00, 0x5f, 0x00, 0x5f, 0x00, 0x5f, 0x00, 0x5f, 
	0x00, 0x5f, 0x00, 0x5f, 0x00, 0x5f, 0x00, 0x5f, 
	0x00, 0x5f, 0x00, 0x5f, 0x00, 0x5f, 0x00, 0x5f, 
	0x00, 0x5f, 0x00, 0x5f, 0x00, 0x5f, 0x00, 0x5f, 
	0x00, 0x5f, 0x00, 0x5f, 0x00, 0x5f, 0x00, 0x5f, 
	0x00, 0x5f, 0x00, 0x5f, 0x00, 0x5f, 0x00, 0x5f, 
	0x00, 0x5f, 0x00, 0x5f, 0x00, 0x5f, 0x00, 0x5f, 
	0x00, 0x5f, 0x00, 0x5f, 0x00, 0x5f, 0x00, 0x5f, 
	0x00, 0x5f, 0x00, 0x5f, 0x00, 0x5f, 0x00, 0x5f, 
	0x00, 0x5f, 0x00, 0x5f, 0x00, 0x5f, 0x00, 0x5f, 
	0x00, 0x5f, 0x00, 0x5f, 0x00, 0x5f, 0x00, 0x5f, 
	0x00, 0x5f, 0x00, 0x5f, 0x00, 0x5f, 0x00, 0x5f, 
	0x00, 0x5f, 0x00, 0x5f, 0x00, 0x5f, 0x00, 0x5f, 
	0x00, 0x5f, 0x00, 0x5f, 0x00, 0x5f, 0x00, 0x5f, 
	0x00, 0x5f, 0x00, 0x5f, 0x00, 0x5f, 0x00, 0x5f, 
	0x00, 0x5f, 0x00, 0x5f, 0x00, 0x5f, 0x00, 0x5f, 
	0x00, 0x5f, 0x00, 0x5f, 0x00, 0x5f, 0x00, 0x5f, 
	0x00, 0x5f, 0x00, 0x5f, 0x00, 0x5f, 0x00, 0x5f, 
	0x00, 0x5f, 0x00, 0x5f, 0x00, 0x5f, 0x00, 0x5f, 
	0x00, 0x5f, 0x00, 0x5f, 0x00, 0x5f, 0x00, 0x5f, 
	0x00, 0x5f, 0x00, 0x5f, 0x00, 0x5f, 0x00, 0x5f, 
	0x00, 0x5f, 0x00, 0x5f, 0x00, 0x5f, 0x00, 0x5f, 
	0x00, 0x5f, 0x00, 0x5f, 0x00, 0x5f, 0x00, 0x5f, 
	0x00, 0x5f, 0x00, 0x5f, 0x00, 0x5f, 0x00, 0x5f, 
	0x00, 0x5f, 0x00, 0x5f, 0x00, 0x5f, 0x00, 0x5f, 
	0x00, 0x5f, 0x00, 0x5f, 0x00, 0x5f, 0x00, 0x5f, 
	0x00, 0x5f, 0x00, 0x5f, 0x00, 0x5f, 0x00, 0x5f, 
	0x00, 0x5f, 0x00, 0x5f, 0x00, 0x5f, 0x00, 0x5f, 
	0x00, 0x5f, 0x00, 0x5f, 0x00, 0x5f, 0x00, 0x5f, 
	0x00, 0x5f, 0x00, 0x5f, 0x00, 0x5f, 0x00, 0x5f, 
	0x00, 0x5f, 0x00, 0x5f, 0x00, 0x5f, 0x00, 0x5f, 
	0x00, 0x5f, 0x00, 0x5f, 0x00, 0x5f, 0x00, 0x5f, 
	0x00, 0x5f, 0x00, 0x5f, 0x00, 0x5f, 0x00, 0x5f, 
	0x00, 0x5f, 0x00, 0x5f, 0x00, 0x5f, 0x00, 0x5f, 
	0x00, 0x5f, 0x00, 0x5f, 0x00, 0x5f, 0x00, 0x5f, 
	0x00, 0x5f, 0x00, 0x5f, 0x00, 0x5f, 0x00, 0x5f, 
	0x00, 0x5f, 0x00, 0x5f, 0x00, 0x5f, 0x00, 0x5f, 
	0x00, 0x5f, 0x00, 0x5f, 0x00, 0x5f, 0x00, 0x5f, 
	0x00, 0x5f, 0x00, 0x5f, 0x00, 0x5f, 0x00, 0x5f, 
	0x00, 0x5f, 0x00, 0x5f, 0x00, 0x5f, 0x00, 0x5f, 
	0x00, 0x5f, 0x00, 0x5f, 0x00, 0x5f, 0x00, 0x5f, 
	0x00, 0x5f, 0x00, 0x5f, 0x00, 0x5f, 0x00, 0x5f, 
	0x00, 0x5f, 0x00, 0x5f, 0x00, 0x5f, 0x00, 0x5f, 
	0x00, 0x5f, 0x00, 0x5f, 0x00, 0x5f, 0x00, 0x5f, 
	0x00, 0x5f, 0x00, 0x5f, 0x00, 0x5f, 0x00, 0x5f, 
	0x00, 0x5f, 0x00, 0x5f, 0x00, 0x5f, 0x00, 0x5f, 
	0x00, 0x5f, 0x00, 0x5f, 0x00, 0x5f, 0x00, 0x5f, 
	0x00, 0x5f, 0x00, 0x5f, 0x00, 0x5f, 0x00, 0x5f, 
	0x00, 0x5f, 0x00, 0x5f, 0x00, 0x5f, 0x00, 0x5f, 
	0x00, 0x5f, 0x00, 0x5f, 0x00, 0x5f, 0x00, 0x5f, 
	0x00, 0x5f, 0x00, 0x5f, 0x00, 0x5f, 0x00, 0x5f, 
	0x00, 0x5f, 0x00, 0x5f, 0x00, 0x5f, 0x00, 0x5f, 
	0x00, 0x5f, 0x00, 0x5f, 0x00, 0x5f, 0x00, 0x5f, 
	0x00, 0x5f, 0x00, 0x5f, 0x00, 0x5f, 0x00, 0x5f, 
	0x00, 0x5f, 0x00, 0x5f, 0x00, 0x5f, 0x00, 0x5f, 
	0x00, 0x5f, 0x00, 0x5f, 0x00, 0x5f, 0x00, 0x5f, 
	0x00, 0x5f, 0x00, 0x5f, 0x00, 0x5f, 0x00, 0x5f, 
	0x00, 0x5f, 0x00, 0x5f, 0x00, 0x5f, 0x00, 0x5f, 
	0x00, 0x5f, 0x00, 0x5f, 0x00, 0x5f, 0x00, 0x5f, 
	0x00, 0x5f, 0x00, 0x5f, 0x00, 0x5f, 0x00, 0x5f, 
	0x00, 0x5f, 0x00, 0x5f, 0x00, 0x5f, 0x00, 0x5f, 
	0x00, 0x5f, 0x00, 0x5f, 0x00, 0x5f, 0x00, 0x5f, 
	0x00, 0x5f, 0x00, 0x5f, 0x00, 0x5f, 0x00, 0x5f, 
	0x00, 0x5f, 0x00, 0x5f, 0x00, 0x5f, 0x00, 0x5f, 
	0x00, 0x5f, 0x00, 0x5f, 0x00, 0x5f, 0x00, 0x5f, 
	0x00, 0x5f, 0x00, 0x5f, 0x00, 0x5f, 0x00, 0x5f, 
	0x00, 0x5f, 0x00, 0x5f, 0x00, 0x5f, 0x00, 0x5f, 
	0x00, 0x5f, 0x00, 0x5f, 0x00, 0x5f, 0x00, 0x5f, 
	0x00, 0x5f, 0x00, 0x5f, 0x00, 0x5f, 0x00, 0x5f, 
	0x00, 0x5f, 0x00, 0x5f, 0x00, 0x5f, 0x00, 0x5f, 
	0x00, 0x5f, 0x00, 0x5f, 0x00, 0x5f, 0x00, 0x5f, 
	0x00, 0x5f, 0x00, 0x5f, 0x00, 0x5f, 0x00, 0x5f, 
	0x00, 0x5f, 0x00, 0x5f, 0x00, 0x5f, 0x00, 0x5f, 
	0x00, 0x5f, 0x00, 0x5f, 0x00, 0x5f, 0x00, 0x5f, 
	0x00, 0x5f, 0x00, 0x5f, 0x00, 0x5f, 0x00, 0x5f, 
	0x00, 0x5f, 0x00, 0x5f, 0x00, 0x5f, 0x00, 0x5f, 
	0x00, 0x5f, 0x00, 0x5f, 0x00, 0x5f, 0x00, 0x5f, 
	0x00, 0x5f, 0x00, 0x5f, 0x00, 0x5f, 0x00, 0x5f, 
	0x00, 0x5f, 0x00, 0x5f, 0x00, 0x5f, 0x00, 0x5f, 
	0x00, 0x5f, 0x00, 0x5f, 0x00, 0x5f, 0x00, 0x5f, 
	0x00, 0x5f, 0x00, 0x5f, 0x00, 0x5f, 0x00, 0x5f, 
	0x00, 0x5f, 0x00, 0x5f, 0x00, 0x5f, 0x00, 0x5f, 
	0x00, 0x5f, 0x00, 0x5f, 0x00, 0x5f, 0x00, 0x5f, 
	0x00, 0x5f, 0x00, 0x5f, 0x00, 0x5f, 0x00, 0x5f, 
	0x00, 0x5f, 0x00, 0x5f, 0x00, 0x5f, 0x00, 0x5f, 
	0x00, 0x5f, 0x00, 0x5f, 0x00, 0x5f, 0x00, 0x5f, 
	0x00, 0x5f, 0x00, 0x5f, 0x00, 0x5f, 0x00, 0x5f, 
	0x00, 0x5f, 0x00, 0x5f, 0x00, 0x5f, 0x00, 0x5f, 
	0x00, 0x5f, 0x00, 0x5f, 0x00, 0x5f, 0x00, 0x5f, 
	0x00, 0x5f, 0x00, 0x5f, 0x00, 0x5f, 0x00, 0x5f, 
	0x00, 0x5f, 0x00, 0x5f, 0x00, 0x5f, 0x00, 0x5f, 
	0x00, 0x5f, 0x00, 0x5f, 0x00, 0x5f, 0x00, 0x5f, 
	0x00, 0x5f, 0x00, 0x5f, 0x00, 0x5f, 0x00, 0x5f, 
	0x00, 0x5f, 0x00, 0x5f, 0x00, 0x5f, 0x00, 0x5f, 
	0x00, 0x5f, 0x00, 0x5f, 0x00, 0x5f, 0x00, 0x5f, 
	0x00, 0x5f, 0x00, 0x5f, 0x00, 0x5f, 0x00, 0x5f, 
	0x00, 0x5f, 0x00, 0x5f, 0x00, 0x5f, 0x00, 0x5f, 
	0x00, 0x5f, 0x00, 0x5f, 0x00, 0x5f, 0x00, 0x5f, 
	0x00, 0x5f, 0x00, 0x5f, 0x00, 0x5f, 0x00, 0x5f, 
	0x00, 0x5f, 0x00, 0x5f, 0x00, 0x5f, 0x00, 0x5f, 
	0x00, 0x5f, 0x00, 0x5f, 0x00, 0x5f, 0x00, 0x5f, 
	0x00, 0x5f, 0x00, 0x5f, 0x00, 0x5f, 0x00, 0x5f, 
	0x00, 0x5f, 0x00, 0x5f, 0x00, 0x5f, 0x00, 0x5f, 
	0x00, 0x5f, 0x00, 0x5f, 0x00, 0x5f, 0x00, 0x5f, 
	0x00, 0x5f, 0x00, 0x5f, 0x00, 0x5f, 0x00, 0x5f, 
	0x00, 0x5f, 0x00, 0x5f, 0x00, 0x5f, 0x00, 0x5f, 
	0x00, 0x5f, 0x00, 0x5f, 0x00, 0x5f, 0x00, 0x5f, 
	0x00, 0x5f, 0x00, 0x5f, 0x00, 0x5f, 0x00, 0x5f, 
	0x00, 0x5f, 0x00, 0x5f, 0x00, 0x5f, 0x00, 0x5f, 
	0x00, 0x5f, 0x00, 0x5f, 0x00, 0x5f, 0x00, 0x5f, 
	0x00, 0x5f, 0x00, 0x5f, 0x00, 0x5f, 0x00, 0x5f, 
	0x00, 0x5f, 0x00, 0x5f, 0x00, 0x5f, 0x00, 0x5f, 
	0x00, 0x5f, 0x00, 0x5f, 0x00, 0x5f, 0x00, 0x5f, 
	0x00, 0x5f, 0x00, 0x5f, 0x00, 0x5f, 0x00, 0x5f, 
	0x00, 0x5f, 0x00, 0x5f, 0x00, 0x5f, 0x00, 0x5f, 
	0x00, 0x5f, 0x00, 0x5f, 0x00, 0x5f, 0x00, 0x5f, 
	0x00, 0x5f, 0x00, 0x5f, 0x00, 0x5f, 0x00, 0x5f, 
	0x00, 0x5f, 0x00, 0x5f, 0x00, 0x5f, 0x00, 0x5f, 
	0x00, 0x5f, 0x00, 0x5f, 0x00, 0x5f, 0x00, 0x5f, 
	0x00, 0x5f, 0x00, 0x5f, 0x00, 0x5f, 0x00, 0x5f, 
	0x00, 0x5f, 0x00, 0x5f, 0x00, 0x5f, 0x00, 0x5f, 
	0x00, 0x5f, 0x00, 0x5f, 0x00, 0x5f, 0x00, 0x5f, 
	0x00, 0x5f, 0x00, 0x5f, 0x00, 0x5f, 0x00, 0x5f, 
	0x00, 0x5f, 0x00, 0x5f, 0x00, 0x5f, 0x00, 0x5f, 
	0x00, 0x5f, 0x00, 0x5f, 0x00, 0x5f, 0x00, 0x5f, 
	0x00, 0x5f, 0x00, 0x5f, 0x00, 0x5f, 0x00, 0x5f, 
	0x00, 0x5f, 0x00, 0x5f, 0x00, 0x5f, 0x00, 0x5f, 
	0x00, 0x5f, 0x00, 0x5f, 0x00, 0x5f, 0x00, 0x5f, 
	0x00, 0x5f, 0x00, 0x5f, 0x00, 0x5f, 0x00, 0x5f, 
	0x00, 0x5f, 0x00, 0x5f, 0x00, 0x5f, 0x00, 0x5f, 
	0x00, 0x5f, 0x00, 0x5f, 0x00, 0x5f, 0x00, 0x5f, 
	0x00, 0x5f, 0x00, 0x5f, 0x00, 0x5f, 0x00, 0x5f, 
	0x00, 0x5f, 0x00, 0x5f, 0x00, 0x5f, 0x00, 0x5f, 
	0x00, 0x5f, 0x00, 0x5f, 0x00, 0x5f, 0x00, 0x5f, 
	0x00, 0x5f, 0x00, 0x5f, 0x00, 0x5f, 0x00, 0x5f, 
	0x00, 0x5f, 0x00, 0x5f, 0x00, 0x5f, 0x00, 0x5f, 
	0x00, 0x5f, 0x00, 0x5f, 0x00, 0x5f, 0x00, 0x5f, 
	0x00, 0x5f, 0x00, 0x5f, 0x00, 0x5f, 0x00, 0x5f, 
	0x00, 0x5f, 0x00, 0x5f, 0x00, 0x5f, 0x00, 0x5f, 
	0x00, 0x5f, 0x00, 0x5f, 0x00, 0x5f, 0x00, 0x5f, 
	0x00, 0x5f, 0x00, 0x5f, 0x00, 0x5f, 0x00, 0x5f, 
	0x00, 0x5f, 0x00, 0x5f, 0x00, 0x5f, 0x00, 0x5f, 
	0x00, 0x5f, 0x00, 0x5f, 0x00, 0x5f, 0x00, 0x5f, 
	0x00, 0x5f, 0x00, 0x5f, 0x00, 0x5f, 0x00, 0x5f, 
	0x00, 0x5f, 0x00, 0x5f, 0x00, 0x5f, 0x00, 0x5f, 
	0x00, 0x5f, 0x00, 0x5f, 0x00, 0x5f, 0x00, 0x5f, 
	0x00, 0x5f, 0x00, 0x5f, 0x00, 0x5f, 0x00, 0x5f, 
	0x00, 0x5f, 0x00, 0x5f, 0x00, 0x5f, 0x00, 0x5f, 
	0x00, 0x5f, 0x00, 0x5f, 0x00, 0x5f, 0x00, 0x5f, 
	0x00, 0x5f, 0x00, 0x5f, 0x00, 0x5f, 0x00, 0x5f, 
	0x00, 0x5f, 0x00, 0x5f, 0x00, 0x5f, 0x00, 0x5f, 
	0x00, 0x5f, 0x00, 0x5f, 0x00, 0x5f, 0x00, 0x5f, 
	0x00, 0x5f, 0x00, 0x5f, 0x00, 0x5f, 0x00, 0x5f, 
	0x00, 0x5f, 0x00, 0x5f, 0x00, 0x5f, 0x00, 0x5f, 
	0x00, 0x5f, 0x00, 0x5f, 0x00, 0x5f, 0x00, 0x5f, 
	0x00, 0x5f, 0x00, 0x5f, 0x00, 0x5f, 0x00, 0x5f, 
	0x00, 0x5f, 0x00, 0x5f, 0x00, 0x5f, 0x00, 0x5f, 
	0x00, 0x5f, 0x00, 0x5f, 0x00, 0x5f, 0x00, 0x5f, 
	0x00, 0x5f, 0x00, 0x5f, 0x00, 0x5f, 0x00, 0x5f, 
	0x00, 0x5f, 0x00, 0x5f, 0x00, 0x5f, 0x00, 0x5f, 
	0x00, 0x5f, 0x00, 0x5f, 0x00, 0x5f, 0x00, 0x5f, 
	0x00, 0x5f, 0x00, 0x5f, 0x00, 0x5f, 0x00, 0x5f, 
	0x00, 0x5f, 0x00, 0x5f, 0x00, 0x5f, 0x00, 0x5f, 
	0x00, 0x5f, 0x00, 0x5f, 0x00, 0x5f, 0x00, 0x5f, 
	0x00, 0x5f, 0x00, 0x5f, 0x00, 0x5f, 0x00, 0x5f, 
	0x00, 0x5f, 0x00, 0x5f, 0x00, 0x5f, 0x00, 0x5f, 
	0x00, 0x5f, 0x00, 0x5f, 0x00, 0x5f, 0x00, 0x5f, 
	0x00, 0x5f, 0x00, 0x5f, 0x00, 0x5f, 0x00, 0x5f, 
	0x00, 0x5f, 0x00, 0x5f, 0x00, 0x5f, 0x00, 0x5f, 
	0x00, 0x5f, 0x00, 0x5f, 0x00, 0x5f, 0x00, 0x5f, 
	0x00, 0x5f, 0x00, 0x5f, 0x00, 0x5f, 0x00, 0x5f, 
	0x00, 0x5f, 0x00, 0x5f, 0x00, 0x5f, 0x00, 0x5f, 
	0x00, 0x5f, 0x00, 0x5f, 0x00, 0x5f, 0x00, 0x5f, 
	0x00, 0x5f, 0x00, 0x5f, 0x00, 0x5f, 0x00, 0x5f, 
	0x00, 0x5f, 0x00, 0x5f, 0x00, 0x5f, 0x00, 0x5f, 
	0x00, 0x5f, 0x00, 0x5f, 0x00, 0x5f, 0x00, 0x5f, 
	0x00, 0x5f, 0x00, 0x5f, 0x00, 0x5f, 0x00, 0x5f, 
	0x00, 0x5f, 0x00, 0x5f, 0x00, 0x5f, 0x00, 0x5f, 
	0x00, 0x5f, 0x00, 0x5f, 0x00, 0x5f, 0x00, 0x5f, 
	0x00, 0x5f, 0x00, 0x5f, 0x00, 0x5f, 0x00, 0x5f, 
	0x00, 0x5f, 0x00, 0x5f, 0x00, 0x5f, 0x00, 0x5f, 
	0x00, 0x5f, 0x00, 0x5f, 0x00, 0x5f, 0x00, 0x5f, 
	0x00, 0x5f, 0x00, 0x5f, 0x00, 0x5f, 0x00, 0x5f, 
	0x00, 0x5f, 0x00, 0x5f, 0x00, 0x5f, 0x00, 0x5f, 
	0x00, 0x5f, 0x00, 0x5f, 0x00, 0x5f, 0x00, 0x5f, 
	0x00, 0x5f, 0x00, 0x5f, 0x00, 0x5f, 0x00, 0x5f, 
	0x00, 0x5f, 0x00, 0x5f, 0x00, 0x5f, 0x00, 0x5f, 
	0x00, 0x5f, 0x00, 0x5f, 0x00, 0x5f, 0x00, 0x5f, 
	0x00, 0x5f, 0x00, 0x5f, 0x00, 0x5f, 0x00, 0x5f, 
	0x00, 0x5f, 0x00, 0x5f, 0x00, 0x5f, 0x00, 0x5f, 
	0x00, 0x5f, 0x00, 0x5f, 0x00, 0x5f, 0x00, 0x5f, 
	0x00, 0x5f, 0x00, 0x5f, 0x00, 0x5f, 0x00, 0x5f, 
	0x00, 0x5f, 0x00, 0x5f, 0x00, 0x5f, 0x00, 0x5f, 
	0x00, 0x5f, 0x00, 0x5f, 0x00, 0x5f, 0x00, 0x5f, 
	0x00, 0x5f, 0x00, 0x5f, 0x00, 0x5f, 0x00, 0x5f, 
	0x00, 0x5f, 0x00, 0x5f, 0x00, 0x5f, 0x00, 0x5f, 
	0x00, 0x5f, 0x00, 0x5f, 0x00, 0x5f, 0x00, 0x5f, 
	0x00, 0x5f, 0x00, 0x5f, 0x00, 0x5f, 0x00, 0x5f, 
	0x00, 0x5f, 0x00, 0x5f, 0x00, 0x5f, 0x00, 0x5f, 
	0x00, 0x5f, 0x00, 0x5f, 0x00, 0x5f, 0x00, 0x5f, 
	0x00, 0x5f, 0x00, 0x5f, 0x00, 0x5f, 0x00, 0x5f, 
	0x00, 0x5f, 0x00, 0x5f, 0x00, 0x5f, 0x00, 0x5f, 
	0x00, 0x5f, 0x00, 0x5f, 0x00, 0x5f, 0x00, 0x5f, 
	0x00, 0x5f, 0x00, 0x5f, 0x00, 0x5f, 0x00, 0x5f, 
	0x00, 0x5f, 0x00, 0x5f, 0x00, 0x5f, 0x00, 0x5f, 
	0x00, 0x5f, 0x00, 0x5f, 0x00, 0x5f, 0x00, 0x5f, 
	0x00, 0x5f, 0x00, 0x5f, 0x00, 0x5f, 0x00, 0x5f, 
	0x00, 0x5f, 0x00, 0x5f, 0x00, 0x5f, 0x00, 0x5f, 
	0x00, 0x5f, 0x00, 0x5f, 0x00, 0x5f, 0x00, 0x5f, 
	0x00, 0x5f, 0x00, 0x5f, 0x00, 0x5f, 0x00, 0x5f, 
	0x00, 0x5f, 0x00, 0x5f, 0x00, 0x5f, 0x00, 0x5f, 
	0x00, 0x5f, 0x00, 0x5f, 0x00, 0x5f, 0x00, 0x5f, 
	0x00, 0x5f, 0x00, 0x5f, 0x00, 0x5f, 0x00, 0x5f, 
	0x00, 0x5f, 0x00, 0x5f, 0x00, 0x5f, 0x00, 0x5f, 
	0x00, 0x5f, 0x00, 0x5f, 0x00, 0x5f, 0x00, 0x5f, 
	0x00, 0x5f, 0x00, 0x5f, 0x00, 0x5f, 0x00, 0x5f, 
	0x00, 0x5f, 0x00, 0x5f, 0x00, 0x5f, 0x00, 0x5f, 
	0x00, 0x5f, 0x00, 0x5f, 0x00, 0x5f, 0x00, 0x5f, 
	0x00, 0x5f, 0x00, 0x5f, 0x00, 0x5f, 0x00, 0x5f, 
	0x00, 0x5f, 0x00, 0x5f, 0x00, 0x5f, 0x00, 0x5f, 
	0x00, 0x5f, 0x00, 0x5f, 0x00, 0x5f, 0x00, 0x5f, 
	0x00, 0x5f, 0x00, 0x5f, 0x00, 0x5f, 0x00, 0x5f, 
	0x00, 0x5f, 0x00, 0x5f, 0x00, 0x5f, 0x00, 0x5f, 
	0x00, 0x5f, 0x00, 0x5f, 0x00, 0x5f, 0x00, 0x5f, 
	0x00, 0x5f, 0x00, 0x5f, 0x00, 0x5f, 0x00, 0x5f, 
	0x00, 0x5f, 0x00, 0x5f, 0x00, 0x5f, 0x00, 0x5f, 
	0x00, 0x5f, 0x00, 0x5f, 0x00, 0x5f, 0x00, 0x5f, 
	0x00, 0x5f, 0x00, 0x5f, 0x00, 0x5f, 0x00, 0x5f, 
	0x00, 0x5f, 0x00, 0x5f, 0x00, 0x5f, 0x00, 0x5f, 
	0x00, 0x5f, 0x00, 0x5f, 0x00, 0x5f, 0x00, 0x5f, 
	0x00, 0x5f, 0x00, 0x5f, 0x00, 0x5f, 0x00, 0x5f, 
	0x00, 0x5f, 0x00, 0x5f, 0x00, 0x5f, 0x00, 0x5f, 
	0x00, 0x5f, 0x00, 0x5f, 0x00, 0x5f, 0x00, 0x5f, 
	0x00, 0x5f, 0x00, 0x5f, 0x00, 0x5f, 0x00, 0x5f, 
	0x00, 0x5f, 0x00, 0x5f, 0x00, 0x5f, 0x00, 0x5f, 
	0x00, 0x5f, 0x00, 0x5f, 0x00, 0x5f, 0x00, 0x5f, 
	0x00, 0x5f, 0x00, 0x5f, 0x00, 0x5f, 0x00, 0x5f, 
	0x00, 0x5f, 0x00, 0x5f, 0x00, 0x5f, 0x00, 0x5f, 
	0x00, 0x5f, 0x00, 0x5f, 0x00, 0x5f, 0x00, 0x5f, 
	0x00, 0x5f, 0x00, 0x5f, 0x00, 0x5f, 0x00, 0x5f, 
	0x00, 0x5f, 0x00, 0x5f, 0x00, 0x5f, 0x00, 0x5f, 
	0x00, 0x5f, 0x00, 0x5f, 0x00, 0x5f, 0x00, 0x5f, 
	0x00, 0x5f, 0x00, 0x5f, 0x00, 0x5f, 0x00, 0x5f, 
	0x00, 0x5f, 0x00, 0x5f, 0x00, 0x5f, 0x00, 0x5f, 
	0x00, 0x5f, 0x00, 0x5f, 0x00, 0x5f, 0x00, 0x5f, 
	0x00, 0x5f, 0x00, 0x5f, 0x00, 0x5f, 0x00, 0x5f, 
	0x00, 0x5f, 0x00, 0x5f, 0x00, 0x5f, 0x00, 0x5f, 
	0x00, 0x5f, 0x00, 0x5f, 0x00, 0x5f, 0x00, 0x5f, 
	0x00, 0x5f, 0x00, 0x5f, 0x00, 0x5f, 0x00, 0x5f, 
	0x00, 0x5f, 0x00, 0x5f, 0x00, 0x5f, 0x00, 0x5f, 
	0x00, 0x5f, 0x00, 0x5f, 0x00, 0x5f, 0x00, 0x5f, 
	0x00, 0x5f, 0x00, 0x5f, 0x00, 0x5f, 0x00, 0x5f, 
	0x00, 0x5f, 0x00, 0x5f, 0x00, 0x5f, 0x00, 0x5f, 
	0x00, 0x5f, 0x00, 0x5f, 0x00, 0x5f, 0x00, 0x5f, 
	0x00, 0x5f, 0x00, 0x5f, 0x00, 0x5f, 0x00, 0x5f, 
	0x00, 0x5f, 0x00, 0x5f, 0x00, 0x5f, 0x00, 0x5f, 
	0x00, 0x5f, 0x00, 0x5f, 0x00, 0x5f, 0x00, 0x5f, 
	0x00, 0x5f, 0x00, 0x5f, 0x00, 0x5f, 0x00, 0x5f, 
	0x00, 0x5f, 0x00, 0x5f, 0x00, 0x5f, 0x00, 0x5f, 
	0x00, 0x5f, 0x00, 0x5f, 0x00, 0x5f, 0x00, 0x5f, 
	0x00, 0x5f, 0x00, 0x5f, 0x00, 0x5f, 0x00, 0x5f, 
	0x00, 0x5f, 0x00, 0x5f, 0x00, 0x5f, 0x00, 0x5f, 
	0x00, 0x5f, 0x00, 0x5f, 0x00, 0x5f, 0x00, 0x5f, 
	0x00, 0x5f, 0x00, 0x5f, 0x00, 0x5f, 0x00, 0x5f, 
	0x00, 0x5f, 0x00, 0x5f, 0x00, 0x5f, 0x00, 0x5f, 
	0x00, 0x5f, 0x00, 0x5f, 0x00, 0x5f, 0x00, 0x5f, 
	0x00, 0x5f, 0x00, 0x5f, 0x00, 0x5f, 0x00, 0x5f, 
	0x00, 0x5f, 0x00, 0x5f, 0x00, 0x5f, 0x00, 0x5f, 
	0x00, 0x5f, 0x00, 0x5f, 0x00, 0x5f, 0x00, 0x5f, 
	0x00, 0x5f, 0x00, 0x5f, 0x00, 0x5f, 0x00, 0x5f, 
	0x00, 0x5f, 0x00, 0x5f, 0x00, 0x5f, 0x00, 0x5f, 
	0x00, 0x5f, 0x00, 0x5f, 0x00, 0x5f, 0x00, 0x5f, 
	0x00, 0x5f, 0x00, 0x5f, 0x00, 0x5f, 0x00, 0x5f, 
	0x00, 0x5f, 0x00, 0x5f, 0x00, 0x5f, 0x00, 0x5f, 
	0x00, 0x5f, 0x00, 0x5f, 0x00, 0x5f, 0x00, 0x5f, 
	0x00, 0x5f, 0x00, 0x5f, 0x00, 0x5f, 0x00, 0x5f, 
	0x00, 0x5f, 0x00, 0x5f, 0x00, 0x5f, 0x00, 0x5f, 
	0x00, 0x5f, 0x00, 0x5f, 0x00, 0x5f, 0x00, 0x5f, 
	0x00, 0x5f, 0x00, 0x5f, 0x00, 0x5f, 0x00, 0x5f, 
	0x00, 0x5f, 0x00, 0x5f, 0x00, 0x5f, 0x00, 0x5f, 
	0x00, 0x5f, 0x00, 0x5f, 0x00, 0x5f, 0x00, 0x5f, 
	0x00, 0x5f, 0x00, 0x5f, 0x00, 0x5f, 0x00, 0x5f, 
	0x00, 0x5f, 0x00, 0x5f, 0x00, 0x5f, 0x00, 0x5f, 
	0x00, 0x5f, 0x00, 0x5f, 0x00, 0x5f, 0x00, 0x5f, 
	0x00, 0x5f, 0x00, 0x5f, 0x00, 0x5f, 0x00, 0x5f, 
	0x00, 0x5f, 0x00, 0x5f, 0x00, 0x5f, 0x00, 0x5f, 
	0x00, 0x5f, 0x00, 0x5f, 0x00, 0x5f, 0x00, 0x5f, 
	0x00, 0x5f, 0x00, 0x5f, 0x00, 0x5f, 0x00, 0x5f, 
	0x00, 0x5f, 0x00, 0x5f, 0x00, 0x5f, 0x00, 0x5f, 
	0x00, 0x5f, 0x00, 0x5f, 0x00, 0x5f, 0x00, 0x5f, 
	0x00, 0x5f, 0x00, 0x5f, 0x00, 0x5f, 0x00, 0x5f, 
	0x00, 0x5f, 0x00, 0x5f, 0x00, 0x5f, 0x00, 0x5f, 
	0x00, 0x5f, 0x00, 0x5f, 0x00, 0x5f, 0x00, 0x5f, 
	0x00, 0x5f, 0x00, 0x5f, 0x00, 0x5f, 0x00, 0x5f, 
	0x00, 0x5f, 0x00, 0x5f, 0x00, 0x5f, 0x00, 0x5f, 
	0x00, 0x5f, 0x00, 0x5f, 0x00, 0x5f, 0x00, 0x5f, 
	0x00, 0x5f, 0x00, 0x5f, 0x00, 0x5f, 0x00, 0x5f, 
	0x00, 0x5f, 0x00, 0x5f, 0x00, 0x5f, 0x00, 0x5f, 
	0x00, 0x5f, 0x00, 0x5f, 0x00, 0x5f, 0x00, 0x5f, 
	0x00, 0x5f, 0x00, 0x5f, 0x00, 0x5f, 0x00, 0x5f, 
	0x00, 0x5f, 0x00, 0x5f, 0x00, 0x5f, 0x00, 0x5f, 
	0x00, 0x5f, 0x00, 0x5f, 0x00, 0x5f, 0x00, 0x5f, 
	0x00, 0x5f, 0x00, 0x5f, 0x00, 0x5f, 0x00, 0x5f, 
	0x00, 0x5f, 0x00, 0x5f, 0x00, 0x5f, 0x00, 0x5f, 
	0x00, 0x5f, 0x00, 0x5f, 0x00, 0x5f, 0x00, 0x5f, 
	0x00, 0x5f, 0x00, 0x5f, 0x00, 0x5f, 0x00, 0x5f, 
	0x00, 0x5f, 0x00, 0x5f, 0x00, 0x5f, 0x00, 0x5f, 
	0x00, 0x5f, 0x00, 0x5f, 0x00, 0x5f, 0x00, 0x5f, 
	0x00, 0x5f, 0x00, 0x5f, 0x00, 0x5f, 0x00, 0x5f, 
	0x00, 0x5f, 0x00, 0x5f, 0x00, 0x5f, 0x00, 0x5f, 
	0x00, 0x5f, 0x00, 0x5f, 0x00, 0x5f, 0x00, 0x5f, 
	0x00, 0x5f, 0x00, 0x5f, 0x00, 0x5f, 0x00, 0x5f, 
	0x00, 0x5f, 0x00, 0x5f, 0x00, 0x5f, 0x00, 0x5f, 
	0x00, 0x5f, 0x00, 0x5f, 0x00, 0x5f, 0x00, 0x5f, 
	0x00, 0x5f, 0x00, 0x5f, 0x00, 0x5f, 0x00, 0x5f, 
	0x00, 0x5f, 0x00, 0x5f, 0x00, 0x5f, 0x00, 0x5f, 
	0x00, 0x5f, 0x00, 0x5f, 0x00, 0x5f, 0x00, 0x5f, 
	0x00, 0x5f, 0x00, 0x5f, 0x00, 0x5f, 0x00, 0x5f, 
	0x00, 0x5f, 0x00, 0x5f, 0x00, 0x5f, 0x00, 0x5f, 
	0x00, 0x5f, 0x00, 0x5f, 0x00, 0x5f, 0x00, 0x5f, 
	0x00, 0x5f, 0x00, 0x5f, 0x00, 0x5f, 0x00, 0x5f, 
	0x00, 0x5f, 0x00, 0x5f, 0x00, 0x5f, 0x00, 0x5f, 
	0x00, 0x5f, 0x00, 0x5f, 0x00, 0x5f, 0x00, 0x5f, 
	0x00, 0x5f, 0x00, 0x5f, 0x00, 0x5f, 0x00, 0x5f, 
	0x00, 0x5f, 0x00, 0x5f, 0x00, 0x5f, 0x00, 0x5f, 
	0x00, 0x5f, 0x00, 0x5f, 0x00, 0x5f, 0x00, 0x5f, 
	0x00, 0x5f, 0x00, 0x5f, 0x00, 0x5f, 0x00, 0x5f, 
	0x00, 0x5f, 0x00, 0x5f, 0x00, 0x5f, 0x00, 0x5f, 
	0x00, 0x5f, 0x00, 0x5f, 0x00, 0x5f, 0x00, 0x5f, 
	0x00, 0x5f, 0x00, 0x5f, 0x00, 0x5f, 0x00, 0x5f, 
	0x00, 0x5f, 0x00, 0x5f, 0x00, 0x5f, 0x00, 0x5f, 
	0x00, 0x5f, 0x00, 0x5f, 0x00, 0x5f, 0x00, 0x5f, 
	0x00, 0x5f, 0x00, 0x5f, 0x00, 0x5f, 0x00, 0x5f, 
	0x00, 0x5f, 0x00, 0x5f, 0x00, 0x5f, 0x00, 0x5f, 
	0x00, 0x5f, 0x00, 0x5f, 0x00, 0x5f, 0x00, 0x5f, 
	0x00, 0x5f, 0x00, 0x5f, 0x00, 0x5f, 0x00, 0x5f, 
	0x00, 0x5f, 0x00, 0x5f, 0x00, 0x5f, 0x00, 0x5f, 
	0x00, 0x5f, 0x00, 0x5f, 0x00, 0x5f, 0x00, 0x5f, 
	0x00, 0x5f, 0x00, 0x5f, 0x00, 0x5f, 0x00, 0x5f, 
	0x00, 0x5f, 0x00, 0x5f, 0x00, 0x5f, 0x00, 0x5f, 
	0x00, 0x5f, 0x00, 0x5f, 0x00, 0x5f, 0x00, 0x5f, 
	0x00, 0x5f, 0x00, 0x5f, 0x00, 0x5f, 0x00, 0x5f, 
	0x00, 0x5f, 0x00, 0x5f, 0x00, 0x5f, 0x00, 0x5f, 
	0x00, 0x5f, 0x00, 0x5f, 0x00, 0x5f, 0x00, 0x5f, 
	0x00, 0x5f, 0x00, 0x5f, 0x00, 0x5f, 0x00, 0x5f, 
	0x00, 0x5f, 0x00, 0x5f, 0x00, 0x5f, 0x00, 0x5f, 
	0x00, 0x5f, 0x00, 0x5f, 0x00, 0x5f, 0x00, 0x5f, 
	0x00, 0x5f, 0x00, 0x5f, 0x00, 0x5f, 0x00, 0x5f, 
	0x00, 0x5f, 0x00, 0x5f, 0x00, 0x5f, 0x00, 0x5f, 
	0x00, 0x5f, 0x00, 0x5f, 0x00, 0x5f, 0x00, 0x5f, 
	0x00, 0x5f, 0x00, 0x5f, 0x00, 0x5f, 0x00, 0x5f, 
	0x00, 0x5f, 0x00, 0x5f, 0x00, 0x5f, 0x00, 0x5f, 
	0x00, 0x5f, 0x00, 0x5f, 0x00, 0x5f, 0x00, 0x5f, 
	0x00, 0x5f, 0x00, 0x5f, 0x00, 0x5f, 0x00, 0x5f, 
	0x00, 0x5f, 0x00, 0x5f, 0x00, 0x5f, 0x00, 0x5f, 
	0x00, 0x5f, 0x00, 0x5f, 0x00, 0x5f, 0x00, 0x5f, 
	0x00, 0x5f, 0x00, 0x5f, 0x00, 0x5f, 0x00, 0x5f, 
	0x00, 0x5f, 0x00, 0x5f, 0x00, 0x5f, 0x00, 0x5f, 
	0x00, 0x5f, 0x00, 0x5f, 0x00, 0x5f, 0x00, 0x5f, 
	0x00, 0x5f, 0x00, 0x5f, 0x00, 0x5f, 0x00, 0x5f, 
	0x00, 0x5f, 0x00, 0x5f, 0x00, 0x5f, 0x00, 0x5f, 
	0x00, 0x5f, 0x00, 0x5f, 0x00, 0x5f, 0x00, 0x5f, 
	0x00, 0x5f, 0x00, 0x5f, 0x00, 0x5f, 0x00, 0x5f, 
	0x00, 0x5f, 0x00, 0x5f, 0x00, 0x5f, 0x00, 0x5f, 
	0x00, 0x5f, 0x00, 0x5f, 0x00, 0x5f, 0x00, 0x5f, 
	0x00, 0x5f, 0x00, 0x5f, 0x00, 0x5f, 0x00, 0x5f, 
	0x00, 0x5f, 0x00, 0x5f, 0x00, 0x5f, 0x00, 0x5f, 
	0x00, 0x5f, 0x00, 0x5f, 0x00, 0x5f, 0x00, 0x5f, 
	0x00, 0x5f, 0x00, 0x5f, 0x00, 0x5f, 0x00, 0x5f, 
	0x00, 0x5f, 0x00, 0x5f, 0x00, 0x5f, 0x00, 0x5f, 
	0x00, 0x5f, 0x00, 0x5f, 0x00, 0x5f, 0x00, 0x5f, 
	0x00, 0x5f, 0x00, 0x5f, 0x00, 0x5f, 0x00, 0x5f, 
	0x00, 0x5f, 0x00, 0x5f, 0x00, 0x5f, 0x00, 0x5f, 
	0x00, 0x5f, 0x00, 0x5f, 0x00, 0x5f, 0x00, 0x5f, 
	0x00, 0x5f, 0x00, 0x5f, 0x00, 0x5f, 0x00, 0x5f, 
	0x00, 0x5f, 0x00, 0x5f, 0x00, 0x5f, 0x00, 0x5f, 
	0x00, 0x5f, 0x00, 0x5f, 0x00, 0x5f, 0x00, 0x5f, 
	0x00, 0x5f, 0x00, 0x5f, 0x00, 0x5f, 0x00, 0x5f, 
	0x00, 0x5f, 0x00, 0x5f, 0x00, 0x5f, 0x00, 0x5f, 
	0x00, 0x5f, 0x00, 0x5f, 0x00, 0x5f, 0x00, 0x5f, 
	0x00, 0x5f, 0x00, 0x5f, 0x00, 0x5f, 0x00, 0x5f, 
	0x00, 0x5f, 0x00, 0x5f, 0x00, 0x5f, 0x00, 0x5f, 
	0x00, 0x5f, 0x00, 0x5f, 0x00, 0x5f, 0x00, 0x5f, 
	0x00, 0x5f, 0x00, 0x5f, 0x00, 0x5f, 0x00, 0x5f, 
	0x00, 0x5f, 0x00, 0x5f, 0x00, 0x5f, 0x00, 0x5f, 
	0x00, 0x5f, 0x00, 0x5f, 0x00, 0x5f, 0x00, 0x5f, 
	0x00, 0x5f, 0x00, 0x5f, 0x00, 0x5f, 0x00, 0x5f, 
	0x00, 0x5f, 0x00, 0x5f, 0x00, 0x5f, 0x00, 0x5f, 
	0x00, 0x5f, 0x00, 0x5f, 0x00, 0x5f, 0x00, 0x5f, 
	0x00, 0x5f, 0x00, 0x5f, 0x00, 0x5f, 0x00, 0x5f, 
	0x00, 0x5f, 0x00, 0x5f, 0x00, 0x5f, 0x00, 0x5f, 
	0x00, 0x5f, 0x00, 0x5f, 0x00, 0x5f, 0x00, 0x5f, 
	0x00, 0x5f, 0x00, 0x5f, 0x00, 0x5f, 0x00, 0x5f, 
	0x00, 0x5f, 0x00, 0x5f, 0x00, 0x5f, 0x00, 0x5f, 
	0x00, 0x5f, 0x00, 0x5f, 0x00, 0x5f, 0x00, 0x5f, 
	0x00, 0x5f, 0x00, 0x5f, 0x00, 0x5f, 0x00, 0x5f, 
	0x00, 0x5f, 0x00, 0x5f, 0x00, 0x5f, 0x00, 0x5f, 
	0x00, 0x5f, 0x00, 0x5f, 0x00, 0x5f, 0x00, 0x5f, 
	0x00, 0x5f, 0x00, 0x5f, 0x00, 0x5f, 0x00, 0x5f, 
	0x00, 0x5f, 0x00, 0x5f, 0x00, 0x5f, 0x00, 0x5f, 
	0x00, 0x5f, 0x00, 0x5f, 0x00, 0x5f, 0x00, 0x5f, 
	0x00, 0x5f, 0x00, 0x5f, 0x00, 0x5f, 0x00, 0x5f, 
	0x00, 0x5f, 0x00, 0x5f, 0x00, 0x5f, 0x00, 0x5f, 
	0x00, 0x5f, 0x00, 0x5f, 0x00, 0x5f, 0x00, 0x5f, 
	0x00, 0x5f, 0x00, 0x5f, 0x00, 0x5f, 0x00, 0x5f, 
	0x00, 0x5f, 0x00, 0x5f, 0x00, 0x5f, 0x00, 0x5f, 
	0x00, 0x5f, 0x00, 0x5f, 0x00, 0x5f, 0x00, 0x5f, 
	0x00, 0x5f, 0x00, 0x5f, 0x00, 0x5f, 0x00, 0x5f, 
	0x00, 0x5f, 0x00, 0x5f, 0x00, 0x5f, 0x00, 0x5f, 
	0x00, 0x5f, 0x00, 0x5f, 0x00, 0x5f, 0x00, 0x5f, 
	0x00, 0x5f, 0x00, 0x5f, 0x00, 0x5f, 0x00, 0x5f, 
	0x00, 0x5f, 0x00, 0x5f, 0x00, 0x5f, 0x00, 0x5f, 
	0x00, 0x5f, 0x00, 0x5f, 0x00, 0x5f, 0x00, 0x5f, 
	0x00, 0x5f, 0x00, 0x5f, 0x00, 0x5f, 0x00, 0x5f, 
	0x00, 0x5f, 0x00, 0x5f, 0x00, 0x5f, 0x00, 0x5f, 
	0x00, 0x5f, 0x00, 0x5f, 0x00, 0x5f, 0x00, 0x5f, 
	0x00, 0x5f, 0x00, 0x5f, 0x00, 0x5f, 0x00, 0x5f, 
	0x00, 0x5f, 0x00, 0x5f, 0x00, 0x5f, 0x00, 0x5f, 
	0x00, 0x5f, 0x00, 0x5f, 0x00, 0x5f, 0x00, 0x5f, 
	0x00, 0x5f, 0x00, 0x5f, 0x00, 0x5f, 0x00, 0x5f, 
	0x00, 0x5f, 0x00, 0x5f, 0x00, 0x5f, 0x00, 0x5f, 
	0x00, 0x5f, 0x00, 0x5f, 0x00, 0x5f, 0x00, 0x5f, 
	0x00, 0x5f, 0x00, 0x5f, 0x00, 0x5f, 0x00, 0x5f, 
	0x00, 0x5f, 0x00, 0x5f, 0x00, 0x5f, 0x00, 0x5f, 
	0x00, 0x5f, 0x00, 0x5f, 0x00, 0x5f, 0x00, 0x5f, 
	0x00, 0x5f, 0x00, 0x5f, 0x00, 0x5f, 0x00, 0x5f, 
	0x00, 0x5f, 0x00, 0x5f, 0x00, 0x5f, 0x00, 0x5f, 
	0x00, 0x5f, 0x00, 0x5f, 0x00, 0x5f, 0x00, 0x5f, 
	0x00, 0x5f, 0x00, 0x5f, 0x00, 0x5f, 0x00, 0x5f, 
	0x00, 0x5f, 0x00, 0x5f, 0x00, 0x5f, 0x00, 0x5f, 
	0x00, 0x5f, 0x00, 0x5f, 0x00, 0x5f, 0x00, 0x5f, 
	0x00, 0x5f, 0x00, 0x5f, 0x00, 0x5f, 0x00, 0x5f, 
	0x00, 0x5f, 0x00, 0x5f, 0x00, 0x5f, 0x00, 0x5f, 
	0x00, 0x5f, 0x00, 0x5f, 0x00, 0x5f, 0x00, 0x5f, 
	0x00, 0x5f, 0x00, 0x5f, 0x00, 0x5f, 0x00, 0x5f, 
	0x00, 0x5f, 0x00, 0x5f, 0x00, 0x5f, 0x00, 0x5f, 
	0x00, 0x5f, 0x00, 0x5f, 0x00, 0x5f, 0x00, 0x5f, 
	0x00, 0x5f, 0x00, 0x5f, 0x00, 0x5f, 0x00, 0x5f, 
	0x00, 0x5f, 0x00, 0x5f, 0x00, 0x5f, 0x00, 0x5f, 
	0x00, 0x5f, 0x00, 0x5f, 0x00, 0x5f, 0x00, 0x5f, 
	0x00, 0x5f, 0x00, 0x5f, 0x00, 0x5f, 0x00, 0x5f, 
	0x00, 0x5f, 0x00, 0x5f, 0x00, 0x5f, 0x00, 0x5f, 
	0x00, 0x5f, 0x00, 0x5f, 0x00, 0x5f, 0x00, 0x5f, 
	0x00, 0x5f, 0x00, 0x5f, 0x00, 0x5f, 0x00, 0x5f, 
	0x00, 0x5f, 0x00, 0x5f, 0x00, 0x5f, 0x00, 0x5f, 
	0x00, 0x5f, 0x00, 0x5f, 0x00, 0x5f, 0x00, 0x5f, 
	0x00, 0x5f, 0x00, 0x5f, 0x00, 0x5f, 0x00, 0x5f, 
	0x00, 0x5f, 0x00, 0x5f, 0x00, 0x5f, 0x00, 0x5f, 
	0x00, 0x5f, 0x00, 0x5f, 0x00, 0x5f, 0x00, 0x5f, 
	0x00, 0x5f, 0x00, 0x5f, 0x00, 0x5f, 0x00, 0x5f, 
	0x00, 0x5f, 0x00, 0x5f, 0x00, 0x5f, 0x00, 0x5f, 
	0x00, 0x5f, 0x00, 0x5f, 0x00, 0x5f, 0x00, 0x5f, 
	0x00, 0x5f, 0x00, 0x5f, 0x00, 0x5f, 0x00, 0x5f, 
	0x00, 0x5f, 0x00, 0x5f, 0x00, 0x5f, 0x00, 0x5f, 
	0x00, 0x5f, 0x00, 0x5f, 0x00, 0x5f, 0x00, 0x5f, 
	0x00, 0x5f, 0x00, 0x5f, 0x00, 0x5f, 0x00, 0x5f, 
	0x00, 0x5f, 0x00, 0x5f, 0x00, 0x5f, 0x00, 0x5f, 
	0x00, 0x5f, 0x00, 0x5f, 0x00, 0x5f, 0x00, 0x5f, 
	0x00, 0x5f, 0x00, 0x5f, 0x00, 0x5f, 0x00, 0x5f, 
	0x00, 0x5f, 0x00, 0x5f, 0x00, 0x5f, 0x00, 0x5f, 
	0x00, 0x5f, 0x00, 0x5f, 0x00, 0x5f, 0x00, 0x5f, 
	0x00, 0x5f, 0x00, 0x5f, 0x00, 0x5f, 0x00, 0x5f, 
	0x00, 0x5f, 0x00, 0x5f, 0x00, 0x5f, 0x00, 0x5f, 
	0x00, 0x5f, 0x00, 0x5f, 0x00, 0x5f, 0x00, 0x5f, 
	0x00, 0x5f, 0x00, 0x5f, 0x00, 0x5f, 0x00, 0x5f, 
	0x00, 0x5f, 0x00, 0x5f, 0x00, 0x5f, 0x00, 0x5f, 
	0x00, 0x5f, 0x00, 0x5f, 0x00, 0x5f, 0x00, 0x5f, 
	0x00, 0x5f, 0x00, 0x5f, 0x00, 0x5f, 0x00, 0x5f, 
	0x00, 0x5f, 0x00, 0x5f, 0x00, 0x5f, 0x00, 0x5f, 
	0x00, 0x5f, 0x00, 0x5f, 0x00, 0x5f, 0x00, 0x5f, 
	0x00, 0x5f, 0x00, 0x5f, 0x00, 0x5f, 0x00, 0x5f, 
	0x00, 0x5f, 0x00, 0x5f, 0x00, 0x5f, 0x00, 0x5f, 
	0x00, 0x5f, 0x00, 0x5f, 0x00, 0x5f, 0x00, 0x5f, 
	0x00, 0x5f, 0x00, 0x5f, 0x00, 0x5f, 0x00, 0x5f, 
	0x00, 0x5f, 0x00, 0x5f, 0x00, 0x5f, 0x00, 0x5f, 
	0x00, 0x5f, 0x00, 0x5f, 0x00, 0x5f, 0x00, 0x5f, 
	0x00, 0x5f, 0x00, 0x5f, 0x00, 0x5f, 0x00, 0x5f, 
	0x00, 0x5f, 0x00, 0x5f, 0x00, 0x5f, 0x00, 0x5f, 
	0x00, 0x5f, 0x00, 0x5f, 0x00, 0x5f, 0x00, 0x5f, 
	0x00, 0x5f, 0x00, 0x5f, 0x00, 0x5f, 0x00, 0x5f, 
	0x00, 0x5f, 0x00, 0x5f, 0x00, 0x5f, 0x00, 0x5f, 
	0x00, 0x5f, 0x00, 0x5f, 0x00, 0x5f, 0x00, 0x5f, 
	0x00, 0x5f, 0x00, 0x5f, 0x00, 0x5f, 0x00, 0x5f, 
	0x00, 0x5f, 0x00, 0x5f, 0x00, 0x5f, 0x00, 0x5f, 
	0x00, 0x5f, 0x00, 0x5f, 0x00, 0x5f, 0x00, 0x5f, 
	0x00, 0x5f, 0x00, 0x5f, 0x00, 0x5f, 0x00, 0x5f, 
	0x00, 0x5f, 0x00, 0x5f, 0x00, 0x5f, 0x00, 0x5f, 
	0x00, 0x5f, 0x00, 0x5f, 0x00, 0x5f, 0x00, 0x5f, 
	0x00, 0x5f, 0x00, 0x5f, 0x00, 0x5f, 0x00, 0x5f, 
	0x00, 0x5f, 0x00, 0x5f, 0x00, 0x5f, 0x00, 0x5f, 
	0x00, 0x5f, 0x00, 0x5f, 0x00, 0x5f, 0x00, 0x5f, 
	0x00, 0x5f, 0x00, 0x5f, 0x00, 0x5f, 0x00, 0x5f, 
	0x00, 0x5f, 0x00, 0x5f, 0x00, 0x5f, 0x00, 0x5f, 
	0x00, 0x5f, 0x00, 0x5f, 0x00, 0x5f, 0x00, 0x5f, 
	0x00, 0x5f, 0x00, 0x5f, 0x00, 0x5f, 0x00, 0x5f, 
	0x00, 0x5f, 0x00, 0x5f, 0x00, 0x5f, 0x00, 0x5f, 
	0x00, 0x5f, 0x00, 0x5f, 0x00, 0x5f, 0x00, 0x5f, 
	0x00, 0x5f, 0x00, 0x5f, 0x00, 0x5f, 0x00, 0x5f, 
	0x00, 0x5f, 0x00, 0x5f, 0x00, 0x5f, 0x00, 0x5f, 
	0x00, 0x5f, 0x00, 0x5f, 0x00, 0x5f, 0x00, 0x5f, 
	0x00, 0x5f, 0x00, 0x5f, 0x00, 0x5f, 0x00, 0x5f, 
	0x00, 0x5f, 0x00, 0x5f, 0x00, 0x5f, 0x00, 0x5f, 
	0x00, 0x5f, 0x00, 0x5f, 0x00, 0x5f, 0x00, 0x5f, 
	0x00, 0x5f, 0x00, 0x5f, 0x00, 0x5f, 0x00, 0x5f, 
	0x00, 0x5f, 0x00, 0x5f, 0x00, 0x5f, 0x00, 0x5f, 
	0x00, 0x5f, 0x00, 0x5f, 0x00, 0x5f, 0x00, 0x5f, 
	0x00, 0x5f, 0x00, 0x5f, 0x00, 0x5f, 0x00, 0x5f, 
	0x00, 0x5f, 0x00, 0x5f, 0x00, 0x5f, 0x00, 0x5f, 
	0x00, 0x5f, 0x00, 0x5f, 0x00, 0x5f, 0x00, 0x5f, 
	0x00, 0x5f, 0x00, 0x5f, 0x00, 0x5f, 0x00, 0x5f, 
	0x00, 0x5f, 0x00, 0x5f, 0x00, 0x5f, 0x00, 0x5f, 
	0x00, 0x5f, 0x00, 0x5f, 0x00, 0x5f, 0x00, 0x5f, 
	0x00, 0x5f, 0x00, 0x5f, 0x00, 0x5f, 0x00, 0x5f, 
	0x00, 0x5f, 0x00, 0x5f, 0x00, 0x5f, 0x00, 0x5f, 
	0x00, 0x5f, 0x00, 0x5f, 0x00, 0x5f, 0x00, 0x5f, 
	0x00, 0x5f, 0x00, 0x5f, 0x00, 0x5f, 0x00, 0x5f, 
	0x00, 0x5f, 0x00, 0x5f, 0x00, 0x5f, 0x00, 0x5f, 
	0x00, 0x5f, 0x00, 0x5f, 0x00, 0x5f, 0x00, 0x5f, 
	0x00, 0x5f, 0x00, 0x5f, 0x00, 0x5f, 0x00, 0x5f, 
	0x00, 0x5f, 0x00, 0x5f, 0x00, 0x5f, 0x00, 0x5f, 
	0x00, 0x5f, 0x00, 0x5f, 0x00, 0x5f, 0x00, 0x5f, 
	0x00, 0x5f, 0x00, 0x5f, 0x00, 0x5f, 0x00, 0x5f, 
	0x00, 0x5f, 0x00, 0x5f, 0x00, 0x5f, 0x00, 0x5f, 
	0x00, 0x5f, 0x00, 0x5f, 0x00, 0x5f, 0x00, 0x5f, 
	0x00, 0x5f, 0x00, 0x5f, 0x00, 0x5f, 0x00, 0x5f, 
	0x00, 0x5f, 0x00, 0x5f, 0x00, 0x5f, 0x00, 0x5f, 
	0x00, 0x5f, 0x00, 0x5f, 0x00, 0x5f, 0x00, 0x5f, 
	0x00, 0x5f, 0x00, 0x5f, 0x00, 0x5f, 0x00, 0x5f, 
	0x00, 0x5f, 0x00, 0x5f, 0x00, 0x5f, 0x00, 0x5f, 
	0x00, 0x5f, 0x00, 0x5f, 0x00, 0x5f, 0x00, 0x5f, 
	0x00, 0x5f, 0x00, 0x5f, 0x00, 0x5f, 0x00, 0x5f, 
	0x00, 0x5f, 0x00, 0x5f, 0x00, 0x5f, 0x00, 0x5f, 
	0x00, 0x5f, 0x00, 0x5f, 0x00, 0x5f, 0x00, 0x5f, 
	0x00, 0x5f, 0x00, 0x5f, 0x00, 0x5f, 0x00, 0x5f, 
	0x00, 0x5f, 0x00, 0x5f, 0x00, 0x5f, 0x00, 0x5f, 
	0x00, 0x5f, 0x00, 0x5f, 0x00, 0x5f, 0x00, 0x5f, 
	0x00, 0x5f, 0x00, 0x5f, 0x00, 0x5f, 0x00, 0x5f, 
	0x00, 0x5f, 0x00, 0x5f, 0x00, 0x5f, 0x00, 0x5f, 
	0x00, 0x5f, 0x00, 0x5f, 0x00, 0x5f, 0x00, 0x5f, 
	0x00, 0x5f, 0x00, 0x5f, 0x00, 0x5f, 0x00, 0x5f, 
	0x00, 0x5f, 0x00, 0x5f, 0x00, 0x5f, 0x00, 0x5f, 
	0x00, 0x5f, 0x00, 0x5f, 0x00, 0x5f, 0x00, 0x5f, 
	0x00, 0x5f, 0x00, 0x5f, 0x00, 0x5f, 0x00, 0x5f, 
	0x00, 0x5f, 0x00, 0x5f, 0x00, 0x5f, 0x00, 0x5f, 
	0x00, 0x5f, 0x00, 0x5f, 0x00, 0x5f, 0x00, 0x5f, 
	0x00, 0x5f, 0x00, 0x5f, 0x00, 0x5f, 0x00, 0x5f, 
	0x00, 0x5f, 0x00, 0x5f, 0x00, 0x5f, 0x00, 0x5f, 
	0x00, 0x5f, 0x00, 0x5f, 0x00, 0x5f, 0x00, 0x5f, 
	0x00, 0x5f, 0x00, 0x5f, 0x00, 0x5f, 0x00, 0x5f, 
	0x00, 0x5f, 0x00, 0x5f, 0x00, 0x5f, 0x00, 0x5f, 
	0x00, 0x5f, 0x00, 0x5f, 0x00, 0x5f, 0x00, 0x5f, 
	0x00, 0x5f, 0x00, 0x5f, 0x00, 0x5f, 0x00, 0x5f, 
	0x00, 0x5f, 0x00, 0x5f, 0x00, 0x5f, 0x00, 0x5f, 
	0x00, 0x5f, 0x00, 0x5f, 0x00, 0x5f, 0x00, 0x5f, 
	0x00, 0x5f, 0x00, 0x5f, 0x00, 0x5f, 0x00, 0x5f, 
	0x00, 0x5f, 0x00, 0x5f, 0x00, 0x5f, 0x00, 0x5f, 
	0x00, 0x5f, 0x00, 0x5f, 0x00, 0x5f, 0x00, 0x5f, 
	0x00, 0x5f, 0x00, 0x5f, 0x00, 0x5f, 0x00, 0x5f, 
	0x00, 0x5f, 0x00, 0x5f, 0x00, 0x5f, 0x00, 0x5f, 
	0x00, 0x5f, 0x00, 0x5f, 0x00, 0x5f, 0x00, 0x5f, 
	0x00, 0x5f, 0x00, 0x5f, 0x00, 0x5f, 0x00, 0x5f, 
	0x00, 0x5f, 0x00, 0x5f, 0x00, 0x5f, 0x00, 0x5f, 
	0x00, 0x5f, 0x00, 0x5f, 0x00, 0x5f, 0x00, 0x5f, 
	0x00, 0x5f, 0x00, 0x5f, 0x00, 0x5f, 0x00, 0x5f, 
	0x00, 0x5f, 0x00, 0x5f, 0x00, 0x5f, 0x00, 0x5f, 
	0x00, 0x5f, 0x00, 0x5f, 0x00, 0x5f, 0x00, 0x5f, 
	0x00, 0x5f, 0x00, 0x5f, 0x00, 0x5f, 0x00, 0x5f, 
	0x00, 0x5f, 0x00, 0x5f, 0x00, 0x5f, 0x00, 0x5f, 
	0x00, 0x5f, 0x00, 0x5f, 0x00, 0x5f, 0x00, 0x5f, 
	0x00, 0x5f, 0x00, 0x5f, 0x00, 0x5f, 0x00, 0x5f, 
	0x00, 0x5f, 0x00, 0x5f, 0x00, 0x5f, 0x00, 0x5f, 
	0x00, 0x5f, 0x00, 0x5f, 0x00, 0x5f, 0x00, 0x5f, 
	0x00, 0x5f, 0x00, 0x5f, 0x00, 0x5f, 0x00, 0x5f, 
	0x00, 0x5f, 0x00, 0x5f, 0x00, 0x5f, 0x00, 0x5f, 
	0x00, 0x5f, 0x00, 0x5f, 0x00, 0x5f, 0x00, 0x5f, 
	0x00, 0x5f, 0x00, 0x5f, 0x00, 0x5f, 0x00, 0x5f, 
	0x00, 0x5f, 0x00, 0x5f, 0x00, 0x5f, 0x00, 0x5f, 
	0x00, 0x5f, 0x00, 0x5f, 0x00, 0x5f, 0x00, 0x5f, 
	0x00, 0x5f, 0x00, 0x5f, 0x00, 0x5f, 0x00, 0x5f, 
	0x00, 0x5f, 0x00, 0x5f, 0x00, 0x5f, 0x00, 0x5f, 
	0x00, 0x5f, 0x00, 0x5f, 0x00, 0x5f, 0x00, 0x5f, 
	0x00, 0x5f, 0x00, 0x5f, 0x00, 0x5f, 0x00, 0x5f, 
	0x00, 0x5f, 0x00, 0x5f, 0x00, 0x5f, 0x00, 0x5f, 
	0x00, 0x5f, 0x00, 0x5f, 0x00, 0x5f, 0x00, 0x5f, 
	0x00, 0x5f, 0x00, 0x5f, 0x00, 0x5f, 0x00, 0x5f, 
	0x00, 0x5f, 0x00, 0x5f, 0x00, 0x5f, 0x00, 0x5f, 
	0x00, 0x5f, 0x00, 0x5f, 0x00, 0x5f, 0x00, 0x5f, 
	0x00, 0x5f, 0x00, 0x5f, 0x00, 0x5f, 0x00, 0x5f, 
	0x00, 0x5f, 0x00, 0x5f, 0x00, 0x5f, 0x00, 0x5f, 
	0x00, 0x5f, 0x00, 0x5f, 0x00, 0x5f, 0x00, 0x5f, 
	0x00, 0x5f, 0x00, 0x5f, 0x00, 0x5f, 0x00, 0x5f, 
	0x00, 0x5f, 0x00, 0x5f, 0x00, 0x5f, 0x00, 0x5f, 
	0x00, 0x5f, 0x00, 0x5f, 0x00, 0x5f, 0x00, 0x5f, 
	0x00, 0x5f, 0x00, 0x5f, 0x00, 0x5f, 0x00, 0x5f, 
	0x00, 0x5f, 0x00, 0x5f, 0x00, 0x5f, 0x00, 0x5f, 
	0x00, 0x5f, 0x00, 0x5f, 0x00, 0x5f, 0x00, 0x5f, 
	0x00, 0x5f, 0x00, 0x5f, 0x00, 0x5f, 0x00, 0x5f, 
	0x00, 0x5f, 0x00, 0x5f, 0x00, 0x5f, 0x00, 0x5f, 
	0x00, 0x5f, 0x00, 0x5f, 0x00, 0x5f, 0x00, 0x5f, 
	0x00, 0x5f, 0x00, 0x5f, 0x00, 0x5f, 0x00, 0x5f, 
	0x00, 0x5f, 0x00, 0x5f, 0x00, 0x5f, 0x00, 0x5f, 
	0x00, 0x5f, 0x00, 0x5f, 0x00, 0x5f, 0x00, 0x5f, 
	0x00, 0x5f, 0x00, 0x5f, 0x00, 0x5f, 0x00, 0x5f, 
	0x00, 0x5f, 0x00, 0x5f, 0x00, 0x5f, 0x00, 0x5f, 
	0x00, 0x5f, 0x00, 0x5f, 0x00, 0x5f, 0x00, 0x5f, 
	0x00, 0x5f, 0x00, 0x5f, 0x00, 0x5f, 0x00, 0x5f, 
	0x00, 0x5f, 0x00, 0x5f, 0x00, 0x5f, 0x00, 0x5f, 
	0x00, 0x5f, 0x00, 0x5f, 0x00, 0x5f, 0x00, 0x5f, 
	0x00, 0x5f, 0x00, 0x5f, 0x00, 0x5f, 0x00, 0x5f, 
	0x00, 0x5f, 0x00, 0x5f, 0x00, 0x5f, 0x00, 0x5f, 
	0x00, 0x5f, 0x00, 0x5f, 0x00, 0x5f, 0x00, 0x5f, 
	0x00, 0x5f, 0x00, 0x5f, 0x00, 0x5f, 0x00, 0x5f, 
	0x00, 0x5f, 0x00, 0x5f, 0x00, 0x5f, 0x00, 0x5f, 
	0x00, 0x5f, 0x00, 0x5f, 0x00, 0x5f, 0x00, 0x5f, 
	0x00, 0x5f, 0x00, 0x5f, 0x00, 0x5f, 0x00, 0x5f, 
	0x00, 0x5f, 0x00, 0x5f, 0x00, 0x5f, 0x00, 0x5f, 
	0x00, 0x5f, 0x00, 0x5f, 0x00, 0x5f, 0x00, 0x5f, 
	0x00, 0x5f, 0x00, 0x5f, 0x00, 0x5f, 0x00, 0x5f, 
	0x00, 0x5f, 0x00, 0x5f, 0x00, 0x5f, 0x00, 0x5f, 
	0x00, 0x5f, 0x00, 0x5f, 0x00, 0x5f, 0x00, 0x5f, 
	0x00, 0x5f, 0x00, 0x5f, 0x00, 0x5f, 0x00, 0x5f, 
	0x00, 0x5f, 0x00, 0x5f, 0x00, 0x5f, 0x00, 0x5f, 
	0x00, 0x5f, 0x00, 0x5f, 0x00, 0x5f, 0x00, 0x5f, 
	0x00, 0x5f, 0x00, 0x5f, 0x00, 0x5f, 0x00, 0x5f, 
	0x00, 0x5f, 0x00, 0x5f, 0x00, 0x5f, 0x00, 0x5f, 
	0x00, 0x5f, 0x00, 0x5f, 0x00, 0x5f, 0x00, 0x5f, 
	0x00, 0x5f, 0x00, 0x5f, 0x00, 0x5f, 0x00, 0x5f, 
	0x00, 0x5f, 0x00, 0x5f, 0x00, 0x5f, 0x00, 0x5f, 
	0x00, 0x5f, 0x00, 0x5f, 0x00, 0x5f, 0x00, 0x5f, 
	0x00, 0x5f, 0x00, 0x5f, 0x00, 0x5f, 0x00, 0x5f, 
	0x00, 0x5f, 0x00, 0x5f, 0x00, 0x5f, 0x00, 0x5f, 
	0x00, 0x5f, 0x00, 0x5f, 0x00, 0x5f, 0x00, 0x5f, 
	0x00, 0x5f, 0x00, 0x5f, 0x00, 0x5f, 0x00, 0x5f, 
	0x00, 0x5f, 0x00, 0x5f, 0x00, 0x5f, 0x00, 0x5f, 
	0x00, 0x5f, 0x00, 0x5f, 0x00, 0x5f, 0x00, 0x5f, 
	0x00, 0x5f, 0x00, 0x5f, 0x00, 0x5f, 0x00, 0x5f, 
	0x00, 0x5f, 0x00, 0x5f, 0x00, 0x5f, 0x00, 0x5f, 
	0x00, 0x5f, 0x00, 0x5f, 0x00, 0x5f, 0x00, 0x5f, 
	0x00, 0x5f, 0x00, 0x5f, 0x00, 0x5f, 0x00, 0x5f, 
	0x00, 0x5f, 0x00, 0x5f, 0x00, 0x5f, 0x00, 0x5f, 
	0x00, 0x5f, 0x00, 0x5f, 0x00, 0x5f, 0x00, 0x5f, 
	0x00, 0x5f, 0x00, 0x5f, 0x00, 0x5f, 0x00, 0x5f, 
	0x00, 0x5f, 0x00, 0x5f, 0x00, 0x5f, 0x00, 0x5f, 
	0x00, 0x5f, 0x00, 0x5f, 0x00, 0x5f, 0x00, 0x5f, 
	0x00, 0x5f, 0x00, 0x5f, 0x00, 0x5f, 0x00, 0x5f, 
	0x00, 0x5f, 0x00, 0x5f, 0x00, 0x5f, 0x00, 0x5f, 
	0x00, 0x5f, 0x00, 0x5f, 0x00, 0x5f, 0x00, 0x5f, 
	0x00, 0x5f, 0x00, 0x5f, 0x00, 0x5f, 0x00, 0x5f, 
	0x00, 0x5f, 0x00, 0x5f, 0x00, 0x5f, 0x00, 0x5f, 
	0x00, 0x5f, 0x00, 0x5f, 0x00, 0x5f, 0x00, 0x5f, 
	0x00, 0x5f, 0x00, 0x5f, 0x00, 0x5f, 0x00, 0x5f, 
	0x00, 0x5f, 0x00, 0x5f, 0x00, 0x5f, 0x00, 0x5f, 
	0x00, 0x5f, 0x00, 0x5f, 0x00, 0x5f, 0x00, 0x5f, 
	0x00, 0x5f, 0x00, 0x5f, 0x00, 0x5f, 0x00, 0x5f, 
	0x00, 0x5f, 0x00, 0x5f, 0x00, 0x5f, 0x00, 0x5f, 
	0x00, 0x5f, 0x00, 0x5f, 0x00, 0x5f, 0x00, 0x5f, 
	0x00, 0x5f, 0x00, 0x5f, 0x00, 0x5f, 0x00, 0x5f, 
	0x00, 0x5f, 0x00, 0x5f, 0x00, 0x5f, 0x00, 0x5f, 
	0x00, 0x5f, 0x00, 0x5f, 0x00, 0x5f, 0x00, 0x5f, 
	0x00, 0x5f, 0x00, 0x5f, 0x00, 0x5f, 0x00, 0x5f, 
	0x00, 0x5f, 0x00, 0x5f, 0x00, 0x5f, 0x00, 0x5f, 
	0x00, 0x5f, 0x00, 0x5f, 0x00, 0x5f, 0x00, 0x5f, 
	0x00, 0x5f, 0x00, 0x5f, 0x00, 0x5f, 0x00, 0x5f, 
	0x00, 0x5f, 0x00, 0x5f, 0x00, 0x5f, 0x00, 0x5f, 
	0x00, 0x5f, 0x00, 0x5f, 0x00, 0x5f, 0x00, 0x5f, 
	0x00, 0x5f, 0x00, 0x5f, 0x00, 0x5f, 0x00, 0x5f, 
	0x00, 0x5f, 0x00, 0x5f, 0x00, 0x5f, 0x00, 0x5f, 
	0x00, 0x5f, 0x00, 0x5f, 0x00, 0x5f, 0x00, 0x5f, 
	0x00, 0x5f, 0x00, 0x5f, 0x00, 0x5f, 0x00, 0x5f, 
	0x00, 0x5f, 0x00, 0x5f, 0x00, 0x5f, 0x00, 0x5f, 
	0x00, 0x5f, 0x00, 0x5f, 0x00, 0x5f, 0x00, 0x5f, 
	0x00, 0x5f, 0x00, 0x5f, 0x00, 0x5f, 0x00, 0x5f, 
	0x00, 0x5f, 0x00, 0x5f, 0x00, 0x5f, 0x00, 0x5f, 
	0x00, 0x5f, 0x00, 0x5f, 0x00, 0x5f, 0x00, 0x5f, 
	0x00, 0x5f, 0x00, 0x5f, 0x00, 0x5f, 0x00, 0x5f, 
	0x00, 0x5f, 0x00, 0x5f, 0x00, 0x5f, 0x00, 0x5f, 
	0x00, 0x5f, 0x00, 0x5f, 0x00, 0x5f, 0x00, 0x5f, 
	0x00, 0x5f, 0x00, 0x5f, 0x00, 0x5f, 0x00, 0x5f, 
	0x00, 0x5f, 0x00, 0x5f, 0x00, 0x5f, 0x00, 0x5f, 
	0x00, 0x5f, 0x00, 0x5f, 0x00, 0x5f, 0x00, 0x5f, 
	0x00, 0x5f, 0x00, 0x5f, 0x00, 0x5f, 0x00, 0x5f, 
	0x00, 0x5f, 0x00, 0x5f, 0x00, 0x5f, 0x00, 0x5f, 
	0x00, 0x5f, 0x00, 0x5f, 0x00, 0x5f, 0x00, 0x5f, 
	0x00, 0x5f, 0x00, 0x5f, 0x00, 0x5f, 0x00, 0x5f, 
	0x00, 0x5f, 0x00, 0x5f, 0x00, 0x5f, 0x00, 0x5f, 
	0x00, 0x5f, 0x00, 0x5f, 0x00, 0x5f, 0x00, 0x5f, 
	0x00, 0x5f, 0x00, 0x5f, 0x00, 0x5f, 0x00, 0x5f, 
	0x00, 0x5f, 0x00, 0x5f, 0x00, 0x5f, 0x00, 0x5f, 
	0x00, 0x5f, 0x00, 0x5f, 0x00, 0x5f, 0x00, 0x5f, 
	0x00, 0x5f, 0x00, 0x5f, 0x00, 0x5f, 0x00, 0x5f, 
	0x00, 0x5f, 0x00, 0x5f, 0x00, 0x5f, 0x00, 0x5f, 
	0x00, 0x5f, 0x00, 0x5f, 0x00, 0x5f, 0x00, 0x5f, 
	0x00, 0x5f, 0x00, 0x5f, 0x00, 0x5f, 0x00, 0x5f, 
	0x00, 0x5f, 0x00, 0x5f, 0x00, 0x5f, 0x00, 0x5f, 
	0x00, 0x5f, 0x00, 0x5f, 0x00, 0x5f, 0x00, 0x5f, 
	0x00, 0x5f, 0x00, 0x5f, 0x00, 0x5f, 0x00, 0x5f, 
	0x00, 0x5f, 0x00, 0x5f, 0x00, 0x5f, 0x00, 0x5f, 
	0x00, 0x5f, 0x00, 0x5f, 0x00, 0x5f, 0x00, 0x5f, 
	0x00, 0x5f, 0x00, 0x5f, 0x00, 0x5f, 0x00, 0x5f, 
	0x00, 0x5f, 0x00, 0x5f, 0x00, 0x5f, 0x00, 0x5f, 
	0x00, 0x5f, 0x00, 0x5f, 0x00, 0x5f, 0x00, 0x5f, 
	0x00, 0x5f, 0x00, 0x5f, 0x00, 0x5f, 0x00, 0x5f, 
	0x00, 0x5f, 0x00, 0x5f, 0x00, 0x5f, 0x00, 0x5f, 
	0x00, 0x5f, 0x00, 0x5f, 0x00, 0x5f, 0x00, 0x5f, 
	0x00, 0x5f, 0x00, 0x5f, 0x00, 0x5f, 0x00, 0x5f, 
	0x00, 0x5f, 0x00, 0x5f, 0x00, 0x5f, 0x00, 0x5f, 
	0x00, 0x5f, 0x00, 0x5f, 0x00, 0x5f, 0x00, 0x5f, 
	0x00, 0x5f, 0x00, 0x5f, 0x00, 0x5f, 0x00, 0x5f, 
	0x00, 0x5f, 0x00, 0x5f, 0x00, 0x5f, 0x00, 0x5f, 
	0x00, 0x5f, 0x00, 0x5f, 0x00, 0x5f, 0x00, 0x5f, 
	0x00, 0x5f, 0x00, 0x5f, 0x00, 0x5f, 0x00, 0x5f, 
	0x00, 0x5f, 0x00, 0x5f, 0x00, 0x5f, 0x00, 0x5f, 
	0x00, 0x5f, 0x00, 0x5f, 0x00, 0x5f, 0x00, 0x5f, 
	0x00, 0x5f, 0x00, 0x5f, 0x00, 0x5f, 0x00, 0x5f, 
	0x00, 0x5f, 0x00, 0x5f, 0x00, 0x5f, 0x00, 0x5f, 
	0x00, 0x5f, 0x00, 0x5f, 0x00, 0x5f, 0x00, 0x5f, 
	0x00, 0x5f, 0x00, 0x5f, 0x00, 0x5f, 0x00, 0x5f, 
	0x00, 0x5f, 0x00, 0x5f, 0x00, 0x5f, 0x00, 0x5f, 
	0x00, 0x5f, 0x00, 0x5f, 0x00, 0x5f, 0x00, 0x5f, 
	0x00, 0x5f, 0x00, 0x5f, 0x00, 0x5f, 0x00, 0x5f, 
	0x00, 0x5f, 0x00, 0x5f, 0x00, 0x5f, 0x00, 0x5f, 
	0x00, 0x5f, 0x00, 0x5f, 0x00, 0x5f, 0x00, 0x5f, 
	0x00, 0x5f, 0x00, 0x5f, 0x00, 0x5f, 0x00, 0x5f, 
	0x00, 0x5f, 0x00, 0x5f, 0x00, 0x5f, 0x00, 0x5f, 
	0x00, 0x5f, 0x00, 0x5f, 0x00, 0x5f, 0x00, 0x5f, 
	0x00, 0x5f, 0x00, 0x5f, 0x00, 0x5f, 0x00, 0x5f, 
	0x00, 0x5f, 0x00, 0x5f, 0x00, 0x5f, 0x00, 0x5f, 
	0x00, 0x5f, 0x00, 0x5f, 0x00, 0x5f, 0x00, 0x5f, 
	0x00, 0x5f, 0x00, 0x5f, 0x00, 0x5f, 0x00, 0x5f, 
	0x00, 0x5f, 0x00, 0x5f, 0x00, 0x5f, 0x00, 0x5f, 
	0x00, 0x5f, 0x00, 0x5f, 0x00, 0x5f, 0x00, 0x5f, 
	0x00, 0x5f, 0x00, 0x5f, 0x00, 0x5f, 0x00, 0x5f, 
	0x00, 0x5f, 0x00, 0x5f, 0x00, 0x5f, 0x00, 0x5f, 
	0x00, 0x5f, 0x00, 0x5f, 0x00, 0x5f, 0x00, 0x5f, 
	0x00, 0x5f, 0x00, 0x5f, 0x00, 0x5f, 0x00, 0x5f, 
	0x00, 0x5f, 0x00, 0x5f, 0x00, 0x5f, 0x00, 0x5f, 
	0x00, 0x5f, 0x00, 0x5f, 0x00, 0x5f, 0x00, 0x5f, 
	0x00, 0x5f, 0x00, 0x5f, 0x00, 0x5f, 0x00, 0x5f, 
	0x00, 0x5f, 0x00, 0x5f, 0x00, 0x5f, 0x00, 0x5f, 
	0x00, 0x5f, 0x00, 0x5f, 0x00, 0x5f, 0x00, 0x5f, 
	0x00, 0x5f, 0x00, 0x5f, 0x00, 0x5f, 0x00, 0x5f, 
	0x00, 0x5f, 0x00, 0x5f, 0x00, 0x5f, 0x00, 0x5f, 
	0x00, 0x5f, 0x00, 0x5f, 0x00, 0x5f, 0x00, 0x5f, 
	0x00, 0x5f, 0x00, 0x5f, 0x00, 0x5f, 0x00, 0x5f, 
	0x00, 0x5f, 0x00, 0x5f, 0x00, 0x5f, 0x00, 0x5f, 
	0x00, 0x5f, 0x00, 0x5f, 0x00, 0x5f, 0x00, 0x5f, 
	0x00, 0x5f, 0x00, 0x5f, 0x00, 0x5f, 0x00, 0x5f, 
	0x00, 0x5f, 0x00, 0x5f, 0x00, 0x5f, 0x00, 0x5f, 
	0x00, 0x5f, 0x00, 0x5f, 0x00, 0x5f, 0x00, 0x5f, 
	0x00, 0x5f, 0x00, 0x5f, 0x00, 0x5f, 0x00, 0x5f, 
	0x00, 0x5f, 0x00, 0x5f, 0x00, 0x5f, 0x00, 0x5f, 
	0x00, 0x5f, 0x00, 0x5f, 0x00, 0x5f, 0x00, 0x5f, 
	0x00, 0x5f, 0x00, 0x5f, 0x00, 0x5f, 0x00, 0x5f, 
	0x00, 0x5f, 0x00, 0x5f, 0x00, 0x5f, 0x00, 0x5f, 
	0x00, 0x5f, 0x00, 0x5f, 0x00, 0x5f, 0x00, 0x5f, 
	0x00, 0x5f, 0x00, 0x5f, 0x00, 0x5f, 0x00, 0x5f, 
	0x00, 0x5f, 0x00, 0x5f, 0x00, 0x5f, 0x00, 0x5f, 
	0x00, 0x5f, 0x00, 0x5f, 0x00, 0x5f, 0x00, 0x5f, 
	0x00, 0x5f, 0x00, 0x5f, 0x00, 0x5f, 0x00, 0x5f, 
	0x00, 0x5f, 0x00, 0x5f, 0x00, 0x5f, 0x00, 0x5f, 
	0x00, 0x5f, 0x00, 0x5f, 0x00, 0x5f, 0x00, 0x5f, 
	0x00, 0x5f, 0x00, 0x5f, 0x00, 0x5f, 0x00, 0x5f, 
	0x00, 0x5f, 0x00, 0x5f, 0x00, 0x5f, 0x00, 0x5f, 
	0x00, 0x5f, 0x00, 0x5f, 0x00, 0x5f, 0x00, 0x5f, 
	0x00, 0x5f, 0x00, 0x5f, 0x00, 0x5f, 0x00, 0x5f, 
	0x00, 0x5f, 0x00, 0x5f, 0x00, 0x5f, 0x00, 0x5f, 
	0x00, 0x5f, 0x00, 0x5f, 0x00, 0x5f, 0x00, 0x5f, 
	0x00, 0x5f, 0x00, 0x5f, 0x00, 0x5f, 0x00, 0x5f, 
	0x00, 0x5f, 0x00, 0x5f, 0x00, 0x5f, 0x00, 0x5f, 
	0x00, 0x5f, 0x00, 0x5f, 0x00, 0x5f, 0x00, 0x5f, 
	0x00, 0x5f, 0x00, 0x5f, 0x00, 0x5f, 0x00, 0x5f, 
	0x00, 0x5f, 0x00, 0x5f, 0x00, 0x5f, 0x00, 0x5f, 
	0x00, 0x5f, 0x00, 0x5f, 0x00, 0x5f, 0x00, 0x5f, 
	0x00, 0x5f, 0x00, 0x5f, 0x00, 0x5f, 0x00, 0x5f, 
	0x00, 0x5f, 0x00, 0x5f, 0x00, 0x5f, 0x00, 0x5f, 
	0x00, 0x5f, 0x00, 0x5f, 0x00, 0x5f, 0x00, 0x5f, 
	0x00, 0x5f, 0x00, 0x5f, 0x00, 0x5f, 0x00, 0x5f, 
	0x00, 0x5f, 0x00, 0x5f, 0x00, 0x5f, 0x00, 0x5f, 
	0x00, 0x5f, 0x00, 0x5f, 0x00, 0x5f, 0x00, 0x5f, 
	0x00, 0x5f, 0x00, 0x5f, 0x00, 0x5f, 0x00, 0x5f, 
	0x00, 0x5f, 0x00, 0x5f, 0x00, 0x9f, 0x00, 0x9f, 
	0x00, 0x9f, 0x00, 0x9f, 0x00, 0x9f, 0x00, 0x9f, 
	0x00, 0x9f, 0x00, 0x5f, 0x00, 0x5f, 0x00, 0x5f, 
	0x00, 0x5f, 0x00, 0x5f, 0x00, 0x5f, 0x00, 0x5f, 
	0x00, 0x5f, 0x00, 0x5f, 0x00, 0x5f, 0x00, 0x5f, 
	0x00, 0x5f, 0x00, 0x5f, 0x00, 0x5f, 0x00, 0x5f, 
	0x00, 0x5f, 0x00, 0x5f, 0x00, 0x5f, 0x00, 0x5f, 
	0x00, 0x5f, 0x00, 0x5f, 0x00, 0x5f, 0x00, 0x5f, 
	0x00, 0x5f, 0x00, 0x5f, 0x00, 0x5f, 0x00, 0x5f, 
	0x00, 0x5f, 0x00, 0x5f, 0x00, 0x5f, 0x00, 0x5f, 
	0x00, 0x5f, 0x00, 0x5f, 0x00, 0x5f, 0x00, 0x5f, 
	0x00, 0x5f, 0x00, 0x5f, 0x00, 0x5f, 0x00, 0x5f, 
	0x00, 0x5f, 0x00, 0x5f, 0x00, 0x5f, 0x00, 0x5f, 
	0x00, 0x5f, 0x00, 0x5f, 0x00, 0x5f, 0x00, 0x5f, 
	0x00, 0x5f, 0x00, 0x5f, 0x00, 0x5f, 0x00, 0x5f, 
	0x00, 0x5f, 0x00, 0x5f, 0x00, 0x5f, 0x00, 0x5f, 
	0x00, 0x5f, 0x00, 0x5f, 0x00, 0x5f, 0x00, 0x5f, 
	0x00, 0x5f, 0x00, 0x5f, 0x00, 0x5f, 0x00, 0x5f, 
	0x00, 0x5f, 0x00, 0x5f, 0x00, 0x5f, 0x00, 0x5f, 
	0x00, 0x5f, 0x00, 0x5f, 0x00, 0x5f, 0x00, 0x5f, 
	0x00, 0x5f, 0x00, 0x5f, 0x00, 0x5f, 0x00, 0x5f, 
	0x00, 0x5f, 0x00, 0x5f, 0x00, 0x5f, 0x00, 0x5f, 
	0x00, 0x5f, 0x00, 0x5f, 0x00, 0x5f, 0x00, 0x5f, 
	0x00, 0x5f, 0x00, 0x5f, 0x00, 0x5f, 0x00, 0x5f, 
	0x00, 0x5f, 0x00, 0x5f, 0x00, 0x5f, 0x00, 0x5f, 
	0x00, 0x5f, 0x00, 0x5f, 0x00, 0x5f, 0x00, 0x5f, 
	0x00, 0x5f, 0x00, 0x5f, 0x00, 0x5f, 0x00, 0x5f, 
	0x00, 0x5f, 0x00, 0x5f, 0x00, 0x5f, 0x00, 0x5f, 
	0x00, 0x5f, 0x00, 0x5f, 0x00, 0x5f, 0x00, 0x5f, 
	0x00, 0x5f, 0x00, 0x5f, 0x00, 0x5f, 0x00, 0x5f, 
	0x00, 0x5f, 0x00, 0x5f, 0x00, 0x5f, 0x00, 0x5f, 
	0x00, 0x5f, 0x00, 0x5f, 0x00, 0x5f, 0x00, 0x9f, 
	0x00, 0x9f, 0x00, 0x9f, 0x00, 0x9f, 0x00, 0x9f, 
	0x00, 0x9f, 0x00, 0x9f, 0x00, 0x9f, 0x00, 0x9f, 
	0x00, 0x5f, 0x00, 0x5f, 0x00, 0x5f, 0x00, 0x5f, 
	0x00, 0x5f, 0x00, 0x5f, 0x00, 0x5f, 0x00, 0x5f, 
	0x00, 0x5f, 0x00, 0x5f, 0x00, 0x5f, 0x00, 0x5f, 
	0x00, 0x5f, 0x00, 0x5f, 0x00, 0x5f, 0x00, 0x5f, 
	0x00, 0x5f, 0x00, 0x5f, 0x00, 0x5f, 0x00, 0x5f, 
	0x00, 0x5f, 0x00, 0x5f, 0x00, 0x5f, 0x00, 0x5f, 
	0x00, 0x5f, 0x00, 0x5f, 0x00, 0x5f, 0x00, 0x5f, 
	0x00, 0x5f, 0x00, 0x5f, 0x00, 0x5f, 0x00, 0x5f, 
	0x00, 0x5f, 0x00, 0x5f, 0x00, 0x5f, 0x00, 0x5f, 
	0x00, 0x5f, 0x00, 0x5f, 0x00, 0x5f, 0x00, 0x5f, 
	0x00, 0x5f, 0x00, 0x5f, 0x00, 0x5f, 0x00, 0x5f, 
	0x00, 0x5f, 0x00, 0x5f, 0x00, 0x5f, 0x00, 0x5f, 
	0x00, 0x5f, 0x00, 0x5f, 0x00, 0x5f, 0x00, 0x5f, 
	0x00, 0x5f, 0x00, 0x5f, 0x00, 0x5f, 0x00, 0x5f, 
	0x00, 0x5f, 0x00, 0x5f, 0x00, 0x5f, 0x00, 0x9f, 
	0x00, 0x9f, 0x00, 0x5f, 0x00, 0x5f, 0x00, 0x5f, 
	0x00, 0x5f, 0x00, 0x5f, 0x00, 0x5f, 0x00, 0x5f, 
	0x00, 0x5f, 0x00, 0x5f, 0x00, 0x5f, 0x00, 0x5f, 
	0x00, 0x5f, 0x00, 0x5f, 0x00, 0x5f, 0x00, 0x5f, 
	0x00, 0x5f, 0x00, 0x5f, 0x00, 0x5f, 0x00, 0x5f, 
	0x00, 0x5f, 0x00, 0x5f, 0x00, 0x5f, 0x00, 0x5f, 
	0x00, 0x5f, 0x00, 0x5f, 0x00, 0x5f, 0x00, 0x5f, 
	0x00, 0x5f, 0x00, 0x5f, 0x00, 0x5f, 0x00, 0x5f, 
	0x00, 0x5f, 0x00, 0x5f, 0x00, 0x5f, 0x00, 0x5f, 
	0x00, 0x5f, 0x00, 0x5f, 0x00, 0x5f, 0x00, 0x5f, 
	0x00, 0x5f, 0x00, 0x5f, 0x00, 0x5f, 0x00, 0x5f, 
	0x00, 0x5f, 0x00, 0x5f, 0x00, 0x5f, 0x00, 0x5f, 
	0x00, 0x5f, 0x00, 0x5f, 0x00, 0x5f, 0x00, 0x5f, 
	0x00, 0x5f, 0x00, 0x5f, 0x00, 0x5f, 0x00, 0x5f, 
	0x00, 0x5f, 0x00, 0x5f, 0x00, 0x9f, 0x00, 0x9f, 
	0x00, 0x9f, 0x00, 0x9f, 0x00, 0x9f, 0x00, 0x9f, 
	0x00, 0x9f, 0x00, 0x9f, 0x00, 0x5f, 0x00, 0x5f, 
	0x00, 0x9f, 0x00, 0x9f, 0x00, 0x5f, 0x00, 0x5f, 
	0x00, 0x5f, 0x00, 0x5f, 0x00, 0x5f, 0x00, 0x5f, 
	0x00, 0x5f, 0x00, 0x5f, 0x00, 0x5f, 0x00, 0x5f, 
	0x00, 0x5f, 0x00, 0x5f, 0x00, 0x5f, 0x00, 0x5f, 
	0x00, 0x5f, 0x00, 0x5f, 0x00, 0x5f, 0x00, 0x5f, 
	0x00, 0x5f, 0x00, 0x5f, 0x00, 0x5f, 0x00, 0x5f, 
	0x00, 0x5f, 0x00, 0x5f, 0x00, 0x5f, 0x00, 0x5f, 
	0x00, 0x5f, 0x00, 0x5f, 0x00, 0x5f, 0x00, 0x5f, 
	0x00, 0x5f, 0x00, 0x5f, 0x00, 0x5f, 0x00, 0x5f, 
	0x00, 0x5f, 0x00, 0x5f, 0x00, 0x5f, 0x00, 0x5f, 
	0x00, 0x5f, 0x00, 0x5f, 0x00, 0x5f, 0x00, 0x5f, 
	0x00, 0x5f, 0x00, 0x5f, 0x00, 0x5f, 0x00, 0x5f, 
	0x00, 0x5f, 0x00, 0x5f, 0x00, 0x5f, 0x00, 0x5f, 
	0x00, 0x5f, 0x00, 0x5f, 0x00, 0x5f, 0x00, 0x5f, 
	0x00, 0x5f, 0x00, 0x5f, 0x00, 0x5f, 0x00, 0x9f, 
	0x00, 0x9f, 0x00, 0x5f, 0x00, 0x9f, 0x00, 0x9f, 
	0x00, 0x9f, 0x00, 0x5f, 0x00, 0x5f, 0x00, 0x9f, 
	0x00, 0x9f, 0x00, 0x9f, 0x00, 0x5f, 0x00, 0x5f, 
	0x00, 0x5f, 0x00, 0x5f, 0x00, 0x5f, 0x00, 0x5f, 
	0x00, 0x5f, 0x00, 0x5f, 0x00, 0x5f, 0x00, 0x5f, 
	0x00, 0x5f, 0x00, 0x5f, 0x00, 0x5f, 0x00, 0x5f, 
	0x00, 0x5f, 0x00, 0x5f, 0x00, 0x5f, 0x00, 0x5f, 
	0x00, 0x5f, 0x00, 0x5f, 0x00, 0x5f, 0x00, 0x5f, 
	0x00, 0x5f, 0x00, 0x5f, 0x00, 0x5f, 0x00, 0x5f, 
	0x00, 0x5f, 0x00, 0x5f, 0x00, 0x5f, 0x00, 0x5f, 
	0x00, 0x5f, 0x00, 0x5f, 0x00, 0x5f, 0x00, 0x5f, 
	0x00, 0x5f, 0x00, 0x5f, 0x00, 0x5f, 0x00, 0x5f, 
	0x00, 0x9f, 0x00, 0x9f, 0x00, 0x9f, 0x00, 0x9f, 
	0x00, 0x9f, 0x00, 0x9f, 0x00, 0x9f, 0x00, 0x9f, 
	0x00, 0x9f, 0x00, 0x9f, 0x00, 0x9f, 0x00, 0x9f, 
	0x00, 0x9f, 0x00, 0x9f, 0x00, 0x9f, 0x00, 0x9f, 
	0x00, 0x9f, 0x00, 0x9f, 0x00, 0x9f, 0x00, 0x9f, 
	0x00, 0x9f, 0x00, 0x9f, 0x00, 0x9f, 0x00, 0x9f, 
	0x00, 0x9f, 0x00, 0x9f, 0x00, 0x9f, 0x00, 0x9f, 
	0x00, 0x9f, 0x00, 0x9f, 0x00, 0x9f, 0x00, 0x9f, 
	0x00, 0x9f, 0x00, 0x9f, 0x00, 0x9f, 0x00, 0x9f, 
	0x00, 0x9f, 0x00, 0x9f, 0x00, 0x9f, 0x00, 0x9f, 
	0x00, 0x9f, 0x00, 0x9f, 0x00, 0x9f, 0x00, 0x9f, 
	0x00, 0x9f, 0x00, 0x9f, 0x00, 0x9f, 0x00, 0x9f, 
	0x00, 0x9f, 0x00, 0x9f, 0x00, 0x9f, 0x00, 0x9f, 
	0x00, 0x9f, 0x00, 0x9f, 0x00, 0x9f, 0x00, 0x9f, 
	0x00, 0x9f, 0x00, 0x9f, 0x00, 0x9f, 0x00, 0x9f, 
	0x00, 0x9f, 0x00, 0x9f, 0x00, 0x9f, 0x00, 0x9f, 
	0x00, 0x9f, 0x00, 0x9f, 0x00, 0x9f, 0x00, 0x9f, 
	0x00, 0x9f, 0x00, 0x9f, 0x00, 0x9f, 0x00, 0x9f, 
	0x00, 0x9f, 0x00, 0x9f, 0x00, 0x9f, 0x00, 0x9f, 
	0x00, 0x9f, 0x00, 0x9f, 0x00, 0x9f, 0x00, 0x9f, 
	0x00, 0x9f, 0x00, 0x9f, 0x00, 0x9f, 0x00, 0x9f, 
	0x00, 0x9f, 0x00, 0x9f, 0x00, 0x9f, 0x00, 0x9f, 
	0x00, 0x9f, 0x00, 0x9f, 0x00, 0x9f, 0x00, 0x9f, 
	0x00, 0x9f, 0x00, 0x9f, 0x00, 0x9f, 0x00, 0x9f, 
	0x00, 0x9f, 0x00, 0x9f, 0x00, 0x9f, 0x00, 0x9f, 
	0x00, 0x9f, 0x00, 0x9f, 0x00, 0x9f, 0x00, 0x9f, 
	0x00, 0x9f, 0x00, 0x9f, 0x00, 0x9f, 0x00, 0x9f, 
	0x00, 0x9f, 0x00, 0x9f, 0x00, 0x9f, 0x00, 0x9f, 
	0x00, 0x9f, 0x00, 0x9f, 0x00, 0x9f, 0x00, 0x9f, 
	0x00, 0x9f, 0x00, 0x9f, 0x00, 0x9f, 0x00, 0x9f, 
	0x00, 0x9f, 0x00, 0x9f, 0x00, 0x9f, 0x00, 0x9f, 
	0x00, 0x9f, 0x00, 0x9f, 0x00, 0x9f, 0x00, 0x9f, 
	0x00, 0x9f, 0x00, 0x9f, 0x00, 0x9f, 0x00, 0x9f, 
	0x00, 0x9f, 0x00, 0x9f, 0x00, 0x9f, 0x00, 0x9f, 
	0x00, 0x9f, 0x00, 0x9f, 0x00, 0x9f, 0x00, 0x9f, 
	0x00, 0x9f, 0x00, 0x9f, 0x00, 0x9f, 0x00, 0x9f, 
	0x00, 0x9f, 0x00, 0x9f, 0x00, 0x9f, 0x00, 0x9f, 
	0x00, 0x9f, 0x00, 0x9f, 0x00, 0x9f, 0x00, 0x9f, 
	0x00, 0x9f, 0x00, 0x9f, 0x00, 0x9f, 0x00, 0x9f, 
	0x00, 0x9f, 0x00, 0x9f, 0x00, 0x9f, 0x00, 0x9f, 
	0x00, 0x9f, 0x00, 0x9f, 0x00, 0x9f, 0x00, 0x9f, 
	0x00, 0x9f, 0x00, 0x9f, 0x00, 0x9f, 0x00, 0x9f, 
	0x00, 0x9f, 0x00, 0x9f, 0x00, 0x9f, 0x00, 0x9f, 
	0x00, 0x9f, 0x00, 0x9f, 0x00, 0x9f, 0x00, 0x9f, 
	0x00, 0x9f, 0x00, 0x9f, 0x00, 0x9f, 0x00, 0x9f, 
	0x00, 0x9f, 0x00, 0x9f, 0x00, 0x9f, 0x00, 0x9f, 
	0x00, 0x9f, 0x00, 0x9f, 0x00, 0x9f, 0x00, 0x9f, 
	0x00, 0x9f, 0x00, 0x9f, 0x00, 0x9f, 0x00, 0x9f, 
	0x00, 0x9f, 0x00, 0x9f, 0x00, 0x9f, 0x00, 0x9f, 
	0x00, 0x9f, 0x00, 0x9f, 0x00, 0x9f, 0x00, 0x9f, 
	0x00, 0x9f, 0x00, 0x9f, 0x00, 0x9f, 0x00, 0x9f, 
	0x00, 0x9f, 0x00, 0x9f, 0x00, 0x9f, 0x00, 0x9f, 
	0x00, 0x9f, 0x00, 0x9f, 0x00, 0x9f, 0x00, 0x9f, 
	0x00, 0x9f, 0x00, 0x9f, 0x00, 0x9f, 0x00, 0x9f, 
	0x00, 0x9f, 0x00, 0x9f, 0x00, 0x9f, 0x00, 0x9f, 
	0x00, 0x9f, 0x00, 0x9f, 0x00, 0x9f, 0x00, 0x9f, 
	0x00, 0x9f, 0x00, 0x9f, 0x00, 0x9f, 0x00, 0x9f, 
	0x00, 0x9f, 0x00, 0x9f, 0x00, 0x9f, 0x00, 0x9f, 
	0x00, 0x9f, 0x00, 0x9f, 0x00, 0x9f, 0x00, 0x9f, 
	0x00, 0x9f, 0x00, 0x9f, 0x00, 0x9f, 0x00, 0x9f, 
	0x00, 0x9f, 0x00, 0x9f, 0x00, 0x9f, 0x00, 0x9f, 
	0x00, 0x9f, 0x00, 0x9f, 0x00, 0x9f, 0x00, 0x9f, 
	0x00, 0x9f, 0x00, 0x9f, 0x00, 0x9f, 0x00, 0x9f, 
	0x00, 0x9f, 0x00, 0x9f, 0x00, 0x9f, 0x00, 0x9f, 
	0x00, 0x9f, 0x00, 0x9f, 0x00, 0x9f, 0x00, 0x9f, 
	0x00, 0x9f, 0x00, 0x9f, 0x00, 0x9f, 0x00, 0x9f, 
	0x00, 0x9f, 0x00, 0x9f, 0x00, 0x9f, 0x00, 0x9f, 
	0x00, 0x9f, 0x00, 0x9f, 0x00, 0x9f, 0x00, 0x9f, 
	0x00, 0x9f, 0x00, 0x9f, 0x00, 0x9f, 0x00, 0x9f, 
	0x00, 0x9f, 0x00, 0x9f, 0x00, 0x9f, 0x00, 0x9f, 
	0x00, 0x9f, 0x00, 0x9f, 0x00, 0x9f, 0x00, 0x9f, 
	0x00, 0x9f, 0x00, 0x9f, 0x00, 0x9f, 0x00, 0x9f, 
	0x00, 0x9f, 0x00, 0x9f, 0x00, 0x9f, 0x00, 0x9f, 
	0x00, 0x9f, 0x00, 0x9f, 0x00, 0x9f, 0x00, 0x9f, 
	0x00, 0x9f, 0x00, 0x9f, 0x00, 0x9f, 0x00, 0x9f, 
	0x00, 0x9f, 0x00, 0x9f, 0x00, 0x9f, 0x00, 0x9f, 
	0x00, 0x9f, 0x00, 0x9f, 0x00, 0x9f, 0x00, 0x9f, 
	0x00, 0x9f, 0x00, 0x9f, 0x00, 0x9f, 0x00, 0x9f, 
	0x00, 0x9f, 0x00, 0x9f, 0x00, 0x9f, 0x00, 0x9f, 
	0x00, 0x9f, 0x00, 0x9f, 0x00, 0x9f, 0x00, 0x9f, 
	0x00, 0x9f, 0x00, 0x9f, 0x00, 0x9f, 0x00, 0x9f, 
	0x00, 0x9f, 0x00, 0x9f, 0x00, 0x9f, 0x00, 0x9f, 
	0x00, 0x9f, 0x00, 0x9f, 0x00, 0x9f, 0x00, 0x9f, 
	0x00, 0x9f, 0x00, 0x9f, 0x00, 0x9f, 0x00, 0x9f, 
	0x00, 0x9f, 0x00, 0x9f, 0x00, 0x9f, 0x00, 0x9f, 
	0x00, 0x9f, 0x00, 0x9f, 0x00, 0x9f, 0x00, 0x9f, 
	0x00, 0x9f, 0x00, 0x9f, 0x00, 0x9f, 0x00, 0x9f, 
	0x00, 0x9f, 0x00, 0x9f, 0x00, 0x9f, 0x00, 0x9f, 
	0x00, 0x9f, 0x00, 0x9f, 0x00, 0x9f, 0x00, 0x9f, 
	0x00, 0x9f, 0x00, 0x9f, 0x00, 0x9f, 0x00, 0x9f, 
	0x00, 0x9f, 0x00, 0x9f, 0x00, 0x9f, 0x00, 0x9f, 
	0x00, 0x9f, 0x00, 0x9f, 0x00, 0x9f, 0x00, 0x9f, 
	0x00, 0x9f, 0x00, 0x9f, 0x00, 0x9f, 0x00, 0x9f, 
	0x00, 0x9f, 0x00, 0x9f, 0x00, 0x9f, 0x00, 0x9f, 
	0x00, 0x9f, 0x00, 0x9f, 0x00, 0x9f, 0x00, 0x9f, 
	0x00, 0x9f, 0x00, 0x9f, 0x00, 0x9f, 0x00, 0x9f, 
	0x00, 0x9f, 0x00, 0x9f, 0x00, 0x9f, 0x00, 0x9f, 
	0x00, 0xa1, 0x00, 0x9f, 0x00, 0x9f, 0x00, 0x9f, 
	0x00, 0x9f, 0x00, 0x9f, 0x00, 0x9f, 0x00, 0xa1, 
	0x00, 0x9f, 0x00, 0x9f, 0x00, 0x9f, 0x00, 0x9f, 
	0x00, 0x9f, 0x00, 0x9f, 0x00, 0x9f, 0x00, 0x9f, 
	0x00, 0x9f, 0x00, 0x9f, 0x00, 0x9f, 0x00, 0x9f, 
	0x00, 0x9f, 0x00, 0x9f, 0x00, 0x9f, 0x00, 0x9f, 
	0x00, 0x9f, 0x00, 0x9f, 0x00, 0x9f, 0x00, 0x9f, 
	0x00, 0x9f, 0x00, 0x9f, 0x00, 0x9f, 0x00, 0x9f, 
	0x00, 0x9f, 0x00, 0x9f, 0x00, 0x9f, 0x00, 0x9f, 
	0x00, 0x9f, 0x00, 0x9f, 0x00, 0x9f, 0x00, 0x9f, 
	0x00, 0x9f, 0x00, 0x9f, 0x00, 0x9f, 0x00, 0x9f, 
	0x00, 0x9f, 0x00, 0x9f, 0x00, 0x9f, 0x00, 0x9f, 
	0x00, 0x9f, 0x00, 0x9f, 0x00, 0x9f, 0x00, 0x9f, 
	0x00, 0x9f, 0x00, 0x9f, 0x00, 0x9f, 0x00, 0x9f, 
	0x00, 0x9f, 0x00, 0x9f, 0x00, 0x9f, 0x00, 0x9f, 
	0x00, 0x9f, 0x00, 0x9f, 0x00, 0x9f, 0x00, 0x9f, 
	0x00, 0x9f, 0x00, 0xa1, 0x00, 0xa1, 0x00, 0xa1, 
	0x00, 0x9f, 0x00, 0x9f, 0x00, 0x9f, 0x00, 0x9f, 
	0x00, 0x9f, 0x00, 0x9f, 0x00, 0x9f, 0x00, 0x9f, 
	0x00, 0x9f, 0x00, 0x9f, 0x00, 0x9f, 0x00, 0x9f, 
	0x00, 0x9f, 0x00, 0x9f, 0x00, 0x9f, 0x00, 0x9f, 
	0x00, 0x9f, 0x00, 0x9f, 0x00, 0x9f, 0x00, 0x9f, 
	0x00, 0x9f, 0x00, 0x9f, 0x00, 0x9f, 0x00, 0x9f, 
	0x00, 0x9f, 0x00, 0x9f, 0x00, 0x9f, 0x00, 0x9f, 
	0x00, 0x9f, 0x00, 0x9f, 0x00, 0x9f, 0x00, 0x9f, 
	0x00, 0x9f, 0x00, 0x9f, 0x00, 0x9f, 0x00, 0x9f, 
	0x00, 0x9f, 0x00, 0x9f, 0x00, 0x9f, 0x00, 0x9f, 
	0x00, 0x9f, 0x00, 0x9f, 0x00, 0x9f, 0x00, 0x9f, 
	0x00, 0x9f, 0x00, 0x9f, 0x00, 0x9f, 0x00, 0x9f, 
	0x00, 0x9f, 0x00, 0x9f, 0x00, 0x9f, 0x00, 0x9f, 
	0x00, 0x9f, 0x00, 0x9f, 0x00, 0x9f, 0x00, 0x9f, 
	0x00, 0x9f, 0x00, 0x9f, 0x00, 0x9f, 0x00, 0xa1, 
	0x00, 0x9f, 0x00, 0x9f, 0x00, 0x9f, 0x00, 0x9f, 
	0x00, 0x9f, 0x00, 0x9f, 0x00, 0xa1, 0x00, 0x9f, 
	0x00, 0x9f, 0x00, 0x9f, 0x00, 0x9f, 0x00, 0x9f, 
	0x00, 0x9f, 0x00, 0x9f, 0x00, 0x9f, 0x00, 0x9f, 
	0x00, 0x9f, 0x00, 0x9f, 0x00, 0x9f, 0x00, 0x9f, 
	0x00, 0x9f, 0x00, 0x9f, 0x00, 0x9f, 0x00, 0x9f, 
	0x00, 0x9f, 0x00, 0x9f, 0x00, 0x9f, 0x00, 0x9f, 
	0x00, 0x9f, 0x00, 0x9f, 0x00, 0x9f, 0x00, 0x9f, 
	0x00, 0x9f, 0x00, 0x9f, 0x00, 0x9f, 0x00, 0x9f, 
	0x00, 0x9f, 0x00, 0x9f, 0x00, 0x9f, 0x00, 0x9f, 
	0x00, 0x9f, 0x00, 0x9f, 0x00, 0x9f, 0x00, 0x9f, 
	0x00, 0x9f, 0x00, 0x9f, 0x00, 0x9f, 0x00, 0x9f, 
	0x00, 0x9f, 0x00, 0x9f, 0x00, 0x9f, 0x00, 0x9f, 
	0x00, 0x9f, 0x00, 0x9f, 0x00, 0x9f, 0x00, 0x9f, 
	0x00, 0x9f, 0x00, 0x9f, 0x00, 0x9f, 0x00, 0x9f, 
	0x00, 0x9f, 0x00, 0x9f, 0x00, 0x9f, 0x00, 0x9f, 
	0x00, 0x9f, 0x00, 0x9f, 0x00, 0x9f, 0x00, 0x9f, 
	0x00, 0x9f, 0x00, 0x9f, 0x00, 0x9f, 0x00, 0x9f, 
	0x00, 0x9f, 0x00, 0x9f, 0x00, 0x9f, 0x00, 0x9f, 
	0x00, 0x9f, 0x00, 0x9f, 0x00, 0x9f, 0x00, 0x9f, 
	0x00, 0xa1, 0x00, 0x9f, 0x00, 0x9f, 0x00, 0xa1, 
	0x00, 0x9f, 0x00, 0x9f, 0x00, 0x9f, 0x00, 0x9f, 
	0x00, 0x9f, 0x00, 0x9f, 0x00, 0x9f, 0x00, 0x9f, 
	0x00, 0x9f, 0x00, 0x9f, 0x00, 0x9f, 0x00, 0x9f, 
	0x00, 0x9f, 0x00, 0x9f, 0x00, 0x9f, 0x00, 0x9f, 
	0x00, 0x9f, 0x00, 0x9f, 0x00, 0x9f, 0x00, 0x9f, 
	0x00, 0x9f, 0x00, 0x9f, 0x00, 0x9f, 0x00, 0x9f, 
	0x00, 0x9f, 0x00, 0x9f, 0x00, 0x9f, 0x00, 0x9f, 
	0x00, 0x9f, 0x00, 0x9f, 0x00, 0x9f, 0x00, 0x9f, 
	0x00, 0x9f, 0x00, 0x9f, 0x00, 0x9f, 0x00, 0x9f, 
	0x00, 0x9f, 0x00, 0x9f, 0x00, 0x9f, 0x00, 0x9f, 
	0x00, 0xa1, 0x00, 0xa1, 0x00, 0xa1, 0x00, 0xa1, 
	0x00, 0xa1, 0x00, 0xa1, 0x00, 0xa1, 0x00, 0xa1, 
	0x00, 0xa1, 0x00, 0xa1, 0x00, 0xa1, 0x00, 0xa1, 
	0x00, 0xa1, 0x00, 0xa1, 0x00, 0xa1, 0x00, 0xa1, 
	0x00, 0xa1, 0x00, 0xa1, 0x00, 0xa1, 0x00, 0xa1, 
	0x00, 0xa1, 0x00, 0xa1, 0x00, 0xa1, 0x00, 0xa1, 
	0x00, 0xa1, 0x00, 0xa1, 0x00, 0xa1, 0x00, 0xa1, 
	0x00, 0xa1, 0x00, 0xa1, 0x00, 0xa1, 0x00, 0xa1, 
	0x00, 0xa1, 0x00, 0xa1, 0x00, 0xa1, 0x00, 0xa1, 
	0x00, 0xa1, 0x00, 0xa1, 0x00, 0xa1, 0x00, 0xa1, 
	0x00, 0xa1, 0x00, 0xa1, 0x00, 0xa1, 0x00, 0xa1, 
	0x00, 0xa1, 0x00, 0xa1, 0x00, 0xa1, 0x00, 0xa1, 
	0x00, 0xa1, 0x00, 0xa1, 0x00, 0xa1, 0x00, 0xa1, 
	0x00, 0xa1, 0x00, 0xa1, 0x00, 0xa1, 0x00, 0xa1, 
	0x00, 0xa1, 0x00, 0xa1, 0x00, 0xa1, 0x00, 0xa1, 
	0x00, 0xa1, 0x00, 0xa1, 0x00, 0xa1, 0x00, 0xa1, 
	0x00, 0xa1, 0x00, 0xa1, 0x00, 0xa1, 0x00, 0xa1, 
	0x00, 0xa1, 0x00, 0xa1, 0x00, 0xa1, 0x00, 0xa1, 
	0x00, 0xa1, 0x00, 0xa1, 0x00, 0xa1, 0x00, 0xa1, 
	0x00, 0xa1, 0x00, 0xa1, 0x00, 0xa1, 0x00, 0xa1, 
	0x00, 0xa1, 0x00, 0xa1, 0x00, 0xa1, 0x00, 0xa1, 
	0x00, 0xa1, 0x00, 0xa1, 0x00, 0xa1, 0x00, 0xa1, 
	0x00, 0xa1, 0x00, 0xa1, 0x00, 0xa1, 0x00, 0xa1, 
	0x00, 0xa1, 0x00, 0xa1, 0x00, 0xa1, 0x00, 0xa1, 
	0x00, 0xa1, 0x00, 0xa1, 0x00, 0xa1, 0x00, 0xa1, 
	0x00, 0xa1, 0x00, 0xa1, 0x00, 0xa1, 0x00, 0xa1, 
	0x00, 0xa1, 0x00, 0xa1, 0x00, 0xa1, 0x00, 0xa1, 
	0x00, 0xa1, 0x00, 0xa1, 0x00, 0xa1, 0x00, 0xa1, 
	0x00, 0xa1, 0x00, 0xa1, 0x00, 0xa1, 0x00, 0xa1, 
	0x00, 0xa1, 0x00, 0xa1, 0x00, 0xa1, 0x00, 0xa1, 
	0x00, 0xa1, 0x00, 0xa1, 0x00, 0xa1, 0x00, 0xa1, 
	0x00, 0xa1, 0x00, 0xa1, 0x00, 0xa1, 0x00, 0xa1, 
	0x00, 0xa1, 0x00, 0xa1, 0x00, 0xa1, 0x00, 0xa1, 
	0x00, 0xa1, 0x00, 0xa1, 0x00, 0xa1, 0x00, 0xa1, 
	0x00, 0xa1, 0x00, 0xa1, 0x00, 0xa1, 0x00, 0xa1, 
	0x00, 0xa1, 0x00, 0xa1, 0x00, 0xa1, 0x00, 0xa1, 
	0x00, 0xa1, 0x00, 0xa1, 0x00, 0xa1, 0x00, 0xa1, 
	0x00, 0xa1, 0x00, 0xa1, 0x00, 0xa1, 0x00, 0xa1, 
	0x00, 0xa1, 0x00, 0xa1, 0x00, 0xa1, 0x00, 0xa1, 
	0x00, 0xa1, 0x00, 0xa1, 0x00, 0xa1, 0x00, 0xa1, 
	0x00, 0xa1, 0x00, 0xa1, 0x00, 0xa1, 0x00, 0xa1, 
	0x00, 0xa1, 0x00, 0xa1, 0x00, 0xa1, 0x00, 0xa1, 
	0x00, 0xa1, 0x00, 0xa1, 0x00, 0xa1, 0x00, 0xa1, 
	0x00, 0xa1, 0x00, 0xa1, 0x00, 0xa1, 0x00, 0xa1, 
	0x00, 0xa1, 0x00, 0xa1, 0x00, 0xa1, 0x00, 0xa1, 
	0x00, 0xa1, 0x00, 0xa1, 0x00, 0xa1, 0x00, 0xa1, 
	0x00, 0xa1, 0x00, 0xa1, 0x00, 0xa1, 0x00, 0xa1, 
	0x00, 0xa1, 0x00, 0xa1, 0x00, 0xa1, 0x00, 0xa1, 
	0x00, 0xe1, 0x00, 0xe1, 0x4b, 0x6d, 0x4b, 0x6d, 
	0x1a, 0x27, 0x00, 0xa1, 0x00, 0xa1, 0x00, 0xa1, 
	0x00, 0xa1, 0x00, 0xa1, 0x00, 0xa1, 0x00, 0xa1, 
	0x00, 0xa1, 0x00, 0xa1, 0x00, 0xa1, 0x00, 0xe1, 
	0x09, 0x23, 0x00, 0xa1, 0x00, 0xa1, 0x00, 0xa1, 
	0x00, 0xa1, 0x00, 0xa1, 0x00, 0xa1, 0x00, 0xa1, 
	0x00, 0xa1, 0x00, 0xa1, 0x00, 0xa1, 0x00, 0xa1, 
	0x00, 0xa1, 0x00, 0xa1, 0x00, 0xa1, 0x00, 0xa1, 
	0x00, 0xa1, 0x00, 0xa1, 0x00, 0xa1, 0x00, 0xa1, 
	0x00, 0xa1, 0x00, 0xa1, 0x00, 0xa1, 0x00, 0xa1, 
	0x00, 0xa1, 0x00, 0xa1, 0x00, 0xa1, 0x00, 0xa1, 
	0x00, 0xa1, 0x00, 0xa1, 0x00, 0xa1, 0x00, 0xa1, 
	0x00, 0xa1, 0x00, 0xa1, 0x00, 0xa1, 0x00, 0xa1, 
	0x00, 0xa1, 0x00, 0xa1, 0x00, 0xa1, 0x00, 0xa1, 
	0x00, 0xa1, 0x00, 0xa1, 0x00, 0xa1, 0x00, 0xa1, 
	0x00, 0xa1, 0x00, 0xa1, 0x00, 0xa1, 0x00, 0xa1, 
	0x00, 0xa1, 0x00, 0xa1, 0x00, 0xa1, 0x00, 0xa1, 
	0x00, 0xa1, 0x00, 0xa1, 0x00, 0xa1, 0x00, 0xa1, 
	0x00, 0xa1, 0x00, 0xa1, 0x00, 0xa1, 0x00, 0xa1, 
	0x00, 0xa1, 0x00, 0xa1, 0x00, 0xa1, 0x00, 0xa1, 
	0x00, 0xa1, 0x00, 0xa1, 0x00, 0xa1, 0x00, 0xa1, 
	0x00, 0xa1, 0x00, 0xa1, 0x00, 0xa1, 0x00, 0xa1, 
	0x00, 0xa1, 0x00, 0xa1, 0x00, 0xa1, 0x00, 0xa1, 
	0x00, 0xa1, 0x00, 0xa1, 0x00, 0xa1, 0x00, 0xa1, 
	0x00, 0xa1, 0x00, 0xa1, 0x00, 0xa1, 0x00, 0xa1, 
	0x00, 0xa1, 0x00, 0xa1, 0x00, 0xa1, 0x00, 0xa1, 
	0x00, 0xa1, 0x00, 0xa1, 0x00, 0xa1, 0x00, 0xa1, 
	0x00, 0xa1, 0x00, 0xa1, 0x00, 0xa1, 0x00, 0xa1, 
	0x00, 0xa1, 0x00, 0xa1, 0x00, 0xa1, 0x00, 0xa1, 
	0x00, 0xa1, 0x00, 0xa1, 0x00, 0xa1, 0x00, 0xa1, 
	0x00, 0xa1, 0x00, 0xa1, 0x00, 0xa1, 0x00, 0xa1, 
	0x00, 0xa1, 0x00, 0xe1, 0x00, 0xe1, 0x00, 0xe1, 
	0x01, 0x23, 0x6c, 0x2f, 0x6c, 0x6f, 0x6c, 0x6f, 
	0x2a, 0xa7, 0x00, 0xe1, 0x00, 0xe1, 0x00, 0xa1, 
	0x00, 0xa1, 0x00, 0xa1, 0x00, 0xa1, 0x00, 0xa1, 
	0x00, 0xe1, 0x09, 0x23, 0x00, 0xe1, 0x11, 0xa5, 
	0x8d, 0x33, 0x7c, 0xb1, 0x4b, 0x6d, 0x00, 0xe1, 
	0x00, 0xa1, 0x00, 0xa1, 0x00, 0xa1, 0x00, 0xa1, 
	0x00, 0xa1, 0x00, 0xa1, 0x00, 0xa1, 0x00, 0xa1, 
	0x00, 0xa1, 0x00, 0xa1, 0x00, 0xa1, 0x00, 0xa1, 
	0x00, 0xa1, 0x00, 0xa1, 0x00, 0xa1, 0x00, 0xa1, 
	0x00, 0xa1, 0x00, 0xa1, 0x00, 0xa1, 0x00, 0xa1, 
	0x00, 0xa1, 0x00, 0xa1, 0x00, 0xa1, 0x00, 0xa1, 
	0x00, 0xa1, 0x00, 0xa1, 0x00, 0xa1, 0x00, 0xa1, 
	0x00, 0xa1, 0x00, 0xa1, 0x00, 0xa1, 0x00, 0xa1, 
	0x00, 0xa1, 0x00, 0xa1, 0x00, 0xa1, 0x00, 0xa1, 
	0x00, 0xa1, 0x00, 0xa1, 0x00, 0xa1, 0x00, 0xa1, 
	0x00, 0xa1, 0x00, 0xa1, 0x00, 0xa1, 0x00, 0xa1, 
	0x00, 0xa1, 0x00, 0xa1, 0x00, 0xa1, 0x00, 0xa1, 
	0x00, 0xa1, 0x00, 0xa1, 0x00, 0xa1, 0x00, 0xa1, 
	0x00, 0xa1, 0x00, 0xa1, 0x00, 0xa1, 0x00, 0xa1, 
	0x00, 0xa1, 0x00, 0xa1, 0x00, 0xa1, 0x00, 0xa1, 
	0x00, 0xa1, 0x00, 0xa1, 0x00, 0xa1, 0x00, 0xa1, 
	0x00, 0xa1, 0x00, 0xa1, 0x00, 0xa1, 0x00, 0xa1, 
	0x00, 0xa1, 0x00, 0xa1, 0x00, 0xa1, 0x00, 0xa1, 
	0x00, 0xa1, 0x00, 0xa1, 0x00, 0xa1, 0x00, 0xa1, 
	0x00, 0xa1, 0x00, 0xa1, 0x00, 0xa1, 0x00, 0xa1, 
	0x00, 0xa1, 0x00, 0xa1, 0x00, 0xa1, 0x00, 0xa1, 
	0x00, 0xa1, 0x00, 0xa1, 0x00, 0xa1, 0x00, 0xa1, 
	0x00, 0xa1, 0x00, 0xa1, 0x00, 0xa1, 0x00, 0xa1, 
	0x00, 0xa1, 0x00, 0xa1, 0x00, 0xa1, 0x00, 0xa1, 
	0x00, 0xa1, 0x00, 0xa1, 0x00, 0xa1, 0x00, 0xa1, 
	0x00, 0xa1, 0x00, 0xe1, 0x4b, 0x6d, 0x95, 0x33, 
	0x00, 0xe1, 0x00, 0xa1, 0x00, 0xe1, 0x00, 0xe1, 
	0x00, 0xe1, 0x22, 0x69, 0x09, 0xa5, 0x11, 0xa5, 
	0x09, 0xa5, 0x4b, 0x6d, 0x09, 0xa7, 0x01, 0x23, 
	0x00, 0xa1, 0x00, 0xe1, 0x00, 0xe1, 0x01, 0x23, 
	0x6c, 0x2f, 0xce, 0xb9, 0x95, 0x33, 0x7c, 0xb1, 
	0xce, 0xb9, 0xce, 0xb9, 0xad, 0xb5, 0x7c, 0xb1, 
	0x09, 0x23, 0x00, 0xa1, 0x00, 0xa1, 0x00, 0xa1, 
	0x00, 0xa1, 0x00, 0xa1, 0x00, 0xa1, 0x00, 0xa1, 
	0x00, 0xa1, 0x00, 0xa1, 0x00, 0xa1, 0x00, 0xa1, 
	0x00, 0xa1, 0x00, 0xa1, 0x00, 0xa1, 0x00, 0xa1, 
	0x00, 0xa1, 0x00, 0xa1, 0x00, 0xa1, 0x00, 0xa1, 
	0x00, 0xa1, 0x00, 0xa1, 0x00, 0xa1, 0x00, 0xa1, 
	0x00, 0xa1, 0x00, 0xa1, 0x00, 0xa1, 0x00, 0xa1, 
	0x00, 0xa1, 0x00, 0xa1, 0x00, 0xa1, 0x00, 0xa1, 
	0x00, 0xa1, 0x00, 0xa1, 0x00, 0xa1, 0x00, 0xa1, 
	0x00, 0xa1, 0x00, 0xa1, 0x00, 0xa1, 0x00, 0xa1, 
	0x00, 0xa1, 0x00, 0xa1, 0x00, 0xa1, 0x00, 0xa1, 
	0x00, 0xa1, 0x00, 0xa1, 0x00, 0xa1, 0x00, 0xa1, 
	0x00, 0xa1, 0x00, 0xa1, 0x00, 0xa1, 0x00, 0xa1, 
	0x00, 0xa1, 0x00, 0xa1, 0x00, 0xa1, 0x00, 0xa1, 
	0x00, 0xa1, 0x00, 0xa1, 0x00, 0xa1, 0x00, 0xa1, 
	0x00, 0xa1, 0x00, 0xa1, 0x00, 0xa1, 0x00, 0xa1, 
	0x00, 0xa1, 0x00, 0xa1, 0x00, 0xa1, 0x00, 0xa1, 
	0x00, 0xa1, 0x00, 0xa1, 0x00, 0xa1, 0x00, 0xa1, 
	0x00, 0xa1, 0x00, 0xa1, 0x00, 0xa1, 0x00, 0xa1, 
	0x00, 0xa1, 0x00, 0xa1, 0x00, 0xa1, 0x00, 0xa1, 
	0x00, 0xa1, 0x00, 0xa1, 0x00, 0xa1, 0x00, 0xa1, 
	0x00, 0xa1, 0x00, 0xa1, 0x00, 0xa1, 0x00, 0xa1, 
	0x00, 0xa1, 0x00, 0xa1, 0x00, 0xa1, 0x00, 0xa1, 
	0x00, 0xa1, 0x00, 0xa1, 0x00, 0xa1, 0x00, 0xa1, 
	0x00, 0xa1, 0x00, 0xa1, 0x00, 0xa1, 0x00, 0xe1, 
	0x6c, 0x2f, 0x95, 0x33, 0x8d, 0x33, 0xad, 0xb5, 
	0x7c, 0xb1, 0x09, 0x23, 0x00, 0xe1, 0x00, 0xe1, 
	0x01, 0x23, 0x01, 0x23, 0x00, 0xa1, 0x00, 0xe1, 
	0x11, 0xa5, 0x43, 0x2b, 0x1a, 0x27, 0x1a, 0x27, 
	0x1a, 0x27, 0x4b, 0x6d, 0x7c, 0xb1, 0xad, 0xb5, 
	0xce, 0xb9, 0xce, 0xb9, 0xce, 0xb9, 0xce, 0xb9, 
	0xce, 0xb9, 0xce, 0xb9, 0xce, 0xb9, 0xce, 0xb9, 
	0x95, 0x33, 0x09, 0x23, 0x00, 0xa1, 0x00, 0xe1, 
	0x00, 0xe1, 0x00, 0xe1, 0x00, 0xe1, 0x00, 0xe1, 
	0x00, 0xa1, 0x00, 0xa1, 0x00, 0xa1, 0x00, 0xa1, 
	0x00, 0xa1, 0x00, 0xa1, 0x00, 0xa1, 0x00, 0xa1, 
	0x00, 0xa1, 0x00, 0xa1, 0x00, 0xa1, 0x00, 0xa1, 
	0x00, 0xa1, 0x00, 0xa1, 0x00, 0xa1, 0x00, 0xa1, 
	0x00, 0xa1, 0x00, 0xa1, 0x00, 0xa1, 0x00, 0xa1, 
	0x00, 0xa1, 0x00, 0xa1, 0x00, 0xa1, 0x00, 0xa1, 
	0x00, 0xa1, 0x00, 0xa1, 0x00, 0xa1, 0x00, 0xa1, 
	0x00, 0xa1, 0x00, 0xa1, 0x00, 0xa1, 0x00, 0xa1, 
	0x00, 0xa1, 0x00, 0xa1, 0x00, 0xa1, 0x00, 0xa1, 
	0x00, 0xa1, 0x00, 0xa1, 0x00, 0xa1, 0x00, 0xa1, 
	0x00, 0xa1, 0x00, 0xa1, 0x00, 0xa1, 0x00, 0xa1, 
	0x00, 0xa1, 0x00, 0xa1, 0x00, 0xa1, 0x00, 0xa1, 
	0x00, 0xa1, 0x00, 0xa1, 0x00, 0xa1, 0x00, 0xa1, 
	0x00, 0xa1, 0x00, 0xa1, 0x00, 0xa1, 0x00, 0xa1, 
	0x00, 0xa1, 0x00, 0xa1, 0x00, 0xa1, 0x00, 0xa1, 
	0x00, 0xa1, 0x00, 0xa1, 0x00, 0xa1, 0x00, 0xa1, 
	0x00, 0xa1, 0x00, 0xa1, 0x00, 0xa1, 0x00, 0xa1, 
	0x00, 0xa1, 0x00, 0xa1, 0x00, 0xa1, 0x00, 0xa1, 
	0x00, 0xa1, 0x00, 0xa1, 0x00, 0xa1, 0x00, 0xa1, 
	0x00, 0xa1, 0x00, 0xa1, 0x00, 0xa1, 0x00, 0xa1, 
	0x00, 0xa1, 0x00, 0xa1, 0x00, 0xa1, 0x00, 0xa1, 
	0x00, 0xa1, 0x00, 0xa1, 0x00, 0xa1, 0x00, 0xa1, 
	0x00, 0xa1, 0x00, 0xa1, 0x00, 0xa1, 0x6c, 0x2f, 
	0x8d, 0x33, 0xad, 0xb5, 0xad, 0xb5, 0x8d, 0x33, 
	0x6c, 0x6f, 0x09, 0xa5, 0x00, 0xe1, 0x00, 0xa1, 
	0x00, 0xa1, 0x00, 0xe1, 0x00, 0xe1, 0x00, 0xe1, 
	0x11, 0xa5, 0x95, 0x33, 0x22, 0x69, 0x6c, 0x6f, 
	0xad, 0xb5, 0xad, 0xb5, 0xad, 0xb5, 0xce, 0xb9, 
	0xce, 0xb9, 0xd6, 0xf9, 0xd6, 0xf9, 0xd6, 0xf9, 
	0xd6, 0xf9, 0xd6, 0xf9, 0xd6, 0xf9, 0xd6, 0xf9, 
	0xce, 0xb9, 0x95, 0x33, 0x00, 0xe1, 0x00, 0xe1, 
	0x00, 0xe1, 0x00, 0xe1, 0x00, 0xe1, 0x00, 0xe1, 
	0x00, 0xa1, 0x00, 0xa1, 0x00, 0xa1, 0x00, 0xa1, 
	0x00, 0xa1, 0x00, 0xa1, 0x00, 0xa1, 0x00, 0xa1, 
	0x00, 0xa1, 0x00, 0xa1, 0x00, 0xa1, 0x00, 0xa1, 
	0x00, 0xa1, 0x00, 0xa1, 0x00, 0xa1, 0x00, 0xa1, 
	0x00, 0xa1, 0x00, 0xa1, 0x00, 0xa1, 0x00, 0xa1, 
	0x00, 0xa1, 0x00, 0xa1, 0x00, 0xa1, 0x00, 0xa1, 
	0x00, 0xa1, 0x00, 0xa1, 0x00, 0xa1, 0x00, 0xa1, 
	0x00, 0xa1, 0x00, 0xa1, 0x00, 0xa1, 0x00, 0xa1, 
	0x00, 0xa1, 0x00, 0xa1, 0x00, 0xa1, 0x00, 0xa1, 
	0x00, 0xa1, 0x00, 0xa1, 0x00, 0xa1, 0x00, 0xa1, 
	0x00, 0xa1, 0x00, 0xa1, 0x00, 0xa1, 0x00, 0xa1, 
	0x00, 0xa1, 0x00, 0xa1, 0x00, 0xa1, 0x00, 0xa1, 
	0x00, 0xa1, 0x00, 0xa1, 0x00, 0xa1, 0x00, 0xa1, 
	0x00, 0xa1, 0x00, 0xa1, 0x00, 0xa1, 0x00, 0xa1, 
	0x00, 0xa1, 0x00, 0xa1, 0x00, 0xa1, 0x00, 0xa1, 
	0x00, 0xa1, 0x00, 0xa1, 0x00, 0xa1, 0x00, 0xa1, 
	0x00, 0xa1, 0x00, 0xa1, 0x00, 0xa1, 0x00, 0xa1, 
	0x00, 0xa1, 0x00, 0xa1, 0x00, 0xa1, 0x00, 0xa1, 
	0x00, 0xa1, 0x00, 0xa1, 0x00, 0xa1, 0x00, 0xa1, 
	0x00, 0xa1, 0x00, 0xa1, 0x00, 0xa1, 0x00, 0xa1, 
	0x00, 0xa1, 0x00, 0xa1, 0x00, 0xa1, 0x00, 0xa1, 
	0x00, 0xa1, 0x00, 0xa1, 0x00, 0xa1, 0x00, 0xa1, 
	0x00, 0xa1, 0x00, 0xa1, 0x00, 0xa1, 0x43, 0x2b, 
	0x6c, 0x6f, 0x8d, 0x33, 0x8d, 0x33, 0x6c, 0x6f, 
	0x2a, 0xa7, 0x00, 0xe1, 0x00, 0xa1, 0x00, 0xa1, 
	0x00, 0xe1, 0x00, 0xe1, 0x00, 0xe1, 0x00, 0xe1, 
	0x11, 0xa5, 0x6c, 0x6f, 0x7c, 0xb1, 0x6c, 0x6f, 
	0x8d, 0x33, 0xad, 0xb5, 0xad, 0xb5, 0xce, 0xb9, 
	0xce, 0xb9, 0xce, 0xb9, 0xd6, 0xf9, 0xd6, 0xf9, 
	0xd6, 0xf9, 0xd6, 0xf9, 0xd6, 0xf9, 0xd6, 0xf9, 
	0xd6, 0xf9, 0xce, 0xb9, 0x2a, 0xa7, 0x11, 0xa5, 
	0x09, 0x23, 0x00, 0xe1, 0x00, 0xe1, 0x00, 0xe1, 
	0x00, 0xe1, 0x00, 0xe1, 0x00, 0xa1, 0x00, 0xa1, 
	0x00, 0xa1, 0x00, 0xa1, 0x00, 0xa1, 0x00, 0xa1, 
	0x00, 0xa1, 0x00, 0xa1, 0x00, 0xa1, 0x00, 0xa1, 
	0x00, 0xa1, 0x00, 0xa1, 0x00, 0xa1, 0x00, 0xa1, 
	0x00, 0xa1, 0x00, 0xa1, 0x00, 0xa1, 0x00, 0xa1, 
	0x00, 0xa1, 0x00, 0xa1, 0x00, 0xa1, 0x00, 0xa1, 
	0x00, 0xa1, 0x00, 0xa1, 0x00, 0xa1, 0x00, 0xa1, 
	0x00, 0xa1, 0x00, 0xa1, 0x00, 0xa1, 0x00, 0xa1, 
	0x00, 0xa1, 0x00, 0xa1, 0x00, 0xa1, 0x00, 0xa1, 
	0x00, 0xe1, 0x00, 0xe1, 0x00, 0xe1, 0x00, 0xe1, 
	0x00, 0xe1, 0x00, 0xe1, 0x00, 0xe1, 0x00, 0xe1, 
	0x00, 0xe1, 0x00, 0xe1, 0x00, 0xe1, 0x00, 0xe1, 
	0x00, 0xe1, 0x00, 0xe1, 0x00, 0xe1, 0x00, 0xe1, 
	0x00, 0xe1, 0x00, 0xe1, 0x00, 0xe1, 0x00, 0xe1, 
	0x00, 0xe1, 0x00, 0xe1, 0x00, 0xe1, 0x00, 0xe1, 
	0x00, 0xe1, 0x00, 0xe1, 0x00, 0xe1, 0x00, 0xe1, 
	0x00, 0xe1, 0x00, 0xe1, 0x00, 0xe1, 0x00, 0xe1, 
	0x00, 0xe1, 0x00, 0xe1, 0x00, 0xe1, 0x00, 0xe1, 
	0x00, 0xe1, 0x00, 0xe1, 0x00, 0xe1, 0x00, 0xe1, 
	0x00, 0xe1, 0x00, 0xe1, 0x00, 0xe1, 0x00, 0xe1, 
	0x00, 0xe1, 0x00, 0xe1, 0x00, 0xe1, 0x00, 0xe1, 
	0x00, 0xe1, 0x00, 0xe1, 0x00, 0xe1, 0x00, 0xe1, 
	0x00, 0xe1, 0x00, 0xe1, 0x00, 0xe1, 0x00, 0xe3, 
	0x11, 0xa5, 0x22, 0x69, 0x43, 0x2b, 0x43, 0x2b, 
	0x7c, 0xb1, 0x7c, 0xb1, 0x4b, 0x6d, 0x09, 0x23, 
	0x1a, 0x27, 0x01, 0x23, 0x00, 0xe1, 0x4b, 0x6d, 
	0x6c, 0x2f, 0x8d, 0x33, 0x8d, 0x33, 0x8d, 0x33, 
	0x8d, 0x33, 0xad, 0xb5, 0xad, 0xb5, 0xad, 0xb5, 
	0xce, 0xb9, 0xce, 0xb9, 0xce, 0xb9, 0xce, 0xb9, 
	0xd6, 0xf9, 0xd6, 0xf9, 0xd6, 0xf9, 0xd6, 0xf9, 
	0xd6, 0xf9, 0xce, 0xb9, 0x95, 0x33, 0x7c, 0xb1, 
	0x2a, 0xa7, 0x00, 0xe3, 0x00, 0xe1, 0x00, 0xe1, 
	0x00, 0xe1, 0x00, 0xe1, 0x00, 0xe1, 0x00, 0xe1, 
	0x00, 0xe1, 0x00, 0xe1, 0x00, 0xe1, 0x00, 0xe1, 
	0x00, 0xe1, 0x00, 0xe1, 0x00, 0xe1, 0x00, 0xe1, 
	0x00, 0xe1, 0x00, 0xe1, 0x00, 0xe1, 0x00, 0xe1, 
	0x00, 0xe1, 0x00, 0xe1, 0x00, 0xe1, 0x00, 0xe1, 
	0x00, 0xe1, 0x00, 0xe1, 0x00, 0xe1, 0x00, 0xe1, 
	0x00, 0xe1, 0x00, 0xe1, 0x00, 0xe1, 0x00, 0xe1, 
	0x00, 0xe1, 0x00, 0xe1, 0x00, 0xe1, 0x00, 0xe1, 
	0x00, 0xe1, 0x00, 0xe1, 0x00, 0xe1, 0x00, 0xe1, 
	0x00, 0xe1, 0x00, 0xe1, 0x00, 0xe1, 0x00, 0xe1, 
	0x00, 0xe1, 0x00, 0xe1, 0x00, 0xe1, 0x00, 0xe1, 
	0x00, 0xe1, 0x00, 0xe1, 0x00, 0xe1, 0x00, 0xe1, 
	0x00, 0xe1, 0x00, 0xe1, 0x00, 0xe1, 0x00, 0xe1, 
	0x00, 0xe1, 0x00, 0xe1, 0x00, 0xe1, 0x00, 0xe1, 
	0x00, 0xe1, 0x00, 0xe1, 0x00, 0xe1, 0x00, 0xe1, 
	0x00, 0xe1, 0x00, 0xe1, 0x00, 0xe1, 0x00, 0xe1, 
	0x00, 0xe1, 0x00, 0xe1, 0x00, 0xe1, 0x00, 0xe1, 
	0x00, 0xe1, 0x00, 0xe1, 0x00, 0xe1, 0x00, 0xe1, 
	0x00, 0xe1, 0x00, 0xe1, 0x00, 0xe1, 0x00, 0xe1, 
	0x00, 0xe1, 0x00, 0xe1, 0x00, 0xe1, 0x00, 0xe1, 
	0x00, 0xe1, 0x00, 0xe1, 0x00, 0xe1, 0x00, 0xe1, 
	0x00, 0xe1, 0x00, 0xe1, 0x00, 0xe1, 0x00, 0xe1, 
	0x00, 0xe1, 0x00, 0xe1, 0x00, 0xe1, 0x00, 0xe1, 
	0x00, 0xe1, 0x01, 0x23, 0x6c, 0x2f, 0x6c, 0x6f, 
	0x8d, 0x33, 0x8d, 0x33, 0x95, 0x33, 0x95, 0x33, 
	0x95, 0x33, 0x7c, 0xb1, 0x4b, 0x6d, 0x8d, 0x33, 
	0x8d, 0x33, 0x8d, 0x33, 0x8d, 0x33, 0x8d, 0x33, 
	0x8d, 0x33, 0x8d, 0x33, 0x8d, 0x33, 0xad, 0xb5, 
	0xad, 0xb5, 0xad, 0xb5, 0xce, 0xb9, 0xce, 0xb9, 
	0xce, 0xb9, 0xce, 0xb9, 0xce, 0xb9, 0xce, 0xb9, 
	0xce, 0xb9, 0xce, 0xb9, 0xad, 0xb5, 0x8d, 0x33, 
	0x2a, 0xa7, 0x09, 0x23, 0x00, 0xe3, 0x00, 0xe3, 
	0x00, 0xe3, 0x00, 0xe3, 0x00, 0xe1, 0x00, 0xe1, 
	0x00, 0xe1, 0x00, 0xe3, 0x00, 0xe1, 0x00, 0xe1, 
	0x00, 0xe1, 0x00, 0xe1, 0x00, 0xe1, 0x00, 0xe1, 
	0x00, 0xe1, 0x00, 0xe1, 0x00, 0xe1, 0x00, 0xe1, 
	0x00, 0xe1, 0x00, 0xe1, 0x00, 0xe1, 0x00, 0xe1, 
	0x00, 0xe1, 0x00, 0xe1, 0x00, 0xe1, 0x00, 0xe1, 
	0x00, 0xe1, 0x00, 0xe1, 0x00, 0xe1, 0x00, 0xe1, 
	0x00, 0xe1, 0x00, 0xe1, 0x00, 0xe1, 0x00, 0xe1, 
	0x00, 0xe1, 0x00, 0xe1, 0x00, 0xe1, 0x00, 0xe1, 
	0x00, 0xe1, 0x00, 0xe1, 0x00, 0xe1, 0x00, 0xe1, 
	0x00, 0xe1, 0x00, 0xe1, 0x00, 0xe1, 0x00, 0xe1, 
	0x00, 0xe1, 0x00, 0xe1, 0x00, 0xe1, 0x00, 0xe1, 
	0x00, 0xe1, 0x00, 0xe1, 0x00, 0xe1, 0x00, 0xe1, 
	0x00, 0xe1, 0x00, 0xe1, 0x00, 0xe1, 0x00, 0xe1, 
	0x00, 0xe1, 0x00, 0xe1, 0x00, 0xe1, 0x00, 0xe1, 
	0x00, 0xe1, 0x00, 0xe1, 0x00, 0xe1, 0x00, 0xe1, 
	0x00, 0xe1, 0x00, 0xe1, 0x00, 0xe1, 0x00, 0xe1, 
	0x00, 0xe1, 0x00, 0xe1, 0x00, 0xe1, 0x00, 0xe1, 
	0x00, 0xe1, 0x00, 0xe1, 0x00, 0xe1, 0x00, 0xe1, 
	0x00, 0xe1, 0x00, 0xe1, 0x00, 0xe1, 0x00, 0xe1, 
	0x00, 0xe1, 0x00, 0xe1, 0x00, 0xe1, 0x00, 0xe1, 
	0x00, 0xe1, 0x00, 0xe1, 0x00, 0xe1, 0x00, 0xe1, 
	0x00, 0xe1, 0x00, 0xe1, 0x00, 0xe1, 0x00, 0xe1, 
	0x00, 0xe1, 0x00, 0xe3, 0x6c, 0x2f, 0x6c, 0x6f, 
	0xad, 0xb5, 0xad, 0xb5, 0x8d, 0x33, 0x8d, 0x33, 
	0x8d, 0x33, 0x8d, 0x33, 0x8d, 0x33, 0xad, 0xb5, 
	0xad, 0xb5, 0xad, 0xb5, 0xad, 0xb5, 0xad, 0xb5, 
	0x8d, 0x33, 0x8d, 0x33, 0x8d, 0x33, 0x8d, 0x33, 
	0x8d, 0x33, 0xad, 0xb5, 0xad, 0xb5, 0xad, 0xb5, 
	0xce, 0xb9, 0xce, 0xb9, 0xce, 0xb9, 0xce, 0xb9, 
	0xad, 0xb5, 0xad, 0xb5, 0xad, 0xb5, 0x8d, 0x33, 
	0x43, 0x2b, 0x2a, 0xa7, 0x01, 0x23, 0x00, 0xe3, 
	0x00, 0xe3, 0x00, 0xe3, 0x00, 0xe3, 0x00, 0xe3, 
	0x00, 0xe3, 0x00, 0xe3, 0x00, 0xe1, 0x00, 0xe1, 
	0x00, 0xe1, 0x00, 0xe1, 0x00, 0xe1, 0x00, 0xe1, 
	0x00, 0xe1, 0x00, 0xe1, 0x00, 0xe1, 0x00, 0xe1, 
	0x00, 0xe1, 0x00, 0xe1, 0x00, 0xe1, 0x00, 0xe1, 
	0x00, 0xe1, 0x00, 0xe1, 0x00, 0xe1, 0x00, 0xe1, 
	0x00, 0xe1, 0x00, 0xe1, 0x00, 0xe1, 0x00, 0xe1, 
	0x00, 0xe1, 0x00, 0xe1, 0x00, 0xe1, 0x00, 0xe1, 
	0x00, 0xe1, 0x00, 0xe1, 0x00, 0xe1, 0x00, 0xe1, 
	0x00, 0xe3, 0x00, 0xe3, 0x00, 0xe3, 0x00, 0xe3, 
	0x00, 0xe3, 0x00, 0xe3, 0x00, 0xe3, 0x00, 0xe3, 
	0x00, 0xe3, 0x00, 0xe3, 0x00, 0xe3, 0x00, 0xe3, 
	0x00, 0xe3, 0x00, 0xe3, 0x00, 0xe3, 0x00, 0xe3, 
	0x00, 0xe3, 0x00, 0xe3, 0x00, 0xe3, 0x00, 0xe3, 
	0x00, 0xe3, 0x00, 0xe3, 0x00, 0xe3, 0x00, 0xe3, 
	0x00, 0xe3, 0x00, 0xe3, 0x00, 0xe3, 0x00, 0xe3, 
	0x00, 0xe3, 0x00, 0xe3, 0x00, 0xe3, 0x00, 0xe3, 
	0x00, 0xe3, 0x00, 0xe3, 0x00, 0xe3, 0x00, 0xe3, 
	0x00, 0xe3, 0x00, 0xe3, 0x00, 0xe3, 0x00, 0xe3, 
	0x00, 0xe3, 0x00, 0xe3, 0x00, 0xe3, 0x00, 0xe3, 
	0x00, 0xe3, 0x00, 0xe3, 0x00, 0xe3, 0x00, 0xe3, 
	0x00, 0xe3, 0x00, 0xe3, 0x00, 0xe3, 0x00, 0xe3, 
	0x00, 0xe3, 0x00, 0xe3, 0x00, 0xe3, 0x00, 0xe3, 
	0x00, 0xe3, 0x11, 0xa5, 0x22, 0x69, 0x6c, 0x6f, 
	0x6c, 0x6f, 0x8d, 0x33, 0x8d, 0x33, 0x8d, 0x33, 
	0x8d, 0x33, 0x8d, 0x33, 0x8d, 0x33, 0xad, 0xb5, 
	0xad, 0xb5, 0xad, 0xb5, 0xad, 0xb5, 0xad, 0xb5, 
	0xad, 0xb5, 0x8d, 0x33, 0x8d, 0x33, 0x8d, 0x33, 
	0x8d, 0x33, 0x8d, 0x33, 0x8d, 0x33, 0x8d, 0x33, 
	0xad, 0xb5, 0xad, 0xb5, 0xce, 0xb9, 0xad, 0xb5, 
	0xad, 0xb5, 0xad, 0xb5, 0xad, 0xb5, 0x6c, 0x6f, 
	0x43, 0x2b, 0x2a, 0xa7, 0x00, 0xe3, 0x00, 0xe3, 
	0x01, 0x23, 0x00, 0xe3, 0x00, 0xe3, 0x00, 0xe3, 
	0x00, 0xe3, 0x00, 0xe3, 0x00, 0xe3, 0x00, 0xe3, 
	0x00, 0xe3, 0x00, 0xe3, 0x00, 0xe3, 0x00, 0xe3, 
	0x00, 0xe3, 0x00, 0xe3, 0x00, 0xe3, 0x00, 0xe3, 
	0x00, 0xe3, 0x00, 0xe3, 0x00, 0xe3, 0x00, 0xe3, 
	0x00, 0xe3, 0x00, 0xe3, 0x00, 0xe3, 0x00, 0xe3, 
	0x00, 0xe3, 0x00, 0xe3, 0x00, 0xe3, 0x00, 0xe3, 
	0x00, 0xe3, 0x00, 0xe3, 0x00, 0xe3, 0x00, 0xe3, 
	0x00, 0xe3, 0x00, 0xe3, 0x00, 0xe3, 0x00, 0xe3, 
	0x00, 0xe3, 0x00, 0xe3, 0x00, 0xe3, 0x00, 0xe3, 
	0x00, 0xe3, 0x00, 0xe3, 0x00, 0xe3, 0x00, 0xe3, 
	0x00, 0xe3, 0x00, 0xe3, 0x00, 0xe3, 0x00, 0xe3, 
	0x00, 0xe3, 0x00, 0xe3, 0x00, 0xe3, 0x00, 0xe3, 
	0x00, 0xe3, 0x00, 0xe3, 0x00, 0xe3, 0x00, 0xe3, 
	0x00, 0xe3, 0x00, 0xe3, 0x00, 0xe3, 0x00, 0xe3, 
	0x00, 0xe3, 0x00, 0xe3, 0x00, 0xe3, 0x00, 0xe3, 
	0x00, 0xe3, 0x00, 0xe3, 0x00, 0xe3, 0x00, 0xe3, 
	0x00, 0xe3, 0x00, 0xe3, 0x00, 0xe3, 0x00, 0xe3, 
	0x00, 0xe3, 0x00, 0xe3, 0x00, 0xe3, 0x00, 0xe3, 
	0x00, 0xe3, 0x00, 0xe3, 0x00, 0xe3, 0x00, 0xe3, 
	0x00, 0xe3, 0x00, 0xe3, 0x00, 0xe3, 0x00, 0xe3, 
	0x00, 0xe3, 0x00, 0xe3, 0x00, 0xe3, 0x00, 0xe3, 
	0x00, 0xe3, 0x00, 0xe3, 0x00, 0xe3, 0x00, 0xe3, 
	0x00, 0xe3, 0x11, 0xa5, 0x6c, 0x2f, 0x6c, 0x6f, 
	0x43, 0x2b, 0x6c, 0x6f, 0x8d, 0x33, 0x8d, 0x33, 
	0x8d, 0x33, 0x8d, 0x33, 0x8d, 0x33, 0x8d, 0x33, 
	0x8d, 0x33, 0x8d, 0x33, 0x8d, 0x33, 0xad, 0xb5, 
	0xad, 0xb5, 0xad, 0xb5, 0x8d, 0x33, 0x8d, 0x33, 
	0x8d, 0x33, 0x6c, 0x6f, 0x6c, 0x6f, 0x8d, 0x33, 
	0x8d, 0x33, 0xad, 0xb5, 0xad, 0xb5, 0xad, 0xb5, 
	0x8d, 0x33, 0xad, 0xb5, 0x8d, 0x33, 0x6c, 0x6f, 
	0x2a, 0xa7, 0x2a, 0xa7, 0x01, 0x23, 0x01, 0x23, 
	0x01, 0x23, 0x00, 0xe3, 0x00, 0xe3, 0x00, 0xe3, 
	0x00, 0xe3, 0x00, 0xe3, 0x00, 0xe3, 0x00, 0xe3, 
	0x00, 0xe3, 0x00, 0xe3, 0x00, 0xe3, 0x00, 0xe3, 
	0x00, 0xe3, 0x00, 0xe3, 0x00, 0xe3, 0x00, 0xe3, 
	0x00, 0xe3, 0x00, 0xe3, 0x00, 0xe3, 0x00, 0xe3, 
	0x00, 0xe3, 0x00, 0xe3, 0x00, 0xe3, 0x00, 0xe3, 
	0x00, 0xe3, 0x00, 0xe3, 0x00, 0xe3, 0x00, 0xe3, 
	0x00, 0xe3, 0x00, 0xe3, 0x00, 0xe3, 0x00, 0xe3, 
	0x00, 0xe3, 0x00, 0xe3, 0x00, 0xe3, 0x00, 0xe3, 
	0x00, 0xe3, 0x00, 0xe3, 0x00, 0xe3, 0x00, 0xe3, 
	0x00, 0xe3, 0x00, 0xe3, 0x00, 0xe3, 0x00, 0xe3, 
	0x00, 0xe3, 0x00, 0xe3, 0x00, 0xe3, 0x00, 0xe3, 
	0x00, 0xe3, 0x00, 0xe3, 0x00, 0xe3, 0x00, 0xe3, 
	0x00, 0xe3, 0x00, 0xe3, 0x00, 0xe3, 0x00, 0xe3, 
	0x00, 0xe3, 0x00, 0xe3, 0x00, 0xe3, 0x00, 0xe3, 
	0x00, 0xe3, 0x00, 0xe3, 0x00, 0xe3, 0x00, 0xe3, 
	0x00, 0xe3, 0x00, 0xe3, 0x00, 0xe3, 0x00, 0xe3, 
	0x01, 0x23, 0x01, 0x23, 0x01, 0x23, 0x01, 0x23, 
	0x00, 0xe3, 0x00, 0xe3, 0x00, 0xe3, 0x00, 0xe3, 
	0x00, 0xe3, 0x00, 0xe3, 0x00, 0xe3, 0x00, 0xe3, 
	0x00, 0xe3, 0x00, 0xe3, 0x00, 0xe3, 0x00, 0xe3, 
	0x00, 0xe3, 0x00, 0xe3, 0x00, 0xe3, 0x00, 0xe3, 
	0x00, 0xe3, 0x00, 0xe3, 0x00, 0xe3, 0x00, 0xe3, 
	0x00, 0xe3, 0x01, 0x23, 0x11, 0xa5, 0x12, 0x27, 
	0x12, 0x27, 0x22, 0x69, 0x43, 0x2b, 0x43, 0x2b, 
	0x43, 0x2b, 0x43, 0x2b, 0x43, 0x2b, 0x43, 0x2b, 
	0x6c, 0x6f, 0x6c, 0x6f, 0x8d, 0x33, 0xad, 0xb5, 
	0xad, 0xb5, 0xad, 0xb5, 0x8d, 0x33, 0x8d, 0x33, 
	0x6c, 0x6f, 0x22, 0x69, 0x22, 0x69, 0x6c, 0x6f, 
	0x6c, 0x6f, 0x6c, 0x6f, 0x8d, 0x33, 0x8d, 0x33, 
	0x8d, 0x33, 0x8d, 0x33, 0x8d, 0x33, 0x6c, 0x6f, 
	0x43, 0x2b, 0x09, 0xa5, 0x01, 0x23, 0x01, 0x23, 
	0x01, 0x23, 0x01, 0x23, 0x00, 0xe3, 0x00, 0xe3, 
	0x01, 0x23, 0x00, 0xe3, 0x00, 0xe3, 0x00, 0xe3, 
	0x01, 0x23, 0x00, 0xe3, 0x00, 0xe3, 0x00, 0xe3, 
	0x00, 0xe3, 0x00, 0xe3, 0x00, 0xe3, 0x00, 0xe3, 
	0x00, 0xe3, 0x00, 0xe3, 0x00, 0xe3, 0x00, 0xe3, 
	0x00, 0xe3, 0x00, 0xe3, 0x00, 0xe3, 0x00, 0xe3, 
	0x00, 0xe3, 0x00, 0xe3, 0x00, 0xe3, 0x00, 0xe3, 
	0x00, 0xe3, 0x00, 0xe3, 0x00, 0xe3, 0x00, 0xe3, 
	0x00, 0xe3, 0x00, 0xe3, 0x00, 0xe3, 0x00, 0xe3, 
	0x00, 0xe3, 0x00, 0xe3, 0x00, 0xe3, 0x00, 0xe3, 
	0x00, 0xe3, 0x00, 0xe3, 0x00, 0xe3, 0x00, 0xe3, 
	0x00, 0xe3, 0x00, 0xe3, 0x00, 0xe3, 0x00, 0xe3, 
	0x00, 0xe3, 0x00, 0xe3, 0x00, 0xe3, 0x00, 0xe3, 
	0x00, 0xe3, 0x00, 0xe3, 0x00, 0xe3, 0x00, 0xe3, 
	0x00, 0xe3, 0x00, 0xe3, 0x00, 0xe3, 0x00, 0xe3, 
	0x00, 0xe3, 0x00, 0xe3, 0x00, 0xe3, 0x00, 0xe3, 
	0x00, 0xe3, 0x00, 0xe3, 0x00, 0xe3, 0x00, 0xe3, 
	0x00, 0xe3, 0x00, 0xe3, 0x01, 0x23, 0x01, 0x65, 
	0x4b, 0x6d, 0x4b, 0x6d, 0x1a, 0x27, 0x01, 0x23, 
	0x00, 0xe3, 0x00, 0xe3, 0x00, 0xe3, 0x00, 0xe3, 
	0x00, 0xe3, 0x00, 0xe3, 0x00, 0xe3, 0x00, 0xe3, 
	0x00, 0xe3, 0x00, 0xe3, 0x00, 0xe3, 0x00, 0xe3, 
	0x00, 0xe3, 0x00, 0xe3, 0x00, 0xe3, 0x00, 0xe3, 
	0x00, 0xe3, 0x00, 0xe3, 0x00, 0xe3, 0x00, 0xe3, 
	0x01, 0x23, 0x01, 0x25, 0x01, 0x25, 0x11, 0xa5, 
	0x01, 0x25, 0x11, 0xa5, 0x01, 0x25, 0x11, 0xa5, 
	0x22, 0x69, 0x43, 0x2b, 0x6c, 0x6f, 0x8d, 0x33, 
	0x8d, 0x33, 0x8d, 0x33, 0x8d, 0x33, 0x6c, 0x6f, 
	0x43, 0x2b, 0x09, 0xa5, 0x01, 0x25, 0x12, 0x27, 
	0x12, 0x27, 0x22, 0x69, 0x43, 0x2b, 0x43, 0x2b, 
	0x43, 0x2b, 0x22, 0x69, 0x43, 0x2b, 0x22, 0x69, 
	0x09, 0xa5, 0x01, 0x23, 0x01, 0x23, 0x01, 0x23, 
	0x01, 0x23, 0x01, 0x23, 0x00, 0xe3, 0x00, 0xe3, 
	0x01, 0x23, 0x00, 0xe3, 0x00, 0xe3, 0x00, 0xe3, 
	0x01, 0x23, 0x00, 0xe3, 0x00, 0xe3, 0x00, 0xe3, 
	0x00, 0xe3, 0x00, 0xe3, 0x00, 0xe3, 0x00, 0xe3, 
	0x00, 0xe3, 0x00, 0xe3, 0x00, 0xe3, 0x00, 0xe3, 
	0x00, 0xe3, 0x00, 0xe3, 0x00, 0xe3, 0x00, 0xe3, 
	0x00, 0xe3, 0x00, 0xe3, 0x00, 0xe3, 0x00, 0xe3, 
	0x00, 0xe3, 0x00, 0xe3, 0x00, 0xe3, 0x00, 0xe3, 
	0x00, 0xe3, 0x00, 0xe3, 0x00, 0xe3, 0x00, 0xe3, 
	0x01, 0x23, 0x01, 0x23, 0x01, 0x23, 0x01, 0x23, 
	0x01, 0x23, 0x01, 0x23, 0x01, 0x23, 0x01, 0x23, 
	0x01, 0x23, 0x01, 0x23, 0x01, 0x23, 0x01, 0x23, 
	0x01, 0x23, 0x01, 0x23, 0x01, 0x23, 0x01, 0x23, 
	0x01, 0x23, 0x01, 0x23, 0x01, 0x23, 0x01, 0x23, 
	0x01, 0x23, 0x01, 0x23, 0x01, 0x23, 0x01, 0x23, 
	0x01, 0x23, 0x01, 0x23, 0x01, 0x23, 0x01, 0x23, 
	0x01, 0x23, 0x01, 0x23, 0x01, 0x23, 0x01, 0x23, 
	0x01, 0x23, 0x01, 0x23, 0x01, 0x65, 0x09, 0xa7, 
	0x12, 0x27, 0x22, 0x69, 0x1a, 0x6b, 0x1a, 0x27, 
	0x1a, 0x27, 0x01, 0x23, 0x01, 0x23, 0x01, 0x23, 
	0x01, 0x23, 0x01, 0x23, 0x01, 0x23, 0x01, 0x23, 
	0x01, 0x23, 0x01, 0x23, 0x01, 0x23, 0x01, 0x23, 
	0x01, 0x23, 0x01, 0x23, 0x01, 0x23, 0x01, 0x23, 
	0x01, 0x23, 0x01, 0x23, 0x01, 0x23, 0x01, 0x23, 
	0x01, 0x23, 0x01, 0x23, 0x01, 0x23, 0x01, 0x23, 
	0x01, 0x23, 0x01, 0x23, 0x01, 0x23, 0x01, 0x23, 
	0x11, 0xa5, 0x12, 0x27, 0x12, 0x27, 0x43, 0x2b, 
	0x6c, 0x6f, 0x8d, 0x33, 0x8d, 0x33, 0x43, 0x2b, 
	0x09, 0xa5, 0x09, 0xa7, 0x09, 0x67, 0x09, 0xa7, 
	0x01, 0x25, 0x01, 0x25, 0x09, 0xa7, 0x09, 0xa7, 
	0x12, 0x29, 0x09, 0xa7, 0x09, 0xa7, 0x01, 0x25, 
	0x01, 0x23, 0x01, 0x23, 0x01, 0x23, 0x01, 0x23, 
	0x01, 0x23, 0x01, 0x23, 0x01, 0x23, 0x01, 0x23, 
	0x01, 0x23, 0x01, 0x23, 0x01, 0x23, 0x01, 0x23, 
	0x01, 0x23, 0x01, 0x23, 0x01, 0x23, 0x01, 0x23, 
	0x01, 0x23, 0x01, 0x23, 0x01, 0x23, 0x01, 0x23, 
	0x01, 0x23, 0x01, 0x23, 0x01, 0x23, 0x01, 0x23, 
	0x01, 0x23, 0x01, 0x23, 0x01, 0x23, 0x01, 0x23, 
	0x01, 0x23, 0x01, 0x23, 0x01, 0x23, 0x01, 0x23, 
	0x01, 0x23, 0x01, 0x23, 0x01, 0x23, 0x01, 0x23, 
	0x01, 0x23, 0x01, 0x23, 0x01, 0x23, 0x01, 0x23, 
	0x01, 0x23, 0x01, 0x23, 0x01, 0x23, 0x01, 0x23, 
	0x01, 0x23, 0x01, 0x23, 0x01, 0x23, 0x01, 0x23, 
	0x01, 0x23, 0x01, 0x23, 0x01, 0x23, 0x01, 0x23, 
	0x01, 0x23, 0x01, 0x23, 0x01, 0x23, 0x01, 0x23, 
	0x01, 0x23, 0x01, 0x23, 0x01, 0x23, 0x01, 0x23, 
	0x01, 0x23, 0x01, 0x23, 0x01, 0x23, 0x01, 0x23, 
	0x01, 0x23, 0x01, 0x23, 0x01, 0x23, 0x01, 0x23, 
	0x01, 0x23, 0x01, 0x23, 0x01, 0x23, 0x01, 0x23, 
	0x01, 0x23, 0x01, 0x23, 0x01, 0x23, 0x01, 0x23, 
	0x01, 0x23, 0x01, 0x23, 0x01, 0x25, 0x12, 0x27, 
	0x09, 0xa7, 0x01, 0x23, 0x01, 0x23, 0x01, 0x23, 
	0x01, 0x65, 0x01, 0x23, 0x01, 0x23, 0x1a, 0x27, 
	0x1a, 0x27, 0x1a, 0x27, 0x01, 0x23, 0x01, 0x23, 
	0x01, 0x23, 0x01, 0x23, 0x01, 0x23, 0x01, 0x23, 
	0x01, 0x23, 0x01, 0x23, 0x01, 0x23, 0x01, 0x23, 
	0x01, 0x23, 0x01, 0x23, 0x01, 0x23, 0x01, 0x23, 
	0x01, 0x23, 0x01, 0x23, 0x01, 0x23, 0x01, 0x23, 
	0x01, 0x23, 0x01, 0x23, 0x01, 0x25, 0x12, 0x27, 
	0x22, 0x69, 0x22, 0x69, 0x22, 0x69, 0x09, 0xa5, 
	0x01, 0x23, 0x01, 0x25, 0x01, 0x25, 0x01, 0x25, 
	0x01, 0x23, 0x01, 0x23, 0x01, 0x25, 0x11, 0xa5, 
	0x09, 0xa5, 0x01, 0x25, 0x01, 0x23, 0x01, 0x23, 
	0x01, 0x23, 0x01, 0x23, 0x01, 0x23, 0x01, 0x23, 
	0x01, 0x23, 0x01, 0x23, 0x01, 0x23, 0x01, 0x23, 
	0x01, 0x23, 0x01, 0x23, 0x01, 0x23, 0x01, 0x23, 
	0x01, 0x23, 0x01, 0x23, 0x01, 0x23, 0x01, 0x23, 
	0x01, 0x23, 0x01, 0x23, 0x01, 0x23, 0x01, 0x23, 
	0x01, 0x23, 0x01, 0x23, 0x01, 0x23, 0x01, 0x23, 
	0x01, 0x23, 0x01, 0x23, 0x01, 0x23, 0x01, 0x23, 
	0x01, 0x23, 0x01, 0x23, 0x01, 0x23, 0x01, 0x23, 
	0x01, 0x23, 0x01, 0x23, 0x01, 0x23, 0x01, 0x23, 
	0x01, 0x23, 0x01, 0x23, 0x01, 0x23, 0x01, 0x23, 
	0x01, 0x23, 0x01, 0x23, 0x01, 0x23, 0x01, 0x23, 
	0x01, 0x23, 0x01, 0x23, 0x01, 0x23, 0x01, 0x23, 
	0x01, 0x23, 0x01, 0x23, 0x01, 0x23, 0x01, 0x23, 
	0x01, 0x23, 0x01, 0x23, 0x01, 0x23, 0x01, 0x23, 
	0x01, 0x23, 0x01, 0x23, 0x01, 0x23, 0x01, 0x23, 
	0x01, 0x23, 0x01, 0x23, 0x01, 0x23, 0x01, 0x23, 
	0x01, 0x23, 0x01, 0x23, 0x01, 0x23, 0x01, 0x23, 
	0x01, 0x23, 0x01, 0x23, 0x01, 0x23, 0x01, 0x23, 
	0x01, 0x23, 0x01, 0x23, 0x01, 0x23, 0x01, 0x23, 
	0x01, 0x23, 0x01, 0x23, 0x01, 0x23, 0x01, 0x23, 
	0x01, 0x23, 0x01, 0x23, 0x01, 0x23, 0x01, 0x65, 
	0x09, 0x67, 0x12, 0x29, 0x6c, 0x2f, 0x43, 0x2b, 
	0x43, 0x2b, 0x09, 0xa5, 0x01, 0x25, 0x01, 0x23, 
	0x01, 0x23, 0x01, 0x23, 0x01, 0x23, 0x01, 0x23, 
	0x01, 0x23, 0x01, 0x23, 0x01, 0x23, 0x01, 0x23, 
	0x01, 0x23, 0x01, 0x23, 0x01, 0x23, 0x01, 0x23, 
	0x01, 0x23, 0x01, 0x23, 0x01, 0x23, 0x01, 0x23, 
	0x01, 0x23, 0x01, 0x23, 0x01, 0x23, 0x01, 0x23, 
	0x01, 0x25, 0x01, 0x25, 0x01, 0x25, 0x01, 0x25, 
	0x01, 0x23, 0x01, 0x23, 0x01, 0x23, 0x01, 0x25, 
	0x01, 0x25, 0x01, 0x25, 0x01, 0x25, 0x01, 0x25, 
	0x01, 0x25, 0x01, 0x25, 0x01, 0x25, 0x01, 0x25, 
	0x01, 0x23, 0x01, 0x23, 0x01, 0x23, 0x01, 0x23, 
	0x01, 0x23, 0x01, 0x23, 0x01, 0x23, 0x01, 0x23, 
	0x01, 0x23, 0x01, 0x23, 0x01, 0x23, 0x01, 0x23, 
	0x01, 0x23, 0x01, 0x23, 0x01, 0x23, 0x01, 0x23, 
	0x01, 0x23, 0x01, 0x23, 0x01, 0x23, 0x01, 0x23, 
	0x01, 0x23, 0x01, 0x23, 0x01, 0x23, 0x01, 0x23, 
	0x01, 0x23, 0x01, 0x23, 0x01, 0x23, 0x01, 0x23, 
	0x01, 0x23, 0x01, 0x23, 0x01, 0x23, 0x01, 0x23, 
	0x01, 0x23, 0x01, 0x23, 0x01, 0x23, 0x01, 0x23, 
	0x01, 0x23, 0x01, 0x23, 0x01, 0x23, 0x01, 0x23, 
	0x01, 0x23, 0x01, 0x23, 0x01, 0x23, 0x01, 0x23, 
	0x01, 0x23, 0x01, 0x23, 0x01, 0x23, 0x01, 0x23, 
	0x01, 0x23, 0x01, 0x23, 0x01, 0x23, 0x01, 0x23, 
	0x01, 0x23, 0x01, 0x23, 0x01, 0x23, 0x01, 0x23, 
	0x01, 0x23, 0x01, 0x23, 0x01, 0x23, 0x01, 0x23, 
	0x01, 0x23, 0x01, 0x23, 0x01, 0x23, 0x01, 0x23, 
	0x01, 0x23, 0x01, 0x23, 0x01, 0x23, 0x01, 0x23, 
	0x01, 0x23, 0x01, 0x23, 0x01, 0x23, 0x01, 0x23, 
	0x01, 0x23, 0x01, 0x23, 0x01, 0x23, 0x01, 0x23, 
	0x01, 0x23, 0x01, 0x23, 0x01, 0x23, 0x01, 0x23, 
	0x01, 0x23, 0x01, 0x23, 0x01, 0x23, 0x01, 0x23, 
	0x01, 0x23, 0x12, 0x29, 0x22, 0x69, 0x1a, 0x6b, 
	0x12, 0x27, 0x09, 0xa7, 0x01, 0x23, 0x01, 0x23, 
	0x01, 0x23, 0x01, 0x23, 0x01, 0x23, 0x01, 0x23, 
	0x01, 0x23, 0x01, 0x23, 0x01, 0x23, 0x01, 0x23, 
	0x01, 0x23, 0x01, 0x23, 0x01, 0x23, 0x01, 0x23, 
	0x01, 0x23, 0x01, 0x23, 0x01, 0x23, 0x01, 0x23, 
	0x01, 0x23, 0x01, 0x23, 0x01, 0x23, 0x01, 0x23, 
	0x01, 0x23, 0x01, 0x23, 0x01, 0x23, 0x01, 0x23, 
	0x01, 0x23, 0x01, 0x23, 0x01, 0x25, 0x01, 0x25, 
	0x01, 0x25, 0x01, 0x25, 0x01, 0x25, 0x01, 0x25, 
	0x01, 0x25, 0x01, 0x25, 0x01, 0x25, 0x01, 0x25, 
	0x01, 0x25, 0x01, 0x23, 0x01, 0x23, 0x01, 0x23, 
	0x01, 0x23, 0x01, 0x23, 0x01, 0x23, 0x01, 0x23, 
	0x01, 0x23, 0x01, 0x23, 0x01, 0x23, 0x01, 0x23, 
	0x01, 0x23, 0x01, 0x23, 0x01, 0x23, 0x01, 0x23, 
	0x01, 0x23, 0x01, 0x23, 0x01, 0x23, 0x01, 0x23, 
	0x01, 0x23, 0x01, 0x23, 0x01, 0x23, 0x01, 0x23, 
	0x01, 0x23, 0x01, 0x23, 0x01, 0x23, 0x01, 0x25, 
	0x01, 0x23, 0x01, 0x23, 0x01, 0x25, 0x01, 0x23, 
	0x01, 0x23, 0x01, 0x23, 0x01, 0x23, 0x01, 0x23, 
	0x01, 0x23, 0x01, 0x23, 0x01, 0x23, 0x01, 0x23, 
	0x01, 0x25, 0x01, 0x25, 0x01, 0x25, 0x01, 0x25, 
	0x01, 0x25, 0x01, 0x25, 0x01, 0x25, 0x01, 0x25, 
	0x01, 0x25, 0x01, 0x25, 0x01, 0x25, 0x01, 0x25, 
	0x01, 0x25, 0x01, 0x25, 0x01, 0x25, 0x01, 0x25, 
	0x01, 0x25, 0x01, 0x25, 0x01, 0x25, 0x01, 0x25, 
	0x01, 0x25, 0x01, 0x25, 0x01, 0x25, 0x01, 0x25, 
	0x01, 0x25, 0x01, 0x25, 0x01, 0x25, 0x01, 0x25, 
	0x01, 0x25, 0x01, 0x25, 0x01, 0x25, 0x01, 0x25, 
	0x01, 0x25, 0x01, 0x25, 0x01, 0x25, 0x01, 0x25, 
	0x01, 0x25, 0x01, 0x25, 0x01, 0x25, 0x01, 0x25, 
	0x01, 0x25, 0x01, 0x25, 0x01, 0x25, 0x01, 0x25, 
	0x01, 0x65, 0x09, 0xa7, 0x09, 0xa7, 0x09, 0xa7, 
	0x01, 0x65, 0x01, 0x65, 0x01, 0x65, 0x01, 0x25, 
	0x01, 0x25, 0x01, 0x25, 0x01, 0x25, 0x01, 0x25, 
	0x01, 0x25, 0x01, 0x25, 0x01, 0x25, 0x01, 0x25, 
	0x01, 0x25, 0x01, 0x25, 0x01, 0x25, 0x01, 0x25, 
	0x01, 0x25, 0x01, 0x25, 0x01, 0x25, 0x01, 0x25, 
	0x01, 0x25, 0x01, 0x25, 0x01, 0x25, 0x01, 0x25, 
	0x01, 0x25, 0x01, 0x25, 0x01, 0x25, 0x01, 0x25, 
	0x01, 0x25, 0x01, 0x25, 0x01, 0x25, 0x01, 0x25, 
	0x01, 0x25, 0x01, 0x25, 0x01, 0x25, 0x01, 0x25, 
	0x01, 0x25, 0x01, 0x25, 0x01, 0x25, 0x01, 0x25, 
	0x01, 0x25, 0x01, 0x25, 0x01, 0x25, 0x01, 0x25, 
	0x01, 0x25, 0x01, 0x25, 0x01, 0x25, 0x01, 0x25, 
	0x01, 0x25, 0x01, 0x25, 0x01, 0x25, 0x01, 0x25, 
	0x01, 0x25, 0x01, 0x25, 0x01, 0x25, 0x01, 0x25, 
	0x01, 0x25, 0x01, 0x25, 0x01, 0x25, 0x01, 0x25, 
	0x01, 0x65, 0x01, 0x25, 0x01, 0x25, 0x01, 0x25, 
	0x01, 0x25, 0x01, 0x25, 0x01, 0x25, 0x01, 0x25, 
	0x01, 0x25, 0x01, 0x25, 0x01, 0x25, 0x01, 0x25, 
	0x01, 0x25, 0x01, 0x25, 0x01, 0x25, 0x01, 0x25, 
	0x01, 0x25, 0x01, 0x25, 0x01, 0x25, 0x01, 0x25, 
	0x01, 0x25, 0x01, 0x25, 0x01, 0x25, 0x01, 0x25, 
	0x01, 0x25, 0x01, 0x25, 0x01, 0x25, 0x01, 0x25, 
	0x01, 0x25, 0x01, 0x25, 0x01, 0x25, 0x01, 0x25, 
	0x01, 0x25, 0x01, 0x25, 0x01, 0x25, 0x01, 0x25, 
	0x01, 0x25, 0x01, 0x25, 0x01, 0x25, 0x01, 0x25, 
	0x01, 0x25, 0x01, 0x25, 0x01, 0x25, 0x01, 0x25, 
	0x01, 0x25, 0x01, 0x25, 0x01, 0x25, 0x01, 0x25, 
	0x01, 0x25, 0x01, 0x25, 0x01, 0x25, 0x01, 0x25, 
	0x01, 0x25, 0x01, 0x25, 0x01, 0x25, 0x01, 0x25, 
	0x01, 0x25, 0x01, 0x25, 0x01, 0x25, 0x01, 0x25, 
	0x01, 0x25, 0x01, 0x25, 0x01, 0x25, 0x01, 0x25, 
	0x01, 0x25, 0x01, 0x25, 0x01, 0x65, 0x01, 0x25, 
	0x01, 0x25, 0x01, 0x65, 0x01, 0x25, 0x01, 0x25, 
	0x01, 0x25, 0x01, 0x25, 0x01, 0x25, 0x01, 0x25, 
	0x01, 0x25, 0x01, 0x25, 0x01, 0x25, 0x01, 0x25, 
	0x01, 0x25, 0x01, 0x25, 0x01, 0x25, 0x01, 0x25, 
	0x01, 0x25, 0x01, 0x25, 0x01, 0x25, 0x01, 0x25, 
	0x01, 0x25, 0x01, 0x25, 0x01, 0x25, 0x01, 0x25, 
	0x01, 0x25, 0x01, 0x25, 0x01, 0x25, 0x01, 0x25, 
	0x01, 0x25, 0x01, 0x25, 0x01, 0x25, 0x01, 0x25, 
	0x01, 0x25, 0x01, 0x25, 0x01, 0x25, 0x01, 0x25, 
	0x01, 0x25, 0x01, 0x25, 0x01, 0x25, 0x01, 0x25, 
	0x01, 0x25, 0x01, 0x25, 0x01, 0x25, 0x01, 0x25, 
	0x01, 0x25, 0x01, 0x25, 0x01, 0x25, 0x01, 0x25, 
	0x01, 0x25, 0x01, 0x25, 0x01, 0x25, 0x01, 0x25, 
	0x01, 0x25, 0x01, 0x25, 0x01, 0x25, 0x01, 0x25, 
	0x01, 0x25, 0x01, 0x25, 0x01, 0x25, 0x01, 0x65, 
	0x11, 0xa5, 0x01, 0x65, 0x01, 0x25, 0x01, 0x25, 
	0x01, 0x25, 0x01, 0x25, 0x01, 0x25, 0x01, 0x25, 
	0x01, 0x25, 0x01, 0x25, 0x01, 0x25, 0x01, 0x25, 
	0x01, 0x25, 0x01, 0x25, 0x01, 0x25, 0x01, 0x25, 
	0x01, 0x25, 0x01, 0x25, 0x01, 0x25, 0x01, 0x25, 
	0x01, 0x25, 0x01, 0x25, 0x01, 0x25, 0x01, 0x25, 
	0x01, 0x25, 0x01, 0x25, 0x01, 0x25, 0x01, 0x25, 
	0x01, 0x25, 0x01, 0x25, 0x01, 0x25, 0x01, 0x25, 
	0x01, 0x25, 0x01, 0x25, 0x01, 0x25, 0x01, 0x25, 
	0x01, 0x25, 0x01, 0x25, 0x01, 0x25, 0x01, 0x25, 
	0x01, 0x25, 0x01, 0x65, 0x01, 0x65, 0x01, 0x25, 
	0x01, 0x25, 0x01, 0x25, 0x01, 0x25, 0x01, 0x65, 
	0x1a, 0x27, 0x01, 0x25, 0x01, 0x65, 0x4b, 0x6d, 
	0x09, 0x67, 0x01, 0x25, 0x01, 0x25, 0x01, 0x25, 
	0x01, 0x25, 0x01, 0x25, 0x01, 0x25, 0x01, 0x25, 
	0x01, 0x25, 0x01, 0x25, 0x01, 0x25, 0x01, 0x25, 
	0x01, 0x25, 0x01, 0x25, 0x01, 0x25, 0x01, 0x25, 
	0x01, 0x25, 0x01, 0x25, 0x01, 0x25, 0x01, 0x25, 
	0x01, 0x25, 0x01, 0x25, 0x01, 0x25, 0x01, 0x25, 
	0x01, 0x25, 0x01, 0x25, 0x01, 0x25, 0x01, 0x25, 
	0x01, 0x25, 0x01, 0x25, 0x01, 0x25, 0x01, 0x25, 
	0x01, 0x25, 0x01, 0x25, 0x01, 0x25, 0x01, 0x25, 
	0x01, 0x25, 0x01, 0x25, 0x01, 0x25, 0x01, 0x25, 
	0x01, 0x25, 0x01, 0x25, 0x01, 0x25, 0x01, 0x25, 
	0x01, 0x25, 0x01, 0x25, 0x01, 0x25, 0x01, 0x25, 
	0x01, 0x25, 0x01, 0x25, 0x01, 0x25, 0x01, 0x25, 
	0x01, 0x25, 0x01, 0x25, 0x01, 0x25, 0x01, 0x25, 
	0x01, 0x25, 0x01, 0x25, 0x01, 0x25, 0x01, 0x25, 
	0x01, 0x25, 0x01, 0x25, 0x01, 0x25, 0x01, 0x25, 
	0x01, 0x25, 0x01, 0x25, 0x09, 0x67, 0x09, 0x67, 
	0x01, 0x65, 0x4b, 0x6d, 0x4b, 0x6d, 0x7c, 0xb1, 
	0x7c, 0xb1, 0x7c, 0xb1, 0x7c, 0xb1, 0x1a, 0x27, 
	0x6c, 0x2f, 0x09, 0xa5, 0x01, 0x25, 0x01, 0x25, 
	0x01, 0x25, 0x01, 0x25, 0x01, 0x65, 0x01, 0x65, 
	0x01, 0x65, 0x01, 0x65, 0x01, 0x65, 0x01, 0x65, 
	0x01, 0x25, 0x01, 0x25, 0x01, 0x25, 0x01, 0x25, 
	0x01, 0x25, 0x01, 0x25, 0x01, 0x25, 0x01, 0x25, 
	0x01, 0x65, 0x01, 0x65, 0x01, 0x65, 0x01, 0x65, 
	0x01, 0x65, 0x01, 0x65, 0x01, 0x65, 0x01, 0x65, 
	0x01, 0x65, 0x01, 0x65, 0x01, 0x65, 0x01, 0x65, 
	0x01, 0x65, 0x01, 0x65, 0x01, 0x65, 0x01, 0x65, 
	0x01, 0x65, 0x01, 0x65, 0x01, 0x65, 0x01, 0x65, 
	0x09, 0x67, 0x4b, 0x6d, 0x4b, 0x6d, 0x4b, 0x6d, 
	0x4b, 0x6d, 0x4b, 0x6d, 0x4b, 0x6d, 0x6c, 0x2f, 
	0x95, 0x33, 0x7c, 0xb1, 0x95, 0x33, 0x8d, 0x33, 
	0x2a, 0xa7, 0x01, 0x65, 0x01, 0x65, 0x01, 0x65, 
	0x1a, 0x27, 0x4b, 0x6d, 0x4b, 0x6d, 0x1a, 0x27, 
	0x01, 0x65, 0x01, 0x65, 0x01, 0x65, 0x01, 0x65, 
	0x01, 0x65, 0x01, 0x65, 0x01, 0x65, 0x01, 0x65, 
	0x01, 0x65, 0x01, 0x65, 0x01, 0x65, 0x01, 0x65, 
	0x01, 0x65, 0x01, 0x65, 0x01, 0x65, 0x01, 0x65, 
	0x01, 0x65, 0x01, 0x65, 0x01, 0x65, 0x01, 0x65, 
	0x01, 0x65, 0x01, 0x65, 0x01, 0x65, 0x01, 0x65, 
	0x01, 0x65, 0x01, 0x65, 0x01, 0x65, 0x01, 0x65, 
	0x01, 0x65, 0x01, 0x65, 0x01, 0x65, 0x01, 0x65, 
	0x01, 0x65, 0x01, 0x65, 0x01, 0x25, 0x01, 0x25, 
	0x01, 0x25, 0x01, 0x25, 0x01, 0x25, 0x01, 0x65, 
	0x01, 0x65, 0x01, 0x65, 0x01, 0x65, 0x01, 0x65, 
	0x01, 0x65, 0x01, 0x65, 0x01, 0x65, 0x01, 0x65, 
	0x01, 0x65, 0x01, 0x65, 0x01, 0x65, 0x01, 0x25, 
	0x01, 0x25, 0x01, 0x25, 0x01, 0x65, 0x01, 0x65, 
	0x4b, 0x6d, 0x7c, 0xb1, 0x95, 0x33, 0x95, 0x33, 
	0x95, 0x33, 0x8d, 0x33, 0xad, 0xb5, 0xad, 0xb5, 
	0xad, 0xb5, 0xad, 0xb5, 0xad, 0xb5, 0xad, 0xb5, 
	0x2a, 0xa7, 0x1a, 0x27, 0x1a, 0x27, 0x1a, 0x27, 
	0x01, 0x65, 0x01, 0x65, 0x01, 0x65, 0x01, 0x65, 
	0x01, 0x65, 0x01, 0x65, 0x01, 0x65, 0x01, 0x65, 
	0x01, 0x65, 0x01, 0x65, 0x01, 0x65, 0x01, 0x65, 
	0x01, 0x65, 0x01, 0x65, 0x01, 0x65, 0x01, 0x65, 
	0x01, 0x65, 0x01, 0x65, 0x01, 0x65, 0x01, 0x65, 
	0x01, 0x65, 0x01, 0x65, 0x01, 0x65, 0x01, 0x65, 
	0x01, 0x65, 0x01, 0x65, 0x01, 0x65, 0x01, 0x65, 
	0x01, 0x65, 0x01, 0x65, 0x01, 0x65, 0x01, 0x65, 
	0x01, 0x65, 0x01, 0x65, 0x01, 0x65, 0x09, 0x67, 
	0x12, 0x27, 0x43, 0x2b, 0x6c, 0x6f, 0x6c, 0x6f, 
	0x6c, 0x6f, 0x6c, 0x6f, 0x6c, 0x6f, 0x6c, 0x6f, 
	0x6c, 0x6f, 0x6c, 0x6f, 0x6c, 0x6f, 0x8d, 0x33, 
	0x8d, 0x33, 0x95, 0x33, 0x7c, 0xb1, 0x8d, 0x33, 
	0x8d, 0x33, 0x8d, 0x33, 0x8d, 0x33, 0x2a, 0xa7, 
	0x01, 0x65, 0x01, 0x65, 0x01, 0x65, 0x01, 0x65, 
	0x01, 0x65, 0x01, 0x65, 0x01, 0x65, 0x01, 0x65, 
	0x01, 0x65, 0x01, 0x65, 0x01, 0x65, 0x01, 0x65, 
	0x01, 0x65, 0x01, 0x65, 0x01, 0x65, 0x01, 0x65, 
	0x01, 0x65, 0x01, 0x65, 0x01, 0x65, 0x01, 0x65, 
	0x01, 0x65, 0x01, 0x65, 0x01, 0x65, 0x01, 0x65, 
	0x01, 0x65, 0x01, 0x65, 0x01, 0x65, 0x01, 0x65, 
	0x01, 0x65, 0x01, 0x65, 0x01, 0x65, 0x01, 0x65, 
	0x01, 0x65, 0x01, 0x65, 0x09, 0x67, 0x01, 0x25, 
	0x09, 0x67, 0x01, 0x25, 0x01, 0x25, 0x01, 0x25, 
	0x01, 0x65, 0x01, 0x65, 0x01, 0x65, 0x01, 0x65, 
	0x01, 0x65, 0x01, 0x65, 0x01, 0x65, 0x01, 0x65, 
	0x01, 0x65, 0x01, 0x65, 0x01, 0x65, 0x01, 0x25, 
	0x01, 0x25, 0x01, 0x25, 0x01, 0x65, 0x11, 0xa5, 
	0x8d, 0x33, 0xad, 0xb5, 0xad, 0xb5, 0xad, 0xb5, 
	0xad, 0xb5, 0xad, 0xb5, 0xad, 0xb5, 0xad, 0xb5, 
	0xad, 0xb5, 0xad, 0xb5, 0x8d, 0x33, 0x8d, 0x33, 
	0x8d, 0x33, 0x43, 0x2b, 0x6c, 0x6f, 0x09, 0xa5, 
	0x09, 0x67, 0x01, 0x65, 0x6c, 0x2f, 0x2a, 0xa7, 
	0x1a, 0x27, 0x01, 0x65, 0x01, 0x65, 0x01, 0x65, 
	0x01, 0x65, 0x01, 0x65, 0x01, 0x65, 0x01, 0x65, 
	0x01, 0x65, 0x01, 0x65, 0x01, 0x65, 0x01, 0x65, 
	0x09, 0x67, 0x09, 0x67, 0x09, 0x67, 0x09, 0x67, 
	0x09, 0x67, 0x09, 0x67, 0x09, 0x67, 0x09, 0x67, 
	0x09, 0x67, 0x09, 0x67, 0x09, 0x67, 0x09, 0x67, 
	0x09, 0x67, 0x09, 0x67, 0x09, 0x67, 0x09, 0x67, 
	0x09, 0x67, 0x09, 0x67, 0x09, 0x67, 0x09, 0x67, 
	0x09, 0x67, 0x12, 0x27, 0x12, 0x27, 0x22, 0x69, 
	0x22, 0x69, 0x43, 0x2b, 0x43, 0x2b, 0x43, 0x2b, 
	0x43, 0x2b, 0x43, 0x2b, 0x43, 0x2b, 0x6c, 0x6f, 
	0x6c, 0x6f, 0x8d, 0x33, 0x8d, 0x33, 0x8d, 0x33, 
	0x8d, 0x33, 0x8d, 0x33, 0x8d, 0x33, 0x95, 0x33, 
	0x4b, 0x6d, 0x4b, 0x6d, 0x1a, 0x27, 0x09, 0x67, 
	0x09, 0x67, 0x09, 0x67, 0x09, 0x67, 0x09, 0x67, 
	0x09, 0x67, 0x09, 0x67, 0x09, 0x67, 0x09, 0x67, 
	0x09, 0x67, 0x09, 0x67, 0x09, 0x67, 0x09, 0x67, 
	0x09, 0x67, 0x09, 0x67, 0x09, 0x67, 0x09, 0x67, 
	0x09, 0x67, 0x09, 0x67, 0x09, 0x67, 0x09, 0x67, 
	0x09, 0x67, 0x09, 0x67, 0x09, 0x67, 0x09, 0x67, 
	0x09, 0x67, 0x09, 0x67, 0x09, 0x67, 0x09, 0x67, 
	0x09, 0x67, 0x09, 0x67, 0x09, 0x67, 0x09, 0x67, 
	0x09, 0x67, 0x09, 0x67, 0x09, 0x67, 0x09, 0x67, 
	0x09, 0x67, 0x09, 0x67, 0x09, 0x67, 0x09, 0x67, 
	0x09, 0x67, 0x09, 0x67, 0x09, 0x67, 0x09, 0x67, 
	0x09, 0x67, 0x09, 0x67, 0x09, 0x67, 0x09, 0x67, 
	0x09, 0x67, 0x09, 0xa9, 0x09, 0x67, 0x6c, 0x2f, 
	0x8d, 0x33, 0xad, 0xb5, 0xad, 0xb5, 0xad, 0xb5, 
	0xad, 0xb5, 0xad, 0xb5, 0xad, 0xb5, 0x8d, 0x33, 
	0x8d, 0x33, 0x8d, 0x33, 0x8d, 0x33, 0x8d, 0x33, 
	0x8d, 0x33, 0x8d, 0x33, 0x43, 0x2b, 0x4b, 0x6d, 
	0x4b, 0x6d, 0x1a, 0x27, 0x22, 0x69, 0x1a, 0x6b, 
	0x1a, 0x27, 0x09, 0x67, 0x09, 0x67, 0x09, 0x67, 
	0x09, 0x67, 0x09, 0x67, 0x09, 0x67, 0x09, 0x67, 
	0x09, 0x67, 0x09, 0x67, 0x09, 0x67, 0x09, 0x67, 
	0x09, 0x67, 0x09, 0x67, 0x09, 0x67, 0x09, 0x67, 
	0x09, 0x67, 0x09, 0x67, 0x09, 0x67, 0x09, 0x67, 
	0x09, 0x67, 0x09, 0x67, 0x09, 0x67, 0x09, 0x67, 
	0x09, 0x67, 0x09, 0x67, 0x09, 0x67, 0x09, 0x67, 
	0x09, 0x67, 0x09, 0x67, 0x09, 0x67, 0x09, 0x67, 
	0x09, 0x67, 0x09, 0x67, 0x09, 0x67, 0x09, 0x67, 
	0x09, 0x67, 0x12, 0x27, 0x22, 0x69, 0x12, 0x27, 
	0x12, 0x27, 0x43, 0x2b, 0x43, 0x2b, 0x43, 0x2b, 
	0x43, 0x2b, 0x6c, 0x6f, 0x43, 0x2b, 0x6c, 0x6f, 
	0x6c, 0x6f, 0x6c, 0x6f, 0x8d, 0x33, 0x8d, 0x33, 
	0x8d, 0x33, 0x8d, 0x33, 0x6c, 0x6f, 0x2a, 0xa7, 
	0x09, 0x67, 0x09, 0x67, 0x09, 0x67, 0x1a, 0x27, 
	0x4b, 0x6d, 0x09, 0x67, 0x11, 0xe9, 0x1a, 0x27, 
	0x09, 0x67, 0x09, 0x67, 0x09, 0xa9, 0x09, 0x67, 
	0x09, 0x67, 0x09, 0x67, 0x09, 0x67, 0x09, 0x67, 
	0x09, 0x67, 0x09, 0x67, 0x09, 0x67, 0x09, 0x67, 
	0x09, 0x67, 0x09, 0x67, 0x09, 0x67, 0x09, 0x67, 
	0x09, 0x67, 0x09, 0x67, 0x09, 0x67, 0x09, 0x67, 
	0x09, 0x67, 0x09, 0x67, 0x09, 0x67, 0x09, 0x67, 
	0x09, 0x67, 0x09, 0x67, 0x09, 0x67, 0x09, 0x67, 
	0x09, 0x67, 0x09, 0x67, 0x09, 0x67, 0x09, 0x67, 
	0x09, 0x67, 0x09, 0x67, 0x09, 0x67, 0x09, 0x67, 
	0x09, 0x67, 0x09, 0x67, 0x09, 0x67, 0x09, 0x67, 
	0x09, 0x67, 0x6c, 0x2f, 0x4b, 0x6d, 0x6c, 0x2f, 
	0x8d, 0x33, 0x8d, 0x33, 0x8d, 0x33, 0x8d, 0x33, 
	0x8d, 0x33, 0x8d, 0x33, 0x8d, 0x33, 0x8d, 0x33, 
	0x8d, 0x33, 0x8d, 0x33, 0x8d, 0x33, 0x8d, 0x33, 
	0x6c, 0x6f, 0x43, 0x2b, 0x22, 0x69, 0x43, 0x2b, 
	0x12, 0x27, 0x12, 0x27, 0x09, 0xa7, 0x12, 0x27, 
	0x09, 0xa5, 0x09, 0xa9, 0x09, 0x67, 0x09, 0x67, 
	0x09, 0x67, 0x09, 0x67, 0x09, 0x67, 0x09, 0x67, 
	0x09, 0x67, 0x09, 0x67, 0x09, 0x67, 0x09, 0x67, 
	0x09, 0x67, 0x09, 0x67, 0x09, 0x67, 0x09, 0x67, 
	0x09, 0x67, 0x09, 0x67, 0x09, 0x67, 0x09, 0x67, 
	0x09, 0x67, 0x09, 0x67, 0x09, 0x67, 0x09, 0x67, 
	0x09, 0x67, 0x09, 0x67, 0x09, 0x67, 0x09, 0x67, 
	0x09, 0x67, 0x09, 0x67, 0x09, 0x67, 0x09, 0x67, 
	0x09, 0x67, 0x09, 0x67, 0x09, 0x67, 0x09, 0x67, 
	0x09, 0x67, 0x09, 0x67, 0x09, 0xa9, 0x09, 0xe9, 
	0x1a, 0x6b, 0x12, 0x27, 0x22, 0x69, 0x43, 0x2b, 
	0x43, 0x2b, 0x22, 0x69, 0x22, 0x69, 0x43, 0x2b, 
	0x6c, 0x6f, 0x6c, 0x6f, 0x8d, 0x33, 0x8d, 0x33, 
	0x6c, 0x6f, 0x6c, 0x6f, 0x6c, 0x6f, 0x6c, 0x6f, 
	0x1a, 0x27, 0x09, 0xa9, 0x4b, 0x6d, 0x6c, 0x6f, 
	0x43, 0x2b, 0x4b, 0x6d, 0x95, 0x33, 0x95, 0x33, 
	0x95, 0x33, 0x95, 0x33, 0x95, 0x33, 0x7c, 0xb1, 
	0x09, 0xa9, 0x09, 0x67, 0x09, 0x67, 0x09, 0x67, 
	0x09, 0x67, 0x09, 0x67, 0x09, 0x67, 0x09, 0x67, 
	0x09, 0x67, 0x09, 0x67, 0x09, 0x67, 0x09, 0x67, 
	0x09, 0x67, 0x09, 0x67, 0x09, 0x67, 0x09, 0x67, 
	0x09, 0x67, 0x09, 0x67, 0x09, 0x67, 0x09, 0x67, 
	0x09, 0x67, 0x09, 0x67, 0x09, 0x67, 0x09, 0x67, 
	0x09, 0x67, 0x09, 0x67, 0x09, 0x67, 0x09, 0x67, 
	0x09, 0x67, 0x09, 0x67, 0x09, 0x67, 0x09, 0x67, 
	0x09, 0x67, 0x09, 0x67, 0x09, 0x67, 0x09, 0x67, 
	0x6c, 0x2f, 0x6c, 0x6f, 0x8d, 0x33, 0x8d, 0x33, 
	0x6c, 0x6f, 0x6c, 0x6f, 0x6c, 0x6f, 0x6c, 0x6f, 
	0x8d, 0x33, 0x8d, 0x33, 0x8d, 0x33, 0x6c, 0x6f, 
	0x6c, 0x6f, 0x6c, 0x6f, 0x6c, 0x6f, 0x6c, 0x6f, 
	0x6c, 0x6f, 0x95, 0x33, 0x4b, 0x6d, 0x43, 0x2b, 
	0x1a, 0x27, 0x1a, 0x27, 0x4b, 0x6d, 0x6c, 0x2f, 
	0x2a, 0xa7, 0x09, 0xa5, 0x09, 0xa7, 0x09, 0x67, 
	0x09, 0x67, 0x09, 0x67, 0x09, 0x67, 0x09, 0x67, 
	0x09, 0x67, 0x09, 0x67, 0x09, 0x67, 0x09, 0x67, 
	0x09, 0x67, 0x09, 0x67, 0x09, 0x67, 0x09, 0x67, 
	0x09, 0x67, 0x09, 0x67, 0x09, 0x67, 0x09, 0x67, 
	0x09, 0x67, 0x09, 0x67, 0x09, 0x67, 0x09, 0x67, 
	0x09, 0x67, 0x09, 0x67, 0x09, 0x67, 0x09, 0x67, 
	0x09, 0x67, 0x09, 0x67, 0x09, 0x67, 0x09, 0x67, 
	0x09, 0x67, 0x09, 0x67, 0x09, 0x67, 0x09, 0x67, 
	0x09, 0x67, 0x09, 0x67, 0x09, 0x67, 0x09, 0x67, 
	0x09, 0x67, 0x09, 0xa7, 0x12, 0x27, 0x22, 0x69, 
	0x09, 0xa5, 0x09, 0xa9, 0x09, 0xa9, 0x12, 0x27, 
	0x43, 0x2b, 0x43, 0x2b, 0x6c, 0x6f, 0x6c, 0x6f, 
	0x6c, 0x6f, 0x6c, 0x6f, 0x6c, 0x6f, 0x6c, 0x6f, 
	0x43, 0x2b, 0x22, 0x69, 0x43, 0x2b, 0x43, 0x2b, 
	0x95, 0x33, 0x8d, 0x33, 0x8d, 0x33, 0x8d, 0x33, 
	0x8d, 0x33, 0x8d, 0x33, 0x8d, 0x33, 0x8d, 0x33, 
	0x95, 0x33, 0x4b, 0x6d, 0x09, 0x67, 0x09, 0x67, 
	0x09, 0xa9, 0x09, 0x67, 0x09, 0x67, 0x09, 0x67, 
	0x09, 0x67, 0x09, 0x67, 0x09, 0x67, 0x09, 0x67, 
	0x09, 0x67, 0x09, 0x67, 0x09, 0x67, 0x09, 0x67, 
	0x09, 0x67, 0x09, 0x67, 0x09, 0x67, 0x09, 0x67, 
	0x09, 0x67, 0x09, 0x67, 0x09, 0x67, 0x09, 0x67, 
	0x09, 0x67, 0x09, 0x67, 0x09, 0x67, 0x09, 0x67, 
	0x09, 0x67, 0x09, 0x67, 0x09, 0x67, 0x09, 0x67, 
	0x09, 0x67, 0x09, 0x67, 0x09, 0x67, 0x4b, 0x6d, 
	0x43, 0x2b, 0x43, 0x2b, 0x6c, 0x6f, 0x6c, 0x6f, 
	0x43, 0x2b, 0x43, 0x2b, 0x43, 0x2b, 0x6c, 0x6f, 
	0x6c, 0x6f, 0x6c, 0x6f, 0x6c, 0x6f, 0x43, 0x2b, 
	0x43, 0x2b, 0x43, 0x2b, 0x6c, 0x6f, 0x6c, 0x6f, 
	0x6c, 0x6f, 0x8d, 0x33, 0x8d, 0x33, 0x6c, 0x6f, 
	0x6c, 0x6f, 0x6c, 0x6f, 0x43, 0x2b, 0x43, 0x2b, 
	0x22, 0x69, 0x09, 0xa7, 0x09, 0x67, 0x09, 0x67, 
	0x09, 0xa9, 0x09, 0x67, 0x09, 0x67, 0x09, 0x67, 
	0x09, 0x67, 0x09, 0x67, 0x09, 0x67, 0x09, 0x67, 
	0x09, 0x67, 0x09, 0x67, 0x09, 0x67, 0x09, 0x67, 
	0x09, 0x67, 0x09, 0x67, 0x09, 0x67, 0x09, 0x67, 
	0x09, 0x67, 0x09, 0x67, 0x09, 0x67, 0x09, 0x67, 
	0x09, 0x67, 0x09, 0x67, 0x09, 0x67, 0x4b, 0x6d, 
	0x2a, 0xa7, 0x12, 0x29, 0x09, 0x67, 0x09, 0x67, 
	0x09, 0x67, 0x09, 0x67, 0x09, 0x67, 0x09, 0x67, 
	0x09, 0x67, 0x09, 0x67, 0x09, 0x67, 0x09, 0x67, 
	0x09, 0x67, 0x09, 0x67, 0x09, 0x67, 0x09, 0x67, 
	0x09, 0x67, 0x09, 0x67, 0x09, 0x67, 0x09, 0x67, 
	0x12, 0x27, 0x22, 0x69, 0x43, 0x2b, 0x22, 0x69, 
	0x12, 0x27, 0x12, 0x27, 0x22, 0x69, 0x43, 0x2b, 
	0x43, 0x2b, 0x6c, 0x6f, 0x43, 0x2b, 0x6c, 0x6f, 
	0x6c, 0x6f, 0x6c, 0x6f, 0x8d, 0x33, 0x6c, 0x6f, 
	0x6c, 0x6f, 0x6c, 0x6f, 0x6c, 0x6f, 0x6c, 0x6f, 
	0x6c, 0x6f, 0x6c, 0x6f, 0x4b, 0x6d, 0x1a, 0x27, 
	0x09, 0x67, 0x09, 0x67, 0x09, 0x67, 0x09, 0x67, 
	0x09, 0x67, 0x09, 0x67, 0x09, 0x67, 0x09, 0x67, 
	0x09, 0x67, 0x09, 0x67, 0x09, 0x67, 0x09, 0x67, 
	0x09, 0x67, 0x09, 0x67, 0x09, 0x67, 0x09, 0x67, 
	0x09, 0x67, 0x09, 0x67, 0x09, 0x67, 0x09, 0x67, 
	0x09, 0x67, 0x09, 0x67, 0x09, 0x67, 0x09, 0x67, 
	0x09, 0x67, 0x09, 0x67, 0x09, 0x67, 0x09, 0x67, 
	0x09, 0x67, 0x09, 0x67, 0x09, 0x67, 0x11, 0xa5, 
	0x12, 0x27, 0x12, 0x27, 0x22, 0x69, 0x22, 0x69, 
	0x22, 0x69, 0x12, 0x27, 0x09, 0xa7, 0x09, 0xa7, 
	0x22, 0x69, 0x43, 0x2b, 0x43, 0x2b, 0x43, 0x2b, 
	0x43, 0x2b, 0x43, 0x2b, 0x43, 0x2b, 0x43, 0x2b, 
	0x43, 0x2b, 0x6c, 0x6f, 0x6c, 0x6f, 0x8d, 0x33, 
	0x43, 0x2b, 0x43, 0x2b, 0x22, 0x69, 0x09, 0xa7, 
	0x09, 0x67, 0x09, 0x67, 0x09, 0x67, 0x09, 0x67, 
	0x09, 0xa9, 0x09, 0xa9, 0x09, 0x67, 0x09, 0x67, 
	0x09, 0x67, 0x09, 0x67, 0x09, 0x67, 0x09, 0x67, 
	0x09, 0xa9, 0x09, 0xa9, 0x09, 0xa9, 0x09, 0xa9, 
	0x09, 0xa9, 0x09, 0xa9, 0x09, 0xa9, 0x09, 0xa9, 
	0x09, 0xa9, 0x09, 0xa9, 0x09, 0xa9, 0x09, 0xa9, 
	0x09, 0xa9, 0x09, 0xa9, 0x09, 0xa9, 0x12, 0x27, 
	0x22, 0x69, 0x2a, 0xa7, 0x11, 0xe9, 0x4b, 0x6d, 
	0x4b, 0x6d, 0x11, 0xe9, 0x09, 0xa9, 0x09, 0xa9, 
	0x09, 0xa9, 0x09, 0xa9, 0x09, 0xa9, 0x09, 0xa9, 
	0x09, 0xa9, 0x09, 0xa9, 0x09, 0xa9, 0x09, 0xa9, 
	0x09, 0xa9, 0x09, 0xa9, 0x09, 0xa9, 0x09, 0xa9, 
	0x09, 0xa9, 0x09, 0xa9, 0x09, 0xa7, 0x09, 0xa7, 
	0x09, 0xa9, 0x09, 0xa7, 0x12, 0x27, 0x12, 0x27, 
	0x22, 0x69, 0x43, 0x2b, 0x2a, 0xa7, 0x43, 0x2b, 
	0x43, 0x2b, 0x6c, 0x6f, 0x6c, 0x6f, 0x6c, 0x6f, 
	0x6c, 0x6f, 0x6c, 0x6f, 0x43, 0x2b, 0x43, 0x2b, 
	0x43, 0x2b, 0x43, 0x2b, 0x6c, 0x6f, 0x22, 0x69, 
	0x09, 0xa9, 0x09, 0xa9, 0x09, 0xa9, 0x09, 0xa9, 
	0x09, 0xa9, 0x09, 0xa9, 0x09, 0xa9, 0x09, 0xa9, 
	0x09, 0xa9, 0x09, 0xa9, 0x09, 0xa9, 0x09, 0xa9, 
	0x09, 0xa9, 0x09, 0xa9, 0x09, 0xa9, 0x09, 0xa9, 
	0x09, 0xa9, 0x09, 0xa9, 0x09, 0xa9, 0x09, 0xa9, 
	0x09, 0xa9, 0x09, 0xa9, 0x09, 0xa9, 0x09, 0xa9, 
	0x09, 0xa9, 0x09, 0xa9, 0x09, 0xa9, 0x09, 0xa9, 
	0x09, 0xa9, 0x09, 0xa9, 0x09, 0xa9, 0x09, 0xa9, 
	0x09, 0xa9, 0x09, 0xa9, 0x09, 0xa9, 0x09, 0xa9, 
	0x09, 0xa7, 0x09, 0xa9, 0x09, 0xa9, 0x09, 0xa9, 
	0x09, 0xa9, 0x12, 0x29, 0x12, 0x27, 0x09, 0xa7, 
	0x09, 0xa7, 0x22, 0x69, 0x22, 0x69, 0x12, 0x27, 
	0x43, 0x2b, 0x43, 0x2b, 0x22, 0x69, 0x22, 0x69, 
	0x12, 0x27, 0x09, 0xa7, 0x09, 0xa9, 0x09, 0xa9, 
	0x09, 0xa9, 0x09, 0xa9, 0x09, 0xa9, 0x09, 0xa9, 
	0x09, 0xa9, 0x09, 0xa9, 0x09, 0xa9, 0x09, 0xa9, 
	0x09, 0xa9, 0x09, 0xa9, 0x09, 0xa9, 0x09, 0xa9, 
	0x09, 0xa9, 0x09, 0xa9, 0x09, 0xa9, 0x09, 0xa9, 
	0x09, 0xa9, 0x09, 0xa9, 0x09, 0xa9, 0x12, 0x29, 
	0x1a, 0x6b, 0x4b, 0x6d, 0x2a, 0xa7, 0x4b, 0x6d, 
	0x1a, 0x6b, 0x2a, 0xa7, 0x11, 0xe9, 0x4b, 0x6d, 
	0x6c, 0x2f, 0x44, 0x33, 0x22, 0xef, 0x43, 0x2b, 
	0x2a, 0xa7, 0x12, 0x29, 0x09, 0xa7, 0x09, 0xa9, 
	0x09, 0xa9, 0x09, 0xa9, 0x09, 0xa9, 0x09, 0xa9, 
	0x09, 0xa9, 0x09, 0xa9, 0x09, 0xa9, 0x09, 0xa9, 
	0x09, 0xa9, 0x09, 0xa9, 0x09, 0xa9, 0x09, 0xa9, 
	0x09, 0xa9, 0x09, 0xa9, 0x09, 0xa9, 0x09, 0xa9, 
	0x09, 0xa9, 0x09, 0xa9, 0x09, 0xa9, 0x09, 0xa9, 
	0x12, 0x29, 0x12, 0x27, 0x43, 0x2b, 0x22, 0x69, 
	0x43, 0x2b, 0x43, 0x2b, 0x43, 0x2b, 0x43, 0x2b, 
	0x22, 0x69, 0x22, 0x69, 0x22, 0x69, 0x2a, 0xa7, 
	0x22, 0xad, 0x22, 0x69, 0x22, 0x69, 0x09, 0xa7, 
	0x09, 0xa9, 0x09, 0xa9, 0x09, 0xa9, 0x09, 0xa9, 
	0x09, 0xa9, 0x09, 0xa9, 0x09, 0xa9, 0x09, 0xe9, 
	0x09, 0xe9, 0x09, 0xa9, 0x09, 0xa9, 0x09, 0xa9, 
	0x09, 0xa9, 0x09, 0xe9, 0x09, 0xa9, 0x09, 0xa9, 
	0x09, 0xa9, 0x09, 0xa9, 0x09, 0xa9, 0x09, 0xa9, 
	0x09, 0xa9, 0x09, 0xa9, 0x09, 0xa9, 0x09, 0xa9, 
	0x09, 0xa9, 0x09, 0xa9, 0x09, 0xa9, 0x09, 0xa9, 
	0x09, 0xa9, 0x09, 0xa9, 0x09, 0xa9, 0x09, 0xa9, 
	0x09, 0xe9, 0x09, 0xa9, 0x09, 0xa9, 0x09, 0xa9, 
	0x09, 0xa9, 0x6c, 0x2f, 0x12, 0x29, 0x09, 0xa9, 
	0x09, 0xa9, 0x11, 0xe9, 0x09, 0xa9, 0x09, 0xa9, 
	0x09, 0xa9, 0x09, 0xa9, 0x12, 0x29, 0x6c, 0x2f, 
	0x43, 0x2b, 0x43, 0x2b, 0x43, 0x2b, 0x2a, 0xa7, 
	0x09, 0xa9, 0x09, 0xa9, 0x09, 0xa9, 0x09, 0xa9, 
	0x09, 0xa9, 0x09, 0xa9, 0x09, 0xa9, 0x09, 0xa9, 
	0x09, 0xa9, 0x09, 0xa9, 0x09, 0xa9, 0x09, 0xa9, 
	0x09, 0xa9, 0x09, 0xa9, 0x09, 0xa9, 0x09, 0xa9, 
	0x09, 0xe9, 0x09, 0xe9, 0x09, 0xe9, 0x09, 0xe9, 
	0x09, 0xe9, 0x09, 0xe9, 0x1a, 0x6b, 0x6c, 0x2f, 
	0x43, 0x2b, 0x6c, 0x6f, 0x6c, 0x6f, 0x6c, 0x6f, 
	0x6c, 0x6f, 0x6c, 0x6f, 0x6c, 0x6f, 0x6c, 0x6f, 
	0x6c, 0x6f, 0x43, 0x2b, 0x1a, 0x6b, 0x09, 0xe9, 
	0x09, 0xe9, 0x09, 0xe9, 0x09, 0xe9, 0x09, 0xe9, 
	0x09, 0xe9, 0x09, 0xe9, 0x09, 0xe9, 0x09, 0xe9, 
	0x09, 0xe9, 0x09, 0xe9, 0x09, 0xe9, 0x09, 0xe9, 
	0x09, 0xe9, 0x09, 0xe9, 0x09, 0xe9, 0x09, 0xe9, 
	0x09, 0xe9, 0x09, 0xe9, 0x09, 0xe9, 0x09, 0xe9, 
	0x09, 0xe9, 0x09, 0xe9, 0x09, 0xe9, 0x09, 0xe9, 
	0x09, 0xe9, 0x09, 0xe9, 0x09, 0xe9, 0x09, 0xe9, 
	0x12, 0x27, 0x12, 0x27, 0x09, 0xa7, 0x09, 0xe9, 
	0x09, 0xe9, 0x09, 0xe9, 0x09, 0xe9, 0x09, 0xa7, 
	0x09, 0xe9, 0x09, 0xe9, 0x09, 0xe9, 0x09, 0xe9, 
	0x09, 0xe9, 0x09, 0xe9, 0x09, 0xe9, 0x11, 0xe9, 
	0x11, 0xe9, 0x11, 0xe9, 0x09, 0xe9, 0x09, 0xe9, 
	0x11, 0xe9, 0x09, 0xe9, 0x09, 0xe9, 0x09, 0xe9, 
	0x09, 0xe9, 0x09, 0xe9, 0x09, 0xe9, 0x09, 0xe9, 
	0x09, 0xe9, 0x09, 0xe9, 0x09, 0xe9, 0x09, 0xe9, 
	0x09, 0xe9, 0x09, 0xe9, 0x09, 0xe9, 0x09, 0xe9, 
	0x09, 0xe9, 0x09, 0xe9, 0x09, 0xe9, 0x11, 0xe9, 
	0x11, 0xe9, 0x11, 0xe9, 0x09, 0xe9, 0x09, 0xe9, 
	0x09, 0xe9, 0x09, 0xe9, 0x09, 0xe9, 0x09, 0xe9, 
	0x09, 0xe9, 0x12, 0x27, 0x09, 0xa5, 0x09, 0xe9, 
	0x12, 0x29, 0x22, 0xef, 0x1a, 0x6b, 0x22, 0xad, 
	0x11, 0xe9, 0x09, 0xe9, 0x12, 0x29, 0x22, 0x69, 
	0x22, 0x69, 0x43, 0x2b, 0x22, 0x69, 0x12, 0x29, 
	0x09, 0xe9, 0x09, 0xe9, 0x09, 0xe9, 0x11, 0xe9, 
	0x09, 0xe9, 0x11, 0xe9, 0x09, 0xe9, 0x09, 0xe9, 
	0x09, 0xe9, 0x09, 0xe9, 0x09, 0xe9, 0x09, 0xe9, 
	0x09, 0xe9, 0x09, 0xe9, 0x09, 0xe9, 0x09, 0xe9, 
	0x11, 0xe9, 0x11, 0xe9, 0x11, 0xe9, 0x11, 0xe9, 
	0x11, 0xe9, 0x11, 0xe9, 0x1a, 0x6b, 0x43, 0x2b, 
	0x22, 0x69, 0x43, 0x2b, 0x6c, 0x6f, 0x6c, 0x6f, 
	0x6c, 0x6f, 0x6c, 0x6f, 0x6c, 0x6f, 0x43, 0x2b, 
	0x22, 0x69, 0x12, 0x27, 0x11, 0xe9, 0x11, 0xe9, 
	0x11, 0xe9, 0x11, 0xe9, 0x11, 0xe9, 0x11, 0xe9, 
	0x11, 0xe9, 0x11, 0xe9, 0x11, 0xe9, 0x11, 0xe9, 
	0x11, 0xe9, 0x11, 0xe9, 0x11, 0xe9, 0x11, 0xe9, 
	0x11, 0xe9, 0x11, 0xe9, 0x11, 0xe9, 0x11, 0xe9, 
	0x11, 0xe9, 0x11, 0xe9, 0x11, 0xe9, 0x11, 0xe9, 
	0x11, 0xe9, 0x11, 0xe9, 0x11, 0xe9, 0x11, 0xe9, 
	0x11, 0xe9, 0x11, 0xe9, 0x11, 0xe9, 0x11, 0xe9, 
	0x11, 0xe9, 0x11, 0xe9, 0x11, 0xe9, 0x11, 0xe9, 
	0x11, 0xe9, 0x11, 0xe9, 0x11, 0xe9, 0x11, 0xe9, 
	0x11, 0xe9, 0x11, 0xe9, 0x11, 0xe9, 0x11, 0xe9, 
	0x11, 0xe9, 0x11, 0xe9, 0x11, 0xe9, 0x11, 0xe9, 
	0x11, 0xe9, 0x11, 0xe9, 0x11, 0xe9, 0x11, 0xe9, 
	0x11, 0xe9, 0x11, 0xe9, 0x11, 0xe9, 0x11, 0xe9, 
	0x11, 0xe9, 0x11, 0xe9, 0x11, 0xe9, 0x4b, 0x6d, 
	0x4b, 0x6d, 0x12, 0x29, 0x1a, 0x27, 0x4b, 0x6d, 
	0x12, 0x29, 0x1a, 0x6b, 0x1a, 0x6b, 0x4b, 0x6d, 
	0x4b, 0x6d, 0x1a, 0x6b, 0x12, 0x29, 0x11, 0xe9, 
	0x11, 0xe9, 0x11, 0xe9, 0x11, 0xe9, 0x11, 0xe9, 
	0x11, 0xe9, 0x11, 0xe9, 0x11, 0xe9, 0x11, 0xe9, 
	0x11, 0xe9, 0x11, 0xe9, 0x11, 0xe9, 0x11, 0xe9, 
	0x12, 0x29, 0x12, 0x29, 0x11, 0xe9, 0x11, 0xe9, 
	0x11, 0xe9, 0x11, 0xe9, 0x11, 0xe9, 0x11, 0xe9, 
	0x11, 0xe9, 0x11, 0xe9, 0x11, 0xe9, 0x11, 0xe9, 
	0x11, 0xe9, 0x11, 0xe9, 0x11, 0xe9, 0x11, 0xe9, 
	0x11, 0xe9, 0x11, 0xe9, 0x11, 0xe9, 0x11, 0xe9, 
	0x11, 0xe9, 0x11, 0xe9, 0x11, 0xe9, 0x11, 0xe9, 
	0x11, 0xe9, 0x11, 0xe9, 0x11, 0xe9, 0x11, 0xe9, 
	0x12, 0x29, 0x12, 0x29, 0x12, 0x29, 0x12, 0x29, 
	0x12, 0x29, 0x12, 0x29, 0x12, 0x27, 0x22, 0xad, 
	0x1a, 0x6b, 0x43, 0x2b, 0x43, 0x2b, 0x43, 0x2b, 
	0x6c, 0x6f, 0x43, 0x2b, 0x43, 0x2b, 0x22, 0x69, 
	0x1a, 0x6b, 0x12, 0x29, 0x12, 0x29, 0x12, 0x29, 
	0x12, 0x29, 0x12, 0x29, 0x12, 0x29, 0x12, 0x29, 
	0x12, 0x29, 0x12, 0x29, 0x12, 0x29, 0x12, 0x29, 
	0x12, 0x29, 0x12, 0x29, 0x12, 0x29, 0x12, 0x29, 
	0x12, 0x29, 0x12, 0x29, 0x12, 0x29, 0x12, 0x29, 
	0x12, 0x29, 0x12, 0x29, 0x12, 0x29, 0x12, 0x29, 
	0x12, 0x29, 0x12, 0x29, 0x12, 0x29, 0x12, 0x29, 
	0x12, 0x29, 0x12, 0x29, 0x12, 0x29, 0x12, 0x29, 
	0x12, 0x29, 0x12, 0x29, 0x12, 0x29, 0x12, 0x29, 
	0x12, 0x29, 0x12, 0x29, 0x12, 0x29, 0x12, 0x29, 
	0x12, 0x29, 0x12, 0x29, 0x12, 0x29, 0x12, 0x29, 
	0x12, 0x29, 0x12, 0x29, 0x12, 0x29, 0x12, 0x29, 
	0x12, 0x29, 0x12, 0x29, 0x12, 0x29, 0x12, 0x29, 
	0x12, 0x29, 0x12, 0x29, 0x12, 0x29, 0x12, 0x29, 
	0x1a, 0x6b, 0x1a, 0x6b, 0x6c, 0x2f, 0x43, 0x2b, 
	0x43, 0x2b, 0x7c, 0xb1, 0x6c, 0x6f, 0x6c, 0x6f, 
	0x43, 0x2b, 0x43, 0x2b, 0x44, 0x33, 0x6c, 0x6f, 
	0x6c, 0x6f, 0x43, 0x2b, 0x1a, 0x6b, 0x12, 0x29, 
	0x12, 0x29, 0x12, 0x29, 0x12, 0x29, 0x12, 0x29, 
	0x12, 0x29, 0x12, 0x29, 0x12, 0x29, 0x12, 0x29, 
	0x12, 0x29, 0x12, 0x29, 0x12, 0x29, 0x12, 0x29, 
	0x12, 0x29, 0x12, 0x29, 0x12, 0x29, 0x12, 0x29, 
	0x12, 0x29, 0x12, 0x29, 0x12, 0x29, 0x12, 0x29, 
	0x12, 0x29, 0x12, 0x29, 0x12, 0x29, 0x12, 0x29, 
	0x12, 0x29, 0x12, 0x29, 0x12, 0x29, 0x12, 0x29, 
	0x12, 0x29, 0x12, 0x29, 0x12, 0x29, 0x12, 0x29, 
	0x12, 0x29, 0x12, 0x29, 0x12, 0x29, 0x12, 0x29, 
	0x12, 0x29, 0x12, 0x29, 0x12, 0x29, 0x12, 0x29, 
	0x12, 0x29, 0x12, 0x29, 0x12, 0x29, 0x12, 0x29, 
	0x12, 0x29, 0x12, 0x29, 0x12, 0x29, 0x12, 0x29, 
	0x12, 0x29, 0x12, 0x29, 0x12, 0x27, 0x22, 0x69, 
	0x43, 0x2b, 0x22, 0x69, 0x1a, 0x6b, 0x1a, 0x6b, 
	0x1a, 0x6b, 0x12, 0x29, 0x12, 0x29, 0x12, 0x29, 
	0x12, 0x29, 0x12, 0x29, 0x12, 0x29, 0x12, 0x29, 
	0x12, 0x29, 0x12, 0x29, 0x12, 0x29, 0x12, 0x29, 
	0x12, 0x29, 0x12, 0x29, 0x12, 0x29, 0x12, 0x29, 
	0x12, 0x29, 0x12, 0x29, 0x12, 0x29, 0x12, 0x29, 
	0x12, 0x29, 0x12, 0x29, 0x12, 0x29, 0x12, 0x29, 
	0x12, 0x29, 0x12, 0x29, 0x12, 0x29, 0x12, 0x29, 
	0x12, 0x29, 0x12, 0x29, 0x12, 0x29, 0x12, 0x29, 
	0x12, 0x29, 0x12, 0x29, 0x12, 0x29, 0x12, 0x29, 
	0x12, 0x29, 0x12, 0x29, 0x12, 0x29, 0x12, 0x29, 
	0x12, 0x29, 0x12, 0x29, 0x12, 0x29, 0x12, 0x29, 
	0x12, 0x29, 0x12, 0x29, 0x12, 0x29, 0x12, 0x29, 
	0x12, 0x29, 0x12, 0x29, 0x12, 0x29, 0x12, 0x29, 
	0x12, 0x29, 0x1a, 0x6b, 0x4b, 0x6d, 0x7c, 0xb1, 
	0x6c, 0x6f, 0x6c, 0x6f, 0x6c, 0x6f, 0x6c, 0x6f, 
	0x6c, 0x6f, 0x6c, 0x6f, 0x6c, 0x6f, 0x44, 0x33, 
	0x43, 0x2b, 0x6c, 0x6f, 0x6c, 0x6f, 0x6c, 0x6f, 
	0x6c, 0x6f, 0x95, 0x33, 0x95, 0x33, 0x95, 0x33, 
	0x4b, 0x6d, 0x1a, 0x6b, 0x12, 0x29, 0x12, 0x29, 
	0x12, 0x29, 0x12, 0x29, 0x12, 0x29, 0x12, 0x29, 
	0x12, 0x29, 0x12, 0x29, 0x12, 0x29, 0x12, 0x29, 
	0x12, 0x29, 0x12, 0x29, 0x12, 0x29, 0x12, 0x29, 
	0x12, 0x29, 0x12, 0x29, 0x12, 0x29, 0x12, 0x29, 
	0x12, 0x29, 0x12, 0x29, 0x12, 0x29, 0x12, 0x29, 
	0x12, 0x29, 0x12, 0x29, 0x12, 0x29, 0x12, 0x29, 
	0x12, 0x29, 0x12, 0x29, 0x12, 0x29, 0x12, 0x29, 
	0x12, 0x29, 0x12, 0x29, 0x12, 0x29, 0x12, 0x29, 
	0x12, 0x29, 0x12, 0x29, 0x12, 0x29, 0x12, 0x29, 
	0x12, 0x29, 0x12, 0x29, 0x12, 0x29, 0x12, 0x29, 
	0x12, 0x29, 0x12, 0x29, 0x12, 0x29, 0x12, 0x29, 
	0x12, 0x29, 0x12, 0x29, 0x12, 0x29, 0x12, 0x29, 
	0x12, 0x29, 0x12, 0x29, 0x12, 0x29, 0x22, 0x69, 
	0x22, 0xef, 0x1a, 0x6b, 0x12, 0x29, 0x12, 0x29, 
	0x12, 0x29, 0x12, 0x29, 0x12, 0x29, 0x12, 0x29, 
	0x12, 0x29, 0x12, 0x29, 0x12, 0x29, 0x12, 0x29, 
	0x12, 0x29, 0x12, 0x29, 0x12, 0x29, 0x12, 0x29, 
	0x12, 0x29, 0x12, 0x29, 0x12, 0x29, 0x12, 0x29, 
	0x12, 0x29, 0x12, 0x29, 0x12, 0x29, 0x12, 0x29, 
	0x12, 0x29, 0x12, 0x29, 0x12, 0x29, 0x12, 0x29, 
	0x12, 0x29, 0x12, 0x29, 0x12, 0x29, 0x12, 0x29, 
	0x12, 0x29, 0x12, 0x29, 0x12, 0x29, 0x12, 0x29, 
	0x12, 0x29, 0x12, 0x29, 0x12, 0x29, 0x12, 0x29, 
	0x12, 0x29, 0x12, 0x29, 0x12, 0x29, 0x12, 0x29, 
	0x12, 0x29, 0x12, 0x29, 0x12, 0x29, 0x12, 0x29, 
	0x12, 0x29, 0x12, 0x29, 0x12, 0x29, 0x12, 0x29, 
	0x12, 0x29, 0x22, 0x69, 0x22, 0x69, 0x43, 0x2b, 
	0x6c, 0x6f, 0x6c, 0x6f, 0x6c, 0x6f, 0x6c, 0x6f, 
	0x6c, 0x6f, 0x6c, 0x6f, 0x6c, 0x6f, 0x6c, 0x6f, 
	0x8d, 0x33, 0x8d, 0x33, 0x6c, 0x6f, 0x6c, 0x6f, 
	0x8d, 0x33, 0x6c, 0x6f, 0x6c, 0x6f, 0x6c, 0x6f, 
	0x6c, 0x6f, 0x44, 0x33, 0x4b, 0x6d, 0x1a, 0x6b, 
	0x12, 0x29, 0x12, 0x29, 0x12, 0x29, 0x12, 0x29, 
	0x12, 0x29, 0x12, 0x29, 0x12, 0x29, 0x12, 0x29, 
	0x12, 0x29, 0x12, 0x29, 0x12, 0x29, 0x12, 0x29, 
	0x12, 0x29, 0x12, 0x29, 0x12, 0x29, 0x12, 0x29, 
	0x12, 0x29, 0x12, 0x29, 0x12, 0x29, 0x12, 0x29, 
	0x12, 0x29, 0x12, 0x29, 0x12, 0x29, 0x12, 0x29, 
	0x12, 0x29, 0x12, 0x29, 0x12, 0x29, 0x12, 0x29, 
	0x12, 0x29, 0x12, 0x29, 0x12, 0x29, 0x12, 0x29, 
	0x12, 0x29, 0x12, 0x29, 0x12, 0x29, 0x12, 0x29, 
	0x12, 0x29, 0x12, 0x29, 0x12, 0x29, 0x12, 0x29, 
	0x12, 0x29, 0x12, 0x29, 0x12, 0x29, 0x12, 0x29, 
	0x12, 0x29, 0x12, 0x29, 0x12, 0x29, 0x12, 0x29, 
	0x12, 0x29, 0x12, 0x29, 0x12, 0x29, 0x12, 0x2b, 
	0x1a, 0x6b, 0x12, 0x29, 0x12, 0x29, 0x12, 0x29, 
	0x12, 0x29, 0x12, 0x29, 0x12, 0x29, 0x12, 0x29, 
	0x12, 0x29, 0x12, 0x29, 0x12, 0x29, 0x12, 0x29, 
	0x12, 0x29, 0x12, 0x29, 0x12, 0x29, 0x12, 0x29, 
	0x12, 0x29, 0x12, 0x29, 0x12, 0x29, 0x12, 0x29, 
	0x12, 0x29, 0x12, 0x29, 0x12, 0x29, 0x12, 0x29, 
	0x12, 0x29, 0x12, 0x29, 0x12, 0x29, 0x12, 0x29, 
	0x12, 0x29, 0x12, 0x29, 0x12, 0x29, 0x12, 0x29, 
	0x12, 0x29, 0x12, 0x29, 0x12, 0x29, 0x12, 0x29, 
	0x12, 0x29, 0x12, 0x29, 0x12, 0x29, 0x12, 0x29, 
	0x12, 0x29, 0x12, 0x29, 0x12, 0x29, 0x12, 0x29, 
	0x12, 0x29, 0x12, 0x29, 0x12, 0x29, 0x12, 0x29, 
	0x12, 0x29, 0x12, 0x29, 0x12, 0x29, 0x12, 0x29, 
	0x12, 0x29, 0x12, 0x29, 0x22, 0x69, 0x6c, 0x6f, 
	0x6c, 0x6f, 0x6c, 0x6f, 0x6c, 0x6f, 0x6c, 0x6f, 
	0x6c, 0x6f, 0x6c, 0x6f, 0x6c, 0x6f, 0x6c, 0x6f, 
	0x6c, 0x6f, 0x6c, 0x6f, 0x6c, 0x6f, 0x6c, 0x6f, 
	0x6c, 0x6f, 0x6c, 0x6f, 0x6c, 0x6f, 0x6c, 0x6f, 
	0x43, 0x2b, 0x43, 0x2b, 0x43, 0x2b, 0x22, 0x69, 
	0x12, 0x2b, 0x12, 0x2b, 0x12, 0x2b, 0x12, 0x2b, 
	0x12, 0x29, 0x12, 0x29, 0x12, 0x29, 0x12, 0x29, 
	0x12, 0x29, 0x12, 0x29, 0x12, 0x29, 0x12, 0x29, 
	0x12, 0x29, 0x12, 0x29, 0x12, 0x29, 0x12, 0x29, 
	0x12, 0x29, 0x12, 0x29, 0x12, 0x29, 0x12, 0x29, 
	0x12, 0x29, 0x12, 0x29, 0x12, 0x29, 0x12, 0x29, 
	0x12, 0x29, 0x12, 0x29, 0x12, 0x29, 0x12, 0x29, 
	0x12, 0x29, 0x12, 0x29, 0x12, 0x29, 0x12, 0x29, 
	0x12, 0x29, 0x12, 0x29, 0x12, 0x29, 0x12, 0x29, 
	0x12, 0x2b, 0x12, 0x2b, 0x12, 0x2b, 0x12, 0x2b, 
	0x12, 0x2b, 0x12, 0x2b, 0x12, 0x2b, 0x12, 0x2b, 
	0x12, 0x2b, 0x12, 0x2b, 0x12, 0x2b, 0x12, 0x2b, 
	0x12, 0x2b, 0x12, 0x2b, 0x12, 0x2b, 0x12, 0x2b, 
	0x12, 0x2b, 0x12, 0x2b, 0x12, 0x2b, 0x12, 0x2b, 
	0x12, 0x2b, 0x12, 0x2b, 0x12, 0x2b, 0x12, 0x2b, 
	0x12, 0x2b, 0x12, 0x2b, 0x12, 0x2b, 0x12, 0x2b, 
	0x12, 0x2b, 0x12, 0x2b, 0x12, 0x2b, 0x12, 0x2b, 
	0x12, 0x2b, 0x12, 0x2b, 0x12, 0x2b, 0x12, 0x2b, 
	0x12, 0x2b, 0x12, 0x2b, 0x12, 0x2b, 0x12, 0x2b, 
	0x12, 0x2b, 0x12, 0x2b, 0x12, 0x2b, 0x12, 0x2b, 
	0x12, 0x2b, 0x12, 0x2b, 0x12, 0x2b, 0x12, 0x2b, 
	0x12, 0x2b, 0x12, 0x2b, 0x12, 0x2b, 0x12, 0x2b, 
	0x12, 0x2b, 0x12, 0x2b, 0x12, 0x2b, 0x12, 0x2b, 
	0x12, 0x2b, 0x12, 0x2b, 0x12, 0x2b, 0x12, 0x2b, 
	0x12, 0x2b, 0x12, 0x2b, 0x12, 0x2b, 0x12, 0x2b, 
	0x12, 0x2b, 0x12, 0x2b, 0x12, 0x2b, 0x12, 0x2b, 
	0x12, 0x2b, 0x12, 0x2b, 0x12, 0x2b, 0x1a, 0x6b, 
	0x22, 0x69, 0x43, 0x2b, 0x22, 0x69, 0x43, 0x2b, 
	0x22, 0x69, 0x1a, 0x6b, 0x22, 0x69, 0x22, 0x69, 
	0x22, 0x69, 0x1a, 0x6b, 0x12, 0x27, 0x22, 0x69, 
	0x22, 0x69, 0x22, 0x69, 0x22, 0x69, 0x1a, 0x6b, 
	0x1a, 0x6b, 0x12, 0x2b, 0x12, 0x2b, 0x12, 0x2b, 
	0x12, 0x2b, 0x12, 0x2b, 0x12, 0x2b, 0x12, 0x2b, 
	0x12, 0x2b, 0x12, 0x2b, 0x12, 0x2b, 0x12, 0x2b, 
	0x12, 0x2b, 0x12, 0x2b, 0x12, 0x2b, 0x12, 0x2b, 
	0x12, 0x2b, 0x12, 0x2b, 0x12, 0x2b, 0x12, 0x2b, 
	0x12, 0x2b, 0x12, 0x2b, 0x12, 0x2b, 0x12, 0x2b, 
	0x12, 0x2b, 0x12, 0x2b, 0x12, 0x2b, 0x12, 0x2b, 
	0x12, 0x2b, 0x12, 0x2b, 0x12, 0x2b, 0x12, 0x2b, 
	0x12, 0x2b, 0x12, 0x2b, 0x12, 0x2b, 0x12, 0x2b, 
	0x12, 0x2b, 0x12, 0x2b, 0x12, 0x2b, 0x12, 0x2b, 
	0x12, 0x2b, 0x12, 0x2b, 0x12, 0x2b, 0x12, 0x2b, 
	0x12, 0x2b, 0x12, 0x2b, 0x12, 0x2b, 0x12, 0x2b, 
	0x12, 0x2b, 0x12, 0x2b, 0x12, 0x2b, 0x12, 0x2b, 
	0x12, 0x2b, 0x12, 0x2b, 0x12, 0x2b, 0x12, 0x2b, 
	0x12, 0x2b, 0x12, 0x2b, 0x12, 0x2b, 0x12, 0x2b, 
	0x12, 0x2b, 0x12, 0x2b, 0x12, 0x2b, 0x12, 0x2b, 
	0x12, 0x2b, 0x12, 0x2b, 0x12, 0x2b, 0x12, 0x2b, 
	0x12, 0x2b, 0x12, 0x2b, 0x12, 0x2b, 0x12, 0x2b, 
	0x12, 0x2b, 0x12, 0x2b, 0x12, 0x2b, 0x12, 0x2b, 
	0x12, 0x2b, 0x12, 0x2b, 0x12, 0x2b, 0x12, 0x2b, 
	0x12, 0x2b, 0x12, 0x2b, 0x12, 0x2b, 0x12, 0x2b, 
	0x12, 0x2b, 0x12, 0x2b, 0x12, 0x2b, 0x12, 0x2b, 
	0x12, 0x2b, 0x12, 0x2b, 0x12, 0x2b, 0x12, 0x2b, 
	0x12, 0x2b, 0x12, 0x2b, 0x12, 0x2b, 0x12, 0x2b, 
	0x12, 0x2b, 0x12, 0x2b, 0x12, 0x2b, 0x12, 0x2b, 
	0x12, 0x2b, 0x12, 0x2b, 0x12, 0x2b, 0x12, 0x2b, 
	0x12, 0x2b, 0x12, 0x2b, 0x12, 0x2b, 0x12, 0x2b, 
	0x12, 0x2b, 0x12, 0x2b, 0x12, 0x2b, 0x1a, 0x6b, 
	0x1a, 0x6b, 0x1a, 0x6b, 0x1a, 0x6b, 0x1a, 0x6b, 
	0x12, 0x2b, 0x12, 0x2b, 0x12, 0x2b, 0x1a, 0x6b, 
	0x1a, 0x6b, 0x1a, 0x6b, 0x1a, 0x6b, 0x1a, 0x6b, 
	0x12, 0x2b, 0x1a, 0x6b, 0x12, 0x2b, 0x12, 0x2b, 
	0x1a, 0x6b, 0x1a, 0x6b, 0x12, 0x2b, 0x12, 0x2b, 
	0x12, 0x2b, 0x12, 0x2b, 0x12, 0x2b, 0x12, 0x2b, 
	0x12, 0x2b, 0x12, 0x2b, 0x12, 0x2b, 0x12, 0x2b, 
	0x12, 0x2b, 0x12, 0x2b, 0x12, 0x2b, 0x12, 0x2b, 
	0x12, 0x2b, 0x12, 0x2b, 0x12, 0x2b, 0x12, 0x2b, 
	0x12, 0x2b, 0x12, 0x2b, 0x12, 0x2b, 0x12, 0x2b, 
	0x12, 0x2b, 0x12, 0x2b, 0x12, 0x2b, 0x12, 0x2b, 
	0x12, 0x2b, 0x12, 0x2b, 0x12, 0x2b, 0x12, 0x2b, 
	0x12, 0x2b, 0x12, 0x2b, 0x12, 0x2b, 0x12, 0x2b, 
	0x12, 0x2b, 0x12, 0x2b, 0x12, 0x2b, 0x12, 0x2b, 
	0x1a, 0x6b, 0x1a, 0x6b, 0x1a, 0x6b, 0x1a, 0x6b, 
	0x1a, 0x6b, 0x1a, 0x6b, 0x1a, 0x6b, 0x1a, 0x6b, 
	0x1a, 0x6b, 0x1a, 0x6b, 0x1a, 0x6b, 0x1a, 0x6b, 
	0x1a, 0x6b, 0x1a, 0x6b, 0x1a, 0x6b, 0x1a, 0x6b, 
	0x1a, 0x6b, 0x1a, 0x6b, 0x1a, 0x6b, 0x1a, 0x6b, 
	0x1a, 0x6b, 0x1a, 0x6b, 0x1a, 0x6b, 0x1a, 0x6b, 
	0x1a, 0x6b, 0x1a, 0x6b, 0x1a, 0x6b, 0x1a, 0x6b, 
	0x1a, 0x6b, 0x1a, 0x6b, 0x1a, 0x6b, 0x1a, 0x6b, 
	0x1a, 0x6b, 0x1a, 0x6b, 0x1a, 0x6b, 0x1a, 0x6b, 
	0x1a, 0x6b, 0x1a, 0x6b, 0x1a, 0x6b, 0x1a, 0x6b, 
	0x1a, 0x6b, 0x1a, 0x6b, 0x1a, 0x6b, 0x1a, 0x6b, 
	0x1a, 0x6b, 0x1a, 0x6b, 0x1a, 0x6b, 0x1a, 0x6b, 
	0x1a, 0x6b, 0x1a, 0x6b, 0x1a, 0x6b, 0x1a, 0x6b, 
	0x1a, 0x6b, 0x1a, 0x6b, 0x1a, 0x6b, 0x1a, 0x6b, 
	0x1a, 0x6b, 0x1a, 0x6b, 0x1a, 0x6b, 0x1a, 0x6b, 
	0x1a, 0x6b, 0x1a, 0x6b, 0x1a, 0x6b, 0x1a, 0x6b, 
	0x1a, 0x6b, 0x1a, 0x6b, 0x1a, 0x6b, 0x1a, 0x6b, 
	0x1a, 0x6b, 0x1a, 0x6b, 0x1a, 0x6b, 0x1a, 0x6b, 
	0x1a, 0x6b, 0x1a, 0x6b, 0x1a, 0x6b, 0x1a, 0x6b, 
	0x1a, 0x6b, 0x1a, 0x6b, 0x1a, 0x6b, 0x1a, 0x6b, 
	0x1a, 0x6b, 0x1a, 0x6b, 0x1a, 0x6b, 0x1a, 0x6b, 
	0x1a, 0x6b, 0x1a, 0x6b, 0x1a, 0x6b, 0x1a, 0x6b, 
	0x1a, 0x6b, 0x1a, 0x6b, 0x1a, 0x6b, 0x1a, 0x6b, 
	0x1a, 0x6b, 0x1a, 0x6b, 0x1a, 0x6b, 0x1a, 0x6b, 
	0x1a, 0x6b, 0x1a, 0x6b, 0x1a, 0x6b, 0x1a, 0x6b, 
	0x1a, 0x6b, 0x1a, 0x6b, 0x1a, 0x6b, 0x1a, 0x6b, 
	0x1a, 0x6b, 0x1a, 0x6b, 0x1a, 0x6b, 0x1a, 0x6b, 
	0x1a, 0x6b, 0x1a, 0x6b, 0x1a, 0x6b, 0x1a, 0x6b, 
	0x1a, 0x6b, 0x1a, 0x6b, 0x1a, 0x6b, 0x1a, 0x6b, 
	0x1a, 0x6b, 0x1a, 0x6b, 0x1a, 0x6b, 0x1a, 0x6b, 
	0x1a, 0x6b, 0x1a, 0x6b, 0x1a, 0x6b, 0x1a, 0x6b, 
	0x1a, 0x6b, 0x1a, 0x6b, 0x1a, 0x6b, 0x1a, 0x6b, 
	0x1a, 0x6b, 0x1a, 0x6b, 0x1a, 0x6b, 0x1a, 0x6b, 
	0x1a, 0x6b, 0x1a, 0x6b, 0x1a, 0x6b, 0x1a, 0x6b, 
	0x1a, 0x6b, 0x1a, 0x6b, 0x1a, 0x6b, 0x1a, 0x6b, 
	0x1a, 0x6b, 0x1a, 0x6b, 0x1a, 0x6b, 0x1a, 0x6b, 
	0x1a, 0x6b, 0x1a, 0x6b, 0x1a, 0x6b, 0x1a, 0x6b, 
	0x1a, 0x6b, 0x1a, 0x6b, 0x1a, 0x6b, 0x1a, 0x6b, 
	0x1a, 0x6b, 0x1a, 0x6b, 0x1a, 0x6b, 0x1a, 0x6b, 
	0x1a, 0x6b, 0x1a, 0x6b, 0x1a, 0x6b, 0x1a, 0x6b, 
	0x1a, 0x6b, 0x1a, 0x6b, 0x1a, 0x6b, 0x1a, 0x6b, 
	0x1a, 0x6b, 0x1a, 0x6b, 0x1a, 0x6b, 0x1a, 0x6b, 
	0x1a, 0x6b, 0x1a, 0x6b, 0x1a, 0x6b, 0x1a, 0x6b, 
	0x1a, 0x6b, 0x1a, 0x6b, 0x1a, 0x6b, 0x1a, 0x6b, 
	0x1a, 0x6b, 0x1a, 0x6b, 0x1a, 0x6b, 0x1a, 0x6b, 
	0x1a, 0x6b, 0x1a, 0x6b, 0x1a, 0x6b, 0x1a, 0x6b, 
	0x1a, 0x6b, 0x1a, 0x6b, 0x1a, 0x6b, 0x1a, 0x6b, 
	0x1a, 0x6b, 0x1a, 0x6b, 0x1a, 0x6b, 0x1a, 0x6b, 
	0x1a, 0x6b, 0x1a, 0x6b, 0x1a, 0x6b, 0x1a, 0x6b, 
	0x1a, 0x6b, 0x1a, 0x6b, 0x1a, 0x6b, 0x1a, 0x6b, 
	0x1a, 0x6b, 0x1a, 0x6b, 0x1a, 0x6b, 0x1a, 0x6b, 
	0x1a, 0x6b, 0x1a, 0x6b, 0x1a, 0x6b, 0x1a, 0x6b, 
	0x1a, 0x6b, 0x1a, 0x6b, 0x1a, 0x6b, 0x1a, 0x6b, 
	0x1a, 0x6b, 0x1a, 0x6b, 0x1a, 0x6b, 0x1a, 0x6b, 
	0x1a, 0x6b, 0x1a, 0x6b, 0x1a, 0x6b, 0x1a, 0x6b, 
	0x1a, 0x6b, 0x1a, 0x6b, 0x1a, 0x6b, 0x1a, 0x6b, 
	0x1a, 0x6b, 0x1a, 0x6b, 0x1a, 0x6b, 0x1a, 0x6b, 
	0x1a, 0x6b, 0x1a, 0x6b, 0x1a, 0x6b, 0x1a, 0x6b, 
	0x1a, 0x6b, 0x1a, 0x6b, 0x1a, 0x6b, 0x1a, 0x6b, 
	0x1a, 0x6b, 0x1a, 0x6b, 0x1a, 0x6b, 0x1a, 0x6b, 
	0x1a, 0x6b, 0x1a, 0x6b, 0x1a, 0x6b, 0x1a, 0x6b, 
	0x1a, 0x6b, 0x1a, 0x6b, 0x1a, 0x6b, 0x1a, 0x6b, 
	0x1a, 0x6b, 0x1a, 0x6b, 0x1a, 0x6b, 0x1a, 0x6b, 
	0x1a, 0x6b, 0x1a, 0x6b, 0x1a, 0x6b, 0x1a, 0x6b, 
	0x1a, 0x6d, 0x1a, 0x6d, 0x1a, 0x6d, 0x1a, 0x6d, 
	0x1a, 0x6d, 0x1a, 0x6d, 0x1a, 0x6d, 0x1a, 0x6d, 
	0x1a, 0x6d, 0x1a, 0x6d, 0x1a, 0x6d, 0x1a, 0x6d, 
	0x1a, 0x6d, 0x1a, 0x6d, 0x1a, 0x6d, 0x1a, 0x6d, 
	0x1a, 0x6d, 0x1a, 0x6d, 0x1a, 0x6d, 0x1a, 0x6d, 
	0x1a, 0x6d, 0x1a, 0x6d, 0x1a, 0x6d, 0x1a, 0x6d, 
	0x1a, 0x6d, 0x1a, 0x6d, 0x1a, 0x6d, 0x1a, 0x6d, 
	0x1a, 0x6d, 0x1a, 0x6d, 0x1a, 0x6d, 0x1a, 0x6d, 
	0x1a, 0x6d, 0x1a, 0x6d, 0x1a, 0x6d, 0x1a, 0x6d, 
	0x1a, 0x6d, 0x1a, 0x6d, 0x1a, 0x6d, 0x1a, 0x6d, 
	0x1a, 0x6d, 0x1a, 0x6d, 0x1a, 0x6d, 0x1a, 0x6d, 
	0x1a, 0x6d, 0x1a, 0x6d, 0x1a, 0x6d, 0x1a, 0x6d, 
	0x1a, 0x6d, 0x1a, 0x6d, 0x1a, 0x6d, 0x1a, 0x6d, 
	0x1a, 0x6d, 0x1a, 0x6d, 0x1a, 0x6d, 0x1a, 0x6d, 
	0x1a, 0x6d, 0x1a, 0x6d, 0x1a, 0x6d, 0x1a, 0x6d, 
	0x1a, 0x6d, 0x1a, 0x6d, 0x1a, 0x6d, 0x1a, 0x6d, 
	0x1a, 0x6d, 0x1a, 0x6d, 0x1a, 0x6d, 0x1a, 0x6d, 
	0x1a, 0x6d, 0x1a, 0x6d, 0x1a, 0x6d, 0x1a, 0x6d, 
	0x1a, 0x6d, 0x1a, 0x6d, 0x1a, 0x6d, 0x1a, 0x6d, 
	0x1a, 0x6d, 0x1a, 0x6d, 0x1a, 0x6d, 0x1a, 0x6d, 
	0x1a, 0x6d, 0x1a, 0x6d, 0x1a, 0x6d, 0x1a, 0x6d, 
	0x1a, 0x6d, 0x1a, 0x6d, 0x1a, 0x6d, 0x1a, 0x6d, 
	0x1a, 0x6d, 0x1a, 0x6d, 0x1a, 0x6d, 0x1a, 0x6d, 
	0x1a, 0x6d, 0x1a, 0x6d, 0x1a, 0x6d, 0x1a, 0x6d, 
	0x1a, 0x6d, 0x1a, 0x6d, 0x1a, 0x6d, 0x1a, 0x6d, 
	0x1a, 0x6d, 0x1a, 0x6d, 0x1a, 0x6d, 0x1a, 0x6d, 
	0x1a, 0x6d, 0x1a, 0x6d, 0x1a, 0x6d, 0x1a, 0x6d, 
	0x1a, 0x6d, 0x1a, 0x6d, 0x1a, 0x6d, 0x1a, 0x6d, 
	0x1a, 0x6d, 0x1a, 0x6d, 0x1a, 0x6d, 0x1a, 0x6d, 
	0x1a, 0x6d, 0x1a, 0x6d, 0x1a, 0x6d, 0x1a, 0x6d, 
	0x1a, 0x6d, 0x1a, 0x6d, 0x1a, 0x6d, 0x1a, 0x6d, 
	0x1a, 0x6d, 0x1a, 0x6d, 0x1a, 0x6d, 0x1a, 0x6d, 
	0x1a, 0x6d, 0x1a, 0x6d, 0x1a, 0x6d, 0x1a, 0x6d, 
	0x1a, 0x6d, 0x1a, 0x6d, 0x1a, 0x6d, 0x1a, 0x6d, 
	0x1a, 0x6d, 0x1a, 0x6d, 0x1a, 0x6d, 0x1a, 0x6d, 
	0x1a, 0x6d, 0x1a, 0x6d, 0x1a, 0x6d, 0x1a, 0x6d, 
	0x1a, 0x6d, 0x1a, 0x6d, 0x1a, 0x6d, 0x1a, 0x6d, 
	0x1a, 0x6d, 0x1a, 0x6d, 0x1a, 0x6d, 0x1a, 0x6d, 
	0x1a, 0x6d, 0x1a, 0x6d, 0x1a, 0x6d, 0x1a, 0x6d, 
	0x1a, 0x6d, 0x1a, 0x6d, 0x1a, 0x6d, 0x1a, 0x6d, 
	0x1a, 0x6d, 0x1a, 0x6d, 0x1a, 0x6d, 0x1a, 0x6d, 
	0x1a, 0x6d, 0x1a, 0x6d, 0x1a, 0x6d, 0x1a, 0x6d, 
	0x1a, 0x6d, 0x1a, 0x6d, 0x1a, 0x6d, 0x1a, 0x6d, 
	0x1a, 0x6d, 0x1a, 0x6d, 0x1a, 0x6d, 0x1a, 0x6d, 
	0x1a, 0x6d, 0x1a, 0x6d, 0x1a, 0x6d, 0x1a, 0x6d, 
	0x1a, 0x6d, 0x1a, 0x6d, 0x1a, 0x6d, 0x1a, 0x6d, 
	0x1a, 0x6d, 0x1a, 0x6d, 0x1a, 0x6d, 0x1a, 0x6d, 
	0x1a, 0x6d, 0x1a, 0x6d, 0x1a, 0x6d, 0x1a, 0x6d, 
	0x1a, 0x6d, 0x1a, 0x6d, 0x1a, 0x6d, 0x1a, 0x6d, 
	0x1a, 0x6d, 0x1a, 0x6d, 0x1a, 0x6d, 0x1a, 0x6d, 
	0x1a, 0x6d, 0x1a, 0x6d, 0x1a, 0x6d, 0x1a, 0x6d, 
	0x1a, 0x6d, 0x1a, 0x6d, 0x1a, 0x6d, 0x1a, 0x6d, 
	0x1a, 0x6d, 0x1a, 0x6d, 0x1a, 0x6d, 0x1a, 0x6d, 
	0x1a, 0x6d, 0x1a, 0x6d, 0x1a, 0x6d, 0x1a, 0x6d, 
	0x1a, 0x6d, 0x1a, 0x6d, 0x1a, 0x6d, 0x1a, 0x6d, 
	0x1a, 0x6d, 0x1a, 0x6d, 0x1a, 0x6d, 0x1a, 0x6d, 
	0x1a, 0x6d, 0x1a, 0x6d, 0x1a, 0x6d, 0x1a, 0x6d, 
	0x1a, 0x6d, 0x1a, 0x6d, 0x1a, 0x6d, 0x1a, 0x6d, 
	0x1a, 0x6d, 0x1a, 0x6d, 0x1a, 0x6d, 0x1a, 0x6d, 
	0x1a, 0x6d, 0x1a, 0x6d, 0x1a, 0x6d, 0x1a, 0x6d, 
	0x1a, 0x6d, 0x1a, 0x6d, 0x1a, 0x6d, 0x1a, 0x6d, 
	0x1a, 0x6d, 0x1a, 0x6d, 0x1a, 0x6d, 0x1a, 0x6d, 
	0x1a, 0x6d, 0x1a, 0x6d, 0x1a, 0x6d, 0x1a, 0x6d, 
	0x1a, 0x6d, 0x1a, 0x6d, 0x1a, 0x6d, 0x1a, 0x6d, 
	0x1a, 0x6d, 0x1a, 0x6d, 0x1a, 0x6d, 0x1a, 0x6d, 
	0x1a, 0x6d, 0x1a, 0x6d, 0x1a, 0x6d, 0x1a, 0x6d, 
	0x1a, 0x6d, 0x1a, 0x6d, 0x1a, 0x6d, 0x1a, 0x6d, 
	0x1a, 0x6d, 0x1a, 0x6d, 0x1a, 0x6d, 0x1a, 0x6d, 
	0x1a, 0x6d, 0x1a, 0x6d, 0x1a, 0x6d, 0x1a, 0x6d, 
	0x1a, 0x6d, 0x1a, 0x6d, 0x1a, 0x6d, 0x1a, 0x6d, 
	0x1a, 0x6d, 0x1a, 0x6d, 0x1a, 0x6d, 0x1a, 0x6d, 
	0x1a, 0x6d, 0x1a, 0x6d, 0x1a, 0x6d, 0x1a, 0x6d, 
	0x1a, 0x6d, 0x1a, 0x6d, 0x1a, 0x6d, 0x1a, 0x6d, 
	0x1a, 0x6d, 0x1a, 0x6d, 0x1a, 0x6d, 0x1a, 0x6d, 
	0x1a, 0x6d, 0x1a, 0x6d, 0x1a, 0x6d, 0x1a, 0x6d, 
	0x1a, 0x6d, 0x1a, 0x6d, 0x1a, 0x6d, 0x1a, 0x6d, 
	0x1a, 0x6d, 0x1a, 0x6d, 0x1a, 0x6d, 0x1a, 0x6d, 
	0x1a, 0x6d, 0x1a, 0x6d, 0x1a, 0x6d, 0x1a, 0x6d, 
	0x1a, 0x6d, 0x1a, 0x6d, 0x1a, 0x6d, 0x1a, 0x6d, 
	0x1a, 0x6d, 0x1a, 0x6d, 0x1a, 0x6d, 0x1a, 0x6d, 
	0x1a, 0x6d, 0x1a, 0x6d, 0x1a, 0x6d, 0x1a, 0x6d, 
	0x1a, 0x6d, 0x1a, 0x6d, 0x1a, 0x6d, 0x1a, 0x6d, 
	0x1a, 0x6d, 0x1a, 0x6d, 0x1a, 0x6d, 0x1a, 0x6d, 
	0x1a, 0x6d, 0x1a, 0x6d, 0x1a, 0x6d, 0x1a, 0x6d, 
	0x1a, 0x6d, 0x1a, 0x6d, 0x1a, 0x6d, 0x1a, 0x6d, 
	0x1a, 0x6d, 0x1a, 0x6d, 0x1a, 0x6d, 0x1a, 0x6d, 
	0x1a, 0x6d, 0x1a, 0x6d, 0x1a, 0x6d, 0x1a, 0x6d, 
	0x1a, 0x6d, 0x1a, 0x6d, 0x1a, 0x6d, 0x1a, 0x6d, 
	0x1a, 0x6d, 0x1a, 0x6d, 0x1a, 0x6d, 0x1a, 0x6d, 
	0x1a, 0x6d, 0x1a, 0x6d, 0x1a, 0x6d, 0x1a, 0x6d, 
	0x1a, 0x6d, 0x1a, 0x6d, 0x1a, 0x6d, 0x1a, 0x6d, 
	0x1a, 0x6d, 0x1a, 0x6d, 0x1a, 0x6d, 0x1a, 0x6d, 
	0x1a, 0x6d, 0x1a, 0x6d, 0x1a, 0x6d, 0x1a, 0x6d, 
	0x1a, 0x6d, 0x1a, 0x6d, 0x1a, 0x6d, 0x1a, 0x6d, 
	0x1a, 0x6d, 0x1a, 0x6d, 0x1a, 0x6d, 0x1a, 0x6d, 
	0x1a, 0x6d, 0x1a, 0x6d, 0x1a, 0x6d, 0x1a, 0x6d, 
	0x22, 0xad, 0x22, 0xad, 0x22, 0xad, 0x22, 0xad, 
	0x22, 0xad, 0x22, 0xad, 0x22, 0xad, 0x22, 0xad, 
	0x22, 0xad, 0x22, 0xad, 0x22, 0xad, 0x22, 0xad, 
	0x22, 0xad, 0x22, 0xad, 0x22, 0xad, 0x22, 0xad, 
	0x22, 0xad, 0x22, 0xad, 0x22, 0xad, 0x22, 0xad, 
	0x22, 0xad, 0x22, 0xad, 0x22, 0xad, 0x22, 0xad, 
	0x22, 0xad, 0x22, 0xad, 0x22, 0xad, 0x22, 0xad, 
	0x22, 0xad, 0x22, 0xad, 0x22, 0xad, 0x22, 0xad, 
	0x22, 0xad, 0x22, 0xad, 0x22, 0xad, 0x22, 0xad, 
	0x22, 0xad, 0x22, 0xad, 0x22, 0xad, 0x22, 0xad, 
	0x22, 0xad, 0x22, 0xad, 0x22, 0xad, 0x22, 0xad, 
	0x22, 0xad, 0x22, 0xad, 0x22, 0xad, 0x22, 0xad, 
	0x22, 0xad, 0x22, 0xad, 0x22, 0xad, 0x22, 0xad, 
	0x22, 0xad, 0x22, 0xad, 0x22, 0xad, 0x22, 0xad, 
	0x22, 0xad, 0x22, 0xad, 0x22, 0xad, 0x22, 0xad, 
	0x22, 0xad, 0x22, 0xad, 0x22, 0xad, 0x22, 0xad, 
	0x22, 0xad, 0x22, 0xad, 0x22, 0xad, 0x22, 0xad, 
	0x22, 0xad, 0x22, 0xad, 0x22, 0xad, 0x22, 0xad, 
	0x22, 0xad, 0x22, 0xad, 0x22, 0xad, 0x22, 0xad, 
	0x22, 0xad, 0x22, 0xad, 0x22, 0xad, 0x22, 0xad, 
	0x22, 0xad, 0x22, 0xad, 0x22, 0xad, 0x22, 0xad, 
	0x22, 0xad, 0x22, 0xad, 0x22, 0xad, 0x22, 0xad, 
	0x22, 0xad, 0x22, 0xad, 0x22, 0xad, 0x22, 0xad, 
	0x22, 0xad, 0x22, 0xad, 0x22, 0xad, 0x22, 0xad, 
	0x22, 0xad, 0x22, 0xad, 0x22, 0xad, 0x22, 0xad, 
	0x22, 0xad, 0x22, 0xad, 0x22, 0xad, 0x22, 0xad, 
	0x22, 0xad, 0x22, 0xad, 0x22, 0xad, 0x22, 0xad, 
	0x22, 0xad, 0x22, 0xad, 0x22, 0xad, 0x22, 0xad, 
	0x22, 0xad, 0x22, 0xad, 0x22, 0xad, 0x22, 0xad, 
	0x22, 0xad, 0x22, 0xad, 0x22, 0xad, 0x22, 0xad, 
	0x22, 0xad, 0x22, 0xad, 0x22, 0xad, 0x22, 0xad, 
	0x22, 0xad, 0x22, 0xad, 0x22, 0xad, 0x22, 0xad, 
	0x22, 0xef, 0x22, 0xad, 0x22, 0xad, 0x22, 0xad, 
	0x22, 0xad, 0x22, 0xad, 0x22, 0xad, 0x22, 0xad, 
	0x22, 0xad, 0x22, 0xad, 0x22, 0xad, 0x22, 0xad, 
	0x22, 0xad, 0x22, 0xad, 0x22, 0xad, 0x22, 0xad, 
	0x22, 0xad, 0x22, 0xad, 0x22, 0xad, 0x22, 0xad, 
	0x22, 0xad, 0x22, 0xad, 0x22, 0xad, 0x22, 0xad, 
	0x22, 0xad, 0x22, 0xad, 0x22, 0xad, 0x22, 0xad, 
	0x22, 0xad, 0x22, 0xad, 0x22, 0xad, 0x22, 0xad, 
	0x22, 0xad, 0x22, 0xad, 0x22, 0xad, 0x22, 0xad, 
	0x22, 0xad, 0x22, 0xad, 0x22, 0xad, 0x22, 0xad, 
	0x22, 0xad, 0x22, 0xad, 0x22, 0xad, 0x22, 0xad, 
	0x22, 0xad, 0x22, 0xad, 0x22, 0xad, 0x22, 0xad, 
	0x22, 0xef, 0x22, 0xef, 0x22, 0xef, 0x22, 0xad, 
	0x22, 0xad, 0x22, 0xad, 0x22, 0xef, 0x22, 0xef, 
	0x22, 0xef, 0x22, 0xad, 0x22, 0xad, 0x22, 0xad, 
	0x22, 0xad, 0x22, 0xad, 0x22, 0xad, 0x22, 0xad, 
	0x22, 0xad, 0x22, 0xad, 0x22, 0xad, 0x22, 0xad, 
	0x22, 0xad, 0x22, 0xad, 0x22, 0xad, 0x22, 0xad, 
	0x22, 0xad, 0x22, 0xad, 0x22, 0xad, 0x22, 0xad, 
	0x22, 0xad, 0x22, 0xad, 0x22, 0xad, 0x22, 0xad, 
	0x22, 0xad, 0x22, 0xad, 0x22, 0xad, 0x22, 0xad, 
	0x22, 0xad, 0x22, 0xad, 0x22, 0xad, 0x22, 0xad, 
	0x22, 0xad, 0x22, 0xad, 0x22, 0xad, 0x22, 0xad, 
	0x22, 0xad, 0x22, 0xad, 0x22, 0xad, 0x22, 0xad, 
	0x22, 0xad, 0x22, 0xad, 0x22, 0xad, 0x22, 0xad, 
	0x22, 0xad, 0x22, 0xad, 0x22, 0xad, 0x22, 0xad, 
	0x22, 0xad, 0x22, 0xad, 0x22, 0xad, 0x22, 0xad, 
	0x22, 0xad, 0x22, 0xad, 0x22, 0xad, 0x22, 0xad, 
	0x22, 0xad, 0x22, 0xad, 0x22, 0xad, 0x22, 0xad, 
	0x22, 0xad, 0x22, 0xad, 0x22, 0xad, 0x22, 0xad, 
	0x22, 0xad, 0x22, 0xad, 0x22, 0xad, 0x22, 0xad, 
	0x22, 0xad, 0x22, 0xad, 0x22, 0xad, 0x22, 0xef, 
	0x22, 0xef, 0x22, 0xef, 0x22, 0xef, 0x22, 0xef, 
	0x22, 0xef, 0x22, 0xef, 0x22, 0xef, 0x22, 0xef, 
	0x22, 0xef, 0x22, 0xef, 0x22, 0xef, 0x22, 0xef, 
	0x22, 0xef, 0x22, 0xef, 0x22, 0xef, 0x22, 0xef, 
	0x22, 0xef, 0x22, 0xef, 0x22, 0xef, 0x22, 0xef, 
	0x22, 0xef, 0x22, 0xef, 0x22, 0xef, 0x22, 0xef, 
	0x22, 0xef, 0x22, 0xef, 0x22, 0xef, 0x22, 0xef, 
	0x22, 0xef, 0x22, 0xef, 0x22, 0xef, 0x22, 0xef, 
	0x22, 0xef, 0x22, 0xef, 0x22, 0xef, 0x22, 0xef, 
	0x22, 0xef, 0x22, 0xef, 0x22, 0xef, 0x22, 0xef, 
	0x22, 0xef, 0x22, 0xef, 0x22, 0xef, 0x22, 0xef, 
	0x22, 0xef, 0x22, 0xef, 0x22, 0xef, 0x22, 0xef, 
	0x22, 0xef, 0x22, 0xef, 0x22, 0xef, 0x22, 0xef, 
	0x22, 0xef, 0x22, 0xef, 0x22, 0xef, 0x22, 0xef, 
	0x22, 0xef, 0x22, 0xef, 0x22, 0xef, 0x22, 0xef, 
	0x22, 0xef, 0x22, 0xef, 0x22, 0xef, 0x22, 0xef, 
	0x22, 0xef, 0x22, 0xef, 0x22, 0xef, 0x22, 0xef, 
	0x22, 0xef, 0x22, 0xef, 0x22, 0xef, 0x22, 0xef, 
	0x22, 0xef, 0x22, 0xef, 0x22, 0xef, 0x22, 0xef, 
	0x22, 0xef, 0x22, 0xef, 0x22, 0xef, 0x22, 0xef, 
	0x22, 0xef, 0x22, 0xef, 0x22, 0xef, 0x22, 0xef, 
	0x22, 0xef, 0x22, 0xef, 0x22, 0xef, 0x22, 0xef, 
	0x22, 0xef, 0x22, 0xef, 0x22, 0xef, 0x22, 0xef, 
	0x22, 0xef, 0x22, 0xef, 0x22, 0xef, 0x22, 0xef, 
	0x22, 0xef, 0x22, 0xef, 0x22, 0xef, 0x22, 0xef, 
	0x22, 0xef, 0x22, 0xef, 0x22, 0xef, 0x22, 0xef, 
	0x22, 0xef, 0x22, 0xef, 0x22, 0xef, 0x22, 0xef, 
	0x22, 0xef, 0x22, 0xef, 0x22, 0xef, 0x22, 0xef, 
	0x22, 0xef, 0x22, 0xef, 0x22, 0xef, 0x22, 0xef, 
	0x22, 0xef, 0x22, 0xef, 0x22, 0xef, 0x22, 0xef, 
	0x22, 0xef, 0x22, 0xef, 0x22, 0xef, 0x22, 0xef, 
	0x22, 0xef, 0x22, 0xef, 0x22, 0xef, 0x22, 0xef, 
	0x22, 0xef, 0x22, 0xef, 0x22, 0xef, 0x22, 0xef, 
	0x22, 0xef, 0x22, 0xef, 0x22, 0xef, 0x22, 0xef, 
	0x22, 0xef, 0x22, 0xef, 0x22, 0xef, 0x22, 0xef, 
	0x22, 0xef, 0x22, 0xef, 0x22, 0xef, 0x22, 0xef, 
	0x22, 0xef, 0x22, 0xef, 0x22, 0xef, 0x22, 0xef, 
	0x22, 0xef, 0x22, 0xef, 0x22, 0xef, 0x22, 0xef, 
	0x22, 0xef, 0x22, 0xef, 0x22, 0xef, 0x22, 0xef, 
	0x22, 0xef, 0x22, 0xef, 0x22, 0xef, 0x22, 0xef, 
	0x22, 0xef, 0x22, 0xef, 0x22, 0xef, 0x22, 0xef, 
	0x22, 0xef, 0x22, 0xef, 0x22, 0xef, 0x22, 0xef, 
	0x22, 0xef, 0x22, 0xef, 0x22, 0xef, 0x22, 0xef, 
	0x22, 0xef, 0x22, 0xef, 0x22, 0xef, 0x22, 0xef, 
	0x22, 0xef, 0x22, 0xef, 0x22, 0xef, 0x22, 0xef, 
	0x22, 0xef, 0x22, 0xef, 0x22, 0xef, 0x22, 0xef, 
	0x22, 0xef, 0x22, 0xef, 0x22, 0xef, 0x22, 0xef, 
	0x22, 0xef, 0x22, 0xef, 0x22, 0xef, 0x22, 0xef, 
	0x22, 0xef, 0x22, 0xef, 0x22, 0xef, 0x22, 0xef, 
	0x22, 0xef, 0x22, 0xef, 0x22, 0xef, 0x22, 0xef, 
	0x22, 0xef, 0x22, 0xef, 0x22, 0xef, 0x22, 0xef, 
	0x22, 0xef, 0x22, 0xef, 0x22, 0xef, 0x22, 0xef, 
	0x22, 0xef, 0x22, 0xef, 0x22, 0xef, 0x22, 0xef, 
	0x22, 0xef, 0x22, 0xef, 0x22, 0xef, 0x22, 0xef, 
	0x22, 0xef, 0x22, 0xef, 0x22, 0xef, 0x22, 0xef, 
	0x22, 0xef, 0x22, 0xef, 0x22, 0xef, 0x22, 0xef, 
	0x22, 0xef, 0x22, 0xef, 0x22, 0xef, 0x22, 0xef, 
	0x22, 0xef, 0x22, 0xef, 0x22, 0xef, 0x22, 0xef, 
	0x22, 0xef, 0x22, 0xef, 0x22, 0xef, 0x22, 0xef, 
	0x22, 0xef, 0x22, 0xef, 0x22, 0xef, 0x22, 0xef, 
	0x22, 0xef, 0x22, 0xef, 0x22, 0xef, 0x22, 0xef, 
	0x22, 0xef, 0x22, 0xef, 0x22, 0xef, 0x22, 0xef, 
	0x22, 0xef, 0x22, 0xef, 0x22, 0xef, 0x22, 0xef, 
	0x22, 0xef, 0x22, 0xef, 0x22, 0xef, 0x22, 0xef, 
	0x23, 0x2f, 0x23, 0x2f, 0x23, 0x2f, 0x23, 0x2f, 
	0x23, 0x2f, 0x23, 0x2f, 0x23, 0x2f, 0x23, 0x2f, 
	0x23, 0x2f, 0x23, 0x2f, 0x23, 0x2f, 0x23, 0x2f, 
	0x23, 0x2f, 0x23, 0x2f, 0x23, 0x2f, 0x23, 0x2f, 
	0x23, 0x2f, 0x23, 0x2f, 0x23, 0x2f, 0x23, 0x2f, 
	0x23, 0x2f, 0x23, 0x2f, 0x23, 0x2f, 0x23, 0x2f, 
	0x23, 0x2f, 0x23, 0x2f, 0x23, 0x2f, 0x23, 0x2f, 
	0x23, 0x2f, 0x23, 0x2f, 0x23, 0x2f, 0x23, 0x2f, 
	0x23, 0x2f, 0x23, 0x2f, 0x23, 0x2f, 0x23, 0x2f, 
	0x23, 0x2f, 0x23, 0x2f, 0x23, 0x2f, 0x23, 0x2f, 
	0x23, 0x2f, 0x23, 0x2f, 0x23, 0x2f, 0x23, 0x2f, 
	0x23, 0x2f, 0x23, 0x2f, 0x23, 0x2f, 0x23, 0x2f, 
	0x23, 0x2f, 0x23, 0x2f, 0x23, 0x2f, 0x23, 0x2f, 
	0x23, 0x2f, 0x23, 0x2f, 0x23, 0x2f, 0x23, 0x2f, 
	0x23, 0x2f, 0x23, 0x2f, 0x23, 0x2f, 0x23, 0x2f, 
	0x23, 0x2f, 0x23, 0x2f, 0x23, 0x2f, 0x23, 0x2f, 
	0x23, 0x2f, 0x23, 0x2f, 0x23, 0x2f, 0x23, 0x2f, 
	0x23, 0x2f, 0x23, 0x2f, 0x23, 0x2f, 0x23, 0x2f, 
	0x23, 0x2f, 0x23, 0x2f, 0x23, 0x2f, 0x23, 0x2f, 
	0x23, 0x2f, 0x23, 0x2f, 0x23, 0x2f, 0x23, 0x2f, 
	0x23, 0x2f, 0x23, 0x2f, 0x23, 0x2f, 0x23, 0x2f, 
	0x23, 0x2f, 0x23, 0x2f, 0x23, 0x2f, 0x23, 0x2f, 
	0x23, 0x2f, 0x23, 0x2f, 0x23, 0x2f, 0x23, 0x2f, 
	0x23, 0x2f, 0x23, 0x2f, 0x23, 0x2f, 0x23, 0x2f, 
	0x23, 0x2f, 0x23, 0x2f, 0x23, 0x2f, 0x23, 0x2f, 
	0x23, 0x2f, 0x23, 0x2f, 0x23, 0x2f, 0x23, 0x2f, 
	0x23, 0x2f, 0x23, 0x2f, 0x23, 0x2f, 0x23, 0x2f, 
	0x23, 0x2f, 0x23, 0x2f, 0x23, 0x2f, 0x23, 0x2f, 
	0x23, 0x2f, 0x23, 0x2f, 0x23, 0x2f, 0x23, 0x2f, 
	0x23, 0x2f, 0x23, 0x2f, 0x23, 0x2f, 0x23, 0x2f, 
	0x23, 0x2f, 0x23, 0x2f, 0x23, 0x2f, 0x23, 0x2f, 
	0x23, 0x2f, 0x23, 0x2f, 0x23, 0x2f, 0x23, 0x2f, 
	0x23, 0x2f, 0x23, 0x2f, 0x23, 0x2f, 0x23, 0x2f, 
	0x23, 0x2f, 0x23, 0x2f, 0x23, 0x2f, 0x23, 0x2f, 
	0x23, 0x2f, 0x23, 0x2f, 0x23, 0x2f, 0x23, 0x2f, 
	0x23, 0x2f, 0x23, 0x2f, 0x23, 0x2f, 0x23, 0x2f, 
	0x23, 0x2f, 0x23, 0x2f, 0x23, 0x2f, 0x23, 0x2f, 
	0x23, 0x2f, 0x23, 0x2f, 0x23, 0x2f, 0x23, 0x2f, 
	0x23, 0x2f, 0x23, 0x2f, 0x23, 0x2f, 0x23, 0x2f, 
	0x23, 0x2f, 0x23, 0x2f, 0x23, 0x2f, 0x23, 0x2f, 
	0x23, 0x2f, 0x23, 0x2f, 0x23, 0x2f, 0x23, 0x2f, 
	0x23, 0x2f, 0x23, 0x2f, 0x23, 0x2f, 0x23, 0x2f, 
	0x23, 0x2f, 0x23, 0x2f, 0x23, 0x2f, 0x23, 0x2f, 
	0x23, 0x2f, 0x23, 0x2f, 0x23, 0x2f, 0x23, 0x2f, 
	0x23, 0x2f, 0x23, 0x2f, 0x23, 0x2f, 0x23, 0x2f, 
	0x23, 0x2f, 0x23, 0x2f, 0x23, 0x2f, 0x23, 0x2f, 
	0x23, 0x2f, 0x23, 0x2f, 0x23, 0x2f, 0x23, 0x2f, 
	0x23, 0x2f, 0x23, 0x2f, 0x23, 0x2f, 0x23, 0x2f, 
	0x23, 0x2f, 0x23, 0x2f, 0x23, 0x2f, 0x23, 0x2f, 
	0x23, 0x2f, 0x23, 0x2f, 0x23, 0x2f, 0x23, 0x2f, 
	0x23, 0x2f, 0x23, 0x2f, 0x23, 0x2f, 0x23, 0x2f, 
	0x23, 0x2f, 0x23, 0x2f, 0x23, 0x2f, 0x23, 0x2f, 
	0x23, 0x2f, 0x23, 0x2f, 0x23, 0x2f, 0x23, 0x2f, 
	0x23, 0x2f, 0x23, 0x2f, 0x23, 0x2f, 0x23, 0x2f, 
	0x23, 0x2f, 0x23, 0x2f, 0x23, 0x2f, 0x23, 0x2f, 
	0x23, 0x2f, 0x23, 0x2f, 0x23, 0x2f, 0x23, 0x2f, 
	0x23, 0x2f, 0x23, 0x2f, 0x23, 0x2f, 0x23, 0x2f, 
	0x23, 0x2f, 0x23, 0x2f, 0x23, 0x2f, 0x23, 0x2f, 
	0x23, 0x2f, 0x23, 0x2f, 0x23, 0x2f, 0x23, 0x2f, 
	0x23, 0x2f, 0x23, 0x2f, 0x23, 0x2f, 0x23, 0x2f, 
	0x23, 0x2f, 0x23, 0x2f, 0x23, 0x2f, 0x23, 0x2f, 
	0x23, 0x2f, 0x23, 0x2f, 0x23, 0x2f, 0x23, 0x2f, 
	0x23, 0x2f, 0x23, 0x2f, 0x23, 0x2f, 0x23, 0x2f, 
	0x23, 0x2f, 0x23, 0x2f, 0x23, 0x2f, 0x23, 0x2f, 
	0x23, 0x2f, 0x23, 0x2f, 0x23, 0x2f, 0x23, 0x2f, 
	0x23, 0x2f, 0x23, 0x2f, 0x23, 0x2f, 0x23, 0x2f, 
	0x23, 0x2f, 0x23, 0x2f, 0x23, 0x2f, 0x23, 0x2f, 
	0x23, 0x2f, 0x23, 0x2f, 0x23, 0x2f, 0x23, 0x2f, 
	0x23, 0x2f, 0x23, 0x2f, 0x23, 0x2f, 0x23, 0x2f, 
	0x23, 0x2f, 0x23, 0x2f, 0x23, 0x2f, 0x23, 0x2f, 
	0x23, 0x2f, 0x23, 0x2f, 0x23, 0x2f, 0x23, 0x2f, 
	0x23, 0x2f, 0x23, 0x2f, 0x23, 0x2f, 0x23, 0x2f, 
	0x23, 0x2f, 0x23, 0x2f, 0x23, 0x2f, 0x23, 0x2f, 
	0x23, 0x2f, 0x23, 0x2f, 0x23, 0x2f, 0x23, 0x2f, 
	0x23, 0x2f, 0x23, 0x2f, 0x23, 0x2f, 0x23, 0x2f, 
	0x23, 0x2f, 0x23, 0x2f, 0x23, 0x2f, 0x23, 0x2f, 
	0x23, 0x2f, 0x23, 0x2f, 0x23, 0x2f, 0x23, 0x2f, 
	0x23, 0x2f, 0x23, 0x2f, 0x23, 0x2f, 0x23, 0x2f, 
	0x23, 0x2f, 0x23, 0x2f, 0x23, 0x2f, 0x23, 0x2f, 
	0x23, 0x2f, 0x23, 0x2f, 0x23, 0x2f, 0x23, 0x2f, 
	0x23, 0x2f, 0x23, 0x2f, 0x23, 0x2f, 0x23, 0x2f, 
	0x23, 0x2f, 0x23, 0x2f, 0x23, 0x2f, 0x23, 0x2f, 
	0x23, 0x2f, 0x23, 0x2f, 0x23, 0x2f, 0x23, 0x2f, 
	0x23, 0x2f, 0x23, 0x2f, 0x23, 0x2f, 0x23, 0x2f, 
	0x23, 0x2f, 0x23, 0x2f, 0x23, 0x2f, 0x23, 0x2f, 
	0x23, 0x2f, 0x23, 0x2f, 0x23, 0x2f, 0x23, 0x2f, 
	0x23, 0x2f, 0x23, 0x2f, 0x23, 0x2f, 0x23, 0x2f, 
	0x23, 0x2f, 0x23, 0x2f, 0x23, 0x2f, 0x23, 0x2f, 
	0x23, 0x2f, 0x23, 0x2f, 0x23, 0x2f, 0x23, 0x2f, 
	0x23, 0x2f, 0x23, 0x2f, 0x23, 0x2f, 0x23, 0x2f, 
	0x23, 0x2f, 0x23, 0x2f, 0x23, 0x2f, 0x23, 0x2f, 
	0x23, 0x2f, 0x23, 0x2f, 0x23, 0x2f, 0x23, 0x2f, 
	0x23, 0x2f, 0x23, 0x2f, 0x23, 0x2f, 0x23, 0x2f, 
	0x23, 0x2f, 0x23, 0x2f, 0x23, 0x2f, 0x23, 0x2f, 
	0x23, 0x2f, 0x23, 0x2f, 0x23, 0x2f, 0x23, 0x2f, 
	0x23, 0x2f, 0x23, 0x2f, 0x23, 0x2f, 0x23, 0x2f, 
	0x23, 0x2f, 0x23, 0x2f, 0x23, 0x2f, 0x23, 0x2f, 
	0x23, 0x2f, 0x23, 0x2f, 0x23, 0x2f, 0x23, 0x2f, 
	0x23, 0x2f, 0x23, 0x2f, 0x23, 0x2f, 0x23, 0x2f, 
	0x23, 0x2f, 0x23, 0x2f, 0x23, 0x2f, 0x23, 0x2f, 
	0x23, 0x2f, 0x23, 0x2f, 0x23, 0x2f, 0x23, 0x2f, 
	0x23, 0x2f, 0x23, 0x2f, 0x23, 0x2f, 0x23, 0x2f, 
	0x23, 0x2f, 0x23, 0x2f, 0x23, 0x2f, 0x23, 0x2f, 
	0x23, 0x2f, 0x23, 0x2f, 0x23, 0x2f, 0x23, 0x2f, 
	0x23, 0x2f, 0x23, 0x2f, 0x23, 0x2f, 0x23, 0x2f, 
	0x23, 0x2f, 0x23, 0x2f, 0x23, 0x2f, 0x23, 0x2f, 
	0x23, 0x2f, 0x23, 0x2f, 0x23, 0x2f, 0x23, 0x2f, 
	0x23, 0x2f, 0x23, 0x2f, 0x23, 0x2f, 0x23, 0x2f, 
	0x23, 0x2f, 0x23, 0x2f, 0x23, 0x2f, 0x23, 0x2f, 
	0x23, 0x2f, 0x23, 0x2f, 0x23, 0x2f, 0x23, 0x2f, 
	0x23, 0x2f, 0x23, 0x2f, 0x23, 0x2f, 0x23, 0x2f, 
	0x23, 0x2f, 0x23, 0x2f, 0x23, 0x2f, 0x23, 0x2f, 
	0x23, 0x2f, 0x23, 0x2f, 0x23, 0x2f, 0x23, 0x2f, 
	0x23, 0x2f, 0x23, 0x2f, 0x23, 0x2f, 0x23, 0x2f, 
	0x23, 0x2f, 0x23, 0x2f, 0x23, 0x2f, 0x23, 0x2f, 
	0x23, 0x2f, 0x23, 0x2f, 0x23, 0x2f, 0x23, 0x2f, 
	0x23, 0x2f, 0x23, 0x2f, 0x23, 0x2f, 0x23, 0x2f, 
	0x23, 0x2f, 0x23, 0x2f, 0x23, 0x2f, 0x23, 0x2f, 
	0x23, 0x2f, 0x23, 0x2f, 0x23, 0x2f, 0x23, 0x2f, 
	0x23, 0x2f, 0x23, 0x2f, 0x23, 0x2f, 0x23, 0x2f, 
	0x23, 0x2f, 0x23, 0x2f, 0x23, 0x2f, 0x23, 0x2f, 
	0x23, 0x2f, 0x23, 0x2f, 0x23, 0x2f, 0x23, 0x2f, 
	0x23, 0x2f, 0x23, 0x2f, 0x23, 0x2f, 0x23, 0x2f, 
	0x23, 0x2f, 0x23, 0x2f, 0x23, 0x2f, 0x23, 0x2f, 
	0x23, 0x2f, 0x23, 0x2f, 0x23, 0x2f, 0x23, 0x2f, 
	0x23, 0x2f, 0x23, 0x2f, 0x23, 0x2f, 0x23, 0x2f, 
	0x23, 0x2f, 0x23, 0x2f, 0x23, 0x2f, 0x23, 0x2f, 
	0x23, 0x2f, 0x23, 0x2f, 0x23, 0x2f, 0x23, 0x2f, 
	0x2b, 0x71, 0x2b, 0x71, 0x2b, 0x71, 0x2b, 0x71, 
	0x2b, 0x71, 0x2b, 0x71, 0x2b, 0x71, 0x2b, 0x71, 
	0x2b, 0x71, 0x2b, 0x71, 0x2b, 0x71, 0x2b, 0x71, 
	0x2b, 0x71, 0x2b, 0x71, 0x2b, 0x71, 0x2b, 0x71, 
	0x2b, 0x71, 0x2b, 0x71, 0x2b, 0x71, 0x2b, 0x71, 
	0x2b, 0x71, 0x2b, 0x71, 0x2b, 0x71, 0x2b, 0x71, 
	0x2b, 0x71, 0x2b, 0x71, 0x2b, 0x71, 0x2b, 0x71, 
	0x2b, 0x71, 0x2b, 0x71, 0x2b, 0x71, 0x2b, 0x71, 
	0x2b, 0x71, 0x2b, 0x71, 0x2b, 0x71, 0x2b, 0x71, 
	0x2b, 0x71, 0x2b, 0x71, 0x2b, 0x71, 0x2b, 0x71, 
	0x2b, 0x71, 0x2b, 0x71, 0x2b, 0x71, 0x2b, 0x71, 
	0x2b, 0x71, 0x2b, 0x71, 0x2b, 0x71, 0x2b, 0x71, 
	0x2b, 0x71, 0x2b, 0x71, 0x2b, 0x71, 0x2b, 0x71, 
	0x2b, 0x71, 0x2b, 0x71, 0x2b, 0x71, 0x2b, 0x71, 
	0x2b, 0x71, 0x2b, 0x71, 0x2b, 0x71, 0x2b, 0x71, 
	0x2b, 0x71, 0x2b, 0x71, 0x2b, 0x71, 0x2b, 0x71, 
	0x2b, 0x71, 0x2b, 0x71, 0x2b, 0x71, 0x2b, 0x71, 
	0x2b, 0x71, 0x2b, 0x71, 0x2b, 0x71, 0x2b, 0x71, 
	0x2b, 0x71, 0x2b, 0x71, 0x2b, 0x71, 0x2b, 0x71, 
	0x2b, 0x71, 0x2b, 0x71, 0x2b, 0x71, 0x2b, 0x71, 
	0x2b, 0x71, 0x2b, 0x71, 0x2b, 0x71, 0x2b, 0x71, 
	0x2b, 0x71, 0x2b, 0x71, 0x2b, 0x71, 0x2b, 0x71, 
	0x2b, 0x71, 0x2b, 0x71, 0x2b, 0x71, 0x2b, 0x71, 
	0x2b, 0x71, 0x2b, 0x71, 0x2b, 0x71, 0x2b, 0x71, 
	0x2b, 0x71, 0x2b, 0x71, 0x2b, 0x71, 0x2b, 0x71, 
	0x2b, 0x71, 0x2b, 0x71, 0x2b, 0x71, 0x2b, 0x71, 
	0x2b, 0x71, 0x2b, 0x71, 0x2b, 0x71, 0x2b, 0x71, 
	0x2b, 0x71, 0x2b, 0x71, 0x2b, 0x71, 0x2b, 0x71, 
	0x2b, 0x71, 0x2b, 0x71, 0x2b, 0x71, 0x2b, 0x71, 
	0x2b, 0x71, 0x2b, 0x71, 0x2b, 0x71, 0x2b, 0x71, 
	0x2b, 0x71, 0x2b, 0x71, 0x2b, 0x71, 0x2b, 0x71, 
	0x2b, 0x71, 0x2b, 0x71, 0x2b, 0x71, 0x2b, 0x71, 
	0x2b, 0x71, 0x2b, 0x71, 0x2b, 0x71, 0x2b, 0x71, 
	0x2b, 0x71, 0x2b, 0x71, 0x2b, 0x71, 0x2b, 0x71, 
	0x2b, 0x71, 0x2b, 0x71, 0x2b, 0x71, 0x2b, 0x71, 
	0x2b, 0x71, 0x2b, 0x71, 0x2b, 0x71, 0x2b, 0x71, 
	0x2b, 0x71, 0x2b, 0x71, 0x2b, 0x71, 0x2b, 0x71, 
	0x2b, 0x71, 0x2b, 0x71, 0x2b, 0x71, 0x2b, 0x71, 
	0x2b, 0x71, 0x2b, 0x71, 0x2b, 0x71, 0x2b, 0x71, 
	0x2b, 0x71, 0x2b, 0x71, 0x2b, 0x71, 0x2b, 0x71, 
	0x2b, 0x71, 0x2b, 0x71, 0x2b, 0x71, 0x2b, 0x71, 
	0x2b, 0x71, 0x2b, 0x71, 0x2b, 0x71, 0x2b, 0x71, 
	0x2b, 0x71, 0x2b, 0x71, 0x2b, 0x71, 0x2b, 0x71, 
	0x2b, 0x71, 0x2b, 0x71, 0x2b, 0x71, 0x2b, 0x71, 
	0x2b, 0x71, 0x2b, 0x71, 0x2b, 0x71, 0x2b, 0x71, 
	0x2b, 0x71, 0x2b, 0x71, 0x2b, 0x71, 0x2b, 0x71, 
	0x2b, 0x71, 0x2b, 0x71, 0x2b, 0x71, 0x2b, 0x71, 
	0x2b, 0x71, 0x2b, 0x71, 0x2b, 0x71, 0x2b, 0x71, 
	0x2b, 0x71, 0x2b, 0x71, 0x2b, 0x71, 0x2b, 0x71, 
	0x2b, 0x71, 0x2b, 0x71, 0x2b, 0x71, 0x2b, 0x71, 
	0x2b, 0x71, 0x2b, 0x71, 0x2b, 0x71, 0x2b, 0x71, 
	0x2b, 0x71, 0x2b, 0x71, 0x2b, 0x71, 0x2b, 0x71, 
	0x2b, 0x71, 0x2b, 0x71, 0x2b, 0x71, 0x2b, 0x71, 
	0x2b, 0x71, 0x2b, 0x71, 0x2b, 0x71, 0x2b, 0x71, 
	0x2b, 0x71, 0x2b, 0x71, 0x2b, 0x71, 0x2b, 0x71, 
	0x2b, 0x71, 0x2b, 0x71, 0x2b, 0x71, 0x2b, 0x71, 
	0x2b, 0x71, 0x2b, 0x71, 0x2b, 0x71, 0x2b, 0x71, 
	0x2b, 0x71, 0x2b, 0x71, 0x2b, 0x71, 0x2b, 0x71, 
	0x2b, 0x71, 0x2b, 0x71, 0x2b, 0x71, 0x2b, 0x71, 
	0x2b, 0x71, 0x2b, 0x71, 0x2b, 0x71, 0x2b, 0x71, 
	0x2b, 0x71, 0x2b, 0x71, 0x2b, 0x71, 0x2b, 0x71, 
	0x2b, 0x71, 0x2b, 0x71, 0x2b, 0x71, 0x2b, 0x71, 
	0x2b, 0x71, 0x2b, 0x71, 0x2b, 0x71, 0x2b, 0x71, 
	0x2b, 0x71, 0x2b, 0x71, 0x2b, 0x71, 0x2b, 0x71, 
	0x33, 0x71, 0x2b, 0x71, 0x2b, 0x71, 0x2b, 0x71, 
	0x2b, 0x71, 0x2b, 0x71, 0x2b, 0x71, 0x2b, 0x71, 
	0x2b, 0x71, 0x2b, 0x71, 0x2b, 0x71, 0x2b, 0x71, 
	0x2b, 0x71, 0x2b, 0x71, 0x2b, 0x71, 0x2b, 0x71, 
	0x2b, 0x71, 0x2b, 0x71, 0x2b, 0x71, 0x2b, 0x71, 
	0x2b, 0x71, 0x2b, 0x71, 0x2b, 0x71, 0x2b, 0x71, 
	0x2b, 0x71, 0x2b, 0x71, 0x2b, 0x71, 0x2b, 0x71, 
	0x2b, 0x71, 0x2b, 0x71, 0x2b, 0x71, 0x2b, 0x71, 
	0x2b, 0x71, 0x2b, 0x71, 0x2b, 0x71, 0x2b, 0x71, 
	0x2b, 0x71, 0x2b, 0x71, 0x2b, 0x71, 0x2b, 0x71, 
	0x2b, 0x71, 0x2b, 0x71, 0x2b, 0x71, 0x2b, 0x71, 
	0x2b, 0x71, 0x2b, 0x71, 0x2b, 0x71, 0x2b, 0x71, 
	0x2b, 0x71, 0x2b, 0x71, 0x2b, 0x71, 0x2b, 0x71, 
	0x2b, 0x71, 0x2b, 0x71, 0x2b, 0x71, 0x2b, 0x71, 
	0x2b, 0x71, 0x2b, 0x71, 0x2b, 0x71, 0x2b, 0x71, 
	0x2b, 0x71, 0x2b, 0x71, 0x2b, 0x71, 0x2b, 0x71, 
	0x2b, 0x71, 0x2b, 0x71, 0x2b, 0x71, 0x2b, 0x71, 
	0x2b, 0x71, 0x2b, 0x71, 0x2b, 0x71, 0x2b, 0x71, 
	0x2b, 0x71, 0x2b, 0x71, 0x2b, 0x71, 0x2b, 0x71, 
	0x2b, 0x71, 0x2b, 0x71, 0x2b, 0x71, 0x2b, 0x71, 
	0x2b, 0x71, 0x2b, 0x71, 0x2b, 0x71, 0x2b, 0x71, 
	0x2b, 0x71, 0x2b, 0x71, 0x2b, 0x71, 0x2b, 0x71, 
	0x2b, 0x71, 0x2b, 0x71, 0x2b, 0x71, 0x2b, 0x71, 
	0x2b, 0x71, 0x2b, 0x71, 0x2b, 0x71, 0x2b, 0x71, 
	0x2b, 0x71, 0x2b, 0x71, 0x2b, 0x71, 0x2b, 0x71, 
	0x2b, 0x71, 0x2b, 0x71, 0x2b, 0x71, 0x2b, 0x71, 
	0x2b, 0x71, 0x2b, 0x71, 0x2b, 0x71, 0x2b, 0x71, 
	0x2b, 0x71, 0x2b, 0x71, 0x2b, 0x71, 0x2b, 0x71, 
	0x2b, 0x71, 0x2b, 0x71, 0x2b, 0x71, 0x2b, 0x71, 
	0x2b, 0x71, 0x2b, 0x71, 0x2b, 0x71, 0x2b, 0x71, 
	0x2b, 0x71, 0x2b, 0x71, 0x2b, 0x71, 0x2b, 0x71, 
	0x2b, 0x71, 0x2b, 0x71, 0x2b, 0x71, 0x33, 0x71, 
	0x33, 0x71, 0x33, 0x71, 0x33, 0x71, 0x33, 0x71, 
	0x33, 0x71, 0x33, 0x71, 0x33, 0x71, 0x33, 0x71, 
	0x33, 0x71, 0x33, 0x71, 0x33, 0x71, 0x33, 0x71, 
	0x33, 0x71, 0x33, 0x71, 0x33, 0x71, 0x33, 0x71, 
	0x33, 0x71, 0x33, 0x71, 0x33, 0x71, 0x33, 0x71, 
	0x33, 0x71, 0x33, 0x71, 0x33, 0x71, 0x33, 0x71, 
	0x33, 0x71, 0x33, 0x71, 0x33, 0x71, 0x33, 0x71, 
	0x33, 0x71, 0x33, 0x71, 0x33, 0x71, 0x33, 0x71, 
	0x33, 0x71, 0x33, 0x71, 0x33, 0x71, 0x33, 0x71, 
	0x33, 0x71, 0x33, 0x71, 0x33, 0x71, 0x33, 0x71, 
	0x33, 0x71, 0x33, 0x71, 0x33, 0x71, 0x33, 0x71, 
	0x33, 0x71, 0x33, 0x71, 0x33, 0x71, 0x33, 0x71, 
	0x33, 0x71, 0x33, 0x71, 0x33, 0x71, 0x33, 0x71, 
	0x33, 0x71, 0x33, 0x71, 0x33, 0x71, 0x33, 0x71, 
	0x33, 0x71, 0x33, 0x71, 0x33, 0x71, 0x33, 0x71, 
	0x33, 0x71, 0x33, 0x71, 0x33, 0x71, 0x33, 0x71, 
	0x33, 0x71, 0x33, 0x71, 0x33, 0x71, 0x33, 0x71, 
	0x33, 0x71, 0x33, 0x71, 0x33, 0x71, 0x33, 0x71, 
	0x33, 0x71, 0x33, 0x71, 0x33, 0x71, 0x33, 0x71, 
	0x33, 0x71, 0x33, 0x71, 0x33, 0x71, 0x33, 0x71, 
	0x33, 0x71, 0x33, 0x71, 0x33, 0x71, 0x33, 0x71, 
	0x33, 0x71, 0x33, 0x71, 0x33, 0x71, 0x33, 0x71, 
	0x33, 0x71, 0x33, 0x71, 0x33, 0x71, 0x33, 0x71, 
	0x33, 0x71, 0x33, 0x71, 0x33, 0x71, 0x33, 0x71, 
	0x33, 0x71, 0x33, 0x71, 0x33, 0x71, 0x33, 0x71, 
	0x33, 0x71, 0x33, 0x71, 0x33, 0x71, 0x33, 0x71, 
	0x33, 0x71, 0x33, 0x71, 0x33, 0x71, 0x33, 0x71, 
	0x33, 0x71, 0x33, 0x71, 0x33, 0x71, 0x33, 0x71, 
	0x33, 0x71, 0x33, 0x71, 0x33, 0x71, 0x33, 0x71, 
	0x33, 0x71, 0x33, 0x71, 0x33, 0x71, 0x33, 0x71, 
	0x33, 0x71, 0x33, 0x71, 0x33, 0x71, 0x33, 0x71, 
	0x33, 0x71, 0x33, 0x71, 0x33, 0x71, 0x33, 0x71, 
	0x33, 0x71, 0x33, 0x71, 0x33, 0x71, 0x33, 0x71, 
	0x33, 0x71, 0x33, 0x71, 0x33, 0x71, 0x33, 0x71, 
	0x33, 0x71, 0x33, 0x71, 0x33, 0x71, 0x33, 0x71, 
	0x33, 0x71, 0x33, 0x71, 0x33, 0x71, 0x33, 0x71, 
	0x33, 0x71, 0x33, 0x71, 0x33, 0x71, 0x33, 0x71, 
	0x33, 0x71, 0x33, 0x71, 0x33, 0x71, 0x33, 0x71, 
	0x33, 0x71, 0x33, 0x71, 0x33, 0x71, 0x33, 0x71, 
	0x33, 0x71, 0x33, 0x71, 0x33, 0x71, 0x33, 0x71, 
	0x33, 0x71, 0x33, 0x71, 0x33, 0x71, 0x33, 0x71, 
	0x33, 0x71, 0x33, 0x71, 0x33, 0x71, 0x33, 0x71, 
	0x33, 0x71, 0x33, 0x71, 0x33, 0x71, 0x33, 0x71, 
	0x33, 0x71, 0x33, 0x71, 0x33, 0x71, 0x33, 0x71, 
	0x33, 0x71, 0x33, 0x71, 0x33, 0x71, 0x33, 0x71, 
	0x33, 0x71, 0x33, 0x71, 0x33, 0x71, 0x33, 0x71, 
	0x33, 0x71, 0x33, 0x71, 0x33, 0x71, 0x33, 0x71, 
	0x33, 0x71, 0x33, 0x71, 0x33, 0x71, 0x33, 0x71, 
	0x33, 0x71, 0x33, 0x71, 0x33, 0x71, 0x33, 0x71, 
	0x33, 0x71, 0x33, 0x71, 0x33, 0x71, 0x33, 0x71, 
	0x33, 0x71, 0x33, 0x71, 0x33, 0x71, 0x33, 0x71, 
	0x33, 0x71, 0x33, 0x71, 0x33, 0x71, 0x33, 0x71, 
	0x33, 0x71, 0x33, 0x71, 0x33, 0x71, 0x33, 0x71, 
	0x33, 0x71, 0x33, 0x71, 0x33, 0x71, 0x33, 0x71, 
	0x33, 0x71, 0x33, 0x71, 0x33, 0x71, 0x33, 0x71, 
	0x33, 0x71, 0x33, 0x71, 0x33, 0x71, 0x33, 0x71, 
	0x33, 0x71, 0x33, 0x71, 0x33, 0x71, 0x33, 0x71, 
	0x33, 0x71, 0x33, 0x71, 0x33, 0x71, 0x33, 0x71, 
	0x33, 0x71, 0x33, 0x71, 0x33, 0x71, 0x33, 0x71, 
	0x33, 0x71, 0x33, 0x71, 0x33, 0x71, 0x33, 0x71, 
	0x33, 0x71, 0x33, 0x71, 0x33, 0x71, 0x33, 0x71, 
	0x33, 0x71, 0x33, 0x71, 0x33, 0x71, 0x33, 0x71, 
	0x33, 0x71, 0x33, 0x71, 0x33, 0x71, 0x33, 0x71, 
	0x33, 0x71, 0x33, 0x71, 0x33, 0x71, 0x33, 0x71, 
	0x33, 0x71, 0x33, 0x71, 0x33, 0x71, 0x33, 0x71, 
	0x33, 0x71, 0x33, 0x71, 0x33, 0x71, 0x33, 0x71, 
	0x33, 0x71, 0x33, 0x71, 0x33, 0x71, 0x33, 0x71, 
	0x33, 0x71, 0x33, 0x71, 0x33, 0x71, 0x33, 0x71, 
	0x33, 0x71, 0x33, 0x71, 0x33, 0x71, 0x33, 0x71, 
	0x33, 0x71, 0x33, 0x71, 0x33, 0x71, 0x33, 0x71, 
	0x33, 0x71, 0x33, 0x71, 0x33, 0x71, 0x33, 0x71, 
	0x33, 0x71, 0x33, 0x71, 0x33, 0x71, 0x33, 0x71, 
	0x33, 0x71, 0x33, 0x71, 0x33, 0x71, 0x33, 0x71, 
	0x33, 0x71, 0x33, 0x71, 0x33, 0x71, 0x33, 0x71, 
	0x33, 0x71, 0x33, 0x71, 0x33, 0x71, 0x33, 0x71, 
	0x33, 0x71, 0x33, 0x71, 0x33, 0x71, 0x33, 0x71, 
	0x33, 0x71, 0x33, 0x71, 0x33, 0x71, 0x33, 0x71, 
	0x33, 0x71, 0x33, 0x71, 0x33, 0x71, 0x33, 0x71, 
	0x33, 0x71, 0x33, 0x71, 0x33, 0x71, 0x33, 0x71, 
	0x33, 0x71, 0x33, 0x71, 0x33, 0x71, 0x33, 0x71, 
	0x33, 0x71, 0x33, 0x71, 0x33, 0x71, 0x33, 0x71, 
	0x33, 0x71, 0x33, 0x71, 0x33, 0x71, 0x33, 0x71, 
	0x33, 0x71, 0x33, 0x71, 0x33, 0x71, 0x33, 0x71, 
	0x33, 0x71, 0x33, 0x71, 0x33, 0x71, 0x33, 0x71, 
	0x33, 0x71, 0x33, 0x71, 0x33, 0x71, 0x33, 0x71, 
	0x33, 0x71, 0x33, 0x71, 0x33, 0x71, 0x33, 0x71, 
	0x33, 0x71, 0x33, 0x71, 0x33, 0x71, 0x33, 0x71, 
	0x33, 0x71, 0x33, 0x71, 0x33, 0x71, 0x33, 0x71, 
	0x33, 0x71, 0x33, 0x71, 0x33, 0x71, 0x33, 0x71, 
	0x33, 0x71, 0x33, 0x71, 0x33, 0x71, 0x33, 0x71, 
	0x33, 0x71, 0x33, 0x71, 0x33, 0x71, 0x33, 0x71, 
	0x33, 0x71, 0x33, 0x71, 0x33, 0x71, 0x33, 0x71, 
	0x33, 0x71, 0x33, 0x71, 0x33, 0x71, 0x33, 0x71, 
	0x33, 0x71, 0x33, 0x71, 0x33, 0x71, 0x33, 0x71, 
	0x33, 0x71, 0x33, 0x71, 0x33, 0x71, 0x33, 0x71, 
	0x33, 0x71, 0x33, 0x71, 0x33, 0x71, 0x33, 0x71, 
	0x33, 0xb3, 0x33, 0xb3, 0x33, 0xb3, 0x33, 0xb3, 
	0x33, 0xb3, 0x33, 0xb3, 0x33, 0xb3, 0x33, 0xb3, 
	0x33, 0xb3, 0x33, 0xb3, 0x33, 0xb3, 0x33, 0xb3, 
	0x33, 0xb3, 0x33, 0xb3, 0x33, 0xb3, 0x33, 0xb3, 
	0x33, 0xb3, 0x33, 0xb3, 0x33, 0xb3, 0x33, 0xb3, 
	0x33, 0xb3, 0x33, 0xb3, 0x33, 0xb3, 0x33, 0xb3, 
	0x33, 0xb3, 0x33, 0xb3, 0x33, 0xb3, 0x33, 0xb3, 
	0x33, 0xb3, 0x33, 0xb3, 0x33, 0xb3, 0x33, 0xb3, 
	0x33, 0xb3, 0x33, 0xb3, 0x33, 0xb3, 0x33, 0xb3, 
	0x33, 0xb3, 0x33, 0xb3, 0x33, 0xb3, 0x33, 0xb3, 
	0x33, 0xb3, 0x33, 0xb3, 0x33, 0xb3, 0x33, 0xb3, 
	0x33, 0xb3, 0x33, 0xb3, 0x33, 0xb3, 0x33, 0xb3, 
	0x33, 0xb3, 0x33, 0xb3, 0x33, 0xb3, 0x33, 0xb3, 
	0x33, 0xb3, 0x33, 0xb3, 0x33, 0xb3, 0x33, 0xb3, 
	0x33, 0xb3, 0x33, 0xb3, 0x33, 0xb3, 0x33, 0xb3, 
	0x33, 0xb3, 0x33, 0xb3, 0x33, 0xb3, 0x33, 0xb3, 
	0x33, 0xb3, 0x33, 0xb3, 0x33, 0xb3, 0x33, 0xb3, 
	0x33, 0xb3, 0x33, 0xb3, 0x33, 0xb3, 0x33, 0xb3, 
	0x33, 0xb3, 0x33, 0xb3, 0x33, 0xb3, 0x33, 0xb3, 
	0x33, 0xb3, 0x33, 0xb3, 0x33, 0xb3, 0x33, 0xb3, 
	0x33, 0xb3, 0x33, 0xb3, 0x33, 0xb3, 0x33, 0xb3, 
	0x33, 0xb3, 0x33, 0xb3, 0x33, 0xb3, 0x33, 0xb3, 
	0x33, 0xb3, 0x33, 0xb3, 0x33, 0xb3, 0x33, 0xb3, 
	0x33, 0xb3, 0x33, 0xb3, 0x33, 0xb3, 0x33, 0xb3, 
	0x33, 0xb3, 0x33, 0xb3, 0x33, 0xb3, 0x33, 0xb3, 
	0x33, 0xb3, 0x33, 0xb3, 0x33, 0xb3, 0x33, 0xb3, 
	0x33, 0xb3, 0x33, 0xb3, 0x33, 0xb3, 0x33, 0xb3, 
	0x33, 0xb3, 0x33, 0xb3, 0x33, 0xb3, 0x33, 0xb3, 
	0x33, 0xb3, 0x33, 0xb3, 0x33, 0xb3, 0x33, 0xb3, 
	0x33, 0xb3, 0x33, 0xb3, 0x33, 0xb3, 0x33, 0xb3, 
	0x33, 0xb3, 0x33, 0xb3, 0x33, 0xb3, 0x33, 0xb3, 
	0x33, 0xb3, 0x33, 0xb3, 0x33, 0xb3, 0x33, 0xb3, 
	0x3b, 0xf3, 0x3b, 0xf3, 0x3b, 0xf3, 0x3b, 0xf3, 
	0x3b, 0xf3, 0x3b, 0xf3, 0x3b, 0xf3, 0x3b, 0xf3, 
	0x3b, 0xf3, 0x3b, 0xf3, 0x3b, 0xf3, 0x3b, 0xf3, 
	0x3b, 0xf3, 0x3b, 0xf3, 0x3b, 0xf3, 0x3b, 0xf3, 
	0x3b, 0xf3, 0x3b, 0xf3, 0x3b, 0xf3, 0x3b, 0xf3, 
	0x3b, 0xf3, 0x3b, 0xf3, 0x3b, 0xf3, 0x3b, 0xf3, 
	0x3b, 0xf3, 0x3b, 0xf3, 0x3b, 0xf3, 0x3b, 0xf3, 
	0x3b, 0xf3, 0x3b, 0xf3, 0x3b, 0xf3, 0x3b, 0xf3, 
	0x3b, 0xf3, 0x3b, 0xf3, 0x3b, 0xf3, 0x3b, 0xf3, 
	0x3b, 0xf3, 0x3b, 0xf3, 0x3b, 0xf3, 0x3b, 0xf3, 
	0x3b, 0xf3, 0x3b, 0xf3, 0x3b, 0xf3, 0x3b, 0xf3, 
	0x3b, 0xf3, 0x3b, 0xf3, 0x3b, 0xf3, 0x3b, 0xf3, 
	0x3b, 0xf3, 0x3b, 0xf3, 0x3b, 0xf3, 0x3b, 0xf3, 
	0x3b, 0xf3, 0x3b, 0xf3, 0x3b, 0xf3, 0x3b, 0xf3, 
	0x3b, 0xf3, 0x3b, 0xf3, 0x3b, 0xf3, 0x3b, 0xf3, 
	0x3b, 0xf3, 0x3b, 0xf3, 0x3b, 0xf3, 0x3b, 0xf3, 
	0x3b, 0xf3, 0x3b, 0xf3, 0x3b, 0xf3, 0x3b, 0xf3, 
	0x3b, 0xf3, 0x3b, 0xf3, 0x3b, 0xf3, 0x3b, 0xf3, 
	0x3b, 0xf3, 0x3b, 0xf3, 0x3b, 0xf3, 0x3b, 0xf3, 
	0x3b, 0xf3, 0x3b, 0xf3, 0x3b, 0xf3, 0x3b, 0xf3, 
	0x3b, 0xf3, 0x3b, 0xf3, 0x3b, 0xf3, 0x3b, 0xf3, 
	0x3b, 0xf3, 0x3b, 0xf3, 0x3b, 0xf3, 0x3b, 0xf3, 
	0x3b, 0xf3, 0x3b, 0xf3, 0x3b, 0xf3, 0x3b, 0xf3, 
	0x3b, 0xf3, 0x3b, 0xf3, 0x3b, 0xf3, 0x3b, 0xf3, 
	0x3b, 0xf3, 0x3b, 0xf3, 0x3b, 0xf3, 0x3b, 0xf3, 
	0x3b, 0xf3, 0x3b, 0xf3, 0x3b, 0xf3, 0x3b, 0xf3, 
	0x3b, 0xf3, 0x3b, 0xf3, 0x3b, 0xf3, 0x3b, 0xf3, 
	0x3b, 0xf3, 0x3b, 0xf3, 0x3b, 0xf3, 0x3b, 0xf3, 
	0x3b, 0xf3, 0x3b, 0xf3, 0x3b, 0xf3, 0x3b, 0xf3, 
	0x3b, 0xf3, 0x3b, 0xf3, 0x3b, 0xf3, 0x3b, 0xf3, 
	0x3b, 0xf3, 0x3b, 0xf3, 0x3b, 0xf3, 0x3b, 0xf3, 
	0x3b, 0xf3, 0x3b, 0xf3, 0x3b, 0xf3, 0x3b, 0xf3, 
	0x3b, 0xf3, 0x3b, 0xf3, 0x3b, 0xf3, 0x3b, 0xf3, 
	0x3b, 0xf3, 0x3b, 0xf3, 0x3b, 0xf3, 0x3b, 0xf3, 
	0x3b, 0xf3, 0x3b, 0xf3, 0x3b, 0xf3, 0x3b, 0xf3, 
	0x3b, 0xf3, 0x3b, 0xf3, 0x3b, 0xf3, 0x3b, 0xf3, 
	0x3b, 0xf3, 0x3b, 0xf3, 0x3b, 0xf3, 0x3b, 0xf3, 
	0x3b, 0xf3, 0x3b, 0xf3, 0x3b, 0xf3, 0x3b, 0xf3, 
	0x3b, 0xf3, 0x3b, 0xf3, 0x3b, 0xf3, 0x3b, 0xf3, 
	0x3b, 0xf3, 0x3b, 0xf3, 0x3b, 0xf3, 0x3b, 0xf3, 
	0x3b, 0xf3, 0x3b, 0xf3, 0x3b, 0xf3, 0x3b, 0xf3, 
	0x3b, 0xf3, 0x3b, 0xf3, 0x3b, 0xf3, 0x3b, 0xf3, 
	0x3b, 0xf3, 0x3b, 0xf3, 0x3b, 0xf3, 0x3b, 0xf3, 
	0x3b, 0xf3, 0x3b, 0xf3, 0x3b, 0xf3, 0x3b, 0xf3, 
	0x3b, 0xf3, 0x3b, 0xf3, 0x3b, 0xf3, 0x3b, 0xf3, 
	0x3b, 0xf3, 0x3b, 0xf3, 0x3b, 0xf3, 0x3b, 0xf3, 
	0x3b, 0xf3, 0x3b, 0xf3, 0x3b, 0xf3, 0x3b, 0xf3, 
	0x3b, 0xf3, 0x3b, 0xf3, 0x3b, 0xf3, 0x3b, 0xf3, 
	0x3b, 0xf3, 0x3b, 0xf3, 0x3b, 0xf3, 0x3b, 0xf3, 
	0x3b, 0xf3, 0x3b, 0xf3, 0x3b, 0xf3, 0x3b, 0xf3, 
	0x3b, 0xf3, 0x3b, 0xf3, 0x3b, 0xf3, 0x3b, 0xf3, 
	0x3b, 0xf3, 0x3b, 0xf3, 0x3b, 0xf3, 0x3b, 0xf3, 
	0x3b, 0xf3, 0x3b, 0xf3, 0x3b, 0xf3, 0x3b, 0xf3, 
	0x3b, 0xf3, 0x3b, 0xf3, 0x3b, 0xf3, 0x3b, 0xf3, 
	0x3b, 0xf3, 0x3b, 0xf3, 0x3b, 0xf3, 0x3b, 0xf3, 
	0x3b, 0xf3, 0x3b, 0xf3, 0x3b, 0xf3, 0x3b, 0xf3, 
	0x3b, 0xf3, 0x3b, 0xf3, 0x3b, 0xf3, 0x3b, 0xf3, 
	0x3b, 0xf3, 0x3b, 0xf3, 0x3b, 0xf3, 0x3b, 0xf3, 
	0x3b, 0xf3, 0x3b, 0xf3, 0x3b, 0xf3, 0x3b, 0xf3, 
	0x3b, 0xf3, 0x3b, 0xf3, 0x3b, 0xf3, 0x3b, 0xf3, 
	0x3b, 0xf3, 0x3b, 0xf3, 0x3b, 0xf3, 0x3b, 0xf3, 
	0x3b, 0xf3, 0x3b, 0xf3, 0x3b, 0xf3, 0x3b, 0xf3, 
	0x3b, 0xf3, 0x3b, 0xf3, 0x3b, 0xf3, 0x3b, 0xf3, 
	0x3b, 0xf3, 0x3b, 0xf3, 0x3b, 0xf3, 0x3b, 0xf3, 
	0x3b, 0xf3, 0x3b, 0xf3, 0x3b, 0xf3, 0x3b, 0xf3, 
	0x3b, 0xf3, 0x3b, 0xf3, 0x3b, 0xf3, 0x3b, 0xf3, 
	0x3b, 0xf3, 0x3b, 0xf3, 0x3b, 0xf3, 0x3b, 0xf3, 
	0x3b, 0xf3, 0x3b, 0xf3, 0x3b, 0xf3, 0x3b, 0xf3, 
	0x3b, 0xf3, 0x3b, 0xf3, 0x3b, 0xf3, 0x3b, 0xf3, 
	0x3b, 0xf3, 0x3b, 0xf3, 0x3b, 0xf3, 0x3b, 0xf3, 
	0x3b, 0xf3, 0x3b, 0xf3, 0x3b, 0xf3, 0x3b, 0xf3, 
	0x3b, 0xf3, 0x3b, 0xf3, 0x3b, 0xf3, 0x3b, 0xf3, 
	0x3b, 0xf3, 0x3b, 0xf3, 0x3b, 0xf3, 0x3b, 0xf3, 
	0x3b, 0xf3, 0x3b, 0xf3, 0x3b, 0xf3, 0x3b, 0xf3, 
	0x3b, 0xf3, 0x3b, 0xf3, 0x3b, 0xf3, 0x3b, 0xf3, 
	0x3b, 0xf3, 0x3b, 0xf3, 0x3b, 0xf3, 0x3b, 0xf3, 
	0x3b, 0xf3, 0x3b, 0xf3, 0x3b, 0xf3, 0x3b, 0xf3, 
	0x3b, 0xf3, 0x3b, 0xf3, 0x3b, 0xf3, 0x3b, 0xf3, 
	0x3b, 0xf3, 0x3b, 0xf3, 0x3b, 0xf3, 0x3b, 0xf3, 
	0x3b, 0xf3, 0x3b, 0xf3, 0x3b, 0xf3, 0x3b, 0xf3, 
	0x3b, 0xf3, 0x3b, 0xf3, 0x3b, 0xf3, 0x3b, 0xf3, 
	0x3b, 0xf3, 0x3b, 0xf3, 0x3b, 0xf3, 0x3b, 0xf3, 
	0x3b, 0xf3, 0x3b, 0xf3, 0x3b, 0xf3, 0x3b, 0xf3, 
	0x3b, 0xf3, 0x3b, 0xf3, 0x3b, 0xf3, 0x3b, 0xf3, 
	0x3b, 0xf3, 0x3b, 0xf3, 0x3b, 0xf3, 0x3b, 0xf3, 
	0x3b, 0xf3, 0x3b, 0xf3, 0x3b, 0xf3, 0x3b, 0xf3, 
	0x3b, 0xf3, 0x3b, 0xf3, 0x3b, 0xf3, 0x3b, 0xf3, 
	0x3b, 0xf3, 0x3b, 0xf3, 0x3b, 0xf3, 0x3b, 0xf3, 
	0x3b, 0xf3, 0x3b, 0xf3, 0x3b, 0xf3, 0x3b, 0xf3, 
	0x3b, 0xf3, 0x3b, 0xf3, 0x3b, 0xf3, 0x3b, 0xf3, 
	0x3b, 0xf3, 0x3b, 0xf3, 0x3b, 0xf3, 0x3b, 0xf3, 
	0x3b, 0xf3, 0x3b, 0xf3, 0x3b, 0xf3, 0x3b, 0xf3, 
	0x3b, 0xf3, 0x3b, 0xf3, 0x3b, 0xf3, 0x3b, 0xf3, 
	0x3b, 0xf3, 0x3b, 0xf3, 0x3b, 0xf3, 0x3b, 0xf3, 
	0x3b, 0xf3, 0x3b, 0xf3, 0x3b, 0xf3, 0x3b, 0xf3, 
	0x3b, 0xf3, 0x3b, 0xf3, 0x3b, 0xf3, 0x3b, 0xf3, 
	0x44, 0x33, 0x3b, 0xf3, 0x3b, 0xf3, 0x3b, 0xf3, 
	0x3b, 0xf3, 0x3b, 0xf3, 0x3b, 0xf3, 0x3b, 0xf3, 
	0x3b, 0xf3, 0x3b, 0xf3, 0x3b, 0xf3, 0x3b, 0xf3, 
	0x3b, 0xf3, 0x3b, 0xf3, 0x3b, 0xf3, 0x3b, 0xf3, 
	0x3b, 0xf3, 0x3b, 0xf3, 0x3b, 0xf3, 0x3b, 0xf3, 
	0x3b, 0xf3, 0x3b, 0xf3, 0x3b, 0xf3, 0x3b, 0xf3, 
	0x3b, 0xf3, 0x3b, 0xf3, 0x3b, 0xf3, 0x3b, 0xf3, 
	0x3b, 0xf3, 0x3b, 0xf3, 0x3b, 0xf3, 0x3b, 0xf3, 
	0x3b, 0xf3, 0x3b, 0xf3, 0x3b, 0xf3, 0x3b, 0xf3, 
	0x3b, 0xf3, 0x3b, 0xf3, 0x3b, 0xf3, 0x3b, 0xf3, 
	0x3b, 0xf3, 0x3b, 0xf3, 0x3b, 0xf3, 0x3b, 0xf3, 
	0x3b, 0xf3, 0x3b, 0xf3, 0x3b, 0xf3, 0x3b, 0xf3, 
	0x3b, 0xf3, 0x3b, 0xf3, 0x3b, 0xf3, 0x3b, 0xf3, 
	0x3b, 0xf3, 0x3b, 0xf3, 0x3b, 0xf3, 0x3b, 0xf3, 
	0x3b, 0xf3, 0x3b, 0xf3, 0x3b, 0xf3, 0x3b, 0xf3, 
	0x3b, 0xf3, 0x3b, 0xf3, 0x3b, 0xf3, 0x3b, 0xf3, 
	0x3b, 0xf3, 0x3b, 0xf3, 0x3b, 0xf3, 0x3b, 0xf3, 
	0x3b, 0xf3, 0x3b, 0xf3, 0x3b, 0xf3, 0x3b, 0xf3, 
	0x3b, 0xf3, 0x3b, 0xf3, 0x3b, 0xf3, 0x3b, 0xf3, 
	0x3b, 0xf3, 0x3b, 0xf3, 0x3b, 0xf3, 0x3b, 0xf3, 
	0x3b, 0xf3, 0x3b, 0xf3, 0x3b, 0xf3, 0x3b, 0xf3, 
	0x3b, 0xf3, 0x3b, 0xf3, 0x3b, 0xf3, 0x3b, 0xf3, 
	0x3b, 0xf3, 0x3b, 0xf3, 0x3b, 0xf3, 0x3b, 0xf3, 
	0x3b, 0xf3, 0x3b, 0xf3, 0x3b, 0xf3, 0x3b, 0xf3, 
	0x3b, 0xf3, 0x3b, 0xf3, 0x3b, 0xf3, 0x3b, 0xf3, 
	0x3b, 0xf3, 0x3b, 0xf3, 0x3b, 0xf3, 0x3b, 0xf3, 
	0x3b, 0xf3, 0x3b, 0xf3, 0x3b, 0xf3, 0x3b, 0xf3, 
	0x3b, 0xf3, 0x3b, 0xf3, 0x3b, 0xf3, 0x3b, 0xf3, 
	0x3b, 0xf3, 0x3b, 0xf3, 0x3b, 0xf3, 0x3b, 0xf3, 
	0x3b, 0xf3, 0x3b, 0xf3, 0x3b, 0xf3, 0x3b, 0xf3, 
	0x3b, 0xf3, 0x3b, 0xf3, 0x3b, 0xf3, 0x3b, 0xf3, 
	0x3b, 0xf3, 0x3b, 0xf3, 0x3b, 0xf3, 0x44, 0x33, 
	0x44, 0x33, 0x44, 0x33, 0x44, 0x33, 0x44, 0x33, 
	0x44, 0x33, 0x44, 0x33, 0x44, 0x33, 0x44, 0x33, 
	0x44, 0x33, 0x44, 0x33, 0x44, 0x33, 0x44, 0x33, 
	0x44, 0x33, 0x44, 0x33, 0x44, 0x33, 0x44, 0x33, 
	0x44, 0x33, 0x44, 0x33, 0x44, 0x33, 0x44, 0x33, 
	0x44, 0x33, 0x44, 0x33, 0x44, 0x33, 0x44, 0x33, 
	0x44, 0x33, 0x44, 0x33, 0x44, 0x33, 0x44, 0x33, 
	0x44, 0x33, 0x44, 0x33, 0x44, 0x33, 0x44, 0x33, 
	0x44, 0x33, 0x44, 0x33, 0x44, 0x33, 0x44, 0x33, 
	0x44, 0x33, 0x44, 0x33, 0x44, 0x33, 0x44, 0x33, 
	0x44, 0x33, 0x44, 0x33, 0x44, 0x33, 0x44, 0x33, 
	0x44, 0x33, 0x44, 0x33, 0x44, 0x33, 0x44, 0x33, 
	0x44, 0x33, 0x44, 0x33, 0x44, 0x33, 0x44, 0x33, 
	0x44, 0x33, 0x44, 0x33, 0x44, 0x33, 0x44, 0x33, 
	0x44, 0x33, 0x44, 0x33, 0x44, 0x33, 0x44, 0x33, 
	0x44, 0x33, 0x44, 0x33, 0x44, 0x33, 0x44, 0x33, 
	0x44, 0x33, 0x44, 0x33, 0x44, 0x33, 0x44, 0x33, 
	0x44, 0x33, 0x44, 0x33, 0x44, 0x33, 0x44, 0x33, 
	0x44, 0x33, 0x44, 0x33, 0x44, 0x33, 0x44, 0x33, 
	0x44, 0x33, 0x44, 0x33, 0x44, 0x33, 0x44, 0x33, 
	0x44, 0x33, 0x44, 0x33, 0x44, 0x33, 0x44, 0x33, 
	0x44, 0x33, 0x44, 0x33, 0x44, 0x33, 0x44, 0x33, 
	0x44, 0x33, 0x44, 0x33, 0x44, 0x33, 0x44, 0x33, 
	0x44, 0x33, 0x44, 0x33, 0x44, 0x33, 0x44, 0x33, 
	0x44, 0x33, 0x44, 0x33, 0x44, 0x33, 0x44, 0x33, 
	0x44, 0x33, 0x44, 0x33, 0x44, 0x33, 0x44, 0x33, 
	0x44, 0x33, 0x44, 0x33, 0x44, 0x33, 0x44, 0x33, 
	0x44, 0x33, 0x44, 0x33, 0x44, 0x33, 0x44, 0x33, 
	0x44, 0x33, 0x44, 0x33, 0x44, 0x33, 0x44, 0x33, 
	0x44, 0x33, 0x44, 0x33, 0x44, 0x33, 0x44, 0x33, 
	0x44, 0x33, 0x44, 0x33, 0x44, 0x33, 0x44, 0x33, 
	0x44, 0x33, 0x44, 0x33, 0x44, 0x33, 0x44, 0x33, 
	0x44, 0x35, 0x44, 0x35, 0x44, 0x35, 0x44, 0x35, 
	0x44, 0x35, 0x44, 0x35, 0x44, 0x35, 0x44, 0x35, 
	0x44, 0x35, 0x44, 0x35, 0x44, 0x35, 0x44, 0x35, 
	0x44, 0x35, 0x44, 0x35, 0x44, 0x35, 0x44, 0x35, 
	0x44, 0x35, 0x44, 0x35, 0x44, 0x35, 0x44, 0x35, 
	0x44, 0x35, 0x44, 0x35, 0x44, 0x35, 0x44, 0x35, 
	0x44, 0x35, 0x44, 0x35, 0x44, 0x35, 0x44, 0x35, 
	0x44, 0x35, 0x44, 0x35, 0x44, 0x35, 0x44, 0x35, 
	0x44, 0x35, 0x44, 0x35, 0x44, 0x35, 0x44, 0x35, 
	0x44, 0x35, 0x44, 0x35, 0x44, 0x35, 0x44, 0x35, 
	0x44, 0x35, 0x44, 0x35, 0x44, 0x35, 0x44, 0x35, 
	0x44, 0x35, 0x44, 0x35, 0x44, 0x35, 0x44, 0x35, 
	0x44, 0x35, 0x44, 0x35, 0x44, 0x35, 0x44, 0x35, 
	0x44, 0x35, 0x44, 0x35, 0x44, 0x35, 0x44, 0x35, 
	0x44, 0x35, 0x44, 0x35, 0x44, 0x35, 0x44, 0x35, 
	0x44, 0x35, 0x44, 0x35, 0x44, 0x35, 0x44, 0x35, 
	0x44, 0x35, 0x44, 0x35, 0x44, 0x35, 0x44, 0x35, 
	0x44, 0x35, 0x44, 0x35, 0x44, 0x35, 0x44, 0x35, 
	0x44, 0x35, 0x44, 0x35, 0x44, 0x35, 0x44, 0x35, 
	0x44, 0x35, 0x44, 0x35, 0x44, 0x35, 0x44, 0x35, 
	0x44, 0x35, 0x44, 0x35, 0x44, 0x35, 0x44, 0x35, 
	0x44, 0x35, 0x44, 0x35, 0x44, 0x35, 0x44, 0x35, 
	0x44, 0x35, 0x44, 0x35, 0x44, 0x35, 0x44, 0x35, 
	0x44, 0x35, 0x44, 0x35, 0x44, 0x35, 0x44, 0x35, 
	0x44, 0x35, 0x44, 0x35, 0x44, 0x35, 0x44, 0x35, 
	0x44, 0x35, 0x44, 0x35, 0x44, 0x35, 0x44, 0x35, 
	0x44, 0x35, 0x44, 0x35, 0x44, 0x35, 0x44, 0x35, 
	0x44, 0x35, 0x44, 0x35, 0x44, 0x35, 0x44, 0x35, 
	0x44, 0x35, 0x44, 0x35, 0x44, 0x35, 0x44, 0x35, 
	0x44, 0x35, 0x44, 0x35, 0x44, 0x35, 0x44, 0x35, 
	0x44, 0x35, 0x44, 0x35, 0x44, 0x35, 0x44, 0x35, 
	0x44, 0x35, 0x44, 0x35, 0x44, 0x35, 0x44, 0x35, 
	0x44, 0x35, 0x44, 0x35, 0x44, 0x35, 0x44, 0x35, 
	0x44, 0x35, 0x44, 0x35, 0x44, 0x35, 0x44, 0x35, 
	0x44, 0x35, 0x44, 0x35, 0x44, 0x35, 0x44, 0x35, 
	0x44, 0x35, 0x44, 0x35, 0x44, 0x35, 0x44, 0x35, 
	0x44, 0x35, 0x44, 0x35, 0x44, 0x35, 0x44, 0x35, 
	0x44, 0x35, 0x44, 0x35, 0x44, 0x35, 0x44, 0x35, 
	0x44, 0x35, 0x44, 0x35, 0x44, 0x35, 0x44, 0x35, 
	0x44, 0x35, 0x44, 0x35, 0x44, 0x35, 0x44, 0x35, 
	0x44, 0x35, 0x44, 0x35, 0x44, 0x35, 0x44, 0x35, 
	0x44, 0x35, 0x44, 0x35, 0x44, 0x35, 0x44, 0x35, 
	0x44, 0x35, 0x44, 0x35, 0x44, 0x35, 0x44, 0x35, 
	0x44, 0x35, 0x44, 0x35, 0x44, 0x35, 0x44, 0x35, 
	0x44, 0x35, 0x44, 0x35, 0x44, 0x35, 0x44, 0x35, 
	0x44, 0x35, 0x44, 0x35, 0x44, 0x35, 0x44, 0x35, 
	0x44, 0x35, 0x44, 0x35, 0x44, 0x35, 0x44, 0x35, 
	0x44, 0x35, 0x44, 0x35, 0x44, 0x35, 0x44, 0x35, 
	0x44, 0x35, 0x44, 0x35, 0x44, 0x35, 0x44, 0x35, 
	0x44, 0x35, 0x44, 0x35, 0x44, 0x35, 0x44, 0x35, 
	0x44, 0x35, 0x44, 0x35, 0x44, 0x35, 0x44, 0x35, 
	0x44, 0x35, 0x44, 0x35, 0x44, 0x35, 0x44, 0x35, 
	0x44, 0x35, 0x44, 0x35, 0x44, 0x35, 0x44, 0x35, 
	0x44, 0x35, 0x44, 0x35, 0x44, 0x35, 0x44, 0x35, 
	0x44, 0x35, 0x44, 0x35, 0x44, 0x35, 0x44, 0x35, 
	0x44, 0x35, 0x44, 0x35, 0x44, 0x35, 0x44, 0x35, 
	0x44, 0x35, 0x44, 0x35, 0x44, 0x35, 0x44, 0x35, 
	0x44, 0x35, 0x44, 0x35, 0x44, 0x35, 0x44, 0x35, 
	0x44, 0x35, 0x44, 0x35, 0x44, 0x35, 0x44, 0x35, 
	0x44, 0x35, 0x44, 0x35, 0x44, 0x35, 0x44, 0x35, 
	0x44, 0x35, 0x44, 0x35, 0x44, 0x35, 0x44, 0x35, 
	0x44, 0x35, 0x44, 0x35, 0x44, 0x35, 0x44, 0x35, 
	0x44, 0x35, 0x44, 0x35, 0x44, 0x35, 0x44, 0x35, 
	0x44, 0x35, 0x44, 0x35, 0x44, 0x35, 0x44, 0x35, 
	0x44, 0x35, 0x44, 0x35, 0x44, 0x35, 0x44, 0x35, 
	0x44, 0x35, 0x44, 0x35, 0x44, 0x35, 0x44, 0x35, 
	0x44, 0x35, 0x44, 0x35, 0x44, 0x35, 0x44, 0x35, 
	0x44, 0x35, 0x44, 0x35, 0x44, 0x35, 0x44, 0x35, 
	0x44, 0x35, 0x44, 0x35, 0x44, 0x35, 0x44, 0x35, 
	0x44, 0x35, 0x44, 0x35, 0x44, 0x35, 0x44, 0x35, 
	0x44, 0x35, 0x44, 0x35, 0x44, 0x35, 0x44, 0x35, 
	0x44, 0x35, 0x44, 0x35, 0x44, 0x35, 0x44, 0x35, 
	0x44, 0x35, 0x44, 0x35, 0x44, 0x35, 0x44, 0x35, 
	0x44, 0x35, 0x44, 0x35, 0x44, 0x35, 0x44, 0x35, 
	0x44, 0x35, 0x44, 0x35, 0x44, 0x35, 0x44, 0x35, 
	0x44, 0x35, 0x44, 0x35, 0x44, 0x35, 0x44, 0x35, 
	0x44, 0x35, 0x44, 0x35, 0x44, 0x35, 0x44, 0x35, 
	0x44, 0x35, 0x44, 0x35, 0x44, 0x35, 0x44, 0x35, 
	0x44, 0x35, 0x44, 0x35, 0x44, 0x35, 0x44, 0x35, 
	0x44, 0x35, 0x44, 0x35, 0x44, 0x35, 0x44, 0x35, 
	0x44, 0x35, 0x44, 0x35, 0x44, 0x35, 0x44, 0x35, 
	0x44, 0x35, 0x44, 0x35, 0x44, 0x35, 0x44, 0x35, 
	0x44, 0x35, 0x44, 0x35, 0x44, 0x35, 0x44, 0x35, 
	0x44, 0x35, 0x44, 0x35, 0x44, 0x35, 0x44, 0x35, 
	0x44, 0x35, 0x44, 0x35, 0x44, 0x35, 0x44, 0x35, 
	0x44, 0x35, 0x44, 0x35, 0x44, 0x35, 0x44, 0x35, 
	0x44, 0x35, 0x44, 0x35, 0x44, 0x35, 0x44, 0x35, 
	0x44, 0x35, 0x44, 0x35, 0x44, 0x35, 0x44, 0x35, 
	0x44, 0x35, 0x44, 0x35, 0x44, 0x35, 0x44, 0x35, 
	0x44, 0x35, 0x44, 0x35, 0x44, 0x35, 0x44, 0x35, 
	0x44, 0x35, 0x44, 0x35, 0x44, 0x35, 0x44, 0x35, 
	0x44, 0x35, 0x44, 0x35, 0x44, 0x35, 0x44, 0x35, 
	0x44, 0x35, 0x44, 0x35, 0x44, 0x35, 0x44, 0x35, 
	0x44, 0x35, 0x44, 0x35, 0x44, 0x35, 0x44, 0x35, 
	0x44, 0x35, 0x44, 0x35, 0x44, 0x35, 0x44, 0x35, 
	0x44, 0x35, 0x44, 0x35, 0x44, 0x35, 0x44, 0x35, 
	0x44, 0x35, 0x44, 0x35, 0x44, 0x35, 0x44, 0x35, 
	0x44, 0x35, 0x44, 0x35, 0x44, 0x35, 0x44, 0x35, 
	0x44, 0x35, 0x44, 0x35, 0x44, 0x35, 0x44, 0x35, 
	0x44, 0x35, 0x44, 0x35, 0x44, 0x35, 0x44, 0x35, 
	0x44, 0x35, 0x44, 0x35, 0x44, 0x35, 0x44, 0x35, 
	0x44, 0x35, 0x44, 0x35, 0x44, 0x35, 0x44, 0x35, 
	0x44, 0x35, 0x44, 0x35, 0x44, 0x35, 0x44, 0x35, 
	0x44, 0x35, 0x44, 0x35, 0x44, 0x35, 0x44, 0x35, 
	0x44, 0x35, 0x44, 0x35, 0x44, 0x35, 0x44, 0x35, 
	0x44, 0x35, 0x44, 0x35, 0x44, 0x35, 0x44, 0x35, 
	0x44, 0x35, 0x44, 0x35, 0x44, 0x35, 0x44, 0x35, 
	0x44, 0x35, 0x44, 0x35, 0x44, 0x35, 0x44, 0x35, 
	0x44, 0x35, 0x44, 0x35, 0x44, 0x35, 0x44, 0x35, 
	0x44, 0x35, 0x44, 0x35, 0x44, 0x35, 0x44, 0x35, 
	0x44, 0x35, 0x44, 0x35, 0x44, 0x35, 0x44, 0x35, 
	0x44, 0x35, 0x44, 0x35, 0x44, 0x35, 0x44, 0x35, 
	0x44, 0x35, 0x44, 0x35, 0x44, 0x35, 0x44, 0x35, 
	0x44, 0x35, 0x44, 0x35, 0x44, 0x35, 0x44, 0x35, 
	0x44, 0x35, 0x44, 0x35, 0x44, 0x35, 0x44, 0x35, 
	0x44, 0x35, 0x44, 0x35, 0x44, 0x35, 0x44, 0x35, 
	0x44, 0x35, 0x44, 0x35, 0x44, 0x35, 0x44, 0x35, 
	0x44, 0x35, 0x44, 0x35, 0x44, 0x35, 0x44, 0x35, 
	0x44, 0x35, 0x44, 0x35, 0x44, 0x35, 0x44, 0x35, 
	0x44, 0x35, 0x44, 0x35, 0x44, 0x35, 0x44, 0x35, 
	0x44, 0x35, 0x44, 0x35, 0x44, 0x35, 0x44, 0x35, 
	0x44, 0x35, 0x44, 0x35, 0x44, 0x35, 0x44, 0x35, 
	0x44, 0x35, 0x44, 0x35, 0x44, 0x35, 0x44, 0x35, 
	0x44, 0x35, 0x44, 0x35, 0x44, 0x35, 0x44, 0x35, 
	0x44, 0x35, 0x44, 0x35, 0x44, 0x35, 0x44, 0x35, 
	0x44, 0x35, 0x44, 0x35, 0x44, 0x35, 0x44, 0x35, 
	0x44, 0x35, 0x44, 0x35, 0x44, 0x35, 0x44, 0x35, 
	0x44, 0x35, 0x44, 0x35, 0x44, 0x35, 0x44, 0x35, 
	0x44, 0x35, 0x44, 0x35, 0x44, 0x35, 0x44, 0x35, 
	0x44, 0x35, 0x44, 0x35, 0x44, 0x35, 0x44, 0x35, 
	0x44, 0x35, 0x44, 0x35, 0x44, 0x35, 0x44, 0x35, 
	0x44, 0x35, 0x44, 0x35, 0x44, 0x35, 0x44, 0x35, 
	0x44, 0x35, 0x44, 0x35, 0x44, 0x35, 0x44, 0x35, 
	0x44, 0x35, 0x44, 0x35, 0x44, 0x35, 0x44, 0x35, 
	0x44, 0x35, 0x44, 0x35, 0x44, 0x35, 0x44, 0x35, 
	0x44, 0x35, 0x44, 0x35, 0x44, 0x35, 0x44, 0x35, 
	0x44, 0x35, 0x44, 0x35, 0x44, 0x35, 0x44, 0x35, 
	0x44, 0x35, 0x44, 0x35, 0x44, 0x35, 0x44, 0x35, 
	0x44, 0x35, 0x44, 0x35, 0x44, 0x35, 0x44, 0x35, 
	0x44, 0x35, 0x44, 0x35, 0x44, 0x35, 0x44, 0x35, 
	0x44, 0x35, 0x44, 0x35, 0x44, 0x35, 0x44, 0x35, 
	0x44, 0x35, 0x44, 0x35, 0x44, 0x35, 0x44, 0x35, 
	0x44, 0x35, 0x44, 0x35, 0x44, 0x35, 0x44, 0x35, 
	0x44, 0x35, 0x44, 0x35, 0x44, 0x35, 0x44, 0x35, 
	0x44, 0x35, 0x44, 0x35, 0x44, 0x35, 0x44, 0x35, 
	0x44, 0x35, 0x44, 0x35, 0x44, 0x35, 0x44, 0x35, 
	0x44, 0x35, 0x44, 0x35, 0x44, 0x35, 0x44, 0x35, 
	0x44, 0x35, 0x44, 0x35, 0x44, 0x35, 0x44, 0x35, 
	0x44, 0x35, 0x44, 0x35, 0x44, 0x35, 0x44, 0x35, 
	0x44, 0x35, 0x44, 0x35, 0x44, 0x35, 0x44, 0x35, 
	0x44, 0x35, 0x44, 0x35, 0x44, 0x35, 0x44, 0x35, 
	0x44, 0x35, 0x44, 0x35, 0x44, 0x35, 0x44, 0x35, 
	0x44, 0x35, 0x44, 0x35, 0x44, 0x35, 0x44, 0x35, 
	0x44, 0x35, 0x44, 0x35, 0x44, 0x35, 0x44, 0x35, 
	0x44, 0x35, 0x44, 0x35, 0x44, 0x35, 0x44, 0x35, 
	0x44, 0x35, 0x44, 0x35, 0x44, 0x35, 0x44, 0x35, 
	0x44, 0x35, 0x44, 0x35, 0x44, 0x35, 0x44, 0x35, 
	0x44, 0x35, 0x44, 0x35, 0x44, 0x35, 0x44, 0x35, 
	0x44, 0x35, 0x44, 0x35, 0x44, 0x35, 0x44, 0x35, 
	0x44, 0x35, 0x44, 0x35, 0x44, 0x35, 0x44, 0x35, 
	0x54, 0xb7, 0x44, 0x35, 0x44, 0x35, 0x44, 0x35, 
	0x44, 0x35, 0x44, 0x35, 0x44, 0x35, 0x44, 0x35, 
	0x44, 0x35, 0x44, 0x35, 0x44, 0x35, 0x44, 0x35, 
	0x44, 0x35, 0x44, 0x35, 0x44, 0x35, 0x44, 0x35, 
	0x44, 0x35, 0x44, 0x35, 0x44, 0x35, 0x44, 0x35, 
	0x44, 0x35, 0x44, 0x35, 0x44, 0x35, 0x44, 0x35, 
	0x44, 0x35, 0x44, 0x35, 0x44, 0x35, 0x44, 0x35, 
	0x44, 0x35, 0x44, 0x35, 0x44, 0x35, 0x44, 0x35, 
	0x44, 0x35, 0x44, 0x35, 0x44, 0x35, 0x44, 0x35, 
	0x44, 0x35, 0x44, 0x35, 0x44, 0x35, 0x44, 0x35, 
	0x44, 0x35, 0x44, 0x35, 0x44, 0x35, 0x44, 0x35, 
	0x44, 0x35, 0x44, 0x35, 0x44, 0x35, 0x44, 0x35, 
	0x44, 0x35, 0x44, 0x35, 0x44, 0x35, 0x44, 0x35, 
	0x44, 0x35, 0x44, 0x35, 0x44, 0x35, 0x44, 0x35, 
	0x44, 0x35, 0x44, 0x35, 0x44, 0x35, 0x44, 0x35, 
	0x44, 0x35, 0x44, 0x35, 0x44, 0x35, 0x44, 0x35, 
	0x44, 0x35, 0x44, 0x35, 0x44, 0x35, 0x44, 0x35, 
	0x44, 0x35, 0x44, 0x35, 0x44, 0x35, 0x44, 0x35, 
	0x44, 0x35, 0x44, 0x35, 0x44, 0x35, 0x44, 0x35, 
	0x44, 0x35, 0x44, 0x35, 0x44, 0x35, 0x44, 0x35, 
	0x44, 0x35, 0x44, 0x35, 0x44, 0x35, 0x44, 0x35, 
	0x44, 0x35, 0x44, 0x35, 0x44, 0x35, 0x44, 0x35, 
	0x44, 0x35, 0x44, 0x35, 0x44, 0x35, 0x44, 0x35, 
	0x44, 0x35, 0x44, 0x35, 0x44, 0x35, 0x44, 0x35, 
	0x44, 0x35, 0x44, 0x35, 0x44, 0x35, 0x44, 0x35, 
	0x44, 0x35, 0x44, 0x35, 0x44, 0x35, 0x44, 0x35, 
	0x44, 0x35, 0x44, 0x35, 0x44, 0x35, 0x44, 0x35, 
	0x44, 0x35, 0x44, 0x35, 0x44, 0x35, 0x44, 0x35, 
	0x44, 0x35, 0x44, 0x35, 0x44, 0x35, 0x44, 0x35, 
	0x44, 0x35, 0x44, 0x35, 0x44, 0x35, 0x44, 0x35, 
	0x44, 0x35, 0x44, 0x35, 0x44, 0x35, 0x44, 0x35, 
	0x44, 0x35, 0x44, 0x35, 0x44, 0x35, 0x54, 0xb7, 
	0x54, 0xb7, 0x54, 0xb7, 0x54, 0xb7, 0x54, 0xb7, 
	0x54, 0xb7, 0x54, 0xb7, 0x54, 0xb7, 0x54, 0xb7, 
	0x54, 0xb7, 0x54, 0xb7, 0x54, 0xb7, 0x54, 0xb7, 
	0x54, 0xb7, 0x54, 0xb7, 0x54, 0xb7, 0x54, 0xb7, 
	0x54, 0xb7, 0x54, 0xb7, 0x54, 0xb7, 0x54, 0xb7, 
	0x54, 0xb7, 0x54, 0xb7, 0x54, 0xb7, 0x54, 0xb7, 
	0x54, 0xb7, 0x54, 0xb7, 0x54, 0xb7, 0x54, 0xb7, 
	0x54, 0xb7, 0x54, 0xb7, 0x54, 0xb7, 0x54, 0xb7, 
	0x54, 0xb7, 0x54, 0xb7, 0x54, 0xb7, 0x54, 0xb7, 
	0x54, 0xb7, 0x54, 0xb7, 0x54, 0xb7, 0x54, 0xb7, 
	0x54, 0xb7, 0x54, 0xb7, 0x54, 0xb7, 0x54, 0xb7, 
	0x54, 0xb7, 0x54, 0xb7, 0x54, 0xb7, 0x54, 0xb7, 
	0x54, 0xb7, 0x54, 0xb7, 0x54, 0xb7, 0x54, 0xb7, 
	0x54, 0xb7, 0x54, 0xb7, 0x54, 0xb7, 0x54, 0xb7, 
	0x54, 0xb7, 0x54, 0xb7, 0x54, 0xb7, 0x54, 0xb7, 
	0x54, 0xb7, 0x54, 0xb7, 0x54, 0xb7, 0x54, 0xb7, 
	0x54, 0xb7, 0x54, 0xb7, 0x54, 0xb7, 0x54, 0xb7, 
	0x54, 0xb7, 0x54, 0xb7, 0x54, 0xb7, 0x54, 0xb7, 
	0x54, 0xb7, 0x54, 0xb7, 0x54, 0xb7, 0x54, 0xb7, 
	0x54, 0xb7, 0x54, 0xb7, 0x54, 0xb7, 0x54, 0xb7, 
	0x54, 0xb7, 0x54, 0xb7, 0x54, 0xb7, 0x54, 0xb7, 
	0x54, 0xb7, 0x54, 0xb7, 0x54, 0xb7, 0x54, 0xb7, 
	0x54, 0xb7, 0x54, 0xb7, 0x54, 0xb7, 0x54, 0xb7, 
	0x54, 0xb7, 0x54, 0xb7, 0x54, 0xb7, 0x54, 0xb7, 
	0x54, 0xb7, 0x54, 0xb7, 0x54, 0xb7, 0x54, 0xb7, 
	0x54, 0xb7, 0x54, 0xb7, 0x54, 0xb7, 0x54, 0xb7, 
	0x54, 0xb7, 0x54, 0xb7, 0x54, 0xb7, 0x54, 0xb7, 
	0x54, 0xb7, 0x54, 0xb7, 0x54, 0xb7, 0x54, 0xb7, 
	0x54, 0xb7, 0x54, 0xb7, 0x54, 0xb7, 0x54, 0xb7, 
	0x54, 0xb7, 0x54, 0xb7, 0x54, 0xb7, 0x54, 0xb7, 
	0x54, 0xb7, 0x54, 0xb7, 0x54, 0xb7, 0x54, 0xb7, 
	0x54, 0xb7, 0x54, 0xb7, 0x54, 0xb7, 0x54, 0xb7, 
	0x54, 0xb7, 0x54, 0xb7, 0x54, 0xb7, 0x54, 0xb7, 
	0x54, 0xb7, 0x54, 0xb7, 0x54, 0xb7, 0x54, 0xb7, 
	0x54, 0xb7, 0x54, 0xb7, 0x54, 0xb7, 0x54, 0xb7, 
	0x54, 0xb7, 0x54, 0xb7, 0x54, 0xb7, 0x54, 0xb7, 
	0x54, 0xb7, 0x54, 0xb7, 0x54, 0xb7, 0x54, 0xb7, 
	0x54, 0xb7, 0x54, 0xb7, 0x54, 0xb7, 0x54, 0xb7, 
	0x54, 0xb7, 0x54, 0xb7, 0x54, 0xb7, 0x54, 0xb7, 
	0x54, 0xb7, 0x54, 0xb7, 0x54, 0xb7, 0x54, 0xb7, 
	0x54, 0xb7, 0x54, 0xb7, 0x54, 0xb7, 0x54, 0xb7, 
	0x54, 0xb7, 0x54, 0xb7, 0x54, 0xb7, 0x54, 0xb7, 
	0x54, 0xb7, 0x54, 0xb7, 0x54, 0xb7, 0x54, 0xb7, 
	0x54, 0xb7, 0x54, 0xb7, 0x54, 0xb7, 0x54, 0xb7, 
	0x54, 0xb7, 0x54, 0xb7, 0x54, 0xb7, 0x54, 0xb7, 
	0x54, 0xb7, 0x54, 0xb7, 0x54, 0xb7, 0x54, 0xb7, 
	0x54, 0xb7, 0x54, 0xb7, 0x54, 0xb7, 0x54, 0xb7, 
	0x54, 0xb7, 0x54, 0xb7, 0x54, 0xb7, 0x54, 0xb7, 
	0x54, 0xb7, 0x54, 0xb7, 0x54, 0xb7, 0x54, 0xb7, 
	0x54, 0xb7, 0x54, 0xb7, 0x54, 0xb7, 0x54, 0xb7, 
	0x54, 0xb7, 0x54, 0xb7, 0x54, 0xb7, 0x54, 0xb7, 
	0x54, 0xb7, 0x54, 0xb7, 0x54, 0xb7, 0x54, 0xb7, 
	0x54, 0xb7, 0x54, 0xb7, 0x54, 0xb7, 0x54, 0xb7, 
	0x54, 0xb7, 0x54, 0xb7, 0x54, 0xb7, 0x54, 0xb7, 
	0x54, 0xb7, 0x54, 0xb7, 0x54, 0xb7, 0x54, 0xb7, 
	0x54, 0xb7, 0x54, 0xb7, 0x54, 0xb7, 0x54, 0xb7, 
	0x54, 0xb7, 0x54, 0xb7, 0x54, 0xb7, 0x54, 0xb7, 
	0x54, 0xb7, 0x54, 0xb7, 0x54, 0xb7, 0x54, 0xb7, 
	0x54, 0xb7, 0x54, 0xb7, 0x54, 0xb7, 0x54, 0xb7, 
	0x54, 0xb7, 0x54, 0xb7, 0x54, 0xb7, 0x54, 0xb7, 
	0x54, 0xb7, 0x54, 0xb7, 0x54, 0xb7, 0x54, 0xb7, 
	0x54, 0xb7, 0x54, 0xb7, 0x54, 0xb7, 0x54, 0xb7, 
	0x54, 0xb7, 0x54, 0xb7, 0x54, 0xb7, 0x54, 0xb7, 
	0x54, 0xb7, 0x54, 0xb7, 0x54, 0xb7, 0x54, 0xb7, 
	0x54, 0xb7, 0x54, 0xb7, 0x54, 0xb7, 0x54, 0xb7, 
	0x54, 0xb7, 0x54, 0xb7, 0x54, 0xb7, 0x54, 0xb7, 
	0x54, 0xb7, 0x54, 0xb7, 0x54, 0xb7, 0x54, 0xb7, 
	0x54, 0xb7, 0x54, 0xb7, 0x54, 0xb7, 0x54, 0xb7, 
	0x54, 0xb7, 0x54, 0xb7, 0x54, 0xb7, 0x54, 0xb7, 
	0x54, 0xb7, 0x54, 0xb7, 0x54, 0xb7, 0x54, 0xb7, 
	0x54, 0xb7, 0x54, 0xb7, 0x54, 0xb7, 0x54, 0xb7, 
	0x54, 0xb7, 0x54, 0xb7, 0x54, 0xb7, 0x54, 0xb7, 
	0x54, 0xb7, 0x54, 0xb7, 0x54, 0xb7, 0x54, 0xb7, 
	0x54, 0xb7, 0x54, 0xb7, 0x54, 0xb7, 0x54, 0xb7, 
	0x54, 0xb7, 0x54, 0xb7, 0x54, 0xb7, 0x54, 0xb7, 
	0x54, 0xb7, 0x54, 0xb7, 0x54, 0xb7, 0x54, 0xb7, 
	0x54, 0xb7, 0x54, 0xb7, 0x54, 0xb7, 0x54, 0xb7, 
	0x54, 0xb7, 0x54, 0xb7, 0x54, 0xb7, 0x54, 0xb7, 
	0x54, 0xb7, 0x54, 0xb7, 0x54, 0xb7, 0x54, 0xb7, 
	0x54, 0xb7, 0x54, 0xb7, 0x54, 0xb7, 0x54, 0xb7, 
	0x54, 0xb7, 0x54, 0xb7, 0x54, 0xb7, 0x54, 0xb7, 
	0x54, 0xb7, 0x54, 0xb7, 0x54, 0xb7, 0x54, 0xb7, 
	0x54, 0xb7, 0x54, 0xb7, 0x54, 0xb7, 0x54, 0xb7, 
	0x54, 0xb7, 0x54, 0xb7, 0x54, 0xb7, 0x54, 0xb7, 
	0x54, 0xb7, 0x54, 0xb7, 0x54, 0xb7, 0x54, 0xb7, 
	0x54, 0xb7, 0x54, 0xb7, 0x54, 0xb7, 0x54, 0xb7, 
	0x54, 0xb7, 0x54, 0xb7, 0x54, 0xb7, 0x54, 0xb7, 
	0x54, 0xb7, 0x54, 0xb7, 0x54, 0xb7, 0x54, 0xb7, 
	0x54, 0xb7, 0x54, 0xb7, 0x54, 0xb7, 0x54, 0xb7, 
	0x54, 0xb7, 0x54, 0xb7, 0x54, 0xb7, 0x54, 0xb7, 
	0x54, 0xb7, 0x54, 0xb7, 0x54, 0xb7, 0x54, 0xb7, 
	0x54, 0xb7, 0x54, 0xb7, 0x54, 0xb7, 0x54, 0xb7, 
	0x54, 0xb7, 0x54, 0xb7, 0x54, 0xb7, 0x54, 0xb7, 
	0x54, 0xb7, 0x54, 0xb7, 0x54, 0xb7, 0x54, 0xb7, 
	0x54, 0xb7, 0x54, 0xb7, 0x54, 0xb7, 0x54, 0xb7, 
	0x54, 0xb7, 0x54, 0xb7, 0x54, 0xb7, 0x54, 0xb7, 
	0x54, 0xb7, 0x54, 0xb7, 0x54, 0xb7, 0x54, 0xb7, 
	0x54, 0xb7, 0x54, 0xb7, 0x54, 0xb7, 0x54, 0xb7, 
	0x54, 0xb7, 0x54, 0xb7, 0x54, 0xb7, 0x54, 0xb7, 
	0x54, 0xb7, 0x54, 0xb7, 0x54, 0xb7, 0x54, 0xb7, 
	0x54, 0xb7, 0x54, 0xb7, 0x54, 0xb7, 0x54, 0xb7, 
	0x54, 0xb7, 0x54, 0xb7, 0x54, 0xb7, 0x54, 0xb7, 
	0x54, 0xb7, 0x54, 0xb7, 0x54, 0xb7, 0x54, 0xb7, 
	0x54, 0xb7, 0x54, 0xb7, 0x54, 0xb7, 0x54, 0xb7, 
	0x54, 0xb7, 0x54, 0xb7, 0x54, 0xb7, 0x54, 0xb7, 
	0x54, 0xb7, 0x54, 0xb7, 0x54, 0xb7, 0x54, 0xb7, 
	0x54, 0xb7, 0x54, 0xb7, 0x54, 0xb7, 0x54, 0xb7, 
	0x54, 0xb7, 0x54, 0xb7, 0x54, 0xb7, 0x54, 0xb7, 
	0x54, 0xb7, 0x54, 0xb7, 0x54, 0xb7, 0x54, 0xb7, 
	0x54, 0xb7, 0x54, 0xb7, 0x54, 0xb7, 0x54, 0xb7, 
	0x54, 0xb7, 0x54, 0xb7, 0x54, 0xb7, 0x54, 0xb7, 
	0x54, 0xb7, 0x54, 0xb7, 0x54, 0xb7, 0x54, 0xb7, 
	0x54, 0xb7, 0x54, 0xb7, 0x54, 0xb7, 0x54, 0xb7, 
	0x54, 0xb7, 0x54, 0xb7, 0x54, 0xb7, 0x54, 0xb7, 
	0x54, 0xb7, 0x54, 0xb7, 0x54, 0xb7, 0x54, 0xb7, 
	0x54, 0xb7, 0x54, 0xb7, 0x54, 0xb7, 0x54, 0xb7, 
	0x54, 0xb7, 0x54, 0xb7, 0x54, 0xb7, 0x54, 0xb7, 
	0x54, 0xb7, 0x54, 0xb7, 0x54, 0xb7, 0x54, 0xb7, 
	0x54, 0xb7, 0x54, 0xb7, 0x54, 0xb7, 0x54, 0xb7, 
	0x54, 0xb7, 0x54, 0xb7, 0x54, 0xb7, 0x54, 0xb7, 
	0x54, 0xb7, 0x54, 0xb7, 0x54, 0xb7, 0x54, 0xb7, 
	0x54, 0xb7, 0x54, 0xb7, 0x54, 0xb7, 0x54, 0xb7, 
	0x54, 0xb7, 0x54, 0xb7, 0x54, 0xb7, 0x54, 0xb7, 
	0x54, 0xb7, 0x54, 0xb7, 0x54, 0xb7, 0x54, 0xb7, 
	0x54, 0xb7, 0x54, 0xb7, 0x54, 0xb7, 0x54, 0xb7, 
	0x54, 0xb7, 0x54, 0xb7, 0x54, 0xb7, 0x54, 0xb7, 
	0x54, 0xb7, 0x54, 0xb7, 0x54, 0xb7, 0x54, 0xb7, 
	0x54, 0xb7, 0x54, 0xb7, 0x54, 0xb7, 0x54, 0xb7, 
	0x54, 0xb7, 0x54, 0xb7, 0x54, 0xb7, 0x54, 0xb7, 
	0x54, 0xb7, 0x54, 0xb7, 0x54, 0xb7, 0x54, 0xb7, 
	0x54, 0xb7, 0x54, 0xb7, 0x54, 0xb7, 0x54, 0xb7, 
	0x54, 0xb7, 0x54, 0xb7, 0x54, 0xb7, 0x54, 0xb7, 
	0x54, 0xb7, 0x54, 0xb7, 0x54, 0xb7, 0x54, 0xb7, 
	0x54, 0xb7, 0x54, 0xb7, 0x54, 0xb7, 0x54, 0xb7, 
	0x54, 0xb7, 0x54, 0xb7, 0x54, 0xb7, 0x54, 0xb7, 
	0x54, 0xb7, 0x54, 0xb7, 0x54, 0xb7, 0x54, 0xb7, 
	0x54, 0xb7, 0x54, 0xb7, 0x54, 0xb7, 0x54, 0xb7, 
	0x54, 0xb7, 0x54, 0xb7, 0x54, 0xb7, 0x54, 0xb7, 
	0x54, 0xb7, 0x54, 0xb7, 0x54, 0xb7, 0x54, 0xb7, 
	0x54, 0xb7, 0x54, 0xb7, 0x54, 0xb7, 0x54, 0xb7, 
	0x54, 0xb7, 0x54, 0xb7, 0x54, 0xb7, 0x54, 0xb7, 
	0x54, 0xb7, 0x54, 0xb7, 0x54, 0xb7, 0x54, 0xb7, 
	0x54, 0xb7, 0x54, 0xb7, 0x54, 0xb7, 0x54, 0xb7, 
	0x54, 0xb7, 0x54, 0xb7, 0x54, 0xb7, 0x54, 0xb7, 
	0x54, 0xb7, 0x54, 0xb7, 0x54, 0xb7, 0x54, 0xb7, 
	0x54, 0xb7, 0x54, 0xb7, 0x54, 0xb7, 0x54, 0xb7, 
	0x54, 0xb7, 0x54, 0xb7, 0x54, 0xb7, 0x54, 0xb7, 
	0x54, 0xb7, 0x54, 0xb7, 0x54, 0xb7, 0x54, 0xb7, 
	0x54, 0xb7, 0x54, 0xb7, 0x54, 0xb7, 0x54, 0xb7, 
	0x54, 0xb7, 0x54, 0xb7, 0x54, 0xb7, 0x54, 0xb7, 
	0x54, 0xb7, 0x54, 0xb7, 0x54, 0xb7, 0x54, 0xb7, 
	0x54, 0xb7, 0x54, 0xb7, 0x54, 0xb7, 0x54, 0xb7, 
	0x54, 0xb7, 0x54, 0xb7, 0x54, 0xb7, 0x54, 0xb7, 
	0x54, 0xb7, 0x54, 0xb7, 0x54, 0xb7, 0x54, 0xb7, 
	0x54, 0xb7, 0x54, 0xb7, 0x54, 0xb7, 0x54, 0xb7, 
	0x54, 0xb7, 0x54, 0xb7, 0x54, 0xb7, 0x54, 0xb7, 
	0x54, 0xb7, 0x54, 0xb7, 0x54, 0xb7, 0x54, 0xb7, 
	0x54, 0xb7, 0x54, 0xb7, 0x54, 0xb7, 0x54, 0xb7, 
	0x54, 0xb7, 0x54, 0xb7, 0x54, 0xb7, 0x54, 0xb7, 
	0x54, 0xb7, 0x54, 0xb7, 0x54, 0xb7, 0x54, 0xb7, 
	0x6d, 0x79, 0x54, 0xb7, 0x54, 0xb7, 0x54, 0xb7, 
	0x54, 0xb7, 0x54, 0xb7, 0x54, 0xb7, 0x54, 0xb7, 
	0x54, 0xb7, 0x54, 0xb7, 0x54, 0xb7, 0x54, 0xb7, 
	0x54, 0xb7, 0x54, 0xb7, 0x54, 0xb7, 0x54, 0xb7, 
	0x54, 0xb7, 0x54, 0xb7, 0x54, 0xb7, 0x54, 0xb7, 
	0x54, 0xb7, 0x54, 0xb7, 0x54, 0xb7, 0x54, 0xb7, 
	0x54, 0xb7, 0x54, 0xb7, 0x54, 0xb7, 0x54, 0xb7, 
	0x54, 0xb7, 0x54, 0xb7, 0x54, 0xb7, 0x54, 0xb7, 
	0x54, 0xb7, 0x54, 0xb7, 0x54, 0xb7, 0x54, 0xb7, 
	0x54, 0xb7, 0x54, 0xb7, 0x54, 0xb7, 0x54, 0xb7, 
	0x54, 0xb7, 0x54, 0xb7, 0x54, 0xb7, 0x54, 0xb7, 
	0x54, 0xb7, 0x54, 0xb7, 0x54, 0xb7, 0x54, 0xb7, 
	0x54, 0xb7, 0x54, 0xb7, 0x54, 0xb7, 0x54, 0xb7, 
	0x54, 0xb7, 0x54, 0xb7, 0x54, 0xb7, 0x54, 0xb7, 
	0x54, 0xb7, 0x54, 0xb7, 0x54, 0xb7, 0x54, 0xb7, 
	0x54, 0xb7, 0x54, 0xb7, 0x54, 0xb7, 0x54, 0xb7, 
	0x54, 0xb7, 0x54, 0xb7, 0x54, 0xb7, 0x54, 0xb7, 
	0x54, 0xb7, 0x54, 0xb7, 0x54, 0xb7, 0x54, 0xb7, 
	0x54, 0xb7, 0x54, 0xb7, 0x54, 0xb7, 0x54, 0xb7, 
	0x54, 0xb7, 0x54, 0xb7, 0x54, 0xb7, 0x54, 0xb7, 
	0x54, 0xb7, 0x54, 0xb7, 0x54, 0xb7, 0x54, 0xb7, 
	0x54, 0xb7, 0x54, 0xb7, 0x54, 0xb7, 0x54, 0xb7, 
	0x54, 0xb7, 0x54, 0xb7, 0x54, 0xb7, 0x54, 0xb7, 
	0x54, 0xb7, 0x54, 0xb7, 0x54, 0xb7, 0x54, 0xb7, 
	0x54, 0xb7, 0x54, 0xb7, 0x54, 0xb7, 0x54, 0xb7, 
	0x54, 0xb7, 0x54, 0xb7, 0x54, 0xb7, 0x54, 0xb7, 
	0x54, 0xb7, 0x54, 0xb7, 0x54, 0xb7, 0x54, 0xb7, 
	0x54, 0xb7, 0x54, 0xb7, 0x54, 0xb7, 0x54, 0xb7, 
	0x54, 0xb7, 0x54, 0xb7, 0x54, 0xb7, 0x54, 0xb7, 
	0x54, 0xb7, 0x54, 0xb7, 0x54, 0xb7, 0x54, 0xb7, 
	0x54, 0xb7, 0x54, 0xb7, 0x54, 0xb7, 0x54, 0xb7, 
	0x54, 0xb7, 0x54, 0xb7, 0x54, 0xb7, 0x6d, 0x79, 
	0x6d, 0x79, 0x6d, 0x79, 0x6d, 0x79, 0x6d, 0x79, 
	0x6d, 0x79, 0x6d, 0x79, 0x6d, 0x79, 0x6d, 0x79, 
	0x6d, 0x79, 0x6d, 0x79, 0x6d, 0x79, 0x6d, 0x79, 
	0x6d, 0x79, 0x6d, 0x79, 0x6d, 0x79, 0x6d, 0x79, 
	0x6d, 0x79, 0x6d, 0x79, 0x6d, 0x79, 0x6d, 0x79, 
	0x6d, 0x79, 0x6d, 0x79, 0x6d, 0x79, 0x6d, 0x79, 
	0x6d, 0x79, 0x6d, 0x79, 0x6d, 0x79, 0x6d, 0x79, 
	0x6d, 0x79, 0x6d, 0x79, 0x6d, 0x79, 0x6d, 0x79, 
	0x6d, 0x79, 0x6d, 0x79, 0x6d, 0x79, 0x6d, 0x79, 
	0x6d, 0x79, 0x6d, 0x79, 0x6d, 0x79, 0x6d, 0x79, 
	0x6d, 0x79, 0x6d, 0x79, 0x6d, 0x79, 0x6d, 0x79, 
	0x6d, 0x79, 0x6d, 0x79, 0x6d, 0x79, 0x6d, 0x79, 
	0x6d, 0x79, 0x6d, 0x79, 0x6d, 0x79, 0x6d, 0x79, 
	0x6d, 0x79, 0x6d, 0x79, 0x6d, 0x79, 0x6d, 0x79, 
	0x6d, 0x79, 0x6d, 0x79, 0x6d, 0x79, 0x6d, 0x79, 
	0x6d, 0x79, 0x6d, 0x79, 0x6d, 0x79, 0x6d, 0x79, 
	0x6d, 0x79, 0x6d, 0x79, 0x6d, 0x79, 0x6d, 0x79, 
	0x6d, 0x79, 0x6d, 0x79, 0x6d, 0x79, 0x6d, 0x79, 
	0x6d, 0x79, 0x6d, 0x79, 0x6d, 0x79, 0x6d, 0x79, 
	0x6d, 0x79, 0x6d, 0x79, 0x6d, 0x79, 0x6d, 0x79, 
	0x6d, 0x79, 0x6d, 0x79, 0x6d, 0x79, 0x6d, 0x79, 
	0x6d, 0x79, 0x6d, 0x79, 0x6d, 0x79, 0x6d, 0x79, 
	0x6d, 0x79, 0x6d, 0x79, 0x6d, 0x79, 0x6d, 0x79, 
	0x6d, 0x79, 0x6d, 0x79, 0x6d, 0x79, 0x6d, 0x79, 
	0x6d, 0x79, 0x6d, 0x79, 0x6d, 0x79, 0x6d, 0x79, 
	0x6d, 0x79, 0x6d, 0x79, 0x6d, 0x79, 0x6d, 0x79, 
	0x6d, 0x79, 0x6d, 0x79, 0x6d, 0x79, 0x6d, 0x79, 
	0x6d, 0x79, 0x6d, 0x79, 0x6d, 0x79, 0x6d, 0x79, 
	0x6d, 0x79, 0x6d, 0x79, 0x6d, 0x79, 0x6d, 0x79, 
	0x6d, 0x79, 0x6d, 0x79, 0x6d, 0x79, 0x6d, 0x79, 
	0x6d, 0x79, 0x6d, 0x79, 0x6d, 0x79, 0x6d, 0x79, 
	0x6d, 0x79, 0x6d, 0x79, 0x6d, 0x79, 0x6d, 0x79, 
	0x6d, 0x79, 0x6d, 0x79, 0x6d, 0x79, 0x6d, 0x79, 
	0x6d, 0x79, 0x6d, 0x79, 0x6d, 0x79, 0x6d, 0x79, 
	0x6d, 0x79, 0x6d, 0x79, 0x6d, 0x79, 0x6d, 0x79, 
	0x6d, 0x79, 0x6d, 0x79, 0x6d, 0x79, 0x6d, 0x79, 
	0x6d, 0x79, 0x6d, 0x79, 0x6d, 0x79, 0x6d, 0x79, 
	0x6d, 0x79, 0x6d, 0x79, 0x6d, 0x79, 0x6d, 0x79, 
	0x6d, 0x79, 0x6d, 0x79, 0x6d, 0x79, 0x6d, 0x79, 
	0x6d, 0x79, 0x6d, 0x79, 0x6d, 0x79, 0x6d, 0x79, 
	0x6d, 0x79, 0x6d, 0x79, 0x6d, 0x79, 0x6d, 0x79, 
	0x6d, 0x79, 0x6d, 0x79, 0x6d, 0x79, 0x6d, 0x79, 
	0x6d, 0x79, 0x6d, 0x79, 0x6d, 0x79, 0x6d, 0x79, 
	0x6d, 0x79, 0x6d, 0x79, 0x6d, 0x79, 0x6d, 0x79, 
	0x6d, 0x79, 0x6d, 0x79, 0x6d, 0x79, 0x6d, 0x79, 
	0x6d, 0x79, 0x6d, 0x79, 0x6d, 0x79, 0x6d, 0x79, 
	0x6d, 0x79, 0x6d, 0x79, 0x6d, 0x79, 0x6d, 0x79, 
	0x6d, 0x79, 0x6d, 0x79, 0x6d, 0x79, 0x6d, 0x79, 
	0x6d, 0x79, 0x6d, 0x79, 0x6d, 0x79, 0x6d, 0x79, 
	0x6d, 0x79, 0x6d, 0x79, 0x6d, 0x79, 0x6d, 0x79, 
	0x6d, 0x79, 0x6d, 0x79, 0x6d, 0x79, 0x6d, 0x79, 
	0x6d, 0x79, 0x6d, 0x79, 0x6d, 0x79, 0x6d, 0x79, 
	0x6d, 0x79, 0x6d, 0x79, 0x6d, 0x79, 0x6d, 0x79, 
	0x6d, 0x79, 0x6d, 0x79, 0x6d, 0x79, 0x6d, 0x79, 
	0x6d, 0x79, 0x6d, 0x79, 0x6d, 0x79, 0x6d, 0x79, 
	0x6d, 0x79, 0x6d, 0x79, 0x6d, 0x79, 0x6d, 0x79, 
	0x6d, 0x79, 0x6d, 0x79, 0x6d, 0x79, 0x6d, 0x79, 
	0x6d, 0x79, 0x6d, 0x79, 0x6d, 0x79, 0x6d, 0x79, 
	0x6d, 0x79, 0x6d, 0x79, 0x6d, 0x79, 0x6d, 0x79, 
	0x6d, 0x79, 0x6d, 0x79, 0x6d, 0x79, 0x6d, 0x79, 
	0x6d, 0x79, 0x6d, 0x79, 0x6d, 0x79, 0x6d, 0x79, 
	0x6d, 0x79, 0x6d, 0x79, 0x6d, 0x79, 0x6d, 0x79, 
	0x6d, 0x79, 0x6d, 0x79, 0x6d, 0x79, 0x6d, 0x79, 
	0x6d, 0x79, 0x6d, 0x79, 0x6d, 0x79, 0x6d, 0x79, 
	0x6d, 0x79, 0x6d, 0x79, 0x6d, 0x79, 0x6d, 0x79, 
	0x6d, 0x79, 0x6d, 0x79, 0x6d, 0x79, 0x6d, 0x79, 
	0x6d, 0x79, 0x6d, 0x79, 0x6d, 0x79, 0x6d, 0x79, 
	0x6d, 0x79, 0x6d, 0x79, 0x6d, 0x79, 0x6d, 0x79, 
	0x6d, 0x79, 0x6d, 0x79, 0x6d, 0x79, 0x6d, 0x79, 
	0x6d, 0x79, 0x6d, 0x79, 0x6d, 0x79, 0x6d, 0x79, 
	0x6d, 0x79, 0x6d, 0x79, 0x6d, 0x79, 0x6d, 0x79, 
	0x6d, 0x79, 0x6d, 0x79, 0x6d, 0x79, 0x6d, 0x79, 
	0x6d, 0x79, 0x6d, 0x79, 0x6d, 0x79, 0x6d, 0x79, 
	0x6d, 0x79, 0x6d, 0x79, 0x6d, 0x79, 0x6d, 0x79, 
	0x6d, 0x79, 0x6d, 0x79, 0x6d, 0x79, 0x6d, 0x79, 
	0x6d, 0x79, 0x6d, 0x79, 0x6d, 0x79, 0x6d, 0x79, 
	0x6d, 0x79, 0x6d, 0x79, 0x6d, 0x79, 0x6d, 0x79, 
	0x6d, 0x79, 0x6d, 0x79, 0x6d, 0x79, 0x6d, 0x79, 
	0x6d, 0x79, 0x6d, 0x79, 0x6d, 0x79, 0x6d, 0x79, 
	0x6d, 0x79, 0x6d, 0x79, 0x6d, 0x79, 0x6d, 0x79, 
	0x6d, 0x79, 0x6d, 0x79, 0x6d, 0x79, 0x6d, 0x79, 
	0x6d, 0x79, 0x6d, 0x79, 0x6d, 0x79, 0x6d, 0x79, 
	0x6d, 0x79, 0x6d, 0x79, 0x6d, 0x79, 0x6d, 0x79, 
	0x6d, 0x79, 0x6d, 0x79, 0x6d, 0x79, 0x6d, 0x79, 
	0x6d, 0x79, 0x6d, 0x79, 0x6d, 0x79, 0x6d, 0x79, 
	0x6d, 0x79, 0x6d, 0x79, 0x6d, 0x79, 0x6d, 0x79, 
	0x6d, 0x79, 0x6d, 0x79, 0x6d, 0x79, 0x6d, 0x79, 
	0x6d, 0x79, 0x6d, 0x79, 0x6d, 0x79, 0x6d, 0x79, 
	0x6d, 0x79, 0x6d, 0x79, 0x6d, 0x79, 0x6d, 0x79, 
	0x6d, 0x79, 0x6d, 0x79, 0x6d, 0x79, 0x6d, 0x79, 
	0x6d, 0x79, 0x6d, 0x79, 0x6d, 0x79, 0x6d, 0x79, 
	0x6d, 0x79, 0x6d, 0x79, 0x6d, 0x79, 0x6d, 0x79, 
	0x6d, 0x79, 0x6d, 0x79, 0x6d, 0x79, 0x6d, 0x79, 
	0x6d, 0x79, 0x6d, 0x79, 0x6d, 0x79, 0x6d, 0x79, 
	0x6d, 0x79, 0x6d, 0x79, 0x6d, 0x79, 0x6d, 0x79, 
	0x6d, 0x79, 0x6d, 0x79, 0x6d, 0x79, 0x6d, 0x79, 
	0x6d, 0x79, 0x6d, 0x79, 0x6d, 0x79, 0x6d, 0x79, 
	0x6d, 0x79, 0x6d, 0x79, 0x6d, 0x79, 0x6d, 0x79, 
	0x6d, 0x79, 0x6d, 0x79, 0x6d, 0x79, 0x6d, 0x79, 
	0x6d, 0x79, 0x6d, 0x79, 0x6d, 0x79, 0x6d, 0x79, 
	0x6d, 0x79, 0x6d, 0x79, 0x6d, 0x79, 0x6d, 0x79, 
	0x6d, 0x79, 0x6d, 0x79, 0x6d, 0x79, 0x6d, 0x79, 
	0x6d, 0x79, 0x6d, 0x79, 0x6d, 0x79, 0x6d, 0x79, 
	0x6d, 0x79, 0x6d, 0x79, 0x6d, 0x79, 0x6d, 0x79, 
	0x6d, 0x79, 0x6d, 0x79, 0x6d, 0x79, 0x6d, 0x79, 
	0x6d, 0x79, 0x6d, 0x79, 0x6d, 0x79, 0x6d, 0x79, 
	0x6d, 0x79, 0x6d, 0x79, 0x6d, 0x79, 0x6d, 0x79, 
	0x6d, 0x79, 0x6d, 0x79, 0x6d, 0x79, 0x6d, 0x79, 
	0x6d, 0x79, 0x6d, 0x79, 0x6d, 0x79, 0x6d, 0x79, 
	0x6d, 0x79, 0x6d, 0x79, 0x6d, 0x79, 0x6d, 0x79, 
	0x6d, 0x79, 0x6d, 0x79, 0x6d, 0x79, 0x6d, 0x79, 
	0x6d, 0x79, 0x6d, 0x79, 0x6d, 0x79, 0x6d, 0x79, 
	0x6d, 0x79, 0x6d, 0x79, 0x6d, 0x79, 0x6d, 0x79, 
	0x6d, 0x79, 0x6d, 0x79, 0x6d, 0x79, 0x6d, 0x79, 
	0x6d, 0x79, 0x6d, 0x79, 0x6d, 0x79, 0x6d, 0x79, 
	0x6d, 0x79, 0x6d, 0x79, 0x6d, 0x79, 0x6d, 0x79, 
	0x6d, 0x79, 0x6d, 0x79, 0x6d, 0x79, 0x6d, 0x79, 
	0x6d, 0x79, 0x6d, 0x79, 0x6d, 0x79, 0x6d, 0x79, 
	0x6d, 0x79, 0x6d, 0x79, 0x6d, 0x79, 0x6d, 0x79, 
	0x6d, 0x79, 0x6d, 0x79, 0x6d, 0x79, 0x6d, 0x79, 
	0x6d, 0x79, 0x6d, 0x79, 0x6d, 0x79, 0x6d, 0x79, 
	0x6d, 0x79, 0x6d, 0x79, 0x6d, 0x79, 0x6d, 0x79, 
	0x6d, 0x79, 0x6d, 0x79, 0x6d, 0x79, 0x6d, 0x79, 
	0x6d, 0x79, 0x6d, 0x79, 0x6d, 0x79, 0x6d, 0x79, 
	0x6d, 0x79, 0x6d, 0x79, 0x6d, 0x79, 0x6d, 0x79, 
	0x6d, 0x79, 0x6d, 0x79, 0x6d, 0x79, 0x6d, 0x79, 
	0x6d, 0x79, 0x6d, 0x79, 0x6d, 0x79, 0x6d, 0x79, 
	0x6d, 0x79, 0x6d, 0x79, 0x6d, 0x79, 0x6d, 0x79, 
	0x6d, 0x79, 0x6d, 0x79, 0x6d, 0x79, 0x6d, 0x79, 
	0x6d, 0x79, 0x6d, 0x79, 0x6d, 0x79, 0x6d, 0x79, 
	0x6d, 0x79, 0x6d, 0x79, 0x6d, 0x79, 0x6d, 0x79, 
	0x6d, 0x79, 0x6d, 0x79, 0x6d, 0x79, 0x6d, 0x79, 
	0x6d, 0x79, 0x6d, 0x79, 0x6d, 0x79, 0x6d, 0x79, 
	0x6d, 0x79, 0x6d, 0x79, 0x6d, 0x79, 0x6d, 0x79, 
	0x6d, 0x79, 0x6d, 0x79, 0x6d, 0x79, 0x6d, 0x79, 
	0x6d, 0x79, 0x6d, 0x79, 0x6d, 0x79, 0x6d, 0x79, 
	0x6d, 0x79, 0x6d, 0x79, 0x6d, 0x79, 0x6d, 0x79, 
	0x6d, 0x79, 0x6d, 0x79, 0x6d, 0x79, 0x6d, 0x79, 
	0x6d, 0x79, 0x6d, 0x79, 0x6d, 0x79, 0x6d, 0x79, 
	0x6d, 0x79, 0x6d, 0x79, 0x6d, 0x79, 0x6d, 0x79, 
	0x6d, 0x79, 0x6d, 0x79, 0x6d, 0x79, 0x6d, 0x79, 
	0x6d, 0x79, 0x6d, 0x79, 0x6d, 0x79, 0x6d, 0x79, 
	0x6d, 0x79, 0x6d, 0x79, 0x6d, 0x79, 0x6d, 0x79, 
	0x6d, 0x79, 0x6d, 0x79, 0x6d, 0x79, 0x6d, 0x79, 
	0x6d, 0x79, 0x6d, 0x79, 0x6d, 0x79, 0x6d, 0x79, 
	0x6d, 0x79, 0x6d, 0x79, 0x6d, 0x79, 0x6d, 0x79, 
	0x6d, 0x79, 0x6d, 0x79, 0x6d, 0x79, 0x6d, 0x79, 
	0x6d, 0x79, 0x6d, 0x79, 0x6d, 0x79, 0x6d, 0x79, 
	0x6d, 0x79, 0x6d, 0x79, 0x6d, 0x79, 0x6d, 0x79, 
	0x6d, 0x79, 0x6d, 0x79, 0x6d, 0x79, 0x6d, 0x79, 
	0x6d, 0x79, 0x6d, 0x79, 0x6d, 0x79, 0x6d, 0x79, 
	0x6d, 0x79, 0x6d, 0x79, 0x6d, 0x79, 0x6d, 0x79, 
	0x6d, 0x79, 0x6d, 0x79, 0x6d, 0x79, 0x6d, 0x79, 
	0x6d, 0x79, 0x6d, 0x79, 0x6d, 0x79, 0x6d, 0x79, 
	0x6d, 0x79, 0x6d, 0x79, 0x6d, 0x79, 0x6d, 0x79, 
	0x6d, 0x79, 0x6d, 0x79, 0x6d, 0x79, 0x6d, 0x79, 
	0x6d, 0x79, 0x6d, 0x79, 0x6d, 0x79, 0x6d, 0x79, 
	0x6d, 0x79, 0x6d, 0x79, 0x6d, 0x79, 0x6d, 0x79, 
	0x6d, 0x79, 0x6d, 0x79, 0x6d, 0x79, 0x6d, 0x79, 
	0x6d, 0x79, 0x6d, 0x79, 0x6d, 0x79, 0x6d, 0x79, 
	0x6d, 0x79, 0x6d, 0x79, 0x6d, 0x79, 0x6d, 0x79, 
	0x6d, 0x79, 0x6d, 0x79, 0x6d, 0x79, 0x6d, 0x79, 
	0x6d, 0x79, 0x6d, 0x79, 0x6d, 0x79, 0x6d, 0x79, 
	0x6d, 0x79, 0x6d, 0x79, 0x6d, 0x79, 0x6d, 0x79, 
	0x6d, 0x79, 0x6d, 0x79, 0x6d, 0x79, 0x6d, 0x79, 
	0x6d, 0x79, 0x6d, 0x79, 0x6d, 0x79, 0x6d, 0x79, 
	0x6d, 0x79, 0x6d, 0x79, 0x6d, 0x79, 0x6d, 0x79, 
	0x6d, 0x79, 0x6d, 0x79, 0x6d, 0x79, 0x6d, 0x79, 
	0x6d, 0x79, 0x6d, 0x79, 0x6d, 0x79, 0x6d, 0x79, 
	0x6d, 0x79, 0x6d, 0x79, 0x6d, 0x79, 0x6d, 0x79, 
	0x6d, 0x79, 0x6d, 0x79, 0x6d, 0x79, 0x6d, 0x79, 
	0x6d, 0x79, 0x6d, 0x79, 0x6d, 0x79, 0x6d, 0x79, 
	0x6d, 0x79, 0x6d, 0x79, 0x6d, 0x79, 0x6d, 0x79, 
	0x6d, 0x79, 0x6d, 0x79, 0x6d, 0x79, 0x6d, 0x79, 
	0x6d, 0x79, 0x6d, 0x79, 0x6d, 0x79, 0x6d, 0x79, 
	0x6d, 0x79, 0x6d, 0x79, 0x6d, 0x79, 0x6d, 0x79, 
	0x6d, 0x79, 0x6d, 0x79, 0x6d, 0x79, 0x6d, 0x79, 
	0x6d, 0x79, 0x6d, 0x79, 0x6d, 0x79, 0x6d, 0x79, 
	0x6d, 0x79, 0x6d, 0x79, 0x6d, 0x79, 0x6d, 0x79, 
	0x6d, 0x79, 0x6d, 0x79, 0x6d, 0x79, 0x6d, 0x79, 
	0x6d, 0x79, 0x6d, 0x79, 0x6d, 0x79, 0x6d, 0x79, 
	0x6d, 0x79, 0x6d, 0x79, 0x6d, 0x79, 0x6d, 0x79, 
	0x6d, 0x79, 0x6d, 0x79, 0x6d, 0x79, 0x6d, 0x79, 
	0x6d, 0x79, 0x6d, 0x79, 0x6d, 0x79, 0x6d, 0x79, 
	0x6d, 0x79, 0x6d, 0x79, 0x6d, 0x79, 0x6d, 0x79, 
	0x6d, 0x79, 0x6d, 0x79, 0x6d, 0x79, 0x6d, 0x79, 
	0x6d, 0x79, 0x6d, 0x79, 0x6d, 0x79, 0x6d, 0x79, 
	0x6d, 0x79, 0x6d, 0x79, 0x6d, 0x79, 0x6d, 0x79, 
	0x6d, 0x79, 0x6d, 0x79, 0x6d, 0x79, 0x6d, 0x79, 
	0x6d, 0x79, 0x6d, 0x79, 0x6d, 0x79, 0x6d, 0x79, 
	0x6d, 0x79, 0x6d, 0x79, 0x6d, 0x79, 0x6d, 0x79, 
	0x6d, 0x79, 0x6d, 0x79, 0x6d, 0x79, 0x6d, 0x79, 
	0x75, 0xfb, 0x6d, 0x79, 0x6d, 0x79, 0x6d, 0x79, 
	0x6d, 0x79, 0x6d, 0x79, 0x6d, 0x79, 0x6d, 0x79, 
	0x6d, 0x79, 0x6d, 0x79, 0x6d, 0x79, 0x6d, 0x79, 
	0x6d, 0x79, 0x6d, 0x79, 0x6d, 0x79, 0x6d, 0x79, 
	0x6d, 0x79, 0x6d, 0x79, 0x6d, 0x79, 0x6d, 0x79, 
	0x6d, 0x79, 0x6d, 0x79, 0x6d, 0x79, 0x6d, 0x79, 
	0x6d, 0x79, 0x6d, 0x79, 0x6d, 0x79, 0x6d, 0x79, 
	0x6d, 0x79, 0x6d, 0x79, 0x6d, 0x79, 0x6d, 0x79, 
	0x6d, 0x79, 0x6d, 0x79, 0x6d, 0x79, 0x6d, 0x79, 
	0x6d, 0x79, 0x6d, 0x79, 0x6d, 0x79, 0x6d, 0x79, 
	0x6d, 0x79, 0x6d, 0x79, 0x6d, 0x79, 0x6d, 0x79, 
	0x6d, 0x79, 0x6d, 0x79, 0x6d, 0x79, 0x6d, 0x79, 
	0x6d, 0x79, 0x6d, 0x79, 0x6d, 0x79, 0x6d, 0x79, 
	0x6d, 0x79, 0x6d, 0x79, 0x6d, 0x79, 0x6d, 0x79, 
	0x6d, 0x79, 0x6d, 0x79, 0x6d, 0x79, 0x6d, 0x79, 
	0x6d, 0x79, 0x6d, 0x79, 0x6d, 0x79, 0x6d, 0x79, 
	0x6d, 0x79, 0x6d, 0x79, 0x6d, 0x79, 0x6d, 0x79, 
	0x6d, 0x79, 0x6d, 0x79, 0x6d, 0x79, 0x6d, 0x79, 
	0x6d, 0x79, 0x6d, 0x79, 0x6d, 0x79, 0x6d, 0x79, 
	0x6d, 0x79, 0x6d, 0x79, 0x6d, 0x79, 0x6d, 0x79, 
	0x6d, 0x79, 0x6d, 0x79, 0x6d, 0x79, 0x6d, 0x79, 
	0x6d, 0x79, 0x6d, 0x79, 0x6d, 0x79, 0x6d, 0x79, 
	0x6d, 0x79, 0x6d, 0x79, 0x6d, 0x79, 0x6d, 0x79, 
	0x6d, 0x79, 0x6d, 0x79, 0x6d, 0x79, 0x6d, 0x79, 
	0x6d, 0x79, 0x6d, 0x79, 0x6d, 0x79, 0x6d, 0x79, 
	0x6d, 0x79, 0x6d, 0x79, 0x6d, 0x79, 0x6d, 0x79, 
	0x6d, 0x79, 0x6d, 0x79, 0x6d, 0x79, 0x6d, 0x79, 
	0x6d, 0x79, 0x6d, 0x79, 0x6d, 0x79, 0x6d, 0x79, 
	0x6d, 0x79, 0x6d, 0x79, 0x6d, 0x79, 0x6d, 0x79, 
	0x6d, 0x79, 0x6d, 0x79, 0x6d, 0x79, 0x6d, 0x79, 
	0x6d, 0x79, 0x6d, 0x79, 0x6d, 0x79, 0x6d, 0x79, 
	0x6d, 0x79, 0x6d, 0x79, 0x6d, 0x79, 0x75, 0xfb, 
	0x75, 0xfb, 0x75, 0xfb, 0x75, 0xfb, 0x75, 0xfb, 
	0x75, 0xfb, 0x75, 0xfb, 0x75, 0xfb, 0x75, 0xfb, 
	0x75, 0xfb, 0x75, 0xfb, 0x75, 0xfb, 0x75, 0xfb, 
	0x75, 0xfb, 0x75, 0xfb, 0x75, 0xfb, 0x75, 0xfb, 
	0x75, 0xfb, 0x75, 0xfb, 0x75, 0xfb, 0x75, 0xfb, 
	0x75, 0xfb, 0x75, 0xfb, 0x75, 0xfb, 0x75, 0xfb, 
	0x75, 0xfb, 0x75, 0xfb, 0x75, 0xfb, 0x75, 0xfb, 
	0x75, 0xfb, 0x75, 0xfb, 0x75, 0xfb, 0x75, 0xfb, 
	0x75, 0xfb, 0x75, 0xfb, 0x75, 0xfb, 0x75, 0xfb, 
	0x75, 0xfb, 0x75, 0xfb, 0x75, 0xfb, 0x75, 0xfb, 
	0x75, 0xfb, 0x75, 0xfb, 0x75, 0xfb, 0x75, 0xfb, 
	0x75, 0xfb, 0x75, 0xfb, 0x75, 0xfb, 0x75, 0xfb, 
	0x75, 0xfb, 0x75, 0xfb, 0x75, 0xfb, 0x75, 0xfb, 
	0x75, 0xfb, 0x75, 0xfb, 0x75, 0xfb, 0x75, 0xfb, 
	0x75, 0xfb, 0x75, 0xfb, 0x75, 0xfb, 0x75, 0xfb, 
	0x75, 0xfb, 0x75, 0xfb, 0x75, 0xfb, 0x75, 0xfb, 
	0x75, 0xfb, 0x75, 0xfb, 0x75, 0xfb, 0x75, 0xfb, 
	0x75, 0xfb, 0x75, 0xfb, 0x75, 0xfb, 0x75, 0xfb, 
	0x75, 0xfb, 0x75, 0xfb, 0x75, 0xfb, 0x75, 0xfb, 
	0x75, 0xfb, 0x75, 0xfb, 0x75, 0xfb, 0x75, 0xfb, 
	0x75, 0xfb, 0x75, 0xfb, 0x75, 0xfb, 0x75, 0xfb, 
	0x75, 0xfb, 0x75, 0xfb, 0x75, 0xfb, 0x75, 0xfb, 
	0x75, 0xfb, 0x75, 0xfb, 0x75, 0xfb, 0x75, 0xfb, 
	0x75, 0xfb, 0x75, 0xfb, 0x75, 0xfb, 0x75, 0xfb, 
	0x75, 0xfb, 0x75, 0xfb, 0x75, 0xfb, 0x75, 0xfb, 
	0x75, 0xfb, 0x75, 0xfb, 0x75, 0xfb, 0x75, 0xfb, 
	0x75, 0xfb, 0x75, 0xfb, 0x75, 0xfb, 0x75, 0xfb, 
	0x75, 0xfb, 0x75, 0xfb, 0x75, 0xfb, 0x75, 0xfb, 
	0x75, 0xfb, 0x75, 0xfb, 0x75, 0xfb, 0x75, 0xfb, 
	0x75, 0xfb, 0x75, 0xfb, 0x75, 0xfb, 0x75, 0xfb, 
	0x75, 0xfb, 0x75, 0xfb, 0x75, 0xfb, 0x75, 0xfb, 
	0x75, 0xfb, 0x75, 0xfb, 0x75, 0xfb, 0x75, 0xfb, 
	0x75, 0xfb, 0x75, 0xfb, 0x75, 0xfb, 0x75, 0xfb, 
	0x75, 0xfb, 0x75, 0xfb, 0x75, 0xfb, 0x75, 0xfb, 
	0x75, 0xfb, 0x75, 0xfb, 0x75, 0xfb, 0x75, 0xfb, 
	0x75, 0xfb, 0x75, 0xfb, 0x75, 0xfb, 0x75, 0xfb, 
	0x75, 0xfb, 0x75, 0xfb, 0x75, 0xfb, 0x75, 0xfb, 
	0x75, 0xfb, 0x75, 0xfb, 0x75, 0xfb, 0x75, 0xfb, 
	0x75, 0xfb, 0x75, 0xfb, 0x75, 0xfb, 0x75, 0xfb, 
	0x75, 0xfb, 0x75, 0xfb, 0x75, 0xfb, 0x75, 0xfb, 
	0x75, 0xfb, 0x75, 0xfb, 0x75, 0xfb, 0x75, 0xfb, 
	0x75, 0xfb, 0x75, 0xfb, 0x75, 0xfb, 0x75, 0xfb, 
	0x75, 0xfb, 0x75, 0xfb, 0x75, 0xfb, 0x75, 0xfb, 
	0x75, 0xfb, 0x75, 0xfb, 0x75, 0xfb, 0x75, 0xfb, 
	0x75, 0xfb, 0x75, 0xfb, 0x75, 0xfb, 0x75, 0xfb, 
	0x75, 0xfb, 0x75, 0xfb, 0x75, 0xfb, 0x75, 0xfb, 
	0x75, 0xfb, 0x75, 0xfb, 0x75, 0xfb, 0x75, 0xfb, 
	0x75, 0xfb, 0x75, 0xfb, 0x75, 0xfb, 0x75, 0xfb, 
	0x75, 0xfb, 0x75, 0xfb, 0x75, 0xfb, 0x75, 0xfb, 
	0x75, 0xfb, 0x75, 0xfb, 0x75, 0xfb, 0x75, 0xfb, 
	0x75, 0xfb, 0x75, 0xfb, 0x75, 0xfb, 0x75, 0xfb, 
	0x75, 0xfb, 0x75, 0xfb, 0x75, 0xfb, 0x75, 0xfb, 
	0x75, 0xfb, 0x75, 0xfb, 0x75, 0xfb, 0x75, 0xfb, 
	0x75, 0xfb, 0x75, 0xfb, 0x75, 0xfb, 0x75, 0xfb, 
	0x75, 0xfb, 0x75, 0xfb, 0x75, 0xfb, 0x75, 0xfb, 
	0x75, 0xfb, 0x75, 0xfb, 0x75, 0xfb, 0x75, 0xfb, 
	0x75, 0xfb, 0x75, 0xfb, 0x75, 0xfb, 0x75, 0xfb, 
	0x75, 0xfb, 0x75, 0xfb, 0x75, 0xfb, 0x75, 0xfb, 
	0x75, 0xfb, 0x75, 0xfb, 0x75, 0xfb, 0x75, 0xfb, 
	0x75, 0xfb, 0x75, 0xfb, 0x75, 0xfb, 0x75, 0xfb, 
	0x75, 0xfb, 0x75, 0xfb, 0x75, 0xfb, 0x75, 0xfb, 
	0x75, 0xfb, 0x75, 0xfb, 0x75, 0xfb, 0x75, 0xfb, 
	0x75, 0xfb, 0x75, 0xfb, 0x75, 0xfb, 0x75, 0xfb, 
	0x75, 0xfb, 0x75, 0xfb, 0x75, 0xfb, 0x75, 0xfb, 
	0x75, 0xfb, 0x75, 0xfb, 0x75, 0xfb, 0x75, 0xfb, 
	0x75, 0xfb, 0x75, 0xfb, 0x75, 0xfb, 0x75, 0xfb, 
	0x75, 0xfb, 0x75, 0xfb, 0x75, 0xfb, 0x75, 0xfb, 
	0x75, 0xfb, 0x75, 0xfb, 0x75, 0xfb, 0x75, 0xfb, 
	0x75, 0xfb, 0x75, 0xfb, 0x75, 0xfb, 0x75, 0xfb, 
	0x75, 0xfb, 0x75, 0xfb, 0x75, 0xfb, 0x75, 0xfb, 
	0x75, 0xfb, 0x75, 0xfb, 0x75, 0xfb, 0x75, 0xfb, 
	0x75, 0xfb, 0x75, 0xfb, 0x75, 0xfb, 0x75, 0xfb, 
	0x75, 0xfb, 0x75, 0xfb, 0x75, 0xfb, 0x75, 0xfb, 
	0x75, 0xfb, 0x75, 0xfb, 0x75, 0xfb, 0x75, 0xfb, 
	0x75, 0xfb, 0x75, 0xfb, 0x75, 0xfb, 0x75, 0xfb, 
	0x75, 0xfb, 0x75, 0xfb, 0x75, 0xfb, 0x75, 0xfb, 
	0x75, 0xfb, 0x75, 0xfb, 0x75, 0xfb, 0x75, 0xfb, 
	0x75, 0xfb, 0x75, 0xfb, 0x75, 0xfb, 0x75, 0xfb, 
	0x75, 0xfb, 0x75, 0xfb, 0x75, 0xfb, 0x75, 0xfb, 
	0x75, 0xfb, 0x75, 0xfb, 0x75, 0xfb, 0x75, 0xfb, 
	0x75, 0xfb, 0x75, 0xfb, 0x75, 0xfb, 0x75, 0xfb, 
	0x75, 0xfb, 0x75, 0xfb, 0x75, 0xfb, 0x75, 0xfb, 
	0x75, 0xfb, 0x75, 0xfb, 0x75, 0xfb, 0x75, 0xfb, 
	0x75, 0xfb, 0x75, 0xfb, 0x75, 0xfb, 0x75, 0xfb, 
	0x75, 0xfb, 0x75, 0xfb, 0x75, 0xfb, 0x75, 0xfb, 
	0x75, 0xfb, 0x75, 0xfb, 0x75, 0xfb, 0x75, 0xfb, 
	0x75, 0xfb, 0x75, 0xfb, 0x75, 0xfb, 0x75, 0xfb, 
	0x75, 0xfb, 0x75, 0xfb, 0x75, 0xfb, 0x75, 0xfb, 
	0x75, 0xfb, 0x75, 0xfb, 0x75, 0xfb, 0x75, 0xfb, 
	0x75, 0xfb, 0x75, 0xfb, 0x75, 0xfb, 0x75, 0xfb, 
	0x75, 0xfb, 0x75, 0xfb, 0x75, 0xfb, 0x75, 0xfb, 
	0x75, 0xfb, 0x75, 0xfb, 0x75, 0xfb, 0x75, 0xfb, 
	0x75, 0xfb, 0x75, 0xfb, 0x75, 0xfb, 0x75, 0xfb, 
	0x75, 0xfb, 0x75, 0xfb, 0x75, 0xfb, 0x75, 0xfb, 
	0x75, 0xfb, 0x75, 0xfb, 0x75, 0xfb, 0x75, 0xfb, 
	0x75, 0xfb, 0x75, 0xfb, 0x75, 0xfb, 0x75, 0xfb, 
	0x7d, 0xfb, 0x75, 0xfb, 0x75, 0xfb, 0x75, 0xfb, 
	0x75, 0xfb, 0x75, 0xfb, 0x75, 0xfb, 0x75, 0xfb, 
	0x75, 0xfb, 0x75, 0xfb, 0x75, 0xfb, 0x75, 0xfb, 
	0x75, 0xfb, 0x75, 0xfb, 0x75, 0xfb, 0x75, 0xfb, 
	0x75, 0xfb, 0x75, 0xfb, 0x75, 0xfb, 0x75, 0xfb, 
	0x75, 0xfb, 0x75, 0xfb, 0x75, 0xfb, 0x75, 0xfb, 
	0x75, 0xfb, 0x75, 0xfb, 0x75, 0xfb, 0x75, 0xfb, 
	0x75, 0xfb, 0x75, 0xfb, 0x75, 0xfb, 0x75, 0xfb, 
	0x75, 0xfb, 0x75, 0xfb, 0x75, 0xfb, 0x75, 0xfb, 
	0x75, 0xfb, 0x75, 0xfb, 0x75, 0xfb, 0x75, 0xfb, 
	0x75, 0xfb, 0x75, 0xfb, 0x75, 0xfb, 0x75, 0xfb, 
	0x75, 0xfb, 0x75, 0xfb, 0x75, 0xfb, 0x75, 0xfb, 
	0x75, 0xfb, 0x75, 0xfb, 0x75, 0xfb, 0x75, 0xfb, 
	0x75, 0xfb, 0x75, 0xfb, 0x75, 0xfb, 0x75, 0xfb, 
	0x75, 0xfb, 0x75, 0xfb, 0x75, 0xfb, 0x75, 0xfb, 
	0x75, 0xfb, 0x75, 0xfb, 0x75, 0xfb, 0x75, 0xfb, 
	0x75, 0xfb, 0x75, 0xfb, 0x75, 0xfb, 0x75, 0xfb, 
	0x75, 0xfb, 0x75, 0xfb, 0x75, 0xfb, 0x75, 0xfb, 
	0x75, 0xfb, 0x75, 0xfb, 0x75, 0xfb, 0x75, 0xfb, 
	0x75, 0xfb, 0x75, 0xfb, 0x75, 0xfb, 0x75, 0xfb, 
	0x75, 0xfb, 0x75, 0xfb, 0x75, 0xfb, 0x75, 0xfb, 
	0x75, 0xfb, 0x75, 0xfb, 0x75, 0xfb, 0x75, 0xfb, 
	0x75, 0xfb, 0x75, 0xfb, 0x75, 0xfb, 0x75, 0xfb, 
	0x75, 0xfb, 0x75, 0xfb, 0x75, 0xfb, 0x75, 0xfb, 
	0x75, 0xfb, 0x75, 0xfb, 0x75, 0xfb, 0x75, 0xfb, 
	0x75, 0xfb, 0x75, 0xfb, 0x75, 0xfb, 0x75, 0xfb, 
	0x75, 0xfb, 0x75, 0xfb, 0x75, 0xfb, 0x75, 0xfb, 
	0x75, 0xfb, 0x75, 0xfb, 0x75, 0xfb, 0x75, 0xfb, 
	0x75, 0xfb, 0x75, 0xfb, 0x75, 0xfb, 0x75, 0xfb, 
	0x75, 0xfb, 0x75, 0xfb, 0x75, 0xfb, 0x75, 0xfb, 
	0x75, 0xfb, 0x75, 0xfb, 0x75, 0xfb, 0x75, 0xfb, 
	0x75, 0xfb, 0x75, 0xfb, 0x75, 0xfb, 0x7d, 0xfb, 
	0x7d, 0xfb, 0x7d, 0xfb, 0x7d, 0xfb, 0x7d, 0xfb, 
	0x7d, 0xfb, 0x7d, 0xfb, 0x7d, 0xfb, 0x7d, 0xfb, 
	0x7d, 0xfb, 0x7d, 0xfb, 0x7d, 0xfb, 0x7d, 0xfb, 
	0x7d, 0xfb, 0x7d, 0xfb, 0x7d, 0xfb, 0x7d, 0xfb, 
	0x7d, 0xfb, 0x7d, 0xfb, 0x7d, 0xfb, 0x7d, 0xfb, 
	0x7d, 0xfb, 0x7d, 0xfb, 0x7d, 0xfb, 0x7d, 0xfb, 
	0x7d, 0xfb, 0x7d, 0xfb, 0x7d, 0xfb, 0x7d, 0xfb, 
	0x7d, 0xfb, 0x7d, 0xfb, 0x7d, 0xfb, 0x7d, 0xfb, 
	0x7d, 0xfb, 0x7d, 0xfb, 0x7d, 0xfb, 0x7d, 0xfb, 
	0x7d, 0xfb, 0x7d, 0xfb, 0x7d, 0xfb, 0x7d, 0xfb, 
	0x7d, 0xfb, 0x7d, 0xfb, 0x7d, 0xfb, 0x7d, 0xfb, 
	0x7d, 0xfb, 0x7d, 0xfb, 0x7d, 0xfb, 0x7d, 0xfb, 
	0x7d, 0xfb, 0x7d, 0xfb, 0x7d, 0xfb, 0x7d, 0xfb, 
	0x7d, 0xfb, 0x7d, 0xfb, 0x7d, 0xfb, 0x7d, 0xfb, 
	0x7d, 0xfb, 0x7d, 0xfb, 0x7d, 0xfb, 0x7d, 0xfb, 
	0x7d, 0xfb, 0x7d, 0xfb, 0x7d, 0xfb, 0x7d, 0xfb, 
	0x7d, 0xfb, 0x7d, 0xfb, 0x7d, 0xfb, 0x7d, 0xfb, 
	0x7d, 0xfb, 0x7d, 0xfb, 0x7d, 0xfb, 0x7d, 0xfb, 
	0x7d, 0xfb, 0x7d, 0xfb, 0x7d, 0xfb, 0x7d, 0xfb, 
	0x7d, 0xfb, 0x7d, 0xfb, 0x7d, 0xfb, 0x7d, 0xfb, 
	0x7d, 0xfb, 0x7d, 0xfb, 0x7d, 0xfb, 0x7d, 0xfb, 
	0x7d, 0xfb, 0x7d, 0xfb, 0x7d, 0xfb, 0x7d, 0xfb, 
	0x7d, 0xfb, 0x7d, 0xfb, 0x7d, 0xfb, 0x7d, 0xfb, 
	0x7d, 0xfb, 0x7d, 0xfb, 0x7d, 0xfb, 0x7d, 0xfb, 
	0x7d, 0xfb, 0x7d, 0xfb, 0x7d, 0xfb, 0x7d, 0xfb, 
	0x7d, 0xfb, 0x7d, 0xfb, 0x7d, 0xfb, 0x7d, 0xfb, 
	0x7d, 0xfb, 0x7d, 0xfb, 0x7d, 0xfb, 0x7d, 0xfb, 
	0x7d, 0xfb, 0x7d, 0xfb, 0x7d, 0xfb, 0x7d, 0xfb, 
	0x7d, 0xfb, 0x7d, 0xfb, 0x7d, 0xfb, 0x7d, 0xfb, 
	0x7d, 0xfb, 0x7d, 0xfb, 0x7d, 0xfb, 0x7d, 0xfb, 
	0x7d, 0xfb, 0x7d, 0xfb, 0x7d, 0xfb, 0x7d, 0xfb, 
	0x7d, 0xfb, 0x7d, 0xfb, 0x7d, 0xfb, 0x7d, 0xfb, 
	0x7d, 0xfb, 0x7d, 0xfb, 0x7d, 0xfb, 0x7d, 0xfb, 
	0x7d, 0xfb, 0x7d, 0xfb, 0x7d, 0xfb, 0x7d, 0xfb, 
	0x7d, 0xfb, 0x7d, 0xfb, 0x7d, 0xfb, 0x7d, 0xfb, 
	0x7d, 0xfb, 0x7d, 0xfb, 0x7d, 0xfb, 0x7d, 0xfb, 
	0x7d, 0xfb, 0x7d, 0xfb, 0x7d, 0xfb, 0x7d, 0xfb, 
	0x7d, 0xfb, 0x7d, 0xfb, 0x7d, 0xfb, 0x7d, 0xfb, 
	0x7d, 0xfb, 0x7d, 0xfb, 0x7d, 0xfb, 0x7d, 0xfb, 
	0x7d, 0xfb, 0x7d, 0xfb, 0x7d, 0xfb, 0x7d, 0xfb, 
	0x7d, 0xfb, 0x7d, 0xfb, 0x7d, 0xfb, 0x7d, 0xfb, 
	0x7d, 0xfb, 0x7d, 0xfb, 0x7d, 0xfb, 0x7d, 0xfb, 
	0x7d, 0xfb, 0x7d, 0xfb, 0x7d, 0xfb, 0x7d, 0xfb, 
	0x7d, 0xfb, 0x7d, 0xfb, 0x7d, 0xfb, 0x7d, 0xfb, 
	0x7d, 0xfb, 0x7d, 0xfb, 0x7d, 0xfb, 0x7d, 0xfb, 
	0x7d, 0xfb, 0x7d, 0xfb, 0x7d, 0xfb, 0x7d, 0xfb, 
	0x7d, 0xfb, 0x7d, 0xfb, 0x7d, 0xfb, 0x7d, 0xfb, 
	0x7d, 0xfb, 0x7d, 0xfb, 0x7d, 0xfb, 0x7d, 0xfb, 
	0x7d, 0xfb, 0x7d, 0xfb, 0x7d, 0xfb, 0x7d, 0xfb, 
	0x7d, 0xfb, 0x7d, 0xfb, 0x7d, 0xfb, 0x7d, 0xfb, 
	0x7d, 0xfb, 0x7d, 0xfb, 0x7d, 0xfb, 0x7d, 0xfb, 
	0x7d, 0xfb, 0x7d, 0xfb, 0x7d, 0xfb, 0x7d, 0xfb, 
	0x7d, 0xfb, 0x7d, 0xfb, 0x7d, 0xfb, 0x7d, 0xfb, 
	0x7d, 0xfb, 0x7d, 0xfb, 0x7d, 0xfb, 0x7d, 0xfb, 
	0x7d, 0xfb, 0x7d, 0xfb, 0x7d, 0xfb, 0x7d, 0xfb, 
	0x7d, 0xfb, 0x7d, 0xfb, 0x7d, 0xfb, 0x7d, 0xfb, 
	0x7d, 0xfb, 0x7d, 0xfb, 0x7d, 0xfb, 0x7d, 0xfb, 
	0x7d, 0xfb, 0x7d, 0xfb, 0x7d, 0xfb, 0x7d, 0xfb, 
	0x7d, 0xfb, 0x7d, 0xfb, 0x7d, 0xfb, 0x7d, 0xfb, 
	0x7d, 0xfb, 0x7d, 0xfb, 0x7d, 0xfb, 0x7d, 0xfb, 
	0x7d, 0xfb, 0x7d, 0xfb, 0x7d, 0xfb, 0x7d, 0xfb, 
	0x7d, 0xfb, 0x7d, 0xfb, 0x7d, 0xfb, 0x7d, 0xfb, 
	0x7d, 0xfb, 0x7d, 0xfb, 0x7d, 0xfb, 0x7d, 0xfb, 
	0x7d, 0xfb, 0x7d, 0xfb, 0x7d, 0xfb, 0x7d, 0xfb, 
	0x86, 0x3b, 0x7d, 0xfb, 0x7d, 0xfb, 0x7d, 0xfb, 
	0x7d, 0xfb, 0x7d, 0xfb, 0x7d, 0xfb, 0x7d, 0xfb, 
	0x7d, 0xfb, 0x7d, 0xfb, 0x7d, 0xfb, 0x7d, 0xfb, 
	0x7d, 0xfb, 0x7d, 0xfb, 0x7d, 0xfb, 0x7d, 0xfb, 
	0x7d, 0xfb, 0x7d, 0xfb, 0x7d, 0xfb, 0x7d, 0xfb, 
	0x7d, 0xfb, 0x7d, 0xfb, 0x7d, 0xfb, 0x7d, 0xfb, 
	0x7d, 0xfb, 0x7d, 0xfb, 0x7d, 0xfb, 0x7d, 0xfb, 
	0x7d, 0xfb, 0x7d, 0xfb, 0x7d, 0xfb, 0x7d, 0xfb, 
	0x7d, 0xfb, 0x7d, 0xfb, 0x7d, 0xfb, 0x7d, 0xfb, 
	0x7d, 0xfb, 0x7d, 0xfb, 0x7d, 0xfb, 0x7d, 0xfb, 
	0x7d, 0xfb, 0x7d, 0xfb, 0x7d, 0xfb, 0x7d, 0xfb, 
	0x7d, 0xfb, 0x7d, 0xfb, 0x7d, 0xfb, 0x7d, 0xfb, 
	0x7d, 0xfb, 0x7d, 0xfb, 0x7d, 0xfb, 0x7d, 0xfb, 
	0x7d, 0xfb, 0x7d, 0xfb, 0x7d, 0xfb, 0x7d, 0xfb, 
	0x7d, 0xfb, 0x7d, 0xfb, 0x7d, 0xfb, 0x7d, 0xfb, 
	0x7d, 0xfb, 0x7d, 0xfb, 0x7d, 0xfb, 0x7d, 0xfb, 
	0x7d, 0xfb, 0x7d, 0xfb, 0x7d, 0xfb, 0x7d, 0xfb, 
	0x7d, 0xfb, 0x7d, 0xfb, 0x7d, 0xfb, 0x7d, 0xfb, 
	0x7d, 0xfb, 0x7d, 0xfb, 0x7d, 0xfb, 0x7d, 0xfb, 
	0x7d, 0xfb, 0x7d, 0xfb, 0x7d, 0xfb, 0x7d, 0xfb, 
	0x7d, 0xfb, 0x7d, 0xfb, 0x7d, 0xfb, 0x7d, 0xfb, 
	0x7d, 0xfb, 0x7d, 0xfb, 0x7d, 0xfb, 0x7d, 0xfb, 
	0x7d, 0xfb, 0x7d, 0xfb, 0x7d, 0xfb, 0x7d, 0xfb, 
	0x7d, 0xfb, 0x7d, 0xfb, 0x7d, 0xfb, 0x7d, 0xfb, 
	0x7d, 0xfb, 0x7d, 0xfb, 0x7d, 0xfb, 0x7d, 0xfb, 
	0x7d, 0xfb, 0x7d, 0xfb, 0x7d, 0xfb, 0x7d, 0xfb, 
	0x7d, 0xfb, 0x7d, 0xfb, 0x7d, 0xfb, 0x7d, 0xfb, 
	0x7d, 0xfb, 0x7d, 0xfb, 0x7d, 0xfb, 0x7d, 0xfb, 
	0x7d, 0xfb, 0x7d, 0xfb, 0x7d, 0xfb, 0x7d, 0xfb, 
	0x7d, 0xfb, 0x7d, 0xfb, 0x7d, 0xfb, 0x7d, 0xfb, 
	0x7d, 0xfb, 0x7d, 0xfb, 0x7d, 0xfb, 0x7d, 0xfb, 
	0x7d, 0xfb, 0x7d, 0xfb, 0x7d, 0xfb, 0x86, 0x3b, 
	0x86, 0x3b, 0x86, 0x3b, 0x86, 0x3b, 0x86, 0x3b, 
	0x86, 0x3b, 0x86, 0x3b, 0x86, 0x3b, 0x86, 0x3b, 
	0x86, 0x3b, 0x86, 0x3b, 0x86, 0x3b, 0x86, 0x3b, 
	0x86, 0x3b, 0x86, 0x3b, 0x86, 0x3b, 0x86, 0x3b, 
	0x86, 0x3b, 0x86, 0x3b, 0x86, 0x3b, 0x86, 0x3b, 
	0x86, 0x3b, 0x86, 0x3b, 0x86, 0x3b, 0x86, 0x3b, 
	0x86, 0x3b, 0x86, 0x3b, 0x86, 0x3b, 0x86, 0x3b, 
	0x86, 0x3b, 0x86, 0x3b, 0x86, 0x3b, 0x86, 0x3b, 
	0x86, 0x3b, 0x86, 0x3b, 0x86, 0x3b, 0x86, 0x3b, 
	0x86, 0x3b, 0x86, 0x3b, 0x86, 0x3b, 0x86, 0x3b, 
	0x86, 0x3b, 0x86, 0x3b, 0x86, 0x3b, 0x86, 0x3b, 
	0x86, 0x3b, 0x86, 0x3b, 0x86, 0x3b, 0x86, 0x3b, 
	0x86, 0x3b, 0x86, 0x3b, 0x86, 0x3b, 0x86, 0x3b, 
	0x86, 0x3b, 0x86, 0x3b, 0x86, 0x3b, 0x86, 0x3b, 
	0x86, 0x3b, 0x86, 0x3b, 0x86, 0x3b, 0x86, 0x3b, 
	0x86, 0x3b, 0x86, 0x3b, 0x86, 0x3b, 0x86, 0x3b, 
	0x86, 0x3b, 0x86, 0x3b, 0x86, 0x3b, 0x86, 0x3b, 
	0x86, 0x3b, 0x86, 0x3b, 0x86, 0x3b, 0x86, 0x3b, 
	0x86, 0x3b, 0x86, 0x3b, 0x86, 0x3b, 0x86, 0x3b, 
	0x86, 0x3b, 0x86, 0x3b, 0x86, 0x3b, 0x86, 0x3b, 
	0x86, 0x3b, 0x86, 0x3b, 0x86, 0x3b, 0x86, 0x3b, 
	0x86, 0x3b, 0x86, 0x3b, 0x86, 0x3b, 0x86, 0x3b, 
	0x86, 0x3b, 0x86, 0x3b, 0x86, 0x3b, 0x86, 0x3b, 
	0x86, 0x3b, 0x86, 0x3b, 0x86, 0x3b, 0x86, 0x3b, 
	0x86, 0x3b, 0x86, 0x3b, 0x86, 0x3b, 0x86, 0x3b, 
	0x86, 0x3b, 0x86, 0x3b, 0x86, 0x3b, 0x86, 0x3b, 
	0x86, 0x3b, 0x86, 0x3b, 0x86, 0x3b, 0x86, 0x3b, 
	0x86, 0x3b, 0x86, 0x3b, 0x86, 0x3b, 0x86, 0x3b, 
	0x86, 0x3b, 0x86, 0x3b, 0x86, 0x3b, 0x86, 0x3b, 
	0x86, 0x3b, 0x86, 0x3b, 0x86, 0x3b, 0x86, 0x3b, 
	0x86, 0x3b, 0x86, 0x3b, 0x86, 0x3b, 0x86, 0x3b, 
	0x86, 0x3b, 0x86, 0x3b, 0x86, 0x3b, 0x86, 0x3b, 
	
};

ALIGNED8 u8 chao_skybox_race_sky00_rgba16[] = {
	0x00, 0x5f, 0x00, 0x5f, 0x00, 0x5f, 0x00, 0x5f, 
	0x00, 0x5f, 0x00, 0x5f, 0x00, 0x5f, 0x00, 0x5f, 
	0x00, 0x5f, 0x00, 0x5f, 0x00, 0x5f, 0x00, 0x5f, 
	0x00, 0x5f, 0x00, 0x5f, 0x00, 0x5f, 0x00, 0x5f, 
	0x00, 0x5f, 0x00, 0x5f, 0x00, 0x5f, 0x00, 0x5f, 
	0x00, 0x5f, 0x00, 0x5f, 0x00, 0x5f, 0x00, 0x5f, 
	0x00, 0x5f, 0x00, 0x5f, 0x00, 0x5f, 0x00, 0x5f, 
	0x00, 0x5f, 0x00, 0x5f, 0x00, 0x5f, 0x00, 0x5f, 
	0x00, 0x5f, 0x00, 0x5f, 0x00, 0x5f, 0x00, 0x5f, 
	0x00, 0x5f, 0x00, 0x5f, 0x00, 0x5f, 0x00, 0x5f, 
	0x00, 0x5f, 0x00, 0x5f, 0x00, 0x5f, 0x00, 0x5f, 
	0x00, 0x5f, 0x00, 0x5f, 0x00, 0x5f, 0x00, 0x5f, 
	0x00, 0x5f, 0x00, 0x5f, 0x00, 0x5f, 0x00, 0x5f, 
	0x00, 0x5f, 0x00, 0x5f, 0x00, 0x5f, 0x00, 0x5f, 
	0x00, 0x5f, 0x00, 0x5f, 0x00, 0x5f, 0x00, 0x5f, 
	0x00, 0x5f, 0x00, 0x5f, 0x00, 0x5f, 0x00, 0x5f, 
	0x00, 0x5f, 0x00, 0x5f, 0x00, 0x5f, 0x00, 0x5f, 
	0x00, 0x5f, 0x00, 0x5f, 0x00, 0x5f, 0x00, 0x5f, 
	0x00, 0x5f, 0x00, 0x5f, 0x00, 0x5f, 0x00, 0x5f, 
	0x00, 0x5f, 0x00, 0x5f, 0x00, 0x5f, 0x00, 0x5f, 
	0x00, 0x5f, 0x00, 0x5f, 0x00, 0x5f, 0x00, 0x5f, 
	0x00, 0x5f, 0x00, 0x5f, 0x00, 0x5f, 0x00, 0x5f, 
	0x00, 0x5f, 0x00, 0x5f, 0x00, 0x5f, 0x00, 0x5f, 
	0x00, 0x5f, 0x00, 0x5f, 0x00, 0x5f, 0x00, 0x5f, 
	0x00, 0x5f, 0x00, 0x5f, 0x00, 0x5f, 0x00, 0x5f, 
	0x00, 0x5f, 0x00, 0x5f, 0x00, 0x5f, 0x00, 0x5f, 
	0x00, 0x5f, 0x00, 0x5f, 0x00, 0x5f, 0x00, 0x5f, 
	0x00, 0x5f, 0x00, 0x5f, 0x00, 0x5f, 0x00, 0x5f, 
	0x00, 0x5f, 0x00, 0x5f, 0x00, 0x5f, 0x00, 0x5f, 
	0x00, 0x5f, 0x00, 0x5f, 0x00, 0x5f, 0x00, 0x5f, 
	0x00, 0x5f, 0x00, 0x5f, 0x00, 0x5f, 0x00, 0x5f, 
	0x00, 0x5f, 0x00, 0x5f, 0x00, 0x5f, 0x00, 0x5f, 
	0x00, 0x5f, 0x00, 0x5f, 0x00, 0x5f, 0x00, 0x5f, 
	0x00, 0x5f, 0x00, 0x5f, 0x00, 0x5f, 0x00, 0x5f, 
	0x00, 0x5f, 0x00, 0x5f, 0x00, 0x5f, 0x00, 0x5f, 
	0x00, 0x5f, 0x00, 0x5f, 0x00, 0x5f, 0x00, 0x5f, 
	0x00, 0x5f, 0x00, 0x5f, 0x00, 0x5f, 0x00, 0x5f, 
	0x00, 0x5f, 0x00, 0x5f, 0x00, 0x5f, 0x00, 0x5f, 
	0x00, 0x5f, 0x00, 0x5f, 0x00, 0x5f, 0x00, 0x5f, 
	0x00, 0x5f, 0x00, 0x5f, 0x00, 0x5f, 0x00, 0x5f, 
	0x00, 0x5f, 0x00, 0x5f, 0x00, 0x5f, 0x00, 0x5f, 
	0x00, 0x5f, 0x00, 0x5f, 0x00, 0x5f, 0x00, 0x5f, 
	0x00, 0x5f, 0x00, 0x5f, 0x00, 0x5f, 0x00, 0x5f, 
	0x00, 0x5f, 0x00, 0x5f, 0x00, 0x5f, 0x00, 0x5f, 
	0x00, 0x5f, 0x00, 0x5f, 0x00, 0x5f, 0x00, 0x5f, 
	0x00, 0x5f, 0x00, 0x5f, 0x00, 0x5f, 0x00, 0x5f, 
	0x00, 0x5f, 0x00, 0x5f, 0x00, 0x5f, 0x00, 0x5f, 
	0x00, 0x5f, 0x00, 0x5f, 0x00, 0x5f, 0x00, 0x5f, 
	0x00, 0x5f, 0x00, 0x5f, 0x00, 0x5f, 0x00, 0x5f, 
	0x00, 0x5f, 0x00, 0x5f, 0x00, 0x5f, 0x00, 0x5f, 
	0x00, 0x5f, 0x00, 0x5f, 0x00, 0x5f, 0x00, 0x5f, 
	0x00, 0x5f, 0x00, 0x5f, 0x00, 0x5f, 0x00, 0x5f, 
	0x00, 0x5f, 0x00, 0x5f, 0x00, 0x5f, 0x00, 0x5f, 
	0x00, 0x5f, 0x00, 0x5f, 0x00, 0x5f, 0x00, 0x5f, 
	0x00, 0x5f, 0x00, 0x5f, 0x00, 0x5f, 0x00, 0x5f, 
	0x00, 0x5f, 0x00, 0x5f, 0x00, 0x5f, 0x00, 0x5f, 
	0x00, 0x5f, 0x00, 0x5f, 0x00, 0x5f, 0x00, 0x5f, 
	0x00, 0x5f, 0x00, 0x5f, 0x00, 0x5f, 0x00, 0x5f, 
	0x00, 0x5f, 0x00, 0x5f, 0x00, 0x5f, 0x00, 0x5f, 
	0x00, 0x5f, 0x00, 0x5f, 0x00, 0x5f, 0x00, 0x5f, 
	0x00, 0x5f, 0x00, 0x5f, 0x00, 0x5f, 0x00, 0x5f, 
	0x00, 0x5f, 0x00, 0x5f, 0x00, 0x5f, 0x00, 0x5f, 
	0x00, 0x5f, 0x00, 0x5f, 0x00, 0x5f, 0x00, 0x5f, 
	0x00, 0x5f, 0x00, 0x5f, 0x00, 0x5f, 0x00, 0x5f, 
	0x00, 0x5f, 0x00, 0x5f, 0x00, 0x5f, 0x00, 0x5f, 
	0x00, 0x5f, 0x00, 0x5f, 0x00, 0x5f, 0x00, 0x5f, 
	0x00, 0x5f, 0x00, 0x5f, 0x00, 0x5f, 0x00, 0x5f, 
	0x00, 0x5f, 0x00, 0x5f, 0x00, 0x5f, 0x00, 0x5f, 
	0x00, 0x5f, 0x00, 0x5f, 0x00, 0x5f, 0x00, 0x5f, 
	0x00, 0x5f, 0x00, 0x5f, 0x00, 0x5f, 0x00, 0x5f, 
	0x00, 0x5f, 0x00, 0x5f, 0x00, 0x5f, 0x00, 0x5f, 
	0x00, 0x5f, 0x00, 0x5f, 0x00, 0x5f, 0x00, 0x5f, 
	0x00, 0x5f, 0x00, 0x5f, 0x00, 0x5f, 0x00, 0x5f, 
	0x00, 0x5f, 0x00, 0x5f, 0x00, 0x5f, 0x00, 0x5f, 
	0x00, 0x5f, 0x00, 0x5f, 0x00, 0x5f, 0x00, 0x5f, 
	0x00, 0x5f, 0x00, 0x5f, 0x00, 0x5f, 0x00, 0x5f, 
	0x00, 0x5f, 0x00, 0x5f, 0x00, 0x5f, 0x00, 0x5f, 
	0x00, 0x5f, 0x00, 0x5f, 0x00, 0x5f, 0x00, 0x5f, 
	0x00, 0x5f, 0x00, 0x5f, 0x00, 0x5f, 0x00, 0x5f, 
	0x00, 0x5f, 0x00, 0x5f, 0x00, 0x5f, 0x00, 0x5f, 
	0x00, 0x5f, 0x00, 0x5f, 0x00, 0x5f, 0x00, 0x5f, 
	0x00, 0x5f, 0x00, 0x5f, 0x00, 0x5f, 0x00, 0x5f, 
	0x00, 0x5f, 0x00, 0x5f, 0x00, 0x5f, 0x00, 0x5f, 
	0x00, 0x5f, 0x00, 0x5f, 0x00, 0x5f, 0x00, 0x5f, 
	0x00, 0x5f, 0x00, 0x5f, 0x00, 0x5f, 0x00, 0x5f, 
	0x00, 0x5f, 0x00, 0x5f, 0x00, 0x5f, 0x00, 0x5f, 
	0x00, 0x5f, 0x00, 0x5f, 0x00, 0x5f, 0x00, 0x5f, 
	0x00, 0x5f, 0x00, 0x5f, 0x00, 0x5f, 0x00, 0x5f, 
	0x00, 0x5f, 0x00, 0x5f, 0x00, 0x5f, 0x00, 0x5f, 
	0x00, 0x5f, 0x00, 0x5f, 0x00, 0x5f, 0x00, 0x5f, 
	0x00, 0x5f, 0x00, 0x5f, 0x00, 0x5f, 0x00, 0x5f, 
	0x00, 0x5f, 0x00, 0x5f, 0x00, 0x5f, 0x00, 0x5f, 
	0x00, 0x5f, 0x00, 0x5f, 0x00, 0x5f, 0x00, 0x5f, 
	0x00, 0x5f, 0x00, 0x5f, 0x00, 0x5f, 0x00, 0x5f, 
	0x00, 0x5f, 0x00, 0x5f, 0x00, 0x5f, 0x00, 0x5f, 
	0x00, 0x5f, 0x00, 0x5f, 0x00, 0x5f, 0x00, 0x5f, 
	0x00, 0x5f, 0x00, 0x5f, 0x00, 0x5f, 0x00, 0x5f, 
	0x00, 0x5f, 0x00, 0x5f, 0x00, 0x5f, 0x00, 0x5f, 
	0x00, 0x5f, 0x00, 0x5f, 0x00, 0x5f, 0x00, 0x5f, 
	0x00, 0x5f, 0x00, 0x5f, 0x00, 0x5f, 0x00, 0x5f, 
	0x00, 0x5f, 0x00, 0x5f, 0x00, 0x5f, 0x00, 0x5f, 
	0x00, 0x5f, 0x00, 0x5f, 0x00, 0x5f, 0x00, 0x5f, 
	0x00, 0x5f, 0x00, 0x5f, 0x00, 0x5f, 0x00, 0x5f, 
	0x00, 0x5f, 0x00, 0x5f, 0x00, 0x5f, 0x00, 0x5f, 
	0x00, 0x5f, 0x00, 0x5f, 0x00, 0x5f, 0x00, 0x5f, 
	0x00, 0x5f, 0x00, 0x5f, 0x00, 0x5f, 0x00, 0x5f, 
	0x00, 0x5f, 0x00, 0x5f, 0x00, 0x5f, 0x00, 0x5f, 
	0x00, 0x5f, 0x00, 0x5f, 0x00, 0x5f, 0x00, 0x5f, 
	0x00, 0x5f, 0x00, 0x5f, 0x00, 0x5f, 0x00, 0x5f, 
	0x00, 0x5f, 0x00, 0x5f, 0x00, 0x5f, 0x00, 0x5f, 
	0x00, 0x5f, 0x00, 0x5f, 0x00, 0x5f, 0x00, 0x5f, 
	0x00, 0x5f, 0x00, 0x5f, 0x00, 0x5f, 0x00, 0x5f, 
	0x00, 0x5f, 0x00, 0x5f, 0x00, 0x5f, 0x00, 0x5f, 
	0x00, 0x5f, 0x00, 0x5f, 0x00, 0x5f, 0x00, 0x5f, 
	0x00, 0x5f, 0x00, 0x5f, 0x00, 0x5f, 0x00, 0x5f, 
	0x00, 0x5f, 0x00, 0x5f, 0x00, 0x5f, 0x00, 0x5f, 
	0x00, 0x5f, 0x00, 0x5f, 0x00, 0x5f, 0x00, 0x5f, 
	0x00, 0x5f, 0x00, 0x5f, 0x00, 0x5f, 0x00, 0x5f, 
	0x00, 0x5f, 0x00, 0x5f, 0x00, 0x5f, 0x00, 0x5f, 
	0x00, 0x5f, 0x00, 0x5f, 0x00, 0x5f, 0x00, 0x5f, 
	0x00, 0x5f, 0x00, 0x5f, 0x00, 0x5f, 0x00, 0x5f, 
	0x00, 0x5f, 0x00, 0x5f, 0x00, 0x5f, 0x00, 0x5f, 
	0x00, 0x5f, 0x00, 0x5f, 0x00, 0x5f, 0x00, 0x5f, 
	0x00, 0x5f, 0x00, 0x5f, 0x00, 0x5f, 0x00, 0x5f, 
	0x00, 0x5f, 0x00, 0x5f, 0x00, 0x5f, 0x00, 0x5f, 
	0x00, 0x5f, 0x00, 0x5f, 0x00, 0x5f, 0x00, 0x5f, 
	0x00, 0x5f, 0x00, 0x5f, 0x00, 0x5f, 0x00, 0x5f, 
	0x00, 0x5f, 0x00, 0x5f, 0x00, 0x5f, 0x00, 0x5f, 
	0x00, 0x5f, 0x00, 0x5f, 0x00, 0x5f, 0x00, 0x5f, 
	0x00, 0x5f, 0x00, 0x5f, 0x00, 0x5f, 0x00, 0x5f, 
	0x00, 0x5f, 0x00, 0x5f, 0x00, 0x5f, 0x00, 0x5f, 
	0x00, 0x5f, 0x00, 0x5f, 0x00, 0x5f, 0x00, 0x5f, 
	0x00, 0x5f, 0x00, 0x5f, 0x00, 0x5f, 0x00, 0x5f, 
	0x00, 0x5f, 0x00, 0x5f, 0x00, 0x5f, 0x00, 0x5f, 
	0x00, 0x5f, 0x00, 0x5f, 0x00, 0x5f, 0x00, 0x5f, 
	0x00, 0x5f, 0x00, 0x5f, 0x00, 0x5f, 0x00, 0x5f, 
	0x00, 0x5f, 0x00, 0x5f, 0x00, 0x5f, 0x00, 0x5f, 
	0x00, 0x5f, 0x00, 0x5f, 0x00, 0x5f, 0x00, 0x5f, 
	0x00, 0x5f, 0x00, 0x5f, 0x00, 0x5f, 0x00, 0x5f, 
	0x00, 0x5f, 0x00, 0x5f, 0x00, 0x5f, 0x00, 0x5f, 
	0x00, 0x5f, 0x00, 0x5f, 0x00, 0x5f, 0x00, 0x5f, 
	0x00, 0x5f, 0x00, 0x5f, 0x00, 0x5f, 0x00, 0x5f, 
	0x00, 0x5f, 0x00, 0x5f, 0x00, 0x5f, 0x00, 0x5f, 
	0x00, 0x5f, 0x00, 0x5f, 0x00, 0x5f, 0x00, 0x5f, 
	0x00, 0x5f, 0x00, 0x5f, 0x00, 0x5f, 0x00, 0x5f, 
	0x00, 0x5f, 0x00, 0x5f, 0x00, 0x5f, 0x00, 0x5f, 
	0x00, 0x5f, 0x00, 0x5f, 0x00, 0x5f, 0x00, 0x5f, 
	0x00, 0x5f, 0x00, 0x5f, 0x00, 0x5f, 0x00, 0x5f, 
	0x00, 0x5f, 0x00, 0x5f, 0x00, 0x5f, 0x00, 0x5f, 
	0x00, 0x5f, 0x00, 0x5f, 0x00, 0x5f, 0x00, 0x5f, 
	0x00, 0x5f, 0x00, 0x5f, 0x00, 0x5f, 0x00, 0x5f, 
	0x00, 0x5f, 0x00, 0x5f, 0x00, 0x5f, 0x00, 0x5f, 
	0x00, 0x5f, 0x00, 0x5f, 0x00, 0x5f, 0x00, 0x5f, 
	0x00, 0x5f, 0x00, 0x5f, 0x00, 0x5f, 0x00, 0x5f, 
	0x00, 0x5f, 0x00, 0x5f, 0x00, 0x5f, 0x00, 0x5f, 
	0x00, 0x5f, 0x00, 0x5f, 0x00, 0x5f, 0x00, 0x5f, 
	0x00, 0x5f, 0x00, 0x5f, 0x00, 0x5f, 0x00, 0x5f, 
	0x00, 0x5f, 0x00, 0x5f, 0x00, 0x5f, 0x00, 0x5f, 
	0x00, 0x5f, 0x00, 0x5f, 0x00, 0x5f, 0x00, 0x5f, 
	0x00, 0x5f, 0x00, 0x5f, 0x00, 0x5f, 0x00, 0x5f, 
	0x00, 0x5f, 0x00, 0x5f, 0x00, 0x5f, 0x00, 0x5f, 
	0x00, 0x5f, 0x00, 0x5f, 0x00, 0x5f, 0x00, 0x5f, 
	0x00, 0x5f, 0x00, 0x5f, 0x00, 0x5f, 0x00, 0x5f, 
	0x00, 0x5f, 0x00, 0x5f, 0x00, 0x5f, 0x00, 0x5f, 
	0x00, 0x5f, 0x00, 0x5f, 0x00, 0x5f, 0x00, 0x5f, 
	0x00, 0x5f, 0x00, 0x5f, 0x00, 0x5f, 0x00, 0x5f, 
	0x00, 0x5f, 0x00, 0x5f, 0x00, 0x5f, 0x00, 0x5f, 
	0x00, 0x5f, 0x00, 0x5f, 0x00, 0x5f, 0x00, 0x5f, 
	0x00, 0x5f, 0x00, 0x5f, 0x00, 0x5f, 0x00, 0x5f, 
	0x00, 0x5f, 0x00, 0x5f, 0x00, 0x5f, 0x00, 0x5f, 
	0x00, 0x5f, 0x00, 0x5f, 0x00, 0x5f, 0x00, 0x5f, 
	0x00, 0x5f, 0x00, 0x5f, 0x00, 0x5f, 0x00, 0x5f, 
	0x00, 0x5f, 0x00, 0x5f, 0x00, 0x5f, 0x00, 0x5f, 
	0x00, 0x5f, 0x00, 0x5f, 0x00, 0x5f, 0x00, 0x5f, 
	0x00, 0x5f, 0x00, 0x5f, 0x00, 0x5f, 0x00, 0x5f, 
	0x00, 0x5f, 0x00, 0x5f, 0x00, 0x5f, 0x00, 0x5f, 
	0x00, 0x5f, 0x00, 0x5f, 0x00, 0x5f, 0x00, 0x5f, 
	0x00, 0x5f, 0x00, 0x5f, 0x00, 0x5f, 0x00, 0x5f, 
	0x00, 0x5f, 0x00, 0x5f, 0x00, 0x5f, 0x00, 0x5f, 
	0x00, 0x5f, 0x00, 0x5f, 0x00, 0x5f, 0x00, 0x5f, 
	0x00, 0x5f, 0x00, 0x5f, 0x00, 0x5f, 0x00, 0x5f, 
	0x00, 0x5f, 0x00, 0x5f, 0x00, 0x5f, 0x00, 0x5f, 
	0x00, 0x5f, 0x00, 0x5f, 0x00, 0x5f, 0x00, 0x5f, 
	0x00, 0x5f, 0x00, 0x5f, 0x00, 0x5f, 0x00, 0x5f, 
	0x00, 0x5f, 0x00, 0x5f, 0x00, 0x5f, 0x00, 0x5f, 
	0x00, 0x5f, 0x00, 0x5f, 0x00, 0x5f, 0x00, 0x5f, 
	0x00, 0x5f, 0x00, 0x5f, 0x00, 0x5f, 0x00, 0x5f, 
	0x00, 0x5f, 0x00, 0x5f, 0x00, 0x5f, 0x00, 0x5f, 
	0x00, 0x5f, 0x00, 0x5f, 0x00, 0x5f, 0x00, 0x5f, 
	0x00, 0x5f, 0x00, 0x5f, 0x00, 0x5f, 0x00, 0x5f, 
	0x00, 0x5f, 0x00, 0x5f, 0x00, 0x5f, 0x00, 0x5f, 
	0x00, 0x5f, 0x00, 0x5f, 0x00, 0x5f, 0x00, 0x5f, 
	0x00, 0x5f, 0x00, 0x5f, 0x00, 0x5f, 0x00, 0x5f, 
	0x00, 0x5f, 0x00, 0x5f, 0x00, 0x5f, 0x00, 0x5f, 
	0x00, 0x5f, 0x00, 0x5f, 0x00, 0x5f, 0x00, 0x5f, 
	0x00, 0x5f, 0x00, 0x5f, 0x00, 0x5f, 0x00, 0x5f, 
	0x00, 0x5f, 0x00, 0x5f, 0x00, 0x5f, 0x00, 0x5f, 
	0x00, 0x5f, 0x00, 0x5f, 0x00, 0x5f, 0x00, 0x5f, 
	0x00, 0x5f, 0x00, 0x5f, 0x00, 0x5f, 0x00, 0x5f, 
	0x00, 0x5f, 0x00, 0x5f, 0x00, 0x5f, 0x00, 0x5f, 
	0x00, 0x5f, 0x00, 0x5f, 0x00, 0x5f, 0x00, 0x5f, 
	0x00, 0x5f, 0x00, 0x5f, 0x00, 0x5f, 0x00, 0x5f, 
	0x00, 0x5f, 0x00, 0x5f, 0x00, 0x5f, 0x00, 0x5f, 
	0x00, 0x5f, 0x00, 0x5f, 0x00, 0x5f, 0x00, 0x5f, 
	0x00, 0x5f, 0x00, 0x5f, 0x00, 0x5f, 0x00, 0x5f, 
	0x00, 0x5f, 0x00, 0x5f, 0x00, 0x5f, 0x00, 0x5f, 
	0x00, 0x5f, 0x00, 0x5f, 0x00, 0x5f, 0x00, 0x5f, 
	0x00, 0x5f, 0x00, 0x5f, 0x00, 0x5f, 0x00, 0x5f, 
	0x00, 0x5f, 0x00, 0x5f, 0x00, 0x5f, 0x00, 0x5f, 
	0x00, 0x5f, 0x00, 0x5f, 0x00, 0x5f, 0x00, 0x5f, 
	0x00, 0x5f, 0x00, 0x5f, 0x00, 0x5f, 0x00, 0x5f, 
	0x00, 0x5f, 0x00, 0x5f, 0x00, 0x5f, 0x00, 0x5f, 
	0x00, 0x5f, 0x00, 0x5f, 0x00, 0x5f, 0x00, 0x5f, 
	0x00, 0x5f, 0x00, 0x5f, 0x00, 0x5f, 0x00, 0x5f, 
	0x00, 0x5f, 0x00, 0x5f, 0x00, 0x5f, 0x00, 0x5f, 
	0x00, 0x5f, 0x00, 0x5f, 0x00, 0x5f, 0x00, 0x5f, 
	0x00, 0x5f, 0x00, 0x5f, 0x00, 0x5f, 0x00, 0x5f, 
	0x00, 0x5f, 0x00, 0x5f, 0x00, 0x5f, 0x00, 0x5f, 
	0x00, 0x5f, 0x00, 0x5f, 0x00, 0x5f, 0x00, 0x5f, 
	0x00, 0x5f, 0x00, 0x5f, 0x00, 0x5f, 0x00, 0x5f, 
	0x00, 0x5f, 0x00, 0x5f, 0x00, 0x5f, 0x00, 0x5f, 
	0x00, 0x5f, 0x00, 0x5f, 0x00, 0x5f, 0x00, 0x5f, 
	0x00, 0x5f, 0x00, 0x5f, 0x00, 0x5f, 0x00, 0x5f, 
	0x00, 0x5f, 0x00, 0x5f, 0x00, 0x5f, 0x00, 0x5f, 
	0x00, 0x5f, 0x00, 0x5f, 0x00, 0x5f, 0x00, 0x5f, 
	0x00, 0x5f, 0x00, 0x5f, 0x00, 0x5f, 0x00, 0x5f, 
	0x00, 0x5f, 0x00, 0x5f, 0x00, 0x5f, 0x00, 0x5f, 
	0x00, 0x5f, 0x00, 0x5f, 0x00, 0x5f, 0x00, 0x5f, 
	0x00, 0x5f, 0x00, 0x5f, 0x00, 0x5f, 0x00, 0x5f, 
	0x00, 0x5f, 0x00, 0x5f, 0x00, 0x5f, 0x00, 0x5f, 
	0x00, 0x5f, 0x00, 0x5f, 0x00, 0x5f, 0x00, 0x5f, 
	0x00, 0x5f, 0x00, 0x5f, 0x00, 0x5f, 0x00, 0x5f, 
	0x00, 0x5f, 0x00, 0x5f, 0x00, 0x5f, 0x00, 0x5f, 
	0x00, 0x5f, 0x00, 0x5f, 0x00, 0x5f, 0x00, 0x5f, 
	0x00, 0x5f, 0x00, 0x5f, 0x00, 0x5f, 0x00, 0x5f, 
	0x00, 0x5f, 0x00, 0x5f, 0x00, 0x5f, 0x00, 0x5f, 
	0x00, 0x5f, 0x00, 0x5f, 0x00, 0x5f, 0x00, 0x5f, 
	0x00, 0x5f, 0x00, 0x5f, 0x00, 0x5f, 0x00, 0x5f, 
	0x00, 0x5f, 0x00, 0x5f, 0x00, 0x5f, 0x00, 0x5f, 
	0x00, 0x5f, 0x00, 0x5f, 0x00, 0x5f, 0x00, 0x5f, 
	0x00, 0x5f, 0x00, 0x5f, 0x00, 0x5f, 0x00, 0x5f, 
	0x00, 0x5f, 0x00, 0x5f, 0x00, 0x5f, 0x00, 0x5f, 
	0x00, 0x5f, 0x00, 0x5f, 0x00, 0x5f, 0x00, 0x5f, 
	0x00, 0x5f, 0x00, 0x5f, 0x00, 0x5f, 0x00, 0x5f, 
	0x00, 0x5f, 0x00, 0x5f, 0x00, 0x5f, 0x00, 0x5f, 
	0x00, 0x5f, 0x00, 0x5f, 0x00, 0x5f, 0x00, 0x5f, 
	0x00, 0x5f, 0x00, 0x5f, 0x00, 0x5f, 0x00, 0x5f, 
	0x00, 0x5f, 0x00, 0x5f, 0x00, 0x5f, 0x00, 0x5f, 
	0x00, 0x5f, 0x00, 0x5f, 0x00, 0x5f, 0x00, 0x5f, 
	0x00, 0x5f, 0x00, 0x5f, 0x00, 0x5f, 0x00, 0x5f, 
	0x00, 0x5f, 0x00, 0x5f, 0x00, 0x5f, 0x00, 0x5f, 
	0x00, 0x5f, 0x00, 0x5f, 0x00, 0x5f, 0x00, 0x5f, 
	0x00, 0x5f, 0x00, 0x5f, 0x00, 0x5f, 0x00, 0x5f, 
	0x00, 0x5f, 0x00, 0x5f, 0x00, 0x5f, 0x00, 0x5f, 
	0x00, 0x5f, 0x00, 0x5f, 0x00, 0x5f, 0x00, 0x5f, 
	0x00, 0x5f, 0x00, 0x5f, 0x00, 0x5f, 0x00, 0x5f, 
	0x00, 0x5f, 0x00, 0x5f, 0x00, 0x5f, 0x00, 0x5f, 
	0x00, 0x5f, 0x00, 0x5f, 0x00, 0x5f, 0x00, 0x5f, 
	0x00, 0x5f, 0x00, 0x5f, 0x00, 0x5f, 0x00, 0x5f, 
	0x00, 0x5f, 0x00, 0x5f, 0x00, 0x5f, 0x00, 0x5f, 
	0x00, 0x5f, 0x00, 0x5f, 0x00, 0x5f, 0x00, 0x5f, 
	0x00, 0x5f, 0x00, 0x5f, 0x00, 0x5f, 0x00, 0x5f, 
	0x00, 0x5f, 0x00, 0x5f, 0x00, 0x5f, 0x00, 0x5f, 
	0x00, 0x5f, 0x00, 0x5f, 0x00, 0x5f, 0x00, 0x5f, 
	0x00, 0x5f, 0x00, 0x5f, 0x00, 0x5f, 0x00, 0x5f, 
	0x00, 0x5f, 0x00, 0x5f, 0x00, 0x5f, 0x00, 0x5f, 
	0x00, 0x5f, 0x00, 0x5f, 0x00, 0x5f, 0x00, 0x5f, 
	0x00, 0x5f, 0x00, 0x5f, 0x00, 0x5f, 0x00, 0x5f, 
	0x00, 0x5f, 0x00, 0x5f, 0x00, 0x5f, 0x00, 0x5f, 
	0x00, 0x5f, 0x00, 0x5f, 0x00, 0x5f, 0x00, 0x5f, 
	0x00, 0x5f, 0x00, 0x5f, 0x00, 0x5f, 0x00, 0x5f, 
	0x00, 0x5f, 0x00, 0x5f, 0x00, 0x5f, 0x00, 0x5f, 
	0x00, 0x5f, 0x00, 0x5f, 0x00, 0x5f, 0x00, 0x5f, 
	0x00, 0x5f, 0x00, 0x5f, 0x00, 0x5f, 0x00, 0x5f, 
	0x00, 0x5f, 0x00, 0x5f, 0x00, 0x5f, 0x00, 0x5f, 
	0x00, 0x5f, 0x00, 0x5f, 0x00, 0x5f, 0x00, 0x5f, 
	0x00, 0x5f, 0x00, 0x5f, 0x00, 0x5f, 0x00, 0x5f, 
	0x00, 0x5f, 0x00, 0x5f, 0x00, 0x5f, 0x00, 0x5f, 
	0x00, 0x5f, 0x00, 0x5f, 0x00, 0x5f, 0x00, 0x5f, 
	0x00, 0x5f, 0x00, 0x5f, 0x00, 0x5f, 0x00, 0x5f, 
	0x00, 0x5f, 0x00, 0x5f, 0x00, 0x5f, 0x00, 0x5f, 
	0x00, 0x5f, 0x00, 0x5f, 0x00, 0x5f, 0x00, 0x5f, 
	0x00, 0x5f, 0x00, 0x5f, 0x00, 0x5f, 0x00, 0x5f, 
	0x00, 0x5f, 0x00, 0x5f, 0x00, 0x5f, 0x00, 0x5f, 
	0x00, 0x5f, 0x00, 0x5f, 0x00, 0x5f, 0x00, 0x5f, 
	0x00, 0x5f, 0x00, 0x5f, 0x00, 0x5f, 0x00, 0x5f, 
	0x00, 0x5f, 0x00, 0x5f, 0x00, 0x5f, 0x00, 0x5f, 
	0x00, 0x5f, 0x00, 0x5f, 0x00, 0x5f, 0x00, 0x5f, 
	0x00, 0x5f, 0x00, 0x5f, 0x00, 0x5f, 0x00, 0x5f, 
	0x00, 0x5f, 0x00, 0x5f, 0x00, 0x5f, 0x00, 0x5f, 
	0x00, 0x5f, 0x00, 0x5f, 0x00, 0x5f, 0x00, 0x5f, 
	0x00, 0x5f, 0x00, 0x5f, 0x00, 0x5f, 0x00, 0x5f, 
	0x00, 0x5f, 0x00, 0x5f, 0x00, 0x5f, 0x00, 0x5f, 
	0x00, 0x5f, 0x00, 0x5f, 0x00, 0x5f, 0x00, 0x5f, 
	0x00, 0x5f, 0x00, 0x5f, 0x00, 0x5f, 0x00, 0x5f, 
	0x00, 0x5f, 0x00, 0x5f, 0x00, 0x5f, 0x00, 0x5f, 
	0x00, 0x5f, 0x00, 0x5f, 0x00, 0x5f, 0x00, 0x5f, 
	0x00, 0x5f, 0x00, 0x5f, 0x00, 0x5f, 0x00, 0x5f, 
	0x00, 0x5f, 0x00, 0x5f, 0x00, 0x5f, 0x00, 0x5f, 
	0x00, 0x5f, 0x00, 0x5f, 0x00, 0x5f, 0x00, 0x5f, 
	0x00, 0x5f, 0x00, 0x5f, 0x00, 0x5f, 0x00, 0x5f, 
	0x00, 0x5f, 0x00, 0x5f, 0x00, 0x5f, 0x00, 0x5f, 
	0x00, 0x5f, 0x00, 0x5f, 0x00, 0x5f, 0x00, 0x5f, 
	0x00, 0x5f, 0x00, 0x5f, 0x00, 0x5f, 0x00, 0x5f, 
	0x00, 0x5f, 0x00, 0x5f, 0x00, 0x5f, 0x00, 0x5f, 
	0x00, 0x5f, 0x00, 0x5f, 0x00, 0x5f, 0x00, 0x5f, 
	0x00, 0x5f, 0x00, 0x5f, 0x00, 0x5f, 0x00, 0x5f, 
	0x00, 0x5f, 0x00, 0x5f, 0x00, 0x5f, 0x00, 0x5f, 
	0x00, 0x5f, 0x00, 0x5f, 0x00, 0x5f, 0x00, 0x5f, 
	0x00, 0x5f, 0x00, 0x5f, 0x00, 0x5f, 0x00, 0x5f, 
	0x00, 0x5f, 0x00, 0x5f, 0x00, 0x5f, 0x00, 0x5f, 
	0x00, 0x5f, 0x00, 0x5f, 0x00, 0x5f, 0x00, 0x5f, 
	0x00, 0x5f, 0x00, 0x5f, 0x00, 0x5f, 0x00, 0x5f, 
	0x00, 0x5f, 0x00, 0x5f, 0x00, 0x5f, 0x00, 0x5f, 
	0x00, 0x5f, 0x00, 0x5f, 0x00, 0x5f, 0x00, 0x5f, 
	0x00, 0x5f, 0x00, 0x5f, 0x00, 0x5f, 0x00, 0x5f, 
	0x00, 0x5f, 0x00, 0x5f, 0x00, 0x5f, 0x00, 0x5f, 
	0x00, 0x5f, 0x00, 0x5f, 0x00, 0x5f, 0x00, 0x5f, 
	0x00, 0x5f, 0x00, 0x5f, 0x00, 0x5f, 0x00, 0x5f, 
	0x00, 0x5f, 0x00, 0x5f, 0x00, 0x5f, 0x00, 0x5f, 
	0x00, 0x5f, 0x00, 0x5f, 0x00, 0x5f, 0x00, 0x5f, 
	0x00, 0x5f, 0x00, 0x5f, 0x00, 0x5f, 0x00, 0x5f, 
	0x00, 0x5f, 0x00, 0x5f, 0x00, 0x5f, 0x00, 0x5f, 
	0x00, 0x5f, 0x00, 0x5f, 0x00, 0x5f, 0x00, 0x5f, 
	0x00, 0x5f, 0x00, 0x5f, 0x00, 0x5f, 0x00, 0x5f, 
	0x00, 0x5f, 0x00, 0x5f, 0x00, 0x5f, 0x00, 0x5f, 
	0x00, 0x5f, 0x00, 0x5f, 0x00, 0x5f, 0x00, 0x5f, 
	0x00, 0x5f, 0x00, 0x5f, 0x00, 0x5f, 0x00, 0x5f, 
	0x00, 0x5f, 0x00, 0x5f, 0x00, 0x5f, 0x00, 0x5f, 
	0x00, 0x5f, 0x00, 0x5f, 0x00, 0x5f, 0x00, 0x5f, 
	0x00, 0x5f, 0x00, 0x5f, 0x00, 0x5f, 0x00, 0x5f, 
	0x00, 0x5f, 0x00, 0x5f, 0x00, 0x5f, 0x00, 0x5f, 
	0x00, 0x5f, 0x00, 0x5f, 0x00, 0x5f, 0x00, 0x5f, 
	0x00, 0x5f, 0x00, 0x5f, 0x00, 0x5f, 0x00, 0x5f, 
	0x00, 0x5f, 0x00, 0x5f, 0x00, 0x5f, 0x00, 0x5f, 
	0x00, 0x5f, 0x00, 0x5f, 0x00, 0x5f, 0x00, 0x5f, 
	0x00, 0x5f, 0x00, 0x5f, 0x00, 0x5f, 0x00, 0x5f, 
	0x00, 0x5f, 0x00, 0x5f, 0x00, 0x5f, 0x00, 0x5f, 
	0x00, 0x5f, 0x00, 0x5f, 0x00, 0x5f, 0x00, 0x5f, 
	0x00, 0x5f, 0x00, 0x5f, 0x00, 0x5f, 0x00, 0x5f, 
	0x00, 0x5f, 0x00, 0x5f, 0x00, 0x5f, 0x00, 0x5f, 
	0x00, 0x5f, 0x00, 0x5f, 0x00, 0x5f, 0x00, 0x5f, 
	0x00, 0x5f, 0x00, 0x5f, 0x00, 0x5f, 0x00, 0x5f, 
	0x00, 0x5f, 0x00, 0x5f, 0x00, 0x5f, 0x00, 0x5f, 
	0x00, 0x5f, 0x00, 0x5f, 0x00, 0x5f, 0x00, 0x5f, 
	0x00, 0x5f, 0x00, 0x5f, 0x00, 0x5f, 0x00, 0x5f, 
	0x00, 0x5f, 0x00, 0x5f, 0x00, 0x5f, 0x00, 0x5f, 
	0x00, 0x5f, 0x00, 0x5f, 0x00, 0x5f, 0x00, 0x5f, 
	0x00, 0x5f, 0x00, 0x5f, 0x00, 0x5f, 0x00, 0x5f, 
	0x00, 0x5f, 0x00, 0x5f, 0x00, 0x5f, 0x00, 0x5f, 
	0x00, 0x5f, 0x00, 0x5f, 0x00, 0x5f, 0x00, 0x5f, 
	0x00, 0x5f, 0x00, 0x5f, 0x00, 0x5f, 0x00, 0x5f, 
	0x00, 0x5f, 0x00, 0x5f, 0x00, 0x5f, 0x00, 0x5f, 
	0x00, 0x5f, 0x00, 0x5f, 0x00, 0x5f, 0x00, 0x5f, 
	0x00, 0x5f, 0x00, 0x5f, 0x00, 0x5f, 0x00, 0x5f, 
	0x00, 0x5f, 0x00, 0x5f, 0x00, 0x5f, 0x00, 0x5f, 
	0x00, 0x5f, 0x00, 0x5f, 0x00, 0x5f, 0x00, 0x5f, 
	0x00, 0x5f, 0x00, 0x5f, 0x00, 0x5f, 0x00, 0x5f, 
	0x00, 0x5f, 0x00, 0x5f, 0x00, 0x5f, 0x00, 0x5f, 
	0x00, 0x5f, 0x00, 0x5f, 0x00, 0x5f, 0x00, 0x5f, 
	0x00, 0x5f, 0x00, 0x5f, 0x00, 0x5f, 0x00, 0x5f, 
	0x00, 0x5f, 0x00, 0x5f, 0x00, 0x5f, 0x00, 0x5f, 
	0x00, 0x5f, 0x00, 0x5f, 0x00, 0x5f, 0x00, 0x5f, 
	0x00, 0x5f, 0x00, 0x5f, 0x00, 0x5f, 0x00, 0x5f, 
	0x00, 0x5f, 0x00, 0x5f, 0x00, 0x5f, 0x00, 0x5f, 
	0x00, 0x5f, 0x00, 0x5f, 0x00, 0x5f, 0x00, 0x5f, 
	0x00, 0x5f, 0x00, 0x5f, 0x00, 0x5f, 0x00, 0x5f, 
	0x00, 0x5f, 0x00, 0x5f, 0x00, 0x5f, 0x00, 0x5f, 
	0x00, 0x5f, 0x00, 0x5f, 0x00, 0x5f, 0x00, 0x5f, 
	0x00, 0x5f, 0x00, 0x5f, 0x00, 0x5f, 0x00, 0x5f, 
	0x00, 0x5f, 0x00, 0x5f, 0x00, 0x5f, 0x00, 0x5f, 
	0x00, 0x5f, 0x00, 0x5f, 0x00, 0x5f, 0x00, 0x5f, 
	0x00, 0x5f, 0x00, 0x5f, 0x00, 0x5f, 0x00, 0x5f, 
	0x00, 0x5f, 0x00, 0x5f, 0x00, 0x5f, 0x00, 0x5f, 
	0x00, 0x5f, 0x00, 0x5f, 0x00, 0x5f, 0x00, 0x5f, 
	0x00, 0x5f, 0x00, 0x5f, 0x00, 0x5f, 0x00, 0x5f, 
	0x00, 0x5f, 0x00, 0x5f, 0x00, 0x5f, 0x00, 0x5f, 
	0x00, 0x5f, 0x00, 0x5f, 0x00, 0x5f, 0x00, 0x5f, 
	0x00, 0x5f, 0x00, 0x5f, 0x00, 0x5f, 0x00, 0x5f, 
	0x00, 0x5f, 0x00, 0x5f, 0x00, 0x5f, 0x00, 0x5f, 
	0x00, 0x5f, 0x00, 0x5f, 0x00, 0x5f, 0x00, 0x5f, 
	0x00, 0x5f, 0x00, 0x5f, 0x00, 0x5f, 0x00, 0x5f, 
	0x00, 0x5f, 0x00, 0x5f, 0x00, 0x5f, 0x00, 0x5f, 
	0x00, 0x5f, 0x00, 0x5f, 0x00, 0x5f, 0x00, 0x5f, 
	0x00, 0x5f, 0x00, 0x5f, 0x00, 0x5f, 0x00, 0x5f, 
	0x00, 0x5f, 0x00, 0x5f, 0x00, 0x5f, 0x00, 0x5f, 
	0x00, 0x5f, 0x00, 0x5f, 0x00, 0x5f, 0x00, 0x5f, 
	0x00, 0x5f, 0x00, 0x5f, 0x00, 0x5f, 0x00, 0x5f, 
	0x00, 0x5f, 0x00, 0x5f, 0x00, 0x5f, 0x00, 0x5f, 
	0x00, 0x5f, 0x00, 0x5f, 0x00, 0x5f, 0x00, 0x5f, 
	0x00, 0x5f, 0x00, 0x5f, 0x00, 0x5f, 0x00, 0x5f, 
	0x00, 0x5f, 0x00, 0x5f, 0x00, 0x5f, 0x00, 0x5f, 
	0x00, 0x5f, 0x00, 0x5f, 0x00, 0x5f, 0x00, 0x5f, 
	0x00, 0x5f, 0x00, 0x5f, 0x00, 0x5f, 0x00, 0x5f, 
	0x00, 0x5f, 0x00, 0x5f, 0x00, 0x5f, 0x00, 0x5f, 
	0x00, 0x5f, 0x00, 0x5f, 0x00, 0x5f, 0x00, 0x5f, 
	0x00, 0x5f, 0x00, 0x5f, 0x00, 0x5f, 0x00, 0x5f, 
	0x00, 0x5f, 0x00, 0x5f, 0x00, 0x5f, 0x00, 0x5f, 
	0x00, 0x5f, 0x00, 0x5f, 0x00, 0x5f, 0x00, 0x5f, 
	0x00, 0x5f, 0x00, 0x5f, 0x00, 0x5f, 0x00, 0x5f, 
	0x00, 0x5f, 0x00, 0x5f, 0x00, 0x5f, 0x00, 0x5f, 
	0x00, 0x5f, 0x00, 0x5f, 0x00, 0x5f, 0x00, 0x5f, 
	0x00, 0x5f, 0x00, 0x5f, 0x00, 0x5f, 0x00, 0x5f, 
	0x00, 0x5f, 0x00, 0x5f, 0x00, 0x5f, 0x00, 0x5f, 
	0x00, 0x5f, 0x00, 0x5f, 0x00, 0x5f, 0x00, 0x5f, 
	0x00, 0x5f, 0x00, 0x5f, 0x00, 0x5f, 0x00, 0x5f, 
	0x00, 0x5f, 0x00, 0x5f, 0x00, 0x5f, 0x00, 0x5f, 
	0x00, 0x5f, 0x00, 0x5f, 0x00, 0x5f, 0x00, 0x5f, 
	0x00, 0x5f, 0x00, 0x5f, 0x00, 0x5f, 0x00, 0x5f, 
	0x00, 0x5f, 0x00, 0x5f, 0x00, 0x5f, 0x00, 0x5f, 
	0x00, 0x5f, 0x00, 0x5f, 0x00, 0x5f, 0x00, 0x5f, 
	0x00, 0x5f, 0x00, 0x5f, 0x00, 0x5f, 0x00, 0x5f, 
	0x00, 0x5f, 0x00, 0x5f, 0x00, 0x5f, 0x00, 0x5f, 
	0x00, 0x5f, 0x00, 0x5f, 0x00, 0x5f, 0x00, 0x5f, 
	0x00, 0x5f, 0x00, 0x5f, 0x00, 0x5f, 0x00, 0x5f, 
	0x00, 0x5f, 0x00, 0x5f, 0x00, 0x5f, 0x00, 0x5f, 
	0x00, 0x5f, 0x00, 0x5f, 0x00, 0x5f, 0x00, 0x5f, 
	0x00, 0x5f, 0x00, 0x5f, 0x00, 0x5f, 0x00, 0x5f, 
	0x00, 0x5f, 0x00, 0x5f, 0x00, 0x5f, 0x00, 0x5f, 
	0x00, 0x5f, 0x00, 0x5f, 0x00, 0x5f, 0x00, 0x5f, 
	0x00, 0x5f, 0x00, 0x5f, 0x00, 0x5f, 0x00, 0x5f, 
	0x00, 0x5f, 0x00, 0x5f, 0x00, 0x5f, 0x00, 0x5f, 
	0x00, 0x5f, 0x00, 0x5f, 0x00, 0x5f, 0x00, 0x5f, 
	0x00, 0x5f, 0x00, 0x5f, 0x00, 0x5f, 0x00, 0x5f, 
	0x00, 0x5f, 0x00, 0x5f, 0x00, 0x5f, 0x00, 0x5f, 
	0x00, 0x5f, 0x00, 0x5f, 0x00, 0x5f, 0x00, 0x5f, 
	0x00, 0x5f, 0x00, 0x5f, 0x00, 0x5f, 0x00, 0x5f, 
	0x00, 0x5f, 0x00, 0x5f, 0x00, 0x5f, 0x00, 0x5f, 
	0x00, 0x5f, 0x00, 0x5f, 0x00, 0x5f, 0x00, 0x5f, 
	0x00, 0x5f, 0x00, 0x5f, 0x00, 0x5f, 0x00, 0x5f, 
	0x00, 0x5f, 0x00, 0x5f, 0x00, 0x5f, 0x00, 0x5f, 
	0x00, 0x5f, 0x00, 0x5f, 0x00, 0x5f, 0x00, 0x5f, 
	0x00, 0x5f, 0x00, 0x5f, 0x00, 0x5f, 0x00, 0x5f, 
	0x00, 0x5f, 0x00, 0x5f, 0x00, 0x5f, 0x00, 0x5f, 
	0x00, 0x5f, 0x00, 0x5f, 0x00, 0x5f, 0x00, 0x5f, 
	0x00, 0x5f, 0x00, 0x5f, 0x00, 0x5f, 0x00, 0x5f, 
	0x00, 0x5f, 0x00, 0x5f, 0x00, 0x5f, 0x00, 0x5f, 
	0x00, 0x5f, 0x00, 0x5f, 0x00, 0x5f, 0x00, 0x5f, 
	0x00, 0x5f, 0x00, 0x5f, 0x00, 0x5f, 0x00, 0x5f, 
	0x00, 0x5f, 0x00, 0x5f, 0x00, 0x5f, 0x00, 0x5f, 
	0x00, 0x5f, 0x00, 0x5f, 0x00, 0x5f, 0x00, 0x5f, 
	0x00, 0x5f, 0x00, 0x5f, 0x00, 0x5f, 0x00, 0x5f, 
	0x00, 0x5f, 0x00, 0x5f, 0x00, 0x5f, 0x00, 0x5f, 
	0x00, 0x5f, 0x00, 0x5f, 0x00, 0x5f, 0x00, 0x5f, 
	0x00, 0x5f, 0x00, 0x5f, 0x00, 0x5f, 0x00, 0x5f, 
	0x00, 0x5f, 0x00, 0x5f, 0x00, 0x5f, 0x00, 0x5f, 
	0x00, 0x5f, 0x00, 0x5f, 0x00, 0x5f, 0x00, 0x5f, 
	0x00, 0x5f, 0x00, 0x5f, 0x00, 0x5f, 0x00, 0x5f, 
	0x00, 0x5f, 0x00, 0x5f, 0x00, 0x5f, 0x00, 0x5f, 
	0x00, 0x5f, 0x00, 0x5f, 0x00, 0x5f, 0x00, 0x5f, 
	0x00, 0x5f, 0x00, 0x5f, 0x00, 0x5f, 0x00, 0x5f, 
	0x00, 0x5f, 0x00, 0x5f, 0x00, 0x5f, 0x00, 0x5f, 
	0x00, 0x5f, 0x00, 0x5f, 0x00, 0x5f, 0x00, 0x5f, 
	0x00, 0x5f, 0x00, 0x5f, 0x00, 0x5f, 0x00, 0x5f, 
	0x00, 0x5f, 0x00, 0x5f, 0x00, 0x5f, 0x00, 0x5f, 
	0x00, 0x5f, 0x00, 0x5f, 0x00, 0x5f, 0x00, 0x5f, 
	0x00, 0x5f, 0x00, 0x5f, 0x00, 0x5f, 0x00, 0x5f, 
	0x00, 0x5f, 0x00, 0x5f, 0x00, 0x5f, 0x00, 0x5f, 
	0x00, 0x5f, 0x00, 0x5f, 0x00, 0x5f, 0x00, 0x5f, 
	0x00, 0x5f, 0x00, 0x5f, 0x00, 0x5f, 0x00, 0x5f, 
	0x00, 0x5f, 0x00, 0x5f, 0x00, 0x5f, 0x00, 0x5f, 
	0x00, 0x5f, 0x00, 0x5f, 0x00, 0x5f, 0x00, 0x5f, 
	0x00, 0x5f, 0x00, 0x5f, 0x00, 0x5f, 0x00, 0x5f, 
	0x00, 0x5f, 0x00, 0x5f, 0x00, 0x5f, 0x00, 0x5f, 
	0x00, 0x5f, 0x00, 0x5f, 0x00, 0x5f, 0x00, 0x5f, 
	0x00, 0x5f, 0x00, 0x5f, 0x00, 0x5f, 0x00, 0x5f, 
	0x00, 0x5f, 0x00, 0x5f, 0x00, 0x5f, 0x00, 0x5f, 
	0x00, 0x5f, 0x00, 0x5f, 0x00, 0x5f, 0x00, 0x5f, 
	0x00, 0x5f, 0x00, 0x5f, 0x00, 0x5f, 0x00, 0x5f, 
	0x00, 0x5f, 0x00, 0x5f, 0x00, 0x5f, 0x00, 0x5f, 
	0x00, 0x5f, 0x00, 0x5f, 0x00, 0x5f, 0x00, 0x5f, 
	0x00, 0x5f, 0x00, 0x5f, 0x00, 0x5f, 0x00, 0x5f, 
	0x00, 0x5f, 0x00, 0x5f, 0x00, 0x5f, 0x00, 0x5f, 
	0x00, 0x5f, 0x00, 0x5f, 0x00, 0x5f, 0x00, 0x5f, 
	0x00, 0x5f, 0x00, 0x5f, 0x00, 0x5f, 0x00, 0x5f, 
	0x00, 0x5f, 0x00, 0x5f, 0x00, 0x5f, 0x00, 0x5f, 
	0x00, 0x5f, 0x00, 0x5f, 0x00, 0x5f, 0x00, 0x5f, 
	0x00, 0x5f, 0x00, 0x5f, 0x00, 0x5f, 0x00, 0x5f, 
	0x00, 0x5f, 0x00, 0x5f, 0x00, 0x5f, 0x00, 0x5f, 
	0x00, 0x5f, 0x00, 0x5f, 0x00, 0x5f, 0x00, 0x5f, 
	0x00, 0x5f, 0x00, 0x5f, 0x00, 0x5f, 0x00, 0x5f, 
	0x00, 0x5f, 0x00, 0x5f, 0x00, 0x5f, 0x00, 0x5f, 
	0x00, 0x5f, 0x00, 0x5f, 0x00, 0x5f, 0x00, 0x5f, 
	0x00, 0x5f, 0x00, 0x5f, 0x00, 0x5f, 0x00, 0x5f, 
	0x00, 0x5f, 0x00, 0x5f, 0x00, 0x5f, 0x00, 0x5f, 
	0x00, 0x5f, 0x00, 0x5f, 0x00, 0x5f, 0x00, 0x5f, 
	0x00, 0x5f, 0x00, 0x5f, 0x00, 0x5f, 0x00, 0x5f, 
	0x00, 0x5f, 0x00, 0x5f, 0x00, 0x5f, 0x00, 0x5f, 
	0x00, 0x5f, 0x00, 0x5f, 0x00, 0x5f, 0x00, 0x5f, 
	0x00, 0x5f, 0x00, 0x5f, 0x00, 0x5f, 0x00, 0x5f, 
	0x00, 0x5f, 0x00, 0x5f, 0x00, 0x5f, 0x00, 0x5f, 
	0x00, 0x5f, 0x00, 0x5f, 0x00, 0x5f, 0x00, 0x5f, 
	0x00, 0x5f, 0x00, 0x5f, 0x00, 0x5f, 0x00, 0x5f, 
	0x00, 0x5f, 0x00, 0x5f, 0x00, 0x5f, 0x00, 0x5f, 
	0x00, 0x5f, 0x00, 0x5f, 0x00, 0x5f, 0x00, 0x5f, 
	0x00, 0x5f, 0x00, 0x5f, 0x00, 0x5f, 0x00, 0x5f, 
	0x00, 0x5f, 0x00, 0x5f, 0x00, 0x5f, 0x00, 0x5f, 
	0x00, 0x5f, 0x00, 0x5f, 0x00, 0x5f, 0x00, 0x5f, 
	0x00, 0x5f, 0x00, 0x5f, 0x00, 0x5f, 0x00, 0x5f, 
	0x00, 0x5f, 0x00, 0x5f, 0x00, 0x5f, 0x00, 0x5f, 
	0x00, 0x5f, 0x00, 0x5f, 0x00, 0x5f, 0x00, 0x5f, 
	0x00, 0x5f, 0x00, 0x5f, 0x00, 0x5f, 0x00, 0x5f, 
	0x00, 0x5f, 0x00, 0x5f, 0x00, 0x5f, 0x00, 0x5f, 
	0x00, 0x5f, 0x00, 0x5f, 0x00, 0x5f, 0x00, 0x5f, 
	0x00, 0x5f, 0x00, 0x5f, 0x00, 0x5f, 0x00, 0x5f, 
	0x00, 0x5f, 0x00, 0x5f, 0x00, 0x5f, 0x00, 0x5f, 
	0x00, 0x5f, 0x00, 0x5f, 0x00, 0x5f, 0x00, 0x5f, 
	0x00, 0x5f, 0x00, 0x5f, 0x00, 0x5f, 0x00, 0x5f, 
	0x00, 0x5f, 0x00, 0x5f, 0x00, 0x5f, 0x00, 0x5f, 
	0x00, 0x5f, 0x00, 0x5f, 0x00, 0x5f, 0x00, 0x5f, 
	0x00, 0x5f, 0x00, 0x5f, 0x00, 0x5f, 0x00, 0x5f, 
	0x00, 0x5f, 0x00, 0x5f, 0x00, 0x5f, 0x00, 0x5f, 
	0x00, 0x5f, 0x00, 0x5f, 0x00, 0x5f, 0x00, 0x5f, 
	0x00, 0x5f, 0x00, 0x5f, 0x00, 0x5f, 0x00, 0x5f, 
	0x00, 0x5f, 0x00, 0x5f, 0x00, 0x5f, 0x00, 0x5f, 
	0x00, 0x5f, 0x00, 0x5f, 0x00, 0x5f, 0x00, 0x5f, 
	0x00, 0x5f, 0x00, 0x5f, 0x00, 0x5f, 0x00, 0x5f, 
	0x00, 0x5f, 0x00, 0x5f, 0x00, 0x5f, 0x00, 0x5f, 
	0x00, 0x5f, 0x00, 0x5f, 0x00, 0x5f, 0x00, 0x5f, 
	0x00, 0x5f, 0x00, 0x5f, 0x00, 0x5f, 0x00, 0x5f, 
	0x00, 0x5f, 0x00, 0x5f, 0x00, 0x5f, 0x00, 0x5f, 
	0x00, 0x5f, 0x00, 0x5f, 0x00, 0x5f, 0x00, 0x5f, 
	0x00, 0x5f, 0x00, 0x5f, 0x00, 0x5f, 0x00, 0x5f, 
	0x00, 0x5f, 0x00, 0x5f, 0x00, 0x5f, 0x00, 0x5f, 
	0x00, 0x5f, 0x00, 0x5f, 0x00, 0x5f, 0x00, 0x5f, 
	0x00, 0x5f, 0x00, 0x5f, 0x00, 0x5f, 0x00, 0x5f, 
	0x00, 0x5f, 0x00, 0x5f, 0x00, 0x5f, 0x00, 0x5f, 
	0x00, 0x5f, 0x00, 0x5f, 0x00, 0x5f, 0x00, 0x5f, 
	0x00, 0x5f, 0x00, 0x5f, 0x00, 0x5f, 0x00, 0x5f, 
	0x00, 0x5f, 0x00, 0x5f, 0x00, 0x5f, 0x00, 0x5f, 
	0x00, 0x5f, 0x00, 0x5f, 0x00, 0x5f, 0x00, 0x5f, 
	0x00, 0x5f, 0x00, 0x5f, 0x00, 0x5f, 0x00, 0x5f, 
	0x00, 0x5f, 0x00, 0x5f, 0x00, 0x5f, 0x00, 0x5f, 
	0x00, 0x5f, 0x00, 0x5f, 0x00, 0x5f, 0x00, 0x5f, 
	0x00, 0x5f, 0x00, 0x5f, 0x00, 0x5f, 0x00, 0x5f, 
	0x00, 0x5f, 0x00, 0x5f, 0x00, 0x5f, 0x00, 0x5f, 
	0x00, 0x5f, 0x00, 0x5f, 0x00, 0x5f, 0x00, 0x5f, 
	0x00, 0x5f, 0x00, 0x5f, 0x00, 0x5f, 0x00, 0x5f, 
	0x00, 0x5f, 0x00, 0x5f, 0x00, 0x5f, 0x00, 0x5f, 
	0x00, 0x5f, 0x00, 0x5f, 0x00, 0x5f, 0x00, 0x5f, 
	0x00, 0x5f, 0x00, 0x5f, 0x00, 0x5f, 0x00, 0x5f, 
	0x00, 0x5f, 0x00, 0x5f, 0x00, 0x5f, 0x00, 0x5f, 
	0x00, 0x5f, 0x00, 0x5f, 0x00, 0x5f, 0x00, 0x5f, 
	0x00, 0x5f, 0x00, 0x5f, 0x00, 0x5f, 0x00, 0x5f, 
	0x00, 0x5f, 0x00, 0x5f, 0x00, 0x5f, 0x00, 0x5f, 
	0x00, 0x5f, 0x00, 0x5f, 0x00, 0x5f, 0x00, 0x5f, 
	0x00, 0x5f, 0x00, 0x5f, 0x00, 0x5f, 0x00, 0x5f, 
	0x00, 0x5f, 0x00, 0x5f, 0x00, 0x5f, 0x00, 0x5f, 
	0x00, 0x5f, 0x00, 0x5f, 0x00, 0x5f, 0x00, 0x5f, 
	0x00, 0x5f, 0x00, 0x5f, 0x00, 0x5f, 0x00, 0x5f, 
	0x00, 0x5f, 0x00, 0x5f, 0x00, 0x5f, 0x00, 0x5f, 
	0x00, 0x5f, 0x00, 0x5f, 0x00, 0x5f, 0x00, 0x5f, 
	0x00, 0x5f, 0x00, 0x5f, 0x00, 0x5f, 0x00, 0x5f, 
	0x00, 0x5f, 0x00, 0x5f, 0x00, 0x5f, 0x00, 0x5f, 
	0x00, 0x5f, 0x00, 0x5f, 0x00, 0x5f, 0x00, 0x5f, 
	0x00, 0x5f, 0x00, 0x5f, 0x00, 0x5f, 0x00, 0x5f, 
	0x00, 0x5f, 0x00, 0x5f, 0x00, 0x5f, 0x00, 0x5f, 
	0x00, 0x5f, 0x00, 0x5f, 0x00, 0x5f, 0x00, 0x5f, 
	0x00, 0x5f, 0x00, 0x5f, 0x00, 0x5f, 0x00, 0x5f, 
	0x00, 0x5f, 0x00, 0x5f, 0x00, 0x5f, 0x00, 0x5f, 
	0x00, 0x5f, 0x00, 0x5f, 0x00, 0x5f, 0x00, 0x5f, 
	0x00, 0x5f, 0x00, 0x5f, 0x00, 0x5f, 0x00, 0x5f, 
	0x00, 0x5f, 0x00, 0x5f, 0x00, 0x5f, 0x00, 0x5f, 
	0x00, 0x5f, 0x00, 0x5f, 0x00, 0x5f, 0x00, 0x5f, 
	0x00, 0x5f, 0x00, 0x5f, 0x00, 0x5f, 0x00, 0x5f, 
	0x00, 0x5f, 0x00, 0x5f, 0x00, 0x5f, 0x00, 0x5f, 
	0x00, 0x5f, 0x00, 0x5f, 0x00, 0x5f, 0x00, 0x5f, 
	0x00, 0x5f, 0x00, 0x5f, 0x00, 0x5f, 0x00, 0x5f, 
	0x00, 0x5f, 0x00, 0x5f, 0x00, 0x5f, 0x00, 0x5f, 
	0x00, 0x5f, 0x00, 0x5f, 0x00, 0x5f, 0x00, 0x5f, 
	0x00, 0x5f, 0x00, 0x5f, 0x00, 0x5f, 0x00, 0x5f, 
	0x00, 0x5f, 0x00, 0x5f, 0x00, 0x5f, 0x00, 0x5f, 
	0x00, 0x5f, 0x00, 0x5f, 0x00, 0x5f, 0x00, 0x5f, 
	0x00, 0x5f, 0x00, 0x5f, 0x00, 0x5f, 0x00, 0x5f, 
	0x00, 0x5f, 0x00, 0x5f, 0x00, 0x5f, 0x00, 0x5f, 
	0x00, 0x5f, 0x00, 0x5f, 0x00, 0x5f, 0x00, 0x5f, 
	0x00, 0x5f, 0x00, 0x5f, 0x00, 0x5f, 0x00, 0x5f, 
	0x00, 0x5f, 0x00, 0x5f, 0x00, 0x5f, 0x00, 0x5f, 
	0x00, 0x5f, 0x00, 0x5f, 0x00, 0x5f, 0x00, 0x5f, 
	0x00, 0x5f, 0x00, 0x5f, 0x00, 0x5f, 0x00, 0x5f, 
	0x00, 0x5f, 0x00, 0x5f, 0x00, 0x5f, 0x00, 0x5f, 
	0x00, 0x5f, 0x00, 0x5f, 0x00, 0x5f, 0x00, 0x5f, 
	0x00, 0x5f, 0x00, 0x5f, 0x00, 0x5f, 0x00, 0x5f, 
	0x00, 0x5f, 0x00, 0x5f, 0x00, 0x5f, 0x00, 0x5f, 
	0x00, 0x5f, 0x00, 0x5f, 0x00, 0x5f, 0x00, 0x5f, 
	0x00, 0x5f, 0x00, 0x5f, 0x00, 0x5f, 0x00, 0x5f, 
	0x00, 0x5f, 0x00, 0x5f, 0x00, 0x5f, 0x00, 0x5f, 
	0x00, 0x5f, 0x00, 0x5f, 0x00, 0x5f, 0x00, 0x5f, 
	0x00, 0x5f, 0x00, 0x5f, 0x00, 0x5f, 0x00, 0x5f, 
	0x00, 0x5f, 0x00, 0x5f, 0x00, 0x5f, 0x00, 0x5f, 
	0x00, 0x5f, 0x00, 0x5f, 0x00, 0x5f, 0x00, 0x5f, 
	0x00, 0x5f, 0x00, 0x5f, 0x00, 0x5f, 0x00, 0x5f, 
	0x00, 0x5f, 0x00, 0x5f, 0x00, 0x5f, 0x00, 0x5f, 
	0x00, 0x5f, 0x00, 0x5f, 0x00, 0x5f, 0x00, 0x5f, 
	0x00, 0x5f, 0x00, 0x5f, 0x00, 0x5f, 0x00, 0x5f, 
	0x00, 0x5f, 0x00, 0x5f, 0x00, 0x5f, 0x00, 0x5f, 
	0x00, 0x5f, 0x00, 0x5f, 0x00, 0x5f, 0x00, 0x5f, 
	0x00, 0x5f, 0x00, 0x5f, 0x00, 0x5f, 0x00, 0x5f, 
	0x00, 0x5f, 0x00, 0x5f, 0x00, 0x5f, 0x00, 0x5f, 
	0x00, 0x5f, 0x00, 0x5f, 0x00, 0x5f, 0x00, 0x5f, 
	0x00, 0x5f, 0x00, 0x5f, 0x00, 0x5f, 0x00, 0x5f, 
	0x00, 0x5f, 0x00, 0x5f, 0x00, 0x5f, 0x00, 0x5f, 
	0x00, 0x5f, 0x00, 0x5f, 0x00, 0x5f, 0x00, 0x5f, 
	0x00, 0x5f, 0x00, 0x5f, 0x00, 0x5f, 0x00, 0x5f, 
	0x00, 0x5f, 0x00, 0x5f, 0x00, 0x5f, 0x00, 0x5f, 
	0x00, 0x5f, 0x00, 0x5f, 0x00, 0x5f, 0x00, 0x5f, 
	0x00, 0x5f, 0x00, 0x5f, 0x00, 0x5f, 0x00, 0x5f, 
	0x00, 0x5f, 0x00, 0x5f, 0x00, 0x5f, 0x00, 0x5f, 
	0x00, 0x5f, 0x00, 0x5f, 0x00, 0x5f, 0x00, 0x5f, 
	0x00, 0x5f, 0x00, 0x5f, 0x00, 0x5f, 0x00, 0x5f, 
	0x00, 0x5f, 0x00, 0x5f, 0x00, 0x5f, 0x00, 0x5f, 
	0x00, 0x5f, 0x00, 0x5f, 0x00, 0x5f, 0x00, 0x5f, 
	0x00, 0x5f, 0x00, 0x5f, 0x00, 0x5f, 0x00, 0x5f, 
	0x00, 0x5f, 0x00, 0x5f, 0x00, 0x5f, 0x00, 0x5f, 
	0x00, 0x5f, 0x00, 0x5f, 0x00, 0x5f, 0x00, 0x5f, 
	0x00, 0x5f, 0x00, 0x5f, 0x00, 0x5f, 0x00, 0x5f, 
	0x00, 0x5f, 0x00, 0x5f, 0x00, 0x5f, 0x00, 0x5f, 
	0x00, 0x5f, 0x00, 0x5f, 0x00, 0x5f, 0x00, 0x5f, 
	0x00, 0x5f, 0x00, 0x5f, 0x00, 0x5f, 0x00, 0x5f, 
	0x00, 0x5f, 0x00, 0x5f, 0x00, 0x5f, 0x00, 0x5f, 
	0x00, 0x5f, 0x00, 0x5f, 0x00, 0x5f, 0x00, 0x5f, 
	0x00, 0x5f, 0x00, 0x5f, 0x00, 0x5f, 0x00, 0x5f, 
	0x00, 0x5f, 0x00, 0x5f, 0x00, 0x5f, 0x00, 0x5f, 
	0x00, 0x5f, 0x00, 0x5f, 0x00, 0x5f, 0x00, 0x5f, 
	0x00, 0x5f, 0x00, 0x5f, 0x00, 0x5f, 0x00, 0x5f, 
	0x00, 0x5f, 0x00, 0x5f, 0x00, 0x5f, 0x00, 0x5f, 
	0x00, 0x5f, 0x00, 0x5f, 0x00, 0x5f, 0x00, 0x5f, 
	0x00, 0x5f, 0x00, 0x5f, 0x00, 0x5f, 0x00, 0x5f, 
	0x00, 0x5f, 0x00, 0x5f, 0x00, 0x5f, 0x00, 0x5f, 
	0x00, 0x5f, 0x00, 0x5f, 0x00, 0x5f, 0x00, 0x5f, 
	0x00, 0x5f, 0x00, 0x5f, 0x00, 0x5f, 0x00, 0x5f, 
	0x00, 0x5f, 0x00, 0x5f, 0x00, 0x5f, 0x00, 0x5f, 
	0x00, 0x5f, 0x00, 0x5f, 0x00, 0x5f, 0x00, 0x5f, 
	0x00, 0x5f, 0x00, 0x5f, 0x00, 0x5f, 0x00, 0x5f, 
	0x00, 0x5f, 0x00, 0x5f, 0x00, 0x5f, 0x00, 0x5f, 
	0x00, 0x5f, 0x00, 0x5f, 0x00, 0x5f, 0x00, 0x5f, 
	0x00, 0x5f, 0x00, 0x5f, 0x00, 0x5f, 0x00, 0x5f, 
	0x00, 0x5f, 0x00, 0x5f, 0x00, 0x5f, 0x00, 0x5f, 
	0x00, 0x5f, 0x00, 0x5f, 0x00, 0x5f, 0x00, 0x5f, 
	0x00, 0x5f, 0x00, 0x5f, 0x00, 0x5f, 0x00, 0x5f, 
	0x00, 0x5f, 0x00, 0x5f, 0x00, 0x5f, 0x00, 0x5f, 
	0x00, 0x5f, 0x00, 0x5f, 0x00, 0x5f, 0x00, 0x5f, 
	0x00, 0x5f, 0x00, 0x5f, 0x00, 0x5f, 0x00, 0x5f, 
	0x00, 0x5f, 0x00, 0x5f, 0x00, 0x5f, 0x00, 0x5f, 
	0x00, 0x5f, 0x00, 0x5f, 0x00, 0x5f, 0x00, 0x5f, 
	0x00, 0x5f, 0x00, 0x5f, 0x00, 0x5f, 0x00, 0x5f, 
	0x00, 0x5f, 0x00, 0x5f, 0x00, 0x5f, 0x00, 0x5f, 
	0x00, 0x5f, 0x00, 0x5f, 0x00, 0x5f, 0x00, 0x5f, 
	0x00, 0x5f, 0x00, 0x5f, 0x00, 0x5f, 0x00, 0x5f, 
	0x00, 0x5f, 0x00, 0x5f, 0x00, 0x5f, 0x00, 0x5f, 
	0x00, 0x5f, 0x00, 0x5f, 0x00, 0x5f, 0x00, 0x5f, 
	0x00, 0x5f, 0x00, 0x5f, 0x00, 0x5f, 0x00, 0x5f, 
	0x00, 0x5f, 0x00, 0x5f, 0x00, 0x5f, 0x00, 0x5f, 
	0x00, 0x5f, 0x00, 0x5f, 0x00, 0x5f, 0x00, 0x5f, 
	0x00, 0x5f, 0x00, 0x5f, 0x00, 0x5f, 0x00, 0x5f, 
	0x00, 0x5f, 0x00, 0x5f, 0x00, 0x5f, 0x00, 0x5f, 
	0x00, 0x5f, 0x00, 0x5f, 0x00, 0x5f, 0x00, 0x5f, 
	0x00, 0x5f, 0x00, 0x5f, 0x00, 0x5f, 0x00, 0x5f, 
	0x00, 0x5f, 0x00, 0x5f, 0x00, 0x5f, 0x00, 0x5f, 
	0x00, 0x5f, 0x00, 0x5f, 0x00, 0x5f, 0x00, 0x5f, 
	0x00, 0x5f, 0x00, 0x5f, 0x00, 0x5f, 0x00, 0x5f, 
	0x00, 0x5f, 0x00, 0x5f, 0x00, 0x5f, 0x00, 0x5f, 
	0x00, 0x5f, 0x00, 0x5f, 0x00, 0x5f, 0x00, 0x5f, 
	0x00, 0x5f, 0x00, 0x5f, 0x00, 0x5f, 0x00, 0x5f, 
	0x00, 0x5f, 0x00, 0x5f, 0x00, 0x5f, 0x00, 0x5f, 
	0x00, 0x5f, 0x00, 0x5f, 0x00, 0x5f, 0x00, 0x5f, 
	0x00, 0x5f, 0x00, 0x5f, 0x00, 0x5f, 0x00, 0x5f, 
	0x00, 0x5f, 0x00, 0x5f, 0x00, 0x5f, 0x00, 0x5f, 
	0x00, 0x5f, 0x00, 0x5f, 0x00, 0x5f, 0x00, 0x5f, 
	0x00, 0x5f, 0x00, 0x5f, 0x00, 0x5f, 0x00, 0x5f, 
	0x00, 0x5f, 0x00, 0x5f, 0x00, 0x5f, 0x00, 0x5f, 
	0x00, 0x5f, 0x00, 0x5f, 0x00, 0x5f, 0x00, 0x5f, 
	0x00, 0x5f, 0x00, 0x5f, 0x00, 0x5f, 0x00, 0x5f, 
	0x00, 0x5f, 0x00, 0x5f, 0x00, 0x5f, 0x00, 0x5f, 
	0x00, 0x5f, 0x00, 0x5f, 0x00, 0x5f, 0x00, 0x5f, 
	0x00, 0x5f, 0x00, 0x5f, 0x00, 0x5f, 0x00, 0x5f, 
	0x00, 0x5f, 0x00, 0x5f, 0x00, 0x5f, 0x00, 0x5f, 
	0x00, 0x5f, 0x00, 0x5f, 0x00, 0x5f, 0x00, 0x5f, 
	0x00, 0x5f, 0x00, 0x5f, 0x00, 0x5f, 0x00, 0x5f, 
	0x00, 0x5f, 0x00, 0x5f, 0x00, 0x5f, 0x00, 0x5f, 
	0x00, 0x5f, 0x00, 0x5f, 0x00, 0x5f, 0x00, 0x5f, 
	0x00, 0x5f, 0x00, 0x5f, 0x00, 0x5f, 0x00, 0x5f, 
	0x00, 0x5f, 0x00, 0x5f, 0x00, 0x5f, 0x00, 0x5f, 
	0x00, 0x5f, 0x00, 0x5f, 0x00, 0x5f, 0x00, 0x5f, 
	0x00, 0x5f, 0x00, 0x5f, 0x00, 0x5f, 0x00, 0x5f, 
	0x00, 0x5f, 0x00, 0x5f, 0x00, 0x5f, 0x00, 0x5f, 
	0x00, 0x5f, 0x00, 0x5f, 0x00, 0x5f, 0x00, 0x5f, 
	0x00, 0x5f, 0x00, 0x5f, 0x00, 0x5f, 0x00, 0x5f, 
	0x00, 0x5f, 0x00, 0x5f, 0x00, 0x5f, 0x00, 0x5f, 
	0x00, 0x5f, 0x00, 0x5f, 0x00, 0x5f, 0x00, 0x5f, 
	0x00, 0x5f, 0x00, 0x5f, 0x00, 0x5f, 0x00, 0x5f, 
	0x00, 0x5f, 0x00, 0x5f, 0x00, 0x5f, 0x00, 0x5f, 
	0x00, 0x5f, 0x00, 0x5f, 0x00, 0x5f, 0x00, 0x5f, 
	0x00, 0x5f, 0x00, 0x5f, 0x00, 0x5f, 0x00, 0x5f, 
	0x00, 0x5f, 0x00, 0x5f, 0x00, 0x5f, 0x00, 0x5f, 
	0x00, 0x5f, 0x00, 0x5f, 0x00, 0x5f, 0x00, 0x5f, 
	0x00, 0x5f, 0x00, 0x5f, 0x00, 0x5f, 0x00, 0x5f, 
	0x00, 0x5f, 0x00, 0x5f, 0x00, 0x5f, 0x00, 0x5f, 
	0x00, 0x5f, 0x00, 0x5f, 0x00, 0x5f, 0x00, 0x5f, 
	0x00, 0x5f, 0x00, 0x5f, 0x00, 0x5f, 0x00, 0x5f, 
	0x00, 0x5f, 0x00, 0x5f, 0x00, 0x5f, 0x00, 0x5f, 
	0x00, 0x5f, 0x00, 0x5f, 0x00, 0x5f, 0x00, 0x5f, 
	0x00, 0x5f, 0x00, 0x5f, 0x00, 0x5f, 0x00, 0x5f, 
	0x00, 0x5f, 0x00, 0x5f, 0x00, 0x5f, 0x00, 0x5f, 
	0x00, 0x5f, 0x00, 0x5f, 0x00, 0x5f, 0x00, 0x5f, 
	0x00, 0x5f, 0x00, 0x5f, 0x00, 0x5f, 0x00, 0x5f, 
	0x00, 0x5f, 0x00, 0x5f, 0x00, 0x5f, 0x00, 0x5f, 
	0x00, 0x5f, 0x00, 0x5f, 0x00, 0x5f, 0x00, 0x5f, 
	0x00, 0x5f, 0x00, 0x5f, 0x00, 0x5f, 0x00, 0x5f, 
	0x00, 0x5f, 0x00, 0x5f, 0x00, 0x5f, 0x00, 0x5f, 
	0x00, 0x5f, 0x00, 0x5f, 0x00, 0x5f, 0x00, 0x5f, 
	0x00, 0x5f, 0x00, 0x5f, 0x00, 0x5f, 0x00, 0x5f, 
	0x00, 0x5f, 0x00, 0x5f, 0x00, 0x5f, 0x00, 0x5f, 
	0x00, 0x5f, 0x00, 0x5f, 0x00, 0x5f, 0x00, 0x5f, 
	0x00, 0x5f, 0x00, 0x5f, 0x00, 0x5f, 0x00, 0x5f, 
	0x00, 0x5f, 0x00, 0x5f, 0x00, 0x5f, 0x00, 0x5f, 
	0x00, 0x5f, 0x00, 0x5f, 0x00, 0x5f, 0x00, 0x5f, 
	0x00, 0x5f, 0x00, 0x5f, 0x00, 0x5f, 0x00, 0x5f, 
	0x00, 0x5f, 0x00, 0x5f, 0x00, 0x5f, 0x00, 0x5f, 
	0x00, 0x5f, 0x00, 0x5f, 0x00, 0x5f, 0x00, 0x5f, 
	0x00, 0x5f, 0x00, 0x5f, 0x00, 0x5f, 0x00, 0x5f, 
	0x00, 0x5f, 0x00, 0x5f, 0x00, 0x5f, 0x00, 0x5f, 
	0x00, 0x5f, 0x00, 0x5f, 0x00, 0x5f, 0x00, 0x5f, 
	0x00, 0x5f, 0x00, 0x5f, 0x00, 0x5f, 0x00, 0x5f, 
	0x00, 0x5f, 0x00, 0x5f, 0x00, 0x5f, 0x00, 0x5f, 
	0x00, 0x5f, 0x00, 0x5f, 0x00, 0x5f, 0x00, 0x5f, 
	0x00, 0x5f, 0x00, 0x5f, 0x00, 0x5f, 0x00, 0x5f, 
	0x00, 0x5f, 0x00, 0x5f, 0x00, 0x5f, 0x00, 0x5f, 
	0x00, 0x5f, 0x00, 0x5f, 0x00, 0x5f, 0x00, 0x5f, 
	0x00, 0x5f, 0x00, 0x5f, 0x00, 0x5f, 0x00, 0x5f, 
	0x00, 0x5f, 0x00, 0x5f, 0x00, 0x5f, 0x00, 0x5f, 
	0x00, 0x5f, 0x00, 0x5f, 0x00, 0x5f, 0x00, 0x5f, 
	0x00, 0x5f, 0x00, 0x5f, 0x00, 0x5f, 0x00, 0x5f, 
	0x00, 0x5f, 0x00, 0x5f, 0x00, 0x5f, 0x00, 0x5f, 
	0x00, 0x5f, 0x00, 0x5f, 0x00, 0x5f, 0x00, 0x5f, 
	0x00, 0x5f, 0x00, 0x5f, 0x00, 0x5f, 0x00, 0x5f, 
	0x00, 0x5f, 0x00, 0x5f, 0x00, 0x5f, 0x00, 0x5f, 
	0x00, 0x5f, 0x00, 0x5f, 0x00, 0x5f, 0x00, 0x5f, 
	0x00, 0x5f, 0x00, 0x5f, 0x00, 0x5f, 0x00, 0x5f, 
	0x00, 0x5f, 0x00, 0x5f, 0x00, 0x5f, 0x00, 0x5f, 
	0x00, 0x5f, 0x00, 0x5f, 0x00, 0x5f, 0x00, 0x5f, 
	0x00, 0x5f, 0x00, 0x5f, 0x00, 0x5f, 0x00, 0x5f, 
	0x00, 0x5f, 0x00, 0x5f, 0x00, 0x5f, 0x00, 0x5f, 
	0x00, 0x5f, 0x00, 0x5f, 0x00, 0x5f, 0x00, 0x5f, 
	0x00, 0x5f, 0x00, 0x5f, 0x00, 0x5f, 0x00, 0x5f, 
	0x00, 0x5f, 0x00, 0x5f, 0x00, 0x5f, 0x00, 0x5f, 
	0x00, 0x5f, 0x00, 0x5f, 0x00, 0x5f, 0x00, 0x5f, 
	0x00, 0x5f, 0x00, 0x5f, 0x00, 0x5f, 0x00, 0x5f, 
	0x00, 0x5f, 0x00, 0x5f, 0x00, 0x5f, 0x00, 0x5f, 
	0x00, 0x5f, 0x00, 0x5f, 0x00, 0x5f, 0x00, 0x5f, 
	0x00, 0x5f, 0x00, 0x5f, 0x00, 0x5f, 0x00, 0x5f, 
	0x00, 0x5f, 0x00, 0x5f, 0x00, 0x5f, 0x00, 0x5f, 
	0x00, 0x5f, 0x00, 0x5f, 0x00, 0x5f, 0x00, 0x5f, 
	0x00, 0x5f, 0x00, 0x5f, 0x00, 0x5f, 0x00, 0x5f, 
	0x00, 0x5f, 0x00, 0x5f, 0x00, 0x5f, 0x00, 0x5f, 
	0x00, 0x5f, 0x00, 0x5f, 0x00, 0x5f, 0x00, 0x5f, 
	0x00, 0x5f, 0x00, 0x5f, 0x00, 0x5f, 0x00, 0x5f, 
	0x00, 0x5f, 0x00, 0x5f, 0x00, 0x5f, 0x00, 0x5f, 
	0x00, 0x5f, 0x00, 0x5f, 0x00, 0x5f, 0x00, 0x5f, 
	0x00, 0x5f, 0x00, 0x5f, 0x00, 0x5f, 0x00, 0x5f, 
	0x00, 0x5f, 0x00, 0x5f, 0x00, 0x5f, 0x00, 0x5f, 
	0x00, 0x5f, 0x00, 0x5f, 0x00, 0x5f, 0x00, 0x5f, 
	0x00, 0x5f, 0x00, 0x5f, 0x00, 0x5f, 0x00, 0x5f, 
	0x00, 0x5f, 0x00, 0x5f, 0x00, 0x5f, 0x00, 0x5f, 
	0x00, 0x5f, 0x00, 0x5f, 0x00, 0x5f, 0x00, 0x5f, 
	0x00, 0x5f, 0x00, 0x5f, 0x00, 0x5f, 0x00, 0x5f, 
	0x00, 0x5f, 0x00, 0x5f, 0x00, 0x5f, 0x00, 0x5f, 
	0x00, 0x5f, 0x00, 0x5f, 0x00, 0x5f, 0x00, 0x5f, 
	0x00, 0x5f, 0x00, 0x5f, 0x00, 0x5f, 0x00, 0x5f, 
	0x00, 0x5f, 0x00, 0x5f, 0x00, 0x5f, 0x00, 0x5f, 
	0x00, 0x5f, 0x00, 0x5f, 0x00, 0x5f, 0x00, 0x5f, 
	0x00, 0x5f, 0x00, 0x5f, 0x00, 0x5f, 0x00, 0x5f, 
	0x00, 0x5f, 0x00, 0x5f, 0x00, 0x5f, 0x00, 0x5f, 
	0x00, 0x5f, 0x00, 0x5f, 0x00, 0x5f, 0x00, 0x5f, 
	0x00, 0x5f, 0x00, 0x5f, 0x00, 0x5f, 0x00, 0x5f, 
	0x00, 0x5f, 0x00, 0x5f, 0x00, 0x5f, 0x00, 0x5f, 
	0x00, 0x5f, 0x00, 0x5f, 0x00, 0x5f, 0x00, 0x5f, 
	0x00, 0x5f, 0x00, 0x5f, 0x00, 0x5f, 0x00, 0x5f, 
	0x00, 0x5f, 0x00, 0x5f, 0x00, 0x5f, 0x00, 0x5f, 
	0x00, 0x5f, 0x00, 0x5f, 0x00, 0x5f, 0x00, 0x5f, 
	0x00, 0x5f, 0x00, 0x5f, 0x00, 0x5f, 0x00, 0x5f, 
	0x00, 0x5f, 0x00, 0x5f, 0x00, 0x5f, 0x00, 0x5f, 
	0x00, 0x5f, 0x00, 0x5f, 0x00, 0x5f, 0x00, 0x5f, 
	0x00, 0x5f, 0x00, 0x5f, 0x00, 0x5f, 0x00, 0x5f, 
	0x00, 0x5f, 0x00, 0x5f, 0x00, 0x5f, 0x00, 0x5f, 
	0x00, 0x5f, 0x00, 0x5f, 0x00, 0x5f, 0x00, 0x5f, 
	0x00, 0x5f, 0x00, 0x5f, 0x00, 0x5f, 0x00, 0x5f, 
	0x00, 0x5f, 0x00, 0x5f, 0x00, 0x5f, 0x00, 0x5f, 
	0x00, 0x5f, 0x00, 0x5f, 0x00, 0x5f, 0x00, 0x5f, 
	0x00, 0x5f, 0x00, 0x5f, 0x00, 0x5f, 0x00, 0x5f, 
	0x00, 0x5f, 0x00, 0x5f, 0x00, 0x5f, 0x00, 0x5f, 
	0x00, 0x5f, 0x00, 0x5f, 0x00, 0x5f, 0x00, 0x5f, 
	0x00, 0x5f, 0x00, 0x5f, 0x00, 0x5f, 0x00, 0x5f, 
	0x00, 0x5f, 0x00, 0x5f, 0x00, 0x5f, 0x00, 0x5f, 
	0x00, 0x5f, 0x00, 0x5f, 0x00, 0x5f, 0x00, 0x5f, 
	0x00, 0x5f, 0x00, 0x5f, 0x00, 0x5f, 0x00, 0x5f, 
	0x00, 0x5f, 0x00, 0x5f, 0x00, 0x5f, 0x00, 0x5f, 
	0x00, 0x5f, 0x00, 0x5f, 0x00, 0x5f, 0x00, 0x5f, 
	0x00, 0x5f, 0x00, 0x5f, 0x00, 0x5f, 0x00, 0x5f, 
	0x00, 0x5f, 0x00, 0x5f, 0x00, 0x5f, 0x00, 0x5f, 
	0x00, 0x5f, 0x00, 0x5f, 0x00, 0x5f, 0x00, 0x5f, 
	0x00, 0x5f, 0x00, 0x5f, 0x00, 0x5f, 0x00, 0x5f, 
	0x00, 0x5f, 0x00, 0x5f, 0x00, 0x5f, 0x00, 0x5f, 
	0x00, 0x5f, 0x00, 0x5f, 0x00, 0x5f, 0x00, 0x5f, 
	0x00, 0x5f, 0x00, 0x5f, 0x00, 0x5f, 0x00, 0x5f, 
	0x00, 0x5f, 0x00, 0x5f, 0x00, 0x5f, 0x00, 0x5f, 
	0x00, 0x5f, 0x00, 0x5f, 0x00, 0x5f, 0x00, 0x5f, 
	0x00, 0x5f, 0x00, 0x5f, 0x00, 0x5f, 0x00, 0x5f, 
	0x00, 0x5f, 0x00, 0x5f, 0x00, 0x5f, 0x00, 0x5f, 
	0x00, 0x5f, 0x00, 0x5f, 0x00, 0x5f, 0x00, 0x5f, 
	0x00, 0x5f, 0x00, 0x5f, 0x00, 0x5f, 0x00, 0x5f, 
	0x00, 0x5f, 0x00, 0x5f, 0x00, 0x5f, 0x00, 0x5f, 
	0x00, 0x5f, 0x00, 0x5f, 0x00, 0x5f, 0x00, 0x5f, 
	0x00, 0x5f, 0x00, 0x5f, 0x00, 0x5f, 0x00, 0x5f, 
	0x00, 0x5f, 0x00, 0x5f, 0x00, 0x5f, 0x00, 0x5f, 
	0x00, 0x5f, 0x00, 0x5f, 0x00, 0x5f, 0x00, 0x5f, 
	0x00, 0x5f, 0x00, 0x5f, 0x00, 0x5f, 0x00, 0x5f, 
	0x00, 0x5f, 0x00, 0x5f, 0x00, 0x5f, 0x00, 0x5f, 
	0x00, 0x5f, 0x00, 0x5f, 0x00, 0x5f, 0x00, 0x5f, 
	0x00, 0x5f, 0x00, 0x5f, 0x00, 0x5f, 0x00, 0x5f, 
	0x00, 0x5f, 0x00, 0x5f, 0x00, 0x5f, 0x00, 0x5f, 
	0x00, 0x5f, 0x00, 0x5f, 0x00, 0x5f, 0x00, 0x5f, 
	0x00, 0x5f, 0x00, 0x5f, 0x00, 0x5f, 0x00, 0x5f, 
	0x00, 0x5f, 0x00, 0x5f, 0x00, 0x5f, 0x00, 0x5f, 
	0x00, 0x5f, 0x00, 0x5f, 0x00, 0x5f, 0x00, 0x5f, 
	0x00, 0x5f, 0x00, 0x5f, 0x00, 0x5f, 0x00, 0x5f, 
	0x00, 0x5f, 0x00, 0x5f, 0x00, 0x5f, 0x00, 0x5f, 
	0x00, 0x5f, 0x00, 0x5f, 0x00, 0x5f, 0x00, 0x5f, 
	0x00, 0x5f, 0x00, 0x5f, 0x00, 0x5f, 0x00, 0x5f, 
	0x00, 0x5f, 0x00, 0x5f, 0x00, 0x5f, 0x00, 0x5f, 
	0x00, 0x5f, 0x00, 0x5f, 0x00, 0x5f, 0x00, 0x5f, 
	0x00, 0x5f, 0x00, 0x5f, 0x00, 0x5f, 0x00, 0x5f, 
	0x00, 0x5f, 0x00, 0x5f, 0x00, 0x5f, 0x00, 0x5f, 
	0x00, 0x5f, 0x00, 0x5f, 0x00, 0x5f, 0x00, 0x5f, 
	0x00, 0x5f, 0x00, 0x5f, 0x00, 0x5f, 0x00, 0x5f, 
	0x00, 0x5f, 0x00, 0x5f, 0x00, 0x5f, 0x00, 0x5f, 
	0x00, 0x5f, 0x00, 0x5f, 0x00, 0x5f, 0x00, 0x5f, 
	0x00, 0x5f, 0x00, 0x5f, 0x00, 0x5f, 0x00, 0x5f, 
	0x00, 0x5f, 0x00, 0x5f, 0x00, 0x5f, 0x00, 0x5f, 
	0x00, 0x5f, 0x00, 0x5f, 0x00, 0x5f, 0x00, 0x5f, 
	0x00, 0x5f, 0x00, 0x5f, 0x00, 0x5f, 0x00, 0x5f, 
	0x00, 0x5f, 0x00, 0x5f, 0x00, 0x5f, 0x00, 0x5f, 
	0x00, 0x5f, 0x00, 0x5f, 0x00, 0x5f, 0x00, 0x5f, 
	0x00, 0x5f, 0x00, 0x5f, 0x00, 0x5f, 0x00, 0x5f, 
	0x00, 0x5f, 0x00, 0x5f, 0x00, 0x5f, 0x00, 0x5f, 
	0x00, 0x5f, 0x00, 0x5f, 0x00, 0x5f, 0x00, 0x5f, 
	0x00, 0x5f, 0x00, 0x5f, 0x00, 0x5f, 0x00, 0x5f, 
	0x00, 0x5f, 0x00, 0x5f, 0x00, 0x5f, 0x00, 0x5f, 
	0x00, 0x5f, 0x00, 0x5f, 0x00, 0x5f, 0x00, 0x5f, 
	0x00, 0x5f, 0x00, 0x5f, 0x00, 0x5f, 0x00, 0x5f, 
	0x00, 0x5f, 0x00, 0x5f, 0x00, 0x5f, 0x00, 0x5f, 
	0x00, 0x5f, 0x00, 0x5f, 0x00, 0x5f, 0x00, 0x5f, 
	0x00, 0x5f, 0x00, 0x5f, 0x00, 0x5f, 0x00, 0x5f, 
	0x00, 0x5f, 0x00, 0x5f, 0x00, 0x5f, 0x00, 0x5f, 
	0x00, 0x5f, 0x00, 0x5f, 0x00, 0x5f, 0x00, 0x5f, 
	0x00, 0x5f, 0x00, 0x5f, 0x00, 0x5f, 0x00, 0x5f, 
	0x00, 0x5f, 0x00, 0x5f, 0x00, 0x5f, 0x00, 0x5f, 
	0x00, 0x5f, 0x00, 0x5f, 0x00, 0x5f, 0x00, 0x5f, 
	0x00, 0x5f, 0x00, 0x5f, 0x00, 0x5f, 0x00, 0x5f, 
	0x00, 0x5f, 0x00, 0x5f, 0x00, 0x5f, 0x00, 0x5f, 
	0x00, 0x5f, 0x00, 0x5f, 0x00, 0x5f, 0x00, 0x5f, 
	0x00, 0x5f, 0x00, 0x5f, 0x00, 0x5f, 0x00, 0x5f, 
	0x00, 0x5f, 0x00, 0x5f, 0x00, 0x5f, 0x00, 0x5f, 
	0x00, 0x5f, 0x00, 0x5f, 0x00, 0x5f, 0x00, 0x5f, 
	0x00, 0x5f, 0x00, 0x5f, 0x00, 0x5f, 0x00, 0x5f, 
	0x00, 0x5f, 0x00, 0x5f, 0x00, 0x5f, 0x00, 0x5f, 
	0x00, 0x5f, 0x00, 0x5f, 0x00, 0x5f, 0x00, 0x5f, 
	0x00, 0x5f, 0x00, 0x5f, 0x00, 0x5f, 0x00, 0x5f, 
	0x00, 0x5f, 0x00, 0x5f, 0x00, 0x5f, 0x00, 0x5f, 
	0x00, 0x5f, 0x00, 0x5f, 0x00, 0x5f, 0x00, 0x5f, 
	0x00, 0x5f, 0x00, 0x5f, 0x00, 0x5f, 0x00, 0x5f, 
	0x00, 0x5f, 0x00, 0x5f, 0x00, 0x5f, 0x00, 0x5f, 
	0x00, 0x5f, 0x00, 0x5f, 0x00, 0x5f, 0x00, 0x5f, 
	0x00, 0x5f, 0x00, 0x5f, 0x00, 0x5f, 0x00, 0x5f, 
	0x00, 0x5f, 0x00, 0x5f, 0x00, 0x5f, 0x00, 0x5f, 
	0x00, 0x5f, 0x00, 0x5f, 0x00, 0x5f, 0x00, 0x5f, 
	0x00, 0x5f, 0x00, 0x5f, 0x00, 0x5f, 0x00, 0x5f, 
	0x00, 0x5f, 0x00, 0x5f, 0x00, 0x5f, 0x00, 0x5f, 
	0x00, 0x5f, 0x00, 0x5f, 0x00, 0x5f, 0x00, 0x5f, 
	0x00, 0x5f, 0x00, 0x5f, 0x00, 0x5f, 0x00, 0x5f, 
	0x00, 0x5f, 0x00, 0x5f, 0x00, 0x5f, 0x00, 0x5f, 
	0x00, 0x5f, 0x00, 0x5f, 0x00, 0x5f, 0x00, 0x5f, 
	0x00, 0x5f, 0x00, 0x5f, 0x00, 0x5f, 0x00, 0x5f, 
	0x00, 0x5f, 0x00, 0x5f, 0x00, 0x5f, 0x00, 0x5f, 
	0x00, 0x5f, 0x00, 0x5f, 0x00, 0x5f, 0x00, 0x5f, 
	0x00, 0x5f, 0x00, 0x5f, 0x00, 0x5f, 0x00, 0x5f, 
	0x00, 0x5f, 0x00, 0x5f, 0x00, 0x5f, 0x00, 0x5f, 
	0x00, 0x5f, 0x00, 0x5f, 0x00, 0x5f, 0x00, 0x5f, 
	0x00, 0x5f, 0x00, 0x5f, 0x00, 0x5f, 0x00, 0x5f, 
	0x00, 0x5f, 0x00, 0x5f, 0x00, 0x5f, 0x00, 0x5f, 
	0x00, 0x5f, 0x00, 0x5f, 0x00, 0x5f, 0x00, 0x5f, 
	0x00, 0x5f, 0x00, 0x5f, 0x00, 0x5f, 0x00, 0x5f, 
	0x00, 0x5f, 0x00, 0x5f, 0x00, 0x5f, 0x00, 0x5f, 
	0x00, 0x5f, 0x00, 0x5f, 0x00, 0x5f, 0x00, 0x5f, 
	0x00, 0x5f, 0x00, 0x5f, 0x00, 0x5f, 0x00, 0x5f, 
	0x00, 0x5f, 0x00, 0x5f, 0x00, 0x5f, 0x00, 0x5f, 
	0x00, 0x5f, 0x00, 0x5f, 0x00, 0x5f, 0x00, 0x5f, 
	0x00, 0x5f, 0x00, 0x5f, 0x00, 0x5f, 0x00, 0x5f, 
	0x00, 0x5f, 0x00, 0x5f, 0x00, 0x5f, 0x00, 0x5f, 
	0x00, 0x5f, 0x00, 0x5f, 0x00, 0x5f, 0x00, 0x5f, 
	0x00, 0x5f, 0x00, 0x5f, 0x00, 0x5f, 0x00, 0x5f, 
	0x00, 0x5f, 0x00, 0x5f, 0x00, 0x5f, 0x00, 0x5f, 
	0x00, 0x5f, 0x00, 0x5f, 0x00, 0x5f, 0x00, 0x5f, 
	0x00, 0x5f, 0x00, 0x5f, 0x00, 0x5f, 0x00, 0x5f, 
	0x00, 0x5f, 0x00, 0x5f, 0x00, 0x5f, 0x00, 0x5f, 
	0x00, 0x5f, 0x00, 0x5f, 0x00, 0x5f, 0x00, 0x5f, 
	0x00, 0x5f, 0x00, 0x5f, 0x00, 0x5f, 0x00, 0x5f, 
	0x00, 0x5f, 0x00, 0x5f, 0x00, 0x5f, 0x00, 0x5f, 
	0x00, 0x5f, 0x00, 0x5f, 0x00, 0x5f, 0x00, 0x5f, 
	0x00, 0x5f, 0x00, 0x5f, 0x00, 0x5f, 0x00, 0x5f, 
	0x00, 0x5f, 0x00, 0x5f, 0x00, 0x5f, 0x00, 0x5f, 
	0x00, 0x5f, 0x00, 0x5f, 0x00, 0x5f, 0x00, 0x5f, 
	0x00, 0x5f, 0x00, 0x5f, 0x00, 0x5f, 0x00, 0x5f, 
	0x00, 0x5f, 0x00, 0x5f, 0x00, 0x5f, 0x00, 0x5f, 
	0x00, 0x5f, 0x00, 0x5f, 0x00, 0x5f, 0x00, 0x5f, 
	0x00, 0x5f, 0x00, 0x5f, 0x00, 0x5f, 0x00, 0x5f, 
	0x00, 0x5f, 0x00, 0x5f, 0x00, 0x5f, 0x00, 0x5f, 
	0x00, 0x5f, 0x00, 0x5f, 0x00, 0x5f, 0x00, 0x5f, 
	0x00, 0x5f, 0x00, 0x5f, 0x00, 0x5f, 0x00, 0x5f, 
	0x00, 0x5f, 0x00, 0x5f, 0x00, 0x5f, 0x00, 0x5f, 
	0x00, 0x5f, 0x00, 0x5f, 0x00, 0x5f, 0x00, 0x5f, 
	0x00, 0x5f, 0x00, 0x5f, 0x00, 0x5f, 0x00, 0x5f, 
	0x00, 0x5f, 0x00, 0x5f, 0x00, 0x5f, 0x00, 0x5f, 
	0x00, 0x5f, 0x00, 0x5f, 0x00, 0x5f, 0x00, 0x5f, 
	0x00, 0x5f, 0x00, 0x5f, 0x00, 0x5f, 0x00, 0x5f, 
	0x00, 0x5f, 0x00, 0x5f, 0x00, 0x5f, 0x00, 0x5f, 
	0x00, 0x5f, 0x00, 0x5f, 0x00, 0x5f, 0x00, 0x5f, 
	0x00, 0x5f, 0x00, 0x5f, 0x00, 0x5f, 0x00, 0x5f, 
	0x00, 0x5f, 0x00, 0x5f, 0x00, 0x5f, 0x00, 0x5f, 
	0x00, 0x5f, 0x00, 0x5f, 0x00, 0x5f, 0x00, 0x5f, 
	0x00, 0x5f, 0x00, 0x5f, 0x00, 0x5f, 0x00, 0x5f, 
	0x00, 0x5f, 0x00, 0x5f, 0x00, 0x5f, 0x00, 0x5f, 
	0x00, 0x5f, 0x00, 0x5f, 0x00, 0x5f, 0x00, 0x5f, 
	0x00, 0x5f, 0x00, 0x5f, 0x00, 0x5f, 0x00, 0x5f, 
	0x00, 0x5f, 0x00, 0x5f, 0x00, 0x5f, 0x00, 0x5f, 
	0x00, 0x5f, 0x00, 0x5f, 0x00, 0x5f, 0x00, 0x5f, 
	0x00, 0x5f, 0x00, 0x5f, 0x00, 0x5f, 0x00, 0x5f, 
	0x00, 0x5f, 0x00, 0x5f, 0x00, 0x5f, 0x00, 0x5f, 
	0x00, 0x5f, 0x00, 0x5f, 0x00, 0x5f, 0x00, 0x5f, 
	0x00, 0x5f, 0x00, 0x5f, 0x00, 0x5f, 0x00, 0x5f, 
	0x00, 0x5f, 0x00, 0x5f, 0x00, 0x5f, 0x00, 0x5f, 
	0x00, 0x5f, 0x00, 0x5f, 0x00, 0x5f, 0x00, 0x5f, 
	0x00, 0x5f, 0x00, 0x5f, 0x00, 0x5f, 0x00, 0x5f, 
	0x00, 0x5f, 0x00, 0x5f, 0x00, 0x5f, 0x00, 0x5f, 
	0x00, 0x5f, 0x00, 0x5f, 0x00, 0x5f, 0x00, 0x5f, 
	0x00, 0x5f, 0x00, 0x5f, 0x00, 0x5f, 0x00, 0x5f, 
	0x00, 0x5f, 0x00, 0x5f, 0x00, 0x5f, 0x00, 0x5f, 
	0x00, 0x5f, 0x00, 0x5f, 0x00, 0x5f, 0x00, 0x5f, 
	0x00, 0x5f, 0x00, 0x5f, 0x00, 0x5f, 0x00, 0x5f, 
	0x00, 0x5f, 0x00, 0x5f, 0x00, 0x5f, 0x00, 0x5f, 
	0x00, 0x5f, 0x00, 0x5f, 0x00, 0x5f, 0x00, 0x5f, 
	0x00, 0x5f, 0x00, 0x5f, 0x00, 0x5f, 0x00, 0x5f, 
	0x00, 0x5f, 0x00, 0x5f, 0x00, 0x5f, 0x00, 0x5f, 
	0x00, 0x5f, 0x00, 0x5f, 0x00, 0x5f, 0x00, 0x5f, 
	0x00, 0x5f, 0x00, 0x5f, 0x00, 0x5f, 0x00, 0x5f, 
	0x00, 0x5f, 0x00, 0x5f, 0x00, 0x5f, 0x00, 0x5f, 
	0x00, 0x5f, 0x00, 0x5f, 0x00, 0x5f, 0x00, 0x5f, 
	0x00, 0x5f, 0x00, 0x5f, 0x00, 0x5f, 0x00, 0x5f, 
	0x00, 0x5f, 0x00, 0x5f, 0x00, 0x5f, 0x00, 0x5f, 
	0x00, 0x5f, 0x00, 0x5f, 0x00, 0x5f, 0x00, 0x5f, 
	0x00, 0x5f, 0x00, 0x5f, 0x00, 0x5f, 0x00, 0x5f, 
	0x00, 0x5f, 0x00, 0x5f, 0x00, 0x5f, 0x00, 0x5f, 
	0x00, 0x5f, 0x00, 0x5f, 0x00, 0x5f, 0x00, 0x5f, 
	0x00, 0x5f, 0x00, 0x5f, 0x00, 0x5f, 0x00, 0x5f, 
	0x00, 0x5f, 0x00, 0x5f, 0x00, 0x5f, 0x00, 0x5f, 
	0x00, 0x5f, 0x00, 0x5f, 0x00, 0x5f, 0x00, 0x5f, 
	0x00, 0x5f, 0x00, 0x5f, 0x00, 0x5f, 0x00, 0x5f, 
	0x00, 0x5f, 0x00, 0x5f, 0x00, 0x5f, 0x00, 0x5f, 
	0x00, 0x5f, 0x00, 0x5f, 0x00, 0x5f, 0x00, 0x5f, 
	0x00, 0x5f, 0x00, 0x5f, 0x00, 0x5f, 0x00, 0x5f, 
	0x00, 0x5f, 0x00, 0x5f, 0x00, 0x5f, 0x00, 0x5f, 
	0x00, 0x5f, 0x00, 0x5f, 0x00, 0x5f, 0x00, 0x5f, 
	0x00, 0x5f, 0x00, 0x5f, 0x00, 0x5f, 0x00, 0x5f, 
	0x00, 0x5f, 0x00, 0x5f, 0x00, 0x5f, 0x00, 0x9f, 
	0x00, 0x5f, 0x00, 0x5f, 0x00, 0x5f, 0x00, 0x5f, 
	0x00, 0x5f, 0x00, 0x5f, 0x00, 0x5f, 0x00, 0x5f, 
	0x00, 0x5f, 0x00, 0x5f, 0x00, 0x5f, 0x00, 0x5f, 
	0x00, 0x5f, 0x00, 0x5f, 0x00, 0x5f, 0x00, 0x5f, 
	0x00, 0x5f, 0x00, 0x5f, 0x00, 0x5f, 0x00, 0x5f, 
	0x00, 0x5f, 0x00, 0x5f, 0x00, 0x5f, 0x00, 0x5f, 
	0x00, 0x5f, 0x00, 0x5f, 0x00, 0x5f, 0x00, 0x5f, 
	0x00, 0x5f, 0x00, 0x5f, 0x00, 0x5f, 0x00, 0x5f, 
	0x00, 0x5f, 0x00, 0x5f, 0x00, 0x5f, 0x00, 0x5f, 
	0x00, 0x5f, 0x00, 0x5f, 0x00, 0x5f, 0x00, 0x5f, 
	0x00, 0x5f, 0x00, 0x5f, 0x00, 0x5f, 0x00, 0x5f, 
	0x00, 0x5f, 0x00, 0x5f, 0x00, 0x5f, 0x00, 0x5f, 
	0x00, 0x5f, 0x00, 0x5f, 0x00, 0x5f, 0x00, 0x5f, 
	0x00, 0x5f, 0x00, 0x5f, 0x00, 0x5f, 0x00, 0x5f, 
	0x00, 0x5f, 0x00, 0x5f, 0x00, 0x5f, 0x00, 0x5f, 
	0x00, 0x5f, 0x00, 0x5f, 0x00, 0x5f, 0x00, 0x5f, 
	0x00, 0x5f, 0x00, 0x5f, 0x00, 0x5f, 0x00, 0x5f, 
	0x00, 0x5f, 0x00, 0x5f, 0x00, 0x5f, 0x00, 0x5f, 
	0x00, 0x5f, 0x00, 0x5f, 0x00, 0x5f, 0x00, 0x5f, 
	0x00, 0x5f, 0x00, 0x5f, 0x00, 0x5f, 0x00, 0x5f, 
	0x00, 0x5f, 0x00, 0x5f, 0x00, 0x5f, 0x00, 0x5f, 
	0x00, 0x5f, 0x00, 0x5f, 0x00, 0x5f, 0x00, 0x5f, 
	0x00, 0x5f, 0x00, 0x5f, 0x00, 0x5f, 0x00, 0x5f, 
	0x00, 0x5f, 0x00, 0x5f, 0x00, 0x5f, 0x00, 0x5f, 
	0x00, 0x5f, 0x00, 0x5f, 0x00, 0x5f, 0x00, 0x5f, 
	0x00, 0x5f, 0x00, 0x5f, 0x00, 0x5f, 0x00, 0x5f, 
	0x00, 0x5f, 0x00, 0x5f, 0x00, 0x5f, 0x00, 0x5f, 
	0x00, 0x5f, 0x00, 0x5f, 0x00, 0x5f, 0x00, 0x5f, 
	0x00, 0x5f, 0x00, 0x5f, 0x00, 0x5f, 0x00, 0x5f, 
	0x00, 0x5f, 0x00, 0x5f, 0x00, 0x5f, 0x00, 0x5f, 
	0x00, 0x5f, 0x00, 0x5f, 0x00, 0x5f, 0x00, 0x5f, 
	0x00, 0x5f, 0x00, 0x5f, 0x00, 0x5f, 0x00, 0x5f, 
	0x00, 0x5f, 0x00, 0x5f, 0x00, 0x5f, 0x00, 0x5f, 
	0x00, 0x5f, 0x00, 0x5f, 0x00, 0x5f, 0x00, 0x5f, 
	0x00, 0x5f, 0x00, 0x5f, 0x00, 0x5f, 0x00, 0x5f, 
	0x00, 0x5f, 0x00, 0x5f, 0x00, 0x5f, 0x00, 0x5f, 
	0x00, 0x5f, 0x00, 0x5f, 0x00, 0x5f, 0x00, 0x5f, 
	0x00, 0x5f, 0x00, 0x5f, 0x00, 0x5f, 0x00, 0x5f, 
	0x00, 0x5f, 0x00, 0x5f, 0x00, 0x5f, 0x00, 0x5f, 
	0x00, 0x5f, 0x00, 0x5f, 0x00, 0x5f, 0x00, 0x5f, 
	0x00, 0x5f, 0x00, 0x5f, 0x00, 0x5f, 0x00, 0x5f, 
	0x00, 0x5f, 0x00, 0x5f, 0x00, 0x5f, 0x00, 0x5f, 
	0x00, 0x5f, 0x00, 0x5f, 0x00, 0x5f, 0x00, 0x5f, 
	0x00, 0x5f, 0x00, 0x5f, 0x00, 0x5f, 0x00, 0x5f, 
	0x00, 0x5f, 0x00, 0x5f, 0x00, 0x5f, 0x00, 0x5f, 
	0x00, 0x5f, 0x00, 0x5f, 0x00, 0x5f, 0x00, 0x5f, 
	0x00, 0x5f, 0x00, 0x5f, 0x00, 0x5f, 0x00, 0x5f, 
	0x00, 0x5f, 0x00, 0x5f, 0x00, 0x5f, 0x00, 0x5f, 
	0x00, 0x5f, 0x00, 0x5f, 0x00, 0x5f, 0x00, 0x5f, 
	0x00, 0x5f, 0x00, 0x5f, 0x00, 0x5f, 0x00, 0x5f, 
	0x00, 0x5f, 0x00, 0x5f, 0x00, 0x5f, 0x00, 0x5f, 
	0x00, 0x5f, 0x00, 0x5f, 0x00, 0x5f, 0x00, 0x5f, 
	0x00, 0x5f, 0x00, 0x5f, 0x00, 0x5f, 0x00, 0x5f, 
	0x00, 0x5f, 0x00, 0x5f, 0x00, 0x5f, 0x00, 0x5f, 
	0x00, 0x5f, 0x00, 0x5f, 0x00, 0x5f, 0x00, 0x5f, 
	0x00, 0x5f, 0x00, 0x5f, 0x00, 0x5f, 0x00, 0x5f, 
	0x00, 0x5f, 0x00, 0x5f, 0x00, 0x5f, 0x00, 0x5f, 
	0x00, 0x5f, 0x00, 0x5f, 0x00, 0x5f, 0x00, 0x5f, 
	0x00, 0x5f, 0x00, 0x5f, 0x00, 0x5f, 0x00, 0x5f, 
	0x00, 0x5f, 0x00, 0x5f, 0x00, 0x5f, 0x00, 0x5f, 
	0x00, 0x5f, 0x00, 0x9f, 0x00, 0x9f, 0x00, 0x9f, 
	0x00, 0x9f, 0x00, 0x5f, 0x00, 0x5f, 0x00, 0x5f, 
	0x00, 0x5f, 0x00, 0x5f, 0x00, 0x5f, 0x00, 0x5f, 
	0x00, 0x5f, 0x00, 0x5f, 0x00, 0x5f, 0x00, 0x5f, 
	0x00, 0x5f, 0x00, 0x5f, 0x00, 0x5f, 0x00, 0x5f, 
	0x00, 0x5f, 0x00, 0x5f, 0x00, 0x5f, 0x00, 0x5f, 
	0x00, 0x5f, 0x00, 0x5f, 0x00, 0x5f, 0x00, 0x5f, 
	0x00, 0x5f, 0x00, 0x5f, 0x00, 0x5f, 0x00, 0x5f, 
	0x00, 0x5f, 0x00, 0x5f, 0x00, 0x5f, 0x00, 0x5f, 
	0x00, 0x5f, 0x00, 0x5f, 0x00, 0x5f, 0x00, 0x5f, 
	0x00, 0x5f, 0x00, 0x5f, 0x00, 0x5f, 0x00, 0x5f, 
	0x00, 0x5f, 0x00, 0x5f, 0x00, 0x5f, 0x00, 0x5f, 
	0x00, 0x5f, 0x00, 0x5f, 0x00, 0x5f, 0x00, 0x5f, 
	0x00, 0x5f, 0x00, 0x5f, 0x00, 0x5f, 0x00, 0x5f, 
	0x00, 0x5f, 0x00, 0x5f, 0x00, 0x5f, 0x00, 0x5f, 
	0x00, 0x5f, 0x00, 0x5f, 0x00, 0x5f, 0x00, 0x5f, 
	0x00, 0x5f, 0x00, 0x5f, 0x00, 0x5f, 0x00, 0x5f, 
	0x00, 0x5f, 0x00, 0x5f, 0x00, 0x5f, 0x00, 0x5f, 
	0x00, 0x5f, 0x00, 0x5f, 0x00, 0x5f, 0x00, 0x5f, 
	0x00, 0x5f, 0x00, 0x5f, 0x00, 0x5f, 0x00, 0x5f, 
	0x00, 0x5f, 0x00, 0x5f, 0x00, 0x5f, 0x00, 0x5f, 
	0x00, 0x5f, 0x00, 0x5f, 0x00, 0x5f, 0x00, 0x5f, 
	0x00, 0x9f, 0x00, 0x9f, 0x00, 0x9f, 0x00, 0x9f, 
	0x00, 0x9f, 0x00, 0x9f, 0x00, 0x9f, 0x00, 0x9f, 
	0x00, 0x9f, 0x00, 0x9f, 0x00, 0x9f, 0x00, 0x9f, 
	0x00, 0x9f, 0x00, 0x9f, 0x00, 0x9f, 0x00, 0x9f, 
	0x00, 0x9f, 0x00, 0x9f, 0x00, 0x9f, 0x00, 0x9f, 
	0x00, 0x9f, 0x00, 0x9f, 0x00, 0x9f, 0x00, 0x9f, 
	0x00, 0x9f, 0x00, 0x9f, 0x00, 0x9f, 0x00, 0x9f, 
	0x00, 0x9f, 0x00, 0x9f, 0x00, 0x9f, 0x00, 0x9f, 
	0x00, 0x9f, 0x00, 0x9f, 0x00, 0x9f, 0x00, 0x9f, 
	0x00, 0x9f, 0x00, 0x9f, 0x00, 0x9f, 0x00, 0x9f, 
	0x00, 0x9f, 0x00, 0x9f, 0x00, 0x9f, 0x00, 0x9f, 
	0x00, 0x9f, 0x00, 0x9f, 0x00, 0x9f, 0x00, 0x9f, 
	0x00, 0x9f, 0x00, 0x9f, 0x00, 0x9f, 0x00, 0x9f, 
	0x00, 0x9f, 0x00, 0x9f, 0x00, 0x9f, 0x00, 0x9f, 
	0x00, 0x9f, 0x00, 0x9f, 0x00, 0x9f, 0x00, 0x9f, 
	0x00, 0x9f, 0x00, 0x9f, 0x00, 0x9f, 0x00, 0x9f, 
	0x00, 0x9f, 0x00, 0x9f, 0x00, 0x9f, 0x00, 0x9f, 
	0x00, 0x9f, 0x00, 0x9f, 0x00, 0x9f, 0x00, 0x9f, 
	0x00, 0x9f, 0x00, 0x9f, 0x00, 0x9f, 0x00, 0x9f, 
	0x00, 0x9f, 0x00, 0x9f, 0x00, 0x9f, 0x00, 0x9f, 
	0x00, 0x9f, 0x00, 0x9f, 0x00, 0x9f, 0x00, 0x9f, 
	0x00, 0x9f, 0x00, 0x9f, 0x00, 0x9f, 0x00, 0x9f, 
	0x00, 0x9f, 0x00, 0x9f, 0x00, 0x9f, 0x00, 0x9f, 
	0x00, 0x9f, 0x00, 0x9f, 0x00, 0x9f, 0x00, 0x9f, 
	0x00, 0x9f, 0x00, 0x9f, 0x00, 0x9f, 0x00, 0x9f, 
	0x00, 0x9f, 0x00, 0x9f, 0x00, 0x9f, 0x00, 0x9f, 
	0x00, 0x9f, 0x00, 0x9f, 0x00, 0x9f, 0x00, 0x9f, 
	0x00, 0x9f, 0x00, 0x9f, 0x00, 0x9f, 0x00, 0x9f, 
	0x00, 0x9f, 0x00, 0x9f, 0x00, 0x9f, 0x00, 0x9f, 
	0x00, 0x9f, 0x00, 0x9f, 0x00, 0x9f, 0x00, 0x9f, 
	0x00, 0x9f, 0x00, 0x9f, 0x00, 0x9f, 0x00, 0x9f, 
	0x00, 0x9f, 0x00, 0x9f, 0x00, 0x9f, 0x00, 0x9f, 
	0x00, 0x9f, 0x00, 0x9f, 0x00, 0x9f, 0x00, 0x9f, 
	0x00, 0x9f, 0x00, 0x9f, 0x00, 0x9f, 0x00, 0x9f, 
	0x00, 0x9f, 0x00, 0x9f, 0x00, 0x9f, 0x00, 0x9f, 
	0x00, 0x9f, 0x00, 0x9f, 0x00, 0x9f, 0x00, 0x9f, 
	0x00, 0x9f, 0x00, 0x9f, 0x00, 0x9f, 0x00, 0x9f, 
	0x00, 0x9f, 0x00, 0x9f, 0x00, 0x9f, 0x00, 0x9f, 
	0x00, 0x9f, 0x00, 0x9f, 0x00, 0x9f, 0x00, 0x9f, 
	0x00, 0x9f, 0x00, 0x9f, 0x00, 0x9f, 0x00, 0x9f, 
	0x00, 0x9f, 0x00, 0x9f, 0x00, 0x9f, 0x00, 0x9f, 
	0x00, 0x9f, 0x00, 0x9f, 0x00, 0x9f, 0x00, 0x9f, 
	0x00, 0x9f, 0x00, 0x9f, 0x00, 0x9f, 0x00, 0x9f, 
	0x00, 0x9f, 0x00, 0x9f, 0x00, 0x9f, 0x00, 0x9f, 
	0x00, 0x9f, 0x00, 0x9f, 0x00, 0x9f, 0x00, 0x9f, 
	0x00, 0x9f, 0x00, 0x9f, 0x00, 0x9f, 0x00, 0x9f, 
	0x00, 0x9f, 0x00, 0x9f, 0x00, 0x9f, 0x00, 0x9f, 
	0x00, 0x9f, 0x00, 0x9f, 0x00, 0x9f, 0x00, 0x9f, 
	0x00, 0x9f, 0x00, 0x9f, 0x00, 0x9f, 0x00, 0x9f, 
	0x00, 0x9f, 0x00, 0x9f, 0x00, 0x9f, 0x00, 0x9f, 
	0x00, 0x9f, 0x00, 0x9f, 0x00, 0x9f, 0x00, 0x9f, 
	0x00, 0x9f, 0x00, 0x9f, 0x00, 0x9f, 0x00, 0x9f, 
	0x00, 0x9f, 0x00, 0x9f, 0x00, 0x9f, 0x00, 0x9f, 
	0x00, 0x9f, 0x00, 0x9f, 0x00, 0x9f, 0x00, 0x9f, 
	0x00, 0x9f, 0x00, 0x9f, 0x00, 0x9f, 0x00, 0x9f, 
	0x00, 0x9f, 0x00, 0x9f, 0x00, 0x9f, 0x00, 0x9f, 
	0x00, 0x9f, 0x00, 0x9f, 0x00, 0x9f, 0x00, 0x9f, 
	0x00, 0x9f, 0x00, 0x9f, 0x00, 0x9f, 0x00, 0x9f, 
	0x00, 0x9f, 0x00, 0x9f, 0x00, 0x9f, 0x00, 0x9f, 
	0x00, 0x9f, 0x00, 0x9f, 0x00, 0x9f, 0x00, 0x9f, 
	0x00, 0x9f, 0x00, 0x9f, 0x00, 0x9f, 0x00, 0x9f, 
	0x00, 0x9f, 0x00, 0x9f, 0x00, 0x9f, 0x00, 0x9f, 
	0x00, 0x9f, 0x00, 0x9f, 0x00, 0x9f, 0x00, 0x9f, 
	0x00, 0x9f, 0x00, 0x9f, 0x00, 0x9f, 0x00, 0x9f, 
	0x00, 0x9f, 0x00, 0x9f, 0x00, 0x9f, 0x00, 0x9f, 
	0x00, 0x9f, 0x00, 0x9f, 0x00, 0x9f, 0x00, 0x9f, 
	0x00, 0x9f, 0x00, 0x9f, 0x00, 0x9f, 0x00, 0x9f, 
	0x00, 0x9f, 0x00, 0x9f, 0x00, 0x9f, 0x00, 0x9f, 
	0x00, 0x9f, 0x00, 0x9f, 0x00, 0x9f, 0x00, 0x9f, 
	0x00, 0x9f, 0x00, 0x9f, 0x00, 0x9f, 0x00, 0x9f, 
	0x00, 0x9f, 0x00, 0x9f, 0x00, 0x9f, 0x00, 0x9f, 
	0x00, 0x9f, 0x00, 0x9f, 0x00, 0x9f, 0x00, 0x9f, 
	0x00, 0x9f, 0x00, 0x9f, 0x00, 0x9f, 0x00, 0x9f, 
	0x00, 0x9f, 0x00, 0x9f, 0x00, 0x9f, 0x00, 0x9f, 
	0x00, 0x9f, 0x00, 0x9f, 0x00, 0x9f, 0x00, 0x9f, 
	0x00, 0x9f, 0x00, 0x9f, 0x00, 0x9f, 0x00, 0x9f, 
	0x00, 0x9f, 0x00, 0x9f, 0x00, 0x9f, 0x00, 0x9f, 
	0x00, 0x9f, 0x00, 0x9f, 0x00, 0x9f, 0x00, 0x9f, 
	0x00, 0x9f, 0x00, 0x9f, 0x00, 0x9f, 0x00, 0x9f, 
	0x00, 0x9f, 0x00, 0x9f, 0x00, 0x9f, 0x00, 0x9f, 
	0x00, 0x9f, 0x00, 0x9f, 0x00, 0x9f, 0x00, 0x9f, 
	0x00, 0x9f, 0x00, 0x9f, 0x00, 0x9f, 0x00, 0x9f, 
	0x00, 0x9f, 0x00, 0x9f, 0x00, 0x9f, 0x00, 0x9f, 
	0x00, 0x9f, 0x00, 0x9f, 0x00, 0x9f, 0x00, 0x9f, 
	0x00, 0x9f, 0x00, 0x9f, 0x00, 0x9f, 0x00, 0x9f, 
	0x00, 0x9f, 0x00, 0x9f, 0x00, 0x9f, 0x00, 0x9f, 
	0x00, 0x9f, 0x00, 0x9f, 0x00, 0x9f, 0x00, 0x9f, 
	0x00, 0x9f, 0x00, 0x9f, 0x00, 0x9f, 0x00, 0x9f, 
	0x00, 0x9f, 0x00, 0x9f, 0x00, 0x9f, 0x00, 0x9f, 
	0x00, 0x9f, 0x00, 0x9f, 0x00, 0x9f, 0x00, 0x9f, 
	0x00, 0x9f, 0x00, 0x9f, 0x00, 0x9f, 0x00, 0x9f, 
	0x00, 0x9f, 0x00, 0x9f, 0x00, 0x9f, 0x00, 0x9f, 
	0x00, 0x9f, 0x00, 0x9f, 0x00, 0x9f, 0x00, 0x9f, 
	0x00, 0x9f, 0x00, 0x9f, 0x00, 0x9f, 0x00, 0x9f, 
	0x00, 0x9f, 0x00, 0x9f, 0x00, 0x9f, 0x00, 0x9f, 
	0x00, 0x9f, 0x00, 0x9f, 0x00, 0x9f, 0x00, 0x9f, 
	0x00, 0x9f, 0x00, 0x9f, 0x00, 0x9f, 0x00, 0x9f, 
	0x00, 0x9f, 0x00, 0x9f, 0x00, 0x9f, 0x00, 0x9f, 
	0x00, 0x9f, 0x00, 0x9f, 0x00, 0x9f, 0x00, 0x9f, 
	0x00, 0x9f, 0x00, 0x9f, 0x00, 0x9f, 0x00, 0x9f, 
	0x00, 0x9f, 0x00, 0x9f, 0x00, 0x9f, 0x00, 0x9f, 
	0x00, 0x9f, 0x00, 0x9f, 0x00, 0x9f, 0x00, 0x9f, 
	0x00, 0x9f, 0x00, 0x9f, 0x00, 0x9f, 0x00, 0x9f, 
	0x00, 0x9f, 0x00, 0x9f, 0x00, 0x9f, 0x00, 0x9f, 
	0x00, 0x9f, 0x00, 0x9f, 0x00, 0x9f, 0x00, 0x9f, 
	0x00, 0x9f, 0x00, 0x9f, 0x00, 0x9f, 0x00, 0x9f, 
	0x00, 0x9f, 0x00, 0x9f, 0x00, 0x9f, 0x00, 0x9f, 
	0x00, 0x9f, 0x00, 0x9f, 0x00, 0x9f, 0x00, 0x9f, 
	0x00, 0x9f, 0x00, 0x9f, 0x00, 0x9f, 0x00, 0x9f, 
	0x00, 0x9f, 0x00, 0x9f, 0x00, 0x9f, 0x00, 0x9f, 
	0x00, 0x9f, 0x00, 0x9f, 0x00, 0x9f, 0x00, 0x9f, 
	0x00, 0x9f, 0x00, 0x9f, 0x00, 0x9f, 0x00, 0x9f, 
	0x00, 0x9f, 0x00, 0x9f, 0x00, 0x9f, 0x00, 0x9f, 
	0x00, 0x9f, 0x00, 0x9f, 0x00, 0x9f, 0x00, 0x9f, 
	0x00, 0x9f, 0x00, 0x9f, 0x00, 0x9f, 0x00, 0x9f, 
	0x00, 0x9f, 0x00, 0x9f, 0x00, 0x9f, 0x00, 0x9f, 
	0x00, 0x9f, 0x00, 0x9f, 0x00, 0x9f, 0x00, 0x9f, 
	0x00, 0x9f, 0x00, 0x9f, 0x00, 0x9f, 0x00, 0x9f, 
	0x00, 0x9f, 0x00, 0x9f, 0x00, 0x9f, 0x00, 0x9f, 
	0x00, 0x9f, 0x00, 0x9f, 0x00, 0x9f, 0x00, 0x9f, 
	0x00, 0x9f, 0x00, 0x9f, 0x00, 0x9f, 0x00, 0x9f, 
	0x00, 0x9f, 0x00, 0x9f, 0x00, 0x9f, 0x00, 0x9f, 
	0x00, 0x9f, 0x00, 0x9f, 0x00, 0x9f, 0x00, 0x9f, 
	0x00, 0x9f, 0x00, 0x9f, 0x00, 0x9f, 0x00, 0x9f, 
	0x00, 0x9f, 0x00, 0x9f, 0x00, 0x9f, 0x00, 0x9f, 
	0x00, 0x9f, 0x00, 0x9f, 0x00, 0x9f, 0x00, 0x9f, 
	0x00, 0x9f, 0x00, 0x9f, 0x00, 0x9f, 0x00, 0x9f, 
	0x00, 0x9f, 0x00, 0x9f, 0x00, 0x9f, 0x00, 0x9f, 
	0x00, 0x9f, 0x00, 0x9f, 0x00, 0x9f, 0x00, 0x9f, 
	0x00, 0x9f, 0x00, 0x9f, 0x00, 0x9f, 0x00, 0x9f, 
	0x00, 0x9f, 0x00, 0x9f, 0x00, 0x9f, 0x00, 0x9f, 
	0x00, 0x9f, 0x00, 0x9f, 0x00, 0x9f, 0x00, 0x9f, 
	0x00, 0x9f, 0x00, 0x9f, 0x00, 0x9f, 0x00, 0x9f, 
	0x00, 0x9f, 0x00, 0x9f, 0x00, 0x9f, 0x00, 0xa1, 
	0x00, 0xa1, 0x00, 0x9f, 0x00, 0x9f, 0x00, 0x9f, 
	0x00, 0x9f, 0x00, 0x9f, 0x00, 0x9f, 0x00, 0x9f, 
	0x00, 0x9f, 0x00, 0xa1, 0x00, 0x9f, 0x00, 0x9f, 
	0x00, 0x9f, 0x00, 0x9f, 0x00, 0x9f, 0x00, 0x9f, 
	0x00, 0x9f, 0x00, 0x9f, 0x00, 0x9f, 0x00, 0x9f, 
	0x00, 0x9f, 0x00, 0x9f, 0x00, 0x9f, 0x00, 0x9f, 
	0x00, 0x9f, 0x00, 0x9f, 0x00, 0x9f, 0x00, 0x9f, 
	0x00, 0x9f, 0x00, 0x9f, 0x00, 0x9f, 0x00, 0x9f, 
	0x00, 0x9f, 0x00, 0x9f, 0x00, 0x9f, 0x00, 0x9f, 
	0x00, 0x9f, 0x00, 0x9f, 0x00, 0x9f, 0x00, 0x9f, 
	0x00, 0x9f, 0x00, 0x9f, 0x00, 0x9f, 0x00, 0x9f, 
	0x00, 0x9f, 0x00, 0x9f, 0x00, 0x9f, 0x00, 0x9f, 
	0x00, 0x9f, 0x00, 0x9f, 0x00, 0x9f, 0x00, 0x9f, 
	0x00, 0x9f, 0x00, 0x9f, 0x00, 0x9f, 0x00, 0x9f, 
	0x00, 0x9f, 0x00, 0x9f, 0x00, 0x9f, 0x00, 0x9f, 
	0x00, 0x9f, 0x00, 0x9f, 0x00, 0x9f, 0x00, 0x9f, 
	0x00, 0x9f, 0x00, 0x9f, 0x00, 0x9f, 0x00, 0x9f, 
	0x00, 0x9f, 0x00, 0x9f, 0x00, 0x9f, 0x00, 0x9f, 
	0x00, 0x9f, 0x00, 0x9f, 0x00, 0x9f, 0x00, 0x9f, 
	0x00, 0x9f, 0x00, 0x9f, 0x00, 0x9f, 0x00, 0x9f, 
	0x00, 0x9f, 0x00, 0x9f, 0x00, 0x9f, 0x00, 0x9f, 
	0x00, 0x9f, 0x00, 0x9f, 0x00, 0x9f, 0x00, 0x9f, 
	0x00, 0x9f, 0x00, 0x9f, 0x00, 0x9f, 0x00, 0x9f, 
	0x00, 0x9f, 0x00, 0x9f, 0x00, 0x9f, 0x00, 0x9f, 
	0x00, 0x9f, 0x00, 0x9f, 0x00, 0x9f, 0x00, 0x9f, 
	0x00, 0x9f, 0x00, 0x9f, 0x00, 0x9f, 0x00, 0x9f, 
	0x00, 0xa1, 0x00, 0xa1, 0x00, 0xa1, 0x00, 0xa1, 
	0x00, 0xa1, 0x00, 0xa1, 0x00, 0xa1, 0x00, 0xa1, 
	0x00, 0xa1, 0x00, 0xa1, 0x00, 0xa1, 0x00, 0xa1, 
	0x00, 0xa1, 0x00, 0xa1, 0x00, 0xa1, 0x00, 0xa1, 
	0x00, 0xa1, 0x00, 0xa1, 0x00, 0xa1, 0x00, 0xa1, 
	0x00, 0xa1, 0x00, 0xa1, 0x00, 0xa1, 0x00, 0xa1, 
	0x00, 0xa1, 0x00, 0xa1, 0x00, 0xa1, 0x00, 0xa1, 
	0x00, 0xa1, 0x00, 0xa1, 0x00, 0xa1, 0x00, 0xa1, 
	0x00, 0xa1, 0x00, 0xa1, 0x00, 0xa1, 0x00, 0xa1, 
	0x00, 0xa1, 0x00, 0xa1, 0x00, 0xa1, 0x00, 0xa1, 
	0x00, 0xa1, 0x00, 0xa1, 0x00, 0xa1, 0x00, 0xa1, 
	0x00, 0xa1, 0x32, 0x67, 0x5b, 0xed, 0x00, 0xe3, 
	0x00, 0xa1, 0x00, 0xa1, 0x00, 0xa1, 0x32, 0x67, 
	0x22, 0x69, 0x09, 0x65, 0x00, 0xe1, 0x00, 0xa1, 
	0x00, 0xa1, 0x00, 0xa1, 0x00, 0xa1, 0x00, 0xa1, 
	0x00, 0xa1, 0x00, 0xa1, 0x00, 0xa1, 0x00, 0xa1, 
	0x00, 0xa1, 0x00, 0xa1, 0x00, 0xa1, 0x00, 0xa1, 
	0x00, 0xa1, 0x00, 0xa1, 0x00, 0xa1, 0x00, 0xa1, 
	0x00, 0xa1, 0x00, 0xa1, 0x00, 0xa1, 0x00, 0xa1, 
	0x00, 0xa1, 0x00, 0xa1, 0x00, 0xa1, 0x00, 0xa1, 
	0x00, 0xa1, 0x00, 0xa1, 0x00, 0xa1, 0x00, 0xa1, 
	0x00, 0xa1, 0x00, 0xa1, 0x00, 0xa1, 0x00, 0xa1, 
	0x00, 0xa1, 0x00, 0xa1, 0x00, 0xa1, 0x00, 0xa1, 
	0x00, 0xa1, 0x00, 0xa1, 0x00, 0xa1, 0x00, 0xa1, 
	0x00, 0xa1, 0x00, 0xa1, 0x00, 0xa1, 0x00, 0xa1, 
	0x00, 0xa1, 0x00, 0xa1, 0x00, 0xa1, 0x00, 0xa1, 
	0x00, 0xa1, 0x00, 0xa1, 0x00, 0xa1, 0x00, 0xa1, 
	0x00, 0xa1, 0x00, 0xa1, 0x00, 0xa1, 0x00, 0xa1, 
	0x00, 0xa1, 0x00, 0xa1, 0x00, 0xa1, 0x00, 0xa1, 
	0x00, 0xa1, 0x00, 0xa1, 0x00, 0xa1, 0x00, 0xa1, 
	0x00, 0xa1, 0x00, 0xa1, 0x00, 0xa1, 0x00, 0xa1, 
	0x00, 0xa1, 0x00, 0xa1, 0x00, 0xa1, 0x00, 0xa1, 
	0x00, 0xa1, 0x00, 0xa1, 0x00, 0xa1, 0x00, 0xa1, 
	0x00, 0xa1, 0x00, 0xa1, 0x00, 0xa1, 0x00, 0xa1, 
	0x00, 0xa1, 0x00, 0xa1, 0x00, 0xa1, 0x00, 0xa1, 
	0x00, 0xa1, 0x00, 0xa1, 0x00, 0xa1, 0x00, 0xa1, 
	0x00, 0xa1, 0x00, 0xa1, 0x00, 0xa1, 0x00, 0xa1, 
	0x00, 0xa1, 0x00, 0xa1, 0x00, 0xa1, 0x00, 0xa1, 
	0x00, 0xa1, 0x00, 0xa1, 0x00, 0xa1, 0x00, 0xa1, 
	0x00, 0xa1, 0x00, 0xa1, 0x00, 0xa1, 0x00, 0xa1, 
	0x00, 0xa1, 0x00, 0xa1, 0x00, 0xa1, 0x00, 0xa1, 
	0x00, 0xa1, 0x00, 0xa1, 0x00, 0xa1, 0x00, 0xa1, 
	0x00, 0xa1, 0x00, 0xa1, 0x00, 0xa1, 0x00, 0xa1, 
	0x00, 0xa1, 0x3a, 0xe9, 0x74, 0x6f, 0x8c, 0xf1, 
	0x8c, 0xf1, 0x8c, 0xf1, 0x5b, 0xed, 0x3a, 0xe9, 
	0x6c, 0x2f, 0x3a, 0xe9, 0x01, 0x23, 0x00, 0xe1, 
	0x00, 0xa1, 0x00, 0xa1, 0x00, 0xa1, 0x00, 0xa1, 
	0x00, 0xa1, 0x00, 0xa1, 0x00, 0xa1, 0x00, 0xa1, 
	0x00, 0xa1, 0x00, 0xa1, 0x00, 0xa1, 0x00, 0xa1, 
	0x00, 0xa1, 0x00, 0xa1, 0x00, 0xa1, 0x00, 0xa1, 
	0x00, 0xa1, 0x00, 0xa1, 0x00, 0xa1, 0x00, 0xa1, 
	0x00, 0xa1, 0x00, 0xa1, 0x00, 0xa1, 0x00, 0xa1, 
	0x00, 0xa1, 0x00, 0xa1, 0x00, 0xa1, 0x00, 0xa1, 
	0x00, 0xa1, 0x00, 0xa1, 0x00, 0xa1, 0x00, 0xa1, 
	0x00, 0xa1, 0x00, 0xa1, 0x00, 0xa1, 0x00, 0xa1, 
	0x00, 0xa1, 0x00, 0xa1, 0x00, 0xa1, 0x00, 0xa1, 
	0x00, 0xa1, 0x00, 0xa1, 0x00, 0xa1, 0x00, 0xa1, 
	0x00, 0xa1, 0x00, 0xa1, 0x00, 0xa1, 0x00, 0xa1, 
	0x00, 0xa1, 0x00, 0xa1, 0x00, 0xa1, 0x00, 0xa1, 
	0x00, 0xa1, 0x00, 0xa1, 0x00, 0xa1, 0x00, 0xa1, 
	0x00, 0xa1, 0x00, 0xa1, 0x00, 0xa1, 0x00, 0xa1, 
	0x00, 0xa1, 0x00, 0xa1, 0x00, 0xa1, 0x00, 0xa1, 
	0x00, 0xa1, 0x00, 0xa1, 0x00, 0xa1, 0x00, 0xa1, 
	0x00, 0xa1, 0x00, 0xa1, 0x00, 0xa1, 0x00, 0xa1, 
	0x09, 0x65, 0x00, 0xa1, 0x00, 0xa1, 0x00, 0xa1, 
	0x00, 0xa1, 0x00, 0xa1, 0x00, 0xa1, 0x00, 0xa1, 
	0x00, 0xa1, 0x00, 0xa1, 0x00, 0xa1, 0x00, 0xa1, 
	0x00, 0xa1, 0x00, 0xa1, 0x00, 0xa1, 0x00, 0xa1, 
	0x00, 0xa1, 0x00, 0xa1, 0x00, 0xa1, 0x00, 0xa1, 
	0x00, 0xa1, 0x00, 0xa1, 0x00, 0xa1, 0x00, 0xa1, 
	0x00, 0xa1, 0x00, 0xa1, 0x00, 0xa1, 0x00, 0xa1, 
	0x00, 0xa1, 0x00, 0xa1, 0x00, 0xa1, 0x00, 0xa1, 
	0x00, 0xa1, 0x00, 0xa1, 0x00, 0xa1, 0x00, 0xa1, 
	0x00, 0xa1, 0x00, 0xa1, 0x00, 0xa1, 0x00, 0xa1, 
	0x00, 0xa1, 0x00, 0xa1, 0x00, 0xa1, 0x00, 0xa1, 
	0x32, 0x67, 0xb5, 0xf5, 0xbe, 0x35, 0xbe, 0x35, 
	0xbe, 0x35, 0xbe, 0x35, 0xa5, 0xb3, 0x6c, 0x2f, 
	0x09, 0xa5, 0x22, 0x69, 0x5b, 0xed, 0x8c, 0xf1, 
	0x00, 0xe1, 0x00, 0xa1, 0x00, 0xa1, 0x00, 0xa1, 
	0x00, 0xa1, 0x00, 0xa1, 0x00, 0xa1, 0x00, 0xa1, 
	0x00, 0xa1, 0x00, 0xa1, 0x00, 0xa1, 0x00, 0xa1, 
	0x00, 0xa1, 0x00, 0xe1, 0x00, 0xe1, 0x00, 0xa1, 
	0x00, 0xa1, 0x00, 0xa1, 0x00, 0xa1, 0x00, 0xa1, 
	0x00, 0xa1, 0x00, 0xa1, 0x00, 0xa1, 0x00, 0xa1, 
	0x00, 0xa1, 0x00, 0xa1, 0x00, 0xa1, 0x00, 0xa1, 
	0x00, 0xa1, 0x00, 0xa1, 0x00, 0xa1, 0x00, 0xa1, 
	0x00, 0xa1, 0x00, 0xa1, 0x00, 0xa1, 0x00, 0xa1, 
	0x00, 0xa1, 0x00, 0xa1, 0x00, 0xa1, 0x00, 0xa1, 
	0x00, 0xa1, 0x00, 0xa1, 0x00, 0xa1, 0x00, 0xa1, 
	0x00, 0xa1, 0x00, 0xa1, 0x00, 0xa1, 0x00, 0xa1, 
	0x00, 0xa1, 0x00, 0xa1, 0x00, 0xa1, 0x00, 0xa1, 
	0x00, 0xa1, 0x00, 0xa1, 0x00, 0xa1, 0x00, 0xa1, 
	0x00, 0xa1, 0x00, 0xa1, 0x00, 0xa1, 0x00, 0xa1, 
	0x00, 0xa1, 0x00, 0xa1, 0x00, 0xa1, 0x00, 0xa1, 
	0x00, 0xa1, 0x00, 0xa1, 0x00, 0xa1, 0x00, 0xa1, 
	0x00, 0xa1, 0x00, 0xa1, 0x00, 0xa1, 0x00, 0xa1, 
	0x01, 0x23, 0x00, 0xa1, 0x00, 0xa1, 0x00, 0xa1, 
	0x00, 0xa1, 0x00, 0xa1, 0x00, 0xa1, 0x00, 0xa1, 
	0x00, 0xa1, 0x00, 0xa1, 0x00, 0xa1, 0x00, 0xa1, 
	0x00, 0xa1, 0x00, 0xa1, 0x00, 0xa1, 0x00, 0xa1, 
	0x00, 0xa1, 0x00, 0xa1, 0x00, 0xa1, 0x00, 0xa1, 
	0x00, 0xa1, 0x00, 0xa1, 0x00, 0xa1, 0x00, 0xa1, 
	0x00, 0xa1, 0x00, 0xa1, 0x00, 0xa1, 0x00, 0xa1, 
	0x00, 0xa1, 0x00, 0xa1, 0x00, 0xa1, 0x00, 0xa1, 
	0x00, 0xa1, 0x00, 0xa1, 0x00, 0xa1, 0x00, 0xa1, 
	0x00, 0xa1, 0x00, 0xa1, 0x00, 0xa1, 0x00, 0xa1, 
	0x00, 0xa1, 0x00, 0xe1, 0x00, 0xe1, 0x5b, 0xed, 
	0xb5, 0xf5, 0xbe, 0x35, 0xbe, 0x35, 0xbe, 0x35, 
	0xbe, 0x35, 0xbe, 0x35, 0xbe, 0x35, 0xbe, 0x35, 
	0xa5, 0xb3, 0xa5, 0xb3, 0x8d, 0x31, 0x74, 0x6f, 
	0x00, 0xe3, 0x00, 0xa1, 0x00, 0xa1, 0x00, 0xa1, 
	0x00, 0xa1, 0x00, 0xa1, 0x00, 0xa1, 0x00, 0xa1, 
	0x00, 0xa1, 0x00, 0xa1, 0x00, 0xa1, 0x00, 0xa1, 
	0x00, 0xa1, 0x00, 0xe1, 0x00, 0xe1, 0x00, 0xa1, 
	0x00, 0xa1, 0x00, 0xa1, 0x00, 0xa1, 0x00, 0xa1, 
	0x00, 0xa1, 0x00, 0xa1, 0x00, 0xa1, 0x00, 0xa1, 
	0x00, 0xa1, 0x00, 0xa1, 0x00, 0xa1, 0x00, 0xa1, 
	0x00, 0xa1, 0x00, 0xa1, 0x00, 0xa1, 0x00, 0xa1, 
	0x00, 0xa1, 0x00, 0xa1, 0x00, 0xa1, 0x00, 0xa1, 
	0x00, 0xa1, 0x00, 0xa1, 0x00, 0xa1, 0x00, 0xa1, 
	0x00, 0xa1, 0x00, 0xa1, 0x00, 0xa1, 0x00, 0xa1, 
	0x00, 0xa1, 0x00, 0xa1, 0x00, 0xa1, 0x00, 0xa1, 
	0x00, 0xa1, 0x00, 0xa1, 0x00, 0xa1, 0x00, 0xa1, 
	0x00, 0xa1, 0x00, 0xa1, 0x00, 0xa1, 0x00, 0xa1, 
	0x00, 0xa1, 0x00, 0xa1, 0x00, 0xa1, 0x00, 0xa1, 
	0x00, 0xa1, 0x00, 0xa1, 0x00, 0xa1, 0x00, 0xa1, 
	0x00, 0xa1, 0x00, 0xa1, 0x00, 0xa1, 0x00, 0xa1, 
	0x00, 0xa1, 0x00, 0xa1, 0x00, 0xa1, 0x00, 0xa1, 
	0x01, 0x23, 0x00, 0xa1, 0x00, 0xa1, 0x00, 0xa1, 
	0x00, 0xa1, 0x00, 0xa1, 0x00, 0xa1, 0x00, 0xa1, 
	0x00, 0xa1, 0x00, 0xa1, 0x00, 0xa1, 0x00, 0xa1, 
	0x00, 0xa1, 0x00, 0xe1, 0x00, 0xe1, 0x00, 0xe1, 
	0x00, 0xe1, 0x00, 0xe1, 0x00, 0xe1, 0x00, 0xe1, 
	0x00, 0xe1, 0x00, 0xe1, 0x00, 0xa1, 0x00, 0xa1, 
	0x00, 0xa1, 0x00, 0xa1, 0x00, 0xa1, 0x00, 0xa1, 
	0x00, 0xa1, 0x00, 0xa1, 0x00, 0xa1, 0x00, 0xa1, 
	0x00, 0xa1, 0x00, 0xa1, 0x00, 0xe1, 0x5b, 0xed, 
	0x8c, 0xf1, 0x8c, 0xf1, 0x5b, 0xed, 0x09, 0xa5, 
	0x32, 0x67, 0x6c, 0x2f, 0x6c, 0x2f, 0xb5, 0xf5, 
	0xa5, 0xb3, 0xa5, 0xb3, 0xbe, 0x35, 0xbe, 0x35, 
	0xbe, 0x35, 0xbe, 0x35, 0xbe, 0x35, 0xbe, 0x35, 
	0xbe, 0x35, 0xa5, 0xb3, 0x3a, 0xe9, 0x11, 0xe7, 
	0x00, 0xe1, 0x00, 0xa1, 0x00, 0xa1, 0x00, 0xa1, 
	0x00, 0xa1, 0x00, 0xa1, 0x00, 0xa1, 0x00, 0xa1, 
	0x00, 0xa1, 0x00, 0xa1, 0x00, 0xa1, 0x00, 0xe1, 
	0x00, 0xe1, 0x00, 0xe1, 0x00, 0xa1, 0x00, 0xa1, 
	0x00, 0xa1, 0x00, 0xa1, 0x00, 0xa1, 0x00, 0xa1, 
	0x00, 0xa1, 0x00, 0xa1, 0x00, 0xa1, 0x00, 0xa1, 
	0x00, 0xa1, 0x00, 0xa1, 0x00, 0xa1, 0x00, 0xa1, 
	0x00, 0xa1, 0x00, 0xa1, 0x00, 0xa1, 0x00, 0xa1, 
	0x00, 0xa1, 0x00, 0xa1, 0x00, 0xa1, 0x00, 0xa1, 
	0x00, 0xa1, 0x00, 0xa1, 0x00, 0xa1, 0x00, 0xa1, 
	0x00, 0xa1, 0x00, 0xa1, 0x00, 0xa1, 0x00, 0xa1, 
	0x00, 0xa1, 0x00, 0xa1, 0x00, 0xa1, 0x00, 0xa1, 
	0x00, 0xa1, 0x00, 0xa1, 0x00, 0xa1, 0x00, 0xa1, 
	0x00, 0xa1, 0x00, 0xa1, 0x00, 0xa1, 0x00, 0xa1, 
	0x00, 0xa1, 0x00, 0xa1, 0x00, 0xa1, 0x00, 0xa1, 
	0x00, 0xa1, 0x00, 0xa1, 0x00, 0xa1, 0x00, 0xa1, 
	0x00, 0xa1, 0x00, 0xa1, 0x00, 0xa1, 0x00, 0xa1, 
	0x00, 0xa1, 0x00, 0xa1, 0x00, 0xa1, 0x00, 0xa1, 
	0x00, 0xe1, 0x00, 0xa1, 0x00, 0xa1, 0x00, 0xa1, 
	0x00, 0xa1, 0x00, 0xa1, 0x00, 0xa1, 0x00, 0xa1, 
	0x00, 0xa1, 0x00, 0xa1, 0x00, 0xa1, 0x00, 0xa1, 
	0x00, 0xa1, 0x00, 0xa1, 0x00, 0xe1, 0x00, 0xe1, 
	0x00, 0xe1, 0x00, 0xe1, 0x00, 0xe1, 0x00, 0xe1, 
	0x00, 0xe1, 0x00, 0xe1, 0x00, 0xe1, 0x00, 0xa1, 
	0x00, 0xa1, 0x00, 0xa1, 0x00, 0xa1, 0x00, 0xa1, 
	0x00, 0xa1, 0x00, 0xa1, 0x00, 0xa1, 0x00, 0xa1, 
	0x00, 0xa1, 0x00, 0xe1, 0x11, 0xe5, 0x5b, 0xed, 
	0x74, 0x6f, 0x8d, 0x31, 0x8d, 0x31, 0x01, 0x23, 
	0x5b, 0xed, 0x5b, 0xed, 0xb5, 0xf5, 0xa5, 0xb3, 
	0xa5, 0xb3, 0xbe, 0x35, 0xbe, 0x35, 0xbe, 0x35, 
	0xa5, 0xb3, 0xbe, 0x35, 0xbe, 0x35, 0xa5, 0xb3, 
	0x74, 0x6f, 0x11, 0xe7, 0x01, 0x65, 0x32, 0x67, 
	0x00, 0xe1, 0x00, 0xa1, 0x00, 0xa1, 0x00, 0xa1, 
	0x00, 0xa1, 0x00, 0xa1, 0x00, 0xa1, 0x00, 0xa1, 
	0x00, 0xa1, 0x00, 0xa1, 0x00, 0xa1, 0x00, 0xe1, 
	0x5b, 0xed, 0x5b, 0xed, 0x22, 0x69, 0x00, 0xe3, 
	0x00, 0xe1, 0x00, 0xe1, 0x00, 0xe1, 0x00, 0xa1, 
	0x00, 0xa1, 0x00, 0xa1, 0x00, 0xa1, 0x00, 0xa1, 
	0x00, 0xa1, 0x00, 0xa1, 0x00, 0xa1, 0x00, 0xa1, 
	0x00, 0xa1, 0x00, 0xa1, 0x00, 0xa1, 0x00, 0xa1, 
	0x00, 0xa1, 0x00, 0xa1, 0x00, 0xa1, 0x00, 0xa1, 
	0x00, 0xa1, 0x00, 0xa1, 0x00, 0xa1, 0x00, 0xa1, 
	0x00, 0xa1, 0x00, 0xa1, 0x00, 0xa1, 0x00, 0xa1, 
	0x00, 0xa1, 0x00, 0xa1, 0x00, 0xa1, 0x00, 0xa1, 
	0x00, 0xa1, 0x00, 0xa1, 0x00, 0xa1, 0x00, 0xa1, 
	0x00, 0xa1, 0x00, 0xa1, 0x00, 0xa1, 0x00, 0xa1, 
	0x00, 0xa1, 0x00, 0xa1, 0x00, 0xa1, 0x00, 0xa1, 
	0x00, 0xa1, 0x00, 0xa1, 0x00, 0xa1, 0x00, 0xa1, 
	0x00, 0xa1, 0x00, 0xa1, 0x00, 0xa1, 0x00, 0xa1, 
	0x00, 0xa1, 0x00, 0xa1, 0x00, 0xa1, 0x00, 0xa1, 
	0x00, 0xe1, 0x00, 0xe1, 0x00, 0xe1, 0x00, 0xe1, 
	0x00, 0xe1, 0x00, 0xe1, 0x00, 0xe1, 0x00, 0xe1, 
	0x00, 0xe1, 0x00, 0xe1, 0x00, 0xe1, 0x00, 0xe1, 
	0x00, 0xe1, 0x00, 0xe1, 0x00, 0xe1, 0x00, 0xe1, 
	0x00, 0xe1, 0x00, 0xe1, 0x00, 0xe1, 0x00, 0xe1, 
	0x00, 0xe1, 0x00, 0xe1, 0x00, 0xe1, 0x00, 0xe1, 
	0x00, 0xe1, 0x00, 0xe1, 0x00, 0xa1, 0x00, 0xa1, 
	0x00, 0xa1, 0x00, 0xe1, 0x00, 0xa1, 0x00, 0xe1, 
	0x00, 0xa1, 0x00, 0xe1, 0x32, 0x67, 0x5b, 0xed, 
	0x8d, 0x31, 0x8d, 0x31, 0x8d, 0x31, 0x8c, 0xf1, 
	0xb5, 0xf5, 0xbe, 0x35, 0xa5, 0xb3, 0xa5, 0xb3, 
	0xa5, 0xb3, 0xbe, 0x35, 0xbe, 0x35, 0xa5, 0xb3, 
	0xa5, 0xb3, 0xa5, 0xb3, 0xa5, 0xb3, 0x8d, 0x31, 
	0x6c, 0x2f, 0xb5, 0xf5, 0xa5, 0xb3, 0xbe, 0x35, 
	0xa5, 0xb3, 0x09, 0x65, 0x00, 0xe1, 0x32, 0x67, 
	0x5b, 0xed, 0x8c, 0xf1, 0x00, 0xe1, 0x00, 0xe1, 
	0x00, 0xe1, 0x00, 0xe1, 0x32, 0x67, 0x3a, 0xe9, 
	0x4b, 0x69, 0x8d, 0x31, 0xa5, 0xb3, 0x3a, 0xe9, 
	0x01, 0x23, 0x01, 0x23, 0x01, 0x23, 0x00, 0xe1, 
	0x00, 0xe1, 0x00, 0xa1, 0x00, 0xa1, 0x00, 0xa1, 
	0x00, 0xa1, 0x00, 0xa1, 0x00, 0xa1, 0x00, 0xa1, 
	0x00, 0xa1, 0x00, 0xa1, 0x00, 0xa1, 0x00, 0xa1, 
	0x00, 0xa1, 0x00, 0xa1, 0x00, 0xa1, 0x00, 0xa1, 
	0x00, 0xa1, 0x00, 0xa1, 0x00, 0xa1, 0x00, 0xa1, 
	0x00, 0xa1, 0x00, 0xa1, 0x00, 0xa1, 0x00, 0xa1, 
	0x00, 0xa1, 0x00, 0xa1, 0x00, 0xa1, 0x00, 0xa1, 
	0x00, 0xa1, 0x00, 0xa1, 0x00, 0xa1, 0x00, 0xa1, 
	0x00, 0xa1, 0x00, 0xa1, 0x00, 0xa1, 0x00, 0xa1, 
	0x00, 0xa1, 0x00, 0xa1, 0x00, 0xa1, 0x00, 0xa1, 
	0x00, 0xa1, 0x00, 0xa1, 0x00, 0xa1, 0x00, 0xa1, 
	0x00, 0xa1, 0x00, 0xa1, 0x00, 0xa1, 0x00, 0xa1, 
	0x00, 0xa1, 0x00, 0xa1, 0x00, 0xa1, 0x00, 0xa1, 
	0x00, 0xe3, 0x00, 0xe1, 0x00, 0xe1, 0x00, 0xe1, 
	0x00, 0xe1, 0x00, 0xe1, 0x00, 0xe1, 0x00, 0xe1, 
	0x00, 0xe1, 0x00, 0xe1, 0x00, 0xe1, 0x00, 0xe1, 
	0x00, 0xe1, 0x00, 0xe1, 0x00, 0xe1, 0x00, 0xe1, 
	0x00, 0xe1, 0x00, 0xe1, 0x00, 0xe1, 0x00, 0xe1, 
	0x00, 0xe1, 0x00, 0xe1, 0x00, 0xe1, 0x00, 0xe1, 
	0x00, 0xe1, 0x00, 0xe1, 0x00, 0xe1, 0x00, 0xe1, 
	0x00, 0xe1, 0x00, 0xe1, 0x00, 0xe1, 0x00, 0xe1, 
	0x00, 0xe1, 0x00, 0xe1, 0x11, 0xe5, 0x4b, 0x69, 
	0x74, 0x6f, 0x8d, 0x31, 0xa5, 0xb3, 0xa5, 0xb3, 
	0xa5, 0xb3, 0xa5, 0xb3, 0xa5, 0xb3, 0xa5, 0xb3, 
	0xbe, 0x35, 0xa5, 0xb3, 0xbe, 0x35, 0xbe, 0x35, 
	0xa5, 0xb3, 0xbe, 0x35, 0xbe, 0x35, 0x8d, 0x31, 
	0xb5, 0xf5, 0xbe, 0x35, 0xbe, 0x35, 0xbe, 0x35, 
	0xbe, 0x35, 0xbe, 0x35, 0xbe, 0x35, 0xbe, 0x35, 
	0xbe, 0x35, 0xbe, 0x35, 0x8c, 0xf1, 0x5b, 0xed, 
	0x09, 0x65, 0x32, 0x67, 0x5b, 0xed, 0xb5, 0xf5, 
	0xb5, 0xf5, 0xbe, 0x35, 0xa5, 0xb3, 0xa5, 0xb3, 
	0x8c, 0xf1, 0x5b, 0xed, 0x22, 0x69, 0x32, 0x67, 
	0x5b, 0xed, 0x00, 0xe1, 0x32, 0x67, 0x09, 0x65, 
	0x00, 0xe1, 0x00, 0xe1, 0x00, 0xe1, 0x00, 0xe1, 
	0x00, 0xe1, 0x00, 0xe1, 0x00, 0xe1, 0x00, 0xe1, 
	0x00, 0xe1, 0x00, 0xe1, 0x00, 0xe1, 0x00, 0xe1, 
	0x00, 0xe1, 0x00, 0xe1, 0x00, 0xe1, 0x00, 0xe1, 
	0x00, 0xe1, 0x00, 0xe1, 0x00, 0xe1, 0x00, 0xe1, 
	0x00, 0xe1, 0x00, 0xe1, 0x00, 0xe1, 0x00, 0xe1, 
	0x00, 0xe1, 0x00, 0xe1, 0x00, 0xe1, 0x00, 0xe1, 
	0x00, 0xe1, 0x00, 0xe1, 0x00, 0xe1, 0x00, 0xe1, 
	0x00, 0xe1, 0x00, 0xe1, 0x00, 0xe1, 0x00, 0xe1, 
	0x00, 0xe1, 0x00, 0xe1, 0x00, 0xe1, 0x00, 0xe1, 
	0x00, 0xe1, 0x00, 0xe1, 0x00, 0xe1, 0x00, 0xe1, 
	0x00, 0xe1, 0x00, 0xe1, 0x00, 0xe1, 0x00, 0xe1, 
	0x00, 0xe3, 0x00, 0xe1, 0x00, 0xe1, 0x00, 0xe1, 
	0x00, 0xe1, 0x00, 0xe1, 0x00, 0xe1, 0x00, 0xe1, 
	0x00, 0xe1, 0x00, 0xe1, 0x00, 0xe1, 0x00, 0xe1, 
	0x00, 0xe1, 0x00, 0xe1, 0x00, 0xe1, 0x00, 0xe1, 
	0x00, 0xe1, 0x00, 0xe1, 0x00, 0xe1, 0x00, 0xe1, 
	0x00, 0xe1, 0x00, 0xe1, 0x00, 0xe1, 0x00, 0xe1, 
	0x00, 0xe1, 0x00, 0xe1, 0x00, 0xe1, 0x00, 0xe1, 
	0x00, 0xe1, 0x00, 0xe1, 0x00, 0xe1, 0x00, 0xe1, 
	0x00, 0xe1, 0x00, 0xe1, 0x00, 0xe1, 0x11, 0xe5, 
	0x4b, 0x69, 0x74, 0x6f, 0x8d, 0x31, 0xa5, 0xb3, 
	0xbe, 0x35, 0xa5, 0xb3, 0xa5, 0xb3, 0xa5, 0xb3, 
	0xa5, 0xb3, 0xa5, 0xb3, 0xa5, 0xb3, 0xbe, 0x35, 
	0xa5, 0xb3, 0xa5, 0xb3, 0xa5, 0xb3, 0xbe, 0x35, 
	0xbe, 0x35, 0xbe, 0x35, 0xbe, 0x35, 0xbe, 0x35, 
	0xbe, 0x35, 0xbe, 0x35, 0xbe, 0x35, 0xbe, 0x35, 
	0xbe, 0x35, 0xbe, 0x35, 0xbe, 0x35, 0xbe, 0x35, 
	0xa5, 0xb3, 0x6c, 0x2f, 0xa5, 0xb3, 0xbe, 0x35, 
	0xbe, 0x35, 0xbe, 0x35, 0xbe, 0x35, 0xbe, 0x35, 
	0xa5, 0xb3, 0xa5, 0xb3, 0xbe, 0x35, 0xb5, 0xf5, 
	0xbe, 0x35, 0xbe, 0x35, 0xa5, 0xb3, 0x09, 0xa5, 
	0x00, 0xe1, 0x00, 0xe1, 0x00, 0xe1, 0x00, 0xe1, 
	0x00, 0xe1, 0x00, 0xe1, 0x00, 0xe1, 0x00, 0xe1, 
	0x00, 0xe1, 0x00, 0xe1, 0x00, 0xe1, 0x00, 0xe1, 
	0x00, 0xe1, 0x00, 0xe1, 0x00, 0xe1, 0x00, 0xe1, 
	0x00, 0xe1, 0x00, 0xe1, 0x00, 0xe1, 0x00, 0xe1, 
	0x00, 0xe1, 0x00, 0xe1, 0x00, 0xe1, 0x00, 0xe1, 
	0x00, 0xe1, 0x00, 0xe1, 0x00, 0xe1, 0x00, 0xe1, 
	0x00, 0xe1, 0x00, 0xe1, 0x00, 0xe1, 0x00, 0xe1, 
	0x00, 0xe1, 0x00, 0xe1, 0x00, 0xe1, 0x00, 0xe1, 
	0x00, 0xe1, 0x00, 0xe1, 0x00, 0xe1, 0x00, 0xe1, 
	0x00, 0xe1, 0x00, 0xe1, 0x00, 0xe1, 0x00, 0xe1, 
	0x00, 0xe1, 0x00, 0xe1, 0x00, 0xe1, 0x00, 0xe1, 
	0x00, 0xe1, 0x00, 0xe1, 0x00, 0xe1, 0x00, 0xe1, 
	0x00, 0xe1, 0x00, 0xe1, 0x00, 0xe1, 0x00, 0xe1, 
	0x00, 0xe1, 0x00, 0xe1, 0x00, 0xe3, 0x00, 0xe3, 
	0x00, 0xe3, 0x00, 0xe3, 0x00, 0xe1, 0x00, 0xe1, 
	0x00, 0xe1, 0x00, 0xe1, 0x00, 0xe1, 0x00, 0xe1, 
	0x00, 0xe1, 0x00, 0xe1, 0x00, 0xe1, 0x00, 0xe1, 
	0x00, 0xe1, 0x00, 0xe1, 0x00, 0xe1, 0x00, 0xe1, 
	0x00, 0xe1, 0x00, 0xe1, 0x00, 0xe1, 0x00, 0xe1, 
	0x00, 0xe1, 0x00, 0xe1, 0x00, 0xe1, 0x5b, 0xed, 
	0x6c, 0x2f, 0xa5, 0xb3, 0xa5, 0xb3, 0xa5, 0xb3, 
	0xa5, 0xb3, 0xa5, 0xb3, 0xa5, 0xb3, 0xa5, 0xb3, 
	0xa5, 0xb3, 0xa5, 0xb3, 0xa5, 0xb3, 0xa5, 0xb3, 
	0xbe, 0x35, 0xbe, 0x35, 0xbe, 0x35, 0xbe, 0x35, 
	0xa5, 0xb3, 0xa5, 0xb3, 0xa5, 0xb3, 0xa5, 0xb3, 
	0xa5, 0xb3, 0xbe, 0x35, 0xbe, 0x35, 0xbe, 0x35, 
	0xbe, 0x35, 0xbe, 0x35, 0xbe, 0x35, 0xbe, 0x35, 
	0xa5, 0xb3, 0x8d, 0x31, 0xa5, 0xb3, 0xbe, 0x35, 
	0xbe, 0x35, 0xbe, 0x35, 0xbe, 0x35, 0xbe, 0x35, 
	0xbe, 0x35, 0xbe, 0x35, 0xbe, 0x35, 0xbe, 0x35, 
	0xbe, 0x35, 0xbe, 0x35, 0xa5, 0xb3, 0x6c, 0x2f, 
	0x00, 0xe1, 0x00, 0xe1, 0x00, 0xe1, 0x00, 0xe1, 
	0x00, 0xe1, 0x00, 0xe1, 0x00, 0xe1, 0x00, 0xe1, 
	0x00, 0xe1, 0x00, 0xe1, 0x00, 0xe1, 0x00, 0xe1, 
	0x00, 0xe1, 0x00, 0xe1, 0x00, 0xe1, 0x00, 0xe1, 
	0x00, 0xe1, 0x00, 0xe1, 0x00, 0xe1, 0x00, 0xe1, 
	0x00, 0xe1, 0x00, 0xe1, 0x00, 0xe1, 0x00, 0xe1, 
	0x00, 0xe1, 0x00, 0xe1, 0x00, 0xe1, 0x00, 0xe1, 
	0x00, 0xe1, 0x00, 0xe1, 0x00, 0xe1, 0x00, 0xe1, 
	0x00, 0xe1, 0x00, 0xe1, 0x00, 0xe1, 0x00, 0xe1, 
	0x00, 0xe1, 0x00, 0xe1, 0x00, 0xe1, 0x00, 0xe1, 
	0x00, 0xe1, 0x00, 0xe1, 0x00, 0xe1, 0x00, 0xe1, 
	0x00, 0xe1, 0x00, 0xe1, 0x00, 0xe1, 0x00, 0xe1, 
	0x00, 0xe3, 0x00, 0xe3, 0x00, 0xe3, 0x00, 0xe3, 
	0x00, 0xe3, 0x00, 0xe3, 0x00, 0xe3, 0x00, 0xe3, 
	0x00, 0xe3, 0x00, 0xe3, 0x00, 0xe3, 0x00, 0xe3, 
	0x00, 0xe3, 0x00, 0xe3, 0x00, 0xe3, 0x00, 0xe3, 
	0x00, 0xe3, 0x00, 0xe3, 0x00, 0xe3, 0x00, 0xe3, 
	0x00, 0xe3, 0x00, 0xe3, 0x00, 0xe3, 0x00, 0xe3, 
	0x00, 0xe3, 0x00, 0xe3, 0x00, 0xe3, 0x00, 0xe3, 
	0x00, 0xe3, 0x00, 0xe3, 0x00, 0xe3, 0x01, 0x23, 
	0x00, 0xe3, 0x09, 0x65, 0x5b, 0xed, 0x74, 0x6f, 
	0x8d, 0x31, 0xa5, 0xb3, 0xa5, 0xb3, 0xa5, 0xb3, 
	0xa5, 0xb3, 0xa5, 0xb3, 0xa5, 0xb3, 0xa5, 0xb3, 
	0xa5, 0xb3, 0xa5, 0xb3, 0xa5, 0xb3, 0xa5, 0xb3, 
	0xbe, 0x35, 0xbe, 0x35, 0xbe, 0x35, 0xa5, 0xb3, 
	0xa5, 0xb3, 0x8d, 0x31, 0x8d, 0x31, 0x8d, 0x31, 
	0x8d, 0x31, 0x8d, 0x31, 0x8d, 0x31, 0x8d, 0x31, 
	0xbe, 0x35, 0xbe, 0x35, 0xbe, 0x35, 0xbe, 0x35, 
	0xbe, 0x35, 0xbe, 0x35, 0xbe, 0x35, 0xa5, 0xb3, 
	0xbe, 0x35, 0xbe, 0x35, 0xbe, 0x35, 0xbe, 0x35, 
	0xbe, 0x35, 0xbe, 0x35, 0xbe, 0x35, 0xbe, 0x35, 
	0xbe, 0x35, 0xbe, 0x35, 0xa5, 0xb3, 0x8d, 0x31, 
	0x8c, 0xf1, 0x6c, 0x2f, 0x6c, 0x2f, 0x00, 0xe3, 
	0x00, 0xe3, 0x00, 0xe3, 0x00, 0xe3, 0x00, 0xe3, 
	0x00, 0xe3, 0x00, 0xe3, 0x00, 0xe3, 0x00, 0xe3, 
	0x00, 0xe3, 0x00, 0xe3, 0x00, 0xe3, 0x00, 0xe3, 
	0x00, 0xe3, 0x00, 0xe3, 0x00, 0xe3, 0x00, 0xe3, 
	0x00, 0xe3, 0x00, 0xe3, 0x00, 0xe3, 0x00, 0xe3, 
	0x00, 0xe3, 0x00, 0xe3, 0x00, 0xe3, 0x00, 0xe3, 
	0x00, 0xe3, 0x00, 0xe3, 0x00, 0xe3, 0x00, 0xe3, 
	0x00, 0xe3, 0x00, 0xe3, 0x00, 0xe3, 0x00, 0xe3, 
	0x00, 0xe3, 0x00, 0xe3, 0x00, 0xe3, 0x00, 0xe3, 
	0x00, 0xe3, 0x00, 0xe3, 0x00, 0xe3, 0x00, 0xe3, 
	0x00, 0xe3, 0x00, 0xe3, 0x00, 0xe3, 0x00, 0xe3, 
	0x00, 0xe3, 0x00, 0xe3, 0x00, 0xe3, 0x00, 0xe3, 
	0x00, 0xe3, 0x00, 0xe3, 0x00, 0xe3, 0x00, 0xe3, 
	0x00, 0xe3, 0x00, 0xe3, 0x00, 0xe3, 0x00, 0xe3, 
	0x00, 0xe3, 0x00, 0xe3, 0x00, 0xe3, 0x00, 0xe3, 
	0x00, 0xe3, 0x00, 0xe3, 0x00, 0xe3, 0x00, 0xe3, 
	0x00, 0xe3, 0x00, 0xe3, 0x00, 0xe3, 0x00, 0xe3, 
	0x00, 0xe3, 0x00, 0xe3, 0x00, 0xe3, 0x00, 0xe3, 
	0x00, 0xe3, 0x00, 0xe3, 0x00, 0xe3, 0x01, 0x65, 
	0x01, 0x23, 0x11, 0xe5, 0x4b, 0x69, 0x74, 0x6f, 
	0x74, 0x6f, 0x8d, 0x31, 0x8d, 0x31, 0xa5, 0xb3, 
	0xa5, 0xb3, 0xa5, 0xb3, 0xa5, 0xb3, 0xa5, 0xb3, 
	0xa5, 0xb3, 0xa5, 0xb3, 0xa5, 0xb3, 0xa5, 0xb3, 
	0xa5, 0xb3, 0xa5, 0xb3, 0xa5, 0xb3, 0x8d, 0x31, 
	0x8d, 0x31, 0x74, 0x6f, 0x74, 0x6f, 0x74, 0x6f, 
	0x74, 0x6f, 0x74, 0x6f, 0x74, 0x6f, 0x8d, 0x31, 
	0xa5, 0xb3, 0xbe, 0x35, 0xbe, 0x35, 0xbe, 0x35, 
	0xbe, 0x35, 0xbe, 0x35, 0xbe, 0x35, 0xa5, 0xb3, 
	0xa5, 0xb3, 0xa5, 0xb3, 0xbe, 0x35, 0xbe, 0x35, 
	0xbe, 0x35, 0xbe, 0x35, 0xbe, 0x35, 0xbe, 0x35, 
	0xbe, 0x35, 0xbe, 0x35, 0x8d, 0x31, 0x74, 0x6f, 
	0x8d, 0x31, 0x74, 0x6f, 0x5b, 0xed, 0x01, 0x25, 
	0x00, 0xe3, 0x00, 0xe3, 0x00, 0xe3, 0x00, 0xe3, 
	0x00, 0xe3, 0x00, 0xe3, 0x00, 0xe3, 0x00, 0xe3, 
	0x00, 0xe3, 0x00, 0xe3, 0x00, 0xe3, 0x00, 0xe3, 
	0x00, 0xe3, 0x00, 0xe3, 0x00, 0xe3, 0x00, 0xe3, 
	0x00, 0xe3, 0x00, 0xe3, 0x00, 0xe3, 0x00, 0xe3, 
	0x00, 0xe3, 0x00, 0xe3, 0x00, 0xe3, 0x00, 0xe3, 
	0x00, 0xe3, 0x00, 0xe3, 0x00, 0xe3, 0x00, 0xe3, 
	0x00, 0xe3, 0x00, 0xe3, 0x00, 0xe3, 0x00, 0xe3, 
	0x00, 0xe3, 0x00, 0xe3, 0x00, 0xe3, 0x00, 0xe3, 
	0x00, 0xe3, 0x00, 0xe3, 0x00, 0xe3, 0x00, 0xe3, 
	0x00, 0xe3, 0x00, 0xe3, 0x00, 0xe3, 0x00, 0xe3, 
	0x00, 0xe3, 0x00, 0xe3, 0x00, 0xe3, 0x00, 0xe3, 
	0x00, 0xe3, 0x00, 0xe3, 0x00, 0xe3, 0x00, 0xe3, 
	0x00, 0xe3, 0x00, 0xe3, 0x00, 0xe3, 0x00, 0xe3, 
	0x00, 0xe3, 0x00, 0xe3, 0x00, 0xe3, 0x00, 0xe3, 
	0x00, 0xe3, 0x00, 0xe3, 0x00, 0xe3, 0x00, 0xe3, 
	0x00, 0xe3, 0x00, 0xe3, 0x00, 0xe3, 0x00, 0xe3, 
	0x00, 0xe3, 0x00, 0xe3, 0x00, 0xe3, 0x00, 0xe3, 
	0x00, 0xe3, 0x00, 0xe3, 0x00, 0xe3, 0x01, 0x23, 
	0x01, 0x23, 0x01, 0x23, 0x11, 0xe5, 0x4b, 0x69, 
	0x5b, 0xed, 0x74, 0x6f, 0x8d, 0x31, 0x8d, 0x31, 
	0x8d, 0x31, 0x8d, 0x31, 0xa5, 0xb3, 0xa5, 0xb3, 
	0xa5, 0xb3, 0xa5, 0xb3, 0xa5, 0xb3, 0xa5, 0xb3, 
	0xa5, 0xb3, 0xa5, 0xb3, 0xa5, 0xb3, 0x8d, 0x31, 
	0x74, 0x6f, 0x74, 0x6f, 0x74, 0x6f, 0x74, 0x6f, 
	0x74, 0x6f, 0x74, 0x6f, 0x74, 0x6f, 0x74, 0x6f, 
	0x8d, 0x31, 0xa5, 0xb3, 0xa5, 0xb3, 0xa5, 0xb3, 
	0xa5, 0xb3, 0xa5, 0xb3, 0xa5, 0xb3, 0xa5, 0xb3, 
	0xa5, 0xb3, 0xa5, 0xb3, 0xa5, 0xb3, 0xa5, 0xb3, 
	0xa5, 0xb3, 0xa5, 0xb3, 0xa5, 0xb3, 0xa5, 0xb3, 
	0xbe, 0x35, 0xbe, 0x35, 0x8d, 0x31, 0x5b, 0xed, 
	0x3a, 0xe9, 0x3a, 0xe9, 0x11, 0xe7, 0x01, 0x23, 
	0x00, 0xe3, 0x00, 0xe3, 0x00, 0xe3, 0x00, 0xe3, 
	0x00, 0xe3, 0x00, 0xe3, 0x00, 0xe3, 0x00, 0xe3, 
	0x00, 0xe3, 0x00, 0xe3, 0x00, 0xe3, 0x00, 0xe3, 
	0x00, 0xe3, 0x00, 0xe3, 0x00, 0xe3, 0x00, 0xe3, 
	0x00, 0xe3, 0x00, 0xe3, 0x00, 0xe3, 0x00, 0xe3, 
	0x00, 0xe3, 0x00, 0xe3, 0x00, 0xe3, 0x00, 0xe3, 
	0x00, 0xe3, 0x00, 0xe3, 0x00, 0xe3, 0x00, 0xe3, 
	0x00, 0xe3, 0x00, 0xe3, 0x00, 0xe3, 0x00, 0xe3, 
	0x00, 0xe3, 0x00, 0xe3, 0x00, 0xe3, 0x00, 0xe3, 
	0x00, 0xe3, 0x00, 0xe3, 0x00, 0xe3, 0x00, 0xe3, 
	0x00, 0xe3, 0x00, 0xe3, 0x00, 0xe3, 0x00, 0xe3, 
	0x00, 0xe3, 0x00, 0xe3, 0x00, 0xe3, 0x00, 0xe3, 
	0x00, 0xe3, 0x00, 0xe3, 0x00, 0xe3, 0x00, 0xe3, 
	0x00, 0xe3, 0x00, 0xe3, 0x00, 0xe3, 0x00, 0xe3, 
	0x00, 0xe3, 0x00, 0xe3, 0x00, 0xe3, 0x00, 0xe3, 
	0x00, 0xe3, 0x00, 0xe3, 0x00, 0xe3, 0x00, 0xe3, 
	0x00, 0xe3, 0x00, 0xe3, 0x00, 0xe3, 0x00, 0xe3, 
	0x00, 0xe3, 0x00, 0xe3, 0x00, 0xe3, 0x00, 0xe3, 
	0x00, 0xe3, 0x00, 0xe3, 0x00, 0xe3, 0x01, 0x23, 
	0x00, 0xe3, 0x01, 0x23, 0x01, 0x23, 0x01, 0x65, 
	0x09, 0xa5, 0x3a, 0xe9, 0x5b, 0xed, 0x74, 0x6f, 
	0x74, 0x6f, 0x74, 0x6f, 0x74, 0x6f, 0x8d, 0x31, 
	0x8d, 0x31, 0x8d, 0x31, 0x8d, 0x31, 0x8d, 0x31, 
	0xa5, 0xb3, 0xa5, 0xb3, 0xa5, 0xb3, 0x8d, 0x31, 
	0x74, 0x6f, 0x8d, 0x31, 0x8d, 0x31, 0x74, 0x6f, 
	0x8d, 0x31, 0x74, 0x6f, 0x74, 0x6f, 0x74, 0x6f, 
	0x74, 0x6f, 0x74, 0x6f, 0x8d, 0x31, 0x8d, 0x31, 
	0xa5, 0xb3, 0xa5, 0xb3, 0x8d, 0x31, 0x8d, 0x31, 
	0x8d, 0x31, 0x8d, 0x31, 0x74, 0x6f, 0x8d, 0x31, 
	0x8d, 0x31, 0x8d, 0x31, 0x8d, 0x31, 0xa5, 0xb3, 
	0xa5, 0xb3, 0xa5, 0xb3, 0x8d, 0x31, 0x6c, 0x2f, 
	0xb5, 0xf5, 0xa5, 0xb3, 0x22, 0x69, 0x00, 0xe3, 
	0x09, 0x65, 0x01, 0x23, 0x00, 0xe3, 0x00, 0xe3, 
	0x00, 0xe3, 0x00, 0xe3, 0x00, 0xe3, 0x00, 0xe3, 
	0x00, 0xe3, 0x00, 0xe3, 0x00, 0xe3, 0x00, 0xe3, 
	0x00, 0xe3, 0x00, 0xe3, 0x00, 0xe3, 0x00, 0xe3, 
	0x00, 0xe3, 0x00, 0xe3, 0x00, 0xe3, 0x00, 0xe3, 
	0x00, 0xe3, 0x00, 0xe3, 0x00, 0xe3, 0x00, 0xe3, 
	0x00, 0xe3, 0x00, 0xe3, 0x00, 0xe3, 0x00, 0xe3, 
	0x00, 0xe3, 0x00, 0xe3, 0x00, 0xe3, 0x00, 0xe3, 
	0x00, 0xe3, 0x00, 0xe3, 0x00, 0xe3, 0x00, 0xe3, 
	0x00, 0xe3, 0x00, 0xe3, 0x00, 0xe3, 0x00, 0xe3, 
	0x00, 0xe3, 0x00, 0xe3, 0x00, 0xe3, 0x00, 0xe3, 
	0x01, 0x23, 0x01, 0x23, 0x01, 0x23, 0x01, 0x23, 
	0x01, 0x23, 0x01, 0x23, 0x01, 0x23, 0x01, 0x23, 
	0x01, 0x23, 0x01, 0x23, 0x01, 0x23, 0x01, 0x23, 
	0x01, 0x23, 0x01, 0x23, 0x01, 0x23, 0x01, 0x23, 
	0x01, 0x23, 0x01, 0x23, 0x01, 0x23, 0x01, 0x23, 
	0x01, 0x23, 0x01, 0x23, 0x01, 0x23, 0x01, 0x23, 
	0x01, 0x23, 0x01, 0x23, 0x01, 0x23, 0x01, 0x23, 
	0x01, 0x23, 0x01, 0x23, 0x01, 0x23, 0x01, 0x23, 
	0x01, 0x23, 0x01, 0x23, 0x01, 0x23, 0x01, 0x23, 
	0x01, 0x23, 0x5b, 0xed, 0x6c, 0x2f, 0x74, 0x6f, 
	0x74, 0x6f, 0x74, 0x6f, 0x74, 0x6f, 0x74, 0x6f, 
	0x8d, 0x31, 0x8d, 0x31, 0x74, 0x6f, 0x8d, 0x31, 
	0x8d, 0x31, 0x8d, 0x31, 0x8d, 0x31, 0xa5, 0xb3, 
	0x8d, 0x31, 0x8d, 0x31, 0x8d, 0x31, 0xa5, 0xb3, 
	0x8d, 0x31, 0x8d, 0x31, 0x8d, 0x31, 0x74, 0x6f, 
	0x74, 0x6f, 0x5b, 0xed, 0x74, 0x6f, 0x74, 0x6f, 
	0x8d, 0x31, 0x8d, 0x31, 0x74, 0x6f, 0x74, 0x6f, 
	0x74, 0x6f, 0x74, 0x6f, 0x5b, 0xed, 0x74, 0x6f, 
	0x74, 0x6f, 0x74, 0x6f, 0x8d, 0x31, 0x74, 0x6f, 
	0x8d, 0x31, 0x8d, 0x31, 0xa5, 0xb3, 0x8d, 0x31, 
	0x74, 0x6f, 0x5b, 0xed, 0x3a, 0xe9, 0x01, 0x23, 
	0x01, 0x23, 0x01, 0x23, 0x01, 0x25, 0x01, 0x23, 
	0x01, 0x23, 0x01, 0x23, 0x01, 0x23, 0x01, 0x23, 
	0x01, 0x23, 0x01, 0x23, 0x01, 0x23, 0x01, 0x23, 
	0x01, 0x23, 0x01, 0x23, 0x01, 0x23, 0x01, 0x23, 
	0x01, 0x23, 0x01, 0x23, 0x01, 0x23, 0x01, 0x23, 
	0x01, 0x23, 0x01, 0x23, 0x01, 0x23, 0x01, 0x23, 
	0x01, 0x23, 0x01, 0x23, 0x01, 0x23, 0x01, 0x23, 
	0x01, 0x23, 0x01, 0x23, 0x01, 0x23, 0x01, 0x23, 
	0x01, 0x23, 0x01, 0x23, 0x01, 0x23, 0x01, 0x23, 
	0x01, 0x23, 0x01, 0x23, 0x01, 0x23, 0x01, 0x23, 
	0x01, 0x23, 0x01, 0x23, 0x01, 0x23, 0x01, 0x23, 
	0x01, 0x23, 0x01, 0x23, 0x01, 0x23, 0x01, 0x23, 
	0x01, 0x23, 0x01, 0x23, 0x01, 0x23, 0x01, 0x23, 
	0x01, 0x23, 0x01, 0x23, 0x01, 0x23, 0x01, 0x23, 
	0x01, 0x23, 0x01, 0x23, 0x01, 0x23, 0x01, 0x23, 
	0x01, 0x23, 0x01, 0x23, 0x01, 0x23, 0x01, 0x23, 
	0x01, 0x23, 0x01, 0x23, 0x01, 0x23, 0x01, 0x23, 
	0x01, 0x23, 0x01, 0x23, 0x01, 0x23, 0x01, 0x23, 
	0x01, 0x23, 0x01, 0x23, 0x01, 0x23, 0x01, 0x23, 
	0x01, 0x23, 0x01, 0x23, 0x01, 0x23, 0x01, 0x23, 
	0x11, 0xe5, 0x4b, 0x69, 0x5b, 0xed, 0x5b, 0xed, 
	0x5b, 0xed, 0x5b, 0xed, 0x5b, 0xed, 0x74, 0x6f, 
	0x74, 0x6f, 0x74, 0x6f, 0x74, 0x6f, 0x8d, 0x31, 
	0x8d, 0x31, 0x8d, 0x31, 0x8d, 0x31, 0x8d, 0x31, 
	0x8d, 0x31, 0x8d, 0x31, 0x8d, 0x31, 0x8d, 0x31, 
	0x8d, 0x31, 0x8d, 0x31, 0x8d, 0x31, 0x8d, 0x31, 
	0x74, 0x6f, 0x74, 0x6f, 0x74, 0x6f, 0x74, 0x6f, 
	0x74, 0x6f, 0x74, 0x6f, 0x5b, 0xed, 0x4b, 0x69, 
	0x11, 0xe7, 0x11, 0xe7, 0x3a, 0xe9, 0x74, 0x6f, 
	0x74, 0x6f, 0x74, 0x6f, 0x74, 0x6f, 0x74, 0x6f, 
	0x5b, 0xed, 0x5b, 0xed, 0x74, 0x6f, 0xb5, 0xf5, 
	0xb5, 0xf5, 0xb5, 0xf5, 0xa5, 0xb3, 0x5b, 0xed, 
	0x5b, 0xed, 0x3a, 0xe9, 0x01, 0x25, 0x01, 0x23, 
	0x01, 0x23, 0x01, 0x23, 0x01, 0x23, 0x01, 0x23, 
	0x01, 0x23, 0x01, 0x23, 0x01, 0x23, 0x01, 0x23, 
	0x01, 0x23, 0x01, 0x23, 0x01, 0x23, 0x01, 0x23, 
	0x01, 0x23, 0x01, 0x23, 0x01, 0x23, 0x01, 0x23, 
	0x01, 0x23, 0x01, 0x23, 0x01, 0x23, 0x01, 0x23, 
	0x01, 0x23, 0x01, 0x23, 0x01, 0x23, 0x01, 0x23, 
	0x01, 0x23, 0x01, 0x23, 0x01, 0x23, 0x01, 0x23, 
	0x01, 0x23, 0x01, 0x23, 0x01, 0x23, 0x01, 0x23, 
	0x01, 0x23, 0x01, 0x23, 0x01, 0x23, 0x01, 0x23, 
	0x01, 0x23, 0x01, 0x23, 0x01, 0x23, 0x01, 0x23, 
	0x01, 0x23, 0x01, 0x23, 0x01, 0x23, 0x01, 0x23, 
	0x01, 0x23, 0x01, 0x23, 0x01, 0x23, 0x01, 0x23, 
	0x01, 0x23, 0x01, 0x23, 0x01, 0x23, 0x01, 0x23, 
	0x01, 0x23, 0x01, 0x23, 0x01, 0x23, 0x01, 0x23, 
	0x01, 0x23, 0x01, 0x23, 0x01, 0x23, 0x01, 0x23, 
	0x01, 0x23, 0x01, 0x23, 0x01, 0x23, 0x01, 0x23, 
	0x01, 0x23, 0x01, 0x23, 0x01, 0x23, 0x01, 0x23, 
	0x01, 0x23, 0x01, 0x23, 0x01, 0x23, 0x01, 0x23, 
	0x01, 0x23, 0x01, 0x23, 0x01, 0x23, 0x01, 0x23, 
	0x01, 0x65, 0x11, 0xe7, 0x4b, 0x69, 0x4b, 0x69, 
	0x3a, 0xe9, 0x3a, 0xe9, 0x4b, 0x69, 0x5b, 0xed, 
	0x5b, 0xed, 0x74, 0x6f, 0x74, 0x6f, 0x74, 0x6f, 
	0x74, 0x6f, 0x74, 0x6f, 0x8d, 0x31, 0x8d, 0x31, 
	0x8d, 0x31, 0x8d, 0x31, 0x74, 0x6f, 0x74, 0x6f, 
	0x74, 0x6f, 0x74, 0x6f, 0x74, 0x6f, 0x74, 0x6f, 
	0x74, 0x6f, 0x74, 0x6f, 0x5b, 0xed, 0x5b, 0xed, 
	0x74, 0x6f, 0x5b, 0xed, 0x3a, 0xe9, 0x09, 0xa5, 
	0x09, 0xa5, 0x11, 0xe5, 0x3a, 0xe9, 0x11, 0xe7, 
	0x5b, 0xed, 0x74, 0x6f, 0x8d, 0x31, 0x8d, 0x31, 
	0xa5, 0xb3, 0xb5, 0xf5, 0xa5, 0xb3, 0xa5, 0xb3, 
	0xa5, 0xb3, 0xa5, 0xb3, 0xa5, 0xb3, 0xa5, 0xb3, 
	0xa5, 0xb3, 0x5b, 0xed, 0x5b, 0xed, 0x22, 0x69, 
	0x09, 0x65, 0x01, 0x23, 0x01, 0x23, 0x09, 0x65, 
	0x09, 0x65, 0x01, 0x23, 0x01, 0x23, 0x01, 0x23, 
	0x01, 0x23, 0x01, 0x23, 0x01, 0x23, 0x01, 0x23, 
	0x01, 0x23, 0x01, 0x23, 0x01, 0x23, 0x01, 0x23, 
	0x01, 0x23, 0x01, 0x23, 0x01, 0x23, 0x01, 0x23, 
	0x01, 0x23, 0x01, 0x23, 0x01, 0x23, 0x01, 0x23, 
	0x01, 0x23, 0x01, 0x23, 0x01, 0x23, 0x01, 0x23, 
	0x01, 0x23, 0x01, 0x23, 0x01, 0x23, 0x01, 0x23, 
	0x01, 0x23, 0x01, 0x23, 0x01, 0x23, 0x01, 0x23, 
	0x01, 0x23, 0x01, 0x23, 0x01, 0x23, 0x01, 0x23, 
	0x01, 0x23, 0x01, 0x23, 0x01, 0x23, 0x01, 0x23, 
	0x01, 0x23, 0x01, 0x23, 0x01, 0x23, 0x01, 0x23, 
	0x01, 0x23, 0x01, 0x23, 0x01, 0x23, 0x01, 0x23, 
	0x01, 0x23, 0x01, 0x23, 0x01, 0x23, 0x01, 0x23, 
	0x01, 0x23, 0x01, 0x23, 0x01, 0x23, 0x01, 0x23, 
	0x01, 0x23, 0x01, 0x23, 0x01, 0x23, 0x01, 0x23, 
	0x01, 0x23, 0x01, 0x23, 0x01, 0x23, 0x01, 0x23, 
	0x01, 0x23, 0x01, 0x23, 0x01, 0x23, 0x01, 0x23, 
	0x01, 0x23, 0x01, 0x23, 0x01, 0x23, 0x01, 0x23, 
	0x01, 0x23, 0x01, 0x65, 0x01, 0x65, 0x01, 0x23, 
	0x01, 0x65, 0x09, 0xa5, 0x11, 0xe5, 0x3a, 0xe9, 
	0x5b, 0xed, 0x5b, 0xed, 0x5b, 0xed, 0x5b, 0xed, 
	0x74, 0x6f, 0x74, 0x6f, 0x74, 0x6f, 0x74, 0x6f, 
	0x74, 0x6f, 0x5b, 0xed, 0x5b, 0xed, 0x5b, 0xed, 
	0x5b, 0xed, 0x5b, 0xed, 0x5b, 0xed, 0x4b, 0x69, 
	0x4b, 0x69, 0x4b, 0x69, 0x5b, 0xed, 0x5b, 0xed, 
	0x5b, 0xed, 0x09, 0xa5, 0x01, 0x65, 0x01, 0x65, 
	0x01, 0x65, 0x11, 0xe5, 0x09, 0xa5, 0x01, 0x65, 
	0x6c, 0x2f, 0xa5, 0xb3, 0xa5, 0xb3, 0xa5, 0xb3, 
	0xa5, 0xb3, 0xa5, 0xb3, 0xa5, 0xb3, 0xa5, 0xb3, 
	0xa5, 0xb3, 0xa5, 0xb3, 0xa5, 0xb3, 0xa5, 0xb3, 
	0xa5, 0xb3, 0xa5, 0xb3, 0x74, 0x6f, 0x3a, 0xe9, 
	0x09, 0xa5, 0x09, 0x65, 0x11, 0xe5, 0x5b, 0xed, 
	0x1a, 0x6b, 0x09, 0x65, 0x01, 0x23, 0x01, 0x23, 
	0x01, 0x23, 0x01, 0x23, 0x01, 0x23, 0x01, 0x23, 
	0x01, 0x23, 0x01, 0x23, 0x01, 0x23, 0x01, 0x23, 
	0x01, 0x23, 0x01, 0x23, 0x01, 0x23, 0x01, 0x23, 
	0x01, 0x23, 0x01, 0x23, 0x01, 0x23, 0x01, 0x23, 
	0x01, 0x23, 0x01, 0x23, 0x01, 0x23, 0x01, 0x23, 
	0x01, 0x23, 0x01, 0x23, 0x01, 0x23, 0x01, 0x23, 
	0x01, 0x23, 0x01, 0x23, 0x01, 0x23, 0x01, 0x23, 
	0x01, 0x23, 0x01, 0x23, 0x01, 0x23, 0x01, 0x23, 
	0x01, 0x25, 0x01, 0x25, 0x01, 0x25, 0x01, 0x25, 
	0x01, 0x25, 0x01, 0x25, 0x01, 0x25, 0x01, 0x25, 
	0x01, 0x25, 0x01, 0x25, 0x01, 0x25, 0x01, 0x25, 
	0x01, 0x25, 0x01, 0x25, 0x01, 0x25, 0x01, 0x25, 
	0x01, 0x25, 0x01, 0x25, 0x01, 0x25, 0x01, 0x25, 
	0x01, 0x25, 0x01, 0x25, 0x01, 0x25, 0x01, 0x25, 
	0x01, 0x25, 0x01, 0x25, 0x01, 0x25, 0x01, 0x25, 
	0x01, 0x25, 0x01, 0x25, 0x01, 0x25, 0x01, 0x25, 
	0x01, 0x25, 0x01, 0x25, 0x01, 0x25, 0x01, 0x25, 
	0x01, 0x25, 0x01, 0x25, 0x01, 0x25, 0x01, 0x25, 
	0x01, 0x25, 0x01, 0x25, 0x01, 0x25, 0x3a, 0xe9, 
	0x3a, 0xe9, 0x5b, 0xed, 0x5b, 0xed, 0x5b, 0xed, 
	0x5b, 0xed, 0x5b, 0xed, 0x5b, 0xed, 0x4b, 0x69, 
	0x3a, 0xe9, 0x3a, 0xe9, 0x3a, 0xe9, 0x4b, 0x69, 
	0x4b, 0x69, 0x3a, 0xe9, 0x4b, 0x69, 0x5b, 0xed, 
	0x3a, 0xe9, 0x3a, 0xe9, 0x11, 0xe7, 0x11, 0xe7, 
	0x09, 0xa5, 0x01, 0x25, 0x01, 0x25, 0x01, 0x25, 
	0x01, 0x25, 0x01, 0x65, 0x22, 0x69, 0x09, 0x65, 
	0xb5, 0xf5, 0x8d, 0x31, 0xa5, 0xb3, 0xa5, 0xb3, 
	0xa5, 0xb3, 0xa5, 0xb3, 0xa5, 0xb3, 0x8d, 0x31, 
	0x8d, 0x31, 0x8d, 0x31, 0x8d, 0x31, 0x8d, 0x31, 
	0xa5, 0xb3, 0xa5, 0xb3, 0x74, 0x6f, 0x5b, 0xed, 
	0x5b, 0xed, 0x22, 0x69, 0x11, 0xe5, 0x3a, 0xe9, 
	0x22, 0x69, 0x09, 0x65, 0x01, 0x25, 0x01, 0x25, 
	0x01, 0x25, 0x01, 0x25, 0x01, 0x25, 0x01, 0x25, 
	0x01, 0x25, 0x01, 0x25, 0x01, 0x25, 0x01, 0x25, 
	0x01, 0x25, 0x01, 0x25, 0x01, 0x25, 0x01, 0x25, 
	0x01, 0x25, 0x01, 0x25, 0x01, 0x25, 0x01, 0x25, 
	0x01, 0x25, 0x01, 0x25, 0x01, 0x25, 0x01, 0x25, 
	0x01, 0x25, 0x01, 0x25, 0x01, 0x25, 0x01, 0x25, 
	0x01, 0x25, 0x01, 0x25, 0x01, 0x25, 0x01, 0x25, 
	0x01, 0x25, 0x01, 0x25, 0x01, 0x25, 0x01, 0x25, 
	0x01, 0x25, 0x01, 0x25, 0x01, 0x25, 0x01, 0x25, 
	0x01, 0x25, 0x01, 0x25, 0x01, 0x25, 0x01, 0x25, 
	0x01, 0x25, 0x01, 0x25, 0x01, 0x25, 0x01, 0x25, 
	0x01, 0x25, 0x01, 0x25, 0x01, 0x25, 0x01, 0x25, 
	0x01, 0x25, 0x01, 0x25, 0x01, 0x25, 0x01, 0x25, 
	0x01, 0x25, 0x01, 0x25, 0x01, 0x25, 0x01, 0x25, 
	0x01, 0x25, 0x01, 0x25, 0x01, 0x25, 0x01, 0x25, 
	0x01, 0x25, 0x01, 0x25, 0x01, 0x25, 0x01, 0x25, 
	0x01, 0x25, 0x01, 0x25, 0x01, 0x25, 0x01, 0x25, 
	0x01, 0x25, 0x01, 0x25, 0x01, 0x25, 0x01, 0x25, 
	0x01, 0x25, 0x01, 0x25, 0x01, 0x25, 0x01, 0x65, 
	0x09, 0xa5, 0x11, 0xe7, 0x3a, 0xe9, 0x3a, 0xe9, 
	0x4b, 0x69, 0x3a, 0xe9, 0x3a, 0xe9, 0x11, 0xe7, 
	0x11, 0xe7, 0x11, 0xe7, 0x09, 0xa5, 0x09, 0xa5, 
	0x01, 0x65, 0x11, 0xe9, 0x09, 0xa5, 0x11, 0xe7, 
	0x09, 0xa5, 0x01, 0x65, 0x01, 0x25, 0x01, 0x25, 
	0x01, 0x25, 0x01, 0x25, 0x01, 0x25, 0x01, 0x65, 
	0x01, 0x65, 0x5b, 0xed, 0x8c, 0xf1, 0x5b, 0xed, 
	0x8d, 0x31, 0x8d, 0x31, 0x74, 0x6f, 0x8d, 0x31, 
	0x8d, 0x31, 0x8d, 0x31, 0x8d, 0x31, 0x8d, 0x31, 
	0x8d, 0x31, 0x8d, 0x31, 0x8d, 0x31, 0x8d, 0x31, 
	0x8d, 0x31, 0x74, 0x6f, 0x11, 0xe7, 0x3a, 0xe9, 
	0x3a, 0xe9, 0x11, 0xe7, 0x09, 0xa5, 0x11, 0xe5, 
	0x3a, 0xe9, 0x22, 0x69, 0x09, 0x65, 0x01, 0x25, 
	0x01, 0x25, 0x01, 0x25, 0x01, 0x25, 0x01, 0x25, 
	0x01, 0x25, 0x01, 0x25, 0x01, 0x25, 0x01, 0x25, 
	0x01, 0x25, 0x01, 0x25, 0x01, 0x25, 0x01, 0x25, 
	0x01, 0x25, 0x01, 0x25, 0x01, 0x25, 0x01, 0x25, 
	0x01, 0x25, 0x01, 0x25, 0x01, 0x25, 0x01, 0x25, 
	0x01, 0x25, 0x01, 0x25, 0x01, 0x25, 0x01, 0x25, 
	0x01, 0x25, 0x01, 0x25, 0x01, 0x25, 0x01, 0x25, 
	0x01, 0x25, 0x01, 0x25, 0x01, 0x25, 0x01, 0x25, 
	0x01, 0x25, 0x01, 0x25, 0x01, 0x25, 0x01, 0x25, 
	0x01, 0x25, 0x01, 0x25, 0x01, 0x25, 0x01, 0x25, 
	0x01, 0x25, 0x01, 0x25, 0x01, 0x25, 0x01, 0x25, 
	0x01, 0x25, 0x01, 0x25, 0x01, 0x25, 0x01, 0x25, 
	0x01, 0x25, 0x01, 0x25, 0x01, 0x25, 0x01, 0x25, 
	0x01, 0x25, 0x01, 0x25, 0x01, 0x25, 0x01, 0x25, 
	0x01, 0x25, 0x01, 0x25, 0x01, 0x25, 0x01, 0x25, 
	0x01, 0x25, 0x01, 0x25, 0x01, 0x25, 0x01, 0x25, 
	0x01, 0x25, 0x01, 0x25, 0x01, 0x25, 0x01, 0x25, 
	0x01, 0x25, 0x09, 0x65, 0x09, 0x65, 0x09, 0x65, 
	0x09, 0x65, 0x09, 0x65, 0x09, 0x65, 0x09, 0x65, 
	0x09, 0x65, 0x01, 0x25, 0x01, 0x25, 0x01, 0x25, 
	0x01, 0x65, 0x09, 0xa5, 0x01, 0x65, 0x01, 0x25, 
	0x01, 0x65, 0x01, 0x65, 0x01, 0x65, 0x01, 0x65, 
	0x09, 0x65, 0x01, 0x65, 0x11, 0xe9, 0x01, 0x65, 
	0x01, 0x25, 0x01, 0x25, 0x01, 0x25, 0x01, 0x25, 
	0x01, 0x65, 0x01, 0x25, 0x01, 0x65, 0x01, 0x65, 
	0x5b, 0xed, 0x4b, 0x69, 0x74, 0x6f, 0x8d, 0x31, 
	0x74, 0x6f, 0x5b, 0xed, 0x5b, 0xed, 0x74, 0x6f, 
	0x74, 0x6f, 0x8d, 0x31, 0x8d, 0x31, 0x8d, 0x31, 
	0x8d, 0x31, 0x8d, 0x31, 0x74, 0x6f, 0x8d, 0x31, 
	0x8d, 0x31, 0x8d, 0x31, 0x8c, 0xf1, 0x6c, 0x2f, 
	0x5b, 0xed, 0x22, 0x69, 0x22, 0x69, 0x5b, 0xed, 
	0x6c, 0x2f, 0x3a, 0xe9, 0x09, 0xa5, 0x01, 0x25, 
	0x01, 0x25, 0x01, 0x25, 0x01, 0x25, 0x01, 0x25, 
	0x01, 0x25, 0x01, 0x25, 0x01, 0x25, 0x01, 0x25, 
	0x01, 0x25, 0x01, 0x25, 0x01, 0x25, 0x01, 0x25, 
	0x01, 0x25, 0x01, 0x25, 0x01, 0x25, 0x01, 0x25, 
	0x01, 0x25, 0x01, 0x25, 0x01, 0x25, 0x01, 0x25, 
	0x01, 0x25, 0x01, 0x25, 0x01, 0x25, 0x01, 0x25, 
	0x01, 0x25, 0x01, 0x25, 0x01, 0x25, 0x01, 0x25, 
	0x01, 0x25, 0x01, 0x25, 0x01, 0x25, 0x01, 0x25, 
	0x01, 0x65, 0x01, 0x65, 0x01, 0x65, 0x01, 0x65, 
	0x01, 0x65, 0x01, 0x65, 0x01, 0x65, 0x01, 0x65, 
	0x01, 0x65, 0x01, 0x65, 0x01, 0x65, 0x01, 0x65, 
	0x01, 0x65, 0x01, 0x65, 0x01, 0x65, 0x01, 0x65, 
	0x01, 0x65, 0x01, 0x65, 0x01, 0x65, 0x01, 0x65, 
	0x01, 0x65, 0x01, 0x65, 0x01, 0x65, 0x01, 0x65, 
	0x01, 0x65, 0x09, 0x65, 0x09, 0x65, 0x09, 0x65, 
	0x09, 0x65, 0x01, 0x65, 0x01, 0x65, 0x01, 0x65, 
	0x09, 0x65, 0x01, 0x65, 0x01, 0x65, 0x01, 0x65, 
	0x01, 0x65, 0x01, 0x65, 0x09, 0x65, 0x09, 0x65, 
	0x09, 0x65, 0x09, 0x65, 0x09, 0x65, 0x09, 0x65, 
	0x09, 0x65, 0x09, 0x65, 0x09, 0x65, 0x09, 0x65, 
	0x01, 0x65, 0x01, 0x65, 0x01, 0x65, 0x01, 0x65, 
	0x09, 0x65, 0x01, 0x65, 0x01, 0x65, 0x01, 0x65, 
	0x01, 0x65, 0x01, 0x65, 0x09, 0x65, 0x01, 0x65, 
	0x09, 0x65, 0x01, 0x65, 0x09, 0x65, 0x01, 0x65, 
	0x01, 0x65, 0x09, 0x65, 0x01, 0x65, 0x32, 0x67, 
	0x5b, 0xed, 0x3a, 0xe9, 0x5b, 0xed, 0x74, 0x6f, 
	0x4b, 0x69, 0x3a, 0xe9, 0x3a, 0xe9, 0x4b, 0x69, 
	0x5b, 0xed, 0x74, 0x6f, 0x74, 0x6f, 0x5b, 0xed, 
	0x5b, 0xed, 0x5b, 0xed, 0x74, 0x6f, 0x74, 0x6f, 
	0x74, 0x6f, 0x8d, 0x31, 0x8d, 0x31, 0x8d, 0x31, 
	0x8d, 0x31, 0x74, 0x6f, 0x5b, 0xed, 0x4b, 0x69, 
	0x3a, 0xe9, 0x09, 0xa5, 0x01, 0x65, 0x01, 0x65, 
	0x01, 0x65, 0x01, 0x65, 0x01, 0x65, 0x01, 0x65, 
	0x01, 0x65, 0x01, 0x65, 0x01, 0x65, 0x01, 0x65, 
	0x01, 0x65, 0x01, 0x65, 0x01, 0x65, 0x01, 0x65, 
	0x01, 0x65, 0x01, 0x65, 0x01, 0x65, 0x01, 0x65, 
	0x01, 0x65, 0x01, 0x65, 0x01, 0x65, 0x01, 0x65, 
	0x01, 0x65, 0x01, 0x65, 0x01, 0x65, 0x01, 0x65, 
	0x01, 0x65, 0x01, 0x65, 0x01, 0x65, 0x01, 0x65, 
	0x01, 0x65, 0x01, 0x65, 0x01, 0x65, 0x01, 0x65, 
	0x09, 0x65, 0x01, 0x65, 0x01, 0x65, 0x01, 0x65, 
	0x01, 0x65, 0x01, 0x65, 0x01, 0x65, 0x01, 0x65, 
	0x01, 0x65, 0x01, 0x65, 0x01, 0x65, 0x01, 0x65, 
	0x01, 0x65, 0x01, 0x65, 0x01, 0x65, 0x01, 0x65, 
	0x01, 0x65, 0x01, 0x65, 0x01, 0x65, 0x01, 0x65, 
	0x01, 0x65, 0x01, 0x65, 0x01, 0x65, 0x01, 0x65, 
	0x01, 0x65, 0x01, 0x65, 0x01, 0x65, 0x01, 0x65, 
	0x01, 0x65, 0x09, 0x65, 0x09, 0x65, 0x09, 0x65, 
	0x01, 0x65, 0x09, 0x65, 0x01, 0x65, 0x01, 0x65, 
	0x01, 0x65, 0x01, 0x65, 0x01, 0x65, 0x01, 0x65, 
	0x01, 0x65, 0x01, 0x65, 0x09, 0x65, 0x09, 0x65, 
	0x09, 0x65, 0x09, 0x65, 0x09, 0x65, 0x09, 0x65, 
	0x09, 0x65, 0x09, 0x65, 0x09, 0x65, 0x09, 0x65, 
	0x09, 0x65, 0x09, 0x65, 0x09, 0x65, 0x09, 0x65, 
	0x09, 0x65, 0x01, 0x65, 0x09, 0x65, 0x09, 0x65, 
	0x09, 0x65, 0x09, 0x65, 0x09, 0x65, 0x09, 0x65, 
	0x09, 0x65, 0x01, 0x65, 0x01, 0x65, 0x01, 0x65, 
	0x09, 0xa5, 0x01, 0x65, 0x11, 0xe7, 0x11, 0xe7, 
	0x3a, 0xe9, 0x09, 0xa5, 0x09, 0xa5, 0x01, 0x65, 
	0x11, 0xe5, 0x11, 0xe7, 0x4b, 0x69, 0x4b, 0x69, 
	0x3a, 0xe9, 0x5b, 0xed, 0x4b, 0x69, 0x5b, 0xed, 
	0x3a, 0xe9, 0x74, 0x6f, 0x74, 0x6f, 0x74, 0x6f, 
	0x5b, 0xed, 0x3a, 0xe9, 0x3a, 0xe9, 0x09, 0xa5, 
	0x01, 0x65, 0x01, 0x65, 0x01, 0x65, 0x01, 0x65, 
	0x01, 0x65, 0x01, 0x65, 0x01, 0x65, 0x01, 0x65, 
	0x01, 0x65, 0x01, 0x65, 0x01, 0x65, 0x01, 0x65, 
	0x01, 0x65, 0x01, 0x65, 0x01, 0x65, 0x01, 0x65, 
	0x01, 0x65, 0x01, 0x65, 0x01, 0x65, 0x01, 0x65, 
	0x01, 0x65, 0x01, 0x65, 0x01, 0x65, 0x01, 0x65, 
	0x01, 0x65, 0x01, 0x65, 0x01, 0x65, 0x01, 0x65, 
	0x01, 0x65, 0x01, 0x65, 0x01, 0x65, 0x01, 0x65, 
	0x01, 0x65, 0x01, 0x65, 0x01, 0x65, 0x01, 0x65, 
	0x09, 0x67, 0x09, 0x67, 0x09, 0x67, 0x09, 0x67, 
	0x09, 0x67, 0x09, 0x67, 0x09, 0x67, 0x09, 0x67, 
	0x09, 0x67, 0x09, 0x67, 0x09, 0x67, 0x09, 0x67, 
	0x09, 0x67, 0x09, 0x67, 0x09, 0x67, 0x09, 0x67, 
	0x32, 0x67, 0x22, 0x69, 0x22, 0x69, 0x32, 0x67, 
	0x22, 0x69, 0x09, 0xa9, 0x09, 0x67, 0x22, 0x69, 
	0x22, 0x69, 0x22, 0x69, 0x22, 0x69, 0x09, 0xa9, 
	0x09, 0xa9, 0x09, 0x67, 0x09, 0x67, 0x09, 0x67, 
	0x09, 0x67, 0x09, 0x67, 0x09, 0x67, 0x09, 0x67, 
	0x09, 0x67, 0x09, 0x67, 0x09, 0x67, 0x09, 0x67, 
	0x09, 0x67, 0x09, 0x67, 0x09, 0x67, 0x09, 0x67, 
	0x09, 0x67, 0x09, 0x67, 0x09, 0x67, 0x09, 0x67, 
	0x09, 0x67, 0x09, 0x67, 0x09, 0x67, 0x09, 0x67, 
	0x09, 0x67, 0x09, 0x67, 0x09, 0x67, 0x09, 0x67, 
	0x09, 0x67, 0x09, 0x67, 0x09, 0x67, 0x09, 0x67, 
	0x09, 0x67, 0x09, 0x67, 0x09, 0x67, 0x09, 0x67, 
	0x09, 0x67, 0x09, 0x67, 0x09, 0x67, 0x09, 0x67, 
	0x09, 0x67, 0x09, 0x67, 0x09, 0x67, 0x09, 0x67, 
	0x01, 0x65, 0x09, 0x67, 0x09, 0x67, 0x09, 0x67, 
	0x09, 0x67, 0x09, 0x67, 0x12, 0x29, 0x09, 0xa9, 
	0x09, 0xa9, 0x11, 0xe7, 0x11, 0xe7, 0x09, 0xa5, 
	0x3a, 0xe9, 0x3a, 0xe9, 0x3a, 0xe9, 0x3a, 0xe9, 
	0x09, 0xa5, 0x09, 0xa5, 0x09, 0x67, 0x09, 0x67, 
	0x09, 0x67, 0x09, 0x67, 0x09, 0x67, 0x09, 0x67, 
	0x09, 0x67, 0x09, 0x67, 0x09, 0x67, 0x09, 0x67, 
	0x09, 0x67, 0x09, 0x67, 0x09, 0x67, 0x09, 0x67, 
	0x09, 0x67, 0x09, 0x67, 0x09, 0x67, 0x09, 0x67, 
	0x09, 0x67, 0x09, 0x67, 0x09, 0x67, 0x09, 0x67, 
	0x09, 0x67, 0x09, 0x67, 0x09, 0x67, 0x09, 0x67, 
	0x09, 0x67, 0x09, 0x67, 0x09, 0x67, 0x09, 0x67, 
	0x09, 0x67, 0x09, 0x67, 0x09, 0x67, 0x09, 0x67, 
	0x09, 0x67, 0x09, 0x67, 0x09, 0x67, 0x09, 0x67, 
	0x09, 0x67, 0x09, 0x67, 0x09, 0x67, 0x09, 0x67, 
	0x09, 0x67, 0x09, 0x67, 0x09, 0x67, 0x09, 0x67, 
	0x09, 0x67, 0x09, 0x67, 0x09, 0x67, 0x09, 0x67, 
	0x09, 0x67, 0x09, 0x67, 0x22, 0x69, 0x22, 0x69, 
	0x3a, 0xe9, 0x3a, 0xe9, 0x5b, 0xed, 0x6c, 0x2f, 
	0x6c, 0x2f, 0x3a, 0xe9, 0x3a, 0xe9, 0x3a, 0xe9, 
	0x6c, 0x2f, 0x6c, 0x2f, 0x5b, 0xed, 0x3a, 0xe9, 
	0x09, 0xa9, 0x09, 0x67, 0x09, 0x67, 0x09, 0x67, 
	0x09, 0x67, 0x09, 0x67, 0x09, 0x67, 0x09, 0x67, 
	0x09, 0x67, 0x09, 0x67, 0x09, 0x67, 0x09, 0x67, 
	0x09, 0x67, 0x09, 0x67, 0x09, 0x67, 0x09, 0x67, 
	0x09, 0x67, 0x09, 0x67, 0x09, 0x67, 0x09, 0x67, 
	0x09, 0x67, 0x09, 0x67, 0x09, 0x67, 0x09, 0x67, 
	0x09, 0x67, 0x09, 0x67, 0x09, 0x67, 0x09, 0x67, 
	0x09, 0x67, 0x09, 0x67, 0x09, 0x67, 0x09, 0x67, 
	0x09, 0x67, 0x09, 0x67, 0x09, 0x67, 0x09, 0x67, 
	0x09, 0x67, 0x09, 0x67, 0x09, 0x67, 0x09, 0x67, 
	0x09, 0x67, 0x09, 0x67, 0x09, 0x67, 0x09, 0x67, 
	0x09, 0x67, 0x1a, 0x6b, 0x3a, 0xe9, 0x09, 0x67, 
	0x09, 0x67, 0x11, 0xe9, 0x11, 0xe9, 0x09, 0x67, 
	0x09, 0x67, 0x09, 0x67, 0x09, 0x67, 0x3a, 0xe9, 
	0x5b, 0xed, 0x5b, 0xed, 0x5b, 0xed, 0x3a, 0xe9, 
	0x22, 0x69, 0x09, 0x67, 0x09, 0x67, 0x09, 0x67, 
	0x09, 0x67, 0x09, 0x67, 0x09, 0x67, 0x09, 0x67, 
	0x09, 0x67, 0x09, 0x67, 0x09, 0x67, 0x09, 0x67, 
	0x09, 0x67, 0x09, 0x67, 0x09, 0x67, 0x09, 0x67, 
	0x09, 0x67, 0x09, 0xa9, 0x09, 0x67, 0x09, 0x67, 
	0x09, 0x67, 0x09, 0x67, 0x09, 0x67, 0x09, 0x67, 
	0x09, 0x67, 0x09, 0x67, 0x09, 0x67, 0x09, 0x67, 
	0x09, 0x67, 0x09, 0x67, 0x09, 0x67, 0x09, 0x67, 
	0x09, 0x67, 0x09, 0x67, 0x09, 0x67, 0x09, 0x67, 
	0x09, 0x67, 0x09, 0x67, 0x09, 0x67, 0x09, 0x67, 
	0x09, 0x67, 0x09, 0x67, 0x09, 0x67, 0x09, 0x67, 
	0x09, 0x67, 0x09, 0x67, 0x09, 0x67, 0x09, 0x67, 
	0x09, 0x67, 0x09, 0x67, 0x09, 0x67, 0x22, 0x69, 
	0x5b, 0xed, 0x6c, 0x2f, 0x5b, 0xed, 0x5b, 0xed, 
	0x5b, 0xed, 0x5b, 0xed, 0x5b, 0xed, 0x5b, 0xed, 
	0x5b, 0xed, 0x3a, 0xe9, 0x3a, 0xe9, 0x5b, 0xed, 
	0x5b, 0xed, 0x5b, 0xed, 0x6c, 0x2f, 0x6c, 0x2f, 
	0x6c, 0x2f, 0x6c, 0x2f, 0x22, 0x69, 0x11, 0xe9, 
	0x09, 0x67, 0x09, 0x67, 0x09, 0x67, 0x09, 0x67, 
	0x09, 0x67, 0x09, 0x67, 0x09, 0x67, 0x09, 0x67, 
	0x09, 0x67, 0x09, 0x67, 0x09, 0x67, 0x09, 0x67, 
	0x09, 0x67, 0x09, 0x67, 0x09, 0x67, 0x09, 0x67, 
	0x09, 0x67, 0x09, 0x67, 0x09, 0x67, 0x09, 0x67, 
	0x09, 0x67, 0x09, 0x67, 0x09, 0x67, 0x09, 0x67, 
	0x09, 0x67, 0x09, 0x67, 0x09, 0x67, 0x09, 0x67, 
	0x09, 0x67, 0x09, 0x67, 0x09, 0x67, 0x09, 0x67, 
	0x09, 0x67, 0x09, 0x67, 0x09, 0x67, 0x09, 0x67, 
	0x09, 0x67, 0x09, 0x67, 0x09, 0x67, 0x09, 0x67, 
	0x09, 0xa9, 0x11, 0xe5, 0x09, 0xa5, 0x09, 0x67, 
	0x09, 0xa9, 0x3a, 0xe9, 0x09, 0xa5, 0x11, 0xe7, 
	0x1a, 0x6b, 0x09, 0x67, 0x09, 0x67, 0x11, 0xe5, 
	0x11, 0xe7, 0x11, 0xe7, 0x3a, 0xe9, 0x09, 0xa5, 
	0x09, 0x67, 0x09, 0x67, 0x09, 0x67, 0x09, 0x67, 
	0x09, 0x67, 0x09, 0x67, 0x09, 0x67, 0x09, 0x67, 
	0x09, 0x67, 0x09, 0x67, 0x09, 0x67, 0x09, 0x67, 
	0x09, 0x67, 0x09, 0xa9, 0x09, 0xa9, 0x5b, 0xed, 
	0x5b, 0xed, 0x6c, 0x2f, 0x1a, 0x6b, 0x09, 0x67, 
	0x09, 0x67, 0x09, 0x67, 0x09, 0x67, 0x09, 0x67, 
	0x09, 0x67, 0x09, 0x67, 0x09, 0x67, 0x09, 0x67, 
	0x09, 0x67, 0x09, 0x67, 0x09, 0x67, 0x09, 0x67, 
	0x09, 0x67, 0x09, 0x67, 0x09, 0x67, 0x09, 0x67, 
	0x09, 0x67, 0x09, 0x67, 0x09, 0x67, 0x09, 0x67, 
	0x09, 0x67, 0x09, 0x67, 0x09, 0x67, 0x09, 0x67, 
	0x09, 0x67, 0x09, 0x67, 0x09, 0x67, 0x09, 0x67, 
	0x09, 0x67, 0x09, 0x67, 0x11, 0xe5, 0x11, 0xe7, 
	0x3a, 0xe9, 0x3a, 0xe9, 0x6c, 0x2f, 0x6c, 0x2f, 
	0x6c, 0x2f, 0x6c, 0x2f, 0x5b, 0xed, 0x6c, 0x2f, 
	0x6c, 0x2f, 0x5b, 0xed, 0x5b, 0xed, 0x5b, 0xed, 
	0x5b, 0xed, 0x5b, 0xed, 0x5b, 0xed, 0x5b, 0xed, 
	0x5b, 0xed, 0x5b, 0xed, 0x5b, 0xed, 0x22, 0xef, 
	0x22, 0x69, 0x11, 0xe9, 0x09, 0x67, 0x09, 0x67, 
	0x09, 0x67, 0x09, 0x67, 0x09, 0x67, 0x09, 0x67, 
	0x09, 0x67, 0x09, 0x67, 0x09, 0x67, 0x09, 0x67, 
	0x09, 0x67, 0x09, 0x67, 0x09, 0x67, 0x09, 0x67, 
	0x09, 0x67, 0x09, 0x67, 0x09, 0x67, 0x09, 0x67, 
	0x09, 0x67, 0x09, 0x67, 0x09, 0x67, 0x09, 0x67, 
	0x09, 0x67, 0x09, 0x67, 0x09, 0x67, 0x09, 0x67, 
	0x09, 0x67, 0x09, 0x67, 0x09, 0x67, 0x09, 0x67, 
	0x09, 0x67, 0x09, 0x67, 0x09, 0x67, 0x09, 0x67, 
	0x09, 0x67, 0x09, 0x67, 0x09, 0x67, 0x09, 0x67, 
	0x09, 0x67, 0x09, 0x67, 0x09, 0x67, 0x09, 0x67, 
	0x09, 0x67, 0x09, 0xa9, 0x09, 0x67, 0x09, 0x67, 
	0x09, 0x67, 0x09, 0x67, 0x09, 0x67, 0x09, 0x67, 
	0x09, 0x67, 0x09, 0x67, 0x09, 0x67, 0x09, 0x67, 
	0x09, 0x67, 0x09, 0x67, 0x09, 0x67, 0x09, 0x67, 
	0x09, 0x67, 0x09, 0x67, 0x09, 0x67, 0x09, 0x67, 
	0x09, 0x67, 0x09, 0xa9, 0x11, 0xe9, 0x5b, 0xed, 
	0x6c, 0x2f, 0x6c, 0x2f, 0x6c, 0x2f, 0x74, 0x6f, 
	0x74, 0x6f, 0x6c, 0x2f, 0x8c, 0xf1, 0x22, 0x69, 
	0x09, 0x67, 0x09, 0x67, 0x09, 0x67, 0x09, 0x67, 
	0x09, 0x67, 0x09, 0x67, 0x09, 0x67, 0x09, 0x67, 
	0x09, 0x67, 0x09, 0x67, 0x09, 0x67, 0x09, 0x67, 
	0x09, 0x67, 0x09, 0x67, 0x09, 0x67, 0x09, 0x67, 
	0x09, 0x67, 0x09, 0x67, 0x09, 0x67, 0x09, 0x67, 
	0x09, 0x67, 0x09, 0x67, 0x09, 0x67, 0x09, 0x67, 
	0x09, 0x67, 0x09, 0x67, 0x09, 0x67, 0x09, 0x67, 
	0x09, 0x67, 0x09, 0x67, 0x09, 0x67, 0x11, 0xe9, 
	0x3a, 0xe9, 0x5b, 0xed, 0x5b, 0xed, 0x5b, 0xed, 
	0x5b, 0xed, 0x5b, 0xed, 0x4b, 0x69, 0x5b, 0xed, 
	0x5b, 0xed, 0x5b, 0xed, 0x5b, 0xed, 0x5b, 0xed, 
	0x5b, 0xed, 0x5b, 0xed, 0x5b, 0xed, 0x5b, 0xed, 
	0x5b, 0xed, 0x3a, 0xe9, 0x3a, 0xe9, 0x3a, 0xe9, 
	0x3a, 0xe9, 0x09, 0xa5, 0x09, 0x67, 0x09, 0x67, 
	0x09, 0x67, 0x09, 0x67, 0x09, 0x67, 0x09, 0x67, 
	0x09, 0x67, 0x09, 0x67, 0x09, 0x67, 0x09, 0x67, 
	0x09, 0x67, 0x09, 0x67, 0x09, 0x67, 0x09, 0x67, 
	0x09, 0x67, 0x09, 0x67, 0x09, 0x67, 0x09, 0x67, 
	0x09, 0x67, 0x09, 0x67, 0x09, 0x67, 0x09, 0x67, 
	0x09, 0x67, 0x09, 0x67, 0x09, 0x67, 0x09, 0x67, 
	0x09, 0x67, 0x09, 0x67, 0x09, 0x67, 0x09, 0x67, 
	0x09, 0x67, 0x09, 0x67, 0x09, 0x67, 0x09, 0x67, 
	0x09, 0x67, 0x09, 0x67, 0x09, 0x67, 0x09, 0x67, 
	0x09, 0x67, 0x09, 0x67, 0x09, 0x67, 0x09, 0x67, 
	0x09, 0x67, 0x09, 0x67, 0x09, 0x67, 0x09, 0x67, 
	0x09, 0x67, 0x09, 0x67, 0x09, 0x67, 0x09, 0x67, 
	0x09, 0x67, 0x09, 0x67, 0x09, 0xa9, 0x09, 0xa9, 
	0x09, 0x67, 0x09, 0x67, 0x09, 0x67, 0x09, 0x67, 
	0x09, 0x67, 0x09, 0x67, 0x09, 0x67, 0x11, 0xe9, 
	0x1a, 0x6b, 0x5b, 0xed, 0x3a, 0xe9, 0x5b, 0xed, 
	0x74, 0x6f, 0x74, 0x6f, 0x5b, 0xed, 0x6c, 0x2f, 
	0x74, 0x6f, 0x8d, 0x31, 0x8d, 0x31, 0x74, 0x6f, 
	0x6c, 0x2f, 0x22, 0x69, 0x09, 0x67, 0x09, 0x67, 
	0x09, 0x67, 0x09, 0x67, 0x09, 0x67, 0x09, 0x67, 
	0x09, 0x67, 0x09, 0x67, 0x09, 0x67, 0x09, 0x67, 
	0x09, 0x67, 0x09, 0x67, 0x09, 0x67, 0x09, 0x67, 
	0x09, 0x67, 0x09, 0x67, 0x09, 0x67, 0x09, 0x67, 
	0x09, 0xa9, 0x09, 0xa9, 0x09, 0xa9, 0x09, 0xa9, 
	0x09, 0xa9, 0x09, 0xa9, 0x09, 0xa9, 0x09, 0xa9, 
	0x09, 0xa9, 0x09, 0xa9, 0x09, 0xa9, 0x09, 0xa9, 
	0x09, 0xa9, 0x11, 0xe7, 0x3a, 0xe9, 0x11, 0xe7, 
	0x3a, 0xe9, 0x3a, 0xe9, 0x12, 0x29, 0x09, 0xa5, 
	0x11, 0xe7, 0x11, 0xe7, 0x09, 0xa5, 0x12, 0x29, 
	0x09, 0xa5, 0x11, 0xe7, 0x09, 0xa5, 0x11, 0xe7, 
	0x09, 0xa5, 0x12, 0x29, 0x09, 0xa9, 0x09, 0xa9, 
	0x09, 0xa9, 0x09, 0xa9, 0x09, 0xa9, 0x09, 0xa9, 
	0x09, 0xa9, 0x09, 0xa9, 0x09, 0xa9, 0x09, 0xa9, 
	0x09, 0xa9, 0x09, 0xa9, 0x09, 0xa9, 0x09, 0xa9, 
	0x09, 0xa9, 0x09, 0xa9, 0x09, 0xa9, 0x09, 0xa9, 
	0x09, 0xa9, 0x09, 0xa9, 0x09, 0xa9, 0x09, 0xa9, 
	0x09, 0xa9, 0x09, 0xa9, 0x09, 0xa9, 0x09, 0xa9, 
	0x09, 0xa9, 0x09, 0xa9, 0x09, 0xa9, 0x09, 0xa9, 
	0x09, 0xa9, 0x09, 0xa9, 0x09, 0xa9, 0x09, 0xa9, 
	0x09, 0xa9, 0x09, 0xa9, 0x09, 0xa9, 0x09, 0xa9, 
	0x09, 0xa9, 0x09, 0xa9, 0x09, 0xa9, 0x09, 0xa9, 
	0x09, 0xa9, 0x09, 0xa9, 0x09, 0xa9, 0x09, 0xa9, 
	0x09, 0xa9, 0x09, 0xa9, 0x09, 0xa9, 0x09, 0xa9, 
	0x09, 0xa9, 0x09, 0xa9, 0x09, 0xa9, 0x09, 0xa9, 
	0x09, 0xa9, 0x09, 0xa9, 0x09, 0xa9, 0x09, 0xa9, 
	0x09, 0xa9, 0x09, 0xa9, 0x09, 0xa9, 0x09, 0xa9, 
	0x09, 0xa9, 0x09, 0xa9, 0x09, 0xa9, 0x1a, 0x6b, 
	0x11, 0xe7, 0x11, 0xe7, 0x09, 0xa9, 0x3a, 0xe9, 
	0x74, 0x6f, 0x8d, 0x31, 0x8d, 0x31, 0x8d, 0x31, 
	0x8d, 0x31, 0x8d, 0x31, 0x8d, 0x31, 0x74, 0x6f, 
	0x5b, 0xed, 0x12, 0x29, 0x09, 0xa9, 0x09, 0xa9, 
	0x09, 0xa9, 0x09, 0xa9, 0x09, 0xa9, 0x09, 0xa9, 
	0x09, 0xa9, 0x09, 0xa9, 0x09, 0xa9, 0x09, 0xa9, 
	0x09, 0xa9, 0x09, 0xa9, 0x09, 0xa9, 0x09, 0xa9, 
	0x09, 0xa9, 0x09, 0xa9, 0x09, 0xa9, 0x09, 0xa9, 
	0x09, 0xa9, 0x09, 0xa9, 0x09, 0xa9, 0x09, 0xa9, 
	0x09, 0xa9, 0x09, 0xa9, 0x09, 0xa9, 0x09, 0xa9, 
	0x09, 0xa9, 0x09, 0xa9, 0x09, 0xa9, 0x09, 0xa9, 
	0x09, 0xa9, 0x11, 0xe9, 0x12, 0x29, 0x09, 0xe9, 
	0x11, 0xe9, 0x09, 0xe9, 0x09, 0xa9, 0x09, 0xa9, 
	0x09, 0xa9, 0x09, 0xa9, 0x09, 0xa9, 0x09, 0xa9, 
	0x09, 0xe9, 0x09, 0xa9, 0x09, 0xa9, 0x09, 0xa9, 
	0x09, 0xa9, 0x09, 0xa9, 0x09, 0xe9, 0x09, 0xe9, 
	0x09, 0xa9, 0x09, 0xa9, 0x09, 0xa9, 0x09, 0xa9, 
	0x09, 0xa9, 0x09, 0xa9, 0x09, 0xa9, 0x09, 0xa9, 
	0x09, 0xa9, 0x09, 0xa9, 0x09, 0xa9, 0x09, 0xa9, 
	0x09, 0xa9, 0x09, 0xe9, 0x09, 0xa9, 0x09, 0xa9, 
	0x09, 0xa9, 0x09, 0xa9, 0x09, 0xa9, 0x09, 0xa9, 
	0x09, 0xa9, 0x09, 0xa9, 0x09, 0xa9, 0x09, 0xa9, 
	0x09, 0xa9, 0x09, 0xa9, 0x09, 0xa9, 0x09, 0xa9, 
	0x09, 0xa9, 0x09, 0xa9, 0x09, 0xa9, 0x09, 0xa9, 
	0x09, 0xa9, 0x09, 0xa9, 0x09, 0xa9, 0x09, 0xa9, 
	0x09, 0xa9, 0x09, 0xa9, 0x09, 0xa9, 0x09, 0xa9, 
	0x09, 0xa9, 0x09, 0xa9, 0x09, 0xa9, 0x09, 0xa9, 
	0x09, 0xa9, 0x09, 0xa9, 0x09, 0xa9, 0x09, 0xa9, 
	0x09, 0xa9, 0x09, 0xa9, 0x09, 0xa9, 0x09, 0xe9, 
	0x09, 0xe9, 0x09, 0xa9, 0x09, 0xa9, 0x09, 0xa9, 
	0x09, 0xa9, 0x09, 0xa9, 0x09, 0xa9, 0x09, 0xa9, 
	0x09, 0xa9, 0x09, 0xa9, 0x09, 0xa9, 0x11, 0xe9, 
	0x22, 0x69, 0x22, 0x69, 0x22, 0x69, 0x6c, 0x2f, 
	0x74, 0x6f, 0x8d, 0x31, 0x8d, 0x31, 0x8d, 0x31, 
	0x8d, 0x31, 0x74, 0x6f, 0x74, 0x6f, 0x5b, 0xed, 
	0x09, 0xa5, 0x09, 0xe9, 0x09, 0xe9, 0x09, 0xa9, 
	0x09, 0xa9, 0x09, 0xa9, 0x09, 0xa9, 0x09, 0xa9, 
	0x09, 0xa9, 0x09, 0xa9, 0x09, 0xa9, 0x09, 0xa9, 
	0x09, 0xa9, 0x09, 0xa9, 0x09, 0xa9, 0x09, 0xa9, 
	0x09, 0xa9, 0x09, 0xa9, 0x09, 0xa9, 0x09, 0xa9, 
	0x09, 0xe9, 0x09, 0xe9, 0x09, 0xe9, 0x09, 0xe9, 
	0x09, 0xe9, 0x09, 0xe9, 0x09, 0xe9, 0x09, 0xe9, 
	0x09, 0xe9, 0x09, 0xe9, 0x09, 0xe9, 0x09, 0xe9, 
	0x09, 0xe9, 0x09, 0xe9, 0x09, 0xe9, 0x09, 0xe9, 
	0x11, 0xe9, 0x09, 0xe9, 0x11, 0xe9, 0x11, 0xe9, 
	0x11, 0xe9, 0x11, 0xe9, 0x11, 0xe9, 0x11, 0xe9, 
	0x11, 0xe9, 0x11, 0xe9, 0x11, 0xe9, 0x11, 0xe9, 
	0x11, 0xe9, 0x11, 0xe9, 0x11, 0xe9, 0x11, 0xe9, 
	0x11, 0xe9, 0x11, 0xe9, 0x11, 0xe9, 0x11, 0xe9, 
	0x11, 0xe9, 0x11, 0xe9, 0x11, 0xe9, 0x09, 0xe9, 
	0x09, 0xe9, 0x09, 0xe9, 0x09, 0xe9, 0x11, 0xe9, 
	0x11, 0xe9, 0x11, 0xe9, 0x11, 0xe9, 0x09, 0xe9, 
	0x09, 0xe9, 0x09, 0xe9, 0x09, 0xe9, 0x09, 0xe9, 
	0x09, 0xe9, 0x09, 0xe9, 0x09, 0xe9, 0x09, 0xe9, 
	0x09, 0xe9, 0x09, 0xe9, 0x09, 0xe9, 0x09, 0xe9, 
	0x09, 0xe9, 0x09, 0xe9, 0x09, 0xe9, 0x09, 0xe9, 
	0x09, 0xe9, 0x09, 0xe9, 0x09, 0xe9, 0x09, 0xe9, 
	0x09, 0xe9, 0x09, 0xe9, 0x09, 0xe9, 0x09, 0xe9, 
	0x09, 0xe9, 0x09, 0xe9, 0x09, 0xe9, 0x09, 0xe9, 
	0x09, 0xe9, 0x09, 0xe9, 0x09, 0xe9, 0x09, 0xe9, 
	0x09, 0xe9, 0x09, 0xe9, 0x09, 0xe9, 0x09, 0xe9, 
	0x09, 0xe9, 0x09, 0xe9, 0x09, 0xe9, 0x09, 0xe9, 
	0x09, 0xe9, 0x09, 0xe9, 0x09, 0xe9, 0x09, 0xe9, 
	0x09, 0xe9, 0x11, 0xe9, 0x22, 0xad, 0x3a, 0xe9, 
	0x6c, 0x2f, 0x5b, 0xed, 0x5b, 0xed, 0x5b, 0xed, 
	0x74, 0x6f, 0x74, 0x6f, 0x74, 0x6f, 0x74, 0x6f, 
	0x5b, 0xed, 0x4b, 0x69, 0x3a, 0xe9, 0x3a, 0xe9, 
	0x12, 0x29, 0x09, 0xe9, 0x09, 0xe9, 0x09, 0xe9, 
	0x09, 0xe9, 0x09, 0xe9, 0x09, 0xe9, 0x09, 0xe9, 
	0x09, 0xe9, 0x09, 0xe9, 0x09, 0xe9, 0x09, 0xe9, 
	0x09, 0xe9, 0x09, 0xe9, 0x09, 0xe9, 0x09, 0xe9, 
	0x09, 0xe9, 0x09, 0xe9, 0x09, 0xe9, 0x09, 0xe9, 
	0x11, 0xe9, 0x11, 0xe9, 0x11, 0xe9, 0x11, 0xe9, 
	0x11, 0xe9, 0x11, 0xe9, 0x11, 0xe9, 0x11, 0xe9, 
	0x11, 0xe9, 0x11, 0xe9, 0x11, 0xe9, 0x11, 0xe9, 
	0x11, 0xe9, 0x11, 0xe9, 0x11, 0xe9, 0x11, 0xe9, 
	0x11, 0xe9, 0x11, 0xe9, 0x11, 0xe9, 0x11, 0xe9, 
	0x11, 0xe9, 0x11, 0xe9, 0x11, 0xe9, 0x11, 0xe9, 
	0x11, 0xe9, 0x11, 0xe9, 0x11, 0xe9, 0x11, 0xe9, 
	0x11, 0xe9, 0x11, 0xe9, 0x11, 0xe9, 0x11, 0xe9, 
	0x11, 0xe9, 0x11, 0xe9, 0x11, 0xe9, 0x11, 0xe9, 
	0x11, 0xe9, 0x11, 0xe9, 0x11, 0xe9, 0x11, 0xe9, 
	0x11, 0xe9, 0x11, 0xe9, 0x11, 0xe9, 0x11, 0xe9, 
	0x11, 0xe9, 0x11, 0xe9, 0x11, 0xe9, 0x11, 0xe9, 
	0x11, 0xe9, 0x11, 0xe9, 0x11, 0xe9, 0x11, 0xe9, 
	0x11, 0xe9, 0x11, 0xe9, 0x11, 0xe9, 0x11, 0xe9, 
	0x11, 0xe9, 0x11, 0xe9, 0x11, 0xe9, 0x11, 0xe9, 
	0x11, 0xe9, 0x11, 0xe9, 0x11, 0xe9, 0x11, 0xe9, 
	0x11, 0xe9, 0x11, 0xe9, 0x11, 0xe9, 0x11, 0xe9, 
	0x11, 0xe9, 0x11, 0xe9, 0x11, 0xe9, 0x11, 0xe9, 
	0x11, 0xe9, 0x11, 0xe9, 0x11, 0xe9, 0x11, 0xe9, 
	0x11, 0xe9, 0x11, 0xe9, 0x11, 0xe9, 0x11, 0xe9, 
	0x11, 0xe9, 0x11, 0xe9, 0x11, 0xe9, 0x11, 0xe9, 
	0x11, 0xe9, 0x11, 0xe9, 0x11, 0xe9, 0x11, 0xe9, 
	0x11, 0xe9, 0x11, 0xe9, 0x11, 0xe9, 0x11, 0xe9, 
	0x1a, 0x6b, 0x22, 0xad, 0x5b, 0xed, 0x3a, 0xe9, 
	0x3a, 0xe9, 0x3a, 0xe9, 0x5b, 0xed, 0x4b, 0x69, 
	0x4b, 0x69, 0x3a, 0xe9, 0x4b, 0x69, 0x3a, 0xe9, 
	0x09, 0xa5, 0x12, 0x29, 0x11, 0xe9, 0x12, 0x29, 
	0x11, 0xe9, 0x11, 0xe9, 0x11, 0xe9, 0x11, 0xe9, 
	0x11, 0xe9, 0x11, 0xe9, 0x11, 0xe9, 0x11, 0xe9, 
	0x11, 0xe9, 0x11, 0xe9, 0x11, 0xe9, 0x11, 0xe9, 
	0x11, 0xe9, 0x11, 0xe9, 0x11, 0xe9, 0x11, 0xe9, 
	0x11, 0xe9, 0x11, 0xe9, 0x11, 0xe9, 0x11, 0xe9, 
	0x11, 0xe9, 0x11, 0xe9, 0x11, 0xe9, 0x11, 0xe9, 
	0x11, 0xe9, 0x11, 0xe9, 0x11, 0xe9, 0x11, 0xe9, 
	0x11, 0xe9, 0x11, 0xe9, 0x11, 0xe9, 0x11, 0xe9, 
	0x11, 0xe9, 0x11, 0xe9, 0x11, 0xe9, 0x11, 0xe9, 
	0x11, 0xe9, 0x11, 0xe9, 0x11, 0xe9, 0x11, 0xe9, 
	0x11, 0xe9, 0x11, 0xe9, 0x11, 0xe9, 0x11, 0xe9, 
	0x11, 0xe9, 0x11, 0xe9, 0x11, 0xe9, 0x11, 0xe9, 
	0x11, 0xe9, 0x11, 0xe9, 0x11, 0xe9, 0x11, 0xe9, 
	0x11, 0xe9, 0x11, 0xe9, 0x11, 0xe9, 0x11, 0xe9, 
	0x11, 0xe9, 0x11, 0xe9, 0x11, 0xe9, 0x11, 0xe9, 
	0x11, 0xe9, 0x11, 0xe9, 0x11, 0xe9, 0x11, 0xe9, 
	0x11, 0xe9, 0x11, 0xe9, 0x11, 0xe9, 0x11, 0xe9, 
	0x11, 0xe9, 0x11, 0xe9, 0x11, 0xe9, 0x11, 0xe9, 
	0x11, 0xe9, 0x11, 0xe9, 0x11, 0xe9, 0x11, 0xe9, 
	0x11, 0xe9, 0x11, 0xe9, 0x11, 0xe9, 0x11, 0xe9, 
	0x11, 0xe9, 0x11, 0xe9, 0x11, 0xe9, 0x11, 0xe9, 
	0x11, 0xe9, 0x11, 0xe9, 0x11, 0xe9, 0x11, 0xe9, 
	0x11, 0xe9, 0x11, 0xe9, 0x11, 0xe9, 0x11, 0xe9, 
	0x11, 0xe9, 0x11, 0xe9, 0x11, 0xe9, 0x11, 0xe9, 
	0x11, 0xe9, 0x11, 0xe9, 0x11, 0xe9, 0x11, 0xe9, 
	0x11, 0xe9, 0x11, 0xe9, 0x11, 0xe9, 0x11, 0xe9, 
	0x11, 0xe9, 0x11, 0xe9, 0x11, 0xe9, 0x11, 0xe9, 
	0x11, 0xe9, 0x11, 0xe9, 0x11, 0xe9, 0x11, 0xe9, 
	0x1a, 0x6b, 0x1a, 0x6b, 0x09, 0xa5, 0x1a, 0x6b, 
	0x11, 0xe7, 0x22, 0xad, 0x3a, 0xe9, 0x1a, 0x6b, 
	0x1a, 0x6b, 0x1a, 0x6b, 0x22, 0xad, 0x12, 0x29, 
	0x11, 0xe9, 0x11, 0xe9, 0x11, 0xe9, 0x11, 0xe9, 
	0x11, 0xe9, 0x11, 0xe9, 0x11, 0xe9, 0x11, 0xe9, 
	0x11, 0xe9, 0x11, 0xe9, 0x11, 0xe9, 0x11, 0xe9, 
	0x11, 0xe9, 0x11, 0xe9, 0x11, 0xe9, 0x11, 0xe9, 
	0x11, 0xe9, 0x11, 0xe9, 0x11, 0xe9, 0x11, 0xe9, 
	0x11, 0xe9, 0x11, 0xe9, 0x11, 0xe9, 0x11, 0xe9, 
	0x11, 0xe9, 0x11, 0xe9, 0x11, 0xe9, 0x11, 0xe9, 
	0x11, 0xe9, 0x11, 0xe9, 0x11, 0xe9, 0x11, 0xe9, 
	0x11, 0xe9, 0x11, 0xe9, 0x11, 0xe9, 0x11, 0xe9, 
	0x11, 0xe9, 0x11, 0xe9, 0x11, 0xe9, 0x11, 0xe9, 
	0x11, 0xe9, 0x11, 0xe9, 0x11, 0xe9, 0x11, 0xe9, 
	0x11, 0xe9, 0x11, 0xe9, 0x11, 0xe9, 0x11, 0xe9, 
	0x11, 0xe9, 0x11, 0xe9, 0x11, 0xe9, 0x11, 0xe9, 
	0x11, 0xe9, 0x11, 0xe9, 0x11, 0xe9, 0x11, 0xe9, 
	0x11, 0xe9, 0x11, 0xe9, 0x11, 0xe9, 0x11, 0xe9, 
	0x11, 0xe9, 0x11, 0xe9, 0x11, 0xe9, 0x11, 0xe9, 
	0x11, 0xe9, 0x11, 0xe9, 0x11, 0xe9, 0x11, 0xe9, 
	0x11, 0xe9, 0x11, 0xe9, 0x11, 0xe9, 0x11, 0xe9, 
	0x11, 0xe9, 0x11, 0xe9, 0x11, 0xe9, 0x11, 0xe9, 
	0x11, 0xe9, 0x11, 0xe9, 0x11, 0xe9, 0x11, 0xe9, 
	0x11, 0xe9, 0x11, 0xe9, 0x11, 0xe9, 0x11, 0xe9, 
	0x11, 0xe9, 0x11, 0xe9, 0x11, 0xe9, 0x11, 0xe9, 
	0x11, 0xe9, 0x11, 0xe9, 0x11, 0xe9, 0x11, 0xe9, 
	0x11, 0xe9, 0x11, 0xe9, 0x11, 0xe9, 0x11, 0xe9, 
	0x11, 0xe9, 0x11, 0xe9, 0x11, 0xe9, 0x11, 0xe9, 
	0x11, 0xe9, 0x11, 0xe9, 0x11, 0xe9, 0x11, 0xe9, 
	0x11, 0xe9, 0x11, 0xe9, 0x11, 0xe9, 0x11, 0xe9, 
	0x11, 0xe9, 0x11, 0xe9, 0x11, 0xe9, 0x11, 0xe9, 
	0x11, 0xe9, 0x11, 0xe9, 0x11, 0xe9, 0x11, 0xe9, 
	0x11, 0xe9, 0x12, 0x29, 0x12, 0x29, 0x12, 0x29, 
	0x12, 0x29, 0x12, 0x29, 0x1a, 0x6b, 0x12, 0x29, 
	0x12, 0x29, 0x12, 0x29, 0x12, 0x29, 0x12, 0x29, 
	0x11, 0xe9, 0x11, 0xe9, 0x11, 0xe9, 0x11, 0xe9, 
	0x11, 0xe9, 0x11, 0xe9, 0x11, 0xe9, 0x11, 0xe9, 
	0x11, 0xe9, 0x11, 0xe9, 0x11, 0xe9, 0x11, 0xe9, 
	0x11, 0xe9, 0x11, 0xe9, 0x11, 0xe9, 0x11, 0xe9, 
	0x11, 0xe9, 0x11, 0xe9, 0x11, 0xe9, 0x11, 0xe9, 
	0x11, 0xe9, 0x11, 0xe9, 0x11, 0xe9, 0x11, 0xe9, 
	0x12, 0x29, 0x12, 0x29, 0x12, 0x29, 0x12, 0x29, 
	0x12, 0x29, 0x12, 0x29, 0x12, 0x29, 0x12, 0x29, 
	0x12, 0x29, 0x12, 0x29, 0x12, 0x29, 0x12, 0x29, 
	0x12, 0x29, 0x12, 0x29, 0x12, 0x29, 0x12, 0x29, 
	0x12, 0x29, 0x12, 0x29, 0x12, 0x29, 0x12, 0x29, 
	0x12, 0x29, 0x12, 0x29, 0x12, 0x29, 0x12, 0x29, 
	0x12, 0x29, 0x12, 0x29, 0x12, 0x29, 0x12, 0x29, 
	0x12, 0x29, 0x12, 0x29, 0x12, 0x29, 0x12, 0x29, 
	0x12, 0x29, 0x12, 0x29, 0x12, 0x29, 0x12, 0x29, 
	0x12, 0x29, 0x12, 0x29, 0x12, 0x29, 0x12, 0x29, 
	0x12, 0x29, 0x12, 0x29, 0x12, 0x29, 0x12, 0x29, 
	0x12, 0x29, 0x12, 0x29, 0x12, 0x29, 0x12, 0x29, 
	0x12, 0x29, 0x12, 0x29, 0x12, 0x29, 0x12, 0x29, 
	0x12, 0x29, 0x12, 0x29, 0x12, 0x29, 0x12, 0x29, 
	0x12, 0x29, 0x12, 0x29, 0x12, 0x29, 0x12, 0x29, 
	0x12, 0x29, 0x12, 0x29, 0x12, 0x29, 0x12, 0x29, 
	0x12, 0x29, 0x12, 0x29, 0x12, 0x29, 0x12, 0x29, 
	0x12, 0x29, 0x12, 0x29, 0x12, 0x29, 0x12, 0x29, 
	0x12, 0x29, 0x12, 0x29, 0x12, 0x29, 0x12, 0x29, 
	0x12, 0x29, 0x12, 0x29, 0x12, 0x29, 0x12, 0x29, 
	0x12, 0x29, 0x12, 0x29, 0x12, 0x29, 0x12, 0x29, 
	0x12, 0x29, 0x12, 0x29, 0x12, 0x29, 0x12, 0x29, 
	0x12, 0x29, 0x12, 0x29, 0x12, 0x29, 0x12, 0x29, 
	0x12, 0x29, 0x12, 0x29, 0x12, 0x29, 0x12, 0x29, 
	0x12, 0x29, 0x12, 0x29, 0x12, 0x29, 0x12, 0x29, 
	0x12, 0x29, 0x12, 0x29, 0x12, 0x29, 0x12, 0x29, 
	0x12, 0x29, 0x12, 0x29, 0x12, 0x29, 0x12, 0x29, 
	0x12, 0x29, 0x12, 0x29, 0x12, 0x29, 0x12, 0x29, 
	0x12, 0x29, 0x12, 0x29, 0x12, 0x29, 0x12, 0x29, 
	0x12, 0x29, 0x12, 0x29, 0x12, 0x29, 0x12, 0x29, 
	0x12, 0x29, 0x12, 0x29, 0x12, 0x29, 0x12, 0x29, 
	0x12, 0x29, 0x12, 0x29, 0x12, 0x29, 0x12, 0x29, 
	0x12, 0x29, 0x12, 0x29, 0x12, 0x29, 0x12, 0x29, 
	0x12, 0x29, 0x12, 0x29, 0x12, 0x29, 0x12, 0x29, 
	0x12, 0x29, 0x12, 0x29, 0x12, 0x29, 0x12, 0x29, 
	0x12, 0x29, 0x12, 0x29, 0x12, 0x29, 0x12, 0x29, 
	0x12, 0x29, 0x12, 0x29, 0x12, 0x29, 0x12, 0x29, 
	0x12, 0x29, 0x12, 0x29, 0x12, 0x29, 0x12, 0x29, 
	0x12, 0x29, 0x12, 0x29, 0x12, 0x29, 0x12, 0x29, 
	0x12, 0x29, 0x12, 0x29, 0x12, 0x29, 0x12, 0x29, 
	0x12, 0x29, 0x12, 0x29, 0x12, 0x29, 0x12, 0x29, 
	0x12, 0x29, 0x12, 0x29, 0x12, 0x29, 0x12, 0x29, 
	0x12, 0x29, 0x12, 0x29, 0x12, 0x29, 0x12, 0x29, 
	0x12, 0x29, 0x12, 0x29, 0x12, 0x29, 0x12, 0x29, 
	0x12, 0x29, 0x12, 0x29, 0x12, 0x29, 0x12, 0x29, 
	0x12, 0x29, 0x12, 0x29, 0x12, 0x29, 0x12, 0x29, 
	0x12, 0x29, 0x12, 0x29, 0x12, 0x29, 0x12, 0x29, 
	0x12, 0x29, 0x12, 0x29, 0x12, 0x29, 0x12, 0x29, 
	0x12, 0x29, 0x12, 0x29, 0x12, 0x29, 0x12, 0x29, 
	0x12, 0x29, 0x12, 0x29, 0x12, 0x29, 0x12, 0x29, 
	0x12, 0x29, 0x12, 0x29, 0x12, 0x29, 0x12, 0x29, 
	0x12, 0x29, 0x12, 0x29, 0x12, 0x29, 0x12, 0x29, 
	0x12, 0x29, 0x12, 0x29, 0x12, 0x29, 0x12, 0x29, 
	0x12, 0x29, 0x12, 0x29, 0x12, 0x29, 0x12, 0x29, 
	0x12, 0x29, 0x12, 0x29, 0x12, 0x29, 0x12, 0x29, 
	0x12, 0x29, 0x12, 0x2b, 0x12, 0x2b, 0x12, 0x29, 
	0x12, 0x29, 0x12, 0x29, 0x12, 0x29, 0x12, 0x29, 
	0x12, 0x29, 0x12, 0x29, 0x12, 0x29, 0x12, 0x29, 
	0x12, 0x29, 0x12, 0x29, 0x12, 0x29, 0x12, 0x29, 
	0x12, 0x29, 0x12, 0x29, 0x12, 0x29, 0x12, 0x29, 
	0x12, 0x29, 0x12, 0x29, 0x12, 0x29, 0x12, 0x29, 
	0x12, 0x29, 0x12, 0x29, 0x12, 0x29, 0x12, 0x29, 
	0x12, 0x29, 0x12, 0x29, 0x12, 0x29, 0x12, 0x29, 
	0x12, 0x29, 0x12, 0x29, 0x12, 0x29, 0x12, 0x29, 
	0x12, 0x2b, 0x12, 0x2b, 0x12, 0x2b, 0x12, 0x2b, 
	0x12, 0x2b, 0x12, 0x2b, 0x12, 0x2b, 0x12, 0x2b, 
	0x12, 0x2b, 0x12, 0x2b, 0x12, 0x2b, 0x12, 0x2b, 
	0x12, 0x2b, 0x12, 0x2b, 0x12, 0x2b, 0x12, 0x2b, 
	0x12, 0x2b, 0x12, 0x2b, 0x12, 0x2b, 0x12, 0x2b, 
	0x12, 0x2b, 0x12, 0x2b, 0x12, 0x2b, 0x12, 0x2b, 
	0x12, 0x2b, 0x12, 0x2b, 0x12, 0x2b, 0x12, 0x2b, 
	0x12, 0x2b, 0x12, 0x2b, 0x12, 0x2b, 0x12, 0x2b, 
	0x12, 0x2b, 0x12, 0x2b, 0x12, 0x2b, 0x12, 0x2b, 
	0x12, 0x2b, 0x12, 0x2b, 0x12, 0x2b, 0x12, 0x2b, 
	0x12, 0x2b, 0x12, 0x2b, 0x12, 0x2b, 0x12, 0x2b, 
	0x12, 0x2b, 0x12, 0x2b, 0x12, 0x2b, 0x12, 0x2b, 
	0x12, 0x2b, 0x12, 0x2b, 0x12, 0x2b, 0x12, 0x2b, 
	0x12, 0x2b, 0x12, 0x2b, 0x12, 0x2b, 0x12, 0x2b, 
	0x12, 0x2b, 0x12, 0x2b, 0x12, 0x2b, 0x12, 0x2b, 
	0x12, 0x2b, 0x12, 0x2b, 0x12, 0x2b, 0x12, 0x2b, 
	0x12, 0x2b, 0x12, 0x2b, 0x12, 0x2b, 0x12, 0x2b, 
	0x12, 0x2b, 0x12, 0x2b, 0x12, 0x2b, 0x12, 0x2b, 
	0x12, 0x2b, 0x12, 0x2b, 0x12, 0x2b, 0x12, 0x2b, 
	0x12, 0x2b, 0x12, 0x2b, 0x12, 0x2b, 0x12, 0x2b, 
	0x12, 0x2b, 0x12, 0x2b, 0x12, 0x2b, 0x12, 0x2b, 
	0x12, 0x2b, 0x12, 0x2b, 0x12, 0x2b, 0x12, 0x2b, 
	0x12, 0x2b, 0x12, 0x2b, 0x12, 0x2b, 0x12, 0x2b, 
	0x12, 0x2b, 0x12, 0x2b, 0x12, 0x2b, 0x12, 0x2b, 
	0x12, 0x2b, 0x12, 0x2b, 0x12, 0x2b, 0x12, 0x2b, 
	0x12, 0x2b, 0x12, 0x2b, 0x12, 0x2b, 0x12, 0x2b, 
	0x12, 0x2b, 0x12, 0x2b, 0x12, 0x2b, 0x12, 0x2b, 
	0x12, 0x2b, 0x12, 0x2b, 0x12, 0x2b, 0x12, 0x2b, 
	0x12, 0x2b, 0x12, 0x2b, 0x12, 0x2b, 0x12, 0x2b, 
	0x12, 0x2b, 0x12, 0x2b, 0x12, 0x2b, 0x12, 0x2b, 
	0x12, 0x2b, 0x12, 0x2b, 0x12, 0x2b, 0x12, 0x2b, 
	0x12, 0x2b, 0x12, 0x2b, 0x12, 0x2b, 0x12, 0x2b, 
	0x12, 0x2b, 0x12, 0x2b, 0x12, 0x2b, 0x12, 0x2b, 
	0x12, 0x2b, 0x12, 0x2b, 0x12, 0x2b, 0x12, 0x2b, 
	0x12, 0x2b, 0x12, 0x2b, 0x12, 0x2b, 0x12, 0x2b, 
	0x12, 0x2b, 0x12, 0x2b, 0x12, 0x2b, 0x12, 0x2b, 
	0x12, 0x2b, 0x12, 0x2b, 0x12, 0x2b, 0x12, 0x2b, 
	0x12, 0x2b, 0x12, 0x2b, 0x12, 0x2b, 0x12, 0x2b, 
	0x12, 0x2b, 0x12, 0x2b, 0x12, 0x2b, 0x12, 0x2b, 
	0x12, 0x2b, 0x12, 0x2b, 0x12, 0x2b, 0x12, 0x2b, 
	0x12, 0x2b, 0x12, 0x2b, 0x12, 0x2b, 0x12, 0x2b, 
	0x12, 0x2b, 0x12, 0x2b, 0x12, 0x2b, 0x12, 0x2b, 
	0x12, 0x2b, 0x12, 0x2b, 0x12, 0x2b, 0x12, 0x2b, 
	0x12, 0x2b, 0x12, 0x2b, 0x12, 0x2b, 0x12, 0x2b, 
	0x12, 0x2b, 0x12, 0x2b, 0x12, 0x2b, 0x12, 0x2b, 
	0x12, 0x2b, 0x12, 0x2b, 0x12, 0x2b, 0x12, 0x2b, 
	0x12, 0x2b, 0x12, 0x2b, 0x12, 0x2b, 0x12, 0x2b, 
	0x12, 0x2b, 0x12, 0x2b, 0x12, 0x2b, 0x12, 0x2b, 
	0x12, 0x2b, 0x12, 0x2b, 0x12, 0x2b, 0x12, 0x2b, 
	0x12, 0x2b, 0x12, 0x2b, 0x12, 0x2b, 0x12, 0x2b, 
	0x12, 0x2b, 0x12, 0x2b, 0x12, 0x2b, 0x12, 0x2b, 
	0x12, 0x2b, 0x12, 0x2b, 0x12, 0x2b, 0x12, 0x2b, 
	0x12, 0x2b, 0x12, 0x2b, 0x12, 0x2b, 0x12, 0x2b, 
	0x12, 0x2b, 0x12, 0x2b, 0x12, 0x2b, 0x12, 0x2b, 
	0x12, 0x2b, 0x12, 0x2b, 0x12, 0x2b, 0x12, 0x2b, 
	0x12, 0x2b, 0x12, 0x2b, 0x12, 0x2b, 0x12, 0x2b, 
	0x12, 0x2b, 0x12, 0x2b, 0x12, 0x2b, 0x12, 0x2b, 
	0x12, 0x2b, 0x12, 0x2b, 0x12, 0x2b, 0x12, 0x2b, 
	0x12, 0x2b, 0x12, 0x2b, 0x12, 0x2b, 0x12, 0x2b, 
	0x12, 0x2b, 0x12, 0x2b, 0x12, 0x2b, 0x12, 0x2b, 
	0x12, 0x2b, 0x12, 0x2b, 0x12, 0x2b, 0x12, 0x2b, 
	0x12, 0x2b, 0x12, 0x2b, 0x12, 0x2b, 0x12, 0x2b, 
	0x12, 0x2b, 0x12, 0x2b, 0x12, 0x2b, 0x12, 0x2b, 
	0x12, 0x2b, 0x12, 0x2b, 0x12, 0x2b, 0x12, 0x2b, 
	0x1a, 0x6b, 0x1a, 0x6b, 0x1a, 0x6b, 0x1a, 0x6b, 
	0x1a, 0x6b, 0x1a, 0x6b, 0x1a, 0x6b, 0x1a, 0x6b, 
	0x1a, 0x6b, 0x1a, 0x6b, 0x1a, 0x6b, 0x1a, 0x6b, 
	0x1a, 0x6b, 0x1a, 0x6b, 0x1a, 0x6b, 0x1a, 0x6b, 
	0x1a, 0x6b, 0x1a, 0x6b, 0x1a, 0x6b, 0x1a, 0x6b, 
	0x1a, 0x6b, 0x1a, 0x6b, 0x1a, 0x6b, 0x1a, 0x6b, 
	0x1a, 0x6b, 0x1a, 0x6b, 0x1a, 0x6b, 0x1a, 0x6b, 
	0x1a, 0x6b, 0x1a, 0x6b, 0x1a, 0x6b, 0x1a, 0x6b, 
	0x1a, 0x6b, 0x1a, 0x6b, 0x1a, 0x6b, 0x1a, 0x6b, 
	0x1a, 0x6b, 0x1a, 0x6b, 0x1a, 0x6b, 0x1a, 0x6b, 
	0x1a, 0x6b, 0x1a, 0x6b, 0x1a, 0x6b, 0x1a, 0x6b, 
	0x1a, 0x6b, 0x1a, 0x6b, 0x1a, 0x6b, 0x1a, 0x6b, 
	0x1a, 0x6b, 0x1a, 0x6b, 0x1a, 0x6b, 0x1a, 0x6b, 
	0x1a, 0x6b, 0x1a, 0x6b, 0x1a, 0x6b, 0x1a, 0x6b, 
	0x1a, 0x6b, 0x1a, 0x6b, 0x1a, 0x6b, 0x1a, 0x6b, 
	0x1a, 0x6b, 0x1a, 0x6b, 0x1a, 0x6b, 0x1a, 0x6b, 
	0x1a, 0x6b, 0x1a, 0x6b, 0x1a, 0x6b, 0x1a, 0x6b, 
	0x1a, 0x6b, 0x1a, 0x6b, 0x1a, 0x6b, 0x1a, 0x6b, 
	0x1a, 0x6b, 0x1a, 0x6b, 0x1a, 0x6b, 0x1a, 0x6b, 
	0x1a, 0x6b, 0x1a, 0x6b, 0x1a, 0x6b, 0x1a, 0x6b, 
	0x1a, 0x6b, 0x1a, 0x6b, 0x1a, 0x6b, 0x1a, 0x6b, 
	0x1a, 0x6b, 0x1a, 0x6b, 0x1a, 0x6b, 0x1a, 0x6b, 
	0x1a, 0x6b, 0x1a, 0x6b, 0x1a, 0x6b, 0x1a, 0x6b, 
	0x1a, 0x6b, 0x1a, 0x6b, 0x1a, 0x6b, 0x1a, 0x6b, 
	0x1a, 0x6b, 0x1a, 0x6b, 0x1a, 0x6b, 0x1a, 0x6b, 
	0x1a, 0x6b, 0x1a, 0x6b, 0x1a, 0x6b, 0x1a, 0x6b, 
	0x1a, 0x6b, 0x1a, 0x6b, 0x1a, 0x6b, 0x1a, 0x6b, 
	0x1a, 0x6b, 0x1a, 0x6b, 0x1a, 0x6b, 0x1a, 0x6b, 
	0x1a, 0x6b, 0x1a, 0x6b, 0x1a, 0x6b, 0x1a, 0x6b, 
	0x1a, 0x6b, 0x1a, 0x6b, 0x1a, 0x6b, 0x1a, 0x6b, 
	0x1a, 0x6b, 0x1a, 0x6b, 0x1a, 0x6b, 0x1a, 0x6b, 
	0x1a, 0x6b, 0x1a, 0x6b, 0x1a, 0x6b, 0x1a, 0x6b, 
	0x1a, 0x6b, 0x1a, 0x6b, 0x1a, 0x6b, 0x1a, 0x6b, 
	0x1a, 0x6b, 0x1a, 0x6b, 0x1a, 0x6b, 0x1a, 0x6b, 
	0x1a, 0x6b, 0x1a, 0x6b, 0x1a, 0x6b, 0x1a, 0x6b, 
	0x1a, 0x6b, 0x1a, 0x6b, 0x1a, 0x6b, 0x1a, 0x6b, 
	0x1a, 0x6b, 0x1a, 0x6b, 0x1a, 0x6b, 0x1a, 0x6b, 
	0x1a, 0x6b, 0x1a, 0x6b, 0x1a, 0x6b, 0x1a, 0x6b, 
	0x1a, 0x6b, 0x1a, 0x6b, 0x1a, 0x6b, 0x1a, 0x6b, 
	0x1a, 0x6b, 0x1a, 0x6b, 0x1a, 0x6b, 0x1a, 0x6b, 
	0x1a, 0x6b, 0x1a, 0x6b, 0x1a, 0x6b, 0x1a, 0x6b, 
	0x1a, 0x6b, 0x1a, 0x6b, 0x1a, 0x6b, 0x1a, 0x6b, 
	0x1a, 0x6b, 0x1a, 0x6b, 0x1a, 0x6b, 0x1a, 0x6b, 
	0x1a, 0x6b, 0x1a, 0x6b, 0x1a, 0x6b, 0x1a, 0x6b, 
	0x1a, 0x6b, 0x1a, 0x6b, 0x1a, 0x6b, 0x1a, 0x6b, 
	0x1a, 0x6b, 0x1a, 0x6b, 0x1a, 0x6b, 0x1a, 0x6b, 
	0x1a, 0x6b, 0x1a, 0x6b, 0x1a, 0x6b, 0x1a, 0x6b, 
	0x1a, 0x6b, 0x1a, 0x6b, 0x1a, 0x6b, 0x1a, 0x6b, 
	0x1a, 0x6b, 0x1a, 0x6b, 0x1a, 0x6b, 0x1a, 0x6b, 
	0x1a, 0x6b, 0x1a, 0x6b, 0x1a, 0x6b, 0x1a, 0x6b, 
	0x1a, 0x6b, 0x1a, 0x6b, 0x1a, 0x6b, 0x1a, 0x6b, 
	0x1a, 0x6b, 0x1a, 0x6b, 0x1a, 0x6b, 0x1a, 0x6b, 
	0x1a, 0x6b, 0x1a, 0x6b, 0x1a, 0x6b, 0x1a, 0x6b, 
	0x1a, 0x6b, 0x1a, 0x6b, 0x1a, 0x6b, 0x1a, 0x6b, 
	0x1a, 0x6b, 0x1a, 0x6b, 0x1a, 0x6b, 0x1a, 0x6b, 
	0x1a, 0x6b, 0x1a, 0x6b, 0x1a, 0x6b, 0x1a, 0x6b, 
	0x1a, 0x6b, 0x1a, 0x6b, 0x1a, 0x6b, 0x1a, 0x6b, 
	0x1a, 0x6b, 0x1a, 0x6b, 0x1a, 0x6b, 0x1a, 0x6b, 
	0x1a, 0x6b, 0x1a, 0x6b, 0x1a, 0x6b, 0x1a, 0x6b, 
	0x1a, 0x6b, 0x1a, 0x6b, 0x1a, 0x6b, 0x1a, 0x6b, 
	0x1a, 0x6b, 0x1a, 0x6b, 0x1a, 0x6b, 0x1a, 0x6b, 
	0x1a, 0x6b, 0x1a, 0x6b, 0x1a, 0x6b, 0x1a, 0x6b, 
	0x1a, 0x6b, 0x1a, 0x6b, 0x1a, 0x6b, 0x1a, 0x6b, 
	0x1a, 0x6b, 0x1a, 0x6b, 0x1a, 0x6b, 0x1a, 0x6b, 
	0x1a, 0x6d, 0x1a, 0x6d, 0x1a, 0x6d, 0x1a, 0x6d, 
	0x1a, 0x6d, 0x1a, 0x6d, 0x1a, 0x6d, 0x1a, 0x6d, 
	0x1a, 0x6d, 0x1a, 0x6d, 0x1a, 0x6d, 0x1a, 0x6d, 
	0x1a, 0x6d, 0x1a, 0x6d, 0x1a, 0x6d, 0x1a, 0x6d, 
	0x1a, 0x6d, 0x1a, 0x6d, 0x1a, 0x6d, 0x1a, 0x6d, 
	0x1a, 0x6d, 0x1a, 0x6d, 0x1a, 0x6d, 0x1a, 0x6d, 
	0x1a, 0x6d, 0x1a, 0x6d, 0x1a, 0x6d, 0x1a, 0x6d, 
	0x1a, 0x6d, 0x1a, 0x6d, 0x1a, 0x6d, 0x1a, 0x6d, 
	0x1a, 0x6d, 0x1a, 0x6d, 0x1a, 0x6d, 0x1a, 0x6d, 
	0x1a, 0x6d, 0x1a, 0x6d, 0x1a, 0x6d, 0x1a, 0x6d, 
	0x1a, 0x6d, 0x1a, 0x6d, 0x1a, 0x6d, 0x1a, 0x6d, 
	0x1a, 0x6d, 0x1a, 0x6d, 0x1a, 0x6d, 0x1a, 0x6d, 
	0x1a, 0x6d, 0x1a, 0x6d, 0x1a, 0x6d, 0x1a, 0x6d, 
	0x1a, 0x6d, 0x1a, 0x6d, 0x1a, 0x6d, 0x1a, 0x6d, 
	0x1a, 0x6d, 0x1a, 0x6d, 0x1a, 0x6d, 0x1a, 0x6d, 
	0x1a, 0x6d, 0x1a, 0x6d, 0x1a, 0x6d, 0x1a, 0x6d, 
	0x1a, 0x6d, 0x1a, 0x6d, 0x1a, 0x6d, 0x1a, 0x6d, 
	0x1a, 0x6d, 0x1a, 0x6d, 0x1a, 0x6d, 0x1a, 0x6d, 
	0x1a, 0x6d, 0x1a, 0x6d, 0x1a, 0x6d, 0x1a, 0x6d, 
	0x1a, 0x6d, 0x1a, 0x6d, 0x1a, 0x6d, 0x1a, 0x6d, 
	0x1a, 0x6d, 0x1a, 0x6d, 0x1a, 0x6d, 0x1a, 0x6d, 
	0x1a, 0x6d, 0x1a, 0x6d, 0x1a, 0x6d, 0x1a, 0x6d, 
	0x1a, 0x6d, 0x1a, 0x6d, 0x1a, 0x6d, 0x1a, 0x6d, 
	0x1a, 0x6d, 0x1a, 0x6d, 0x1a, 0x6d, 0x1a, 0x6d, 
	0x1a, 0x6d, 0x1a, 0x6d, 0x1a, 0x6d, 0x1a, 0x6d, 
	0x1a, 0x6d, 0x1a, 0x6d, 0x1a, 0x6d, 0x1a, 0x6d, 
	0x1a, 0x6d, 0x1a, 0x6d, 0x1a, 0x6d, 0x1a, 0x6d, 
	0x1a, 0x6d, 0x1a, 0x6d, 0x1a, 0x6d, 0x1a, 0x6d, 
	0x1a, 0x6d, 0x1a, 0x6d, 0x1a, 0x6d, 0x1a, 0x6d, 
	0x1a, 0x6d, 0x1a, 0x6d, 0x1a, 0x6d, 0x1a, 0x6d, 
	0x1a, 0x6d, 0x1a, 0x6d, 0x1a, 0x6d, 0x1a, 0x6d, 
	0x1a, 0x6d, 0x1a, 0x6d, 0x1a, 0x6d, 0x1a, 0x6d, 
	0x1a, 0x6d, 0x1a, 0x6d, 0x1a, 0x6d, 0x1a, 0x6d, 
	0x1a, 0x6d, 0x1a, 0x6d, 0x1a, 0x6d, 0x1a, 0x6d, 
	0x1a, 0x6d, 0x1a, 0x6d, 0x1a, 0x6d, 0x1a, 0x6d, 
	0x1a, 0x6d, 0x1a, 0x6d, 0x1a, 0x6d, 0x1a, 0x6d, 
	0x1a, 0x6d, 0x1a, 0x6d, 0x1a, 0x6d, 0x1a, 0x6d, 
	0x1a, 0x6d, 0x1a, 0x6d, 0x1a, 0x6d, 0x1a, 0x6d, 
	0x1a, 0x6d, 0x1a, 0x6d, 0x1a, 0x6d, 0x1a, 0x6d, 
	0x1a, 0x6d, 0x1a, 0x6d, 0x1a, 0x6d, 0x1a, 0x6d, 
	0x1a, 0x6d, 0x1a, 0x6d, 0x1a, 0x6d, 0x1a, 0x6d, 
	0x1a, 0x6d, 0x1a, 0x6d, 0x1a, 0x6d, 0x1a, 0x6d, 
	0x1a, 0x6d, 0x1a, 0x6d, 0x1a, 0x6d, 0x1a, 0x6d, 
	0x1a, 0x6d, 0x1a, 0x6d, 0x1a, 0x6d, 0x1a, 0x6d, 
	0x1a, 0x6d, 0x1a, 0x6d, 0x1a, 0x6d, 0x1a, 0x6d, 
	0x1a, 0x6d, 0x1a, 0x6d, 0x1a, 0x6d, 0x1a, 0x6d, 
	0x1a, 0x6d, 0x1a, 0x6d, 0x1a, 0x6d, 0x1a, 0x6d, 
	0x1a, 0x6d, 0x1a, 0x6d, 0x1a, 0x6d, 0x1a, 0x6d, 
	0x1a, 0x6d, 0x1a, 0x6d, 0x1a, 0x6d, 0x1a, 0x6d, 
	0x1a, 0x6d, 0x1a, 0x6d, 0x1a, 0x6d, 0x1a, 0x6d, 
	0x1a, 0x6d, 0x1a, 0x6d, 0x1a, 0x6d, 0x1a, 0x6d, 
	0x1a, 0x6d, 0x1a, 0x6d, 0x1a, 0x6d, 0x1a, 0x6d, 
	0x1a, 0x6d, 0x1a, 0x6d, 0x1a, 0x6d, 0x1a, 0x6d, 
	0x1a, 0x6d, 0x1a, 0x6d, 0x1a, 0x6d, 0x1a, 0x6d, 
	0x1a, 0x6d, 0x1a, 0x6d, 0x1a, 0x6d, 0x1a, 0x6d, 
	0x1a, 0x6d, 0x1a, 0x6d, 0x1a, 0x6d, 0x1a, 0x6d, 
	0x1a, 0x6d, 0x1a, 0x6d, 0x1a, 0x6d, 0x1a, 0x6d, 
	0x1a, 0x6d, 0x1a, 0x6d, 0x1a, 0x6d, 0x1a, 0x6d, 
	0x1a, 0x6d, 0x1a, 0x6d, 0x1a, 0x6d, 0x1a, 0x6d, 
	0x1a, 0x6d, 0x1a, 0x6d, 0x1a, 0x6d, 0x1a, 0x6d, 
	0x1a, 0x6d, 0x1a, 0x6d, 0x1a, 0x6d, 0x1a, 0x6d, 
	0x1a, 0x6d, 0x1a, 0x6d, 0x1a, 0x6d, 0x1a, 0x6d, 
	0x1a, 0x6d, 0x1a, 0x6d, 0x1a, 0x6d, 0x1a, 0x6d, 
	0x1a, 0x6d, 0x1a, 0x6d, 0x1a, 0x6d, 0x1a, 0x6d, 
	0x1a, 0x6d, 0x1a, 0x6d, 0x1a, 0x6d, 0x1a, 0x6d, 
	0x1a, 0x6d, 0x1a, 0x6d, 0x1a, 0x6d, 0x1a, 0x6d, 
	0x1a, 0x6d, 0x1a, 0x6d, 0x1a, 0x6d, 0x1a, 0x6d, 
	0x1a, 0x6d, 0x1a, 0x6d, 0x1a, 0x6d, 0x1a, 0x6d, 
	0x1a, 0x6d, 0x1a, 0x6d, 0x1a, 0x6d, 0x1a, 0x6d, 
	0x1a, 0x6d, 0x1a, 0x6d, 0x1a, 0x6d, 0x1a, 0x6d, 
	0x1a, 0x6d, 0x1a, 0x6d, 0x1a, 0x6d, 0x1a, 0x6d, 
	0x1a, 0x6d, 0x1a, 0x6d, 0x1a, 0x6d, 0x1a, 0x6d, 
	0x1a, 0x6d, 0x1a, 0x6d, 0x1a, 0x6d, 0x1a, 0x6d, 
	0x1a, 0x6d, 0x1a, 0x6d, 0x1a, 0x6d, 0x1a, 0x6d, 
	0x1a, 0x6d, 0x1a, 0x6d, 0x1a, 0x6d, 0x1a, 0x6d, 
	0x1a, 0x6d, 0x1a, 0x6d, 0x1a, 0x6d, 0x1a, 0x6d, 
	0x1a, 0x6d, 0x1a, 0x6d, 0x1a, 0x6d, 0x1a, 0x6d, 
	0x1a, 0x6d, 0x1a, 0x6d, 0x1a, 0x6d, 0x1a, 0x6d, 
	0x1a, 0x6d, 0x1a, 0x6d, 0x1a, 0x6d, 0x1a, 0x6d, 
	0x1a, 0x6d, 0x1a, 0x6d, 0x1a, 0x6d, 0x1a, 0x6d, 
	0x1a, 0x6d, 0x1a, 0x6d, 0x1a, 0x6d, 0x1a, 0x6d, 
	0x1a, 0x6d, 0x1a, 0x6d, 0x1a, 0x6d, 0x1a, 0x6d, 
	0x1a, 0x6d, 0x1a, 0x6d, 0x1a, 0x6d, 0x1a, 0x6d, 
	0x1a, 0x6d, 0x1a, 0x6d, 0x1a, 0x6d, 0x1a, 0x6d, 
	0x1a, 0x6d, 0x1a, 0x6d, 0x1a, 0x6d, 0x1a, 0x6d, 
	0x1a, 0x6d, 0x1a, 0x6d, 0x1a, 0x6d, 0x1a, 0x6d, 
	0x1a, 0x6d, 0x1a, 0x6d, 0x1a, 0x6d, 0x1a, 0x6d, 
	0x1a, 0x6d, 0x1a, 0x6d, 0x1a, 0x6d, 0x1a, 0x6d, 
	0x1a, 0x6d, 0x1a, 0x6d, 0x1a, 0x6d, 0x1a, 0x6d, 
	0x1a, 0x6d, 0x1a, 0x6d, 0x1a, 0x6d, 0x1a, 0x6d, 
	0x1a, 0x6d, 0x1a, 0x6d, 0x1a, 0x6d, 0x1a, 0x6d, 
	0x1a, 0x6d, 0x1a, 0x6d, 0x1a, 0x6d, 0x1a, 0x6d, 
	0x1a, 0x6d, 0x1a, 0x6d, 0x1a, 0x6d, 0x1a, 0x6d, 
	0x1a, 0x6d, 0x1a, 0x6d, 0x1a, 0x6d, 0x1a, 0x6d, 
	0x1a, 0x6d, 0x1a, 0x6d, 0x1a, 0x6d, 0x1a, 0x6d, 
	0x1a, 0x6d, 0x1a, 0x6d, 0x1a, 0x6d, 0x22, 0xad, 
	0x22, 0xad, 0x22, 0xad, 0x22, 0xad, 0x22, 0xad, 
	0x22, 0xad, 0x22, 0xad, 0x22, 0xad, 0x22, 0xad, 
	0x22, 0xad, 0x22, 0xad, 0x22, 0xad, 0x22, 0xad, 
	0x22, 0xad, 0x22, 0xad, 0x22, 0xad, 0x22, 0xad, 
	0x22, 0xad, 0x22, 0xad, 0x22, 0xad, 0x22, 0xad, 
	0x22, 0xad, 0x22, 0xad, 0x22, 0xad, 0x22, 0xad, 
	0x22, 0xad, 0x22, 0xad, 0x22, 0xad, 0x22, 0xad, 
	0x22, 0xad, 0x22, 0xad, 0x22, 0xad, 0x22, 0xad, 
	0x22, 0xad, 0x22, 0xad, 0x22, 0xad, 0x22, 0xad, 
	0x22, 0xad, 0x22, 0xad, 0x22, 0xad, 0x22, 0xad, 
	0x22, 0xad, 0x22, 0xad, 0x22, 0xad, 0x22, 0xad, 
	0x22, 0xad, 0x22, 0xad, 0x22, 0xad, 0x22, 0xad, 
	0x22, 0xad, 0x22, 0xad, 0x22, 0xad, 0x22, 0xad, 
	0x22, 0xad, 0x22, 0xad, 0x22, 0xad, 0x22, 0xad, 
	0x22, 0xad, 0x22, 0xad, 0x22, 0xad, 0x22, 0xad, 
	0x22, 0xad, 0x22, 0xad, 0x22, 0xad, 0x22, 0xad, 
	0x22, 0xad, 0x22, 0xad, 0x22, 0xad, 0x22, 0xad, 
	0x22, 0xad, 0x22, 0xad, 0x22, 0xad, 0x22, 0xad, 
	0x22, 0xad, 0x22, 0xad, 0x22, 0xad, 0x22, 0xad, 
	0x22, 0xad, 0x22, 0xad, 0x22, 0xad, 0x22, 0xad, 
	0x22, 0xad, 0x22, 0xad, 0x22, 0xad, 0x22, 0xad, 
	0x22, 0xad, 0x22, 0xad, 0x22, 0xad, 0x22, 0xad, 
	0x22, 0xad, 0x22, 0xad, 0x22, 0xad, 0x22, 0xad, 
	0x22, 0xad, 0x22, 0xad, 0x22, 0xad, 0x22, 0xad, 
	0x22, 0xad, 0x22, 0xad, 0x22, 0xad, 0x22, 0xad, 
	0x22, 0xad, 0x22, 0xad, 0x22, 0xad, 0x22, 0xad, 
	0x22, 0xad, 0x22, 0xad, 0x22, 0xad, 0x22, 0xad, 
	0x22, 0xad, 0x22, 0xad, 0x22, 0xad, 0x22, 0xad, 
	0x22, 0xad, 0x22, 0xad, 0x22, 0xad, 0x22, 0xad, 
	0x22, 0xad, 0x22, 0xad, 0x22, 0xad, 0x22, 0xad, 
	0x22, 0xad, 0x22, 0xad, 0x22, 0xad, 0x22, 0xad, 
	0x22, 0xad, 0x22, 0xad, 0x22, 0xad, 0x22, 0xad, 
	0x22, 0xad, 0x22, 0xad, 0x22, 0xad, 0x22, 0xad, 
	0x22, 0xad, 0x22, 0xad, 0x22, 0xad, 0x22, 0xad, 
	0x22, 0xad, 0x22, 0xad, 0x22, 0xad, 0x22, 0xad, 
	0x22, 0xad, 0x22, 0xad, 0x22, 0xad, 0x22, 0xad, 
	0x22, 0xad, 0x22, 0xad, 0x22, 0xad, 0x22, 0xad, 
	0x22, 0xad, 0x22, 0xad, 0x22, 0xad, 0x22, 0xad, 
	0x22, 0xad, 0x22, 0xad, 0x22, 0xad, 0x22, 0xad, 
	0x22, 0xad, 0x22, 0xad, 0x22, 0xad, 0x22, 0xad, 
	0x22, 0xad, 0x22, 0xad, 0x22, 0xad, 0x22, 0xad, 
	0x22, 0xad, 0x22, 0xad, 0x22, 0xad, 0x22, 0xad, 
	0x22, 0xad, 0x22, 0xad, 0x22, 0xad, 0x22, 0xad, 
	0x22, 0xad, 0x22, 0xad, 0x22, 0xad, 0x22, 0xad, 
	0x22, 0xad, 0x22, 0xad, 0x22, 0xad, 0x22, 0xad, 
	0x22, 0xad, 0x22, 0xad, 0x22, 0xad, 0x22, 0xad, 
	0x22, 0xad, 0x22, 0xad, 0x22, 0xad, 0x22, 0xad, 
	0x22, 0xad, 0x22, 0xad, 0x22, 0xad, 0x22, 0xad, 
	0x22, 0xad, 0x22, 0xad, 0x22, 0xad, 0x22, 0xad, 
	0x22, 0xad, 0x22, 0xad, 0x22, 0xad, 0x22, 0xad, 
	0x22, 0xad, 0x22, 0xad, 0x22, 0xad, 0x22, 0xad, 
	0x22, 0xad, 0x22, 0xad, 0x22, 0xad, 0x22, 0xad, 
	0x22, 0xad, 0x22, 0xad, 0x22, 0xad, 0x22, 0xad, 
	0x22, 0xad, 0x22, 0xad, 0x22, 0xad, 0x22, 0xad, 
	0x22, 0xad, 0x22, 0xad, 0x22, 0xad, 0x22, 0xad, 
	0x22, 0xad, 0x22, 0xad, 0x22, 0xad, 0x22, 0xad, 
	0x22, 0xad, 0x22, 0xad, 0x22, 0xad, 0x22, 0xad, 
	0x22, 0xad, 0x22, 0xad, 0x22, 0xad, 0x22, 0xad, 
	0x22, 0xad, 0x22, 0xad, 0x22, 0xad, 0x22, 0xad, 
	0x22, 0xad, 0x22, 0xad, 0x22, 0xad, 0x22, 0xad, 
	0x22, 0xad, 0x22, 0xad, 0x22, 0xad, 0x22, 0xad, 
	0x22, 0xad, 0x22, 0xad, 0x22, 0xad, 0x22, 0xad, 
	0x22, 0xad, 0x22, 0xad, 0x22, 0xad, 0x22, 0xad, 
	0x22, 0xad, 0x22, 0xad, 0x22, 0xad, 0x22, 0xef, 
	0x22, 0xef, 0x22, 0xef, 0x22, 0xef, 0x22, 0xef, 
	0x22, 0xef, 0x22, 0xef, 0x22, 0xef, 0x22, 0xef, 
	0x22, 0xef, 0x22, 0xef, 0x22, 0xef, 0x22, 0xef, 
	0x22, 0xef, 0x22, 0xef, 0x22, 0xef, 0x22, 0xef, 
	0x22, 0xef, 0x22, 0xef, 0x22, 0xef, 0x22, 0xef, 
	0x22, 0xef, 0x22, 0xef, 0x22, 0xef, 0x22, 0xef, 
	0x22, 0xef, 0x22, 0xef, 0x22, 0xef, 0x22, 0xef, 
	0x22, 0xef, 0x22, 0xef, 0x22, 0xef, 0x22, 0xef, 
	0x22, 0xef, 0x22, 0xef, 0x22, 0xef, 0x22, 0xef, 
	0x22, 0xef, 0x22, 0xef, 0x22, 0xef, 0x22, 0xef, 
	0x22, 0xef, 0x22, 0xef, 0x22, 0xef, 0x22, 0xef, 
	0x22, 0xef, 0x22, 0xef, 0x22, 0xef, 0x22, 0xef, 
	0x22, 0xef, 0x22, 0xef, 0x22, 0xef, 0x22, 0xef, 
	0x22, 0xef, 0x22, 0xef, 0x22, 0xef, 0x22, 0xef, 
	0x22, 0xef, 0x22, 0xef, 0x22, 0xef, 0x22, 0xef, 
	0x22, 0xef, 0x22, 0xef, 0x22, 0xef, 0x22, 0xef, 
	0x22, 0xef, 0x22, 0xef, 0x22, 0xef, 0x22, 0xef, 
	0x22, 0xef, 0x22, 0xef, 0x22, 0xef, 0x22, 0xef, 
	0x22, 0xef, 0x22, 0xef, 0x22, 0xef, 0x22, 0xef, 
	0x22, 0xef, 0x22, 0xef, 0x22, 0xef, 0x22, 0xef, 
	0x22, 0xef, 0x22, 0xef, 0x22, 0xef, 0x22, 0xef, 
	0x22, 0xef, 0x22, 0xef, 0x22, 0xef, 0x22, 0xef, 
	0x22, 0xef, 0x22, 0xef, 0x22, 0xef, 0x22, 0xef, 
	0x22, 0xef, 0x22, 0xef, 0x22, 0xef, 0x22, 0xef, 
	0x22, 0xef, 0x22, 0xef, 0x22, 0xef, 0x22, 0xef, 
	0x22, 0xef, 0x22, 0xef, 0x22, 0xef, 0x22, 0xef, 
	0x22, 0xef, 0x22, 0xef, 0x22, 0xef, 0x22, 0xef, 
	0x22, 0xef, 0x22, 0xef, 0x22, 0xef, 0x22, 0xef, 
	0x22, 0xef, 0x22, 0xef, 0x22, 0xef, 0x22, 0xef, 
	0x22, 0xef, 0x22, 0xef, 0x22, 0xef, 0x22, 0xef, 
	0x22, 0xef, 0x22, 0xef, 0x22, 0xef, 0x22, 0xef, 
	0x22, 0xef, 0x22, 0xef, 0x22, 0xef, 0x22, 0xef, 
	0x22, 0xef, 0x22, 0xef, 0x22, 0xef, 0x22, 0xef, 
	0x22, 0xef, 0x22, 0xef, 0x22, 0xef, 0x22, 0xef, 
	0x22, 0xef, 0x22, 0xef, 0x22, 0xef, 0x22, 0xef, 
	0x22, 0xef, 0x22, 0xef, 0x22, 0xef, 0x22, 0xef, 
	0x22, 0xef, 0x22, 0xef, 0x22, 0xef, 0x22, 0xef, 
	0x22, 0xef, 0x22, 0xef, 0x22, 0xef, 0x22, 0xef, 
	0x22, 0xef, 0x22, 0xef, 0x22, 0xef, 0x22, 0xef, 
	0x22, 0xef, 0x22, 0xef, 0x22, 0xef, 0x22, 0xef, 
	0x22, 0xef, 0x22, 0xef, 0x22, 0xef, 0x22, 0xef, 
	0x22, 0xef, 0x22, 0xef, 0x22, 0xef, 0x22, 0xef, 
	0x22, 0xef, 0x22, 0xef, 0x22, 0xef, 0x22, 0xef, 
	0x22, 0xef, 0x22, 0xef, 0x22, 0xef, 0x22, 0xef, 
	0x22, 0xef, 0x22, 0xef, 0x22, 0xef, 0x22, 0xef, 
	0x22, 0xef, 0x22, 0xef, 0x22, 0xef, 0x22, 0xef, 
	0x22, 0xef, 0x22, 0xef, 0x22, 0xef, 0x22, 0xef, 
	0x22, 0xef, 0x22, 0xef, 0x22, 0xef, 0x22, 0xef, 
	0x22, 0xef, 0x22, 0xef, 0x22, 0xef, 0x22, 0xef, 
	0x22, 0xef, 0x22, 0xef, 0x22, 0xef, 0x22, 0xef, 
	0x22, 0xef, 0x22, 0xef, 0x22, 0xef, 0x22, 0xef, 
	0x22, 0xef, 0x22, 0xef, 0x22, 0xef, 0x22, 0xef, 
	0x22, 0xef, 0x22, 0xef, 0x22, 0xef, 0x22, 0xef, 
	0x22, 0xef, 0x22, 0xef, 0x22, 0xef, 0x22, 0xef, 
	0x22, 0xef, 0x22, 0xef, 0x22, 0xef, 0x22, 0xef, 
	0x22, 0xef, 0x22, 0xef, 0x22, 0xef, 0x22, 0xef, 
	0x22, 0xef, 0x22, 0xef, 0x22, 0xef, 0x22, 0xef, 
	0x22, 0xef, 0x22, 0xef, 0x22, 0xef, 0x22, 0xef, 
	0x22, 0xef, 0x22, 0xef, 0x22, 0xef, 0x22, 0xef, 
	0x22, 0xef, 0x22, 0xef, 0x22, 0xef, 0x22, 0xef, 
	0x22, 0xef, 0x22, 0xef, 0x22, 0xef, 0x22, 0xef, 
	0x22, 0xef, 0x22, 0xef, 0x22, 0xef, 0x22, 0xef, 
	0x22, 0xef, 0x22, 0xef, 0x22, 0xef, 0x22, 0xef, 
	0x22, 0xef, 0x22, 0xef, 0x22, 0xef, 0x22, 0xef, 
	0x23, 0x2f, 0x23, 0x2f, 0x23, 0x2f, 0x23, 0x2f, 
	0x23, 0x2f, 0x23, 0x2f, 0x23, 0x2f, 0x23, 0x2f, 
	0x23, 0x2f, 0x23, 0x2f, 0x23, 0x2f, 0x23, 0x2f, 
	0x23, 0x2f, 0x23, 0x2f, 0x23, 0x2f, 0x23, 0x2f, 
	0x23, 0x2f, 0x23, 0x2f, 0x23, 0x2f, 0x23, 0x2f, 
	0x23, 0x2f, 0x23, 0x2f, 0x23, 0x2f, 0x23, 0x2f, 
	0x23, 0x2f, 0x23, 0x2f, 0x23, 0x2f, 0x23, 0x2f, 
	0x23, 0x2f, 0x23, 0x2f, 0x23, 0x2f, 0x23, 0x2f, 
	0x23, 0x2f, 0x23, 0x2f, 0x23, 0x2f, 0x23, 0x2f, 
	0x23, 0x2f, 0x23, 0x2f, 0x23, 0x2f, 0x23, 0x2f, 
	0x23, 0x2f, 0x23, 0x2f, 0x23, 0x2f, 0x23, 0x2f, 
	0x23, 0x2f, 0x23, 0x2f, 0x23, 0x2f, 0x23, 0x2f, 
	0x23, 0x2f, 0x23, 0x2f, 0x23, 0x2f, 0x23, 0x2f, 
	0x23, 0x2f, 0x23, 0x2f, 0x23, 0x2f, 0x23, 0x2f, 
	0x23, 0x2f, 0x23, 0x2f, 0x23, 0x2f, 0x23, 0x2f, 
	0x23, 0x2f, 0x23, 0x2f, 0x23, 0x2f, 0x23, 0x2f, 
	0x23, 0x2f, 0x23, 0x2f, 0x23, 0x2f, 0x23, 0x2f, 
	0x23, 0x2f, 0x23, 0x2f, 0x23, 0x2f, 0x23, 0x2f, 
	0x23, 0x2f, 0x23, 0x2f, 0x23, 0x2f, 0x23, 0x2f, 
	0x23, 0x2f, 0x23, 0x2f, 0x23, 0x2f, 0x23, 0x2f, 
	0x23, 0x2f, 0x23, 0x2f, 0x23, 0x2f, 0x23, 0x2f, 
	0x23, 0x2f, 0x23, 0x2f, 0x23, 0x2f, 0x23, 0x2f, 
	0x23, 0x2f, 0x23, 0x2f, 0x23, 0x2f, 0x23, 0x2f, 
	0x23, 0x2f, 0x23, 0x2f, 0x23, 0x2f, 0x23, 0x2f, 
	0x23, 0x2f, 0x23, 0x2f, 0x23, 0x2f, 0x23, 0x2f, 
	0x23, 0x2f, 0x23, 0x2f, 0x23, 0x2f, 0x23, 0x2f, 
	0x23, 0x2f, 0x23, 0x2f, 0x23, 0x2f, 0x23, 0x2f, 
	0x23, 0x2f, 0x23, 0x2f, 0x23, 0x2f, 0x23, 0x2f, 
	0x23, 0x2f, 0x23, 0x2f, 0x23, 0x2f, 0x23, 0x2f, 
	0x23, 0x2f, 0x23, 0x2f, 0x23, 0x2f, 0x23, 0x2f, 
	0x23, 0x2f, 0x23, 0x2f, 0x23, 0x2f, 0x23, 0x2f, 
	0x23, 0x2f, 0x23, 0x2f, 0x23, 0x2f, 0x23, 0x2f, 
	0x23, 0x2f, 0x23, 0x2f, 0x23, 0x2f, 0x23, 0x2f, 
	0x23, 0x2f, 0x23, 0x2f, 0x23, 0x2f, 0x23, 0x2f, 
	0x23, 0x2f, 0x23, 0x2f, 0x23, 0x2f, 0x23, 0x2f, 
	0x23, 0x2f, 0x23, 0x2f, 0x23, 0x2f, 0x23, 0x2f, 
	0x23, 0x2f, 0x23, 0x2f, 0x23, 0x2f, 0x23, 0x2f, 
	0x23, 0x2f, 0x23, 0x2f, 0x23, 0x2f, 0x23, 0x2f, 
	0x23, 0x2f, 0x23, 0x2f, 0x23, 0x2f, 0x23, 0x2f, 
	0x23, 0x2f, 0x23, 0x2f, 0x23, 0x2f, 0x23, 0x2f, 
	0x23, 0x2f, 0x23, 0x2f, 0x23, 0x2f, 0x23, 0x2f, 
	0x23, 0x2f, 0x23, 0x2f, 0x23, 0x2f, 0x23, 0x2f, 
	0x23, 0x2f, 0x23, 0x2f, 0x23, 0x2f, 0x23, 0x2f, 
	0x23, 0x2f, 0x23, 0x2f, 0x23, 0x2f, 0x23, 0x2f, 
	0x23, 0x2f, 0x23, 0x2f, 0x23, 0x2f, 0x23, 0x2f, 
	0x23, 0x2f, 0x23, 0x2f, 0x23, 0x2f, 0x23, 0x2f, 
	0x23, 0x2f, 0x23, 0x2f, 0x23, 0x2f, 0x23, 0x2f, 
	0x23, 0x2f, 0x23, 0x2f, 0x23, 0x2f, 0x23, 0x2f, 
	0x23, 0x2f, 0x23, 0x2f, 0x23, 0x2f, 0x23, 0x2f, 
	0x23, 0x2f, 0x23, 0x2f, 0x23, 0x2f, 0x23, 0x2f, 
	0x23, 0x2f, 0x23, 0x2f, 0x23, 0x2f, 0x23, 0x2f, 
	0x23, 0x2f, 0x23, 0x2f, 0x23, 0x2f, 0x23, 0x2f, 
	0x23, 0x2f, 0x23, 0x2f, 0x23, 0x2f, 0x23, 0x2f, 
	0x23, 0x2f, 0x23, 0x2f, 0x23, 0x2f, 0x23, 0x2f, 
	0x23, 0x2f, 0x23, 0x2f, 0x23, 0x2f, 0x23, 0x2f, 
	0x23, 0x2f, 0x23, 0x2f, 0x23, 0x2f, 0x23, 0x2f, 
	0x23, 0x2f, 0x23, 0x2f, 0x23, 0x2f, 0x23, 0x2f, 
	0x23, 0x2f, 0x23, 0x2f, 0x23, 0x2f, 0x23, 0x2f, 
	0x23, 0x2f, 0x23, 0x2f, 0x23, 0x2f, 0x23, 0x2f, 
	0x23, 0x2f, 0x23, 0x2f, 0x23, 0x2f, 0x23, 0x2f, 
	0x23, 0x2f, 0x23, 0x2f, 0x23, 0x2f, 0x23, 0x2f, 
	0x23, 0x2f, 0x23, 0x2f, 0x23, 0x2f, 0x23, 0x2f, 
	0x23, 0x2f, 0x23, 0x2f, 0x23, 0x2f, 0x23, 0x2f, 
	0x23, 0x2f, 0x23, 0x2f, 0x23, 0x2f, 0x23, 0x2f, 
	0x23, 0x2f, 0x23, 0x2f, 0x23, 0x2f, 0x23, 0x2f, 
	0x23, 0x2f, 0x23, 0x2f, 0x23, 0x2f, 0x23, 0x2f, 
	0x23, 0x2f, 0x23, 0x2f, 0x23, 0x2f, 0x23, 0x2f, 
	0x23, 0x2f, 0x23, 0x2f, 0x23, 0x2f, 0x23, 0x2f, 
	0x23, 0x2f, 0x23, 0x2f, 0x23, 0x2f, 0x23, 0x2f, 
	0x23, 0x2f, 0x23, 0x2f, 0x23, 0x2f, 0x23, 0x2f, 
	0x23, 0x2f, 0x23, 0x2f, 0x23, 0x2f, 0x23, 0x2f, 
	0x23, 0x2f, 0x23, 0x2f, 0x23, 0x2f, 0x23, 0x2f, 
	0x23, 0x2f, 0x23, 0x2f, 0x23, 0x2f, 0x23, 0x2f, 
	0x23, 0x2f, 0x23, 0x2f, 0x23, 0x2f, 0x23, 0x2f, 
	0x23, 0x2f, 0x23, 0x2f, 0x23, 0x2f, 0x23, 0x2f, 
	0x23, 0x2f, 0x23, 0x2f, 0x23, 0x2f, 0x23, 0x2f, 
	0x23, 0x2f, 0x23, 0x2f, 0x23, 0x2f, 0x23, 0x2f, 
	0x23, 0x2f, 0x23, 0x2f, 0x23, 0x2f, 0x23, 0x2f, 
	0x23, 0x2f, 0x23, 0x2f, 0x23, 0x2f, 0x23, 0x2f, 
	0x23, 0x2f, 0x23, 0x2f, 0x23, 0x2f, 0x23, 0x2f, 
	0x23, 0x2f, 0x23, 0x2f, 0x23, 0x2f, 0x23, 0x2f, 
	0x23, 0x2f, 0x23, 0x2f, 0x23, 0x2f, 0x23, 0x2f, 
	0x23, 0x2f, 0x23, 0x2f, 0x23, 0x2f, 0x23, 0x2f, 
	0x23, 0x2f, 0x23, 0x2f, 0x23, 0x2f, 0x23, 0x2f, 
	0x23, 0x2f, 0x23, 0x2f, 0x23, 0x2f, 0x23, 0x2f, 
	0x23, 0x2f, 0x23, 0x2f, 0x23, 0x2f, 0x23, 0x2f, 
	0x23, 0x2f, 0x23, 0x2f, 0x23, 0x2f, 0x23, 0x2f, 
	0x23, 0x2f, 0x23, 0x2f, 0x23, 0x2f, 0x23, 0x2f, 
	0x23, 0x2f, 0x23, 0x2f, 0x23, 0x2f, 0x23, 0x2f, 
	0x23, 0x2f, 0x23, 0x2f, 0x23, 0x2f, 0x23, 0x2f, 
	0x23, 0x2f, 0x23, 0x2f, 0x23, 0x2f, 0x23, 0x2f, 
	0x23, 0x2f, 0x23, 0x2f, 0x23, 0x2f, 0x23, 0x2f, 
	0x23, 0x2f, 0x23, 0x2f, 0x23, 0x2f, 0x23, 0x2f, 
	0x23, 0x2f, 0x23, 0x2f, 0x23, 0x2f, 0x23, 0x2f, 
	0x23, 0x2f, 0x23, 0x2f, 0x23, 0x2f, 0x23, 0x2f, 
	0x23, 0x2f, 0x23, 0x2f, 0x23, 0x2f, 0x23, 0x2f, 
	0x23, 0x2f, 0x23, 0x2f, 0x23, 0x2f, 0x23, 0x2f, 
	0x23, 0x2f, 0x23, 0x2f, 0x23, 0x2f, 0x23, 0x2f, 
	0x23, 0x2f, 0x23, 0x2f, 0x23, 0x2f, 0x23, 0x2f, 
	0x23, 0x2f, 0x23, 0x2f, 0x23, 0x2f, 0x23, 0x2f, 
	0x23, 0x2f, 0x23, 0x2f, 0x23, 0x2f, 0x23, 0x2f, 
	0x23, 0x2f, 0x23, 0x2f, 0x23, 0x2f, 0x23, 0x2f, 
	0x23, 0x2f, 0x23, 0x2f, 0x23, 0x2f, 0x23, 0x2f, 
	0x23, 0x2f, 0x23, 0x2f, 0x23, 0x2f, 0x23, 0x2f, 
	0x23, 0x2f, 0x23, 0x2f, 0x23, 0x2f, 0x23, 0x2f, 
	0x23, 0x2f, 0x23, 0x2f, 0x23, 0x2f, 0x23, 0x2f, 
	0x23, 0x2f, 0x23, 0x2f, 0x23, 0x2f, 0x23, 0x2f, 
	0x23, 0x2f, 0x23, 0x2f, 0x23, 0x2f, 0x23, 0x2f, 
	0x2b, 0x71, 0x2b, 0x71, 0x23, 0x2f, 0x2b, 0x71, 
	0x23, 0x2f, 0x23, 0x2f, 0x23, 0x2f, 0x23, 0x2f, 
	0x23, 0x2f, 0x23, 0x2f, 0x23, 0x2f, 0x23, 0x2f, 
	0x23, 0x2f, 0x23, 0x2f, 0x23, 0x2f, 0x23, 0x2f, 
	0x23, 0x2f, 0x23, 0x2f, 0x23, 0x2f, 0x23, 0x2f, 
	0x23, 0x2f, 0x23, 0x2f, 0x23, 0x2f, 0x23, 0x2f, 
	0x23, 0x2f, 0x23, 0x2f, 0x23, 0x2f, 0x23, 0x2f, 
	0x23, 0x2f, 0x23, 0x2f, 0x23, 0x2f, 0x23, 0x2f, 
	0x23, 0x2f, 0x23, 0x2f, 0x23, 0x2f, 0x23, 0x2f, 
	0x23, 0x2f, 0x23, 0x2f, 0x23, 0x2f, 0x23, 0x2f, 
	0x23, 0x2f, 0x23, 0x2f, 0x23, 0x2f, 0x23, 0x2f, 
	0x23, 0x2f, 0x23, 0x2f, 0x23, 0x2f, 0x23, 0x2f, 
	0x23, 0x2f, 0x23, 0x2f, 0x23, 0x2f, 0x23, 0x2f, 
	0x23, 0x2f, 0x23, 0x2f, 0x23, 0x2f, 0x23, 0x2f, 
	0x23, 0x2f, 0x23, 0x2f, 0x23, 0x2f, 0x23, 0x2f, 
	0x23, 0x2f, 0x23, 0x2f, 0x23, 0x2f, 0x23, 0x2f, 
	0x23, 0x2f, 0x23, 0x2f, 0x23, 0x2f, 0x23, 0x2f, 
	0x23, 0x2f, 0x23, 0x2f, 0x23, 0x2f, 0x23, 0x2f, 
	0x23, 0x2f, 0x23, 0x2f, 0x23, 0x2f, 0x23, 0x2f, 
	0x23, 0x2f, 0x23, 0x2f, 0x23, 0x2f, 0x23, 0x2f, 
	0x2b, 0x71, 0x2b, 0x71, 0x2b, 0x71, 0x2b, 0x71, 
	0x2b, 0x71, 0x2b, 0x71, 0x2b, 0x71, 0x2b, 0x71, 
	0x2b, 0x71, 0x2b, 0x71, 0x2b, 0x71, 0x2b, 0x71, 
	0x2b, 0x71, 0x2b, 0x71, 0x2b, 0x71, 0x2b, 0x71, 
	0x2b, 0x71, 0x2b, 0x71, 0x2b, 0x71, 0x2b, 0x71, 
	0x2b, 0x71, 0x2b, 0x71, 0x2b, 0x71, 0x2b, 0x71, 
	0x2b, 0x71, 0x2b, 0x71, 0x2b, 0x71, 0x2b, 0x71, 
	0x2b, 0x71, 0x2b, 0x71, 0x2b, 0x71, 0x2b, 0x71, 
	0x2b, 0x71, 0x2b, 0x71, 0x2b, 0x71, 0x2b, 0x71, 
	0x2b, 0x71, 0x2b, 0x71, 0x2b, 0x71, 0x2b, 0x71, 
	0x2b, 0x71, 0x2b, 0x71, 0x2b, 0x71, 0x2b, 0x71, 
	0x2b, 0x71, 0x2b, 0x71, 0x2b, 0x71, 0x2b, 0x71, 
	0x2b, 0x71, 0x2b, 0x71, 0x2b, 0x71, 0x2b, 0x71, 
	0x2b, 0x71, 0x2b, 0x71, 0x2b, 0x71, 0x2b, 0x71, 
	0x2b, 0x71, 0x2b, 0x71, 0x2b, 0x71, 0x2b, 0x71, 
	0x2b, 0x71, 0x2b, 0x71, 0x2b, 0x71, 0x2b, 0x71, 
	0x2b, 0x71, 0x2b, 0x71, 0x2b, 0x71, 0x2b, 0x71, 
	0x2b, 0x71, 0x2b, 0x71, 0x2b, 0x71, 0x2b, 0x71, 
	0x2b, 0x71, 0x2b, 0x71, 0x2b, 0x71, 0x2b, 0x71, 
	0x2b, 0x71, 0x2b, 0x71, 0x2b, 0x71, 0x2b, 0x71, 
	0x2b, 0x71, 0x2b, 0x71, 0x2b, 0x71, 0x2b, 0x71, 
	0x2b, 0x71, 0x2b, 0x71, 0x2b, 0x71, 0x2b, 0x71, 
	0x2b, 0x71, 0x2b, 0x71, 0x2b, 0x71, 0x2b, 0x71, 
	0x2b, 0x71, 0x2b, 0x71, 0x2b, 0x71, 0x2b, 0x71, 
	0x2b, 0x71, 0x2b, 0x71, 0x2b, 0x71, 0x2b, 0x71, 
	0x2b, 0x71, 0x2b, 0x71, 0x2b, 0x71, 0x2b, 0x71, 
	0x2b, 0x71, 0x2b, 0x71, 0x2b, 0x71, 0x2b, 0x71, 
	0x2b, 0x71, 0x2b, 0x71, 0x2b, 0x71, 0x2b, 0x71, 
	0x2b, 0x71, 0x2b, 0x71, 0x2b, 0x71, 0x2b, 0x71, 
	0x2b, 0x71, 0x2b, 0x71, 0x2b, 0x71, 0x2b, 0x71, 
	0x2b, 0x71, 0x2b, 0x71, 0x2b, 0x71, 0x2b, 0x71, 
	0x2b, 0x71, 0x2b, 0x71, 0x2b, 0x71, 0x2b, 0x71, 
	0x2b, 0x71, 0x2b, 0x71, 0x2b, 0x71, 0x2b, 0x71, 
	0x2b, 0x71, 0x2b, 0x71, 0x2b, 0x71, 0x2b, 0x71, 
	0x2b, 0x71, 0x2b, 0x71, 0x2b, 0x71, 0x2b, 0x71, 
	0x2b, 0x71, 0x2b, 0x71, 0x2b, 0x71, 0x2b, 0x71, 
	0x2b, 0x71, 0x2b, 0x71, 0x2b, 0x71, 0x2b, 0x71, 
	0x2b, 0x71, 0x2b, 0x71, 0x2b, 0x71, 0x2b, 0x71, 
	0x2b, 0x71, 0x2b, 0x71, 0x2b, 0x71, 0x2b, 0x71, 
	0x2b, 0x71, 0x2b, 0x71, 0x2b, 0x71, 0x2b, 0x71, 
	0x2b, 0x71, 0x2b, 0x71, 0x2b, 0x71, 0x2b, 0x71, 
	0x2b, 0x71, 0x2b, 0x71, 0x2b, 0x71, 0x2b, 0x71, 
	0x2b, 0x71, 0x2b, 0x71, 0x2b, 0x71, 0x2b, 0x71, 
	0x2b, 0x71, 0x2b, 0x71, 0x2b, 0x71, 0x2b, 0x71, 
	0x2b, 0x71, 0x2b, 0x71, 0x2b, 0x71, 0x2b, 0x71, 
	0x2b, 0x71, 0x2b, 0x71, 0x2b, 0x71, 0x2b, 0x71, 
	0x2b, 0x71, 0x2b, 0x71, 0x2b, 0x71, 0x2b, 0x71, 
	0x2b, 0x71, 0x2b, 0x71, 0x2b, 0x71, 0x2b, 0x71, 
	0x2b, 0x71, 0x2b, 0x71, 0x2b, 0x71, 0x2b, 0x71, 
	0x2b, 0x71, 0x2b, 0x71, 0x2b, 0x71, 0x2b, 0x71, 
	0x2b, 0x71, 0x2b, 0x71, 0x2b, 0x71, 0x2b, 0x71, 
	0x2b, 0x71, 0x2b, 0x71, 0x2b, 0x71, 0x2b, 0x71, 
	0x2b, 0x71, 0x2b, 0x71, 0x2b, 0x71, 0x2b, 0x71, 
	0x2b, 0x71, 0x2b, 0x71, 0x2b, 0x71, 0x2b, 0x71, 
	0x2b, 0x71, 0x2b, 0x71, 0x2b, 0x71, 0x2b, 0x71, 
	0x2b, 0x71, 0x2b, 0x71, 0x2b, 0x71, 0x2b, 0x71, 
	0x2b, 0x71, 0x2b, 0x71, 0x2b, 0x71, 0x2b, 0x71, 
	0x2b, 0x71, 0x2b, 0x71, 0x2b, 0x71, 0x2b, 0x71, 
	0x2b, 0x71, 0x2b, 0x71, 0x2b, 0x71, 0x2b, 0x71, 
	0x2b, 0x71, 0x2b, 0x71, 0x2b, 0x71, 0x2b, 0x71, 
	0x2b, 0x71, 0x2b, 0x71, 0x2b, 0x71, 0x2b, 0x71, 
	0x2b, 0x71, 0x2b, 0x71, 0x2b, 0x71, 0x2b, 0x71, 
	0x2b, 0x71, 0x2b, 0x71, 0x2b, 0x71, 0x2b, 0x71, 
	0x2b, 0x71, 0x2b, 0x71, 0x2b, 0x71, 0x2b, 0x71, 
	0x2b, 0x71, 0x2b, 0x71, 0x2b, 0x71, 0x2b, 0x71, 
	0x2b, 0x71, 0x2b, 0x71, 0x2b, 0x71, 0x2b, 0x71, 
	0x2b, 0x71, 0x2b, 0x71, 0x2b, 0x71, 0x2b, 0x71, 
	0x2b, 0x71, 0x2b, 0x71, 0x2b, 0x71, 0x2b, 0x71, 
	0x2b, 0x71, 0x2b, 0x71, 0x2b, 0x71, 0x2b, 0x71, 
	0x2b, 0x71, 0x2b, 0x71, 0x2b, 0x71, 0x2b, 0x71, 
	0x2b, 0x71, 0x2b, 0x71, 0x2b, 0x71, 0x2b, 0x71, 
	0x2b, 0x71, 0x2b, 0x71, 0x2b, 0x71, 0x2b, 0x71, 
	0x2b, 0x71, 0x2b, 0x71, 0x2b, 0x71, 0x2b, 0x71, 
	0x2b, 0x71, 0x2b, 0x71, 0x2b, 0x71, 0x2b, 0x71, 
	0x2b, 0x71, 0x2b, 0x71, 0x2b, 0x71, 0x2b, 0x71, 
	0x2b, 0x71, 0x2b, 0x71, 0x2b, 0x71, 0x2b, 0x71, 
	0x2b, 0x71, 0x2b, 0x71, 0x2b, 0x71, 0x2b, 0x71, 
	0x2b, 0x71, 0x2b, 0x71, 0x2b, 0x71, 0x2b, 0x71, 
	0x2b, 0x71, 0x2b, 0x71, 0x2b, 0x71, 0x2b, 0x71, 
	0x2b, 0x71, 0x2b, 0x71, 0x2b, 0x71, 0x2b, 0x71, 
	0x2b, 0x71, 0x2b, 0x71, 0x2b, 0x71, 0x2b, 0x71, 
	0x2b, 0x71, 0x2b, 0x71, 0x2b, 0x71, 0x2b, 0x71, 
	0x2b, 0x71, 0x2b, 0x71, 0x2b, 0x71, 0x2b, 0x71, 
	0x2b, 0x71, 0x2b, 0x71, 0x2b, 0x71, 0x2b, 0x71, 
	0x2b, 0x71, 0x2b, 0x71, 0x2b, 0x71, 0x2b, 0x71, 
	0x2b, 0x71, 0x2b, 0x71, 0x2b, 0x71, 0x2b, 0x71, 
	0x2b, 0x71, 0x2b, 0x71, 0x2b, 0x71, 0x2b, 0x71, 
	0x2b, 0x71, 0x2b, 0x71, 0x2b, 0x71, 0x2b, 0x71, 
	0x2b, 0x71, 0x2b, 0x71, 0x2b, 0x71, 0x2b, 0x71, 
	0x2b, 0x71, 0x2b, 0x71, 0x2b, 0x71, 0x2b, 0x71, 
	0x2b, 0x71, 0x2b, 0x71, 0x2b, 0x71, 0x2b, 0x71, 
	0x2b, 0x71, 0x2b, 0x71, 0x2b, 0x71, 0x2b, 0x71, 
	0x2b, 0x71, 0x2b, 0x71, 0x2b, 0x71, 0x2b, 0x71, 
	0x2b, 0x71, 0x2b, 0x71, 0x2b, 0x71, 0x2b, 0x71, 
	0x2b, 0x71, 0x2b, 0x71, 0x2b, 0x71, 0x2b, 0x71, 
	0x2b, 0x71, 0x2b, 0x71, 0x2b, 0x71, 0x33, 0x71, 
	0x33, 0x71, 0x33, 0x71, 0x33, 0x71, 0x33, 0x71, 
	0x33, 0x71, 0x33, 0x71, 0x33, 0x71, 0x33, 0x71, 
	0x33, 0x71, 0x33, 0x71, 0x33, 0x71, 0x33, 0x71, 
	0x33, 0x71, 0x33, 0x71, 0x33, 0x71, 0x33, 0x71, 
	0x33, 0x71, 0x33, 0x71, 0x33, 0x71, 0x33, 0x71, 
	0x33, 0x71, 0x33, 0x71, 0x33, 0x71, 0x33, 0x71, 
	0x33, 0x71, 0x33, 0x71, 0x33, 0x71, 0x33, 0x71, 
	0x33, 0x71, 0x33, 0x71, 0x33, 0x71, 0x33, 0x71, 
	0x33, 0x71, 0x33, 0x71, 0x33, 0x71, 0x33, 0x71, 
	0x33, 0x71, 0x33, 0x71, 0x33, 0x71, 0x33, 0x71, 
	0x33, 0x71, 0x33, 0x71, 0x33, 0x71, 0x33, 0x71, 
	0x33, 0x71, 0x33, 0x71, 0x33, 0x71, 0x33, 0x71, 
	0x33, 0x71, 0x33, 0x71, 0x33, 0x71, 0x33, 0x71, 
	0x33, 0x71, 0x33, 0x71, 0x33, 0x71, 0x33, 0x71, 
	0x33, 0x71, 0x33, 0x71, 0x33, 0x71, 0x33, 0x71, 
	0x33, 0x71, 0x33, 0x71, 0x33, 0x71, 0x33, 0x71, 
	0x33, 0x71, 0x33, 0x71, 0x33, 0x71, 0x33, 0x71, 
	0x33, 0x71, 0x33, 0x71, 0x33, 0x71, 0x33, 0x71, 
	0x33, 0x71, 0x33, 0x71, 0x33, 0x71, 0x33, 0x71, 
	0x33, 0x71, 0x33, 0x71, 0x33, 0x71, 0x33, 0x71, 
	0x33, 0x71, 0x33, 0x71, 0x33, 0x71, 0x33, 0x71, 
	0x33, 0x71, 0x33, 0x71, 0x33, 0x71, 0x33, 0x71, 
	0x33, 0x71, 0x33, 0x71, 0x33, 0x71, 0x33, 0x71, 
	0x33, 0x71, 0x33, 0x71, 0x33, 0x71, 0x33, 0x71, 
	0x33, 0x71, 0x33, 0x71, 0x33, 0x71, 0x33, 0x71, 
	0x33, 0x71, 0x33, 0x71, 0x33, 0x71, 0x33, 0x71, 
	0x33, 0x71, 0x33, 0x71, 0x33, 0x71, 0x33, 0x71, 
	0x33, 0x71, 0x33, 0x71, 0x33, 0x71, 0x33, 0x71, 
	0x33, 0x71, 0x33, 0x71, 0x33, 0x71, 0x33, 0x71, 
	0x33, 0x71, 0x33, 0x71, 0x33, 0x71, 0x33, 0x71, 
	0x33, 0x71, 0x33, 0x71, 0x33, 0x71, 0x33, 0x71, 
	0x33, 0x71, 0x33, 0x71, 0x33, 0x71, 0x33, 0x71, 
	0x33, 0x71, 0x33, 0x71, 0x33, 0x71, 0x33, 0x71, 
	0x33, 0x71, 0x33, 0x71, 0x33, 0x71, 0x33, 0x71, 
	0x33, 0x71, 0x33, 0x71, 0x33, 0x71, 0x33, 0x71, 
	0x33, 0x71, 0x33, 0x71, 0x33, 0x71, 0x33, 0x71, 
	0x33, 0x71, 0x33, 0x71, 0x33, 0x71, 0x33, 0x71, 
	0x33, 0x71, 0x33, 0x71, 0x33, 0x71, 0x33, 0x71, 
	0x33, 0x71, 0x33, 0x71, 0x33, 0x71, 0x33, 0x71, 
	0x33, 0x71, 0x33, 0x71, 0x33, 0x71, 0x33, 0x71, 
	0x33, 0x71, 0x33, 0x71, 0x33, 0x71, 0x33, 0x71, 
	0x33, 0x71, 0x33, 0x71, 0x33, 0x71, 0x33, 0x71, 
	0x33, 0x71, 0x33, 0x71, 0x33, 0x71, 0x33, 0x71, 
	0x33, 0x71, 0x33, 0x71, 0x33, 0x71, 0x33, 0x71, 
	0x33, 0x71, 0x33, 0x71, 0x33, 0x71, 0x33, 0x71, 
	0x33, 0x71, 0x33, 0x71, 0x33, 0x71, 0x33, 0x71, 
	0x33, 0x71, 0x33, 0x71, 0x33, 0x71, 0x33, 0x71, 
	0x33, 0x71, 0x33, 0x71, 0x33, 0x71, 0x33, 0x71, 
	0x33, 0x71, 0x33, 0x71, 0x33, 0x71, 0x33, 0x71, 
	0x33, 0x71, 0x33, 0x71, 0x33, 0x71, 0x33, 0x71, 
	0x33, 0x71, 0x33, 0x71, 0x33, 0x71, 0x33, 0x71, 
	0x33, 0x71, 0x33, 0x71, 0x33, 0x71, 0x33, 0x71, 
	0x33, 0x71, 0x33, 0x71, 0x33, 0x71, 0x33, 0x71, 
	0x33, 0x71, 0x33, 0x71, 0x33, 0x71, 0x33, 0x71, 
	0x33, 0x71, 0x33, 0x71, 0x33, 0x71, 0x33, 0x71, 
	0x33, 0x71, 0x33, 0x71, 0x33, 0x71, 0x33, 0x71, 
	0x33, 0x71, 0x33, 0x71, 0x33, 0x71, 0x33, 0x71, 
	0x33, 0x71, 0x33, 0x71, 0x33, 0x71, 0x33, 0x71, 
	0x33, 0x71, 0x33, 0x71, 0x33, 0x71, 0x33, 0x71, 
	0x33, 0x71, 0x33, 0x71, 0x33, 0x71, 0x33, 0x71, 
	0x33, 0x71, 0x33, 0x71, 0x33, 0x71, 0x33, 0x71, 
	0x33, 0x71, 0x33, 0x71, 0x33, 0x71, 0x33, 0x71, 
	0x33, 0x71, 0x33, 0x71, 0x33, 0x71, 0x33, 0x71, 
	0x33, 0x71, 0x33, 0x71, 0x33, 0x71, 0x33, 0x71, 
	0x33, 0x71, 0x33, 0x71, 0x33, 0x71, 0x33, 0x71, 
	0x33, 0x71, 0x33, 0x71, 0x33, 0x71, 0x33, 0x71, 
	0x33, 0x71, 0x33, 0x71, 0x33, 0x71, 0x33, 0x71, 
	0x33, 0x71, 0x33, 0x71, 0x33, 0x71, 0x33, 0x71, 
	0x33, 0x71, 0x33, 0x71, 0x33, 0x71, 0x33, 0x71, 
	0x33, 0x71, 0x33, 0x71, 0x33, 0x71, 0x33, 0x71, 
	0x33, 0x71, 0x33, 0x71, 0x33, 0x71, 0x33, 0x71, 
	0x33, 0x71, 0x33, 0x71, 0x33, 0x71, 0x33, 0x71, 
	0x33, 0x71, 0x33, 0x71, 0x33, 0x71, 0x33, 0x71, 
	0x33, 0x71, 0x33, 0x71, 0x33, 0x71, 0x33, 0x71, 
	0x33, 0x71, 0x33, 0x71, 0x33, 0x71, 0x33, 0x71, 
	0x33, 0x71, 0x33, 0x71, 0x33, 0x71, 0x33, 0x71, 
	0x33, 0x71, 0x33, 0x71, 0x33, 0x71, 0x33, 0x71, 
	0x33, 0x71, 0x33, 0x71, 0x33, 0x71, 0x33, 0x71, 
	0x33, 0x71, 0x33, 0x71, 0x33, 0x71, 0x33, 0x71, 
	0x33, 0x71, 0x33, 0x71, 0x33, 0x71, 0x33, 0x71, 
	0x33, 0x71, 0x33, 0x71, 0x33, 0x71, 0x33, 0x71, 
	0x33, 0x71, 0x33, 0x71, 0x33, 0x71, 0x33, 0x71, 
	0x33, 0x71, 0x33, 0x71, 0x33, 0x71, 0x33, 0x71, 
	0x33, 0x71, 0x33, 0x71, 0x33, 0x71, 0x33, 0x71, 
	0x33, 0x71, 0x33, 0x71, 0x33, 0x71, 0x33, 0x71, 
	0x33, 0x71, 0x33, 0x71, 0x33, 0x71, 0x33, 0x71, 
	0x33, 0x71, 0x33, 0x71, 0x33, 0x71, 0x33, 0x71, 
	0x33, 0x71, 0x33, 0x71, 0x33, 0x71, 0x33, 0x71, 
	0x33, 0x71, 0x33, 0x71, 0x33, 0x71, 0x33, 0x71, 
	0x33, 0x71, 0x33, 0x71, 0x33, 0x71, 0x33, 0x71, 
	0x33, 0x71, 0x33, 0x71, 0x33, 0x71, 0x33, 0x71, 
	0x33, 0x71, 0x33, 0x71, 0x33, 0x71, 0x33, 0x71, 
	0x33, 0x71, 0x33, 0x71, 0x33, 0x71, 0x33, 0x71, 
	0x33, 0x71, 0x33, 0x71, 0x33, 0x71, 0x33, 0x71, 
	0x33, 0x71, 0x33, 0x71, 0x33, 0x71, 0x33, 0x71, 
	0x33, 0x71, 0x33, 0x71, 0x33, 0x71, 0x33, 0x71, 
	0x33, 0xb3, 0x33, 0xb3, 0x33, 0xb3, 0x33, 0xb3, 
	0x33, 0xb3, 0x33, 0xb3, 0x33, 0xb3, 0x33, 0xb3, 
	0x33, 0xb3, 0x33, 0xb3, 0x33, 0xb3, 0x33, 0xb3, 
	0x33, 0xb3, 0x33, 0xb3, 0x33, 0xb3, 0x33, 0xb3, 
	0x33, 0xb3, 0x33, 0xb3, 0x33, 0xb3, 0x33, 0xb3, 
	0x33, 0xb3, 0x33, 0xb3, 0x33, 0xb3, 0x33, 0xb3, 
	0x33, 0xb3, 0x33, 0xb3, 0x33, 0xb3, 0x33, 0xb3, 
	0x33, 0xb3, 0x33, 0xb3, 0x33, 0xb3, 0x33, 0xb3, 
	0x33, 0xb3, 0x33, 0xb3, 0x33, 0xb3, 0x33, 0xb3, 
	0x33, 0xb3, 0x33, 0xb3, 0x33, 0xb3, 0x33, 0xb3, 
	0x33, 0xb3, 0x33, 0xb3, 0x33, 0xb3, 0x33, 0xb3, 
	0x33, 0xb3, 0x33, 0xb3, 0x33, 0xb3, 0x33, 0xb3, 
	0x33, 0xb3, 0x33, 0xb3, 0x33, 0xb3, 0x33, 0xb3, 
	0x33, 0xb3, 0x33, 0xb3, 0x33, 0xb3, 0x33, 0xb3, 
	0x33, 0xb3, 0x33, 0xb3, 0x33, 0xb3, 0x33, 0xb3, 
	0x33, 0xb3, 0x33, 0xb3, 0x33, 0xb3, 0x33, 0xb3, 
	0x33, 0xb3, 0x33, 0xb3, 0x33, 0xb3, 0x33, 0xb3, 
	0x33, 0xb3, 0x33, 0xb3, 0x33, 0xb3, 0x33, 0xb3, 
	0x33, 0xb3, 0x33, 0xb3, 0x33, 0xb3, 0x33, 0xb3, 
	0x33, 0xb3, 0x33, 0xb3, 0x33, 0xb3, 0x33, 0xb3, 
	0x33, 0xb3, 0x33, 0xb3, 0x33, 0xb3, 0x33, 0xb3, 
	0x33, 0xb3, 0x33, 0xb3, 0x33, 0xb3, 0x33, 0xb3, 
	0x33, 0xb3, 0x33, 0xb3, 0x33, 0xb3, 0x33, 0xb3, 
	0x33, 0xb3, 0x33, 0xb3, 0x33, 0xb3, 0x33, 0xb3, 
	0x33, 0xb3, 0x33, 0xb3, 0x33, 0xb3, 0x33, 0xb3, 
	0x33, 0xb3, 0x33, 0xb3, 0x33, 0xb3, 0x33, 0xb3, 
	0x33, 0xb3, 0x33, 0xb3, 0x33, 0xb3, 0x33, 0xb3, 
	0x33, 0xb3, 0x33, 0xb3, 0x33, 0xb3, 0x33, 0xb3, 
	0x33, 0xb3, 0x33, 0xb3, 0x33, 0xb3, 0x33, 0xb3, 
	0x33, 0xb3, 0x33, 0xb3, 0x33, 0xb3, 0x33, 0xb3, 
	0x33, 0xb3, 0x33, 0xb3, 0x33, 0xb3, 0x33, 0xb3, 
	0x33, 0xb3, 0x33, 0xb3, 0x33, 0xb3, 0x33, 0xb3, 
	0x33, 0xb3, 0x33, 0xb3, 0x33, 0xb3, 0x33, 0xb3, 
	0x33, 0xb3, 0x33, 0xb3, 0x33, 0xb3, 0x33, 0xb3, 
	0x33, 0xb3, 0x33, 0xb3, 0x33, 0xb3, 0x33, 0xb3, 
	0x33, 0xb3, 0x33, 0xb3, 0x33, 0xb3, 0x33, 0xb3, 
	0x33, 0xb3, 0x33, 0xb3, 0x33, 0xb3, 0x33, 0xb3, 
	0x33, 0xb3, 0x33, 0xb3, 0x33, 0xb3, 0x33, 0xb3, 
	0x33, 0xb3, 0x33, 0xb3, 0x33, 0xb3, 0x33, 0xb3, 
	0x33, 0xb3, 0x33, 0xb3, 0x33, 0xb3, 0x33, 0xb3, 
	0x33, 0xb3, 0x33, 0xb3, 0x33, 0xb3, 0x33, 0xb3, 
	0x33, 0xb3, 0x33, 0xb3, 0x33, 0xb3, 0x33, 0xb3, 
	0x33, 0xb3, 0x33, 0xb3, 0x33, 0xb3, 0x33, 0xb3, 
	0x33, 0xb3, 0x33, 0xb3, 0x33, 0xb3, 0x33, 0xb3, 
	0x33, 0xb3, 0x33, 0xb3, 0x33, 0xb3, 0x33, 0xb3, 
	0x33, 0xb3, 0x33, 0xb3, 0x33, 0xb3, 0x33, 0xb3, 
	0x33, 0xb3, 0x33, 0xb3, 0x33, 0xb3, 0x33, 0xb3, 
	0x33, 0xb3, 0x33, 0xb3, 0x33, 0xb3, 0x33, 0xb3, 
	0x33, 0xb3, 0x33, 0xb3, 0x33, 0xb3, 0x33, 0xb3, 
	0x33, 0xb3, 0x33, 0xb3, 0x33, 0xb3, 0x33, 0xb3, 
	0x33, 0xb3, 0x33, 0xb3, 0x33, 0xb3, 0x33, 0xb3, 
	0x33, 0xb3, 0x33, 0xb3, 0x33, 0xb3, 0x33, 0xb3, 
	0x33, 0xb3, 0x33, 0xb3, 0x33, 0xb3, 0x33, 0xb3, 
	0x33, 0xb3, 0x33, 0xb3, 0x33, 0xb3, 0x33, 0xb3, 
	0x33, 0xb3, 0x33, 0xb3, 0x33, 0xb3, 0x33, 0xb3, 
	0x33, 0xb3, 0x33, 0xb3, 0x33, 0xb3, 0x33, 0xb3, 
	0x33, 0xb3, 0x33, 0xb3, 0x33, 0xb3, 0x33, 0xb3, 
	0x33, 0xb3, 0x33, 0xb3, 0x33, 0xb3, 0x33, 0xb3, 
	0x33, 0xb3, 0x33, 0xb3, 0x33, 0xb3, 0x33, 0xb3, 
	0x33, 0xb3, 0x33, 0xb3, 0x33, 0xb3, 0x33, 0xb3, 
	0x33, 0xb3, 0x33, 0xb3, 0x33, 0xb3, 0x33, 0xb3, 
	0x33, 0xb3, 0x33, 0xb3, 0x33, 0xb3, 0x33, 0xb3, 
	0x33, 0xb3, 0x33, 0xb3, 0x33, 0xb3, 0x33, 0xb3, 
	0x33, 0xb3, 0x33, 0xb3, 0x33, 0xb3, 0x3b, 0xf3, 
	0x3b, 0xf3, 0x3b, 0xf3, 0x3b, 0xf3, 0x3b, 0xf3, 
	0x3b, 0xf3, 0x3b, 0xf3, 0x3b, 0xf3, 0x3b, 0xf3, 
	0x3b, 0xf3, 0x3b, 0xf3, 0x3b, 0xf3, 0x3b, 0xf3, 
	0x3b, 0xf3, 0x3b, 0xf3, 0x3b, 0xf3, 0x3b, 0xf3, 
	0x3b, 0xf3, 0x3b, 0xf3, 0x3b, 0xf3, 0x3b, 0xf3, 
	0x3b, 0xf3, 0x3b, 0xf3, 0x3b, 0xf3, 0x3b, 0xf3, 
	0x3b, 0xf3, 0x3b, 0xf3, 0x3b, 0xf3, 0x3b, 0xf3, 
	0x3b, 0xf3, 0x3b, 0xf3, 0x3b, 0xf3, 0x3b, 0xf3, 
	0x3b, 0xf3, 0x3b, 0xf3, 0x3b, 0xf3, 0x3b, 0xf3, 
	0x3b, 0xf3, 0x3b, 0xf3, 0x3b, 0xf3, 0x3b, 0xf3, 
	0x3b, 0xf3, 0x3b, 0xf3, 0x3b, 0xf3, 0x3b, 0xf3, 
	0x3b, 0xf3, 0x3b, 0xf3, 0x3b, 0xf3, 0x3b, 0xf3, 
	0x3b, 0xf3, 0x3b, 0xf3, 0x3b, 0xf3, 0x3b, 0xf3, 
	0x3b, 0xf3, 0x3b, 0xf3, 0x3b, 0xf3, 0x3b, 0xf3, 
	0x3b, 0xf3, 0x3b, 0xf3, 0x3b, 0xf3, 0x3b, 0xf3, 
	0x3b, 0xf3, 0x3b, 0xf3, 0x3b, 0xf3, 0x3b, 0xf3, 
	0x3b, 0xf3, 0x3b, 0xf3, 0x3b, 0xf3, 0x3b, 0xf3, 
	0x3b, 0xf3, 0x3b, 0xf3, 0x3b, 0xf3, 0x3b, 0xf3, 
	0x3b, 0xf3, 0x3b, 0xf3, 0x3b, 0xf3, 0x3b, 0xf3, 
	0x3b, 0xf3, 0x3b, 0xf3, 0x3b, 0xf3, 0x3b, 0xf3, 
	0x3b, 0xf3, 0x3b, 0xf3, 0x3b, 0xf3, 0x3b, 0xf3, 
	0x3b, 0xf3, 0x3b, 0xf3, 0x3b, 0xf3, 0x3b, 0xf3, 
	0x3b, 0xf3, 0x3b, 0xf3, 0x3b, 0xf3, 0x3b, 0xf3, 
	0x3b, 0xf3, 0x3b, 0xf3, 0x3b, 0xf3, 0x3b, 0xf3, 
	0x3b, 0xf3, 0x3b, 0xf3, 0x3b, 0xf3, 0x3b, 0xf3, 
	0x3b, 0xf3, 0x3b, 0xf3, 0x3b, 0xf3, 0x3b, 0xf3, 
	0x3b, 0xf3, 0x3b, 0xf3, 0x3b, 0xf3, 0x3b, 0xf3, 
	0x3b, 0xf3, 0x3b, 0xf3, 0x3b, 0xf3, 0x3b, 0xf3, 
	0x3b, 0xf3, 0x3b, 0xf3, 0x3b, 0xf3, 0x3b, 0xf3, 
	0x3b, 0xf3, 0x3b, 0xf3, 0x3b, 0xf3, 0x3b, 0xf3, 
	0x3b, 0xf3, 0x3b, 0xf3, 0x3b, 0xf3, 0x3b, 0xf3, 
	0x3b, 0xf3, 0x3b, 0xf3, 0x3b, 0xf3, 0x3b, 0xf3, 
	0x3b, 0xf3, 0x3b, 0xf3, 0x3b, 0xf3, 0x3b, 0xf3, 
	0x3b, 0xf3, 0x3b, 0xf3, 0x3b, 0xf3, 0x3b, 0xf3, 
	0x3b, 0xf3, 0x3b, 0xf3, 0x3b, 0xf3, 0x3b, 0xf3, 
	0x3b, 0xf3, 0x3b, 0xf3, 0x3b, 0xf3, 0x3b, 0xf3, 
	0x3b, 0xf3, 0x3b, 0xf3, 0x3b, 0xf3, 0x3b, 0xf3, 
	0x3b, 0xf3, 0x3b, 0xf3, 0x3b, 0xf3, 0x3b, 0xf3, 
	0x3b, 0xf3, 0x3b, 0xf3, 0x3b, 0xf3, 0x3b, 0xf3, 
	0x3b, 0xf3, 0x3b, 0xf3, 0x3b, 0xf3, 0x3b, 0xf3, 
	0x3b, 0xf3, 0x3b, 0xf3, 0x3b, 0xf3, 0x3b, 0xf3, 
	0x3b, 0xf3, 0x3b, 0xf3, 0x3b, 0xf3, 0x3b, 0xf3, 
	0x3b, 0xf3, 0x3b, 0xf3, 0x3b, 0xf3, 0x3b, 0xf3, 
	0x3b, 0xf3, 0x3b, 0xf3, 0x3b, 0xf3, 0x3b, 0xf3, 
	0x3b, 0xf3, 0x3b, 0xf3, 0x3b, 0xf3, 0x3b, 0xf3, 
	0x3b, 0xf3, 0x3b, 0xf3, 0x3b, 0xf3, 0x3b, 0xf3, 
	0x3b, 0xf3, 0x3b, 0xf3, 0x3b, 0xf3, 0x3b, 0xf3, 
	0x3b, 0xf3, 0x3b, 0xf3, 0x3b, 0xf3, 0x3b, 0xf3, 
	0x3b, 0xf3, 0x3b, 0xf3, 0x3b, 0xf3, 0x3b, 0xf3, 
	0x3b, 0xf3, 0x3b, 0xf3, 0x3b, 0xf3, 0x3b, 0xf3, 
	0x3b, 0xf3, 0x3b, 0xf3, 0x3b, 0xf3, 0x3b, 0xf3, 
	0x3b, 0xf3, 0x3b, 0xf3, 0x3b, 0xf3, 0x3b, 0xf3, 
	0x3b, 0xf3, 0x3b, 0xf3, 0x3b, 0xf3, 0x3b, 0xf3, 
	0x3b, 0xf3, 0x3b, 0xf3, 0x3b, 0xf3, 0x3b, 0xf3, 
	0x3b, 0xf3, 0x3b, 0xf3, 0x3b, 0xf3, 0x3b, 0xf3, 
	0x3b, 0xf3, 0x3b, 0xf3, 0x3b, 0xf3, 0x3b, 0xf3, 
	0x3b, 0xf3, 0x3b, 0xf3, 0x3b, 0xf3, 0x3b, 0xf3, 
	0x3b, 0xf3, 0x3b, 0xf3, 0x3b, 0xf3, 0x3b, 0xf3, 
	0x3b, 0xf3, 0x3b, 0xf3, 0x3b, 0xf3, 0x3b, 0xf3, 
	0x3b, 0xf3, 0x3b, 0xf3, 0x3b, 0xf3, 0x3b, 0xf3, 
	0x3b, 0xf3, 0x3b, 0xf3, 0x3b, 0xf3, 0x3b, 0xf3, 
	0x3b, 0xf3, 0x3b, 0xf3, 0x3b, 0xf3, 0x3b, 0xf3, 
	0x3b, 0xf3, 0x3b, 0xf3, 0x3b, 0xf3, 0x3b, 0xf3, 
	0x3b, 0xf3, 0x3b, 0xf3, 0x3b, 0xf3, 0x3b, 0xf3, 
	0x3b, 0xf3, 0x3b, 0xf3, 0x3b, 0xf3, 0x3b, 0xf3, 
	0x3b, 0xf3, 0x3b, 0xf3, 0x3b, 0xf3, 0x3b, 0xf3, 
	0x3b, 0xf3, 0x3b, 0xf3, 0x3b, 0xf3, 0x3b, 0xf3, 
	0x3b, 0xf3, 0x3b, 0xf3, 0x3b, 0xf3, 0x3b, 0xf3, 
	0x3b, 0xf3, 0x3b, 0xf3, 0x3b, 0xf3, 0x3b, 0xf3, 
	0x3b, 0xf3, 0x3b, 0xf3, 0x3b, 0xf3, 0x3b, 0xf3, 
	0x3b, 0xf3, 0x3b, 0xf3, 0x3b, 0xf3, 0x3b, 0xf3, 
	0x3b, 0xf3, 0x3b, 0xf3, 0x3b, 0xf3, 0x3b, 0xf3, 
	0x3b, 0xf3, 0x3b, 0xf3, 0x3b, 0xf3, 0x3b, 0xf3, 
	0x3b, 0xf3, 0x3b, 0xf3, 0x3b, 0xf3, 0x3b, 0xf3, 
	0x3b, 0xf3, 0x3b, 0xf3, 0x3b, 0xf3, 0x3b, 0xf3, 
	0x3b, 0xf3, 0x3b, 0xf3, 0x3b, 0xf3, 0x3b, 0xf3, 
	0x3b, 0xf3, 0x3b, 0xf3, 0x3b, 0xf3, 0x3b, 0xf3, 
	0x3b, 0xf3, 0x3b, 0xf3, 0x3b, 0xf3, 0x3b, 0xf3, 
	0x3b, 0xf3, 0x3b, 0xf3, 0x3b, 0xf3, 0x3b, 0xf3, 
	0x3b, 0xf3, 0x3b, 0xf3, 0x3b, 0xf3, 0x3b, 0xf3, 
	0x3b, 0xf3, 0x3b, 0xf3, 0x3b, 0xf3, 0x3b, 0xf3, 
	0x3b, 0xf3, 0x3b, 0xf3, 0x3b, 0xf3, 0x3b, 0xf3, 
	0x3b, 0xf3, 0x3b, 0xf3, 0x3b, 0xf3, 0x3b, 0xf3, 
	0x3b, 0xf3, 0x3b, 0xf3, 0x3b, 0xf3, 0x3b, 0xf3, 
	0x3b, 0xf3, 0x3b, 0xf3, 0x3b, 0xf3, 0x3b, 0xf3, 
	0x3b, 0xf3, 0x3b, 0xf3, 0x3b, 0xf3, 0x3b, 0xf3, 
	0x3b, 0xf3, 0x3b, 0xf3, 0x3b, 0xf3, 0x3b, 0xf3, 
	0x3b, 0xf3, 0x3b, 0xf3, 0x3b, 0xf3, 0x3b, 0xf3, 
	0x3b, 0xf3, 0x3b, 0xf3, 0x3b, 0xf3, 0x3b, 0xf3, 
	0x3b, 0xf3, 0x3b, 0xf3, 0x3b, 0xf3, 0x3b, 0xf3, 
	0x3b, 0xf3, 0x3b, 0xf3, 0x3b, 0xf3, 0x3b, 0xf3, 
	0x3b, 0xf3, 0x3b, 0xf3, 0x3b, 0xf3, 0x3b, 0xf3, 
	0x3b, 0xf3, 0x3b, 0xf3, 0x3b, 0xf3, 0x3b, 0xf3, 
	0x3b, 0xf3, 0x3b, 0xf3, 0x3b, 0xf3, 0x3b, 0xf3, 
	0x3b, 0xf3, 0x3b, 0xf3, 0x3b, 0xf3, 0x3b, 0xf3, 
	0x3b, 0xf3, 0x3b, 0xf3, 0x3b, 0xf3, 0x44, 0x33, 
	0x44, 0x33, 0x44, 0x33, 0x44, 0x33, 0x44, 0x33, 
	0x44, 0x33, 0x44, 0x33, 0x44, 0x33, 0x44, 0x33, 
	0x44, 0x33, 0x44, 0x33, 0x44, 0x33, 0x44, 0x33, 
	0x44, 0x33, 0x44, 0x33, 0x44, 0x33, 0x44, 0x33, 
	0x44, 0x33, 0x44, 0x33, 0x44, 0x33, 0x44, 0x33, 
	0x44, 0x33, 0x44, 0x33, 0x44, 0x33, 0x44, 0x33, 
	0x44, 0x33, 0x44, 0x33, 0x44, 0x33, 0x44, 0x33, 
	0x44, 0x33, 0x44, 0x33, 0x44, 0x33, 0x44, 0x33, 
	0x44, 0x33, 0x44, 0x33, 0x44, 0x33, 0x44, 0x33, 
	0x44, 0x33, 0x44, 0x33, 0x44, 0x33, 0x44, 0x33, 
	0x44, 0x33, 0x44, 0x33, 0x44, 0x33, 0x44, 0x33, 
	0x44, 0x33, 0x44, 0x33, 0x44, 0x33, 0x44, 0x33, 
	0x44, 0x33, 0x44, 0x33, 0x44, 0x33, 0x44, 0x33, 
	0x44, 0x33, 0x44, 0x33, 0x44, 0x33, 0x44, 0x33, 
	0x44, 0x33, 0x44, 0x33, 0x44, 0x33, 0x44, 0x33, 
	0x44, 0x33, 0x44, 0x33, 0x44, 0x33, 0x44, 0x33, 
	0x44, 0x33, 0x44, 0x33, 0x44, 0x33, 0x44, 0x33, 
	0x44, 0x33, 0x44, 0x33, 0x44, 0x33, 0x44, 0x33, 
	0x44, 0x33, 0x44, 0x33, 0x44, 0x33, 0x44, 0x33, 
	0x44, 0x33, 0x44, 0x33, 0x44, 0x33, 0x44, 0x33, 
	0x44, 0x33, 0x44, 0x33, 0x44, 0x33, 0x44, 0x33, 
	0x44, 0x33, 0x44, 0x33, 0x44, 0x33, 0x44, 0x33, 
	0x44, 0x33, 0x44, 0x33, 0x44, 0x33, 0x44, 0x33, 
	0x44, 0x33, 0x44, 0x33, 0x44, 0x33, 0x44, 0x33, 
	0x44, 0x33, 0x44, 0x33, 0x44, 0x33, 0x44, 0x33, 
	0x44, 0x33, 0x44, 0x33, 0x44, 0x33, 0x44, 0x33, 
	0x44, 0x33, 0x44, 0x33, 0x44, 0x33, 0x44, 0x33, 
	0x44, 0x33, 0x44, 0x33, 0x44, 0x33, 0x44, 0x33, 
	0x44, 0x33, 0x44, 0x33, 0x44, 0x33, 0x44, 0x33, 
	0x44, 0x33, 0x44, 0x33, 0x44, 0x33, 0x44, 0x33, 
	0x44, 0x33, 0x44, 0x33, 0x44, 0x33, 0x44, 0x33, 
	0x44, 0x33, 0x44, 0x33, 0x44, 0x33, 0x44, 0x33, 
	0x44, 0x35, 0x44, 0x35, 0x44, 0x35, 0x44, 0x35, 
	0x44, 0x35, 0x44, 0x35, 0x44, 0x35, 0x44, 0x35, 
	0x44, 0x35, 0x44, 0x35, 0x44, 0x35, 0x44, 0x35, 
	0x44, 0x35, 0x44, 0x35, 0x44, 0x35, 0x44, 0x35, 
	0x44, 0x35, 0x44, 0x35, 0x44, 0x35, 0x44, 0x35, 
	0x44, 0x35, 0x44, 0x35, 0x44, 0x35, 0x44, 0x35, 
	0x44, 0x35, 0x44, 0x35, 0x44, 0x35, 0x44, 0x35, 
	0x44, 0x35, 0x44, 0x35, 0x44, 0x35, 0x44, 0x35, 
	0x44, 0x35, 0x44, 0x35, 0x44, 0x35, 0x44, 0x35, 
	0x44, 0x35, 0x44, 0x35, 0x44, 0x35, 0x44, 0x35, 
	0x44, 0x35, 0x44, 0x35, 0x44, 0x35, 0x44, 0x35, 
	0x44, 0x35, 0x44, 0x35, 0x44, 0x35, 0x44, 0x35, 
	0x44, 0x35, 0x44, 0x35, 0x44, 0x35, 0x44, 0x35, 
	0x44, 0x35, 0x44, 0x35, 0x44, 0x35, 0x44, 0x35, 
	0x44, 0x35, 0x44, 0x35, 0x44, 0x35, 0x44, 0x35, 
	0x44, 0x35, 0x44, 0x35, 0x44, 0x35, 0x44, 0x35, 
	0x44, 0x35, 0x44, 0x35, 0x44, 0x35, 0x44, 0x35, 
	0x44, 0x35, 0x44, 0x35, 0x44, 0x35, 0x44, 0x35, 
	0x44, 0x35, 0x44, 0x35, 0x44, 0x35, 0x44, 0x35, 
	0x44, 0x35, 0x44, 0x35, 0x44, 0x35, 0x44, 0x35, 
	0x44, 0x35, 0x44, 0x35, 0x44, 0x35, 0x44, 0x35, 
	0x44, 0x35, 0x44, 0x35, 0x44, 0x35, 0x44, 0x35, 
	0x44, 0x35, 0x44, 0x35, 0x44, 0x35, 0x44, 0x35, 
	0x44, 0x35, 0x44, 0x35, 0x44, 0x35, 0x44, 0x35, 
	0x44, 0x35, 0x44, 0x35, 0x44, 0x35, 0x44, 0x35, 
	0x44, 0x35, 0x44, 0x35, 0x44, 0x35, 0x44, 0x35, 
	0x44, 0x35, 0x44, 0x35, 0x44, 0x35, 0x44, 0x35, 
	0x44, 0x35, 0x44, 0x35, 0x44, 0x35, 0x44, 0x35, 
	0x44, 0x35, 0x44, 0x35, 0x44, 0x35, 0x44, 0x35, 
	0x44, 0x35, 0x44, 0x35, 0x44, 0x35, 0x44, 0x35, 
	0x44, 0x35, 0x44, 0x35, 0x44, 0x35, 0x44, 0x35, 
	0x44, 0x35, 0x44, 0x35, 0x44, 0x35, 0x44, 0x35, 
	0x44, 0x35, 0x44, 0x35, 0x44, 0x35, 0x44, 0x35, 
	0x44, 0x35, 0x44, 0x35, 0x44, 0x35, 0x44, 0x35, 
	0x44, 0x35, 0x44, 0x35, 0x44, 0x35, 0x44, 0x35, 
	0x44, 0x35, 0x44, 0x35, 0x44, 0x35, 0x44, 0x35, 
	0x44, 0x35, 0x44, 0x35, 0x44, 0x35, 0x44, 0x35, 
	0x44, 0x35, 0x44, 0x35, 0x44, 0x35, 0x44, 0x35, 
	0x44, 0x35, 0x44, 0x35, 0x44, 0x35, 0x44, 0x35, 
	0x44, 0x35, 0x44, 0x35, 0x44, 0x35, 0x44, 0x35, 
	0x44, 0x35, 0x44, 0x35, 0x44, 0x35, 0x44, 0x35, 
	0x44, 0x35, 0x44, 0x35, 0x44, 0x35, 0x44, 0x35, 
	0x44, 0x35, 0x44, 0x35, 0x44, 0x35, 0x44, 0x35, 
	0x44, 0x35, 0x44, 0x35, 0x44, 0x35, 0x44, 0x35, 
	0x44, 0x35, 0x44, 0x35, 0x44, 0x35, 0x44, 0x35, 
	0x44, 0x35, 0x44, 0x35, 0x44, 0x35, 0x44, 0x35, 
	0x44, 0x35, 0x44, 0x35, 0x44, 0x35, 0x44, 0x35, 
	0x44, 0x35, 0x44, 0x35, 0x44, 0x35, 0x44, 0x35, 
	0x44, 0x35, 0x44, 0x35, 0x44, 0x35, 0x44, 0x35, 
	0x44, 0x35, 0x44, 0x35, 0x44, 0x35, 0x44, 0x35, 
	0x44, 0x35, 0x44, 0x35, 0x44, 0x35, 0x44, 0x35, 
	0x44, 0x35, 0x44, 0x35, 0x44, 0x35, 0x44, 0x35, 
	0x44, 0x35, 0x44, 0x35, 0x44, 0x35, 0x44, 0x35, 
	0x44, 0x35, 0x44, 0x35, 0x44, 0x35, 0x44, 0x35, 
	0x44, 0x35, 0x44, 0x35, 0x44, 0x35, 0x44, 0x35, 
	0x44, 0x35, 0x44, 0x35, 0x44, 0x35, 0x44, 0x35, 
	0x44, 0x35, 0x44, 0x35, 0x44, 0x35, 0x44, 0x35, 
	0x44, 0x35, 0x44, 0x35, 0x44, 0x35, 0x44, 0x35, 
	0x44, 0x35, 0x44, 0x35, 0x44, 0x35, 0x44, 0x35, 
	0x44, 0x35, 0x44, 0x35, 0x44, 0x35, 0x44, 0x35, 
	0x44, 0x35, 0x44, 0x35, 0x44, 0x35, 0x44, 0x35, 
	0x44, 0x35, 0x44, 0x35, 0x44, 0x35, 0x44, 0x35, 
	0x44, 0x35, 0x44, 0x35, 0x44, 0x35, 0x44, 0x35, 
	0x44, 0x35, 0x44, 0x35, 0x44, 0x35, 0x44, 0x35, 
	0x44, 0x35, 0x44, 0x35, 0x44, 0x35, 0x44, 0x35, 
	0x44, 0x35, 0x44, 0x35, 0x44, 0x35, 0x44, 0x35, 
	0x44, 0x35, 0x44, 0x35, 0x44, 0x35, 0x44, 0x35, 
	0x44, 0x35, 0x44, 0x35, 0x44, 0x35, 0x44, 0x35, 
	0x44, 0x35, 0x44, 0x35, 0x44, 0x35, 0x44, 0x35, 
	0x44, 0x35, 0x44, 0x35, 0x44, 0x35, 0x44, 0x35, 
	0x44, 0x35, 0x44, 0x35, 0x44, 0x35, 0x44, 0x35, 
	0x44, 0x35, 0x44, 0x35, 0x44, 0x35, 0x44, 0x35, 
	0x44, 0x35, 0x44, 0x35, 0x44, 0x35, 0x44, 0x35, 
	0x44, 0x35, 0x44, 0x35, 0x44, 0x35, 0x44, 0x35, 
	0x44, 0x35, 0x44, 0x35, 0x44, 0x35, 0x44, 0x35, 
	0x44, 0x35, 0x44, 0x35, 0x44, 0x35, 0x44, 0x35, 
	0x44, 0x35, 0x44, 0x35, 0x44, 0x35, 0x44, 0x35, 
	0x44, 0x35, 0x44, 0x35, 0x44, 0x35, 0x44, 0x35, 
	0x44, 0x35, 0x44, 0x35, 0x44, 0x35, 0x44, 0x35, 
	0x44, 0x35, 0x44, 0x35, 0x44, 0x35, 0x44, 0x35, 
	0x44, 0x35, 0x44, 0x35, 0x44, 0x35, 0x44, 0x35, 
	0x44, 0x35, 0x44, 0x35, 0x44, 0x35, 0x44, 0x35, 
	0x44, 0x35, 0x44, 0x35, 0x44, 0x35, 0x44, 0x35, 
	0x44, 0x35, 0x44, 0x35, 0x44, 0x35, 0x44, 0x35, 
	0x44, 0x35, 0x44, 0x35, 0x44, 0x35, 0x44, 0x35, 
	0x44, 0x35, 0x44, 0x35, 0x44, 0x35, 0x44, 0x35, 
	0x44, 0x35, 0x44, 0x35, 0x44, 0x35, 0x44, 0x35, 
	0x44, 0x35, 0x44, 0x35, 0x44, 0x35, 0x44, 0x35, 
	0x44, 0x35, 0x44, 0x35, 0x44, 0x35, 0x44, 0x35, 
	0x44, 0x35, 0x44, 0x35, 0x44, 0x35, 0x44, 0x35, 
	0x44, 0x35, 0x44, 0x35, 0x44, 0x35, 0x44, 0x35, 
	0x44, 0x35, 0x44, 0x35, 0x44, 0x35, 0x44, 0x35, 
	0x44, 0x35, 0x44, 0x35, 0x44, 0x35, 0x44, 0x35, 
	0x44, 0x35, 0x44, 0x35, 0x44, 0x35, 0x44, 0x35, 
	0x44, 0x35, 0x44, 0x35, 0x44, 0x35, 0x44, 0x35, 
	0x44, 0x35, 0x44, 0x35, 0x44, 0x35, 0x44, 0x35, 
	0x44, 0x35, 0x44, 0x35, 0x44, 0x35, 0x44, 0x35, 
	0x44, 0x35, 0x44, 0x35, 0x44, 0x35, 0x44, 0x35, 
	0x44, 0x35, 0x44, 0x35, 0x44, 0x35, 0x44, 0x35, 
	0x44, 0x35, 0x44, 0x35, 0x44, 0x35, 0x44, 0x35, 
	0x44, 0x35, 0x44, 0x35, 0x44, 0x35, 0x44, 0x35, 
	0x44, 0x35, 0x44, 0x35, 0x44, 0x35, 0x44, 0x35, 
	0x44, 0x35, 0x44, 0x35, 0x44, 0x35, 0x44, 0x35, 
	0x44, 0x35, 0x44, 0x35, 0x44, 0x35, 0x44, 0x35, 
	0x44, 0x35, 0x44, 0x35, 0x44, 0x35, 0x44, 0x35, 
	0x44, 0x35, 0x44, 0x35, 0x44, 0x35, 0x44, 0x35, 
	0x44, 0x35, 0x44, 0x35, 0x44, 0x35, 0x44, 0x35, 
	0x44, 0x35, 0x44, 0x35, 0x44, 0x35, 0x44, 0x35, 
	0x44, 0x35, 0x44, 0x35, 0x44, 0x35, 0x44, 0x35, 
	0x44, 0x35, 0x44, 0x35, 0x44, 0x35, 0x44, 0x35, 
	0x44, 0x35, 0x44, 0x35, 0x44, 0x35, 0x44, 0x35, 
	0x44, 0x35, 0x44, 0x35, 0x44, 0x35, 0x44, 0x35, 
	0x44, 0x35, 0x44, 0x35, 0x44, 0x35, 0x44, 0x35, 
	0x44, 0x35, 0x44, 0x35, 0x44, 0x35, 0x44, 0x35, 
	0x44, 0x35, 0x44, 0x35, 0x44, 0x35, 0x44, 0x35, 
	0x44, 0x35, 0x44, 0x35, 0x44, 0x35, 0x44, 0x35, 
	0x44, 0x35, 0x44, 0x35, 0x44, 0x35, 0x44, 0x35, 
	0x44, 0x35, 0x44, 0x35, 0x44, 0x35, 0x44, 0x35, 
	0x44, 0x35, 0x44, 0x35, 0x44, 0x35, 0x44, 0x35, 
	0x44, 0x35, 0x44, 0x35, 0x44, 0x35, 0x44, 0x35, 
	0x44, 0x35, 0x44, 0x35, 0x44, 0x35, 0x44, 0x35, 
	0x44, 0x35, 0x44, 0x35, 0x44, 0x35, 0x44, 0x35, 
	0x44, 0x35, 0x44, 0x35, 0x44, 0x35, 0x44, 0x35, 
	0x44, 0x35, 0x44, 0x35, 0x44, 0x35, 0x44, 0x35, 
	0x44, 0x35, 0x44, 0x35, 0x44, 0x35, 0x44, 0x35, 
	0x44, 0x35, 0x44, 0x35, 0x44, 0x35, 0x44, 0x35, 
	0x44, 0x35, 0x44, 0x35, 0x44, 0x35, 0x44, 0x35, 
	0x44, 0x35, 0x44, 0x35, 0x44, 0x35, 0x44, 0x35, 
	0x44, 0x35, 0x44, 0x35, 0x44, 0x35, 0x44, 0x35, 
	0x44, 0x35, 0x44, 0x35, 0x44, 0x35, 0x44, 0x35, 
	0x44, 0x35, 0x44, 0x35, 0x44, 0x35, 0x44, 0x35, 
	0x44, 0x35, 0x44, 0x35, 0x44, 0x35, 0x44, 0x35, 
	0x44, 0x35, 0x44, 0x35, 0x44, 0x35, 0x44, 0x35, 
	0x44, 0x35, 0x44, 0x35, 0x44, 0x35, 0x44, 0x35, 
	0x44, 0x35, 0x44, 0x35, 0x44, 0x35, 0x44, 0x35, 
	0x44, 0x35, 0x44, 0x35, 0x44, 0x35, 0x44, 0x35, 
	0x44, 0x35, 0x44, 0x35, 0x44, 0x35, 0x44, 0x35, 
	0x44, 0x35, 0x44, 0x35, 0x44, 0x35, 0x44, 0x35, 
	0x44, 0x35, 0x44, 0x35, 0x44, 0x35, 0x44, 0x35, 
	0x44, 0x35, 0x44, 0x35, 0x44, 0x35, 0x44, 0x35, 
	0x44, 0x35, 0x44, 0x35, 0x44, 0x35, 0x44, 0x35, 
	0x44, 0x35, 0x44, 0x35, 0x44, 0x35, 0x44, 0x35, 
	0x44, 0x35, 0x44, 0x35, 0x44, 0x35, 0x44, 0x35, 
	0x44, 0x35, 0x44, 0x35, 0x44, 0x35, 0x44, 0x35, 
	0x44, 0x35, 0x44, 0x35, 0x44, 0x35, 0x44, 0x35, 
	0x44, 0x35, 0x44, 0x35, 0x44, 0x35, 0x44, 0x35, 
	0x44, 0x35, 0x44, 0x35, 0x44, 0x35, 0x44, 0x35, 
	0x44, 0x35, 0x44, 0x35, 0x44, 0x35, 0x44, 0x35, 
	0x44, 0x35, 0x44, 0x35, 0x44, 0x35, 0x44, 0x35, 
	0x44, 0x35, 0x44, 0x35, 0x44, 0x35, 0x44, 0x35, 
	0x44, 0x35, 0x44, 0x35, 0x44, 0x35, 0x44, 0x35, 
	0x44, 0x35, 0x44, 0x35, 0x44, 0x35, 0x44, 0x35, 
	0x44, 0x35, 0x44, 0x35, 0x44, 0x35, 0x44, 0x35, 
	0x44, 0x35, 0x44, 0x35, 0x44, 0x35, 0x44, 0x35, 
	0x44, 0x35, 0x44, 0x35, 0x44, 0x35, 0x44, 0x35, 
	0x44, 0x35, 0x44, 0x35, 0x44, 0x35, 0x44, 0x35, 
	0x44, 0x35, 0x44, 0x35, 0x44, 0x35, 0x44, 0x35, 
	0x44, 0x35, 0x44, 0x35, 0x44, 0x35, 0x44, 0x35, 
	0x44, 0x35, 0x44, 0x35, 0x44, 0x35, 0x44, 0x35, 
	0x44, 0x35, 0x44, 0x35, 0x44, 0x35, 0x44, 0x35, 
	0x44, 0x35, 0x44, 0x35, 0x44, 0x35, 0x44, 0x35, 
	0x44, 0x35, 0x44, 0x35, 0x44, 0x35, 0x44, 0x35, 
	0x44, 0x35, 0x44, 0x35, 0x44, 0x35, 0x44, 0x35, 
	0x44, 0x35, 0x44, 0x35, 0x44, 0x35, 0x44, 0x35, 
	0x44, 0x35, 0x44, 0x35, 0x44, 0x35, 0x44, 0x35, 
	0x44, 0x35, 0x44, 0x35, 0x44, 0x35, 0x44, 0x35, 
	0x44, 0x35, 0x44, 0x35, 0x44, 0x35, 0x44, 0x35, 
	0x44, 0x35, 0x44, 0x35, 0x44, 0x35, 0x44, 0x35, 
	0x44, 0x35, 0x44, 0x35, 0x44, 0x35, 0x44, 0x35, 
	0x44, 0x35, 0x44, 0x35, 0x44, 0x35, 0x44, 0x35, 
	0x44, 0x35, 0x44, 0x35, 0x44, 0x35, 0x44, 0x35, 
	0x44, 0x35, 0x44, 0x35, 0x44, 0x35, 0x44, 0x35, 
	0x44, 0x35, 0x44, 0x35, 0x44, 0x35, 0x44, 0x35, 
	0x44, 0x35, 0x44, 0x35, 0x44, 0x35, 0x44, 0x35, 
	0x44, 0x35, 0x44, 0x35, 0x44, 0x35, 0x44, 0x35, 
	0x44, 0x35, 0x44, 0x35, 0x44, 0x35, 0x44, 0x35, 
	0x44, 0x35, 0x44, 0x35, 0x44, 0x35, 0x44, 0x35, 
	0x44, 0x35, 0x44, 0x35, 0x44, 0x35, 0x44, 0x35, 
	0x44, 0x35, 0x44, 0x35, 0x44, 0x35, 0x44, 0x35, 
	0x44, 0x35, 0x44, 0x35, 0x44, 0x35, 0x44, 0x35, 
	0x44, 0x35, 0x44, 0x35, 0x44, 0x35, 0x44, 0x35, 
	0x44, 0x35, 0x44, 0x35, 0x44, 0x35, 0x44, 0x35, 
	0x44, 0x35, 0x44, 0x35, 0x44, 0x35, 0x44, 0x35, 
	0x44, 0x35, 0x44, 0x35, 0x44, 0x35, 0x44, 0x35, 
	0x44, 0x35, 0x44, 0x35, 0x44, 0x35, 0x44, 0x35, 
	0x44, 0x35, 0x44, 0x35, 0x44, 0x35, 0x44, 0x35, 
	0x44, 0x35, 0x44, 0x35, 0x44, 0x35, 0x44, 0x35, 
	0x44, 0x35, 0x44, 0x35, 0x44, 0x35, 0x44, 0x35, 
	0x44, 0x35, 0x44, 0x35, 0x44, 0x35, 0x44, 0x35, 
	0x44, 0x35, 0x44, 0x35, 0x44, 0x35, 0x44, 0x35, 
	0x44, 0x35, 0x44, 0x35, 0x44, 0x35, 0x44, 0x35, 
	0x44, 0x35, 0x44, 0x35, 0x44, 0x35, 0x54, 0xb7, 
	0x54, 0xb7, 0x54, 0xb7, 0x54, 0xb7, 0x54, 0xb7, 
	0x54, 0xb7, 0x54, 0xb7, 0x54, 0xb7, 0x54, 0xb7, 
	0x54, 0xb7, 0x54, 0xb7, 0x54, 0xb7, 0x54, 0xb7, 
	0x54, 0xb7, 0x54, 0xb7, 0x54, 0xb7, 0x54, 0xb7, 
	0x54, 0xb7, 0x54, 0xb7, 0x54, 0xb7, 0x54, 0xb7, 
	0x54, 0xb7, 0x54, 0xb7, 0x54, 0xb7, 0x54, 0xb7, 
	0x54, 0xb7, 0x54, 0xb7, 0x54, 0xb7, 0x54, 0xb7, 
	0x54, 0xb7, 0x54, 0xb7, 0x54, 0xb7, 0x54, 0xb7, 
	0x54, 0xb7, 0x54, 0xb7, 0x54, 0xb7, 0x54, 0xb7, 
	0x54, 0xb7, 0x54, 0xb7, 0x54, 0xb7, 0x54, 0xb7, 
	0x54, 0xb7, 0x54, 0xb7, 0x54, 0xb7, 0x54, 0xb7, 
	0x54, 0xb7, 0x54, 0xb7, 0x54, 0xb7, 0x54, 0xb7, 
	0x54, 0xb7, 0x54, 0xb7, 0x54, 0xb7, 0x54, 0xb7, 
	0x54, 0xb7, 0x54, 0xb7, 0x54, 0xb7, 0x54, 0xb7, 
	0x54, 0xb7, 0x54, 0xb7, 0x54, 0xb7, 0x54, 0xb7, 
	0x54, 0xb7, 0x54, 0xb7, 0x54, 0xb7, 0x54, 0xb7, 
	0x54, 0xb7, 0x54, 0xb7, 0x54, 0xb7, 0x54, 0xb7, 
	0x54, 0xb7, 0x54, 0xb7, 0x54, 0xb7, 0x54, 0xb7, 
	0x54, 0xb7, 0x54, 0xb7, 0x54, 0xb7, 0x54, 0xb7, 
	0x54, 0xb7, 0x54, 0xb7, 0x54, 0xb7, 0x54, 0xb7, 
	0x54, 0xb7, 0x54, 0xb7, 0x54, 0xb7, 0x54, 0xb7, 
	0x54, 0xb7, 0x54, 0xb7, 0x54, 0xb7, 0x54, 0xb7, 
	0x54, 0xb7, 0x54, 0xb7, 0x54, 0xb7, 0x54, 0xb7, 
	0x54, 0xb7, 0x54, 0xb7, 0x54, 0xb7, 0x54, 0xb7, 
	0x54, 0xb7, 0x54, 0xb7, 0x54, 0xb7, 0x54, 0xb7, 
	0x54, 0xb7, 0x54, 0xb7, 0x54, 0xb7, 0x54, 0xb7, 
	0x54, 0xb7, 0x54, 0xb7, 0x54, 0xb7, 0x54, 0xb7, 
	0x54, 0xb7, 0x54, 0xb7, 0x54, 0xb7, 0x54, 0xb7, 
	0x54, 0xb7, 0x54, 0xb7, 0x54, 0xb7, 0x54, 0xb7, 
	0x54, 0xb7, 0x54, 0xb7, 0x54, 0xb7, 0x54, 0xb7, 
	0x54, 0xb7, 0x54, 0xb7, 0x54, 0xb7, 0x54, 0xb7, 
	0x54, 0xb7, 0x54, 0xb7, 0x54, 0xb7, 0x54, 0xb7, 
	0x54, 0xb7, 0x54, 0xb7, 0x54, 0xb7, 0x54, 0xb7, 
	0x54, 0xb7, 0x54, 0xb7, 0x54, 0xb7, 0x54, 0xb7, 
	0x54, 0xb7, 0x54, 0xb7, 0x54, 0xb7, 0x54, 0xb7, 
	0x54, 0xb7, 0x54, 0xb7, 0x54, 0xb7, 0x54, 0xb7, 
	0x54, 0xb7, 0x54, 0xb7, 0x54, 0xb7, 0x54, 0xb7, 
	0x54, 0xb7, 0x54, 0xb7, 0x54, 0xb7, 0x54, 0xb7, 
	0x54, 0xb7, 0x54, 0xb7, 0x54, 0xb7, 0x54, 0xb7, 
	0x54, 0xb7, 0x54, 0xb7, 0x54, 0xb7, 0x54, 0xb7, 
	0x54, 0xb7, 0x54, 0xb7, 0x54, 0xb7, 0x54, 0xb7, 
	0x54, 0xb7, 0x54, 0xb7, 0x54, 0xb7, 0x54, 0xb7, 
	0x54, 0xb7, 0x54, 0xb7, 0x54, 0xb7, 0x54, 0xb7, 
	0x54, 0xb7, 0x54, 0xb7, 0x54, 0xb7, 0x54, 0xb7, 
	0x54, 0xb7, 0x54, 0xb7, 0x54, 0xb7, 0x54, 0xb7, 
	0x54, 0xb7, 0x54, 0xb7, 0x54, 0xb7, 0x54, 0xb7, 
	0x54, 0xb7, 0x54, 0xb7, 0x54, 0xb7, 0x54, 0xb7, 
	0x54, 0xb7, 0x54, 0xb7, 0x54, 0xb7, 0x54, 0xb7, 
	0x54, 0xb7, 0x54, 0xb7, 0x54, 0xb7, 0x54, 0xb7, 
	0x54, 0xb7, 0x54, 0xb7, 0x54, 0xb7, 0x54, 0xb7, 
	0x54, 0xb7, 0x54, 0xb7, 0x54, 0xb7, 0x54, 0xb7, 
	0x54, 0xb7, 0x54, 0xb7, 0x54, 0xb7, 0x54, 0xb7, 
	0x54, 0xb7, 0x54, 0xb7, 0x54, 0xb7, 0x54, 0xb7, 
	0x54, 0xb7, 0x54, 0xb7, 0x54, 0xb7, 0x54, 0xb7, 
	0x54, 0xb7, 0x54, 0xb7, 0x54, 0xb7, 0x54, 0xb7, 
	0x54, 0xb7, 0x54, 0xb7, 0x54, 0xb7, 0x54, 0xb7, 
	0x54, 0xb7, 0x54, 0xb7, 0x54, 0xb7, 0x54, 0xb7, 
	0x54, 0xb7, 0x54, 0xb7, 0x54, 0xb7, 0x54, 0xb7, 
	0x54, 0xb7, 0x54, 0xb7, 0x54, 0xb7, 0x54, 0xb7, 
	0x54, 0xb7, 0x54, 0xb7, 0x54, 0xb7, 0x54, 0xb7, 
	0x54, 0xb7, 0x54, 0xb7, 0x54, 0xb7, 0x54, 0xb7, 
	0x54, 0xb7, 0x54, 0xb7, 0x54, 0xb7, 0x54, 0xb7, 
	0x54, 0xb7, 0x54, 0xb7, 0x54, 0xb7, 0x54, 0xb7, 
	0x54, 0xb7, 0x54, 0xb7, 0x54, 0xb7, 0x54, 0xb7, 
	0x54, 0xb7, 0x54, 0xb7, 0x54, 0xb7, 0x54, 0xb7, 
	0x54, 0xb7, 0x54, 0xb7, 0x54, 0xb7, 0x54, 0xb7, 
	0x54, 0xb7, 0x54, 0xb7, 0x54, 0xb7, 0x54, 0xb7, 
	0x54, 0xb7, 0x54, 0xb7, 0x54, 0xb7, 0x54, 0xb7, 
	0x54, 0xb7, 0x54, 0xb7, 0x54, 0xb7, 0x54, 0xb7, 
	0x54, 0xb7, 0x54, 0xb7, 0x54, 0xb7, 0x54, 0xb7, 
	0x54, 0xb7, 0x54, 0xb7, 0x54, 0xb7, 0x54, 0xb7, 
	0x54, 0xb7, 0x54, 0xb7, 0x54, 0xb7, 0x54, 0xb7, 
	0x54, 0xb7, 0x54, 0xb7, 0x54, 0xb7, 0x54, 0xb7, 
	0x54, 0xb7, 0x54, 0xb7, 0x54, 0xb7, 0x54, 0xb7, 
	0x54, 0xb7, 0x54, 0xb7, 0x54, 0xb7, 0x54, 0xb7, 
	0x54, 0xb7, 0x54, 0xb7, 0x54, 0xb7, 0x54, 0xb7, 
	0x54, 0xb7, 0x54, 0xb7, 0x54, 0xb7, 0x54, 0xb7, 
	0x54, 0xb7, 0x54, 0xb7, 0x54, 0xb7, 0x54, 0xb7, 
	0x54, 0xb7, 0x54, 0xb7, 0x54, 0xb7, 0x54, 0xb7, 
	0x54, 0xb7, 0x54, 0xb7, 0x54, 0xb7, 0x54, 0xb7, 
	0x54, 0xb7, 0x54, 0xb7, 0x54, 0xb7, 0x54, 0xb7, 
	0x54, 0xb7, 0x54, 0xb7, 0x54, 0xb7, 0x54, 0xb7, 
	0x54, 0xb7, 0x54, 0xb7, 0x54, 0xb7, 0x54, 0xb7, 
	0x54, 0xb7, 0x54, 0xb7, 0x54, 0xb7, 0x54, 0xb7, 
	0x54, 0xb7, 0x54, 0xb7, 0x54, 0xb7, 0x54, 0xb7, 
	0x54, 0xb7, 0x54, 0xb7, 0x54, 0xb7, 0x54, 0xb7, 
	0x54, 0xb7, 0x54, 0xb7, 0x54, 0xb7, 0x54, 0xb7, 
	0x54, 0xb7, 0x54, 0xb7, 0x54, 0xb7, 0x54, 0xb7, 
	0x54, 0xb7, 0x54, 0xb7, 0x54, 0xb7, 0x54, 0xb7, 
	0x54, 0xb7, 0x54, 0xb7, 0x54, 0xb7, 0x54, 0xb7, 
	0x54, 0xb7, 0x54, 0xb7, 0x54, 0xb7, 0x54, 0xb7, 
	0x54, 0xb7, 0x54, 0xb7, 0x54, 0xb7, 0x54, 0xb7, 
	0x54, 0xb7, 0x54, 0xb7, 0x54, 0xb7, 0x54, 0xb7, 
	0x54, 0xb7, 0x54, 0xb7, 0x54, 0xb7, 0x54, 0xb7, 
	0x54, 0xb7, 0x54, 0xb7, 0x54, 0xb7, 0x54, 0xb7, 
	0x54, 0xb7, 0x54, 0xb7, 0x54, 0xb7, 0x54, 0xb7, 
	0x54, 0xb7, 0x54, 0xb7, 0x54, 0xb7, 0x54, 0xb7, 
	0x54, 0xb7, 0x54, 0xb7, 0x54, 0xb7, 0x54, 0xb7, 
	0x54, 0xb7, 0x54, 0xb7, 0x54, 0xb7, 0x54, 0xb7, 
	0x54, 0xb7, 0x54, 0xb7, 0x54, 0xb7, 0x54, 0xb7, 
	0x54, 0xb7, 0x54, 0xb7, 0x54, 0xb7, 0x54, 0xb7, 
	0x54, 0xb7, 0x54, 0xb7, 0x54, 0xb7, 0x54, 0xb7, 
	0x54, 0xb7, 0x54, 0xb7, 0x54, 0xb7, 0x54, 0xb7, 
	0x54, 0xb7, 0x54, 0xb7, 0x54, 0xb7, 0x54, 0xb7, 
	0x54, 0xb7, 0x54, 0xb7, 0x54, 0xb7, 0x54, 0xb7, 
	0x54, 0xb7, 0x54, 0xb7, 0x54, 0xb7, 0x54, 0xb7, 
	0x54, 0xb7, 0x54, 0xb7, 0x54, 0xb7, 0x54, 0xb7, 
	0x54, 0xb7, 0x54, 0xb7, 0x54, 0xb7, 0x54, 0xb7, 
	0x54, 0xb7, 0x54, 0xb7, 0x54, 0xb7, 0x54, 0xb7, 
	0x54, 0xb7, 0x54, 0xb7, 0x54, 0xb7, 0x54, 0xb7, 
	0x54, 0xb7, 0x54, 0xb7, 0x54, 0xb7, 0x54, 0xb7, 
	0x54, 0xb7, 0x54, 0xb7, 0x54, 0xb7, 0x54, 0xb7, 
	0x54, 0xb7, 0x54, 0xb7, 0x54, 0xb7, 0x54, 0xb7, 
	0x54, 0xb7, 0x54, 0xb7, 0x54, 0xb7, 0x54, 0xb7, 
	0x54, 0xb7, 0x54, 0xb7, 0x54, 0xb7, 0x54, 0xb7, 
	0x54, 0xb7, 0x54, 0xb7, 0x54, 0xb7, 0x54, 0xb7, 
	0x54, 0xb7, 0x54, 0xb7, 0x54, 0xb7, 0x54, 0xb7, 
	0x54, 0xb7, 0x54, 0xb7, 0x54, 0xb7, 0x54, 0xb7, 
	0x54, 0xb7, 0x54, 0xb7, 0x54, 0xb7, 0x54, 0xb7, 
	0x54, 0xb7, 0x54, 0xb7, 0x54, 0xb7, 0x54, 0xb7, 
	0x54, 0xb7, 0x54, 0xb7, 0x54, 0xb7, 0x54, 0xb7, 
	0x54, 0xb7, 0x54, 0xb7, 0x54, 0xb7, 0x54, 0xb7, 
	0x54, 0xb7, 0x54, 0xb7, 0x54, 0xb7, 0x54, 0xb7, 
	0x54, 0xb7, 0x54, 0xb7, 0x54, 0xb7, 0x54, 0xb7, 
	0x54, 0xb7, 0x54, 0xb7, 0x54, 0xb7, 0x54, 0xb7, 
	0x54, 0xb7, 0x54, 0xb7, 0x54, 0xb7, 0x54, 0xb7, 
	0x54, 0xb7, 0x54, 0xb7, 0x54, 0xb7, 0x54, 0xb7, 
	0x54, 0xb7, 0x54, 0xb7, 0x54, 0xb7, 0x54, 0xb7, 
	0x54, 0xb7, 0x54, 0xb7, 0x54, 0xb7, 0x54, 0xb7, 
	0x54, 0xb7, 0x54, 0xb7, 0x54, 0xb7, 0x54, 0xb7, 
	0x54, 0xb7, 0x54, 0xb7, 0x54, 0xb7, 0x54, 0xb7, 
	0x54, 0xb7, 0x54, 0xb7, 0x54, 0xb7, 0x54, 0xb7, 
	0x54, 0xb7, 0x54, 0xb7, 0x54, 0xb7, 0x54, 0xb7, 
	0x54, 0xb7, 0x54, 0xb7, 0x54, 0xb7, 0x54, 0xb7, 
	0x54, 0xb7, 0x54, 0xb7, 0x54, 0xb7, 0x54, 0xb7, 
	0x54, 0xb7, 0x54, 0xb7, 0x54, 0xb7, 0x54, 0xb7, 
	0x54, 0xb7, 0x54, 0xb7, 0x54, 0xb7, 0x54, 0xb7, 
	0x54, 0xb7, 0x54, 0xb7, 0x54, 0xb7, 0x54, 0xb7, 
	0x54, 0xb7, 0x54, 0xb7, 0x54, 0xb7, 0x54, 0xb7, 
	0x54, 0xb7, 0x54, 0xb7, 0x54, 0xb7, 0x54, 0xb7, 
	0x54, 0xb7, 0x54, 0xb7, 0x54, 0xb7, 0x54, 0xb7, 
	0x54, 0xb7, 0x54, 0xb7, 0x54, 0xb7, 0x54, 0xb7, 
	0x54, 0xb7, 0x54, 0xb7, 0x54, 0xb7, 0x54, 0xb7, 
	0x54, 0xb7, 0x54, 0xb7, 0x54, 0xb7, 0x54, 0xb7, 
	0x54, 0xb7, 0x54, 0xb7, 0x54, 0xb7, 0x54, 0xb7, 
	0x54, 0xb7, 0x54, 0xb7, 0x54, 0xb7, 0x54, 0xb7, 
	0x54, 0xb7, 0x54, 0xb7, 0x54, 0xb7, 0x54, 0xb7, 
	0x54, 0xb7, 0x54, 0xb7, 0x54, 0xb7, 0x54, 0xb7, 
	0x54, 0xb7, 0x54, 0xb7, 0x54, 0xb7, 0x54, 0xb7, 
	0x54, 0xb7, 0x54, 0xb7, 0x54, 0xb7, 0x54, 0xb7, 
	0x54, 0xb7, 0x54, 0xb7, 0x54, 0xb7, 0x54, 0xb7, 
	0x54, 0xb7, 0x54, 0xb7, 0x54, 0xb7, 0x54, 0xb7, 
	0x54, 0xb7, 0x54, 0xb7, 0x54, 0xb7, 0x54, 0xb7, 
	0x54, 0xb7, 0x54, 0xb7, 0x54, 0xb7, 0x54, 0xb7, 
	0x54, 0xb7, 0x54, 0xb7, 0x54, 0xb7, 0x54, 0xb7, 
	0x54, 0xb7, 0x54, 0xb7, 0x54, 0xb7, 0x54, 0xb7, 
	0x54, 0xb7, 0x54, 0xb7, 0x54, 0xb7, 0x54, 0xb7, 
	0x54, 0xb7, 0x54, 0xb7, 0x54, 0xb7, 0x54, 0xb7, 
	0x54, 0xb7, 0x54, 0xb7, 0x54, 0xb7, 0x54, 0xb7, 
	0x54, 0xb7, 0x54, 0xb7, 0x54, 0xb7, 0x54, 0xb7, 
	0x54, 0xb7, 0x54, 0xb7, 0x54, 0xb7, 0x54, 0xb7, 
	0x54, 0xb7, 0x54, 0xb7, 0x54, 0xb7, 0x54, 0xb7, 
	0x54, 0xb7, 0x54, 0xb7, 0x54, 0xb7, 0x54, 0xb7, 
	0x54, 0xb7, 0x54, 0xb7, 0x54, 0xb7, 0x54, 0xb7, 
	0x54, 0xb7, 0x54, 0xb7, 0x54, 0xb7, 0x54, 0xb7, 
	0x54, 0xb7, 0x54, 0xb7, 0x54, 0xb7, 0x54, 0xb7, 
	0x54, 0xb7, 0x54, 0xb7, 0x54, 0xb7, 0x54, 0xb7, 
	0x54, 0xb7, 0x54, 0xb7, 0x54, 0xb7, 0x54, 0xb7, 
	0x54, 0xb7, 0x54, 0xb7, 0x54, 0xb7, 0x54, 0xb7, 
	0x54, 0xb7, 0x54, 0xb7, 0x54, 0xb7, 0x54, 0xb7, 
	0x54, 0xb7, 0x54, 0xb7, 0x54, 0xb7, 0x54, 0xb7, 
	0x54, 0xb7, 0x54, 0xb7, 0x54, 0xb7, 0x54, 0xb7, 
	0x54, 0xb7, 0x54, 0xb7, 0x54, 0xb7, 0x54, 0xb7, 
	0x54, 0xb7, 0x54, 0xb7, 0x54, 0xb7, 0x54, 0xb7, 
	0x54, 0xb7, 0x54, 0xb7, 0x54, 0xb7, 0x54, 0xb7, 
	0x54, 0xb7, 0x54, 0xb7, 0x54, 0xb7, 0x54, 0xb7, 
	0x54, 0xb7, 0x54, 0xb7, 0x54, 0xb7, 0x54, 0xb7, 
	0x54, 0xb7, 0x54, 0xb7, 0x54, 0xb7, 0x54, 0xb7, 
	0x54, 0xb7, 0x54, 0xb7, 0x54, 0xb7, 0x54, 0xb7, 
	0x54, 0xb7, 0x54, 0xb7, 0x54, 0xb7, 0x54, 0xb7, 
	0x54, 0xb7, 0x54, 0xb7, 0x54, 0xb7, 0x54, 0xb7, 
	0x54, 0xb7, 0x54, 0xb7, 0x54, 0xb7, 0x54, 0xb7, 
	0x54, 0xb7, 0x54, 0xb7, 0x54, 0xb7, 0x54, 0xb7, 
	0x54, 0xb7, 0x54, 0xb7, 0x54, 0xb7, 0x54, 0xb7, 
	0x54, 0xb7, 0x54, 0xb7, 0x54, 0xb7, 0x54, 0xb7, 
	0x54, 0xb7, 0x54, 0xb7, 0x54, 0xb7, 0x54, 0xb7, 
	0x54, 0xb7, 0x54, 0xb7, 0x54, 0xb7, 0x54, 0xb7, 
	0x54, 0xb7, 0x54, 0xb7, 0x54, 0xb7, 0x54, 0xb7, 
	0x54, 0xb7, 0x54, 0xb7, 0x54, 0xb7, 0x54, 0xb7, 
	0x54, 0xb7, 0x54, 0xb7, 0x54, 0xb7, 0x54, 0xb7, 
	0x54, 0xb7, 0x54, 0xb7, 0x54, 0xb7, 0x54, 0xb7, 
	0x54, 0xb7, 0x54, 0xb7, 0x54, 0xb7, 0x6d, 0x79, 
	0x6d, 0x79, 0x6d, 0x79, 0x6d, 0x79, 0x6d, 0x79, 
	0x6d, 0x79, 0x6d, 0x79, 0x6d, 0x79, 0x6d, 0x79, 
	0x6d, 0x79, 0x6d, 0x79, 0x6d, 0x79, 0x6d, 0x79, 
	0x6d, 0x79, 0x6d, 0x79, 0x6d, 0x79, 0x6d, 0x79, 
	0x6d, 0x79, 0x6d, 0x79, 0x6d, 0x79, 0x6d, 0x79, 
	0x6d, 0x79, 0x6d, 0x79, 0x6d, 0x79, 0x6d, 0x79, 
	0x6d, 0x79, 0x6d, 0x79, 0x6d, 0x79, 0x6d, 0x79, 
	0x6d, 0x79, 0x6d, 0x79, 0x6d, 0x79, 0x6d, 0x79, 
	0x6d, 0x79, 0x6d, 0x79, 0x6d, 0x79, 0x6d, 0x79, 
	0x6d, 0x79, 0x6d, 0x79, 0x6d, 0x79, 0x6d, 0x79, 
	0x6d, 0x79, 0x6d, 0x79, 0x6d, 0x79, 0x6d, 0x79, 
	0x6d, 0x79, 0x6d, 0x79, 0x6d, 0x79, 0x6d, 0x79, 
	0x6d, 0x79, 0x6d, 0x79, 0x6d, 0x79, 0x6d, 0x79, 
	0x6d, 0x79, 0x6d, 0x79, 0x6d, 0x79, 0x6d, 0x79, 
	0x6d, 0x79, 0x6d, 0x79, 0x6d, 0x79, 0x6d, 0x79, 
	0x6d, 0x79, 0x6d, 0x79, 0x6d, 0x79, 0x6d, 0x79, 
	0x6d, 0x79, 0x6d, 0x79, 0x6d, 0x79, 0x6d, 0x79, 
	0x6d, 0x79, 0x6d, 0x79, 0x6d, 0x79, 0x6d, 0x79, 
	0x6d, 0x79, 0x6d, 0x79, 0x6d, 0x79, 0x6d, 0x79, 
	0x6d, 0x79, 0x6d, 0x79, 0x6d, 0x79, 0x6d, 0x79, 
	0x6d, 0x79, 0x6d, 0x79, 0x6d, 0x79, 0x6d, 0x79, 
	0x6d, 0x79, 0x6d, 0x79, 0x6d, 0x79, 0x6d, 0x79, 
	0x6d, 0x79, 0x6d, 0x79, 0x6d, 0x79, 0x6d, 0x79, 
	0x6d, 0x79, 0x6d, 0x79, 0x6d, 0x79, 0x6d, 0x79, 
	0x6d, 0x79, 0x6d, 0x79, 0x6d, 0x79, 0x6d, 0x79, 
	0x6d, 0x79, 0x6d, 0x79, 0x6d, 0x79, 0x6d, 0x79, 
	0x6d, 0x79, 0x6d, 0x79, 0x6d, 0x79, 0x6d, 0x79, 
	0x6d, 0x79, 0x6d, 0x79, 0x6d, 0x79, 0x6d, 0x79, 
	0x6d, 0x79, 0x6d, 0x79, 0x6d, 0x79, 0x6d, 0x79, 
	0x6d, 0x79, 0x6d, 0x79, 0x6d, 0x79, 0x6d, 0x79, 
	0x6d, 0x79, 0x6d, 0x79, 0x6d, 0x79, 0x6d, 0x79, 
	0x6d, 0x79, 0x6d, 0x79, 0x6d, 0x79, 0x6d, 0x79, 
	0x6d, 0x79, 0x6d, 0x79, 0x6d, 0x79, 0x6d, 0x79, 
	0x6d, 0x79, 0x6d, 0x79, 0x6d, 0x79, 0x6d, 0x79, 
	0x6d, 0x79, 0x6d, 0x79, 0x6d, 0x79, 0x6d, 0x79, 
	0x6d, 0x79, 0x6d, 0x79, 0x6d, 0x79, 0x6d, 0x79, 
	0x6d, 0x79, 0x6d, 0x79, 0x6d, 0x79, 0x6d, 0x79, 
	0x6d, 0x79, 0x6d, 0x79, 0x6d, 0x79, 0x6d, 0x79, 
	0x6d, 0x79, 0x6d, 0x79, 0x6d, 0x79, 0x6d, 0x79, 
	0x6d, 0x79, 0x6d, 0x79, 0x6d, 0x79, 0x6d, 0x79, 
	0x6d, 0x79, 0x6d, 0x79, 0x6d, 0x79, 0x6d, 0x79, 
	0x6d, 0x79, 0x6d, 0x79, 0x6d, 0x79, 0x6d, 0x79, 
	0x6d, 0x79, 0x6d, 0x79, 0x6d, 0x79, 0x6d, 0x79, 
	0x6d, 0x79, 0x6d, 0x79, 0x6d, 0x79, 0x6d, 0x79, 
	0x6d, 0x79, 0x6d, 0x79, 0x6d, 0x79, 0x6d, 0x79, 
	0x6d, 0x79, 0x6d, 0x79, 0x6d, 0x79, 0x6d, 0x79, 
	0x6d, 0x79, 0x6d, 0x79, 0x6d, 0x79, 0x6d, 0x79, 
	0x6d, 0x79, 0x6d, 0x79, 0x6d, 0x79, 0x6d, 0x79, 
	0x6d, 0x79, 0x6d, 0x79, 0x6d, 0x79, 0x6d, 0x79, 
	0x6d, 0x79, 0x6d, 0x79, 0x6d, 0x79, 0x6d, 0x79, 
	0x6d, 0x79, 0x6d, 0x79, 0x6d, 0x79, 0x6d, 0x79, 
	0x6d, 0x79, 0x6d, 0x79, 0x6d, 0x79, 0x6d, 0x79, 
	0x6d, 0x79, 0x6d, 0x79, 0x6d, 0x79, 0x6d, 0x79, 
	0x6d, 0x79, 0x6d, 0x79, 0x6d, 0x79, 0x6d, 0x79, 
	0x6d, 0x79, 0x6d, 0x79, 0x6d, 0x79, 0x6d, 0x79, 
	0x6d, 0x79, 0x6d, 0x79, 0x6d, 0x79, 0x6d, 0x79, 
	0x6d, 0x79, 0x6d, 0x79, 0x6d, 0x79, 0x6d, 0x79, 
	0x6d, 0x79, 0x6d, 0x79, 0x6d, 0x79, 0x6d, 0x79, 
	0x6d, 0x79, 0x6d, 0x79, 0x6d, 0x79, 0x6d, 0x79, 
	0x6d, 0x79, 0x6d, 0x79, 0x6d, 0x79, 0x6d, 0x79, 
	0x6d, 0x79, 0x6d, 0x79, 0x6d, 0x79, 0x6d, 0x79, 
	0x6d, 0x79, 0x6d, 0x79, 0x6d, 0x79, 0x6d, 0x79, 
	0x6d, 0x79, 0x6d, 0x79, 0x6d, 0x79, 0x6d, 0x79, 
	0x6d, 0x79, 0x6d, 0x79, 0x6d, 0x79, 0x6d, 0x79, 
	0x6d, 0x79, 0x6d, 0x79, 0x6d, 0x79, 0x6d, 0x79, 
	0x6d, 0x79, 0x6d, 0x79, 0x6d, 0x79, 0x6d, 0x79, 
	0x6d, 0x79, 0x6d, 0x79, 0x6d, 0x79, 0x6d, 0x79, 
	0x6d, 0x79, 0x6d, 0x79, 0x6d, 0x79, 0x6d, 0x79, 
	0x6d, 0x79, 0x6d, 0x79, 0x6d, 0x79, 0x6d, 0x79, 
	0x6d, 0x79, 0x6d, 0x79, 0x6d, 0x79, 0x6d, 0x79, 
	0x6d, 0x79, 0x6d, 0x79, 0x6d, 0x79, 0x6d, 0x79, 
	0x6d, 0x79, 0x6d, 0x79, 0x6d, 0x79, 0x6d, 0x79, 
	0x6d, 0x79, 0x6d, 0x79, 0x6d, 0x79, 0x6d, 0x79, 
	0x6d, 0x79, 0x6d, 0x79, 0x6d, 0x79, 0x6d, 0x79, 
	0x6d, 0x79, 0x6d, 0x79, 0x6d, 0x79, 0x6d, 0x79, 
	0x6d, 0x79, 0x6d, 0x79, 0x6d, 0x79, 0x6d, 0x79, 
	0x6d, 0x79, 0x6d, 0x79, 0x6d, 0x79, 0x6d, 0x79, 
	0x6d, 0x79, 0x6d, 0x79, 0x6d, 0x79, 0x6d, 0x79, 
	0x6d, 0x79, 0x6d, 0x79, 0x6d, 0x79, 0x6d, 0x79, 
	0x6d, 0x79, 0x6d, 0x79, 0x6d, 0x79, 0x6d, 0x79, 
	0x6d, 0x79, 0x6d, 0x79, 0x6d, 0x79, 0x6d, 0x79, 
	0x6d, 0x79, 0x6d, 0x79, 0x6d, 0x79, 0x6d, 0x79, 
	0x6d, 0x79, 0x6d, 0x79, 0x6d, 0x79, 0x6d, 0x79, 
	0x6d, 0x79, 0x6d, 0x79, 0x6d, 0x79, 0x6d, 0x79, 
	0x6d, 0x79, 0x6d, 0x79, 0x6d, 0x79, 0x6d, 0x79, 
	0x6d, 0x79, 0x6d, 0x79, 0x6d, 0x79, 0x6d, 0x79, 
	0x6d, 0x79, 0x6d, 0x79, 0x6d, 0x79, 0x6d, 0x79, 
	0x6d, 0x79, 0x6d, 0x79, 0x6d, 0x79, 0x6d, 0x79, 
	0x6d, 0x79, 0x6d, 0x79, 0x6d, 0x79, 0x6d, 0x79, 
	0x6d, 0x79, 0x6d, 0x79, 0x6d, 0x79, 0x6d, 0x79, 
	0x6d, 0x79, 0x6d, 0x79, 0x6d, 0x79, 0x6d, 0x79, 
	0x6d, 0x79, 0x6d, 0x79, 0x6d, 0x79, 0x6d, 0x79, 
	0x6d, 0x79, 0x6d, 0x79, 0x6d, 0x79, 0x6d, 0x79, 
	0x6d, 0x79, 0x6d, 0x79, 0x6d, 0x79, 0x6d, 0x79, 
	0x6d, 0x79, 0x6d, 0x79, 0x6d, 0x79, 0x6d, 0x79, 
	0x6d, 0x79, 0x6d, 0x79, 0x6d, 0x79, 0x6d, 0x79, 
	0x6d, 0x79, 0x6d, 0x79, 0x6d, 0x79, 0x6d, 0x79, 
	0x6d, 0x79, 0x6d, 0x79, 0x6d, 0x79, 0x6d, 0x79, 
	0x6d, 0x79, 0x6d, 0x79, 0x6d, 0x79, 0x6d, 0x79, 
	0x6d, 0x79, 0x6d, 0x79, 0x6d, 0x79, 0x6d, 0x79, 
	0x6d, 0x79, 0x6d, 0x79, 0x6d, 0x79, 0x6d, 0x79, 
	0x6d, 0x79, 0x6d, 0x79, 0x6d, 0x79, 0x6d, 0x79, 
	0x6d, 0x79, 0x6d, 0x79, 0x6d, 0x79, 0x6d, 0x79, 
	0x6d, 0x79, 0x6d, 0x79, 0x6d, 0x79, 0x6d, 0x79, 
	0x6d, 0x79, 0x6d, 0x79, 0x6d, 0x79, 0x6d, 0x79, 
	0x6d, 0x79, 0x6d, 0x79, 0x6d, 0x79, 0x6d, 0x79, 
	0x6d, 0x79, 0x6d, 0x79, 0x6d, 0x79, 0x6d, 0x79, 
	0x6d, 0x79, 0x6d, 0x79, 0x6d, 0x79, 0x6d, 0x79, 
	0x6d, 0x79, 0x6d, 0x79, 0x6d, 0x79, 0x6d, 0x79, 
	0x6d, 0x79, 0x6d, 0x79, 0x6d, 0x79, 0x6d, 0x79, 
	0x6d, 0x79, 0x6d, 0x79, 0x6d, 0x79, 0x6d, 0x79, 
	0x6d, 0x79, 0x6d, 0x79, 0x6d, 0x79, 0x6d, 0x79, 
	0x6d, 0x79, 0x6d, 0x79, 0x6d, 0x79, 0x6d, 0x79, 
	0x6d, 0x79, 0x6d, 0x79, 0x6d, 0x79, 0x6d, 0x79, 
	0x6d, 0x79, 0x6d, 0x79, 0x6d, 0x79, 0x6d, 0x79, 
	0x6d, 0x79, 0x6d, 0x79, 0x6d, 0x79, 0x6d, 0x79, 
	0x6d, 0x79, 0x6d, 0x79, 0x6d, 0x79, 0x6d, 0x79, 
	0x6d, 0x79, 0x6d, 0x79, 0x6d, 0x79, 0x6d, 0x79, 
	0x6d, 0x79, 0x6d, 0x79, 0x6d, 0x79, 0x6d, 0x79, 
	0x6d, 0x79, 0x6d, 0x79, 0x6d, 0x79, 0x6d, 0x79, 
	0x6d, 0x79, 0x6d, 0x79, 0x6d, 0x79, 0x6d, 0x79, 
	0x6d, 0x79, 0x6d, 0x79, 0x6d, 0x79, 0x6d, 0x79, 
	0x6d, 0x79, 0x6d, 0x79, 0x6d, 0x79, 0x6d, 0x79, 
	0x6d, 0x79, 0x6d, 0x79, 0x6d, 0x79, 0x6d, 0x79, 
	0x6d, 0x79, 0x6d, 0x79, 0x6d, 0x79, 0x6d, 0x79, 
	0x6d, 0x79, 0x6d, 0x79, 0x6d, 0x79, 0x6d, 0x79, 
	0x6d, 0x79, 0x6d, 0x79, 0x6d, 0x79, 0x6d, 0x79, 
	0x6d, 0x79, 0x6d, 0x79, 0x6d, 0x79, 0x6d, 0x79, 
	0x6d, 0x79, 0x6d, 0x79, 0x6d, 0x79, 0x6d, 0x79, 
	0x6d, 0x79, 0x6d, 0x79, 0x6d, 0x79, 0x6d, 0x79, 
	0x6d, 0x79, 0x6d, 0x79, 0x6d, 0x79, 0x6d, 0x79, 
	0x6d, 0x79, 0x6d, 0x79, 0x6d, 0x79, 0x6d, 0x79, 
	0x6d, 0x79, 0x6d, 0x79, 0x6d, 0x79, 0x6d, 0x79, 
	0x6d, 0x79, 0x6d, 0x79, 0x6d, 0x79, 0x6d, 0x79, 
	0x6d, 0x79, 0x6d, 0x79, 0x6d, 0x79, 0x6d, 0x79, 
	0x6d, 0x79, 0x6d, 0x79, 0x6d, 0x79, 0x6d, 0x79, 
	0x6d, 0x79, 0x6d, 0x79, 0x6d, 0x79, 0x6d, 0x79, 
	0x6d, 0x79, 0x6d, 0x79, 0x6d, 0x79, 0x6d, 0x79, 
	0x6d, 0x79, 0x6d, 0x79, 0x6d, 0x79, 0x6d, 0x79, 
	0x6d, 0x79, 0x6d, 0x79, 0x6d, 0x79, 0x6d, 0x79, 
	0x6d, 0x79, 0x6d, 0x79, 0x6d, 0x79, 0x6d, 0x79, 
	0x6d, 0x79, 0x6d, 0x79, 0x6d, 0x79, 0x6d, 0x79, 
	0x6d, 0x79, 0x6d, 0x79, 0x6d, 0x79, 0x6d, 0x79, 
	0x6d, 0x79, 0x6d, 0x79, 0x6d, 0x79, 0x6d, 0x79, 
	0x6d, 0x79, 0x6d, 0x79, 0x6d, 0x79, 0x6d, 0x79, 
	0x6d, 0x79, 0x6d, 0x79, 0x6d, 0x79, 0x6d, 0x79, 
	0x6d, 0x79, 0x6d, 0x79, 0x6d, 0x79, 0x6d, 0x79, 
	0x6d, 0x79, 0x6d, 0x79, 0x6d, 0x79, 0x6d, 0x79, 
	0x6d, 0x79, 0x6d, 0x79, 0x6d, 0x79, 0x6d, 0x79, 
	0x6d, 0x79, 0x6d, 0x79, 0x6d, 0x79, 0x6d, 0x79, 
	0x6d, 0x79, 0x6d, 0x79, 0x6d, 0x79, 0x6d, 0x79, 
	0x6d, 0x79, 0x6d, 0x79, 0x6d, 0x79, 0x6d, 0x79, 
	0x6d, 0x79, 0x6d, 0x79, 0x6d, 0x79, 0x6d, 0x79, 
	0x6d, 0x79, 0x6d, 0x79, 0x6d, 0x79, 0x6d, 0x79, 
	0x6d, 0x79, 0x6d, 0x79, 0x6d, 0x79, 0x6d, 0x79, 
	0x6d, 0x79, 0x6d, 0x79, 0x6d, 0x79, 0x6d, 0x79, 
	0x6d, 0x79, 0x6d, 0x79, 0x6d, 0x79, 0x6d, 0x79, 
	0x6d, 0x79, 0x6d, 0x79, 0x6d, 0x79, 0x6d, 0x79, 
	0x6d, 0x79, 0x6d, 0x79, 0x6d, 0x79, 0x6d, 0x79, 
	0x6d, 0x79, 0x6d, 0x79, 0x6d, 0x79, 0x6d, 0x79, 
	0x6d, 0x79, 0x6d, 0x79, 0x6d, 0x79, 0x6d, 0x79, 
	0x6d, 0x79, 0x6d, 0x79, 0x6d, 0x79, 0x6d, 0x79, 
	0x6d, 0x79, 0x6d, 0x79, 0x6d, 0x79, 0x6d, 0x79, 
	0x6d, 0x79, 0x6d, 0x79, 0x6d, 0x79, 0x6d, 0x79, 
	0x6d, 0x79, 0x6d, 0x79, 0x6d, 0x79, 0x6d, 0x79, 
	0x6d, 0x79, 0x6d, 0x79, 0x6d, 0x79, 0x6d, 0x79, 
	0x6d, 0x79, 0x6d, 0x79, 0x6d, 0x79, 0x6d, 0x79, 
	0x6d, 0x79, 0x6d, 0x79, 0x6d, 0x79, 0x6d, 0x79, 
	0x6d, 0x79, 0x6d, 0x79, 0x6d, 0x79, 0x6d, 0x79, 
	0x6d, 0x79, 0x6d, 0x79, 0x6d, 0x79, 0x6d, 0x79, 
	0x6d, 0x79, 0x6d, 0x79, 0x6d, 0x79, 0x6d, 0x79, 
	0x6d, 0x79, 0x6d, 0x79, 0x6d, 0x79, 0x6d, 0x79, 
	0x6d, 0x79, 0x6d, 0x79, 0x6d, 0x79, 0x6d, 0x79, 
	0x6d, 0x79, 0x6d, 0x79, 0x6d, 0x79, 0x6d, 0x79, 
	0x6d, 0x79, 0x6d, 0x79, 0x6d, 0x79, 0x6d, 0x79, 
	0x6d, 0x79, 0x6d, 0x79, 0x6d, 0x79, 0x6d, 0x79, 
	0x6d, 0x79, 0x6d, 0x79, 0x6d, 0x79, 0x6d, 0x79, 
	0x6d, 0x79, 0x6d, 0x79, 0x6d, 0x79, 0x6d, 0x79, 
	0x6d, 0x79, 0x6d, 0x79, 0x6d, 0x79, 0x6d, 0x79, 
	0x6d, 0x79, 0x6d, 0x79, 0x6d, 0x79, 0x6d, 0x79, 
	0x6d, 0x79, 0x6d, 0x79, 0x6d, 0x79, 0x6d, 0x79, 
	0x6d, 0x79, 0x6d, 0x79, 0x6d, 0x79, 0x6d, 0x79, 
	0x6d, 0x79, 0x6d, 0x79, 0x6d, 0x79, 0x6d, 0x79, 
	0x6d, 0x79, 0x6d, 0x79, 0x6d, 0x79, 0x6d, 0x79, 
	0x6d, 0x79, 0x6d, 0x79, 0x6d, 0x79, 0x6d, 0x79, 
	0x6d, 0x79, 0x6d, 0x79, 0x6d, 0x79, 0x6d, 0x79, 
	0x6d, 0x79, 0x6d, 0x79, 0x6d, 0x79, 0x6d, 0x79, 
	0x6d, 0x79, 0x6d, 0x79, 0x6d, 0x79, 0x6d, 0x79, 
	0x6d, 0x79, 0x6d, 0x79, 0x6d, 0x79, 0x6d, 0x79, 
	0x6d, 0x79, 0x6d, 0x79, 0x6d, 0x79, 0x6d, 0x79, 
	0x6d, 0x79, 0x6d, 0x79, 0x6d, 0x79, 0x6d, 0x79, 
	0x6d, 0x79, 0x6d, 0x79, 0x6d, 0x79, 0x6d, 0x79, 
	0x6d, 0x79, 0x6d, 0x79, 0x6d, 0x79, 0x6d, 0x79, 
	0x6d, 0x79, 0x6d, 0x79, 0x6d, 0x79, 0x6d, 0x79, 
	0x6d, 0x79, 0x6d, 0x79, 0x6d, 0x79, 0x6d, 0x79, 
	0x6d, 0x79, 0x6d, 0x79, 0x6d, 0x79, 0x6d, 0x79, 
	0x6d, 0x79, 0x6d, 0x79, 0x6d, 0x79, 0x6d, 0x79, 
	0x6d, 0x79, 0x6d, 0x79, 0x6d, 0x79, 0x6d, 0x79, 
	0x6d, 0x79, 0x6d, 0x79, 0x6d, 0x79, 0x6d, 0x79, 
	0x6d, 0x79, 0x6d, 0x79, 0x6d, 0x79, 0x6d, 0x79, 
	0x6d, 0x79, 0x6d, 0x79, 0x6d, 0x79, 0x6d, 0x79, 
	0x6d, 0x79, 0x6d, 0x79, 0x6d, 0x79, 0x6d, 0x79, 
	0x6d, 0x79, 0x6d, 0x79, 0x6d, 0x79, 0x6d, 0x79, 
	0x6d, 0x79, 0x6d, 0x79, 0x6d, 0x79, 0x6d, 0x79, 
	0x6d, 0x79, 0x6d, 0x79, 0x6d, 0x79, 0x6d, 0x79, 
	0x6d, 0x79, 0x6d, 0x79, 0x6d, 0x79, 0x6d, 0x79, 
	0x6d, 0x79, 0x6d, 0x79, 0x6d, 0x79, 0x6d, 0x79, 
	0x6d, 0x79, 0x6d, 0x79, 0x6d, 0x79, 0x6d, 0x79, 
	0x6d, 0x79, 0x6d, 0x79, 0x6d, 0x79, 0x6d, 0x79, 
	0x6d, 0x79, 0x6d, 0x79, 0x6d, 0x79, 0x6d, 0x79, 
	0x6d, 0x79, 0x6d, 0x79, 0x6d, 0x79, 0x6d, 0x79, 
	0x6d, 0x79, 0x6d, 0x79, 0x6d, 0x79, 0x6d, 0x79, 
	0x6d, 0x79, 0x6d, 0x79, 0x6d, 0x79, 0x6d, 0x79, 
	0x6d, 0x79, 0x6d, 0x79, 0x6d, 0x79, 0x6d, 0x79, 
	0x6d, 0x79, 0x6d, 0x79, 0x6d, 0x79, 0x6d, 0x79, 
	0x6d, 0x79, 0x6d, 0x79, 0x6d, 0x79, 0x6d, 0x79, 
	0x6d, 0x79, 0x6d, 0x79, 0x6d, 0x79, 0x6d, 0x79, 
	0x6d, 0x79, 0x6d, 0x79, 0x6d, 0x79, 0x6d, 0x79, 
	0x6d, 0x79, 0x6d, 0x79, 0x6d, 0x79, 0x6d, 0x79, 
	0x6d, 0x79, 0x6d, 0x79, 0x6d, 0x79, 0x6d, 0x79, 
	0x6d, 0x79, 0x6d, 0x79, 0x6d, 0x79, 0x6d, 0x79, 
	0x6d, 0x79, 0x6d, 0x79, 0x6d, 0x79, 0x6d, 0x79, 
	0x6d, 0x79, 0x6d, 0x79, 0x6d, 0x79, 0x6d, 0x79, 
	0x6d, 0x79, 0x6d, 0x79, 0x6d, 0x79, 0x75, 0xfb, 
	0x75, 0xfb, 0x75, 0xfb, 0x75, 0xfb, 0x75, 0xfb, 
	0x75, 0xfb, 0x75, 0xfb, 0x75, 0xfb, 0x75, 0xfb, 
	0x75, 0xfb, 0x75, 0xfb, 0x75, 0xfb, 0x75, 0xfb, 
	0x75, 0xfb, 0x75, 0xfb, 0x75, 0xfb, 0x75, 0xfb, 
	0x75, 0xfb, 0x75, 0xfb, 0x75, 0xfb, 0x75, 0xfb, 
	0x75, 0xfb, 0x75, 0xfb, 0x75, 0xfb, 0x75, 0xfb, 
	0x75, 0xfb, 0x75, 0xfb, 0x75, 0xfb, 0x75, 0xfb, 
	0x75, 0xfb, 0x75, 0xfb, 0x75, 0xfb, 0x75, 0xfb, 
	0x75, 0xfb, 0x75, 0xfb, 0x75, 0xfb, 0x75, 0xfb, 
	0x75, 0xfb, 0x75, 0xfb, 0x75, 0xfb, 0x75, 0xfb, 
	0x75, 0xfb, 0x75, 0xfb, 0x75, 0xfb, 0x75, 0xfb, 
	0x75, 0xfb, 0x75, 0xfb, 0x75, 0xfb, 0x75, 0xfb, 
	0x75, 0xfb, 0x75, 0xfb, 0x75, 0xfb, 0x75, 0xfb, 
	0x75, 0xfb, 0x75, 0xfb, 0x75, 0xfb, 0x75, 0xfb, 
	0x75, 0xfb, 0x75, 0xfb, 0x75, 0xfb, 0x75, 0xfb, 
	0x75, 0xfb, 0x75, 0xfb, 0x75, 0xfb, 0x75, 0xfb, 
	0x75, 0xfb, 0x75, 0xfb, 0x75, 0xfb, 0x75, 0xfb, 
	0x75, 0xfb, 0x75, 0xfb, 0x75, 0xfb, 0x75, 0xfb, 
	0x75, 0xfb, 0x75, 0xfb, 0x75, 0xfb, 0x75, 0xfb, 
	0x75, 0xfb, 0x75, 0xfb, 0x75, 0xfb, 0x75, 0xfb, 
	0x75, 0xfb, 0x75, 0xfb, 0x75, 0xfb, 0x75, 0xfb, 
	0x75, 0xfb, 0x75, 0xfb, 0x75, 0xfb, 0x75, 0xfb, 
	0x75, 0xfb, 0x75, 0xfb, 0x75, 0xfb, 0x75, 0xfb, 
	0x75, 0xfb, 0x75, 0xfb, 0x75, 0xfb, 0x75, 0xfb, 
	0x75, 0xfb, 0x75, 0xfb, 0x75, 0xfb, 0x75, 0xfb, 
	0x75, 0xfb, 0x75, 0xfb, 0x75, 0xfb, 0x75, 0xfb, 
	0x75, 0xfb, 0x75, 0xfb, 0x75, 0xfb, 0x75, 0xfb, 
	0x75, 0xfb, 0x75, 0xfb, 0x75, 0xfb, 0x75, 0xfb, 
	0x75, 0xfb, 0x75, 0xfb, 0x75, 0xfb, 0x75, 0xfb, 
	0x75, 0xfb, 0x75, 0xfb, 0x75, 0xfb, 0x75, 0xfb, 
	0x75, 0xfb, 0x75, 0xfb, 0x75, 0xfb, 0x75, 0xfb, 
	0x75, 0xfb, 0x75, 0xfb, 0x75, 0xfb, 0x75, 0xfb, 
	0x75, 0xfb, 0x75, 0xfb, 0x75, 0xfb, 0x75, 0xfb, 
	0x75, 0xfb, 0x75, 0xfb, 0x75, 0xfb, 0x75, 0xfb, 
	0x75, 0xfb, 0x75, 0xfb, 0x75, 0xfb, 0x75, 0xfb, 
	0x75, 0xfb, 0x75, 0xfb, 0x75, 0xfb, 0x75, 0xfb, 
	0x75, 0xfb, 0x75, 0xfb, 0x75, 0xfb, 0x75, 0xfb, 
	0x75, 0xfb, 0x75, 0xfb, 0x75, 0xfb, 0x75, 0xfb, 
	0x75, 0xfb, 0x75, 0xfb, 0x75, 0xfb, 0x75, 0xfb, 
	0x75, 0xfb, 0x75, 0xfb, 0x75, 0xfb, 0x75, 0xfb, 
	0x75, 0xfb, 0x75, 0xfb, 0x75, 0xfb, 0x75, 0xfb, 
	0x75, 0xfb, 0x75, 0xfb, 0x75, 0xfb, 0x75, 0xfb, 
	0x75, 0xfb, 0x75, 0xfb, 0x75, 0xfb, 0x75, 0xfb, 
	0x75, 0xfb, 0x75, 0xfb, 0x75, 0xfb, 0x75, 0xfb, 
	0x75, 0xfb, 0x75, 0xfb, 0x75, 0xfb, 0x75, 0xfb, 
	0x75, 0xfb, 0x75, 0xfb, 0x75, 0xfb, 0x75, 0xfb, 
	0x75, 0xfb, 0x75, 0xfb, 0x75, 0xfb, 0x75, 0xfb, 
	0x75, 0xfb, 0x75, 0xfb, 0x75, 0xfb, 0x75, 0xfb, 
	0x75, 0xfb, 0x75, 0xfb, 0x75, 0xfb, 0x75, 0xfb, 
	0x75, 0xfb, 0x75, 0xfb, 0x75, 0xfb, 0x75, 0xfb, 
	0x75, 0xfb, 0x75, 0xfb, 0x75, 0xfb, 0x75, 0xfb, 
	0x75, 0xfb, 0x75, 0xfb, 0x75, 0xfb, 0x75, 0xfb, 
	0x75, 0xfb, 0x75, 0xfb, 0x75, 0xfb, 0x75, 0xfb, 
	0x75, 0xfb, 0x75, 0xfb, 0x75, 0xfb, 0x75, 0xfb, 
	0x75, 0xfb, 0x75, 0xfb, 0x75, 0xfb, 0x75, 0xfb, 
	0x75, 0xfb, 0x75, 0xfb, 0x75, 0xfb, 0x75, 0xfb, 
	0x75, 0xfb, 0x75, 0xfb, 0x75, 0xfb, 0x75, 0xfb, 
	0x75, 0xfb, 0x75, 0xfb, 0x75, 0xfb, 0x75, 0xfb, 
	0x75, 0xfb, 0x75, 0xfb, 0x75, 0xfb, 0x75, 0xfb, 
	0x75, 0xfb, 0x75, 0xfb, 0x75, 0xfb, 0x75, 0xfb, 
	0x75, 0xfb, 0x75, 0xfb, 0x75, 0xfb, 0x75, 0xfb, 
	0x75, 0xfb, 0x75, 0xfb, 0x75, 0xfb, 0x75, 0xfb, 
	0x75, 0xfb, 0x75, 0xfb, 0x75, 0xfb, 0x75, 0xfb, 
	0x75, 0xfb, 0x75, 0xfb, 0x75, 0xfb, 0x75, 0xfb, 
	0x75, 0xfb, 0x75, 0xfb, 0x75, 0xfb, 0x75, 0xfb, 
	0x75, 0xfb, 0x75, 0xfb, 0x75, 0xfb, 0x75, 0xfb, 
	0x75, 0xfb, 0x75, 0xfb, 0x75, 0xfb, 0x75, 0xfb, 
	0x75, 0xfb, 0x75, 0xfb, 0x75, 0xfb, 0x75, 0xfb, 
	0x75, 0xfb, 0x75, 0xfb, 0x75, 0xfb, 0x75, 0xfb, 
	0x75, 0xfb, 0x75, 0xfb, 0x75, 0xfb, 0x75, 0xfb, 
	0x75, 0xfb, 0x75, 0xfb, 0x75, 0xfb, 0x75, 0xfb, 
	0x75, 0xfb, 0x75, 0xfb, 0x75, 0xfb, 0x75, 0xfb, 
	0x75, 0xfb, 0x75, 0xfb, 0x75, 0xfb, 0x75, 0xfb, 
	0x75, 0xfb, 0x75, 0xfb, 0x75, 0xfb, 0x75, 0xfb, 
	0x75, 0xfb, 0x75, 0xfb, 0x75, 0xfb, 0x75, 0xfb, 
	0x75, 0xfb, 0x75, 0xfb, 0x75, 0xfb, 0x75, 0xfb, 
	0x75, 0xfb, 0x75, 0xfb, 0x75, 0xfb, 0x75, 0xfb, 
	0x75, 0xfb, 0x75, 0xfb, 0x75, 0xfb, 0x75, 0xfb, 
	0x75, 0xfb, 0x75, 0xfb, 0x75, 0xfb, 0x75, 0xfb, 
	0x75, 0xfb, 0x75, 0xfb, 0x75, 0xfb, 0x75, 0xfb, 
	0x75, 0xfb, 0x75, 0xfb, 0x75, 0xfb, 0x75, 0xfb, 
	0x75, 0xfb, 0x75, 0xfb, 0x75, 0xfb, 0x75, 0xfb, 
	0x75, 0xfb, 0x75, 0xfb, 0x75, 0xfb, 0x75, 0xfb, 
	0x75, 0xfb, 0x75, 0xfb, 0x75, 0xfb, 0x75, 0xfb, 
	0x75, 0xfb, 0x75, 0xfb, 0x75, 0xfb, 0x75, 0xfb, 
	0x75, 0xfb, 0x75, 0xfb, 0x75, 0xfb, 0x75, 0xfb, 
	0x75, 0xfb, 0x75, 0xfb, 0x75, 0xfb, 0x75, 0xfb, 
	0x75, 0xfb, 0x75, 0xfb, 0x75, 0xfb, 0x75, 0xfb, 
	0x75, 0xfb, 0x75, 0xfb, 0x75, 0xfb, 0x75, 0xfb, 
	0x75, 0xfb, 0x75, 0xfb, 0x75, 0xfb, 0x75, 0xfb, 
	0x75, 0xfb, 0x75, 0xfb, 0x75, 0xfb, 0x75, 0xfb, 
	0x75, 0xfb, 0x75, 0xfb, 0x75, 0xfb, 0x75, 0xfb, 
	0x75, 0xfb, 0x75, 0xfb, 0x75, 0xfb, 0x75, 0xfb, 
	0x75, 0xfb, 0x75, 0xfb, 0x75, 0xfb, 0x75, 0xfb, 
	0x75, 0xfb, 0x75, 0xfb, 0x75, 0xfb, 0x75, 0xfb, 
	0x75, 0xfb, 0x75, 0xfb, 0x75, 0xfb, 0x75, 0xfb, 
	0x75, 0xfb, 0x75, 0xfb, 0x75, 0xfb, 0x75, 0xfb, 
	0x75, 0xfb, 0x75, 0xfb, 0x75, 0xfb, 0x75, 0xfb, 
	0x75, 0xfb, 0x75, 0xfb, 0x75, 0xfb, 0x75, 0xfb, 
	0x75, 0xfb, 0x75, 0xfb, 0x75, 0xfb, 0x75, 0xfb, 
	0x75, 0xfb, 0x75, 0xfb, 0x75, 0xfb, 0x75, 0xfb, 
	0x75, 0xfb, 0x75, 0xfb, 0x75, 0xfb, 0x75, 0xfb, 
	0x75, 0xfb, 0x75, 0xfb, 0x75, 0xfb, 0x75, 0xfb, 
	0x75, 0xfb, 0x75, 0xfb, 0x75, 0xfb, 0x75, 0xfb, 
	0x75, 0xfb, 0x75, 0xfb, 0x75, 0xfb, 0x75, 0xfb, 
	0x75, 0xfb, 0x75, 0xfb, 0x75, 0xfb, 0x75, 0xfb, 
	0x75, 0xfb, 0x75, 0xfb, 0x75, 0xfb, 0x75, 0xfb, 
	0x75, 0xfb, 0x75, 0xfb, 0x75, 0xfb, 0x75, 0xfb, 
	0x75, 0xfb, 0x75, 0xfb, 0x75, 0xfb, 0x75, 0xfb, 
	0x75, 0xfb, 0x75, 0xfb, 0x75, 0xfb, 0x75, 0xfb, 
	0x75, 0xfb, 0x75, 0xfb, 0x75, 0xfb, 0x75, 0xfb, 
	0x75, 0xfb, 0x75, 0xfb, 0x75, 0xfb, 0x75, 0xfb, 
	0x75, 0xfb, 0x75, 0xfb, 0x75, 0xfb, 0x75, 0xfb, 
	0x75, 0xfb, 0x75, 0xfb, 0x75, 0xfb, 0x75, 0xfb, 
	0x75, 0xfb, 0x75, 0xfb, 0x75, 0xfb, 0x75, 0xfb, 
	0x75, 0xfb, 0x75, 0xfb, 0x75, 0xfb, 0x75, 0xfb, 
	0x75, 0xfb, 0x75, 0xfb, 0x75, 0xfb, 0x75, 0xfb, 
	0x75, 0xfb, 0x75, 0xfb, 0x75, 0xfb, 0x75, 0xfb, 
	0x75, 0xfb, 0x75, 0xfb, 0x75, 0xfb, 0x75, 0xfb, 
	0x75, 0xfb, 0x75, 0xfb, 0x75, 0xfb, 0x75, 0xfb, 
	0x75, 0xfb, 0x75, 0xfb, 0x75, 0xfb, 0x75, 0xfb, 
	0x75, 0xfb, 0x75, 0xfb, 0x75, 0xfb, 0x75, 0xfb, 
	0x75, 0xfb, 0x75, 0xfb, 0x75, 0xfb, 0x75, 0xfb, 
	0x75, 0xfb, 0x75, 0xfb, 0x75, 0xfb, 0x75, 0xfb, 
	0x75, 0xfb, 0x75, 0xfb, 0x75, 0xfb, 0x75, 0xfb, 
	0x75, 0xfb, 0x75, 0xfb, 0x75, 0xfb, 0x75, 0xfb, 
	0x75, 0xfb, 0x75, 0xfb, 0x75, 0xfb, 0x75, 0xfb, 
	0x75, 0xfb, 0x75, 0xfb, 0x75, 0xfb, 0x7d, 0xfb, 
	0x7d, 0xfb, 0x7d, 0xfb, 0x7d, 0xfb, 0x7d, 0xfb, 
	0x7d, 0xfb, 0x7d, 0xfb, 0x7d, 0xfb, 0x7d, 0xfb, 
	0x7d, 0xfb, 0x7d, 0xfb, 0x7d, 0xfb, 0x7d, 0xfb, 
	0x7d, 0xfb, 0x7d, 0xfb, 0x7d, 0xfb, 0x7d, 0xfb, 
	0x7d, 0xfb, 0x7d, 0xfb, 0x7d, 0xfb, 0x7d, 0xfb, 
	0x7d, 0xfb, 0x7d, 0xfb, 0x7d, 0xfb, 0x7d, 0xfb, 
	0x7d, 0xfb, 0x7d, 0xfb, 0x7d, 0xfb, 0x7d, 0xfb, 
	0x7d, 0xfb, 0x7d, 0xfb, 0x7d, 0xfb, 0x7d, 0xfb, 
	0x7d, 0xfb, 0x7d, 0xfb, 0x7d, 0xfb, 0x7d, 0xfb, 
	0x7d, 0xfb, 0x7d, 0xfb, 0x7d, 0xfb, 0x7d, 0xfb, 
	0x7d, 0xfb, 0x7d, 0xfb, 0x7d, 0xfb, 0x7d, 0xfb, 
	0x7d, 0xfb, 0x7d, 0xfb, 0x7d, 0xfb, 0x7d, 0xfb, 
	0x7d, 0xfb, 0x7d, 0xfb, 0x7d, 0xfb, 0x7d, 0xfb, 
	0x7d, 0xfb, 0x7d, 0xfb, 0x7d, 0xfb, 0x7d, 0xfb, 
	0x7d, 0xfb, 0x7d, 0xfb, 0x7d, 0xfb, 0x7d, 0xfb, 
	0x7d, 0xfb, 0x7d, 0xfb, 0x7d, 0xfb, 0x7d, 0xfb, 
	0x7d, 0xfb, 0x7d, 0xfb, 0x7d, 0xfb, 0x7d, 0xfb, 
	0x7d, 0xfb, 0x7d, 0xfb, 0x7d, 0xfb, 0x7d, 0xfb, 
	0x7d, 0xfb, 0x7d, 0xfb, 0x7d, 0xfb, 0x7d, 0xfb, 
	0x7d, 0xfb, 0x7d, 0xfb, 0x7d, 0xfb, 0x7d, 0xfb, 
	0x7d, 0xfb, 0x7d, 0xfb, 0x7d, 0xfb, 0x7d, 0xfb, 
	0x7d, 0xfb, 0x7d, 0xfb, 0x7d, 0xfb, 0x7d, 0xfb, 
	0x7d, 0xfb, 0x7d, 0xfb, 0x7d, 0xfb, 0x7d, 0xfb, 
	0x7d, 0xfb, 0x7d, 0xfb, 0x7d, 0xfb, 0x7d, 0xfb, 
	0x7d, 0xfb, 0x7d, 0xfb, 0x7d, 0xfb, 0x7d, 0xfb, 
	0x7d, 0xfb, 0x7d, 0xfb, 0x7d, 0xfb, 0x7d, 0xfb, 
	0x7d, 0xfb, 0x7d, 0xfb, 0x7d, 0xfb, 0x7d, 0xfb, 
	0x7d, 0xfb, 0x7d, 0xfb, 0x7d, 0xfb, 0x7d, 0xfb, 
	0x7d, 0xfb, 0x7d, 0xfb, 0x7d, 0xfb, 0x7d, 0xfb, 
	0x7d, 0xfb, 0x7d, 0xfb, 0x7d, 0xfb, 0x7d, 0xfb, 
	0x7d, 0xfb, 0x7d, 0xfb, 0x7d, 0xfb, 0x7d, 0xfb, 
	0x7d, 0xfb, 0x7d, 0xfb, 0x7d, 0xfb, 0x7d, 0xfb, 
	0x7d, 0xfb, 0x7d, 0xfb, 0x7d, 0xfb, 0x7d, 0xfb, 
	0x7d, 0xfb, 0x7d, 0xfb, 0x7d, 0xfb, 0x7d, 0xfb, 
	0x7d, 0xfb, 0x7d, 0xfb, 0x7d, 0xfb, 0x7d, 0xfb, 
	0x7d, 0xfb, 0x7d, 0xfb, 0x7d, 0xfb, 0x7d, 0xfb, 
	0x7d, 0xfb, 0x7d, 0xfb, 0x7d, 0xfb, 0x7d, 0xfb, 
	0x7d, 0xfb, 0x7d, 0xfb, 0x7d, 0xfb, 0x7d, 0xfb, 
	0x7d, 0xfb, 0x7d, 0xfb, 0x7d, 0xfb, 0x7d, 0xfb, 
	0x7d, 0xfb, 0x7d, 0xfb, 0x7d, 0xfb, 0x7d, 0xfb, 
	0x7d, 0xfb, 0x7d, 0xfb, 0x7d, 0xfb, 0x7d, 0xfb, 
	0x7d, 0xfb, 0x7d, 0xfb, 0x7d, 0xfb, 0x7d, 0xfb, 
	0x7d, 0xfb, 0x7d, 0xfb, 0x7d, 0xfb, 0x7d, 0xfb, 
	0x7d, 0xfb, 0x7d, 0xfb, 0x7d, 0xfb, 0x7d, 0xfb, 
	0x7d, 0xfb, 0x7d, 0xfb, 0x7d, 0xfb, 0x7d, 0xfb, 
	0x7d, 0xfb, 0x7d, 0xfb, 0x7d, 0xfb, 0x7d, 0xfb, 
	0x7d, 0xfb, 0x7d, 0xfb, 0x7d, 0xfb, 0x7d, 0xfb, 
	0x7d, 0xfb, 0x7d, 0xfb, 0x7d, 0xfb, 0x7d, 0xfb, 
	0x7d, 0xfb, 0x7d, 0xfb, 0x7d, 0xfb, 0x7d, 0xfb, 
	0x7d, 0xfb, 0x7d, 0xfb, 0x7d, 0xfb, 0x7d, 0xfb, 
	0x7d, 0xfb, 0x7d, 0xfb, 0x7d, 0xfb, 0x7d, 0xfb, 
	0x7d, 0xfb, 0x7d, 0xfb, 0x7d, 0xfb, 0x7d, 0xfb, 
	0x7d, 0xfb, 0x7d, 0xfb, 0x7d, 0xfb, 0x7d, 0xfb, 
	0x7d, 0xfb, 0x7d, 0xfb, 0x7d, 0xfb, 0x7d, 0xfb, 
	0x7d, 0xfb, 0x7d, 0xfb, 0x7d, 0xfb, 0x7d, 0xfb, 
	0x7d, 0xfb, 0x7d, 0xfb, 0x7d, 0xfb, 0x7d, 0xfb, 
	0x7d, 0xfb, 0x7d, 0xfb, 0x7d, 0xfb, 0x7d, 0xfb, 
	0x7d, 0xfb, 0x7d, 0xfb, 0x7d, 0xfb, 0x7d, 0xfb, 
	0x7d, 0xfb, 0x7d, 0xfb, 0x7d, 0xfb, 0x7d, 0xfb, 
	0x7d, 0xfb, 0x7d, 0xfb, 0x7d, 0xfb, 0x7d, 0xfb, 
	0x7d, 0xfb, 0x7d, 0xfb, 0x7d, 0xfb, 0x7d, 0xfb, 
	0x7d, 0xfb, 0x7d, 0xfb, 0x7d, 0xfb, 0x7d, 0xfb, 
	0x7d, 0xfb, 0x7d, 0xfb, 0x7d, 0xfb, 0x7d, 0xfb, 
	0x7d, 0xfb, 0x7d, 0xfb, 0x7d, 0xfb, 0x7d, 0xfb, 
	0x7d, 0xfb, 0x7d, 0xfb, 0x7d, 0xfb, 0x7d, 0xfb, 
	0x7d, 0xfb, 0x7d, 0xfb, 0x7d, 0xfb, 0x7d, 0xfb, 
	0x7d, 0xfb, 0x7d, 0xfb, 0x7d, 0xfb, 0x7d, 0xfb, 
	0x7d, 0xfb, 0x7d, 0xfb, 0x7d, 0xfb, 0x7d, 0xfb, 
	0x7d, 0xfb, 0x7d, 0xfb, 0x7d, 0xfb, 0x7d, 0xfb, 
	0x7d, 0xfb, 0x7d, 0xfb, 0x7d, 0xfb, 0x7d, 0xfb, 
	0x7d, 0xfb, 0x7d, 0xfb, 0x7d, 0xfb, 0x7d, 0xfb, 
	0x7d, 0xfb, 0x7d, 0xfb, 0x7d, 0xfb, 0x7d, 0xfb, 
	0x7d, 0xfb, 0x7d, 0xfb, 0x7d, 0xfb, 0x7d, 0xfb, 
	0x7d, 0xfb, 0x7d, 0xfb, 0x7d, 0xfb, 0x7d, 0xfb, 
	0x7d, 0xfb, 0x7d, 0xfb, 0x7d, 0xfb, 0x7d, 0xfb, 
	0x7d, 0xfb, 0x7d, 0xfb, 0x7d, 0xfb, 0x7d, 0xfb, 
	0x7d, 0xfb, 0x7d, 0xfb, 0x7d, 0xfb, 0x7d, 0xfb, 
	0x7d, 0xfb, 0x7d, 0xfb, 0x7d, 0xfb, 0x7d, 0xfb, 
	0x7d, 0xfb, 0x7d, 0xfb, 0x7d, 0xfb, 0x7d, 0xfb, 
	0x7d, 0xfb, 0x7d, 0xfb, 0x7d, 0xfb, 0x7d, 0xfb, 
	0x7d, 0xfb, 0x7d, 0xfb, 0x7d, 0xfb, 0x7d, 0xfb, 
	0x7d, 0xfb, 0x7d, 0xfb, 0x7d, 0xfb, 0x7d, 0xfb, 
	0x7d, 0xfb, 0x7d, 0xfb, 0x7d, 0xfb, 0x7d, 0xfb, 
	0x7d, 0xfb, 0x7d, 0xfb, 0x7d, 0xfb, 0x7d, 0xfb, 
	0x7d, 0xfb, 0x7d, 0xfb, 0x7d, 0xfb, 0x7d, 0xfb, 
	0x7d, 0xfb, 0x7d, 0xfb, 0x7d, 0xfb, 0x7d, 0xfb, 
	0x7d, 0xfb, 0x7d, 0xfb, 0x7d, 0xfb, 0x7d, 0xfb, 
	0x7d, 0xfb, 0x7d, 0xfb, 0x7d, 0xfb, 0x7d, 0xfb, 
	0x7d, 0xfb, 0x7d, 0xfb, 0x7d, 0xfb, 0x7d, 0xfb, 
	0x7d, 0xfb, 0x7d, 0xfb, 0x7d, 0xfb, 0x7d, 0xfb, 
	0x7d, 0xfb, 0x7d, 0xfb, 0x7d, 0xfb, 0x7d, 0xfb, 
	0x7d, 0xfb, 0x7d, 0xfb, 0x7d, 0xfb, 0x7d, 0xfb, 
	0x7d, 0xfb, 0x7d, 0xfb, 0x7d, 0xfb, 0x7d, 0xfb, 
	0x7d, 0xfb, 0x7d, 0xfb, 0x7d, 0xfb, 0x7d, 0xfb, 
	0x7d, 0xfb, 0x7d, 0xfb, 0x7d, 0xfb, 0x7d, 0xfb, 
	0x7d, 0xfb, 0x7d, 0xfb, 0x7d, 0xfb, 0x86, 0x3b, 
	0x86, 0x3b, 0x86, 0x3b, 0x86, 0x3b, 0x86, 0x3b, 
	0x86, 0x3b, 0x86, 0x3b, 0x86, 0x3b, 0x86, 0x3b, 
	0x86, 0x3b, 0x86, 0x3b, 0x86, 0x3b, 0x86, 0x3b, 
	0x86, 0x3b, 0x86, 0x3b, 0x86, 0x3b, 0x86, 0x3b, 
	0x86, 0x3b, 0x86, 0x3b, 0x86, 0x3b, 0x86, 0x3b, 
	0x86, 0x3b, 0x86, 0x3b, 0x86, 0x3b, 0x86, 0x3b, 
	0x86, 0x3b, 0x86, 0x3b, 0x86, 0x3b, 0x86, 0x3b, 
	0x86, 0x3b, 0x86, 0x3b, 0x86, 0x3b, 0x86, 0x3b, 
	0x86, 0x3b, 0x86, 0x3b, 0x86, 0x3b, 0x86, 0x3b, 
	0x86, 0x3b, 0x86, 0x3b, 0x86, 0x3b, 0x86, 0x3b, 
	0x86, 0x3b, 0x86, 0x3b, 0x86, 0x3b, 0x86, 0x3b, 
	0x86, 0x3b, 0x86, 0x3b, 0x86, 0x3b, 0x86, 0x3b, 
	0x86, 0x3b, 0x86, 0x3b, 0x86, 0x3b, 0x86, 0x3b, 
	0x86, 0x3b, 0x86, 0x3b, 0x86, 0x3b, 0x86, 0x3b, 
	0x86, 0x3b, 0x86, 0x3b, 0x86, 0x3b, 0x86, 0x3b, 
	0x86, 0x3b, 0x86, 0x3b, 0x86, 0x3b, 0x86, 0x3b, 
	0x86, 0x3b, 0x86, 0x3b, 0x86, 0x3b, 0x86, 0x3b, 
	0x86, 0x3b, 0x86, 0x3b, 0x86, 0x3b, 0x86, 0x3b, 
	0x86, 0x3b, 0x86, 0x3b, 0x86, 0x3b, 0x86, 0x3b, 
	0x86, 0x3b, 0x86, 0x3b, 0x86, 0x3b, 0x86, 0x3b, 
	0x86, 0x3b, 0x86, 0x3b, 0x86, 0x3b, 0x86, 0x3b, 
	0x86, 0x3b, 0x86, 0x3b, 0x86, 0x3b, 0x86, 0x3b, 
	0x86, 0x3b, 0x86, 0x3b, 0x86, 0x3b, 0x86, 0x3b, 
	0x86, 0x3b, 0x86, 0x3b, 0x86, 0x3b, 0x86, 0x3b, 
	0x86, 0x3b, 0x86, 0x3b, 0x86, 0x3b, 0x86, 0x3b, 
	0x86, 0x3b, 0x86, 0x3b, 0x86, 0x3b, 0x86, 0x3b, 
	0x86, 0x3b, 0x86, 0x3b, 0x86, 0x3b, 0x86, 0x3b, 
	0x86, 0x3b, 0x86, 0x3b, 0x86, 0x3b, 0x86, 0x3b, 
	0x86, 0x3b, 0x86, 0x3b, 0x86, 0x3b, 0x86, 0x3b, 
	0x86, 0x3b, 0x86, 0x3b, 0x86, 0x3b, 0x86, 0x3b, 
	0x86, 0x3b, 0x86, 0x3b, 0x86, 0x3b, 0x86, 0x3b, 
	0x86, 0x3b, 0x86, 0x3b, 0x86, 0x3b, 0x86, 0x3b, 
	
};

Vtx chao_skybox_skybox_mesh_vtx_0[621] = {
	{{ {-21013, 4557, 10506}, 0, {16, 24}, {255, 255, 255, 255} }},
	{{ {-10506, 4557, 21013}, 0, {1036, 32}, {255, 255, 255, 255} }},
	{{ {-21013, 4557, 21013}, 0, {16, 32}, {255, 255, 255, 255} }},
	{{ {-10506, 4557, 10506}, 0, {1036, 24}, {255, 255, 255, 255} }},
	{{ {-21013, 4557, 0}, 0, {16, 16}, {255, 255, 255, 255} }},
	{{ {-10506, 4557, 0}, 0, {1036, 16}, {255, 255, 255, 255} }},
	{{ {-21013, 4557, -10506}, 0, {16, 8}, {255, 255, 255, 255} }},
	{{ {-10506, 4557, -10506}, 0, {1036, 8}, {255, 255, 255, 255} }},
	{{ {-21013, 4557, -21013}, 0, {16, 0}, {255, 255, 255, 255} }},
	{{ {-10506, 4557, -21013}, 0, {1036, 0}, {255, 255, 255, 255} }},
	{{ {17612, 3000, -5361}, 0, {1028, 1024}, {255, 255, 255, 255} }},
	{{ {17612, 4557, -5361}, 0, {1028, 0}, {255, 255, 255, 255} }},
	{{ {17256, 4557, -7148}, 0, {0, 0}, {255, 255, 255, 255} }},
	{{ {17256, 3000, -7148}, 0, {0, 1024}, {255, 255, 255, 255} }},
	{{ {5361, 3000, 17612}, 0, {1028, 1024}, {255, 255, 255, 255} }},
	{{ {5361, 4557, 17612}, 0, {1028, 0}, {255, 255, 255, 255} }},
	{{ {7148, 4557, 17256}, 0, {0, 0}, {255, 255, 255, 255} }},
	{{ {7148, 3000, 17256}, 0, {0, 1024}, {255, 255, 255, 255} }},
	{{ {8663, 3000, -16244}, 0, {1028, 1024}, {255, 255, 255, 255} }},
	{{ {8663, 4557, -16244}, 0, {1028, 0}, {255, 255, 255, 255} }},
	{{ {7148, 4557, -17256}, 0, {0, 0}, {255, 255, 255, 255} }},
	{{ {7148, 3000, -17256}, 0, {0, 1024}, {255, 255, 255, 255} }},
	{{ {-8663, 3000, 16244}, 0, {1028, 1024}, {255, 255, 255, 255} }},
	{{ {-8663, 4557, 16244}, 0, {1028, 0}, {255, 255, 255, 255} }},
	{{ {-7148, 4557, 17256}, 0, {0, 0}, {255, 255, 255, 255} }},
	{{ {-7148, 3000, 17256}, 0, {0, 1024}, {255, 255, 255, 255} }},
	{{ {-5361, 3000, -17612}, 0, {1028, 1024}, {255, 255, 255, 255} }},
	{{ {-5361, 4557, -17612}, 0, {1028, 0}, {255, 255, 255, 255} }},
	{{ {-7148, 4557, -17256}, 0, {0, 0}, {255, 255, 255, 255} }},
	{{ {-7148, 3000, -17256}, 0, {0, 1024}, {255, 255, 255, 255} }},
	{{ {-17612, 3000, 5361}, 0, {1028, 1024}, {255, 255, 255, 255} }},
	{{ {-17612, 4557, 5361}, 0, {1028, 0}, {255, 255, 255, 255} }},
	{{ {-17256, 4557, 7148}, 0, {0, 0}, {255, 255, 255, 255} }},
	{{ {-17256, 3000, 7148}, 0, {0, 1024}, {255, 255, 255, 255} }},
	{{ {-16244, 3000, -8663}, 0, {1028, 1024}, {255, 255, 255, 255} }},
	{{ {-16244, 4557, -8663}, 0, {1028, 0}, {255, 255, 255, 255} }},
	{{ {-17256, 4557, -7148}, 0, {0, 0}, {255, 255, 255, 255} }},
	{{ {-17256, 3000, -7148}, 0, {0, 1024}, {255, 255, 255, 255} }},
	{{ {16244, 3000, 8663}, 0, {1028, 1024}, {255, 255, 255, 255} }},
	{{ {16244, 4557, 8663}, 0, {1028, 0}, {255, 255, 255, 255} }},
	{{ {17256, 4557, 7148}, 0, {0, 0}, {255, 255, 255, 255} }},
	{{ {17256, 3000, 7148}, 0, {0, 1024}, {255, 255, 255, 255} }},
	{{ {-10506, 4557, 10506}, 0, {1036, 24}, {255, 255, 255, 255} }},
	{{ {0, 4557, 21013}, 0, {2056, 32}, {255, 255, 255, 255} }},
	{{ {-10506, 4557, 21013}, 0, {1036, 32}, {255, 255, 255, 255} }},
	{{ {0, 4557, 10506}, 0, {2056, 24}, {255, 255, 255, 255} }},
	{{ {-10506, 4557, 0}, 0, {1036, 16}, {255, 255, 255, 255} }},
	{{ {0, 4557, 0}, 0, {2056, 16}, {255, 255, 255, 255} }},
	{{ {-10506, 4557, -10506}, 0, {1036, 8}, {255, 255, 255, 255} }},
	{{ {0, 4557, -10506}, 0, {2056, 8}, {255, 255, 255, 255} }},
	{{ {-10506, 4557, -21013}, 0, {1036, 0}, {255, 255, 255, 255} }},
	{{ {0, 4557, -21013}, 0, {2056, 0}, {255, 255, 255, 255} }},
	{{ {10506, 4557, -10506}, 0, {3076, 8}, {255, 255, 255, 255} }},
	{{ {10506, 4557, -21013}, 0, {3076, 0}, {255, 255, 255, 255} }},
	{{ {21013, 4557, -10506}, 0, {4096, 8}, {255, 255, 255, 255} }},
	{{ {21013, 4557, -21013}, 0, {4096, 0}, {255, 255, 255, 255} }},
	{{ {21013, 4557, 0}, 0, {4096, 16}, {255, 255, 255, 255} }},
	{{ {10506, 4557, 0}, 0, {3076, 16}, {255, 255, 255, 255} }},
	{{ {21013, 4557, 10506}, 0, {4096, 24}, {255, 255, 255, 255} }},
	{{ {10506, 4557, 10506}, 0, {3076, 24}, {255, 255, 255, 255} }},
	{{ {21013, 4557, 21013}, 0, {4096, 32}, {255, 255, 255, 255} }},
	{{ {10506, 4557, 21013}, 0, {3076, 32}, {255, 255, 255, 255} }},
	{{ {16244, -115, 8663}, 0, {1028, 3072}, {255, 255, 255, 255} }},
	{{ {17256, 1443, 7148}, 0, {0, 2048}, {255, 255, 255, 255} }},
	{{ {17256, -115, 7148}, 0, {0, 3072}, {255, 255, 255, 255} }},
	{{ {16244, 1443, 8663}, 0, {1028, 2048}, {255, 255, 255, 255} }},
	{{ {-16244, -115, -8663}, 0, {1028, 3072}, {255, 255, 255, 255} }},
	{{ {-17256, 1443, -7148}, 0, {0, 2048}, {255, 255, 255, 255} }},
	{{ {-17256, -115, -7148}, 0, {0, 3072}, {255, 255, 255, 255} }},
	{{ {-16244, 1443, -8663}, 0, {1028, 2048}, {255, 255, 255, 255} }},
	{{ {-17612, -115, 5361}, 0, {1028, 3072}, {255, 255, 255, 255} }},
	{{ {-17256, 1443, 7148}, 0, {0, 2048}, {255, 255, 255, 255} }},
	{{ {-17256, -115, 7148}, 0, {0, 3072}, {255, 255, 255, 255} }},
	{{ {-17612, 1443, 5361}, 0, {1028, 2048}, {255, 255, 255, 255} }},
	{{ {-5361, -115, -17612}, 0, {1028, 3072}, {255, 255, 255, 255} }},
	{{ {-7148, 1443, -17256}, 0, {0, 2048}, {255, 255, 255, 255} }},
	{{ {-7148, -115, -17256}, 0, {0, 3072}, {255, 255, 255, 255} }},
	{{ {-5361, 1443, -17612}, 0, {1028, 2048}, {255, 255, 255, 255} }},
	{{ {-8663, -115, 16244}, 0, {1028, 3072}, {255, 255, 255, 255} }},
	{{ {-7148, 1443, 17256}, 0, {0, 2048}, {255, 255, 255, 255} }},
	{{ {-7148, -115, 17256}, 0, {0, 3072}, {255, 255, 255, 255} }},
	{{ {-8663, 1443, 16244}, 0, {1028, 2048}, {255, 255, 255, 255} }},
	{{ {8663, -115, -16244}, 0, {1028, 3072}, {255, 255, 255, 255} }},
	{{ {7148, 1443, -17256}, 0, {0, 2048}, {255, 255, 255, 255} }},
	{{ {7148, -115, -17256}, 0, {0, 3072}, {255, 255, 255, 255} }},
	{{ {8663, 1443, -16244}, 0, {1028, 2048}, {255, 255, 255, 255} }},
	{{ {5361, -115, 17612}, 0, {1028, 3072}, {255, 255, 255, 255} }},
	{{ {7148, 1443, 17256}, 0, {0, 2048}, {255, 255, 255, 255} }},
	{{ {7148, -115, 17256}, 0, {0, 3072}, {255, 255, 255, 255} }},
	{{ {5361, 1443, 17612}, 0, {1028, 2048}, {255, 255, 255, 255} }},
	{{ {17612, -115, -5361}, 0, {1028, 3072}, {255, 255, 255, 255} }},
	{{ {17256, 1443, -7148}, 0, {0, 2048}, {255, 255, 255, 255} }},
	{{ {17256, -115, -7148}, 0, {0, 3072}, {255, 255, 255, 255} }},
	{{ {17612, 1443, -5361}, 0, {1028, 2048}, {255, 255, 255, 255} }},
	{{ {14220, -115, 11692}, 0, {3084, 3072}, {255, 255, 255, 255} }},
	{{ {14220, 1443, 11692}, 0, {3084, 2048}, {255, 255, 255, 255} }},
	{{ {15232, 1443, 10178}, 0, {2056, 2048}, {255, 255, 255, 255} }},
	{{ {15232, -115, 10178}, 0, {2056, 3072}, {255, 255, 255, 255} }},
	{{ {-14220, -115, -11692}, 0, {3084, 3072}, {255, 255, 255, 255} }},
	{{ {-14220, 1443, -11692}, 0, {3084, 2048}, {255, 255, 255, 255} }},
	{{ {-15232, 1443, -10178}, 0, {2056, 2048}, {255, 255, 255, 255} }},
	{{ {-15232, -115, -10178}, 0, {2056, 3072}, {255, 255, 255, 255} }},
	{{ {-18322, -115, 1787}, 0, {3084, 3072}, {255, 255, 255, 255} }},
	{{ {-18322, 1443, 1787}, 0, {3084, 2048}, {255, 255, 255, 255} }},
	{{ {-17967, 1443, 3574}, 0, {2056, 2048}, {255, 255, 255, 255} }},
	{{ {-17967, -115, 3574}, 0, {2056, 3072}, {255, 255, 255, 255} }},
	{{ {-1787, -115, -18322}, 0, {3084, 3072}, {255, 255, 255, 255} }},
	{{ {-1787, 1443, -18322}, 0, {3084, 2048}, {255, 255, 255, 255} }},
	{{ {-3574, 1443, -17967}, 0, {2056, 2048}, {255, 255, 255, 255} }},
	{{ {-3574, -115, -17967}, 0, {2056, 3072}, {255, 255, 255, 255} }},
	{{ {-11692, -115, 14220}, 0, {3084, 3072}, {255, 255, 255, 255} }},
	{{ {-11692, 1443, 14220}, 0, {3084, 2048}, {255, 255, 255, 255} }},
	{{ {-10178, 1443, 15232}, 0, {2056, 2048}, {255, 255, 255, 255} }},
	{{ {-10178, -115, 15232}, 0, {2056, 3072}, {255, 255, 255, 255} }},
	{{ {11692, -115, -14220}, 0, {3084, 3072}, {255, 255, 255, 255} }},
	{{ {11692, 1443, -14220}, 0, {3084, 2048}, {255, 255, 255, 255} }},
	{{ {10178, 1443, -15232}, 0, {2056, 2048}, {255, 255, 255, 255} }},
	{{ {10178, -115, -15232}, 0, {2056, 3072}, {255, 255, 255, 255} }},
	{{ {1787, -115, 18322}, 0, {3084, 3072}, {255, 255, 255, 255} }},
	{{ {1787, 1443, 18322}, 0, {3084, 2048}, {255, 255, 255, 255} }},
	{{ {3574, 1443, 17967}, 0, {2056, 2048}, {255, 255, 255, 255} }},
	{{ {3574, -115, 17967}, 0, {2056, 3072}, {255, 255, 255, 255} }},
	{{ {18322, -115, -1787}, 0, {3084, 3072}, {255, 255, 255, 255} }},
	{{ {18322, 1443, -1787}, 0, {3084, 2048}, {255, 255, 255, 255} }},
	{{ {17967, 1443, -3574}, 0, {2056, 2048}, {255, 255, 255, 255} }},
	{{ {17967, -115, -3574}, 0, {2056, 3072}, {255, 255, 255, 255} }},
	{{ {14220, 3000, 11692}, 0, {3084, 1024}, {255, 255, 255, 255} }},
	{{ {14220, 4557, 11692}, 0, {3084, 0}, {255, 255, 255, 255} }},
	{{ {15232, 4557, 10178}, 0, {2056, 0}, {255, 255, 255, 255} }},
	{{ {15232, 3000, 10178}, 0, {2056, 1024}, {255, 255, 255, 255} }},
	{{ {-14220, 3000, -11692}, 0, {3084, 1024}, {255, 255, 255, 255} }},
	{{ {-14220, 4557, -11692}, 0, {3084, 0}, {255, 255, 255, 255} }},
	{{ {-15232, 4557, -10178}, 0, {2056, 0}, {255, 255, 255, 255} }},
	{{ {-15232, 3000, -10178}, 0, {2056, 1024}, {255, 255, 255, 255} }},
	{{ {-18322, 3000, 1787}, 0, {3084, 1024}, {255, 255, 255, 255} }},
	{{ {-18322, 4557, 1787}, 0, {3084, 0}, {255, 255, 255, 255} }},
	{{ {-17967, 4557, 3574}, 0, {2056, 0}, {255, 255, 255, 255} }},
	{{ {-17967, 3000, 3574}, 0, {2056, 1024}, {255, 255, 255, 255} }},
	{{ {-1787, 3000, -18322}, 0, {3084, 1024}, {255, 255, 255, 255} }},
	{{ {-1787, 4557, -18322}, 0, {3084, 0}, {255, 255, 255, 255} }},
	{{ {-3574, 4557, -17967}, 0, {2056, 0}, {255, 255, 255, 255} }},
	{{ {-3574, 3000, -17967}, 0, {2056, 1024}, {255, 255, 255, 255} }},
	{{ {-11692, 3000, 14220}, 0, {3084, 1024}, {255, 255, 255, 255} }},
	{{ {-11692, 4557, 14220}, 0, {3084, 0}, {255, 255, 255, 255} }},
	{{ {-10178, 4557, 15232}, 0, {2056, 0}, {255, 255, 255, 255} }},
	{{ {-10178, 3000, 15232}, 0, {2056, 1024}, {255, 255, 255, 255} }},
	{{ {11692, 3000, -14220}, 0, {3084, 1024}, {255, 255, 255, 255} }},
	{{ {11692, 4557, -14220}, 0, {3084, 0}, {255, 255, 255, 255} }},
	{{ {10178, 4557, -15232}, 0, {2056, 0}, {255, 255, 255, 255} }},
	{{ {10178, 3000, -15232}, 0, {2056, 1024}, {255, 255, 255, 255} }},
	{{ {1787, 3000, 18322}, 0, {3084, 1024}, {255, 255, 255, 255} }},
	{{ {1787, 4557, 18322}, 0, {3084, 0}, {255, 255, 255, 255} }},
	{{ {3574, 4557, 17967}, 0, {2056, 0}, {255, 255, 255, 255} }},
	{{ {3574, 3000, 17967}, 0, {2056, 1024}, {255, 255, 255, 255} }},
	{{ {18322, 3000, -1787}, 0, {3084, 1024}, {255, 255, 255, 255} }},
	{{ {18322, 4557, -1787}, 0, {3084, 0}, {255, 255, 255, 255} }},
	{{ {17967, 4557, -3574}, 0, {2056, 0}, {255, 255, 255, 255} }},
	{{ {17967, 3000, -3574}, 0, {2056, 1024}, {255, 255, 255, 255} }},
	{{ {18322, 1443, -1787}, 0, {3084, 2048}, {255, 255, 255, 255} }},
	{{ {18322, 3000, -1787}, 0, {3084, 1024}, {255, 255, 255, 255} }},
	{{ {17967, 3000, -3574}, 0, {2056, 1024}, {255, 255, 255, 255} }},
	{{ {17967, 1443, -3574}, 0, {2056, 2048}, {255, 255, 255, 255} }},
	{{ {1787, 1443, 18322}, 0, {3084, 2048}, {255, 255, 255, 255} }},
	{{ {1787, 3000, 18322}, 0, {3084, 1024}, {255, 255, 255, 255} }},
	{{ {3574, 3000, 17967}, 0, {2056, 1024}, {255, 255, 255, 255} }},
	{{ {3574, 1443, 17967}, 0, {2056, 2048}, {255, 255, 255, 255} }},
	{{ {11692, 1443, -14220}, 0, {3084, 2048}, {255, 255, 255, 255} }},
	{{ {11692, 3000, -14220}, 0, {3084, 1024}, {255, 255, 255, 255} }},
	{{ {10178, 3000, -15232}, 0, {2056, 1024}, {255, 255, 255, 255} }},
	{{ {10178, 1443, -15232}, 0, {2056, 2048}, {255, 255, 255, 255} }},
	{{ {-11692, 1443, 14220}, 0, {3084, 2048}, {255, 255, 255, 255} }},
	{{ {-11692, 3000, 14220}, 0, {3084, 1024}, {255, 255, 255, 255} }},
	{{ {-10178, 3000, 15232}, 0, {2056, 1024}, {255, 255, 255, 255} }},
	{{ {-10178, 1443, 15232}, 0, {2056, 2048}, {255, 255, 255, 255} }},
	{{ {-1787, 1443, -18322}, 0, {3084, 2048}, {255, 255, 255, 255} }},
	{{ {-1787, 3000, -18322}, 0, {3084, 1024}, {255, 255, 255, 255} }},
	{{ {-3574, 3000, -17967}, 0, {2056, 1024}, {255, 255, 255, 255} }},
	{{ {-3574, 1443, -17967}, 0, {2056, 2048}, {255, 255, 255, 255} }},
	{{ {-18322, 1443, 1787}, 0, {3084, 2048}, {255, 255, 255, 255} }},
	{{ {-18322, 3000, 1787}, 0, {3084, 1024}, {255, 255, 255, 255} }},
	{{ {-17967, 3000, 3574}, 0, {2056, 1024}, {255, 255, 255, 255} }},
	{{ {-17967, 1443, 3574}, 0, {2056, 2048}, {255, 255, 255, 255} }},
	{{ {-14220, 1443, -11692}, 0, {3084, 2048}, {255, 255, 255, 255} }},
	{{ {-14220, 3000, -11692}, 0, {3084, 1024}, {255, 255, 255, 255} }},
	{{ {-15232, 3000, -10178}, 0, {2056, 1024}, {255, 255, 255, 255} }},
	{{ {-15232, 1443, -10178}, 0, {2056, 2048}, {255, 255, 255, 255} }},
	{{ {14220, 1443, 11692}, 0, {3084, 2048}, {255, 255, 255, 255} }},
	{{ {14220, 3000, 11692}, 0, {3084, 1024}, {255, 255, 255, 255} }},
	{{ {15232, 3000, 10178}, 0, {2056, 1024}, {255, 255, 255, 255} }},
	{{ {15232, 1443, 10178}, 0, {2056, 2048}, {255, 255, 255, 255} }},
	{{ {18678, 1443, 0}, 0, {4112, 2048}, {255, 255, 255, 255} }},
	{{ {18678, 3000, 0}, 0, {4112, 1024}, {255, 255, 255, 255} }},
	{{ {18322, 3000, -1787}, 0, {3084, 1024}, {255, 255, 255, 255} }},
	{{ {18322, 1443, -1787}, 0, {3084, 2048}, {255, 255, 255, 255} }},
	{{ {0, 1443, 18678}, 0, {4112, 2048}, {255, 255, 255, 255} }},
	{{ {0, 3000, 18678}, 0, {4112, 1024}, {255, 255, 255, 255} }},
	{{ {1787, 3000, 18322}, 0, {3084, 1024}, {255, 255, 255, 255} }},
	{{ {1787, 1443, 18322}, 0, {3084, 2048}, {255, 255, 255, 255} }},
	{{ {13207, 1443, -13207}, 0, {4112, 2048}, {255, 255, 255, 255} }},
	{{ {13207, 3000, -13207}, 0, {4112, 1024}, {255, 255, 255, 255} }},
	{{ {11692, 3000, -14220}, 0, {3084, 1024}, {255, 255, 255, 255} }},
	{{ {11692, 1443, -14220}, 0, {3084, 2048}, {255, 255, 255, 255} }},
	{{ {-13207, 1443, 13207}, 0, {4112, 2048}, {255, 255, 255, 255} }},
	{{ {-13207, 3000, 13207}, 0, {4112, 1024}, {255, 255, 255, 255} }},
	{{ {-11692, 3000, 14220}, 0, {3084, 1024}, {255, 255, 255, 255} }},
	{{ {-11692, 1443, 14220}, 0, {3084, 2048}, {255, 255, 255, 255} }},
	{{ {0, 1443, -18678}, 0, {4112, 2048}, {255, 255, 255, 255} }},
	{{ {0, 3000, -18678}, 0, {4112, 1024}, {255, 255, 255, 255} }},
	{{ {-1787, 3000, -18322}, 0, {3084, 1024}, {255, 255, 255, 255} }},
	{{ {-1787, 1443, -18322}, 0, {3084, 2048}, {255, 255, 255, 255} }},
	{{ {-18678, 1443, 0}, 0, {4112, 2048}, {255, 255, 255, 255} }},
	{{ {-18678, 3000, 0}, 0, {4112, 1024}, {255, 255, 255, 255} }},
	{{ {-18322, 3000, 1787}, 0, {3084, 1024}, {255, 255, 255, 255} }},
	{{ {-18322, 1443, 1787}, 0, {3084, 2048}, {255, 255, 255, 255} }},
	{{ {-13207, 1443, -13207}, 0, {4112, 2048}, {255, 255, 255, 255} }},
	{{ {-13207, 3000, -13207}, 0, {4112, 1024}, {255, 255, 255, 255} }},
	{{ {-14220, 3000, -11692}, 0, {3084, 1024}, {255, 255, 255, 255} }},
	{{ {-14220, 1443, -11692}, 0, {3084, 2048}, {255, 255, 255, 255} }},
	{{ {13207, 1443, 13207}, 0, {4112, 2048}, {255, 255, 255, 255} }},
	{{ {13207, 3000, 13207}, 0, {4112, 1024}, {255, 255, 255, 255} }},
	{{ {14220, 3000, 11692}, 0, {3084, 1024}, {255, 255, 255, 255} }},
	{{ {14220, 1443, 11692}, 0, {3084, 2048}, {255, 255, 255, 255} }},
	{{ {18678, 3000, 0}, 0, {4112, 1024}, {255, 255, 255, 255} }},
	{{ {18678, 4557, 0}, 0, {4112, 0}, {255, 255, 255, 255} }},
	{{ {18322, 4557, -1787}, 0, {3084, 0}, {255, 255, 255, 255} }},
	{{ {18322, 3000, -1787}, 0, {3084, 1024}, {255, 255, 255, 255} }},
	{{ {0, 3000, 18678}, 0, {4112, 1024}, {255, 255, 255, 255} }},
	{{ {0, 4557, 18678}, 0, {4112, 0}, {255, 255, 255, 255} }},
	{{ {1787, 4557, 18322}, 0, {3084, 0}, {255, 255, 255, 255} }},
	{{ {1787, 3000, 18322}, 0, {3084, 1024}, {255, 255, 255, 255} }},
	{{ {13207, 3000, -13207}, 0, {4112, 1024}, {255, 255, 255, 255} }},
	{{ {13207, 4557, -13207}, 0, {4112, 0}, {255, 255, 255, 255} }},
	{{ {11692, 4557, -14220}, 0, {3084, 0}, {255, 255, 255, 255} }},
	{{ {11692, 3000, -14220}, 0, {3084, 1024}, {255, 255, 255, 255} }},
	{{ {-13207, 3000, 13207}, 0, {4112, 1024}, {255, 255, 255, 255} }},
	{{ {-13207, 4557, 13207}, 0, {4112, 0}, {255, 255, 255, 255} }},
	{{ {-11692, 4557, 14220}, 0, {3084, 0}, {255, 255, 255, 255} }},
	{{ {-11692, 3000, 14220}, 0, {3084, 1024}, {255, 255, 255, 255} }},
	{{ {0, 3000, -18678}, 0, {4112, 1024}, {255, 255, 255, 255} }},
	{{ {0, 4557, -18678}, 0, {4112, 0}, {255, 255, 255, 255} }},
	{{ {-1787, 4557, -18322}, 0, {3084, 0}, {255, 255, 255, 255} }},
	{{ {-1787, 3000, -18322}, 0, {3084, 1024}, {255, 255, 255, 255} }},
	{{ {-18678, 3000, 0}, 0, {4112, 1024}, {255, 255, 255, 255} }},
	{{ {-18678, 4557, 0}, 0, {4112, 0}, {255, 255, 255, 255} }},
	{{ {-18322, 4557, 1787}, 0, {3084, 0}, {255, 255, 255, 255} }},
	{{ {-18322, 3000, 1787}, 0, {3084, 1024}, {255, 255, 255, 255} }},
	{{ {-13207, 3000, -13207}, 0, {4112, 1024}, {255, 255, 255, 255} }},
	{{ {-13207, 4557, -13207}, 0, {4112, 0}, {255, 255, 255, 255} }},
	{{ {-14220, 4557, -11692}, 0, {3084, 0}, {255, 255, 255, 255} }},
	{{ {-14220, 3000, -11692}, 0, {3084, 1024}, {255, 255, 255, 255} }},
	{{ {13207, 3000, 13207}, 0, {4112, 1024}, {255, 255, 255, 255} }},
	{{ {13207, 4557, 13207}, 0, {4112, 0}, {255, 255, 255, 255} }},
	{{ {14220, 4557, 11692}, 0, {3084, 0}, {255, 255, 255, 255} }},
	{{ {14220, 3000, 11692}, 0, {3084, 1024}, {255, 255, 255, 255} }},
	{{ {13207, -1672, -13207}, 0, {4112, 4096}, {255, 255, 255, 255} }},
	{{ {11692, -6642, -14220}, 0, {3084, 4096}, {255, 255, 255, 255} }},
	{{ {13207, -6642, -13207}, 0, {4112, 4096}, {255, 255, 255, 255} }},
	{{ {11692, -1672, -14220}, 0, {3084, 4096}, {255, 255, 255, 255} }},
	{{ {11692, -115, -14220}, 0, {3084, 3072}, {255, 255, 255, 255} }},
	{{ {13207, -115, -13207}, 0, {4112, 3072}, {255, 255, 255, 255} }},
	{{ {10178, -115, -15232}, 0, {2056, 3072}, {255, 255, 255, 255} }},
	{{ {10178, -1672, -15232}, 0, {2056, 4096}, {255, 255, 255, 255} }},
	{{ {10178, -6642, -15232}, 0, {2056, 4096}, {255, 255, 255, 255} }},
	{{ {0, -1672, -18678}, 0, {4112, 4096}, {255, 255, 255, 255} }},
	{{ {-1787, -6642, -18322}, 0, {3084, 4096}, {255, 255, 255, 255} }},
	{{ {0, -6642, -18678}, 0, {4112, 4096}, {255, 255, 255, 255} }},
	{{ {-1787, -1672, -18322}, 0, {3084, 4096}, {255, 255, 255, 255} }},
	{{ {-1787, -115, -18322}, 0, {3084, 3072}, {255, 255, 255, 255} }},
	{{ {0, -115, -18678}, 0, {4112, 3072}, {255, 255, 255, 255} }},
	{{ {-3574, -115, -17967}, 0, {2056, 3072}, {255, 255, 255, 255} }},
	{{ {-3574, -1672, -17967}, 0, {2056, 4096}, {255, 255, 255, 255} }},
	{{ {-3574, -6642, -17967}, 0, {2056, 4096}, {255, 255, 255, 255} }},
	{{ {-13207, -1672, -13207}, 0, {4112, 4096}, {255, 255, 255, 255} }},
	{{ {-14220, -6642, -11692}, 0, {3084, 4096}, {255, 255, 255, 255} }},
	{{ {-13207, -6642, -13207}, 0, {4112, 4096}, {255, 255, 255, 255} }},
	{{ {-14220, -1672, -11692}, 0, {3084, 4096}, {255, 255, 255, 255} }},
	{{ {-14220, -115, -11692}, 0, {3084, 3072}, {255, 255, 255, 255} }},
	{{ {-13207, -115, -13207}, 0, {4112, 3072}, {255, 255, 255, 255} }},
	{{ {-15232, -115, -10178}, 0, {2056, 3072}, {255, 255, 255, 255} }},
	{{ {-15232, -1672, -10178}, 0, {2056, 4096}, {255, 255, 255, 255} }},
	{{ {-15232, -6642, -10178}, 0, {2056, 4096}, {255, 255, 255, 255} }},
	{{ {-18678, -1672, 0}, 0, {4112, 4096}, {255, 255, 255, 255} }},
	{{ {-18322, -6642, 1787}, 0, {3084, 4096}, {255, 255, 255, 255} }},
	{{ {-18678, -6642, 0}, 0, {4112, 4096}, {255, 255, 255, 255} }},
	{{ {-18322, -1672, 1787}, 0, {3084, 4096}, {255, 255, 255, 255} }},
	{{ {-18322, -115, 1787}, 0, {3084, 3072}, {255, 255, 255, 255} }},
	{{ {-18678, -115, 0}, 0, {4112, 3072}, {255, 255, 255, 255} }},
	{{ {-17967, -115, 3574}, 0, {2056, 3072}, {255, 255, 255, 255} }},
	{{ {-17967, -1672, 3574}, 0, {2056, 4096}, {255, 255, 255, 255} }},
	{{ {-17967, -6642, 3574}, 0, {2056, 4096}, {255, 255, 255, 255} }},
	{{ {-13207, -1672, 13207}, 0, {4112, 4096}, {255, 255, 255, 255} }},
	{{ {-11692, -6642, 14220}, 0, {3084, 4096}, {255, 255, 255, 255} }},
	{{ {-13207, -6642, 13207}, 0, {4112, 4096}, {255, 255, 255, 255} }},
	{{ {-11692, -1672, 14220}, 0, {3084, 4096}, {255, 255, 255, 255} }},
	{{ {-11692, -115, 14220}, 0, {3084, 3072}, {255, 255, 255, 255} }},
	{{ {-13207, -115, 13207}, 0, {4112, 3072}, {255, 255, 255, 255} }},
	{{ {-10178, -115, 15232}, 0, {2056, 3072}, {255, 255, 255, 255} }},
	{{ {-10178, -1672, 15232}, 0, {2056, 4096}, {255, 255, 255, 255} }},
	{{ {-10178, -6642, 15232}, 0, {2056, 4096}, {255, 255, 255, 255} }},
	{{ {0, -1672, 18678}, 0, {4112, 4096}, {255, 255, 255, 255} }},
	{{ {1787, -6642, 18322}, 0, {3084, 4096}, {255, 255, 255, 255} }},
	{{ {0, -6642, 18678}, 0, {4112, 4096}, {255, 255, 255, 255} }},
	{{ {1787, -1672, 18322}, 0, {3084, 4096}, {255, 255, 255, 255} }},
	{{ {1787, -115, 18322}, 0, {3084, 3072}, {255, 255, 255, 255} }},
	{{ {0, -115, 18678}, 0, {4112, 3072}, {255, 255, 255, 255} }},
	{{ {3574, -115, 17967}, 0, {2056, 3072}, {255, 255, 255, 255} }},
	{{ {3574, -1672, 17967}, 0, {2056, 4096}, {255, 255, 255, 255} }},
	{{ {3574, -6642, 17967}, 0, {2056, 4096}, {255, 255, 255, 255} }},
	{{ {13207, -1672, 13207}, 0, {4112, 4096}, {255, 255, 255, 255} }},
	{{ {14220, -6642, 11692}, 0, {3084, 4096}, {255, 255, 255, 255} }},
	{{ {13207, -6642, 13207}, 0, {4112, 4096}, {255, 255, 255, 255} }},
	{{ {14220, -1672, 11692}, 0, {3084, 4096}, {255, 255, 255, 255} }},
	{{ {14220, -115, 11692}, 0, {3084, 3072}, {255, 255, 255, 255} }},
	{{ {13207, -1672, 13207}, 0, {4112, 4096}, {255, 255, 255, 255} }},
	{{ {13207, -115, 13207}, 0, {4112, 3072}, {255, 255, 255, 255} }},
	{{ {14220, -115, 11692}, 0, {3084, 3072}, {255, 255, 255, 255} }},
	{{ {14220, -1672, 11692}, 0, {3084, 4096}, {255, 255, 255, 255} }},
	{{ {15232, -115, 10178}, 0, {2056, 3072}, {255, 255, 255, 255} }},
	{{ {15232, -1672, 10178}, 0, {2056, 4096}, {255, 255, 255, 255} }},
	{{ {15232, -6642, 10178}, 0, {2056, 4096}, {255, 255, 255, 255} }},
	{{ {14220, -6642, 11692}, 0, {3084, 4096}, {255, 255, 255, 255} }},
	{{ {18678, -1672, 0}, 0, {4112, 4096}, {255, 255, 255, 255} }},
	{{ {18322, -6642, -1787}, 0, {3084, 4096}, {255, 255, 255, 255} }},
	{{ {18678, -6642, 0}, 0, {4112, 4096}, {255, 255, 255, 255} }},
	{{ {18322, -1672, -1787}, 0, {3084, 4096}, {255, 255, 255, 255} }},
	{{ {18322, -115, -1787}, 0, {3084, 3072}, {255, 255, 255, 255} }},
	{{ {18678, -115, 0}, 0, {4112, 3072}, {255, 255, 255, 255} }},
	{{ {17967, -115, -3574}, 0, {2056, 3072}, {255, 255, 255, 255} }},
	{{ {17967, -1672, -3574}, 0, {2056, 4096}, {255, 255, 255, 255} }},
	{{ {17967, -6642, -3574}, 0, {2056, 4096}, {255, 255, 255, 255} }},
	{{ {10506, -6643, -21013}, 0, {3076, 4061}, {255, 255, 255, 255} }},
	{{ {21013, -6643, -10506}, 0, {4096, 4069}, {255, 255, 255, 255} }},
	{{ {21013, -6643, -21013}, 0, {4096, 4061}, {255, 255, 255, 255} }},
	{{ {10506, -6643, -10506}, 0, {3076, 4069}, {255, 255, 255, 255} }},
	{{ {0, -6643, -21013}, 0, {2056, 4061}, {255, 255, 255, 255} }},
	{{ {0, -6643, -10506}, 0, {2056, 4069}, {255, 255, 255, 255} }},
	{{ {10506, -6643, 0}, 0, {3076, 4077}, {255, 255, 255, 255} }},
	{{ {0, -6643, 0}, 0, {2056, 4077}, {255, 255, 255, 255} }},
	{{ {10506, -6643, 10506}, 0, {3076, 4085}, {255, 255, 255, 255} }},
	{{ {0, -6643, 10506}, 0, {2056, 4085}, {255, 255, 255, 255} }},
	{{ {10506, -6643, 21013}, 0, {3076, 4093}, {255, 255, 255, 255} }},
	{{ {0, -6643, 21013}, 0, {2056, 4093}, {255, 255, 255, 255} }},
	{{ {21013, -6643, 21013}, 0, {4096, 4093}, {255, 255, 255, 255} }},
	{{ {21013, -6643, 10506}, 0, {4096, 4085}, {255, 255, 255, 255} }},
	{{ {21013, -6643, 0}, 0, {4096, 4077}, {255, 255, 255, 255} }},
	{{ {18678, -115, 0}, 0, {4112, 3072}, {255, 255, 255, 255} }},
	{{ {18678, 1443, 0}, 0, {4112, 2048}, {255, 255, 255, 255} }},
	{{ {18322, 1443, -1787}, 0, {3084, 2048}, {255, 255, 255, 255} }},
	{{ {18322, -115, -1787}, 0, {3084, 3072}, {255, 255, 255, 255} }},
	{{ {0, -115, 18678}, 0, {4112, 3072}, {255, 255, 255, 255} }},
	{{ {0, 1443, 18678}, 0, {4112, 2048}, {255, 255, 255, 255} }},
	{{ {1787, 1443, 18322}, 0, {3084, 2048}, {255, 255, 255, 255} }},
	{{ {1787, -115, 18322}, 0, {3084, 3072}, {255, 255, 255, 255} }},
	{{ {13207, -115, -13207}, 0, {4112, 3072}, {255, 255, 255, 255} }},
	{{ {13207, 1443, -13207}, 0, {4112, 2048}, {255, 255, 255, 255} }},
	{{ {11692, 1443, -14220}, 0, {3084, 2048}, {255, 255, 255, 255} }},
	{{ {11692, -115, -14220}, 0, {3084, 3072}, {255, 255, 255, 255} }},
	{{ {-13207, -115, 13207}, 0, {4112, 3072}, {255, 255, 255, 255} }},
	{{ {-13207, 1443, 13207}, 0, {4112, 2048}, {255, 255, 255, 255} }},
	{{ {-11692, 1443, 14220}, 0, {3084, 2048}, {255, 255, 255, 255} }},
	{{ {-11692, -115, 14220}, 0, {3084, 3072}, {255, 255, 255, 255} }},
	{{ {0, -115, -18678}, 0, {4112, 3072}, {255, 255, 255, 255} }},
	{{ {0, 1443, -18678}, 0, {4112, 2048}, {255, 255, 255, 255} }},
	{{ {-1787, 1443, -18322}, 0, {3084, 2048}, {255, 255, 255, 255} }},
	{{ {-1787, -115, -18322}, 0, {3084, 3072}, {255, 255, 255, 255} }},
	{{ {-18678, -115, 0}, 0, {4112, 3072}, {255, 255, 255, 255} }},
	{{ {-18678, 1443, 0}, 0, {4112, 2048}, {255, 255, 255, 255} }},
	{{ {-18322, 1443, 1787}, 0, {3084, 2048}, {255, 255, 255, 255} }},
	{{ {-18322, -115, 1787}, 0, {3084, 3072}, {255, 255, 255, 255} }},
	{{ {-13207, -115, -13207}, 0, {4112, 3072}, {255, 255, 255, 255} }},
	{{ {-13207, 1443, -13207}, 0, {4112, 2048}, {255, 255, 255, 255} }},
	{{ {-14220, 1443, -11692}, 0, {3084, 2048}, {255, 255, 255, 255} }},
	{{ {-14220, -115, -11692}, 0, {3084, 3072}, {255, 255, 255, 255} }},
	{{ {13207, -115, 13207}, 0, {4112, 3072}, {255, 255, 255, 255} }},
	{{ {13207, 1443, 13207}, 0, {4112, 2048}, {255, 255, 255, 255} }},
	{{ {14220, 1443, 11692}, 0, {3084, 2048}, {255, 255, 255, 255} }},
	{{ {14220, -115, 11692}, 0, {3084, 3072}, {255, 255, 255, 255} }},
	{{ {-21013, -6643, 10506}, 0, {16, 4085}, {255, 255, 255, 255} }},
	{{ {-21013, -6643, 21013}, 0, {16, 4093}, {255, 255, 255, 255} }},
	{{ {-10506, -6643, 21013}, 0, {1036, 4093}, {255, 255, 255, 255} }},
	{{ {-10506, -6643, 10506}, 0, {1036, 4085}, {255, 255, 255, 255} }},
	{{ {-21013, -6643, 0}, 0, {16, 4077}, {255, 255, 255, 255} }},
	{{ {-10506, -6643, 0}, 0, {1036, 4077}, {255, 255, 255, 255} }},
	{{ {-21013, -6643, -10506}, 0, {16, 4069}, {255, 255, 255, 255} }},
	{{ {-10506, -6643, -10506}, 0, {1036, 4069}, {255, 255, 255, 255} }},
	{{ {-21013, -6643, -21013}, 0, {16, 4061}, {255, 255, 255, 255} }},
	{{ {-10506, -6643, -21013}, 0, {1036, 4061}, {255, 255, 255, 255} }},
	{{ {17612, -1672, -5361}, 0, {1028, 4096}, {255, 255, 255, 255} }},
	{{ {17612, -115, -5361}, 0, {1028, 3072}, {255, 255, 255, 255} }},
	{{ {17256, -115, -7148}, 0, {0, 3072}, {255, 255, 255, 255} }},
	{{ {17256, -1672, -7148}, 0, {0, 4096}, {255, 255, 255, 255} }},
	{{ {17256, -6642, -7148}, 0, {0, 4096}, {255, 255, 255, 255} }},
	{{ {17612, -6642, -5361}, 0, {1028, 4096}, {255, 255, 255, 255} }},
	{{ {5361, -1672, 17612}, 0, {1028, 4096}, {255, 255, 255, 255} }},
	{{ {5361, -115, 17612}, 0, {1028, 3072}, {255, 255, 255, 255} }},
	{{ {7148, -115, 17256}, 0, {0, 3072}, {255, 255, 255, 255} }},
	{{ {7148, -1672, 17256}, 0, {0, 4096}, {255, 255, 255, 255} }},
	{{ {7148, -6642, 17256}, 0, {0, 4096}, {255, 255, 255, 255} }},
	{{ {5361, -6642, 17612}, 0, {1028, 4096}, {255, 255, 255, 255} }},
	{{ {8663, -1672, -16244}, 0, {1028, 4096}, {255, 255, 255, 255} }},
	{{ {8663, -115, -16244}, 0, {1028, 3072}, {255, 255, 255, 255} }},
	{{ {7148, -115, -17256}, 0, {0, 3072}, {255, 255, 255, 255} }},
	{{ {7148, -1672, -17256}, 0, {0, 4096}, {255, 255, 255, 255} }},
	{{ {7148, -6642, -17256}, 0, {0, 4096}, {255, 255, 255, 255} }},
	{{ {8663, -6642, -16244}, 0, {1028, 4096}, {255, 255, 255, 255} }},
	{{ {-8663, -1672, 16244}, 0, {1028, 4096}, {255, 255, 255, 255} }},
	{{ {-8663, -115, 16244}, 0, {1028, 3072}, {255, 255, 255, 255} }},
	{{ {-7148, -115, 17256}, 0, {0, 3072}, {255, 255, 255, 255} }},
	{{ {-7148, -1672, 17256}, 0, {0, 4096}, {255, 255, 255, 255} }},
	{{ {-7148, -6642, 17256}, 0, {0, 4096}, {255, 255, 255, 255} }},
	{{ {-8663, -6642, 16244}, 0, {1028, 4096}, {255, 255, 255, 255} }},
	{{ {-5361, -1672, -17612}, 0, {1028, 4096}, {255, 255, 255, 255} }},
	{{ {-5361, -115, -17612}, 0, {1028, 3072}, {255, 255, 255, 255} }},
	{{ {-7148, -115, -17256}, 0, {0, 3072}, {255, 255, 255, 255} }},
	{{ {-7148, -1672, -17256}, 0, {0, 4096}, {255, 255, 255, 255} }},
	{{ {-7148, -6642, -17256}, 0, {0, 4096}, {255, 255, 255, 255} }},
	{{ {-5361, -6642, -17612}, 0, {1028, 4096}, {255, 255, 255, 255} }},
	{{ {-17612, -1672, 5361}, 0, {1028, 4096}, {255, 255, 255, 255} }},
	{{ {-17612, -115, 5361}, 0, {1028, 3072}, {255, 255, 255, 255} }},
	{{ {-17256, -115, 7148}, 0, {0, 3072}, {255, 255, 255, 255} }},
	{{ {-17256, -1672, 7148}, 0, {0, 4096}, {255, 255, 255, 255} }},
	{{ {-17256, -6642, 7148}, 0, {0, 4096}, {255, 255, 255, 255} }},
	{{ {-17612, -6642, 5361}, 0, {1028, 4096}, {255, 255, 255, 255} }},
	{{ {-16244, -1672, -8663}, 0, {1028, 4096}, {255, 255, 255, 255} }},
	{{ {-16244, -115, -8663}, 0, {1028, 3072}, {255, 255, 255, 255} }},
	{{ {-17256, -115, -7148}, 0, {0, 3072}, {255, 255, 255, 255} }},
	{{ {-17256, -1672, -7148}, 0, {0, 4096}, {255, 255, 255, 255} }},
	{{ {-17256, -6642, -7148}, 0, {0, 4096}, {255, 255, 255, 255} }},
	{{ {-16244, -6642, -8663}, 0, {1028, 4096}, {255, 255, 255, 255} }},
	{{ {16244, -1672, 8663}, 0, {1028, 4096}, {255, 255, 255, 255} }},
	{{ {16244, -115, 8663}, 0, {1028, 3072}, {255, 255, 255, 255} }},
	{{ {17256, -115, 7148}, 0, {0, 3072}, {255, 255, 255, 255} }},
	{{ {17256, -1672, 7148}, 0, {0, 4096}, {255, 255, 255, 255} }},
	{{ {17256, -6642, 7148}, 0, {0, 4096}, {255, 255, 255, 255} }},
	{{ {16244, -6642, 8663}, 0, {1028, 4096}, {255, 255, 255, 255} }},
	{{ {10178, -1672, -15232}, 0, {2056, 4096}, {255, 255, 255, 255} }},
	{{ {8663, -6642, -16244}, 0, {1028, 4096}, {255, 255, 255, 255} }},
	{{ {10178, -6642, -15232}, 0, {2056, 4096}, {255, 255, 255, 255} }},
	{{ {8663, -1672, -16244}, 0, {1028, 4096}, {255, 255, 255, 255} }},
	{{ {8663, -115, -16244}, 0, {1028, 3072}, {255, 255, 255, 255} }},
	{{ {10178, -115, -15232}, 0, {2056, 3072}, {255, 255, 255, 255} }},
	{{ {-3574, -1672, -17967}, 0, {2056, 4096}, {255, 255, 255, 255} }},
	{{ {-5361, -6642, -17612}, 0, {1028, 4096}, {255, 255, 255, 255} }},
	{{ {-3574, -6642, -17967}, 0, {2056, 4096}, {255, 255, 255, 255} }},
	{{ {-5361, -1672, -17612}, 0, {1028, 4096}, {255, 255, 255, 255} }},
	{{ {-5361, -115, -17612}, 0, {1028, 3072}, {255, 255, 255, 255} }},
	{{ {-3574, -115, -17967}, 0, {2056, 3072}, {255, 255, 255, 255} }},
	{{ {-15232, -1672, -10178}, 0, {2056, 4096}, {255, 255, 255, 255} }},
	{{ {-16244, -6642, -8663}, 0, {1028, 4096}, {255, 255, 255, 255} }},
	{{ {-15232, -6642, -10178}, 0, {2056, 4096}, {255, 255, 255, 255} }},
	{{ {-16244, -1672, -8663}, 0, {1028, 4096}, {255, 255, 255, 255} }},
	{{ {-16244, -115, -8663}, 0, {1028, 3072}, {255, 255, 255, 255} }},
	{{ {-15232, -115, -10178}, 0, {2056, 3072}, {255, 255, 255, 255} }},
	{{ {-17967, -1672, 3574}, 0, {2056, 4096}, {255, 255, 255, 255} }},
	{{ {-17612, -6642, 5361}, 0, {1028, 4096}, {255, 255, 255, 255} }},
	{{ {-17967, -6642, 3574}, 0, {2056, 4096}, {255, 255, 255, 255} }},
	{{ {-17612, -1672, 5361}, 0, {1028, 4096}, {255, 255, 255, 255} }},
	{{ {-17612, -115, 5361}, 0, {1028, 3072}, {255, 255, 255, 255} }},
	{{ {-17967, -115, 3574}, 0, {2056, 3072}, {255, 255, 255, 255} }},
	{{ {-10178, -1672, 15232}, 0, {2056, 4096}, {255, 255, 255, 255} }},
	{{ {-8663, -6642, 16244}, 0, {1028, 4096}, {255, 255, 255, 255} }},
	{{ {-10178, -6642, 15232}, 0, {2056, 4096}, {255, 255, 255, 255} }},
	{{ {-8663, -1672, 16244}, 0, {1028, 4096}, {255, 255, 255, 255} }},
	{{ {-8663, -115, 16244}, 0, {1028, 3072}, {255, 255, 255, 255} }},
	{{ {-10178, -115, 15232}, 0, {2056, 3072}, {255, 255, 255, 255} }},
	{{ {3574, -1672, 17967}, 0, {2056, 4096}, {255, 255, 255, 255} }},
	{{ {5361, -6642, 17612}, 0, {1028, 4096}, {255, 255, 255, 255} }},
	{{ {3574, -6642, 17967}, 0, {2056, 4096}, {255, 255, 255, 255} }},
	{{ {5361, -1672, 17612}, 0, {1028, 4096}, {255, 255, 255, 255} }},
	{{ {5361, -115, 17612}, 0, {1028, 3072}, {255, 255, 255, 255} }},
	{{ {3574, -115, 17967}, 0, {2056, 3072}, {255, 255, 255, 255} }},
	{{ {15232, -1672, 10178}, 0, {2056, 4096}, {255, 255, 255, 255} }},
	{{ {16244, -6642, 8663}, 0, {1028, 4096}, {255, 255, 255, 255} }},
	{{ {15232, -6642, 10178}, 0, {2056, 4096}, {255, 255, 255, 255} }},
	{{ {16244, -1672, 8663}, 0, {1028, 4096}, {255, 255, 255, 255} }},
	{{ {16244, -115, 8663}, 0, {1028, 3072}, {255, 255, 255, 255} }},
	{{ {15232, -115, 10178}, 0, {2056, 3072}, {255, 255, 255, 255} }},
	{{ {17967, -1672, -3574}, 0, {2056, 4096}, {255, 255, 255, 255} }},
	{{ {17612, -6642, -5361}, 0, {1028, 4096}, {255, 255, 255, 255} }},
	{{ {17967, -6642, -3574}, 0, {2056, 4096}, {255, 255, 255, 255} }},
	{{ {17612, -1672, -5361}, 0, {1028, 4096}, {255, 255, 255, 255} }},
	{{ {17612, -115, -5361}, 0, {1028, 3072}, {255, 255, 255, 255} }},
	{{ {17967, -115, -3574}, 0, {2056, 3072}, {255, 255, 255, 255} }},
	{{ {-10506, -6643, 10506}, 0, {1036, 4085}, {255, 255, 255, 255} }},
	{{ {-10506, -6643, 21013}, 0, {1036, 4093}, {255, 255, 255, 255} }},
	{{ {0, -6643, 21013}, 0, {2056, 4093}, {255, 255, 255, 255} }},
	{{ {0, -6643, 10506}, 0, {2056, 4085}, {255, 255, 255, 255} }},
	{{ {-10506, -6643, 0}, 0, {1036, 4077}, {255, 255, 255, 255} }},
	{{ {0, -6643, 0}, 0, {2056, 4077}, {255, 255, 255, 255} }},
	{{ {-10506, -6643, -10506}, 0, {1036, 4069}, {255, 255, 255, 255} }},
	{{ {0, -6643, -10506}, 0, {2056, 4069}, {255, 255, 255, 255} }},
	{{ {-10506, -6643, -21013}, 0, {1036, 4061}, {255, 255, 255, 255} }},
	{{ {0, -6643, -21013}, 0, {2056, 4061}, {255, 255, 255, 255} }},
	{{ {17967, -115, -3574}, 0, {2056, 3072}, {255, 255, 255, 255} }},
	{{ {17612, 1443, -5361}, 0, {1028, 2048}, {255, 255, 255, 255} }},
	{{ {17612, -115, -5361}, 0, {1028, 3072}, {255, 255, 255, 255} }},
	{{ {17967, 1443, -3574}, 0, {2056, 2048}, {255, 255, 255, 255} }},
	{{ {3574, -115, 17967}, 0, {2056, 3072}, {255, 255, 255, 255} }},
	{{ {5361, 1443, 17612}, 0, {1028, 2048}, {255, 255, 255, 255} }},
	{{ {5361, -115, 17612}, 0, {1028, 3072}, {255, 255, 255, 255} }},
	{{ {3574, 1443, 17967}, 0, {2056, 2048}, {255, 255, 255, 255} }},
	{{ {10178, -115, -15232}, 0, {2056, 3072}, {255, 255, 255, 255} }},
	{{ {8663, 1443, -16244}, 0, {1028, 2048}, {255, 255, 255, 255} }},
	{{ {8663, -115, -16244}, 0, {1028, 3072}, {255, 255, 255, 255} }},
	{{ {10178, 1443, -15232}, 0, {2056, 2048}, {255, 255, 255, 255} }},
	{{ {-10178, -115, 15232}, 0, {2056, 3072}, {255, 255, 255, 255} }},
	{{ {-8663, 1443, 16244}, 0, {1028, 2048}, {255, 255, 255, 255} }},
	{{ {-8663, -115, 16244}, 0, {1028, 3072}, {255, 255, 255, 255} }},
	{{ {-10178, 1443, 15232}, 0, {2056, 2048}, {255, 255, 255, 255} }},
	{{ {-3574, -115, -17967}, 0, {2056, 3072}, {255, 255, 255, 255} }},
	{{ {-5361, 1443, -17612}, 0, {1028, 2048}, {255, 255, 255, 255} }},
	{{ {-5361, -115, -17612}, 0, {1028, 3072}, {255, 255, 255, 255} }},
	{{ {-3574, 1443, -17967}, 0, {2056, 2048}, {255, 255, 255, 255} }},
	{{ {-17967, -115, 3574}, 0, {2056, 3072}, {255, 255, 255, 255} }},
	{{ {-17612, 1443, 5361}, 0, {1028, 2048}, {255, 255, 255, 255} }},
	{{ {-17612, -115, 5361}, 0, {1028, 3072}, {255, 255, 255, 255} }},
	{{ {-17967, 1443, 3574}, 0, {2056, 2048}, {255, 255, 255, 255} }},
	{{ {-15232, -115, -10178}, 0, {2056, 3072}, {255, 255, 255, 255} }},
	{{ {-16244, 1443, -8663}, 0, {1028, 2048}, {255, 255, 255, 255} }},
	{{ {-16244, -115, -8663}, 0, {1028, 3072}, {255, 255, 255, 255} }},
	{{ {-15232, 1443, -10178}, 0, {2056, 2048}, {255, 255, 255, 255} }},
	{{ {15232, -115, 10178}, 0, {2056, 3072}, {255, 255, 255, 255} }},
	{{ {16244, 1443, 8663}, 0, {1028, 2048}, {255, 255, 255, 255} }},
	{{ {16244, -115, 8663}, 0, {1028, 3072}, {255, 255, 255, 255} }},
	{{ {15232, 1443, 10178}, 0, {2056, 2048}, {255, 255, 255, 255} }},
	{{ {16244, 1443, 8663}, 0, {1028, 2048}, {255, 255, 255, 255} }},
	{{ {17256, 3000, 7148}, 0, {0, 1024}, {255, 255, 255, 255} }},
	{{ {17256, 1443, 7148}, 0, {0, 2048}, {255, 255, 255, 255} }},
	{{ {16244, 3000, 8663}, 0, {1028, 1024}, {255, 255, 255, 255} }},
	{{ {-16244, 1443, -8663}, 0, {1028, 2048}, {255, 255, 255, 255} }},
	{{ {-17256, 3000, -7148}, 0, {0, 1024}, {255, 255, 255, 255} }},
	{{ {-17256, 1443, -7148}, 0, {0, 2048}, {255, 255, 255, 255} }},
	{{ {-16244, 3000, -8663}, 0, {1028, 1024}, {255, 255, 255, 255} }},
	{{ {-17612, 1443, 5361}, 0, {1028, 2048}, {255, 255, 255, 255} }},
	{{ {-17256, 3000, 7148}, 0, {0, 1024}, {255, 255, 255, 255} }},
	{{ {-17256, 1443, 7148}, 0, {0, 2048}, {255, 255, 255, 255} }},
	{{ {-17612, 3000, 5361}, 0, {1028, 1024}, {255, 255, 255, 255} }},
	{{ {-5361, 1443, -17612}, 0, {1028, 2048}, {255, 255, 255, 255} }},
	{{ {-7148, 3000, -17256}, 0, {0, 1024}, {255, 255, 255, 255} }},
	{{ {-7148, 1443, -17256}, 0, {0, 2048}, {255, 255, 255, 255} }},
	{{ {-5361, 3000, -17612}, 0, {1028, 1024}, {255, 255, 255, 255} }},
	{{ {-8663, 1443, 16244}, 0, {1028, 2048}, {255, 255, 255, 255} }},
	{{ {-7148, 3000, 17256}, 0, {0, 1024}, {255, 255, 255, 255} }},
	{{ {-7148, 1443, 17256}, 0, {0, 2048}, {255, 255, 255, 255} }},
	{{ {-8663, 3000, 16244}, 0, {1028, 1024}, {255, 255, 255, 255} }},
	{{ {8663, 1443, -16244}, 0, {1028, 2048}, {255, 255, 255, 255} }},
	{{ {7148, 3000, -17256}, 0, {0, 1024}, {255, 255, 255, 255} }},
	{{ {7148, 1443, -17256}, 0, {0, 2048}, {255, 255, 255, 255} }},
	{{ {8663, 3000, -16244}, 0, {1028, 1024}, {255, 255, 255, 255} }},
	{{ {5361, 1443, 17612}, 0, {1028, 2048}, {255, 255, 255, 255} }},
	{{ {7148, 3000, 17256}, 0, {0, 1024}, {255, 255, 255, 255} }},
	{{ {7148, 1443, 17256}, 0, {0, 2048}, {255, 255, 255, 255} }},
	{{ {5361, 3000, 17612}, 0, {1028, 1024}, {255, 255, 255, 255} }},
	{{ {17612, 1443, -5361}, 0, {1028, 2048}, {255, 255, 255, 255} }},
	{{ {17256, 3000, -7148}, 0, {0, 1024}, {255, 255, 255, 255} }},
	{{ {17256, 1443, -7148}, 0, {0, 2048}, {255, 255, 255, 255} }},
	{{ {17612, 3000, -5361}, 0, {1028, 1024}, {255, 255, 255, 255} }},
	{{ {15232, 1443, 10178}, 0, {2056, 2048}, {255, 255, 255, 255} }},
	{{ {16244, 3000, 8663}, 0, {1028, 1024}, {255, 255, 255, 255} }},
	{{ {16244, 1443, 8663}, 0, {1028, 2048}, {255, 255, 255, 255} }},
	{{ {15232, 3000, 10178}, 0, {2056, 1024}, {255, 255, 255, 255} }},
	{{ {-15232, 1443, -10178}, 0, {2056, 2048}, {255, 255, 255, 255} }},
	{{ {-16244, 3000, -8663}, 0, {1028, 1024}, {255, 255, 255, 255} }},
	{{ {-16244, 1443, -8663}, 0, {1028, 2048}, {255, 255, 255, 255} }},
	{{ {-15232, 3000, -10178}, 0, {2056, 1024}, {255, 255, 255, 255} }},
	{{ {-17967, 1443, 3574}, 0, {2056, 2048}, {255, 255, 255, 255} }},
	{{ {-17612, 3000, 5361}, 0, {1028, 1024}, {255, 255, 255, 255} }},
	{{ {-17612, 1443, 5361}, 0, {1028, 2048}, {255, 255, 255, 255} }},
	{{ {-17967, 3000, 3574}, 0, {2056, 1024}, {255, 255, 255, 255} }},
	{{ {-3574, 1443, -17967}, 0, {2056, 2048}, {255, 255, 255, 255} }},
	{{ {-5361, 3000, -17612}, 0, {1028, 1024}, {255, 255, 255, 255} }},
	{{ {-5361, 1443, -17612}, 0, {1028, 2048}, {255, 255, 255, 255} }},
	{{ {-3574, 3000, -17967}, 0, {2056, 1024}, {255, 255, 255, 255} }},
	{{ {-10178, 1443, 15232}, 0, {2056, 2048}, {255, 255, 255, 255} }},
	{{ {-8663, 3000, 16244}, 0, {1028, 1024}, {255, 255, 255, 255} }},
	{{ {-8663, 1443, 16244}, 0, {1028, 2048}, {255, 255, 255, 255} }},
	{{ {-10178, 3000, 15232}, 0, {2056, 1024}, {255, 255, 255, 255} }},
	{{ {10178, 1443, -15232}, 0, {2056, 2048}, {255, 255, 255, 255} }},
	{{ {8663, 3000, -16244}, 0, {1028, 1024}, {255, 255, 255, 255} }},
	{{ {8663, 1443, -16244}, 0, {1028, 2048}, {255, 255, 255, 255} }},
	{{ {10178, 3000, -15232}, 0, {2056, 1024}, {255, 255, 255, 255} }},
	{{ {3574, 1443, 17967}, 0, {2056, 2048}, {255, 255, 255, 255} }},
	{{ {5361, 3000, 17612}, 0, {1028, 1024}, {255, 255, 255, 255} }},
	{{ {5361, 1443, 17612}, 0, {1028, 2048}, {255, 255, 255, 255} }},
	{{ {3574, 3000, 17967}, 0, {2056, 1024}, {255, 255, 255, 255} }},
	{{ {17967, 1443, -3574}, 0, {2056, 2048}, {255, 255, 255, 255} }},
	{{ {17612, 3000, -5361}, 0, {1028, 1024}, {255, 255, 255, 255} }},
	{{ {17612, 1443, -5361}, 0, {1028, 2048}, {255, 255, 255, 255} }},
	{{ {17967, 3000, -3574}, 0, {2056, 1024}, {255, 255, 255, 255} }},
	{{ {15232, 3000, 10178}, 0, {2056, 1024}, {255, 255, 255, 255} }},
	{{ {15232, 4557, 10178}, 0, {2056, 0}, {255, 255, 255, 255} }},
	{{ {16244, 4557, 8663}, 0, {1028, 0}, {255, 255, 255, 255} }},
	{{ {16244, 3000, 8663}, 0, {1028, 1024}, {255, 255, 255, 255} }},
	{{ {-15232, 3000, -10178}, 0, {2056, 1024}, {255, 255, 255, 255} }},
	{{ {-15232, 4557, -10178}, 0, {2056, 0}, {255, 255, 255, 255} }},
	{{ {-16244, 4557, -8663}, 0, {1028, 0}, {255, 255, 255, 255} }},
	{{ {-16244, 3000, -8663}, 0, {1028, 1024}, {255, 255, 255, 255} }},
	{{ {-17967, 3000, 3574}, 0, {2056, 1024}, {255, 255, 255, 255} }},
	{{ {-17967, 4557, 3574}, 0, {2056, 0}, {255, 255, 255, 255} }},
	{{ {-17612, 4557, 5361}, 0, {1028, 0}, {255, 255, 255, 255} }},
	{{ {-17612, 3000, 5361}, 0, {1028, 1024}, {255, 255, 255, 255} }},
	{{ {-3574, 3000, -17967}, 0, {2056, 1024}, {255, 255, 255, 255} }},
	{{ {-3574, 4557, -17967}, 0, {2056, 0}, {255, 255, 255, 255} }},
	{{ {-5361, 4557, -17612}, 0, {1028, 0}, {255, 255, 255, 255} }},
	{{ {-5361, 3000, -17612}, 0, {1028, 1024}, {255, 255, 255, 255} }},
	{{ {-10178, 3000, 15232}, 0, {2056, 1024}, {255, 255, 255, 255} }},
	{{ {-10178, 4557, 15232}, 0, {2056, 0}, {255, 255, 255, 255} }},
	{{ {-8663, 4557, 16244}, 0, {1028, 0}, {255, 255, 255, 255} }},
	{{ {-8663, 3000, 16244}, 0, {1028, 1024}, {255, 255, 255, 255} }},
	{{ {10178, 3000, -15232}, 0, {2056, 1024}, {255, 255, 255, 255} }},
	{{ {10178, 4557, -15232}, 0, {2056, 0}, {255, 255, 255, 255} }},
	{{ {8663, 4557, -16244}, 0, {1028, 0}, {255, 255, 255, 255} }},
	{{ {8663, 3000, -16244}, 0, {1028, 1024}, {255, 255, 255, 255} }},
	{{ {3574, 3000, 17967}, 0, {2056, 1024}, {255, 255, 255, 255} }},
	{{ {3574, 4557, 17967}, 0, {2056, 0}, {255, 255, 255, 255} }},
	{{ {5361, 4557, 17612}, 0, {1028, 0}, {255, 255, 255, 255} }},
	{{ {5361, 3000, 17612}, 0, {1028, 1024}, {255, 255, 255, 255} }},
	{{ {17967, 3000, -3574}, 0, {2056, 1024}, {255, 255, 255, 255} }},
	{{ {17967, 4557, -3574}, 0, {2056, 0}, {255, 255, 255, 255} }},
	{{ {17612, 4557, -5361}, 0, {1028, 0}, {255, 255, 255, 255} }},
	{{ {17612, 3000, -5361}, 0, {1028, 1024}, {255, 255, 255, 255} }},
};

Vtx chao_skybox_skybox_mesh_vtx_1[556] = {
	{{ {-18322, 3000, -1787}, 0, {1028, 1024}, {255, 255, 255, 255} }},
	{{ {-18322, 4557, -1787}, 0, {1028, 0}, {255, 255, 255, 255} }},
	{{ {-18678, 4557, 0}, 0, {0, 0}, {255, 255, 255, 255} }},
	{{ {-18678, 3000, 0}, 0, {0, 1024}, {255, 255, 255, 255} }},
	{{ {14220, 3000, -11692}, 0, {1028, 1024}, {255, 255, 255, 255} }},
	{{ {14220, 4557, -11692}, 0, {1028, 0}, {255, 255, 255, 255} }},
	{{ {13207, 4557, -13207}, 0, {0, 0}, {255, 255, 255, 255} }},
	{{ {13207, 3000, -13207}, 0, {0, 1024}, {255, 255, 255, 255} }},
	{{ {-1787, 3000, 18322}, 0, {1028, 1024}, {255, 255, 255, 255} }},
	{{ {-1787, 4557, 18322}, 0, {1028, 0}, {255, 255, 255, 255} }},
	{{ {0, 4557, 18678}, 0, {0, 0}, {255, 255, 255, 255} }},
	{{ {0, 3000, 18678}, 0, {0, 1024}, {255, 255, 255, 255} }},
	{{ {1787, 3000, -18322}, 0, {1028, 1024}, {255, 255, 255, 255} }},
	{{ {1787, 4557, -18322}, 0, {1028, 0}, {255, 255, 255, 255} }},
	{{ {0, 4557, -18678}, 0, {0, 0}, {255, 255, 255, 255} }},
	{{ {0, 3000, -18678}, 0, {0, 1024}, {255, 255, 255, 255} }},
	{{ {-14219, 3000, 11692}, 0, {1028, 1024}, {255, 255, 255, 255} }},
	{{ {-14219, 4557, 11692}, 0, {1028, 0}, {255, 255, 255, 255} }},
	{{ {-13207, 4557, 13207}, 0, {0, 0}, {255, 255, 255, 255} }},
	{{ {-13207, 3000, 13207}, 0, {0, 1024}, {255, 255, 255, 255} }},
	{{ {11692, 3000, 14219}, 0, {1028, 1024}, {255, 255, 255, 255} }},
	{{ {11692, 4557, 14219}, 0, {1028, 0}, {255, 255, 255, 255} }},
	{{ {13207, 4557, 13207}, 0, {0, 0}, {255, 255, 255, 255} }},
	{{ {13207, 3000, 13207}, 0, {0, 1024}, {255, 255, 255, 255} }},
	{{ {18322, 3000, 1787}, 0, {1028, 1024}, {255, 255, 255, 255} }},
	{{ {18322, 4557, 1787}, 0, {1028, 0}, {255, 255, 255, 255} }},
	{{ {18678, 4557, 0}, 0, {0, 0}, {255, 255, 255, 255} }},
	{{ {18678, 3000, 0}, 0, {0, 1024}, {255, 255, 255, 255} }},
	{{ {-11692, 3000, -14220}, 0, {1028, 1024}, {255, 255, 255, 255} }},
	{{ {-11692, 4557, -14220}, 0, {1028, 0}, {255, 255, 255, 255} }},
	{{ {-13207, 4557, -13207}, 0, {0, 0}, {255, 255, 255, 255} }},
	{{ {-13207, 3000, -13207}, 0, {0, 1024}, {255, 255, 255, 255} }},
	{{ {-11692, -115, -14220}, 0, {1028, 3072}, {255, 255, 255, 255} }},
	{{ {-13207, 1443, -13207}, 0, {0, 2048}, {255, 255, 255, 255} }},
	{{ {-13207, -115, -13207}, 0, {0, 3072}, {255, 255, 255, 255} }},
	{{ {-11692, 1443, -14220}, 0, {1028, 2048}, {255, 255, 255, 255} }},
	{{ {18322, -115, 1787}, 0, {1028, 3072}, {255, 255, 255, 255} }},
	{{ {18678, 1443, 0}, 0, {0, 2048}, {255, 255, 255, 255} }},
	{{ {18678, -115, 0}, 0, {0, 3072}, {255, 255, 255, 255} }},
	{{ {18322, 1443, 1787}, 0, {1028, 2048}, {255, 255, 255, 255} }},
	{{ {11692, -115, 14219}, 0, {1028, 3072}, {255, 255, 255, 255} }},
	{{ {13207, 1443, 13207}, 0, {0, 2048}, {255, 255, 255, 255} }},
	{{ {13207, -115, 13207}, 0, {0, 3072}, {255, 255, 255, 255} }},
	{{ {11692, 1443, 14219}, 0, {1028, 2048}, {255, 255, 255, 255} }},
	{{ {-14219, -115, 11692}, 0, {1028, 3072}, {255, 255, 255, 255} }},
	{{ {-13207, 1443, 13207}, 0, {0, 2048}, {255, 255, 255, 255} }},
	{{ {-13207, -115, 13207}, 0, {0, 3072}, {255, 255, 255, 255} }},
	{{ {-14219, 1443, 11692}, 0, {1028, 2048}, {255, 255, 255, 255} }},
	{{ {1787, -115, -18322}, 0, {1028, 3072}, {255, 255, 255, 255} }},
	{{ {0, 1443, -18678}, 0, {0, 2048}, {255, 255, 255, 255} }},
	{{ {0, -115, -18678}, 0, {0, 3072}, {255, 255, 255, 255} }},
	{{ {1787, 1443, -18322}, 0, {1028, 2048}, {255, 255, 255, 255} }},
	{{ {-1787, -115, 18322}, 0, {1028, 3072}, {255, 255, 255, 255} }},
	{{ {0, 1443, 18678}, 0, {0, 2048}, {255, 255, 255, 255} }},
	{{ {0, -115, 18678}, 0, {0, 3072}, {255, 255, 255, 255} }},
	{{ {-1787, 1443, 18322}, 0, {1028, 2048}, {255, 255, 255, 255} }},
	{{ {14220, -115, -11692}, 0, {1028, 3072}, {255, 255, 255, 255} }},
	{{ {13207, 1443, -13207}, 0, {0, 2048}, {255, 255, 255, 255} }},
	{{ {13207, -115, -13207}, 0, {0, 3072}, {255, 255, 255, 255} }},
	{{ {14220, 1443, -11692}, 0, {1028, 2048}, {255, 255, 255, 255} }},
	{{ {-18322, -115, -1787}, 0, {1028, 3072}, {255, 255, 255, 255} }},
	{{ {-18678, 1443, 0}, 0, {0, 2048}, {255, 255, 255, 255} }},
	{{ {-18678, -115, 0}, 0, {0, 3072}, {255, 255, 255, 255} }},
	{{ {-18322, 1443, -1787}, 0, {1028, 2048}, {255, 255, 255, 255} }},
	{{ {-8663, -115, -16244}, 0, {3084, 3072}, {255, 255, 255, 255} }},
	{{ {-8663, 1443, -16244}, 0, {3084, 2048}, {255, 255, 255, 255} }},
	{{ {-10178, 1443, -15232}, 0, {2056, 2048}, {255, 255, 255, 255} }},
	{{ {-10178, -115, -15232}, 0, {2056, 3072}, {255, 255, 255, 255} }},
	{{ {17612, -115, 5361}, 0, {3084, 3072}, {255, 255, 255, 255} }},
	{{ {17612, 1443, 5361}, 0, {3084, 2048}, {255, 255, 255, 255} }},
	{{ {17967, 1443, 3574}, 0, {2056, 2048}, {255, 255, 255, 255} }},
	{{ {17967, -115, 3574}, 0, {2056, 3072}, {255, 255, 255, 255} }},
	{{ {8663, -115, 16244}, 0, {3084, 3072}, {255, 255, 255, 255} }},
	{{ {8663, 1443, 16244}, 0, {3084, 2048}, {255, 255, 255, 255} }},
	{{ {10178, 1443, 15232}, 0, {2056, 2048}, {255, 255, 255, 255} }},
	{{ {10178, -115, 15232}, 0, {2056, 3072}, {255, 255, 255, 255} }},
	{{ {-16244, -115, 8663}, 0, {3084, 3072}, {255, 255, 255, 255} }},
	{{ {-16244, 1443, 8663}, 0, {3084, 2048}, {255, 255, 255, 255} }},
	{{ {-15232, 1443, 10178}, 0, {2056, 2048}, {255, 255, 255, 255} }},
	{{ {-15232, -115, 10178}, 0, {2056, 3072}, {255, 255, 255, 255} }},
	{{ {5361, -115, -17612}, 0, {3084, 3072}, {255, 255, 255, 255} }},
	{{ {5361, 1443, -17612}, 0, {3084, 2048}, {255, 255, 255, 255} }},
	{{ {3574, 1443, -17967}, 0, {2056, 2048}, {255, 255, 255, 255} }},
	{{ {3574, -115, -17967}, 0, {2056, 3072}, {255, 255, 255, 255} }},
	{{ {-5361, -115, 17612}, 0, {3084, 3072}, {255, 255, 255, 255} }},
	{{ {-5361, 1443, 17612}, 0, {3084, 2048}, {255, 255, 255, 255} }},
	{{ {-3574, 1443, 17967}, 0, {2056, 2048}, {255, 255, 255, 255} }},
	{{ {-3574, -115, 17967}, 0, {2056, 3072}, {255, 255, 255, 255} }},
	{{ {16244, -115, -8663}, 0, {3084, 3072}, {255, 255, 255, 255} }},
	{{ {16244, 1443, -8663}, 0, {3084, 2048}, {255, 255, 255, 255} }},
	{{ {15232, 1443, -10178}, 0, {2056, 2048}, {255, 255, 255, 255} }},
	{{ {15232, -115, -10178}, 0, {2056, 3072}, {255, 255, 255, 255} }},
	{{ {-17612, -115, -5361}, 0, {3084, 3072}, {255, 255, 255, 255} }},
	{{ {-17612, 1443, -5361}, 0, {3084, 2048}, {255, 255, 255, 255} }},
	{{ {-17967, 1443, -3574}, 0, {2056, 2048}, {255, 255, 255, 255} }},
	{{ {-17967, -115, -3574}, 0, {2056, 3072}, {255, 255, 255, 255} }},
	{{ {-8663, 3000, -16244}, 0, {3084, 1024}, {255, 255, 255, 255} }},
	{{ {-8663, 4557, -16244}, 0, {3084, 0}, {255, 255, 255, 255} }},
	{{ {-10178, 4557, -15232}, 0, {2056, 0}, {255, 255, 255, 255} }},
	{{ {-10178, 3000, -15232}, 0, {2056, 1024}, {255, 255, 255, 255} }},
	{{ {17612, 3000, 5361}, 0, {3084, 1024}, {255, 255, 255, 255} }},
	{{ {17612, 4557, 5361}, 0, {3084, 0}, {255, 255, 255, 255} }},
	{{ {17967, 4557, 3574}, 0, {2056, 0}, {255, 255, 255, 255} }},
	{{ {17967, 3000, 3574}, 0, {2056, 1024}, {255, 255, 255, 255} }},
	{{ {8663, 3000, 16244}, 0, {3084, 1024}, {255, 255, 255, 255} }},
	{{ {8663, 4557, 16244}, 0, {3084, 0}, {255, 255, 255, 255} }},
	{{ {10178, 4557, 15232}, 0, {2056, 0}, {255, 255, 255, 255} }},
	{{ {10178, 3000, 15232}, 0, {2056, 1024}, {255, 255, 255, 255} }},
	{{ {-16244, 3000, 8663}, 0, {3084, 1024}, {255, 255, 255, 255} }},
	{{ {-16244, 4557, 8663}, 0, {3084, 0}, {255, 255, 255, 255} }},
	{{ {-15232, 4557, 10178}, 0, {2056, 0}, {255, 255, 255, 255} }},
	{{ {-15232, 3000, 10178}, 0, {2056, 1024}, {255, 255, 255, 255} }},
	{{ {5361, 3000, -17612}, 0, {3084, 1024}, {255, 255, 255, 255} }},
	{{ {5361, 4557, -17612}, 0, {3084, 0}, {255, 255, 255, 255} }},
	{{ {3574, 4557, -17967}, 0, {2056, 0}, {255, 255, 255, 255} }},
	{{ {3574, 3000, -17967}, 0, {2056, 1024}, {255, 255, 255, 255} }},
	{{ {-5361, 3000, 17612}, 0, {3084, 1024}, {255, 255, 255, 255} }},
	{{ {-5361, 4557, 17612}, 0, {3084, 0}, {255, 255, 255, 255} }},
	{{ {-3574, 4557, 17967}, 0, {2056, 0}, {255, 255, 255, 255} }},
	{{ {-3574, 3000, 17967}, 0, {2056, 1024}, {255, 255, 255, 255} }},
	{{ {16244, 3000, -8663}, 0, {3084, 1024}, {255, 255, 255, 255} }},
	{{ {16244, 4557, -8663}, 0, {3084, 0}, {255, 255, 255, 255} }},
	{{ {15232, 4557, -10178}, 0, {2056, 0}, {255, 255, 255, 255} }},
	{{ {15232, 3000, -10178}, 0, {2056, 1024}, {255, 255, 255, 255} }},
	{{ {-17612, 3000, -5361}, 0, {3084, 1024}, {255, 255, 255, 255} }},
	{{ {-17612, 4557, -5361}, 0, {3084, 0}, {255, 255, 255, 255} }},
	{{ {-17967, 4557, -3574}, 0, {2056, 0}, {255, 255, 255, 255} }},
	{{ {-17967, 3000, -3574}, 0, {2056, 1024}, {255, 255, 255, 255} }},
	{{ {-17612, 1443, -5361}, 0, {3084, 2048}, {255, 255, 255, 255} }},
	{{ {-17612, 3000, -5361}, 0, {3084, 1024}, {255, 255, 255, 255} }},
	{{ {-17967, 3000, -3574}, 0, {2056, 1024}, {255, 255, 255, 255} }},
	{{ {-17967, 1443, -3574}, 0, {2056, 2048}, {255, 255, 255, 255} }},
	{{ {16244, 1443, -8663}, 0, {3084, 2048}, {255, 255, 255, 255} }},
	{{ {16244, 3000, -8663}, 0, {3084, 1024}, {255, 255, 255, 255} }},
	{{ {15232, 3000, -10178}, 0, {2056, 1024}, {255, 255, 255, 255} }},
	{{ {15232, 1443, -10178}, 0, {2056, 2048}, {255, 255, 255, 255} }},
	{{ {-5361, 1443, 17612}, 0, {3084, 2048}, {255, 255, 255, 255} }},
	{{ {-5361, 3000, 17612}, 0, {3084, 1024}, {255, 255, 255, 255} }},
	{{ {-3574, 3000, 17967}, 0, {2056, 1024}, {255, 255, 255, 255} }},
	{{ {-3574, 1443, 17967}, 0, {2056, 2048}, {255, 255, 255, 255} }},
	{{ {5361, 1443, -17612}, 0, {3084, 2048}, {255, 255, 255, 255} }},
	{{ {5361, 3000, -17612}, 0, {3084, 1024}, {255, 255, 255, 255} }},
	{{ {3574, 3000, -17967}, 0, {2056, 1024}, {255, 255, 255, 255} }},
	{{ {3574, 1443, -17967}, 0, {2056, 2048}, {255, 255, 255, 255} }},
	{{ {-16244, 1443, 8663}, 0, {3084, 2048}, {255, 255, 255, 255} }},
	{{ {-16244, 3000, 8663}, 0, {3084, 1024}, {255, 255, 255, 255} }},
	{{ {-15232, 3000, 10178}, 0, {2056, 1024}, {255, 255, 255, 255} }},
	{{ {-15232, 1443, 10178}, 0, {2056, 2048}, {255, 255, 255, 255} }},
	{{ {8663, 1443, 16244}, 0, {3084, 2048}, {255, 255, 255, 255} }},
	{{ {8663, 3000, 16244}, 0, {3084, 1024}, {255, 255, 255, 255} }},
	{{ {10178, 3000, 15232}, 0, {2056, 1024}, {255, 255, 255, 255} }},
	{{ {10178, 1443, 15232}, 0, {2056, 2048}, {255, 255, 255, 255} }},
	{{ {17612, 1443, 5361}, 0, {3084, 2048}, {255, 255, 255, 255} }},
	{{ {17612, 3000, 5361}, 0, {3084, 1024}, {255, 255, 255, 255} }},
	{{ {17967, 3000, 3574}, 0, {2056, 1024}, {255, 255, 255, 255} }},
	{{ {17967, 1443, 3574}, 0, {2056, 2048}, {255, 255, 255, 255} }},
	{{ {-8663, 1443, -16244}, 0, {3084, 2048}, {255, 255, 255, 255} }},
	{{ {-8663, 3000, -16244}, 0, {3084, 1024}, {255, 255, 255, 255} }},
	{{ {-10178, 3000, -15232}, 0, {2056, 1024}, {255, 255, 255, 255} }},
	{{ {-10178, 1443, -15232}, 0, {2056, 2048}, {255, 255, 255, 255} }},
	{{ {-17256, 1443, -7148}, 0, {4112, 2048}, {255, 255, 255, 255} }},
	{{ {-17256, 3000, -7148}, 0, {4112, 1024}, {255, 255, 255, 255} }},
	{{ {-17612, 3000, -5361}, 0, {3084, 1024}, {255, 255, 255, 255} }},
	{{ {-17612, 1443, -5361}, 0, {3084, 2048}, {255, 255, 255, 255} }},
	{{ {17256, 1443, -7148}, 0, {4112, 2048}, {255, 255, 255, 255} }},
	{{ {17256, 3000, -7148}, 0, {4112, 1024}, {255, 255, 255, 255} }},
	{{ {16244, 3000, -8663}, 0, {3084, 1024}, {255, 255, 255, 255} }},
	{{ {16244, 1443, -8663}, 0, {3084, 2048}, {255, 255, 255, 255} }},
	{{ {-7148, 1443, 17256}, 0, {4112, 2048}, {255, 255, 255, 255} }},
	{{ {-7148, 3000, 17256}, 0, {4112, 1024}, {255, 255, 255, 255} }},
	{{ {-5361, 3000, 17612}, 0, {3084, 1024}, {255, 255, 255, 255} }},
	{{ {-5361, 1443, 17612}, 0, {3084, 2048}, {255, 255, 255, 255} }},
	{{ {7148, 1443, -17256}, 0, {4112, 2048}, {255, 255, 255, 255} }},
	{{ {7148, 3000, -17256}, 0, {4112, 1024}, {255, 255, 255, 255} }},
	{{ {5361, 3000, -17612}, 0, {3084, 1024}, {255, 255, 255, 255} }},
	{{ {5361, 1443, -17612}, 0, {3084, 2048}, {255, 255, 255, 255} }},
	{{ {-17256, 1443, 7148}, 0, {4112, 2048}, {255, 255, 255, 255} }},
	{{ {-17256, 3000, 7148}, 0, {4112, 1024}, {255, 255, 255, 255} }},
	{{ {-16244, 3000, 8663}, 0, {3084, 1024}, {255, 255, 255, 255} }},
	{{ {-16244, 1443, 8663}, 0, {3084, 2048}, {255, 255, 255, 255} }},
	{{ {7148, 1443, 17256}, 0, {4112, 2048}, {255, 255, 255, 255} }},
	{{ {7148, 3000, 17256}, 0, {4112, 1024}, {255, 255, 255, 255} }},
	{{ {8663, 3000, 16244}, 0, {3084, 1024}, {255, 255, 255, 255} }},
	{{ {8663, 1443, 16244}, 0, {3084, 2048}, {255, 255, 255, 255} }},
	{{ {17256, 1443, 7148}, 0, {4112, 2048}, {255, 255, 255, 255} }},
	{{ {17256, 3000, 7148}, 0, {4112, 1024}, {255, 255, 255, 255} }},
	{{ {17612, 3000, 5361}, 0, {3084, 1024}, {255, 255, 255, 255} }},
	{{ {17612, 1443, 5361}, 0, {3084, 2048}, {255, 255, 255, 255} }},
	{{ {-7148, 1443, -17256}, 0, {4112, 2048}, {255, 255, 255, 255} }},
	{{ {-7148, 3000, -17256}, 0, {4112, 1024}, {255, 255, 255, 255} }},
	{{ {-8663, 3000, -16244}, 0, {3084, 1024}, {255, 255, 255, 255} }},
	{{ {-8663, 1443, -16244}, 0, {3084, 2048}, {255, 255, 255, 255} }},
	{{ {-17256, 3000, -7148}, 0, {4112, 1024}, {255, 255, 255, 255} }},
	{{ {-17256, 4557, -7148}, 0, {4112, 0}, {255, 255, 255, 255} }},
	{{ {-17612, 4557, -5361}, 0, {3084, 0}, {255, 255, 255, 255} }},
	{{ {-17612, 3000, -5361}, 0, {3084, 1024}, {255, 255, 255, 255} }},
	{{ {17256, 3000, -7148}, 0, {4112, 1024}, {255, 255, 255, 255} }},
	{{ {17256, 4557, -7148}, 0, {4112, 0}, {255, 255, 255, 255} }},
	{{ {16244, 4557, -8663}, 0, {3084, 0}, {255, 255, 255, 255} }},
	{{ {16244, 3000, -8663}, 0, {3084, 1024}, {255, 255, 255, 255} }},
	{{ {-7148, 3000, 17256}, 0, {4112, 1024}, {255, 255, 255, 255} }},
	{{ {-7148, 4557, 17256}, 0, {4112, 0}, {255, 255, 255, 255} }},
	{{ {-5361, 4557, 17612}, 0, {3084, 0}, {255, 255, 255, 255} }},
	{{ {-5361, 3000, 17612}, 0, {3084, 1024}, {255, 255, 255, 255} }},
	{{ {7148, 3000, -17256}, 0, {4112, 1024}, {255, 255, 255, 255} }},
	{{ {7148, 4557, -17256}, 0, {4112, 0}, {255, 255, 255, 255} }},
	{{ {5361, 4557, -17612}, 0, {3084, 0}, {255, 255, 255, 255} }},
	{{ {5361, 3000, -17612}, 0, {3084, 1024}, {255, 255, 255, 255} }},
	{{ {-17256, 3000, 7148}, 0, {4112, 1024}, {255, 255, 255, 255} }},
	{{ {-17256, 4557, 7148}, 0, {4112, 0}, {255, 255, 255, 255} }},
	{{ {-16244, 4557, 8663}, 0, {3084, 0}, {255, 255, 255, 255} }},
	{{ {-16244, 3000, 8663}, 0, {3084, 1024}, {255, 255, 255, 255} }},
	{{ {7148, 3000, 17256}, 0, {4112, 1024}, {255, 255, 255, 255} }},
	{{ {7148, 4557, 17256}, 0, {4112, 0}, {255, 255, 255, 255} }},
	{{ {8663, 4557, 16244}, 0, {3084, 0}, {255, 255, 255, 255} }},
	{{ {8663, 3000, 16244}, 0, {3084, 1024}, {255, 255, 255, 255} }},
	{{ {17256, 3000, 7148}, 0, {4112, 1024}, {255, 255, 255, 255} }},
	{{ {17256, 4557, 7148}, 0, {4112, 0}, {255, 255, 255, 255} }},
	{{ {17612, 4557, 5361}, 0, {3084, 0}, {255, 255, 255, 255} }},
	{{ {17612, 3000, 5361}, 0, {3084, 1024}, {255, 255, 255, 255} }},
	{{ {-7148, 3000, -17256}, 0, {4112, 1024}, {255, 255, 255, 255} }},
	{{ {-7148, 4557, -17256}, 0, {4112, 0}, {255, 255, 255, 255} }},
	{{ {-8663, 4557, -16244}, 0, {3084, 0}, {255, 255, 255, 255} }},
	{{ {-8663, 3000, -16244}, 0, {3084, 1024}, {255, 255, 255, 255} }},
	{{ {-7148, -1672, 17256}, 0, {4112, 4096}, {255, 255, 255, 255} }},
	{{ {-5361, -6642, 17612}, 0, {3084, 4096}, {255, 255, 255, 255} }},
	{{ {-7148, -6642, 17256}, 0, {4112, 4096}, {255, 255, 255, 255} }},
	{{ {-5361, -1672, 17612}, 0, {3084, 4096}, {255, 255, 255, 255} }},
	{{ {-5361, -115, 17612}, 0, {3084, 3072}, {255, 255, 255, 255} }},
	{{ {-7148, -115, 17256}, 0, {4112, 3072}, {255, 255, 255, 255} }},
	{{ {-3574, -115, 17967}, 0, {2056, 3072}, {255, 255, 255, 255} }},
	{{ {-3574, -1672, 17967}, 0, {2056, 4096}, {255, 255, 255, 255} }},
	{{ {-3574, -6642, 17967}, 0, {2056, 4096}, {255, 255, 255, 255} }},
	{{ {7148, -1672, -17256}, 0, {4112, 4096}, {255, 255, 255, 255} }},
	{{ {5361, -6642, -17612}, 0, {3084, 4096}, {255, 255, 255, 255} }},
	{{ {7148, -6642, -17256}, 0, {4112, 4096}, {255, 255, 255, 255} }},
	{{ {5361, -1672, -17612}, 0, {3084, 4096}, {255, 255, 255, 255} }},
	{{ {5361, -115, -17612}, 0, {3084, 3072}, {255, 255, 255, 255} }},
	{{ {7148, -115, -17256}, 0, {4112, 3072}, {255, 255, 255, 255} }},
	{{ {3574, -115, -17967}, 0, {2056, 3072}, {255, 255, 255, 255} }},
	{{ {3574, -1672, -17967}, 0, {2056, 4096}, {255, 255, 255, 255} }},
	{{ {3574, -6642, -17967}, 0, {2056, 4096}, {255, 255, 255, 255} }},
	{{ {-7148, -1672, -17256}, 0, {4112, 4096}, {255, 255, 255, 255} }},
	{{ {-8663, -6642, -16244}, 0, {3084, 4096}, {255, 255, 255, 255} }},
	{{ {-7148, -6642, -17256}, 0, {4112, 4096}, {255, 255, 255, 255} }},
	{{ {-8663, -1672, -16244}, 0, {3084, 4096}, {255, 255, 255, 255} }},
	{{ {-8663, -115, -16244}, 0, {3084, 3072}, {255, 255, 255, 255} }},
	{{ {-7148, -115, -17256}, 0, {4112, 3072}, {255, 255, 255, 255} }},
	{{ {-10178, -115, -15232}, 0, {2056, 3072}, {255, 255, 255, 255} }},
	{{ {-10178, -1672, -15232}, 0, {2056, 4096}, {255, 255, 255, 255} }},
	{{ {-10178, -6642, -15232}, 0, {2056, 4096}, {255, 255, 255, 255} }},
	{{ {-17256, -1672, -7148}, 0, {4112, 4096}, {255, 255, 255, 255} }},
	{{ {-17612, -6642, -5361}, 0, {3084, 4096}, {255, 255, 255, 255} }},
	{{ {-17256, -6642, -7148}, 0, {4112, 4096}, {255, 255, 255, 255} }},
	{{ {-17612, -1672, -5361}, 0, {3084, 4096}, {255, 255, 255, 255} }},
	{{ {-17612, -115, -5361}, 0, {3084, 3072}, {255, 255, 255, 255} }},
	{{ {-17256, -115, -7148}, 0, {4112, 3072}, {255, 255, 255, 255} }},
	{{ {-17967, -115, -3574}, 0, {2056, 3072}, {255, 255, 255, 255} }},
	{{ {-17967, -1672, -3574}, 0, {2056, 4096}, {255, 255, 255, 255} }},
	{{ {-17967, -6642, -3574}, 0, {2056, 4096}, {255, 255, 255, 255} }},
	{{ {7148, -1672, 17256}, 0, {4112, 4096}, {255, 255, 255, 255} }},
	{{ {8663, -6642, 16244}, 0, {3084, 4096}, {255, 255, 255, 255} }},
	{{ {7148, -6642, 17256}, 0, {4112, 4096}, {255, 255, 255, 255} }},
	{{ {8663, -1672, 16244}, 0, {3084, 4096}, {255, 255, 255, 255} }},
	{{ {8663, -115, 16244}, 0, {3084, 3072}, {255, 255, 255, 255} }},
	{{ {7148, -115, 17256}, 0, {4112, 3072}, {255, 255, 255, 255} }},
	{{ {10178, -115, 15232}, 0, {2056, 3072}, {255, 255, 255, 255} }},
	{{ {10178, -1672, 15232}, 0, {2056, 4096}, {255, 255, 255, 255} }},
	{{ {10178, -6642, 15232}, 0, {2056, 4096}, {255, 255, 255, 255} }},
	{{ {-17256, -1672, 7148}, 0, {4112, 4096}, {255, 255, 255, 255} }},
	{{ {-16244, -6642, 8663}, 0, {3084, 4096}, {255, 255, 255, 255} }},
	{{ {-17256, -6642, 7148}, 0, {4112, 4096}, {255, 255, 255, 255} }},
	{{ {-16244, -1672, 8663}, 0, {3084, 4096}, {255, 255, 255, 255} }},
	{{ {-16244, -115, 8663}, 0, {3084, 3072}, {255, 255, 255, 255} }},
	{{ {-17256, -115, 7148}, 0, {4112, 3072}, {255, 255, 255, 255} }},
	{{ {-15232, -115, 10178}, 0, {2056, 3072}, {255, 255, 255, 255} }},
	{{ {-15232, -1672, 10178}, 0, {2056, 4096}, {255, 255, 255, 255} }},
	{{ {-15232, -6642, 10178}, 0, {2056, 4096}, {255, 255, 255, 255} }},
	{{ {17256, -1672, -7148}, 0, {4112, 4096}, {255, 255, 255, 255} }},
	{{ {16244, -6642, -8663}, 0, {3084, 4096}, {255, 255, 255, 255} }},
	{{ {17256, -6642, -7148}, 0, {4112, 4096}, {255, 255, 255, 255} }},
	{{ {16244, -1672, -8663}, 0, {3084, 4096}, {255, 255, 255, 255} }},
	{{ {16244, -115, -8663}, 0, {3084, 3072}, {255, 255, 255, 255} }},
	{{ {17256, -1672, -7148}, 0, {4112, 4096}, {255, 255, 255, 255} }},
	{{ {17256, -115, -7148}, 0, {4112, 3072}, {255, 255, 255, 255} }},
	{{ {16244, -115, -8663}, 0, {3084, 3072}, {255, 255, 255, 255} }},
	{{ {16244, -1672, -8663}, 0, {3084, 4096}, {255, 255, 255, 255} }},
	{{ {15232, -115, -10178}, 0, {2056, 3072}, {255, 255, 255, 255} }},
	{{ {15232, -1672, -10178}, 0, {2056, 4096}, {255, 255, 255, 255} }},
	{{ {15232, -6642, -10178}, 0, {2056, 4096}, {255, 255, 255, 255} }},
	{{ {16244, -6642, -8663}, 0, {3084, 4096}, {255, 255, 255, 255} }},
	{{ {17256, -1672, 7148}, 0, {4112, 4096}, {255, 255, 255, 255} }},
	{{ {17612, -6642, 5361}, 0, {3084, 4096}, {255, 255, 255, 255} }},
	{{ {17256, -6642, 7148}, 0, {4112, 4096}, {255, 255, 255, 255} }},
	{{ {17612, -1672, 5361}, 0, {3084, 4096}, {255, 255, 255, 255} }},
	{{ {17612, -115, 5361}, 0, {3084, 3072}, {255, 255, 255, 255} }},
	{{ {17256, -115, 7148}, 0, {4112, 3072}, {255, 255, 255, 255} }},
	{{ {17967, -115, 3574}, 0, {2056, 3072}, {255, 255, 255, 255} }},
	{{ {17967, -1672, 3574}, 0, {2056, 4096}, {255, 255, 255, 255} }},
	{{ {17967, -6642, 3574}, 0, {2056, 4096}, {255, 255, 255, 255} }},
	{{ {-17256, -115, -7148}, 0, {4112, 3072}, {255, 255, 255, 255} }},
	{{ {-17256, 1443, -7148}, 0, {4112, 2048}, {255, 255, 255, 255} }},
	{{ {-17612, 1443, -5361}, 0, {3084, 2048}, {255, 255, 255, 255} }},
	{{ {-17612, -115, -5361}, 0, {3084, 3072}, {255, 255, 255, 255} }},
	{{ {17256, -115, -7148}, 0, {4112, 3072}, {255, 255, 255, 255} }},
	{{ {17256, 1443, -7148}, 0, {4112, 2048}, {255, 255, 255, 255} }},
	{{ {16244, 1443, -8663}, 0, {3084, 2048}, {255, 255, 255, 255} }},
	{{ {16244, -115, -8663}, 0, {3084, 3072}, {255, 255, 255, 255} }},
	{{ {-7148, -115, 17256}, 0, {4112, 3072}, {255, 255, 255, 255} }},
	{{ {-7148, 1443, 17256}, 0, {4112, 2048}, {255, 255, 255, 255} }},
	{{ {-5361, 1443, 17612}, 0, {3084, 2048}, {255, 255, 255, 255} }},
	{{ {-5361, -115, 17612}, 0, {3084, 3072}, {255, 255, 255, 255} }},
	{{ {7148, -115, -17256}, 0, {4112, 3072}, {255, 255, 255, 255} }},
	{{ {7148, 1443, -17256}, 0, {4112, 2048}, {255, 255, 255, 255} }},
	{{ {5361, 1443, -17612}, 0, {3084, 2048}, {255, 255, 255, 255} }},
	{{ {5361, -115, -17612}, 0, {3084, 3072}, {255, 255, 255, 255} }},
	{{ {-17256, -115, 7148}, 0, {4112, 3072}, {255, 255, 255, 255} }},
	{{ {-17256, 1443, 7148}, 0, {4112, 2048}, {255, 255, 255, 255} }},
	{{ {-16244, 1443, 8663}, 0, {3084, 2048}, {255, 255, 255, 255} }},
	{{ {-16244, -115, 8663}, 0, {3084, 3072}, {255, 255, 255, 255} }},
	{{ {7148, -115, 17256}, 0, {4112, 3072}, {255, 255, 255, 255} }},
	{{ {7148, 1443, 17256}, 0, {4112, 2048}, {255, 255, 255, 255} }},
	{{ {8663, 1443, 16244}, 0, {3084, 2048}, {255, 255, 255, 255} }},
	{{ {8663, -115, 16244}, 0, {3084, 3072}, {255, 255, 255, 255} }},
	{{ {17256, -115, 7148}, 0, {4112, 3072}, {255, 255, 255, 255} }},
	{{ {17256, 1443, 7148}, 0, {4112, 2048}, {255, 255, 255, 255} }},
	{{ {17612, 1443, 5361}, 0, {3084, 2048}, {255, 255, 255, 255} }},
	{{ {17612, -115, 5361}, 0, {3084, 3072}, {255, 255, 255, 255} }},
	{{ {-7148, -115, -17256}, 0, {4112, 3072}, {255, 255, 255, 255} }},
	{{ {-7148, 1443, -17256}, 0, {4112, 2048}, {255, 255, 255, 255} }},
	{{ {-8663, 1443, -16244}, 0, {3084, 2048}, {255, 255, 255, 255} }},
	{{ {-8663, -115, -16244}, 0, {3084, 3072}, {255, 255, 255, 255} }},
	{{ {-18322, -1672, -1787}, 0, {1028, 4096}, {255, 255, 255, 255} }},
	{{ {-18322, -115, -1787}, 0, {1028, 3072}, {255, 255, 255, 255} }},
	{{ {-18678, -115, 0}, 0, {0, 3072}, {255, 255, 255, 255} }},
	{{ {-18678, -1672, 0}, 0, {0, 4096}, {255, 255, 255, 255} }},
	{{ {-18678, -6642, 0}, 0, {0, 4096}, {255, 255, 255, 255} }},
	{{ {-18322, -6642, -1787}, 0, {1028, 4096}, {255, 255, 255, 255} }},
	{{ {14220, -1672, -11692}, 0, {1028, 4096}, {255, 255, 255, 255} }},
	{{ {14220, -115, -11692}, 0, {1028, 3072}, {255, 255, 255, 255} }},
	{{ {13207, -115, -13207}, 0, {0, 3072}, {255, 255, 255, 255} }},
	{{ {13207, -1672, -13207}, 0, {0, 4096}, {255, 255, 255, 255} }},
	{{ {13207, -6642, -13207}, 0, {0, 4096}, {255, 255, 255, 255} }},
	{{ {14220, -6642, -11692}, 0, {1028, 4096}, {255, 255, 255, 255} }},
	{{ {-1787, -1672, 18322}, 0, {1028, 4096}, {255, 255, 255, 255} }},
	{{ {-1787, -115, 18322}, 0, {1028, 3072}, {255, 255, 255, 255} }},
	{{ {0, -115, 18678}, 0, {0, 3072}, {255, 255, 255, 255} }},
	{{ {0, -1672, 18678}, 0, {0, 4096}, {255, 255, 255, 255} }},
	{{ {0, -6642, 18678}, 0, {0, 4096}, {255, 255, 255, 255} }},
	{{ {-1787, -6642, 18322}, 0, {1028, 4096}, {255, 255, 255, 255} }},
	{{ {1787, -1672, -18322}, 0, {1028, 4096}, {255, 255, 255, 255} }},
	{{ {1787, -115, -18322}, 0, {1028, 3072}, {255, 255, 255, 255} }},
	{{ {0, -115, -18678}, 0, {0, 3072}, {255, 255, 255, 255} }},
	{{ {0, -1672, -18678}, 0, {0, 4096}, {255, 255, 255, 255} }},
	{{ {0, -6642, -18678}, 0, {0, 4096}, {255, 255, 255, 255} }},
	{{ {1787, -6642, -18322}, 0, {1028, 4096}, {255, 255, 255, 255} }},
	{{ {-14219, -1672, 11692}, 0, {1028, 4096}, {255, 255, 255, 255} }},
	{{ {-14219, -115, 11692}, 0, {1028, 3072}, {255, 255, 255, 255} }},
	{{ {-13207, -115, 13207}, 0, {0, 3072}, {255, 255, 255, 255} }},
	{{ {-13207, -1672, 13207}, 0, {0, 4096}, {255, 255, 255, 255} }},
	{{ {-13207, -6642, 13207}, 0, {0, 4096}, {255, 255, 255, 255} }},
	{{ {-14219, -6642, 11692}, 0, {1028, 4096}, {255, 255, 255, 255} }},
	{{ {11692, -1672, 14219}, 0, {1028, 4096}, {255, 255, 255, 255} }},
	{{ {11692, -115, 14219}, 0, {1028, 3072}, {255, 255, 255, 255} }},
	{{ {13207, -115, 13207}, 0, {0, 3072}, {255, 255, 255, 255} }},
	{{ {13207, -1672, 13207}, 0, {0, 4096}, {255, 255, 255, 255} }},
	{{ {13207, -6642, 13207}, 0, {0, 4096}, {255, 255, 255, 255} }},
	{{ {11692, -6642, 14219}, 0, {1028, 4096}, {255, 255, 255, 255} }},
	{{ {18322, -1672, 1787}, 0, {1028, 4096}, {255, 255, 255, 255} }},
	{{ {18322, -115, 1787}, 0, {1028, 3072}, {255, 255, 255, 255} }},
	{{ {18678, -115, 0}, 0, {0, 3072}, {255, 255, 255, 255} }},
	{{ {18678, -1672, 0}, 0, {0, 4096}, {255, 255, 255, 255} }},
	{{ {18678, -6642, 0}, 0, {0, 4096}, {255, 255, 255, 255} }},
	{{ {18322, -6642, 1787}, 0, {1028, 4096}, {255, 255, 255, 255} }},
	{{ {-11692, -1672, -14220}, 0, {1028, 4096}, {255, 255, 255, 255} }},
	{{ {-11692, -115, -14220}, 0, {1028, 3072}, {255, 255, 255, 255} }},
	{{ {-13207, -115, -13207}, 0, {0, 3072}, {255, 255, 255, 255} }},
	{{ {-13207, -1672, -13207}, 0, {0, 4096}, {255, 255, 255, 255} }},
	{{ {-13207, -6642, -13207}, 0, {0, 4096}, {255, 255, 255, 255} }},
	{{ {-11692, -6642, -14220}, 0, {1028, 4096}, {255, 255, 255, 255} }},
	{{ {-3574, -1672, 17967}, 0, {2056, 4096}, {255, 255, 255, 255} }},
	{{ {-1787, -6642, 18322}, 0, {1028, 4096}, {255, 255, 255, 255} }},
	{{ {-3574, -6642, 17967}, 0, {2056, 4096}, {255, 255, 255, 255} }},
	{{ {-1787, -1672, 18322}, 0, {1028, 4096}, {255, 255, 255, 255} }},
	{{ {-1787, -115, 18322}, 0, {1028, 3072}, {255, 255, 255, 255} }},
	{{ {-3574, -115, 17967}, 0, {2056, 3072}, {255, 255, 255, 255} }},
	{{ {3574, -1672, -17967}, 0, {2056, 4096}, {255, 255, 255, 255} }},
	{{ {1787, -6642, -18322}, 0, {1028, 4096}, {255, 255, 255, 255} }},
	{{ {3574, -6642, -17967}, 0, {2056, 4096}, {255, 255, 255, 255} }},
	{{ {1787, -1672, -18322}, 0, {1028, 4096}, {255, 255, 255, 255} }},
	{{ {1787, -115, -18322}, 0, {1028, 3072}, {255, 255, 255, 255} }},
	{{ {3574, -115, -17967}, 0, {2056, 3072}, {255, 255, 255, 255} }},
	{{ {-10178, -1672, -15232}, 0, {2056, 4096}, {255, 255, 255, 255} }},
	{{ {-11692, -6642, -14220}, 0, {1028, 4096}, {255, 255, 255, 255} }},
	{{ {-10178, -6642, -15232}, 0, {2056, 4096}, {255, 255, 255, 255} }},
	{{ {-11692, -1672, -14220}, 0, {1028, 4096}, {255, 255, 255, 255} }},
	{{ {-11692, -115, -14220}, 0, {1028, 3072}, {255, 255, 255, 255} }},
	{{ {-10178, -115, -15232}, 0, {2056, 3072}, {255, 255, 255, 255} }},
	{{ {-17967, -1672, -3574}, 0, {2056, 4096}, {255, 255, 255, 255} }},
	{{ {-18322, -6642, -1787}, 0, {1028, 4096}, {255, 255, 255, 255} }},
	{{ {-17967, -6642, -3574}, 0, {2056, 4096}, {255, 255, 255, 255} }},
	{{ {-18322, -1672, -1787}, 0, {1028, 4096}, {255, 255, 255, 255} }},
	{{ {-18322, -115, -1787}, 0, {1028, 3072}, {255, 255, 255, 255} }},
	{{ {-17967, -115, -3574}, 0, {2056, 3072}, {255, 255, 255, 255} }},
	{{ {10178, -1672, 15232}, 0, {2056, 4096}, {255, 255, 255, 255} }},
	{{ {11692, -6642, 14219}, 0, {1028, 4096}, {255, 255, 255, 255} }},
	{{ {10178, -6642, 15232}, 0, {2056, 4096}, {255, 255, 255, 255} }},
	{{ {11692, -1672, 14219}, 0, {1028, 4096}, {255, 255, 255, 255} }},
	{{ {11692, -115, 14219}, 0, {1028, 3072}, {255, 255, 255, 255} }},
	{{ {10178, -115, 15232}, 0, {2056, 3072}, {255, 255, 255, 255} }},
	{{ {-15232, -1672, 10178}, 0, {2056, 4096}, {255, 255, 255, 255} }},
	{{ {-14219, -6642, 11692}, 0, {1028, 4096}, {255, 255, 255, 255} }},
	{{ {-15232, -6642, 10178}, 0, {2056, 4096}, {255, 255, 255, 255} }},
	{{ {-14219, -1672, 11692}, 0, {1028, 4096}, {255, 255, 255, 255} }},
	{{ {-14219, -115, 11692}, 0, {1028, 3072}, {255, 255, 255, 255} }},
	{{ {-15232, -115, 10178}, 0, {2056, 3072}, {255, 255, 255, 255} }},
	{{ {15232, -1672, -10178}, 0, {2056, 4096}, {255, 255, 255, 255} }},
	{{ {14220, -6642, -11692}, 0, {1028, 4096}, {255, 255, 255, 255} }},
	{{ {15232, -6642, -10178}, 0, {2056, 4096}, {255, 255, 255, 255} }},
	{{ {14220, -1672, -11692}, 0, {1028, 4096}, {255, 255, 255, 255} }},
	{{ {14220, -115, -11692}, 0, {1028, 3072}, {255, 255, 255, 255} }},
	{{ {15232, -115, -10178}, 0, {2056, 3072}, {255, 255, 255, 255} }},
	{{ {17967, -1672, 3574}, 0, {2056, 4096}, {255, 255, 255, 255} }},
	{{ {18322, -6642, 1787}, 0, {1028, 4096}, {255, 255, 255, 255} }},
	{{ {17967, -6642, 3574}, 0, {2056, 4096}, {255, 255, 255, 255} }},
	{{ {18322, -1672, 1787}, 0, {1028, 4096}, {255, 255, 255, 255} }},
	{{ {18322, -115, 1787}, 0, {1028, 3072}, {255, 255, 255, 255} }},
	{{ {17967, -115, 3574}, 0, {2056, 3072}, {255, 255, 255, 255} }},
	{{ {-17967, -115, -3574}, 0, {2056, 3072}, {255, 255, 255, 255} }},
	{{ {-18322, 1443, -1787}, 0, {1028, 2048}, {255, 255, 255, 255} }},
	{{ {-18322, -115, -1787}, 0, {1028, 3072}, {255, 255, 255, 255} }},
	{{ {-17967, 1443, -3574}, 0, {2056, 2048}, {255, 255, 255, 255} }},
	{{ {15232, -115, -10178}, 0, {2056, 3072}, {255, 255, 255, 255} }},
	{{ {14220, 1443, -11692}, 0, {1028, 2048}, {255, 255, 255, 255} }},
	{{ {14220, -115, -11692}, 0, {1028, 3072}, {255, 255, 255, 255} }},
	{{ {15232, 1443, -10178}, 0, {2056, 2048}, {255, 255, 255, 255} }},
	{{ {-3574, -115, 17967}, 0, {2056, 3072}, {255, 255, 255, 255} }},
	{{ {-1787, 1443, 18322}, 0, {1028, 2048}, {255, 255, 255, 255} }},
	{{ {-1787, -115, 18322}, 0, {1028, 3072}, {255, 255, 255, 255} }},
	{{ {-3574, 1443, 17967}, 0, {2056, 2048}, {255, 255, 255, 255} }},
	{{ {3574, -115, -17967}, 0, {2056, 3072}, {255, 255, 255, 255} }},
	{{ {1787, 1443, -18322}, 0, {1028, 2048}, {255, 255, 255, 255} }},
	{{ {1787, -115, -18322}, 0, {1028, 3072}, {255, 255, 255, 255} }},
	{{ {3574, 1443, -17967}, 0, {2056, 2048}, {255, 255, 255, 255} }},
	{{ {-15232, -115, 10178}, 0, {2056, 3072}, {255, 255, 255, 255} }},
	{{ {-14219, 1443, 11692}, 0, {1028, 2048}, {255, 255, 255, 255} }},
	{{ {-14219, -115, 11692}, 0, {1028, 3072}, {255, 255, 255, 255} }},
	{{ {-15232, 1443, 10178}, 0, {2056, 2048}, {255, 255, 255, 255} }},
	{{ {10178, -115, 15232}, 0, {2056, 3072}, {255, 255, 255, 255} }},
	{{ {11692, 1443, 14219}, 0, {1028, 2048}, {255, 255, 255, 255} }},
	{{ {11692, -115, 14219}, 0, {1028, 3072}, {255, 255, 255, 255} }},
	{{ {10178, 1443, 15232}, 0, {2056, 2048}, {255, 255, 255, 255} }},
	{{ {17967, -115, 3574}, 0, {2056, 3072}, {255, 255, 255, 255} }},
	{{ {18322, 1443, 1787}, 0, {1028, 2048}, {255, 255, 255, 255} }},
	{{ {18322, -115, 1787}, 0, {1028, 3072}, {255, 255, 255, 255} }},
	{{ {17967, 1443, 3574}, 0, {2056, 2048}, {255, 255, 255, 255} }},
	{{ {-10178, -115, -15232}, 0, {2056, 3072}, {255, 255, 255, 255} }},
	{{ {-11692, 1443, -14220}, 0, {1028, 2048}, {255, 255, 255, 255} }},
	{{ {-11692, -115, -14220}, 0, {1028, 3072}, {255, 255, 255, 255} }},
	{{ {-10178, 1443, -15232}, 0, {2056, 2048}, {255, 255, 255, 255} }},
	{{ {-11692, 1443, -14220}, 0, {1028, 2048}, {255, 255, 255, 255} }},
	{{ {-13207, 3000, -13207}, 0, {0, 1024}, {255, 255, 255, 255} }},
	{{ {-13207, 1443, -13207}, 0, {0, 2048}, {255, 255, 255, 255} }},
	{{ {-11692, 3000, -14220}, 0, {1028, 1024}, {255, 255, 255, 255} }},
	{{ {18322, 1443, 1787}, 0, {1028, 2048}, {255, 255, 255, 255} }},
	{{ {18678, 3000, 0}, 0, {0, 1024}, {255, 255, 255, 255} }},
	{{ {18678, 1443, 0}, 0, {0, 2048}, {255, 255, 255, 255} }},
	{{ {18322, 3000, 1787}, 0, {1028, 1024}, {255, 255, 255, 255} }},
	{{ {11692, 1443, 14219}, 0, {1028, 2048}, {255, 255, 255, 255} }},
	{{ {13207, 3000, 13207}, 0, {0, 1024}, {255, 255, 255, 255} }},
	{{ {13207, 1443, 13207}, 0, {0, 2048}, {255, 255, 255, 255} }},
	{{ {11692, 3000, 14219}, 0, {1028, 1024}, {255, 255, 255, 255} }},
	{{ {-14219, 1443, 11692}, 0, {1028, 2048}, {255, 255, 255, 255} }},
	{{ {-13207, 3000, 13207}, 0, {0, 1024}, {255, 255, 255, 255} }},
	{{ {-13207, 1443, 13207}, 0, {0, 2048}, {255, 255, 255, 255} }},
	{{ {-14219, 3000, 11692}, 0, {1028, 1024}, {255, 255, 255, 255} }},
	{{ {1787, 1443, -18322}, 0, {1028, 2048}, {255, 255, 255, 255} }},
	{{ {0, 3000, -18678}, 0, {0, 1024}, {255, 255, 255, 255} }},
	{{ {0, 1443, -18678}, 0, {0, 2048}, {255, 255, 255, 255} }},
	{{ {1787, 3000, -18322}, 0, {1028, 1024}, {255, 255, 255, 255} }},
	{{ {-1787, 1443, 18322}, 0, {1028, 2048}, {255, 255, 255, 255} }},
	{{ {0, 3000, 18678}, 0, {0, 1024}, {255, 255, 255, 255} }},
	{{ {0, 1443, 18678}, 0, {0, 2048}, {255, 255, 255, 255} }},
	{{ {-1787, 3000, 18322}, 0, {1028, 1024}, {255, 255, 255, 255} }},
	{{ {14220, 1443, -11692}, 0, {1028, 2048}, {255, 255, 255, 255} }},
	{{ {13207, 3000, -13207}, 0, {0, 1024}, {255, 255, 255, 255} }},
	{{ {13207, 1443, -13207}, 0, {0, 2048}, {255, 255, 255, 255} }},
	{{ {14220, 3000, -11692}, 0, {1028, 1024}, {255, 255, 255, 255} }},
	{{ {-18322, 1443, -1787}, 0, {1028, 2048}, {255, 255, 255, 255} }},
	{{ {-18678, 3000, 0}, 0, {0, 1024}, {255, 255, 255, 255} }},
	{{ {-18678, 1443, 0}, 0, {0, 2048}, {255, 255, 255, 255} }},
	{{ {-18322, 3000, -1787}, 0, {1028, 1024}, {255, 255, 255, 255} }},
	{{ {-10178, 1443, -15232}, 0, {2056, 2048}, {255, 255, 255, 255} }},
	{{ {-11692, 3000, -14220}, 0, {1028, 1024}, {255, 255, 255, 255} }},
	{{ {-11692, 1443, -14220}, 0, {1028, 2048}, {255, 255, 255, 255} }},
	{{ {-10178, 3000, -15232}, 0, {2056, 1024}, {255, 255, 255, 255} }},
	{{ {17967, 1443, 3574}, 0, {2056, 2048}, {255, 255, 255, 255} }},
	{{ {18322, 3000, 1787}, 0, {1028, 1024}, {255, 255, 255, 255} }},
	{{ {18322, 1443, 1787}, 0, {1028, 2048}, {255, 255, 255, 255} }},
	{{ {17967, 3000, 3574}, 0, {2056, 1024}, {255, 255, 255, 255} }},
	{{ {10178, 1443, 15232}, 0, {2056, 2048}, {255, 255, 255, 255} }},
	{{ {11692, 3000, 14219}, 0, {1028, 1024}, {255, 255, 255, 255} }},
	{{ {11692, 1443, 14219}, 0, {1028, 2048}, {255, 255, 255, 255} }},
	{{ {10178, 3000, 15232}, 0, {2056, 1024}, {255, 255, 255, 255} }},
	{{ {-15232, 1443, 10178}, 0, {2056, 2048}, {255, 255, 255, 255} }},
	{{ {-14219, 3000, 11692}, 0, {1028, 1024}, {255, 255, 255, 255} }},
	{{ {-14219, 1443, 11692}, 0, {1028, 2048}, {255, 255, 255, 255} }},
	{{ {-15232, 3000, 10178}, 0, {2056, 1024}, {255, 255, 255, 255} }},
	{{ {3574, 1443, -17967}, 0, {2056, 2048}, {255, 255, 255, 255} }},
	{{ {1787, 3000, -18322}, 0, {1028, 1024}, {255, 255, 255, 255} }},
	{{ {1787, 1443, -18322}, 0, {1028, 2048}, {255, 255, 255, 255} }},
	{{ {3574, 3000, -17967}, 0, {2056, 1024}, {255, 255, 255, 255} }},
	{{ {-3574, 1443, 17967}, 0, {2056, 2048}, {255, 255, 255, 255} }},
	{{ {-1787, 3000, 18322}, 0, {1028, 1024}, {255, 255, 255, 255} }},
	{{ {-1787, 1443, 18322}, 0, {1028, 2048}, {255, 255, 255, 255} }},
	{{ {-3574, 3000, 17967}, 0, {2056, 1024}, {255, 255, 255, 255} }},
	{{ {15232, 1443, -10178}, 0, {2056, 2048}, {255, 255, 255, 255} }},
	{{ {14220, 3000, -11692}, 0, {1028, 1024}, {255, 255, 255, 255} }},
	{{ {14220, 1443, -11692}, 0, {1028, 2048}, {255, 255, 255, 255} }},
	{{ {15232, 3000, -10178}, 0, {2056, 1024}, {255, 255, 255, 255} }},
	{{ {-17967, 1443, -3574}, 0, {2056, 2048}, {255, 255, 255, 255} }},
	{{ {-18322, 3000, -1787}, 0, {1028, 1024}, {255, 255, 255, 255} }},
	{{ {-18322, 1443, -1787}, 0, {1028, 2048}, {255, 255, 255, 255} }},
	{{ {-17967, 3000, -3574}, 0, {2056, 1024}, {255, 255, 255, 255} }},
	{{ {-10178, 3000, -15232}, 0, {2056, 1024}, {255, 255, 255, 255} }},
	{{ {-10178, 4557, -15232}, 0, {2056, 0}, {255, 255, 255, 255} }},
	{{ {-11692, 4557, -14220}, 0, {1028, 0}, {255, 255, 255, 255} }},
	{{ {-11692, 3000, -14220}, 0, {1028, 1024}, {255, 255, 255, 255} }},
	{{ {17967, 3000, 3574}, 0, {2056, 1024}, {255, 255, 255, 255} }},
	{{ {17967, 4557, 3574}, 0, {2056, 0}, {255, 255, 255, 255} }},
	{{ {18322, 4557, 1787}, 0, {1028, 0}, {255, 255, 255, 255} }},
	{{ {18322, 3000, 1787}, 0, {1028, 1024}, {255, 255, 255, 255} }},
	{{ {10178, 3000, 15232}, 0, {2056, 1024}, {255, 255, 255, 255} }},
	{{ {10178, 4557, 15232}, 0, {2056, 0}, {255, 255, 255, 255} }},
	{{ {11692, 4557, 14219}, 0, {1028, 0}, {255, 255, 255, 255} }},
	{{ {11692, 3000, 14219}, 0, {1028, 1024}, {255, 255, 255, 255} }},
	{{ {-15232, 3000, 10178}, 0, {2056, 1024}, {255, 255, 255, 255} }},
	{{ {-15232, 4557, 10178}, 0, {2056, 0}, {255, 255, 255, 255} }},
	{{ {-14219, 4557, 11692}, 0, {1028, 0}, {255, 255, 255, 255} }},
	{{ {-14219, 3000, 11692}, 0, {1028, 1024}, {255, 255, 255, 255} }},
	{{ {3574, 3000, -17967}, 0, {2056, 1024}, {255, 255, 255, 255} }},
	{{ {3574, 4557, -17967}, 0, {2056, 0}, {255, 255, 255, 255} }},
	{{ {1787, 4557, -18322}, 0, {1028, 0}, {255, 255, 255, 255} }},
	{{ {1787, 3000, -18322}, 0, {1028, 1024}, {255, 255, 255, 255} }},
	{{ {-3574, 3000, 17967}, 0, {2056, 1024}, {255, 255, 255, 255} }},
	{{ {-3574, 4557, 17967}, 0, {2056, 0}, {255, 255, 255, 255} }},
	{{ {-1787, 4557, 18322}, 0, {1028, 0}, {255, 255, 255, 255} }},
	{{ {-1787, 3000, 18322}, 0, {1028, 1024}, {255, 255, 255, 255} }},
	{{ {15232, 3000, -10178}, 0, {2056, 1024}, {255, 255, 255, 255} }},
	{{ {15232, 4557, -10178}, 0, {2056, 0}, {255, 255, 255, 255} }},
	{{ {14220, 4557, -11692}, 0, {1028, 0}, {255, 255, 255, 255} }},
	{{ {14220, 3000, -11692}, 0, {1028, 1024}, {255, 255, 255, 255} }},
	{{ {-17967, 3000, -3574}, 0, {2056, 1024}, {255, 255, 255, 255} }},
	{{ {-17967, 4557, -3574}, 0, {2056, 0}, {255, 255, 255, 255} }},
	{{ {-18322, 4557, -1787}, 0, {1028, 0}, {255, 255, 255, 255} }},
	{{ {-18322, 3000, -1787}, 0, {1028, 1024}, {255, 255, 255, 255} }},
};

Gfx chao_skybox_skybox_mesh[] = {
	gsSPLoadGeometryMode(G_ZBUFFER | G_SHADE | G_CULL_BACK | G_SHADING_SMOOTH),
	gsDPSetCombineLERP(TEXEL0, 0, SHADE, 0, ENVIRONMENT, 0, SHADE, 0, TEXEL0, 0, SHADE, 0, ENVIRONMENT, 0, SHADE, 0),
	gsSPSetOtherMode(G_SETOTHERMODE_H, 4, 20, G_AD_NOISE | G_CD_MAGICSQ | G_CK_NONE | G_TC_FILT | G_TF_BILERP | G_TT_NONE | G_TL_TILE | G_TD_CLAMP | G_TP_PERSP | G_CYC_1CYCLE | G_PM_1PRIMITIVE),
	gsSPSetOtherMode(G_SETOTHERMODE_L, 0, 3, G_AC_NONE | G_ZS_PIXEL),
	gsSPTexture(65535, 65535, 0, 0, 1),
	gsDPLoadSync(),
	gsDPSetTextureImage(G_IM_FMT_RGBA, G_IM_SIZ_16b, 128, chao_skybox_race_sky01_rgba16),
	gsDPSetTile(G_IM_FMT_RGBA, G_IM_SIZ_16b, 9, 0, 7, 0, G_TX_WRAP | G_TX_NOMIRROR, 0, 0, G_TX_WRAP | G_TX_NOMIRROR, 0, 0),
	gsDPLoadTile(7, 0, 0, 132, 128),
	gsDPSetTile(G_IM_FMT_RGBA, G_IM_SIZ_16b, 9, 0, 0, 0, G_TX_CLAMP | G_TX_NOMIRROR, 0, 0, G_TX_CLAMP | G_TX_NOMIRROR, 0, 0),
	gsDPSetTileSize(0, 0, 0, 132, 128),
	gsSPVertex(chao_skybox_skybox_mesh_vtx_0 + 0, 42, 0),
	gsSP2Triangles(0, 1, 2, 0, 0, 3, 1, 0),
	gsSP2Triangles(4, 3, 0, 0, 4, 5, 3, 0),
	gsSP2Triangles(6, 5, 4, 0, 6, 7, 5, 0),
	gsSP2Triangles(8, 7, 6, 0, 8, 9, 7, 0),
	gsSP2Triangles(10, 11, 12, 0, 10, 12, 13, 0),
	gsSP2Triangles(14, 15, 16, 0, 14, 16, 17, 0),
	gsSP2Triangles(18, 19, 20, 0, 18, 20, 21, 0),
	gsSP2Triangles(22, 23, 24, 0, 22, 24, 25, 0),
	gsSP2Triangles(26, 27, 28, 0, 26, 28, 29, 0),
	gsSP2Triangles(30, 31, 32, 0, 30, 32, 33, 0),
	gsSP2Triangles(34, 35, 36, 0, 34, 36, 37, 0),
	gsSP2Triangles(38, 39, 40, 0, 38, 40, 41, 0),
	gsDPLoadSync(),
	gsDPSetTile(G_IM_FMT_RGBA, G_IM_SIZ_16b, 24, 0, 7, 0, G_TX_WRAP | G_TX_NOMIRROR, 0, 0, G_TX_WRAP | G_TX_NOMIRROR, 0, 0),
	gsDPLoadTile(7, 128, 0, 508, 4),
	gsDPSetTile(G_IM_FMT_RGBA, G_IM_SIZ_16b, 24, 0, 0, 0, G_TX_CLAMP | G_TX_NOMIRROR, 0, 0, G_TX_CLAMP | G_TX_NOMIRROR, 0, 0),
	gsDPSetTileSize(0, 128, 0, 508, 4),
	gsSPVertex(chao_skybox_skybox_mesh_vtx_0 + 42, 20, 0),
	gsSP2Triangles(0, 1, 2, 0, 0, 3, 1, 0),
	gsSP2Triangles(4, 3, 0, 0, 4, 5, 3, 0),
	gsSP2Triangles(6, 5, 4, 0, 6, 7, 5, 0),
	gsSP2Triangles(8, 7, 6, 0, 8, 9, 7, 0),
	gsSP2Triangles(9, 10, 7, 0, 9, 11, 10, 0),
	gsSP2Triangles(11, 12, 10, 0, 11, 13, 12, 0),
	gsSP2Triangles(10, 12, 14, 0, 10, 14, 15, 0),
	gsSP2Triangles(15, 14, 16, 0, 15, 16, 17, 0),
	gsSP2Triangles(17, 16, 18, 0, 17, 18, 19, 0),
	gsSP2Triangles(3, 17, 19, 0, 3, 19, 1, 0),
	gsSP2Triangles(5, 17, 3, 0, 5, 15, 17, 0),
	gsSP2Triangles(7, 15, 5, 0, 7, 10, 15, 0),
	gsDPLoadSync(),
	gsDPSetTile(G_IM_FMT_RGBA, G_IM_SIZ_16b, 9, 0, 7, 0, G_TX_WRAP | G_TX_NOMIRROR, 0, 0, G_TX_WRAP | G_TX_NOMIRROR, 0, 0),
	gsDPLoadTile(7, 0, 256, 132, 384),
	gsDPSetTile(G_IM_FMT_RGBA, G_IM_SIZ_16b, 9, 0, 0, 0, G_TX_CLAMP | G_TX_NOMIRROR, 0, 0, G_TX_CLAMP | G_TX_NOMIRROR, 0, 0),
	gsDPSetTileSize(0, 0, 256, 132, 384),
	gsSPVertex(chao_skybox_skybox_mesh_vtx_0 + 62, 32, 0),
	gsSP2Triangles(0, 1, 2, 0, 0, 3, 1, 0),
	gsSP2Triangles(4, 5, 6, 0, 4, 7, 5, 0),
	gsSP2Triangles(8, 9, 10, 0, 8, 11, 9, 0),
	gsSP2Triangles(12, 13, 14, 0, 12, 15, 13, 0),
	gsSP2Triangles(16, 17, 18, 0, 16, 19, 17, 0),
	gsSP2Triangles(20, 21, 22, 0, 20, 23, 21, 0),
	gsSP2Triangles(24, 25, 26, 0, 24, 27, 25, 0),
	gsSP2Triangles(28, 29, 30, 0, 28, 31, 29, 0),
	gsDPLoadSync(),
	gsDPLoadTile(7, 256, 256, 388, 384),
	gsDPSetTileSize(0, 256, 256, 388, 384),
	gsSPVertex(chao_skybox_skybox_mesh_vtx_0 + 94, 32, 0),
	gsSP2Triangles(0, 1, 2, 0, 0, 2, 3, 0),
	gsSP2Triangles(4, 5, 6, 0, 4, 6, 7, 0),
	gsSP2Triangles(8, 9, 10, 0, 8, 10, 11, 0),
	gsSP2Triangles(12, 13, 14, 0, 12, 14, 15, 0),
	gsSP2Triangles(16, 17, 18, 0, 16, 18, 19, 0),
	gsSP2Triangles(20, 21, 22, 0, 20, 22, 23, 0),
	gsSP2Triangles(24, 25, 26, 0, 24, 26, 27, 0),
	gsSP2Triangles(28, 29, 30, 0, 28, 30, 31, 0),
	gsDPLoadSync(),
	gsDPLoadTile(7, 256, 0, 388, 128),
	gsDPSetTileSize(0, 256, 0, 388, 128),
	gsSPVertex(chao_skybox_skybox_mesh_vtx_0 + 126, 32, 0),
	gsSP2Triangles(0, 1, 2, 0, 0, 2, 3, 0),
	gsSP2Triangles(4, 5, 6, 0, 4, 6, 7, 0),
	gsSP2Triangles(8, 9, 10, 0, 8, 10, 11, 0),
	gsSP2Triangles(12, 13, 14, 0, 12, 14, 15, 0),
	gsSP2Triangles(16, 17, 18, 0, 16, 18, 19, 0),
	gsSP2Triangles(20, 21, 22, 0, 20, 22, 23, 0),
	gsSP2Triangles(24, 25, 26, 0, 24, 26, 27, 0),
	gsSP2Triangles(28, 29, 30, 0, 28, 30, 31, 0),
	gsDPLoadSync(),
	gsDPLoadTile(7, 256, 128, 388, 256),
	gsDPSetTileSize(0, 256, 128, 388, 256),
	gsSPVertex(chao_skybox_skybox_mesh_vtx_0 + 158, 32, 0),
	gsSP2Triangles(0, 1, 2, 0, 0, 2, 3, 0),
	gsSP2Triangles(4, 5, 6, 0, 4, 6, 7, 0),
	gsSP2Triangles(8, 9, 10, 0, 8, 10, 11, 0),
	gsSP2Triangles(12, 13, 14, 0, 12, 14, 15, 0),
	gsSP2Triangles(16, 17, 18, 0, 16, 18, 19, 0),
	gsSP2Triangles(20, 21, 22, 0, 20, 22, 23, 0),
	gsSP2Triangles(24, 25, 26, 0, 24, 26, 27, 0),
	gsSP2Triangles(28, 29, 30, 0, 28, 30, 31, 0),
	gsDPLoadSync(),
	gsDPSetTile(G_IM_FMT_RGBA, G_IM_SIZ_16b, 8, 0, 7, 0, G_TX_WRAP | G_TX_NOMIRROR, 0, 0, G_TX_WRAP | G_TX_NOMIRROR, 0, 0),
	gsDPLoadTile(7, 384, 128, 508, 256),
	gsDPSetTile(G_IM_FMT_RGBA, G_IM_SIZ_16b, 8, 0, 0, 0, G_TX_CLAMP | G_TX_NOMIRROR, 0, 0, G_TX_CLAMP | G_TX_NOMIRROR, 0, 0),
	gsDPSetTileSize(0, 384, 128, 508, 256),
	gsSPVertex(chao_skybox_skybox_mesh_vtx_0 + 190, 32, 0),
	gsSP2Triangles(0, 1, 2, 0, 0, 2, 3, 0),
	gsSP2Triangles(4, 5, 6, 0, 4, 6, 7, 0),
	gsSP2Triangles(8, 9, 10, 0, 8, 10, 11, 0),
	gsSP2Triangles(12, 13, 14, 0, 12, 14, 15, 0),
	gsSP2Triangles(16, 17, 18, 0, 16, 18, 19, 0),
	gsSP2Triangles(20, 21, 22, 0, 20, 22, 23, 0),
	gsSP2Triangles(24, 25, 26, 0, 24, 26, 27, 0),
	gsSP2Triangles(28, 29, 30, 0, 28, 30, 31, 0),
	gsDPLoadSync(),
	gsDPLoadTile(7, 384, 0, 508, 128),
	gsDPSetTileSize(0, 384, 0, 508, 128),
	gsSPVertex(chao_skybox_skybox_mesh_vtx_0 + 222, 32, 0),
	gsSP2Triangles(0, 1, 2, 0, 0, 2, 3, 0),
	gsSP2Triangles(4, 5, 6, 0, 4, 6, 7, 0),
	gsSP2Triangles(8, 9, 10, 0, 8, 10, 11, 0),
	gsSP2Triangles(12, 13, 14, 0, 12, 14, 15, 0),
	gsSP2Triangles(16, 17, 18, 0, 16, 18, 19, 0),
	gsSP2Triangles(20, 21, 22, 0, 20, 22, 23, 0),
	gsSP2Triangles(24, 25, 26, 0, 24, 26, 27, 0),
	gsSP2Triangles(28, 29, 30, 0, 28, 30, 31, 0),
	gsDPLoadSync(),
	gsDPSetTile(G_IM_FMT_RGBA, G_IM_SIZ_16b, 16, 0, 7, 0, G_TX_WRAP | G_TX_NOMIRROR, 0, 0, G_TX_WRAP | G_TX_NOMIRROR, 0, 0),
	gsDPLoadTile(7, 256, 384, 508, 508),
	gsDPSetTile(G_IM_FMT_RGBA, G_IM_SIZ_16b, 16, 0, 0, 0, G_TX_CLAMP | G_TX_NOMIRROR, 0, 0, G_TX_CLAMP | G_TX_NOMIRROR, 0, 0),
	gsDPSetTileSize(0, 256, 384, 508, 508),
	gsSPVertex(chao_skybox_skybox_mesh_vtx_0 + 254, 59, 0),
	gsSP2Triangles(0, 1, 2, 0, 0, 3, 1, 0),
	gsSP2Triangles(0, 4, 3, 0, 0, 5, 4, 0),
	gsSP2Triangles(3, 4, 6, 0, 3, 6, 7, 0),
	gsSP2Triangles(3, 7, 8, 0, 3, 8, 1, 0),
	gsSP2Triangles(9, 10, 11, 0, 9, 12, 10, 0),
	gsSP2Triangles(9, 13, 12, 0, 9, 14, 13, 0),
	gsSP2Triangles(12, 13, 15, 0, 12, 15, 16, 0),
	gsSP2Triangles(12, 16, 17, 0, 12, 17, 10, 0),
	gsSP2Triangles(18, 19, 20, 0, 18, 21, 19, 0),
	gsSP2Triangles(18, 22, 21, 0, 18, 23, 22, 0),
	gsSP2Triangles(21, 22, 24, 0, 21, 24, 25, 0),
	gsSP2Triangles(21, 25, 26, 0, 21, 26, 19, 0),
	gsSP2Triangles(27, 28, 29, 0, 27, 30, 28, 0),
	gsSP2Triangles(27, 31, 30, 0, 27, 32, 31, 0),
	gsSP2Triangles(30, 31, 33, 0, 30, 33, 34, 0),
	gsSP2Triangles(30, 34, 35, 0, 30, 35, 28, 0),
	gsSP2Triangles(36, 37, 38, 0, 36, 39, 37, 0),
	gsSP2Triangles(36, 40, 39, 0, 36, 41, 40, 0),
	gsSP2Triangles(39, 40, 42, 0, 39, 42, 43, 0),
	gsSP2Triangles(39, 43, 44, 0, 39, 44, 37, 0),
	gsSP2Triangles(45, 46, 47, 0, 45, 48, 46, 0),
	gsSP2Triangles(45, 49, 48, 0, 45, 50, 49, 0),
	gsSP2Triangles(48, 49, 51, 0, 48, 51, 52, 0),
	gsSP2Triangles(48, 52, 53, 0, 48, 53, 46, 0),
	gsSP2Triangles(54, 55, 56, 0, 54, 57, 55, 0),
	gsSP1Triangle(54, 58, 57, 0),
	gsSPVertex(chao_skybox_skybox_mesh_vtx_0 + 313, 32, 0),
	gsSP2Triangles(0, 1, 2, 0, 3, 2, 4, 0),
	gsSP2Triangles(3, 4, 5, 0, 3, 5, 6, 0),
	gsSP2Triangles(3, 6, 7, 0, 8, 9, 10, 0),
	gsSP2Triangles(8, 11, 9, 0, 8, 12, 11, 0),
	gsSP2Triangles(8, 13, 12, 0, 11, 12, 14, 0),
	gsSP2Triangles(11, 14, 15, 0, 11, 15, 16, 0),
	gsSP2Triangles(11, 16, 9, 0, 17, 18, 19, 0),
	gsSP2Triangles(17, 20, 18, 0, 21, 20, 17, 0),
	gsSP2Triangles(21, 22, 20, 0, 22, 23, 20, 0),
	gsSP2Triangles(22, 24, 23, 0, 24, 25, 23, 0),
	gsSP2Triangles(24, 26, 25, 0, 26, 27, 25, 0),
	gsSP2Triangles(26, 28, 27, 0, 25, 27, 29, 0),
	gsSP2Triangles(25, 29, 30, 0, 23, 25, 30, 0),
	gsSP2Triangles(23, 30, 31, 0, 20, 23, 31, 0),
	gsSP1Triangle(20, 31, 18, 0),
	gsDPLoadSync(),
	gsDPSetTile(G_IM_FMT_RGBA, G_IM_SIZ_16b, 8, 0, 7, 0, G_TX_WRAP | G_TX_NOMIRROR, 0, 0, G_TX_WRAP | G_TX_NOMIRROR, 0, 0),
	gsDPLoadTile(7, 384, 256, 508, 384),
	gsDPSetTile(G_IM_FMT_RGBA, G_IM_SIZ_16b, 8, 0, 0, 0, G_TX_CLAMP | G_TX_NOMIRROR, 0, 0, G_TX_CLAMP | G_TX_NOMIRROR, 0, 0),
	gsDPSetTileSize(0, 384, 256, 508, 384),
	gsSPVertex(chao_skybox_skybox_mesh_vtx_0 + 345, 32, 0),
	gsSP2Triangles(0, 1, 2, 0, 0, 2, 3, 0),
	gsSP2Triangles(4, 5, 6, 0, 4, 6, 7, 0),
	gsSP2Triangles(8, 9, 10, 0, 8, 10, 11, 0),
	gsSP2Triangles(12, 13, 14, 0, 12, 14, 15, 0),
	gsSP2Triangles(16, 17, 18, 0, 16, 18, 19, 0),
	gsSP2Triangles(20, 21, 22, 0, 20, 22, 23, 0),
	gsSP2Triangles(24, 25, 26, 0, 24, 26, 27, 0),
	gsSP2Triangles(28, 29, 30, 0, 28, 30, 31, 0),
	gsDPLoadSync(),
	gsDPSetTile(G_IM_FMT_RGBA, G_IM_SIZ_16b, 9, 0, 7, 0, G_TX_WRAP | G_TX_NOMIRROR, 0, 0, G_TX_WRAP | G_TX_NOMIRROR, 0, 0),
	gsDPLoadTile(7, 0, 384, 132, 508),
	gsDPSetTile(G_IM_FMT_RGBA, G_IM_SIZ_16b, 9, 0, 0, 0, G_TX_CLAMP | G_TX_NOMIRROR, 0, 0, G_TX_CLAMP | G_TX_NOMIRROR, 0, 0),
	gsDPSetTileSize(0, 0, 384, 132, 508),
	gsSPVertex(chao_skybox_skybox_mesh_vtx_0 + 377, 58, 0),
	gsSP2Triangles(0, 1, 2, 0, 0, 2, 3, 0),
	gsSP2Triangles(4, 0, 3, 0, 4, 3, 5, 0),
	gsSP2Triangles(6, 4, 5, 0, 6, 5, 7, 0),
	gsSP2Triangles(8, 6, 7, 0, 8, 7, 9, 0),
	gsSP2Triangles(10, 11, 12, 0, 10, 12, 13, 0),
	gsSP2Triangles(10, 13, 14, 0, 10, 14, 15, 0),
	gsSP2Triangles(16, 17, 18, 0, 16, 18, 19, 0),
	gsSP2Triangles(16, 19, 20, 0, 16, 20, 21, 0),
	gsSP2Triangles(22, 23, 24, 0, 22, 24, 25, 0),
	gsSP2Triangles(22, 25, 26, 0, 22, 26, 27, 0),
	gsSP2Triangles(28, 29, 30, 0, 28, 30, 31, 0),
	gsSP2Triangles(28, 31, 32, 0, 28, 32, 33, 0),
	gsSP2Triangles(34, 35, 36, 0, 34, 36, 37, 0),
	gsSP2Triangles(34, 37, 38, 0, 34, 38, 39, 0),
	gsSP2Triangles(40, 41, 42, 0, 40, 42, 43, 0),
	gsSP2Triangles(40, 43, 44, 0, 40, 44, 45, 0),
	gsSP2Triangles(46, 47, 48, 0, 46, 48, 49, 0),
	gsSP2Triangles(46, 49, 50, 0, 46, 50, 51, 0),
	gsSP2Triangles(52, 53, 54, 0, 52, 54, 55, 0),
	gsSP2Triangles(52, 55, 56, 0, 52, 56, 57, 0),
	gsDPLoadSync(),
	gsDPLoadTile(7, 128, 384, 260, 508),
	gsDPSetTileSize(0, 128, 384, 260, 508),
	gsSPVertex(chao_skybox_skybox_mesh_vtx_0 + 435, 58, 0),
	gsSP2Triangles(0, 1, 2, 0, 0, 3, 1, 0),
	gsSP2Triangles(0, 4, 3, 0, 0, 5, 4, 0),
	gsSP2Triangles(6, 7, 8, 0, 6, 9, 7, 0),
	gsSP2Triangles(6, 10, 9, 0, 6, 11, 10, 0),
	gsSP2Triangles(12, 13, 14, 0, 12, 15, 13, 0),
	gsSP2Triangles(12, 16, 15, 0, 12, 17, 16, 0),
	gsSP2Triangles(18, 19, 20, 0, 18, 21, 19, 0),
	gsSP2Triangles(18, 22, 21, 0, 18, 23, 22, 0),
	gsSP2Triangles(24, 25, 26, 0, 24, 27, 25, 0),
	gsSP2Triangles(24, 28, 27, 0, 24, 29, 28, 0),
	gsSP2Triangles(30, 31, 32, 0, 30, 33, 31, 0),
	gsSP2Triangles(30, 34, 33, 0, 30, 35, 34, 0),
	gsSP2Triangles(36, 37, 38, 0, 36, 39, 37, 0),
	gsSP2Triangles(36, 40, 39, 0, 36, 41, 40, 0),
	gsSP2Triangles(42, 43, 44, 0, 42, 45, 43, 0),
	gsSP2Triangles(42, 46, 45, 0, 42, 47, 46, 0),
	gsSP2Triangles(48, 49, 50, 0, 48, 50, 51, 0),
	gsSP2Triangles(52, 48, 51, 0, 52, 51, 53, 0),
	gsSP2Triangles(54, 52, 53, 0, 54, 53, 55, 0),
	gsSP2Triangles(56, 54, 55, 0, 56, 55, 57, 0),
	gsDPLoadSync(),
	gsDPLoadTile(7, 128, 256, 260, 384),
	gsDPSetTileSize(0, 128, 256, 260, 384),
	gsSPVertex(chao_skybox_skybox_mesh_vtx_0 + 493, 32, 0),
	gsSP2Triangles(0, 1, 2, 0, 0, 3, 1, 0),
	gsSP2Triangles(4, 5, 6, 0, 4, 7, 5, 0),
	gsSP2Triangles(8, 9, 10, 0, 8, 11, 9, 0),
	gsSP2Triangles(12, 13, 14, 0, 12, 15, 13, 0),
	gsSP2Triangles(16, 17, 18, 0, 16, 19, 17, 0),
	gsSP2Triangles(20, 21, 22, 0, 20, 23, 21, 0),
	gsSP2Triangles(24, 25, 26, 0, 24, 27, 25, 0),
	gsSP2Triangles(28, 29, 30, 0, 28, 31, 29, 0),
	gsDPLoadSync(),
	gsDPLoadTile(7, 0, 128, 132, 256),
	gsDPSetTileSize(0, 0, 128, 132, 256),
	gsSPVertex(chao_skybox_skybox_mesh_vtx_0 + 525, 32, 0),
	gsSP2Triangles(0, 1, 2, 0, 0, 3, 1, 0),
	gsSP2Triangles(4, 5, 6, 0, 4, 7, 5, 0),
	gsSP2Triangles(8, 9, 10, 0, 8, 11, 9, 0),
	gsSP2Triangles(12, 13, 14, 0, 12, 15, 13, 0),
	gsSP2Triangles(16, 17, 18, 0, 16, 19, 17, 0),
	gsSP2Triangles(20, 21, 22, 0, 20, 23, 21, 0),
	gsSP2Triangles(24, 25, 26, 0, 24, 27, 25, 0),
	gsSP2Triangles(28, 29, 30, 0, 28, 31, 29, 0),
	gsDPLoadSync(),
	gsDPLoadTile(7, 128, 128, 260, 256),
	gsDPSetTileSize(0, 128, 128, 260, 256),
	gsSPVertex(chao_skybox_skybox_mesh_vtx_0 + 557, 32, 0),
	gsSP2Triangles(0, 1, 2, 0, 0, 3, 1, 0),
	gsSP2Triangles(4, 5, 6, 0, 4, 7, 5, 0),
	gsSP2Triangles(8, 9, 10, 0, 8, 11, 9, 0),
	gsSP2Triangles(12, 13, 14, 0, 12, 15, 13, 0),
	gsSP2Triangles(16, 17, 18, 0, 16, 19, 17, 0),
	gsSP2Triangles(20, 21, 22, 0, 20, 23, 21, 0),
	gsSP2Triangles(24, 25, 26, 0, 24, 27, 25, 0),
	gsSP2Triangles(28, 29, 30, 0, 28, 31, 29, 0),
	gsDPLoadSync(),
	gsDPLoadTile(7, 128, 0, 260, 128),
	gsDPSetTileSize(0, 128, 0, 260, 128),
	gsSPVertex(chao_skybox_skybox_mesh_vtx_0 + 589, 32, 0),
	gsSP2Triangles(0, 1, 2, 0, 0, 2, 3, 0),
	gsSP2Triangles(4, 5, 6, 0, 4, 6, 7, 0),
	gsSP2Triangles(8, 9, 10, 0, 8, 10, 11, 0),
	gsSP2Triangles(12, 13, 14, 0, 12, 14, 15, 0),
	gsSP2Triangles(16, 17, 18, 0, 16, 18, 19, 0),
	gsSP2Triangles(20, 21, 22, 0, 20, 22, 23, 0),
	gsSP2Triangles(24, 25, 26, 0, 24, 26, 27, 0),
	gsSP2Triangles(28, 29, 30, 0, 28, 30, 31, 0),
	gsDPLoadSync(),
	gsDPSetTextureImage(G_IM_FMT_RGBA, G_IM_SIZ_16b, 128, chao_skybox_race_sky00_rgba16),
	gsDPSetTile(G_IM_FMT_RGBA, G_IM_SIZ_16b, 9, 0, 7, 0, G_TX_WRAP | G_TX_NOMIRROR, 0, 0, G_TX_WRAP | G_TX_NOMIRROR, 0, 0),
	gsDPLoadTile(7, 0, 0, 132, 128),
	gsDPSetTile(G_IM_FMT_RGBA, G_IM_SIZ_16b, 9, 0, 0, 0, G_TX_CLAMP | G_TX_NOMIRROR, 0, 0, G_TX_CLAMP | G_TX_NOMIRROR, 0, 0),
	gsDPSetTileSize(0, 0, 0, 132, 128),
	gsSPVertex(chao_skybox_skybox_mesh_vtx_1 + 0, 32, 0),
	gsSP2Triangles(0, 1, 2, 0, 0, 2, 3, 0),
	gsSP2Triangles(4, 5, 6, 0, 4, 6, 7, 0),
	gsSP2Triangles(8, 9, 10, 0, 8, 10, 11, 0),
	gsSP2Triangles(12, 13, 14, 0, 12, 14, 15, 0),
	gsSP2Triangles(16, 17, 18, 0, 16, 18, 19, 0),
	gsSP2Triangles(20, 21, 22, 0, 20, 22, 23, 0),
	gsSP2Triangles(24, 25, 26, 0, 24, 26, 27, 0),
	gsSP2Triangles(28, 29, 30, 0, 28, 30, 31, 0),
	gsDPLoadSync(),
	gsDPLoadTile(7, 0, 256, 132, 384),
	gsDPSetTileSize(0, 0, 256, 132, 384),
	gsSPVertex(chao_skybox_skybox_mesh_vtx_1 + 32, 32, 0),
	gsSP2Triangles(0, 1, 2, 0, 0, 3, 1, 0),
	gsSP2Triangles(4, 5, 6, 0, 4, 7, 5, 0),
	gsSP2Triangles(8, 9, 10, 0, 8, 11, 9, 0),
	gsSP2Triangles(12, 13, 14, 0, 12, 15, 13, 0),
	gsSP2Triangles(16, 17, 18, 0, 16, 19, 17, 0),
	gsSP2Triangles(20, 21, 22, 0, 20, 23, 21, 0),
	gsSP2Triangles(24, 25, 26, 0, 24, 27, 25, 0),
	gsSP2Triangles(28, 29, 30, 0, 28, 31, 29, 0),
	gsDPLoadSync(),
	gsDPLoadTile(7, 256, 256, 388, 384),
	gsDPSetTileSize(0, 256, 256, 388, 384),
	gsSPVertex(chao_skybox_skybox_mesh_vtx_1 + 64, 32, 0),
	gsSP2Triangles(0, 1, 2, 0, 0, 2, 3, 0),
	gsSP2Triangles(4, 5, 6, 0, 4, 6, 7, 0),
	gsSP2Triangles(8, 9, 10, 0, 8, 10, 11, 0),
	gsSP2Triangles(12, 13, 14, 0, 12, 14, 15, 0),
	gsSP2Triangles(16, 17, 18, 0, 16, 18, 19, 0),
	gsSP2Triangles(20, 21, 22, 0, 20, 22, 23, 0),
	gsSP2Triangles(24, 25, 26, 0, 24, 26, 27, 0),
	gsSP2Triangles(28, 29, 30, 0, 28, 30, 31, 0),
	gsDPLoadSync(),
	gsDPLoadTile(7, 256, 0, 388, 128),
	gsDPSetTileSize(0, 256, 0, 388, 128),
	gsSPVertex(chao_skybox_skybox_mesh_vtx_1 + 96, 32, 0),
	gsSP2Triangles(0, 1, 2, 0, 0, 2, 3, 0),
	gsSP2Triangles(4, 5, 6, 0, 4, 6, 7, 0),
	gsSP2Triangles(8, 9, 10, 0, 8, 10, 11, 0),
	gsSP2Triangles(12, 13, 14, 0, 12, 14, 15, 0),
	gsSP2Triangles(16, 17, 18, 0, 16, 18, 19, 0),
	gsSP2Triangles(20, 21, 22, 0, 20, 22, 23, 0),
	gsSP2Triangles(24, 25, 26, 0, 24, 26, 27, 0),
	gsSP2Triangles(28, 29, 30, 0, 28, 30, 31, 0),
	gsDPLoadSync(),
	gsDPLoadTile(7, 256, 128, 388, 256),
	gsDPSetTileSize(0, 256, 128, 388, 256),
	gsSPVertex(chao_skybox_skybox_mesh_vtx_1 + 128, 32, 0),
	gsSP2Triangles(0, 1, 2, 0, 0, 2, 3, 0),
	gsSP2Triangles(4, 5, 6, 0, 4, 6, 7, 0),
	gsSP2Triangles(8, 9, 10, 0, 8, 10, 11, 0),
	gsSP2Triangles(12, 13, 14, 0, 12, 14, 15, 0),
	gsSP2Triangles(16, 17, 18, 0, 16, 18, 19, 0),
	gsSP2Triangles(20, 21, 22, 0, 20, 22, 23, 0),
	gsSP2Triangles(24, 25, 26, 0, 24, 26, 27, 0),
	gsSP2Triangles(28, 29, 30, 0, 28, 30, 31, 0),
	gsDPLoadSync(),
	gsDPSetTile(G_IM_FMT_RGBA, G_IM_SIZ_16b, 8, 0, 7, 0, G_TX_WRAP | G_TX_NOMIRROR, 0, 0, G_TX_WRAP | G_TX_NOMIRROR, 0, 0),
	gsDPLoadTile(7, 384, 128, 508, 256),
	gsDPSetTile(G_IM_FMT_RGBA, G_IM_SIZ_16b, 8, 0, 0, 0, G_TX_CLAMP | G_TX_NOMIRROR, 0, 0, G_TX_CLAMP | G_TX_NOMIRROR, 0, 0),
	gsDPSetTileSize(0, 384, 128, 508, 256),
	gsSPVertex(chao_skybox_skybox_mesh_vtx_1 + 160, 32, 0),
	gsSP2Triangles(0, 1, 2, 0, 0, 2, 3, 0),
	gsSP2Triangles(4, 5, 6, 0, 4, 6, 7, 0),
	gsSP2Triangles(8, 9, 10, 0, 8, 10, 11, 0),
	gsSP2Triangles(12, 13, 14, 0, 12, 14, 15, 0),
	gsSP2Triangles(16, 17, 18, 0, 16, 18, 19, 0),
	gsSP2Triangles(20, 21, 22, 0, 20, 22, 23, 0),
	gsSP2Triangles(24, 25, 26, 0, 24, 26, 27, 0),
	gsSP2Triangles(28, 29, 30, 0, 28, 30, 31, 0),
	gsDPLoadSync(),
	gsDPLoadTile(7, 384, 0, 508, 128),
	gsDPSetTileSize(0, 384, 0, 508, 128),
	gsSPVertex(chao_skybox_skybox_mesh_vtx_1 + 192, 32, 0),
	gsSP2Triangles(0, 1, 2, 0, 0, 2, 3, 0),
	gsSP2Triangles(4, 5, 6, 0, 4, 6, 7, 0),
	gsSP2Triangles(8, 9, 10, 0, 8, 10, 11, 0),
	gsSP2Triangles(12, 13, 14, 0, 12, 14, 15, 0),
	gsSP2Triangles(16, 17, 18, 0, 16, 18, 19, 0),
	gsSP2Triangles(20, 21, 22, 0, 20, 22, 23, 0),
	gsSP2Triangles(24, 25, 26, 0, 24, 26, 27, 0),
	gsSP2Triangles(28, 29, 30, 0, 28, 30, 31, 0),
	gsDPLoadSync(),
	gsDPSetTile(G_IM_FMT_RGBA, G_IM_SIZ_16b, 16, 0, 7, 0, G_TX_WRAP | G_TX_NOMIRROR, 0, 0, G_TX_WRAP | G_TX_NOMIRROR, 0, 0),
	gsDPLoadTile(7, 256, 384, 508, 508),
	gsDPSetTile(G_IM_FMT_RGBA, G_IM_SIZ_16b, 16, 0, 0, 0, G_TX_CLAMP | G_TX_NOMIRROR, 0, 0, G_TX_CLAMP | G_TX_NOMIRROR, 0, 0),
	gsDPSetTileSize(0, 256, 384, 508, 508),
	gsSPVertex(chao_skybox_skybox_mesh_vtx_1 + 224, 59, 0),
	gsSP2Triangles(0, 1, 2, 0, 0, 3, 1, 0),
	gsSP2Triangles(0, 4, 3, 0, 0, 5, 4, 0),
	gsSP2Triangles(3, 4, 6, 0, 3, 6, 7, 0),
	gsSP2Triangles(3, 7, 8, 0, 3, 8, 1, 0),
	gsSP2Triangles(9, 10, 11, 0, 9, 12, 10, 0),
	gsSP2Triangles(9, 13, 12, 0, 9, 14, 13, 0),
	gsSP2Triangles(12, 13, 15, 0, 12, 15, 16, 0),
	gsSP2Triangles(12, 16, 17, 0, 12, 17, 10, 0),
	gsSP2Triangles(18, 19, 20, 0, 18, 21, 19, 0),
	gsSP2Triangles(18, 22, 21, 0, 18, 23, 22, 0),
	gsSP2Triangles(21, 22, 24, 0, 21, 24, 25, 0),
	gsSP2Triangles(21, 25, 26, 0, 21, 26, 19, 0),
	gsSP2Triangles(27, 28, 29, 0, 27, 30, 28, 0),
	gsSP2Triangles(27, 31, 30, 0, 27, 32, 31, 0),
	gsSP2Triangles(30, 31, 33, 0, 30, 33, 34, 0),
	gsSP2Triangles(30, 34, 35, 0, 30, 35, 28, 0),
	gsSP2Triangles(36, 37, 38, 0, 36, 39, 37, 0),
	gsSP2Triangles(36, 40, 39, 0, 36, 41, 40, 0),
	gsSP2Triangles(39, 40, 42, 0, 39, 42, 43, 0),
	gsSP2Triangles(39, 43, 44, 0, 39, 44, 37, 0),
	gsSP2Triangles(45, 46, 47, 0, 45, 48, 46, 0),
	gsSP2Triangles(45, 49, 48, 0, 45, 50, 49, 0),
	gsSP2Triangles(48, 49, 51, 0, 48, 51, 52, 0),
	gsSP2Triangles(48, 52, 53, 0, 48, 53, 46, 0),
	gsSP2Triangles(54, 55, 56, 0, 54, 57, 55, 0),
	gsSP1Triangle(54, 58, 57, 0),
	gsSPVertex(chao_skybox_skybox_mesh_vtx_1 + 283, 17, 0),
	gsSP2Triangles(0, 1, 2, 0, 3, 2, 4, 0),
	gsSP2Triangles(3, 4, 5, 0, 3, 5, 6, 0),
	gsSP2Triangles(3, 6, 7, 0, 8, 9, 10, 0),
	gsSP2Triangles(8, 11, 9, 0, 8, 12, 11, 0),
	gsSP2Triangles(8, 13, 12, 0, 11, 12, 14, 0),
	gsSP2Triangles(11, 14, 15, 0, 11, 15, 16, 0),
	gsSP1Triangle(11, 16, 9, 0),
	gsDPLoadSync(),
	gsDPSetTile(G_IM_FMT_RGBA, G_IM_SIZ_16b, 8, 0, 7, 0, G_TX_WRAP | G_TX_NOMIRROR, 0, 0, G_TX_WRAP | G_TX_NOMIRROR, 0, 0),
	gsDPLoadTile(7, 384, 256, 508, 384),
	gsDPSetTile(G_IM_FMT_RGBA, G_IM_SIZ_16b, 8, 0, 0, 0, G_TX_CLAMP | G_TX_NOMIRROR, 0, 0, G_TX_CLAMP | G_TX_NOMIRROR, 0, 0),
	gsDPSetTileSize(0, 384, 256, 508, 384),
	gsSPVertex(chao_skybox_skybox_mesh_vtx_1 + 300, 32, 0),
	gsSP2Triangles(0, 1, 2, 0, 0, 2, 3, 0),
	gsSP2Triangles(4, 5, 6, 0, 4, 6, 7, 0),
	gsSP2Triangles(8, 9, 10, 0, 8, 10, 11, 0),
	gsSP2Triangles(12, 13, 14, 0, 12, 14, 15, 0),
	gsSP2Triangles(16, 17, 18, 0, 16, 18, 19, 0),
	gsSP2Triangles(20, 21, 22, 0, 20, 22, 23, 0),
	gsSP2Triangles(24, 25, 26, 0, 24, 26, 27, 0),
	gsSP2Triangles(28, 29, 30, 0, 28, 30, 31, 0),
	gsDPLoadSync(),
	gsDPSetTile(G_IM_FMT_RGBA, G_IM_SIZ_16b, 9, 0, 7, 0, G_TX_WRAP | G_TX_NOMIRROR, 0, 0, G_TX_WRAP | G_TX_NOMIRROR, 0, 0),
	gsDPLoadTile(7, 0, 384, 132, 508),
	gsDPSetTile(G_IM_FMT_RGBA, G_IM_SIZ_16b, 9, 0, 0, 0, G_TX_CLAMP | G_TX_NOMIRROR, 0, 0, G_TX_CLAMP | G_TX_NOMIRROR, 0, 0),
	gsDPSetTileSize(0, 0, 384, 132, 508),
	gsSPVertex(chao_skybox_skybox_mesh_vtx_1 + 332, 48, 0),
	gsSP2Triangles(0, 1, 2, 0, 0, 2, 3, 0),
	gsSP2Triangles(0, 3, 4, 0, 0, 4, 5, 0),
	gsSP2Triangles(6, 7, 8, 0, 6, 8, 9, 0),
	gsSP2Triangles(6, 9, 10, 0, 6, 10, 11, 0),
	gsSP2Triangles(12, 13, 14, 0, 12, 14, 15, 0),
	gsSP2Triangles(12, 15, 16, 0, 12, 16, 17, 0),
	gsSP2Triangles(18, 19, 20, 0, 18, 20, 21, 0),
	gsSP2Triangles(18, 21, 22, 0, 18, 22, 23, 0),
	gsSP2Triangles(24, 25, 26, 0, 24, 26, 27, 0),
	gsSP2Triangles(24, 27, 28, 0, 24, 28, 29, 0),
	gsSP2Triangles(30, 31, 32, 0, 30, 32, 33, 0),
	gsSP2Triangles(30, 33, 34, 0, 30, 34, 35, 0),
	gsSP2Triangles(36, 37, 38, 0, 36, 38, 39, 0),
	gsSP2Triangles(36, 39, 40, 0, 36, 40, 41, 0),
	gsSP2Triangles(42, 43, 44, 0, 42, 44, 45, 0),
	gsSP2Triangles(42, 45, 46, 0, 42, 46, 47, 0),
	gsDPLoadSync(),
	gsDPLoadTile(7, 128, 384, 260, 508),
	gsDPSetTileSize(0, 128, 384, 260, 508),
	gsSPVertex(chao_skybox_skybox_mesh_vtx_1 + 380, 48, 0),
	gsSP2Triangles(0, 1, 2, 0, 0, 3, 1, 0),
	gsSP2Triangles(0, 4, 3, 0, 0, 5, 4, 0),
	gsSP2Triangles(6, 7, 8, 0, 6, 9, 7, 0),
	gsSP2Triangles(6, 10, 9, 0, 6, 11, 10, 0),
	gsSP2Triangles(12, 13, 14, 0, 12, 15, 13, 0),
	gsSP2Triangles(12, 16, 15, 0, 12, 17, 16, 0),
	gsSP2Triangles(18, 19, 20, 0, 18, 21, 19, 0),
	gsSP2Triangles(18, 22, 21, 0, 18, 23, 22, 0),
	gsSP2Triangles(24, 25, 26, 0, 24, 27, 25, 0),
	gsSP2Triangles(24, 28, 27, 0, 24, 29, 28, 0),
	gsSP2Triangles(30, 31, 32, 0, 30, 33, 31, 0),
	gsSP2Triangles(30, 34, 33, 0, 30, 35, 34, 0),
	gsSP2Triangles(36, 37, 38, 0, 36, 39, 37, 0),
	gsSP2Triangles(36, 40, 39, 0, 36, 41, 40, 0),
	gsSP2Triangles(42, 43, 44, 0, 42, 45, 43, 0),
	gsSP2Triangles(42, 46, 45, 0, 42, 47, 46, 0),
	gsDPLoadSync(),
	gsDPLoadTile(7, 128, 256, 260, 384),
	gsDPSetTileSize(0, 128, 256, 260, 384),
	gsSPVertex(chao_skybox_skybox_mesh_vtx_1 + 428, 32, 0),
	gsSP2Triangles(0, 1, 2, 0, 0, 3, 1, 0),
	gsSP2Triangles(4, 5, 6, 0, 4, 7, 5, 0),
	gsSP2Triangles(8, 9, 10, 0, 8, 11, 9, 0),
	gsSP2Triangles(12, 13, 14, 0, 12, 15, 13, 0),
	gsSP2Triangles(16, 17, 18, 0, 16, 19, 17, 0),
	gsSP2Triangles(20, 21, 22, 0, 20, 23, 21, 0),
	gsSP2Triangles(24, 25, 26, 0, 24, 27, 25, 0),
	gsSP2Triangles(28, 29, 30, 0, 28, 31, 29, 0),
	gsDPLoadSync(),
	gsDPLoadTile(7, 0, 128, 132, 256),
	gsDPSetTileSize(0, 0, 128, 132, 256),
	gsSPVertex(chao_skybox_skybox_mesh_vtx_1 + 460, 32, 0),
	gsSP2Triangles(0, 1, 2, 0, 0, 3, 1, 0),
	gsSP2Triangles(4, 5, 6, 0, 4, 7, 5, 0),
	gsSP2Triangles(8, 9, 10, 0, 8, 11, 9, 0),
	gsSP2Triangles(12, 13, 14, 0, 12, 15, 13, 0),
	gsSP2Triangles(16, 17, 18, 0, 16, 19, 17, 0),
	gsSP2Triangles(20, 21, 22, 0, 20, 23, 21, 0),
	gsSP2Triangles(24, 25, 26, 0, 24, 27, 25, 0),
	gsSP2Triangles(28, 29, 30, 0, 28, 31, 29, 0),
	gsDPLoadSync(),
	gsDPLoadTile(7, 128, 128, 260, 256),
	gsDPSetTileSize(0, 128, 128, 260, 256),
	gsSPVertex(chao_skybox_skybox_mesh_vtx_1 + 492, 32, 0),
	gsSP2Triangles(0, 1, 2, 0, 0, 3, 1, 0),
	gsSP2Triangles(4, 5, 6, 0, 4, 7, 5, 0),
	gsSP2Triangles(8, 9, 10, 0, 8, 11, 9, 0),
	gsSP2Triangles(12, 13, 14, 0, 12, 15, 13, 0),
	gsSP2Triangles(16, 17, 18, 0, 16, 19, 17, 0),
	gsSP2Triangles(20, 21, 22, 0, 20, 23, 21, 0),
	gsSP2Triangles(24, 25, 26, 0, 24, 27, 25, 0),
	gsSP2Triangles(28, 29, 30, 0, 28, 31, 29, 0),
	gsDPLoadSync(),
	gsDPLoadTile(7, 128, 0, 260, 128),
	gsDPSetTileSize(0, 128, 0, 260, 128),
	gsSPVertex(chao_skybox_skybox_mesh_vtx_1 + 524, 32, 0),
	gsSP2Triangles(0, 1, 2, 0, 0, 2, 3, 0),
	gsSP2Triangles(4, 5, 6, 0, 4, 6, 7, 0),
	gsSP2Triangles(8, 9, 10, 0, 8, 10, 11, 0),
	gsSP2Triangles(12, 13, 14, 0, 12, 14, 15, 0),
	gsSP2Triangles(16, 17, 18, 0, 16, 18, 19, 0),
	gsSP2Triangles(20, 21, 22, 0, 20, 22, 23, 0),
	gsSP2Triangles(24, 25, 26, 0, 24, 26, 27, 0),
	gsSP2Triangles(28, 29, 30, 0, 28, 30, 31, 0),
	gsDPPipeSync(),
	gsSPLoadGeometryMode(G_ZBUFFER | G_SHADE | G_CULL_BACK | G_LIGHTING | G_SHADING_SMOOTH),
	gsSPSetOtherMode(G_SETOTHERMODE_H, 4, 20, G_CD_MAGICSQ | G_AD_DISABLE | G_CK_NONE | G_TC_FILT | G_TF_BILERP | G_TT_NONE | G_TL_TILE | G_TD_CLAMP | G_TP_PERSP | G_CYC_1CYCLE | G_PM_1PRIMITIVE),
	gsSPEndDisplayList(),
};

