ALIGNED8 u8 ow_pc_kd_pc_hasira4_ci4[] = {
	0x00, 0x00, 0x11, 0x22, 0x00, 0x00, 0x02, 0x01, 
	0x22, 0x22, 0x02, 0x22, 0x22, 0x21, 0x22, 0x22, 
	0x22, 0x30, 0x00, 0x44, 0x00, 0x02, 0x20, 0x01, 
	0x00, 0x00, 0x02, 0x12, 0x10, 0x21, 0x22, 0x21, 
	0x10, 0x00, 0x11, 0x15, 0x66, 0x16, 0x66, 0x77, 
	0x51, 0x88, 0x88, 0x77, 0x75, 0x99, 0x66, 0x61, 
	0x76, 0x34, 0x2a, 0x44, 0xb2, 0x0a, 0xcc, 0x19, 
	0xbb, 0x5d, 0x66, 0x16, 0x76, 0xbb, 0x51, 0x77, 
	0x33, 0x44, 0x34, 0xee, 0x99, 0xcb, 0x55, 0xc8, 
	0xbc, 0xff, 0x77, 0x8f, 0x68, 0x8f, 0x8b, 0x79, 
	0xf4, 0x3a, 0xaa, 0xeb, 0x1c, 0x86, 0xc8, 0xbc, 
	0xcd, 0xd2, 0x5d, 0xf5, 0xf8, 0x8f, 0x76, 0x9f, 
	0x13, 0x24, 0xaa, 0xaa, 0x99, 0xcc, 0xa9, 0xcc, 
	0xb5, 0xf8, 0x7f, 0xf8, 0xf6, 0xf8, 0xf8, 0x69, 
	0x84, 0x3a, 0xa0, 0xab, 0xcc, 0x96, 0xeb, 0xbb, 
	0x7d, 0xdd, 0xdd, 0x67, 0x5f, 0x67, 0x86, 0xff, 
	0x63, 0x33, 0x44, 0xaa, 0xee, 0xab, 0xd5, 0x66, 
	0xcb, 0x86, 0x87, 0x88, 0xb7, 0x68, 0x57, 0x85, 
	0xf1, 0x34, 0x9b, 0xcb, 0xcc, 0xee, 0xbe, 0xbb, 
	0xcb, 0xbd, 0x6e, 0x77, 0x78, 0xf8, 0x7d, 0x66, 
	0x63, 0x34, 0xa4, 0xaa, 0xee, 0xdb, 0xa5, 0x98, 
	0xdd, 0x68, 0x76, 0x8b, 0x77, 0x88, 0x77, 0x85, 
	0xf1, 0x34, 0x31, 0xcc, 0xce, 0xec, 0xdb, 0xdb, 
	0xca, 0x9a, 0x67, 0x77, 0x87, 0xff, 0x77, 0x85, 
	0xf2, 0x34, 0xee, 0xac, 0xee, 0xe6, 0x96, 0xbc, 
	0x5e, 0x87, 0xb7, 0x66, 0x88, 0x78, 0x77, 0x75, 
	0xf2, 0x31, 0xcc, 0xcc, 0xca, 0x9b, 0xec, 0xe7, 
	0xb9, 0x88, 0x9b, 0x77, 0xff, 0x77, 0x77, 0x5f, 
	0x10, 0x34, 0x45, 0xce, 0xec, 0x55, 0x9a, 0xcb, 
	0xe7, 0x78, 0x78, 0x87, 0x86, 0x7f, 0x87, 0x75, 
	0xf1, 0x11, 0xac, 0xcb, 0xbc, 0x9b, 0xcc, 0xdd, 
	0xbb, 0xdd, 0x51, 0x7f, 0xff, 0xff, 0xf7, 0x58, 
	0x83, 0x34, 0x33, 0xaa, 0x4a, 0xcb, 0x5d, 0xae, 
	0x8c, 0xb8, 0xbd, 0xb8, 0xdd, 0xdb, 0xd7, 0x88, 
	0xf1, 0x35, 0xa4, 0xcd, 0xca, 0xbc, 0xcc, 0xbc, 
	0xdd, 0xc7, 0x57, 0x88, 0x7f, 0x77, 0xd7, 0x57, 
	0x83, 0x44, 0xaa, 0xae, 0xc9, 0xdc, 0x54, 0x58, 
	0xbb, 0x78, 0x8b, 0xbb, 0xdb, 0xdd, 0x67, 0x8f, 
	0x81, 0x33, 0x2a, 0x4c, 0xcb, 0xae, 0xec, 0x99, 
	0xcd, 0x7d, 0x77, 0x98, 0x7f, 0xf7, 0xfd, 0x76, 
	0x83, 0x34, 0x4a, 0xaa, 0xc9, 0xa5, 0x96, 0xbd, 
	0xbb, 0x66, 0xcd, 0xdd, 0xdd, 0xdd, 0xdb, 0xff, 
	0xf2, 0x32, 0xa4, 0xac, 0xea, 0xab, 0xcc, 0x5b, 
	0xbb, 0xdb, 0xdd, 0xf7, 0x77, 0xf7, 0x77, 0x8b, 
	0x83, 0x44, 0xa3, 0x3a, 0x4a, 0x85, 0x55, 0xbd, 
	0xbd, 0x86, 0xdd, 0xdb, 0xdd, 0xdd, 0xd7, 0xff, 
	0xf2, 0x32, 0xa9, 0xce, 0xec, 0xbb, 0xdc, 0x55, 
	0xbb, 0xb5, 0xb7, 0x88, 0x77, 0x6f, 0xd7, 0x8b, 
	0x13, 0x32, 0x3a, 0x44, 0xac, 0xee, 0x59, 0x5d, 
	0xc6, 0x86, 0xdd, 0x88, 0x88, 0xbb, 0xb7, 0x77, 
	0x81, 0x34, 0x4a, 0xa9, 0xca, 0xee, 0xec, 0xbc, 
	0xc8, 0x8b, 0x88, 0x7f, 0xf7, 0xf8, 0xf7, 0x86, 
	0x63, 0x21, 0x44, 0xee, 0xca, 0x55, 0x67, 0x55, 
	0xfe, 0xf7, 0xbd, 0x88, 0x85, 0xb5, 0x77, 0xff, 
	0xf8, 0x34, 0xea, 0xba, 0xcc, 0xcc, 0xca, 0xcd, 
	0x86, 0xbb, 0x8f, 0x77, 0x7f, 0x78, 0xd7, 0x68, 
	0x63, 0x22, 0xaa, 0xca, 0xaa, 0x9b, 0xbb, 0x89, 
	0x66, 0x89, 0xdd, 0x7b, 0x77, 0xd7, 0x7f, 0x87, 
	0xf9, 0x21, 0xaa, 0xcc, 0xcc, 0xa9, 0xe8, 0xc9, 
	0xbd, 0xbd, 0xdb, 0xf7, 0xff, 0x77, 0x78, 0x68, 
	0x63, 0x22, 0xa6, 0xa9, 0x95, 0xb9, 0xcc, 0x67, 
	0x68, 0x67, 0xb8, 0x87, 0x7b, 0xdd, 0xfb, 0x77, 
	0x69, 0x31, 0x45, 0xaa, 0xec, 0x65, 0xbe, 0xbb, 
	0xbb, 0xd7, 0xb7, 0x87, 0x77, 0x77, 0x78, 0x58, 
	0x13, 0x33, 0xe4, 0xce, 0xee, 0x4a, 0x9c, 0xbc, 
	0x77, 0x88, 0xd7, 0x5d, 0xbb, 0x88, 0x7f, 0x7b, 
	0x79, 0x24, 0xa9, 0x59, 0xbe, 0xee, 0xca, 0xac, 
	0xeb, 0xdd, 0x67, 0x77, 0xf7, 0x78, 0x77, 0x67, 
	0x83, 0x03, 0x4a, 0x4c, 0xce, 0xcc, 0xea, 0xcb, 
	0x75, 0x6f, 0xd7, 0x5d, 0x7d, 0xfb, 0x68, 0xfb, 
	0x64, 0x2a, 0xa9, 0xe9, 0xaa, 0xec, 0xca, 0xec, 
	0xd7, 0xd7, 0xc7, 0xdf, 0xff, 0x77, 0x7d, 0x87, 
	0x20, 0x33, 0x43, 0x4e, 0xcc, 0xac, 0xcd, 0x76, 
	0x8f, 0x87, 0x85, 0x86, 0x68, 0xff, 0xf8, 0xdd, 
	0x69, 0x23, 0xa4, 0xa9, 0x4a, 0x3c, 0xbb, 0xab, 
	0xba, 0xde, 0x76, 0x88, 0x7b, 0x77, 0x7d, 0x69, 
	0x90, 0x33, 0x4a, 0xae, 0x19, 0xab, 0xcc, 0xe6, 
	0x88, 0xf6, 0x58, 0x66, 0xd8, 0x86, 0x58, 0xbb, 
	0x8a, 0x2a, 0x43, 0x44, 0xcc, 0xac, 0xea, 0xea, 
	0xcc, 0x7d, 0x67, 0x58, 0xd7, 0xc7, 0xdd, 0x68, 
	0x53, 0x34, 0xaa, 0xee, 0x5e, 0x66, 0xbc, 0x66, 
	0x77, 0x88, 0x8b, 0x7b, 0x88, 0x77, 0xf8, 0x76, 
	0x71, 0x31, 0xcc, 0x4e, 0x39, 0xec, 0xe4, 0x47, 
	0xec, 0xbb, 0xc7, 0x88, 0xd7, 0xf6, 0xdb, 0x66, 
	0x13, 0x41, 0xaa, 0xaa, 0x5a, 0x5e, 0xce, 0x56, 
	0x66, 0xff, 0x88, 0xbb, 0x99, 0xbd, 0x88, 0x89, 
	0x69, 0x93, 0xa3, 0xaa, 0xb9, 0xaa, 0xee, 0xaa, 
	0xcb, 0xbd, 0xb7, 0x88, 0x7d, 0x77, 0xb9, 0x21, 
	0x93, 0x34, 0xaa, 0x58, 0xe5, 0xa5, 0x56, 0xab, 
	0xbd, 0x5d, 0xdd, 0x69, 0xd7, 0x5f, 0x88, 0x8e, 
	0x59, 0x3a, 0xa9, 0xa3, 0xa9, 0xea, 0xce, 0xee, 
	0xbb, 0xcb, 0xbb, 0xf8, 0x67, 0x6f, 0x87, 0x11, 
	0x23, 0x34, 0xa9, 0x45, 0x9e, 0xa5, 0xe5, 0xb5, 
	0xdb, 0xbd, 0xdd, 0x76, 0xbb, 0xf8, 0x8f, 0x88, 
	0x69, 0x34, 0xa4, 0xea, 0xaa, 0x55, 0xcb, 0xea, 
	0xca, 0xdd, 0xb7, 0x67, 0x78, 0xf8, 0x75, 0xf6, 
	0x23, 0x2a, 0x44, 0x85, 0xcc, 0xde, 0xcb, 0xc6, 
	0x95, 0xdd, 0x9b, 0x8f, 0x86, 0xd7, 0xf8, 0xf5, 
	0x89, 0x22, 0x99, 0x95, 0xa9, 0xca, 0xaa, 0xce, 
	0x55, 0x55, 0x7b, 0x77, 0x7f, 0x76, 0x77, 0x5d, 
	0x23, 0x2a, 0x58, 0xaa, 0xee, 0x55, 0xcc, 0xce, 
	0x5f, 0xb5, 0x7d, 0xfb, 0x96, 0xbb, 0x88, 0x88, 
	0x89, 0x44, 0x4a, 0x9a, 0xa5, 0xae, 0xce, 0xce, 
	0x58, 0xe8, 0xbd, 0xf7, 0xbb, 0x77, 0x78, 0xdd, 
	0x13, 0x3a, 0xee, 0xec, 0xe8, 0xcb, 0xce, 0xec, 
	0xde, 0x67, 0x66, 0x66, 0x58, 0xb7, 0x78, 0xb7, 
	0x95, 0x32, 0xaa, 0x4a, 0xee, 0xec, 0xcb, 0xcb, 
	0xcd, 0x88, 0xb8, 0xbf, 0x77, 0x77, 0x7b, 0x86, 
	0x22, 0x43, 0xaa, 0xea, 0xe5, 0xee, 0xbc, 0xcd, 
	0xeb, 0x78, 0x67, 0x78, 0x65, 0x7b, 0xdd, 0x77, 
	0xa5, 0x22, 0x3a, 0xa4, 0xae, 0xc4, 0xee, 0xba, 
	0xdc, 0x88, 0xb8, 0x88, 0x67, 0x77, 0x87, 0x86, 
	0x10, 0x22, 0xac, 0xa9, 0xee, 0xdc, 0xce, 0xcc, 
	0x86, 0x7d, 0x67, 0x56, 0x59, 0xcd, 0x6f, 0x8c, 
	0xf8, 0x12, 0x3a, 0x3a, 0xca, 0xeb, 0x49, 0xeb, 
	0xbd, 0x55, 0xfb, 0x7d, 0x78, 0xb7, 0xb8, 0x76, 
	0x60, 0x3a, 0x44, 0x4a, 0xab, 0xec, 0x6c, 0xbc, 
	0x99, 0xcd, 0x56, 0x76, 0x58, 0xbd, 0x76, 0x8c, 
	0x5a, 0x22, 0x34, 0x99, 0xaa, 0xee, 0x93, 0x4a, 
	0xbb, 0x87, 0x88, 0xd7, 0x55, 0xf7, 0xf8, 0x75, 
	0x23, 0x31, 0x4a, 0xa9, 0xec, 0xbc, 0xb8, 0xee, 
	0x67, 0x78, 0x8f, 0x57, 0x6c, 0x55, 0x6f, 0x85, 
	0x21, 0x02, 0xaa, 0xa5, 0xca, 0xca, 0xaa, 0xbb, 
	0xcc, 0xc8, 0x77, 0xff, 0xff, 0x87, 0xb8, 0x87, 
	0x22, 0x22, 0x6a, 0x95, 0xce, 0xcb, 0xbb, 0xbb, 
	0x71, 0xdd, 0x68, 0xb5, 0x76, 0x67, 0x88, 0x88, 
	0x61, 0x33, 0xa4, 0x5a, 0xaa, 0xee, 0xe4, 0xb9, 
	0xec, 0x8c, 0xe7, 0x85, 0xf8, 0x78, 0x87, 0x78, 
	0x00, 0x44, 0x3c, 0xe4, 0xca, 0xac, 0xb5, 0xee, 
	0xcb, 0xbd, 0x16, 0xb7, 0xf8, 0x8b, 0x68, 0x8c, 
	0x64, 0x34, 0x41, 0xa9, 0xa5, 0x59, 0x9a, 0x4b, 
	0xba, 0xab, 0xfb, 0x77, 0x77, 0x77, 0xfd, 0x8f, 
	0x10, 0x34, 0x43, 0xe5, 0xec, 0xee, 0xdb, 0xe8, 
	0xc8, 0xed, 0xff, 0x87, 0x8c, 0x88, 0x88, 0xfb, 
	0x64, 0x33, 0x44, 0xa5, 0x99, 0x45, 0xca, 0x99, 
	0xac, 0x99, 0xc8, 0x88, 0x7f, 0x7f, 0xdd, 0xbf, 
	0x33, 0x34, 0x44, 0xec, 0xeb, 0xcd, 0xab, 0xc9, 
	0xb5, 0xbb, 0x8c, 0xbd, 0x58, 0xbd, 0x8b, 0xc7, 
	0x89, 0x32, 0x55, 0x54, 0xa5, 0xee, 0xee, 0xa5, 
	0x99, 0x71, 0xca, 0xb7, 0x7f, 0xf8, 0x7d, 0x66, 
	0x10, 0x3a, 0xaa, 0xaa, 0xae, 0xdc, 0xc4, 0xcd, 
	0x95, 0x77, 0xf8, 0xbb, 0x78, 0xb7, 0x87, 0xb8, 
	0x89, 0x22, 0x4a, 0x45, 0xaa, 0x55, 0xee, 0x5b, 
	0x59, 0x17, 0xbb, 0xbb, 0xff, 0x7f, 0x7d, 0x66, 
	0x00, 0x34, 0xaa, 0x99, 0xbc, 0xeb, 0xbd, 0x5a, 
	0x55, 0xbd, 0xf6, 0xbd, 0xdc, 0xdb, 0x87, 0x75, 
	0x75, 0x34, 0x11, 0x54, 0xaa, 0xa5, 0xeb, 0xbc, 
	0xba, 0x8b, 0x67, 0x78, 0xff, 0x77, 0x77, 0x88, 
	0x02, 0x34, 0x4a, 0xa6, 0xee, 0xeb, 0xbb, 0x5b, 
	0x5d, 0xcc, 0x66, 0xcb, 0xdc, 0xcd, 0x67, 0x87, 
	0x69, 0x33, 0x34, 0x45, 0xa2, 0xaa, 0xec, 0xeb, 
	0xbb, 0xbd, 0x76, 0x5f, 0xff, 0x77, 0x77, 0x89, 
	0x02, 0x43, 0x44, 0xea, 0xca, 0xcc, 0xcb, 0xca, 
	0xdc, 0xbb, 0x8e, 0xcd, 0xd6, 0x5b, 0x8f, 0xff, 
	0x82, 0x34, 0x2a, 0xaa, 0xae, 0x9a, 0xec, 0x6c, 
	0xbd, 0xe7, 0xb8, 0xf6, 0xff, 0x77, 0xcf, 0x58, 
	0x92, 0x33, 0x2a, 0xac, 0xcc, 0xca, 0x99, 0xcb, 
	0xbd, 0xbd, 0x85, 0xcd, 0x6d, 0x5d, 0xb8, 0x77, 
	0x81, 0x04, 0xa2, 0x99, 0xee, 0x9c, 0xca, 0xec, 
	0xee, 0xf7, 0xbb, 0xf7, 0x88, 0x77, 0x7c, 0x66, 
	0x20, 0x32, 0x4e, 0xe9, 0xcc, 0xc8, 0xcc, 0xe6, 
	0xbb, 0xfd, 0x78, 0xbd, 0xd6, 0x85, 0xff, 0x87, 
	0xd1, 0x32, 0x44, 0xea, 0xee, 0xae, 0xa5, 0xcc, 
	0xf5, 0xbb, 0x68, 0x88, 0xff, 0x57, 0xff, 0x6f, 
	0x22, 0x32, 0xae, 0xe5, 0xec, 0xbe, 0xce, 0xc6, 
	0xbb, 0xd7, 0x85, 0x7b, 0x66, 0x88, 0xff, 0x66, 
	0x51, 0x32, 0x34, 0xaa, 0x5e, 0xec, 0xa8, 0xbc, 
	0xe8, 0xdd, 0x56, 0xff, 0x77, 0x7d, 0xdf, 0x6e, 
	0x20, 0x32, 0xae, 0xee, 0x99, 0x3e, 0xac, 0xa8, 
	0x68, 0x68, 0x9f, 0x5f, 0x6f, 0x57, 0xff, 0xf5, 
	0x50, 0x20, 0x22, 0xa9, 0xab, 0xee, 0xee, 0xab, 
	0x8b, 0xbb, 0x8c, 0xb8, 0x77, 0xbd, 0xdd, 0xb2, 
	0x00, 0x34, 0xe4, 0xaa, 0xab, 0xee, 0xce, 0x58, 
	0x68, 0x7f, 0xf6, 0x5f, 0x76, 0x7f, 0x6f, 0x58, 
	0x81, 0x20, 0x22, 0xa9, 0x99, 0xec, 0x4b, 0x55, 
	0xba, 0xbb, 0xff, 0xb8, 0x87, 0xfd, 0xfd, 0x12, 
	0x00, 0x33, 0x32, 0xaa, 0xec, 0xa5, 0xeb, 0x56, 
	0x88, 0xdd, 0x7f, 0xf7, 0x66, 0xdd, 0x78, 0x66, 
	0x11, 0x04, 0x24, 0xaa, 0x4a, 0xac, 0x55, 0xcb, 
	0x5d, 0x88, 0x69, 0xd6, 0x7b, 0xbb, 0x57, 0x11, 
	0x10, 0x34, 0x32, 0x44, 0xcc, 0x55, 0xba, 0x56, 
	0xf8, 0xdd, 0xf9, 0xdd, 0x67, 0xdd, 0x7f, 0xf6, 
	0x11, 0x33, 0x2a, 0x4a, 0x59, 0xae, 0x45, 0xcc, 
	0xbd, 0x58, 0x57, 0x67, 0xbc, 0xab, 0x66, 0xd0, 
	0x50, 0x34, 0xaa, 0xa6, 0xac, 0xc4, 0xa8, 0x16, 
	0xbb, 0x66, 0x57, 0xbb, 0x5a, 0x88, 0xf8, 0x57, 
	0x91, 0x30, 0x44, 0x44, 0x3a, 0xcc, 0xce, 0xbb, 
	0x55, 0xe8, 0xb8, 0xdd, 0x77, 0x79, 0xdd, 0x65, 
	0x00, 0x43, 0xa4, 0x94, 0xcc, 0xce, 0xe5, 0x91, 
	0x7b, 0x68, 0x65, 0x55, 0x88, 0x8f, 0xf6, 0xf6, 
	0x96, 0x01, 0x44, 0x9b, 0x5a, 0xaa, 0xcb, 0xaa, 
	0x85, 0x8e, 0xb7, 0x7f, 0x87, 0x75, 0x9d, 0x66, 
	0x13, 0x34, 0x4a, 0xae, 0xa5, 0x86, 0x9a, 0x99, 
	0xb6, 0x85, 0xf6, 0xdc, 0x5b, 0x5b, 0xff, 0xf5, 
	0x81, 0x32, 0x44, 0x9a, 0xac, 0xca, 0xce, 0xec, 
	0xcc, 0x57, 0xdd, 0x65, 0xf7, 0xdd, 0x88, 0x88, 
	0x13, 0x32, 0x4a, 0xea, 0x55, 0xa6, 0xcc, 0x1b, 
	0xb6, 0x5f, 0xff, 0x7c, 0xb5, 0x5b, 0xfd, 0xf8, 
	0x71, 0x23, 0x04, 0xa4, 0x4a, 0xec, 0xae, 0xcb, 
	0x2c, 0x9d, 0x77, 0x65, 0xbb, 0xbd, 0x7f, 0x8f, 
	0x00, 0x04, 0x43, 0xac, 0x55, 0x8e, 0xcc, 0x85, 
	0x88, 0x95, 0xd6, 0xdd, 0xcf, 0x88, 0xdf, 0xbf, 
	0x21, 0x21, 0x22, 0x4a, 0xaa, 0xca, 0xc9, 0xcb, 
	0xbb, 0x88, 0x8d, 0xd8, 0x86, 0x8b, 0x86, 0x6f, 
	0x22, 0x0a, 0xa9, 0xcc, 0xa5, 0xeb, 0xac, 0x8a, 
	0x58, 0x76, 0x66, 0xbc, 0xff, 0x86, 0xd7, 0xf7, 
	0x81, 0x03, 0x22, 0x4a, 0xa4, 0x9a, 0x9c, 0xcc, 
	0x5b, 0x88, 0x5b, 0xbb, 0x68, 0x87, 0x67, 0x96, 
	0x22, 0x22, 0xea, 0x44, 0x3a, 0xce, 0x15, 0x25, 
	0x66, 0x66, 0xb8, 0x68, 0x66, 0x66, 0x6f, 0x79, 
	0x69, 0x34, 0x44, 0xa4, 0x2a, 0xa4, 0xc4, 0xac, 
	0x55, 0xbb, 0x68, 0x62, 0x87, 0x7d, 0xdd, 0x9a, 
	0x23, 0x43, 0xa4, 0x4a, 0xee, 0xae, 0x11, 0x5d, 
	0x66, 0x78, 0x7b, 0x89, 0x66, 0x68, 0xf6, 0x76, 
	0x79, 0x00, 0x43, 0x4a, 0x44, 0xce, 0xec, 0xcc, 
	0x55, 0xb7, 0x68, 0x26, 0x88, 0x77, 0xd1, 0x68, 
	0x53, 0x03, 0x3a, 0x11, 0xaa, 0x99, 0x65, 0x71, 
	0x76, 0x66, 0x66, 0xa9, 0xf5, 0xff, 0xff, 0x86, 
	0x81, 0x33, 0x4a, 0x44, 0x34, 0xa4, 0xee, 0xcc, 
	0xcc, 0x55, 0x7e, 0x86, 0x77, 0x7d, 0x88, 0x57, 
	0x13, 0x44, 0x4a, 0x14, 0x5a, 0x99, 0x6a, 0x91, 
	0x6a, 0xff, 0x64, 0x97, 0x58, 0x6f, 0x6f, 0xf6, 
	0x89, 0x33, 0x44, 0x44, 0x4a, 0x99, 0xec, 0x4e, 
	0xee, 0x5b, 0xdd, 0x87, 0x77, 0xdb, 0x56, 0xbb, 
	0x00, 0x22, 0x2a, 0x99, 0x11, 0xcb, 0x59, 0x8a, 
	0xcd, 0x56, 0x88, 0x62, 0xfc, 0x88, 0xff, 0xf6, 
	0x81, 0x02, 0x34, 0x44, 0x94, 0x4a, 0x5a, 0x9a, 
	0x5a, 0x55, 0xab, 0x69, 0xdb, 0xdb, 0x69, 0x47, 
	0x33, 0x31, 0xa4, 0x49, 0x69, 0x9c, 0xb5, 0xb8, 
	0xbe, 0x65, 0x8b, 0x6f, 0xc6, 0x78, 0xff, 0xf9, 
	0xf6, 0x01, 0x44, 0x4a, 0xaa, 0xa9, 0xae, 0xa9, 
	0x4a, 0x39, 0xdb, 0x56, 0xed, 0xdb, 0x65, 0x9b, 
	0x23, 0x33, 0x14, 0x51, 0x58, 0x55, 0x85, 0xd9, 
	0x66, 0x66, 0x96, 0xd9, 0xc6, 0x67, 0x88, 0x89, 
	0x85, 0x00, 0x4e, 0x4a, 0xaa, 0x4a, 0xae, 0xaa, 
	0x99, 0x5e, 0xa5, 0xbb, 0xeb, 0xdb, 0x51, 0x5d, 
	0x23, 0x22, 0x99, 0x11, 0x51, 0x88, 0x66, 0xc9, 
	0x66, 0x66, 0x68, 0xad, 0xcf, 0x55, 0x87, 0x59, 
	0x59, 0x00, 0x44, 0xaa, 0x44, 0xaa, 0xec, 0xee, 
	0xe9, 0x55, 0x95, 0x59, 0x55, 0xcc, 0x55, 0x5d, 
	0x20, 0x39, 0x66, 0x18, 0x66, 0x66, 0xba, 0xb9, 
	0x55, 0xcc, 0xbb, 0x75, 0x9f, 0xf9, 0x55, 0x96, 
	0x59, 0x00, 0x13, 0x4a, 0x2a, 0x22, 0x49, 0xea, 
	0xcc, 0xaa, 0xcc, 0x55, 0x59, 0x9b, 0xb5, 0x98, 
	0x20, 0x31, 0x16, 0x66, 0x66, 0xee, 0xcc, 0xb9, 
	0x96, 0xbb, 0x7c, 0x96, 0x96, 0x69, 0x79, 0x81, 
	0x59, 0x00, 0x33, 0x42, 0x12, 0x23, 0x9a, 0x4a, 
	0xe4, 0x4a, 0xec, 0xd1, 0xbb, 0x9b, 0x59, 0x9f, 
	0x00, 0x00, 0x4e, 0xac, 0xee, 0xac, 0xda, 0xcd, 
	0xbb, 0xce, 0xee, 0x79, 0xbb, 0x49, 0xff, 0xd2, 
	0xa5, 0x20, 0x02, 0x00, 0x22, 0x21, 0x11, 0x15, 
	0x11, 0x61, 0x16, 0x76, 0xbb, 0x99, 0x99, 0x66, 
	0x00, 0x00, 0x42, 0x4a, 0x33, 0xa4, 0xa4, 0x22, 
	0x00, 0x44, 0xaa, 0x44, 0x32, 0x93, 0x33, 0x00, 
	0x02, 0x00, 0x00, 0x00, 0x00, 0x02, 0x00, 0x21, 
	0x02, 0x21, 0x16, 0x11, 0x22, 0x02, 0xaa, 0x33, 
	
};

ALIGNED8 u8 ow_pc_kd_pc_hasira4_pal_rgba16[] = {
	0x59, 0x07, 0x9b, 0x11, 0x82, 0x4b, 0x69, 0x85, 
	0x8a, 0x49, 0xc4, 0x55, 0xcc, 0xdb, 0xe5, 0xe1, 
	0xdd, 0x5d, 0xb3, 0xd3, 0xa3, 0x0d, 0xd4, 0x97, 
	0xc4, 0x53, 0xdd, 0x19, 0xbb, 0xcf, 0xee, 0x27, 
	
};

ALIGNED8 u8 ow_pc_kd_pc_ehasira1_ci4[] = {
	0x01, 0x20, 0x02, 0x13, 0x40, 0x00, 0x02, 0x24, 
	0x03, 0x10, 0x44, 0x30, 0x44, 0x01, 0x33, 0x02, 
	0x44, 0x02, 0x20, 0x01, 0x22, 0x22, 0x10, 0x00, 
	0x04, 0x00, 0x00, 0x04, 0x00, 0x42, 0x00, 0x21, 
	0x04, 0x00, 0x00, 0x04, 0x44, 0x44, 0x14, 0x00, 
	0x40, 0x44, 0x44, 0x14, 0x04, 0x04, 0x04, 0x44, 
	0x00, 0x00, 0x00, 0x02, 0x12, 0x20, 0x00, 0x04, 
	0x00, 0x30, 0x00, 0x01, 0x14, 0x00, 0x00, 0x35, 
	0x67, 0x33, 0x38, 0x88, 0x57, 0x56, 0x69, 0x77, 
	0x77, 0x87, 0x77, 0x87, 0x78, 0x87, 0x38, 0x98, 
	0x87, 0x78, 0x87, 0x77, 0x77, 0x77, 0x67, 0x77, 
	0x77, 0x77, 0x77, 0x67, 0x66, 0xaa, 0x77, 0x66, 
	0x77, 0x7b, 0x99, 0xcc, 0x99, 0x99, 0xcb, 0xcc, 
	0xc9, 0x89, 0x99, 0xc8, 0x89, 0x99, 0x8b, 0xbb, 
	0x99, 0x9c, 0xc8, 0xcc, 0xb9, 0x9b, 0x99, 0x8c, 
	0x89, 0x89, 0x88, 0xc8, 0x97, 0xcc, 0xc8, 0xc6, 
	0x89, 0xbd, 0xcc, 0xbc, 0xbc, 0x9c, 0x9c, 0xb8, 
	0xbe, 0xce, 0xce, 0xee, 0x8b, 0xbb, 0xb8, 0xb7, 
	0x7b, 0xbc, 0x8b, 0x9b, 0xcc, 0x8e, 0xeb, 0xbd, 
	0x9d, 0xb9, 0x79, 0x9b, 0x7e, 0xde, 0x9e, 0x86, 
	0x89, 0x9e, 0x88, 0xbb, 0xed, 0xee, 0xdd, 0xee, 
	0xcd, 0x9f, 0xdb, 0xcb, 0x8e, 0xdc, 0xe9, 0xcc, 
	0x9c, 0xef, 0xee, 0xed, 0x89, 0xbe, 0x9b, 0xec, 
	0x8b, 0xc9, 0xcb, 0x9b, 0x88, 0x88, 0x98, 0xd6, 
	0x8c, 0xc9, 0xec, 0x97, 0x78, 0x87, 0x9d, 0xbb, 
	0xbc, 0xee, 0xbb, 0x9c, 0x99, 0xdd, 0xf9, 0x8f, 
	0xf8, 0xde, 0xd9, 0xee, 0xdd, 0xee, 0xdd, 0xcd, 
	0xfb, 0x9e, 0xb7, 0x9e, 0x9d, 0xdd, 0xbe, 0x78, 
	0x8e, 0xdc, 0xdd, 0xb8, 0x9d, 0xfb, 0xdd, 0xb8, 
	0x88, 0x88, 0x89, 0xce, 0xbc, 0xd9, 0xee, 0x8e, 
	0xd9, 0xfd, 0x9c, 0xee, 0xb9, 0xe8, 0xde, 0xcc, 
	0xb9, 0x9e, 0xee, 0x9b, 0xb8, 0x89, 0x9b, 0xdb, 
	0x6e, 0xdb, 0xbb, 0xbc, 0x9b, 0x9d, 0xfd, 0xde, 
	0xbe, 0xeb, 0xdd, 0xdd, 0xbd, 0xec, 0xbe, 0xce, 
	0xdf, 0xde, 0xdd, 0xcd, 0xfe, 0xde, 0xdd, 0x9f, 
	0xdc, 0xbe, 0xcd, 0xeb, 0xdd, 0xdd, 0xbd, 0xbd, 
	0xe9, 0x9f, 0xff, 0x9e, 0xd8, 0x8c, 0xdb, 0xde, 
	0xde, 0xdd, 0xdf, 0xdf, 0xfd, 0xdd, 0xff, 0xdd, 
	0xdd, 0xef, 0xff, 0xff, 0xdf, 0xdf, 0xdd, 0xdf, 
	0xff, 0xff, 0xdd, 0xff, 0xff, 0xff, 0xef, 0x88, 
	0x96, 0x77, 0x77, 0x89, 0x77, 0x8e, 0x87, 0xc6, 
	0xd6, 0xb6, 0xcd, 0xb8, 0x8e, 0xec, 0x9c, 0xb8, 
	0xcc, 0xb7, 0xdd, 0xe8, 0x7e, 0xe7, 0x98, 0xeb, 
	0x8b, 0x89, 0x88, 0xed, 0x8c, 0xee, 0x98, 0xe7, 
	0x7e, 0x7c, 0xe7, 0x9e, 0x9f, 0x88, 0x8f, 0x88, 
	0x9b, 0xee, 0xe9, 0xc9, 0xdb, 0xdd, 0xb8, 0x99, 
	0x87, 0xcb, 0xdd, 0xe9, 0xc8, 0xdd, 0xee, 0xec, 
	0xe9, 0xbd, 0xcc, 0xce, 0x8c, 0x8c, 0x9c, 0x88, 
	0xc7, 0xbf, 0xf9, 0xce, 0x8c, 0x78, 0x88, 0x89, 
	0xdb, 0x99, 0xec, 0xdd, 0xfb, 0xde, 0x9d, 0x9c, 
	0x9c, 0xbb, 0xe7, 0xcb, 0xed, 0xed, 0xff, 0xcc, 
	0xee, 0xce, 0xbc, 0x9c, 0xcb, 0xeb, 0xcc, 0xdb, 
	0xbf, 0x8b, 0x9e, 0xdd, 0x8d, 0xff, 0xff, 0x79, 
	0xd7, 0xdf, 0xde, 0xbc, 0xeb, 0xdd, 0xcd, 0xee, 
	0x8e, 0xdc, 0x8b, 0xcc, 0xde, 0x7d, 0xe6, 0xdd, 
	0xdd, 0xb8, 0xd8, 0x8c, 0x98, 0x7e, 0xce, 0xdc, 
	0xc8, 0x77, 0x98, 0xfb, 0xcc, 0xcb, 0xed, 0x89, 
	0xdf, 0xdd, 0xdf, 0xec, 0xde, 0xef, 0x8d, 0xe9, 
	0xb9, 0xcb, 0x9c, 0x7c, 0xc8, 0xbc, 0xc8, 0xbd, 
	0xc8, 0xcb, 0xdd, 0x8e, 0xce, 0xdb, 0xcb, 0xe9, 
	0xdc, 0x9f, 0xcf, 0x9c, 0xbe, 0xbe, 0xdd, 0xcf, 
	0x99, 0x99, 0x98, 0xdd, 0xdd, 0xbf, 0xeb, 0xed, 
	0xb9, 0xc9, 0xbf, 0x9c, 0xcc, 0xeb, 0xcb, 0xeb, 
	0xdf, 0xe8, 0x9c, 0xce, 0xeb, 0xbd, 0xee, 0xee, 
	0xee, 0x9b, 0xbb, 0xec, 0xce, 0x8d, 0x98, 0xcf, 
	0x9e, 0xfd, 0xdf, 0xdd, 0x9b, 0xed, 0x9b, 0xed, 
	0xe8, 0xbf, 0xbe, 0xb8, 0xee, 0xe9, 0x8b, 0xde, 
	0xee, 0x9d, 0xd9, 0x8c, 0x9e, 0xcc, 0x99, 0x9b, 
	0xbe, 0xce, 0xfc, 0xbe, 0x8e, 0x9c, 0xbe, 0xcf, 
	0xec, 0x6e, 0xce, 0xb9, 0xbf, 0xed, 0xce, 0xee, 
	0x8c, 0xed, 0xee, 0xef, 0xee, 0xc9, 0x9c, 0xcb, 
	0xb9, 0xce, 0xe9, 0xbb, 0xc7, 0x8c, 0x89, 0xcc, 
	0xcc, 0xd9, 0x99, 0x9c, 0x99, 0x9b, 0xbc, 0xc9, 
	0x99, 0x99, 0x99, 0xc9, 0x9c, 0xb9, 0x99, 0xb9, 
	0x9c, 0xec, 0x9c, 0x99, 0xcc, 0x88, 0x99, 0x99, 
	0xbc, 0xce, 0xc9, 0x9c, 0xbe, 0x9c, 0xcd, 0x98, 
	0xee, 0xdb, 0xbb, 0x99, 0xcc, 0xbc, 0xce, 0xee, 
	0xef, 0xef, 0xbd, 0xbc, 0xe9, 0xcb, 0x9e, 0xec, 
	0xee, 0xdb, 0xcb, 0xbd, 0xef, 0xfb, 0x87, 0x98, 
	0xcf, 0xde, 0xcf, 0xeb, 0xee, 0xfb, 0xee, 0xec, 
	0xe9, 0x99, 0x8d, 0xce, 0x9d, 0xec, 0xe8, 0xbb, 
	0xdd, 0xdd, 0xec, 0xbd, 0x9d, 0x86, 0x78, 0xd8, 
	0xc9, 0xde, 0xc8, 0xbb, 0xcd, 0xbb, 0x99, 0x7e, 
	0x9d, 0x9c, 0xed, 0x78, 0x89, 0xcb, 0xbb, 0xb9, 
	0xde, 0xbc, 0xbb, 0xbe, 0x8d, 0xc8, 0xbe, 0x97, 
	0xce, 0x7d, 0xee, 0xb9, 0xd7, 0x79, 0xec, 0xcb, 
	0xbe, 0x89, 0xcb, 0xec, 0xeb, 0xc9, 0xc8, 0x9c, 
	0xee, 0xcb, 0xfb, 0x9c, 0x8c, 0xce, 0xee, 0xe8, 
	0xd8, 0x87, 0x98, 0xbb, 0xbd, 0xeb, 0x7b, 0x9e, 
	0xf8, 0xdf, 0xdd, 0xe9, 0x69, 0xfd, 0x9b, 0xee, 
	0xb9, 0x87, 0x9d, 0xbb, 0xbb, 0x9b, 0x77, 0x9e, 
	0x99, 0x9c, 0x99, 0xc9, 0xbc, 0xc9, 0xce, 0xe9, 
	0xce, 0xc8, 0xbc, 0xbd, 0x89, 0xeb, 0xee, 0x9d, 
	0xed, 0xdd, 0x7c, 0xb8, 0xcd, 0xe7, 0x7c, 0x9b, 
	0xc7, 0x98, 0xbe, 0x99, 0x9b, 0xe9, 0x7c, 0x7c, 
	0xc7, 0x7e, 0xeb, 0xcc, 0xbe, 0xc9, 0xec, 0xb6, 
	0xce, 0xec, 0xbc, 0xc7, 0x8e, 0x9b, 0xce, 0x9d, 
	0xed, 0xd7, 0xc9, 0xe8, 0xf7, 0xbb, 0x7c, 0x89, 
	0x9b, 0xbc, 0xbb, 0xee, 0xfe, 0xbf, 0x77, 0x89, 
	0xec, 0xbe, 0xeb, 0xeb, 0xbc, 0xeb, 0xee, 0xbb, 
	0x8e, 0x7c, 0xec, 0x8c, 0xbb, 0xe6, 0x68, 0xbc, 
	0xee, 0xc8, 0xb9, 0x8e, 0x77, 0x78, 0x8b, 0x98, 
	0x99, 0xec, 0xb7, 0xbb, 0xbb, 0x88, 0x87, 0x7c, 
	0x8c, 0xeb, 0xbe, 0xeb, 0xc8, 0x7b, 0xc8, 0x8c, 
	0xa6, 0xa7, 0x8b, 0x8c, 0x77, 0xc7, 0xc9, 0x8c, 
	0x9c, 0xee, 0xcc, 0x77, 0x79, 0x87, 0x7c, 0x98, 
	0xc9, 0x9b, 0xcb, 0xc9, 0x9c, 0x9b, 0x77, 0x79, 
	0x78, 0xb9, 0xc9, 0xcc, 0x98, 0xbc, 0xcc, 0x8c, 
	0x87, 0xa7, 0x88, 0x79, 0x88, 0x88, 0x98, 0x89, 
	0xc9, 0xcc, 0xcc, 0x97, 0xb8, 0x89, 0xbc, 0x89, 
	0xc8, 0x78, 0x99, 0xc9, 0x88, 0xcc, 0x6b, 0x99, 
	0x89, 0x78, 0x78, 0x87, 0x88, 0x88, 0x89, 0x77, 
	0xa7, 0xa7, 0x87, 0x77, 0x78, 0x77, 0x66, 0x78, 
	0x89, 0x89, 0x88, 0x88, 0x88, 0x8c, 0x87, 0x78, 
	0x87, 0x88, 0x88, 0x88, 0x88, 0x87, 0x77, 0x78, 
	0x77, 0x88, 0x77, 0x88, 0x98, 0x88, 0x87, 0x87, 
	0x23, 0x5f, 0x00, 0x00, 0xff, 0x22, 0xc2, 0x00, 
	0x01, 0xdd, 0xdb, 0xbf, 0x00, 0x22, 0x02, 0x22, 
	0xde, 0xec, 0xe9, 0x9d, 0xe9, 0xe1, 0x11, 0x21, 
	0x10, 0x10, 0x2d, 0xe0, 0x20, 0xff, 0xdf, 0x1c, 
	0x67, 0xa0, 0x40, 0x00, 0xcb, 0x00, 0x40, 0x00, 
	0x00, 0x04, 0x44, 0x00, 0x00, 0x00, 0x00, 0x00, 
	0xe6, 0x66, 0x66, 0x62, 0x00, 0x00, 0x00, 0x04, 
	0x00, 0x00, 0x04, 0x00, 0x40, 0x44, 0x00, 0x09, 
	0x66, 0xa0, 0x00, 0x00, 0x02, 0x00, 0x00, 0x00, 
	0x04, 0x00, 0x00, 0x00, 0x00, 0x2b, 0x04, 0x2e, 
	0xe6, 0xa6, 0xa6, 0xa9, 0x24, 0x00, 0x00, 0x40, 
	0x00, 0x00, 0x10, 0x00, 0x40, 0x40, 0x00, 0x02, 
	0xa5, 0xa0, 0x05, 0x00, 0x0f, 0xf2, 0x22, 0x21, 
	0xc2, 0x22, 0x20, 0x00, 0x22, 0xee, 0xe9, 0x0b, 
	0xc6, 0x66, 0xaa, 0xa1, 0x00, 0x02, 0x00, 0x00, 
	0x44, 0x40, 0x42, 0x20, 0x02, 0x0e, 0xb2, 0xe7, 
	0x20, 0x05, 0x21, 0x00, 0x00, 0x04, 0x44, 0x00, 
	0x00, 0x00, 0x00, 0x00, 0x40, 0x00, 0x40, 0x44, 
	0x06, 0x66, 0xa6, 0x61, 0x10, 0x44, 0x00, 0x00, 
	0x40, 0x04, 0x40, 0x40, 0x04, 0x40, 0x00, 0x01, 
	0x24, 0x44, 0x04, 0x44, 0x00, 0x00, 0x00, 0x00, 
	0x04, 0x3a, 0x00, 0x00, 0x00, 0x20, 0x00, 0x44, 
	0x44, 0x00, 0x55, 0x44, 0x14, 0x00, 0x40, 0x40, 
	0x04, 0x00, 0x44, 0x04, 0x41, 0x10, 0x00, 0x06, 
	0xf4, 0x04, 0x00, 0x40, 0x00, 0x00, 0x04, 0x40, 
	0x00, 0x00, 0x00, 0x40, 0x00, 0x02, 0x30, 0x40, 
	0x00, 0x04, 0x26, 0x40, 0x04, 0x40, 0x00, 0x12, 
	0x04, 0x00, 0x00, 0x40, 0x02, 0x04, 0x00, 0x06, 
	0x6f, 0xb4, 0x00, 0x42, 0x40, 0x04, 0x42, 0xe0, 
	0x00, 0x44, 0x20, 0x44, 0x00, 0x02, 0x03, 0x00, 
	0x00, 0xcc, 0xfe, 0x74, 0x02, 0x67, 0x02, 0x89, 
	0x10, 0x00, 0x20, 0x00, 0x13, 0x21, 0x00, 0xc6, 
	0x97, 0x78, 0x77, 0x66, 0x87, 0x78, 0x88, 0x88, 
	0x75, 0x77, 0x87, 0x87, 0x77, 0x66, 0x76, 0x76, 
	0x76, 0x97, 0x88, 0x6b, 0x97, 0x7a, 0x7a, 0x76, 
	0x76, 0x77, 0x66, 0x66, 0x66, 0x56, 0x7a, 0x86, 
	0x79, 0xc6, 0xa8, 0x87, 0x7c, 0x9c, 0x9c, 0x88, 
	0x78, 0x88, 0x88, 0x88, 0x86, 0x89, 0x9a, 0xbb, 
	0x99, 0x99, 0x98, 0xaa, 0x79, 0x6a, 0xa9, 0x98, 
	0x99, 0x89, 0xba, 0x99, 0x86, 0xb9, 0x99, 0xc7, 
	0xdb, 0xc6, 0xcc, 0x98, 0x9c, 0x29, 0xbc, 0xbc, 
	0xc9, 0x9c, 0xc9, 0xcc, 0x99, 0xbc, 0xc8, 0x99, 
	0x87, 0x89, 0x75, 0xe6, 0xee, 0xb6, 0x8e, 0xe8, 
	0x97, 0x77, 0xc8, 0x98, 0x76, 0x8c, 0xcc, 0x9c, 
	0xcc, 0xbc, 0xb9, 0xcc, 0xcb, 0x9e, 0xed, 0xeb, 
	0x9b, 0xc8, 0xeb, 0xbc, 0x9b, 0x99, 0x8b, 0x98, 
	0xbc, 0x99, 0xc8, 0x96, 0xd9, 0x99, 0xee, 0x89, 
	0xc8, 0x99, 0x99, 0xb8, 0xee, 0x8b, 0x9e, 0x8e, 
	0xee, 0xbb, 0xbc, 0x68, 0xb9, 0x9b, 0xed, 0xbc, 
	0xeb, 0xee, 0xce, 0xbd, 0xee, 0xee, 0xc9, 0x8b, 
	0x96, 0xac, 0x99, 0x95, 0xbf, 0xc8, 0xeb, 0x8b, 
	0x9c, 0x9c, 0xcc, 0xeb, 0xd9, 0x7d, 0x99, 0x75, 
	0xfe, 0x79, 0xdb, 0xf9, 0x89, 0xcb, 0xec, 0xe8, 
	0xee, 0xdc, 0xbd, 0xec, 0xcb, 0xb9, 0xc9, 0xe8, 
	0xed, 0xf8, 0xc9, 0x99, 0x1b, 0x7c, 0xf8, 0xbc, 
	0x9f, 0x8e, 0xe9, 0xbe, 0xc6, 0x6f, 0x96, 0xc6, 
	0xce, 0xeb, 0xc6, 0xbe, 0xbd, 0xce, 0xeb, 0xbb, 
	0xeb, 0xbb, 0xcb, 0x9b, 0xeb, 0xbe, 0xd9, 0xd9, 
	0xeb, 0x8c, 0x9c, 0x99, 0x3d, 0xbe, 0x9c, 0xeb, 
	0xce, 0xcb, 0x9c, 0xec, 0x38, 0x8e, 0x9c, 0x96, 
	0xfc, 0xdb, 0xbf, 0x6d, 0xec, 0xce, 0xeb, 0xbf, 
	0xfe, 0xbe, 0xde, 0xdc, 0xfd, 0xeb, 0xbd, 0xd9, 
	0xeb, 0xcd, 0xcc, 0x79, 0x8b, 0xfb, 0xcc, 0x9e, 
	0xcb, 0xcb, 0xc9, 0x99, 0xeb, 0xc9, 0xb9, 0xd5, 
	0xb9, 0xcc, 0xbb, 0xcb, 0xeb, 0xbb, 0xef, 0xfb, 
	0xbf, 0xde, 0x2b, 0xbd, 0xdc, 0xee, 0xfd, 0x9b, 
	0xbb, 0xc9, 0xee, 0xc8, 0xc9, 0xe9, 0xc9, 0xee, 
	0xde, 0x89, 0xb8, 0xc8, 0xcb, 0x8c, 0x9c, 0xb5, 
	0xb9, 0x99, 0xce, 0xdd, 0x9c, 0xcc, 0xbd, 0xdf, 
	0xdf, 0xfb, 0xfd, 0xee, 0xbc, 0xdf, 0x8d, 0xbc, 
	0xec, 0x9e, 0xc8, 0xcb, 0x9c, 0x99, 0x89, 0x9b, 
	0xbb, 0xbb, 0xdc, 0xc9, 0x8b, 0xbb, 0xce, 0xbc, 
	0xdb, 0x9c, 0x8d, 0xd9, 0xbe, 0xcd, 0xbe, 0xee, 
	0xfd, 0xef, 0xdd, 0xeb, 0xde, 0xbf, 0xbc, 0xcb, 
	0xbc, 0xcc, 0x9d, 0x9c, 0x99, 0xbc, 0xbc, 0xec, 
	0xee, 0xcb, 0xe8, 0x9b, 0x98, 0xbb, 0xcc, 0xc9, 
	0xbb, 0xeb, 0xdd, 0xcb, 0xee, 0xec, 0xde, 0xdf, 
	0xfe, 0xfe, 0xff, 0xfb, 0xcc, 0xbf, 0xed, 0xbe, 
	0xce, 0xcc, 0x9c, 0x99, 0xcb, 0xbc, 0x9e, 0xdb, 
	0xee, 0xec, 0xbc, 0xc9, 0x9d, 0x9c, 0xc7, 0x7b, 
	0xcb, 0xcb, 0xd9, 0x9c, 0xbc, 0xce, 0xdd, 0xde, 
	0xff, 0xbe, 0xfe, 0xdd, 0xed, 0xeb, 0xdb, 0xcc, 
	0xcb, 0x9b, 0xcb, 0xee, 0xce, 0xbc, 0xce, 0xbb, 
	0xbf, 0xed, 0xbd, 0xb9, 0xcc, 0x89, 0xc8, 0xce, 
	0xce, 0xdb, 0x9b, 0xcd, 0xeb, 0xcd, 0xdf, 0xde, 
	0xed, 0xff, 0xff, 0xed, 0xeb, 0xeb, 0xeb, 0xdb, 
	0x9e, 0xdb, 0xcc, 0xcb, 0xbb, 0xc8, 0xbe, 0xbc, 
	0xcb, 0xed, 0xbc, 0x9b, 0xde, 0x9c, 0xee, 0x8c, 
	0xfc, 0xe8, 0xbc, 0x99, 0xb9, 0xc9, 0x9e, 0xdd, 
	0xdf, 0xef, 0xdf, 0x9e, 0xc9, 0xe9, 0x9b, 0xbb, 
	0xcb, 0xec, 0xcc, 0xcc, 0xbe, 0xdb, 0x9c, 0xb8, 
	0xbd, 0xbb, 0xce, 0xfe, 0x9c, 0xbb, 0xdc, 0xe5, 
	0xfd, 0x99, 0xcb, 0xcb, 0xee, 0xcc, 0xce, 0xee, 
	0xee, 0xdb, 0xde, 0xcd, 0xec, 0xbb, 0xde, 0xdc, 
	0xed, 0xbc, 0x9c, 0xec, 0xce, 0x7c, 0x99, 0x9c, 
	0x8d, 0xc9, 0xcb, 0xce, 0xc9, 0xcc, 0xcc, 0xc6, 
	0xec, 0xcb, 0xcc, 0x9b, 0xbe, 0x8c, 0xcc, 0xee, 
	0xce, 0xdd, 0xeb, 0xc9, 0x9c, 0xcc, 0xbc, 0x9c, 
	0xcc, 0x98, 0x99, 0xc9, 0xec, 0x88, 0x98, 0x99, 
	0xcb, 0xcc, 0xe9, 0x9c, 0x9b, 0xbb, 0xee, 0x95, 
	0xdb, 0xec, 0xcb, 0xcc, 0xcd, 0xbc, 0x9e, 0xeb, 
	0xde, 0xbd, 0xdd, 0xeb, 0xe9, 0xcc, 0xcc, 0xb9, 
	0xcc, 0x89, 0x8b, 0xce, 0xcc, 0x6c, 0xcc, 0x8c, 
	0xc9, 0xbb, 0x9c, 0x9c, 0x9c, 0xbe, 0xbc, 0x97, 
	0xc9, 0x88, 0x99, 0xcb, 0xeb, 0xbc, 0x9c, 0xbb, 
	0xdc, 0xeb, 0xbb, 0xc9, 0xc9, 0xc8, 0x99, 0x99, 
	0x99, 0x88, 0x9b, 0x9b, 0xcb, 0xc8, 0x89, 0x89, 
	0xbc, 0xcc, 0xbc, 0x99, 0xcb, 0x9b, 0xc8, 0x97, 
	0x9c, 0xb9, 0x99, 0xc8, 0x89, 0x99, 0xc9, 0xcb, 
	0xbc, 0xbc, 0xec, 0xb9, 0x99, 0xc9, 0x98, 0x99, 
	0x88, 0xa8, 0x9c, 0xc9, 0xc9, 0xcd, 0x8c, 0x98, 
	0x98, 0xc9, 0x99, 0x9b, 0x9c, 0x9c, 0xc9, 0x87, 
	0x59, 0x87, 0x88, 0x78, 0x98, 0x87, 0x79, 0x9c, 
	0xcc, 0xc9, 0xb9, 0x88, 0x88, 0x97, 0x88, 0x77, 
	0x77, 0x88, 0x88, 0x88, 0x89, 0x87, 0x87, 0x77, 
	0x88, 0x98, 0x98, 0x98, 0x88, 0x79, 0x86, 0x8a, 
	0x87, 0x77, 0x78, 0x77, 0xa6, 0x76, 0x77, 0x77, 
	0x88, 0x88, 0x88, 0x87, 0x65, 0x66, 0x56, 0x77, 
	0x76, 0x67, 0x77, 0x78, 0x77, 0x77, 0x67, 0x67, 
	0x76, 0x77, 0x76, 0x77, 0x66, 0x77, 0x87, 0x66, 
	0x6f, 0x20, 0x00, 0x15, 0x00, 0x04, 0x40, 0xe0, 
	0x00, 0x00, 0x00, 0x04, 0x00, 0x02, 0x20, 0x04, 
	0x00, 0x00, 0x9c, 0xc4, 0x02, 0x69, 0x00, 0x89, 
	0x80, 0x44, 0x40, 0x00, 0x01, 0x30, 0x00, 0x03, 
	0x24, 0x24, 0x00, 0x00, 0x10, 0x10, 0x44, 0x00, 
	0x00, 0x44, 0x00, 0x04, 0x00, 0x00, 0x00, 0x40, 
	0x04, 0x04, 0x80, 0x44, 0x04, 0x45, 0x00, 0x00, 
	0x00, 0x00, 0x00, 0x00, 0x04, 0x00, 0x00, 0x05, 
	0x00, 0x04, 0x44, 0x44, 0x10, 0x00, 0x00, 0x00, 
	0x00, 0x00, 0x04, 0x00, 0x00, 0x24, 0x00, 0x44, 
	0x44, 0x00, 0x51, 0x44, 0x44, 0x50, 0x20, 0x44, 
	0x00, 0x40, 0x44, 0x04, 0x40, 0x20, 0x00, 0x06, 
	0x50, 0x31, 0x23, 0x00, 0x32, 0x24, 0x44, 0x00, 
	0x20, 0x50, 0x00, 0x40, 0x40, 0x22, 0x14, 0x44, 
	0xb6, 0x66, 0xa6, 0x60, 0x00, 0x44, 0x04, 0x04, 
	0x40, 0x44, 0x40, 0x40, 0x04, 0x44, 0x04, 0x03, 
	0x66, 0xa0, 0x00, 0x00, 0x0e, 0x02, 0x20, 0x02, 
	0x2b, 0x20, 0x24, 0x00, 0x22, 0xef, 0xd9, 0xbb, 
	0xe6, 0x66, 0xa6, 0xa5, 0x20, 0x02, 0x0e, 0xf0, 
	0x40, 0x40, 0x32, 0x22, 0x00, 0x42, 0x20, 0x0b, 
	
};

ALIGNED8 u8 ow_pc_kd_pc_ehasira1_pal_rgba16[] = {
	0xde, 0x6f, 0xa4, 0x1b, 0xc5, 0x23, 0x82, 0xd3, 
	0xff, 0xff, 0x6a, 0x0d, 0x38, 0x83, 0x51, 0x05, 
	0x79, 0xc7, 0x9a, 0xcd, 0x00, 0x01, 0xc4, 0x13, 
	0xb3, 0x4f, 0xe5, 0x19, 0xd4, 0x95, 0xf5, 0x9d, 
	
};

ALIGNED8 u8 ow_pc_kd_pc_yuka3_ci4[] = {
	0x01, 0x23, 0x21, 0x34, 0x53, 0x65, 0x63, 0x33, 
	0x66, 0x66, 0x70, 0x13, 0x22, 0x63, 0x36, 0x17, 
	0x15, 0x36, 0x63, 0x23, 0x60, 0x01, 0x11, 0x21, 
	0x81, 0x20, 0x63, 0x22, 0x17, 0x63, 0x26, 0x25, 
	0x70, 0x31, 0x44, 0x19, 0x00, 0x27, 0x2a, 0x4b, 
	0x39, 0x10, 0x07, 0x99, 0x10, 0x20, 0x56, 0x15, 
	0x13, 0x51, 0x20, 0x26, 0x09, 0x11, 0x12, 0xcd, 
	0x25, 0x93, 0x84, 0x42, 0x47, 0x09, 0x90, 0x10, 
	0x07, 0x60, 0x04, 0x74, 0x48, 0x57, 0x7b, 0x84, 
	0x47, 0x57, 0x54, 0xd0, 0x70, 0x77, 0x77, 0x30, 
	0x41, 0x11, 0x10, 0x53, 0x37, 0x74, 0x4e, 0xee, 
	0xcb, 0xee, 0xeb, 0x87, 0x4a, 0x90, 0x77, 0x07, 
	0x70, 0x50, 0x05, 0x75, 0x55, 0x07, 0x0b, 0xc8, 
	0x14, 0x77, 0x00, 0x87, 0x77, 0x55, 0x77, 0x57, 
	0x4c, 0x44, 0x40, 0x75, 0x74, 0x5d, 0x8e, 0xbe, 
	0xeb, 0xec, 0xbb, 0x87, 0xda, 0x99, 0x00, 0x07, 
	0x02, 0x35, 0x24, 0x10, 0x97, 0x18, 0xfc, 0xf8, 
	0xa0, 0x57, 0x70, 0xd7, 0x85, 0x70, 0x57, 0xac, 
	0xac, 0xaa, 0xaa, 0x09, 0x0f, 0xb8, 0xcf, 0xee, 
	0xeb, 0xfc, 0xfb, 0x41, 0x84, 0x77, 0x57, 0x70, 
	0x06, 0x34, 0x24, 0x17, 0x74, 0x1c, 0xfc, 0xf4, 
	0xb0, 0x77, 0x00, 0x57, 0x59, 0x50, 0x55, 0xac, 
	0xa5, 0xac, 0xcc, 0xc7, 0x5f, 0xfe, 0x8c, 0x8f, 
	0x8b, 0xff, 0xeb, 0xe4, 0x44, 0x77, 0x95, 0x95, 
	0x12, 0x52, 0x07, 0x05, 0x04, 0xec, 0xfc, 0xfc, 
	0x84, 0x42, 0xd8, 0xd2, 0x07, 0x15, 0x11, 0xef, 
	0xcc, 0xae, 0xcf, 0xb2, 0x4e, 0xec, 0xcc, 0xcf, 
	0xeb, 0xfc, 0x8c, 0xc1, 0x4d, 0x05, 0x07, 0x51, 
	0x12, 0x60, 0x07, 0x05, 0x9b, 0xcc, 0xfb, 0xfb, 
	0xcb, 0x4b, 0x18, 0x17, 0x00, 0x04, 0x44, 0xef, 
	0xcc, 0xab, 0xef, 0xcb, 0x48, 0xec, 0xcb, 0xcc, 
	0xeb, 0xcc, 0xcc, 0xc3, 0x50, 0x00, 0x07, 0x75, 
	0x18, 0x22, 0x50, 0x95, 0x08, 0xcb, 0xe8, 0xcb, 
	0x48, 0xeb, 0x1d, 0x82, 0x57, 0x20, 0x74, 0xcc, 
	0xcb, 0x1a, 0xbf, 0xae, 0xeb, 0xbf, 0xee, 0xcc, 
	0xfb, 0xe8, 0xe8, 0xec, 0x15, 0x70, 0x55, 0x70, 
	0x41, 0x21, 0x57, 0x57, 0x5e, 0xcf, 0xcc, 0xcb, 
	0xec, 0xcc, 0xdd, 0x03, 0x09, 0x05, 0x78, 0xac, 
	0xcc, 0xac, 0xbb, 0xae, 0xcb, 0xcb, 0xbe, 0xcf, 
	0xeb, 0x8c, 0xe4, 0xca, 0x57, 0x90, 0x57, 0x47, 
	0x90, 0x07, 0x14, 0x22, 0x4b, 0xcb, 0xcc, 0xb5, 
	0xec, 0xfc, 0x48, 0x27, 0x75, 0x17, 0x04, 0xcc, 
	0x8c, 0xaa, 0xbe, 0xab, 0xcf, 0xcf, 0xee, 0x8f, 
	0xc8, 0x8b, 0x8a, 0xbc, 0x19, 0x15, 0x50, 0x09, 
	0x94, 0x63, 0x51, 0x14, 0x4b, 0xfe, 0xbe, 0x17, 
	0xc8, 0xf8, 0xe7, 0x25, 0x74, 0x10, 0x04, 0xb7, 
	0xcc, 0xab, 0xaa, 0xab, 0xbe, 0xce, 0xbe, 0xbf, 
	0xe8, 0xee, 0xcb, 0xcb, 0xb4, 0x45, 0x07, 0x09, 
	0x75, 0x34, 0x16, 0xab, 0x1e, 0xc4, 0xe8, 0x40, 
	0x8b, 0xf8, 0xe8, 0x17, 0x55, 0x24, 0x94, 0xec, 
	0xee, 0xa4, 0xaa, 0xbf, 0x1e, 0x8e, 0xce, 0xbe, 
	0xc8, 0xfc, 0xe4, 0xfb, 0xb4, 0x70, 0x77, 0x70, 
	0x00, 0x22, 0x3e, 0xfc, 0xca, 0xcc, 0xbc, 0x70, 
	0xeb, 0xf8, 0xe8, 0x15, 0x05, 0x84, 0x54, 0xec, 
	0xbe, 0x38, 0xab, 0xbc, 0x1b, 0xec, 0xce, 0xef, 
	0xcb, 0xbb, 0x88, 0xfc, 0xfc, 0x43, 0x77, 0x00, 
	0x77, 0x73, 0x2b, 0xba, 0xcc, 0xcb, 0x8a, 0x40, 
	0xe8, 0xea, 0xca, 0x55, 0x55, 0xcc, 0x57, 0x8e, 
	0xcb, 0xa8, 0x0b, 0x8b, 0xb4, 0x8c, 0xcc, 0xec, 
	0xe8, 0x88, 0xeb, 0xfc, 0xcc, 0x15, 0x79, 0x05, 
	0x77, 0x56, 0x6f, 0xfe, 0xcc, 0xcc, 0x8b, 0xb0, 
	0xe8, 0xec, 0xf2, 0x13, 0x54, 0xcc, 0x15, 0x8c, 
	0xba, 0x4a, 0x2e, 0xce, 0xa0, 0xce, 0xce, 0xbf, 
	0x8e, 0xec, 0xcb, 0xcc, 0xfc, 0x57, 0x77, 0x70, 
	0x01, 0x27, 0x3c, 0xbb, 0xec, 0xbb, 0xbb, 0xf4, 
	0xee, 0xeb, 0xb1, 0x57, 0x08, 0xeb, 0x48, 0xbc, 
	0xbb, 0xaa, 0x1f, 0xaf, 0x4b, 0xae, 0xbc, 0xbe, 
	0xcb, 0xcc, 0xfb, 0xfa, 0x8b, 0x48, 0x50, 0x99, 
	0x99, 0x77, 0x1c, 0xec, 0xce, 0xcc, 0xee, 0xfe, 
	0xee, 0xee, 0xea, 0x57, 0x78, 0xec, 0xe7, 0xfb, 
	0xac, 0xaa, 0x2b, 0xbc, 0x4e, 0xbe, 0xbc, 0xbe, 
	0xc4, 0xc8, 0xca, 0xfb, 0x8e, 0x21, 0x09, 0x05, 
	0x55, 0x05, 0x1c, 0xc4, 0xbc, 0xbc, 0xce, 0xcb, 
	0xbc, 0xfb, 0xc7, 0x00, 0x5b, 0xcc, 0xab, 0x8a, 
	0xab, 0xcc, 0x1a, 0x4f, 0xbc, 0xae, 0xbe, 0xbe, 
	0xfc, 0xfb, 0xcb, 0xf4, 0xab, 0x25, 0x00, 0x00, 
	0x05, 0x00, 0x2c, 0xfc, 0xce, 0xcc, 0xec, 0xee, 
	0xbe, 0xec, 0xc4, 0x77, 0x1b, 0xcc, 0xac, 0x4c, 
	0xcb, 0xbc, 0x1b, 0xcc, 0xac, 0xbe, 0xc8, 0xb9, 
	0xc4, 0xfb, 0xfb, 0xfe, 0xbc, 0xa5, 0x90, 0x97, 
	0x13, 0x97, 0xaf, 0xcc, 0xfb, 0xcb, 0xce, 0xec, 
	0xfb, 0xec, 0xe4, 0x09, 0x4e, 0x8b, 0x4c, 0xbc, 
	0xcb, 0xcc, 0x1e, 0x8e, 0xbc, 0xae, 0x88, 0x88, 
	0xc4, 0xea, 0xfb, 0x4c, 0xcc, 0xe8, 0x00, 0x98, 
	0x85, 0x50, 0x1c, 0xce, 0xcf, 0xfb, 0xec, 0xeb, 
	0xbc, 0xeb, 0xc8, 0x00, 0x4e, 0x8b, 0x4c, 0xc8, 
	0xbc, 0xaf, 0x1b, 0x88, 0xce, 0xcf, 0x88, 0xee, 
	0x4b, 0xeb, 0xec, 0xef, 0xcc, 0xe8, 0x99, 0x74, 
	0xa2, 0x30, 0x04, 0xec, 0xcb, 0xfe, 0xed, 0xfc, 
	0xeb, 0xcc, 0xfb, 0xd0, 0x5f, 0xc8, 0x1c, 0xa8, 
	0xcf, 0xab, 0xab, 0x8c, 0xcc, 0xac, 0x8b, 0xc8, 
	0xbb, 0xc8, 0xfc, 0xca, 0xb8, 0xed, 0x07, 0x71, 
	0xc2, 0x05, 0x0b, 0xfe, 0xfc, 0xfb, 0xe8, 0xc0, 
	0xbc, 0xef, 0xfc, 0x10, 0x1b, 0x44, 0x1f, 0xb8, 
	0xbf, 0xc4, 0xa2, 0xca, 0xcc, 0xcf, 0x8e, 0xbc, 
	0xbc, 0xc8, 0xcc, 0xeb, 0xfe, 0xc8, 0xd5, 0x74, 
	0xb2, 0x41, 0x9a, 0xfc, 0xeb, 0xcc, 0xfc, 0xee, 
	0xec, 0xcb, 0xcb, 0x49, 0x7e, 0x84, 0xaf, 0xab, 
	0xac, 0x1b, 0x26, 0xcf, 0xcb, 0xc8, 0xe8, 0x88, 
	0xec, 0xcc, 0xec, 0xfb, 0xee, 0xfe, 0x77, 0x1b, 
	0xc2, 0x41, 0x7a, 0xec, 0xce, 0xfc, 0xcc, 0xec, 
	0xec, 0xfb, 0xcc, 0x50, 0x4c, 0xb7, 0xaf, 0xbc, 
	0xbf, 0xbf, 0xba, 0xff, 0xcc, 0xcf, 0xe8, 0xe8, 
	0x8c, 0xcc, 0xec, 0xee, 0xae, 0xcc, 0x07, 0x1a, 
	0xca, 0x3b, 0x4a, 0xfc, 0xcc, 0xcf, 0xfd, 0xec, 
	0xcc, 0xcb, 0xcb, 0x21, 0x48, 0xcb, 0xfe, 0xbf, 
	0xcf, 0xbf, 0xc2, 0xbc, 0xca, 0x8c, 0xc8, 0xfb, 
	0xeb, 0xfc, 0xff, 0xf8, 0x58, 0x4e, 0x71, 0x1c, 
	0xcf, 0x8b, 0x1a, 0xfb, 0xcc, 0xcc, 0xcd, 0xef, 
	0xff, 0xff, 0xef, 0xf2, 0x8c, 0xee, 0xce, 0xef, 
	0xcf, 0xcf, 0xfc, 0xcf, 0xfe, 0x8f, 0xce, 0xcb, 
	0x8f, 0xfc, 0xfb, 0xb8, 0x12, 0x10, 0x85, 0x4c, 
	0xec, 0x8c, 0xaa, 0xeb, 0xec, 0xcc, 0xfe, 0xfc, 
	0xfc, 0xe8, 0x84, 0x8b, 0xae, 0xee, 0xcc, 0xbc, 
	0xff, 0xcf, 0xcf, 0x8f, 0xbe, 0xbe, 0xcd, 0x48, 
	0xcc, 0xfc, 0xef, 0xe1, 0x17, 0x08, 0x52, 0x8e, 
	0xac, 0x8a, 0x1f, 0xbb, 0xec, 0xfc, 0xcc, 0xff, 
	0x4e, 0xe8, 0xee, 0xee, 0xee, 0xbe, 0x4f, 0xcf, 
	0xff, 0xcf, 0xff, 0xec, 0xce, 0xff, 0xe4, 0x84, 
	0xec, 0xfb, 0xee, 0xea, 0x10, 0x8d, 0x3c, 0xce, 
	0xfa, 0xbb, 0xa4, 0x8c, 0xa8, 0xce, 0xff, 0xfc, 
	0xcf, 0xf8, 0xe8, 0xbc, 0xfe, 0xcc, 0x1f, 0xbb, 
	0xbf, 0xcf, 0xce, 0xcf, 0xaf, 0xbc, 0xec, 0x84, 
	0xff, 0xec, 0xef, 0xeb, 0x10, 0x8e, 0x1c, 0xbe, 
	0x1a, 0xba, 0x01, 0x8c, 0xbc, 0xce, 0xcb, 0xfc, 
	0xbf, 0xff, 0xec, 0xfc, 0xfe, 0x88, 0xaf, 0xfe, 
	0x1c, 0xff, 0xff, 0xff, 0xc4, 0xbc, 0xeb, 0x8d, 
	0xcf, 0xff, 0xff, 0xfe, 0x50, 0x8e, 0x1c, 0xce, 
	0x11, 0xb8, 0x40, 0x4b, 0x2c, 0xcc, 0xfc, 0xfc, 
	0xfb, 0xec, 0xb8, 0xbc, 0xfe, 0xcf, 0xbb, 0xec, 
	0xaf, 0xce, 0xbc, 0xce, 0xcc, 0xeb, 0xfb, 0xce, 
	0xff, 0xff, 0xfc, 0xbc, 0xac, 0xce, 0xaa, 0xbc, 
	0x1f, 0xbc, 0x87, 0x13, 0x6b, 0xbc, 0xfc, 0xcc, 
	0x4a, 0x15, 0xbf, 0xbf, 0xbb, 0xcc, 0xcb, 0x8b, 
	0x1f, 0xcb, 0xff, 0xce, 0xcc, 0xcf, 0xbb, 0xee, 
	0xcf, 0xff, 0xff, 0xff, 0xcc, 0xae, 0xba, 0xcb, 
	0x6b, 0xbb, 0xa5, 0x31, 0x2b, 0xcb, 0xfc, 0xec, 
	0x17, 0x71, 0x8e, 0xcc, 0xff, 0xcc, 0xff, 0xca, 
	0x6f, 0x4f, 0xcf, 0xff, 0xf4, 0x2e, 0xeb, 0xfc, 
	0xfc, 0xfe, 0xff, 0xef, 0xcf, 0xcc, 0xb1, 0xac, 
	0x2f, 0x1a, 0xa0, 0x53, 0x21, 0xbb, 0xfb, 0xeb, 
	0x17, 0x41, 0xee, 0xcc, 0xfc, 0xcb, 0xfc, 0xce, 
	0x6c, 0xcc, 0xff, 0xce, 0x15, 0x4e, 0xef, 0xcf, 
	0xff, 0xfe, 0xae, 0xef, 0xfc, 0xca, 0x1c, 0xab, 
	0xab, 0x44, 0xa5, 0x53, 0x33, 0xbb, 0xfb, 0xcf, 
	0x47, 0x08, 0xfb, 0xfc, 0xec, 0xac, 0xce, 0xcb, 
	0xaf, 0xbc, 0xcf, 0xfe, 0x70, 0xae, 0xfb, 0xbe, 
	0xfc, 0xfc, 0xaf, 0xce, 0xcb, 0xfc, 0xac, 0xbb, 
	0xab, 0x14, 0x55, 0x73, 0x33, 0xb4, 0xee, 0xcc, 
	0x49, 0x0e, 0xfc, 0xcc, 0xec, 0xec, 0xcc, 0xbb, 
	0xbc, 0xaf, 0xcf, 0xfe, 0x47, 0xaf, 0xff, 0xfe, 
	0xff, 0xfe, 0xcf, 0xbe, 0xca, 0xbe, 0xa4, 0x84, 
	0xbe, 0xa4, 0x65, 0x55, 0x26, 0xac, 0xcf, 0xce, 
	0xb0, 0x18, 0xcb, 0xfc, 0xfc, 0xba, 0xbf, 0xcf, 
	0xbf, 0xbf, 0xff, 0xff, 0x74, 0xfe, 0xfe, 0xee, 
	0xff, 0xfb, 0xcc, 0xbe, 0xcb, 0xc4, 0xfc, 0x8a, 
	0xbb, 0xb8, 0x77, 0x03, 0x63, 0xac, 0xcc, 0xfa, 
	0xb8, 0x4c, 0xfb, 0xfc, 0xcf, 0xba, 0xbf, 0x4f, 
	0xbf, 0xbc, 0xfc, 0xfc, 0xb4, 0xfc, 0xee, 0xfe, 
	0xfc, 0xcf, 0x8f, 0xce, 0xcf, 0x81, 0x4c, 0x8c, 
	0xcf, 0xe4, 0x90, 0x77, 0x75, 0x1f, 0xcb, 0xcc, 
	0xf4, 0x4e, 0xcb, 0xbf, 0xeb, 0xcb, 0xbb, 0x4b, 
	0xaf, 0xbc, 0x8b, 0xff, 0xfb, 0xce, 0xcc, 0xff, 
	0xfe, 0x0c, 0xbf, 0xbf, 0xbc, 0xce, 0xc8, 0xaf, 
	0xaf, 0xb8, 0x07, 0x70, 0x53, 0xcf, 0xa8, 0xfb, 
	0xf0, 0x1c, 0xfc, 0xfb, 0xee, 0xcc, 0xbf, 0xbf, 
	0xfc, 0xbc, 0xe4, 0xac, 0xf1, 0xfc, 0xec, 0xcf, 
	0xfb, 0x4b, 0xcf, 0xcf, 0xbe, 0xaa, 0xc7, 0xfb, 
	0xaf, 0xce, 0x10, 0x97, 0x4b, 0xbf, 0xc4, 0xbc, 
	0xba, 0xa8, 0xfa, 0xfc, 0xbe, 0xca, 0xae, 0xac, 
	0x1b, 0xae, 0x44, 0xfc, 0xc4, 0xcb, 0xff, 0xee, 
	0xbc, 0xce, 0xbc, 0xbc, 0xce, 0xc1, 0xb4, 0xcf, 
	0xaf, 0xbe, 0x17, 0x70, 0x4c, 0xcf, 0xbc, 0xcc, 
	0xac, 0xac, 0xfb, 0xbc, 0x8c, 0xbf, 0xbe, 0xcc, 
	0x2f, 0xfb, 0x02, 0xfb, 0xb8, 0xfb, 0xcb, 0xec, 
	0xcc, 0xcf, 0xbc, 0xce, 0xce, 0xcf, 0xcc, 0xeb, 
	0xab, 0xef, 0xe0, 0x00, 0xcc, 0xbc, 0xcc, 0xbc, 
	0xcb, 0xaa, 0xfc, 0xcb, 0xbc, 0xbc, 0xaf, 0xaa, 
	0x3a, 0xf2, 0x33, 0xfb, 0xdc, 0xfc, 0xff, 0xcc, 
	0x8f, 0xbe, 0xbc, 0xbe, 0xcc, 0xeb, 0xcc, 0xec, 
	0xc4, 0xbe, 0x80, 0x00, 0x8c, 0xff, 0xcb, 0xfc, 
	0xac, 0xaa, 0xcc, 0xcb, 0x4c, 0xaf, 0xaf, 0xba, 
	0x2a, 0x13, 0x35, 0xfb, 0x74, 0xfb, 0xfc, 0xcb, 
	0xcc, 0xce, 0xcc, 0xcc, 0xce, 0xc8, 0xfc, 0xfc, 
	0xe4, 0xcf, 0x90, 0x04, 0xcf, 0x1f, 0xcb, 0xcb, 
	0xca, 0xbf, 0xcb, 0xfa, 0xab, 0xcc, 0xbf, 0xb2, 
	0x56, 0x66, 0x05, 0x2b, 0x84, 0xcc, 0xcc, 0xff, 
	0x8e, 0xce, 0xcb, 0xcc, 0xf1, 0x58, 0xcb, 0xcb, 
	0xb8, 0xef, 0x00, 0x7c, 0xaa, 0xab, 0xfa, 0xfa, 
	0xfb, 0xfb, 0xfb, 0xbb, 0xcf, 0x4f, 0xbf, 0xb2, 
	0x53, 0x63, 0x07, 0x38, 0x44, 0xfb, 0xcc, 0xcf, 
	0x4e, 0xbc, 0xc8, 0xcb, 0xf1, 0x48, 0xff, 0xff, 
	0xee, 0xff, 0x77, 0x09, 0xec, 0xcb, 0xcc, 0xcf, 
	0xea, 0xfb, 0xcc, 0xfc, 0x4c, 0xff, 0xbf, 0xb8, 
	0x22, 0x35, 0x75, 0x41, 0x71, 0xbc, 0xcc, 0xbf, 
	0xbc, 0xbc, 0xf8, 0xfc, 0xb8, 0x4f, 0xfc, 0xfc, 
	0xbb, 0xcc, 0xc7, 0x09, 0x8a, 0xca, 0xcb, 0xfa, 
	0xbb, 0xfb, 0xfc, 0xcc, 0xa8, 0xaf, 0xbf, 0xb1, 
	0x20, 0x53, 0x07, 0x09, 0x9a, 0xcc, 0xcc, 0xcf, 
	0xcf, 0xcc, 0x8b, 0xcc, 0xcc, 0x7b, 0xfa, 0xbf, 
	0xcf, 0xcf, 0xc7, 0x94, 0xfc, 0xca, 0xcc, 0xca, 
	0xc4, 0xf4, 0xfb, 0xbe, 0xbe, 0xcf, 0xaf, 0xba, 
	0x17, 0x33, 0x59, 0x84, 0xac, 0xbc, 0xcf, 0xbf, 
	0xbf, 0xbf, 0x4b, 0xcb, 0xcc, 0xec, 0xfb, 0xfb, 
	0xfe, 0xff, 0xa8, 0x9d, 0xcc, 0xcc, 0xbc, 0xfc, 
	0xfc, 0xfb, 0xfe, 0xfe, 0xbe, 0xac, 0xbf, 0xae, 
	0x57, 0x57, 0x55, 0x8c, 0xbc, 0xbc, 0xcf, 0xcf, 
	0xbf, 0xbc, 0xfb, 0xbb, 0xcb, 0xbb, 0xfb, 0xfc, 
	0xbe, 0xee, 0x68, 0xcf, 0xef, 0xfc, 0xfc, 0xfb, 
	0xf8, 0xfb, 0xce, 0xbf, 0xab, 0xcf, 0xfc, 0xcf, 
	0x27, 0x70, 0x28, 0x8c, 0xfa, 0xfc, 0xbf, 0xbf, 
	0xaf, 0xbe, 0xcc, 0xfc, 0xec, 0xee, 0xe3, 0xcc, 
	0xce, 0xee, 0x6e, 0xec, 0xef, 0xfb, 0xcb, 0xea, 
	0xfe, 0xfc, 0xfe, 0xcb, 0xae, 0xaf, 0xcf, 0xbf, 
	0xb0, 0x57, 0x18, 0xfb, 0xca, 0xbc, 0xcc, 0xaf, 
	0xac, 0xae, 0xce, 0xbb, 0xcb, 0xcb, 0x43, 0x6b, 
	0xbe, 0xee, 0x6e, 0xbe, 0xcf, 0xfa, 0xff, 0xba, 
	0xfb, 0xcb, 0xcb, 0xcf, 0xbe, 0xef, 0xff, 0xcc, 
	0xc7, 0x74, 0xec, 0xfb, 0xec, 0xbf, 0xbf, 0xbf, 
	0xcf, 0xbf, 0xcf, 0xfb, 0xef, 0xfc, 0x22, 0x6c, 
	0xcb, 0xb3, 0x2b, 0xeb, 0xeb, 0xf4, 0xac, 0xfa, 
	0xcc, 0xff, 0xcb, 0xcb, 0xcf, 0xcf, 0xcf, 0xbb, 
	0xc7, 0x74, 0xe4, 0xcb, 0x4a, 0xcf, 0xcf, 0xbf, 
	0xbf, 0xbf, 0xae, 0xcb, 0xe8, 0xc8, 0x27, 0x9c, 
	0xbf, 0xe2, 0x1b, 0xcc, 0xcb, 0xf1, 0x1b, 0xfc, 
	0xfe, 0xcf, 0xbc, 0xae, 0xbf, 0xcf, 0xff, 0xff, 
	0xc7, 0x07, 0xcc, 0xee, 0xcf, 0xca, 0xac, 0xee, 
	0xbf, 0xac, 0xbc, 0xb8, 0xff, 0xee, 0xb8, 0x4c, 
	0xbc, 0x4a, 0x1b, 0x4f, 0xbc, 0xf1, 0x4f, 0xfa, 
	0xcc, 0xcf, 0xff, 0xcc, 0xcf, 0xbf, 0xfb, 0xfa, 
	0xa5, 0x94, 0xab, 0xfb, 0xca, 0xcb, 0xbf, 0xac, 
	0x1f, 0xaf, 0xef, 0xcf, 0xff, 0xfc, 0xe4, 0x4b, 
	0xcf, 0xe2, 0x2c, 0xbf, 0xaf, 0xaa, 0x4b, 0xcf, 
	0xff, 0xfc, 0xcc, 0xcf, 0xcc, 0x2e, 0xff, 0xba, 
	0x21, 0x5b, 0xb8, 0xfb, 0xcf, 0xbb, 0xaf, 0xae, 
	0xcf, 0xcf, 0xcc, 0xe8, 0xcb, 0xfb, 0xcb, 0x2c, 
	0xce, 0xa6, 0x8c, 0xaf, 0xba, 0xb1, 0x4a, 0xfb, 
	0xff, 0xcc, 0xec, 0xfb, 0xc6, 0x26, 0x4b, 0x1c, 
	0x29, 0x0b, 0xa8, 0xeb, 0xca, 0xfa, 0xfc, 0xcf, 
	0xaf, 0xaf, 0xcc, 0xef, 0xec, 0xcb, 0xeb, 0x4c, 
	0xb6, 0x63, 0x2e, 0xaf, 0xac, 0xc1, 0xcf, 0xfa, 
	0xec, 0xc5, 0xcf, 0xbe, 0xb5, 0x56, 0xca, 0x1f, 
	0x30, 0x74, 0xfc, 0xce, 0xff, 0xca, 0xbe, 0xcf, 
	0xaf, 0xcc, 0xcc, 0xcc, 0xeb, 0xfc, 0xba, 0x6a, 
	0x16, 0x32, 0x62, 0x3a, 0xcc, 0x15, 0xfc, 0xfc, 
	0xec, 0x37, 0xcf, 0xbe, 0xc1, 0x01, 0x2a, 0x81, 
	0x37, 0x03, 0xfc, 0xfb, 0xfc, 0xfa, 0xfe, 0xbb, 
	0xac, 0xac, 0x64, 0xce, 0xce, 0xb2, 0x31, 0x22, 
	0x16, 0x66, 0x53, 0x6d, 0xbc, 0x1a, 0xef, 0xe6, 
	0xb4, 0x57, 0x91, 0x8c, 0xd7, 0x30, 0x32, 0x66, 
	0x33, 0x75, 0x61, 0xce, 0xfb, 0xbc, 0xec, 0xea, 
	0x2c, 0xb6, 0x63, 0xee, 0xc8, 0x26, 0x52, 0x53, 
	0x63, 0x63, 0x63, 0x33, 0x44, 0x11, 0xaa, 0x36, 
	0x23, 0x53, 0x34, 0x71, 0x36, 0x53, 0x36, 0x63, 
	0x35, 0x55, 0x63, 0x61, 0x22, 0xa2, 0x16, 0x66, 
	0x32, 0x36, 0x26, 0x32, 0x41, 0x32, 0x62, 0x33, 
	
};

ALIGNED8 u8 ow_pc_kd_pc_yuka3_pal_rgba16[] = {
	0xcc, 0x57, 0xab, 0x95, 0x92, 0xcf, 0x72, 0x09, 
	0xcc, 0x9b, 0x9a, 0xcd, 0x51, 0x45, 0xb3, 0x91, 
	0xdd, 0x61, 0xe5, 0x5d, 0xc4, 0xdf, 0xd5, 0x65, 
	0xdd, 0xe9, 0xf6, 0x27, 0xe6, 0x6b, 0xee, 0x6f, 
	
};

ALIGNED8 u8 ow_pc_kd_pc_yuka1_ci4[] = {
	0x01, 0x22, 0x31, 0x10, 0x45, 0x65, 0x70, 0x85, 
	0x75, 0x55, 0x95, 0x05, 0x80, 0x07, 0xa6, 0x80, 
	0x08, 0x8b, 0x64, 0xcb, 0x44, 0x1d, 0x22, 0x20, 
	0x44, 0xc4, 0x9a, 0x99, 0xbb, 0xd6, 0x95, 0x40, 
	0xef, 0x5f, 0x41, 0x5e, 0x4a, 0xa0, 0x0e, 0x5e, 
	0x86, 0x66, 0x00, 0xac, 0x00, 0xf0, 0xca, 0x70, 
	0xef, 0x00, 0x5c, 0xa3, 0x44, 0xf9, 0x45, 0x5e, 
	0x54, 0xaa, 0xda, 0xaa, 0xa6, 0x06, 0xa4, 0x7e, 
	0x01, 0x11, 0x11, 0xfe, 0x40, 0x0e, 0x78, 0x00, 
	0xcb, 0x60, 0x50, 0xac, 0x0a, 0x08, 0x0c, 0xca, 
	0x0e, 0x58, 0x00, 0x03, 0x4f, 0x5d, 0x31, 0x1e, 
	0x0d, 0xa9, 0xda, 0xcc, 0xa7, 0x0a, 0xad, 0x90, 
	0x02, 0x1f, 0x15, 0xfe, 0xde, 0x75, 0x80, 0x0a, 
	0xac, 0x00, 0x0a, 0xfa, 0x0c, 0x00, 0x00, 0xca, 
	0xa0, 0x00, 0xf0, 0x83, 0x15, 0x5d, 0x1f, 0x1e, 
	0x86, 0xaa, 0xda, 0xaa, 0xbc, 0x06, 0x9d, 0x8e, 
	0x01, 0x11, 0x32, 0x2e, 0x47, 0xe0, 0x0a, 0xaa, 
	0xc0, 0x0f, 0x0b, 0x8c, 0x80, 0xa0, 0xf0, 0xac, 
	0xcc, 0x70, 0x08, 0x7f, 0x12, 0x24, 0x21, 0x2e, 
	0x8d, 0x76, 0x8a, 0xaa, 0xaa, 0x07, 0x64, 0x00, 
	0x01, 0x21, 0x3f, 0x5e, 0x4e, 0x0a, 0xac, 0xcc, 
	0x08, 0xf0, 0xac, 0x5c, 0x0e, 0xc0, 0x05, 0x0a, 
	0xcc, 0xca, 0xa0, 0x44, 0x35, 0x54, 0x55, 0x5e, 
	0xed, 0x76, 0xdc, 0xcc, 0xaa, 0x00, 0x55, 0x00, 
	0x01, 0x55, 0x12, 0x2e, 0x4a, 0xcc, 0xcc, 0xce, 
	0x05, 0x08, 0xa0, 0xfa, 0x08, 0x0c, 0x80, 0x08, 
	0xac, 0xcc, 0xc4, 0x93, 0x45, 0x24, 0xff, 0x3e, 
	0x04, 0x77, 0xda, 0xca, 0xaa, 0x00, 0x7d, 0x60, 
	0x01, 0x51, 0x12, 0x2e, 0x4a, 0xac, 0xcc, 0x80, 
	0x80, 0x0a, 0xc0, 0x8a, 0x0f, 0x0a, 0xa0, 0x00, 
	0x00, 0xcc, 0xa9, 0x54, 0x32, 0x24, 0x2f, 0x1e, 
	0x65, 0x66, 0xda, 0xca, 0xaa, 0x00, 0x7d, 0xe0, 
	0x88, 0x21, 0x32, 0x3e, 0x4a, 0xca, 0xa8, 0x88, 
	0x00, 0xcc, 0x8f, 0x8c, 0x00, 0x86, 0xa6, 0xf0, 
	0x00, 0x89, 0xbb, 0x94, 0x31, 0x41, 0x75, 0x20, 
	0x64, 0x22, 0xdc, 0xac, 0xaa, 0x02, 0x2d, 0x00, 
	0x07, 0x15, 0x4f, 0x3e, 0x9a, 0xc0, 0x08, 0xf8, 
	0x0a, 0xcc, 0x06, 0xac, 0x08, 0x28, 0xcb, 0xc8, 
	0x8f, 0x08, 0x8b, 0x63, 0x47, 0x63, 0xf1, 0xd0, 
	0x59, 0x1f, 0x49, 0xcc, 0xca, 0x02, 0x2d, 0x9e, 
	0x01, 0x1f, 0x42, 0x4e, 0x90, 0x0e, 0x00, 0x00, 
	0xca, 0xa8, 0xf0, 0xcc, 0x0c, 0x8f, 0x0c, 0xbb, 
	0x08, 0xf8, 0x08, 0x0d, 0x42, 0x44, 0x21, 0x30, 
	0x5d, 0x2f, 0x4c, 0xcc, 0xca, 0x02, 0x2d, 0x00, 
	0x05, 0x55, 0x12, 0x30, 0xd8, 0x85, 0x08, 0x7b, 
	0xac, 0x08, 0x07, 0x8c, 0x8b, 0x88, 0xf7, 0xcc, 
	0xb0, 0x00, 0xf9, 0x83, 0x32, 0xf4, 0x55, 0xf0, 
	0x0d, 0x11, 0x4c, 0xbc, 0xcc, 0x01, 0x5d, 0xe0, 
	0x01, 0x25, 0x32, 0x20, 0x10, 0x00, 0x7c, 0xbc, 
	0xa0, 0x0f, 0x0c, 0x0c, 0x00, 0xc9, 0x96, 0x6c, 
	0xcb, 0x78, 0x09, 0x84, 0x42, 0x1d, 0x11, 0x20, 
	0x04, 0xdd, 0xdc, 0xbc, 0xca, 0x0d, 0xd4, 0x90, 
	0x01, 0x22, 0x32, 0x2e, 0x40, 0x0b, 0xcc, 0xcb, 
	0x08, 0xf0, 0xa9, 0x0a, 0x00, 0xc6, 0x0f, 0x0a, 
	0xcc, 0xac, 0xa0, 0x60, 0x42, 0x2d, 0x22, 0x20, 
	0x0d, 0xdd, 0xdc, 0xba, 0xca, 0x0d, 0xdd, 0x90, 
	0x0d, 0x31, 0x37, 0x1e, 0x4c, 0xca, 0xab, 0xc0, 
	0x05, 0x00, 0xc0, 0x2c, 0x05, 0x0b, 0x80, 0x08, 
	0xac, 0xbc, 0xcc, 0xc3, 0x4f, 0x14, 0x55, 0x40, 
	0xe4, 0xdd, 0xdc, 0xac, 0xac, 0x0d, 0xdd, 0x80, 
	0x04, 0x51, 0x35, 0xfe, 0x4b, 0x49, 0x94, 0x69, 
	0x29, 0x9b, 0x98, 0x94, 0x43, 0xfb, 0xb8, 0x49, 
	0x44, 0xbb, 0xb9, 0x43, 0x45, 0x5d, 0x12, 0x20, 
	0x0d, 0xdd, 0x4c, 0xaa, 0xaa, 0x0d, 0xdd, 0x80, 
	0x04, 0x51, 0x35, 0x1e, 0x46, 0xac, 0xa7, 0x65, 
	0x09, 0xa6, 0x75, 0x7a, 0xd9, 0x00, 0xab, 0x00, 
	0x85, 0x8b, 0xa4, 0xc4, 0x45, 0x2d, 0x77, 0x30, 
	0x0d, 0x9c, 0xdb, 0xcc, 0xaa, 0x0a, 0xcd, 0x00, 
	0x09, 0x52, 0x32, 0x2e, 0x4a, 0xa6, 0x00, 0xfe, 
	0xeb, 0xa9, 0x00, 0x7c, 0x00, 0xf0, 0xac, 0x70, 
	0x05, 0x00, 0x8a, 0xc3, 0x41, 0x24, 0x22, 0x20, 
	0xdd, 0xa9, 0x4c, 0xbc, 0xa7, 0x0a, 0xa4, 0x40, 
	0x01, 0x12, 0x32, 0x20, 0x40, 0x55, 0x08, 0x00, 
	0xca, 0xae, 0x50, 0xaa, 0x0a, 0x08, 0x0a, 0xc6, 
	0x0e, 0xf0, 0x80, 0x03, 0x41, 0x24, 0x55, 0x20, 
	0x5d, 0xcc, 0x4c, 0xca, 0xa7, 0x0a, 0xc4, 0x00, 
	0x01, 0x22, 0x37, 0x9e, 0x4e, 0x07, 0x08, 0x0a, 
	0xcc, 0x00, 0x07, 0x8c, 0x0a, 0x80, 0xe0, 0xaa, 
	0xa0, 0x00, 0xf0, 0x53, 0x45, 0x54, 0x21, 0x10, 
	0xf4, 0xcc, 0x4a, 0xaa, 0xaa, 0x09, 0xad, 0x0e, 
	0x81, 0x2f, 0x32, 0x2e, 0x40, 0xe0, 0x0c, 0xaa, 
	0xa0, 0x05, 0x0c, 0x0c, 0x87, 0xa0, 0xf0, 0xaa, 
	0xcc, 0x60, 0x08, 0x04, 0x42, 0x2d, 0x12, 0x38, 
	0x0d, 0x66, 0x4a, 0xca, 0xaa, 0x07, 0x6d, 0x80, 
	0x01, 0xff, 0x33, 0x2e, 0xd0, 0x0a, 0xcc, 0xca, 
	0x58, 0xf8, 0xac, 0x0c, 0x00, 0xc8, 0x05, 0xe6, 
	0xac, 0xcc, 0xc0, 0x8d, 0x11, 0x2d, 0x12, 0x90, 
	0x0d, 0x67, 0xda, 0xac, 0xaa, 0x07, 0x7d, 0x60, 
	0x0f, 0xff, 0x35, 0x2e, 0x4a, 0xac, 0xcc, 0xce, 
	0x05, 0x06, 0xc0, 0xfc, 0x06, 0x6c, 0x00, 0x00, 
	0xab, 0xcc, 0xc4, 0xc3, 0x35, 0x24, 0x51, 0x90, 
	0x0d, 0x67, 0xda, 0xaa, 0xca, 0x06, 0x7d, 0x90, 
	0x0f, 0x59, 0x11, 0x50, 0x4a, 0xaa, 0xaa, 0x00, 
	0x80, 0x0c, 0xa0, 0x0a, 0x0f, 0x8b, 0xa0, 0x88, 
	0x00, 0xca, 0xac, 0x64, 0x11, 0x5d, 0x52, 0xf0, 
	0x94, 0x67, 0xda, 0xaa, 0xca, 0x05, 0x7d, 0x50, 
	0x05, 0x25, 0x32, 0x2e, 0x4c, 0xcc, 0xa0, 0x08, 
	0x00, 0xbc, 0x0f, 0x0c, 0x00, 0x88, 0xcc, 0x08, 
	0x80, 0x89, 0x9b, 0xb4, 0x32, 0x2d, 0x22, 0x20, 
	0xfd, 0x2f, 0xdc, 0xaa, 0xcc, 0x86, 0x5d, 0x40, 
	0x01, 0x22, 0x31, 0x7e, 0x4a, 0xa0, 0x00, 0xf0, 
	0x0a, 0xc4, 0x88, 0x66, 0x80, 0x50, 0xcc, 0xc8, 
	0x8f, 0x65, 0xdb, 0x63, 0x32, 0x5d, 0x75, 0x4e, 
	0x54, 0x22, 0x4c, 0xac, 0xaa, 0x8f, 0xf5, 0xf0, 
	0x82, 0x9f, 0x37, 0xfe, 0x48, 0x00, 0x00, 0x00, 
	0xcc, 0xa0, 0xf0, 0xcc, 0x0a, 0x05, 0x0c, 0xbb, 
	0x08, 0xf8, 0x98, 0x04, 0x32, 0xfd, 0x55, 0x20, 
	0x9d, 0x21, 0x4b, 0xbb, 0xa6, 0x02, 0x24, 0x90, 
	0x01, 0x22, 0x39, 0xfe, 0xd0, 0x05, 0x00, 0x0c, 
	0xcc, 0x00, 0x00, 0x8a, 0x0b, 0x00, 0x80, 0xbb, 
	0xb0, 0x05, 0xf8, 0x63, 0x31, 0x9d, 0x72, 0x10, 
	0x04, 0xd1, 0xdb, 0xbc, 0xca, 0x01, 0xfd, 0xd0, 
	0x05, 0x12, 0x3d, 0x1e, 0x40, 0x00, 0x0a, 0xac, 
	0xa0, 0x05, 0x0c, 0x0a, 0x00, 0xa0, 0xfe, 0x65, 
	0x6b, 0x99, 0x00, 0x64, 0x31, 0x4d, 0x51, 0x90, 
	0x0d, 0xdd, 0x4b, 0xcb, 0xa6, 0x0d, 0x4d, 0x60, 
	0x71, 0x22, 0x3f, 0x3e, 0x45, 0x6b, 0xaa, 0xac, 
	0x05, 0x50, 0xaa, 0x0c, 0x00, 0xa8, 0x0f, 0x04, 
	0x96, 0x95, 0x58, 0x84, 0x41, 0x14, 0x12, 0x9e, 
	0x8d, 0xd4, 0x4b, 0xbb, 0xbc, 0x0d, 0xdd, 0x4e, 
	0x05, 0x55, 0x34, 0x50, 0x45, 0x6c, 0xaa, 0xa0, 
	0x55, 0x55, 0xa0, 0x2c, 0x08, 0x0b, 0x00, 0x08, 
	0x15, 0xa9, 0x9b, 0xb3, 0x33, 0x74, 0x22, 0x8e, 
	0x05, 0x8d, 0xda, 0xac, 0xbb, 0x8d, 0xd9, 0x9e, 
	0x01, 0x15, 0x3f, 0x20, 0x44, 0x44, 0x9b, 0x86, 
	0x4f, 0x49, 0x44, 0x44, 0x8f, 0xff, 0x44, 0xd3, 
	0x49, 0xbb, 0x39, 0x43, 0x41, 0x3d, 0x5f, 0x8e, 
	0x49, 0x4d, 0xdc, 0xb4, 0xbb, 0x8d, 0x49, 0x40, 
	0x01, 0x22, 0x31, 0x10, 0x4a, 0xa9, 0x00, 0x95, 
	0x70, 0x56, 0x56, 0x66, 0x80, 0x06, 0xaa, 0x50, 
	0x95, 0xdb, 0xcb, 0x54, 0x44, 0x1d, 0x22, 0x20, 
	0x44, 0x44, 0x99, 0x49, 0xbb, 0x89, 0x95, 0x40, 
	0xef, 0x5f, 0x41, 0x5e, 0x4c, 0xa0, 0x0e, 0x50, 
	0x0b, 0xaa, 0x09, 0x6c, 0x00, 0xf0, 0xca, 0x70, 
	0xef, 0x00, 0x8a, 0xc3, 0x44, 0xf9, 0x45, 0x5e, 
	0x84, 0xaa, 0xd6, 0xaa, 0xaa, 0x0a, 0x94, 0x9e, 
	0x01, 0x11, 0x11, 0xfe, 0x4e, 0x0e, 0x78, 0x00, 
	0xcb, 0xa0, 0x50, 0xac, 0x0a, 0x08, 0x0c, 0xca, 
	0x0e, 0x58, 0x00, 0x03, 0x4f, 0x5d, 0x31, 0x1e, 
	0x0d, 0xa9, 0xda, 0xc9, 0xc7, 0x0a, 0xad, 0x90, 
	0x02, 0x1f, 0x15, 0xfe, 0x40, 0x75, 0x80, 0x0a, 
	0xac, 0x00, 0x0a, 0xfc, 0x0c, 0x00, 0x00, 0xca, 
	0xa0, 0x00, 0xf0, 0x83, 0x15, 0x5d, 0x1f, 0x1e, 
	0x06, 0xa6, 0xda, 0xaa, 0xbc, 0x06, 0x9d, 0x8e, 
	0x01, 0x11, 0x32, 0x2e, 0x45, 0x70, 0x0a, 0xaa, 
	0xc0, 0x0f, 0x0b, 0x8b, 0x80, 0xa0, 0xf0, 0xac, 
	0xcc, 0x60, 0x08, 0x83, 0x12, 0x24, 0x21, 0x2e, 
	0x8d, 0x76, 0xda, 0xa6, 0xaa, 0x07, 0x56, 0x00, 
	0x01, 0x21, 0x3f, 0x5e, 0x48, 0x9a, 0xcc, 0xcc, 
	0x08, 0xf0, 0xab, 0x0c, 0x0e, 0xc0, 0x05, 0x0a, 
	0xcc, 0xca, 0xa0, 0x64, 0x35, 0x54, 0x55, 0x5e, 
	0xed, 0x76, 0xdc, 0xcc, 0xaa, 0x00, 0x7d, 0x50, 
	0x01, 0x55, 0x12, 0x2e, 0x47, 0xcc, 0xcc, 0xce, 
	0xe8, 0x08, 0xa0, 0xfa, 0x08, 0x0c, 0x80, 0x08, 
	0xac, 0xcc, 0xcc, 0x93, 0x45, 0x24, 0xff, 0x3e, 
	0x5d, 0x77, 0xda, 0xca, 0xa6, 0x00, 0x7d, 0x50, 
	0x01, 0x51, 0x12, 0x2e, 0x4a, 0xcc, 0xcc, 0x80, 
	0x6f, 0x0c, 0xc0, 0x8a, 0x0f, 0x0a, 0xa0, 0x00, 
	0x00, 0xcc, 0xad, 0x54, 0x32, 0x24, 0x2f, 0x1e, 
	0x64, 0x66, 0xda, 0xca, 0xaa, 0x00, 0x7d, 0xe0, 
	0x88, 0x21, 0x32, 0x3e, 0x4a, 0xca, 0xa8, 0x88, 
	0x09, 0xcc, 0x8f, 0x8c, 0x00, 0x80, 0xa6, 0x00, 
	0x00, 0x8b, 0xb4, 0x94, 0x31, 0x41, 0x75, 0x20, 
	0x04, 0x22, 0xdc, 0x6c, 0xaa, 0x02, 0x2d, 0x00, 
	0x07, 0x15, 0x4f, 0x3e, 0x46, 0xc0, 0x08, 0xf8, 
	0x0a, 0xcc, 0x06, 0xac, 0x55, 0x58, 0xab, 0xc8, 
	0x8f, 0x08, 0x8b, 0x93, 0x47, 0x63, 0xf1, 0xd0, 
	0x54, 0x1f, 0x4c, 0x6c, 0xca, 0x02, 0x2d, 0x8e, 
	0x01, 0x1f, 0x42, 0x4e, 0xd6, 0x0e, 0x00, 0x00, 
	0xca, 0xa8, 0xf0, 0xcc, 0x55, 0x98, 0x8c, 0xbb, 
	0x08, 0xf8, 0x08, 0x74, 0x42, 0x44, 0x21, 0x30, 
	0xfd, 0x2f, 0x4c, 0xcc, 0xca, 0x02, 0x2d, 0x80, 
	0x05, 0x55, 0x12, 0x30, 0x48, 0x85, 0x08, 0x7b, 
	0xac, 0x08, 0x57, 0x8c, 0x5f, 0x98, 0x88, 0xcc, 
	0xb8, 0x00, 0xf8, 0x83, 0x32, 0xf4, 0x55, 0xf0, 
	0x6d, 0x11, 0x4c, 0xbc, 0xcc, 0x01, 0xf9, 0x60, 
	0x01, 0x25, 0x32, 0x20, 0x40, 0x00, 0xac, 0xbb, 
	0xa0, 0x0f, 0x0c, 0x0c, 0x00, 0x58, 0x95, 0x8c, 
	0xca, 0x78, 0x00, 0x04, 0x42, 0x1d, 0x11, 0x20, 
	0x04, 0xdd, 0x9c, 0xcc, 0xca, 0x0d, 0x75, 0x60, 
	0x01, 0x22, 0x32, 0x2e, 0x40, 0x0b, 0xcc, 0xcb, 
	0x06, 0xf0, 0xaa, 0x0c, 0x00, 0xc6, 0x65, 0x9a, 
	0xcc, 0xac, 0x65, 0x94, 0x42, 0x2d, 0x22, 0x20, 
	0x0d, 0xdd, 0xdc, 0xcc, 0xca, 0x0d, 0x75, 0x50, 
	0x0d, 0x31, 0x37, 0x1e, 0x45, 0xca, 0xa9, 0x55, 
	0x05, 0x00, 0xc0, 0x2c, 0x7f, 0x0b, 0x59, 0x58, 
	0x6c, 0xbc, 0x95, 0x93, 0x4f, 0x14, 0x55, 0x40, 
	0x54, 0xdd, 0xdc, 0xac, 0xac, 0x0d, 0x55, 0x90, 
	0x04, 0x51, 0x35, 0xfe, 0x44, 0x39, 0x94, 0x44, 
	0x4d, 0xdb, 0x98, 0x94, 0x44, 0xdc, 0x43, 0x34, 
	0x44, 0x49, 0x39, 0x43, 0x45, 0x5d, 0x12, 0x20, 
	0x6d, 0xdd, 0x9c, 0xaa, 0xaa, 0x0d, 0x67, 0x90, 
	0x04, 0x51, 0x35, 0x1e, 0x45, 0x66, 0x70, 0x85, 
	0x08, 0xa6, 0x76, 0x7b, 0x08, 0x57, 0xaa, 0x85, 
	0x95, 0x57, 0x64, 0x54, 0x45, 0x2d, 0x77, 0x30, 
	0x0d, 0xbb, 0xdb, 0xcc, 0xaa, 0x8a, 0xcd, 0x00, 
	0x09, 0x52, 0x32, 0x2e, 0x45, 0x79, 0x00, 0xfe, 
	0xeb, 0xa6, 0x60, 0x7c, 0x00, 0xf0, 0xa6, 0x70, 
	0x86, 0x00, 0x86, 0x53, 0x41, 0x24, 0x22, 0x20, 
	0x4d, 0xac, 0x4c, 0xbc, 0xa7, 0x0a, 0xa4, 0x90, 
	0x01, 0x12, 0x32, 0x20, 0xd0, 0x09, 0x08, 0x00, 
	0xca, 0xae, 0x50, 0xaa, 0x0a, 0x08, 0x0a, 0xcc, 
	0x8e, 0xf0, 0x80, 0x43, 0x41, 0x24, 0x55, 0x20, 
	0x5d, 0xcc, 0x4c, 0xca, 0xa7, 0x0a, 0xc4, 0x80, 
	0x01, 0x22, 0x37, 0x9e, 0x40, 0x07, 0x00, 0x0a, 
	0xcc, 0x00, 0x07, 0x5c, 0x0a, 0x80, 0xe0, 0xaa, 
	0xa0, 0x00, 0xf0, 0x53, 0x45, 0x54, 0x21, 0x10, 
	0xf9, 0xcc, 0x4a, 0xaa, 0xaa, 0x09, 0xad, 0x0e, 
	0x81, 0x2f, 0x32, 0x2e, 0x10, 0xe0, 0x0c, 0xaa, 
	0xa0, 0x05, 0x0c, 0x0c, 0x87, 0xa0, 0xf0, 0xaa, 
	0xcc, 0x60, 0x08, 0x33, 0x42, 0x2d, 0x12, 0x38, 
	0x5d, 0x66, 0x4a, 0xca, 0xaa, 0x07, 0x6d, 0x68, 
	0x01, 0xff, 0x33, 0x2e, 0x4e, 0x0a, 0xcc, 0xca, 
	0x08, 0xf8, 0xac, 0x0c, 0x00, 0xa8, 0x05, 0xea, 
	0xa9, 0xcc, 0xc0, 0xd4, 0x11, 0x2d, 0x12, 0x90, 
	0x8d, 0x67, 0xda, 0xac, 0xaa, 0x07, 0x7d, 0x50, 
	0x0f, 0xff, 0x35, 0x2e, 0x4a, 0xac, 0xcc, 0xce, 
	0xd5, 0x06, 0xc0, 0xfc, 0x05, 0x0c, 0x00, 0x00, 
	0xab, 0xcc, 0xcb, 0xc3, 0x35, 0x24, 0x51, 0x90, 
	0x0d, 0x67, 0xda, 0xaa, 0xca, 0x07, 0x7d, 0x90, 
	0x0f, 0x59, 0x11, 0x50, 0xba, 0xaa, 0xaa, 0x00, 
	0x56, 0x9c, 0xa0, 0x0a, 0x0f, 0x8b, 0xa0, 0x88, 
	0x00, 0xcc, 0x99, 0xcb, 0x11, 0x5d, 0x52, 0xf0, 
	0x84, 0x67, 0xda, 0xaa, 0xca, 0x07, 0x7d, 0x50, 
	0x05, 0x25, 0x32, 0x2e, 0xbc, 0xcc, 0xa0, 0x05, 
	0xf5, 0x7c, 0x0f, 0x8c, 0x80, 0x88, 0xcc, 0x08, 
	0x00, 0x8b, 0xbb, 0xb4, 0x32, 0x2d, 0x22, 0x20, 
	0x0d, 0x2f, 0xdc, 0xaa, 0xcc, 0x02, 0x29, 0x40, 
	0x01, 0x22, 0x31, 0x7e, 0xc6, 0x65, 0x00, 0xf6, 
	0x55, 0xac, 0x88, 0x6c, 0x80, 0x50, 0xcc, 0xc8, 
	0x8f, 0x80, 0x8b, 0xb4, 0x32, 0x5d, 0x75, 0x4e, 
	0x04, 0x22, 0x4c, 0xac, 0xaa, 0x82, 0x26, 0x50, 
	0x82, 0x9f, 0x37, 0xfe, 0x88, 0x08, 0x00, 0xf6, 
	0x99, 0x60, 0xf0, 0xca, 0x0a, 0x05, 0x0c, 0xbb, 
	0x05, 0xf8, 0x08, 0x0d, 0x32, 0xfd, 0x55, 0x20, 
	0x8d, 0x51, 0x4b, 0xbb, 0xa6, 0x02, 0x24, 0x80, 
	0x01, 0x22, 0x39, 0xfe, 0x90, 0x05, 0x00, 0xfc, 
	0xf4, 0x00, 0x00, 0x8c, 0x8b, 0x00, 0x80, 0xbb, 
	0xb0, 0x00, 0xf8, 0x6d, 0x31, 0x9d, 0x72, 0x10, 
	0x64, 0xd1, 0xdb, 0xbc, 0xca, 0x01, 0xfd, 0x90, 
	0x05, 0x12, 0x3d, 0x1e, 0x40, 0x00, 0x0a, 0xac, 
	0xa0, 0x05, 0x0c, 0x06, 0x00, 0xa0, 0xfe, 0x6c, 
	0xcb, 0x78, 0xd0, 0x89, 0x31, 0x4d, 0x51, 0x90, 
	0x0d, 0xdd, 0x4b, 0xcb, 0xa6, 0x0d, 0xdd, 0x90, 
	0x71, 0x22, 0x3f, 0x3e, 0x46, 0x0b, 0x69, 0xac, 
	0x08, 0xf0, 0xaa, 0x06, 0xf0, 0xc0, 0x8f, 0x0c, 
	0xbc, 0xcc, 0xc8, 0x8d, 0x41, 0x14, 0x12, 0x9e, 
	0x0d, 0x64, 0x4f, 0x9b, 0xbc, 0x0d, 0xdd, 0x4e, 
	0x05, 0x55, 0x34, 0x50, 0x46, 0xc9, 0x55, 0x60, 
	0x08, 0x07, 0xa0, 0xfc, 0x89, 0x64, 0x00, 0x08, 
	0x6c, 0xcb, 0x9b, 0xb4, 0x33, 0x74, 0x22, 0x8e, 
	0x8d, 0x64, 0x9a, 0xac, 0x94, 0x8d, 0xd4, 0x6e, 
	0x01, 0x15, 0x3f, 0x20, 0x4b, 0xb4, 0x94, 0x49, 
	0xf4, 0x44, 0x94, 0x44, 0x44, 0xfb, 0x48, 0x88, 
	0xdd, 0x4b, 0x49, 0x44, 0x41, 0x3d, 0x5f, 0x8e, 
	0x49, 0x49, 0xdc, 0x4b, 0x99, 0x8d, 0x49, 0x40, 
	
};

ALIGNED8 u8 ow_pc_kd_pc_yuka1_pal_rgba16[] = {
	0xe6, 0x2b, 0x58, 0x43, 0x98, 0xc5, 0x00, 0x01, 
	0x49, 0x45, 0xc3, 0xd3, 0xb4, 0x55, 0xdd, 0x9f, 
	0xc4, 0xdf, 0x72, 0x89, 0x8c, 0x4d, 0x4a, 0x41, 
	0x6b, 0x45, 0x6a, 0x4f, 0xff, 0xff, 0x92, 0x49, 
	
};

ALIGNED8 u8 ow_pc_kd_pc_yuka2_ci4[] = {
	0x00, 0x12, 0x31, 0x24, 0x24, 0x54, 0x43, 0x60, 
	0x70, 0x61, 0x32, 0x11, 0x44, 0x81, 0x14, 0x41, 
	0x69, 0x24, 0x22, 0x24, 0x41, 0x33, 0xaa, 0xaa, 
	0x70, 0x55, 0x78, 0x78, 0x99, 0x23, 0x12, 0x84, 
	0x08, 0x23, 0x11, 0xb5, 0x55, 0xb5, 0x14, 0x60, 
	0x00, 0x4c, 0x29, 0xda, 0x26, 0x18, 0x05, 0x55, 
	0x87, 0x41, 0x32, 0x31, 0x61, 0x1d, 0xdd, 0xda, 
	0x07, 0x5e, 0x70, 0x80, 0x9a, 0xaa, 0x32, 0x86, 
	0x08, 0x3c, 0x1e, 0xeb, 0xbb, 0x13, 0x58, 0x47, 
	0x70, 0x1c, 0x22, 0xda, 0x29, 0x70, 0x7b, 0x5b, 
	0x78, 0xa2, 0x44, 0x23, 0x11, 0x1a, 0xaa, 0xdd, 
	0x88, 0x55, 0x77, 0x77, 0x9d, 0xda, 0x42, 0x84, 
	0x78, 0x8b, 0xb5, 0xbb, 0xbb, 0x5b, 0xbc, 0x48, 
	0x70, 0x2c, 0x99, 0xaa, 0xd9, 0x70, 0x21, 0x55, 
	0x87, 0xad, 0xa2, 0x33, 0x23, 0xdd, 0xdd, 0xdd, 
	0x88, 0x55, 0x77, 0x70, 0x9a, 0xaa, 0xd4, 0x16, 
	0x77, 0x8e, 0xbb, 0xbb, 0xbb, 0xeb, 0xb3, 0x67, 
	0x70, 0x23, 0x94, 0xda, 0x29, 0x72, 0x34, 0xb5, 
	0x88, 0xda, 0xad, 0x13, 0x42, 0xca, 0xd1, 0x3a, 
	0x87, 0xb5, 0x77, 0x77, 0x2d, 0xda, 0x23, 0x36, 
	0x07, 0x85, 0x5b, 0xbb, 0x5b, 0xb5, 0x58, 0x63, 
	0x70, 0x44, 0x29, 0xda, 0x29, 0xc3, 0x25, 0x55, 
	0x77, 0xdd, 0xfa, 0xd2, 0x23, 0xaa, 0xa1, 0x23, 
	0x37, 0x55, 0x71, 0x78, 0x9a, 0xaa, 0x99, 0x86, 
	0x87, 0x7b, 0xb5, 0x55, 0x5b, 0xbb, 0xb7, 0x67, 
	0x70, 0x13, 0x46, 0xda, 0x99, 0x3c, 0x0b, 0xbb, 
	0x00, 0xad, 0xad, 0xd4, 0x2d, 0xaa, 0xa2, 0x33, 
	0x77, 0x55, 0x87, 0x07, 0x9d, 0xaa, 0xd9, 0x36, 
	0x88, 0x7e, 0xbb, 0xeb, 0xbb, 0xb5, 0xb7, 0x67, 
	0x87, 0x21, 0x99, 0x94, 0x49, 0x00, 0x0b, 0x5b, 
	0x00, 0xaa, 0xaa, 0xad, 0x2a, 0xfa, 0xa2, 0x33, 
	0x88, 0x55, 0x77, 0x77, 0x94, 0x99, 0x99, 0x13, 
	0x77, 0xcb, 0xbb, 0xbb, 0x5b, 0xbb, 0xb0, 0x47, 
	0x77, 0x12, 0x92, 0x46, 0x44, 0x00, 0x0e, 0xb4, 
	0x37, 0xad, 0xdd, 0xda, 0x2a, 0xaa, 0xaa, 0xd1, 
	0x70, 0xbb, 0x77, 0x00, 0x99, 0x93, 0x99, 0x78, 
	0x78, 0x11, 0xbb, 0xb5, 0x5b, 0x53, 0x57, 0x47, 
	0x08, 0x27, 0x44, 0xff, 0x29, 0x88, 0x7b, 0xb3, 
	0xc7, 0xdd, 0xaa, 0xaa, 0x1d, 0xaa, 0xaa, 0xa2, 
	0x88, 0x55, 0x77, 0x78, 0x9c, 0xcc, 0x49, 0x04, 
	0x08, 0x25, 0x55, 0x55, 0x55, 0xeb, 0xb0, 0x67, 
	0x87, 0x18, 0x92, 0xcc, 0x14, 0x08, 0x7b, 0xbb, 
	0x77, 0xad, 0xdd, 0xa4, 0x12, 0xaa, 0xfa, 0xaa, 
	0x07, 0xeb, 0x77, 0x00, 0x4f, 0xfc, 0x94, 0x06, 
	0x78, 0x35, 0xbb, 0xb5, 0xb5, 0x55, 0x57, 0x47, 
	0x78, 0x10, 0x99, 0xff, 0x19, 0x07, 0x85, 0x5b, 
	0x70, 0xaa, 0xad, 0xad, 0x43, 0xaa, 0xaa, 0xdd, 
	0x07, 0x55, 0x78, 0x87, 0x4c, 0xcc, 0x22, 0x74, 
	0x88, 0x3e, 0x55, 0x55, 0xbb, 0x1b, 0xb7, 0x67, 
	0x77, 0x17, 0x44, 0xcc, 0x44, 0x88, 0x7b, 0xbb, 
	0x77, 0xaa, 0xda, 0xaa, 0xd3, 0x3d, 0xda, 0xad, 
	0x77, 0xbb, 0x78, 0x70, 0x9c, 0xc1, 0x13, 0x36, 
	0x78, 0x7b, 0x5b, 0xbb, 0xb2, 0x3b, 0x51, 0x67, 
	0x07, 0x50, 0x99, 0x3f, 0x49, 0x77, 0x85, 0xbb, 
	0x07, 0xad, 0xaa, 0xaa, 0x6c, 0x32, 0xaa, 0xaa, 
	0x80, 0xe5, 0x78, 0x77, 0x43, 0xcc, 0x43, 0x36, 
	0x78, 0x8b, 0x5b, 0xbb, 0xb1, 0xbb, 0x51, 0x60, 
	0x77, 0x53, 0x69, 0xcc, 0x99, 0x77, 0x8b, 0xbb, 
	0x70, 0xaa, 0xad, 0xdd, 0x43, 0x3d, 0xdd, 0xaa, 
	0x00, 0x5b, 0x77, 0x77, 0x9c, 0xc3, 0x29, 0x86, 
	0x07, 0x7b, 0xb5, 0xbb, 0xb5, 0x55, 0x53, 0x67, 
	0x07, 0x57, 0x91, 0x12, 0x49, 0x77, 0x75, 0x55, 
	0x77, 0xdd, 0x1a, 0xaa, 0xd3, 0xff, 0xaa, 0xda, 
	0x00, 0xb5, 0x77, 0x77, 0x92, 0x94, 0x24, 0x74, 
	0x07, 0x75, 0xbb, 0xb5, 0xb5, 0xbb, 0xb8, 0x67, 
	0x77, 0x57, 0x94, 0x22, 0x24, 0x80, 0x8b, 0x5b, 
	0x77, 0xa2, 0x3a, 0xaa, 0x23, 0xaa, 0xaa, 0xad, 
	0x00, 0x5b, 0x07, 0x77, 0x29, 0x54, 0x49, 0x84, 
	0x08, 0x8b, 0xb5, 0xbb, 0xbb, 0xbb, 0xb7, 0x67, 
	0x77, 0x47, 0x42, 0xbb, 0x21, 0x77, 0x85, 0x55, 
	0x87, 0xad, 0x33, 0xad, 0x41, 0xca, 0xfa, 0xaa, 
	0x00, 0xbb, 0x37, 0x77, 0x42, 0xbb, 0x99, 0x84, 
	0x08, 0x1b, 0xbb, 0x5b, 0xb5, 0xbb, 0x58, 0x67, 
	0x77, 0x41, 0x44, 0xb5, 0x99, 0x77, 0x7b, 0xbb, 
	0x77, 0xaa, 0x33, 0xdf, 0x41, 0xaa, 0xaa, 0xad, 
	0x07, 0x5e, 0x77, 0x78, 0x45, 0x55, 0x24, 0x04, 
	0x08, 0x0e, 0x5b, 0xb5, 0xbb, 0xb5, 0x58, 0x67, 
	0x78, 0x4c, 0x49, 0xb5, 0x24, 0x80, 0x75, 0x5b, 
	0x80, 0xaa, 0x23, 0x23, 0x23, 0xaa, 0x3d, 0xaa, 
	0x70, 0xbb, 0x70, 0x77, 0x95, 0xbb, 0x99, 0x74, 
	0x08, 0x7e, 0xbb, 0xbb, 0xb5, 0xbb, 0xb8, 0x67, 
	0x87, 0x10, 0x42, 0x55, 0x11, 0x87, 0x7b, 0xbb, 
	0x00, 0xad, 0xa1, 0x14, 0x41, 0xad, 0xda, 0xad, 
	0x77, 0x5b, 0x77, 0x88, 0x45, 0x55, 0x49, 0x84, 
	0x08, 0x15, 0xbb, 0xbb, 0xbe, 0x55, 0x51, 0x60, 
	0x77, 0x17, 0x42, 0xb5, 0x24, 0x70, 0x05, 0x5b, 
	0x00, 0xaa, 0xaa, 0xd2, 0x21, 0x2a, 0xaa, 0xaa, 
	0x77, 0xbb, 0x77, 0x77, 0x9b, 0xbb, 0x99, 0x06, 
	0x08, 0xcb, 0xbb, 0xbb, 0x55, 0xb5, 0xb0, 0x68, 
	0x87, 0x11, 0x44, 0x55, 0x24, 0x80, 0x7b, 0xeb, 
	0x70, 0xaa, 0xaa, 0xdd, 0x21, 0x3a, 0xaa, 0xaa, 
	0x78, 0xbb, 0x77, 0x88, 0x44, 0x53, 0x19, 0x86, 
	0x07, 0xcb, 0x55, 0x55, 0x5b, 0x55, 0x57, 0x67, 
	0x87, 0x23, 0x22, 0x29, 0x99, 0x07, 0xcb, 0xbb, 
	0x70, 0xaf, 0xfa, 0xdd, 0x43, 0xca, 0xaa, 0x3c, 
	0x00, 0xbe, 0x70, 0x80, 0x99, 0x13, 0x99, 0x06, 
	0x07, 0x33, 0xb5, 0x5b, 0x55, 0x55, 0xb7, 0x67, 
	0x70, 0x23, 0x24, 0x44, 0x44, 0x87, 0x0b, 0x55, 
	0x77, 0xdd, 0xaa, 0xdd, 0x2d, 0xaa, 0xad, 0xfa, 
	0x77, 0xb5, 0x77, 0x77, 0x49, 0x16, 0x19, 0x86, 
	0x08, 0x85, 0xbe, 0xbb, 0xb5, 0xbb, 0x58, 0x47, 
	0x77, 0x23, 0x19, 0x99, 0x99, 0x70, 0x75, 0x5b, 
	0x78, 0xaa, 0xaa, 0xaa, 0x41, 0xcc, 0xfa, 0xaa, 
	0x00, 0x5b, 0x73, 0x30, 0x98, 0x1c, 0x19, 0x84, 
	0x07, 0x7b, 0xeb, 0xbb, 0xb5, 0xbb, 0x51, 0x67, 
	0x70, 0x83, 0x29, 0x99, 0x44, 0x77, 0x75, 0x5b, 
	0x78, 0xda, 0xaa, 0xdd, 0x43, 0xca, 0xaa, 0xaa, 
	0x70, 0x55, 0x33, 0x38, 0x49, 0x93, 0x19, 0x32, 
	0x77, 0x7b, 0xbb, 0xb5, 0xbb, 0xbb, 0x31, 0x67, 
	0x7c, 0x6c, 0x49, 0x99, 0x99, 0x08, 0x75, 0x5e, 
	0x78, 0xaa, 0xaa, 0xda, 0x41, 0x3f, 0xaa, 0xaf, 
	0x00, 0xbe, 0xc3, 0x30, 0x99, 0x93, 0x32, 0x34, 
	0x77, 0x8e, 0xeb, 0xbb, 0xb5, 0xbe, 0x13, 0x67, 
	0x70, 0x20, 0x44, 0x94, 0x44, 0x80, 0x75, 0xb5, 
	0x08, 0xdd, 0xaa, 0xdd, 0x41, 0x1a, 0xaa, 0xaa, 
	0x08, 0x55, 0x87, 0x77, 0x49, 0x81, 0x33, 0x36, 
	0x70, 0x8b, 0xee, 0xbb, 0xbb, 0xbb, 0x33, 0x60, 
	0x10, 0x10, 0x44, 0x12, 0x94, 0x70, 0x75, 0xbb, 
	0x78, 0xaa, 0xda, 0xaa, 0x64, 0xc3, 0xaf, 0xaa, 
	0x00, 0xbb, 0x73, 0xc0, 0x99, 0x99, 0x93, 0x36, 
	0x77, 0x8b, 0xbb, 0xb5, 0x55, 0xbb, 0xb3, 0x47, 
	0x47, 0x80, 0x99, 0x99, 0x94, 0x77, 0x75, 0xee, 
	0x88, 0xdd, 0xdd, 0xaa, 0x42, 0x33, 0x31, 0xdd, 
	0x83, 0x55, 0x12, 0x41, 0x14, 0x99, 0x41, 0x24, 
	0x77, 0x85, 0xbb, 0xbb, 0xbb, 0xbb, 0xb0, 0x47, 
	0x07, 0x17, 0x64, 0x44, 0x49, 0x80, 0x05, 0xbe, 
	0x88, 0xdd, 0xad, 0xaa, 0x46, 0x41, 0x64, 0x66, 
	0x64, 0x44, 0x66, 0x44, 0x46, 0x44, 0x64, 0x26, 
	0x70, 0x7b, 0x5b, 0xbb, 0x55, 0x5b, 0xb8, 0x47, 
	0x88, 0x20, 0x42, 0x44, 0x42, 0x70, 0x85, 0x55, 
	0x71, 0xda, 0xdd, 0xdd, 0x46, 0x43, 0x26, 0x4d, 
	0x41, 0x12, 0x22, 0x11, 0x64, 0x44, 0x21, 0x46, 
	0x70, 0x85, 0xbb, 0xbe, 0xbb, 0x5b, 0xb0, 0x67, 
	0x87, 0x20, 0x44, 0xdd, 0x44, 0x73, 0x35, 0x55, 
	0x77, 0x34, 0xdd, 0xdd, 0x62, 0xcc, 0xc2, 0xdd, 
	0x27, 0x55, 0x13, 0x30, 0x9a, 0xad, 0x34, 0x16, 
	0x77, 0x0b, 0xee, 0xbb, 0xb5, 0x5b, 0xb0, 0x47, 
	0x07, 0x18, 0x9d, 0xad, 0x24, 0x77, 0xcb, 0x55, 
	0x08, 0xa1, 0xdd, 0x42, 0x42, 0x13, 0x1d, 0xd6, 
	0x44, 0x55, 0x2c, 0x87, 0x92, 0xdd, 0x21, 0xc6, 
	0x78, 0x7b, 0xee, 0xbe, 0xeb, 0xe4, 0xb1, 0x40, 
	0x70, 0x10, 0x42, 0xdd, 0x22, 0x78, 0x8b, 0xb5, 
	0x80, 0xdd, 0xdd, 0x33, 0x41, 0xc1, 0xaa, 0xad, 
	0x78, 0x55, 0x81, 0x77, 0x9d, 0xad, 0x24, 0x86, 
	0x78, 0x0b, 0xeb, 0xbb, 0xbe, 0xb3, 0x57, 0x47, 
	0x70, 0x20, 0x9d, 0xaa, 0x21, 0x87, 0x75, 0xb5, 
	0x80, 0xda, 0xda, 0x23, 0x44, 0x3d, 0xad, 0xdd, 
	0x77, 0x55, 0x87, 0x77, 0x4d, 0x2d, 0x24, 0x36, 
	0x77, 0x0e, 0xeb, 0xbe, 0xbe, 0xbb, 0xb7, 0x47, 
	0x87, 0x17, 0x42, 0xda, 0x9c, 0x78, 0x3b, 0x55, 
	0x88, 0xdd, 0xdd, 0xd2, 0x42, 0x33, 0xaa, 0xdd, 
	0x88, 0x55, 0x78, 0x81, 0x22, 0xdd, 0x24, 0x86, 
	0x08, 0x1e, 0xbb, 0xbb, 0xbb, 0x5b, 0x50, 0x47, 
	0x80, 0x27, 0x44, 0xda, 0x41, 0x18, 0x81, 0xbb, 
	0x07, 0xaa, 0xaa, 0xaa, 0x42, 0x33, 0xdd, 0xdd, 
	0x87, 0x55, 0x87, 0x34, 0x34, 0x2d, 0x24, 0x76, 
	0x07, 0xc3, 0xee, 0xbb, 0xeb, 0xbb, 0xb1, 0x40, 
	0x08, 0x20, 0x94, 0x44, 0x49, 0x08, 0x85, 0x55, 
	0x78, 0xdd, 0xad, 0xad, 0x42, 0x11, 0xda, 0xdd, 
	0x88, 0x55, 0x81, 0x23, 0x33, 0x34, 0x94, 0x86, 
	0x77, 0xce, 0xbb, 0xbb, 0xb5, 0x55, 0x57, 0x27, 
	0x77, 0x27, 0x44, 0x99, 0x99, 0x07, 0x05, 0x5b, 
	0x77, 0xaa, 0xaa, 0xaa, 0x21, 0x3d, 0xda, 0xad, 
	0x70, 0xbb, 0x77, 0x22, 0x13, 0x42, 0x94, 0x76, 
	0x78, 0x33, 0xbb, 0xbb, 0xbb, 0xbb, 0xb3, 0x40, 
	0x87, 0x43, 0x46, 0xc3, 0x44, 0x77, 0x05, 0x5b, 
	0x87, 0xdd, 0xaa, 0xaa, 0x42, 0xaa, 0xdd, 0xdd, 
	0xf7, 0x55, 0x78, 0x77, 0x9c, 0xcc, 0x99, 0x86, 
	0x78, 0x2b, 0x5b, 0xbb, 0xb5, 0xb5, 0xb3, 0x90, 
	0x77, 0x22, 0x44, 0xcc, 0x99, 0x77, 0x0b, 0x5b, 
	0x87, 0xdd, 0xda, 0xaa, 0x42, 0xaf, 0xaa, 0xaa, 
	0x77, 0xbb, 0x87, 0x77, 0x9c, 0xfc, 0x93, 0x26, 
	0x78, 0x0b, 0xeb, 0xeb, 0xeb, 0xbb, 0xb7, 0x40, 
	0x70, 0x17, 0x92, 0xcc, 0x22, 0x70, 0x01, 0xeb, 
	0x88, 0xca, 0xad, 0xaa, 0x42, 0xaa, 0xdd, 0xdd, 
	0x80, 0x55, 0x87, 0x77, 0x9c, 0xff, 0x13, 0x16, 
	0x77, 0x8b, 0xbb, 0xbb, 0x5b, 0x55, 0x50, 0x60, 
	0x00, 0x18, 0x42, 0xfc, 0x99, 0x07, 0x05, 0xb5, 
	0x88, 0xdd, 0xda, 0xda, 0x42, 0xad, 0xaa, 0xad, 
	0x77, 0xb5, 0x07, 0x07, 0x9c, 0xcc, 0x33, 0x34, 
	0x08, 0x0b, 0xbb, 0x55, 0x5b, 0x51, 0x37, 0x90, 
	0x70, 0x10, 0x49, 0x7f, 0x9c, 0x00, 0x05, 0xbb, 
	0x7a, 0xaa, 0xad, 0xaa, 0x4d, 0xda, 0xad, 0xdd, 
	0x88, 0x45, 0x77, 0x78, 0x9c, 0xcc, 0xc2, 0x16, 
	0x78, 0x15, 0x55, 0x55, 0x55, 0x52, 0x58, 0x97, 
	0x87, 0x20, 0x94, 0xc3, 0x29, 0x08, 0x0b, 0x55, 
	0x88, 0xdd, 0xda, 0xdf, 0x6d, 0xaa, 0xaa, 0xda, 
	0x80, 0x5e, 0x07, 0x00, 0x9c, 0xcc, 0x29, 0x26, 
	0x77, 0x31, 0xbb, 0xbb, 0x55, 0xbb, 0xb8, 0x27, 
	0x07, 0x17, 0x92, 0x19, 0x49, 0x70, 0x0e, 0xee, 
	0x07, 0xaa, 0xfa, 0xad, 0x62, 0xaa, 0xad, 0xaa, 
	0x08, 0x55, 0x71, 0x87, 0x92, 0x44, 0x44, 0x14, 
	0x07, 0xcc, 0xbb, 0xbb, 0xb5, 0x55, 0x58, 0x27, 
	0x77, 0x1c, 0x44, 0x41, 0x24, 0x87, 0x7b, 0xbb, 
	0x08, 0xa2, 0xad, 0x1a, 0x21, 0x3a, 0xaa, 0xaa, 
	0x77, 0x5e, 0x71, 0x07, 0x99, 0x99, 0x99, 0x86, 
	0x08, 0xc3, 0xbb, 0x55, 0x55, 0xbb, 0xe7, 0x40, 
	0x77, 0x13, 0x89, 0xeb, 0x19, 0x00, 0x0b, 0xe5, 
	0x88, 0xa6, 0x3a, 0xaa, 0x21, 0xca, 0xaa, 0xad, 
	0x08, 0x55, 0x88, 0x77, 0x95, 0x5b, 0x94, 0x86, 
	0x08, 0x3c, 0x1b, 0xb5, 0xb1, 0xe5, 0xb8, 0x20, 
	0x07, 0x20, 0x94, 0x55, 0x54, 0x77, 0x0e, 0xbb, 
	0x88, 0xd4, 0x3d, 0xda, 0x21, 0x3d, 0xaa, 0xda, 
	0x00, 0x55, 0x88, 0x07, 0x95, 0xb5, 0x29, 0x76, 
	0x77, 0x1c, 0x3b, 0xb5, 0xb5, 0xbb, 0xe0, 0x47, 
	0x80, 0x10, 0x82, 0xee, 0x39, 0x00, 0x7e, 0xbb, 
	0x08, 0xa4, 0x3d, 0xa3, 0x61, 0x3a, 0xaa, 0xaa, 
	0x07, 0x55, 0x77, 0x77, 0x25, 0x55, 0x94, 0x86, 
	0x78, 0xc3, 0xeb, 0xbb, 0xbb, 0x55, 0xb0, 0x67, 
	0x80, 0x2c, 0x92, 0x5b, 0x52, 0x77, 0x7b, 0xb5, 
	0x78, 0xdd, 0xdd, 0xdd, 0x21, 0xda, 0xda, 0xda, 
	0x07, 0x55, 0x88, 0x07, 0x95, 0x5b, 0x99, 0x16, 
	0x08, 0x7b, 0xbe, 0xb5, 0xb5, 0xbb, 0xe0, 0x67, 
	0x87, 0x4c, 0x92, 0xbb, 0x19, 0x77, 0x7b, 0xeb, 
	0x07, 0xdd, 0xaf, 0xad, 0x6a, 0xaa, 0xff, 0xaa, 
	0x03, 0x55, 0x70, 0x77, 0x92, 0xb5, 0x99, 0x36, 
	0x08, 0x7e, 0xbe, 0xeb, 0xeb, 0xbb, 0xb3, 0x47, 
	0x80, 0x27, 0x42, 0x55, 0x19, 0x70, 0x05, 0xbb, 
	0x77, 0xda, 0xaa, 0xa2, 0x6a, 0xaa, 0xad, 0xdd, 
	0x87, 0x55, 0x87, 0x77, 0x9b, 0xbb, 0x33, 0xc6, 
	0x07, 0x7b, 0xb5, 0xbb, 0xbb, 0xbb, 0x33, 0x47, 
	0x70, 0x30, 0x22, 0x92, 0x89, 0x00, 0x75, 0x55, 
	0x00, 0xda, 0xaa, 0xac, 0x4d, 0xaa, 0xaa, 0xad, 
	0x07, 0xbb, 0x77, 0x07, 0x42, 0x24, 0x31, 0x36, 
	0x78, 0x8b, 0xeb, 0xbb, 0xbb, 0x55, 0xe3, 0x27, 
	0x70, 0x41, 0x99, 0x99, 0x91, 0x00, 0x05, 0x5b, 
	0x70, 0xaa, 0xaa, 0xac, 0x43, 0xdd, 0xdd, 0xad, 
	0x88, 0x55, 0x77, 0x00, 0x99, 0x99, 0x24, 0x16, 
	0x88, 0x3b, 0xb5, 0xb5, 0x5b, 0xbb, 0xb3, 0x47, 
	0x80, 0x63, 0x44, 0x99, 0x92, 0x70, 0x0b, 0xb5, 
	0x00, 0xdd, 0xad, 0xd3, 0x21, 0x3a, 0xaa, 0xad, 
	0x77, 0xb5, 0x70, 0x70, 0x99, 0x99, 0x92, 0x16, 
	0xc8, 0x0e, 0xbb, 0xb5, 0x5b, 0x5b, 0xb8, 0x97, 
	0x70, 0x2c, 0x29, 0x98, 0x92, 0x77, 0x7b, 0xb5, 
	0x77, 0xaa, 0xa2, 0x11, 0x41, 0x12, 0xdd, 0xdd, 
	0x80, 0x55, 0x87, 0x07, 0x49, 0x99, 0x3c, 0x34, 
	0x07, 0xce, 0xbb, 0xb4, 0xb5, 0xbe, 0xb3, 0x47, 
	0x70, 0x4c, 0x49, 0x92, 0xc9, 0x70, 0x73, 0x55, 
	0x87, 0x13, 0xda, 0x22, 0x21, 0xda, 0xad, 0xaa, 
	0x07, 0xbb, 0x70, 0x07, 0x49, 0x99, 0x3c, 0x36, 
	0x88, 0x3e, 0xbb, 0xee, 0xbb, 0xbb, 0xb0, 0x40, 
	0x77, 0x13, 0x29, 0x8c, 0x31, 0x70, 0x0b, 0xbb, 
	0x70, 0xda, 0xaa, 0xa3, 0x22, 0xaa, 0xaa, 0xdd, 
	0x87, 0x5b, 0x77, 0x77, 0x99, 0x99, 0x13, 0x46, 
	0x78, 0x1e, 0xbb, 0xbb, 0xb1, 0xbb, 0xb3, 0x40, 
	0x70, 0x1c, 0x19, 0x99, 0x92, 0x77, 0x0b, 0x55, 
	0x00, 0xad, 0xda, 0x23, 0x22, 0xdd, 0xaa, 0xad, 
	0x00, 0xbb, 0x77, 0x77, 0x99, 0x99, 0x33, 0x86, 
	0x08, 0xc2, 0xce, 0x1c, 0x12, 0x3b, 0x33, 0x60, 
	0x70, 0x22, 0x32, 0x99, 0x14, 0x07, 0x7b, 0xb5, 
	0x00, 0xad, 0xad, 0x11, 0x64, 0xcd, 0xaa, 0xdd, 
	0x87, 0x5b, 0x77, 0x77, 0x29, 0x92, 0x12, 0x74, 
	0x09, 0x42, 0x13, 0x46, 0x21, 0x42, 0x24, 0x60, 
	0x90, 0x44, 0x24, 0x41, 0x44, 0x89, 0x15, 0x51, 
	0x12, 0x24, 0x62, 0x12, 0x44, 0xca, 0xdd, 0xda, 
	0x07, 0xbb, 0x77, 0x77, 0x99, 0x94, 0x31, 0x89, 
	
};

ALIGNED8 u8 ow_pc_kd_pc_yuka2_pal_rgba16[] = {
	0xef, 0x35, 0x92, 0xcd, 0x6a, 0x09, 0xb4, 0x13, 
	0x49, 0x45, 0x78, 0xc5, 0x28, 0x81, 0xde, 0x6d, 
	0xbd, 0x21, 0x72, 0x8f, 0x94, 0x4f, 0xa1, 0x8b, 
	0xd5, 0x1b, 0x73, 0x49, 0xcb, 0x13, 0xcd, 0xdd, 
	
};

Vtx ow_pc_ow_pc_mesh_layer_1_vtx_0[329] = {
	{{ {-1533, -3373, -523}, 0, {11292, 2032}, {0, 0, 0, 255} }},
	{{ {-1490, -3373, -511}, 0, {12320, 2032}, {0, 0, 0, 255} }},
	{{ {-1490, -205, -511}, 0, {12320, -19346}, {123, 108, 126, 255} }},
	{{ {-1533, -205, -523}, 0, {11292, -19346}, {139, 113, 126, 255} }},
	{{ {-1490, 255, -511}, 0, {12320, -22452}, {157, 119, 126, 255} }},
	{{ {-1533, 255, -523}, 0, {11292, -22452}, {169, 131, 126, 255} }},
	{{ {-1533, 585, -523}, 0, {11292, -24682}, {127, 107, 126, 255} }},
	{{ {-1490, 585, -511}, 0, {12320, -24682}, {98, 96, 126, 255} }},
	{{ {-1564, 585, -554}, 0, {10264, -24682}, {157, 119, 126, 255} }},
	{{ {-1564, 255, -554}, 0, {10264, -22452}, {183, 145, 126, 255} }},
	{{ {-1576, 255, -597}, 0, {9236, -22452}, {162, 131, 120, 255} }},
	{{ {-1576, 585, -597}, 0, {9236, -24682}, {145, 113, 126, 255} }},
	{{ {-1564, 255, -640}, 0, {8208, -22452}, {142, 117, 114, 255} }},
	{{ {-1564, 585, -640}, 0, {8208, -24682}, {134, 108, 126, 255} }},
	{{ {-1533, 585, -671}, 0, {7180, -24682}, {95, 80, 99, 255} }},
	{{ {-1533, -206, -671}, 0, {7180, -19346}, {89, 75, 91, 255} }},
	{{ {-1490, 585, -683}, 0, {6152, -24682}, {57, 53, 72, 255} }},
	{{ {-1490, -206, -683}, 0, {6152, -19346}, {45, 42, 57, 255} }},
	{{ {-1447, -206, -671}, 0, {5124, -19346}, {89, 75, 91, 255} }},
	{{ {-1447, 585, -671}, 0, {5124, -24682}, {95, 80, 99, 255} }},
	{{ {-1416, 255, -640}, 0, {4096, -22452}, {142, 117, 114, 255} }},
	{{ {-1416, 585, -640}, 0, {4096, -24682}, {134, 108, 126, 255} }},
	{{ {-1404, 585, -597}, 0, {3068, -24682}, {145, 113, 126, 255} }},
	{{ {-1404, 255, -597}, 0, {3068, -22452}, {162, 131, 120, 255} }},
	{{ {-1416, 585, -554}, 0, {2040, -24682}, {157, 119, 126, 255} }},
	{{ {-1416, 255, -554}, 0, {2040, -22452}, {183, 145, 126, 255} }},
	{{ {-1447, 255, -523}, 0, {1012, -22452}, {170, 132, 126, 255} }},
	{{ {-1447, 585, -523}, 0, {1012, -24682}, {127, 107, 126, 255} }},
	{{ {-1490, 255, -511}, 0, {-16, -22452}, {157, 119, 126, 255} }},
	{{ {-1490, 585, -511}, 0, {-16, -24682}, {98, 96, 126, 255} }},
	{{ {-1447, -205, -523}, 0, {1012, -19346}, {140, 113, 126, 255} }},
	{{ {-1490, -205, -511}, 0, {-16, -19346}, {123, 108, 126, 255} }},
	{{ {-1447, -3373, -523}, 0, {1012, 2032}, {0, 0, 0, 255} }},
	{{ {-1490, -3373, -511}, 0, {-16, 2032}, {0, 0, 0, 255} }},
	{{ {-1416, -3373, -554}, 0, {2040, 2032}, {0, 0, 0, 255} }},
	{{ {-1416, -205, -554}, 0, {2040, -19346}, {157, 119, 126, 255} }},
	{{ {-1404, -205, -597}, 0, {3068, -19346}, {145, 113, 126, 255} }},
	{{ {-1404, -3373, -597}, 0, {3068, 2032}, {0, 0, 0, 255} }},
	{{ {-1416, -205, -640}, 0, {4096, -19346}, {134, 108, 126, 255} }},
	{{ {-1416, -3373, -640}, 0, {4096, 2032}, {0, 0, 0, 255} }},
	{{ {-1447, -3373, -671}, 0, {5124, 2032}, {0, 0, 0, 255} }},
	{{ {-1490, -3373, -683}, 0, {6152, 2032}, {0, 0, 0, 255} }},
	{{ {-1533, -3373, -671}, 0, {7180, 2032}, {0, 0, 0, 255} }},
	{{ {-1564, -205, -640}, 0, {8208, -19346}, {134, 108, 126, 255} }},
	{{ {-1564, -3373, -640}, 0, {8208, 2032}, {0, 0, 0, 255} }},
	{{ {-1576, -3373, -597}, 0, {9236, 2032}, {0, 0, 0, 255} }},
	{{ {-1576, -205, -597}, 0, {9236, -19346}, {145, 113, 126, 255} }},
	{{ {-1564, -3373, -554}, 0, {10264, 2032}, {0, 0, 0, 255} }},
	{{ {-1564, -205, -554}, 0, {10264, -19346}, {157, 119, 126, 255} }},
	{{ {-1490, -205, 505}, 0, {-16, -19346}, {123, 108, 126, 255} }},
	{{ {-1447, -3373, 516}, 0, {1012, 2032}, {0, 0, 0, 255} }},
	{{ {-1490, -3373, 505}, 0, {-16, 2032}, {0, 0, 0, 255} }},
	{{ {-1447, -205, 516}, 0, {1012, -19346}, {140, 113, 126, 255} }},
	{{ {-1490, 255, 505}, 0, {-16, -22452}, {157, 119, 126, 255} }},
	{{ {-1447, 255, 516}, 0, {1012, -22452}, {170, 132, 126, 255} }},
	{{ {-1447, 585, 516}, 0, {1012, -24682}, {127, 107, 126, 255} }},
	{{ {-1447, 585, 516}, 0, {1012, -24682}, {127, 107, 126, 255} }},
	{{ {-1490, 255, 505}, 0, {-16, -22452}, {157, 119, 126, 255} }},
	{{ {-1490, 585, 505}, 0, {-16, -24682}, {98, 96, 126, 255} }},
	{{ {-1416, 585, 548}, 0, {2040, -24682}, {157, 119, 126, 255} }},
	{{ {-1447, 255, 516}, 0, {1012, -22452}, {170, 132, 126, 255} }},
	{{ {-1416, 255, 548}, 0, {2040, -22452}, {183, 145, 126, 255} }},
	{{ {-1404, 255, 590}, 0, {3068, -22452}, {162, 131, 120, 255} }},
	{{ {-1404, 585, 590}, 0, {3068, -24682}, {145, 113, 126, 255} }},
	{{ {-1416, 255, 633}, 0, {4096, -22452}, {142, 117, 114, 255} }},
	{{ {-1416, 585, 633}, 0, {4096, -24682}, {134, 108, 126, 255} }},
	{{ {-1447, 585, 665}, 0, {5124, -24682}, {95, 80, 99, 255} }},
	{{ {-1447, -205, 665}, 0, {5124, -19346}, {89, 75, 91, 255} }},
	{{ {-1490, 585, 676}, 0, {6152, -24682}, {57, 53, 72, 255} }},
	{{ {-1490, -205, 676}, 0, {6152, -19346}, {45, 42, 57, 255} }},
	{{ {-1533, -205, 665}, 0, {7180, -19346}, {89, 75, 91, 255} }},
	{{ {-1533, 585, 665}, 0, {7180, -24682}, {95, 80, 99, 255} }},
	{{ {-1564, 255, 633}, 0, {8208, -22452}, {142, 117, 114, 255} }},
	{{ {-1564, 585, 633}, 0, {8208, -24682}, {134, 108, 126, 255} }},
	{{ {-1576, 585, 590}, 0, {9236, -24682}, {145, 113, 126, 255} }},
	{{ {-1576, 255, 590}, 0, {9236, -22452}, {162, 131, 120, 255} }},
	{{ {-1564, 585, 548}, 0, {10264, -24682}, {157, 119, 126, 255} }},
	{{ {-1564, 255, 548}, 0, {10264, -22452}, {183, 145, 126, 255} }},
	{{ {-1533, 255, 516}, 0, {11292, -22452}, {169, 131, 126, 255} }},
	{{ {-1533, 585, 516}, 0, {11292, -24682}, {127, 107, 126, 255} }},
	{{ {-1490, 255, 505}, 0, {12320, -22452}, {157, 119, 126, 255} }},
	{{ {-1490, 585, 505}, 0, {12320, -24682}, {98, 96, 126, 255} }},
	{{ {-1533, -205, 516}, 0, {11292, -19346}, {139, 113, 126, 255} }},
	{{ {-1564, -205, 548}, 0, {10264, -19346}, {157, 119, 126, 255} }},
	{{ {-1564, -3373, 548}, 0, {10264, 2032}, {0, 0, 0, 255} }},
	{{ {-1533, -3373, 516}, 0, {11292, 2032}, {0, 0, 0, 255} }},
	{{ {-1490, -205, 505}, 0, {12320, -19346}, {123, 108, 126, 255} }},
	{{ {-1490, -3373, 505}, 0, {12320, 2032}, {0, 0, 0, 255} }},
	{{ {-1576, -205, 590}, 0, {9236, -19346}, {145, 113, 126, 255} }},
	{{ {-1576, -3373, 590}, 0, {9236, 2032}, {0, 0, 0, 255} }},
	{{ {-1564, -205, 633}, 0, {8208, -19346}, {134, 108, 126, 255} }},
	{{ {-1564, -3373, 633}, 0, {8208, 2032}, {0, 0, 0, 255} }},
	{{ {-1533, -3373, 665}, 0, {7180, 2032}, {0, 0, 0, 255} }},
	{{ {-1490, -3373, 676}, 0, {6152, 2032}, {0, 0, 0, 255} }},
	{{ {-1447, -3373, 665}, 0, {5124, 2032}, {0, 0, 0, 255} }},
	{{ {-1416, -205, 633}, 0, {4096, -19346}, {134, 108, 126, 255} }},
	{{ {-1416, -3373, 633}, 0, {4096, 2032}, {0, 0, 0, 255} }},
	{{ {-1404, -3373, 590}, 0, {3068, 2032}, {0, 0, 0, 255} }},
	{{ {-1404, -205, 590}, 0, {3068, -19346}, {145, 113, 126, 255} }},
	{{ {-1416, -3373, 548}, 0, {2040, 2032}, {0, 0, 0, 255} }},
	{{ {-1416, -205, 548}, 0, {2040, -19346}, {157, 119, 126, 255} }},
	{{ {-1447, -205, 516}, 0, {1012, -19346}, {140, 113, 126, 255} }},
	{{ {-1447, -3373, 516}, 0, {1012, 2032}, {0, 0, 0, 255} }},
	{{ {-1416, -205, -554}, 0, {2040, -19346}, {157, 119, 126, 255} }},
	{{ {-1447, 255, -523}, 0, {1012, -22452}, {170, 132, 126, 255} }},
	{{ {-1447, -205, -523}, 0, {1012, -19346}, {140, 113, 126, 255} }},
	{{ {-1416, 255, -554}, 0, {2040, -22452}, {183, 145, 126, 255} }},
	{{ {-1404, 255, -597}, 0, {3068, -22452}, {162, 131, 120, 255} }},
	{{ {-1404, -205, -597}, 0, {3068, -19346}, {145, 113, 126, 255} }},
	{{ {-1416, 255, -640}, 0, {4096, -22452}, {142, 117, 114, 255} }},
	{{ {-1416, -205, -640}, 0, {4096, -19346}, {134, 108, 126, 255} }},
	{{ {-1447, -206, -671}, 0, {5124, -19346}, {89, 75, 91, 255} }},
	{{ {-501, -3373, -511}, 0, {12320, 2032}, {0, 0, 0, 255} }},
	{{ {-501, -205, -511}, 0, {12320, -19346}, {217, 181, 155, 255} }},
	{{ {-544, -205, -523}, 0, {11292, -19346}, {205, 164, 142, 255} }},
	{{ {-544, -3373, -523}, 0, {11292, 2032}, {0, 0, 0, 255} }},
	{{ {-575, -205, -554}, 0, {10264, -19346}, {193, 147, 130, 255} }},
	{{ {-575, -3373, -554}, 0, {10264, 2032}, {0, 0, 0, 255} }},
	{{ {-586, -205, -597}, 0, {9236, -19346}, {146, 117, 122, 255} }},
	{{ {-586, 255, -597}, 0, {9236, -22452}, {174, 154, 141, 255} }},
	{{ {-575, 255, -554}, 0, {10264, -22452}, {238, 210, 168, 255} }},
	{{ {-544, -205, -523}, 0, {11292, -19346}, {209, 164, 136, 255} }},
	{{ {-544, 255, -523}, 0, {11292, -22452}, {246, 226, 195, 255} }},
	{{ {-501, -205, -511}, 0, {12320, -19346}, {225, 181, 142, 255} }},
	{{ {-501, 255, -511}, 0, {12320, -22452}, {255, 242, 223, 255} }},
	{{ {-501, 585, -511}, 0, {12320, -24682}, {255, 223, 187, 255} }},
	{{ {-544, 585, -523}, 0, {11292, -24682}, {230, 191, 160, 255} }},
	{{ {-575, 585, -554}, 0, {10264, -24682}, {206, 159, 134, 255} }},
	{{ {-586, 585, -597}, 0, {9236, -24682}, {153, 123, 124, 255} }},
	{{ {-575, 255, -640}, 0, {8208, -22452}, {111, 98, 114, 255} }},
	{{ {-575, 585, -640}, 0, {8208, -24682}, {100, 87, 114, 255} }},
	{{ {-544, 585, -671}, 0, {7180, -24682}, {78, 70, 93, 255} }},
	{{ {-544, -205, -671}, 0, {7180, -19346}, {72, 64, 85, 255} }},
	{{ {-501, 585, -683}, 0, {6152, -24682}, {57, 53, 72, 255} }},
	{{ {-501, -205, -683}, 0, {6152, -19346}, {45, 42, 57, 255} }},
	{{ {-458, 585, -671}, 0, {5124, -24682}, {78, 70, 93, 255} }},
	{{ {-458, -205, -671}, 0, {5124, -19346}, {72, 64, 85, 255} }},
	{{ {-426, 255, -640}, 0, {4096, -22452}, {111, 98, 114, 255} }},
	{{ {-426, 585, -640}, 0, {4096, -24682}, {100, 87, 114, 255} }},
	{{ {-415, 585, -597}, 0, {3068, -24682}, {153, 123, 124, 255} }},
	{{ {-415, 255, -597}, 0, {3068, -22452}, {174, 154, 141, 255} }},
	{{ {-426, 585, -554}, 0, {2040, -24682}, {206, 159, 134, 255} }},
	{{ {-426, 255, -554}, 0, {2040, -22452}, {238, 210, 168, 255} }},
	{{ {-458, 585, -523}, 0, {1012, -24682}, {230, 191, 160, 255} }},
	{{ {-458, 255, -523}, 0, {1012, -22452}, {246, 226, 195, 255} }},
	{{ {-501, 585, -511}, 0, {-16, -24682}, {255, 223, 187, 255} }},
	{{ {-501, 255, -511}, 0, {-16, -22452}, {255, 242, 223, 255} }},
	{{ {-501, -205, -511}, 0, {-16, -19346}, {217, 181, 155, 255} }},
	{{ {-458, -205, -523}, 0, {1012, -19346}, {205, 164, 142, 255} }},
	{{ {-501, -3373, -511}, 0, {-16, 2032}, {0, 0, 0, 255} }},
	{{ {-458, -3373, -523}, 0, {1012, 2032}, {0, 0, 0, 255} }},
	{{ {-426, -205, -554}, 0, {2040, -19346}, {193, 147, 130, 255} }},
	{{ {-426, -3373, -554}, 0, {2040, 2032}, {0, 0, 0, 255} }},
	{{ {-415, -205, -597}, 0, {3068, -19346}, {146, 117, 122, 255} }},
	{{ {-415, -3373, -597}, 0, {3068, 2032}, {0, 0, 0, 255} }},
	{{ {-426, -3373, -640}, 0, {4096, 2032}, {0, 0, 0, 255} }},
	{{ {-426, -205, -640}, 0, {4096, -19346}, {100, 87, 114, 255} }},
	{{ {-458, -3373, -671}, 0, {5124, 2032}, {0, 0, 0, 255} }},
	{{ {-501, -3373, -683}, 0, {6152, 2032}, {0, 0, 0, 255} }},
	{{ {-544, -3373, -671}, 0, {7180, 2032}, {0, 0, 0, 255} }},
	{{ {-575, -3373, -640}, 0, {8208, 2032}, {0, 0, 0, 255} }},
	{{ {-575, -205, -640}, 0, {8208, -19346}, {100, 87, 114, 255} }},
	{{ {-586, -3373, -597}, 0, {9236, 2032}, {0, 0, 0, 255} }},
	{{ {446, -3373, -523}, 0, {11292, 2032}, {0, 0, 0, 255} }},
	{{ {489, -3373, -511}, 0, {12320, 2032}, {0, 0, 0, 255} }},
	{{ {489, -205, -511}, 0, {12320, -19346}, {123, 108, 126, 255} }},
	{{ {446, -205, -523}, 0, {11292, -19346}, {139, 113, 126, 255} }},
	{{ {489, 255, -511}, 0, {12320, -22452}, {157, 119, 126, 255} }},
	{{ {446, -205, -523}, 0, {11292, -19346}, {139, 113, 126, 255} }},
	{{ {489, 255, -511}, 0, {12320, -22452}, {157, 119, 126, 255} }},
	{{ {446, 255, -523}, 0, {11292, -22452}, {169, 131, 126, 255} }},
	{{ {446, 585, -523}, 0, {11292, -24682}, {127, 107, 126, 255} }},
	{{ {489, 585, -511}, 0, {12320, -24682}, {98, 96, 126, 255} }},
	{{ {415, 585, -554}, 0, {10264, -24682}, {157, 119, 126, 255} }},
	{{ {415, 255, -554}, 0, {10264, -22452}, {183, 145, 126, 255} }},
	{{ {403, 255, -597}, 0, {9236, -22452}, {162, 131, 120, 255} }},
	{{ {403, 585, -597}, 0, {9236, -24682}, {145, 113, 126, 255} }},
	{{ {415, 255, -640}, 0, {8208, -22452}, {142, 117, 114, 255} }},
	{{ {415, 585, -640}, 0, {8208, -24682}, {134, 108, 126, 255} }},
	{{ {446, 585, -671}, 0, {7180, -24682}, {95, 80, 99, 255} }},
	{{ {446, -206, -671}, 0, {7180, -19346}, {89, 75, 91, 255} }},
	{{ {489, 585, -683}, 0, {6152, -24682}, {57, 53, 72, 255} }},
	{{ {489, -206, -683}, 0, {6152, -19346}, {45, 42, 57, 255} }},
	{{ {532, -206, -671}, 0, {5124, -19346}, {89, 75, 91, 255} }},
	{{ {532, 585, -671}, 0, {5124, -24682}, {95, 80, 99, 255} }},
	{{ {563, 255, -640}, 0, {4096, -22452}, {142, 117, 114, 255} }},
	{{ {563, 585, -640}, 0, {4096, -24682}, {134, 108, 126, 255} }},
	{{ {575, 585, -597}, 0, {3068, -24682}, {145, 113, 126, 255} }},
	{{ {575, 255, -597}, 0, {3068, -22452}, {162, 131, 120, 255} }},
	{{ {563, 585, -554}, 0, {2040, -24682}, {157, 119, 126, 255} }},
	{{ {563, 255, -554}, 0, {2040, -22452}, {183, 145, 126, 255} }},
	{{ {532, 255, -523}, 0, {1012, -22452}, {170, 132, 126, 255} }},
	{{ {532, 585, -523}, 0, {1012, -24682}, {127, 107, 126, 255} }},
	{{ {489, 255, -511}, 0, {-16, -22452}, {157, 119, 126, 255} }},
	{{ {489, 585, -511}, 0, {-16, -24682}, {98, 96, 126, 255} }},
	{{ {532, -205, -523}, 0, {1012, -19346}, {140, 113, 126, 255} }},
	{{ {489, -205, -511}, 0, {-16, -19346}, {123, 108, 126, 255} }},
	{{ {532, -3373, -523}, 0, {1012, 2032}, {0, 0, 0, 255} }},
	{{ {489, -3373, -511}, 0, {-16, 2032}, {0, 0, 0, 255} }},
	{{ {563, -3373, -554}, 0, {2040, 2032}, {0, 0, 0, 255} }},
	{{ {563, -205, -554}, 0, {2040, -19346}, {157, 119, 126, 255} }},
	{{ {575, -205, -597}, 0, {3068, -19346}, {145, 113, 126, 255} }},
	{{ {575, -3373, -597}, 0, {3068, 2032}, {0, 0, 0, 255} }},
	{{ {563, -205, -640}, 0, {4096, -19346}, {134, 108, 126, 255} }},
	{{ {563, -3373, -640}, 0, {4096, 2032}, {0, 0, 0, 255} }},
	{{ {532, -3373, -671}, 0, {5124, 2032}, {0, 0, 0, 255} }},
	{{ {489, -3373, -683}, 0, {6152, 2032}, {0, 0, 0, 255} }},
	{{ {446, -3373, -671}, 0, {7180, 2032}, {0, 0, 0, 255} }},
	{{ {415, -205, -640}, 0, {8208, -19346}, {134, 108, 126, 255} }},
	{{ {415, -3373, -640}, 0, {8208, 2032}, {0, 0, 0, 255} }},
	{{ {403, -3373, -597}, 0, {9236, 2032}, {0, 0, 0, 255} }},
	{{ {403, -205, -597}, 0, {9236, -19346}, {145, 113, 126, 255} }},
	{{ {415, -3373, -554}, 0, {10264, 2032}, {0, 0, 0, 255} }},
	{{ {415, -205, -554}, 0, {10264, -19346}, {157, 119, 126, 255} }},
	{{ {446, -3373, -523}, 0, {11292, 2032}, {0, 0, 0, 255} }},
	{{ {489, -205, 505}, 0, {-16, -19346}, {123, 108, 126, 255} }},
	{{ {532, -3373, 516}, 0, {1012, 2032}, {0, 0, 0, 255} }},
	{{ {489, -3373, 505}, 0, {-16, 2032}, {0, 0, 0, 255} }},
	{{ {532, -205, 516}, 0, {1012, -19346}, {140, 113, 126, 255} }},
	{{ {489, 255, 505}, 0, {-16, -22452}, {157, 119, 126, 255} }},
	{{ {532, 255, 516}, 0, {1012, -22452}, {170, 132, 126, 255} }},
	{{ {532, 585, 516}, 0, {1012, -24682}, {127, 107, 126, 255} }},
	{{ {489, 585, 505}, 0, {-16, -24682}, {98, 96, 126, 255} }},
	{{ {563, 585, 548}, 0, {2040, -24682}, {157, 119, 126, 255} }},
	{{ {563, 585, 548}, 0, {2040, -24682}, {157, 119, 126, 255} }},
	{{ {563, 255, 548}, 0, {2040, -22452}, {183, 145, 126, 255} }},
	{{ {532, 255, 516}, 0, {1012, -22452}, {170, 132, 126, 255} }},
	{{ {575, 255, 590}, 0, {3068, -22452}, {162, 131, 120, 255} }},
	{{ {575, 585, 590}, 0, {3068, -24682}, {145, 113, 126, 255} }},
	{{ {563, 255, 633}, 0, {4096, -22452}, {142, 117, 114, 255} }},
	{{ {563, 585, 633}, 0, {4096, -24682}, {134, 108, 126, 255} }},
	{{ {532, 585, 665}, 0, {5124, -24682}, {95, 80, 99, 255} }},
	{{ {532, -205, 665}, 0, {5124, -19346}, {89, 75, 91, 255} }},
	{{ {489, 585, 676}, 0, {6152, -24682}, {57, 53, 72, 255} }},
	{{ {489, -205, 676}, 0, {6152, -19346}, {45, 42, 57, 255} }},
	{{ {446, -205, 665}, 0, {7180, -19346}, {89, 75, 91, 255} }},
	{{ {446, 585, 665}, 0, {7180, -24682}, {95, 80, 99, 255} }},
	{{ {415, 255, 633}, 0, {8208, -22452}, {142, 117, 114, 255} }},
	{{ {415, 585, 633}, 0, {8208, -24682}, {134, 108, 126, 255} }},
	{{ {403, 585, 590}, 0, {9236, -24682}, {145, 113, 126, 255} }},
	{{ {403, 255, 590}, 0, {9236, -22452}, {162, 131, 120, 255} }},
	{{ {415, 585, 548}, 0, {10264, -24682}, {157, 119, 126, 255} }},
	{{ {415, 255, 548}, 0, {10264, -22452}, {183, 145, 126, 255} }},
	{{ {446, 255, 516}, 0, {11292, -22452}, {169, 131, 126, 255} }},
	{{ {446, 585, 516}, 0, {11292, -24682}, {127, 107, 126, 255} }},
	{{ {489, 255, 505}, 0, {12320, -22452}, {157, 119, 126, 255} }},
	{{ {489, 585, 505}, 0, {12320, -24682}, {98, 96, 126, 255} }},
	{{ {446, -205, 516}, 0, {11292, -19346}, {139, 113, 126, 255} }},
	{{ {415, -205, 548}, 0, {10264, -19346}, {157, 119, 126, 255} }},
	{{ {415, -3373, 548}, 0, {10264, 2032}, {0, 0, 0, 255} }},
	{{ {446, -3373, 516}, 0, {11292, 2032}, {0, 0, 0, 255} }},
	{{ {489, -205, 505}, 0, {12320, -19346}, {123, 108, 126, 255} }},
	{{ {489, -3373, 505}, 0, {12320, 2032}, {0, 0, 0, 255} }},
	{{ {403, -205, 590}, 0, {9236, -19346}, {145, 113, 126, 255} }},
	{{ {403, -3373, 590}, 0, {9236, 2032}, {0, 0, 0, 255} }},
	{{ {415, -205, 633}, 0, {8208, -19346}, {134, 108, 126, 255} }},
	{{ {415, -3373, 633}, 0, {8208, 2032}, {0, 0, 0, 255} }},
	{{ {446, -3373, 665}, 0, {7180, 2032}, {0, 0, 0, 255} }},
	{{ {489, -3373, 676}, 0, {6152, 2032}, {0, 0, 0, 255} }},
	{{ {532, -3373, 665}, 0, {5124, 2032}, {0, 0, 0, 255} }},
	{{ {563, -205, 633}, 0, {4096, -19346}, {134, 108, 126, 255} }},
	{{ {563, -3373, 633}, 0, {4096, 2032}, {0, 0, 0, 255} }},
	{{ {575, -3373, 590}, 0, {3068, 2032}, {0, 0, 0, 255} }},
	{{ {575, -205, 590}, 0, {3068, -19346}, {145, 113, 126, 255} }},
	{{ {563, -3373, 548}, 0, {2040, 2032}, {0, 0, 0, 255} }},
	{{ {563, -205, 548}, 0, {2040, -19346}, {157, 119, 126, 255} }},
	{{ {532, -205, 516}, 0, {1012, -19346}, {140, 113, 126, 255} }},
	{{ {532, -3373, 516}, 0, {1012, 2032}, {0, 0, 0, 255} }},
	{{ {563, -205, -554}, 0, {2040, -19346}, {157, 119, 126, 255} }},
	{{ {532, 255, -523}, 0, {1012, -22452}, {170, 132, 126, 255} }},
	{{ {532, -205, -523}, 0, {1012, -19346}, {140, 113, 126, 255} }},
	{{ {563, 255, -554}, 0, {2040, -22452}, {183, 145, 126, 255} }},
	{{ {575, 255, -597}, 0, {3068, -22452}, {162, 131, 120, 255} }},
	{{ {575, -205, -597}, 0, {3068, -19346}, {145, 113, 126, 255} }},
	{{ {563, 255, -640}, 0, {4096, -22452}, {142, 117, 114, 255} }},
	{{ {563, -205, -640}, 0, {4096, -19346}, {134, 108, 126, 255} }},
	{{ {532, -206, -671}, 0, {5124, -19346}, {89, 75, 91, 255} }},
	{{ {-426, -3373, 633}, 0, {4096, 2032}, {0, 0, 0, 255} }},
	{{ {-458, -206, 665}, 0, {5124, -19346}, {72, 64, 85, 255} }},
	{{ {-458, -3373, 665}, 0, {5124, 2032}, {0, 0, 0, 255} }},
	{{ {-426, -205, 633}, 0, {4096, -19346}, {100, 87, 114, 255} }},
	{{ {-458, -206, 665}, 0, {5124, -19346}, {72, 64, 85, 255} }},
	{{ {-426, -3373, 633}, 0, {4096, 2032}, {0, 0, 0, 255} }},
	{{ {-415, -3373, 590}, 0, {3068, 2032}, {0, 0, 0, 255} }},
	{{ {-415, -205, 590}, 0, {3068, -19346}, {146, 117, 122, 255} }},
	{{ {-426, -3373, 548}, 0, {2040, 2032}, {0, 0, 0, 255} }},
	{{ {-426, -205, 548}, 0, {2040, -19346}, {193, 147, 130, 255} }},
	{{ {-458, -3373, 516}, 0, {1012, 2032}, {0, 0, 0, 255} }},
	{{ {-458, -205, 516}, 0, {1012, -19346}, {205, 164, 142, 255} }},
	{{ {-501, -3373, 505}, 0, {-16, 2032}, {0, 0, 0, 255} }},
	{{ {-501, -205, 505}, 0, {-16, -19346}, {217, 181, 155, 255} }},
	{{ {-458, 255, 516}, 0, {1012, -22452}, {246, 226, 195, 255} }},
	{{ {-501, 255, 505}, 0, {-16, -22452}, {255, 242, 223, 255} }},
	{{ {-501, 585, 505}, 0, {-16, -24682}, {255, 223, 187, 255} }},
	{{ {-458, 585, 516}, 0, {1012, -24682}, {230, 191, 160, 255} }},
	{{ {-426, 255, 548}, 0, {2040, -22452}, {238, 210, 168, 255} }},
	{{ {-426, 585, 548}, 0, {2040, -24682}, {206, 159, 134, 255} }},
	{{ {-415, 255, 590}, 0, {3068, -22452}, {174, 154, 141, 255} }},
	{{ {-415, 585, 590}, 0, {3068, -24682}, {153, 123, 124, 255} }},
	{{ {-426, 255, 633}, 0, {4096, -22452}, {111, 98, 114, 255} }},
	{{ {-426, 585, 633}, 0, {4096, -24682}, {100, 87, 114, 255} }},
	{{ {-458, 585, 665}, 0, {5124, -24682}, {78, 70, 93, 255} }},
	{{ {-501, 585, 676}, 0, {6152, -24682}, {57, 53, 72, 255} }},
	{{ {-501, -206, 676}, 0, {6152, -19346}, {45, 42, 57, 255} }},
	{{ {-544, 585, 665}, 0, {7180, -24682}, {78, 70, 93, 255} }},
	{{ {-544, -206, 665}, 0, {7180, -19346}, {72, 64, 85, 255} }},
	{{ {-575, 255, 633}, 0, {8208, -22452}, {111, 98, 114, 255} }},
	{{ {-575, 585, 633}, 0, {8208, -24682}, {100, 87, 114, 255} }},
	{{ {-586, 585, 590}, 0, {9236, -24682}, {153, 123, 124, 255} }},
	{{ {-586, 255, 590}, 0, {9236, -22452}, {174, 154, 141, 255} }},
	{{ {-575, 585, 548}, 0, {10264, -24682}, {206, 159, 134, 255} }},
	{{ {-575, 255, 548}, 0, {10264, -22452}, {238, 210, 168, 255} }},
	{{ {-544, 585, 516}, 0, {11292, -24682}, {230, 191, 160, 255} }},
	{{ {-544, 255, 516}, 0, {11292, -22452}, {246, 226, 195, 255} }},
	{{ {-501, 585, 505}, 0, {12320, -24682}, {255, 223, 187, 255} }},
	{{ {-501, 255, 505}, 0, {12320, -22452}, {255, 242, 223, 255} }},
	{{ {-501, -205, 505}, 0, {12320, -19346}, {217, 181, 155, 255} }},
	{{ {-544, -205, 516}, 0, {11292, -19346}, {205, 164, 142, 255} }},
	{{ {-501, -3373, 505}, 0, {12320, 2032}, {0, 0, 0, 255} }},
	{{ {-544, -3373, 516}, 0, {11292, 2032}, {0, 0, 0, 255} }},
	{{ {-575, -205, 548}, 0, {10264, -19346}, {193, 147, 130, 255} }},
	{{ {-575, -3373, 548}, 0, {10264, 2032}, {0, 0, 0, 255} }},
	{{ {-586, -205, 590}, 0, {9236, -19346}, {146, 117, 122, 255} }},
	{{ {-586, -3373, 590}, 0, {9236, 2032}, {0, 0, 0, 255} }},
	{{ {-575, -205, 633}, 0, {8208, -19346}, {100, 87, 114, 255} }},
	{{ {-575, -3373, 633}, 0, {8208, 2032}, {0, 0, 0, 255} }},
	{{ {-544, -3373, 665}, 0, {7180, 2032}, {0, 0, 0, 255} }},
	{{ {-501, -3373, 676}, 0, {6152, 2032}, {0, 0, 0, 255} }},
	{{ {-458, -3373, 665}, 0, {5124, 2032}, {0, 0, 0, 255} }},
};

Vtx ow_pc_ow_pc_mesh_layer_1_vtx_1[96] = {
	{{ {-1589, 816, 722}, 0, {6152, -16}, {159, 119, 125, 255} }},
	{{ {-1589, 585, -3}, 0, {3068, 1010}, {115, 100, 125, 255} }},
	{{ {-1589, 585, 722}, 0, {6152, 1010}, {170, 140, 126, 255} }},
	{{ {-1589, 816, -3}, 0, {3068, -16}, {72, 70, 104, 255} }},
	{{ {-1589, 816, -729}, 0, {-16, -16}, {159, 119, 125, 255} }},
	{{ {-1589, 585, -729}, 0, {-16, 1010}, {170, 140, 126, 255} }},
	{{ {-1391, 816, -729}, 0, {-16, -16}, {159, 119, 125, 255} }},
	{{ {-1391, 585, -3}, 0, {3068, 1010}, {115, 100, 125, 255} }},
	{{ {-1391, 585, -729}, 0, {-16, 1010}, {170, 140, 126, 255} }},
	{{ {-1391, 816, -3}, 0, {3068, -16}, {72, 70, 104, 255} }},
	{{ {-1391, 816, 722}, 0, {6152, -16}, {159, 119, 125, 255} }},
	{{ {-1391, 585, 722}, 0, {6152, 1010}, {170, 140, 126, 255} }},
	{{ {-1391, 585, -729}, 0, {-16, 2038}, {181, 136, 125, 255} }},
	{{ {-1589, 585, -3}, 0, {3068, 1010}, {138, 113, 125, 255} }},
	{{ {-1589, 585, -729}, 0, {-16, 1010}, {181, 136, 125, 255} }},
	{{ {-1391, 585, -3}, 0, {3068, 2038}, {138, 113, 125, 255} }},
	{{ {-1589, 585, 722}, 0, {6152, 1010}, {181, 136, 125, 255} }},
	{{ {-1391, 585, 722}, 0, {6152, 2038}, {181, 136, 125, 255} }},
	{{ {-1589, 816, -729}, 0, {-16, 1010}, {75, 75, 110, 255} }},
	{{ {-1391, 816, -3}, 0, {3068, 2038}, {95, 95, 125, 255} }},
	{{ {-1391, 816, -729}, 0, {-16, 2038}, {75, 75, 110, 255} }},
	{{ {-1589, 816, -3}, 0, {3068, 1010}, {95, 95, 125, 255} }},
	{{ {-1391, 816, 722}, 0, {6152, 2038}, {75, 75, 110, 255} }},
	{{ {-1589, 816, 722}, 0, {6152, 1010}, {75, 75, 110, 255} }},
	{{ {-1391, 816, -729}, 0, {-16, 1010}, {75, 75, 110, 255} }},
	{{ {-1589, 585, -729}, 0, {2040, 2038}, {95, 95, 125, 255} }},
	{{ {-1589, 816, -729}, 0, {2040, 1010}, {75, 75, 110, 255} }},
	{{ {-1391, 585, -729}, 0, {-16, 2038}, {95, 95, 125, 255} }},
	{{ {-1589, 816, 722}, 0, {2040, 1010}, {75, 75, 110, 255} }},
	{{ {-1391, 585, 722}, 0, {-16, 2038}, {95, 95, 125, 255} }},
	{{ {-1391, 816, 722}, 0, {-16, 1010}, {75, 75, 110, 255} }},
	{{ {-1589, 585, 722}, 0, {2040, 2038}, {95, 95, 125, 255} }},
	{{ {-600, 816, 722}, 0, {6152, -16}, {181, 136, 125, 255} }},
	{{ {-600, 585, -3}, 0, {3068, 1010}, {142, 113, 125, 255} }},
	{{ {-600, 585, 722}, 0, {6152, 1010}, {219, 196, 157, 255} }},
	{{ {-600, 816, -3}, 0, {3068, -16}, {72, 70, 104, 255} }},
	{{ {-600, 816, -729}, 0, {-16, -16}, {181, 136, 125, 255} }},
	{{ {-600, 585, -729}, 0, {-16, 1010}, {219, 196, 157, 255} }},
	{{ {-402, 816, -729}, 0, {-16, -16}, {181, 136, 125, 255} }},
	{{ {-402, 585, -3}, 0, {3068, 1010}, {142, 113, 125, 255} }},
	{{ {-402, 585, -729}, 0, {-16, 1010}, {219, 196, 157, 255} }},
	{{ {-402, 816, -3}, 0, {3068, -16}, {72, 70, 104, 255} }},
	{{ {-402, 816, 722}, 0, {6152, -16}, {181, 136, 125, 255} }},
	{{ {-402, 585, 722}, 0, {6152, 1010}, {219, 196, 157, 255} }},
	{{ {-402, 585, -729}, 0, {-16, 2038}, {240, 219, 191, 255} }},
	{{ {-600, 585, -3}, 0, {3068, 1010}, {181, 136, 125, 255} }},
	{{ {-600, 585, -729}, 0, {-16, 1010}, {240, 219, 191, 255} }},
	{{ {-402, 585, -3}, 0, {3068, 2038}, {181, 136, 125, 255} }},
	{{ {-600, 585, 722}, 0, {6152, 1010}, {240, 219, 191, 255} }},
	{{ {-402, 585, 722}, 0, {6152, 2038}, {240, 219, 191, 255} }},
	{{ {-600, 816, -729}, 0, {-16, 1010}, {75, 75, 110, 255} }},
	{{ {-402, 816, -3}, 0, {3068, 2038}, {95, 95, 125, 255} }},
	{{ {-402, 816, -729}, 0, {-16, 2038}, {75, 75, 110, 255} }},
	{{ {-600, 816, -3}, 0, {3068, 1010}, {95, 95, 125, 255} }},
	{{ {-402, 816, 722}, 0, {6152, 2038}, {75, 75, 110, 255} }},
	{{ {-600, 816, 722}, 0, {6152, 1010}, {75, 75, 110, 255} }},
	{{ {-402, 816, -729}, 0, {-16, 1010}, {75, 75, 110, 255} }},
	{{ {-600, 585, -729}, 0, {2040, 2038}, {95, 95, 125, 255} }},
	{{ {-600, 816, -729}, 0, {2040, 1010}, {75, 75, 110, 255} }},
	{{ {-402, 585, -729}, 0, {-16, 2038}, {95, 95, 125, 255} }},
	{{ {-600, 816, 722}, 0, {2040, 1010}, {75, 75, 110, 255} }},
	{{ {-402, 585, 722}, 0, {-16, 2038}, {95, 95, 125, 255} }},
	{{ {-402, 816, 722}, 0, {-16, 1010}, {75, 75, 110, 255} }},
	{{ {-600, 585, 722}, 0, {2040, 2038}, {95, 95, 125, 255} }},
	{{ {390, 816, 722}, 0, {6152, -16}, {159, 119, 125, 255} }},
	{{ {390, 585, -3}, 0, {3068, 1010}, {115, 100, 125, 255} }},
	{{ {390, 585, 722}, 0, {6152, 1010}, {170, 140, 126, 255} }},
	{{ {390, 816, -3}, 0, {3068, -16}, {72, 70, 104, 255} }},
	{{ {390, 816, -729}, 0, {-16, -16}, {159, 119, 125, 255} }},
	{{ {390, 585, -729}, 0, {-16, 1010}, {170, 140, 126, 255} }},
	{{ {588, 816, -729}, 0, {-16, -16}, {159, 119, 125, 255} }},
	{{ {588, 585, -3}, 0, {3068, 1010}, {115, 100, 125, 255} }},
	{{ {588, 585, -729}, 0, {-16, 1010}, {170, 140, 126, 255} }},
	{{ {588, 816, -3}, 0, {3068, -16}, {72, 70, 104, 255} }},
	{{ {588, 816, 722}, 0, {6152, -16}, {159, 119, 125, 255} }},
	{{ {588, 585, 722}, 0, {6152, 1010}, {170, 140, 126, 255} }},
	{{ {588, 585, -729}, 0, {-16, 2038}, {181, 136, 125, 255} }},
	{{ {390, 585, -3}, 0, {3068, 1010}, {138, 113, 125, 255} }},
	{{ {390, 585, -729}, 0, {-16, 1010}, {181, 136, 125, 255} }},
	{{ {588, 585, -3}, 0, {3068, 2038}, {138, 113, 125, 255} }},
	{{ {390, 585, 722}, 0, {6152, 1010}, {181, 136, 125, 255} }},
	{{ {588, 585, 722}, 0, {6152, 2038}, {181, 136, 125, 255} }},
	{{ {390, 816, -729}, 0, {-16, 1010}, {75, 75, 110, 255} }},
	{{ {588, 816, -3}, 0, {3068, 2038}, {95, 95, 125, 255} }},
	{{ {588, 816, -729}, 0, {-16, 2038}, {75, 75, 110, 255} }},
	{{ {390, 816, -3}, 0, {3068, 1010}, {95, 95, 125, 255} }},
	{{ {588, 816, 722}, 0, {6152, 2038}, {75, 75, 110, 255} }},
	{{ {390, 816, 722}, 0, {6152, 1010}, {75, 75, 110, 255} }},
	{{ {588, 816, -729}, 0, {-16, 1010}, {75, 75, 110, 255} }},
	{{ {390, 585, -729}, 0, {2040, 2038}, {95, 95, 125, 255} }},
	{{ {390, 816, -729}, 0, {2040, 1010}, {75, 75, 110, 255} }},
	{{ {588, 585, -729}, 0, {-16, 2038}, {95, 95, 125, 255} }},
	{{ {390, 816, 722}, 0, {2040, 1010}, {75, 75, 110, 255} }},
	{{ {588, 585, 722}, 0, {-16, 2038}, {95, 95, 125, 255} }},
	{{ {588, 816, 722}, 0, {-16, 1010}, {75, 75, 110, 255} }},
	{{ {390, 585, 722}, 0, {2040, 2038}, {95, 95, 125, 255} }},
};

Vtx ow_pc_ow_pc_mesh_layer_1_vtx_2[10] = {
	{{ {489, -207, -399}, 0, {2040, -6184}, {75, 75, 110, 255} }},
	{{ {489, -207, 393}, 0, {-16, -6184}, {75, 75, 110, 255} }},
	{{ {-6, -207, 393}, 0, {-16, -4128}, {75, 75, 110, 255} }},
	{{ {-6, -207, -399}, 0, {2040, -4128}, {75, 75, 110, 255} }},
	{{ {-501, -207, 393}, 0, {-16, -2072}, {75, 75, 110, 255} }},
	{{ {-501, -207, -399}, 0, {2040, -2072}, {75, 75, 110, 255} }},
	{{ {-995, -207, 393}, 0, {-16, -16}, {75, 75, 110, 255} }},
	{{ {-995, -207, -399}, 0, {2040, -16}, {75, 75, 110, 255} }},
	{{ {-1490, -207, 393}, 0, {-16, 2038}, {75, 75, 110, 255} }},
	{{ {-1490, -207, -399}, 0, {2040, 2038}, {75, 75, 110, 255} }},
};

Vtx ow_pc_ow_pc_mesh_layer_1_vtx_3[35] = {
	{{ {-1490, 123, -333}, 0, {2038, 2038}, {110, 110, 125, 255} }},
	{{ {-1490, -9, -267}, 0, {1528, 2038}, {95, 95, 125, 255} }},
	{{ {-995, -9, -267}, 0, {1528, 1524}, {122, 115, 127, 255} }},
	{{ {-995, 123, -333}, 0, {2038, 1524}, {170, 156, 139, 255} }},
	{{ {-501, -9, -267}, 0, {1528, 1010}, {150, 135, 130, 255} }},
	{{ {-501, 123, -333}, 0, {2038, 1010}, {230, 202, 153, 255} }},
	{{ {-6, 123, -333}, 0, {2038, 496}, {170, 156, 139, 255} }},
	{{ {-6, -9, -267}, 0, {1528, 496}, {122, 115, 127, 255} }},
	{{ {489, 123, -333}, 0, {2038, -16}, {110, 110, 125, 255} }},
	{{ {489, -9, -267}, 0, {1528, -16}, {95, 95, 125, 255} }},
	{{ {489, 123, 327}, 0, {2038, -16}, {110, 110, 125, 255} }},
	{{ {489, -9, 261}, 0, {1528, -16}, {95, 95, 125, 255} }},
	{{ {-6, -9, 261}, 0, {1528, 496}, {122, 115, 127, 255} }},
	{{ {-6, 123, 327}, 0, {2038, 496}, {170, 156, 139, 255} }},
	{{ {-501, -9, 261}, 0, {1528, 1010}, {150, 135, 130, 255} }},
	{{ {-501, 123, 327}, 0, {2038, 1010}, {230, 202, 153, 255} }},
	{{ {-995, 123, 327}, 0, {2038, 1524}, {170, 156, 139, 255} }},
	{{ {-995, -9, 261}, 0, {1528, 1524}, {122, 115, 127, 255} }},
	{{ {-1490, 123, 327}, 0, {2038, 2038}, {110, 110, 125, 255} }},
	{{ {-1490, -9, 261}, 0, {1528, 2038}, {95, 95, 125, 255} }},
	{{ {-501, -9, -3}, 0, {757, 1010}, {230, 191, 147, 255} }},
	{{ {-501, -9, -267}, 0, {1528, 1010}, {252, 236, 187, 255} }},
	{{ {-995, -9, -267}, 0, {1528, 1524}, {181, 173, 156, 255} }},
	{{ {-6, -9, -267}, 0, {1528, 496}, {181, 173, 156, 255} }},
	{{ {-6, -9, -3}, 0, {757, 496}, {162, 143, 136, 255} }},
	{{ {-6, -9, 261}, 0, {-14, 496}, {181, 173, 156, 255} }},
	{{ {-501, -9, 261}, 0, {-14, 1010}, {252, 236, 187, 255} }},
	{{ {-995, -9, 261}, 0, {-14, 1524}, {181, 173, 156, 255} }},
	{{ {-995, -9, -3}, 0, {757, 1524}, {162, 143, 136, 255} }},
	{{ {-1490, -9, -267}, 0, {1528, 2038}, {110, 110, 125, 255} }},
	{{ {-1490, -9, -3}, 0, {757, 2038}, {95, 95, 125, 255} }},
	{{ {-1490, -9, 261}, 0, {-14, 2038}, {110, 110, 125, 255} }},
	{{ {489, -9, 261}, 0, {-14, -16}, {110, 110, 125, 255} }},
	{{ {489, -9, -3}, 0, {757, -16}, {95, 95, 125, 255} }},
	{{ {489, -9, -267}, 0, {1528, -16}, {110, 110, 125, 255} }},
};

Vtx ow_pc_ow_pc_mesh_layer_1_vtx_4[36] = {
	{{ {489, 123, 393}, 0, {518, -2072}, {110, 110, 125, 255} }},
	{{ {489, 123, 327}, 0, {-12, -2072}, {110, 110, 125, 255} }},
	{{ {-6, 123, 327}, 0, {-12, -1044}, {182, 178, 173, 255} }},
	{{ {-6, 123, 393}, 0, {518, -1044}, {182, 178, 173, 255} }},
	{{ {-501, 123, 327}, 0, {-12, -16}, {255, 247, 221, 255} }},
	{{ {-501, 123, 393}, 0, {518, -16}, {255, 247, 221, 255} }},
	{{ {-995, 123, 393}, 0, {518, 1010}, {182, 178, 173, 255} }},
	{{ {-995, 123, 327}, 0, {-12, 1010}, {182, 178, 173, 255} }},
	{{ {-1490, 123, 393}, 0, {518, 2038}, {110, 110, 125, 255} }},
	{{ {-1490, 123, 327}, 0, {-12, 2038}, {110, 110, 125, 255} }},
	{{ {-1490, 123, -399}, 0, {518, 2038}, {110, 110, 125, 255} }},
	{{ {-995, -207, -399}, 0, {2036, 1010}, {112, 105, 120, 255} }},
	{{ {-1490, -207, -399}, 0, {2036, 2038}, {75, 75, 110, 255} }},
	{{ {-995, 123, -399}, 0, {518, 1010}, {170, 156, 139, 255} }},
	{{ {-501, -207, -399}, 0, {2036, -16}, {150, 135, 130, 255} }},
	{{ {-501, 123, -399}, 0, {518, -16}, {230, 202, 153, 255} }},
	{{ {-6, 123, -399}, 0, {518, -1044}, {170, 156, 139, 255} }},
	{{ {-6, -207, -399}, 0, {2036, -1044}, {112, 105, 120, 255} }},
	{{ {489, 123, -399}, 0, {518, -2072}, {110, 110, 125, 255} }},
	{{ {489, -207, -399}, 0, {2036, -2072}, {75, 75, 110, 255} }},
	{{ {-6, 123, -333}, 0, {-12, -1044}, {182, 178, 173, 255} }},
	{{ {489, 123, -333}, 0, {-12, -2072}, {110, 110, 125, 255} }},
	{{ {-6, 123, -399}, 0, {518, -1044}, {182, 178, 173, 255} }},
	{{ {-501, 123, -333}, 0, {-12, -16}, {255, 247, 221, 255} }},
	{{ {-501, 123, -399}, 0, {518, -16}, {255, 247, 221, 255} }},
	{{ {-995, 123, -399}, 0, {518, 1010}, {182, 178, 173, 255} }},
	{{ {-995, 123, -333}, 0, {-12, 1010}, {182, 178, 173, 255} }},
	{{ {-1490, 123, -333}, 0, {-12, 2038}, {110, 110, 125, 255} }},
	{{ {-6, -207, 393}, 0, {2036, -1044}, {122, 115, 127, 255} }},
	{{ {489, -207, 393}, 0, {2036, -2072}, {95, 95, 125, 255} }},
	{{ {-6, 123, 393}, 0, {518, -1044}, {170, 156, 139, 255} }},
	{{ {-501, -207, 393}, 0, {2036, -16}, {150, 135, 130, 255} }},
	{{ {-501, 123, 393}, 0, {518, -16}, {230, 202, 153, 255} }},
	{{ {-995, 123, 393}, 0, {518, 1010}, {170, 156, 139, 255} }},
	{{ {-995, -207, 393}, 0, {2036, 1010}, {112, 105, 120, 255} }},
	{{ {-1490, -207, 393}, 0, {2036, 2038}, {75, 75, 110, 255} }},
};

Vtx ow_pc_ow_pc_mesh_layer_1_vtx_5[19] = {
	{{ {-1490, 123, -333}, 0, {1011, 1011}, {60, 95, 59, 255} }},
	{{ {-1490, 123, -399}, 0, {251, 1011}, {36, 86, 170, 255} }},
	{{ {-1490, -207, -399}, 0, {1010, 1011}, {172, 172, 44, 255} }},
	{{ {-1490, -9, -267}, 0, {756, 1011}, {166, 90, 0, 255} }},
	{{ {-1490, -9, -3}, 0, {371, 1011}, {166, 90, 0, 255} }},
	{{ {-1490, -9, 261}, 0, {-15, 1011}, {138, 47, 0, 255} }},
	{{ {-1490, -207, 393}, 0, {-16, 1011}, {129, 5, 251, 255} }},
	{{ {-1490, 123, 393}, 0, {251, 1011}, {100, 55, 55, 255} }},
	{{ {-1490, -9, 261}, 0, {756, 1011}, {166, 40, 176, 255} }},
	{{ {-1490, 123, 327}, 0, {1011, 1011}, {60, 95, 197, 255} }},
	{{ {-1490, -9, -267}, 0, {756, 1011}, {231, 120, 224, 255} }},
	{{ {489, -207, -399}, 0, {1010, -1044}, {30, 169, 169, 255} }},
	{{ {489, 123, -399}, 0, {251, -1044}, {220, 86, 170, 255} }},
	{{ {489, 123, -333}, 0, {1011, -16}, {196, 95, 59, 255} }},
	{{ {489, -9, -267}, 0, {756, -16}, {233, 248, 125, 255} }},
	{{ {489, -9, 261}, 0, {756, -16}, {233, 248, 131, 255} }},
	{{ {489, -207, 393}, 0, {-16, -3100}, {141, 54, 0, 255} }},
	{{ {489, 123, 327}, 0, {-14, -1044}, {242, 107, 190, 255} }},
	{{ {489, 123, 393}, 0, {251, -1044}, {90, 90, 0, 255} }},
};


Gfx ow_pc_ow_pc_mesh_layer_1[] = {
	gsSPLoadGeometryMode(G_ZBUFFER | G_SHADE | G_CULL_BACK | G_SHADING_SMOOTH),
	gsDPSetCombineLERP(TEXEL0, 0, SHADE, 0, 0, 0, 0, ENVIRONMENT, TEXEL0, 0, SHADE, 0, 0, 0, 0, ENVIRONMENT),
	gsSPSetOtherMode(G_SETOTHERMODE_H, 4, 20, G_AD_NOISE | G_CD_MAGICSQ | G_CK_NONE | G_TC_FILT | G_TF_BILERP | G_TT_RGBA16 | G_TL_TILE | G_TD_CLAMP | G_TP_PERSP | G_CYC_1CYCLE | G_PM_1PRIMITIVE),
	gsSPTexture(65535, 65535, 0, 0, 1),
	gsDPSetTextureImage(G_IM_FMT_RGBA, G_IM_SIZ_16b, 1, ow_pc_kd_pc_hasira4_pal_rgba16),
	gsDPSetTile(0, 0, 0, 256, 5, 0, G_TX_WRAP | G_TX_NOMIRROR, 0, 0, G_TX_WRAP | G_TX_NOMIRROR, 0, 0),
	gsDPLoadTLUTCmd(5, 15),
	gsDPSetTextureImage(G_IM_FMT_CI, G_IM_SIZ_16b, 1, ow_pc_kd_pc_hasira4_ci4),
	gsDPSetTile(G_IM_FMT_CI, G_IM_SIZ_16b, 0, 0, 7, 0, G_TX_WRAP | G_TX_NOMIRROR, 0, 0, G_TX_WRAP | G_TX_NOMIRROR, 0, 0),
	gsDPLoadBlock(7, 0, 0, 1023, 512),
	gsDPSetTile(G_IM_FMT_CI, G_IM_SIZ_4b, 4, 0, 0, 0, G_TX_WRAP | G_TX_NOMIRROR, 6, 0, G_TX_WRAP | G_TX_NOMIRROR, 6, 0),
	gsDPSetTileSize(0, 0, 0, 252, 252),
	gsSPVertex(ow_pc_ow_pc_mesh_layer_1_vtx_0 + 0, 56, 0),
	gsSP2Triangles(0, 1, 2, 0, 0, 2, 3, 0),
	gsSP2Triangles(3, 2, 4, 0, 3, 4, 5, 0),
	gsSP2Triangles(5, 4, 6, 0, 7, 6, 4, 0),
	gsSP2Triangles(8, 5, 6, 0, 9, 5, 8, 0),
	gsSP2Triangles(8, 10, 9, 0, 11, 10, 8, 0),
	gsSP2Triangles(11, 12, 10, 0, 13, 12, 11, 0),
	gsSP2Triangles(14, 12, 13, 0, 14, 15, 12, 0),
	gsSP2Triangles(16, 15, 14, 0, 16, 17, 15, 0),
	gsSP2Triangles(18, 17, 16, 0, 19, 18, 16, 0),
	gsSP2Triangles(18, 19, 20, 0, 21, 20, 19, 0),
	gsSP2Triangles(20, 21, 22, 0, 20, 22, 23, 0),
	gsSP2Triangles(23, 22, 24, 0, 23, 24, 25, 0),
	gsSP2Triangles(25, 24, 26, 0, 26, 24, 27, 0),
	gsSP2Triangles(26, 27, 28, 0, 28, 27, 29, 0),
	gsSP2Triangles(28, 30, 26, 0, 30, 28, 31, 0),
	gsSP2Triangles(30, 31, 32, 0, 32, 31, 33, 0),
	gsSP2Triangles(34, 30, 32, 0, 35, 30, 34, 0),
	gsSP2Triangles(34, 36, 35, 0, 37, 36, 34, 0),
	gsSP2Triangles(37, 38, 36, 0, 39, 38, 37, 0),
	gsSP2Triangles(39, 40, 38, 0, 18, 38, 40, 0),
	gsSP2Triangles(41, 18, 40, 0, 18, 41, 17, 0),
	gsSP2Triangles(17, 41, 15, 0, 42, 15, 41, 0),
	gsSP2Triangles(15, 42, 43, 0, 44, 43, 42, 0),
	gsSP2Triangles(45, 43, 44, 0, 45, 46, 43, 0),
	gsSP2Triangles(47, 46, 45, 0, 47, 48, 46, 0),
	gsSP2Triangles(47, 3, 48, 0, 47, 0, 3, 0),
	gsSP2Triangles(48, 3, 5, 0, 9, 48, 5, 0),
	gsSP2Triangles(10, 48, 9, 0, 10, 46, 48, 0),
	gsSP2Triangles(12, 46, 10, 0, 12, 43, 46, 0),
	gsSP2Triangles(15, 43, 12, 0, 49, 50, 51, 0),
	gsSP2Triangles(52, 50, 49, 0, 49, 53, 52, 0),
	gsSP2Triangles(54, 52, 53, 0, 54, 53, 55, 0),
	gsSPVertex(ow_pc_ow_pc_mesh_layer_1_vtx_0 + 56, 56, 0),
	gsSP2Triangles(0, 1, 2, 0, 0, 3, 4, 0),
	gsSP2Triangles(3, 5, 4, 0, 3, 6, 5, 0),
	gsSP2Triangles(7, 6, 3, 0, 7, 8, 6, 0),
	gsSP2Triangles(9, 8, 7, 0, 9, 10, 8, 0),
	gsSP2Triangles(10, 11, 8, 0, 10, 12, 11, 0),
	gsSP2Triangles(13, 11, 12, 0, 12, 14, 13, 0),
	gsSP2Triangles(12, 15, 14, 0, 15, 16, 14, 0),
	gsSP2Triangles(15, 17, 16, 0, 18, 16, 17, 0),
	gsSP2Triangles(19, 16, 18, 0, 18, 20, 19, 0),
	gsSP2Triangles(21, 19, 20, 0, 21, 20, 22, 0),
	gsSP2Triangles(22, 20, 23, 0, 22, 23, 24, 0),
	gsSP2Triangles(24, 23, 25, 0, 26, 22, 24, 0),
	gsSP2Triangles(27, 22, 26, 0, 26, 28, 27, 0),
	gsSP2Triangles(26, 29, 28, 0, 30, 29, 26, 0),
	gsSP2Triangles(26, 24, 30, 0, 30, 31, 29, 0),
	gsSP2Triangles(27, 21, 22, 0, 19, 21, 27, 0),
	gsSP2Triangles(27, 32, 19, 0, 27, 28, 32, 0),
	gsSP2Triangles(33, 32, 28, 0, 34, 32, 33, 0),
	gsSP2Triangles(35, 34, 33, 0, 36, 34, 35, 0),
	gsSP2Triangles(14, 34, 36, 0, 36, 37, 14, 0),
	gsSP2Triangles(13, 14, 37, 0, 13, 37, 11, 0),
	gsSP2Triangles(11, 37, 38, 0, 11, 38, 39, 0),
	gsSP2Triangles(39, 38, 40, 0, 39, 40, 41, 0),
	gsSP2Triangles(42, 39, 41, 0, 42, 41, 43, 0),
	gsSP2Triangles(43, 44, 42, 0, 44, 43, 45, 0),
	gsSP2Triangles(45, 43, 46, 0, 44, 45, 4, 0),
	gsSP2Triangles(4, 5, 44, 0, 44, 5, 6, 0),
	gsSP2Triangles(44, 6, 42, 0, 42, 6, 8, 0),
	gsSP2Triangles(8, 39, 42, 0, 8, 11, 39, 0),
	gsSP2Triangles(47, 48, 49, 0, 50, 48, 47, 0),
	gsSP2Triangles(47, 51, 50, 0, 52, 51, 47, 0),
	gsSP2Triangles(52, 53, 51, 0, 54, 53, 52, 0),
	gsSP2Triangles(55, 53, 54, 0, 19, 32, 16, 0),
	gsSP2Triangles(34, 16, 32, 0, 14, 16, 34, 0),
	gsSPVertex(ow_pc_ow_pc_mesh_layer_1_vtx_0 + 112, 56, 0),
	gsSP2Triangles(0, 1, 2, 0, 0, 2, 3, 0),
	gsSP2Triangles(3, 2, 4, 0, 3, 4, 5, 0),
	gsSP2Triangles(6, 5, 4, 0, 6, 4, 7, 0),
	gsSP2Triangles(7, 4, 8, 0, 9, 8, 4, 0),
	gsSP2Triangles(9, 10, 8, 0, 11, 10, 9, 0),
	gsSP2Triangles(11, 12, 10, 0, 13, 10, 12, 0),
	gsSP2Triangles(14, 10, 13, 0, 14, 8, 10, 0),
	gsSP2Triangles(15, 8, 14, 0, 7, 8, 15, 0),
	gsSP2Triangles(16, 7, 15, 0, 7, 16, 17, 0),
	gsSP2Triangles(18, 17, 16, 0, 17, 18, 19, 0),
	gsSP2Triangles(17, 19, 20, 0, 20, 19, 21, 0),
	gsSP2Triangles(20, 21, 22, 0, 22, 21, 23, 0),
	gsSP2Triangles(22, 23, 24, 0, 24, 23, 25, 0),
	gsSP2Triangles(26, 25, 23, 0, 27, 25, 26, 0),
	gsSP2Triangles(27, 28, 25, 0, 29, 28, 27, 0),
	gsSP2Triangles(29, 30, 28, 0, 31, 30, 29, 0),
	gsSP2Triangles(31, 32, 30, 0, 33, 32, 31, 0),
	gsSP2Triangles(33, 34, 32, 0, 35, 32, 34, 0),
	gsSP2Triangles(36, 32, 35, 0, 37, 36, 35, 0),
	gsSP2Triangles(36, 37, 38, 0, 36, 38, 39, 0),
	gsSP2Triangles(39, 38, 40, 0, 39, 40, 41, 0),
	gsSP2Triangles(41, 40, 42, 0, 43, 41, 42, 0),
	gsSP2Triangles(44, 41, 43, 0, 45, 44, 43, 0),
	gsSP2Triangles(45, 24, 44, 0, 46, 24, 45, 0),
	gsSP2Triangles(46, 22, 24, 0, 47, 22, 46, 0),
	gsSP2Triangles(47, 20, 22, 0, 48, 20, 47, 0),
	gsSP2Triangles(49, 20, 48, 0, 50, 49, 48, 0),
	gsSP2Triangles(6, 49, 50, 0, 5, 6, 50, 0),
	gsSP2Triangles(6, 17, 49, 0, 7, 17, 6, 0),
	gsSP2Triangles(49, 17, 20, 0, 36, 30, 32, 0),
	gsSP2Triangles(39, 30, 36, 0, 39, 28, 30, 0),
	gsSP2Triangles(41, 28, 39, 0, 41, 25, 28, 0),
	gsSP2Triangles(44, 25, 41, 0, 24, 25, 44, 0),
	gsSP2Triangles(51, 52, 53, 0, 51, 53, 54, 0),
	gsSP1Triangle(54, 53, 55, 0),
	gsSPVertex(ow_pc_ow_pc_mesh_layer_1_vtx_0 + 168, 56, 0),
	gsSP2Triangles(0, 1, 2, 0, 2, 1, 3, 0),
	gsSP2Triangles(4, 3, 1, 0, 5, 2, 3, 0),
	gsSP2Triangles(6, 2, 5, 0, 5, 7, 6, 0),
	gsSP2Triangles(8, 7, 5, 0, 8, 9, 7, 0),
	gsSP2Triangles(10, 9, 8, 0, 11, 9, 10, 0),
	gsSP2Triangles(11, 12, 9, 0, 13, 12, 11, 0),
	gsSP2Triangles(13, 14, 12, 0, 15, 14, 13, 0),
	gsSP2Triangles(16, 15, 13, 0, 15, 16, 17, 0),
	gsSP2Triangles(18, 17, 16, 0, 17, 18, 19, 0),
	gsSP2Triangles(17, 19, 20, 0, 20, 19, 21, 0),
	gsSP2Triangles(20, 21, 22, 0, 22, 21, 23, 0),
	gsSP2Triangles(23, 21, 24, 0, 23, 24, 25, 0),
	gsSP2Triangles(25, 24, 26, 0, 25, 27, 23, 0),
	gsSP2Triangles(27, 25, 28, 0, 27, 28, 29, 0),
	gsSP2Triangles(29, 28, 30, 0, 31, 27, 29, 0),
	gsSP2Triangles(32, 27, 31, 0, 31, 33, 32, 0),
	gsSP2Triangles(34, 33, 31, 0, 34, 35, 33, 0),
	gsSP2Triangles(36, 35, 34, 0, 36, 37, 35, 0),
	gsSP2Triangles(15, 35, 37, 0, 38, 15, 37, 0),
	gsSP2Triangles(15, 38, 14, 0, 14, 38, 12, 0),
	gsSP2Triangles(39, 12, 38, 0, 12, 39, 40, 0),
	gsSP2Triangles(41, 40, 39, 0, 42, 40, 41, 0),
	gsSP2Triangles(42, 43, 40, 0, 44, 43, 42, 0),
	gsSP2Triangles(44, 45, 43, 0, 44, 0, 45, 0),
	gsSP2Triangles(44, 46, 0, 0, 45, 0, 2, 0),
	gsSP2Triangles(6, 45, 2, 0, 7, 45, 6, 0),
	gsSP2Triangles(7, 43, 45, 0, 9, 43, 7, 0),
	gsSP2Triangles(9, 40, 43, 0, 12, 40, 9, 0),
	gsSP2Triangles(47, 48, 49, 0, 50, 48, 47, 0),
	gsSP2Triangles(47, 51, 50, 0, 52, 50, 51, 0),
	gsSP2Triangles(52, 51, 53, 0, 53, 51, 54, 0),
	gsSP1Triangle(53, 55, 52, 0),
	gsSPVertex(ow_pc_ow_pc_mesh_layer_1_vtx_0 + 224, 56, 0),
	gsSP2Triangles(0, 1, 2, 0, 0, 3, 1, 0),
	gsSP2Triangles(4, 3, 0, 0, 4, 5, 3, 0),
	gsSP2Triangles(6, 5, 4, 0, 6, 7, 5, 0),
	gsSP2Triangles(7, 8, 5, 0, 7, 9, 8, 0),
	gsSP2Triangles(10, 8, 9, 0, 9, 11, 10, 0),
	gsSP2Triangles(9, 12, 11, 0, 12, 13, 11, 0),
	gsSP2Triangles(12, 14, 13, 0, 15, 13, 14, 0),
	gsSP2Triangles(16, 13, 15, 0, 15, 17, 16, 0),
	gsSP2Triangles(18, 16, 17, 0, 18, 17, 19, 0),
	gsSP2Triangles(19, 17, 20, 0, 19, 20, 21, 0),
	gsSP2Triangles(21, 20, 22, 0, 23, 19, 21, 0),
	gsSP2Triangles(24, 19, 23, 0, 23, 25, 24, 0),
	gsSP2Triangles(23, 26, 25, 0, 27, 26, 23, 0),
	gsSP2Triangles(23, 21, 27, 0, 27, 28, 26, 0),
	gsSP2Triangles(24, 18, 19, 0, 16, 18, 24, 0),
	gsSP2Triangles(24, 29, 16, 0, 24, 25, 29, 0),
	gsSP2Triangles(30, 29, 25, 0, 31, 29, 30, 0),
	gsSP2Triangles(32, 31, 30, 0, 33, 31, 32, 0),
	gsSP2Triangles(11, 31, 33, 0, 33, 34, 11, 0),
	gsSP2Triangles(10, 11, 34, 0, 10, 34, 8, 0),
	gsSP2Triangles(8, 34, 35, 0, 8, 35, 36, 0),
	gsSP2Triangles(36, 35, 37, 0, 36, 37, 38, 0),
	gsSP2Triangles(39, 36, 38, 0, 39, 38, 40, 0),
	gsSP2Triangles(40, 41, 39, 0, 41, 40, 42, 0),
	gsSP2Triangles(42, 40, 43, 0, 41, 42, 2, 0),
	gsSP2Triangles(2, 1, 41, 0, 41, 1, 3, 0),
	gsSP2Triangles(41, 3, 39, 0, 39, 3, 5, 0),
	gsSP2Triangles(5, 36, 39, 0, 5, 8, 36, 0),
	gsSP2Triangles(44, 45, 46, 0, 47, 45, 44, 0),
	gsSP2Triangles(44, 48, 47, 0, 49, 48, 44, 0),
	gsSP2Triangles(49, 50, 48, 0, 51, 50, 49, 0),
	gsSP2Triangles(52, 50, 51, 0, 16, 29, 13, 0),
	gsSP2Triangles(31, 13, 29, 0, 11, 13, 31, 0),
	gsSP1Triangle(53, 54, 55, 0),
	gsSPVertex(ow_pc_ow_pc_mesh_layer_1_vtx_0 + 280, 49, 0),
	gsSP2Triangles(0, 1, 2, 0, 3, 0, 2, 0),
	gsSP2Triangles(4, 0, 3, 0, 5, 4, 3, 0),
	gsSP2Triangles(6, 4, 5, 0, 7, 6, 5, 0),
	gsSP2Triangles(8, 6, 7, 0, 9, 8, 7, 0),
	gsSP2Triangles(10, 8, 9, 0, 10, 11, 8, 0),
	gsSP2Triangles(12, 11, 10, 0, 12, 13, 11, 0),
	gsSP2Triangles(14, 11, 13, 0, 11, 14, 15, 0),
	gsSP2Triangles(16, 15, 14, 0, 15, 16, 17, 0),
	gsSP2Triangles(18, 17, 16, 0, 17, 18, 19, 0),
	gsSP2Triangles(20, 19, 18, 0, 21, 19, 20, 0),
	gsSP2Triangles(21, 1, 19, 0, 22, 1, 21, 0),
	gsSP2Triangles(22, 23, 1, 0, 24, 23, 22, 0),
	gsSP2Triangles(24, 25, 23, 0, 26, 25, 24, 0),
	gsSP2Triangles(27, 26, 24, 0, 28, 26, 27, 0),
	gsSP2Triangles(29, 26, 28, 0, 30, 29, 28, 0),
	gsSP2Triangles(29, 30, 31, 0, 32, 31, 30, 0),
	gsSP2Triangles(33, 31, 32, 0, 34, 33, 32, 0),
	gsSP2Triangles(35, 33, 34, 0, 35, 36, 33, 0),
	gsSP2Triangles(36, 37, 33, 0, 36, 38, 37, 0),
	gsSP2Triangles(39, 37, 38, 0, 40, 37, 39, 0),
	gsSP2Triangles(41, 40, 39, 0, 40, 41, 42, 0),
	gsSP2Triangles(43, 42, 41, 0, 42, 43, 44, 0),
	gsSP2Triangles(45, 44, 43, 0, 46, 44, 45, 0),
	gsSP2Triangles(46, 25, 44, 0, 47, 25, 46, 0),
	gsSP2Triangles(47, 23, 25, 0, 48, 23, 47, 0),
	gsSP2Triangles(48, 1, 23, 0, 26, 44, 25, 0),
	gsSP2Triangles(42, 44, 26, 0, 29, 42, 26, 0),
	gsSP2Triangles(40, 42, 29, 0, 29, 31, 40, 0),
	gsSP2Triangles(40, 31, 37, 0, 33, 37, 31, 0),
	gsSP2Triangles(0, 19, 1, 0, 4, 19, 0, 0),
	gsSP2Triangles(17, 19, 4, 0, 6, 17, 4, 0),
	gsSP2Triangles(15, 17, 6, 0, 8, 15, 6, 0),
	gsSP1Triangle(11, 15, 8, 0),
	gsDPPipeSync(),
	gsDPSetTextureImage(G_IM_FMT_RGBA, G_IM_SIZ_16b, 1, ow_pc_kd_pc_ehasira1_pal_rgba16),
	gsDPLoadTLUTCmd(5, 15),
	gsDPSetTextureImage(G_IM_FMT_CI, G_IM_SIZ_16b, 1, ow_pc_kd_pc_ehasira1_ci4),
	gsDPLoadBlock(7, 0, 0, 1023, 512),
	gsDPSetTile(G_IM_FMT_CI, G_IM_SIZ_4b, 4, 0, 0, 0, G_TX_CLAMP | G_TX_NOMIRROR, 6, 0, G_TX_WRAP | G_TX_NOMIRROR, 6, 0),
	gsSPVertex(ow_pc_ow_pc_mesh_layer_1_vtx_1 + 0, 56, 0),
	gsSP2Triangles(0, 1, 2, 0, 3, 1, 0, 0),
	gsSP2Triangles(3, 4, 1, 0, 5, 1, 4, 0),
	gsSP2Triangles(6, 7, 8, 0, 9, 7, 6, 0),
	gsSP2Triangles(9, 10, 7, 0, 11, 7, 10, 0),
	gsSP2Triangles(12, 13, 14, 0, 15, 13, 12, 0),
	gsSP2Triangles(15, 16, 13, 0, 16, 15, 17, 0),
	gsSP2Triangles(18, 19, 20, 0, 21, 19, 18, 0),
	gsSP2Triangles(21, 22, 19, 0, 22, 21, 23, 0),
	gsSP2Triangles(24, 25, 26, 0, 25, 24, 27, 0),
	gsSP2Triangles(28, 29, 30, 0, 29, 28, 31, 0),
	gsSP2Triangles(32, 33, 34, 0, 35, 33, 32, 0),
	gsSP2Triangles(35, 36, 33, 0, 37, 33, 36, 0),
	gsSP2Triangles(38, 39, 40, 0, 41, 39, 38, 0),
	gsSP2Triangles(41, 42, 39, 0, 43, 39, 42, 0),
	gsSP2Triangles(44, 45, 46, 0, 47, 45, 44, 0),
	gsSP2Triangles(47, 48, 45, 0, 48, 47, 49, 0),
	gsSP2Triangles(50, 51, 52, 0, 53, 51, 50, 0),
	gsSP2Triangles(53, 54, 51, 0, 54, 53, 55, 0),
	gsSPVertex(ow_pc_ow_pc_mesh_layer_1_vtx_1 + 56, 40, 0),
	gsSP2Triangles(0, 1, 2, 0, 1, 0, 3, 0),
	gsSP2Triangles(4, 5, 6, 0, 5, 4, 7, 0),
	gsSP2Triangles(8, 9, 10, 0, 11, 9, 8, 0),
	gsSP2Triangles(11, 12, 9, 0, 13, 9, 12, 0),
	gsSP2Triangles(14, 15, 16, 0, 17, 15, 14, 0),
	gsSP2Triangles(17, 18, 15, 0, 19, 15, 18, 0),
	gsSP2Triangles(20, 21, 22, 0, 23, 21, 20, 0),
	gsSP2Triangles(23, 24, 21, 0, 24, 23, 25, 0),
	gsSP2Triangles(26, 27, 28, 0, 29, 27, 26, 0),
	gsSP2Triangles(29, 30, 27, 0, 30, 29, 31, 0),
	gsSP2Triangles(32, 33, 34, 0, 33, 32, 35, 0),
	gsSP2Triangles(36, 37, 38, 0, 37, 36, 39, 0),
	gsDPPipeSync(),
	gsDPSetTextureImage(G_IM_FMT_RGBA, G_IM_SIZ_16b, 1, ow_pc_kd_pc_yuka3_pal_rgba16),
	gsDPLoadTLUTCmd(5, 15),
	gsDPSetTextureImage(G_IM_FMT_CI, G_IM_SIZ_16b, 1, ow_pc_kd_pc_yuka3_ci4),
	gsDPLoadBlock(7, 0, 0, 1023, 512),
	gsDPSetTile(G_IM_FMT_CI, G_IM_SIZ_4b, 4, 0, 0, 0, G_TX_WRAP | G_TX_NOMIRROR, 6, 0, G_TX_CLAMP | G_TX_NOMIRROR, 6, 0),
	gsSPVertex(ow_pc_ow_pc_mesh_layer_1_vtx_2 + 0, 10, 0),
	gsSP2Triangles(0, 1, 2, 0, 0, 2, 3, 0),
	gsSP2Triangles(3, 2, 4, 0, 3, 4, 5, 0),
	gsSP2Triangles(5, 4, 6, 0, 5, 6, 7, 0),
	gsSP2Triangles(7, 6, 8, 0, 7, 8, 9, 0),
	gsDPPipeSync(),
	gsDPSetTextureImage(G_IM_FMT_RGBA, G_IM_SIZ_16b, 1, ow_pc_kd_pc_yuka1_pal_rgba16),
	gsDPLoadTLUTCmd(5, 15),
	gsDPSetTextureImage(G_IM_FMT_CI, G_IM_SIZ_16b, 1, ow_pc_kd_pc_yuka1_ci4),
	gsDPLoadBlock(7, 0, 0, 1023, 512),
	gsDPSetTile(G_IM_FMT_CI, G_IM_SIZ_4b, 4, 0, 0, 0, G_TX_CLAMP | G_TX_NOMIRROR, 6, 0, G_TX_CLAMP | G_TX_NOMIRROR, 6, 0),
	gsSPVertex(ow_pc_ow_pc_mesh_layer_1_vtx_3 + 0, 35, 0),
	gsSP2Triangles(0, 1, 2, 0, 0, 2, 3, 0),
	gsSP2Triangles(3, 2, 4, 0, 3, 4, 5, 0),
	gsSP2Triangles(5, 4, 6, 0, 6, 4, 7, 0),
	gsSP2Triangles(6, 7, 8, 0, 8, 7, 9, 0),
	gsSP2Triangles(10, 11, 12, 0, 10, 12, 13, 0),
	gsSP2Triangles(13, 12, 14, 0, 13, 14, 15, 0),
	gsSP2Triangles(15, 14, 16, 0, 16, 14, 17, 0),
	gsSP2Triangles(16, 17, 18, 0, 18, 17, 19, 0),
	gsSP2Triangles(20, 21, 22, 0, 20, 23, 21, 0),
	gsSP2Triangles(20, 24, 23, 0, 25, 24, 20, 0),
	gsSP2Triangles(26, 25, 20, 0, 26, 20, 27, 0),
	gsSP2Triangles(27, 20, 28, 0, 20, 22, 28, 0),
	gsSP2Triangles(28, 22, 29, 0, 28, 29, 30, 0),
	gsSP2Triangles(31, 28, 30, 0, 27, 28, 31, 0),
	gsSP2Triangles(25, 32, 24, 0, 33, 24, 32, 0),
	gsSP2Triangles(34, 24, 33, 0, 34, 23, 24, 0),
	gsDPPipeSync(),
	gsDPSetTextureImage(G_IM_FMT_RGBA, G_IM_SIZ_16b, 1, ow_pc_kd_pc_yuka2_pal_rgba16),
	gsDPLoadTLUTCmd(5, 15),
	gsDPSetTextureImage(G_IM_FMT_CI, G_IM_SIZ_16b, 1, ow_pc_kd_pc_yuka2_ci4),
	gsDPLoadBlock(7, 0, 0, 1023, 512),
	gsDPSetTile(G_IM_FMT_CI, G_IM_SIZ_4b, 4, 0, 0, 0, G_TX_WRAP | G_TX_NOMIRROR, 6, 0, G_TX_CLAMP | G_TX_NOMIRROR, 6, 0),
	gsSPVertex(ow_pc_ow_pc_mesh_layer_1_vtx_4 + 0, 36, 0),
	gsSP2Triangles(0, 1, 2, 0, 0, 2, 3, 0),
	gsSP2Triangles(3, 2, 4, 0, 3, 4, 5, 0),
	gsSP2Triangles(5, 4, 6, 0, 6, 4, 7, 0),
	gsSP2Triangles(6, 7, 8, 0, 8, 7, 9, 0),
	gsSP2Triangles(10, 11, 12, 0, 13, 11, 10, 0),
	gsSP2Triangles(13, 14, 11, 0, 15, 14, 13, 0),
	gsSP2Triangles(15, 16, 14, 0, 16, 17, 14, 0),
	gsSP2Triangles(18, 17, 16, 0, 18, 19, 17, 0),
	gsSP2Triangles(18, 20, 21, 0, 22, 20, 18, 0),
	gsSP2Triangles(22, 23, 20, 0, 24, 23, 22, 0),
	gsSP2Triangles(24, 25, 23, 0, 25, 26, 23, 0),
	gsSP2Triangles(10, 26, 25, 0, 10, 27, 26, 0),
	gsSP2Triangles(0, 28, 29, 0, 30, 28, 0, 0),
	gsSP2Triangles(30, 31, 28, 0, 32, 31, 30, 0),
	gsSP2Triangles(32, 33, 31, 0, 33, 34, 31, 0),
	gsSP2Triangles(8, 34, 33, 0, 8, 35, 34, 0),
	gsSPLoadGeometryMode(G_ZBUFFER | G_SHADE | G_CULL_BACK | G_LIGHTING | G_SHADING_SMOOTH),
	gsDPPipeSync(),
	gsDPSetCombineLERP(0, 0, 0, 0, 0, 0, 0, ENVIRONMENT, 0, 0, 0, 0, 0, 0, 0, ENVIRONMENT),
	gsSPSetOtherMode(G_SETOTHERMODE_H, 4, 20, G_AD_NOISE | G_CD_MAGICSQ | G_CK_NONE | G_TC_FILT | G_TF_BILERP | G_TT_NONE | G_TL_TILE | G_TD_CLAMP | G_TP_PERSP | G_CYC_1CYCLE | G_PM_1PRIMITIVE),
	gsSPVertex(ow_pc_ow_pc_mesh_layer_1_vtx_5 + 0, 19, 0),
	gsSP2Triangles(0, 1, 2, 0, 3, 0, 2, 0),
	gsSP2Triangles(2, 4, 3, 0, 2, 5, 4, 0),
	gsSP2Triangles(2, 6, 5, 0, 6, 7, 5, 0),
	gsSP2Triangles(7, 8, 5, 0, 7, 9, 8, 0),
	gsSP2Triangles(3, 10, 0, 0, 11, 12, 13, 0),
	gsSP2Triangles(11, 13, 14, 0, 11, 14, 15, 0),
	gsSP2Triangles(16, 11, 15, 0, 15, 17, 16, 0),
	gsSP1Triangle(17, 18, 16, 0),
	gsDPPipeSync(),
	gsSPSetOtherMode(G_SETOTHERMODE_H, 4, 20, G_CD_MAGICSQ | G_AD_DISABLE | G_CK_NONE | G_TC_FILT | G_TF_BILERP | G_TT_NONE | G_TL_TILE | G_TD_CLAMP | G_TP_PERSP | G_CYC_1CYCLE | G_PM_1PRIMITIVE),
	gsDPSetCombineLERP(0, 0, 0, SHADE, 0, 0, 0, ENVIRONMENT, 0, 0, 0, SHADE, 0, 0, 0, ENVIRONMENT),
	gsSPTexture(65535, 65535, 0, 0, 0),
	gsDPSetEnvColor(255, 255, 255, 255),
	gsDPSetAlphaCompareReal(G_AC_NONE),
	gsSPEndDisplayList(),
};

