ALIGNED8 u8 mh_skybox_prnbg8_1_ci4[] = {
	0x00, 0x00, 0x00, 0x00, 0x00, 0x00, 0x00, 0x00, 
	0x00, 0x00, 0x00, 0x00, 0x00, 0x00, 0x00, 0x00, 
	0x00, 0x00, 0x00, 0x00, 0x00, 0x00, 0x00, 0x00, 
	0x00, 0x00, 0x00, 0x00, 0x00, 0x00, 0x00, 0x00, 
	
};

ALIGNED8 u8 mh_skybox_prnbg8_1_pal_rgba16[] = {
	0x01, 0x13, 
};

ALIGNED8 u8 mh_skybox_prnbg_2_rgba16[] = {
	0x01, 0x13, 0x01, 0x13, 0x01, 0x13, 0x01, 0x13, 
	0x01, 0x13, 0x01, 0x13, 0x01, 0x13, 0x01, 0x13, 
	0x01, 0x13, 0x01, 0x13, 0x01, 0x13, 0x01, 0x13, 
	0x01, 0x13, 0x01, 0x13, 0x01, 0x13, 0x01, 0x13, 
	0x01, 0x13, 0x01, 0x13, 0x01, 0x13, 0x01, 0x13, 
	0x01, 0x13, 0x01, 0x13, 0x01, 0x13, 0x01, 0x13, 
	0x01, 0x13, 0x01, 0x13, 0x01, 0x13, 0x01, 0x13, 
	0x01, 0x13, 0x01, 0x13, 0x01, 0x13, 0x01, 0x13, 
	0x01, 0x13, 0x01, 0x13, 0x01, 0x13, 0x01, 0x13, 
	0x01, 0x13, 0x01, 0x13, 0x01, 0x13, 0x01, 0x13, 
	0x01, 0x13, 0x01, 0x13, 0x01, 0x13, 0x01, 0x13, 
	0x01, 0x13, 0x01, 0x13, 0x01, 0x13, 0x01, 0x13, 
	0x01, 0x13, 0x01, 0x13, 0x01, 0x13, 0x01, 0x13, 
	0x01, 0x13, 0x01, 0x13, 0x01, 0x13, 0x01, 0x13, 
	0x01, 0x13, 0x01, 0x13, 0x01, 0x13, 0x01, 0x13, 
	0x01, 0x13, 0x01, 0x13, 0x01, 0x13, 0x01, 0x13, 
	0x01, 0x13, 0x01, 0x13, 0x01, 0x13, 0x01, 0x13, 
	0x01, 0x13, 0x01, 0x13, 0x01, 0x13, 0x01, 0x13, 
	0x01, 0x13, 0x01, 0x13, 0x01, 0x13, 0x01, 0x13, 
	0x01, 0x13, 0x01, 0x13, 0x01, 0x13, 0x01, 0x13, 
	0x01, 0x13, 0x01, 0x13, 0x01, 0x13, 0x01, 0x13, 
	0x01, 0x13, 0x01, 0x13, 0x01, 0x13, 0x01, 0x13, 
	0x01, 0x13, 0x01, 0x13, 0x01, 0x13, 0x01, 0x13, 
	0x01, 0x13, 0x01, 0x13, 0x01, 0x13, 0x01, 0x13, 
	0x01, 0x13, 0x01, 0x13, 0x01, 0x13, 0x01, 0x13, 
	0x01, 0x13, 0x01, 0x13, 0x01, 0x13, 0x01, 0x13, 
	0x01, 0x13, 0x01, 0x13, 0x01, 0x13, 0x01, 0x13, 
	0x01, 0x13, 0x01, 0x13, 0x01, 0x13, 0x01, 0x13, 
	0x01, 0x13, 0x01, 0x13, 0x01, 0x13, 0x01, 0x13, 
	0x01, 0x13, 0x01, 0x13, 0x01, 0x13, 0x01, 0x13, 
	0x01, 0x13, 0x01, 0x13, 0x01, 0x13, 0x01, 0x13, 
	0x01, 0x13, 0x01, 0x13, 0x01, 0x13, 0x01, 0x13, 
	0x01, 0x13, 0x01, 0x13, 0x01, 0x13, 0x01, 0x13, 
	0x01, 0x13, 0x01, 0x13, 0x01, 0x13, 0x01, 0x13, 
	0x01, 0x13, 0x01, 0x13, 0x01, 0x13, 0x01, 0x13, 
	0x01, 0x13, 0x01, 0x13, 0x01, 0x13, 0x01, 0x13, 
	0x01, 0x13, 0x01, 0x13, 0x01, 0x13, 0x01, 0x13, 
	0x01, 0x13, 0x01, 0x13, 0x01, 0x13, 0x01, 0x13, 
	0x01, 0x13, 0x01, 0x13, 0x01, 0x13, 0x01, 0x13, 
	0x01, 0x13, 0x01, 0x13, 0x01, 0x13, 0x01, 0x13, 
	0x01, 0x13, 0x01, 0x13, 0x01, 0x13, 0x01, 0x13, 
	0x01, 0x13, 0x01, 0x13, 0x01, 0x13, 0x01, 0x13, 
	0x01, 0x13, 0x01, 0x13, 0x01, 0x13, 0x01, 0x13, 
	0x01, 0x13, 0x01, 0x13, 0x01, 0x13, 0x01, 0x13, 
	0x01, 0x13, 0x01, 0x13, 0x01, 0x13, 0x01, 0x13, 
	0x01, 0x13, 0x01, 0x13, 0x01, 0x13, 0x01, 0x13, 
	0x01, 0x13, 0x01, 0x13, 0x01, 0x13, 0x01, 0x13, 
	0x01, 0x13, 0x01, 0x13, 0x01, 0x13, 0x01, 0x13, 
	0x01, 0x13, 0x01, 0x13, 0x01, 0x13, 0x01, 0x13, 
	0x01, 0x13, 0x01, 0x13, 0x01, 0x13, 0x01, 0x13, 
	0x01, 0x13, 0x01, 0x13, 0x01, 0x13, 0x01, 0x13, 
	0x01, 0x13, 0x01, 0x13, 0x01, 0x13, 0x01, 0x13, 
	0x01, 0x13, 0x01, 0x13, 0x01, 0x13, 0x01, 0x13, 
	0x01, 0x13, 0x01, 0x13, 0x01, 0x13, 0x01, 0x13, 
	0x01, 0x13, 0x01, 0x13, 0x01, 0x13, 0x01, 0x13, 
	0x01, 0x13, 0x01, 0x13, 0x01, 0x13, 0x01, 0x13, 
	0x01, 0x13, 0x01, 0x13, 0x01, 0x13, 0x01, 0x13, 
	0x01, 0x13, 0x01, 0x13, 0x01, 0x13, 0x01, 0x13, 
	0x01, 0x13, 0x01, 0x13, 0x01, 0x13, 0x01, 0x13, 
	0x01, 0x13, 0x01, 0x13, 0x01, 0x13, 0x01, 0x13, 
	0x01, 0x13, 0x01, 0x13, 0x01, 0x13, 0x01, 0x13, 
	0x01, 0x13, 0x01, 0x13, 0x01, 0x13, 0x01, 0x13, 
	0x01, 0x13, 0x01, 0x13, 0x01, 0x13, 0x01, 0x13, 
	0x01, 0x13, 0x01, 0x13, 0x01, 0x13, 0x01, 0x13, 
	0x01, 0x13, 0x01, 0x13, 0x01, 0x13, 0x01, 0x13, 
	0x01, 0x13, 0x01, 0x13, 0x01, 0x13, 0x01, 0x13, 
	0x01, 0x13, 0x01, 0x13, 0x01, 0x13, 0x01, 0x13, 
	0x01, 0x13, 0x01, 0x13, 0x01, 0x13, 0x01, 0x13, 
	0x01, 0x13, 0x01, 0x13, 0x01, 0x13, 0x01, 0x13, 
	0x01, 0x13, 0x01, 0x13, 0x01, 0x13, 0x01, 0x13, 
	0x01, 0x13, 0x01, 0x13, 0x01, 0x13, 0x01, 0x13, 
	0x01, 0x13, 0x01, 0x13, 0x01, 0x13, 0x01, 0x13, 
	0x01, 0x13, 0x01, 0x13, 0x01, 0x13, 0x01, 0x13, 
	0x01, 0x13, 0x01, 0x13, 0x01, 0x13, 0x01, 0x13, 
	0x01, 0x13, 0x01, 0x13, 0x01, 0x13, 0x01, 0x13, 
	0x01, 0x13, 0x01, 0x13, 0x01, 0x13, 0x01, 0x13, 
	0x01, 0x13, 0x01, 0x13, 0x01, 0x13, 0x01, 0x13, 
	0x01, 0x13, 0x01, 0x13, 0x01, 0x13, 0x01, 0x13, 
	0x01, 0x13, 0x01, 0x13, 0x01, 0x13, 0x01, 0x13, 
	0x01, 0x13, 0x01, 0x13, 0x01, 0x13, 0x01, 0x13, 
	0x01, 0x13, 0x01, 0x13, 0x01, 0x13, 0x01, 0x13, 
	0x01, 0x13, 0x01, 0x13, 0x01, 0x13, 0x01, 0x13, 
	0x01, 0x13, 0x01, 0x13, 0x01, 0x13, 0x01, 0x13, 
	0x01, 0x13, 0x01, 0x13, 0x01, 0x13, 0x01, 0x13, 
	0x01, 0x13, 0x01, 0x13, 0x01, 0x13, 0x01, 0x13, 
	0x01, 0x13, 0x01, 0x13, 0x01, 0x13, 0x01, 0x13, 
	0x01, 0x13, 0x01, 0x13, 0x01, 0x13, 0x01, 0x13, 
	0x01, 0x13, 0x01, 0x13, 0x01, 0x13, 0x01, 0x13, 
	0x01, 0x13, 0x01, 0x13, 0x01, 0x13, 0x01, 0x13, 
	0x01, 0x13, 0x01, 0x13, 0x01, 0x13, 0x01, 0x13, 
	0x01, 0x13, 0x01, 0x13, 0x01, 0x13, 0x01, 0x13, 
	0x01, 0x13, 0x01, 0x13, 0x01, 0x13, 0x01, 0x13, 
	0x01, 0x13, 0x01, 0x13, 0x01, 0x13, 0x01, 0x13, 
	0x01, 0x13, 0x01, 0x13, 0x01, 0x13, 0x01, 0x13, 
	0x01, 0x13, 0x01, 0x13, 0x01, 0x13, 0x01, 0x13, 
	0x01, 0x13, 0x01, 0x13, 0x01, 0x13, 0x01, 0x13, 
	0x01, 0x13, 0x01, 0x13, 0x01, 0x13, 0x01, 0x13, 
	0x01, 0x13, 0x01, 0x13, 0x01, 0x13, 0x01, 0x13, 
	0x01, 0x13, 0x01, 0x13, 0x01, 0x13, 0x01, 0x13, 
	0x01, 0x13, 0x01, 0x13, 0x01, 0x13, 0x01, 0x13, 
	0x01, 0x13, 0x01, 0x13, 0x01, 0x13, 0x01, 0x13, 
	0x01, 0x13, 0x01, 0x13, 0x01, 0x13, 0x01, 0x13, 
	0x01, 0x13, 0x01, 0x13, 0x01, 0x13, 0x01, 0x13, 
	0x01, 0x13, 0x01, 0x13, 0x01, 0x13, 0x01, 0x13, 
	0x01, 0x13, 0x01, 0x13, 0x01, 0x13, 0x01, 0x13, 
	0x01, 0x13, 0x01, 0x13, 0x01, 0x13, 0x01, 0x13, 
	0x01, 0x13, 0x01, 0x13, 0x01, 0x13, 0x01, 0x13, 
	0x01, 0x13, 0x01, 0x13, 0x01, 0x13, 0x01, 0x13, 
	0x01, 0x13, 0x01, 0x13, 0x01, 0x13, 0x01, 0x13, 
	0x01, 0x13, 0x01, 0x13, 0x01, 0x13, 0x01, 0x13, 
	0x01, 0x13, 0x01, 0x13, 0x01, 0x13, 0x01, 0x13, 
	0x01, 0x13, 0x01, 0x13, 0x01, 0x13, 0x01, 0x13, 
	0x01, 0x13, 0x01, 0x13, 0x01, 0x13, 0x01, 0x13, 
	0x01, 0x13, 0x01, 0x13, 0x01, 0x13, 0x01, 0x13, 
	0x01, 0x13, 0x01, 0x13, 0x01, 0x13, 0x01, 0x13, 
	0x01, 0x13, 0x01, 0x13, 0x01, 0x13, 0x01, 0x13, 
	0x01, 0x13, 0x01, 0x13, 0x01, 0x13, 0x01, 0x13, 
	0x01, 0x13, 0x01, 0x13, 0x01, 0x13, 0x01, 0x13, 
	0x01, 0x13, 0x01, 0x13, 0x01, 0x13, 0x01, 0x13, 
	0x01, 0x13, 0x01, 0x13, 0x01, 0x13, 0x01, 0x13, 
	0x01, 0x13, 0x01, 0x13, 0x01, 0x13, 0x01, 0x13, 
	0x01, 0x13, 0x01, 0x13, 0x01, 0x13, 0x01, 0x13, 
	0x01, 0x13, 0x01, 0x13, 0x01, 0x13, 0x01, 0x13, 
	0x01, 0x13, 0x01, 0x13, 0x01, 0x13, 0x01, 0x13, 
	0x01, 0x13, 0x01, 0x13, 0x01, 0x13, 0x01, 0x13, 
	0x01, 0x13, 0x01, 0x13, 0x01, 0x13, 0x01, 0x13, 
	0x01, 0x13, 0x01, 0x13, 0x01, 0x13, 0x01, 0x13, 
	0x01, 0x13, 0x01, 0x13, 0x01, 0x13, 0x01, 0x13, 
	0x01, 0x13, 0x01, 0x13, 0x01, 0x13, 0x01, 0x13, 
	0x01, 0x13, 0x01, 0x13, 0x01, 0x13, 0x01, 0x13, 
	0x01, 0x13, 0x01, 0x13, 0x01, 0x13, 0x01, 0x13, 
	0x01, 0x13, 0x01, 0x13, 0x01, 0x13, 0x01, 0x13, 
	0x01, 0x13, 0x01, 0x13, 0x01, 0x13, 0x01, 0x13, 
	0x01, 0x13, 0x01, 0x13, 0x01, 0x13, 0x01, 0x13, 
	0x01, 0x13, 0x01, 0x13, 0x01, 0x13, 0x01, 0x13, 
	0x01, 0x13, 0x01, 0x13, 0x01, 0x13, 0x01, 0x13, 
	0x01, 0x13, 0x01, 0x13, 0x01, 0x13, 0x01, 0x13, 
	0x01, 0x13, 0x01, 0x13, 0x01, 0x13, 0x01, 0x13, 
	0x01, 0x13, 0x01, 0x13, 0x01, 0x13, 0x01, 0x13, 
	0x01, 0x13, 0x01, 0x13, 0x01, 0x13, 0x01, 0x13, 
	0x01, 0x13, 0x01, 0x13, 0x01, 0x13, 0x01, 0x13, 
	0x01, 0x13, 0x01, 0x13, 0x01, 0x13, 0x01, 0x13, 
	0x01, 0x13, 0x01, 0x13, 0x01, 0x13, 0x01, 0x13, 
	0x01, 0x13, 0x01, 0x13, 0x01, 0x13, 0x01, 0x13, 
	0x01, 0x13, 0x01, 0x13, 0x01, 0x13, 0x01, 0x13, 
	0x01, 0x13, 0x01, 0x13, 0x01, 0x13, 0x01, 0x13, 
	0x01, 0x13, 0x01, 0x13, 0x01, 0x13, 0x01, 0x13, 
	0x01, 0x13, 0x01, 0x13, 0x01, 0x13, 0x01, 0x13, 
	0x01, 0x13, 0x01, 0x13, 0x01, 0x13, 0x01, 0x13, 
	0x01, 0x13, 0x01, 0x13, 0x01, 0x13, 0x01, 0x13, 
	0x01, 0x13, 0x01, 0x13, 0x01, 0x13, 0x01, 0x13, 
	0x01, 0x13, 0x01, 0x13, 0x01, 0x13, 0x01, 0x13, 
	0x01, 0x13, 0x01, 0x13, 0x01, 0x13, 0x01, 0x13, 
	0x01, 0x13, 0x01, 0x13, 0x01, 0x13, 0x01, 0x13, 
	0x01, 0x13, 0x01, 0x13, 0x01, 0x13, 0x01, 0x13, 
	0x01, 0x13, 0x01, 0x13, 0x01, 0x13, 0x01, 0x13, 
	0x01, 0x13, 0x01, 0x13, 0x01, 0x13, 0x01, 0x13, 
	0x01, 0x13, 0x01, 0x13, 0x01, 0x13, 0x01, 0x13, 
	0x01, 0x13, 0x01, 0x13, 0x01, 0x13, 0x01, 0x13, 
	0x01, 0x13, 0x01, 0x13, 0x01, 0x13, 0x01, 0x13, 
	0x01, 0x13, 0x01, 0x13, 0x01, 0x13, 0x01, 0x13, 
	0x01, 0x13, 0x01, 0x13, 0x01, 0x13, 0x01, 0x13, 
	0x01, 0x13, 0x01, 0x13, 0x01, 0x13, 0x01, 0x13, 
	0x01, 0x13, 0x01, 0x13, 0x01, 0x13, 0x01, 0x13, 
	0x01, 0x13, 0x01, 0x13, 0x01, 0x13, 0x01, 0x13, 
	0x01, 0x13, 0x01, 0x13, 0x01, 0x13, 0x01, 0x13, 
	0x01, 0x13, 0x01, 0x13, 0x01, 0x13, 0x01, 0x13, 
	0x01, 0x13, 0x01, 0x13, 0x01, 0x13, 0x01, 0x13, 
	0x01, 0x13, 0x01, 0x13, 0x01, 0x13, 0x01, 0x13, 
	0x01, 0x13, 0x01, 0x13, 0x01, 0x13, 0x01, 0x13, 
	0x01, 0x13, 0x01, 0x13, 0x01, 0x13, 0x01, 0x13, 
	0x01, 0x13, 0x01, 0x13, 0x01, 0x13, 0x01, 0x13, 
	0x01, 0x13, 0x01, 0x13, 0x01, 0x13, 0x01, 0x13, 
	0x01, 0x13, 0x01, 0x13, 0x01, 0x13, 0x01, 0x13, 
	0x01, 0x13, 0x01, 0x13, 0x01, 0x13, 0x01, 0x13, 
	0x01, 0x13, 0x01, 0x13, 0x01, 0x13, 0x01, 0x13, 
	0x01, 0x13, 0x01, 0x13, 0x01, 0x13, 0x01, 0x13, 
	0x01, 0x13, 0x01, 0x13, 0x01, 0x13, 0x01, 0x13, 
	0x01, 0x13, 0x01, 0x13, 0x01, 0x13, 0x01, 0x13, 
	0x01, 0x13, 0x01, 0x13, 0x01, 0x13, 0x01, 0x13, 
	0x01, 0x13, 0x01, 0x13, 0x01, 0x13, 0x01, 0x13, 
	0x01, 0x13, 0x01, 0x13, 0x01, 0x13, 0x01, 0x13, 
	0x01, 0x13, 0x01, 0x13, 0x01, 0x13, 0x01, 0x13, 
	0x01, 0x13, 0x01, 0x13, 0x01, 0x13, 0x01, 0x13, 
	0x01, 0x13, 0x01, 0x13, 0x01, 0x13, 0x01, 0x13, 
	0x01, 0x13, 0x01, 0x13, 0x01, 0x13, 0x01, 0x13, 
	0x01, 0x13, 0x01, 0x13, 0x01, 0x13, 0x01, 0x13, 
	0x01, 0x13, 0x01, 0x13, 0x01, 0x13, 0x01, 0x13, 
	0x01, 0x13, 0x01, 0x13, 0x01, 0x13, 0x01, 0x13, 
	0x01, 0x13, 0x01, 0x13, 0x01, 0x13, 0x01, 0x13, 
	0x01, 0x13, 0x01, 0x13, 0x01, 0x13, 0x01, 0x13, 
	0x01, 0x13, 0x01, 0x13, 0x01, 0x13, 0x01, 0x13, 
	0x01, 0x13, 0x01, 0x13, 0x01, 0x13, 0x01, 0x13, 
	0x01, 0x13, 0x01, 0x13, 0x01, 0x13, 0x01, 0x13, 
	0x01, 0x13, 0x01, 0x13, 0x01, 0x13, 0x01, 0x13, 
	0x01, 0x13, 0x01, 0x13, 0x01, 0x13, 0x01, 0x13, 
	0x01, 0x13, 0x01, 0x13, 0x01, 0x13, 0x01, 0x13, 
	0x01, 0x13, 0x01, 0x13, 0x01, 0x13, 0x01, 0x13, 
	0x01, 0x13, 0x01, 0x13, 0x01, 0x13, 0x01, 0x13, 
	0x01, 0x13, 0x01, 0x13, 0x01, 0x13, 0x01, 0x13, 
	0x01, 0x13, 0x01, 0x13, 0x01, 0x13, 0x01, 0x13, 
	0x01, 0x13, 0x01, 0x13, 0x01, 0x13, 0x01, 0x13, 
	0x01, 0x13, 0x01, 0x13, 0x01, 0x13, 0x01, 0x13, 
	0x01, 0x13, 0x01, 0x13, 0x01, 0x13, 0x01, 0x13, 
	0x01, 0x13, 0x01, 0x13, 0x01, 0x13, 0x01, 0x13, 
	0x01, 0x13, 0x01, 0x13, 0x01, 0x13, 0x01, 0x13, 
	0x01, 0x13, 0x01, 0x13, 0x01, 0x13, 0x01, 0x13, 
	0x01, 0x13, 0x01, 0x13, 0x01, 0x13, 0x01, 0x13, 
	0x01, 0x13, 0x01, 0x13, 0x01, 0x13, 0x01, 0x13, 
	0x01, 0x13, 0x01, 0x13, 0x01, 0x13, 0x01, 0x13, 
	0x01, 0x13, 0x01, 0x13, 0x01, 0x13, 0x01, 0x13, 
	0x01, 0x13, 0x01, 0x13, 0x01, 0x13, 0x01, 0x13, 
	0x01, 0x13, 0x01, 0x13, 0x01, 0x13, 0x01, 0x13, 
	0x01, 0x13, 0x01, 0x13, 0x01, 0x13, 0x01, 0x13, 
	0x01, 0x13, 0x01, 0x13, 0x01, 0x13, 0x01, 0x13, 
	0x01, 0x13, 0x01, 0x13, 0x01, 0x13, 0x01, 0x13, 
	0x01, 0x13, 0x01, 0x13, 0x01, 0x13, 0x01, 0x13, 
	0x01, 0x13, 0x01, 0x13, 0x01, 0x13, 0x01, 0x13, 
	0x01, 0x13, 0x01, 0x13, 0x01, 0x13, 0x01, 0x13, 
	0x01, 0x13, 0x01, 0x13, 0x01, 0x13, 0x01, 0x13, 
	0x01, 0x13, 0x01, 0x13, 0x01, 0x13, 0x01, 0x13, 
	0x01, 0x13, 0x01, 0x13, 0x01, 0x13, 0x01, 0x13, 
	0x01, 0x13, 0x01, 0x13, 0x01, 0x13, 0x01, 0x13, 
	0x01, 0x13, 0x01, 0x13, 0x01, 0x13, 0x01, 0x13, 
	0x01, 0x13, 0x01, 0x13, 0x01, 0x13, 0x01, 0x13, 
	0x01, 0x13, 0x01, 0x13, 0x01, 0x13, 0x01, 0x13, 
	0x01, 0x13, 0x01, 0x13, 0x01, 0x13, 0x01, 0x13, 
	0x01, 0x13, 0x01, 0x13, 0x01, 0x13, 0x01, 0x13, 
	0x01, 0x13, 0x01, 0x13, 0x01, 0x13, 0x01, 0x13, 
	0x01, 0x13, 0x01, 0x13, 0x01, 0x13, 0x01, 0x13, 
	0x01, 0x13, 0x01, 0x13, 0x01, 0x13, 0x01, 0x13, 
	0x01, 0x13, 0x01, 0x13, 0x01, 0x13, 0x01, 0x13, 
	0x01, 0x13, 0x01, 0x13, 0x01, 0x13, 0x01, 0x13, 
	0x01, 0x13, 0x01, 0x13, 0x01, 0x13, 0x01, 0x13, 
	0x01, 0x13, 0x01, 0x13, 0x01, 0x13, 0x01, 0x13, 
	0x01, 0x13, 0x01, 0x13, 0x01, 0x13, 0x01, 0x13, 
	0x01, 0x13, 0x01, 0x13, 0x01, 0x13, 0x01, 0x13, 
	0x01, 0x13, 0x01, 0x13, 0x01, 0x13, 0x01, 0x13, 
	0x01, 0x13, 0x01, 0x13, 0x01, 0x13, 0x01, 0x13, 
	0x01, 0x13, 0x01, 0x13, 0x01, 0x13, 0x01, 0x13, 
	0x01, 0x13, 0x01, 0x13, 0x01, 0x13, 0x01, 0x13, 
	0x01, 0x13, 0x01, 0x13, 0x01, 0x13, 0x01, 0x13, 
	0x01, 0x13, 0x01, 0x13, 0x01, 0x13, 0x01, 0x13, 
	0x01, 0x13, 0x01, 0x13, 0x01, 0x13, 0x01, 0x13, 
	0x01, 0x13, 0x01, 0x13, 0x01, 0x13, 0x01, 0x13, 
	0x01, 0x13, 0x01, 0x13, 0x01, 0x13, 0x01, 0x13, 
	0x01, 0x13, 0x01, 0x13, 0x01, 0x13, 0x01, 0x13, 
	0x01, 0x13, 0x01, 0x13, 0x01, 0x13, 0x01, 0x13, 
	0x01, 0x13, 0x01, 0x13, 0x01, 0x13, 0x01, 0x13, 
	0x01, 0x13, 0x01, 0x13, 0x01, 0x13, 0x01, 0x13, 
	0x01, 0x13, 0x01, 0x13, 0x01, 0x13, 0x01, 0x13, 
	0x01, 0x13, 0x01, 0x13, 0x01, 0x13, 0x01, 0x13, 
	0x01, 0x13, 0x01, 0x13, 0x01, 0x13, 0x01, 0x13, 
	0x01, 0x13, 0x01, 0x13, 0x01, 0x13, 0x01, 0x13, 
	0x01, 0x13, 0x01, 0x13, 0x01, 0x13, 0x01, 0x13, 
	0x01, 0x13, 0x01, 0x13, 0x01, 0x13, 0x01, 0x13, 
	0x01, 0x13, 0x01, 0x13, 0x01, 0x13, 0x01, 0x13, 
	0x01, 0x13, 0x01, 0x13, 0x01, 0x13, 0x01, 0x13, 
	0x01, 0x13, 0x01, 0x13, 0x01, 0x13, 0x01, 0x13, 
	0x01, 0x13, 0x01, 0x13, 0x01, 0x13, 0x01, 0x13, 
	0x01, 0x13, 0x01, 0x13, 0x01, 0x13, 0x01, 0x13, 
	0x01, 0x13, 0x01, 0x13, 0x01, 0x13, 0x01, 0x13, 
	0x01, 0x13, 0x01, 0x13, 0x01, 0x13, 0x01, 0x13, 
	0x01, 0x13, 0x01, 0x13, 0x01, 0x13, 0x01, 0x13, 
	0x01, 0x13, 0x01, 0x13, 0x01, 0x13, 0x01, 0x13, 
	0x01, 0x13, 0x01, 0x13, 0x01, 0x13, 0x01, 0x13, 
	0x01, 0x13, 0x01, 0x13, 0x01, 0x13, 0x01, 0x13, 
	0x01, 0x13, 0x01, 0x13, 0x01, 0x13, 0x01, 0x13, 
	0x01, 0x13, 0x01, 0x13, 0x01, 0x13, 0x01, 0x13, 
	0x01, 0x13, 0x01, 0x13, 0x01, 0x13, 0x01, 0x13, 
	0x01, 0x13, 0x01, 0x13, 0x01, 0x13, 0x01, 0x13, 
	0x01, 0x13, 0x01, 0x13, 0x01, 0x13, 0x01, 0x13, 
	0x01, 0x13, 0x01, 0x13, 0x01, 0x13, 0x01, 0x13, 
	0x01, 0x13, 0x01, 0x13, 0x01, 0x13, 0x01, 0x13, 
	0x01, 0x13, 0x01, 0x13, 0x01, 0x13, 0x01, 0x13, 
	0x01, 0x13, 0x01, 0x13, 0x01, 0x13, 0x01, 0x13, 
	0x01, 0x13, 0x01, 0x13, 0x01, 0x13, 0x01, 0x13, 
	0x01, 0x13, 0x01, 0x13, 0x01, 0x13, 0x01, 0x13, 
	0x01, 0x13, 0x01, 0x13, 0x01, 0x13, 0x01, 0x13, 
	0x01, 0x13, 0x01, 0x13, 0x01, 0x13, 0x01, 0x13, 
	0x01, 0x13, 0x01, 0x13, 0x01, 0x13, 0x01, 0x13, 
	0x01, 0x13, 0x01, 0x13, 0x01, 0x13, 0x01, 0x13, 
	0x01, 0x13, 0x01, 0x13, 0x01, 0x13, 0x01, 0x13, 
	0x01, 0x13, 0x01, 0x13, 0x01, 0x13, 0x01, 0x13, 
	0x01, 0x13, 0x01, 0x13, 0x01, 0x13, 0x01, 0x13, 
	0x01, 0x13, 0x01, 0x13, 0x01, 0x13, 0x01, 0x13, 
	0x01, 0x13, 0x01, 0x13, 0x01, 0x13, 0x01, 0x13, 
	0x01, 0x13, 0x01, 0x13, 0x01, 0x13, 0x01, 0x13, 
	0x01, 0x13, 0x01, 0x13, 0x01, 0x13, 0x01, 0x13, 
	0x01, 0x13, 0x01, 0x13, 0x01, 0x13, 0x01, 0x13, 
	0x01, 0x13, 0x01, 0x13, 0x01, 0x13, 0x01, 0x13, 
	0x01, 0x13, 0x01, 0x13, 0x01, 0x13, 0x01, 0x13, 
	0x01, 0x13, 0x01, 0x13, 0x01, 0x13, 0x01, 0x13, 
	0x01, 0x13, 0x01, 0x13, 0x01, 0x13, 0x01, 0x13, 
	0x01, 0x13, 0x01, 0x13, 0x01, 0x13, 0x01, 0x13, 
	0x01, 0x13, 0x01, 0x13, 0x01, 0x13, 0x01, 0x13, 
	0x01, 0x13, 0x01, 0x13, 0x01, 0x13, 0x01, 0x13, 
	0x01, 0x13, 0x01, 0x13, 0x01, 0x13, 0x01, 0x13, 
	0x01, 0x13, 0x01, 0x13, 0x01, 0x13, 0x01, 0x13, 
	0x01, 0x13, 0x01, 0x13, 0x01, 0x13, 0x01, 0x13, 
	0x01, 0x13, 0x01, 0x13, 0x01, 0x13, 0x01, 0x13, 
	0x01, 0x13, 0x01, 0x13, 0x01, 0x13, 0x01, 0x13, 
	0x01, 0x13, 0x01, 0x13, 0x01, 0x13, 0x01, 0x13, 
	0x01, 0x13, 0x01, 0x13, 0x01, 0x13, 0x01, 0x13, 
	0x01, 0x13, 0x01, 0x13, 0x01, 0x13, 0x01, 0x13, 
	0x01, 0x13, 0x01, 0x13, 0x01, 0x13, 0x01, 0x13, 
	0x01, 0x13, 0x01, 0x13, 0x01, 0x13, 0x01, 0x13, 
	0x01, 0x13, 0x01, 0x13, 0x01, 0x13, 0x01, 0x13, 
	0x01, 0x13, 0x01, 0x13, 0x01, 0x13, 0x01, 0x13, 
	0x01, 0x13, 0x01, 0x13, 0x01, 0x13, 0x01, 0x13, 
	0x01, 0x13, 0x01, 0x13, 0x01, 0x13, 0x01, 0x13, 
	0x01, 0x13, 0x01, 0x13, 0x01, 0x13, 0x01, 0x13, 
	0x01, 0x13, 0x01, 0x13, 0x01, 0x13, 0x01, 0x13, 
	0x01, 0x13, 0x01, 0x13, 0x01, 0x13, 0x01, 0x13, 
	0x01, 0x13, 0x01, 0x13, 0x01, 0x13, 0x01, 0x13, 
	0x01, 0x13, 0x01, 0x13, 0x01, 0x13, 0x01, 0x13, 
	0x01, 0x13, 0x01, 0x13, 0x01, 0x13, 0x01, 0x13, 
	0x01, 0x13, 0x01, 0x13, 0x01, 0x13, 0x01, 0x13, 
	0x01, 0x13, 0x01, 0x13, 0x01, 0x13, 0x01, 0x13, 
	0x01, 0x13, 0x01, 0x13, 0x01, 0x13, 0x01, 0x13, 
	0x01, 0x13, 0x01, 0x13, 0x01, 0x13, 0x01, 0x13, 
	0x01, 0x13, 0x01, 0x13, 0x01, 0x13, 0x01, 0x13, 
	0x01, 0x13, 0x01, 0x13, 0x01, 0x13, 0x01, 0x13, 
	0x01, 0x13, 0x01, 0x13, 0x01, 0x13, 0x01, 0x13, 
	0x01, 0x13, 0x01, 0x13, 0x01, 0x13, 0x01, 0x13, 
	0x01, 0x13, 0x01, 0x13, 0x01, 0x13, 0x01, 0x13, 
	0x01, 0x13, 0x01, 0x13, 0x01, 0x13, 0x01, 0x13, 
	0x01, 0x13, 0x01, 0x13, 0x01, 0x13, 0x01, 0x13, 
	0x01, 0x13, 0x01, 0x13, 0x01, 0x13, 0x01, 0x13, 
	0x01, 0x13, 0x01, 0x13, 0x01, 0x13, 0x01, 0x13, 
	0x01, 0x13, 0x01, 0x13, 0x01, 0x13, 0x01, 0x13, 
	0x01, 0x13, 0x01, 0x13, 0x01, 0x13, 0x01, 0x13, 
	0x01, 0x13, 0x01, 0x13, 0x01, 0x13, 0x01, 0x13, 
	0x01, 0x13, 0x01, 0x13, 0x01, 0x13, 0x01, 0x13, 
	0x01, 0x13, 0x01, 0x13, 0x01, 0x13, 0x01, 0x13, 
	0x01, 0x13, 0x01, 0x13, 0x01, 0x13, 0x01, 0x13, 
	0x01, 0x13, 0x01, 0x13, 0x01, 0x13, 0x01, 0x13, 
	0x01, 0x13, 0x01, 0x13, 0x01, 0x13, 0x01, 0x13, 
	0x01, 0x13, 0x01, 0x13, 0x01, 0x13, 0x01, 0x13, 
	0x01, 0x13, 0x01, 0x13, 0x01, 0x13, 0x01, 0x13, 
	0x01, 0x13, 0x01, 0x13, 0x01, 0x13, 0x01, 0x13, 
	0x01, 0x13, 0x01, 0x13, 0x01, 0x13, 0x01, 0x13, 
	0x01, 0x13, 0x01, 0x13, 0x01, 0x13, 0x01, 0x13, 
	0x01, 0x13, 0x01, 0x13, 0x01, 0x13, 0x01, 0x13, 
	0x01, 0x13, 0x01, 0x13, 0x01, 0x13, 0x01, 0x13, 
	0x01, 0x13, 0x01, 0x13, 0x01, 0x13, 0x01, 0x13, 
	0x01, 0x13, 0x01, 0x13, 0x01, 0x13, 0x01, 0x13, 
	0x01, 0x13, 0x01, 0x13, 0x01, 0x13, 0x01, 0x13, 
	0x01, 0x13, 0x01, 0x13, 0x01, 0x13, 0x01, 0x13, 
	0x01, 0x13, 0x01, 0x13, 0x01, 0x13, 0x01, 0x13, 
	0x01, 0x13, 0x01, 0x13, 0x01, 0x13, 0x01, 0x13, 
	0x01, 0x13, 0x01, 0x13, 0x01, 0x13, 0x01, 0x13, 
	0x01, 0x13, 0x01, 0x13, 0x01, 0x13, 0x01, 0x13, 
	0x01, 0x13, 0x01, 0x13, 0x01, 0x13, 0x01, 0x13, 
	0x01, 0x13, 0x01, 0x13, 0x01, 0x13, 0x01, 0x13, 
	0x01, 0x13, 0x01, 0x13, 0x01, 0x13, 0x01, 0x13, 
	0x01, 0x13, 0x01, 0x13, 0x01, 0x13, 0x01, 0x13, 
	0x01, 0x13, 0x01, 0x13, 0x01, 0x13, 0x01, 0x13, 
	0x01, 0x13, 0x01, 0x13, 0x01, 0x13, 0x01, 0x13, 
	0x01, 0x13, 0x01, 0x13, 0x01, 0x13, 0x01, 0x13, 
	0x01, 0x13, 0x01, 0x13, 0x01, 0x13, 0x01, 0x13, 
	0x01, 0x13, 0x01, 0x13, 0x01, 0x13, 0x01, 0x13, 
	0x01, 0x13, 0x01, 0x13, 0x01, 0x13, 0x01, 0x13, 
	0x01, 0x13, 0x01, 0x13, 0x01, 0x13, 0x01, 0x13, 
	0x01, 0x13, 0x01, 0x13, 0x01, 0x13, 0x01, 0x13, 
	0x01, 0x13, 0x01, 0x13, 0x01, 0x13, 0x01, 0x13, 
	0x01, 0x13, 0x01, 0x13, 0x01, 0x13, 0x01, 0x13, 
	0x01, 0x13, 0x01, 0x13, 0x01, 0x13, 0x01, 0x13, 
	0x01, 0x13, 0x01, 0x13, 0x01, 0x13, 0x01, 0x13, 
	0x01, 0x13, 0x01, 0x13, 0x01, 0x13, 0x01, 0x13, 
	0x01, 0x13, 0x01, 0x13, 0x01, 0x13, 0x01, 0x13, 
	0x01, 0x13, 0x01, 0x13, 0x01, 0x13, 0x01, 0x13, 
	0x01, 0x13, 0x01, 0x13, 0x01, 0x13, 0x01, 0x13, 
	0x01, 0x13, 0x01, 0x13, 0x01, 0x13, 0x01, 0x13, 
	0x01, 0x13, 0x01, 0x13, 0x01, 0x13, 0x01, 0x13, 
	0x01, 0x13, 0x01, 0x13, 0x01, 0x13, 0x01, 0x13, 
	0x01, 0x13, 0x01, 0x13, 0x01, 0x13, 0x01, 0x13, 
	0x01, 0x13, 0x01, 0x13, 0x01, 0x13, 0x01, 0x13, 
	0x01, 0x13, 0x01, 0x13, 0x01, 0x13, 0x01, 0x13, 
	0x01, 0x13, 0x01, 0x13, 0x01, 0x13, 0x01, 0x13, 
	0x01, 0x13, 0x01, 0x13, 0x01, 0x13, 0x01, 0x13, 
	0x01, 0x13, 0x01, 0x13, 0x01, 0x13, 0x01, 0x13, 
	0x01, 0x13, 0x01, 0x13, 0x01, 0x13, 0x01, 0x13, 
	0x01, 0x13, 0x01, 0x13, 0x01, 0x13, 0x01, 0x13, 
	0x01, 0x13, 0x01, 0x13, 0x01, 0x13, 0x01, 0x13, 
	0x01, 0x13, 0x01, 0x13, 0x01, 0x13, 0x01, 0x13, 
	0x01, 0x13, 0x01, 0x13, 0x01, 0x13, 0x01, 0x13, 
	0x01, 0x13, 0x01, 0x13, 0x01, 0x13, 0x01, 0x13, 
	0x01, 0x13, 0x01, 0x13, 0x01, 0x13, 0x01, 0x13, 
	0x01, 0x13, 0x01, 0x13, 0x01, 0x13, 0x01, 0x13, 
	0x01, 0x13, 0x01, 0x13, 0x01, 0x13, 0x01, 0x13, 
	0x01, 0x13, 0x01, 0x13, 0x01, 0x13, 0x01, 0x13, 
	0x01, 0x13, 0x01, 0x13, 0x01, 0x13, 0x01, 0x13, 
	0x01, 0x13, 0x01, 0x13, 0x01, 0x13, 0x01, 0x13, 
	0x01, 0x13, 0x01, 0x13, 0x01, 0x13, 0x01, 0x13, 
	0x01, 0x13, 0x01, 0x13, 0x01, 0x13, 0x01, 0x13, 
	0x01, 0x13, 0x01, 0x13, 0x01, 0x13, 0x01, 0x13, 
	0x01, 0x13, 0x01, 0x13, 0x01, 0x13, 0x01, 0x13, 
	0x01, 0x13, 0x01, 0x13, 0x01, 0x13, 0x01, 0x13, 
	0x01, 0x13, 0x01, 0x13, 0x01, 0x13, 0x01, 0x13, 
	0x01, 0x13, 0x01, 0x13, 0x01, 0x13, 0x01, 0x13, 
	0x01, 0x13, 0x01, 0x13, 0x01, 0x13, 0x01, 0x13, 
	0x01, 0x13, 0x01, 0x13, 0x01, 0x13, 0x01, 0x13, 
	0x01, 0x13, 0x01, 0x13, 0x01, 0x13, 0x01, 0x13, 
	0x01, 0x13, 0x01, 0x13, 0x01, 0x13, 0x01, 0x13, 
	0x01, 0x13, 0x01, 0x13, 0x01, 0x13, 0x01, 0x13, 
	0x01, 0x13, 0x01, 0x13, 0x01, 0x13, 0x01, 0x13, 
	0x01, 0x13, 0x01, 0x13, 0x01, 0x13, 0x01, 0x13, 
	0x01, 0x13, 0x01, 0x13, 0x01, 0x13, 0x01, 0x13, 
	0x01, 0x13, 0x01, 0x13, 0x01, 0x13, 0x01, 0x13, 
	0x01, 0x13, 0x01, 0x13, 0x01, 0x13, 0x01, 0x13, 
	0x01, 0x13, 0x01, 0x13, 0x01, 0x13, 0x01, 0x13, 
	0x01, 0x13, 0x01, 0x13, 0x01, 0x13, 0x01, 0x13, 
	0x01, 0x13, 0x01, 0x13, 0x01, 0x13, 0x01, 0x13, 
	0x01, 0x13, 0x01, 0x13, 0x01, 0x13, 0x01, 0x13, 
	0x01, 0x13, 0x01, 0x13, 0x01, 0x13, 0x01, 0x13, 
	0x01, 0x13, 0x01, 0x13, 0x01, 0x13, 0x01, 0x13, 
	0x01, 0x13, 0x01, 0x13, 0x01, 0x13, 0x01, 0x13, 
	0x01, 0x13, 0x01, 0x13, 0x01, 0x13, 0x01, 0x13, 
	0x01, 0x13, 0x01, 0x13, 0x01, 0x13, 0x01, 0x13, 
	0x01, 0x13, 0x01, 0x13, 0x01, 0x13, 0x01, 0x13, 
	0x01, 0x13, 0x01, 0x13, 0x01, 0x13, 0x01, 0x13, 
	0x01, 0x13, 0x01, 0x13, 0x01, 0x13, 0x01, 0x13, 
	0x01, 0x13, 0x01, 0x13, 0x01, 0x13, 0x01, 0x13, 
	0x01, 0x13, 0x01, 0x13, 0x01, 0x13, 0x01, 0x13, 
	0x01, 0x13, 0x01, 0x13, 0x01, 0x13, 0x01, 0x13, 
	0x01, 0x13, 0x01, 0x13, 0x01, 0x13, 0x01, 0x13, 
	0x01, 0x13, 0x01, 0x13, 0x01, 0x13, 0x01, 0x13, 
	0x01, 0x13, 0x01, 0x13, 0x01, 0x13, 0x01, 0x13, 
	0x01, 0x13, 0x01, 0x13, 0x01, 0x13, 0x01, 0x13, 
	0x01, 0x13, 0x01, 0x13, 0x01, 0x13, 0x01, 0x13, 
	0x01, 0x13, 0x01, 0x13, 0x01, 0x13, 0x01, 0x13, 
	0x01, 0x13, 0x01, 0x13, 0x01, 0x13, 0x01, 0x13, 
	0x01, 0x13, 0x01, 0x13, 0x01, 0x13, 0x01, 0x13, 
	0x01, 0x13, 0x01, 0x13, 0x01, 0x13, 0x01, 0x13, 
	0x01, 0x13, 0x01, 0x13, 0x01, 0x13, 0x01, 0x13, 
	0x01, 0x13, 0x01, 0x13, 0x01, 0x13, 0x01, 0x13, 
	0x01, 0x13, 0x01, 0x13, 0x01, 0x13, 0x01, 0x13, 
	0x01, 0x13, 0x01, 0x13, 0x01, 0x13, 0x01, 0x13, 
	0x01, 0x13, 0x01, 0x13, 0x01, 0x13, 0x01, 0x13, 
	0x01, 0x13, 0x01, 0x13, 0x01, 0x13, 0x01, 0x13, 
	0x01, 0x13, 0x01, 0x13, 0x01, 0x13, 0x01, 0x13, 
	0x01, 0x13, 0x01, 0x13, 0x01, 0x13, 0x01, 0x13, 
	0x01, 0x13, 0x01, 0x13, 0x01, 0x13, 0x01, 0x13, 
	0x01, 0x13, 0x01, 0x13, 0x01, 0x13, 0x01, 0x13, 
	0x01, 0x13, 0x01, 0x13, 0x01, 0x13, 0x01, 0x13, 
	0x01, 0x13, 0x01, 0x13, 0x01, 0x13, 0x01, 0x13, 
	0x01, 0x13, 0x01, 0x13, 0x01, 0x13, 0x01, 0x13, 
	0x01, 0x13, 0x01, 0x13, 0x01, 0x13, 0x01, 0x13, 
	0x01, 0x13, 0x01, 0x13, 0x01, 0x13, 0x01, 0x13, 
	0x01, 0x13, 0x01, 0x13, 0x01, 0x13, 0x01, 0x13, 
	0x01, 0x13, 0x01, 0x13, 0x01, 0x13, 0x01, 0x13, 
	0x01, 0x13, 0x01, 0x13, 0x01, 0x13, 0x01, 0x13, 
	0x01, 0x13, 0x01, 0x13, 0x01, 0x13, 0x01, 0x13, 
	0x01, 0x13, 0x01, 0x13, 0x01, 0x13, 0x01, 0x13, 
	0x01, 0x13, 0x01, 0x13, 0x01, 0x13, 0x01, 0x13, 
	0x01, 0x13, 0x01, 0x13, 0x01, 0x13, 0x01, 0x13, 
	0x01, 0x13, 0x01, 0x13, 0x01, 0x13, 0x01, 0x13, 
	0x01, 0x13, 0x01, 0x13, 0x01, 0x13, 0x01, 0x13, 
	0x01, 0x13, 0x01, 0x13, 0x01, 0x13, 0x01, 0x13, 
	0x01, 0x13, 0x01, 0x13, 0x01, 0x13, 0x01, 0x13, 
	0x01, 0x13, 0x01, 0x13, 0x01, 0x13, 0x01, 0x13, 
	0x01, 0x13, 0x01, 0x13, 0x01, 0x13, 0x01, 0x13, 
	0x01, 0x13, 0x01, 0x13, 0x01, 0x13, 0x01, 0x13, 
	0x01, 0x13, 0x01, 0x13, 0x01, 0x13, 0x01, 0x13, 
	0x01, 0x13, 0x01, 0x13, 0x01, 0x13, 0x01, 0x13, 
	0x01, 0x13, 0x01, 0x13, 0x01, 0x13, 0x01, 0x13, 
	0x01, 0x13, 0x01, 0x13, 0x01, 0x13, 0x01, 0x13, 
	0x01, 0x13, 0x01, 0x13, 0x01, 0x13, 0x01, 0x13, 
	0x01, 0x13, 0x01, 0x13, 0x01, 0x13, 0x01, 0x13, 
	0x01, 0x13, 0x01, 0x13, 0x01, 0x13, 0x01, 0x13, 
	0x01, 0x13, 0x01, 0x13, 0x01, 0x13, 0x01, 0x13, 
	0x01, 0x13, 0x01, 0x13, 0x01, 0x13, 0x01, 0x13, 
	0x01, 0x13, 0x01, 0x13, 0x01, 0x13, 0x01, 0x13, 
	0x01, 0x13, 0x01, 0x13, 0x01, 0x13, 0x01, 0x13, 
	0x01, 0x13, 0x01, 0x13, 0x01, 0x13, 0x01, 0x13, 
	0x01, 0x13, 0x01, 0x13, 0x01, 0x13, 0x01, 0x13, 
	0x01, 0x13, 0x01, 0x13, 0x01, 0x13, 0x01, 0x13, 
	0x01, 0x13, 0x01, 0x13, 0x01, 0x13, 0x01, 0x13, 
	0x01, 0x13, 0x01, 0x13, 0x01, 0x13, 0x01, 0x13, 
	0x01, 0x13, 0x01, 0x13, 0x01, 0x13, 0x01, 0x13, 
	0x01, 0x13, 0x01, 0x13, 0x01, 0x13, 0x01, 0x13, 
	0x01, 0x13, 0x01, 0x13, 0x01, 0x13, 0x01, 0x13, 
	0x01, 0x13, 0x01, 0x13, 0x01, 0x13, 0x01, 0x13, 
	0x01, 0x13, 0x01, 0x13, 0x01, 0x13, 0x01, 0x13, 
	0x01, 0x13, 0x01, 0x13, 0x01, 0x13, 0x01, 0x13, 
	0x01, 0x13, 0x01, 0x13, 0x01, 0x13, 0x01, 0x13, 
	0x01, 0x13, 0x01, 0x13, 0x01, 0x13, 0x01, 0x13, 
	0x01, 0x13, 0x01, 0x13, 0x01, 0x13, 0x01, 0x13, 
	0x01, 0x13, 0x01, 0x13, 0x01, 0x13, 0x01, 0x13, 
	0x01, 0x13, 0x01, 0x13, 0x01, 0x13, 0x01, 0x13, 
	0x01, 0x13, 0x01, 0x13, 0x01, 0x13, 0x01, 0x13, 
	0x01, 0x13, 0x01, 0x13, 0x01, 0x13, 0x01, 0x13, 
	0x01, 0x13, 0x01, 0x13, 0x01, 0x13, 0x01, 0x13, 
	0x01, 0x13, 0x01, 0x13, 0x01, 0x13, 0x01, 0x13, 
	0x01, 0x13, 0x01, 0x13, 0x01, 0x13, 0x01, 0x13, 
	0x01, 0x13, 0x01, 0x13, 0x01, 0x13, 0x01, 0x13, 
	0x01, 0x13, 0x01, 0x13, 0x01, 0x13, 0x01, 0x13, 
	0x01, 0x13, 0x01, 0x13, 0x01, 0x13, 0x01, 0x13, 
	0x01, 0x13, 0x01, 0x13, 0x01, 0x13, 0x01, 0x13, 
	0x01, 0x13, 0x01, 0x13, 0x01, 0x13, 0x01, 0x13, 
	0x01, 0x13, 0x01, 0x13, 0x01, 0x13, 0x01, 0x13, 
	0x01, 0x13, 0x01, 0x13, 0x01, 0x13, 0x01, 0x13, 
	0x01, 0x13, 0x01, 0x13, 0x01, 0x13, 0x01, 0x13, 
	0x01, 0x13, 0x01, 0x13, 0x01, 0x13, 0x01, 0x13, 
	0x01, 0x13, 0x01, 0x13, 0x01, 0x13, 0x01, 0x13, 
	0x01, 0x13, 0x01, 0x13, 0x01, 0x13, 0x01, 0x13, 
	0x01, 0x13, 0x01, 0x13, 0x01, 0x13, 0x01, 0x13, 
	0x01, 0x13, 0x01, 0x13, 0x01, 0x13, 0x01, 0x13, 
	0x01, 0x13, 0x01, 0x13, 0x01, 0x13, 0x01, 0x13, 
	0x01, 0x13, 0x01, 0x13, 0x01, 0x13, 0x01, 0x13, 
	0x01, 0x13, 0x01, 0x13, 0x01, 0x13, 0x01, 0x13, 
	0x01, 0x13, 0x01, 0x13, 0x01, 0x13, 0x01, 0x13, 
	0x01, 0x13, 0x01, 0x13, 0x01, 0x13, 0x01, 0x13, 
	0x01, 0x13, 0x01, 0x13, 0x01, 0x13, 0x01, 0x13, 
	0x01, 0x13, 0x01, 0x13, 0x01, 0x13, 0x01, 0x13, 
	0x01, 0x13, 0x01, 0x13, 0x01, 0x13, 0x01, 0x13, 
	0x01, 0x13, 0x01, 0x13, 0x01, 0x13, 0x01, 0x13, 
	0x01, 0x13, 0x01, 0x13, 0x01, 0x13, 0x01, 0x13, 
	0x01, 0x13, 0x01, 0x13, 0x01, 0x13, 0x01, 0x13, 
	0x01, 0x13, 0x01, 0x13, 0x01, 0x13, 0x01, 0x13, 
	0x01, 0x13, 0x01, 0x13, 0x01, 0x13, 0x01, 0x13, 
	0x01, 0x13, 0x01, 0x13, 0x01, 0x13, 0x01, 0x13, 
	0x01, 0x13, 0x01, 0x13, 0x01, 0x13, 0x01, 0x13, 
	0x01, 0x13, 0x01, 0x13, 0x01, 0x13, 0x01, 0x13, 
	0x01, 0x13, 0x01, 0x13, 0x01, 0x13, 0x01, 0x13, 
	0x01, 0x13, 0x01, 0x13, 0x01, 0x13, 0x01, 0x13, 
	0x01, 0x13, 0x01, 0x13, 0x01, 0x13, 0x01, 0x13, 
	0x01, 0x13, 0x01, 0x13, 0x01, 0x13, 0x01, 0x13, 
	0x01, 0x13, 0x01, 0x13, 0x01, 0x13, 0x01, 0x13, 
	0x01, 0x13, 0x01, 0x13, 0x01, 0x13, 0x01, 0x13, 
	0x01, 0x13, 0x01, 0x13, 0x01, 0x13, 0x01, 0x13, 
	0x01, 0x13, 0x01, 0x13, 0x01, 0x13, 0x01, 0x13, 
	0x01, 0x13, 0x01, 0x13, 0x01, 0x13, 0x01, 0x13, 
	0x01, 0x13, 0x01, 0x13, 0x01, 0x13, 0x01, 0x13, 
	0x01, 0x13, 0x01, 0x13, 0x01, 0x13, 0x01, 0x13, 
	0x01, 0x13, 0x01, 0x13, 0x01, 0x13, 0x01, 0x13, 
	0x01, 0x13, 0x01, 0x13, 0x01, 0x13, 0x01, 0x13, 
	0x01, 0x13, 0x01, 0x13, 0x01, 0x13, 0x01, 0x13, 
	0x01, 0x13, 0x01, 0x13, 0x01, 0x13, 0x01, 0x13, 
	0x01, 0x13, 0x01, 0x13, 0x01, 0x13, 0x01, 0x13, 
	0x01, 0x13, 0x01, 0x13, 0x01, 0x13, 0x01, 0x13, 
	0x01, 0x13, 0x01, 0x13, 0x01, 0x13, 0x01, 0x13, 
	0x01, 0x13, 0x01, 0x13, 0x01, 0x13, 0x01, 0x13, 
	0x01, 0x13, 0x01, 0x13, 0x01, 0x13, 0x01, 0x13, 
	0x01, 0x13, 0x01, 0x13, 0x01, 0x13, 0x01, 0x13, 
	0x01, 0x13, 0x01, 0x13, 0x01, 0x13, 0x01, 0x13, 
	0x01, 0x13, 0x01, 0x13, 0x01, 0x13, 0x01, 0x13, 
	0x01, 0x13, 0x01, 0x13, 0x01, 0x13, 0x01, 0x13, 
	0x01, 0x13, 0x01, 0x13, 0x01, 0x13, 0x01, 0x13, 
	0x01, 0x13, 0x01, 0x13, 0x01, 0x13, 0x01, 0x13, 
	0x01, 0x13, 0x01, 0x13, 0x01, 0x13, 0x01, 0x13, 
	0x01, 0x13, 0x01, 0x13, 0x01, 0x13, 0x01, 0x13, 
	0x01, 0x13, 0x01, 0x13, 0x01, 0x13, 0x01, 0x13, 
	0x01, 0x13, 0x01, 0x13, 0x01, 0x13, 0x01, 0x13, 
	0x01, 0x13, 0x01, 0x13, 0x01, 0x13, 0x01, 0x13, 
	0x01, 0x13, 0x01, 0x13, 0x01, 0x13, 0x01, 0x13, 
	0x01, 0x13, 0x01, 0x13, 0x01, 0x13, 0x01, 0x13, 
	0x01, 0x13, 0x01, 0x13, 0x01, 0x13, 0x01, 0x13, 
	0x01, 0x13, 0x01, 0x13, 0x01, 0x13, 0x01, 0x13, 
	0x01, 0x13, 0x01, 0x13, 0x01, 0x13, 0x01, 0x13, 
	0x01, 0x13, 0x01, 0x13, 0x01, 0x13, 0x01, 0x13, 
	0x01, 0x13, 0x01, 0x13, 0x01, 0x13, 0x01, 0x13, 
	0x01, 0x13, 0x01, 0x13, 0x01, 0x13, 0x01, 0x13, 
	0x01, 0x13, 0x01, 0x13, 0x01, 0x13, 0x01, 0x13, 
	0x01, 0x13, 0x01, 0x13, 0x01, 0x13, 0x01, 0x13, 
	0x01, 0x13, 0x01, 0x13, 0x01, 0x13, 0x01, 0x13, 
	0x01, 0x13, 0x01, 0x13, 0x01, 0x13, 0x01, 0x13, 
	0x01, 0x13, 0x01, 0x13, 0x01, 0x13, 0x01, 0x13, 
	0x01, 0x13, 0x01, 0x13, 0x01, 0x13, 0x01, 0x13, 
	0x01, 0x13, 0x01, 0x13, 0x01, 0x13, 0x01, 0x13, 
	0x01, 0x13, 0x01, 0x13, 0x01, 0x13, 0x01, 0x13, 
	0x01, 0x13, 0x01, 0x13, 0x01, 0x13, 0x01, 0x13, 
	0x01, 0x13, 0x01, 0x13, 0x01, 0x13, 0x01, 0x13, 
	0x01, 0x13, 0x01, 0x13, 0x01, 0x13, 0x01, 0x13, 
	0x01, 0x13, 0x01, 0x13, 0x01, 0x13, 0x01, 0x13, 
	0x01, 0x13, 0x01, 0x13, 0x01, 0x13, 0x01, 0x13, 
	0x01, 0x13, 0x01, 0x13, 0x01, 0x13, 0x01, 0x13, 
	0x01, 0x13, 0x01, 0x13, 0x01, 0x13, 0x01, 0x13, 
	0x01, 0x13, 0x01, 0x13, 0x01, 0x13, 0x01, 0x13, 
	0x01, 0x13, 0x01, 0x13, 0x01, 0x13, 0x01, 0x13, 
	0x01, 0x13, 0x01, 0x13, 0x01, 0x13, 0x01, 0x13, 
	0x01, 0x13, 0x01, 0x13, 0x01, 0x13, 0x01, 0x13, 
	0x01, 0x13, 0x01, 0x13, 0x01, 0x13, 0x01, 0x13, 
	0x01, 0x13, 0x01, 0x13, 0x01, 0x13, 0x01, 0x13, 
	0x01, 0x13, 0x01, 0x13, 0x01, 0x13, 0x01, 0x13, 
	0x01, 0x13, 0x01, 0x13, 0x01, 0x13, 0x01, 0x13, 
	0x01, 0x13, 0x01, 0x13, 0x01, 0x13, 0x01, 0x13, 
	0x01, 0x13, 0x01, 0x13, 0x01, 0x13, 0x01, 0x13, 
	0x01, 0x13, 0x01, 0x13, 0x01, 0x13, 0x01, 0x13, 
	0x01, 0x13, 0x01, 0x13, 0x01, 0x13, 0x01, 0x13, 
	0x01, 0x13, 0x01, 0x13, 0x01, 0x13, 0x01, 0x13, 
	0x01, 0x13, 0x01, 0x13, 0x01, 0x13, 0x01, 0x13, 
	0x01, 0x13, 0x01, 0x13, 0x01, 0x13, 0x01, 0x13, 
	0x01, 0x13, 0x01, 0x13, 0x01, 0x13, 0x01, 0x13, 
	0x01, 0x13, 0x01, 0x13, 0x01, 0x13, 0x01, 0x13, 
	0x01, 0x13, 0x01, 0x13, 0x01, 0x13, 0x01, 0x13, 
	0x01, 0x13, 0x01, 0x13, 0x01, 0x13, 0x01, 0x13, 
	0x01, 0x13, 0x01, 0x13, 0x01, 0x13, 0x01, 0x13, 
	0x01, 0x13, 0x01, 0x13, 0x01, 0x13, 0x01, 0x13, 
	0x01, 0x13, 0x01, 0x13, 0x01, 0x13, 0x01, 0x13, 
	0x01, 0x13, 0x01, 0x13, 0x01, 0x13, 0x01, 0x13, 
	0x01, 0x13, 0x01, 0x13, 0x01, 0x13, 0x01, 0x13, 
	0x01, 0x13, 0x01, 0x13, 0x01, 0x13, 0x01, 0x13, 
	0x01, 0x13, 0x01, 0x13, 0x01, 0x13, 0x01, 0x13, 
	0x01, 0x13, 0x01, 0x13, 0x01, 0x13, 0x01, 0x13, 
	0x01, 0x13, 0x01, 0x13, 0x01, 0x13, 0x01, 0x13, 
	0x01, 0x13, 0x01, 0x13, 0x01, 0x13, 0x01, 0x13, 
	0x01, 0x13, 0x01, 0x13, 0x01, 0x13, 0x01, 0x13, 
	0x01, 0x13, 0x01, 0x13, 0x01, 0x13, 0x01, 0x13, 
	0x01, 0x13, 0x01, 0x13, 0x01, 0x13, 0x01, 0x13, 
	0x01, 0x13, 0x01, 0x13, 0x01, 0x13, 0x01, 0x13, 
	0x01, 0x13, 0x01, 0x13, 0x01, 0x13, 0x01, 0x13, 
	0x01, 0x13, 0x01, 0x13, 0x01, 0x13, 0x01, 0x13, 
	0x01, 0x13, 0x01, 0x13, 0x01, 0x13, 0x01, 0x13, 
	0x01, 0x13, 0x01, 0x13, 0x01, 0x13, 0x01, 0x13, 
	0x01, 0x13, 0x01, 0x13, 0x01, 0x13, 0x01, 0x13, 
	0x01, 0x13, 0x01, 0x13, 0x01, 0x13, 0x01, 0x13, 
	0x01, 0x13, 0x01, 0x13, 0x01, 0x13, 0x01, 0x13, 
	0x01, 0x13, 0x01, 0x13, 0x01, 0x13, 0x01, 0x13, 
	0x01, 0x13, 0x01, 0x13, 0x01, 0x13, 0x01, 0x13, 
	0x01, 0x13, 0x01, 0x13, 0x01, 0x13, 0x01, 0x13, 
	0x01, 0x13, 0x01, 0x13, 0x01, 0x13, 0x01, 0x13, 
	0x01, 0x13, 0x01, 0x13, 0x01, 0x13, 0x01, 0x13, 
	0x01, 0x13, 0x01, 0x13, 0x01, 0x13, 0x01, 0x13, 
	0x01, 0x13, 0x01, 0x13, 0x01, 0x13, 0x01, 0x13, 
	0x01, 0x13, 0x01, 0x13, 0x01, 0x13, 0x01, 0x13, 
	0x01, 0x13, 0x01, 0x13, 0x01, 0x13, 0x01, 0x13, 
	0x01, 0x13, 0x01, 0x13, 0x01, 0x13, 0x01, 0x13, 
	0x01, 0x13, 0x01, 0x13, 0x01, 0x13, 0x01, 0x13, 
	0x01, 0x13, 0x01, 0x13, 0x01, 0x13, 0x01, 0x13, 
	0x01, 0x13, 0x01, 0x13, 0x01, 0x13, 0x01, 0x13, 
	0x01, 0x13, 0x01, 0x13, 0x01, 0x13, 0x01, 0x13, 
	0x01, 0x13, 0x01, 0x13, 0x01, 0x13, 0x01, 0x13, 
	0x01, 0x13, 0x01, 0x13, 0x01, 0x13, 0x01, 0x13, 
	0x01, 0x13, 0x01, 0x13, 0x01, 0x13, 0x01, 0x13, 
	0x01, 0x13, 0x01, 0x13, 0x01, 0x13, 0x01, 0x13, 
	0x01, 0x13, 0x01, 0x13, 0x01, 0x13, 0x01, 0x13, 
	0x01, 0x13, 0x01, 0x13, 0x01, 0x13, 0x01, 0x13, 
	0x01, 0x13, 0x01, 0x13, 0x01, 0x13, 0x01, 0x13, 
	0x01, 0x13, 0x01, 0x13, 0x01, 0x13, 0x01, 0x13, 
	0x01, 0x13, 0x01, 0x13, 0x01, 0x13, 0x01, 0x13, 
	0x01, 0x13, 0x01, 0x13, 0x01, 0x13, 0x01, 0x13, 
	0x01, 0x13, 0x01, 0x13, 0x01, 0x13, 0x01, 0x13, 
	0x01, 0x13, 0x01, 0x13, 0x01, 0x13, 0x01, 0x13, 
	0x01, 0x13, 0x01, 0x13, 0x01, 0x13, 0x01, 0x13, 
	0x01, 0x13, 0x01, 0x13, 0x01, 0x13, 0x01, 0x13, 
	0x01, 0x13, 0x01, 0x13, 0x01, 0x13, 0x01, 0x13, 
	0x01, 0x13, 0x01, 0x13, 0x01, 0x13, 0x01, 0x13, 
	0x01, 0x13, 0x01, 0x13, 0x01, 0x13, 0x01, 0x13, 
	0x01, 0x13, 0x01, 0x13, 0x01, 0x13, 0x01, 0x13, 
	0x01, 0x13, 0x01, 0x13, 0x01, 0x13, 0x01, 0x13, 
	0x01, 0x13, 0x01, 0x13, 0x01, 0x13, 0x01, 0x13, 
	0x01, 0x13, 0x01, 0x13, 0x01, 0x13, 0x01, 0x13, 
	0x01, 0x13, 0x01, 0x13, 0x01, 0x13, 0x01, 0x13, 
	0x01, 0x13, 0x01, 0x13, 0x01, 0x13, 0x01, 0x13, 
	0x01, 0x13, 0x01, 0x13, 0x01, 0x13, 0x01, 0x13, 
	0x01, 0x13, 0x01, 0x13, 0x01, 0x13, 0x01, 0x13, 
	0x01, 0x13, 0x01, 0x13, 0x01, 0x13, 0x01, 0x13, 
	0x01, 0x13, 0x01, 0x13, 0x01, 0x13, 0x01, 0x13, 
	0x01, 0x13, 0x01, 0x13, 0x01, 0x13, 0x01, 0x13, 
	0x01, 0x13, 0x01, 0x13, 0x01, 0x13, 0x01, 0x13, 
	0x01, 0x13, 0x01, 0x13, 0x01, 0x13, 0x01, 0x13, 
	0x01, 0x13, 0x01, 0x13, 0x01, 0x13, 0x01, 0x13, 
	0x01, 0x13, 0x01, 0x13, 0x01, 0x13, 0x01, 0x13, 
	0x01, 0x13, 0x01, 0x13, 0x01, 0x13, 0x01, 0x13, 
	0x01, 0x13, 0x01, 0x13, 0x01, 0x13, 0x01, 0x13, 
	0x01, 0x13, 0x01, 0x13, 0x01, 0x13, 0x01, 0x13, 
	0x01, 0x13, 0x01, 0x13, 0x01, 0x13, 0x01, 0x13, 
	0x01, 0x13, 0x01, 0x13, 0x01, 0x13, 0x01, 0x13, 
	0x01, 0x13, 0x01, 0x13, 0x01, 0x13, 0x01, 0x13, 
	0x01, 0x13, 0x01, 0x13, 0x01, 0x13, 0x01, 0x13, 
	0x01, 0x13, 0x01, 0x13, 0x01, 0x13, 0x01, 0x13, 
	0x01, 0x13, 0x01, 0x13, 0x01, 0x13, 0x01, 0x13, 
	0x01, 0x13, 0x01, 0x13, 0x01, 0x13, 0x01, 0x13, 
	0x01, 0x13, 0x01, 0x13, 0x01, 0x13, 0x01, 0x13, 
	0x01, 0x13, 0x01, 0x13, 0x01, 0x13, 0x01, 0x13, 
	0x01, 0x13, 0x01, 0x13, 0x01, 0x13, 0x01, 0x13, 
	0x01, 0x13, 0x01, 0x13, 0x01, 0x13, 0x01, 0x13, 
	0x01, 0x13, 0x01, 0x13, 0x01, 0x13, 0x01, 0x13, 
	0x01, 0x13, 0x01, 0x13, 0x01, 0x13, 0x01, 0x13, 
	0x01, 0x13, 0x01, 0x13, 0x01, 0x13, 0x01, 0x13, 
	0x01, 0x13, 0x01, 0x13, 0x01, 0x13, 0x01, 0x13, 
	0x01, 0x13, 0x01, 0x13, 0x01, 0x13, 0x01, 0x13, 
	0x01, 0x13, 0x01, 0x13, 0x01, 0x13, 0x01, 0x13, 
	0x01, 0x13, 0x01, 0x13, 0x01, 0x13, 0x01, 0x13, 
	0x01, 0x13, 0x01, 0x13, 0x01, 0x13, 0x01, 0x13, 
	0x01, 0x13, 0x01, 0x13, 0x01, 0x13, 0x01, 0x13, 
	0x01, 0x13, 0x01, 0x13, 0x01, 0x13, 0x01, 0x13, 
	0x01, 0x13, 0x01, 0x13, 0x01, 0x13, 0x01, 0x13, 
	0x01, 0x13, 0x01, 0x13, 0x01, 0x13, 0x01, 0x13, 
	0x01, 0x13, 0x01, 0x13, 0x01, 0x13, 0x01, 0x13, 
	0x01, 0x13, 0x01, 0x13, 0x01, 0x13, 0x01, 0x13, 
	0x01, 0x13, 0x01, 0x13, 0x01, 0x13, 0x01, 0x13, 
	0x01, 0x13, 0x01, 0x13, 0x01, 0x13, 0x01, 0x13, 
	0x01, 0x13, 0x01, 0x13, 0x01, 0x13, 0x01, 0x13, 
	0x01, 0x13, 0x01, 0x13, 0x01, 0x13, 0x01, 0x13, 
	0x01, 0x13, 0x01, 0x13, 0x01, 0x13, 0x01, 0x13, 
	0x01, 0x13, 0x01, 0x13, 0x01, 0x13, 0x01, 0x13, 
	0x01, 0x13, 0x01, 0x13, 0x01, 0x13, 0x01, 0x13, 
	0x01, 0x13, 0x01, 0x13, 0x01, 0x13, 0x01, 0x13, 
	0x01, 0x13, 0x01, 0x13, 0x01, 0x13, 0x01, 0x13, 
	0x01, 0x13, 0x01, 0x13, 0x01, 0x13, 0x01, 0x13, 
	0x01, 0x13, 0x01, 0x13, 0x01, 0x13, 0x01, 0x13, 
	0x01, 0x13, 0x01, 0x13, 0x01, 0x13, 0x01, 0x13, 
	0x01, 0x13, 0x01, 0x13, 0x01, 0x13, 0x01, 0x13, 
	0x01, 0x13, 0x01, 0x13, 0x01, 0x13, 0x01, 0x13, 
	0x01, 0x13, 0x01, 0x13, 0x01, 0x13, 0x01, 0x13, 
	0x01, 0x13, 0x01, 0x13, 0x01, 0x13, 0x01, 0x13, 
	0x01, 0x13, 0x01, 0x13, 0x01, 0x13, 0x01, 0x13, 
	0x01, 0x13, 0x01, 0x13, 0x01, 0x13, 0x01, 0x13, 
	0x01, 0x13, 0x01, 0x13, 0x01, 0x13, 0x01, 0x13, 
	0x01, 0x13, 0x01, 0x13, 0x01, 0x13, 0x01, 0x13, 
	0x01, 0x13, 0x01, 0x13, 0x01, 0x13, 0x01, 0x13, 
	0x01, 0x13, 0x01, 0x13, 0x01, 0x13, 0x01, 0x13, 
	0x01, 0x13, 0x01, 0x13, 0x01, 0x13, 0x01, 0x13, 
	0x01, 0x13, 0x01, 0x13, 0x01, 0x13, 0x01, 0x13, 
	0x01, 0x13, 0x01, 0x13, 0x01, 0x13, 0x01, 0x13, 
	0x01, 0x13, 0x01, 0x13, 0x01, 0x13, 0x01, 0x13, 
	0x01, 0x13, 0x01, 0x13, 0x01, 0x13, 0x01, 0x13, 
	0x01, 0x13, 0x01, 0x13, 0x01, 0x13, 0x01, 0x13, 
	0x01, 0x13, 0x01, 0x13, 0x01, 0x13, 0x01, 0x13, 
	0x01, 0x13, 0x01, 0x13, 0x01, 0x13, 0x01, 0x13, 
	0x01, 0x13, 0x01, 0x13, 0x01, 0x13, 0x01, 0x13, 
	0x01, 0x13, 0x01, 0x13, 0x01, 0x13, 0x01, 0x13, 
	0x01, 0x13, 0x01, 0x13, 0x01, 0x13, 0x01, 0x13, 
	0x01, 0x13, 0x01, 0x13, 0x01, 0x13, 0x01, 0x13, 
	0x01, 0x13, 0x01, 0x13, 0x01, 0x13, 0x01, 0x13, 
	0x01, 0x13, 0x01, 0x13, 0x01, 0x13, 0x01, 0x13, 
	0x01, 0x13, 0x01, 0x13, 0x01, 0x13, 0x01, 0x13, 
	0x01, 0x13, 0x01, 0x13, 0x01, 0x13, 0x01, 0x13, 
	0x01, 0x13, 0x01, 0x13, 0x01, 0x13, 0x01, 0x13, 
	0x01, 0x13, 0x01, 0x13, 0x01, 0x13, 0x01, 0x13, 
	0x01, 0x13, 0x01, 0x13, 0x01, 0x13, 0x01, 0x13, 
	0x01, 0x13, 0x01, 0x13, 0x01, 0x13, 0x01, 0x13, 
	0x01, 0x13, 0x01, 0x13, 0x01, 0x13, 0x01, 0x13, 
	0x01, 0x13, 0x01, 0x13, 0x01, 0x13, 0x01, 0x13, 
	0x01, 0x13, 0x01, 0x13, 0x01, 0x13, 0x01, 0x13, 
	0x01, 0x13, 0x01, 0x13, 0x01, 0x13, 0x01, 0x13, 
	0x01, 0x13, 0x01, 0x13, 0x01, 0x13, 0x01, 0x13, 
	0x01, 0x13, 0x01, 0x13, 0x01, 0x13, 0x01, 0x13, 
	0x01, 0x13, 0x01, 0x13, 0x01, 0x13, 0x01, 0x13, 
	0x01, 0x13, 0x01, 0x13, 0x01, 0x13, 0x01, 0x13, 
	0x01, 0x13, 0x01, 0x13, 0x01, 0x13, 0x01, 0x13, 
	0x01, 0x13, 0x01, 0x13, 0x01, 0x13, 0x01, 0x13, 
	0x01, 0x13, 0x01, 0x13, 0x01, 0x13, 0x01, 0x13, 
	0x01, 0x13, 0x01, 0x13, 0x01, 0x13, 0x01, 0x13, 
	0x01, 0x13, 0x01, 0x13, 0x01, 0x13, 0x01, 0x13, 
	0x01, 0x13, 0x01, 0x13, 0x01, 0x13, 0x01, 0x13, 
	0x01, 0x13, 0x01, 0x13, 0x01, 0x13, 0x01, 0x13, 
	0x01, 0x13, 0x01, 0x13, 0x01, 0x13, 0x01, 0x13, 
	0x01, 0x13, 0x01, 0x13, 0x01, 0x13, 0x01, 0x13, 
	0x01, 0x13, 0x01, 0x13, 0x01, 0x13, 0x01, 0x13, 
	0x01, 0x13, 0x01, 0x13, 0x01, 0x13, 0x01, 0x13, 
	0x01, 0x13, 0x01, 0x13, 0x01, 0x13, 0x01, 0x13, 
	0x01, 0x13, 0x01, 0x13, 0x01, 0x13, 0x01, 0x13, 
	0x01, 0x13, 0x01, 0x13, 0x01, 0x13, 0x01, 0x13, 
	0x01, 0x13, 0x01, 0x13, 0x01, 0x13, 0x01, 0x13, 
	0x01, 0x13, 0x01, 0x13, 0x01, 0x13, 0x01, 0x13, 
	0x01, 0x13, 0x01, 0x13, 0x01, 0x13, 0x01, 0x13, 
	0x01, 0x13, 0x01, 0x13, 0x01, 0x13, 0x01, 0x13, 
	0x01, 0x13, 0x01, 0x13, 0x01, 0x13, 0x01, 0x13, 
	0x01, 0x13, 0x01, 0x13, 0x01, 0x13, 0x01, 0x13, 
	0x01, 0x13, 0x01, 0x13, 0x01, 0x13, 0x01, 0x13, 
	0x01, 0x13, 0x01, 0x13, 0x01, 0x13, 0x01, 0x13, 
	0x01, 0x13, 0x01, 0x13, 0x01, 0x13, 0x01, 0x13, 
	0x01, 0x13, 0x01, 0x13, 0x01, 0x13, 0x01, 0x13, 
	0x01, 0x13, 0x01, 0x13, 0x01, 0x13, 0x01, 0x13, 
	0x01, 0x13, 0x01, 0x13, 0x01, 0x13, 0x01, 0x13, 
	0x01, 0x13, 0x01, 0x13, 0x01, 0x13, 0x01, 0x13, 
	0x01, 0x13, 0x01, 0x13, 0x01, 0x13, 0x01, 0x13, 
	0x01, 0x13, 0x01, 0x13, 0x01, 0x13, 0x01, 0x13, 
	0x01, 0x13, 0x01, 0x13, 0x01, 0x13, 0x01, 0x13, 
	0x01, 0x13, 0x01, 0x13, 0x01, 0x13, 0x01, 0x13, 
	0x01, 0x13, 0x01, 0x13, 0x01, 0x13, 0x01, 0x13, 
	0x01, 0x13, 0x01, 0x13, 0x01, 0x13, 0x01, 0x13, 
	0x01, 0x13, 0x01, 0x13, 0x01, 0x13, 0x01, 0x13, 
	0x01, 0x13, 0x01, 0x13, 0x01, 0x13, 0x01, 0x13, 
	0x01, 0x13, 0x01, 0x13, 0x01, 0x13, 0x01, 0x13, 
	0x01, 0x13, 0x01, 0x13, 0x01, 0x13, 0x01, 0x13, 
	0x01, 0x13, 0x01, 0x13, 0x01, 0x13, 0x01, 0x13, 
	0x01, 0x13, 0x01, 0x13, 0x01, 0x13, 0x01, 0x13, 
	0x01, 0x13, 0x01, 0x13, 0x01, 0x13, 0x01, 0x13, 
	0x01, 0x13, 0x01, 0x13, 0x01, 0x13, 0x01, 0x13, 
	0x01, 0x13, 0x01, 0x13, 0x01, 0x13, 0x01, 0x13, 
	0x01, 0x13, 0x01, 0x13, 0x01, 0x13, 0x01, 0x13, 
	0x01, 0x13, 0x01, 0x13, 0x01, 0x13, 0x01, 0x13, 
	0x01, 0x13, 0x01, 0x13, 0x01, 0x13, 0x01, 0x13, 
	0x01, 0x13, 0x01, 0x13, 0x01, 0x13, 0x01, 0x13, 
	0x01, 0x13, 0x01, 0x13, 0x01, 0x13, 0x01, 0x13, 
	0x01, 0x13, 0x01, 0x13, 0x01, 0x13, 0x01, 0x13, 
	0x01, 0x13, 0x01, 0x13, 0x01, 0x13, 0x01, 0x13, 
	0x01, 0x13, 0x01, 0x13, 0x01, 0x13, 0x01, 0x13, 
	0x01, 0x13, 0x01, 0x13, 0x01, 0x13, 0x01, 0x13, 
	0x01, 0x13, 0x01, 0x13, 0x01, 0x13, 0x01, 0x13, 
	0x01, 0x13, 0x01, 0x13, 0x01, 0x13, 0x01, 0x13, 
	0x01, 0x13, 0x01, 0x13, 0x01, 0x13, 0x01, 0x13, 
	0x01, 0x13, 0x01, 0x13, 0x01, 0x13, 0x01, 0x13, 
	0x01, 0x13, 0x01, 0x13, 0x01, 0x13, 0x01, 0x13, 
	0x01, 0x13, 0x01, 0x13, 0x01, 0x13, 0x01, 0x13, 
	0x01, 0x13, 0x01, 0x13, 0x01, 0x13, 0x01, 0x13, 
	0x01, 0x13, 0x01, 0x13, 0x01, 0x13, 0x01, 0x13, 
	0x01, 0x13, 0x01, 0x13, 0x01, 0x13, 0x01, 0x13, 
	0x01, 0x13, 0x01, 0x13, 0x01, 0x13, 0x01, 0x13, 
	0x01, 0x13, 0x01, 0x13, 0x01, 0x13, 0x01, 0x13, 
	0x01, 0x13, 0x01, 0x13, 0x01, 0x13, 0x01, 0x13, 
	0x01, 0x13, 0x01, 0x13, 0x01, 0x13, 0x01, 0x13, 
	0x01, 0x13, 0x01, 0x13, 0x01, 0x13, 0x01, 0x13, 
	0x01, 0x13, 0x01, 0x13, 0x01, 0x13, 0x01, 0x13, 
	0x01, 0x13, 0x01, 0x13, 0x01, 0x13, 0x01, 0x13, 
	0x01, 0x13, 0x01, 0x13, 0x01, 0x13, 0x01, 0x13, 
	0x01, 0x13, 0x01, 0x13, 0x01, 0x13, 0x01, 0x13, 
	0x01, 0x13, 0x01, 0x13, 0x01, 0x13, 0x01, 0x13, 
	0x01, 0x13, 0x01, 0x13, 0x01, 0x13, 0x01, 0x13, 
	0x01, 0x13, 0x01, 0x13, 0x01, 0x13, 0x01, 0x13, 
	0x01, 0x13, 0x01, 0x13, 0x01, 0x13, 0x01, 0x13, 
	0x01, 0x13, 0x01, 0x13, 0x01, 0x13, 0x01, 0x13, 
	0x01, 0x13, 0x01, 0x13, 0x01, 0x13, 0x01, 0x13, 
	0x01, 0x13, 0x01, 0x13, 0x01, 0x13, 0x01, 0x13, 
	0x01, 0x13, 0x01, 0x13, 0x01, 0x13, 0x01, 0x13, 
	0x01, 0x13, 0x01, 0x13, 0x01, 0x13, 0x01, 0x13, 
	0x01, 0x13, 0x01, 0x13, 0x01, 0x13, 0x01, 0x13, 
	0x01, 0x13, 0x01, 0x13, 0x01, 0x13, 0x01, 0x13, 
	0x01, 0x13, 0x01, 0x13, 0x01, 0x13, 0x01, 0x13, 
	0x01, 0x13, 0x01, 0x13, 0x01, 0x13, 0x01, 0x13, 
	0x01, 0x13, 0x01, 0x13, 0x01, 0x13, 0x01, 0x13, 
	0x01, 0x13, 0x01, 0x13, 0x01, 0x13, 0x01, 0x13, 
	0x01, 0x13, 0x01, 0x13, 0x01, 0x13, 0x01, 0x13, 
	0x01, 0x13, 0x01, 0x13, 0x01, 0x13, 0x01, 0x13, 
	0x01, 0x13, 0x01, 0x13, 0x01, 0x13, 0x01, 0x13, 
	0x01, 0x13, 0x01, 0x13, 0x01, 0x13, 0x01, 0x13, 
	0x01, 0x13, 0x01, 0x13, 0x01, 0x13, 0x01, 0x13, 
	0x01, 0x13, 0x01, 0x13, 0x01, 0x13, 0x01, 0x13, 
	0x01, 0x13, 0x01, 0x13, 0x01, 0x13, 0x01, 0x13, 
	0x01, 0x13, 0x01, 0x13, 0x01, 0x13, 0x01, 0x13, 
	0x01, 0x13, 0x01, 0x13, 0x01, 0x13, 0x01, 0x13, 
	0x01, 0x13, 0x01, 0x13, 0x01, 0x13, 0x01, 0x13, 
	0x01, 0x13, 0x01, 0x13, 0x01, 0x13, 0x01, 0x13, 
	0x01, 0x13, 0x01, 0x13, 0x01, 0x13, 0x01, 0x13, 
	0x01, 0x13, 0x01, 0x13, 0x01, 0x13, 0x01, 0x13, 
	0x01, 0x13, 0x01, 0x13, 0x01, 0x13, 0x01, 0x13, 
	0x01, 0x13, 0x01, 0x13, 0x01, 0x13, 0x01, 0x13, 
	0x01, 0x13, 0x01, 0x13, 0x01, 0x13, 0x01, 0x13, 
	0x01, 0x13, 0x01, 0x13, 0x01, 0x13, 0x01, 0x13, 
	0x01, 0x13, 0x01, 0x13, 0x01, 0x13, 0x01, 0x13, 
	0x01, 0x13, 0x01, 0x13, 0x01, 0x13, 0x01, 0x13, 
	0x01, 0x13, 0x01, 0x13, 0x01, 0x13, 0x01, 0x13, 
	0x01, 0x13, 0x01, 0x13, 0x01, 0x13, 0x01, 0x13, 
	0x01, 0x13, 0x01, 0x13, 0x01, 0x13, 0x01, 0x13, 
	0x01, 0x13, 0x01, 0x13, 0x01, 0x13, 0x01, 0x13, 
	0x01, 0x13, 0x01, 0x13, 0x01, 0x13, 0x01, 0x13, 
	0x01, 0x13, 0x01, 0x13, 0x01, 0x13, 0x01, 0x13, 
	0x01, 0x13, 0x01, 0x13, 0x01, 0x13, 0x01, 0x13, 
	0x01, 0x13, 0x01, 0x13, 0x01, 0x13, 0x01, 0x13, 
	0x01, 0x13, 0x01, 0x13, 0x01, 0x13, 0x01, 0x13, 
	0x01, 0x13, 0x01, 0x13, 0x01, 0x13, 0x01, 0x13, 
	0x01, 0x13, 0x01, 0x13, 0x01, 0x13, 0x01, 0x13, 
	0x01, 0x13, 0x01, 0x13, 0x01, 0x13, 0x01, 0x13, 
	0x01, 0x13, 0x01, 0x13, 0x01, 0x13, 0x01, 0x13, 
	0x01, 0x13, 0x01, 0x13, 0x01, 0x13, 0x01, 0x13, 
	0x01, 0x13, 0x01, 0x13, 0x01, 0x13, 0x01, 0x13, 
	0x01, 0x13, 0x01, 0x13, 0x01, 0x13, 0x01, 0x13, 
	0x01, 0x13, 0x01, 0x13, 0x01, 0x13, 0x01, 0x13, 
	0x01, 0x13, 0x01, 0x13, 0x01, 0x13, 0x01, 0x13, 
	0x01, 0x13, 0x01, 0x13, 0x01, 0x13, 0x01, 0x13, 
	0x01, 0x13, 0x01, 0x13, 0x01, 0x13, 0x01, 0x13, 
	0x01, 0x13, 0x01, 0x13, 0x01, 0x13, 0x01, 0x13, 
	0x01, 0x13, 0x01, 0x13, 0x01, 0x13, 0x01, 0x13, 
	0x01, 0x13, 0x01, 0x13, 0x01, 0x13, 0x01, 0x13, 
	0x01, 0x13, 0x01, 0x13, 0x01, 0x13, 0x01, 0x13, 
	0x01, 0x13, 0x01, 0x13, 0x01, 0x13, 0x01, 0x13, 
	0x01, 0x13, 0x01, 0x13, 0x01, 0x13, 0x01, 0x13, 
	0x01, 0x13, 0x01, 0x13, 0x01, 0x13, 0x01, 0x13, 
	0x01, 0x13, 0x01, 0x13, 0x01, 0x13, 0x01, 0x13, 
	0x01, 0x13, 0x01, 0x13, 0x01, 0x13, 0x01, 0x13, 
	0x01, 0x13, 0x01, 0x13, 0x01, 0x13, 0x01, 0x13, 
	0x01, 0x13, 0x01, 0x13, 0x01, 0x13, 0x01, 0x13, 
	0x01, 0x13, 0x01, 0x13, 0x01, 0x13, 0x01, 0x13, 
	0x01, 0x13, 0x01, 0x13, 0x01, 0x13, 0x01, 0x13, 
	0x01, 0x13, 0x01, 0x13, 0x01, 0x13, 0x01, 0x13, 
	0x01, 0x13, 0x01, 0x13, 0x01, 0x13, 0x01, 0x13, 
	0x01, 0x13, 0x01, 0x13, 0x01, 0x13, 0x01, 0x13, 
	0x01, 0x13, 0x01, 0x13, 0x01, 0x13, 0x01, 0x13, 
	0x01, 0x13, 0x01, 0x13, 0x01, 0x13, 0x01, 0x13, 
	0x01, 0x13, 0x01, 0x13, 0x01, 0x13, 0x01, 0x13, 
	0x01, 0x13, 0x01, 0x13, 0x01, 0x13, 0x01, 0x13, 
	0x01, 0x13, 0x01, 0x13, 0x01, 0x13, 0x01, 0x13, 
	0x01, 0x13, 0x01, 0x13, 0x01, 0x13, 0x01, 0x13, 
	0x01, 0x13, 0x01, 0x13, 0x01, 0x13, 0x01, 0x13, 
	0x01, 0x13, 0x01, 0x13, 0x01, 0x13, 0x01, 0x13, 
	0x01, 0x13, 0x01, 0x13, 0x01, 0x13, 0x01, 0x13, 
	0x01, 0x13, 0x01, 0x13, 0x01, 0x13, 0x01, 0x13, 
	0x01, 0x13, 0x01, 0x13, 0x01, 0x13, 0x01, 0x13, 
	0x01, 0x13, 0x01, 0x13, 0x01, 0x13, 0x01, 0x13, 
	0x01, 0x13, 0x01, 0x13, 0x01, 0x13, 0x01, 0x13, 
	0x01, 0x13, 0x01, 0x13, 0x01, 0x13, 0x01, 0x13, 
	0x01, 0x13, 0x01, 0x13, 0x01, 0x13, 0x01, 0x13, 
	0x01, 0x13, 0x01, 0x13, 0x01, 0x13, 0x01, 0x13, 
	0x01, 0x13, 0x01, 0x13, 0x01, 0x13, 0x01, 0x13, 
	0x01, 0x13, 0x01, 0x13, 0x01, 0x13, 0x01, 0x13, 
	0x01, 0x13, 0x01, 0x13, 0x01, 0x13, 0x01, 0x13, 
	0x01, 0x13, 0x01, 0x13, 0x01, 0x13, 0x01, 0x13, 
	0x01, 0x13, 0x01, 0x13, 0x01, 0x13, 0x01, 0x13, 
	0x01, 0x13, 0x01, 0x13, 0x01, 0x13, 0x01, 0x13, 
	0x01, 0x13, 0x01, 0x13, 0x01, 0x13, 0x01, 0x13, 
	0x01, 0x13, 0x01, 0x13, 0x01, 0x13, 0x01, 0x13, 
	0x01, 0x13, 0x01, 0x13, 0x01, 0x13, 0x01, 0x13, 
	0x01, 0x13, 0x01, 0x13, 0x01, 0x13, 0x01, 0x13, 
	0x01, 0x13, 0x01, 0x13, 0x01, 0x13, 0x01, 0x13, 
	0x01, 0x13, 0x01, 0x13, 0x01, 0x13, 0x01, 0x13, 
	0x01, 0x13, 0x01, 0x13, 0x01, 0x13, 0x01, 0x13, 
	0x01, 0x13, 0x01, 0x13, 0x01, 0x13, 0x01, 0x13, 
	0x01, 0x13, 0x01, 0x13, 0x01, 0x13, 0x01, 0x13, 
	0x01, 0x13, 0x01, 0x13, 0x01, 0x13, 0x01, 0x13, 
	0x01, 0x13, 0x01, 0x13, 0x01, 0x13, 0x01, 0x13, 
	0x01, 0x13, 0x01, 0x13, 0x01, 0x13, 0x01, 0x13, 
	0x01, 0x13, 0x01, 0x13, 0x01, 0x13, 0x01, 0x13, 
	0x01, 0x13, 0x01, 0x13, 0x01, 0x13, 0x01, 0x13, 
	0x01, 0x13, 0x01, 0x13, 0x01, 0x13, 0x01, 0x13, 
	0x01, 0x13, 0x01, 0x13, 0x01, 0x13, 0x01, 0x13, 
	0x01, 0x13, 0x01, 0x13, 0x01, 0x13, 0x01, 0x13, 
	0x01, 0x13, 0x01, 0x13, 0x01, 0x13, 0x01, 0x13, 
	0x01, 0x13, 0x01, 0x13, 0x01, 0x13, 0x01, 0x13, 
	0x01, 0x13, 0x01, 0x13, 0x01, 0x13, 0x01, 0x13, 
	0x01, 0x13, 0x01, 0x13, 0x01, 0x13, 0x01, 0x13, 
	0x01, 0x13, 0x01, 0x13, 0x01, 0x13, 0x01, 0x13, 
	0x01, 0x13, 0x01, 0x13, 0x01, 0x13, 0x01, 0x13, 
	0x01, 0x13, 0x01, 0x13, 0x01, 0x13, 0x01, 0x13, 
	0x01, 0x13, 0x01, 0x13, 0x01, 0x13, 0x01, 0x13, 
	0x01, 0x13, 0x01, 0x13, 0x01, 0x13, 0x01, 0x13, 
	0x01, 0x13, 0x01, 0x13, 0x01, 0x13, 0x01, 0x13, 
	0x01, 0x13, 0x01, 0x13, 0x01, 0x13, 0x01, 0x13, 
	0x01, 0x13, 0x01, 0x13, 0x01, 0x13, 0x01, 0x13, 
	0x01, 0x13, 0x01, 0x13, 0x01, 0x13, 0x01, 0x13, 
	0x01, 0x13, 0x01, 0x13, 0x01, 0x13, 0x01, 0x13, 
	0x01, 0x13, 0x01, 0x13, 0x01, 0x13, 0x01, 0x13, 
	0x01, 0x13, 0x01, 0x13, 0x01, 0x13, 0x01, 0x13, 
	0x01, 0x13, 0x01, 0x13, 0x01, 0x13, 0x01, 0x13, 
	0x01, 0x13, 0x01, 0x13, 0x01, 0x13, 0x01, 0x13, 
	0x01, 0x13, 0x01, 0x13, 0x01, 0x13, 0x01, 0x13, 
	0x01, 0x13, 0x01, 0x13, 0x01, 0x13, 0x01, 0x13, 
	0x01, 0x13, 0x01, 0x13, 0x01, 0x13, 0x01, 0x13, 
	0x01, 0x13, 0x01, 0x13, 0x01, 0x13, 0x01, 0x13, 
	0x01, 0x13, 0x01, 0x13, 0x01, 0x13, 0x01, 0x13, 
	0x01, 0x13, 0x01, 0x13, 0x01, 0x13, 0x01, 0x13, 
	0x01, 0x13, 0x01, 0x13, 0x01, 0x13, 0x01, 0x13, 
	0x01, 0x13, 0x01, 0x13, 0x01, 0x13, 0x01, 0x13, 
	0x01, 0x13, 0x01, 0x13, 0x01, 0x13, 0x01, 0x13, 
	0x01, 0x13, 0x01, 0x13, 0x01, 0x13, 0x01, 0x13, 
	0x01, 0x13, 0x01, 0x13, 0x01, 0x13, 0x01, 0x13, 
	0x01, 0x13, 0x01, 0x13, 0x01, 0x13, 0x01, 0x13, 
	0x01, 0x13, 0x01, 0x13, 0x01, 0x13, 0x01, 0x13, 
	0x01, 0x13, 0x01, 0x13, 0x01, 0x13, 0x01, 0x13, 
	0x01, 0x13, 0x01, 0x13, 0x01, 0x13, 0x01, 0x13, 
	0x01, 0x13, 0x01, 0x13, 0x01, 0x13, 0x01, 0x13, 
	0x01, 0x13, 0x01, 0x13, 0x01, 0x13, 0x01, 0x13, 
	0x01, 0x13, 0x01, 0x13, 0x01, 0x13, 0x01, 0x13, 
	0x01, 0x13, 0x01, 0x13, 0x01, 0x13, 0x01, 0x13, 
	0x01, 0x13, 0x01, 0x13, 0x01, 0x13, 0x01, 0x13, 
	0x01, 0x13, 0x01, 0x13, 0x01, 0x13, 0x01, 0x13, 
	0x01, 0x13, 0x01, 0x13, 0x01, 0x13, 0x01, 0x13, 
	0x01, 0x13, 0x01, 0x13, 0x01, 0x13, 0x01, 0x13, 
	0x01, 0x13, 0x01, 0x13, 0x01, 0x13, 0x01, 0x13, 
	0x01, 0x13, 0x01, 0x13, 0x01, 0x13, 0x01, 0x13, 
	0x01, 0x13, 0x01, 0x13, 0x01, 0x13, 0x01, 0x13, 
	0x01, 0x13, 0x01, 0x13, 0x01, 0x13, 0x01, 0x13, 
	0x01, 0x13, 0x01, 0x13, 0x01, 0x13, 0x01, 0x13, 
	0x01, 0x13, 0x01, 0x13, 0x01, 0x13, 0x01, 0x13, 
	0x01, 0x13, 0x01, 0x13, 0x01, 0x13, 0x01, 0x13, 
	0x01, 0x13, 0x01, 0x13, 0x01, 0x13, 0x01, 0x13, 
	0x01, 0x13, 0x01, 0x13, 0x01, 0x13, 0x01, 0x13, 
	0x01, 0x13, 0x01, 0x13, 0x01, 0x13, 0x01, 0x13, 
	0x01, 0x13, 0x01, 0x13, 0x01, 0x13, 0x01, 0x13, 
	0x01, 0x13, 0x01, 0x13, 0x01, 0x13, 0x01, 0x13, 
	0x01, 0x13, 0x01, 0x13, 0x01, 0x13, 0x01, 0x13, 
	0x01, 0x13, 0x01, 0x13, 0x01, 0x13, 0x01, 0x13, 
	0x01, 0x13, 0x01, 0x13, 0x01, 0x13, 0x01, 0x13, 
	0x01, 0x13, 0x01, 0x13, 0x01, 0x13, 0x01, 0x13, 
	0x01, 0x13, 0x01, 0x13, 0x01, 0x13, 0x01, 0x13, 
	0x01, 0x13, 0x01, 0x13, 0x01, 0x13, 0x01, 0x13, 
	0x01, 0x13, 0x01, 0x13, 0x01, 0x13, 0x01, 0x13, 
	0x01, 0x13, 0x01, 0x13, 0x01, 0x13, 0x01, 0x13, 
	0x01, 0x13, 0x01, 0x13, 0x01, 0x13, 0x01, 0x13, 
	0x01, 0x13, 0x01, 0x13, 0x01, 0x13, 0x01, 0x13, 
	0x01, 0x13, 0x01, 0x13, 0x01, 0x13, 0x01, 0x13, 
	0x01, 0x13, 0x01, 0x13, 0x01, 0x13, 0x01, 0x13, 
	0x01, 0x13, 0x01, 0x13, 0x01, 0x13, 0x01, 0x13, 
	0x01, 0x13, 0x01, 0x13, 0x01, 0x13, 0x01, 0x13, 
	0x01, 0x13, 0x01, 0x13, 0x01, 0x13, 0x01, 0x13, 
	0x01, 0x13, 0x01, 0x13, 0x01, 0x13, 0x01, 0x13, 
	0x01, 0x13, 0x01, 0x13, 0x01, 0x13, 0x01, 0x13, 
	0x01, 0x13, 0x01, 0x13, 0x01, 0x13, 0x01, 0x13, 
	0x01, 0x13, 0x01, 0x13, 0x01, 0x13, 0x01, 0x13, 
	0x01, 0x13, 0x01, 0x13, 0x01, 0x13, 0x01, 0x13, 
	0x01, 0x13, 0x01, 0x13, 0x01, 0x13, 0x01, 0x13, 
	0x01, 0x13, 0x01, 0x13, 0x01, 0x13, 0x01, 0x13, 
	0x01, 0x13, 0x01, 0x13, 0x01, 0x13, 0x01, 0x13, 
	0x01, 0x13, 0x01, 0x13, 0x01, 0x13, 0x01, 0x13, 
	0x01, 0x13, 0x01, 0x13, 0x01, 0x13, 0x01, 0x13, 
	0x01, 0x13, 0x01, 0x13, 0x01, 0x13, 0x01, 0x13, 
	0x01, 0x13, 0x01, 0x13, 0x01, 0x13, 0x01, 0x13, 
	0x01, 0x13, 0x01, 0x13, 0x01, 0x13, 0x01, 0x13, 
	0x01, 0x13, 0x01, 0x13, 0x01, 0x13, 0x01, 0x13, 
	0x01, 0x13, 0x01, 0x13, 0x01, 0x13, 0x01, 0x13, 
	0x01, 0x13, 0x01, 0x13, 0x01, 0x13, 0x01, 0x13, 
	0x01, 0x13, 0x01, 0x13, 0x01, 0x13, 0x01, 0x13, 
	0x01, 0x13, 0x01, 0x13, 0x01, 0x13, 0x01, 0x13, 
	0x01, 0x13, 0x01, 0x13, 0x01, 0x13, 0x01, 0x13, 
	0x01, 0x13, 0x01, 0x13, 0x01, 0x13, 0x01, 0x13, 
	0x01, 0x13, 0x01, 0x13, 0x01, 0x13, 0x01, 0x13, 
	0x01, 0x13, 0x01, 0x13, 0x01, 0x13, 0x01, 0x13, 
	0x01, 0x13, 0x01, 0x13, 0x01, 0x13, 0x01, 0x13, 
	0x01, 0x13, 0x01, 0x13, 0x01, 0x13, 0x01, 0x13, 
	0x01, 0x13, 0x01, 0x13, 0x01, 0x13, 0x01, 0x13, 
	0x01, 0x13, 0x01, 0x13, 0x01, 0x13, 0x01, 0x13, 
	0x01, 0x13, 0x01, 0x13, 0x01, 0x13, 0x01, 0x13, 
	0x01, 0x13, 0x01, 0x13, 0x01, 0x13, 0x01, 0x13, 
	0x01, 0x13, 0x01, 0x13, 0x01, 0x13, 0x01, 0x13, 
	0x01, 0x13, 0x01, 0x13, 0x01, 0x13, 0x01, 0x13, 
	0x01, 0x13, 0x01, 0x13, 0x01, 0x13, 0x01, 0x13, 
	0x01, 0x13, 0x01, 0x13, 0x01, 0x13, 0x01, 0x13, 
	0x01, 0x13, 0x01, 0x13, 0x01, 0x13, 0x01, 0x13, 
	0x01, 0x13, 0x01, 0x13, 0x01, 0x13, 0x01, 0x13, 
	0x01, 0x13, 0x01, 0x13, 0x01, 0x13, 0x01, 0x13, 
	0x01, 0x13, 0x01, 0x13, 0x01, 0x13, 0x01, 0x13, 
	0x01, 0x13, 0x01, 0x13, 0x01, 0x13, 0x01, 0x13, 
	0x01, 0x13, 0x01, 0x13, 0x01, 0x13, 0x01, 0x13, 
	0x01, 0x13, 0x01, 0x13, 0x01, 0x13, 0x01, 0x13, 
	0x01, 0x13, 0x01, 0x13, 0x01, 0x13, 0x01, 0x13, 
	0x01, 0x13, 0x01, 0x13, 0x01, 0x13, 0x01, 0x13, 
	0x01, 0x13, 0x01, 0x13, 0x01, 0x13, 0x01, 0x13, 
	0x01, 0x13, 0x01, 0x13, 0x01, 0x13, 0x01, 0x13, 
	0x01, 0x13, 0x01, 0x13, 0x01, 0x13, 0x01, 0x13, 
	0x01, 0x13, 0x01, 0x13, 0x01, 0x13, 0x01, 0x13, 
	0x01, 0x13, 0x01, 0x13, 0x01, 0x13, 0x01, 0x13, 
	0x01, 0x13, 0x01, 0x13, 0x01, 0x13, 0x01, 0x13, 
	0x01, 0x13, 0x01, 0x13, 0x01, 0x13, 0x01, 0x13, 
	0x01, 0x13, 0x01, 0x13, 0x01, 0x13, 0x01, 0x13, 
	0x01, 0x13, 0x01, 0x13, 0x01, 0x13, 0x01, 0x13, 
	0x01, 0x13, 0x01, 0x13, 0x01, 0x13, 0x01, 0x13, 
	0x01, 0x13, 0x01, 0x13, 0x01, 0x13, 0x01, 0x13, 
	0x01, 0x13, 0x01, 0x13, 0x01, 0x13, 0x01, 0x13, 
	0x01, 0x13, 0x01, 0x13, 0x01, 0x13, 0x01, 0x13, 
	0x01, 0x13, 0x01, 0x13, 0x01, 0x13, 0x01, 0x13, 
	0x01, 0x13, 0x01, 0x13, 0x01, 0x13, 0x01, 0x13, 
	0x01, 0x13, 0x01, 0x13, 0x01, 0x13, 0x01, 0x13, 
	0x01, 0x13, 0x01, 0x13, 0x01, 0x13, 0x01, 0x13, 
	0x01, 0x13, 0x01, 0x13, 0x01, 0x13, 0x01, 0x13, 
	0x01, 0x13, 0x01, 0x13, 0x01, 0x13, 0x01, 0x13, 
	0x01, 0x13, 0x01, 0x13, 0x01, 0x13, 0x01, 0x13, 
	0x01, 0x13, 0x01, 0x13, 0x01, 0x13, 0x01, 0x13, 
	0x01, 0x13, 0x01, 0x13, 0x01, 0x13, 0x01, 0x13, 
	0x01, 0x13, 0x01, 0x13, 0x01, 0x13, 0x01, 0x13, 
	0x01, 0x13, 0x01, 0x13, 0x01, 0x13, 0x01, 0x13, 
	0x01, 0x13, 0x01, 0x13, 0x01, 0x13, 0x01, 0x13, 
	0x01, 0x13, 0x01, 0x13, 0x01, 0x13, 0x01, 0x13, 
	0x01, 0x13, 0x01, 0x13, 0x01, 0x13, 0x01, 0x13, 
	0x01, 0x13, 0x01, 0x13, 0x01, 0x13, 0x01, 0x13, 
	0x01, 0x13, 0x01, 0x13, 0x01, 0x13, 0x01, 0x13, 
	0x01, 0x13, 0x01, 0x13, 0x01, 0x13, 0x01, 0x13, 
	0x01, 0x13, 0x01, 0x13, 0x01, 0x13, 0x01, 0x13, 
	0x01, 0x13, 0x01, 0x13, 0x01, 0x13, 0x01, 0x13, 
	0x01, 0x13, 0x01, 0x13, 0x01, 0x13, 0x01, 0x13, 
	0x01, 0x13, 0x01, 0x13, 0x01, 0x13, 0x01, 0x13, 
	0x01, 0x13, 0x01, 0x13, 0x01, 0x13, 0x01, 0x13, 
	0x01, 0x13, 0x01, 0x13, 0x01, 0x13, 0x01, 0x13, 
	0x01, 0x13, 0x01, 0x13, 0x01, 0x13, 0x01, 0x13, 
	0x01, 0x13, 0x01, 0x13, 0x01, 0x13, 0x01, 0x13, 
	0x01, 0x13, 0x01, 0x13, 0x01, 0x13, 0x01, 0x13, 
	0x01, 0x13, 0x01, 0x13, 0x01, 0x13, 0x01, 0x13, 
	0x01, 0x13, 0x01, 0x13, 0x01, 0x13, 0x01, 0x13, 
	0x01, 0x13, 0x01, 0x13, 0x01, 0x13, 0x01, 0x13, 
	0x01, 0x13, 0x01, 0x13, 0x01, 0x13, 0x01, 0x13, 
	0x01, 0x13, 0x01, 0x13, 0x01, 0x13, 0x01, 0x13, 
	0x01, 0x13, 0x01, 0x13, 0x01, 0x13, 0x01, 0x13, 
	0x01, 0x13, 0x01, 0x13, 0x01, 0x13, 0x01, 0x13, 
	0x01, 0x13, 0x01, 0x13, 0x01, 0x13, 0x01, 0x13, 
	0x01, 0x13, 0x01, 0x13, 0x01, 0x13, 0x01, 0x13, 
	0x01, 0x13, 0x01, 0x13, 0x01, 0x13, 0x01, 0x13, 
	0x01, 0x13, 0x01, 0x13, 0x01, 0x13, 0x01, 0x13, 
	0x01, 0x13, 0x01, 0x13, 0x01, 0x13, 0x01, 0x13, 
	0x01, 0x13, 0x01, 0x13, 0x01, 0x13, 0x01, 0x13, 
	0x01, 0x13, 0x01, 0x13, 0x01, 0x13, 0x01, 0x13, 
	0x01, 0x13, 0x01, 0x13, 0x01, 0x13, 0x01, 0x13, 
	0x01, 0x13, 0x01, 0x13, 0x01, 0x13, 0x01, 0x13, 
	0x01, 0x13, 0x01, 0x13, 0x01, 0x13, 0x01, 0x13, 
	0x01, 0x13, 0x01, 0x13, 0x01, 0x13, 0x01, 0x13, 
	0x01, 0x13, 0x01, 0x13, 0x01, 0x13, 0x01, 0x13, 
	0x01, 0x13, 0x01, 0x13, 0x01, 0x13, 0x01, 0x13, 
	0x01, 0x13, 0x01, 0x13, 0x01, 0x13, 0x01, 0x13, 
	0x01, 0x13, 0x01, 0x13, 0x01, 0x13, 0x01, 0x13, 
	0x01, 0x13, 0x01, 0x13, 0x01, 0x13, 0x01, 0x13, 
	0x01, 0x13, 0x01, 0x13, 0x01, 0x13, 0x01, 0x13, 
	0x01, 0x13, 0x01, 0x13, 0x01, 0x13, 0x01, 0x13, 
	0x01, 0x13, 0x01, 0x13, 0x01, 0x13, 0x01, 0x13, 
	0x01, 0x13, 0x01, 0x13, 0x01, 0x13, 0x01, 0x13, 
	0x01, 0x13, 0x01, 0x13, 0x01, 0x13, 0x01, 0x13, 
	0x01, 0x13, 0x01, 0x13, 0x01, 0x13, 0x01, 0x13, 
	0x01, 0x13, 0x01, 0x13, 0x01, 0x13, 0x01, 0x13, 
	0x01, 0x13, 0x01, 0x13, 0x01, 0x13, 0x01, 0x13, 
	0x01, 0x13, 0x01, 0x13, 0x01, 0x13, 0x01, 0x13, 
	0x01, 0x13, 0x01, 0x13, 0x01, 0x13, 0x01, 0x13, 
	0x01, 0x13, 0x01, 0x13, 0x01, 0x13, 0x01, 0x13, 
	0x01, 0x13, 0x01, 0x13, 0x01, 0x13, 0x01, 0x13, 
	0x01, 0x13, 0x01, 0x13, 0x01, 0x13, 0x01, 0x13, 
	0x01, 0x13, 0x01, 0x13, 0x01, 0x13, 0x01, 0x13, 
	0x01, 0x13, 0x01, 0x13, 0x01, 0x13, 0x01, 0x13, 
	0x01, 0x13, 0x01, 0x13, 0x01, 0x13, 0x01, 0x13, 
	0x01, 0x13, 0x01, 0x13, 0x01, 0x13, 0x01, 0x13, 
	0x01, 0x13, 0x01, 0x13, 0x01, 0x13, 0x01, 0x13, 
	0x01, 0x13, 0x01, 0x13, 0x01, 0x13, 0x01, 0x13, 
	0x01, 0x13, 0x01, 0x13, 0x01, 0x13, 0x01, 0x13, 
	0x01, 0x13, 0x01, 0x13, 0x01, 0x13, 0x01, 0x13, 
	0x01, 0x13, 0x01, 0x13, 0x01, 0x13, 0x01, 0x13, 
	0x01, 0x13, 0x01, 0x13, 0x01, 0x13, 0x01, 0x13, 
	0x01, 0x13, 0x01, 0x13, 0x01, 0x13, 0x01, 0x13, 
	0x01, 0x13, 0x01, 0x13, 0x01, 0x13, 0x01, 0x13, 
	0x01, 0x13, 0x01, 0x13, 0x01, 0x13, 0x01, 0x13, 
	0x01, 0x13, 0x01, 0x13, 0x01, 0x13, 0x01, 0x13, 
	0x01, 0x13, 0x01, 0x13, 0x01, 0x13, 0x01, 0x13, 
	0x01, 0x13, 0x01, 0x13, 0x01, 0x13, 0x01, 0x13, 
	0x01, 0x13, 0x01, 0x13, 0x01, 0x13, 0x01, 0x13, 
	0x01, 0x13, 0x01, 0x13, 0x01, 0x13, 0x01, 0x13, 
	0x01, 0x13, 0x01, 0x13, 0x01, 0x13, 0x01, 0x13, 
	0x01, 0x13, 0x01, 0x13, 0x01, 0x13, 0x01, 0x13, 
	0x01, 0x13, 0x01, 0x13, 0x01, 0x13, 0x01, 0x13, 
	0x01, 0x13, 0x01, 0x13, 0x01, 0x13, 0x01, 0x13, 
	0x01, 0x13, 0x01, 0x13, 0x01, 0x13, 0x01, 0x13, 
	0x01, 0x13, 0x01, 0x13, 0x01, 0x13, 0x01, 0x13, 
	0x01, 0x13, 0x01, 0x13, 0x01, 0x13, 0x01, 0x13, 
	0x01, 0x13, 0x01, 0x13, 0x01, 0x13, 0x01, 0x13, 
	0x01, 0x13, 0x01, 0x13, 0x01, 0x13, 0x01, 0x13, 
	0x01, 0x13, 0x01, 0x13, 0x01, 0x13, 0x01, 0x13, 
	0x01, 0x13, 0x01, 0x13, 0x01, 0x13, 0x01, 0x13, 
	0x01, 0x13, 0x01, 0x13, 0x01, 0x13, 0x01, 0x13, 
	0x01, 0x13, 0x01, 0x13, 0x01, 0x13, 0x01, 0x13, 
	0x01, 0x13, 0x01, 0x13, 0x01, 0x13, 0x01, 0x13, 
	0x01, 0x13, 0x01, 0x13, 0x01, 0x13, 0x01, 0x13, 
	0x01, 0x13, 0x01, 0x13, 0x01, 0x13, 0x01, 0x13, 
	0x01, 0x13, 0x01, 0x13, 0x01, 0x13, 0x01, 0x13, 
	0x01, 0x13, 0x01, 0x13, 0x01, 0x13, 0x01, 0x13, 
	0x01, 0x13, 0x01, 0x13, 0x01, 0x13, 0x01, 0x13, 
	0x01, 0x13, 0x01, 0x13, 0x01, 0x13, 0x01, 0x13, 
	0x01, 0x13, 0x01, 0x13, 0x01, 0x13, 0x01, 0x13, 
	0x01, 0x13, 0x01, 0x13, 0x01, 0x13, 0x01, 0x13, 
	0x01, 0x13, 0x01, 0x13, 0x01, 0x13, 0x01, 0x13, 
	0x01, 0x13, 0x01, 0x13, 0x01, 0x13, 0x01, 0x13, 
	0x01, 0x13, 0x01, 0x13, 0x01, 0x13, 0x01, 0x13, 
	0x01, 0x13, 0x01, 0x13, 0x01, 0x13, 0x01, 0x13, 
	0x01, 0x13, 0x01, 0x13, 0x01, 0x13, 0x01, 0x13, 
	0x01, 0x13, 0x01, 0x13, 0x01, 0x13, 0x01, 0x13, 
	0x01, 0x13, 0x01, 0x13, 0x01, 0x13, 0x01, 0x13, 
	0x01, 0x13, 0x01, 0x13, 0x01, 0x13, 0x01, 0x13, 
	0x01, 0x13, 0x01, 0x13, 0x01, 0x13, 0x01, 0x13, 
	0x01, 0x13, 0x01, 0x13, 0x01, 0x13, 0x01, 0x13, 
	0x01, 0x13, 0x01, 0x13, 0x01, 0x13, 0x01, 0x13, 
	0x01, 0x13, 0x01, 0x13, 0x01, 0x13, 0x01, 0x13, 
	0x01, 0x13, 0x01, 0x13, 0x01, 0x13, 0x01, 0x13, 
	0x01, 0x13, 0x01, 0x13, 0x01, 0x13, 0x01, 0x13, 
	0x01, 0x13, 0x01, 0x13, 0x01, 0x13, 0x01, 0x13, 
	0x01, 0x13, 0x01, 0x13, 0x01, 0x13, 0x01, 0x13, 
	0x01, 0x13, 0x01, 0x13, 0x01, 0x13, 0x01, 0x13, 
	0x01, 0x13, 0x01, 0x13, 0x01, 0x13, 0x01, 0x13, 
	0x01, 0x13, 0x01, 0x13, 0x01, 0x13, 0x01, 0x13, 
	0x01, 0x13, 0x01, 0x13, 0x01, 0x13, 0x01, 0x13, 
	0x01, 0x13, 0x01, 0x13, 0x01, 0x13, 0x01, 0x13, 
	0x01, 0x13, 0x01, 0x13, 0x01, 0x13, 0x01, 0x13, 
	0x01, 0x13, 0x01, 0x13, 0x01, 0x13, 0x01, 0x13, 
	0x01, 0x13, 0x01, 0x13, 0x01, 0x13, 0x01, 0x13, 
	0x01, 0x13, 0x01, 0x13, 0x01, 0x13, 0x01, 0x13, 
	0x01, 0x13, 0x01, 0x13, 0x01, 0x13, 0x01, 0x13, 
	0x01, 0x13, 0x01, 0x13, 0x01, 0x13, 0x01, 0x13, 
	0x01, 0x13, 0x01, 0x13, 0x01, 0x13, 0x01, 0x13, 
	0x01, 0x13, 0x01, 0x13, 0x01, 0x13, 0x01, 0x13, 
	0x01, 0x13, 0x01, 0x13, 0x01, 0x13, 0x01, 0x13, 
	0x01, 0x13, 0x01, 0x13, 0x01, 0x13, 0x01, 0x13, 
	0x01, 0x13, 0x01, 0x13, 0x01, 0x13, 0x01, 0x13, 
	0x01, 0x13, 0x01, 0x13, 0x01, 0x13, 0x01, 0x13, 
	0x01, 0x13, 0x01, 0x13, 0x01, 0x13, 0x01, 0x13, 
	0x01, 0x13, 0x01, 0x13, 0x01, 0x13, 0x01, 0x13, 
	0x01, 0x13, 0x01, 0x13, 0x01, 0x13, 0x01, 0x13, 
	0x01, 0x13, 0x01, 0x13, 0x01, 0x13, 0x01, 0x13, 
	0x01, 0x13, 0x01, 0x13, 0x01, 0x13, 0x01, 0x13, 
	0x01, 0x13, 0x01, 0x13, 0x01, 0x13, 0x01, 0x13, 
	0x01, 0x13, 0x01, 0x13, 0x01, 0x13, 0x01, 0x13, 
	0x01, 0x13, 0x01, 0x13, 0x01, 0x13, 0x01, 0x13, 
	0x01, 0x13, 0x01, 0x13, 0x01, 0x13, 0x01, 0x13, 
	0x01, 0x13, 0x01, 0x13, 0x01, 0x13, 0x01, 0x13, 
	0x01, 0x13, 0x01, 0x13, 0x01, 0x13, 0x01, 0x13, 
	0x01, 0x13, 0x01, 0x13, 0x01, 0x13, 0x01, 0x13, 
	0x01, 0x13, 0x01, 0x13, 0x01, 0x13, 0x01, 0x13, 
	0x01, 0x13, 0x01, 0x13, 0x01, 0x13, 0x01, 0x13, 
	0x01, 0x13, 0x01, 0x13, 0x01, 0x13, 0x01, 0x13, 
	0x01, 0x13, 0x01, 0x13, 0x01, 0x13, 0x01, 0x13, 
	0x01, 0x13, 0x01, 0x13, 0x01, 0x13, 0x01, 0x13, 
	0x01, 0x13, 0x01, 0x13, 0x01, 0x13, 0x01, 0x13, 
	0x01, 0x13, 0x01, 0x13, 0x01, 0x13, 0x01, 0x13, 
	0x01, 0x13, 0x01, 0x13, 0x01, 0x13, 0x01, 0x13, 
	0x01, 0x13, 0x01, 0x13, 0x01, 0x13, 0x01, 0x13, 
	0x01, 0x13, 0x01, 0x13, 0x01, 0x13, 0x01, 0x13, 
	0x01, 0x13, 0x01, 0x13, 0x01, 0x13, 0x01, 0x13, 
	0x01, 0x13, 0x01, 0x13, 0x01, 0x13, 0x01, 0x13, 
	0x01, 0x13, 0x01, 0x13, 0x01, 0x13, 0x01, 0x13, 
	0x01, 0x13, 0x01, 0x13, 0x01, 0x13, 0x01, 0x13, 
	0x01, 0x13, 0x01, 0x13, 0x01, 0x13, 0x01, 0x13, 
	0x01, 0x13, 0x01, 0x13, 0x01, 0x13, 0x01, 0x13, 
	0x01, 0x13, 0x01, 0x13, 0x01, 0x13, 0x01, 0x13, 
	0x01, 0x13, 0x01, 0x13, 0x01, 0x13, 0x01, 0x13, 
	0x01, 0x13, 0x01, 0x13, 0x01, 0x13, 0x01, 0x13, 
	0x01, 0x13, 0x01, 0x13, 0x01, 0x13, 0x01, 0x13, 
	0x01, 0x13, 0x01, 0x13, 0x01, 0x13, 0x01, 0x13, 
	0x01, 0x13, 0x01, 0x13, 0x01, 0x13, 0x01, 0x13, 
	0x01, 0x13, 0x01, 0x13, 0x01, 0x13, 0x01, 0x13, 
	0x01, 0x13, 0x01, 0x13, 0x01, 0x13, 0x01, 0x13, 
	0x01, 0x13, 0x01, 0x13, 0x01, 0x13, 0x01, 0x13, 
	0x01, 0x13, 0x01, 0x13, 0x01, 0x13, 0x01, 0x13, 
	0x01, 0x13, 0x01, 0x13, 0x01, 0x13, 0x01, 0x13, 
	0x01, 0x13, 0x01, 0x13, 0x01, 0x13, 0x01, 0x13, 
	0x01, 0x13, 0x01, 0x13, 0x01, 0x13, 0x01, 0x13, 
	0x01, 0x13, 0x01, 0x13, 0x01, 0x13, 0x01, 0x13, 
	0x01, 0x13, 0x01, 0x13, 0x01, 0x13, 0x01, 0x13, 
	0x01, 0x13, 0x01, 0x13, 0x01, 0x13, 0x01, 0x13, 
	0x01, 0x13, 0x01, 0x13, 0x01, 0x13, 0x01, 0x13, 
	0x01, 0x13, 0x01, 0x13, 0x01, 0x13, 0x01, 0x13, 
	0x01, 0x13, 0x01, 0x13, 0x01, 0x13, 0x01, 0x13, 
	0x01, 0x13, 0x01, 0x13, 0x01, 0x13, 0x01, 0x13, 
	0x01, 0x13, 0x01, 0x13, 0x01, 0x13, 0x01, 0x13, 
	0x01, 0x13, 0x01, 0x13, 0x01, 0x13, 0x01, 0x13, 
	0x01, 0x13, 0x01, 0x13, 0x01, 0x13, 0x01, 0x13, 
	0x01, 0x13, 0x01, 0x13, 0x01, 0x13, 0x01, 0x13, 
	0x01, 0x13, 0x01, 0x13, 0x01, 0x13, 0x01, 0x13, 
	0x01, 0x13, 0x01, 0x13, 0x01, 0x13, 0x01, 0x13, 
	0x01, 0x13, 0x01, 0x13, 0x01, 0x13, 0x01, 0x13, 
	0x01, 0x13, 0x01, 0x13, 0x01, 0x13, 0x01, 0x13, 
	0x01, 0x13, 0x01, 0x13, 0x01, 0x13, 0x01, 0x13, 
	0x01, 0x13, 0x01, 0x13, 0x01, 0x13, 0x01, 0x13, 
	0x01, 0x13, 0x01, 0x13, 0x01, 0x13, 0x01, 0x13, 
	0x01, 0x13, 0x01, 0x13, 0x01, 0x13, 0x01, 0x13, 
	0x01, 0x13, 0x01, 0x13, 0x01, 0x13, 0x01, 0x13, 
	0x01, 0x13, 0x01, 0x13, 0x01, 0x13, 0x01, 0x13, 
	0x01, 0x13, 0x01, 0x13, 0x01, 0x13, 0x01, 0x13, 
	0x01, 0x13, 0x01, 0x13, 0x01, 0x13, 0x01, 0x13, 
	0x01, 0x13, 0x01, 0x13, 0x01, 0x13, 0x01, 0x13, 
	0x01, 0x13, 0x01, 0x13, 0x01, 0x13, 0x01, 0x13, 
	0x01, 0x13, 0x01, 0x13, 0x01, 0x13, 0x01, 0x13, 
	0x01, 0x13, 0x01, 0x13, 0x01, 0x13, 0x01, 0x13, 
	0x01, 0x13, 0x01, 0x13, 0x01, 0x13, 0x01, 0x13, 
	0x01, 0x13, 0x01, 0x13, 0x01, 0x13, 0x01, 0x13, 
	0x01, 0x13, 0x01, 0x13, 0x01, 0x13, 0x01, 0x13, 
	0x01, 0x13, 0x01, 0x13, 0x01, 0x13, 0x01, 0x13, 
	0x01, 0x13, 0x01, 0x13, 0x01, 0x13, 0x01, 0x13, 
	0x01, 0x13, 0x01, 0x13, 0x01, 0x13, 0x01, 0x13, 
	0x01, 0x13, 0x01, 0x13, 0x01, 0x13, 0x01, 0x13, 
	0x01, 0x13, 0x01, 0x13, 0x01, 0x13, 0x01, 0x13, 
	0x01, 0x13, 0x01, 0x13, 0x01, 0x13, 0x01, 0x13, 
	0x01, 0x13, 0x01, 0x13, 0x01, 0x13, 0x01, 0x13, 
	0x01, 0x13, 0x01, 0x13, 0x01, 0x13, 0x01, 0x13, 
	0x01, 0x13, 0x01, 0x13, 0x01, 0x13, 0x01, 0x13, 
	0x01, 0x13, 0x01, 0x13, 0x01, 0x13, 0x01, 0x13, 
	0x01, 0x13, 0x01, 0x13, 0x01, 0x13, 0x01, 0x13, 
	0x01, 0x13, 0x01, 0x13, 0x01, 0x13, 0x01, 0x13, 
	0x01, 0x13, 0x01, 0x13, 0x01, 0x13, 0x01, 0x13, 
	0x01, 0x13, 0x01, 0x13, 0x01, 0x13, 0x01, 0x13, 
	0x01, 0x13, 0x01, 0x13, 0x01, 0x13, 0x01, 0x13, 
	0x01, 0x13, 0x01, 0x13, 0x01, 0x13, 0x01, 0x13, 
	0x01, 0x13, 0x01, 0x13, 0x01, 0x13, 0x01, 0x13, 
	0x01, 0x13, 0x01, 0x13, 0x01, 0x13, 0x01, 0x13, 
	0x01, 0x13, 0x01, 0x13, 0x01, 0x13, 0x01, 0x13, 
	0x01, 0x13, 0x01, 0x13, 0x01, 0x13, 0x01, 0x13, 
	0x01, 0x13, 0x01, 0x13, 0x01, 0x13, 0x01, 0x13, 
	0x01, 0x13, 0x01, 0x13, 0x01, 0x13, 0x01, 0x13, 
	0x01, 0x13, 0x01, 0x13, 0x01, 0x13, 0x01, 0x13, 
	0x01, 0x13, 0x01, 0x13, 0x01, 0x13, 0x01, 0x13, 
	0x01, 0x13, 0x01, 0x13, 0x01, 0x13, 0x01, 0x13, 
	0x01, 0x13, 0x01, 0x13, 0x01, 0x13, 0x01, 0x13, 
	0x01, 0x13, 0x01, 0x13, 0x01, 0x13, 0x01, 0x13, 
	0x01, 0x13, 0x01, 0x13, 0x01, 0x13, 0x01, 0x13, 
	0x01, 0x13, 0x01, 0x13, 0x01, 0x13, 0x01, 0x13, 
	0x01, 0x13, 0x01, 0x13, 0x01, 0x13, 0x01, 0x13, 
	0x01, 0x13, 0x01, 0x13, 0x01, 0x13, 0x01, 0x13, 
	0x01, 0x13, 0x01, 0x13, 0x01, 0x13, 0x01, 0x13, 
	0x01, 0x13, 0x01, 0x13, 0x01, 0x13, 0x01, 0x13, 
	0x01, 0x13, 0x01, 0x13, 0x01, 0x13, 0x01, 0x13, 
	0x01, 0x13, 0x01, 0x13, 0x01, 0x13, 0x01, 0x13, 
	0x01, 0x13, 0x01, 0x13, 0x01, 0x13, 0x01, 0x13, 
	0x01, 0x13, 0x01, 0x13, 0x01, 0x13, 0x01, 0x13, 
	0x01, 0x13, 0x01, 0x13, 0x01, 0x13, 0x01, 0x13, 
	0x01, 0x13, 0x01, 0x13, 0x01, 0x13, 0x01, 0x13, 
	0x01, 0x13, 0x01, 0x13, 0x01, 0x13, 0x01, 0x13, 
	0x01, 0x13, 0x01, 0x13, 0x01, 0x13, 0x01, 0x13, 
	0x01, 0x13, 0x01, 0x13, 0x01, 0x13, 0x01, 0x13, 
	0x01, 0x13, 0x01, 0x13, 0x01, 0x13, 0x01, 0x13, 
	0x01, 0x13, 0x01, 0x13, 0x01, 0x13, 0x01, 0x13, 
	0x01, 0x13, 0x01, 0x13, 0x01, 0x13, 0x01, 0x13, 
	0x01, 0x13, 0x01, 0x13, 0x01, 0x13, 0x01, 0x13, 
	0x01, 0x13, 0x01, 0x13, 0x01, 0x13, 0x01, 0x13, 
	0x01, 0x13, 0x01, 0x13, 0x01, 0x13, 0x01, 0x13, 
	0x01, 0x13, 0x01, 0x13, 0x01, 0x13, 0x01, 0x13, 
	0x01, 0x13, 0x01, 0x13, 0x01, 0x13, 0x01, 0x13, 
	0x01, 0x13, 0x01, 0x13, 0x01, 0x13, 0x01, 0x13, 
	0x01, 0x13, 0x01, 0x13, 0x01, 0x13, 0x01, 0x13, 
	0x01, 0x13, 0x01, 0x13, 0x01, 0x13, 0x01, 0x13, 
	0x01, 0x13, 0x01, 0x13, 0x01, 0x13, 0x01, 0x13, 
	0x01, 0x13, 0x01, 0x13, 0x01, 0x13, 0x01, 0x13, 
	0x01, 0x13, 0x01, 0x13, 0x01, 0x13, 0x01, 0x13, 
	0x01, 0x13, 0x01, 0x13, 0x01, 0x13, 0x01, 0x13, 
	0x01, 0x13, 0x01, 0x13, 0x01, 0x13, 0x01, 0x13, 
	0x01, 0x13, 0x01, 0x13, 0x01, 0x13, 0x01, 0x13, 
	0x01, 0x13, 0x01, 0x13, 0x01, 0x13, 0x01, 0x13, 
	0x01, 0x13, 0x01, 0x13, 0x01, 0x13, 0x01, 0x13, 
	0x01, 0x13, 0x01, 0x13, 0x01, 0x13, 0x01, 0x13, 
	0x01, 0x13, 0x01, 0x13, 0x01, 0x13, 0x01, 0x13, 
	0x01, 0x13, 0x01, 0x13, 0x01, 0x13, 0x01, 0x13, 
	0x01, 0x13, 0x01, 0x13, 0x01, 0x13, 0x01, 0x13, 
	0x01, 0x13, 0x01, 0x13, 0x01, 0x13, 0x01, 0x13, 
	0x01, 0x13, 0x01, 0x13, 0x01, 0x13, 0x01, 0x13, 
	0x01, 0x13, 0x01, 0x13, 0x01, 0x13, 0x01, 0x13, 
	0x01, 0x13, 0x01, 0x13, 0x01, 0x13, 0x01, 0x13, 
	0x01, 0x13, 0x01, 0x13, 0x01, 0x13, 0x01, 0x13, 
	0x01, 0x13, 0x01, 0x13, 0x01, 0x13, 0x01, 0x13, 
	0x01, 0x13, 0x01, 0x13, 0x01, 0x13, 0x01, 0x13, 
	0x01, 0x13, 0x01, 0x13, 0x01, 0x13, 0x01, 0x13, 
	0x01, 0x13, 0x01, 0x13, 0x01, 0x13, 0x01, 0x13, 
	0x01, 0x13, 0x01, 0x13, 0x01, 0x13, 0x01, 0x13, 
	0x01, 0x13, 0x01, 0x13, 0x01, 0x13, 0x01, 0x13, 
	0x01, 0x13, 0x01, 0x13, 0x01, 0x13, 0x01, 0x13, 
	0x01, 0x13, 0x01, 0x13, 0x01, 0x13, 0x01, 0x13, 
	0x01, 0x13, 0x01, 0x13, 0x01, 0x13, 0x01, 0x13, 
	0x01, 0x13, 0x01, 0x13, 0x01, 0x13, 0x01, 0x13, 
	0x01, 0x13, 0x01, 0x13, 0x01, 0x13, 0x01, 0x13, 
	0x01, 0x13, 0x01, 0x13, 0x01, 0x13, 0x01, 0x13, 
	0x01, 0x13, 0x01, 0x13, 0x01, 0x13, 0x01, 0x13, 
	0x01, 0x13, 0x01, 0x13, 0x01, 0x13, 0x01, 0x13, 
	0x01, 0x13, 0x01, 0x13, 0x01, 0x13, 0x01, 0x13, 
	0x01, 0x13, 0x01, 0x13, 0x01, 0x13, 0x01, 0x13, 
	0x01, 0x13, 0x01, 0x13, 0x01, 0x13, 0x01, 0x13, 
	0x01, 0x13, 0x01, 0x13, 0x01, 0x13, 0x01, 0x13, 
	0x01, 0x13, 0x01, 0x13, 0x01, 0x13, 0x01, 0x13, 
	0x01, 0x13, 0x01, 0x13, 0x01, 0x13, 0x01, 0x13, 
	0x01, 0x13, 0x01, 0x13, 0x01, 0x13, 0x01, 0x13, 
	0x01, 0x13, 0x01, 0x13, 0x01, 0x13, 0x01, 0x13, 
	0x01, 0x13, 0x01, 0x13, 0x01, 0x13, 0x01, 0x13, 
	0x01, 0x13, 0x01, 0x13, 0x01, 0x13, 0x01, 0x13, 
	0x01, 0x13, 0x01, 0x13, 0x01, 0x13, 0x01, 0x13, 
	0x01, 0x13, 0x01, 0x13, 0x01, 0x13, 0x01, 0x13, 
	0x01, 0x13, 0x01, 0x13, 0x01, 0x13, 0x01, 0x13, 
	0x01, 0x13, 0x01, 0x13, 0x01, 0x13, 0x01, 0x13, 
	0x01, 0x13, 0x01, 0x13, 0x01, 0x13, 0x01, 0x13, 
	0x01, 0x13, 0x01, 0x13, 0x01, 0x13, 0x01, 0x13, 
	0x01, 0x13, 0x01, 0x13, 0x01, 0x13, 0x01, 0x13, 
	0x01, 0x13, 0x01, 0x13, 0x01, 0x13, 0x01, 0x13, 
	0x01, 0x13, 0x01, 0x13, 0x01, 0x13, 0x01, 0x13, 
	0x01, 0x13, 0x01, 0x13, 0x01, 0x13, 0x01, 0x13, 
	0x01, 0x13, 0x01, 0x13, 0x01, 0x13, 0x01, 0x13, 
	0x01, 0x13, 0x01, 0x13, 0x01, 0x13, 0x01, 0x13, 
	0x01, 0x13, 0x01, 0x13, 0x01, 0x13, 0x01, 0x13, 
	0x01, 0x13, 0x01, 0x13, 0x01, 0x13, 0x01, 0x13, 
	0x01, 0x13, 0x01, 0x13, 0x01, 0x13, 0x01, 0x13, 
	0x01, 0x13, 0x01, 0x13, 0x01, 0x13, 0x01, 0x13, 
	0x01, 0x13, 0x01, 0x13, 0x01, 0x13, 0x01, 0x13, 
	0x01, 0x13, 0x01, 0x13, 0x01, 0x13, 0x01, 0x13, 
	0x01, 0x13, 0x01, 0x13, 0x01, 0x13, 0x01, 0x13, 
	0x01, 0x13, 0x01, 0x13, 0x01, 0x13, 0x01, 0x13, 
	0x01, 0x13, 0x01, 0x13, 0x01, 0x13, 0x01, 0x13, 
	0x01, 0x13, 0x01, 0x13, 0x01, 0x13, 0x01, 0x13, 
	0x01, 0x13, 0x01, 0x13, 0x01, 0x13, 0x01, 0x13, 
	0x01, 0x13, 0x01, 0x13, 0x01, 0x13, 0x01, 0x13, 
	0x01, 0x13, 0x01, 0x13, 0x01, 0x13, 0x01, 0x13, 
	0x01, 0x13, 0x01, 0x13, 0x01, 0x13, 0x01, 0x13, 
	0x01, 0x13, 0x01, 0x13, 0x01, 0x13, 0x01, 0x13, 
	0x01, 0x13, 0x01, 0x13, 0x01, 0x13, 0x01, 0x13, 
	0x01, 0x13, 0x01, 0x13, 0x01, 0x13, 0x01, 0x13, 
	0x01, 0x13, 0x01, 0x13, 0x01, 0x13, 0x01, 0x13, 
	0x01, 0x13, 0x01, 0x13, 0x01, 0x13, 0x01, 0x13, 
	0x01, 0x13, 0x01, 0x13, 0x01, 0x13, 0x01, 0x13, 
	0x01, 0x13, 0x01, 0x13, 0x01, 0x13, 0x01, 0x13, 
	0x01, 0x13, 0x01, 0x13, 0x01, 0x13, 0x01, 0x13, 
	0x01, 0x13, 0x01, 0x13, 0x01, 0x13, 0x01, 0x13, 
	0x01, 0x13, 0x01, 0x13, 0x01, 0x13, 0x01, 0x13, 
	0x01, 0x13, 0x01, 0x13, 0x01, 0x13, 0x01, 0x13, 
	0x01, 0x13, 0x01, 0x13, 0x01, 0x13, 0x01, 0x13, 
	0x01, 0x13, 0x01, 0x13, 0x01, 0x13, 0x01, 0x13, 
	0x01, 0x13, 0x01, 0x13, 0x01, 0x13, 0x01, 0x13, 
	0x01, 0x13, 0x01, 0x13, 0x01, 0x13, 0x01, 0x13, 
	0x01, 0x13, 0x01, 0x13, 0x01, 0x13, 0x01, 0x13, 
	0x01, 0x13, 0x01, 0x13, 0x01, 0x13, 0x01, 0x13, 
	0x01, 0x13, 0x01, 0x13, 0x01, 0x13, 0x01, 0x13, 
	0x01, 0x13, 0x01, 0x13, 0x01, 0x13, 0x01, 0x13, 
	0x01, 0x13, 0x01, 0x13, 0x01, 0x13, 0x01, 0x13, 
	0x01, 0x13, 0x01, 0x13, 0x01, 0x13, 0x01, 0x13, 
	0x01, 0x13, 0x01, 0x13, 0x01, 0x13, 0x01, 0x13, 
	0x01, 0x13, 0x01, 0x13, 0x01, 0x13, 0x01, 0x13, 
	0x01, 0x13, 0x01, 0x13, 0x01, 0x13, 0x01, 0x13, 
	0x01, 0x13, 0x01, 0x13, 0x01, 0x13, 0x01, 0x13, 
	0x01, 0x13, 0x01, 0x13, 0x01, 0x13, 0x01, 0x13, 
	0x01, 0x13, 0x01, 0x13, 0x01, 0x13, 0x01, 0x13, 
	0x01, 0x13, 0x01, 0x13, 0x01, 0x13, 0x01, 0x13, 
	0x01, 0x13, 0x01, 0x13, 0x01, 0x13, 0x01, 0x13, 
	0x01, 0x13, 0x01, 0x13, 0x01, 0x13, 0x01, 0x13, 
	0x01, 0x13, 0x01, 0x13, 0x01, 0x13, 0x01, 0x13, 
	0x01, 0x13, 0x01, 0x13, 0x01, 0x13, 0x01, 0x13, 
	0x01, 0x13, 0x01, 0x13, 0x01, 0x13, 0x01, 0x13, 
	0x01, 0x13, 0x01, 0x13, 0x01, 0x13, 0x01, 0x13, 
	0x01, 0x13, 0x01, 0x13, 0x01, 0x13, 0x01, 0x13, 
	0x01, 0x13, 0x01, 0x13, 0x01, 0x13, 0x01, 0x13, 
	0x01, 0x13, 0x01, 0x13, 0x01, 0x13, 0x01, 0x13, 
	0x01, 0x13, 0x01, 0x13, 0x01, 0x13, 0x01, 0x13, 
	0x01, 0x13, 0x01, 0x13, 0x01, 0x13, 0x01, 0x13, 
	0x01, 0x13, 0x01, 0x13, 0x01, 0x13, 0x01, 0x13, 
	0x01, 0x13, 0x01, 0x13, 0x01, 0x13, 0x01, 0x13, 
	0x01, 0x13, 0x01, 0x13, 0x01, 0x13, 0x01, 0x13, 
	0x01, 0x13, 0x01, 0x13, 0x01, 0x13, 0x01, 0x13, 
	0x01, 0x13, 0x01, 0x13, 0x01, 0x13, 0x01, 0x13, 
	0x01, 0x13, 0x01, 0x13, 0x01, 0x13, 0x01, 0x13, 
	0x01, 0x13, 0x01, 0x13, 0x01, 0x13, 0x01, 0x13, 
	0x01, 0x13, 0x01, 0x13, 0x01, 0x13, 0x01, 0x13, 
	0x01, 0x13, 0x01, 0x13, 0x01, 0x13, 0x01, 0x13, 
	0x01, 0x13, 0x01, 0x13, 0x01, 0x13, 0x01, 0x13, 
	0x01, 0x13, 0x01, 0x13, 0x01, 0x13, 0x01, 0x13, 
	0x01, 0x13, 0x01, 0x13, 0x01, 0x13, 0x01, 0x13, 
	0x01, 0x13, 0x01, 0x13, 0x01, 0x13, 0x01, 0x13, 
	0x01, 0x13, 0x01, 0x13, 0x01, 0x13, 0x01, 0x13, 
	0x01, 0x13, 0x01, 0x13, 0x01, 0x13, 0x01, 0x13, 
	0x01, 0x13, 0x01, 0x13, 0x01, 0x13, 0x01, 0x13, 
	0x01, 0x13, 0x01, 0x13, 0x01, 0x13, 0x01, 0x13, 
	0x01, 0x13, 0x01, 0x13, 0x01, 0x13, 0x01, 0x13, 
	0x01, 0x13, 0x01, 0x13, 0x01, 0x13, 0x01, 0x13, 
	0x01, 0x13, 0x01, 0x13, 0x01, 0x13, 0x01, 0x13, 
	0x01, 0x13, 0x01, 0x13, 0x01, 0x13, 0x01, 0x13, 
	0x01, 0x13, 0x01, 0x13, 0x01, 0x13, 0x01, 0x13, 
	0x01, 0x13, 0x01, 0x13, 0x01, 0x13, 0x01, 0x13, 
	0x01, 0x13, 0x01, 0x13, 0x01, 0x13, 0x01, 0x13, 
	0x01, 0x13, 0x01, 0x13, 0x01, 0x13, 0x01, 0x13, 
	0x01, 0x13, 0x01, 0x13, 0x01, 0x13, 0x01, 0x13, 
	0x01, 0x13, 0x01, 0x13, 0x01, 0x13, 0x01, 0x13, 
	0x01, 0x13, 0x01, 0x13, 0x01, 0x13, 0x01, 0x13, 
	0x01, 0x13, 0x01, 0x13, 0x01, 0x13, 0x01, 0x13, 
	0x01, 0x13, 0x01, 0x13, 0x01, 0x13, 0x01, 0x13, 
	0x01, 0x13, 0x01, 0x13, 0x01, 0x13, 0x01, 0x13, 
	0x01, 0x13, 0x01, 0x13, 0x01, 0x13, 0x01, 0x13, 
	0x01, 0x13, 0x01, 0x13, 0x01, 0x13, 0x01, 0x13, 
	0x01, 0x13, 0x01, 0x13, 0x01, 0x13, 0x01, 0x13, 
	0x01, 0x13, 0x01, 0x13, 0x01, 0x13, 0x01, 0x13, 
	0x01, 0x13, 0x01, 0x13, 0x01, 0x13, 0x01, 0x13, 
	0x01, 0x13, 0x01, 0x13, 0x01, 0x13, 0x01, 0x13, 
	0x01, 0x13, 0x01, 0x13, 0x01, 0x13, 0x01, 0x13, 
	0x01, 0x13, 0x01, 0x13, 0x01, 0x13, 0x01, 0x13, 
	0x01, 0x13, 0x01, 0x13, 0x01, 0x13, 0x01, 0x13, 
	0x01, 0x13, 0x01, 0x13, 0x01, 0x13, 0x01, 0x13, 
	0x01, 0x13, 0x01, 0x13, 0x01, 0x13, 0x01, 0x13, 
	0x01, 0x13, 0x01, 0x13, 0x01, 0x13, 0x01, 0x13, 
	0x01, 0x13, 0x01, 0x13, 0x01, 0x13, 0x01, 0x13, 
	0x01, 0x13, 0x01, 0x13, 0x01, 0x13, 0x01, 0x13, 
	0x01, 0x13, 0x01, 0x13, 0x01, 0x13, 0x01, 0x13, 
	0x01, 0x13, 0x01, 0x13, 0x01, 0x13, 0x01, 0x13, 
	0x01, 0x13, 0x01, 0x13, 0x01, 0x13, 0x01, 0x13, 
	0x01, 0x13, 0x01, 0x13, 0x01, 0x13, 0x01, 0x13, 
	0x01, 0x13, 0x01, 0x13, 0x01, 0x13, 0x01, 0x13, 
	0x01, 0x13, 0x01, 0x13, 0x01, 0x13, 0x01, 0x13, 
	0x01, 0x13, 0x01, 0x13, 0x01, 0x13, 0x01, 0x13, 
	0x01, 0x13, 0x01, 0x13, 0x01, 0x13, 0x01, 0x13, 
	0x01, 0x13, 0x01, 0x13, 0x01, 0x13, 0x01, 0x13, 
	0x01, 0x13, 0x01, 0x13, 0x01, 0x13, 0x01, 0x13, 
	0x01, 0x13, 0x01, 0x13, 0x01, 0x13, 0x01, 0x13, 
	0x01, 0x13, 0x01, 0x13, 0x01, 0x13, 0x01, 0x13, 
	0x01, 0x13, 0x01, 0x13, 0x01, 0x13, 0x01, 0x13, 
	0x01, 0x13, 0x01, 0x13, 0x01, 0x13, 0x01, 0x13, 
	0x01, 0x13, 0x01, 0x13, 0x01, 0x13, 0x01, 0x13, 
	0x01, 0x13, 0x01, 0x13, 0x01, 0x13, 0x01, 0x13, 
	0x01, 0x13, 0x01, 0x13, 0x01, 0x13, 0x01, 0x13, 
	0x01, 0x13, 0x01, 0x13, 0x01, 0x13, 0x01, 0x13, 
	0x01, 0x13, 0x01, 0x13, 0x01, 0x13, 0x01, 0x13, 
	0x01, 0x13, 0x01, 0x13, 0x01, 0x13, 0x01, 0x13, 
	0x01, 0x13, 0x01, 0x13, 0x01, 0x13, 0x01, 0x13, 
	0x01, 0x13, 0x01, 0x13, 0x01, 0x13, 0x01, 0x13, 
	0x01, 0x13, 0x01, 0x13, 0x01, 0x13, 0x01, 0x13, 
	0x01, 0x13, 0x01, 0x13, 0x01, 0x13, 0x01, 0x13, 
	0x01, 0x13, 0x01, 0x13, 0x01, 0x13, 0x01, 0x13, 
	0x01, 0x13, 0x01, 0x13, 0x01, 0x13, 0x01, 0x13, 
	0x01, 0x13, 0x01, 0x13, 0x01, 0x13, 0x01, 0x13, 
	0x01, 0x13, 0x01, 0x13, 0x01, 0x13, 0x01, 0x13, 
	0x01, 0x13, 0x01, 0x13, 0x01, 0x13, 0x01, 0x13, 
	0x01, 0x13, 0x01, 0x13, 0x01, 0x13, 0x01, 0x13, 
	0x01, 0x13, 0x01, 0x13, 0x01, 0x13, 0x01, 0x13, 
	0x01, 0x13, 0x01, 0x13, 0x01, 0x13, 0x01, 0x13, 
	0x01, 0x13, 0x01, 0x13, 0x01, 0x13, 0x01, 0x13, 
	0x01, 0x13, 0x01, 0x13, 0x01, 0x13, 0x01, 0x13, 
	0x01, 0x13, 0x01, 0x13, 0x01, 0x13, 0x01, 0x13, 
	0x01, 0x13, 0x01, 0x13, 0x01, 0x13, 0x01, 0x13, 
	0x01, 0x13, 0x01, 0x13, 0x01, 0x13, 0x01, 0x13, 
	0x01, 0x13, 0x01, 0x13, 0x01, 0x13, 0x01, 0x13, 
	0x01, 0x13, 0x01, 0x13, 0x01, 0x13, 0x01, 0x13, 
	0x01, 0x13, 0x01, 0x13, 0x01, 0x13, 0x01, 0x13, 
	0x01, 0x13, 0x01, 0x13, 0x01, 0x13, 0x01, 0x13, 
	0x01, 0x13, 0x01, 0x13, 0x01, 0x13, 0x01, 0x13, 
	0x01, 0x13, 0x01, 0x13, 0x01, 0x13, 0x01, 0x13, 
	0x01, 0x13, 0x01, 0x13, 0x01, 0x13, 0x01, 0x13, 
	0x01, 0x13, 0x01, 0x13, 0x01, 0x13, 0x01, 0x13, 
	0x01, 0x13, 0x01, 0x13, 0x01, 0x13, 0x01, 0x13, 
	0x01, 0x13, 0x01, 0x13, 0x01, 0x13, 0x01, 0x13, 
	0x01, 0x13, 0x01, 0x13, 0x01, 0x13, 0x01, 0x13, 
	0x01, 0x13, 0x01, 0x13, 0x01, 0x13, 0x01, 0x13, 
	0x01, 0x13, 0x01, 0x13, 0x01, 0x13, 0x01, 0x13, 
	0x01, 0x13, 0x01, 0x13, 0x01, 0x13, 0x01, 0x13, 
	0x01, 0x13, 0x01, 0x13, 0x01, 0x13, 0x01, 0x13, 
	0x01, 0x13, 0x01, 0x13, 0x01, 0x13, 0x01, 0x13, 
	0x01, 0x13, 0x01, 0x13, 0x01, 0x13, 0x01, 0x13, 
	0x01, 0x13, 0x01, 0x13, 0x01, 0x13, 0x01, 0x13, 
	0x01, 0x13, 0x01, 0x13, 0x01, 0x13, 0x01, 0x13, 
	0x01, 0x13, 0x01, 0x13, 0x01, 0x13, 0x01, 0x13, 
	0x01, 0x13, 0x01, 0x13, 0x01, 0x13, 0x01, 0x13, 
	0x01, 0x13, 0x01, 0x13, 0x01, 0x13, 0x01, 0x13, 
	0x01, 0x13, 0x01, 0x13, 0x01, 0x13, 0x01, 0x13, 
	0x01, 0x13, 0x01, 0x13, 0x01, 0x13, 0x01, 0x13, 
	0x01, 0x13, 0x01, 0x13, 0x01, 0x13, 0x01, 0x13, 
	0x01, 0x13, 0x01, 0x13, 0x01, 0x13, 0x01, 0x13, 
	0x01, 0x13, 0x01, 0x13, 0x01, 0x13, 0x01, 0x13, 
	0x01, 0x13, 0x01, 0x13, 0x01, 0x13, 0x01, 0x13, 
	0x01, 0x13, 0x01, 0x13, 0x01, 0x13, 0x01, 0x13, 
	0x01, 0x13, 0x01, 0x13, 0x01, 0x13, 0x01, 0x13, 
	0x01, 0x13, 0x01, 0x13, 0x01, 0x13, 0x01, 0x13, 
	0x01, 0x13, 0x01, 0x13, 0x01, 0x13, 0x01, 0x13, 
	0x01, 0x13, 0x01, 0x13, 0x01, 0x13, 0x01, 0x13, 
	0x01, 0x13, 0x01, 0x13, 0x01, 0x13, 0x01, 0x13, 
	0x01, 0x13, 0x01, 0x13, 0x01, 0x13, 0x01, 0x13, 
	0x01, 0x13, 0x01, 0x13, 0x01, 0x13, 0x01, 0x13, 
	0x01, 0x13, 0x01, 0x13, 0x01, 0x13, 0x01, 0x13, 
	0x01, 0x13, 0x01, 0x13, 0x01, 0x13, 0x01, 0x13, 
	0x01, 0x13, 0x01, 0x13, 0x01, 0x13, 0x01, 0x13, 
	0x01, 0x13, 0x01, 0x13, 0x01, 0x13, 0x01, 0x13, 
	0x01, 0x13, 0x01, 0x13, 0x01, 0x13, 0x01, 0x13, 
	0x01, 0x13, 0x01, 0x13, 0x01, 0x13, 0x01, 0x13, 
	0x01, 0x13, 0x01, 0x13, 0x01, 0x13, 0x01, 0x13, 
	0x01, 0x13, 0x01, 0x13, 0x01, 0x13, 0x01, 0x13, 
	0x01, 0x13, 0x01, 0x13, 0x01, 0x13, 0x01, 0x13, 
	0x01, 0x13, 0x01, 0x13, 0x01, 0x13, 0x01, 0x13, 
	0x01, 0x13, 0x01, 0x13, 0x01, 0x13, 0x01, 0x13, 
	0x01, 0x13, 0x01, 0x13, 0x01, 0x13, 0x01, 0x13, 
	0x01, 0x13, 0x01, 0x13, 0x01, 0x13, 0x01, 0x13, 
	0x01, 0x13, 0x01, 0x13, 0x01, 0x13, 0x01, 0x13, 
	0x01, 0x13, 0x01, 0x13, 0x01, 0x13, 0x01, 0x13, 
	0x01, 0x13, 0x01, 0x13, 0x01, 0x13, 0x01, 0x13, 
	0x01, 0x13, 0x01, 0x13, 0x01, 0x13, 0x01, 0x13, 
	0x01, 0x13, 0x01, 0x13, 0x01, 0x13, 0x01, 0x13, 
	0x01, 0x13, 0x01, 0x13, 0x01, 0x13, 0x01, 0x13, 
	0x01, 0x13, 0x01, 0x13, 0x01, 0x13, 0x01, 0x13, 
	0x01, 0x13, 0x01, 0x13, 0x01, 0x13, 0x01, 0x13, 
	0x01, 0x13, 0x01, 0x13, 0x01, 0x13, 0x01, 0x13, 
	0x01, 0x13, 0x01, 0x13, 0x01, 0x13, 0x01, 0x13, 
	0x01, 0x13, 0x01, 0x13, 0x01, 0x13, 0x01, 0x13, 
	0x01, 0x13, 0x01, 0x13, 0x01, 0x13, 0x01, 0x13, 
	0x01, 0x13, 0x01, 0x13, 0x01, 0x13, 0x01, 0x13, 
	0x01, 0x13, 0x01, 0x13, 0x01, 0x13, 0x01, 0x13, 
	0x01, 0x13, 0x01, 0x13, 0x01, 0x13, 0x01, 0x13, 
	0x01, 0x13, 0x01, 0x13, 0x01, 0x13, 0x01, 0x13, 
	0x01, 0x13, 0x01, 0x13, 0x01, 0x13, 0x01, 0x13, 
	0x01, 0x13, 0x01, 0x13, 0x01, 0x13, 0x01, 0x13, 
	0x01, 0x13, 0x01, 0x13, 0x01, 0x13, 0x01, 0x13, 
	0x01, 0x13, 0x01, 0x13, 0x01, 0x13, 0x01, 0x13, 
	0x01, 0x13, 0x01, 0x13, 0x01, 0x13, 0x01, 0x13, 
	0x01, 0x13, 0x01, 0x13, 0x01, 0x13, 0x01, 0x13, 
	0x01, 0x13, 0x01, 0x13, 0x01, 0x13, 0x01, 0x13, 
	0x01, 0x13, 0x01, 0x13, 0x01, 0x13, 0x01, 0x13, 
	0x01, 0x13, 0x01, 0x13, 0x01, 0x13, 0x01, 0x13, 
	0x01, 0x13, 0x01, 0x13, 0x01, 0x13, 0x01, 0x13, 
	0x01, 0x13, 0x01, 0x13, 0x01, 0x13, 0x01, 0x13, 
	0x01, 0x13, 0x01, 0x13, 0x01, 0x13, 0x01, 0x13, 
	0x01, 0x13, 0x01, 0x13, 0x01, 0x13, 0x01, 0x13, 
	0x01, 0x13, 0x01, 0x13, 0x01, 0x13, 0x01, 0x13, 
	0x01, 0x13, 0x01, 0x13, 0x01, 0x13, 0x01, 0x13, 
	0x01, 0x13, 0x01, 0x13, 0x01, 0x13, 0x01, 0x13, 
	0x01, 0x13, 0x01, 0x13, 0x01, 0x13, 0x01, 0x13, 
	0x01, 0x13, 0x01, 0x13, 0x01, 0x13, 0x01, 0x13, 
	0x01, 0x13, 0x01, 0x13, 0x01, 0x13, 0x01, 0x13, 
	0x01, 0x13, 0x01, 0x13, 0x01, 0x13, 0x01, 0x13, 
	0x01, 0x13, 0x01, 0x13, 0x01, 0x13, 0x01, 0x13, 
	0x01, 0x13, 0x01, 0x13, 0x01, 0x13, 0x01, 0x13, 
	0x01, 0x13, 0x01, 0x13, 0x01, 0x13, 0x01, 0x13, 
	0x01, 0x13, 0x01, 0x13, 0x01, 0x13, 0x01, 0x13, 
	0x01, 0x13, 0x01, 0x13, 0x01, 0x13, 0x01, 0x13, 
	0x01, 0x13, 0x01, 0x13, 0x01, 0x13, 0x01, 0x13, 
	0x01, 0x13, 0x01, 0x13, 0x01, 0x13, 0x01, 0x13, 
	0x01, 0x13, 0x01, 0x13, 0x01, 0x13, 0x01, 0x13, 
	0x01, 0x13, 0x01, 0x13, 0x01, 0x13, 0x01, 0x13, 
	0x01, 0x13, 0x01, 0x13, 0x01, 0x13, 0x01, 0x13, 
	0x01, 0x13, 0x01, 0x13, 0x01, 0x13, 0x01, 0x13, 
	0x01, 0x13, 0x01, 0x13, 0x01, 0x13, 0x01, 0x13, 
	0x01, 0x13, 0x01, 0x13, 0x01, 0x13, 0x01, 0x13, 
	0x01, 0x13, 0x01, 0x13, 0x01, 0x13, 0x01, 0x13, 
	0x01, 0x13, 0x01, 0x13, 0x01, 0x13, 0x01, 0x13, 
	0x01, 0x13, 0x01, 0x13, 0x01, 0x13, 0x01, 0x13, 
	0x01, 0x13, 0x01, 0x13, 0x01, 0x13, 0x01, 0x13, 
	0x01, 0x13, 0x01, 0x13, 0x01, 0x13, 0x01, 0x13, 
	0x01, 0x13, 0x01, 0x13, 0x01, 0x13, 0x01, 0x13, 
	0x01, 0x13, 0x01, 0x13, 0x01, 0x13, 0x01, 0x13, 
	0x01, 0x13, 0x01, 0x13, 0x01, 0x13, 0x01, 0x13, 
	0x01, 0x13, 0x01, 0x13, 0x01, 0x13, 0x01, 0x13, 
	0x01, 0x13, 0x01, 0x13, 0x01, 0x13, 0x01, 0x13, 
	0x01, 0x13, 0x01, 0x13, 0x01, 0x13, 0x01, 0x13, 
	0x01, 0x13, 0x01, 0x13, 0x01, 0x13, 0x01, 0x13, 
	0x01, 0x13, 0x01, 0x13, 0x01, 0x13, 0x01, 0x13, 
	0x01, 0x13, 0x01, 0x13, 0x01, 0x13, 0x01, 0x13, 
	0x01, 0x13, 0x01, 0x13, 0x01, 0x13, 0x01, 0x13, 
	0x01, 0x13, 0x01, 0x13, 0x01, 0x13, 0x01, 0x13, 
	0x01, 0x13, 0x01, 0x13, 0x01, 0x13, 0x01, 0x13, 
	0x01, 0x13, 0x01, 0x13, 0x01, 0x13, 0x01, 0x13, 
	0x01, 0x13, 0x01, 0x13, 0x01, 0x13, 0x01, 0x13, 
	0x01, 0x13, 0x01, 0x13, 0x01, 0x13, 0x01, 0x13, 
	0x01, 0x13, 0x01, 0x13, 0x01, 0x13, 0x01, 0x13, 
	0x01, 0x13, 0x01, 0x13, 0x01, 0x13, 0x01, 0x13, 
	0x01, 0x13, 0x01, 0x13, 0x01, 0x13, 0x01, 0x13, 
	0x01, 0x13, 0x01, 0x13, 0x01, 0x13, 0x01, 0x13, 
	0x01, 0x13, 0x01, 0x13, 0x01, 0x13, 0x01, 0x13, 
	0x01, 0x13, 0x01, 0x13, 0x01, 0x13, 0x01, 0x13, 
	0x01, 0x13, 0x01, 0x13, 0x01, 0x13, 0x01, 0x13, 
	0x01, 0x13, 0x01, 0x13, 0x01, 0x13, 0x01, 0x13, 
	0x01, 0x13, 0x01, 0x13, 0x01, 0x13, 0x01, 0x13, 
	0x01, 0x13, 0x01, 0x13, 0x01, 0x13, 0x01, 0x13, 
	0x01, 0x13, 0x01, 0x13, 0x01, 0x13, 0x01, 0x13, 
	0x01, 0x13, 0x01, 0x13, 0x01, 0x13, 0x01, 0x13, 
	0x01, 0x13, 0x01, 0x13, 0x01, 0x13, 0x01, 0x13, 
	0x01, 0x13, 0x01, 0x13, 0x01, 0x13, 0x01, 0x13, 
	0x01, 0x13, 0x01, 0x13, 0x01, 0x13, 0x01, 0x13, 
	0x01, 0x13, 0x01, 0x13, 0x01, 0x13, 0x01, 0x13, 
	0x01, 0x13, 0x01, 0x13, 0x01, 0x13, 0x01, 0x13, 
	0x01, 0x13, 0x01, 0x13, 0x01, 0x13, 0x01, 0x13, 
	0x01, 0x13, 0x01, 0x13, 0x01, 0x13, 0x01, 0x13, 
	0x01, 0x13, 0x01, 0x13, 0x01, 0x13, 0x01, 0x13, 
	0x01, 0x13, 0x01, 0x13, 0x01, 0x13, 0x01, 0x13, 
	0x01, 0x13, 0x01, 0x13, 0x01, 0x13, 0x01, 0x13, 
	0x01, 0x13, 0x01, 0x13, 0x01, 0x13, 0x01, 0x13, 
	0x01, 0x13, 0x01, 0x13, 0x01, 0x13, 0x01, 0x13, 
	0x01, 0x13, 0x01, 0x13, 0x01, 0x13, 0x01, 0x13, 
	0x01, 0x13, 0x01, 0x13, 0x01, 0x13, 0x01, 0x13, 
	0x01, 0x13, 0x01, 0x13, 0x01, 0x13, 0x01, 0x13, 
	0x01, 0x13, 0x01, 0x13, 0x01, 0x13, 0x01, 0x13, 
	0x01, 0x13, 0x01, 0x13, 0x01, 0x13, 0x01, 0x13, 
	0x01, 0x13, 0x01, 0x13, 0x01, 0x13, 0x01, 0x13, 
	0x01, 0x13, 0x01, 0x13, 0x01, 0x13, 0x01, 0x13, 
	0x01, 0x13, 0x01, 0x13, 0x01, 0x13, 0x01, 0x13, 
	0x01, 0x13, 0x01, 0x13, 0x01, 0x13, 0x01, 0x13, 
	0x01, 0x13, 0x01, 0x13, 0x01, 0x13, 0x01, 0x13, 
	0x01, 0x13, 0x01, 0x13, 0x01, 0x13, 0x01, 0x13, 
	0x01, 0x13, 0x01, 0x13, 0x01, 0x13, 0x01, 0x13, 
	0x01, 0x13, 0x01, 0x13, 0x01, 0x13, 0x01, 0x13, 
	0x01, 0x13, 0x01, 0x13, 0x01, 0x13, 0x01, 0x13, 
	0x01, 0x13, 0x01, 0x13, 0x01, 0x13, 0x01, 0x13, 
	0x01, 0x13, 0x01, 0x13, 0x01, 0x13, 0x01, 0x13, 
	0x01, 0x13, 0x01, 0x13, 0x01, 0x13, 0x01, 0x13, 
	0x01, 0x13, 0x01, 0x13, 0x01, 0x13, 0x01, 0x13, 
	0x01, 0x13, 0x01, 0x13, 0x01, 0x13, 0x01, 0x13, 
	0x01, 0x13, 0x01, 0x13, 0x01, 0x13, 0x01, 0x13, 
	0x01, 0x13, 0x01, 0x13, 0x01, 0x13, 0x01, 0x13, 
	0x01, 0x13, 0x01, 0x13, 0x01, 0x13, 0x01, 0x13, 
	0x01, 0x13, 0x01, 0x13, 0x01, 0x13, 0x01, 0x13, 
	0x01, 0x13, 0x01, 0x13, 0x01, 0x13, 0x01, 0x13, 
	0x01, 0x13, 0x01, 0x13, 0x01, 0x13, 0x01, 0x13, 
	0x01, 0x13, 0x01, 0x13, 0x01, 0x13, 0x01, 0x13, 
	0x01, 0x13, 0x01, 0x13, 0x01, 0x13, 0x01, 0x13, 
	0x01, 0x13, 0x01, 0x13, 0x01, 0x13, 0x01, 0x13, 
	0x01, 0x13, 0x01, 0x13, 0x01, 0x13, 0x01, 0x13, 
	0x01, 0x13, 0x01, 0x13, 0x01, 0x13, 0x01, 0x13, 
	0x01, 0x13, 0x01, 0x13, 0x01, 0x13, 0x01, 0x13, 
	0x01, 0x13, 0x01, 0x13, 0x01, 0x13, 0x01, 0x13, 
	0x01, 0x13, 0x01, 0x13, 0x01, 0x13, 0x01, 0x13, 
	0x01, 0x13, 0x01, 0x13, 0x01, 0x13, 0x01, 0x13, 
	0x01, 0x13, 0x01, 0x13, 0x01, 0x13, 0x01, 0x13, 
	0x01, 0x13, 0x01, 0x13, 0x01, 0x13, 0x01, 0x13, 
	0x01, 0x13, 0x01, 0x13, 0x01, 0x13, 0x01, 0x13, 
	0x01, 0x13, 0x01, 0x13, 0x01, 0x13, 0x01, 0x13, 
	0x01, 0x13, 0x01, 0x13, 0x01, 0x13, 0x01, 0x13, 
	0x01, 0x13, 0x01, 0x13, 0x01, 0x13, 0x01, 0x13, 
	0x01, 0x13, 0x01, 0x13, 0x01, 0x13, 0x01, 0x13, 
	0x01, 0x13, 0x01, 0x13, 0x01, 0x13, 0x01, 0x13, 
	0x01, 0x13, 0x01, 0x13, 0x01, 0x13, 0x01, 0x13, 
	0x01, 0x13, 0x01, 0x13, 0x01, 0x13, 0x01, 0x13, 
	0x01, 0x13, 0x01, 0x13, 0x01, 0x13, 0x01, 0x13, 
	0x01, 0x13, 0x01, 0x13, 0x01, 0x13, 0x01, 0x13, 
	0x01, 0x13, 0x01, 0x13, 0x01, 0x13, 0x01, 0x13, 
	0x01, 0x13, 0x01, 0x13, 0x01, 0x13, 0x01, 0x13, 
	0x01, 0x13, 0x01, 0x13, 0x01, 0x13, 0x01, 0x13, 
	0x01, 0x13, 0x01, 0x13, 0x01, 0x13, 0x01, 0x13, 
	0x01, 0x13, 0x01, 0x13, 0x01, 0x13, 0x01, 0x13, 
	0x01, 0x13, 0x01, 0x13, 0x01, 0x13, 0x01, 0x13, 
	0x01, 0x13, 0x01, 0x13, 0x01, 0x13, 0x01, 0x13, 
	0x01, 0x13, 0x01, 0x13, 0x01, 0x13, 0x01, 0x13, 
	0x01, 0x13, 0x01, 0x13, 0x01, 0x13, 0x01, 0x13, 
	0x01, 0x13, 0x01, 0x13, 0x01, 0x13, 0x01, 0x13, 
	0x01, 0x13, 0x01, 0x13, 0x01, 0x13, 0x01, 0x13, 
	0x01, 0x13, 0x01, 0x13, 0x01, 0x13, 0x01, 0x13, 
	0x01, 0x13, 0x01, 0x13, 0x01, 0x13, 0x01, 0x13, 
	0x01, 0x13, 0x01, 0x13, 0x01, 0x13, 0x01, 0x13, 
	0x01, 0x13, 0x01, 0x13, 0x01, 0x13, 0x01, 0x13, 
	0x01, 0x13, 0x01, 0x13, 0x01, 0x13, 0x01, 0x13, 
	0x01, 0x13, 0x01, 0x13, 0x01, 0x13, 0x01, 0x13, 
	0x01, 0x13, 0x01, 0x13, 0x01, 0x13, 0x01, 0x13, 
	0x01, 0x13, 0x01, 0x13, 0x01, 0x13, 0x01, 0x13, 
	0x01, 0x13, 0x01, 0x13, 0x01, 0x13, 0x01, 0x13, 
	0x01, 0x13, 0x01, 0x13, 0x01, 0x13, 0x01, 0x13, 
	0x01, 0x13, 0x01, 0x13, 0x01, 0x13, 0x01, 0x13, 
	0x01, 0x13, 0x01, 0x13, 0x01, 0x13, 0x01, 0x13, 
	0x01, 0x13, 0x01, 0x13, 0x01, 0x13, 0x01, 0x13, 
	0x01, 0x13, 0x01, 0x13, 0x01, 0x13, 0x01, 0x13, 
	0x01, 0x13, 0x01, 0x13, 0x01, 0x13, 0x01, 0x13, 
	0x01, 0x13, 0x01, 0x13, 0x01, 0x13, 0x01, 0x13, 
	0x01, 0x13, 0x01, 0x13, 0x01, 0x13, 0x01, 0x13, 
	0x01, 0x13, 0x01, 0x13, 0x01, 0x13, 0x01, 0x13, 
	0x01, 0x13, 0x01, 0x13, 0x01, 0x13, 0x01, 0x13, 
	0x01, 0x13, 0x01, 0x13, 0x01, 0x13, 0x01, 0x13, 
	0x01, 0x13, 0x01, 0x13, 0x01, 0x13, 0x01, 0x13, 
	0x01, 0x13, 0x01, 0x13, 0x01, 0x13, 0x01, 0x13, 
	0x01, 0x13, 0x01, 0x13, 0x01, 0x13, 0x01, 0x13, 
	0x01, 0x13, 0x01, 0x13, 0x01, 0x13, 0x01, 0x13, 
	0x01, 0x13, 0x01, 0x13, 0x01, 0x13, 0x01, 0x13, 
	0x01, 0x13, 0x01, 0x13, 0x01, 0x13, 0x01, 0x13, 
	0x01, 0x13, 0x01, 0x13, 0x01, 0x13, 0x01, 0x13, 
	0x01, 0x13, 0x01, 0x13, 0x01, 0x13, 0x01, 0x13, 
	0x01, 0x13, 0x01, 0x13, 0x01, 0x13, 0x01, 0x13, 
	0x01, 0x13, 0x01, 0x13, 0x01, 0x13, 0x01, 0x13, 
	0x01, 0x13, 0x01, 0x13, 0x01, 0x13, 0x01, 0x13, 
	0x01, 0x13, 0x01, 0x13, 0x01, 0x13, 0x01, 0x13, 
	0x01, 0x13, 0x01, 0x13, 0x01, 0x13, 0x01, 0x13, 
	0x01, 0x13, 0x01, 0x13, 0x01, 0x13, 0x01, 0x13, 
	0x01, 0x13, 0x01, 0x13, 0x01, 0x13, 0x01, 0x13, 
	0x01, 0x13, 0x01, 0x13, 0x01, 0x13, 0x01, 0x13, 
	0x01, 0x13, 0x01, 0x13, 0x01, 0x13, 0x01, 0x13, 
	0x01, 0x13, 0x01, 0x13, 0x01, 0x13, 0x01, 0x13, 
	0x01, 0x13, 0x01, 0x13, 0x01, 0x13, 0x01, 0x13, 
	0x01, 0x13, 0x01, 0x13, 0x01, 0x13, 0x01, 0x13, 
	0x01, 0x13, 0x01, 0x13, 0x01, 0x13, 0x01, 0x13, 
	0x01, 0x13, 0x01, 0x13, 0x01, 0x13, 0x01, 0x13, 
	0x01, 0x13, 0x01, 0x13, 0x01, 0x13, 0x01, 0x13, 
	0x01, 0x13, 0x01, 0x13, 0x01, 0x13, 0x01, 0x13, 
	0x01, 0x13, 0x01, 0x13, 0x01, 0x13, 0x01, 0x13, 
	0x01, 0x13, 0x01, 0x13, 0x01, 0x13, 0x01, 0x13, 
	0x01, 0x13, 0x01, 0x13, 0x01, 0x13, 0x01, 0x13, 
	0x01, 0x13, 0x01, 0x13, 0x01, 0x13, 0x01, 0x13, 
	0x01, 0x13, 0x01, 0x13, 0x01, 0x13, 0x01, 0x13, 
	0x01, 0x13, 0x01, 0x13, 0x01, 0x13, 0x01, 0x13, 
	0x01, 0x13, 0x01, 0x13, 0x01, 0x13, 0x01, 0x13, 
	0x01, 0x13, 0x01, 0x13, 0x01, 0x13, 0x01, 0x13, 
	0x01, 0x13, 0x01, 0x13, 0x01, 0x13, 0x01, 0x13, 
	0x01, 0x13, 0x01, 0x13, 0x01, 0x13, 0x01, 0x13, 
	0x01, 0x13, 0x01, 0x13, 0x01, 0x13, 0x01, 0x13, 
	0x01, 0x13, 0x01, 0x13, 0x01, 0x13, 0x01, 0x13, 
	0x01, 0x13, 0x01, 0x13, 0x01, 0x13, 0x01, 0x13, 
	0x01, 0x13, 0x01, 0x13, 0x01, 0x13, 0x01, 0x13, 
	0x01, 0x13, 0x01, 0x13, 0x01, 0x13, 0x01, 0x13, 
	0x01, 0x13, 0x01, 0x13, 0x01, 0x13, 0x01, 0x13, 
	0x01, 0x13, 0x01, 0x13, 0x01, 0x13, 0x01, 0x13, 
	0x01, 0x13, 0x01, 0x13, 0x01, 0x13, 0x01, 0x13, 
	0x01, 0x13, 0x01, 0x13, 0x01, 0x13, 0x01, 0x13, 
	0x01, 0x13, 0x01, 0x13, 0x01, 0x13, 0x01, 0x13, 
	0x01, 0x13, 0x01, 0x13, 0x01, 0x13, 0x01, 0x13, 
	0x01, 0x13, 0x01, 0x13, 0x01, 0x13, 0x01, 0x13, 
	0x01, 0x13, 0x01, 0x13, 0x01, 0x13, 0x01, 0x13, 
	0x01, 0x13, 0x01, 0x13, 0x01, 0x13, 0x01, 0x13, 
	0x01, 0x13, 0x01, 0x13, 0x01, 0x13, 0x01, 0x13, 
	0x01, 0x13, 0x01, 0x13, 0x01, 0x13, 0x01, 0x13, 
	0x01, 0x13, 0x01, 0x13, 0x01, 0x13, 0x01, 0x13, 
	0x01, 0x13, 0x01, 0x13, 0x01, 0x13, 0x01, 0x13, 
	0x01, 0x13, 0x01, 0x13, 0x01, 0x13, 0x01, 0x13, 
	0x01, 0x13, 0x01, 0x13, 0x01, 0x13, 0x01, 0x13, 
	0x01, 0x13, 0x01, 0x13, 0x01, 0x13, 0x01, 0x13, 
	0x01, 0x13, 0x01, 0x13, 0x01, 0x13, 0x01, 0x13, 
	0x01, 0x13, 0x01, 0x13, 0x01, 0x13, 0x01, 0x13, 
	0x01, 0x13, 0x01, 0x13, 0x01, 0x13, 0x01, 0x13, 
	0x01, 0x13, 0x01, 0x13, 0x01, 0x13, 0x01, 0x13, 
	0x01, 0x13, 0x01, 0x13, 0x01, 0x13, 0x01, 0x13, 
	0x01, 0x13, 0x01, 0x13, 0x01, 0x13, 0x01, 0x13, 
	0x01, 0x13, 0x01, 0x13, 0x01, 0x13, 0x01, 0x13, 
	0x01, 0x13, 0x01, 0x13, 0x01, 0x13, 0x01, 0x13, 
	0x01, 0x13, 0x01, 0x13, 0x01, 0x13, 0x01, 0x13, 
	0x01, 0x13, 0x01, 0x13, 0x01, 0x13, 0x01, 0x13, 
	0x01, 0x13, 0x01, 0x13, 0x01, 0x13, 0x01, 0x13, 
	0x01, 0x13, 0x01, 0x13, 0x01, 0x13, 0x01, 0x13, 
	0x01, 0x13, 0x01, 0x13, 0x01, 0x13, 0x01, 0x13, 
	0x01, 0x13, 0x01, 0x13, 0x01, 0x13, 0x01, 0x13, 
	0x01, 0x13, 0x01, 0x13, 0x01, 0x13, 0x01, 0x13, 
	0x01, 0x13, 0x01, 0x13, 0x01, 0x13, 0x01, 0x13, 
	0x01, 0x13, 0x01, 0x13, 0x01, 0x13, 0x01, 0x13, 
	0x01, 0x13, 0x01, 0x13, 0x01, 0x13, 0x01, 0x13, 
	0x01, 0x13, 0x01, 0x13, 0x01, 0x13, 0x01, 0x13, 
	0x01, 0x13, 0x01, 0x13, 0x01, 0x13, 0x01, 0x13, 
	0x01, 0x13, 0x01, 0x13, 0x01, 0x13, 0x01, 0x13, 
	0x01, 0x13, 0x01, 0x13, 0x01, 0x13, 0x01, 0x13, 
	0x01, 0x13, 0x01, 0x13, 0x01, 0x13, 0x01, 0x13, 
	0x01, 0x13, 0x01, 0x13, 0x01, 0x13, 0x01, 0x13, 
	0x01, 0x13, 0x01, 0x13, 0x01, 0x13, 0x01, 0x13, 
	0x01, 0x13, 0x01, 0x13, 0x01, 0x13, 0x01, 0x13, 
	0x01, 0x13, 0x01, 0x13, 0x01, 0x13, 0x01, 0x13, 
	0x01, 0x13, 0x01, 0x13, 0x01, 0x13, 0x01, 0x13, 
	0x01, 0x13, 0x01, 0x13, 0x01, 0x13, 0x01, 0x13, 
	0x01, 0x13, 0x01, 0x13, 0x01, 0x13, 0x01, 0x13, 
	0x01, 0x13, 0x01, 0x13, 0x01, 0x13, 0x01, 0x13, 
	0x01, 0x13, 0x01, 0x13, 0x01, 0x13, 0x01, 0x13, 
	0x01, 0x13, 0x01, 0x13, 0x01, 0x13, 0x01, 0x13, 
	0x01, 0x13, 0x01, 0x13, 0x01, 0x13, 0x01, 0x13, 
	0x01, 0x13, 0x01, 0x13, 0x01, 0x13, 0x01, 0x13, 
	0x01, 0x13, 0x01, 0x13, 0x01, 0x13, 0x01, 0x13, 
	0x01, 0x13, 0x01, 0x13, 0x01, 0x13, 0x01, 0x13, 
	0x01, 0x13, 0x01, 0x13, 0x01, 0x13, 0x01, 0x13, 
	0x01, 0x13, 0x01, 0x13, 0x01, 0x13, 0x01, 0x13, 
	0x01, 0x13, 0x01, 0x13, 0x01, 0x13, 0x01, 0x13, 
	0x01, 0x13, 0x01, 0x13, 0x01, 0x13, 0x01, 0x13, 
	0x01, 0x13, 0x01, 0x13, 0x01, 0x13, 0x01, 0x13, 
	0x01, 0x13, 0x01, 0x13, 0x01, 0x13, 0x01, 0x13, 
	0x01, 0x13, 0x01, 0x13, 0x01, 0x13, 0x01, 0x13, 
	0x01, 0x13, 0x01, 0x13, 0x01, 0x13, 0x01, 0x13, 
	0x01, 0x13, 0x01, 0x13, 0x01, 0x13, 0x01, 0x13, 
	0x01, 0x13, 0x01, 0x13, 0x01, 0x13, 0x01, 0x13, 
	0x01, 0x13, 0x01, 0x13, 0x01, 0x13, 0x01, 0x13, 
	0x01, 0x13, 0x01, 0x13, 0x01, 0x13, 0x01, 0x13, 
	0x01, 0x13, 0x01, 0x13, 0x01, 0x13, 0x01, 0x13, 
	0x01, 0x13, 0x01, 0x13, 0x01, 0x13, 0x01, 0x13, 
	0x01, 0x13, 0x01, 0x13, 0x01, 0x13, 0x01, 0x13, 
	0x01, 0x13, 0x01, 0x13, 0x01, 0x13, 0x01, 0x13, 
	0x01, 0x13, 0x01, 0x13, 0x01, 0x13, 0x01, 0x13, 
	0x01, 0x13, 0x01, 0x13, 0x01, 0x13, 0x01, 0x13, 
	0x01, 0x13, 0x01, 0x13, 0x01, 0x13, 0x01, 0x13, 
	0x01, 0x13, 0x01, 0x13, 0x01, 0x13, 0x01, 0x13, 
	0x01, 0x13, 0x01, 0x13, 0x01, 0x13, 0x01, 0x13, 
	0x01, 0x13, 0x01, 0x13, 0x01, 0x13, 0x01, 0x13, 
	0x01, 0x13, 0x01, 0x13, 0x01, 0x13, 0x01, 0x13, 
	0x01, 0x13, 0x01, 0x13, 0x01, 0x13, 0x01, 0x13, 
	0x01, 0x13, 0x01, 0x13, 0x01, 0x13, 0x01, 0x13, 
	0x01, 0x13, 0x01, 0x13, 0x01, 0x13, 0x01, 0x13, 
	0x01, 0x13, 0x01, 0x13, 0x01, 0x13, 0x01, 0x13, 
	0x01, 0x13, 0x01, 0x13, 0x01, 0x13, 0x01, 0x13, 
	0x01, 0x13, 0x01, 0x13, 0x01, 0x13, 0x01, 0x13, 
	0x01, 0x13, 0x01, 0x13, 0x01, 0x13, 0x01, 0x13, 
	0x01, 0x13, 0x01, 0x13, 0x01, 0x13, 0x01, 0x13, 
	0x01, 0x13, 0x01, 0x13, 0x01, 0x13, 0x01, 0x13, 
	0x01, 0x13, 0x01, 0x13, 0x01, 0x13, 0x01, 0x13, 
	0x01, 0x13, 0x01, 0x13, 0x01, 0x13, 0x01, 0x13, 
	0x01, 0x13, 0x01, 0x13, 0x01, 0x13, 0x01, 0x13, 
	0x01, 0x13, 0x01, 0x13, 0x01, 0x13, 0x01, 0x13, 
	0x01, 0x13, 0x01, 0x13, 0x01, 0x13, 0x01, 0x13, 
	0x01, 0x13, 0x01, 0x13, 0x01, 0x13, 0x01, 0x13, 
	0x01, 0x13, 0x01, 0x13, 0x01, 0x13, 0x01, 0x13, 
	0x01, 0x13, 0x01, 0x13, 0x01, 0x13, 0x01, 0x13, 
	0x01, 0x13, 0x01, 0x13, 0x01, 0x13, 0x01, 0x13, 
	0x01, 0x13, 0x01, 0x13, 0x01, 0x13, 0x01, 0x13, 
	0x01, 0x13, 0x01, 0x13, 0x01, 0x13, 0x01, 0x13, 
	0x01, 0x13, 0x01, 0x13, 0x01, 0x13, 0x01, 0x13, 
	0x01, 0x13, 0x01, 0x13, 0x01, 0x13, 0x01, 0x13, 
	0x01, 0x13, 0x01, 0x13, 0x01, 0x13, 0x01, 0x13, 
	0x01, 0x13, 0x01, 0x13, 0x01, 0x13, 0x01, 0x13, 
	0x01, 0x13, 0x01, 0x13, 0x01, 0x13, 0x01, 0x13, 
	0x01, 0x13, 0x01, 0x13, 0x01, 0x13, 0x01, 0x13, 
	0x01, 0x13, 0x01, 0x13, 0x01, 0x13, 0x01, 0x13, 
	0x01, 0x13, 0x01, 0x13, 0x01, 0x13, 0x01, 0x13, 
	0x01, 0x13, 0x01, 0x13, 0x01, 0x13, 0x01, 0x13, 
	0x01, 0x13, 0x01, 0x13, 0x01, 0x13, 0x01, 0x13, 
	0x01, 0x13, 0x01, 0x13, 0x01, 0x13, 0x01, 0x13, 
	0x01, 0x13, 0x01, 0x13, 0x01, 0x13, 0x01, 0x13, 
	0x01, 0x13, 0x01, 0x13, 0x01, 0x13, 0x01, 0x13, 
	0x01, 0x13, 0x01, 0x13, 0x01, 0x13, 0x01, 0x13, 
	0x01, 0x13, 0x01, 0x13, 0x01, 0x13, 0x01, 0x13, 
	0x01, 0x13, 0x01, 0x13, 0x01, 0x13, 0x01, 0x13, 
	0x01, 0x13, 0x01, 0x13, 0x01, 0x13, 0x01, 0x13, 
	0x01, 0x13, 0x01, 0x13, 0x01, 0x13, 0x01, 0x13, 
	0x01, 0x13, 0x01, 0x13, 0x01, 0x13, 0x01, 0x13, 
	0x01, 0x13, 0x01, 0x13, 0x01, 0x13, 0x01, 0x13, 
	0x01, 0x13, 0x01, 0x13, 0x01, 0x13, 0x01, 0x13, 
	0x01, 0x13, 0x01, 0x13, 0x01, 0x13, 0x01, 0x13, 
	0x01, 0x13, 0x01, 0x13, 0x01, 0x13, 0x01, 0x13, 
	0x01, 0x13, 0x01, 0x13, 0x01, 0x13, 0x01, 0x13, 
	0x01, 0x13, 0x01, 0x13, 0x01, 0x13, 0x01, 0x13, 
	0x01, 0x13, 0x01, 0x13, 0x01, 0x13, 0x01, 0x13, 
	0x01, 0x13, 0x01, 0x13, 0x01, 0x13, 0x01, 0x13, 
	0x01, 0x13, 0x01, 0x13, 0x01, 0x13, 0x01, 0x13, 
	0x01, 0x13, 0x01, 0x13, 0x01, 0x13, 0x01, 0x13, 
	0x01, 0x13, 0x01, 0x13, 0x01, 0x13, 0x01, 0x13, 
	0x01, 0x13, 0x01, 0x13, 0x01, 0x13, 0x01, 0x13, 
	0x01, 0x13, 0x01, 0x13, 0x01, 0x13, 0x01, 0x13, 
	0x01, 0x13, 0x01, 0x13, 0x01, 0x13, 0x01, 0x13, 
	0x01, 0x13, 0x01, 0x13, 0x01, 0x13, 0x01, 0x13, 
	0x01, 0x13, 0x01, 0x13, 0x01, 0x13, 0x01, 0x13, 
	0x01, 0x13, 0x01, 0x13, 0x01, 0x13, 0x01, 0x13, 
	0x01, 0x13, 0x01, 0x13, 0x01, 0x13, 0x01, 0x13, 
	0x01, 0x13, 0x01, 0x13, 0x01, 0x13, 0x01, 0x13, 
	0x01, 0x13, 0x01, 0x13, 0x01, 0x13, 0x01, 0x13, 
	0x01, 0x13, 0x01, 0x13, 0x01, 0x13, 0x01, 0x13, 
	0x01, 0x13, 0x01, 0x13, 0x01, 0x13, 0x01, 0x13, 
	0x01, 0x13, 0x01, 0x13, 0x01, 0x13, 0x01, 0x13, 
	0x01, 0x13, 0x01, 0x13, 0x01, 0x13, 0x01, 0x13, 
	0x01, 0x13, 0x01, 0x13, 0x01, 0x13, 0x01, 0x13, 
	0x01, 0x13, 0x01, 0x13, 0x01, 0x13, 0x01, 0x13, 
	0x01, 0x13, 0x01, 0x13, 0x01, 0x13, 0x01, 0x13, 
	0x01, 0x13, 0x01, 0x13, 0x01, 0x13, 0x01, 0x13, 
	0x01, 0x13, 0x01, 0x13, 0x01, 0x13, 0x01, 0x13, 
	0x01, 0x13, 0x01, 0x13, 0x01, 0x13, 0x01, 0x13, 
	0x01, 0x13, 0x01, 0x13, 0x01, 0x13, 0x01, 0x13, 
	0x01, 0x13, 0x01, 0x13, 0x01, 0x13, 0x01, 0x13, 
	0x01, 0x13, 0x01, 0x13, 0x01, 0x13, 0x01, 0x13, 
	0x01, 0x13, 0x01, 0x13, 0x01, 0x13, 0x01, 0x13, 
	0x01, 0x13, 0x01, 0x13, 0x01, 0x13, 0x01, 0x13, 
	0x01, 0x13, 0x01, 0x13, 0x01, 0x13, 0x01, 0x13, 
	0x01, 0x13, 0x01, 0x13, 0x01, 0x13, 0x01, 0x13, 
	0x01, 0x13, 0x01, 0x13, 0x01, 0x13, 0x01, 0x13, 
	0x01, 0x13, 0x01, 0x13, 0x01, 0x13, 0x01, 0x13, 
	0x01, 0x13, 0x01, 0x13, 0x01, 0x13, 0x01, 0x13, 
	0x01, 0x13, 0x01, 0x13, 0x01, 0x13, 0x01, 0x13, 
	0x01, 0x13, 0x01, 0x13, 0x01, 0x13, 0x01, 0x13, 
	0x01, 0x13, 0x01, 0x13, 0x01, 0x13, 0x01, 0x13, 
	0x01, 0x13, 0x01, 0x13, 0x01, 0x13, 0x01, 0x13, 
	0x01, 0x13, 0x01, 0x13, 0x01, 0x13, 0x01, 0x13, 
	0x01, 0x13, 0x01, 0x13, 0x01, 0x13, 0x01, 0x13, 
	0x01, 0x13, 0x01, 0x13, 0x01, 0x13, 0x01, 0x13, 
	0x01, 0x13, 0x01, 0x13, 0x01, 0x13, 0x01, 0x13, 
	0x01, 0x13, 0x01, 0x13, 0x01, 0x13, 0x01, 0x13, 
	0x01, 0x13, 0x01, 0x13, 0x01, 0x13, 0x01, 0x13, 
	0x01, 0x13, 0x01, 0x13, 0x01, 0x13, 0x01, 0x13, 
	0x01, 0x13, 0x01, 0x13, 0x01, 0x13, 0x01, 0x13, 
	0x01, 0x13, 0x01, 0x13, 0x01, 0x13, 0x01, 0x13, 
	0x01, 0x13, 0x01, 0x13, 0x01, 0x13, 0x01, 0x13, 
	0x01, 0x13, 0x01, 0x13, 0x01, 0x13, 0x01, 0x13, 
	0x01, 0x13, 0x01, 0x13, 0x01, 0x13, 0x01, 0x13, 
	0x01, 0x13, 0x01, 0x13, 0x01, 0x13, 0x01, 0x13, 
	0x01, 0x13, 0x01, 0x13, 0x01, 0x13, 0x01, 0x13, 
	0x01, 0x13, 0x01, 0x13, 0x01, 0x13, 0x01, 0x13, 
	0x01, 0x13, 0x01, 0x13, 0x01, 0x13, 0x01, 0x13, 
	0x01, 0x13, 0x01, 0x13, 0x01, 0x13, 0x01, 0x13, 
	0x01, 0x13, 0x01, 0x13, 0x01, 0x13, 0x01, 0x13, 
	0x01, 0x13, 0x01, 0x13, 0x01, 0x13, 0x01, 0x13, 
	0x01, 0x13, 0x01, 0x13, 0x01, 0x13, 0x01, 0x13, 
	0x01, 0x13, 0x01, 0x13, 0x01, 0x13, 0x01, 0x13, 
	0x01, 0x13, 0x01, 0x13, 0x01, 0x13, 0x01, 0x13, 
	0x01, 0x13, 0x01, 0x13, 0x01, 0x13, 0x01, 0x13, 
	0x01, 0x13, 0x01, 0x13, 0x01, 0x13, 0x01, 0x13, 
	0x01, 0x13, 0x01, 0x13, 0x01, 0x13, 0x01, 0x13, 
	0x01, 0x13, 0x01, 0x13, 0x01, 0x13, 0x01, 0x13, 
	0x01, 0x13, 0x01, 0x13, 0x01, 0x13, 0x01, 0x13, 
	0x01, 0x13, 0x01, 0x13, 0x01, 0x13, 0x01, 0x13, 
	0x01, 0x13, 0x01, 0x13, 0x01, 0x13, 0x01, 0x13, 
	0x01, 0x13, 0x01, 0x13, 0x01, 0x13, 0x01, 0x13, 
	0x01, 0x13, 0x01, 0x13, 0x01, 0x13, 0x01, 0x13, 
	0x01, 0x13, 0x01, 0x13, 0x01, 0x13, 0x01, 0x13, 
	0x01, 0x13, 0x01, 0x13, 0x01, 0x13, 0x01, 0x13, 
	0x01, 0x13, 0x01, 0x13, 0x01, 0x13, 0x01, 0x13, 
	0x01, 0x13, 0x01, 0x13, 0x01, 0x13, 0x01, 0x13, 
	0x01, 0x13, 0x01, 0x13, 0x01, 0x13, 0x01, 0x13, 
	0x01, 0x13, 0x01, 0x13, 0x01, 0x13, 0x01, 0x13, 
	0x01, 0x13, 0x01, 0x13, 0x01, 0x13, 0x01, 0x13, 
	0x01, 0x13, 0x01, 0x13, 0x01, 0x13, 0x01, 0x13, 
	0x01, 0x13, 0x01, 0x13, 0x01, 0x13, 0x01, 0x13, 
	0x01, 0x13, 0x01, 0x13, 0x01, 0x13, 0x01, 0x13, 
	0x01, 0x13, 0x01, 0x13, 0x01, 0x13, 0x01, 0x13, 
	0x01, 0x13, 0x01, 0x13, 0x01, 0x13, 0x01, 0x13, 
	0x01, 0x13, 0x01, 0x13, 0x01, 0x13, 0x01, 0x13, 
	0x01, 0x13, 0x01, 0x13, 0x01, 0x13, 0x01, 0x13, 
	0x01, 0x13, 0x01, 0x13, 0x01, 0x13, 0x01, 0x13, 
	0x01, 0x13, 0x01, 0x13, 0x01, 0x13, 0x01, 0x13, 
	0x01, 0x13, 0x01, 0x13, 0x01, 0x13, 0x01, 0x13, 
	0x01, 0x13, 0x01, 0x13, 0x01, 0x13, 0x01, 0x13, 
	0x01, 0x13, 0x01, 0x13, 0x01, 0x13, 0x01, 0x13, 
	0x01, 0x13, 0x01, 0x13, 0x01, 0x13, 0x01, 0x13, 
	0x01, 0x13, 0x01, 0x13, 0x01, 0x13, 0x01, 0x13, 
	0x01, 0x13, 0x01, 0x13, 0x01, 0x13, 0x01, 0x13, 
	0x01, 0x13, 0x01, 0x13, 0x01, 0x13, 0x01, 0x13, 
	0x01, 0x13, 0x01, 0x13, 0x01, 0x13, 0x01, 0x13, 
	0x01, 0x13, 0x01, 0x13, 0x01, 0x13, 0x01, 0x13, 
	0x01, 0x13, 0x01, 0x13, 0x01, 0x13, 0x01, 0x13, 
	0x01, 0x13, 0x01, 0x13, 0x01, 0x13, 0x01, 0x13, 
	0x01, 0x13, 0x01, 0x13, 0x01, 0x13, 0x01, 0x13, 
	0x01, 0x13, 0x01, 0x13, 0x01, 0x13, 0x01, 0x13, 
	0x01, 0x13, 0x01, 0x13, 0x01, 0x13, 0x01, 0x13, 
	0x01, 0x13, 0x01, 0x13, 0x01, 0x13, 0x01, 0x13, 
	0x01, 0x13, 0x01, 0x13, 0x01, 0x13, 0x01, 0x13, 
	0x01, 0x13, 0x01, 0x13, 0x01, 0x13, 0x01, 0x13, 
	0x01, 0x13, 0x01, 0x13, 0x01, 0x13, 0x01, 0x13, 
	0x01, 0x13, 0x01, 0x13, 0x01, 0x13, 0x01, 0x13, 
	0x01, 0x13, 0x01, 0x13, 0x01, 0x13, 0x01, 0x13, 
	0x01, 0x13, 0x01, 0x13, 0x01, 0x13, 0x01, 0x13, 
	0x01, 0x13, 0x01, 0x13, 0x01, 0x13, 0x01, 0x13, 
	0x01, 0x13, 0x01, 0x13, 0x01, 0x13, 0x01, 0x13, 
	0x01, 0x13, 0x01, 0x13, 0x01, 0x13, 0x01, 0x13, 
	0x01, 0x13, 0x01, 0x13, 0x01, 0x13, 0x01, 0x13, 
	0x01, 0x13, 0x01, 0x13, 0x01, 0x13, 0x01, 0x13, 
	0x01, 0x13, 0x01, 0x13, 0x01, 0x13, 0x01, 0x13, 
	0x01, 0x13, 0x01, 0x13, 0x01, 0x13, 0x01, 0x13, 
	0x01, 0x13, 0x01, 0x13, 0x01, 0x13, 0x01, 0x13, 
	0x01, 0x13, 0x01, 0x13, 0x01, 0x13, 0x01, 0x13, 
	0x01, 0x13, 0x01, 0x13, 0x01, 0x13, 0x01, 0x13, 
	0x01, 0x13, 0x01, 0x13, 0x01, 0x13, 0x01, 0x13, 
	0x01, 0x13, 0x01, 0x13, 0x01, 0x13, 0x01, 0x13, 
	0x01, 0x13, 0x01, 0x13, 0x01, 0x13, 0x01, 0x13, 
	0x01, 0x13, 0x01, 0x13, 0x01, 0x13, 0x01, 0x13, 
	0x01, 0x13, 0x01, 0x13, 0x01, 0x13, 0x01, 0x13, 
	0x01, 0x13, 0x01, 0x13, 0x01, 0x13, 0x01, 0x13, 
	0x01, 0x13, 0x01, 0x13, 0x01, 0x13, 0x01, 0x13, 
	0x01, 0x13, 0x01, 0x13, 0x01, 0x13, 0x01, 0x13, 
	0x01, 0x13, 0x01, 0x13, 0x01, 0x13, 0x01, 0x13, 
	0x01, 0x13, 0x01, 0x13, 0x01, 0x13, 0x01, 0x13, 
	0x01, 0x13, 0x01, 0x13, 0x01, 0x13, 0x01, 0x13, 
	0x01, 0x13, 0x01, 0x13, 0x01, 0x13, 0x01, 0x13, 
	0x01, 0x13, 0x01, 0x13, 0x01, 0x13, 0x01, 0x13, 
	0x01, 0x13, 0x01, 0x13, 0x01, 0x13, 0x01, 0x13, 
	0x01, 0x13, 0x01, 0x13, 0x01, 0x13, 0x01, 0x13, 
	0x01, 0x13, 0x01, 0x13, 0x01, 0x13, 0x01, 0x13, 
	0x01, 0x13, 0x01, 0x13, 0x01, 0x13, 0x01, 0x13, 
	0x01, 0x13, 0x01, 0x13, 0x01, 0x13, 0x01, 0x13, 
	0x01, 0x13, 0x01, 0x13, 0x01, 0x13, 0x01, 0x13, 
	0x01, 0x13, 0x01, 0x13, 0x01, 0x13, 0x01, 0x13, 
	0x01, 0x13, 0x01, 0x13, 0x01, 0x13, 0x01, 0x13, 
	0x01, 0x13, 0x01, 0x13, 0x01, 0x13, 0x01, 0x13, 
	0x01, 0x13, 0x01, 0x13, 0x01, 0x13, 0x01, 0x13, 
	0x01, 0x13, 0x01, 0x13, 0x01, 0x13, 0x01, 0x13, 
	0x01, 0x13, 0x01, 0x13, 0x01, 0x13, 0x01, 0x13, 
	0x01, 0x13, 0x01, 0x13, 0x01, 0x13, 0x01, 0x13, 
	0x01, 0x13, 0x01, 0x13, 0x01, 0x13, 0x01, 0x13, 
	0x01, 0x13, 0x01, 0x13, 0x01, 0x13, 0x01, 0x13, 
	0x01, 0x13, 0x01, 0x13, 0x01, 0x13, 0x01, 0x13, 
	0x01, 0x13, 0x01, 0x13, 0x01, 0x13, 0x01, 0x13, 
	0x01, 0x13, 0x01, 0x13, 0x01, 0x13, 0x01, 0x13, 
	0x01, 0x13, 0x01, 0x13, 0x01, 0x13, 0x01, 0x13, 
	0x01, 0x13, 0x01, 0x13, 0x01, 0x13, 0x01, 0x13, 
	0x01, 0x13, 0x01, 0x13, 0x01, 0x13, 0x01, 0x13, 
	0x01, 0x13, 0x01, 0x13, 0x01, 0x13, 0x01, 0x13, 
	0x01, 0x13, 0x01, 0x13, 0x01, 0x13, 0x01, 0x13, 
	0x01, 0x13, 0x01, 0x13, 0x01, 0x13, 0x01, 0x13, 
	0x01, 0x13, 0x01, 0x13, 0x01, 0x13, 0x01, 0x13, 
	0x01, 0x13, 0x01, 0x13, 0x01, 0x13, 0x01, 0x13, 
	0x01, 0x13, 0x01, 0x13, 0x01, 0x13, 0x01, 0x13, 
	0x01, 0x13, 0x01, 0x13, 0x01, 0x13, 0x01, 0x13, 
	0x01, 0x13, 0x01, 0x13, 0x01, 0x13, 0x01, 0x13, 
	0x01, 0x13, 0x01, 0x13, 0x01, 0x13, 0x01, 0x13, 
	0x01, 0x13, 0x01, 0x13, 0x01, 0x13, 0x01, 0x13, 
	0x01, 0x13, 0x01, 0x13, 0x01, 0x13, 0x01, 0x13, 
	0x01, 0x13, 0x01, 0x13, 0x01, 0x13, 0x01, 0x13, 
	0x01, 0x13, 0x01, 0x13, 0x01, 0x13, 0x01, 0x13, 
	0x01, 0x13, 0x01, 0x13, 0x01, 0x13, 0x01, 0x13, 
	0x01, 0x13, 0x01, 0x13, 0x01, 0x13, 0x01, 0x13, 
	0x01, 0x13, 0x01, 0x13, 0x01, 0x13, 0x01, 0x13, 
	0x01, 0x13, 0x01, 0x13, 0x01, 0x13, 0x01, 0x13, 
	0x01, 0x13, 0x01, 0x13, 0x01, 0x13, 0x01, 0x13, 
	0x01, 0x13, 0x01, 0x13, 0x01, 0x13, 0x01, 0x13, 
	0x01, 0x13, 0x01, 0x13, 0x01, 0x13, 0x01, 0x13, 
	0x01, 0x13, 0x01, 0x13, 0x01, 0x13, 0x01, 0x13, 
	0x01, 0x13, 0x01, 0x13, 0x01, 0x13, 0x01, 0x13, 
	0x01, 0x13, 0x01, 0x13, 0x01, 0x13, 0x01, 0x13, 
	0x01, 0x13, 0x01, 0x13, 0x01, 0x13, 0x01, 0x13, 
	0x01, 0x13, 0x01, 0x13, 0x01, 0x13, 0x01, 0x13, 
	0x01, 0x13, 0x01, 0x13, 0x01, 0x13, 0x01, 0x13, 
	0x01, 0x13, 0x01, 0x13, 0x01, 0x13, 0x01, 0x13, 
	0x01, 0x13, 0x01, 0x13, 0x01, 0x13, 0x01, 0x13, 
	0x01, 0x13, 0x01, 0x13, 0x01, 0x13, 0x01, 0x13, 
	0x01, 0x13, 0x01, 0x13, 0x01, 0x13, 0x01, 0x13, 
	0x01, 0x13, 0x01, 0x13, 0x01, 0x13, 0x01, 0x13, 
	0x01, 0x13, 0x01, 0x13, 0x01, 0x13, 0x01, 0x13, 
	0x01, 0x13, 0x01, 0x13, 0x01, 0x13, 0x01, 0x13, 
	0x01, 0x13, 0x01, 0x13, 0x01, 0x13, 0x01, 0x13, 
	0x01, 0x13, 0x01, 0x13, 0x01, 0x13, 0x01, 0x13, 
	0x01, 0x13, 0x01, 0x13, 0x01, 0x13, 0x01, 0x13, 
	0x01, 0x13, 0x01, 0x13, 0x01, 0x13, 0x01, 0x13, 
	0x01, 0x13, 0x01, 0x13, 0x01, 0x13, 0x01, 0x13, 
	0x01, 0x13, 0x01, 0x13, 0x01, 0x13, 0x01, 0x13, 
	0x01, 0x13, 0x01, 0x13, 0x01, 0x13, 0x01, 0x13, 
	0x01, 0x13, 0x01, 0x13, 0x01, 0x13, 0x01, 0x13, 
	0x01, 0x13, 0x01, 0x13, 0x01, 0x13, 0x01, 0x13, 
	0x01, 0x13, 0x01, 0x13, 0x01, 0x13, 0x01, 0x13, 
	0x01, 0x13, 0x01, 0x13, 0x01, 0x13, 0x01, 0x13, 
	0x01, 0x13, 0x01, 0x13, 0x01, 0x13, 0x01, 0x13, 
	0x01, 0x13, 0x01, 0x13, 0x01, 0x13, 0x01, 0x13, 
	0x01, 0x13, 0x01, 0x13, 0x01, 0x13, 0x01, 0x13, 
	0x01, 0x13, 0x01, 0x13, 0x01, 0x13, 0x01, 0x13, 
	0x01, 0x13, 0x01, 0x13, 0x01, 0x13, 0x01, 0x13, 
	0x01, 0x13, 0x01, 0x13, 0x01, 0x13, 0x01, 0x13, 
	0x01, 0x13, 0x01, 0x13, 0x01, 0x13, 0x01, 0x13, 
	0x01, 0x13, 0x01, 0x13, 0x01, 0x13, 0x01, 0x13, 
	0x01, 0x13, 0x01, 0x13, 0x01, 0x13, 0x01, 0x13, 
	0x01, 0x13, 0x01, 0x13, 0x01, 0x13, 0x01, 0x13, 
	0x01, 0x13, 0x01, 0x13, 0x01, 0x13, 0x01, 0x13, 
	0x01, 0x13, 0x01, 0x13, 0x01, 0x13, 0x01, 0x13, 
	0x01, 0x13, 0x01, 0x13, 0x01, 0x13, 0x01, 0x13, 
	0x01, 0x13, 0x01, 0x13, 0x01, 0x13, 0x01, 0x13, 
	0x01, 0x13, 0x01, 0x13, 0x01, 0x13, 0x01, 0x13, 
	0x01, 0x13, 0x01, 0x13, 0x01, 0x13, 0x01, 0x13, 
	0x01, 0x13, 0x01, 0x13, 0x01, 0x13, 0x01, 0x13, 
	0x01, 0x13, 0x01, 0x13, 0x01, 0x13, 0x01, 0x13, 
	0x01, 0x13, 0x01, 0x13, 0x01, 0x13, 0x01, 0x13, 
	0x01, 0x13, 0x01, 0x13, 0x01, 0x13, 0x01, 0x13, 
	0x01, 0x13, 0x01, 0x13, 0x01, 0x13, 0x01, 0x13, 
	0x01, 0x13, 0x01, 0x13, 0x01, 0x13, 0x01, 0x13, 
	0x01, 0x13, 0x01, 0x13, 0x01, 0x13, 0x01, 0x13, 
	0x01, 0x13, 0x01, 0x13, 0x01, 0x13, 0x01, 0x13, 
	0x01, 0x13, 0x01, 0x13, 0x01, 0x13, 0x01, 0x13, 
	0x01, 0x13, 0x01, 0x13, 0x01, 0x13, 0x01, 0x13, 
	0x01, 0x13, 0x01, 0x13, 0x01, 0x13, 0x01, 0x13, 
	0x01, 0x13, 0x01, 0x13, 0x01, 0x13, 0x01, 0x13, 
	0x01, 0x13, 0x01, 0x13, 0x01, 0x13, 0x01, 0x13, 
	0x01, 0x13, 0x01, 0x13, 0x01, 0x13, 0x01, 0x13, 
	0x01, 0x13, 0x01, 0x13, 0x01, 0x13, 0x01, 0x13, 
	0x01, 0x13, 0x01, 0x13, 0x01, 0x13, 0x01, 0x13, 
	0x01, 0x13, 0x01, 0x13, 0x01, 0x13, 0x01, 0x13, 
	0x01, 0x13, 0x01, 0x13, 0x01, 0x13, 0x01, 0x13, 
	0x01, 0x13, 0x01, 0x13, 0x01, 0x13, 0x01, 0x13, 
	0x01, 0x13, 0x01, 0x13, 0x01, 0x13, 0x01, 0x13, 
	0x01, 0x13, 0x01, 0x13, 0x01, 0x13, 0x01, 0x13, 
	0x01, 0x13, 0x01, 0x13, 0x01, 0x13, 0x01, 0x13, 
	0x01, 0x13, 0x01, 0x13, 0x01, 0x13, 0x01, 0x13, 
	0x01, 0x13, 0x01, 0x13, 0x01, 0x13, 0x01, 0x13, 
	0x01, 0x13, 0x01, 0x13, 0x01, 0x13, 0x01, 0x13, 
	0x01, 0x13, 0x01, 0x13, 0x01, 0x13, 0x01, 0x13, 
	0x01, 0x13, 0x01, 0x13, 0x01, 0x13, 0x01, 0x13, 
	0x01, 0x13, 0x01, 0x13, 0x01, 0x13, 0x01, 0x13, 
	0x01, 0x13, 0x01, 0x13, 0x01, 0x13, 0x01, 0x13, 
	0x01, 0x13, 0x01, 0x13, 0x01, 0x13, 0x01, 0x13, 
	0x01, 0x13, 0x01, 0x13, 0x01, 0x13, 0x01, 0x13, 
	0x01, 0x13, 0x01, 0x13, 0x01, 0x13, 0x01, 0x13, 
	0x01, 0x13, 0x01, 0x13, 0x01, 0x13, 0x01, 0x13, 
	0x01, 0x13, 0x01, 0x13, 0x01, 0x13, 0x01, 0x13, 
	0x01, 0x13, 0x01, 0x13, 0x01, 0x13, 0x01, 0x13, 
	0x01, 0x13, 0x01, 0x13, 0x01, 0x13, 0x01, 0x13, 
	0x01, 0x13, 0x01, 0x13, 0x01, 0x13, 0x01, 0x13, 
	0x01, 0x13, 0x01, 0x13, 0x01, 0x13, 0x01, 0x13, 
	0x01, 0x13, 0x01, 0x13, 0x01, 0x13, 0x01, 0x13, 
	0x01, 0x13, 0x01, 0x13, 0x01, 0x13, 0x01, 0x13, 
	0x01, 0x13, 0x01, 0x13, 0x01, 0x13, 0x01, 0x13, 
	0x01, 0x13, 0x01, 0x13, 0x01, 0x13, 0x01, 0x13, 
	0x01, 0x13, 0x01, 0x13, 0x01, 0x13, 0x01, 0x13, 
	0x01, 0x13, 0x01, 0x13, 0x01, 0x13, 0x01, 0x13, 
	0x01, 0x13, 0x01, 0x13, 0x01, 0x13, 0x01, 0x13, 
	0x01, 0x13, 0x01, 0x13, 0x01, 0x13, 0x01, 0x13, 
	0x01, 0x13, 0x01, 0x13, 0x01, 0x13, 0x01, 0x13, 
	0x01, 0x13, 0x01, 0x13, 0x01, 0x13, 0x01, 0x13, 
	0x01, 0x13, 0x01, 0x13, 0x01, 0x13, 0x01, 0x13, 
	0x01, 0x13, 0x01, 0x13, 0x01, 0x13, 0x01, 0x13, 
	0x01, 0x13, 0x01, 0x13, 0x01, 0x13, 0x01, 0x13, 
	0x01, 0x13, 0x01, 0x13, 0x01, 0x13, 0x01, 0x13, 
	0x01, 0x13, 0x01, 0x13, 0x01, 0x13, 0x01, 0x13, 
	0x01, 0x13, 0x01, 0x13, 0x01, 0x13, 0x01, 0x13, 
	0x01, 0x13, 0x01, 0x13, 0x01, 0x13, 0x01, 0x13, 
	0x01, 0x13, 0x01, 0x13, 0x01, 0x13, 0x01, 0x13, 
	0x01, 0x13, 0x01, 0x13, 0x01, 0x13, 0x01, 0x13, 
	0x01, 0x13, 0x01, 0x13, 0x01, 0x13, 0x01, 0x13, 
	0x01, 0x13, 0x01, 0x13, 0x01, 0x13, 0x01, 0x13, 
	0x01, 0x13, 0x01, 0x13, 0x01, 0x13, 0x01, 0x13, 
	0x01, 0x13, 0x01, 0x13, 0x01, 0x13, 0x01, 0x13, 
	0x01, 0x13, 0x01, 0x13, 0x01, 0x13, 0x01, 0x13, 
	0x01, 0x13, 0x01, 0x13, 0x01, 0x13, 0x01, 0x13, 
	0x01, 0x13, 0x01, 0x13, 0x01, 0x13, 0x01, 0x13, 
	0x01, 0x13, 0x01, 0x13, 0x01, 0x13, 0x01, 0x13, 
	0x01, 0x13, 0x01, 0x13, 0x01, 0x13, 0x01, 0x13, 
	0x01, 0x13, 0x01, 0x13, 0x01, 0x13, 0x01, 0x13, 
	0x01, 0x13, 0x01, 0x13, 0x01, 0x13, 0x01, 0x13, 
	0x01, 0x13, 0x01, 0x13, 0x01, 0x13, 0x01, 0x13, 
	0x01, 0x13, 0x01, 0x13, 0x01, 0x13, 0x01, 0x13, 
	0x01, 0x13, 0x01, 0x13, 0x01, 0x13, 0x01, 0x13, 
	0x01, 0x13, 0x01, 0x13, 0x01, 0x13, 0x01, 0x13, 
	0x01, 0x13, 0x01, 0x13, 0x01, 0x13, 0x01, 0x13, 
	0x01, 0x13, 0x01, 0x13, 0x01, 0x13, 0x01, 0x13, 
	0x01, 0x13, 0x01, 0x13, 0x01, 0x13, 0x01, 0x13, 
	0x01, 0x13, 0x01, 0x13, 0x01, 0x13, 0x01, 0x13, 
	0x01, 0x13, 0x01, 0x13, 0x01, 0x13, 0x01, 0x13, 
	0x01, 0x13, 0x01, 0x13, 0x01, 0x13, 0x01, 0x13, 
	0x01, 0x13, 0x01, 0x13, 0x01, 0x13, 0x01, 0x13, 
	0x01, 0x13, 0x01, 0x13, 0x01, 0x13, 0x01, 0x13, 
	0x01, 0x13, 0x01, 0x13, 0x01, 0x13, 0x01, 0x13, 
	0x01, 0x13, 0x01, 0x13, 0x01, 0x13, 0x01, 0x13, 
	0x01, 0x13, 0x01, 0x13, 0x01, 0x13, 0x01, 0x13, 
	0x01, 0x13, 0x01, 0x13, 0x01, 0x13, 0x01, 0x13, 
	0x01, 0x13, 0x01, 0x13, 0x01, 0x13, 0x01, 0x13, 
	0x01, 0x13, 0x01, 0x13, 0x01, 0x13, 0x01, 0x13, 
	0x01, 0x13, 0x01, 0x13, 0x01, 0x13, 0x01, 0x13, 
	0x01, 0x13, 0x01, 0x13, 0x01, 0x13, 0x01, 0x13, 
	0x01, 0x13, 0x01, 0x13, 0x01, 0x13, 0x01, 0x13, 
	0x01, 0x13, 0x01, 0x13, 0x01, 0x13, 0x01, 0x13, 
	0x01, 0x13, 0x01, 0x13, 0x01, 0x13, 0x01, 0x13, 
	0x01, 0x13, 0x01, 0x13, 0x01, 0x13, 0x01, 0x13, 
	0x01, 0x13, 0x01, 0x13, 0x01, 0x13, 0x01, 0x13, 
	0x01, 0x13, 0x01, 0x13, 0x01, 0x13, 0x01, 0x13, 
	0x01, 0x13, 0x01, 0x13, 0x01, 0x13, 0x01, 0x13, 
	0x01, 0x13, 0x01, 0x13, 0x01, 0x13, 0x01, 0x13, 
	0x01, 0x13, 0x01, 0x13, 0x01, 0x13, 0x01, 0x13, 
	0x01, 0x13, 0x01, 0x13, 0x01, 0x13, 0x01, 0x13, 
	0x01, 0x13, 0x01, 0x13, 0x01, 0x13, 0x01, 0x13, 
	0x01, 0x13, 0x01, 0x13, 0x01, 0x13, 0x01, 0x13, 
	0x01, 0x13, 0x01, 0x13, 0x01, 0x13, 0x01, 0x13, 
	0x01, 0x13, 0x01, 0x13, 0x01, 0x13, 0x01, 0x13, 
	0x01, 0x13, 0x01, 0x13, 0x01, 0x13, 0x01, 0x13, 
	0x01, 0x13, 0x01, 0x13, 0x01, 0x13, 0x01, 0x13, 
	0x01, 0x13, 0x01, 0x13, 0x01, 0x13, 0x01, 0x13, 
	0x01, 0x13, 0x01, 0x13, 0x01, 0x13, 0x01, 0x13, 
	0x01, 0x13, 0x01, 0x13, 0x01, 0x13, 0x01, 0x13, 
	0x01, 0x13, 0x01, 0x13, 0x01, 0x13, 0x01, 0x13, 
	0x01, 0x13, 0x01, 0x13, 0x01, 0x13, 0x01, 0x13, 
	0x01, 0x13, 0x01, 0x13, 0x01, 0x13, 0x01, 0x13, 
	0x01, 0x13, 0x01, 0x13, 0x01, 0x13, 0x01, 0x13, 
	0x01, 0x13, 0x01, 0x13, 0x01, 0x13, 0x01, 0x13, 
	0x01, 0x13, 0x01, 0x13, 0x01, 0x13, 0x01, 0x13, 
	0x01, 0x13, 0x01, 0x13, 0x01, 0x13, 0x01, 0x13, 
	0x01, 0x13, 0x01, 0x13, 0x01, 0x13, 0x01, 0x13, 
	0x01, 0x13, 0x01, 0x13, 0x01, 0x13, 0x01, 0x13, 
	0x01, 0x13, 0x01, 0x13, 0x01, 0x13, 0x01, 0x13, 
	0x01, 0x13, 0x01, 0x13, 0x01, 0x13, 0x01, 0x13, 
	0x01, 0x13, 0x01, 0x13, 0x01, 0x13, 0x01, 0x13, 
	0x01, 0x13, 0x01, 0x13, 0x01, 0x13, 0x01, 0x13, 
	0x01, 0x13, 0x01, 0x13, 0x01, 0x13, 0x01, 0x13, 
	0x01, 0x13, 0x01, 0x13, 0x01, 0x13, 0x01, 0x13, 
	0x01, 0x13, 0x01, 0x13, 0x01, 0x13, 0x01, 0x13, 
	0x01, 0x13, 0x01, 0x13, 0x01, 0x13, 0x01, 0x13, 
	0x01, 0x13, 0x01, 0x13, 0x01, 0x13, 0x01, 0x13, 
	0x01, 0x13, 0x01, 0x13, 0x01, 0x13, 0x01, 0x13, 
	0x01, 0x13, 0x01, 0x13, 0x01, 0x13, 0x01, 0x13, 
	0x01, 0x13, 0x01, 0x13, 0x01, 0x13, 0x01, 0x13, 
	0x01, 0x13, 0x01, 0x13, 0x01, 0x13, 0x01, 0x13, 
	0x01, 0x13, 0x01, 0x13, 0x01, 0x13, 0x01, 0x13, 
	0x01, 0x13, 0x01, 0x13, 0x01, 0x13, 0x01, 0x13, 
	0x01, 0x13, 0x01, 0x13, 0x01, 0x13, 0x01, 0x13, 
	0x01, 0x13, 0x01, 0x13, 0x01, 0x13, 0x01, 0x13, 
	0x01, 0x13, 0x01, 0x13, 0x01, 0x13, 0x01, 0x13, 
	0x01, 0x13, 0x01, 0x13, 0x01, 0x13, 0x01, 0x13, 
	0x01, 0x13, 0x01, 0x13, 0x01, 0x13, 0x01, 0x13, 
	0x01, 0x13, 0x01, 0x13, 0x01, 0x13, 0x01, 0x13, 
	0x01, 0x13, 0x01, 0x13, 0x01, 0x13, 0x01, 0x13, 
	0x01, 0x13, 0x01, 0x13, 0x01, 0x13, 0x01, 0x13, 
	0x01, 0x13, 0x01, 0x13, 0x01, 0x13, 0x01, 0x13, 
	0x01, 0x13, 0x01, 0x13, 0x01, 0x13, 0x01, 0x13, 
	0x01, 0x13, 0x01, 0x13, 0x01, 0x13, 0x01, 0x13, 
	0x01, 0x13, 0x01, 0x13, 0x01, 0x13, 0x01, 0x13, 
	0x01, 0x13, 0x01, 0x13, 0x01, 0x13, 0x01, 0x13, 
	0x01, 0x13, 0x01, 0x13, 0x01, 0x13, 0x01, 0x13, 
	0x01, 0x13, 0x01, 0x13, 0x01, 0x13, 0x01, 0x13, 
	0x01, 0x13, 0x01, 0x13, 0x01, 0x13, 0x01, 0x13, 
	0x01, 0x13, 0x01, 0x13, 0x01, 0x13, 0x01, 0x13, 
	0x01, 0x13, 0x01, 0x13, 0x01, 0x13, 0x01, 0x13, 
	0x01, 0x13, 0x01, 0x13, 0x01, 0x13, 0x01, 0x13, 
	0x01, 0x13, 0x01, 0x13, 0x01, 0x13, 0x01, 0x13, 
	0x01, 0x13, 0x01, 0x13, 0x01, 0x13, 0x01, 0x13, 
	0x01, 0x13, 0x01, 0x13, 0x01, 0x13, 0x01, 0x13, 
	0x01, 0x13, 0x01, 0x13, 0x01, 0x13, 0x01, 0x13, 
	0x01, 0x13, 0x01, 0x13, 0x01, 0x13, 0x01, 0x13, 
	0x01, 0x13, 0x01, 0x13, 0x01, 0x13, 0x01, 0x13, 
	0x01, 0x13, 0x01, 0x13, 0x01, 0x13, 0x01, 0x13, 
	0x01, 0x13, 0x01, 0x13, 0x01, 0x13, 0x01, 0x13, 
	0x01, 0x13, 0x01, 0x13, 0x01, 0x13, 0x01, 0x13, 
	0x01, 0x13, 0x01, 0x13, 0x01, 0x13, 0x01, 0x13, 
	0x01, 0x13, 0x01, 0x13, 0x01, 0x13, 0x01, 0x13, 
	0x01, 0x13, 0x01, 0x13, 0x01, 0x13, 0x01, 0x13, 
	0x01, 0x13, 0x01, 0x13, 0x01, 0x13, 0x01, 0x13, 
	0x01, 0x13, 0x01, 0x13, 0x01, 0x13, 0x01, 0x13, 
	0x01, 0x13, 0x01, 0x13, 0x01, 0x13, 0x01, 0x13, 
	0x01, 0x13, 0x01, 0x13, 0x01, 0x13, 0x01, 0x13, 
	0x01, 0x13, 0x01, 0x13, 0x01, 0x13, 0x01, 0x13, 
	0x01, 0x13, 0x01, 0x13, 0x01, 0x13, 0x01, 0x13, 
	0x01, 0x13, 0x01, 0x13, 0x01, 0x13, 0x01, 0x13, 
	0x01, 0x13, 0x01, 0x13, 0x01, 0x13, 0x01, 0x13, 
	0x01, 0x13, 0x01, 0x13, 0x01, 0x13, 0x01, 0x13, 
	0x01, 0x13, 0x01, 0x13, 0x01, 0x13, 0x01, 0x13, 
	0x01, 0x13, 0x01, 0x13, 0x01, 0x13, 0x01, 0x13, 
	0x01, 0x13, 0x01, 0x13, 0x01, 0x13, 0x01, 0x13, 
	0x01, 0x13, 0x01, 0x13, 0x01, 0x13, 0x01, 0x13, 
	0x01, 0x13, 0x01, 0x13, 0x01, 0x13, 0x01, 0x13, 
	0x01, 0x13, 0x01, 0x13, 0x01, 0x13, 0x01, 0x13, 
	0x01, 0x13, 0x01, 0x13, 0x01, 0x13, 0x01, 0x13, 
	0x01, 0x13, 0x01, 0x13, 0x01, 0x13, 0x01, 0x13, 
	0x01, 0x13, 0x01, 0x13, 0x01, 0x13, 0x01, 0x13, 
	0x01, 0x13, 0x01, 0x13, 0x01, 0x13, 0x01, 0x13, 
	0x01, 0x13, 0x01, 0x13, 0x01, 0x13, 0x01, 0x13, 
	0x01, 0x13, 0x01, 0x13, 0x01, 0x13, 0x01, 0x13, 
	0x01, 0x13, 0x01, 0x13, 0x01, 0x13, 0x01, 0x13, 
	0x01, 0x13, 0x01, 0x13, 0x01, 0x13, 0x01, 0x13, 
	0x01, 0x13, 0x01, 0x13, 0x01, 0x13, 0x01, 0x13, 
	0x01, 0x13, 0x01, 0x13, 0x01, 0x13, 0x01, 0x13, 
	0x01, 0x13, 0x01, 0x13, 0x01, 0x13, 0x01, 0x13, 
	0x01, 0x13, 0x01, 0x13, 0x01, 0x13, 0x01, 0x13, 
	0x01, 0x13, 0x01, 0x13, 0x01, 0x13, 0x01, 0x13, 
	0x01, 0x13, 0x01, 0x13, 0x01, 0x13, 0x01, 0x13, 
	0x01, 0x13, 0x01, 0x13, 0x01, 0x13, 0x01, 0x13, 
	0x01, 0x13, 0x01, 0x13, 0x01, 0x13, 0x01, 0x13, 
	0x01, 0x13, 0x01, 0x13, 0x01, 0x13, 0x01, 0x13, 
	0x01, 0x13, 0x01, 0x13, 0x01, 0x13, 0x01, 0x13, 
	0x01, 0x13, 0x01, 0x13, 0x01, 0x13, 0x01, 0x13, 
	0x01, 0x13, 0x01, 0x13, 0x01, 0x13, 0x01, 0x13, 
	0x01, 0x13, 0x01, 0x13, 0x01, 0x13, 0x01, 0x13, 
	0x01, 0x13, 0x01, 0x13, 0x01, 0x13, 0x01, 0x13, 
	0x01, 0x13, 0x01, 0x13, 0x01, 0x13, 0x01, 0x13, 
	0x01, 0x13, 0x01, 0x13, 0x01, 0x13, 0x01, 0x13, 
	0x01, 0x13, 0x01, 0x13, 0x01, 0x13, 0x01, 0x13, 
	0x01, 0x13, 0x01, 0x13, 0x01, 0x13, 0x01, 0x13, 
	0x01, 0x13, 0x01, 0x13, 0x01, 0x13, 0x01, 0x13, 
	0x01, 0x13, 0x01, 0x13, 0x01, 0x13, 0x01, 0x13, 
	0x01, 0x13, 0x01, 0x13, 0x01, 0x13, 0x01, 0x13, 
	0x01, 0x13, 0x01, 0x13, 0x01, 0x13, 0x01, 0x13, 
	0x01, 0x13, 0x01, 0x13, 0x01, 0x13, 0x01, 0x13, 
	0x01, 0x13, 0x01, 0x13, 0x01, 0x13, 0x01, 0x13, 
	0x01, 0x13, 0x01, 0x13, 0x01, 0x13, 0x01, 0x13, 
	0x01, 0x13, 0x01, 0x13, 0x01, 0x13, 0x01, 0x13, 
	0x01, 0x13, 0x01, 0x13, 0x01, 0x13, 0x01, 0x13, 
	0x01, 0x13, 0x01, 0x13, 0x01, 0x13, 0x01, 0x13, 
	0x01, 0x13, 0x01, 0x13, 0x01, 0x13, 0x01, 0x13, 
	0x01, 0x13, 0x01, 0x13, 0x01, 0x13, 0x01, 0x13, 
	0x01, 0x13, 0x01, 0x13, 0x01, 0x13, 0x01, 0x13, 
	0x01, 0x13, 0x01, 0x13, 0x01, 0x13, 0x01, 0x13, 
	0x01, 0x13, 0x01, 0x13, 0x01, 0x13, 0x01, 0x13, 
	0x01, 0x13, 0x01, 0x13, 0x01, 0x13, 0x01, 0x13, 
	0x01, 0x13, 0x01, 0x13, 0x01, 0x13, 0x01, 0x13, 
	0x01, 0x13, 0x01, 0x13, 0x01, 0x13, 0x01, 0x13, 
	0x01, 0x13, 0x01, 0x13, 0x01, 0x13, 0x01, 0x13, 
	0x01, 0x13, 0x01, 0x13, 0x01, 0x13, 0x01, 0x13, 
	0x01, 0x13, 0x01, 0x13, 0x01, 0x13, 0x01, 0x13, 
	0x01, 0x13, 0x01, 0x13, 0x01, 0x13, 0x01, 0x13, 
	0x01, 0x13, 0x01, 0x13, 0x01, 0x13, 0x01, 0x13, 
	0x01, 0x13, 0x01, 0x13, 0x01, 0x13, 0x01, 0x13, 
	0x01, 0x13, 0x01, 0x13, 0x01, 0x13, 0x01, 0x13, 
	0x01, 0x13, 0x01, 0x13, 0x01, 0x13, 0x01, 0x13, 
	0x01, 0x13, 0x01, 0x13, 0x01, 0x13, 0x01, 0x13, 
	0x01, 0x13, 0x01, 0x13, 0x01, 0x13, 0x01, 0x13, 
	0x01, 0x13, 0x01, 0x13, 0x01, 0x13, 0x01, 0x13, 
	0x01, 0x13, 0x01, 0x13, 0x01, 0x13, 0x01, 0x13, 
	0x01, 0x13, 0x01, 0x13, 0x01, 0x13, 0x01, 0x13, 
	0x01, 0x13, 0x01, 0x13, 0x01, 0x13, 0x01, 0x13, 
	0x01, 0x13, 0x01, 0x13, 0x01, 0x13, 0x01, 0x13, 
	0x01, 0x13, 0x01, 0x13, 0x01, 0x13, 0x01, 0x13, 
	0x01, 0x13, 0x01, 0x13, 0x01, 0x13, 0x01, 0x13, 
	0x01, 0x13, 0x01, 0x13, 0x01, 0x13, 0x01, 0x13, 
	0x01, 0x13, 0x01, 0x13, 0x01, 0x13, 0x01, 0x13, 
	0x01, 0x13, 0x01, 0x13, 0x01, 0x13, 0x01, 0x13, 
	0x01, 0x13, 0x01, 0x13, 0x01, 0x13, 0x01, 0x13, 
	0x01, 0x13, 0x01, 0x13, 0x01, 0x13, 0x01, 0x13, 
	0x01, 0x13, 0x01, 0x13, 0x01, 0x13, 0x01, 0x13, 
	0x01, 0x13, 0x01, 0x13, 0x01, 0x13, 0x01, 0x13, 
	0x01, 0x13, 0x01, 0x13, 0x01, 0x13, 0x01, 0x13, 
	0x01, 0x13, 0x01, 0x13, 0x01, 0x13, 0x01, 0x13, 
	0x01, 0x13, 0x01, 0x13, 0x01, 0x13, 0x01, 0x13, 
	0x01, 0x13, 0x01, 0x13, 0x01, 0x13, 0x01, 0x13, 
	0x01, 0x13, 0x01, 0x13, 0x01, 0x13, 0x01, 0x13, 
	0x01, 0x13, 0x01, 0x13, 0x01, 0x13, 0x01, 0x13, 
	0x01, 0x13, 0x01, 0x13, 0x01, 0x13, 0x01, 0x13, 
	0x01, 0x13, 0x01, 0x13, 0x01, 0x13, 0x01, 0x13, 
	0x01, 0x13, 0x01, 0x13, 0x01, 0x13, 0x01, 0x13, 
	0x01, 0x13, 0x01, 0x13, 0x01, 0x13, 0x01, 0x13, 
	0x01, 0x13, 0x01, 0x13, 0x01, 0x13, 0x01, 0x13, 
	0x01, 0x13, 0x01, 0x13, 0x01, 0x13, 0x01, 0x13, 
	0x01, 0x13, 0x01, 0x13, 0x01, 0x13, 0x01, 0x13, 
	0x01, 0x13, 0x01, 0x13, 0x01, 0x13, 0x01, 0x13, 
	0x01, 0x13, 0x01, 0x13, 0x01, 0x13, 0x01, 0x13, 
	0x01, 0x13, 0x01, 0x13, 0x01, 0x13, 0x01, 0x13, 
	0x01, 0x13, 0x01, 0x13, 0x01, 0x13, 0x01, 0x13, 
	0x01, 0x13, 0x01, 0x13, 0x01, 0x13, 0x01, 0x13, 
	0x01, 0x13, 0x01, 0x13, 0x01, 0x13, 0x01, 0x13, 
	0x01, 0x13, 0x01, 0x13, 0x01, 0x13, 0x01, 0x13, 
	0x01, 0x13, 0x01, 0x13, 0x01, 0x13, 0x01, 0x13, 
	0x01, 0x13, 0x01, 0x13, 0x01, 0x13, 0x01, 0x13, 
	0x01, 0x13, 0x01, 0x13, 0x01, 0x13, 0x01, 0x13, 
	0x01, 0x13, 0x01, 0x13, 0x01, 0x13, 0x01, 0x13, 
	0x01, 0x13, 0x01, 0x13, 0x01, 0x13, 0x01, 0x13, 
	0x01, 0x13, 0x01, 0x13, 0x01, 0x13, 0x01, 0x13, 
	0x01, 0x13, 0x01, 0x13, 0x01, 0x13, 0x01, 0x13, 
	0x01, 0x13, 0x01, 0x13, 0x01, 0x13, 0x01, 0x13, 
	0x01, 0x13, 0x01, 0x13, 0x01, 0x13, 0x01, 0x13, 
	0x01, 0x13, 0x01, 0x13, 0x01, 0x13, 0x01, 0x13, 
	0x01, 0x13, 0x01, 0x13, 0x01, 0x13, 0x01, 0x13, 
	0x01, 0x13, 0x01, 0x13, 0x01, 0x13, 0x01, 0x13, 
	0x01, 0x13, 0x01, 0x13, 0x01, 0x13, 0x01, 0x13, 
	0x01, 0x13, 0x01, 0x13, 0x01, 0x13, 0x01, 0x13, 
	0x01, 0x13, 0x01, 0x13, 0x01, 0x13, 0x01, 0x13, 
	0x01, 0x13, 0x01, 0x13, 0x01, 0x13, 0x01, 0x13, 
	0x01, 0x13, 0x01, 0x13, 0x01, 0x13, 0x01, 0x13, 
	0x01, 0x13, 0x01, 0x13, 0x01, 0x13, 0x01, 0x13, 
	0x01, 0x13, 0x01, 0x13, 0x01, 0x13, 0x01, 0x13, 
	0x01, 0x13, 0x01, 0x13, 0x01, 0x13, 0x01, 0x13, 
	0x01, 0x13, 0x01, 0x13, 0x01, 0x13, 0x01, 0x13, 
	0x01, 0x13, 0x01, 0x13, 0x01, 0x13, 0x01, 0x13, 
	0x01, 0x13, 0x01, 0x13, 0x01, 0x13, 0x01, 0x13, 
	0x01, 0x13, 0x01, 0x13, 0x01, 0x13, 0x01, 0x13, 
	0x01, 0x13, 0x01, 0x13, 0x01, 0x13, 0x01, 0x13, 
	0x01, 0x13, 0x01, 0x13, 0x01, 0x13, 0x01, 0x13, 
	0x01, 0x13, 0x01, 0x13, 0x01, 0x13, 0x01, 0x13, 
	0x01, 0x13, 0x01, 0x13, 0x01, 0x13, 0x01, 0x13, 
	0x01, 0x13, 0x01, 0x13, 0x01, 0x13, 0x01, 0x13, 
	0x01, 0x13, 0x01, 0x13, 0x01, 0x13, 0x01, 0x13, 
	0x01, 0x13, 0x01, 0x13, 0x01, 0x13, 0x01, 0x13, 
	0x01, 0x13, 0x01, 0x13, 0x01, 0x13, 0x01, 0x13, 
	0x01, 0x13, 0x01, 0x13, 0x01, 0x13, 0x01, 0x13, 
	0x01, 0x13, 0x01, 0x13, 0x01, 0x13, 0x01, 0x13, 
	0x01, 0x13, 0x01, 0x13, 0x01, 0x13, 0x01, 0x13, 
	0x01, 0x13, 0x01, 0x13, 0x01, 0x13, 0x01, 0x13, 
	0x01, 0x13, 0x01, 0x13, 0x01, 0x13, 0x01, 0x13, 
	0x01, 0x13, 0x01, 0x13, 0x01, 0x13, 0x01, 0x13, 
	0x01, 0x13, 0x01, 0x13, 0x01, 0x13, 0x01, 0x13, 
	0x01, 0x13, 0x01, 0x13, 0x01, 0x13, 0x01, 0x13, 
	0x01, 0x13, 0x01, 0x13, 0x01, 0x13, 0x01, 0x13, 
	0x01, 0x13, 0x01, 0x13, 0x01, 0x13, 0x01, 0x13, 
	0x01, 0x13, 0x01, 0x13, 0x01, 0x13, 0x01, 0x13, 
	0x01, 0x13, 0x01, 0x13, 0x01, 0x13, 0x01, 0x13, 
	0x01, 0x13, 0x01, 0x13, 0x01, 0x13, 0x01, 0x13, 
	0x01, 0x13, 0x01, 0x13, 0x01, 0x13, 0x01, 0x13, 
	0x01, 0x13, 0x01, 0x13, 0x01, 0x13, 0x01, 0x13, 
	0x01, 0x13, 0x01, 0x13, 0x01, 0x13, 0x01, 0x13, 
	0x01, 0x13, 0x01, 0x13, 0x01, 0x13, 0x01, 0x13, 
	0x01, 0x13, 0x01, 0x13, 0x01, 0x13, 0x01, 0x13, 
	0x01, 0x13, 0x01, 0x13, 0x01, 0x13, 0x01, 0x13, 
	0x01, 0x13, 0x01, 0x13, 0x01, 0x13, 0x01, 0x13, 
	0x01, 0x13, 0x01, 0x13, 0x01, 0x13, 0x01, 0x13, 
	0x01, 0x13, 0x01, 0x13, 0x01, 0x13, 0x01, 0x13, 
	0x01, 0x13, 0x01, 0x13, 0x01, 0x13, 0x01, 0x13, 
	0x01, 0x13, 0x01, 0x13, 0x01, 0x13, 0x01, 0x13, 
	0x01, 0x13, 0x01, 0x13, 0x01, 0x13, 0x01, 0x13, 
	0x01, 0x13, 0x01, 0x13, 0x01, 0x13, 0x01, 0x13, 
	0x01, 0x13, 0x01, 0x13, 0x01, 0x13, 0x01, 0x13, 
	0x01, 0x13, 0x01, 0x13, 0x01, 0x13, 0x01, 0x13, 
	0x01, 0x13, 0x01, 0x13, 0x01, 0x13, 0x01, 0x13, 
	0x01, 0x13, 0x01, 0x13, 0x01, 0x13, 0x01, 0x13, 
	0x01, 0x13, 0x01, 0x13, 0x01, 0x13, 0x01, 0x13, 
	0x01, 0x13, 0x01, 0x13, 0x01, 0x13, 0x01, 0x13, 
	0x01, 0x13, 0x01, 0x13, 0x01, 0x13, 0x01, 0x13, 
	0x01, 0x13, 0x01, 0x13, 0x01, 0x13, 0x01, 0x13, 
	0x01, 0x13, 0x01, 0x13, 0x01, 0x13, 0x01, 0x13, 
	0x01, 0x13, 0x01, 0x13, 0x01, 0x13, 0x01, 0x13, 
	0x01, 0x13, 0x01, 0x13, 0x01, 0x13, 0x01, 0x13, 
	0x01, 0x13, 0x01, 0x13, 0x01, 0x13, 0x01, 0x13, 
	0x01, 0x13, 0x01, 0x13, 0x01, 0x13, 0x01, 0x13, 
	0x01, 0x13, 0x01, 0x13, 0x01, 0x13, 0x01, 0x13, 
	0x01, 0x13, 0x01, 0x13, 0x01, 0x13, 0x01, 0x13, 
	0x01, 0x13, 0x01, 0x13, 0x01, 0x13, 0x01, 0x13, 
	0x01, 0x13, 0x01, 0x13, 0x01, 0x13, 0x01, 0x13, 
	0x01, 0x13, 0x01, 0x13, 0x01, 0x13, 0x01, 0x13, 
	0x01, 0x13, 0x01, 0x13, 0x01, 0x13, 0x01, 0x13, 
	0x01, 0x13, 0x01, 0x13, 0x01, 0x13, 0x01, 0x13, 
	0x01, 0x13, 0x01, 0x13, 0x01, 0x13, 0x01, 0x13, 
	0x01, 0x13, 0x01, 0x13, 0x01, 0x13, 0x01, 0x13, 
	0x01, 0x13, 0x01, 0x13, 0x01, 0x13, 0x01, 0x13, 
	0x01, 0x13, 0x01, 0x13, 0x01, 0x13, 0x01, 0x13, 
	0x01, 0x13, 0x01, 0x13, 0x01, 0x13, 0x01, 0x13, 
	0x01, 0x13, 0x01, 0x13, 0x01, 0x13, 0x01, 0x13, 
	0x01, 0x13, 0x01, 0x13, 0x01, 0x13, 0x01, 0x13, 
	0x01, 0x13, 0x01, 0x13, 0x01, 0x13, 0x01, 0x13, 
	0x01, 0x13, 0x01, 0x13, 0x01, 0x13, 0x01, 0x13, 
	0x01, 0x13, 0x01, 0x13, 0x01, 0x13, 0x01, 0x13, 
	0x01, 0x13, 0x01, 0x13, 0x01, 0x13, 0x01, 0x13, 
	0x01, 0x13, 0x01, 0x13, 0x01, 0x13, 0x01, 0x13, 
	0x01, 0x13, 0x01, 0x13, 0x01, 0x13, 0x01, 0x13, 
	0x01, 0x13, 0x01, 0x13, 0x01, 0x13, 0x01, 0x13, 
	0x01, 0x13, 0x01, 0x13, 0x01, 0x13, 0x01, 0x13, 
	0x01, 0x13, 0x01, 0x13, 0x01, 0x13, 0x01, 0x13, 
	0x01, 0x13, 0x01, 0x13, 0x01, 0x13, 0x01, 0x13, 
	0x01, 0x13, 0x01, 0x13, 0x01, 0x13, 0x01, 0x13, 
	0x01, 0x13, 0x01, 0x13, 0x01, 0x13, 0x01, 0x13, 
	0x01, 0x13, 0x01, 0x13, 0x01, 0x13, 0x01, 0x13, 
	0x01, 0x13, 0x01, 0x13, 0x01, 0x13, 0x01, 0x13, 
	0x01, 0x13, 0x01, 0x13, 0x01, 0x13, 0x01, 0x13, 
	0x01, 0x13, 0x01, 0x13, 0x01, 0x13, 0x01, 0x13, 
	0x01, 0x13, 0x01, 0x13, 0x01, 0x13, 0x01, 0x13, 
	0x01, 0x13, 0x01, 0x13, 0x01, 0x13, 0x01, 0x13, 
	0x01, 0x13, 0x01, 0x13, 0x01, 0x13, 0x01, 0x13, 
	0x01, 0x13, 0x01, 0x13, 0x01, 0x13, 0x01, 0x13, 
	0x01, 0x13, 0x01, 0x13, 0x01, 0x13, 0x01, 0x13, 
	0x01, 0x13, 0x01, 0x13, 0x01, 0x13, 0x01, 0x13, 
	0x01, 0x13, 0x01, 0x13, 0x01, 0x13, 0x01, 0x13, 
	0x01, 0x13, 0x01, 0x13, 0x01, 0x13, 0x01, 0x13, 
	0x01, 0x13, 0x01, 0x13, 0x01, 0x13, 0x01, 0x13, 
	0x01, 0x13, 0x01, 0x13, 0x01, 0x13, 0x01, 0x13, 
	0x01, 0x13, 0x01, 0x13, 0x01, 0x13, 0x01, 0x13, 
	0x01, 0x13, 0x01, 0x13, 0x01, 0x13, 0x01, 0x13, 
	0x01, 0x13, 0x01, 0x13, 0x01, 0x13, 0x01, 0x13, 
	0x01, 0x13, 0x01, 0x13, 0x01, 0x13, 0x01, 0x13, 
	0x01, 0x13, 0x01, 0x13, 0x01, 0x13, 0x01, 0x13, 
	0x01, 0x13, 0x01, 0x13, 0x01, 0x13, 0x01, 0x13, 
	0x01, 0x13, 0x01, 0x13, 0x01, 0x13, 0x01, 0x13, 
	0x01, 0x13, 0x01, 0x13, 0x01, 0x13, 0x01, 0x13, 
	0x01, 0x13, 0x01, 0x13, 0x01, 0x13, 0x01, 0x13, 
	0x01, 0x13, 0x01, 0x13, 0x01, 0x13, 0x01, 0x13, 
	0x01, 0x13, 0x01, 0x13, 0x01, 0x13, 0x01, 0x13, 
	0x01, 0x13, 0x01, 0x13, 0x01, 0x13, 0x01, 0x13, 
	0x01, 0x13, 0x01, 0x13, 0x01, 0x13, 0x01, 0x13, 
	0x01, 0x13, 0x01, 0x13, 0x01, 0x13, 0x01, 0x13, 
	0x01, 0x13, 0x01, 0x13, 0x01, 0x13, 0x01, 0x13, 
	0x01, 0x13, 0x01, 0x13, 0x01, 0x13, 0x01, 0x13, 
	0x01, 0x13, 0x01, 0x13, 0x01, 0x13, 0x01, 0x13, 
	0x01, 0x13, 0x01, 0x13, 0x01, 0x13, 0x01, 0x13, 
	0x01, 0x13, 0x01, 0x13, 0x01, 0x13, 0x01, 0x13, 
	0x01, 0x13, 0x01, 0x13, 0x01, 0x13, 0x01, 0x13, 
	0x01, 0x13, 0x01, 0x13, 0x01, 0x13, 0x01, 0x13, 
	0x01, 0x13, 0x01, 0x13, 0x01, 0x13, 0x01, 0x13, 
	0x01, 0x13, 0x01, 0x13, 0x01, 0x13, 0x01, 0x13, 
	0x01, 0x13, 0x01, 0x13, 0x01, 0x13, 0x01, 0x13, 
	0x01, 0x13, 0x01, 0x13, 0x01, 0x13, 0x01, 0x13, 
	0x01, 0x13, 0x01, 0x13, 0x01, 0x13, 0x01, 0x13, 
	0x01, 0x13, 0x01, 0x13, 0x01, 0x13, 0x01, 0x13, 
	0x01, 0x13, 0x01, 0x13, 0x01, 0x13, 0x01, 0x13, 
	0x01, 0x13, 0x01, 0x13, 0x01, 0x13, 0x01, 0x13, 
	0x01, 0x13, 0x01, 0x13, 0x01, 0x13, 0x01, 0x13, 
	0x01, 0x13, 0x01, 0x13, 0x01, 0x13, 0x01, 0x13, 
	0x01, 0x13, 0x01, 0x13, 0x01, 0x13, 0x01, 0x13, 
	0x01, 0x13, 0x01, 0x13, 0x01, 0x13, 0x01, 0x13, 
	0x01, 0x13, 0x01, 0x13, 0x01, 0x13, 0x01, 0x13, 
	0x01, 0x13, 0x01, 0x13, 0x01, 0x13, 0x01, 0x13, 
	0x01, 0x13, 0x01, 0x13, 0x01, 0x13, 0x01, 0x13, 
	0x01, 0x13, 0x01, 0x13, 0x01, 0x13, 0x01, 0x13, 
	0x01, 0x13, 0x01, 0x13, 0x01, 0x13, 0x01, 0x13, 
	0x01, 0x13, 0x01, 0x13, 0x01, 0x13, 0x01, 0x13, 
	0x01, 0x13, 0x01, 0x13, 0x01, 0x13, 0x01, 0x13, 
	0x01, 0x13, 0x01, 0x13, 0x01, 0x13, 0x01, 0x13, 
	0x01, 0x13, 0x01, 0x13, 0x01, 0x13, 0x01, 0x13, 
	0x01, 0x13, 0x01, 0x13, 0x01, 0x13, 0x01, 0x13, 
	0x01, 0x13, 0x01, 0x13, 0x01, 0x13, 0x01, 0x13, 
	0x01, 0x13, 0x01, 0x13, 0x01, 0x13, 0x01, 0x13, 
	0x01, 0x13, 0x01, 0x13, 0x01, 0x13, 0x01, 0x13, 
	0x01, 0x13, 0x01, 0x13, 0x01, 0x13, 0x01, 0x13, 
	0x01, 0x13, 0x01, 0x13, 0x01, 0x13, 0x01, 0x13, 
	0x01, 0x13, 0x01, 0x13, 0x01, 0x13, 0x01, 0x13, 
	0x01, 0x13, 0x01, 0x13, 0x01, 0x13, 0x01, 0x13, 
	0x01, 0x13, 0x01, 0x13, 0x01, 0x13, 0x01, 0x13, 
	0x01, 0x13, 0x01, 0x13, 0x01, 0x13, 0x01, 0x13, 
	0x01, 0x13, 0x01, 0x13, 0x01, 0x13, 0x01, 0x13, 
	0x01, 0x13, 0x01, 0x13, 0x01, 0x13, 0x01, 0x13, 
	0x01, 0x13, 0x01, 0x13, 0x01, 0x13, 0x01, 0x13, 
	0x01, 0x13, 0x01, 0x13, 0x01, 0x13, 0x01, 0x13, 
	0x01, 0x13, 0x01, 0x13, 0x01, 0x13, 0x01, 0x13, 
	0x01, 0x13, 0x01, 0x13, 0x01, 0x13, 0x01, 0x13, 
	0x01, 0x13, 0x01, 0x13, 0x01, 0x13, 0x01, 0x13, 
	0x01, 0x13, 0x01, 0x13, 0x01, 0x13, 0x01, 0x13, 
	0x01, 0x13, 0x01, 0x13, 0x01, 0x13, 0x01, 0x13, 
	0x01, 0x13, 0x01, 0x13, 0x01, 0x13, 0x01, 0x13, 
	0x01, 0x13, 0x01, 0x13, 0x01, 0x13, 0x01, 0x13, 
	0x01, 0x13, 0x01, 0x13, 0x01, 0x13, 0x01, 0x13, 
	0x01, 0x13, 0x01, 0x13, 0x01, 0x13, 0x01, 0x13, 
	0x01, 0x13, 0x01, 0x13, 0x01, 0x13, 0x01, 0x13, 
	0x01, 0x13, 0x01, 0x13, 0x01, 0x13, 0x01, 0x13, 
	0x01, 0x13, 0x01, 0x13, 0x01, 0x13, 0x01, 0x13, 
	0x01, 0x13, 0x01, 0x13, 0x01, 0x13, 0x01, 0x13, 
	0x01, 0x13, 0x01, 0x13, 0x01, 0x13, 0x01, 0x13, 
	0x01, 0x13, 0x01, 0x13, 0x01, 0x13, 0x01, 0x13, 
	0x01, 0x13, 0x01, 0x13, 0x01, 0x13, 0x01, 0x13, 
	0x01, 0x13, 0x01, 0x13, 0x01, 0x13, 0x01, 0x13, 
	0x01, 0x13, 0x01, 0x13, 0x01, 0x13, 0x01, 0x13, 
	0x01, 0x13, 0x01, 0x13, 0x01, 0x13, 0x01, 0x13, 
	0x01, 0x13, 0x01, 0x13, 0x01, 0x13, 0x01, 0x13, 
	0x01, 0x13, 0x01, 0x13, 0x01, 0x13, 0x01, 0x13, 
	0x01, 0x13, 0x01, 0x13, 0x01, 0x13, 0x01, 0x13, 
	0x01, 0x13, 0x01, 0x13, 0x01, 0x13, 0x01, 0x13, 
	0x01, 0x13, 0x01, 0x13, 0x01, 0x13, 0x01, 0x13, 
	0x01, 0x13, 0x01, 0x13, 0x01, 0x13, 0x01, 0x13, 
	0x01, 0x13, 0x01, 0x13, 0x01, 0x13, 0x01, 0x13, 
	0x01, 0x13, 0x01, 0x13, 0x01, 0x13, 0x01, 0x13, 
	0x01, 0x13, 0x01, 0x13, 0x01, 0x13, 0x01, 0x13, 
	0x01, 0x13, 0x01, 0x13, 0x01, 0x13, 0x01, 0x13, 
	0x01, 0x13, 0x01, 0x13, 0x01, 0x13, 0x01, 0x13, 
	0x01, 0x13, 0x01, 0x13, 0x01, 0x13, 0x01, 0x13, 
	0x01, 0x13, 0x01, 0x13, 0x01, 0x13, 0x01, 0x13, 
	0x01, 0x13, 0x01, 0x13, 0x01, 0x13, 0x01, 0x13, 
	0x01, 0x13, 0x01, 0x13, 0x01, 0x13, 0x01, 0x13, 
	0x01, 0x13, 0x01, 0x13, 0x01, 0x13, 0x01, 0x13, 
	0x01, 0x13, 0x01, 0x13, 0x01, 0x13, 0x01, 0x13, 
	0x01, 0x13, 0x01, 0x13, 0x01, 0x13, 0x01, 0x13, 
	0x01, 0x13, 0x01, 0x13, 0x01, 0x13, 0x01, 0x13, 
	0x01, 0x13, 0x01, 0x13, 0x01, 0x13, 0x01, 0x13, 
	0x01, 0x13, 0x01, 0x13, 0x01, 0x13, 0x01, 0x13, 
	0x01, 0x13, 0x01, 0x13, 0x01, 0x13, 0x01, 0x13, 
	0x01, 0x13, 0x01, 0x13, 0x01, 0x13, 0x01, 0x13, 
	0x01, 0x13, 0x01, 0x13, 0x01, 0x13, 0x01, 0x13, 
	0x01, 0x13, 0x01, 0x13, 0x01, 0x13, 0x01, 0x13, 
	0x01, 0x13, 0x01, 0x13, 0x01, 0x13, 0x01, 0x13, 
	0x01, 0x13, 0x01, 0x13, 0x01, 0x13, 0x01, 0x13, 
	0x01, 0x13, 0x01, 0x13, 0x01, 0x13, 0x01, 0x13, 
	0x01, 0x13, 0x01, 0x13, 0x01, 0x13, 0x01, 0x13, 
	0x01, 0x13, 0x01, 0x13, 0x01, 0x13, 0x01, 0x13, 
	0x01, 0x13, 0x01, 0x13, 0x01, 0x13, 0x01, 0x13, 
	0x01, 0x13, 0x01, 0x13, 0x01, 0x13, 0x01, 0x13, 
	0x01, 0x13, 0x01, 0x13, 0x01, 0x13, 0x01, 0x13, 
	0x01, 0x13, 0x01, 0x13, 0x01, 0x13, 0x01, 0x13, 
	0x01, 0x13, 0x01, 0x13, 0x01, 0x13, 0x01, 0x13, 
	0x01, 0x13, 0x01, 0x13, 0x01, 0x13, 0x01, 0x13, 
	0x01, 0x13, 0x01, 0x13, 0x01, 0x13, 0x01, 0x13, 
	0x01, 0x13, 0x01, 0x13, 0x01, 0x13, 0x01, 0x13, 
	0x01, 0x13, 0x01, 0x13, 0x01, 0x13, 0x01, 0x13, 
	0x01, 0x13, 0x01, 0x13, 0x01, 0x13, 0x01, 0x13, 
	0x01, 0x13, 0x01, 0x13, 0x01, 0x13, 0x01, 0x13, 
	0x01, 0x13, 0x01, 0x13, 0x01, 0x13, 0x01, 0x13, 
	0x01, 0x13, 0x01, 0x13, 0x01, 0x13, 0x01, 0x13, 
	0x01, 0x13, 0x01, 0x13, 0x01, 0x13, 0x01, 0x13, 
	0x01, 0x13, 0x01, 0x13, 0x01, 0x13, 0x01, 0x13, 
	0x01, 0x13, 0x01, 0x13, 0x01, 0x13, 0x01, 0x13, 
	0x01, 0x13, 0x01, 0x13, 0x01, 0x13, 0x01, 0x13, 
	0x01, 0x13, 0x01, 0x13, 0x01, 0x13, 0x01, 0x13, 
	0x01, 0x13, 0x01, 0x13, 0x01, 0x13, 0x01, 0x13, 
	0x01, 0x13, 0x01, 0x13, 0x01, 0x13, 0x01, 0x13, 
	0x01, 0x13, 0x01, 0x13, 0x01, 0x13, 0x01, 0x13, 
	0x01, 0x13, 0x01, 0x13, 0x01, 0x13, 0x01, 0x13, 
	0x01, 0x13, 0x01, 0x13, 0x01, 0x13, 0x01, 0x13, 
	0x01, 0x13, 0x01, 0x13, 0x01, 0x13, 0x01, 0x13, 
	0x01, 0x13, 0x01, 0x13, 0x01, 0x13, 0x01, 0x13, 
	0x01, 0x13, 0x01, 0x13, 0x01, 0x13, 0x01, 0x13, 
	0x01, 0x13, 0x01, 0x13, 0x01, 0x13, 0x01, 0x13, 
	0x01, 0x13, 0x01, 0x13, 0x01, 0x13, 0x01, 0x13, 
	0x01, 0x13, 0x01, 0x13, 0x01, 0x13, 0x01, 0x13, 
	0x01, 0x13, 0x01, 0x13, 0x01, 0x13, 0x01, 0x13, 
	0x01, 0x13, 0x01, 0x13, 0x01, 0x13, 0x01, 0x13, 
	0x01, 0x13, 0x01, 0x13, 0x01, 0x13, 0x01, 0x13, 
	0x01, 0x13, 0x01, 0x13, 0x01, 0x13, 0x01, 0x13, 
	0x01, 0x13, 0x01, 0x13, 0x01, 0x13, 0x01, 0x13, 
	0x01, 0x13, 0x01, 0x13, 0x01, 0x13, 0x01, 0x13, 
	0x01, 0x13, 0x01, 0x13, 0x01, 0x13, 0x01, 0x13, 
	0x01, 0x13, 0x01, 0x13, 0x01, 0x13, 0x01, 0x13, 
	0x01, 0x13, 0x01, 0x13, 0x01, 0x13, 0x01, 0x13, 
	0x01, 0x13, 0x01, 0x13, 0x01, 0x13, 0x01, 0x13, 
	0x01, 0x13, 0x01, 0x13, 0x01, 0x13, 0x01, 0x13, 
	0x01, 0x13, 0x01, 0x13, 0x01, 0x13, 0x01, 0x13, 
	0x01, 0x13, 0x01, 0x13, 0x01, 0x13, 0x01, 0x13, 
	0x01, 0x13, 0x01, 0x13, 0x01, 0x13, 0x01, 0x13, 
	0x01, 0x13, 0x01, 0x13, 0x01, 0x13, 0x01, 0x13, 
	0x01, 0x13, 0x01, 0x13, 0x01, 0x13, 0x01, 0x13, 
	0x01, 0x13, 0x01, 0x13, 0x01, 0x13, 0x01, 0x13, 
	0x01, 0x13, 0x01, 0x13, 0x01, 0x13, 0x01, 0x13, 
	0x01, 0x13, 0x01, 0x13, 0x01, 0x13, 0x01, 0x13, 
	0x01, 0x13, 0x01, 0x13, 0x01, 0x13, 0x01, 0x13, 
	0x01, 0x13, 0x01, 0x13, 0x01, 0x13, 0x01, 0x13, 
	0x01, 0x13, 0x01, 0x13, 0x01, 0x13, 0x01, 0x13, 
	0x01, 0x13, 0x01, 0x13, 0x01, 0x13, 0x01, 0x13, 
	0x01, 0x13, 0x01, 0x13, 0x01, 0x13, 0x01, 0x13, 
	0x01, 0x13, 0x01, 0x13, 0x01, 0x13, 0x01, 0x13, 
	0x01, 0x13, 0x01, 0x13, 0x01, 0x13, 0x01, 0x13, 
	0x01, 0x13, 0x01, 0x13, 0x01, 0x13, 0x01, 0x13, 
	0x01, 0x13, 0x01, 0x13, 0x01, 0x13, 0x01, 0x13, 
	0x01, 0x13, 0x01, 0x13, 0x01, 0x13, 0x01, 0x13, 
	0x01, 0x13, 0x01, 0x13, 0x01, 0x13, 0x01, 0x13, 
	0x01, 0x13, 0x01, 0x13, 0x01, 0x13, 0x01, 0x13, 
	0x01, 0x13, 0x01, 0x13, 0x01, 0x13, 0x01, 0x13, 
	0x01, 0x13, 0x01, 0x13, 0x01, 0x13, 0x01, 0x13, 
	0x01, 0x13, 0x01, 0x13, 0x01, 0x13, 0x01, 0x13, 
	0x01, 0x13, 0x01, 0x13, 0x01, 0x13, 0x01, 0x13, 
	0x01, 0x13, 0x01, 0x13, 0x01, 0x13, 0x01, 0x13, 
	0x01, 0x13, 0x01, 0x13, 0x01, 0x13, 0x01, 0x13, 
	0x01, 0x13, 0x01, 0x13, 0x01, 0x13, 0x01, 0x13, 
	0x01, 0x13, 0x01, 0x13, 0x01, 0x13, 0x01, 0x13, 
	0x01, 0x13, 0x01, 0x13, 0x01, 0x13, 0x01, 0x13, 
	0x01, 0x13, 0x01, 0x13, 0x01, 0x13, 0x01, 0x13, 
	0x01, 0x13, 0x01, 0x13, 0x01, 0x13, 0x01, 0x13, 
	0x01, 0x13, 0x01, 0x13, 0x01, 0x13, 0x01, 0x13, 
	0x01, 0x13, 0x01, 0x13, 0x01, 0x13, 0x01, 0x13, 
	0x01, 0x13, 0x01, 0x13, 0x01, 0x13, 0x01, 0x13, 
	0x01, 0x13, 0x01, 0x13, 0x01, 0x13, 0x01, 0x13, 
	0x01, 0x13, 0x01, 0x13, 0x01, 0x13, 0x01, 0x13, 
	0x01, 0x13, 0x01, 0x13, 0x01, 0x13, 0x01, 0x13, 
	0x01, 0x13, 0x01, 0x13, 0x01, 0x13, 0x01, 0x13, 
	0x01, 0x13, 0x01, 0x13, 0x01, 0x13, 0x01, 0x13, 
	0x01, 0x13, 0x01, 0x13, 0x01, 0x13, 0x01, 0x13, 
	0x01, 0x13, 0x01, 0x13, 0x01, 0x13, 0x01, 0x13, 
	0x01, 0x13, 0x01, 0x13, 0x01, 0x13, 0x01, 0x13, 
	0x01, 0x13, 0x01, 0x13, 0x01, 0x13, 0x01, 0x13, 
	0x01, 0x13, 0x01, 0x13, 0x01, 0x13, 0x01, 0x13, 
	0x01, 0x13, 0x01, 0x13, 0x01, 0x13, 0x01, 0x13, 
	0x01, 0x13, 0x01, 0x13, 0x01, 0x13, 0x01, 0x13, 
	0x01, 0x13, 0x01, 0x13, 0x01, 0x13, 0x01, 0x13, 
	0x01, 0x13, 0x01, 0x13, 0x01, 0x13, 0x01, 0x13, 
	0x01, 0x13, 0x01, 0x13, 0x01, 0x13, 0x01, 0x13, 
	0x01, 0x13, 0x01, 0x13, 0x01, 0x13, 0x01, 0x13, 
	0x01, 0x13, 0x01, 0x13, 0x01, 0x13, 0x01, 0x13, 
	0x01, 0x13, 0x01, 0x13, 0x01, 0x13, 0x01, 0x13, 
	0x01, 0x13, 0x01, 0x13, 0x01, 0x13, 0x01, 0x13, 
	0x01, 0x13, 0x01, 0x13, 0x01, 0x13, 0x01, 0x13, 
	0x01, 0x13, 0x01, 0x13, 0x01, 0x13, 0x01, 0x13, 
	0x01, 0x13, 0x01, 0x13, 0x01, 0x13, 0x01, 0x13, 
	0x01, 0x13, 0x01, 0x13, 0x01, 0x13, 0x01, 0x13, 
	0x01, 0x13, 0x01, 0x13, 0x01, 0x13, 0x01, 0x13, 
	0x01, 0x13, 0x01, 0x13, 0x01, 0x13, 0x01, 0x13, 
	0x01, 0x13, 0x01, 0x13, 0x01, 0x13, 0x01, 0x13, 
	0x01, 0x13, 0x01, 0x13, 0x01, 0x13, 0x01, 0x13, 
	0x01, 0x13, 0x01, 0x13, 0x01, 0x13, 0x01, 0x13, 
	0x01, 0x13, 0x01, 0x13, 0x01, 0x13, 0x01, 0x13, 
	0x01, 0x13, 0x01, 0x13, 0x01, 0x13, 0x01, 0x13, 
	0x01, 0x13, 0x01, 0x13, 0x01, 0x13, 0x01, 0x13, 
	0x01, 0x13, 0x01, 0x13, 0x01, 0x13, 0x01, 0x13, 
	0x01, 0x13, 0x01, 0x13, 0x01, 0x13, 0x01, 0x13, 
	0x01, 0x13, 0x01, 0x13, 0x01, 0x13, 0x01, 0x13, 
	0x01, 0x13, 0x01, 0x13, 0x01, 0x13, 0x01, 0x13, 
	0x01, 0x13, 0x01, 0x13, 0x01, 0x13, 0x01, 0x13, 
	0x01, 0x13, 0x01, 0x13, 0x01, 0x13, 0x01, 0x13, 
	0x01, 0x13, 0x01, 0x13, 0x01, 0x13, 0x01, 0x13, 
	0x01, 0x13, 0x01, 0x13, 0x01, 0x13, 0x01, 0x13, 
	0x01, 0x13, 0x01, 0x13, 0x01, 0x13, 0x01, 0x13, 
	0x01, 0x13, 0x01, 0x13, 0x01, 0x13, 0x01, 0x13, 
	0x01, 0x13, 0x01, 0x13, 0x01, 0x13, 0x01, 0x13, 
	0x01, 0x13, 0x01, 0x13, 0x01, 0x13, 0x01, 0x13, 
	0x01, 0x13, 0x01, 0x13, 0x01, 0x13, 0x01, 0x13, 
	0x01, 0x13, 0x01, 0x13, 0x01, 0x13, 0x01, 0x13, 
	0x01, 0x13, 0x01, 0x13, 0x01, 0x13, 0x01, 0x13, 
	0x01, 0x13, 0x01, 0x13, 0x01, 0x13, 0x01, 0x13, 
	0x01, 0x13, 0x01, 0x13, 0x01, 0x13, 0x01, 0x13, 
	0x01, 0x13, 0x01, 0x13, 0x01, 0x13, 0x01, 0x13, 
	0x01, 0x13, 0x01, 0x13, 0x01, 0x13, 0x01, 0x13, 
	0x01, 0x13, 0x01, 0x13, 0x01, 0x13, 0x01, 0x13, 
	0x01, 0x13, 0x01, 0x13, 0x01, 0x13, 0x01, 0x13, 
	0x01, 0x13, 0x01, 0x13, 0x01, 0x13, 0x01, 0x13, 
	0x01, 0x13, 0x01, 0x13, 0x01, 0x13, 0x01, 0x13, 
	0x01, 0x13, 0x01, 0x13, 0x01, 0x13, 0x01, 0x13, 
	0x01, 0x13, 0x01, 0x13, 0x01, 0x13, 0x01, 0x13, 
	0x01, 0x13, 0x01, 0x13, 0x01, 0x13, 0x01, 0x13, 
	0x01, 0x13, 0x01, 0x13, 0x01, 0x13, 0x01, 0x13, 
	0x01, 0x13, 0x01, 0x13, 0x01, 0x13, 0x01, 0x13, 
	0x01, 0x13, 0x01, 0x13, 0x01, 0x13, 0x01, 0x13, 
	0x01, 0x13, 0x01, 0x13, 0x01, 0x13, 0x01, 0x13, 
	0x01, 0x13, 0x01, 0x13, 0x01, 0x13, 0x01, 0x13, 
	0x01, 0x13, 0x01, 0x13, 0x01, 0x13, 0x01, 0x13, 
	0x01, 0x13, 0x01, 0x13, 0x01, 0x13, 0x01, 0x13, 
	0x01, 0x13, 0x01, 0x13, 0x01, 0x13, 0x01, 0x13, 
	0x01, 0x13, 0x01, 0x13, 0x01, 0x13, 0x01, 0x13, 
	0x01, 0x13, 0x01, 0x13, 0x01, 0x13, 0x01, 0x13, 
	0x01, 0x13, 0x01, 0x13, 0x01, 0x13, 0x01, 0x13, 
	0x01, 0x13, 0x01, 0x13, 0x01, 0x13, 0x01, 0x13, 
	0x01, 0x13, 0x01, 0x13, 0x01, 0x13, 0x01, 0x13, 
	0x01, 0x13, 0x01, 0x13, 0x01, 0x13, 0x01, 0x13, 
	0x01, 0x13, 0x01, 0x13, 0x01, 0x13, 0x01, 0x13, 
	0x01, 0x13, 0x01, 0x13, 0x01, 0x13, 0x01, 0x13, 
	0x01, 0x13, 0x01, 0x13, 0x01, 0x13, 0x01, 0x13, 
	0x01, 0x13, 0x01, 0x13, 0x01, 0x13, 0x01, 0x13, 
	0x01, 0x13, 0x01, 0x13, 0x01, 0x13, 0x01, 0x13, 
	0x01, 0x13, 0x01, 0x13, 0x01, 0x13, 0x01, 0x13, 
	0x01, 0x13, 0x01, 0x13, 0x01, 0x13, 0x01, 0x13, 
	0x01, 0x13, 0x01, 0x13, 0x01, 0x13, 0x01, 0x13, 
	0x01, 0x13, 0x01, 0x13, 0x01, 0x13, 0x01, 0x13, 
	0x01, 0x13, 0x01, 0x13, 0x01, 0x13, 0x01, 0x13, 
	0x01, 0x13, 0x01, 0x13, 0x01, 0x13, 0x01, 0x13, 
	0x01, 0x13, 0x01, 0x13, 0x01, 0x13, 0x01, 0x13, 
	0x01, 0x13, 0x01, 0x13, 0x01, 0x13, 0x01, 0x13, 
	0x01, 0x13, 0x01, 0x13, 0x01, 0x13, 0x01, 0x13, 
	0x01, 0x13, 0x01, 0x13, 0x01, 0x13, 0x01, 0x13, 
	0x01, 0x13, 0x01, 0x13, 0x01, 0x13, 0x01, 0x13, 
	0x01, 0x13, 0x01, 0x13, 0x01, 0x13, 0x01, 0x13, 
	0x01, 0x13, 0x01, 0x13, 0x01, 0x13, 0x01, 0x13, 
	0x01, 0x13, 0x01, 0x13, 0x01, 0x13, 0x01, 0x13, 
	0x01, 0x13, 0x01, 0x13, 0x01, 0x13, 0x01, 0x13, 
	0x01, 0x13, 0x01, 0x13, 0x01, 0x13, 0x01, 0x13, 
	0x01, 0x13, 0x01, 0x13, 0x01, 0x13, 0x01, 0x13, 
	0x01, 0x13, 0x01, 0x13, 0x01, 0x13, 0x01, 0x13, 
	0x01, 0x13, 0x01, 0x13, 0x01, 0x13, 0x01, 0x13, 
	0x01, 0x13, 0x01, 0x13, 0x01, 0x13, 0x01, 0x13, 
	0x01, 0x13, 0x01, 0x13, 0x01, 0x13, 0x01, 0x13, 
	0x01, 0x13, 0x01, 0x13, 0x01, 0x13, 0x01, 0x13, 
	0x01, 0x13, 0x01, 0x13, 0x01, 0x13, 0x01, 0x13, 
	0x01, 0x13, 0x01, 0x13, 0x01, 0x13, 0x01, 0x13, 
	0x01, 0x13, 0x01, 0x13, 0x01, 0x13, 0x01, 0x13, 
	0x01, 0x13, 0x01, 0x13, 0x01, 0x13, 0x01, 0x13, 
	0x01, 0x13, 0x01, 0x13, 0x01, 0x13, 0x01, 0x13, 
	0x01, 0x13, 0x01, 0x13, 0x01, 0x13, 0x01, 0x13, 
	0x01, 0x13, 0x01, 0x13, 0x01, 0x13, 0x01, 0x13, 
	0x01, 0x13, 0x01, 0x13, 0x01, 0x13, 0x01, 0x13, 
	0x01, 0x13, 0x01, 0x13, 0x01, 0x13, 0x01, 0x13, 
	0x01, 0x13, 0x01, 0x13, 0x01, 0x13, 0x01, 0x13, 
	0x01, 0x13, 0x01, 0x13, 0x01, 0x13, 0x01, 0x13, 
	0x01, 0x13, 0x01, 0x13, 0x01, 0x13, 0x01, 0x13, 
	0x01, 0x13, 0x01, 0x13, 0x01, 0x13, 0x01, 0x13, 
	0x01, 0x13, 0x01, 0x13, 0x01, 0x13, 0x01, 0x13, 
	0x01, 0x13, 0x01, 0x13, 0x01, 0x13, 0x01, 0x13, 
	0x01, 0x13, 0x01, 0x13, 0x01, 0x13, 0x01, 0x13, 
	0x01, 0x13, 0x01, 0x13, 0x01, 0x13, 0x01, 0x13, 
	0x01, 0x13, 0x01, 0x13, 0x01, 0x13, 0x01, 0x13, 
	0x01, 0x13, 0x01, 0x13, 0x01, 0x13, 0x01, 0x13, 
	0x01, 0x13, 0x01, 0x13, 0x01, 0x13, 0x01, 0x13, 
	0x01, 0x13, 0x01, 0x13, 0x01, 0x13, 0x01, 0x13, 
	0x01, 0x13, 0x01, 0x13, 0x01, 0x13, 0x01, 0x13, 
	0x01, 0x13, 0x01, 0x13, 0x01, 0x13, 0x01, 0x13, 
	0x01, 0x13, 0x01, 0x13, 0x01, 0x13, 0x01, 0x13, 
	0x01, 0x13, 0x01, 0x13, 0x01, 0x13, 0x01, 0x13, 
	0x01, 0x13, 0x01, 0x13, 0x01, 0x13, 0x01, 0x13, 
	0x01, 0x13, 0x01, 0x13, 0x01, 0x13, 0x01, 0x13, 
	0x01, 0x13, 0x01, 0x13, 0x01, 0x13, 0x01, 0x13, 
	0x01, 0x13, 0x01, 0x13, 0x01, 0x13, 0x01, 0x13, 
	0x01, 0x13, 0x01, 0x13, 0x01, 0x13, 0x01, 0x13, 
	0x01, 0x13, 0x01, 0x13, 0x01, 0x13, 0x01, 0x13, 
	0x01, 0x13, 0x01, 0x13, 0x01, 0x13, 0x01, 0x13, 
	0x01, 0x13, 0x01, 0x13, 0x01, 0x13, 0x01, 0x13, 
	0x01, 0x13, 0x01, 0x13, 0x01, 0x13, 0x01, 0x13, 
	0x01, 0x13, 0x01, 0x13, 0x01, 0x13, 0x01, 0x13, 
	0x01, 0x13, 0x01, 0x13, 0x01, 0x13, 0x01, 0x13, 
	0x01, 0x13, 0x01, 0x13, 0x01, 0x13, 0x01, 0x13, 
	0x01, 0x13, 0x01, 0x13, 0x01, 0x13, 0x01, 0x13, 
	0x01, 0x13, 0x01, 0x13, 0x01, 0x13, 0x01, 0x13, 
	0x01, 0x13, 0x01, 0x13, 0x01, 0x13, 0x01, 0x13, 
	0x01, 0x13, 0x01, 0x13, 0x01, 0x13, 0x01, 0x13, 
	0x01, 0x13, 0x01, 0x13, 0x01, 0x13, 0x01, 0x13, 
	0x01, 0x13, 0x01, 0x13, 0x01, 0x13, 0x01, 0x13, 
	0x01, 0x13, 0x01, 0x13, 0x01, 0x13, 0x01, 0x13, 
	0x01, 0x13, 0x01, 0x13, 0x01, 0x13, 0x01, 0x13, 
	0x01, 0x13, 0x01, 0x13, 0x01, 0x13, 0x01, 0x13, 
	0x01, 0x13, 0x01, 0x13, 0x01, 0x13, 0x01, 0x13, 
	0x01, 0x13, 0x01, 0x13, 0x01, 0x13, 0x01, 0x13, 
	0x01, 0x13, 0x01, 0x13, 0x01, 0x13, 0x01, 0x13, 
	0x01, 0x13, 0x01, 0x13, 0x01, 0x13, 0x01, 0x13, 
	0x01, 0x13, 0x01, 0x13, 0x01, 0x13, 0x01, 0x13, 
	0x01, 0x13, 0x01, 0x13, 0x01, 0x13, 0x01, 0x13, 
	0x01, 0x13, 0x01, 0x13, 0x01, 0x13, 0x01, 0x13, 
	0x01, 0x13, 0x01, 0x13, 0x01, 0x13, 0x01, 0x13, 
	0x01, 0x13, 0x01, 0x13, 0x01, 0x13, 0x01, 0x13, 
	0x01, 0x13, 0x01, 0x13, 0x01, 0x13, 0x01, 0x13, 
	0x01, 0x13, 0x01, 0x13, 0x01, 0x13, 0x01, 0x13, 
	0x01, 0x13, 0x01, 0x13, 0x01, 0x13, 0x01, 0x13, 
	0x01, 0x13, 0x01, 0x13, 0x01, 0x13, 0x01, 0x13, 
	0x01, 0x13, 0x01, 0x13, 0x01, 0x13, 0x01, 0x13, 
	0x01, 0x13, 0x01, 0x13, 0x01, 0x13, 0x01, 0x13, 
	0x01, 0x13, 0x01, 0x13, 0x01, 0x13, 0x01, 0x13, 
	0x01, 0x13, 0x01, 0x13, 0x01, 0x13, 0x01, 0x13, 
	0x01, 0x13, 0x01, 0x13, 0x01, 0x13, 0x01, 0x13, 
	0x01, 0x13, 0x01, 0x13, 0x01, 0x13, 0x01, 0x13, 
	0x01, 0x13, 0x01, 0x13, 0x01, 0x13, 0x01, 0x13, 
	0x01, 0x13, 0x01, 0x13, 0x01, 0x13, 0x01, 0x13, 
	0x01, 0x13, 0x01, 0x13, 0x01, 0x13, 0x01, 0x13, 
	0x01, 0x13, 0x01, 0x13, 0x01, 0x13, 0x01, 0x13, 
	0x01, 0x13, 0x01, 0x13, 0x01, 0x13, 0x01, 0x13, 
	0x01, 0x13, 0x01, 0x13, 0x01, 0x13, 0x01, 0x13, 
	0x01, 0x13, 0x01, 0x13, 0x01, 0x13, 0x01, 0x13, 
	0x01, 0x13, 0x01, 0x13, 0x01, 0x13, 0x01, 0x13, 
	0x01, 0x13, 0x01, 0x13, 0x01, 0x13, 0x01, 0x13, 
	0x01, 0x13, 0x01, 0x13, 0x01, 0x13, 0x01, 0x13, 
	0x01, 0x13, 0x01, 0x13, 0x01, 0x13, 0x01, 0x13, 
	0x01, 0x13, 0x01, 0x13, 0x01, 0x13, 0x01, 0x13, 
	0x01, 0x13, 0x01, 0x13, 0x01, 0x13, 0x01, 0x13, 
	0x01, 0x13, 0x01, 0x13, 0x01, 0x13, 0x01, 0x13, 
	0x01, 0x13, 0x01, 0x13, 0x01, 0x13, 0x01, 0x13, 
	0x01, 0x13, 0x01, 0x13, 0x01, 0x13, 0x01, 0x13, 
	0x01, 0x13, 0x01, 0x13, 0x01, 0x13, 0x01, 0x13, 
	0x01, 0x13, 0x01, 0x13, 0x01, 0x13, 0x01, 0x13, 
	0x01, 0x13, 0x01, 0x13, 0x01, 0x13, 0x01, 0x13, 
	0x01, 0x13, 0x01, 0x13, 0x01, 0x13, 0x01, 0x13, 
	0x01, 0x13, 0x01, 0x13, 0x01, 0x13, 0x01, 0x13, 
	0x01, 0x13, 0x01, 0x13, 0x01, 0x13, 0x01, 0x13, 
	0x01, 0x13, 0x01, 0x13, 0x01, 0x13, 0x01, 0x13, 
	0x01, 0x13, 0x01, 0x13, 0x01, 0x13, 0x01, 0x13, 
	0x01, 0x13, 0x01, 0x13, 0x01, 0x13, 0x01, 0x13, 
	0x01, 0x13, 0x01, 0x13, 0x01, 0x13, 0x01, 0x13, 
	0x01, 0x13, 0x01, 0x13, 0x01, 0x13, 0x01, 0x13, 
	0x01, 0x13, 0x01, 0x13, 0x01, 0x13, 0x01, 0x13, 
	0x01, 0x13, 0x01, 0x13, 0x01, 0x13, 0x01, 0x13, 
	0x01, 0x13, 0x01, 0x13, 0x01, 0x13, 0x01, 0x13, 
	0x01, 0x13, 0x01, 0x13, 0x01, 0x13, 0x01, 0x13, 
	0x01, 0x13, 0x01, 0x13, 0x01, 0x13, 0x01, 0x13, 
	0x01, 0x13, 0x01, 0x13, 0x01, 0x13, 0x01, 0x13, 
	0x01, 0x13, 0x01, 0x13, 0x01, 0x13, 0x01, 0x13, 
	0x01, 0x13, 0x01, 0x13, 0x01, 0x13, 0x01, 0x13, 
	0x01, 0x13, 0x01, 0x13, 0x01, 0x13, 0x01, 0x13, 
	0x01, 0x13, 0x01, 0x13, 0x01, 0x13, 0x01, 0x13, 
	0x01, 0x13, 0x01, 0x13, 0x01, 0x13, 0x01, 0x13, 
	0x01, 0x13, 0x01, 0x13, 0x01, 0x13, 0x01, 0x13, 
	0x01, 0x13, 0x01, 0x13, 0x01, 0x13, 0x01, 0x13, 
	0x01, 0x13, 0x01, 0x13, 0x01, 0x13, 0x01, 0x13, 
	0x01, 0x13, 0x01, 0x13, 0x01, 0x13, 0x01, 0x13, 
	0x01, 0x13, 0x01, 0x13, 0x01, 0x13, 0x01, 0x13, 
	0x01, 0x13, 0x01, 0x13, 0x01, 0x13, 0x01, 0x13, 
	0x01, 0x13, 0x01, 0x13, 0x01, 0x13, 0x01, 0x13, 
	0x01, 0x13, 0x01, 0x13, 0x01, 0x13, 0x01, 0x13, 
	0x01, 0x13, 0x01, 0x13, 0x01, 0x13, 0x01, 0x13, 
	0x01, 0x13, 0x01, 0x13, 0x01, 0x13, 0x01, 0x13, 
	0x01, 0x13, 0x01, 0x13, 0x01, 0x13, 0x01, 0x13, 
	0x01, 0x13, 0x01, 0x13, 0x01, 0x13, 0x01, 0x13, 
	0x01, 0x13, 0x01, 0x13, 0x01, 0x13, 0x01, 0x13, 
	0x01, 0x13, 0x01, 0x13, 0x01, 0x13, 0x01, 0x13, 
	0x01, 0x13, 0x01, 0x13, 0x01, 0x13, 0x01, 0x13, 
	0x01, 0x13, 0x01, 0x13, 0x01, 0x13, 0x01, 0x13, 
	0x01, 0x13, 0x01, 0x13, 0x01, 0x13, 0x01, 0x13, 
	0x01, 0x13, 0x01, 0x13, 0x01, 0x13, 0x01, 0x13, 
	0x01, 0x13, 0x01, 0x13, 0x01, 0x13, 0x01, 0x13, 
	0x01, 0x13, 0x01, 0x13, 0x01, 0x13, 0x01, 0x13, 
	0x01, 0x13, 0x01, 0x13, 0x01, 0x13, 0x01, 0x13, 
	0x01, 0x13, 0x01, 0x13, 0x01, 0x13, 0x01, 0x13, 
	0x01, 0x13, 0x01, 0x13, 0x01, 0x13, 0x01, 0x13, 
	0x01, 0x13, 0x01, 0x13, 0x01, 0x13, 0x01, 0x13, 
	0x01, 0x13, 0x01, 0x13, 0x01, 0x13, 0x01, 0x13, 
	0x01, 0x13, 0x01, 0x13, 0x01, 0x13, 0x01, 0x13, 
	0x01, 0x13, 0x01, 0x13, 0x01, 0x13, 0x01, 0x13, 
	0x01, 0x13, 0x01, 0x13, 0x01, 0x13, 0x01, 0x13, 
	0x01, 0x13, 0x01, 0x13, 0x01, 0x13, 0x01, 0x13, 
	0x01, 0x13, 0x01, 0x13, 0x01, 0x13, 0x01, 0x13, 
	0x01, 0x13, 0x01, 0x13, 0x01, 0x13, 0x01, 0x13, 
	0x01, 0x13, 0x01, 0x13, 0x01, 0x13, 0x01, 0x13, 
	0x01, 0x13, 0x01, 0x13, 0x01, 0x13, 0x01, 0x13, 
	0x01, 0x13, 0x01, 0x13, 0x01, 0x13, 0x01, 0x13, 
	0x01, 0x13, 0x01, 0x13, 0x01, 0x13, 0x01, 0x13, 
	0x01, 0x13, 0x01, 0x13, 0x01, 0x13, 0x01, 0x13, 
	0x01, 0x13, 0x01, 0x13, 0x01, 0x13, 0x01, 0x13, 
	0x01, 0x13, 0x01, 0x13, 0x01, 0x13, 0x01, 0x13, 
	0x01, 0x13, 0x01, 0x13, 0x01, 0x13, 0x01, 0x13, 
	0x01, 0x13, 0x01, 0x13, 0x01, 0x13, 0x01, 0x13, 
	0x01, 0x13, 0x01, 0x13, 0x01, 0x13, 0x01, 0x13, 
	0x01, 0x13, 0x01, 0x13, 0x01, 0x13, 0x01, 0x13, 
	0x01, 0x13, 0x01, 0x13, 0x01, 0x13, 0x01, 0x13, 
	0x01, 0x13, 0x01, 0x13, 0x01, 0x13, 0x01, 0x13, 
	0x01, 0x13, 0x01, 0x13, 0x01, 0x13, 0x01, 0x13, 
	0x01, 0x13, 0x01, 0x13, 0x01, 0x13, 0x01, 0x13, 
	0x01, 0x13, 0x01, 0x13, 0x01, 0x13, 0x01, 0x13, 
	0x01, 0x13, 0x01, 0x13, 0x01, 0x13, 0x01, 0x13, 
	0x01, 0x13, 0x01, 0x13, 0x01, 0x13, 0x01, 0x13, 
	0x01, 0x13, 0x01, 0x13, 0x01, 0x13, 0x01, 0x13, 
	0x01, 0x13, 0x01, 0x13, 0x01, 0x13, 0x01, 0x13, 
	0x01, 0x13, 0x01, 0x13, 0x01, 0x13, 0x01, 0x13, 
	0x01, 0x13, 0x01, 0x13, 0x01, 0x13, 0x01, 0x13, 
	0x01, 0x13, 0x01, 0x13, 0x01, 0x13, 0x01, 0x13, 
	0x01, 0x13, 0x01, 0x13, 0x01, 0x13, 0x01, 0x13, 
	0x01, 0x13, 0x01, 0x13, 0x01, 0x13, 0x01, 0x13, 
	0x01, 0x13, 0x01, 0x13, 0x01, 0x13, 0x01, 0x13, 
	0x01, 0x13, 0x01, 0x13, 0x01, 0x13, 0x01, 0x13, 
	0x01, 0x13, 0x01, 0x13, 0x01, 0x13, 0x01, 0x13, 
	0x01, 0x13, 0x01, 0x13, 0x01, 0x13, 0x01, 0x13, 
	0x01, 0x13, 0x01, 0x13, 0x01, 0x13, 0x01, 0x13, 
	0x01, 0x13, 0x01, 0x13, 0x01, 0x13, 0x01, 0x13, 
	0x01, 0x13, 0x01, 0x13, 0x01, 0x13, 0x01, 0x13, 
	0x01, 0x13, 0x01, 0x13, 0x01, 0x13, 0x01, 0x13, 
	0x01, 0x13, 0x01, 0x13, 0x01, 0x13, 0x01, 0x13, 
	0x01, 0x13, 0x01, 0x13, 0x01, 0x13, 0x01, 0x13, 
	0x01, 0x13, 0x01, 0x13, 0x01, 0x13, 0x01, 0x13, 
	0x01, 0x13, 0x01, 0x13, 0x01, 0x13, 0x01, 0x13, 
	0x01, 0x13, 0x01, 0x13, 0x01, 0x13, 0x01, 0x13, 
	0x01, 0x13, 0x01, 0x13, 0x01, 0x13, 0x01, 0x13, 
	0x01, 0x13, 0x01, 0x13, 0x01, 0x13, 0x01, 0x13, 
	0x01, 0x13, 0x01, 0x13, 0x01, 0x13, 0x01, 0x13, 
	0x01, 0x13, 0x01, 0x13, 0x01, 0x13, 0x01, 0x13, 
	0x01, 0x13, 0x01, 0x13, 0x01, 0x13, 0x01, 0x13, 
	0x01, 0x13, 0x01, 0x13, 0x01, 0x13, 0x01, 0x13, 
	0x01, 0x13, 0x01, 0x13, 0x01, 0x13, 0x01, 0x13, 
	0x01, 0x13, 0x01, 0x13, 0x01, 0x13, 0x01, 0x13, 
	0x01, 0x13, 0x01, 0x13, 0x01, 0x13, 0x01, 0x13, 
	0x01, 0x13, 0x01, 0x13, 0x01, 0x13, 0x01, 0x13, 
	0x01, 0x13, 0x01, 0x13, 0x01, 0x13, 0x01, 0x13, 
	0x01, 0x13, 0x01, 0x13, 0x01, 0x13, 0x01, 0x13, 
	0x01, 0x13, 0x01, 0x13, 0x01, 0x13, 0x01, 0x13, 
	0x01, 0x13, 0x01, 0x13, 0x01, 0x13, 0x01, 0x13, 
	0x01, 0x13, 0x01, 0x13, 0x01, 0x13, 0x01, 0x13, 
	0x01, 0x13, 0x01, 0x13, 0x01, 0x13, 0x01, 0x13, 
	0x01, 0x13, 0x01, 0x13, 0x01, 0x13, 0x01, 0x13, 
	0x01, 0x13, 0x01, 0x13, 0x01, 0x13, 0x01, 0x13, 
	0x01, 0x13, 0x01, 0x13, 0x01, 0x13, 0x01, 0x13, 
	0x01, 0x13, 0x01, 0x13, 0x01, 0x13, 0x01, 0x13, 
	0x01, 0x13, 0x01, 0x13, 0x01, 0x13, 0x01, 0x13, 
	0x01, 0x13, 0x01, 0x13, 0x01, 0x13, 0x01, 0x13, 
	0x01, 0x13, 0x01, 0x13, 0x01, 0x13, 0x01, 0x13, 
	0x01, 0x13, 0x01, 0x13, 0x01, 0x13, 0x01, 0x13, 
	0x01, 0x13, 0x01, 0x13, 0x01, 0x13, 0x01, 0x13, 
	0x01, 0x13, 0x01, 0x13, 0x01, 0x13, 0x01, 0x13, 
	0x01, 0x13, 0x01, 0x13, 0x01, 0x13, 0x01, 0x13, 
	0x01, 0x13, 0x01, 0x13, 0x01, 0x13, 0x01, 0x13, 
	0x01, 0x13, 0x01, 0x13, 0x01, 0x13, 0x01, 0x13, 
	0x01, 0x13, 0x01, 0x13, 0x01, 0x13, 0x01, 0x13, 
	0x01, 0x13, 0x01, 0x13, 0x01, 0x13, 0x01, 0x13, 
	0x01, 0x13, 0x01, 0x13, 0x01, 0x13, 0x01, 0x13, 
	0x01, 0x13, 0x01, 0x13, 0x01, 0x13, 0x01, 0x13, 
	0x01, 0x13, 0x01, 0x13, 0x01, 0x13, 0x01, 0x13, 
	0x01, 0x13, 0x01, 0x13, 0x01, 0x13, 0x01, 0x13, 
	0x01, 0x13, 0x01, 0x13, 0x01, 0x13, 0x01, 0x13, 
	0x01, 0x13, 0x01, 0x13, 0x01, 0x13, 0x01, 0x13, 
	0x01, 0x13, 0x01, 0x13, 0x01, 0x13, 0x01, 0x13, 
	0x01, 0x13, 0x01, 0x13, 0x01, 0x13, 0x01, 0x13, 
	0x01, 0x13, 0x01, 0x13, 0x01, 0x13, 0x01, 0x13, 
	0x01, 0x13, 0x01, 0x13, 0x01, 0x13, 0x01, 0x13, 
	0x01, 0x13, 0x01, 0x13, 0x01, 0x13, 0x01, 0x13, 
	0x01, 0x13, 0x01, 0x13, 0x01, 0x13, 0x01, 0x13, 
	0x01, 0x13, 0x01, 0x13, 0x01, 0x13, 0x01, 0x13, 
	0x01, 0x13, 0x01, 0x13, 0x01, 0x13, 0x01, 0x13, 
	0x01, 0x13, 0x01, 0x13, 0x01, 0x13, 0x01, 0x13, 
	0x01, 0x13, 0x01, 0x13, 0x01, 0x13, 0x01, 0x13, 
	0x01, 0x13, 0x01, 0x13, 0x01, 0x13, 0x01, 0x13, 
	0x01, 0x13, 0x01, 0x13, 0x01, 0x13, 0x01, 0x13, 
	0x01, 0x13, 0x01, 0x13, 0x01, 0x13, 0x01, 0x13, 
	0x01, 0x13, 0x01, 0x13, 0x01, 0x13, 0x01, 0x13, 
	0x01, 0x13, 0x01, 0x13, 0x01, 0x13, 0x01, 0x13, 
	0x01, 0x13, 0x01, 0x13, 0x01, 0x13, 0x01, 0x13, 
	0x01, 0x13, 0x01, 0x13, 0x01, 0x13, 0x01, 0x13, 
	0x01, 0x13, 0x01, 0x13, 0x01, 0x13, 0x01, 0x13, 
	0x01, 0x13, 0x01, 0x13, 0x01, 0x13, 0x01, 0x13, 
	0x01, 0x13, 0x01, 0x13, 0x01, 0x13, 0x01, 0x13, 
	0x01, 0x13, 0x01, 0x13, 0x01, 0x13, 0x01, 0x13, 
	0x01, 0x13, 0x01, 0x13, 0x01, 0x13, 0x01, 0x13, 
	0x01, 0x13, 0x01, 0x13, 0x01, 0x13, 0x01, 0x13, 
	0x01, 0x13, 0x01, 0x13, 0x01, 0x13, 0x01, 0x13, 
	0x01, 0x13, 0x01, 0x13, 0x01, 0x13, 0x01, 0x13, 
	0x01, 0x13, 0x01, 0x13, 0x01, 0x13, 0x01, 0x13, 
	0x01, 0x13, 0x01, 0x13, 0x01, 0x13, 0x01, 0x13, 
	0x01, 0x13, 0x01, 0x13, 0x01, 0x13, 0x01, 0x13, 
	0x01, 0x13, 0x01, 0x13, 0x01, 0x13, 0x01, 0x13, 
	0x01, 0x13, 0x01, 0x13, 0x01, 0x13, 0x01, 0x13, 
	0x01, 0x13, 0x01, 0x13, 0x01, 0x13, 0x01, 0x13, 
	0x01, 0x13, 0x01, 0x13, 0x01, 0x13, 0x01, 0x13, 
	0x01, 0x13, 0x01, 0x13, 0x01, 0x13, 0x01, 0x13, 
	0x01, 0x13, 0x01, 0x13, 0x01, 0x13, 0x01, 0x13, 
	0x01, 0x13, 0x01, 0x13, 0x01, 0x13, 0x01, 0x13, 
	0x01, 0x13, 0x01, 0x13, 0x01, 0x13, 0x01, 0x13, 
	0x01, 0x13, 0x01, 0x13, 0x01, 0x13, 0x01, 0x13, 
	0x01, 0x13, 0x01, 0x13, 0x01, 0x13, 0x01, 0x13, 
	0x01, 0x13, 0x01, 0x13, 0x01, 0x13, 0x01, 0x13, 
	0x01, 0x13, 0x01, 0x13, 0x01, 0x13, 0x01, 0x13, 
	0x01, 0x13, 0x01, 0x13, 0x01, 0x13, 0x01, 0x13, 
	0x01, 0x13, 0x01, 0x13, 0x01, 0x13, 0x01, 0x13, 
	0x01, 0x13, 0x01, 0x13, 0x01, 0x13, 0x01, 0x13, 
	0x01, 0x13, 0x01, 0x13, 0x01, 0x13, 0x01, 0x13, 
	0x01, 0x13, 0x01, 0x13, 0x01, 0x13, 0x01, 0x13, 
	0x01, 0x13, 0x01, 0x13, 0x01, 0x13, 0x01, 0x13, 
	0x01, 0x13, 0x01, 0x13, 0x01, 0x13, 0x01, 0x13, 
	0x01, 0x13, 0x01, 0x13, 0x01, 0x13, 0x01, 0x13, 
	0x01, 0x13, 0x01, 0x13, 0x01, 0x13, 0x01, 0x13, 
	0x01, 0x13, 0x01, 0x13, 0x01, 0x13, 0x01, 0x13, 
	0x01, 0x13, 0x01, 0x13, 0x01, 0x13, 0x01, 0x13, 
	0x01, 0x13, 0x01, 0x13, 0x01, 0x13, 0x01, 0x13, 
	0x01, 0x13, 0x01, 0x13, 0x01, 0x13, 0x01, 0x13, 
	0x01, 0x13, 0x01, 0x13, 0x01, 0x13, 0x01, 0x13, 
	0x01, 0x13, 0x01, 0x13, 0x01, 0x13, 0x01, 0x13, 
	0x01, 0x13, 0x01, 0x13, 0x01, 0x13, 0x01, 0x13, 
	0x01, 0x13, 0x01, 0x13, 0x01, 0x13, 0x01, 0x13, 
	0x01, 0x13, 0x01, 0x13, 0x01, 0x13, 0x01, 0x13, 
	0x01, 0x13, 0x01, 0x13, 0x01, 0x13, 0x01, 0x13, 
	0x01, 0x13, 0x01, 0x13, 0x01, 0x13, 0x01, 0x13, 
	0x01, 0x13, 0x01, 0x13, 0x01, 0x13, 0x01, 0x13, 
	0x01, 0x13, 0x01, 0x13, 0x01, 0x13, 0x01, 0x13, 
	0x01, 0x13, 0x01, 0x13, 0x01, 0x13, 0x01, 0x13, 
	0x01, 0x13, 0x01, 0x13, 0x01, 0x13, 0x01, 0x13, 
	0x01, 0x13, 0x01, 0x13, 0x01, 0x13, 0x01, 0x13, 
	0x01, 0x13, 0x01, 0x13, 0x01, 0x13, 0x01, 0x13, 
	0x01, 0x13, 0x01, 0x13, 0x01, 0x13, 0x01, 0x13, 
	0x01, 0x13, 0x01, 0x13, 0x01, 0x13, 0x01, 0x13, 
	0x01, 0x13, 0x01, 0x13, 0x01, 0x13, 0x01, 0x13, 
	0x01, 0x13, 0x01, 0x13, 0x01, 0x13, 0x01, 0x13, 
	0x01, 0x13, 0x01, 0x13, 0x01, 0x13, 0x01, 0x13, 
	0x01, 0x13, 0x01, 0x13, 0x01, 0x13, 0x01, 0x13, 
	0x01, 0x13, 0x01, 0x13, 0x01, 0x13, 0x01, 0x13, 
	0x01, 0x13, 0x01, 0x13, 0x01, 0x13, 0x01, 0x13, 
	0x01, 0x13, 0x01, 0x13, 0x01, 0x13, 0x01, 0x13, 
	0x01, 0x13, 0x01, 0x13, 0x01, 0x13, 0x01, 0x13, 
	0x01, 0x13, 0x01, 0x13, 0x01, 0x13, 0x01, 0x13, 
	0x01, 0x13, 0x01, 0x13, 0x01, 0x13, 0x01, 0x13, 
	0x01, 0x13, 0x01, 0x13, 0x01, 0x13, 0x01, 0x13, 
	0x01, 0x13, 0x01, 0x13, 0x01, 0x13, 0x01, 0x13, 
	0x01, 0x13, 0x01, 0x13, 0x01, 0x13, 0x01, 0x13, 
	0x01, 0x13, 0x01, 0x13, 0x01, 0x13, 0x01, 0x13, 
	0x01, 0x13, 0x01, 0x13, 0x01, 0x13, 0x01, 0x13, 
	0x01, 0x13, 0x01, 0x13, 0x01, 0x13, 0x01, 0x13, 
	0x01, 0x13, 0x01, 0x13, 0x01, 0x13, 0x01, 0x13, 
	0x01, 0x13, 0x01, 0x13, 0x01, 0x13, 0x01, 0x13, 
	0x01, 0x13, 0x01, 0x13, 0x01, 0x13, 0x01, 0x13, 
	0x01, 0x13, 0x01, 0x13, 0x01, 0x13, 0x01, 0x13, 
	0x01, 0x13, 0x01, 0x13, 0x01, 0x13, 0x01, 0x13, 
	0x01, 0x13, 0x01, 0x13, 0x01, 0x13, 0x01, 0x13, 
	0x01, 0x13, 0x01, 0x13, 0x01, 0x13, 0x01, 0x13, 
	0x01, 0x13, 0x01, 0x13, 0x01, 0x13, 0x01, 0x13, 
	0x01, 0x13, 0x01, 0x13, 0x01, 0x13, 0x01, 0x13, 
	0x01, 0x13, 0x01, 0x13, 0x01, 0x13, 0x01, 0x13, 
	0x01, 0x13, 0x01, 0x13, 0x01, 0x13, 0x01, 0x13, 
	0x01, 0x13, 0x01, 0x13, 0x01, 0x13, 0x01, 0x13, 
	0x01, 0x13, 0x01, 0x13, 0x01, 0x13, 0x01, 0x13, 
	0x01, 0x13, 0x01, 0x13, 0x01, 0x13, 0x01, 0x13, 
	0x01, 0x13, 0x01, 0x13, 0x01, 0x13, 0x01, 0x13, 
	0x01, 0x13, 0x01, 0x13, 0x01, 0x13, 0x01, 0x13, 
	0x01, 0x13, 0x01, 0x13, 0x01, 0x13, 0x01, 0x13, 
	0x01, 0x13, 0x01, 0x13, 0x01, 0x13, 0x01, 0x13, 
	0x01, 0x13, 0x01, 0x13, 0x01, 0x13, 0x01, 0x13, 
	0x01, 0x13, 0x01, 0x13, 0x01, 0x13, 0x01, 0x13, 
	0x01, 0x13, 0x01, 0x13, 0x01, 0x13, 0x01, 0x13, 
	0x01, 0x13, 0x01, 0x13, 0x01, 0x13, 0x01, 0x13, 
	0x01, 0x13, 0x01, 0x13, 0x01, 0x13, 0x01, 0x13, 
	0x01, 0x13, 0x01, 0x13, 0x01, 0x13, 0x01, 0x13, 
	0x01, 0x13, 0x01, 0x13, 0x01, 0x13, 0x01, 0x13, 
	0x01, 0x13, 0x01, 0x13, 0x01, 0x13, 0x01, 0x13, 
	0x01, 0x13, 0x01, 0x13, 0x01, 0x13, 0x01, 0x13, 
	0x01, 0x13, 0x01, 0x13, 0x01, 0x13, 0x01, 0x13, 
	0x01, 0x13, 0x01, 0x13, 0x01, 0x13, 0x01, 0x13, 
	0x01, 0x13, 0x01, 0x13, 0x01, 0x13, 0x01, 0x13, 
	0x01, 0x13, 0x01, 0x13, 0x01, 0x13, 0x01, 0x13, 
	0x01, 0x13, 0x01, 0x13, 0x01, 0x13, 0x01, 0x13, 
	0x01, 0x13, 0x01, 0x13, 0x01, 0x13, 0x01, 0x13, 
	0x01, 0x13, 0x01, 0x13, 0x01, 0x13, 0x01, 0x13, 
	0x01, 0x13, 0x01, 0x13, 0x01, 0x13, 0x01, 0x13, 
	0x01, 0x13, 0x01, 0x13, 0x01, 0x13, 0x01, 0x13, 
	0x01, 0x13, 0x01, 0x13, 0x01, 0x13, 0x01, 0x13, 
	0x01, 0x13, 0x01, 0x13, 0x01, 0x13, 0x01, 0x13, 
	0x01, 0x13, 0x01, 0x13, 0x01, 0x13, 0x01, 0x13, 
	0x01, 0x13, 0x01, 0x13, 0x01, 0x13, 0x01, 0x13, 
	0x01, 0x13, 0x01, 0x13, 0x01, 0x13, 0x01, 0x13, 
	0x01, 0x13, 0x01, 0x13, 0x01, 0x13, 0x01, 0x13, 
	0x01, 0x13, 0x01, 0x13, 0x01, 0x13, 0x01, 0x13, 
	0x01, 0x13, 0x01, 0x13, 0x01, 0x13, 0x01, 0x13, 
	0x01, 0x13, 0x01, 0x13, 0x01, 0x13, 0x01, 0x13, 
	0x01, 0x13, 0x01, 0x13, 0x01, 0x13, 0x01, 0x13, 
	0x01, 0x13, 0x01, 0x13, 0x01, 0x13, 0x01, 0x13, 
	0x01, 0x13, 0x01, 0x13, 0x01, 0x13, 0x01, 0x13, 
	0x01, 0x13, 0x01, 0x13, 0x01, 0x13, 0x01, 0x13, 
	0x01, 0x13, 0x01, 0x13, 0x01, 0x13, 0x01, 0x13, 
	0x01, 0x13, 0x01, 0x13, 0x01, 0x13, 0x01, 0x13, 
	0x01, 0x13, 0x01, 0x13, 0x01, 0x13, 0x01, 0x13, 
	0x01, 0x13, 0x01, 0x13, 0x01, 0x13, 0x01, 0x13, 
	0x01, 0x13, 0x01, 0x13, 0x01, 0x13, 0x01, 0x13, 
	0x01, 0x13, 0x01, 0x13, 0x01, 0x13, 0x01, 0x13, 
	0x01, 0x13, 0x01, 0x13, 0x01, 0x13, 0x01, 0x13, 
	0x01, 0x13, 0x01, 0x13, 0x01, 0x13, 0x01, 0x13, 
	0x01, 0x13, 0x01, 0x13, 0x01, 0x13, 0x01, 0x13, 
	0x01, 0x13, 0x01, 0x13, 0x01, 0x13, 0x01, 0x13, 
	0x01, 0x13, 0x01, 0x13, 0x01, 0x13, 0x01, 0x13, 
	0x01, 0x13, 0x01, 0x13, 0x01, 0x13, 0x01, 0x13, 
	0x01, 0x13, 0x01, 0x13, 0x01, 0x13, 0x01, 0x13, 
	0x01, 0x13, 0x01, 0x13, 0x01, 0x13, 0x01, 0x13, 
	0x01, 0x13, 0x01, 0x13, 0x01, 0x13, 0x01, 0x13, 
	0x01, 0x13, 0x01, 0x13, 0x01, 0x13, 0x01, 0x13, 
	0x01, 0x13, 0x01, 0x13, 0x01, 0x13, 0x01, 0x13, 
	0x01, 0x13, 0x01, 0x13, 0x01, 0x13, 0x01, 0x13, 
	0x01, 0x13, 0x01, 0x13, 0x01, 0x13, 0x01, 0x13, 
	0x01, 0x13, 0x01, 0x13, 0x01, 0x13, 0x01, 0x13, 
	0x01, 0x13, 0x01, 0x13, 0x01, 0x13, 0x01, 0x13, 
	0x01, 0x13, 0x01, 0x13, 0x01, 0x13, 0x01, 0x13, 
	0x01, 0x13, 0x01, 0x13, 0x01, 0x13, 0x01, 0x13, 
	0x01, 0x13, 0x01, 0x13, 0x01, 0x13, 0x01, 0x13, 
	0x01, 0x13, 0x01, 0x13, 0x01, 0x13, 0x01, 0x13, 
	0x01, 0x13, 0x01, 0x13, 0x01, 0x13, 0x01, 0x13, 
	0x01, 0x13, 0x01, 0x13, 0x01, 0x13, 0x01, 0x13, 
	0x01, 0x13, 0x01, 0x13, 0x01, 0x13, 0x01, 0x13, 
	0x01, 0x13, 0x01, 0x13, 0x01, 0x13, 0x01, 0x13, 
	0x01, 0x13, 0x01, 0x13, 0x01, 0x13, 0x01, 0x13, 
	0x01, 0x13, 0x01, 0x13, 0x01, 0x13, 0x01, 0x13, 
	0x01, 0x13, 0x01, 0x13, 0x01, 0x13, 0x01, 0x13, 
	0x01, 0x13, 0x01, 0x13, 0x01, 0x13, 0x01, 0x13, 
	0x01, 0x13, 0x01, 0x13, 0x01, 0x13, 0x01, 0x13, 
	0x01, 0x13, 0x01, 0x13, 0x01, 0x13, 0x01, 0x13, 
	0x01, 0x13, 0x01, 0x13, 0x01, 0x13, 0x01, 0x13, 
	0x01, 0x13, 0x01, 0x13, 0x01, 0x13, 0x01, 0x13, 
	0x01, 0x13, 0x01, 0x13, 0x01, 0x13, 0x01, 0x13, 
	0x01, 0x13, 0x01, 0x13, 0x01, 0x13, 0x01, 0x13, 
	0x01, 0x13, 0x01, 0x13, 0x01, 0x13, 0x01, 0x13, 
	0x01, 0x13, 0x01, 0x13, 0x01, 0x13, 0x01, 0x13, 
	0x01, 0x13, 0x01, 0x13, 0x01, 0x13, 0x01, 0x13, 
	0x01, 0x13, 0x01, 0x13, 0x01, 0x13, 0x01, 0x13, 
	0x01, 0x13, 0x01, 0x13, 0x01, 0x13, 0x01, 0x13, 
	0x01, 0x13, 0x01, 0x13, 0x01, 0x13, 0x01, 0x13, 
	0x01, 0x13, 0x01, 0x13, 0x01, 0x13, 0x01, 0x13, 
	0x01, 0x13, 0x01, 0x13, 0x01, 0x13, 0x01, 0x13, 
	0x01, 0x13, 0x01, 0x13, 0x01, 0x13, 0x01, 0x13, 
	0x01, 0x13, 0x01, 0x13, 0x01, 0x13, 0x01, 0x13, 
	0x01, 0x13, 0x01, 0x13, 0x01, 0x13, 0x01, 0x13, 
	0x01, 0x13, 0x01, 0x13, 0x01, 0x13, 0x01, 0x13, 
	0x01, 0x13, 0x01, 0x13, 0x01, 0x13, 0x01, 0x13, 
	0x01, 0x13, 0x01, 0x13, 0x01, 0x13, 0x01, 0x13, 
	0x01, 0x13, 0x01, 0x13, 0x01, 0x13, 0x01, 0x13, 
	0x01, 0x13, 0x01, 0x13, 0x01, 0x13, 0x01, 0x13, 
	0x01, 0x13, 0x01, 0x13, 0x01, 0x13, 0x01, 0x13, 
	0x01, 0x13, 0x01, 0x13, 0x01, 0x13, 0x01, 0x13, 
	0x01, 0x13, 0x01, 0x13, 0x01, 0x13, 0x01, 0x13, 
	0x01, 0x13, 0x01, 0x13, 0x01, 0x13, 0x01, 0x13, 
	0x01, 0x13, 0x01, 0x13, 0x01, 0x13, 0x01, 0x13, 
	0x01, 0x13, 0x01, 0x13, 0x01, 0x13, 0x01, 0x13, 
	0x01, 0x13, 0x01, 0x13, 0x01, 0x13, 0x01, 0x13, 
	0x01, 0x13, 0x01, 0x13, 0x01, 0x13, 0x01, 0x13, 
	0x01, 0x13, 0x01, 0x13, 0x01, 0x13, 0x01, 0x13, 
	0x01, 0x13, 0x01, 0x13, 0x01, 0x13, 0x01, 0x13, 
	0x01, 0x13, 0x01, 0x13, 0x01, 0x13, 0x01, 0x13, 
	0x01, 0x13, 0x01, 0x13, 0x01, 0x13, 0x01, 0x13, 
	0x01, 0x13, 0x01, 0x13, 0x01, 0x13, 0x01, 0x13, 
	0x01, 0x13, 0x01, 0x13, 0x01, 0x13, 0x01, 0x13, 
	0x01, 0x13, 0x01, 0x13, 0x01, 0x13, 0x01, 0x13, 
	0x01, 0x13, 0x01, 0x13, 0x01, 0x13, 0x01, 0x13, 
	0x01, 0x13, 0x01, 0x13, 0x01, 0x13, 0x01, 0x13, 
	0x01, 0x13, 0x01, 0x13, 0x01, 0x13, 0x01, 0x13, 
	0x01, 0x13, 0x01, 0x13, 0x01, 0x13, 0x01, 0x13, 
	0x01, 0x13, 0x01, 0x13, 0x01, 0x13, 0x01, 0x13, 
	0x01, 0x13, 0x01, 0x13, 0x01, 0x13, 0x01, 0x13, 
	0x01, 0x13, 0x01, 0x13, 0x01, 0x13, 0x01, 0x13, 
	0x01, 0x13, 0x01, 0x13, 0x01, 0x13, 0x01, 0x13, 
	0x01, 0x13, 0x01, 0x13, 0x01, 0x13, 0x01, 0x13, 
	0x01, 0x13, 0x01, 0x13, 0x01, 0x13, 0x01, 0x13, 
	0x01, 0x13, 0x01, 0x13, 0x01, 0x13, 0x01, 0x13, 
	0x01, 0x13, 0x01, 0x13, 0x01, 0x13, 0x01, 0x13, 
	0x01, 0x13, 0x01, 0x13, 0x01, 0x13, 0x01, 0x13, 
	0x01, 0x13, 0x01, 0x13, 0x01, 0x13, 0x01, 0x13, 
	0x01, 0x13, 0x01, 0x13, 0x01, 0x13, 0x01, 0x13, 
	0x01, 0x13, 0x01, 0x13, 0x01, 0x13, 0x01, 0x13, 
	0x01, 0x13, 0x01, 0x13, 0x01, 0x13, 0x01, 0x13, 
	0x01, 0x13, 0x01, 0x13, 0x01, 0x13, 0x01, 0x13, 
	0x01, 0x13, 0x01, 0x13, 0x01, 0x13, 0x01, 0x13, 
	0x01, 0x13, 0x01, 0x13, 0x01, 0x13, 0x01, 0x13, 
	0x01, 0x13, 0x01, 0x13, 0x01, 0x13, 0x01, 0x13, 
	0x01, 0x13, 0x01, 0x13, 0x01, 0x13, 0x01, 0x13, 
	0x01, 0x13, 0x01, 0x13, 0x01, 0x13, 0x01, 0x13, 
	0x01, 0x13, 0x01, 0x13, 0x01, 0x13, 0x01, 0x13, 
	0x01, 0x13, 0x01, 0x13, 0x01, 0x13, 0x01, 0x13, 
	0x01, 0x13, 0x01, 0x13, 0x01, 0x13, 0x01, 0x13, 
	0x01, 0x13, 0x01, 0x13, 0x01, 0x13, 0x01, 0x13, 
	0x01, 0x13, 0x01, 0x13, 0x01, 0x13, 0x01, 0x13, 
	0x01, 0x13, 0x01, 0x13, 0x01, 0x13, 0x01, 0x13, 
	0x01, 0x13, 0x01, 0x13, 0x01, 0x13, 0x01, 0x13, 
	0x01, 0x13, 0x01, 0x13, 0x01, 0x13, 0x01, 0x13, 
	0x01, 0x13, 0x01, 0x13, 0x01, 0x13, 0x01, 0x13, 
	0x01, 0x13, 0x01, 0x13, 0x01, 0x13, 0x01, 0x13, 
	0x01, 0x13, 0x01, 0x13, 0x01, 0x13, 0x01, 0x13, 
	0x01, 0x13, 0x01, 0x13, 0x01, 0x13, 0x01, 0x13, 
	0x01, 0x13, 0x01, 0x13, 0x01, 0x13, 0x01, 0x13, 
	0x01, 0x13, 0x01, 0x13, 0x01, 0x13, 0x01, 0x13, 
	0x01, 0x13, 0x01, 0x13, 0x01, 0x13, 0x01, 0x13, 
	0x01, 0x13, 0x01, 0x13, 0x01, 0x13, 0x01, 0x13, 
	0x01, 0x13, 0x01, 0x13, 0x01, 0x13, 0x01, 0x13, 
	0x01, 0x13, 0x01, 0x13, 0x01, 0x13, 0x01, 0x13, 
	0x01, 0x13, 0x01, 0x13, 0x01, 0x13, 0x01, 0x13, 
	0x01, 0x13, 0x01, 0x13, 0x01, 0x13, 0x01, 0x13, 
	0x01, 0x13, 0x01, 0x13, 0x01, 0x13, 0x01, 0x13, 
	0x01, 0x13, 0x01, 0x13, 0x01, 0x13, 0x01, 0x13, 
	0x01, 0x13, 0x01, 0x13, 0x01, 0x13, 0x01, 0x13, 
	0x01, 0x13, 0x01, 0x13, 0x01, 0x13, 0x01, 0x13, 
	0x01, 0x13, 0x01, 0x13, 0x01, 0x13, 0x01, 0x13, 
	0x01, 0x13, 0x01, 0x13, 0x01, 0x13, 0x01, 0x13, 
	0x01, 0x13, 0x01, 0x13, 0x01, 0x13, 0x01, 0x13, 
	0x01, 0x13, 0x01, 0x13, 0x01, 0x13, 0x01, 0x13, 
	0x01, 0x13, 0x01, 0x13, 0x01, 0x13, 0x01, 0x13, 
	0x01, 0x13, 0x01, 0x13, 0x01, 0x13, 0x01, 0x13, 
	0x01, 0x13, 0x01, 0x13, 0x01, 0x13, 0x01, 0x13, 
	0x01, 0x13, 0x01, 0x13, 0x01, 0x13, 0x01, 0x13, 
	0x01, 0x13, 0x01, 0x13, 0x01, 0x13, 0x01, 0x13, 
	0x01, 0x13, 0x01, 0x13, 0x01, 0x13, 0x01, 0x13, 
	0x01, 0x13, 0x01, 0x13, 0x01, 0x13, 0x01, 0x13, 
	0x01, 0x13, 0x01, 0x13, 0x01, 0x13, 0x01, 0x13, 
	0x01, 0x13, 0x01, 0x13, 0x01, 0x13, 0x01, 0x13, 
	0x01, 0x13, 0x01, 0x13, 0x01, 0x13, 0x01, 0x13, 
	0x01, 0x13, 0x01, 0x13, 0x01, 0x13, 0x01, 0x13, 
	0x01, 0x13, 0x01, 0x13, 0x01, 0x13, 0x01, 0x13, 
	0x01, 0x13, 0x01, 0x13, 0x01, 0x13, 0x01, 0x13, 
	0x01, 0x13, 0x01, 0x13, 0x01, 0x13, 0x01, 0x13, 
	0x01, 0x13, 0x01, 0x13, 0x01, 0x13, 0x01, 0x13, 
	0x01, 0x13, 0x01, 0x13, 0x01, 0x13, 0x01, 0x13, 
	0x01, 0x13, 0x01, 0x13, 0x01, 0x13, 0x01, 0x13, 
	0x01, 0x13, 0x01, 0x13, 0x01, 0x13, 0x01, 0x13, 
	0x01, 0x13, 0x01, 0x13, 0x01, 0x13, 0x01, 0x13, 
	0x01, 0x13, 0x01, 0x13, 0x01, 0x13, 0x01, 0x13, 
	0x01, 0x13, 0x01, 0x13, 0x01, 0x13, 0x01, 0x13, 
	0x01, 0x13, 0x01, 0x13, 0x01, 0x13, 0x01, 0x13, 
	0x01, 0x13, 0x01, 0x13, 0x01, 0x13, 0x01, 0x13, 
	0x01, 0x13, 0x01, 0x13, 0x01, 0x13, 0x01, 0x13, 
	0x01, 0x13, 0x01, 0x13, 0x01, 0x13, 0x01, 0x13, 
	0x01, 0x13, 0x01, 0x13, 0x01, 0x13, 0x01, 0x13, 
	0x01, 0x13, 0x01, 0x13, 0x01, 0x13, 0x01, 0x13, 
	0x01, 0x13, 0x01, 0x13, 0x01, 0x13, 0x01, 0x13, 
	0x01, 0x13, 0x01, 0x13, 0x01, 0x13, 0x01, 0x13, 
	0x01, 0x13, 0x01, 0x13, 0x01, 0x13, 0x01, 0x13, 
	0x01, 0x13, 0x01, 0x13, 0x01, 0x13, 0x01, 0x13, 
	0x01, 0x13, 0x01, 0x13, 0x01, 0x13, 0x01, 0x13, 
	0x01, 0x13, 0x01, 0x13, 0x01, 0x13, 0x01, 0x13, 
	0x01, 0x13, 0x01, 0x13, 0x01, 0x13, 0x01, 0x13, 
	0x01, 0x13, 0x01, 0x13, 0x01, 0x13, 0x01, 0x13, 
	0x01, 0x13, 0x01, 0x13, 0x01, 0x13, 0x01, 0x13, 
	0x01, 0x13, 0x01, 0x13, 0x01, 0x13, 0x01, 0x13, 
	0x01, 0x13, 0x01, 0x13, 0x01, 0x13, 0x01, 0x13, 
	0x01, 0x13, 0x01, 0x13, 0x01, 0x13, 0x01, 0x13, 
	0x01, 0x13, 0x01, 0x13, 0x01, 0x13, 0x01, 0x13, 
	0x01, 0x13, 0x01, 0x13, 0x01, 0x13, 0x01, 0x13, 
	0x01, 0x13, 0x01, 0x13, 0x01, 0x13, 0x01, 0x13, 
	0x01, 0x13, 0x01, 0x13, 0x01, 0x13, 0x01, 0x13, 
	0x01, 0x13, 0x01, 0x13, 0x01, 0x13, 0x01, 0x13, 
	0x01, 0x13, 0x01, 0x13, 0x01, 0x13, 0x01, 0x13, 
	0x01, 0x13, 0x01, 0x13, 0x01, 0x13, 0x01, 0x13, 
	0x01, 0x13, 0x01, 0x13, 0x01, 0x13, 0x01, 0x13, 
	0x01, 0x13, 0x01, 0x13, 0x01, 0x13, 0x01, 0x13, 
	0x01, 0x13, 0x01, 0x13, 0x01, 0x13, 0x01, 0x13, 
	0x01, 0x13, 0x01, 0x13, 0x01, 0x13, 0x01, 0x13, 
	0x01, 0x13, 0x01, 0x13, 0x01, 0x13, 0x01, 0x13, 
	0x01, 0x13, 0x01, 0x13, 0x01, 0x13, 0x01, 0x13, 
	0x01, 0x13, 0x01, 0x13, 0x01, 0x13, 0x01, 0x13, 
	0x01, 0x13, 0x01, 0x13, 0x01, 0x13, 0x01, 0x13, 
	0x01, 0x13, 0x01, 0x13, 0x01, 0x13, 0x01, 0x13, 
	0x01, 0x13, 0x01, 0x13, 0x01, 0x13, 0x01, 0x13, 
	0x01, 0x13, 0x01, 0x13, 0x01, 0x13, 0x01, 0x13, 
	0x01, 0x13, 0x01, 0x13, 0x01, 0x13, 0x01, 0x13, 
	0x01, 0x13, 0x01, 0x13, 0x01, 0x13, 0x01, 0x13, 
	0x01, 0x13, 0x01, 0x13, 0x01, 0x13, 0x01, 0x13, 
	0x01, 0x13, 0x01, 0x13, 0x01, 0x13, 0x01, 0x13, 
	0x01, 0x13, 0x01, 0x13, 0x01, 0x13, 0x01, 0x13, 
	0x01, 0x13, 0x01, 0x13, 0x01, 0x13, 0x01, 0x13, 
	0x01, 0x13, 0x01, 0x13, 0x01, 0x13, 0x01, 0x13, 
	0x01, 0x13, 0x01, 0x13, 0x01, 0x13, 0x01, 0x13, 
	0x01, 0x13, 0x01, 0x13, 0x01, 0x13, 0x01, 0x13, 
	0x01, 0x13, 0x01, 0x13, 0x01, 0x13, 0x01, 0x13, 
	0x01, 0x13, 0x01, 0x13, 0x01, 0x13, 0x01, 0x13, 
	0x01, 0x13, 0x01, 0x13, 0x01, 0x13, 0x01, 0x13, 
	0x01, 0x13, 0x01, 0x13, 0x01, 0x13, 0x01, 0x13, 
	0x01, 0x13, 0x01, 0x13, 0x01, 0x13, 0x01, 0x13, 
	0x01, 0x13, 0x01, 0x13, 0x01, 0x13, 0x01, 0x13, 
	0x01, 0x13, 0x01, 0x13, 0x01, 0x13, 0x01, 0x13, 
	0x01, 0x13, 0x01, 0x13, 0x01, 0x13, 0x01, 0x13, 
	0x01, 0x13, 0x01, 0x13, 0x01, 0x13, 0x01, 0x13, 
	0x01, 0x13, 0x01, 0x13, 0x01, 0x13, 0x01, 0x13, 
	0x01, 0x13, 0x01, 0x13, 0x01, 0x13, 0x01, 0x13, 
	0x01, 0x13, 0x01, 0x13, 0x01, 0x13, 0x01, 0x13, 
	0x01, 0x13, 0x01, 0x13, 0x01, 0x13, 0x01, 0x13, 
	0x01, 0x13, 0x01, 0x13, 0x01, 0x13, 0x01, 0x13, 
	0x01, 0x13, 0x01, 0x13, 0x01, 0x13, 0x01, 0x13, 
	0x01, 0x13, 0x01, 0x13, 0x01, 0x13, 0x01, 0x13, 
	0x01, 0x13, 0x01, 0x13, 0x01, 0x13, 0x01, 0x13, 
	0x01, 0x13, 0x01, 0x13, 0x01, 0x13, 0x01, 0x13, 
	0x01, 0x13, 0x01, 0x15, 0x01, 0x13, 0x01, 0x13, 
	0x01, 0x13, 0x01, 0x13, 0x01, 0x13, 0x01, 0x13, 
	0x01, 0x13, 0x01, 0x13, 0x01, 0x13, 0x01, 0x13, 
	0x01, 0x13, 0x01, 0x13, 0x01, 0x13, 0x01, 0x13, 
	0x01, 0x13, 0x01, 0x13, 0x01, 0x13, 0x01, 0x13, 
	0x01, 0x13, 0x01, 0x13, 0x01, 0x13, 0x01, 0x13, 
	0x01, 0x13, 0x01, 0x13, 0x01, 0x13, 0x01, 0x13, 
	0x01, 0x13, 0x01, 0x13, 0x01, 0x13, 0x01, 0x13, 
	0x01, 0x13, 0x01, 0x13, 0x01, 0x13, 0x01, 0x13, 
	0x01, 0x13, 0x01, 0x13, 0x01, 0x13, 0x01, 0x13, 
	0x01, 0x13, 0x01, 0x13, 0x01, 0x13, 0x01, 0x13, 
	0x01, 0x13, 0x01, 0x13, 0x01, 0x13, 0x01, 0x13, 
	0x01, 0x13, 0x01, 0x13, 0x01, 0x13, 0x01, 0x13, 
	0x01, 0x13, 0x01, 0x13, 0x01, 0x13, 0x01, 0x13, 
	0x01, 0x13, 0x01, 0x13, 0x01, 0x13, 0x01, 0x13, 
	0x01, 0x13, 0x01, 0x13, 0x01, 0x13, 0x01, 0x13, 
	0x01, 0x13, 0x01, 0x13, 0x01, 0x13, 0x01, 0x13, 
	0x01, 0x13, 0x01, 0x13, 0x01, 0x13, 0x01, 0x13, 
	0x01, 0x13, 0x01, 0x13, 0x01, 0x13, 0x01, 0x13, 
	0x01, 0x13, 0x01, 0x13, 0x01, 0x13, 0x01, 0x13, 
	0x01, 0x13, 0x01, 0x13, 0x01, 0x13, 0x01, 0x13, 
	0x01, 0x13, 0x01, 0x13, 0x01, 0x13, 0x01, 0x13, 
	0x01, 0x13, 0x01, 0x13, 0x01, 0x13, 0x01, 0x13, 
	0x01, 0x13, 0x01, 0x13, 0x01, 0x13, 0x01, 0x13, 
	0x01, 0x13, 0x01, 0x13, 0x01, 0x13, 0x01, 0x13, 
	0x01, 0x13, 0x01, 0x13, 0x01, 0x13, 0x01, 0x13, 
	0x01, 0x13, 0x01, 0x13, 0x01, 0x13, 0x01, 0x13, 
	0x01, 0x13, 0x01, 0x13, 0x01, 0x13, 0x01, 0x13, 
	0x01, 0x13, 0x01, 0x13, 0x01, 0x13, 0x01, 0x13, 
	0x01, 0x13, 0x01, 0x13, 0x01, 0x13, 0x01, 0x13, 
	0x01, 0x13, 0x01, 0x13, 0x01, 0x13, 0x01, 0x13, 
	0x01, 0x13, 0x01, 0x13, 0x01, 0x13, 0x01, 0x13, 
	0x01, 0x13, 0x01, 0x13, 0x01, 0x13, 0x01, 0x13, 
	0x01, 0x13, 0x01, 0x13, 0x01, 0x13, 0x01, 0x13, 
	0x01, 0x13, 0x01, 0x13, 0x01, 0x13, 0x01, 0x13, 
	0x01, 0x13, 0x01, 0x13, 0x01, 0x13, 0x01, 0x13, 
	0x01, 0x13, 0x01, 0x13, 0x01, 0x13, 0x01, 0x13, 
	0x01, 0x13, 0x01, 0x13, 0x01, 0x13, 0x01, 0x13, 
	0x01, 0x13, 0x01, 0x13, 0x01, 0x13, 0x01, 0x13, 
	0x01, 0x13, 0x01, 0x13, 0x01, 0x13, 0x01, 0x13, 
	0x01, 0x13, 0x01, 0x13, 0x01, 0x13, 0x01, 0x13, 
	0x01, 0x13, 0x01, 0x13, 0x01, 0x13, 0x01, 0x13, 
	0x01, 0x13, 0x01, 0x13, 0x01, 0x13, 0x01, 0x13, 
	0x01, 0x13, 0x01, 0x13, 0x01, 0x13, 0x01, 0x13, 
	0x01, 0x13, 0x01, 0x13, 0x01, 0x13, 0x01, 0x13, 
	0x01, 0x13, 0x01, 0x13, 0x01, 0x13, 0x01, 0x13, 
	0x01, 0x13, 0x01, 0x13, 0x01, 0x13, 0x01, 0x13, 
	0x01, 0x13, 0x01, 0x13, 0x01, 0x13, 0x01, 0x13, 
	0x01, 0x13, 0x01, 0x13, 0x01, 0x13, 0x01, 0x13, 
	0x01, 0x13, 0x01, 0x13, 0x01, 0x13, 0x01, 0x13, 
	0x01, 0x13, 0x01, 0x13, 0x01, 0x13, 0x01, 0x13, 
	0x01, 0x13, 0x01, 0x13, 0x01, 0x13, 0x01, 0x13, 
	0x01, 0x13, 0x01, 0x13, 0x01, 0x13, 0x01, 0x13, 
	0x01, 0x13, 0x01, 0x13, 0x01, 0x13, 0x01, 0x13, 
	0x01, 0x13, 0x01, 0x13, 0x01, 0x13, 0x01, 0x13, 
	0x01, 0x13, 0x01, 0x13, 0x01, 0x13, 0x01, 0x13, 
	0x01, 0x13, 0x01, 0x13, 0x01, 0x13, 0x01, 0x13, 
	0x01, 0x13, 0x01, 0x13, 0x01, 0x13, 0x01, 0x13, 
	0x01, 0x13, 0x01, 0x13, 0x01, 0x13, 0x01, 0x15, 
	0x01, 0x15, 0x01, 0x15, 0x01, 0x15, 0x01, 0x15, 
	0x01, 0x13, 0x01, 0x13, 0x01, 0x13, 0x01, 0x15, 
	0x01, 0x13, 0x01, 0x13, 0x01, 0x13, 0x01, 0x13, 
	0x01, 0x15, 0x01, 0x15, 0x01, 0x13, 0x01, 0x13, 
	0x01, 0x15, 0x01, 0x15, 0x01, 0x15, 0x01, 0x15, 
	0x01, 0x15, 0x01, 0x15, 0x01, 0x15, 0x01, 0x15, 
	0x01, 0x15, 0x01, 0x15, 0x01, 0x13, 0x01, 0x13, 
	0x01, 0x13, 0x01, 0x13, 0x01, 0x13, 0x01, 0x13, 
	0x01, 0x13, 0x01, 0x13, 0x01, 0x13, 0x01, 0x13, 
	0x01, 0x13, 0x01, 0x13, 0x01, 0x13, 0x01, 0x13, 
	0x01, 0x13, 0x01, 0x13, 0x01, 0x13, 0x01, 0x13, 
	0x01, 0x13, 0x01, 0x13, 0x01, 0x13, 0x01, 0x13, 
	0x01, 0x13, 0x01, 0x13, 0x01, 0x13, 0x01, 0x13, 
	0x01, 0x13, 0x01, 0x13, 0x01, 0x13, 0x01, 0x13, 
	0x01, 0x13, 0x01, 0x13, 0x01, 0x13, 0x01, 0x13, 
	0x01, 0x13, 0x01, 0x13, 0x01, 0x13, 0x01, 0x13, 
	0x01, 0x13, 0x01, 0x13, 0x01, 0x13, 0x01, 0x13, 
	0x01, 0x13, 0x01, 0x13, 0x01, 0x13, 0x01, 0x13, 
	0x01, 0x13, 0x01, 0x13, 0x01, 0x13, 0x01, 0x13, 
	0x01, 0x13, 0x01, 0x13, 0x01, 0x13, 0x01, 0x13, 
	0x01, 0x13, 0x01, 0x13, 0x01, 0x13, 0x01, 0x13, 
	0x01, 0x13, 0x01, 0x13, 0x01, 0x13, 0x01, 0x13, 
	0x01, 0x13, 0x01, 0x13, 0x01, 0x13, 0x01, 0x13, 
	0x01, 0x13, 0x01, 0x13, 0x01, 0x13, 0x01, 0x13, 
	0x01, 0x13, 0x01, 0x13, 0x01, 0x13, 0x01, 0x13, 
	0x01, 0x13, 0x01, 0x13, 0x01, 0x13, 0x01, 0x13, 
	0x01, 0x13, 0x01, 0x13, 0x01, 0x13, 0x01, 0x13, 
	0x01, 0x13, 0x01, 0x13, 0x01, 0x13, 0x01, 0x13, 
	0x01, 0x13, 0x01, 0x13, 0x01, 0x13, 0x01, 0x13, 
	0x01, 0x13, 0x01, 0x13, 0x01, 0x13, 0x01, 0x13, 
	0x01, 0x13, 0x01, 0x13, 0x01, 0x13, 0x01, 0x13, 
	0x01, 0x13, 0x01, 0x13, 0x01, 0x13, 0x01, 0x13, 
	0x01, 0x13, 0x01, 0x13, 0x01, 0x13, 0x01, 0x13, 
	0x01, 0x13, 0x01, 0x13, 0x01, 0x13, 0x01, 0x13, 
	0x01, 0x13, 0x01, 0x13, 0x01, 0x13, 0x01, 0x13, 
	0x01, 0x13, 0x01, 0x13, 0x01, 0x13, 0x01, 0x13, 
	0x01, 0x13, 0x01, 0x13, 0x01, 0x13, 0x01, 0x13, 
	0x01, 0x13, 0x01, 0x13, 0x01, 0x13, 0x01, 0x13, 
	0x01, 0x13, 0x01, 0x13, 0x01, 0x13, 0x01, 0x13, 
	0x01, 0x13, 0x01, 0x13, 0x01, 0x13, 0x01, 0x13, 
	0x01, 0x13, 0x01, 0x13, 0x01, 0x13, 0x01, 0x13, 
	0x01, 0x13, 0x01, 0x13, 0x01, 0x13, 0x01, 0x13, 
	0x01, 0x13, 0x01, 0x13, 0x01, 0x13, 0x01, 0x13, 
	0x01, 0x13, 0x01, 0x13, 0x01, 0x13, 0x01, 0x13, 
	0x01, 0x13, 0x01, 0x13, 0x01, 0x13, 0x01, 0x13, 
	0x01, 0x13, 0x01, 0x13, 0x01, 0x13, 0x01, 0x13, 
	0x01, 0x13, 0x01, 0x13, 0x01, 0x13, 0x01, 0x13, 
	0x01, 0x13, 0x01, 0x13, 0x01, 0x13, 0x01, 0x13, 
	0x01, 0x13, 0x01, 0x13, 0x01, 0x13, 0x01, 0x13, 
	0x01, 0x13, 0x01, 0x13, 0x01, 0x13, 0x01, 0x13, 
	0x01, 0x13, 0x01, 0x13, 0x01, 0x13, 0x01, 0x13, 
	0x01, 0x13, 0x01, 0x13, 0x01, 0x13, 0x01, 0x13, 
	0x01, 0x13, 0x01, 0x13, 0x01, 0x13, 0x01, 0x13, 
	0x01, 0x13, 0x01, 0x13, 0x01, 0x13, 0x01, 0x13, 
	0x01, 0x13, 0x01, 0x13, 0x01, 0x13, 0x01, 0x13, 
	0x01, 0x13, 0x01, 0x13, 0x01, 0x13, 0x01, 0x13, 
	0x01, 0x13, 0x01, 0x13, 0x01, 0x13, 0x01, 0x13, 
	0x01, 0x13, 0x01, 0x13, 0x01, 0x13, 0x01, 0x13, 
	0x01, 0x13, 0x01, 0x13, 0x01, 0x13, 0x01, 0x13, 
	0x01, 0x13, 0x01, 0x13, 0x01, 0x13, 0x01, 0x13, 
	0x01, 0x13, 0x01, 0x13, 0x01, 0x13, 0x01, 0x13, 
	0x01, 0x13, 0x01, 0x13, 0x01, 0x13, 0x01, 0x13, 
	0x01, 0x13, 0x01, 0x13, 0x01, 0x13, 0x01, 0x13, 
	0x01, 0x13, 0x01, 0x15, 0x01, 0x15, 0x01, 0x15, 
	0x01, 0x15, 0x01, 0x15, 0x01, 0x15, 0x01, 0x15, 
	0x01, 0x15, 0x01, 0x15, 0x01, 0x15, 0x01, 0x15, 
	0x01, 0x15, 0x01, 0x15, 0x01, 0x13, 0x01, 0x15, 
	0x01, 0x15, 0x01, 0x15, 0x01, 0x15, 0x01, 0x15, 
	0x01, 0x15, 0x01, 0x15, 0x01, 0x15, 0x01, 0x15, 
	0x01, 0x15, 0x01, 0x15, 0x01, 0x15, 0x01, 0x15, 
	0x01, 0x15, 0x01, 0x15, 0x01, 0x15, 0x01, 0x15, 
	0x01, 0x13, 0x01, 0x13, 0x01, 0x13, 0x01, 0x13, 
	0x01, 0x13, 0x01, 0x13, 0x01, 0x13, 0x01, 0x13, 
	0x01, 0x13, 0x01, 0x13, 0x01, 0x13, 0x01, 0x13, 
	0x01, 0x13, 0x01, 0x13, 0x01, 0x13, 0x01, 0x13, 
	0x01, 0x13, 0x01, 0x13, 0x01, 0x13, 0x01, 0x13, 
	0x01, 0x13, 0x01, 0x13, 0x01, 0x13, 0x01, 0x13, 
	0x01, 0x13, 0x01, 0x13, 0x01, 0x13, 0x01, 0x13, 
	0x01, 0x13, 0x01, 0x13, 0x01, 0x13, 0x01, 0x13, 
	0x01, 0x13, 0x01, 0x13, 0x01, 0x13, 0x01, 0x13, 
	0x01, 0x13, 0x01, 0x13, 0x01, 0x13, 0x01, 0x13, 
	0x01, 0x13, 0x01, 0x13, 0x01, 0x13, 0x01, 0x13, 
	0x01, 0x13, 0x01, 0x13, 0x01, 0x13, 0x01, 0x13, 
	0x01, 0x13, 0x01, 0x13, 0x01, 0x13, 0x01, 0x13, 
	0x01, 0x13, 0x01, 0x13, 0x01, 0x13, 0x01, 0x13, 
	0x01, 0x13, 0x01, 0x13, 0x01, 0x13, 0x01, 0x13, 
	0x01, 0x13, 0x01, 0x13, 0x01, 0x13, 0x01, 0x13, 
	0x01, 0x13, 0x01, 0x13, 0x01, 0x13, 0x01, 0x13, 
	0x01, 0x13, 0x01, 0x13, 0x01, 0x13, 0x01, 0x13, 
	0x01, 0x13, 0x01, 0x13, 0x01, 0x13, 0x01, 0x13, 
	0x01, 0x13, 0x01, 0x13, 0x01, 0x13, 0x01, 0x13, 
	0x01, 0x13, 0x01, 0x13, 0x01, 0x13, 0x01, 0x13, 
	0x01, 0x13, 0x01, 0x13, 0x01, 0x13, 0x01, 0x13, 
	0x01, 0x13, 0x01, 0x13, 0x01, 0x13, 0x01, 0x13, 
	0x01, 0x13, 0x01, 0x13, 0x01, 0x13, 0x01, 0x13, 
	0x01, 0x13, 0x01, 0x13, 0x01, 0x13, 0x01, 0x13, 
	0x01, 0x13, 0x01, 0x13, 0x01, 0x13, 0x01, 0x13, 
	0x01, 0x13, 0x01, 0x13, 0x01, 0x13, 0x01, 0x13, 
	0x01, 0x13, 0x01, 0x13, 0x01, 0x13, 0x01, 0x13, 
	0x01, 0x13, 0x01, 0x13, 0x01, 0x13, 0x01, 0x13, 
	0x01, 0x13, 0x01, 0x13, 0x01, 0x13, 0x01, 0x13, 
	0x01, 0x13, 0x01, 0x13, 0x01, 0x13, 0x01, 0x13, 
	0x01, 0x13, 0x01, 0x13, 0x01, 0x13, 0x01, 0x13, 
	0x01, 0x13, 0x01, 0x13, 0x01, 0x13, 0x01, 0x13, 
	0x01, 0x13, 0x01, 0x13, 0x01, 0x13, 0x01, 0x13, 
	0x01, 0x13, 0x01, 0x13, 0x01, 0x13, 0x01, 0x13, 
	0x01, 0x13, 0x01, 0x13, 0x01, 0x13, 0x01, 0x13, 
	0x01, 0x13, 0x01, 0x13, 0x01, 0x13, 0x01, 0x13, 
	0x01, 0x13, 0x01, 0x13, 0x01, 0x13, 0x01, 0x13, 
	0x01, 0x13, 0x01, 0x13, 0x01, 0x13, 0x01, 0x13, 
	0x01, 0x13, 0x01, 0x13, 0x01, 0x13, 0x01, 0x13, 
	0x01, 0x13, 0x01, 0x13, 0x01, 0x13, 0x01, 0x13, 
	0x01, 0x13, 0x01, 0x13, 0x01, 0x13, 0x01, 0x13, 
	0x01, 0x13, 0x01, 0x13, 0x01, 0x13, 0x01, 0x13, 
	0x01, 0x13, 0x01, 0x13, 0x01, 0x13, 0x01, 0x13, 
	0x01, 0x13, 0x01, 0x13, 0x01, 0x13, 0x01, 0x13, 
	0x01, 0x13, 0x01, 0x13, 0x01, 0x13, 0x01, 0x13, 
	0x01, 0x13, 0x01, 0x13, 0x01, 0x13, 0x01, 0x13, 
	0x01, 0x13, 0x01, 0x13, 0x01, 0x13, 0x01, 0x13, 
	0x01, 0x13, 0x01, 0x13, 0x01, 0x13, 0x01, 0x13, 
	0x01, 0x13, 0x01, 0x13, 0x01, 0x13, 0x01, 0x13, 
	0x01, 0x13, 0x01, 0x13, 0x01, 0x13, 0x01, 0x13, 
	0x01, 0x13, 0x01, 0x13, 0x01, 0x13, 0x01, 0x13, 
	0x01, 0x13, 0x01, 0x13, 0x01, 0x13, 0x01, 0x13, 
	0x01, 0x13, 0x01, 0x13, 0x01, 0x13, 0x01, 0x13, 
	0x01, 0x13, 0x01, 0x13, 0x01, 0x13, 0x01, 0x13, 
	0x01, 0x13, 0x01, 0x13, 0x01, 0x15, 0x01, 0x15, 
	0x01, 0x15, 0x01, 0x15, 0x01, 0x15, 0x01, 0x15, 
	0x01, 0x15, 0x01, 0x15, 0x01, 0x15, 0x01, 0x15, 
	0x01, 0x15, 0x01, 0x15, 0x01, 0x15, 0x01, 0x15, 
	0x01, 0x15, 0x01, 0x15, 0x01, 0x15, 0x01, 0x15, 
	0x01, 0x15, 0x01, 0x15, 0x01, 0x15, 0x01, 0x15, 
	0x01, 0x15, 0x01, 0x15, 0x01, 0x15, 0x01, 0x15, 
	0x01, 0x15, 0x01, 0x15, 0x01, 0x15, 0x01, 0x15, 
	0x01, 0x15, 0x01, 0x15, 0x01, 0x15, 0x01, 0x15, 
	0x01, 0x15, 0x01, 0x13, 0x01, 0x13, 0x01, 0x13, 
	0x01, 0x13, 0x01, 0x13, 0x01, 0x13, 0x01, 0x13, 
	0x01, 0x13, 0x01, 0x13, 0x01, 0x13, 0x01, 0x15, 
	0x01, 0x13, 0x01, 0x13, 0x01, 0x15, 0x01, 0x15, 
	0x01, 0x13, 0x01, 0x13, 0x01, 0x13, 0x01, 0x13, 
	0x01, 0x13, 0x01, 0x13, 0x01, 0x13, 0x01, 0x13, 
	0x01, 0x13, 0x01, 0x13, 0x01, 0x13, 0x01, 0x13, 
	0x01, 0x13, 0x01, 0x13, 0x01, 0x13, 0x01, 0x13, 
	0x01, 0x13, 0x01, 0x13, 0x01, 0x13, 0x01, 0x13, 
	0x01, 0x13, 0x01, 0x13, 0x01, 0x13, 0x01, 0x13, 
	0x01, 0x13, 0x01, 0x13, 0x01, 0x13, 0x01, 0x13, 
	0x01, 0x13, 0x01, 0x13, 0x01, 0x13, 0x01, 0x13, 
	0x01, 0x13, 0x01, 0x13, 0x01, 0x13, 0x01, 0x13, 
	0x01, 0x13, 0x01, 0x13, 0x01, 0x13, 0x01, 0x13, 
	0x01, 0x13, 0x01, 0x13, 0x01, 0x13, 0x01, 0x13, 
	0x01, 0x13, 0x01, 0x13, 0x01, 0x13, 0x01, 0x13, 
	0x01, 0x13, 0x01, 0x13, 0x01, 0x13, 0x01, 0x13, 
	0x01, 0x13, 0x01, 0x13, 0x01, 0x13, 0x01, 0x13, 
	0x01, 0x13, 0x01, 0x13, 0x01, 0x13, 0x01, 0x13, 
	0x01, 0x13, 0x01, 0x13, 0x01, 0x13, 0x01, 0x13, 
	0x01, 0x13, 0x01, 0x13, 0x01, 0x13, 0x01, 0x13, 
	0x01, 0x13, 0x01, 0x13, 0x01, 0x13, 0x01, 0x13, 
	0x01, 0x13, 0x01, 0x13, 0x01, 0x13, 0x01, 0x13, 
	0x01, 0x13, 0x01, 0x13, 0x01, 0x13, 0x01, 0x13, 
	0x01, 0x13, 0x01, 0x13, 0x01, 0x13, 0x01, 0x13, 
	0x01, 0x13, 0x01, 0x13, 0x01, 0x13, 0x01, 0x13, 
	0x01, 0x13, 0x01, 0x13, 0x01, 0x13, 0x01, 0x13, 
	0x01, 0x13, 0x01, 0x13, 0x01, 0x13, 0x01, 0x13, 
	0x01, 0x13, 0x01, 0x13, 0x01, 0x13, 0x01, 0x13, 
	0x01, 0x13, 0x01, 0x13, 0x01, 0x13, 0x01, 0x13, 
	0x01, 0x13, 0x01, 0x13, 0x01, 0x13, 0x01, 0x13, 
	0x01, 0x13, 0x01, 0x13, 0x01, 0x13, 0x01, 0x13, 
	0x01, 0x13, 0x01, 0x13, 0x01, 0x13, 0x01, 0x13, 
	0x01, 0x13, 0x01, 0x13, 0x01, 0x13, 0x01, 0x13, 
	0x01, 0x13, 0x01, 0x13, 0x01, 0x13, 0x01, 0x13, 
	0x01, 0x13, 0x01, 0x13, 0x01, 0x13, 0x01, 0x13, 
	0x01, 0x13, 0x01, 0x13, 0x01, 0x13, 0x01, 0x13, 
	0x01, 0x13, 0x01, 0x13, 0x01, 0x13, 0x01, 0x13, 
	0x01, 0x13, 0x01, 0x13, 0x01, 0x13, 0x01, 0x13, 
	0x01, 0x13, 0x01, 0x13, 0x01, 0x13, 0x01, 0x13, 
	0x01, 0x13, 0x01, 0x13, 0x01, 0x13, 0x01, 0x13, 
	0x01, 0x13, 0x01, 0x13, 0x01, 0x13, 0x01, 0x13, 
	0x01, 0x13, 0x01, 0x13, 0x01, 0x13, 0x01, 0x13, 
	0x01, 0x13, 0x01, 0x13, 0x01, 0x13, 0x01, 0x13, 
	0x01, 0x13, 0x01, 0x13, 0x01, 0x13, 0x01, 0x13, 
	0x01, 0x13, 0x01, 0x13, 0x01, 0x13, 0x01, 0x13, 
	0x01, 0x13, 0x01, 0x13, 0x01, 0x13, 0x01, 0x13, 
	0x01, 0x13, 0x01, 0x13, 0x01, 0x13, 0x01, 0x13, 
	0x01, 0x13, 0x01, 0x13, 0x01, 0x13, 0x01, 0x13, 
	0x01, 0x13, 0x01, 0x13, 0x01, 0x13, 0x01, 0x13, 
	0x01, 0x13, 0x01, 0x13, 0x01, 0x13, 0x01, 0x13, 
	0x01, 0x13, 0x01, 0x13, 0x01, 0x13, 0x01, 0x13, 
	0x01, 0x13, 0x01, 0x13, 0x01, 0x13, 0x01, 0x13, 
	0x01, 0x13, 0x01, 0x13, 0x01, 0x13, 0x01, 0x13, 
	0x01, 0x13, 0x01, 0x13, 0x01, 0x13, 0x01, 0x13, 
	0x01, 0x15, 0x01, 0x13, 0x01, 0x15, 0x01, 0x15, 
	0x01, 0x15, 0x01, 0x15, 0x01, 0x15, 0x01, 0x15, 
	0x01, 0x15, 0x01, 0x15, 0x01, 0x15, 0x01, 0x15, 
	0x01, 0x15, 0x01, 0x15, 0x01, 0x15, 0x01, 0x15, 
	0x01, 0x15, 0x01, 0x15, 0x01, 0x15, 0x01, 0x15, 
	0x01, 0x15, 0x01, 0x15, 0x01, 0x15, 0x01, 0x15, 
	0x01, 0x15, 0x01, 0x15, 0x01, 0x15, 0x01, 0x15, 
	0x01, 0x15, 0x01, 0x15, 0x01, 0x15, 0x01, 0x15, 
	0x01, 0x15, 0x01, 0x15, 0x01, 0x15, 0x01, 0x15, 
	0x01, 0x15, 0x01, 0x15, 0x01, 0x15, 0x01, 0x13, 
	0x01, 0x13, 0x01, 0x13, 0x01, 0x13, 0x01, 0x13, 
	0x01, 0x13, 0x01, 0x13, 0x01, 0x15, 0x01, 0x15, 
	0x01, 0x15, 0x01, 0x15, 0x01, 0x15, 0x01, 0x15, 
	0x01, 0x15, 0x01, 0x15, 0x01, 0x15, 0x01, 0x15, 
	0x01, 0x15, 0x01, 0x15, 0x01, 0x13, 0x01, 0x13, 
	0x01, 0x13, 0x01, 0x13, 0x01, 0x13, 0x01, 0x13, 
	0x01, 0x13, 0x01, 0x13, 0x01, 0x13, 0x01, 0x13, 
	0x01, 0x13, 0x01, 0x13, 0x01, 0x13, 0x01, 0x13, 
	0x01, 0x13, 0x01, 0x13, 0x01, 0x13, 0x01, 0x13, 
	0x01, 0x13, 0x01, 0x13, 0x01, 0x13, 0x01, 0x13, 
	0x01, 0x13, 0x01, 0x13, 0x01, 0x13, 0x01, 0x13, 
	0x01, 0x13, 0x01, 0x13, 0x01, 0x13, 0x01, 0x13, 
	0x01, 0x13, 0x01, 0x13, 0x01, 0x13, 0x01, 0x13, 
	0x01, 0x13, 0x01, 0x13, 0x01, 0x13, 0x01, 0x13, 
	0x01, 0x13, 0x01, 0x13, 0x01, 0x13, 0x01, 0x13, 
	0x01, 0x13, 0x01, 0x13, 0x01, 0x13, 0x01, 0x13, 
	0x01, 0x13, 0x01, 0x13, 0x01, 0x13, 0x01, 0x13, 
	0x01, 0x13, 0x01, 0x13, 0x01, 0x13, 0x01, 0x13, 
	0x01, 0x13, 0x01, 0x13, 0x01, 0x13, 0x01, 0x13, 
	0x01, 0x13, 0x01, 0x13, 0x01, 0x13, 0x01, 0x13, 
	0x01, 0x13, 0x01, 0x13, 0x01, 0x13, 0x01, 0x13, 
	0x01, 0x13, 0x01, 0x13, 0x01, 0x13, 0x01, 0x13, 
	0x01, 0x13, 0x01, 0x13, 0x01, 0x13, 0x01, 0x13, 
	0x01, 0x13, 0x01, 0x13, 0x01, 0x13, 0x01, 0x13, 
	0x01, 0x13, 0x01, 0x13, 0x01, 0x13, 0x01, 0x13, 
	0x01, 0x13, 0x01, 0x13, 0x01, 0x13, 0x01, 0x13, 
	0x01, 0x13, 0x01, 0x13, 0x01, 0x13, 0x01, 0x13, 
	0x01, 0x13, 0x01, 0x13, 0x01, 0x13, 0x01, 0x13, 
	0x01, 0x13, 0x01, 0x13, 0x01, 0x13, 0x01, 0x13, 
	0x01, 0x13, 0x01, 0x13, 0x01, 0x13, 0x01, 0x13, 
	0x01, 0x13, 0x01, 0x13, 0x01, 0x13, 0x01, 0x13, 
	0x01, 0x13, 0x01, 0x13, 0x01, 0x13, 0x01, 0x13, 
	0x01, 0x13, 0x01, 0x13, 0x01, 0x13, 0x01, 0x13, 
	0x01, 0x13, 0x01, 0x13, 0x01, 0x13, 0x01, 0x13, 
	0x01, 0x13, 0x01, 0x13, 0x01, 0x13, 0x01, 0x13, 
	0x01, 0x13, 0x01, 0x13, 0x01, 0x13, 0x01, 0x13, 
	0x01, 0x13, 0x01, 0x13, 0x01, 0x13, 0x01, 0x13, 
	0x01, 0x13, 0x01, 0x13, 0x01, 0x13, 0x01, 0x13, 
	0x01, 0x13, 0x01, 0x13, 0x01, 0x13, 0x01, 0x13, 
	0x01, 0x13, 0x01, 0x13, 0x01, 0x13, 0x01, 0x13, 
	0x01, 0x13, 0x01, 0x13, 0x01, 0x13, 0x01, 0x13, 
	0x01, 0x13, 0x01, 0x13, 0x01, 0x13, 0x01, 0x13, 
	0x01, 0x13, 0x01, 0x13, 0x01, 0x13, 0x01, 0x13, 
	0x01, 0x13, 0x01, 0x13, 0x01, 0x13, 0x01, 0x13, 
	0x01, 0x13, 0x01, 0x13, 0x01, 0x13, 0x01, 0x13, 
	0x01, 0x13, 0x01, 0x13, 0x01, 0x13, 0x01, 0x13, 
	0x01, 0x13, 0x01, 0x13, 0x01, 0x13, 0x01, 0x13, 
	0x01, 0x13, 0x01, 0x13, 0x01, 0x13, 0x01, 0x13, 
	0x01, 0x13, 0x01, 0x13, 0x01, 0x13, 0x01, 0x13, 
	0x01, 0x13, 0x01, 0x13, 0x01, 0x13, 0x01, 0x13, 
	0x01, 0x13, 0x01, 0x13, 0x01, 0x13, 0x01, 0x13, 
	0x01, 0x13, 0x01, 0x13, 0x01, 0x13, 0x01, 0x13, 
	0x01, 0x13, 0x01, 0x13, 0x01, 0x13, 0x01, 0x13, 
	0x01, 0x13, 0x01, 0x15, 0x01, 0x13, 0x01, 0x15, 
	0x01, 0x15, 0x01, 0x15, 0x01, 0x15, 0x01, 0x15, 
	0x01, 0x15, 0x01, 0x55, 0x01, 0x55, 0x01, 0x55, 
	0x01, 0x55, 0x01, 0x55, 0x01, 0x55, 0x01, 0x55, 
	0x01, 0x15, 0x01, 0x15, 0x01, 0x15, 0x01, 0x15, 
	0x01, 0x15, 0x01, 0x15, 0x01, 0x55, 0x01, 0x15, 
	0x01, 0x15, 0x01, 0x15, 0x01, 0x55, 0x01, 0x15, 
	0x01, 0x15, 0x01, 0x15, 0x01, 0x15, 0x01, 0x15, 
	0x01, 0x15, 0x01, 0x15, 0x01, 0x15, 0x01, 0x15, 
	0x01, 0x15, 0x01, 0x15, 0x01, 0x15, 0x01, 0x15, 
	0x01, 0x15, 0x01, 0x15, 0x01, 0x15, 0x01, 0x15, 
	0x01, 0x13, 0x01, 0x15, 0x01, 0x13, 0x01, 0x13, 
	0x01, 0x15, 0x01, 0x15, 0x01, 0x15, 0x01, 0x15, 
	0x01, 0x15, 0x01, 0x15, 0x01, 0x15, 0x01, 0x15, 
	0x01, 0x15, 0x01, 0x15, 0x01, 0x15, 0x01, 0x15, 
	0x01, 0x15, 0x01, 0x15, 0x01, 0x15, 0x01, 0x15, 
	0x01, 0x15, 0x01, 0x13, 0x01, 0x13, 0x01, 0x13, 
	0x01, 0x13, 0x01, 0x13, 0x01, 0x13, 0x01, 0x13, 
	0x01, 0x13, 0x01, 0x13, 0x01, 0x13, 0x01, 0x13, 
	0x01, 0x13, 0x01, 0x13, 0x01, 0x13, 0x01, 0x13, 
	0x01, 0x13, 0x01, 0x13, 0x01, 0x13, 0x01, 0x13, 
	0x01, 0x13, 0x01, 0x13, 0x01, 0x13, 0x01, 0x13, 
	0x01, 0x13, 0x01, 0x13, 0x01, 0x13, 0x01, 0x13, 
	0x01, 0x13, 0x01, 0x13, 0x01, 0x13, 0x01, 0x13, 
	0x01, 0x13, 0x01, 0x13, 0x01, 0x13, 0x01, 0x13, 
	0x01, 0x13, 0x01, 0x13, 0x01, 0x13, 0x01, 0x13, 
	0x01, 0x13, 0x01, 0x13, 0x01, 0x13, 0x01, 0x13, 
	0x01, 0x13, 0x01, 0x13, 0x01, 0x13, 0x01, 0x13, 
	0x01, 0x13, 0x01, 0x13, 0x01, 0x13, 0x01, 0x13, 
	0x01, 0x13, 0x01, 0x13, 0x01, 0x13, 0x01, 0x13, 
	0x01, 0x13, 0x01, 0x13, 0x01, 0x13, 0x01, 0x13, 
	0x01, 0x13, 0x01, 0x13, 0x01, 0x13, 0x01, 0x13, 
	0x01, 0x13, 0x01, 0x13, 0x01, 0x13, 0x01, 0x13, 
	0x01, 0x13, 0x01, 0x13, 0x01, 0x13, 0x01, 0x13, 
	0x01, 0x13, 0x01, 0x13, 0x01, 0x13, 0x01, 0x13, 
	0x01, 0x13, 0x01, 0x13, 0x01, 0x13, 0x01, 0x13, 
	0x01, 0x13, 0x01, 0x13, 0x01, 0x13, 0x01, 0x13, 
	0x01, 0x13, 0x01, 0x13, 0x01, 0x13, 0x01, 0x13, 
	0x01, 0x13, 0x01, 0x13, 0x01, 0x13, 0x01, 0x13, 
	0x01, 0x13, 0x01, 0x13, 0x01, 0x13, 0x01, 0x13, 
	0x01, 0x13, 0x01, 0x13, 0x01, 0x13, 0x01, 0x13, 
	0x01, 0x13, 0x01, 0x13, 0x01, 0x13, 0x01, 0x13, 
	0x01, 0x13, 0x01, 0x13, 0x01, 0x13, 0x01, 0x13, 
	0x01, 0x13, 0x01, 0x13, 0x01, 0x13, 0x01, 0x13, 
	0x01, 0x13, 0x01, 0x13, 0x01, 0x13, 0x01, 0x13, 
	0x01, 0x13, 0x01, 0x13, 0x01, 0x13, 0x01, 0x13, 
	0x01, 0x13, 0x01, 0x13, 0x01, 0x13, 0x01, 0x13, 
	0x01, 0x13, 0x01, 0x13, 0x01, 0x13, 0x01, 0x13, 
	0x01, 0x13, 0x01, 0x13, 0x01, 0x13, 0x01, 0x13, 
	0x01, 0x13, 0x01, 0x13, 0x01, 0x13, 0x01, 0x13, 
	0x01, 0x13, 0x01, 0x13, 0x01, 0x13, 0x01, 0x13, 
	0x01, 0x13, 0x01, 0x13, 0x01, 0x13, 0x01, 0x13, 
	0x01, 0x13, 0x01, 0x13, 0x01, 0x13, 0x01, 0x13, 
	0x01, 0x13, 0x01, 0x13, 0x01, 0x13, 0x01, 0x13, 
	0x01, 0x13, 0x01, 0x13, 0x01, 0x13, 0x01, 0x13, 
	0x01, 0x13, 0x01, 0x13, 0x01, 0x13, 0x01, 0x13, 
	0x01, 0x13, 0x01, 0x13, 0x01, 0x13, 0x01, 0x13, 
	0x01, 0x13, 0x01, 0x13, 0x01, 0x13, 0x01, 0x13, 
	0x01, 0x13, 0x01, 0x13, 0x01, 0x13, 0x01, 0x13, 
	0x01, 0x13, 0x01, 0x13, 0x01, 0x13, 0x01, 0x13, 
	0x01, 0x13, 0x01, 0x13, 0x01, 0x13, 0x01, 0x13, 
	0x01, 0x13, 0x01, 0x13, 0x01, 0x13, 0x01, 0x13, 
	0x01, 0x13, 0x01, 0x13, 0x01, 0x13, 0x01, 0x13, 
	0x01, 0x13, 0x01, 0x13, 0x01, 0x13, 0x01, 0x13, 
	0x01, 0x13, 0x01, 0x15, 0x01, 0x15, 0x01, 0x15, 
	0x01, 0x15, 0x01, 0x55, 0x01, 0x55, 0x01, 0x55, 
	0x01, 0x55, 0x01, 0x55, 0x01, 0x55, 0x01, 0x55, 
	0x01, 0x55, 0x01, 0x55, 0x01, 0x55, 0x01, 0x55, 
	0x01, 0x55, 0x01, 0x55, 0x01, 0x55, 0x01, 0x55, 
	0x01, 0x55, 0x01, 0x55, 0x01, 0x55, 0x01, 0x55, 
	0x01, 0x15, 0x01, 0x15, 0x01, 0x55, 0x01, 0x15, 
	0x01, 0x15, 0x01, 0x15, 0x01, 0x15, 0x01, 0x15, 
	0x01, 0x15, 0x01, 0x15, 0x01, 0x15, 0x01, 0x15, 
	0x01, 0x15, 0x01, 0x15, 0x01, 0x15, 0x01, 0x15, 
	0x01, 0x15, 0x01, 0x15, 0x01, 0x15, 0x01, 0x15, 
	0x01, 0x15, 0x01, 0x15, 0x01, 0x15, 0x01, 0x15, 
	0x01, 0x15, 0x01, 0x15, 0x01, 0x15, 0x01, 0x15, 
	0x01, 0x15, 0x01, 0x15, 0x01, 0x15, 0x01, 0x15, 
	0x01, 0x15, 0x01, 0x15, 0x01, 0x15, 0x01, 0x15, 
	0x01, 0x15, 0x01, 0x15, 0x01, 0x15, 0x01, 0x15, 
	0x01, 0x15, 0x01, 0x15, 0x01, 0x15, 0x01, 0x15, 
	0x01, 0x13, 0x01, 0x13, 0x01, 0x13, 0x01, 0x13, 
	0x01, 0x13, 0x01, 0x13, 0x01, 0x13, 0x01, 0x13, 
	0x01, 0x13, 0x01, 0x13, 0x01, 0x13, 0x01, 0x13, 
	0x01, 0x13, 0x01, 0x13, 0x01, 0x13, 0x01, 0x13, 
	0x01, 0x13, 0x01, 0x13, 0x01, 0x13, 0x01, 0x13, 
	0x01, 0x13, 0x01, 0x13, 0x01, 0x13, 0x01, 0x13, 
	0x01, 0x13, 0x01, 0x13, 0x01, 0x13, 0x01, 0x13, 
	0x01, 0x13, 0x01, 0x13, 0x01, 0x13, 0x01, 0x13, 
	0x01, 0x13, 0x01, 0x13, 0x01, 0x13, 0x01, 0x13, 
	0x01, 0x13, 0x01, 0x13, 0x01, 0x13, 0x01, 0x13, 
	0x01, 0x13, 0x01, 0x13, 0x01, 0x13, 0x01, 0x13, 
	0x01, 0x13, 0x01, 0x13, 0x01, 0x13, 0x01, 0x13, 
	0x01, 0x13, 0x01, 0x13, 0x01, 0x13, 0x01, 0x13, 
	0x01, 0x13, 0x01, 0x13, 0x01, 0x13, 0x01, 0x13, 
	0x01, 0x13, 0x01, 0x13, 0x01, 0x13, 0x01, 0x13, 
	0x01, 0x13, 0x01, 0x13, 0x01, 0x13, 0x01, 0x13, 
	0x01, 0x13, 0x01, 0x13, 0x01, 0x13, 0x01, 0x13, 
	0x01, 0x13, 0x01, 0x13, 0x01, 0x13, 0x01, 0x13, 
	0x01, 0x13, 0x01, 0x13, 0x01, 0x13, 0x01, 0x13, 
	0x01, 0x13, 0x01, 0x13, 0x01, 0x13, 0x01, 0x13, 
	0x01, 0x13, 0x01, 0x13, 0x01, 0x13, 0x01, 0x13, 
	0x01, 0x13, 0x01, 0x13, 0x01, 0x13, 0x01, 0x13, 
	0x01, 0x13, 0x01, 0x13, 0x01, 0x13, 0x01, 0x13, 
	0x01, 0x13, 0x01, 0x13, 0x01, 0x13, 0x01, 0x13, 
	0x01, 0x13, 0x01, 0x13, 0x01, 0x13, 0x01, 0x13, 
	0x01, 0x13, 0x01, 0x13, 0x01, 0x13, 0x01, 0x13, 
	0x01, 0x13, 0x01, 0x13, 0x01, 0x13, 0x01, 0x13, 
	0x01, 0x13, 0x01, 0x13, 0x01, 0x13, 0x01, 0x13, 
	0x01, 0x13, 0x01, 0x13, 0x01, 0x13, 0x01, 0x13, 
	0x01, 0x13, 0x01, 0x13, 0x01, 0x13, 0x01, 0x13, 
	0x01, 0x13, 0x01, 0x13, 0x01, 0x13, 0x01, 0x13, 
	0x01, 0x13, 0x01, 0x13, 0x01, 0x13, 0x01, 0x13, 
	0x01, 0x13, 0x01, 0x13, 0x01, 0x13, 0x01, 0x13, 
	0x01, 0x13, 0x01, 0x13, 0x01, 0x13, 0x01, 0x13, 
	0x01, 0x13, 0x01, 0x13, 0x01, 0x13, 0x01, 0x13, 
	0x01, 0x13, 0x01, 0x13, 0x01, 0x13, 0x01, 0x13, 
	0x01, 0x13, 0x01, 0x13, 0x01, 0x13, 0x01, 0x13, 
	0x01, 0x13, 0x01, 0x13, 0x01, 0x13, 0x01, 0x13, 
	0x01, 0x13, 0x01, 0x13, 0x01, 0x13, 0x01, 0x13, 
	0x01, 0x13, 0x01, 0x13, 0x01, 0x13, 0x01, 0x13, 
	0x01, 0x13, 0x01, 0x13, 0x01, 0x13, 0x01, 0x13, 
	0x01, 0x13, 0x01, 0x13, 0x01, 0x13, 0x01, 0x13, 
	0x01, 0x13, 0x01, 0x13, 0x01, 0x13, 0x01, 0x13, 
	0x01, 0x13, 0x01, 0x13, 0x01, 0x13, 0x01, 0x13, 
	0x01, 0x13, 0x01, 0x13, 0x01, 0x13, 0x01, 0x13, 
	0x01, 0x13, 0x01, 0x13, 0x01, 0x13, 0x01, 0x13, 
	0x01, 0x13, 0x01, 0x13, 0x01, 0x13, 0x01, 0x15, 
	0x01, 0x15, 0x01, 0x15, 0x01, 0x15, 0x01, 0x15, 
	0x01, 0x15, 0x01, 0x15, 0x01, 0x15, 0x01, 0x15, 
	0x01, 0x15, 0x01, 0x15, 0x01, 0x15, 0x01, 0x15, 
	0x01, 0x55, 0x01, 0x55, 0x01, 0x55, 0x01, 0x55, 
	0x01, 0x55, 0x01, 0x55, 0x01, 0x55, 0x01, 0x55, 
	0x01, 0x55, 0x01, 0x55, 0x01, 0x55, 0x01, 0x55, 
	0x01, 0x55, 0x01, 0x55, 0x01, 0x55, 0x01, 0x55, 
	0x01, 0x15, 0x01, 0x55, 0x01, 0x55, 0x01, 0x15, 
	0x01, 0x15, 0x01, 0x15, 0x01, 0x15, 0x01, 0x15, 
	0x01, 0x15, 0x01, 0x15, 0x01, 0x15, 0x01, 0x15, 
	0x01, 0x15, 0x01, 0x15, 0x01, 0x15, 0x01, 0x15, 
	0x01, 0x15, 0x01, 0x15, 0x01, 0x15, 0x01, 0x15, 
	0x01, 0x15, 0x01, 0x15, 0x01, 0x15, 0x01, 0x15, 
	0x01, 0x15, 0x01, 0x15, 0x01, 0x15, 0x01, 0x15, 
	0x01, 0x15, 0x01, 0x15, 0x01, 0x15, 0x01, 0x15, 
	0x01, 0x15, 0x01, 0x15, 0x01, 0x15, 0x01, 0x15, 
	0x01, 0x15, 0x01, 0x15, 0x01, 0x15, 0x01, 0x15, 
	0x01, 0x15, 0x01, 0x13, 0x01, 0x13, 0x01, 0x13, 
	0x01, 0x13, 0x01, 0x13, 0x01, 0x13, 0x01, 0x13, 
	0x01, 0x13, 0x01, 0x13, 0x01, 0x13, 0x01, 0x13, 
	0x01, 0x13, 0x01, 0x13, 0x01, 0x13, 0x01, 0x13, 
	0x01, 0x13, 0x01, 0x13, 0x01, 0x13, 0x01, 0x13, 
	0x01, 0x13, 0x01, 0x13, 0x01, 0x13, 0x01, 0x13, 
	0x01, 0x13, 0x01, 0x13, 0x01, 0x13, 0x01, 0x13, 
	0x01, 0x13, 0x01, 0x13, 0x01, 0x13, 0x01, 0x13, 
	0x01, 0x13, 0x01, 0x13, 0x01, 0x13, 0x01, 0x13, 
	0x01, 0x13, 0x01, 0x13, 0x01, 0x13, 0x01, 0x13, 
	0x01, 0x13, 0x01, 0x13, 0x01, 0x13, 0x01, 0x13, 
	0x01, 0x13, 0x01, 0x13, 0x01, 0x13, 0x01, 0x13, 
	0x01, 0x13, 0x01, 0x13, 0x01, 0x13, 0x01, 0x13, 
	0x01, 0x13, 0x01, 0x13, 0x01, 0x13, 0x01, 0x13, 
	0x01, 0x13, 0x01, 0x13, 0x01, 0x13, 0x01, 0x13, 
	0x01, 0x13, 0x01, 0x13, 0x01, 0x13, 0x01, 0x53, 
	0x01, 0x13, 0x01, 0x53, 0x01, 0x13, 0x01, 0x53, 
	0x01, 0x53, 0x01, 0x53, 0x01, 0x53, 0x01, 0x13, 
	0x01, 0x13, 0x01, 0x13, 0x01, 0x53, 0x01, 0x53, 
	0x01, 0x13, 0x01, 0x13, 0x01, 0x13, 0x01, 0x13, 
	0x01, 0x13, 0x01, 0x13, 0x01, 0x13, 0x01, 0x13, 
	0x01, 0x13, 0x01, 0x13, 0x01, 0x13, 0x01, 0x13, 
	0x01, 0x13, 0x01, 0x13, 0x01, 0x13, 0x01, 0x13, 
	0x01, 0x13, 0x01, 0x13, 0x01, 0x13, 0x01, 0x13, 
	0x01, 0x13, 0x01, 0x13, 0x01, 0x13, 0x01, 0x13, 
	0x01, 0x13, 0x01, 0x13, 0x01, 0x13, 0x01, 0x13, 
	0x01, 0x13, 0x01, 0x13, 0x01, 0x13, 0x01, 0x13, 
	0x01, 0x13, 0x01, 0x13, 0x01, 0x13, 0x01, 0x13, 
	0x01, 0x13, 0x01, 0x13, 0x01, 0x13, 0x01, 0x13, 
	0x01, 0x13, 0x01, 0x13, 0x01, 0x13, 0x01, 0x13, 
	0x01, 0x13, 0x01, 0x13, 0x01, 0x13, 0x01, 0x13, 
	0x01, 0x13, 0x01, 0x13, 0x01, 0x13, 0x01, 0x13, 
	0x01, 0x13, 0x01, 0x13, 0x01, 0x13, 0x01, 0x13, 
	0x01, 0x13, 0x01, 0x13, 0x01, 0x13, 0x01, 0x13, 
	0x01, 0x13, 0x01, 0x13, 0x01, 0x13, 0x01, 0x13, 
	0x01, 0x13, 0x01, 0x13, 0x01, 0x13, 0x01, 0x13, 
	0x01, 0x13, 0x01, 0x13, 0x01, 0x13, 0x01, 0x13, 
	0x01, 0x13, 0x01, 0x13, 0x01, 0x13, 0x01, 0x13, 
	0x01, 0x13, 0x01, 0x13, 0x01, 0x13, 0x01, 0x13, 
	0x01, 0x13, 0x01, 0x13, 0x01, 0x13, 0x01, 0x13, 
	0x01, 0x13, 0x01, 0x13, 0x01, 0x13, 0x01, 0x13, 
	0x01, 0x13, 0x01, 0x13, 0x01, 0x13, 0x01, 0x13, 
	0x01, 0x13, 0x01, 0x13, 0x01, 0x13, 0x01, 0x13, 
	0x01, 0x13, 0x01, 0x13, 0x01, 0x13, 0x01, 0x13, 
	0x01, 0x13, 0x01, 0x13, 0x01, 0x13, 0x01, 0x13, 
	0x01, 0x13, 0x01, 0x13, 0x01, 0x13, 0x01, 0x13, 
	0x01, 0x13, 0x01, 0x13, 0x01, 0x13, 0x01, 0x13, 
	0x01, 0x15, 0x01, 0x15, 0x01, 0x15, 0x01, 0x15, 
	0x01, 0x15, 0x01, 0x15, 0x01, 0x55, 0x01, 0x55, 
	0x01, 0x55, 0x01, 0x55, 0x01, 0x55, 0x01, 0x15, 
	0x01, 0x55, 0x01, 0x55, 0x01, 0x55, 0x01, 0x55, 
	0x01, 0x55, 0x01, 0x55, 0x01, 0x55, 0x01, 0x55, 
	0x01, 0x55, 0x01, 0x55, 0x01, 0x55, 0x01, 0x55, 
	0x01, 0x55, 0x01, 0x15, 0x01, 0x15, 0x01, 0x55, 
	0x01, 0x15, 0x01, 0x15, 0x01, 0x15, 0x01, 0x15, 
	0x01, 0x15, 0x01, 0x15, 0x01, 0x15, 0x01, 0x15, 
	0x01, 0x15, 0x01, 0x15, 0x01, 0x15, 0x01, 0x15, 
	0x01, 0x15, 0x01, 0x15, 0x01, 0x15, 0x01, 0x15, 
	0x01, 0x15, 0x01, 0x15, 0x01, 0x15, 0x01, 0x15, 
	0x01, 0x15, 0x01, 0x15, 0x01, 0x15, 0x01, 0x15, 
	0x01, 0x15, 0x01, 0x15, 0x01, 0x15, 0x01, 0x15, 
	0x01, 0x15, 0x01, 0x15, 0x01, 0x15, 0x01, 0x15, 
	0x01, 0x15, 0x01, 0x15, 0x01, 0x15, 0x01, 0x15, 
	0x01, 0x15, 0x01, 0x15, 0x01, 0x15, 0x01, 0x15, 
	0x01, 0x15, 0x01, 0x15, 0x01, 0x15, 0x01, 0x13, 
	0x01, 0x13, 0x01, 0x13, 0x01, 0x13, 0x01, 0x13, 
	0x01, 0x13, 0x01, 0x13, 0x01, 0x13, 0x01, 0x13, 
	0x01, 0x13, 0x01, 0x13, 0x01, 0x13, 0x01, 0x13, 
	0x01, 0x13, 0x01, 0x13, 0x01, 0x13, 0x01, 0x13, 
	0x01, 0x13, 0x01, 0x13, 0x01, 0x13, 0x01, 0x13, 
	0x01, 0x13, 0x01, 0x13, 0x01, 0x13, 0x01, 0x13, 
	0x01, 0x13, 0x01, 0x13, 0x01, 0x13, 0x01, 0x13, 
	0x01, 0x13, 0x01, 0x13, 0x01, 0x13, 0x01, 0x13, 
	0x01, 0x13, 0x01, 0x13, 0x01, 0x13, 0x01, 0x13, 
	0x01, 0x13, 0x01, 0x13, 0x01, 0x13, 0x01, 0x13, 
	0x01, 0x13, 0x01, 0x13, 0x01, 0x13, 0x01, 0x13, 
	0x01, 0x13, 0x01, 0x13, 0x01, 0x13, 0x01, 0x13, 
	0x01, 0x13, 0x01, 0x13, 0x01, 0x13, 0x01, 0x13, 
	0x01, 0x13, 0x01, 0x13, 0x01, 0x13, 0x01, 0x53, 
	0x01, 0x53, 0x01, 0x13, 0x01, 0x53, 0x01, 0x53, 
	0x01, 0x53, 0x01, 0x53, 0x01, 0x53, 0x01, 0x53, 
	0x01, 0x53, 0x01, 0x53, 0x01, 0x53, 0x01, 0x53, 
	0x01, 0x13, 0x01, 0x13, 0x01, 0x53, 0x01, 0x53, 
	0x01, 0x13, 0x01, 0x13, 0x01, 0x53, 0x01, 0x13, 
	0x01, 0x13, 0x01, 0x13, 0x01, 0x13, 0x01, 0x13, 
	0x01, 0x53, 0x01, 0x53, 0x01, 0x13, 0x01, 0x13, 
	0x01, 0x13, 0x01, 0x13, 0x01, 0x53, 0x01, 0x13, 
	0x01, 0x13, 0x01, 0x13, 0x01, 0x13, 0x01, 0x13, 
	0x01, 0x13, 0x01, 0x13, 0x01, 0x13, 0x01, 0x13, 
	0x01, 0x13, 0x01, 0x13, 0x01, 0x13, 0x01, 0x13, 
	0x01, 0x13, 0x01, 0x13, 0x01, 0x13, 0x01, 0x13, 
	0x01, 0x13, 0x01, 0x13, 0x01, 0x13, 0x01, 0x13, 
	0x01, 0x13, 0x01, 0x13, 0x01, 0x13, 0x01, 0x15, 
	0x01, 0x13, 0x01, 0x13, 0x01, 0x13, 0x01, 0x13, 
	0x01, 0x13, 0x01, 0x13, 0x01, 0x13, 0x01, 0x13, 
	0x01, 0x13, 0x01, 0x13, 0x01, 0x13, 0x01, 0x13, 
	0x01, 0x13, 0x01, 0x53, 0x01, 0x53, 0x01, 0x53, 
	0x01, 0x53, 0x01, 0x13, 0x01, 0x53, 0x01, 0x53, 
	0x01, 0x53, 0x01, 0x13, 0x01, 0x13, 0x01, 0x13, 
	0x01, 0x13, 0x01, 0x13, 0x01, 0x13, 0x01, 0x13, 
	0x01, 0x13, 0x01, 0x13, 0x01, 0x13, 0x01, 0x13, 
	0x01, 0x13, 0x01, 0x13, 0x01, 0x13, 0x01, 0x13, 
	0x01, 0x13, 0x01, 0x13, 0x01, 0x13, 0x01, 0x13, 
	0x01, 0x13, 0x01, 0x13, 0x01, 0x13, 0x01, 0x13, 
	0x01, 0x13, 0x01, 0x13, 0x01, 0x13, 0x01, 0x13, 
	0x01, 0x13, 0x01, 0x13, 0x01, 0x13, 0x01, 0x13, 
	0x01, 0x13, 0x01, 0x13, 0x01, 0x13, 0x01, 0x13, 
	0x01, 0x13, 0x01, 0x13, 0x01, 0x13, 0x01, 0x13, 
	0x01, 0x13, 0x01, 0x13, 0x01, 0x13, 0x01, 0x13, 
	0x01, 0x13, 0x01, 0x13, 0x01, 0x13, 0x01, 0x13, 
	0x01, 0x15, 0x01, 0x15, 0x01, 0x15, 0x01, 0x15, 
	0x01, 0x15, 0x01, 0x15, 0x01, 0x15, 0x01, 0x55, 
	0x01, 0x55, 0x01, 0x15, 0x01, 0x55, 0x01, 0x15, 
	0x01, 0x15, 0x01, 0x15, 0x01, 0x15, 0x01, 0x15, 
	0x01, 0x55, 0x01, 0x55, 0x01, 0x55, 0x01, 0x55, 
	0x01, 0x55, 0x01, 0x55, 0x01, 0x55, 0x01, 0x55, 
	0x01, 0x55, 0x01, 0x55, 0x01, 0x55, 0x01, 0x55, 
	0x01, 0x55, 0x01, 0x55, 0x01, 0x55, 0x01, 0x55, 
	0x01, 0x15, 0x01, 0x15, 0x01, 0x15, 0x01, 0x15, 
	0x01, 0x15, 0x01, 0x15, 0x01, 0x15, 0x01, 0x15, 
	0x01, 0x15, 0x01, 0x15, 0x01, 0x15, 0x01, 0x15, 
	0x01, 0x15, 0x01, 0x15, 0x01, 0x15, 0x01, 0x15, 
	0x01, 0x15, 0x01, 0x15, 0x01, 0x15, 0x01, 0x15, 
	0x01, 0x15, 0x01, 0x15, 0x01, 0x15, 0x01, 0x15, 
	0x01, 0x15, 0x01, 0x15, 0x01, 0x15, 0x01, 0x15, 
	0x01, 0x15, 0x01, 0x15, 0x01, 0x15, 0x01, 0x15, 
	0x01, 0x15, 0x01, 0x15, 0x01, 0x15, 0x01, 0x15, 
	0x01, 0x15, 0x01, 0x15, 0x01, 0x15, 0x01, 0x15, 
	0x01, 0x15, 0x01, 0x15, 0x01, 0x15, 0x01, 0x13, 
	0x01, 0x13, 0x01, 0x13, 0x01, 0x13, 0x01, 0x13, 
	0x01, 0x13, 0x01, 0x13, 0x01, 0x13, 0x01, 0x13, 
	0x01, 0x13, 0x01, 0x13, 0x01, 0x13, 0x01, 0x13, 
	0x01, 0x13, 0x01, 0x13, 0x01, 0x13, 0x01, 0x13, 
	0x01, 0x13, 0x01, 0x13, 0x01, 0x13, 0x01, 0x13, 
	0x01, 0x13, 0x01, 0x13, 0x01, 0x13, 0x01, 0x13, 
	0x01, 0x13, 0x01, 0x13, 0x01, 0x13, 0x01, 0x13, 
	0x01, 0x13, 0x01, 0x13, 0x01, 0x13, 0x01, 0x13, 
	0x01, 0x13, 0x01, 0x13, 0x01, 0x13, 0x01, 0x13, 
	0x01, 0x13, 0x01, 0x13, 0x01, 0x13, 0x01, 0x13, 
	0x01, 0x13, 0x01, 0x13, 0x01, 0x13, 0x01, 0x13, 
	0x01, 0x13, 0x01, 0x13, 0x01, 0x13, 0x01, 0x13, 
	0x01, 0x13, 0x01, 0x13, 0x01, 0x13, 0x01, 0x13, 
	0x01, 0x13, 0x01, 0x13, 0x01, 0x55, 0x01, 0x55, 
	0x01, 0x53, 0x01, 0x53, 0x01, 0x55, 0x01, 0x55, 
	0x01, 0x55, 0x01, 0x53, 0x01, 0x55, 0x01, 0x55, 
	0x01, 0x55, 0x01, 0x53, 0x01, 0x53, 0x01, 0x53, 
	0x01, 0x53, 0x01, 0x53, 0x01, 0x53, 0x01, 0x53, 
	0x01, 0x53, 0x01, 0x53, 0x01, 0x53, 0x01, 0x53, 
	0x01, 0x53, 0x01, 0x53, 0x01, 0x53, 0x01, 0x53, 
	0x01, 0x55, 0x01, 0x55, 0x01, 0x55, 0x01, 0x15, 
	0x01, 0x55, 0x01, 0x55, 0x01, 0x55, 0x01, 0x13, 
	0x01, 0x13, 0x01, 0x13, 0x01, 0x13, 0x01, 0x13, 
	0x01, 0x13, 0x01, 0x13, 0x01, 0x13, 0x01, 0x13, 
	0x01, 0x13, 0x01, 0x13, 0x01, 0x13, 0x01, 0x13, 
	0x01, 0x13, 0x01, 0x13, 0x01, 0x13, 0x01, 0x13, 
	0x01, 0x13, 0x01, 0x13, 0x01, 0x13, 0x01, 0x13, 
	0x01, 0x13, 0x01, 0x13, 0x01, 0x13, 0x01, 0x15, 
	0x01, 0x13, 0x01, 0x13, 0x01, 0x15, 0x01, 0x15, 
	0x01, 0x15, 0x01, 0x15, 0x01, 0x13, 0x01, 0x15, 
	0x01, 0x15, 0x01, 0x15, 0x01, 0x15, 0x01, 0x15, 
	0x01, 0x13, 0x01, 0x55, 0x01, 0x13, 0x01, 0x55, 
	0x01, 0x53, 0x01, 0x53, 0x01, 0x53, 0x01, 0x53, 
	0x01, 0x13, 0x01, 0x53, 0x01, 0x13, 0x01, 0x13, 
	0x01, 0x13, 0x01, 0x13, 0x01, 0x13, 0x01, 0x13, 
	0x01, 0x13, 0x01, 0x13, 0x01, 0x13, 0x01, 0x13, 
	0x01, 0x13, 0x01, 0x13, 0x01, 0x13, 0x01, 0x13, 
	0x01, 0x13, 0x01, 0x13, 0x01, 0x13, 0x01, 0x13, 
	0x01, 0x13, 0x01, 0x13, 0x01, 0x13, 0x01, 0x13, 
	0x01, 0x13, 0x01, 0x13, 0x01, 0x13, 0x01, 0x13, 
	0x01, 0x13, 0x01, 0x13, 0x01, 0x13, 0x01, 0x13, 
	0x01, 0x13, 0x01, 0x13, 0x01, 0x13, 0x01, 0x13, 
	0x01, 0x13, 0x01, 0x13, 0x01, 0x13, 0x01, 0x13, 
	0x01, 0x13, 0x01, 0x13, 0x01, 0x13, 0x01, 0x15, 
	0x01, 0x15, 0x01, 0x13, 0x01, 0x13, 0x01, 0x15, 
	0x01, 0x15, 0x01, 0x15, 0x01, 0x15, 0x01, 0x15, 
	0x01, 0x15, 0x01, 0x15, 0x01, 0x15, 0x01, 0x55, 
	0x01, 0x55, 0x01, 0x15, 0x01, 0x15, 0x01, 0x55, 
	0x01, 0x55, 0x01, 0x55, 0x01, 0x55, 0x01, 0x55, 
	0x01, 0x55, 0x01, 0x55, 0x01, 0x55, 0x01, 0x55, 
	0x01, 0x55, 0x01, 0x55, 0x01, 0x55, 0x01, 0x55, 
	0x01, 0x55, 0x01, 0x55, 0x01, 0x55, 0x01, 0x55, 
	0x01, 0x55, 0x01, 0x55, 0x01, 0x15, 0x01, 0x15, 
	0x01, 0x55, 0x01, 0x15, 0x01, 0x15, 0x01, 0x15, 
	0x01, 0x15, 0x01, 0x15, 0x01, 0x15, 0x01, 0x15, 
	0x01, 0x15, 0x01, 0x15, 0x01, 0x15, 0x01, 0x15, 
	0x01, 0x15, 0x01, 0x15, 0x01, 0x15, 0x01, 0x15, 
	0x01, 0x15, 0x01, 0x15, 0x01, 0x15, 0x01, 0x15, 
	0x01, 0x15, 0x01, 0x15, 0x01, 0x15, 0x01, 0x15, 
	0x01, 0x15, 0x01, 0x15, 0x01, 0x15, 0x01, 0x15, 
	0x01, 0x15, 0x01, 0x15, 0x01, 0x15, 0x01, 0x15, 
	0x01, 0x15, 0x01, 0x15, 0x01, 0x15, 0x01, 0x15, 
	0x01, 0x15, 0x01, 0x15, 0x01, 0x15, 0x01, 0x15, 
	0x01, 0x15, 0x01, 0x15, 0x01, 0x15, 0x01, 0x15, 
	0x01, 0x13, 0x01, 0x13, 0x01, 0x13, 0x01, 0x13, 
	0x01, 0x13, 0x01, 0x13, 0x01, 0x13, 0x01, 0x13, 
	0x01, 0x13, 0x01, 0x13, 0x01, 0x13, 0x01, 0x13, 
	0x01, 0x13, 0x01, 0x13, 0x01, 0x13, 0x01, 0x13, 
	0x01, 0x13, 0x01, 0x13, 0x01, 0x13, 0x01, 0x13, 
	0x01, 0x13, 0x01, 0x13, 0x01, 0x13, 0x01, 0x13, 
	0x01, 0x13, 0x01, 0x13, 0x01, 0x13, 0x01, 0x13, 
	0x01, 0x13, 0x01, 0x13, 0x01, 0x13, 0x01, 0x13, 
	0x01, 0x13, 0x01, 0x13, 0x01, 0x13, 0x01, 0x13, 
	0x01, 0x13, 0x01, 0x13, 0x01, 0x13, 0x01, 0x13, 
	0x01, 0x13, 0x01, 0x13, 0x01, 0x13, 0x01, 0x13, 
	0x01, 0x13, 0x01, 0x13, 0x01, 0x13, 0x01, 0x55, 
	0x01, 0x13, 0x01, 0x13, 0x01, 0x55, 0x01, 0x55, 
	0x01, 0x55, 0x01, 0x55, 0x01, 0x55, 0x01, 0x55, 
	0x01, 0x55, 0x01, 0x55, 0x01, 0x55, 0x01, 0x55, 
	0x01, 0x55, 0x01, 0x55, 0x01, 0x55, 0x01, 0x55, 
	0x01, 0x55, 0x01, 0x55, 0x01, 0x53, 0x01, 0x53, 
	0x01, 0x53, 0x01, 0x53, 0x01, 0x55, 0x01, 0x55, 
	0x01, 0x53, 0x01, 0x53, 0x01, 0x55, 0x01, 0x55, 
	0x01, 0x53, 0x01, 0x53, 0x01, 0x53, 0x01, 0x53, 
	0x01, 0x55, 0x01, 0x15, 0x01, 0x15, 0x01, 0x55, 
	0x01, 0x13, 0x01, 0x55, 0x01, 0x55, 0x01, 0x13, 
	0x01, 0x13, 0x01, 0x13, 0x01, 0x13, 0x01, 0x13, 
	0x01, 0x13, 0x01, 0x13, 0x01, 0x13, 0x01, 0x13, 
	0x01, 0x13, 0x01, 0x13, 0x01, 0x13, 0x01, 0x13, 
	0x01, 0x13, 0x01, 0x13, 0x01, 0x13, 0x01, 0x13, 
	0x01, 0x13, 0x01, 0x13, 0x01, 0x13, 0x01, 0x13, 
	0x01, 0x13, 0x01, 0x13, 0x01, 0x15, 0x01, 0x15, 
	0x01, 0x15, 0x01, 0x15, 0x01, 0x15, 0x01, 0x15, 
	0x01, 0x15, 0x01, 0x15, 0x01, 0x15, 0x01, 0x15, 
	0x01, 0x15, 0x01, 0x15, 0x01, 0x15, 0x01, 0x15, 
	0x01, 0x55, 0x01, 0x13, 0x01, 0x13, 0x01, 0x55, 
	0x01, 0x53, 0x01, 0x53, 0x01, 0x53, 0x01, 0x53, 
	0x01, 0x53, 0x01, 0x53, 0x01, 0x13, 0x01, 0x13, 
	0x01, 0x13, 0x01, 0x13, 0x01, 0x13, 0x01, 0x13, 
	0x01, 0x13, 0x01, 0x13, 0x01, 0x13, 0x01, 0x13, 
	0x01, 0x13, 0x01, 0x13, 0x01, 0x13, 0x01, 0x13, 
	0x01, 0x13, 0x01, 0x13, 0x01, 0x13, 0x01, 0x13, 
	0x01, 0x13, 0x01, 0x13, 0x01, 0x13, 0x01, 0x13, 
	0x01, 0x13, 0x01, 0x13, 0x01, 0x13, 0x01, 0x13, 
	0x01, 0x13, 0x01, 0x13, 0x01, 0x13, 0x01, 0x13, 
	0x01, 0x13, 0x01, 0x13, 0x01, 0x13, 0x01, 0x13, 
	0x01, 0x13, 0x01, 0x13, 0x01, 0x13, 0x01, 0x13, 
	0x01, 0x13, 0x01, 0x13, 0x01, 0x15, 0x01, 0x15, 
	0x01, 0x15, 0x01, 0x15, 0x01, 0x15, 0x01, 0x15, 
	0x01, 0x15, 0x01, 0x15, 0x01, 0x15, 0x01, 0x15, 
	0x01, 0x15, 0x01, 0x15, 0x01, 0x55, 0x01, 0x15, 
	0x01, 0x15, 0x01, 0x55, 0x01, 0x55, 0x01, 0x55, 
	0x01, 0x55, 0x01, 0x55, 0x01, 0x55, 0x01, 0x55, 
	0x01, 0x55, 0x01, 0x55, 0x01, 0x55, 0x01, 0x55, 
	0x01, 0x55, 0x01, 0x55, 0x01, 0x55, 0x01, 0x55, 
	0x01, 0x55, 0x01, 0x55, 0x01, 0x55, 0x01, 0x55, 
	0x01, 0x55, 0x01, 0x55, 0x01, 0x15, 0x01, 0x15, 
	0x01, 0x15, 0x01, 0x15, 0x01, 0x15, 0x01, 0x15, 
	0x01, 0x15, 0x01, 0x15, 0x01, 0x15, 0x01, 0x15, 
	0x01, 0x15, 0x01, 0x15, 0x01, 0x15, 0x01, 0x15, 
	0x01, 0x15, 0x01, 0x15, 0x01, 0x15, 0x01, 0x15, 
	0x01, 0x15, 0x01, 0x15, 0x01, 0x15, 0x01, 0x15, 
	0x01, 0x15, 0x01, 0x15, 0x01, 0x15, 0x01, 0x15, 
	0x01, 0x15, 0x01, 0x15, 0x01, 0x15, 0x01, 0x15, 
	0x01, 0x15, 0x01, 0x15, 0x01, 0x15, 0x01, 0x15, 
	0x01, 0x15, 0x01, 0x15, 0x01, 0x15, 0x01, 0x15, 
	0x01, 0x15, 0x01, 0x15, 0x01, 0x15, 0x01, 0x15, 
	0x01, 0x15, 0x01, 0x15, 0x01, 0x15, 0x01, 0x15, 
	0x01, 0x13, 0x01, 0x13, 0x01, 0x13, 0x01, 0x13, 
	0x01, 0x13, 0x01, 0x13, 0x01, 0x13, 0x01, 0x13, 
	0x01, 0x13, 0x01, 0x13, 0x01, 0x13, 0x01, 0x13, 
	0x01, 0x13, 0x01, 0x13, 0x01, 0x13, 0x01, 0x13, 
	0x01, 0x13, 0x01, 0x13, 0x01, 0x13, 0x01, 0x13, 
	0x01, 0x13, 0x01, 0x13, 0x01, 0x13, 0x01, 0x13, 
	0x01, 0x13, 0x01, 0x13, 0x01, 0x13, 0x01, 0x13, 
	0x01, 0x13, 0x01, 0x13, 0x01, 0x13, 0x01, 0x13, 
	0x01, 0x15, 0x01, 0x15, 0x01, 0x15, 0x01, 0x13, 
	0x01, 0x13, 0x01, 0x13, 0x01, 0x13, 0x01, 0x55, 
	0x01, 0x13, 0x01, 0x13, 0x01, 0x55, 0x01, 0x55, 
	0x01, 0x55, 0x01, 0x55, 0x01, 0x55, 0x01, 0x55, 
	0x01, 0x55, 0x01, 0x55, 0x01, 0x55, 0x01, 0x55, 
	0x01, 0x55, 0x01, 0x55, 0x01, 0x55, 0x01, 0x55, 
	0x01, 0x55, 0x01, 0x55, 0x01, 0x55, 0x01, 0x55, 
	0x01, 0x55, 0x01, 0x55, 0x01, 0x55, 0x01, 0x55, 
	0x01, 0x55, 0x01, 0x55, 0x01, 0x55, 0x01, 0x55, 
	0x01, 0x55, 0x01, 0x55, 0x01, 0x55, 0x01, 0x55, 
	0x01, 0x55, 0x01, 0x55, 0x01, 0x55, 0x01, 0x55, 
	0x01, 0x55, 0x01, 0x55, 0x01, 0x55, 0x01, 0x55, 
	0x01, 0x55, 0x01, 0x15, 0x01, 0x55, 0x01, 0x55, 
	0x01, 0x13, 0x01, 0x13, 0x01, 0x55, 0x01, 0x55, 
	0x01, 0x55, 0x01, 0x13, 0x01, 0x13, 0x01, 0x13, 
	0x01, 0x15, 0x01, 0x15, 0x01, 0x15, 0x01, 0x15, 
	0x01, 0x13, 0x01, 0x13, 0x01, 0x13, 0x01, 0x13, 
	0x01, 0x13, 0x01, 0x13, 0x01, 0x13, 0x01, 0x55, 
	0x01, 0x55, 0x01, 0x13, 0x01, 0x13, 0x01, 0x13, 
	0x01, 0x15, 0x01, 0x15, 0x01, 0x15, 0x01, 0x15, 
	0x01, 0x15, 0x01, 0x15, 0x01, 0x15, 0x01, 0x15, 
	0x01, 0x15, 0x01, 0x15, 0x01, 0x15, 0x01, 0x15, 
	0x01, 0x15, 0x01, 0x15, 0x01, 0x15, 0x01, 0x15, 
	0x01, 0x13, 0x01, 0x55, 0x01, 0x55, 0x01, 0x55, 
	0x01, 0x53, 0x01, 0x53, 0x01, 0x53, 0x01, 0x53, 
	0x01, 0x13, 0x01, 0x13, 0x01, 0x13, 0x01, 0x13, 
	0x01, 0x53, 0x01, 0x53, 0x01, 0x13, 0x01, 0x13, 
	0x01, 0x13, 0x01, 0x13, 0x01, 0x13, 0x01, 0x13, 
	0x01, 0x13, 0x01, 0x13, 0x01, 0x13, 0x01, 0x13, 
	0x01, 0x13, 0x01, 0x13, 0x01, 0x13, 0x01, 0x13, 
	0x01, 0x13, 0x01, 0x13, 0x01, 0x13, 0x01, 0x13, 
	0x01, 0x13, 0x01, 0x13, 0x01, 0x13, 0x01, 0x13, 
	0x01, 0x13, 0x01, 0x13, 0x01, 0x13, 0x01, 0x13, 
	0x01, 0x13, 0x01, 0x15, 0x01, 0x15, 0x01, 0x15, 
	0x01, 0x15, 0x01, 0x15, 0x01, 0x15, 0x01, 0x15, 
	0x01, 0x15, 0x01, 0x15, 0x01, 0x15, 0x01, 0x15, 
	0x01, 0x15, 0x01, 0x15, 0x01, 0x15, 0x01, 0x15, 
	0x01, 0x15, 0x01, 0x15, 0x01, 0x15, 0x01, 0x55, 
	0x01, 0x55, 0x01, 0x55, 0x01, 0x55, 0x01, 0x55, 
	0x01, 0x55, 0x01, 0x55, 0x01, 0x55, 0x01, 0x55, 
	0x01, 0x55, 0x01, 0x55, 0x01, 0x55, 0x01, 0x55, 
	0x01, 0x55, 0x01, 0x55, 0x01, 0x55, 0x01, 0x55, 
	0x01, 0x55, 0x01, 0x55, 0x01, 0x55, 0x01, 0x55, 
	0x01, 0x55, 0x01, 0x55, 0x01, 0x55, 0x01, 0x15, 
	0x01, 0x55, 0x01, 0x15, 0x01, 0x15, 0x01, 0x15, 
	0x01, 0x15, 0x01, 0x15, 0x01, 0x15, 0x01, 0x15, 
	0x01, 0x15, 0x01, 0x15, 0x01, 0x15, 0x01, 0x15, 
	0x01, 0x15, 0x01, 0x15, 0x01, 0x15, 0x01, 0x15, 
	0x01, 0x15, 0x01, 0x15, 0x01, 0x15, 0x01, 0x15, 
	0x01, 0x15, 0x01, 0x15, 0x01, 0x15, 0x01, 0x15, 
	0x01, 0x15, 0x01, 0x15, 0x01, 0x15, 0x01, 0x15, 
	0x01, 0x15, 0x01, 0x15, 0x01, 0x15, 0x01, 0x15, 
	0x01, 0x15, 0x01, 0x15, 0x01, 0x15, 0x01, 0x15, 
	0x01, 0x15, 0x01, 0x15, 0x01, 0x15, 0x01, 0x15, 
	0x01, 0x15, 0x01, 0x15, 0x01, 0x15, 0x01, 0x15, 
	0x01, 0x15, 0x01, 0x15, 0x01, 0x15, 0x01, 0x15, 
	0x01, 0x13, 0x01, 0x13, 0x01, 0x13, 0x01, 0x13, 
	0x01, 0x13, 0x01, 0x13, 0x01, 0x13, 0x01, 0x13, 
	0x01, 0x13, 0x01, 0x13, 0x01, 0x13, 0x01, 0x13, 
	0x01, 0x13, 0x01, 0x13, 0x01, 0x13, 0x01, 0x13, 
	0x01, 0x13, 0x01, 0x13, 0x01, 0x13, 0x01, 0x13, 
	0x01, 0x13, 0x01, 0x13, 0x01, 0x13, 0x01, 0x15, 
	0x01, 0x15, 0x01, 0x15, 0x01, 0x15, 0x01, 0x15, 
	0x01, 0x15, 0x01, 0x15, 0x01, 0x15, 0x01, 0x15, 
	0x01, 0x15, 0x01, 0x15, 0x01, 0x15, 0x01, 0x15, 
	0x01, 0x13, 0x01, 0x55, 0x01, 0x55, 0x01, 0x55, 
	0x01, 0x55, 0x01, 0x13, 0x01, 0x13, 0x01, 0x55, 
	0x01, 0x55, 0x01, 0x55, 0x01, 0x55, 0x01, 0x55, 
	0x01, 0x55, 0x01, 0x55, 0x01, 0x55, 0x01, 0x55, 
	0x01, 0x55, 0x01, 0x55, 0x01, 0x55, 0x01, 0x55, 
	0x01, 0x55, 0x01, 0x55, 0x01, 0x55, 0x01, 0x55, 
	0x01, 0x55, 0x01, 0x55, 0x01, 0x55, 0x01, 0x55, 
	0x01, 0x55, 0x01, 0x55, 0x01, 0x55, 0x01, 0x55, 
	0x01, 0x55, 0x01, 0x55, 0x01, 0x55, 0x01, 0x55, 
	0x01, 0x55, 0x01, 0x55, 0x01, 0x55, 0x01, 0x55, 
	0x01, 0x55, 0x01, 0x55, 0x01, 0x55, 0x01, 0x55, 
	0x01, 0x55, 0x01, 0x55, 0x01, 0x55, 0x01, 0x55, 
	0x01, 0x55, 0x01, 0x55, 0x01, 0x55, 0x01, 0x55, 
	0x01, 0x55, 0x01, 0x13, 0x01, 0x55, 0x01, 0x55, 
	0x01, 0x15, 0x01, 0x15, 0x01, 0x15, 0x01, 0x15, 
	0x01, 0x15, 0x01, 0x13, 0x01, 0x15, 0x01, 0x15, 
	0x01, 0x13, 0x01, 0x13, 0x01, 0x13, 0x01, 0x55, 
	0x01, 0x55, 0x01, 0x13, 0x01, 0x13, 0x01, 0x13, 
	0x01, 0x15, 0x01, 0x15, 0x01, 0x15, 0x01, 0x15, 
	0x01, 0x15, 0x01, 0x15, 0x01, 0x15, 0x01, 0x15, 
	0x01, 0x15, 0x01, 0x15, 0x01, 0x15, 0x01, 0x15, 
	0x01, 0x15, 0x01, 0x55, 0x01, 0x15, 0x01, 0x15, 
	0x01, 0x13, 0x01, 0x13, 0x01, 0x55, 0x01, 0x55, 
	0x01, 0x53, 0x01, 0x53, 0x01, 0x53, 0x01, 0x53, 
	0x01, 0x53, 0x01, 0x13, 0x01, 0x53, 0x01, 0x53, 
	0x01, 0x53, 0x01, 0x13, 0x01, 0x13, 0x01, 0x13, 
	0x01, 0x53, 0x01, 0x53, 0x01, 0x13, 0x01, 0x13, 
	0x01, 0x13, 0x01, 0x13, 0x01, 0x13, 0x01, 0x13, 
	0x01, 0x13, 0x01, 0x13, 0x01, 0x13, 0x01, 0x13, 
	0x01, 0x13, 0x01, 0x13, 0x01, 0x13, 0x01, 0x13, 
	0x01, 0x13, 0x01, 0x13, 0x01, 0x13, 0x01, 0x13, 
	0x01, 0x15, 0x01, 0x15, 0x01, 0x15, 0x01, 0x15, 
	0x01, 0x15, 0x01, 0x15, 0x01, 0x15, 0x01, 0x15, 
	0x01, 0x15, 0x01, 0x15, 0x01, 0x15, 0x01, 0x15, 
	0x01, 0x15, 0x01, 0x55, 0x01, 0x55, 0x01, 0x15, 
	0x01, 0x15, 0x01, 0x15, 0x01, 0x15, 0x01, 0x15, 
	0x01, 0x15, 0x01, 0x55, 0x01, 0x55, 0x01, 0x55, 
	0x01, 0x55, 0x01, 0x55, 0x01, 0x55, 0x01, 0x55, 
	0x01, 0x55, 0x01, 0x55, 0x01, 0x55, 0x01, 0x55, 
	0x01, 0x55, 0x01, 0x55, 0x01, 0x55, 0x01, 0x55, 
	0x01, 0x55, 0x01, 0x55, 0x01, 0x55, 0x01, 0x55, 
	0x01, 0x55, 0x01, 0x55, 0x01, 0x55, 0x01, 0x55, 
	0x01, 0x55, 0x01, 0x55, 0x01, 0x55, 0x01, 0x15, 
	0x01, 0x55, 0x01, 0x55, 0x01, 0x15, 0x01, 0x15, 
	0x01, 0x15, 0x01, 0x15, 0x01, 0x15, 0x01, 0x15, 
	0x01, 0x15, 0x01, 0x15, 0x01, 0x15, 0x01, 0x15, 
	0x01, 0x15, 0x01, 0x15, 0x01, 0x15, 0x01, 0x15, 
	0x01, 0x15, 0x01, 0x15, 0x01, 0x15, 0x01, 0x15, 
	0x01, 0x15, 0x01, 0x15, 0x01, 0x15, 0x01, 0x15, 
	0x01, 0x15, 0x01, 0x15, 0x01, 0x15, 0x01, 0x15, 
	0x01, 0x15, 0x01, 0x15, 0x01, 0x15, 0x01, 0x15, 
	0x01, 0x15, 0x01, 0x15, 0x01, 0x15, 0x01, 0x15, 
	0x01, 0x15, 0x01, 0x15, 0x01, 0x15, 0x01, 0x15, 
	0x01, 0x15, 0x01, 0x15, 0x01, 0x15, 0x01, 0x15, 
	0x01, 0x15, 0x01, 0x15, 0x01, 0x15, 0x01, 0x15, 
	0x01, 0x13, 0x01, 0x13, 0x01, 0x13, 0x01, 0x13, 
	0x01, 0x13, 0x01, 0x13, 0x01, 0x13, 0x01, 0x13, 
	0x01, 0x13, 0x01, 0x13, 0x01, 0x13, 0x01, 0x13, 
	0x01, 0x13, 0x01, 0x13, 0x01, 0x13, 0x01, 0x13, 
	0x01, 0x15, 0x01, 0x15, 0x01, 0x15, 0x01, 0x15, 
	0x01, 0x15, 0x01, 0x15, 0x01, 0x15, 0x01, 0x15, 
	0x01, 0x15, 0x01, 0x15, 0x01, 0x15, 0x01, 0x15, 
	0x01, 0x15, 0x01, 0x15, 0x01, 0x15, 0x01, 0x15, 
	0x01, 0x15, 0x01, 0x15, 0x01, 0x15, 0x01, 0x15, 
	0x01, 0x15, 0x01, 0x15, 0x01, 0x55, 0x01, 0x55, 
	0x01, 0x55, 0x01, 0x55, 0x01, 0x55, 0x01, 0x55, 
	0x01, 0x55, 0x01, 0x55, 0x01, 0x55, 0x01, 0x55, 
	0x01, 0x55, 0x01, 0x55, 0x01, 0x55, 0x01, 0x55, 
	0x01, 0x55, 0x01, 0x55, 0x01, 0x55, 0x01, 0x55, 
	0x01, 0x55, 0x01, 0x55, 0x01, 0x55, 0x01, 0x55, 
	0x01, 0x55, 0x01, 0x55, 0x01, 0x55, 0x01, 0x55, 
	0x01, 0x55, 0x01, 0x55, 0x01, 0x55, 0x01, 0x55, 
	0x01, 0x55, 0x01, 0x55, 0x01, 0x55, 0x01, 0x55, 
	0x01, 0x55, 0x01, 0x55, 0x01, 0x55, 0x01, 0x55, 
	0x01, 0x55, 0x01, 0x55, 0x01, 0x55, 0x01, 0x55, 
	0x01, 0x55, 0x01, 0x55, 0x01, 0x55, 0x01, 0x55, 
	0x01, 0x15, 0x01, 0x15, 0x01, 0x55, 0x01, 0x55, 
	0x01, 0x55, 0x01, 0x55, 0x01, 0x15, 0x01, 0x55, 
	0x01, 0x15, 0x01, 0x15, 0x01, 0x55, 0x01, 0x55, 
	0x01, 0x55, 0x01, 0x55, 0x01, 0x55, 0x01, 0x55, 
	0x01, 0x55, 0x01, 0x55, 0x01, 0x55, 0x01, 0x55, 
	0x01, 0x55, 0x01, 0x55, 0x01, 0x15, 0x01, 0x15, 
	0x01, 0x15, 0x01, 0x15, 0x01, 0x15, 0x01, 0x55, 
	0x01, 0x55, 0x01, 0x15, 0x01, 0x15, 0x01, 0x15, 
	0x01, 0x55, 0x01, 0x55, 0x01, 0x15, 0x01, 0x15, 
	0x01, 0x15, 0x01, 0x55, 0x01, 0x55, 0x01, 0x55, 
	0x01, 0x55, 0x01, 0x55, 0x01, 0x55, 0x01, 0x55, 
	0x01, 0x55, 0x01, 0x55, 0x01, 0x55, 0x01, 0x53, 
	0x01, 0x53, 0x01, 0x53, 0x01, 0x53, 0x01, 0x53, 
	0x01, 0x55, 0x01, 0x55, 0x01, 0x13, 0x01, 0x55, 
	0x01, 0x55, 0x01, 0x55, 0x01, 0x13, 0x01, 0x13, 
	0x01, 0x13, 0x01, 0x13, 0x01, 0x13, 0x01, 0x13, 
	0x01, 0x13, 0x01, 0x13, 0x01, 0x13, 0x01, 0x13, 
	0x01, 0x15, 0x01, 0x15, 0x01, 0x15, 0x01, 0x15, 
	0x01, 0x55, 0x01, 0x55, 0x01, 0x55, 0x01, 0x55, 
	0x01, 0x55, 0x01, 0x15, 0x01, 0x15, 0x01, 0x15, 
	0x01, 0x15, 0x01, 0x15, 0x01, 0x15, 0x01, 0x15, 
	0x01, 0x15, 0x01, 0x15, 0x01, 0x15, 0x01, 0x15, 
	0x01, 0x15, 0x01, 0x55, 0x01, 0x55, 0x01, 0x55, 
	0x01, 0x15, 0x01, 0x15, 0x01, 0x15, 0x01, 0x55, 
	0x01, 0x55, 0x01, 0x55, 0x01, 0x55, 0x01, 0x55, 
	0x01, 0x55, 0x01, 0x55, 0x01, 0x55, 0x01, 0x55, 
	0x01, 0x55, 0x01, 0x55, 0x01, 0x55, 0x01, 0x55, 
	0x01, 0x55, 0x01, 0x55, 0x01, 0x55, 0x01, 0x55, 
	0x01, 0x55, 0x01, 0x55, 0x01, 0x55, 0x01, 0x55, 
	0x01, 0x55, 0x01, 0x55, 0x01, 0x55, 0x01, 0x55, 
	0x01, 0x55, 0x01, 0x55, 0x01, 0x55, 0x01, 0x55, 
	0x01, 0x55, 0x01, 0x55, 0x01, 0x55, 0x01, 0x15, 
	0x01, 0x15, 0x01, 0x55, 0x01, 0x15, 0x01, 0x15, 
	0x01, 0x15, 0x01, 0x15, 0x01, 0x15, 0x01, 0x15, 
	0x01, 0x15, 0x01, 0x15, 0x01, 0x15, 0x01, 0x15, 
	0x01, 0x15, 0x01, 0x15, 0x01, 0x15, 0x01, 0x15, 
	0x01, 0x15, 0x01, 0x15, 0x01, 0x15, 0x01, 0x15, 
	0x01, 0x15, 0x01, 0x15, 0x01, 0x15, 0x01, 0x15, 
	0x01, 0x15, 0x01, 0x15, 0x01, 0x15, 0x01, 0x15, 
	0x01, 0x15, 0x01, 0x17, 0x01, 0x15, 0x01, 0x15, 
	0x01, 0x15, 0x01, 0x15, 0x01, 0x15, 0x01, 0x15, 
	0x01, 0x15, 0x01, 0x15, 0x01, 0x15, 0x01, 0x15, 
	0x01, 0x15, 0x01, 0x15, 0x01, 0x15, 0x01, 0x15, 
	0x01, 0x13, 0x01, 0x13, 0x01, 0x13, 0x01, 0x13, 
	0x01, 0x13, 0x01, 0x13, 0x01, 0x13, 0x01, 0x13, 
	0x01, 0x13, 0x01, 0x13, 0x01, 0x13, 0x01, 0x13, 
	0x01, 0x13, 0x01, 0x13, 0x01, 0x13, 0x01, 0x13, 
	0x01, 0x15, 0x01, 0x15, 0x01, 0x15, 0x01, 0x15, 
	0x01, 0x15, 0x01, 0x15, 0x01, 0x15, 0x01, 0x15, 
	0x01, 0x15, 0x01, 0x15, 0x01, 0x15, 0x01, 0x15, 
	0x01, 0x15, 0x01, 0x15, 0x01, 0x15, 0x01, 0x15, 
	0x01, 0x15, 0x01, 0x15, 0x01, 0x55, 0x01, 0x55, 
	0x01, 0x15, 0x01, 0x15, 0x01, 0x55, 0x01, 0x55, 
	0x01, 0x55, 0x01, 0x55, 0x01, 0x55, 0x01, 0x55, 
	0x01, 0x55, 0x01, 0x55, 0x01, 0x55, 0x01, 0x55, 
	0x01, 0x55, 0x01, 0x55, 0x01, 0x55, 0x01, 0x55, 
	0x01, 0x55, 0x01, 0x55, 0x01, 0x55, 0x01, 0x55, 
	0x01, 0x55, 0x01, 0x55, 0x01, 0x55, 0x01, 0x55, 
	0x01, 0x55, 0x01, 0x55, 0x01, 0x55, 0x01, 0x55, 
	0x01, 0x55, 0x01, 0x55, 0x01, 0x55, 0x01, 0x55, 
	0x01, 0x55, 0x01, 0x55, 0x01, 0x55, 0x01, 0x55, 
	0x01, 0x55, 0x01, 0x55, 0x01, 0x55, 0x01, 0x55, 
	0x01, 0x55, 0x01, 0x55, 0x01, 0x55, 0x01, 0x55, 
	0x01, 0x55, 0x01, 0x55, 0x01, 0x55, 0x01, 0x55, 
	0x01, 0x55, 0x01, 0x55, 0x01, 0x55, 0x01, 0x55, 
	0x01, 0x55, 0x01, 0x55, 0x01, 0x55, 0x01, 0x55, 
	0x01, 0x55, 0x01, 0x55, 0x01, 0x55, 0x01, 0x55, 
	0x01, 0x55, 0x01, 0x55, 0x01, 0x55, 0x01, 0x55, 
	0x01, 0x55, 0x01, 0x55, 0x01, 0x55, 0x01, 0x55, 
	0x01, 0x55, 0x01, 0x55, 0x01, 0x55, 0x01, 0x15, 
	0x01, 0x15, 0x01, 0x55, 0x01, 0x55, 0x01, 0x55, 
	0x01, 0x55, 0x01, 0x55, 0x01, 0x55, 0x01, 0x55, 
	0x01, 0x55, 0x01, 0x55, 0x01, 0x55, 0x01, 0x55, 
	0x01, 0x55, 0x01, 0x55, 0x01, 0x55, 0x01, 0x55, 
	0x01, 0x55, 0x01, 0x55, 0x01, 0x55, 0x01, 0x55, 
	0x01, 0x55, 0x01, 0x55, 0x01, 0x55, 0x01, 0x55, 
	0x01, 0x55, 0x01, 0x55, 0x01, 0x53, 0x01, 0x55, 
	0x01, 0x55, 0x01, 0x55, 0x01, 0x55, 0x01, 0x55, 
	0x01, 0x55, 0x01, 0x55, 0x01, 0x55, 0x01, 0x55, 
	0x01, 0x55, 0x01, 0x13, 0x01, 0x13, 0x01, 0x55, 
	0x01, 0x13, 0x01, 0x13, 0x01, 0x13, 0x01, 0x13, 
	0x01, 0x15, 0x01, 0x15, 0x01, 0x15, 0x01, 0x55, 
	0x01, 0x55, 0x01, 0x55, 0x01, 0x55, 0x01, 0x55, 
	0x01, 0x15, 0x01, 0x15, 0x01, 0x15, 0x01, 0x55, 
	0x01, 0x55, 0x01, 0x15, 0x01, 0x55, 0x01, 0x15, 
	0x01, 0x15, 0x01, 0x15, 0x01, 0x15, 0x01, 0x15, 
	0x01, 0x15, 0x01, 0x55, 0x01, 0x55, 0x01, 0x55, 
	0x01, 0x55, 0x01, 0x15, 0x01, 0x15, 0x01, 0x55, 
	0x01, 0x55, 0x01, 0x55, 0x01, 0x55, 0x01, 0x55, 
	0x01, 0x55, 0x01, 0x55, 0x01, 0x55, 0x01, 0x55, 
	0x01, 0x55, 0x01, 0x55, 0x01, 0x55, 0x01, 0x55, 
	0x01, 0x55, 0x01, 0x55, 0x01, 0x55, 0x01, 0x55, 
	0x01, 0x55, 0x01, 0x55, 0x01, 0x55, 0x01, 0x55, 
	0x01, 0x55, 0x01, 0x55, 0x01, 0x55, 0x01, 0x55, 
	0x01, 0x55, 0x01, 0x55, 0x01, 0x55, 0x01, 0x55, 
	0x01, 0x55, 0x01, 0x55, 0x01, 0x55, 0x01, 0x15, 
	0x01, 0x15, 0x01, 0x55, 0x01, 0x15, 0x01, 0x55, 
	0x01, 0x15, 0x01, 0x15, 0x01, 0x15, 0x01, 0x15, 
	0x01, 0x15, 0x01, 0x15, 0x01, 0x15, 0x01, 0x15, 
	0x01, 0x15, 0x01, 0x15, 0x01, 0x15, 0x01, 0x15, 
	0x01, 0x15, 0x01, 0x15, 0x01, 0x15, 0x01, 0x15, 
	0x01, 0x15, 0x01, 0x15, 0x01, 0x15, 0x01, 0x15, 
	0x01, 0x15, 0x01, 0x15, 0x01, 0x15, 0x01, 0x15, 
	0x01, 0x15, 0x01, 0x17, 0x01, 0x17, 0x01, 0x17, 
	0x01, 0x17, 0x01, 0x15, 0x01, 0x15, 0x01, 0x15, 
	0x01, 0x15, 0x01, 0x15, 0x01, 0x15, 0x01, 0x15, 
	0x01, 0x15, 0x01, 0x15, 0x01, 0x15, 0x01, 0x15, 
	0x01, 0x13, 0x01, 0x13, 0x01, 0x13, 0x01, 0x13, 
	0x01, 0x13, 0x01, 0x13, 0x01, 0x13, 0x01, 0x13, 
	0x01, 0x15, 0x01, 0x15, 0x01, 0x15, 0x01, 0x15, 
	0x01, 0x13, 0x01, 0x15, 0x01, 0x15, 0x01, 0x15, 
	0x01, 0x15, 0x01, 0x15, 0x01, 0x15, 0x01, 0x15, 
	0x01, 0x15, 0x01, 0x15, 0x01, 0x15, 0x01, 0x15, 
	0x01, 0x15, 0x01, 0x15, 0x01, 0x15, 0x01, 0x15, 
	0x01, 0x15, 0x01, 0x15, 0x01, 0x15, 0x01, 0x15, 
	0x01, 0x15, 0x01, 0x55, 0x01, 0x55, 0x01, 0x55, 
	0x01, 0x55, 0x01, 0x55, 0x01, 0x55, 0x01, 0x55, 
	0x01, 0x55, 0x01, 0x55, 0x01, 0x55, 0x01, 0x55, 
	0x01, 0x55, 0x01, 0x55, 0x01, 0x55, 0x01, 0x55, 
	0x01, 0x55, 0x01, 0x55, 0x01, 0x55, 0x01, 0x55, 
	0x01, 0x55, 0x01, 0x55, 0x01, 0x55, 0x01, 0x55, 
	0x01, 0x55, 0x01, 0x55, 0x01, 0x55, 0x01, 0x55, 
	0x01, 0x55, 0x01, 0x55, 0x01, 0x55, 0x01, 0x55, 
	0x01, 0x55, 0x01, 0x55, 0x01, 0x55, 0x01, 0x55, 
	0x01, 0x55, 0x01, 0x55, 0x01, 0x55, 0x01, 0x55, 
	0x01, 0x55, 0x01, 0x55, 0x01, 0x55, 0x01, 0x55, 
	0x01, 0x55, 0x01, 0x55, 0x01, 0x55, 0x01, 0x55, 
	0x01, 0x55, 0x01, 0x55, 0x01, 0x55, 0x01, 0x55, 
	0x01, 0x55, 0x01, 0x55, 0x01, 0x55, 0x01, 0x55, 
	0x01, 0x55, 0x01, 0x55, 0x01, 0x55, 0x01, 0x55, 
	0x01, 0x55, 0x01, 0x55, 0x01, 0x55, 0x01, 0x55, 
	0x01, 0x55, 0x01, 0x55, 0x01, 0x55, 0x01, 0x55, 
	0x01, 0x55, 0x01, 0x55, 0x01, 0x55, 0x01, 0x55, 
	0x01, 0x55, 0x01, 0x55, 0x01, 0x55, 0x01, 0x55, 
	0x01, 0x55, 0x01, 0x55, 0x01, 0x55, 0x01, 0x55, 
	0x01, 0x55, 0x01, 0x55, 0x01, 0x55, 0x01, 0x55, 
	0x01, 0x55, 0x01, 0x55, 0x01, 0x55, 0x01, 0x55, 
	0x01, 0x55, 0x01, 0x55, 0x01, 0x55, 0x01, 0x55, 
	0x01, 0x55, 0x01, 0x55, 0x01, 0x55, 0x01, 0x55, 
	0x01, 0x55, 0x01, 0x55, 0x01, 0x55, 0x01, 0x55, 
	0x01, 0x55, 0x01, 0x55, 0x01, 0x55, 0x01, 0x55, 
	0x01, 0x55, 0x01, 0x55, 0x01, 0x55, 0x01, 0x55, 
	0x01, 0x55, 0x01, 0x55, 0x01, 0x55, 0x01, 0x55, 
	0x01, 0x55, 0x01, 0x55, 0x01, 0x55, 0x01, 0x55, 
	0x01, 0x55, 0x01, 0x13, 0x01, 0x13, 0x01, 0x55, 
	0x01, 0x15, 0x01, 0x15, 0x01, 0x55, 0x01, 0x55, 
	0x01, 0x55, 0x01, 0x55, 0x01, 0x55, 0x01, 0x55, 
	0x01, 0x55, 0x01, 0x55, 0x01, 0x55, 0x01, 0x55, 
	0x01, 0x55, 0x01, 0x55, 0x01, 0x55, 0x01, 0x55, 
	0x01, 0x15, 0x01, 0x15, 0x01, 0x15, 0x01, 0x15, 
	0x01, 0x15, 0x01, 0x55, 0x01, 0x55, 0x01, 0x55, 
	0x01, 0x55, 0x01, 0x55, 0x01, 0x55, 0x01, 0x55, 
	0x01, 0x55, 0x01, 0x55, 0x01, 0x55, 0x01, 0x55, 
	0x01, 0x55, 0x01, 0x55, 0x01, 0x55, 0x01, 0x55, 
	0x01, 0x55, 0x01, 0x55, 0x01, 0x55, 0x01, 0x55, 
	0x01, 0x55, 0x01, 0x55, 0x01, 0x57, 0x01, 0x55, 
	0x01, 0x55, 0x01, 0x55, 0x01, 0x55, 0x01, 0x57, 
	0x01, 0x57, 0x01, 0x55, 0x01, 0x57, 0x01, 0x57, 
	0x01, 0x55, 0x01, 0x55, 0x01, 0x55, 0x01, 0x55, 
	0x01, 0x55, 0x01, 0x15, 0x01, 0x55, 0x01, 0x55, 
	0x01, 0x55, 0x01, 0x55, 0x01, 0x15, 0x01, 0x15, 
	0x01, 0x15, 0x01, 0x15, 0x01, 0x15, 0x01, 0x15, 
	0x01, 0x55, 0x01, 0x15, 0x01, 0x15, 0x01, 0x55, 
	0x01, 0x17, 0x01, 0x15, 0x01, 0x15, 0x01, 0x15, 
	0x01, 0x15, 0x01, 0x15, 0x01, 0x15, 0x01, 0x15, 
	0x01, 0x15, 0x01, 0x15, 0x01, 0x15, 0x01, 0x15, 
	0x01, 0x15, 0x01, 0x15, 0x01, 0x17, 0x01, 0x17, 
	0x01, 0x17, 0x01, 0x17, 0x01, 0x17, 0x01, 0x17, 
	0x01, 0x17, 0x01, 0x15, 0x01, 0x15, 0x01, 0x15, 
	0x01, 0x15, 0x01, 0x15, 0x01, 0x15, 0x01, 0x15, 
	0x01, 0x15, 0x01, 0x15, 0x01, 0x15, 0x01, 0x15, 
	0x01, 0x15, 0x01, 0x15, 0x01, 0x13, 0x01, 0x13, 
	0x01, 0x13, 0x01, 0x15, 0x01, 0x15, 0x01, 0x15, 
	0x01, 0x15, 0x01, 0x15, 0x01, 0x15, 0x01, 0x15, 
	0x01, 0x13, 0x01, 0x13, 0x01, 0x13, 0x01, 0x13, 
	0x01, 0x15, 0x01, 0x15, 0x01, 0x15, 0x01, 0x15, 
	0x01, 0x15, 0x01, 0x15, 0x01, 0x15, 0x01, 0x15, 
	0x01, 0x15, 0x01, 0x15, 0x01, 0x15, 0x01, 0x15, 
	0x01, 0x15, 0x01, 0x15, 0x01, 0x15, 0x01, 0x55, 
	0x01, 0x55, 0x01, 0x55, 0x01, 0x55, 0x01, 0x55, 
	0x01, 0x55, 0x01, 0x55, 0x01, 0x55, 0x01, 0x55, 
	0x01, 0x55, 0x01, 0x55, 0x01, 0x55, 0x01, 0x55, 
	0x01, 0x55, 0x01, 0x55, 0x01, 0x55, 0x01, 0x55, 
	0x01, 0x55, 0x01, 0x55, 0x01, 0x55, 0x01, 0x55, 
	0x01, 0x55, 0x01, 0x55, 0x01, 0x55, 0x01, 0x55, 
	0x01, 0x55, 0x01, 0x55, 0x01, 0x55, 0x01, 0x55, 
	0x01, 0x55, 0x01, 0x55, 0x01, 0x55, 0x01, 0x55, 
	0x01, 0x55, 0x01, 0x55, 0x01, 0x55, 0x01, 0x55, 
	0x01, 0x55, 0x01, 0x55, 0x01, 0x55, 0x01, 0x55, 
	0x01, 0x55, 0x01, 0x55, 0x01, 0x55, 0x01, 0x55, 
	0x01, 0x55, 0x01, 0x55, 0x01, 0x55, 0x01, 0x55, 
	0x01, 0x55, 0x01, 0x55, 0x01, 0x55, 0x01, 0x55, 
	0x01, 0x55, 0x01, 0x55, 0x01, 0x55, 0x01, 0x55, 
	0x01, 0x55, 0x01, 0x55, 0x01, 0x55, 0x01, 0x55, 
	0x01, 0x55, 0x01, 0x55, 0x01, 0x55, 0x01, 0x55, 
	0x01, 0x55, 0x01, 0x55, 0x01, 0x55, 0x01, 0x55, 
	0x01, 0x55, 0x01, 0x55, 0x01, 0x55, 0x01, 0x55, 
	0x01, 0x55, 0x01, 0x55, 0x01, 0x55, 0x01, 0x55, 
	0x01, 0x55, 0x01, 0x55, 0x01, 0x55, 0x01, 0x55, 
	0x01, 0x55, 0x01, 0x55, 0x01, 0x55, 0x01, 0x55, 
	0x01, 0x55, 0x01, 0x55, 0x01, 0x55, 0x01, 0x55, 
	0x01, 0x55, 0x01, 0x55, 0x01, 0x55, 0x01, 0x55, 
	0x01, 0x55, 0x01, 0x55, 0x01, 0x55, 0x01, 0x55, 
	0x01, 0x57, 0x01, 0x55, 0x01, 0x55, 0x01, 0x55, 
	0x01, 0x55, 0x01, 0x55, 0x01, 0x55, 0x01, 0x55, 
	0x01, 0x55, 0x01, 0x55, 0x01, 0x55, 0x01, 0x55, 
	0x01, 0x55, 0x01, 0x55, 0x01, 0x55, 0x01, 0x55, 
	0x01, 0x55, 0x01, 0x55, 0x01, 0x55, 0x01, 0x55, 
	0x01, 0x55, 0x01, 0x55, 0x01, 0x55, 0x01, 0x55, 
	0x01, 0x55, 0x01, 0x55, 0x01, 0x55, 0x01, 0x55, 
	0x01, 0x55, 0x01, 0x55, 0x01, 0x55, 0x01, 0x55, 
	0x01, 0x55, 0x01, 0x55, 0x01, 0x55, 0x01, 0x55, 
	0x01, 0x55, 0x01, 0x55, 0x01, 0x55, 0x01, 0x55, 
	0x01, 0x55, 0x01, 0x15, 0x01, 0x15, 0x01, 0x55, 
	0x01, 0x55, 0x01, 0x55, 0x01, 0x55, 0x01, 0x55, 
	0x01, 0x55, 0x01, 0x55, 0x01, 0x55, 0x01, 0x55, 
	0x01, 0x55, 0x01, 0x55, 0x01, 0x55, 0x01, 0x55, 
	0x01, 0x55, 0x01, 0x55, 0x01, 0x55, 0x01, 0x57, 
	0x01, 0x57, 0x01, 0x55, 0x01, 0x55, 0x01, 0x55, 
	0x01, 0x55, 0x01, 0x57, 0x01, 0x57, 0x01, 0x55, 
	0x01, 0x55, 0x01, 0x55, 0x01, 0x57, 0x01, 0x55, 
	0x01, 0x57, 0x01, 0x57, 0x01, 0x57, 0x01, 0x57, 
	0x01, 0x57, 0x01, 0x55, 0x01, 0x55, 0x01, 0x55, 
	0x01, 0x55, 0x01, 0x55, 0x01, 0x55, 0x01, 0x55, 
	0x01, 0x55, 0x01, 0x55, 0x01, 0x55, 0x01, 0x55, 
	0x01, 0x57, 0x01, 0x57, 0x01, 0x55, 0x01, 0x55, 
	0x01, 0x15, 0x01, 0x57, 0x01, 0x57, 0x01, 0x57, 
	0x01, 0x57, 0x01, 0x15, 0x01, 0x15, 0x01, 0x15, 
	0x01, 0x15, 0x01, 0x15, 0x01, 0x15, 0x01, 0x15, 
	0x01, 0x17, 0x01, 0x17, 0x01, 0x17, 0x01, 0x17, 
	0x01, 0x17, 0x01, 0x17, 0x01, 0x17, 0x01, 0x17, 
	0x01, 0x17, 0x01, 0x17, 0x01, 0x17, 0x01, 0x17, 
	0x01, 0x17, 0x01, 0x17, 0x01, 0x17, 0x01, 0x17, 
	0x01, 0x15, 0x01, 0x15, 0x01, 0x15, 0x01, 0x15, 
	0x01, 0x15, 0x01, 0x15, 0x01, 0x15, 0x01, 0x15, 
	0x01, 0x15, 0x01, 0x15, 0x01, 0x15, 0x01, 0x15, 
	0x01, 0x15, 0x01, 0x15, 0x01, 0x15, 0x01, 0x15, 
	0x01, 0x15, 0x01, 0x15, 0x01, 0x15, 0x01, 0x15, 
	0x01, 0x15, 0x01, 0x15, 0x01, 0x15, 0x01, 0x15, 
	0x01, 0x15, 0x01, 0x15, 0x01, 0x15, 0x01, 0x15, 
	0x01, 0x15, 0x01, 0x55, 0x01, 0x15, 0x01, 0x55, 
	0x01, 0x15, 0x01, 0x55, 0x01, 0x15, 0x01, 0x55, 
	0x01, 0x55, 0x01, 0x15, 0x01, 0x15, 0x01, 0x55, 
	0x01, 0x55, 0x01, 0x55, 0x01, 0x55, 0x01, 0x55, 
	0x01, 0x55, 0x01, 0x55, 0x01, 0x57, 0x01, 0x57, 
	0x01, 0x55, 0x01, 0x57, 0x01, 0x55, 0x01, 0x57, 
	0x01, 0x55, 0x01, 0x55, 0x01, 0x55, 0x01, 0x55, 
	0x01, 0x55, 0x01, 0x55, 0x01, 0x55, 0x01, 0x55, 
	0x01, 0x55, 0x01, 0x55, 0x01, 0x55, 0x01, 0x55, 
	0x01, 0x55, 0x01, 0x55, 0x01, 0x55, 0x01, 0x55, 
	0x01, 0x55, 0x01, 0x55, 0x01, 0x55, 0x01, 0x55, 
	0x01, 0x55, 0x01, 0x55, 0x01, 0x55, 0x01, 0x55, 
	0x01, 0x55, 0x01, 0x55, 0x01, 0x55, 0x01, 0x55, 
	0x01, 0x55, 0x01, 0x55, 0x01, 0x55, 0x01, 0x55, 
	0x01, 0x55, 0x01, 0x55, 0x01, 0x55, 0x01, 0x55, 
	0x01, 0x55, 0x01, 0x55, 0x01, 0x55, 0x01, 0x55, 
	0x01, 0x55, 0x01, 0x55, 0x01, 0x55, 0x01, 0x55, 
	0x01, 0x55, 0x01, 0x55, 0x01, 0x55, 0x01, 0x55, 
	0x01, 0x55, 0x01, 0x55, 0x01, 0x55, 0x01, 0x55, 
	0x01, 0x55, 0x01, 0x55, 0x01, 0x55, 0x01, 0x55, 
	0x01, 0x55, 0x01, 0x55, 0x01, 0x55, 0x01, 0x55, 
	0x01, 0x55, 0x01, 0x55, 0x01, 0x55, 0x01, 0x55, 
	0x01, 0x55, 0x01, 0x55, 0x01, 0x55, 0x01, 0x55, 
	0x01, 0x55, 0x01, 0x55, 0x01, 0x55, 0x01, 0x55, 
	0x01, 0x55, 0x01, 0x55, 0x01, 0x55, 0x01, 0x55, 
	0x01, 0x57, 0x01, 0x57, 0x01, 0x57, 0x01, 0x57, 
	0x01, 0x57, 0x01, 0x57, 0x01, 0x57, 0x01, 0x57, 
	0x01, 0x57, 0x01, 0x57, 0x01, 0x57, 0x01, 0x57, 
	0x01, 0x55, 0x01, 0x55, 0x01, 0x55, 0x01, 0x55, 
	0x01, 0x55, 0x01, 0x55, 0x01, 0x55, 0x01, 0x55, 
	0x01, 0x55, 0x01, 0x55, 0x01, 0x55, 0x01, 0x55, 
	0x01, 0x55, 0x01, 0x55, 0x01, 0x55, 0x01, 0x55, 
	0x01, 0x55, 0x01, 0x55, 0x01, 0x55, 0x01, 0x55, 
	0x01, 0x55, 0x01, 0x55, 0x01, 0x55, 0x01, 0x55, 
	0x01, 0x55, 0x01, 0x55, 0x01, 0x55, 0x01, 0x55, 
	0x01, 0x55, 0x01, 0x55, 0x01, 0x55, 0x01, 0x55, 
	0x01, 0x55, 0x01, 0x55, 0x01, 0x55, 0x01, 0x55, 
	0x01, 0x55, 0x01, 0x55, 0x01, 0x55, 0x01, 0x55, 
	0x01, 0x55, 0x01, 0x55, 0x01, 0x55, 0x01, 0x55, 
	0x01, 0x55, 0x01, 0x55, 0x01, 0x55, 0x01, 0x55, 
	0x01, 0x55, 0x01, 0x55, 0x01, 0x55, 0x01, 0x55, 
	0x01, 0x55, 0x01, 0x55, 0x01, 0x55, 0x01, 0x55, 
	0x01, 0x57, 0x01, 0x57, 0x01, 0x55, 0x01, 0x57, 
	0x01, 0x57, 0x01, 0x57, 0x01, 0x55, 0x01, 0x57, 
	0x01, 0x57, 0x01, 0x55, 0x01, 0x57, 0x01, 0x55, 
	0x01, 0x57, 0x01, 0x57, 0x01, 0x57, 0x01, 0x57, 
	0x01, 0x57, 0x01, 0x55, 0x01, 0x55, 0x01, 0x55, 
	0x01, 0x55, 0x01, 0x55, 0x01, 0x55, 0x01, 0x55, 
	0x01, 0x57, 0x01, 0x55, 0x01, 0x55, 0x01, 0x55, 
	0x01, 0x55, 0x01, 0x55, 0x01, 0x55, 0x01, 0x57, 
	0x01, 0x57, 0x01, 0x57, 0x01, 0x57, 0x01, 0x57, 
	0x01, 0x57, 0x01, 0x15, 0x01, 0x15, 0x01, 0x15, 
	0x01, 0x15, 0x01, 0x15, 0x01, 0x15, 0x01, 0x57, 
	0x01, 0x17, 0x01, 0x17, 0x01, 0x17, 0x01, 0x17, 
	0x01, 0x17, 0x01, 0x17, 0x01, 0x17, 0x01, 0x17, 
	0x01, 0x17, 0x01, 0x17, 0x01, 0x17, 0x01, 0x17, 
	0x01, 0x17, 0x01, 0x17, 0x01, 0x17, 0x01, 0x17, 
	0x01, 0x15, 0x01, 0x15, 0x01, 0x15, 0x01, 0x15, 
	0x01, 0x15, 0x01, 0x15, 0x01, 0x15, 0x01, 0x15, 
	0x01, 0x15, 0x01, 0x15, 0x01, 0x15, 0x01, 0x15, 
	0x01, 0x15, 0x01, 0x15, 0x01, 0x15, 0x01, 0x15, 
	0x01, 0x15, 0x01, 0x15, 0x01, 0x15, 0x01, 0x15, 
	0x01, 0x15, 0x01, 0x15, 0x01, 0x15, 0x01, 0x15, 
	0x01, 0x15, 0x01, 0x15, 0x01, 0x15, 0x01, 0x15, 
	0x01, 0x15, 0x01, 0x55, 0x01, 0x55, 0x01, 0x55, 
	0x01, 0x55, 0x01, 0x55, 0x01, 0x55, 0x01, 0x55, 
	0x01, 0x55, 0x01, 0x55, 0x01, 0x55, 0x01, 0x55, 
	0x01, 0x55, 0x01, 0x55, 0x01, 0x55, 0x01, 0x55, 
	0x01, 0x55, 0x01, 0x57, 0x01, 0x57, 0x01, 0x57, 
	0x01, 0x57, 0x01, 0x57, 0x01, 0x57, 0x01, 0x57, 
	0x01, 0x55, 0x01, 0x55, 0x01, 0x55, 0x01, 0x55, 
	0x01, 0x55, 0x01, 0x55, 0x01, 0x55, 0x01, 0x55, 
	0x01, 0x57, 0x01, 0x57, 0x01, 0x57, 0x01, 0x57, 
	0x01, 0x55, 0x01, 0x55, 0x01, 0x55, 0x01, 0x55, 
	0x01, 0x55, 0x01, 0x55, 0x01, 0x55, 0x01, 0x55, 
	0x01, 0x55, 0x01, 0x55, 0x01, 0x55, 0x01, 0x55, 
	0x01, 0x55, 0x01, 0x55, 0x01, 0x55, 0x01, 0x55, 
	0x01, 0x55, 0x01, 0x55, 0x01, 0x55, 0x01, 0x55, 
	0x01, 0x55, 0x01, 0x55, 0x01, 0x55, 0x01, 0x55, 
	0x01, 0x55, 0x01, 0x55, 0x01, 0x55, 0x01, 0x55, 
	0x01, 0x55, 0x01, 0x55, 0x01, 0x55, 0x01, 0x55, 
	0x01, 0x55, 0x01, 0x55, 0x01, 0x57, 0x01, 0x55, 
	0x01, 0x55, 0x01, 0x55, 0x01, 0x55, 0x01, 0x55, 
	0x01, 0x55, 0x01, 0x55, 0x01, 0x55, 0x01, 0x55, 
	0x01, 0x55, 0x01, 0x55, 0x01, 0x55, 0x01, 0x55, 
	0x01, 0x55, 0x01, 0x55, 0x01, 0x55, 0x01, 0x55, 
	0x01, 0x55, 0x01, 0x55, 0x01, 0x55, 0x01, 0x55, 
	0x01, 0x55, 0x01, 0x55, 0x01, 0x57, 0x01, 0x57, 
	0x01, 0x55, 0x01, 0x57, 0x01, 0x57, 0x01, 0x55, 
	0x01, 0x57, 0x01, 0x57, 0x01, 0x57, 0x01, 0x57, 
	0x01, 0x57, 0x01, 0x57, 0x01, 0x57, 0x01, 0x57, 
	0x01, 0x57, 0x01, 0x57, 0x01, 0x57, 0x01, 0x57, 
	0x01, 0x55, 0x01, 0x55, 0x01, 0x55, 0x01, 0x55, 
	0x01, 0x55, 0x01, 0x55, 0x01, 0x55, 0x01, 0x55, 
	0x01, 0x55, 0x01, 0x55, 0x01, 0x55, 0x01, 0x55, 
	0x01, 0x55, 0x01, 0x55, 0x01, 0x55, 0x01, 0x55, 
	0x01, 0x55, 0x01, 0x55, 0x01, 0x55, 0x01, 0x55, 
	0x01, 0x55, 0x01, 0x55, 0x01, 0x55, 0x01, 0x55, 
	0x01, 0x55, 0x01, 0x55, 0x01, 0x55, 0x01, 0x55, 
	0x01, 0x55, 0x01, 0x55, 0x01, 0x55, 0x01, 0x55, 
	0x01, 0x55, 0x01, 0x55, 0x01, 0x55, 0x01, 0x55, 
	0x01, 0x55, 0x01, 0x55, 0x01, 0x55, 0x01, 0x55, 
	0x01, 0x55, 0x01, 0x55, 0x01, 0x55, 0x01, 0x55, 
	0x01, 0x55, 0x01, 0x55, 0x01, 0x55, 0x01, 0x55, 
	0x01, 0x55, 0x01, 0x55, 0x01, 0x55, 0x01, 0x57, 
	0x01, 0x55, 0x01, 0x57, 0x01, 0x57, 0x01, 0x57, 
	0x01, 0x57, 0x01, 0x57, 0x01, 0x57, 0x01, 0x57, 
	0x01, 0x57, 0x01, 0x57, 0x01, 0x55, 0x01, 0x57, 
	0x01, 0x57, 0x01, 0x57, 0x01, 0x57, 0x01, 0x57, 
	0x01, 0x57, 0x01, 0x57, 0x01, 0x57, 0x01, 0x57, 
	0x01, 0x55, 0x01, 0x57, 0x01, 0x57, 0x01, 0x55, 
	0x01, 0x55, 0x01, 0x57, 0x01, 0x57, 0x01, 0x57, 
	0x01, 0x57, 0x01, 0x57, 0x01, 0x57, 0x01, 0x57, 
	0x01, 0x57, 0x01, 0x57, 0x01, 0x55, 0x01, 0x57, 
	0x01, 0x57, 0x01, 0x57, 0x01, 0x57, 0x01, 0x57, 
	0x01, 0x57, 0x01, 0x57, 0x01, 0x57, 0x01, 0x15, 
	0x01, 0x15, 0x01, 0x15, 0x01, 0x15, 0x01, 0x15, 
	0x01, 0x17, 0x01, 0x17, 0x01, 0x57, 0x01, 0x57, 
	0x01, 0x57, 0x01, 0x17, 0x01, 0x17, 0x01, 0x57, 
	0x01, 0x57, 0x01, 0x17, 0x01, 0x17, 0x01, 0x17, 
	0x01, 0x57, 0x01, 0x17, 0x01, 0x17, 0x01, 0x17, 
	0x01, 0x15, 0x01, 0x15, 0x01, 0x15, 0x01, 0x15, 
	0x01, 0x15, 0x01, 0x15, 0x01, 0x15, 0x01, 0x15, 
	0x01, 0x15, 0x01, 0x15, 0x01, 0x15, 0x01, 0x15, 
	0x01, 0x15, 0x01, 0x15, 0x01, 0x15, 0x01, 0x15, 
	0x01, 0x15, 0x01, 0x15, 0x01, 0x15, 0x01, 0x15, 
	0x01, 0x15, 0x01, 0x15, 0x01, 0x15, 0x01, 0x15, 
	0x01, 0x15, 0x01, 0x15, 0x01, 0x15, 0x01, 0x15, 
	0x01, 0x55, 0x01, 0x55, 0x01, 0x55, 0x01, 0x55, 
	0x01, 0x55, 0x01, 0x55, 0x01, 0x55, 0x01, 0x55, 
	0x01, 0x55, 0x01, 0x55, 0x01, 0x55, 0x01, 0x55, 
	0x01, 0x55, 0x01, 0x55, 0x01, 0x55, 0x01, 0x55, 
	0x01, 0x57, 0x01, 0x57, 0x01, 0x57, 0x01, 0x57, 
	0x01, 0x57, 0x01, 0x57, 0x01, 0x57, 0x01, 0x57, 
	0x01, 0x55, 0x01, 0x55, 0x01, 0x55, 0x01, 0x55, 
	0x01, 0x55, 0x01, 0x55, 0x01, 0x55, 0x01, 0x55, 
	0x01, 0x57, 0x01, 0x57, 0x01, 0x57, 0x01, 0x57, 
	0x01, 0x55, 0x01, 0x55, 0x01, 0x55, 0x01, 0x55, 
	0x01, 0x55, 0x01, 0x57, 0x01, 0x57, 0x01, 0x57, 
	0x01, 0x55, 0x01, 0x55, 0x01, 0x55, 0x01, 0x55, 
	0x01, 0x57, 0x01, 0x57, 0x01, 0x57, 0x01, 0x55, 
	0x01, 0x55, 0x01, 0x55, 0x01, 0x55, 0x01, 0x55, 
	0x01, 0x55, 0x01, 0x55, 0x01, 0x55, 0x01, 0x55, 
	0x01, 0x55, 0x01, 0x55, 0x01, 0x55, 0x01, 0x55, 
	0x01, 0x55, 0x01, 0x55, 0x01, 0x55, 0x01, 0x55, 
	0x01, 0x55, 0x01, 0x55, 0x01, 0x57, 0x01, 0x57, 
	0x01, 0x57, 0x01, 0x57, 0x01, 0x55, 0x01, 0x55, 
	0x01, 0x55, 0x01, 0x55, 0x01, 0x55, 0x01, 0x55, 
	0x01, 0x55, 0x01, 0x55, 0x01, 0x55, 0x01, 0x55, 
	0x01, 0x55, 0x01, 0x55, 0x01, 0x55, 0x01, 0x55, 
	0x01, 0x57, 0x01, 0x57, 0x01, 0x57, 0x01, 0x55, 
	0x01, 0x57, 0x01, 0x57, 0x01, 0x55, 0x01, 0x57, 
	0x01, 0x57, 0x01, 0x57, 0x01, 0x57, 0x01, 0x57, 
	0x01, 0x57, 0x01, 0x57, 0x01, 0x57, 0x01, 0x57, 
	0x01, 0x57, 0x01, 0x57, 0x01, 0x57, 0x01, 0x57, 
	0x01, 0x57, 0x01, 0x57, 0x01, 0x57, 0x01, 0x57, 
	0x01, 0x55, 0x01, 0x55, 0x01, 0x55, 0x01, 0x55, 
	0x01, 0x55, 0x01, 0x55, 0x01, 0x55, 0x01, 0x55, 
	0x01, 0x55, 0x01, 0x55, 0x01, 0x55, 0x01, 0x55, 
	0x01, 0x55, 0x01, 0x55, 0x01, 0x55, 0x01, 0x55, 
	0x01, 0x55, 0x01, 0x55, 0x01, 0x55, 0x01, 0x55, 
	0x01, 0x55, 0x01, 0x55, 0x01, 0x55, 0x01, 0x55, 
	0x01, 0x55, 0x01, 0x55, 0x01, 0x55, 0x01, 0x55, 
	0x01, 0x55, 0x01, 0x55, 0x01, 0x55, 0x01, 0x55, 
	0x01, 0x55, 0x01, 0x55, 0x01, 0x55, 0x01, 0x55, 
	0x01, 0x55, 0x01, 0x55, 0x01, 0x55, 0x01, 0x55, 
	0x01, 0x55, 0x01, 0x57, 0x01, 0x57, 0x01, 0x55, 
	0x01, 0x55, 0x01, 0x55, 0x01, 0x57, 0x01, 0x57, 
	0x01, 0x57, 0x01, 0x55, 0x01, 0x57, 0x01, 0x57, 
	0x01, 0x57, 0x01, 0x57, 0x01, 0x57, 0x01, 0x57, 
	0x01, 0x57, 0x01, 0x57, 0x01, 0x57, 0x01, 0x57, 
	0x01, 0x57, 0x01, 0x57, 0x01, 0x57, 0x01, 0x57, 
	0x01, 0x57, 0x01, 0x57, 0x01, 0x57, 0x01, 0x57, 
	0x01, 0x57, 0x01, 0x57, 0x01, 0x57, 0x01, 0x57, 
	0x01, 0x57, 0x01, 0x57, 0x01, 0x57, 0x01, 0x57, 
	0x01, 0x55, 0x01, 0x57, 0x01, 0x57, 0x01, 0x57, 
	0x01, 0x57, 0x01, 0x57, 0x01, 0x57, 0x01, 0x55, 
	0x01, 0x57, 0x01, 0x57, 0x01, 0x57, 0x01, 0x57, 
	0x01, 0x57, 0x01, 0x57, 0x01, 0x57, 0x01, 0x57, 
	0x01, 0x57, 0x01, 0x57, 0x01, 0x57, 0x01, 0x15, 
	0x01, 0x15, 0x01, 0x57, 0x01, 0x57, 0x01, 0x57, 
	0x01, 0x17, 0x01, 0x57, 0x01, 0x57, 0x01, 0x57, 
	0x01, 0x57, 0x01, 0x57, 0x01, 0x17, 0x01, 0x17, 
	0x01, 0x17, 0x01, 0x17, 0x01, 0x17, 0x01, 0x17, 
	0x01, 0x17, 0x01, 0x17, 0x01, 0x17, 0x01, 0x17, 
	0x01, 0x15, 0x01, 0x15, 0x01, 0x17, 0x01, 0x15, 
	0x01, 0x15, 0x01, 0x15, 0x01, 0x15, 0x01, 0x15, 
	0x01, 0x15, 0x01, 0x15, 0x01, 0x15, 0x01, 0x15, 
	0x01, 0x15, 0x01, 0x15, 0x01, 0x15, 0x01, 0x15, 
	0x01, 0x15, 0x01, 0x15, 0x01, 0x15, 0x01, 0x15, 
	0x01, 0x15, 0x01, 0x15, 0x01, 0x15, 0x01, 0x15, 
	0x01, 0x15, 0x01, 0x15, 0x01, 0x57, 0x01, 0x57, 
	0x01, 0x55, 0x01, 0x55, 0x01, 0x55, 0x01, 0x55, 
	0x01, 0x55, 0x01, 0x55, 0x01, 0x55, 0x01, 0x55, 
	0x01, 0x55, 0x01, 0x55, 0x01, 0x55, 0x01, 0x55, 
	0x01, 0x57, 0x01, 0x55, 0x01, 0x55, 0x01, 0x55, 
	0x01, 0x57, 0x01, 0x57, 0x01, 0x57, 0x01, 0x57, 
	0x01, 0x57, 0x01, 0x57, 0x01, 0x57, 0x01, 0x57, 
	0x01, 0x55, 0x01, 0x55, 0x01, 0x55, 0x01, 0x55, 
	0x01, 0x55, 0x01, 0x55, 0x01, 0x55, 0x01, 0x55, 
	0x01, 0x57, 0x01, 0x57, 0x01, 0x57, 0x01, 0x57, 
	0x01, 0x55, 0x01, 0x55, 0x01, 0x55, 0x01, 0x55, 
	0x01, 0x57, 0x01, 0x57, 0x01, 0x57, 0x01, 0x57, 
	0x01, 0x55, 0x01, 0x55, 0x01, 0x55, 0x01, 0x55, 
	0x01, 0x57, 0x01, 0x57, 0x01, 0x57, 0x01, 0x57, 
	0x01, 0x55, 0x01, 0x55, 0x01, 0x55, 0x01, 0x55, 
	0x01, 0x55, 0x01, 0x55, 0x01, 0x55, 0x01, 0x55, 
	0x01, 0x55, 0x01, 0x55, 0x01, 0x55, 0x01, 0x55, 
	0x01, 0x55, 0x01, 0x55, 0x01, 0x55, 0x01, 0x55, 
	0x01, 0x57, 0x01, 0x57, 0x01, 0x57, 0x01, 0x57, 
	0x01, 0x57, 0x01, 0x57, 0x01, 0x57, 0x01, 0x57, 
	0x01, 0x57, 0x01, 0x55, 0x01, 0x55, 0x01, 0x57, 
	0x01, 0x57, 0x01, 0x55, 0x01, 0x55, 0x01, 0x57, 
	0x01, 0x57, 0x01, 0x57, 0x01, 0x57, 0x01, 0x57, 
	0x01, 0x57, 0x01, 0x57, 0x01, 0x57, 0x01, 0x57, 
	0x01, 0x57, 0x01, 0x57, 0x01, 0x55, 0x01, 0x57, 
	0x01, 0x57, 0x01, 0x57, 0x01, 0x57, 0x01, 0x57, 
	0x01, 0x57, 0x01, 0x57, 0x01, 0x57, 0x01, 0x57, 
	0x01, 0x57, 0x01, 0x57, 0x01, 0x57, 0x01, 0x57, 
	0x01, 0x57, 0x01, 0x57, 0x01, 0x57, 0x01, 0x57, 
	0x01, 0x57, 0x01, 0x55, 0x01, 0x55, 0x01, 0x55, 
	0x01, 0x55, 0x01, 0x55, 0x01, 0x55, 0x01, 0x55, 
	0x01, 0x55, 0x01, 0x55, 0x01, 0x55, 0x01, 0x55, 
	0x01, 0x55, 0x01, 0x55, 0x01, 0x55, 0x01, 0x55, 
	0x01, 0x55, 0x01, 0x55, 0x01, 0x55, 0x01, 0x55, 
	0x01, 0x55, 0x01, 0x55, 0x01, 0x55, 0x01, 0x55, 
	0x01, 0x57, 0x01, 0x57, 0x01, 0x57, 0x01, 0x57, 
	0x01, 0x57, 0x01, 0x57, 0x01, 0x57, 0x01, 0x57, 
	0x01, 0x55, 0x01, 0x55, 0x01, 0x55, 0x01, 0x55, 
	0x01, 0x55, 0x01, 0x55, 0x01, 0x55, 0x01, 0x55, 
	0x01, 0x57, 0x01, 0x57, 0x01, 0x57, 0x01, 0x57, 
	0x01, 0x57, 0x01, 0x57, 0x01, 0x57, 0x01, 0x57, 
	0x01, 0x57, 0x01, 0x57, 0x01, 0x57, 0x01, 0x57, 
	0x01, 0x57, 0x01, 0x57, 0x01, 0x57, 0x01, 0x57, 
	0x01, 0x57, 0x01, 0x57, 0x01, 0x57, 0x01, 0x57, 
	0x01, 0x57, 0x01, 0x57, 0x01, 0x57, 0x01, 0x57, 
	0x01, 0x57, 0x01, 0x57, 0x01, 0x57, 0x01, 0x57, 
	0x01, 0x57, 0x01, 0x57, 0x01, 0x57, 0x01, 0x55, 
	0x01, 0x57, 0x01, 0x57, 0x01, 0x57, 0x01, 0x57, 
	0x01, 0x57, 0x01, 0x57, 0x01, 0x57, 0x01, 0x57, 
	0x01, 0x57, 0x01, 0x57, 0x01, 0x57, 0x01, 0x57, 
	0x01, 0x57, 0x01, 0x57, 0x01, 0x57, 0x01, 0x57, 
	0x01, 0x57, 0x01, 0x57, 0x01, 0x57, 0x01, 0x57, 
	0x01, 0x57, 0x01, 0x57, 0x01, 0x57, 0x01, 0x57, 
	0x01, 0x57, 0x01, 0x57, 0x01, 0x57, 0x01, 0x57, 
	0x01, 0x57, 0x01, 0x57, 0x01, 0x57, 0x01, 0x57, 
	0x01, 0x57, 0x01, 0x57, 0x01, 0x57, 0x01, 0x17, 
	0x01, 0x17, 0x01, 0x17, 0x01, 0x57, 0x01, 0x17, 
	0x01, 0x17, 0x01, 0x17, 0x01, 0x17, 0x01, 0x17, 
	0x01, 0x17, 0x01, 0x15, 0x01, 0x17, 0x01, 0x15, 
	0x01, 0x15, 0x01, 0x15, 0x01, 0x15, 0x01, 0x15, 
	0x01, 0x15, 0x01, 0x15, 0x01, 0x15, 0x01, 0x15, 
	0x01, 0x15, 0x01, 0x15, 0x01, 0x15, 0x01, 0x15, 
	0x01, 0x15, 0x01, 0x15, 0x01, 0x15, 0x01, 0x15, 
	0x01, 0x17, 0x01, 0x17, 0x01, 0x17, 0x01, 0x17, 
	0x01, 0x17, 0x01, 0x17, 0x01, 0x17, 0x01, 0x57, 
	0x01, 0x57, 0x01, 0x57, 0x01, 0x57, 0x01, 0x57, 
	0x01, 0x57, 0x01, 0x55, 0x01, 0x57, 0x01, 0x55, 
	0x01, 0x57, 0x01, 0x57, 0x01, 0x57, 0x01, 0x57, 
	0x01, 0x57, 0x01, 0x57, 0x01, 0x55, 0x01, 0x57, 
	0x01, 0x57, 0x01, 0x57, 0x01, 0x57, 0x01, 0x57, 
	0x01, 0x57, 0x01, 0x57, 0x01, 0x57, 0x01, 0x57, 
	0x01, 0x57, 0x01, 0x57, 0x01, 0x57, 0x01, 0x57, 
	0x01, 0x57, 0x01, 0x57, 0x01, 0x57, 0x01, 0x57, 
	0x01, 0x57, 0x01, 0x57, 0x01, 0x57, 0x01, 0x57, 
	0x01, 0x57, 0x01, 0x57, 0x01, 0x57, 0x01, 0x57, 
	0x01, 0x57, 0x01, 0x57, 0x01, 0x57, 0x01, 0x57, 
	0x01, 0x57, 0x01, 0x57, 0x01, 0x57, 0x01, 0x57, 
	0x01, 0x57, 0x01, 0x57, 0x01, 0x57, 0x01, 0x57, 
	0x01, 0x57, 0x01, 0x57, 0x01, 0x57, 0x01, 0x57, 
	0x01, 0x57, 0x01, 0x57, 0x01, 0x57, 0x01, 0x57, 
	0x01, 0x57, 0x01, 0x57, 0x01, 0x55, 0x01, 0x55, 
	0x01, 0x55, 0x01, 0x57, 0x01, 0x57, 0x01, 0x57, 
	0x01, 0x57, 0x01, 0x57, 0x01, 0x57, 0x01, 0x57, 
	0x01, 0x57, 0x01, 0x57, 0x01, 0x57, 0x01, 0x57, 
	0x01, 0x57, 0x01, 0x57, 0x01, 0x57, 0x01, 0x57, 
	0x01, 0x57, 0x01, 0x57, 0x01, 0x57, 0x01, 0x57, 
	0x01, 0x57, 0x01, 0x57, 0x01, 0x57, 0x01, 0x57, 
	0x01, 0x57, 0x01, 0x57, 0x01, 0x57, 0x01, 0x57, 
	0x01, 0x57, 0x01, 0x57, 0x01, 0x57, 0x01, 0x57, 
	0x01, 0x57, 0x01, 0x57, 0x01, 0x57, 0x01, 0x57, 
	0x01, 0x57, 0x01, 0x57, 0x01, 0x57, 0x01, 0x57, 
	0x01, 0x57, 0x01, 0x57, 0x01, 0x57, 0x01, 0x57, 
	0x01, 0x57, 0x01, 0x57, 0x01, 0x57, 0x01, 0x57, 
	0x01, 0x57, 0x01, 0x55, 0x01, 0x55, 0x01, 0x55, 
	0x01, 0x55, 0x01, 0x55, 0x01, 0x55, 0x01, 0x55, 
	0x01, 0x55, 0x01, 0x55, 0x01, 0x55, 0x01, 0x55, 
	0x01, 0x55, 0x01, 0x55, 0x01, 0x55, 0x01, 0x55, 
	0x01, 0x55, 0x01, 0x55, 0x01, 0x55, 0x01, 0x55, 
	0x01, 0x55, 0x01, 0x55, 0x01, 0x55, 0x01, 0x55, 
	0x01, 0x57, 0x01, 0x57, 0x01, 0x57, 0x01, 0x57, 
	0x01, 0x57, 0x01, 0x57, 0x01, 0x57, 0x01, 0x57, 
	0x01, 0x55, 0x01, 0x55, 0x01, 0x55, 0x01, 0x55, 
	0x01, 0x55, 0x01, 0x57, 0x01, 0x57, 0x01, 0x55, 
	0x01, 0x57, 0x01, 0x57, 0x01, 0x57, 0x01, 0x57, 
	0x01, 0x57, 0x01, 0x57, 0x01, 0x57, 0x01, 0x57, 
	0x01, 0x57, 0x01, 0x57, 0x01, 0x57, 0x01, 0x57, 
	0x01, 0x57, 0x01, 0x57, 0x01, 0x57, 0x01, 0x57, 
	0x01, 0x57, 0x01, 0x57, 0x01, 0x57, 0x01, 0x57, 
	0x01, 0x57, 0x01, 0x57, 0x01, 0x57, 0x01, 0x57, 
	0x01, 0x57, 0x01, 0x57, 0x01, 0x57, 0x01, 0x57, 
	0x01, 0x57, 0x01, 0x57, 0x01, 0x57, 0x01, 0x57, 
	0x01, 0x57, 0x01, 0x57, 0x01, 0x57, 0x01, 0x57, 
	0x01, 0x57, 0x01, 0x57, 0x01, 0x57, 0x01, 0x57, 
	0x01, 0x57, 0x01, 0x57, 0x01, 0x57, 0x01, 0x57, 
	0x01, 0x57, 0x01, 0x57, 0x01, 0x55, 0x01, 0x55, 
	0x01, 0x57, 0x01, 0x57, 0x01, 0x57, 0x01, 0x57, 
	0x01, 0x57, 0x01, 0x57, 0x01, 0x57, 0x01, 0x57, 
	0x01, 0x57, 0x01, 0x57, 0x01, 0x57, 0x01, 0x57, 
	0x01, 0x57, 0x01, 0x57, 0x01, 0x57, 0x01, 0x57, 
	0x01, 0x57, 0x01, 0x57, 0x01, 0x57, 0x01, 0x17, 
	0x01, 0x17, 0x01, 0x57, 0x01, 0x57, 0x01, 0x17, 
	0x01, 0x17, 0x01, 0x57, 0x01, 0x57, 0x01, 0x17, 
	0x01, 0x17, 0x01, 0x17, 0x01, 0x17, 0x01, 0x17, 
	0x01, 0x15, 0x01, 0x15, 0x01, 0x17, 0x01, 0x15, 
	0x01, 0x15, 0x01, 0x15, 0x01, 0x15, 0x01, 0x15, 
	0x01, 0x15, 0x01, 0x15, 0x01, 0x15, 0x01, 0x57, 
	0x01, 0x15, 0x01, 0x15, 0x01, 0x15, 0x01, 0x15, 
	0x01, 0x17, 0x01, 0x57, 0x01, 0x17, 0x01, 0x17, 
	0x01, 0x17, 0x01, 0x57, 0x01, 0x57, 0x01, 0x57, 
	0x01, 0x57, 0x01, 0x57, 0x01, 0x57, 0x01, 0x57, 
	0x01, 0x57, 0x01, 0x57, 0x01, 0x57, 0x01, 0x57, 
	0x01, 0x57, 0x01, 0x57, 0x01, 0x57, 0x01, 0x57, 
	0x01, 0x57, 0x01, 0x57, 0x01, 0x57, 0x01, 0x57, 
	0x01, 0x57, 0x01, 0x57, 0x01, 0x57, 0x01, 0x57, 
	0x01, 0x57, 0x01, 0x57, 0x01, 0x57, 0x01, 0x57, 
	0x01, 0x57, 0x01, 0x57, 0x01, 0x57, 0x01, 0x57, 
	0x01, 0x57, 0x01, 0x57, 0x01, 0x57, 0x01, 0x57, 
	0x01, 0x57, 0x01, 0x57, 0x01, 0x57, 0x01, 0x57, 
	0x01, 0x57, 0x01, 0x57, 0x01, 0x57, 0x01, 0x57, 
	0x01, 0x57, 0x01, 0x57, 0x01, 0x57, 0x01, 0x57, 
	0x01, 0x57, 0x01, 0x57, 0x01, 0x57, 0x01, 0x57, 
	0x01, 0x57, 0x01, 0x57, 0x01, 0x57, 0x01, 0x57, 
	0x01, 0x57, 0x01, 0x57, 0x01, 0x57, 0x01, 0x57, 
	0x01, 0x57, 0x01, 0x57, 0x01, 0x57, 0x01, 0x57, 
	0x01, 0x57, 0x01, 0x57, 0x01, 0x57, 0x01, 0x57, 
	0x01, 0x57, 0x01, 0x57, 0x01, 0x57, 0x01, 0x57, 
	0x01, 0x57, 0x01, 0x57, 0x01, 0x57, 0x01, 0x57, 
	0x01, 0x57, 0x01, 0x57, 0x01, 0x57, 0x01, 0x57, 
	0x01, 0x57, 0x01, 0x57, 0x01, 0x57, 0x01, 0x57, 
	0x01, 0x57, 0x01, 0x57, 0x01, 0x57, 0x01, 0x57, 
	0x01, 0x57, 0x01, 0x57, 0x01, 0x57, 0x01, 0x57, 
	0x01, 0x57, 0x01, 0x57, 0x01, 0x57, 0x01, 0x57, 
	0x01, 0x57, 0x01, 0x57, 0x01, 0x57, 0x01, 0x57, 
	0x01, 0x57, 0x01, 0x57, 0x01, 0x57, 0x01, 0x57, 
	0x01, 0x57, 0x01, 0x57, 0x01, 0x57, 0x01, 0x57, 
	0x01, 0x57, 0x01, 0x57, 0x01, 0x57, 0x01, 0x57, 
	0x01, 0x57, 0x01, 0x57, 0x01, 0x57, 0x01, 0x57, 
	0x01, 0x57, 0x01, 0x57, 0x01, 0x57, 0x01, 0x55, 
	0x01, 0x55, 0x01, 0x55, 0x01, 0x55, 0x01, 0x55, 
	0x01, 0x55, 0x01, 0x55, 0x01, 0x55, 0x01, 0x55, 
	0x01, 0x55, 0x01, 0x57, 0x01, 0x55, 0x01, 0x55, 
	0x01, 0x55, 0x01, 0x55, 0x01, 0x55, 0x01, 0x55, 
	0x01, 0x55, 0x01, 0x55, 0x01, 0x55, 0x01, 0x55, 
	0x01, 0x57, 0x01, 0x57, 0x01, 0x57, 0x01, 0x57, 
	0x01, 0x57, 0x01, 0x57, 0x01, 0x57, 0x01, 0x57, 
	0x01, 0x57, 0x01, 0x57, 0x01, 0x55, 0x01, 0x57, 
	0x01, 0x57, 0x01, 0x55, 0x01, 0x57, 0x01, 0x57, 
	0x01, 0x57, 0x01, 0x57, 0x01, 0x57, 0x01, 0x57, 
	0x01, 0x57, 0x01, 0x57, 0x01, 0x57, 0x01, 0x57, 
	0x01, 0x57, 0x01, 0x57, 0x01, 0x57, 0x01, 0x57, 
	0x01, 0x57, 0x01, 0x57, 0x01, 0x57, 0x01, 0x57, 
	0x01, 0x57, 0x01, 0x57, 0x01, 0x57, 0x01, 0x57, 
	0x01, 0x57, 0x01, 0x57, 0x01, 0x57, 0x01, 0x57, 
	0x01, 0x57, 0x01, 0x57, 0x01, 0x57, 0x01, 0x57, 
	0x01, 0x57, 0x01, 0x57, 0x01, 0x57, 0x01, 0x57, 
	0x01, 0x57, 0x01, 0x57, 0x01, 0x57, 0x01, 0x57, 
	0x01, 0x57, 0x01, 0x57, 0x01, 0x57, 0x01, 0x57, 
	0x01, 0x57, 0x01, 0x57, 0x01, 0x57, 0x01, 0x57, 
	0x01, 0x57, 0x01, 0x57, 0x01, 0x57, 0x01, 0x57, 
	0x01, 0x57, 0x01, 0x57, 0x01, 0x57, 0x01, 0x57, 
	0x01, 0x57, 0x01, 0x57, 0x01, 0x57, 0x01, 0x57, 
	0x01, 0x57, 0x01, 0x57, 0x01, 0x57, 0x01, 0x57, 
	0x01, 0x57, 0x01, 0x57, 0x01, 0x57, 0x01, 0x57, 
	0x01, 0x57, 0x01, 0x57, 0x01, 0x57, 0x01, 0x57, 
	0x01, 0x57, 0x01, 0x57, 0x01, 0x57, 0x01, 0x57, 
	0x01, 0x57, 0x01, 0x57, 0x01, 0x17, 0x01, 0x17, 
	0x01, 0x17, 0x01, 0x17, 0x01, 0x17, 0x01, 0x17, 
	0x01, 0x15, 0x01, 0x15, 0x01, 0x17, 0x01, 0x17, 
	0x01, 0x17, 0x01, 0x17, 0x01, 0x17, 0x01, 0x17, 
	0x01, 0x15, 0x01, 0x15, 0x01, 0x57, 0x01, 0x57, 
	0x01, 0x57, 0x01, 0x57, 0x01, 0x57, 0x01, 0x15, 
	0x01, 0x57, 0x01, 0x57, 0x01, 0x57, 0x01, 0x57, 
	0x01, 0x57, 0x01, 0x57, 0x01, 0x57, 0x01, 0x57, 
	0x01, 0x57, 0x01, 0x57, 0x01, 0x57, 0x01, 0x57, 
	0x01, 0x57, 0x01, 0x57, 0x01, 0x57, 0x01, 0x57, 
	0x01, 0x57, 0x01, 0x57, 0x01, 0x57, 0x01, 0x57, 
	0x01, 0x57, 0x01, 0x57, 0x01, 0x57, 0x01, 0x57, 
	0x01, 0x57, 0x01, 0x57, 0x01, 0x57, 0x01, 0x57, 
	0x01, 0x57, 0x01, 0x57, 0x01, 0x57, 0x01, 0x57, 
	0x01, 0x57, 0x01, 0x57, 0x01, 0x57, 0x01, 0x57, 
	0x01, 0x57, 0x01, 0x57, 0x01, 0x57, 0x01, 0x57, 
	0x01, 0x57, 0x01, 0x57, 0x01, 0x57, 0x01, 0x57, 
	0x01, 0x57, 0x01, 0x57, 0x01, 0x57, 0x01, 0x57, 
	0x01, 0x57, 0x01, 0x57, 0x01, 0x57, 0x01, 0x57, 
	0x01, 0x57, 0x01, 0x57, 0x01, 0x57, 0x01, 0x57, 
	0x01, 0x57, 0x01, 0x57, 0x01, 0x57, 0x01, 0x57, 
	0x01, 0x57, 0x01, 0x57, 0x01, 0x57, 0x01, 0x57, 
	0x01, 0x57, 0x01, 0x57, 0x01, 0x57, 0x01, 0x57, 
	0x01, 0x57, 0x01, 0x57, 0x01, 0x57, 0x01, 0x57, 
	0x01, 0x57, 0x01, 0x57, 0x01, 0x57, 0x01, 0x57, 
	0x01, 0x57, 0x01, 0x57, 0x01, 0x57, 0x01, 0x57, 
	0x01, 0x57, 0x01, 0x57, 0x01, 0x57, 0x01, 0x57, 
	0x01, 0x57, 0x01, 0x57, 0x01, 0x57, 0x01, 0x57, 
	0x01, 0x57, 0x01, 0x57, 0x01, 0x57, 0x01, 0x57, 
	0x01, 0x57, 0x01, 0x57, 0x01, 0x57, 0x01, 0x57, 
	0x01, 0x57, 0x01, 0x57, 0x01, 0x57, 0x01, 0x57, 
	0x01, 0x57, 0x01, 0x57, 0x01, 0x57, 0x01, 0x57, 
	0x01, 0x57, 0x01, 0x57, 0x01, 0x57, 0x01, 0x57, 
	0x01, 0x57, 0x01, 0x57, 0x01, 0x57, 0x01, 0x57, 
	0x01, 0x57, 0x01, 0x57, 0x01, 0x57, 0x01, 0x57, 
	0x01, 0x57, 0x01, 0x57, 0x01, 0x57, 0x01, 0x57, 
	0x01, 0x57, 0x01, 0x57, 0x01, 0x57, 0x01, 0x57, 
	0x01, 0x55, 0x01, 0x55, 0x01, 0x55, 0x01, 0x55, 
	0x01, 0x55, 0x01, 0x55, 0x01, 0x55, 0x01, 0x55, 
	0x01, 0x55, 0x01, 0x57, 0x01, 0x57, 0x01, 0x57, 
	0x01, 0x57, 0x01, 0x55, 0x01, 0x55, 0x01, 0x55, 
	0x01, 0x55, 0x01, 0x55, 0x01, 0x55, 0x01, 0x55, 
	0x01, 0x57, 0x01, 0x57, 0x01, 0x57, 0x01, 0x57, 
	0x01, 0x57, 0x01, 0x57, 0x01, 0x57, 0x01, 0x57, 
	0x01, 0x57, 0x01, 0x57, 0x01, 0x57, 0x01, 0x57, 
	0x01, 0x57, 0x01, 0x55, 0x01, 0x57, 0x01, 0x57, 
	0x01, 0x57, 0x01, 0x57, 0x01, 0x57, 0x01, 0x57, 
	0x01, 0x57, 0x01, 0x57, 0x01, 0x57, 0x01, 0x57, 
	0x01, 0x57, 0x01, 0x57, 0x01, 0x57, 0x01, 0x57, 
	0x01, 0x57, 0x01, 0x57, 0x01, 0x57, 0x01, 0x57, 
	0x01, 0x57, 0x01, 0x57, 0x01, 0x57, 0x01, 0x57, 
	0x01, 0x57, 0x01, 0x57, 0x01, 0x57, 0x01, 0x57, 
	0x01, 0x57, 0x01, 0x57, 0x01, 0x57, 0x01, 0x57, 
	0x01, 0x57, 0x01, 0x57, 0x01, 0x57, 0x01, 0x57, 
	0x01, 0x57, 0x01, 0x57, 0x01, 0x57, 0x01, 0x57, 
	0x01, 0x57, 0x01, 0x57, 0x01, 0x57, 0x01, 0x57, 
	0x01, 0x57, 0x01, 0x57, 0x01, 0x57, 0x01, 0x57, 
	0x01, 0x57, 0x01, 0x57, 0x01, 0x57, 0x01, 0x57, 
	0x01, 0x57, 0x01, 0x57, 0x01, 0x57, 0x01, 0x57, 
	0x01, 0x57, 0x01, 0x57, 0x01, 0x57, 0x01, 0x57, 
	0x01, 0x57, 0x01, 0x57, 0x01, 0x57, 0x01, 0x57, 
	0x01, 0x57, 0x01, 0x57, 0x01, 0x57, 0x01, 0x57, 
	0x01, 0x57, 0x01, 0x57, 0x01, 0x57, 0x01, 0x57, 
	0x01, 0x57, 0x01, 0x57, 0x01, 0x57, 0x01, 0x57, 
	0x01, 0x57, 0x01, 0x17, 0x01, 0x17, 0x01, 0x17, 
	0x01, 0x17, 0x01, 0x17, 0x01, 0x17, 0x01, 0x17, 
	0x01, 0x17, 0x01, 0x17, 0x01, 0x17, 0x01, 0x17, 
	0x01, 0x17, 0x01, 0x17, 0x01, 0x17, 0x01, 0x17, 
	0x01, 0x15, 0x01, 0x15, 0x01, 0x15, 0x01, 0x57, 
	0x01, 0x57, 0x01, 0x57, 0x01, 0x57, 0x01, 0x57, 
	0x01, 0x57, 0x01, 0x57, 0x01, 0x17, 0x01, 0x57, 
	0x01, 0x57, 0x01, 0x57, 0x01, 0x57, 0x01, 0x57, 
	0x01, 0x57, 0x01, 0x57, 0x01, 0x57, 0x01, 0x57, 
	0x01, 0x57, 0x01, 0x57, 0x01, 0x57, 0x01, 0x57, 
	0x01, 0x57, 0x01, 0x57, 0x01, 0x57, 0x01, 0x57, 
	0x01, 0x55, 0x01, 0x57, 0x01, 0x57, 0x01, 0x57, 
	0x01, 0x57, 0x01, 0x57, 0x01, 0x57, 0x01, 0x57, 
	0x01, 0x57, 0x01, 0x57, 0x01, 0x57, 0x01, 0x57, 
	0x01, 0x57, 0x01, 0x57, 0x01, 0x57, 0x01, 0x57, 
	0x01, 0x57, 0x01, 0x57, 0x01, 0x57, 0x01, 0x57, 
	0x01, 0x57, 0x01, 0x57, 0x01, 0x57, 0x01, 0x57, 
	0x01, 0x57, 0x01, 0x57, 0x01, 0x57, 0x01, 0x57, 
	0x01, 0x57, 0x01, 0x57, 0x01, 0x57, 0x01, 0x57, 
	0x01, 0x57, 0x01, 0x57, 0x01, 0x57, 0x01, 0x57, 
	0x01, 0x57, 0x01, 0x57, 0x01, 0x57, 0x01, 0x57, 
	0x01, 0x57, 0x01, 0x57, 0x01, 0x57, 0x01, 0x57, 
	0x01, 0x57, 0x01, 0x57, 0x01, 0x57, 0x01, 0x57, 
	0x01, 0x57, 0x01, 0x57, 0x01, 0x57, 0x01, 0x57, 
	0x01, 0x57, 0x01, 0x57, 0x01, 0x57, 0x01, 0x57, 
	0x01, 0x57, 0x01, 0x57, 0x01, 0x57, 0x01, 0x57, 
	0x01, 0x57, 0x01, 0x57, 0x01, 0x57, 0x01, 0x57, 
	0x01, 0x57, 0x01, 0x57, 0x01, 0x57, 0x01, 0x57, 
	0x01, 0x57, 0x01, 0x57, 0x01, 0x57, 0x01, 0x57, 
	0x01, 0x57, 0x01, 0x57, 0x01, 0x57, 0x01, 0x57, 
	0x01, 0x57, 0x01, 0x57, 0x01, 0x57, 0x01, 0x57, 
	0x01, 0x57, 0x01, 0x57, 0x01, 0x57, 0x01, 0x57, 
	0x01, 0x57, 0x01, 0x57, 0x01, 0x57, 0x01, 0x57, 
	0x01, 0x57, 0x01, 0x57, 0x01, 0x57, 0x01, 0x57, 
	0x01, 0x57, 0x01, 0x57, 0x01, 0x57, 0x01, 0x57, 
	0x01, 0x57, 0x01, 0x57, 0x01, 0x57, 0x01, 0x57, 
	0x01, 0x57, 0x01, 0x57, 0x01, 0x57, 0x01, 0x57, 
	0x01, 0x55, 0x01, 0x55, 0x01, 0x55, 0x01, 0x55, 
	0x01, 0x57, 0x01, 0x57, 0x01, 0x55, 0x01, 0x57, 
	0x01, 0x57, 0x01, 0x57, 0x01, 0x57, 0x01, 0x57, 
	0x01, 0x57, 0x01, 0x57, 0x01, 0x57, 0x01, 0x57, 
	0x01, 0x55, 0x01, 0x55, 0x01, 0x57, 0x01, 0x55, 
	0x01, 0x57, 0x01, 0x57, 0x01, 0x57, 0x01, 0x57, 
	0x01, 0x57, 0x01, 0x57, 0x01, 0x57, 0x01, 0x57, 
	0x01, 0x57, 0x01, 0x57, 0x01, 0x57, 0x01, 0x57, 
	0x01, 0x57, 0x01, 0x57, 0x01, 0x57, 0x01, 0x57, 
	0x01, 0x57, 0x01, 0x57, 0x01, 0x57, 0x01, 0x57, 
	0x01, 0x57, 0x01, 0x57, 0x01, 0x57, 0x01, 0x57, 
	0x01, 0x57, 0x01, 0x57, 0x01, 0x57, 0x01, 0x57, 
	0x01, 0x57, 0x01, 0x57, 0x01, 0x57, 0x01, 0x57, 
	0x01, 0x57, 0x01, 0x57, 0x01, 0x57, 0x01, 0x57, 
	0x01, 0x57, 0x01, 0x57, 0x01, 0x57, 0x01, 0x57, 
	0x01, 0x57, 0x01, 0x57, 0x01, 0x57, 0x01, 0x57, 
	0x01, 0x57, 0x01, 0x57, 0x01, 0x57, 0x01, 0x57, 
	0x01, 0x57, 0x01, 0x57, 0x01, 0x57, 0x01, 0x57, 
	0x01, 0x57, 0x01, 0x57, 0x01, 0x57, 0x01, 0x57, 
	0x01, 0x57, 0x01, 0x57, 0x01, 0x57, 0x01, 0x57, 
	0x01, 0x57, 0x01, 0x57, 0x01, 0x57, 0x01, 0x57, 
	0x01, 0x57, 0x01, 0x57, 0x01, 0x57, 0x01, 0x57, 
	0x01, 0x57, 0x01, 0x57, 0x01, 0x57, 0x01, 0x57, 
	0x01, 0x57, 0x01, 0x57, 0x01, 0x57, 0x01, 0x57, 
	0x01, 0x57, 0x01, 0x57, 0x01, 0x57, 0x01, 0x57, 
	0x01, 0x57, 0x01, 0x57, 0x01, 0x57, 0x01, 0x57, 
	0x01, 0x57, 0x01, 0x57, 0x01, 0x57, 0x01, 0x57, 
	0x01, 0x57, 0x01, 0x57, 0x01, 0x57, 0x01, 0x57, 
	0x01, 0x57, 0x01, 0x57, 0x01, 0x17, 0x01, 0x17, 
	0x01, 0x17, 0x01, 0x17, 0x01, 0x17, 0x01, 0x57, 
	0x01, 0x17, 0x01, 0x17, 0x01, 0x17, 0x01, 0x17, 
	0x01, 0x17, 0x01, 0x17, 0x01, 0x57, 0x01, 0x57, 
	0x01, 0x57, 0x01, 0x57, 0x01, 0x57, 0x01, 0x57, 
	0x01, 0x57, 0x01, 0x57, 0x01, 0x57, 0x01, 0x57, 
	0x01, 0x57, 0x01, 0x57, 0x01, 0x57, 0x01, 0x57, 
	0x01, 0x57, 0x01, 0x57, 0x01, 0x57, 0x01, 0x57, 
	0x01, 0x57, 0x01, 0x57, 0x01, 0x57, 0x01, 0x57, 
	0x01, 0x57, 0x01, 0x57, 0x01, 0x57, 0x01, 0x57, 
	0x01, 0x57, 0x01, 0x57, 0x01, 0x57, 0x01, 0x57, 
	0x01, 0x57, 0x01, 0x57, 0x01, 0x57, 0x01, 0x57, 
	0x01, 0x57, 0x01, 0x57, 0x01, 0x57, 0x01, 0x57, 
	0x01, 0x57, 0x01, 0x57, 0x01, 0x57, 0x01, 0x57, 
	0x01, 0x57, 0x01, 0x57, 0x01, 0x57, 0x01, 0x57, 
	0x01, 0x57, 0x01, 0x99, 0x01, 0x57, 0x01, 0x57, 
	0x01, 0x57, 0x01, 0x57, 0x01, 0x57, 0x01, 0x57, 
	0x01, 0x57, 0x01, 0x57, 0x01, 0x57, 0x01, 0x57, 
	0x01, 0x99, 0x01, 0x99, 0x01, 0x57, 0x01, 0x57, 
	0x01, 0x57, 0x01, 0x57, 0x01, 0x57, 0x01, 0x57, 
	0x01, 0x57, 0x01, 0x57, 0x01, 0x57, 0x01, 0x57, 
	0x01, 0x57, 0x01, 0x57, 0x01, 0x57, 0x01, 0x57, 
	0x01, 0x57, 0x01, 0x57, 0x01, 0x57, 0x01, 0x57, 
	0x01, 0x57, 0x01, 0x57, 0x01, 0x57, 0x01, 0x99, 
	0x01, 0x97, 0x01, 0x97, 0x01, 0x57, 0x01, 0x57, 
	0x01, 0x57, 0x01, 0x57, 0x01, 0x57, 0x01, 0x57, 
	0x01, 0x57, 0x01, 0x57, 0x01, 0x57, 0x01, 0x57, 
	0x01, 0x57, 0x01, 0x57, 0x01, 0x57, 0x01, 0x57, 
	0x01, 0x57, 0x01, 0x57, 0x01, 0x57, 0x01, 0x57, 
	0x01, 0x57, 0x01, 0x57, 0x01, 0x57, 0x01, 0x57, 
	0x01, 0x57, 0x01, 0x57, 0x01, 0x57, 0x01, 0x57, 
	0x01, 0x57, 0x01, 0x57, 0x01, 0x57, 0x01, 0x57, 
	0x01, 0x57, 0x01, 0x57, 0x01, 0x57, 0x01, 0x57, 
	0x01, 0x57, 0x01, 0x57, 0x01, 0x57, 0x01, 0x57, 
	0x01, 0x57, 0x01, 0x57, 0x01, 0x57, 0x01, 0x57, 
	0x01, 0x57, 0x01, 0x57, 0x01, 0x57, 0x01, 0x57, 
	0x01, 0x57, 0x01, 0x55, 0x01, 0x55, 0x01, 0x55, 
	0x01, 0x57, 0x01, 0x57, 0x01, 0x57, 0x01, 0x57, 
	0x01, 0x57, 0x01, 0x57, 0x01, 0x57, 0x01, 0x57, 
	0x01, 0x57, 0x01, 0x57, 0x01, 0x57, 0x01, 0x57, 
	0x01, 0x57, 0x01, 0x57, 0x01, 0x57, 0x01, 0x57, 
	0x01, 0x57, 0x01, 0x57, 0x01, 0x57, 0x01, 0x57, 
	0x01, 0x57, 0x01, 0x57, 0x01, 0x57, 0x01, 0x57, 
	0x01, 0x57, 0x01, 0x57, 0x01, 0x57, 0x01, 0x57, 
	0x01, 0x57, 0x01, 0x57, 0x01, 0x57, 0x01, 0x57, 
	0x01, 0x57, 0x01, 0x57, 0x01, 0x57, 0x01, 0x57, 
	0x01, 0x57, 0x01, 0x57, 0x01, 0x57, 0x01, 0x57, 
	0x01, 0x57, 0x01, 0x57, 0x01, 0x57, 0x01, 0x57, 
	0x01, 0x57, 0x01, 0x57, 0x01, 0x57, 0x01, 0x57, 
	0x01, 0x57, 0x01, 0x57, 0x01, 0x57, 0x01, 0x57, 
	0x01, 0x57, 0x01, 0x57, 0x01, 0x57, 0x01, 0x57, 
	0x01, 0x57, 0x01, 0x57, 0x01, 0x57, 0x01, 0x57, 
	0x01, 0x57, 0x01, 0x57, 0x01, 0x57, 0x01, 0x57, 
	0x01, 0x57, 0x01, 0x57, 0x01, 0x57, 0x01, 0x57, 
	0x01, 0x57, 0x01, 0x57, 0x01, 0x57, 0x01, 0x57, 
	0x01, 0x57, 0x01, 0x57, 0x01, 0x57, 0x01, 0x57, 
	0x01, 0x57, 0x01, 0x57, 0x01, 0x57, 0x01, 0x57, 
	0x01, 0x57, 0x01, 0x57, 0x01, 0x57, 0x01, 0x57, 
	0x01, 0x57, 0x01, 0x57, 0x01, 0x57, 0x01, 0x57, 
	0x01, 0x57, 0x01, 0x57, 0x01, 0x57, 0x01, 0x57, 
	0x01, 0x57, 0x01, 0x57, 0x01, 0x57, 0x01, 0x57, 
	0x01, 0x57, 0x01, 0x57, 0x01, 0x57, 0x01, 0x57, 
	0x01, 0x57, 0x01, 0x57, 0x01, 0x57, 0x01, 0x57, 
	0x01, 0x57, 0x01, 0x57, 0x01, 0x57, 0x01, 0x57, 
	0x01, 0x57, 0x01, 0x57, 0x01, 0x57, 0x01, 0x57, 
	0x01, 0x57, 0x01, 0x57, 0x01, 0x57, 0x01, 0x57, 
	0x01, 0x57, 0x01, 0x57, 0x01, 0x17, 0x01, 0x17, 
	0x01, 0x17, 0x01, 0x57, 0x01, 0x57, 0x01, 0x57, 
	0x01, 0x57, 0x01, 0x57, 0x01, 0x57, 0x01, 0x57, 
	0x01, 0x57, 0x01, 0x57, 0x01, 0x57, 0x01, 0x57, 
	0x01, 0x57, 0x01, 0x57, 0x01, 0x57, 0x01, 0x57, 
	0x01, 0x57, 0x01, 0x57, 0x01, 0x57, 0x01, 0x57, 
	0x01, 0x57, 0x01, 0x57, 0x01, 0x57, 0x01, 0x57, 
	0x01, 0x57, 0x01, 0x57, 0x01, 0x57, 0x01, 0x57, 
	0x01, 0x57, 0x01, 0x57, 0x01, 0x57, 0x01, 0x57, 
	0x01, 0x57, 0x01, 0x57, 0x01, 0x57, 0x01, 0x57, 
	0x01, 0x57, 0x01, 0x57, 0x01, 0x57, 0x01, 0x57, 
	0x01, 0x57, 0x01, 0x59, 0x01, 0x59, 0x01, 0x59, 
	0x01, 0x57, 0x01, 0x57, 0x01, 0x57, 0x01, 0x57, 
	0x01, 0x57, 0x01, 0x99, 0x01, 0x57, 0x01, 0x57, 
	0x01, 0x57, 0x01, 0x57, 0x01, 0x57, 0x01, 0x57, 
	0x01, 0x57, 0x01, 0x57, 0x01, 0x57, 0x01, 0x57, 
	0x01, 0x99, 0x01, 0x99, 0x01, 0x99, 0x01, 0x57, 
	0x01, 0x57, 0x01, 0x57, 0x01, 0x57, 0x01, 0x57, 
	0x01, 0x57, 0x01, 0x57, 0x01, 0x57, 0x01, 0x57, 
	0x01, 0x57, 0x01, 0x57, 0x01, 0x57, 0x01, 0x57, 
	0x01, 0x57, 0x01, 0x57, 0x01, 0x57, 0x01, 0x57, 
	0x01, 0x57, 0x01, 0x57, 0x01, 0x57, 0x01, 0x99, 
	0x01, 0x97, 0x01, 0x97, 0x01, 0x57, 0x01, 0x57, 
	0x01, 0x57, 0x01, 0x57, 0x01, 0x57, 0x01, 0x57, 
	0x01, 0x57, 0x01, 0x57, 0x01, 0x57, 0x01, 0x57, 
	0x01, 0x57, 0x01, 0x57, 0x01, 0x57, 0x01, 0x57, 
	0x01, 0x57, 0x01, 0x57, 0x01, 0x57, 0x01, 0x57, 
	0x01, 0x57, 0x01, 0x57, 0x01, 0x57, 0x01, 0x57, 
	0x01, 0x57, 0x01, 0x57, 0x01, 0x57, 0x01, 0x57, 
	0x01, 0x57, 0x01, 0x57, 0x01, 0x57, 0x01, 0x57, 
	0x01, 0x57, 0x01, 0x57, 0x01, 0x57, 0x01, 0x57, 
	0x01, 0x57, 0x01, 0x57, 0x01, 0x57, 0x01, 0x57, 
	0x01, 0x57, 0x01, 0x57, 0x01, 0x57, 0x01, 0x57, 
	0x01, 0x57, 0x01, 0x57, 0x01, 0x57, 0x01, 0x57, 
	0x01, 0x57, 0x01, 0x57, 0x01, 0x57, 0x01, 0x57, 
	0x01, 0x57, 0x01, 0x57, 0x01, 0x57, 0x01, 0x57, 
	0x01, 0x57, 0x01, 0x57, 0x01, 0x57, 0x01, 0x57, 
	0x01, 0x57, 0x01, 0x57, 0x01, 0x57, 0x01, 0x57, 
	0x01, 0x57, 0x01, 0x57, 0x01, 0x57, 0x01, 0x57, 
	0x01, 0x57, 0x01, 0x57, 0x01, 0x57, 0x01, 0x57, 
	0x01, 0x57, 0x01, 0x57, 0x01, 0x57, 0x01, 0x57, 
	0x01, 0x57, 0x01, 0x57, 0x01, 0x57, 0x01, 0x57, 
	0x01, 0x57, 0x01, 0x57, 0x01, 0x57, 0x01, 0x57, 
	0x01, 0x57, 0x01, 0x57, 0x01, 0x57, 0x01, 0x57, 
	0x01, 0x57, 0x01, 0x57, 0x01, 0x57, 0x01, 0x57, 
	0x01, 0x57, 0x01, 0x57, 0x01, 0x57, 0x01, 0x57, 
	0x01, 0x57, 0x01, 0x57, 0x01, 0x57, 0x01, 0x57, 
	0x01, 0x57, 0x01, 0x57, 0x01, 0x57, 0x01, 0x57, 
	0x01, 0x57, 0x01, 0x57, 0x01, 0x57, 0x01, 0x57, 
	0x01, 0x57, 0x01, 0x57, 0x01, 0x57, 0x01, 0x57, 
	0x01, 0x57, 0x01, 0x57, 0x01, 0x57, 0x01, 0x57, 
	0x01, 0x57, 0x01, 0x57, 0x01, 0x57, 0x01, 0x57, 
	0x01, 0x57, 0x01, 0x57, 0x01, 0x57, 0x01, 0x57, 
	0x01, 0x57, 0x01, 0x57, 0x01, 0x57, 0x01, 0x57, 
	0x01, 0x57, 0x01, 0x57, 0x01, 0x57, 0x01, 0x57, 
	0x01, 0x57, 0x01, 0x57, 0x01, 0x57, 0x01, 0x57, 
	0x01, 0x57, 0x01, 0x57, 0x01, 0x57, 0x01, 0x57, 
	0x01, 0x57, 0x01, 0x57, 0x01, 0x57, 0x01, 0x57, 
	0x01, 0x57, 0x01, 0x57, 0x01, 0x57, 0x01, 0x57, 
	0x01, 0x57, 0x01, 0x57, 0x01, 0x57, 0x01, 0x57, 
	0x01, 0x57, 0x01, 0x57, 0x01, 0x57, 0x01, 0x57, 
	0x01, 0x57, 0x01, 0x57, 0x01, 0x57, 0x01, 0x57, 
	0x01, 0x57, 0x01, 0x57, 0x01, 0x57, 0x01, 0x57, 
	0x01, 0x57, 0x01, 0x57, 0x01, 0x57, 0x01, 0x57, 
	0x01, 0x57, 0x01, 0x17, 0x01, 0x57, 0x01, 0x57, 
	0x01, 0x57, 0x01, 0x57, 0x01, 0x57, 0x01, 0x57, 
	0x01, 0x57, 0x01, 0x57, 0x01, 0x57, 0x01, 0x57, 
	0x01, 0x57, 0x01, 0x57, 0x01, 0x57, 0x01, 0x57, 
	0x01, 0x57, 0x01, 0x57, 0x01, 0x57, 0x01, 0x57, 
	0x01, 0x57, 0x01, 0x57, 0x01, 0x57, 0x01, 0x57, 
	0x01, 0x57, 0x01, 0x57, 0x01, 0x57, 0x01, 0x57, 
	0x01, 0x57, 0x01, 0x57, 0x01, 0x57, 0x01, 0x57, 
	0x01, 0x57, 0x01, 0x57, 0x01, 0x57, 0x01, 0x57, 
	0x01, 0x57, 0x01, 0x57, 0x01, 0x97, 0x01, 0x97, 
	0x01, 0x97, 0x01, 0x57, 0x01, 0x57, 0x01, 0x57, 
	0x01, 0x57, 0x01, 0x59, 0x01, 0x59, 0x01, 0x59, 
	0x01, 0x57, 0x01, 0x99, 0x01, 0x99, 0x01, 0x99, 
	0x01, 0x99, 0x01, 0x99, 0x01, 0x99, 0x01, 0x99, 
	0x01, 0x99, 0x01, 0x99, 0x01, 0x99, 0x01, 0x57, 
	0x01, 0x57, 0x01, 0x99, 0x01, 0x99, 0x01, 0x57, 
	0x01, 0x99, 0x01, 0x99, 0x01, 0x99, 0x01, 0x99, 
	0x01, 0x99, 0x01, 0x99, 0x01, 0x99, 0x01, 0x99, 
	0x01, 0x57, 0x01, 0x57, 0x01, 0x57, 0x01, 0x57, 
	0x01, 0x57, 0x01, 0x97, 0x01, 0x97, 0x01, 0x57, 
	0x01, 0x57, 0x01, 0x97, 0x01, 0x97, 0x01, 0x97, 
	0x01, 0x57, 0x01, 0x57, 0x01, 0x99, 0x01, 0x99, 
	0x01, 0x57, 0x01, 0x97, 0x01, 0x97, 0x01, 0x57, 
	0x01, 0x97, 0x01, 0x57, 0x01, 0x57, 0x01, 0x57, 
	0x01, 0x57, 0x01, 0x57, 0x01, 0x57, 0x01, 0x57, 
	0x01, 0x57, 0x01, 0x57, 0x01, 0x57, 0x01, 0x97, 
	0x01, 0x57, 0x01, 0x57, 0x01, 0x57, 0x01, 0x57, 
	0x01, 0x99, 0x01, 0x57, 0x01, 0x57, 0x01, 0x57, 
	0x01, 0x57, 0x01, 0x57, 0x01, 0x57, 0x01, 0x57, 
	0x01, 0x57, 0x01, 0x59, 0x01, 0x57, 0x01, 0x57, 
	0x01, 0x57, 0x01, 0x57, 0x01, 0x57, 0x01, 0x57, 
	0x01, 0x57, 0x01, 0x57, 0x01, 0x57, 0x01, 0x57, 
	0x01, 0x57, 0x01, 0x57, 0x01, 0x57, 0x01, 0x57, 
	0x01, 0x57, 0x01, 0x57, 0x01, 0x57, 0x01, 0x57, 
	0x01, 0x57, 0x01, 0x57, 0x01, 0x57, 0x01, 0x57, 
	0x01, 0x57, 0x01, 0x57, 0x01, 0x57, 0x01, 0x57, 
	0x01, 0x57, 0x01, 0x57, 0x01, 0x57, 0x01, 0x57, 
	0x01, 0x57, 0x01, 0x57, 0x01, 0x57, 0x01, 0x57, 
	0x01, 0x57, 0x01, 0x57, 0x01, 0x57, 0x01, 0x57, 
	0x01, 0x57, 0x01, 0x57, 0x01, 0x57, 0x01, 0x57, 
	0x01, 0x57, 0x01, 0x57, 0x01, 0x57, 0x01, 0x57, 
	0x01, 0x57, 0x01, 0x57, 0x01, 0x57, 0x01, 0x57, 
	0x01, 0x57, 0x01, 0x57, 0x01, 0x57, 0x01, 0x57, 
	0x01, 0x57, 0x01, 0x57, 0x01, 0x57, 0x01, 0x57, 
	0x01, 0x57, 0x01, 0x57, 0x01, 0x57, 0x01, 0x57, 
	0x01, 0x57, 0x01, 0x57, 0x01, 0x57, 0x01, 0x57, 
	0x01, 0x57, 0x01, 0x57, 0x01, 0x57, 0x01, 0x57, 
	0x01, 0x57, 0x01, 0x57, 0x01, 0x57, 0x01, 0x59, 
	0x01, 0x59, 0x01, 0x59, 0x01, 0x57, 0x01, 0x57, 
	0x01, 0x57, 0x01, 0x57, 0x01, 0x57, 0x01, 0x57, 
	0x01, 0x57, 0x01, 0x57, 0x01, 0x57, 0x01, 0x57, 
	0x01, 0x57, 0x01, 0x57, 0x01, 0x57, 0x01, 0x57, 
	0x01, 0x57, 0x01, 0x57, 0x01, 0x57, 0x01, 0x57, 
	0x01, 0x57, 0x01, 0x57, 0x01, 0x57, 0x01, 0x57, 
	0x01, 0x57, 0x01, 0x57, 0x01, 0x57, 0x01, 0x57, 
	0x01, 0x57, 0x01, 0x57, 0x01, 0x57, 0x01, 0x57, 
	0x01, 0x15, 0x01, 0x15, 0x01, 0x15, 0x01, 0x15, 
	0x01, 0x57, 0x01, 0x57, 0x01, 0x57, 0x01, 0x57, 
	0x01, 0x57, 0x01, 0x57, 0x01, 0x57, 0x01, 0x57, 
	0x01, 0x57, 0x01, 0x57, 0x01, 0x57, 0x01, 0x57, 
	0x01, 0x57, 0x01, 0x57, 0x01, 0x57, 0x01, 0x57, 
	0x01, 0x57, 0x01, 0x57, 0x01, 0x57, 0x01, 0x57, 
	0x01, 0x57, 0x01, 0x57, 0x01, 0x57, 0x01, 0x57, 
	0x01, 0x57, 0x01, 0x57, 0x01, 0x57, 0x01, 0x57, 
	0x01, 0x57, 0x01, 0x57, 0x01, 0x57, 0x01, 0x57, 
	0x01, 0x57, 0x01, 0x57, 0x01, 0x57, 0x01, 0x57, 
	0x01, 0x57, 0x01, 0x57, 0x01, 0x57, 0x01, 0x57, 
	0x01, 0x57, 0x01, 0x57, 0x01, 0x57, 0x01, 0x57, 
	0x01, 0x57, 0x01, 0x57, 0x01, 0x57, 0x01, 0x57, 
	0x01, 0x57, 0x01, 0x57, 0x01, 0x57, 0x01, 0x57, 
	0x01, 0x57, 0x01, 0x57, 0x01, 0x57, 0x01, 0x57, 
	0x01, 0x57, 0x01, 0x57, 0x01, 0x57, 0x01, 0x57, 
	0x01, 0x57, 0x01, 0x57, 0x01, 0x57, 0x01, 0x57, 
	0x01, 0x57, 0x01, 0x57, 0x01, 0x97, 0x01, 0x57, 
	0x01, 0x57, 0x01, 0x57, 0x01, 0x57, 0x01, 0x57, 
	0x01, 0x59, 0x01, 0x59, 0x01, 0x59, 0x01, 0x59, 
	0x01, 0x57, 0x01, 0x99, 0x01, 0x99, 0x01, 0x99, 
	0x01, 0x99, 0x01, 0x99, 0x01, 0x99, 0x01, 0x99, 
	0x01, 0x99, 0x01, 0x99, 0x01, 0x57, 0x01, 0x57, 
	0x01, 0x57, 0x01, 0x99, 0x01, 0x99, 0x01, 0x99, 
	0x01, 0x99, 0x01, 0x99, 0x01, 0x99, 0x01, 0x99, 
	0x01, 0x99, 0x01, 0x99, 0x01, 0x99, 0x01, 0x99, 
	0x01, 0x57, 0x01, 0x57, 0x01, 0x57, 0x01, 0x57, 
	0x01, 0x57, 0x01, 0x97, 0x01, 0x97, 0x01, 0x57, 
	0x01, 0x57, 0x01, 0x97, 0x01, 0x97, 0x01, 0x97, 
	0x01, 0x99, 0x01, 0x57, 0x01, 0x99, 0x01, 0x99, 
	0x01, 0x97, 0x01, 0x97, 0x01, 0x97, 0x01, 0x97, 
	0x01, 0x97, 0x01, 0x97, 0x01, 0x57, 0x01, 0x57, 
	0x01, 0x57, 0x01, 0x57, 0x01, 0x57, 0x01, 0x57, 
	0x01, 0x57, 0x01, 0x57, 0x01, 0x57, 0x01, 0x97, 
	0x01, 0x57, 0x01, 0x57, 0x01, 0x57, 0x01, 0x59, 
	0x01, 0x99, 0x01, 0x99, 0x01, 0x57, 0x01, 0x57, 
	0x01, 0x59, 0x01, 0x57, 0x01, 0x57, 0x01, 0x57, 
	0x01, 0x57, 0x01, 0x59, 0x01, 0x59, 0x01, 0x57, 
	0x01, 0x57, 0x01, 0x57, 0x01, 0x57, 0x01, 0x57, 
	0x01, 0x57, 0x01, 0x57, 0x01, 0x57, 0x01, 0x57, 
	0x01, 0x57, 0x01, 0x57, 0x01, 0x57, 0x01, 0x57, 
	0x01, 0x57, 0x01, 0x57, 0x01, 0x57, 0x01, 0x57, 
	0x01, 0x57, 0x01, 0x57, 0x01, 0x57, 0x01, 0x57, 
	0x01, 0x57, 0x01, 0x57, 0x01, 0x57, 0x01, 0x57, 
	0x01, 0x57, 0x01, 0x57, 0x01, 0x57, 0x01, 0x57, 
	0x01, 0x57, 0x01, 0x57, 0x01, 0x57, 0x01, 0x57, 
	0x01, 0x57, 0x01, 0x57, 0x01, 0x57, 0x01, 0x57, 
	0x01, 0x57, 0x01, 0x57, 0x01, 0x57, 0x01, 0x57, 
	0x01, 0x57, 0x01, 0x57, 0x01, 0x57, 0x01, 0x57, 
	0x01, 0x57, 0x01, 0x57, 0x01, 0x57, 0x01, 0x57, 
	0x01, 0x57, 0x01, 0x57, 0x01, 0x57, 0x01, 0x57, 
	0x01, 0x57, 0x01, 0x57, 0x01, 0x57, 0x01, 0x57, 
	0x01, 0x57, 0x01, 0x57, 0x01, 0x57, 0x01, 0x57, 
	0x01, 0x57, 0x01, 0x59, 0x01, 0x59, 0x01, 0x59, 
	0x01, 0x59, 0x01, 0x59, 0x01, 0x59, 0x01, 0x59, 
	0x01, 0x59, 0x01, 0x59, 0x01, 0x59, 0x01, 0x59, 
	0x01, 0x59, 0x01, 0x59, 0x01, 0x59, 0x01, 0x59, 
	0x01, 0x59, 0x01, 0x59, 0x01, 0x59, 0x01, 0x57, 
	0x01, 0x57, 0x01, 0x57, 0x01, 0x57, 0x01, 0x57, 
	0x01, 0x57, 0x01, 0x59, 0x01, 0x59, 0x01, 0x59, 
	0x01, 0x59, 0x01, 0x59, 0x01, 0x59, 0x01, 0x59, 
	0x01, 0x59, 0x01, 0x59, 0x01, 0x59, 0x01, 0x59, 
	0x01, 0x57, 0x01, 0x57, 0x01, 0x57, 0x01, 0x57, 
	0x01, 0x17, 0x01, 0x17, 0x01, 0x17, 0x01, 0x17, 
	0x01, 0x5b, 0x01, 0x5b, 0x01, 0x5b, 0x01, 0x5b, 
	0x01, 0x57, 0x01, 0x57, 0x01, 0x57, 0x01, 0x57, 
	0x01, 0x57, 0x01, 0x57, 0x01, 0x57, 0x01, 0x57, 
	0x01, 0x59, 0x01, 0x59, 0x01, 0x59, 0x01, 0x59, 
	0x01, 0x57, 0x01, 0x57, 0x01, 0x57, 0x01, 0x57, 
	0x01, 0x57, 0x01, 0x57, 0x01, 0x57, 0x01, 0x57, 
	0x01, 0x57, 0x01, 0x57, 0x01, 0x57, 0x01, 0x57, 
	0x01, 0x57, 0x01, 0x57, 0x01, 0x57, 0x01, 0x57, 
	0x01, 0x57, 0x01, 0x57, 0x01, 0x57, 0x01, 0x57, 
	0x01, 0x57, 0x01, 0x57, 0x01, 0x57, 0x01, 0x57, 
	0x01, 0x57, 0x01, 0x57, 0x01, 0x57, 0x01, 0x57, 
	0x01, 0x57, 0x01, 0x57, 0x01, 0x57, 0x01, 0x57, 
	0x01, 0x57, 0x01, 0x57, 0x01, 0x57, 0x01, 0x57, 
	0x01, 0x57, 0x01, 0x57, 0x01, 0x57, 0x01, 0x57, 
	0x01, 0x57, 0x01, 0x57, 0x01, 0x57, 0x01, 0x57, 
	0x01, 0x57, 0x01, 0x57, 0x01, 0x57, 0x01, 0x57, 
	0x01, 0x57, 0x01, 0x57, 0x01, 0x57, 0x01, 0x57, 
	0x01, 0x59, 0x01, 0x59, 0x01, 0x99, 0x01, 0x59, 
	0x01, 0x59, 0x01, 0x99, 0x01, 0x99, 0x01, 0x99, 
	0x01, 0x99, 0x01, 0x99, 0x01, 0x99, 0x01, 0x99, 
	0x01, 0x99, 0x01, 0x99, 0x01, 0x99, 0x01, 0x99, 
	0x01, 0x99, 0x01, 0x99, 0x01, 0x99, 0x01, 0x99, 
	0x01, 0x59, 0x01, 0x99, 0x01, 0x99, 0x01, 0x99, 
	0x01, 0x99, 0x01, 0x99, 0x01, 0x99, 0x01, 0x99, 
	0x01, 0x99, 0x01, 0x99, 0x01, 0x99, 0x01, 0x99, 
	0x01, 0x99, 0x01, 0x99, 0x01, 0x99, 0x01, 0x99, 
	0x01, 0x99, 0x01, 0x99, 0x01, 0x99, 0x01, 0x97, 
	0x01, 0x97, 0x01, 0x99, 0x01, 0x99, 0x01, 0x99, 
	0x01, 0x99, 0x01, 0x99, 0x01, 0x99, 0x01, 0x99, 
	0x01, 0x99, 0x01, 0x99, 0x01, 0x59, 0x01, 0x59, 
	0x01, 0x99, 0x01, 0x99, 0x01, 0x57, 0x01, 0x57, 
	0x01, 0x99, 0x01, 0x99, 0x01, 0x59, 0x01, 0x59, 
	0x01, 0x59, 0x01, 0x99, 0x01, 0x99, 0x01, 0x99, 
	0x01, 0x59, 0x01, 0x59, 0x01, 0x59, 0x01, 0x59, 
	0x01, 0x59, 0x01, 0x99, 0x01, 0x59, 0x01, 0x99, 
	0x01, 0x99, 0x01, 0x99, 0x01, 0x59, 0x01, 0x99, 
	0x01, 0x99, 0x01, 0x99, 0x01, 0x99, 0x01, 0x59, 
	0x01, 0x99, 0x01, 0x99, 0x01, 0x99, 0x01, 0x59, 
	0x01, 0x99, 0x01, 0x57, 0x01, 0x57, 0x01, 0x57, 
	0x01, 0x57, 0x01, 0x57, 0x01, 0x57, 0x01, 0x57, 
	0x01, 0x57, 0x01, 0x57, 0x01, 0x57, 0x01, 0x57, 
	0x01, 0x57, 0x01, 0x57, 0x01, 0x57, 0x01, 0x57, 
	0x01, 0x57, 0x01, 0x57, 0x01, 0x57, 0x01, 0x57, 
	0x01, 0x57, 0x01, 0x57, 0x01, 0x99, 0x01, 0x99, 
	0x01, 0x97, 0x01, 0x57, 0x01, 0x57, 0x01, 0x57, 
	0x01, 0x57, 0x01, 0x57, 0x01, 0x57, 0x01, 0x57, 
	0x01, 0x57, 0x01, 0x57, 0x01, 0x57, 0x01, 0x57, 
	0x01, 0x57, 0x01, 0x57, 0x01, 0x57, 0x01, 0x57, 
	0x01, 0x57, 0x01, 0x57, 0x01, 0x57, 0x01, 0x57, 
	0x01, 0x57, 0x01, 0x57, 0x01, 0x57, 0x01, 0x57, 
	0x01, 0x57, 0x01, 0x57, 0x01, 0x57, 0x01, 0x57, 
	0x01, 0x57, 0x01, 0x57, 0x01, 0x57, 0x01, 0x57, 
	0x01, 0x57, 0x01, 0x57, 0x01, 0x57, 0x01, 0x57, 
	0x01, 0x57, 0x01, 0x59, 0x01, 0x59, 0x01, 0x59, 
	0x01, 0x59, 0x01, 0x59, 0x01, 0x59, 0x01, 0x59, 
	0x01, 0x59, 0x01, 0x59, 0x01, 0x59, 0x01, 0x59, 
	0x01, 0x59, 0x01, 0x59, 0x01, 0x59, 0x01, 0x59, 
	0x01, 0x59, 0x01, 0x59, 0x01, 0x59, 0x01, 0x57, 
	0x01, 0x59, 0x01, 0x59, 0x01, 0x59, 0x01, 0x59, 
	0x01, 0x59, 0x01, 0x59, 0x01, 0x59, 0x01, 0x59, 
	0x01, 0x59, 0x01, 0x59, 0x01, 0x59, 0x01, 0x59, 
	0x01, 0x59, 0x01, 0x59, 0x01, 0x59, 0x01, 0x59, 
	0x01, 0x57, 0x01, 0x57, 0x01, 0x57, 0x01, 0x57, 
	0x01, 0x17, 0x01, 0x17, 0x01, 0x17, 0x43, 0x65, 
	0x8d, 0xb3, 0x8d, 0xb3, 0x8d, 0xb3, 0x43, 0x67, 
	0x01, 0x57, 0x01, 0x57, 0x01, 0x57, 0x01, 0x57, 
	0x01, 0x57, 0x01, 0x57, 0x01, 0x57, 0x01, 0x57, 
	0x01, 0x59, 0x01, 0x59, 0x01, 0x59, 0x01, 0x59, 
	0x01, 0x57, 0x01, 0x57, 0x01, 0x57, 0x01, 0x57, 
	0x01, 0x59, 0x01, 0x57, 0x01, 0x57, 0x01, 0x59, 
	0x01, 0x59, 0x01, 0x57, 0x01, 0x57, 0x01, 0x57, 
	0x01, 0x59, 0x01, 0x57, 0x01, 0x59, 0x01, 0x57, 
	0x01, 0x57, 0x01, 0x57, 0x01, 0x57, 0x01, 0x57, 
	0x01, 0x57, 0x01, 0x57, 0x01, 0x57, 0x01, 0x57, 
	0x01, 0x57, 0x01, 0x57, 0x01, 0x57, 0x01, 0x57, 
	0x01, 0x57, 0x01, 0x57, 0x01, 0x57, 0x01, 0x57, 
	0x01, 0x57, 0x01, 0x57, 0x01, 0x57, 0x01, 0x57, 
	0x01, 0x57, 0x01, 0x57, 0x01, 0x57, 0x01, 0x57, 
	0x01, 0x57, 0x01, 0x57, 0x01, 0x57, 0x01, 0x57, 
	0x01, 0x57, 0x01, 0x57, 0x01, 0x57, 0x01, 0x57, 
	0x01, 0x57, 0x01, 0x57, 0x01, 0x59, 0x01, 0x59, 
	0x01, 0x59, 0x01, 0x59, 0x01, 0x99, 0x01, 0x99, 
	0x01, 0x99, 0x01, 0x99, 0x01, 0x99, 0x01, 0x99, 
	0x01, 0x99, 0x01, 0x99, 0x01, 0x99, 0x01, 0x99, 
	0x01, 0x99, 0x01, 0x99, 0x01, 0x99, 0x01, 0x99, 
	0x01, 0x99, 0x01, 0x99, 0x01, 0x99, 0x01, 0x99, 
	0x01, 0x99, 0x01, 0x99, 0x01, 0x99, 0x01, 0x99, 
	0x01, 0x99, 0x01, 0x99, 0x01, 0x99, 0x01, 0x99, 
	0x01, 0x99, 0x01, 0x99, 0x01, 0x99, 0x01, 0x99, 
	0x01, 0x99, 0x01, 0x99, 0x01, 0x99, 0x01, 0x99, 
	0x01, 0x99, 0x01, 0x99, 0x01, 0x99, 0x01, 0x99, 
	0x01, 0x99, 0x01, 0x99, 0x01, 0x99, 0x01, 0x99, 
	0x01, 0x99, 0x01, 0x99, 0x01, 0x99, 0x01, 0x99, 
	0x01, 0x99, 0x01, 0x99, 0x01, 0x99, 0x01, 0x99, 
	0x01, 0x99, 0x01, 0x99, 0x01, 0x99, 0x01, 0x99, 
	0x01, 0x59, 0x01, 0x99, 0x01, 0x59, 0x01, 0x59, 
	0x01, 0x59, 0x01, 0x99, 0x01, 0x99, 0x01, 0x99, 
	0x01, 0x99, 0x01, 0x59, 0x01, 0x59, 0x01, 0x59, 
	0x01, 0x59, 0x01, 0x99, 0x01, 0x59, 0x01, 0x99, 
	0x01, 0x99, 0x01, 0x99, 0x01, 0x99, 0x01, 0x99, 
	0x01, 0x99, 0x01, 0x99, 0x01, 0x99, 0x01, 0x99, 
	0x01, 0x99, 0x01, 0x99, 0x01, 0x99, 0x01, 0x99, 
	0x01, 0x99, 0x01, 0x99, 0x01, 0x57, 0x01, 0x57, 
	0x01, 0x57, 0x01, 0x57, 0x01, 0x57, 0x01, 0x57, 
	0x01, 0x57, 0x01, 0x57, 0x01, 0x57, 0x01, 0x57, 
	0x01, 0x57, 0x01, 0x57, 0x01, 0x57, 0x01, 0x57, 
	0x01, 0x57, 0x01, 0x57, 0x01, 0x57, 0x01, 0x57, 
	0x01, 0x57, 0x01, 0x57, 0x01, 0x99, 0x01, 0x99, 
	0x01, 0x97, 0x01, 0x57, 0x01, 0x57, 0x01, 0x57, 
	0x01, 0x57, 0x01, 0x57, 0x01, 0x57, 0x01, 0x57, 
	0x01, 0x57, 0x01, 0x57, 0x01, 0x57, 0x01, 0x57, 
	0x01, 0x57, 0x01, 0x57, 0x01, 0x97, 0x01, 0x57, 
	0x01, 0x57, 0x01, 0x57, 0x01, 0x57, 0x01, 0x99, 
	0x01, 0x57, 0x01, 0x57, 0x01, 0x57, 0x01, 0x57, 
	0x01, 0x57, 0x01, 0x57, 0x01, 0x57, 0x01, 0x57, 
	0x01, 0x59, 0x01, 0x59, 0x01, 0x59, 0x01, 0x59, 
	0x01, 0x57, 0x01, 0x59, 0x01, 0x57, 0x01, 0x57, 
	0x01, 0x57, 0x01, 0x59, 0x01, 0x59, 0x01, 0x59, 
	0x01, 0x59, 0x01, 0x59, 0x01, 0x59, 0x01, 0x97, 
	0x01, 0x97, 0x01, 0x59, 0x01, 0x59, 0x01, 0x59, 
	0x01, 0x59, 0x01, 0x59, 0x01, 0x59, 0x01, 0x59, 
	0x01, 0x59, 0x01, 0x59, 0x01, 0x59, 0x01, 0x59, 
	0x01, 0x59, 0x01, 0x59, 0x01, 0x59, 0x01, 0x59, 
	0x01, 0x59, 0x01, 0x59, 0x01, 0x59, 0x01, 0x59, 
	0x01, 0x59, 0x01, 0x59, 0x01, 0x59, 0x01, 0x59, 
	0x01, 0x59, 0x01, 0x59, 0x01, 0x59, 0x01, 0x59, 
	0x01, 0x57, 0x01, 0x57, 0x01, 0x57, 0x3b, 0x23, 
	0x43, 0x65, 0x01, 0x17, 0x43, 0x65, 0xcf, 0xff, 
	0xcf, 0xff, 0xcf, 0xff, 0xcf, 0xff, 0x8d, 0xb3, 
	0x4c, 0x2d, 0x01, 0x57, 0x01, 0x57, 0x01, 0x57, 
	0x01, 0x57, 0x01, 0x57, 0x01, 0x57, 0x01, 0x57, 
	0x01, 0x59, 0x01, 0x59, 0x01, 0x59, 0x01, 0x59, 
	0x01, 0x59, 0x01, 0x57, 0x01, 0x57, 0x01, 0x59, 
	0x01, 0x59, 0x01, 0x59, 0x01, 0x59, 0x01, 0x59, 
	0x01, 0x59, 0x01, 0x59, 0x01, 0x59, 0x01, 0x59, 
	0x01, 0x59, 0x01, 0x59, 0x01, 0x59, 0x01, 0x59, 
	0x01, 0x59, 0x01, 0x59, 0x01, 0x59, 0x01, 0x59, 
	0x01, 0x57, 0x01, 0x57, 0x01, 0x57, 0x01, 0x59, 
	0x01, 0x57, 0x01, 0x57, 0x01, 0x57, 0x01, 0x57, 
	0x01, 0x57, 0x01, 0x57, 0x01, 0x57, 0x01, 0x57, 
	0x01, 0x57, 0x01, 0x57, 0x01, 0x57, 0x01, 0x57, 
	0x01, 0x57, 0x01, 0x57, 0x01, 0x57, 0x01, 0x57, 
	0x01, 0x57, 0x01, 0x57, 0x01, 0x57, 0x01, 0x57, 
	0x01, 0x57, 0x01, 0x57, 0x01, 0x57, 0x01, 0x57, 
	0x01, 0x57, 0x01, 0x59, 0x01, 0x59, 0x01, 0x59, 
	0x01, 0x59, 0x01, 0x59, 0x01, 0x99, 0x01, 0x99, 
	0x01, 0x99, 0x01, 0x99, 0x01, 0x99, 0x01, 0x99, 
	0x01, 0x99, 0x01, 0x99, 0x01, 0x99, 0x01, 0x99, 
	0x01, 0x99, 0x01, 0x99, 0x01, 0x99, 0x01, 0x99, 
	0x01, 0x99, 0x01, 0x99, 0x01, 0x99, 0x01, 0x99, 
	0x01, 0x99, 0x01, 0x99, 0x01, 0x99, 0x01, 0x99, 
	0x01, 0x99, 0x01, 0x99, 0x01, 0x99, 0x01, 0x99, 
	0x01, 0x99, 0x01, 0x99, 0x01, 0x99, 0x01, 0x99, 
	0x01, 0x99, 0x01, 0x99, 0x01, 0x99, 0x01, 0x99, 
	0x01, 0x99, 0x01, 0x99, 0x01, 0x99, 0x01, 0x99, 
	0x01, 0x99, 0x01, 0x99, 0x01, 0x99, 0x01, 0x99, 
	0x01, 0x99, 0x01, 0x99, 0x01, 0x99, 0x01, 0x99, 
	0x01, 0x99, 0x01, 0x99, 0x01, 0x99, 0x01, 0x99, 
	0x01, 0x99, 0x01, 0x99, 0x01, 0x99, 0x01, 0x99, 
	0x01, 0x99, 0x01, 0x99, 0x01, 0x99, 0x01, 0x99, 
	0x01, 0x99, 0x01, 0x99, 0x01, 0x99, 0x01, 0x99, 
	0x01, 0x99, 0x01, 0x99, 0x01, 0x99, 0x01, 0x99, 
	0x01, 0x99, 0x01, 0x99, 0x01, 0x99, 0x01, 0x99, 
	0x01, 0x99, 0x01, 0x99, 0x01, 0x59, 0x01, 0x59, 
	0x01, 0x99, 0x01, 0x99, 0x01, 0x99, 0x01, 0x99, 
	0x01, 0x99, 0x01, 0x59, 0x01, 0x99, 0x01, 0x59, 
	0x01, 0x99, 0x01, 0x99, 0x01, 0x99, 0x01, 0x99, 
	0x01, 0x99, 0x01, 0x99, 0x01, 0x99, 0x01, 0x57, 
	0x01, 0x57, 0x01, 0x57, 0x01, 0x57, 0x01, 0x57, 
	0x01, 0x97, 0x01, 0x97, 0x01, 0x57, 0x01, 0x57, 
	0x01, 0x97, 0x01, 0x97, 0x01, 0x97, 0x01, 0x57, 
	0x01, 0x57, 0x01, 0x99, 0x01, 0x99, 0x01, 0x57, 
	0x01, 0x97, 0x01, 0x97, 0x01, 0x57, 0x01, 0x97, 
	0x01, 0x57, 0x01, 0x57, 0x01, 0x57, 0x01, 0x57, 
	0x01, 0x57, 0x01, 0x57, 0x01, 0x57, 0x01, 0x57, 
	0x01, 0x57, 0x01, 0x57, 0x01, 0x97, 0x01, 0x57, 
	0x01, 0x57, 0x01, 0x57, 0x01, 0x57, 0x01, 0x99, 
	0x01, 0x99, 0x01, 0x57, 0x01, 0x57, 0x01, 0x57, 
	0x01, 0x57, 0x01, 0x57, 0x01, 0x57, 0x01, 0x57, 
	0x01, 0x59, 0x01, 0x59, 0x01, 0x59, 0x01, 0x59, 
	0x01, 0x57, 0x01, 0x59, 0x01, 0x59, 0x01, 0x57, 
	0x01, 0x57, 0x01, 0x59, 0x01, 0x59, 0x01, 0x59, 
	0x01, 0x59, 0x01, 0x59, 0x01, 0x59, 0x01, 0x97, 
	0x01, 0x97, 0x01, 0x59, 0x01, 0x59, 0x01, 0x59, 
	0x01, 0x59, 0x01, 0x59, 0x01, 0x59, 0x01, 0x59, 
	0x01, 0x59, 0x01, 0x59, 0x01, 0x59, 0x01, 0x59, 
	0x01, 0x59, 0x01, 0x59, 0x01, 0x59, 0x01, 0x59, 
	0x01, 0x59, 0x01, 0x59, 0x01, 0x59, 0x01, 0x59, 
	0x01, 0x59, 0x01, 0x59, 0x01, 0x59, 0x01, 0x59, 
	0x01, 0x59, 0x01, 0x59, 0x01, 0x59, 0x00, 0xd5, 
	0x01, 0x57, 0x74, 0xf1, 0xae, 0xbd, 0xae, 0xbd, 
	0xcf, 0xff, 0x43, 0x65, 0x8d, 0xb1, 0xcf, 0xff, 
	0xcf, 0xff, 0xcf, 0xff, 0x8d, 0xb3, 0x8d, 0xb3, 
	0x6d, 0x79, 0x01, 0x57, 0x01, 0x57, 0x01, 0x57, 
	0x01, 0x59, 0x01, 0x59, 0x01, 0x59, 0x01, 0x59, 
	0x01, 0x59, 0x01, 0x59, 0x01, 0x59, 0x01, 0x59, 
	0x01, 0x59, 0x01, 0x59, 0x01, 0x59, 0x01, 0x59, 
	0x01, 0x59, 0x01, 0x59, 0x01, 0x59, 0x01, 0x59, 
	0x01, 0x59, 0x01, 0x59, 0x01, 0x59, 0x01, 0x59, 
	0x01, 0x59, 0x01, 0x59, 0x01, 0x59, 0x01, 0x59, 
	0x01, 0x59, 0x01, 0x59, 0x01, 0x59, 0x01, 0x59, 
	0x01, 0x57, 0x01, 0x57, 0x01, 0x57, 0x01, 0x59, 
	0x01, 0x57, 0x01, 0x57, 0x01, 0x57, 0x01, 0x57, 
	0x01, 0x57, 0x01, 0x59, 0x01, 0x57, 0x01, 0x57, 
	0x01, 0x57, 0x01, 0x57, 0x01, 0x57, 0x01, 0x57, 
	0x01, 0x57, 0x01, 0x57, 0x01, 0x57, 0x01, 0x57, 
	0x01, 0x57, 0x01, 0x57, 0x01, 0x57, 0x01, 0x57, 
	0x01, 0x57, 0x01, 0x57, 0x01, 0x57, 0x01, 0x57, 
	0x01, 0x59, 0x01, 0x59, 0x01, 0x59, 0x01, 0x59, 
	0x01, 0x99, 0x01, 0x99, 0x01, 0x99, 0x01, 0x99, 
	0x01, 0x99, 0x01, 0x99, 0x01, 0x99, 0x01, 0x99, 
	0x01, 0x99, 0x01, 0x99, 0x01, 0x99, 0x01, 0x99, 
	0x01, 0x99, 0x01, 0x99, 0x01, 0x99, 0x01, 0x99, 
	0x01, 0x99, 0x01, 0x99, 0x01, 0x99, 0x01, 0x99, 
	0x01, 0x99, 0x01, 0x99, 0x01, 0x99, 0x01, 0x99, 
	0x01, 0x99, 0x01, 0x99, 0x01, 0x99, 0x01, 0x99, 
	0x01, 0x99, 0x01, 0x99, 0x01, 0x99, 0x01, 0x99, 
	0x01, 0x99, 0x01, 0x99, 0x01, 0x99, 0x01, 0x99, 
	0x01, 0x99, 0x01, 0x99, 0x01, 0x99, 0x01, 0x99, 
	0x01, 0x99, 0x01, 0x99, 0x01, 0x99, 0x01, 0x99, 
	0x01, 0x99, 0x01, 0x99, 0x01, 0x99, 0x01, 0x99, 
	0x01, 0x99, 0x01, 0x99, 0x01, 0x99, 0x01, 0x99, 
	0x01, 0x99, 0x01, 0x99, 0x01, 0x99, 0x01, 0x99, 
	0x01, 0x99, 0x01, 0x99, 0x01, 0x99, 0x01, 0x99, 
	0x01, 0x99, 0x01, 0x99, 0x01, 0x99, 0x01, 0x99, 
	0x01, 0x99, 0x01, 0x99, 0x01, 0x99, 0x01, 0x99, 
	0x01, 0x99, 0x01, 0x99, 0x01, 0x99, 0x01, 0x99, 
	0x01, 0x99, 0x01, 0x99, 0x01, 0x99, 0x01, 0x99, 
	0x01, 0x99, 0x01, 0x99, 0x01, 0x99, 0x01, 0x99, 
	0x01, 0x99, 0x01, 0x99, 0x01, 0x99, 0x01, 0x59, 
	0x01, 0x99, 0x01, 0x99, 0x01, 0x99, 0x01, 0x99, 
	0x01, 0x99, 0x01, 0x99, 0x01, 0x99, 0x01, 0x57, 
	0x01, 0x57, 0x01, 0x57, 0x01, 0x57, 0x01, 0x57, 
	0x01, 0x97, 0x01, 0x97, 0x01, 0x57, 0x01, 0x57, 
	0x01, 0x97, 0x01, 0x97, 0x01, 0x97, 0x01, 0x97, 
	0x01, 0x57, 0x01, 0x99, 0x01, 0x99, 0x01, 0x99, 
	0x01, 0x97, 0x01, 0x97, 0x01, 0x97, 0x01, 0x97, 
	0x01, 0x97, 0x01, 0x57, 0x01, 0x57, 0x01, 0x57, 
	0x01, 0x57, 0x01, 0x57, 0x01, 0x57, 0x01, 0x57, 
	0x01, 0x59, 0x01, 0x59, 0x01, 0x59, 0x01, 0x59, 
	0x01, 0x99, 0x01, 0x59, 0x01, 0x99, 0x01, 0x99, 
	0x01, 0x99, 0x01, 0x59, 0x01, 0x99, 0x01, 0x99, 
	0x01, 0x99, 0x01, 0x99, 0x01, 0x59, 0x01, 0x99, 
	0x01, 0x99, 0x01, 0x99, 0x01, 0x59, 0x01, 0x59, 
	0x01, 0x99, 0x01, 0x59, 0x01, 0x99, 0x01, 0x99, 
	0x01, 0x59, 0x01, 0x99, 0x01, 0x99, 0x01, 0x59, 
	0x01, 0x59, 0x01, 0x99, 0x01, 0x99, 0x01, 0x59, 
	0x01, 0x59, 0x01, 0x59, 0x01, 0x59, 0x01, 0x59, 
	0x01, 0x59, 0x01, 0x59, 0x01, 0x59, 0x01, 0x59, 
	0x01, 0x59, 0x01, 0x59, 0x01, 0x59, 0x01, 0x59, 
	0x01, 0x5b, 0x01, 0x5b, 0x01, 0x5b, 0x01, 0x5b, 
	0x01, 0x5b, 0x01, 0x5b, 0x01, 0x5b, 0x01, 0x5b, 
	0x01, 0x59, 0x01, 0x59, 0x01, 0x59, 0x01, 0x59, 
	0x01, 0x59, 0x01, 0x59, 0x01, 0x59, 0x43, 0x25, 
	0xb7, 0x3f, 0xdf, 0xff, 0xdf, 0xff, 0xdf, 0xff, 
	0xdf, 0xff, 0xc7, 0x7f, 0xdf, 0xff, 0xdf, 0xff, 
	0xdf, 0xff, 0xb6, 0xfd, 0x85, 0xfb, 0x5c, 0xf9, 
	0x6d, 0x75, 0x6d, 0x75, 0x11, 0xa1, 0x11, 0xa1, 
	0x01, 0x59, 0x01, 0x59, 0x01, 0x59, 0x01, 0x59, 
	0x01, 0x59, 0x01, 0x59, 0x01, 0x59, 0x01, 0x59, 
	0x01, 0x59, 0x01, 0x59, 0x01, 0x59, 0x01, 0x59, 
	0x01, 0x59, 0x01, 0x59, 0x01, 0x59, 0x01, 0x59, 
	0x01, 0x59, 0x01, 0x59, 0x01, 0x59, 0x01, 0x59, 
	0x01, 0x59, 0x01, 0x59, 0x01, 0x59, 0x01, 0x59, 
	0x01, 0x59, 0x01, 0x59, 0x01, 0x59, 0x01, 0x59, 
	0x01, 0x59, 0x01, 0x59, 0x01, 0x59, 0x01, 0x59, 
	0x01, 0x59, 0x01, 0x59, 0x01, 0x59, 0x01, 0x59, 
	0x01, 0x59, 0x01, 0x59, 0x01, 0x59, 0x01, 0x59, 
	0x01, 0x59, 0x01, 0x59, 0x01, 0x59, 0x01, 0x59, 
	0x01, 0x59, 0x01, 0x59, 0x01, 0x59, 0x01, 0x59, 
	0x01, 0x59, 0x01, 0x59, 0x01, 0x59, 0x01, 0x59, 
	0x01, 0x59, 0x01, 0x59, 0x01, 0x59, 0x01, 0x59, 
	0x01, 0x59, 0x01, 0x59, 0x01, 0x59, 0x01, 0x99, 
	0x01, 0x9b, 0x01, 0x9b, 0x01, 0x9b, 0x01, 0x9b, 
	0x01, 0x9b, 0x01, 0x9b, 0x01, 0x9b, 0x01, 0x9b, 
	0x01, 0x99, 0x01, 0x9b, 0x01, 0x9b, 0x01, 0x9b, 
	0x01, 0x9b, 0x01, 0x99, 0x01, 0x99, 0x01, 0x99, 
	0x01, 0x99, 0x01, 0x99, 0x01, 0x99, 0x01, 0x99, 
	0x01, 0x99, 0x01, 0x99, 0x01, 0x99, 0x01, 0x99, 
	0x01, 0x99, 0x01, 0x99, 0x01, 0x99, 0x01, 0x99, 
	0x01, 0x99, 0x01, 0x99, 0x01, 0x99, 0x01, 0x99, 
	0x01, 0x99, 0x01, 0x99, 0x01, 0x99, 0x01, 0x99, 
	0x01, 0x99, 0x01, 0x99, 0x01, 0x99, 0x01, 0x99, 
	0x01, 0x99, 0x01, 0x99, 0x01, 0x99, 0x01, 0x99, 
	0x01, 0x99, 0x01, 0x99, 0x01, 0x99, 0x01, 0x99, 
	0x01, 0x99, 0x01, 0x99, 0x01, 0x99, 0x01, 0x99, 
	0x01, 0x99, 0x01, 0x99, 0x01, 0x99, 0x01, 0x99, 
	0x01, 0x99, 0x01, 0x99, 0x01, 0x99, 0x01, 0x99, 
	0x01, 0x99, 0x01, 0x99, 0x01, 0x99, 0x01, 0x99, 
	0x01, 0x99, 0x01, 0x99, 0x01, 0x99, 0x01, 0x99, 
	0x01, 0x99, 0x01, 0x99, 0x01, 0x99, 0x01, 0x99, 
	0x01, 0x99, 0x01, 0x99, 0x01, 0x99, 0x01, 0x99, 
	0x01, 0x99, 0x01, 0x99, 0x01, 0x99, 0x01, 0x99, 
	0x01, 0x99, 0x01, 0x99, 0x01, 0x99, 0x01, 0x99, 
	0x01, 0x99, 0x01, 0x99, 0x01, 0x99, 0x01, 0x99, 
	0x01, 0x99, 0x01, 0x99, 0x01, 0x99, 0x01, 0x99, 
	0x01, 0x99, 0x01, 0x99, 0x01, 0x97, 0x01, 0x97, 
	0x01, 0x99, 0x01, 0x99, 0x01, 0x99, 0x01, 0x99, 
	0x01, 0x99, 0x01, 0x99, 0x01, 0x99, 0x01, 0x99, 
	0x01, 0x99, 0x01, 0x59, 0x01, 0x59, 0x01, 0x99, 
	0x01, 0x99, 0x01, 0x59, 0x01, 0x59, 0x01, 0x99, 
	0x01, 0x99, 0x01, 0x59, 0x01, 0x59, 0x01, 0x59, 
	0x01, 0x99, 0x01, 0x99, 0x01, 0x99, 0x01, 0x59, 
	0x01, 0x59, 0x01, 0x59, 0x01, 0x59, 0x01, 0x59, 
	0x01, 0x99, 0x01, 0x59, 0x01, 0x99, 0x01, 0x99, 
	0x01, 0x99, 0x01, 0x99, 0x01, 0x99, 0x01, 0x99, 
	0x01, 0x99, 0x01, 0x99, 0x01, 0x99, 0x01, 0x99, 
	0x01, 0x99, 0x01, 0x99, 0x01, 0x99, 0x01, 0x59, 
	0x01, 0x99, 0x01, 0x99, 0x01, 0x99, 0x01, 0x99, 
	0x01, 0x59, 0x01, 0x99, 0x01, 0x99, 0x01, 0x59, 
	0x01, 0x59, 0x01, 0x99, 0x01, 0x99, 0x01, 0x59, 
	0x01, 0x59, 0x01, 0x59, 0x01, 0x59, 0x01, 0x59, 
	0x01, 0x59, 0x01, 0x59, 0x01, 0x59, 0x01, 0x59, 
	0x01, 0x59, 0x01, 0x59, 0x01, 0x59, 0x01, 0x59, 
	0x01, 0x5b, 0x01, 0x5b, 0x01, 0x5b, 0x01, 0x5b, 
	0x01, 0x5b, 0x01, 0x5b, 0x01, 0x5b, 0x01, 0x5b, 
	0x01, 0x59, 0x01, 0x59, 0x01, 0x59, 0x01, 0x59, 
	0x01, 0x59, 0x01, 0x59, 0x01, 0x59, 0xbf, 0x3f, 
	0xdf, 0xff, 0xdf, 0xff, 0xb7, 0x3f, 0xb7, 0x3f, 
	0xc7, 0x7f, 0xa6, 0xff, 0xc7, 0x7f, 0xdf, 0xff, 
	0xb6, 0xfd, 0x85, 0xfb, 0x5c, 0xf9, 0x5c, 0xf9, 
	0x6d, 0x75, 0x6d, 0x75, 0x6d, 0x75, 0x11, 0xa1, 
	0x01, 0x59, 0x01, 0x59, 0x01, 0x59, 0x01, 0x59, 
	0x01, 0x59, 0x01, 0x59, 0x01, 0x59, 0x01, 0x59, 
	0x01, 0x59, 0x01, 0x59, 0x01, 0x59, 0x01, 0x59, 
	0x01, 0x59, 0x01, 0x59, 0x01, 0x59, 0x01, 0x59, 
	0x01, 0x59, 0x01, 0x59, 0x01, 0x59, 0x01, 0x59, 
	0x01, 0x59, 0x01, 0x59, 0x01, 0x59, 0x01, 0x59, 
	0x01, 0x59, 0x01, 0x59, 0x01, 0x59, 0x01, 0x59, 
	0x01, 0x59, 0x01, 0x59, 0x01, 0x59, 0x01, 0x59, 
	0x01, 0x59, 0x01, 0x59, 0x01, 0x59, 0x01, 0x59, 
	0x01, 0x59, 0x01, 0x59, 0x01, 0x59, 0x01, 0x59, 
	0x01, 0x99, 0x01, 0x99, 0x01, 0x59, 0x01, 0x59, 
	0x01, 0x59, 0x01, 0x59, 0x01, 0x59, 0x01, 0x59, 
	0x01, 0x59, 0x01, 0x59, 0x01, 0x59, 0x01, 0x59, 
	0x01, 0x59, 0x01, 0x59, 0x01, 0x59, 0x01, 0x59, 
	0x01, 0x59, 0x01, 0x59, 0x01, 0x99, 0x01, 0x99, 
	0x01, 0x9b, 0x01, 0x9b, 0x01, 0x9b, 0x01, 0x9b, 
	0x01, 0x9b, 0x01, 0x9b, 0x01, 0x9b, 0x01, 0x9b, 
	0x01, 0x9b, 0x01, 0x9b, 0x01, 0x9b, 0x01, 0x9b, 
	0x01, 0x9b, 0x01, 0x99, 0x01, 0x99, 0x01, 0x9b, 
	0x01, 0x99, 0x01, 0x99, 0x01, 0x9b, 0x01, 0x99, 
	0x01, 0x99, 0x01, 0x99, 0x01, 0x99, 0x01, 0x99, 
	0x01, 0x99, 0x01, 0x99, 0x01, 0x99, 0x01, 0x99, 
	0x01, 0x99, 0x01, 0x99, 0x01, 0x99, 0x01, 0x99, 
	0x01, 0x99, 0x01, 0x99, 0x01, 0x99, 0x01, 0x99, 
	0x01, 0x99, 0x01, 0x99, 0x01, 0x99, 0x01, 0x99, 
	0x01, 0x99, 0x01, 0x99, 0x01, 0x99, 0x01, 0x99, 
	0x01, 0x99, 0x01, 0x99, 0x01, 0x99, 0x01, 0x99, 
	0x01, 0x99, 0x01, 0x99, 0x01, 0x99, 0x01, 0x9b, 
	0x01, 0x9b, 0x01, 0x99, 0x01, 0x99, 0x01, 0x99, 
	0x01, 0x99, 0x01, 0x99, 0x01, 0x99, 0x01, 0x99, 
	0x01, 0x99, 0x01, 0x99, 0x01, 0x99, 0x01, 0x9b, 
	0x01, 0x9b, 0x01, 0x99, 0x01, 0x99, 0x01, 0x99, 
	0x01, 0x99, 0x01, 0x99, 0x01, 0x99, 0x01, 0x99, 
	0x01, 0x99, 0x01, 0x99, 0x01, 0x99, 0x01, 0x99, 
	0x01, 0x99, 0x01, 0x99, 0x01, 0x99, 0x01, 0x99, 
	0x01, 0x99, 0x01, 0x99, 0x01, 0x99, 0x01, 0x99, 
	0x01, 0x99, 0x01, 0x99, 0x01, 0x99, 0x01, 0x99, 
	0x01, 0x99, 0x01, 0x99, 0x01, 0x99, 0x01, 0x99, 
	0x01, 0x99, 0x01, 0x99, 0x01, 0x99, 0x01, 0x99, 
	0x01, 0x99, 0x01, 0x99, 0x01, 0x99, 0x01, 0x99, 
	0x01, 0x99, 0x01, 0x99, 0x01, 0x99, 0x01, 0x99, 
	0x01, 0x99, 0x01, 0x99, 0x01, 0x99, 0x01, 0x99, 
	0x01, 0x99, 0x01, 0x99, 0x01, 0x99, 0x01, 0x59, 
	0x01, 0x99, 0x01, 0x59, 0x01, 0x59, 0x01, 0x59, 
	0x01, 0x99, 0x01, 0x99, 0x01, 0x99, 0x01, 0x59, 
	0x01, 0x99, 0x01, 0x99, 0x01, 0x99, 0x01, 0x99, 
	0x01, 0x99, 0x01, 0x99, 0x01, 0x99, 0x01, 0x99, 
	0x01, 0x99, 0x01, 0x59, 0x01, 0x59, 0x01, 0x99, 
	0x01, 0x99, 0x01, 0x99, 0x01, 0x99, 0x01, 0x99, 
	0x01, 0x59, 0x01, 0x99, 0x01, 0x59, 0x01, 0x99, 
	0x01, 0x99, 0x01, 0x99, 0x01, 0x99, 0x01, 0x99, 
	0x01, 0x99, 0x01, 0x59, 0x01, 0x59, 0x01, 0x59, 
	0x01, 0x59, 0x01, 0x59, 0x01, 0x59, 0x01, 0x59, 
	0x01, 0x59, 0x01, 0x59, 0x01, 0x59, 0x01, 0x59, 
	0x01, 0x59, 0x01, 0x59, 0x01, 0x59, 0x01, 0x59, 
	0x01, 0x59, 0x01, 0x59, 0x01, 0x59, 0x01, 0x5b, 
	0x01, 0x5b, 0x01, 0x5b, 0x01, 0x5b, 0x01, 0x5b, 
	0x01, 0x5b, 0x01, 0x5b, 0x01, 0x5b, 0x01, 0x5b, 
	0x01, 0x59, 0x01, 0x59, 0x01, 0x59, 0x01, 0x59, 
	0x01, 0x59, 0x01, 0x59, 0x01, 0x59, 0x7d, 0x33, 
	0xb7, 0x3f, 0xb7, 0x3f, 0x86, 0x3d, 0x86, 0x3d, 
	0x8e, 0x7f, 0x8e, 0x7f, 0x8e, 0x7f, 0x8e, 0x7f, 
	0x85, 0xfb, 0x85, 0xfb, 0x5c, 0xf9, 0x5c, 0xf9, 
	0x6d, 0x75, 0x6d, 0x75, 0x9f, 0x3f, 0x43, 0x6b, 
	0x01, 0x59, 0x01, 0x59, 0x01, 0x59, 0x01, 0x59, 
	0x01, 0x59, 0x01, 0x59, 0x01, 0x59, 0x01, 0x59, 
	0x01, 0x59, 0x01, 0x59, 0x01, 0x59, 0x01, 0x59, 
	0x01, 0x59, 0x01, 0x59, 0x01, 0x59, 0x01, 0x59, 
	0x01, 0x59, 0x01, 0x59, 0x01, 0x59, 0x01, 0x59, 
	0x01, 0x59, 0x01, 0x59, 0x01, 0x59, 0x01, 0x59, 
	0x01, 0x59, 0x01, 0x59, 0x01, 0x59, 0x01, 0x59, 
	0x01, 0x59, 0x01, 0x59, 0x01, 0x59, 0x01, 0x59, 
	0x01, 0x59, 0x01, 0x59, 0x01, 0x59, 0x01, 0x59, 
	0x01, 0x59, 0x01, 0x59, 0x01, 0x59, 0x01, 0x59, 
	0x01, 0x99, 0x01, 0x59, 0x01, 0x59, 0x01, 0x59, 
	0x01, 0x59, 0x01, 0x59, 0x01, 0x59, 0x01, 0x59, 
	0x01, 0x59, 0x01, 0x59, 0x01, 0x59, 0x01, 0x59, 
	0x01, 0x59, 0x01, 0x59, 0x01, 0x59, 0x01, 0x99, 
	0x01, 0x99, 0x01, 0x59, 0x01, 0x99, 0x01, 0x99, 
	0x01, 0x9b, 0x01, 0x9b, 0x01, 0x9b, 0x01, 0x9b, 
	0x01, 0x9b, 0x01, 0x9b, 0x01, 0x9b, 0x01, 0x9b, 
	0x01, 0x9b, 0x01, 0x9b, 0x01, 0x9b, 0x01, 0x9b, 
	0x01, 0x9b, 0x01, 0x9b, 0x01, 0x9b, 0x01, 0x9b, 
	0x01, 0x9b, 0x01, 0x9b, 0x01, 0x9b, 0x01, 0x9b, 
	0x01, 0x9b, 0x01, 0x9b, 0x01, 0x9b, 0x01, 0x9b, 
	0x01, 0x9b, 0x01, 0x9b, 0x01, 0x9b, 0x01, 0x9b, 
	0x01, 0x9b, 0x01, 0x9b, 0x01, 0x99, 0x01, 0x99, 
	0x01, 0x99, 0x01, 0x99, 0x01, 0x99, 0x01, 0x99, 
	0x01, 0x99, 0x01, 0x99, 0x01, 0x99, 0x01, 0x99, 
	0x01, 0x99, 0x01, 0x99, 0x01, 0x99, 0x01, 0x99, 
	0x01, 0x9b, 0x01, 0x9b, 0x01, 0x9b, 0x01, 0x99, 
	0x01, 0x99, 0x01, 0x9b, 0x01, 0x9b, 0x01, 0x9b, 
	0x01, 0x9b, 0x01, 0x99, 0x01, 0x99, 0x01, 0x99, 
	0x01, 0x9b, 0x01, 0x99, 0x01, 0x9b, 0x01, 0x99, 
	0x01, 0x99, 0x01, 0x99, 0x01, 0x99, 0x01, 0x9b, 
	0x01, 0x9b, 0x01, 0x9b, 0x01, 0x99, 0x01, 0x99, 
	0x01, 0x99, 0x01, 0x9b, 0x01, 0x99, 0x01, 0x99, 
	0x01, 0x99, 0x01, 0x9b, 0x01, 0x99, 0x01, 0x9b, 
	0x01, 0x99, 0x01, 0x9b, 0x01, 0x9b, 0x01, 0x99, 
	0x01, 0x99, 0x01, 0x9b, 0x01, 0x99, 0x01, 0x99, 
	0x01, 0x99, 0x01, 0x99, 0x01, 0x99, 0x01, 0x99, 
	0x01, 0x99, 0x01, 0x99, 0x01, 0x99, 0x01, 0x99, 
	0x01, 0x99, 0x01, 0x99, 0x01, 0x99, 0x01, 0x99, 
	0x01, 0x99, 0x01, 0x99, 0x01, 0x99, 0x01, 0x99, 
	0x01, 0x99, 0x01, 0x99, 0x01, 0x99, 0x01, 0x99, 
	0x01, 0x99, 0x01, 0x99, 0x01, 0x99, 0x01, 0x99, 
	0x01, 0x99, 0x01, 0x99, 0x01, 0x99, 0x01, 0x99, 
	0x01, 0x99, 0x01, 0x99, 0x01, 0x99, 0x01, 0x99, 
	0x01, 0x99, 0x01, 0x99, 0x01, 0x99, 0x01, 0x99, 
	0x01, 0x99, 0x01, 0x99, 0x01, 0x99, 0x01, 0x99, 
	0x01, 0x99, 0x01, 0x99, 0x01, 0x99, 0x01, 0x99, 
	0x01, 0x99, 0x01, 0x99, 0x01, 0x99, 0x01, 0x99, 
	0x01, 0x99, 0x01, 0x99, 0x01, 0x99, 0x01, 0x99, 
	0x01, 0x99, 0x01, 0x99, 0x01, 0x59, 0x01, 0x99, 
	0x01, 0x99, 0x01, 0x59, 0x01, 0x99, 0x01, 0x99, 
	0x01, 0x99, 0x01, 0x99, 0x01, 0x59, 0x01, 0x99, 
	0x01, 0x99, 0x01, 0x99, 0x01, 0x99, 0x01, 0x99, 
	0x01, 0x99, 0x01, 0x59, 0x01, 0x59, 0x01, 0x59, 
	0x01, 0x59, 0x01, 0x59, 0x01, 0x59, 0x01, 0x59, 
	0x01, 0x59, 0x01, 0x59, 0x01, 0x59, 0x01, 0x5b, 
	0x01, 0x9b, 0x01, 0x5b, 0x01, 0x5b, 0x01, 0x9b, 
	0x01, 0x9b, 0x01, 0x5b, 0x01, 0x5b, 0x01, 0x5b, 
	0x01, 0x9b, 0x01, 0x59, 0x01, 0x9b, 0x01, 0x9b, 
	0x01, 0x59, 0x01, 0x59, 0x01, 0x59, 0x43, 0x25, 
	0xb7, 0x3f, 0x86, 0x3d, 0x86, 0x3d, 0x5d, 0x7d, 
	0x8e, 0x7f, 0x8e, 0x7f, 0x8e, 0x7f, 0xa6, 0xff, 
	0xb6, 0xfd, 0x85, 0xfb, 0x5c, 0xf9, 0x5c, 0xf9, 
	0x6d, 0x75, 0x6d, 0x75, 0x6d, 0x75, 0x6d, 0x75, 
	0x43, 0xed, 0x01, 0x59, 0x01, 0x59, 0x01, 0x59, 
	0x01, 0x59, 0x01, 0x59, 0x01, 0x99, 0x01, 0x59, 
	0x01, 0x59, 0x01, 0x59, 0x01, 0x59, 0x01, 0x59, 
	0x01, 0x59, 0x01, 0x59, 0x01, 0x59, 0x01, 0x59, 
	0x01, 0x59, 0x01, 0x59, 0x01, 0x59, 0x01, 0x59, 
	0x01, 0x59, 0x01, 0x59, 0x01, 0x59, 0x01, 0x59, 
	0x01, 0x5b, 0x01, 0x5b, 0x01, 0x59, 0x01, 0x59, 
	0x01, 0x59, 0x01, 0x59, 0x01, 0x59, 0x01, 0x59, 
	0x01, 0x59, 0x01, 0x59, 0x01, 0x59, 0x01, 0x59, 
	0x01, 0x59, 0x01, 0x59, 0x01, 0x59, 0x01, 0x59, 
	0x01, 0x99, 0x01, 0x99, 0x01, 0x59, 0x01, 0x59, 
	0x01, 0x59, 0x01, 0x59, 0x01, 0x59, 0x01, 0x59, 
	0x01, 0x59, 0x01, 0x59, 0x01, 0x59, 0x01, 0x59, 
	0x01, 0x59, 0x01, 0x59, 0x01, 0x99, 0x01, 0x99, 
	0x01, 0x99, 0x01, 0x99, 0x01, 0x99, 0x01, 0x99, 
	0x01, 0x9b, 0x01, 0x9b, 0x01, 0x9b, 0x01, 0x9b, 
	0x01, 0x9b, 0x01, 0x9b, 0x01, 0x9b, 0x01, 0x9b, 
	0x01, 0x9b, 0x01, 0x9b, 0x01, 0x9b, 0x01, 0x9b, 
	0x01, 0x9b, 0x01, 0x9b, 0x01, 0x9b, 0x01, 0x9b, 
	0x01, 0x9b, 0x01, 0x9b, 0x01, 0x9b, 0x01, 0x9b, 
	0x01, 0x9b, 0x01, 0x9b, 0x01, 0x9b, 0x01, 0x9b, 
	0x01, 0x9b, 0x01, 0x9b, 0x01, 0x9b, 0x01, 0x9b, 
	0x01, 0x9b, 0x01, 0x99, 0x01, 0x99, 0x01, 0x99, 
	0x01, 0x99, 0x01, 0x99, 0x01, 0x99, 0x01, 0x99, 
	0x01, 0x99, 0x01, 0x99, 0x01, 0x9b, 0x01, 0x9b, 
	0x01, 0x99, 0x01, 0x99, 0x01, 0x99, 0x01, 0x9b, 
	0x01, 0x9b, 0x01, 0x9b, 0x01, 0x9b, 0x01, 0x9b, 
	0x01, 0x9b, 0x01, 0x9b, 0x01, 0x9b, 0x01, 0x9b, 
	0x01, 0x9b, 0x01, 0x9b, 0x01, 0x9b, 0x01, 0x9b, 
	0x01, 0x9b, 0x01, 0x9b, 0x01, 0x9b, 0x01, 0x9b, 
	0x01, 0x9b, 0x01, 0x9b, 0x01, 0x9b, 0x01, 0x9b, 
	0x01, 0x9b, 0x01, 0x9b, 0x01, 0x9b, 0x01, 0x9b, 
	0x01, 0x9b, 0x01, 0x9b, 0x01, 0x99, 0x01, 0x99, 
	0x01, 0x9b, 0x01, 0x9b, 0x01, 0x9b, 0x01, 0x9b, 
	0x01, 0x9b, 0x01, 0x9b, 0x01, 0x9b, 0x01, 0x9b, 
	0x01, 0x9b, 0x01, 0x9b, 0x01, 0x99, 0x01, 0x99, 
	0x01, 0x99, 0x01, 0x99, 0x01, 0x99, 0x01, 0x99, 
	0x01, 0x99, 0x01, 0x99, 0x01, 0x99, 0x01, 0x99, 
	0x01, 0x99, 0x01, 0x99, 0x01, 0x99, 0x01, 0x99, 
	0x01, 0x99, 0x01, 0x99, 0x01, 0x99, 0x01, 0x99, 
	0x01, 0x99, 0x01, 0x99, 0x01, 0x99, 0x01, 0x99, 
	0x01, 0x99, 0x01, 0x99, 0x01, 0x99, 0x01, 0x99, 
	0x01, 0x99, 0x01, 0x99, 0x01, 0x99, 0x01, 0x99, 
	0x01, 0x99, 0x01, 0x99, 0x01, 0x99, 0x01, 0x99, 
	0x01, 0x99, 0x01, 0x99, 0x01, 0x99, 0x01, 0x99, 
	0x01, 0x99, 0x01, 0x99, 0x01, 0x99, 0x01, 0x99, 
	0x01, 0x99, 0x01, 0x99, 0x01, 0x99, 0x01, 0x99, 
	0x01, 0x99, 0x01, 0x99, 0x01, 0x99, 0x01, 0x99, 
	0x01, 0x99, 0x01, 0x99, 0x01, 0x99, 0x01, 0x99, 
	0x01, 0x99, 0x01, 0x99, 0x01, 0x99, 0x01, 0x99, 
	0x01, 0x9b, 0x01, 0x9b, 0x01, 0x59, 0x01, 0x59, 
	0x01, 0x59, 0x01, 0x9b, 0x01, 0x9b, 0x01, 0x9b, 
	0x01, 0x99, 0x01, 0x9b, 0x01, 0x9b, 0x01, 0x9b, 
	0x01, 0x9b, 0x01, 0x9b, 0x01, 0x9b, 0x01, 0x9b, 
	0x01, 0x9b, 0x01, 0x9b, 0x01, 0x9b, 0x01, 0x9b, 
	0x01, 0x9b, 0x01, 0x9b, 0x01, 0x9b, 0x01, 0x5b, 
	0x01, 0x9b, 0x01, 0x9b, 0x01, 0x9b, 0x01, 0x9b, 
	0x01, 0x9b, 0x01, 0x9b, 0x01, 0x9b, 0x01, 0x9b, 
	0x01, 0x59, 0x01, 0x59, 0x01, 0x59, 0x01, 0x59, 
	0x09, 0x59, 0x09, 0x59, 0x4b, 0x65, 0xd7, 0xff, 
	0xbf, 0xff, 0x8e, 0x7d, 0x75, 0xbb, 0x75, 0xbb, 
	0x96, 0xbf, 0x96, 0xbf, 0x86, 0x3d, 0x96, 0xbf, 
	0x86, 0x3d, 0x75, 0xbb, 0x5c, 0xb5, 0x5c, 0xb5, 
	0x64, 0xf7, 0x64, 0xf7, 0x64, 0xf7, 0x6d, 0x7b, 
	0x75, 0xbf, 0x4c, 0x31, 0x01, 0x17, 0x01, 0x17, 
	0x01, 0x59, 0x01, 0x59, 0x01, 0x59, 0x01, 0x59, 
	0x01, 0x59, 0x01, 0x59, 0x01, 0x59, 0x01, 0x59, 
	0x01, 0x59, 0x01, 0x59, 0x01, 0x5b, 0x01, 0x59, 
	0x01, 0x59, 0x01, 0x59, 0x01, 0x5b, 0x01, 0x5b, 
	0x01, 0x5b, 0x01, 0x5b, 0x01, 0x5b, 0x01, 0x5b, 
	0x01, 0x59, 0x01, 0x5b, 0x01, 0x5b, 0x01, 0x5b, 
	0x01, 0x5b, 0x01, 0x5b, 0x01, 0x5b, 0x01, 0x5b, 
	0x01, 0x59, 0x01, 0x59, 0x01, 0x59, 0x01, 0x59, 
	0x01, 0x59, 0x01, 0x59, 0x01, 0x59, 0x01, 0x9b, 
	0x01, 0x99, 0x01, 0x99, 0x01, 0x99, 0x01, 0x99, 
	0x01, 0x59, 0x01, 0x59, 0x01, 0x59, 0x01, 0x59, 
	0x01, 0x59, 0x01, 0x59, 0x01, 0x59, 0x01, 0x59, 
	0x01, 0x59, 0x01, 0x99, 0x01, 0x99, 0x01, 0x99, 
	0x01, 0x9b, 0x01, 0x9b, 0x01, 0x9b, 0x01, 0x9b, 
	0x01, 0x9b, 0x01, 0x9b, 0x01, 0x9b, 0x01, 0x9b, 
	0x01, 0x9b, 0x01, 0x9b, 0x01, 0x9b, 0x01, 0x9b, 
	0x01, 0x9b, 0x01, 0x9b, 0x01, 0x9b, 0x01, 0x9b, 
	0x01, 0x9b, 0x01, 0x9b, 0x01, 0x9b, 0x01, 0x9b, 
	0x01, 0x9b, 0x01, 0x9b, 0x01, 0x9b, 0x01, 0x9b, 
	0x01, 0x9b, 0x01, 0x9b, 0x01, 0x9b, 0x01, 0x9b, 
	0x01, 0x9b, 0x01, 0x9b, 0x01, 0x9b, 0x01, 0x9b, 
	0x01, 0x9b, 0x01, 0x99, 0x01, 0x99, 0x01, 0x99, 
	0x01, 0x9b, 0x01, 0x9b, 0x01, 0x9b, 0x01, 0x9b, 
	0x01, 0x99, 0x01, 0x99, 0x01, 0x9b, 0x01, 0x9b, 
	0x01, 0x9b, 0x01, 0x9b, 0x01, 0x9b, 0x01, 0x9b, 
	0x01, 0x9b, 0x01, 0x9b, 0x01, 0x9b, 0x01, 0x9b, 
	0x01, 0x9b, 0x01, 0x9b, 0x01, 0x9b, 0x01, 0x9b, 
	0x01, 0x9b, 0x01, 0x9b, 0x01, 0x9b, 0x01, 0x9b, 
	0x01, 0x9b, 0x01, 0x9b, 0x01, 0x9b, 0x01, 0x9b, 
	0x01, 0x9b, 0x01, 0x9b, 0x01, 0x9b, 0x01, 0x9b, 
	0x01, 0x9b, 0x01, 0x9b, 0x01, 0x9b, 0x01, 0x9b, 
	0x01, 0x9b, 0x01, 0x9b, 0x01, 0x9b, 0x01, 0x9b, 
	0x01, 0x9b, 0x01, 0x9b, 0x01, 0x9b, 0x01, 0x9b, 
	0x01, 0x9b, 0x01, 0x9b, 0x01, 0x9b, 0x01, 0x9b, 
	0x01, 0x9b, 0x01, 0x9b, 0x01, 0x9b, 0x01, 0x9b, 
	0x01, 0x99, 0x01, 0x99, 0x01, 0x99, 0x01, 0x99, 
	0x01, 0x99, 0x01, 0x99, 0x01, 0x99, 0x01, 0x99, 
	0x01, 0x99, 0x01, 0x99, 0x01, 0x99, 0x01, 0x99, 
	0x01, 0x99, 0x01, 0x99, 0x01, 0x99, 0x01, 0x99, 
	0x01, 0x99, 0x01, 0x99, 0x01, 0x99, 0x01, 0x99, 
	0x01, 0x99, 0x01, 0x99, 0x01, 0x99, 0x01, 0x99, 
	0x01, 0x99, 0x01, 0x99, 0x01, 0x99, 0x01, 0x99, 
	0x01, 0x99, 0x01, 0x99, 0x01, 0x99, 0x01, 0x99, 
	0x01, 0x99, 0x01, 0x99, 0x01, 0x99, 0x01, 0x99, 
	0x01, 0x99, 0x01, 0x99, 0x01, 0x99, 0x01, 0x99, 
	0x01, 0x99, 0x01, 0x99, 0x01, 0x99, 0x01, 0x99, 
	0x01, 0x99, 0x01, 0x99, 0x01, 0x99, 0x01, 0x99, 
	0x01, 0x99, 0x01, 0x99, 0x01, 0x99, 0x01, 0x99, 
	0x01, 0x99, 0x01, 0x99, 0x01, 0x99, 0x01, 0x99, 
	0x01, 0x9b, 0x01, 0x9b, 0x01, 0x9b, 0x01, 0x59, 
	0x01, 0x9b, 0x01, 0x9b, 0x01, 0x59, 0x01, 0x9b, 
	0x01, 0x9b, 0x01, 0x9b, 0x01, 0x9b, 0x01, 0x9b, 
	0x01, 0x9b, 0x01, 0x9b, 0x01, 0x9b, 0x01, 0x9b, 
	0x01, 0x9b, 0x01, 0x9b, 0x01, 0x9b, 0x01, 0x9b, 
	0x01, 0x9b, 0x01, 0x9b, 0x01, 0x9b, 0x01, 0x9b, 
	0x01, 0x9b, 0x01, 0x9b, 0x01, 0x9b, 0x01, 0x9b, 
	0x01, 0x9b, 0x01, 0x9b, 0x01, 0x9b, 0x01, 0x9b, 
	0x01, 0x59, 0x01, 0x59, 0x01, 0x59, 0x01, 0x59, 
	0x4b, 0x65, 0x95, 0xb3, 0xd7, 0xff, 0xd7, 0xff, 
	0xbf, 0xff, 0x8e, 0x7d, 0x75, 0xbb, 0x75, 0xbb, 
	0x96, 0xbf, 0x96, 0xbf, 0x75, 0xb9, 0x75, 0xb9, 
	0x75, 0xbb, 0x75, 0xbb, 0x6d, 0x37, 0x5c, 0xb5, 
	0x54, 0xb5, 0x54, 0xb5, 0x54, 0xb5, 0x54, 0xb5, 
	0x75, 0xbf, 0x4c, 0x31, 0x01, 0x17, 0x01, 0x17, 
	0x01, 0x59, 0x01, 0x59, 0x01, 0x59, 0x01, 0x59, 
	0x01, 0x59, 0x01, 0x59, 0x01, 0x59, 0x01, 0x59, 
	0x01, 0x59, 0x01, 0x59, 0x01, 0x5b, 0x01, 0x59, 
	0x01, 0x59, 0x01, 0x5b, 0x01, 0x5b, 0x01, 0x5b, 
	0x01, 0x5b, 0x01, 0x5b, 0x01, 0x5b, 0x01, 0x5b, 
	0x01, 0x5b, 0x01, 0x5b, 0x01, 0x59, 0x01, 0x59, 
	0x01, 0x5b, 0x01, 0x5b, 0x01, 0x5b, 0x01, 0x5b, 
	0x01, 0x59, 0x01, 0x99, 0x01, 0x59, 0x01, 0x99, 
	0x01, 0x59, 0x01, 0x59, 0x01, 0x59, 0x01, 0x9b, 
	0x01, 0x99, 0x01, 0x99, 0x01, 0x99, 0x01, 0x99, 
	0x01, 0x99, 0x01, 0x59, 0x01, 0x59, 0x01, 0x59, 
	0x01, 0x59, 0x01, 0x59, 0x01, 0x59, 0x01, 0x59, 
	0x01, 0x59, 0x01, 0x99, 0x01, 0x99, 0x01, 0x99, 
	0x01, 0x9b, 0x01, 0x9b, 0x01, 0x9b, 0x01, 0x9b, 
	0x01, 0x9b, 0x01, 0x9b, 0x01, 0x9b, 0x01, 0x9b, 
	0x01, 0x9b, 0x01, 0x9b, 0x01, 0x9b, 0x01, 0x9b, 
	0x01, 0x9b, 0x01, 0x9b, 0x01, 0x9b, 0x01, 0x9b, 
	0x01, 0x9b, 0x01, 0x9b, 0x01, 0x9b, 0x01, 0x9b, 
	0x01, 0x9b, 0x01, 0x9b, 0x01, 0x9b, 0x01, 0x9b, 
	0x01, 0x9b, 0x01, 0x9b, 0x01, 0x9b, 0x01, 0x9b, 
	0x01, 0x9b, 0x01, 0x9b, 0x01, 0x9b, 0x01, 0x9b, 
	0x01, 0x9b, 0x01, 0x9b, 0x01, 0x9b, 0x01, 0x99, 
	0x01, 0x9b, 0x01, 0x9b, 0x01, 0x9b, 0x01, 0x9b, 
	0x01, 0x9b, 0x01, 0x99, 0x01, 0x9b, 0x01, 0x9b, 
	0x01, 0x9b, 0x01, 0x9b, 0x01, 0x9b, 0x01, 0x9b, 
	0x01, 0x9b, 0x01, 0x9b, 0x01, 0x9b, 0x01, 0x9b, 
	0x01, 0x9b, 0x01, 0x9b, 0x01, 0x9b, 0x01, 0x9b, 
	0x01, 0x9b, 0x01, 0x9b, 0x01, 0x9b, 0x01, 0x9b, 
	0x01, 0x9b, 0x01, 0x9b, 0x01, 0x9b, 0x01, 0x9b, 
	0x01, 0x9b, 0x01, 0x9b, 0x01, 0x9b, 0x01, 0x9b, 
	0x01, 0x9b, 0x01, 0x9b, 0x01, 0x9b, 0x01, 0x9b, 
	0x01, 0x9b, 0x01, 0x9b, 0x01, 0x9b, 0x01, 0x9b, 
	0x01, 0x9b, 0x01, 0x9b, 0x01, 0x9b, 0x01, 0x9b, 
	0x01, 0x9b, 0x01, 0x9b, 0x01, 0x9b, 0x01, 0x9b, 
	0x01, 0x9b, 0x01, 0x9b, 0x01, 0x9b, 0x01, 0x9b, 
	0x01, 0x99, 0x01, 0x99, 0x01, 0x99, 0x01, 0x99, 
	0x01, 0x99, 0x01, 0x99, 0x01, 0x99, 0x01, 0x99, 
	0x01, 0x99, 0x01, 0x99, 0x01, 0x99, 0x01, 0x99, 
	0x01, 0x99, 0x01, 0x99, 0x01, 0x99, 0x01, 0x99, 
	0x01, 0x99, 0x01, 0x99, 0x01, 0x99, 0x01, 0x99, 
	0x01, 0x99, 0x01, 0x99, 0x01, 0x9b, 0x01, 0x9b, 
	0x01, 0x99, 0x01, 0x99, 0x01, 0x99, 0x01, 0x99, 
	0x01, 0x99, 0x01, 0x99, 0x01, 0x99, 0x01, 0x99, 
	0x01, 0x99, 0x01, 0x99, 0x01, 0x9b, 0x01, 0x99, 
	0x01, 0x9b, 0x01, 0x99, 0x01, 0x99, 0x01, 0x99, 
	0x01, 0x9b, 0x01, 0x99, 0x01, 0x99, 0x01, 0x99, 
	0x01, 0x9b, 0x01, 0x99, 0x01, 0x9b, 0x01, 0x99, 
	0x01, 0x9b, 0x01, 0x9b, 0x01, 0x99, 0x01, 0x99, 
	0x01, 0x9b, 0x01, 0x9b, 0x01, 0x9b, 0x01, 0x9b, 
	0x01, 0x9b, 0x01, 0x9b, 0x01, 0x9b, 0x01, 0x9b, 
	0x01, 0x9b, 0x01, 0x9b, 0x01, 0x9b, 0x01, 0x9b, 
	0x01, 0x9b, 0x01, 0x9b, 0x01, 0x9b, 0x01, 0x9b, 
	0x01, 0x9b, 0x01, 0x9b, 0x01, 0x9b, 0x01, 0x9b, 
	0x01, 0x9b, 0x01, 0x9b, 0x01, 0x9b, 0x01, 0x9b, 
	0x01, 0x9b, 0x01, 0x9b, 0x01, 0x9b, 0x01, 0x9b, 
	0x01, 0x9b, 0x01, 0x9b, 0x01, 0x9b, 0x01, 0x9b, 
	0x01, 0x9b, 0x01, 0x9b, 0x01, 0x9b, 0x01, 0x9b, 
	0x01, 0x59, 0x01, 0x59, 0x01, 0x59, 0x3b, 0x65, 
	0xd7, 0xff, 0xd7, 0xff, 0xd7, 0xff, 0xd7, 0xff, 
	0xbf, 0xff, 0xa6, 0xfd, 0x8e, 0x7d, 0x75, 0xbb, 
	0x75, 0xb9, 0x86, 0x3d, 0x75, 0xb9, 0x65, 0x37, 
	0x6d, 0x37, 0x75, 0xbb, 0x6d, 0x37, 0x5c, 0xb5, 
	0x54, 0xb5, 0x54, 0xb5, 0x54, 0xb5, 0x4c, 0x31, 
	0x4c, 0x31, 0x2a, 0xa5, 0x01, 0x17, 0x2a, 0xa5, 
	0x3b, 0x65, 0x01, 0x59, 0x01, 0x59, 0x01, 0x59, 
	0x01, 0x9b, 0x01, 0x59, 0x01, 0x9b, 0x01, 0x59, 
	0x01, 0x5b, 0x01, 0x5b, 0x01, 0x5b, 0x01, 0x59, 
	0x01, 0x5b, 0x01, 0x5b, 0x01, 0x5b, 0x01, 0x5b, 
	0x01, 0x5b, 0x01, 0x5b, 0x01, 0x5b, 0x01, 0x5b, 
	0x01, 0x5b, 0x01, 0x5b, 0x01, 0x5b, 0x01, 0x5b, 
	0x01, 0x5b, 0x01, 0x5b, 0x01, 0x9b, 0x01, 0x9b, 
	0x01, 0x99, 0x01, 0x99, 0x01, 0x99, 0x01, 0x99, 
	0x01, 0x9b, 0x01, 0x9b, 0x01, 0x59, 0x01, 0x9b, 
	0x01, 0x99, 0x01, 0x99, 0x01, 0x99, 0x01, 0x99, 
	0x01, 0x99, 0x01, 0x99, 0x01, 0x99, 0x01, 0x59, 
	0x01, 0x59, 0x01, 0x59, 0x01, 0x59, 0x01, 0x59, 
	0x01, 0x59, 0x01, 0x99, 0x01, 0x99, 0x01, 0x99, 
	0x01, 0x9b, 0x01, 0x9b, 0x01, 0x9b, 0x01, 0x9b, 
	0x01, 0x9b, 0x01, 0x9b, 0x01, 0x9b, 0x01, 0x9b, 
	0x01, 0x9b, 0x01, 0x9b, 0x01, 0x9b, 0x01, 0x9b, 
	0x01, 0x9b, 0x01, 0x9b, 0x01, 0x9b, 0x01, 0x9b, 
	0x01, 0x9b, 0x01, 0x9b, 0x01, 0x9b, 0x01, 0x9b, 
	0x01, 0x9b, 0x01, 0x9b, 0x01, 0x9b, 0x01, 0x9b, 
	0x01, 0x9b, 0x01, 0x9b, 0x01, 0x9b, 0x01, 0x9b, 
	0x01, 0x9b, 0x01, 0x9b, 0x01, 0x9b, 0x01, 0x9b, 
	0x01, 0x9b, 0x01, 0x9b, 0x01, 0x9b, 0x01, 0x9b, 
	0x01, 0x9b, 0x01, 0x9b, 0x01, 0x9b, 0x01, 0x9b, 
	0x01, 0x9b, 0x01, 0x9b, 0x01, 0x9b, 0x01, 0x9b, 
	0x01, 0x9b, 0x01, 0x9b, 0x01, 0x9b, 0x01, 0x9b, 
	0x01, 0x9b, 0x01, 0x9b, 0x01, 0x9b, 0x01, 0x9b, 
	0x01, 0x9b, 0x01, 0x9b, 0x01, 0x9b, 0x01, 0x9b, 
	0x01, 0x9b, 0x01, 0x9b, 0x01, 0x9b, 0x01, 0x9b, 
	0x01, 0x9b, 0x01, 0x9b, 0x01, 0x9b, 0x01, 0x9b, 
	0x01, 0x9b, 0x01, 0x9b, 0x01, 0x9b, 0x01, 0x9b, 
	0x01, 0x9b, 0x01, 0x9b, 0x01, 0x9b, 0x01, 0x9b, 
	0x01, 0x9b, 0x01, 0x9b, 0x01, 0x9b, 0x01, 0x9b, 
	0x01, 0x9b, 0x01, 0x9b, 0x01, 0x9b, 0x01, 0x9b, 
	0x01, 0x9b, 0x01, 0x9b, 0x01, 0x9b, 0x01, 0x9b, 
	0x01, 0x9b, 0x01, 0x9b, 0x01, 0x9b, 0x01, 0x9b, 
	0x01, 0x99, 0x01, 0x99, 0x01, 0x99, 0x01, 0x99, 
	0x01, 0x99, 0x01, 0x99, 0x01, 0x99, 0x01, 0x99, 
	0x01, 0x99, 0x01, 0x99, 0x01, 0x99, 0x01, 0x99, 
	0x01, 0x99, 0x01, 0x99, 0x01, 0x99, 0x01, 0x9b, 
	0x01, 0x9b, 0x01, 0x9b, 0x01, 0x99, 0x01, 0x99, 
	0x01, 0x9b, 0x01, 0x9b, 0x01, 0x9b, 0x01, 0x9b, 
	0x01, 0x99, 0x01, 0x99, 0x01, 0x99, 0x01, 0x9b, 
	0x01, 0x99, 0x01, 0x9b, 0x01, 0x99, 0x01, 0x99, 
	0x01, 0x99, 0x01, 0x99, 0x01, 0x9b, 0x01, 0x9b, 
	0x01, 0x9b, 0x01, 0x9b, 0x01, 0x9b, 0x01, 0x9b, 
	0x01, 0x9b, 0x01, 0x99, 0x01, 0x99, 0x01, 0x9b, 
	0x01, 0x9b, 0x01, 0x9b, 0x01, 0x9b, 0x01, 0x9b, 
	0x01, 0x9b, 0x01, 0x9b, 0x01, 0x9b, 0x01, 0x9b, 
	0x01, 0x9b, 0x01, 0x9b, 0x01, 0x9b, 0x01, 0x9b, 
	0x01, 0x9b, 0x01, 0x9b, 0x01, 0x9b, 0x01, 0x9b, 
	0x01, 0x9b, 0x01, 0x9b, 0x01, 0x9b, 0x01, 0x9b, 
	0x01, 0x9b, 0x01, 0x9b, 0x01, 0x9b, 0x01, 0x9b, 
	0x01, 0x9b, 0x01, 0x9b, 0x01, 0x9b, 0x01, 0x9b, 
	0x01, 0x9b, 0x01, 0x9b, 0x01, 0x9b, 0x01, 0x9b, 
	0x01, 0x9b, 0x01, 0x9b, 0x01, 0x9b, 0x01, 0x9b, 
	0x01, 0x9b, 0x01, 0x9b, 0x01, 0x9b, 0x01, 0x9d, 
	0x01, 0x9b, 0x01, 0x9b, 0x01, 0x9b, 0x01, 0x59, 
	0x01, 0x59, 0x3b, 0x65, 0x3b, 0x65, 0xb7, 0x7f, 
	0xd7, 0xff, 0xd7, 0xff, 0xd7, 0xff, 0xd7, 0xff, 
	0xbf, 0xff, 0xa6, 0xfd, 0x75, 0xbb, 0x75, 0xbb, 
	0x65, 0x37, 0x65, 0x37, 0x65, 0x37, 0x65, 0x37, 
	0x5c, 0xb5, 0x5c, 0xb5, 0x6d, 0x37, 0x75, 0xbb, 
	0x64, 0xf7, 0x54, 0xb5, 0x54, 0xb5, 0x4c, 0x31, 
	0x2a, 0xa5, 0x01, 0x17, 0x01, 0x17, 0x4c, 0x31, 
	0xa7, 0x7f, 0x6d, 0x73, 0x3b, 0x65, 0x01, 0x59, 
	0x01, 0x59, 0x01, 0x17, 0x01, 0x17, 0x01, 0x59, 
	0x01, 0x5b, 0x01, 0x5b, 0x01, 0x5b, 0x01, 0x5b, 
	0x01, 0x5b, 0x01, 0x5b, 0x01, 0x5b, 0x01, 0x5b, 
	0x01, 0x5b, 0x01, 0x5b, 0x01, 0x5b, 0x01, 0x5b, 
	0x01, 0x5b, 0x01, 0x5b, 0x01, 0x5b, 0x01, 0x5b, 
	0x01, 0x5b, 0x01, 0x5b, 0x01, 0x9b, 0x01, 0x9b, 
	0x01, 0x99, 0x01, 0x99, 0x01, 0x99, 0x01, 0x99, 
	0x01, 0x9b, 0x01, 0x9b, 0x01, 0x9b, 0x01, 0x9b, 
	0x01, 0x99, 0x01, 0x99, 0x01, 0x99, 0x01, 0x9b, 
	0x01, 0x99, 0x01, 0x99, 0x01, 0x99, 0x01, 0x99, 
	0x01, 0x99, 0x01, 0x99, 0x01, 0x99, 0x01, 0x99, 
	0x01, 0x99, 0x01, 0x99, 0x01, 0x99, 0x01, 0x99, 
	0x01, 0x9b, 0x01, 0x9b, 0x01, 0x9b, 0x01, 0x9b, 
	0x01, 0x9b, 0x01, 0x9b, 0x01, 0x9b, 0x01, 0x9b, 
	0x01, 0x9b, 0x01, 0x9b, 0x01, 0x9b, 0x01, 0x9b, 
	0x01, 0x9b, 0x01, 0x9b, 0x01, 0x9b, 0x01, 0x9b, 
	0x01, 0x9b, 0x01, 0x9b, 0x01, 0x9b, 0x01, 0x9b, 
	0x01, 0x9b, 0x01, 0x9b, 0x01, 0x9b, 0x01, 0x9b, 
	0x01, 0x9b, 0x01, 0x9b, 0x01, 0x9b, 0x01, 0x9b, 
	0x01, 0x9b, 0x01, 0x9b, 0x01, 0x9b, 0x01, 0x9b, 
	0x01, 0x9b, 0x01, 0x9b, 0x01, 0x9b, 0x01, 0x9b, 
	0x01, 0x9b, 0x01, 0x9b, 0x01, 0x9b, 0x01, 0x9b, 
	0x01, 0x9b, 0x01, 0x9b, 0x01, 0x9b, 0x01, 0x9b, 
	0x01, 0x9b, 0x01, 0x9b, 0x01, 0x9b, 0x01, 0x9b, 
	0x01, 0x9b, 0x01, 0x9b, 0x01, 0x9b, 0x01, 0x9b, 
	0x01, 0x9b, 0x01, 0x9b, 0x01, 0x9b, 0x01, 0x9b, 
	0x01, 0x9b, 0x01, 0x9b, 0x01, 0x9b, 0x01, 0x9b, 
	0x01, 0x9b, 0x01, 0x9b, 0x01, 0x9b, 0x01, 0x9b, 
	0x01, 0x9b, 0x01, 0x9b, 0x01, 0x9b, 0x01, 0x9b, 
	0x01, 0x9b, 0x01, 0x9b, 0x01, 0x9b, 0x01, 0x9b, 
	0x01, 0x9b, 0x01, 0x9b, 0x01, 0x9b, 0x01, 0x9b, 
	0x01, 0x9b, 0x01, 0x9b, 0x01, 0x9b, 0x01, 0x9b, 
	0x01, 0x9b, 0x01, 0x9b, 0x01, 0x9b, 0x01, 0x9b, 
	0x01, 0x9b, 0x01, 0x9b, 0x01, 0x9b, 0x01, 0x9b, 
	0x01, 0x99, 0x01, 0x99, 0x01, 0x99, 0x01, 0x99, 
	0x01, 0x99, 0x01, 0x99, 0x01, 0x99, 0x01, 0x99, 
	0x01, 0x99, 0x01, 0x9b, 0x01, 0x9b, 0x01, 0x99, 
	0x01, 0x99, 0x01, 0x99, 0x01, 0x9b, 0x01, 0x9b, 
	0x01, 0x9b, 0x01, 0x9b, 0x01, 0x9b, 0x01, 0x9b, 
	0x01, 0x9b, 0x01, 0x9b, 0x01, 0x9b, 0x01, 0x9b, 
	0x01, 0x9b, 0x01, 0x9b, 0x01, 0x9b, 0x01, 0x9b, 
	0x01, 0x9b, 0x01, 0x9b, 0x01, 0x9b, 0x01, 0x9b, 
	0x01, 0x9b, 0x01, 0x9b, 0x01, 0x9b, 0x01, 0x9b, 
	0x01, 0x9b, 0x01, 0x9b, 0x01, 0x9b, 0x01, 0x9b, 
	0x01, 0x9b, 0x01, 0x9b, 0x01, 0x9b, 0x01, 0x9b, 
	0x01, 0x9b, 0x01, 0x9b, 0x01, 0x9b, 0x01, 0x9b, 
	0x01, 0x9b, 0x01, 0x9b, 0x01, 0x9b, 0x01, 0x9b, 
	0x01, 0x9b, 0x01, 0x9b, 0x01, 0x9b, 0x01, 0x9b, 
	0x01, 0x9b, 0x01, 0x9b, 0x01, 0x9b, 0x01, 0x9b, 
	0x01, 0x9b, 0x01, 0x9b, 0x01, 0x9b, 0x01, 0x9b, 
	0x01, 0x9b, 0x01, 0x9b, 0x01, 0x9b, 0x01, 0x9b, 
	0x01, 0x9b, 0x01, 0x9b, 0x01, 0x9b, 0x01, 0x9b, 
	0x01, 0x9b, 0x01, 0x9b, 0x01, 0x9b, 0x01, 0x9b, 
	0x01, 0x9d, 0x01, 0x9d, 0x01, 0x9d, 0x01, 0x9d, 
	0x01, 0x9d, 0x01, 0x9d, 0x01, 0x9d, 0x01, 0x9d, 
	0x01, 0x5b, 0x01, 0x5b, 0x01, 0x5b, 0x3b, 0x67, 
	0x7d, 0xfd, 0xc7, 0xff, 0xc7, 0xff, 0xc7, 0xff, 
	0xd7, 0xff, 0xd7, 0xff, 0x9e, 0xbd, 0x9e, 0xbd, 
	0x9e, 0xff, 0x8e, 0x7d, 0x8e, 0x7d, 0x7d, 0xfb, 
	0x7d, 0xbb, 0x64, 0xf5, 0x54, 0x31, 0x54, 0x31, 
	0x4c, 0x2f, 0x4c, 0x2f, 0x64, 0xf5, 0x75, 0x79, 
	0x5c, 0xb5, 0x54, 0x73, 0x5c, 0xb3, 0x5c, 0xb3, 
	0x3b, 0xaf, 0x3b, 0xaf, 0x3b, 0xaf, 0x96, 0x39, 
	0xc7, 0xff, 0xc7, 0xff, 0x64, 0xad, 0x01, 0x5d, 
	0x00, 0x95, 0x3a, 0xe3, 0x3a, 0xe3, 0x00, 0x95, 
	0x01, 0x59, 0x01, 0x59, 0x01, 0x59, 0x01, 0x59, 
	0x01, 0x59, 0x01, 0x59, 0x01, 0x59, 0x01, 0x59, 
	0x01, 0x5b, 0x01, 0x5b, 0x01, 0x5b, 0x01, 0x5b, 
	0x01, 0x5b, 0x01, 0x5b, 0x01, 0x5b, 0x01, 0x5b, 
	0x01, 0x5b, 0x01, 0x5b, 0x01, 0x9b, 0x01, 0x9b, 
	0x01, 0x9b, 0x01, 0x9b, 0x01, 0x9b, 0x01, 0x9b, 
	0x01, 0x9b, 0x01, 0x9b, 0x01, 0x9b, 0x01, 0x9b, 
	0x01, 0x9b, 0x01, 0x9b, 0x01, 0x9b, 0x01, 0x9b, 
	0x01, 0x9b, 0x01, 0x9b, 0x01, 0x9b, 0x01, 0x9b, 
	0x01, 0x9b, 0x01, 0x9b, 0x01, 0x9b, 0x01, 0x9b, 
	0x01, 0x9b, 0x01, 0x9b, 0x01, 0x9b, 0x01, 0x9b, 
	0x01, 0x9b, 0x01, 0x9b, 0x01, 0x9b, 0x01, 0x9b, 
	0x01, 0x9d, 0x01, 0x9d, 0x01, 0x9d, 0x01, 0x9d, 
	0x01, 0x9b, 0x01, 0x9b, 0x01, 0x9b, 0x01, 0x9b, 
	0x01, 0x9b, 0x01, 0x9b, 0x01, 0x9b, 0x01, 0x9b, 
	0x01, 0x9b, 0x01, 0x9b, 0x01, 0x9b, 0x01, 0x9b, 
	0x01, 0x9b, 0x01, 0x9b, 0x01, 0x9b, 0x01, 0x9b, 
	0x01, 0x9b, 0x01, 0x9b, 0x01, 0x9b, 0x01, 0x9b, 
	0x01, 0x9b, 0x01, 0x9b, 0x01, 0x9b, 0x01, 0x9b, 
	0x01, 0x9b, 0x01, 0x9b, 0x01, 0x9b, 0x01, 0x9b, 
	0x01, 0x9b, 0x01, 0x9b, 0x01, 0x9b, 0x01, 0x9b, 
	0x01, 0x9b, 0x01, 0x9b, 0x01, 0x9b, 0x01, 0x9b, 
	0x01, 0x9b, 0x01, 0x9b, 0x01, 0x9b, 0x01, 0x9b, 
	0x01, 0x9b, 0x01, 0x9b, 0x01, 0x9b, 0x01, 0x9b, 
	0x01, 0x9d, 0x01, 0x9d, 0x01, 0x9b, 0x01, 0x9d, 
	0x01, 0x9b, 0x01, 0x9b, 0x01, 0x9b, 0x01, 0x9d, 
	0x01, 0x9b, 0x01, 0x9b, 0x01, 0x9b, 0x01, 0x9b, 
	0x01, 0x9b, 0x01, 0x9b, 0x01, 0x9b, 0x01, 0x9b, 
	0x01, 0x9b, 0x01, 0x9b, 0x01, 0x9b, 0x01, 0x9b, 
	0x01, 0x9b, 0x01, 0x9b, 0x01, 0x9b, 0x01, 0x9b, 
	0x01, 0x9b, 0x01, 0x9b, 0x01, 0x9b, 0x01, 0x9b, 
	0x01, 0x9b, 0x01, 0x9b, 0x01, 0x9b, 0x01, 0x9b, 
	0x01, 0x9b, 0x01, 0x9b, 0x01, 0x9b, 0x01, 0x9b, 
	0x01, 0x9b, 0x01, 0x9b, 0x01, 0x9b, 0x01, 0x9b, 
	0x01, 0x9b, 0x01, 0x9b, 0x01, 0x9b, 0x01, 0x9b, 
	0x01, 0x9b, 0x01, 0x9b, 0x01, 0x9b, 0x01, 0x9b, 
	0x01, 0x9b, 0x01, 0x9b, 0x01, 0x9b, 0x01, 0x9b, 
	0x01, 0x9b, 0x01, 0x9b, 0x01, 0x9b, 0x01, 0x9b, 
	0x01, 0x9b, 0x01, 0x9b, 0x01, 0x9b, 0x01, 0x9b, 
	0x01, 0x9b, 0x01, 0x9b, 0x01, 0x9b, 0x01, 0x9b, 
	0x01, 0x9b, 0x01, 0x9b, 0x01, 0x9b, 0x01, 0x9b, 
	0x01, 0x9b, 0x01, 0x9b, 0x01, 0x9b, 0x01, 0x9b, 
	0x01, 0x9b, 0x01, 0x9b, 0x01, 0x9b, 0x01, 0x9b, 
	0x01, 0x9b, 0x01, 0x9b, 0x01, 0x9b, 0x01, 0x9b, 
	0x01, 0x9b, 0x01, 0x9b, 0x01, 0x9b, 0x01, 0x9b, 
	0x01, 0x9b, 0x01, 0x9b, 0x01, 0x9b, 0x01, 0x9b, 
	0x01, 0x9b, 0x01, 0x9b, 0x01, 0x9b, 0x01, 0x9b, 
	0x01, 0x9b, 0x01, 0x9b, 0x01, 0x9b, 0x01, 0x9b, 
	0x01, 0x9b, 0x01, 0x9b, 0x01, 0x9b, 0x01, 0x9b, 
	0x01, 0x9b, 0x01, 0x9b, 0x01, 0x9b, 0x01, 0x9b, 
	0x01, 0x9b, 0x01, 0x9b, 0x01, 0x9b, 0x01, 0x9b, 
	0x01, 0x9b, 0x01, 0x9b, 0x01, 0x9b, 0x01, 0x9b, 
	0x01, 0x9d, 0x01, 0x9d, 0x01, 0x9d, 0x01, 0x9d, 
	0x01, 0x9d, 0x01, 0x9d, 0x01, 0x9d, 0x01, 0x9d, 
	0x01, 0x5b, 0x01, 0x5b, 0x01, 0x5b, 0x6d, 0x33, 
	0xc7, 0xff, 0xc7, 0xff, 0xc7, 0xff, 0xc7, 0xff, 
	0xb7, 0x7f, 0xb7, 0x7f, 0x7e, 0x3d, 0x7e, 0x3d, 
	0x7d, 0xfb, 0x8e, 0x7d, 0x8e, 0x7d, 0x8e, 0x7d, 
	0x8e, 0x7f, 0x64, 0xf5, 0x54, 0x31, 0x54, 0x31, 
	0x4c, 0x2f, 0x4c, 0x2f, 0x5c, 0x73, 0x64, 0xf5, 
	0x5c, 0xb3, 0x54, 0x73, 0x54, 0x71, 0x5c, 0xb3, 
	0x64, 0xf5, 0x96, 0x39, 0xbf, 0xbf, 0xbf, 0xbf, 
	0xc7, 0xff, 0xc7, 0xff, 0xc7, 0xff, 0x64, 0xad, 
	0x7d, 0x31, 0xb7, 0x7f, 0xb7, 0x7f, 0x7d, 0x31, 
	0x3b, 0xab, 0x01, 0x59, 0x01, 0x59, 0x01, 0x59, 
	0x01, 0x59, 0x01, 0x59, 0x01, 0x59, 0x01, 0x59, 
	0x01, 0x5b, 0x01, 0x5b, 0x01, 0x5b, 0x01, 0x5b, 
	0x01, 0x5b, 0x01, 0x5b, 0x01, 0x5b, 0x01, 0x5b, 
	0x01, 0x5b, 0x01, 0x5b, 0x01, 0x9b, 0x01, 0x9b, 
	0x01, 0x9b, 0x01, 0x9b, 0x01, 0x9b, 0x01, 0x9b, 
	0x01, 0x9b, 0x01, 0x9b, 0x01, 0x9b, 0x01, 0x9b, 
	0x01, 0x9b, 0x01, 0x9b, 0x01, 0x9b, 0x01, 0x9b, 
	0x01, 0x9b, 0x01, 0x9b, 0x01, 0x9b, 0x01, 0x9b, 
	0x01, 0x9b, 0x01, 0x9b, 0x01, 0x9b, 0x01, 0x9b, 
	0x01, 0x9b, 0x01, 0x9b, 0x01, 0x9b, 0x01, 0x9b, 
	0x01, 0x9b, 0x01, 0x9b, 0x01, 0x9b, 0x01, 0x9d, 
	0x01, 0x9d, 0x01, 0x9d, 0x01, 0x9d, 0x01, 0x9d, 
	0x01, 0x9b, 0x01, 0x9d, 0x01, 0x9b, 0x01, 0x9b, 
	0x01, 0x9b, 0x01, 0x9b, 0x01, 0x9b, 0x01, 0x9b, 
	0x01, 0x9b, 0x01, 0x9b, 0x01, 0x9b, 0x01, 0x9b, 
	0x01, 0x9b, 0x01, 0x9b, 0x01, 0x9b, 0x01, 0x9b, 
	0x01, 0x9d, 0x01, 0x9d, 0x01, 0x9d, 0x01, 0x9d, 
	0x01, 0x9b, 0x01, 0x9b, 0x01, 0x9b, 0x01, 0x9b, 
	0x01, 0x9b, 0x01, 0x9b, 0x01, 0x9b, 0x01, 0x9b, 
	0x01, 0x9b, 0x01, 0x9b, 0x01, 0x9b, 0x01, 0x9b, 
	0x01, 0x9b, 0x01, 0x9b, 0x01, 0x9b, 0x01, 0x9d, 
	0x01, 0x9d, 0x01, 0x9d, 0x01, 0x9b, 0x01, 0x9b, 
	0x01, 0x9b, 0x01, 0x9b, 0x01, 0x9d, 0x01, 0x9d, 
	0x01, 0x9d, 0x01, 0x9d, 0x01, 0x9d, 0x01, 0x9d, 
	0x01, 0x9b, 0x01, 0x9d, 0x01, 0x9d, 0x01, 0x9d, 
	0x01, 0x9d, 0x01, 0x9b, 0x01, 0x9b, 0x01, 0x9b, 
	0x01, 0x9b, 0x01, 0x9b, 0x01, 0x9b, 0x01, 0x9b, 
	0x01, 0x9b, 0x01, 0x9b, 0x01, 0x9b, 0x01, 0x9b, 
	0x01, 0x9b, 0x01, 0x9b, 0x01, 0x9b, 0x01, 0x9b, 
	0x01, 0x9b, 0x01, 0x9b, 0x01, 0x9b, 0x01, 0x9b, 
	0x01, 0x9b, 0x01, 0x9b, 0x01, 0x9b, 0x01, 0x9b, 
	0x01, 0x9b, 0x01, 0x9b, 0x01, 0x9b, 0x01, 0x9b, 
	0x01, 0x9b, 0x01, 0x9b, 0x01, 0x9b, 0x01, 0x9b, 
	0x01, 0x9b, 0x01, 0x9b, 0x01, 0x9b, 0x01, 0x9b, 
	0x01, 0x9b, 0x01, 0x9b, 0x01, 0x9b, 0x01, 0x9b, 
	0x01, 0x9b, 0x01, 0x9b, 0x01, 0x9b, 0x01, 0x9b, 
	0x01, 0x9b, 0x01, 0x9b, 0x01, 0x9b, 0x01, 0x9b, 
	0x01, 0x9b, 0x01, 0x9b, 0x01, 0x9b, 0x01, 0x9b, 
	0x01, 0x9b, 0x01, 0x9b, 0x01, 0x9b, 0x01, 0x9b, 
	0x01, 0x9b, 0x01, 0x9b, 0x01, 0x9b, 0x01, 0x9b, 
	0x01, 0x9b, 0x01, 0x9b, 0x01, 0x9b, 0x01, 0x9b, 
	0x01, 0x9b, 0x01, 0x9b, 0x01, 0x9b, 0x01, 0x9b, 
	0x01, 0x9b, 0x01, 0x9b, 0x01, 0x9b, 0x01, 0x9b, 
	0x01, 0x9b, 0x01, 0x9b, 0x01, 0x9b, 0x01, 0x9b, 
	0x01, 0x9b, 0x01, 0x9b, 0x01, 0x9b, 0x01, 0x9b, 
	0x01, 0x9b, 0x01, 0x9b, 0x01, 0x9b, 0x01, 0x9b, 
	0x01, 0x9b, 0x01, 0x9b, 0x01, 0x9b, 0x01, 0x9b, 
	0x01, 0x9b, 0x01, 0x9b, 0x01, 0x9b, 0x01, 0x9b, 
	0x01, 0x9b, 0x01, 0x9b, 0x01, 0x9b, 0x01, 0x9b, 
	0x01, 0x9b, 0x01, 0x9b, 0x01, 0x9b, 0x01, 0x9b, 
	0x01, 0x9b, 0x01, 0x9b, 0x01, 0x9b, 0x01, 0x9d, 
	0x01, 0x9d, 0x01, 0x9d, 0x01, 0x9d, 0x01, 0x9d, 
	0x01, 0x9d, 0x01, 0x9d, 0x01, 0x9d, 0x01, 0x9d, 
	0x01, 0x5b, 0x01, 0x5b, 0x3b, 0x67, 0xa7, 0x3f, 
	0xc7, 0xff, 0xaf, 0x3f, 0xaf, 0x3f, 0xaf, 0x3f, 
	0x9e, 0xbd, 0x9e, 0xbd, 0x7e, 0x3d, 0x7e, 0x3d, 
	0x6d, 0x79, 0x6d, 0x79, 0x7d, 0xfb, 0x7d, 0xfb, 
	0x64, 0xf5, 0x64, 0xf5, 0x54, 0x31, 0x54, 0x31, 
	0x4c, 0x2f, 0x4c, 0x2f, 0x5c, 0x73, 0x64, 0xf5, 
	0x5c, 0xb5, 0x5c, 0xb3, 0x54, 0x73, 0x54, 0x73, 
	0x64, 0xf5, 0x96, 0x39, 0xbf, 0xbf, 0xbf, 0xbf, 
	0xc7, 0xff, 0xc7, 0xff, 0xc7, 0xff, 0xc7, 0xff, 
	0xb7, 0x7f, 0xb7, 0x7f, 0xb7, 0x7f, 0xb7, 0x7f, 
	0x5c, 0xb3, 0x01, 0x59, 0x01, 0x59, 0x01, 0x59, 
	0x01, 0x59, 0x01, 0x59, 0x01, 0x59, 0x01, 0x59, 
	0x01, 0x5b, 0x01, 0x5b, 0x01, 0x5b, 0x01, 0x5b, 
	0x01, 0x5b, 0x01, 0x5b, 0x01, 0x5b, 0x01, 0x5b, 
	0x01, 0x5b, 0x01, 0x5b, 0x01, 0x9b, 0x01, 0x9b, 
	0x01, 0x9b, 0x01, 0x9b, 0x01, 0x9b, 0x01, 0x9b, 
	0x01, 0x9b, 0x01, 0x9b, 0x01, 0x9b, 0x01, 0x9b, 
	0x01, 0x9b, 0x01, 0x9b, 0x01, 0x9b, 0x01, 0x9b, 
	0x01, 0x9b, 0x01, 0x9b, 0x01, 0x9b, 0x01, 0x9b, 
	0x01, 0x9b, 0x01, 0x9b, 0x01, 0x9b, 0x01, 0x9b, 
	0x01, 0x9b, 0x01, 0x9b, 0x01, 0x9b, 0x01, 0x9b, 
	0x01, 0x9b, 0x01, 0x9b, 0x01, 0x9b, 0x01, 0x9d, 
	0x01, 0x9d, 0x01, 0x9d, 0x01, 0x9d, 0x01, 0x9d, 
	0x01, 0x9d, 0x01, 0x9d, 0x01, 0x9b, 0x01, 0x9b, 
	0x01, 0x9b, 0x01, 0x9b, 0x01, 0x9b, 0x01, 0x9d, 
	0x01, 0x9d, 0x01, 0x9b, 0x01, 0x9b, 0x01, 0x9b, 
	0x01, 0x9b, 0x01, 0x9b, 0x01, 0x9b, 0x01, 0x9b, 
	0x01, 0x9d, 0x01, 0x9d, 0x01, 0x9d, 0x01, 0x9d, 
	0x01, 0x9b, 0x01, 0x9b, 0x01, 0x9b, 0x01, 0x9b, 
	0x01, 0x9d, 0x01, 0x9d, 0x01, 0x9d, 0x01, 0x9b, 
	0x01, 0x9b, 0x01, 0x9b, 0x01, 0x9d, 0x01, 0x9d, 
	0x01, 0x9d, 0x01, 0x9d, 0x01, 0x9d, 0x01, 0x9d, 
	0x01, 0x9d, 0x01, 0x9d, 0x01, 0x9d, 0x01, 0x9d, 
	0x01, 0x9d, 0x01, 0x9d, 0x01, 0x9d, 0x01, 0x9d, 
	0x01, 0x9d, 0x01, 0x9d, 0x01, 0x9d, 0x01, 0x9d, 
	0x01, 0x9b, 0x01, 0x9d, 0x01, 0x9d, 0x01, 0x9d, 
	0x01, 0x9d, 0x01, 0x9d, 0x01, 0x9b, 0x01, 0x9b, 
	0x01, 0x9b, 0x01, 0x9b, 0x01, 0x9b, 0x01, 0x9b, 
	0x01, 0x9b, 0x01, 0x9b, 0x01, 0x9b, 0x01, 0x9b, 
	0x01, 0x9b, 0x01, 0x9b, 0x01, 0x9b, 0x01, 0x9b, 
	0x01, 0x9b, 0x01, 0x9b, 0x01, 0x9b, 0x01, 0x9b, 
	0x01, 0x9b, 0x01, 0x9b, 0x01, 0x9b, 0x01, 0x9b, 
	0x01, 0x9b, 0x01, 0x9b, 0x01, 0x9b, 0x01, 0x9b, 
	0x01, 0x9b, 0x01, 0x9b, 0x01, 0x9b, 0x01, 0x9b, 
	0x01, 0x9b, 0x01, 0x9b, 0x01, 0x9b, 0x01, 0x9b, 
	0x01, 0x9b, 0x01, 0x9b, 0x01, 0x9b, 0x01, 0x9b, 
	0x01, 0x9b, 0x01, 0x9b, 0x01, 0x9b, 0x01, 0x9b, 
	0x01, 0x9b, 0x01, 0x9b, 0x01, 0x9b, 0x01, 0x9b, 
	0x01, 0x9b, 0x01, 0x9b, 0x01, 0x9b, 0x01, 0x9b, 
	0x01, 0x9b, 0x01, 0x9b, 0x01, 0x9b, 0x01, 0x9b, 
	0x01, 0x9b, 0x01, 0x9b, 0x01, 0x9b, 0x01, 0x9b, 
	0x01, 0x9b, 0x01, 0x9b, 0x01, 0x9b, 0x01, 0x9b, 
	0x01, 0x9b, 0x01, 0x9b, 0x01, 0x9b, 0x01, 0x9b, 
	0x01, 0x9b, 0x01, 0x9b, 0x01, 0x9b, 0x01, 0x9b, 
	0x01, 0x9b, 0x01, 0x9b, 0x01, 0x9b, 0x01, 0x9b, 
	0x01, 0x9b, 0x01, 0x9b, 0x01, 0x9b, 0x01, 0x9b, 
	0x01, 0x9b, 0x01, 0x9b, 0x01, 0x9b, 0x01, 0x9b, 
	0x01, 0x9b, 0x01, 0x9b, 0x01, 0x9b, 0x01, 0x9b, 
	0x01, 0x9b, 0x01, 0x9b, 0x01, 0x9b, 0x01, 0x9b, 
	0x01, 0x9b, 0x01, 0x9b, 0x01, 0x9b, 0x01, 0x9b, 
	0x01, 0x9d, 0x01, 0x9d, 0x01, 0x9d, 0x01, 0x9d, 
	0x01, 0x9d, 0x01, 0x9d, 0x01, 0x9d, 0x01, 0x9d, 
	0x01, 0x9d, 0x01, 0x9d, 0x01, 0x9d, 0x01, 0x9d, 
	0x01, 0x9d, 0x01, 0x9d, 0x01, 0x9d, 0x01, 0x9d, 
	0x01, 0x5b, 0x01, 0x5b, 0x6d, 0x33, 0xa7, 0x3f, 
	0x96, 0xbd, 0x7d, 0xfd, 0x7d, 0xfd, 0x96, 0xbd, 
	0x9e, 0xbd, 0x9e, 0xbd, 0x9e, 0xbd, 0x7e, 0x3d, 
	0x8e, 0x7d, 0x7d, 0xfb, 0x7d, 0xfb, 0x6d, 0x79, 
	0x64, 0xf5, 0x54, 0x31, 0x54, 0x31, 0x54, 0x31, 
	0x4c, 0x2f, 0x4c, 0x2f, 0x64, 0xf5, 0x64, 0xf5, 
	0x5c, 0xb5, 0x5c, 0xb5, 0x5c, 0xb5, 0x5c, 0xb5, 
	0x64, 0xf5, 0x96, 0x39, 0xbf, 0xbf, 0xbf, 0xbf, 
	0xc7, 0xff, 0xc7, 0xff, 0xc7, 0xff, 0xc7, 0xff, 
	0xb7, 0x7f, 0xb7, 0x7f, 0x7d, 0x31, 0xb7, 0x7f, 
	0x3b, 0xab, 0x01, 0x59, 0x01, 0x59, 0x01, 0x59, 
	0x33, 0x25, 0x6d, 0x33, 0x33, 0x25, 0x01, 0x59, 
	0x01, 0x5b, 0x01, 0x9b, 0x01, 0x5b, 0x01, 0x5b, 
	0x01, 0x5b, 0x01, 0x5b, 0x01, 0x5b, 0x01, 0x5b, 
	0x01, 0x5b, 0x01, 0x5b, 0x01, 0x9b, 0x01, 0x9b, 
	0x01, 0x9b, 0x01, 0x9b, 0x01, 0x9b, 0x01, 0x9b, 
	0x01, 0x9b, 0x01, 0x9b, 0x01, 0x9b, 0x01, 0x9b, 
	0x01, 0x9b, 0x01, 0x9b, 0x01, 0x9b, 0x01, 0x9b, 
	0x01, 0x9b, 0x01, 0x9b, 0x01, 0x9b, 0x01, 0x9b, 
	0x01, 0x9b, 0x01, 0x9b, 0x01, 0x9b, 0x01, 0x9b, 
	0x01, 0x9b, 0x01, 0x9b, 0x01, 0x9b, 0x01, 0x9b, 
	0x01, 0x9b, 0x01, 0x9b, 0x01, 0x9d, 0x01, 0x9d, 
	0x01, 0xdd, 0x01, 0xdd, 0x01, 0x9d, 0x01, 0x9d, 
	0x01, 0x9d, 0x01, 0x9d, 0x01, 0x9b, 0x01, 0x9d, 
	0x01, 0x9b, 0x01, 0x9b, 0x01, 0x9b, 0x01, 0x9d, 
	0x01, 0x9d, 0x01, 0x9d, 0x01, 0x9d, 0x01, 0x9d, 
	0x01, 0x9d, 0x01, 0x9d, 0x01, 0x9d, 0x01, 0x9b, 
	0x01, 0x9d, 0x01, 0x9d, 0x01, 0x9d, 0x01, 0x9d, 
	0x01, 0xdd, 0x01, 0x9b, 0x01, 0x9b, 0x01, 0x9b, 
	0x01, 0x9d, 0x01, 0x9d, 0x01, 0x9d, 0x01, 0x9b, 
	0x01, 0x9d, 0x01, 0x9b, 0x01, 0x9d, 0x01, 0x9d, 
	0x01, 0x9d, 0x01, 0x9d, 0x01, 0x9d, 0x01, 0x9d, 
	0x01, 0x9d, 0x01, 0x9d, 0x01, 0x9d, 0x01, 0x9d, 
	0x01, 0x9d, 0x01, 0x9d, 0x01, 0x9d, 0x01, 0x9d, 
	0x01, 0x9d, 0x01, 0x9d, 0x01, 0x9d, 0x01, 0x9d, 
	0x01, 0x9d, 0x01, 0x9d, 0x01, 0x9d, 0x01, 0x9d, 
	0x01, 0x9d, 0x01, 0x9d, 0x01, 0x9d, 0x01, 0x9d, 
	0x01, 0x9b, 0x01, 0x9b, 0x01, 0x9b, 0x01, 0x9b, 
	0x01, 0x9b, 0x01, 0x9b, 0x01, 0x9b, 0x01, 0x9b, 
	0x01, 0x9b, 0x01, 0x9b, 0x01, 0x9b, 0x01, 0x9b, 
	0x01, 0x9b, 0x01, 0x9b, 0x01, 0x9b, 0x01, 0x9b, 
	0x01, 0x9b, 0x01, 0x9b, 0x01, 0x9b, 0x01, 0x9b, 
	0x01, 0x9b, 0x01, 0x9b, 0x01, 0x9b, 0x01, 0x9b, 
	0x01, 0x9b, 0x01, 0x9b, 0x01, 0x9b, 0x01, 0x9b, 
	0x01, 0x9b, 0x01, 0x9b, 0x01, 0x9b, 0x01, 0x9b, 
	0x01, 0x9b, 0x01, 0x9b, 0x01, 0x9b, 0x01, 0x9b, 
	0x01, 0x9b, 0x01, 0x9b, 0x01, 0x9b, 0x01, 0x9b, 
	0x01, 0x9b, 0x01, 0x9b, 0x01, 0x9b, 0x01, 0x9b, 
	0x01, 0x9b, 0x01, 0x9b, 0x01, 0x9b, 0x01, 0x9b, 
	0x01, 0x9b, 0x01, 0x9b, 0x01, 0x9b, 0x01, 0x9b, 
	0x01, 0x9b, 0x01, 0x9b, 0x01, 0x9b, 0x01, 0x9b, 
	0x01, 0x9b, 0x01, 0x9b, 0x01, 0x9b, 0x01, 0x9b, 
	0x01, 0x9b, 0x01, 0x9b, 0x01, 0x9b, 0x01, 0x9b, 
	0x01, 0x9b, 0x01, 0x9b, 0x01, 0x9b, 0x01, 0x9b, 
	0x01, 0x9b, 0x01, 0x9b, 0x01, 0x9b, 0x01, 0x9b, 
	0x01, 0x9b, 0x01, 0x9d, 0x01, 0x9d, 0x01, 0x9d, 
	0x01, 0x9b, 0x01, 0x9b, 0x01, 0x9b, 0x01, 0x9b, 
	0x01, 0x9b, 0x01, 0x9d, 0x01, 0x9d, 0x01, 0x9d, 
	0x01, 0x9d, 0x01, 0x9d, 0x01, 0x9d, 0x01, 0x9d, 
	0x01, 0x9d, 0x01, 0x9d, 0x01, 0x9d, 0x01, 0x9d, 
	0x01, 0x9d, 0x01, 0x9d, 0x01, 0x9d, 0x01, 0x9d, 
	0x01, 0x9d, 0x01, 0x9d, 0x01, 0x9d, 0x01, 0x9d, 
	0x01, 0x9d, 0x01, 0x9d, 0x01, 0x9d, 0x01, 0x9d, 
	0x01, 0x9d, 0x01, 0x9d, 0x01, 0x9d, 0x01, 0x9d, 
	0x01, 0x9b, 0x01, 0x9b, 0x2b, 0x27, 0x86, 0x3f, 
	0x7d, 0xff, 0x75, 0x7d, 0x6d, 0x39, 0x75, 0x7d, 
	0x7d, 0xfb, 0x96, 0xbf, 0x96, 0xbf, 0x96, 0xbf, 
	0x9e, 0xff, 0x75, 0xb9, 0x75, 0xb9, 0x64, 0xf7, 
	0x5c, 0xb3, 0x54, 0x71, 0x54, 0x71, 0x54, 0x71, 
	0x54, 0x71, 0x54, 0x71, 0x64, 0xf5, 0x64, 0xf5, 
	0x5c, 0xb5, 0x6d, 0x37, 0x5c, 0xb5, 0x54, 0x71, 
	0x5c, 0xb3, 0x75, 0x77, 0x86, 0x3b, 0x9f, 0x3f, 
	0xc7, 0xff, 0xa6, 0xfd, 0xc7, 0xff, 0xc7, 0xff, 
	0x9f, 0x3f, 0x9f, 0x3f, 0x86, 0x3d, 0x6d, 0x79, 
	0x64, 0xf5, 0x3b, 0x71, 0x64, 0xf5, 0x8e, 0x3b, 
	0xa7, 0x7f, 0xa7, 0x7f, 0x75, 0xb7, 0x12, 0x65, 
	0x01, 0x19, 0x01, 0x9d, 0x01, 0x5b, 0x01, 0x5b, 
	0x01, 0x5b, 0x01, 0x5b, 0x01, 0x5b, 0x01, 0x5b, 
	0x01, 0x5d, 0x01, 0x5d, 0x01, 0x9b, 0x01, 0x9b, 
	0x01, 0x9b, 0x01, 0x9b, 0x01, 0x9b, 0x01, 0x9b, 
	0x01, 0x9b, 0x01, 0x9b, 0x01, 0x9b, 0x01, 0x9b, 
	0x01, 0x9b, 0x01, 0x9b, 0x01, 0x9b, 0x01, 0x9b, 
	0x01, 0x9b, 0x01, 0x9b, 0x01, 0x9b, 0x01, 0x9b, 
	0x01, 0x9b, 0x01, 0x9b, 0x01, 0x9b, 0x01, 0x9b, 
	0x01, 0x9b, 0x01, 0x9b, 0x01, 0x9b, 0x01, 0x9b, 
	0x01, 0x9d, 0x01, 0x9d, 0x01, 0x9d, 0x01, 0xdd, 
	0x01, 0x9d, 0x01, 0xdd, 0x01, 0xdd, 0x01, 0xdd, 
	0x01, 0xdd, 0x01, 0x9d, 0x01, 0xdd, 0x01, 0x9d, 
	0x01, 0x9d, 0x01, 0xdd, 0x01, 0x9d, 0x01, 0xdd, 
	0x01, 0x9d, 0x01, 0x9d, 0x01, 0x9d, 0x01, 0x9d, 
	0x01, 0x9d, 0x01, 0x9d, 0x01, 0x9d, 0x01, 0x9d, 
	0x01, 0x9d, 0x01, 0x9d, 0x01, 0x9d, 0x01, 0x9d, 
	0x01, 0xdd, 0x01, 0x9d, 0x01, 0x9d, 0x01, 0x9d, 
	0x01, 0x9d, 0x01, 0x9d, 0x01, 0x9d, 0x01, 0x9d, 
	0x01, 0x9d, 0x01, 0x9d, 0x01, 0x9d, 0x01, 0x9d, 
	0x01, 0x9d, 0x01, 0x9d, 0x01, 0x9d, 0x01, 0x9d, 
	0x01, 0x9d, 0x01, 0x9d, 0x01, 0x9d, 0x01, 0x9d, 
	0x01, 0x9d, 0x01, 0x9d, 0x01, 0x9d, 0x01, 0x9d, 
	0x01, 0x9d, 0x01, 0x9d, 0x01, 0x9d, 0x01, 0x9d, 
	0x01, 0x9d, 0x01, 0x9d, 0x01, 0x9d, 0x01, 0x9d, 
	0x01, 0x9d, 0x01, 0x9d, 0x01, 0x9d, 0x01, 0x9d, 
	0x01, 0x9d, 0x01, 0x9b, 0x01, 0x9b, 0x01, 0x9b, 
	0x01, 0x9b, 0x01, 0x9b, 0x01, 0x9b, 0x01, 0x9b, 
	0x01, 0x9b, 0x01, 0x9b, 0x01, 0x9b, 0x01, 0x9b, 
	0x01, 0x9b, 0x01, 0x9b, 0x01, 0x9b, 0x01, 0x9b, 
	0x01, 0x9b, 0x01, 0x9b, 0x01, 0x9b, 0x01, 0x9b, 
	0x01, 0x9b, 0x01, 0x9b, 0x01, 0x9b, 0x01, 0x9b, 
	0x01, 0x9b, 0x01, 0x9b, 0x01, 0x9b, 0x01, 0x9b, 
	0x01, 0x9b, 0x01, 0x9b, 0x01, 0x9b, 0x01, 0x9b, 
	0x01, 0x9b, 0x01, 0x9b, 0x01, 0x9d, 0x01, 0x9d, 
	0x01, 0x9d, 0x01, 0x9d, 0x01, 0x9d, 0x01, 0x9d, 
	0x01, 0x9d, 0x01, 0x9b, 0x01, 0x9b, 0x01, 0x9d, 
	0x01, 0x9d, 0x01, 0x9b, 0x01, 0x9d, 0x01, 0x9d, 
	0x01, 0x9b, 0x01, 0x9b, 0x01, 0x9d, 0x01, 0x9b, 
	0x01, 0x9b, 0x01, 0x9b, 0x01, 0x9b, 0x01, 0x9b, 
	0x01, 0x9b, 0x01, 0x9b, 0x01, 0x9b, 0x01, 0x9b, 
	0x01, 0x9b, 0x01, 0x9b, 0x01, 0x9b, 0x01, 0x9b, 
	0x01, 0x9b, 0x01, 0x9b, 0x01, 0x9b, 0x01, 0x9b, 
	0x01, 0x9b, 0x01, 0x9b, 0x01, 0x9b, 0x01, 0x9b, 
	0x01, 0x9d, 0x01, 0x9d, 0x01, 0x9d, 0x01, 0x9d, 
	0x01, 0x9d, 0x01, 0x9d, 0x01, 0x9d, 0x01, 0x9d, 
	0x01, 0x9d, 0x01, 0x9d, 0x01, 0x9d, 0x01, 0x9d, 
	0x01, 0x9d, 0x01, 0x9d, 0x01, 0x9d, 0x01, 0x9d, 
	0x01, 0x9d, 0x01, 0x9d, 0x01, 0x9d, 0x01, 0x9d, 
	0x01, 0x9d, 0x01, 0x9d, 0x01, 0x9d, 0x01, 0x9d, 
	0x01, 0x9d, 0x01, 0x9d, 0x01, 0x9d, 0x01, 0x9d, 
	0x01, 0x9d, 0x01, 0x9d, 0x01, 0x9d, 0x01, 0x9d, 
	0x01, 0x9d, 0x01, 0x9d, 0x01, 0x9d, 0x01, 0x9d, 
	0x01, 0x9b, 0x01, 0x9b, 0x01, 0x9b, 0x2b, 0x27, 
	0x7d, 0xff, 0x75, 0x7d, 0x75, 0x7d, 0x6d, 0x39, 
	0x75, 0x79, 0x75, 0x79, 0x8e, 0x3d, 0x96, 0xbf, 
	0x8e, 0x3d, 0x75, 0xb9, 0x64, 0xf7, 0x64, 0xf7, 
	0x5c, 0xb3, 0x54, 0x71, 0x54, 0x71, 0x54, 0x71, 
	0x54, 0x71, 0x64, 0xf5, 0x64, 0xf5, 0x64, 0xf5, 
	0x6d, 0x37, 0x75, 0xbb, 0x6d, 0x37, 0x54, 0x71, 
	0x5c, 0xb3, 0x5c, 0xb3, 0x75, 0x77, 0x75, 0x77, 
	0x85, 0xf9, 0xa6, 0xfd, 0xc7, 0xff, 0xa6, 0xfd, 
	0x86, 0x3d, 0x86, 0x3d, 0x6d, 0x79, 0x54, 0x77, 
	0x3b, 0x71, 0x64, 0xf5, 0xb7, 0xbf, 0xb7, 0xbf, 
	0xa7, 0x7f, 0xa7, 0x7f, 0x75, 0xb7, 0x12, 0x65, 
	0x01, 0x17, 0x01, 0x9d, 0x01, 0x9d, 0x01, 0x9d, 
	0x01, 0x9d, 0x01, 0x9d, 0x01, 0x9d, 0x01, 0x5b, 
	0x01, 0x5d, 0x01, 0x5d, 0x01, 0x9b, 0x01, 0x9b, 
	0x01, 0x9b, 0x01, 0x9b, 0x01, 0x9b, 0x01, 0x9b, 
	0x01, 0x9b, 0x01, 0x9b, 0x01, 0x9b, 0x01, 0x9b, 
	0x01, 0x9b, 0x01, 0x9b, 0x01, 0x9b, 0x01, 0x9b, 
	0x01, 0x9b, 0x01, 0x9b, 0x01, 0x9b, 0x01, 0x9b, 
	0x01, 0x9b, 0x01, 0x9b, 0x01, 0x9b, 0x01, 0x9b, 
	0x01, 0x9d, 0x01, 0x9d, 0x01, 0x9b, 0x01, 0x9d, 
	0x01, 0x9d, 0x01, 0x9d, 0x01, 0x9d, 0x01, 0xdd, 
	0x01, 0x9d, 0x01, 0x9d, 0x01, 0xdd, 0x01, 0xdd, 
	0x01, 0xdd, 0x01, 0xdd, 0x01, 0xdd, 0x01, 0xdd, 
	0x01, 0xdd, 0x01, 0xdd, 0x01, 0xdd, 0x01, 0xdd, 
	0x01, 0xdd, 0x01, 0x9d, 0x01, 0x9d, 0x01, 0x9d, 
	0x01, 0x9d, 0x01, 0x9d, 0x01, 0x9d, 0x01, 0x9d, 
	0x01, 0x9d, 0x01, 0x9d, 0x01, 0xdd, 0x01, 0xdd, 
	0x01, 0xdd, 0x01, 0xdd, 0x01, 0xdd, 0x01, 0xdd, 
	0x01, 0xdd, 0x01, 0xdd, 0x01, 0x9d, 0x01, 0xdd, 
	0x01, 0xdd, 0x01, 0x9d, 0x01, 0x9d, 0x01, 0xdd, 
	0x01, 0x9d, 0x01, 0x9d, 0x01, 0xdd, 0x01, 0xdd, 
	0x01, 0xdd, 0x01, 0x9d, 0x01, 0x9d, 0x01, 0x9d, 
	0x01, 0x9d, 0x01, 0xdd, 0x01, 0xdd, 0x01, 0xdd, 
	0x01, 0xdd, 0x01, 0x9d, 0x01, 0x9d, 0x01, 0x9d, 
	0x01, 0x9d, 0x01, 0xdd, 0x01, 0x9d, 0x01, 0x9d, 
	0x01, 0x9d, 0x01, 0x9d, 0x01, 0x9d, 0x01, 0x9d, 
	0x01, 0x9d, 0x01, 0x9b, 0x01, 0x9b, 0x01, 0x9b, 
	0x01, 0x9b, 0x01, 0x9b, 0x01, 0x9b, 0x01, 0x9b, 
	0x01, 0x9b, 0x01, 0x9b, 0x01, 0x9b, 0x01, 0x9b, 
	0x01, 0x9b, 0x01, 0x9b, 0x01, 0x9b, 0x01, 0x9b, 
	0x01, 0x9b, 0x01, 0x9b, 0x01, 0x9b, 0x01, 0x9b, 
	0x01, 0x9b, 0x01, 0x9b, 0x01, 0x9b, 0x01, 0x9b, 
	0x01, 0x9b, 0x01, 0x9b, 0x01, 0x9b, 0x01, 0x9b, 
	0x01, 0x9b, 0x01, 0x9d, 0x01, 0x9b, 0x01, 0x9b, 
	0x01, 0x9d, 0x01, 0x9d, 0x01, 0x9d, 0x01, 0x9d, 
	0x01, 0x9d, 0x01, 0x9d, 0x01, 0x9d, 0x01, 0x9d, 
	0x01, 0x9d, 0x01, 0x9d, 0x01, 0x9d, 0x01, 0x9d, 
	0x01, 0x9d, 0x01, 0x9d, 0x01, 0x9d, 0x01, 0x9d, 
	0x01, 0x9d, 0x01, 0x9d, 0x01, 0x9d, 0x01, 0x9d, 
	0x01, 0x9b, 0x01, 0x9b, 0x01, 0x9b, 0x01, 0x9b, 
	0x01, 0x9b, 0x01, 0x9b, 0x01, 0x9b, 0x01, 0x9b, 
	0x01, 0x9d, 0x01, 0x9d, 0x01, 0x9d, 0x01, 0x9d, 
	0x01, 0x9d, 0x01, 0x9d, 0x01, 0x9d, 0x01, 0x9b, 
	0x01, 0x9b, 0x01, 0x9b, 0x01, 0x9b, 0x01, 0x9b, 
	0x01, 0x9d, 0x01, 0x9d, 0x01, 0x9d, 0x01, 0x9d, 
	0x01, 0x9d, 0x01, 0x9d, 0x01, 0x9d, 0x01, 0x9d, 
	0x01, 0x9d, 0x01, 0x9d, 0x01, 0x9d, 0x01, 0x9d, 
	0x01, 0x9d, 0x01, 0x9d, 0x01, 0x9d, 0x01, 0x9d, 
	0x01, 0x9d, 0x01, 0x9d, 0x01, 0x9d, 0x01, 0x9d, 
	0x01, 0x9d, 0x01, 0x9d, 0x01, 0x9d, 0x01, 0x9d, 
	0x01, 0x9d, 0x01, 0x9d, 0x01, 0x9d, 0x01, 0x9d, 
	0x01, 0x9d, 0x01, 0x9d, 0x01, 0x9d, 0x01, 0x9d, 
	0x01, 0x9d, 0x01, 0x9d, 0x01, 0x9d, 0x01, 0x9d, 
	0x01, 0x9b, 0x01, 0x9b, 0x01, 0x9b, 0x2b, 0x27, 
	0x7d, 0xff, 0x6d, 0x39, 0x6d, 0x39, 0x6d, 0x39, 
	0x75, 0x79, 0x75, 0x79, 0x7d, 0xfb, 0x8e, 0x3d, 
	0x75, 0xb9, 0x75, 0xb9, 0x64, 0xf7, 0x64, 0xf7, 
	0x5c, 0xb3, 0x5c, 0xb3, 0x5c, 0xb3, 0x6d, 0x37, 
	0x64, 0xf5, 0x75, 0xb9, 0x75, 0xb9, 0x75, 0xb9, 
	0x75, 0xbb, 0x75, 0xbb, 0x6d, 0x37, 0x54, 0x71, 
	0x5c, 0xb3, 0x5c, 0xb3, 0x5c, 0xb3, 0x5c, 0xb3, 
	0x65, 0x37, 0x85, 0xf9, 0x85, 0xf9, 0x65, 0x37, 
	0x6d, 0x79, 0x6d, 0x79, 0x6d, 0x79, 0x54, 0x77, 
	0x3b, 0x71, 0x8e, 0x3b, 0xb7, 0xbf, 0xb7, 0xbf, 
	0xa7, 0x7f, 0x75, 0xb7, 0x44, 0x2d, 0x12, 0x65, 
	0x01, 0x5b, 0x01, 0x9d, 0x01, 0x9d, 0x01, 0x9d, 
	0x01, 0x9d, 0x01, 0x9d, 0x01, 0x9d, 0x01, 0x9d, 
	0x01, 0x5d, 0x01, 0x5d, 0x01, 0x9b, 0x01, 0x9b, 
	0x01, 0x9b, 0x01, 0x9b, 0x01, 0x9b, 0x01, 0x9b, 
	0x01, 0x9b, 0x01, 0x9b, 0x01, 0x9b, 0x01, 0x9b, 
	0x01, 0x9b, 0x01, 0x9b, 0x01, 0x9b, 0x01, 0x9b, 
	0x01, 0x9b, 0x01, 0x9b, 0x01, 0x9b, 0x01, 0x9b, 
	0x01, 0x9d, 0x01, 0x9d, 0x01, 0x9d, 0x01, 0x9d, 
	0x01, 0x9d, 0x01, 0x9d, 0x01, 0x9d, 0x01, 0x9d, 
	0x01, 0x9d, 0x01, 0x9d, 0x01, 0xdd, 0x01, 0xdd, 
	0x01, 0x9d, 0x01, 0xdd, 0x01, 0xdd, 0x01, 0xdd, 
	0x01, 0xdd, 0x01, 0xdd, 0x01, 0xdd, 0x01, 0xdd, 
	0x01, 0xdd, 0x01, 0xdd, 0x01, 0xdd, 0x01, 0xdd, 
	0x01, 0xdd, 0x01, 0x9d, 0x01, 0x9d, 0x01, 0x9d, 
	0x01, 0xdd, 0x01, 0xdd, 0x01, 0x9d, 0x01, 0xdd, 
	0x01, 0xdd, 0x01, 0xdd, 0x01, 0xdd, 0x01, 0xdd, 
	0x01, 0xdd, 0x01, 0xdd, 0x01, 0xdd, 0x01, 0xdd, 
	0x01, 0xdd, 0x01, 0xdd, 0x01, 0xdd, 0x01, 0xdd, 
	0x01, 0xdd, 0x01, 0xdd, 0x01, 0xdd, 0x01, 0xdd, 
	0x01, 0xdd, 0x01, 0xdd, 0x01, 0xdd, 0x01, 0xdd, 
	0x01, 0xdd, 0x01, 0xdd, 0x01, 0xdd, 0x01, 0xdd, 
	0x01, 0xdd, 0x01, 0xdd, 0x01, 0xdd, 0x01, 0xdd, 
	0x01, 0xdd, 0x01, 0xdd, 0x01, 0xdd, 0x01, 0xdd, 
	0x01, 0xdd, 0x01, 0xdd, 0x01, 0xdd, 0x01, 0xdd, 
	0x01, 0x9d, 0x01, 0x9d, 0x01, 0x9d, 0x01, 0x9d, 
	0x01, 0x9d, 0x01, 0x9b, 0x01, 0x9b, 0x01, 0x9b, 
	0x01, 0x9b, 0x01, 0x9b, 0x01, 0x9d, 0x01, 0x9d, 
	0x01, 0x9b, 0x01, 0x9b, 0x01, 0x9b, 0x01, 0x9d, 
	0x01, 0x9d, 0x01, 0x9b, 0x01, 0x9b, 0x01, 0x9b, 
	0x01, 0x9b, 0x01, 0x9b, 0x01, 0x9d, 0x01, 0x9d, 
	0x01, 0x9b, 0x01, 0x9b, 0x01, 0x9b, 0x01, 0x9d, 
	0x01, 0x9d, 0x01, 0x9d, 0x01, 0x9d, 0x01, 0x9d, 
	0x01, 0x9d, 0x01, 0x9d, 0x01, 0x9d, 0x01, 0x9d, 
	0x01, 0x9d, 0x01, 0x9d, 0x01, 0x9d, 0x01, 0x9d, 
	0x01, 0x9d, 0x01, 0x9d, 0x01, 0x9d, 0x01, 0x9d, 
	0x01, 0x9d, 0x01, 0x9d, 0x01, 0x9d, 0x01, 0x9d, 
	0x01, 0x9d, 0x01, 0x9d, 0x01, 0x9d, 0x01, 0x9d, 
	0x01, 0x9d, 0x01, 0x9d, 0x01, 0x9d, 0x01, 0x9d, 
	0x01, 0x9d, 0x01, 0x9d, 0x01, 0x9b, 0x01, 0x9b, 
	0x01, 0x9b, 0x01, 0x9b, 0x01, 0x9d, 0x01, 0x9d, 
	0x01, 0x9d, 0x01, 0x9d, 0x01, 0x9d, 0x01, 0x9d, 
	0x01, 0x9d, 0x01, 0x9d, 0x01, 0x9d, 0x01, 0x9b, 
	0x01, 0x9d, 0x01, 0x9d, 0x01, 0x9b, 0x01, 0x9d, 
	0x01, 0x9d, 0x01, 0x9d, 0x01, 0x9d, 0x01, 0x9d, 
	0x01, 0x9d, 0x01, 0x9d, 0x01, 0x9d, 0x01, 0x9d, 
	0x01, 0x9d, 0x01, 0x9d, 0x01, 0x9d, 0x01, 0x9d, 
	0x01, 0x9d, 0x01, 0x9d, 0x01, 0x9f, 0x01, 0x9d, 
	0x01, 0xdd, 0x01, 0xdd, 0x01, 0x9d, 0x01, 0x9d, 
	0x01, 0x9d, 0x01, 0x9f, 0x01, 0x9f, 0x01, 0x9d, 
	0x01, 0x9d, 0x01, 0x9d, 0x01, 0x9d, 0x01, 0x9d, 
	0x01, 0x9f, 0x01, 0x9d, 0x01, 0x9d, 0x01, 0x9d, 
	0x01, 0x9d, 0x01, 0x9d, 0x01, 0x9d, 0x01, 0x9d, 
	0x01, 0x9b, 0x01, 0x9b, 0x01, 0x9b, 0x01, 0x9b, 
	0x64, 0xb7, 0x75, 0x7d, 0x6d, 0x39, 0x75, 0x7d, 
	0x75, 0x79, 0x75, 0x79, 0x8e, 0x3d, 0x7d, 0xfb, 
	0x75, 0xb9, 0x75, 0xb9, 0x64, 0xf7, 0x64, 0xf7, 
	0x75, 0x79, 0x6d, 0x37, 0x6d, 0x37, 0x75, 0x79, 
	0x86, 0x3d, 0x75, 0xb9, 0x75, 0xb9, 0x75, 0xb9, 
	0x6d, 0x37, 0x5c, 0xb5, 0x5c, 0xb5, 0x6d, 0x37, 
	0x5c, 0xb3, 0x5c, 0xb3, 0x5c, 0xb3, 0x5c, 0xb3, 
	0x65, 0x37, 0x65, 0x37, 0x65, 0x37, 0x65, 0x37, 
	0x54, 0x77, 0x54, 0x77, 0x54, 0x77, 0x54, 0x77, 
	0x3b, 0x71, 0x64, 0xf5, 0x8e, 0x3b, 0xb7, 0xbf, 
	0xa7, 0x7f, 0x75, 0xb7, 0x44, 0x2d, 0x12, 0x65, 
	0x01, 0x5b, 0x01, 0x9d, 0x01, 0x9d, 0x01, 0x9d, 
	0x01, 0x9d, 0x01, 0x9d, 0x01, 0x9d, 0x01, 0x9d, 
	0x01, 0x5d, 0x01, 0x5d, 0x01, 0x5d, 0x01, 0x9b, 
	0x01, 0x9b, 0x01, 0x9b, 0x01, 0x9b, 0x01, 0x9b, 
	0x01, 0x9b, 0x01, 0x9b, 0x01, 0x9b, 0x01, 0x9b, 
	0x01, 0x9b, 0x01, 0x9b, 0x01, 0x9b, 0x01, 0x9b, 
	0x01, 0x9b, 0x01, 0x9b, 0x01, 0x9b, 0x01, 0x9b, 
	0x01, 0x9d, 0x01, 0x9d, 0x01, 0x9d, 0x01, 0x9d, 
	0x01, 0x9d, 0x01, 0x9d, 0x01, 0x9d, 0x01, 0x9d, 
	0x01, 0x9d, 0x01, 0xdd, 0x01, 0x9d, 0x01, 0x9d, 
	0x01, 0xdd, 0x01, 0xdd, 0x01, 0xdd, 0x01, 0xdd, 
	0x01, 0xdd, 0x01, 0xdd, 0x01, 0xdd, 0x01, 0xdd, 
	0x01, 0xdd, 0x01, 0xdd, 0x01, 0xdd, 0x01, 0xdd, 
	0x01, 0xdd, 0x01, 0xdd, 0x01, 0x9d, 0x01, 0xdd, 
	0x01, 0xdd, 0x01, 0xdd, 0x01, 0xdd, 0x01, 0xdd, 
	0x01, 0xdd, 0x01, 0xdd, 0x01, 0xdd, 0x01, 0xdd, 
	0x01, 0xdd, 0x01, 0xdd, 0x01, 0xdd, 0x01, 0xdd, 
	0x01, 0xdd, 0x01, 0xdd, 0x01, 0xdd, 0x01, 0xdd, 
	0x01, 0xdd, 0x01, 0xdd, 0x01, 0xdd, 0x01, 0xdd, 
	0x01, 0xdd, 0x01, 0xdd, 0x01, 0xdd, 0x01, 0xdd, 
	0x01, 0xdd, 0x01, 0xdd, 0x01, 0xdd, 0x01, 0xdd, 
	0x01, 0xdd, 0x01, 0xdd, 0x01, 0xdd, 0x01, 0xdd, 
	0x01, 0xdd, 0x01, 0xdd, 0x01, 0xdd, 0x01, 0xdd, 
	0x01, 0xdd, 0x01, 0xdd, 0x01, 0xdd, 0x01, 0xdd, 
	0x01, 0x9d, 0x01, 0x9d, 0x01, 0x9d, 0x01, 0x9d, 
	0x01, 0x9d, 0x01, 0x9b, 0x01, 0x9d, 0x01, 0x9b, 
	0x01, 0x9b, 0x01, 0x9b, 0x01, 0x9d, 0x01, 0x9d, 
	0x01, 0x9d, 0x01, 0x9d, 0x01, 0x9d, 0x01, 0x9d, 
	0x01, 0x9d, 0x01, 0x9d, 0x01, 0x9b, 0x01, 0x9b, 
	0x01, 0x9d, 0x01, 0x9d, 0x01, 0x9d, 0x01, 0x9d, 
	0x01, 0x9d, 0x01, 0x9d, 0x01, 0x9d, 0x01, 0x9d, 
	0x01, 0x9d, 0x01, 0x9d, 0x01, 0x9d, 0x01, 0x9d, 
	0x01, 0x9d, 0x01, 0x9d, 0x01, 0x9d, 0x01, 0x9d, 
	0x01, 0x9d, 0x01, 0x9d, 0x01, 0x9d, 0x01, 0x9d, 
	0x01, 0x9d, 0x01, 0x9d, 0x01, 0x9d, 0x01, 0x9d, 
	0x01, 0x9d, 0x01, 0x9d, 0x01, 0x9d, 0x01, 0x9d, 
	0x01, 0x9d, 0x01, 0x9d, 0x01, 0x9d, 0x01, 0x9d, 
	0x01, 0x9d, 0x01, 0x9d, 0x01, 0x9d, 0x01, 0x9d, 
	0x01, 0x9d, 0x01, 0x9d, 0x01, 0x9d, 0x01, 0x9b, 
	0x01, 0x9d, 0x01, 0x9d, 0x01, 0x9d, 0x01, 0x9d, 
	0x01, 0x9d, 0x01, 0x9d, 0x01, 0x9d, 0x01, 0x9d, 
	0x01, 0x9d, 0x01, 0x9d, 0x01, 0x9d, 0x01, 0x9d, 
	0x01, 0x9d, 0x01, 0x9d, 0x01, 0x9d, 0x01, 0x9d, 
	0x01, 0x9d, 0x01, 0x9d, 0x01, 0x9d, 0x01, 0x9d, 
	0x01, 0x9d, 0x01, 0x9d, 0x01, 0x9d, 0x01, 0x9d, 
	0x01, 0x9d, 0x01, 0x9d, 0x01, 0xdf, 0x01, 0x9d, 
	0x01, 0x9f, 0x01, 0xdf, 0x01, 0xdf, 0x01, 0x9f, 
	0x01, 0x9f, 0x01, 0xdf, 0x01, 0xdf, 0x01, 0x9f, 
	0x01, 0x9f, 0x01, 0x9f, 0x01, 0x9f, 0x01, 0x9f, 
	0x01, 0x9f, 0x01, 0x9f, 0x01, 0x9f, 0x01, 0x9f, 
	0x01, 0xdf, 0x01, 0xdf, 0x01, 0x9f, 0x01, 0x9f, 
	0x01, 0xdd, 0x01, 0x9f, 0x01, 0x9f, 0x01, 0x9f, 
	0x01, 0x9d, 0x01, 0x9d, 0x01, 0x9d, 0x01, 0x5b, 
	0x09, 0x9d, 0x43, 0xef, 0x43, 0xef, 0x64, 0xf9, 
	0x6d, 0x79, 0x75, 0x7b, 0x75, 0x7b, 0x6d, 0x79, 
	0x6d, 0x37, 0x6d, 0x37, 0x75, 0x79, 0x6d, 0x37, 
	0x75, 0x79, 0x64, 0xf5, 0x64, 0xf5, 0x75, 0x79, 
	0x8e, 0x3d, 0x7d, 0xfd, 0x75, 0xbb, 0x75, 0xbb, 
	0x6d, 0x79, 0x64, 0xf5, 0x7d, 0xfb, 0x7d, 0xfb, 
	0x75, 0xbb, 0x65, 0x37, 0x4c, 0x31, 0x4c, 0x31, 
	0x4c, 0x31, 0x5c, 0xb5, 0x4c, 0x31, 0x4c, 0x31, 
	0x43, 0xef, 0x44, 0x31, 0x44, 0x31, 0x44, 0x31, 
	0x3b, 0xaf, 0x3b, 0xaf, 0x5c, 0xb5, 0xa6, 0xff, 
	0x9f, 0x7f, 0x6d, 0x75, 0x3b, 0xad, 0x09, 0xa3, 
	0x01, 0x5b, 0x01, 0x9d, 0x01, 0x9d, 0x01, 0x9d, 
	0x01, 0x9d, 0x01, 0x9d, 0x01, 0x9d, 0x01, 0x9d, 
	0x01, 0x9d, 0x01, 0x9d, 0x01, 0x9d, 0x01, 0x9d, 
	0x01, 0x9d, 0x01, 0x9d, 0x01, 0x9d, 0x01, 0x9d, 
	0x01, 0x9d, 0x01, 0x9d, 0x01, 0x9d, 0x01, 0x9d, 
	0x01, 0x9d, 0x01, 0x9d, 0x01, 0x9d, 0x01, 0x9b, 
	0x01, 0x9d, 0x01, 0x9d, 0x01, 0x9d, 0x01, 0x9d, 
	0x01, 0x9d, 0x01, 0x9d, 0x01, 0x9d, 0x01, 0x9d, 
	0x01, 0x9d, 0x01, 0x9d, 0x01, 0x9d, 0x01, 0x9d, 
	0x01, 0x9d, 0x01, 0xdd, 0x01, 0xdd, 0x01, 0xdd, 
	0x01, 0xdd, 0x01, 0xdd, 0x01, 0xdd, 0x01, 0xdd, 
	0x01, 0xdd, 0x01, 0xdf, 0x01, 0xdf, 0x01, 0xdf, 
	0x01, 0xdf, 0x01, 0xdf, 0x01, 0xdd, 0x01, 0xdd, 
	0x01, 0xdd, 0x01, 0xdd, 0x01, 0xdd, 0x01, 0xdd, 
	0x01, 0xdd, 0x01, 0xdd, 0x01, 0xdd, 0x01, 0xdd, 
	0x01, 0xdd, 0x01, 0xdd, 0x01, 0xdd, 0x01, 0xdd, 
	0x01, 0xdd, 0x01, 0xdd, 0x01, 0xdd, 0x01, 0xdf, 
	0x01, 0xdf, 0x01, 0xdf, 0x01, 0xdf, 0x01, 0xdf, 
	0x01, 0xdf, 0x01, 0xdf, 0x01, 0xdf, 0x01, 0xdf, 
	0x01, 0xdf, 0x01, 0xdf, 0x01, 0xdf, 0x01, 0xdf, 
	0x01, 0xdf, 0x01, 0xdf, 0x01, 0xdf, 0x01, 0xdf, 
	0x01, 0xdd, 0x01, 0xdd, 0x01, 0xdd, 0x01, 0xdd, 
	0x01, 0xdf, 0x01, 0xdf, 0x01, 0xdf, 0x01, 0xdf, 
	0x01, 0xdf, 0x01, 0xdf, 0x01, 0xdd, 0x01, 0xdd, 
	0x01, 0xdd, 0x01, 0xdd, 0x01, 0xdd, 0x01, 0xdd, 
	0x01, 0x9d, 0x01, 0xdd, 0x01, 0x9d, 0x01, 0x9d, 
	0x01, 0xdd, 0x01, 0x9d, 0x01, 0xdd, 0x01, 0x9d, 
	0x01, 0x9d, 0x01, 0x9d, 0x01, 0x9d, 0x01, 0x9d, 
	0x01, 0x9d, 0x01, 0x9d, 0x01, 0x9d, 0x01, 0x9d, 
	0x01, 0x9d, 0x01, 0x9d, 0x01, 0x9d, 0x01, 0x9d, 
	0x01, 0x9d, 0x01, 0x9d, 0x01, 0x9d, 0x01, 0x9d, 
	0x01, 0x9d, 0x01, 0x9d, 0x01, 0x9d, 0x01, 0x9d, 
	0x01, 0x9d, 0x01, 0x9d, 0x01, 0x9d, 0x01, 0x9d, 
	0x01, 0x9d, 0x01, 0x9d, 0x01, 0x9d, 0x01, 0x9d, 
	0x01, 0x9d, 0x01, 0x9d, 0x01, 0x9d, 0x01, 0x9d, 
	0x01, 0x9d, 0x01, 0x9d, 0x01, 0x9d, 0x01, 0x9d, 
	0x01, 0x9d, 0x01, 0x9d, 0x01, 0x9d, 0x01, 0x9d, 
	0x01, 0x9d, 0x01, 0x9d, 0x01, 0x9d, 0x01, 0x9d, 
	0x01, 0x9d, 0x01, 0x9d, 0x01, 0x9d, 0x01, 0x9d, 
	0x01, 0x9d, 0x01, 0x9d, 0x01, 0x9d, 0x01, 0x9d, 
	0x01, 0xdd, 0x01, 0xdd, 0x01, 0x9d, 0x01, 0x9d, 
	0x01, 0x9d, 0x01, 0x9d, 0x01, 0x9d, 0x01, 0x9d, 
	0x01, 0x9d, 0x01, 0x9d, 0x01, 0x9d, 0x01, 0x9d, 
	0x01, 0x9d, 0x01, 0x9d, 0x01, 0x9d, 0x01, 0x9d, 
	0x01, 0x9d, 0x01, 0x9d, 0x01, 0x9d, 0x01, 0x9d, 
	0x01, 0x9d, 0x01, 0x9d, 0x01, 0xdf, 0x01, 0xdf, 
	0x01, 0xdf, 0x01, 0xdf, 0x01, 0x9f, 0x01, 0x9f, 
	0x01, 0x9f, 0x01, 0x9f, 0x01, 0x9f, 0x01, 0x9f, 
	0x01, 0x9f, 0x01, 0x9f, 0x01, 0x9f, 0x01, 0x9f, 
	0x01, 0x9f, 0x01, 0x9f, 0x01, 0x9f, 0x01, 0x9f, 
	0x01, 0x9f, 0x01, 0x9f, 0x01, 0x9f, 0x01, 0x9f, 
	0x01, 0x9f, 0x01, 0x9f, 0x01, 0x9f, 0x01, 0x9f, 
	0x01, 0x9d, 0x01, 0x9d, 0x01, 0x9d, 0x01, 0xdf, 
	0x09, 0x9d, 0x09, 0x9d, 0x2a, 0xe7, 0x64, 0xf9, 
	0x65, 0x37, 0x6d, 0x39, 0x6d, 0x79, 0x65, 0x37, 
	0x6d, 0x37, 0x75, 0x79, 0x7d, 0xfb, 0x7d, 0xfb, 
	0x75, 0x79, 0x64, 0xf5, 0x64, 0xf5, 0x75, 0x79, 
	0x7d, 0xfd, 0x7d, 0xfd, 0x7d, 0xfd, 0x75, 0xbb, 
	0x7d, 0xfb, 0x7d, 0xfb, 0x7d, 0xfb, 0x64, 0xf5, 
	0x65, 0x37, 0x75, 0xbb, 0x5c, 0xb5, 0x4c, 0x31, 
	0x4c, 0x31, 0x5c, 0xb5, 0x5c, 0xb5, 0x4c, 0x31, 
	0x43, 0xef, 0x43, 0xad, 0x43, 0xad, 0x44, 0x31, 
	0x3b, 0xaf, 0x3b, 0xaf, 0x5c, 0xb5, 0xa6, 0xff, 
	0x9f, 0x7f, 0x9f, 0x7f, 0x6d, 0x75, 0x09, 0xa3, 
	0x01, 0x1b, 0x01, 0x9d, 0x01, 0x9d, 0x01, 0x9d, 
	0x01, 0x9d, 0x01, 0x9d, 0x01, 0x9d, 0x01, 0x9d, 
	0x01, 0x9d, 0x01, 0x9d, 0x01, 0x9d, 0x01, 0x9d, 
	0x01, 0x9d, 0x01, 0x9d, 0x01, 0x9d, 0x01, 0x9d, 
	0x01, 0x9d, 0x01, 0x9d, 0x01, 0x9d, 0x01, 0x9d, 
	0x01, 0x9d, 0x01, 0x9d, 0x01, 0x9d, 0x01, 0x9d, 
	0x01, 0x9d, 0x01, 0x9d, 0x01, 0x9d, 0x01, 0x9d, 
	0x01, 0x9d, 0x01, 0x9d, 0x01, 0x9d, 0x01, 0x9d, 
	0x01, 0x9d, 0x01, 0x9d, 0x01, 0x9d, 0x01, 0x9d, 
	0x01, 0xdd, 0x01, 0xdd, 0x01, 0xdd, 0x01, 0xdd, 
	0x01, 0xdd, 0x01, 0xdd, 0x01, 0xdd, 0x01, 0xdd, 
	0x01, 0xdd, 0x01, 0xdf, 0x01, 0xdf, 0x01, 0xdf, 
	0x01, 0xdf, 0x01, 0xdf, 0x01, 0xdf, 0x01, 0xdf, 
	0x01, 0xdf, 0x01, 0xdd, 0x01, 0xdd, 0x01, 0xdd, 
	0x01, 0xdf, 0x01, 0xdf, 0x01, 0xdd, 0x01, 0xdf, 
	0x01, 0xdf, 0x01, 0xdf, 0x01, 0xdf, 0x01, 0xdd, 
	0x01, 0xdd, 0x01, 0xdf, 0x01, 0xdf, 0x01, 0xdf, 
	0x01, 0xdf, 0x01, 0xdf, 0x01, 0xdf, 0x01, 0xdf, 
	0x01, 0xdf, 0x01, 0xdf, 0x01, 0xdf, 0x01, 0xdf, 
	0x01, 0xdf, 0x01, 0xdf, 0x01, 0xdf, 0x01, 0xdf, 
	0x01, 0xdf, 0x01, 0xdf, 0x01, 0xdf, 0x01, 0xdf, 
	0x01, 0xdf, 0x01, 0xdf, 0x01, 0xdf, 0x01, 0xdf, 
	0x01, 0xdf, 0x01, 0xdf, 0x01, 0xdf, 0x01, 0xdf, 
	0x01, 0xdf, 0x01, 0xdf, 0x01, 0xdd, 0x01, 0xdd, 
	0x01, 0x9d, 0x01, 0xdd, 0x01, 0xdd, 0x01, 0xdd, 
	0x01, 0xdd, 0x01, 0xdd, 0x01, 0xdd, 0x01, 0xdd, 
	0x01, 0xdd, 0x01, 0xdd, 0x01, 0xdd, 0x01, 0xdd, 
	0x01, 0x9d, 0x01, 0x9d, 0x01, 0x9d, 0x01, 0xdd, 
	0x01, 0xdd, 0x01, 0x9d, 0x01, 0x9d, 0x01, 0x9d, 
	0x01, 0x9d, 0x01, 0x9d, 0x01, 0x9d, 0x01, 0x9d, 
	0x01, 0x9d, 0x01, 0x9d, 0x01, 0x9d, 0x01, 0x9d, 
	0x01, 0x9d, 0x01, 0x9d, 0x01, 0xdd, 0x01, 0xdd, 
	0x01, 0x9d, 0x01, 0x9d, 0x01, 0xdd, 0x01, 0x9d, 
	0x01, 0x9d, 0x01, 0xdd, 0x01, 0xdd, 0x01, 0xdd, 
	0x01, 0x9d, 0x01, 0x9d, 0x01, 0x9d, 0x01, 0x9d, 
	0x01, 0xdd, 0x01, 0xdd, 0x01, 0xdd, 0x01, 0xdd, 
	0x01, 0x9d, 0x01, 0x9d, 0x01, 0x9d, 0x01, 0x9d, 
	0x01, 0xdd, 0x01, 0x9d, 0x01, 0x9d, 0x01, 0x9d, 
	0x01, 0x9d, 0x01, 0x9d, 0x01, 0xdd, 0x01, 0xdd, 
	0x01, 0xdd, 0x01, 0x9d, 0x01, 0x9d, 0x01, 0xdd, 
	0x01, 0xdd, 0x01, 0xdd, 0x01, 0xdd, 0x01, 0xdd, 
	0x01, 0xdd, 0x01, 0x9d, 0x01, 0x9d, 0x01, 0x9d, 
	0x01, 0x9d, 0x01, 0x9d, 0x01, 0x9d, 0x01, 0x9d, 
	0x01, 0x9d, 0x01, 0xdd, 0x01, 0xdd, 0x01, 0x9d, 
	0x01, 0xdf, 0x01, 0xdf, 0x01, 0x9d, 0x01, 0x9d, 
	0x01, 0xdf, 0x01, 0xdf, 0x01, 0xdf, 0x01, 0xdf, 
	0x01, 0xdf, 0x01, 0xdf, 0x01, 0xdf, 0x01, 0xdf, 
	0x01, 0xdf, 0x01, 0xdf, 0x01, 0xdf, 0x01, 0xdf, 
	0x01, 0xdf, 0x01, 0x9f, 0x01, 0x9f, 0x01, 0x9f, 
	0x01, 0xdf, 0x01, 0x9f, 0x01, 0x9f, 0x01, 0xdf, 
	0x01, 0x9f, 0x01, 0x9f, 0x01, 0x9f, 0x01, 0x9f, 
	0x01, 0x9f, 0x01, 0x9f, 0x01, 0x9f, 0x01, 0x9f, 
	0x01, 0x9d, 0x01, 0x9d, 0x01, 0xdf, 0x01, 0xdf, 
	0x09, 0x9d, 0x09, 0x9d, 0x43, 0xef, 0x64, 0xf9, 
	0x65, 0x37, 0x6d, 0x39, 0x6d, 0x39, 0x6d, 0x39, 
	0x6d, 0x37, 0x75, 0x79, 0x75, 0xb9, 0x75, 0xb9, 
	0x75, 0x79, 0x64, 0xf5, 0x75, 0x79, 0x7d, 0xfb, 
	0x8e, 0x3d, 0x8e, 0x3d, 0x8e, 0x3d, 0x7d, 0xfd, 
	0x7d, 0xfb, 0x7d, 0xfb, 0x6d, 0x79, 0x54, 0x73, 
	0x65, 0x37, 0x75, 0xbb, 0x65, 0x37, 0x5c, 0xb5, 
	0x5c, 0xb5, 0x6d, 0x79, 0x5c, 0xb5, 0x4c, 0x31, 
	0x44, 0x31, 0x43, 0xef, 0x43, 0xef, 0x43, 0xef, 
	0x3b, 0xaf, 0x3b, 0xaf, 0x3b, 0xaf, 0x5c, 0xb5, 
	0x9f, 0x7f, 0x9f, 0x7f, 0x9f, 0x7f, 0x3b, 0xad, 
	0x01, 0x19, 0x01, 0x9d, 0x01, 0x9d, 0x01, 0x9d, 
	0x01, 0x9d, 0x01, 0x9d, 0x01, 0x9d, 0x01, 0x9d, 
	0x01, 0x9d, 0x01, 0x9d, 0x01, 0x9d, 0x01, 0x9d, 
	0x01, 0x9d, 0x01, 0x9d, 0x01, 0x9d, 0x01, 0x9d, 
	0x01, 0x9d, 0x01, 0x9d, 0x01, 0x9d, 0x01, 0x9d, 
	0x01, 0x9d, 0x01, 0x9d, 0x01, 0x9d, 0x01, 0x9d, 
	0x01, 0x9d, 0x01, 0x9d, 0x01, 0x9d, 0x01, 0x9d, 
	0x01, 0x9d, 0x01, 0x9d, 0x01, 0x9d, 0x01, 0x9d, 
	0x01, 0x9d, 0x01, 0x9d, 0x01, 0x9d, 0x01, 0xdd, 
	0x01, 0xdd, 0x01, 0xdd, 0x01, 0xdd, 0x01, 0xdd, 
	0x01, 0xdd, 0x01, 0xdd, 0x01, 0xdd, 0x01, 0xdf, 
	0x01, 0xdf, 0x01, 0xdf, 0x01, 0xdf, 0x01, 0xdf, 
	0x01, 0xdf, 0x01, 0xdf, 0x01, 0xdf, 0x01, 0xdf, 
	0x01, 0xdf, 0x01, 0xdf, 0x01, 0xdf, 0x01, 0xdf, 
	0x01, 0xdf, 0x01, 0xdf, 0x01, 0xdf, 0x01, 0xdf, 
	0x01, 0xdf, 0x01, 0xdf, 0x01, 0xdf, 0x01, 0xdf, 
	0x01, 0xdf, 0x01, 0xdf, 0x01, 0xdf, 0x01, 0xdf, 
	0x01, 0xdf, 0x01, 0xdf, 0x01, 0xdf, 0x01, 0xdf, 
	0x01, 0xdf, 0x01, 0xdf, 0x01, 0xdf, 0x01, 0xdf, 
	0x01, 0xdf, 0x01, 0xdf, 0x01, 0xdf, 0x01, 0xdf, 
	0x01, 0xdf, 0x01, 0xdf, 0x01, 0xdf, 0x01, 0xdf, 
	0x01, 0xdf, 0x01, 0xdf, 0x01, 0xdf, 0x01, 0xdf, 
	0x01, 0xdf, 0x01, 0xdf, 0x01, 0xdd, 0x01, 0xdf, 
	0x01, 0xdd, 0x01, 0xdf, 0x01, 0xdd, 0x01, 0xdd, 
	0x01, 0xdd, 0x01, 0xdd, 0x01, 0xdd, 0x01, 0xdd, 
	0x01, 0xdd, 0x01, 0xdd, 0x01, 0xdd, 0x01, 0xdd, 
	0x01, 0xdd, 0x01, 0xdd, 0x01, 0xdd, 0x01, 0xdd, 
	0x01, 0x9d, 0x01, 0x9d, 0x01, 0x9d, 0x01, 0xdd, 
	0x01, 0xdd, 0x01, 0x9d, 0x01, 0x9d, 0x01, 0x9d, 
	0x01, 0xdd, 0x01, 0xdd, 0x01, 0x9d, 0x01, 0x9d, 
	0x01, 0x9d, 0x01, 0x9d, 0x01, 0x9d, 0x01, 0x9d, 
	0x01, 0xdd, 0x01, 0xdd, 0x01, 0xdd, 0x01, 0xdd, 
	0x01, 0xdd, 0x01, 0xdd, 0x01, 0xdd, 0x01, 0xdd, 
	0x01, 0xdd, 0x01, 0xdd, 0x01, 0xdd, 0x01, 0xdd, 
	0x01, 0xdd, 0x01, 0xdd, 0x01, 0xdd, 0x01, 0xdd, 
	0x01, 0xdd, 0x01, 0xdd, 0x01, 0xdd, 0x01, 0xdd, 
	0x01, 0xdd, 0x01, 0xdd, 0x01, 0xdd, 0x01, 0xdd, 
	0x01, 0xdd, 0x01, 0xdd, 0x01, 0xdd, 0x01, 0x9d, 
	0x01, 0x9d, 0x01, 0xdd, 0x01, 0x9d, 0x01, 0x9d, 
	0x01, 0xdd, 0x01, 0xdd, 0x01, 0x9d, 0x01, 0xdd, 
	0x01, 0xdd, 0x01, 0xdd, 0x01, 0xdd, 0x01, 0xdd, 
	0x01, 0xdd, 0x01, 0xdd, 0x01, 0xdd, 0x01, 0x9d, 
	0x01, 0x9d, 0x01, 0x9d, 0x01, 0x9d, 0x01, 0xdd, 
	0x01, 0x9d, 0x01, 0xdd, 0x01, 0xdd, 0x01, 0xdd, 
	0x01, 0xdf, 0x01, 0xdf, 0x01, 0xdf, 0x01, 0xdf, 
	0x01, 0xdf, 0x01, 0xdf, 0x01, 0xdf, 0x01, 0xdf, 
	0x01, 0xdf, 0x01, 0xdf, 0x01, 0xdf, 0x01, 0xdf, 
	0x01, 0xdf, 0x01, 0xdf, 0x01, 0xdf, 0x01, 0xdf, 
	0x01, 0xdf, 0x01, 0xdf, 0x01, 0xdf, 0x01, 0xdf, 
	0x01, 0xdf, 0x01, 0x9f, 0x01, 0xdf, 0x01, 0xdf, 
	0x01, 0xdf, 0x01, 0xdf, 0x01, 0xdf, 0x01, 0x9f, 
	0x01, 0x9f, 0x01, 0x9f, 0x01, 0xdd, 0x01, 0xdd, 
	0x01, 0x9d, 0x01, 0xdf, 0x01, 0x9d, 0x01, 0x9d, 
	0x09, 0x9d, 0x09, 0x9d, 0x43, 0xef, 0x64, 0xf9, 
	0x6d, 0x39, 0x6d, 0x39, 0x65, 0x37, 0x6d, 0x39, 
	0x6d, 0x37, 0x6d, 0x37, 0x6d, 0x37, 0x6d, 0x37, 
	0x75, 0x79, 0x75, 0x79, 0x7d, 0xfb, 0x8e, 0x7f, 
	0x96, 0xbf, 0x7d, 0xfd, 0x75, 0xbb, 0x7d, 0xfd, 
	0x6d, 0x79, 0x54, 0x73, 0x54, 0x73, 0x54, 0x73, 
	0x65, 0x37, 0x75, 0xbb, 0x75, 0xbb, 0x65, 0x37, 
	0x7e, 0x3d, 0x7e, 0x3d, 0x4c, 0x31, 0x4c, 0x31, 
	0x44, 0x31, 0x43, 0xad, 0x43, 0xad, 0x43, 0xad, 
	0x3b, 0xaf, 0x3b, 0xaf, 0x3b, 0xaf, 0x85, 0xf9, 
	0x6d, 0x75, 0x6d, 0x75, 0x6d, 0x75, 0x3b, 0xad, 
	0x01, 0x9d, 0x01, 0x9d, 0x01, 0x9d, 0x01, 0x9d, 
	0x01, 0x9d, 0x01, 0x9d, 0x01, 0x9d, 0x01, 0x9d, 
	0x01, 0x9d, 0x01, 0x9d, 0x01, 0x9d, 0x01, 0x9d, 
	0x01, 0x9d, 0x01, 0x9d, 0x01, 0x9d, 0x01, 0x9d, 
	0x01, 0x9d, 0x01, 0x9d, 0x01, 0x9d, 0x01, 0x9d, 
	0x01, 0x9d, 0x01, 0x9d, 0x01, 0x9d, 0x01, 0x9d, 
	0x01, 0x9d, 0x01, 0x9d, 0x01, 0x9d, 0x01, 0x9d, 
	0x01, 0x9d, 0x01, 0x9d, 0x01, 0x9d, 0x01, 0x9d, 
	0x01, 0xdd, 0x01, 0xdd, 0x01, 0xdd, 0x01, 0xdd, 
	0x01, 0xdd, 0x01, 0xdd, 0x01, 0xdd, 0x01, 0xdd, 
	0x01, 0xdd, 0x01, 0xdd, 0x01, 0xdf, 0x01, 0xdf, 
	0x01, 0xdf, 0x01, 0xdf, 0x01, 0xdf, 0x01, 0xdf, 
	0x01, 0xdf, 0x01, 0xdf, 0x01, 0xdf, 0x01, 0xdf, 
	0x01, 0xdf, 0x01, 0xdf, 0x01, 0xdf, 0x01, 0xdf, 
	0x01, 0xdf, 0x01, 0xdf, 0x01, 0xdf, 0x01, 0xdf, 
	0x01, 0xdf, 0x01, 0xdf, 0x01, 0xdf, 0x01, 0xdf, 
	0x01, 0xdf, 0x01, 0xdf, 0x01, 0xdf, 0x01, 0xdf, 
	0x01, 0xdf, 0x01, 0xdf, 0x01, 0xdf, 0x01, 0xdf, 
	0x01, 0xdf, 0x01, 0xdf, 0x01, 0xdf, 0x01, 0xdf, 
	0x01, 0xdf, 0x01, 0xdf, 0x01, 0xdf, 0x01, 0xdf, 
	0x01, 0xdf, 0x01, 0xdf, 0x01, 0xdf, 0x01, 0xdf, 
	0x01, 0xdf, 0x01, 0xdf, 0x01, 0xdf, 0x01, 0xdf, 
	0x01, 0xdf, 0x01, 0xdd, 0x01, 0xdd, 0x01, 0xdd, 
	0x01, 0xdd, 0x01, 0xdd, 0x01, 0xdd, 0x01, 0xdd, 
	0x01, 0xdd, 0x01, 0xdd, 0x01, 0xdd, 0x01, 0xdd, 
	0x01, 0xdd, 0x01, 0xdd, 0x01, 0xdd, 0x01, 0xdd, 
	0x01, 0xdd, 0x01, 0xdd, 0x01, 0xdd, 0x01, 0xdd, 
	0x01, 0xdd, 0x01, 0x9d, 0x01, 0xdd, 0x01, 0xdd, 
	0x01, 0xdd, 0x01, 0xdd, 0x01, 0xdd, 0x01, 0xdd, 
	0x01, 0xdd, 0x01, 0xdd, 0x01, 0x9d, 0x01, 0x9d, 
	0x01, 0xdd, 0x01, 0xdd, 0x01, 0xdd, 0x01, 0xdd, 
	0x01, 0xdd, 0x01, 0xdd, 0x01, 0xdd, 0x01, 0xdd, 
	0x01, 0xdd, 0x01, 0xdd, 0x01, 0xdd, 0x01, 0xdd, 
	0x01, 0xdd, 0x01, 0xdd, 0x01, 0xdd, 0x01, 0xdd, 
	0x01, 0xdd, 0x01, 0xdd, 0x01, 0xdd, 0x01, 0xdd, 
	0x01, 0xdd, 0x01, 0xdd, 0x01, 0xdd, 0x01, 0xdd, 
	0x01, 0xdd, 0x01, 0xdd, 0x01, 0xdd, 0x01, 0xdd, 
	0x01, 0xdd, 0x01, 0xdd, 0x01, 0xdd, 0x01, 0x9d, 
	0x01, 0xdd, 0x01, 0xdd, 0x01, 0x9d, 0x01, 0x9d, 
	0x01, 0xdd, 0x01, 0xdd, 0x01, 0x9d, 0x01, 0xdd, 
	0x01, 0xdf, 0x01, 0xdf, 0x01, 0xdf, 0x01, 0xdf, 
	0x01, 0xdf, 0x01, 0x9f, 0x01, 0x9f, 0x01, 0xdf, 
	0x01, 0xdf, 0x01, 0x9f, 0x01, 0xdf, 0x01, 0xdf, 
	0x01, 0xdf, 0x01, 0xdf, 0x01, 0xdf, 0x01, 0x9f, 
	0x01, 0xdf, 0x01, 0xdf, 0x01, 0xdf, 0x01, 0xdf, 
	0x01, 0xdf, 0x01, 0xdf, 0x01, 0xdf, 0x01, 0xdf, 
	0x01, 0xdf, 0x01, 0xdf, 0x01, 0xdf, 0x01, 0xdf, 
	0x01, 0xdf, 0x01, 0xdf, 0x01, 0xdf, 0x01, 0xdf, 
	0x01, 0xdf, 0x01, 0xdf, 0x01, 0xdf, 0x01, 0xdf, 
	0x01, 0xdf, 0x01, 0xdf, 0x01, 0xdf, 0x01, 0x9f, 
	0x01, 0x9f, 0x01, 0xdf, 0x01, 0xdf, 0x01, 0xdf, 
	0x01, 0x9f, 0x01, 0xdf, 0x01, 0xdf, 0x01, 0xdf, 
	0x01, 0xdf, 0x01, 0xdf, 0x01, 0xdf, 0x01, 0xdf, 
	0x01, 0x9f, 0x01, 0x9f, 0x01, 0x9f, 0x64, 0xf9, 
	0x64, 0xf7, 0x64, 0xf7, 0x64, 0xf7, 0x64, 0xf7, 
	0x6d, 0x37, 0x6d, 0x37, 0x64, 0xf7, 0x6d, 0x37, 
	0x75, 0x79, 0x75, 0x79, 0x86, 0x3b, 0x9e, 0xff, 
	0x8e, 0x7f, 0x7d, 0xfb, 0x6d, 0x79, 0x6d, 0x79, 
	0x5c, 0xb5, 0x4c, 0x31, 0x4c, 0x31, 0x5c, 0xb5, 
	0x75, 0xbb, 0x75, 0xbb, 0x65, 0x37, 0x75, 0xbb, 
	0x8e, 0xff, 0x8e, 0xff, 0x65, 0x37, 0x54, 0x33, 
	0x43, 0xef, 0x4c, 0x71, 0x4c, 0x71, 0x43, 0xef, 
	0x43, 0xef, 0x43, 0xef, 0x5c, 0xb7, 0x65, 0x3b, 
	0x4c, 0x77, 0x4c, 0x77, 0x3b, 0xb1, 0x22, 0xe9, 
	0x01, 0x9f, 0x01, 0x9f, 0x01, 0x9f, 0x01, 0x9f, 
	0x01, 0x9f, 0x01, 0x9f, 0x01, 0x9f, 0x01, 0x9f, 
	0x01, 0x9f, 0x01, 0x9f, 0x01, 0x9f, 0x01, 0x9f, 
	0x01, 0x9f, 0x01, 0x9d, 0x01, 0x9d, 0x01, 0x9d, 
	0x01, 0x9d, 0x01, 0x9d, 0x01, 0x9d, 0x01, 0x9d, 
	0x01, 0x9d, 0x01, 0x9d, 0x01, 0x9d, 0x01, 0x9d, 
	0x01, 0x9d, 0x01, 0x9d, 0x01, 0x9d, 0x01, 0x9d, 
	0x01, 0x9d, 0x01, 0x9d, 0x01, 0x9d, 0x01, 0x9d, 
	0x01, 0xdd, 0x01, 0xdd, 0x01, 0xdf, 0x01, 0xdf, 
	0x01, 0xdd, 0x01, 0xdd, 0x01, 0xdf, 0x01, 0xdf, 
	0x01, 0xdf, 0x01, 0xdf, 0x01, 0xdf, 0x01, 0xdf, 
	0x01, 0xdf, 0x01, 0xdf, 0x01, 0xdf, 0x01, 0xdf, 
	0x01, 0xdf, 0x01, 0xdf, 0x01, 0xdf, 0x01, 0xdf, 
	0x01, 0xdf, 0x01, 0xdf, 0x01, 0xdf, 0x01, 0xdf, 
	0x01, 0xdf, 0x01, 0xdf, 0x01, 0xdf, 0x01, 0xdf, 
	0x01, 0xdf, 0x01, 0xdf, 0x01, 0xdf, 0x01, 0xdf, 
	0x01, 0xdf, 0x01, 0xdf, 0x01, 0xdf, 0x01, 0xdf, 
	0x01, 0xdf, 0x01, 0xdf, 0x01, 0xdf, 0x01, 0xdf, 
	0x01, 0xdf, 0x01, 0xdf, 0x01, 0xdf, 0x01, 0xdf, 
	0x01, 0xdf, 0x01, 0xdf, 0x01, 0xdf, 0x01, 0xdf, 
	0x01, 0xdf, 0x01, 0xdf, 0x01, 0xdf, 0x01, 0xdf, 
	0x01, 0xdf, 0x01, 0xdf, 0x01, 0xdf, 0x01, 0xdf, 
	0x01, 0xdd, 0x01, 0xdd, 0x01, 0xdd, 0x01, 0xdf, 
	0x01, 0xdf, 0x01, 0xdd, 0x01, 0xdd, 0x01, 0xdd, 
	0x01, 0xdd, 0x01, 0xdd, 0x01, 0xdd, 0x01, 0xdd, 
	0x01, 0xdf, 0x01, 0xdf, 0x01, 0xdf, 0x01, 0xdf, 
	0x01, 0xdf, 0x01, 0xdd, 0x01, 0xdd, 0x01, 0xdf, 
	0x01, 0xdd, 0x01, 0xdd, 0x01, 0xdd, 0x01, 0xdd, 
	0x01, 0xdd, 0x01, 0xdd, 0x01, 0xdd, 0x01, 0xdd, 
	0x01, 0xdd, 0x01, 0xdd, 0x01, 0xdd, 0x01, 0xdd, 
	0x01, 0xdd, 0x01, 0xdd, 0x01, 0xdd, 0x01, 0xdf, 
	0x01, 0xdf, 0x01, 0xdf, 0x01, 0xdf, 0x01, 0xdf, 
	0x01, 0xdf, 0x01, 0xdf, 0x01, 0xdf, 0x01, 0xdf, 
	0x01, 0xdf, 0x01, 0xdf, 0x01, 0xdf, 0x01, 0xdf, 
	0x01, 0xdf, 0x01, 0xdf, 0x01, 0xdf, 0x01, 0xdd, 
	0x01, 0xdd, 0x01, 0xdd, 0x01, 0xdd, 0x01, 0xdf, 
	0x01, 0xdf, 0x01, 0xdf, 0x01, 0xdf, 0x01, 0xdf, 
	0x01, 0xdf, 0x01, 0xdf, 0x01, 0xdf, 0x01, 0xdf, 
	0x01, 0xdf, 0x01, 0xdf, 0x01, 0xdf, 0x01, 0xdf, 
	0x01, 0x9d, 0x01, 0x9d, 0x01, 0xdf, 0x01, 0xdf, 
	0x01, 0xdf, 0x01, 0xdf, 0x01, 0xdf, 0x01, 0xdf, 
	0x01, 0xdf, 0x01, 0xdf, 0x01, 0xdf, 0x01, 0xdf, 
	0x01, 0xdf, 0x01, 0xdf, 0x01, 0xdf, 0x01, 0xdf, 
	0x01, 0xdf, 0x01, 0xdf, 0x01, 0xdf, 0x01, 0xdf, 
	0x01, 0xdf, 0x01, 0xdf, 0x01, 0xdf, 0x01, 0xdf, 
	0x01, 0xdf, 0x01, 0xdf, 0x01, 0xdf, 0x01, 0xdf, 
	0x01, 0xdf, 0x01, 0xdf, 0x01, 0xdf, 0x01, 0xdf, 
	0x01, 0xe1, 0x01, 0xdf, 0x01, 0xdf, 0x01, 0xdf, 
	0x01, 0xdf, 0x01, 0xdf, 0x01, 0xdf, 0x01, 0xdf, 
	0x01, 0xdf, 0x01, 0xdf, 0x01, 0xdf, 0x01, 0xdf, 
	0x01, 0xdf, 0x01, 0xdf, 0x01, 0xdf, 0x01, 0xdf, 
	0x01, 0x9f, 0x01, 0x9f, 0x01, 0xdf, 0x01, 0xdf, 
	0x01, 0xdf, 0x01, 0xdf, 0x01, 0xdf, 0x01, 0xdf, 
	0x01, 0x9f, 0x01, 0x9f, 0x01, 0x9f, 0x43, 0xf1, 
	0x54, 0x75, 0x64, 0xf7, 0x64, 0xf7, 0x64, 0xf7, 
	0x6d, 0x37, 0x64, 0xf7, 0x64, 0xf7, 0x6d, 0x37, 
	0x75, 0x79, 0x86, 0x3b, 0x9e, 0xff, 0x9e, 0xff, 
	0x7d, 0xfb, 0x7d, 0xfb, 0x6d, 0x79, 0x5c, 0xf5, 
	0x54, 0x73, 0x4c, 0x31, 0x4c, 0x31, 0x54, 0x73, 
	0x5c, 0xb5, 0x65, 0x37, 0x75, 0xbb, 0x75, 0xbb, 
	0x7d, 0xfb, 0x7d, 0xfb, 0x7d, 0xfb, 0x65, 0x37, 
	0x4c, 0x71, 0x5c, 0xb5, 0x5c, 0xb5, 0x4c, 0x71, 
	0x4c, 0x73, 0x4c, 0x73, 0x5c, 0xb7, 0x4c, 0x73, 
	0x4c, 0x77, 0x3b, 0xb1, 0x22, 0xe9, 0x12, 0x23, 
	0x01, 0x9f, 0x01, 0x9f, 0x01, 0x9f, 0x01, 0x9f, 
	0x01, 0x9f, 0x01, 0x9f, 0x01, 0x9f, 0x01, 0x9f, 
	0x01, 0x9f, 0x01, 0x9f, 0x01, 0x9f, 0x01, 0x9f, 
	0x01, 0x9f, 0x01, 0x9d, 0x01, 0x9d, 0x01, 0x9d, 
	0x01, 0x9d, 0x01, 0x9d, 0x01, 0x9d, 0x01, 0x9d, 
	0x01, 0x9d, 0x01, 0x9d, 0x01, 0x9d, 0x01, 0x9d, 
	0x01, 0x9d, 0x01, 0x9d, 0x01, 0xdd, 0x01, 0x9d, 
	0x01, 0x9d, 0x01, 0x9d, 0x01, 0x9d, 0x01, 0x9d, 
	0x01, 0xdd, 0x01, 0xdd, 0x01, 0xdf, 0x01, 0xdf, 
	0x01, 0xdf, 0x01, 0xdf, 0x01, 0xdf, 0x01, 0xdf, 
	0x01, 0xdf, 0x01, 0xdf, 0x01, 0xdf, 0x01, 0xdf, 
	0x01, 0xdf, 0x01, 0xdf, 0x01, 0xdf, 0x01, 0xdf, 
	0x01, 0xdf, 0x01, 0xdf, 0x01, 0xdf, 0x01, 0xdf, 
	0x01, 0xdf, 0x01, 0xdf, 0x01, 0xdf, 0x01, 0xdf, 
	0x01, 0xdf, 0x01, 0xdf, 0x01, 0xdf, 0x01, 0xdf, 
	0x01, 0xdf, 0x01, 0xdf, 0x01, 0xdf, 0x01, 0xdf, 
	0x01, 0xdf, 0x01, 0xdf, 0x01, 0xdf, 0x01, 0xdf, 
	0x01, 0xdf, 0x01, 0xdf, 0x01, 0xdf, 0x01, 0xdf, 
	0x01, 0xdf, 0x01, 0xdf, 0x01, 0xdf, 0x01, 0xdf, 
	0x01, 0xdf, 0x01, 0xdf, 0x01, 0xdf, 0x01, 0xdf, 
	0x01, 0xdf, 0x01, 0xdf, 0x01, 0xdf, 0x01, 0xdf, 
	0x01, 0xdf, 0x01, 0xdf, 0x01, 0xdf, 0x01, 0xdf, 
	0x01, 0xdd, 0x01, 0xdd, 0x01, 0xdd, 0x01, 0xdf, 
	0x01, 0xdf, 0x01, 0xdd, 0x01, 0xdd, 0x01, 0xdd, 
	0x01, 0xdd, 0x01, 0xdd, 0x01, 0xdd, 0x01, 0xdd, 
	0x01, 0xdf, 0x01, 0xdf, 0x01, 0xdf, 0x01, 0xdf, 
	0x01, 0xdf, 0x01, 0xdf, 0x01, 0xdd, 0x01, 0xdf, 
	0x01, 0xdd, 0x01, 0xdd, 0x01, 0xdd, 0x01, 0xdd, 
	0x01, 0xdd, 0x01, 0xdd, 0x01, 0xdd, 0x01, 0xdd, 
	0x01, 0xdd, 0x01, 0xdd, 0x01, 0xdd, 0x01, 0xdd, 
	0x01, 0xdd, 0x01, 0xdf, 0x01, 0xdf, 0x01, 0xdf, 
	0x01, 0xdf, 0x01, 0xdf, 0x01, 0xdf, 0x01, 0xdf, 
	0x01, 0xdf, 0x01, 0xdf, 0x01, 0xdf, 0x01, 0xdf, 
	0x01, 0xdf, 0x01, 0xdf, 0x01, 0xdf, 0x01, 0xdf, 
	0x01, 0xdf, 0x01, 0xdf, 0x01, 0xdf, 0x01, 0xdf, 
	0x01, 0xdf, 0x01, 0xdf, 0x01, 0xdf, 0x01, 0xdf, 
	0x01, 0xdf, 0x01, 0xdf, 0x01, 0xdf, 0x01, 0xdf, 
	0x01, 0xdf, 0x01, 0xdf, 0x01, 0xdf, 0x01, 0xdf, 
	0x01, 0xdf, 0x01, 0xdf, 0x01, 0xdf, 0x01, 0xdf, 
	0x01, 0xdf, 0x01, 0xdf, 0x01, 0xdf, 0x01, 0xdf, 
	0x01, 0xdf, 0x01, 0xdf, 0x01, 0xdf, 0x01, 0xdf, 
	0x01, 0xdf, 0x01, 0xdf, 0x01, 0xdf, 0x01, 0xdf, 
	0x01, 0xdf, 0x01, 0xdf, 0x01, 0xdf, 0x01, 0xdf, 
	0x01, 0xdf, 0x01, 0xdf, 0x01, 0xdf, 0x01, 0xdf, 
	0x01, 0xdf, 0x01, 0xdf, 0x01, 0xdf, 0x01, 0xdf, 
	0x01, 0xdf, 0x01, 0xdf, 0x01, 0xdf, 0x01, 0xdf, 
	0x01, 0xdf, 0x01, 0xe1, 0x01, 0xe1, 0x01, 0xe1, 
	0x01, 0xe1, 0x01, 0xe1, 0x01, 0xe1, 0x01, 0xe1, 
	0x01, 0xe1, 0x01, 0xe1, 0x01, 0xe1, 0x01, 0xdf, 
	0x01, 0xdf, 0x01, 0xdf, 0x01, 0xdf, 0x01, 0xdf, 
	0x01, 0xdf, 0x01, 0xdf, 0x01, 0xdf, 0x01, 0xdf, 
	0x01, 0xdf, 0x01, 0xdf, 0x01, 0xdf, 0x01, 0xdf, 
	0x01, 0xdf, 0x01, 0xdf, 0x01, 0xdf, 0x01, 0xdf, 
	0x01, 0x9f, 0x01, 0x9f, 0x01, 0x9f, 0x43, 0xf1, 
	0x75, 0xbb, 0x75, 0xbb, 0x75, 0xbb, 0x75, 0xbb, 
	0x6d, 0x37, 0x64, 0xf7, 0x5c, 0xb5, 0x5c, 0xb5, 
	0x5c, 0xb5, 0x75, 0x79, 0x9e, 0xff, 0x9e, 0xff, 
	0x8e, 0x7f, 0x7d, 0xfb, 0x6d, 0x79, 0x6d, 0x79, 
	0x5c, 0xb5, 0x4c, 0x31, 0x4c, 0x31, 0x4c, 0x31, 
	0x4c, 0x71, 0x65, 0x37, 0x65, 0x37, 0x65, 0x37, 
	0x65, 0x37, 0x65, 0x37, 0x7d, 0xfb, 0x65, 0x37, 
	0x65, 0x37, 0x65, 0x37, 0x4c, 0x71, 0x4c, 0x71, 
	0x4c, 0x73, 0x43, 0xef, 0x43, 0xef, 0x4c, 0x73, 
	0x3b, 0xb1, 0x22, 0xe9, 0x12, 0x23, 0x22, 0xe9, 
	0x0a, 0x65, 0x01, 0x9f, 0x01, 0x9f, 0x01, 0x9f, 
	0x01, 0x9f, 0x01, 0x9f, 0x01, 0x9f, 0x01, 0x9f, 
	0x01, 0x9f, 0x01, 0x9f, 0x01, 0x9f, 0x01, 0x9f, 
	0x01, 0x9f, 0x01, 0x9f, 0x01, 0x9d, 0x01, 0x9d, 
	0x01, 0x9f, 0x01, 0x9d, 0x01, 0x9d, 0x01, 0x9d, 
	0x01, 0x9d, 0x01, 0x9d, 0x01, 0x9d, 0x01, 0x9d, 
	0x01, 0x9d, 0x01, 0x9d, 0x01, 0xdd, 0x01, 0xdd, 
	0x01, 0x9d, 0x01, 0x9d, 0x01, 0x9d, 0x01, 0x9d, 
	0x01, 0xdf, 0x01, 0xdf, 0x01, 0xdf, 0x01, 0xdf, 
	0x01, 0xdf, 0x01, 0xdf, 0x01, 0xdf, 0x01, 0xdf, 
	0x01, 0xdf, 0x01, 0xdf, 0x01, 0xdf, 0x01, 0xdf, 
	0x01, 0xdf, 0x01, 0xdf, 0x01, 0xdf, 0x01, 0xdf, 
	0x01, 0xdf, 0x01, 0xdf, 0x01, 0xdf, 0x01, 0xdf, 
	0x01, 0xdf, 0x01, 0xdf, 0x01, 0xdf, 0x01, 0xdf, 
	0x01, 0xdf, 0x01, 0xdf, 0x01, 0xdf, 0x01, 0xdf, 
	0x01, 0xdf, 0x01, 0xdf, 0x01, 0xdf, 0x01, 0xdf, 
	0x01, 0xdf, 0x01, 0xdf, 0x01, 0xdf, 0x01, 0xdf, 
	0x01, 0xdf, 0x01, 0xdf, 0x01, 0xdf, 0x01, 0xdf, 
	0x01, 0xdf, 0x01, 0xdf, 0x01, 0xdf, 0x01, 0xdf, 
	0x01, 0xdf, 0x01, 0xdf, 0x01, 0xdf, 0x01, 0xdf, 
	0x01, 0xdf, 0x01, 0xdf, 0x01, 0xdf, 0x01, 0xdf, 
	0x01, 0xdf, 0x01, 0xdf, 0x01, 0xdd, 0x01, 0xdd, 
	0x01, 0xdd, 0x01, 0xdf, 0x01, 0xdf, 0x01, 0xdd, 
	0x01, 0xdd, 0x01, 0xdd, 0x01, 0xdd, 0x01, 0xdd, 
	0x01, 0xdd, 0x01, 0xdd, 0x01, 0xdf, 0x01, 0xdf, 
	0x01, 0xdf, 0x01, 0xdf, 0x01, 0xdf, 0x01, 0xdf, 
	0x01, 0xdf, 0x01, 0xdf, 0x01, 0xdf, 0x01, 0xdf, 
	0x01, 0xdf, 0x01, 0xdd, 0x01, 0xdf, 0x01, 0xdd, 
	0x01, 0xdd, 0x01, 0xdd, 0x01, 0xdd, 0x01, 0xdd, 
	0x01, 0xdd, 0x01, 0xdd, 0x01, 0xdd, 0x01, 0xdd, 
	0x01, 0xdd, 0x01, 0xdf, 0x01, 0xdf, 0x01, 0xdf, 
	0x01, 0xdf, 0x01, 0xdf, 0x01, 0xdf, 0x01, 0xdf, 
	0x01, 0xdf, 0x01, 0xdf, 0x01, 0xdf, 0x01, 0xdf, 
	0x01, 0xdf, 0x01, 0xdf, 0x01, 0xdf, 0x01, 0xdf, 
	0x01, 0xdf, 0x01, 0xdf, 0x01, 0xdf, 0x01, 0xdf, 
	0x01, 0xdf, 0x01, 0xdf, 0x01, 0xdf, 0x01, 0xdf, 
	0x01, 0xdf, 0x01, 0xdf, 0x01, 0xdf, 0x01, 0xdf, 
	0x01, 0xdf, 0x01, 0xdf, 0x01, 0xdf, 0x01, 0xdf, 
	0x01, 0xdf, 0x01, 0xdf, 0x01, 0xdf, 0x01, 0xdf, 
	0x01, 0xdf, 0x01, 0xdf, 0x01, 0xdf, 0x01, 0xdf, 
	0x01, 0xdf, 0x01, 0xdf, 0x01, 0xdf, 0x01, 0xdf, 
	0x01, 0xdf, 0x01, 0xdf, 0x01, 0xdf, 0x01, 0xdf, 
	0x01, 0xdf, 0x01, 0xdf, 0x01, 0xdf, 0x01, 0xdf, 
	0x01, 0xdf, 0x01, 0xdf, 0x01, 0xdf, 0x01, 0xdf, 
	0x01, 0xdf, 0x01, 0xdf, 0x01, 0xdf, 0x01, 0xdf, 
	0x01, 0xdf, 0x01, 0xdf, 0x01, 0xdf, 0x01, 0xdf, 
	0x01, 0xdf, 0x01, 0xe1, 0x01, 0xe1, 0x01, 0xe1, 
	0x01, 0xe1, 0x01, 0xe1, 0x01, 0xe1, 0x01, 0xe1, 
	0x01, 0xe1, 0x01, 0xe1, 0x01, 0xe1, 0x01, 0xe1, 
	0x01, 0xdf, 0x01, 0xdf, 0x01, 0xdf, 0x01, 0xdf, 
	0x01, 0xdf, 0x01, 0xdf, 0x01, 0xdf, 0x01, 0xdf, 
	0x01, 0xdf, 0x01, 0xdf, 0x01, 0xdf, 0x01, 0xdf, 
	0x01, 0xe1, 0x01, 0xdf, 0x01, 0xdf, 0x01, 0xe1, 
	0x01, 0x9f, 0x01, 0x9f, 0x01, 0x9f, 0x01, 0x9f, 
	0x64, 0xf7, 0x86, 0x7d, 0x75, 0xbb, 0x75, 0xbb, 
	0x75, 0xb9, 0x5c, 0xb5, 0x5c, 0xb5, 0x5c, 0xb5, 
	0x5c, 0xb5, 0x5c, 0xb5, 0x75, 0x79, 0x86, 0x3b, 
	0x7d, 0xfb, 0x6d, 0x79, 0x5c, 0xf5, 0x5c, 0xf5, 
	0x5c, 0xb5, 0x54, 0x73, 0x5c, 0xb5, 0x54, 0x73, 
	0x5c, 0xb5, 0x5c, 0xb5, 0x4c, 0x71, 0x4c, 0x71, 
	0x54, 0x33, 0x54, 0x33, 0x65, 0x37, 0x65, 0x37, 
	0x5c, 0xb5, 0x5c, 0xb5, 0x4c, 0x71, 0x4c, 0x71, 
	0x43, 0xef, 0x43, 0xef, 0x43, 0xef, 0x43, 0xef, 
	0x3b, 0xb1, 0x3b, 0xb1, 0x3b, 0xb1, 0x22, 0xe9, 
	0x12, 0xa7, 0x0a, 0x65, 0x01, 0x9f, 0x01, 0x9f, 
	0x01, 0x9f, 0x01, 0x9f, 0x01, 0x9f, 0x01, 0x9f, 
	0x01, 0x9f, 0x01, 0x9f, 0x01, 0x9f, 0x01, 0x9f, 
	0x01, 0x9f, 0x01, 0x9d, 0x01, 0x9d, 0x01, 0x9d, 
	0x01, 0x9f, 0x01, 0x9f, 0x01, 0x9d, 0x01, 0x9d, 
	0x01, 0x9f, 0x01, 0x9f, 0x01, 0x9f, 0x01, 0x9f, 
	0x01, 0x9d, 0x01, 0x9d, 0x01, 0xdd, 0x01, 0xdd, 
	0x01, 0xdf, 0x01, 0xdf, 0x01, 0xdf, 0x01, 0xdf, 
	0x01, 0xdf, 0x01, 0xdf, 0x01, 0xdf, 0x01, 0xdf, 
	0x01, 0xdf, 0x01, 0xdf, 0x01, 0xdf, 0x01, 0xdf, 
	0x01, 0xdf, 0x01, 0xdf, 0x01, 0xdf, 0x01, 0xdf, 
	0x01, 0xdf, 0x01, 0xdf, 0x01, 0xdf, 0x01, 0xdf, 
	0x01, 0xdf, 0x01, 0xdf, 0x01, 0xdf, 0x01, 0xdf, 
	0x01, 0xdf, 0x01, 0xdf, 0x01, 0xdf, 0x01, 0xdf, 
	0x01, 0xdf, 0x01, 0xdf, 0x01, 0xdf, 0x01, 0xdf, 
	0x01, 0xdf, 0x01, 0xdf, 0x01, 0xdf, 0x01, 0xdf, 
	0x01, 0xdf, 0x01, 0xdf, 0x01, 0xdf, 0x01, 0xdf, 
	0x01, 0xdf, 0x01, 0xdf, 0x01, 0xdf, 0x01, 0xdf, 
	0x01, 0xdf, 0x01, 0xdf, 0x01, 0xdf, 0x01, 0xdf, 
	0x01, 0xdf, 0x01, 0xdf, 0x01, 0xdf, 0x01, 0xdf, 
	0x01, 0xdf, 0x01, 0xdf, 0x01, 0xdf, 0x01, 0xdf, 
	0x01, 0xdf, 0x01, 0xdf, 0x01, 0xdd, 0x01, 0xdd, 
	0x01, 0xdf, 0x01, 0xdf, 0x01, 0xdf, 0x01, 0xdd, 
	0x01, 0xdd, 0x01, 0xdd, 0x01, 0xdf, 0x01, 0xdd, 
	0x01, 0xdd, 0x01, 0xdf, 0x01, 0xdf, 0x01, 0xdf, 
	0x01, 0xdf, 0x01, 0xdf, 0x01, 0xdf, 0x01, 0xdf, 
	0x01, 0xdf, 0x01, 0xdf, 0x01, 0xdf, 0x01, 0xdf, 
	0x01, 0xdf, 0x01, 0xdf, 0x01, 0xdf, 0x01, 0xdf, 
	0x01, 0xdd, 0x01, 0xdd, 0x01, 0xdf, 0x01, 0xdf, 
	0x01, 0xdd, 0x01, 0xdd, 0x01, 0xdf, 0x01, 0xdf, 
	0x01, 0xdd, 0x01, 0xdf, 0x01, 0xdf, 0x01, 0xdf, 
	0x01, 0xdf, 0x01, 0xdf, 0x01, 0xdf, 0x01, 0xdf, 
	0x01, 0xdf, 0x01, 0xdf, 0x01, 0xdf, 0x01, 0xdf, 
	0x01, 0xdf, 0x01, 0xdf, 0x01, 0xdf, 0x01, 0xdf, 
	0x01, 0xdf, 0x01, 0xdf, 0x01, 0xdf, 0x01, 0xdf, 
	0x01, 0xdf, 0x01, 0xdf, 0x01, 0xdf, 0x01, 0xdf, 
	0x01, 0xdf, 0x01, 0xdf, 0x01, 0xdf, 0x01, 0xdf, 
	0x01, 0xdf, 0x01, 0xdf, 0x01, 0xdf, 0x01, 0xdf, 
	0x01, 0xdf, 0x01, 0xdf, 0x01, 0xdf, 0x01, 0xdf, 
	0x01, 0xdf, 0x01, 0xdf, 0x01, 0xdf, 0x01, 0xdf, 
	0x01, 0xdf, 0x01, 0xdf, 0x01, 0xdf, 0x01, 0xdf, 
	0x01, 0xdf, 0x01, 0xdf, 0x01, 0xdf, 0x01, 0xdf, 
	0x01, 0xdf, 0x01, 0xdf, 0x01, 0xdf, 0x01, 0xdf, 
	0x01, 0xdf, 0x01, 0xdf, 0x01, 0xdf, 0x01, 0xdf, 
	0x01, 0xdf, 0x01, 0xdf, 0x01, 0xdf, 0x01, 0xdf, 
	0x01, 0xe1, 0x01, 0xe1, 0x01, 0xe1, 0x01, 0xe1, 
	0x01, 0xe1, 0x01, 0xe1, 0x01, 0xe1, 0x01, 0xe1, 
	0x01, 0xe1, 0x01, 0xe1, 0x01, 0xe1, 0x01, 0xe1, 
	0x01, 0xe1, 0x01, 0xe1, 0x01, 0xe1, 0x01, 0xe1, 
	0x01, 0xe1, 0x01, 0xe1, 0x01, 0xe1, 0x01, 0xe1, 
	0x01, 0xe1, 0x01, 0xe1, 0x01, 0xe1, 0x01, 0xe1, 
	0x01, 0xe1, 0x01, 0xe1, 0x01, 0xe1, 0x01, 0xe1, 
	0x01, 0x9f, 0x01, 0x9f, 0x01, 0x9f, 0x01, 0x9f, 
	0x11, 0xe1, 0x11, 0xe1, 0x4b, 0xab, 0x11, 0xe1, 
	0x7d, 0xfb, 0x96, 0x7d, 0x7d, 0xfb, 0x7d, 0xfb, 
	0x7d, 0xb9, 0x6d, 0x37, 0x6d, 0x37, 0x6d, 0x37, 
	0x75, 0x79, 0x75, 0x79, 0x75, 0x79, 0x5c, 0xb5, 
	0x5c, 0xb5, 0x5c, 0xb5, 0x54, 0x73, 0x54, 0x73, 
	0x5c, 0xb5, 0x5c, 0xb5, 0x65, 0x39, 0x5c, 0xb5, 
	0x54, 0xb5, 0x4c, 0x73, 0x4b, 0xef, 0x43, 0xad, 
	0x3b, 0xad, 0x4c, 0x31, 0x4c, 0x31, 0x65, 0x39, 
	0x64, 0xf7, 0x54, 0xb5, 0x4c, 0x31, 0x4c, 0x31, 
	0x3b, 0xaf, 0x3b, 0x6d, 0x3b, 0x6d, 0x33, 0x6b, 
	0x33, 0x6f, 0x33, 0x6f, 0x33, 0x6f, 0x2b, 0x29, 
	0x23, 0x2b, 0x23, 0x2b, 0x01, 0x9d, 0x01, 0x9d, 
	0x01, 0x9f, 0x01, 0x9f, 0x01, 0x9f, 0x01, 0x9f, 
	0x01, 0x9f, 0x01, 0x9f, 0x01, 0x9f, 0x01, 0x9d, 
	0x01, 0x9f, 0x01, 0x9f, 0x01, 0x9f, 0x01, 0x9f, 
	0x01, 0x9f, 0x01, 0x9f, 0x01, 0x9f, 0x01, 0x9f, 
	0x01, 0x9f, 0x01, 0x9f, 0x01, 0x9f, 0x01, 0x9f, 
	0x01, 0x9f, 0x01, 0x9f, 0x01, 0x9f, 0x01, 0x9f, 
	0x01, 0xdf, 0x01, 0xdf, 0x01, 0xdf, 0x01, 0xdf, 
	0x01, 0xdf, 0x01, 0xdf, 0x01, 0xdf, 0x01, 0xdf, 
	0x01, 0xdf, 0x01, 0xdf, 0x01, 0xdf, 0x01, 0xdf, 
	0x01, 0xdf, 0x01, 0xdf, 0x01, 0xdf, 0x01, 0xdf, 
	0x01, 0xdf, 0x01, 0xdf, 0x01, 0xdf, 0x01, 0xdf, 
	0x01, 0xdf, 0x01, 0xdf, 0x01, 0xdf, 0x01, 0xdf, 
	0x01, 0xdf, 0x01, 0xdf, 0x01, 0xdf, 0x01, 0xdf, 
	0x01, 0xdf, 0x01, 0xdf, 0x01, 0xdf, 0x01, 0xdf, 
	0x01, 0xe1, 0x01, 0xe1, 0x01, 0xe1, 0x01, 0xe1, 
	0x01, 0xe1, 0x01, 0xe1, 0x01, 0xdf, 0x01, 0xdf, 
	0x01, 0xdf, 0x01, 0xdf, 0x01, 0xdf, 0x01, 0xdf, 
	0x01, 0xdf, 0x01, 0xdf, 0x01, 0xdf, 0x01, 0xdf, 
	0x01, 0xdf, 0x01, 0xdf, 0x01, 0xdf, 0x01, 0xdf, 
	0x01, 0xdf, 0x01, 0xdf, 0x01, 0xdf, 0x01, 0xdf, 
	0x01, 0xdf, 0x01, 0xdf, 0x01, 0xdf, 0x01, 0xdf, 
	0x01, 0xdf, 0x01, 0xdf, 0x01, 0xdf, 0x01, 0xdd, 
	0x01, 0xdd, 0x01, 0xdf, 0x01, 0xdf, 0x01, 0xdf, 
	0x01, 0xdf, 0x01, 0xdf, 0x01, 0xdf, 0x01, 0xdf, 
	0x01, 0xdf, 0x01, 0xdf, 0x01, 0xdf, 0x01, 0xdf, 
	0x01, 0xdf, 0x01, 0xdf, 0x01, 0xdf, 0x01, 0xdf, 
	0x01, 0xdf, 0x01, 0xdf, 0x01, 0xdf, 0x01, 0xdf, 
	0x01, 0xdd, 0x01, 0xdf, 0x01, 0xdf, 0x01, 0xdf, 
	0x01, 0xdf, 0x01, 0xdf, 0x01, 0xdf, 0x01, 0xdf, 
	0x01, 0xdf, 0x01, 0xdf, 0x01, 0xdf, 0x01, 0xdf, 
	0x01, 0xdf, 0x01, 0xdf, 0x01, 0xdf, 0x01, 0xdf, 
	0x01, 0xdf, 0x01, 0xdf, 0x01, 0xdf, 0x01, 0xdf, 
	0x01, 0xdf, 0x01, 0xdf, 0x01, 0xdf, 0x01, 0xdf, 
	0x01, 0xdf, 0x01, 0xdf, 0x01, 0xdf, 0x01, 0xdf, 
	0x01, 0xdf, 0x01, 0xdf, 0x01, 0xdf, 0x01, 0xdf, 
	0x01, 0xdf, 0x01, 0xdf, 0x01, 0xdf, 0x01, 0xdf, 
	0x01, 0xdf, 0x01, 0xdf, 0x01, 0xdf, 0x01, 0xdf, 
	0x01, 0xdf, 0x01, 0xdf, 0x01, 0xdf, 0x01, 0xdf, 
	0x01, 0xdf, 0x01, 0xdf, 0x01, 0xdf, 0x01, 0xdf, 
	0x01, 0xdf, 0x01, 0xdf, 0x01, 0xdf, 0x01, 0xdf, 
	0x01, 0xdf, 0x01, 0xdf, 0x01, 0xdf, 0x01, 0xdf, 
	0x01, 0xdf, 0x01, 0xdf, 0x01, 0xdf, 0x01, 0xdf, 
	0x01, 0xdf, 0x01, 0xdf, 0x01, 0xdf, 0x01, 0xdf, 
	0x01, 0xdf, 0x01, 0xdf, 0x01, 0xdf, 0x01, 0xdf, 
	0x01, 0xe1, 0x01, 0xe1, 0x01, 0xe1, 0x01, 0xe1, 
	0x01, 0xe1, 0x01, 0xe1, 0x01, 0xe1, 0x01, 0xe1, 
	0x01, 0xe1, 0x01, 0xe1, 0x01, 0xe1, 0x01, 0xe1, 
	0x01, 0xe1, 0x01, 0xe1, 0x01, 0xe1, 0x01, 0xe1, 
	0x01, 0xe1, 0x01, 0xe1, 0x01, 0xe1, 0x01, 0xe1, 
	0x01, 0xe1, 0x01, 0xe1, 0x01, 0xe1, 0x01, 0xe1, 
	0x01, 0xe1, 0x01, 0xe1, 0x01, 0xe1, 0x01, 0xe1, 
	0x01, 0x9f, 0x01, 0x9f, 0x01, 0x9f, 0x33, 0x69, 
	0x4b, 0xab, 0x7d, 0x75, 0xb7, 0x3f, 0xb7, 0x3f, 
	0x96, 0x7d, 0xaf, 0x3d, 0x96, 0x7d, 0x7d, 0xfb, 
	0x7d, 0xb9, 0x6d, 0x37, 0x7d, 0xb9, 0x7d, 0xb9, 
	0x8e, 0x7b, 0xa7, 0x3f, 0x75, 0x79, 0x5c, 0xb5, 
	0x54, 0x73, 0x5c, 0xb5, 0x4c, 0x2f, 0x4c, 0x2f, 
	0x54, 0x71, 0x5c, 0xb5, 0x65, 0x39, 0x54, 0x71, 
	0x4c, 0x73, 0x4c, 0x73, 0x4b, 0xef, 0x43, 0xad, 
	0x3b, 0xad, 0x3b, 0xad, 0x4c, 0x31, 0x54, 0xb5, 
	0x54, 0xb5, 0x4c, 0x31, 0x4c, 0x31, 0x3b, 0xef, 
	0x3b, 0x6d, 0x33, 0x6b, 0x33, 0x6b, 0x33, 0x29, 
	0x2b, 0x2b, 0x2b, 0x2b, 0x33, 0x6d, 0x2b, 0x2b, 
	0x23, 0x2b, 0x23, 0x2b, 0x01, 0x9d, 0x01, 0x9d, 
	0x01, 0x9f, 0x01, 0x9f, 0x01, 0x9f, 0x01, 0x9f, 
	0x01, 0x9f, 0x01, 0x9f, 0x01, 0x9f, 0x01, 0x9f, 
	0x01, 0x9f, 0x01, 0x9f, 0x01, 0x9f, 0x01, 0x9f, 
	0x01, 0x9f, 0x01, 0xdf, 0x01, 0xdf, 0x01, 0x9f, 
	0x01, 0x9f, 0x01, 0x9f, 0x01, 0xdf, 0x01, 0x9f, 
	0x01, 0x9f, 0x01, 0x9f, 0x01, 0x9f, 0x01, 0x9f, 
	0x01, 0x9f, 0x01, 0x9f, 0x01, 0x9f, 0x01, 0xdf, 
	0x01, 0xdf, 0x01, 0xdf, 0x01, 0xdf, 0x01, 0xdf, 
	0x01, 0xdf, 0x01, 0xdf, 0x01, 0xdf, 0x01, 0xdf, 
	0x01, 0xdf, 0x01, 0xdf, 0x01, 0xdf, 0x01, 0xdf, 
	0x01, 0xdf, 0x01, 0xdf, 0x01, 0xe1, 0x01, 0xe1, 
	0x01, 0xe1, 0x01, 0xdf, 0x01, 0xdf, 0x01, 0xdf, 
	0x01, 0xdf, 0x01, 0xdf, 0x01, 0xdf, 0x01, 0xdf, 
	0x01, 0xdf, 0x01, 0xdf, 0x01, 0xdf, 0x01, 0xe1, 
	0x01, 0xdf, 0x01, 0xe1, 0x01, 0xe1, 0x01, 0xe1, 
	0x01, 0xe1, 0x01, 0xe1, 0x01, 0xe1, 0x01, 0xe1, 
	0x01, 0xdf, 0x01, 0xdf, 0x01, 0xdf, 0x01, 0xdf, 
	0x01, 0xdf, 0x01, 0xdf, 0x01, 0xdf, 0x01, 0xdf, 
	0x01, 0xdf, 0x01, 0xdf, 0x01, 0xdf, 0x01, 0xdf, 
	0x01, 0xdf, 0x01, 0xdf, 0x01, 0xdf, 0x01, 0xdf, 
	0x01, 0xdf, 0x01, 0xdf, 0x01, 0xdf, 0x01, 0xdf, 
	0x01, 0xdf, 0x01, 0xdf, 0x01, 0xdf, 0x01, 0xdf, 
	0x01, 0xdf, 0x01, 0xdf, 0x01, 0xdf, 0x01, 0xdf, 
	0x01, 0xdf, 0x01, 0xdf, 0x01, 0xdf, 0x01, 0xdf, 
	0x01, 0xdf, 0x01, 0xdf, 0x01, 0xdf, 0x01, 0xdf, 
	0x01, 0xdf, 0x01, 0xdf, 0x01, 0xdf, 0x01, 0xdf, 
	0x01, 0xdf, 0x01, 0xdf, 0x01, 0xdf, 0x01, 0xdf, 
	0x01, 0xdf, 0x01, 0xdf, 0x01, 0xdf, 0x01, 0xdf, 
	0x01, 0xdf, 0x01, 0xdf, 0x01, 0xdf, 0x01, 0xdf, 
	0x01, 0xdf, 0x01, 0xdf, 0x01, 0xdf, 0x01, 0xdf, 
	0x01, 0xdf, 0x01, 0xdf, 0x01, 0xdf, 0x01, 0xdf, 
	0x01, 0xdf, 0x01, 0xdf, 0x01, 0xdf, 0x01, 0xdf, 
	0x01, 0xdf, 0x01, 0xdf, 0x01, 0xdf, 0x01, 0xdf, 
	0x01, 0xdf, 0x01, 0xdf, 0x01, 0xdf, 0x01, 0xdf, 
	0x01, 0xdf, 0x01, 0xdf, 0x01, 0xdf, 0x01, 0xdf, 
	0x01, 0xdf, 0x01, 0xdf, 0x01, 0xdf, 0x01, 0xdf, 
	0x01, 0xdf, 0x01, 0xdf, 0x01, 0xdf, 0x01, 0xdf, 
	0x01, 0xdf, 0x01, 0xdf, 0x01, 0xdf, 0x01, 0xdf, 
	0x01, 0xdf, 0x01, 0xdf, 0x01, 0xdf, 0x01, 0xdf, 
	0x01, 0xdf, 0x01, 0xdf, 0x01, 0xdf, 0x01, 0xdf, 
	0x01, 0xdf, 0x01, 0xe1, 0x01, 0xe1, 0x01, 0xe1, 
	0x01, 0xdf, 0x01, 0xdf, 0x01, 0xdf, 0x01, 0xdf, 
	0x01, 0xdf, 0x01, 0xdf, 0x01, 0xdf, 0x01, 0xdf, 
	0x01, 0xdf, 0x01, 0xdf, 0x01, 0xdf, 0x01, 0xdf, 
	0x01, 0xe1, 0x01, 0xe1, 0x01, 0xe1, 0x01, 0xe1, 
	0x01, 0xe1, 0x01, 0xe1, 0x01, 0xe1, 0x01, 0xe1, 
	0x01, 0xe1, 0x01, 0xe1, 0x01, 0xe1, 0x01, 0xe1, 
	0x01, 0xe1, 0x01, 0xe1, 0x01, 0xe1, 0x01, 0xe1, 
	0x01, 0xe1, 0x01, 0xe1, 0x01, 0xe1, 0x01, 0xe1, 
	0x01, 0xe1, 0x01, 0xe1, 0x01, 0xe1, 0x01, 0xe1, 
	0x01, 0xe1, 0x01, 0xe1, 0x01, 0xe1, 0x01, 0xe1, 
	0x01, 0x9f, 0x01, 0x9f, 0x33, 0x69, 0x96, 0xbf, 
	0xb7, 0x3f, 0xb7, 0x3f, 0xb7, 0x3f, 0xb7, 0x3f, 
	0xc7, 0xff, 0xaf, 0x3d, 0x96, 0x7d, 0x7d, 0xfb, 
	0x7d, 0xb9, 0x7d, 0xb9, 0x86, 0x3d, 0x96, 0xbf, 
	0xa7, 0x3f, 0xa7, 0x3f, 0x75, 0x79, 0x5c, 0xb5, 
	0x5c, 0xb5, 0x54, 0x73, 0x4c, 0x2f, 0x4c, 0x2f, 
	0x54, 0x71, 0x54, 0x71, 0x5c, 0xb5, 0x5c, 0xb5, 
	0x4b, 0xef, 0x43, 0xad, 0x43, 0xad, 0x43, 0xad, 
	0x3b, 0xad, 0x3b, 0xad, 0x3b, 0xad, 0x4c, 0x31, 
	0x4c, 0x31, 0x4c, 0x31, 0x4c, 0x31, 0x3b, 0xef, 
	0x3b, 0x6d, 0x33, 0x6b, 0x33, 0x6b, 0x33, 0x29, 
	0x2b, 0x2b, 0x2b, 0x2b, 0x2b, 0x2b, 0x2b, 0x29, 
	0x23, 0x2b, 0x23, 0x2b, 0x01, 0x9d, 0x01, 0x9d, 
	0x01, 0x9f, 0x01, 0x9f, 0x01, 0x9f, 0x01, 0x9f, 
	0x01, 0x9f, 0x01, 0x9f, 0x01, 0x9f, 0x01, 0x9f, 
	0x01, 0x9f, 0x01, 0x9f, 0x01, 0x9f, 0x01, 0x9f, 
	0x01, 0x9f, 0x01, 0xdf, 0x01, 0x9f, 0x01, 0xdf, 
	0x01, 0xdf, 0x01, 0xdf, 0x01, 0x9f, 0x01, 0x9f, 
	0x01, 0x9f, 0x01, 0x9f, 0x01, 0x9f, 0x01, 0xdf, 
	0x01, 0xdf, 0x01, 0xdf, 0x01, 0x9f, 0x01, 0x9f, 
	0x01, 0x9f, 0x01, 0x9f, 0x01, 0xdf, 0x01, 0xdf, 
	0x01, 0xdf, 0x01, 0xdf, 0x01, 0xdf, 0x01, 0xdf, 
	0x01, 0xdf, 0x01, 0xdf, 0x01, 0xdf, 0x01, 0xdf, 
	0x01, 0xe1, 0x01, 0xe1, 0x01, 0xe1, 0x01, 0xe1, 
	0x01, 0xe1, 0x01, 0xe1, 0x01, 0xe1, 0x01, 0xdf, 
	0x01, 0xdf, 0x01, 0xdf, 0x01, 0xdf, 0x01, 0xdf, 
	0x01, 0xdf, 0x01, 0xdf, 0x01, 0xe1, 0x01, 0xe1, 
	0x01, 0xe1, 0x01, 0xe1, 0x01, 0xe1, 0x01, 0xe1, 
	0x01, 0xe1, 0x01, 0xe1, 0x01, 0xe1, 0x01, 0xe1, 
	0x01, 0xe1, 0x01, 0xe1, 0x01, 0xdf, 0x01, 0xdf, 
	0x01, 0xdf, 0x01, 0xdf, 0x01, 0xdf, 0x01, 0xdf, 
	0x01, 0xdf, 0x01, 0xdf, 0x01, 0xdf, 0x01, 0xdf, 
	0x01, 0xdf, 0x01, 0xdf, 0x01, 0xdf, 0x01, 0xdf, 
	0x01, 0xdf, 0x01, 0xdf, 0x01, 0xdf, 0x01, 0xdf, 
	0x01, 0xdf, 0x01, 0xdf, 0x01, 0xdf, 0x01, 0xdf, 
	0x01, 0xdf, 0x01, 0xdf, 0x01, 0xdf, 0x01, 0xdf, 
	0x01, 0xdf, 0x01, 0xdf, 0x01, 0xdf, 0x01, 0xdf, 
	0x01, 0xdf, 0x01, 0xdf, 0x01, 0xdf, 0x01, 0xdf, 
	0x01, 0xdf, 0x01, 0xdf, 0x01, 0xdf, 0x01, 0xdf, 
	0x01, 0xdf, 0x01, 0xdf, 0x01, 0xdf, 0x01, 0xdf, 
	0x01, 0xdf, 0x01, 0xdf, 0x01, 0xdf, 0x01, 0xdf, 
	0x01, 0xdf, 0x01, 0xdf, 0x01, 0xdf, 0x01, 0xdf, 
	0x01, 0xdf, 0x01, 0xdf, 0x01, 0xdf, 0x01, 0xdf, 
	0x01, 0xdf, 0x01, 0xdf, 0x01, 0xdf, 0x01, 0xdf, 
	0x01, 0xdf, 0x01, 0xdf, 0x01, 0xdf, 0x01, 0xdf, 
	0x01, 0xdf, 0x01, 0xdf, 0x01, 0xdf, 0x01, 0xdf, 
	0x01, 0xdf, 0x01, 0xdf, 0x01, 0xdf, 0x01, 0xdf, 
	0x01, 0xdf, 0x01, 0xdf, 0x01, 0xdf, 0x01, 0xdf, 
	0x01, 0xdf, 0x01, 0xdf, 0x01, 0xdf, 0x01, 0xdf, 
	0x01, 0xdf, 0x01, 0xdf, 0x01, 0xdf, 0x01, 0xdf, 
	0x01, 0xdf, 0x01, 0xdf, 0x01, 0xdf, 0x01, 0xdf, 
	0x01, 0xdf, 0x01, 0xdf, 0x01, 0xe1, 0x01, 0xdf, 
	0x01, 0xe1, 0x01, 0xe1, 0x01, 0xe1, 0x01, 0xe1, 
	0x01, 0xe1, 0x01, 0xe1, 0x01, 0xdf, 0x01, 0xe1, 
	0x01, 0xdf, 0x01, 0xdf, 0x01, 0xdf, 0x01, 0xe1, 
	0x01, 0xdf, 0x01, 0xdf, 0x01, 0xdf, 0x01, 0xdf, 
	0x01, 0xdf, 0x01, 0xdf, 0x01, 0xdf, 0x01, 0xe1, 
	0x01, 0xe1, 0x01, 0xe1, 0x01, 0xe1, 0x01, 0xe1, 
	0x01, 0xe1, 0x01, 0xe1, 0x01, 0xe1, 0x01, 0xe1, 
	0x01, 0xe1, 0x01, 0xe1, 0x01, 0xe1, 0x01, 0xe1, 
	0x01, 0xe1, 0x01, 0xe1, 0x01, 0xe1, 0x01, 0xe1, 
	0x01, 0xe1, 0x01, 0xe1, 0x01, 0xe1, 0x01, 0xe1, 
	0x01, 0xe1, 0x01, 0xe1, 0x01, 0xe1, 0x01, 0xe1, 
	0x01, 0xe1, 0x01, 0xe1, 0x01, 0xe1, 0x01, 0xe1, 
	0x01, 0x9f, 0x01, 0x9f, 0x64, 0xf5, 0x96, 0xbf, 
	0xb7, 0x3f, 0xb7, 0x3f, 0xb7, 0x3f, 0xb7, 0x3f, 
	0xc7, 0xff, 0xc7, 0xff, 0xaf, 0x3d, 0x7d, 0xfb, 
	0x7d, 0xb9, 0x96, 0xbf, 0x96, 0xbf, 0x96, 0xbf, 
	0xa7, 0x3f, 0x8e, 0x7b, 0x75, 0x79, 0x75, 0x79, 
	0x5c, 0xb5, 0x54, 0x73, 0x4c, 0x2f, 0x43, 0xad, 
	0x4b, 0xed, 0x4b, 0xed, 0x5c, 0xb5, 0x5c, 0xb5, 
	0x54, 0xb5, 0x4b, 0xef, 0x43, 0xad, 0x43, 0xad, 
	0x3b, 0xad, 0x3b, 0xad, 0x4c, 0x31, 0x4c, 0x31, 
	0x3b, 0xef, 0x4c, 0x31, 0x3b, 0xef, 0x3b, 0xef, 
	0x3b, 0x6d, 0x33, 0x6b, 0x33, 0x29, 0x33, 0x29, 
	0x2b, 0x29, 0x2b, 0x2b, 0x2b, 0x29, 0x2b, 0x29, 
	0x23, 0x2b, 0x1a, 0xa7, 0x0a, 0x21, 0x0a, 0x21, 
	0x01, 0x9f, 0x01, 0xe1, 0x01, 0x9f, 0x01, 0x9f, 
	0x01, 0x9f, 0x01, 0xe1, 0x01, 0x9f, 0x01, 0x9f, 
	0x01, 0x9f, 0x01, 0x9f, 0x01, 0x9f, 0x01, 0xdf, 
	0x01, 0xdf, 0x01, 0x9f, 0x01, 0xdf, 0x01, 0xdf, 
	0x01, 0xdf, 0x01, 0xdf, 0x01, 0xdf, 0x01, 0xdf, 
	0x01, 0xdf, 0x01, 0xdf, 0x01, 0xdf, 0x01, 0xdf, 
	0x01, 0x9f, 0x01, 0xdf, 0x01, 0xdf, 0x01, 0xdf, 
	0x01, 0x9f, 0x01, 0x9f, 0x01, 0x9f, 0x01, 0xdf, 
	0x01, 0xdf, 0x01, 0xdf, 0x01, 0xdf, 0x01, 0xdf, 
	0x01, 0xdf, 0x01, 0xdf, 0x01, 0xe1, 0x01, 0xe1, 
	0x01, 0xe1, 0x01, 0xe1, 0x01, 0xe1, 0x01, 0xdf, 
	0x01, 0xdf, 0x01, 0xdf, 0x01, 0xe1, 0x01, 0xe1, 
	0x01, 0xe1, 0x01, 0xdf, 0x01, 0xdf, 0x01, 0xdf, 
	0x01, 0xe1, 0x01, 0xe1, 0x01, 0xe1, 0x01, 0xe1, 
	0x01, 0xe1, 0x01, 0xe1, 0x01, 0xe1, 0x01, 0xe1, 
	0x01, 0xe1, 0x01, 0xe1, 0x01, 0xe1, 0x01, 0xe1, 
	0x01, 0xe1, 0x01, 0xe1, 0x01, 0xdf, 0x01, 0xdf, 
	0x01, 0xdf, 0x01, 0xdf, 0x01, 0xdf, 0x01, 0xdf, 
	0x01, 0xdf, 0x01, 0xdf, 0x01, 0xdf, 0x01, 0xdf, 
	0x01, 0xdf, 0x01, 0xdf, 0x01, 0xdf, 0x01, 0xdf, 
	0x01, 0xdf, 0x01, 0xdf, 0x01, 0xdf, 0x01, 0xdf, 
	0x01, 0xdf, 0x01, 0xdf, 0x01, 0xdf, 0x01, 0xdf, 
	0x01, 0xdf, 0x01, 0xdf, 0x01, 0xdf, 0x01, 0xdf, 
	0x01, 0xdf, 0x01, 0xdf, 0x01, 0xdf, 0x01, 0xdf, 
	0x01, 0xdf, 0x01, 0xdf, 0x01, 0xdf, 0x01, 0xdf, 
	0x01, 0xdf, 0x01, 0xdf, 0x01, 0xdf, 0x01, 0xdf, 
	0x01, 0xdf, 0x01, 0xdf, 0x01, 0xdf, 0x01, 0xdf, 
	0x01, 0xdf, 0x01, 0xdf, 0x01, 0xdf, 0x01, 0xdf, 
	0x01, 0xdf, 0x01, 0xdf, 0x01, 0xdf, 0x01, 0xdf, 
	0x01, 0xdf, 0x01, 0xdf, 0x01, 0xdf, 0x01, 0xdf, 
	0x01, 0xdf, 0x01, 0xdf, 0x01, 0xdf, 0x01, 0xdf, 
	0x01, 0xdf, 0x01, 0xdf, 0x01, 0xdf, 0x01, 0xdf, 
	0x01, 0xdf, 0x01, 0xdf, 0x01, 0xdf, 0x01, 0xdf, 
	0x01, 0xdf, 0x01, 0xdf, 0x01, 0xdf, 0x01, 0xdf, 
	0x01, 0xdf, 0x01, 0xdf, 0x01, 0xdf, 0x01, 0xdf, 
	0x01, 0xdf, 0x01, 0xdf, 0x01, 0xdf, 0x01, 0xdf, 
	0x01, 0xe1, 0x01, 0xdf, 0x01, 0xdf, 0x01, 0xdf, 
	0x01, 0xdf, 0x01, 0xdf, 0x01, 0xe1, 0x01, 0xe1, 
	0x01, 0xe1, 0x01, 0xe1, 0x01, 0xe1, 0x01, 0xe1, 
	0x01, 0xe1, 0x01, 0xe1, 0x01, 0xe1, 0x01, 0xe1, 
	0x01, 0xe1, 0x01, 0xe1, 0x01, 0xe1, 0x01, 0xe1, 
	0x01, 0xe1, 0x01, 0xe1, 0x01, 0xe1, 0x01, 0xe1, 
	0x01, 0xe1, 0x01, 0xe1, 0x01, 0xe1, 0x01, 0xe1, 
	0x01, 0xe1, 0x01, 0xe1, 0x01, 0xe1, 0x01, 0xe1, 
	0x01, 0xe1, 0x01, 0xe1, 0x01, 0xe1, 0x01, 0xe1, 
	0x01, 0xe1, 0x01, 0xe1, 0x01, 0xe1, 0x01, 0xe1, 
	0x01, 0xe1, 0x01, 0xe1, 0x01, 0xe1, 0x01, 0xe1, 
	0x01, 0xe1, 0x01, 0xe1, 0x01, 0xe1, 0x01, 0xe1, 
	0x01, 0xe1, 0x01, 0xe1, 0x01, 0xe1, 0x01, 0xe1, 
	0x01, 0xe1, 0x01, 0xe1, 0x01, 0xe1, 0x01, 0xe1, 
	0x01, 0xe1, 0x01, 0xe1, 0x01, 0xe1, 0x01, 0xe1, 
	0x09, 0xe3, 0x09, 0xe3, 0x5c, 0xb5, 0x86, 0x3f, 
	0x9e, 0xbf, 0x9e, 0xbf, 0xaf, 0x7f, 0xc7, 0xff, 
	0xc7, 0xff, 0xc7, 0xff, 0xaf, 0x3f, 0x7d, 0xfd, 
	0x7d, 0xb9, 0xa7, 0x7f, 0xa7, 0x7f, 0xa7, 0x7f, 
	0xc7, 0xff, 0x9e, 0xbb, 0x7d, 0xb9, 0x7d, 0xb9, 
	0x64, 0xf3, 0x54, 0x71, 0x54, 0x71, 0x4b, 0xed, 
	0x3b, 0xab, 0x43, 0xed, 0x54, 0x31, 0x54, 0x31, 
	0x4c, 0x71, 0x44, 0x2f, 0x43, 0xed, 0x43, 0xed, 
	0x3b, 0xab, 0x3b, 0xab, 0x4c, 0x31, 0x43, 0xef, 
	0x3b, 0x6b, 0x3b, 0x6b, 0x3b, 0x6b, 0x3b, 0x6b, 
	0x33, 0x69, 0x33, 0x29, 0x2b, 0x29, 0x2b, 0x29, 
	0x2b, 0x29, 0x2b, 0x29, 0x2b, 0x29, 0x2b, 0x29, 
	0x22, 0xe9, 0x22, 0xe9, 0x22, 0xe9, 0x12, 0x23, 
	0x01, 0x9f, 0x01, 0xe1, 0x01, 0x9f, 0x01, 0x9f, 
	0x01, 0xa1, 0x01, 0xa1, 0x01, 0xa1, 0x01, 0xe1, 
	0x01, 0xa1, 0x01, 0xa1, 0x01, 0xa1, 0x01, 0xa1, 
	0x01, 0xdf, 0x01, 0xdf, 0x01, 0xdf, 0x01, 0xdf, 
	0x01, 0xdf, 0x01, 0xdf, 0x01, 0xdf, 0x01, 0xdf, 
	0x01, 0xdf, 0x01, 0xdf, 0x01, 0xdf, 0x01, 0xdf, 
	0x01, 0xdf, 0x01, 0xdf, 0x01, 0xdf, 0x01, 0xdf, 
	0x01, 0xdf, 0x01, 0xdf, 0x01, 0x9f, 0x01, 0x9f, 
	0x01, 0xdf, 0x01, 0xdf, 0x01, 0xdf, 0x01, 0xdf, 
	0x01, 0xdf, 0x01, 0xdf, 0x01, 0xdf, 0x01, 0xe1, 
	0x01, 0xe1, 0x01, 0xe1, 0x01, 0xe1, 0x01, 0xdf, 
	0x01, 0xdf, 0x01, 0xe1, 0x01, 0xe1, 0x01, 0xe1, 
	0x01, 0xe1, 0x01, 0xe1, 0x01, 0xe1, 0x01, 0xe1, 
	0x01, 0xe1, 0x01, 0xe1, 0x01, 0xe1, 0x01, 0xe1, 
	0x01, 0xe1, 0x01, 0xe1, 0x01, 0xe1, 0x01, 0xe1, 
	0x01, 0xe1, 0x01, 0xe1, 0x01, 0xe1, 0x01, 0xe1, 
	0x01, 0xe1, 0x01, 0xe1, 0x01, 0xe1, 0x01, 0xe1, 
	0x01, 0xdf, 0x01, 0xe1, 0x01, 0xe1, 0x01, 0xe1, 
	0x01, 0xe1, 0x01, 0xe1, 0x01, 0xe1, 0x01, 0xdf, 
	0x01, 0xdf, 0x01, 0xdf, 0x01, 0xdf, 0x01, 0xdf, 
	0x01, 0xdf, 0x01, 0xdf, 0x01, 0xdf, 0x01, 0xdf, 
	0x01, 0xdf, 0x01, 0xdf, 0x01, 0xdf, 0x01, 0xdf, 
	0x01, 0xdf, 0x01, 0xdf, 0x01, 0xdf, 0x01, 0xdf, 
	0x01, 0xdf, 0x01, 0xdf, 0x01, 0xdf, 0x01, 0xdf, 
	0x01, 0xe1, 0x01, 0xe1, 0x01, 0xdf, 0x01, 0xdf, 
	0x01, 0xdf, 0x01, 0xdf, 0x01, 0xdf, 0x01, 0xdf, 
	0x01, 0xdf, 0x01, 0xdf, 0x01, 0xdf, 0x01, 0xdf, 
	0x01, 0xdf, 0x01, 0xdf, 0x01, 0xdf, 0x01, 0xdf, 
	0x01, 0xdf, 0x01, 0xdf, 0x01, 0xe1, 0x01, 0xe1, 
	0x01, 0xdf, 0x01, 0xdf, 0x01, 0xdf, 0x01, 0xdf, 
	0x01, 0xdf, 0x01, 0xdf, 0x01, 0xdf, 0x01, 0xdf, 
	0x01, 0xdf, 0x01, 0xdf, 0x01, 0xdf, 0x01, 0xdf, 
	0x01, 0xdf, 0x01, 0xdf, 0x01, 0xdf, 0x01, 0xdf, 
	0x01, 0xdf, 0x01, 0xdf, 0x01, 0xdf, 0x01, 0xdf, 
	0x01, 0xe1, 0x01, 0xe1, 0x01, 0xe1, 0x01, 0xe1, 
	0x01, 0xe1, 0x01, 0xdf, 0x01, 0xdf, 0x01, 0xe1, 
	0x01, 0xe1, 0x01, 0xe1, 0x01, 0xe1, 0x01, 0xe1, 
	0x01, 0xe1, 0x01, 0xe1, 0x01, 0xe1, 0x01, 0xe1, 
	0x01, 0xe1, 0x01, 0xe1, 0x01, 0xe1, 0x01, 0xe1, 
	0x01, 0xe1, 0x01, 0xe1, 0x01, 0xe1, 0x01, 0xe1, 
	0x01, 0xe1, 0x01, 0xe1, 0x01, 0xe1, 0x01, 0xe1, 
	0x01, 0xe1, 0x01, 0xe1, 0x01, 0xe1, 0x01, 0xe1, 
	0x01, 0xe1, 0x01, 0xe1, 0x01, 0xe1, 0x01, 0xe1, 
	0x01, 0xe1, 0x01, 0xe1, 0x01, 0xe1, 0x01, 0xe1, 
	0x01, 0xe1, 0x01, 0xe1, 0x01, 0xe1, 0x01, 0xe1, 
	0x01, 0xe1, 0x01, 0xe1, 0x01, 0xe1, 0x01, 0xe1, 
	0x01, 0xe1, 0x01, 0xe1, 0x01, 0xe1, 0x01, 0xe1, 
	0x01, 0xe1, 0x01, 0xe1, 0x01, 0xe1, 0x01, 0xe1, 
	0x01, 0xe1, 0x01, 0xe1, 0x01, 0xe1, 0x01, 0xe1, 
	0x01, 0xe1, 0x01, 0xe1, 0x01, 0xe1, 0x01, 0xe1, 
	0x01, 0xe1, 0x01, 0xe1, 0x01, 0xe1, 0x01, 0xe1, 
	0x09, 0xe3, 0x09, 0xe3, 0x33, 0x6d, 0x86, 0x3f, 
	0x86, 0x3f, 0x9e, 0xbf, 0xaf, 0x7f, 0xc7, 0xff, 
	0xc7, 0xff, 0xc7, 0xff, 0xaf, 0x3f, 0x7d, 0xfd, 
	0x7d, 0xb9, 0x8e, 0x7d, 0x8e, 0x7d, 0x8e, 0x7d, 
	0xc7, 0xff, 0xc7, 0xff, 0x9e, 0xbb, 0x9e, 0xbb, 
	0x6d, 0x77, 0x64, 0xf3, 0x54, 0x71, 0x4b, 0xed, 
	0x3b, 0xab, 0x3b, 0xab, 0x43, 0xed, 0x43, 0xed, 
	0x43, 0xed, 0x43, 0xed, 0x43, 0xed, 0x3b, 0xab, 
	0x3b, 0xab, 0x3b, 0xab, 0x43, 0xef, 0x3b, 0xab, 
	0x33, 0x69, 0x33, 0x69, 0x33, 0x69, 0x33, 0x69, 
	0x33, 0x29, 0x33, 0x29, 0x2b, 0x29, 0x2b, 0x29, 
	0x2b, 0x29, 0x2b, 0x29, 0x2b, 0x29, 0x2b, 0x29, 
	0x22, 0xe9, 0x01, 0x9f, 0x01, 0x9f, 0x01, 0x9f, 
	0x01, 0xe1, 0x01, 0xe1, 0x01, 0xe1, 0x01, 0xe1, 
	0x01, 0xe1, 0x01, 0xe1, 0x01, 0xa1, 0x01, 0xa1, 
	0x01, 0xe1, 0x01, 0xe1, 0x01, 0xa1, 0x01, 0xa1, 
	0x01, 0xa1, 0x01, 0xa1, 0x01, 0xdf, 0x01, 0xdf, 
	0x01, 0xdf, 0x01, 0xdf, 0x01, 0xdf, 0x01, 0xdf, 
	0x01, 0xdf, 0x01, 0xdf, 0x01, 0xdf, 0x01, 0xdf, 
	0x01, 0xdf, 0x01, 0xdf, 0x01, 0xdf, 0x01, 0xdf, 
	0x01, 0xdf, 0x01, 0xdf, 0x01, 0xdf, 0x01, 0xdf, 
	0x01, 0xdf, 0x01, 0xdf, 0x01, 0xdf, 0x01, 0xdf, 
	0x01, 0xdf, 0x01, 0xdf, 0x01, 0xdf, 0x01, 0xdf, 
	0x01, 0xe1, 0x01, 0xe1, 0x01, 0xe1, 0x01, 0xe1, 
	0x01, 0xe1, 0x01, 0xe1, 0x01, 0xe1, 0x01, 0xe1, 
	0x01, 0xe1, 0x01, 0xe1, 0x01, 0xe1, 0x01, 0xe1, 
	0x01, 0xe1, 0x01, 0xe1, 0x01, 0xe1, 0x01, 0xe1, 
	0x01, 0xe1, 0x01, 0xe1, 0x01, 0xe1, 0x01, 0xe1, 
	0x01, 0xe1, 0x01, 0xe1, 0x01, 0xe1, 0x01, 0xe1, 
	0x01, 0xe1, 0x01, 0xe1, 0x01, 0xe1, 0x01, 0xe1, 
	0x01, 0xdf, 0x01, 0xe1, 0x01, 0xe1, 0x01, 0xe1, 
	0x01, 0xe1, 0x01, 0xe1, 0x01, 0xe1, 0x01, 0xe1, 
	0x01, 0xdf, 0x01, 0xdf, 0x01, 0xdf, 0x01, 0xdf, 
	0x01, 0xdf, 0x01, 0xdf, 0x01, 0xdf, 0x01, 0xdf, 
	0x01, 0xdf, 0x01, 0xdf, 0x01, 0xdf, 0x01, 0xdf, 
	0x01, 0xdf, 0x01, 0xdf, 0x01, 0xdf, 0x01, 0xdf, 
	0x01, 0xdf, 0x01, 0xdf, 0x01, 0xdf, 0x01, 0xdf, 
	0x01, 0xdf, 0x01, 0xdf, 0x01, 0xe1, 0x01, 0xe1, 
	0x01, 0xdf, 0x01, 0xdf, 0x01, 0xdf, 0x01, 0xdf, 
	0x01, 0xdf, 0x01, 0xdf, 0x01, 0xdf, 0x01, 0xdf, 
	0x01, 0xdf, 0x01, 0xdf, 0x01, 0xdf, 0x01, 0xdf, 
	0x01, 0xe1, 0x01, 0xdf, 0x01, 0xe1, 0x01, 0xe1, 
	0x01, 0xdf, 0x01, 0xdf, 0x01, 0xdf, 0x01, 0xdf, 
	0x01, 0xdf, 0x01, 0xdf, 0x01, 0xdf, 0x01, 0xdf, 
	0x01, 0xdf, 0x01, 0xdf, 0x01, 0xdf, 0x01, 0xdf, 
	0x01, 0xdf, 0x01, 0xdf, 0x01, 0xdf, 0x01, 0xe1, 
	0x01, 0xe1, 0x01, 0xdf, 0x01, 0xdf, 0x01, 0xdf, 
	0x01, 0xe1, 0x01, 0xe1, 0x01, 0xe1, 0x01, 0xe1, 
	0x01, 0xe1, 0x01, 0xdf, 0x01, 0xdf, 0x01, 0xe1, 
	0x01, 0xe1, 0x01, 0xe1, 0x01, 0xe1, 0x01, 0xe1, 
	0x01, 0xe1, 0x01, 0xe1, 0x01, 0xe1, 0x01, 0xe1, 
	0x01, 0xe1, 0x01, 0xe1, 0x01, 0xe1, 0x01, 0xe1, 
	0x01, 0xe1, 0x01, 0xe1, 0x01, 0xe1, 0x01, 0xe1, 
	0x01, 0xe1, 0x01, 0xe1, 0x01, 0xe1, 0x01, 0xe1, 
	0x01, 0xe1, 0x01, 0xe1, 0x01, 0xe1, 0x01, 0xe1, 
	0x01, 0xe1, 0x01, 0xe1, 0x01, 0xe1, 0x01, 0xe1, 
	0x01, 0xe1, 0x01, 0xe1, 0x01, 0xe1, 0x01, 0xe1, 
	0x01, 0xe1, 0x01, 0xe1, 0x01, 0xe1, 0x01, 0xe1, 
	0x01, 0xe1, 0x01, 0xe1, 0x01, 0xe1, 0x01, 0xe1, 
	0x01, 0xe1, 0x01, 0xe1, 0x01, 0xe1, 0x01, 0xe1, 
	0x01, 0xe1, 0x01, 0xe1, 0x01, 0xe1, 0x01, 0xe1, 
	0x01, 0xe1, 0x01, 0xe1, 0x01, 0xe1, 0x01, 0xe1, 
	0x01, 0xe1, 0x01, 0xe1, 0x01, 0xe1, 0x01, 0xe1, 
	0x01, 0xe1, 0x01, 0xe1, 0x01, 0xe1, 0x01, 0xe1, 
	0x09, 0xe3, 0x33, 0x6d, 0x33, 0x6d, 0x5c, 0xb5, 
	0x86, 0x3f, 0x9e, 0xbf, 0xaf, 0x7f, 0xaf, 0x7f, 
	0xaf, 0x3f, 0xc7, 0xff, 0xaf, 0x3f, 0x96, 0xbd, 
	0x7d, 0xb9, 0x7d, 0xb9, 0x7d, 0xb9, 0x7d, 0xb9, 
	0x7d, 0xb9, 0x7d, 0xb9, 0x7d, 0xb9, 0x7d, 0xb9, 
	0x6d, 0x77, 0x64, 0xf3, 0x54, 0x71, 0x4b, 0xed, 
	0x43, 0xed, 0x3b, 0xab, 0x3b, 0xab, 0x43, 0xed, 
	0x43, 0xed, 0x3b, 0xab, 0x3b, 0xab, 0x3b, 0xab, 
	0x33, 0x69, 0x33, 0x69, 0x3b, 0xab, 0x3b, 0xab, 
	0x33, 0x29, 0x33, 0x29, 0x33, 0x29, 0x33, 0x29, 
	0x2b, 0x29, 0x33, 0x29, 0x2b, 0x29, 0x2b, 0x29, 
	0x2b, 0x29, 0x2b, 0x29, 0x2b, 0x29, 0x2b, 0x29, 
	0x22, 0xe9, 0x22, 0xe9, 0x22, 0xe9, 0x01, 0x9f, 
	0x01, 0x9f, 0x01, 0xe1, 0x01, 0xe1, 0x01, 0xe1, 
	0x01, 0xe1, 0x01, 0xe1, 0x01, 0xe1, 0x01, 0xe1, 
	0x01, 0xe1, 0x01, 0xe1, 0x01, 0xa1, 0x01, 0xa1, 
	0x01, 0xa1, 0x01, 0xa1, 0x01, 0xa1, 0x01, 0xdf, 
	0x01, 0x9f, 0x01, 0xdf, 0x01, 0xdf, 0x01, 0xdf, 
	0x01, 0xe1, 0x01, 0xe1, 0x01, 0xe1, 0x01, 0xdf, 
	0x01, 0xdf, 0x01, 0xdf, 0x01, 0xdf, 0x01, 0xdf, 
	0x01, 0xdf, 0x01, 0xdf, 0x01, 0xdf, 0x01, 0xdf, 
	0x01, 0xdf, 0x01, 0xe1, 0x01, 0xdf, 0x01, 0xdf, 
	0x01, 0xdf, 0x01, 0xe1, 0x01, 0xdf, 0x01, 0xe1, 
	0x01, 0xdf, 0x01, 0xdf, 0x01, 0xdf, 0x01, 0xe1, 
	0x01, 0xe1, 0x01, 0xe1, 0x01, 0xe1, 0x01, 0xe1, 
	0x01, 0xe1, 0x01, 0xe1, 0x01, 0xe1, 0x01, 0xe1, 
	0x01, 0xe1, 0x01, 0xe1, 0x01, 0xe1, 0x01, 0xe1, 
	0x01, 0xe1, 0x01, 0xe1, 0x01, 0xe1, 0x01, 0xe1, 
	0x01, 0xe1, 0x01, 0xe1, 0x01, 0xe1, 0x01, 0xe1, 
	0x01, 0xe1, 0x01, 0xe1, 0x01, 0xe1, 0x01, 0xe1, 
	0x01, 0xe1, 0x01, 0xe1, 0x01, 0xe1, 0x01, 0xe1, 
	0x01, 0xe1, 0x01, 0xe1, 0x01, 0xe1, 0x01, 0xe1, 
	0x01, 0xdf, 0x01, 0xdf, 0x01, 0xdf, 0x01, 0xdf, 
	0x01, 0xdf, 0x01, 0xdf, 0x01, 0xdf, 0x01, 0xdf, 
	0x01, 0xdf, 0x01, 0xdf, 0x01, 0xdf, 0x01, 0xdf, 
	0x01, 0xdf, 0x01, 0xdf, 0x01, 0xdf, 0x01, 0xdf, 
	0x01, 0xdf, 0x01, 0xdf, 0x01, 0xdf, 0x01, 0xdf, 
	0x01, 0xe1, 0x01, 0xe1, 0x01, 0xe1, 0x01, 0xe1, 
	0x01, 0xdf, 0x01, 0xdf, 0x01, 0xdf, 0x01, 0xdf, 
	0x01, 0xdf, 0x01, 0xdf, 0x01, 0xdf, 0x01, 0xdf, 
	0x01, 0xdf, 0x01, 0xdf, 0x01, 0xdf, 0x01, 0xdf, 
	0x01, 0xe1, 0x01, 0xe1, 0x01, 0xe1, 0x01, 0xe1, 
	0x01, 0xdf, 0x01, 0xdf, 0x01, 0xdf, 0x01, 0xdf, 
	0x01, 0xdf, 0x01, 0xdf, 0x01, 0xdf, 0x01, 0xdf, 
	0x01, 0xdf, 0x01, 0xdf, 0x01, 0xdf, 0x01, 0xdf, 
	0x01, 0xe1, 0x01, 0xdf, 0x01, 0xdf, 0x01, 0xe1, 
	0x01, 0xe1, 0x01, 0xe1, 0x01, 0xe1, 0x01, 0xe1, 
	0x01, 0xe1, 0x01, 0xe1, 0x01, 0xe1, 0x01, 0xe1, 
	0x01, 0xe1, 0x01, 0xe1, 0x01, 0xe1, 0x01, 0xe1, 
	0x01, 0xe1, 0x01, 0xe1, 0x01, 0xe1, 0x01, 0xe1, 
	0x01, 0xe1, 0x01, 0xe1, 0x01, 0xe1, 0x01, 0xe1, 
	0x01, 0xe1, 0x01, 0xe1, 0x01, 0xe1, 0x01, 0xe1, 
	0x01, 0xe1, 0x01, 0xe1, 0x01, 0xe1, 0x01, 0xe1, 
	0x01, 0xe1, 0x01, 0xe1, 0x01, 0xe1, 0x01, 0xe1, 
	0x01, 0xe1, 0x01, 0xe1, 0x01, 0xe1, 0x01, 0xe1, 
	0x01, 0xe1, 0x01, 0xe1, 0x01, 0xe1, 0x01, 0xe1, 
	0x01, 0xe1, 0x01, 0xe1, 0x01, 0xe1, 0x01, 0xe1, 
	0x01, 0xe1, 0x01, 0xe1, 0x01, 0xe1, 0x01, 0xe1, 
	0x01, 0xe1, 0x01, 0xe1, 0x01, 0xe1, 0x01, 0xe1, 
	0x01, 0xe1, 0x01, 0xe1, 0x01, 0xe3, 0x01, 0xe1, 
	0x01, 0xe1, 0x01, 0xe1, 0x01, 0xe1, 0x01, 0xe1, 
	0x01, 0xe1, 0x01, 0xe1, 0x01, 0xe1, 0x01, 0xe1, 
	0x01, 0xe1, 0x01, 0xe1, 0x01, 0xe1, 0x01, 0xe1, 
	0x01, 0xe1, 0x01, 0xe1, 0x01, 0xe1, 0x01, 0x9f, 
	0x33, 0x6d, 0x5c, 0xb5, 0x33, 0x6d, 0x5c, 0xb5, 
	0x86, 0x3f, 0x86, 0x3f, 0x86, 0x3f, 0x86, 0x3f, 
	0xaf, 0x3f, 0xaf, 0x3f, 0xaf, 0x3f, 0x96, 0xbd, 
	0x8e, 0x7d, 0x7d, 0xb9, 0x64, 0xf7, 0x64, 0xf7, 
	0x54, 0x75, 0x54, 0x75, 0x54, 0x75, 0x54, 0x75, 
	0x6d, 0x77, 0x6d, 0x77, 0x64, 0xf3, 0x54, 0x71, 
	0x3b, 0xab, 0x3b, 0xab, 0x3b, 0xab, 0x43, 0xed, 
	0x43, 0xed, 0x3b, 0xab, 0x3b, 0xab, 0x3b, 0xab, 
	0x3b, 0xab, 0x33, 0x69, 0x3b, 0xab, 0x33, 0x69, 
	0x33, 0x29, 0x33, 0x29, 0x33, 0x29, 0x2b, 0x27, 
	0x2b, 0x29, 0x2b, 0x29, 0x2b, 0x29, 0x2b, 0x29, 
	0x2b, 0x29, 0x2b, 0x29, 0x2b, 0x29, 0x2b, 0x6b, 
	0x33, 0x6d, 0x33, 0x6d, 0x33, 0x6d, 0x33, 0x6d, 
	0x01, 0x9f, 0x01, 0x9f, 0x01, 0xe1, 0x01, 0xe1, 
	0x01, 0xe1, 0x01, 0xe1, 0x01, 0xa1, 0x01, 0xe1, 
	0x01, 0xe1, 0x01, 0xe1, 0x01, 0xe1, 0x01, 0xe1, 
	0x01, 0xdf, 0x01, 0xa1, 0x01, 0xa1, 0x01, 0xa1, 
	0x01, 0xdf, 0x01, 0x9f, 0x01, 0xdf, 0x01, 0x9f, 
	0x01, 0xe1, 0x01, 0xe1, 0x01, 0xe1, 0x01, 0xe1, 
	0x01, 0xe1, 0x01, 0xdf, 0x01, 0xdf, 0x01, 0xe1, 
	0x01, 0xdf, 0x01, 0xdf, 0x01, 0xdf, 0x01, 0xdf, 
	0x01, 0xe1, 0x01, 0xe1, 0x01, 0xe1, 0x01, 0xe1, 
	0x01, 0xdf, 0x01, 0xe1, 0x01, 0xe1, 0x01, 0xe1, 
	0x01, 0xe1, 0x01, 0xe1, 0x01, 0xe1, 0x01, 0xe1, 
	0x01, 0xe1, 0x01, 0xe1, 0x01, 0xe1, 0x01, 0xe1, 
	0x01, 0xe1, 0x01, 0xe1, 0x01, 0xe1, 0x01, 0xe1, 
	0x01, 0xe1, 0x01, 0xe1, 0x01, 0xe1, 0x01, 0xe1, 
	0x01, 0xe1, 0x01, 0xe1, 0x01, 0xe1, 0x01, 0xe1, 
	0x01, 0xe1, 0x01, 0xe1, 0x01, 0xe1, 0x01, 0xe1, 
	0x01, 0xe1, 0x01, 0xe1, 0x01, 0xe1, 0x01, 0xe1, 
	0x01, 0xe1, 0x01, 0xe1, 0x01, 0xe1, 0x01, 0xe1, 
	0x01, 0xe1, 0x01, 0xe1, 0x01, 0xe1, 0x01, 0xe1, 
	0x01, 0xdf, 0x01, 0xdf, 0x01, 0xdf, 0x01, 0xdf, 
	0x01, 0xdf, 0x01, 0xdf, 0x01, 0xdf, 0x01, 0xdf, 
	0x01, 0xdf, 0x01, 0xdf, 0x01, 0xdf, 0x01, 0xdf, 
	0x01, 0xdf, 0x01, 0xdf, 0x01, 0xdf, 0x01, 0xdf, 
	0x01, 0xdf, 0x01, 0xdf, 0x01, 0xdf, 0x01, 0xdf, 
	0x01, 0xe1, 0x01, 0xe1, 0x01, 0xe1, 0x01, 0xe1, 
	0x01, 0xdf, 0x01, 0xdf, 0x01, 0xdf, 0x01, 0xdf, 
	0x01, 0xdf, 0x01, 0xdf, 0x01, 0xdf, 0x01, 0xdf, 
	0x01, 0xe1, 0x01, 0xe1, 0x01, 0xe1, 0x01, 0xe1, 
	0x01, 0xe1, 0x01, 0xe1, 0x01, 0xe1, 0x01, 0xe1, 
	0x01, 0xdf, 0x01, 0xdf, 0x01, 0xe1, 0x01, 0xe1, 
	0x01, 0xdf, 0x01, 0xdf, 0x01, 0xdf, 0x01, 0xdf, 
	0x01, 0xdf, 0x01, 0xdf, 0x01, 0xdf, 0x01, 0xdf, 
	0x01, 0xdf, 0x01, 0xe1, 0x01, 0xe1, 0x01, 0xe1, 
	0x01, 0xe1, 0x01, 0xe1, 0x01, 0xe1, 0x01, 0xe1, 
	0x01, 0xe1, 0x01, 0xe1, 0x01, 0xe1, 0x01, 0xe1, 
	0x01, 0xe1, 0x01, 0xe1, 0x01, 0xe1, 0x01, 0xe1, 
	0x01, 0xe1, 0x01, 0xe1, 0x01, 0xe1, 0x01, 0xe1, 
	0x01, 0xe1, 0x01, 0xe1, 0x01, 0xe1, 0x01, 0xe1, 
	0x01, 0xe1, 0x01, 0xe1, 0x01, 0xe1, 0x01, 0xe1, 
	0x01, 0xe1, 0x01, 0xe1, 0x01, 0xe1, 0x01, 0xe1, 
	0x01, 0xe1, 0x01, 0xe1, 0x01, 0xe1, 0x01, 0xe1, 
	0x01, 0xe1, 0x01, 0xe1, 0x01, 0xe1, 0x01, 0xe1, 
	0x01, 0xe3, 0x01, 0xe3, 0x01, 0xe3, 0x01, 0xe3, 
	0x01, 0xe3, 0x01, 0xe3, 0x01, 0xe3, 0x01, 0xe3, 
	0x01, 0xe3, 0x01, 0xe3, 0x01, 0xe3, 0x01, 0xe3, 
	0x01, 0xe3, 0x01, 0xe3, 0x01, 0xe3, 0x01, 0xe3, 
	0x01, 0xe1, 0x01, 0xe1, 0x01, 0xe3, 0x01, 0xe1, 
	0x01, 0xe1, 0x01, 0xe3, 0x01, 0xe1, 0x01, 0xe1, 
	0x01, 0xe1, 0x01, 0xe3, 0x01, 0xe1, 0x01, 0xe1, 
	0x01, 0xe3, 0x01, 0xe3, 0x01, 0xe3, 0x01, 0xe3, 
	0x01, 0xe3, 0x01, 0xe3, 0x01, 0xe3, 0x01, 0xe1, 
	0x09, 0xe3, 0x3b, 0x6d, 0x09, 0xe3, 0x09, 0xe3, 
	0x5c, 0xf9, 0x7d, 0xfb, 0x7d, 0xfb, 0x7d, 0xfb, 
	0x8e, 0x3d, 0x96, 0xbd, 0xa7, 0x3f, 0x96, 0xbd, 
	0x8e, 0x7d, 0x75, 0x77, 0x64, 0xf5, 0x64, 0xf5, 
	0x5c, 0xb3, 0x4c, 0x2d, 0x4c, 0x2d, 0x54, 0x71, 
	0x5c, 0xb5, 0x5c, 0xb5, 0x5c, 0xb5, 0x54, 0x73, 
	0x3b, 0xad, 0x3b, 0x6b, 0x3b, 0x6b, 0x3b, 0xad, 
	0x3b, 0xab, 0x3b, 0x6b, 0x3b, 0xab, 0x3b, 0xab, 
	0x33, 0x6b, 0x33, 0x6b, 0x33, 0x6b, 0x33, 0x69, 
	0x33, 0x69, 0x33, 0x69, 0x33, 0x29, 0x33, 0x29, 
	0x2b, 0x29, 0x2b, 0x29, 0x2b, 0x29, 0x2b, 0x29, 
	0x2b, 0x2b, 0x2b, 0x2b, 0x2b, 0x2b, 0x33, 0x6d, 
	0x33, 0x6f, 0x33, 0x6f, 0x33, 0x6f, 0x5d, 0x3b, 
	0x4c, 0x75, 0x01, 0x9f, 0x01, 0x9f, 0x01, 0x9f, 
	0x01, 0xe1, 0x01, 0xe1, 0x01, 0xe1, 0x01, 0xe1, 
	0x01, 0xe1, 0x01, 0xe1, 0x01, 0xe1, 0x01, 0xe1, 
	0x01, 0xe1, 0x01, 0xe1, 0x01, 0xe1, 0x01, 0xe1, 
	0x01, 0xe1, 0x01, 0xe1, 0x01, 0xa1, 0x01, 0xa1, 
	0x01, 0xa1, 0x01, 0xe1, 0x01, 0xe1, 0x01, 0xe1, 
	0x01, 0xe1, 0x01, 0xe1, 0x01, 0xe1, 0x01, 0xe1, 
	0x01, 0xe1, 0x01, 0xe1, 0x01, 0xe1, 0x01, 0xe1, 
	0x01, 0xe1, 0x01, 0xe1, 0x01, 0xe1, 0x01, 0xe1, 
	0x01, 0xe1, 0x01, 0xe1, 0x01, 0xe1, 0x01, 0xe1, 
	0x01, 0xe1, 0x01, 0xe1, 0x01, 0xe1, 0x01, 0xe1, 
	0x01, 0xe1, 0x01, 0xe1, 0x01, 0xe1, 0x01, 0xe1, 
	0x01, 0xe1, 0x01, 0xe1, 0x01, 0xe1, 0x01, 0xe1, 
	0x01, 0xe1, 0x01, 0xe1, 0x01, 0xe1, 0x01, 0xe1, 
	0x01, 0xe1, 0x01, 0xe1, 0x01, 0xe1, 0x01, 0xe1, 
	0x01, 0xe1, 0x01, 0xe1, 0x01, 0xe1, 0x01, 0xe1, 
	0x01, 0xe1, 0x01, 0xe1, 0x01, 0xe1, 0x01, 0xe1, 
	0x01, 0xe1, 0x01, 0xe1, 0x01, 0xe1, 0x01, 0xe1, 
	0x01, 0xe1, 0x01, 0xe1, 0x01, 0xe1, 0x01, 0xe1, 
	0x01, 0xe1, 0x01, 0xdf, 0x01, 0xdf, 0x01, 0xdf, 
	0x01, 0xdf, 0x01, 0xdf, 0x01, 0xdf, 0x01, 0xdf, 
	0x01, 0xe1, 0x01, 0xe1, 0x01, 0xe1, 0x01, 0xe1, 
	0x01, 0xe1, 0x01, 0xe1, 0x01, 0xe1, 0x01, 0xe1, 
	0x01, 0xe1, 0x01, 0xe1, 0x01, 0xe1, 0x01, 0xe1, 
	0x01, 0xe1, 0x01, 0xe1, 0x01, 0xe1, 0x01, 0xe1, 
	0x01, 0xe1, 0x01, 0xe1, 0x01, 0xe1, 0x01, 0xe1, 
	0x01, 0xe1, 0x01, 0xe1, 0x01, 0xe1, 0x01, 0xe1, 
	0x01, 0xe1, 0x01, 0xe1, 0x01, 0xe1, 0x01, 0xe1, 
	0x01, 0xe1, 0x01, 0xe1, 0x01, 0xe1, 0x01, 0xe1, 
	0x01, 0xe1, 0x01, 0xe1, 0x01, 0xe1, 0x01, 0xe1, 
	0x01, 0xdf, 0x01, 0xdf, 0x01, 0xdf, 0x01, 0xdf, 
	0x01, 0xdf, 0x01, 0xe1, 0x01, 0xe1, 0x01, 0xe1, 
	0x01, 0xe1, 0x01, 0xe1, 0x01, 0xe1, 0x01, 0xe1, 
	0x01, 0xe1, 0x01, 0xe1, 0x01, 0xe1, 0x01, 0xe1, 
	0x01, 0xe1, 0x01, 0xe1, 0x01, 0xe1, 0x01, 0xe1, 
	0x01, 0xe1, 0x01, 0xe1, 0x01, 0xe1, 0x01, 0xe1, 
	0x01, 0xe1, 0x01, 0xe1, 0x01, 0xe1, 0x01, 0xe1, 
	0x01, 0xe1, 0x01, 0xe1, 0x01, 0xe1, 0x01, 0xe1, 
	0x01, 0xe1, 0x01, 0xe1, 0x01, 0xe1, 0x01, 0xe1, 
	0x01, 0xe1, 0x01, 0xe1, 0x01, 0xe1, 0x01, 0xe1, 
	0x01, 0xe1, 0x01, 0xe1, 0x01, 0xe1, 0x01, 0xe1, 
	0x01, 0xe1, 0x01, 0xe1, 0x01, 0xe1, 0x01, 0xe1, 
	0x01, 0xe3, 0x01, 0xe3, 0x01, 0xe3, 0x01, 0xe3, 
	0x01, 0xe3, 0x01, 0xe3, 0x01, 0xe3, 0x01, 0xe3, 
	0x01, 0xe3, 0x01, 0xe3, 0x01, 0xe3, 0x01, 0xe3, 
	0x01, 0xe3, 0x01, 0xe3, 0x01, 0xe3, 0x01, 0xe3, 
	0x01, 0xe3, 0x01, 0xe3, 0x01, 0xe3, 0x01, 0xe3, 
	0x01, 0xe3, 0x01, 0xe3, 0x01, 0xe3, 0x01, 0xe3, 
	0x01, 0xe3, 0x01, 0xe3, 0x01, 0xe3, 0x01, 0xe3, 
	0x01, 0xe3, 0x01, 0xe3, 0x01, 0xe3, 0x01, 0xe3, 
	0x01, 0xe3, 0x01, 0xe3, 0x01, 0xe3, 0x01, 0xe3, 
	0x09, 0xe3, 0x09, 0xe3, 0x3b, 0x6d, 0x09, 0xe3, 
	0x7d, 0xfb, 0xc7, 0xff, 0xa6, 0xfd, 0x7d, 0xfb, 
	0x8e, 0x3d, 0x8e, 0x3d, 0x96, 0xbd, 0x96, 0xbd, 
	0x8e, 0x7d, 0x75, 0x77, 0x64, 0xf5, 0x75, 0x77, 
	0x5c, 0xb3, 0x4c, 0x2d, 0x4c, 0x2d, 0x5c, 0xb3, 
	0x5c, 0xb5, 0x54, 0x73, 0x54, 0x73, 0x4c, 0x2f, 
	0x43, 0xed, 0x3b, 0x6b, 0x3b, 0x6b, 0x3b, 0x6b, 
	0x3b, 0xab, 0x3b, 0x6b, 0x3b, 0x6b, 0x3b, 0xab, 
	0x3b, 0xab, 0x33, 0x69, 0x33, 0x69, 0x33, 0x69, 
	0x33, 0x69, 0x33, 0x29, 0x33, 0x29, 0x33, 0x29, 
	0x33, 0x2b, 0x33, 0x2b, 0x33, 0x2b, 0x2b, 0x29, 
	0x2b, 0x2b, 0x2b, 0x2b, 0x2b, 0x2b, 0x33, 0x6d, 
	0x33, 0x6f, 0x33, 0x6f, 0x33, 0x6f, 0x43, 0xf3, 
	0x4c, 0x75, 0x1a, 0xa7, 0x01, 0x9f, 0x01, 0x9f, 
	0x01, 0xe1, 0x01, 0xe1, 0x01, 0xe1, 0x01, 0xe1, 
	0x01, 0xe1, 0x01, 0xe1, 0x01, 0xe1, 0x01, 0xe1, 
	0x01, 0xe1, 0x01, 0xe1, 0x01, 0xe1, 0x01, 0xe1, 
	0x01, 0xa1, 0x01, 0xa1, 0x01, 0xa1, 0x01, 0xa1, 
	0x01, 0xe1, 0x01, 0xe1, 0x01, 0xe1, 0x01, 0xe1, 
	0x01, 0xe1, 0x01, 0xe1, 0x01, 0xe1, 0x01, 0xa1, 
	0x01, 0xa1, 0x01, 0xe1, 0x01, 0xa1, 0x01, 0xa1, 
	0x01, 0xa1, 0x01, 0xe1, 0x01, 0xe1, 0x01, 0xe1, 
	0x01, 0xe1, 0x01, 0xe1, 0x01, 0xe1, 0x01, 0xe1, 
	0x01, 0xe1, 0x01, 0xe1, 0x01, 0xe1, 0x01, 0xe1, 
	0x01, 0xe1, 0x01, 0xe1, 0x01, 0xe1, 0x01, 0xe1, 
	0x01, 0xe1, 0x01, 0xe1, 0x01, 0xe1, 0x01, 0xe1, 
	0x01, 0xe1, 0x01, 0xe1, 0x01, 0xe1, 0x01, 0xe1, 
	0x01, 0xe1, 0x01, 0xe1, 0x01, 0xe1, 0x01, 0xe1, 
	0x01, 0xe1, 0x01, 0xe1, 0x01, 0xe1, 0x01, 0xe1, 
	0x01, 0xe1, 0x01, 0xe1, 0x01, 0xe1, 0x01, 0xe1, 
	0x01, 0xe1, 0x01, 0xe1, 0x01, 0xe1, 0x01, 0xe1, 
	0x01, 0xe1, 0x01, 0xe1, 0x01, 0xe1, 0x01, 0xe1, 
	0x01, 0xe1, 0x01, 0xe1, 0x01, 0xe1, 0x01, 0xe1, 
	0x01, 0xe1, 0x01, 0xe1, 0x01, 0xe1, 0x01, 0xe1, 
	0x01, 0xe1, 0x01, 0xe1, 0x01, 0xe1, 0x01, 0xe1, 
	0x01, 0xe1, 0x01, 0xe1, 0x01, 0xe1, 0x01, 0xe1, 
	0x01, 0xe1, 0x01, 0xe1, 0x01, 0xe1, 0x01, 0xe1, 
	0x01, 0xe1, 0x01, 0xe1, 0x01, 0xe1, 0x01, 0xe1, 
	0x01, 0xe1, 0x01, 0xe1, 0x01, 0xe1, 0x01, 0xe1, 
	0x01, 0xe1, 0x01, 0xe1, 0x01, 0xe1, 0x01, 0xe1, 
	0x01, 0xe1, 0x01, 0xe1, 0x01, 0xe1, 0x01, 0xe1, 
	0x01, 0xe1, 0x01, 0xe1, 0x01, 0xe1, 0x01, 0xe1, 
	0x01, 0xe1, 0x01, 0xe1, 0x01, 0xe1, 0x01, 0xe1, 
	0x01, 0xe1, 0x01, 0xe1, 0x01, 0xdf, 0x01, 0xdf, 
	0x01, 0xe1, 0x01, 0xe1, 0x01, 0xe1, 0x01, 0xe1, 
	0x01, 0xe1, 0x01, 0xe1, 0x01, 0xe1, 0x01, 0xe1, 
	0x01, 0xe1, 0x01, 0xe1, 0x01, 0xe1, 0x01, 0xe1, 
	0x01, 0xe1, 0x01, 0xe1, 0x01, 0xe1, 0x01, 0xe1, 
	0x01, 0xe1, 0x01, 0xe1, 0x01, 0xe1, 0x01, 0xe1, 
	0x01, 0xe1, 0x01, 0xe1, 0x01, 0xe1, 0x01, 0xe1, 
	0x01, 0xe1, 0x01, 0xe1, 0x01, 0xe1, 0x01, 0xe1, 
	0x01, 0xe1, 0x01, 0xe1, 0x01, 0xe1, 0x01, 0xe1, 
	0x01, 0xe1, 0x01, 0xe1, 0x01, 0xe1, 0x02, 0x23, 
	0x02, 0x23, 0x01, 0xe1, 0x01, 0xe1, 0x01, 0xe1, 
	0x01, 0xe1, 0x01, 0xe1, 0x01, 0xe1, 0x01, 0xe1, 
	0x01, 0xe3, 0x01, 0xe3, 0x01, 0xe3, 0x01, 0xe3, 
	0x01, 0xe3, 0x01, 0xe3, 0x01, 0xe3, 0x01, 0xe3, 
	0x01, 0xe3, 0x01, 0xe3, 0x01, 0xe3, 0x01, 0xe3, 
	0x01, 0xe3, 0x02, 0x23, 0x02, 0x23, 0x01, 0xe3, 
	0x01, 0xe3, 0x01, 0xe3, 0x01, 0xe3, 0x01, 0xe3, 
	0x01, 0xe3, 0x01, 0xe3, 0x01, 0xe3, 0x01, 0xe3, 
	0x01, 0xe3, 0x01, 0xe3, 0x01, 0xe3, 0x01, 0xe3, 
	0x01, 0xe3, 0x01, 0xe3, 0x01, 0xe3, 0x01, 0xe3, 
	0x01, 0xe3, 0x01, 0xe3, 0x01, 0xe3, 0x01, 0xe3, 
	0x09, 0xe3, 0x3b, 0x6d, 0x6d, 0x35, 0x6d, 0x35, 
	0xc7, 0xff, 0xc7, 0xff, 0xa6, 0xfd, 0xa6, 0xfd, 
	0x96, 0xbd, 0x7d, 0xfb, 0x8e, 0x3d, 0x8e, 0x3d, 
	0x7d, 0xfb, 0x75, 0x77, 0x75, 0x77, 0x75, 0x77, 
	0x5c, 0xb3, 0x54, 0x71, 0x4c, 0x2d, 0x4c, 0x2d, 
	0x4c, 0x2f, 0x54, 0x73, 0x4c, 0x2f, 0x43, 0xad, 
	0x3b, 0xad, 0x3b, 0x6b, 0x33, 0x6b, 0x3b, 0x6b, 
	0x3b, 0x6b, 0x3b, 0x6b, 0x3b, 0xab, 0x3b, 0xab, 
	0x33, 0x6b, 0x33, 0x69, 0x33, 0x6b, 0x33, 0x6b, 
	0x33, 0x69, 0x33, 0x29, 0x2b, 0x29, 0x2b, 0x29, 
	0x2b, 0x29, 0x33, 0x2b, 0x33, 0x2b, 0x33, 0x2b, 
	0x2b, 0x2b, 0x2b, 0x2b, 0x2b, 0x2b, 0x33, 0x6d, 
	0x33, 0x6f, 0x33, 0x6f, 0x33, 0x6f, 0x33, 0x6f, 
	0x4c, 0x75, 0x1a, 0xa7, 0x01, 0x9f, 0x1a, 0xa7, 
	0x12, 0x65, 0x01, 0xe1, 0x01, 0xe1, 0x01, 0xe1, 
	0x01, 0xe1, 0x01, 0xe1, 0x01, 0xe1, 0x01, 0xe1, 
	0x01, 0xe1, 0x01, 0xe1, 0x01, 0xe1, 0x01, 0xe1, 
	0x01, 0xe1, 0x01, 0xe1, 0x01, 0xe1, 0x01, 0xa1, 
	0x01, 0xe1, 0x01, 0xe1, 0x01, 0xe1, 0x01, 0xe1, 
	0x01, 0xe1, 0x01, 0xa1, 0x01, 0xa1, 0x01, 0xa1, 
	0x01, 0xa1, 0x01, 0xe1, 0x01, 0xe1, 0x01, 0xa1, 
	0x01, 0xa1, 0x01, 0xa1, 0x01, 0xe1, 0x01, 0xe1, 
	0x01, 0xe1, 0x01, 0xe1, 0x01, 0xe1, 0x01, 0xe1, 
	0x01, 0xe1, 0x01, 0xe1, 0x01, 0xe1, 0x01, 0xe1, 
	0x01, 0xe1, 0x01, 0xe1, 0x01, 0xe1, 0x01, 0xe1, 
	0x01, 0xe1, 0x01, 0xe1, 0x01, 0xe1, 0x01, 0xe1, 
	0x01, 0xe1, 0x01, 0xe1, 0x01, 0xe1, 0x01, 0xe1, 
	0x01, 0xe1, 0x01, 0xe1, 0x01, 0xe1, 0x01, 0xe1, 
	0x01, 0xe1, 0x01, 0xe1, 0x01, 0xe1, 0x01, 0xe1, 
	0x01, 0xe1, 0x01, 0xe1, 0x01, 0xe1, 0x01, 0xe1, 
	0x01, 0xe1, 0x01, 0xe1, 0x01, 0xe1, 0x01, 0xe1, 
	0x01, 0xe1, 0x01, 0xe1, 0x01, 0xe1, 0x01, 0xe1, 
	0x01, 0xe1, 0x01, 0xe1, 0x01, 0xe1, 0x01, 0xe1, 
	0x01, 0xe1, 0x01, 0xe1, 0x01, 0xe1, 0x01, 0xe1, 
	0x01, 0xe1, 0x01, 0xe1, 0x01, 0xe1, 0x01, 0xe1, 
	0x01, 0xe1, 0x01, 0xe1, 0x01, 0xe1, 0x01, 0xe1, 
	0x01, 0xe1, 0x01, 0xe1, 0x01, 0xe1, 0x01, 0xe1, 
	0x01, 0xe1, 0x01, 0xe1, 0x01, 0xe1, 0x01, 0xe1, 
	0x01, 0xe1, 0x01, 0xe1, 0x01, 0xe1, 0x01, 0xe1, 
	0x01, 0xe1, 0x01, 0xe1, 0x01, 0xe1, 0x01, 0xe1, 
	0x01, 0xe1, 0x01, 0xe1, 0x01, 0xe1, 0x01, 0xe1, 
	0x01, 0xe1, 0x01, 0xe1, 0x01, 0xe1, 0x01, 0xe1, 
	0x01, 0xe1, 0x01, 0xe1, 0x01, 0xe1, 0x01, 0xe1, 
	0x01, 0xe1, 0x01, 0xe1, 0x01, 0xe1, 0x01, 0xe1, 
	0x01, 0xe1, 0x01, 0xe1, 0x01, 0xe1, 0x01, 0xe1, 
	0x01, 0xe1, 0x01, 0xe1, 0x01, 0xe1, 0x01, 0xe1, 
	0x01, 0xe1, 0x01, 0xe1, 0x01, 0xe1, 0x01, 0xe1, 
	0x01, 0xe1, 0x01, 0xe1, 0x01, 0xe1, 0x01, 0xe1, 
	0x01, 0xe1, 0x01, 0xe1, 0x01, 0xe1, 0x01, 0xe1, 
	0x01, 0xe1, 0x01, 0xe1, 0x01, 0xe1, 0x01, 0xe1, 
	0x01, 0xe1, 0x01, 0xe1, 0x01, 0xe1, 0x01, 0xe1, 
	0x01, 0xe1, 0x01, 0xe1, 0x01, 0xe1, 0x01, 0xe1, 
	0x01, 0xe1, 0x01, 0xe1, 0x02, 0x23, 0x02, 0x23, 
	0x02, 0x23, 0x02, 0x23, 0x01, 0xe1, 0x01, 0xe1, 
	0x01, 0xe1, 0x01, 0xe3, 0x01, 0xe3, 0x01, 0xe3, 
	0x01, 0xe3, 0x02, 0x23, 0x01, 0xe3, 0x01, 0xe3, 
	0x01, 0xe3, 0x02, 0x23, 0x01, 0xe3, 0x01, 0xe3, 
	0x01, 0xe3, 0x02, 0x23, 0x02, 0x23, 0x02, 0x23, 
	0x02, 0x23, 0x02, 0x23, 0x02, 0x23, 0x01, 0xe3, 
	0x01, 0xe3, 0x01, 0xe3, 0x01, 0xe3, 0x01, 0xe3, 
	0x01, 0xe3, 0x01, 0xe3, 0x01, 0xe3, 0x01, 0xe3, 
	0x01, 0xe3, 0x01, 0xe3, 0x01, 0xe3, 0x01, 0xe3, 
	0x01, 0xe3, 0x01, 0xe3, 0x02, 0x23, 0x02, 0x23, 
	0x01, 0xe3, 0x01, 0xe3, 0x01, 0xe3, 0x02, 0x23, 
	0x09, 0xe3, 0x3b, 0x6d, 0x9e, 0xff, 0x9e, 0xff, 
	0xc7, 0xff, 0xc7, 0xff, 0xa6, 0xfd, 0x7d, 0xfb, 
	0x8e, 0x3d, 0x7d, 0xfb, 0x8e, 0x3d, 0x8e, 0x3d, 
	0x7d, 0xfb, 0x75, 0x77, 0x75, 0x77, 0x64, 0xf5, 
	0x5c, 0xb3, 0x5c, 0xb3, 0x54, 0x71, 0x43, 0xab, 
	0x43, 0xad, 0x43, 0xad, 0x43, 0xad, 0x43, 0xad, 
	0x3b, 0x6b, 0x3b, 0x6b, 0x33, 0x6b, 0x33, 0x6b, 
	0x33, 0x29, 0x33, 0x29, 0x43, 0xed, 0x43, 0xed, 
	0x3b, 0xad, 0x3b, 0xad, 0x3b, 0xad, 0x3b, 0xad, 
	0x33, 0x69, 0x33, 0x29, 0x2b, 0x29, 0x2b, 0x29, 
	0x2b, 0x29, 0x2b, 0x29, 0x2b, 0x29, 0x2b, 0x29, 
	0x2b, 0x2b, 0x2b, 0x2b, 0x2b, 0x2b, 0x2b, 0x2b, 
	0x33, 0x6f, 0x33, 0x6f, 0x33, 0x6f, 0x33, 0x6f, 
	0x33, 0xad, 0x33, 0xad, 0x33, 0xad, 0x33, 0xad, 
	0x2b, 0x2b, 0x1a, 0xa7, 0x01, 0xe1, 0x01, 0xe1, 
	0x01, 0xe1, 0x01, 0xe1, 0x01, 0xe1, 0x01, 0xe1, 
	0x01, 0xe1, 0x01, 0xe1, 0x01, 0xe1, 0x01, 0xe1, 
	0x01, 0xe1, 0x01, 0xe1, 0x01, 0xe1, 0x01, 0xa1, 
	0x01, 0xe1, 0x01, 0xe1, 0x01, 0xe1, 0x01, 0xe1, 
	0x01, 0xe1, 0x01, 0xe1, 0x01, 0xa1, 0x01, 0xe1, 
	0x01, 0xe1, 0x01, 0xa1, 0x01, 0xa1, 0x01, 0xa1, 
	0x01, 0xa1, 0x01, 0xa1, 0x01, 0xa1, 0x01, 0xa1, 
	0x01, 0xe1, 0x01, 0xe1, 0x01, 0xe1, 0x01, 0xe1, 
	0x01, 0xe1, 0x01, 0xe1, 0x01, 0xe1, 0x01, 0xe1, 
	0x01, 0xe1, 0x01, 0xe1, 0x01, 0xe1, 0x01, 0xe1, 
	0x01, 0xe1, 0x01, 0xe1, 0x01, 0xe1, 0x01, 0xe1, 
	0x01, 0xe1, 0x01, 0xe1, 0x01, 0xe1, 0x01, 0xe1, 
	0x01, 0xe1, 0x01, 0xe1, 0x01, 0xe1, 0x01, 0xe1, 
	0x01, 0xe1, 0x01, 0xe1, 0x01, 0xe1, 0x01, 0xe1, 
	0x01, 0xe1, 0x01, 0xe1, 0x01, 0xe1, 0x01, 0xe1, 
	0x01, 0xe1, 0x01, 0xe1, 0x01, 0xe1, 0x01, 0xe1, 
	0x01, 0xe1, 0x01, 0xe1, 0x01, 0xe1, 0x01, 0xe1, 
	0x01, 0xe1, 0x01, 0xe1, 0x01, 0xe1, 0x01, 0xe1, 
	0x01, 0xe1, 0x01, 0xe1, 0x01, 0xe1, 0x01, 0xe1, 
	0x01, 0xe1, 0x01, 0xe1, 0x01, 0xe1, 0x01, 0xe1, 
	0x01, 0xe1, 0x01, 0xe1, 0x01, 0xe1, 0x01, 0xe1, 
	0x01, 0xe1, 0x01, 0xe1, 0x01, 0xe1, 0x01, 0xe1, 
	0x01, 0xe1, 0x01, 0xe1, 0x01, 0xe1, 0x01, 0xe1, 
	0x01, 0xe1, 0x01, 0xe1, 0x01, 0xe1, 0x01, 0xe1, 
	0x01, 0xe1, 0x01, 0xe1, 0x01, 0xe1, 0x01, 0xe1, 
	0x01, 0xe1, 0x01, 0xe1, 0x01, 0xe1, 0x01, 0xe1, 
	0x01, 0xe1, 0x01, 0xe1, 0x01, 0xe1, 0x01, 0xe1, 
	0x01, 0xe1, 0x01, 0xe1, 0x01, 0xe1, 0x01, 0xe1, 
	0x01, 0xe1, 0x01, 0xe1, 0x01, 0xe1, 0x01, 0xe1, 
	0x01, 0xe1, 0x01, 0xe1, 0x01, 0xe1, 0x01, 0xe1, 
	0x01, 0xe1, 0x01, 0xe1, 0x01, 0xe1, 0x01, 0xe1, 
	0x01, 0xe1, 0x01, 0xe1, 0x01, 0xe1, 0x01, 0xe1, 
	0x01, 0xe1, 0x01, 0xe1, 0x01, 0xe1, 0x01, 0xe1, 
	0x01, 0xe1, 0x01, 0xe1, 0x01, 0xe1, 0x01, 0xe1, 
	0x01, 0xe1, 0x01, 0xe1, 0x01, 0xe1, 0x01, 0xe1, 
	0x01, 0xe1, 0x01, 0xe1, 0x01, 0xe1, 0x01, 0xe1, 
	0x01, 0xe1, 0x01, 0xe1, 0x01, 0xe1, 0x01, 0xe1, 
	0x01, 0xe3, 0x01, 0xe3, 0x02, 0x23, 0x02, 0x23, 
	0x02, 0x23, 0x02, 0x23, 0x02, 0x23, 0x02, 0x23, 
	0x01, 0xe3, 0x01, 0xe3, 0x02, 0x23, 0x02, 0x23, 
	0x02, 0x23, 0x02, 0x23, 0x02, 0x23, 0x02, 0x23, 
	0x02, 0x23, 0x02, 0x23, 0x01, 0xe3, 0x02, 0x23, 
	0x02, 0x23, 0x02, 0x23, 0x02, 0x23, 0x02, 0x23, 
	0x02, 0x23, 0x02, 0x23, 0x02, 0x23, 0x01, 0xe3, 
	0x01, 0xe3, 0x01, 0xe3, 0x01, 0xe3, 0x02, 0x23, 
	0x01, 0xe3, 0x01, 0xe3, 0x01, 0xe3, 0x02, 0x25, 
	0x01, 0xe3, 0x01, 0xe3, 0x01, 0xe3, 0x02, 0x25, 
	0x01, 0xe3, 0x01, 0xe3, 0x02, 0x25, 0x02, 0x25, 
	0x01, 0xe3, 0x01, 0xe3, 0x01, 0xe3, 0x02, 0x23, 
	0x01, 0xe3, 0x2b, 0x2d, 0x7d, 0xff, 0x7d, 0xff, 
	0xa7, 0x3f, 0xa7, 0x3f, 0x86, 0x3d, 0x65, 0x39, 
	0x7d, 0xbb, 0x7d, 0xbb, 0x7d, 0xbb, 0x7d, 0xbb, 
	0x7d, 0xb9, 0x6d, 0x37, 0x64, 0xf5, 0x64, 0xf5, 
	0x64, 0xf5, 0x64, 0xf5, 0x64, 0xf5, 0x43, 0xef, 
	0x43, 0xad, 0x43, 0xad, 0x3b, 0xab, 0x3b, 0x6b, 
	0x3b, 0x6b, 0x3b, 0x69, 0x33, 0x29, 0x33, 0x29, 
	0x33, 0x29, 0x33, 0x29, 0x3b, 0x6b, 0x3b, 0xab, 
	0x3b, 0xad, 0x3b, 0xad, 0x3b, 0x6b, 0x3b, 0xad, 
	0x33, 0x6b, 0x33, 0x29, 0x33, 0x29, 0x33, 0x29, 
	0x2b, 0x29, 0x2b, 0x29, 0x2b, 0x29, 0x2b, 0x29, 
	0x2b, 0x29, 0x2a, 0xe9, 0x2b, 0x29, 0x2b, 0x29, 
	0x2b, 0x2b, 0x2b, 0x2b, 0x33, 0x6d, 0x3b, 0xb1, 
	0x3b, 0xf1, 0x5c, 0xf7, 0x6d, 0x7b, 0x5c, 0xf7, 
	0x4c, 0x35, 0x2b, 0x2b, 0x0a, 0x23, 0x0a, 0x23, 
	0x01, 0xe1, 0x01, 0xe1, 0x01, 0xe1, 0x01, 0xe1, 
	0x01, 0xe1, 0x01, 0xe1, 0x01, 0xe1, 0x01, 0xe1, 
	0x01, 0xe1, 0x01, 0xe1, 0x01, 0xe1, 0x01, 0xe1, 
	0x01, 0xe1, 0x01, 0xe1, 0x01, 0xe1, 0x01, 0xe1, 
	0x01, 0xe1, 0x01, 0xe1, 0x01, 0xa1, 0x01, 0xe1, 
	0x01, 0xe1, 0x01, 0xa1, 0x01, 0xa1, 0x01, 0xa1, 
	0x01, 0xa1, 0x01, 0xa1, 0x01, 0xa1, 0x01, 0xa1, 
	0x01, 0xa1, 0x01, 0xe1, 0x01, 0xe1, 0x01, 0xa1, 
	0x01, 0xe1, 0x01, 0xe1, 0x01, 0xe1, 0x01, 0xe1, 
	0x01, 0xe1, 0x01, 0xe1, 0x01, 0xe1, 0x01, 0xe1, 
	0x01, 0xe1, 0x01, 0xe1, 0x01, 0xe1, 0x01, 0xe1, 
	0x01, 0xe1, 0x01, 0xe1, 0x01, 0xe1, 0x01, 0xe1, 
	0x01, 0xe1, 0x01, 0xe1, 0x01, 0xe1, 0x01, 0xe1, 
	0x01, 0xe1, 0x01, 0xe1, 0x01, 0xe1, 0x01, 0xe1, 
	0x01, 0xe1, 0x01, 0xe1, 0x01, 0xe1, 0x01, 0xe1, 
	0x01, 0xe1, 0x01, 0xe1, 0x01, 0xe1, 0x02, 0x23, 
	0x01, 0xe1, 0x01, 0xe1, 0x01, 0xe1, 0x01, 0xe1, 
	0x01, 0xe1, 0x01, 0xe1, 0x01, 0xe1, 0x01, 0xe1, 
	0x01, 0xe1, 0x01, 0xe1, 0x01, 0xe1, 0x01, 0xe1, 
	0x01, 0xe1, 0x01, 0xe1, 0x01, 0xe1, 0x01, 0xe1, 
	0x01, 0xe1, 0x01, 0xe1, 0x01, 0xe1, 0x01, 0xe1, 
	0x01, 0xe1, 0x01, 0xe1, 0x01, 0xe1, 0x01, 0xe1, 
	0x01, 0xe1, 0x01, 0xe1, 0x01, 0xe1, 0x01, 0xe1, 
	0x01, 0xe1, 0x01, 0xe1, 0x01, 0xe1, 0x01, 0xe1, 
	0x01, 0xe1, 0x01, 0xe1, 0x01, 0xe1, 0x01, 0xe1, 
	0x01, 0xe1, 0x01, 0xe1, 0x01, 0xe1, 0x01, 0xe1, 
	0x01, 0xe1, 0x01, 0xe1, 0x01, 0xe1, 0x01, 0xe1, 
	0x01, 0xe1, 0x01, 0xe1, 0x01, 0xe1, 0x01, 0xe1, 
	0x01, 0xe1, 0x01, 0xe1, 0x01, 0xe1, 0x01, 0xe1, 
	0x01, 0xe1, 0x01, 0xe1, 0x01, 0xe1, 0x01, 0xe1, 
	0x01, 0xe1, 0x01, 0xe1, 0x01, 0xe1, 0x01, 0xe1, 
	0x01, 0xe1, 0x01, 0xe1, 0x01, 0xe1, 0x01, 0xe1, 
	0x01, 0xe1, 0x01, 0xe1, 0x01, 0xe1, 0x01, 0xe1, 
	0x01, 0xe1, 0x01, 0xe1, 0x01, 0xe1, 0x01, 0xe1, 
	0x01, 0xe1, 0x01, 0xe1, 0x01, 0xe1, 0x01, 0xe1, 
	0x01, 0xe3, 0x01, 0xe3, 0x01, 0xe3, 0x01, 0xe3, 
	0x01, 0xe3, 0x01, 0xe3, 0x01, 0xe3, 0x01, 0xe3, 
	0x01, 0xe3, 0x02, 0x23, 0x02, 0x23, 0x02, 0x23, 
	0x02, 0x23, 0x02, 0x23, 0x02, 0x23, 0x02, 0x23, 
	0x01, 0xe3, 0x01, 0xe3, 0x02, 0x23, 0x02, 0x23, 
	0x02, 0x23, 0x02, 0x23, 0x02, 0x23, 0x02, 0x23, 
	0x02, 0x23, 0x02, 0x23, 0x02, 0x23, 0x02, 0x23, 
	0x02, 0x23, 0x01, 0xe3, 0x02, 0x23, 0x02, 0x23, 
	0x02, 0x23, 0x02, 0x23, 0x02, 0x23, 0x02, 0x23, 
	0x02, 0x23, 0x02, 0x23, 0x02, 0x23, 0x02, 0x23, 
	0x02, 0x25, 0x02, 0x25, 0x02, 0x25, 0x02, 0x25, 
	0x02, 0x25, 0x02, 0x25, 0x01, 0xe3, 0x02, 0x25, 
	0x02, 0x25, 0x02, 0x25, 0x02, 0x25, 0x01, 0xe3, 
	0x01, 0xe3, 0x01, 0xe3, 0x02, 0x23, 0x02, 0x23, 
	0x01, 0xe3, 0x01, 0xe3, 0x2b, 0x2d, 0x54, 0xb5, 
	0x86, 0x3d, 0x86, 0x3d, 0x86, 0x3d, 0x65, 0x39, 
	0x7d, 0xbb, 0x6d, 0x37, 0x64, 0xb5, 0x64, 0xb5, 
	0x6d, 0x37, 0x64, 0xf5, 0x64, 0xf5, 0x64, 0xf5, 
	0x75, 0x77, 0x75, 0x77, 0x64, 0xf5, 0x43, 0xef, 
	0x43, 0xad, 0x43, 0xad, 0x3b, 0xab, 0x3b, 0x6b, 
	0x3b, 0x69, 0x33, 0x29, 0x33, 0x29, 0x33, 0x29, 
	0x33, 0x29, 0x33, 0x29, 0x33, 0x69, 0x3b, 0x6b, 
	0x33, 0x6b, 0x33, 0x6b, 0x33, 0x6b, 0x3b, 0x6b, 
	0x33, 0x6b, 0x33, 0x29, 0x33, 0x29, 0x33, 0x29, 
	0x33, 0x2b, 0x2b, 0x29, 0x2b, 0x29, 0x2b, 0x29, 
	0x2b, 0x29, 0x2b, 0x29, 0x2b, 0x29, 0x2b, 0x29, 
	0x2b, 0x2b, 0x2b, 0x2b, 0x33, 0x6d, 0x33, 0x6d, 
	0x3b, 0xf1, 0x5c, 0xf7, 0x6d, 0x7b, 0x6d, 0x7b, 
	0x4c, 0x35, 0x4c, 0x35, 0x2b, 0x2b, 0x0a, 0x23, 
	0x01, 0xe1, 0x01, 0xe1, 0x01, 0xe1, 0x01, 0xe1, 
	0x01, 0xe1, 0x01, 0xe1, 0x01, 0xe1, 0x01, 0xe1, 
	0x01, 0xe3, 0x01, 0xe3, 0x01, 0xe1, 0x01, 0xe1, 
	0x01, 0xe1, 0x01, 0xe1, 0x01, 0xe1, 0x01, 0xe1, 
	0x01, 0xe1, 0x01, 0xe1, 0x01, 0xe1, 0x01, 0xe1, 
	0x01, 0xe1, 0x01, 0xa1, 0x01, 0xa1, 0x01, 0xa1, 
	0x01, 0xa1, 0x01, 0xa1, 0x01, 0xa1, 0x01, 0xa1, 
	0x01, 0xa1, 0x01, 0xe1, 0x01, 0xe1, 0x01, 0xe1, 
	0x01, 0xa1, 0x01, 0xe1, 0x01, 0xe1, 0x01, 0xe1, 
	0x01, 0xe1, 0x01, 0xe1, 0x01, 0xe1, 0x01, 0xe1, 
	0x01, 0xe1, 0x01, 0xe1, 0x01, 0xe1, 0x01, 0xe1, 
	0x01, 0xe1, 0x01, 0xe1, 0x01, 0xe1, 0x01, 0xe1, 
	0x01, 0xe1, 0x01, 0xe1, 0x01, 0xe1, 0x01, 0xe1, 
	0x01, 0xe1, 0x01, 0xe1, 0x01, 0xe1, 0x01, 0xe1, 
	0x01, 0xe1, 0x01, 0xe1, 0x01, 0xe1, 0x01, 0xe1, 
	0x01, 0xe1, 0x01, 0xe1, 0x01, 0xe1, 0x01, 0xe1, 
	0x01, 0xe1, 0x01, 0xe1, 0x01, 0xe1, 0x01, 0xe1, 
	0x01, 0xe1, 0x01, 0xe1, 0x01, 0xe1, 0x01, 0xe1, 
	0x01, 0xe1, 0x01, 0xe1, 0x01, 0xe1, 0x01, 0xe1, 
	0x01, 0xe1, 0x01, 0xe1, 0x01, 0xe1, 0x01, 0xe1, 
	0x01, 0xe1, 0x01, 0xe1, 0x01, 0xe1, 0x01, 0xe1, 
	0x01, 0xe1, 0x01, 0xe1, 0x01, 0xe1, 0x01, 0xe1, 
	0x01, 0xe1, 0x01, 0xe1, 0x01, 0xe1, 0x01, 0xe1, 
	0x01, 0xe1, 0x01, 0xe1, 0x01, 0xe1, 0x01, 0xe1, 
	0x01, 0xe1, 0x01, 0xe1, 0x01, 0xe1, 0x01, 0xe1, 
	0x01, 0xe1, 0x01, 0xe1, 0x01, 0xe1, 0x01, 0xe1, 
	0x01, 0xe1, 0x01, 0xe1, 0x01, 0xe1, 0x01, 0xe1, 
	0x01, 0xe1, 0x01, 0xe1, 0x01, 0xe1, 0x01, 0xe1, 
	0x01, 0xe1, 0x01, 0xe1, 0x01, 0xe1, 0x01, 0xe1, 
	0x01, 0xe1, 0x01, 0xe1, 0x01, 0xe1, 0x01, 0xe1, 
	0x01, 0xe1, 0x01, 0xe1, 0x01, 0xe1, 0x01, 0xe1, 
	0x01, 0xe1, 0x01, 0xe1, 0x01, 0xe1, 0x01, 0xe1, 
	0x01, 0xe1, 0x01, 0xe1, 0x01, 0xe1, 0x01, 0xe1, 
	0x01, 0xe1, 0x01, 0xe1, 0x01, 0xe1, 0x01, 0xe1, 
	0x01, 0xe1, 0x01, 0xe1, 0x01, 0xe1, 0x01, 0xe1, 
	0x01, 0xe3, 0x01, 0xe3, 0x01, 0xe3, 0x01, 0xe3, 
	0x01, 0xe3, 0x01, 0xe3, 0x01, 0xe3, 0x01, 0xe3, 
	0x02, 0x23, 0x02, 0x23, 0x02, 0x23, 0x02, 0x23, 
	0x02, 0x23, 0x02, 0x23, 0x02, 0x23, 0x02, 0x23, 
	0x02, 0x23, 0x01, 0xe3, 0x02, 0x23, 0x02, 0x23, 
	0x02, 0x23, 0x02, 0x23, 0x02, 0x23, 0x02, 0x23, 
	0x02, 0x23, 0x02, 0x23, 0x02, 0x23, 0x02, 0x23, 
	0x02, 0x23, 0x02, 0x23, 0x02, 0x23, 0x02, 0x23, 
	0x02, 0x23, 0x02, 0x23, 0x02, 0x23, 0x02, 0x23, 
	0x02, 0x23, 0x02, 0x23, 0x02, 0x23, 0x02, 0x23, 
	0x02, 0x25, 0x02, 0x25, 0x02, 0x25, 0x02, 0x25, 
	0x02, 0x25, 0x02, 0x25, 0x02, 0x25, 0x02, 0x25, 
	0x02, 0x25, 0x01, 0xe3, 0x02, 0x25, 0x02, 0x25, 
	0x02, 0x23, 0x02, 0x23, 0x01, 0xe3, 0x02, 0x23, 
	0x01, 0xe3, 0x01, 0xe3, 0x01, 0xe3, 0x54, 0xb5, 
	0x86, 0x3d, 0x86, 0x3d, 0x86, 0x3d, 0x65, 0x39, 
	0x6d, 0x37, 0x64, 0xb5, 0x54, 0x71, 0x54, 0x71, 
	0x54, 0x73, 0x64, 0xf5, 0x54, 0x73, 0x64, 0xf5, 
	0x64, 0xf5, 0x64, 0xf5, 0x54, 0x71, 0x43, 0xef, 
	0x43, 0xad, 0x3b, 0xab, 0x3b, 0x6b, 0x3b, 0x6b, 
	0x3b, 0x69, 0x33, 0x29, 0x33, 0x27, 0x3b, 0x69, 
	0x3b, 0xab, 0x3b, 0x6b, 0x33, 0x69, 0x33, 0x69, 
	0x33, 0x29, 0x33, 0x29, 0x33, 0x29, 0x33, 0x29, 
	0x33, 0x6b, 0x33, 0x6b, 0x33, 0x29, 0x33, 0x29, 
	0x33, 0x2b, 0x33, 0x2b, 0x2b, 0x29, 0x2b, 0x29, 
	0x2b, 0x2b, 0x2b, 0x2b, 0x2b, 0x2b, 0x2b, 0x2b, 
	0x2b, 0x2b, 0x2b, 0x2b, 0x33, 0x6d, 0x33, 0x6d, 
	0x3b, 0xf1, 0x4c, 0x75, 0x5c, 0xf7, 0x5c, 0xf7, 
	0x4c, 0x35, 0x6d, 0x7d, 0x4c, 0x35, 0x0a, 0x23, 
	0x01, 0xa1, 0x01, 0xe1, 0x01, 0xe1, 0x01, 0xe1, 
	0x01, 0xe1, 0x01, 0xe1, 0x01, 0xe1, 0x01, 0xe1, 
	0x01, 0xe3, 0x01, 0xe1, 0x01, 0xe3, 0x01, 0xe1, 
	0x01, 0xe1, 0x01, 0xe1, 0x01, 0xe1, 0x01, 0xe1, 
	0x01, 0xe1, 0x01, 0xe1, 0x01, 0xe1, 0x01, 0xe1, 
	0x01, 0xe1, 0x01, 0xe1, 0x01, 0xe1, 0x01, 0xe1, 
	0x01, 0xe1, 0x01, 0xe1, 0x01, 0xe1, 0x01, 0xe1, 
	0x01, 0xe1, 0x01, 0xe1, 0x01, 0xe1, 0x01, 0xe1, 
	0x01, 0xe1, 0x01, 0xe1, 0x01, 0xe1, 0x01, 0xe1, 
	0x01, 0xe1, 0x01, 0xe1, 0x01, 0xe1, 0x01, 0xe1, 
	0x01, 0xe1, 0x01, 0xe1, 0x01, 0xe1, 0x01, 0xe1, 
	0x01, 0xe1, 0x01, 0xe1, 0x01, 0xe1, 0x01, 0xe1, 
	0x01, 0xe1, 0x01, 0xe1, 0x01, 0xe1, 0x01, 0xe1, 
	0x01, 0xe1, 0x01, 0xe1, 0x01, 0xe1, 0x01, 0xe1, 
	0x01, 0xe1, 0x01, 0xe1, 0x01, 0xe1, 0x01, 0xe1, 
	0x01, 0xe1, 0x01, 0xe1, 0x01, 0xe1, 0x02, 0x23, 
	0x02, 0x23, 0x02, 0x23, 0x01, 0xe1, 0x01, 0xe1, 
	0x01, 0xe1, 0x01, 0xe1, 0x01, 0xe1, 0x01, 0xe1, 
	0x01, 0xe1, 0x01, 0xe1, 0x01, 0xe1, 0x01, 0xe1, 
	0x01, 0xe1, 0x01, 0xe1, 0x01, 0xe1, 0x01, 0xe1, 
	0x01, 0xe1, 0x01, 0xe1, 0x01, 0xe1, 0x01, 0xe1, 
	0x01, 0xe1, 0x01, 0xe1, 0x01, 0xe1, 0x01, 0xe1, 
	0x01, 0xe1, 0x01, 0xe1, 0x01, 0xe1, 0x01, 0xe1, 
	0x01, 0xe1, 0x01, 0xe1, 0x01, 0xe1, 0x01, 0xe1, 
	0x01, 0xe1, 0x01, 0xe1, 0x01, 0xe1, 0x01, 0xe1, 
	0x01, 0xe1, 0x01, 0xe1, 0x01, 0xe1, 0x01, 0xe1, 
	0x01, 0xe1, 0x01, 0xe1, 0x01, 0xe1, 0x01, 0xe1, 
	0x01, 0xe1, 0x01, 0xe1, 0x01, 0xe1, 0x01, 0xe1, 
	0x01, 0xe1, 0x01, 0xe1, 0x01, 0xe1, 0x01, 0xe1, 
	0x01, 0xe1, 0x01, 0xe1, 0x01, 0xe1, 0x01, 0xe1, 
	0x01, 0xe1, 0x01, 0xe1, 0x01, 0xe1, 0x01, 0xe1, 
	0x01, 0xe1, 0x01, 0xe1, 0x01, 0xe1, 0x01, 0xe1, 
	0x01, 0xe1, 0x01, 0xe1, 0x01, 0xe1, 0x01, 0xe3, 
	0x01, 0xe3, 0x01, 0xe1, 0x01, 0xe1, 0x01, 0xe1, 
	0x01, 0xe1, 0x01, 0xe1, 0x01, 0xe1, 0x01, 0xe1, 
	0x01, 0xe3, 0x01, 0xe3, 0x01, 0xe3, 0x01, 0xe3, 
	0x01, 0xe3, 0x01, 0xe3, 0x01, 0xe3, 0x02, 0x23, 
	0x02, 0x23, 0x02, 0x23, 0x02, 0x23, 0x02, 0x23, 
	0x0a, 0x23, 0x0a, 0x23, 0x02, 0x23, 0x02, 0x23, 
	0x02, 0x23, 0x02, 0x23, 0x02, 0x23, 0x02, 0x23, 
	0x02, 0x23, 0x02, 0x23, 0x02, 0x23, 0x02, 0x23, 
	0x02, 0x23, 0x02, 0x23, 0x02, 0x23, 0x02, 0x23, 
	0x02, 0x23, 0x02, 0x23, 0x02, 0x23, 0x02, 0x23, 
	0x02, 0x23, 0x02, 0x23, 0x02, 0x23, 0x02, 0x23, 
	0x02, 0x23, 0x02, 0x23, 0x02, 0x23, 0x02, 0x23, 
	0x02, 0x25, 0x02, 0x25, 0x02, 0x25, 0x02, 0x25, 
	0x02, 0x25, 0x02, 0x25, 0x02, 0x25, 0x02, 0x25, 
	0x02, 0x25, 0x02, 0x25, 0x02, 0x25, 0x02, 0x25, 
	0x02, 0x23, 0x02, 0x23, 0x02, 0x23, 0x02, 0x23, 
	0x01, 0xe3, 0x01, 0xe3, 0x01, 0xe3, 0x01, 0xe3, 
	0x44, 0x37, 0xa7, 0x3f, 0x86, 0x3d, 0x65, 0x39, 
	0x6d, 0x37, 0x64, 0xb5, 0x54, 0x71, 0x54, 0x71, 
	0x54, 0x73, 0x54, 0x73, 0x54, 0x73, 0x54, 0x73, 
	0x54, 0x71, 0x54, 0x71, 0x54, 0x71, 0x43, 0xef, 
	0x43, 0xad, 0x3b, 0xab, 0x33, 0x69, 0x33, 0x69, 
	0x33, 0x29, 0x33, 0x27, 0x33, 0x29, 0x3b, 0x69, 
	0x33, 0x69, 0x33, 0x69, 0x33, 0x29, 0x33, 0x29, 
	0x33, 0x29, 0x33, 0x29, 0x33, 0x29, 0x33, 0x29, 
	0x33, 0x6b, 0x33, 0x6b, 0x33, 0x29, 0x33, 0x29, 
	0x33, 0x6b, 0x33, 0x6b, 0x33, 0x6b, 0x33, 0x2b, 
	0x2b, 0x2b, 0x2b, 0x2b, 0x2b, 0x2b, 0x2b, 0x2b, 
	0x2b, 0x2b, 0x2b, 0x2b, 0x33, 0x6d, 0x33, 0x6d, 
	0x3b, 0xf1, 0x4c, 0x75, 0x4c, 0x75, 0x4c, 0x75, 
	0x4c, 0x35, 0x2b, 0x2b, 0x0a, 0x23, 0x0a, 0x23, 
	0x01, 0xe3, 0x01, 0xe3, 0x01, 0xe3, 0x01, 0xe3, 
	0x01, 0xe1, 0x01, 0xe1, 0x01, 0xe1, 0x01, 0xe1, 
	0x01, 0xe3, 0x01, 0xe3, 0x01, 0xe3, 0x01, 0xe3, 
	0x01, 0xe3, 0x01, 0xe1, 0x01, 0xe1, 0x01, 0xe3, 
	0x01, 0xe1, 0x01, 0xe1, 0x01, 0xe1, 0x01, 0xe1, 
	0x01, 0xe1, 0x01, 0xe1, 0x01, 0xe1, 0x01, 0xe1, 
	0x01, 0xe1, 0x01, 0xe1, 0x01, 0xe1, 0x01, 0xe1, 
	0x01, 0xe1, 0x01, 0xe1, 0x01, 0xe1, 0x01, 0xe1, 
	0x01, 0xe1, 0x01, 0xe1, 0x01, 0xe1, 0x01, 0xe1, 
	0x01, 0xe1, 0x01, 0xe1, 0x01, 0xe1, 0x01, 0xe1, 
	0x01, 0xe1, 0x01, 0xe1, 0x01, 0xe1, 0x01, 0xe1, 
	0x01, 0xe1, 0x01, 0xe1, 0x01, 0xe1, 0x01, 0xe1, 
	0x01, 0xe1, 0x01, 0xe1, 0x01, 0xe1, 0x01, 0xe1, 
	0x01, 0xe1, 0x01, 0xe1, 0x01, 0xe1, 0x01, 0xe1, 
	0x01, 0xe1, 0x01, 0xe1, 0x01, 0xe1, 0x01, 0xe1, 
	0x01, 0xe1, 0x01, 0xe1, 0x01, 0xe1, 0x02, 0x23, 
	0x02, 0x23, 0x02, 0x23, 0x01, 0xe1, 0x01, 0xe1, 
	0x01, 0xe1, 0x01, 0xe1, 0x01, 0xe1, 0x01, 0xe1, 
	0x01, 0xe1, 0x01, 0xe1, 0x01, 0xe1, 0x01, 0xe1, 
	0x01, 0xe1, 0x01, 0xe1, 0x01, 0xe1, 0x01, 0xe1, 
	0x01, 0xe1, 0x01, 0xe1, 0x01, 0xe1, 0x01, 0xe1, 
	0x01, 0xe1, 0x01, 0xe1, 0x01, 0xe1, 0x01, 0xe1, 
	0x01, 0xe1, 0x01, 0xe1, 0x01, 0xe1, 0x01, 0xe1, 
	0x01, 0xe1, 0x01, 0xe1, 0x01, 0xe1, 0x01, 0xe1, 
	0x01, 0xe1, 0x01, 0xe1, 0x01, 0xe1, 0x01, 0xe1, 
	0x01, 0xe1, 0x01, 0xe1, 0x01, 0xe1, 0x01, 0xe1, 
	0x01, 0xe1, 0x01, 0xe1, 0x01, 0xe1, 0x01, 0xe1, 
	0x01, 0xe1, 0x01, 0xe1, 0x01, 0xe1, 0x01, 0xe1, 
	0x01, 0xe1, 0x01, 0xe1, 0x01, 0xe1, 0x01, 0xe1, 
	0x01, 0xe1, 0x01, 0xe1, 0x01, 0xe1, 0x01, 0xe1, 
	0x01, 0xe1, 0x01, 0xe1, 0x01, 0xe3, 0x01, 0xe3, 
	0x01, 0xe3, 0x01, 0xe1, 0x01, 0xe1, 0x01, 0xe3, 
	0x01, 0xe1, 0x01, 0xe1, 0x01, 0xe3, 0x01, 0xe3, 
	0x01, 0xe3, 0x01, 0xe1, 0x01, 0xe1, 0x01, 0xe1, 
	0x01, 0xe1, 0x01, 0xe1, 0x01, 0xe3, 0x01, 0xe3, 
	0x01, 0xe3, 0x01, 0xe3, 0x02, 0x23, 0x02, 0x23, 
	0x01, 0xe3, 0x01, 0xe3, 0x02, 0x23, 0x02, 0x23, 
	0x02, 0x23, 0x02, 0x23, 0x02, 0x23, 0x02, 0x23, 
	0x0a, 0x25, 0x0a, 0x25, 0x02, 0x25, 0x02, 0x25, 
	0x02, 0x25, 0x02, 0x25, 0x02, 0x25, 0x02, 0x25, 
	0x02, 0x23, 0x02, 0x23, 0x02, 0x23, 0x02, 0x23, 
	0x02, 0x23, 0x02, 0x23, 0x02, 0x23, 0x02, 0x23, 
	0x02, 0x25, 0x02, 0x25, 0x02, 0x25, 0x02, 0x25, 
	0x02, 0x25, 0x02, 0x25, 0x02, 0x23, 0x02, 0x23, 
	0x02, 0x23, 0x02, 0x25, 0x02, 0x25, 0x02, 0x25, 
	0x02, 0x25, 0x02, 0x25, 0x02, 0x25, 0x02, 0x25, 
	0x02, 0x25, 0x02, 0x25, 0x02, 0x25, 0x02, 0x25, 
	0x02, 0x25, 0x02, 0x25, 0x02, 0x25, 0x02, 0x25, 
	0x02, 0x25, 0x02, 0x25, 0x02, 0x25, 0x02, 0x25, 
	0x02, 0x25, 0x02, 0x25, 0x02, 0x25, 0x01, 0xe1, 
	0x0a, 0x25, 0x75, 0xbd, 0x75, 0xbd, 0x75, 0xbd, 
	0x5c, 0xf7, 0x54, 0xb5, 0x54, 0xb5, 0x4c, 0x73, 
	0x4c, 0x31, 0x4c, 0x31, 0x4c, 0x31, 0x4c, 0x31, 
	0x4c, 0x31, 0x4c, 0x31, 0x4c, 0x2f, 0x43, 0xef, 
	0x43, 0xab, 0x3b, 0x6b, 0x3b, 0x69, 0x33, 0x29, 
	0x33, 0x29, 0x33, 0x29, 0x33, 0x29, 0x3b, 0x69, 
	0x33, 0x69, 0x33, 0x69, 0x33, 0x27, 0x33, 0x27, 
	0x33, 0x29, 0x33, 0x29, 0x33, 0x29, 0x33, 0x6b, 
	0x3b, 0x6b, 0x33, 0x6b, 0x33, 0x6b, 0x33, 0x29, 
	0x2b, 0x2b, 0x33, 0x6b, 0x33, 0x6d, 0x33, 0x6d, 
	0x33, 0x6d, 0x33, 0x6d, 0x33, 0x6d, 0x33, 0x6d, 
	0x33, 0x6d, 0x33, 0x6d, 0x33, 0x6d, 0x33, 0xaf, 
	0x3b, 0xf1, 0x3b, 0xf1, 0x3b, 0xf1, 0x3b, 0xf1, 
	0x2b, 0x6d, 0x12, 0x67, 0x01, 0xe3, 0x01, 0xe3, 
	0x01, 0xe3, 0x01, 0xe3, 0x01, 0xe3, 0x01, 0xe3, 
	0x01, 0xe3, 0x01, 0xe3, 0x01, 0xe3, 0x01, 0xe3, 
	0x01, 0xe3, 0x01, 0xe3, 0x01, 0xe3, 0x01, 0xe3, 
	0x01, 0xe3, 0x01, 0xe3, 0x01, 0xe3, 0x01, 0xe3, 
	0x01, 0xe3, 0x01, 0xe3, 0x01, 0xe3, 0x01, 0xe3, 
	0x01, 0xe1, 0x01, 0xe1, 0x01, 0xe1, 0x01, 0xe1, 
	0x01, 0xe1, 0x01, 0xe1, 0x01, 0xe1, 0x01, 0xe1, 
	0x01, 0xe1, 0x01, 0xe1, 0x01, 0xe1, 0x01, 0xe1, 
	0x01, 0xe3, 0x01, 0xe3, 0x01, 0xe3, 0x01, 0xe3, 
	0x01, 0xe1, 0x01, 0xe1, 0x01, 0xe1, 0x01, 0xe1, 
	0x01, 0xe1, 0x01, 0xe1, 0x01, 0xe1, 0x01, 0xe1, 
	0x01, 0xe1, 0x01, 0xe1, 0x01, 0xe1, 0x01, 0xe1, 
	0x01, 0xe1, 0x01, 0xe1, 0x01, 0xe1, 0x01, 0xe1, 
	0x01, 0xe1, 0x01, 0xe1, 0x01, 0xe1, 0x01, 0xe1, 
	0x01, 0xe1, 0x01, 0xe1, 0x01, 0xe3, 0x01, 0xe3, 
	0x01, 0xe3, 0x01, 0xe3, 0x01, 0xe3, 0x02, 0x23, 
	0x02, 0x23, 0x02, 0x23, 0x02, 0x23, 0x02, 0x23, 
	0x02, 0x23, 0x02, 0x23, 0x02, 0x23, 0x01, 0xe1, 
	0x01, 0xe1, 0x01, 0xe1, 0x01, 0xe1, 0x01, 0xe1, 
	0x02, 0x23, 0x01, 0xe3, 0x01, 0xe3, 0x01, 0xe3, 
	0x01, 0xe1, 0x01, 0xe1, 0x01, 0xe1, 0x01, 0xe1, 
	0x01, 0xe1, 0x01, 0xe1, 0x01, 0xe1, 0x01, 0xe1, 
	0x01, 0xe1, 0x01, 0xe1, 0x01, 0xe1, 0x01, 0xe1, 
	0x01, 0xe1, 0x01, 0xe1, 0x01, 0xe1, 0x01, 0xe1, 
	0x01, 0xe3, 0x01, 0xe3, 0x01, 0xe3, 0x01, 0xe3, 
	0x01, 0xe3, 0x01, 0xe3, 0x01, 0xe3, 0x01, 0xe3, 
	0x01, 0xe1, 0x01, 0xe1, 0x01, 0xe1, 0x01, 0xe1, 
	0x01, 0xe3, 0x01, 0xe3, 0x01, 0xe3, 0x01, 0xe3, 
	0x01, 0xe3, 0x01, 0xe3, 0x01, 0xe3, 0x01, 0xe3, 
	0x01, 0xe3, 0x02, 0x23, 0x02, 0x23, 0x01, 0xe3, 
	0x01, 0xe3, 0x01, 0xe3, 0x02, 0x23, 0x01, 0xe3, 
	0x01, 0xe3, 0x01, 0xe3, 0x02, 0x23, 0x01, 0xe3, 
	0x01, 0xe3, 0x01, 0xe3, 0x02, 0x23, 0x02, 0x23, 
	0x02, 0x23, 0x02, 0x23, 0x02, 0x23, 0x01, 0xe3, 
	0x01, 0xe3, 0x02, 0x23, 0x01, 0xe3, 0x01, 0xe3, 
	0x01, 0xe3, 0x02, 0x23, 0x02, 0x23, 0x02, 0x23, 
	0x02, 0x23, 0x02, 0x23, 0x02, 0x23, 0x02, 0x23, 
	0x02, 0x23, 0x02, 0x23, 0x02, 0x23, 0x02, 0x23, 
	0x02, 0x25, 0x02, 0x25, 0x02, 0x25, 0x02, 0x25, 
	0x02, 0x25, 0x02, 0x25, 0x02, 0x25, 0x02, 0x25, 
	0x02, 0x23, 0x02, 0x25, 0x02, 0x25, 0x02, 0x23, 
	0x02, 0x25, 0x02, 0x23, 0x02, 0x23, 0x02, 0x23, 
	0x02, 0x25, 0x02, 0x25, 0x02, 0x25, 0x02, 0x25, 
	0x02, 0x25, 0x02, 0x25, 0x02, 0x25, 0x02, 0x25, 
	0x02, 0x25, 0x02, 0x25, 0x02, 0x25, 0x02, 0x25, 
	0x02, 0x25, 0x02, 0x25, 0x02, 0x25, 0x02, 0x25, 
	0x02, 0x25, 0x02, 0x25, 0x02, 0x25, 0x02, 0x25, 
	0x02, 0x25, 0x02, 0x25, 0x02, 0x25, 0x02, 0x25, 
	0x02, 0x25, 0x02, 0x25, 0x02, 0x25, 0x02, 0x25, 
	0x02, 0x25, 0x02, 0x25, 0x02, 0x25, 0x02, 0x27, 
	0x0a, 0x25, 0x0a, 0x25, 0x54, 0x75, 0x54, 0x75, 
	0x5c, 0xf7, 0x54, 0xb5, 0x54, 0xb5, 0x54, 0xb5, 
	0x4c, 0x31, 0x4c, 0x31, 0x4c, 0x31, 0x4c, 0x31, 
	0x43, 0xef, 0x43, 0xef, 0x43, 0xef, 0x43, 0xed, 
	0x43, 0xab, 0x43, 0xab, 0x3b, 0x69, 0x33, 0x29, 
	0x33, 0x29, 0x33, 0x29, 0x3b, 0x69, 0x3b, 0x69, 
	0x33, 0x27, 0x33, 0x27, 0x33, 0x27, 0x33, 0x27, 
	0x33, 0x29, 0x2b, 0x27, 0x2b, 0x27, 0x33, 0x29, 
	0x3b, 0x6b, 0x3b, 0x6b, 0x33, 0x6b, 0x33, 0x29, 
	0x2b, 0x2b, 0x2b, 0x2b, 0x33, 0x6b, 0x33, 0x6d, 
	0x33, 0xaf, 0x33, 0x6d, 0x33, 0x6d, 0x33, 0x6d, 
	0x33, 0x6d, 0x33, 0x6d, 0x33, 0x6d, 0x33, 0xaf, 
	0x3b, 0xf1, 0x2b, 0x2d, 0x2b, 0x2d, 0x2b, 0x2d, 
	0x12, 0x67, 0x01, 0xe3, 0x01, 0xe3, 0x01, 0xe3, 
	0x01, 0xe3, 0x01, 0xe3, 0x01, 0xe3, 0x01, 0xe3, 
	0x01, 0xe3, 0x01, 0xe3, 0x01, 0xe3, 0x01, 0xe3, 
	0x01, 0xe3, 0x01, 0xe3, 0x01, 0xe3, 0x01, 0xe3, 
	0x01, 0xe3, 0x01, 0xe3, 0x01, 0xe3, 0x01, 0xe3, 
	0x01, 0xe3, 0x01, 0xe3, 0x01, 0xe3, 0x01, 0xe3, 
	0x01, 0xe1, 0x01, 0xe1, 0x01, 0xe1, 0x01, 0xe1, 
	0x01, 0xe1, 0x01, 0xe1, 0x01, 0xe3, 0x01, 0xe3, 
	0x01, 0xe3, 0x01, 0xe1, 0x01, 0xe1, 0x01, 0xe1, 
	0x01, 0xe3, 0x01, 0xe3, 0x01, 0xe3, 0x01, 0xe3, 
	0x01, 0xe1, 0x01, 0xe1, 0x01, 0xe1, 0x01, 0xe1, 
	0x01, 0xe3, 0x01, 0xe1, 0x01, 0xe1, 0x01, 0xe1, 
	0x01, 0xe1, 0x01, 0xe1, 0x01, 0xe1, 0x01, 0xe1, 
	0x01, 0xe1, 0x01, 0xe1, 0x01, 0xe1, 0x01, 0xe1, 
	0x01, 0xe1, 0x01, 0xe1, 0x01, 0xe3, 0x01, 0xe3, 
	0x01, 0xe3, 0x01, 0xe3, 0x01, 0xe3, 0x01, 0xe3, 
	0x01, 0xe3, 0x01, 0xe3, 0x02, 0x23, 0x02, 0x23, 
	0x02, 0x23, 0x02, 0x23, 0x02, 0x23, 0x02, 0x21, 
	0x02, 0x23, 0x02, 0x23, 0x02, 0x23, 0x02, 0x23, 
	0x01, 0xe1, 0x02, 0x23, 0x02, 0x23, 0x02, 0x23, 
	0x02, 0x23, 0x01, 0xe3, 0x01, 0xe3, 0x01, 0xe3, 
	0x01, 0xe1, 0x01, 0xe1, 0x01, 0xe1, 0x01, 0xe1, 
	0x01, 0xe1, 0x01, 0xe1, 0x01, 0xe1, 0x01, 0xe1, 
	0x01, 0xe1, 0x01, 0xe1, 0x01, 0xe1, 0x01, 0xe1, 
	0x01, 0xe1, 0x01, 0xe1, 0x01, 0xe1, 0x01, 0xe1, 
	0x01, 0xe3, 0x01, 0xe3, 0x01, 0xe3, 0x01, 0xe3, 
	0x01, 0xe3, 0x01, 0xe3, 0x01, 0xe3, 0x01, 0xe3, 
	0x01, 0xe1, 0x01, 0xe1, 0x01, 0xe1, 0x01, 0xe1, 
	0x01, 0xe3, 0x01, 0xe3, 0x01, 0xe3, 0x01, 0xe3, 
	0x01, 0xe3, 0x02, 0x23, 0x02, 0x23, 0x02, 0x23, 
	0x02, 0x23, 0x02, 0x23, 0x02, 0x23, 0x02, 0x23, 
	0x02, 0x23, 0x02, 0x23, 0x02, 0x23, 0x02, 0x23, 
	0x02, 0x23, 0x02, 0x23, 0x02, 0x23, 0x02, 0x23, 
	0x02, 0x23, 0x02, 0x23, 0x02, 0x23, 0x02, 0x23, 
	0x02, 0x23, 0x02, 0x23, 0x02, 0x23, 0x02, 0x23, 
	0x02, 0x23, 0x02, 0x23, 0x02, 0x23, 0x02, 0x23, 
	0x02, 0x23, 0x02, 0x23, 0x02, 0x23, 0x02, 0x23, 
	0x02, 0x23, 0x02, 0x23, 0x02, 0x23, 0x02, 0x23, 
	0x02, 0x25, 0x02, 0x25, 0x02, 0x25, 0x02, 0x25, 
	0x0a, 0x25, 0x02, 0x25, 0x0a, 0x25, 0x02, 0x25, 
	0x02, 0x25, 0x02, 0x25, 0x02, 0x25, 0x02, 0x25, 
	0x02, 0x25, 0x02, 0x25, 0x02, 0x25, 0x02, 0x25, 
	0x02, 0x25, 0x02, 0x25, 0x02, 0x25, 0x02, 0x25, 
	0x02, 0x25, 0x02, 0x25, 0x02, 0x25, 0x02, 0x25, 
	0x02, 0x25, 0x02, 0x25, 0x02, 0x25, 0x02, 0x25, 
	0x02, 0x25, 0x02, 0x25, 0x02, 0x25, 0x02, 0x25, 
	0x02, 0x25, 0x02, 0x25, 0x02, 0x25, 0x02, 0x25, 
	0x02, 0x25, 0x02, 0x25, 0x02, 0x25, 0x02, 0x25, 
	0x02, 0x25, 0x02, 0x25, 0x02, 0x25, 0x02, 0x25, 
	0x02, 0x25, 0x02, 0x25, 0x02, 0x25, 0x02, 0x25, 
	0x02, 0x25, 0x02, 0x25, 0x02, 0x25, 0x02, 0x27, 
	0x0a, 0x25, 0x0a, 0x25, 0x54, 0x75, 0x54, 0x75, 
	0x65, 0x39, 0x54, 0xb5, 0x4c, 0x73, 0x4c, 0x73, 
	0x54, 0x73, 0x4c, 0x31, 0x4c, 0x31, 0x4c, 0x31, 
	0x43, 0xed, 0x43, 0xef, 0x43, 0xef, 0x43, 0xed, 
	0x43, 0xab, 0x43, 0xab, 0x3b, 0x6b, 0x3b, 0x69, 
	0x3b, 0x69, 0x3b, 0x69, 0x3b, 0x69, 0x3b, 0x69, 
	0x33, 0x69, 0x33, 0x27, 0x33, 0x27, 0x33, 0x27, 
	0x2b, 0x27, 0x2b, 0x27, 0x2b, 0x27, 0x2b, 0x29, 
	0x33, 0x6b, 0x3b, 0x6b, 0x33, 0x29, 0x33, 0x29, 
	0x2b, 0x2b, 0x2b, 0x2b, 0x2b, 0x2b, 0x2b, 0x2b, 
	0x33, 0x6d, 0x33, 0xaf, 0x33, 0x6d, 0x33, 0x6d, 
	0x33, 0x6d, 0x33, 0x6d, 0x33, 0x6d, 0x33, 0x6d, 
	0x2b, 0x2d, 0x2b, 0x2d, 0x1a, 0xa7, 0x0a, 0x23, 
	0x01, 0xe3, 0x01, 0xe3, 0x01, 0xe3, 0x01, 0xe3, 
	0x01, 0xe3, 0x01, 0xe3, 0x01, 0xe3, 0x01, 0xe3, 
	0x01, 0xe3, 0x01, 0xe3, 0x01, 0xe3, 0x01, 0xe3, 
	0x01, 0xe3, 0x01, 0xe3, 0x01, 0xe3, 0x01, 0xe3, 
	0x01, 0xe3, 0x01, 0xe3, 0x01, 0xe3, 0x01, 0xe3, 
	0x01, 0xe3, 0x01, 0xe3, 0x01, 0xe3, 0x01, 0xe3, 
	0x01, 0xe1, 0x01, 0xe1, 0x01, 0xe3, 0x01, 0xe3, 
	0x01, 0xe3, 0x01, 0xe3, 0x01, 0xe3, 0x01, 0xe3, 
	0x01, 0xe3, 0x01, 0xe3, 0x01, 0xe1, 0x01, 0xe1, 
	0x01, 0xe3, 0x01, 0xe3, 0x01, 0xe3, 0x01, 0xe3, 
	0x01, 0xe1, 0x01, 0xe1, 0x01, 0xe1, 0x01, 0xe1, 
	0x01, 0xe3, 0x01, 0xe3, 0x01, 0xe3, 0x01, 0xe1, 
	0x01, 0xe1, 0x01, 0xe1, 0x01, 0xe1, 0x01, 0xe1, 
	0x01, 0xe1, 0x01, 0xe3, 0x01, 0xe1, 0x01, 0xe1, 
	0x01, 0xe3, 0x01, 0xe3, 0x01, 0xe3, 0x01, 0xe3, 
	0x01, 0xe3, 0x01, 0xe3, 0x01, 0xe3, 0x01, 0xe3, 
	0x01, 0xe3, 0x02, 0x23, 0x02, 0x23, 0x02, 0x23, 
	0x02, 0x23, 0x02, 0x23, 0x02, 0x23, 0x02, 0x23, 
	0x02, 0x23, 0x02, 0x23, 0x02, 0x23, 0x02, 0x23, 
	0x02, 0x23, 0x02, 0x23, 0x02, 0x23, 0x02, 0x23, 
	0x02, 0x23, 0x02, 0x23, 0x02, 0x23, 0x01, 0xe3, 
	0x01, 0xe1, 0x01, 0xe1, 0x01, 0xe1, 0x02, 0x23, 
	0x02, 0x21, 0x02, 0x21, 0x01, 0xe1, 0x01, 0xe1, 
	0x01, 0xe1, 0x01, 0xe1, 0x01, 0xe1, 0x01, 0xe1, 
	0x01, 0xe1, 0x01, 0xe1, 0x02, 0x21, 0x02, 0x21, 
	0x01, 0xe3, 0x01, 0xe3, 0x01, 0xe3, 0x01, 0xe3, 
	0x01, 0xe3, 0x01, 0xe3, 0x01, 0xe3, 0x01, 0xe3, 
	0x01, 0xe1, 0x01, 0xe1, 0x02, 0x23, 0x02, 0x23, 
	0x01, 0xe3, 0x01, 0xe3, 0x02, 0x23, 0x02, 0x23, 
	0x02, 0x23, 0x02, 0x23, 0x02, 0x23, 0x02, 0x23, 
	0x02, 0x23, 0x02, 0x23, 0x02, 0x23, 0x02, 0x23, 
	0x02, 0x23, 0x02, 0x23, 0x02, 0x23, 0x02, 0x23, 
	0x02, 0x23, 0x02, 0x23, 0x02, 0x23, 0x02, 0x23, 
	0x02, 0x23, 0x02, 0x23, 0x02, 0x23, 0x02, 0x23, 
	0x02, 0x23, 0x02, 0x23, 0x02, 0x23, 0x02, 0x23, 
	0x02, 0x23, 0x02, 0x23, 0x02, 0x23, 0x02, 0x23, 
	0x02, 0x23, 0x02, 0x23, 0x02, 0x23, 0x02, 0x23, 
	0x02, 0x23, 0x02, 0x23, 0x02, 0x23, 0x02, 0x25, 
	0x02, 0x25, 0x02, 0x25, 0x02, 0x25, 0x02, 0x25, 
	0x0a, 0x25, 0x0a, 0x25, 0x0a, 0x25, 0x0a, 0x25, 
	0x02, 0x25, 0x02, 0x25, 0x02, 0x25, 0x02, 0x25, 
	0x02, 0x25, 0x02, 0x25, 0x02, 0x25, 0x02, 0x25, 
	0x02, 0x25, 0x02, 0x25, 0x02, 0x25, 0x02, 0x25, 
	0x02, 0x25, 0x02, 0x25, 0x02, 0x25, 0x02, 0x25, 
	0x02, 0x25, 0x02, 0x25, 0x02, 0x25, 0x02, 0x25, 
	0x02, 0x25, 0x02, 0x25, 0x02, 0x25, 0x02, 0x25, 
	0x02, 0x25, 0x02, 0x25, 0x02, 0x25, 0x02, 0x25, 
	0x02, 0x25, 0x02, 0x25, 0x02, 0x25, 0x02, 0x25, 
	0x02, 0x25, 0x02, 0x25, 0x02, 0x25, 0x02, 0x25, 
	0x02, 0x25, 0x02, 0x25, 0x02, 0x25, 0x02, 0x25, 
	0x02, 0x25, 0x02, 0x25, 0x02, 0x27, 0x02, 0x27, 
	0x0a, 0x25, 0x0a, 0x25, 0x2b, 0x2d, 0x75, 0xbd, 
	0x65, 0x39, 0x54, 0xb5, 0x4c, 0x73, 0x4c, 0x73, 
	0x54, 0x73, 0x54, 0x73, 0x4c, 0x31, 0x43, 0xef, 
	0x43, 0xef, 0x43, 0xef, 0x43, 0xef, 0x43, 0xed, 
	0x43, 0xab, 0x43, 0xab, 0x43, 0xab, 0x3b, 0x6b, 
	0x3b, 0x69, 0x3b, 0x69, 0x3b, 0x69, 0x3b, 0x69, 
	0x33, 0x27, 0x33, 0x27, 0x33, 0x27, 0x33, 0x27, 
	0x2b, 0x27, 0x2b, 0x27, 0x2b, 0x27, 0x2b, 0x27, 
	0x33, 0x29, 0x33, 0x6b, 0x33, 0x29, 0x2b, 0x29, 
	0x2b, 0x29, 0x2b, 0x29, 0x2b, 0x29, 0x2b, 0x2b, 
	0x33, 0x2b, 0x33, 0x6d, 0x33, 0x6d, 0x33, 0x6d, 
	0x33, 0x6d, 0x33, 0x6d, 0x33, 0x6d, 0x33, 0x6d, 
	0x2b, 0x2d, 0x2b, 0x2d, 0x2b, 0x2d, 0x0a, 0x23, 
	0x01, 0xe3, 0x01, 0xe3, 0x01, 0xe3, 0x01, 0xe3, 
	0x01, 0xe3, 0x01, 0xe3, 0x01, 0xe3, 0x01, 0xe3, 
	0x01, 0xe3, 0x01, 0xe3, 0x01, 0xe3, 0x01, 0xe3, 
	0x01, 0xe3, 0x01, 0xe3, 0x01, 0xe3, 0x01, 0xe3, 
	0x01, 0xe3, 0x01, 0xe3, 0x01, 0xe3, 0x01, 0xe3, 
	0x01, 0xe3, 0x01, 0xe3, 0x01, 0xe3, 0x01, 0xe3, 
	0x01, 0xe3, 0x01, 0xe3, 0x01, 0xe1, 0x01, 0xe3, 
	0x01, 0xe3, 0x01, 0xe3, 0x01, 0xe3, 0x01, 0xe3, 
	0x01, 0xe3, 0x01, 0xe3, 0x01, 0xe3, 0x01, 0xe3, 
	0x01, 0xe3, 0x01, 0xe3, 0x01, 0xe3, 0x01, 0xe3, 
	0x01, 0xe1, 0x01, 0xe1, 0x01, 0xe1, 0x01, 0xe1, 
	0x01, 0xe3, 0x01, 0xe3, 0x01, 0xe3, 0x01, 0xe1, 
	0x01, 0xe1, 0x01, 0xe1, 0x01, 0xe3, 0x01, 0xe3, 
	0x01, 0xe3, 0x01, 0xe3, 0x01, 0xe3, 0x01, 0xe3, 
	0x01, 0xe3, 0x01, 0xe3, 0x01, 0xe3, 0x01, 0xe3, 
	0x01, 0xe3, 0x01, 0xe3, 0x01, 0xe3, 0x01, 0xe3, 
	0x02, 0x23, 0x02, 0x23, 0x02, 0x23, 0x02, 0x23, 
	0x02, 0x23, 0x02, 0x23, 0x02, 0x23, 0x02, 0x23, 
	0x02, 0x23, 0x02, 0x23, 0x02, 0x23, 0x02, 0x23, 
	0x02, 0x23, 0x02, 0x23, 0x02, 0x23, 0x02, 0x23, 
	0x02, 0x23, 0x02, 0x23, 0x02, 0x23, 0x01, 0xe3, 
	0x01, 0xe1, 0x01, 0xe1, 0x01, 0xe1, 0x02, 0x23, 
	0x02, 0x21, 0x02, 0x21, 0x02, 0x21, 0x02, 0x21, 
	0x02, 0x23, 0x02, 0x23, 0x02, 0x23, 0x02, 0x23, 
	0x01, 0xe1, 0x02, 0x21, 0x02, 0x21, 0x02, 0x21, 
	0x01, 0xe3, 0x01, 0xe3, 0x02, 0x23, 0x01, 0xe3, 
	0x02, 0x23, 0x02, 0x23, 0x01, 0xe3, 0x01, 0xe3, 
	0x02, 0x23, 0x02, 0x23, 0x02, 0x23, 0x02, 0x23, 
	0x02, 0x23, 0x02, 0x23, 0x02, 0x23, 0x02, 0x23, 
	0x02, 0x23, 0x02, 0x23, 0x02, 0x23, 0x02, 0x23, 
	0x02, 0x23, 0x02, 0x23, 0x02, 0x23, 0x02, 0x23, 
	0x02, 0x23, 0x02, 0x23, 0x02, 0x23, 0x02, 0x23, 
	0x02, 0x23, 0x02, 0x23, 0x02, 0x23, 0x02, 0x23, 
	0x02, 0x23, 0x02, 0x23, 0x02, 0x23, 0x02, 0x23, 
	0x02, 0x23, 0x02, 0x23, 0x02, 0x23, 0x02, 0x23, 
	0x02, 0x23, 0x02, 0x23, 0x02, 0x23, 0x02, 0x23, 
	0x02, 0x23, 0x02, 0x23, 0x02, 0x23, 0x02, 0x23, 
	0x02, 0x23, 0x02, 0x25, 0x02, 0x25, 0x02, 0x25, 
	0x02, 0x25, 0x02, 0x25, 0x02, 0x25, 0x02, 0x25, 
	0x0a, 0x25, 0x0a, 0x25, 0x0a, 0x25, 0x0a, 0x25, 
	0x0a, 0x27, 0x02, 0x25, 0x02, 0x25, 0x0a, 0x27, 
	0x0a, 0x25, 0x02, 0x25, 0x02, 0x25, 0x02, 0x25, 
	0x02, 0x25, 0x02, 0x25, 0x02, 0x25, 0x02, 0x25, 
	0x02, 0x25, 0x02, 0x25, 0x02, 0x25, 0x0a, 0x27, 
	0x02, 0x27, 0x02, 0x27, 0x02, 0x27, 0x02, 0x27, 
	0x02, 0x27, 0x02, 0x27, 0x02, 0x27, 0x02, 0x27, 
	0x02, 0x27, 0x02, 0x27, 0x02, 0x27, 0x02, 0x27, 
	0x02, 0x27, 0x02, 0x27, 0x02, 0x27, 0x02, 0x27, 
	0x02, 0x27, 0x02, 0x27, 0x02, 0x27, 0x02, 0x27, 
	0x02, 0x27, 0x02, 0x27, 0x02, 0x27, 0x02, 0x27, 
	0x02, 0x27, 0x02, 0x27, 0x02, 0x27, 0x02, 0x27, 
	0x0a, 0x27, 0x0a, 0x27, 0x0a, 0x27, 0x23, 0x71, 
	0x5c, 0xf9, 0x5c, 0xf9, 0x43, 0xf3, 0x23, 0x2d, 
	0x2b, 0x2d, 0x4c, 0x31, 0x4c, 0x31, 0x4c, 0x31, 
	0x43, 0xef, 0x43, 0xef, 0x43, 0xef, 0x43, 0xef, 
	0x43, 0xed, 0x43, 0xab, 0x3b, 0xab, 0x3b, 0xab, 
	0x3b, 0x69, 0x3b, 0x69, 0x3b, 0x69, 0x3b, 0x69, 
	0x33, 0x69, 0x33, 0x69, 0x33, 0x69, 0x33, 0x27, 
	0x2b, 0x27, 0x2b, 0x27, 0x2b, 0x27, 0x2b, 0x27, 
	0x33, 0x29, 0x33, 0x29, 0x33, 0x6b, 0x33, 0x29, 
	0x2a, 0xe7, 0x2a, 0xe7, 0x2b, 0x29, 0x2b, 0x29, 
	0x2b, 0x2b, 0x2b, 0x2b, 0x2b, 0x2b, 0x2b, 0x6d, 
	0x33, 0x6d, 0x33, 0x6d, 0x33, 0x6d, 0x2b, 0x2b, 
	0x2b, 0x2b, 0x2b, 0x2b, 0x2b, 0x2b, 0x1a, 0xa7, 
	0x02, 0x25, 0x02, 0x25, 0x02, 0x25, 0x02, 0x25, 
	0x01, 0xe5, 0x01, 0xe5, 0x01, 0xe5, 0x01, 0xe5, 
	0x01, 0xe5, 0x01, 0xe5, 0x01, 0xe5, 0x01, 0xe5, 
	0x01, 0xe5, 0x01, 0xe5, 0x01, 0xe5, 0x01, 0xe5, 
	0x01, 0xe5, 0x01, 0xe5, 0x01, 0xe3, 0x01, 0xe5, 
	0x01, 0xe3, 0x01, 0xe3, 0x01, 0xe3, 0x01, 0xe3, 
	0x01, 0xe3, 0x01, 0xe3, 0x01, 0xe3, 0x01, 0xe3, 
	0x01, 0xe3, 0x01, 0xe3, 0x01, 0xe3, 0x01, 0xe3, 
	0x01, 0xe3, 0x01, 0xe3, 0x01, 0xe3, 0x01, 0xe3, 
	0x01, 0xe3, 0x01, 0xe3, 0x01, 0xe3, 0x01, 0xe3, 
	0x01, 0xe3, 0x01, 0xe3, 0x01, 0xe3, 0x01, 0xe3, 
	0x01, 0xe3, 0x01, 0xe3, 0x01, 0xe3, 0x01, 0xe3, 
	0x01, 0xe3, 0x01, 0xe3, 0x01, 0xe3, 0x01, 0xe3, 
	0x01, 0xe3, 0x01, 0xe3, 0x01, 0xe3, 0x01, 0xe3, 
	0x01, 0xe3, 0x01, 0xe3, 0x01, 0xe3, 0x01, 0xe3, 
	0x01, 0xe3, 0x01, 0xe3, 0x01, 0xe3, 0x02, 0x23, 
	0x02, 0x23, 0x02, 0x23, 0x02, 0x23, 0x02, 0x23, 
	0x02, 0x23, 0x02, 0x23, 0x02, 0x23, 0x02, 0x23, 
	0x02, 0x23, 0x02, 0x23, 0x02, 0x23, 0x02, 0x23, 
	0x02, 0x23, 0x02, 0x23, 0x02, 0x23, 0x02, 0x23, 
	0x02, 0x23, 0x02, 0x23, 0x02, 0x23, 0x02, 0x23, 
	0x02, 0x23, 0x01, 0xe1, 0x02, 0x23, 0x02, 0x23, 
	0x02, 0x23, 0x02, 0x23, 0x02, 0x21, 0x02, 0x21, 
	0x02, 0x21, 0x02, 0x21, 0x02, 0x23, 0x02, 0x23, 
	0x02, 0x23, 0x02, 0x23, 0x02, 0x23, 0x02, 0x23, 
	0x01, 0xe3, 0x02, 0x23, 0x02, 0x23, 0x02, 0x23, 
	0x02, 0x23, 0x02, 0x23, 0x01, 0xe3, 0x01, 0xe3, 
	0x02, 0x23, 0x02, 0x23, 0x01, 0xe3, 0x02, 0x23, 
	0x02, 0x23, 0x02, 0x23, 0x02, 0x23, 0x02, 0x23, 
	0x02, 0x23, 0x02, 0x23, 0x02, 0x23, 0x02, 0x23, 
	0x02, 0x23, 0x02, 0x23, 0x02, 0x23, 0x02, 0x23, 
	0x02, 0x23, 0x02, 0x23, 0x02, 0x23, 0x02, 0x23, 
	0x02, 0x23, 0x02, 0x23, 0x02, 0x23, 0x02, 0x23, 
	0x02, 0x23, 0x02, 0x23, 0x02, 0x23, 0x02, 0x23, 
	0x02, 0x23, 0x02, 0x23, 0x02, 0x23, 0x02, 0x25, 
	0x02, 0x25, 0x02, 0x25, 0x02, 0x25, 0x02, 0x25, 
	0x02, 0x25, 0x02, 0x25, 0x02, 0x25, 0x02, 0x25, 
	0x02, 0x25, 0x02, 0x25, 0x02, 0x25, 0x02, 0x25, 
	0x02, 0x25, 0x02, 0x25, 0x0a, 0x67, 0x0a, 0x67, 
	0x0a, 0x25, 0x0a, 0x25, 0x0a, 0x25, 0x0a, 0x25, 
	0x0a, 0x27, 0x0a, 0x27, 0x0a, 0x27, 0x0a, 0x27, 
	0x0a, 0x25, 0x02, 0x25, 0x02, 0x25, 0x02, 0x25, 
	0x02, 0x25, 0x02, 0x25, 0x02, 0x25, 0x0a, 0x67, 
	0x0a, 0x27, 0x0a, 0x27, 0x02, 0x25, 0x0a, 0x27, 
	0x02, 0x27, 0x02, 0x27, 0x02, 0x27, 0x02, 0x27, 
	0x02, 0x27, 0x02, 0x27, 0x02, 0x27, 0x02, 0x27, 
	0x02, 0x27, 0x02, 0x27, 0x02, 0x27, 0x02, 0x27, 
	0x02, 0x27, 0x02, 0x27, 0x02, 0x27, 0x02, 0x27, 
	0x02, 0x27, 0x02, 0x27, 0x02, 0x27, 0x02, 0x27, 
	0x02, 0x27, 0x02, 0x27, 0x02, 0x27, 0x02, 0x27, 
	0x02, 0x27, 0x02, 0x27, 0x02, 0x27, 0x02, 0x27, 
	0x0a, 0x27, 0x0a, 0x27, 0x0a, 0x27, 0x01, 0xa1, 
	0x0a, 0x27, 0x23, 0x2d, 0x23, 0x2d, 0x23, 0x2d, 
	0x0a, 0x27, 0x2b, 0x2d, 0x4c, 0x31, 0x4c, 0x31, 
	0x43, 0xef, 0x43, 0xef, 0x43, 0xef, 0x43, 0xef, 
	0x43, 0xab, 0x43, 0xab, 0x3b, 0xab, 0x3b, 0x69, 
	0x3b, 0x69, 0x3b, 0x69, 0x3b, 0x69, 0x3b, 0x69, 
	0x3b, 0x69, 0x3b, 0x69, 0x33, 0x69, 0x33, 0x69, 
	0x33, 0x27, 0x2b, 0x27, 0x2a, 0xe7, 0x2a, 0xe7, 
	0x2b, 0x29, 0x2b, 0x29, 0x33, 0x29, 0x33, 0x29, 
	0x2b, 0x29, 0x2a, 0xe7, 0x2a, 0xe7, 0x2b, 0x29, 
	0x2b, 0x2b, 0x2b, 0x2b, 0x2b, 0x2b, 0x2b, 0x2b, 
	0x33, 0x6d, 0x33, 0x6d, 0x2b, 0x2b, 0x2b, 0x2b, 
	0x2b, 0x2b, 0x2b, 0x2b, 0x2b, 0x2b, 0x22, 0xe9, 
	0x0a, 0x67, 0x02, 0x25, 0x02, 0x25, 0x02, 0x25, 
	0x02, 0x25, 0x01, 0xe5, 0x01, 0xe5, 0x01, 0xe5, 
	0x02, 0x25, 0x02, 0x25, 0x01, 0xe5, 0x01, 0xe5, 
	0x01, 0xe5, 0x01, 0xe5, 0x01, 0xe5, 0x01, 0xe5, 
	0x01, 0xe5, 0x01, 0xe5, 0x01, 0xe5, 0x01, 0xe5, 
	0x01, 0xe3, 0x01, 0xe3, 0x01, 0xe3, 0x01, 0xe3, 
	0x01, 0xe3, 0x01, 0xe3, 0x01, 0xe3, 0x01, 0xe3, 
	0x01, 0xe3, 0x01, 0xe3, 0x01, 0xe3, 0x01, 0xe3, 
	0x01, 0xe3, 0x01, 0xe3, 0x01, 0xe3, 0x01, 0xe3, 
	0x01, 0xe3, 0x01, 0xe3, 0x01, 0xe3, 0x01, 0xe3, 
	0x01, 0xe3, 0x01, 0xe3, 0x01, 0xe3, 0x01, 0xe3, 
	0x01, 0xe3, 0x01, 0xe3, 0x01, 0xe3, 0x01, 0xe3, 
	0x01, 0xe3, 0x01, 0xe3, 0x01, 0xe3, 0x01, 0xe3, 
	0x01, 0xe3, 0x01, 0xe3, 0x01, 0xe3, 0x01, 0xe3, 
	0x01, 0xe3, 0x01, 0xe3, 0x01, 0xe3, 0x01, 0xe3, 
	0x01, 0xe3, 0x01, 0xe3, 0x01, 0xe3, 0x02, 0x23, 
	0x02, 0x23, 0x02, 0x23, 0x02, 0x23, 0x02, 0x23, 
	0x02, 0x23, 0x02, 0x23, 0x02, 0x23, 0x02, 0x23, 
	0x02, 0x23, 0x02, 0x23, 0x02, 0x23, 0x02, 0x23, 
	0x02, 0x23, 0x02, 0x23, 0x02, 0x23, 0x02, 0x23, 
	0x02, 0x23, 0x02, 0x23, 0x02, 0x23, 0x02, 0x23, 
	0x02, 0x23, 0x02, 0x23, 0x02, 0x23, 0x02, 0x23, 
	0x02, 0x23, 0x02, 0x23, 0x02, 0x21, 0x02, 0x21, 
	0x02, 0x21, 0x02, 0x23, 0x02, 0x23, 0x02, 0x23, 
	0x02, 0x23, 0x02, 0x23, 0x02, 0x23, 0x02, 0x23, 
	0x02, 0x23, 0x02, 0x23, 0x02, 0x23, 0x02, 0x23, 
	0x02, 0x23, 0x02, 0x23, 0x02, 0x23, 0x02, 0x23, 
	0x02, 0x23, 0x02, 0x23, 0x02, 0x23, 0x02, 0x23, 
	0x02, 0x23, 0x02, 0x23, 0x02, 0x23, 0x02, 0x23, 
	0x02, 0x23, 0x02, 0x23, 0x02, 0x23, 0x02, 0x23, 
	0x02, 0x23, 0x02, 0x23, 0x02, 0x23, 0x02, 0x23, 
	0x02, 0x23, 0x02, 0x23, 0x02, 0x23, 0x02, 0x25, 
	0x02, 0x25, 0x02, 0x25, 0x02, 0x25, 0x02, 0x25, 
	0x02, 0x25, 0x02, 0x25, 0x02, 0x23, 0x02, 0x25, 
	0x02, 0x25, 0x02, 0x25, 0x02, 0x25, 0x02, 0x25, 
	0x02, 0x25, 0x02, 0x25, 0x02, 0x25, 0x02, 0x25, 
	0x02, 0x25, 0x02, 0x25, 0x02, 0x25, 0x02, 0x25, 
	0x02, 0x25, 0x02, 0x25, 0x02, 0x25, 0x02, 0x25, 
	0x02, 0x25, 0x02, 0x25, 0x0a, 0x67, 0x0a, 0x67, 
	0x0a, 0x67, 0x0a, 0x67, 0x0a, 0x67, 0x0a, 0x25, 
	0x0a, 0x27, 0x0a, 0x27, 0x0a, 0x27, 0x0a, 0x27, 
	0x0a, 0x25, 0x0a, 0x25, 0x0a, 0x25, 0x0a, 0x25, 
	0x02, 0x25, 0x02, 0x25, 0x0a, 0x67, 0x0a, 0x67, 
	0x0a, 0x27, 0x0a, 0x27, 0x0a, 0x27, 0x0a, 0x27, 
	0x02, 0x27, 0x02, 0x27, 0x02, 0x27, 0x02, 0x27, 
	0x02, 0x27, 0x02, 0x27, 0x02, 0x27, 0x02, 0x27, 
	0x02, 0x27, 0x02, 0x27, 0x02, 0x27, 0x02, 0x27, 
	0x02, 0x27, 0x0a, 0x67, 0x0a, 0x67, 0x02, 0x27, 
	0x02, 0x27, 0x02, 0x27, 0x02, 0x27, 0x02, 0x27, 
	0x02, 0x27, 0x02, 0x27, 0x02, 0x27, 0x02, 0x27, 
	0x0a, 0x27, 0x02, 0x27, 0x02, 0x27, 0x02, 0x27, 
	0x0a, 0x27, 0x0a, 0x27, 0x0a, 0x27, 0x0a, 0x27, 
	0x0a, 0x27, 0x0a, 0x27, 0x0a, 0x27, 0x0a, 0x27, 
	0x0a, 0x27, 0x2b, 0x2d, 0x4c, 0x31, 0x4c, 0x31, 
	0x4c, 0x31, 0x4c, 0x31, 0x43, 0xef, 0x43, 0xef, 
	0x43, 0xed, 0x43, 0xab, 0x43, 0xab, 0x3b, 0xab, 
	0x3b, 0x69, 0x3b, 0x69, 0x3b, 0x69, 0x3b, 0x69, 
	0x3b, 0x69, 0x3b, 0xab, 0x3b, 0x69, 0x33, 0x69, 
	0x33, 0x27, 0x33, 0x27, 0x2b, 0x27, 0x2b, 0x27, 
	0x2b, 0x29, 0x2a, 0xe7, 0x2b, 0x29, 0x2b, 0x29, 
	0x2b, 0x29, 0x2b, 0x29, 0x2b, 0x29, 0x2b, 0x29, 
	0x2b, 0x2b, 0x2b, 0x2b, 0x2b, 0x2b, 0x2b, 0x2b, 
	0x2b, 0x2b, 0x33, 0x6d, 0x2b, 0x2b, 0x2b, 0x2b, 
	0x2b, 0x2b, 0x2b, 0x2b, 0x2b, 0x2b, 0x2b, 0x2b, 
	0x22, 0xe9, 0x02, 0x25, 0x02, 0x25, 0x02, 0x25, 
	0x01, 0xe5, 0x01, 0xe5, 0x01, 0xe5, 0x02, 0x25, 
	0x02, 0x25, 0x01, 0xe5, 0x01, 0xe5, 0x02, 0x25, 
	0x01, 0xe5, 0x01, 0xe5, 0x01, 0xe5, 0x01, 0xe5, 
	0x01, 0xe5, 0x01, 0xe5, 0x01, 0xe5, 0x01, 0xe5, 
	0x01, 0xe3, 0x01, 0xe3, 0x01, 0xe3, 0x01, 0xe3, 
	0x01, 0xe3, 0x01, 0xe3, 0x01, 0xe3, 0x01, 0xe3, 
	0x01, 0xe3, 0x01, 0xe3, 0x01, 0xe3, 0x01, 0xe3, 
	0x01, 0xe3, 0x01, 0xe3, 0x01, 0xe3, 0x01, 0xe3, 
	0x01, 0xe3, 0x01, 0xe3, 0x01, 0xe3, 0x01, 0xe3, 
	0x01, 0xe3, 0x01, 0xe3, 0x01, 0xe3, 0x01, 0xe3, 
	0x01, 0xe3, 0x01, 0xe3, 0x01, 0xe3, 0x01, 0xe3, 
	0x01, 0xe3, 0x01, 0xe3, 0x01, 0xe3, 0x01, 0xe3, 
	0x01, 0xe3, 0x01, 0xe3, 0x01, 0xe3, 0x01, 0xe3, 
	0x01, 0xe3, 0x01, 0xe3, 0x01, 0xe3, 0x01, 0xe3, 
	0x01, 0xe3, 0x01, 0xe3, 0x01, 0xe3, 0x02, 0x23, 
	0x02, 0x23, 0x02, 0x23, 0x02, 0x23, 0x02, 0x23, 
	0x02, 0x23, 0x02, 0x23, 0x02, 0x23, 0x02, 0x23, 
	0x02, 0x23, 0x02, 0x23, 0x02, 0x23, 0x02, 0x23, 
	0x02, 0x23, 0x02, 0x23, 0x02, 0x23, 0x02, 0x23, 
	0x02, 0x23, 0x02, 0x23, 0x02, 0x23, 0x02, 0x23, 
	0x02, 0x23, 0x02, 0x23, 0x02, 0x23, 0x02, 0x23, 
	0x02, 0x23, 0x02, 0x23, 0x02, 0x23, 0x02, 0x23, 
	0x02, 0x23, 0x02, 0x23, 0x02, 0x23, 0x02, 0x23, 
	0x02, 0x23, 0x02, 0x23, 0x02, 0x23, 0x02, 0x23, 
	0x02, 0x23, 0x02, 0x23, 0x02, 0x23, 0x02, 0x23, 
	0x02, 0x23, 0x02, 0x23, 0x02, 0x23, 0x02, 0x23, 
	0x02, 0x23, 0x02, 0x23, 0x02, 0x23, 0x02, 0x23, 
	0x02, 0x23, 0x02, 0x23, 0x02, 0x23, 0x02, 0x23, 
	0x02, 0x23, 0x02, 0x23, 0x02, 0x23, 0x02, 0x23, 
	0x02, 0x23, 0x02, 0x23, 0x02, 0x23, 0x02, 0x23, 
	0x02, 0x23, 0x02, 0x23, 0x02, 0x23, 0x02, 0x25, 
	0x02, 0x25, 0x02, 0x25, 0x02, 0x25, 0x02, 0x25, 
	0x02, 0x25, 0x02, 0x25, 0x02, 0x25, 0x02, 0x25, 
	0x02, 0x25, 0x02, 0x25, 0x02, 0x25, 0x02, 0x25, 
	0x02, 0x25, 0x02, 0x25, 0x02, 0x25, 0x02, 0x25, 
	0x02, 0x25, 0x02, 0x25, 0x02, 0x25, 0x02, 0x25, 
	0x02, 0x25, 0x02, 0x25, 0x02, 0x25, 0x02, 0x25, 
	0x02, 0x25, 0x0a, 0x67, 0x0a, 0x67, 0x0a, 0x67, 
	0x0a, 0x67, 0x0a, 0x67, 0x0a, 0x67, 0x0a, 0x67, 
	0x0a, 0x27, 0x0a, 0x27, 0x0a, 0x27, 0x0a, 0x27, 
	0x0a, 0x25, 0x0a, 0x25, 0x0a, 0x25, 0x0a, 0x25, 
	0x0a, 0x67, 0x0a, 0x67, 0x0a, 0x67, 0x0a, 0x67, 
	0x0a, 0x27, 0x0a, 0x27, 0x0a, 0x27, 0x0a, 0x27, 
	0x02, 0x27, 0x02, 0x27, 0x02, 0x27, 0x02, 0x27, 
	0x02, 0x27, 0x02, 0x27, 0x02, 0x27, 0x02, 0x27, 
	0x02, 0x27, 0x0a, 0x27, 0x02, 0x27, 0x02, 0x27, 
	0x02, 0x27, 0x02, 0x27, 0x0a, 0x67, 0x0a, 0x67, 
	0x02, 0x27, 0x02, 0x27, 0x02, 0x27, 0x02, 0x27, 
	0x02, 0x27, 0x02, 0x27, 0x02, 0x27, 0x02, 0x27, 
	0x0a, 0x27, 0x02, 0x27, 0x0a, 0x27, 0x02, 0x27, 
	0x0a, 0x27, 0x0a, 0x27, 0x0a, 0x27, 0x0a, 0x27, 
	0x0a, 0x27, 0x0a, 0x27, 0x0a, 0x27, 0x0a, 0x27, 
	0x0a, 0x27, 0x0a, 0x27, 0x6d, 0x37, 0x6d, 0x37, 
	0x43, 0xef, 0x43, 0xef, 0x43, 0xef, 0x43, 0xef, 
	0x43, 0xed, 0x43, 0xab, 0x43, 0xab, 0x43, 0xab, 
	0x3b, 0xab, 0x3b, 0x69, 0x3b, 0x69, 0x3b, 0xab, 
	0x3b, 0xab, 0x3b, 0xab, 0x3b, 0xab, 0x3b, 0x69, 
	0x33, 0x67, 0x33, 0x27, 0x2b, 0x27, 0x2a, 0xe7, 
	0x2a, 0xe7, 0x2a, 0xe7, 0x2a, 0xe7, 0x2b, 0x29, 
	0x2b, 0x29, 0x2b, 0x29, 0x2b, 0x29, 0x2b, 0x29, 
	0x2a, 0xe9, 0x2b, 0x2b, 0x2a, 0xe9, 0x2b, 0x2b, 
	0x2b, 0x2b, 0x2b, 0x2b, 0x2b, 0x2b, 0x2b, 0x2b, 
	0x2b, 0x2b, 0x2b, 0x2b, 0x2b, 0x2b, 0x33, 0x6d, 
	0x22, 0xe9, 0x02, 0x25, 0x02, 0x25, 0x02, 0x25, 
	0x02, 0x25, 0x02, 0x25, 0x02, 0x25, 0x02, 0x25, 
	0x02, 0x25, 0x02, 0x25, 0x02, 0x25, 0x02, 0x25, 
	0x02, 0x25, 0x02, 0x25, 0x01, 0xe5, 0x01, 0xe5, 
	0x01, 0xe5, 0x01, 0xe5, 0x01, 0xe5, 0x01, 0xe5, 
	0x01, 0xe3, 0x01, 0xe3, 0x01, 0xe3, 0x01, 0xe3, 
	0x01, 0xe3, 0x01, 0xe3, 0x01, 0xe3, 0x01, 0xe3, 
	0x01, 0xe3, 0x01, 0xe3, 0x01, 0xe3, 0x01, 0xe3, 
	0x01, 0xe3, 0x01, 0xe3, 0x01, 0xe3, 0x01, 0xe3, 
	0x01, 0xe3, 0x01, 0xe3, 0x01, 0xe3, 0x01, 0xe3, 
	0x01, 0xe3, 0x01, 0xe3, 0x01, 0xe3, 0x01, 0xe3, 
	0x01, 0xe3, 0x01, 0xe3, 0x01, 0xe3, 0x01, 0xe3, 
	0x01, 0xe3, 0x01, 0xe3, 0x01, 0xe3, 0x01, 0xe3, 
	0x02, 0x23, 0x01, 0xe3, 0x02, 0x23, 0x01, 0xe3, 
	0x02, 0x23, 0x02, 0x23, 0x01, 0xe3, 0x02, 0x23, 
	0x02, 0x23, 0x02, 0x23, 0x02, 0x23, 0x02, 0x23, 
	0x02, 0x23, 0x02, 0x23, 0x02, 0x23, 0x02, 0x23, 
	0x02, 0x23, 0x02, 0x23, 0x02, 0x23, 0x02, 0x23, 
	0x02, 0x23, 0x02, 0x23, 0x02, 0x23, 0x02, 0x23, 
	0x02, 0x23, 0x02, 0x23, 0x02, 0x23, 0x02, 0x23, 
	0x02, 0x23, 0x02, 0x23, 0x02, 0x23, 0x02, 0x23, 
	0x02, 0x23, 0x02, 0x23, 0x02, 0x23, 0x02, 0x23, 
	0x02, 0x23, 0x02, 0x23, 0x02, 0x23, 0x02, 0x23, 
	0x02, 0x23, 0x02, 0x23, 0x02, 0x23, 0x02, 0x23, 
	0x02, 0x23, 0x02, 0x23, 0x02, 0x23, 0x02, 0x23, 
	0x02, 0x23, 0x02, 0x23, 0x02, 0x23, 0x02, 0x23, 
	0x02, 0x23, 0x02, 0x23, 0x02, 0x23, 0x02, 0x23, 
	0x02, 0x23, 0x02, 0x23, 0x02, 0x23, 0x02, 0x23, 
	0x02, 0x23, 0x02, 0x23, 0x02, 0x23, 0x02, 0x23, 
	0x02, 0x23, 0x02, 0x25, 0x02, 0x25, 0x02, 0x25, 
	0x02, 0x25, 0x02, 0x25, 0x02, 0x25, 0x02, 0x25, 
	0x02, 0x25, 0x02, 0x25, 0x02, 0x25, 0x02, 0x25, 
	0x02, 0x25, 0x02, 0x25, 0x02, 0x25, 0x02, 0x25, 
	0x02, 0x25, 0x02, 0x25, 0x02, 0x25, 0x02, 0x25, 
	0x02, 0x25, 0x02, 0x25, 0x02, 0x25, 0x02, 0x25, 
	0x02, 0x25, 0x02, 0x25, 0x02, 0x25, 0x02, 0x25, 
	0x02, 0x25, 0x02, 0x25, 0x02, 0x25, 0x02, 0x25, 
	0x0a, 0x65, 0x0a, 0x65, 0x02, 0x25, 0x02, 0x25, 
	0x0a, 0x27, 0x0a, 0x27, 0x0a, 0x67, 0x0a, 0x67, 
	0x0a, 0x67, 0x0a, 0x67, 0x0a, 0x67, 0x0a, 0x67, 
	0x0a, 0x27, 0x0a, 0x27, 0x0a, 0x27, 0x0a, 0x27, 
	0x0a, 0x27, 0x0a, 0x27, 0x0a, 0x27, 0x0a, 0x27, 
	0x0a, 0x27, 0x0a, 0x27, 0x0a, 0x27, 0x0a, 0x27, 
	0x0a, 0x27, 0x0a, 0x27, 0x0a, 0x27, 0x0a, 0x27, 
	0x0a, 0x29, 0x0a, 0x29, 0x0a, 0x29, 0x0a, 0x29, 
	0x0a, 0x29, 0x0a, 0x29, 0x0a, 0x29, 0x0a, 0x29, 
	0x0a, 0x27, 0x0a, 0x27, 0x0a, 0x27, 0x0a, 0x27, 
	0x02, 0x27, 0x02, 0x27, 0x0a, 0x69, 0x0a, 0x69, 
	0x0a, 0x27, 0x0a, 0x27, 0x0a, 0x27, 0x0a, 0x27, 
	0x0a, 0x27, 0x0a, 0x27, 0x0a, 0x27, 0x0a, 0x27, 
	0x0a, 0x27, 0x0a, 0x27, 0x0a, 0x27, 0x0a, 0x27, 
	0x0a, 0x27, 0x0a, 0x27, 0x0a, 0x27, 0x0a, 0x27, 
	0x0a, 0x27, 0x0a, 0x27, 0x0a, 0x27, 0x0a, 0x27, 
	0x09, 0xe5, 0x09, 0xe5, 0x95, 0xf7, 0xd7, 0xff, 
	0x44, 0x31, 0x44, 0x31, 0x44, 0x31, 0x44, 0x31, 
	0x43, 0xed, 0x43, 0xed, 0x43, 0xed, 0x43, 0xed, 
	0x43, 0xad, 0x3b, 0xab, 0x3b, 0xab, 0x43, 0xad, 
	0x3b, 0xab, 0x3b, 0xab, 0x3b, 0xab, 0x3b, 0xab, 
	0x3b, 0x6b, 0x33, 0x29, 0x33, 0x29, 0x2a, 0xe7, 
	0x2a, 0xe7, 0x2a, 0xe7, 0x2a, 0xe7, 0x2a, 0xe7, 
	0x2a, 0xe7, 0x2a, 0xe7, 0x2b, 0x27, 0x2b, 0x27, 
	0x2b, 0x29, 0x2a, 0xe7, 0x2b, 0x29, 0x2b, 0x29, 
	0x2b, 0x2b, 0x33, 0x29, 0x2b, 0x29, 0x2b, 0x29, 
	0x2b, 0x2b, 0x2b, 0x2b, 0x2b, 0x2b, 0x33, 0x6b, 
	0x1a, 0xa7, 0x02, 0x25, 0x02, 0x25, 0x02, 0x25, 
	0x02, 0x25, 0x02, 0x25, 0x02, 0x25, 0x02, 0x25, 
	0x02, 0x25, 0x02, 0x25, 0x02, 0x25, 0x02, 0x25, 
	0x02, 0x25, 0x02, 0x25, 0x02, 0x25, 0x01, 0xe5, 
	0x02, 0x25, 0x01, 0xe5, 0x01, 0xe5, 0x01, 0xe5, 
	0x01, 0xe5, 0x01, 0xe5, 0x02, 0x25, 0x01, 0xe5, 
	0x01, 0xe5, 0x01, 0xe5, 0x01, 0xe5, 0x01, 0xe5, 
	0x01, 0xe5, 0x01, 0xe5, 0x01, 0xe5, 0x01, 0xe5, 
	0x01, 0xe5, 0x01, 0xe5, 0x01, 0xe5, 0x01, 0xe5, 
	0x01, 0xe5, 0x01, 0xe5, 0x01, 0xe5, 0x01, 0xe3, 
	0x01, 0xe5, 0x01, 0xe5, 0x01, 0xe5, 0x01, 0xe5, 
	0x01, 0xe3, 0x01, 0xe3, 0x01, 0xe3, 0x01, 0xe3, 
	0x01, 0xe3, 0x01, 0xe3, 0x01, 0xe3, 0x01, 0xe3, 
	0x02, 0x23, 0x02, 0x23, 0x02, 0x23, 0x02, 0x23, 
	0x02, 0x25, 0x02, 0x25, 0x02, 0x25, 0x02, 0x25, 
	0x02, 0x25, 0x02, 0x25, 0x02, 0x25, 0x02, 0x25, 
	0x02, 0x25, 0x02, 0x25, 0x02, 0x25, 0x02, 0x25, 
	0x02, 0x23, 0x02, 0x23, 0x02, 0x23, 0x02, 0x23, 
	0x02, 0x23, 0x02, 0x23, 0x02, 0x23, 0x02, 0x23, 
	0x02, 0x23, 0x02, 0x23, 0x02, 0x23, 0x02, 0x23, 
	0x02, 0x23, 0x02, 0x23, 0x02, 0x23, 0x02, 0x23, 
	0x02, 0x23, 0x02, 0x23, 0x02, 0x23, 0x02, 0x23, 
	0x02, 0x23, 0x02, 0x23, 0x02, 0x23, 0x02, 0x23, 
	0x02, 0x23, 0x02, 0x23, 0x02, 0x23, 0x02, 0x23, 
	0x02, 0x23, 0x02, 0x23, 0x02, 0x23, 0x02, 0x23, 
	0x02, 0x23, 0x02, 0x23, 0x02, 0x23, 0x02, 0x23, 
	0x02, 0x25, 0x02, 0x25, 0x02, 0x25, 0x02, 0x25, 
	0x02, 0x25, 0x02, 0x25, 0x02, 0x25, 0x02, 0x25, 
	0x02, 0x25, 0x02, 0x25, 0x02, 0x25, 0x02, 0x25, 
	0x02, 0x25, 0x02, 0x25, 0x02, 0x25, 0x02, 0x25, 
	0x02, 0x25, 0x02, 0x25, 0x02, 0x25, 0x02, 0x25, 
	0x02, 0x25, 0x02, 0x25, 0x02, 0x25, 0x02, 0x25, 
	0x02, 0x25, 0x02, 0x25, 0x02, 0x25, 0x02, 0x25, 
	0x02, 0x25, 0x02, 0x25, 0x02, 0x25, 0x02, 0x25, 
	0x02, 0x25, 0x02, 0x25, 0x02, 0x25, 0x02, 0x25, 
	0x02, 0x25, 0x02, 0x25, 0x02, 0x25, 0x02, 0x25, 
	0x02, 0x25, 0x02, 0x25, 0x02, 0x25, 0x02, 0x25, 
	0x0a, 0x27, 0x0a, 0x27, 0x0a, 0x27, 0x0a, 0x27, 
	0x0a, 0x27, 0x0a, 0x67, 0x0a, 0x67, 0x0a, 0x67, 
	0x0a, 0x67, 0x0a, 0x67, 0x0a, 0x67, 0x0a, 0x27, 
	0x0a, 0x27, 0x0a, 0x27, 0x0a, 0x27, 0x0a, 0x27, 
	0x0a, 0x27, 0x0a, 0x27, 0x0a, 0x27, 0x0a, 0x27, 
	0x0a, 0x27, 0x0a, 0x27, 0x0a, 0x27, 0x0a, 0x27, 
	0x0a, 0x27, 0x0a, 0x27, 0x0a, 0x27, 0x0a, 0x27, 
	0x0a, 0x29, 0x0a, 0x29, 0x0a, 0x29, 0x0a, 0x29, 
	0x0a, 0x29, 0x0a, 0x29, 0x0a, 0x29, 0x0a, 0x29, 
	0x0a, 0x27, 0x0a, 0x27, 0x0a, 0x27, 0x0a, 0x27, 
	0x0a, 0x69, 0x0a, 0x69, 0x0a, 0x69, 0x0a, 0x69, 
	0x0a, 0x27, 0x0a, 0x27, 0x0a, 0x27, 0x0a, 0x27, 
	0x0a, 0x27, 0x0a, 0x27, 0x0a, 0x27, 0x0a, 0x27, 
	0x0a, 0x27, 0x0a, 0x27, 0x0a, 0x27, 0x0a, 0x27, 
	0x0a, 0x27, 0x0a, 0x27, 0x0a, 0x27, 0x0a, 0x27, 
	0x0a, 0x27, 0x0a, 0x27, 0x0a, 0x27, 0x0a, 0x69, 
	0x09, 0xe5, 0x09, 0xe5, 0x95, 0xf7, 0xd7, 0xff, 
	0xa6, 0xbb, 0x44, 0x31, 0x44, 0x31, 0x44, 0x31, 
	0x4c, 0x2f, 0x4c, 0x2f, 0x43, 0xed, 0x4c, 0x2f, 
	0x43, 0xad, 0x43, 0xad, 0x43, 0xad, 0x43, 0xad, 
	0x3b, 0xab, 0x3b, 0xab, 0x3b, 0xab, 0x3b, 0x6b, 
	0x33, 0x29, 0x33, 0x29, 0x33, 0x29, 0x33, 0x29, 
	0x2a, 0xe7, 0x2a, 0xe7, 0x2a, 0xe7, 0x2a, 0xe7, 
	0x2a, 0xe7, 0x2a, 0xe7, 0x2b, 0x27, 0x2b, 0x27, 
	0x2a, 0xe7, 0x2b, 0x29, 0x2b, 0x29, 0x2b, 0x29, 
	0x33, 0x29, 0x33, 0x29, 0x2b, 0x29, 0x2b, 0x2b, 
	0x2b, 0x2b, 0x2b, 0x2b, 0x2b, 0x2b, 0x33, 0x2b, 
	0x1a, 0xa7, 0x02, 0x25, 0x02, 0x25, 0x02, 0x25, 
	0x02, 0x25, 0x02, 0x25, 0x02, 0x25, 0x02, 0x25, 
	0x02, 0x25, 0x02, 0x25, 0x02, 0x25, 0x02, 0x25, 
	0x02, 0x25, 0x02, 0x25, 0x02, 0x25, 0x02, 0x25, 
	0x02, 0x25, 0x02, 0x25, 0x02, 0x25, 0x02, 0x25, 
	0x01, 0xe5, 0x01, 0xe5, 0x01, 0xe5, 0x01, 0xe5, 
	0x02, 0x25, 0x01, 0xe5, 0x01, 0xe5, 0x01, 0xe5, 
	0x01, 0xe5, 0x01, 0xe5, 0x01, 0xe5, 0x01, 0xe5, 
	0x01, 0xe5, 0x01, 0xe5, 0x01, 0xe5, 0x01, 0xe5, 
	0x01, 0xe5, 0x01, 0xe5, 0x01, 0xe5, 0x01, 0xe5, 
	0x01, 0xe5, 0x01, 0xe5, 0x01, 0xe5, 0x01, 0xe5, 
	0x01, 0xe3, 0x02, 0x25, 0x02, 0x25, 0x02, 0x25, 
	0x01, 0xe3, 0x02, 0x25, 0x02, 0x25, 0x02, 0x25, 
	0x01, 0xe3, 0x02, 0x23, 0x02, 0x23, 0x02, 0x23, 
	0x02, 0x25, 0x01, 0xe3, 0x02, 0x25, 0x02, 0x25, 
	0x02, 0x25, 0x02, 0x25, 0x02, 0x25, 0x02, 0x25, 
	0x02, 0x25, 0x02, 0x25, 0x02, 0x25, 0x02, 0x25, 
	0x02, 0x25, 0x02, 0x23, 0x02, 0x23, 0x02, 0x23, 
	0x02, 0x23, 0x02, 0x23, 0x02, 0x23, 0x02, 0x23, 
	0x02, 0x23, 0x02, 0x25, 0x02, 0x23, 0x02, 0x23, 
	0x02, 0x23, 0x02, 0x23, 0x02, 0x23, 0x02, 0x23, 
	0x02, 0x23, 0x02, 0x23, 0x02, 0x23, 0x02, 0x23, 
	0x02, 0x23, 0x02, 0x23, 0x02, 0x23, 0x02, 0x23, 
	0x02, 0x23, 0x02, 0x23, 0x02, 0x23, 0x02, 0x23, 
	0x02, 0x23, 0x02, 0x23, 0x02, 0x23, 0x02, 0x23, 
	0x02, 0x23, 0x02, 0x23, 0x02, 0x23, 0x02, 0x23, 
	0x02, 0x25, 0x02, 0x25, 0x02, 0x25, 0x02, 0x25, 
	0x02, 0x25, 0x02, 0x25, 0x02, 0x25, 0x02, 0x25, 
	0x02, 0x25, 0x02, 0x25, 0x02, 0x25, 0x02, 0x25, 
	0x02, 0x25, 0x02, 0x25, 0x02, 0x25, 0x02, 0x25, 
	0x02, 0x25, 0x02, 0x25, 0x02, 0x25, 0x02, 0x25, 
	0x02, 0x25, 0x02, 0x25, 0x02, 0x25, 0x02, 0x25, 
	0x02, 0x25, 0x02, 0x25, 0x02, 0x25, 0x02, 0x25, 
	0x02, 0x25, 0x0a, 0x67, 0x0a, 0x67, 0x0a, 0x67, 
	0x02, 0x25, 0x02, 0x25, 0x02, 0x25, 0x02, 0x25, 
	0x02, 0x25, 0x0a, 0x27, 0x02, 0x25, 0x02, 0x25, 
	0x0a, 0x27, 0x0a, 0x27, 0x0a, 0x27, 0x02, 0x25, 
	0x0a, 0x27, 0x0a, 0x27, 0x0a, 0x27, 0x0a, 0x27, 
	0x0a, 0x67, 0x0a, 0x67, 0x0a, 0x67, 0x0a, 0x67, 
	0x0a, 0x67, 0x0a, 0x67, 0x0a, 0x67, 0x0a, 0x27, 
	0x0a, 0x67, 0x0a, 0x67, 0x0a, 0x27, 0x0a, 0x27, 
	0x0a, 0x27, 0x0a, 0x27, 0x0a, 0x27, 0x0a, 0x27, 
	0x0a, 0x27, 0x0a, 0x27, 0x0a, 0x27, 0x0a, 0x27, 
	0x0a, 0x27, 0x0a, 0x27, 0x0a, 0x27, 0x0a, 0x27, 
	0x0a, 0x29, 0x0a, 0x29, 0x0a, 0x29, 0x0a, 0x29, 
	0x0a, 0x29, 0x0a, 0x29, 0x0a, 0x29, 0x0a, 0x69, 
	0x0a, 0x69, 0x0a, 0x27, 0x0a, 0x27, 0x0a, 0x27, 
	0x0a, 0x69, 0x0a, 0x69, 0x0a, 0x69, 0x0a, 0x69, 
	0x0a, 0x27, 0x0a, 0x27, 0x0a, 0x27, 0x0a, 0x27, 
	0x0a, 0x27, 0x0a, 0x27, 0x0a, 0x69, 0x0a, 0x27, 
	0x0a, 0x27, 0x0a, 0x27, 0x0a, 0x27, 0x0a, 0x69, 
	0x0a, 0x69, 0x0a, 0x69, 0x0a, 0x69, 0x0a, 0x27, 
	0x0a, 0x69, 0x0a, 0x27, 0x0a, 0x69, 0x0a, 0x69, 
	0x09, 0xe5, 0x4b, 0xed, 0xd7, 0xff, 0xd7, 0xff, 
	0xd7, 0xff, 0xa6, 0xbb, 0x75, 0x75, 0x44, 0x31, 
	0x4c, 0x31, 0x4c, 0x31, 0x4c, 0x2f, 0x4c, 0x31, 
	0x4c, 0x2f, 0x4c, 0x2f, 0x43, 0xad, 0x43, 0xad, 
	0x3b, 0xab, 0x3b, 0xab, 0x3b, 0xab, 0x3b, 0x6b, 
	0x33, 0x29, 0x33, 0x29, 0x33, 0x29, 0x33, 0x29, 
	0x2a, 0xe7, 0x2a, 0xe7, 0x2a, 0xe7, 0x2a, 0xe7, 
	0x2a, 0xe7, 0x2a, 0xe7, 0x2a, 0xe7, 0x2a, 0xe7, 
	0x2a, 0xe7, 0x2b, 0x29, 0x2b, 0x29, 0x2b, 0x29, 
	0x33, 0x29, 0x33, 0x29, 0x2b, 0x29, 0x2b, 0x29, 
	0x2b, 0x2b, 0x2b, 0x2b, 0x2b, 0x2b, 0x33, 0x2b, 
	0x22, 0xe9, 0x02, 0x25, 0x02, 0x25, 0x02, 0x25, 
	0x02, 0x25, 0x02, 0x25, 0x02, 0x25, 0x02, 0x25, 
	0x02, 0x25, 0x02, 0x25, 0x02, 0x25, 0x02, 0x25, 
	0x02, 0x25, 0x02, 0x25, 0x02, 0x25, 0x02, 0x25, 
	0x02, 0x25, 0x02, 0x25, 0x02, 0x25, 0x02, 0x25, 
	0x02, 0x25, 0x02, 0x25, 0x02, 0x25, 0x02, 0x25, 
	0x02, 0x25, 0x02, 0x25, 0x02, 0x25, 0x01, 0xe5, 
	0x01, 0xe5, 0x01, 0xe5, 0x01, 0xe5, 0x01, 0xe5, 
	0x01, 0xe5, 0x01, 0xe5, 0x01, 0xe5, 0x01, 0xe5, 
	0x01, 0xe5, 0x01, 0xe5, 0x01, 0xe5, 0x01, 0xe5, 
	0x01, 0xe5, 0x01, 0xe5, 0x01, 0xe5, 0x01, 0xe5, 
	0x02, 0x25, 0x01, 0xe3, 0x02, 0x25, 0x02, 0x25, 
	0x02, 0x25, 0x02, 0x25, 0x02, 0x25, 0x02, 0x25, 
	0x02, 0x23, 0x02, 0x23, 0x02, 0x23, 0x02, 0x23, 
	0x02, 0x25, 0x02, 0x25, 0x02, 0x25, 0x02, 0x25, 
	0x02, 0x25, 0x02, 0x25, 0x02, 0x25, 0x02, 0x25, 
	0x02, 0x25, 0x02, 0x25, 0x02, 0x25, 0x02, 0x25, 
	0x02, 0x25, 0x02, 0x23, 0x02, 0x23, 0x02, 0x25, 
	0x02, 0x23, 0x02, 0x23, 0x02, 0x23, 0x02, 0x23, 
	0x02, 0x23, 0x02, 0x23, 0x02, 0x23, 0x02, 0x23, 
	0x02, 0x23, 0x02, 0x23, 0x02, 0x23, 0x02, 0x23, 
	0x02, 0x23, 0x02, 0x23, 0x02, 0x23, 0x02, 0x23, 
	0x02, 0x23, 0x02, 0x23, 0x02, 0x23, 0x02, 0x23, 
	0x02, 0x23, 0x02, 0x23, 0x02, 0x23, 0x02, 0x23, 
	0x02, 0x23, 0x02, 0x23, 0x02, 0x23, 0x02, 0x23, 
	0x02, 0x23, 0x02, 0x23, 0x02, 0x23, 0x02, 0x25, 
	0x02, 0x25, 0x02, 0x25, 0x02, 0x25, 0x02, 0x25, 
	0x02, 0x25, 0x02, 0x25, 0x02, 0x25, 0x02, 0x25, 
	0x02, 0x25, 0x02, 0x25, 0x02, 0x25, 0x02, 0x25, 
	0x02, 0x25, 0x02, 0x25, 0x02, 0x25, 0x02, 0x25, 
	0x02, 0x25, 0x02, 0x25, 0x02, 0x25, 0x02, 0x25, 
	0x02, 0x25, 0x02, 0x25, 0x02, 0x25, 0x02, 0x25, 
	0x02, 0x25, 0x02, 0x25, 0x02, 0x25, 0x0a, 0x65, 
	0x0a, 0x67, 0x0a, 0x67, 0x02, 0x25, 0x02, 0x25, 
	0x02, 0x25, 0x02, 0x25, 0x02, 0x25, 0x0a, 0x67, 
	0x0a, 0x27, 0x0a, 0x27, 0x0a, 0x27, 0x0a, 0x27, 
	0x0a, 0x27, 0x0a, 0x27, 0x0a, 0x27, 0x02, 0x25, 
	0x0a, 0x27, 0x0a, 0x27, 0x0a, 0x27, 0x0a, 0x69, 
	0x0a, 0x67, 0x0a, 0x67, 0x0a, 0x67, 0x0a, 0x67, 
	0x0a, 0x67, 0x0a, 0x67, 0x0a, 0x67, 0x0a, 0x67, 
	0x0a, 0x67, 0x0a, 0x67, 0x0a, 0x67, 0x0a, 0x67, 
	0x0a, 0x27, 0x0a, 0x27, 0x0a, 0x27, 0x0a, 0x27, 
	0x0a, 0x27, 0x0a, 0x27, 0x0a, 0x27, 0x0a, 0x27, 
	0x0a, 0x27, 0x0a, 0x27, 0x0a, 0x27, 0x0a, 0x69, 
	0x0a, 0x69, 0x0a, 0x69, 0x0a, 0x69, 0x0a, 0x69, 
	0x0a, 0x69, 0x0a, 0x69, 0x0a, 0x69, 0x0a, 0x69, 
	0x0a, 0x69, 0x0a, 0x69, 0x0a, 0x69, 0x0a, 0x69, 
	0x0a, 0x69, 0x0a, 0x69, 0x0a, 0x69, 0x0a, 0x69, 
	0x0a, 0x69, 0x0a, 0x69, 0x0a, 0x69, 0x0a, 0x69, 
	0x0a, 0x69, 0x0a, 0x69, 0x0a, 0x69, 0x0a, 0x69, 
	0x0a, 0x27, 0x0a, 0x27, 0x0a, 0x69, 0x0a, 0x69, 
	0x0a, 0x27, 0x0a, 0x69, 0x0a, 0x27, 0x0a, 0x69, 
	0x0a, 0x69, 0x0a, 0x69, 0x0a, 0x27, 0x0a, 0x69, 
	0x09, 0xe5, 0x95, 0xf7, 0xd7, 0xff, 0xd7, 0xff, 
	0xd7, 0xff, 0xd7, 0xff, 0xa6, 0xbb, 0x75, 0x75, 
	0x54, 0x73, 0x4c, 0x31, 0x4c, 0x31, 0x4c, 0x31, 
	0x43, 0xed, 0x4c, 0x2f, 0x43, 0xad, 0x43, 0xad, 
	0x3b, 0xab, 0x3b, 0xab, 0x3b, 0x6b, 0x3b, 0x6b, 
	0x3b, 0x6b, 0x33, 0x29, 0x33, 0x29, 0x33, 0x29, 
	0x2b, 0x29, 0x2a, 0xe7, 0x2a, 0xe7, 0x2a, 0xe7, 
	0x2a, 0xe7, 0x2a, 0xe7, 0x2a, 0xe7, 0x2a, 0xe7, 
	0x2a, 0xe7, 0x2b, 0x29, 0x2b, 0x29, 0x2b, 0x29, 
	0x33, 0x29, 0x2b, 0x29, 0x2b, 0x2b, 0x2b, 0x2b, 
	0x2b, 0x2b, 0x2b, 0x2b, 0x2b, 0x2b, 0x2b, 0x2b, 
	0x0a, 0x67, 0x02, 0x25, 0x02, 0x25, 0x02, 0x25, 
	0x02, 0x25, 0x02, 0x25, 0x02, 0x25, 0x02, 0x25, 
	0x02, 0x25, 0x02, 0x25, 0x02, 0x25, 0x02, 0x25, 
	0x02, 0x25, 0x02, 0x25, 0x02, 0x25, 0x02, 0x25, 
	0x02, 0x25, 0x02, 0x25, 0x02, 0x25, 0x02, 0x25, 
	0x02, 0x25, 0x02, 0x25, 0x02, 0x25, 0x02, 0x25, 
	0x02, 0x25, 0x02, 0x25, 0x01, 0xe5, 0x01, 0xe5, 
	0x02, 0x25, 0x01, 0xe5, 0x02, 0x25, 0x02, 0x25, 
	0x01, 0xe5, 0x01, 0xe5, 0x01, 0xe5, 0x01, 0xe5, 
	0x01, 0xe5, 0x01, 0xe5, 0x01, 0xe5, 0x01, 0xe5, 
	0x02, 0x25, 0x01, 0xe5, 0x02, 0x25, 0x01, 0xe5, 
	0x02, 0x25, 0x02, 0x25, 0x01, 0xe3, 0x02, 0x25, 
	0x02, 0x25, 0x02, 0x25, 0x02, 0x25, 0x02, 0x25, 
	0x02, 0x23, 0x02, 0x23, 0x02, 0x23, 0x02, 0x23, 
	0x02, 0x25, 0x02, 0x25, 0x02, 0x25, 0x02, 0x25, 
	0x02, 0x25, 0x02, 0x25, 0x02, 0x25, 0x02, 0x25, 
	0x02, 0x25, 0x02, 0x25, 0x02, 0x25, 0x02, 0x25, 
	0x02, 0x23, 0x02, 0x25, 0x02, 0x25, 0x02, 0x25, 
	0x02, 0x23, 0x02, 0x23, 0x02, 0x23, 0x02, 0x23, 
	0x02, 0x25, 0x02, 0x25, 0x02, 0x25, 0x02, 0x23, 
	0x02, 0x23, 0x02, 0x23, 0x02, 0x23, 0x02, 0x23, 
	0x02, 0x23, 0x02, 0x23, 0x02, 0x23, 0x02, 0x23, 
	0x02, 0x23, 0x02, 0x23, 0x02, 0x23, 0x02, 0x23, 
	0x02, 0x23, 0x02, 0x23, 0x02, 0x23, 0x02, 0x23, 
	0x02, 0x25, 0x02, 0x23, 0x02, 0x25, 0x02, 0x25, 
	0x02, 0x23, 0x02, 0x25, 0x02, 0x25, 0x02, 0x23, 
	0x02, 0x25, 0x02, 0x25, 0x02, 0x25, 0x02, 0x25, 
	0x02, 0x25, 0x02, 0x25, 0x02, 0x25, 0x02, 0x25, 
	0x02, 0x25, 0x02, 0x25, 0x02, 0x25, 0x02, 0x25, 
	0x0a, 0x65, 0x0a, 0x65, 0x02, 0x25, 0x0a, 0x65, 
	0x02, 0x25, 0x02, 0x25, 0x02, 0x25, 0x02, 0x25, 
	0x02, 0x25, 0x02, 0x25, 0x02, 0x25, 0x02, 0x25, 
	0x0a, 0x65, 0x0a, 0x65, 0x0a, 0x65, 0x0a, 0x65, 
	0x0a, 0x67, 0x0a, 0x67, 0x02, 0x25, 0x02, 0x25, 
	0x02, 0x25, 0x02, 0x25, 0x0a, 0x67, 0x0a, 0x67, 
	0x0a, 0x27, 0x0a, 0x27, 0x0a, 0x27, 0x0a, 0x27, 
	0x0a, 0x27, 0x0a, 0x27, 0x0a, 0x27, 0x0a, 0x27, 
	0x0a, 0x27, 0x0a, 0x27, 0x0a, 0x69, 0x0a, 0x69, 
	0x0a, 0x69, 0x0a, 0x69, 0x0a, 0x69, 0x0a, 0x69, 
	0x0a, 0x69, 0x0a, 0x69, 0x0a, 0x69, 0x0a, 0x67, 
	0x0a, 0x69, 0x0a, 0x69, 0x0a, 0x69, 0x0a, 0x69, 
	0x0a, 0x69, 0x0a, 0x29, 0x0a, 0x29, 0x0a, 0x29, 
	0x0a, 0x29, 0x0a, 0x29, 0x0a, 0x29, 0x0a, 0x29, 
	0x0a, 0x29, 0x0a, 0x29, 0x0a, 0x69, 0x0a, 0x69, 
	0x0a, 0x69, 0x0a, 0x69, 0x0a, 0x69, 0x0a, 0x69, 
	0x0a, 0x69, 0x0a, 0x69, 0x0a, 0x69, 0x0a, 0x69, 
	0x0a, 0x69, 0x0a, 0x69, 0x0a, 0x69, 0x0a, 0x69, 
	0x0a, 0x69, 0x0a, 0x69, 0x0a, 0x69, 0x0a, 0x69, 
	0x0a, 0x69, 0x0a, 0x69, 0x0a, 0x69, 0x0a, 0x69, 
	0x0a, 0x69, 0x0a, 0x69, 0x0a, 0x69, 0x0a, 0x69, 
	0x0a, 0x69, 0x0a, 0x69, 0x0a, 0x69, 0x0a, 0x69, 
	0x0a, 0x69, 0x0a, 0x69, 0x0a, 0x69, 0x0a, 0x69, 
	0x0a, 0x69, 0x0a, 0x69, 0x0a, 0x27, 0x0a, 0x69, 
	0x01, 0xe7, 0x3b, 0xef, 0xaf, 0xbf, 0xaf, 0xbf, 
	0xcf, 0xff, 0xcf, 0xff, 0xcf, 0xff, 0x6d, 0x79, 
	0x75, 0x79, 0x75, 0x79, 0x4c, 0x73, 0x4c, 0x73, 
	0x4c, 0x2f, 0x43, 0xef, 0x43, 0xef, 0x43, 0xad, 
	0x3b, 0xab, 0x3b, 0x6b, 0x33, 0x69, 0x3b, 0x6b, 
	0x3b, 0x6b, 0x33, 0x69, 0x33, 0x29, 0x33, 0x29, 
	0x33, 0x29, 0x2b, 0x27, 0x2b, 0x27, 0x2a, 0xe7, 
	0x2a, 0xe7, 0x2a, 0xe7, 0x2a, 0xe7, 0x2a, 0xe7, 
	0x2a, 0xe7, 0x2b, 0x29, 0x33, 0x29, 0x33, 0x29, 
	0x2b, 0x29, 0x2a, 0xe9, 0x2a, 0xe9, 0x2b, 0x29, 
	0x2b, 0x29, 0x2b, 0x29, 0x2b, 0x29, 0x2b, 0x29, 
	0x1a, 0xa7, 0x02, 0x25, 0x02, 0x25, 0x02, 0x25, 
	0x02, 0x25, 0x02, 0x25, 0x02, 0x25, 0x02, 0x25, 
	0x02, 0x25, 0x02, 0x25, 0x02, 0x25, 0x02, 0x25, 
	0x02, 0x25, 0x02, 0x25, 0x02, 0x25, 0x02, 0x25, 
	0x01, 0xe5, 0x01, 0xe5, 0x01, 0xe5, 0x01, 0xe5, 
	0x02, 0x27, 0x02, 0x27, 0x02, 0x27, 0x02, 0x27, 
	0x02, 0x25, 0x02, 0x25, 0x02, 0x25, 0x02, 0x25, 
	0x02, 0x25, 0x02, 0x25, 0x02, 0x25, 0x02, 0x25, 
	0x01, 0xe5, 0x01, 0xe5, 0x01, 0xe5, 0x01, 0xe5, 
	0x01, 0xe5, 0x01, 0xe5, 0x01, 0xe5, 0x02, 0x25, 
	0x02, 0x25, 0x01, 0xe5, 0x01, 0xe5, 0x01, 0xe5, 
	0x02, 0x25, 0x02, 0x25, 0x01, 0xe5, 0x02, 0x25, 
	0x02, 0x25, 0x02, 0x25, 0x02, 0x25, 0x02, 0x25, 
	0x02, 0x25, 0x02, 0x25, 0x02, 0x25, 0x02, 0x25, 
	0x02, 0x25, 0x02, 0x25, 0x02, 0x25, 0x02, 0x25, 
	0x02, 0x25, 0x02, 0x25, 0x02, 0x25, 0x02, 0x25, 
	0x02, 0x25, 0x02, 0x25, 0x02, 0x25, 0x02, 0x25, 
	0x0a, 0x65, 0x0a, 0x65, 0x02, 0x25, 0x02, 0x25, 
	0x02, 0x23, 0x02, 0x23, 0x0a, 0x65, 0x02, 0x23, 
	0x02, 0x23, 0x02, 0x23, 0x02, 0x23, 0x02, 0x23, 
	0x02, 0x23, 0x0a, 0x23, 0x02, 0x23, 0x02, 0x23, 
	0x0a, 0x23, 0x02, 0x23, 0x0a, 0x23, 0x02, 0x23, 
	0x02, 0x23, 0x02, 0x23, 0x02, 0x23, 0x02, 0x23, 
	0x02, 0x25, 0x02, 0x25, 0x02, 0x25, 0x02, 0x25, 
	0x0a, 0x25, 0x02, 0x25, 0x02, 0x25, 0x02, 0x25, 
	0x02, 0x25, 0x02, 0x25, 0x02, 0x25, 0x02, 0x25, 
	0x02, 0x25, 0x02, 0x25, 0x02, 0x25, 0x02, 0x25, 
	0x02, 0x25, 0x02, 0x25, 0x02, 0x25, 0x02, 0x25, 
	0x0a, 0x25, 0x02, 0x25, 0x02, 0x25, 0x02, 0x25, 
	0x0a, 0x25, 0x0a, 0x25, 0x0a, 0x25, 0x0a, 0x25, 
	0x0a, 0x27, 0x02, 0x25, 0x0a, 0x27, 0x0a, 0x27, 
	0x0a, 0x25, 0x0a, 0x25, 0x0a, 0x25, 0x0a, 0x25, 
	0x0a, 0x25, 0x0a, 0x27, 0x0a, 0x27, 0x0a, 0x27, 
	0x0a, 0x27, 0x0a, 0x27, 0x0a, 0x27, 0x0a, 0x27, 
	0x0a, 0x27, 0x0a, 0x27, 0x0a, 0x27, 0x0a, 0x27, 
	0x0a, 0x27, 0x0a, 0x27, 0x0a, 0x27, 0x0a, 0x27, 
	0x0a, 0x27, 0x0a, 0x27, 0x0a, 0x27, 0x0a, 0x27, 
	0x0a, 0x27, 0x0a, 0x27, 0x0a, 0x69, 0x0a, 0x69, 
	0x0a, 0x69, 0x0a, 0x69, 0x0a, 0x69, 0x0a, 0x69, 
	0x0a, 0x69, 0x0a, 0x69, 0x0a, 0x69, 0x0a, 0x69, 
	0x0a, 0x69, 0x0a, 0x69, 0x0a, 0x69, 0x0a, 0x69, 
	0x0a, 0x69, 0x0a, 0x69, 0x0a, 0x69, 0x0a, 0x69, 
	0x0a, 0x69, 0x0a, 0x69, 0x0a, 0x69, 0x0a, 0x69, 
	0x0a, 0x69, 0x0a, 0x69, 0x0a, 0x69, 0x0a, 0x69, 
	0x0a, 0x69, 0x0a, 0x69, 0x0a, 0x69, 0x0a, 0x69, 
	0x0a, 0x69, 0x0a, 0x69, 0x0a, 0x69, 0x0a, 0x69, 
	0x0a, 0x69, 0x0a, 0x69, 0x0a, 0x69, 0x0a, 0x69, 
	0x0a, 0x69, 0x0a, 0x69, 0x0a, 0x69, 0x0a, 0x69, 
	0x0a, 0x69, 0x0a, 0x69, 0x0a, 0x69, 0x0a, 0x69, 
	0x0a, 0x69, 0x0a, 0x69, 0x0a, 0x69, 0x0a, 0x69, 
	0x0a, 0x69, 0x0a, 0x69, 0x0a, 0x69, 0x0a, 0x69, 
	0x0a, 0x69, 0x0a, 0x69, 0x0a, 0x69, 0x0a, 0x69, 
	0x0a, 0x69, 0x0a, 0x69, 0x0a, 0x69, 0x0a, 0x69, 
	0x01, 0xe7, 0x01, 0xe7, 0x75, 0xb7, 0xaf, 0xbf, 
	0xcf, 0xff, 0xcf, 0xff, 0x8e, 0x3b, 0x6d, 0x79, 
	0x85, 0xfb, 0x75, 0x79, 0x4c, 0x73, 0x4c, 0x73, 
	0x4c, 0x31, 0x43, 0xef, 0x43, 0xef, 0x43, 0xad, 
	0x3b, 0xab, 0x3b, 0x6b, 0x33, 0x69, 0x3b, 0x6b, 
	0x3b, 0x6b, 0x33, 0x69, 0x33, 0x29, 0x2b, 0x27, 
	0x33, 0x29, 0x33, 0x29, 0x2b, 0x27, 0x2a, 0xe7, 
	0x2a, 0xe7, 0x2a, 0xe7, 0x2a, 0xe7, 0x2a, 0xe7, 
	0x2a, 0xe7, 0x2a, 0xe7, 0x2b, 0x29, 0x33, 0x29, 
	0x2b, 0x29, 0x2a, 0xe9, 0x2a, 0xe9, 0x2a, 0xe9, 
	0x2a, 0xe9, 0x2a, 0xe9, 0x2a, 0xe9, 0x2a, 0xe9, 
	0x22, 0xe9, 0x0a, 0x67, 0x02, 0x25, 0x02, 0x25, 
	0x02, 0x25, 0x02, 0x25, 0x02, 0x25, 0x02, 0x25, 
	0x02, 0x25, 0x02, 0x25, 0x02, 0x25, 0x02, 0x25, 
	0x02, 0x25, 0x02, 0x25, 0x02, 0x25, 0x02, 0x25, 
	0x01, 0xe5, 0x01, 0xe5, 0x01, 0xe5, 0x01, 0xe5, 
	0x02, 0x27, 0x02, 0x27, 0x02, 0x27, 0x02, 0x27, 
	0x02, 0x25, 0x02, 0x25, 0x02, 0x25, 0x02, 0x25, 
	0x02, 0x25, 0x02, 0x25, 0x02, 0x25, 0x02, 0x25, 
	0x02, 0x25, 0x02, 0x25, 0x02, 0x25, 0x02, 0x25, 
	0x02, 0x25, 0x02, 0x25, 0x02, 0x25, 0x02, 0x25, 
	0x01, 0xe5, 0x02, 0x25, 0x02, 0x25, 0x02, 0x25, 
	0x02, 0x25, 0x02, 0x25, 0x02, 0x25, 0x02, 0x25, 
	0x02, 0x25, 0x02, 0x25, 0x02, 0x25, 0x02, 0x25, 
	0x02, 0x25, 0x02, 0x25, 0x02, 0x25, 0x02, 0x25, 
	0x02, 0x25, 0x02, 0x25, 0x02, 0x25, 0x02, 0x25, 
	0x0a, 0x65, 0x0a, 0x65, 0x0a, 0x65, 0x0a, 0x65, 
	0x02, 0x65, 0x02, 0x65, 0x0a, 0x65, 0x0a, 0x65, 
	0x0a, 0x65, 0x0a, 0x65, 0x0a, 0x65, 0x0a, 0x65, 
	0x02, 0x23, 0x02, 0x23, 0x0a, 0x65, 0x02, 0x23, 
	0x0a, 0x23, 0x02, 0x23, 0x02, 0x23, 0x0a, 0x23, 
	0x02, 0x23, 0x02, 0x23, 0x02, 0x23, 0x02, 0x23, 
	0x0a, 0x23, 0x02, 0x23, 0x02, 0x23, 0x02, 0x23, 
	0x02, 0x23, 0x0a, 0x25, 0x02, 0x23, 0x02, 0x23, 
	0x02, 0x25, 0x0a, 0x65, 0x02, 0x25, 0x0a, 0x65, 
	0x02, 0x25, 0x02, 0x25, 0x02, 0x25, 0x02, 0x25, 
	0x02, 0x25, 0x02, 0x25, 0x02, 0x25, 0x02, 0x25, 
	0x02, 0x25, 0x02, 0x25, 0x02, 0x25, 0x02, 0x25, 
	0x0a, 0x25, 0x02, 0x25, 0x0a, 0x25, 0x0a, 0x25, 
	0x0a, 0x25, 0x0a, 0x25, 0x02, 0x25, 0x02, 0x25, 
	0x0a, 0x25, 0x0a, 0x25, 0x0a, 0x27, 0x0a, 0x27, 
	0x0a, 0x27, 0x0a, 0x27, 0x0a, 0x27, 0x0a, 0x27, 
	0x0a, 0x27, 0x0a, 0x27, 0x0a, 0x27, 0x0a, 0x27, 
	0x0a, 0x27, 0x0a, 0x27, 0x0a, 0x27, 0x0a, 0x27, 
	0x0a, 0x27, 0x0a, 0x27, 0x0a, 0x27, 0x0a, 0x27, 
	0x0a, 0x27, 0x0a, 0x27, 0x0a, 0x27, 0x0a, 0x27, 
	0x0a, 0x27, 0x0a, 0x27, 0x0a, 0x27, 0x0a, 0x27, 
	0x0a, 0x69, 0x0a, 0x69, 0x0a, 0x69, 0x0a, 0x69, 
	0x0a, 0x69, 0x0a, 0x69, 0x0a, 0x69, 0x0a, 0x69, 
	0x0a, 0x69, 0x0a, 0x69, 0x0a, 0x69, 0x0a, 0x69, 
	0x0a, 0x69, 0x0a, 0x69, 0x0a, 0x69, 0x0a, 0x69, 
	0x0a, 0x69, 0x0a, 0x69, 0x0a, 0x69, 0x0a, 0x69, 
	0x0a, 0x69, 0x0a, 0x69, 0x0a, 0x69, 0x0a, 0x69, 
	0x0a, 0x69, 0x0a, 0x69, 0x0a, 0x69, 0x0a, 0x69, 
	0x0a, 0x69, 0x0a, 0x69, 0x0a, 0x69, 0x0a, 0x69, 
	0x0a, 0x69, 0x0a, 0x69, 0x0a, 0x69, 0x0a, 0x69, 
	0x0a, 0x69, 0x0a, 0x6b, 0x0a, 0x69, 0x0a, 0x69, 
	0x0a, 0x69, 0x0a, 0x69, 0x0a, 0x69, 0x0a, 0x6b, 
	0x0a, 0x69, 0x0a, 0x69, 0x0a, 0x69, 0x0a, 0x6b, 
	0x0a, 0x69, 0x0a, 0x69, 0x0a, 0x69, 0x0a, 0x69, 
	0x0a, 0x69, 0x0a, 0x69, 0x0a, 0x69, 0x0a, 0x69, 
	0x0a, 0x69, 0x0a, 0x69, 0x0a, 0x69, 0x0a, 0x69, 
	0x0a, 0x69, 0x0a, 0x69, 0x0a, 0x69, 0x0a, 0x69, 
	0x0a, 0x69, 0x0a, 0x69, 0x0a, 0x69, 0x0a, 0x69, 
	0x01, 0xe7, 0x01, 0xe7, 0x75, 0xb7, 0xaf, 0xbf, 
	0x8e, 0x3b, 0x6d, 0x79, 0x6d, 0x79, 0x6d, 0x79, 
	0x5c, 0xf5, 0x5c, 0xf5, 0x4c, 0x73, 0x4c, 0x73, 
	0x4c, 0x31, 0x43, 0xef, 0x43, 0xef, 0x43, 0xad, 
	0x3b, 0x6b, 0x3b, 0x6b, 0x33, 0x69, 0x33, 0x69, 
	0x3b, 0x6b, 0x33, 0x69, 0x33, 0x29, 0x33, 0x29, 
	0x33, 0x29, 0x33, 0x69, 0x33, 0x29, 0x2a, 0xe7, 
	0x2a, 0xe5, 0x2a, 0xe7, 0x2a, 0xe7, 0x2a, 0xe7, 
	0x2a, 0xe7, 0x2a, 0xe7, 0x2b, 0x29, 0x33, 0x29, 
	0x2b, 0x29, 0x2b, 0x29, 0x2b, 0x29, 0x2a, 0xe9, 
	0x2a, 0xe9, 0x2a, 0xe9, 0x2a, 0xe9, 0x2a, 0xe9, 
	0x22, 0xe9, 0x0a, 0x67, 0x02, 0x25, 0x0a, 0x67, 
	0x02, 0x25, 0x02, 0x25, 0x02, 0x25, 0x02, 0x25, 
	0x02, 0x25, 0x02, 0x25, 0x02, 0x25, 0x3b, 0xaf, 
	0x44, 0x33, 0x02, 0x25, 0x02, 0x25, 0x02, 0x25, 
	0x2b, 0x2d, 0x01, 0xe5, 0x01, 0xe5, 0x01, 0xe5, 
	0x02, 0x27, 0x02, 0x27, 0x02, 0x27, 0x02, 0x27, 
	0x02, 0x25, 0x02, 0x27, 0x02, 0x25, 0x02, 0x25, 
	0x02, 0x27, 0x02, 0x25, 0x02, 0x25, 0x02, 0x27, 
	0x02, 0x25, 0x02, 0x25, 0x02, 0x25, 0x02, 0x25, 
	0x02, 0x25, 0x02, 0x25, 0x02, 0x25, 0x02, 0x25, 
	0x02, 0x25, 0x02, 0x25, 0x02, 0x25, 0x02, 0x25, 
	0x02, 0x25, 0x02, 0x25, 0x02, 0x25, 0x02, 0x25, 
	0x02, 0x25, 0x02, 0x25, 0x02, 0x25, 0x02, 0x25, 
	0x02, 0x25, 0x02, 0x25, 0x02, 0x25, 0x02, 0x25, 
	0x02, 0x25, 0x02, 0x25, 0x02, 0x25, 0x02, 0x25, 
	0x0a, 0x65, 0x0a, 0x65, 0x0a, 0x65, 0x0a, 0x65, 
	0x0a, 0x65, 0x0a, 0x65, 0x0a, 0x65, 0x0a, 0x65, 
	0x0a, 0x65, 0x0a, 0x65, 0x0a, 0x65, 0x0a, 0x65, 
	0x0a, 0x65, 0x0a, 0x65, 0x0a, 0x65, 0x0a, 0x65, 
	0x02, 0x23, 0x02, 0x23, 0x0a, 0x23, 0x0a, 0x23, 
	0x0a, 0x23, 0x0a, 0x23, 0x0a, 0x23, 0x0a, 0x23, 
	0x0a, 0x23, 0x02, 0x23, 0x02, 0x23, 0x0a, 0x23, 
	0x0a, 0x25, 0x0a, 0x25, 0x0a, 0x25, 0x02, 0x23, 
	0x0a, 0x65, 0x02, 0x25, 0x02, 0x25, 0x02, 0x25, 
	0x02, 0x25, 0x02, 0x25, 0x0a, 0x25, 0x0a, 0x25, 
	0x0a, 0x25, 0x02, 0x25, 0x02, 0x25, 0x02, 0x25, 
	0x02, 0x25, 0x02, 0x25, 0x0a, 0x25, 0x0a, 0x25, 
	0x0a, 0x25, 0x02, 0x25, 0x0a, 0x25, 0x0a, 0x25, 
	0x0a, 0x25, 0x0a, 0x25, 0x02, 0x25, 0x0a, 0x25, 
	0x0a, 0x25, 0x0a, 0x27, 0x0a, 0x27, 0x0a, 0x27, 
	0x0a, 0x27, 0x0a, 0x27, 0x0a, 0x27, 0x0a, 0x27, 
	0x0a, 0x27, 0x0a, 0x27, 0x0a, 0x27, 0x0a, 0x27, 
	0x0a, 0x27, 0x0a, 0x27, 0x0a, 0x27, 0x0a, 0x27, 
	0x0a, 0x27, 0x0a, 0x27, 0x0a, 0x27, 0x0a, 0x27, 
	0x0a, 0x27, 0x0a, 0x27, 0x0a, 0x27, 0x0a, 0x27, 
	0x0a, 0x27, 0x0a, 0x27, 0x0a, 0x27, 0x0a, 0x69, 
	0x0a, 0x69, 0x0a, 0x69, 0x0a, 0x69, 0x0a, 0x69, 
	0x0a, 0x69, 0x0a, 0x69, 0x0a, 0x69, 0x0a, 0x69, 
	0x0a, 0x69, 0x0a, 0x69, 0x0a, 0x69, 0x0a, 0x69, 
	0x0a, 0x69, 0x0a, 0x69, 0x0a, 0x69, 0x0a, 0x69, 
	0x0a, 0x69, 0x0a, 0x69, 0x0a, 0x69, 0x0a, 0x69, 
	0x0a, 0x69, 0x0a, 0x69, 0x0a, 0x69, 0x0a, 0x69, 
	0x0a, 0x69, 0x0a, 0x69, 0x0a, 0x69, 0x0a, 0x69, 
	0x0a, 0x69, 0x0a, 0x69, 0x0a, 0x69, 0x0a, 0x69, 
	0x0a, 0x69, 0x0a, 0x69, 0x0a, 0x69, 0x0a, 0x6b, 
	0x0a, 0x6b, 0x0a, 0x6b, 0x0a, 0x6b, 0x0a, 0x6b, 
	0x0a, 0x6b, 0x0a, 0x6b, 0x0a, 0x6b, 0x0a, 0x6b, 
	0x0a, 0x6b, 0x0a, 0x6b, 0x0a, 0x6b, 0x0a, 0x6b, 
	0x0a, 0x69, 0x0a, 0x6b, 0x0a, 0x6b, 0x0a, 0x69, 
	0x0a, 0x69, 0x0a, 0x6b, 0x0a, 0x6b, 0x0a, 0x6b, 
	0x0a, 0x6b, 0x0a, 0x69, 0x0a, 0x69, 0x0a, 0x69, 
	0x0a, 0x69, 0x0a, 0x69, 0x0a, 0x6b, 0x0a, 0x6b, 
	0x0a, 0x69, 0x0a, 0x69, 0x0a, 0x69, 0x0a, 0x69, 
	0x01, 0xe7, 0x01, 0xe7, 0x3b, 0xef, 0xaf, 0xbf, 
	0x8e, 0x3b, 0x6d, 0x79, 0x6d, 0x79, 0x6d, 0x79, 
	0x5c, 0xf5, 0x5c, 0xf5, 0x4c, 0x73, 0x4c, 0x73, 
	0x4c, 0x31, 0x4c, 0x2f, 0x43, 0xef, 0x43, 0xad, 
	0x3b, 0xab, 0x3b, 0xab, 0x3b, 0x6b, 0x3b, 0x6b, 
	0x3b, 0x6b, 0x3b, 0x6b, 0x33, 0x69, 0x33, 0x69, 
	0x33, 0x29, 0x33, 0x69, 0x33, 0x69, 0x2b, 0x27, 
	0x2a, 0xe7, 0x2a, 0xe7, 0x2a, 0xe7, 0x2a, 0xe7, 
	0x2a, 0xe7, 0x2a, 0xe7, 0x2a, 0xe7, 0x2b, 0x29, 
	0x2b, 0x29, 0x2a, 0xe9, 0x2b, 0x29, 0x2a, 0xe9, 
	0x2a, 0xe9, 0x2a, 0xe9, 0x2a, 0xe9, 0x2a, 0xe9, 
	0x22, 0xe9, 0x1a, 0xa7, 0x0a, 0x67, 0x22, 0xe9, 
	0x1a, 0xa9, 0x02, 0x25, 0x2b, 0x2b, 0x43, 0xaf, 
	0x3b, 0xaf, 0x1a, 0xeb, 0x3b, 0xaf, 0x54, 0x75, 
	0x65, 0x39, 0x65, 0x39, 0x65, 0x39, 0x44, 0x33, 
	0x75, 0xbb, 0x01, 0xe5, 0x01, 0xe5, 0x01, 0xe5, 
	0x02, 0x27, 0x02, 0x27, 0x02, 0x27, 0x02, 0x27, 
	0x02, 0x27, 0x02, 0x27, 0x02, 0x25, 0x02, 0x25, 
	0x02, 0x27, 0x02, 0x27, 0x02, 0x25, 0x02, 0x25, 
	0x02, 0x25, 0x02, 0x25, 0x02, 0x25, 0x02, 0x25, 
	0x02, 0x25, 0x02, 0x25, 0x02, 0x25, 0x02, 0x25, 
	0x02, 0x25, 0x02, 0x25, 0x02, 0x25, 0x02, 0x25, 
	0x02, 0x25, 0x02, 0x25, 0x02, 0x25, 0x02, 0x25, 
	0x02, 0x25, 0x02, 0x25, 0x02, 0x25, 0x02, 0x25, 
	0x02, 0x25, 0x02, 0x25, 0x02, 0x25, 0x02, 0x25, 
	0x02, 0x25, 0x0a, 0x67, 0x0a, 0x67, 0x0a, 0x67, 
	0x0a, 0x65, 0x0a, 0x65, 0x0a, 0x65, 0x0a, 0x65, 
	0x0a, 0x65, 0x0a, 0x65, 0x0a, 0x65, 0x0a, 0x65, 
	0x0a, 0x65, 0x0a, 0x65, 0x0a, 0x65, 0x0a, 0x65, 
	0x0a, 0x65, 0x0a, 0x65, 0x0a, 0x65, 0x0a, 0x65, 
	0x0a, 0x23, 0x0a, 0x23, 0x02, 0x23, 0x02, 0x23, 
	0x0a, 0x23, 0x0a, 0x23, 0x0a, 0x23, 0x0a, 0x23, 
	0x02, 0x23, 0x0a, 0x23, 0x0a, 0x23, 0x0a, 0x23, 
	0x0a, 0x25, 0x02, 0x23, 0x0a, 0x25, 0x0a, 0x25, 
	0x02, 0x25, 0x0a, 0x65, 0x0a, 0x65, 0x0a, 0x65, 
	0x0a, 0x25, 0x0a, 0x25, 0x02, 0x25, 0x02, 0x25, 
	0x02, 0x25, 0x0a, 0x25, 0x0a, 0x25, 0x0a, 0x25, 
	0x02, 0x25, 0x02, 0x25, 0x0a, 0x25, 0x0a, 0x25, 
	0x0a, 0x25, 0x0a, 0x25, 0x0a, 0x25, 0x02, 0x25, 
	0x0a, 0x25, 0x0a, 0x25, 0x0a, 0x25, 0x0a, 0x25, 
	0x0a, 0x27, 0x0a, 0x27, 0x0a, 0x27, 0x0a, 0x27, 
	0x0a, 0x27, 0x0a, 0x27, 0x0a, 0x27, 0x0a, 0x27, 
	0x0a, 0x27, 0x0a, 0x27, 0x0a, 0x27, 0x0a, 0x27, 
	0x0a, 0x27, 0x0a, 0x27, 0x0a, 0x27, 0x0a, 0x27, 
	0x0a, 0x67, 0x0a, 0x27, 0x0a, 0x27, 0x0a, 0x67, 
	0x0a, 0x67, 0x0a, 0x67, 0x0a, 0x67, 0x0a, 0x67, 
	0x0a, 0x69, 0x0a, 0x69, 0x0a, 0x27, 0x0a, 0x69, 
	0x0a, 0x69, 0x0a, 0x69, 0x0a, 0x69, 0x0a, 0x69, 
	0x0a, 0x69, 0x0a, 0x69, 0x0a, 0x69, 0x0a, 0x6b, 
	0x0a, 0x6b, 0x0a, 0x6b, 0x0a, 0x69, 0x0a, 0x69, 
	0x0a, 0x69, 0x0a, 0x69, 0x0a, 0x69, 0x0a, 0x69, 
	0x0a, 0x69, 0x0a, 0x69, 0x0a, 0x69, 0x0a, 0x69, 
	0x0a, 0x69, 0x0a, 0x69, 0x0a, 0x69, 0x0a, 0x69, 
	0x0a, 0x69, 0x0a, 0x69, 0x0a, 0x69, 0x0a, 0x69, 
	0x0a, 0x69, 0x0a, 0x69, 0x0a, 0x69, 0x0a, 0x69, 
	0x0a, 0x6b, 0x0a, 0x6b, 0x0a, 0x6b, 0x0a, 0x6b, 
	0x0a, 0x6b, 0x0a, 0x6b, 0x0a, 0x6b, 0x0a, 0x6b, 
	0x0a, 0x6b, 0x0a, 0x6b, 0x0a, 0x6b, 0x0a, 0x6b, 
	0x0a, 0x6b, 0x0a, 0x6b, 0x0a, 0x6b, 0x0a, 0x6b, 
	0x0a, 0x6b, 0x0a, 0x6b, 0x0a, 0x6b, 0x0a, 0x6b, 
	0x0a, 0x6b, 0x0a, 0x6b, 0x0a, 0x6b, 0x0a, 0x6b, 
	0x0a, 0x6b, 0x0a, 0x6b, 0x0a, 0x6b, 0x0a, 0x6b, 
	0x0a, 0x6b, 0x0a, 0x6b, 0x0a, 0x6b, 0x0a, 0x6b, 
	0x0a, 0x6b, 0x0a, 0x6b, 0x0a, 0x6b, 0x0a, 0x6b, 
	0x0a, 0x29, 0x0a, 0x29, 0x0a, 0x29, 0x75, 0x77, 
	0x7d, 0xfb, 0x7d, 0xfb, 0x7d, 0xfb, 0x65, 0x39, 
	0x64, 0xf5, 0x5c, 0xb5, 0x54, 0xb3, 0x4c, 0x73, 
	0x4c, 0x2f, 0x4c, 0x2f, 0x43, 0xef, 0x3b, 0xad, 
	0x3b, 0xab, 0x3b, 0x6b, 0x3b, 0xab, 0x3b, 0x6b, 
	0x33, 0x6b, 0x3b, 0x6b, 0x33, 0x6b, 0x33, 0x29, 
	0x33, 0x29, 0x33, 0x29, 0x33, 0x29, 0x33, 0x29, 
	0x2b, 0x29, 0x2a, 0xe7, 0x2b, 0x29, 0x2b, 0x29, 
	0x2b, 0x29, 0x2b, 0x29, 0x2b, 0x29, 0x2b, 0x29, 
	0x2b, 0x29, 0x33, 0x29, 0x2b, 0x29, 0x2b, 0x29, 
	0x2a, 0xe7, 0x2a, 0xe7, 0x2a, 0xe7, 0x2a, 0xe7, 
	0x22, 0xe7, 0x2a, 0xe7, 0x2a, 0xe7, 0x33, 0x29, 
	0x2a, 0xe9, 0x2a, 0xe9, 0x33, 0x2b, 0x43, 0xaf, 
	0x54, 0x75, 0x43, 0xf1, 0x43, 0xf1, 0x4c, 0x33, 
	0x65, 0x39, 0xaf, 0x7f, 0xaf, 0x7f, 0x8e, 0x3b, 
	0x6d, 0x35, 0x3b, 0xaf, 0x3b, 0xaf, 0x3b, 0xaf, 
	0x02, 0x25, 0x02, 0x25, 0x02, 0x25, 0x02, 0x25, 
	0x02, 0x27, 0x02, 0x27, 0x02, 0x27, 0x02, 0x27, 
	0x02, 0x27, 0x02, 0x27, 0x02, 0x27, 0x02, 0x27, 
	0x02, 0x27, 0x02, 0x27, 0x02, 0x27, 0x02, 0x27, 
	0x02, 0x27, 0x02, 0x27, 0x02, 0x27, 0x02, 0x27, 
	0x02, 0x27, 0x02, 0x27, 0x02, 0x27, 0x02, 0x27, 
	0x02, 0x27, 0x02, 0x27, 0x02, 0x27, 0x02, 0x27, 
	0x02, 0x25, 0x02, 0x25, 0x02, 0x25, 0x02, 0x25, 
	0x02, 0x27, 0x02, 0x27, 0x02, 0x27, 0x02, 0x27, 
	0x02, 0x27, 0x0a, 0x67, 0x0a, 0x67, 0x0a, 0x67, 
	0x0a, 0x65, 0x0a, 0x65, 0x0a, 0x65, 0x0a, 0x65, 
	0x0a, 0x65, 0x0a, 0x65, 0x0a, 0x65, 0x0a, 0x65, 
	0x0a, 0x65, 0x0a, 0x65, 0x0a, 0x65, 0x0a, 0x65, 
	0x0a, 0x65, 0x0a, 0x65, 0x0a, 0x65, 0x0a, 0x65, 
	0x12, 0x67, 0x12, 0x65, 0x0a, 0x65, 0x0a, 0x65, 
	0x0a, 0x25, 0x02, 0x25, 0x0a, 0x25, 0x0a, 0x25, 
	0x0a, 0x25, 0x0a, 0x25, 0x0a, 0x25, 0x0a, 0x25, 
	0x0a, 0x25, 0x0a, 0x25, 0x0a, 0x25, 0x0a, 0x25, 
	0x0a, 0x25, 0x0a, 0x25, 0x0a, 0x25, 0x0a, 0x25, 
	0x0a, 0x25, 0x0a, 0x25, 0x0a, 0x25, 0x0a, 0x25, 
	0x0a, 0x25, 0x0a, 0x25, 0x0a, 0x25, 0x0a, 0x25, 
	0x0a, 0x67, 0x02, 0x25, 0x0a, 0x67, 0x0a, 0x67, 
	0x0a, 0x27, 0x0a, 0x27, 0x0a, 0x27, 0x0a, 0x27, 
	0x0a, 0x27, 0x0a, 0x27, 0x0a, 0x27, 0x0a, 0x27, 
	0x0a, 0x27, 0x0a, 0x27, 0x0a, 0x27, 0x0a, 0x27, 
	0x0a, 0x27, 0x0a, 0x27, 0x0a, 0x27, 0x0a, 0x27, 
	0x0a, 0x27, 0x0a, 0x27, 0x0a, 0x27, 0x0a, 0x27, 
	0x0a, 0x27, 0x0a, 0x27, 0x0a, 0x27, 0x0a, 0x27, 
	0x0a, 0x69, 0x0a, 0x27, 0x0a, 0x27, 0x0a, 0x69, 
	0x0a, 0x69, 0x0a, 0x69, 0x0a, 0x69, 0x0a, 0x69, 
	0x0a, 0x69, 0x0a, 0x69, 0x0a, 0x69, 0x0a, 0x69, 
	0x0a, 0x69, 0x0a, 0x69, 0x0a, 0x69, 0x0a, 0x69, 
	0x0a, 0x69, 0x0a, 0x69, 0x0a, 0x69, 0x0a, 0x69, 
	0x0a, 0x69, 0x0a, 0x69, 0x0a, 0x6b, 0x0a, 0x6b, 
	0x0a, 0x69, 0x0a, 0x69, 0x0a, 0x6b, 0x0a, 0x6b, 
	0x0a, 0x69, 0x0a, 0x69, 0x0a, 0x69, 0x0a, 0x69, 
	0x0a, 0x69, 0x0a, 0x6b, 0x0a, 0x6b, 0x0a, 0x6b, 
	0x0a, 0x6b, 0x0a, 0x69, 0x0a, 0x69, 0x0a, 0x69, 
	0x0a, 0x69, 0x0a, 0x6b, 0x0a, 0x69, 0x0a, 0x69, 
	0x0a, 0x6b, 0x0a, 0x6b, 0x0a, 0x6b, 0x0a, 0x6b, 
	0x0a, 0x6b, 0x0a, 0x6b, 0x0a, 0x6b, 0x0a, 0x6b, 
	0x0a, 0x6b, 0x0a, 0x6b, 0x0a, 0x6b, 0x0a, 0x6b, 
	0x0a, 0x6b, 0x0a, 0x6b, 0x0a, 0x6b, 0x0a, 0x6b, 
	0x0a, 0x6b, 0x0a, 0x6b, 0x0a, 0x6b, 0x0a, 0x6b, 
	0x0a, 0x6b, 0x0a, 0x6b, 0x0a, 0x6b, 0x0a, 0x6b, 
	0x0a, 0x6b, 0x0a, 0x6b, 0x0a, 0x6b, 0x0a, 0x6b, 
	0x0a, 0x6b, 0x0a, 0x6b, 0x0a, 0x6b, 0x0a, 0x6b, 
	0x0a, 0x6b, 0x0a, 0x6b, 0x0a, 0x6b, 0x0a, 0x6b, 
	0x0a, 0x29, 0x0a, 0x29, 0x0a, 0x29, 0x75, 0x77, 
	0x9e, 0xbd, 0x9e, 0xbd, 0x7d, 0xfb, 0x65, 0x39, 
	0x64, 0xf5, 0x5c, 0xb5, 0x54, 0xb3, 0x54, 0xb3, 
	0x54, 0x71, 0x4c, 0x2f, 0x43, 0xef, 0x3b, 0xad, 
	0x3b, 0xab, 0x3b, 0xab, 0x3b, 0xab, 0x3b, 0x6b, 
	0x33, 0x6b, 0x3b, 0x6b, 0x33, 0x6b, 0x33, 0x29, 
	0x33, 0x29, 0x33, 0x29, 0x33, 0x29, 0x33, 0x29, 
	0x2b, 0x29, 0x2a, 0xe7, 0x2b, 0x29, 0x2b, 0x29, 
	0x2b, 0x29, 0x2b, 0x29, 0x2b, 0x29, 0x33, 0x29, 
	0x33, 0x29, 0x33, 0x29, 0x2b, 0x29, 0x2a, 0xe9, 
	0x2a, 0xe7, 0x2a, 0xe7, 0x2a, 0xe7, 0x2a, 0xe7, 
	0x22, 0xe7, 0x22, 0xe7, 0x2a, 0xe7, 0x2b, 0x29, 
	0x2a, 0xe9, 0x33, 0x2b, 0x33, 0x2b, 0x3b, 0x6d, 
	0x43, 0xf1, 0x3b, 0xaf, 0x43, 0xf1, 0x54, 0x75, 
	0x65, 0x39, 0x8e, 0x3b, 0x8e, 0x3b, 0x65, 0x39, 
	0x9e, 0x79, 0xcf, 0xff, 0x9e, 0x79, 0x9e, 0x79, 
	0x02, 0x25, 0x02, 0x25, 0x02, 0x25, 0x02, 0x25, 
	0x02, 0x27, 0x02, 0x27, 0x02, 0x27, 0x02, 0x27, 
	0x02, 0x27, 0x02, 0x27, 0x02, 0x27, 0x02, 0x27, 
	0x02, 0x27, 0x02, 0x27, 0x02, 0x27, 0x02, 0x27, 
	0x02, 0x27, 0x02, 0x27, 0x02, 0x27, 0x02, 0x27, 
	0x02, 0x27, 0x02, 0x27, 0x02, 0x27, 0x02, 0x27, 
	0x02, 0x27, 0x02, 0x27, 0x02, 0x27, 0x02, 0x27, 
	0x02, 0x25, 0x02, 0x25, 0x02, 0x25, 0x02, 0x25, 
	0x02, 0x27, 0x02, 0x27, 0x02, 0x27, 0x02, 0x27, 
	0x02, 0x27, 0x02, 0x67, 0x0a, 0x67, 0x0a, 0x67, 
	0x12, 0x67, 0x12, 0x67, 0x0a, 0x65, 0x0a, 0x65, 
	0x12, 0x67, 0x12, 0x67, 0x0a, 0x65, 0x0a, 0x65, 
	0x0a, 0x65, 0x0a, 0x65, 0x0a, 0x65, 0x0a, 0x65, 
	0x0a, 0x65, 0x0a, 0x65, 0x0a, 0x65, 0x0a, 0x65, 
	0x12, 0x65, 0x12, 0x67, 0x12, 0x67, 0x12, 0x67, 
	0x0a, 0x67, 0x0a, 0x67, 0x0a, 0x25, 0x0a, 0x67, 
	0x0a, 0x25, 0x0a, 0x25, 0x0a, 0x25, 0x0a, 0x25, 
	0x0a, 0x25, 0x0a, 0x25, 0x0a, 0x25, 0x0a, 0x25, 
	0x0a, 0x25, 0x0a, 0x25, 0x0a, 0x25, 0x0a, 0x25, 
	0x0a, 0x25, 0x0a, 0x25, 0x0a, 0x25, 0x0a, 0x25, 
	0x0a, 0x25, 0x0a, 0x25, 0x0a, 0x25, 0x0a, 0x25, 
	0x0a, 0x67, 0x0a, 0x67, 0x02, 0x25, 0x0a, 0x67, 
	0x0a, 0x27, 0x0a, 0x27, 0x0a, 0x27, 0x0a, 0x67, 
	0x0a, 0x67, 0x0a, 0x67, 0x0a, 0x27, 0x0a, 0x27, 
	0x0a, 0x27, 0x0a, 0x27, 0x0a, 0x27, 0x0a, 0x67, 
	0x0a, 0x27, 0x0a, 0x27, 0x0a, 0x27, 0x0a, 0x27, 
	0x0a, 0x27, 0x0a, 0x69, 0x0a, 0x27, 0x0a, 0x27, 
	0x0a, 0x27, 0x0a, 0x69, 0x0a, 0x69, 0x0a, 0x27, 
	0x0a, 0x69, 0x0a, 0x69, 0x0a, 0x27, 0x0a, 0x69, 
	0x0a, 0x69, 0x0a, 0x69, 0x0a, 0x69, 0x0a, 0x69, 
	0x0a, 0x69, 0x0a, 0x69, 0x0a, 0x69, 0x0a, 0x69, 
	0x0a, 0x69, 0x0a, 0x69, 0x0a, 0x69, 0x0a, 0x69, 
	0x0a, 0x69, 0x0a, 0x69, 0x0a, 0x69, 0x0a, 0x69, 
	0x0a, 0x6b, 0x0a, 0x6b, 0x0a, 0x69, 0x0a, 0x69, 
	0x0a, 0x6b, 0x0a, 0x6b, 0x0a, 0x6b, 0x0a, 0x6b, 
	0x0a, 0x69, 0x0a, 0x6b, 0x0a, 0x6b, 0x0a, 0x6b, 
	0x0a, 0x69, 0x0a, 0x6b, 0x0a, 0x69, 0x0a, 0x69, 
	0x0a, 0x69, 0x0a, 0x6b, 0x0a, 0x69, 0x0a, 0x6b, 
	0x0a, 0x6b, 0x0a, 0x6b, 0x0a, 0x6b, 0x0a, 0x6b, 
	0x0a, 0x6b, 0x0a, 0x6b, 0x0a, 0x6b, 0x0a, 0x6b, 
	0x0a, 0x6b, 0x0a, 0x6b, 0x0a, 0x6b, 0x0a, 0x6b, 
	0x0a, 0x6b, 0x0a, 0x6b, 0x0a, 0x6b, 0x0a, 0x6b, 
	0x0a, 0x6b, 0x0a, 0x6b, 0x0a, 0x6b, 0x0a, 0x6b, 
	0x0a, 0x6b, 0x0a, 0x6b, 0x0a, 0x6b, 0x0a, 0x6b, 
	0x0a, 0x6b, 0x0a, 0x6b, 0x0a, 0x6b, 0x0a, 0x6b, 
	0x0a, 0x6b, 0x0a, 0x6b, 0x0a, 0x6b, 0x0a, 0x6b, 
	0x0a, 0x6b, 0x0a, 0x6b, 0x0a, 0x6b, 0x0a, 0x6b, 
	0x0a, 0x6b, 0x23, 0x2f, 0x12, 0xad, 0x12, 0xad, 
	0x0a, 0x29, 0x43, 0xf1, 0xaf, 0x3f, 0xaf, 0x3f, 
	0xb7, 0x7f, 0x9e, 0xbd, 0x65, 0x39, 0x65, 0x39, 
	0x5c, 0xb5, 0x5c, 0xb5, 0x54, 0xb3, 0x54, 0xb3, 
	0x54, 0x71, 0x4c, 0x2f, 0x43, 0xef, 0x43, 0xef, 
	0x3b, 0xad, 0x3b, 0xab, 0x3b, 0xab, 0x3b, 0x6b, 
	0x3b, 0x6b, 0x3b, 0xad, 0x3b, 0x6b, 0x33, 0x29, 
	0x33, 0x29, 0x33, 0x29, 0x33, 0x6b, 0x33, 0x29, 
	0x2b, 0x29, 0x2b, 0x29, 0x2b, 0x29, 0x2b, 0x29, 
	0x33, 0x29, 0x33, 0x29, 0x33, 0x29, 0x33, 0x29, 
	0x33, 0x29, 0x33, 0x29, 0x2b, 0x29, 0x2a, 0xe9, 
	0x2a, 0xe7, 0x2a, 0xe7, 0x2a, 0xe7, 0x2a, 0xe7, 
	0x2a, 0xe7, 0x2a, 0xe7, 0x2b, 0x29, 0x2b, 0x29, 
	0x33, 0x2b, 0x33, 0x2b, 0x33, 0x2b, 0x3b, 0x6d, 
	0x3b, 0xaf, 0x3b, 0xaf, 0x3b, 0xaf, 0x4c, 0x33, 
	0x44, 0x35, 0x44, 0x35, 0x44, 0x35, 0x65, 0x39, 
	0xcf, 0xff, 0xcf, 0xff, 0xcf, 0xff, 0x9e, 0x79, 
	0x65, 0x37, 0x02, 0x25, 0x02, 0x25, 0x02, 0x25, 
	0x02, 0x27, 0x02, 0x27, 0x02, 0x27, 0x02, 0x27, 
	0x02, 0x27, 0x02, 0x27, 0x02, 0x27, 0x02, 0x27, 
	0x02, 0x27, 0x02, 0x27, 0x02, 0x27, 0x02, 0x27, 
	0x02, 0x27, 0x02, 0x27, 0x02, 0x27, 0x02, 0x27, 
	0x02, 0x27, 0x02, 0x27, 0x02, 0x27, 0x02, 0x27, 
	0x02, 0x27, 0x02, 0x27, 0x02, 0x27, 0x02, 0x27, 
	0x02, 0x25, 0x02, 0x25, 0x02, 0x25, 0x02, 0x27, 
	0x02, 0x27, 0x02, 0x27, 0x02, 0x27, 0x02, 0x27, 
	0x02, 0x27, 0x02, 0x27, 0x02, 0x67, 0x0a, 0x67, 
	0x0a, 0x65, 0x0a, 0x65, 0x0a, 0x65, 0x0a, 0x65, 
	0x12, 0x67, 0x1a, 0xa7, 0x1a, 0xa7, 0x12, 0x67, 
	0x12, 0x67, 0x12, 0x67, 0x12, 0x67, 0x12, 0x67, 
	0x0a, 0x65, 0x0a, 0x65, 0x0a, 0x65, 0x0a, 0x65, 
	0x0a, 0x65, 0x0a, 0x65, 0x0a, 0x65, 0x12, 0x65, 
	0x12, 0x67, 0x12, 0x67, 0x12, 0x67, 0x0a, 0x67, 
	0x12, 0x67, 0x0a, 0x65, 0x0a, 0x65, 0x0a, 0x65, 
	0x0a, 0x65, 0x0a, 0x65, 0x0a, 0x65, 0x0a, 0x65, 
	0x0a, 0x25, 0x0a, 0x25, 0x0a, 0x25, 0x0a, 0x25, 
	0x0a, 0x67, 0x0a, 0x25, 0x0a, 0x25, 0x0a, 0x67, 
	0x0a, 0x67, 0x0a, 0x67, 0x0a, 0x67, 0x0a, 0x25, 
	0x0a, 0x67, 0x0a, 0x67, 0x0a, 0x67, 0x0a, 0x67, 
	0x0a, 0x27, 0x0a, 0x27, 0x0a, 0x67, 0x0a, 0x67, 
	0x0a, 0x27, 0x0a, 0x27, 0x0a, 0x27, 0x0a, 0x67, 
	0x0a, 0x67, 0x0a, 0x27, 0x0a, 0x27, 0x0a, 0x67, 
	0x0a, 0x67, 0x0a, 0x67, 0x0a, 0x67, 0x0a, 0x67, 
	0x0a, 0x69, 0x0a, 0x69, 0x0a, 0x69, 0x0a, 0x69, 
	0x0a, 0x69, 0x0a, 0x69, 0x0a, 0x69, 0x0a, 0x69, 
	0x0a, 0x69, 0x0a, 0x69, 0x0a, 0x69, 0x0a, 0x69, 
	0x0a, 0x69, 0x0a, 0x69, 0x0a, 0x69, 0x0a, 0x69, 
	0x0a, 0x69, 0x0a, 0x69, 0x0a, 0x69, 0x0a, 0x69, 
	0x0a, 0x69, 0x0a, 0x69, 0x0a, 0x69, 0x0a, 0x69, 
	0x0a, 0x69, 0x0a, 0x69, 0x0a, 0x69, 0x0a, 0x69, 
	0x0a, 0x6b, 0x0a, 0x6b, 0x0a, 0x6b, 0x0a, 0x6b, 
	0x0a, 0x69, 0x0a, 0x69, 0x0a, 0x6b, 0x0a, 0x6b, 
	0x0a, 0x6b, 0x0a, 0x6b, 0x0a, 0x6b, 0x0a, 0x6b, 
	0x0a, 0x69, 0x0a, 0x69, 0x0a, 0x6b, 0x0a, 0x6b, 
	0x0a, 0x6b, 0x0a, 0x6b, 0x0a, 0x69, 0x0a, 0x6b, 
	0x0a, 0x6b, 0x0a, 0x6b, 0x0a, 0x6b, 0x0a, 0x6b, 
	0x0a, 0x6b, 0x0a, 0x6b, 0x0a, 0x6b, 0x0a, 0x6b, 
	0x0a, 0x6b, 0x0a, 0x6b, 0x0a, 0x6b, 0x0a, 0x6b, 
	0x0a, 0x6b, 0x0a, 0x6b, 0x0a, 0x6b, 0x0a, 0x6b, 
	0x0a, 0x6b, 0x0a, 0x6b, 0x0a, 0x6b, 0x0a, 0x6b, 
	0x0a, 0x6b, 0x0a, 0x6b, 0x0a, 0x6b, 0x0a, 0x6b, 
	0x0a, 0x6b, 0x0a, 0x6b, 0x0a, 0x6b, 0x0a, 0x6b, 
	0x0a, 0x6b, 0x0a, 0x6b, 0x0a, 0x6b, 0x0a, 0x6b, 
	0x0a, 0x6b, 0x0a, 0x6b, 0x0a, 0x6b, 0x0a, 0x6b, 
	0x0a, 0x6b, 0x1a, 0xed, 0x12, 0xad, 0x12, 0xad, 
	0x0a, 0x29, 0x43, 0xf1, 0xaf, 0x3f, 0xaf, 0x3f, 
	0xb7, 0x7f, 0x7d, 0xfb, 0x65, 0x39, 0x65, 0x39, 
	0x64, 0xf5, 0x5c, 0xb5, 0x54, 0xb3, 0x54, 0xb3, 
	0x54, 0x71, 0x54, 0x71, 0x4c, 0x2f, 0x43, 0xef, 
	0x3b, 0xad, 0x3b, 0xab, 0x3b, 0xab, 0x3b, 0x6b, 
	0x3b, 0x6b, 0x3b, 0x6b, 0x33, 0x6b, 0x33, 0x6b, 
	0x33, 0x6b, 0x33, 0x29, 0x33, 0x29, 0x33, 0x29, 
	0x2b, 0x29, 0x2b, 0x29, 0x2b, 0x29, 0x2b, 0x29, 
	0x33, 0x29, 0x33, 0x29, 0x33, 0x29, 0x33, 0x29, 
	0x2b, 0x29, 0x2b, 0x29, 0x2b, 0x29, 0x2b, 0x29, 
	0x2a, 0xe7, 0x2a, 0xe7, 0x2a, 0xe7, 0x2a, 0xe7, 
	0x2a, 0xe7, 0x2b, 0x29, 0x2a, 0xe7, 0x2a, 0xe7, 
	0x33, 0x2b, 0x33, 0x2b, 0x33, 0x2b, 0x3b, 0x6d, 
	0x3b, 0xaf, 0x3b, 0xaf, 0x43, 0xf1, 0x3b, 0xaf, 
	0x44, 0x35, 0x44, 0x35, 0x65, 0x39, 0xaf, 0x7f, 
	0xcf, 0xff, 0xcf, 0xff, 0xcf, 0xff, 0x9e, 0x79, 
	0x65, 0x37, 0x23, 0x2b, 0x02, 0x25, 0x02, 0x25, 
	0x02, 0x27, 0x02, 0x27, 0x02, 0x27, 0x02, 0x27, 
	0x02, 0x27, 0x02, 0x27, 0x02, 0x27, 0x02, 0x27, 
	0x02, 0x27, 0x02, 0x27, 0x02, 0x27, 0x02, 0x27, 
	0x02, 0x27, 0x02, 0x27, 0x02, 0x27, 0x02, 0x27, 
	0x02, 0x27, 0x02, 0x27, 0x02, 0x27, 0x02, 0x27, 
	0x02, 0x27, 0x02, 0x27, 0x02, 0x27, 0x02, 0x27, 
	0x02, 0x25, 0x02, 0x27, 0x02, 0x25, 0x02, 0x27, 
	0x02, 0x27, 0x0a, 0x67, 0x0a, 0x67, 0x0a, 0x67, 
	0x0a, 0x67, 0x0a, 0x67, 0x0a, 0x67, 0x0a, 0x67, 
	0x12, 0x67, 0x12, 0x67, 0x0a, 0x65, 0x0a, 0x65, 
	0x12, 0x67, 0x12, 0x67, 0x12, 0x67, 0x12, 0x67, 
	0x0a, 0x65, 0x12, 0x67, 0x12, 0x67, 0x12, 0x67, 
	0x12, 0x67, 0x12, 0x67, 0x12, 0x67, 0x0a, 0x65, 
	0x0a, 0x65, 0x0a, 0x65, 0x12, 0x67, 0x12, 0x65, 
	0x0a, 0x67, 0x0a, 0x67, 0x0a, 0x67, 0x0a, 0x67, 
	0x12, 0x67, 0x12, 0x67, 0x12, 0x67, 0x12, 0x67, 
	0x12, 0x67, 0x12, 0x67, 0x12, 0x67, 0x12, 0x67, 
	0x12, 0x67, 0x12, 0x67, 0x0a, 0x67, 0x12, 0x67, 
	0x0a, 0x67, 0x0a, 0x67, 0x0a, 0x67, 0x0a, 0x67, 
	0x0a, 0x67, 0x0a, 0x67, 0x0a, 0x67, 0x0a, 0x67, 
	0x0a, 0x67, 0x0a, 0x67, 0x0a, 0x67, 0x0a, 0x67, 
	0x0a, 0x67, 0x0a, 0x67, 0x0a, 0x67, 0x0a, 0x67, 
	0x0a, 0x67, 0x0a, 0x67, 0x0a, 0x67, 0x0a, 0x67, 
	0x0a, 0x27, 0x0a, 0x67, 0x0a, 0x67, 0x0a, 0x67, 
	0x0a, 0x67, 0x0a, 0x67, 0x0a, 0x67, 0x0a, 0x67, 
	0x0a, 0x69, 0x0a, 0x69, 0x0a, 0x69, 0x0a, 0x69, 
	0x0a, 0x69, 0x0a, 0x69, 0x0a, 0x69, 0x0a, 0x69, 
	0x0a, 0x69, 0x0a, 0x69, 0x0a, 0x69, 0x0a, 0x69, 
	0x0a, 0x69, 0x0a, 0x69, 0x0a, 0x69, 0x0a, 0x69, 
	0x0a, 0x69, 0x0a, 0x69, 0x0a, 0x69, 0x12, 0x69, 
	0x12, 0x69, 0x12, 0x69, 0x12, 0x69, 0x0a, 0x69, 
	0x0a, 0x69, 0x12, 0x6b, 0x12, 0x6b, 0x12, 0x6b, 
	0x12, 0x6b, 0x12, 0x6b, 0x12, 0x6b, 0x12, 0x6b, 
	0x12, 0x6b, 0x12, 0x6b, 0x12, 0x6b, 0x12, 0x6b, 
	0x12, 0x6b, 0x12, 0x6b, 0x12, 0x6b, 0x12, 0x6b, 
	0x12, 0x6b, 0x12, 0x6b, 0x12, 0x6b, 0x12, 0x6b, 
	0x0a, 0x6b, 0x0a, 0x6b, 0x0a, 0x6b, 0x0a, 0x6b, 
	0x0a, 0x6b, 0x0a, 0x6b, 0x0a, 0x6b, 0x0a, 0x6b, 
	0x0a, 0x6b, 0x12, 0x6b, 0x12, 0x6b, 0x0a, 0x6b, 
	0x0a, 0x6d, 0x0a, 0x6d, 0x0a, 0x6d, 0x0a, 0x6d, 
	0x0a, 0x6d, 0x0a, 0x6d, 0x0a, 0x6d, 0x0a, 0x6d, 
	0x0a, 0x6d, 0x0a, 0x6d, 0x0a, 0x6d, 0x0a, 0x6d, 
	0x12, 0x6d, 0x12, 0x6d, 0x12, 0x6d, 0x12, 0x6d, 
	0x0a, 0x6d, 0x0a, 0x6d, 0x0a, 0x6d, 0x0a, 0x6d, 
	0x0a, 0x6b, 0x0a, 0x6b, 0x0a, 0x6b, 0x0a, 0x6b, 
	0x0a, 0x6b, 0x0a, 0x6b, 0x0a, 0x6b, 0x0a, 0x6b, 
	0x12, 0x6d, 0x12, 0x6d, 0x12, 0x6d, 0x12, 0x6d, 
	0x12, 0x6b, 0x33, 0x71, 0x6d, 0xbd, 0x6d, 0xbd, 
	0x75, 0xfd, 0x6d, 0x79, 0x5c, 0xf7, 0x5c, 0xf7, 
	0x5c, 0xb7, 0x5c, 0xb7, 0x5c, 0xb7, 0x54, 0xb5, 
	0x54, 0x73, 0x54, 0x73, 0x4c, 0x31, 0x4b, 0xef, 
	0x3b, 0xad, 0x3b, 0xab, 0x3b, 0xab, 0x3b, 0xab, 
	0x3b, 0x6b, 0x3b, 0x6b, 0x33, 0x6b, 0x33, 0x6b, 
	0x33, 0x6b, 0x33, 0x6b, 0x33, 0x2b, 0x33, 0x2b, 
	0x33, 0x2b, 0x2b, 0x29, 0x33, 0x2b, 0x33, 0x2b, 
	0x33, 0x2b, 0x33, 0x2b, 0x33, 0x2b, 0x33, 0x2b, 
	0x2b, 0x29, 0x2b, 0x29, 0x2b, 0x29, 0x2a, 0xe7, 
	0x2a, 0xe7, 0x2a, 0xe7, 0x2a, 0xe7, 0x2a, 0xe7, 
	0x2a, 0xe9, 0x2a, 0xe7, 0x2a, 0xe7, 0x2a, 0xe9, 
	0x2b, 0x29, 0x33, 0x2b, 0x33, 0x6b, 0x33, 0x6b, 
	0x3b, 0x6d, 0x3b, 0xaf, 0x43, 0xf1, 0x43, 0xf1, 
	0x43, 0xf1, 0x43, 0xf1, 0x8e, 0x7b, 0xb7, 0xbf, 
	0x96, 0xbf, 0xbf, 0xff, 0xbf, 0xff, 0x96, 0xbf, 
	0x96, 0xbf, 0x96, 0xbf, 0x3b, 0xf1, 0x12, 0x6b, 
	0x02, 0x27, 0x02, 0x27, 0x02, 0x27, 0x02, 0x27, 
	0x02, 0x27, 0x02, 0x27, 0x02, 0x27, 0x02, 0x27, 
	0x02, 0x29, 0x02, 0x29, 0x02, 0x29, 0x02, 0x29, 
	0x02, 0x27, 0x02, 0x27, 0x02, 0x27, 0x02, 0x27, 
	0x02, 0x27, 0x02, 0x27, 0x02, 0x27, 0x02, 0x27, 
	0x02, 0x27, 0x02, 0x27, 0x02, 0x27, 0x02, 0x27, 
	0x0a, 0x67, 0x0a, 0x67, 0x0a, 0x69, 0x12, 0xa9, 
	0x0a, 0xa9, 0x1a, 0xa9, 0x1a, 0xa9, 0x1a, 0xa9, 
	0x1a, 0xab, 0x1a, 0xab, 0x12, 0xa9, 0x12, 0xa9, 
	0x12, 0xa9, 0x12, 0xa9, 0x12, 0x67, 0x12, 0x67, 
	0x12, 0x65, 0x12, 0x65, 0x12, 0x65, 0x12, 0x65, 
	0x12, 0x65, 0x12, 0x65, 0x12, 0x65, 0x12, 0x65, 
	0x0a, 0x65, 0x0a, 0x65, 0x0a, 0x65, 0x0a, 0x65, 
	0x12, 0x65, 0x12, 0x65, 0x12, 0x67, 0x1a, 0xa9, 
	0x12, 0xa7, 0x1a, 0xa9, 0x12, 0xa7, 0x12, 0x67, 
	0x12, 0x67, 0x12, 0x67, 0x12, 0xa9, 0x0a, 0x67, 
	0x12, 0x67, 0x12, 0x67, 0x12, 0x67, 0x12, 0x67, 
	0x12, 0x69, 0x12, 0x69, 0x12, 0x69, 0x1a, 0xa9, 
	0x1a, 0xa9, 0x12, 0x69, 0x12, 0x69, 0x12, 0x69, 
	0x12, 0x69, 0x0a, 0x67, 0x0a, 0x67, 0x0a, 0x67, 
	0x12, 0x69, 0x12, 0x69, 0x12, 0x69, 0x12, 0x69, 
	0x12, 0x69, 0x0a, 0x67, 0x0a, 0x67, 0x0a, 0x67, 
	0x0a, 0x69, 0x0a, 0x69, 0x0a, 0x69, 0x12, 0x69, 
	0x12, 0x69, 0x12, 0x69, 0x0a, 0x69, 0x0a, 0x69, 
	0x0a, 0x69, 0x0a, 0x69, 0x0a, 0x69, 0x0a, 0x69, 
	0x0a, 0x69, 0x0a, 0x69, 0x0a, 0x69, 0x0a, 0x69, 
	0x0a, 0x69, 0x0a, 0x69, 0x0a, 0x69, 0x0a, 0x69, 
	0x0a, 0x69, 0x0a, 0x69, 0x0a, 0x69, 0x0a, 0x69, 
	0x0a, 0x69, 0x0a, 0x69, 0x0a, 0x69, 0x0a, 0x69, 
	0x0a, 0x69, 0x0a, 0x69, 0x0a, 0x6b, 0x0a, 0x6b, 
	0x12, 0x6b, 0x12, 0x6b, 0x12, 0x6b, 0x12, 0x6b, 
	0x12, 0x6b, 0x12, 0x6b, 0x12, 0x6b, 0x12, 0x6b, 
	0x12, 0x6b, 0x12, 0x6b, 0x12, 0x6b, 0x12, 0x6b, 
	0x12, 0x6b, 0x1a, 0xad, 0x12, 0x6b, 0x12, 0x6b, 
	0x12, 0x6b, 0x12, 0x6b, 0x12, 0x6b, 0x12, 0x6b, 
	0x12, 0x6b, 0x12, 0x6b, 0x12, 0x6b, 0x12, 0x6b, 
	0x12, 0x6b, 0x0a, 0x6b, 0x0a, 0x6b, 0x0a, 0x6b, 
	0x0a, 0x6b, 0x0a, 0x6b, 0x0a, 0x6b, 0x0a, 0x6b, 
	0x0a, 0x6b, 0x0a, 0x6b, 0x0a, 0x6b, 0x0a, 0x6b, 
	0x0a, 0x6d, 0x0a, 0x6d, 0x0a, 0x6d, 0x12, 0x6d, 
	0x0a, 0x6d, 0x0a, 0x6d, 0x0a, 0x6d, 0x0a, 0x6d, 
	0x0a, 0x6d, 0x0a, 0x6d, 0x0a, 0x6d, 0x0a, 0x6d, 
	0x12, 0x6d, 0x12, 0x6d, 0x0a, 0xad, 0x12, 0x6d, 
	0x0a, 0x6d, 0x0a, 0x6d, 0x12, 0x6d, 0x0a, 0x6d, 
	0x0a, 0x6b, 0x0a, 0x6b, 0x0a, 0x6b, 0x0a, 0x6b, 
	0x0a, 0x6b, 0x0a, 0x6b, 0x0a, 0x6b, 0x0a, 0x6b, 
	0x12, 0x6d, 0x12, 0x6d, 0x12, 0x6d, 0x12, 0x6d, 
	0x33, 0x71, 0x33, 0x71, 0x33, 0x71, 0x4c, 0xb7, 
	0x6d, 0x79, 0x5c, 0xf7, 0x5c, 0xf7, 0x5c, 0xf7, 
	0x5c, 0xb7, 0x5c, 0xb7, 0x5c, 0xb7, 0x54, 0xb5, 
	0x54, 0x73, 0x54, 0x73, 0x4c, 0x31, 0x4b, 0xef, 
	0x43, 0xed, 0x43, 0xed, 0x3b, 0xad, 0x3b, 0xab, 
	0x3b, 0xad, 0x3b, 0x6b, 0x33, 0x6b, 0x33, 0x6b, 
	0x33, 0x6b, 0x33, 0x6b, 0x33, 0x2b, 0x33, 0x2b, 
	0x33, 0x2b, 0x33, 0x2b, 0x33, 0x2b, 0x33, 0x2b, 
	0x33, 0x2b, 0x33, 0x2b, 0x33, 0x2b, 0x33, 0x2b, 
	0x2b, 0x29, 0x2a, 0xe7, 0x2a, 0xe7, 0x2a, 0xe7, 
	0x2a, 0xe7, 0x2a, 0xe7, 0x2a, 0xe7, 0x2a, 0xe7, 
	0x2a, 0xe7, 0x2a, 0xe7, 0x2a, 0xe7, 0x2a, 0xe7, 
	0x2b, 0x29, 0x33, 0x2b, 0x33, 0x2b, 0x3b, 0x6d, 
	0x3b, 0x6d, 0x3b, 0x6d, 0x3b, 0xaf, 0x43, 0xf1, 
	0x43, 0xf1, 0x6d, 0x35, 0xb7, 0xbf, 0xb7, 0xbf, 
	0x96, 0xbf, 0x96, 0xbf, 0xbf, 0xff, 0xa7, 0x3f, 
	0x96, 0xbf, 0x96, 0xbf, 0x3b, 0xf1, 0x12, 0x6b, 
	0x02, 0x27, 0x02, 0x27, 0x02, 0x27, 0x02, 0x27, 
	0x02, 0x27, 0x02, 0x27, 0x02, 0x27, 0x02, 0x27, 
	0x02, 0x29, 0x02, 0x29, 0x02, 0x29, 0x02, 0x29, 
	0x02, 0x27, 0x02, 0x27, 0x02, 0x27, 0x02, 0x27, 
	0x02, 0x27, 0x02, 0x27, 0x02, 0x27, 0x02, 0x27, 
	0x02, 0x27, 0x02, 0x27, 0x02, 0x27, 0x02, 0x27, 
	0x02, 0x27, 0x0a, 0x67, 0x0a, 0x67, 0x0a, 0x69, 
	0x0a, 0xa9, 0x1a, 0xa9, 0x1a, 0xa9, 0x22, 0xeb, 
	0x1a, 0xeb, 0x1a, 0xeb, 0x1a, 0xeb, 0x1a, 0xeb, 
	0x1a, 0xeb, 0x1a, 0xa9, 0x1a, 0xa9, 0x1a, 0xa9, 
	0x1a, 0xa7, 0x1a, 0xa7, 0x1a, 0xa7, 0x1a, 0xa7, 
	0x12, 0x65, 0x12, 0x65, 0x12, 0x65, 0x12, 0x65, 
	0x0a, 0x65, 0x0a, 0x65, 0x0a, 0x65, 0x0a, 0x65, 
	0x12, 0x65, 0x12, 0x65, 0x12, 0x65, 0x12, 0x65, 
	0x12, 0x67, 0x12, 0xa7, 0x12, 0xa7, 0x12, 0x67, 
	0x12, 0xa9, 0x1a, 0xa9, 0x1a, 0xa9, 0x12, 0xa9, 
	0x12, 0x67, 0x12, 0x67, 0x12, 0x67, 0x12, 0x67, 
	0x12, 0x69, 0x12, 0x69, 0x12, 0x69, 0x12, 0x69, 
	0x12, 0x69, 0x12, 0x69, 0x1a, 0xa9, 0x1a, 0xa9, 
	0x12, 0xa9, 0x12, 0xa9, 0x12, 0xa9, 0x12, 0xa9, 
	0x1a, 0xab, 0x1a, 0xab, 0x12, 0x69, 0x12, 0x69, 
	0x12, 0x69, 0x12, 0x69, 0x12, 0x69, 0x12, 0x69, 
	0x12, 0x69, 0x12, 0x69, 0x12, 0x69, 0x12, 0x69, 
	0x0a, 0x69, 0x12, 0x69, 0x12, 0x69, 0x12, 0x69, 
	0x12, 0x69, 0x12, 0x69, 0x12, 0x69, 0x12, 0x69, 
	0x0a, 0x69, 0x0a, 0x69, 0x0a, 0x69, 0x0a, 0x69, 
	0x0a, 0x69, 0x0a, 0x69, 0x0a, 0x69, 0x12, 0x6b, 
	0x0a, 0x69, 0x0a, 0x69, 0x0a, 0x69, 0x0a, 0x69, 
	0x0a, 0x69, 0x0a, 0x69, 0x0a, 0x69, 0x0a, 0x69, 
	0x0a, 0x69, 0x0a, 0x6b, 0x0a, 0x6b, 0x12, 0x6b, 
	0x12, 0x6b, 0x12, 0x6b, 0x12, 0x6b, 0x12, 0x6b, 
	0x12, 0x6b, 0x12, 0x6b, 0x12, 0x6b, 0x12, 0x6b, 
	0x12, 0x6b, 0x12, 0x6b, 0x12, 0x6b, 0x12, 0x6b, 
	0x12, 0x6b, 0x12, 0x6b, 0x12, 0x6b, 0x12, 0x6b, 
	0x12, 0x6b, 0x12, 0xad, 0x1a, 0xef, 0x12, 0x6b, 
	0x0a, 0x6b, 0x12, 0x6b, 0x12, 0x6b, 0x12, 0x6b, 
	0x12, 0x6b, 0x12, 0x6b, 0x12, 0x6b, 0x12, 0x6b, 
	0x0a, 0x6b, 0x12, 0xad, 0x0a, 0x6b, 0x0a, 0x6b, 
	0x0a, 0x6b, 0x12, 0x6b, 0x0a, 0x6b, 0x0a, 0x6b, 
	0x0a, 0x6d, 0x12, 0x6d, 0x0a, 0x6d, 0x0a, 0x6d, 
	0x12, 0xad, 0x0a, 0x6d, 0x0a, 0x6d, 0x0a, 0x6d, 
	0x0a, 0x6d, 0x0a, 0x6d, 0x0a, 0x6d, 0x12, 0xad, 
	0x0a, 0xad, 0x12, 0x6d, 0x12, 0x6d, 0x12, 0x6d, 
	0x12, 0x6d, 0x12, 0x6d, 0x12, 0xad, 0x12, 0xad, 
	0x0a, 0x6b, 0x0a, 0x6b, 0x0a, 0x6b, 0x12, 0xad, 
	0x12, 0xad, 0x12, 0xad, 0x12, 0xad, 0x0a, 0x6b, 
	0x12, 0x6d, 0x12, 0x6d, 0x12, 0x6d, 0x3b, 0xb5, 
	0x4c, 0xb7, 0x4c, 0xb7, 0x4c, 0xb7, 0x33, 0x71, 
	0x5c, 0xf7, 0x5c, 0xf7, 0x6d, 0x79, 0x6d, 0x79, 
	0x5c, 0xb7, 0x5c, 0xb7, 0x5c, 0xb7, 0x54, 0xb5, 
	0x54, 0xb5, 0x54, 0x73, 0x54, 0x73, 0x4c, 0x31, 
	0x43, 0xef, 0x43, 0xed, 0x3b, 0xad, 0x3b, 0xab, 
	0x3b, 0xad, 0x3b, 0xad, 0x3b, 0x6b, 0x33, 0x6b, 
	0x33, 0x6b, 0x33, 0x6b, 0x33, 0x6b, 0x33, 0x6b, 
	0x33, 0x2b, 0x33, 0x2b, 0x33, 0x2b, 0x33, 0x2b, 
	0x33, 0x2b, 0x33, 0x2b, 0x33, 0x2b, 0x33, 0x2b, 
	0x2b, 0x29, 0x2b, 0x29, 0x2a, 0xe7, 0x2a, 0xe7, 
	0x2a, 0xe7, 0x2a, 0xe7, 0x2a, 0xe7, 0x2a, 0xe7, 
	0x2a, 0xe7, 0x2a, 0xe7, 0x2a, 0xe7, 0x2a, 0xe7, 
	0x2b, 0x29, 0x33, 0x2b, 0x33, 0x2b, 0x3b, 0x6d, 
	0x3b, 0x6d, 0x33, 0x6b, 0x33, 0x6b, 0x3b, 0x6d, 
	0x43, 0xf1, 0x6d, 0x35, 0x6d, 0x35, 0x8e, 0x7b, 
	0xa7, 0x3f, 0x96, 0xbf, 0xa7, 0x3f, 0x96, 0xbf, 
	0x96, 0xbf, 0x6d, 0x79, 0x6d, 0x79, 0x6d, 0x79, 
	0x44, 0x33, 0x02, 0x27, 0x02, 0x27, 0x02, 0x27, 
	0x02, 0x27, 0x02, 0x27, 0x02, 0x27, 0x02, 0x27, 
	0x02, 0x29, 0x02, 0x29, 0x02, 0x29, 0x02, 0x29, 
	0x02, 0x29, 0x02, 0x29, 0x02, 0x29, 0x02, 0x29, 
	0x02, 0x29, 0x02, 0x27, 0x02, 0x27, 0x02, 0x27, 
	0x02, 0x27, 0x02, 0x27, 0x02, 0x27, 0x02, 0x27, 
	0x02, 0x27, 0x02, 0x27, 0x02, 0x27, 0x02, 0x27, 
	0x02, 0x67, 0x0a, 0xa9, 0x0a, 0xa9, 0x0a, 0xa9, 
	0x1a, 0xab, 0x1a, 0xeb, 0x1a, 0xeb, 0x1a, 0xeb, 
	0x1a, 0xeb, 0x1a, 0xeb, 0x1a, 0xeb, 0x1a, 0xeb, 
	0x22, 0xe9, 0x1a, 0xa7, 0x1a, 0xa7, 0x1a, 0xa7, 
	0x12, 0x65, 0x12, 0x65, 0x12, 0x65, 0x12, 0x65, 
	0x33, 0xad, 0x33, 0xad, 0x0a, 0x65, 0x0a, 0x65, 
	0x12, 0x67, 0x0a, 0x23, 0x0a, 0x23, 0x12, 0x65, 
	0x0a, 0x65, 0x0a, 0x65, 0x0a, 0x65, 0x0a, 0x65, 
	0x0a, 0x67, 0x0a, 0x67, 0x0a, 0x67, 0x12, 0x67, 
	0x12, 0x67, 0x12, 0x67, 0x12, 0x67, 0x12, 0x67, 
	0x12, 0x69, 0x12, 0x69, 0x12, 0x69, 0x12, 0x69, 
	0x12, 0x69, 0x12, 0x69, 0x12, 0x69, 0x12, 0x69, 
	0x12, 0x69, 0x12, 0x69, 0x12, 0x69, 0x12, 0xa9, 
	0x1a, 0xab, 0x1a, 0xab, 0x1a, 0xab, 0x1a, 0xab, 
	0x1a, 0xab, 0x22, 0xed, 0x1a, 0xab, 0x1a, 0xab, 
	0x1a, 0xab, 0x12, 0xab, 0x12, 0xab, 0x12, 0x69, 
	0x12, 0xab, 0x12, 0xab, 0x12, 0x69, 0x12, 0x69, 
	0x12, 0x69, 0x12, 0x69, 0x12, 0x69, 0x12, 0x69, 
	0x12, 0x6b, 0x12, 0x6b, 0x0a, 0x69, 0x0a, 0x69, 
	0x12, 0x6b, 0x12, 0x6b, 0x12, 0x6b, 0x12, 0x6b, 
	0x0a, 0x69, 0x0a, 0x69, 0x12, 0x6b, 0x0a, 0x69, 
	0x0a, 0x69, 0x0a, 0x69, 0x0a, 0x69, 0x0a, 0x69, 
	0x0a, 0x6b, 0x0a, 0x6b, 0x0a, 0x6b, 0x12, 0x6b, 
	0x12, 0x6b, 0x12, 0x6b, 0x12, 0x6b, 0x12, 0x6b, 
	0x0a, 0x6b, 0x12, 0x6b, 0x12, 0x6b, 0x12, 0x6b, 
	0x12, 0x6b, 0x12, 0x6b, 0x12, 0x6b, 0x43, 0xf3, 
	0x12, 0x6b, 0x1a, 0xad, 0x2b, 0x73, 0x23, 0x31, 
	0x12, 0xad, 0x1a, 0xef, 0x12, 0xad, 0x12, 0x6b, 
	0x01, 0xe9, 0x0a, 0x6b, 0x0a, 0x29, 0x01, 0xe9, 
	0x0a, 0x6b, 0x12, 0x6b, 0x12, 0x6b, 0x12, 0x6b, 
	0x0a, 0x6b, 0x12, 0xad, 0x12, 0xad, 0x12, 0xad, 
	0x12, 0x6b, 0x12, 0x6b, 0x12, 0x6b, 0x12, 0x6b, 
	0x12, 0x6d, 0x12, 0x6d, 0x12, 0x6d, 0x0a, 0x6d, 
	0x12, 0xad, 0x12, 0xad, 0x0a, 0x6d, 0x12, 0xad, 
	0x12, 0xad, 0x0a, 0x6d, 0x12, 0xad, 0x12, 0xad, 
	0x0a, 0xad, 0x12, 0x6d, 0x0a, 0xad, 0x0a, 0xad, 
	0x12, 0x6d, 0x12, 0x6d, 0x12, 0xad, 0x12, 0xad, 
	0x12, 0xad, 0x0a, 0x6b, 0x12, 0xad, 0x12, 0xad, 
	0x12, 0xad, 0x12, 0xad, 0x12, 0xad, 0x12, 0xad, 
	0x12, 0x6d, 0x12, 0x6d, 0x12, 0x6d, 0x12, 0x6d, 
	0x4c, 0xb7, 0x6d, 0xbd, 0x6d, 0xbd, 0x6d, 0xbd, 
	0x6d, 0x79, 0x86, 0x7f, 0x75, 0xfd, 0x75, 0xfd, 
	0x6d, 0x39, 0x64, 0xf7, 0x64, 0xf7, 0x64, 0xf7, 
	0x54, 0xb5, 0x54, 0xb5, 0x54, 0x73, 0x54, 0x73, 
	0x43, 0xef, 0x43, 0xef, 0x43, 0xed, 0x3b, 0xad, 
	0x3b, 0xad, 0x3b, 0xad, 0x3b, 0x6b, 0x3b, 0x6b, 
	0x3b, 0x6d, 0x3b, 0xad, 0x33, 0x6b, 0x33, 0x6b, 
	0x33, 0x2b, 0x33, 0x2b, 0x33, 0x2b, 0x33, 0x2b, 
	0x33, 0x2b, 0x33, 0x2b, 0x33, 0x2b, 0x2b, 0x29, 
	0x2b, 0x29, 0x2a, 0xe7, 0x2a, 0xe7, 0x2a, 0xe7, 
	0x2a, 0xe7, 0x2a, 0xe7, 0x2a, 0xe7, 0x2a, 0xe7, 
	0x2a, 0xe7, 0x2a, 0xe7, 0x2a, 0xe7, 0x2a, 0xe7, 
	0x2b, 0x29, 0x33, 0x2b, 0x33, 0x2b, 0x33, 0x6b, 
	0x33, 0x6b, 0x33, 0x6b, 0x33, 0x6b, 0x33, 0x6b, 
	0x43, 0xf1, 0x43, 0xf1, 0x43, 0xf1, 0x8e, 0x7b, 
	0xa7, 0x3f, 0x96, 0xbf, 0x96, 0xbf, 0x7e, 0x3f, 
	0x6d, 0x79, 0x6d, 0x79, 0x6d, 0x79, 0x6d, 0x79, 
	0x64, 0xf9, 0x02, 0x27, 0x02, 0x27, 0x02, 0x27, 
	0x0a, 0x69, 0x02, 0x27, 0x0a, 0x69, 0x0a, 0x69, 
	0x0a, 0x69, 0x02, 0x69, 0x02, 0x69, 0x02, 0x69, 
	0x02, 0x29, 0x02, 0x29, 0x02, 0x29, 0x02, 0x29, 
	0x02, 0x29, 0x02, 0x29, 0x02, 0x29, 0x02, 0x29, 
	0x02, 0x27, 0x02, 0x27, 0x02, 0x27, 0x02, 0x27, 
	0x02, 0x27, 0x02, 0x27, 0x02, 0x27, 0x02, 0x27, 
	0x02, 0x67, 0x02, 0x67, 0x02, 0x67, 0x02, 0x67, 
	0x12, 0x69, 0x12, 0xa9, 0x12, 0xa9, 0x1a, 0xab, 
	0x1a, 0xa9, 0x1a, 0xa9, 0x1a, 0xa9, 0x1a, 0xeb, 
	0x22, 0xe9, 0x22, 0xe9, 0x22, 0xe9, 0x1a, 0xa7, 
	0x12, 0x65, 0x3b, 0xad, 0x64, 0xf7, 0x8e, 0x3f, 
	0x86, 0x3f, 0x5c, 0xf7, 0x0a, 0x65, 0x0a, 0x65, 
	0x0a, 0x23, 0x1a, 0xa9, 0x1a, 0xa9, 0x12, 0x65, 
	0x12, 0x67, 0x12, 0x67, 0x0a, 0x65, 0x0a, 0x65, 
	0x0a, 0x67, 0x0a, 0x67, 0x0a, 0x67, 0x12, 0x67, 
	0x12, 0x67, 0x12, 0x67, 0x12, 0x67, 0x12, 0x67, 
	0x1a, 0xa9, 0x12, 0x69, 0x12, 0x69, 0x1a, 0xa9, 
	0x1a, 0xa9, 0x1a, 0xab, 0x1a, 0xab, 0x22, 0xeb, 
	0x1a, 0xab, 0x12, 0x69, 0x12, 0x69, 0x12, 0x69, 
	0x12, 0x69, 0x12, 0x69, 0x12, 0x69, 0x12, 0xa9, 
	0x1a, 0xab, 0x1a, 0xab, 0x1a, 0xab, 0x1a, 0xab, 
	0x1a, 0xab, 0x12, 0xab, 0x12, 0xab, 0x12, 0xab, 
	0x12, 0xab, 0x1a, 0xab, 0x1a, 0xab, 0x12, 0xab, 
	0x12, 0xab, 0x12, 0x69, 0x12, 0xab, 0x12, 0xab, 
	0x12, 0xab, 0x12, 0xab, 0x12, 0xab, 0x12, 0x6b, 
	0x12, 0x6b, 0x12, 0x6b, 0x12, 0x6b, 0x12, 0x6b, 
	0x12, 0x6b, 0x12, 0x6b, 0x12, 0xab, 0x12, 0x6b, 
	0x12, 0x6b, 0x12, 0x6b, 0x12, 0x6b, 0x0a, 0x69, 
	0x12, 0x6b, 0x0a, 0x6b, 0x0a, 0x6b, 0x12, 0x6b, 
	0x12, 0x6b, 0x12, 0x6b, 0x12, 0xab, 0x12, 0xab, 
	0x12, 0x6b, 0x12, 0x6b, 0x12, 0x6b, 0x12, 0x6b, 
	0x1a, 0xab, 0x1a, 0xab, 0x1a, 0xab, 0x7e, 0x3f, 
	0x3b, 0xb5, 0x3b, 0xb5, 0x5c, 0xb9, 0x3b, 0xb5, 
	0x0a, 0x71, 0x4c, 0x75, 0x96, 0x3b, 0xd7, 0xff, 
	0x96, 0x39, 0x12, 0x6d, 0x12, 0x6d, 0x54, 0x73, 
	0x0a, 0x2b, 0x0a, 0x2b, 0x0a, 0x2b, 0x0a, 0x2b, 
	0x12, 0x6b, 0x12, 0x6b, 0x12, 0x6b, 0x12, 0x6b, 
	0x0a, 0x6b, 0x0a, 0x6b, 0x0a, 0x6b, 0x0a, 0x6b, 
	0x0a, 0x6d, 0x0a, 0x6d, 0x0a, 0x6d, 0x0a, 0x6d, 
	0x12, 0xad, 0x12, 0xad, 0x0a, 0xad, 0x0a, 0xad, 
	0x0a, 0xad, 0x0a, 0xad, 0x12, 0xaf, 0x0a, 0xad, 
	0x12, 0xad, 0x12, 0x6d, 0x12, 0xad, 0x12, 0xad, 
	0x12, 0xad, 0x12, 0xad, 0x12, 0xad, 0x12, 0xad, 
	0x12, 0xad, 0x12, 0xad, 0x12, 0xad, 0x12, 0xad, 
	0x12, 0xad, 0x12, 0xad, 0x12, 0xad, 0x12, 0xad, 
	0x12, 0xad, 0x12, 0xad, 0x12, 0xad, 0x0a, 0x6b, 
	0x0a, 0x2b, 0x3b, 0xf3, 0x3b, 0xf3, 0x3b, 0xf3, 
	0x7e, 0x3d, 0xd7, 0xff, 0xb7, 0x7f, 0x7e, 0x3d, 
	0x6d, 0x7b, 0x7d, 0xfd, 0x7d, 0xfd, 0x6d, 0x7b, 
	0x5c, 0xf7, 0x5c, 0xf7, 0x54, 0xb5, 0x54, 0xb5, 
	0x4c, 0x73, 0x4c, 0x31, 0x43, 0xef, 0x43, 0xef, 
	0x3b, 0xad, 0x3b, 0xad, 0x3b, 0x6d, 0x3b, 0xad, 
	0x3b, 0xad, 0x3b, 0xad, 0x33, 0x6b, 0x33, 0x6b, 
	0x33, 0x6b, 0x33, 0x6b, 0x33, 0x2b, 0x33, 0x2b, 
	0x33, 0x2b, 0x33, 0x2b, 0x33, 0x2b, 0x2b, 0x29, 
	0x2b, 0x27, 0x2a, 0xe7, 0x2a, 0xe7, 0x2a, 0xe7, 
	0x2a, 0xe7, 0x2a, 0xe7, 0x2a, 0xe7, 0x2a, 0xe7, 
	0x2a, 0xe5, 0x2a, 0xe7, 0x2a, 0xe7, 0x2a, 0xe7, 
	0x2a, 0xe7, 0x33, 0x29, 0x33, 0x29, 0x33, 0x6b, 
	0x33, 0x6d, 0x33, 0x29, 0x33, 0x29, 0x33, 0x29, 
	0x3b, 0xad, 0x3b, 0xad, 0x4c, 0x33, 0x6d, 0x7d, 
	0x7d, 0xfd, 0x6d, 0x39, 0x7d, 0xfd, 0x7d, 0xfd, 
	0x6d, 0x7d, 0x5c, 0xb9, 0x44, 0x33, 0x44, 0x33, 
	0x3b, 0xf1, 0x0a, 0x29, 0x0a, 0x29, 0x0a, 0x29, 
	0x0a, 0x69, 0x0a, 0x69, 0x0a, 0x69, 0x0a, 0x69, 
	0x0a, 0x69, 0x0a, 0x69, 0x0a, 0x69, 0x0a, 0x69, 
	0x02, 0x69, 0x02, 0x69, 0x02, 0x69, 0x02, 0x69, 
	0x02, 0x69, 0x02, 0x69, 0x02, 0x69, 0x02, 0x69, 
	0x02, 0x29, 0x02, 0x29, 0x02, 0x29, 0x02, 0x29, 
	0x02, 0x29, 0x02, 0x29, 0x02, 0x29, 0x02, 0x29, 
	0x02, 0x29, 0x0a, 0x69, 0x0a, 0x69, 0x0a, 0x69, 
	0x0a, 0x69, 0x0a, 0x69, 0x12, 0x69, 0x12, 0x69, 
	0x12, 0x67, 0x12, 0x67, 0x12, 0x67, 0x12, 0x67, 
	0x12, 0x65, 0x12, 0x65, 0x12, 0x65, 0x12, 0x65, 
	0x5c, 0xb7, 0x8e, 0x7d, 0x8e, 0x7d, 0x75, 0x79, 
	0x6d, 0x79, 0x6d, 0x79, 0x6d, 0x79, 0x54, 0x75, 
	0x4c, 0x33, 0x7d, 0xf9, 0x7d, 0xf9, 0x1a, 0x6d, 
	0x1a, 0xa9, 0x1a, 0xa9, 0x1a, 0xa9, 0x12, 0x69, 
	0x12, 0x67, 0x12, 0x67, 0x12, 0x67, 0x12, 0x67, 
	0x12, 0x69, 0x12, 0x69, 0x12, 0x69, 0x12, 0x69, 
	0x12, 0x69, 0x12, 0x69, 0x12, 0x69, 0x12, 0x69, 
	0x12, 0xa9, 0x12, 0xa9, 0x1a, 0xab, 0x1a, 0xab, 
	0x1a, 0xeb, 0x12, 0xa9, 0x12, 0x69, 0x12, 0xa9, 
	0x12, 0x69, 0x12, 0x69, 0x12, 0x69, 0x12, 0x69, 
	0x12, 0x69, 0x12, 0x69, 0x12, 0xab, 0x12, 0xab, 
	0x12, 0xab, 0x12, 0xab, 0x12, 0xab, 0x12, 0xab, 
	0x12, 0xab, 0x12, 0xab, 0x1a, 0xab, 0x1a, 0xab, 
	0x1a, 0xed, 0x1a, 0xed, 0x1a, 0xab, 0x1a, 0xab, 
	0x1a, 0xab, 0x1a, 0xab, 0x1a, 0xab, 0x1a, 0xab, 
	0x12, 0xab, 0x12, 0xab, 0x12, 0xab, 0x12, 0xab, 
	0x12, 0xab, 0x12, 0xab, 0x12, 0xab, 0x12, 0xab, 
	0x12, 0xab, 0x12, 0xab, 0x12, 0xab, 0x12, 0xab, 
	0x12, 0x6b, 0x12, 0x6b, 0x12, 0x6b, 0x12, 0x6b, 
	0x12, 0xab, 0x12, 0xab, 0x1a, 0xad, 0x12, 0xab, 
	0x12, 0xab, 0x12, 0xab, 0x12, 0xab, 0x12, 0xab, 
	0x1a, 0xab, 0x1a, 0xab, 0x5c, 0xf9, 0x7e, 0x3f, 
	0x75, 0xbb, 0x3b, 0xb5, 0x3b, 0xb5, 0x3b, 0xb5, 
	0x4c, 0x75, 0x96, 0x3b, 0x96, 0x3b, 0xd7, 0xff, 
	0xd7, 0xff, 0x96, 0x39, 0xd7, 0xff, 0xd7, 0xff, 
	0x7d, 0xb9, 0x43, 0xf1, 0x0a, 0x2b, 0x0a, 0x2b, 
	0x12, 0x6b, 0x12, 0x6b, 0x12, 0x6b, 0x12, 0x6b, 
	0x0a, 0x6b, 0x54, 0x31, 0xa6, 0x39, 0x0a, 0x6b, 
	0x0a, 0x6d, 0x0a, 0x6d, 0x0a, 0x6d, 0x0a, 0x6d, 
	0x12, 0xad, 0x12, 0xad, 0x12, 0xad, 0x12, 0xad, 
	0x12, 0xaf, 0x12, 0xaf, 0x12, 0xaf, 0x12, 0xaf, 
	0x12, 0xad, 0x12, 0xad, 0x12, 0xaf, 0x12, 0xaf, 
	0x12, 0xad, 0x12, 0xad, 0x12, 0xad, 0x12, 0xad, 
	0x12, 0xad, 0x12, 0xad, 0x12, 0xad, 0x12, 0xad, 
	0x12, 0xad, 0x12, 0xad, 0x12, 0xad, 0x12, 0xad, 
	0x12, 0xad, 0x12, 0xad, 0x12, 0xad, 0x12, 0xad, 
	0x1a, 0xad, 0x1a, 0xad, 0x0a, 0x2b, 0x0a, 0x2b, 
	0x9e, 0xbd, 0xd7, 0xff, 0xb7, 0x7f, 0x7e, 0x3d, 
	0x7d, 0xfd, 0x7d, 0xfd, 0x6d, 0x7b, 0x65, 0x39, 
	0x64, 0xf7, 0x5c, 0xf7, 0x5c, 0xb5, 0x54, 0xb5, 
	0x4c, 0x73, 0x4c, 0x73, 0x4c, 0x31, 0x43, 0xef, 
	0x3b, 0xaf, 0x3b, 0xaf, 0x3b, 0xad, 0x3b, 0xad, 
	0x3b, 0xaf, 0x3b, 0xad, 0x33, 0x6d, 0x33, 0x6d, 
	0x33, 0x6b, 0x33, 0x6b, 0x33, 0x6b, 0x33, 0x6b, 
	0x33, 0x2b, 0x33, 0x2b, 0x2b, 0x29, 0x2b, 0x29, 
	0x2b, 0x27, 0x2a, 0xe7, 0x2a, 0xe7, 0x2a, 0xe7, 
	0x2a, 0xe7, 0x2a, 0xe7, 0x2a, 0xe7, 0x2a, 0xe7, 
	0x2a, 0xe7, 0x2a, 0xe7, 0x2a, 0xe7, 0x2a, 0xe7, 
	0x2a, 0xe7, 0x2b, 0x29, 0x33, 0x29, 0x33, 0x29, 
	0x33, 0x29, 0x33, 0x29, 0x33, 0x29, 0x33, 0x29, 
	0x3b, 0xad, 0x3b, 0xad, 0x3b, 0xad, 0x5c, 0xb7, 
	0x6d, 0x39, 0x6d, 0x39, 0x7d, 0xfd, 0x6d, 0x39, 
	0x6d, 0x7d, 0x5c, 0xb9, 0x44, 0x33, 0x33, 0x6f, 
	0x1a, 0xab, 0x0a, 0x29, 0x0a, 0x29, 0x0a, 0x29, 
	0x0a, 0x69, 0x0a, 0x69, 0x0a, 0x69, 0x0a, 0x69, 
	0x0a, 0x69, 0x0a, 0x69, 0x0a, 0x69, 0x0a, 0x69, 
	0x02, 0x69, 0x02, 0x69, 0x02, 0x69, 0x02, 0x69, 
	0x02, 0x69, 0x0a, 0x69, 0x02, 0x69, 0x02, 0x69, 
	0x0a, 0x69, 0x0a, 0x69, 0x02, 0x69, 0x02, 0x29, 
	0x0a, 0x69, 0x0a, 0x69, 0x0a, 0x69, 0x02, 0x29, 
	0x0a, 0x69, 0x0a, 0x69, 0x0a, 0x69, 0x0a, 0x69, 
	0x12, 0x69, 0x0a, 0x69, 0x0a, 0x69, 0x12, 0x69, 
	0x12, 0x67, 0x12, 0x67, 0x12, 0x67, 0x12, 0x67, 
	0x12, 0x65, 0x12, 0x65, 0x12, 0x65, 0x12, 0x65, 
	0x8e, 0x7d, 0x8e, 0x7d, 0x8e, 0x7d, 0x8e, 0x7d, 
	0x6d, 0x79, 0x6d, 0x79, 0x8e, 0x7b, 0xa7, 0x7f, 
	0xaf, 0xbf, 0xaf, 0xbf, 0x7d, 0xf9, 0x4c, 0x33, 
	0x1a, 0xa9, 0x22, 0xeb, 0x22, 0xeb, 0x22, 0xeb, 
	0x1a, 0xa9, 0x1a, 0xa9, 0x1a, 0xa9, 0x1a, 0xa9, 
	0x1a, 0xa9, 0x1a, 0xa9, 0x12, 0x69, 0x12, 0x69, 
	0x12, 0x69, 0x12, 0xa9, 0x12, 0xa9, 0x12, 0x69, 
	0x12, 0x69, 0x12, 0x69, 0x12, 0x69, 0x1a, 0xab, 
	0x12, 0x69, 0x12, 0x69, 0x12, 0x69, 0x12, 0x69, 
	0x12, 0x69, 0x12, 0x69, 0x12, 0x69, 0x12, 0xa9, 
	0x12, 0x69, 0x12, 0x69, 0x12, 0x69, 0x12, 0xab, 
	0x12, 0x6b, 0x12, 0xab, 0x12, 0xab, 0x12, 0xab, 
	0x1a, 0xab, 0x12, 0xab, 0x12, 0xab, 0x12, 0xab, 
	0x1a, 0xab, 0x1a, 0xab, 0x22, 0xed, 0x22, 0xef, 
	0x23, 0x2f, 0x22, 0xed, 0x1a, 0xed, 0x1a, 0xed, 
	0x1a, 0xad, 0x1a, 0xad, 0x1a, 0xad, 0x1a, 0xad, 
	0x12, 0xab, 0x12, 0xab, 0x1a, 0xad, 0x12, 0xab, 
	0x12, 0xab, 0x1a, 0xed, 0x1a, 0xed, 0x12, 0xab, 
	0x1a, 0xad, 0x12, 0xab, 0x12, 0x6b, 0x12, 0x6b, 
	0x12, 0xab, 0x1a, 0xad, 0x1a, 0xad, 0x12, 0xab, 
	0x12, 0xab, 0x12, 0xab, 0x12, 0xab, 0x12, 0xab, 
	0x3b, 0xb1, 0x5c, 0xf9, 0x7e, 0x3f, 0x7e, 0x3f, 
	0x96, 0xff, 0x75, 0xbb, 0x3b, 0xb5, 0x3b, 0xb5, 
	0x96, 0x3b, 0x96, 0x3b, 0x96, 0x3b, 0xd7, 0xff, 
	0x96, 0x39, 0xd7, 0xff, 0xd7, 0xff, 0xd7, 0xff, 
	0xb7, 0x7f, 0xb7, 0x7f, 0x7d, 0xb9, 0x0a, 0x2b, 
	0x12, 0x6b, 0x12, 0x6b, 0x12, 0x6b, 0x12, 0x6b, 
	0x54, 0x31, 0xef, 0xff, 0xef, 0xff, 0xa6, 0x39, 
	0x43, 0xf3, 0x0a, 0x6d, 0x0a, 0x6d, 0x0a, 0x6d, 
	0x12, 0xaf, 0x12, 0xaf, 0x12, 0xaf, 0x12, 0xad, 
	0x12, 0xaf, 0x12, 0xaf, 0x12, 0xaf, 0x12, 0xaf, 
	0x12, 0xaf, 0x12, 0xaf, 0x12, 0xaf, 0x12, 0xaf, 
	0x12, 0xad, 0x12, 0xad, 0x12, 0xad, 0x12, 0xad, 
	0x12, 0xad, 0x12, 0xad, 0x12, 0xad, 0x12, 0xad, 
	0x12, 0xad, 0x12, 0xad, 0x12, 0xad, 0x12, 0xad, 
	0x12, 0xad, 0x12, 0xad, 0x12, 0xad, 0x12, 0xad, 
	0x1a, 0xad, 0x1a, 0xad, 0x0a, 0x2b, 0x1a, 0xad, 
	0xb7, 0x7f, 0xd7, 0xff, 0xb7, 0x7f, 0x9e, 0xbd, 
	0x7d, 0xfd, 0x6d, 0x7b, 0x6d, 0x7b, 0x65, 0x39, 
	0x5c, 0xf7, 0x5c, 0xf7, 0x5c, 0xf7, 0x5c, 0xb5, 
	0x54, 0xb5, 0x4c, 0x73, 0x4c, 0x31, 0x43, 0xef, 
	0x3b, 0xaf, 0x3b, 0xaf, 0x3b, 0xaf, 0x3b, 0xad, 
	0x3b, 0xaf, 0x3b, 0xad, 0x3b, 0xad, 0x3b, 0xad, 
	0x33, 0x6b, 0x33, 0x6b, 0x33, 0x6b, 0x33, 0x6b, 
	0x33, 0x2b, 0x33, 0x2b, 0x33, 0x2b, 0x2b, 0x29, 
	0x2b, 0x27, 0x2a, 0xe7, 0x2a, 0xe7, 0x2a, 0xe7, 
	0x2a, 0xe7, 0x2a, 0xe7, 0x2a, 0xe7, 0x2a, 0xe7, 
	0x2a, 0xe5, 0x2a, 0xe5, 0x2a, 0xe7, 0x2a, 0xe7, 
	0x2a, 0xe7, 0x2b, 0x29, 0x33, 0x29, 0x33, 0x29, 
	0x33, 0x29, 0x33, 0x29, 0x33, 0x29, 0x33, 0x29, 
	0x3b, 0xad, 0x3b, 0xad, 0x3b, 0xad, 0x4c, 0x33, 
	0x54, 0xb7, 0x54, 0xb7, 0x54, 0xb7, 0x6d, 0x39, 
	0x6d, 0x7d, 0x5c, 0xb9, 0x44, 0x33, 0x33, 0x6f, 
	0x1a, 0xab, 0x0a, 0x29, 0x0a, 0x29, 0x0a, 0x29, 
	0x0a, 0x69, 0x0a, 0x6b, 0x0a, 0x6b, 0x0a, 0x6b, 
	0x0a, 0x69, 0x0a, 0x69, 0x0a, 0x69, 0x0a, 0x69, 
	0x0a, 0x69, 0x0a, 0x69, 0x0a, 0x69, 0x02, 0x69, 
	0x0a, 0x69, 0x0a, 0x69, 0x0a, 0x69, 0x02, 0x69, 
	0x0a, 0x69, 0x0a, 0x69, 0x02, 0x69, 0x02, 0x29, 
	0x0a, 0x69, 0x02, 0x29, 0x02, 0x29, 0x02, 0x29, 
	0x0a, 0x69, 0x0a, 0x69, 0x0a, 0x69, 0x0a, 0x69, 
	0x12, 0x69, 0x12, 0x69, 0x12, 0x69, 0x12, 0x69, 
	0x12, 0x67, 0x12, 0x67, 0x12, 0x67, 0x12, 0x67, 
	0x12, 0x65, 0x12, 0x65, 0x12, 0x65, 0x5c, 0xb1, 
	0xa7, 0x7f, 0xa7, 0x7f, 0x8e, 0x7d, 0x75, 0x79, 
	0x6d, 0x79, 0x6d, 0x79, 0x6d, 0x79, 0x8e, 0x7b, 
	0x7d, 0xf9, 0x7d, 0xf9, 0x4c, 0x33, 0x4c, 0x33, 
	0x22, 0xeb, 0x22, 0xeb, 0x22, 0xeb, 0x22, 0xeb, 
	0x22, 0xeb, 0x22, 0xeb, 0x22, 0xeb, 0x22, 0xeb, 
	0x1a, 0xab, 0x1a, 0xab, 0x1a, 0xa9, 0x1a, 0xa9, 
	0x12, 0xa9, 0x12, 0x69, 0x12, 0xa9, 0x12, 0xa9, 
	0x12, 0xa9, 0x12, 0xa9, 0x1a, 0xab, 0x1a, 0xab, 
	0x12, 0xa9, 0x12, 0x69, 0x12, 0x69, 0x12, 0x69, 
	0x12, 0x69, 0x12, 0x69, 0x12, 0x69, 0x12, 0xa9, 
	0x12, 0xab, 0x12, 0xab, 0x12, 0xab, 0x12, 0xab, 
	0x12, 0xab, 0x12, 0xab, 0x12, 0xab, 0x12, 0x6b, 
	0x12, 0xab, 0x12, 0xab, 0x1a, 0xab, 0x1a, 0xab, 
	0x1a, 0xab, 0x1a, 0xab, 0x1a, 0xed, 0x22, 0xef, 
	0x22, 0xed, 0x23, 0x2f, 0x22, 0xed, 0x22, 0xed, 
	0x1a, 0xed, 0x1a, 0xed, 0x1a, 0xed, 0x1a, 0xed, 
	0x1a, 0xed, 0x1a, 0xed, 0x1a, 0xed, 0x1a, 0xad, 
	0x1a, 0xed, 0x1a, 0xed, 0x1a, 0xed, 0x1a, 0xed, 
	0x1a, 0xed, 0x1a, 0xed, 0x1a, 0xad, 0x1a, 0xad, 
	0x12, 0xab, 0x1a, 0xad, 0x1a, 0xad, 0x1a, 0xad, 
	0x12, 0xab, 0x12, 0xab, 0x12, 0xab, 0x3b, 0xf5, 
	0x5c, 0xf9, 0x7e, 0x3f, 0x7e, 0x3f, 0x7e, 0x3f, 
	0x96, 0xff, 0x75, 0xbb, 0x5c, 0xb9, 0x75, 0xbb, 
	0x96, 0x3b, 0x96, 0x3b, 0x96, 0x3b, 0x96, 0x3b, 
	0x96, 0x39, 0x96, 0x39, 0x96, 0x39, 0x96, 0x39, 
	0x7d, 0xb9, 0xb7, 0x7f, 0x7d, 0xb9, 0x0a, 0x2b, 
	0x12, 0x6b, 0x12, 0x6b, 0x43, 0xaf, 0x9e, 0x39, 
	0xef, 0xff, 0xef, 0xff, 0xa6, 0x39, 0xa6, 0x39, 
	0xaf, 0x7d, 0x75, 0xb7, 0x0a, 0x6d, 0x0a, 0x6d, 
	0x12, 0xaf, 0x12, 0xaf, 0x12, 0xaf, 0x12, 0xaf, 
	0x12, 0xaf, 0x12, 0xaf, 0x12, 0xaf, 0x12, 0xaf, 
	0x12, 0xaf, 0x12, 0xaf, 0x12, 0xaf, 0x12, 0xaf, 
	0x12, 0xad, 0x12, 0xad, 0x12, 0xad, 0x12, 0xad, 
	0x12, 0xad, 0x12, 0xef, 0x12, 0xef, 0x12, 0xef, 
	0x12, 0xad, 0x12, 0xad, 0x12, 0xad, 0x12, 0xad, 
	0x12, 0xad, 0x12, 0xad, 0x12, 0xad, 0x12, 0xad, 
	0x1a, 0xad, 0x1a, 0xad, 0x1a, 0xad, 0x0a, 0x2b, 
	0x7e, 0x3d, 0xb7, 0x7f, 0x9e, 0xbd, 0x9e, 0xbd, 
	0x86, 0x3f, 0x7d, 0xfd, 0x6d, 0x7b, 0x65, 0x39, 
	0x64, 0xf7, 0x5c, 0xf7, 0x5c, 0xb5, 0x5c, 0xb5, 
	0x54, 0xb5, 0x4c, 0x73, 0x4c, 0x31, 0x43, 0xef, 
	0x3b, 0xaf, 0x3b, 0xaf, 0x3b, 0xaf, 0x3b, 0xaf, 
	0x3b, 0xad, 0x3b, 0xad, 0x3b, 0xad, 0x33, 0x6d, 
	0x33, 0x6b, 0x33, 0x6b, 0x33, 0x6b, 0x33, 0x6b, 
	0x33, 0x2b, 0x33, 0x2b, 0x2b, 0x29, 0x33, 0x2b, 
	0x2b, 0x27, 0x2a, 0xe7, 0x2a, 0xe7, 0x2a, 0xe7, 
	0x2a, 0xe7, 0x2a, 0xe7, 0x2a, 0xe7, 0x2a, 0xe7, 
	0x2a, 0xe7, 0x2a, 0xe7, 0x2a, 0xe7, 0x2a, 0xe7, 
	0x2b, 0x29, 0x2b, 0x29, 0x2b, 0x29, 0x33, 0x29, 
	0x33, 0x6d, 0x33, 0x29, 0x33, 0x29, 0x33, 0x6d, 
	0x3b, 0xad, 0x3b, 0xad, 0x3b, 0xad, 0x3b, 0xad, 
	0x43, 0xf3, 0x43, 0xf3, 0x43, 0xf3, 0x43, 0xf3, 
	0x44, 0x33, 0x5c, 0xb9, 0x44, 0x33, 0x33, 0x6f, 
	0x1a, 0xab, 0x1a, 0xab, 0x2b, 0x6f, 0x0a, 0x29, 
	0x0a, 0x69, 0x0a, 0x6b, 0x0a, 0x69, 0x0a, 0x69, 
	0x0a, 0x6b, 0x0a, 0x69, 0x0a, 0x69, 0x0a, 0x69, 
	0x0a, 0x69, 0x0a, 0x69, 0x0a, 0x69, 0x0a, 0x69, 
	0x0a, 0x69, 0x0a, 0x69, 0x0a, 0x69, 0x0a, 0x69, 
	0x0a, 0x69, 0x0a, 0x69, 0x0a, 0x69, 0x0a, 0x69, 
	0x0a, 0x69, 0x0a, 0x69, 0x0a, 0x69, 0x02, 0x69, 
	0x0a, 0x69, 0x0a, 0x69, 0x0a, 0x69, 0x12, 0xa9, 
	0x0a, 0x69, 0x12, 0x69, 0x0a, 0x69, 0x12, 0x69, 
	0x12, 0x67, 0x12, 0x67, 0x12, 0x67, 0x0a, 0x27, 
	0x12, 0x65, 0x5c, 0xb1, 0xa6, 0xfd, 0xa6, 0xfd, 
	0xa7, 0x7f, 0xa7, 0x7f, 0x8e, 0x7d, 0x75, 0x79, 
	0x6d, 0x79, 0x54, 0x75, 0x54, 0x75, 0x6d, 0x79, 
	0x7d, 0xf9, 0x4c, 0x33, 0x4c, 0x33, 0x4c, 0x33, 
	0x2b, 0x2b, 0x1a, 0xa9, 0x22, 0xeb, 0x22, 0xeb, 
	0x22, 0xeb, 0x22, 0xeb, 0x22, 0xeb, 0x22, 0xeb, 
	0x22, 0xeb, 0x22, 0xeb, 0x22, 0xeb, 0x1a, 0xab, 
	0x1a, 0xeb, 0x1a, 0xab, 0x1a, 0xab, 0x1a, 0xab, 
	0x1a, 0xab, 0x1a, 0xab, 0x12, 0xa9, 0x1a, 0xab, 
	0x1a, 0xab, 0x1a, 0xab, 0x12, 0xa9, 0x12, 0xa9, 
	0x12, 0x69, 0x12, 0xa9, 0x12, 0xa9, 0x12, 0xa9, 
	0x12, 0xab, 0x12, 0xab, 0x12, 0xab, 0x12, 0xab, 
	0x12, 0xab, 0x12, 0xab, 0x12, 0xab, 0x12, 0x6b, 
	0x12, 0xab, 0x12, 0xab, 0x12, 0xab, 0x12, 0xab, 
	0x1a, 0xab, 0x1a, 0xab, 0x1a, 0xab, 0x1a, 0xab, 
	0x1a, 0xed, 0x22, 0xed, 0x22, 0xed, 0x22, 0xed, 
	0x1a, 0xed, 0x1a, 0xed, 0x23, 0x2f, 0x23, 0x2f, 
	0x22, 0xef, 0x22, 0xef, 0x22, 0xef, 0x22, 0xef, 
	0x22, 0xef, 0x2b, 0x31, 0x22, 0xef, 0x22, 0xef, 
	0x1a, 0xed, 0x1a, 0xed, 0x1a, 0xed, 0x1a, 0xed, 
	0x1a, 0xad, 0x1a, 0xad, 0x1a, 0xad, 0x1a, 0xad, 
	0x12, 0xab, 0x12, 0xab, 0x12, 0xab, 0x54, 0xbb, 
	0x54, 0x77, 0x54, 0x77, 0x6d, 0xbd, 0x6d, 0xbd, 
	0x86, 0x3f, 0x86, 0x3f, 0x7d, 0xfd, 0x86, 0x3f, 
	0x7d, 0xff, 0x8e, 0x7f, 0x7d, 0xff, 0x7d, 0xff, 
	0x86, 0x3f, 0x75, 0xbd, 0x75, 0xbd, 0x6d, 0x3b, 
	0x6d, 0x7d, 0x6d, 0x7d, 0x54, 0xb7, 0x54, 0xb7, 
	0x1a, 0xaf, 0x1a, 0xaf, 0xcf, 0xff, 0xcf, 0xff, 
	0xbf, 0xbf, 0xbf, 0xbf, 0x9e, 0xbf, 0x5c, 0xfd, 
	0x6d, 0x79, 0x8e, 0xbf, 0x22, 0xef, 0x22, 0xef, 
	0x12, 0xaf, 0x12, 0xaf, 0x12, 0xaf, 0x12, 0xaf, 
	0x12, 0xaf, 0x12, 0xaf, 0x12, 0xaf, 0x12, 0xef, 
	0x12, 0xaf, 0x12, 0xaf, 0x12, 0xaf, 0x12, 0xaf, 
	0x12, 0xef, 0x12, 0xaf, 0x12, 0xaf, 0x12, 0xaf, 
	0x1a, 0xaf, 0x1a, 0xf1, 0x1a, 0xef, 0x1a, 0xef, 
	0x1a, 0xef, 0x12, 0xad, 0x12, 0xef, 0x12, 0xef, 
	0x1a, 0xef, 0x1a, 0xef, 0x1a, 0xef, 0x1a, 0xef, 
	0x1a, 0xaf, 0x1a, 0xaf, 0x1a, 0xaf, 0x1a, 0xaf, 
	0x44, 0x77, 0x9e, 0xbd, 0x75, 0x79, 0x9e, 0xbd, 
	0x86, 0x3d, 0x75, 0xbd, 0x75, 0xbd, 0x75, 0xbd, 
	0x6d, 0x79, 0x5c, 0xf7, 0x54, 0xb5, 0x54, 0xb5, 
	0x54, 0xb5, 0x4c, 0x73, 0x4c, 0x73, 0x44, 0x31, 
	0x3b, 0xad, 0x3b, 0xad, 0x3b, 0xad, 0x3b, 0xad, 
	0x3b, 0xad, 0x3b, 0xad, 0x3b, 0xad, 0x3b, 0x6d, 
	0x33, 0x6b, 0x33, 0x6b, 0x33, 0x6b, 0x33, 0x6b, 
	0x33, 0x6b, 0x33, 0x2b, 0x33, 0x2b, 0x33, 0x2b, 
	0x2b, 0x27, 0x2b, 0x27, 0x2a, 0xe7, 0x2a, 0xe7, 
	0x2a, 0xe7, 0x2a, 0xe7, 0x2a, 0xe7, 0x2a, 0xe7, 
	0x2a, 0xe7, 0x2a, 0xe7, 0x2a, 0xe7, 0x2a, 0xe7, 
	0x2b, 0x29, 0x2b, 0x29, 0x33, 0x29, 0x33, 0x29, 
	0x33, 0x29, 0x33, 0x69, 0x33, 0x29, 0x33, 0x29, 
	0x33, 0x6b, 0x33, 0x29, 0x33, 0x6b, 0x3b, 0x6b, 
	0x3b, 0x6d, 0x3b, 0xaf, 0x3b, 0xaf, 0x3b, 0xaf, 
	0x3b, 0xaf, 0x3b, 0xaf, 0x4c, 0x35, 0x4c, 0x35, 
	0x65, 0x3b, 0x4c, 0x77, 0x3b, 0xb1, 0x22, 0xed, 
	0x0a, 0x6b, 0x0a, 0x6b, 0x12, 0xab, 0x12, 0xab, 
	0x0a, 0x6b, 0x0a, 0x6b, 0x0a, 0x6b, 0x0a, 0x6b, 
	0x0a, 0x6b, 0x0a, 0x6b, 0x0a, 0x6b, 0x0a, 0x6b, 
	0x0a, 0x69, 0x0a, 0x69, 0x0a, 0x69, 0x0a, 0x69, 
	0x0a, 0x69, 0x0a, 0x69, 0x0a, 0x69, 0x0a, 0x69, 
	0x0a, 0x69, 0x0a, 0x69, 0x0a, 0x69, 0x0a, 0x69, 
	0x0a, 0x69, 0x0a, 0x69, 0x0a, 0x69, 0x0a, 0x69, 
	0x0a, 0x69, 0x0a, 0x69, 0x12, 0xa9, 0x0a, 0x69, 
	0x12, 0x67, 0x12, 0x67, 0x12, 0x67, 0x02, 0x25, 
	0x54, 0x75, 0xa7, 0x3f, 0xa7, 0x3f, 0xa7, 0x3f, 
	0x9e, 0xff, 0x9e, 0xff, 0x9e, 0xff, 0x6d, 0x79, 
	0x64, 0xf7, 0x5c, 0xb5, 0x4c, 0x73, 0x4c, 0x73, 
	0x43, 0xf1, 0x43, 0xf1, 0x43, 0xf1, 0x3b, 0x6f, 
	0x33, 0x6d, 0x22, 0xeb, 0x22, 0xeb, 0x22, 0xeb, 
	0x1a, 0xab, 0x22, 0xeb, 0x22, 0xeb, 0x22, 0xeb, 
	0x22, 0xeb, 0x22, 0xeb, 0x22, 0xeb, 0x22, 0xeb, 
	0x22, 0xeb, 0x22, 0xed, 0x22, 0xeb, 0x22, 0xeb, 
	0x1a, 0xeb, 0x1a, 0xeb, 0x1a, 0xeb, 0x1a, 0xeb, 
	0x1a, 0xab, 0x1a, 0xab, 0x1a, 0xeb, 0x1a, 0xab, 
	0x1a, 0xab, 0x1a, 0xab, 0x1a, 0xab, 0x1a, 0xab, 
	0x12, 0xab, 0x12, 0xab, 0x12, 0xab, 0x1a, 0xed, 
	0x1a, 0xed, 0x1a, 0xed, 0x1a, 0xad, 0x1a, 0xad, 
	0x22, 0xed, 0x1a, 0xab, 0x1a, 0xab, 0x1a, 0xab, 
	0x1a, 0xed, 0x1a, 0xed, 0x22, 0xed, 0x1a, 0xed, 
	0x1a, 0xed, 0x1a, 0xed, 0x1a, 0xed, 0x22, 0xed, 
	0x22, 0xef, 0x22, 0xef, 0x22, 0xef, 0x22, 0xef, 
	0x23, 0x2f, 0x2b, 0x31, 0x23, 0x2f, 0x22, 0xef, 
	0x22, 0xef, 0x23, 0x31, 0x23, 0x31, 0x22, 0xef, 
	0x22, 0xef, 0x22, 0xef, 0x22, 0xef, 0x22, 0xef, 
	0x1a, 0xad, 0x1a, 0xad, 0x1a, 0xad, 0x1a, 0xad, 
	0x1a, 0xef, 0x2b, 0x73, 0x2b, 0x73, 0x54, 0xb9, 
	0x43, 0xf5, 0x5c, 0xfb, 0x6d, 0xbd, 0x6d, 0xbd, 
	0x75, 0xbd, 0x86, 0x3f, 0x86, 0x3f, 0x7d, 0xfd, 
	0x7d, 0xff, 0x96, 0xff, 0x96, 0xff, 0x8e, 0x7f, 
	0x6d, 0x3b, 0x6d, 0x3b, 0x6d, 0x3b, 0x6d, 0x3b, 
	0x54, 0xb7, 0x54, 0xb7, 0x3b, 0xb3, 0x6d, 0x7d, 
	0xcf, 0xff, 0x1a, 0xaf, 0x96, 0x39, 0xcf, 0xff, 
	0xbf, 0xbf, 0x9e, 0xbf, 0x9e, 0xbf, 0x7d, 0xfd, 
	0x44, 0x35, 0x6d, 0x79, 0x8e, 0xbf, 0x22, 0xef, 
	0x12, 0x6d, 0x12, 0xaf, 0x12, 0xaf, 0x12, 0xaf, 
	0x12, 0xaf, 0x12, 0xaf, 0x12, 0xaf, 0x1a, 0xf1, 
	0x12, 0xaf, 0x12, 0xaf, 0x12, 0xef, 0x12, 0xaf, 
	0x12, 0xaf, 0x12, 0xef, 0x12, 0xaf, 0x12, 0xef, 
	0x1a, 0xef, 0x1a, 0xef, 0x1a, 0xef, 0x1a, 0xf1, 
	0x1a, 0xef, 0x1a, 0xef, 0x1a, 0xef, 0x1a, 0xef, 
	0x1a, 0xef, 0x1a, 0xef, 0x1a, 0xef, 0x1a, 0xef, 
	0x1a, 0xaf, 0x1a, 0xaf, 0x1a, 0xaf, 0x1a, 0xaf, 
	0x44, 0x77, 0x75, 0x79, 0x75, 0x79, 0x9e, 0xbd, 
	0x86, 0x3d, 0x86, 0x3d, 0x75, 0xbd, 0x75, 0xbd, 
	0x6d, 0x79, 0x5c, 0xf7, 0x54, 0xb5, 0x54, 0xb5, 
	0x4c, 0x73, 0x44, 0x31, 0x44, 0x31, 0x44, 0x31, 
	0x3b, 0xad, 0x3b, 0xad, 0x3b, 0xad, 0x3b, 0xad, 
	0x3b, 0xad, 0x3b, 0xad, 0x3b, 0x6d, 0x3b, 0x6d, 
	0x3b, 0x6b, 0x33, 0x6b, 0x33, 0x6b, 0x33, 0x6b, 
	0x33, 0x6b, 0x33, 0x6b, 0x33, 0x2b, 0x33, 0x2b, 
	0x2b, 0x27, 0x2b, 0x27, 0x2b, 0x27, 0x2a, 0xe7, 
	0x2a, 0xe7, 0x2a, 0xe7, 0x2a, 0xe7, 0x2a, 0xe7, 
	0x2a, 0xe7, 0x2a, 0xe7, 0x2a, 0xe7, 0x2a, 0xe7, 
	0x2b, 0x29, 0x2b, 0x29, 0x33, 0x29, 0x33, 0x29, 
	0x33, 0x29, 0x33, 0x29, 0x33, 0x29, 0x33, 0x29, 
	0x33, 0x29, 0x33, 0x29, 0x33, 0x29, 0x33, 0x6b, 
	0x33, 0x6d, 0x3b, 0x6d, 0x3b, 0x6d, 0x3b, 0x6d, 
	0x33, 0x6d, 0x33, 0x6d, 0x3b, 0xaf, 0x4c, 0x35, 
	0x65, 0x3b, 0x65, 0x3b, 0x4c, 0x77, 0x22, 0xed, 
	0x0a, 0x6b, 0x0a, 0x6b, 0x12, 0xab, 0x12, 0xad, 
	0x0a, 0x6b, 0x0a, 0x6b, 0x0a, 0x6b, 0x0a, 0x6b, 
	0x0a, 0x6b, 0x0a, 0x6b, 0x0a, 0x6b, 0x0a, 0x6b, 
	0x0a, 0x69, 0x0a, 0x69, 0x0a, 0x69, 0x0a, 0x69, 
	0x0a, 0x69, 0x0a, 0x69, 0x0a, 0x69, 0x0a, 0x69, 
	0x0a, 0x69, 0x0a, 0x69, 0x0a, 0x69, 0x0a, 0x69, 
	0x0a, 0x69, 0x0a, 0x69, 0x0a, 0x69, 0x0a, 0x69, 
	0x0a, 0x69, 0x0a, 0x69, 0x0a, 0x69, 0x0a, 0x69, 
	0x12, 0x67, 0x12, 0x67, 0x02, 0x25, 0x33, 0x6d, 
	0xa7, 0x3f, 0xa7, 0x3f, 0x7d, 0xf9, 0x7d, 0xf9, 
	0x6d, 0x79, 0x6d, 0x79, 0x6d, 0x79, 0x6d, 0x79, 
	0x5c, 0xb5, 0x4c, 0x73, 0x4c, 0x73, 0x43, 0xf1, 
	0x43, 0xf1, 0x3b, 0xaf, 0x3b, 0xaf, 0x43, 0xf1, 
	0x33, 0x6d, 0x22, 0xeb, 0x22, 0xeb, 0x22, 0xeb, 
	0x1a, 0xab, 0x1a, 0xab, 0x1a, 0xab, 0x22, 0xeb, 
	0x22, 0xeb, 0x22, 0xeb, 0x22, 0xeb, 0x22, 0xeb, 
	0x22, 0xeb, 0x22, 0xed, 0x22, 0xed, 0x22, 0xed, 
	0x22, 0xed, 0x22, 0xed, 0x22, 0xed, 0x22, 0xed, 
	0x22, 0xed, 0x22, 0xed, 0x22, 0xed, 0x22, 0xed, 
	0x22, 0xed, 0x22, 0xed, 0x23, 0x2d, 0x22, 0xed, 
	0x1a, 0xed, 0x1a, 0xed, 0x1a, 0xed, 0x1a, 0xed, 
	0x22, 0xef, 0x23, 0x2f, 0x22, 0xef, 0x22, 0xef, 
	0x23, 0x2d, 0x23, 0x2d, 0x23, 0x2d, 0x23, 0x2d, 
	0x22, 0xed, 0x22, 0xed, 0x22, 0xed, 0x22, 0xed, 
	0x1a, 0xed, 0x1a, 0xed, 0x22, 0xed, 0x22, 0xed, 
	0x22, 0xef, 0x22, 0xef, 0x23, 0x2f, 0x23, 0x2f, 
	0x23, 0x2f, 0x2b, 0x31, 0x2b, 0x71, 0x2b, 0x71, 
	0x2b, 0x71, 0x23, 0x31, 0x23, 0x31, 0x23, 0x31, 
	0x22, 0xef, 0x22, 0xef, 0x22, 0xef, 0x22, 0xef, 
	0x22, 0xef, 0x22, 0xef, 0x22, 0xef, 0x1a, 0xad, 
	0x1a, 0xef, 0x1a, 0xef, 0x2b, 0x73, 0x43, 0xf5, 
	0x43, 0xf5, 0x6d, 0xbd, 0x5c, 0xfb, 0x5c, 0xfb, 
	0x75, 0xbd, 0x7d, 0xfd, 0x86, 0x3f, 0x86, 0x3f, 
	0x7d, 0xff, 0x8e, 0x7f, 0xa7, 0x7f, 0x96, 0xff, 
	0x5c, 0xb9, 0x5c, 0xb9, 0x5c, 0xb9, 0x6d, 0x3b, 
	0x54, 0xb7, 0x54, 0xb7, 0x3b, 0xb3, 0x3b, 0xb3, 
	0x96, 0x39, 0x96, 0x39, 0x96, 0x39, 0xcf, 0xff, 
	0x9e, 0xbf, 0x7d, 0xfd, 0x7d, 0xfd, 0x7d, 0xfd, 
	0x6d, 0x79, 0x6d, 0x79, 0x8e, 0xbf, 0x44, 0x35, 
	0x12, 0x6d, 0x12, 0xaf, 0x12, 0xaf, 0x12, 0xef, 
	0x12, 0xaf, 0x12, 0xaf, 0x12, 0xef, 0x12, 0xaf, 
	0x12, 0xef, 0x1a, 0xf1, 0x12, 0xef, 0x12, 0xef, 
	0x12, 0xef, 0x12, 0xef, 0x12, 0xef, 0x12, 0xef, 
	0x1a, 0xef, 0x1a, 0xf1, 0x1a, 0xef, 0x1a, 0xf1, 
	0x1a, 0xef, 0x1a, 0xf1, 0x1a, 0xf1, 0x1a, 0xf1, 
	0x1a, 0xf1, 0x1a, 0xf1, 0x1a, 0xf1, 0x1a, 0xf1, 
	0x1a, 0xaf, 0x1a, 0xaf, 0x1a, 0xaf, 0x43, 0xf3, 
	0xcf, 0xff, 0xcf, 0xff, 0x9e, 0xbd, 0xcf, 0xff, 
	0x96, 0xff, 0x86, 0x3d, 0x75, 0xbd, 0x75, 0xbd, 
	0x6d, 0x79, 0x6d, 0x79, 0x5c, 0xf7, 0x54, 0xb5, 
	0x4c, 0x73, 0x44, 0x31, 0x44, 0x31, 0x3b, 0xef, 
	0x3b, 0xef, 0x3b, 0xad, 0x3b, 0xad, 0x3b, 0xad, 
	0x3b, 0xad, 0x3b, 0xad, 0x3b, 0xad, 0x3b, 0xad, 
	0x3b, 0x6b, 0x33, 0x6b, 0x33, 0x6b, 0x33, 0x6b, 
	0x33, 0x6b, 0x33, 0x6b, 0x33, 0x2b, 0x33, 0x2b, 
	0x2b, 0x29, 0x2b, 0x27, 0x2b, 0x27, 0x2b, 0x27, 
	0x2a, 0xe7, 0x2a, 0xe7, 0x2a, 0xe7, 0x2a, 0xe7, 
	0x2a, 0xe7, 0x2a, 0xe7, 0x2a, 0xe7, 0x2a, 0xe7, 
	0x2b, 0x29, 0x2b, 0x29, 0x2b, 0x29, 0x2b, 0x29, 
	0x33, 0x29, 0x33, 0x29, 0x33, 0x29, 0x33, 0x29, 
	0x33, 0x29, 0x33, 0x6b, 0x33, 0x6b, 0x33, 0x29, 
	0x33, 0x2b, 0x33, 0x6d, 0x3b, 0x6d, 0x33, 0x6d, 
	0x33, 0x6d, 0x33, 0x6d, 0x3b, 0xaf, 0x4c, 0x35, 
	0x4c, 0x77, 0x4c, 0x77, 0x3b, 0xb1, 0x22, 0xed, 
	0x1a, 0xed, 0x12, 0xab, 0x0a, 0x6b, 0x0a, 0x6b, 
	0x0a, 0x6b, 0x0a, 0x6b, 0x0a, 0x6b, 0x0a, 0x6b, 
	0x0a, 0x6b, 0x0a, 0x6b, 0x0a, 0x6b, 0x0a, 0x6b, 
	0x0a, 0x6b, 0x0a, 0x6b, 0x0a, 0x6b, 0x0a, 0x69, 
	0x0a, 0x69, 0x0a, 0x69, 0x0a, 0x69, 0x0a, 0x69, 
	0x0a, 0x69, 0x0a, 0x69, 0x0a, 0x69, 0x0a, 0x69, 
	0x0a, 0x69, 0x0a, 0x69, 0x0a, 0x69, 0x0a, 0x69, 
	0x0a, 0x69, 0x0a, 0x69, 0x0a, 0x69, 0x12, 0xa9, 
	0x12, 0x67, 0x12, 0x67, 0x12, 0x67, 0x22, 0xeb, 
	0x7d, 0xf9, 0x7d, 0xf9, 0x7d, 0xf9, 0x7d, 0xf9, 
	0x86, 0x3b, 0x6d, 0x79, 0x54, 0xb5, 0x54, 0xb5, 
	0x5c, 0xb5, 0x4c, 0x73, 0x4c, 0x73, 0x43, 0xf1, 
	0x43, 0xf1, 0x3b, 0xaf, 0x33, 0x6d, 0x3b, 0xaf, 
	0x4c, 0x31, 0x33, 0x6d, 0x22, 0xeb, 0x0a, 0x27, 
	0x1a, 0xa9, 0x1a, 0xa9, 0x1a, 0xab, 0x1a, 0xab, 
	0x22, 0xeb, 0x22, 0xeb, 0x22, 0xeb, 0x22, 0xeb, 
	0x22, 0xed, 0x22, 0xeb, 0x22, 0xeb, 0x22, 0xed, 
	0x22, 0xed, 0x22, 0xed, 0x22, 0xed, 0x22, 0xed, 
	0x22, 0xed, 0x22, 0xed, 0x22, 0xed, 0x22, 0xed, 
	0x23, 0x2d, 0x23, 0x2d, 0x23, 0x2d, 0x2b, 0x2f, 
	0x23, 0x2f, 0x23, 0x2f, 0x1a, 0xed, 0x1a, 0xed, 
	0x22, 0xef, 0x23, 0x2f, 0x23, 0x2f, 0x23, 0x2f, 
	0x23, 0x2d, 0x2b, 0x2f, 0x2b, 0x2f, 0x23, 0x2d, 
	0x22, 0xed, 0x22, 0xed, 0x22, 0xed, 0x22, 0xed, 
	0x22, 0xed, 0x1a, 0xed, 0x1a, 0xed, 0x22, 0xed, 
	0x23, 0x2f, 0x23, 0x2f, 0x23, 0x2f, 0x23, 0x2f, 
	0x2b, 0x31, 0x2b, 0x71, 0x2b, 0x71, 0x2b, 0x71, 
	0x2b, 0x73, 0x2b, 0x73, 0x2b, 0x73, 0x2b, 0x71, 
	0x2b, 0x73, 0x2b, 0x73, 0x2b, 0x73, 0x33, 0xb5, 
	0x2b, 0x31, 0x2b, 0x31, 0x22, 0xef, 0x22, 0xef, 
	0x1a, 0xef, 0x1a, 0xef, 0x1a, 0xef, 0x43, 0xf5, 
	0x43, 0xf5, 0x5c, 0xfb, 0x43, 0xf5, 0x43, 0xf5, 
	0x6d, 0x7b, 0x75, 0xbd, 0x7d, 0xfd, 0x7d, 0xfd, 
	0x7d, 0xff, 0x8e, 0x7f, 0x7d, 0xff, 0x7d, 0xff, 
	0x5c, 0xb9, 0x5c, 0xb9, 0x6d, 0x3b, 0x6d, 0x3b, 
	0x54, 0xb7, 0x54, 0xb7, 0x3b, 0xb3, 0x22, 0xad, 
	0x54, 0x75, 0x96, 0x39, 0xcf, 0xff, 0xcf, 0xff, 
	0x9e, 0xbf, 0x7d, 0xfd, 0x7d, 0xfd, 0x5c, 0xfd, 
	0x44, 0x35, 0x44, 0x35, 0x6d, 0x79, 0x22, 0xef, 
	0x12, 0xad, 0x12, 0xef, 0x12, 0xaf, 0x12, 0xef, 
	0x12, 0xef, 0x12, 0xef, 0x12, 0xef, 0x1a, 0xf1, 
	0x1a, 0xf1, 0x1a, 0xf1, 0x12, 0xef, 0x12, 0xef, 
	0x12, 0xef, 0x1a, 0xf1, 0x1a, 0xf1, 0x1a, 0xf1, 
	0x1a, 0xef, 0x1a, 0xf1, 0x1a, 0xf1, 0x1a, 0xef, 
	0x1a, 0xf1, 0x1a, 0xf1, 0x1a, 0xf1, 0x1a, 0xf1, 
	0x1a, 0xf1, 0x1a, 0xf1, 0x1a, 0xf1, 0x1a, 0xf1, 
	0x1a, 0xaf, 0x1a, 0xaf, 0x1a, 0xaf, 0x9e, 0x7d, 
	0xcf, 0xff, 0xcf, 0xff, 0xcf, 0xff, 0xcf, 0xff, 
	0xa7, 0x7f, 0x96, 0xff, 0x86, 0x3d, 0x75, 0xbd, 
	0x75, 0xbb, 0x75, 0xbb, 0x75, 0xbb, 0x5c, 0xf7, 
	0x54, 0xb5, 0x4c, 0x73, 0x44, 0x31, 0x3b, 0xef, 
	0x3b, 0xef, 0x3b, 0xad, 0x3b, 0xad, 0x3b, 0xad, 
	0x3b, 0xad, 0x3b, 0xad, 0x3b, 0xad, 0x3b, 0xad, 
	0x3b, 0x6b, 0x33, 0x6b, 0x33, 0x6b, 0x33, 0x6b, 
	0x33, 0x6b, 0x33, 0x6b, 0x33, 0x2b, 0x33, 0x2b, 
	0x2b, 0x27, 0x2b, 0x27, 0x2b, 0x27, 0x2a, 0xe7, 
	0x2b, 0x27, 0x2a, 0xe7, 0x2a, 0xe7, 0x2a, 0xe7, 
	0x2a, 0xe7, 0x2a, 0xe7, 0x2a, 0xe7, 0x2a, 0xe7, 
	0x2a, 0xe7, 0x2a, 0xe7, 0x2a, 0xe7, 0x2b, 0x29, 
	0x33, 0x29, 0x33, 0x29, 0x33, 0x29, 0x33, 0x29, 
	0x33, 0x29, 0x33, 0x6b, 0x3b, 0x6b, 0x33, 0x29, 
	0x33, 0x2b, 0x33, 0x2b, 0x33, 0x2b, 0x33, 0x2b, 
	0x33, 0x6d, 0x3b, 0xaf, 0x3b, 0xaf, 0x43, 0xf3, 
	0x3b, 0xb1, 0x3b, 0xb1, 0x3b, 0xb1, 0x3b, 0xb1, 
	0x1a, 0xed, 0x12, 0xab, 0x0a, 0x6b, 0x0a, 0x6b, 
	0x0a, 0x6b, 0x0a, 0x6b, 0x0a, 0x6b, 0x0a, 0x6b, 
	0x0a, 0x6b, 0x0a, 0x6b, 0x0a, 0x6b, 0x0a, 0x6b, 
	0x0a, 0x6b, 0x0a, 0x6b, 0x0a, 0x6b, 0x0a, 0x6b, 
	0x0a, 0x6b, 0x0a, 0x6b, 0x0a, 0x6b, 0x0a, 0x6b, 
	0x0a, 0x69, 0x0a, 0x69, 0x0a, 0x6b, 0x0a, 0x69, 
	0x0a, 0x69, 0x0a, 0x69, 0x12, 0x6b, 0x12, 0x6b, 
	0x12, 0xa9, 0x0a, 0x69, 0x12, 0xa9, 0x12, 0xa9, 
	0x12, 0x67, 0x12, 0x67, 0x12, 0x67, 0x02, 0x25, 
	0x2b, 0x2f, 0x7d, 0xf9, 0x7d, 0xf9, 0x7d, 0xf9, 
	0x86, 0x3b, 0x86, 0x3b, 0x54, 0xb5, 0x54, 0xb5, 
	0x4c, 0x73, 0x4c, 0x73, 0x43, 0xf1, 0x43, 0xf1, 
	0x3b, 0xaf, 0x3b, 0xaf, 0x3b, 0x6f, 0x33, 0x6d, 
	0x33, 0x6d, 0x33, 0x6d, 0x22, 0xeb, 0x22, 0xeb, 
	0x1a, 0xa9, 0x1a, 0xa9, 0x12, 0x69, 0x1a, 0xa9, 
	0x1a, 0xab, 0x1a, 0xab, 0x1a, 0xab, 0x1a, 0xab, 
	0x22, 0xeb, 0x22, 0xeb, 0x22, 0xeb, 0x22, 0xed, 
	0x22, 0xed, 0x22, 0xed, 0x22, 0xed, 0x22, 0xed, 
	0x22, 0xed, 0x22, 0xed, 0x22, 0xed, 0x22, 0xed, 
	0x23, 0x2d, 0x23, 0x2d, 0x23, 0x2d, 0x23, 0x2d, 
	0x23, 0x2f, 0x23, 0x2f, 0x23, 0x2f, 0x23, 0x2f, 
	0x23, 0x2f, 0x23, 0x2f, 0x23, 0x2f, 0x23, 0x2f, 
	0x2b, 0x2f, 0x23, 0x2d, 0x2b, 0x2f, 0x2b, 0x2f, 
	0x2b, 0x2f, 0x2b, 0x2f, 0x22, 0xed, 0x22, 0xed, 
	0x22, 0xed, 0x1a, 0xed, 0x22, 0xed, 0x1a, 0xed, 
	0x22, 0xef, 0x23, 0x2f, 0x23, 0x2f, 0x23, 0x2f, 
	0x2b, 0x31, 0x2b, 0x31, 0x2b, 0x31, 0x2b, 0x71, 
	0x2b, 0x71, 0x2b, 0x73, 0x2b, 0x71, 0x2b, 0x71, 
	0x2b, 0x73, 0x33, 0xb5, 0x33, 0xb5, 0x33, 0xb5, 
	0x33, 0x73, 0x33, 0x73, 0x33, 0x73, 0x33, 0x73, 
	0x2b, 0x73, 0x2b, 0x73, 0x2b, 0x73, 0x43, 0xf5, 
	0x4c, 0x37, 0x54, 0xb9, 0x54, 0xb9, 0x65, 0x3b, 
	0x75, 0xbd, 0x75, 0xbd, 0x75, 0xbd, 0x75, 0xbd, 
	0x7d, 0xfd, 0x7d, 0xfd, 0x6d, 0x3b, 0x64, 0xf9, 
	0x64, 0xf9, 0x64, 0xf9, 0x6d, 0x7b, 0x64, 0xf9, 
	0x54, 0x77, 0x54, 0x77, 0x43, 0xf5, 0x22, 0xef, 
	0x4c, 0x75, 0x7d, 0xbb, 0x7d, 0xbb, 0xa7, 0x3f, 
	0xa6, 0xfd, 0x7d, 0xfd, 0x7d, 0xfd, 0x5c, 0xfb, 
	0x4c, 0x35, 0x4c, 0x35, 0x4c, 0x35, 0x1a, 0xb1, 
	0x1a, 0xef, 0x1a, 0xef, 0x1a, 0xef, 0x1a, 0xef, 
	0x1a, 0xf1, 0x1a, 0xf1, 0x1a, 0xf1, 0x1a, 0xf1, 
	0x1a, 0xf1, 0x1a, 0xf1, 0x1a, 0xf1, 0x1a, 0xf1, 
	0x1a, 0xf1, 0x1a, 0xf1, 0x1a, 0xf1, 0x23, 0x33, 
	0x23, 0x31, 0x1a, 0xf1, 0x1a, 0xf1, 0x1a, 0xf1, 
	0x23, 0x33, 0x23, 0x31, 0x1a, 0xf1, 0x1a, 0xf1, 
	0x1a, 0xf1, 0x1a, 0xf1, 0x1a, 0xf1, 0x23, 0x31, 
	0x1a, 0xf1, 0x1a, 0xf1, 0x64, 0xb5, 0xef, 0xff, 
	0xf7, 0xff, 0xd7, 0xff, 0xd7, 0xff, 0xf7, 0xff, 
	0xcf, 0xff, 0xb7, 0x7f, 0xb7, 0x7f, 0x7e, 0x7f, 
	0x7d, 0xf9, 0x7d, 0xf9, 0x7d, 0xf9, 0x5c, 0xf7, 
	0x5c, 0xb5, 0x54, 0x73, 0x4c, 0x31, 0x43, 0xef, 
	0x43, 0xef, 0x43, 0xef, 0x3b, 0xad, 0x3b, 0xad, 
	0x3b, 0xad, 0x3b, 0xad, 0x3b, 0x6d, 0x3b, 0xad, 
	0x3b, 0x6b, 0x3b, 0x6b, 0x33, 0x6b, 0x33, 0x6b, 
	0x33, 0x6b, 0x33, 0x6b, 0x33, 0x29, 0x33, 0x29, 
	0x33, 0x29, 0x2b, 0x29, 0x2b, 0x29, 0x2b, 0x29, 
	0x2b, 0x27, 0x2b, 0x27, 0x2a, 0xe7, 0x2a, 0xe7, 
	0x2b, 0x27, 0x2a, 0xe7, 0x2a, 0xe7, 0x2a, 0xe7, 
	0x2a, 0xe7, 0x2a, 0xe7, 0x2a, 0xe7, 0x2a, 0xe7, 
	0x2b, 0x27, 0x33, 0x29, 0x33, 0x29, 0x33, 0x29, 
	0x33, 0x6b, 0x33, 0x6b, 0x33, 0x29, 0x33, 0x29, 
	0x33, 0x2b, 0x33, 0x2b, 0x2b, 0x2b, 0x33, 0x2b, 
	0x33, 0x6d, 0x33, 0x6d, 0x33, 0x6d, 0x3b, 0xaf, 
	0x43, 0xf3, 0x43, 0xf3, 0x43, 0xf3, 0x43, 0xf3, 
	0x22, 0xed, 0x0a, 0x6b, 0x0a, 0x6b, 0x0a, 0x6b, 
	0x0a, 0x6b, 0x0a, 0x6b, 0x0a, 0x6b, 0x0a, 0x6b, 
	0x0a, 0x6b, 0x0a, 0x6b, 0x0a, 0x6b, 0x0a, 0x6b, 
	0x0a, 0x6d, 0x0a, 0x6d, 0x12, 0xab, 0x12, 0xab, 
	0x0a, 0x6b, 0x0a, 0x6b, 0x12, 0xad, 0x0a, 0x6b, 
	0x0a, 0x6b, 0x0a, 0x6b, 0x0a, 0x6b, 0x0a, 0x6b, 
	0x0a, 0x6b, 0x0a, 0x6b, 0x0a, 0x6b, 0x12, 0xab, 
	0x12, 0xa9, 0x12, 0xa9, 0x1a, 0xab, 0x12, 0xa9, 
	0x12, 0xa9, 0x12, 0xa9, 0x12, 0xa9, 0x0a, 0x67, 
	0x22, 0xa9, 0x75, 0x7b, 0x75, 0x7b, 0x75, 0x7b, 
	0x5c, 0xb5, 0x54, 0x73, 0x4c, 0x33, 0x4c, 0x33, 
	0x44, 0x31, 0x44, 0x31, 0x43, 0xef, 0x3b, 0xaf, 
	0x3b, 0xad, 0x33, 0x6d, 0x33, 0x6d, 0x33, 0x6d, 
	0x33, 0x6d, 0x2b, 0x2d, 0x2a, 0xeb, 0x22, 0xeb, 
	0x22, 0xeb, 0x12, 0xa9, 0x12, 0xa9, 0x12, 0xa9, 
	0x12, 0x69, 0x1a, 0xa9, 0x1a, 0xa9, 0x1a, 0xa9, 
	0x1a, 0xa9, 0x1a, 0xab, 0x1a, 0xab, 0x1a, 0xab, 
	0x1a, 0xab, 0x1a, 0xeb, 0x1a, 0xeb, 0x22, 0xeb, 
	0x22, 0xed, 0x22, 0xed, 0x22, 0xed, 0x22, 0xed, 
	0x22, 0xed, 0x22, 0xed, 0x22, 0xed, 0x1a, 0xed, 
	0x22, 0xed, 0x22, 0xed, 0x22, 0xed, 0x23, 0x2f, 
	0x23, 0x2f, 0x23, 0x2f, 0x23, 0x2f, 0x23, 0x2f, 
	0x2b, 0x2f, 0x2b, 0x2f, 0x23, 0x2d, 0x22, 0xed, 
	0x22, 0xed, 0x2b, 0x2f, 0x22, 0xed, 0x22, 0xed, 
	0x22, 0xed, 0x22, 0xed, 0x22, 0xed, 0x22, 0xed, 
	0x22, 0xef, 0x23, 0x2f, 0x23, 0x31, 0x23, 0x31, 
	0x2b, 0x31, 0x2b, 0x31, 0x2b, 0x31, 0x23, 0x2f, 
	0x23, 0x31, 0x2b, 0x31, 0x2b, 0x31, 0x2b, 0x31, 
	0x2b, 0x31, 0x2b, 0x31, 0x2b, 0x71, 0x2b, 0x71, 
	0x2b, 0x71, 0x2b, 0x71, 0x2b, 0x73, 0x33, 0xb5, 
	0x3b, 0xf5, 0x33, 0xb3, 0x3b, 0xf5, 0x4c, 0x37, 
	0x3b, 0xf5, 0x4c, 0x37, 0x4c, 0x37, 0x54, 0xb9, 
	0x75, 0xbd, 0x86, 0x3f, 0x75, 0xbd, 0x75, 0xbd, 
	0x75, 0xbb, 0x75, 0xbb, 0x75, 0xbb, 0x6d, 0x3b, 
	0x64, 0xf9, 0x54, 0xb7, 0x54, 0xb7, 0x64, 0xf9, 
	0x54, 0x77, 0x43, 0xf5, 0x43, 0xf5, 0x22, 0xef, 
	0x22, 0xf1, 0xa7, 0x3f, 0xa7, 0x3f, 0xa7, 0x3f, 
	0xa6, 0xfd, 0xa6, 0xfd, 0x5c, 0xfb, 0x5c, 0xfb, 
	0x7d, 0xbb, 0x4c, 0x35, 0x1a, 0xb1, 0x1a, 0xb1, 
	0x1a, 0xef, 0x1a, 0xef, 0x1a, 0xef, 0x1a, 0xef, 
	0x1a, 0xf1, 0x1a, 0xf1, 0x1a, 0xf1, 0x1a, 0xf1, 
	0x1a, 0xf1, 0x1a, 0xf1, 0x1a, 0xf1, 0x1a, 0xf1, 
	0x1a, 0xf1, 0x1a, 0xf1, 0x1a, 0xf1, 0x1a, 0xf1, 
	0x23, 0x31, 0x1a, 0xf1, 0x23, 0x31, 0x23, 0x31, 
	0x23, 0x31, 0x23, 0x31, 0x1a, 0xf1, 0x1a, 0xf1, 
	0x1a, 0xf1, 0x23, 0x31, 0x23, 0x31, 0x23, 0x31, 
	0x1a, 0xf1, 0x64, 0xb5, 0xef, 0xff, 0xef, 0xff, 
	0xf7, 0xff, 0xef, 0xff, 0xdf, 0xff, 0xef, 0xff, 
	0xcf, 0xff, 0xcf, 0xff, 0xcf, 0xff, 0x96, 0xff, 
	0x96, 0xfd, 0x96, 0xfd, 0x7d, 0xf9, 0x5c, 0xf7, 
	0x54, 0x73, 0x54, 0x73, 0x4c, 0x31, 0x43, 0xef, 
	0x43, 0xaf, 0x43, 0xaf, 0x3b, 0xad, 0x3b, 0xad, 
	0x3b, 0xad, 0x3b, 0x6d, 0x3b, 0x6d, 0x33, 0x6b, 
	0x3b, 0x6b, 0x3b, 0x6b, 0x3b, 0x6b, 0x33, 0x6b, 
	0x33, 0x6b, 0x33, 0x29, 0x33, 0x29, 0x33, 0x29, 
	0x33, 0x29, 0x2b, 0x29, 0x2b, 0x29, 0x33, 0x29, 
	0x2b, 0x27, 0x33, 0x29, 0x2b, 0x27, 0x2b, 0x27, 
	0x2b, 0x27, 0x2b, 0x27, 0x2a, 0xe7, 0x2a, 0xe7, 
	0x2a, 0xe7, 0x2a, 0xe7, 0x2a, 0xe7, 0x2a, 0xe7, 
	0x2a, 0xe7, 0x2b, 0x27, 0x33, 0x29, 0x33, 0x29, 
	0x33, 0x29, 0x33, 0x29, 0x33, 0x29, 0x33, 0x29, 
	0x33, 0x2b, 0x33, 0x2b, 0x33, 0x2b, 0x33, 0x2b, 
	0x33, 0x6d, 0x33, 0x6d, 0x33, 0x6d, 0x33, 0x6d, 
	0x33, 0x6f, 0x43, 0xf3, 0x43, 0xf3, 0x33, 0x6f, 
	0x12, 0xab, 0x0a, 0x6b, 0x12, 0xab, 0x12, 0xab, 
	0x0a, 0x6b, 0x12, 0xad, 0x0a, 0x6b, 0x0a, 0x6b, 
	0x0a, 0x6b, 0x0a, 0x6b, 0x0a, 0x6b, 0x12, 0xab, 
	0x0a, 0x6d, 0x0a, 0x6d, 0x0a, 0x6d, 0x12, 0xab, 
	0x12, 0xad, 0x12, 0xad, 0x12, 0xad, 0x12, 0xad, 
	0x12, 0xab, 0x12, 0xab, 0x12, 0xab, 0x12, 0xab, 
	0x12, 0xab, 0x1a, 0xed, 0x1a, 0xed, 0x1a, 0xed, 
	0x1a, 0xeb, 0x1a, 0xeb, 0x1a, 0xab, 0x12, 0xa9, 
	0x12, 0xa9, 0x12, 0xa9, 0x12, 0xa9, 0x0a, 0x67, 
	0x3b, 0xaf, 0x75, 0x7b, 0x5c, 0xb5, 0x5c, 0xb5, 
	0x4c, 0x33, 0x43, 0xf1, 0x43, 0xf1, 0x43, 0xf1, 
	0x44, 0x31, 0x43, 0xef, 0x3b, 0xaf, 0x3b, 0xaf, 
	0x3b, 0xad, 0x33, 0x6d, 0x33, 0x6d, 0x2b, 0x2d, 
	0x33, 0x6d, 0x33, 0x6d, 0x2b, 0x2d, 0x2a, 0xeb, 
	0x1a, 0xa9, 0x1a, 0xa9, 0x1a, 0xa9, 0x12, 0xa9, 
	0x1a, 0xa9, 0x1a, 0xa9, 0x1a, 0xa9, 0x1a, 0xab, 
	0x1a, 0xa9, 0x1a, 0xa9, 0x1a, 0xa9, 0x1a, 0xa9, 
	0x12, 0xab, 0x1a, 0xab, 0x1a, 0xab, 0x1a, 0xab, 
	0x22, 0xed, 0x22, 0xed, 0x22, 0xed, 0x22, 0xed, 
	0x22, 0xed, 0x22, 0xed, 0x22, 0xed, 0x22, 0xed, 
	0x22, 0xed, 0x22, 0xed, 0x22, 0xed, 0x22, 0xed, 
	0x22, 0xed, 0x22, 0xed, 0x23, 0x2f, 0x23, 0x2f, 
	0x23, 0x2d, 0x2b, 0x2f, 0x2b, 0x2f, 0x2b, 0x2f, 
	0x22, 0xed, 0x23, 0x2d, 0x23, 0x2d, 0x23, 0x2d, 
	0x22, 0xed, 0x22, 0xed, 0x22, 0xed, 0x22, 0xed, 
	0x22, 0xef, 0x22, 0xef, 0x23, 0x2f, 0x23, 0x2f, 
	0x23, 0x2f, 0x2b, 0x31, 0x2b, 0x71, 0x2b, 0x71, 
	0x2b, 0x31, 0x23, 0x31, 0x23, 0x31, 0x23, 0x31, 
	0x23, 0x2f, 0x22, 0xef, 0x22, 0xef, 0x23, 0x2f, 
	0x23, 0x2f, 0x23, 0x2f, 0x2b, 0x71, 0x2b, 0x71, 
	0x23, 0x31, 0x33, 0xb3, 0x33, 0xb3, 0x3b, 0xf5, 
	0x3b, 0xf5, 0x4c, 0x37, 0x3b, 0xf5, 0x4c, 0x37, 
	0x5c, 0xf9, 0x86, 0x3f, 0x86, 0x3f, 0x75, 0xbd, 
	0x75, 0xbb, 0x75, 0xbb, 0x75, 0xbb, 0x6d, 0x3b, 
	0x64, 0xf9, 0x54, 0xb7, 0x4c, 0x35, 0x54, 0xb7, 
	0x54, 0x77, 0x43, 0xf5, 0x43, 0xf5, 0x22, 0xef, 
	0x22, 0xf1, 0x7d, 0xbb, 0x7d, 0xbb, 0xa7, 0x3f, 
	0xc7, 0xff, 0xa6, 0xfd, 0x5c, 0xfb, 0x5c, 0xfb, 
	0x4c, 0x35, 0x4c, 0x35, 0x1a, 0xb1, 0x7d, 0xbb, 
	0x9e, 0xff, 0x75, 0xb9, 0x1a, 0xef, 0x1a, 0xef, 
	0x23, 0x31, 0x23, 0x31, 0x23, 0x31, 0x23, 0x31, 
	0x23, 0x33, 0x1a, 0xf1, 0x1a, 0xf1, 0x1a, 0xf1, 
	0x1a, 0xf1, 0x1a, 0xf1, 0x1a, 0xf1, 0x1a, 0xf1, 
	0x1a, 0xf1, 0x1a, 0xf1, 0x23, 0x31, 0x23, 0x33, 
	0x2b, 0x73, 0x23, 0x33, 0x23, 0x31, 0x1a, 0xf1, 
	0x1a, 0xf1, 0x23, 0x31, 0x1a, 0xf1, 0x12, 0xb1, 
	0x1a, 0xf1, 0xef, 0xff, 0xef, 0xff, 0xef, 0xff, 
	0xef, 0xff, 0xef, 0xff, 0xdf, 0xff, 0xef, 0xff, 
	0xcf, 0xff, 0xb7, 0x7f, 0xb7, 0x7f, 0xb7, 0x7f, 
	0xb7, 0xff, 0x96, 0xfd, 0x5c, 0xf7, 0x5c, 0xf7, 
	0x54, 0x73, 0x4c, 0x31, 0x43, 0xef, 0x43, 0xef, 
	0x43, 0xef, 0x43, 0xef, 0x43, 0xaf, 0x3b, 0xad, 
	0x3b, 0xad, 0x3b, 0x6d, 0x3b, 0x6d, 0x33, 0x6b, 
	0x33, 0x6b, 0x3b, 0x6b, 0x3b, 0x6b, 0x3b, 0x6b, 
	0x33, 0x6b, 0x33, 0x29, 0x33, 0x29, 0x33, 0x29, 
	0x33, 0x29, 0x2b, 0x29, 0x2b, 0x29, 0x33, 0x29, 
	0x2b, 0x27, 0x33, 0x29, 0x33, 0x29, 0x33, 0x29, 
	0x33, 0x29, 0x33, 0x29, 0x33, 0x29, 0x2b, 0x27, 
	0x2a, 0xe7, 0x2a, 0xe7, 0x2a, 0xe7, 0x2a, 0xe7, 
	0x2a, 0xe7, 0x33, 0x29, 0x33, 0x29, 0x33, 0x29, 
	0x33, 0x6b, 0x33, 0x6b, 0x33, 0x29, 0x33, 0x29, 
	0x33, 0x2b, 0x33, 0x2b, 0x33, 0x2b, 0x2b, 0x2b, 
	0x2b, 0x2b, 0x2b, 0x2b, 0x33, 0x6d, 0x33, 0x6d, 
	0x33, 0x6f, 0x33, 0x6f, 0x43, 0xf3, 0x2b, 0x2d, 
	0x12, 0xab, 0x0a, 0x6b, 0x12, 0xab, 0x12, 0xab, 
	0x12, 0xad, 0x12, 0xad, 0x12, 0xad, 0x0a, 0x6b, 
	0x0a, 0x6b, 0x0a, 0x6b, 0x12, 0xab, 0x12, 0xab, 
	0x0a, 0x6d, 0x12, 0xab, 0x12, 0xab, 0x12, 0xab, 
	0x12, 0xad, 0x0a, 0x6b, 0x12, 0xad, 0x12, 0xad, 
	0x12, 0xad, 0x1a, 0xed, 0x1a, 0xed, 0x1a, 0xed, 
	0x23, 0x2d, 0x23, 0x2d, 0x23, 0x2d, 0x23, 0x2d, 
	0x1a, 0xeb, 0x1a, 0xeb, 0x1a, 0xeb, 0x1a, 0xab, 
	0x1a, 0xa9, 0x1a, 0xa9, 0x12, 0xa9, 0x0a, 0x67, 
	0x3b, 0xaf, 0x5c, 0xb5, 0x5c, 0xb5, 0x5c, 0xb5, 
	0x4c, 0x33, 0x43, 0xf1, 0x4c, 0x33, 0x4c, 0x33, 
	0x44, 0x31, 0x43, 0xef, 0x3b, 0xaf, 0x3b, 0xaf, 
	0x33, 0x6d, 0x33, 0x6d, 0x33, 0x6d, 0x33, 0x6d, 
	0x33, 0x6d, 0x33, 0x6d, 0x2b, 0x2d, 0x2b, 0x2d, 
	0x22, 0xeb, 0x1a, 0xa9, 0x1a, 0xa9, 0x22, 0xeb, 
	0x22, 0xeb, 0x22, 0xeb, 0x22, 0xeb, 0x1a, 0xab, 
	0x1a, 0xab, 0x1a, 0xab, 0x1a, 0xab, 0x1a, 0xab, 
	0x12, 0xab, 0x12, 0xab, 0x12, 0xab, 0x1a, 0xab, 
	0x1a, 0xab, 0x1a, 0xeb, 0x1a, 0xeb, 0x1a, 0xeb, 
	0x22, 0xed, 0x22, 0xed, 0x22, 0xed, 0x23, 0x2d, 
	0x22, 0xed, 0x22, 0xed, 0x23, 0x2f, 0x23, 0x2f, 
	0x22, 0xed, 0x22, 0xed, 0x22, 0xed, 0x22, 0xed, 
	0x22, 0xed, 0x23, 0x2d, 0x22, 0xed, 0x23, 0x2d, 
	0x2b, 0x2f, 0x2b, 0x2f, 0x23, 0x2d, 0x23, 0x2d, 
	0x22, 0xed, 0x22, 0xed, 0x22, 0xed, 0x22, 0xed, 
	0x22, 0xed, 0x22, 0xed, 0x22, 0xef, 0x22, 0xef, 
	0x22, 0xef, 0x22, 0xef, 0x23, 0x2f, 0x23, 0x2f, 
	0x23, 0x31, 0x23, 0x31, 0x23, 0x31, 0x2b, 0x31, 
	0x23, 0x2f, 0x23, 0x2f, 0x22, 0xef, 0x22, 0xef, 
	0x23, 0x2f, 0x23, 0x2f, 0x23, 0x2f, 0x23, 0x2f, 
	0x23, 0x31, 0x23, 0x31, 0x23, 0x31, 0x3b, 0xf5, 
	0x3b, 0xf5, 0x3b, 0xf5, 0x3b, 0xf5, 0x54, 0xb9, 
	0x4c, 0x77, 0x75, 0xbd, 0x86, 0x3f, 0x75, 0xbd, 
	0x75, 0xbb, 0x75, 0xbb, 0x6d, 0x3b, 0x64, 0xf9, 
	0x54, 0xb7, 0x54, 0xb7, 0x4c, 0x35, 0x4c, 0x35, 
	0x54, 0x77, 0x43, 0xf5, 0x43, 0xf5, 0x33, 0x71, 
	0x22, 0xf1, 0x22, 0xf1, 0x7d, 0xbb, 0xa7, 0x3f, 
	0xa6, 0xfd, 0x7d, 0xfd, 0x5c, 0xfb, 0x5c, 0xfb, 
	0x4c, 0x35, 0x4c, 0x35, 0x7d, 0xbb, 0xaf, 0x3f, 
	0x9e, 0xff, 0x9e, 0xff, 0x44, 0x35, 0x1a, 0xef, 
	0x33, 0x73, 0x33, 0x73, 0x2b, 0x33, 0x2b, 0x33, 
	0x2b, 0x73, 0x2b, 0x73, 0x2b, 0x73, 0x33, 0xb5, 
	0x23, 0x33, 0x23, 0x33, 0x23, 0x73, 0x23, 0x73, 
	0x2b, 0x73, 0x23, 0x31, 0x23, 0x31, 0x23, 0x33, 
	0x2b, 0x73, 0x23, 0x31, 0x1a, 0xf1, 0x23, 0x31, 
	0x1a, 0xf1, 0x1a, 0xf1, 0x1a, 0xf1, 0x12, 0xb1, 
	0x1a, 0xf1, 0xa6, 0x3b, 0xef, 0xff, 0xef, 0xff, 
	0xdf, 0xff, 0xd7, 0xff, 0xd7, 0xff, 0xd7, 0xff, 
	0xcf, 0xff, 0xb7, 0x7f, 0xcf, 0xff, 0xcf, 0xff, 
	0xb7, 0xff, 0x96, 0xfd, 0x7d, 0xf9, 0x5c, 0xf7, 
	0x5c, 0xb5, 0x4c, 0x31, 0x43, 0xef, 0x43, 0xef, 
	0x43, 0xef, 0x43, 0xef, 0x3b, 0xad, 0x3b, 0xad, 
	0x3b, 0xad, 0x3b, 0x6d, 0x3b, 0x6d, 0x3b, 0x6d, 
	0x33, 0x6b, 0x3b, 0x6b, 0x3b, 0x6b, 0x33, 0x6b, 
	0x33, 0x6b, 0x33, 0x29, 0x33, 0x29, 0x33, 0x29, 
	0x33, 0x29, 0x33, 0x29, 0x33, 0x29, 0x2b, 0x29, 
	0x33, 0x29, 0x33, 0x29, 0x33, 0x29, 0x33, 0x29, 
	0x33, 0x69, 0x33, 0x69, 0x33, 0x29, 0x2b, 0x27, 
	0x33, 0x29, 0x33, 0x29, 0x33, 0x29, 0x2a, 0xe7, 
	0x2b, 0x27, 0x33, 0x29, 0x33, 0x29, 0x33, 0x29, 
	0x33, 0x29, 0x33, 0x29, 0x33, 0x6b, 0x33, 0x29, 
	0x33, 0x2b, 0x33, 0x2b, 0x2b, 0x2b, 0x2b, 0x29, 
	0x2b, 0x2b, 0x2b, 0x2b, 0x2b, 0x2b, 0x33, 0x6d, 
	0x2b, 0x2d, 0x1a, 0xa9, 0x2b, 0x2d, 0x2b, 0x2d, 
	0x12, 0xab, 0x0a, 0x6b, 0x12, 0xab, 0x12, 0xab, 
	0x12, 0xad, 0x12, 0xad, 0x0a, 0x6b, 0x0a, 0x6b, 
	0x0a, 0x6b, 0x0a, 0x6b, 0x0a, 0x6b, 0x0a, 0x6b, 
	0x12, 0xab, 0x12, 0xab, 0x12, 0xab, 0x0a, 0x6d, 
	0x12, 0xad, 0x0a, 0x6b, 0x12, 0xad, 0x12, 0xad, 
	0x12, 0xab, 0x12, 0xab, 0x12, 0xad, 0x1a, 0xed, 
	0x1a, 0xed, 0x23, 0x2d, 0x23, 0x2d, 0x23, 0x2d, 
	0x22, 0xed, 0x22, 0xed, 0x22, 0xed, 0x22, 0xed, 
	0x22, 0xeb, 0x22, 0xeb, 0x12, 0xa9, 0x1a, 0xa9, 
	0x5c, 0xb5, 0x75, 0x7b, 0x5c, 0xb5, 0x5c, 0xb5, 
	0x4c, 0x33, 0x4c, 0x33, 0x4c, 0x33, 0x43, 0xf1, 
	0x43, 0xef, 0x3b, 0xaf, 0x3b, 0xaf, 0x3b, 0x6d, 
	0x33, 0x6d, 0x33, 0x6d, 0x33, 0x6d, 0x2b, 0x2d, 
	0x2a, 0xeb, 0x2a, 0xeb, 0x22, 0xeb, 0x22, 0xeb, 
	0x22, 0xeb, 0x1a, 0xa9, 0x1a, 0xa9, 0x2b, 0x2b, 
	0x22, 0xeb, 0x1a, 0xa9, 0x1a, 0xab, 0x1a, 0xab, 
	0x22, 0xeb, 0x22, 0xed, 0x22, 0xed, 0x22, 0xed, 
	0x22, 0xeb, 0x1a, 0xeb, 0x1a, 0xeb, 0x1a, 0xeb, 
	0x1a, 0xeb, 0x1a, 0xab, 0x1a, 0xab, 0x1a, 0xab, 
	0x1a, 0xad, 0x1a, 0xed, 0x1a, 0xed, 0x1a, 0xed, 
	0x22, 0xed, 0x22, 0xed, 0x22, 0xed, 0x23, 0x2f, 
	0x23, 0x2f, 0x23, 0x2f, 0x23, 0x2f, 0x23, 0x2f, 
	0x2b, 0x2f, 0x2b, 0x2f, 0x23, 0x2d, 0x23, 0x2d, 
	0x2b, 0x2f, 0x2b, 0x2f, 0x2b, 0x2f, 0x2b, 0x2f, 
	0x2b, 0x2f, 0x23, 0x2f, 0x23, 0x2f, 0x23, 0x2f, 
	0x23, 0x2f, 0x23, 0x2f, 0x23, 0x2f, 0x23, 0x2f, 
	0x23, 0x2f, 0x23, 0x2f, 0x23, 0x2f, 0x2b, 0x31, 
	0x23, 0x31, 0x23, 0x31, 0x23, 0x31, 0x23, 0x31, 
	0x2b, 0x31, 0x2b, 0x31, 0x23, 0x2f, 0x23, 0x2f, 
	0x23, 0x2f, 0x23, 0x2f, 0x23, 0x2f, 0x23, 0x2f, 
	0x23, 0x31, 0x23, 0x31, 0x23, 0x31, 0x33, 0xb3, 
	0x33, 0x73, 0x33, 0x73, 0x4c, 0x77, 0x4c, 0x77, 
	0x54, 0xb7, 0x54, 0xb7, 0x6d, 0x3b, 0x7d, 0xfd, 
	0x75, 0x7b, 0x75, 0x7b, 0x6d, 0x3b, 0x64, 0xf9, 
	0x5c, 0xf7, 0x54, 0xb7, 0x4c, 0x75, 0x4c, 0x75, 
	0x4c, 0x75, 0x4c, 0x75, 0x43, 0xf3, 0x33, 0x71, 
	0x3b, 0xb1, 0x3b, 0xb1, 0x7d, 0xfd, 0x7d, 0xfd, 
	0x65, 0x39, 0x65, 0x39, 0x75, 0xbd, 0x75, 0xbd, 
	0x6d, 0x7b, 0x86, 0x3d, 0xa6, 0xfd, 0xa6, 0xfd, 
	0xa7, 0x3f, 0x54, 0xb7, 0x2b, 0x73, 0x2b, 0x73, 
	0x2b, 0x73, 0x2b, 0x73, 0x2b, 0x73, 0x2b, 0x73, 
	0x2b, 0xb5, 0x2b, 0xb5, 0x2b, 0x75, 0x2b, 0xb5, 
	0x2b, 0xb7, 0x23, 0x35, 0x2b, 0x75, 0x33, 0xf7, 
	0x44, 0x37, 0x2b, 0x75, 0x23, 0x33, 0x23, 0x33, 
	0x1a, 0xf1, 0x1b, 0x33, 0x1b, 0x33, 0x1a, 0xf1, 
	0x23, 0x33, 0x23, 0x33, 0x23, 0x33, 0x23, 0x33, 
	0x33, 0xb7, 0xd7, 0xff, 0xd7, 0xff, 0xd7, 0xff, 
	0xd7, 0xff, 0xd7, 0xff, 0xd7, 0xff, 0xd7, 0xff, 
	0xd7, 0xff, 0xc7, 0xff, 0xc7, 0xff, 0xd7, 0xff, 
	0xbf, 0xff, 0xa7, 0x3d, 0x8e, 0x7d, 0x75, 0xbb, 
	0x65, 0x37, 0x4c, 0x31, 0x43, 0xef, 0x43, 0xef, 
	0x3b, 0xad, 0x3b, 0xad, 0x3b, 0xad, 0x3b, 0xad, 
	0x3b, 0xad, 0x3b, 0xad, 0x3b, 0x6b, 0x3b, 0x6b, 
	0x3b, 0x6b, 0x3b, 0x6b, 0x3b, 0x6b, 0x3b, 0x6b, 
	0x33, 0x69, 0x33, 0x29, 0x33, 0x29, 0x33, 0x29, 
	0x33, 0x29, 0x33, 0x29, 0x2b, 0x29, 0x2b, 0x29, 
	0x33, 0x29, 0x33, 0x29, 0x33, 0x29, 0x33, 0x29, 
	0x33, 0x6b, 0x33, 0x29, 0x33, 0x29, 0x33, 0x29, 
	0x33, 0x29, 0x33, 0x27, 0x33, 0x27, 0x2b, 0x27, 
	0x2b, 0x29, 0x33, 0x2b, 0x33, 0x2b, 0x33, 0x2b, 
	0x33, 0x29, 0x33, 0x29, 0x33, 0x29, 0x33, 0x29, 
	0x33, 0x2b, 0x2b, 0x2b, 0x2b, 0x2b, 0x2b, 0x2b, 
	0x22, 0xeb, 0x1a, 0xed, 0x1a, 0xed, 0x1a, 0xed, 
	0x12, 0xad, 0x12, 0x6b, 0x12, 0xad, 0x12, 0xad, 
	0x12, 0xad, 0x12, 0xad, 0x12, 0xad, 0x12, 0xad, 
	0x12, 0xad, 0x12, 0xad, 0x12, 0xad, 0x12, 0x6b, 
	0x12, 0xad, 0x12, 0xad, 0x12, 0xad, 0x12, 0xad, 
	0x12, 0xad, 0x12, 0xad, 0x12, 0xad, 0x12, 0xad, 
	0x12, 0xad, 0x12, 0xad, 0x12, 0xad, 0x12, 0xad, 
	0x12, 0xad, 0x12, 0xad, 0x12, 0xad, 0x12, 0xad, 
	0x12, 0xad, 0x12, 0xad, 0x12, 0xad, 0x1a, 0xed, 
	0x1a, 0xeb, 0x22, 0xed, 0x22, 0xed, 0x22, 0xed, 
	0x1a, 0xa9, 0x1a, 0xa9, 0x1a, 0xa9, 0x64, 0xf7, 
	0x96, 0xbf, 0x96, 0xbf, 0x85, 0xfb, 0x5c, 0xb5, 
	0x4c, 0x33, 0x4c, 0x33, 0x4c, 0x33, 0x43, 0xef, 
	0x3b, 0xad, 0x3b, 0xad, 0x3b, 0x6d, 0x3b, 0x6d, 
	0x3b, 0x6b, 0x33, 0x6b, 0x33, 0x2b, 0x2b, 0x2b, 
	0x2b, 0x2b, 0x22, 0xe9, 0x1a, 0xa9, 0x22, 0xe9, 
	0x22, 0xe9, 0x1a, 0xa9, 0x1a, 0xa9, 0x2b, 0x2b, 
	0x1a, 0xa9, 0x12, 0xa9, 0x1a, 0xa9, 0x1a, 0xa9, 
	0x1a, 0xab, 0x1a, 0xab, 0x1a, 0xeb, 0x1a, 0xeb, 
	0x22, 0xed, 0x22, 0xed, 0x22, 0xed, 0x22, 0xed, 
	0x22, 0xed, 0x22, 0xed, 0x1a, 0xeb, 0x1a, 0xeb, 
	0x1a, 0xed, 0x1a, 0xed, 0x1a, 0xed, 0x1a, 0xed, 
	0x1a, 0xed, 0x1a, 0xed, 0x1a, 0xed, 0x1a, 0xed, 
	0x22, 0xed, 0x22, 0xed, 0x23, 0x2d, 0x23, 0x2d, 
	0x23, 0x2f, 0x23, 0x2f, 0x23, 0x2f, 0x23, 0x2f, 
	0x2b, 0x2f, 0x2b, 0x2f, 0x2b, 0x2f, 0x2b, 0x2f, 
	0x2b, 0x2f, 0x23, 0x2f, 0x2b, 0x2f, 0x2b, 0x2f, 
	0x2b, 0x71, 0x2b, 0x71, 0x2b, 0x71, 0x2b, 0x71, 
	0x2b, 0x71, 0x2b, 0x71, 0x2b, 0x71, 0x2b, 0x71, 
	0x2b, 0x71, 0x2b, 0x71, 0x2b, 0x71, 0x2b, 0x71, 
	0x2b, 0x73, 0x2b, 0x73, 0x2b, 0x73, 0x2b, 0x73, 
	0x2b, 0x2f, 0x2b, 0x2f, 0x2b, 0x2f, 0x2b, 0x2f, 
	0x33, 0x71, 0x33, 0x71, 0x33, 0x71, 0x33, 0x71, 
	0x33, 0x73, 0x4c, 0x77, 0x4c, 0x77, 0x4c, 0x77, 
	0x54, 0xb7, 0x44, 0x35, 0x7d, 0xfd, 0x7d, 0xfd, 
	0x6d, 0x3b, 0x6d, 0x3b, 0x6d, 0x3b, 0x64, 0xf9, 
	0x5c, 0xf7, 0x54, 0xb7, 0x4c, 0x75, 0x4c, 0x75, 
	0x4c, 0x75, 0x4c, 0x75, 0x43, 0xf3, 0x43, 0xf3, 
	0x54, 0x75, 0x54, 0x75, 0x65, 0x39, 0x65, 0x39, 
	0x5c, 0xf7, 0x5c, 0xf7, 0x65, 0x39, 0x6d, 0x7b, 
	0x6d, 0x7b, 0xbf, 0xff, 0xbf, 0xff, 0xbf, 0xff, 
	0x7d, 0xfb, 0x54, 0xb7, 0x2b, 0x73, 0x2b, 0x73, 
	0x2b, 0x73, 0x2b, 0x73, 0x2b, 0x73, 0x2b, 0x73, 
	0x23, 0x73, 0x2b, 0x75, 0x23, 0x73, 0x23, 0x73, 
	0x2b, 0xb7, 0x2b, 0x75, 0x23, 0x35, 0x2b, 0x75, 
	0x2b, 0x75, 0x2b, 0x75, 0x23, 0x33, 0x23, 0x33, 
	0x1a, 0xf1, 0x1b, 0x33, 0x1b, 0x33, 0x1b, 0x33, 
	0x23, 0x33, 0x23, 0x33, 0x2b, 0x75, 0x2b, 0xb5, 
	0x6d, 0x39, 0xd7, 0xff, 0xd7, 0xff, 0xd7, 0xff, 
	0xd7, 0xff, 0xd7, 0xff, 0xd7, 0xff, 0xd7, 0xff, 
	0xd7, 0xff, 0xd7, 0xff, 0xc7, 0xff, 0xd7, 0xff, 
	0xbf, 0xff, 0xa7, 0x3d, 0x8e, 0x7d, 0x75, 0xbb, 
	0x65, 0x37, 0x4c, 0x31, 0x43, 0xef, 0x43, 0xef, 
	0x3b, 0xad, 0x3b, 0xad, 0x3b, 0xad, 0x3b, 0xad, 
	0x3b, 0x6b, 0x3b, 0xad, 0x3b, 0x6b, 0x3b, 0x6b, 
	0x3b, 0x6b, 0x3b, 0x6b, 0x33, 0x69, 0x33, 0x69, 
	0x33, 0x69, 0x33, 0x29, 0x33, 0x29, 0x33, 0x29, 
	0x33, 0x29, 0x33, 0x29, 0x33, 0x29, 0x33, 0x29, 
	0x33, 0x29, 0x33, 0x29, 0x33, 0x29, 0x33, 0x29, 
	0x33, 0x6b, 0x33, 0x6b, 0x33, 0x29, 0x33, 0x29, 
	0x2b, 0x27, 0x33, 0x27, 0x2b, 0x27, 0x33, 0x27, 
	0x2b, 0x29, 0x33, 0x2b, 0x3b, 0xb1, 0x3b, 0xb1, 
	0x33, 0x29, 0x33, 0x29, 0x2b, 0x2b, 0x2b, 0x2b, 
	0x2b, 0x2b, 0x2b, 0x2b, 0x2b, 0x2b, 0x2b, 0x2b, 
	0x1a, 0xed, 0x1a, 0xed, 0x1a, 0xed, 0x0a, 0xaf, 
	0x12, 0xad, 0x12, 0xad, 0x12, 0xad, 0x12, 0xad, 
	0x12, 0xad, 0x12, 0xad, 0x12, 0xad, 0x12, 0xad, 
	0x12, 0xad, 0x12, 0xad, 0x12, 0xad, 0x12, 0xad, 
	0x12, 0xad, 0x12, 0xad, 0x12, 0xad, 0x12, 0xad, 
	0x12, 0xad, 0x12, 0xad, 0x12, 0xad, 0x12, 0xad, 
	0x12, 0xad, 0x12, 0xad, 0x12, 0xad, 0x12, 0xad, 
	0x12, 0xad, 0x12, 0xad, 0x12, 0xad, 0x12, 0xad, 
	0x12, 0xad, 0x12, 0xad, 0x12, 0xad, 0x12, 0xad, 
	0x1a, 0xab, 0x1a, 0xeb, 0x1a, 0xab, 0x1a, 0xab, 
	0x1a, 0xa9, 0x1a, 0xa9, 0x64, 0xf7, 0x85, 0xfd, 
	0x96, 0xbf, 0x96, 0xbf, 0x85, 0xfb, 0x5c, 0xb5, 
	0x4c, 0x33, 0x4c, 0x33, 0x4c, 0x33, 0x43, 0xef, 
	0x3b, 0xaf, 0x3b, 0xad, 0x3b, 0x6d, 0x3b, 0x6b, 
	0x33, 0x6b, 0x33, 0x6b, 0x33, 0x6b, 0x33, 0x6b, 
	0x2b, 0x2b, 0x2b, 0x2b, 0x22, 0xe9, 0x22, 0xe9, 
	0x22, 0xeb, 0x22, 0xe9, 0x1a, 0xa9, 0x1a, 0xa9, 
	0x1a, 0xa9, 0x1a, 0xa9, 0x1a, 0xa9, 0x1a, 0xa9, 
	0x1a, 0xa9, 0x1a, 0xa9, 0x1a, 0xa9, 0x1a, 0xab, 
	0x1a, 0xab, 0x1a, 0xab, 0x1a, 0xab, 0x1a, 0xab, 
	0x1a, 0xeb, 0x1a, 0xeb, 0x1a, 0xed, 0x1a, 0xed, 
	0x1a, 0xed, 0x1a, 0xed, 0x1a, 0xed, 0x1a, 0xed, 
	0x1a, 0xed, 0x1a, 0xed, 0x1a, 0xed, 0x1a, 0xed, 
	0x1a, 0xed, 0x1a, 0xed, 0x1a, 0xed, 0x1a, 0xed, 
	0x22, 0xed, 0x22, 0xed, 0x22, 0xed, 0x22, 0xed, 
	0x22, 0xed, 0x23, 0x2f, 0x23, 0x2f, 0x2b, 0x2f, 
	0x2b, 0x2f, 0x2b, 0x2f, 0x2b, 0x2f, 0x2b, 0x2f, 
	0x2b, 0x31, 0x2b, 0x71, 0x33, 0x71, 0x33, 0x71, 
	0x2b, 0x71, 0x2b, 0x71, 0x2b, 0x71, 0x2b, 0x71, 
	0x33, 0xb3, 0x33, 0xb3, 0x33, 0xb3, 0x2b, 0x71, 
	0x2b, 0x73, 0x33, 0xb3, 0x33, 0xb3, 0x33, 0xb3, 
	0x33, 0x73, 0x33, 0x73, 0x33, 0x73, 0x33, 0x73, 
	0x33, 0x71, 0x33, 0x71, 0x33, 0x71, 0x33, 0x71, 
	0x86, 0x7d, 0x6d, 0x79, 0x4c, 0x77, 0x4c, 0x77, 
	0x54, 0xb7, 0x54, 0xb7, 0x6d, 0x3b, 0x6d, 0x3b, 
	0x64, 0xf9, 0x6d, 0x3b, 0x6d, 0x3b, 0x64, 0xf9, 
	0x65, 0x39, 0x5c, 0xf7, 0x54, 0xb7, 0x54, 0xb7, 
	0x4c, 0x75, 0x4c, 0x75, 0x43, 0xf3, 0x4c, 0x75, 
	0x54, 0x75, 0x54, 0x75, 0x54, 0x75, 0x65, 0x39, 
	0x65, 0x39, 0x5c, 0xf7, 0x5c, 0xf7, 0x65, 0x39, 
	0x86, 0x3d, 0xa6, 0xfd, 0xbf, 0xff, 0x86, 0x3d, 
	0x54, 0xb7, 0x54, 0xb7, 0x2b, 0x73, 0x2b, 0x73, 
	0x33, 0xb5, 0x2b, 0x73, 0x2b, 0x73, 0x2b, 0x73, 
	0x23, 0x73, 0x23, 0x33, 0x23, 0x73, 0x23, 0x73, 
	0x2b, 0x75, 0x23, 0x35, 0x2b, 0x75, 0x23, 0x35, 
	0x23, 0x33, 0x23, 0x33, 0x23, 0x33, 0x23, 0x33, 
	0x1b, 0x33, 0x1b, 0x33, 0x1b, 0x33, 0x23, 0x33, 
	0x23, 0x33, 0x23, 0x33, 0x2b, 0xb5, 0x2b, 0x75, 
	0x6d, 0x39, 0xd7, 0xff, 0xd7, 0xff, 0xd7, 0xff, 
	0xd7, 0xff, 0xd7, 0xff, 0xc7, 0xbf, 0xc7, 0xbf, 
	0xc7, 0xff, 0xc7, 0xff, 0xc7, 0xff, 0xd7, 0xff, 
	0xbf, 0xff, 0xa7, 0x3d, 0x8e, 0x7d, 0x75, 0xbb, 
	0x65, 0x37, 0x5c, 0xb5, 0x4c, 0x31, 0x43, 0xef, 
	0x43, 0xef, 0x3b, 0xad, 0x3b, 0xad, 0x3b, 0xad, 
	0x3b, 0x6b, 0x3b, 0xad, 0x3b, 0xad, 0x3b, 0x6b, 
	0x3b, 0x6b, 0x3b, 0x6b, 0x33, 0x69, 0x33, 0x69, 
	0x33, 0x29, 0x33, 0x29, 0x33, 0x29, 0x33, 0x29, 
	0x33, 0x29, 0x33, 0x29, 0x33, 0x29, 0x33, 0x29, 
	0x33, 0x29, 0x33, 0x29, 0x33, 0x29, 0x33, 0x29, 
	0x33, 0x6b, 0x33, 0x6b, 0x33, 0x6b, 0x33, 0x29, 
	0x33, 0x29, 0x2b, 0x27, 0x2b, 0x27, 0x2b, 0x27, 
	0x2b, 0x29, 0x33, 0x2b, 0x33, 0x6f, 0x33, 0x2b, 
	0x2b, 0x2b, 0x33, 0x29, 0x2b, 0x2b, 0x2b, 0x2b, 
	0x33, 0x2b, 0x33, 0x2b, 0x2b, 0x2b, 0x1a, 0xed, 
	0x12, 0xad, 0x12, 0xad, 0x12, 0xad, 0x12, 0xad, 
	0x12, 0xad, 0x12, 0xad, 0x12, 0xad, 0x12, 0xad, 
	0x12, 0xad, 0x12, 0xad, 0x12, 0xad, 0x12, 0xad, 
	0x12, 0xad, 0x12, 0xad, 0x12, 0xad, 0x12, 0xad, 
	0x12, 0xad, 0x12, 0xad, 0x12, 0xad, 0x12, 0xad, 
	0x12, 0xad, 0x12, 0xad, 0x12, 0xad, 0x12, 0xad, 
	0x12, 0xad, 0x12, 0xad, 0x12, 0xad, 0x12, 0xad, 
	0x12, 0xad, 0x12, 0xad, 0x12, 0xad, 0x12, 0xad, 
	0x12, 0xad, 0x12, 0xad, 0x12, 0xad, 0x12, 0xad, 
	0x1a, 0xab, 0x1a, 0xeb, 0x1a, 0xab, 0x1a, 0xab, 
	0x1a, 0xa9, 0x1a, 0xa9, 0x64, 0xf7, 0x85, 0xfd, 
	0x85, 0xfb, 0x6d, 0x79, 0x6d, 0x79, 0x5c, 0xb5, 
	0x4c, 0x33, 0x4c, 0x33, 0x43, 0xf1, 0x43, 0xef, 
	0x3b, 0xaf, 0x3b, 0xad, 0x3b, 0x6d, 0x3b, 0x6d, 
	0x3b, 0x6b, 0x33, 0x6b, 0x33, 0x2b, 0x33, 0x6b, 
	0x33, 0x6b, 0x2b, 0x2b, 0x2b, 0x2b, 0x22, 0xe9, 
	0x22, 0xe9, 0x22, 0xe9, 0x1a, 0xa9, 0x1a, 0xa9, 
	0x1a, 0xa9, 0x1a, 0xa9, 0x1a, 0xa9, 0x1a, 0xa9, 
	0x1a, 0xa9, 0x1a, 0xab, 0x1a, 0xab, 0x1a, 0xab, 
	0x1a, 0xab, 0x1a, 0xab, 0x1a, 0xab, 0x1a, 0xab, 
	0x1a, 0xeb, 0x12, 0xab, 0x1a, 0xeb, 0x1a, 0xeb, 
	0x1a, 0xed, 0x1a, 0xed, 0x1a, 0xed, 0x1a, 0xed, 
	0x1a, 0xed, 0x1a, 0xed, 0x1a, 0xed, 0x1a, 0xed, 
	0x1a, 0xed, 0x1a, 0xad, 0x1a, 0xed, 0x1a, 0xed, 
	0x1a, 0xab, 0x1a, 0xed, 0x1a, 0xed, 0x22, 0xed, 
	0x22, 0xed, 0x22, 0xed, 0x23, 0x2f, 0x23, 0x2f, 
	0x2b, 0x2f, 0x2b, 0x2f, 0x2b, 0x2f, 0x2b, 0x71, 
	0x2b, 0x71, 0x2b, 0x71, 0x33, 0x71, 0x33, 0x71, 
	0x2b, 0x71, 0x2b, 0x71, 0x33, 0xb3, 0x2b, 0x71, 
	0x2b, 0x71, 0x2b, 0x71, 0x2b, 0x71, 0x33, 0xb3, 
	0x33, 0xb3, 0x33, 0xb3, 0x33, 0xb3, 0x33, 0xb3, 
	0x3b, 0xb5, 0x3b, 0xb5, 0x3b, 0xb5, 0x3b, 0xb5, 
	0x33, 0x71, 0x33, 0x71, 0x54, 0x75, 0x8e, 0x7d, 
	0x86, 0x7d, 0x6d, 0x79, 0x4c, 0x77, 0x4c, 0x77, 
	0x54, 0xb7, 0x54, 0xb7, 0x54, 0xb7, 0x6d, 0x3b, 
	0x6d, 0x3b, 0x64, 0xf9, 0x64, 0xf9, 0x5c, 0xf9, 
	0x65, 0x39, 0x65, 0x39, 0x5c, 0xf7, 0x54, 0xb7, 
	0x4c, 0x75, 0x4c, 0x75, 0x4c, 0x75, 0x5c, 0xf7, 
	0x54, 0x75, 0x54, 0x75, 0x54, 0x75, 0x54, 0x75, 
	0x65, 0x39, 0x65, 0x39, 0x5c, 0xf7, 0x65, 0x39, 
	0x86, 0x3d, 0xa6, 0xfd, 0xa6, 0xfd, 0x6d, 0x7b, 
	0x54, 0xb7, 0x54, 0xb7, 0x2b, 0x73, 0x2b, 0x73, 
	0x3b, 0xf5, 0x44, 0x37, 0x33, 0xb5, 0x33, 0xb5, 
	0x23, 0x73, 0x23, 0x33, 0x2b, 0x75, 0x2b, 0x75, 
	0x23, 0x35, 0x23, 0x35, 0x23, 0x35, 0x23, 0x35, 
	0x23, 0x33, 0x23, 0x33, 0x23, 0x33, 0x23, 0x33, 
	0x1b, 0x33, 0x1b, 0x33, 0x1b, 0x33, 0x23, 0x33, 
	0x23, 0x33, 0x23, 0x33, 0x23, 0x33, 0x23, 0x33, 
	0x33, 0xb7, 0xd7, 0xff, 0xd7, 0xff, 0xd7, 0xff, 
	0xaf, 0x7f, 0x9f, 0x7f, 0xaf, 0x7f, 0xaf, 0x7f, 
	0xb7, 0xbf, 0xa7, 0xbf, 0xb7, 0xbf, 0xd7, 0xff, 
	0xbf, 0xff, 0x8e, 0x7d, 0x75, 0xbb, 0x75, 0xbb, 
	0x65, 0x37, 0x5c, 0xb5, 0x4c, 0x31, 0x4c, 0x31, 
	0x43, 0xef, 0x43, 0xef, 0x3b, 0xad, 0x3b, 0xad, 
	0x3b, 0xad, 0x3b, 0x6b, 0x3b, 0x6b, 0x3b, 0x6b, 
	0x3b, 0x6b, 0x3b, 0x6b, 0x33, 0x69, 0x33, 0x69, 
	0x33, 0x29, 0x33, 0x29, 0x33, 0x27, 0x32, 0xe7, 
	0x2b, 0x29, 0x33, 0x29, 0x33, 0x29, 0x33, 0x29, 
	0x33, 0x29, 0x2b, 0x27, 0x33, 0x29, 0x33, 0x29, 
	0x33, 0x6b, 0x33, 0x29, 0x33, 0x29, 0x33, 0x29, 
	0x33, 0x29, 0x2b, 0x27, 0x2b, 0x27, 0x2b, 0x27, 
	0x33, 0x2b, 0x33, 0x2b, 0x33, 0x6f, 0x3b, 0xb1, 
	0x1a, 0xef, 0x22, 0xed, 0x2b, 0x2b, 0x2b, 0x2b, 
	0x2b, 0x2b, 0x2b, 0x2b, 0x12, 0xad, 0x12, 0xad, 
	0x12, 0xad, 0x12, 0xad, 0x12, 0xad, 0x12, 0xad, 
	0x12, 0xad, 0x12, 0xad, 0x12, 0xad, 0x12, 0xad, 
	0x12, 0xad, 0x12, 0xad, 0x12, 0xad, 0x12, 0xad, 
	0x12, 0xad, 0x12, 0xad, 0x12, 0xad, 0x12, 0xad, 
	0x12, 0xad, 0x12, 0xad, 0x12, 0xad, 0x12, 0xad, 
	0x12, 0xad, 0x12, 0xad, 0x12, 0xad, 0x12, 0xad, 
	0x12, 0xad, 0x12, 0xad, 0x12, 0xad, 0x12, 0xad, 
	0x12, 0xad, 0x1a, 0xad, 0x1a, 0xed, 0x1a, 0xed, 
	0x1a, 0xed, 0x1a, 0xed, 0x1a, 0xed, 0x1a, 0xed, 
	0x1a, 0xeb, 0x1a, 0xeb, 0x1a, 0xab, 0x1a, 0xeb, 
	0x1a, 0xa9, 0x1a, 0xa9, 0x3b, 0xaf, 0x85, 0xfd, 
	0x6d, 0x79, 0x5c, 0xb5, 0x5c, 0xb5, 0x5c, 0xb5, 
	0x4c, 0x33, 0x4c, 0x31, 0x43, 0xef, 0x43, 0xef, 
	0x3b, 0xaf, 0x3b, 0xad, 0x3b, 0x6d, 0x3b, 0x6d, 
	0x3b, 0x6b, 0x3b, 0x6b, 0x33, 0x6b, 0x33, 0x6b, 
	0x33, 0x6b, 0x2b, 0x2b, 0x2b, 0x2b, 0x2b, 0x2b, 
	0x1a, 0xa9, 0x1a, 0xa9, 0x1a, 0xa9, 0x1a, 0xa9, 
	0x1a, 0xa9, 0x1a, 0xa9, 0x1a, 0xa9, 0x1a, 0xa9, 
	0x1a, 0xab, 0x1a, 0xab, 0x1a, 0xab, 0x1a, 0xab, 
	0x1a, 0xab, 0x1a, 0xab, 0x12, 0xa9, 0x1a, 0xab, 
	0x12, 0xab, 0x12, 0xab, 0x12, 0xab, 0x12, 0xab, 
	0x1a, 0xab, 0x1a, 0xab, 0x1a, 0xab, 0x1a, 0xab, 
	0x1a, 0xed, 0x1a, 0xed, 0x1a, 0xed, 0x1a, 0xed, 
	0x1a, 0xed, 0x1a, 0xed, 0x1a, 0xad, 0x1a, 0xad, 
	0x1a, 0xed, 0x1a, 0xed, 0x1a, 0xed, 0x1a, 0xab, 
	0x1a, 0xed, 0x1a, 0xed, 0x22, 0xed, 0x23, 0x2f, 
	0x23, 0x2f, 0x2b, 0x2f, 0x2b, 0x71, 0x33, 0x71, 
	0x33, 0x71, 0x33, 0x71, 0x33, 0xb1, 0x33, 0xb1, 
	0x33, 0xb3, 0x33, 0xb3, 0x33, 0xb3, 0x33, 0xb3, 
	0x33, 0xb3, 0x33, 0xb3, 0x33, 0xb3, 0x33, 0xb3, 
	0x33, 0xb3, 0x33, 0xb3, 0x33, 0xb3, 0x33, 0xb3, 
	0x3b, 0xb5, 0x3b, 0xb5, 0x3b, 0xb5, 0x3b, 0xb5, 
	0x33, 0x71, 0x33, 0x71, 0x8e, 0x7d, 0x8e, 0x7d, 
	0x86, 0x3d, 0x75, 0xbb, 0x65, 0x39, 0x65, 0x39, 
	0x7d, 0xfd, 0x7d, 0xfd, 0x75, 0x7b, 0x75, 0x7b, 
	0x75, 0xbb, 0x64, 0xf9, 0x64, 0xf9, 0x5c, 0xb7, 
	0x5c, 0xb7, 0x64, 0xf9, 0x64, 0xf9, 0x54, 0xb5, 
	0x54, 0x75, 0x54, 0x75, 0x5c, 0xb7, 0x54, 0xb7, 
	0x54, 0x75, 0x54, 0x75, 0x54, 0x75, 0x54, 0x75, 
	0x75, 0x7b, 0x86, 0x3d, 0x75, 0x7b, 0x75, 0x7b, 
	0x8e, 0x7f, 0x8e, 0x7f, 0x7d, 0xfd, 0x5c, 0xb7, 
	0x4c, 0x35, 0x4c, 0x35, 0x4c, 0x35, 0x4c, 0x35, 
	0x4c, 0xb9, 0x7d, 0xbb, 0x4c, 0xb9, 0x4c, 0xb9, 
	0x2b, 0x75, 0x2b, 0x75, 0x2b, 0x75, 0x2b, 0x75, 
	0x2b, 0x75, 0x2b, 0x75, 0x2b, 0x75, 0x2b, 0x75, 
	0x23, 0x33, 0x23, 0x33, 0x23, 0x33, 0x23, 0x75, 
	0x23, 0x33, 0x23, 0x33, 0x23, 0x33, 0x23, 0x33, 
	0x23, 0x33, 0x23, 0x33, 0x23, 0x33, 0x33, 0xb5, 
	0x65, 0x39, 0xa7, 0x7f, 0xa7, 0x7f, 0xa7, 0x7f, 
	0xa7, 0x3f, 0x96, 0xbf, 0xa7, 0x3f, 0xbf, 0xff, 
	0xcf, 0xff, 0xa7, 0xbf, 0xa7, 0xbf, 0xb7, 0xbf, 
	0xbf, 0xbf, 0x8e, 0x7d, 0x8e, 0x7d, 0x75, 0xfb, 
	0x65, 0x37, 0x5c, 0xb5, 0x54, 0x73, 0x4c, 0x31, 
	0x4c, 0x2f, 0x43, 0xef, 0x43, 0xaf, 0x43, 0xaf, 
	0x43, 0xad, 0x3b, 0xad, 0x3b, 0x6b, 0x3b, 0xad, 
	0x3b, 0xad, 0x33, 0x6b, 0x33, 0x6b, 0x33, 0x29, 
	0x33, 0x29, 0x2b, 0x27, 0x2b, 0x27, 0x33, 0x29, 
	0x33, 0x29, 0x33, 0x29, 0x33, 0x29, 0x33, 0x29, 
	0x33, 0x27, 0x33, 0x27, 0x33, 0x29, 0x33, 0x29, 
	0x33, 0x29, 0x33, 0x29, 0x33, 0x29, 0x33, 0x29, 
	0x33, 0x29, 0x33, 0x29, 0x2b, 0x29, 0x2b, 0x29, 
	0x33, 0x2b, 0x33, 0x2b, 0x33, 0x2b, 0x33, 0x2b, 
	0x3b, 0xb1, 0x3b, 0xb1, 0x22, 0xed, 0x22, 0xed, 
	0x1a, 0xef, 0x1a, 0xef, 0x1a, 0xef, 0x12, 0xaf, 
	0x12, 0xaf, 0x12, 0xaf, 0x12, 0xaf, 0x1a, 0xef, 
	0x12, 0xad, 0x12, 0xad, 0x12, 0xad, 0x12, 0xad, 
	0x12, 0xad, 0x12, 0xad, 0x12, 0xad, 0x12, 0xad, 
	0x12, 0xaf, 0x12, 0xaf, 0x12, 0xaf, 0x12, 0xaf, 
	0x12, 0xad, 0x12, 0xad, 0x12, 0xad, 0x12, 0xad, 
	0x12, 0xad, 0x12, 0xad, 0x12, 0xad, 0x12, 0xad, 
	0x12, 0xad, 0x12, 0xad, 0x12, 0xad, 0x12, 0xad, 
	0x1a, 0xed, 0x1a, 0xed, 0x1a, 0xed, 0x1a, 0xef, 
	0x22, 0xed, 0x22, 0xed, 0x22, 0xed, 0x22, 0xed, 
	0x1a, 0xed, 0x1a, 0xed, 0x1a, 0xed, 0x22, 0xeb, 
	0x1a, 0xeb, 0x1a, 0xeb, 0x1a, 0xeb, 0x43, 0xf1, 
	0x5c, 0xb5, 0x5c, 0xb5, 0x5c, 0xb5, 0x5c, 0xb5, 
	0x4c, 0x31, 0x4c, 0x31, 0x43, 0xef, 0x43, 0xef, 
	0x3b, 0xad, 0x3b, 0xad, 0x3b, 0xad, 0x3b, 0xad, 
	0x3b, 0xad, 0x3b, 0xad, 0x3b, 0xad, 0x3b, 0xad, 
	0x33, 0x6b, 0x33, 0x2b, 0x33, 0x2b, 0x2b, 0x29, 
	0x1a, 0xa9, 0x1a, 0xa9, 0x1a, 0xa9, 0x1a, 0xa9, 
	0x1a, 0xa9, 0x1a, 0xa9, 0x1a, 0xa9, 0x1a, 0xa9, 
	0x12, 0x69, 0x12, 0x69, 0x12, 0x69, 0x12, 0x69, 
	0x12, 0xab, 0x12, 0xab, 0x12, 0xab, 0x12, 0xab, 
	0x12, 0xab, 0x12, 0xab, 0x12, 0xab, 0x1a, 0xab, 
	0x1a, 0xad, 0x1a, 0xad, 0x12, 0xab, 0x1a, 0xad, 
	0x1a, 0xad, 0x1a, 0xad, 0x1a, 0xed, 0x1a, 0xed, 
	0x1a, 0xed, 0x1a, 0xed, 0x1a, 0xed, 0x1a, 0xed, 
	0x1a, 0xed, 0x1a, 0xed, 0x1a, 0xed, 0x1a, 0xed, 
	0x1a, 0xed, 0x1a, 0xed, 0x1a, 0xed, 0x1a, 0xed, 
	0x1a, 0xed, 0x1a, 0xed, 0x22, 0xef, 0x23, 0x2f, 
	0x2b, 0x71, 0x2b, 0x71, 0x2b, 0x71, 0x33, 0xb1, 
	0x33, 0xb3, 0x33, 0xb3, 0x33, 0xb3, 0x33, 0xb3, 
	0x3b, 0xf5, 0x3b, 0xf5, 0x3b, 0xf5, 0x3b, 0xf5, 
	0x3b, 0xf5, 0x3b, 0xf5, 0x3b, 0xf5, 0x3b, 0xf5, 
	0x3b, 0xf3, 0x3b, 0xf3, 0x3b, 0xf3, 0x3b, 0xf3, 
	0x4c, 0x35, 0x64, 0xf9, 0x96, 0xbf, 0x96, 0xbf, 
	0x75, 0xbb, 0x86, 0x3d, 0x86, 0x3d, 0x96, 0xbf, 
	0x96, 0xbf, 0x96, 0xbf, 0x7d, 0xfd, 0x75, 0x7b, 
	0x75, 0xbb, 0x75, 0xbb, 0x64, 0xf9, 0x5c, 0xb7, 
	0x54, 0xb5, 0x5c, 0xb7, 0x5c, 0xb7, 0x54, 0xb5, 
	0x5c, 0xb7, 0x4c, 0x75, 0x4c, 0x75, 0x54, 0x75, 
	0x54, 0x75, 0x54, 0x75, 0x54, 0x75, 0x54, 0x75, 
	0x86, 0x3d, 0xaf, 0x7f, 0x86, 0x3d, 0x75, 0x7b, 
	0x8e, 0x7f, 0x7d, 0xfd, 0x6d, 0x79, 0x5c, 0xb7, 
	0x4c, 0x35, 0x4c, 0x35, 0x4c, 0x35, 0x4c, 0x35, 
	0x4c, 0xb9, 0xa6, 0xfd, 0xa6, 0xfd, 0xd7, 0xff, 
	0xc7, 0xff, 0x96, 0x7b, 0x2b, 0x75, 0x2b, 0x75, 
	0x2b, 0x75, 0x2b, 0x75, 0x2b, 0x75, 0x2b, 0x75, 
	0x23, 0x75, 0x23, 0x33, 0x23, 0x33, 0x23, 0x33, 
	0x23, 0x75, 0x23, 0x75, 0x23, 0x33, 0x23, 0x33, 
	0x23, 0x33, 0x23, 0x33, 0x33, 0xb5, 0x33, 0xb5, 
	0x44, 0x37, 0x86, 0x3d, 0xa7, 0x7f, 0xa7, 0x7f, 
	0x96, 0xbf, 0x96, 0xbf, 0xaf, 0x7f, 0xbf, 0xff, 
	0xb7, 0xbf, 0xb7, 0xbf, 0xb7, 0xbf, 0xb7, 0xbf, 
	0xbf, 0xbf, 0xa6, 0xfd, 0x8e, 0x7d, 0x75, 0xfb, 
	0x65, 0x37, 0x5c, 0xb5, 0x54, 0x73, 0x4c, 0x31, 
	0x4c, 0x2f, 0x4b, 0xef, 0x43, 0xef, 0x43, 0xef, 
	0x43, 0xad, 0x3b, 0xad, 0x3b, 0xad, 0x3b, 0xad, 
	0x33, 0x6b, 0x33, 0x6b, 0x33, 0x29, 0x33, 0x29, 
	0x33, 0x29, 0x2b, 0x27, 0x33, 0x29, 0x33, 0x29, 
	0x33, 0x29, 0x33, 0x29, 0x33, 0x29, 0x33, 0x29, 
	0x33, 0x29, 0x33, 0x27, 0x33, 0x29, 0x33, 0x29, 
	0x33, 0x29, 0x33, 0x29, 0x33, 0x29, 0x33, 0x29, 
	0x33, 0x29, 0x2b, 0x29, 0x2b, 0x29, 0x33, 0x29, 
	0x33, 0x2b, 0x33, 0x2b, 0x33, 0x2b, 0x43, 0xf1, 
	0x64, 0xf9, 0x4c, 0x35, 0x22, 0xed, 0x22, 0xed, 
	0x12, 0xaf, 0x12, 0xaf, 0x12, 0xaf, 0x1a, 0xef, 
	0x1a, 0xef, 0x12, 0xaf, 0x1a, 0xef, 0x1a, 0xef, 
	0x12, 0xad, 0x12, 0xad, 0x12, 0xad, 0x12, 0xad, 
	0x12, 0xad, 0x12, 0xad, 0x12, 0xad, 0x12, 0xad, 
	0x12, 0xaf, 0x12, 0xaf, 0x12, 0xaf, 0x12, 0xaf, 
	0x12, 0xad, 0x12, 0xad, 0x12, 0xad, 0x12, 0xad, 
	0x12, 0xad, 0x12, 0xad, 0x12, 0xad, 0x12, 0xad, 
	0x1a, 0xef, 0x1a, 0xef, 0x1a, 0xef, 0x1a, 0xef, 
	0x1a, 0xed, 0x1a, 0xed, 0x1a, 0xed, 0x1a, 0xed, 
	0x22, 0xed, 0x22, 0xed, 0x1a, 0xed, 0x22, 0xed, 
	0x1a, 0xed, 0x1a, 0xed, 0x1a, 0xed, 0x1a, 0xed, 
	0x1a, 0xeb, 0x1a, 0xeb, 0x1a, 0xeb, 0x1a, 0xeb, 
	0x33, 0xaf, 0x4c, 0x31, 0x5c, 0xb5, 0x4c, 0x31, 
	0x4c, 0x31, 0x4c, 0x31, 0x43, 0xef, 0x43, 0xef, 
	0x3b, 0xad, 0x3b, 0xad, 0x3b, 0xad, 0x3b, 0xad, 
	0x3b, 0xad, 0x3b, 0xad, 0x3b, 0xad, 0x3b, 0xad, 
	0x33, 0x6b, 0x33, 0x6b, 0x33, 0x2b, 0x33, 0x2b, 
	0x22, 0xeb, 0x1a, 0xa9, 0x1a, 0xa9, 0x1a, 0xa9, 
	0x1a, 0xa9, 0x1a, 0xa9, 0x1a, 0xa9, 0x1a, 0xa9, 
	0x12, 0x69, 0x12, 0x69, 0x12, 0x69, 0x12, 0x69, 
	0x12, 0xab, 0x12, 0xab, 0x12, 0xab, 0x12, 0xab, 
	0x1a, 0xab, 0x1a, 0xab, 0x1a, 0xab, 0x1a, 0xab, 
	0x12, 0xab, 0x1a, 0xad, 0x12, 0xab, 0x12, 0xab, 
	0x1a, 0xad, 0x1a, 0xad, 0x1a, 0xed, 0x1a, 0xed, 
	0x1a, 0xed, 0x1a, 0xed, 0x1a, 0xed, 0x1a, 0xed, 
	0x1a, 0xed, 0x1a, 0xed, 0x1a, 0xed, 0x1a, 0xed, 
	0x1a, 0xed, 0x1a, 0xed, 0x1a, 0xed, 0x1a, 0xed, 
	0x1a, 0xed, 0x1a, 0xed, 0x1a, 0xed, 0x1a, 0xed, 
	0x1a, 0xef, 0x1a, 0xef, 0x23, 0x2f, 0x23, 0x2f, 
	0x23, 0x31, 0x23, 0x31, 0x2b, 0x71, 0x23, 0x31, 
	0x2b, 0x73, 0x2b, 0x73, 0x2b, 0x73, 0x2b, 0x73, 
	0x33, 0xb3, 0x33, 0xb3, 0x33, 0xb3, 0x3b, 0xf5, 
	0x33, 0xb3, 0x33, 0xb3, 0x33, 0xb3, 0x3b, 0xf3, 
	0x4c, 0x35, 0x7d, 0xfb, 0x96, 0xbf, 0x7d, 0xfb, 
	0x65, 0x39, 0x86, 0x3d, 0x96, 0xbf, 0x96, 0xbf, 
	0x8e, 0x3d, 0x8e, 0x3d, 0x8e, 0x3d, 0x75, 0x7b, 
	0x75, 0xbb, 0x75, 0xbb, 0x64, 0xf9, 0x5c, 0xb7, 
	0x54, 0xb5, 0x5c, 0xb7, 0x5c, 0xb7, 0x54, 0xb5, 
	0x5c, 0xb7, 0x54, 0xb7, 0x54, 0x75, 0x4c, 0x75, 
	0x54, 0x75, 0x54, 0x75, 0x54, 0x75, 0x64, 0xf7, 
	0x9e, 0xbd, 0x9e, 0xbd, 0x86, 0x3d, 0x86, 0x3d, 
	0x7d, 0xfd, 0x6d, 0x79, 0x6d, 0x79, 0x5c, 0xb7, 
	0x4c, 0x35, 0x4c, 0x35, 0x4c, 0x35, 0x6d, 0x79, 
	0x7d, 0xbb, 0xd7, 0xff, 0xd7, 0xff, 0xd7, 0xff, 
	0xc7, 0xff, 0x96, 0x7b, 0x5c, 0xf9, 0x2b, 0x75, 
	0x2b, 0x75, 0x2b, 0x75, 0x2b, 0x75, 0x2b, 0x75, 
	0x23, 0x75, 0x23, 0x75, 0x23, 0x75, 0x23, 0x75, 
	0x23, 0x75, 0x23, 0x75, 0x23, 0x33, 0x23, 0x33, 
	0x23, 0x33, 0x23, 0x33, 0x33, 0xb5, 0x3c, 0x37, 
	0x44, 0x37, 0xa7, 0x7f, 0xa7, 0x7f, 0xa7, 0x7f, 
	0xa7, 0x3f, 0xa7, 0x3f, 0xaf, 0x7f, 0xaf, 0x7f, 
	0xa7, 0xbf, 0xdf, 0xff, 0xdf, 0xff, 0xcf, 0xff, 
	0xbf, 0xbf, 0xa6, 0xfd, 0x8e, 0x7d, 0x75, 0xfb, 
	0x65, 0x37, 0x5c, 0xb5, 0x54, 0x73, 0x4c, 0x31, 
	0x4c, 0x2f, 0x4c, 0x2f, 0x4b, 0xef, 0x43, 0xef, 
	0x43, 0xad, 0x3b, 0xad, 0x3b, 0xad, 0x3b, 0x6b, 
	0x33, 0x6b, 0x33, 0x29, 0x33, 0x29, 0x33, 0x29, 
	0x2b, 0x27, 0x33, 0x29, 0x33, 0x6b, 0x33, 0x29, 
	0x33, 0x69, 0x33, 0x29, 0x33, 0x29, 0x33, 0x29, 
	0x33, 0x29, 0x33, 0x29, 0x33, 0x29, 0x33, 0x27, 
	0x33, 0x29, 0x33, 0x29, 0x33, 0x29, 0x33, 0x29, 
	0x33, 0x29, 0x2b, 0x29, 0x2b, 0x29, 0x2b, 0x29, 
	0x33, 0x2b, 0x33, 0x2b, 0x2a, 0xe9, 0x33, 0x2b, 
	0x4c, 0x35, 0x3b, 0xb1, 0x22, 0xed, 0x22, 0xed, 
	0x1a, 0xef, 0x1a, 0xef, 0x22, 0xed, 0x22, 0xed, 
	0x1a, 0xed, 0x1a, 0xef, 0x1a, 0xef, 0x1a, 0xef, 
	0x1a, 0xef, 0x1a, 0xef, 0x1a, 0xef, 0x12, 0xad, 
	0x12, 0xad, 0x1a, 0xef, 0x12, 0xad, 0x12, 0xad, 
	0x12, 0xaf, 0x12, 0xaf, 0x12, 0xaf, 0x12, 0xaf, 
	0x12, 0xad, 0x12, 0xad, 0x12, 0xad, 0x12, 0xad, 
	0x12, 0xad, 0x12, 0xad, 0x12, 0xad, 0x12, 0xad, 
	0x12, 0xad, 0x1a, 0xef, 0x1a, 0xef, 0x1a, 0xef, 
	0x1a, 0xed, 0x1a, 0xed, 0x1a, 0xed, 0x1a, 0xed, 
	0x1a, 0xed, 0x22, 0xed, 0x22, 0xed, 0x22, 0xed, 
	0x1a, 0xed, 0x1a, 0xed, 0x1a, 0xed, 0x1a, 0xed, 
	0x1a, 0xeb, 0x1a, 0xeb, 0x1a, 0xeb, 0x1a, 0xeb, 
	0x22, 0xeb, 0x33, 0xaf, 0x4c, 0x31, 0x4c, 0x31, 
	0x4c, 0x31, 0x4c, 0x31, 0x43, 0xef, 0x43, 0xef, 
	0x43, 0xed, 0x43, 0xed, 0x43, 0xad, 0x43, 0xed, 
	0x43, 0xaf, 0x43, 0xef, 0x43, 0xef, 0x43, 0xaf, 
	0x3b, 0xad, 0x33, 0x6b, 0x33, 0x2b, 0x2b, 0x29, 
	0x22, 0xeb, 0x22, 0xeb, 0x22, 0xeb, 0x22, 0xeb, 
	0x1a, 0xa9, 0x1a, 0xa9, 0x1a, 0xa9, 0x0a, 0x27, 
	0x12, 0x69, 0x4c, 0x2f, 0x85, 0xb7, 0x85, 0xb7, 
	0x4c, 0x31, 0x4c, 0x31, 0x12, 0xab, 0x12, 0xab, 
	0x1a, 0xab, 0x1a, 0xab, 0x1a, 0xab, 0x1a, 0xab, 
	0x1a, 0xad, 0x12, 0xab, 0x12, 0xab, 0x1a, 0xad, 
	0x1a, 0xad, 0x1a, 0xad, 0x1a, 0xad, 0x1a, 0xed, 
	0x1a, 0xed, 0x1a, 0xed, 0x1a, 0xed, 0x1a, 0xad, 
	0x1a, 0xed, 0x1a, 0xed, 0x1a, 0xed, 0x1a, 0xed, 
	0x1a, 0xed, 0x1a, 0xed, 0x1a, 0xed, 0x1a, 0xed, 
	0x1a, 0xed, 0x1a, 0xed, 0x1a, 0xed, 0x1a, 0xed, 
	0x1a, 0xef, 0x1a, 0xef, 0x23, 0x2f, 0x23, 0x2f, 
	0x1a, 0xef, 0x1a, 0xef, 0x23, 0x31, 0x1a, 0xef, 
	0x23, 0x31, 0x23, 0x31, 0x23, 0x31, 0x2b, 0x73, 
	0x2b, 0x71, 0x23, 0x2f, 0x2b, 0x71, 0x33, 0xb3, 
	0x33, 0xb3, 0x33, 0x71, 0x2b, 0x71, 0x3b, 0xf3, 
	0x4c, 0x35, 0x64, 0xf9, 0x64, 0xf9, 0x64, 0xf9, 
	0x75, 0xbb, 0x86, 0x3d, 0x96, 0xbf, 0x96, 0xbf, 
	0x8e, 0x3d, 0x8e, 0x3d, 0x7d, 0xfd, 0x7d, 0xfd, 
	0x75, 0xbb, 0x64, 0xf9, 0x5c, 0xb7, 0x5c, 0xb7, 
	0x54, 0xb5, 0x54, 0xb5, 0x54, 0xb5, 0x54, 0xb5, 
	0x54, 0x75, 0x54, 0xb7, 0x54, 0x75, 0x4c, 0x75, 
	0x54, 0x75, 0x54, 0x75, 0x64, 0xf7, 0x8e, 0x7d, 
	0xaf, 0x7f, 0x9e, 0xbd, 0x75, 0x7b, 0x75, 0x7b, 
	0x7d, 0xfd, 0x5c, 0xb7, 0x5c, 0xb7, 0x6d, 0x79, 
	0x6d, 0x79, 0x4c, 0x35, 0xaf, 0xbf, 0xaf, 0xbf, 
	0xd7, 0xff, 0xd7, 0xff, 0xd7, 0xff, 0xa6, 0xfd, 
	0x96, 0x7b, 0x96, 0x7b, 0x96, 0x7b, 0x96, 0x7b, 
	0x7d, 0x39, 0x2b, 0x75, 0x02, 0xb3, 0x02, 0xb3, 
	0x1b, 0x33, 0x2b, 0x75, 0x23, 0x75, 0x23, 0x33, 
	0x23, 0x75, 0x23, 0x75, 0x23, 0x33, 0x23, 0x33, 
	0x23, 0x33, 0x23, 0x33, 0x33, 0xb5, 0x4c, 0xb9, 
	0x44, 0x37, 0xa7, 0x7f, 0xa7, 0x7f, 0xa7, 0x7f, 
	0xa7, 0x3f, 0xaf, 0x7f, 0xbf, 0xff, 0xbf, 0xff, 
	0xcf, 0xff, 0xdf, 0xff, 0xdf, 0xff, 0xdf, 0xff, 
	0xbf, 0xbf, 0xa6, 0xfd, 0x8e, 0x7d, 0x75, 0xfb, 
	0x65, 0x37, 0x5c, 0xb5, 0x54, 0x73, 0x4c, 0x31, 
	0x4c, 0x2f, 0x4b, 0xef, 0x4b, 0xef, 0x43, 0xef, 
	0x3b, 0xad, 0x3b, 0xad, 0x3b, 0xad, 0x33, 0x6b, 
	0x33, 0x6b, 0x33, 0x29, 0x33, 0x29, 0x33, 0x29, 
	0x33, 0x29, 0x33, 0x6b, 0x3b, 0xad, 0x33, 0x6b, 
	0x33, 0x69, 0x33, 0x69, 0x33, 0x29, 0x33, 0x29, 
	0x33, 0x29, 0x33, 0x29, 0x33, 0x29, 0x33, 0x27, 
	0x2a, 0xe7, 0x2b, 0x27, 0x33, 0x29, 0x33, 0x29, 
	0x33, 0x29, 0x2a, 0xe9, 0x2a, 0xe9, 0x2b, 0x29, 
	0x2a, 0xe9, 0x2a, 0xe9, 0x2a, 0xe9, 0x2a, 0xe9, 
	0x22, 0xed, 0x22, 0xed, 0x22, 0xed, 0x22, 0xed, 
	0x1a, 0xef, 0x22, 0xed, 0x2b, 0x2d, 0x22, 0xed, 
	0x1a, 0xef, 0x12, 0xaf, 0x1a, 0xef, 0x1a, 0xed, 
	0x1a, 0xef, 0x1a, 0xef, 0x1a, 0xef, 0x1a, 0xef, 
	0x1a, 0xef, 0x1a, 0xef, 0x1a, 0xef, 0x1a, 0xef, 
	0x12, 0xaf, 0x12, 0xaf, 0x12, 0xef, 0x12, 0xef, 
	0x1a, 0xef, 0x1a, 0xef, 0x1a, 0xef, 0x1a, 0xef, 
	0x1a, 0xed, 0x1a, 0xed, 0x1a, 0xed, 0x1a, 0xed, 
	0x1a, 0xef, 0x1a, 0xef, 0x1a, 0xef, 0x1a, 0xef, 
	0x1a, 0xed, 0x1a, 0xed, 0x1a, 0xed, 0x1a, 0xed, 
	0x1a, 0xef, 0x1a, 0xef, 0x1a, 0xef, 0x1a, 0xef, 
	0x1a, 0xed, 0x1a, 0xed, 0x1a, 0xed, 0x1a, 0xed, 
	0x1a, 0xeb, 0x1a, 0xeb, 0x1a, 0xeb, 0x1a, 0xeb, 
	0x22, 0xeb, 0x33, 0xaf, 0x33, 0xaf, 0x4c, 0x31, 
	0x4c, 0x31, 0x43, 0xef, 0x43, 0xef, 0x43, 0xef, 
	0x43, 0xed, 0x43, 0xed, 0x43, 0xed, 0x43, 0xed, 
	0x43, 0xef, 0x43, 0xef, 0x43, 0xef, 0x43, 0xef, 
	0x3b, 0xad, 0x33, 0x6b, 0x33, 0x2b, 0x2b, 0x29, 
	0x22, 0xeb, 0x22, 0xeb, 0x22, 0xeb, 0x22, 0xeb, 
	0x2b, 0x2b, 0x2b, 0x2b, 0x0a, 0x27, 0x3b, 0xad, 
	0xbf, 0x7d, 0xbf, 0x7d, 0xbf, 0x7d, 0xbf, 0x7d, 
	0xbf, 0x7f, 0x85, 0xf9, 0x12, 0xab, 0x12, 0xab, 
	0x12, 0xab, 0x1a, 0xab, 0x1a, 0xab, 0x1a, 0xab, 
	0x1a, 0xad, 0x1a, 0xad, 0x1a, 0xad, 0x1a, 0xad, 
	0x1a, 0xad, 0x1a, 0xad, 0x1a, 0xad, 0x1a, 0xad, 
	0x1a, 0xad, 0x1a, 0xad, 0x1a, 0xad, 0x1a, 0xad, 
	0x1a, 0xad, 0x1a, 0xed, 0x1a, 0xed, 0x1a, 0xed, 
	0x1a, 0xed, 0x1a, 0xed, 0x1a, 0xed, 0x1a, 0xed, 
	0x1a, 0xed, 0x1a, 0xed, 0x1a, 0xed, 0x1a, 0xed, 
	0x1a, 0xef, 0x1a, 0xef, 0x23, 0x2f, 0x23, 0x2f, 
	0x1a, 0xef, 0x1a, 0xef, 0x1a, 0xef, 0x1a, 0xef, 
	0x23, 0x31, 0x23, 0x31, 0x23, 0x31, 0x23, 0x31, 
	0x2b, 0x71, 0x2b, 0x71, 0x2b, 0x71, 0x2b, 0x71, 
	0x33, 0x71, 0x33, 0xb3, 0x33, 0xb3, 0x33, 0xb3, 
	0x4c, 0x35, 0x64, 0xf9, 0x64, 0xf9, 0x7d, 0xfb, 
	0x6d, 0x79, 0x7d, 0xbb, 0x86, 0x3d, 0x96, 0xbf, 
	0x96, 0xbf, 0x86, 0x3d, 0x7d, 0xfb, 0x86, 0x3d, 
	0x75, 0xbb, 0x6d, 0x39, 0x5c, 0xf7, 0x5c, 0xf7, 
	0x5c, 0xb7, 0x5c, 0xf7, 0x54, 0x75, 0x54, 0xb5, 
	0x54, 0x75, 0x54, 0x75, 0x54, 0x75, 0x54, 0x75, 
	0x65, 0x39, 0x65, 0x39, 0x75, 0xbb, 0x9e, 0xff, 
	0x9e, 0xff, 0x8e, 0x7d, 0x7d, 0xbd, 0x6d, 0x3b, 
	0x6d, 0x39, 0x6d, 0x39, 0x5c, 0xf7, 0x5c, 0xf7, 
	0x5c, 0xb7, 0x5c, 0xb7, 0x96, 0xbf, 0x96, 0xbf, 
	0xa7, 0x7f, 0xa7, 0x7f, 0x8e, 0x7d, 0x7d, 0xbb, 
	0x7d, 0xbb, 0x7d, 0xbb, 0xdf, 0xbf, 0xdf, 0xbf, 
	0xdf, 0xff, 0x75, 0x7b, 0x96, 0x3d, 0x96, 0x3d, 
	0x4c, 0xb7, 0x23, 0x33, 0x23, 0x33, 0x23, 0x33, 
	0x23, 0x33, 0x23, 0x33, 0x23, 0x33, 0x23, 0x33, 
	0x23, 0x33, 0x23, 0x33, 0x23, 0x33, 0x23, 0x33, 
	0x2b, 0xf7, 0x6d, 0x39, 0xa6, 0xbd, 0xa6, 0xbd, 
	0x9f, 0x3f, 0xaf, 0x7f, 0xcf, 0xff, 0xcf, 0xff, 
	0xcf, 0xff, 0xcf, 0xff, 0xcf, 0xff, 0xcf, 0xff, 
	0xa7, 0x7f, 0xa7, 0x7f, 0x96, 0xbd, 0x6d, 0x79, 
	0x5c, 0xb3, 0x5c, 0xb3, 0x54, 0x73, 0x4c, 0x31, 
	0x4c, 0x2f, 0x43, 0xed, 0x43, 0xed, 0x43, 0xed, 
	0x43, 0xed, 0x3b, 0xab, 0x3b, 0x6b, 0x33, 0x69, 
	0x33, 0x69, 0x33, 0x29, 0x33, 0x29, 0x33, 0x29, 
	0x33, 0x29, 0x33, 0x6b, 0x3b, 0x6b, 0x3b, 0x6b, 
	0x33, 0x6b, 0x33, 0x6b, 0x33, 0x29, 0x33, 0x29, 
	0x2b, 0x29, 0x2b, 0x29, 0x2b, 0x29, 0x2b, 0x29, 
	0x2b, 0x29, 0x2b, 0x29, 0x2b, 0x29, 0x2b, 0x29, 
	0x2b, 0x29, 0x2b, 0x29, 0x2b, 0x29, 0x33, 0x6b, 
	0x2b, 0x29, 0x2b, 0x29, 0x2b, 0x29, 0x2b, 0x29, 
	0x2a, 0xeb, 0x2a, 0xeb, 0x2a, 0xeb, 0x2a, 0xeb, 
	0x33, 0x2d, 0x33, 0x2d, 0x33, 0x2d, 0x33, 0x2d, 
	0x33, 0x71, 0x23, 0x2f, 0x1a, 0xef, 0x1a, 0xef, 
	0x1a, 0xef, 0x1a, 0xef, 0x1a, 0xef, 0x1a, 0xef, 
	0x1a, 0xef, 0x1a, 0xef, 0x1a, 0xef, 0x1a, 0xef, 
	0x1a, 0xef, 0x1a, 0xef, 0x1a, 0xef, 0x1a, 0xf1, 
	0x1a, 0xf1, 0x1a, 0xef, 0x1a, 0xef, 0x1a, 0xef, 
	0x1a, 0xef, 0x1a, 0xef, 0x1a, 0xef, 0x1a, 0xef, 
	0x1a, 0xef, 0x1a, 0xef, 0x1a, 0xef, 0x1a, 0xef, 
	0x1a, 0xef, 0x1a, 0xef, 0x1a, 0xef, 0x1a, 0xef, 
	0x1a, 0xef, 0x1a, 0xef, 0x1a, 0xef, 0x1a, 0xef, 
	0x22, 0xed, 0x1a, 0xeb, 0x22, 0xed, 0x22, 0xed, 
	0x1a, 0xeb, 0x1a, 0xeb, 0x1a, 0xeb, 0x1a, 0xeb, 
	0x2b, 0x2d, 0x43, 0xef, 0x43, 0xef, 0x43, 0xef, 
	0x4c, 0x31, 0x43, 0xef, 0x43, 0xef, 0x43, 0xef, 
	0x43, 0xed, 0x43, 0xed, 0x43, 0xed, 0x43, 0xed, 
	0x43, 0xef, 0x43, 0xef, 0x43, 0xef, 0x43, 0xef, 
	0x43, 0xad, 0x3b, 0x6d, 0x33, 0x6b, 0x33, 0x6b, 
	0x22, 0xeb, 0x22, 0xeb, 0x22, 0xeb, 0x22, 0xeb, 
	0x1a, 0x69, 0x1a, 0x69, 0x1a, 0x69, 0xc7, 0xbf, 
	0xb7, 0xbf, 0x9e, 0xfd, 0x6d, 0xb9, 0x6d, 0xb9, 
	0x8e, 0x7d, 0x6d, 0x79, 0x54, 0x73, 0x33, 0xaf, 
	0x12, 0xab, 0x12, 0xab, 0x12, 0xab, 0x12, 0xab, 
	0x1a, 0xed, 0x1a, 0xed, 0x1a, 0xed, 0x1a, 0xed, 
	0x1a, 0xed, 0x1a, 0xad, 0x1a, 0xed, 0x1a, 0xad, 
	0x1a, 0xad, 0x1a, 0xed, 0x1a, 0xed, 0x1a, 0xed, 
	0x1a, 0xed, 0x1a, 0xed, 0x1a, 0xed, 0x1a, 0xed, 
	0x1a, 0xed, 0x1a, 0xed, 0x1a, 0xed, 0x1a, 0xed, 
	0x1a, 0xef, 0x1a, 0xef, 0x1a, 0xef, 0x1a, 0xef, 
	0x1a, 0xef, 0x1a, 0xef, 0x1a, 0xef, 0x1a, 0xef, 
	0x1a, 0xf1, 0x1a, 0xf1, 0x1a, 0xf1, 0x1a, 0xf1, 
	0x1a, 0xef, 0x1a, 0xef, 0x1a, 0xef, 0x1a, 0xef, 
	0x23, 0x31, 0x3b, 0xb3, 0x43, 0xf3, 0x43, 0xf3, 
	0x43, 0xf3, 0x3b, 0xb3, 0x3b, 0xb3, 0x43, 0xf3, 
	0x54, 0x75, 0x54, 0x75, 0x54, 0x75, 0x6d, 0x39, 
	0x6d, 0x79, 0x6d, 0x79, 0x7d, 0xbb, 0x86, 0x3d, 
	0x96, 0xbf, 0x86, 0x3d, 0x86, 0x3d, 0x86, 0x3d, 
	0x75, 0xbb, 0x6d, 0x39, 0x5c, 0xf7, 0x5c, 0xf7, 
	0x5c, 0xf7, 0x5c, 0xf7, 0x5c, 0xb7, 0x5c, 0xb7, 
	0x54, 0x75, 0x54, 0x75, 0x54, 0x75, 0x54, 0x75, 
	0x75, 0xbb, 0x8e, 0x7d, 0x8e, 0x7d, 0x9e, 0xff, 
	0x9e, 0xff, 0x8e, 0x7d, 0x8e, 0x7d, 0x8e, 0x7d, 
	0x75, 0xbb, 0x6d, 0x39, 0x5c, 0xf7, 0x5c, 0xf7, 
	0x6d, 0x79, 0x6d, 0x79, 0x6d, 0x79, 0x6d, 0x79, 
	0x7d, 0xbb, 0x7d, 0xbb, 0x64, 0xf9, 0x64, 0xf9, 
	0x7d, 0xbb, 0x4c, 0x79, 0x7d, 0xbb, 0xdf, 0xbf, 
	0xdf, 0xff, 0xdf, 0xff, 0xdf, 0xff, 0xdf, 0xff, 
	0xa7, 0x3f, 0x23, 0x33, 0x23, 0x33, 0x23, 0x33, 
	0x23, 0x33, 0x23, 0x33, 0x2b, 0xb5, 0x23, 0x33, 
	0x23, 0x33, 0x23, 0x33, 0x23, 0x33, 0x23, 0x33, 
	0x2b, 0xf7, 0x2b, 0xf7, 0xa6, 0xbd, 0xe7, 0xff, 
	0x9f, 0x3f, 0xaf, 0x7f, 0xbf, 0xbf, 0xcf, 0xff, 
	0xcf, 0xff, 0xcf, 0xff, 0xcf, 0xff, 0xb7, 0xbf, 
	0xa7, 0x7f, 0x96, 0xbd, 0x7d, 0xfb, 0x6d, 0x79, 
	0x64, 0xf5, 0x5c, 0xb3, 0x54, 0x73, 0x4c, 0x31, 
	0x4b, 0xef, 0x43, 0xed, 0x43, 0xed, 0x43, 0xed, 
	0x43, 0xed, 0x3b, 0xab, 0x3b, 0x6b, 0x33, 0x69, 
	0x33, 0x29, 0x33, 0x29, 0x33, 0x29, 0x33, 0x69, 
	0x3b, 0x6b, 0x33, 0x6b, 0x3b, 0x6b, 0x3b, 0x6b, 
	0x33, 0x6b, 0x33, 0x6b, 0x33, 0x29, 0x33, 0x29, 
	0x2b, 0x29, 0x2b, 0x29, 0x2b, 0x29, 0x2b, 0x29, 
	0x33, 0x29, 0x2b, 0x29, 0x2b, 0x29, 0x2a, 0xe7, 
	0x2b, 0x29, 0x33, 0x2b, 0x33, 0x6b, 0x33, 0x2b, 
	0x2b, 0x29, 0x2b, 0x29, 0x3b, 0xaf, 0x3b, 0xaf, 
	0x4c, 0x31, 0x4c, 0x31, 0x2a, 0xeb, 0x2a, 0xeb, 
	0x33, 0x2d, 0x33, 0x2d, 0x33, 0x2d, 0x33, 0x2d, 
	0x3b, 0xb1, 0x3b, 0xb1, 0x33, 0x71, 0x1a, 0xef, 
	0x1a, 0xef, 0x1a, 0xef, 0x1a, 0xef, 0x1a, 0xef, 
	0x1a, 0xf1, 0x1a, 0xef, 0x1a, 0xef, 0x1a, 0xef, 
	0x1a, 0xef, 0x1a, 0xef, 0x1a, 0xf1, 0x1a, 0xef, 
	0x1a, 0xf1, 0x1a, 0xf1, 0x1a, 0xf1, 0x1a, 0xf1, 
	0x1a, 0xef, 0x1a, 0xef, 0x1a, 0xef, 0x1a, 0xef, 
	0x1a, 0xef, 0x1a, 0xef, 0x1a, 0xef, 0x1a, 0xef, 
	0x1a, 0xef, 0x1a, 0xef, 0x1a, 0xef, 0x1a, 0xef, 
	0x22, 0xef, 0x22, 0xef, 0x22, 0xef, 0x22, 0xef, 
	0x22, 0xed, 0x22, 0xed, 0x22, 0xed, 0x22, 0xed, 
	0x23, 0x2d, 0x23, 0x2d, 0x23, 0x2d, 0x23, 0x2d, 
	0x2b, 0x2d, 0x4c, 0x31, 0x4c, 0x31, 0x4c, 0x31, 
	0x4c, 0x31, 0x4c, 0x31, 0x43, 0xef, 0x43, 0xef, 
	0x43, 0xef, 0x43, 0xef, 0x43, 0xef, 0x43, 0xef, 
	0x43, 0xef, 0x43, 0xef, 0x43, 0xef, 0x43, 0xef, 
	0x43, 0xad, 0x3b, 0x6d, 0x3b, 0x6d, 0x33, 0x6b, 
	0x22, 0xeb, 0x22, 0xeb, 0x6d, 0x35, 0x44, 0x31, 
	0x1a, 0x69, 0x54, 0x31, 0x8d, 0xf7, 0xc7, 0xbf, 
	0xb7, 0xbf, 0x9e, 0xfd, 0x9e, 0xfd, 0x86, 0x3b, 
	0x8e, 0x7d, 0x8e, 0x7d, 0x54, 0x73, 0x8e, 0x7d, 
	0x5c, 0xb7, 0x12, 0xab, 0x12, 0xab, 0x12, 0xab, 
	0x1a, 0xed, 0x1a, 0xed, 0x1a, 0xed, 0x1a, 0xed, 
	0x1a, 0xed, 0x1a, 0xed, 0x1a, 0xed, 0x1a, 0xed, 
	0x1a, 0xed, 0x1a, 0xed, 0x1a, 0xed, 0x1a, 0xed, 
	0x1a, 0xed, 0x1a, 0xed, 0x1a, 0xed, 0x1a, 0xed, 
	0x1a, 0xed, 0x1a, 0xed, 0x1a, 0xed, 0x1a, 0xed, 
	0x1a, 0xef, 0x1a, 0xef, 0x1a, 0xef, 0x1a, 0xef, 
	0x1a, 0xef, 0x1a, 0xef, 0x23, 0x31, 0x1a, 0xef, 
	0x1a, 0xf1, 0x1a, 0xf1, 0x1a, 0xf1, 0x23, 0x31, 
	0x1a, 0xef, 0x23, 0x31, 0x1a, 0xef, 0x1a, 0xef, 
	0x23, 0x31, 0x23, 0x31, 0x2b, 0x71, 0x43, 0xf3, 
	0x4c, 0x35, 0x43, 0xf3, 0x33, 0xb1, 0x33, 0xb1, 
	0x3b, 0xf1, 0x3b, 0xf1, 0x54, 0x75, 0x6d, 0x39, 
	0x6d, 0x79, 0x6d, 0x79, 0x7d, 0xbb, 0x7d, 0xbb, 
	0x96, 0xbf, 0x96, 0xbf, 0x86, 0x3d, 0x7d, 0xfb, 
	0x75, 0xbb, 0x6d, 0x39, 0x5c, 0xf7, 0x5c, 0xf7, 
	0x5c, 0xf7, 0x5c, 0xf7, 0x5c, 0xb7, 0x54, 0xb5, 
	0x54, 0x75, 0x44, 0x31, 0x54, 0x75, 0x6d, 0x7b, 
	0x75, 0xbb, 0x8e, 0x7d, 0x9e, 0xff, 0x8e, 0x7d, 
	0x8e, 0x7d, 0x8e, 0x7d, 0x8e, 0x7d, 0x9e, 0xff, 
	0x85, 0xfd, 0x75, 0xbb, 0x6d, 0x39, 0x75, 0xbb, 
	0x96, 0xbf, 0x96, 0xbf, 0x96, 0xbf, 0x85, 0xfd, 
	0x8e, 0x7d, 0x64, 0xf9, 0x64, 0xf9, 0x64, 0xf9, 
	0x7d, 0xbb, 0x4c, 0x79, 0x4c, 0x79, 0xae, 0xbd, 
	0xdf, 0xff, 0xdf, 0xff, 0xdf, 0xff, 0xdf, 0xff, 
	0xa7, 0x3f, 0xa7, 0x3f, 0x4c, 0xb7, 0x23, 0x33, 
	0x2b, 0xb5, 0x3b, 0xf7, 0x44, 0x39, 0x23, 0x33, 
	0x23, 0x33, 0x23, 0x33, 0x6d, 0x79, 0x6d, 0x79, 
	0xa6, 0xbd, 0xa6, 0xbd, 0xe7, 0xff, 0xe7, 0xff, 
	0xcf, 0xff, 0xbf, 0xbf, 0xaf, 0x7f, 0xaf, 0x7f, 
	0xb7, 0xbf, 0xcf, 0xff, 0xb7, 0xbf, 0xa7, 0x3f, 
	0x96, 0xbd, 0x7d, 0xfb, 0x7d, 0xfb, 0x6d, 0x79, 
	0x64, 0xf5, 0x5c, 0xb3, 0x54, 0x73, 0x4c, 0x31, 
	0x4b, 0xef, 0x43, 0xed, 0x43, 0xad, 0x43, 0xad, 
	0x43, 0xed, 0x3b, 0xab, 0x3b, 0x6b, 0x33, 0x69, 
	0x33, 0x29, 0x33, 0x29, 0x33, 0x29, 0x3b, 0x6b, 
	0x3b, 0xad, 0x3b, 0x6b, 0x3b, 0x6b, 0x3b, 0x6b, 
	0x33, 0x6b, 0x33, 0x6b, 0x33, 0x29, 0x33, 0x29, 
	0x2b, 0x29, 0x2b, 0x29, 0x2b, 0x29, 0x2a, 0xe7, 
	0x33, 0x29, 0x33, 0x29, 0x2b, 0x29, 0x2a, 0xe7, 
	0x2b, 0x29, 0x33, 0x6b, 0x33, 0x6b, 0x33, 0x2b, 
	0x3b, 0xaf, 0x3b, 0xaf, 0x3b, 0xaf, 0x65, 0x3b, 
	0x65, 0x39, 0x4c, 0x31, 0x4c, 0x31, 0x65, 0x39, 
	0x6d, 0x39, 0x6d, 0x39, 0x4c, 0x33, 0x33, 0x2d, 
	0x3b, 0xb1, 0x33, 0x71, 0x3b, 0xb1, 0x23, 0x2f, 
	0x23, 0x2f, 0x33, 0x6f, 0x23, 0x2f, 0x1a, 0xef, 
	0x1a, 0xf1, 0x1a, 0xf1, 0x1a, 0xf1, 0x1a, 0xf1, 
	0x1a, 0xf1, 0x1a, 0xf1, 0x1a, 0xf1, 0x1a, 0xf1, 
	0x1a, 0xf1, 0x1a, 0xf1, 0x23, 0x31, 0x23, 0x31, 
	0x23, 0x31, 0x23, 0x31, 0x23, 0x31, 0x23, 0x31, 
	0x1a, 0xef, 0x1a, 0xef, 0x1a, 0xef, 0x1a, 0xef, 
	0x1a, 0xef, 0x1a, 0xef, 0x1a, 0xef, 0x22, 0xef, 
	0x23, 0x2f, 0x23, 0x2f, 0x23, 0x2f, 0x2b, 0x2f, 
	0x23, 0x2d, 0x23, 0x2d, 0x23, 0x2d, 0x23, 0x2d, 
	0x2b, 0x2d, 0x33, 0x6f, 0x2b, 0x2d, 0x2b, 0x2d, 
	0x2b, 0x2d, 0x33, 0xaf, 0x4c, 0x31, 0x4c, 0x31, 
	0x4c, 0x31, 0x4c, 0x31, 0x4c, 0x31, 0x43, 0xef, 
	0x4c, 0x31, 0x43, 0xef, 0x43, 0xef, 0x43, 0xef, 
	0x43, 0xef, 0x43, 0xef, 0x43, 0xef, 0x43, 0xef, 
	0x43, 0xad, 0x43, 0xad, 0x33, 0x6b, 0x2b, 0x2b, 
	0x22, 0xeb, 0x6d, 0x35, 0x8e, 0x7b, 0x6d, 0x35, 
	0x8d, 0xf7, 0xc7, 0xbf, 0xc7, 0xbf, 0xc7, 0xbf, 
	0xb7, 0xbf, 0x9e, 0xfd, 0x9e, 0xfd, 0x9e, 0xfd, 
	0x6d, 0x79, 0x54, 0x73, 0x54, 0x73, 0x6d, 0x79, 
	0x43, 0xf3, 0x2b, 0x6f, 0x2b, 0x6f, 0x2b, 0x6f, 
	0x1a, 0xed, 0x1a, 0xed, 0x1a, 0xed, 0x1a, 0xed, 
	0x1a, 0xed, 0x22, 0xed, 0x1a, 0xed, 0x1a, 0xed, 
	0x1a, 0xef, 0x1a, 0xed, 0x1a, 0xef, 0x1a, 0xed, 
	0x1a, 0xed, 0x1a, 0xed, 0x1a, 0xed, 0x1a, 0xed, 
	0x1a, 0xed, 0x1a, 0xed, 0x1a, 0xed, 0x1a, 0xef, 
	0x1a, 0xef, 0x1a, 0xef, 0x1a, 0xef, 0x1a, 0xef, 
	0x1a, 0xef, 0x1a, 0xef, 0x23, 0x31, 0x23, 0x31, 
	0x1a, 0xf1, 0x23, 0x31, 0x23, 0x31, 0x23, 0x31, 
	0x23, 0x31, 0x23, 0x31, 0x23, 0x31, 0x23, 0x31, 
	0x23, 0x31, 0x23, 0x31, 0x23, 0x31, 0x3b, 0xb3, 
	0x43, 0xf3, 0x3b, 0xb3, 0x33, 0xb1, 0x33, 0xb1, 
	0x23, 0x2d, 0x3b, 0xf1, 0x54, 0x75, 0x6d, 0x39, 
	0x6d, 0x79, 0x7d, 0xbb, 0x86, 0x3d, 0x7d, 0xbb, 
	0x6d, 0x79, 0x96, 0xbf, 0x96, 0xbf, 0x7d, 0xfb, 
	0x86, 0x3d, 0x75, 0xbb, 0x6d, 0x39, 0x5c, 0xf7, 
	0x5c, 0xf7, 0x5c, 0xb7, 0x5c, 0xb7, 0x54, 0xb5, 
	0x54, 0x75, 0x54, 0x75, 0x5c, 0xf7, 0x6d, 0x7b, 
	0x75, 0xbb, 0x9e, 0xff, 0x9e, 0xff, 0x9e, 0xff, 
	0x8e, 0x7d, 0x8e, 0x7d, 0x9e, 0xff, 0x8e, 0x7d, 
	0x85, 0xfd, 0x75, 0xbb, 0x75, 0xbb, 0x75, 0xbb, 
	0x96, 0xbf, 0x96, 0xbf, 0x85, 0xfd, 0x96, 0xbf, 
	0x8e, 0x7d, 0x64, 0xf9, 0x64, 0xf9, 0x64, 0xf9, 
	0x4c, 0x79, 0x4c, 0x79, 0x4c, 0x79, 0x7d, 0xbb, 
	0x96, 0x3d, 0xdf, 0xff, 0xdf, 0xff, 0xbe, 0xfd, 
	0x7d, 0xfb, 0x7d, 0xfb, 0x4c, 0xb7, 0x23, 0x33, 
	0x2b, 0xb5, 0x3b, 0xf7, 0x2b, 0xb5, 0x23, 0x33, 
	0x23, 0x33, 0x6d, 0x79, 0xb7, 0xbf, 0xb7, 0xbf, 
	0xe7, 0xff, 0xe7, 0xff, 0xe7, 0xff, 0xe7, 0xff, 
	0xcf, 0xff, 0xcf, 0xff, 0xaf, 0x7f, 0xaf, 0x7f, 
	0xa7, 0x3f, 0xa7, 0x3f, 0xa7, 0x3f, 0x8e, 0xff, 
	0x96, 0xbd, 0x7d, 0xfb, 0x6d, 0x79, 0x6d, 0x79, 
	0x5c, 0xb3, 0x5c, 0xb3, 0x4c, 0x31, 0x4c, 0x31, 
	0x43, 0xed, 0x43, 0xed, 0x43, 0xed, 0x43, 0xed, 
	0x3b, 0xab, 0x3b, 0x6b, 0x3b, 0x6b, 0x33, 0x69, 
	0x33, 0x29, 0x33, 0x29, 0x33, 0x29, 0x3b, 0x6b, 
	0x3b, 0xad, 0x3b, 0xad, 0x3b, 0x6b, 0x3b, 0x6b, 
	0x33, 0x6b, 0x33, 0x6b, 0x33, 0x29, 0x33, 0x29, 
	0x2b, 0x29, 0x2b, 0x29, 0x2a, 0xe7, 0x2b, 0x29, 
	0x2b, 0x29, 0x33, 0x29, 0x33, 0x29, 0x2b, 0x29, 
	0x2b, 0x29, 0x33, 0x6b, 0x33, 0x6b, 0x3b, 0x6d, 
	0x3b, 0xaf, 0x3b, 0xaf, 0x54, 0x75, 0x54, 0x75, 
	0x65, 0x39, 0x65, 0x39, 0x86, 0x3f, 0x86, 0x3f, 
	0x86, 0x3f, 0x6d, 0x39, 0x4c, 0x33, 0x4c, 0x33, 
	0x3b, 0xb1, 0x3b, 0xb1, 0x3b, 0xb1, 0x3b, 0xb1, 
	0x3b, 0xaf, 0x3b, 0xaf, 0x23, 0x2f, 0x1a, 0xef, 
	0x1b, 0x31, 0x1b, 0x31, 0x1b, 0x31, 0x1a, 0xf1, 
	0x1b, 0x31, 0x1a, 0xf1, 0x1a, 0xf1, 0x1a, 0xf1, 
	0x23, 0x31, 0x23, 0x31, 0x23, 0x31, 0x23, 0x31, 
	0x23, 0x31, 0x23, 0x31, 0x23, 0x31, 0x23, 0x31, 
	0x23, 0x31, 0x23, 0x31, 0x23, 0x31, 0x23, 0x31, 
	0x22, 0xef, 0x23, 0x2f, 0x23, 0x2f, 0x23, 0x2f, 
	0x2b, 0x2f, 0x2b, 0x2f, 0x2b, 0x2f, 0x2b, 0x2f, 
	0x2b, 0x6f, 0x2b, 0x6f, 0x2b, 0x6f, 0x2b, 0x6f, 
	0x33, 0x6f, 0x33, 0x6f, 0x2b, 0x2d, 0x2b, 0x2d, 
	0x2b, 0x2d, 0x33, 0xaf, 0x43, 0xef, 0x4c, 0x31, 
	0x4c, 0x31, 0x4c, 0x31, 0x4c, 0x31, 0x43, 0xef, 
	0x43, 0xef, 0x43, 0xef, 0x3b, 0xab, 0x3b, 0xab, 
	0x43, 0xef, 0x43, 0xef, 0x43, 0xef, 0x43, 0xef, 
	0x43, 0xad, 0x3b, 0x6d, 0x2b, 0x2b, 0x2b, 0x2b, 
	0x22, 0xeb, 0x6d, 0x35, 0x6d, 0x35, 0x6d, 0x35, 
	0x8d, 0xf7, 0xc7, 0xbf, 0xc7, 0xbf, 0xc7, 0xbf, 
	0x9e, 0xfd, 0x86, 0x3b, 0x9e, 0xfd, 0x9e, 0xfd, 
	0x6d, 0x79, 0x54, 0x73, 0x54, 0x73, 0x33, 0xaf, 
	0x2b, 0x6f, 0x2b, 0x6f, 0x2b, 0x6f, 0x2b, 0x6f, 
	0x23, 0x2f, 0x23, 0x2f, 0x23, 0x2f, 0x23, 0x2f, 
	0x22, 0xed, 0x22, 0xed, 0x22, 0xed, 0x22, 0xed, 
	0x1a, 0xef, 0x1a, 0xef, 0x1a, 0xef, 0x1a, 0xef, 
	0x1a, 0xed, 0x1a, 0xed, 0x1a, 0xed, 0x1a, 0xed, 
	0x1a, 0xed, 0x1a, 0xef, 0x1a, 0xef, 0x1a, 0xed, 
	0x1a, 0xef, 0x1a, 0xef, 0x1a, 0xef, 0x1a, 0xef, 
	0x1a, 0xef, 0x1a, 0xef, 0x1a, 0xef, 0x1a, 0xef, 
	0x1a, 0xf1, 0x1a, 0xf1, 0x23, 0x31, 0x23, 0x31, 
	0x23, 0x31, 0x23, 0x31, 0x23, 0x31, 0x23, 0x31, 
	0x23, 0x31, 0x23, 0x31, 0x23, 0x31, 0x23, 0x31, 
	0x33, 0xb1, 0x3b, 0xb3, 0x3b, 0xb3, 0x33, 0xb1, 
	0x3b, 0xf1, 0x3b, 0xf1, 0x3b, 0xf1, 0x6d, 0x39, 
	0x96, 0xbf, 0x8e, 0x7d, 0x96, 0xbf, 0x86, 0x3d, 
	0x6d, 0x37, 0x86, 0x3d, 0x86, 0x3d, 0x7d, 0xfb, 
	0x7d, 0xfb, 0x75, 0xb9, 0x65, 0x37, 0x5c, 0xf5, 
	0x5c, 0xb5, 0x5c, 0xb5, 0x5c, 0xb5, 0x54, 0x73, 
	0x54, 0x75, 0x54, 0xb5, 0x5c, 0xb7, 0x4c, 0x33, 
	0x64, 0xf7, 0x7d, 0xbb, 0x7d, 0xbb, 0x96, 0xbf, 
	0x96, 0xbf, 0x96, 0xbf, 0x96, 0xbf, 0x96, 0xbf, 
	0x7d, 0xfd, 0x75, 0x7b, 0x75, 0x7b, 0x7d, 0xfd, 
	0x96, 0xbf, 0x86, 0x3d, 0x6d, 0x79, 0x7d, 0xbb, 
	0x75, 0xbd, 0x6d, 0x7b, 0x6d, 0x7b, 0x65, 0x37, 
	0x5c, 0xf9, 0x54, 0x75, 0x5c, 0xf9, 0x54, 0x75, 
	0x5c, 0xf9, 0xbf, 0xbf, 0xbf, 0xbf, 0xbf, 0xbf, 
	0xae, 0xbd, 0xe7, 0xff, 0xae, 0xbd, 0x34, 0x7b, 
	0x33, 0xb5, 0x33, 0xb5, 0x33, 0xb5, 0x33, 0xb5, 
	0x65, 0x3d, 0xbf, 0xbf, 0xbf, 0xbf, 0xbf, 0xbf, 
	0xd7, 0xff, 0xff, 0xff, 0xff, 0xff, 0xe7, 0xff, 
	0xe7, 0xff, 0xe7, 0xff, 0xd7, 0xff, 0xbf, 0xff, 
	0xb7, 0xbf, 0xa7, 0x3f, 0x8e, 0xbd, 0x8e, 0xbd, 
	0x7d, 0xfb, 0x6d, 0x79, 0x64, 0xf7, 0x64, 0xf7, 
	0x5c, 0xb5, 0x54, 0x73, 0x4c, 0x31, 0x4c, 0x31, 
	0x43, 0xed, 0x4c, 0x31, 0x4c, 0x31, 0x43, 0xed, 
	0x3b, 0xad, 0x3b, 0xad, 0x3b, 0xad, 0x33, 0x6b, 
	0x33, 0x69, 0x33, 0x29, 0x33, 0x29, 0x33, 0x69, 
	0x3b, 0xad, 0x3b, 0xad, 0x3b, 0xad, 0x33, 0x6b, 
	0x33, 0x6b, 0x33, 0x6b, 0x33, 0x2b, 0x33, 0x2b, 
	0x33, 0x2b, 0x2b, 0x2b, 0x2b, 0x29, 0x2b, 0x29, 
	0x33, 0x29, 0x33, 0x29, 0x33, 0x29, 0x2b, 0x29, 
	0x33, 0x29, 0x33, 0x29, 0x3b, 0xad, 0x3b, 0xad, 
	0x43, 0xef, 0x43, 0xef, 0x4c, 0x33, 0x54, 0x75, 
	0x6d, 0x79, 0x9e, 0xff, 0x9e, 0xff, 0x9e, 0xff, 
	0x86, 0x3f, 0x6d, 0x7b, 0x43, 0xf1, 0x43, 0xf1, 
	0x43, 0xf1, 0x54, 0x73, 0x54, 0x73, 0x43, 0xf1, 
	0x4c, 0x33, 0x4c, 0x33, 0x4c, 0x33, 0x3b, 0xaf, 
	0x2b, 0x2f, 0x2b, 0x2f, 0x2b, 0x2f, 0x2b, 0x2f, 
	0x23, 0x31, 0x23, 0x31, 0x23, 0x31, 0x23, 0x31, 
	0x1a, 0xf1, 0x23, 0x31, 0x1a, 0xf1, 0x1a, 0xf1, 
	0x23, 0x31, 0x23, 0x31, 0x23, 0x31, 0x23, 0x31, 
	0x23, 0x31, 0x23, 0x31, 0x23, 0x31, 0x23, 0x31, 
	0x23, 0x31, 0x23, 0x31, 0x23, 0x31, 0x23, 0x31, 
	0x2b, 0x2f, 0x2b, 0x6f, 0x2b, 0x2f, 0x2b, 0x2f, 
	0x2b, 0x6f, 0x2b, 0x6f, 0x2b, 0x2f, 0x2b, 0x2f, 
	0x2b, 0x2d, 0x2b, 0x2d, 0x2b, 0x2d, 0x2b, 0x6f, 
	0x2b, 0x2d, 0x33, 0x6f, 0x43, 0xf1, 0x43, 0xf1, 
	0x43, 0xef, 0x43, 0xef, 0x44, 0x2f, 0x44, 0x2f, 
	0x43, 0xef, 0x43, 0xad, 0x43, 0xad, 0x3b, 0xab, 
	0x3b, 0xaf, 0x43, 0xef, 0x3b, 0xaf, 0x43, 0xef, 
	0x3b, 0xad, 0x2b, 0x2b, 0x2b, 0x2b, 0x22, 0xeb, 
	0x33, 0x2b, 0x7d, 0xb9, 0x7d, 0xb9, 0xa6, 0xff, 
	0x8e, 0x3b, 0xb7, 0x7f, 0xb7, 0x7f, 0x8e, 0x3b, 
	0x85, 0xfb, 0x9e, 0xbd, 0x85, 0xfb, 0x85, 0xfb, 
	0x6d, 0x7b, 0x5c, 0xf7, 0x5c, 0xf7, 0x5c, 0xf7, 
	0x3b, 0xb1, 0x3b, 0xb1, 0x33, 0x6d, 0x22, 0xeb, 
	0x23, 0x2f, 0x23, 0x2f, 0x2b, 0x2f, 0x2b, 0x2f, 
	0x23, 0x2f, 0x23, 0x2f, 0x23, 0x2f, 0x23, 0x2f, 
	0x23, 0x2f, 0x22, 0xef, 0x1a, 0xef, 0x1a, 0xef, 
	0x1a, 0xef, 0x1a, 0xef, 0x1a, 0xef, 0x1a, 0xef, 
	0x1a, 0xef, 0x1a, 0xef, 0x1a, 0xef, 0x1a, 0xef, 
	0x1a, 0xef, 0x1a, 0xef, 0x1a, 0xef, 0x1a, 0xef, 
	0x1a, 0xef, 0x1a, 0xef, 0x1a, 0xef, 0x1a, 0xef, 
	0x1a, 0xf1, 0x1a, 0xf1, 0x1b, 0x31, 0x23, 0x31, 
	0x23, 0x31, 0x23, 0x31, 0x23, 0x31, 0x23, 0x31, 
	0x23, 0x31, 0x23, 0x31, 0x2b, 0x71, 0x23, 0x31, 
	0x33, 0xb1, 0x3b, 0xf3, 0x33, 0x71, 0x3b, 0xb3, 
	0x4c, 0x35, 0x64, 0xf9, 0x64, 0xf9, 0x96, 0xbf, 
	0x8e, 0x7d, 0x9e, 0xff, 0x9e, 0xff, 0x8e, 0x7d, 
	0x75, 0xb9, 0x7d, 0xfb, 0x7d, 0xfb, 0x75, 0xb9, 
	0x75, 0xb9, 0x65, 0x37, 0x5c, 0xf5, 0x5c, 0xf5, 
	0x5c, 0xb5, 0x5c, 0xb5, 0x54, 0x73, 0x54, 0x73, 
	0x54, 0x75, 0x4c, 0x33, 0x4c, 0x33, 0x4c, 0x33, 
	0x4c, 0x33, 0x4c, 0x33, 0x64, 0xf7, 0x64, 0xf7, 
	0x96, 0xbf, 0x96, 0xbf, 0x96, 0xbf, 0x96, 0xbf, 
	0x75, 0x7b, 0x65, 0x39, 0x75, 0x7b, 0x7d, 0xfd, 
	0x7d, 0xbb, 0x6d, 0x79, 0x6d, 0x79, 0x6d, 0x79, 
	0x6d, 0x39, 0x6d, 0x39, 0x6d, 0x39, 0x6d, 0x39, 
	0x54, 0x75, 0x4c, 0x33, 0x54, 0x75, 0x54, 0x75, 
	0x5c, 0xf9, 0xbf, 0xbf, 0xbf, 0xbf, 0xbf, 0xbf, 
	0xe7, 0xff, 0xe7, 0xff, 0x6d, 0xbd, 0x6d, 0xbd, 
	0x5c, 0xf9, 0x33, 0xb5, 0x33, 0xb5, 0x33, 0xb5, 
	0x65, 0x3d, 0xbf, 0xbf, 0xbf, 0xbf, 0xbf, 0xbf, 
	0xbf, 0xff, 0xe7, 0xff, 0xd7, 0xff, 0xd7, 0xff, 
	0xe7, 0xff, 0xff, 0xff, 0xe7, 0xff, 0xd7, 0xff, 
	0xb7, 0xbf, 0xa7, 0x3f, 0xa7, 0x3f, 0x8e, 0xbd, 
	0x7d, 0xfb, 0x6d, 0x79, 0x64, 0xf7, 0x54, 0xb5, 
	0x54, 0x73, 0x54, 0x73, 0x4c, 0x31, 0x43, 0xef, 
	0x43, 0xed, 0x4c, 0x31, 0x43, 0xed, 0x43, 0xed, 
	0x3b, 0xad, 0x3b, 0xad, 0x3b, 0xad, 0x33, 0x6b, 
	0x33, 0x69, 0x33, 0x29, 0x33, 0x29, 0x33, 0x69, 
	0x3b, 0x6d, 0x3b, 0x6d, 0x3b, 0xad, 0x33, 0x6b, 
	0x33, 0x6b, 0x33, 0x2b, 0x33, 0x2b, 0x33, 0x2b, 
	0x33, 0x2b, 0x33, 0x2b, 0x2b, 0x2b, 0x33, 0x2b, 
	0x33, 0x29, 0x33, 0x29, 0x33, 0x29, 0x2b, 0x29, 
	0x33, 0x29, 0x33, 0x29, 0x3b, 0xad, 0x3b, 0xad, 
	0x43, 0xef, 0x43, 0xef, 0x4c, 0x33, 0x54, 0x75, 
	0x6d, 0x79, 0x86, 0x3b, 0x86, 0x3b, 0x86, 0x3b, 
	0x6d, 0x7b, 0x5c, 0xb5, 0x5c, 0xb5, 0x43, 0xf1, 
	0x43, 0xf1, 0x54, 0x73, 0x54, 0x73, 0x54, 0x73, 
	0x54, 0x75, 0x54, 0x75, 0x54, 0x75, 0x43, 0xf1, 
	0x2b, 0x2f, 0x2b, 0x2f, 0x2b, 0x2f, 0x2b, 0x2f, 
	0x2b, 0x73, 0x23, 0x31, 0x23, 0x31, 0x23, 0x31, 
	0x23, 0x31, 0x23, 0x31, 0x1a, 0xf1, 0x23, 0x31, 
	0x23, 0x31, 0x23, 0x31, 0x23, 0x31, 0x23, 0x31, 
	0x23, 0x31, 0x1a, 0xf1, 0x23, 0x31, 0x23, 0x31, 
	0x23, 0x31, 0x23, 0x31, 0x23, 0x31, 0x23, 0x31, 
	0x23, 0x2f, 0x2b, 0x2f, 0x23, 0x2f, 0x2b, 0x6f, 
	0x2b, 0x6f, 0x2b, 0x2f, 0x23, 0x2d, 0x23, 0x2d, 
	0x23, 0x2d, 0x23, 0x2d, 0x23, 0x2d, 0x23, 0x2d, 
	0x2b, 0x2d, 0x33, 0x6f, 0x43, 0xf1, 0x43, 0xf1, 
	0x43, 0xef, 0x43, 0xef, 0x43, 0xef, 0x43, 0xef, 
	0x43, 0xef, 0x43, 0xad, 0x43, 0xad, 0x43, 0xad, 
	0x3b, 0xaf, 0x43, 0xef, 0x43, 0xef, 0x3b, 0xaf, 
	0x3b, 0xad, 0x2b, 0x2b, 0x2b, 0x2b, 0x22, 0xeb, 
	0x33, 0x2b, 0x7d, 0xb9, 0xa6, 0xff, 0xa6, 0xff, 
	0x8e, 0x3b, 0xb7, 0x7f, 0xb7, 0x7f, 0x8e, 0x3b, 
	0xb7, 0xbf, 0x9e, 0xbd, 0x9e, 0xbd, 0x6d, 0x39, 
	0x5c, 0xf7, 0x54, 0x73, 0x43, 0xaf, 0x43, 0xaf, 
	0x4c, 0x33, 0x33, 0x6d, 0x33, 0x6d, 0x22, 0xeb, 
	0x1a, 0xed, 0x22, 0xed, 0x1a, 0xed, 0x22, 0xed, 
	0x1a, 0xef, 0x1a, 0xef, 0x1a, 0xef, 0x23, 0x2f, 
	0x23, 0x2f, 0x1a, 0xef, 0x1a, 0xef, 0x1a, 0xef, 
	0x1a, 0xef, 0x1a, 0xef, 0x1a, 0xef, 0x1a, 0xef, 
	0x1a, 0xef, 0x1a, 0xef, 0x1a, 0xef, 0x1a, 0xef, 
	0x1a, 0xef, 0x1a, 0xef, 0x1a, 0xef, 0x1a, 0xef, 
	0x1a, 0xef, 0x23, 0x31, 0x1a, 0xef, 0x23, 0x31, 
	0x23, 0x31, 0x23, 0x31, 0x23, 0x31, 0x23, 0x31, 
	0x23, 0x31, 0x23, 0x31, 0x23, 0x31, 0x23, 0x31, 
	0x23, 0x31, 0x23, 0x31, 0x2b, 0x71, 0x2b, 0x71, 
	0x33, 0xb1, 0x33, 0xb1, 0x33, 0xb1, 0x3b, 0xf3, 
	0x4c, 0x35, 0x7d, 0xbb, 0x7d, 0xbb, 0x96, 0xbf, 
	0x8e, 0x7d, 0x96, 0xbf, 0x8e, 0x7d, 0x8e, 0x7d, 
	0x86, 0x3d, 0x7d, 0xfb, 0x75, 0xb9, 0x6d, 0x37, 
	0x65, 0x37, 0x65, 0x37, 0x5c, 0xf5, 0x5c, 0xf5, 
	0x5c, 0xb5, 0x54, 0x73, 0x54, 0x73, 0x54, 0x73, 
	0x54, 0x75, 0x4c, 0x33, 0x4c, 0x33, 0x54, 0x75, 
	0x4c, 0x33, 0x4c, 0x33, 0x4c, 0x33, 0x4c, 0x33, 
	0x7d, 0xbb, 0x96, 0xbf, 0x7d, 0xbb, 0x7d, 0xbb, 
	0x75, 0x7b, 0x5c, 0xb7, 0x65, 0x39, 0x7d, 0xfd, 
	0x6d, 0x79, 0x6d, 0x79, 0x7d, 0xbb, 0x6d, 0x79, 
	0x6d, 0x39, 0x6d, 0x7b, 0x75, 0xbd, 0x6d, 0x7b, 
	0x5c, 0xf9, 0x54, 0x75, 0x54, 0x75, 0x5c, 0xf9, 
	0x5c, 0xf9, 0xbf, 0xbf, 0xbf, 0xbf, 0xbf, 0xbf, 
	0xe7, 0xff, 0xe7, 0xff, 0xae, 0xbd, 0xae, 0xbd, 
	0xaf, 0xbf, 0x5c, 0xf9, 0x33, 0xb5, 0x33, 0xb5, 
	0x8e, 0x7d, 0xbf, 0xbf, 0xbf, 0xbf, 0xbf, 0xbf, 
	0xd7, 0xff, 0xe7, 0xff, 0xe7, 0xff, 0xff, 0xff, 
	0xff, 0xff, 0xff, 0xff, 0xff, 0xff, 0xff, 0xff, 
	0xb7, 0xbf, 0x8e, 0xbd, 0x8e, 0xbd, 0x7e, 0x3d, 
	0x6d, 0x79, 0x64, 0xf7, 0x64, 0xf7, 0x54, 0xb5, 
	0x54, 0x73, 0x4c, 0x31, 0x4c, 0x31, 0x43, 0xef, 
	0x4c, 0x31, 0x4c, 0x31, 0x43, 0xed, 0x3b, 0xab, 
	0x3b, 0xad, 0x3b, 0xad, 0x33, 0x6b, 0x33, 0x6b, 
	0x33, 0x69, 0x33, 0x29, 0x33, 0x29, 0x33, 0x69, 
	0x33, 0x6b, 0x33, 0x6b, 0x3b, 0x6d, 0x33, 0x6b, 
	0x33, 0x2b, 0x33, 0x2b, 0x33, 0x2b, 0x33, 0x2b, 
	0x33, 0x2b, 0x33, 0x2b, 0x33, 0x2b, 0x33, 0x2b, 
	0x2b, 0x29, 0x33, 0x29, 0x33, 0x6b, 0x33, 0x29, 
	0x33, 0x29, 0x33, 0x29, 0x3b, 0xad, 0x3b, 0xad, 
	0x3b, 0xad, 0x43, 0xef, 0x43, 0xef, 0x4c, 0x33, 
	0x54, 0x75, 0x54, 0x75, 0x54, 0x75, 0x6d, 0x79, 
	0x5c, 0xb5, 0x5c, 0xb5, 0x6d, 0x7b, 0x6d, 0x7b, 
	0x6d, 0x39, 0x43, 0xf1, 0x43, 0xf1, 0x54, 0x73, 
	0x54, 0x75, 0x54, 0x75, 0x54, 0x75, 0x43, 0xf1, 
	0x3b, 0xb1, 0x3b, 0xb1, 0x3b, 0xb1, 0x2b, 0x2f, 
	0x2b, 0xb3, 0x2b, 0x73, 0x2b, 0x73, 0x2b, 0x73, 
	0x2b, 0x73, 0x2b, 0x73, 0x2b, 0x73, 0x2b, 0x73, 
	0x23, 0x31, 0x23, 0x31, 0x23, 0x31, 0x23, 0x31, 
	0x23, 0x73, 0x23, 0x73, 0x23, 0x73, 0x23, 0x31, 
	0x23, 0x31, 0x22, 0xef, 0x22, 0xef, 0x23, 0x31, 
	0x23, 0x2f, 0x23, 0x2f, 0x23, 0x2f, 0x23, 0x2f, 
	0x23, 0x2d, 0x23, 0x2d, 0x23, 0x2d, 0x22, 0xed, 
	0x22, 0xeb, 0x23, 0x2d, 0x22, 0xeb, 0x23, 0x2d, 
	0x2b, 0x2d, 0x2b, 0x2d, 0x3b, 0xaf, 0x43, 0xf1, 
	0x43, 0xef, 0x43, 0xef, 0x43, 0xef, 0x44, 0x2f, 
	0x43, 0xef, 0x43, 0xef, 0x43, 0xef, 0x43, 0xef, 
	0x43, 0xef, 0x43, 0xef, 0x3b, 0xaf, 0x33, 0x6d, 
	0x2b, 0x2b, 0x22, 0xeb, 0x22, 0xeb, 0x12, 0x69, 
	0x33, 0x2b, 0xa6, 0xff, 0xa6, 0xff, 0xa6, 0xff, 
	0xb7, 0x7f, 0x8e, 0x3b, 0x8e, 0x3b, 0xb7, 0x7f, 
	0xb7, 0xbf, 0xb7, 0xbf, 0x9e, 0xbd, 0x6d, 0x39, 
	0x5c, 0xf7, 0x54, 0x73, 0x43, 0xaf, 0x43, 0xaf, 
	0x4c, 0x33, 0x33, 0x6d, 0x22, 0xeb, 0x22, 0xeb, 
	0x1a, 0xed, 0x1a, 0xed, 0x1a, 0xed, 0x1a, 0xed, 
	0x1a, 0xef, 0x1a, 0xef, 0x1a, 0xef, 0x1a, 0xef, 
	0x1a, 0xef, 0x1a, 0xef, 0x1a, 0xef, 0x1a, 0xef, 
	0x1a, 0xef, 0x1a, 0xef, 0x1a, 0xef, 0x1a, 0xef, 
	0x1a, 0xef, 0x1a, 0xef, 0x1a, 0xef, 0x1a, 0xef, 
	0x1a, 0xef, 0x1b, 0x2f, 0x1a, 0xef, 0x1a, 0xef, 
	0x1a, 0xef, 0x23, 0x31, 0x23, 0x31, 0x23, 0x31, 
	0x23, 0x31, 0x23, 0x31, 0x23, 0x31, 0x23, 0x31, 
	0x23, 0x31, 0x23, 0x31, 0x23, 0x31, 0x23, 0x31, 
	0x23, 0x31, 0x23, 0x31, 0x33, 0x73, 0x3b, 0xb3, 
	0x3b, 0xf3, 0x33, 0xb1, 0x33, 0x71, 0x33, 0xb1, 
	0x4c, 0x35, 0x7d, 0xbb, 0x7d, 0xbb, 0x96, 0xbf, 
	0x8e, 0x7d, 0x86, 0x3d, 0x86, 0x3d, 0x86, 0x3d, 
	0x7d, 0xfb, 0x7d, 0xfb, 0x75, 0xb9, 0x6d, 0x37, 
	0x65, 0x37, 0x5c, 0xf5, 0x5c, 0xf5, 0x5c, 0xf5, 
	0x5c, 0xb5, 0x54, 0x73, 0x54, 0x73, 0x54, 0x73, 
	0x54, 0x75, 0x4c, 0x33, 0x4c, 0x33, 0x4c, 0x33, 
	0x4c, 0x33, 0x4c, 0x33, 0x4c, 0x33, 0x4c, 0x33, 
	0x43, 0xf1, 0x5c, 0xb5, 0x5c, 0xb5, 0x5c, 0xb5, 
	0x65, 0x39, 0x5c, 0xb7, 0x5c, 0xb7, 0x65, 0x39, 
	0x6d, 0x79, 0x6d, 0x79, 0x6d, 0x79, 0x6d, 0x79, 
	0x6d, 0x39, 0x6d, 0x39, 0x75, 0xbd, 0x75, 0xbd, 
	0x65, 0x3b, 0x54, 0x75, 0x4c, 0x33, 0x54, 0x75, 
	0x5c, 0xf9, 0xbf, 0xbf, 0xbf, 0xbf, 0xbf, 0xbf, 
	0xe7, 0xff, 0xe7, 0xff, 0xae, 0xbd, 0xae, 0xbd, 
	0x86, 0x7b, 0x5c, 0xf9, 0x33, 0xb5, 0x5c, 0xf9, 
	0xbf, 0xbf, 0xbf, 0xbf, 0x8e, 0x7d, 0x8e, 0x7d, 
	0xd7, 0xff, 0xff, 0xff, 0xe7, 0xff, 0xe7, 0xff, 
	0xff, 0xff, 0xff, 0xff, 0xff, 0xff, 0xff, 0xff, 
	0xb7, 0xbf, 0x8e, 0xbd, 0x8e, 0xbd, 0x7e, 0x3d, 
	0x64, 0xf7, 0x64, 0xf7, 0x54, 0xb5, 0x54, 0xb5, 
	0x4c, 0x31, 0x4c, 0x31, 0x4c, 0x31, 0x43, 0xef, 
	0x4c, 0x31, 0x4c, 0x31, 0x43, 0xed, 0x3b, 0xab, 
	0x3b, 0xad, 0x3b, 0xad, 0x33, 0x6b, 0x33, 0x6b, 
	0x33, 0x29, 0x33, 0x29, 0x33, 0x29, 0x33, 0x69, 
	0x33, 0x6b, 0x33, 0x6b, 0x33, 0x6b, 0x33, 0x6b, 
	0x33, 0x2b, 0x33, 0x2b, 0x33, 0x2b, 0x33, 0x2b, 
	0x33, 0x2b, 0x33, 0x2b, 0x33, 0x2b, 0x2b, 0x2b, 
	0x33, 0x29, 0x33, 0x29, 0x3b, 0x6b, 0x33, 0x6b, 
	0x33, 0x29, 0x33, 0x29, 0x3b, 0xad, 0x54, 0x33, 
	0x4c, 0x33, 0x43, 0xef, 0x43, 0xef, 0x54, 0x75, 
	0x54, 0x75, 0x54, 0x75, 0x54, 0x75, 0x54, 0x75, 
	0x5c, 0xb5, 0x6d, 0x7b, 0x86, 0x3f, 0x6d, 0x7b, 
	0x6d, 0x39, 0x54, 0x73, 0x43, 0xf1, 0x54, 0x73, 
	0x54, 0x75, 0x4c, 0x33, 0x4c, 0x33, 0x4c, 0x33, 
	0x43, 0xf1, 0x43, 0xf1, 0x54, 0x33, 0x3b, 0xb1, 
	0x23, 0x31, 0x2b, 0x73, 0x2b, 0xb3, 0x2b, 0xb3, 
	0x33, 0xb3, 0x33, 0xb3, 0x33, 0xb3, 0x33, 0xb3, 
	0x23, 0x31, 0x4c, 0x37, 0x5c, 0xb9, 0x33, 0xb3, 
	0x2b, 0x73, 0x2b, 0x73, 0x23, 0x73, 0x23, 0x73, 
	0x23, 0x31, 0x23, 0x31, 0x23, 0x31, 0x23, 0x31, 
	0x2b, 0x2f, 0x2b, 0x2f, 0x2b, 0x2f, 0x2b, 0x2f, 
	0x2b, 0x2f, 0x2b, 0x2f, 0x23, 0x2d, 0x22, 0xed, 
	0x22, 0xeb, 0x22, 0xeb, 0x22, 0xeb, 0x22, 0xeb, 
	0x2b, 0x2d, 0x2b, 0x2d, 0x33, 0x6f, 0x43, 0xf1, 
	0x43, 0xef, 0x43, 0xef, 0x43, 0xef, 0x43, 0xef, 
	0x43, 0xef, 0x43, 0xef, 0x43, 0xef, 0x4c, 0x31, 
	0x43, 0xef, 0x3b, 0xaf, 0x33, 0x6d, 0x33, 0x6d, 
	0x22, 0xeb, 0x12, 0x69, 0x22, 0xeb, 0x3b, 0xad, 
	0x7d, 0xb9, 0xa6, 0xff, 0xa6, 0xff, 0x7d, 0xb9, 
	0x6d, 0x37, 0x43, 0xf3, 0x8e, 0x3b, 0xb7, 0x7f, 
	0x9e, 0xbd, 0x85, 0xfb, 0x6d, 0x39, 0x6d, 0x39, 
	0x5c, 0xf7, 0x54, 0x73, 0x43, 0xaf, 0x54, 0x73, 
	0x3b, 0xb1, 0x22, 0xeb, 0x22, 0xeb, 0x22, 0xeb, 
	0x23, 0x2f, 0x22, 0xed, 0x22, 0xed, 0x22, 0xed, 
	0x1a, 0xef, 0x1a, 0xef, 0x1a, 0xef, 0x1a, 0xef, 
	0x1a, 0xef, 0x1a, 0xef, 0x1a, 0xef, 0x1a, 0xef, 
	0x1a, 0xef, 0x1a, 0xef, 0x1a, 0xef, 0x1a, 0xef, 
	0x1a, 0xef, 0x1a, 0xef, 0x1a, 0xef, 0x1b, 0x2f, 
	0x23, 0x31, 0x23, 0x31, 0x1b, 0x2f, 0x1b, 0x2f, 
	0x23, 0x31, 0x1a, 0xef, 0x23, 0x31, 0x23, 0x31, 
	0x23, 0x31, 0x23, 0x31, 0x23, 0x31, 0x23, 0x31, 
	0x23, 0x31, 0x23, 0x31, 0x23, 0x31, 0x23, 0x31, 
	0x23, 0x31, 0x23, 0x31, 0x2b, 0x71, 0x3b, 0xb3, 
	0x3b, 0xb3, 0x33, 0x71, 0x33, 0x71, 0x3b, 0xb3, 
	0x4c, 0x35, 0x7d, 0xbb, 0x7d, 0xbb, 0x96, 0xbf, 
	0x7d, 0xbb, 0x7d, 0xbb, 0x85, 0xfd, 0x7d, 0xbb, 
	0x75, 0xb9, 0x75, 0x79, 0x75, 0x79, 0x6d, 0x37, 
	0x75, 0x79, 0x64, 0xf7, 0x5c, 0xb5, 0x5c, 0xb5, 
	0x5c, 0xb5, 0x5c, 0xb5, 0x54, 0x73, 0x54, 0x73, 
	0x54, 0x73, 0x54, 0x73, 0x54, 0x73, 0x5c, 0xb5, 
	0x54, 0x75, 0x54, 0x75, 0x54, 0x75, 0x54, 0x73, 
	0x54, 0xb5, 0x64, 0xf9, 0x5c, 0xb7, 0x54, 0xb5, 
	0x5c, 0xf7, 0x5c, 0xf7, 0x4c, 0x35, 0x43, 0xf3, 
	0x54, 0x75, 0x75, 0xbb, 0x75, 0xbb, 0x64, 0xf9, 
	0x6d, 0x39, 0x6d, 0x39, 0x5c, 0xb7, 0x5c, 0xb7, 
	0x65, 0x39, 0x54, 0x75, 0x54, 0x75, 0x54, 0x75, 
	0x5c, 0xb7, 0x7d, 0xfd, 0x7d, 0xfd, 0x7d, 0xfd, 
	0x8e, 0xff, 0x8e, 0xff, 0x7e, 0x3d, 0x7e, 0x3d, 
	0x5d, 0x39, 0x4c, 0x77, 0x75, 0xbd, 0x75, 0xbd, 
	0xa7, 0x3f, 0xa7, 0x3f, 0x96, 0xbf, 0x96, 0xbf, 
	0xbf, 0x7f, 0xd7, 0xff, 0xd7, 0xff, 0xd7, 0xff, 
	0xdf, 0xff, 0xdf, 0xff, 0xdf, 0xff, 0xdf, 0xff, 
	0xa7, 0x3f, 0x8e, 0x7b, 0x75, 0xb9, 0x75, 0xb9, 
	0x54, 0xb5, 0x54, 0xb5, 0x54, 0x73, 0x54, 0x73, 
	0x4c, 0x31, 0x4c, 0x31, 0x4c, 0x31, 0x43, 0xef, 
	0x4c, 0x31, 0x4c, 0x31, 0x43, 0xef, 0x43, 0xef, 
	0x3b, 0xad, 0x3b, 0x6b, 0x33, 0x6b, 0x33, 0x6b, 
	0x33, 0x2b, 0x33, 0x2b, 0x33, 0x2b, 0x33, 0x2b, 
	0x33, 0x6b, 0x33, 0x2b, 0x33, 0x6b, 0x33, 0x6b, 
	0x33, 0x6b, 0x33, 0x6b, 0x33, 0x2b, 0x2b, 0x29, 
	0x33, 0x2b, 0x33, 0x2b, 0x33, 0x2b, 0x2b, 0x29, 
	0x33, 0x29, 0x33, 0x29, 0x33, 0x69, 0x3b, 0x6b, 
	0x3b, 0x69, 0x33, 0x27, 0x43, 0xad, 0x4b, 0xef, 
	0x5c, 0xb5, 0x5c, 0xb5, 0x5c, 0xb5, 0x6d, 0x37, 
	0x65, 0x39, 0x65, 0x39, 0x65, 0x39, 0x75, 0xbb, 
	0x7d, 0xbd, 0x7d, 0xbd, 0x8e, 0x3d, 0x7d, 0xbd, 
	0x64, 0xf5, 0x4b, 0xf1, 0x4b, 0xf1, 0x4b, 0xf1, 
	0x5c, 0xb7, 0x54, 0x73, 0x43, 0xf1, 0x43, 0xf1, 
	0x43, 0xf1, 0x43, 0xf1, 0x4c, 0x33, 0x43, 0xf1, 
	0x23, 0x2f, 0x23, 0x2f, 0x23, 0x2f, 0x23, 0x2f, 
	0x22, 0xf1, 0x22, 0xf1, 0x22, 0xf1, 0x22, 0xf1, 
	0x4c, 0x33, 0x96, 0xbb, 0x96, 0xbb, 0x6d, 0x77, 
	0x2b, 0x31, 0x33, 0x71, 0x33, 0x71, 0x33, 0x71, 
	0x33, 0xb1, 0x33, 0xb1, 0x33, 0x6f, 0x33, 0x6f, 
	0x33, 0x6f, 0x33, 0x6d, 0x33, 0x6f, 0x33, 0x6f, 
	0x2b, 0x2f, 0x2b, 0x2f, 0x2b, 0x2f, 0x23, 0x2d, 
	0x23, 0x2d, 0x22, 0xed, 0x22, 0xed, 0x22, 0xed, 
	0x2b, 0x2d, 0x2b, 0x2d, 0x33, 0xaf, 0x43, 0xef, 
	0x43, 0xef, 0x4c, 0x31, 0x43, 0xef, 0x43, 0xef, 
	0x4c, 0x2f, 0x4c, 0x2f, 0x4c, 0x2f, 0x4c, 0x2f, 
	0x4c, 0x31, 0x4c, 0x31, 0x4c, 0x31, 0x33, 0x6d, 
	0x22, 0xeb, 0x22, 0xeb, 0xb7, 0x7d, 0xb7, 0x7d, 
	0x9e, 0xff, 0x9e, 0xff, 0x9e, 0xff, 0x4b, 0xef, 
	0x43, 0xaf, 0x43, 0xaf, 0x7d, 0xf9, 0x9e, 0xfd, 
	0x96, 0xff, 0x7d, 0xfb, 0x65, 0x37, 0x65, 0x37, 
	0x54, 0x73, 0x4c, 0x31, 0x43, 0xf1, 0x3b, 0xaf, 
	0x2b, 0x2b, 0x22, 0xe9, 0x22, 0xe9, 0x2b, 0x2b, 
	0x1a, 0xed, 0x1a, 0xed, 0x22, 0xed, 0x22, 0xed, 
	0x22, 0xef, 0x1a, 0xef, 0x23, 0x2f, 0x23, 0x2f, 
	0x1a, 0xef, 0x22, 0xef, 0x23, 0x2f, 0x22, 0xef, 
	0x1a, 0xef, 0x1a, 0xef, 0x1a, 0xef, 0x23, 0x2f, 
	0x23, 0x2f, 0x1a, 0xef, 0x23, 0x2f, 0x1a, 0xef, 
	0x23, 0x2f, 0x23, 0x2f, 0x23, 0x2f, 0x23, 0x2f, 
	0x23, 0x2f, 0x23, 0x2f, 0x23, 0x2f, 0x23, 0x2f, 
	0x1b, 0x31, 0x1b, 0x31, 0x1b, 0x31, 0x1b, 0x31, 
	0x23, 0x31, 0x23, 0x31, 0x23, 0x31, 0x23, 0x31, 
	0x23, 0x31, 0x23, 0x31, 0x23, 0x31, 0x23, 0x31, 
	0x2b, 0x71, 0x2b, 0x71, 0x3b, 0xb3, 0x3b, 0xb3, 
	0x64, 0xf9, 0x75, 0xbb, 0x75, 0xbb, 0x75, 0xbb, 
	0x7d, 0xbb, 0x7d, 0xbb, 0x75, 0x7b, 0x6d, 0x79, 
	0x6d, 0x37, 0x75, 0x79, 0x7d, 0xfb, 0x7d, 0xfb, 
	0x7d, 0xfb, 0x7d, 0xfb, 0x64, 0xf7, 0x5c, 0xb5, 
	0x5c, 0xb5, 0x5c, 0xb5, 0x5c, 0xb5, 0x5c, 0xb5, 
	0x54, 0x73, 0x5c, 0xb5, 0x64, 0xf5, 0x5c, 0xb5, 
	0x54, 0x75, 0x54, 0x73, 0x54, 0x33, 0x54, 0x75, 
	0x5c, 0xb7, 0x5c, 0xb7, 0x5c, 0xb7, 0x5c, 0xb7, 
	0x5c, 0xf7, 0x54, 0x75, 0x4c, 0x35, 0x43, 0xf3, 
	0x64, 0xf9, 0x64, 0xf9, 0x64, 0xf9, 0x64, 0xf9, 
	0x64, 0xf7, 0x5c, 0xb7, 0x54, 0xb5, 0x54, 0xb5, 
	0x54, 0x75, 0x7d, 0xbb, 0x8e, 0x7f, 0x54, 0x75, 
	0x5c, 0xb7, 0x65, 0x39, 0x65, 0x39, 0x65, 0x39, 
	0x7e, 0x3d, 0x75, 0xbd, 0x75, 0xbd, 0x65, 0x3b, 
	0x5d, 0x39, 0x5d, 0x39, 0x75, 0xbd, 0x86, 0x3f, 
	0x96, 0xbf, 0x96, 0xbf, 0x96, 0xbf, 0xa7, 0x3f, 
	0xbf, 0x7f, 0xd7, 0xff, 0xd7, 0xff, 0xbf, 0x7f, 
	0xbf, 0x3d, 0xbf, 0x3d, 0xbf, 0x3d, 0x96, 0x7d, 
	0x8e, 0x7b, 0x75, 0xb9, 0x5c, 0xb5, 0x5c, 0xb5, 
	0x54, 0xb5, 0x54, 0x73, 0x54, 0x73, 0x4c, 0x31, 
	0x4c, 0x31, 0x43, 0xef, 0x4c, 0x31, 0x43, 0xef, 
	0x4c, 0x31, 0x43, 0xef, 0x43, 0xef, 0x3b, 0xad, 
	0x3b, 0xad, 0x3b, 0x6b, 0x33, 0x6b, 0x33, 0x6b, 
	0x33, 0x2b, 0x33, 0x2b, 0x33, 0x2b, 0x33, 0x2b, 
	0x33, 0x6b, 0x33, 0x6b, 0x33, 0x6b, 0x33, 0x6b, 
	0x33, 0x6b, 0x33, 0x2b, 0x33, 0x2b, 0x2b, 0x29, 
	0x2b, 0x29, 0x33, 0x2b, 0x2b, 0x29, 0x2b, 0x29, 
	0x33, 0x29, 0x33, 0x29, 0x33, 0x29, 0x33, 0x69, 
	0x43, 0xad, 0x43, 0xad, 0x43, 0xad, 0x4b, 0xef, 
	0x4b, 0xf1, 0x5c, 0xb5, 0x6d, 0x37, 0x6d, 0x37, 
	0x75, 0xbb, 0x75, 0xbb, 0x75, 0xbb, 0x8e, 0x3d, 
	0x96, 0xbf, 0x7d, 0xbd, 0x7d, 0xbd, 0x96, 0xbf, 
	0x8e, 0xbf, 0x75, 0xbb, 0x64, 0xf5, 0x64, 0xf5, 
	0x54, 0x73, 0x54, 0x73, 0x54, 0x73, 0x43, 0xf1, 
	0x43, 0xf1, 0x43, 0xf1, 0x4c, 0x33, 0x5c, 0xb7, 
	0x44, 0x35, 0x44, 0x35, 0x23, 0x2f, 0x23, 0x2f, 
	0x22, 0xf1, 0x54, 0xb5, 0x54, 0xb5, 0x54, 0xb5, 
	0x96, 0xbb, 0xb7, 0xff, 0x96, 0xbb, 0x4c, 0x33, 
	0x33, 0x71, 0x33, 0x71, 0x33, 0x71, 0x33, 0x71, 
	0x33, 0x6f, 0x33, 0x6f, 0x33, 0x6d, 0x33, 0x6d, 
	0x3b, 0xad, 0x33, 0x6f, 0x2b, 0x2f, 0x33, 0x6f, 
	0x2b, 0x2f, 0x2b, 0x2f, 0x2b, 0x2f, 0x23, 0x2d, 
	0x2b, 0x2d, 0x2b, 0x2d, 0x2b, 0x2d, 0x23, 0x2d, 
	0x2b, 0x2d, 0x2b, 0x2d, 0x33, 0xaf, 0x43, 0xef, 
	0x54, 0x71, 0x54, 0x71, 0x54, 0x71, 0x54, 0x71, 
	0x54, 0x71, 0x4c, 0x2f, 0x4c, 0x2f, 0x54, 0x71, 
	0x4c, 0x31, 0x64, 0xf5, 0x64, 0xf5, 0x33, 0x6d, 
	0x22, 0xeb, 0x85, 0xf7, 0xb7, 0x7d, 0xb7, 0x7d, 
	0x9e, 0xff, 0x85, 0xf9, 0x64, 0xf5, 0x4b, 0xef, 
	0x43, 0xaf, 0x43, 0xaf, 0x64, 0xb3, 0x7d, 0xf9, 
	0x96, 0xff, 0x7d, 0xfb, 0x65, 0x37, 0x65, 0x37, 
	0x54, 0x73, 0x4c, 0x31, 0x43, 0xf1, 0x3b, 0xaf, 
	0x33, 0x6d, 0x2b, 0x2b, 0x2b, 0x2b, 0x2b, 0x2b, 
	0x22, 0xed, 0x1a, 0xed, 0x1a, 0xed, 0x1a, 0xed, 
	0x1a, 0xef, 0x22, 0xef, 0x1a, 0xef, 0x22, 0xef, 
	0x22, 0xef, 0x23, 0x2f, 0x23, 0x2f, 0x23, 0x2f, 
	0x23, 0x2f, 0x23, 0x2f, 0x23, 0x2f, 0x23, 0x2f, 
	0x23, 0x2f, 0x23, 0x2f, 0x23, 0x2f, 0x23, 0x2f, 
	0x23, 0x2f, 0x23, 0x2f, 0x23, 0x2f, 0x23, 0x2f, 
	0x23, 0x2f, 0x23, 0x2f, 0x23, 0x2f, 0x23, 0x2f, 
	0x1b, 0x31, 0x1b, 0x31, 0x1b, 0x31, 0x1b, 0x31, 
	0x23, 0x31, 0x23, 0x31, 0x23, 0x31, 0x23, 0x31, 
	0x23, 0x31, 0x23, 0x31, 0x23, 0x31, 0x23, 0x31, 
	0x2b, 0x71, 0x2b, 0x71, 0x2b, 0x71, 0x3b, 0xb3, 
	0x64, 0xf9, 0x75, 0xbb, 0x75, 0xbb, 0x75, 0xbb, 
	0x75, 0x7b, 0x7d, 0xbb, 0x75, 0x7b, 0x75, 0x7b, 
	0x75, 0x79, 0x7d, 0xfb, 0x75, 0xb9, 0x7d, 0xfb, 
	0x7d, 0xfb, 0x7d, 0xfb, 0x75, 0x79, 0x64, 0xf7, 
	0x6d, 0x37, 0x6d, 0x37, 0x6d, 0x37, 0x6d, 0x37, 
	0x5c, 0xb5, 0x5c, 0xb5, 0x54, 0x73, 0x54, 0x73, 
	0x54, 0x73, 0x54, 0x33, 0x54, 0x73, 0x54, 0x75, 
	0x54, 0xb5, 0x54, 0xb5, 0x4c, 0x73, 0x4c, 0x73, 
	0x4c, 0x35, 0x4c, 0x35, 0x43, 0xf3, 0x4c, 0x35, 
	0x54, 0x75, 0x54, 0x75, 0x64, 0xf9, 0x64, 0xf9, 
	0x64, 0xf7, 0x64, 0xf7, 0x64, 0xf7, 0x5c, 0xb7, 
	0x65, 0x39, 0x8e, 0x7f, 0x7d, 0xbb, 0x7d, 0xbb, 
	0x65, 0x39, 0x5c, 0xb7, 0x65, 0x39, 0x65, 0x39, 
	0x75, 0xbd, 0x75, 0xbd, 0x65, 0x3b, 0x65, 0x3b, 
	0x5d, 0x39, 0x5d, 0x39, 0x75, 0xbd, 0x86, 0x3f, 
	0x96, 0xbf, 0xa7, 0x3f, 0xbf, 0x7f, 0xbf, 0x7f, 
	0xd7, 0xff, 0xd7, 0xff, 0xbf, 0x7f, 0xbf, 0x7f, 
	0xbf, 0x3d, 0x96, 0x7d, 0x75, 0xbb, 0x75, 0xbb, 
	0x75, 0xb9, 0x5c, 0xb5, 0x5c, 0xb5, 0x5c, 0xb5, 
	0x54, 0x73, 0x54, 0x73, 0x4c, 0x31, 0x4b, 0xef, 
	0x43, 0xef, 0x43, 0xef, 0x43, 0xef, 0x43, 0xef, 
	0x43, 0xef, 0x43, 0xef, 0x3b, 0xad, 0x3b, 0xad, 
	0x3b, 0xad, 0x3b, 0x6b, 0x33, 0x6b, 0x33, 0x29, 
	0x33, 0x2b, 0x33, 0x2b, 0x2b, 0x2b, 0x33, 0x2b, 
	0x33, 0x6b, 0x33, 0x6b, 0x33, 0x6b, 0x33, 0x2b, 
	0x33, 0x2b, 0x33, 0x2b, 0x2b, 0x29, 0x2b, 0x29, 
	0x2b, 0x29, 0x2b, 0x29, 0x2b, 0x29, 0x2b, 0x29, 
	0x33, 0x29, 0x2a, 0xe7, 0x2a, 0xe7, 0x33, 0x29, 
	0x43, 0xad, 0x43, 0xad, 0x43, 0xad, 0x43, 0xad, 
	0x4b, 0xf1, 0x5c, 0xb5, 0x6d, 0x37, 0x7d, 0xfb, 
	0x9e, 0xff, 0x8e, 0x3d, 0x8e, 0x3d, 0x9e, 0xff, 
	0xa7, 0x3f, 0x8e, 0x3d, 0x8e, 0x3d, 0x8e, 0x3d, 
	0x75, 0xbb, 0x8e, 0xbf, 0x8e, 0xbf, 0x75, 0xbb, 
	0x54, 0x73, 0x54, 0x73, 0x54, 0x73, 0x43, 0xf1, 
	0x5c, 0xb7, 0x65, 0x39, 0x4c, 0x33, 0x65, 0x39, 
	0x6d, 0x39, 0x6d, 0x39, 0x6d, 0x39, 0x6d, 0x39, 
	0x54, 0xb5, 0x8e, 0x3b, 0xbf, 0xff, 0xbf, 0xff, 
	0xb7, 0xff, 0x96, 0xbb, 0x4c, 0x33, 0x4c, 0x33, 
	0x4c, 0x2f, 0x43, 0xef, 0x33, 0x71, 0x33, 0x71, 
	0x33, 0x2b, 0x33, 0x2b, 0x33, 0x6d, 0x33, 0x6d, 
	0x33, 0x6d, 0x33, 0x6f, 0x33, 0x6f, 0x2b, 0x2f, 
	0x2b, 0x2f, 0x23, 0x2d, 0x23, 0x2d, 0x23, 0x2d, 
	0x23, 0x2d, 0x23, 0x2d, 0x23, 0x2d, 0x2b, 0x2d, 
	0x2b, 0x2d, 0x33, 0xaf, 0x33, 0xaf, 0x4c, 0x31, 
	0x5c, 0xb3, 0x5c, 0xb3, 0x5c, 0xb3, 0x5c, 0xb3, 
	0x54, 0x71, 0x54, 0x71, 0x54, 0x71, 0x54, 0x71, 
	0x64, 0xf5, 0x64, 0xf5, 0x4c, 0x31, 0x33, 0x6d, 
	0x22, 0xeb, 0x85, 0xf7, 0x85, 0xf7, 0xb7, 0x7d, 
	0x85, 0xf9, 0x4b, 0xef, 0x4b, 0xef, 0x4b, 0xef, 
	0x43, 0xaf, 0x43, 0xaf, 0x43, 0xaf, 0x64, 0xb3, 
	0x65, 0x37, 0x7d, 0xfb, 0x7d, 0xfb, 0x4c, 0x73, 
	0x43, 0xf1, 0x4c, 0x31, 0x43, 0xf1, 0x3b, 0xaf, 
	0x33, 0x6d, 0x2b, 0x2b, 0x22, 0xe9, 0x2b, 0x2b, 
	0x23, 0x2f, 0x22, 0xed, 0x1a, 0xed, 0x1a, 0xed, 
	0x1a, 0xef, 0x1a, 0xef, 0x1a, 0xef, 0x22, 0xef, 
	0x23, 0x2f, 0x23, 0x2f, 0x22, 0xef, 0x23, 0x2f, 
	0x23, 0x2f, 0x23, 0x2f, 0x23, 0x2f, 0x23, 0x2f, 
	0x23, 0x2f, 0x23, 0x2f, 0x23, 0x2f, 0x23, 0x2f, 
	0x23, 0x31, 0x23, 0x31, 0x23, 0x2f, 0x23, 0x31, 
	0x23, 0x2f, 0x23, 0x2f, 0x23, 0x2f, 0x23, 0x2f, 
	0x1b, 0x31, 0x1b, 0x31, 0x1b, 0x31, 0x1b, 0x31, 
	0x23, 0x31, 0x23, 0x31, 0x5c, 0xb5, 0x5c, 0xb5, 
	0x23, 0x31, 0x23, 0x31, 0x23, 0x31, 0x23, 0x31, 
	0x2b, 0x71, 0x2b, 0x71, 0x2b, 0x71, 0x2b, 0x71, 
	0x4c, 0x75, 0x64, 0xf9, 0x64, 0xf9, 0x75, 0xbb, 
	0x7d, 0xbb, 0x7d, 0xbb, 0x7d, 0xbb, 0x85, 0xfd, 
	0x75, 0xb9, 0x75, 0xb9, 0x75, 0x79, 0x75, 0x79, 
	0x75, 0x79, 0x75, 0x79, 0x75, 0x79, 0x75, 0x79, 
	0x75, 0xb9, 0x75, 0xb9, 0x75, 0xb9, 0x6d, 0x37, 
	0x6d, 0x37, 0x5c, 0xb5, 0x54, 0x73, 0x5c, 0xb5, 
	0x54, 0x73, 0x54, 0x73, 0x54, 0x75, 0x54, 0xb5, 
	0x5c, 0xb7, 0x54, 0xb5, 0x4c, 0x73, 0x4c, 0x73, 
	0x4c, 0x35, 0x4c, 0x35, 0x43, 0xf3, 0x43, 0xf3, 
	0x43, 0xf3, 0x43, 0xf3, 0x54, 0x75, 0x64, 0xf9, 
	0x64, 0xf7, 0x6d, 0x39, 0x6d, 0x39, 0x64, 0xf7, 
	0x65, 0x39, 0x7d, 0xbb, 0x65, 0x39, 0x7d, 0xbb, 
	0x75, 0x7b, 0x65, 0x39, 0x65, 0x39, 0x5c, 0xb7, 
	0x65, 0x3b, 0x65, 0x3b, 0x65, 0x3b, 0x65, 0x3b, 
	0x5d, 0x39, 0x5d, 0x39, 0x75, 0xbd, 0x86, 0x3f, 
	0x96, 0xbf, 0xbf, 0x7f, 0xcf, 0xff, 0xcf, 0xff, 
	0xd7, 0xff, 0xd7, 0xff, 0xbf, 0x7f, 0x86, 0x7d, 
	0x96, 0x7d, 0x75, 0xbb, 0x75, 0xbb, 0x75, 0xbb, 
	0x5c, 0xb5, 0x5c, 0xb5, 0x5c, 0xb5, 0x5c, 0xb5, 
	0x4c, 0x31, 0x4c, 0x31, 0x4b, 0xef, 0x4b, 0xef, 
	0x43, 0xef, 0x43, 0xef, 0x43, 0xef, 0x43, 0xef, 
	0x43, 0xef, 0x3b, 0xad, 0x3b, 0xad, 0x3b, 0xad, 
	0x3b, 0x6b, 0x3b, 0x6b, 0x33, 0x29, 0x33, 0x29, 
	0x33, 0x2b, 0x33, 0x2b, 0x2b, 0x2b, 0x2b, 0x2b, 
	0x33, 0x2b, 0x33, 0x2b, 0x33, 0x2b, 0x33, 0x2b, 
	0x33, 0x2b, 0x2b, 0x29, 0x2b, 0x29, 0x2b, 0x29, 
	0x2b, 0x29, 0x2b, 0x29, 0x2b, 0x29, 0x2b, 0x29, 
	0x2a, 0xe7, 0x2a, 0xe7, 0x2a, 0xe7, 0x2a, 0xe7, 
	0x33, 0x27, 0x3b, 0x69, 0x33, 0x27, 0x33, 0x27, 
	0x4b, 0xf1, 0x5c, 0xb5, 0x6d, 0x37, 0x7d, 0xfb, 
	0x9e, 0xff, 0x9e, 0xff, 0x8e, 0x3d, 0x9e, 0xff, 
	0xa7, 0x3f, 0x96, 0xbf, 0x8e, 0x3d, 0x7d, 0xbd, 
	0x75, 0xbb, 0x64, 0xf5, 0x64, 0xf5, 0x64, 0xf5, 
	0x5c, 0xb7, 0x5c, 0xb7, 0x5c, 0xb7, 0x6d, 0x39, 
	0x5c, 0xb7, 0x65, 0x39, 0x65, 0x39, 0x65, 0x39, 
	0x8e, 0x3f, 0x8e, 0x3f, 0x6d, 0x39, 0x8e, 0x3f, 
	0x8e, 0x3b, 0x8e, 0x3b, 0xbf, 0xff, 0xbf, 0xff, 
	0xb7, 0xff, 0x6d, 0x77, 0x4c, 0x33, 0x4c, 0x33, 
	0x4c, 0x2f, 0x43, 0xef, 0x43, 0xef, 0x33, 0x71, 
	0x33, 0x2b, 0x33, 0x6d, 0x33, 0x6d, 0x33, 0x6f, 
	0x33, 0x6d, 0x33, 0x6d, 0x33, 0x6d, 0x33, 0x6f, 
	0x33, 0x6f, 0x33, 0x6f, 0x2b, 0x2f, 0x2b, 0x2f, 
	0x23, 0x2d, 0x23, 0x2d, 0x23, 0x2d, 0x2b, 0x2d, 
	0x2b, 0x2d, 0x2b, 0x2d, 0x33, 0xaf, 0x4c, 0x31, 
	0x5c, 0xb3, 0x5c, 0xb3, 0x5c, 0xb3, 0x5c, 0xb3, 
	0x5c, 0xb3, 0x5c, 0xb3, 0x5c, 0xb3, 0x5c, 0xb3, 
	0x64, 0xf5, 0x64, 0xf5, 0x4c, 0x31, 0x4c, 0x31, 
	0x54, 0x71, 0x85, 0xf7, 0x54, 0x71, 0x54, 0x71, 
	0x64, 0xf5, 0x4b, 0xef, 0x4b, 0xef, 0x4b, 0xef, 
	0x43, 0xaf, 0x43, 0xaf, 0x43, 0xaf, 0x43, 0xaf, 
	0x4c, 0x73, 0x4c, 0x73, 0x4c, 0x73, 0x4c, 0x73, 
	0x4c, 0x31, 0x4c, 0x31, 0x43, 0xf1, 0x3b, 0xaf, 
	0x33, 0x6d, 0x2b, 0x2b, 0x2b, 0x2b, 0x22, 0xe9, 
	0x22, 0xed, 0x22, 0xed, 0x23, 0x2f, 0x22, 0xed, 
	0x22, 0xef, 0x23, 0x2f, 0x22, 0xef, 0x23, 0x2f, 
	0x1a, 0xef, 0x1a, 0xef, 0x23, 0x2f, 0x23, 0x2f, 
	0x23, 0x2f, 0x23, 0x2f, 0x23, 0x2f, 0x23, 0x2f, 
	0x23, 0x2f, 0x23, 0x2f, 0x23, 0x2f, 0x23, 0x2f, 
	0x23, 0x2f, 0x23, 0x31, 0x23, 0x31, 0x23, 0x2f, 
	0x23, 0x2f, 0x23, 0x2f, 0x23, 0x2f, 0xae, 0x7b, 
	0xbf, 0x3f, 0x54, 0x75, 0x1b, 0x31, 0x1b, 0x31, 
	0x23, 0x31, 0x8e, 0x3b, 0xc7, 0xbf, 0xc7, 0xbf, 
	0xc7, 0x7d, 0x8d, 0xf9, 0xc7, 0x7d, 0xc7, 0x7d, 
	0x4c, 0x33, 0x1a, 0xf1, 0x2b, 0x71, 0x2b, 0x71, 
	0x3b, 0xb3, 0x3b, 0xb3, 0x4c, 0x75, 0x75, 0xbb, 
	0x5c, 0xf9, 0x5c, 0xf9, 0x5c, 0xf9, 0x5c, 0xf9, 
	0x6d, 0x79, 0x6d, 0x79, 0x6d, 0x79, 0x6d, 0x79, 
	0x7d, 0xbb, 0x7d, 0xbb, 0x7d, 0xbb, 0x7d, 0xbb, 
	0x7d, 0xbb, 0x7d, 0xbb, 0x7d, 0xbb, 0x7d, 0xbb, 
	0x75, 0x79, 0x64, 0xf7, 0x64, 0xf7, 0x64, 0xf7, 
	0x5c, 0xb5, 0x54, 0x75, 0x5c, 0xb5, 0x54, 0x75, 
	0x54, 0x77, 0x54, 0x77, 0x4c, 0x35, 0x4c, 0x35, 
	0x44, 0x35, 0x44, 0x35, 0x43, 0xf3, 0x3b, 0xb3, 
	0x3b, 0xf5, 0x3b, 0xf5, 0x4c, 0x37, 0x5c, 0xb9, 
	0x64, 0xf7, 0x6d, 0x39, 0x6d, 0x39, 0x6d, 0x39, 
	0x75, 0xbb, 0x7d, 0xfd, 0x7d, 0xfd, 0x7d, 0xfd, 
	0x75, 0x7b, 0x6d, 0x39, 0x5c, 0xf7, 0x5c, 0xf7, 
	0x5c, 0xf7, 0x5c, 0xf7, 0x5c, 0xf7, 0x65, 0x39, 
	0x64, 0xf9, 0x64, 0xf9, 0x6d, 0x7b, 0x7d, 0xfd, 
	0xaf, 0x7f, 0xaf, 0x7f, 0xaf, 0x7f, 0xaf, 0x7f, 
	0xa6, 0xff, 0xa6, 0xff, 0xa6, 0xff, 0x8e, 0x3b, 
	0x7d, 0xb9, 0x7d, 0xb9, 0x6d, 0x37, 0x64, 0xf5, 
	0x54, 0x73, 0x4c, 0x31, 0x54, 0x73, 0x4c, 0x31, 
	0x43, 0xef, 0x43, 0xef, 0x3b, 0xad, 0x3b, 0xad, 
	0x3b, 0xad, 0x3b, 0xad, 0x3b, 0xad, 0x3b, 0xad, 
	0x3b, 0xad, 0x3b, 0xad, 0x3b, 0xad, 0x3b, 0xad, 
	0x3b, 0x6d, 0x33, 0x6b, 0x33, 0x6b, 0x33, 0x2b, 
	0x33, 0x29, 0x33, 0x29, 0x33, 0x29, 0x33, 0x29, 
	0x2b, 0x29, 0x2b, 0x29, 0x2b, 0x29, 0x2b, 0x29, 
	0x33, 0x2b, 0x33, 0x2b, 0x2b, 0x29, 0x2b, 0x29, 
	0x2a, 0xe7, 0x2a, 0xe7, 0x2b, 0x29, 0x2b, 0x29, 
	0x2a, 0xe7, 0x2a, 0xe7, 0x2a, 0xe7, 0x2a, 0xe7, 
	0x2a, 0xe7, 0x2a, 0xe7, 0x2a, 0xe5, 0x22, 0xa1, 
	0x3b, 0xa9, 0x54, 0x71, 0x54, 0x71, 0x65, 0x37, 
	0x85, 0xfb, 0x6d, 0x37, 0x85, 0xfb, 0x9e, 0xbf, 
	0x7d, 0xfb, 0x7d, 0xfb, 0x6d, 0x77, 0x6d, 0x77, 
	0x64, 0xf5, 0x64, 0xf5, 0x5c, 0xb3, 0x54, 0x73, 
	0x5c, 0x73, 0x5c, 0x73, 0x6d, 0x37, 0x7d, 0xbb, 
	0x5c, 0xb5, 0x5c, 0xb5, 0x6d, 0x37, 0x85, 0xfb, 
	0x8e, 0x7f, 0x8e, 0x7f, 0x85, 0xfd, 0x85, 0xfd, 
	0x96, 0xbb, 0x96, 0xbb, 0xb7, 0xbf, 0xb7, 0xbf, 
	0xa7, 0x3f, 0x64, 0xf5, 0x64, 0xf5, 0x64, 0xf5, 
	0x54, 0x71, 0x43, 0xef, 0x43, 0xef, 0x33, 0x6f, 
	0x2b, 0x2f, 0x33, 0x6d, 0x33, 0x6d, 0x33, 0x6d, 
	0x3b, 0xaf, 0x43, 0xaf, 0x3b, 0xaf, 0x3b, 0xaf, 
	0x33, 0x6f, 0x33, 0x6f, 0x2b, 0x6f, 0x2b, 0x6f, 
	0x2b, 0x6d, 0x2b, 0x6d, 0x33, 0x6d, 0x3b, 0xad, 
	0x33, 0xad, 0x33, 0xad, 0x33, 0xad, 0x4c, 0x31, 
	0x5c, 0xf3, 0x5c, 0xf3, 0x5c, 0xf3, 0x5c, 0xb3, 
	0x5c, 0xb1, 0x5c, 0xb1, 0x54, 0x71, 0x5c, 0xb3, 
	0x6d, 0x35, 0x5c, 0xb1, 0x5c, 0xb1, 0x5c, 0xb1, 
	0x43, 0xef, 0x75, 0x77, 0x5c, 0xb3, 0x43, 0xef, 
	0x54, 0x71, 0x54, 0x71, 0x54, 0x71, 0x43, 0xef, 
	0x43, 0xed, 0x43, 0xed, 0x3b, 0xab, 0x3b, 0xab, 
	0x3b, 0xad, 0x3b, 0xad, 0x3b, 0xad, 0x64, 0xf7, 
	0x43, 0xef, 0x43, 0xad, 0x43, 0xef, 0x43, 0xef, 
	0x3b, 0xad, 0x33, 0x2b, 0x22, 0xe9, 0x22, 0xe9, 
	0x1a, 0xef, 0x1a, 0xef, 0x1a, 0xef, 0x1a, 0xef, 
	0x23, 0x2f, 0x23, 0x2f, 0x23, 0x2f, 0x23, 0x2f, 
	0x23, 0x2f, 0x23, 0x2f, 0x23, 0x2f, 0x23, 0x2f, 
	0x23, 0x2f, 0x23, 0x2f, 0x23, 0x2f, 0x23, 0x2f, 
	0x23, 0x2f, 0x23, 0x2f, 0x23, 0x2f, 0x23, 0x2f, 
	0x33, 0x71, 0x33, 0x71, 0x33, 0x71, 0x0a, 0x6d, 
	0x96, 0x3b, 0xb6, 0xfd, 0xdf, 0xff, 0xdf, 0xff, 
	0xcf, 0xff, 0xcf, 0xff, 0x6d, 0x39, 0x3b, 0xf5, 
	0x1a, 0xf1, 0x7d, 0xbb, 0xaf, 0x3f, 0xaf, 0x3f, 
	0x8e, 0x7d, 0x8e, 0x7d, 0xaf, 0x7f, 0xaf, 0x7f, 
	0x44, 0x35, 0x3b, 0xb3, 0x3b, 0xb3, 0x3b, 0xb3, 
	0x2b, 0xb3, 0x2b, 0xb3, 0x2b, 0xb3, 0x64, 0xf9, 
	0x33, 0xb3, 0x33, 0xb3, 0x33, 0xb3, 0x33, 0xb3, 
	0x44, 0x35, 0x44, 0x35, 0x6d, 0x79, 0x9e, 0xbb, 
	0x8e, 0x7d, 0xa6, 0xfd, 0x8e, 0x7d, 0x8e, 0x7d, 
	0x8e, 0x7d, 0x8e, 0x7d, 0x9e, 0xff, 0x8e, 0x7d, 
	0x7d, 0xfd, 0x7d, 0xfd, 0x7d, 0xfd, 0x7d, 0xfd, 
	0x65, 0x37, 0x54, 0x75, 0x54, 0x75, 0x54, 0x75, 
	0x54, 0x77, 0x54, 0x77, 0x4c, 0x35, 0x4c, 0x35, 
	0x44, 0x35, 0x44, 0x35, 0x43, 0xf3, 0x3b, 0xb3, 
	0x3b, 0xf5, 0x3b, 0xf5, 0x4c, 0x37, 0x5c, 0xb9, 
	0x64, 0xf7, 0x64, 0xf7, 0x6d, 0x39, 0x6d, 0x39, 
	0x86, 0x3d, 0x8e, 0xbf, 0x7d, 0xfd, 0x7d, 0xfd, 
	0x75, 0x7b, 0x6d, 0x39, 0x5c, 0xf7, 0x5c, 0xf7, 
	0x5c, 0xf7, 0x65, 0x39, 0x6d, 0x79, 0x6d, 0x79, 
	0x64, 0xf9, 0x64, 0xf9, 0x64, 0xf9, 0x7d, 0xfd, 
	0xaf, 0x7f, 0xaf, 0x7f, 0x9e, 0xbd, 0x86, 0x3d, 
	0x8e, 0x3b, 0x8e, 0x3b, 0x8e, 0x3b, 0x8e, 0x3b, 
	0x7d, 0xb9, 0x6d, 0x37, 0x64, 0xf5, 0x54, 0x73, 
	0x4c, 0x31, 0x4c, 0x31, 0x4c, 0x31, 0x43, 0xed, 
	0x3b, 0xad, 0x3b, 0x6b, 0x3b, 0x6b, 0x3b, 0x6b, 
	0x33, 0x6b, 0x33, 0x6b, 0x3b, 0xad, 0x3b, 0xad, 
	0x3b, 0x6b, 0x3b, 0x6b, 0x3b, 0x6b, 0x3b, 0xad, 
	0x3b, 0x6d, 0x33, 0x6b, 0x33, 0x2b, 0x33, 0x2b, 
	0x33, 0x29, 0x2b, 0x29, 0x2b, 0x29, 0x2b, 0x29, 
	0x2b, 0x29, 0x2b, 0x29, 0x2b, 0x29, 0x33, 0x2b, 
	0x33, 0x2b, 0x33, 0x2b, 0x2b, 0x29, 0x2b, 0x29, 
	0x2b, 0x29, 0x2a, 0xe7, 0x2b, 0x29, 0x2b, 0x29, 
	0x2a, 0xe7, 0x2a, 0xe7, 0x2a, 0xe7, 0x2a, 0xe7, 
	0x2a, 0xe7, 0x2a, 0xe5, 0x2a, 0xe5, 0x2a, 0xe5, 
	0x3b, 0xa9, 0x3b, 0xa9, 0x3b, 0xa9, 0x54, 0x71, 
	0x6d, 0x37, 0x85, 0xfb, 0x6d, 0x37, 0x85, 0xfb, 
	0x6d, 0x77, 0x6d, 0x77, 0x6d, 0x77, 0x64, 0xb5, 
	0x64, 0xf5, 0x5c, 0xb3, 0x5c, 0xb3, 0x5c, 0xb3, 
	0x5c, 0x73, 0x6d, 0x37, 0x6d, 0x37, 0x5c, 0x73, 
	0x5c, 0xb5, 0x5c, 0xb5, 0x6d, 0x37, 0x6d, 0x37, 
	0x7d, 0xbb, 0x7d, 0xbb, 0x85, 0xfd, 0x7d, 0xbb, 
	0x96, 0xbb, 0x96, 0xbb, 0x96, 0xbb, 0x96, 0xbb, 
	0x85, 0xfb, 0x64, 0xf5, 0x64, 0xf5, 0x64, 0xf5, 
	0x54, 0x71, 0x43, 0xef, 0x33, 0x6f, 0x23, 0x2d, 
	0x22, 0xef, 0x2b, 0x2f, 0x2b, 0x2f, 0x3b, 0xad, 
	0x4b, 0xef, 0x43, 0xaf, 0x3b, 0xaf, 0x3b, 0xaf, 
	0x33, 0x6f, 0x2b, 0x6f, 0x2b, 0x6f, 0x2b, 0x6f, 
	0x33, 0x6d, 0x33, 0x6d, 0x33, 0x6d, 0x3b, 0xad, 
	0x3b, 0xaf, 0x3b, 0xaf, 0x3b, 0xaf, 0x4c, 0x31, 
	0x5c, 0xb3, 0x5c, 0xf3, 0x5c, 0xf3, 0x5c, 0xb3, 
	0x5c, 0xb3, 0x5c, 0xb1, 0x54, 0x71, 0x5c, 0xb1, 
	0x5c, 0xb1, 0x5c, 0xb1, 0x5c, 0xb1, 0x6d, 0x35, 
	0x5c, 0xb3, 0x75, 0x77, 0x75, 0x77, 0x5c, 0xb3, 
	0x54, 0x71, 0x5c, 0xb5, 0x54, 0x71, 0x43, 0xef, 
	0x43, 0xed, 0x43, 0xed, 0x3b, 0xab, 0x3b, 0xab, 
	0x3b, 0xad, 0x3b, 0xad, 0x3b, 0xad, 0x3b, 0xad, 
	0x3b, 0x6b, 0x43, 0xad, 0x43, 0xef, 0x43, 0xef, 
	0x3b, 0xad, 0x3b, 0xad, 0x3b, 0xad, 0x33, 0x2b, 
	0x33, 0x71, 0x33, 0x71, 0x33, 0x71, 0x1a, 0xef, 
	0x23, 0x2f, 0x23, 0x2f, 0x23, 0x2f, 0x23, 0x2f, 
	0x23, 0x2f, 0x23, 0x2f, 0x23, 0x2f, 0x23, 0x2f, 
	0x23, 0x2f, 0x23, 0x2f, 0x23, 0x2f, 0x23, 0x2f, 
	0x23, 0x2f, 0x23, 0x2f, 0x23, 0x2f, 0x23, 0x2f, 
	0x33, 0x71, 0x33, 0x71, 0x33, 0x71, 0x0a, 0x6d, 
	0x6d, 0x79, 0xdf, 0xff, 0xdf, 0xff, 0xdf, 0xff, 
	0xcf, 0xff, 0xcf, 0xff, 0xcf, 0xff, 0x9e, 0xbb, 
	0x1a, 0xf1, 0x4c, 0x75, 0xaf, 0x3f, 0xaf, 0x3f, 
	0x75, 0x79, 0x75, 0x79, 0x75, 0x79, 0x8e, 0x7d, 
	0x5c, 0xf7, 0x5c, 0xf7, 0x44, 0x35, 0x54, 0xb5, 
	0x2b, 0xb3, 0x2b, 0xb3, 0x3c, 0x35, 0x2b, 0xb3, 
	0x33, 0xb3, 0x33, 0xb3, 0x33, 0xb3, 0x44, 0x35, 
	0x44, 0x35, 0x44, 0x35, 0x6d, 0x79, 0xc7, 0xff, 
	0xb7, 0xbf, 0xb7, 0xbf, 0xa6, 0xfd, 0xa6, 0xfd, 
	0x9e, 0xff, 0x9e, 0xff, 0x8e, 0x7d, 0x6d, 0x39, 
	0x75, 0x79, 0x8e, 0xbf, 0x8e, 0xbf, 0x8e, 0xbf, 
	0x65, 0x37, 0x54, 0x75, 0x54, 0x75, 0x5c, 0xb5, 
	0x54, 0x77, 0x4c, 0x35, 0x4c, 0x35, 0x4c, 0x35, 
	0x4c, 0x75, 0x44, 0x35, 0x43, 0xf3, 0x3b, 0xb3, 
	0x3b, 0xf5, 0x3b, 0xf5, 0x4c, 0x37, 0x5c, 0xb9, 
	0x6d, 0x39, 0x6d, 0x39, 0x75, 0xbd, 0x75, 0xbd, 
	0x86, 0x3d, 0x8e, 0xbf, 0x86, 0x3d, 0x75, 0xbb, 
	0x75, 0x7b, 0x64, 0xf9, 0x64, 0xf9, 0x5c, 0xf7, 
	0x5c, 0xf7, 0x65, 0x39, 0x75, 0xbb, 0x65, 0x39, 
	0x54, 0x77, 0x54, 0x77, 0x64, 0xf9, 0x6d, 0x7b, 
	0x86, 0x3d, 0x9e, 0xbd, 0x86, 0x3d, 0x75, 0x7b, 
	0x6d, 0x37, 0x6d, 0x37, 0x6d, 0x37, 0x6d, 0x37, 
	0x64, 0xf5, 0x54, 0x73, 0x54, 0x73, 0x54, 0x73, 
	0x4c, 0x31, 0x43, 0xed, 0x43, 0xed, 0x3b, 0xab, 
	0x3b, 0x6b, 0x3b, 0x6b, 0x3b, 0x6b, 0x3b, 0x6b, 
	0x33, 0x6b, 0x33, 0x6b, 0x3b, 0xad, 0x3b, 0xad, 
	0x3b, 0x6b, 0x3b, 0x6b, 0x33, 0x6b, 0x3b, 0x6b, 
	0x3b, 0x6d, 0x33, 0x2b, 0x2b, 0x29, 0x2b, 0x29, 
	0x2b, 0x29, 0x2b, 0x29, 0x33, 0x29, 0x2b, 0x29, 
	0x2b, 0x29, 0x2b, 0x29, 0x33, 0x2b, 0x33, 0x2b, 
	0x33, 0x2b, 0x2b, 0x29, 0x2b, 0x29, 0x33, 0x2b, 
	0x2b, 0x29, 0x2a, 0xe7, 0x2a, 0xe7, 0x2a, 0xe7, 
	0x2a, 0xe7, 0x2a, 0xe7, 0x2a, 0xe7, 0x2a, 0xe7, 
	0x2a, 0xe5, 0x2a, 0xe5, 0x2a, 0xe5, 0x2a, 0xe5, 
	0x2a, 0xe3, 0x2a, 0xe3, 0x2a, 0xe3, 0x3b, 0xa9, 
	0x6d, 0x37, 0x6d, 0x37, 0x6d, 0x37, 0x6d, 0x37, 
	0x64, 0xb5, 0x64, 0xb5, 0x64, 0xb5, 0x64, 0xb5, 
	0x5c, 0xb3, 0x54, 0x73, 0x4c, 0x31, 0x4c, 0x31, 
	0x5c, 0x73, 0x6d, 0x37, 0x8e, 0x7f, 0x6d, 0x37, 
	0x5c, 0xb5, 0x85, 0xfb, 0x6d, 0x37, 0x6d, 0x37, 
	0x85, 0xfd, 0x7d, 0xbb, 0x7d, 0xbb, 0x75, 0x79, 
	0x75, 0x79, 0x75, 0x79, 0x75, 0x79, 0x96, 0xbb, 
	0x85, 0xfb, 0x64, 0xf5, 0x64, 0xf5, 0x64, 0xf5, 
	0x54, 0x71, 0x43, 0xef, 0x33, 0x6f, 0x23, 0x2d, 
	0x22, 0xef, 0x22, 0xef, 0x33, 0x6d, 0x3b, 0xad, 
	0x43, 0xef, 0x4b, 0xef, 0x43, 0xef, 0x43, 0xef, 
	0x3b, 0xaf, 0x3b, 0xaf, 0x33, 0xaf, 0x33, 0x6f, 
	0x2b, 0x6d, 0x2b, 0x6d, 0x33, 0x6d, 0x3b, 0xad, 
	0x3b, 0xaf, 0x43, 0xef, 0x43, 0xef, 0x4c, 0x31, 
	0x5c, 0x73, 0x5c, 0xb3, 0x5c, 0xb3, 0x5c, 0xb3, 
	0x5c, 0xb1, 0x54, 0x71, 0x5c, 0xb1, 0x5c, 0xb3, 
	0x5c, 0xb1, 0x5c, 0xb1, 0x6d, 0x35, 0x96, 0x7b, 
	0x8e, 0x7b, 0x8e, 0x7b, 0x75, 0x77, 0x75, 0x77, 
	0x6d, 0x37, 0x6d, 0x37, 0x6d, 0x37, 0x54, 0x71, 
	0x43, 0xed, 0x3b, 0xab, 0x3b, 0xab, 0x3b, 0xab, 
	0x3b, 0xad, 0x3b, 0xad, 0x3b, 0xad, 0x3b, 0xad, 
	0x43, 0xad, 0x43, 0xad, 0x43, 0xad, 0x3b, 0xad, 
	0x3b, 0xad, 0x3b, 0xad, 0x4c, 0x2f, 0x4c, 0x2f, 
	0x5c, 0xb3, 0x5c, 0xb3, 0x44, 0x31, 0x33, 0x71, 
	0x2b, 0x2f, 0x2b, 0x6f, 0x2b, 0x2f, 0x2b, 0x2f, 
	0x23, 0x2f, 0x33, 0x6f, 0x33, 0x6f, 0x3b, 0xf1, 
	0x54, 0x73, 0x33, 0x71, 0x23, 0x2f, 0x23, 0x2f, 
	0x23, 0x2f, 0x23, 0x2f, 0x23, 0x2f, 0x23, 0x2f, 
	0x33, 0x71, 0x0a, 0x6d, 0x0a, 0x6d, 0x33, 0x71, 
	0xb6, 0xfd, 0xdf, 0xff, 0xdf, 0xff, 0xb6, 0xfd, 
	0x9e, 0xbb, 0x9e, 0xbb, 0x9e, 0xbb, 0x6d, 0x39, 
	0x1a, 0xf1, 0xaf, 0x3f, 0x7d, 0xbb, 0x7d, 0xbb, 
	0x75, 0x79, 0x75, 0x79, 0x75, 0x79, 0x54, 0x77, 
	0x5c, 0xf7, 0x44, 0x35, 0x54, 0xb5, 0x5c, 0xf7, 
	0x3c, 0x35, 0x54, 0x77, 0x64, 0xf9, 0x2b, 0xb3, 
	0x44, 0x35, 0x33, 0xb3, 0x44, 0x35, 0x44, 0x35, 
	0x44, 0x35, 0x44, 0x35, 0x6d, 0x79, 0x9e, 0xbb, 
	0xa6, 0xfd, 0xa6, 0xfd, 0x8e, 0x7d, 0x8e, 0x7d, 
	0x8e, 0x7d, 0x9e, 0xff, 0x9e, 0xff, 0x8e, 0x7d, 
	0x64, 0xf7, 0x75, 0x79, 0x7d, 0xfd, 0x75, 0x79, 
	0x65, 0x37, 0x5c, 0xb5, 0x5c, 0xb5, 0x54, 0x75, 
	0x54, 0x77, 0x5c, 0xb7, 0x64, 0xf9, 0x64, 0xf9, 
	0x4c, 0x75, 0x44, 0x35, 0x43, 0xf3, 0x43, 0xf3, 
	0x2b, 0x73, 0x2b, 0x73, 0x3b, 0xf5, 0x5c, 0xb9, 
	0x7e, 0x3f, 0x75, 0xbd, 0x6d, 0x39, 0x6d, 0x39, 
	0x7d, 0xfd, 0x86, 0x3d, 0x86, 0x3d, 0x75, 0xbb, 
	0x6d, 0x39, 0x5c, 0xf7, 0x64, 0xf9, 0x5c, 0xf7, 
	0x5c, 0xf7, 0x65, 0x39, 0x5c, 0xf7, 0x5c, 0xf7, 
	0x54, 0x77, 0x54, 0x77, 0x54, 0x77, 0x64, 0xf9, 
	0x75, 0x7b, 0x75, 0x7b, 0x75, 0x7b, 0x75, 0x7b, 
	0x6d, 0x37, 0x6d, 0x37, 0x54, 0x73, 0x54, 0x73, 
	0x54, 0x73, 0x54, 0x73, 0x54, 0x73, 0x54, 0x73, 
	0x4c, 0x31, 0x43, 0xed, 0x3b, 0xab, 0x3b, 0xab, 
	0x33, 0x69, 0x33, 0x69, 0x33, 0x69, 0x33, 0x69, 
	0x33, 0x6b, 0x33, 0x6b, 0x33, 0x6b, 0x33, 0x6b, 
	0x3b, 0xad, 0x3b, 0xad, 0x33, 0x29, 0x33, 0x29, 
	0x33, 0x6b, 0x33, 0x2b, 0x33, 0x2b, 0x33, 0x6b, 
	0x33, 0x69, 0x2b, 0x29, 0x2b, 0x29, 0x2b, 0x29, 
	0x2b, 0x29, 0x2b, 0x29, 0x2b, 0x29, 0x2b, 0x29, 
	0x2b, 0x29, 0x2b, 0x29, 0x2b, 0x29, 0x2b, 0x29, 
	0x2b, 0x29, 0x2b, 0x29, 0x2a, 0xe7, 0x2a, 0xe7, 
	0x2b, 0x29, 0x2b, 0x29, 0x2a, 0xe7, 0x2a, 0xe7, 
	0x2a, 0xe7, 0x2a, 0xe5, 0x2a, 0xe5, 0x2a, 0xe5, 
	0x2a, 0xe3, 0x2a, 0xe3, 0x2a, 0xe3, 0x3b, 0xa9, 
	0x54, 0x73, 0x54, 0x73, 0x54, 0x73, 0x54, 0x73, 
	0x54, 0x31, 0x54, 0x31, 0x54, 0x31, 0x54, 0x31, 
	0x4c, 0x31, 0x4c, 0x31, 0x4c, 0x31, 0x54, 0x73, 
	0x5c, 0x73, 0x7d, 0xbb, 0x8e, 0x7f, 0x6d, 0x37, 
	0x85, 0xfb, 0x96, 0x7d, 0x96, 0x7d, 0x85, 0xfb, 
	0x85, 0xfd, 0x8e, 0x7f, 0x85, 0xfd, 0x75, 0x79, 
	0x75, 0x79, 0x75, 0x79, 0x54, 0x75, 0x54, 0x75, 
	0x64, 0xf5, 0x64, 0xf5, 0x64, 0xf5, 0x43, 0xf1, 
	0x54, 0x71, 0x43, 0xef, 0x43, 0xef, 0x33, 0x6f, 
	0x33, 0x6d, 0x22, 0xef, 0x2b, 0x2f, 0x33, 0x6d, 
	0x3b, 0xaf, 0x3b, 0xaf, 0x3b, 0xaf, 0x3b, 0xaf, 
	0x33, 0xaf, 0x33, 0x6f, 0x33, 0xaf, 0x33, 0xaf, 
	0x33, 0x6d, 0x33, 0x6d, 0x33, 0x6d, 0x3b, 0xad, 
	0x3b, 0xaf, 0x3b, 0xaf, 0x4c, 0x31, 0x4c, 0x31, 
	0x5c, 0xb3, 0x5c, 0xf3, 0x5c, 0xf3, 0x5c, 0xb3, 
	0x5c, 0xb1, 0x5c, 0xb1, 0x5c, 0xb3, 0x64, 0xf3, 
	0x5c, 0xb1, 0x5c, 0xb1, 0x85, 0xb7, 0x96, 0x7b, 
	0x8e, 0x7b, 0x8e, 0x7b, 0x75, 0x77, 0x75, 0x77, 
	0x6d, 0x37, 0x6d, 0x37, 0x6d, 0x37, 0x5c, 0xb5, 
	0x54, 0x31, 0x4b, 0xef, 0x43, 0xed, 0x3b, 0xab, 
	0x3b, 0xad, 0x3b, 0xad, 0x3b, 0xad, 0x3b, 0xad, 
	0x43, 0xad, 0x43, 0xef, 0x43, 0xef, 0x3b, 0x6b, 
	0x33, 0x2b, 0x3b, 0xad, 0x4c, 0x2f, 0x4c, 0x2f, 
	0x44, 0x31, 0x44, 0x31, 0x44, 0x31, 0x33, 0x71, 
	0x2b, 0x6f, 0x2b, 0x6f, 0x2b, 0x6f, 0x2b, 0x6f, 
	0x33, 0x6f, 0x3b, 0xf1, 0x3b, 0xf1, 0x4c, 0x31, 
	0x54, 0x73, 0x54, 0x73, 0x33, 0x71, 0x23, 0x2f, 
	0x23, 0x2f, 0x54, 0x73, 0x7d, 0xb9, 0xaf, 0x3d, 
	0x7d, 0xb9, 0x54, 0xb5, 0x54, 0xb5, 0x7d, 0xb9, 
	0xdf, 0xff, 0xdf, 0xff, 0x96, 0x3b, 0x6d, 0x79, 
	0x6d, 0x39, 0x6d, 0x39, 0x6d, 0x39, 0x6d, 0x39, 
	0x7d, 0xbb, 0xaf, 0x3f, 0xaf, 0x3f, 0x7d, 0xbb, 
	0x75, 0x79, 0x54, 0x77, 0x54, 0x77, 0x75, 0x79, 
	0x5c, 0xf7, 0x3b, 0xb3, 0x3b, 0xb3, 0x44, 0x35, 
	0x54, 0x77, 0x64, 0xf9, 0x64, 0xf9, 0x3c, 0x35, 
	0x44, 0x35, 0x44, 0x35, 0x44, 0x35, 0x44, 0x35, 
	0x44, 0x35, 0x44, 0x35, 0x96, 0xbf, 0x96, 0xbf, 
	0x9e, 0xff, 0xaf, 0x7f, 0x9e, 0xff, 0xaf, 0x7f, 
	0xa6, 0xff, 0xb7, 0xbf, 0xb7, 0xbf, 0x85, 0xfd, 
	0x75, 0xbb, 0x75, 0xbb, 0x75, 0xbb, 0x75, 0xbb, 
	0x6d, 0x39, 0x64, 0xf9, 0x5c, 0xb7, 0x5c, 0xb7, 
	0x54, 0x75, 0x65, 0x37, 0x65, 0x37, 0x65, 0x37, 
	0x43, 0xf3, 0x43, 0xf3, 0x43, 0xf3, 0x43, 0xf3, 
	0x6d, 0x7b, 0x6d, 0x7b, 0x6d, 0x7b, 0x86, 0x3d, 
	0xa6, 0xfd, 0x85, 0xfb, 0x64, 0xf9, 0x64, 0xf9, 
	0x75, 0xbb, 0x75, 0xbb, 0x75, 0xbb, 0x64, 0xf9, 
	0x5c, 0xb7, 0x54, 0xb5, 0x54, 0x75, 0x54, 0xb5, 
	0x54, 0xb7, 0x54, 0xb7, 0x54, 0xb7, 0x4c, 0x75, 
	0x4c, 0x75, 0x4c, 0x75, 0x4c, 0x75, 0x4c, 0x75, 
	0x54, 0x77, 0x6d, 0x79, 0x6d, 0x79, 0x6d, 0x79, 
	0x75, 0x79, 0x5c, 0xb7, 0x5c, 0xb7, 0x5c, 0xb7, 
	0x54, 0x71, 0x54, 0x71, 0x4c, 0x2f, 0x43, 0xed, 
	0x43, 0xed, 0x3b, 0xab, 0x3b, 0x6b, 0x33, 0x29, 
	0x33, 0x69, 0x33, 0x29, 0x33, 0x29, 0x33, 0x29, 
	0x33, 0x29, 0x33, 0x29, 0x33, 0x29, 0x33, 0x29, 
	0x3b, 0x6b, 0x3b, 0x6b, 0x33, 0x69, 0x33, 0x69, 
	0x3b, 0xad, 0x43, 0xf1, 0x43, 0xf1, 0x4c, 0x73, 
	0x4c, 0x31, 0x3b, 0xad, 0x33, 0x6b, 0x33, 0x6b, 
	0x33, 0x29, 0x33, 0x29, 0x33, 0x29, 0x33, 0x29, 
	0x33, 0x29, 0x2b, 0x29, 0x2b, 0x29, 0x2b, 0x29, 
	0x2b, 0x29, 0x2b, 0x29, 0x2b, 0x29, 0x2a, 0xe7, 
	0x2a, 0xe7, 0x2b, 0x29, 0x2a, 0xe7, 0x2b, 0x29, 
	0x33, 0x27, 0x2a, 0xe5, 0x2a, 0xe7, 0x2a, 0xe7, 
	0x2a, 0xe5, 0x2a, 0xe5, 0x2a, 0xe5, 0x3b, 0x69, 
	0x4b, 0xed, 0x4b, 0xed, 0x4b, 0xed, 0x4b, 0xed, 
	0x43, 0xed, 0x43, 0xed, 0x43, 0xed, 0x43, 0xed, 
	0x3b, 0x69, 0x3b, 0x69, 0x4b, 0xef, 0x54, 0x73, 
	0x6d, 0x39, 0x6d, 0x39, 0x6d, 0x39, 0x6d, 0x39, 
	0x85, 0xfb, 0x85, 0xfb, 0x85, 0xfb, 0x85, 0xfb, 
	0x7d, 0xb9, 0x8e, 0x3d, 0x7d, 0xb9, 0x75, 0x37, 
	0x7d, 0xb9, 0x7d, 0xb9, 0x54, 0x2f, 0x54, 0x2f, 
	0x54, 0x2f, 0x5c, 0xb3, 0x5c, 0xb3, 0x54, 0x2f, 
	0x4b, 0xef, 0x4b, 0xef, 0x43, 0xab, 0x43, 0xab, 
	0x43, 0xad, 0x33, 0x6b, 0x2b, 0x2b, 0x2b, 0x2b, 
	0x33, 0x6f, 0x33, 0x6f, 0x2b, 0x6d, 0x2b, 0x6d, 
	0x2b, 0x2d, 0x2b, 0x2d, 0x2b, 0x6d, 0x2b, 0x6d, 
	0x33, 0x6d, 0x33, 0x6d, 0x3b, 0xad, 0x3b, 0xaf, 
	0x43, 0xad, 0x43, 0xef, 0x4c, 0x31, 0x4c, 0x31, 
	0x5c, 0xb3, 0x5c, 0xb3, 0x5c, 0xb3, 0x5c, 0xb3, 
	0x64, 0xf3, 0x64, 0xf3, 0x5c, 0xb1, 0x5c, 0xb1, 
	0x5c, 0xb1, 0x5c, 0xb1, 0x75, 0x35, 0x5c, 0xb1, 
	0x6d, 0x35, 0x8e, 0x39, 0x8e, 0x39, 0x6d, 0x35, 
	0x5c, 0xb3, 0x5c, 0xb3, 0x5c, 0xb3, 0x54, 0x71, 
	0x4c, 0x2f, 0x4c, 0x2f, 0x43, 0xef, 0x3b, 0xad, 
	0x3b, 0xab, 0x3b, 0xab, 0x3b, 0xab, 0x43, 0xad, 
	0x43, 0xef, 0x43, 0xef, 0x3b, 0xad, 0x3b, 0xad, 
	0x3b, 0x6d, 0x3b, 0x6d, 0x3b, 0x6d, 0x43, 0xef, 
	0x3b, 0xef, 0x3b, 0xef, 0x33, 0x6d, 0x33, 0x2d, 
	0x2b, 0x6f, 0x2b, 0x6f, 0x33, 0x6f, 0x33, 0x6f, 
	0x33, 0x6f, 0x3b, 0xaf, 0x43, 0xef, 0x4c, 0x2f, 
	0x4c, 0x2f, 0x4c, 0x2f, 0x33, 0xaf, 0x33, 0xaf, 
	0x3b, 0xb1, 0x65, 0x35, 0xbf, 0xff, 0xbf, 0xff, 
	0xcf, 0xff, 0xcf, 0xff, 0xcf, 0xff, 0xcf, 0xff, 
	0xcf, 0xff, 0xa6, 0xfb, 0x85, 0xb9, 0x5c, 0xb5, 
	0x6d, 0x37, 0x6d, 0x37, 0x5c, 0xb5, 0x64, 0xf5, 
	0x8e, 0x7d, 0xa7, 0x3f, 0xa7, 0x3f, 0x7d, 0xb9, 
	0x64, 0xf7, 0x5c, 0xb5, 0x54, 0x73, 0x5c, 0xb5, 
	0x4c, 0x77, 0x43, 0xf1, 0x43, 0xf1, 0x43, 0xf1, 
	0x4c, 0x35, 0x64, 0xf5, 0x54, 0xb5, 0x3b, 0xf5, 
	0x44, 0x35, 0x44, 0x35, 0x44, 0x35, 0x44, 0x35, 
	0x44, 0x35, 0x44, 0x35, 0x7d, 0xbb, 0x96, 0xbf, 
	0xaf, 0x7f, 0xaf, 0x7f, 0x9e, 0xff, 0x96, 0x7d, 
	0x85, 0xfd, 0xa6, 0xff, 0x96, 0x7d, 0x85, 0xfd, 
	0x86, 0x3d, 0x7d, 0xfb, 0x75, 0xbb, 0x75, 0xbb, 
	0x75, 0x7b, 0x6d, 0x39, 0x64, 0xf9, 0x5c, 0xb7, 
	0x54, 0x75, 0x54, 0x75, 0x54, 0x75, 0x54, 0x75, 
	0x43, 0xf3, 0x43, 0xf3, 0x43, 0xf3, 0x43, 0xf3, 
	0xbf, 0xff, 0xbf, 0xff, 0xa6, 0xfd, 0xbf, 0xff, 
	0xc7, 0xff, 0x85, 0xfb, 0x85, 0xfb, 0x64, 0xf9, 
	0x5c, 0xb7, 0x64, 0xf9, 0x64, 0xf9, 0x5c, 0xb7, 
	0x5c, 0xb7, 0x5c, 0xb7, 0x54, 0xb5, 0x54, 0xb5, 
	0x54, 0xb7, 0x54, 0xb7, 0x4c, 0x75, 0x4c, 0x75, 
	0x3b, 0xb1, 0x3b, 0xb1, 0x4c, 0x75, 0x64, 0xf9, 
	0x54, 0x77, 0x54, 0x77, 0x6d, 0x79, 0x6d, 0x79, 
	0x5c, 0xb7, 0x5c, 0xb7, 0x5c, 0xb7, 0x5c, 0xb7, 
	0x54, 0x71, 0x4c, 0x2f, 0x4b, 0xef, 0x43, 0xed, 
	0x3b, 0xab, 0x3b, 0x6b, 0x33, 0x29, 0x33, 0x29, 
	0x33, 0x29, 0x33, 0x29, 0x33, 0x29, 0x33, 0x29, 
	0x2b, 0x27, 0x33, 0x27, 0x2b, 0x27, 0x2b, 0x27, 
	0x2b, 0x27, 0x33, 0x29, 0x3b, 0x6b, 0x33, 0x69, 
	0x33, 0x6b, 0x4c, 0x73, 0x4c, 0x73, 0x4c, 0x73, 
	0x4c, 0x31, 0x4c, 0x31, 0x43, 0xef, 0x4c, 0x31, 
	0x4c, 0x31, 0x43, 0xef, 0x3b, 0xab, 0x3b, 0xab, 
	0x33, 0x29, 0x2b, 0x29, 0x2b, 0x29, 0x2b, 0x29, 
	0x2b, 0x29, 0x2a, 0xe7, 0x2a, 0xe7, 0x2a, 0xe7, 
	0x2a, 0xe7, 0x2a, 0xe7, 0x2a, 0xe7, 0x2a, 0xe7, 
	0x2a, 0xe5, 0x2a, 0xe7, 0x33, 0x69, 0x33, 0x27, 
	0x33, 0x27, 0x2a, 0xe5, 0x33, 0x27, 0x3b, 0x69, 
	0x43, 0xab, 0x43, 0xab, 0x43, 0xab, 0x33, 0x67, 
	0x3b, 0x69, 0x3b, 0x69, 0x3b, 0x69, 0x33, 0x27, 
	0x33, 0x25, 0x3b, 0x69, 0x3b, 0x69, 0x4b, 0xef, 
	0x5c, 0xb3, 0x5c, 0xb3, 0x5c, 0xb3, 0x5c, 0xb3, 
	0x64, 0xb3, 0x64, 0xb3, 0x75, 0x37, 0x75, 0x37, 
	0x75, 0x37, 0x7d, 0xb9, 0x75, 0x37, 0x7d, 0xb9, 
	0x7d, 0xb9, 0x64, 0xb3, 0x54, 0x2f, 0x54, 0x2f, 
	0x4b, 0xed, 0x54, 0x71, 0x5c, 0xb3, 0x54, 0x71, 
	0x4b, 0xef, 0x4b, 0xef, 0x43, 0xab, 0x3b, 0x69, 
	0x43, 0xad, 0x43, 0xad, 0x3b, 0x6d, 0x33, 0x6b, 
	0x33, 0x6f, 0x33, 0x6f, 0x33, 0x6f, 0x33, 0x6f, 
	0x33, 0x6d, 0x33, 0x6d, 0x2b, 0x6d, 0x33, 0x6d, 
	0x33, 0x6d, 0x3b, 0xad, 0x3b, 0xad, 0x3b, 0xaf, 
	0x43, 0xad, 0x43, 0xef, 0x4c, 0x31, 0x4c, 0x31, 
	0x54, 0x71, 0x5c, 0xb3, 0x5c, 0xb3, 0x5c, 0xb3, 
	0x64, 0xf3, 0x6d, 0x33, 0x5c, 0xb1, 0x5c, 0xb1, 
	0x5c, 0xb1, 0x5c, 0xb1, 0x75, 0x35, 0x64, 0xf3, 
	0x4c, 0x2f, 0x8e, 0x39, 0xaf, 0x3f, 0x6d, 0x35, 
	0x54, 0x71, 0x54, 0x71, 0x54, 0x71, 0x54, 0x71, 
	0x4c, 0x2f, 0x43, 0xef, 0x43, 0xef, 0x43, 0xef, 
	0x43, 0xad, 0x43, 0xad, 0x43, 0xad, 0x43, 0xad, 
	0x3b, 0xad, 0x3b, 0xad, 0x3b, 0xad, 0x3b, 0xad, 
	0x3b, 0x6d, 0x2b, 0x2b, 0x43, 0xef, 0x43, 0xef, 
	0x33, 0x6d, 0x33, 0x2d, 0x33, 0x2d, 0x33, 0x2d, 
	0x2b, 0x6f, 0x2b, 0x6f, 0x2b, 0x6f, 0x2b, 0x6f, 
	0x33, 0x6f, 0x3b, 0xaf, 0x3b, 0xaf, 0x43, 0xef, 
	0x43, 0xef, 0x33, 0xaf, 0x33, 0xaf, 0x3b, 0xaf, 
	0x3b, 0xb1, 0x65, 0x35, 0x96, 0x7b, 0x96, 0x7b, 
	0xa6, 0xbb, 0xcf, 0xff, 0xa6, 0xbb, 0xa6, 0xbb, 
	0xa6, 0xfb, 0x85, 0xb9, 0x5c, 0xb5, 0x5c, 0xb5, 
	0x64, 0xf5, 0x64, 0xf5, 0x5c, 0xb5, 0x5c, 0xb5, 
	0x64, 0xf7, 0x8e, 0x7d, 0x8e, 0x7d, 0x7d, 0xb9, 
	0x5c, 0xb5, 0x54, 0x73, 0x54, 0x73, 0x4c, 0x31, 
	0x43, 0xf1, 0x43, 0xf1, 0x44, 0x35, 0x44, 0x35, 
	0x4c, 0x35, 0x54, 0xb5, 0x4c, 0x35, 0x4c, 0x35, 
	0x44, 0x35, 0x44, 0x35, 0x44, 0x35, 0x44, 0x35, 
	0x44, 0x35, 0x44, 0x35, 0x7d, 0xbb, 0x96, 0xbf, 
	0x9e, 0xff, 0x86, 0x3d, 0x86, 0x3d, 0x86, 0x3d, 
	0x85, 0xfd, 0xb7, 0xbf, 0xb7, 0xbf, 0x96, 0x7d, 
	0x86, 0x3d, 0x7d, 0xfb, 0x7d, 0xfb, 0x6d, 0x39, 
	0x75, 0x7b, 0x6d, 0x39, 0x64, 0xf9, 0x64, 0xf9, 
	0x54, 0x75, 0x54, 0x75, 0x54, 0x75, 0x65, 0x37, 
	0x5c, 0xb7, 0x5c, 0xb7, 0x43, 0xf3, 0x5c, 0xb7, 
	0xa6, 0xfd, 0xbf, 0xff, 0xbf, 0xff, 0xbf, 0xff, 
	0xc7, 0xff, 0xa6, 0xfd, 0x85, 0xfb, 0x64, 0xf9, 
	0x6d, 0x39, 0x75, 0xbb, 0x64, 0xf9, 0x5c, 0xb7, 
	0x5c, 0xf7, 0x5c, 0xb7, 0x5c, 0xb7, 0x5c, 0xb7, 
	0x54, 0xb7, 0x54, 0xb7, 0x4c, 0x75, 0x4c, 0x75, 
	0x3b, 0xb1, 0x3b, 0xb1, 0x4c, 0x75, 0x75, 0xbd, 
	0x8e, 0x3d, 0x8e, 0x3d, 0x8e, 0x3d, 0x8e, 0x3d, 
	0x75, 0x79, 0x5c, 0xb7, 0x5c, 0xb7, 0x5c, 0xb7, 
	0x54, 0x71, 0x4c, 0x2f, 0x4b, 0xef, 0x43, 0xed, 
	0x3b, 0xab, 0x33, 0x29, 0x33, 0x29, 0x33, 0x29, 
	0x33, 0x29, 0x33, 0x29, 0x33, 0x29, 0x33, 0x29, 
	0x2a, 0xe5, 0x2a, 0xe5, 0x2a, 0xe5, 0x2a, 0xe5, 
	0x2b, 0x27, 0x33, 0x69, 0x3b, 0x6b, 0x3b, 0x6b, 
	0x3b, 0xad, 0x43, 0xf1, 0x43, 0xf1, 0x4c, 0x73, 
	0x4c, 0x31, 0x4c, 0x31, 0x4c, 0x31, 0x4c, 0x31, 
	0x4c, 0x31, 0x4c, 0x31, 0x43, 0xef, 0x3b, 0xab, 
	0x33, 0x6b, 0x2a, 0xe7, 0x2b, 0x29, 0x2b, 0x29, 
	0x2b, 0x29, 0x2a, 0xe7, 0x2a, 0xe7, 0x2a, 0xe7, 
	0x2a, 0xe7, 0x2a, 0xe5, 0x2a, 0xe7, 0x2a, 0xe7, 
	0x2a, 0xe5, 0x2a, 0xe7, 0x2a, 0xe7, 0x2a, 0xe7, 
	0x2a, 0xe5, 0x33, 0x27, 0x2a, 0xe5, 0x2a, 0xe5, 
	0x33, 0x67, 0x33, 0x67, 0x33, 0x67, 0x33, 0x67, 
	0x33, 0x27, 0x33, 0x27, 0x2a, 0xe3, 0x33, 0x27, 
	0x33, 0x25, 0x33, 0x25, 0x3b, 0x69, 0x3b, 0x69, 
	0x4b, 0xed, 0x4b, 0xed, 0x4b, 0xed, 0x4b, 0xed, 
	0x54, 0x2f, 0x54, 0x2f, 0x64, 0xb3, 0x64, 0xb3, 
	0x75, 0x37, 0x75, 0x37, 0x75, 0x37, 0x75, 0x37, 
	0x6d, 0x35, 0x64, 0xb3, 0x54, 0x2f, 0x54, 0x2f, 
	0x54, 0x2f, 0x54, 0x2f, 0x54, 0x71, 0x54, 0x71, 
	0x54, 0x31, 0x43, 0xab, 0x3b, 0x69, 0x3b, 0x69, 
	0x3b, 0x6d, 0x3b, 0x6d, 0x3b, 0x6d, 0x33, 0x6b, 
	0x33, 0x6f, 0x3b, 0xaf, 0x33, 0x6f, 0x3b, 0xaf, 
	0x33, 0xad, 0x33, 0xad, 0x33, 0xad, 0x33, 0xad, 
	0x33, 0x6d, 0x33, 0x6d, 0x3b, 0xad, 0x3b, 0xaf, 
	0x43, 0xad, 0x43, 0xef, 0x43, 0xef, 0x4c, 0x31, 
	0x54, 0x71, 0x5c, 0xb3, 0x5c, 0xb3, 0x5c, 0xb3, 
	0x5c, 0xb1, 0x75, 0x75, 0x75, 0x75, 0x5c, 0xb1, 
	0x75, 0x35, 0x7d, 0xb7, 0x75, 0x35, 0x75, 0x35, 
	0x6d, 0x35, 0x6d, 0x35, 0x8e, 0x39, 0x6d, 0x35, 
	0x5c, 0xb3, 0x5c, 0xb3, 0x54, 0x71, 0x54, 0x71, 
	0x43, 0xef, 0x43, 0xad, 0x43, 0xad, 0x4c, 0x2f, 
	0x4b, 0xef, 0x43, 0xed, 0x43, 0xed, 0x43, 0xad, 
	0x3b, 0xad, 0x3b, 0xad, 0x3b, 0xad, 0x3b, 0xad, 
	0x3b, 0x6d, 0x3b, 0x6d, 0x3b, 0x6d, 0x2b, 0x2b, 
	0x2a, 0xeb, 0x33, 0x2d, 0x33, 0x6d, 0x33, 0x2d, 
	0x2b, 0x6f, 0x33, 0x6f, 0x33, 0x6f, 0x33, 0xaf, 
	0x33, 0x6f, 0x3b, 0xaf, 0x43, 0xef, 0x43, 0xef, 
	0x43, 0xef, 0x3b, 0xaf, 0x33, 0xaf, 0x33, 0xaf, 
	0x3b, 0xb1, 0x65, 0x35, 0x65, 0x35, 0x65, 0x35, 
	0x75, 0x75, 0xa6, 0xbb, 0x75, 0x75, 0x75, 0x75, 
	0x85, 0xb9, 0x5c, 0xb5, 0x5c, 0xb5, 0x5c, 0xb5, 
	0x64, 0xf5, 0x5c, 0xb5, 0x5c, 0xb5, 0x64, 0xf5, 
	0x64, 0xf7, 0x64, 0xf7, 0x7d, 0xb9, 0x7d, 0xb9, 
	0x64, 0xf7, 0x5c, 0xb5, 0x54, 0x73, 0x5c, 0xb5, 
	0x44, 0x35, 0x3b, 0xaf, 0x44, 0x35, 0x44, 0x35, 
	0x4c, 0x35, 0x4c, 0x35, 0x4c, 0x35, 0x4c, 0x35, 
	0x44, 0x35, 0x44, 0x35, 0x6d, 0x39, 0x8e, 0x3d, 
	0x96, 0xbf, 0x96, 0xbf, 0x96, 0xbf, 0x96, 0xbf, 
	0x86, 0x3d, 0x86, 0x3d, 0x96, 0x7d, 0x86, 0x3d, 
	0x96, 0x7d, 0xb7, 0xbf, 0xb7, 0xbf, 0x96, 0x7d, 
	0x86, 0x3d, 0x7d, 0xfb, 0x7d, 0xfb, 0x6d, 0x39, 
	0x64, 0xf9, 0x64, 0xf9, 0x5c, 0xb7, 0x5c, 0xb7, 
	0x54, 0x75, 0x65, 0x37, 0x65, 0x37, 0x86, 0x3d, 
	0x96, 0x7f, 0x96, 0x7f, 0x5c, 0xb7, 0x7d, 0xbb, 
	0xa6, 0xfd, 0xbf, 0xff, 0xbf, 0xff, 0xbf, 0xff, 
	0xc7, 0xff, 0xc7, 0xff, 0x85, 0xfb, 0x64, 0xf9, 
	0x64, 0xf9, 0x6d, 0x39, 0x6d, 0x39, 0x64, 0xf9, 
	0x5c, 0xf7, 0x5c, 0xb7, 0x54, 0xb5, 0x54, 0xb5, 
	0x4c, 0x75, 0x54, 0xb7, 0x4c, 0x75, 0x4c, 0x75, 
	0x4c, 0x75, 0x4c, 0x75, 0x4c, 0x75, 0x4c, 0x75, 
	0x6d, 0x79, 0x8e, 0x3d, 0xa7, 0x3f, 0xa7, 0x3f, 
	0xa7, 0x3f, 0x75, 0x79, 0x75, 0x79, 0x5c, 0xb7, 
	0x4c, 0x2f, 0x4c, 0x2f, 0x4c, 0x2f, 0x43, 0xed, 
	0x3b, 0xab, 0x3b, 0x6b, 0x33, 0x29, 0x33, 0x29, 
	0x33, 0x29, 0x33, 0x27, 0x33, 0x29, 0x33, 0x29, 
	0x33, 0x29, 0x2a, 0xe5, 0x2a, 0xe5, 0x33, 0x29, 
	0x33, 0x29, 0x33, 0x29, 0x33, 0x29, 0x3b, 0x6b, 
	0x3b, 0xad, 0x43, 0xf1, 0x43, 0xf1, 0x43, 0xf1, 
	0x4c, 0x31, 0x4c, 0x31, 0x4c, 0x31, 0x4c, 0x31, 
	0x4c, 0x31, 0x4c, 0x31, 0x4c, 0x31, 0x43, 0xef, 
	0x33, 0x29, 0x2b, 0x29, 0x2a, 0xe7, 0x2a, 0xe7, 
	0x2a, 0xe7, 0x2a, 0xe7, 0x2a, 0xe7, 0x2a, 0xe7, 
	0x2a, 0xe5, 0x2a, 0xa3, 0x2a, 0xe7, 0x2a, 0xe7, 
	0x2a, 0xe5, 0x2a, 0xe5, 0x2a, 0xe5, 0x2a, 0xe5, 
	0x2a, 0xe5, 0x2a, 0xe5, 0x22, 0xa3, 0x2a, 0xe5, 
	0x33, 0x67, 0x2a, 0xe5, 0x2a, 0xe5, 0x2a, 0xe5, 
	0x2a, 0xe3, 0x2a, 0xe3, 0x2a, 0xe3, 0x2a, 0xe3, 
	0x33, 0x25, 0x33, 0x25, 0x33, 0x25, 0x33, 0x25, 
	0x3b, 0x27, 0x3b, 0x27, 0x3b, 0x27, 0x4b, 0xed, 
	0x54, 0x2f, 0x54, 0x2f, 0x54, 0x2f, 0x64, 0xb3, 
	0x64, 0xb3, 0x64, 0xb3, 0x64, 0xb3, 0x64, 0xb3, 
	0x64, 0xb3, 0x54, 0x2f, 0x54, 0x2f, 0x54, 0x2f, 
	0x4b, 0xed, 0x54, 0x2f, 0x54, 0x2f, 0x54, 0x2f, 
	0x4b, 0xef, 0x43, 0xab, 0x3b, 0x69, 0x3b, 0x69, 
	0x3b, 0x6d, 0x33, 0x6b, 0x33, 0x6b, 0x33, 0x6b, 
	0x33, 0x6f, 0x3b, 0xaf, 0x3b, 0xaf, 0x3b, 0xaf, 
	0x33, 0x6d, 0x33, 0xad, 0x33, 0x6d, 0x33, 0x6d, 
	0x33, 0x6d, 0x33, 0x6d, 0x33, 0x6d, 0x33, 0x6d, 
	0x3b, 0xab, 0x43, 0xad, 0x43, 0xad, 0x43, 0xef, 
	0x54, 0x71, 0x54, 0x71, 0x54, 0x71, 0x54, 0x71, 
	0x64, 0xf3, 0x64, 0xf3, 0x5c, 0xb1, 0x5c, 0xb1, 
	0x7d, 0xb7, 0x7d, 0xb7, 0x7d, 0xb7, 0x7d, 0xb7, 
	0x8e, 0x39, 0x8e, 0x39, 0x8e, 0x39, 0x6d, 0x35, 
	0x6d, 0x35, 0x64, 0xf3, 0x54, 0x71, 0x54, 0x71, 
	0x43, 0xef, 0x43, 0xad, 0x3b, 0xad, 0x43, 0xad, 
	0x43, 0xed, 0x43, 0xed, 0x43, 0xed, 0x43, 0xad, 
	0x3b, 0xad, 0x3b, 0xad, 0x33, 0x6b, 0x33, 0x6b, 
	0x2b, 0x2b, 0x2b, 0x2b, 0x22, 0xe9, 0x43, 0xef, 
	0x33, 0x6d, 0x33, 0x6d, 0x3b, 0xef, 0x3b, 0xef, 
	0x3b, 0xaf, 0x3b, 0xaf, 0x3b, 0xaf, 0x3b, 0xaf, 
	0x3b, 0xaf, 0x3b, 0xaf, 0x3b, 0xaf, 0x3b, 0xaf, 
	0x3b, 0xaf, 0x3b, 0xaf, 0x43, 0xef, 0x43, 0xef, 
	0x3b, 0xb1, 0x65, 0x35, 0x3b, 0xb1, 0x3b, 0xb1, 
	0x4c, 0x31, 0x4c, 0x31, 0x4c, 0x31, 0x4c, 0x31, 
	0x5c, 0xb5, 0x5c, 0xb5, 0x5c, 0xb5, 0x5c, 0xb5, 
	0x54, 0x73, 0x54, 0x73, 0x54, 0x73, 0x64, 0xf5, 
	0x64, 0xf7, 0x64, 0xf7, 0x64, 0xf7, 0x64, 0xf7, 
	0x5c, 0xb5, 0x5c, 0xb5, 0x5c, 0xb5, 0x4c, 0x31, 
	0x43, 0xf1, 0x3b, 0xaf, 0x43, 0xf1, 0x4c, 0x77, 
	0x4c, 0x35, 0x4c, 0x35, 0x4c, 0x35, 0x4c, 0x35, 
	0x64, 0xf7, 0x7d, 0xb9, 0x8e, 0x7d, 0xa7, 0x3f, 
	0xaf, 0x3f, 0xaf, 0x3f, 0x96, 0xbd, 0x86, 0x3d, 
	0x96, 0x7d, 0x96, 0x7d, 0x96, 0x7d, 0x96, 0x7d, 
	0x96, 0xbf, 0xaf, 0x3f, 0xbf, 0xff, 0x96, 0xbf, 
	0x96, 0x7d, 0x7d, 0xfb, 0x6d, 0x79, 0x6d, 0x79, 
	0x6d, 0x37, 0x5c, 0xb5, 0x5c, 0xb5, 0x5c, 0xb5, 
	0x54, 0x75, 0x6d, 0x39, 0x86, 0x3b, 0x9f, 0x3f, 
	0x96, 0xbf, 0x96, 0xbf, 0x7d, 0xfb, 0x7d, 0xfb, 
	0x9e, 0xbd, 0xaf, 0x7f, 0xc7, 0xff, 0xc7, 0xff, 
	0xa7, 0x7f, 0xa7, 0x7f, 0x8e, 0x3d, 0x7d, 0xbd, 
	0x75, 0xbb, 0x6d, 0x79, 0x6d, 0x79, 0x64, 0xf9, 
	0x5c, 0xf7, 0x54, 0xb5, 0x54, 0x75, 0x54, 0x75, 
	0x4c, 0x73, 0x4c, 0x73, 0x4c, 0x73, 0x4c, 0x73, 
	0x54, 0x75, 0x54, 0x75, 0x54, 0x75, 0x75, 0x7b, 
	0x96, 0x7d, 0xaf, 0xbf, 0xaf, 0xbf, 0xaf, 0xbf, 
	0x9e, 0xff, 0x9e, 0xff, 0x8e, 0x7d, 0x75, 0xbd, 
	0x5c, 0xf5, 0x43, 0xef, 0x43, 0xef, 0x43, 0xef, 
	0x3b, 0xad, 0x33, 0x6b, 0x33, 0x69, 0x33, 0x69, 
	0x2b, 0x27, 0x2b, 0x27, 0x2b, 0x27, 0x33, 0x27, 
	0x3b, 0x69, 0x33, 0x27, 0x33, 0x27, 0x33, 0x27, 
	0x2b, 0x29, 0x2a, 0xe7, 0x2b, 0x29, 0x2a, 0xe7, 
	0x33, 0x69, 0x3b, 0xad, 0x3b, 0xad, 0x3b, 0xad, 
	0x3b, 0x6b, 0x3b, 0x6b, 0x3b, 0x6b, 0x3b, 0x6b, 
	0x43, 0xef, 0x43, 0xef, 0x43, 0xef, 0x43, 0xef, 
	0x33, 0x29, 0x2a, 0xe7, 0x2a, 0xe7, 0x2a, 0xe7, 
	0x2a, 0xe5, 0x2a, 0xe5, 0x2a, 0xe5, 0x2a, 0xe5, 
	0x2a, 0xe5, 0x2a, 0xe5, 0x2a, 0xe5, 0x2a, 0xe5, 
	0x2a, 0xe5, 0x2a, 0xe5, 0x22, 0xa3, 0x22, 0xa3, 
	0x22, 0xa3, 0x22, 0xa3, 0x22, 0xa3, 0x22, 0xa1, 
	0x2a, 0xa3, 0x2a, 0xa3, 0x2a, 0xa3, 0x2a, 0xa3, 
	0x22, 0xa1, 0x22, 0xa1, 0x22, 0xa1, 0x22, 0xa1, 
	0x2a, 0xa1, 0x2a, 0xa1, 0x2a, 0xa1, 0x2a, 0xa1, 
	0x33, 0x25, 0x33, 0x25, 0x33, 0x25, 0x33, 0x25, 
	0x43, 0xa9, 0x43, 0xa9, 0x43, 0xa9, 0x43, 0xa9, 
	0x4b, 0xeb, 0x4b, 0xeb, 0x4b, 0xeb, 0x4b, 0xeb, 
	0x43, 0xa9, 0x33, 0x25, 0x43, 0xa9, 0x43, 0xa9, 
	0x3b, 0x69, 0x3b, 0x69, 0x3b, 0x69, 0x3b, 0x69, 
	0x3b, 0x69, 0x3b, 0x69, 0x3b, 0x69, 0x3b, 0x69, 
	0x3b, 0xad, 0x3b, 0x6b, 0x3b, 0xad, 0x3b, 0xad, 
	0x3b, 0xaf, 0x3b, 0xaf, 0x3b, 0x6d, 0x3b, 0x6d, 
	0x3b, 0xad, 0x3b, 0xad, 0x33, 0x6d, 0x33, 0x6d, 
	0x33, 0x6d, 0x33, 0x6d, 0x3b, 0xad, 0x33, 0x6d, 
	0x3b, 0xab, 0x3b, 0xab, 0x3b, 0xab, 0x3b, 0xad, 
	0x43, 0xab, 0x4b, 0xed, 0x54, 0x71, 0x54, 0x71, 
	0x5c, 0xb3, 0x54, 0x6f, 0x54, 0x6f, 0x5c, 0xb3, 
	0x6c, 0xf3, 0x6c, 0xf3, 0x6c, 0xf3, 0x7d, 0xb7, 
	0x7d, 0xb7, 0x8e, 0x39, 0x8e, 0x39, 0x7d, 0xb7, 
	0x64, 0xf5, 0x5c, 0xb1, 0x54, 0x6f, 0x54, 0x6f, 
	0x43, 0xad, 0x43, 0xad, 0x43, 0xad, 0x43, 0xad, 
	0x43, 0xab, 0x43, 0xed, 0x43, 0xed, 0x4b, 0xed, 
	0x43, 0xed, 0x43, 0xed, 0x43, 0xed, 0x43, 0xed, 
	0x3b, 0x6b, 0x54, 0x6f, 0x85, 0xf9, 0x85, 0xf9, 
	0x64, 0xf3, 0x33, 0x6d, 0x33, 0x6d, 0x33, 0x6d, 
	0x3b, 0xaf, 0x3b, 0xaf, 0x3b, 0xaf, 0x3b, 0xaf, 
	0x3b, 0xad, 0x3b, 0xad, 0x3b, 0xad, 0x5c, 0xb3, 
	0x54, 0x71, 0x54, 0x71, 0x54, 0x71, 0x65, 0x35, 
	0x54, 0x71, 0x43, 0xef, 0x5c, 0xb3, 0x54, 0x71, 
	0x43, 0xed, 0x4c, 0x2f, 0x4c, 0x2f, 0x4c, 0x2f, 
	0x43, 0xed, 0x4b, 0xed, 0x4b, 0xed, 0x43, 0xed, 
	0x43, 0xed, 0x43, 0xed, 0x4b, 0xf1, 0x54, 0x33, 
	0x54, 0x73, 0x4c, 0x31, 0x4c, 0x31, 0x54, 0x73, 
	0x5c, 0xb5, 0x5c, 0xb5, 0x54, 0x73, 0x4c, 0x33, 
	0x43, 0xf1, 0x43, 0xf1, 0x44, 0x33, 0x44, 0x35, 
	0x4c, 0x35, 0x4c, 0x35, 0x4c, 0x35, 0x5c, 0xb7, 
	0x64, 0xf7, 0x8e, 0x7d, 0xa7, 0x3f, 0xa7, 0x3f, 
	0x96, 0xbd, 0xaf, 0x3f, 0x96, 0xbd, 0x96, 0xbd, 
	0x96, 0x7d, 0x96, 0x7d, 0x86, 0x3d, 0x86, 0x3d, 
	0x86, 0x3f, 0xaf, 0x3f, 0xbf, 0xff, 0xaf, 0x3f, 
	0x96, 0x7d, 0x7d, 0xfb, 0x7d, 0xfb, 0x6d, 0x79, 
	0x6d, 0x37, 0x6d, 0x37, 0x6d, 0x37, 0x5c, 0xb5, 
	0x54, 0x75, 0x54, 0x75, 0x6d, 0x39, 0x86, 0x3b, 
	0x6d, 0x39, 0x7d, 0xfb, 0x7d, 0xfb, 0x96, 0xbf, 
	0x9e, 0xbd, 0x9e, 0xbd, 0x9e, 0xbd, 0xaf, 0x7f, 
	0x8e, 0x3d, 0x8e, 0x3d, 0x8e, 0x3d, 0x7d, 0xbd, 
	0x6d, 0x79, 0x6d, 0x79, 0x64, 0xf9, 0x5c, 0xb7, 
	0x54, 0xb5, 0x54, 0x75, 0x54, 0x75, 0x54, 0x75, 
	0x4c, 0x73, 0x4c, 0x73, 0x4c, 0x73, 0x4c, 0x73, 
	0x54, 0x75, 0x54, 0x75, 0x54, 0x75, 0x75, 0x7b, 
	0x96, 0x7d, 0xaf, 0xbf, 0x9e, 0xff, 0x9e, 0xff, 
	0x9e, 0xff, 0xb7, 0xbf, 0xb7, 0xbf, 0x8e, 0x7d, 
	0x5c, 0xf5, 0x43, 0xef, 0x43, 0xef, 0x43, 0xef, 
	0x3b, 0xad, 0x33, 0x6b, 0x33, 0x69, 0x2b, 0x27, 
	0x2b, 0x27, 0x2a, 0xe5, 0x2a, 0xe5, 0x33, 0x27, 
	0x3b, 0x69, 0x3b, 0x69, 0x33, 0x27, 0x2a, 0xe5, 
	0x2a, 0xe7, 0x2a, 0xe7, 0x2a, 0xe7, 0x2a, 0xe5, 
	0x2a, 0xe7, 0x2a, 0xe7, 0x2a, 0xe7, 0x2a, 0xe7, 
	0x2a, 0xe5, 0x2a, 0xe5, 0x2a, 0xe5, 0x2a, 0xe5, 
	0x2a, 0xe7, 0x3b, 0x6b, 0x3b, 0x6b, 0x3b, 0x6b, 
	0x33, 0x29, 0x2a, 0xe7, 0x2a, 0xe3, 0x2a, 0xe3, 
	0x2a, 0xe5, 0x2a, 0xe5, 0x2a, 0xe5, 0x22, 0xa3, 
	0x22, 0xa3, 0x22, 0xa3, 0x22, 0xa3, 0x22, 0xa3, 
	0x22, 0xa3, 0x22, 0xa3, 0x22, 0xa3, 0x22, 0xa3, 
	0x22, 0xa1, 0x22, 0xa1, 0x1a, 0x61, 0x1a, 0x61, 
	0x22, 0xa1, 0x22, 0xa1, 0x22, 0xa1, 0x22, 0x61, 
	0x1a, 0x5f, 0x1a, 0x5f, 0x1a, 0x5f, 0x1a, 0x5f, 
	0x22, 0x5f, 0x22, 0x5f, 0x22, 0x5f, 0x22, 0x5f, 
	0x2a, 0xa1, 0x2a, 0xa1, 0x2a, 0xa1, 0x33, 0x25, 
	0x33, 0x25, 0x33, 0x25, 0x33, 0x25, 0x33, 0x25, 
	0x3b, 0x67, 0x3b, 0x67, 0x22, 0xa1, 0x22, 0xa1, 
	0x2a, 0xa3, 0x2a, 0xa3, 0x2a, 0xa3, 0x2a, 0xa3, 
	0x2a, 0xe3, 0x2a, 0xe3, 0x2a, 0xe3, 0x2a, 0xe3, 
	0x33, 0x27, 0x3b, 0x69, 0x3b, 0x69, 0x3b, 0x69, 
	0x3b, 0x6b, 0x3b, 0xad, 0x3b, 0x6b, 0x3b, 0xad, 
	0x3b, 0xaf, 0x3b, 0xaf, 0x3b, 0x6d, 0x3b, 0x6d, 
	0x33, 0x6d, 0x33, 0x6d, 0x3b, 0xad, 0x33, 0x6d, 
	0x33, 0x6d, 0x3b, 0xad, 0x3b, 0xad, 0x3b, 0xad, 
	0x3b, 0xad, 0x43, 0xed, 0x3b, 0xad, 0x3b, 0xad, 
	0x43, 0xab, 0x43, 0xab, 0x4c, 0x2f, 0x54, 0x71, 
	0x4b, 0xed, 0x43, 0xa9, 0x43, 0xa9, 0x4b, 0xed, 
	0x5c, 0x71, 0x6c, 0xf3, 0x6c, 0xf3, 0x6c, 0xf3, 
	0x5c, 0xb1, 0x6d, 0x33, 0x6d, 0x33, 0x5c, 0xb1, 
	0x5c, 0xb1, 0x54, 0x6f, 0x54, 0x6f, 0x5c, 0xb1, 
	0x6d, 0x75, 0x6d, 0x75, 0x54, 0x2f, 0x43, 0xad, 
	0x43, 0xab, 0x43, 0xab, 0x43, 0xab, 0x43, 0xed, 
	0x43, 0xed, 0x43, 0xed, 0x43, 0xed, 0x43, 0xed, 
	0x3b, 0x6b, 0x54, 0x6f, 0x6d, 0x35, 0x54, 0x6f, 
	0x54, 0x71, 0x54, 0x71, 0x64, 0xf3, 0x54, 0x71, 
	0x4c, 0x31, 0x4c, 0x31, 0x3b, 0xaf, 0x3b, 0xaf, 
	0x3b, 0xad, 0x75, 0x77, 0x96, 0x7d, 0x96, 0x7d, 
	0x7d, 0xfb, 0x65, 0x35, 0x54, 0x71, 0x65, 0x35, 
	0x6d, 0x35, 0x5c, 0xb3, 0x54, 0x71, 0x54, 0x71, 
	0x4c, 0x2f, 0x4c, 0x2f, 0x43, 0xed, 0x43, 0xed, 
	0x43, 0xab, 0x43, 0xab, 0x43, 0xab, 0x3b, 0xab, 
	0x3b, 0xab, 0x3b, 0xab, 0x43, 0xed, 0x4b, 0xf1, 
	0x43, 0xef, 0x43, 0xef, 0x54, 0x73, 0x5c, 0xb5, 
	0x5c, 0xb5, 0x5c, 0xb5, 0x54, 0x73, 0x43, 0xf1, 
	0x44, 0x33, 0x44, 0x35, 0x44, 0x35, 0x44, 0x35, 
	0x4c, 0x35, 0x4c, 0x35, 0x4c, 0x35, 0x5c, 0xb7, 
	0x64, 0xf7, 0x8e, 0x7d, 0xa7, 0x3f, 0xa7, 0x3f, 
	0x86, 0x3d, 0x86, 0x3d, 0x96, 0xbd, 0xaf, 0x3f, 
	0x9e, 0xff, 0x96, 0x7d, 0x96, 0x7d, 0x86, 0x3d, 
	0x96, 0xbf, 0xaf, 0x3f, 0xbf, 0xff, 0xaf, 0x3f, 
	0xa7, 0x3f, 0x96, 0x7d, 0x96, 0x7d, 0x96, 0x7d, 
	0x86, 0x3d, 0x86, 0x3d, 0x86, 0x3d, 0x75, 0xbb, 
	0x6d, 0x39, 0x54, 0x75, 0x54, 0x75, 0x54, 0x75, 
	0x54, 0x75, 0x6d, 0x39, 0x7d, 0xfb, 0x96, 0xbf, 
	0x9e, 0xbd, 0x9e, 0xbd, 0x86, 0x3d, 0x86, 0x3d, 
	0x7d, 0xbd, 0x7d, 0xbd, 0x7d, 0xbd, 0x7d, 0xbd, 
	0x75, 0xbb, 0x6d, 0x79, 0x64, 0xf9, 0x5c, 0xb7, 
	0x54, 0x75, 0x54, 0x75, 0x4c, 0x33, 0x4c, 0x33, 
	0x4c, 0x73, 0x4c, 0x73, 0x4c, 0x73, 0x4c, 0x73, 
	0x54, 0x75, 0x54, 0x75, 0x54, 0x75, 0x75, 0x7b, 
	0x85, 0xfd, 0x9e, 0xff, 0x96, 0x7d, 0x96, 0x7d, 
	0x9e, 0xff, 0xb7, 0xbf, 0xb7, 0xbf, 0x9e, 0xff, 
	0x75, 0xb9, 0x5c, 0xf5, 0x43, 0xef, 0x43, 0xef, 
	0x33, 0x6b, 0x33, 0x69, 0x33, 0x69, 0x2b, 0x27, 
	0x2a, 0xe5, 0x2a, 0xe5, 0x33, 0x27, 0x33, 0x69, 
	0x33, 0x27, 0x33, 0x27, 0x2a, 0xe5, 0x2a, 0xe5, 
	0x2a, 0xe5, 0x2a, 0xe7, 0x2a, 0xe5, 0x2a, 0xe5, 
	0x22, 0xa3, 0x22, 0xa3, 0x22, 0xa3, 0x22, 0xa3, 
	0x2a, 0xe5, 0x22, 0xa3, 0x22, 0xa3, 0x2a, 0xe5, 
	0x2a, 0xe7, 0x2a, 0xe7, 0x2a, 0xe7, 0x2a, 0xe7, 
	0x2a, 0xe3, 0x2a, 0xe3, 0x2a, 0xe3, 0x2a, 0xe3, 
	0x22, 0xa3, 0x22, 0xa3, 0x22, 0xa3, 0x22, 0xa3, 
	0x22, 0xa3, 0x22, 0xa3, 0x22, 0xa3, 0x22, 0xa3, 
	0x22, 0xa3, 0x22, 0xa1, 0x22, 0xa1, 0x22, 0xa1, 
	0x22, 0xa1, 0x1a, 0x61, 0x1a, 0x61, 0x1a, 0x61, 
	0x22, 0x61, 0x22, 0x61, 0x22, 0x61, 0x1a, 0x5f, 
	0x1a, 0x5f, 0x12, 0x1d, 0x12, 0x1d, 0x12, 0x1d, 
	0x12, 0x5d, 0x12, 0x5d, 0x12, 0x5d, 0x12, 0x5d, 
	0x1a, 0x5f, 0x1a, 0x5f, 0x1a, 0x5f, 0x1a, 0x5f, 
	0x22, 0xa1, 0x22, 0xa1, 0x22, 0xa1, 0x22, 0xa1, 
	0x22, 0xa1, 0x22, 0xa1, 0x12, 0x1d, 0x12, 0x1d, 
	0x1a, 0x5f, 0x1a, 0x5f, 0x1a, 0x5f, 0x1a, 0x5f, 
	0x22, 0xa1, 0x22, 0xa1, 0x2a, 0xe3, 0x2a, 0xe3, 
	0x33, 0x27, 0x33, 0x27, 0x33, 0x27, 0x33, 0x27, 
	0x3b, 0x6b, 0x33, 0x29, 0x33, 0x27, 0x33, 0x27, 
	0x33, 0x2b, 0x33, 0x6d, 0x33, 0x2b, 0x33, 0x2b, 
	0x2b, 0x2d, 0x2b, 0x2d, 0x33, 0x6d, 0x33, 0x6d, 
	0x33, 0x6d, 0x33, 0x6d, 0x33, 0x6d, 0x3b, 0xad, 
	0x3b, 0xad, 0x43, 0xed, 0x43, 0xed, 0x43, 0xef, 
	0x4b, 0xed, 0x4c, 0x2f, 0x54, 0x71, 0x54, 0x71, 
	0x54, 0x6f, 0x54, 0x6f, 0x4b, 0xed, 0x4b, 0xed, 
	0x4b, 0xed, 0x5c, 0x71, 0x5c, 0x71, 0x5c, 0x71, 
	0x5c, 0xb1, 0x5c, 0xb1, 0x5c, 0xb1, 0x5c, 0xb1, 
	0x5c, 0xb1, 0x54, 0x6f, 0x54, 0x6f, 0x54, 0x6f, 
	0x5c, 0xb3, 0x5c, 0xb3, 0x6d, 0x75, 0x54, 0x2f, 
	0x43, 0xed, 0x43, 0xed, 0x43, 0xab, 0x43, 0xab, 
	0x43, 0xed, 0x43, 0xed, 0x43, 0xed, 0x43, 0xed, 
	0x3b, 0x6b, 0x54, 0x6f, 0x54, 0x6f, 0x54, 0x6f, 
	0x54, 0x71, 0x64, 0xf3, 0x64, 0xf3, 0x64, 0xf3, 
	0x65, 0x35, 0x65, 0x35, 0x65, 0x35, 0x4c, 0x31, 
	0x5c, 0xb3, 0x75, 0x77, 0x96, 0x7d, 0x75, 0x77, 
	0x54, 0x71, 0x54, 0x71, 0x54, 0x71, 0x54, 0x71, 
	0x5c, 0xb3, 0x6d, 0x35, 0x5c, 0xb3, 0x54, 0x71, 
	0x43, 0xed, 0x43, 0xed, 0x43, 0xed, 0x4c, 0x2f, 
	0x43, 0xed, 0x3b, 0xab, 0x43, 0xab, 0x3b, 0xab, 
	0x3b, 0xab, 0x3b, 0xab, 0x43, 0xed, 0x43, 0xed, 
	0x43, 0xef, 0x43, 0xef, 0x4c, 0x31, 0x5c, 0xb5, 
	0x54, 0x73, 0x4c, 0x33, 0x43, 0xf1, 0x43, 0xf1, 
	0x44, 0x33, 0x44, 0x35, 0x44, 0x33, 0x44, 0x35, 
	0x4c, 0x35, 0x5c, 0xb7, 0x6d, 0x39, 0x6d, 0x39, 
	0x7d, 0xb9, 0x8e, 0x7d, 0xa7, 0x3f, 0x7d, 0xb9, 
	0x86, 0x3d, 0x96, 0xbd, 0xaf, 0x3f, 0xbf, 0xff, 
	0xaf, 0x7f, 0x9e, 0xff, 0x96, 0x7d, 0x86, 0x3d, 
	0x96, 0xbf, 0xaf, 0x3f, 0x96, 0xbf, 0x96, 0xbf, 
	0xa7, 0x3f, 0xa7, 0x3f, 0xa7, 0x3f, 0x96, 0x7d, 
	0x86, 0x3d, 0x86, 0x3d, 0x75, 0xbb, 0x75, 0xbb, 
	0x6d, 0x39, 0x54, 0x75, 0x54, 0x75, 0x54, 0x75, 
	0x54, 0x75, 0x54, 0x75, 0x96, 0xbf, 0x96, 0xbf, 
	0x86, 0x3d, 0x86, 0x3d, 0x86, 0x3d, 0x86, 0x3d, 
	0x7d, 0xbd, 0x8e, 0x3d, 0x8e, 0x3d, 0x7d, 0xbd, 
	0x75, 0xbb, 0x6d, 0x79, 0x5c, 0xb7, 0x5c, 0xb7, 
	0x54, 0x75, 0x4c, 0x33, 0x4c, 0x33, 0x4c, 0x33, 
	0x4c, 0x73, 0x4c, 0x73, 0x6d, 0x7b, 0x7d, 0xff, 
	0x54, 0x75, 0x33, 0x71, 0x96, 0x7f, 0x96, 0x7f, 
	0x96, 0x7d, 0x9e, 0xff, 0x96, 0x7d, 0x85, 0xfd, 
	0x8e, 0x7d, 0x9e, 0xff, 0x9e, 0xff, 0x9e, 0xff, 
	0x8e, 0xbf, 0x5c, 0xf5, 0x43, 0xef, 0x43, 0xef, 
	0x33, 0x6b, 0x33, 0x69, 0x2b, 0x27, 0x2b, 0x27, 
	0x2a, 0xe5, 0x2a, 0xe5, 0x2b, 0x27, 0x33, 0x27, 
	0x33, 0x27, 0x2a, 0xe5, 0x2a, 0xe5, 0x2a, 0xe5, 
	0x2a, 0xe5, 0x2a, 0xe5, 0x2a, 0xe5, 0x2a, 0xa3, 
	0x22, 0xa3, 0x22, 0xa3, 0x22, 0xa3, 0x22, 0xa3, 
	0x22, 0xa3, 0x22, 0xa3, 0x22, 0xa3, 0x22, 0xa3, 
	0x22, 0xa3, 0x22, 0xa3, 0x22, 0xa3, 0x22, 0xa3, 
	0x22, 0xa1, 0x22, 0xa1, 0x22, 0xa1, 0x22, 0xa1, 
	0x22, 0xa3, 0x22, 0xa3, 0x22, 0xa3, 0x22, 0xa3, 
	0x22, 0xa3, 0x22, 0xa3, 0x22, 0xa3, 0x1a, 0xa1, 
	0x1a, 0x5f, 0x1a, 0x5f, 0x1a, 0x5f, 0x1a, 0x5f, 
	0x1a, 0x61, 0x1a, 0x5f, 0x1a, 0x5f, 0x1a, 0x61, 
	0x22, 0x61, 0x22, 0x61, 0x1a, 0x5f, 0x1a, 0x5f, 
	0x12, 0x1d, 0x12, 0x1d, 0x12, 0x1d, 0x09, 0xdb, 
	0x0a, 0x1b, 0x0a, 0x1b, 0x0a, 0x1b, 0x0a, 0x1b, 
	0x12, 0x1b, 0x12, 0x1b, 0x12, 0x1b, 0x12, 0x1b, 
	0x12, 0x1d, 0x12, 0x1d, 0x12, 0x1d, 0x12, 0x1d, 
	0x12, 0x1d, 0x12, 0x1d, 0x12, 0x1d, 0x12, 0x1d, 
	0x1a, 0x5f, 0x1a, 0x5f, 0x1a, 0x5f, 0x1a, 0x5f, 
	0x22, 0xa1, 0x22, 0xa1, 0x22, 0xa1, 0x22, 0xa1, 
	0x22, 0xa3, 0x22, 0xa3, 0x2a, 0xe5, 0x2a, 0xe5, 
	0x33, 0x27, 0x33, 0x27, 0x3b, 0x6b, 0x3b, 0x6b, 
	0x33, 0x6d, 0x3b, 0xaf, 0x3b, 0xaf, 0x3b, 0x6d, 
	0x3b, 0xad, 0x33, 0x6d, 0x33, 0x6d, 0x33, 0x6d, 
	0x33, 0x6d, 0x33, 0x6d, 0x3b, 0xad, 0x3b, 0xad, 
	0x3b, 0xad, 0x43, 0xed, 0x43, 0xed, 0x43, 0xef, 
	0x4b, 0xed, 0x4c, 0x2f, 0x4c, 0x2f, 0x54, 0x71, 
	0x54, 0x6f, 0x54, 0x6f, 0x54, 0x6f, 0x54, 0x6f, 
	0x5c, 0x71, 0x5c, 0x71, 0x5c, 0x71, 0x6c, 0xf3, 
	0x5c, 0xb1, 0x5c, 0xb1, 0x5c, 0xb1, 0x5c, 0xb1, 
	0x54, 0x6f, 0x5c, 0xb1, 0x5c, 0xb1, 0x6d, 0x77, 
	0x6d, 0x75, 0x6d, 0x75, 0x5c, 0xb3, 0x54, 0x2f, 
	0x4c, 0x2f, 0x4c, 0x2f, 0x4b, 0xed, 0x4c, 0x2f, 
	0x43, 0xed, 0x54, 0x71, 0x64, 0xf3, 0x75, 0x77, 
	0x6d, 0x35, 0x54, 0x6f, 0x54, 0x6f, 0x54, 0x6f, 
	0x54, 0x71, 0x64, 0xf3, 0x54, 0x71, 0x54, 0x71, 
	0x54, 0xb3, 0x4c, 0x31, 0x4c, 0x31, 0x54, 0xb3, 
	0x5c, 0xb3, 0x3b, 0xad, 0x3b, 0xad, 0x3b, 0xad, 
	0x3b, 0x6b, 0x3b, 0x6b, 0x3b, 0x6b, 0x3b, 0x6b, 
	0x43, 0xef, 0x43, 0xef, 0x43, 0xef, 0x54, 0x71, 
	0x5c, 0x71, 0x43, 0xed, 0x43, 0xed, 0x4c, 0x2f, 
	0x4b, 0xed, 0x4b, 0xed, 0x43, 0xed, 0x43, 0xab, 
	0x3b, 0xab, 0x3b, 0xab, 0x3b, 0xab, 0x3b, 0xab, 
	0x43, 0xef, 0x43, 0xef, 0x43, 0xef, 0x4c, 0x31, 
	0x4c, 0x33, 0x43, 0xf1, 0x43, 0xf1, 0x43, 0xf1, 
	0x43, 0xf3, 0x44, 0x33, 0x44, 0x35, 0x43, 0xf1, 
	0x5c, 0xb7, 0x7d, 0xfb, 0x7d, 0xfb, 0x7d, 0xfb, 
	0x7d, 0xbb, 0x86, 0x3d, 0x7d, 0xbb, 0x7d, 0xbb, 
	0x9e, 0xfd, 0xaf, 0x7f, 0xaf, 0x7f, 0xaf, 0x7f, 
	0xb7, 0xbf, 0xa6, 0xfd, 0x8e, 0x7d, 0xb7, 0xbf, 
	0xaf, 0x7f, 0x9e, 0xbd, 0x86, 0x3d, 0xaf, 0x7f, 
	0xc7, 0xff, 0xc7, 0xff, 0xaf, 0x3d, 0x8e, 0x7d, 
	0x75, 0xb9, 0x75, 0xb9, 0x75, 0xb9, 0x75, 0xb9, 
	0x6d, 0x7b, 0x6d, 0x7b, 0x65, 0x39, 0x5c, 0xb5, 
	0x43, 0xf1, 0x5c, 0xb5, 0x96, 0xbf, 0x96, 0xbf, 
	0x7d, 0xfd, 0x75, 0x7b, 0x75, 0x7b, 0x64, 0xf7, 
	0x6d, 0x39, 0x6d, 0x39, 0x7d, 0xfd, 0x6d, 0x39, 
	0x5c, 0xf7, 0x5c, 0xf7, 0x54, 0xb5, 0x54, 0xb5, 
	0x4c, 0x31, 0x4c, 0x31, 0x43, 0xef, 0x43, 0xaf, 
	0x4c, 0x31, 0x5c, 0xb5, 0x86, 0x3f, 0x86, 0x3f, 
	0x7d, 0xfb, 0x5c, 0xb5, 0x8e, 0xbf, 0x8e, 0xbf, 
	0x8e, 0x7d, 0x7d, 0xfb, 0x8e, 0x7d, 0x7d, 0xfb, 
	0x86, 0x3b, 0x86, 0x3b, 0x86, 0x3b, 0x75, 0x79, 
	0x6d, 0xbb, 0x5c, 0xf7, 0x43, 0xad, 0x43, 0xad, 
	0x33, 0x29, 0x33, 0x29, 0x2a, 0xe7, 0x2a, 0xe5, 
	0x2a, 0xe5, 0x2a, 0xe5, 0x2a, 0xe5, 0x2a, 0xe5, 
	0x2a, 0xe5, 0x2a, 0xe5, 0x22, 0xa3, 0x22, 0xa3, 
	0x22, 0xa3, 0x22, 0xa3, 0x22, 0xa3, 0x22, 0xa1, 
	0x22, 0xa1, 0x22, 0xa1, 0x22, 0xa1, 0x1a, 0x61, 
	0x1a, 0x61, 0x1a, 0x61, 0x1a, 0x61, 0x1a, 0x61, 
	0x1a, 0x61, 0x1a, 0x61, 0x1a, 0x61, 0x1a, 0x61, 
	0x1a, 0x5f, 0x1a, 0x5f, 0x1a, 0x5f, 0x1a, 0x5f, 
	0x1a, 0x5f, 0x1a, 0xa1, 0x1a, 0xa1, 0x1a, 0x5f, 
	0x1a, 0x5f, 0x1a, 0x5f, 0x1a, 0x5f, 0x1a, 0x5f, 
	0x1a, 0x5f, 0x1a, 0x5f, 0x1a, 0x5f, 0x1a, 0x5f, 
	0x12, 0x1d, 0x12, 0x5f, 0x12, 0x5f, 0x12, 0x1d, 
	0x1a, 0x5f, 0x1a, 0x5f, 0x12, 0x1d, 0x12, 0x1d, 
	0x09, 0xdb, 0x09, 0xdb, 0x09, 0xdb, 0x09, 0xdb, 
	0x09, 0xdb, 0x09, 0xdb, 0x09, 0xdb, 0x09, 0xdb, 
	0x09, 0xdd, 0x09, 0xdd, 0x09, 0xdd, 0x09, 0xdd, 
	0x1a, 0x63, 0x1a, 0x63, 0x1a, 0x63, 0x2b, 0x29, 
	0x33, 0x6d, 0x33, 0x6d, 0x33, 0x6d, 0x33, 0x6d, 
	0x33, 0x6b, 0x22, 0xe7, 0x33, 0x6b, 0x54, 0x73, 
	0x4c, 0x31, 0x43, 0xf1, 0x43, 0xf1, 0x43, 0xf1, 
	0x43, 0xef, 0x43, 0xef, 0x43, 0xef, 0x43, 0xef, 
	0x43, 0xef, 0x43, 0xef, 0x54, 0x73, 0x43, 0xef, 
	0x43, 0xed, 0x3b, 0xad, 0x3b, 0xad, 0x3b, 0xad, 
	0x33, 0xad, 0x33, 0xad, 0x33, 0xad, 0x33, 0xad, 
	0x3b, 0xad, 0x3b, 0xad, 0x3b, 0xad, 0x3b, 0xad, 
	0x3b, 0xad, 0x43, 0xef, 0x43, 0xef, 0x43, 0xef, 
	0x4c, 0x2f, 0x4c, 0x2f, 0x4c, 0x2f, 0x4c, 0x2f, 
	0x54, 0x6f, 0x54, 0x6f, 0x54, 0x6f, 0x54, 0x6f, 
	0x5c, 0x6f, 0x6c, 0xf3, 0x75, 0x75, 0x75, 0x75, 
	0x75, 0x75, 0x75, 0x75, 0x64, 0xf1, 0x64, 0xf1, 
	0x64, 0xb1, 0x6d, 0x33, 0x6d, 0x33, 0x6d, 0x33, 
	0x6d, 0x35, 0x5c, 0xb1, 0x5c, 0xb1, 0x6d, 0x35, 
	0x64, 0xb3, 0x64, 0xb3, 0x64, 0xb3, 0x64, 0xb3, 
	0x54, 0x71, 0x54, 0x71, 0x6c, 0xf3, 0x7d, 0x77, 
	0x65, 0x35, 0x4c, 0x2f, 0x43, 0xad, 0x43, 0xad, 
	0x4b, 0xed, 0x4b, 0xed, 0x54, 0x2f, 0x54, 0x2f, 
	0x4c, 0x2f, 0x4c, 0x2f, 0x4c, 0x2f, 0x54, 0x6f, 
	0x54, 0x71, 0x4c, 0x2f, 0x4c, 0x2f, 0x4c, 0x2f, 
	0x4c, 0x2f, 0x43, 0xed, 0x43, 0xed, 0x3b, 0xab, 
	0x43, 0xad, 0x43, 0xad, 0x43, 0xad, 0x5c, 0xb3, 
	0x65, 0x37, 0x43, 0xad, 0x43, 0xad, 0x43, 0xad, 
	0x43, 0xad, 0x43, 0xad, 0x43, 0xad, 0x43, 0xad, 
	0x3b, 0xad, 0x3b, 0xad, 0x3b, 0xad, 0x3b, 0xad, 
	0x3b, 0xad, 0x43, 0xaf, 0x43, 0xaf, 0x43, 0xaf, 
	0x43, 0xef, 0x43, 0xef, 0x43, 0xef, 0x3b, 0xad, 
	0x3b, 0xaf, 0x3b, 0xaf, 0x4c, 0x33, 0x5c, 0xb5, 
	0x7d, 0xbb, 0x75, 0x79, 0x75, 0x79, 0x7d, 0xbb, 
	0x6d, 0x37, 0x7d, 0xbb, 0x6d, 0x37, 0x7d, 0xbb, 
	0x9e, 0xfd, 0x9e, 0xfd, 0x9e, 0xfd, 0x9e, 0xfd, 
	0xa6, 0xfd, 0xa6, 0xfd, 0xa6, 0xfd, 0xb7, 0xbf, 
	0xaf, 0x7f, 0x9e, 0xbd, 0x75, 0xbb, 0x86, 0x3d, 
	0xc7, 0xff, 0xaf, 0x3d, 0xaf, 0x3d, 0xaf, 0x3d, 
	0x9e, 0xff, 0x75, 0xb9, 0x64, 0xf7, 0x64, 0xf7, 
	0x65, 0x39, 0x65, 0x39, 0x65, 0x39, 0x65, 0x39, 
	0x5c, 0xb5, 0x5c, 0xb5, 0x96, 0xbf, 0x7d, 0xbb, 
	0x64, 0xf7, 0x64, 0xf7, 0x64, 0xf7, 0x5c, 0xb5, 
	0x4c, 0x31, 0x4c, 0x31, 0x5c, 0xb5, 0x5c, 0xb5, 
	0x5c, 0xf7, 0x54, 0xb5, 0x54, 0x33, 0x4b, 0xf1, 
	0x43, 0xef, 0x43, 0xaf, 0x43, 0xaf, 0x3b, 0xad, 
	0x4c, 0x31, 0x75, 0x7b, 0x86, 0x3f, 0x86, 0x3f, 
	0x7d, 0xfb, 0x7d, 0xfb, 0x7d, 0xfb, 0x7d, 0xfb, 
	0x6d, 0x79, 0x6d, 0x79, 0x6d, 0x79, 0x6d, 0x79, 
	0x75, 0x79, 0x75, 0x79, 0x75, 0x79, 0x5c, 0xb5, 
	0x43, 0xad, 0x43, 0xad, 0x43, 0xad, 0x43, 0xad, 
	0x33, 0x29, 0x33, 0x27, 0x2a, 0xe7, 0x2a, 0xe5, 
	0x22, 0xa3, 0x22, 0xa3, 0x2a, 0xe5, 0x2a, 0xe5, 
	0x22, 0xa3, 0x22, 0xa3, 0x22, 0xa1, 0x22, 0xa1, 
	0x22, 0xa3, 0x22, 0xa1, 0x22, 0xa1, 0x1a, 0x61, 
	0x1a, 0x61, 0x1a, 0x61, 0x1a, 0x61, 0x1a, 0x61, 
	0x12, 0x5f, 0x12, 0x5f, 0x12, 0x5f, 0x12, 0x1d, 
	0x12, 0x5f, 0x12, 0x5f, 0x12, 0x1d, 0x12, 0x1d, 
	0x12, 0x1d, 0x12, 0x5d, 0x12, 0x5d, 0x1a, 0x5f, 
	0x1a, 0x5f, 0x1a, 0x5f, 0x1a, 0x5f, 0x1a, 0x5f, 
	0x12, 0x5d, 0x12, 0x5d, 0x1a, 0x5f, 0x12, 0x5d, 
	0x1a, 0x5f, 0x1a, 0x5f, 0x1a, 0x5f, 0x12, 0x1d, 
	0x12, 0x1d, 0x12, 0x1d, 0x0a, 0x1b, 0x0a, 0x1b, 
	0x12, 0x1d, 0x12, 0x1d, 0x12, 0x1d, 0x09, 0xd9, 
	0x09, 0xdb, 0x09, 0xdb, 0x09, 0xdb, 0x09, 0xdb, 
	0x09, 0xdb, 0x09, 0xdb, 0x1a, 0xa3, 0x33, 0x69, 
	0x33, 0x69, 0x33, 0x69, 0x33, 0x69, 0x33, 0x69, 
	0x43, 0xaf, 0x43, 0xaf, 0x43, 0xaf, 0x54, 0x75, 
	0x54, 0x73, 0x54, 0x73, 0x4c, 0x31, 0x4c, 0x31, 
	0x54, 0x73, 0x43, 0xef, 0x54, 0x73, 0x54, 0x73, 
	0x5c, 0xb3, 0x5c, 0xb3, 0x5c, 0xb3, 0x5c, 0xb3, 
	0x5c, 0xb5, 0x5c, 0xb5, 0x5c, 0xb5, 0x54, 0x73, 
	0x54, 0x73, 0x4c, 0x31, 0x43, 0xef, 0x3b, 0xad, 
	0x3b, 0xad, 0x33, 0x6d, 0x33, 0x6d, 0x33, 0x6d, 
	0x33, 0x6d, 0x33, 0x6d, 0x33, 0x6b, 0x33, 0x6d, 
	0x2b, 0x2b, 0x2b, 0x2b, 0x33, 0x6d, 0x33, 0x6d, 
	0x3b, 0xad, 0x3b, 0xad, 0x3b, 0xad, 0x43, 0xef, 
	0x4c, 0x2f, 0x4c, 0x2f, 0x4c, 0x2f, 0x4c, 0x2f, 
	0x54, 0x6f, 0x54, 0x6f, 0x54, 0x6f, 0x5c, 0xb1, 
	0x6c, 0xf3, 0x86, 0x39, 0x86, 0x39, 0x86, 0x39, 
	0x85, 0xf9, 0x85, 0xf9, 0x75, 0x75, 0x85, 0xf9, 
	0x6d, 0x33, 0x64, 0xb1, 0x6d, 0x33, 0x64, 0xb1, 
	0x5c, 0xb1, 0x54, 0x2d, 0x54, 0x2d, 0x5c, 0xb1, 
	0x64, 0xb3, 0x75, 0x35, 0x75, 0x35, 0x75, 0x35, 
	0x43, 0xed, 0x54, 0x71, 0x54, 0x71, 0x6c, 0xf3, 
	0x65, 0x35, 0x5c, 0xb3, 0x4c, 0x2f, 0x4c, 0x2f, 
	0x4b, 0xed, 0x43, 0xad, 0x3b, 0x6b, 0x3b, 0x6b, 
	0x43, 0xed, 0x43, 0xed, 0x4c, 0x2f, 0x54, 0x6f, 
	0x54, 0x71, 0x54, 0x71, 0x54, 0x71, 0x54, 0x71, 
	0x4c, 0x2f, 0x4c, 0x2f, 0x43, 0xed, 0x3b, 0xab, 
	0x33, 0x29, 0x33, 0x29, 0x33, 0x29, 0x4c, 0x2f, 
	0x75, 0xfb, 0x54, 0x71, 0x43, 0xad, 0x43, 0xad, 
	0x3b, 0xab, 0x3b, 0xab, 0x3b, 0xab, 0x3b, 0xab, 
	0x3b, 0x6b, 0x3b, 0x6b, 0x3b, 0xad, 0x3b, 0xad, 
	0x3b, 0xad, 0x3b, 0xad, 0x3b, 0xad, 0x43, 0xaf, 
	0x43, 0xaf, 0x43, 0xef, 0x43, 0xef, 0x43, 0xaf, 
	0x3b, 0xaf, 0x3b, 0xaf, 0x4c, 0x33, 0x6d, 0x39, 
	0x7d, 0xbb, 0x75, 0x79, 0x5c, 0xb5, 0x75, 0x79, 
	0x6d, 0x37, 0x64, 0xf5, 0x6d, 0x37, 0x7d, 0xbb, 
	0x8e, 0x3b, 0x8e, 0x3b, 0x8e, 0x3b, 0x8e, 0x3b, 
	0x8e, 0x7d, 0x8e, 0x7d, 0x8e, 0x7d, 0xa6, 0xfd, 
	0xaf, 0x7f, 0x9e, 0xbd, 0x9e, 0xbd, 0xaf, 0x7f, 
	0xaf, 0x3d, 0xaf, 0x3d, 0xaf, 0x3d, 0x8e, 0x7d, 
	0x9e, 0xff, 0x8e, 0x3d, 0x64, 0xf7, 0x64, 0xf7, 
	0x64, 0xf7, 0x64, 0xf7, 0x65, 0x39, 0x65, 0x39, 
	0x5c, 0xb5, 0x5c, 0xb5, 0x7d, 0xbb, 0x7d, 0xbb, 
	0x64, 0xf7, 0x64, 0xf7, 0x64, 0xf7, 0x5c, 0xb5, 
	0x4c, 0x31, 0x4c, 0x31, 0x4c, 0x31, 0x4c, 0x31, 
	0x54, 0x33, 0x4b, 0xf1, 0x4b, 0xf1, 0x4b, 0xf1, 
	0x43, 0xef, 0x43, 0xaf, 0x3b, 0xad, 0x43, 0xaf, 
	0x4c, 0x31, 0x5c, 0xb5, 0x75, 0x7b, 0x75, 0x7b, 
	0x6d, 0x39, 0x7d, 0xfb, 0x7d, 0xfb, 0x7d, 0xfb, 
	0x6d, 0x79, 0x7d, 0xfb, 0x8e, 0x7d, 0x8e, 0x7d, 
	0x86, 0x3b, 0x75, 0x79, 0x5c, 0xb5, 0x5c, 0xb5, 
	0x54, 0x71, 0x54, 0x71, 0x43, 0xad, 0x43, 0xad, 
	0x33, 0x29, 0x33, 0x27, 0x2a, 0xe7, 0x2a, 0xe5, 
	0x22, 0xa3, 0x22, 0xa3, 0x22, 0xa3, 0x22, 0xa3, 
	0x22, 0xa1, 0x22, 0xa1, 0x22, 0xa1, 0x1a, 0x5f, 
	0x1a, 0x61, 0x1a, 0x61, 0x1a, 0x61, 0x1a, 0x5f, 
	0x12, 0x5f, 0x1a, 0x61, 0x12, 0x5f, 0x12, 0x5f, 
	0x12, 0x1d, 0x12, 0x1d, 0x12, 0x1d, 0x12, 0x1d, 
	0x12, 0x1d, 0x12, 0x1d, 0x0a, 0x1b, 0x0a, 0x1b, 
	0x12, 0x1d, 0x12, 0x1d, 0x12, 0x1d, 0x1a, 0x5f, 
	0x12, 0x5f, 0x12, 0x5f, 0x12, 0x1d, 0x12, 0x5f, 
	0x12, 0x5d, 0x12, 0x1d, 0x12, 0x5d, 0x12, 0x1d, 
	0x12, 0x1d, 0x12, 0x1d, 0x12, 0x1d, 0x12, 0x1d, 
	0x0a, 0x1b, 0x0a, 0x1b, 0x0a, 0x1b, 0x0a, 0x1b, 
	0x12, 0x1d, 0x12, 0x1d, 0x12, 0x1d, 0x12, 0x1d, 
	0x09, 0xdb, 0x09, 0xdb, 0x12, 0x61, 0x12, 0x61, 
	0x1a, 0xa3, 0x33, 0x69, 0x33, 0x69, 0x44, 0x31, 
	0x5c, 0xb3, 0x5c, 0xb3, 0x5c, 0xb3, 0x5c, 0xb3, 
	0x54, 0x75, 0x54, 0x75, 0x54, 0x75, 0x54, 0x75, 
	0x54, 0x73, 0x54, 0x73, 0x54, 0x73, 0x54, 0x73, 
	0x54, 0x73, 0x54, 0x73, 0x54, 0x73, 0x54, 0x73, 
	0x54, 0x73, 0x54, 0x73, 0x54, 0x73, 0x54, 0x73, 
	0x54, 0x73, 0x54, 0x73, 0x54, 0x73, 0x4c, 0x31, 
	0x4c, 0x31, 0x43, 0xef, 0x3b, 0xad, 0x3b, 0xad, 
	0x3b, 0xad, 0x3b, 0xad, 0x3b, 0xad, 0x3b, 0xad, 
	0x33, 0xad, 0x33, 0x6d, 0x33, 0x6d, 0x33, 0x6b, 
	0x2b, 0x2b, 0x2b, 0x2b, 0x2b, 0x2b, 0x2b, 0x2b, 
	0x2b, 0x6b, 0x3b, 0xad, 0x3b, 0xad, 0x3b, 0xad, 
	0x4c, 0x2f, 0x4c, 0x2f, 0x64, 0xf3, 0x5c, 0x71, 
	0x4c, 0x2f, 0x4c, 0x2f, 0x4c, 0x2f, 0x64, 0xb1, 
	0x6c, 0xf3, 0x75, 0x75, 0x75, 0x75, 0x75, 0x75, 
	0x75, 0x75, 0x64, 0xf1, 0x64, 0xf1, 0x54, 0x6d, 
	0x64, 0xb1, 0x64, 0xb1, 0x64, 0xb1, 0x54, 0x6d, 
	0x54, 0x2d, 0x54, 0x2d, 0x54, 0x2d, 0x54, 0x2d, 
	0x54, 0x6f, 0x54, 0x6f, 0x54, 0x6f, 0x54, 0x6f, 
	0x43, 0xed, 0x43, 0xed, 0x54, 0x71, 0x6c, 0xf3, 
	0x65, 0x35, 0x5c, 0xb3, 0x4c, 0x2f, 0x43, 0xad, 
	0x3b, 0x6b, 0x43, 0xad, 0x43, 0xad, 0x3b, 0x6b, 
	0x3b, 0xad, 0x43, 0xed, 0x43, 0xed, 0x4c, 0x2f, 
	0x4c, 0x2f, 0x54, 0x71, 0x4c, 0x2f, 0x4c, 0x2f, 
	0x4c, 0x2f, 0x43, 0xed, 0x3b, 0xab, 0x3b, 0xab, 
	0x33, 0x29, 0x33, 0x29, 0x33, 0x29, 0x4c, 0x2f, 
	0x54, 0x71, 0x54, 0x71, 0x43, 0xad, 0x43, 0xad, 
	0x3b, 0x6b, 0x3b, 0x6b, 0x3b, 0x6b, 0x3b, 0x6b, 
	0x33, 0x6b, 0x33, 0x6b, 0x3b, 0x6b, 0x3b, 0x6b, 
	0x3b, 0x6d, 0x3b, 0xad, 0x3b, 0xad, 0x43, 0xaf, 
	0x43, 0xaf, 0x43, 0xaf, 0x43, 0xaf, 0x43, 0xef, 
	0x4c, 0x33, 0x3b, 0xaf, 0x3b, 0xaf, 0x5c, 0xb5, 
	0x5c, 0xb5, 0x5c, 0xb5, 0x5c, 0xb5, 0x75, 0x79, 
	0x7d, 0xbb, 0x64, 0xf5, 0x6d, 0x37, 0x7d, 0xbb, 
	0x7d, 0xb9, 0x7d, 0xb9, 0x7d, 0xb9, 0x7d, 0xb9, 
	0x7d, 0xbb, 0x7d, 0xbb, 0x8e, 0x7d, 0x8e, 0x7d, 
	0x9e, 0xbd, 0x9e, 0xbd, 0xaf, 0x7f, 0xaf, 0x7f, 
	0x8e, 0x7d, 0x8e, 0x7d, 0x75, 0xbb, 0x75, 0xbb, 
	0x8e, 0x3d, 0x9e, 0xff, 0x75, 0xb9, 0x64, 0xf7, 
	0x5c, 0xb5, 0x5c, 0xb5, 0x5c, 0xb5, 0x64, 0xf7, 
	0x5c, 0xb5, 0x43, 0xf1, 0x5c, 0xb5, 0x5c, 0xb5, 
	0x5c, 0xb5, 0x5c, 0xb5, 0x5c, 0xb5, 0x5c, 0xb5, 
	0x4c, 0x31, 0x4c, 0x31, 0x4c, 0x31, 0x4c, 0x31, 
	0x4b, 0xf1, 0x4b, 0xf1, 0x4b, 0xf1, 0x54, 0x33, 
	0x43, 0xaf, 0x3b, 0xad, 0x3b, 0xad, 0x4c, 0x31, 
	0x4c, 0x31, 0x4c, 0x31, 0x5c, 0xb5, 0x5c, 0xb5, 
	0x6d, 0x39, 0x6d, 0x39, 0x6d, 0x39, 0x6d, 0x39, 
	0x7d, 0xfb, 0x7d, 0xfb, 0x8e, 0x7d, 0x9e, 0xff, 
	0x9e, 0xff, 0x86, 0x3b, 0x75, 0x79, 0x5c, 0xb5, 
	0x54, 0x71, 0x54, 0x71, 0x43, 0xad, 0x43, 0xad, 
	0x33, 0x29, 0x33, 0x27, 0x2a, 0xe7, 0x2a, 0xe5, 
	0x22, 0xa3, 0x22, 0xa3, 0x22, 0xa3, 0x1a, 0x61, 
	0x1a, 0x5f, 0x1a, 0x5f, 0x1a, 0x5f, 0x1a, 0x5f, 
	0x1a, 0x5f, 0x1a, 0x5f, 0x1a, 0x5f, 0x1a, 0x5f, 
	0x12, 0x5f, 0x12, 0x5f, 0x12, 0x5f, 0x12, 0x5f, 
	0x12, 0x1d, 0x12, 0x1d, 0x0a, 0x1b, 0x0a, 0x1b, 
	0x0a, 0x1b, 0x0a, 0x1b, 0x0a, 0x1b, 0x12, 0x1d, 
	0x12, 0x1d, 0x12, 0x1d, 0x12, 0x1d, 0x12, 0x1d, 
	0x12, 0x1d, 0x12, 0x1d, 0x12, 0x1d, 0x12, 0x1d, 
	0x12, 0x1d, 0x0a, 0x1b, 0x0a, 0x1b, 0x0a, 0x1b, 
	0x09, 0xdb, 0x09, 0xdb, 0x09, 0xdb, 0x09, 0xdb, 
	0x12, 0x1d, 0x12, 0x1d, 0x12, 0x5f, 0x1a, 0x61, 
	0x22, 0xa3, 0x22, 0xa3, 0x22, 0xa3, 0x22, 0xa3, 
	0x22, 0xa5, 0x12, 0x61, 0x22, 0xa5, 0x2b, 0x2b, 
	0x44, 0x31, 0x33, 0x69, 0x33, 0x69, 0x44, 0x31, 
	0x5c, 0xb3, 0x5c, 0xb3, 0x5c, 0xb3, 0x5c, 0xb3, 
	0x54, 0x75, 0x54, 0x75, 0x54, 0x75, 0x54, 0x75, 
	0x54, 0x73, 0x54, 0x73, 0x54, 0x73, 0x54, 0x73, 
	0x54, 0x73, 0x54, 0x73, 0x54, 0x73, 0x54, 0x73, 
	0x4c, 0x31, 0x54, 0x73, 0x54, 0x73, 0x54, 0x73, 
	0x4c, 0x31, 0x4c, 0x31, 0x4c, 0x31, 0x4c, 0x31, 
	0x43, 0xef, 0x43, 0xef, 0x43, 0xef, 0x3b, 0xad, 
	0x3b, 0xad, 0x3b, 0xad, 0x3b, 0xad, 0x3b, 0xad, 
	0x33, 0x6b, 0x33, 0x6b, 0x33, 0x6d, 0x33, 0x6d, 
	0x43, 0xef, 0x43, 0xef, 0x33, 0x6d, 0x43, 0xef, 
	0x54, 0x31, 0x54, 0x31, 0x54, 0x31, 0x43, 0xef, 
	0x4c, 0x2f, 0x64, 0xf3, 0x75, 0x35, 0x75, 0x35, 
	0x64, 0xb1, 0x54, 0x6f, 0x54, 0x6f, 0x5c, 0xb1, 
	0x5c, 0x6f, 0x5c, 0x6f, 0x5c, 0x6f, 0x5c, 0x6f, 
	0x54, 0x6d, 0x54, 0x6d, 0x54, 0x6d, 0x64, 0xf1, 
	0x64, 0xb1, 0x64, 0xb1, 0x54, 0x6d, 0x4b, 0xeb, 
	0x43, 0xa9, 0x43, 0xa9, 0x54, 0x2d, 0x54, 0x2d, 
	0x54, 0x6f, 0x54, 0x6f, 0x54, 0x6f, 0x43, 0xed, 
	0x43, 0xed, 0x43, 0xed, 0x43, 0xed, 0x54, 0x71, 
	0x5c, 0xb3, 0x65, 0x35, 0x5c, 0xb3, 0x43, 0xad, 
	0x3b, 0x6b, 0x4b, 0xed, 0x3b, 0x6b, 0x3b, 0x6b, 
	0x3b, 0xad, 0x3b, 0xad, 0x3b, 0xad, 0x43, 0xed, 
	0x54, 0x71, 0x4c, 0x2f, 0x4c, 0x2f, 0x43, 0xef, 
	0x3b, 0xab, 0x3b, 0xab, 0x33, 0x69, 0x33, 0x69, 
	0x33, 0x29, 0x43, 0xad, 0x5c, 0xb3, 0x5c, 0xb3, 
	0x43, 0xad, 0x43, 0xad, 0x54, 0x71, 0x43, 0xad, 
	0x3b, 0x6b, 0x33, 0x69, 0x33, 0x69, 0x3b, 0x6b, 
	0x33, 0x6b, 0x33, 0x6b, 0x33, 0x29, 0x33, 0x6b, 
	0x33, 0x6b, 0x3b, 0x6d, 0x3b, 0xad, 0x3b, 0xad, 
	0x3b, 0xad, 0x3b, 0xad, 0x43, 0xaf, 0x43, 0xaf, 
	0x3b, 0xaf, 0x3b, 0xaf, 0x3b, 0xaf, 0x5c, 0xb5, 
	0x7d, 0xbb, 0x64, 0xf7, 0x7d, 0xbb, 0x7d, 0xbb, 
	0x85, 0xfb, 0x75, 0x77, 0x64, 0xb5, 0x75, 0x77, 
	0x6d, 0x37, 0x64, 0xf5, 0x5c, 0xb3, 0x6d, 0x37, 
	0x64, 0xb5, 0x7d, 0xb9, 0x96, 0x7f, 0x96, 0x7f, 
	0x9e, 0xbf, 0x9e, 0xbf, 0x9e, 0xbf, 0x85, 0xfb, 
	0x7d, 0xbb, 0x7d, 0xbb, 0x6c, 0xf7, 0x6c, 0xf7, 
	0x7d, 0xb9, 0x7d, 0xb9, 0x7d, 0xb9, 0x7d, 0xb9, 
	0x6d, 0x37, 0x5c, 0x71, 0x6d, 0x37, 0x6d, 0x37, 
	0x5c, 0xb3, 0x43, 0xf1, 0x43, 0xf1, 0x43, 0xf1, 
	0x4c, 0x31, 0x4c, 0x31, 0x43, 0xaf, 0x4c, 0x31, 
	0x4c, 0x31, 0x4c, 0x31, 0x43, 0xef, 0x43, 0xef, 
	0x43, 0xaf, 0x43, 0xaf, 0x43, 0xaf, 0x43, 0xaf, 
	0x3b, 0xad, 0x33, 0x6b, 0x33, 0x6b, 0x43, 0xef, 
	0x54, 0x33, 0x54, 0x33, 0x54, 0x33, 0x5c, 0xb5, 
	0x5c, 0xb5, 0x5c, 0xb5, 0x75, 0x39, 0x75, 0x39, 
	0x75, 0x79, 0x75, 0x79, 0x75, 0x79, 0x86, 0x3f, 
	0x7d, 0xfd, 0x6d, 0x39, 0x6d, 0x39, 0x5c, 0xb3, 
	0x54, 0x31, 0x3b, 0x6b, 0x3b, 0x6b, 0x3b, 0x6b, 
	0x3b, 0x69, 0x2a, 0xe5, 0x2a, 0xe5, 0x2a, 0xe5, 
	0x22, 0xa1, 0x22, 0xa1, 0x22, 0xa1, 0x22, 0xa1, 
	0x1a, 0x61, 0x1a, 0x61, 0x1a, 0x61, 0x1a, 0x61, 
	0x1a, 0x5f, 0x1a, 0x5f, 0x1a, 0x5f, 0x1a, 0x5f, 
	0x12, 0x1d, 0x12, 0x1d, 0x12, 0x1d, 0x12, 0x1d, 
	0x12, 0x1f, 0x12, 0x1f, 0x12, 0x1f, 0x12, 0x1f, 
	0x09, 0xdb, 0x09, 0xdb, 0x09, 0xdb, 0x09, 0xdb, 
	0x12, 0x1d, 0x12, 0x1d, 0x12, 0x1d, 0x12, 0x1d, 
	0x09, 0xdd, 0x09, 0xdd, 0x09, 0xdd, 0x09, 0xdd, 
	0x12, 0x1d, 0x12, 0x1d, 0x12, 0x1d, 0x12, 0x1d, 
	0x0a, 0x1f, 0x22, 0xe7, 0x0a, 0x1f, 0x0a, 0x1f, 
	0x22, 0xa3, 0x3b, 0xab, 0x3b, 0xab, 0x3b, 0xab, 
	0x3b, 0x6b, 0x2a, 0xe7, 0x2a, 0xe7, 0x2a, 0xe7, 
	0x33, 0x6d, 0x33, 0x6d, 0x43, 0xef, 0x4c, 0x33, 
	0x4c, 0x33, 0x4c, 0x33, 0x54, 0x75, 0x54, 0x75, 
	0x54, 0x73, 0x54, 0x73, 0x54, 0x73, 0x4c, 0x73, 
	0x4c, 0x73, 0x54, 0x73, 0x54, 0x73, 0x4c, 0x73, 
	0x4c, 0x33, 0x4c, 0x33, 0x4c, 0x33, 0x4c, 0x33, 
	0x5c, 0x73, 0x5c, 0x73, 0x5c, 0x73, 0x43, 0xf1, 
	0x54, 0x71, 0x54, 0x71, 0x54, 0x71, 0x54, 0x71, 
	0x54, 0x71, 0x54, 0x71, 0x43, 0xf1, 0x43, 0xf1, 
	0x43, 0xef, 0x43, 0xef, 0x43, 0xef, 0x43, 0xef, 
	0x3b, 0xab, 0x3b, 0xab, 0x3b, 0xab, 0x3b, 0xab, 
	0x33, 0x6b, 0x33, 0x6b, 0x43, 0xed, 0x43, 0xed, 
	0x54, 0x6f, 0x54, 0x6f, 0x54, 0x6f, 0x64, 0xf3, 
	0x5c, 0xb1, 0x54, 0x6f, 0x5c, 0x6f, 0x54, 0x6f, 
	0x5c, 0x6f, 0x5c, 0xaf, 0x64, 0xb1, 0x64, 0xf1, 
	0x6c, 0xf1, 0x6d, 0x33, 0x64, 0xf1, 0x64, 0xaf, 
	0x54, 0x2d, 0x54, 0x2d, 0x54, 0x2d, 0x54, 0x2d, 
	0x4c, 0x2d, 0x4c, 0x2d, 0x4c, 0x2d, 0x4c, 0x2d, 
	0x5c, 0xaf, 0x5c, 0xaf, 0x5c, 0xaf, 0x5c, 0xaf, 
	0x54, 0x6f, 0x43, 0xeb, 0x43, 0xeb, 0x43, 0xeb, 
	0x43, 0xeb, 0x4c, 0x2d, 0x4c, 0x2d, 0x43, 0xeb, 
	0x43, 0xab, 0x43, 0xab, 0x4c, 0x2d, 0x5c, 0x71, 
	0x54, 0x2f, 0x5c, 0xb1, 0x5c, 0xb1, 0x54, 0x2f, 
	0x54, 0x2f, 0x54, 0x2f, 0x43, 0xeb, 0x43, 0xeb, 
	0x43, 0xad, 0x43, 0xad, 0x43, 0xad, 0x43, 0xad, 
	0x43, 0xed, 0x54, 0x71, 0x43, 0xed, 0x43, 0xed, 
	0x43, 0xed, 0x43, 0xed, 0x3b, 0xab, 0x33, 0x29, 
	0x3b, 0x69, 0x54, 0x71, 0x54, 0x71, 0x4c, 0x2f, 
	0x43, 0xed, 0x43, 0xad, 0x43, 0xed, 0x43, 0xed, 
	0x3b, 0xad, 0x3b, 0x6b, 0x33, 0x6b, 0x33, 0x6b, 
	0x33, 0x69, 0x33, 0x29, 0x33, 0x29, 0x33, 0x29, 
	0x33, 0x6b, 0x33, 0x6b, 0x33, 0x6b, 0x3b, 0x6b, 
	0x3b, 0x6b, 0x3b, 0x6b, 0x3b, 0x6b, 0x3b, 0x6b, 
	0x3b, 0xaf, 0x3b, 0xaf, 0x3b, 0xaf, 0x54, 0x73, 
	0x8e, 0x3d, 0x7d, 0xb9, 0x8e, 0x3d, 0x8e, 0x3d, 
	0x75, 0x77, 0x75, 0x77, 0x75, 0x77, 0x75, 0x77, 
	0x6d, 0x37, 0x5c, 0xb3, 0x54, 0x71, 0x54, 0x71, 
	0x64, 0xb5, 0x64, 0xb5, 0x7d, 0xb9, 0x7d, 0xb9, 
	0x85, 0xfb, 0x85, 0xfb, 0x85, 0xfb, 0x85, 0xfb, 
	0x7d, 0xbb, 0x6c, 0xf7, 0x54, 0x71, 0x54, 0x71, 
	0x64, 0xf3, 0x64, 0xf3, 0x64, 0xf3, 0x64, 0xf3, 
	0x6d, 0x37, 0x5c, 0x71, 0x6d, 0x37, 0x6d, 0x37, 
	0x6d, 0x37, 0x43, 0xf1, 0x33, 0x6d, 0x43, 0xf1, 
	0x43, 0xaf, 0x3b, 0x6b, 0x3b, 0x6b, 0x43, 0xaf, 
	0x4c, 0x31, 0x43, 0xef, 0x3b, 0xad, 0x3b, 0xad, 
	0x3b, 0x6d, 0x3b, 0x6d, 0x3b, 0x6d, 0x3b, 0x6d, 
	0x33, 0x6b, 0x2a, 0xe9, 0x33, 0x6b, 0x3b, 0xad, 
	0x43, 0xef, 0x43, 0xef, 0x54, 0x33, 0x5c, 0xb5, 
	0x85, 0xfd, 0x85, 0xfd, 0x85, 0xfd, 0x85, 0xfd, 
	0x75, 0x79, 0x75, 0x79, 0x75, 0x79, 0x75, 0x79, 
	0x7d, 0xfd, 0x7d, 0xfd, 0x7d, 0xfd, 0x7d, 0xfd, 
	0x7d, 0xbb, 0x64, 0xf5, 0x54, 0x31, 0x3b, 0x6b, 
	0x3b, 0x69, 0x3b, 0x69, 0x2a, 0xe5, 0x2a, 0xe5, 
	0x22, 0xa1, 0x22, 0xa1, 0x22, 0xa1, 0x22, 0xa1, 
	0x1a, 0x61, 0x1a, 0x61, 0x1a, 0x61, 0x1a, 0x61, 
	0x1a, 0x5f, 0x1a, 0x5f, 0x1a, 0x5f, 0x1a, 0x5f, 
	0x12, 0x1d, 0x12, 0x1d, 0x12, 0x1d, 0x12, 0x1d, 
	0x12, 0x1f, 0x12, 0x1f, 0x12, 0x1f, 0x12, 0x1f, 
	0x09, 0xdb, 0x09, 0xdb, 0x09, 0xdb, 0x09, 0xdb, 
	0x12, 0x1d, 0x12, 0x1d, 0x12, 0x1d, 0x12, 0x1d, 
	0x09, 0xdd, 0x09, 0xdd, 0x09, 0xdd, 0x09, 0xdd, 
	0x12, 0x1d, 0x12, 0x1d, 0x12, 0x1d, 0x12, 0x1d, 
	0x22, 0xe7, 0x5c, 0xb5, 0x5c, 0xb5, 0x5c, 0xb5, 
	0x5c, 0xb5, 0x5c, 0xb5, 0x5c, 0xb5, 0x5c, 0xb5, 
	0x54, 0x73, 0x54, 0x73, 0x54, 0x73, 0x54, 0x73, 
	0x5c, 0xb5, 0x5c, 0xb5, 0x5c, 0xb5, 0x5c, 0xb5, 
	0x54, 0x75, 0x54, 0x75, 0x54, 0x75, 0x4c, 0x33, 
	0x4c, 0x73, 0x4c, 0x73, 0x4c, 0x33, 0x4c, 0x33, 
	0x4c, 0x73, 0x4c, 0x73, 0x54, 0x73, 0x4c, 0x73, 
	0x4c, 0x33, 0x4c, 0x33, 0x4c, 0x33, 0x4c, 0x33, 
	0x43, 0xf1, 0x43, 0xf1, 0x43, 0xf1, 0x43, 0xf1, 
	0x43, 0xf1, 0x43, 0xf1, 0x43, 0xf1, 0x43, 0xf1, 
	0x43, 0xf1, 0x43, 0xf1, 0x43, 0xf1, 0x43, 0xf1, 
	0x43, 0xef, 0x43, 0xef, 0x43, 0xef, 0x43, 0xef, 
	0x3b, 0xab, 0x22, 0xe7, 0x22, 0xe7, 0x3b, 0xab, 
	0x6c, 0xf1, 0x43, 0xed, 0x43, 0xed, 0x43, 0xed, 
	0x4c, 0x2d, 0x54, 0x6f, 0x54, 0x6f, 0x54, 0x6f, 
	0x5c, 0x6f, 0x5c, 0x6f, 0x54, 0x6f, 0x54, 0x6f, 
	0x5c, 0x6f, 0x5c, 0xaf, 0x64, 0xb1, 0x64, 0xb1, 
	0x64, 0xf1, 0x6c, 0xf1, 0x6c, 0xf1, 0x6d, 0x33, 
	0x6d, 0x33, 0x64, 0xaf, 0x54, 0x2d, 0x54, 0x2d, 
	0x4c, 0x2d, 0x4c, 0x2d, 0x4c, 0x2d, 0x4c, 0x2d, 
	0x54, 0x2d, 0x54, 0x2d, 0x5c, 0xaf, 0x5c, 0xaf, 
	0x54, 0x6f, 0x54, 0x6f, 0x43, 0xeb, 0x43, 0xeb, 
	0x43, 0xeb, 0x4c, 0x2d, 0x4c, 0x2d, 0x4c, 0x2d, 
	0x5c, 0x71, 0x4c, 0x2d, 0x43, 0xab, 0x4c, 0x2d, 
	0x43, 0xab, 0x43, 0xab, 0x43, 0xab, 0x5c, 0xb1, 
	0x5c, 0xb1, 0x54, 0x2f, 0x43, 0xeb, 0x43, 0xeb, 
	0x3b, 0x6b, 0x54, 0x2d, 0x54, 0x2d, 0x43, 0xad, 
	0x43, 0xed, 0x43, 0xed, 0x43, 0xed, 0x43, 0xed, 
	0x43, 0xed, 0x43, 0xed, 0x3b, 0xab, 0x43, 0xed, 
	0x54, 0x71, 0x54, 0x71, 0x43, 0xab, 0x3b, 0x69, 
	0x3b, 0x6b, 0x3b, 0x6b, 0x43, 0xed, 0x43, 0xed, 
	0x3b, 0xad, 0x3b, 0xad, 0x33, 0x6b, 0x33, 0x6b, 
	0x33, 0x69, 0x33, 0x29, 0x33, 0x29, 0x33, 0x29, 
	0x33, 0x29, 0x33, 0x6b, 0x33, 0x29, 0x33, 0x6b, 
	0x3b, 0x6b, 0x3b, 0x6b, 0x3b, 0x6b, 0x43, 0xed, 
	0x64, 0xf7, 0x54, 0x73, 0x3b, 0xaf, 0x64, 0xf7, 
	0x7d, 0xb9, 0x7d, 0xb9, 0x8e, 0x3d, 0x7d, 0xb9, 
	0x64, 0xb5, 0x64, 0xb5, 0x64, 0xb5, 0x64, 0xb5, 
	0x6d, 0x37, 0x6d, 0x37, 0x64, 0xf5, 0x54, 0x71, 
	0x4b, 0xef, 0x4b, 0xef, 0x64, 0xb5, 0x64, 0xb5, 
	0x64, 0xf5, 0x64, 0xf5, 0x64, 0xf5, 0x64, 0xf5, 
	0x54, 0x71, 0x54, 0x71, 0x43, 0xad, 0x43, 0xad, 
	0x4c, 0x2f, 0x4c, 0x2f, 0x4c, 0x2f, 0x4c, 0x2f, 
	0x43, 0xad, 0x43, 0xad, 0x5c, 0x71, 0x5c, 0x71, 
	0x6d, 0x37, 0x5c, 0xb3, 0x33, 0x6d, 0x33, 0x6d, 
	0x3b, 0x6b, 0x3b, 0x6b, 0x33, 0x29, 0x3b, 0x6b, 
	0x3b, 0xad, 0x3b, 0xad, 0x43, 0xef, 0x43, 0xef, 
	0x43, 0xaf, 0x3b, 0x6d, 0x33, 0x6b, 0x2b, 0x29, 
	0x2a, 0xe9, 0x2a, 0xe9, 0x33, 0x6b, 0x3b, 0xad, 
	0x3b, 0x6d, 0x3b, 0x6d, 0x43, 0xef, 0x5c, 0xb5, 
	0x85, 0xfd, 0x85, 0xfd, 0x85, 0xfd, 0x75, 0x39, 
	0x5c, 0xb5, 0x5c, 0xb5, 0x5c, 0xb5, 0x75, 0x79, 
	0x6d, 0x39, 0x6d, 0x39, 0x6d, 0x39, 0x7d, 0xfd, 
	0x7d, 0xbb, 0x7d, 0xbb, 0x64, 0xf5, 0x64, 0xf5, 
	0x43, 0xef, 0x43, 0xef, 0x3b, 0x69, 0x3b, 0x69, 
	0x33, 0x69, 0x33, 0x69, 0x33, 0x69, 0x33, 0x69, 
	0x33, 0x27, 0x33, 0x27, 0x1a, 0x61, 0x1a, 0x61, 
	0x2a, 0xe5, 0x2a, 0xe5, 0x1a, 0x5f, 0x1a, 0x5f, 
	0x22, 0xa3, 0x22, 0xa3, 0x22, 0xa3, 0x22, 0xa3, 
	0x12, 0x1f, 0x12, 0x1f, 0x12, 0x1f, 0x22, 0xe7, 
	0x2a, 0xe5, 0x2a, 0xe5, 0x2a, 0xe5, 0x2a, 0xe5, 
	0x12, 0x1d, 0x43, 0xef, 0x43, 0xef, 0x43, 0xef, 
	0x33, 0x69, 0x33, 0x69, 0x33, 0x69, 0x09, 0xdd, 
	0x22, 0xa3, 0x12, 0x1d, 0x12, 0x1d, 0x12, 0x1d, 
	0x0a, 0x1f, 0x22, 0xe7, 0x5c, 0xb5, 0x5c, 0xb5, 
	0x5c, 0xb5, 0x5c, 0xb5, 0x5c, 0xb5, 0x5c, 0xb5, 
	0x54, 0x73, 0x54, 0x73, 0x54, 0x73, 0x54, 0x73, 
	0x5c, 0xb5, 0x4c, 0x33, 0x4c, 0x33, 0x4c, 0x33, 
	0x4c, 0x33, 0x4c, 0x33, 0x4c, 0x33, 0x4c, 0x33, 
	0x44, 0x33, 0x4c, 0x33, 0x4c, 0x33, 0x4c, 0x73, 
	0x4c, 0x73, 0x4c, 0x73, 0x4c, 0x73, 0x44, 0x33, 
	0x4c, 0x33, 0x4c, 0x33, 0x4c, 0x33, 0x64, 0xb3, 
	0x6c, 0xf3, 0x5c, 0x73, 0x5c, 0x73, 0x5c, 0x73, 
	0x54, 0x71, 0x54, 0x71, 0x43, 0xf1, 0x43, 0xf1, 
	0x43, 0xf1, 0x43, 0xf1, 0x43, 0xf1, 0x43, 0xf1, 
	0x43, 0xef, 0x5c, 0x71, 0x6c, 0xf3, 0x6c, 0xf3, 
	0x54, 0x6f, 0x54, 0x6f, 0x54, 0x6f, 0x6d, 0x33, 
	0x6c, 0xf1, 0x5c, 0x6f, 0x43, 0xed, 0x43, 0xed, 
	0x4c, 0x2d, 0x4c, 0x2d, 0x4c, 0x2d, 0x4c, 0x2d, 
	0x5c, 0x6f, 0x5c, 0xb1, 0x54, 0x6f, 0x54, 0x2d, 
	0x5c, 0x6f, 0x5c, 0x6f, 0x5c, 0xaf, 0x64, 0xf1, 
	0x64, 0xf1, 0x64, 0xf1, 0x64, 0xf1, 0x6c, 0xf1, 
	0x6d, 0x33, 0x6d, 0x33, 0x64, 0xaf, 0x64, 0xaf, 
	0x5c, 0xaf, 0x5c, 0xaf, 0x4c, 0x2d, 0x4c, 0x2d, 
	0x54, 0x2d, 0x5c, 0xaf, 0x6c, 0xf1, 0x75, 0x73, 
	0x7d, 0xb5, 0x6c, 0xf1, 0x54, 0x6f, 0x43, 0xeb, 
	0x43, 0x69, 0x43, 0x69, 0x43, 0xeb, 0x43, 0xeb, 
	0x43, 0xab, 0x43, 0xab, 0x43, 0xab, 0x33, 0x67, 
	0x3b, 0x69, 0x3b, 0x69, 0x43, 0xab, 0x54, 0x2f, 
	0x54, 0x2f, 0x54, 0x2f, 0x43, 0xeb, 0x43, 0xeb, 
	0x3b, 0x6b, 0x43, 0xad, 0x43, 0xad, 0x3b, 0x6b, 
	0x54, 0x71, 0x54, 0x71, 0x43, 0xed, 0x43, 0xed, 
	0x3b, 0xab, 0x3b, 0xab, 0x43, 0xed, 0x4c, 0x2f, 
	0x4c, 0x2f, 0x43, 0xab, 0x43, 0xab, 0x3b, 0x69, 
	0x43, 0xad, 0x43, 0xed, 0x43, 0xed, 0x43, 0xed, 
	0x3b, 0xad, 0x3b, 0xad, 0x33, 0x6b, 0x33, 0x6b, 
	0x33, 0x69, 0x33, 0x29, 0x33, 0x29, 0x33, 0x29, 
	0x33, 0x29, 0x33, 0x29, 0x33, 0x29, 0x33, 0x29, 
	0x3b, 0x6b, 0x3b, 0x6b, 0x43, 0xed, 0x5c, 0xb3, 
	0x7d, 0xbb, 0x64, 0xf7, 0x54, 0x73, 0x54, 0x73, 
	0x54, 0x73, 0x7d, 0xb9, 0x8e, 0x3d, 0x64, 0xf7, 
	0x54, 0x31, 0x54, 0x31, 0x54, 0x31, 0x54, 0x31, 
	0x54, 0x71, 0x64, 0xf5, 0x64, 0xf5, 0x54, 0x71, 
	0x4b, 0xef, 0x4b, 0xef, 0x4b, 0xef, 0x4b, 0xef, 
	0x4c, 0x31, 0x4c, 0x31, 0x4c, 0x31, 0x4c, 0x31, 
	0x43, 0xad, 0x43, 0xad, 0x43, 0xad, 0x43, 0xad, 
	0x33, 0x69, 0x33, 0x69, 0x33, 0x69, 0x33, 0x69, 
	0x33, 0x27, 0x33, 0x27, 0x33, 0x27, 0x33, 0x27, 
	0x43, 0xf1, 0x43, 0xf1, 0x43, 0xf1, 0x33, 0x6d, 
	0x33, 0x29, 0x33, 0x29, 0x33, 0x29, 0x33, 0x29, 
	0x33, 0x6b, 0x33, 0x6b, 0x33, 0x6b, 0x3b, 0xad, 
	0x33, 0x6b, 0x33, 0x6b, 0x2b, 0x29, 0x2b, 0x29, 
	0x2a, 0xe9, 0x2a, 0xe9, 0x33, 0x6b, 0x33, 0x6b, 
	0x3b, 0x6d, 0x3b, 0x6d, 0x3b, 0x6d, 0x43, 0xef, 
	0x4b, 0xf1, 0x4b, 0xf1, 0x4b, 0xf1, 0x4b, 0xf1, 
	0x4b, 0xef, 0x4b, 0xef, 0x4b, 0xef, 0x4b, 0xef, 
	0x4b, 0xef, 0x4b, 0xef, 0x4b, 0xef, 0x4b, 0xef, 
	0x54, 0x31, 0x54, 0x31, 0x54, 0x31, 0x54, 0x31, 
	0x54, 0x73, 0x54, 0x73, 0x54, 0x73, 0x54, 0x73, 
	0x5c, 0xb7, 0x4b, 0xef, 0x5c, 0xb7, 0x5c, 0xb7, 
	0x5c, 0x75, 0x5c, 0x75, 0x43, 0xaf, 0x43, 0xaf, 
	0x43, 0xef, 0x43, 0xef, 0x43, 0xef, 0x33, 0x69, 
	0x3b, 0x6d, 0x3b, 0x6d, 0x3b, 0x6d, 0x3b, 0x6d, 
	0x22, 0xe7, 0x22, 0xe7, 0x33, 0x6d, 0x44, 0x35, 
	0x65, 0x37, 0x65, 0x37, 0x65, 0x37, 0x65, 0x37, 
	0x2a, 0xe7, 0x43, 0xef, 0x5c, 0xf9, 0x5c, 0xf9, 
	0x86, 0x3f, 0x86, 0x3f, 0x5c, 0xb3, 0x5c, 0xb3, 
	0x43, 0xf1, 0x33, 0x2b, 0x33, 0x2b, 0x43, 0xf1, 
	0x43, 0xad, 0x22, 0xe7, 0x43, 0xad, 0x5c, 0xb5, 
	0x5c, 0xb5, 0x5c, 0xb5, 0x5c, 0xb5, 0x5c, 0xb5, 
	0x54, 0x73, 0x54, 0x73, 0x54, 0x73, 0x54, 0x73, 
	0x4c, 0x33, 0x4c, 0x33, 0x4c, 0x33, 0x4c, 0x33, 
	0x4c, 0x33, 0x4c, 0x33, 0x4c, 0x33, 0x4c, 0x33, 
	0x4c, 0x33, 0x4c, 0x73, 0x54, 0x73, 0x4c, 0x73, 
	0x4c, 0x73, 0x4c, 0x73, 0x44, 0x33, 0x54, 0x73, 
	0x8d, 0xf5, 0x8d, 0xf5, 0x8d, 0xf5, 0x8d, 0xf5, 
	0x85, 0xb5, 0x85, 0xb5, 0x85, 0xb5, 0x85, 0xb5, 
	0x75, 0x33, 0x64, 0xb3, 0x43, 0xf1, 0x43, 0xf1, 
	0x43, 0xf1, 0x54, 0x71, 0x64, 0xb3, 0x74, 0xf3, 
	0x85, 0xb5, 0x85, 0xb5, 0x85, 0xb5, 0x85, 0xb5, 
	0x6d, 0x33, 0x6d, 0x33, 0x6d, 0x33, 0x6d, 0x33, 
	0x5c, 0x6f, 0x5c, 0x6f, 0x5c, 0x6f, 0x43, 0xed, 
	0x4c, 0x2d, 0x5c, 0xb1, 0x5c, 0xb1, 0x4c, 0x2d, 
	0x54, 0x2d, 0x54, 0x6f, 0x5c, 0x6f, 0x5c, 0x6f, 
	0x5c, 0x6f, 0x5c, 0x6f, 0x5c, 0x6f, 0x5c, 0x6f, 
	0x64, 0xaf, 0x64, 0xf1, 0x64, 0xf1, 0x64, 0xf1, 
	0x6d, 0x33, 0x6d, 0x33, 0x6d, 0x33, 0x7d, 0xb5, 
	0x85, 0xb5, 0x75, 0x33, 0x5c, 0xaf, 0x5c, 0xaf, 
	0x5c, 0xaf, 0x5c, 0xaf, 0x6c, 0xf1, 0x75, 0x73, 
	0x7d, 0xb5, 0x6c, 0xf1, 0x54, 0x6f, 0x43, 0xeb, 
	0x43, 0x69, 0x3b, 0x27, 0x3b, 0x27, 0x3b, 0x27, 
	0x33, 0x67, 0x33, 0x67, 0x33, 0x67, 0x33, 0x67, 
	0x3b, 0x69, 0x3b, 0x69, 0x3b, 0x69, 0x3b, 0x69, 
	0x3b, 0x69, 0x3b, 0x69, 0x3b, 0x69, 0x3b, 0x69, 
	0x43, 0xad, 0x43, 0xad, 0x54, 0x2d, 0x5c, 0x6f, 
	0x75, 0xb7, 0x64, 0xf3, 0x43, 0xed, 0x43, 0xed, 
	0x33, 0x29, 0x33, 0x29, 0x3b, 0xab, 0x43, 0xed, 
	0x43, 0xab, 0x43, 0xab, 0x43, 0xab, 0x4c, 0x2f, 
	0x4c, 0x2f, 0x43, 0xed, 0x4c, 0x2f, 0x43, 0xed, 
	0x3b, 0xad, 0x3b, 0x6b, 0x33, 0x29, 0x33, 0x29, 
	0x33, 0x29, 0x33, 0x29, 0x33, 0x29, 0x33, 0x29, 
	0x33, 0x29, 0x33, 0x29, 0x2b, 0x29, 0x33, 0x29, 
	0x3b, 0x6b, 0x3b, 0x6b, 0x3b, 0x6b, 0x5c, 0xb3, 
	0x64, 0xf7, 0x64, 0xf7, 0x7d, 0xbb, 0x7d, 0xbb, 
	0x64, 0xf7, 0x64, 0xf7, 0x64, 0xf7, 0x54, 0x73, 
	0x43, 0xed, 0x43, 0xed, 0x43, 0xed, 0x4c, 0x2f, 
	0x54, 0x71, 0x4c, 0x2f, 0x54, 0x71, 0x4c, 0x2f, 
	0x43, 0xed, 0x43, 0xed, 0x3b, 0xab, 0x3b, 0x69, 
	0x33, 0x29, 0x3b, 0x69, 0x3b, 0x69, 0x3b, 0x69, 
	0x33, 0x29, 0x33, 0x27, 0x33, 0x27, 0x2a, 0xe7, 
	0x32, 0xe7, 0x2a, 0xe5, 0x2a, 0xa5, 0x2a, 0xe5, 
	0x2a, 0xe7, 0x2a, 0xe7, 0x33, 0x29, 0x33, 0x29, 
	0x33, 0x29, 0x33, 0x29, 0x33, 0x29, 0x33, 0x29, 
	0x2a, 0xe7, 0x2a, 0xe7, 0x2a, 0xe7, 0x2a, 0xe7, 
	0x3b, 0x6d, 0x33, 0x2b, 0x33, 0x2b, 0x2b, 0x29, 
	0x2a, 0xe9, 0x2a, 0xe9, 0x2a, 0xe9, 0x2a, 0xe7, 
	0x22, 0xa7, 0x22, 0xa7, 0x22, 0xa7, 0x2a, 0xe9, 
	0x2a, 0xe9, 0x33, 0x2b, 0x2a, 0xe9, 0x2a, 0xe9, 
	0x22, 0xa5, 0x22, 0xa5, 0x22, 0xa5, 0x33, 0x2b, 
	0x2b, 0x2b, 0x2b, 0x2b, 0x2b, 0x2b, 0x2b, 0x2b, 
	0x2b, 0x29, 0x2b, 0x29, 0x2b, 0x29, 0x2b, 0x29, 
	0x2b, 0x29, 0x2b, 0x29, 0x2b, 0x29, 0x2b, 0x29, 
	0x33, 0x6b, 0x3b, 0xf1, 0x3b, 0xf1, 0x3b, 0xf1, 
	0x3b, 0xaf, 0x4c, 0x33, 0x4c, 0x33, 0x54, 0x75, 
	0x43, 0xef, 0x43, 0xef, 0x43, 0xef, 0x43, 0xef, 
	0x43, 0xaf, 0x43, 0xaf, 0x43, 0xaf, 0x43, 0xaf, 
	0x44, 0x33, 0x44, 0x33, 0x44, 0x33, 0x75, 0xbd, 
	0x7d, 0xfb, 0x4c, 0x75, 0x4c, 0x75, 0x4c, 0x75, 
	0x64, 0xf7, 0x85, 0xfb, 0x64, 0xf7, 0x85, 0xfb, 
	0x7d, 0xf9, 0x4c, 0x73, 0x65, 0x37, 0x65, 0x37, 
	0x96, 0x7b, 0x96, 0x7b, 0x64, 0xf7, 0x7d, 0xb9, 
	0x6d, 0x37, 0x5c, 0xb5, 0x44, 0x31, 0x44, 0x31, 
	0x54, 0xb5, 0x54, 0xb5, 0x43, 0xf1, 0x54, 0xb5, 
	0x4c, 0x73, 0x4c, 0x73, 0x4c, 0x73, 0x4c, 0x73, 
	0x4c, 0x33, 0x4c, 0x33, 0x4c, 0x33, 0x4c, 0x33, 
	0x4c, 0x33, 0x4c, 0x33, 0x4c, 0x33, 0x4c, 0x33, 
	0x4c, 0x33, 0x4c, 0x33, 0x4c, 0x33, 0x4c, 0x33, 
	0x44, 0x33, 0x44, 0x33, 0x44, 0x33, 0x44, 0x33, 
	0x43, 0xf1, 0x5c, 0xb3, 0x5c, 0xb3, 0x7d, 0x35, 
	0x95, 0xf5, 0x95, 0xf5, 0x95, 0xf5, 0x95, 0xf5, 
	0x8d, 0xb3, 0x8d, 0xb3, 0x75, 0x33, 0x75, 0x33, 
	0x6c, 0xf1, 0x7d, 0x73, 0x7d, 0x73, 0x7d, 0x73, 
	0x8d, 0xb3, 0x8d, 0xb3, 0x8d, 0xb3, 0x8d, 0xb3, 
	0x9d, 0xf5, 0x9d, 0xf5, 0x9d, 0xf5, 0x75, 0x31, 
	0x7d, 0x73, 0x6c, 0xf1, 0x6c, 0xf1, 0x6c, 0xf1, 
	0x5c, 0x6f, 0x4c, 0x2d, 0x64, 0xf1, 0x5c, 0x6f, 
	0x4c, 0x2d, 0x54, 0x6f, 0x64, 0xb1, 0x54, 0x6f, 
	0x4b, 0xeb, 0x54, 0x2d, 0x54, 0x2d, 0x54, 0x2d, 
	0x54, 0x2d, 0x5c, 0xaf, 0x5c, 0xaf, 0x5c, 0xaf, 
	0x54, 0x2d, 0x5c, 0xaf, 0x5c, 0xaf, 0x5c, 0xaf, 
	0x64, 0xaf, 0x64, 0xaf, 0x75, 0x31, 0x75, 0x31, 
	0x6c, 0xf1, 0x5c, 0xaf, 0x5c, 0xaf, 0x5c, 0xaf, 
	0x64, 0xef, 0x5c, 0x6d, 0x5c, 0x6d, 0x64, 0xef, 
	0x5c, 0xaf, 0x4c, 0x2b, 0x4c, 0x2b, 0x43, 0x69, 
	0x3b, 0x67, 0x33, 0x25, 0x33, 0x25, 0x33, 0x25, 
	0x33, 0x25, 0x33, 0x25, 0x33, 0x25, 0x2a, 0xe3, 
	0x2a, 0xe5, 0x2a, 0xe5, 0x2a, 0xe5, 0x2a, 0xe5, 
	0x33, 0x25, 0x33, 0x25, 0x33, 0x25, 0x33, 0x25, 
	0x33, 0x27, 0x33, 0x27, 0x43, 0xab, 0x6d, 0x33, 
	0x6d, 0x35, 0x5c, 0x71, 0x33, 0x69, 0x33, 0x69, 
	0x33, 0x27, 0x3b, 0x69, 0x43, 0xab, 0x43, 0xab, 
	0x43, 0xab, 0x3b, 0x6b, 0x3b, 0x6b, 0x4b, 0xed, 
	0x43, 0xed, 0x4c, 0x2f, 0x4c, 0x2f, 0x43, 0xed, 
	0x3b, 0x6b, 0x33, 0x29, 0x33, 0x29, 0x33, 0x29, 
	0x33, 0x29, 0x33, 0x29, 0x2a, 0xe7, 0x33, 0x29, 
	0x2b, 0x27, 0x2b, 0x27, 0x2b, 0x27, 0x2b, 0x27, 
	0x2a, 0xe7, 0x2a, 0xe7, 0x3b, 0x6b, 0x54, 0x31, 
	0x5c, 0xb3, 0x5c, 0xb3, 0x5c, 0xb3, 0x75, 0xb9, 
	0x8e, 0x7d, 0x8e, 0x7d, 0x54, 0x71, 0x3b, 0x6b, 
	0x4c, 0x2f, 0x4c, 0x2f, 0x4c, 0x2f, 0x4c, 0x2f, 
	0x54, 0x71, 0x4c, 0x2f, 0x4c, 0x2f, 0x4c, 0x2f, 
	0x43, 0xed, 0x43, 0xab, 0x3b, 0x69, 0x3b, 0x69, 
	0x33, 0x29, 0x33, 0x29, 0x3b, 0x69, 0x3b, 0x69, 
	0x33, 0x29, 0x33, 0x29, 0x2a, 0xe7, 0x2a, 0xe7, 
	0x33, 0x27, 0x33, 0x27, 0x32, 0xe7, 0x33, 0x27, 
	0x33, 0x29, 0x33, 0x29, 0x33, 0x29, 0x33, 0x29, 
	0x2a, 0xe7, 0x2a, 0xe7, 0x2a, 0xe7, 0x2a, 0xe7, 
	0x2a, 0xe7, 0x33, 0x2b, 0x3b, 0x6d, 0x3b, 0x6d, 
	0x33, 0x2b, 0x2b, 0x29, 0x2b, 0x29, 0x2b, 0x29, 
	0x2a, 0xe9, 0x2a, 0xe9, 0x2a, 0xe7, 0x22, 0xa5, 
	0x22, 0xa7, 0x22, 0xa7, 0x22, 0xa7, 0x22, 0xa7, 
	0x2a, 0xe9, 0x2a, 0xe9, 0x2a, 0xe9, 0x2a, 0xe9, 
	0x22, 0xa5, 0x22, 0xa5, 0x22, 0xa5, 0x22, 0xa5, 
	0x22, 0xa5, 0x22, 0xa5, 0x22, 0xa5, 0x22, 0xa5, 
	0x22, 0xa5, 0x22, 0xa5, 0x22, 0xa5, 0x22, 0xa5, 
	0x22, 0xa3, 0x22, 0xa3, 0x22, 0xa3, 0x22, 0xa3, 
	0x2a, 0xe7, 0x2a, 0xe7, 0x2a, 0xe7, 0x2a, 0xe7, 
	0x33, 0x6d, 0x33, 0x6d, 0x33, 0x6d, 0x33, 0x6d, 
	0x3b, 0x6b, 0x3b, 0x6b, 0x3b, 0x6b, 0x3b, 0x6b, 
	0x2a, 0xe9, 0x2a, 0xe9, 0x2a, 0xe9, 0x2a, 0xe9, 
	0x2b, 0x2d, 0x2b, 0x2d, 0x2b, 0x2d, 0x75, 0xbd, 
	0x96, 0xbd, 0x65, 0x37, 0x4c, 0x75, 0x4c, 0x75, 
	0x64, 0xf7, 0x64, 0xf7, 0x85, 0xfb, 0xa6, 0xff, 
	0x96, 0xbd, 0x7d, 0xf9, 0x65, 0x37, 0x65, 0x37, 
	0x96, 0x7b, 0x96, 0x7b, 0x96, 0x7b, 0x7d, 0xb9, 
	0x6d, 0x37, 0x5c, 0xb5, 0x44, 0x31, 0x44, 0x31, 
	0x54, 0xb5, 0x6d, 0x37, 0x7d, 0xfb, 0x7d, 0xfb, 
	0x44, 0x33, 0x44, 0x33, 0x4c, 0x73, 0x44, 0x33, 
	0x4c, 0x33, 0x4c, 0x33, 0x4c, 0x33, 0x4c, 0x33, 
	0x4c, 0x33, 0x4c, 0x33, 0x4c, 0x33, 0x4c, 0x33, 
	0x44, 0x33, 0x44, 0x33, 0x44, 0x33, 0x44, 0x33, 
	0x44, 0x33, 0x44, 0x33, 0x44, 0x33, 0x44, 0x33, 
	0x5c, 0xb3, 0x5c, 0xb3, 0x7d, 0x35, 0x95, 0xf7, 
	0x95, 0xf5, 0x95, 0xf5, 0x95, 0xf5, 0x7d, 0x33, 
	0x64, 0xb1, 0x75, 0x33, 0x75, 0x33, 0x75, 0x33, 
	0x7d, 0x73, 0x95, 0xf3, 0x95, 0xf3, 0x95, 0xf3, 
	0x8d, 0xb3, 0x75, 0x31, 0x75, 0x31, 0x75, 0x31, 
	0x75, 0x31, 0x75, 0x31, 0x75, 0x31, 0x75, 0x31, 
	0x7d, 0x73, 0x54, 0x2d, 0x64, 0xaf, 0x54, 0x2d, 
	0x4c, 0x2d, 0x4c, 0x2d, 0x4c, 0x2d, 0x4c, 0x2d, 
	0x4c, 0x2d, 0x54, 0x6f, 0x54, 0x6f, 0x5c, 0x6f, 
	0x54, 0x2d, 0x4b, 0xeb, 0x43, 0xa9, 0x43, 0xa9, 
	0x43, 0xa9, 0x4b, 0xeb, 0x54, 0x2d, 0x54, 0x2d, 
	0x54, 0x2d, 0x4b, 0xeb, 0x4b, 0xeb, 0x4b, 0xeb, 
	0x43, 0xa9, 0x43, 0xa9, 0x43, 0xa9, 0x43, 0xa9, 
	0x43, 0xa9, 0x43, 0xa9, 0x43, 0xa9, 0x43, 0xa9, 
	0x4b, 0xeb, 0x54, 0x2d, 0x4b, 0xeb, 0x4b, 0xeb, 
	0x4c, 0x2b, 0x4c, 0x2b, 0x43, 0x69, 0x43, 0x69, 
	0x3b, 0x67, 0x33, 0x25, 0x33, 0x25, 0x33, 0x25, 
	0x2a, 0xe3, 0x2a, 0xe3, 0x22, 0xa3, 0x22, 0xa3, 
	0x22, 0xa3, 0x22, 0xa3, 0x22, 0xa3, 0x22, 0xa3, 
	0x22, 0xa3, 0x22, 0xa3, 0x22, 0xa3, 0x22, 0xa3, 
	0x33, 0x27, 0x33, 0x27, 0x5c, 0x6f, 0x6d, 0x33, 
	0x6d, 0x35, 0x43, 0xed, 0x33, 0x69, 0x33, 0x69, 
	0x33, 0x27, 0x3b, 0x69, 0x43, 0xab, 0x43, 0xab, 
	0x43, 0xab, 0x43, 0xab, 0x3b, 0x6b, 0x33, 0x69, 
	0x33, 0x2b, 0x43, 0xed, 0x3b, 0xad, 0x3b, 0xad, 
	0x3b, 0x6b, 0x3b, 0x6b, 0x33, 0x29, 0x33, 0x29, 
	0x33, 0x29, 0x2a, 0xe7, 0x2a, 0xe7, 0x2a, 0xe7, 
	0x2b, 0x27, 0x2b, 0x27, 0x2a, 0xe5, 0x2a, 0xe5, 
	0x2a, 0xe7, 0x2a, 0xe7, 0x3b, 0x6b, 0x3b, 0x6b, 
	0x43, 0xed, 0x43, 0xed, 0x5c, 0xb3, 0x5c, 0xb3, 
	0x75, 0x77, 0x75, 0x77, 0x54, 0x71, 0x54, 0x71, 
	0x4c, 0x2f, 0x4c, 0x2f, 0x4c, 0x2f, 0x4c, 0x2f, 
	0x4c, 0x2f, 0x43, 0xab, 0x43, 0xab, 0x4c, 0x2f, 
	0x43, 0xed, 0x43, 0xab, 0x3b, 0xab, 0x3b, 0x69, 
	0x3b, 0x69, 0x33, 0x29, 0x2a, 0xe7, 0x2a, 0xe7, 
	0x33, 0x27, 0x2a, 0xe7, 0x2a, 0xe5, 0x2a, 0xe5, 
	0x32, 0xe7, 0x33, 0x27, 0x33, 0x27, 0x33, 0x27, 
	0x33, 0x29, 0x33, 0x29, 0x2a, 0xe7, 0x2a, 0xa3, 
	0x2a, 0xe7, 0x2a, 0xe7, 0x22, 0xa3, 0x22, 0xa3, 
	0x22, 0xa5, 0x2a, 0xe7, 0x2a, 0xe7, 0x2a, 0xe7, 
	0x22, 0xe7, 0x22, 0xe7, 0x22, 0xe7, 0x22, 0xe7, 
	0x2a, 0xe7, 0x22, 0xa5, 0x22, 0xa5, 0x2a, 0xe7, 
	0x22, 0xa7, 0x2a, 0xe9, 0x2a, 0xe9, 0x2a, 0xe9, 
	0x33, 0x2b, 0x33, 0x2b, 0x33, 0x6f, 0x3b, 0xf1, 
	0x3b, 0xaf, 0x3b, 0xaf, 0x33, 0x2b, 0x33, 0x2b, 
	0x2b, 0x2b, 0x2b, 0x2b, 0x22, 0xa5, 0x2b, 0x2b, 
	0x2b, 0x29, 0x2b, 0x29, 0x3b, 0x6f, 0x43, 0xf3, 
	0x3b, 0xaf, 0x3b, 0xaf, 0x3b, 0xaf, 0x3b, 0xaf, 
	0x33, 0x6b, 0x3b, 0xf1, 0x44, 0x35, 0x3b, 0xf1, 
	0x3b, 0xaf, 0x3b, 0xaf, 0x3b, 0xaf, 0x4c, 0x33, 
	0x43, 0xef, 0x5c, 0xf7, 0x5c, 0xf7, 0x5c, 0xf7, 
	0x6d, 0x79, 0x6d, 0x79, 0x54, 0xb3, 0x43, 0xaf, 
	0x44, 0x33, 0x44, 0x33, 0x44, 0x33, 0x75, 0xbd, 
	0x96, 0xbd, 0x65, 0x37, 0x4c, 0x75, 0x4c, 0x75, 
	0x44, 0x33, 0x44, 0x33, 0x64, 0xf7, 0x85, 0xfb, 
	0x65, 0x37, 0x65, 0x37, 0x65, 0x37, 0x65, 0x37, 
	0x96, 0x7b, 0x96, 0x7b, 0x96, 0x7b, 0x64, 0xf7, 
	0x44, 0x31, 0x33, 0xaf, 0x44, 0x31, 0x5c, 0xb5, 
	0x43, 0xf1, 0x54, 0xb5, 0x6d, 0x37, 0x54, 0xb5, 
	0x44, 0x33, 0x4c, 0x73, 0x4c, 0x73, 0x44, 0x33, 
	0x4c, 0x33, 0x4c, 0x33, 0x44, 0x33, 0x44, 0x33, 
	0x43, 0xf3, 0x4c, 0x33, 0x43, 0xf3, 0x43, 0xf3, 
	0x44, 0x33, 0x44, 0x33, 0x44, 0x33, 0x44, 0x33, 
	0x44, 0x33, 0x44, 0x33, 0x54, 0xb3, 0x6c, 0xf5, 
	0x7d, 0x35, 0x7d, 0x35, 0x7d, 0x35, 0x7d, 0x35, 
	0x5c, 0xb3, 0x43, 0xf1, 0x43, 0xf1, 0x43, 0xf1, 
	0x4c, 0x31, 0x4c, 0x31, 0x64, 0xb1, 0x64, 0xb1, 
	0x6c, 0xf1, 0x6c, 0xf1, 0x54, 0x71, 0x54, 0x71, 
	0x4c, 0x2f, 0x4c, 0x2f, 0x4c, 0x2f, 0x4c, 0x2f, 
	0x4c, 0x2f, 0x4c, 0x2f, 0x4c, 0x2f, 0x4c, 0x2f, 
	0x54, 0x2d, 0x54, 0x2d, 0x54, 0x2d, 0x54, 0x2d, 
	0x5c, 0x6f, 0x5c, 0x6f, 0x5c, 0x6f, 0x5c, 0x6f, 
	0x5c, 0x6f, 0x5c, 0x6f, 0x4c, 0x2d, 0x54, 0x6f, 
	0x4b, 0xeb, 0x43, 0xa9, 0x43, 0xa9, 0x43, 0xa9, 
	0x43, 0xa9, 0x43, 0xa9, 0x43, 0xa9, 0x43, 0xa9, 
	0x43, 0xa9, 0x43, 0xa9, 0x4b, 0xeb, 0x54, 0x2d, 
	0x54, 0x2b, 0x43, 0xa9, 0x54, 0x2b, 0x64, 0xaf, 
	0x5c, 0xaf, 0x5c, 0xaf, 0x5c, 0xaf, 0x54, 0x2b, 
	0x54, 0x2d, 0x54, 0x2d, 0x4b, 0xeb, 0x4b, 0xeb, 
	0x43, 0x69, 0x43, 0x69, 0x43, 0x69, 0x43, 0x69, 
	0x33, 0x25, 0x33, 0x25, 0x33, 0x25, 0x33, 0x25, 
	0x2a, 0xe3, 0x2a, 0xe3, 0x22, 0xa3, 0x22, 0xa3, 
	0x22, 0xa1, 0x22, 0xa1, 0x22, 0xa1, 0x22, 0xa3, 
	0x22, 0xa3, 0x1a, 0x61, 0x1a, 0x61, 0x1a, 0x61, 
	0x43, 0xab, 0x6d, 0x33, 0x6d, 0x33, 0x6d, 0x33, 
	0x5c, 0x71, 0x33, 0x69, 0x33, 0x69, 0x33, 0x69, 
	0x3b, 0x69, 0x3b, 0x69, 0x3b, 0x69, 0x43, 0xab, 
	0x43, 0xab, 0x43, 0xab, 0x43, 0xab, 0x3b, 0x6b, 
	0x3b, 0xad, 0x33, 0x2b, 0x33, 0x2b, 0x33, 0x2b, 
	0x3b, 0x6b, 0x3b, 0x6b, 0x2a, 0xe7, 0x2a, 0xe7, 
	0x2a, 0xe7, 0x2a, 0xe7, 0x2a, 0xe7, 0x2a, 0xe7, 
	0x2a, 0xe5, 0x2b, 0x27, 0x2a, 0xe5, 0x2a, 0xe5, 
	0x2a, 0xe7, 0x2a, 0xe7, 0x2a, 0xe7, 0x2a, 0xe7, 
	0x43, 0xed, 0x43, 0xed, 0x43, 0xed, 0x43, 0xed, 
	0x54, 0x71, 0x54, 0x71, 0x54, 0x71, 0x54, 0x71, 
	0x3b, 0x6b, 0x3b, 0x6b, 0x43, 0xed, 0x33, 0x29, 
	0x3b, 0x69, 0x3b, 0x69, 0x3b, 0x69, 0x3b, 0x69, 
	0x3b, 0x69, 0x3b, 0xab, 0x3b, 0xab, 0x3b, 0xab, 
	0x3b, 0x69, 0x3b, 0x69, 0x33, 0x29, 0x2a, 0xe7, 
	0x2a, 0xe7, 0x2a, 0xe7, 0x33, 0x27, 0x2a, 0xe7, 
	0x32, 0xe7, 0x2a, 0xe5, 0x2a, 0xa5, 0x2a, 0xa5, 
	0x2a, 0xa3, 0x22, 0xa1, 0x22, 0xa1, 0x22, 0xa1, 
	0x1a, 0x61, 0x1a, 0x61, 0x1a, 0x61, 0x1a, 0x61, 
	0x22, 0xa5, 0x22, 0xa5, 0x22, 0xa5, 0x2a, 0xe7, 
	0x33, 0x2b, 0x33, 0x2b, 0x2b, 0x29, 0x2b, 0x29, 
	0x33, 0x2b, 0x33, 0x2b, 0x2a, 0xe9, 0x33, 0x2b, 
	0x3b, 0x6d, 0x22, 0xa7, 0x2a, 0xe9, 0x3b, 0x6d, 
	0x3b, 0xf1, 0x3b, 0xf1, 0x3b, 0xf1, 0x3b, 0xf1, 
	0x4c, 0x35, 0x4c, 0x35, 0x4c, 0x35, 0x4c, 0x35, 
	0x44, 0x35, 0x44, 0x35, 0x44, 0x35, 0x44, 0x35, 
	0x43, 0xf3, 0x3b, 0x6f, 0x43, 0xf3, 0x43, 0xf3, 
	0x44, 0x35, 0x44, 0x35, 0x44, 0x35, 0x44, 0x35, 
	0x44, 0x35, 0x44, 0x35, 0x44, 0x35, 0x44, 0x35, 
	0x54, 0x75, 0x54, 0x75, 0x4c, 0x33, 0x4c, 0x33, 
	0x54, 0x73, 0x5c, 0xf7, 0x54, 0x73, 0x5c, 0xf7, 
	0x6d, 0x79, 0x6d, 0x79, 0x54, 0xb3, 0x54, 0xb3, 
	0x5c, 0xf7, 0x44, 0x33, 0x44, 0x33, 0x5c, 0xf7, 
	0x7d, 0xfb, 0x4c, 0x75, 0x4c, 0x75, 0x4c, 0x75, 
	0x44, 0x33, 0x44, 0x33, 0x44, 0x33, 0x44, 0x33, 
	0x4c, 0x73, 0x65, 0x37, 0x7d, 0xf9, 0x7d, 0xf9, 
	0x64, 0xf7, 0x64, 0xf7, 0x4c, 0x75, 0x4c, 0x75, 
	0x33, 0xaf, 0x33, 0xaf, 0x33, 0xaf, 0x44, 0x31, 
	0x43, 0xf1, 0x43, 0xf1, 0x43, 0xf1, 0x43, 0xf1, 
	0x3b, 0xf1, 0x44, 0x33, 0x4c, 0x73, 0x54, 0x75, 
	0x44, 0x33, 0x3b, 0xf3, 0x4c, 0x33, 0x54, 0x73, 
	0x5c, 0xb3, 0x5c, 0xb3, 0x5c, 0xb3, 0x4c, 0x33, 
	0x44, 0x33, 0x43, 0xf3, 0x3b, 0xf3, 0x3b, 0xf3, 
	0x44, 0x33, 0x54, 0xb3, 0x54, 0xb3, 0x7d, 0x75, 
	0x95, 0xf7, 0x95, 0xf7, 0x5c, 0xb3, 0x43, 0xf1, 
	0x5c, 0xb3, 0x7d, 0x33, 0x5c, 0xb3, 0x5c, 0xb3, 
	0x4c, 0x31, 0x4c, 0x31, 0x4c, 0x31, 0x64, 0xb1, 
	0x54, 0x71, 0x54, 0x71, 0x54, 0x71, 0x54, 0x71, 
	0x4c, 0x2f, 0x4c, 0x2f, 0x4c, 0x2f, 0x4c, 0x2f, 
	0x4c, 0x2f, 0x4c, 0x2f, 0x4c, 0x2f, 0x4c, 0x2f, 
	0x54, 0x2d, 0x54, 0x2d, 0x64, 0xaf, 0x7d, 0x73, 
	0x75, 0x33, 0x75, 0x33, 0x75, 0x33, 0x5c, 0x6f, 
	0x5c, 0x6f, 0x5c, 0x6f, 0x54, 0x6f, 0x54, 0x6f, 
	0x4b, 0xeb, 0x3b, 0x67, 0x3b, 0x67, 0x3b, 0x67, 
	0x43, 0xa9, 0x4b, 0xeb, 0x54, 0x2d, 0x54, 0x2d, 
	0x54, 0x2d, 0x54, 0x2d, 0x5c, 0xaf, 0x5c, 0xaf, 
	0x75, 0x31, 0x75, 0x31, 0x75, 0x31, 0x75, 0x31, 
	0x6c, 0xf1, 0x6c, 0xf1, 0x6c, 0xf1, 0x5c, 0xaf, 
	0x64, 0xef, 0x5c, 0x6d, 0x4b, 0xeb, 0x4b, 0xeb, 
	0x43, 0x69, 0x43, 0x69, 0x43, 0x69, 0x32, 0xe5, 
	0x33, 0x25, 0x33, 0x25, 0x2a, 0xe3, 0x2a, 0xe3, 
	0x2a, 0xe3, 0x22, 0xa3, 0x22, 0xa3, 0x1a, 0x61, 
	0x1a, 0x5f, 0x1a, 0x5f, 0x1a, 0x5f, 0x1a, 0x5f, 
	0x1a, 0x61, 0x22, 0xa3, 0x3b, 0x67, 0x3b, 0x67, 
	0x43, 0xab, 0x5c, 0x6f, 0x5c, 0x6f, 0x43, 0xab, 
	0x43, 0xed, 0x33, 0x69, 0x33, 0x69, 0x33, 0x69, 
	0x33, 0x27, 0x33, 0x27, 0x3b, 0x69, 0x43, 0xab, 
	0x43, 0xab, 0x3b, 0x6b, 0x3b, 0x6b, 0x3b, 0x6b, 
	0x3b, 0xad, 0x3b, 0xad, 0x3b, 0xad, 0x3b, 0xad, 
	0x33, 0x29, 0x33, 0x29, 0x2a, 0xe7, 0x22, 0xa5, 
	0x22, 0xa3, 0x22, 0xa3, 0x22, 0xa3, 0x22, 0xa3, 
	0x22, 0xa5, 0x22, 0xa3, 0x22, 0xa3, 0x22, 0xa3, 
	0x2a, 0xe7, 0x2a, 0xe7, 0x2a, 0xe7, 0x2a, 0xe7, 
	0x2a, 0xe7, 0x2a, 0xe7, 0x43, 0xed, 0x43, 0xed, 
	0x3b, 0x6b, 0x3b, 0x6b, 0x3b, 0x6b, 0x3b, 0x6b, 
	0x2a, 0xe7, 0x33, 0x69, 0x33, 0x69, 0x33, 0x69, 
	0x3b, 0x6b, 0x3b, 0x6b, 0x43, 0xad, 0x43, 0xad, 
	0x3b, 0xad, 0x3b, 0xad, 0x3b, 0xad, 0x3b, 0xad, 
	0x3b, 0xad, 0x33, 0x6d, 0x33, 0x6d, 0x33, 0x6b, 
	0x33, 0x6d, 0x3b, 0xaf, 0x3b, 0xaf, 0x3b, 0xaf, 
	0x33, 0x6d, 0x33, 0x6d, 0x33, 0x6d, 0x33, 0x6d, 
	0x33, 0x6d, 0x33, 0x6d, 0x33, 0x6d, 0x2b, 0x29, 
	0x33, 0x2b, 0x2a, 0xe7, 0x2a, 0xe7, 0x2a, 0xe7, 
	0x33, 0x6b, 0x33, 0x6b, 0x3b, 0xaf, 0x3b, 0xaf, 
	0x43, 0xf3, 0x43, 0xf3, 0x43, 0xf3, 0x3b, 0xf1, 
	0x3b, 0xb1, 0x3b, 0xb1, 0x33, 0xb1, 0x3b, 0xb1, 
	0x54, 0x75, 0x3b, 0xb1, 0x3b, 0xb1, 0x44, 0x33, 
	0x44, 0x35, 0x4c, 0x75, 0x44, 0x35, 0x44, 0x35, 
	0x44, 0x35, 0x44, 0x35, 0x44, 0x35, 0x44, 0x35, 
	0x4c, 0x75, 0x4c, 0x75, 0x54, 0x75, 0x4c, 0x75, 
	0x4c, 0x35, 0x44, 0x33, 0x44, 0x33, 0x44, 0x33, 
	0x44, 0x33, 0x54, 0x75, 0x4c, 0x33, 0x4c, 0x33, 
	0x4c, 0x33, 0x44, 0x33, 0x3b, 0xf1, 0x4c, 0x33, 
	0x54, 0xb5, 0x54, 0xb5, 0x54, 0xb5, 0x54, 0xb5, 
	0x54, 0x73, 0x54, 0x73, 0x54, 0x73, 0x44, 0x33, 
	0x44, 0x33, 0x44, 0x33, 0x54, 0xb7, 0x65, 0x39, 
	0x5c, 0xb7, 0x33, 0xb1, 0x4c, 0x75, 0x4c, 0x75, 
	0x43, 0xf3, 0x43, 0xf3, 0x3b, 0xf1, 0x3b, 0xb1, 
	0x3b, 0xb1, 0x3b, 0xb1, 0x3b, 0xb1, 0x3b, 0xb1, 
	0x4c, 0x73, 0x4c, 0x73, 0x4c, 0x73, 0x4c, 0x73, 
	0x43, 0xf3, 0x3b, 0xb1, 0x33, 0x6f, 0x33, 0x6f, 
	0x33, 0x6f, 0x2b, 0x6f, 0x33, 0xaf, 0x33, 0xaf, 
	0x3b, 0xaf, 0x3b, 0xaf, 0x3b, 0xaf, 0x3b, 0xaf, 
	0x3b, 0xaf, 0x43, 0xf1, 0x5c, 0xb5, 0x5c, 0xb5, 
	0x4c, 0x31, 0x64, 0xf5, 0x96, 0x7b, 0x96, 0x7b, 
	0x64, 0xf5, 0x64, 0xf5, 0x5c, 0xb3, 0x5c, 0xb3, 
	0x43, 0xf1, 0x43, 0xf1, 0x6d, 0x35, 0x43, 0xf1, 
	0x43, 0xf1, 0x54, 0x73, 0x43, 0xf1, 0x6c, 0xf5, 
	0x85, 0xf7, 0x6d, 0x35, 0x54, 0x71, 0x3b, 0xaf, 
	0x6d, 0x37, 0x9e, 0xbd, 0x85, 0xf9, 0x54, 0x73, 
	0x5c, 0x73, 0x43, 0xef, 0x43, 0xef, 0x43, 0xef, 
	0x54, 0x71, 0x54, 0x71, 0x54, 0x71, 0x54, 0x71, 
	0x4c, 0x2f, 0x4c, 0x2f, 0x43, 0xef, 0x43, 0xef, 
	0x43, 0xed, 0x43, 0xed, 0x3b, 0xad, 0x43, 0xed, 
	0x43, 0xeb, 0x54, 0x2d, 0x54, 0x2d, 0x5c, 0xaf, 
	0x64, 0xaf, 0x64, 0xaf, 0x64, 0xaf, 0x54, 0x2d, 
	0x4b, 0xeb, 0x5c, 0x2d, 0x4b, 0xeb, 0x64, 0xaf, 
	0x54, 0x2d, 0x43, 0xa9, 0x43, 0xa9, 0x43, 0xa9, 
	0x4b, 0xeb, 0x5c, 0x6f, 0x5c, 0x6f, 0x5c, 0x6f, 
	0x5c, 0x6d, 0x5c, 0x6d, 0x6c, 0xf1, 0x43, 0xa7, 
	0x5c, 0xad, 0x75, 0x73, 0x75, 0x73, 0x75, 0x73, 
	0x5c, 0x6f, 0x5c, 0x6f, 0x5c, 0x6f, 0x5c, 0x6f, 
	0x54, 0x2d, 0x54, 0x2d, 0x43, 0xa9, 0x43, 0xa9, 
	0x43, 0xa9, 0x3b, 0x67, 0x3b, 0x67, 0x3b, 0x67, 
	0x3b, 0x69, 0x3b, 0x69, 0x3b, 0x69, 0x3b, 0x69, 
	0x3b, 0xa9, 0x3b, 0xa9, 0x33, 0x25, 0x3b, 0xa9, 
	0x43, 0xa9, 0x33, 0x27, 0x33, 0x27, 0x2a, 0xe3, 
	0x2a, 0xe3, 0x4b, 0xeb, 0x5c, 0x6f, 0x5c, 0x6f, 
	0x54, 0x6f, 0x4b, 0xed, 0x43, 0xa9, 0x43, 0xa9, 
	0x43, 0xab, 0x3b, 0x69, 0x3b, 0x69, 0x3b, 0x69, 
	0x3b, 0x69, 0x4c, 0x2d, 0x5c, 0xaf, 0x6d, 0x33, 
	0x64, 0xf1, 0x43, 0xeb, 0x33, 0x29, 0x33, 0x29, 
	0x3b, 0x6d, 0x3b, 0x6d, 0x3b, 0x6d, 0x3b, 0x6d, 
	0x3b, 0xad, 0x33, 0x6b, 0x33, 0x29, 0x33, 0x29, 
	0x2a, 0xe7, 0x2a, 0xe7, 0x22, 0xa5, 0x22, 0xa5, 
	0x22, 0xe5, 0x1a, 0x61, 0x1a, 0x61, 0x1a, 0x61, 
	0x22, 0xa3, 0x22, 0xa3, 0x22, 0xa3, 0x22, 0xa3, 
	0x2a, 0xa3, 0x2a, 0xa3, 0x2a, 0xa3, 0x2a, 0xa3, 
	0x2a, 0xe5, 0x2a, 0xe5, 0x2a, 0xe5, 0x2a, 0xe5, 
	0x4c, 0x2f, 0x4c, 0x2f, 0x4c, 0x2f, 0x4c, 0x2f, 
	0x43, 0xef, 0x4c, 0x31, 0x43, 0xef, 0x43, 0xef, 
	0x3b, 0xad, 0x3b, 0xad, 0x3b, 0xad, 0x3b, 0xad, 
	0x3b, 0xaf, 0x3b, 0xaf, 0x3b, 0xaf, 0x3b, 0xaf, 
	0x3b, 0xaf, 0x3b, 0xaf, 0x3b, 0xaf, 0x3b, 0xaf, 
	0x3b, 0xaf, 0x3b, 0xaf, 0x3b, 0xf1, 0x3b, 0xf1, 
	0x3b, 0xf3, 0x3b, 0xf3, 0x3b, 0xf3, 0x3b, 0xf3, 
	0x3b, 0xb1, 0x3b, 0xb1, 0x3b, 0xb1, 0x3b, 0xb1, 
	0x43, 0xf1, 0x43, 0xf1, 0x43, 0xf1, 0x4c, 0x75, 
	0x3b, 0xf1, 0x3b, 0xf1, 0x3b, 0xf1, 0x3b, 0xf1, 
	0x3b, 0xb1, 0x43, 0xf3, 0x3b, 0xb1, 0x43, 0xf3, 
	0x5c, 0xf7, 0x5c, 0xf7, 0x54, 0x75, 0x44, 0x33, 
	0x44, 0x35, 0x43, 0xf3, 0x44, 0x35, 0x44, 0x35, 
	0x44, 0x35, 0x44, 0x35, 0x44, 0x35, 0x44, 0x35, 
	0x4c, 0x75, 0x54, 0x75, 0x54, 0x75, 0x4c, 0x75, 
	0x54, 0x75, 0x54, 0x75, 0x44, 0x33, 0x44, 0x33, 
	0x44, 0x33, 0x44, 0x33, 0x44, 0x33, 0x4c, 0x33, 
	0x44, 0x33, 0x3b, 0xf1, 0x43, 0xf1, 0x43, 0xf1, 
	0x43, 0xf3, 0x43, 0xf3, 0x4c, 0x73, 0x4c, 0x73, 
	0x44, 0x33, 0x44, 0x33, 0x44, 0x33, 0x44, 0x33, 
	0x33, 0xb1, 0x44, 0x33, 0x54, 0xb7, 0x54, 0xb7, 
	0x44, 0x33, 0x33, 0xb1, 0x44, 0x33, 0x4c, 0x75, 
	0x43, 0xf3, 0x3b, 0xf1, 0x3b, 0xf1, 0x3b, 0xf1, 
	0x3b, 0xb1, 0x33, 0xb1, 0x33, 0xb1, 0x33, 0xb1, 
	0x33, 0xb1, 0x33, 0xb1, 0x33, 0xb1, 0x2b, 0x6f, 
	0x33, 0x6f, 0x3b, 0xb1, 0x33, 0x6f, 0x33, 0x6f, 
	0x2b, 0x6f, 0x33, 0x6f, 0x33, 0x6f, 0x33, 0x6f, 
	0x33, 0x6f, 0x33, 0x6f, 0x33, 0x6f, 0x3b, 0xaf, 
	0x3b, 0xaf, 0x43, 0xf1, 0x5c, 0xb5, 0x5c, 0xb5, 
	0x64, 0xf5, 0x96, 0x7b, 0x7d, 0xb7, 0x64, 0xf5, 
	0x4c, 0x31, 0x4c, 0x31, 0x75, 0x77, 0x75, 0x77, 
	0x43, 0xf1, 0x6d, 0x35, 0x6d, 0x35, 0x43, 0xf1, 
	0x43, 0xf1, 0x43, 0xf1, 0x43, 0xf1, 0x6c, 0xf5, 
	0x6d, 0x35, 0x54, 0x71, 0x3b, 0xaf, 0x3b, 0xaf, 
	0x85, 0xf9, 0x85, 0xf9, 0x6d, 0x37, 0x54, 0x73, 
	0x43, 0xef, 0x43, 0xef, 0x43, 0xef, 0x43, 0xef, 
	0x43, 0xef, 0x43, 0xef, 0x54, 0x71, 0x54, 0x71, 
	0x4c, 0x2f, 0x43, 0xef, 0x43, 0xef, 0x3b, 0xad, 
	0x3b, 0xad, 0x3b, 0xad, 0x3b, 0xad, 0x3b, 0xad, 
	0x43, 0xeb, 0x5c, 0xaf, 0x54, 0x2d, 0x54, 0x2d, 
	0x54, 0x2d, 0x54, 0x2d, 0x4b, 0xe9, 0x4b, 0xe9, 
	0x4b, 0xeb, 0x5c, 0x2d, 0x64, 0xaf, 0x64, 0xaf, 
	0x43, 0xa9, 0x43, 0xa9, 0x43, 0xa9, 0x43, 0xa9, 
	0x4b, 0xeb, 0x4b, 0xeb, 0x4b, 0xeb, 0x4b, 0xeb, 
	0x5c, 0x6d, 0x5c, 0x6d, 0x5c, 0x6d, 0x43, 0xa7, 
	0x5c, 0xad, 0x5c, 0xad, 0x5c, 0xad, 0x5c, 0xad, 
	0x4b, 0xeb, 0x4b, 0xeb, 0x4b, 0xeb, 0x4b, 0xeb, 
	0x43, 0xa9, 0x43, 0xa9, 0x43, 0xa9, 0x3b, 0x67, 
	0x3b, 0x67, 0x3b, 0x67, 0x3b, 0x67, 0x43, 0xa9, 
	0x3b, 0x69, 0x3b, 0x69, 0x4b, 0xed, 0x4b, 0xed, 
	0x4c, 0x2d, 0x4c, 0x2d, 0x4c, 0x2d, 0x4c, 0x2d, 
	0x4b, 0xed, 0x4b, 0xed, 0x4b, 0xed, 0x4b, 0xed, 
	0x5c, 0x6f, 0x5c, 0x6f, 0x5c, 0x6f, 0x5c, 0x6f, 
	0x54, 0x6f, 0x4b, 0xed, 0x43, 0xa9, 0x43, 0xa9, 
	0x3b, 0x69, 0x3b, 0x69, 0x3b, 0x69, 0x43, 0xeb, 
	0x4c, 0x2d, 0x4c, 0x2d, 0x4c, 0x2d, 0x5c, 0xaf, 
	0x54, 0x6f, 0x43, 0xeb, 0x43, 0xeb, 0x43, 0xeb, 
	0x3b, 0x6d, 0x3b, 0x6d, 0x3b, 0x6d, 0x3b, 0x6d, 
	0x33, 0x6b, 0x3b, 0xad, 0x3b, 0xad, 0x3b, 0xad, 
	0x3b, 0xad, 0x3b, 0xad, 0x3b, 0xad, 0x3b, 0xad, 
	0x3b, 0xaf, 0x33, 0x6b, 0x33, 0x6b, 0x33, 0x6b, 
	0x33, 0x6b, 0x33, 0x6b, 0x33, 0x6b, 0x33, 0x6b, 
	0x33, 0x6b, 0x33, 0x6b, 0x33, 0x6b, 0x33, 0x6b, 
	0x3b, 0xab, 0x3b, 0xab, 0x43, 0xef, 0x43, 0xef, 
	0x43, 0xed, 0x43, 0xed, 0x43, 0xed, 0x43, 0xed, 
	0x4c, 0x31, 0x4c, 0x31, 0x43, 0xef, 0x43, 0xad, 
	0x43, 0xef, 0x43, 0xef, 0x43, 0xef, 0x43, 0xef, 
	0x3b, 0xaf, 0x3b, 0xaf, 0x3b, 0xaf, 0x3b, 0xaf, 
	0x3b, 0xaf, 0x3b, 0xaf, 0x3b, 0xaf, 0x3b, 0xaf, 
	0x3b, 0xaf, 0x3b, 0xaf, 0x3b, 0xaf, 0x3b, 0xaf, 
	0x33, 0xaf, 0x33, 0xaf, 0x33, 0xaf, 0x33, 0xaf, 
	0x3b, 0xb1, 0x3b, 0xb1, 0x3b, 0xb1, 0x3b, 0xb1, 
	0x3b, 0xaf, 0x3b, 0xaf, 0x3b, 0xaf, 0x43, 0xf1, 
	0x33, 0xb1, 0x3b, 0xf1, 0x3b, 0xf1, 0x33, 0xb1, 
	0x33, 0xb1, 0x3b, 0xb1, 0x3b, 0xb1, 0x3b, 0xb1, 
	0x3b, 0xb1, 0x3b, 0xb1, 0x3b, 0xb1, 0x3b, 0xb1, 
	0x43, 0xf3, 0x3b, 0xb3, 0x3b, 0xb3, 0x43, 0xf3, 
	0x3b, 0xf3, 0x3b, 0xf3, 0x3b, 0xf3, 0x3b, 0xf3, 
	0x44, 0x33, 0x4c, 0x75, 0x4c, 0x75, 0x4c, 0x75, 
	0x44, 0x33, 0x3b, 0xf3, 0x3b, 0xf3, 0x3b, 0xf3, 
	0x44, 0x33, 0x3b, 0xf1, 0x3b, 0xf1, 0x44, 0x33, 
	0x44, 0x33, 0x44, 0x33, 0x44, 0x33, 0x43, 0xf1, 
	0x3b, 0xb1, 0x43, 0xf3, 0x4c, 0x73, 0x4c, 0x73, 
	0x44, 0x33, 0x44, 0x33, 0x44, 0x33, 0x44, 0x33, 
	0x33, 0xb1, 0x33, 0xb1, 0x33, 0xb1, 0x33, 0xb1, 
	0x33, 0xb1, 0x33, 0xb1, 0x44, 0x33, 0x44, 0x33, 
	0x3b, 0xf1, 0x3b, 0xf1, 0x33, 0xaf, 0x3b, 0xb1, 
	0x33, 0xb1, 0x33, 0x6f, 0x33, 0x6f, 0x33, 0x6f, 
	0x2b, 0x6f, 0x33, 0xb1, 0x2b, 0x6f, 0x2b, 0x6f, 
	0x2b, 0x6d, 0x2b, 0x6d, 0x33, 0x6f, 0x2b, 0x6d, 
	0x2b, 0x6f, 0x2b, 0x6f, 0x2b, 0x6f, 0x2b, 0x6f, 
	0x33, 0x6f, 0x33, 0x6f, 0x33, 0x6f, 0x3b, 0xaf, 
	0x3b, 0xaf, 0x3b, 0xaf, 0x5c, 0xb5, 0x54, 0x73, 
	0x64, 0xf5, 0x64, 0xf5, 0x4c, 0x31, 0x64, 0xf5, 
	0x64, 0xf5, 0x64, 0xf5, 0x75, 0x77, 0x64, 0xf5, 
	0x5c, 0xb3, 0x6d, 0x35, 0x43, 0xf1, 0x33, 0x6f, 
	0x54, 0x73, 0x54, 0x73, 0x43, 0xf1, 0x7d, 0xb7, 
	0x54, 0x71, 0x54, 0x71, 0x3b, 0xaf, 0x6d, 0x35, 
	0x9e, 0xbd, 0x6d, 0x37, 0x54, 0x73, 0x54, 0x73, 
	0x43, 0xef, 0x43, 0xef, 0x43, 0xef, 0x5c, 0x73, 
	0x54, 0x71, 0x43, 0xef, 0x43, 0xef, 0x43, 0xef, 
	0x43, 0xef, 0x43, 0xef, 0x3b, 0xad, 0x3b, 0xad, 
	0x3b, 0xad, 0x3b, 0xad, 0x3b, 0xad, 0x3b, 0xad, 
	0x43, 0xeb, 0x54, 0x2d, 0x43, 0xeb, 0x43, 0xeb, 
	0x3b, 0x67, 0x4b, 0xe9, 0x4b, 0xe9, 0x4b, 0xe9, 
	0x4b, 0xeb, 0x4b, 0xeb, 0x5c, 0x2d, 0x4b, 0xeb, 
	0x3b, 0x67, 0x3b, 0x67, 0x3b, 0x67, 0x3b, 0x67, 
	0x3b, 0x67, 0x3b, 0x67, 0x3b, 0x67, 0x3b, 0x67, 
	0x43, 0xa7, 0x43, 0xa7, 0x43, 0xa7, 0x43, 0xa7, 
	0x4b, 0xa9, 0x4b, 0xa9, 0x4b, 0xa9, 0x4b, 0xa9, 
	0x43, 0xa7, 0x43, 0xa7, 0x33, 0x23, 0x33, 0x23, 
	0x3b, 0x67, 0x3b, 0x67, 0x3b, 0x67, 0x3b, 0x67, 
	0x33, 0x25, 0x33, 0x25, 0x33, 0x25, 0x33, 0x25, 
	0x33, 0x25, 0x33, 0x25, 0x33, 0x25, 0x33, 0x25, 
	0x33, 0x25, 0x33, 0x25, 0x33, 0x25, 0x33, 0x25, 
	0x33, 0x27, 0x43, 0xa9, 0x43, 0xa9, 0x33, 0x27, 
	0x3b, 0x67, 0x3b, 0x67, 0x4b, 0xeb, 0x4b, 0xeb, 
	0x43, 0xa9, 0x43, 0xa9, 0x3b, 0x67, 0x3b, 0x67, 
	0x3b, 0x69, 0x3b, 0x69, 0x3b, 0x69, 0x3b, 0x69, 
	0x4c, 0x2d, 0x3b, 0x69, 0x3b, 0x69, 0x3b, 0x69, 
	0x33, 0x29, 0x43, 0xeb, 0x33, 0x29, 0x43, 0xeb, 
	0x3b, 0x6d, 0x33, 0x29, 0x3b, 0x6d, 0x43, 0xef, 
	0x3b, 0xad, 0x33, 0x6b, 0x3b, 0xad, 0x3b, 0xad, 
	0x3b, 0xad, 0x3b, 0xad, 0x3b, 0xad, 0x3b, 0xad, 
	0x3b, 0xaf, 0x3b, 0xaf, 0x3b, 0xaf, 0x3b, 0xaf, 
	0x3b, 0xaf, 0x3b, 0xaf, 0x3b, 0xaf, 0x3b, 0xaf, 
	0x3b, 0xaf, 0x3b, 0xaf, 0x3b, 0xaf, 0x3b, 0xaf, 
	0x3b, 0xab, 0x3b, 0xab, 0x43, 0xef, 0x3b, 0xab, 
	0x43, 0xed, 0x4c, 0x2f, 0x4c, 0x2f, 0x43, 0xed, 
	0x43, 0xef, 0x43, 0xad, 0x43, 0xad, 0x43, 0xef, 
	0x43, 0xef, 0x43, 0xef, 0x43, 0xef, 0x43, 0xef, 
	0x3b, 0xaf, 0x3b, 0xaf, 0x3b, 0xaf, 0x3b, 0xaf, 
	0x3b, 0xaf, 0x3b, 0xaf, 0x3b, 0xaf, 0x3b, 0xaf, 
	0x3b, 0xaf, 0x3b, 0xaf, 0x3b, 0xaf, 0x33, 0xaf, 
	0x33, 0xaf, 0x33, 0x6d, 0x33, 0xaf, 0x33, 0xaf, 
	0x3b, 0xb1, 0x3b, 0xb1, 0x3b, 0xb1, 0x3b, 0xb1, 
	0x3b, 0xaf, 0x3b, 0xaf, 0x3b, 0xaf, 0x3b, 0xaf, 
	0x33, 0xb1, 0x43, 0xf3, 0x4c, 0x33, 0x43, 0xf3, 
	0x43, 0xf3, 0x43, 0xf3, 0x43, 0xf3, 0x4c, 0x33, 
	0x44, 0x33, 0x3b, 0xb1, 0x3b, 0xb1, 0x3b, 0xb1, 
	0x3b, 0xb3, 0x3b, 0xb3, 0x3b, 0xb3, 0x3b, 0xb3, 
	0x3b, 0xf3, 0x3b, 0xf3, 0x3b, 0xf3, 0x3b, 0xf3, 
	0x3b, 0xf3, 0x3b, 0xf3, 0x44, 0x33, 0x44, 0x33, 
	0x3b, 0xf3, 0x3b, 0xf3, 0x3b, 0xf3, 0x3b, 0xf3, 
	0x3b, 0xf1, 0x3b, 0xf1, 0x3b, 0xf1, 0x3b, 0xf1, 
	0x3b, 0xf1, 0x3b, 0xf1, 0x43, 0xf1, 0x43, 0xf1, 
	0x3b, 0xb1, 0x43, 0xf3, 0x43, 0xf3, 0x4c, 0x73, 
	0x3b, 0xf1, 0x44, 0x33, 0x5c, 0xf5, 0x3b, 0xf1, 
	0x33, 0xb1, 0x33, 0xb1, 0x33, 0xb1, 0x33, 0xb1, 
	0x33, 0xb1, 0x33, 0xb1, 0x33, 0xb1, 0x33, 0xb1, 
	0x3b, 0xb1, 0x3b, 0xf1, 0x3b, 0xb1, 0x33, 0xaf, 
	0x2b, 0x6f, 0x33, 0x6f, 0x2b, 0x6f, 0x2b, 0x6f, 
	0x2b, 0x6f, 0x2b, 0x6f, 0x2b, 0x6f, 0x2b, 0x6f, 
	0x2b, 0x6d, 0x2b, 0x6d, 0x2b, 0x6d, 0x2b, 0x6d, 
	0x2b, 0x6f, 0x2b, 0x6f, 0x2b, 0x6f, 0x2b, 0x6f, 
	0x33, 0x6f, 0x33, 0x6f, 0x33, 0x6f, 0x33, 0x6f, 
	0x3b, 0xaf, 0x3b, 0xaf, 0x43, 0xf1, 0x43, 0xf1, 
	0x4c, 0x31, 0x4c, 0x31, 0x4c, 0x31, 0x64, 0xf5, 
	0x64, 0xf5, 0x64, 0xf5, 0x64, 0xf5, 0x64, 0xf5, 
	0x6d, 0x35, 0x6d, 0x35, 0x43, 0xf1, 0x33, 0x6f, 
	0x43, 0xf1, 0x54, 0x73, 0x54, 0x73, 0x7d, 0xb7, 
	0x54, 0x71, 0x54, 0x71, 0x6d, 0x35, 0x6d, 0x35, 
	0x6d, 0x37, 0x54, 0x73, 0x54, 0x73, 0x54, 0x73, 
	0x43, 0xef, 0x2b, 0x2b, 0x43, 0xef, 0x75, 0x37, 
	0x7d, 0x75, 0x6c, 0xf3, 0x43, 0xef, 0x43, 0xef, 
	0x33, 0x6d, 0x43, 0xef, 0x43, 0xef, 0x33, 0x6d, 
	0x33, 0x6d, 0x33, 0x6d, 0x33, 0x6d, 0x33, 0x6d, 
	0x43, 0xeb, 0x3b, 0x69, 0x3b, 0x69, 0x3b, 0x69, 
	0x3b, 0x67, 0x3b, 0x67, 0x3b, 0x67, 0x4b, 0xe9, 
	0x43, 0xa9, 0x43, 0xa9, 0x43, 0xa9, 0x43, 0xa9, 
	0x3b, 0x67, 0x2a, 0xe3, 0x2a, 0xe3, 0x2a, 0xe3, 
	0x2a, 0xe3, 0x2a, 0xe3, 0x2a, 0xe3, 0x2a, 0xe3, 
	0x32, 0xe3, 0x32, 0xe3, 0x32, 0xe3, 0x32, 0xe3, 
	0x32, 0xe3, 0x32, 0xe3, 0x32, 0xe3, 0x32, 0xe3, 
	0x33, 0x23, 0x33, 0x23, 0x33, 0x23, 0x33, 0x23, 
	0x2a, 0xe3, 0x2a, 0xe3, 0x2a, 0xe3, 0x2a, 0xe3, 
	0x2a, 0xe3, 0x2a, 0xe3, 0x2a, 0xe3, 0x2a, 0xe3, 
	0x22, 0xa1, 0x22, 0xa1, 0x22, 0xa1, 0x22, 0xa1, 
	0x22, 0xa1, 0x22, 0xa1, 0x22, 0xa1, 0x22, 0xa1, 
	0x2a, 0xe3, 0x33, 0x27, 0x33, 0x27, 0x2a, 0xe3, 
	0x2a, 0xe3, 0x2a, 0xe3, 0x2a, 0xe3, 0x3b, 0x67, 
	0x3b, 0x67, 0x3b, 0x67, 0x3b, 0x67, 0x3b, 0x67, 
	0x3b, 0x69, 0x3b, 0x69, 0x3b, 0x69, 0x3b, 0x69, 
	0x3b, 0x69, 0x3b, 0x69, 0x3b, 0x69, 0x3b, 0x69, 
	0x33, 0x29, 0x33, 0x29, 0x33, 0x29, 0x33, 0x29, 
	0x2a, 0xe7, 0x33, 0x29, 0x3b, 0x6d, 0x43, 0xef, 
	0x3b, 0xef, 0x3b, 0xad, 0x33, 0x6b, 0x3b, 0xad, 
	0x3b, 0xad, 0x3b, 0xad, 0x3b, 0xad, 0x3b, 0xad, 
	0x33, 0x6b, 0x3b, 0xaf, 0x3b, 0xaf, 0x3b, 0xaf, 
	0x3b, 0xaf, 0x3b, 0xaf, 0x3b, 0xaf, 0x3b, 0xaf, 
	0x3b, 0xaf, 0x3b, 0xaf, 0x3b, 0xaf, 0x3b, 0xaf, 
	0x3b, 0xab, 0x3b, 0xab, 0x43, 0xef, 0x43, 0xef, 
	0x3b, 0xad, 0x3b, 0xad, 0x4c, 0x2f, 0x4c, 0x2f, 
	0x3b, 0xad, 0x3b, 0xad, 0x3b, 0xad, 0x3b, 0xad, 
	0x43, 0xed, 0x43, 0xed, 0x3b, 0xad, 0x3b, 0xad, 
	0x3b, 0xad, 0x3b, 0xad, 0x3b, 0xad, 0x3b, 0xad, 
	0x3b, 0xad, 0x3b, 0xad, 0x3b, 0xad, 0x3b, 0x6b, 
	0x3b, 0xad, 0x3b, 0xad, 0x33, 0x6d, 0x3b, 0xad, 
	0x33, 0x6f, 0x3b, 0xaf, 0x3b, 0xaf, 0x3b, 0xaf, 
	0x3b, 0xad, 0x3b, 0xaf, 0x3b, 0xaf, 0x3b, 0xad, 
	0x33, 0x6b, 0x3b, 0xf1, 0x3b, 0xf1, 0x3b, 0xf1, 
	0x43, 0xaf, 0x43, 0xaf, 0x4c, 0x39, 0x4c, 0x39, 
	0x4c, 0x33, 0x44, 0x33, 0x44, 0x33, 0x44, 0x33, 
	0x3b, 0xf3, 0x44, 0x33, 0x44, 0x33, 0x44, 0x33, 
	0x3b, 0xf1, 0x3b, 0xf1, 0x44, 0x33, 0x43, 0xf3, 
	0x3b, 0xf1, 0x44, 0x33, 0x54, 0x75, 0x54, 0x75, 
	0x44, 0x33, 0x44, 0x33, 0x4c, 0x33, 0x4c, 0x33, 
	0x3b, 0xf3, 0x3b, 0xf3, 0x3b, 0xf3, 0x3b, 0xb1, 
	0x3b, 0xb1, 0x3b, 0xb1, 0x3b, 0xb1, 0x3b, 0xf1, 
	0x33, 0xf1, 0x33, 0xf1, 0x3b, 0xb1, 0x33, 0xb1, 
	0x33, 0xb1, 0x3b, 0xb1, 0x3b, 0xb1, 0x3b, 0xb1, 
	0x33, 0xaf, 0x54, 0x73, 0x54, 0x73, 0x33, 0xaf, 
	0x33, 0xb1, 0x33, 0xb1, 0x33, 0x71, 0x33, 0x71, 
	0x33, 0xf3, 0x33, 0xb1, 0x33, 0xb1, 0x33, 0xf3, 
	0x3b, 0xf1, 0x3b, 0xf1, 0x3b, 0xf1, 0x33, 0xb1, 
	0x33, 0xb1, 0x33, 0xb1, 0x2b, 0x6f, 0x2b, 0x6f, 
	0x2b, 0x6f, 0x2b, 0x6f, 0x2b, 0x6f, 0x2b, 0x6f, 
	0x2b, 0x6f, 0x2b, 0x6f, 0x33, 0x6f, 0x33, 0x6f, 
	0x33, 0x6f, 0x33, 0x6f, 0x33, 0x6f, 0x2b, 0x6d, 
	0x33, 0x6f, 0x33, 0x6f, 0x33, 0x6f, 0x33, 0x6f, 
	0x33, 0x6f, 0x33, 0x6f, 0x33, 0x6f, 0x4c, 0x31, 
	0x54, 0x73, 0x54, 0x73, 0x54, 0x73, 0x54, 0x73, 
	0x4c, 0x31, 0x4c, 0x31, 0x4c, 0x31, 0x64, 0xf3, 
	0x6d, 0x35, 0x6d, 0x35, 0x43, 0xef, 0x33, 0x6b, 
	0x3b, 0xad, 0x4c, 0x31, 0x5c, 0xb3, 0x5c, 0xb3, 
	0x4c, 0x2f, 0x4c, 0x2f, 0x75, 0x35, 0x75, 0x35, 
	0x5c, 0x71, 0x5c, 0x71, 0x4c, 0x2f, 0x4c, 0x2f, 
	0x3b, 0x6d, 0x3b, 0x6d, 0x75, 0x77, 0x75, 0x77, 
	0x6d, 0x35, 0x6d, 0x35, 0x5c, 0x71, 0x33, 0x2b, 
	0x5c, 0xb3, 0x7d, 0xb7, 0x43, 0xad, 0x22, 0xe9, 
	0x33, 0x2b, 0x4c, 0x71, 0x5c, 0xf3, 0x43, 0xad, 
	0x3b, 0x69, 0x43, 0xa9, 0x3b, 0x69, 0x43, 0xa9, 
	0x4b, 0xe9, 0x4b, 0xe9, 0x3b, 0x65, 0x33, 0x23, 
	0x33, 0x23, 0x33, 0x23, 0x3b, 0x65, 0x3b, 0x65, 
	0x3b, 0x65, 0x3b, 0x65, 0x3b, 0x65, 0x3b, 0x65, 
	0x3b, 0x65, 0x3b, 0x65, 0x3b, 0x65, 0x3b, 0x65, 
	0x3b, 0x65, 0x3b, 0x65, 0x33, 0x23, 0x33, 0x23, 
	0x33, 0x23, 0x2a, 0xe1, 0x2a, 0xe1, 0x22, 0xa1, 
	0x22, 0x9f, 0x22, 0x9f, 0x2a, 0xa1, 0x2a, 0xa1, 
	0x22, 0xa1, 0x22, 0xa1, 0x22, 0xa1, 0x22, 0xa1, 
	0x22, 0xe1, 0x22, 0xa1, 0x22, 0xa1, 0x22, 0xa1, 
	0x1a, 0x61, 0x1a, 0x61, 0x1a, 0x61, 0x1a, 0x61, 
	0x1a, 0xa1, 0x1a, 0xa1, 0x1a, 0xa1, 0x1a, 0xa1, 
	0x1a, 0x5f, 0x1a, 0x5f, 0x1a, 0x5f, 0x1a, 0x5f, 
	0x1a, 0x61, 0x22, 0xa3, 0x22, 0xa3, 0x22, 0xe3, 
	0x2a, 0xe5, 0x33, 0x25, 0x33, 0x25, 0x2a, 0xe5, 
	0x2b, 0x25, 0x2a, 0xe5, 0x2a, 0xe5, 0x2a, 0xe5, 
	0x33, 0x27, 0x3b, 0x67, 0x3b, 0x67, 0x3b, 0x67, 
	0x33, 0x67, 0x3b, 0x69, 0x3b, 0x69, 0x3b, 0x69, 
	0x3b, 0x69, 0x3b, 0x69, 0x3b, 0x69, 0x3b, 0xa9, 
	0x3b, 0x6b, 0x43, 0xed, 0x4c, 0x2f, 0x4c, 0x2f, 
	0x43, 0xab, 0x3b, 0x6b, 0x3b, 0x6b, 0x3b, 0x6b, 
	0x33, 0x6d, 0x33, 0x6d, 0x33, 0x6d, 0x33, 0xad, 
	0x3b, 0xad, 0x3b, 0xad, 0x3b, 0xad, 0x3b, 0xad, 
	0x3b, 0xaf, 0x3b, 0xaf, 0x3b, 0xaf, 0x3b, 0xaf, 
	0x3b, 0xad, 0x3b, 0xad, 0x3b, 0xad, 0x3b, 0xad, 
	0x3b, 0xad, 0x3b, 0xad, 0x3b, 0xad, 0x3b, 0xad, 
	0x33, 0x6b, 0x33, 0x6b, 0x3b, 0xad, 0x33, 0x6b, 
	0x3b, 0xad, 0x3b, 0xad, 0x33, 0x6d, 0x3b, 0xad, 
	0x3b, 0x6d, 0x3b, 0x6d, 0x3b, 0x6d, 0x3b, 0xad, 
	0x3b, 0x6b, 0x3b, 0x6b, 0x3b, 0x6b, 0x3b, 0xad, 
	0x3b, 0xad, 0x33, 0x6d, 0x33, 0x6d, 0x3b, 0xad, 
	0x3b, 0xaf, 0x3b, 0xaf, 0x43, 0xef, 0x43, 0xef, 
	0x43, 0xf1, 0x43, 0xf1, 0x43, 0xf1, 0x43, 0xef, 
	0x3b, 0xf1, 0x3b, 0xf1, 0x3b, 0xf1, 0x3b, 0xf1, 
	0x43, 0xaf, 0x43, 0xaf, 0x43, 0xaf, 0x43, 0xaf, 
	0x43, 0xf1, 0x44, 0x33, 0x44, 0x33, 0x4c, 0x33, 
	0x54, 0x75, 0x54, 0x75, 0x44, 0x33, 0x3b, 0xf3, 
	0x3b, 0xf1, 0x3b, 0xf1, 0x3b, 0xf1, 0x3b, 0xf1, 
	0x44, 0x33, 0x54, 0x75, 0x4c, 0x33, 0x4c, 0x33, 
	0x4c, 0x33, 0x54, 0x75, 0x54, 0x75, 0x4c, 0x33, 
	0x3b, 0xf3, 0x3b, 0xf3, 0x3b, 0xf3, 0x3b, 0xf3, 
	0x3b, 0xf1, 0x3b, 0xb1, 0x3b, 0xf1, 0x3b, 0xf1, 
	0x33, 0xf1, 0x33, 0xf1, 0x33, 0xf1, 0x33, 0xf1, 
	0x33, 0xf1, 0x33, 0xf1, 0x3b, 0xb1, 0x3b, 0xb1, 
	0x3b, 0xf1, 0x54, 0x73, 0x3b, 0xf1, 0x33, 0xaf, 
	0x33, 0xb1, 0x33, 0xb1, 0x33, 0xb1, 0x33, 0xb1, 
	0x33, 0xf3, 0x33, 0xf3, 0x33, 0xb1, 0x33, 0xf3, 
	0x3b, 0xf1, 0x33, 0xb1, 0x33, 0xb1, 0x33, 0xb1, 
	0x2b, 0x6f, 0x2b, 0x6f, 0x2b, 0x6f, 0x2b, 0x6f, 
	0x2b, 0x6f, 0x2b, 0x6f, 0x2b, 0x6f, 0x2b, 0x6f, 
	0x2b, 0x6f, 0x2b, 0x6f, 0x2b, 0x6f, 0x33, 0x6f, 
	0x33, 0x6f, 0x33, 0x6f, 0x33, 0x6f, 0x2b, 0x6d, 
	0x33, 0x6f, 0x2b, 0x6d, 0x33, 0x6f, 0x33, 0x6f, 
	0x33, 0x6f, 0x33, 0x6f, 0x33, 0x6f, 0x33, 0x6f, 
	0x3b, 0xaf, 0x3b, 0xaf, 0x6d, 0x35, 0x54, 0x73, 
	0x4c, 0x31, 0x4c, 0x31, 0x4c, 0x31, 0x4c, 0x31, 
	0x5c, 0xb1, 0x43, 0xef, 0x43, 0xef, 0x33, 0x6b, 
	0x2b, 0x2b, 0x3b, 0xad, 0x4c, 0x31, 0x5c, 0xb3, 
	0x75, 0x35, 0x85, 0xf9, 0x85, 0xf9, 0x75, 0x35, 
	0x5c, 0x71, 0x5c, 0x71, 0x5c, 0x71, 0x33, 0x6b, 
	0x3b, 0x6d, 0x75, 0x77, 0x96, 0x7b, 0x96, 0x7b, 
	0x6d, 0x35, 0x5c, 0x71, 0x43, 0xef, 0x5c, 0x71, 
	0x7d, 0xb7, 0x7d, 0xb7, 0x43, 0xad, 0x22, 0xe9, 
	0x4c, 0x71, 0x5c, 0xf3, 0x4c, 0x71, 0x43, 0xad, 
	0x33, 0x27, 0x43, 0xa9, 0x3b, 0x69, 0x4b, 0xeb, 
	0x4b, 0xe9, 0x54, 0x2b, 0x54, 0x2b, 0x4b, 0xe9, 
	0x33, 0x23, 0x32, 0xe3, 0x32, 0xe3, 0x33, 0x23, 
	0x33, 0x23, 0x3b, 0x65, 0x3b, 0x65, 0x3b, 0x65, 
	0x3b, 0x65, 0x3b, 0x65, 0x3b, 0x65, 0x3b, 0x65, 
	0x43, 0xa7, 0x43, 0xa7, 0x3b, 0x65, 0x3b, 0x65, 
	0x3b, 0x23, 0x3b, 0x23, 0x33, 0x23, 0x33, 0x23, 
	0x2a, 0xe1, 0x2a, 0xa1, 0x22, 0x9f, 0x22, 0x9f, 
	0x22, 0x9f, 0x22, 0x9f, 0x22, 0x9f, 0x22, 0x9f, 
	0x22, 0xa1, 0x1a, 0x5f, 0x1a, 0x5f, 0x1a, 0x5f, 
	0x12, 0x5f, 0x12, 0x5f, 0x12, 0x5f, 0x12, 0x5f, 
	0x12, 0x5f, 0x12, 0x5f, 0x12, 0x5f, 0x12, 0x5f, 
	0x1a, 0x5f, 0x1a, 0x5f, 0x1a, 0x5f, 0x1a, 0x5f, 
	0x1a, 0x61, 0x1a, 0x61, 0x1a, 0x61, 0x22, 0xa3, 
	0x2a, 0xe5, 0x2a, 0xe5, 0x33, 0x25, 0x33, 0x25, 
	0x33, 0x27, 0x33, 0x27, 0x33, 0x27, 0x33, 0x27, 
	0x33, 0x27, 0x33, 0x27, 0x3b, 0x67, 0x33, 0x27, 
	0x2b, 0x25, 0x2b, 0x25, 0x2b, 0x25, 0x33, 0x27, 
	0x33, 0x69, 0x33, 0x29, 0x33, 0x29, 0x33, 0x69, 
	0x3b, 0x6b, 0x43, 0xed, 0x43, 0xed, 0x43, 0xed, 
	0x43, 0xab, 0x3b, 0x6b, 0x3b, 0x6b, 0x33, 0x6b, 
	0x33, 0x6b, 0x33, 0xad, 0x33, 0xad, 0x33, 0xad, 
	0x33, 0x6b, 0x33, 0x6b, 0x3b, 0xad, 0x33, 0x6b, 
	0x33, 0x6d, 0x3b, 0xad, 0x3b, 0xad, 0x3b, 0xad, 
	0x3b, 0xad, 0x3b, 0xad, 0x3b, 0xad, 0x3b, 0xad, 
	0x3b, 0xad, 0x33, 0x6b, 0x3b, 0xad, 0x33, 0x6b, 
	0x33, 0x6b, 0x33, 0x6b, 0x33, 0x6b, 0x33, 0x6b, 
	0x33, 0x6d, 0x33, 0x6d, 0x3b, 0xad, 0x3b, 0xad, 
	0x3b, 0xad, 0x3b, 0xad, 0x3b, 0xad, 0x3b, 0xad, 
	0x3b, 0xaf, 0x3b, 0xaf, 0x3b, 0xaf, 0x3b, 0xaf, 
	0x3b, 0xaf, 0x3b, 0xad, 0x3b, 0xaf, 0x3b, 0xad, 
	0x3b, 0xaf, 0x3b, 0xaf, 0x3b, 0xaf, 0x3b, 0xaf, 
	0x43, 0xef, 0x43, 0xf1, 0x43, 0xf1, 0x43, 0xef, 
	0x3b, 0xf1, 0x3b, 0xf1, 0x3b, 0xf1, 0x3b, 0xf1, 
	0x43, 0xaf, 0x43, 0xaf, 0x43, 0xaf, 0x43, 0xaf, 
	0x43, 0xf1, 0x43, 0xf1, 0x43, 0xf1, 0x4c, 0x33, 
	0x4c, 0x35, 0x4c, 0x35, 0x44, 0x33, 0x3b, 0xf3, 
	0x3b, 0xf1, 0x3b, 0xb1, 0x3b, 0xb1, 0x3b, 0xf1, 
	0x44, 0x33, 0x44, 0x33, 0x44, 0x33, 0x44, 0x33, 
	0x44, 0x33, 0x54, 0x75, 0x4c, 0x33, 0x44, 0x33, 
	0x3b, 0xb1, 0x3b, 0xf3, 0x3b, 0xf3, 0x3b, 0xf3, 
	0x3b, 0xf1, 0x3b, 0xf1, 0x3b, 0xf1, 0x3b, 0xf1, 
	0x33, 0xb1, 0x33, 0xb1, 0x3b, 0xb1, 0x3b, 0xb1, 
	0x33, 0xf1, 0x33, 0xf1, 0x3b, 0xb1, 0x3b, 0xb1, 
	0x3b, 0xf1, 0x4c, 0x31, 0x3b, 0xf1, 0x33, 0xaf, 
	0x33, 0xf1, 0x33, 0xf1, 0x33, 0xf1, 0x33, 0xb1, 
	0x33, 0xf3, 0x33, 0xb1, 0x33, 0xb1, 0x33, 0xb1, 
	0x33, 0xb1, 0x33, 0xb1, 0x3b, 0xf1, 0x33, 0xb1, 
	0x2b, 0x6f, 0x2b, 0x6f, 0x2b, 0x6f, 0x2b, 0x6f, 
	0x2b, 0x2f, 0x2b, 0x2f, 0x2b, 0x6f, 0x2b, 0x6f, 
	0x2b, 0x6f, 0x33, 0x6f, 0x33, 0x6f, 0x2b, 0x6f, 
	0x33, 0x6f, 0x2b, 0x6d, 0x2b, 0x6d, 0x2b, 0x6d, 
	0x33, 0x6f, 0x33, 0x6f, 0x2b, 0x6d, 0x33, 0x6f, 
	0x33, 0x6f, 0x33, 0x6f, 0x4c, 0x31, 0x5c, 0xb3, 
	0x54, 0x73, 0x54, 0x73, 0x6d, 0x35, 0x6d, 0x35, 
	0x96, 0x39, 0x64, 0xf3, 0x64, 0xf3, 0x64, 0xf3, 
	0x6d, 0x35, 0x43, 0xef, 0x33, 0x6b, 0x33, 0x6b, 
	0x2b, 0x2b, 0x2b, 0x2b, 0x3b, 0xad, 0x4c, 0x31, 
	0x5c, 0xb3, 0x85, 0xf9, 0x75, 0x35, 0x5c, 0xb3, 
	0x4c, 0x2f, 0x4c, 0x2f, 0x33, 0x6b, 0x33, 0x6b, 
	0x5c, 0x71, 0x96, 0x7b, 0x75, 0x77, 0x75, 0x77, 
	0x5c, 0x71, 0x43, 0xef, 0x43, 0xef, 0x6d, 0x35, 
	0x7d, 0xb7, 0x7d, 0xb7, 0x5c, 0xb3, 0x43, 0xad, 
	0x43, 0xad, 0x43, 0xad, 0x33, 0x2b, 0x33, 0x2b, 
	0x43, 0xa9, 0x43, 0xa9, 0x3b, 0x69, 0x43, 0xa9, 
	0x3b, 0x65, 0x3b, 0x65, 0x4b, 0xe9, 0x4b, 0xe9, 
	0x33, 0x23, 0x32, 0xe3, 0x32, 0xe3, 0x32, 0xe3, 
	0x2a, 0xe3, 0x2a, 0xe3, 0x2a, 0xe3, 0x2a, 0xe3, 
	0x32, 0xe3, 0x32, 0xe3, 0x32, 0xe3, 0x32, 0xe3, 
	0x2a, 0xe1, 0x33, 0x23, 0x33, 0x23, 0x33, 0x23, 
	0x3b, 0x23, 0x33, 0x23, 0x2a, 0xe1, 0x33, 0x23, 
	0x33, 0x23, 0x2a, 0xe1, 0x2a, 0xe1, 0x2a, 0xe1, 
	0x22, 0xa1, 0x22, 0xa1, 0x22, 0x9f, 0x22, 0x9f, 
	0x1a, 0x5f, 0x22, 0xa1, 0x22, 0xe1, 0x22, 0xa1, 
	0x22, 0xa1, 0x1a, 0x61, 0x1a, 0x61, 0x22, 0xa1, 
	0x1a, 0xa1, 0x1a, 0xa1, 0x1a, 0xa1, 0x22, 0xa1, 
	0x22, 0xa3, 0x22, 0xa3, 0x22, 0xa3, 0x22, 0xa3, 
	0x22, 0xe3, 0x22, 0xe3, 0x22, 0xe3, 0x22, 0xe3, 
	0x2a, 0xe5, 0x2a, 0xe5, 0x33, 0x25, 0x33, 0x25, 
	0x33, 0x27, 0x33, 0x27, 0x33, 0x27, 0x33, 0x27, 
	0x33, 0x27, 0x33, 0x27, 0x33, 0x27, 0x33, 0x27, 
	0x33, 0x27, 0x33, 0x27, 0x33, 0x27, 0x33, 0x67, 
	0x33, 0x69, 0x33, 0x69, 0x33, 0x29, 0x33, 0x29, 
	0x33, 0x29, 0x33, 0x29, 0x33, 0x29, 0x33, 0x29, 
	0x33, 0x6b, 0x33, 0x6b, 0x33, 0x6b, 0x33, 0x6b, 
	0x33, 0x6d, 0x33, 0x6d, 0x33, 0x6d, 0x33, 0xad, 
	0x33, 0x6b, 0x33, 0x6b, 0x33, 0x6b, 0x33, 0x6b, 
	0x33, 0x6d, 0x33, 0x6d, 0x33, 0x6d, 0x3b, 0xad, 
	0x3b, 0xad, 0x3b, 0xad, 0x3b, 0xad, 0x33, 0x6d, 
	0x33, 0x6b, 0x3b, 0xad, 0x3b, 0xad, 0x3b, 0xad, 
	0x3b, 0xad, 0x3b, 0xad, 0x33, 0x6b, 0x3b, 0xad, 
	0x33, 0x6d, 0x33, 0x6d, 0x3b, 0xad, 0x3b, 0xad, 
	0x3b, 0xad, 0x3b, 0xad, 0x3b, 0xad, 0x3b, 0xad, 
	0x3b, 0xaf, 0x3b, 0xaf, 0x3b, 0xaf, 0x3b, 0xaf, 
	0x3b, 0xaf, 0x3b, 0xad, 0x3b, 0xaf, 0x43, 0xef, 
	0x3b, 0xaf, 0x3b, 0xaf, 0x3b, 0xaf, 0x3b, 0xaf, 
	0x3b, 0xaf, 0x43, 0xf1, 0x43, 0xf1, 0x43, 0xf1, 
	0x3b, 0xf1, 0x3b, 0xf1, 0x33, 0x6b, 0x2a, 0x9d, 
	0x2a, 0x9b, 0x2a, 0x9b, 0x33, 0x25, 0x33, 0x25, 
	0x3b, 0xf1, 0x3b, 0xf1, 0x3b, 0xf1, 0x3b, 0xf1, 
	0x3b, 0xf3, 0x44, 0x33, 0x4c, 0x35, 0x3b, 0xf3, 
	0x3b, 0xf1, 0x3b, 0xf1, 0x3b, 0xb1, 0x3b, 0xb1, 
	0x3b, 0xf1, 0x3b, 0xf1, 0x3b, 0xf1, 0x3b, 0xf1, 
	0x44, 0x33, 0x44, 0x33, 0x44, 0x33, 0x3b, 0xf1, 
	0x3b, 0xb1, 0x3b, 0xb1, 0x3b, 0xf3, 0x3b, 0xb1, 
	0x3b, 0xb1, 0x3b, 0xf1, 0x3b, 0xf1, 0x3b, 0xf1, 
	0x3b, 0xb1, 0x33, 0xf1, 0x33, 0xf1, 0x3b, 0xb1, 
	0x3b, 0xb1, 0x3b, 0xb1, 0x3b, 0xb1, 0x3b, 0xb1, 
	0x33, 0xaf, 0x33, 0xaf, 0x33, 0xaf, 0x33, 0xaf, 
	0x33, 0xb1, 0x33, 0xb1, 0x33, 0xf1, 0x33, 0xb1, 
	0x33, 0xb1, 0x33, 0xb1, 0x33, 0xb1, 0x33, 0xb1, 
	0x33, 0xb1, 0x3b, 0xf3, 0x44, 0x33, 0x33, 0xb1, 
	0x2b, 0x6f, 0x2b, 0x6f, 0x2b, 0x6f, 0x2b, 0x6f, 
	0x2b, 0x2f, 0x2b, 0x6f, 0x2b, 0x6f, 0x2b, 0x2f, 
	0x2b, 0x6f, 0x2b, 0x6f, 0x2b, 0x6f, 0x2b, 0x6f, 
	0x2b, 0x2d, 0x2b, 0x2d, 0x2b, 0x2d, 0x2b, 0x6d, 
	0x33, 0x6f, 0x2b, 0x6d, 0x2b, 0x2d, 0x2b, 0x2d, 
	0x33, 0x6f, 0x33, 0x6f, 0x5c, 0xb3, 0x75, 0x75, 
	0x85, 0xf9, 0x85, 0xf9, 0x54, 0x73, 0x6d, 0x35, 
	0x7d, 0xb7, 0x7d, 0xb7, 0x64, 0xf3, 0x64, 0xf3, 
	0x5c, 0xb1, 0x33, 0x6b, 0x33, 0x6b, 0x33, 0x6b, 
	0x2b, 0x2b, 0x3b, 0xad, 0x3b, 0xad, 0x3b, 0xad, 
	0x4c, 0x2f, 0x5c, 0xb3, 0x5c, 0xb3, 0x4c, 0x2f, 
	0x43, 0xad, 0x33, 0x6b, 0x33, 0x6b, 0x5c, 0x71, 
	0x75, 0x77, 0x5c, 0x71, 0x5c, 0x71, 0x3b, 0x6d, 
	0x43, 0xef, 0x33, 0x2b, 0x5c, 0x71, 0x6d, 0x35, 
	0x5c, 0xb3, 0x5c, 0xb3, 0x43, 0xad, 0x43, 0xad, 
	0x4c, 0x71, 0x43, 0xad, 0x33, 0x2b, 0x33, 0x2b, 
	0x4b, 0xeb, 0x3b, 0x69, 0x33, 0x27, 0x33, 0x27, 
	0x33, 0x23, 0x33, 0x23, 0x33, 0x23, 0x33, 0x23, 
	0x32, 0xe3, 0x32, 0xe3, 0x2a, 0xa1, 0x2a, 0xa1, 
	0x22, 0xa1, 0x22, 0xa1, 0x22, 0xa1, 0x22, 0xa1, 
	0x2a, 0xa1, 0x2a, 0xa1, 0x2a, 0xa1, 0x2a, 0xa1, 
	0x2a, 0xe1, 0x2a, 0xe1, 0x2a, 0xe1, 0x2a, 0xe1, 
	0x2a, 0xe1, 0x2a, 0xe1, 0x2a, 0xe1, 0x2a, 0xe1, 
	0x33, 0x23, 0x33, 0x23, 0x33, 0x23, 0x33, 0x23, 
	0x2a, 0xe3, 0x2a, 0xe3, 0x2a, 0xe3, 0x2a, 0xe3, 
	0x22, 0xe1, 0x2a, 0xe3, 0x2a, 0xe3, 0x2a, 0xe3, 
	0x2a, 0xe3, 0x2a, 0xe3, 0x2a, 0xe3, 0x2a, 0xe3, 
	0x2a, 0xe3, 0x2a, 0xe3, 0x2a, 0xe3, 0x2a, 0xe3, 
	0x2a, 0xe5, 0x2a, 0xe5, 0x2a, 0xe5, 0x2a, 0xe5, 
	0x2a, 0xe5, 0x2a, 0xe5, 0x2a, 0xe5, 0x2a, 0xe5, 
	0x33, 0x25, 0x2a, 0xe5, 0x33, 0x25, 0x33, 0x25, 
	0x33, 0x27, 0x33, 0x27, 0x33, 0x27, 0x33, 0x27, 
	0x33, 0x27, 0x33, 0x27, 0x33, 0x27, 0x33, 0x27, 
	0x33, 0x67, 0x33, 0x67, 0x33, 0x67, 0x33, 0x67, 
	0x33, 0x69, 0x33, 0x69, 0x33, 0x69, 0x33, 0x29, 
	0x33, 0x29, 0x33, 0x29, 0x33, 0x29, 0x33, 0x29, 
	0x33, 0x6b, 0x33, 0x6b, 0x33, 0x6b, 0x33, 0x6b, 
	0x33, 0x6d, 0x33, 0x6d, 0x33, 0x6b, 0x33, 0x6d, 
	0x33, 0x6b, 0x33, 0x6b, 0x33, 0x6b, 0x33, 0x6b, 
	0x33, 0x6b, 0x33, 0x6b, 0x33, 0x6b, 0x33, 0x6b, 
	0x33, 0x6d, 0x3b, 0xad, 0x3b, 0xad, 0x33, 0x6d, 
	0x33, 0xb1, 0x33, 0xb1, 0x33, 0xb1, 0x33, 0xb1, 
	0x3b, 0xad, 0x3b, 0xad, 0x3b, 0xad, 0x3b, 0xad, 
	0x33, 0xaf, 0x33, 0xaf, 0x33, 0xaf, 0x33, 0xaf, 
	0x3b, 0xaf, 0x3b, 0xaf, 0x3b, 0xaf, 0x3b, 0xad, 
	0x3b, 0xaf, 0x3b, 0xaf, 0x3b, 0xaf, 0x3b, 0xaf, 
	0x3b, 0xb1, 0x3b, 0xb1, 0x3b, 0xb1, 0x3b, 0xb1, 
	0x3b, 0xb1, 0x3b, 0xb1, 0x3b, 0xb1, 0x3b, 0xb1, 
	0x43, 0xef, 0x43, 0xef, 0x43, 0xef, 0x43, 0xef, 
	0x3b, 0xab, 0x3b, 0xab, 0x22, 0x07, 0x22, 0x07, 
	0x22, 0x07, 0x22, 0x07, 0x22, 0x07, 0x22, 0x07, 
	0x22, 0x49, 0x2a, 0x8d, 0x2a, 0x8d, 0x32, 0xd3, 
	0x33, 0x5f, 0x3b, 0xeb, 0x3b, 0xeb, 0x3b, 0xeb, 
	0x44, 0x37, 0x44, 0x37, 0x43, 0xa9, 0x43, 0xa9, 
	0x3b, 0xb1, 0x3b, 0xb1, 0x3b, 0xb1, 0x3b, 0xb1, 
	0x3b, 0xb1, 0x3b, 0xb1, 0x4c, 0x31, 0x4c, 0x31, 
	0x33, 0xf1, 0x33, 0xb1, 0x33, 0xb1, 0x33, 0xb1, 
	0x3b, 0xb1, 0x3b, 0xb1, 0x3b, 0xb1, 0x43, 0xf1, 
	0x33, 0xf1, 0x33, 0xb1, 0x33, 0xb1, 0x33, 0xb1, 
	0x33, 0xaf, 0x33, 0xaf, 0x33, 0x6f, 0x33, 0xaf, 
	0x33, 0xaf, 0x33, 0xaf, 0x33, 0xaf, 0x33, 0x6f, 
	0x33, 0x6f, 0x33, 0xb1, 0x33, 0xb1, 0x33, 0xb1, 
	0x33, 0xb1, 0x33, 0xb1, 0x33, 0xb1, 0x33, 0x71, 
	0x44, 0x37, 0x44, 0x37, 0x44, 0x37, 0x33, 0x2d, 
	0x2b, 0x2d, 0x2b, 0x2d, 0x2b, 0x2d, 0x2b, 0x2d, 
	0x2b, 0x2f, 0x2b, 0x2f, 0x2b, 0x2f, 0x2b, 0x2f, 
	0x2b, 0x2f, 0x2b, 0x2f, 0x2b, 0x6f, 0x2b, 0x6f, 
	0x2b, 0x6f, 0x2b, 0x2f, 0x2b, 0x2f, 0x2b, 0x2f, 
	0x2b, 0x2f, 0x2b, 0x2d, 0x22, 0xed, 0x2b, 0x2d, 
	0x2b, 0x2d, 0x3b, 0xaf, 0x5c, 0xb3, 0x5c, 0xb3, 
	0x64, 0xf5, 0x64, 0xf5, 0x54, 0x73, 0x54, 0x73, 
	0x4c, 0x31, 0x4c, 0x31, 0x4c, 0x31, 0x4c, 0x31, 
	0x43, 0xad, 0x33, 0x6d, 0x2b, 0x2d, 0x2b, 0x2d, 
	0x2b, 0x2d, 0x2b, 0x2d, 0x33, 0x2d, 0x3b, 0xaf, 
	0x43, 0xef, 0x43, 0xef, 0x43, 0xef, 0x43, 0xef, 
	0x33, 0x6d, 0x2b, 0x2d, 0x33, 0x6d, 0x43, 0xaf, 
	0x43, 0xab, 0x3b, 0x6d, 0x3b, 0x6d, 0x33, 0x6d, 
	0x2b, 0x2d, 0x2b, 0x2d, 0x43, 0xaf, 0x4b, 0xef, 
	0x3b, 0x6d, 0x3b, 0x6d, 0x2b, 0x2d, 0x33, 0x6d, 
	0x43, 0xeb, 0x33, 0x6d, 0x33, 0x6d, 0x33, 0x6d, 
	0x33, 0x29, 0x33, 0x29, 0x2b, 0x2b, 0x2a, 0xeb, 
	0x2a, 0xe7, 0x2a, 0xe3, 0x2a, 0xe3, 0x2a, 0xe3, 
	0x2a, 0xe3, 0x2a, 0xe3, 0x2a, 0xe3, 0x2a, 0xe3, 
	0x2a, 0xe7, 0x22, 0xa1, 0x22, 0x9b, 0x22, 0xa1, 
	0x22, 0x9f, 0x22, 0x9f, 0x22, 0x9f, 0x22, 0xe7, 
	0x2a, 0xe1, 0x2a, 0xe1, 0x2a, 0xe5, 0x2a, 0xe1, 
	0x2a, 0xe1, 0x2a, 0xe1, 0x2a, 0xe1, 0x2a, 0xe5, 
	0x33, 0x23, 0x33, 0x23, 0x33, 0x23, 0x32, 0xe5, 
	0x33, 0x23, 0x32, 0xe5, 0x32, 0xe5, 0x32, 0xe5, 
	0x2a, 0xe5, 0x2a, 0xe5, 0x2a, 0xe5, 0x2a, 0xe5, 
	0x2a, 0xe9, 0x2a, 0xe9, 0x2a, 0xe9, 0x2a, 0xe9, 
	0x2a, 0xe7, 0x2a, 0xe7, 0x2a, 0xe7, 0x2a, 0xe7, 
	0x2a, 0xe5, 0x2a, 0xe5, 0x2a, 0xe5, 0x2a, 0xe5, 
	0x2a, 0xe9, 0x2a, 0xe9, 0x2a, 0xe9, 0x2a, 0xe9, 
	0x2a, 0xe9, 0x2a, 0xe9, 0x2a, 0xe9, 0x2a, 0xe9, 
	0x33, 0x25, 0x33, 0x25, 0x33, 0x25, 0x33, 0x25, 
	0x33, 0x27, 0x33, 0x27, 0x33, 0x27, 0x33, 0x27, 
	0x33, 0x29, 0x33, 0x29, 0x33, 0x29, 0x33, 0x29, 
	0x33, 0x2d, 0x33, 0x29, 0x33, 0x29, 0x33, 0x29, 
	0x33, 0x29, 0x33, 0x29, 0x33, 0x29, 0x33, 0x29, 
	0x33, 0x6d, 0x33, 0x6d, 0x33, 0x6d, 0x33, 0x6d, 
	0x33, 0x6f, 0x33, 0x6f, 0x33, 0x6f, 0x33, 0x6d, 
	0x33, 0x6f, 0x33, 0x6f, 0x33, 0x6f, 0x33, 0x6f, 
	0x33, 0x6f, 0x33, 0x6b, 0x33, 0x6b, 0x33, 0x6b, 
	0x33, 0x6d, 0x33, 0xb1, 0x33, 0xb1, 0x33, 0xb1, 
	0x33, 0x6f, 0x33, 0x6f, 0x33, 0x6f, 0x33, 0x6f, 
	0x2b, 0x35, 0x33, 0x73, 0x33, 0x73, 0x33, 0x6f, 
	0x33, 0xaf, 0x33, 0xaf, 0x33, 0xaf, 0x33, 0xaf, 
	0x3b, 0xaf, 0x3b, 0xaf, 0x3b, 0xaf, 0x3b, 0xaf, 
	0x3b, 0xaf, 0x3b, 0xaf, 0x3b, 0xaf, 0x3b, 0xaf, 
	0x3b, 0xb1, 0x3b, 0xb1, 0x3b, 0xb1, 0x3b, 0xb1, 
	0x3b, 0xb1, 0x3b, 0xb1, 0x3b, 0xb1, 0x3b, 0xb1, 
	0x43, 0xef, 0x43, 0xef, 0x43, 0xef, 0x43, 0xef, 
	0x3b, 0xab, 0x22, 0x07, 0x22, 0x07, 0x22, 0x07, 
	0x22, 0x07, 0x2a, 0x89, 0x2a, 0x49, 0x22, 0x07, 
	0x22, 0x49, 0x2a, 0x8d, 0x2a, 0x8d, 0x22, 0x49, 
	0x2a, 0x05, 0x2a, 0x05, 0x2a, 0x05, 0x2a, 0x05, 
	0x3a, 0x8d, 0x43, 0xa9, 0x44, 0x37, 0x43, 0xa9, 
	0x3b, 0xb1, 0x3b, 0xb1, 0x3b, 0xb1, 0x3b, 0xb1, 
	0x33, 0x71, 0x33, 0x71, 0x33, 0x71, 0x33, 0x71, 
	0x33, 0x71, 0x33, 0x71, 0x33, 0x71, 0x33, 0x71, 
	0x33, 0x71, 0x33, 0x71, 0x3b, 0xb1, 0x3b, 0xb1, 
	0x33, 0x71, 0x33, 0x71, 0x33, 0x71, 0x33, 0x71, 
	0x33, 0x6f, 0x33, 0x71, 0x33, 0x6f, 0x33, 0x6f, 
	0x33, 0xaf, 0x33, 0x6f, 0x33, 0x6f, 0x33, 0x71, 
	0x33, 0x71, 0x33, 0x71, 0x33, 0x71, 0x33, 0x71, 
	0x33, 0x71, 0x33, 0x71, 0x33, 0x6f, 0x33, 0x6f, 
	0x33, 0x2d, 0x33, 0x2d, 0x33, 0x2d, 0x33, 0x2d, 
	0x2b, 0x2d, 0x2b, 0x2d, 0x2b, 0x2d, 0x2b, 0x2d, 
	0x22, 0xed, 0x2b, 0x2f, 0x2b, 0x2f, 0x22, 0xed, 
	0x2a, 0xef, 0x2a, 0xef, 0x2a, 0xef, 0x2b, 0x2f, 
	0x2b, 0x2f, 0x2b, 0x2d, 0x2a, 0xed, 0x2b, 0x2d, 
	0x22, 0xed, 0x22, 0xed, 0x22, 0xed, 0x22, 0xed, 
	0x2b, 0x2d, 0x2b, 0x2d, 0x2b, 0x2d, 0x2b, 0x2d, 
	0x33, 0x2d, 0x33, 0x2d, 0x33, 0x2d, 0x33, 0x2d, 
	0x33, 0x2f, 0x33, 0x2f, 0x33, 0x2f, 0x33, 0x2f, 
	0x2b, 0x2d, 0x2b, 0x2d, 0x2b, 0x2d, 0x2b, 0x2d, 
	0x2b, 0x2d, 0x2b, 0x2d, 0x2b, 0x2d, 0x2b, 0x2d, 
	0x2b, 0x2f, 0x2b, 0x2f, 0x2b, 0x2f, 0x22, 0xef, 
	0x2b, 0x2d, 0x2b, 0x2d, 0x2b, 0x2d, 0x2b, 0x2d, 
	0x2b, 0x2f, 0x2b, 0x2f, 0x2b, 0x2f, 0x2b, 0x2f, 
	0x2b, 0x2d, 0x2b, 0x2d, 0x2b, 0x2d, 0x2b, 0x2d, 
	0x22, 0xed, 0x22, 0xed, 0x22, 0xed, 0x22, 0xed, 
	0x2b, 0x2d, 0x2b, 0x2d, 0x2b, 0x2d, 0x2b, 0x2d, 
	0x2a, 0xeb, 0x2a, 0xeb, 0x2a, 0xeb, 0x2a, 0xeb, 
	0x2a, 0xe7, 0x2a, 0xe7, 0x2a, 0xe7, 0x2a, 0xe7, 
	0x2a, 0xe3, 0x2a, 0xe7, 0x2a, 0xe7, 0x2a, 0xe7, 
	0x2a, 0xe7, 0x2a, 0xe7, 0x2a, 0xe7, 0x2a, 0xe7, 
	0x22, 0xe7, 0x22, 0xe7, 0x22, 0xe7, 0x22, 0xe7, 
	0x2a, 0xe5, 0x2a, 0xe5, 0x2a, 0xe9, 0x2a, 0xe9, 
	0x2a, 0xe9, 0x2a, 0xe5, 0x2a, 0xe5, 0x2a, 0xe5, 
	0x2a, 0xe9, 0x2a, 0xeb, 0x2a, 0xeb, 0x2a, 0xe9, 
	0x2a, 0xeb, 0x2a, 0xeb, 0x2a, 0xeb, 0x2a, 0xeb, 
	0x2a, 0xe9, 0x2a, 0xe5, 0x2a, 0xe5, 0x2a, 0xe9, 
	0x2a, 0xe9, 0x2a, 0xe9, 0x2a, 0xe9, 0x2a, 0xe9, 
	0x2a, 0xe7, 0x2a, 0xe9, 0x2a, 0xe9, 0x2a, 0xe7, 
	0x2a, 0xe7, 0x2a, 0xe7, 0x22, 0xeb, 0x2a, 0xe7, 
	0x22, 0xeb, 0x2a, 0xe9, 0x2a, 0xe9, 0x2a, 0xe9, 
	0x2a, 0xe9, 0x2a, 0xe9, 0x2a, 0xe9, 0x2a, 0xe9, 
	0x33, 0x29, 0x2b, 0x2d, 0x2b, 0x2d, 0x33, 0x29, 
	0x33, 0x2b, 0x33, 0x2b, 0x33, 0x2b, 0x33, 0x2b, 
	0x33, 0x2d, 0x33, 0x29, 0x33, 0x2d, 0x33, 0x29, 
	0x33, 0x2d, 0x2b, 0x6f, 0x2b, 0x6f, 0x2b, 0x6f, 
	0x2b, 0x6f, 0x2b, 0x6f, 0x2b, 0x6f, 0x33, 0x2d, 
	0x33, 0x6d, 0x33, 0x6d, 0x33, 0x6d, 0x33, 0x6d, 
	0x33, 0x6f, 0x33, 0x6d, 0x33, 0x6f, 0x33, 0x6d, 
	0x33, 0x6f, 0x33, 0x6f, 0x33, 0x6f, 0x33, 0x6f, 
	0x33, 0x6f, 0x33, 0x6f, 0x33, 0x6f, 0x33, 0x6f, 
	0x33, 0x6d, 0x33, 0x6d, 0x33, 0x6d, 0x33, 0x6d, 
	0x33, 0xb1, 0x33, 0x6f, 0x33, 0xb1, 0x33, 0x6f, 
	0x2b, 0x35, 0x2b, 0x35, 0x33, 0x73, 0x33, 0x73, 
	0x33, 0x71, 0x33, 0xaf, 0x33, 0xaf, 0x33, 0xaf, 
	0x33, 0x71, 0x33, 0x71, 0x33, 0x71, 0x3b, 0xaf, 
	0x3b, 0xaf, 0x32, 0xdf, 0x32, 0x51, 0x32, 0x51, 
	0x32, 0x97, 0x33, 0x23, 0x33, 0x23, 0x3b, 0xb1, 
	0x3b, 0xb1, 0x3b, 0xb1, 0x3b, 0xb1, 0x3b, 0xb1, 
	0x43, 0xef, 0x43, 0xef, 0x43, 0xef, 0x33, 0x1f, 
	0x22, 0x07, 0x22, 0x07, 0x22, 0x07, 0x22, 0x07, 
	0x2a, 0x49, 0x2a, 0x89, 0x2a, 0x49, 0x22, 0x07, 
	0x2a, 0x8f, 0x2a, 0x8d, 0x22, 0x49, 0x22, 0x49, 
	0x32, 0x91, 0x2a, 0x05, 0x32, 0x91, 0x32, 0x91, 
	0x3a, 0x8d, 0x3a, 0x8d, 0x3b, 0x1b, 0x43, 0xa9, 
	0x3b, 0xb1, 0x3b, 0xb1, 0x3b, 0xb1, 0x3b, 0xb1, 
	0x33, 0x71, 0x33, 0x71, 0x33, 0x71, 0x33, 0x71, 
	0x33, 0x71, 0x33, 0x71, 0x33, 0x71, 0x33, 0x71, 
	0x33, 0x71, 0x33, 0x71, 0x33, 0x71, 0x33, 0x71, 
	0x33, 0x71, 0x33, 0x71, 0x33, 0x71, 0x33, 0x71, 
	0x33, 0x71, 0x33, 0x71, 0x33, 0x71, 0x33, 0x71, 
	0x33, 0x71, 0x33, 0x71, 0x33, 0x71, 0x33, 0x31, 
	0x33, 0x6f, 0x33, 0x6f, 0x33, 0x6f, 0x33, 0x6f, 
	0x33, 0x2f, 0x33, 0x6f, 0x33, 0x2f, 0x33, 0x6f, 
	0x33, 0x2d, 0x33, 0x2d, 0x33, 0x2d, 0x33, 0x2d, 
	0x2b, 0x2d, 0x2b, 0x2d, 0x2b, 0x2d, 0x2b, 0x2d, 
	0x2b, 0x2f, 0x2b, 0x2f, 0x2b, 0x2f, 0x2b, 0x2f, 
	0x2b, 0x2f, 0x2b, 0x2f, 0x2b, 0x2f, 0x2b, 0x2f, 
	0x2b, 0x2f, 0x2b, 0x2d, 0x2b, 0x2d, 0x2b, 0x2f, 
	0x2b, 0x2d, 0x2b, 0x2d, 0x2b, 0x2d, 0x2b, 0x2d, 
	0x2b, 0x2d, 0x2b, 0x2d, 0x2b, 0x2d, 0x2b, 0x2d, 
	0x33, 0x2d, 0x33, 0x2d, 0x33, 0x2d, 0x33, 0x2d, 
	0x33, 0x2f, 0x33, 0x2f, 0x33, 0x2f, 0x33, 0x2f, 
	0x2b, 0x2d, 0x2b, 0x2d, 0x2b, 0x2d, 0x2b, 0x2d, 
	0x2b, 0x2d, 0x2b, 0x2d, 0x2b, 0x2d, 0x2b, 0x2d, 
	0x2b, 0x2f, 0x2b, 0x2f, 0x2b, 0x2f, 0x2b, 0x2f, 
	0x2b, 0x2d, 0x2b, 0x2d, 0x2b, 0x2d, 0x2b, 0x2d, 
	0x2b, 0x2f, 0x2b, 0x2f, 0x2b, 0x2f, 0x2b, 0x2f, 
	0x2b, 0x2d, 0x2b, 0x2d, 0x2b, 0x2d, 0x2b, 0x2d, 
	0x22, 0xed, 0x22, 0xed, 0x22, 0xed, 0x22, 0xed, 
	0x2b, 0x2d, 0x2b, 0x2d, 0x2b, 0x2d, 0x2b, 0x2d, 
	0x2a, 0xeb, 0x2b, 0x2b, 0x2a, 0xeb, 0x2a, 0xeb, 
	0x2a, 0xed, 0x2a, 0xed, 0x2a, 0xed, 0x2a, 0xed, 
	0x2a, 0xed, 0x2a, 0xed, 0x2a, 0xed, 0x2a, 0xed, 
	0x2a, 0xed, 0x2a, 0xed, 0x2a, 0xed, 0x2a, 0xed, 
	0x2a, 0xed, 0x2a, 0xed, 0x2a, 0xed, 0x2a, 0xed, 
	0x2a, 0xed, 0x2a, 0xe9, 0x2a, 0xe9, 0x2a, 0xed, 
	0x2a, 0xed, 0x2a, 0xed, 0x2a, 0xe9, 0x2a, 0xe9, 
	0x2a, 0xeb, 0x2a, 0xe9, 0x2a, 0xe9, 0x2a, 0xeb, 
	0x2a, 0xeb, 0x2a, 0xe9, 0x2a, 0xeb, 0x2a, 0xeb, 
	0x32, 0xeb, 0x2a, 0xe9, 0x2a, 0xe9, 0x32, 0xeb, 
	0x2a, 0xe9, 0x2a, 0xe9, 0x2a, 0xe9, 0x22, 0xa9, 
	0x22, 0xa9, 0x22, 0xa9, 0x22, 0xa9, 0x2a, 0xe9, 
	0x22, 0xeb, 0x22, 0xeb, 0x22, 0xeb, 0x22, 0xad, 
	0x22, 0xab, 0x22, 0xeb, 0x22, 0xeb, 0x2a, 0xe9, 
	0x2a, 0xe9, 0x2b, 0x2b, 0x2b, 0x2f, 0x2a, 0xe9, 
	0x2b, 0x2d, 0x2b, 0x31, 0x2b, 0x31, 0x2b, 0x31, 
	0x2b, 0x31, 0x2b, 0x31, 0x2b, 0x31, 0x2b, 0x31, 
	0x2b, 0x6f, 0x2b, 0x6f, 0x2b, 0x73, 0x2b, 0x6f, 
	0x2b, 0x6f, 0x2b, 0x6f, 0x2b, 0x6f, 0x2b, 0x6f, 
	0x2b, 0x6f, 0x2b, 0x6f, 0x2b, 0x73, 0x2b, 0x73, 
	0x2b, 0x33, 0x2b, 0x33, 0x2b, 0x33, 0x2b, 0x6f, 
	0x33, 0x71, 0x33, 0x6f, 0x33, 0x71, 0x33, 0x71, 
	0x33, 0x6f, 0x33, 0x6f, 0x2b, 0x71, 0x2b, 0x71, 
	0x2b, 0x73, 0x2b, 0x73, 0x2b, 0x37, 0x2b, 0x37, 
	0x33, 0x6d, 0x33, 0xb1, 0x33, 0x6d, 0x33, 0xb1, 
	0x33, 0x6f, 0x33, 0x2b, 0x32, 0xe9, 0x33, 0x6f, 
	0x33, 0x73, 0x33, 0x73, 0x33, 0x73, 0x33, 0x73, 
	0x2b, 0x73, 0x33, 0x71, 0x2b, 0x73, 0x2b, 0x73, 
	0x33, 0x71, 0x33, 0x71, 0x33, 0x73, 0x3b, 0xaf, 
	0x32, 0xdf, 0x29, 0x81, 0x32, 0x51, 0x32, 0x51, 
	0x29, 0xc9, 0x29, 0xc9, 0x29, 0xc9, 0x29, 0xc9, 
	0x42, 0xd5, 0x43, 0x1f, 0x3b, 0x67, 0x42, 0xd5, 
	0x2a, 0x4f, 0x2a, 0x4f, 0x2a, 0x4f, 0x2a, 0x4f, 
	0x22, 0x07, 0x2a, 0x93, 0x22, 0x07, 0x2a, 0x93, 
	0x32, 0xcb, 0x2a, 0x89, 0x2a, 0x89, 0x32, 0xcb, 
	0x2a, 0x8d, 0x2a, 0x8d, 0x2a, 0x8d, 0x22, 0x49, 
	0x2a, 0x05, 0x2a, 0x05, 0x32, 0x91, 0x32, 0x91, 
	0x3a, 0x8d, 0x3a, 0x8d, 0x3a, 0x8d, 0x3a, 0x8d, 
	0x42, 0x8b, 0x42, 0xd7, 0x42, 0xd7, 0x3b, 0xb1, 
	0x33, 0x71, 0x33, 0x71, 0x3b, 0xb1, 0x33, 0x71, 
	0x33, 0x71, 0x33, 0x71, 0x33, 0x71, 0x33, 0x71, 
	0x2b, 0x31, 0x2b, 0x31, 0x33, 0x71, 0x33, 0x71, 
	0x33, 0x71, 0x33, 0x71, 0x33, 0x71, 0x33, 0x71, 
	0x33, 0x71, 0x33, 0x31, 0x33, 0x31, 0x33, 0x71, 
	0x33, 0x71, 0x33, 0x71, 0x33, 0x31, 0x33, 0x31, 
	0x33, 0x2f, 0x33, 0x2f, 0x33, 0x2f, 0x33, 0x6f, 
	0x33, 0x6f, 0x33, 0x2f, 0x33, 0x2f, 0x33, 0x2f, 
	0x33, 0x2d, 0x33, 0x2d, 0x1a, 0x21, 0x09, 0x17, 
	0x11, 0x4f, 0x11, 0x4f, 0x11, 0x4f, 0x22, 0x63, 
	0x2b, 0x2f, 0x2b, 0x2f, 0x2b, 0x2f, 0x2b, 0x2f, 
	0x2b, 0x2f, 0x2b, 0x2f, 0x2b, 0x2f, 0x2b, 0x2f, 
	0x2b, 0x2f, 0x2b, 0x2f, 0x2b, 0x2f, 0x2b, 0x2f, 
	0x2b, 0x2f, 0x2b, 0x2d, 0x2b, 0x2d, 0x2b, 0x2f, 
	0x2b, 0x2d, 0x2b, 0x2d, 0x2b, 0x2d, 0x2b, 0x2d, 
	0x33, 0x2d, 0x33, 0x2d, 0x33, 0x2d, 0x33, 0x2d, 
	0x33, 0x2f, 0x33, 0x2f, 0x33, 0x2f, 0x33, 0x2f, 
	0x2b, 0x2d, 0x2b, 0x2d, 0x33, 0x6d, 0x33, 0x6d, 
	0x33, 0x2d, 0x33, 0x2d, 0x33, 0x2d, 0x33, 0x2d, 
	0x2b, 0x2f, 0x2b, 0x2f, 0x2b, 0x2f, 0x2b, 0x2f, 
	0x2b, 0x2d, 0x33, 0x6d, 0x33, 0x6d, 0x2b, 0x2d, 
	0x2b, 0x2f, 0x33, 0x6d, 0x2b, 0x2f, 0x2b, 0x2f, 
	0x2b, 0x2d, 0x2b, 0x2d, 0x2b, 0x2d, 0x2b, 0x2d, 
	0x2b, 0x2d, 0x2b, 0x2d, 0x2b, 0x2d, 0x2b, 0x2d, 
	0x2b, 0x2d, 0x2b, 0x2d, 0x2b, 0x2d, 0x2b, 0x2d, 
	0x2b, 0x2b, 0x2b, 0x2b, 0x2b, 0x2b, 0x2a, 0xeb, 
	0x2b, 0x31, 0x2b, 0x31, 0x2a, 0xed, 0x2b, 0x31, 
	0x2b, 0x31, 0x2a, 0xed, 0x2b, 0x31, 0x2b, 0x31, 
	0x2a, 0xed, 0x2a, 0xed, 0x2a, 0xed, 0x2a, 0xed, 
	0x2a, 0xed, 0x2a, 0xed, 0x2a, 0xed, 0x2a, 0xed, 
	0x2a, 0xed, 0x2a, 0xed, 0x2a, 0xed, 0x2a, 0xed, 
	0x2a, 0xed, 0x2a, 0xed, 0x2a, 0xed, 0x2a, 0xed, 
	0x2a, 0xe9, 0x2a, 0xe9, 0x2a, 0xeb, 0x2a, 0xeb, 
	0x2a, 0xe9, 0x2a, 0xe9, 0x2a, 0xe9, 0x2a, 0xeb, 
	0x2a, 0xe9, 0x2a, 0xe9, 0x2a, 0xe9, 0x32, 0xeb, 
	0x2a, 0xe9, 0x2a, 0xe9, 0x2a, 0xe9, 0x2a, 0xe9, 
	0x2a, 0xe7, 0x2a, 0xe7, 0x2a, 0xe9, 0x2a, 0xe7, 
	0x2a, 0xe7, 0x2a, 0xe7, 0x22, 0xeb, 0x22, 0xeb, 
	0x2a, 0xe9, 0x2a, 0xe9, 0x2a, 0xe9, 0x2a, 0xe9, 
	0x2b, 0x2f, 0x2b, 0x31, 0x2b, 0x31, 0x2b, 0x31, 
	0x2b, 0x31, 0x2b, 0x31, 0x2b, 0x31, 0x2b, 0x31, 
	0x2b, 0x31, 0x2b, 0x31, 0x2b, 0x31, 0x2b, 0x31, 
	0x2b, 0x73, 0x2b, 0x73, 0x2b, 0x73, 0x2b, 0x73, 
	0x2b, 0x73, 0x2b, 0x73, 0x2b, 0x73, 0x2b, 0x73, 
	0x2b, 0x73, 0x2b, 0x73, 0x2b, 0x73, 0x2b, 0x73, 
	0x2b, 0x6f, 0x2b, 0x6f, 0x2b, 0x33, 0x2b, 0x6f, 
	0x33, 0x71, 0x33, 0x71, 0x33, 0x6f, 0x33, 0x6f, 
	0x2b, 0x71, 0x2b, 0x31, 0x2b, 0x71, 0x2b, 0x71, 
	0x2b, 0x73, 0x2b, 0x73, 0x2b, 0x73, 0x2b, 0x73, 
	0x33, 0x6d, 0x32, 0xe5, 0x32, 0xe5, 0x33, 0x6d, 
	0x2a, 0x55, 0x11, 0xd7, 0x01, 0x57, 0x2a, 0x55, 
	0x33, 0x23, 0x33, 0x23, 0x33, 0x23, 0x33, 0x23, 
	0x3b, 0x29, 0x3b, 0x29, 0x53, 0xf1, 0x53, 0xf1, 
	0x2b, 0x73, 0x2b, 0x73, 0x2b, 0x73, 0x2b, 0x73, 
	0x09, 0x53, 0x00, 0x4b, 0x09, 0x53, 0x11, 0xd7, 
	0x2a, 0x0d, 0x42, 0x47, 0x2a, 0x0d, 0x2a, 0x0d, 
	0x3a, 0xcb, 0x3a, 0xcb, 0x2a, 0x4f, 0x2a, 0x4f, 
	0x42, 0xd3, 0x42, 0xd3, 0x42, 0xd3, 0x42, 0xd3, 
	0x3a, 0xd5, 0x3a, 0xd5, 0x3a, 0xd5, 0x3a, 0xd5, 
	0x32, 0xd5, 0x32, 0xd5, 0x32, 0xd5, 0x4b, 0x93, 
	0x3a, 0xd5, 0x3a, 0xd5, 0x22, 0x15, 0x22, 0x15, 
	0x22, 0x15, 0x3a, 0xd5, 0x3a, 0xd5, 0x3a, 0xd5, 
	0x4b, 0x19, 0x6b, 0xdb, 0x4b, 0x19, 0x4b, 0x19, 
	0x63, 0xd9, 0x43, 0x19, 0x43, 0x19, 0x22, 0x57, 
	0x3a, 0x0f, 0x2a, 0x13, 0x2a, 0x13, 0x2a, 0x13, 
	0x33, 0x71, 0x33, 0x71, 0x33, 0x71, 0x33, 0x71, 
	0x33, 0x73, 0x33, 0x73, 0x33, 0x73, 0x33, 0x73, 
	0x33, 0x71, 0x33, 0x71, 0x33, 0x71, 0x33, 0x71, 
	0x33, 0x71, 0x33, 0x71, 0x33, 0x71, 0x33, 0x71, 
	0x33, 0x6f, 0x33, 0x6f, 0x33, 0x6f, 0x33, 0x6f, 
	0x33, 0x2d, 0x43, 0xf5, 0x33, 0x2d, 0x33, 0x2d, 
	0x1a, 0xab, 0x1a, 0xab, 0x1a, 0xab, 0x12, 0x21, 
	0x11, 0x97, 0x09, 0x51, 0x08, 0xcb, 0x08, 0xcb, 
	0x11, 0x0f, 0x09, 0x93, 0x09, 0x93, 0x11, 0x0f, 
	0x09, 0xd9, 0x22, 0xef, 0x22, 0xef, 0x22, 0xef, 
	0x2b, 0x31, 0x2b, 0x31, 0x2b, 0x31, 0x2b, 0x31, 
	0x2b, 0x2f, 0x2b, 0x2f, 0x2b, 0x2f, 0x2b, 0x2f, 
	0x2b, 0x31, 0x2b, 0x31, 0x2b, 0x31, 0x2b, 0x31, 
	0x2b, 0x2f, 0x2b, 0x2f, 0x2b, 0x2f, 0x2b, 0x2f, 
	0x33, 0x2d, 0x33, 0x2d, 0x33, 0x2d, 0x33, 0x2d, 
	0x33, 0x2f, 0x33, 0x2f, 0x33, 0x2f, 0x33, 0x2f, 
	0x33, 0x2f, 0x33, 0x2f, 0x33, 0x2f, 0x33, 0x2f, 
	0x2b, 0x2f, 0x2b, 0x2f, 0x2b, 0x2f, 0x2b, 0x2f, 
	0x2b, 0x2f, 0x2b, 0x2f, 0x2b, 0x2f, 0x2b, 0x2f, 
	0x33, 0x2f, 0x33, 0x2f, 0x33, 0x2f, 0x33, 0x2f, 
	0x2b, 0x2f, 0x2b, 0x2f, 0x2b, 0x2f, 0x2b, 0x2f, 
	0x2b, 0x2f, 0x2b, 0x2f, 0x2b, 0x2f, 0x2b, 0x2f, 
	0x2b, 0x2f, 0x2b, 0x2f, 0x2b, 0x2f, 0x2b, 0x2f, 
	0x22, 0xef, 0x22, 0xef, 0x22, 0xef, 0x22, 0xef, 
	0x23, 0x2d, 0x23, 0x2d, 0x23, 0x2d, 0x23, 0x2d, 
	0x23, 0x2f, 0x23, 0x2f, 0x23, 0x2f, 0x23, 0x2f, 
	0x22, 0xed, 0x22, 0xed, 0x22, 0xed, 0x22, 0xed, 
	0x22, 0xeb, 0x22, 0xeb, 0x22, 0xeb, 0x22, 0xeb, 
	0x22, 0xed, 0x22, 0xed, 0x22, 0xed, 0x22, 0xed, 
	0x22, 0xed, 0x22, 0xed, 0x22, 0xed, 0x22, 0xed, 
	0x22, 0xed, 0x22, 0xed, 0x22, 0xed, 0x22, 0xed, 
	0x22, 0xed, 0x22, 0xed, 0x22, 0xed, 0x22, 0xed, 
	0x22, 0xeb, 0x22, 0xeb, 0x22, 0xeb, 0x22, 0xeb, 
	0x22, 0xeb, 0x22, 0xeb, 0x22, 0xeb, 0x22, 0xeb, 
	0x22, 0xe9, 0x22, 0xe9, 0x22, 0xe9, 0x22, 0xe9, 
	0x2a, 0xeb, 0x2a, 0xeb, 0x2a, 0xeb, 0x2a, 0xeb, 
	0x2a, 0xeb, 0x2a, 0xeb, 0x2a, 0xeb, 0x2a, 0xeb, 
	0x2a, 0xed, 0x2a, 0xed, 0x2a, 0xed, 0x2a, 0xed, 
	0x2b, 0x31, 0x2b, 0x31, 0x2b, 0x31, 0x2b, 0x31, 
	0x2b, 0x73, 0x2b, 0x73, 0x2b, 0x73, 0x2b, 0x73, 
	0x2b, 0x73, 0x2b, 0x73, 0x2b, 0x73, 0x2b, 0x73, 
	0x2b, 0x73, 0x2b, 0x73, 0x2b, 0x73, 0x2b, 0x73, 
	0x2b, 0x73, 0x2b, 0x73, 0x2b, 0x73, 0x2b, 0x73, 
	0x2b, 0x33, 0x2b, 0x33, 0x2b, 0x33, 0x2b, 0x33, 
	0x23, 0x73, 0x23, 0x73, 0x23, 0x73, 0x23, 0x73, 
	0x2b, 0x73, 0x2b, 0x73, 0x2b, 0x73, 0x2b, 0x73, 
	0x53, 0xf1, 0x53, 0xf1, 0x3b, 0x29, 0x3b, 0x29, 
	0x33, 0x23, 0x33, 0x23, 0x33, 0x23, 0x33, 0x23, 
	0x2a, 0x55, 0x01, 0x57, 0x11, 0xd7, 0x2a, 0x55, 
	0x3a, 0x95, 0x3a, 0x95, 0x2a, 0x55, 0x3a, 0x95, 
	0x33, 0x23, 0x33, 0x23, 0x22, 0x5f, 0x33, 0x23, 
	0x3b, 0x29, 0x3b, 0x29, 0x53, 0xf1, 0x3b, 0x29, 
	0x1a, 0xab, 0x1a, 0xab, 0x1a, 0xab, 0x1a, 0xab, 
	0x11, 0xd7, 0x09, 0x53, 0x09, 0x53, 0x09, 0x53, 
	0x19, 0xd1, 0x19, 0xd1, 0x2a, 0x0d, 0x19, 0xd1, 
	0x11, 0xd1, 0x11, 0xd1, 0x11, 0xd1, 0x3a, 0xcb, 
	0x42, 0xd3, 0x42, 0xd3, 0x42, 0xd3, 0x5b, 0x91, 
	0x53, 0x93, 0x53, 0x93, 0x53, 0x93, 0x53, 0x93, 
	0x4b, 0x93, 0x4b, 0x93, 0x4b, 0x93, 0x4b, 0x93, 
	0x5b, 0x95, 0x3a, 0xd5, 0x5b, 0x95, 0x5b, 0x95, 
	0x5b, 0x95, 0x5b, 0x95, 0x5b, 0x95, 0x5b, 0x95, 
	0x6b, 0xdb, 0x6b, 0xdb, 0x6b, 0xdb, 0x4b, 0x19, 
	0x63, 0xd9, 0x63, 0xd9, 0x43, 0x19, 0x22, 0x57, 
	0x2a, 0x13, 0x11, 0xd5, 0x11, 0xd5, 0x11, 0xd5, 
	0x1a, 0x65, 0x1a, 0x65, 0x1a, 0x65, 0x1a, 0x65, 
	0x12, 0x63, 0x12, 0x63, 0x12, 0x63, 0x12, 0x63, 
	0x1a, 0x65, 0x1a, 0x65, 0x1a, 0x65, 0x1a, 0x65, 
	0x12, 0x61, 0x12, 0x61, 0x22, 0xe9, 0x22, 0xe9, 
	0x1a, 0x65, 0x1a, 0x65, 0x33, 0x6f, 0x1a, 0x65, 
	0x33, 0x2d, 0x43, 0xf5, 0x33, 0x2d, 0x1a, 0x63, 
	0x1a, 0xab, 0x12, 0x21, 0x01, 0x0f, 0x01, 0x0f, 
	0x08, 0xcb, 0x09, 0x51, 0x11, 0x97, 0x09, 0x51, 
	0x11, 0x0f, 0x11, 0x0f, 0x11, 0x0f, 0x10, 0xc9, 
	0x01, 0x0f, 0x1a, 0x65, 0x1a, 0x65, 0x1a, 0x65, 
	0x12, 0x63, 0x12, 0x63, 0x12, 0x63, 0x12, 0x63, 
	0x12, 0x21, 0x12, 0x21, 0x12, 0x21, 0x12, 0x21, 
	0x12, 0x61, 0x12, 0x61, 0x12, 0x61, 0x12, 0x61, 
	0x12, 0x21, 0x12, 0x21, 0x12, 0x21, 0x12, 0x21, 
	0x12, 0x1f, 0x12, 0x1f, 0x12, 0x1f, 0x12, 0x1f, 
	0x12, 0x1f, 0x12, 0x1f, 0x12, 0x1f, 0x12, 0x1f, 
	0x12, 0x1d, 0x12, 0x1d, 0x12, 0x1d, 0x12, 0x1d, 
	0x12, 0x1d, 0x12, 0x1d, 0x12, 0x1d, 0x12, 0x1d, 
	0x12, 0x1f, 0x12, 0x1f, 0x12, 0x1f, 0x12, 0x1f, 
	0x12, 0x1d, 0x12, 0x1d, 0x12, 0x1d, 0x12, 0x1d, 
	0x12, 0x1d, 0x12, 0x1d, 0x12, 0x1d, 0x12, 0x1d, 
	0x11, 0xdd, 0x11, 0xdd, 0x11, 0xdd, 0x11, 0xdd, 
	0x11, 0xdd, 0x11, 0xdd, 0x11, 0xdd, 0x11, 0xdd, 
	0x09, 0xdd, 0x09, 0xdd, 0x09, 0xdd, 0x09, 0xdd, 
	0x09, 0xdb, 0x09, 0xdb, 0x09, 0xdb, 0x09, 0xdb, 
	0x01, 0x53, 0x09, 0xdd, 0x09, 0xdd, 0x09, 0xdd, 
	0x09, 0xdb, 0x09, 0xdb, 0x09, 0xdb, 0x09, 0xdb, 
	0x09, 0xdb, 0x09, 0xdb, 0x09, 0xdb, 0x09, 0xdb, 
	0x09, 0xdb, 0x09, 0xdb, 0x09, 0xdb, 0x09, 0xdb, 
	0x09, 0x9b, 0x09, 0x9b, 0x09, 0x9b, 0x09, 0x9b, 
	0x09, 0x9b, 0x09, 0x9b, 0x09, 0x9b, 0x09, 0x9b, 
	0x09, 0x9b, 0x09, 0x9b, 0x09, 0x9b, 0x09, 0x9b, 
	0x09, 0x99, 0x09, 0x99, 0x09, 0x99, 0x09, 0x99, 
	0x09, 0x99, 0x09, 0x99, 0x09, 0x99, 0x09, 0x99, 
	0x09, 0x9b, 0x09, 0x9b, 0x09, 0x9b, 0x09, 0x9b, 
	0x11, 0xdd, 0x11, 0xdd, 0x11, 0xdd, 0x11, 0xdd, 
	0x11, 0x9b, 0x11, 0x9b, 0x11, 0x9b, 0x11, 0x9b, 
	0x11, 0xdd, 0x11, 0xdd, 0x11, 0xdd, 0x11, 0xdd, 
	0x12, 0x63, 0x12, 0x63, 0x12, 0x63, 0x12, 0x63, 
	0x1a, 0x65, 0x1a, 0x65, 0x1a, 0x65, 0x1a, 0x65, 
	0x1a, 0x65, 0x1a, 0x65, 0x1a, 0x65, 0x1a, 0x65, 
	0x12, 0x65, 0x12, 0x65, 0x12, 0x65, 0x12, 0x65, 
	0x12, 0x65, 0x12, 0x65, 0x12, 0x65, 0x12, 0x65, 
	0x1a, 0xa9, 0x1a, 0xa9, 0x1a, 0xa9, 0x1a, 0xa9, 
	0x1a, 0xa9, 0x1a, 0xa9, 0x1a, 0xa9, 0x1a, 0xa9, 
	0x1a, 0x65, 0x1a, 0x65, 0x1a, 0x65, 0x1a, 0x65, 
	0x3b, 0x29, 0x53, 0xf1, 0x3b, 0x29, 0x3b, 0x29, 
	0x33, 0x23, 0x22, 0x5f, 0x33, 0x23, 0x33, 0x23, 
	0x3a, 0x95, 0x2a, 0x55, 0x3a, 0x95, 0x3a, 0x95, 
	0x11, 0xd7, 0x11, 0xd7, 0x11, 0xd7, 0x11, 0xd7, 
	0x11, 0xd9, 0x11, 0xd9, 0x11, 0xd9, 0x11, 0xd9, 
	0x01, 0x97, 0x01, 0x97, 0x01, 0x97, 0x01, 0x97, 
	0x01, 0x59, 0x01, 0x59, 0x01, 0x59, 0x01, 0x59, 
	0x09, 0x53, 0x09, 0x53, 0x09, 0x53, 0x09, 0x53, 
	0x01, 0x97, 0x01, 0x97, 0x01, 0x97, 0x01, 0x97, 
	0x01, 0x55, 0x01, 0x55, 0x01, 0x55, 0x01, 0x55, 
	0x09, 0x97, 0x09, 0x97, 0x09, 0x97, 0x09, 0x97, 
	0x01, 0x97, 0x01, 0x97, 0x01, 0x97, 0x01, 0x97, 
	0x01, 0x97, 0x01, 0x97, 0x01, 0x97, 0x01, 0x97, 
	0x01, 0x95, 0x01, 0x95, 0x01, 0x95, 0x01, 0x95, 
	0x01, 0x55, 0x01, 0x55, 0x01, 0x55, 0x01, 0x55, 
	0x01, 0x97, 0x01, 0x97, 0x01, 0x97, 0x01, 0x97, 
	0x01, 0x97, 0x01, 0x97, 0x01, 0x97, 0x01, 0x97, 
	0x01, 0x99, 0x01, 0x99, 0x01, 0x99, 0x01, 0x99, 
	0x01, 0x99, 0x01, 0x99, 0x01, 0x99, 0x01, 0x99, 
	0x01, 0x9b, 0x01, 0x9b, 0x01, 0x9b, 0x01, 0x9b, 
	0x01, 0x99, 0x01, 0x99, 0x01, 0x99, 0x01, 0x99, 
	0x01, 0x99, 0x01, 0x99, 0x01, 0x99, 0x01, 0x99, 
	0x01, 0x99, 0x01, 0x99, 0x01, 0x99, 0x01, 0x99, 
	0x09, 0x9b, 0x09, 0x9b, 0x09, 0x9b, 0x09, 0x9b, 
	0x09, 0x99, 0x09, 0x99, 0x09, 0x99, 0x09, 0x99, 
	0x11, 0x97, 0x11, 0x97, 0x11, 0x97, 0x11, 0x97, 
	0x09, 0xd9, 0x09, 0xd9, 0x09, 0xd9, 0x09, 0xd9, 
	0x09, 0xd9, 0x09, 0xd9, 0x09, 0xd9, 0x09, 0xd9, 
	0x09, 0xdb, 0x09, 0xdb, 0x09, 0xdb, 0x09, 0xdb, 
	0x09, 0x99, 0x09, 0x99, 0x09, 0x99, 0x09, 0x99, 
	0x09, 0xd9, 0x09, 0xd9, 0x09, 0xd9, 0x09, 0xd9, 
	0x09, 0x99, 0x09, 0x99, 0x09, 0x99, 0x09, 0x99, 
	0x01, 0x97, 0x01, 0x97, 0x01, 0x97, 0x01, 0x97, 
	0x01, 0x97, 0x01, 0x97, 0x01, 0x97, 0x01, 0x97, 
	0x01, 0x95, 0x01, 0x95, 0x01, 0x95, 0x01, 0x95, 
	0x01, 0x95, 0x01, 0x95, 0x01, 0x95, 0x01, 0x95, 
	0x01, 0x97, 0x01, 0x97, 0x01, 0x97, 0x01, 0x97, 
	0x01, 0x95, 0x01, 0x95, 0x01, 0x95, 0x01, 0x95, 
	0x01, 0x55, 0x01, 0x55, 0x01, 0x55, 0x01, 0x55, 
	0x01, 0x53, 0x01, 0x53, 0x01, 0x53, 0x01, 0x53, 
	0x01, 0x53, 0x01, 0x53, 0x01, 0x53, 0x01, 0x53, 
	0x01, 0x53, 0x01, 0x53, 0x01, 0x53, 0x01, 0x53, 
	0x01, 0x53, 0x01, 0x53, 0x01, 0x53, 0x01, 0x53, 
	0x01, 0x53, 0x01, 0x53, 0x01, 0x53, 0x01, 0x53, 
	0x01, 0x13, 0x01, 0x13, 0x01, 0x13, 0x01, 0x13, 
	0x01, 0x13, 0x01, 0x13, 0x01, 0x13, 0x01, 0x13, 
	0x01, 0x11, 0x01, 0x11, 0x01, 0x11, 0x01, 0x11, 
	0x01, 0x11, 0x01, 0x11, 0x01, 0x11, 0x01, 0x11, 
	0x01, 0x11, 0x01, 0x11, 0x01, 0x11, 0x01, 0x11, 
	0x01, 0x11, 0x01, 0x11, 0x01, 0x11, 0x01, 0x11, 
	0x01, 0x11, 0x01, 0x11, 0x01, 0x11, 0x01, 0x11, 
	0x00, 0xd1, 0x00, 0xd1, 0x00, 0xd1, 0x00, 0xd1, 
	0x00, 0xd3, 0x00, 0xd3, 0x00, 0xd3, 0x00, 0xd3, 
	0x01, 0x15, 0x01, 0x15, 0x01, 0x15, 0x01, 0x15, 
	0x01, 0x13, 0x01, 0x13, 0x01, 0x13, 0x01, 0x13, 
	0x01, 0x15, 0x01, 0x15, 0x01, 0x15, 0x01, 0x15, 
	0x01, 0x55, 0x01, 0x55, 0x01, 0x55, 0x01, 0x55, 
	0x01, 0x59, 0x01, 0x59, 0x01, 0x59, 0x01, 0x59, 
	0x01, 0x59, 0x01, 0x59, 0x01, 0x59, 0x01, 0x59, 
	0x01, 0x59, 0x01, 0x59, 0x01, 0x59, 0x01, 0x59, 
	0x01, 0x59, 0x01, 0x59, 0x01, 0x59, 0x01, 0x59, 
	0x01, 0x57, 0x01, 0x57, 0x01, 0x57, 0x01, 0x57, 
	0x01, 0x57, 0x01, 0x57, 0x01, 0x57, 0x01, 0x57, 
	0x01, 0x59, 0x01, 0x59, 0x01, 0x59, 0x01, 0x59, 
	0x01, 0x97, 0x01, 0x97, 0x01, 0x97, 0x01, 0x97, 
	0x11, 0xd9, 0x11, 0xd9, 0x11, 0xd9, 0x11, 0xd9, 
	0x11, 0xd7, 0x11, 0xd7, 0x11, 0xd7, 0x11, 0xd7, 
	0x01, 0x57, 0x01, 0x57, 0x01, 0x57, 0x01, 0x57, 
	0x01, 0x15, 0x01, 0x15, 0x01, 0x15, 0x01, 0x15, 
	0x01, 0x97, 0x01, 0x97, 0x01, 0x97, 0x01, 0x97, 
	0x01, 0x59, 0x01, 0x59, 0x01, 0x59, 0x01, 0x59, 
	0x09, 0x53, 0x09, 0x53, 0x09, 0x53, 0x09, 0x53, 
	0x01, 0x97, 0x01, 0x97, 0x01, 0x97, 0x01, 0x97, 
	0x01, 0x55, 0x01, 0x55, 0x01, 0x55, 0x01, 0x55, 
	0x09, 0x97, 0x09, 0x97, 0x09, 0x97, 0x09, 0x97, 
	0x01, 0x97, 0x01, 0x97, 0x01, 0x97, 0x01, 0x97, 
	0x01, 0x97, 0x01, 0x97, 0x01, 0x97, 0x01, 0x97, 
	0x01, 0x95, 0x01, 0x95, 0x01, 0x95, 0x01, 0x95, 
	0x01, 0x55, 0x01, 0x55, 0x01, 0x55, 0x01, 0x55, 
	0x01, 0x97, 0x01, 0x97, 0x01, 0x97, 0x01, 0x97, 
	0x01, 0x97, 0x01, 0x97, 0x01, 0x97, 0x01, 0x97, 
	0x01, 0x99, 0x01, 0x99, 0x01, 0x99, 0x01, 0x99, 
	0x01, 0x99, 0x01, 0x99, 0x01, 0x99, 0x01, 0x99, 
	0x01, 0x9b, 0x01, 0x9b, 0x01, 0x9b, 0x01, 0x9b, 
	0x01, 0x99, 0x01, 0x99, 0x01, 0x99, 0x01, 0x99, 
	0x01, 0x99, 0x01, 0x99, 0x01, 0x99, 0x01, 0x99, 
	0x01, 0x99, 0x01, 0x99, 0x01, 0x99, 0x01, 0x99, 
	0x09, 0x9b, 0x09, 0x9b, 0x09, 0x9b, 0x09, 0x9b, 
	0x12, 0x21, 0x12, 0x21, 0x09, 0x99, 0x12, 0x21, 
	0x12, 0x1d, 0x11, 0x97, 0x11, 0x97, 0x11, 0x97, 
	0x09, 0xd9, 0x09, 0xd9, 0x09, 0xd9, 0x09, 0xd9, 
	0x09, 0xd9, 0x09, 0xd9, 0x09, 0xd9, 0x09, 0xd9, 
	0x09, 0xdb, 0x09, 0xdb, 0x09, 0xdb, 0x09, 0xdb, 
	0x09, 0x99, 0x12, 0x21, 0x12, 0x21, 0x12, 0x21, 
	0x09, 0xd9, 0x09, 0xd9, 0x09, 0xd9, 0x09, 0xd9, 
	0x09, 0x99, 0x12, 0x21, 0x12, 0x21, 0x12, 0x21, 
	0x12, 0x1f, 0x12, 0x1f, 0x12, 0x1f, 0x12, 0x1f, 
	0x12, 0x1f, 0x12, 0x1f, 0x12, 0x1f, 0x12, 0x1f, 
	0x12, 0x1d, 0x12, 0x1d, 0x12, 0x1d, 0x12, 0x1d, 
	0x12, 0x1d, 0x12, 0x1d, 0x12, 0x1d, 0x12, 0x1d, 
	0x12, 0x1f, 0x12, 0x1f, 0x12, 0x1f, 0x12, 0x1f, 
	0x12, 0x1d, 0x12, 0x1d, 0x12, 0x1d, 0x12, 0x1d, 
	0x12, 0x1d, 0x12, 0x1d, 0x12, 0x1d, 0x12, 0x1d, 
	0x11, 0xdd, 0x11, 0xdd, 0x11, 0xdd, 0x11, 0xdd, 
	0x11, 0xdd, 0x11, 0xdd, 0x11, 0xdd, 0x11, 0xdd, 
	0x09, 0xdd, 0x09, 0xdd, 0x09, 0xdd, 0x09, 0xdd, 
	0x09, 0xdb, 0x09, 0xdb, 0x09, 0xdb, 0x09, 0xdb, 
	0x09, 0xdd, 0x09, 0xdd, 0x09, 0xdd, 0x09, 0xdd, 
	0x09, 0xdb, 0x09, 0xdb, 0x09, 0xdb, 0x09, 0xdb, 
	0x09, 0xdb, 0x09, 0xdb, 0x09, 0xdb, 0x09, 0xdb, 
	0x09, 0xdb, 0x09, 0xdb, 0x09, 0xdb, 0x09, 0xdb, 
	0x09, 0x9b, 0x09, 0x9b, 0x09, 0x9b, 0x09, 0x9b, 
	0x09, 0x9b, 0x09, 0x9b, 0x09, 0x9b, 0x09, 0x9b, 
	0x09, 0x9b, 0x09, 0x9b, 0x09, 0x9b, 0x09, 0x9b, 
	0x09, 0x99, 0x09, 0x99, 0x09, 0x99, 0x09, 0x99, 
	0x09, 0x99, 0x09, 0x99, 0x09, 0x99, 0x09, 0x99, 
	0x09, 0x9b, 0x09, 0x9b, 0x09, 0x9b, 0x09, 0x9b, 
	0x01, 0x15, 0x01, 0x15, 0x01, 0x15, 0x01, 0x15, 
	0x01, 0x13, 0x01, 0x13, 0x01, 0x13, 0x01, 0x13, 
	0x01, 0x15, 0x01, 0x15, 0x01, 0x15, 0x01, 0x15, 
	0x01, 0x55, 0x01, 0x55, 0x01, 0x55, 0x01, 0x55, 
	0x01, 0x59, 0x01, 0x59, 0x01, 0x59, 0x01, 0x59, 
	0x01, 0x59, 0x01, 0x59, 0x01, 0x59, 0x01, 0x59, 
	0x01, 0x59, 0x01, 0x59, 0x01, 0x59, 0x01, 0x59, 
	0x01, 0x59, 0x01, 0x59, 0x01, 0x59, 0x01, 0x59, 
	0x01, 0x57, 0x01, 0x57, 0x01, 0x57, 0x01, 0x57, 
	0x01, 0x57, 0x01, 0x57, 0x01, 0x57, 0x01, 0x57, 
	0x01, 0x59, 0x01, 0x59, 0x01, 0x59, 0x01, 0x59, 
	0x01, 0x97, 0x01, 0x97, 0x01, 0x97, 0x01, 0x97, 
	0x01, 0x15, 0x01, 0x15, 0x01, 0x15, 0x01, 0x15, 
	0x01, 0x57, 0x01, 0x57, 0x01, 0x57, 0x01, 0x57, 
	0x01, 0xdd, 0x01, 0xdd, 0x01, 0xdd, 0x01, 0xdd, 
	0x01, 0xdd, 0x01, 0xdd, 0x01, 0xdd, 0x01, 0xdd, 
	0x01, 0xdb, 0x01, 0xdb, 0x01, 0xdb, 0x01, 0xdb, 
	0x01, 0xdb, 0x01, 0xdb, 0x01, 0xdb, 0x01, 0xdb, 
	0x01, 0xdb, 0x01, 0xdb, 0x01, 0xdb, 0x01, 0xdb, 
	0x01, 0xdb, 0x01, 0xdb, 0x01, 0xdb, 0x01, 0xdb, 
	0x01, 0xdd, 0x01, 0xdd, 0x01, 0xdd, 0x01, 0xdd, 
	0x01, 0xdd, 0x01, 0xdd, 0x01, 0xdd, 0x01, 0xdd, 
	0x01, 0xdd, 0x01, 0xdd, 0x01, 0xdd, 0x01, 0xdd, 
	0x01, 0xdd, 0x01, 0xdd, 0x01, 0xdd, 0x01, 0xdd, 
	0x01, 0xdb, 0x01, 0xdb, 0x01, 0xdb, 0x01, 0xdb, 
	0x01, 0x9b, 0x01, 0x9b, 0x01, 0x9b, 0x01, 0x9b, 
	0x01, 0x99, 0x01, 0x99, 0x01, 0x99, 0x01, 0x99, 
	0x01, 0xdb, 0x01, 0xdb, 0x01, 0xdb, 0x01, 0xdb, 
	0x01, 0xd9, 0x01, 0xd9, 0x01, 0xd9, 0x01, 0xd9, 
	0x01, 0xdb, 0x01, 0xdb, 0x01, 0xdb, 0x01, 0xdb, 
	0x01, 0xdb, 0x01, 0xdb, 0x02, 0x1f, 0x02, 0x1f, 
	0x01, 0xdd, 0x01, 0xdd, 0x01, 0xdd, 0x01, 0xdd, 
	0x02, 0x1f, 0x02, 0x1f, 0x02, 0x1f, 0x02, 0x1f, 
	0x02, 0x21, 0x02, 0x21, 0x02, 0x21, 0x02, 0x21, 
	0x02, 0x1f, 0x02, 0x1f, 0x02, 0x1f, 0x02, 0x1f, 
	0x02, 0x1f, 0x02, 0x1f, 0x02, 0x1f, 0x02, 0x1f, 
	0x02, 0x1f, 0x02, 0x1f, 0x02, 0x1f, 0x02, 0x1f, 
	0x02, 0x1f, 0x02, 0x1f, 0x02, 0x1f, 0x02, 0x1f, 
	0x02, 0x61, 0x01, 0xdd, 0x01, 0xdd, 0x01, 0xdd, 
	0x02, 0x61, 0x02, 0x61, 0x02, 0x61, 0x02, 0x61, 
	0x02, 0x61, 0x02, 0x1f, 0x02, 0x1f, 0x02, 0x1f, 
	0x02, 0x21, 0x02, 0x21, 0x02, 0x21, 0x02, 0x21, 
	0x02, 0x1f, 0x02, 0x1f, 0x02, 0x1f, 0x02, 0x1f, 
	0x02, 0x61, 0x02, 0x61, 0x02, 0x61, 0x02, 0x61, 
	0x0a, 0xa3, 0x02, 0x61, 0x02, 0x61, 0x02, 0x61, 
	0x0a, 0x61, 0x0a, 0x61, 0x0a, 0x61, 0x0a, 0x61, 
	0x0a, 0xa1, 0x0a, 0x5f, 0x0a, 0x5f, 0x0a, 0x5f, 
	0x02, 0x5f, 0x02, 0x5f, 0x02, 0x5f, 0x02, 0x5f, 
	0x0a, 0x5d, 0x0a, 0x5f, 0x0a, 0x5d, 0x0a, 0x5f, 
	0x02, 0x61, 0x02, 0x5f, 0x02, 0x5f, 0x02, 0x5f, 
	0x02, 0x5f, 0x02, 0x5f, 0x02, 0x5f, 0x02, 0x5f, 
	0x0a, 0x5d, 0x0a, 0x5d, 0x0a, 0x5d, 0x0a, 0x19, 
	0x02, 0x5d, 0x02, 0x5d, 0x02, 0x5d, 0x02, 0x5d, 
	0x02, 0x5d, 0x02, 0x1b, 0x02, 0x5d, 0x02, 0x1b, 
	0x02, 0x19, 0x02, 0x19, 0x02, 0x5b, 0x02, 0x19, 
	0x0a, 0x1d, 0x0a, 0x1d, 0x0a, 0x1d, 0x0a, 0x1d, 
	0x0a, 0x5d, 0x0a, 0x1b, 0x0a, 0x1b, 0x0a, 0x5d, 
	0x02, 0x1b, 0x02, 0x19, 0x02, 0x1b, 0x02, 0x1b, 
	0x02, 0x1d, 0x02, 0x1b, 0x02, 0x1b, 0x02, 0x1d, 
	0x02, 0x1b, 0x02, 0x1b, 0x02, 0x1b, 0x02, 0x1b, 
	0x02, 0x19, 0x02, 0x19, 0x02, 0x19, 0x02, 0x19, 
	0x02, 0x19, 0x01, 0xd7, 0x02, 0x19, 0x01, 0xd7, 
	0x02, 0x19, 0x02, 0x19, 0x01, 0xd7, 0x01, 0xd7, 
	0x01, 0xd7, 0x01, 0xd7, 0x01, 0xd7, 0x02, 0x19, 
	0x02, 0x19, 0x01, 0xd7, 0x01, 0xd7, 0x01, 0xd7, 
	0x01, 0xd7, 0x01, 0xd7, 0x01, 0xd7, 0x01, 0xd7, 
	0x01, 0x97, 0x01, 0x97, 0x01, 0xd9, 0x01, 0xd9, 
	0x01, 0xdb, 0x01, 0xdb, 0x01, 0xdb, 0x01, 0xdb, 
	0x01, 0xdd, 0x01, 0xdd, 0x01, 0xdd, 0x01, 0xdd, 
	0x01, 0xdb, 0x01, 0xdb, 0x01, 0xdb, 0x01, 0xdb, 
	0x01, 0xdb, 0x02, 0x1d, 0x02, 0x1d, 0x01, 0xdb, 
	0x01, 0xdb, 0x01, 0xdb, 0x01, 0xdb, 0x01, 0xdb, 
	0x01, 0xdb, 0x01, 0xdb, 0x01, 0xdb, 0x01, 0xdb, 
	0x01, 0xd9, 0x01, 0xd9, 0x01, 0xd9, 0x01, 0xd9, 
	0x01, 0xdb, 0x01, 0xdb, 0x01, 0xdb, 0x01, 0xdb, 
	0x01, 0xdb, 0x01, 0xdb, 0x01, 0xdb, 0x01, 0xdb, 
	0x01, 0xdd, 0x01, 0xdd, 0x01, 0xdd, 0x01, 0xdd, 
	0x01, 0xdd, 0x01, 0xdd, 0x01, 0xdd, 0x01, 0xdd, 
	0x02, 0x1f, 0x02, 0x1f, 0x01, 0xdd, 0x01, 0xdd, 
	0x01, 0xdd, 0x02, 0x1f, 0x01, 0xdd, 0x01, 0xdd, 
	0x01, 0xdb, 0x02, 0x1f, 0x02, 0x1f, 0x01, 0xdb, 
	0x01, 0xdb, 0x02, 0x1f, 0x02, 0x1f, 0x02, 0x1f, 
	0x02, 0x1f, 0x02, 0x1f, 0x02, 0x1f, 0x01, 0xdb, 
	0x01, 0xdb, 0x02, 0x1f, 0x01, 0xdb, 0x02, 0x1f, 
	0x01, 0xdd, 0x01, 0xdd, 0x02, 0x21, 0x01, 0xdd, 
	0x01, 0xdd, 0x01, 0xdd, 0x01, 0xdd, 0x01, 0xdd, 
	0x01, 0xdd, 0x01, 0xdd, 0x01, 0xdd, 0x01, 0xdd, 
	0x01, 0xdd, 0x01, 0xdd, 0x01, 0xdd, 0x01, 0xdd, 
	0x02, 0x1f, 0x02, 0x1f, 0x02, 0x1f, 0x01, 0xdb, 
	0x02, 0x1f, 0x02, 0x1f, 0x02, 0x1f, 0x02, 0x1f, 
	0x02, 0x1f, 0x02, 0x1f, 0x02, 0x1f, 0x02, 0x1f, 
	0x02, 0x1f, 0x02, 0x1f, 0x02, 0x1f, 0x02, 0x1f, 
	0x02, 0x1f, 0x02, 0x1f, 0x02, 0x1f, 0x02, 0x1f, 
	0x02, 0x1f, 0x02, 0x1f, 0x02, 0x1f, 0x02, 0x1f, 
	0x02, 0x1f, 0x02, 0x1f, 0x02, 0x1f, 0x02, 0x1f, 
	0x01, 0xdd, 0x02, 0x61, 0x02, 0x61, 0x02, 0x61, 
	0x02, 0x1f, 0x02, 0x1f, 0x02, 0x1f, 0x02, 0x1f, 
	0x02, 0x63, 0x02, 0x63, 0x02, 0x21, 0x02, 0x21, 
	0x02, 0x1f, 0x02, 0x1f, 0x02, 0x61, 0x02, 0x1f, 
	0x02, 0x1f, 0x02, 0x61, 0x02, 0x61, 0x02, 0x61, 
	0x02, 0x61, 0x0a, 0xa5, 0x02, 0x61, 0x0a, 0xa5, 
	0x02, 0xa3, 0x02, 0xa3, 0x02, 0x61, 0x02, 0xa3, 
	0x0a, 0xa3, 0x0a, 0xa3, 0x0a, 0xa3, 0x0a, 0xa3, 
	0x02, 0xa3, 0x0a, 0xa3, 0x0a, 0xa3, 0x02, 0xa3, 
	0x0a, 0xa3, 0x0a, 0xa3, 0x0a, 0xa3, 0x0a, 0xe5, 
	0x0a, 0xe5, 0x02, 0x63, 0x02, 0x63, 0x02, 0x63, 
	0x0a, 0xe5, 0x0a, 0xe5, 0x0a, 0xe5, 0x0a, 0xe5, 
	0x02, 0xa5, 0x02, 0xa5, 0x02, 0xa3, 0x02, 0xa5, 
	0x0a, 0xa3, 0x0a, 0xe3, 0x0a, 0xa3, 0x0a, 0xa3, 
	0x02, 0xa3, 0x02, 0xa3, 0x02, 0xa3, 0x02, 0xe3, 
	0x02, 0xe5, 0x02, 0xa3, 0x02, 0xa3, 0x02, 0xa3, 
	0x0a, 0xa3, 0x0a, 0xa3, 0x0a, 0xa3, 0x0a, 0xa3, 
	0x02, 0xa3, 0x02, 0xa3, 0x02, 0xa3, 0x02, 0xe5, 
	0x0a, 0xe5, 0x0a, 0xe5, 0x0a, 0xa3, 0x0a, 0xa3, 
	0x0a, 0xe3, 0x0a, 0xe3, 0x0a, 0xa1, 0x0a, 0xa1, 
	0x02, 0xa3, 0x02, 0xa3, 0x02, 0xa3, 0x02, 0xa3, 
	0x0a, 0xa1, 0x0a, 0xa1, 0x0a, 0x9f, 0x0a, 0xa1, 
	0x0a, 0x9f, 0x0a, 0x5d, 0x0a, 0x5d, 0x0a, 0x9f, 
	0x02, 0xa1, 0x02, 0xa1, 0x02, 0xa1, 0x02, 0xa1, 
	0x02, 0x5f, 0x02, 0x5f, 0x02, 0x5f, 0x02, 0x5f, 
	0x02, 0x5f, 0x02, 0x5f, 0x02, 0x5f, 0x02, 0x5f, 
	0x02, 0x5f, 0x02, 0x5f, 0x02, 0x5f, 0x02, 0x5f, 
	0x02, 0x5f, 0x02, 0x5d, 0x02, 0x5d, 0x02, 0x5d, 
	0x02, 0x5d, 0x02, 0x5d, 0x02, 0x5d, 0x02, 0x5d, 
	0x02, 0x5f, 0x02, 0x5d, 0x02, 0x5d, 0x02, 0x5d, 
	0x02, 0x5d, 0x02, 0x5d, 0x02, 0x5d, 0x02, 0x5d, 
	0x02, 0x5d, 0x02, 0x5d, 0x02, 0x5d, 0x02, 0x5d, 
	0x02, 0x5d, 0x02, 0x5d, 0x02, 0x5d, 0x02, 0x5d, 
	0x02, 0x5d, 0x02, 0x19, 0x02, 0x5d, 0x02, 0x19, 
	0x02, 0x5d, 0x02, 0x5d, 0x02, 0x5d, 0x02, 0x5d, 
	0x02, 0x1d, 0x02, 0x1d, 0x02, 0x1d, 0x02, 0x1d, 
	0x02, 0x1d, 0x02, 0x1d, 0x02, 0x1d, 0x02, 0x1d, 
	0x01, 0xdd, 0x01, 0xdd, 0x01, 0xdd, 0x01, 0xdd, 
	0x02, 0x1d, 0x02, 0x1d, 0x02, 0x1d, 0x02, 0x1d, 
	0x02, 0x1d, 0x02, 0x1d, 0x02, 0x1d, 0x01, 0xdb, 
	0x02, 0x1d, 0x02, 0x1d, 0x02, 0x1d, 0x02, 0x1d, 
	0x02, 0x1d, 0x01, 0xdb, 0x02, 0x1d, 0x01, 0xdb, 
	0x01, 0xdb, 0x02, 0x1f, 0x02, 0x1f, 0x02, 0x1f, 
	0x02, 0x1d, 0x02, 0x1d, 0x02, 0x1d, 0x01, 0xdb, 
	0x01, 0xdb, 0x02, 0x1d, 0x02, 0x1d, 0x01, 0xdb, 
	0x01, 0xdd, 0x01, 0xdd, 0x02, 0x1f, 0x01, 0xdd, 
	0x01, 0xdd, 0x01, 0xdd, 0x02, 0x1f, 0x02, 0x1f, 
	0x02, 0x63, 0x02, 0x1f, 0x02, 0x1f, 0x02, 0x1f, 
	0x02, 0x1f, 0x02, 0x1f, 0x02, 0x1f, 0x02, 0x63, 
	0x02, 0x61, 0x02, 0x61, 0x02, 0x61, 0x02, 0x61, 
	0x02, 0x63, 0x02, 0x63, 0x02, 0x63, 0x02, 0x63, 
	0x02, 0x63, 0x02, 0x63, 0x02, 0x63, 0x02, 0x63, 
	0x02, 0x63, 0x02, 0x63, 0x02, 0x1f, 0x02, 0x1f, 
	0x02, 0x21, 0x02, 0x21, 0x02, 0x63, 0x02, 0x63, 
	0x02, 0x63, 0x02, 0x63, 0x02, 0x63, 0x02, 0x63, 
	0x02, 0x63, 0x02, 0x63, 0x02, 0x63, 0x02, 0x63, 
	0x02, 0x21, 0x02, 0x21, 0x02, 0x21, 0x02, 0x21, 
	0x02, 0x63, 0x02, 0x63, 0x02, 0x63, 0x02, 0x63, 
	0x02, 0x63, 0x02, 0x63, 0x02, 0x63, 0x02, 0x63, 
	0x02, 0x63, 0x02, 0x63, 0x02, 0x63, 0x02, 0x63, 
	0x02, 0x63, 0x02, 0x63, 0x02, 0x63, 0x02, 0x63, 
	0x02, 0x63, 0x02, 0x63, 0x02, 0x63, 0x02, 0x63, 
	0x02, 0x63, 0x02, 0x63, 0x02, 0x63, 0x02, 0x63, 
	0x02, 0x63, 0x02, 0x63, 0x02, 0x63, 0x02, 0x63, 
	0x02, 0xa5, 0x02, 0x61, 0x02, 0xa5, 0x02, 0xa5, 
	0x02, 0xa5, 0x02, 0x61, 0x02, 0x61, 0x02, 0x61, 
	0x02, 0x63, 0x02, 0xa3, 0x02, 0x63, 0x02, 0xa3, 
	0x0a, 0xa3, 0x0a, 0xa3, 0x0a, 0xa3, 0x0a, 0xa3, 
	0x0a, 0xa3, 0x0a, 0xa3, 0x0a, 0xa3, 0x0a, 0xa3, 
	0x0a, 0xa5, 0x0a, 0xa5, 0x0a, 0xa5, 0x0a, 0xa5, 
	0x02, 0xa3, 0x02, 0xa3, 0x02, 0xa3, 0x02, 0xa3, 
	0x0a, 0xa3, 0x0a, 0xe7, 0x0a, 0xe7, 0x0a, 0xa3, 
	0x0a, 0xa3, 0x0a, 0xa3, 0x0a, 0xa3, 0x0a, 0xa3, 
	0x0a, 0xe5, 0x0a, 0xe5, 0x0a, 0xe5, 0x0a, 0xe5, 
	0x0b, 0x27, 0x0a, 0xe5, 0x0a, 0xe5, 0x0a, 0xe5, 
	0x0b, 0x29, 0x0b, 0x29, 0x0a, 0xe5, 0x0a, 0xe5, 
	0x02, 0xe7, 0x02, 0xe7, 0x02, 0xa5, 0x02, 0xa3, 
	0x0a, 0xa3, 0x0a, 0xa3, 0x0a, 0xa3, 0x02, 0x61, 
	0x02, 0xa3, 0x02, 0xa3, 0x02, 0xa3, 0x02, 0xa3, 
	0x02, 0xe5, 0x0a, 0xa1, 0x0a, 0xa1, 0x0a, 0xa1, 
	0x02, 0xa1, 0x0a, 0xa3, 0x0a, 0xe5, 0x0a, 0xe5, 
	0x02, 0xe5, 0x02, 0xa3, 0x02, 0xa3, 0x02, 0xa3, 
	0x0a, 0xa3, 0x0a, 0xa3, 0x0a, 0xe5, 0x0a, 0xe5, 
	0x0a, 0xa1, 0x0a, 0xa1, 0x02, 0x61, 0x0a, 0xa1, 
	0x02, 0xa3, 0x02, 0xa3, 0x02, 0xa3, 0x02, 0xa3, 
	0x0a, 0xa1, 0x0a, 0xa1, 0x0a, 0x9f, 0x02, 0x5f, 
	0x0a, 0x5d, 0x0a, 0x5d, 0x0a, 0x5d, 0x0a, 0x9f, 
	0x02, 0xa1, 0x02, 0x5f, 0x02, 0x5f, 0x02, 0x5f, 
	0x02, 0x5d, 0x02, 0x5f, 0x02, 0x5d, 0x02, 0x5d, 
	0x02, 0x5d, 0x02, 0x5d, 0x02, 0x5d, 0x02, 0x5d, 
	0x02, 0x5d, 0x02, 0x5d, 0x02, 0x5d, 0x02, 0x5d, 
	0x02, 0x5d, 0x02, 0x1d, 0x02, 0x1d, 0x02, 0x1d, 
	0x02, 0x5d, 0x02, 0x5d, 0x02, 0x5d, 0x02, 0x5f, 
	0x02, 0x5f, 0x02, 0x5f, 0x02, 0x5f, 0x02, 0x5f, 
	0x02, 0x5f, 0x02, 0x5f, 0x02, 0x5f, 0x02, 0x5f, 
	0x02, 0x5f, 0x02, 0x5d, 0x02, 0x5d, 0x02, 0x5f, 
	0x02, 0x5f, 0x02, 0x5f, 0x02, 0x5d, 0x02, 0x5d, 
	0x02, 0x5f, 0x02, 0x5f, 0x02, 0x5f, 0x02, 0x5f, 
	0x02, 0x5d, 0x02, 0x5f, 0x02, 0x5f, 0x02, 0x5f, 
	0x02, 0x5f, 0x02, 0x5f, 0x02, 0x5f, 0x02, 0x5f, 
	0x02, 0x61, 0x02, 0x61, 0x02, 0x61, 0x02, 0x61, 
	0x02, 0x1d, 0x02, 0x1d, 0x02, 0x1d, 0x02, 0x1d, 
	0x02, 0x5f, 0x02, 0x5f, 0x02, 0x5f, 0x02, 0x5f, 
	0x02, 0x5f, 0x02, 0x5f, 0x02, 0x5f, 0x02, 0x5f, 
	0x02, 0x5f, 0x02, 0x5f, 0x02, 0x5f, 0x02, 0x1d, 
	0x02, 0x1f, 0x02, 0x1f, 0x02, 0x61, 0x02, 0x61, 
	0x02, 0x61, 0x02, 0x61, 0x02, 0x61, 0x02, 0x61, 
	0x02, 0x61, 0x02, 0x63, 0x02, 0x61, 0x02, 0x61, 
	0x02, 0x5f, 0x02, 0x5f, 0x02, 0x5f, 0x02, 0x5f, 
	0x02, 0x61, 0x02, 0x1f, 0x02, 0x1f, 0x02, 0x1f, 
	0x02, 0x1f, 0x02, 0x1f, 0x02, 0x1f, 0x02, 0x61, 
	0x02, 0xa5, 0x02, 0xa5, 0x02, 0xa5, 0x02, 0x63, 
	0x02, 0xa5, 0x02, 0xa5, 0x02, 0x63, 0x02, 0xa5, 
	0x02, 0xa5, 0x02, 0xa5, 0x02, 0xa5, 0x02, 0xa5, 
	0x02, 0xa7, 0x02, 0xa7, 0x02, 0xa7, 0x02, 0xa7, 
	0x02, 0xa7, 0x02, 0xa7, 0x02, 0xa7, 0x02, 0xa7, 
	0x02, 0xa7, 0x02, 0xa7, 0x02, 0xa7, 0x02, 0xa7, 
	0x02, 0xa7, 0x02, 0xa7, 0x02, 0xa7, 0x02, 0xa7, 
	0x02, 0xa9, 0x02, 0xa9, 0x02, 0xa9, 0x02, 0xa9, 
	0x02, 0xa7, 0x02, 0xa7, 0x02, 0xa7, 0x02, 0xa7, 
	0x02, 0xa7, 0x02, 0xa7, 0x02, 0xa7, 0x02, 0xa7, 
	0x02, 0xa7, 0x02, 0xa7, 0x02, 0xa7, 0x02, 0xa7, 
	0x02, 0xa7, 0x02, 0xa7, 0x02, 0xa7, 0x02, 0xa7, 
	0x02, 0xe9, 0x02, 0xe9, 0x02, 0xe9, 0x02, 0xe9, 
	0x02, 0xe7, 0x02, 0xe7, 0x02, 0xe7, 0x02, 0xe7, 
	0x02, 0xe9, 0x02, 0xe9, 0x02, 0xe9, 0x02, 0xe9, 
	0x02, 0xe7, 0x02, 0xe7, 0x02, 0xe7, 0x02, 0xe7, 
	0x02, 0xe7, 0x02, 0xe7, 0x02, 0xe7, 0x02, 0xe7, 
	0x02, 0xe9, 0x02, 0xe9, 0x02, 0xe9, 0x02, 0xe9, 
	0x02, 0xe7, 0x02, 0xe7, 0x02, 0xe7, 0x02, 0xe7, 
	0x02, 0xe5, 0x02, 0xe5, 0x02, 0xe5, 0x02, 0xe5, 
	0x0a, 0xe5, 0x0a, 0xe5, 0x0a, 0xe5, 0x0a, 0xe5, 
	0x0a, 0xe5, 0x0a, 0xe5, 0x0a, 0xe5, 0x0a, 0xe5, 
	0x0a, 0xe7, 0x0a, 0xe7, 0x0a, 0xe7, 0x0a, 0xe7, 
	0x02, 0xe5, 0x02, 0xe5, 0x02, 0xe5, 0x02, 0xe5, 
	0x0a, 0xe7, 0x0a, 0xe7, 0x0a, 0xe7, 0x0a, 0xe7, 
	0x0a, 0xe5, 0x0a, 0xe5, 0x0a, 0xe5, 0x0a, 0xe5, 
	0x0a, 0xe5, 0x0a, 0xe5, 0x0a, 0xe5, 0x0a, 0xe5, 
	0x0a, 0xe5, 0x0b, 0x27, 0x0b, 0x27, 0x0b, 0x27, 
	0x0b, 0x29, 0x0b, 0x29, 0x0b, 0x29, 0x0b, 0x29, 
	0x02, 0xe7, 0x02, 0xe7, 0x02, 0xe7, 0x02, 0xa5, 
	0x0a, 0xe3, 0x0a, 0xe3, 0x0a, 0xa3, 0x0a, 0xa3, 
	0x02, 0xe3, 0x02, 0xa3, 0x02, 0xa3, 0x02, 0xa3, 
	0x02, 0xa3, 0x02, 0xa3, 0x0a, 0xa1, 0x02, 0xa3, 
	0x0a, 0xa3, 0x0a, 0xe5, 0x0a, 0xa3, 0x0a, 0xa3, 
	0x0a, 0x5f, 0x0a, 0x5f, 0x02, 0xa3, 0x02, 0xa3, 
	0x0a, 0xa3, 0x0a, 0xe5, 0x0a, 0xe5, 0x0a, 0xe5, 
	0x0a, 0xe3, 0x0a, 0xe3, 0x0a, 0xe3, 0x0a, 0xa1, 
	0x02, 0xa3, 0x02, 0x9f, 0x02, 0x9f, 0x02, 0x9f, 
	0x0a, 0xa1, 0x0a, 0xa1, 0x0a, 0x9f, 0x0a, 0x9f, 
	0x0a, 0x9f, 0x0a, 0x9f, 0x0a, 0x5d, 0x0a, 0x5d, 
	0x02, 0x5f, 0x02, 0x5f, 0x02, 0x5f, 0x02, 0x5f, 
	0x02, 0x5f, 0x02, 0x5f, 0x02, 0x5d, 0x02, 0x5d, 
	0x02, 0x5f, 0x02, 0x5f, 0x02, 0x5f, 0x02, 0x5d, 
	0x02, 0x1b, 0x02, 0x1b, 0x02, 0x5d, 0x02, 0x5f, 
	0x02, 0x5f, 0x02, 0x5d, 0x02, 0x5d, 0x02, 0x5d, 
	0x02, 0x5d, 0x02, 0x5d, 0x02, 0x5f, 0x02, 0x5f, 
	0x02, 0x5d, 0x02, 0x5d, 0x02, 0x5d, 0x02, 0x5d, 
	0x02, 0x5d, 0x02, 0x5d, 0x02, 0x5d, 0x02, 0x5d, 
	0x02, 0x5d, 0x02, 0x5d, 0x02, 0x5d, 0x02, 0x5d, 
	0x02, 0x5d, 0x02, 0x5d, 0x02, 0x5d, 0x02, 0x5d, 
	0x02, 0x5d, 0x02, 0x5d, 0x02, 0x5f, 0x02, 0x5f, 
	0x02, 0x5f, 0x02, 0x5f, 0x02, 0x5f, 0x02, 0x5f, 
	0x02, 0x5f, 0x02, 0x5f, 0x02, 0x5f, 0x02, 0x5f, 
	0x02, 0xa3, 0x02, 0x61, 0x02, 0x61, 0x02, 0x61, 
	0x02, 0x5f, 0x02, 0x5f, 0x02, 0x5f, 0x02, 0x5f, 
	0x02, 0x61, 0x02, 0x61, 0x02, 0x61, 0x02, 0x61, 
	0x02, 0x61, 0x02, 0x61, 0x02, 0x61, 0x02, 0x61, 
	0x02, 0x61, 0x02, 0x61, 0x02, 0x61, 0x02, 0x5f, 
	0x02, 0x61, 0x02, 0x61, 0x02, 0x61, 0x02, 0x61, 
	0x02, 0x61, 0x02, 0x61, 0x02, 0x61, 0x02, 0x61, 
	0x02, 0x63, 0x02, 0x63, 0x02, 0x63, 0x02, 0x61, 
	0x02, 0x5f, 0x02, 0x61, 0x02, 0x61, 0x02, 0x61, 
	0x02, 0xa3, 0x02, 0x61, 0x02, 0xa3, 0x02, 0xa3, 
	0x02, 0x61, 0x02, 0xa3, 0x02, 0xa3, 0x02, 0xa3, 
	0x0a, 0xe1, 0x0a, 0xe1, 0x0a, 0xe1, 0x0a, 0xe1, 
	0x0a, 0xdf, 0x0a, 0xdf, 0x0a, 0xdf, 0x0a, 0xdf, 
	0x0a, 0xdf, 0x0a, 0xdf, 0x0a, 0xdf, 0x0a, 0xdf, 
	0x12, 0xe1, 0x12, 0xe1, 0x12, 0xe1, 0x12, 0xe1, 
	0x0b, 0x23, 0x0b, 0x23, 0x0b, 0x23, 0x0b, 0x23, 
	0x13, 0x23, 0x13, 0x23, 0x13, 0x23, 0x13, 0x23, 
	0x0a, 0xdf, 0x13, 0x21, 0x0a, 0xdf, 0x0a, 0xdf, 
	0x12, 0xdf, 0x12, 0xdf, 0x12, 0xdf, 0x13, 0x21, 
	0x12, 0xe1, 0x12, 0xe1, 0x12, 0xe1, 0x12, 0xe1, 
	0x12, 0xdf, 0x12, 0xdf, 0x12, 0xdf, 0x12, 0xdf, 
	0x12, 0x9d, 0x2b, 0x21, 0x2b, 0x21, 0x12, 0x9d, 
	0x12, 0xe1, 0x12, 0xe1, 0x1b, 0x23, 0x1b, 0x23, 
	0x1b, 0x25, 0x1a, 0xe1, 0x1b, 0x25, 0x1b, 0x25, 
	0x1b, 0x25, 0x1b, 0x25, 0x1b, 0x25, 0x1b, 0x25, 
	0x1b, 0x67, 0x1b, 0x67, 0x1b, 0x67, 0x1b, 0x67, 
	0x1b, 0x65, 0x1b, 0x65, 0x1b, 0x65, 0x1b, 0x65, 
	0x1b, 0x65, 0x1b, 0x65, 0x1b, 0x65, 0x1b, 0x65, 
	0x1b, 0x65, 0x1b, 0x65, 0x1b, 0x65, 0x1b, 0x65, 
	0x1b, 0x23, 0x1b, 0x23, 0x1b, 0x23, 0x1b, 0x23, 
	0x1b, 0x23, 0x1b, 0x23, 0x1b, 0x23, 0x1b, 0x23, 
	0x1a, 0xdf, 0x1a, 0xdf, 0x1b, 0x21, 0x1b, 0x21, 
	0x1a, 0xdf, 0x1a, 0xdf, 0x1a, 0xdf, 0x1a, 0xdf, 
	0x1b, 0x21, 0x1b, 0x21, 0x1b, 0x21, 0x12, 0xdd, 
	0x1a, 0xdf, 0x1a, 0xdf, 0x1a, 0xdf, 0x1a, 0xdf, 
	0x1a, 0xdf, 0x1a, 0xdf, 0x1a, 0xdf, 0x1a, 0xdf, 
	0x13, 0x21, 0x12, 0xdf, 0x12, 0xdf, 0x12, 0xdf, 
	0x13, 0x21, 0x13, 0x21, 0x13, 0x21, 0x12, 0xdf, 
	0x12, 0xdd, 0x12, 0xdd, 0x12, 0xdd, 0x12, 0xdd, 
	0x12, 0xe1, 0x13, 0x25, 0x13, 0x25, 0x13, 0x25, 
	0x13, 0x25, 0x13, 0x25, 0x12, 0xe1, 0x12, 0xe1, 
	0x13, 0x21, 0x13, 0x21, 0x12, 0xdf, 0x13, 0x21, 
	0x12, 0xe1, 0x12, 0xe1, 0x12, 0xe1, 0x12, 0x9f, 
	0x0a, 0xdf, 0x0a, 0xdf, 0x0a, 0xdf, 0x0a, 0xdf, 
	0x0a, 0xdf, 0x0a, 0xdf, 0x0a, 0xdf, 0x0a, 0xdf, 
	0x0a, 0x9d, 0x0a, 0x9d, 0x0a, 0x9d, 0x0a, 0x9d, 
	0x0a, 0x59, 0x0a, 0x9d, 0x0a, 0x9d, 0x0a, 0x59, 
	0x0a, 0x57, 0x0a, 0x57, 0x0a, 0x57, 0x0a, 0x57, 
	0x0a, 0x17, 0x0a, 0x17, 0x0a, 0x59, 0x0a, 0x59, 
	0x0a, 0x99, 0x0a, 0x99, 0x0a, 0x99, 0x0a, 0x99, 
	0x0a, 0x59, 0x0a, 0x59, 0x0a, 0x17, 0x0a, 0x17, 
	0x02, 0x17, 0x02, 0x17, 0x02, 0x17, 0x02, 0x17, 
	0x02, 0x1b, 0x02, 0x1b, 0x02, 0x1b, 0x02, 0x1b, 
	0x02, 0x5b, 0x02, 0x5b, 0x02, 0x5b, 0x02, 0x5b, 
	0x02, 0x5b, 0x02, 0x5b, 0x02, 0x5b, 0x02, 0x5b, 
	0x02, 0x5b, 0x02, 0x5b, 0x02, 0x5b, 0x02, 0x5b, 
	0x0a, 0x5b, 0x0a, 0x5b, 0x0a, 0x5b, 0x0a, 0x5b, 
	0x02, 0x19, 0x02, 0x19, 0x02, 0x19, 0x02, 0x19, 
	0x02, 0x17, 0x02, 0x17, 0x02, 0x17, 0x02, 0x17, 
	0x02, 0x17, 0x02, 0x17, 0x02, 0x17, 0x02, 0x17, 
	0x02, 0x5b, 0x02, 0x5b, 0x02, 0x5b, 0x02, 0x5b, 
	0x02, 0x5b, 0x02, 0x5b, 0x02, 0x5b, 0x02, 0x5b, 
	0x02, 0x5b, 0x02, 0x5b, 0x02, 0x5b, 0x02, 0x5b, 
	0x02, 0x5b, 0x02, 0x5b, 0x02, 0x5b, 0x02, 0x5b, 
	0x02, 0x9d, 0x02, 0x9d, 0x02, 0x9d, 0x02, 0x9d, 
	0x02, 0x9f, 0x02, 0x9f, 0x02, 0x9f, 0x02, 0x9f, 
	0x02, 0x5d, 0x02, 0x5d, 0x02, 0x5d, 0x02, 0x5d, 
	0x02, 0x5b, 0x02, 0x5b, 0x02, 0x5b, 0x02, 0x5b, 
	0x02, 0x5b, 0x02, 0x5b, 0x02, 0x9d, 0x02, 0x9d, 
	0x02, 0x9b, 0x02, 0x9b, 0x02, 0x9b, 0x02, 0x59, 
	0x0a, 0x9b, 0x0a, 0x9b, 0x0a, 0x9b, 0x0a, 0x9b, 
	0x02, 0x9d, 0x02, 0x9d, 0x02, 0x9d, 0x02, 0x5b, 
	0x02, 0x5b, 0x02, 0x5b, 0x02, 0x9d, 0x02, 0x9d, 
	0x0a, 0x9b, 0x0a, 0x9b, 0x0a, 0x9b, 0x0a, 0x9b, 
	0x0a, 0x9d, 0x12, 0xdd, 0x0a, 0x9d, 0x0a, 0x9d, 
	0x0a, 0xe1, 0x0a, 0xe1, 0x0a, 0xe1, 0x0a, 0xe1, 
	0x13, 0x21, 0x13, 0x21, 0x13, 0x21, 0x13, 0x21, 
	0x13, 0x21, 0x13, 0x21, 0x13, 0x21, 0x13, 0x21, 
	0x12, 0xe1, 0x12, 0xe1, 0x12, 0xe1, 0x12, 0xe1, 
	0x0b, 0x23, 0x0b, 0x23, 0x0b, 0x23, 0x0b, 0x23, 
	0x12, 0xe1, 0x13, 0x23, 0x12, 0xe1, 0x13, 0x23, 
	0x13, 0x21, 0x13, 0x21, 0x13, 0x21, 0x13, 0x21, 
	0x13, 0x21, 0x13, 0x21, 0x13, 0x21, 0x13, 0x21, 
	0x12, 0xe1, 0x12, 0xe1, 0x12, 0xe1, 0x12, 0xe1, 
	0x12, 0xdf, 0x12, 0xdf, 0x12, 0xdf, 0x12, 0xdf, 
	0x12, 0x9d, 0x43, 0xe5, 0x43, 0xe5, 0x12, 0x9d, 
	0x1b, 0x23, 0x1b, 0x23, 0x1b, 0x23, 0x1b, 0x23, 
	0x1b, 0x25, 0x1b, 0x25, 0x1b, 0x25, 0x1b, 0x25, 
	0x1b, 0x25, 0x1b, 0x25, 0x1b, 0x25, 0x1b, 0x25, 
	0x1b, 0x67, 0x1b, 0x67, 0x1b, 0x67, 0x1b, 0x67, 
	0x1b, 0x65, 0x1b, 0x65, 0x1b, 0x65, 0x1b, 0x65, 
	0x1b, 0x65, 0x1b, 0x65, 0x1b, 0x65, 0x1b, 0x65, 
	0x1b, 0x65, 0x1b, 0x65, 0x1b, 0x21, 0x1b, 0x21, 
	0x1b, 0x21, 0x1b, 0x21, 0x1b, 0x21, 0x1b, 0x21, 
	0x1b, 0x23, 0x1b, 0x23, 0x1b, 0x23, 0x1b, 0x21, 
	0x1a, 0xdf, 0x1b, 0x21, 0x1b, 0x21, 0x1b, 0x21, 
	0x1b, 0x21, 0x1b, 0x21, 0x1b, 0x21, 0x1a, 0xdf, 
	0x1b, 0x21, 0x1b, 0x21, 0x1b, 0x21, 0x12, 0xdd, 
	0x1a, 0xdf, 0x1a, 0xdf, 0x1a, 0xdf, 0x1a, 0xdf, 
	0x12, 0xdd, 0x12, 0xdd, 0x12, 0xdd, 0x12, 0xdd, 
	0x12, 0xdd, 0x12, 0xdf, 0x12, 0xdd, 0x12, 0xdd, 
	0x12, 0xdf, 0x12, 0xdf, 0x13, 0x21, 0x12, 0xdf, 
	0x12, 0xdf, 0x12, 0xdf, 0x12, 0xdf, 0x12, 0xdf, 
	0x12, 0xe1, 0x12, 0xe1, 0x12, 0xe1, 0x12, 0xe1, 
	0x13, 0x25, 0x12, 0xe1, 0x12, 0xe1, 0x12, 0xe1, 
	0x13, 0x21, 0x12, 0xdf, 0x12, 0xdf, 0x12, 0xdf, 
	0x12, 0x9f, 0x12, 0x9f, 0x12, 0x9f, 0x12, 0x9f, 
	0x0a, 0xdf, 0x0a, 0xdf, 0x0a, 0xdf, 0x0a, 0xdf, 
	0x0a, 0xdf, 0x0a, 0xdf, 0x0a, 0xdf, 0x0a, 0xdf, 
	0x0a, 0x9d, 0x0a, 0x9d, 0x0a, 0x9d, 0x0a, 0x9d, 
	0x0a, 0x9d, 0x0a, 0x9d, 0x0a, 0x59, 0x0a, 0x59, 
	0x0a, 0x57, 0x0a, 0x59, 0x0a, 0x59, 0x0a, 0x59, 
	0x0a, 0x59, 0x0a, 0x59, 0x0a, 0x59, 0x0a, 0x59, 
	0x0a, 0x17, 0x0a, 0x17, 0x0a, 0x17, 0x0a, 0x17, 
	0x0a, 0x17, 0x0a, 0x17, 0x0a, 0x17, 0x01, 0xd3, 
	0x01, 0xd3, 0x01, 0xd3, 0x01, 0xd3, 0x01, 0xd3, 
	0x01, 0xd3, 0x01, 0xd3, 0x01, 0xd3, 0x01, 0xd3, 
	0x02, 0x17, 0x02, 0x17, 0x02, 0x17, 0x02, 0x17, 
	0x01, 0xd3, 0x01, 0xd3, 0x01, 0xd3, 0x01, 0xd3, 
	0x01, 0xd5, 0x01, 0xd5, 0x01, 0xd5, 0x01, 0xd5, 
	0x0a, 0x15, 0x0a, 0x15, 0x0a, 0x15, 0x0a, 0x15, 
	0x01, 0xd3, 0x01, 0xd3, 0x01, 0xd3, 0x01, 0xd3, 
	0x01, 0xd5, 0x01, 0x93, 0x01, 0xd5, 0x01, 0xd5, 
	0x01, 0xd5, 0x01, 0xd5, 0x01, 0xd5, 0x01, 0xd5, 
	0x02, 0x17, 0x01, 0x93, 0x02, 0x17, 0x02, 0x17, 
	0x02, 0x17, 0x02, 0x17, 0x02, 0x17, 0x01, 0x93, 
	0x01, 0xd5, 0x02, 0x17, 0x02, 0x17, 0x02, 0x17, 
	0x02, 0x17, 0x02, 0x17, 0x02, 0x17, 0x02, 0x17, 
	0x02, 0x17, 0x02, 0x17, 0x02, 0x17, 0x02, 0x17, 
	0x02, 0x19, 0x02, 0x19, 0x02, 0x19, 0x02, 0x19, 
	0x02, 0x5d, 0x02, 0x5d, 0x02, 0x5d, 0x02, 0x19, 
	0x02, 0x17, 0x02, 0x17, 0x02, 0x17, 0x02, 0x5b, 
	0x02, 0x5b, 0x02, 0x5b, 0x02, 0x5b, 0x02, 0x5b, 
	0x02, 0x59, 0x02, 0x59, 0x02, 0x59, 0x02, 0x59, 
	0x0a, 0x59, 0x0a, 0x59, 0x0a, 0x59, 0x0a, 0x9b, 
	0x02, 0x5b, 0x02, 0x5b, 0x02, 0x5b, 0x02, 0x5b, 
	0x02, 0x5b, 0x02, 0x5b, 0x02, 0x5b, 0x02, 0x5b, 
	0x0a, 0x9b, 0x0a, 0x9b, 0x0a, 0x9b, 0x0a, 0xdd, 
	0x12, 0xdd, 0x12, 0xdd, 0x12, 0xdd, 0x12, 0xdd, 
	0x0a, 0x9f, 0x0a, 0xe1, 0x0a, 0x9f, 0x0a, 0x9f, 
	0x0a, 0xdf, 0x0a, 0xdf, 0x0a, 0xdf, 0x0a, 0xdf, 
	0x0a, 0xdf, 0x0a, 0xdf, 0x0a, 0xdf, 0x0a, 0xdf, 
	0x0a, 0x9f, 0x0a, 0x9f, 0x0a, 0x9f, 0x0a, 0x9f, 
	0x0a, 0xe1, 0x0a, 0xe1, 0x0a, 0xe1, 0x0a, 0xe1, 
	0x12, 0xe1, 0x0a, 0x9d, 0x12, 0xe1, 0x12, 0xe1, 
	0x0a, 0xdf, 0x0a, 0xdf, 0x0a, 0xdf, 0x0a, 0x9f, 
	0x12, 0xdf, 0x12, 0xdf, 0x12, 0xdf, 0x12, 0xdf, 
	0x12, 0xdf, 0x12, 0xdf, 0x12, 0xdf, 0x12, 0xdf, 
	0x12, 0xdf, 0x12, 0xdf, 0x12, 0xdf, 0x12, 0xdf, 
	0x12, 0x9d, 0x2b, 0x21, 0x12, 0x9d, 0x12, 0x9d, 
	0x1b, 0x23, 0x1b, 0x23, 0x1b, 0x23, 0x1b, 0x23, 
	0x1a, 0xe1, 0x1b, 0x25, 0x1a, 0xe1, 0x1a, 0xe1, 
	0x1b, 0x25, 0x1a, 0xdf, 0x1a, 0xdf, 0x1a, 0xdf, 
	0x1a, 0xdf, 0x1a, 0xdf, 0x1a, 0xdf, 0x1a, 0xdf, 
	0x1a, 0xdf, 0x1a, 0xdf, 0x1b, 0x65, 0x1b, 0x65, 
	0x1b, 0x65, 0x1b, 0x65, 0x1b, 0x65, 0x1b, 0x1f, 
	0x1b, 0x21, 0x1b, 0x65, 0x1b, 0x21, 0x1b, 0x21, 
	0x1b, 0x23, 0x1b, 0x23, 0x1b, 0x21, 0x1b, 0x21, 
	0x1b, 0x21, 0x12, 0xdd, 0x1b, 0x21, 0x1b, 0x21, 
	0x1a, 0xdf, 0x1a, 0xdf, 0x1b, 0x21, 0x1a, 0xdf, 
	0x1a, 0xdf, 0x1a, 0xdf, 0x1b, 0x21, 0x1a, 0xdf, 
	0x1b, 0x21, 0x1b, 0x21, 0x1b, 0x21, 0x12, 0xdd, 
	0x1a, 0xdf, 0x1a, 0xdf, 0x1a, 0xdf, 0x1a, 0xdf, 
	0x1a, 0xdf, 0x1a, 0xdf, 0x1a, 0xdf, 0x1a, 0xdf, 
	0x12, 0xdf, 0x12, 0xdf, 0x12, 0xdf, 0x12, 0xdf, 
	0x13, 0x21, 0x12, 0xdf, 0x12, 0xdf, 0x12, 0xdf, 
	0x12, 0xdf, 0x12, 0xdf, 0x12, 0xdf, 0x12, 0xdf, 
	0x12, 0xdf, 0x12, 0xdf, 0x12, 0xe1, 0x12, 0xe1, 
	0x12, 0xe1, 0x12, 0xdf, 0x12, 0xdf, 0x12, 0xdf, 
	0x12, 0xdf, 0x12, 0xdf, 0x12, 0xdf, 0x12, 0xdf, 
	0x12, 0xe1, 0x12, 0xe1, 0x12, 0xe1, 0x12, 0x9f, 
	0x0a, 0xdf, 0x0a, 0xdf, 0x0a, 0xdf, 0x0a, 0xdf, 
	0x0a, 0xdf, 0x0a, 0xdf, 0x0a, 0x9b, 0x0a, 0x9b, 
	0x0a, 0x9d, 0x0a, 0x59, 0x0a, 0x59, 0x0a, 0x59, 
	0x0a, 0x59, 0x0a, 0x59, 0x0a, 0x59, 0x0a, 0x59, 
	0x0a, 0x59, 0x0a, 0x57, 0x0a, 0x57, 0x0a, 0x57, 
	0x0a, 0x59, 0x0a, 0x59, 0x0a, 0x59, 0x0a, 0x59, 
	0x0a, 0x17, 0x0a, 0x17, 0x0a, 0x17, 0x0a, 0x17, 
	0x0a, 0x17, 0x0a, 0x17, 0x01, 0xd3, 0x01, 0xd3, 
	0x01, 0xd3, 0x01, 0xd3, 0x01, 0xd3, 0x01, 0xd3, 
	0x01, 0xd3, 0x01, 0xd3, 0x01, 0xd3, 0x01, 0xd3, 
	0x01, 0x91, 0x01, 0x91, 0x01, 0x91, 0x01, 0x91, 
	0x01, 0xd3, 0x01, 0xd3, 0x01, 0xd3, 0x01, 0xd3, 
	0x01, 0xd5, 0x01, 0xd5, 0x01, 0xd5, 0x02, 0x5b, 
	0x0a, 0x5b, 0x0a, 0x5b, 0x0a, 0x5b, 0x0a, 0x5b, 
	0x02, 0x9d, 0x02, 0x9d, 0x02, 0x19, 0x02, 0x19, 
	0x01, 0xd5, 0x01, 0xd5, 0x01, 0x93, 0x01, 0x93, 
	0x01, 0x93, 0x01, 0x51, 0x01, 0x51, 0x01, 0x51, 
	0x01, 0x93, 0x01, 0x93, 0x01, 0x93, 0x01, 0x93, 
	0x01, 0x93, 0x01, 0x93, 0x01, 0x93, 0x01, 0x93, 
	0x01, 0xd5, 0x01, 0xd5, 0x01, 0xd5, 0x01, 0xd5, 
	0x02, 0x17, 0x02, 0x17, 0x02, 0x17, 0x02, 0x17, 
	0x02, 0x17, 0x02, 0x17, 0x02, 0x17, 0x02, 0x17, 
	0x02, 0x19, 0x02, 0x19, 0x02, 0x19, 0x02, 0x19, 
	0x02, 0x19, 0x02, 0x19, 0x02, 0x19, 0x02, 0x19, 
	0x02, 0x17, 0x02, 0x17, 0x02, 0x17, 0x02, 0x17, 
	0x02, 0x19, 0x02, 0x19, 0x02, 0x19, 0x02, 0x19, 
	0x02, 0x19, 0x02, 0x19, 0x02, 0x19, 0x01, 0xd7, 
	0x01, 0xd7, 0x01, 0xd7, 0x01, 0xd7, 0x0a, 0x59, 
	0x02, 0x5b, 0x02, 0x19, 0x02, 0x19, 0x02, 0x19, 
	0x02, 0x19, 0x02, 0x5b, 0x02, 0x19, 0x02, 0x5b, 
	0x02, 0x5b, 0x02, 0x5b, 0x02, 0x5b, 0x02, 0x5b, 
	0x0a, 0x5b, 0x0a, 0x5b, 0x0a, 0x5b, 0x0a, 0x5b, 
	0x02, 0x1b, 0x02, 0x1b, 0x02, 0x1b, 0x02, 0x1b, 
	0x02, 0x1b, 0x02, 0x1b, 0x02, 0x1b, 0x02, 0x1b, 
	0x02, 0x5b, 0x02, 0x5b, 0x02, 0x5b, 0x02, 0x5b, 
	0x02, 0x5b, 0x02, 0x5b, 0x02, 0x5b, 0x02, 0x5b, 
	0x02, 0x1b, 0x02, 0x1b, 0x02, 0x1b, 0x02, 0x5d, 
	0x0a, 0x9d, 0x0a, 0x5b, 0x0a, 0x5b, 0x0a, 0x5b, 
	0x02, 0x5d, 0x02, 0x5d, 0x0a, 0x9f, 0x0a, 0x9f, 
	0x0a, 0x5d, 0x0a, 0x5d, 0x0a, 0x5d, 0x0a, 0x9f, 
	0x0a, 0x5d, 0x0a, 0x5d, 0x0a, 0x9f, 0x0a, 0x5d, 
	0x0a, 0x9f, 0x0a, 0x9f, 0x0a, 0x9f, 0x0a, 0x9f, 
	0x12, 0x9d, 0x5c, 0x69, 0x43, 0xe5, 0x12, 0x9d, 
	0x33, 0xa5, 0x12, 0xe1, 0x12, 0xe1, 0x12, 0xe1, 
	0x1a, 0xdb, 0x1a, 0xe1, 0x1a, 0x97, 0x1a, 0x97, 
	0x22, 0x97, 0x22, 0x97, 0x22, 0x97, 0x22, 0x97, 
	0x22, 0x97, 0x22, 0x97, 0x22, 0x97, 0x22, 0x97, 
	0x1a, 0x55, 0x1a, 0x55, 0x1a, 0x55, 0x1a, 0x55, 
	0x1a, 0x55, 0x1a, 0x55, 0x1a, 0x55, 0x1a, 0x9b, 
	0x1a, 0x9b, 0x1a, 0x9b, 0x1a, 0xdf, 0x1a, 0xdf, 
	0x1a, 0xdd, 0x1a, 0xdf, 0x1a, 0xdf, 0x1a, 0xdf, 
	0x12, 0xdd, 0x12, 0xdd, 0x12, 0xdb, 0x12, 0xdb, 
	0x12, 0x9b, 0x12, 0x9b, 0x12, 0x9b, 0x12, 0x9b, 
	0x12, 0x59, 0x12, 0x59, 0x12, 0x59, 0x12, 0x59, 
	0x0a, 0x57, 0x12, 0x9b, 0x12, 0x9b, 0x0a, 0x57, 
	0x0a, 0x57, 0x0a, 0x57, 0x12, 0x99, 0x12, 0x99, 
	0x0a, 0x59, 0x12, 0x9b, 0x12, 0x9b, 0x12, 0x9b, 
	0x12, 0x9b, 0x12, 0x9b, 0x12, 0x9b, 0x12, 0x9b, 
	0x12, 0x59, 0x12, 0x59, 0x12, 0x59, 0x12, 0x9b, 
	0x12, 0x5b, 0x12, 0x9d, 0x12, 0x9d, 0x12, 0x5b, 
	0x12, 0x9b, 0x12, 0x9b, 0x12, 0x9b, 0x12, 0x9b, 
	0x12, 0x9b, 0x12, 0x9b, 0x12, 0x9b, 0x12, 0x9b, 
	0x12, 0x5b, 0x12, 0x5b, 0x12, 0x5b, 0x12, 0x5b, 
	0x0a, 0x59, 0x0a, 0x59, 0x0a, 0x59, 0x0a, 0x59, 
	0x0a, 0x15, 0x0a, 0x15, 0x0a, 0x15, 0x09, 0xd1, 
	0x01, 0xd3, 0x01, 0xd3, 0x01, 0xd3, 0x01, 0xd3, 
	0x01, 0xd3, 0x01, 0xd3, 0x01, 0xd3, 0x01, 0xd3, 
	0x01, 0xd3, 0x01, 0xd3, 0x01, 0xd3, 0x01, 0xd3, 
	0x01, 0xd5, 0x01, 0xd5, 0x01, 0xd5, 0x01, 0xd5, 
	0x01, 0xd5, 0x01, 0xd5, 0x01, 0xd5, 0x01, 0xd5, 
	0x01, 0xd3, 0x01, 0xd3, 0x01, 0xd3, 0x01, 0xd3, 
	0x01, 0xd3, 0x01, 0x91, 0x01, 0x91, 0x01, 0x91, 
	0x01, 0x91, 0x01, 0x8d, 0x01, 0x91, 0x01, 0x91, 
	0x01, 0x8f, 0x01, 0x8f, 0x01, 0x8f, 0x01, 0x8f, 
	0x01, 0x4d, 0x01, 0x4d, 0x01, 0x4d, 0x01, 0x4d, 
	0x01, 0x0d, 0x01, 0x0d, 0x01, 0x0d, 0x01, 0x0d, 
	0x00, 0xcb, 0x00, 0xcb, 0x00, 0xcb, 0x00, 0xcb, 
	0x01, 0x0b, 0x01, 0x91, 0x01, 0x0b, 0x01, 0x0b, 
	0x01, 0x4f, 0x01, 0x4f, 0x01, 0x4f, 0x01, 0x4f, 
	0x01, 0x91, 0x01, 0x91, 0x01, 0x91, 0x01, 0x91, 
	0x01, 0x51, 0x01, 0x51, 0x01, 0x51, 0x01, 0x51, 
	0x01, 0x4f, 0x01, 0x4f, 0x01, 0x4f, 0x01, 0x4f, 
	0x01, 0x4f, 0x01, 0x4f, 0x01, 0x4f, 0x01, 0x4f, 
	0x01, 0x91, 0x01, 0x91, 0x01, 0x91, 0x01, 0x91, 
	0x01, 0x93, 0x01, 0x4f, 0x01, 0x4f, 0x01, 0x4f, 
	0x01, 0x4f, 0x01, 0x4f, 0x01, 0x4f, 0x01, 0x4f, 
	0x01, 0x4f, 0x01, 0x4f, 0x01, 0x4f, 0x01, 0x4f, 
	0x01, 0x51, 0x01, 0x51, 0x01, 0x51, 0x01, 0x51, 
	0x01, 0x51, 0x01, 0x51, 0x01, 0x51, 0x01, 0x51, 
	0x01, 0x97, 0x01, 0x97, 0x01, 0x97, 0x01, 0x97, 
	0x01, 0xd7, 0x01, 0xd7, 0x01, 0xd7, 0x01, 0xd7, 
	0x01, 0x95, 0x01, 0x95, 0x01, 0x95, 0x01, 0x95, 
	0x01, 0xd7, 0x01, 0xd7, 0x01, 0xd7, 0x01, 0xd7, 
	0x02, 0x19, 0x02, 0x19, 0x02, 0x19, 0x02, 0x5b, 
	0x01, 0xd9, 0x01, 0xd9, 0x01, 0xd9, 0x01, 0xd9, 
	0x02, 0x1b, 0x02, 0x1b, 0x0a, 0x5b, 0x02, 0x1b, 
	0x12, 0x59, 0x12, 0x59, 0x12, 0x15, 0x12, 0x59, 
	0x12, 0x99, 0x12, 0x99, 0x12, 0x99, 0x1a, 0x9b, 
	0x1a, 0x9d, 0x1a, 0x9d, 0x1a, 0x9d, 0x12, 0x57, 
	0x1a, 0xdd, 0x1a, 0xdd, 0x1a, 0xdd, 0x1a, 0x9b, 
	0x1a, 0x9d, 0x1a, 0x9d, 0x12, 0x99, 0x1a, 0x9d, 
	0x1a, 0x9d, 0x1a, 0x9d, 0x1a, 0x9d, 0x1a, 0x9d, 
	0x1a, 0x9d, 0x1a, 0x9d, 0x1a, 0x9d, 0x12, 0x59, 
	0x12, 0x9b, 0x12, 0x9b, 0x12, 0x9b, 0x12, 0x59, 
	0x12, 0x59, 0x12, 0x59, 0x12, 0x59, 0x12, 0x59, 
	0x0a, 0x17, 0x12, 0x59, 0x12, 0x59, 0x0a, 0x17, 
	0x12, 0x57, 0x1a, 0x9b, 0x12, 0x57, 0x12, 0x57, 
	0x1a, 0x99, 0x12, 0x57, 0x12, 0x57, 0x12, 0x57, 
	0x1a, 0x59, 0x1a, 0x59, 0x1a, 0x9d, 0x1a, 0x9d, 
	0x23, 0x23, 0x23, 0x23, 0x1a, 0xdd, 0x1a, 0xdd, 
	0x1a, 0xdd, 0x23, 0x21, 0x23, 0x21, 0x1a, 0xdd, 
	0x1a, 0xdd, 0x1a, 0xdd, 0x23, 0x1f, 0x23, 0x1f, 
	0x23, 0x61, 0x23, 0x61, 0x23, 0x61, 0x23, 0x1f, 
	0x22, 0xdd, 0x1a, 0x9b, 0x1a, 0x9b, 0x1a, 0x9b, 
	0x1a, 0xdd, 0x1a, 0xdd, 0x1a, 0xdd, 0x1a, 0xdd, 
	0x1a, 0x9b, 0x1a, 0xdf, 0x1a, 0xdf, 0x1a, 0xdf, 
	0x12, 0x9b, 0x1a, 0xdf, 0x1a, 0xdf, 0x1a, 0xdf, 
	0x1a, 0xdf, 0x12, 0x9b, 0x12, 0x9b, 0x12, 0xdd, 
	0x12, 0x9b, 0x1a, 0xdd, 0x12, 0x9b, 0x12, 0x9b, 
	0x12, 0xdf, 0x12, 0x9d, 0x12, 0x9d, 0x12, 0x9d, 
	0x12, 0x9b, 0x12, 0x57, 0x12, 0x57, 0x12, 0x57, 
	0x12, 0x57, 0x12, 0x57, 0x0a, 0x15, 0x0a, 0x15, 
	0x12, 0x15, 0x12, 0x57, 0x12, 0x57, 0x12, 0x15, 
	0x12, 0x15, 0x12, 0x57, 0x1a, 0x9b, 0x1a, 0x99, 
	0x12, 0x57, 0x1a, 0x99, 0x12, 0x57, 0x12, 0x57, 
	0x12, 0x57, 0x12, 0x57, 0x1a, 0x9b, 0x12, 0x57, 
	0x12, 0x57, 0x12, 0x57, 0x12, 0x57, 0x12, 0x9b, 
	0x12, 0x59, 0x12, 0x59, 0x12, 0x99, 0x12, 0x59, 
	0x0a, 0x57, 0x0a, 0x57, 0x12, 0x59, 0x0a, 0x57, 
	0x12, 0x57, 0x0a, 0x57, 0x0a, 0x15, 0x0a, 0x15, 
	0x0a, 0x15, 0x0a, 0x57, 0x0a, 0x15, 0x0a, 0x15, 
	0x0a, 0x13, 0x0a, 0x13, 0x0a, 0x13, 0x0a, 0x13, 
	0x0a, 0x15, 0x0a, 0x15, 0x09, 0xd3, 0x09, 0xd3, 
	0x01, 0xd3, 0x01, 0xd3, 0x01, 0xd3, 0x01, 0xd3, 
	0x01, 0xd1, 0x01, 0xd1, 0x01, 0xd1, 0x01, 0xd1, 
	0x01, 0xd1, 0x01, 0x8f, 0x01, 0x8f, 0x01, 0x8f, 
	0x01, 0x8f, 0x01, 0x8f, 0x01, 0x8f, 0x01, 0x8f, 
	0x01, 0x8f, 0x01, 0x8f, 0x01, 0x8f, 0x01, 0x8d, 
	0x01, 0x8f, 0x01, 0x8f, 0x01, 0x8f, 0x01, 0x8f, 
	0x01, 0x8f, 0x01, 0x8f, 0x01, 0x8f, 0x01, 0x8f, 
	0x01, 0x8f, 0x01, 0x8f, 0x01, 0x8f, 0x01, 0x8f, 
	0x01, 0x8f, 0x01, 0x8f, 0x01, 0x8f, 0x01, 0x8f, 
	0x01, 0x4d, 0x01, 0x4d, 0x01, 0x8f, 0x01, 0x8f, 
	0x01, 0x4d, 0x01, 0x4d, 0x01, 0x8f, 0x01, 0x8f, 
	0x01, 0x91, 0x01, 0x91, 0x01, 0x91, 0x01, 0xd1, 
	0x01, 0xd1, 0x01, 0xd3, 0x01, 0xd3, 0x0a, 0x17, 
	0x01, 0xd3, 0x01, 0xd3, 0x01, 0x93, 0x01, 0xd3, 
	0x01, 0xd3, 0x02, 0x15, 0x01, 0xd3, 0x01, 0xd3, 
	0x01, 0xd3, 0x01, 0xd3, 0x01, 0xd3, 0x01, 0xd3, 
	0x01, 0x93, 0x01, 0xd5, 0x01, 0x93, 0x01, 0x93, 
	0x01, 0x93, 0x01, 0xd5, 0x01, 0x93, 0x01, 0x93, 
	0x01, 0x93, 0x01, 0x93, 0x01, 0x93, 0x01, 0x93, 
	0x01, 0x91, 0x01, 0x91, 0x01, 0x91, 0x01, 0x91, 
	0x01, 0xd3, 0x01, 0xd3, 0x02, 0x15, 0x02, 0x15, 
	0x01, 0xd5, 0x01, 0xd5, 0x01, 0xd5, 0x01, 0xd5, 
	0x01, 0xd3, 0x01, 0xd3, 0x02, 0x15, 0x02, 0x15, 
	0x0a, 0x17, 0x0a, 0x17, 0x0a, 0x17, 0x0a, 0x17, 
	0x0a, 0x59, 0x0a, 0x59, 0x0a, 0x59, 0x0a, 0x59, 
	0x0a, 0x57, 0x0a, 0x57, 0x0a, 0x5b, 0x0a, 0x5b, 
	0x12, 0x9b, 0x12, 0x57, 0x12, 0x57, 0x12, 0x9b, 
	0x09, 0xd3, 0x12, 0x15, 0x12, 0x59, 0x12, 0x59, 
	0x12, 0x55, 0x12, 0x55, 0x12, 0x99, 0x12, 0x55, 
	0x12, 0x57, 0x12, 0x57, 0x0a, 0x13, 0x0a, 0x13, 
	0x12, 0x55, 0x12, 0x55, 0x12, 0x55, 0x12, 0x57, 
	0x12, 0x99, 0x12, 0x99, 0x12, 0x99, 0x12, 0x99, 
	0x12, 0x59, 0x12, 0x59, 0x1a, 0x9d, 0x12, 0x59, 
	0x1a, 0x9d, 0x1a, 0x9d, 0x1a, 0x9d, 0x1a, 0x9d, 
	0x1a, 0xdf, 0x1a, 0xdf, 0x1a, 0xdf, 0x1a, 0xdf, 
	0x22, 0xdf, 0x22, 0xdf, 0x22, 0xdf, 0x22, 0xdf, 
	0x22, 0xdd, 0x22, 0xdd, 0x22, 0xdd, 0x22, 0xdd, 
	0x1a, 0xdd, 0x1a, 0x9b, 0x1a, 0xdd, 0x1a, 0xdd, 
	0x1a, 0x99, 0x22, 0xdd, 0x1a, 0x9b, 0x1a, 0x9b, 
	0x1a, 0x9d, 0x1a, 0x59, 0x1a, 0x9d, 0x1a, 0x9d, 
	0x1a, 0xdd, 0x1a, 0xdd, 0x23, 0x1f, 0x23, 0x1f, 
	0x1a, 0xdd, 0x23, 0x21, 0x1a, 0xdd, 0x23, 0x21, 
	0x2b, 0xa3, 0x23, 0x61, 0x23, 0x1f, 0x1a, 0xdd, 
	0x23, 0x1f, 0x1a, 0xdd, 0x1a, 0xdd, 0x1a, 0xdd, 
	0x22, 0xdd, 0x22, 0xdd, 0x1a, 0x9b, 0x1a, 0x9b, 
	0x1a, 0xdd, 0x22, 0xdf, 0x23, 0x1f, 0x22, 0xdf, 
	0x1a, 0x9b, 0x1a, 0x9b, 0x12, 0x59, 0x12, 0x59, 
	0x12, 0x99, 0x12, 0x99, 0x12, 0x99, 0x12, 0x99, 
	0x12, 0x9b, 0x12, 0x9b, 0x0a, 0x59, 0x0a, 0x59, 
	0x12, 0x9b, 0x1b, 0x1f, 0x1b, 0x1f, 0x12, 0x9b, 
	0x12, 0xdf, 0x12, 0xdf, 0x12, 0x9d, 0x12, 0xdf, 
	0x0a, 0xe1, 0x0a, 0xe1, 0x0a, 0x9d, 0x0a, 0x9d, 
	0x1a, 0x9b, 0x1a, 0x9b, 0x1a, 0x9b, 0x1a, 0x9b, 
	0x12, 0x9b, 0x12, 0x59, 0x12, 0x9b, 0x12, 0x59, 
	0x12, 0x57, 0x12, 0x57, 0x12, 0x15, 0x12, 0x15, 
	0x12, 0x15, 0x12, 0x57, 0x12, 0x15, 0x12, 0x15, 
	0x12, 0x15, 0x12, 0x15, 0x12, 0x15, 0x12, 0x15, 
	0x12, 0x55, 0x12, 0x57, 0x12, 0x55, 0x12, 0x55, 
	0x12, 0x59, 0x12, 0x59, 0x12, 0x99, 0x12, 0x57, 
	0x0a, 0x57, 0x0a, 0x57, 0x12, 0x59, 0x12, 0x59, 
	0x12, 0x99, 0x12, 0x99, 0x12, 0x99, 0x12, 0x99, 
	0x12, 0x99, 0x12, 0x99, 0x12, 0x99, 0x12, 0x99, 
	0x12, 0x59, 0x12, 0x59, 0x12, 0x59, 0x12, 0x59, 
	0x12, 0x57, 0x12, 0x57, 0x12, 0x57, 0x12, 0x57, 
	0x0a, 0x55, 0x0a, 0x55, 0x0a, 0x55, 0x0a, 0x15, 
	0x0a, 0x13, 0x0a, 0x13, 0x0a, 0x13, 0x0a, 0x13, 
	0x0a, 0x13, 0x01, 0xd1, 0x01, 0xd1, 0x01, 0xd1, 
	0x01, 0xd1, 0x01, 0xd1, 0x01, 0xd1, 0x01, 0xd1, 
	0x01, 0xd1, 0x01, 0xd1, 0x01, 0xd1, 0x01, 0xcf, 
	0x01, 0x8f, 0x01, 0x8f, 0x01, 0x8f, 0x01, 0x8f, 
	0x01, 0x8f, 0x01, 0x8f, 0x01, 0x8f, 0x01, 0xd1, 
	0x01, 0xd1, 0x01, 0xd1, 0x01, 0xd1, 0x01, 0xd1, 
	0x01, 0xd1, 0x01, 0xd1, 0x01, 0xd1, 0x01, 0xd1, 
	0x01, 0xd1, 0x01, 0xd1, 0x01, 0x8f, 0x01, 0xd1, 
	0x01, 0xd1, 0x01, 0xd1, 0x01, 0xd1, 0x01, 0xd1, 
	0x01, 0x91, 0x01, 0xd1, 0x01, 0xd1, 0x01, 0xd1, 
	0x01, 0xd3, 0x0a, 0x15, 0x0a, 0x15, 0x0a, 0x17, 
	0x02, 0x15, 0x02, 0x15, 0x02, 0x15, 0x02, 0x15, 
	0x02, 0x15, 0x02, 0x15, 0x02, 0x15, 0x02, 0x15, 
	0x0a, 0x15, 0x12, 0x57, 0x1a, 0x99, 0x0a, 0x15, 
	0x02, 0x17, 0x02, 0x17, 0x02, 0x17, 0x02, 0x15, 
	0x02, 0x15, 0x02, 0x15, 0x02, 0x15, 0x02, 0x15, 
	0x01, 0xd5, 0x01, 0xd5, 0x01, 0xd5, 0x02, 0x15, 
	0x01, 0xd3, 0x01, 0xd3, 0x01, 0xd3, 0x01, 0xd3, 
	0x02, 0x15, 0x02, 0x15, 0x0a, 0x57, 0x0a, 0x57, 
	0x02, 0x17, 0x01, 0xd5, 0x02, 0x17, 0x02, 0x17, 
	0x02, 0x15, 0x01, 0xd3, 0x0a, 0x57, 0x01, 0xd3, 
	0x01, 0x4d, 0x01, 0x91, 0x0a, 0x17, 0x01, 0x91, 
	0x01, 0x8f, 0x01, 0x8f, 0x01, 0x8f, 0x01, 0xd3, 
	0x0a, 0x57, 0x0a, 0x13, 0x0a, 0x57, 0x09, 0xcf, 
	0x09, 0x8f, 0x09, 0x8f, 0x09, 0x8f, 0x09, 0xd3, 
	0x12, 0x15, 0x12, 0x59, 0x12, 0x59, 0x12, 0x15, 
	0x0a, 0x13, 0x0a, 0x13, 0x12, 0x55, 0x0a, 0x13, 
	0x12, 0x57, 0x12, 0x57, 0x12, 0x57, 0x12, 0x57, 
	0x12, 0x55, 0x12, 0x55, 0x12, 0x55, 0x12, 0x55, 
	0x12, 0x57, 0x12, 0x99, 0x12, 0x57, 0x12, 0x57, 
	0x09, 0xd1, 0x09, 0xd1, 0x12, 0x15, 0x12, 0x15, 
	0x09, 0xd1, 0x12, 0x15, 0x12, 0x15, 0x12, 0x15, 
	0x0a, 0x15, 0x0a, 0x15, 0x0a, 0x15, 0x0a, 0x15, 
	0x0a, 0x15, 0x12, 0x59, 0x12, 0x59, 0x0a, 0x15, 
	0x0a, 0x17, 0x0a, 0x17, 0x0a, 0x17, 0x0a, 0x17, 
	0x12, 0x15, 0x12, 0x15, 0x1a, 0x9b, 0x1a, 0x9b, 
	0x1a, 0x9b, 0x22, 0xdd, 0x1a, 0x9b, 0x1a, 0x9b, 
	0x1a, 0x9d, 0x1a, 0x9d, 0x22, 0xdf, 0x22, 0xdf, 
	0x23, 0x1f, 0x23, 0x1f, 0x23, 0x1f, 0x23, 0x1f, 
	0x23, 0x21, 0x23, 0x21, 0x23, 0x21, 0x2b, 0x63, 
	0x2b, 0xa3, 0x2b, 0xa3, 0x2b, 0xa3, 0x2b, 0xa3, 
	0x2b, 0xa3, 0x2b, 0xa3, 0x2b, 0xa3, 0x23, 0x61, 
	0x2b, 0x61, 0x2b, 0x61, 0x2b, 0x61, 0x2b, 0x61, 
	0x23, 0x1f, 0x22, 0xdf, 0x22, 0xdf, 0x22, 0xdf, 
	0x1a, 0xdf, 0x1a, 0x9b, 0x1a, 0x9b, 0x1a, 0x9b, 
	0x12, 0x9b, 0x12, 0x9b, 0x12, 0x9b, 0x12, 0x9b, 
	0x12, 0x9b, 0x12, 0x9b, 0x12, 0x9b, 0x0a, 0x59, 
	0x12, 0x59, 0x12, 0x59, 0x12, 0x59, 0x12, 0x9b, 
	0x12, 0x59, 0x12, 0x57, 0x12, 0x57, 0x12, 0x57, 
	0x12, 0x57, 0x12, 0x57, 0x12, 0x57, 0x12, 0x9b, 
	0x1a, 0x9b, 0x12, 0x99, 0x12, 0x99, 0x12, 0x99, 
	0x12, 0x9b, 0x12, 0x9b, 0x12, 0x59, 0x12, 0x9b, 
	0x1a, 0x99, 0x1a, 0x99, 0x1a, 0x99, 0x1a, 0x9b, 
	0x1a, 0x9b, 0x1a, 0x9b, 0x1a, 0x9b, 0x1a, 0x9b, 
	0x1a, 0x9b, 0x1a, 0x9b, 0x1a, 0x9b, 0x1a, 0x9b, 
	0x12, 0x9b, 0x12, 0x57, 0x12, 0x9b, 0x12, 0x9b, 
	0x12, 0x99, 0x12, 0x99, 0x12, 0x99, 0x12, 0x59, 
	0x12, 0x59, 0x0a, 0x57, 0x0a, 0x57, 0x0a, 0x17, 
	0x0a, 0x15, 0x0a, 0x57, 0x0a, 0x57, 0x0a, 0x57, 
	0x12, 0x57, 0x0a, 0x57, 0x12, 0x57, 0x12, 0x57, 
	0x12, 0x9b, 0x12, 0x9b, 0x12, 0x9b, 0x12, 0x59, 
	0x12, 0x99, 0x12, 0x99, 0x12, 0x99, 0x12, 0x57, 
	0x0a, 0x55, 0x0a, 0x55, 0x0a, 0x55, 0x0a, 0x55, 
	0x12, 0x99, 0x12, 0x99, 0x12, 0x99, 0x0a, 0x57, 
	0x0a, 0x15, 0x0a, 0x13, 0x01, 0xd1, 0x01, 0xd1, 
	0x01, 0x8f, 0x01, 0x8f, 0x01, 0xd1, 0x01, 0xd1, 
	0x01, 0x8f, 0x01, 0x8f, 0x01, 0x8f, 0x01, 0x8f, 
	0x01, 0x8f, 0x01, 0x8f, 0x01, 0x8f, 0x01, 0x8f, 
	0x01, 0xd1, 0x01, 0xd1, 0x01, 0xd1, 0x01, 0xd1, 
	0x01, 0x8f, 0x01, 0x8f, 0x01, 0xd1, 0x01, 0x8f, 
	0x01, 0x8f, 0x01, 0xd1, 0x01, 0xd1, 0x01, 0x8f, 
	0x01, 0xd1, 0x01, 0xd1, 0x01, 0xd1, 0x01, 0xd1, 
	0x01, 0xd3, 0x01, 0xd1, 0x01, 0xd1, 0x01, 0xd3, 
	0x01, 0xd1, 0x01, 0xd1, 0x01, 0xd1, 0x01, 0xd1, 
	0x01, 0xd1, 0x01, 0xd3, 0x01, 0xd1, 0x01, 0xd1, 
	0x01, 0xd5, 0x01, 0xd5, 0x01, 0xd5, 0x02, 0x15, 
	0x02, 0x15, 0x02, 0x15, 0x02, 0x15, 0x02, 0x15, 
	0x0a, 0x15, 0x1a, 0x99, 0x1a, 0x99, 0x0a, 0x15, 
	0x02, 0x17, 0x02, 0x17, 0x02, 0x17, 0x02, 0x17, 
	0x02, 0x15, 0x02, 0x15, 0x02, 0x57, 0x02, 0x15, 
	0x02, 0x15, 0x02, 0x57, 0x02, 0x15, 0x02, 0x15, 
	0x0a, 0x15, 0x0a, 0x15, 0x0a, 0x57, 0x0a, 0x15, 
	0x02, 0x15, 0x0a, 0x57, 0x0a, 0x57, 0x0a, 0x57, 
	0x02, 0x17, 0x02, 0x17, 0x0a, 0x57, 0x0a, 0x59, 
	0x0a, 0x57, 0x02, 0x15, 0x0a, 0x57, 0x0a, 0x57, 
	0x0a, 0x17, 0x0a, 0x17, 0x01, 0x91, 0x0a, 0x17, 
	0x01, 0xd3, 0x01, 0xd3, 0x01, 0xd3, 0x01, 0xd3, 
	0x0a, 0x13, 0x0a, 0x13, 0x0a, 0x13, 0x09, 0xcf, 
	0x09, 0xd3, 0x09, 0xd3, 0x09, 0xd3, 0x12, 0x57, 
	0x1a, 0x9b, 0x1a, 0x9b, 0x1a, 0x9b, 0x1a, 0x9b, 
	0x1a, 0x9b, 0x1a, 0x9b, 0x1a, 0x9b, 0x1a, 0x9b, 
	0x1a, 0x9d, 0x23, 0x21, 0x1a, 0x9d, 0x1a, 0x9d, 
	0x1a, 0xdd, 0x1a, 0xdd, 0x1a, 0xdd, 0x1a, 0xdd, 
	0x1a, 0x9d, 0x1a, 0x9d, 0x1a, 0x9d, 0x1a, 0xdf, 
	0x1a, 0x9d, 0x1a, 0x9d, 0x1a, 0x9d, 0x1a, 0x9d, 
	0x12, 0x59, 0x12, 0x59, 0x12, 0x59, 0x1a, 0x9d, 
	0x0a, 0x15, 0x0a, 0x15, 0x0a, 0x15, 0x12, 0x59, 
	0x0a, 0x15, 0x12, 0x59, 0x1a, 0x9b, 0x12, 0x59, 
	0x12, 0x59, 0x1a, 0x9b, 0x1a, 0x9b, 0x1a, 0x9b, 
	0x1a, 0xdd, 0x1a, 0xdd, 0x1a, 0x9b, 0x1a, 0xdd, 
	0x1a, 0x9b, 0x1a, 0x9b, 0x1a, 0x9b, 0x22, 0xdd, 
	0x22, 0xdf, 0x1a, 0x9d, 0x23, 0x63, 0x23, 0x63, 
	0x23, 0x23, 0x2b, 0x65, 0x2b, 0x65, 0x2b, 0x65, 
	0x2b, 0x63, 0x2b, 0x63, 0x2b, 0x63, 0x33, 0xe7, 
	0x2b, 0xa3, 0x2b, 0xa3, 0x2b, 0xa3, 0x2b, 0xa3, 
	0x2b, 0xa3, 0x2b, 0xa3, 0x2b, 0xa3, 0x23, 0x61, 
	0x2b, 0x61, 0x2b, 0x61, 0x2b, 0x61, 0x2b, 0x61, 
	0x23, 0x1f, 0x2b, 0x61, 0x2b, 0x61, 0x23, 0x1f, 
	0x23, 0x21, 0x23, 0x21, 0x23, 0x21, 0x23, 0x21, 
	0x1b, 0x21, 0x1a, 0xdf, 0x1a, 0xdf, 0x1a, 0xdf, 
	0x1a, 0xdf, 0x1a, 0xdf, 0x12, 0xdd, 0x12, 0xdd, 
	0x1a, 0xdd, 0x12, 0x9b, 0x1a, 0xdd, 0x12, 0x9b, 
	0x12, 0x9d, 0x12, 0xdf, 0x12, 0x9d, 0x12, 0x59, 
	0x12, 0x57, 0x12, 0x57, 0x12, 0x57, 0x12, 0x57, 
	0x12, 0x57, 0x12, 0x57, 0x12, 0x57, 0x12, 0x57, 
	0x12, 0x57, 0x12, 0x57, 0x12, 0x15, 0x12, 0x57, 
	0x12, 0x57, 0x12, 0x15, 0x12, 0x57, 0x1a, 0x99, 
	0x1a, 0x9b, 0x1a, 0x9b, 0x1a, 0x9b, 0x1a, 0x9b, 
	0x1a, 0xdd, 0x1a, 0xdd, 0x1a, 0x9b, 0x1a, 0xdd, 
	0x12, 0x9d, 0x12, 0x9d, 0x12, 0x9d, 0x12, 0x9d, 
	0x12, 0x9b, 0x12, 0x9b, 0x12, 0x9b, 0x12, 0x9b, 
	0x12, 0x99, 0x12, 0x99, 0x12, 0x59, 0x12, 0x99, 
	0x12, 0x99, 0x12, 0x57, 0x12, 0x99, 0x12, 0x99, 
	0x12, 0x57, 0x12, 0x57, 0x0a, 0x57, 0x0a, 0x57, 
	0x12, 0x59, 0x12, 0x59, 0x12, 0x59, 0x0a, 0x55, 
	0x12, 0x57, 0x12, 0x57, 0x12, 0x57, 0x12, 0x57, 
	0x0a, 0x55, 0x0a, 0x55, 0x0a, 0x55, 0x0a, 0x55, 
	0x0a, 0x57, 0x0a, 0x57, 0x0a, 0x57, 0x0a, 0x57, 
	0x0a, 0x15, 0x0a, 0x13, 0x0a, 0x13, 0x01, 0xd1, 
	0x01, 0xd1, 0x01, 0xd1, 0x01, 0xd1, 0x01, 0xd1, 
	0x01, 0xcf, 0x01, 0xcf, 0x01, 0xcf, 0x01, 0x8f, 
	0x01, 0x8f, 0x01, 0x8f, 0x01, 0xcf, 0x01, 0x8f, 
	0x01, 0x8f, 0x01, 0xd1, 0x01, 0x8f, 0x01, 0xd1, 
	0x01, 0x8f, 0x01, 0xd1, 0x01, 0x8f, 0x01, 0x8f, 
	0x01, 0x8f, 0x01, 0xd1, 0x01, 0x8f, 0x01, 0x8f, 
	0x01, 0x8f, 0x01, 0x8f, 0x01, 0x8f, 0x01, 0x8f, 
	0x01, 0xd1, 0x01, 0xd3, 0x01, 0xd1, 0x01, 0xd3, 
	0x01, 0xd1, 0x01, 0xd1, 0x01, 0xd1, 0x01, 0x91, 
	0x01, 0xd1, 0x01, 0xd3, 0x01, 0xd3, 0x01, 0xd3, 
	0x01, 0xd5, 0x01, 0xd5, 0x01, 0xd5, 0x02, 0x15, 
	0x02, 0x15, 0x02, 0x15, 0x02, 0x15, 0x01, 0xd3, 
	0x0a, 0x15, 0x1a, 0x99, 0x12, 0x57, 0x01, 0xd3, 
	0x02, 0x15, 0x01, 0xd5, 0x01, 0xd5, 0x02, 0x15, 
	0x02, 0x15, 0x02, 0x15, 0x02, 0x15, 0x02, 0x57, 
	0x02, 0x57, 0x02, 0x57, 0x02, 0x57, 0x02, 0x57, 
	0x0a, 0x57, 0x0a, 0x57, 0x0a, 0x57, 0x0a, 0x57, 
	0x0a, 0x59, 0x0a, 0x59, 0x0a, 0x59, 0x0a, 0x59, 
	0x0a, 0x59, 0x0a, 0x59, 0x0a, 0x59, 0x0a, 0x59, 
	0x0a, 0x59, 0x0a, 0x59, 0x0a, 0x59, 0x0a, 0x59, 
	0x0a, 0x9b, 0x0a, 0x9b, 0x0a, 0x9b, 0x0a, 0x9b, 
	0x0a, 0x9d, 0x0a, 0x9d, 0x0a, 0x9d, 0x0a, 0x59, 
	0x0a, 0x57, 0x0a, 0x57, 0x0a, 0x57, 0x0a, 0x57, 
	0x12, 0x9b, 0x12, 0x57, 0x12, 0x9b, 0x12, 0x9b, 
	0x1a, 0xdb, 0x1a, 0xdb, 0x1a, 0xdb, 0x1a, 0xdb, 
	0x1a, 0xdd, 0x1a, 0xdd, 0x1a, 0xdd, 0x1a, 0xdd, 
	0x22, 0xdd, 0x1a, 0xdb, 0x22, 0xdd, 0x1a, 0xdb, 
	0x23, 0x1f, 0x23, 0x1f, 0x22, 0xdd, 0x1a, 0xdb, 
	0x22, 0xdd, 0x1a, 0xdb, 0x1a, 0x9b, 0x22, 0xdd, 
	0x1a, 0xdd, 0x1a, 0xdb, 0x1a, 0xdb, 0x1a, 0xdd, 
	0x1a, 0xdd, 0x1a, 0xdd, 0x1a, 0xdb, 0x1a, 0xdd, 
	0x1b, 0x21, 0x1a, 0xdf, 0x1a, 0xdf, 0x1b, 0x21, 
	0x23, 0x23, 0x23, 0x21, 0x1a, 0xdd, 0x1a, 0xdf, 
	0x1b, 0x21, 0x1b, 0x21, 0x23, 0x23, 0x1b, 0x21, 
	0x1a, 0xdd, 0x1a, 0xdd, 0x1a, 0xdd, 0x23, 0x1f, 
	0x23, 0x1f, 0x23, 0x1f, 0x23, 0x21, 0x23, 0x1f, 
	0x23, 0x1f, 0x23, 0x1f, 0x23, 0x1f, 0x23, 0x1f, 
	0x23, 0x1f, 0x2b, 0x61, 0x23, 0x1f, 0x23, 0x1f, 
	0x2b, 0x5f, 0x23, 0x1d, 0x2b, 0x61, 0x2b, 0x5f, 
	0x2b, 0x5f, 0x33, 0xa3, 0x33, 0x61, 0x33, 0x61, 
	0x33, 0x5f, 0x33, 0x5f, 0x33, 0x5f, 0x33, 0x5f, 
	0x2b, 0x61, 0x2b, 0x1d, 0x2b, 0x1d, 0x2b, 0x1d, 
	0x2b, 0x1f, 0x2b, 0x1f, 0x23, 0x1b, 0x2b, 0x1f, 
	0x23, 0x1d, 0x23, 0x1d, 0x23, 0x1d, 0x1a, 0xdb, 
	0x1a, 0x9b, 0x1a, 0xdd, 0x1a, 0x9b, 0x1a, 0x9b, 
	0x1a, 0x9b, 0x1a, 0x57, 0x1a, 0x57, 0x1a, 0x9b, 
	0x12, 0x59, 0x12, 0x59, 0x1a, 0xdd, 0x1a, 0xdd, 
	0x1a, 0x9b, 0x1a, 0xdd, 0x1a, 0x9b, 0x1a, 0x9b, 
	0x1a, 0xdd, 0x12, 0x9b, 0x12, 0x9b, 0x12, 0x59, 
	0x12, 0x9b, 0x12, 0x9b, 0x12, 0x9b, 0x1a, 0x9d, 
	0x1a, 0x9b, 0x1a, 0x9b, 0x1a, 0x9b, 0x1a, 0x9b, 
	0x12, 0x9b, 0x1a, 0xdd, 0x1a, 0xdd, 0x1a, 0xdd, 
	0x1a, 0xdd, 0x1a, 0xdd, 0x1a, 0xdd, 0x1a, 0xdd, 
	0x1a, 0xdd, 0x1a, 0xdd, 0x1a, 0x9b, 0x1a, 0x9b, 
	0x12, 0x99, 0x12, 0x9b, 0x12, 0x9b, 0x12, 0x9b, 
	0x12, 0x99, 0x12, 0x99, 0x1a, 0x9b, 0x12, 0x99, 
	0x12, 0x99, 0x1a, 0x9b, 0x1a, 0x9b, 0x12, 0x55, 
	0x12, 0x99, 0x12, 0x57, 0x12, 0x57, 0x12, 0x99, 
	0x0a, 0x55, 0x12, 0x55, 0x12, 0x55, 0x0a, 0x55, 
	0x0a, 0x55, 0x0a, 0x55, 0x0a, 0x55, 0x0a, 0x55, 
	0x12, 0x57, 0x0a, 0x55, 0x12, 0x57, 0x0a, 0x55, 
	0x0a, 0x15, 0x0a, 0x15, 0x0a, 0x55, 0x0a, 0x15, 
	0x0a, 0x15, 0x0a, 0x15, 0x0a, 0x13, 0x0a, 0x13, 
	0x01, 0xd1, 0x01, 0xd1, 0x01, 0xcf, 0x01, 0xcf, 
	0x01, 0xd1, 0x01, 0xd1, 0x01, 0xd1, 0x01, 0xd1, 
	0x01, 0xd1, 0x01, 0xd1, 0x01, 0xd1, 0x01, 0xd1, 
	0x01, 0x8f, 0x01, 0x8f, 0x01, 0x8f, 0x01, 0x8f, 
	0x01, 0x8f, 0x01, 0x8f, 0x01, 0xcf, 0x01, 0xcf, 
	0x01, 0xd1, 0x01, 0xd1, 0x02, 0x13, 0x02, 0x13, 
	0x02, 0x13, 0x02, 0x13, 0x02, 0x13, 0x02, 0x13, 
	0x01, 0xd1, 0x01, 0xd1, 0x01, 0xd1, 0x01, 0x8f, 
	0x01, 0xcf, 0x01, 0xd1, 0x01, 0xcf, 0x01, 0x8d, 
	0x01, 0xd1, 0x01, 0xd1, 0x01, 0x8f, 0x01, 0x8f, 
	0x01, 0x8f, 0x01, 0x8f, 0x01, 0xd1, 0x01, 0xd1, 
	0x01, 0xd1, 0x01, 0xd1, 0x0a, 0x13, 0x0a, 0x13, 
	0x0a, 0x11, 0x0a, 0x13, 0x0a, 0x13, 0x0a, 0x11, 
	0x0a, 0x55, 0x12, 0x55, 0x0a, 0x55, 0x02, 0x13, 
	0x0a, 0x15, 0x0a, 0x15, 0x0a, 0x15, 0x0a, 0x15, 
	0x0a, 0x13, 0x0a, 0x13, 0x0a, 0x13, 0x09, 0xd1, 
	0x01, 0xd3, 0x01, 0xd3, 0x01, 0xd3, 0x01, 0xd3, 
	0x01, 0xd3, 0x01, 0xd3, 0x02, 0x13, 0x02, 0x13, 
	0x0a, 0x15, 0x0a, 0x15, 0x0a, 0x15, 0x0a, 0x15, 
	0x0a, 0x55, 0x0a, 0x55, 0x0a, 0x55, 0x0a, 0x55, 
	0x0a, 0x57, 0x0a, 0x57, 0x12, 0x99, 0x12, 0x99, 
	0x0a, 0x99, 0x0a, 0x99, 0x0a, 0x57, 0x0a, 0x99, 
	0x12, 0x97, 0x1a, 0x99, 0x12, 0x97, 0x12, 0x97, 
	0x0a, 0x57, 0x0a, 0x57, 0x12, 0x97, 0x12, 0x99, 
	0x1a, 0x99, 0x1a, 0xdb, 0x1a, 0xdb, 0x1a, 0xdb, 
	0x12, 0x99, 0x1a, 0xdb, 0x12, 0x99, 0x12, 0x99, 
	0x0a, 0x55, 0x0a, 0x55, 0x12, 0xdb, 0x12, 0xdb, 
	0x1a, 0x99, 0x12, 0x97, 0x12, 0x97, 0x12, 0x97, 
	0x1a, 0x99, 0x1a, 0xdb, 0x1a, 0x99, 0x1a, 0xdb, 
	0x1a, 0xdb, 0x22, 0xdd, 0x1a, 0xdb, 0x1a, 0xdb, 
	0x1a, 0xdb, 0x1a, 0xdd, 0x1a, 0xdd, 0x1b, 0x1f, 
	0x23, 0x1f, 0x23, 0x1f, 0x23, 0x1f, 0x1a, 0xdd, 
	0x1a, 0xdf, 0x1a, 0xdf, 0x1a, 0xdf, 0x1b, 0x21, 
	0x23, 0x21, 0x23, 0x21, 0x1a, 0xdf, 0x1a, 0xdd, 
	0x1a, 0xdd, 0x1a, 0xdd, 0x12, 0x9b, 0x12, 0x9b, 
	0x1a, 0xdd, 0x1a, 0xdd, 0x23, 0x1f, 0x23, 0x1f, 
	0x23, 0x1f, 0x23, 0x21, 0x23, 0x1f, 0x23, 0x21, 
	0x23, 0x1f, 0x23, 0x1f, 0x23, 0x1f, 0x23, 0x1f, 
	0x2b, 0x61, 0x2b, 0x61, 0x23, 0x1f, 0x2b, 0x61, 
	0x2b, 0x5f, 0x2b, 0x5f, 0x2b, 0x5f, 0x2b, 0x61, 
	0x2b, 0x1d, 0x2b, 0x1d, 0x2b, 0x5f, 0x2b, 0x5f, 
	0x33, 0x5f, 0x33, 0x5f, 0x33, 0x5f, 0x33, 0xa1, 
	0x2b, 0x61, 0x2b, 0x1d, 0x2b, 0x61, 0x2b, 0x1d, 
	0x2b, 0x61, 0x2b, 0x1f, 0x2b, 0x1f, 0x2b, 0x1f, 
	0x23, 0x1d, 0x23, 0x1d, 0x22, 0xdb, 0x22, 0xdb, 
	0x1a, 0xdd, 0x1a, 0xdd, 0x1a, 0xdd, 0x1a, 0x9b, 
	0x1a, 0x9b, 0x1a, 0x9b, 0x1a, 0xdd, 0x1a, 0xdd, 
	0x1a, 0xdd, 0x1a, 0xdd, 0x12, 0x9b, 0x1a, 0xdd, 
	0x1a, 0xdd, 0x1a, 0x9b, 0x1a, 0xdd, 0x1a, 0xdd, 
	0x1a, 0xdf, 0x1a, 0xdd, 0x1a, 0xdd, 0x1a, 0xdd, 
	0x23, 0x21, 0x23, 0x21, 0x23, 0x21, 0x1a, 0xdf, 
	0x1a, 0xdf, 0x1b, 0x21, 0x1b, 0x21, 0x1b, 0x21, 
	0x23, 0x1f, 0x1a, 0xdd, 0x1a, 0xdd, 0x1a, 0xdd, 
	0x23, 0x1f, 0x1a, 0xdd, 0x1a, 0xdd, 0x1a, 0xdd, 
	0x1a, 0xdd, 0x1a, 0xdd, 0x1a, 0xdd, 0x1a, 0xdd, 
	0x1a, 0x9b, 0x1a, 0x9b, 0x1a, 0x9b, 0x12, 0x99, 
	0x12, 0x99, 0x12, 0x99, 0x12, 0x99, 0x12, 0x99, 
	0x12, 0x99, 0x1a, 0x9b, 0x1a, 0x9b, 0x12, 0x99, 
	0x12, 0x99, 0x12, 0x99, 0x12, 0x99, 0x12, 0x99, 
	0x12, 0x55, 0x12, 0x55, 0x12, 0x97, 0x12, 0x97, 
	0x12, 0x55, 0x12, 0x55, 0x12, 0x97, 0x12, 0x55, 
	0x12, 0x57, 0x12, 0x57, 0x12, 0x57, 0x12, 0x57, 
	0x0a, 0x55, 0x0a, 0x55, 0x0a, 0x15, 0x0a, 0x15, 
	0x0a, 0x15, 0x0a, 0x13, 0x0a, 0x13, 0x01, 0xd3, 
	0x01, 0xd1, 0x01, 0xcf, 0x01, 0xcf, 0x01, 0xcf, 
	0x01, 0xd1, 0x01, 0xd1, 0x01, 0xd1, 0x01, 0xd1, 
	0x01, 0xd1, 0x01, 0xd1, 0x01, 0xd1, 0x01, 0x8f, 
	0x01, 0x8f, 0x01, 0x8f, 0x01, 0x8f, 0x01, 0x8f, 
	0x01, 0x8d, 0x01, 0x8d, 0x01, 0x4d, 0x01, 0x4d, 
	0x01, 0x8f, 0x01, 0x4d, 0x01, 0x4d, 0x01, 0x8f, 
	0x01, 0x8f, 0x01, 0x4d, 0x01, 0x4d, 0x01, 0x4d, 
	0x01, 0x8f, 0x01, 0x8f, 0x01, 0x8f, 0x01, 0x8f, 
	0x01, 0x8f, 0x01, 0x8f, 0x01, 0x8d, 0x01, 0x8d, 
	0x01, 0x8f, 0x01, 0x8f, 0x01, 0x8f, 0x01, 0x8f, 
	0x01, 0x8f, 0x01, 0xd1, 0x01, 0xd1, 0x01, 0xd1, 
	0x01, 0xd1, 0x0a, 0x13, 0x0a, 0x13, 0x0a, 0x13, 
	0x0a, 0x13, 0x0a, 0x55, 0x0a, 0x55, 0x0a, 0x57, 
	0x0a, 0x55, 0x12, 0x55, 0x12, 0x55, 0x0a, 0x55, 
	0x0a, 0x55, 0x12, 0x57, 0x12, 0x57, 0x0a, 0x55, 
	0x0a, 0x55, 0x0a, 0x55, 0x0a, 0x13, 0x0a, 0x13, 
	0x0a, 0x15, 0x02, 0x13, 0x02, 0x13, 0x01, 0xd3, 
	0x02, 0x13, 0x02, 0x13, 0x0a, 0x15, 0x0a, 0x55, 
	0x02, 0x13, 0x02, 0x13, 0x0a, 0x15, 0x02, 0x13, 
	0x0a, 0x15, 0x0a, 0x55, 0x0a, 0x15, 0x0a, 0x15, 
	0x0a, 0x13, 0x0a, 0x13, 0x0a, 0x57, 0x0a, 0x57, 
	0x0a, 0x55, 0x0a, 0x13, 0x0a, 0x13, 0x0a, 0x13, 
	0x02, 0x13, 0x02, 0x13, 0x02, 0x13, 0x02, 0x13, 
	0x12, 0x97, 0x12, 0x97, 0x12, 0x97, 0x12, 0x99, 
	0x1a, 0x99, 0x12, 0x99, 0x12, 0x99, 0x1a, 0x99, 
	0x12, 0x97, 0x0a, 0x55, 0x0a, 0x55, 0x12, 0x97, 
	0x12, 0xdb, 0x12, 0x97, 0x12, 0xdb, 0x12, 0xdb, 
	0x1a, 0xdb, 0x1a, 0x99, 0x1a, 0xdb, 0x1a, 0xdb, 
	0x1a, 0x99, 0x1a, 0x99, 0x1a, 0x99, 0x1a, 0x99, 
	0x1a, 0xdb, 0x1a, 0xdb, 0x1a, 0xdb, 0x1a, 0xdb, 
	0x1a, 0xdb, 0x1a, 0xdd, 0x1a, 0xdb, 0x1a, 0x99, 
	0x1a, 0xdb, 0x1a, 0xdd, 0x1a, 0xdd, 0x1a, 0xdb, 
	0x1a, 0xdf, 0x1a, 0xdf, 0x1a, 0x99, 0x1a, 0x99, 
	0x1a, 0xdd, 0x1a, 0xdf, 0x23, 0x21, 0x1a, 0xdf, 
	0x1a, 0xdd, 0x12, 0x9b, 0x1a, 0xdd, 0x12, 0x9b, 
	0x12, 0x9b, 0x1a, 0xdd, 0x1a, 0xdd, 0x1a, 0xdd, 
	0x1a, 0xdb, 0x23, 0x1f, 0x1a, 0xdd, 0x1a, 0xdd, 
	0x23, 0x1f, 0x23, 0x1f, 0x2b, 0x1f, 0x2b, 0x5f, 
	0x2b, 0x61, 0x2b, 0x61, 0x2b, 0x61, 0x2b, 0x61, 
	0x2b, 0x61, 0x2b, 0x61, 0x33, 0xa3, 0x33, 0xa3, 
	0x33, 0xa3, 0x33, 0xa3, 0x33, 0x61, 0x33, 0x61, 
	0x33, 0xa1, 0x33, 0xa1, 0x33, 0xa1, 0x33, 0xa1, 
	0x2b, 0x61, 0x2b, 0x61, 0x2b, 0x61, 0x2b, 0x1d, 
	0x2b, 0x1f, 0x23, 0x1b, 0x23, 0x1b, 0x23, 0x1b, 
	0x23, 0x1d, 0x23, 0x1d, 0x22, 0xdb, 0x23, 0x1d, 
	0x1b, 0x1f, 0x1b, 0x1f, 0x1a, 0xdd, 0x1a, 0xdd, 
	0x1b, 0x21, 0x1b, 0x21, 0x1b, 0x21, 0x1b, 0x21, 
	0x1a, 0xdf, 0x1a, 0xdd, 0x1a, 0xdf, 0x1a, 0xdf, 
	0x1a, 0xdd, 0x1a, 0xdd, 0x1b, 0x1f, 0x1a, 0xdd, 
	0x1a, 0xdf, 0x1a, 0xdf, 0x1a, 0xdf, 0x1a, 0xdf, 
	0x23, 0x21, 0x23, 0x21, 0x23, 0x21, 0x1a, 0xdf, 
	0x1a, 0xdd, 0x1a, 0xdf, 0x1a, 0xdd, 0x1a, 0xdd, 
	0x1a, 0xdd, 0x1a, 0xdd, 0x23, 0x1f, 0x23, 0x1f, 
	0x23, 0x1f, 0x23, 0x1f, 0x23, 0x1f, 0x1a, 0xdd, 
	0x1a, 0xdd, 0x1a, 0xdd, 0x1a, 0xdd, 0x1a, 0xdd, 
	0x1a, 0xdd, 0x12, 0x9b, 0x1a, 0x9b, 0x12, 0x9b, 
	0x12, 0x99, 0x12, 0x99, 0x12, 0x99, 0x12, 0x99, 
	0x1a, 0x9b, 0x12, 0x55, 0x12, 0x55, 0x0a, 0x53, 
	0x0a, 0x53, 0x12, 0x57, 0x12, 0x57, 0x0a, 0x53, 
	0x12, 0x55, 0x0a, 0x55, 0x12, 0x55, 0x12, 0x55, 
	0x12, 0x55, 0x12, 0x97, 0x12, 0x97, 0x12, 0x97, 
	0x12, 0x99, 0x12, 0x99, 0x12, 0x57, 0x0a, 0x55, 
	0x0a, 0x55, 0x0a, 0x15, 0x0a, 0x15, 0x0a, 0x15, 
	0x0a, 0x13, 0x0a, 0x13, 0x01, 0xd3, 0x01, 0xd3, 
	0x01, 0xcf, 0x01, 0x8f, 0x01, 0x8f, 0x01, 0x8d, 
	0x01, 0x8f, 0x01, 0x8f, 0x01, 0x8f, 0x01, 0x8f, 
	0x01, 0x8f, 0x01, 0x8f, 0x01, 0x8f, 0x01, 0x8f, 
	0x01, 0x8f, 0x01, 0xcf, 0x01, 0x8f, 0x01, 0xcf, 
	0x01, 0x8f, 0x01, 0x8f, 0x01, 0x8d, 0x01, 0x8d, 
	0x01, 0x8f, 0x01, 0x8f, 0x01, 0x8f, 0x01, 0xd1, 
	0x01, 0x8f, 0x01, 0x8f, 0x01, 0x8f, 0x01, 0x8f, 
	0x01, 0x8f, 0x01, 0x8f, 0x01, 0x8f, 0x01, 0x8f, 
	0x01, 0x8f, 0x01, 0x8f, 0x01, 0x8f, 0x01, 0xcf, 
	0x01, 0x8f, 0x01, 0x8f, 0x01, 0xd1, 0x01, 0xd1, 
	0x01, 0xd1, 0x01, 0xd1, 0x01, 0xd1, 0x01, 0xd1, 
	0x0a, 0x13, 0x0a, 0x13, 0x0a, 0x13, 0x0a, 0x13, 
	0x0a, 0x55, 0x0a, 0x55, 0x0a, 0x55, 0x0a, 0x55, 
	0x12, 0x55, 0x12, 0x55, 0x12, 0x55, 0x12, 0x55, 
	0x12, 0x97, 0x12, 0x97, 0x12, 0x57, 0x12, 0x57, 
	0x0a, 0x57, 0x0a, 0x57, 0x0a, 0x55, 0x0a, 0x57, 
	0x0a, 0x55, 0x0a, 0x15, 0x0a, 0x15, 0x0a, 0x55, 
	0x0a, 0x55, 0x0a, 0x15, 0x02, 0x13, 0x0a, 0x55, 
	0x0a, 0x15, 0x0a, 0x15, 0x0a, 0x55, 0x0a, 0x55, 
	0x12, 0x57, 0x12, 0x57, 0x0a, 0x15, 0x0a, 0x55, 
	0x0a, 0x57, 0x0a, 0x13, 0x0a, 0x57, 0x0a, 0x13, 
	0x0a, 0x55, 0x0a, 0x55, 0x0a, 0x55, 0x0a, 0x55, 
	0x12, 0x97, 0x0a, 0x55, 0x0a, 0x55, 0x0a, 0x55, 
	0x0a, 0x55, 0x0a, 0x55, 0x0a, 0x57, 0x0a, 0x57, 
	0x12, 0x57, 0x12, 0x57, 0x12, 0x57, 0x12, 0x99, 
	0x1a, 0xdb, 0x12, 0x99, 0x12, 0x99, 0x1a, 0xdb, 
	0x1a, 0xdd, 0x1a, 0xdd, 0x12, 0xdb, 0x1a, 0xdd, 
	0x1a, 0xdb, 0x22, 0xdd, 0x22, 0xdd, 0x22, 0xdd, 
	0x22, 0xdd, 0x1a, 0xdb, 0x1a, 0xdb, 0x1a, 0xdb, 
	0x22, 0xdd, 0x23, 0x1d, 0x1a, 0xdb, 0x1a, 0xdb, 
	0x1a, 0xdb, 0x1a, 0xdd, 0x1a, 0xdd, 0x1a, 0xdd, 
	0x1a, 0xdd, 0x1a, 0xdb, 0x1a, 0xdb, 0x1a, 0xdd, 
	0x1a, 0xdb, 0x1a, 0x99, 0x1a, 0xdb, 0x1a, 0xdf, 
	0x1a, 0xdd, 0x1a, 0xdd, 0x1a, 0xdd, 0x1a, 0xdf, 
	0x1b, 0x21, 0x23, 0x23, 0x1b, 0x21, 0x1b, 0x21, 
	0x23, 0x1f, 0x23, 0x1f, 0x23, 0x1f, 0x23, 0x1f, 
	0x23, 0x1f, 0x23, 0x21, 0x23, 0x21, 0x23, 0x21, 
	0x2b, 0x5f, 0x2b, 0x1f, 0x2b, 0x1f, 0x2b, 0x1f, 
	0x2b, 0x61, 0x23, 0x1f, 0x2b, 0x61, 0x23, 0x1f, 
	0x23, 0x1d, 0x23, 0x1d, 0x2b, 0x61, 0x2b, 0x61, 
	0x2b, 0x5f, 0x2b, 0x5f, 0x2b, 0x5f, 0x2b, 0x1d, 
	0x2b, 0x1d, 0x2b, 0x1d, 0x2a, 0xdb, 0x2a, 0xdb, 
	0x2b, 0x1b, 0x2a, 0xd7, 0x2b, 0x1b, 0x2a, 0xd7, 
	0x22, 0xd9, 0x22, 0xd9, 0x22, 0xd9, 0x22, 0xd9, 
	0x1a, 0x99, 0x1a, 0xdb, 0x1a, 0x99, 0x1a, 0x99, 
	0x1a, 0xdd, 0x1a, 0xdd, 0x1a, 0xdd, 0x1a, 0xdd, 
	0x1a, 0xdd, 0x1a, 0xdd, 0x1a, 0x9b, 0x1a, 0x9b, 
	0x1a, 0xdf, 0x1a, 0xdf, 0x1a, 0xdf, 0x1a, 0xdf, 
	0x1b, 0x1f, 0x1b, 0x1f, 0x1b, 0x1f, 0x1b, 0x1f, 
	0x1a, 0xdf, 0x1a, 0xdf, 0x1a, 0xdf, 0x1a, 0xdd, 
	0x1a, 0x9d, 0x1a, 0x9d, 0x1a, 0xdf, 0x23, 0x21, 
	0x1b, 0x21, 0x1a, 0xdf, 0x1a, 0xdd, 0x1a, 0xdd, 
	0x12, 0x9b, 0x1a, 0xdd, 0x1a, 0xdd, 0x1a, 0xdd, 
	0x1a, 0xdd, 0x1a, 0xdd, 0x23, 0x1f, 0x1a, 0xdd, 
	0x1a, 0xdd, 0x1a, 0xdd, 0x1a, 0xdd, 0x1a, 0xdd, 
	0x12, 0x99, 0x12, 0x99, 0x12, 0x99, 0x12, 0x99, 
	0x12, 0x99, 0x12, 0x99, 0x12, 0x99, 0x12, 0x99, 
	0x12, 0x99, 0x12, 0x99, 0x12, 0x55, 0x0a, 0x53, 
	0x0a, 0x53, 0x0a, 0x53, 0x0a, 0x11, 0x0a, 0x11, 
	0x0a, 0x13, 0x0a, 0x13, 0x0a, 0x13, 0x0a, 0x13, 
	0x0a, 0x55, 0x0a, 0x55, 0x12, 0x55, 0x0a, 0x55, 
	0x0a, 0x55, 0x12, 0x57, 0x0a, 0x55, 0x0a, 0x13, 
	0x0a, 0x15, 0x0a, 0x15, 0x0a, 0x13, 0x0a, 0x13, 
	0x01, 0xd3, 0x0a, 0x13, 0x01, 0xd1, 0x01, 0xd1, 
	0x01, 0xcf, 0x01, 0xcf, 0x01, 0x8f, 0x01, 0x8f, 
	0x01, 0x8f, 0x01, 0x8f, 0x01, 0x8f, 0x01, 0x8f, 
	0x01, 0x8f, 0x01, 0x8f, 0x01, 0x8f, 0x01, 0x8f, 
	0x01, 0xcf, 0x01, 0xcf, 0x01, 0x8f, 0x01, 0x8f, 
	0x01, 0x8f, 0x01, 0x8f, 0x01, 0xcf, 0x01, 0xcf, 
	0x01, 0xd1, 0x01, 0xd1, 0x01, 0xd1, 0x01, 0xd1, 
	0x01, 0xd1, 0x01, 0xd1, 0x01, 0xd1, 0x01, 0xd1, 
	0x01, 0xd1, 0x01, 0x8f, 0x01, 0xd1, 0x01, 0xd1, 
	0x01, 0xcf, 0x01, 0xcf, 0x01, 0xcf, 0x01, 0x8f, 
	0x01, 0xd1, 0x01, 0xd1, 0x01, 0xd1, 0x01, 0xd1, 
	0x01, 0xd1, 0x01, 0xd1, 0x01, 0xd1, 0x01, 0xd1, 
	0x01, 0xd1, 0x01, 0xd1, 0x01, 0xd1, 0x0a, 0x13, 
	0x0a, 0x11, 0x0a, 0x13, 0x0a, 0x13, 0x0a, 0x13, 
	0x0a, 0x55, 0x0a, 0x55, 0x12, 0x55, 0x0a, 0x55, 
	0x0a, 0x55, 0x12, 0x57, 0x0a, 0x55, 0x0a, 0x55, 
	0x0a, 0x55, 0x0a, 0x57, 0x0a, 0x55, 0x0a, 0x55, 
	0x0a, 0x15, 0x0a, 0x15, 0x0a, 0x15, 0x0a, 0x15, 
	0x02, 0x13, 0x0a, 0x15, 0x0a, 0x15, 0x0a, 0x55, 
	0x0a, 0x55, 0x0a, 0x55, 0x0a, 0x55, 0x12, 0x57, 
	0x0a, 0x55, 0x12, 0x57, 0x0a, 0x55, 0x12, 0x57, 
	0x0a, 0x57, 0x12, 0x99, 0x0a, 0x57, 0x0a, 0x57, 
	0x0a, 0x57, 0x0a, 0x55, 0x0a, 0x57, 0x0a, 0x57, 
	0x12, 0x97, 0x1a, 0x99, 0x1a, 0x99, 0x12, 0x97, 
	0x0a, 0x55, 0x0a, 0x57, 0x12, 0x97, 0x12, 0x99, 
	0x1a, 0xdb, 0x1a, 0x99, 0x1a, 0x99, 0x1a, 0xdb, 
	0x1a, 0x97, 0x1a, 0x97, 0x1a, 0x97, 0x1a, 0x97, 
	0x22, 0xd9, 0x2b, 0x1b, 0x22, 0xd9, 0x1a, 0x97, 
	0x22, 0xd9, 0x22, 0xd9, 0x22, 0xd9, 0x22, 0xd9, 
	0x23, 0x1b, 0x23, 0x1b, 0x23, 0x1b, 0x2b, 0x1d, 
	0x2b, 0x1d, 0x22, 0xdb, 0x2b, 0x1d, 0x22, 0xdb, 
	0x22, 0xdb, 0x22, 0xdb, 0x22, 0xdb, 0x22, 0xdb, 
	0x22, 0xdb, 0x22, 0xdb, 0x1a, 0xd9, 0x1a, 0xd9, 
	0x22, 0xdb, 0x22, 0xd9, 0x22, 0xdb, 0x22, 0xdb, 
	0x22, 0xdb, 0x1a, 0xd9, 0x1a, 0xd9, 0x22, 0xdb, 
	0x22, 0xdb, 0x22, 0xdb, 0x23, 0x1d, 0x23, 0x1d, 
	0x23, 0x1d, 0x23, 0x1d, 0x23, 0x1d, 0x2b, 0x1d, 
	0x23, 0x1b, 0x2b, 0x1f, 0x2b, 0x1f, 0x2b, 0x1f, 
	0x2b, 0x1d, 0x2b, 0x5f, 0x2b, 0x5f, 0x2b, 0x61, 
	0x2b, 0x1d, 0x2b, 0x1d, 0x2b, 0x1d, 0x2b, 0x5f, 
	0x2b, 0x1d, 0x2b, 0x1d, 0x2b, 0x1d, 0x2b, 0x1d, 
	0x2b, 0x5d, 0x2b, 0x1d, 0x2b, 0x5d, 0x33, 0x9f, 
	0x33, 0x5f, 0x2b, 0x5d, 0x33, 0x5f, 0x2b, 0x5d, 
	0x33, 0x5d, 0x33, 0x5d, 0x33, 0x5f, 0x33, 0x5d, 
	0x2b, 0x1d, 0x2b, 0x5f, 0x2a, 0xd9, 0x2b, 0x1b, 
	0x2b, 0x1b, 0x2b, 0x1b, 0x22, 0xdb, 0x22, 0xd9, 
	0x1a, 0xdb, 0x22, 0xdb, 0x23, 0x1d, 0x22, 0xdb, 
	0x1a, 0xdb, 0x1a, 0x9b, 0x1a, 0xdb, 0x1a, 0x9b, 
	0x1a, 0x99, 0x1a, 0xdb, 0x1a, 0xdb, 0x1a, 0xdb, 
	0x1a, 0xd9, 0x23, 0x1d, 0x22, 0xdb, 0x22, 0xdb, 
	0x22, 0xdb, 0x22, 0xdb, 0x1a, 0xd9, 0x22, 0xdb, 
	0x1a, 0xdb, 0x1a, 0xdb, 0x1a, 0xdb, 0x1a, 0xdb, 
	0x22, 0xdd, 0x23, 0x1d, 0x23, 0x1f, 0x23, 0x1d, 
	0x22, 0xdd, 0x23, 0x1d, 0x23, 0x1d, 0x23, 0x1d, 
	0x22, 0xdb, 0x23, 0x1d, 0x23, 0x1d, 0x23, 0x1d, 
	0x22, 0xdb, 0x22, 0xdb, 0x22, 0xdb, 0x1a, 0x97, 
	0x1a, 0x97, 0x1a, 0x99, 0x1a, 0x97, 0x12, 0x55, 
	0x12, 0x95, 0x12, 0x95, 0x12, 0x95, 0x12, 0x95, 
	0x1a, 0x95, 0x1a, 0x95, 0x12, 0x55, 0x12, 0x55, 
	0x12, 0x53, 0x12, 0x53, 0x09, 0xd1, 0x0a, 0x13, 
	0x0a, 0x11, 0x0a, 0x11, 0x0a, 0x11, 0x0a, 0x11, 
	0x12, 0x11, 0x12, 0x53, 0x12, 0x11, 0x12, 0x53, 
	0x12, 0x55, 0x12, 0x53, 0x12, 0x55, 0x0a, 0x11, 
	0x0a, 0x13, 0x0a, 0x13, 0x0a, 0x13, 0x0a, 0x13, 
	0x0a, 0x13, 0x0a, 0x13, 0x01, 0xd1, 0x01, 0xd1, 
	0x01, 0xd1, 0x01, 0xcf, 0x01, 0xcf, 0x01, 0xcf, 
	0x01, 0xcf, 0x01, 0xcf, 0x01, 0xcf, 0x01, 0xcf, 
	0x01, 0xcf, 0x01, 0xcf, 0x01, 0xcf, 0x01, 0xcf, 
	0x01, 0xcf, 0x01, 0xcf, 0x01, 0xcf, 0x01, 0xcf, 
	0x01, 0xcf, 0x01, 0xcf, 0x01, 0xcf, 0x01, 0x8f, 
	0x01, 0x8f, 0x01, 0xcf, 0x01, 0x8f, 0x01, 0xcf, 
	0x01, 0xd1, 0x01, 0xcf, 0x01, 0xcf, 0x01, 0xd1, 
	0x01, 0xd1, 0x01, 0xcf, 0x01, 0xd1, 0x01, 0xd1, 
	0x01, 0xcf, 0x01, 0xcf, 0x01, 0xd1, 0x01, 0xd1, 
	0x01, 0xd1, 0x01, 0xd1, 0x01, 0xd1, 0x01, 0xd1, 
	0x02, 0x13, 0x01, 0xd1, 0x01, 0xd1, 0x02, 0x13, 
	0x0a, 0x13, 0x0a, 0x13, 0x01, 0xd1, 0x01, 0xd1, 
	0x0a, 0x11, 0x12, 0x53, 0x0a, 0x11, 0x12, 0x53, 
	0x0a, 0x11, 0x12, 0x53, 0x0a, 0x11, 0x12, 0x53, 
	0x12, 0x55, 0x12, 0x53, 0x12, 0x53, 0x0a, 0x11, 
	0x0a, 0x11, 0x12, 0x53, 0x12, 0x53, 0x0a, 0x11, 
	0x02, 0x11, 0x02, 0x11, 0x02, 0x11, 0x02, 0x11, 
	0x01, 0xcf, 0x01, 0xcf, 0x0a, 0x11, 0x01, 0xcf, 
	0x0a, 0x11, 0x0a, 0x11, 0x0a, 0x11, 0x12, 0x53, 
	0x0a, 0x13, 0x0a, 0x13, 0x0a, 0x13, 0x0a, 0x13, 
	0x12, 0x53, 0x12, 0x53, 0x12, 0x95, 0x12, 0x95, 
	0x1a, 0x95, 0x12, 0x55, 0x1a, 0x95, 0x1a, 0x97, 
	0x1a, 0x95, 0x1a, 0x95, 0x1a, 0x95, 0x1a, 0x95, 
	0x12, 0x95, 0x1a, 0x97, 0x1a, 0x97, 0x1a, 0x97, 
	0x1a, 0x97, 0x22, 0xd9, 0x1a, 0x97, 0x1a, 0x97, 
	0x1a, 0x97, 0x1a, 0x97, 0x1a, 0x97, 0x1a, 0x97, 
	0x22, 0xd9, 0x22, 0xd9, 0x22, 0xd9, 0x1a, 0x97, 
	0x1a, 0x97, 0x1a, 0x97, 0x22, 0xd9, 0x22, 0xd9, 
	0x22, 0xd7, 0x23, 0x1b, 0x23, 0x1b, 0x23, 0x1b, 
	0x1a, 0x97, 0x22, 0xdb, 0x2b, 0x1d, 0x2b, 0x1d, 
	0x22, 0xd9, 0x22, 0xdb, 0x22, 0xd9, 0x22, 0xdb, 
	0x23, 0x1b, 0x2b, 0x1d, 0x22, 0xdb, 0x22, 0xdb, 
	0x23, 0x1b, 0x23, 0x1b, 0x22, 0xdb, 0x22, 0xd9, 
	0x22, 0xdb, 0x22, 0xdb, 0x2b, 0x1d, 0x22, 0xdb, 
	0x22, 0xdb, 0x23, 0x1d, 0x23, 0x1d, 0x23, 0x1d, 
	0x23, 0x1d, 0x23, 0x1d, 0x23, 0x1d, 0x23, 0x1d, 
	0x23, 0x1b, 0x2b, 0x1d, 0x23, 0x1b, 0x23, 0x1d, 
	0x2b, 0x1d, 0x2b, 0x1d, 0x2b, 0x1d, 0x2b, 0x5f, 
	0x2b, 0x1d, 0x2b, 0x1d, 0x2b, 0x5f, 0x2b, 0x5f, 
	0x33, 0x5d, 0x33, 0x5f, 0x33, 0x5f, 0x33, 0x5f, 
	0x2b, 0x5d, 0x2b, 0x5d, 0x2b, 0x5d, 0x2b, 0x5d, 
	0x33, 0x5f, 0x33, 0x5f, 0x2b, 0x5d, 0x2b, 0x5d, 
	0x33, 0x5d, 0x33, 0x5f, 0x33, 0x5f, 0x33, 0x5f, 
	0x2b, 0x5f, 0x2b, 0x1b, 0x2a, 0xd9, 0x2b, 0x1b, 
	0x22, 0xdb, 0x22, 0xd9, 0x22, 0xdb, 0x22, 0xdb, 
	0x22, 0xdb, 0x1a, 0xdb, 0x1a, 0xdb, 0x22, 0xdb, 
	0x23, 0x1d, 0x23, 0x1d, 0x23, 0x1d, 0x22, 0xdd, 
	0x23, 0x1d, 0x23, 0x1d, 0x23, 0x1d, 0x22, 0xdb, 
	0x23, 0x1d, 0x2b, 0x1f, 0x23, 0x1d, 0x22, 0xdb, 
	0x22, 0xdb, 0x22, 0xdb, 0x22, 0xdb, 0x22, 0xdb, 
	0x22, 0xdb, 0x22, 0xdb, 0x1a, 0xdb, 0x1a, 0xdb, 
	0x22, 0xdd, 0x22, 0xdb, 0x22, 0xdd, 0x23, 0x1d, 
	0x23, 0x1d, 0x23, 0x1d, 0x23, 0x1d, 0x23, 0x1d, 
	0x23, 0x1d, 0x23, 0x1d, 0x23, 0x1d, 0x22, 0xdb, 
	0x22, 0xdb, 0x22, 0xd9, 0x22, 0xd9, 0x1a, 0x97, 
	0x1a, 0x99, 0x1a, 0x99, 0x1a, 0x97, 0x1a, 0x97, 
	0x1a, 0x95, 0x1a, 0x97, 0x1a, 0x95, 0x1a, 0x97, 
	0x1a, 0x95, 0x1a, 0x95, 0x1a, 0x95, 0x1a, 0x95, 
	0x12, 0x55, 0x12, 0x55, 0x12, 0x55, 0x12, 0x55, 
	0x1a, 0x95, 0x1a, 0x95, 0x1a, 0x95, 0x1a, 0x95, 
	0x1a, 0x95, 0x1a, 0x97, 0x1a, 0x95, 0x1a, 0x97, 
	0x1a, 0x97, 0x12, 0x55, 0x1a, 0x97, 0x12, 0x53, 
	0x12, 0x53, 0x0a, 0x13, 0x0a, 0x13, 0x0a, 0x13, 
	0x0a, 0x13, 0x0a, 0x13, 0x01, 0xd1, 0x01, 0xd1, 
	0x01, 0xd1, 0x01, 0xcf, 0x01, 0xcf, 0x01, 0x8f, 
	0x01, 0x8f, 0x01, 0xcf, 0x01, 0x8f, 0x01, 0x8f, 
	0x01, 0xcf, 0x01, 0x8f, 0x01, 0xcf, 0x01, 0xcf, 
	0x01, 0xcf, 0x01, 0xcf, 0x01, 0x8f, 0x01, 0xcf, 
	0x01, 0xcf, 0x01, 0xcf, 0x01, 0x8f, 0x01, 0x8f, 
	0x01, 0xcf, 0x01, 0x8f, 0x01, 0xcf, 0x01, 0xcf, 
	0x01, 0xcf, 0x01, 0xcf, 0x01, 0xcf, 0x01, 0xcf, 
	0x01, 0xcf, 0x01, 0xcf, 0x01, 0xcf, 0x01, 0xcf, 
	0x01, 0xd1, 0x01, 0xd1, 0x02, 0x11, 0x02, 0x11, 
	0x01, 0xd1, 0x01, 0xd1, 0x01, 0xcf, 0x01, 0xd1, 
	0x01, 0xd1, 0x01, 0xd1, 0x02, 0x13, 0x02, 0x13, 
	0x0a, 0x13, 0x0a, 0x13, 0x12, 0x55, 0x12, 0x55, 
	0x12, 0x53, 0x12, 0x53, 0x1a, 0x95, 0x1a, 0x95, 
	0x1a, 0x95, 0x1a, 0x95, 0x1a, 0x95, 0x1a, 0x95, 
	0x1a, 0x97, 0x12, 0x55, 0x12, 0x55, 0x12, 0x55, 
	0x12, 0x53, 0x12, 0x53, 0x0a, 0x11, 0x0a, 0x11, 
	0x0a, 0x13, 0x0a, 0x53, 0x0a, 0x53, 0x0a, 0x13, 
	0x0a, 0x11, 0x0a, 0x11, 0x0a, 0x11, 0x0a, 0x11, 
	0x0a, 0x11, 0x0a, 0x11, 0x0a, 0x11, 0x0a, 0x11, 
	0x0a, 0x13, 0x0a, 0x13, 0x0a, 0x13, 0x0a, 0x13, 
	0x0a, 0x11, 0x0a, 0x11, 0x12, 0x53, 0x12, 0x53, 
	0x12, 0x55, 0x12, 0x53, 0x12, 0x55, 0x1a, 0x95, 
	0x12, 0x55, 0x12, 0x55, 0x12, 0x55, 0x1a, 0x95, 
	0x1a, 0x97, 0x1a, 0x97, 0x1a, 0x97, 0x1a, 0x97, 
	0x1a, 0x95, 0x22, 0xd9, 0x1a, 0x95, 0x1a, 0x97, 
	0x1a, 0x97, 0x12, 0x53, 0x12, 0x53, 0x1a, 0x95, 
	0x22, 0xd9, 0x22, 0xd9, 0x2b, 0x1b, 0x22, 0xd9, 
	0x22, 0xd9, 0x22, 0xd9, 0x1a, 0x97, 0x22, 0xd9, 
	0x1a, 0x95, 0x22, 0xd7, 0x23, 0x1b, 0x1a, 0x95, 
	0x12, 0x95, 0x1a, 0x97, 0x1a, 0x97, 0x22, 0xdb, 
	0x22, 0xdb, 0x23, 0x1b, 0x22, 0xdb, 0x22, 0xdb, 
	0x23, 0x1b, 0x23, 0x1b, 0x22, 0xdb, 0x23, 0x1b, 
	0x23, 0x1b, 0x23, 0x1b, 0x22, 0xdb, 0x22, 0xdb, 
	0x23, 0x1b, 0x22, 0xdb, 0x23, 0x1b, 0x23, 0x1b, 
	0x23, 0x1d, 0x22, 0xdb, 0x23, 0x1d, 0x23, 0x1d, 
	0x23, 0x1d, 0x2b, 0x1d, 0x23, 0x1d, 0x23, 0x1d, 
	0x2b, 0x1f, 0x2b, 0x1f, 0x2b, 0x1f, 0x23, 0x1d, 
	0x2b, 0x1d, 0x2b, 0x1d, 0x2b, 0x1b, 0x2b, 0x1b, 
	0x2b, 0x5f, 0x2b, 0x5f, 0x2b, 0x5f, 0x2b, 0x5f, 
	0x33, 0x5d, 0x33, 0x5d, 0x33, 0x5d, 0x33, 0x5d, 
	0x2b, 0x5d, 0x2b, 0x5d, 0x2b, 0x1d, 0x2b, 0x1d, 
	0x2b, 0x5d, 0x2b, 0x5d, 0x2b, 0x5d, 0x33, 0x5f, 
	0x33, 0x5d, 0x33, 0x5d, 0x2b, 0x1d, 0x2b, 0x1d, 
	0x2b, 0x5f, 0x2b, 0x1d, 0x2b, 0x1b, 0x2b, 0x1d, 
	0x2b, 0x1b, 0x22, 0xdb, 0x22, 0xdb, 0x22, 0xdb, 
	0x22, 0xdb, 0x22, 0xdb, 0x1a, 0xdb, 0x22, 0xdb, 
	0x1a, 0xdb, 0x22, 0xdd, 0x23, 0x1d, 0x23, 0x1d, 
	0x23, 0x1d, 0x23, 0x1d, 0x23, 0x1d, 0x23, 0x1d, 
	0x23, 0x1d, 0x2b, 0x1f, 0x2b, 0x1f, 0x23, 0x1d, 
	0x23, 0x1d, 0x2b, 0x1f, 0x23, 0x1d, 0x22, 0xdb, 
	0x1a, 0xdb, 0x22, 0xdb, 0x22, 0xdb, 0x23, 0x1b, 
	0x22, 0xdd, 0x22, 0xdd, 0x23, 0x1d, 0x23, 0x1d, 
	0x23, 0x1d, 0x22, 0xdd, 0x23, 0x1d, 0x23, 0x1d, 
	0x22, 0xdb, 0x22, 0xdb, 0x23, 0x1d, 0x22, 0xdb, 
	0x22, 0xd9, 0x22, 0xd9, 0x1a, 0x97, 0x1a, 0x95, 
	0x12, 0x55, 0x1a, 0x97, 0x12, 0x55, 0x12, 0x55, 
	0x1a, 0x95, 0x1a, 0x95, 0x1a, 0x95, 0x22, 0x97, 
	0x1a, 0x97, 0x1a, 0x95, 0x1a, 0x97, 0x1a, 0x95, 
	0x12, 0x55, 0x12, 0x55, 0x12, 0x55, 0x12, 0x55, 
	0x1a, 0x95, 0x12, 0x53, 0x12, 0x53, 0x1a, 0x95, 
	0x1a, 0x95, 0x1a, 0x97, 0x1a, 0x95, 0x1a, 0x95, 
	0x1a, 0x97, 0x12, 0x55, 0x12, 0x55, 0x12, 0x53, 
	0x12, 0x53, 0x12, 0x53, 0x0a, 0x13, 0x0a, 0x13, 
	0x0a, 0x13, 0x0a, 0x13, 0x0a, 0x13, 0x01, 0xd1, 
	0x01, 0xd1, 0x01, 0xcf, 0x01, 0xcf, 0x01, 0x8f, 
	0x01, 0xcf, 0x01, 0xcf, 0x01, 0xcf, 0x01, 0xcf, 
	0x01, 0xcf, 0x01, 0xcf, 0x01, 0xcf, 0x01, 0xcf, 
	0x01, 0xcf, 0x01, 0x8f, 0x01, 0xcf, 0x01, 0xcf, 
	0x01, 0xcf, 0x01, 0xcf, 0x01, 0xcf, 0x01, 0xcf, 
	0x01, 0xcf, 0x01, 0xcf, 0x01, 0xcf, 0x01, 0xcf, 
	0x01, 0xcf, 0x01, 0xd1, 0x01, 0xd1, 0x01, 0xcf, 
	0x01, 0xcf, 0x01, 0xcf, 0x01, 0xcf, 0x01, 0xcf, 
	0x02, 0x11, 0x01, 0xd1, 0x01, 0x8f, 0x01, 0xd1, 
	0x01, 0xd1, 0x01, 0xcf, 0x01, 0xcf, 0x01, 0xd1, 
	0x01, 0xcf, 0x01, 0xd1, 0x01, 0xd1, 0x02, 0x13, 
	0x0a, 0x13, 0x0a, 0x13, 0x0a, 0x13, 0x0a, 0x13, 
	0x12, 0x53, 0x12, 0x53, 0x12, 0x53, 0x12, 0x53, 
	0x1a, 0x95, 0x1a, 0x95, 0x12, 0x53, 0x1a, 0x95, 
	0x1a, 0x97, 0x12, 0x55, 0x12, 0x55, 0x12, 0x55, 
	0x1a, 0x99, 0x12, 0x53, 0x12, 0x53, 0x12, 0x57, 
	0x0a, 0x53, 0x0a, 0x13, 0x0a, 0x13, 0x0a, 0x13, 
	0x12, 0x53, 0x0a, 0x11, 0x12, 0x53, 0x12, 0x53, 
	0x12, 0x53, 0x12, 0x53, 0x0a, 0x11, 0x0a, 0x11, 
	0x01, 0xd1, 0x01, 0xd1, 0x0a, 0x13, 0x0a, 0x13, 
	0x0a, 0x11, 0x0a, 0x11, 0x0a, 0x11, 0x12, 0x53, 
	0x12, 0x53, 0x12, 0x53, 0x12, 0x55, 0x12, 0x55, 
	0x1a, 0x95, 0x12, 0x53, 0x12, 0x53, 0x12, 0x53, 
	0x12, 0x55, 0x1a, 0x97, 0x1a, 0x97, 0x12, 0x55, 
	0x1a, 0x97, 0x1a, 0x95, 0x1a, 0x97, 0x1a, 0x97, 
	0x1a, 0x97, 0x1a, 0x97, 0x22, 0xd9, 0x22, 0xd9, 
	0x22, 0xd9, 0x22, 0xd9, 0x2b, 0x1b, 0x2b, 0x1b, 
	0x22, 0xd9, 0x22, 0xd9, 0x22, 0xd9, 0x22, 0xd9, 
	0x1a, 0x95, 0x1a, 0x95, 0x22, 0xd7, 0x23, 0x1b, 
	0x2b, 0x1d, 0x22, 0xdb, 0x22, 0xdb, 0x22, 0xdb, 
	0x22, 0xdb, 0x23, 0x1b, 0x22, 0xdb, 0x23, 0x1b, 
	0x22, 0xdb, 0x22, 0xdb, 0x22, 0xdb, 0x22, 0xdb, 
	0x22, 0xdb, 0x22, 0xdb, 0x22, 0xdb, 0x22, 0xdb, 
	0x22, 0xdb, 0x23, 0x1b, 0x2b, 0x1d, 0x23, 0x1b, 
	0x22, 0xdb, 0x22, 0xdb, 0x23, 0x1d, 0x23, 0x1d, 
	0x23, 0x1d, 0x23, 0x1d, 0x2b, 0x1d, 0x2b, 0x1d, 
	0x2b, 0x1f, 0x2b, 0x1f, 0x23, 0x1d, 0x23, 0x1d, 
	0x2b, 0x5f, 0x2b, 0x5f, 0x2b, 0x5f, 0x2b, 0x1b, 
	0x2b, 0x1d, 0x2b, 0x1d, 0x2b, 0x1d, 0x2b, 0x1d, 
	0x2b, 0x1d, 0x2b, 0x1b, 0x33, 0x5d, 0x33, 0x5d, 
	0x2b, 0x1d, 0x2b, 0x1d, 0x22, 0xdb, 0x2b, 0x1d, 
	0x33, 0x5f, 0x33, 0x5f, 0x2b, 0x5d, 0x33, 0x5f, 
	0x33, 0x5d, 0x33, 0x5d, 0x2b, 0x1b, 0x2b, 0x1b, 
	0x2b, 0x1b, 0x2b, 0x1d, 0x2b, 0x1b, 0x2b, 0x1d, 
	0x2b, 0x1d, 0x2b, 0x1b, 0x22, 0xdb, 0x22, 0xdb, 
	0x22, 0xdb, 0x22, 0xdb, 0x23, 0x1d, 0x22, 0xdb, 
	0x22, 0xdd, 0x23, 0x1d, 0x23, 0x1d, 0x23, 0x1d, 
	0x22, 0xdb, 0x23, 0x1d, 0x23, 0x1d, 0x23, 0x1d, 
	0x23, 0x1d, 0x23, 0x1d, 0x23, 0x1d, 0x23, 0x1d, 
	0x23, 0x1d, 0x23, 0x1d, 0x23, 0x1d, 0x22, 0xdb, 
	0x22, 0xdb, 0x23, 0x1b, 0x22, 0xdb, 0x23, 0x1b, 
	0x23, 0x1d, 0x23, 0x1d, 0x22, 0xdd, 0x23, 0x1d, 
	0x23, 0x1d, 0x23, 0x1d, 0x23, 0x1d, 0x23, 0x1d, 
	0x23, 0x1d, 0x23, 0x1d, 0x22, 0xdb, 0x22, 0xdb, 
	0x22, 0xd9, 0x1a, 0x97, 0x1a, 0x95, 0x1a, 0x95, 
	0x12, 0x55, 0x12, 0x53, 0x12, 0x53, 0x12, 0x55, 
	0x1a, 0x95, 0x1a, 0x95, 0x1a, 0x95, 0x1a, 0x95, 
	0x1a, 0x95, 0x1a, 0x95, 0x12, 0x55, 0x1a, 0x95, 
	0x12, 0x55, 0x12, 0x55, 0x12, 0x55, 0x12, 0x55, 
	0x1a, 0x95, 0x12, 0x53, 0x0a, 0x11, 0x0a, 0x11, 
	0x12, 0x53, 0x12, 0x53, 0x1a, 0x95, 0x1a, 0x95, 
	0x12, 0x53, 0x12, 0x53, 0x12, 0x53, 0x12, 0x53, 
	0x12, 0x53, 0x12, 0x53, 0x0a, 0x13, 0x0a, 0x13, 
	0x0a, 0x13, 0x0a, 0x13, 0x0a, 0x13, 0x0a, 0x13, 
	0x02, 0x11, 0x02, 0x11, 0x01, 0xd1, 0x01, 0xd1, 
	0x01, 0xcf, 0x01, 0xcf, 0x01, 0xcf, 0x01, 0xcf, 
	0x01, 0xcf, 0x01, 0xcf, 0x01, 0xcf, 0x01, 0xcf, 
	0x01, 0xcf, 0x01, 0xcf, 0x01, 0xcf, 0x01, 0xcf, 
	0x01, 0xcf, 0x01, 0xcf, 0x01, 0xcf, 0x01, 0xcf, 
	0x01, 0xcf, 0x01, 0xcf, 0x01, 0xcf, 0x01, 0x8f, 
	0x01, 0x8f, 0x01, 0x8f, 0x01, 0xcf, 0x01, 0xcf, 
	0x01, 0xcf, 0x01, 0x8f, 0x01, 0xcf, 0x01, 0xcf, 
	0x01, 0xcf, 0x01, 0x8f, 0x01, 0x8f, 0x01, 0x8f, 
	0x01, 0x8f, 0x01, 0x8f, 0x01, 0xcf, 0x01, 0xcf, 
	0x02, 0x13, 0x01, 0xd1, 0x01, 0xd1, 0x02, 0x13, 
	0x0a, 0x13, 0x0a, 0x13, 0x0a, 0x13, 0x0a, 0x13, 
	0x12, 0x53, 0x12, 0x53, 0x12, 0x53, 0x12, 0x53, 
	0x0a, 0x11, 0x12, 0x53, 0x12, 0x53, 0x12, 0x53, 
	0x0a, 0x11, 0x12, 0x53, 0x12, 0x53, 0x12, 0x53, 
	0x12, 0x53, 0x12, 0x57, 0x12, 0x57, 0x12, 0x57, 
	0x12, 0x55, 0x12, 0x55, 0x12, 0x55, 0x12, 0x55, 
	0x12, 0x53, 0x12, 0x53, 0x12, 0x53, 0x12, 0x53, 
	0x12, 0x53, 0x12, 0x53, 0x12, 0x53, 0x12, 0x53, 
	0x12, 0x53, 0x12, 0x53, 0x1a, 0x95, 0x1a, 0x95, 
	0x1a, 0x97, 0x12, 0x95, 0x12, 0x95, 0x1a, 0x97, 
	0x1a, 0x95, 0x1a, 0x97, 0x1a, 0x97, 0x1a, 0x97, 
	0x1a, 0x97, 0x1a, 0x97, 0x1a, 0x95, 0x1a, 0x97, 
	0x1a, 0x97, 0x1a, 0x97, 0x1a, 0x97, 0x1a, 0x97, 
	0x1a, 0x95, 0x1a, 0x95, 0x22, 0xd9, 0x1a, 0x97, 
	0x2b, 0x19, 0x2b, 0x19, 0x2b, 0x19, 0x2b, 0x19, 
	0x22, 0xd9, 0x22, 0xd9, 0x1a, 0x97, 0x22, 0xd9, 
	0x2a, 0xd9, 0x2a, 0xd9, 0x2a, 0xd9, 0x2a, 0xd9, 
	0x22, 0x97, 0x2b, 0x19, 0x22, 0x97, 0x22, 0x97, 
	0x22, 0x99, 0x2a, 0xdb, 0x22, 0x99, 0x2a, 0xdb, 
	0x22, 0xd9, 0x22, 0xd9, 0x22, 0xd9, 0x22, 0xd9, 
	0x22, 0xd9, 0x22, 0xd9, 0x22, 0xd9, 0x22, 0xd9, 
	0x22, 0xd9, 0x22, 0xd9, 0x22, 0xd9, 0x22, 0xd9, 
	0x22, 0xd9, 0x22, 0xd9, 0x22, 0xd9, 0x22, 0xd9, 
	0x2b, 0x1b, 0x2b, 0x1b, 0x2b, 0x1b, 0x2b, 0x1b, 
	0x2b, 0x1b, 0x2b, 0x1b, 0x2b, 0x1b, 0x2b, 0x1b, 
	0x22, 0xdb, 0x22, 0xdb, 0x22, 0xdb, 0x22, 0xdb, 
	0x2b, 0x1d, 0x2b, 0x1d, 0x33, 0x5d, 0x33, 0x5d, 
	0x33, 0x61, 0x33, 0x61, 0x33, 0x61, 0x33, 0x61, 
	0x33, 0x5f, 0x33, 0x5f, 0x33, 0x5f, 0x33, 0x5f, 
	0x2b, 0x5f, 0x33, 0x9f, 0x33, 0x9f, 0x33, 0x9f, 
	0x2b, 0x61, 0x2b, 0x61, 0x2b, 0x61, 0x2b, 0x61, 
	0x33, 0x5d, 0x33, 0x5d, 0x33, 0x5d, 0x33, 0x5d, 
	0x33, 0x5b, 0x33, 0x5b, 0x33, 0x5b, 0x2b, 0x1b, 
	0x2b, 0x1b, 0x2b, 0x1b, 0x2b, 0x1b, 0x2b, 0x1b, 
	0x23, 0x1d, 0x22, 0xdb, 0x23, 0x1d, 0x23, 0x1d, 
	0x23, 0x1d, 0x22, 0xdd, 0x23, 0x1d, 0x23, 0x1d, 
	0x23, 0x1d, 0x2b, 0x1d, 0x23, 0x1d, 0x23, 0x1d, 
	0x2b, 0x1d, 0x2b, 0x1d, 0x2b, 0x1d, 0x2b, 0x1d, 
	0x2b, 0x1b, 0x2b, 0x1b, 0x2b, 0x1b, 0x22, 0xdb, 
	0x23, 0x1b, 0x23, 0x1b, 0x23, 0x1b, 0x23, 0x1b, 
	0x23, 0x1b, 0x22, 0xdb, 0x23, 0x1b, 0x23, 0x1b, 
	0x2b, 0x1d, 0x2b, 0x1d, 0x2b, 0x1d, 0x2b, 0x1d, 
	0x2b, 0x1d, 0x2b, 0x1d, 0x2b, 0x1d, 0x22, 0xdd, 
	0x22, 0xdb, 0x22, 0xdb, 0x22, 0xdb, 0x22, 0xdb, 
	0x22, 0xd7, 0x1a, 0x97, 0x1a, 0x97, 0x1a, 0x97, 
	0x1a, 0x97, 0x1a, 0x97, 0x22, 0xd7, 0x22, 0xd7, 
	0x22, 0xd7, 0x22, 0xd7, 0x22, 0xd7, 0x22, 0xd7, 
	0x22, 0xd5, 0x1a, 0x97, 0x22, 0xd5, 0x22, 0xd5, 
	0x22, 0xd7, 0x22, 0xd7, 0x22, 0xd7, 0x22, 0xd7, 
	0x22, 0x97, 0x22, 0x97, 0x22, 0x97, 0x22, 0x97, 
	0x1a, 0x55, 0x1a, 0x55, 0x1a, 0x55, 0x12, 0x55, 
	0x12, 0x13, 0x12, 0x13, 0x12, 0x13, 0x0a, 0x13, 
	0x0a, 0x13, 0x12, 0x13, 0x0a, 0x13, 0x09, 0xd1, 
	0x09, 0xd1, 0x09, 0xd1, 0x01, 0xcf, 0x01, 0xcf, 
	0x01, 0xcf, 0x01, 0xcf, 0x01, 0xcf, 0x01, 0xcf, 
	0x01, 0xcf, 0x01, 0xcf, 0x01, 0xcf, 0x01, 0xcf, 
	0x01, 0xcf, 0x01, 0x8d, 0x01, 0xcf, 0x01, 0x8d, 
	0x01, 0x8d, 0x01, 0x8d, 0x01, 0xcf, 0x01, 0xcf, 
	0x01, 0x8f, 0x01, 0xd1, 0x01, 0xd1, 0x01, 0xd1, 
	0x01, 0xcf, 0x01, 0xcf, 0x01, 0xcf, 0x01, 0xcf, 
	0x01, 0xcf, 0x01, 0xcf, 0x01, 0xd1, 0x0a, 0x13, 
	0x01, 0xd1, 0x01, 0xd1, 0x0a, 0x13, 0x01, 0xd1, 
	0x01, 0xd1, 0x01, 0xd1, 0x0a, 0x13, 0x0a, 0x13, 
	0x0a, 0x13, 0x0a, 0x13, 0x0a, 0x13, 0x0a, 0x15, 
	0x12, 0x55, 0x12, 0x55, 0x12, 0x55, 0x12, 0x55, 
	0x12, 0x55, 0x12, 0x55, 0x12, 0x55, 0x12, 0x55, 
	0x1a, 0x55, 0x1a, 0x55, 0x1a, 0x55, 0x1a, 0x55, 
	0x1a, 0x55, 0x1a, 0x55, 0x12, 0x55, 0x12, 0x55, 
	0x12, 0x55, 0x12, 0x55, 0x12, 0x55, 0x1a, 0x55, 
	0x12, 0x55, 0x12, 0x55, 0x1a, 0x93, 0x1a, 0x93, 
	0x1a, 0x55, 0x1a, 0x55, 0x1a, 0x55, 0x1a, 0x55, 
	0x1a, 0x55, 0x1a, 0x55, 0x1a, 0x55, 0x1a, 0x55, 
	0x1a, 0x55, 0x1a, 0x55, 0x1a, 0x55, 0x1a, 0x55, 
	0x1a, 0x93, 0x1a, 0x93, 0x1a, 0x93, 0x1a, 0x93, 
	0x1a, 0x95, 0x1a, 0x95, 0x1a, 0x95, 0x1a, 0x95, 
	0x22, 0x97, 0x22, 0x97, 0x22, 0x97, 0x22, 0x97, 
	0x22, 0x97, 0x22, 0x97, 0x22, 0x97, 0x22, 0x97, 
	0x2a, 0xd9, 0x2a, 0xd9, 0x2a, 0xd9, 0x2a, 0xd9, 
	0x2b, 0x19, 0x22, 0x97, 0x22, 0x97, 0x2b, 0x19, 
	0x22, 0xd9, 0x22, 0xd9, 0x22, 0xd9, 0x22, 0xd9, 
	0x2a, 0xd9, 0x22, 0x97, 0x2a, 0xd9, 0x2a, 0xd9, 
	0x22, 0x97, 0x2b, 0x19, 0x2b, 0x19, 0x22, 0x97, 
	0x2a, 0xdb, 0x2a, 0xdb, 0x2a, 0xdb, 0x2a, 0xdb, 
	0x22, 0xd9, 0x22, 0xd9, 0x22, 0xd9, 0x22, 0xd9, 
	0x1a, 0x97, 0x22, 0xd9, 0x22, 0xd9, 0x22, 0xd9, 
	0x22, 0xd9, 0x22, 0xd9, 0x22, 0xd9, 0x22, 0xd9, 
	0x22, 0xd9, 0x1a, 0x97, 0x22, 0xd9, 0x22, 0xd9, 
	0x2b, 0x1b, 0x2b, 0x1b, 0x2b, 0x1b, 0x2b, 0x1b, 
	0x2b, 0x1b, 0x2b, 0x1b, 0x2b, 0x1b, 0x2b, 0x1b, 
	0x22, 0xdb, 0x2b, 0x1d, 0x2b, 0x1d, 0x2b, 0x1d, 
	0x2b, 0x1d, 0x33, 0x5d, 0x1a, 0x9d, 0x1a, 0x9d, 
	0x2b, 0x1f, 0x2b, 0x1f, 0x22, 0xdf, 0x22, 0xdf, 
	0x22, 0xdd, 0x2b, 0x1f, 0x2b, 0x1f, 0x1a, 0x9d, 
	0x1a, 0x9f, 0x1a, 0x9f, 0x22, 0xdf, 0x22, 0xdf, 
	0x2b, 0x61, 0x2b, 0x61, 0x23, 0x1f, 0x23, 0x1f, 
	0x1a, 0xdb, 0x1a, 0xdb, 0x1a, 0xdb, 0x1a, 0xdb, 
	0x1a, 0xdd, 0x1a, 0xdd, 0x1a, 0xdd, 0x1a, 0xdd, 
	0x1a, 0x99, 0x22, 0xdb, 0x22, 0xdb, 0x22, 0xdb, 
	0x22, 0xdb, 0x22, 0xdb, 0x23, 0x1d, 0x23, 0x1d, 
	0x22, 0xdd, 0x22, 0xdd, 0x22, 0xdd, 0x23, 0x1d, 
	0x23, 0x1d, 0x23, 0x1d, 0x2b, 0x1d, 0x2b, 0x1d, 
	0x2b, 0x1d, 0x2b, 0x1d, 0x22, 0xdd, 0x22, 0xdd, 
	0x2b, 0x1b, 0x2b, 0x1b, 0x2b, 0x1b, 0x22, 0xdb, 
	0x22, 0xdb, 0x22, 0xdb, 0x22, 0xdb, 0x23, 0x1b, 
	0x22, 0xdb, 0x22, 0xdb, 0x23, 0x1b, 0x23, 0x1b, 
	0x22, 0xdb, 0x2b, 0x1d, 0x22, 0xdb, 0x2b, 0x1d, 
	0x22, 0xdd, 0x22, 0xdd, 0x22, 0xdb, 0x22, 0xdb, 
	0x22, 0xdb, 0x1a, 0x99, 0x1a, 0x99, 0x1a, 0x99, 
	0x1a, 0x97, 0x1a, 0x57, 0x1a, 0x57, 0x1a, 0x97, 
	0x1a, 0x99, 0x1a, 0x99, 0x1a, 0x99, 0x1a, 0x99, 
	0x1a, 0x99, 0x12, 0x59, 0x12, 0x59, 0x12, 0x59, 
	0x12, 0x59, 0x12, 0x59, 0x12, 0x59, 0x12, 0x59, 
	0x12, 0x59, 0x12, 0x59, 0x12, 0x59, 0x0a, 0x59, 
	0x12, 0x57, 0x12, 0x57, 0x0a, 0x17, 0x0a, 0x17, 
	0x09, 0xd3, 0x09, 0xd3, 0x09, 0xd3, 0x09, 0xd3, 
	0x09, 0xd1, 0x09, 0xd1, 0x01, 0xd1, 0x01, 0xd1, 
	0x01, 0xd1, 0x01, 0xd1, 0x01, 0xd1, 0x01, 0xd1, 
	0x01, 0xcf, 0x01, 0xcf, 0x01, 0xcf, 0x01, 0xcf, 
	0x01, 0xcf, 0x01, 0xcf, 0x01, 0xcf, 0x01, 0xcf, 
	0x01, 0xcf, 0x01, 0xcf, 0x01, 0xcf, 0x01, 0xcf, 
	0x01, 0xcf, 0x01, 0xcf, 0x01, 0xcf, 0x01, 0xcf, 
	0x01, 0xcf, 0x01, 0xcf, 0x01, 0xcf, 0x01, 0x8d, 
	0x01, 0x8f, 0x01, 0x8f, 0x09, 0xd1, 0x01, 0xd1, 
	0x01, 0xcf, 0x01, 0xcf, 0x01, 0xcf, 0x01, 0xcf, 
	0x01, 0xd1, 0x01, 0xd1, 0x01, 0xd1, 0x01, 0xd1, 
	0x01, 0xd1, 0x01, 0xd1, 0x09, 0xd1, 0x0a, 0x13, 
	0x01, 0xd1, 0x01, 0xd1, 0x01, 0xd1, 0x0a, 0x13, 
	0x0a, 0x13, 0x01, 0xd3, 0x01, 0xd3, 0x01, 0xd3, 
	0x0a, 0x13, 0x0a, 0x13, 0x0a, 0x13, 0x0a, 0x13, 
	0x12, 0x15, 0x12, 0x55, 0x12, 0x55, 0x12, 0x15, 
	0x12, 0x55, 0x12, 0x55, 0x12, 0x15, 0x0a, 0x15, 
	0x0a, 0x13, 0x12, 0x13, 0x12, 0x13, 0x12, 0x13, 
	0x12, 0x13, 0x12, 0x13, 0x12, 0x55, 0x12, 0x13, 
	0x12, 0x55, 0x12, 0x55, 0x12, 0x55, 0x12, 0x55, 
	0x1a, 0x55, 0x12, 0x55, 0x1a, 0x55, 0x1a, 0x55, 
	0x1a, 0x55, 0x1a, 0x55, 0x1a, 0x55, 0x1a, 0x55, 
	0x1a, 0x55, 0x1a, 0x55, 0x1a, 0x55, 0x12, 0x55, 
	0x12, 0x15, 0x12, 0x15, 0x12, 0x15, 0x12, 0x15, 
	0x12, 0x55, 0x12, 0x55, 0x12, 0x55, 0x12, 0x55, 
	0x1a, 0x55, 0x1a, 0x55, 0x22, 0x97, 0x22, 0x97, 
	0x22, 0x97, 0x22, 0x97, 0x22, 0x97, 0x22, 0x97, 
	0x2a, 0xd9, 0x2a, 0xd9, 0x2a, 0xd9, 0x2a, 0xd9, 
	0x22, 0x97, 0x22, 0x97, 0x22, 0x97, 0x22, 0x97, 
	0x22, 0xd9, 0x22, 0xd9, 0x22, 0xd9, 0x22, 0xd9, 
	0x2a, 0xd9, 0x2a, 0xd9, 0x2a, 0xd9, 0x2a, 0xd9, 
	0x22, 0x97, 0x22, 0x97, 0x1a, 0x57, 0x22, 0x97, 
	0x22, 0x99, 0x2a, 0xdb, 0x2a, 0xdb, 0x2a, 0xdb, 
	0x22, 0xd9, 0x22, 0xd9, 0x22, 0xd9, 0x22, 0xd9, 
	0x1a, 0x97, 0x22, 0xd9, 0x22, 0xd9, 0x22, 0xd9, 
	0x22, 0xd9, 0x22, 0xd9, 0x22, 0xd9, 0x22, 0xd9, 
	0x22, 0xd9, 0x22, 0xd9, 0x22, 0xd9, 0x22, 0xd9, 
	0x22, 0x99, 0x22, 0x99, 0x22, 0x99, 0x22, 0x99, 
	0x22, 0x99, 0x22, 0x99, 0x2b, 0x1b, 0x22, 0x99, 
	0x22, 0xdb, 0x2b, 0x1d, 0x22, 0xdb, 0x22, 0xdb, 
	0x2b, 0x1d, 0x2b, 0x1d, 0x12, 0x5d, 0x12, 0x5d, 
	0x1a, 0x9d, 0x1a, 0x9d, 0x1a, 0x9d, 0x22, 0xdf, 
	0x1a, 0x9d, 0x1a, 0x9d, 0x1a, 0x9d, 0x22, 0xdd, 
	0x22, 0xdf, 0x22, 0xdf, 0x1a, 0x9f, 0x1a, 0x9f, 
	0x1a, 0x5b, 0x1a, 0x5b, 0x1a, 0x5b, 0x1a, 0x5b, 
	0x1a, 0xdb, 0x1a, 0xdb, 0x12, 0x5b, 0x12, 0x5b, 
	0x12, 0x9d, 0x1a, 0xdd, 0x1a, 0xdd, 0x12, 0x9d, 
	0x12, 0x59, 0x12, 0x59, 0x12, 0x59, 0x12, 0x59, 
	0x1a, 0x59, 0x1a, 0x59, 0x1a, 0x9b, 0x1a, 0x9b, 
	0x1a, 0x9b, 0x1a, 0x9b, 0x1a, 0x9b, 0x1a, 0x9b, 
	0x1a, 0x9b, 0x1a, 0x9b, 0x1a, 0x9b, 0x1a, 0x9b, 
	0x22, 0x9b, 0x1a, 0x9b, 0x1a, 0x9b, 0x22, 0x9b, 
	0x22, 0x9b, 0x22, 0x9b, 0x1a, 0x9b, 0x1a, 0x9b, 
	0x22, 0x9b, 0x22, 0x9b, 0x22, 0x9b, 0x22, 0x9b, 
	0x22, 0x9d, 0x22, 0xdd, 0x22, 0xdd, 0x22, 0x9d, 
	0x22, 0x9b, 0x22, 0x9b, 0x22, 0x9b, 0x22, 0x9b, 
	0x1a, 0x9b, 0x1a, 0x9b, 0x1a, 0x9b, 0x1a, 0x9b, 
	0x1a, 0x99, 0x1a, 0x99, 0x1a, 0x99, 0x1a, 0x99, 
	0x12, 0x57, 0x12, 0x57, 0x12, 0x57, 0x12, 0x57, 
	0x12, 0x59, 0x12, 0x59, 0x12, 0x59, 0x12, 0x59, 
	0x12, 0x59, 0x12, 0x59, 0x12, 0x59, 0x12, 0x59, 
	0x12, 0x59, 0x12, 0x59, 0x12, 0x59, 0x12, 0x59, 
	0x12, 0x59, 0x12, 0x59, 0x12, 0x59, 0x12, 0x59, 
	0x12, 0x57, 0x12, 0x57, 0x0a, 0x17, 0x0a, 0x17, 
	0x12, 0x13, 0x09, 0xd3, 0x09, 0xd3, 0x09, 0xd3, 
	0x01, 0xd1, 0x01, 0xd1, 0x09, 0xd1, 0x01, 0xd1, 
	0x01, 0xd1, 0x01, 0xd1, 0x01, 0xd1, 0x01, 0xd1, 
	0x01, 0xcf, 0x09, 0xd1, 0x09, 0xd1, 0x09, 0xd1, 
	0x09, 0xd3, 0x01, 0xd1, 0x09, 0xd1, 0x09, 0xd1, 
	0x01, 0xd1, 0x01, 0xcf, 0x01, 0xcf, 0x09, 0xd3, 
	0x09, 0xd1, 0x09, 0xd1, 0x09, 0xd1, 0x01, 0xcf, 
	0x09, 0xd1, 0x01, 0xcf, 0x01, 0xcf, 0x01, 0xcf, 
	0x01, 0xd1, 0x09, 0xd3, 0x09, 0xd1, 0x09, 0xd3, 
	0x09, 0xd3, 0x09, 0xd3, 0x09, 0xd3, 0x09, 0xd3, 
	0x01, 0xd1, 0x01, 0xd1, 0x01, 0xcf, 0x01, 0xcf, 
	0x09, 0xd1, 0x09, 0xd1, 0x09, 0xd1, 0x09, 0xd1, 
	0x0a, 0x13, 0x01, 0xd1, 0x0a, 0x13, 0x0a, 0x13, 
	0x01, 0xd3, 0x0a, 0x13, 0x0a, 0x13, 0x0a, 0x13, 
	0x0a, 0x13, 0x0a, 0x13, 0x0a, 0x13, 0x0a, 0x13, 
	0x12, 0x15, 0x12, 0x15, 0x12, 0x15, 0x12, 0x55, 
	0x12, 0x55, 0x12, 0x55, 0x12, 0x55, 0x12, 0x55, 
	0x12, 0x55, 0x1a, 0x55, 0x1a, 0x55, 0x1a, 0x55, 
	0x1a, 0x55, 0x12, 0x55, 0x1a, 0x55, 0x1a, 0x55, 
	0x12, 0x55, 0x12, 0x55, 0x12, 0x55, 0x12, 0x55, 
	0x1a, 0x55, 0x1a, 0x55, 0x1a, 0x55, 0x1a, 0x55, 
	0x1a, 0x55, 0x22, 0x95, 0x1a, 0x55, 0x1a, 0x55, 
	0x1a, 0x55, 0x1a, 0x55, 0x1a, 0x55, 0x1a, 0x55, 
	0x1a, 0x93, 0x1a, 0x93, 0x1a, 0x93, 0x1a, 0x93, 
	0x12, 0x55, 0x1a, 0x95, 0x12, 0x55, 0x1a, 0x95, 
	0x22, 0x97, 0x22, 0x97, 0x22, 0x97, 0x22, 0x97, 
	0x22, 0x97, 0x22, 0x97, 0x22, 0x97, 0x22, 0x97, 
	0x22, 0x97, 0x22, 0x97, 0x22, 0x97, 0x22, 0x97, 
	0x11, 0xd5, 0x1a, 0x57, 0x11, 0xd5, 0x11, 0xd5, 
	0x11, 0xd5, 0x11, 0xd5, 0x11, 0xd5, 0x11, 0xd5, 
	0x12, 0x15, 0x12, 0x15, 0x12, 0x15, 0x12, 0x15, 
	0x12, 0x15, 0x12, 0x15, 0x12, 0x15, 0x12, 0x15, 
	0x12, 0x15, 0x12, 0x15, 0x12, 0x15, 0x12, 0x15, 
	0x09, 0x93, 0x09, 0x93, 0x09, 0x93, 0x09, 0x93, 
	0x09, 0xd5, 0x09, 0xd5, 0x09, 0xd5, 0x09, 0xd5, 
	0x09, 0xd5, 0x09, 0xd5, 0x09, 0xd5, 0x09, 0xd5, 
	0x12, 0x15, 0x12, 0x15, 0x12, 0x15, 0x12, 0x15, 
	0x11, 0xd5, 0x11, 0xd5, 0x11, 0xd5, 0x11, 0xd5, 
	0x09, 0xd7, 0x09, 0xd7, 0x12, 0x59, 0x12, 0x59, 
	0x1a, 0x59, 0x22, 0x9b, 0x1a, 0x59, 0x1a, 0x59, 
	0x12, 0x5d, 0x12, 0x5d, 0x1a, 0x9d, 0x1a, 0x9d, 
	0x1a, 0x9d, 0x1a, 0x9d, 0x1a, 0x9d, 0x1a, 0x9d, 
	0x1a, 0x9d, 0x22, 0xdd, 0x1a, 0x9d, 0x22, 0xdd, 
	0x22, 0xdf, 0x22, 0xdf, 0x22, 0xdf, 0x22, 0xdf, 
	0x23, 0x1f, 0x23, 0x1f, 0x23, 0x1f, 0x22, 0xdd, 
	0x2b, 0x1d, 0x1a, 0xdb, 0x2b, 0x1d, 0x2b, 0x1d, 
	0x1a, 0xdd, 0x1a, 0xdd, 0x12, 0x9d, 0x12, 0x9d, 
	0x1a, 0x99, 0x12, 0x59, 0x12, 0x59, 0x1a, 0x99, 
	0x1a, 0x59, 0x1a, 0x59, 0x1a, 0x9b, 0x1a, 0x9b, 
	0x1a, 0x9b, 0x1a, 0x9b, 0x1a, 0x9b, 0x1a, 0x9b, 
	0x1a, 0x9b, 0x1a, 0x9b, 0x1a, 0x9b, 0x1a, 0x9b, 
	0x1a, 0x9b, 0x22, 0x9b, 0x22, 0x9b, 0x22, 0x9b, 
	0x22, 0x9b, 0x22, 0x9b, 0x22, 0x9b, 0x1a, 0x9b, 
	0x22, 0x9b, 0x22, 0x9b, 0x22, 0x9b, 0x22, 0x9b, 
	0x22, 0xdd, 0x22, 0xdd, 0x22, 0xdd, 0x22, 0xdd, 
	0x22, 0xdb, 0x22, 0xdb, 0x22, 0xdb, 0x22, 0xdb, 
	0x22, 0xdb, 0x22, 0xdb, 0x22, 0xdb, 0x22, 0xdb, 
	0x1a, 0x99, 0x1a, 0x99, 0x1a, 0x99, 0x1a, 0x99, 
	0x1a, 0x57, 0x1a, 0x57, 0x12, 0x57, 0x12, 0x57, 
	0x12, 0x59, 0x12, 0x59, 0x12, 0x59, 0x12, 0x59, 
	0x12, 0x59, 0x12, 0x59, 0x12, 0x59, 0x12, 0x59, 
	0x12, 0x59, 0x12, 0x59, 0x12, 0x59, 0x12, 0x59, 
	0x12, 0x59, 0x0a, 0x59, 0x12, 0x59, 0x12, 0x59, 
	0x12, 0x57, 0x12, 0x57, 0x12, 0x57, 0x0a, 0x17, 
	0x12, 0x13, 0x12, 0x13, 0x12, 0x13, 0x09, 0xd3, 
	0x09, 0xd1, 0x09, 0xd1, 0x09, 0xd1, 0x09, 0xd1, 
	0x09, 0xd1, 0x09, 0xd1, 0x0a, 0x13, 0x09, 0xd1, 
	0x09, 0xd1, 0x09, 0xd1, 0x09, 0xd1, 0x09, 0xd1, 
	0x09, 0xd3, 0x09, 0xd3, 0x09, 0xd3, 0x09, 0xd3, 
	0x09, 0xd3, 0x09, 0xd3, 0x09, 0xd3, 0x09, 0xd3, 
	0x09, 0xd1, 0x09, 0xd1, 0x0a, 0x13, 0x01, 0xcf, 
	0x01, 0xcf, 0x09, 0xd3, 0x09, 0xd3, 0x09, 0xd1, 
	0x09, 0xd1, 0x09, 0xd1, 0x09, 0xd3, 0x09, 0xd3, 
	0x09, 0xd3, 0x09, 0xd3, 0x09, 0xd3, 0x09, 0xd3, 
	0x01, 0xd1, 0x01, 0xd1, 0x0a, 0x13, 0x0a, 0x13, 
	0x0a, 0x13, 0x0a, 0x13, 0x0a, 0x13, 0x12, 0x13, 
	0x0a, 0x13, 0x01, 0xd1, 0x0a, 0x13, 0x01, 0xd1, 
	0x01, 0xd3, 0x0a, 0x13, 0x0a, 0x13, 0x0a, 0x13, 
	0x12, 0x55, 0x12, 0x55, 0x12, 0x55, 0x12, 0x55, 
	0x12, 0x55, 0x12, 0x55, 0x12, 0x15, 0x12, 0x15, 
	0x12, 0x15, 0x12, 0x15, 0x12, 0x15, 0x12, 0x15, 
	0x12, 0x13, 0x12, 0x13, 0x0a, 0x13, 0x0a, 0x13, 
	0x12, 0x13, 0x12, 0x13, 0x12, 0x13, 0x12, 0x13, 
	0x12, 0x55, 0x12, 0x55, 0x12, 0x55, 0x0a, 0x17, 
	0x0a, 0x17, 0x0a, 0x17, 0x0a, 0x17, 0x01, 0xd7, 
	0x09, 0xd5, 0x09, 0xd5, 0x09, 0xd5, 0x09, 0xd5, 
	0x01, 0xd7, 0x01, 0xd7, 0x0a, 0x17, 0x0a, 0x17, 
	0x09, 0xd5, 0x09, 0xd5, 0x09, 0xd5, 0x09, 0xd5, 
	0x09, 0xd5, 0x09, 0xd5, 0x09, 0xd5, 0x09, 0xd5, 
	0x09, 0xd3, 0x09, 0xd3, 0x09, 0xd3, 0x09, 0xd3, 
	0x09, 0xd3, 0x09, 0xd3, 0x09, 0xd3, 0x09, 0xd3, 
	0x09, 0xd3, 0x09, 0xd3, 0x09, 0xd3, 0x09, 0xd3, 
	0x12, 0x59, 0x12, 0x59, 0x0a, 0x19, 0x12, 0x59, 
	0x12, 0x59, 0x12, 0x59, 0x12, 0x59, 0x12, 0x59, 
	0x1a, 0x5b, 0x1a, 0x5b, 0x12, 0x5b, 0x1a, 0x5b, 
	0x1a, 0x5b, 0x1a, 0x5b, 0x1a, 0x5b, 0x1a, 0x5b, 
	0x12, 0x5b, 0x12, 0x5b, 0x12, 0x5b, 0x1a, 0x5b, 
	0x12, 0x5d, 0x12, 0x5d, 0x12, 0x5b, 0x12, 0x5b, 
	0x12, 0x19, 0x12, 0x19, 0x12, 0x17, 0x12, 0x5d, 
	0x09, 0xd7, 0x09, 0xd7, 0x09, 0xd7, 0x09, 0xd7, 
	0x12, 0x19, 0x12, 0x19, 0x12, 0x5b, 0x12, 0x1b, 
	0x0a, 0x1b, 0x0a, 0x1b, 0x12, 0x5d, 0x12, 0x5d, 
	0x12, 0x5d, 0x12, 0x5d, 0x12, 0x5d, 0x12, 0x5d, 
	0x12, 0x5d, 0x12, 0x5d, 0x12, 0x5d, 0x12, 0x9f, 
	0x12, 0x5d, 0x12, 0x5d, 0x1a, 0x9f, 0x1a, 0x9f, 
	0x22, 0xe1, 0x22, 0xe3, 0x22, 0xe1, 0x22, 0xe1, 
	0x22, 0xe1, 0x22, 0xe1, 0x22, 0xe1, 0x22, 0xe1, 
	0x22, 0xe1, 0x22, 0xe1, 0x22, 0xe1, 0x22, 0xe1, 
	0x22, 0xe1, 0x22, 0xe1, 0x22, 0xe1, 0x22, 0xdf, 
	0x22, 0xdf, 0x22, 0xdf, 0x22, 0xdf, 0x22, 0xdf, 
	0x1a, 0x9d, 0x1a, 0x9d, 0x1a, 0x9d, 0x1a, 0x9d, 
	0x22, 0xdf, 0x1a, 0x9d, 0x1a, 0x9d, 0x1a, 0x9d, 
	0x1a, 0x9b, 0x1a, 0x9b, 0x1a, 0x5b, 0x1a, 0x9b, 
	0x1a, 0x5b, 0x1a, 0x9d, 0x1a, 0x9d, 0x1a, 0x5b, 
	0x1a, 0x9d, 0x1a, 0x9d, 0x1a, 0x9d, 0x1a, 0x9d, 
	0x1a, 0x9d, 0x1a, 0x9d, 0x1a, 0x9d, 0x1a, 0x9d, 
	0x1a, 0x9d, 0x1a, 0x9d, 0x1a, 0x9d, 0x1a, 0x9d, 
	0x1a, 0x9d, 0x1a, 0x9d, 0x1a, 0x9d, 0x1a, 0x9d, 
	0x1a, 0x9d, 0x1a, 0x9d, 0x1a, 0x9d, 0x1a, 0x9d, 
	0x1a, 0x9d, 0x1a, 0x5d, 0x1a, 0x9d, 0x22, 0x9d, 
	0x1a, 0x9d, 0x1a, 0x9d, 0x1a, 0x9d, 0x1a, 0x9d, 
	0x1a, 0x9d, 0x1a, 0x9d, 0x1a, 0x5b, 0x1a, 0x5b, 
	0x1a, 0x5b, 0x1a, 0x5b, 0x1a, 0x5b, 0x12, 0x5b, 
	0x12, 0x59, 0x12, 0x59, 0x12, 0x59, 0x12, 0x59, 
	0x12, 0x5b, 0x12, 0x5b, 0x12, 0x5b, 0x12, 0x5b, 
	0x12, 0x5b, 0x12, 0x5b, 0x12, 0x5b, 0x12, 0x5b, 
	0x12, 0x5b, 0x12, 0x5b, 0x12, 0x5b, 0x12, 0x19, 
	0x12, 0x19, 0x12, 0x19, 0x12, 0x17, 0x09, 0xd5, 
	0x09, 0xd5, 0x09, 0xd5, 0x09, 0xd5, 0x09, 0xd5, 
	0x09, 0xd3, 0x09, 0xd5, 0x09, 0xd5, 0x09, 0xd5, 
	0x09, 0xd5, 0x09, 0xd5, 0x09, 0xd5, 0x09, 0xd3, 
	0x09, 0xd3, 0x09, 0xd3, 0x09, 0xd3, 0x09, 0xd3, 
	0x09, 0xd3, 0x09, 0xd3, 0x09, 0xd3, 0x09, 0xd3, 
	0x09, 0xd3, 0x09, 0xd3, 0x09, 0xd3, 0x09, 0xd3, 
	0x09, 0xd3, 0x09, 0xd3, 0x09, 0xd3, 0x09, 0xd3, 
	0x09, 0xd3, 0x09, 0xd3, 0x09, 0xd3, 0x09, 0x91, 
	0x09, 0xd3, 0x09, 0xd3, 0x09, 0x91, 0x09, 0xd3, 
	0x09, 0x91, 0x09, 0xd3, 0x09, 0xd3, 0x09, 0xd3, 
	0x09, 0xd5, 0x09, 0xd5, 0x09, 0xd5, 0x09, 0xd5, 
	0x09, 0xd5, 0x09, 0xd5, 0x09, 0xd5, 0x09, 0xd5, 
	0x09, 0xd5, 0x09, 0xd5, 0x09, 0xd5, 0x09, 0xd5, 
	0x09, 0xd5, 0x09, 0xd5, 0x09, 0xd5, 0x09, 0xd5, 
	0x12, 0x15, 0x09, 0xd7, 0x09, 0xd7, 0x09, 0xd7, 
	0x11, 0xd7, 0x12, 0x15, 0x12, 0x15, 0x12, 0x15, 
	0x12, 0x15, 0x12, 0x15, 0x12, 0x15, 0x12, 0x15, 
	0x0a, 0x17, 0x0a, 0x17, 0x0a, 0x17, 0x09, 0xd7, 
	0x0a, 0x15, 0x0a, 0x15, 0x0a, 0x15, 0x0a, 0x15, 
	0x0a, 0x17, 0x0a, 0x17, 0x0a, 0x17, 0x0a, 0x17, 
	0x0a, 0x17, 0x0a, 0x17, 0x0a, 0x17, 0x0a, 0x17, 
	0x0a, 0x19, 0x0a, 0x19, 0x0a, 0x19, 0x0a, 0x19, 
	0x0a, 0x19, 0x0a, 0x17, 0x0a, 0x17, 0x0a, 0x19, 
	0x0a, 0x19, 0x0a, 0x19, 0x0a, 0x19, 0x0a, 0x19, 
	0x0a, 0x19, 0x0a, 0x19, 0x0a, 0x19, 0x0a, 0x19, 
	0x0a, 0x19, 0x0a, 0x19, 0x0a, 0x19, 0x0a, 0x17, 
	0x09, 0xd7, 0x09, 0xd7, 0x09, 0xd7, 0x0a, 0x17, 
	0x12, 0x19, 0x0a, 0x19, 0x0a, 0x19, 0x12, 0x5b, 
	0x12, 0x59, 0x12, 0x59, 0x12, 0x59, 0x12, 0x59, 
	0x1a, 0x5b, 0x1a, 0x5b, 0x12, 0x59, 0x1a, 0x5b, 
	0x1a, 0x5b, 0x12, 0x5b, 0x1a, 0x5b, 0x12, 0x5b, 
	0x1a, 0x5d, 0x1a, 0x5d, 0x1a, 0x5b, 0x1a, 0x5b, 
	0x1a, 0x5b, 0x12, 0x5b, 0x12, 0x5b, 0x1a, 0x5b, 
	0x12, 0x5d, 0x12, 0x5b, 0x12, 0x5b, 0x12, 0x5d, 
	0x12, 0x5d, 0x12, 0x5d, 0x12, 0x5d, 0x12, 0x5f, 
	0x1a, 0x9f, 0x12, 0x5d, 0x12, 0x5d, 0x1a, 0x9f, 
	0x12, 0x5d, 0x12, 0x5d, 0x12, 0x5b, 0x12, 0x5d, 
	0x12, 0x9f, 0x12, 0x9f, 0x12, 0x9f, 0x12, 0x9f, 
	0x12, 0x5f, 0x12, 0x5d, 0x12, 0x5f, 0x12, 0x5f, 
	0x12, 0x5d, 0x12, 0x5d, 0x12, 0x9f, 0x12, 0x5d, 
	0x1a, 0x9f, 0x1a, 0x9f, 0x1a, 0x9f, 0x1a, 0x9f, 
	0x1a, 0x9d, 0x1a, 0x9f, 0x1a, 0x9d, 0x1a, 0x9d, 
	0x1a, 0x9f, 0x1a, 0x9d, 0x22, 0xdf, 0x1a, 0x9f, 
	0x1a, 0x9d, 0x22, 0xdf, 0x22, 0xdf, 0x22, 0xdf, 
	0x1a, 0x9f, 0x1a, 0x9f, 0x1a, 0x9f, 0x22, 0xdf, 
	0x22, 0xdf, 0x1a, 0x9d, 0x1a, 0x9d, 0x1a, 0x9d, 
	0x1a, 0x9d, 0x1a, 0x9d, 0x1a, 0x5b, 0x1a, 0x9d, 
	0x1a, 0x5b, 0x1a, 0x5b, 0x1a, 0x5b, 0x12, 0x59, 
	0x12, 0x59, 0x12, 0x59, 0x12, 0x19, 0x12, 0x19, 
	0x12, 0x19, 0x12, 0x19, 0x12, 0x19, 0x12, 0x19, 
	0x12, 0x1b, 0x12, 0x1b, 0x12, 0x5b, 0x12, 0x5b, 
	0x12, 0x5b, 0x1a, 0x5d, 0x1a, 0x5d, 0x1a, 0x5d, 
	0x12, 0x5b, 0x12, 0x5b, 0x1a, 0x5d, 0x12, 0x5b, 
	0x1a, 0x5d, 0x1a, 0x5d, 0x12, 0x5b, 0x1a, 0x9d, 
	0x1a, 0x9d, 0x1a, 0x9d, 0x1a, 0x9d, 0x1a, 0x9d, 
	0x1a, 0x9d, 0x1a, 0x9d, 0x1a, 0x9d, 0x1a, 0x9d, 
	0x1a, 0x9d, 0x1a, 0x9d, 0x1a, 0x9d, 0x1a, 0x5d, 
	0x1a, 0x9d, 0x1a, 0x9d, 0x1a, 0x5b, 0x1a, 0x5b, 
	0x1a, 0x5b, 0x1a, 0x5b, 0x12, 0x5b, 0x12, 0x5b, 
	0x12, 0x59, 0x12, 0x19, 0x12, 0x19, 0x12, 0x19, 
	0x12, 0x19, 0x12, 0x19, 0x12, 0x19, 0x12, 0x19, 
	0x12, 0x19, 0x12, 0x19, 0x12, 0x19, 0x12, 0x19, 
	0x12, 0x5b, 0x12, 0x5b, 0x12, 0x19, 0x12, 0x19, 
	0x0a, 0x17, 0x0a, 0x17, 0x09, 0xd5, 0x09, 0xd5, 
	0x09, 0xd5, 0x09, 0xd5, 0x09, 0xd5, 0x09, 0xd5, 
	0x09, 0xd3, 0x09, 0xd3, 0x09, 0xd3, 0x09, 0xd3, 
	0x09, 0xd3, 0x09, 0xd3, 0x09, 0xd3, 0x09, 0xd3, 
	0x09, 0xd3, 0x09, 0xd3, 0x09, 0xd3, 0x09, 0xd3, 
	0x09, 0xd3, 0x09, 0xd3, 0x09, 0xd3, 0x09, 0xd3, 
	0x09, 0xd3, 0x09, 0xd3, 0x09, 0xd3, 0x09, 0xd3, 
	0x09, 0xd3, 0x09, 0xd3, 0x09, 0xd3, 0x09, 0xd3, 
	0x0a, 0x15, 0x09, 0xd3, 0x0a, 0x15, 0x09, 0xd3, 
	0x09, 0xd3, 0x09, 0xd3, 0x09, 0xd3, 0x09, 0xd3, 
	0x09, 0xd3, 0x09, 0xd3, 0x09, 0xd5, 0x09, 0xd5, 
	0x09, 0xd5, 0x09, 0xd5, 0x09, 0xd5, 0x0a, 0x15, 
	0x12, 0x15, 0x12, 0x15, 0x12, 0x15, 0x12, 0x15, 
	0x12, 0x15, 0x12, 0x15, 0x12, 0x15, 0x12, 0x15, 
	0x12, 0x15, 0x12, 0x15, 0x12, 0x15, 0x12, 0x15, 
	0x12, 0x15, 0x12, 0x15, 0x12, 0x15, 0x12, 0x15, 
	0x1a, 0x15, 0x1a, 0x15, 0x1a, 0x15, 0x1a, 0x15, 
	0x12, 0x15, 0x12, 0x15, 0x12, 0x15, 0x09, 0xd5, 
	0x09, 0xd7, 0x09, 0xd7, 0x09, 0xd7, 0x0a, 0x17, 
	0x0a, 0x15, 0x0a, 0x15, 0x0a, 0x15, 0x0a, 0x15, 
	0x0a, 0x17, 0x09, 0xd7, 0x09, 0xd7, 0x09, 0xd7, 
	0x01, 0xd5, 0x01, 0xd5, 0x01, 0xd5, 0x01, 0xd5, 
	0x01, 0xd7, 0x09, 0xd7, 0x09, 0xd7, 0x09, 0xd7, 
	0x01, 0xd7, 0x01, 0xd7, 0x01, 0xd7, 0x01, 0xd7, 
	0x09, 0xd7, 0x09, 0xd7, 0x0a, 0x19, 0x0a, 0x19, 
	0x0a, 0x17, 0x0a, 0x17, 0x0a, 0x17, 0x0a, 0x19, 
	0x0a, 0x19, 0x0a, 0x19, 0x0a, 0x17, 0x0a, 0x17, 
	0x0a, 0x17, 0x0a, 0x17, 0x0a, 0x17, 0x0a, 0x19, 
	0x12, 0x19, 0x12, 0x5b, 0x12, 0x5b, 0x12, 0x5b, 
	0x0a, 0x19, 0x0a, 0x19, 0x0a, 0x19, 0x0a, 0x19, 
	0x09, 0xd7, 0x09, 0xd7, 0x12, 0x59, 0x12, 0x59, 
	0x0a, 0x19, 0x0a, 0x19, 0x0a, 0x19, 0x0a, 0x19, 
	0x12, 0x19, 0x12, 0x1b, 0x12, 0x1b, 0x1a, 0x5b, 
	0x12, 0x5b, 0x12, 0x5b, 0x12, 0x19, 0x12, 0x19, 
	0x12, 0x5b, 0x12, 0x5b, 0x12, 0x5b, 0x12, 0x5b, 
	0x12, 0x5f, 0x12, 0x5d, 0x12, 0x5d, 0x12, 0x5d, 
	0x12, 0x5d, 0x12, 0x5d, 0x12, 0x5d, 0x12, 0x5d, 
	0x12, 0x5d, 0x12, 0x5d, 0x12, 0x5b, 0x12, 0x1b, 
	0x12, 0x5d, 0x0a, 0x1b, 0x0a, 0x1b, 0x0a, 0x1b, 
	0x12, 0x5d, 0x12, 0x5d, 0x12, 0x5f, 0x12, 0x5d, 
	0x12, 0x5d, 0x12, 0x5d, 0x12, 0x5d, 0x12, 0x5d, 
	0x12, 0x5d, 0x12, 0x5d, 0x12, 0x5d, 0x12, 0x5d, 
	0x1a, 0x9d, 0x1a, 0x9d, 0x1a, 0x9d, 0x1a, 0x9d, 
	0x1a, 0x9d, 0x1a, 0x9d, 0x1a, 0x9d, 0x1a, 0x9f, 
	0x1a, 0x5b, 0x1a, 0x5b, 0x1a, 0x9d, 0x1a, 0x9d, 
	0x1a, 0x9f, 0x1a, 0x9f, 0x1a, 0x9d, 0x1a, 0x9f, 
	0x1a, 0x9d, 0x1a, 0x9d, 0x1a, 0x9d, 0x1a, 0x9d, 
	0x1a, 0x9d, 0x1a, 0x5b, 0x1a, 0x5b, 0x1a, 0x9d, 
	0x1a, 0x5b, 0x12, 0x59, 0x12, 0x59, 0x12, 0x59, 
	0x12, 0x59, 0x12, 0x59, 0x12, 0x59, 0x12, 0x59, 
	0x12, 0x5b, 0x12, 0x5b, 0x12, 0x5b, 0x12, 0x5b, 
	0x12, 0x5b, 0x12, 0x5b, 0x1a, 0x5d, 0x1a, 0x5d, 
	0x1a, 0x5d, 0x1a, 0x5d, 0x1a, 0x5d, 0x1a, 0x5d, 
	0x1a, 0x5d, 0x1a, 0x5d, 0x1a, 0x5d, 0x1a, 0x5d, 
	0x1a, 0x5d, 0x1a, 0x9d, 0x1a, 0x5d, 0x1a, 0x9d, 
	0x1a, 0x9d, 0x1a, 0x5d, 0x1a, 0x5d, 0x1a, 0x9d, 
	0x1a, 0x9d, 0x1a, 0x9d, 0x1a, 0x9d, 0x1a, 0x5d, 
	0x1a, 0x9d, 0x1a, 0x9d, 0x1a, 0x9d, 0x1a, 0x9d, 
	0x1a, 0x9d, 0x1a, 0x9d, 0x1a, 0x5b, 0x1a, 0x5b, 
	0x1a, 0x9d, 0x1a, 0x5b, 0x12, 0x5b, 0x12, 0x5b, 
	0x12, 0x59, 0x12, 0x59, 0x12, 0x19, 0x12, 0x19, 
	0x12, 0x19, 0x12, 0x19, 0x12, 0x19, 0x12, 0x19, 
	0x12, 0x5b, 0x12, 0x5b, 0x12, 0x5b, 0x12, 0x5b, 
	0x12, 0x5b, 0x12, 0x5b, 0x12, 0x5b, 0x12, 0x19, 
	0x12, 0x19, 0x12, 0x19, 0x12, 0x17, 0x12, 0x17, 
	0x12, 0x17, 0x12, 0x17, 0x09, 0xd5, 0x09, 0xd5, 
	0x09, 0xd5, 0x09, 0xd5, 0x09, 0xd5, 0x09, 0xd5, 
	0x09, 0xd5, 0x09, 0xd5, 0x09, 0xd5, 0x09, 0xd5, 
	0x09, 0xd3, 0x09, 0xd3, 0x09, 0xd3, 0x09, 0xd3, 
	0x09, 0x93, 0x09, 0xd3, 0x09, 0xd3, 0x09, 0xd3, 
	0x09, 0xd3, 0x09, 0xd3, 0x09, 0xd3, 0x09, 0xd3, 
	0x09, 0xd3, 0x09, 0xd3, 0x09, 0x0d, 0x09, 0x91, 
	0x09, 0xd3, 0x09, 0xd3, 0x09, 0xd3, 0x09, 0xd3, 
	0x09, 0xd3, 0x09, 0xd3, 0x09, 0xd3, 0x09, 0xd5, 
	0x09, 0xd5, 0x09, 0xd5, 0x09, 0xd5, 0x09, 0xd5, 
	0x09, 0xd5, 0x09, 0xd5, 0x09, 0xd5, 0x09, 0xd5, 
	0x09, 0xd5, 0x09, 0xd5, 0x09, 0xd5, 0x09, 0xd5, 
	0x09, 0xd5, 0x09, 0xd5, 0x09, 0xd5, 0x09, 0xd5, 
	0x09, 0xd5, 0x09, 0xd5, 0x09, 0xd5, 0x09, 0xd5, 
	0x09, 0xd7, 0x09, 0xd7, 0x09, 0xd7, 0x09, 0xd7, 
	0x09, 0xd7, 0x09, 0xd7, 0x09, 0xd7, 0x09, 0xd7, 
	0x01, 0x95, 0x01, 0x95, 0x01, 0x95, 0x01, 0x95, 
	0x01, 0x95, 0x01, 0xd5, 0x09, 0xd7, 0x01, 0xd5, 
	0x01, 0x95, 0x01, 0xd5, 0x01, 0x95, 0x01, 0xd5, 
	0x01, 0xd5, 0x01, 0x95, 0x01, 0x95, 0x01, 0x95, 
	0x01, 0x95, 0x01, 0x95, 0x01, 0xd5, 0x01, 0xd5, 
	0x01, 0x95, 0x01, 0x95, 0x01, 0xd7, 0x01, 0x95, 
	0x01, 0xd5, 0x01, 0xd7, 0x01, 0xd5, 0x01, 0xd5, 
	0x01, 0x93, 0x01, 0x93, 0x09, 0xd7, 0x09, 0xd7, 
	0x01, 0xd7, 0x01, 0x95, 0x01, 0x95, 0x01, 0x95, 
	0x01, 0xd5, 0x01, 0xd5, 0x01, 0xd5, 0x01, 0xd5, 
	0x0a, 0x17, 0x0a, 0x17, 0x0a, 0x17, 0x0a, 0x19, 
	0x12, 0x19, 0x0a, 0x19, 0x0a, 0x19, 0x12, 0x19, 
	0x09, 0xd7, 0x09, 0xd7, 0x01, 0xd7, 0x09, 0xd7, 
	0x12, 0x19, 0x09, 0xd7, 0x12, 0x19, 0x12, 0x19, 
	0x12, 0x19, 0x0a, 0x19, 0x12, 0x19, 0x0a, 0x19, 
	0x12, 0x19, 0x12, 0x19, 0x12, 0x19, 0x12, 0x19, 
	0x12, 0x19, 0x12, 0x19, 0x12, 0x19, 0x12, 0x19, 
	0x12, 0x19, 0x12, 0x1b, 0x12, 0x1b, 0x12, 0x19, 
	0x12, 0x19, 0x12, 0x19, 0x12, 0x19, 0x12, 0x19, 
	0x12, 0x19, 0x12, 0x19, 0x12, 0x19, 0x12, 0x19, 
	0x12, 0x1b, 0x12, 0x1b, 0x12, 0x5b, 0x12, 0x5b, 
	0x0a, 0x1b, 0x0a, 0x1b, 0x0a, 0x1b, 0x09, 0xd9, 
	0x12, 0x19, 0x12, 0x1b, 0x12, 0x1b, 0x12, 0x1b, 
	0x12, 0x1b, 0x12, 0x5d, 0x12, 0x1b, 0x12, 0x5d, 
	0x12, 0x5d, 0x12, 0x5d, 0x12, 0x5d, 0x12, 0x5d, 
	0x1a, 0x9d, 0x1a, 0x9d, 0x1a, 0x9d, 0x1a, 0x9d, 
	0x1a, 0x9d, 0x1a, 0x9d, 0x1a, 0x9d, 0x1a, 0x9f, 
	0x1a, 0x9d, 0x1a, 0x9d, 0x1a, 0x9d, 0x1a, 0x9d, 
	0x1a, 0x9f, 0x1a, 0x9f, 0x1a, 0x9d, 0x1a, 0x9d, 
	0x1a, 0x9d, 0x1a, 0x9d, 0x1a, 0x9d, 0x1a, 0x9d, 
	0x1a, 0x5b, 0x1a, 0x5b, 0x1a, 0x5b, 0x1a, 0x5b, 
	0x12, 0x59, 0x12, 0x59, 0x12, 0x59, 0x12, 0x59, 
	0x12, 0x59, 0x12, 0x19, 0x12, 0x19, 0x12, 0x59, 
	0x12, 0x5b, 0x12, 0x5b, 0x12, 0x5b, 0x12, 0x5b, 
	0x12, 0x5b, 0x12, 0x5b, 0x1a, 0x5d, 0x12, 0x5b, 
	0x12, 0x5b, 0x1a, 0x5d, 0x1a, 0x5d, 0x1a, 0x5d, 
	0x1a, 0x5d, 0x1a, 0x5d, 0x1a, 0x9d, 0x1a, 0x9d, 
	0x1a, 0x9d, 0x1a, 0x9d, 0x1a, 0x9d, 0x1a, 0x9d, 
	0x1a, 0x9d, 0x1a, 0x9d, 0x1a, 0x9d, 0x1a, 0x9d, 
	0x22, 0x9d, 0x22, 0x9d, 0x22, 0x9d, 0x22, 0x9d, 
	0x1a, 0x9d, 0x1a, 0x9d, 0x1a, 0x9d, 0x1a, 0x9d, 
	0x1a, 0x5b, 0x1a, 0x5b, 0x1a, 0x5b, 0x1a, 0x5b, 
	0x12, 0x5b, 0x12, 0x5b, 0x12, 0x5b, 0x12, 0x19, 
	0x12, 0x59, 0x12, 0x59, 0x12, 0x59, 0x12, 0x19, 
	0x12, 0x19, 0x12, 0x5b, 0x12, 0x5b, 0x12, 0x5b, 
	0x12, 0x5b, 0x12, 0x5b, 0x12, 0x5b, 0x12, 0x5b, 
	0x12, 0x5b, 0x12, 0x5b, 0x12, 0x19, 0x12, 0x19, 
	0x12, 0x19, 0x12, 0x19, 0x12, 0x17, 0x12, 0x17, 
	0x12, 0x17, 0x09, 0xd5, 0x09, 0xd5, 0x09, 0xd5, 
	0x09, 0xd3, 0x09, 0xd3, 0x09, 0xd3, 0x09, 0xd3, 
	0x09, 0xd3, 0x09, 0xd3, 0x09, 0xd3, 0x09, 0xd3, 
	0x09, 0xd3, 0x09, 0xd3, 0x09, 0xd3, 0x09, 0x93, 
	0x09, 0x93, 0x09, 0x93, 0x09, 0x93, 0x09, 0x93, 
	0x09, 0xd3, 0x09, 0x93, 0x09, 0x93, 0x09, 0xd3, 
	0x09, 0x91, 0x09, 0x91, 0x09, 0x4f, 0x09, 0x91, 
	0x09, 0xd3, 0x09, 0xd3, 0x09, 0xd3, 0x09, 0xd3, 
	0x09, 0xd3, 0x09, 0xd3, 0x09, 0xd3, 0x09, 0xd3, 
	0x09, 0xd3, 0x09, 0xd3, 0x09, 0xd3, 0x09, 0xd3, 
	0x09, 0xd5, 0x09, 0xd5, 0x09, 0xd5, 0x09, 0xd5, 
	0x09, 0xd5, 0x09, 0xd5, 0x09, 0xd5, 0x09, 0xd5, 
	0x09, 0xd5, 0x09, 0xd5, 0x09, 0xd5, 0x09, 0xd5, 
	0x09, 0xd5, 0x09, 0xd5, 0x09, 0xd5, 0x09, 0xd5, 
	0x09, 0xd7, 0x09, 0xd7, 0x09, 0xd7, 0x09, 0xd7, 
	0x11, 0xd7, 0x09, 0xd7, 0x11, 0xd7, 0x11, 0xd7, 
	0x09, 0xd5, 0x09, 0xd5, 0x09, 0xd5, 0x09, 0xd5, 
	0x01, 0xd5, 0x01, 0x95, 0x01, 0xd5, 0x01, 0xd5, 
	0x01, 0xd5, 0x09, 0xd5, 0x01, 0xd5, 0x09, 0xd5, 
	0x09, 0xd7, 0x01, 0xd5, 0x01, 0xd5, 0x01, 0xd5, 
	0x01, 0xd5, 0x01, 0x95, 0x01, 0x95, 0x01, 0xd5, 
	0x01, 0xd7, 0x01, 0x95, 0x01, 0xd7, 0x01, 0xd7, 
	0x01, 0xd5, 0x01, 0xd7, 0x01, 0xd5, 0x01, 0xd5, 
	0x01, 0xd5, 0x01, 0x93, 0x01, 0xd5, 0x01, 0xd5, 
	0x01, 0x95, 0x01, 0x95, 0x01, 0xd7, 0x01, 0xd7, 
	0x01, 0xd7, 0x01, 0xd7, 0x01, 0xd5, 0x01, 0xd5, 
	0x09, 0xd5, 0x09, 0xd5, 0x09, 0xd7, 0x09, 0xd7, 
	0x09, 0xd7, 0x09, 0xd7, 0x09, 0xd7, 0x09, 0xd7, 
	0x12, 0x19, 0x11, 0xd7, 0x12, 0x19, 0x12, 0x19, 
	0x12, 0x19, 0x12, 0x19, 0x12, 0x19, 0x12, 0x19, 
	0x12, 0x19, 0x12, 0x19, 0x12, 0x19, 0x12, 0x19, 
	0x12, 0x19, 0x12, 0x19, 0x12, 0x19, 0x12, 0x19, 
	0x12, 0x1b, 0x12, 0x1b, 0x12, 0x19, 0x12, 0x19, 
	0x12, 0x19, 0x12, 0x19, 0x12, 0x19, 0x12, 0x19, 
	0x12, 0x19, 0x12, 0x19, 0x12, 0x19, 0x12, 0x19, 
	0x12, 0x19, 0x11, 0xd9, 0x12, 0x19, 0x12, 0x19, 
	0x12, 0x19, 0x12, 0x19, 0x12, 0x19, 0x12, 0x19, 
	0x12, 0x1b, 0x12, 0x1b, 0x12, 0x1b, 0x12, 0x1b, 
	0x12, 0x1b, 0x12, 0x1b, 0x12, 0x1b, 0x12, 0x1b, 
	0x12, 0x1d, 0x12, 0x5d, 0x12, 0x5d, 0x12, 0x5d, 
	0x1a, 0x5d, 0x1a, 0x5d, 0x1a, 0x5d, 0x1a, 0x5d, 
	0x1a, 0x5b, 0x1a, 0x5b, 0x1a, 0x5b, 0x1a, 0x5b, 
	0x1a, 0x1b, 0x1a, 0x5b, 0x1a, 0x5b, 0x1a, 0x5b, 
	0x1a, 0x5b, 0x1a, 0x5b, 0x1a, 0x5b, 0x1a, 0x5b, 
	0x1a, 0x5b, 0x1a, 0x5b, 0x1a, 0x5b, 0x1a, 0x5b, 
	0x12, 0x19, 0x12, 0x19, 0x1a, 0x1b, 0x12, 0x19, 
	0x12, 0x19, 0x12, 0x19, 0x12, 0x19, 0x12, 0x19, 
	0x12, 0x19, 0x12, 0x19, 0x12, 0x19, 0x12, 0x19, 
	0x12, 0x1b, 0x12, 0x1b, 0x12, 0x1b, 0x12, 0x1b, 
	0x12, 0x1b, 0x12, 0x1b, 0x12, 0x1b, 0x12, 0x1b, 
	0x12, 0x1b, 0x12, 0x1b, 0x12, 0x1b, 0x12, 0x1b, 
	0x1a, 0x1b, 0x1a, 0x5b, 0x1a, 0x1b, 0x1a, 0x5b, 
	0x1a, 0x1b, 0x1a, 0x5b, 0x1a, 0x5b, 0x1a, 0x5b, 
	0x1a, 0x5b, 0x1a, 0x1b, 0x1a, 0x5b, 0x1a, 0x5b, 
	0x1a, 0x5d, 0x1a, 0x5d, 0x1a, 0x5d, 0x1a, 0x5d, 
	0x1a, 0x5b, 0x1a, 0x5b, 0x1a, 0x5b, 0x1a, 0x1b, 
	0x1a, 0x1b, 0x12, 0x19, 0x12, 0x19, 0x1a, 0x1b, 
	0x12, 0x19, 0x12, 0x19, 0x12, 0x19, 0x12, 0x19, 
	0x12, 0x19, 0x11, 0xd9, 0x12, 0x19, 0x11, 0xd9, 
	0x11, 0xd7, 0x12, 0x19, 0x12, 0x19, 0x12, 0x19, 
	0x12, 0x19, 0x12, 0x19, 0x12, 0x19, 0x12, 0x19, 
	0x12, 0x19, 0x12, 0x19, 0x12, 0x19, 0x1a, 0x1b, 
	0x12, 0x19, 0x12, 0x19, 0x12, 0x19, 0x12, 0x19, 
	0x12, 0x19, 0x12, 0x19, 0x12, 0x19, 0x11, 0xd7, 
	0x11, 0xd7, 0x11, 0xd7, 0x11, 0xd7, 0x11, 0xd7, 
	0x11, 0xd5, 0x11, 0xd5, 0x11, 0xd5, 0x11, 0xd5, 
	0x11, 0xd7, 0x11, 0xd7, 0x11, 0xd7, 0x11, 0xd7, 
	0x11, 0xd5, 0x11, 0xd5, 0x11, 0xd5, 0x11, 0xd5, 
	0x11, 0xd5, 0x11, 0xd5, 0x11, 0xd5, 0x11, 0xd5, 
	0x11, 0xd5, 0x11, 0xd5, 0x11, 0xd5, 0x1a, 0x15, 
	0x11, 0xd5, 0x1a, 0x15, 0x1a, 0x15, 0x11, 0xd5, 
	0x11, 0xd5, 0x11, 0xd5, 0x11, 0xd5, 0x11, 0xd5, 
	0x11, 0xd5, 0x11, 0xd5, 0x11, 0xd5, 0x11, 0xd5, 
	0x11, 0xd7, 0x11, 0xd7, 0x11, 0xd7, 0x11, 0xd7, 
	0x11, 0xd5, 0x11, 0xd5, 0x09, 0xd5, 0x09, 0xd5, 
	0x09, 0xd5, 0x09, 0xd5, 0x09, 0x95, 0x09, 0x95, 
	0x09, 0xd7, 0x09, 0xd7, 0x09, 0xd7, 0x09, 0xd7, 
	0x09, 0xd7, 0x09, 0xd7, 0x09, 0xd7, 0x09, 0xd7, 
	0x09, 0xd7, 0x09, 0xd7, 0x01, 0x95, 0x01, 0x95, 
	0x01, 0x95, 0x01, 0xd7, 0x01, 0x95, 0x01, 0xd7, 
	0x01, 0x95, 0x01, 0x95, 0x01, 0x95, 0x01, 0x95, 
	0x09, 0x95, 0x09, 0x95, 0x09, 0xd7, 0x09, 0xd7, 
	0x09, 0xd7, 0x09, 0xd7, 0x09, 0xd7, 0x09, 0xd7, 
	0x01, 0xd5, 0x01, 0x95, 0x01, 0x95, 0x01, 0x95, 
	0x01, 0x95, 0x01, 0x95, 0x09, 0x97, 0x09, 0xd7, 
	0x09, 0xd7, 0x09, 0xd7, 0x09, 0xd7, 0x09, 0xd7, 
	0x09, 0xd7, 0x09, 0xd7, 0x09, 0x95, 0x09, 0xd7, 
	0x09, 0xd7, 0x09, 0xd7, 0x09, 0xd7, 0x09, 0xd7, 
	0x09, 0xd7, 0x09, 0xd7, 0x09, 0xd7, 0x09, 0xd7, 
	0x09, 0xd7, 0x09, 0xd7, 0x09, 0xd7, 0x09, 0xd7, 
	0x09, 0x95, 0x09, 0xd7, 0x11, 0xd7, 0x11, 0xd7, 
	0x12, 0x19, 0x12, 0x19, 0x12, 0x19, 0x12, 0x19, 
	0x11, 0xd7, 0x11, 0xd7, 0x11, 0xd7, 0x11, 0xd7, 
	0x11, 0xd9, 0x12, 0x19, 0x11, 0xd9, 0x11, 0xd9, 
	0x12, 0x19, 0x12, 0x19, 0x12, 0x19, 0x12, 0x19, 
	0x12, 0x19, 0x12, 0x19, 0x12, 0x19, 0x1a, 0x5b, 
	0x12, 0x1b, 0x12, 0x19, 0x12, 0x19, 0x12, 0x19, 
	0x12, 0x19, 0x12, 0x19, 0x12, 0x19, 0x12, 0x19, 
	0x12, 0x19, 0x12, 0x19, 0x11, 0xd9, 0x11, 0xd9, 
	0x12, 0x19, 0x11, 0xd9, 0x12, 0x19, 0x12, 0x19, 
	0x12, 0x19, 0x12, 0x19, 0x11, 0xd9, 0x12, 0x19, 
	0x12, 0x1b, 0x12, 0x1b, 0x12, 0x1b, 0x12, 0x1b, 
	0x12, 0x1b, 0x12, 0x1b, 0x12, 0x1b, 0x12, 0x1b, 
	0x12, 0x1d, 0x12, 0x1d, 0x12, 0x1d, 0x12, 0x1d, 
	0x1a, 0x1b, 0x1a, 0x5d, 0x1a, 0x5d, 0x1a, 0x5d, 
	0x1a, 0x1b, 0x1a, 0x1b, 0x1a, 0x1b, 0x1a, 0x1b, 
	0x1a, 0x1b, 0x1a, 0x1b, 0x1a, 0x1b, 0x1a, 0x1b, 
	0x1a, 0x1b, 0x1a, 0x1b, 0x1a, 0x5b, 0x1a, 0x5b, 
	0x1a, 0x5b, 0x1a, 0x5b, 0x1a, 0x5b, 0x1a, 0x5b, 
	0x1a, 0x1b, 0x1a, 0x5b, 0x1a, 0x5b, 0x1a, 0x1b, 
	0x1a, 0x1b, 0x1a, 0x1b, 0x12, 0x19, 0x12, 0x19, 
	0x12, 0x19, 0x12, 0x19, 0x12, 0x19, 0x12, 0x19, 
	0x12, 0x1b, 0x12, 0x1b, 0x12, 0x1b, 0x12, 0x1b, 
	0x12, 0x1b, 0x12, 0x1b, 0x12, 0x1b, 0x12, 0x1b, 
	0x12, 0x1b, 0x12, 0x1b, 0x12, 0x1b, 0x12, 0x1b, 
	0x1a, 0x1b, 0x1a, 0x1b, 0x1a, 0x1b, 0x1a, 0x5b, 
	0x1a, 0x5b, 0x1a, 0x1b, 0x1a, 0x1b, 0x1a, 0x1b, 
	0x1a, 0x1b, 0x1a, 0x1b, 0x1a, 0x1b, 0x1a, 0x1b, 
	0x1a, 0x1b, 0x1a, 0x1b, 0x1a, 0x1b, 0x1a, 0x5d, 
	0x1a, 0x5b, 0x1a, 0x5b, 0x1a, 0x5b, 0x1a, 0x5b, 
	0x1a, 0x5b, 0x1a, 0x1b, 0x1a, 0x5b, 0x1a, 0x5b, 
	0x1a, 0x1b, 0x1a, 0x1b, 0x1a, 0x1b, 0x12, 0x19, 
	0x12, 0x19, 0x12, 0x19, 0x12, 0x19, 0x12, 0x19, 
	0x12, 0x19, 0x12, 0x19, 0x12, 0x19, 0x12, 0x19, 
	0x12, 0x19, 0x12, 0x19, 0x12, 0x19, 0x12, 0x19, 
	0x1a, 0x1b, 0x12, 0x19, 0x1a, 0x1b, 0x1a, 0x1b, 
	0x1a, 0x1b, 0x1a, 0x1b, 0x1a, 0x1b, 0x12, 0x19, 
	0x12, 0x19, 0x12, 0x19, 0x12, 0x19, 0x11, 0xd7, 
	0x11, 0xd7, 0x11, 0xd7, 0x09, 0xd7, 0x09, 0xd7, 
	0x09, 0xd7, 0x09, 0xd7, 0x09, 0x97, 0x09, 0xd7, 
	0x09, 0x95, 0x09, 0x95, 0x09, 0x95, 0x09, 0x95, 
	0x09, 0x95, 0x09, 0x95, 0x09, 0x95, 0x09, 0x95, 
	0x09, 0x93, 0x09, 0x93, 0x01, 0x53, 0x01, 0x53, 
	0x01, 0x53, 0x01, 0x53, 0x01, 0x53, 0x01, 0x53, 
	0x01, 0x55, 0x01, 0x55, 0x01, 0x55, 0x01, 0x55, 
	0x01, 0x95, 0x01, 0x95, 0x01, 0x95, 0x01, 0x95, 
	0x01, 0x97, 0x01, 0x97, 0x01, 0x97, 0x09, 0x97, 
	0x09, 0x97, 0x09, 0x97, 0x01, 0x97, 0x09, 0x97, 
	0x09, 0x97, 0x01, 0x97, 0x01, 0x97, 0x01, 0x97, 
	0x01, 0x95, 0x01, 0x95, 0x01, 0x95, 0x01, 0x95, 
	0x01, 0x97, 0x01, 0x97, 0x01, 0x97, 0x01, 0x97, 
	0x01, 0x97, 0x01, 0x97, 0x01, 0x97, 0x01, 0x97, 
	0x01, 0x95, 0x01, 0x95, 0x01, 0x95, 0x01, 0x95, 
	0x01, 0x95, 0x01, 0x95, 0x01, 0x95, 0x01, 0x95, 
	0x01, 0x95, 0x01, 0x95, 0x01, 0x55, 0x01, 0x55, 
	0x01, 0x53, 0x01, 0x95, 0x01, 0x95, 0x01, 0x95, 
	0x01, 0x95, 0x09, 0x95, 0x09, 0x95, 0x09, 0x95, 
	0x01, 0x95, 0x01, 0x95, 0x01, 0x95, 0x01, 0x95, 
	0x01, 0x95, 0x01, 0x95, 0x01, 0x95, 0x01, 0x95, 
	0x01, 0x95, 0x01, 0x95, 0x01, 0x95, 0x09, 0x95, 
	0x09, 0x95, 0x01, 0x95, 0x09, 0x95, 0x09, 0x95, 
	0x09, 0x95, 0x09, 0x95, 0x09, 0xd7, 0x09, 0xd7, 
	0x09, 0xd7, 0x09, 0xd7, 0x09, 0xd7, 0x09, 0xd7, 
	0x09, 0xd7, 0x09, 0xd7, 0x09, 0xd7, 0x09, 0xd7, 
	0x09, 0xd7, 0x11, 0xd7, 0x09, 0xd7, 0x11, 0xd7, 
	0x11, 0xd9, 0x12, 0x19, 0x11, 0xd9, 0x11, 0xd9, 
	0x11, 0xd7, 0x09, 0x97, 0x11, 0xd7, 0x11, 0xd7, 
	0x11, 0xd9, 0x11, 0xd9, 0x11, 0xd9, 0x11, 0xd9, 
	0x09, 0xd7, 0x09, 0xd7, 0x09, 0xd7, 0x09, 0xd7, 
	0x11, 0xd9, 0x11, 0xd9, 0x12, 0x19, 0x11, 0xd9, 
	0x09, 0xd9, 0x09, 0xd9, 0x12, 0x19, 0x12, 0x19, 
	0x11, 0xd9, 0x11, 0xd9, 0x11, 0xd9, 0x11, 0xd9, 
	0x12, 0x19, 0x12, 0x19, 0x12, 0x19, 0x11, 0xd9, 
	0x12, 0x19, 0x12, 0x19, 0x11, 0xd9, 0x11, 0xd9, 
	0x11, 0xd9, 0x11, 0xd9, 0x12, 0x19, 0x11, 0xd9, 
	0x11, 0xd9, 0x12, 0x1b, 0x12, 0x1b, 0x12, 0x1b, 
	0x12, 0x1b, 0x12, 0x1b, 0x12, 0x1b, 0x12, 0x1b, 
	0x12, 0x1b, 0x12, 0x1b, 0x12, 0x1b, 0x12, 0x1b, 
	0x12, 0x1b, 0x12, 0x1b, 0x1a, 0x1b, 0x1a, 0x1b, 
	0x1a, 0x1b, 0x12, 0x1b, 0x1a, 0x1b, 0x1a, 0x1b, 
	0x1a, 0x1b, 0x1a, 0x1b, 0x1a, 0x1b, 0x1a, 0x1b, 
	0x1a, 0x1b, 0x1a, 0x1b, 0x1a, 0x1b, 0x1a, 0x1b, 
	0x1a, 0x5b, 0x1a, 0x5b, 0x12, 0x1b, 0x1a, 0x5b, 
	0x1a, 0x1b, 0x1a, 0x1b, 0x1a, 0x5b, 0x1a, 0x1b, 
	0x1a, 0x1b, 0x12, 0x19, 0x11, 0xd9, 0x11, 0xd9, 
	0x11, 0xd9, 0x11, 0xd9, 0x12, 0x19, 0x12, 0x19, 
	0x12, 0x1b, 0x11, 0xd9, 0x12, 0x1b, 0x12, 0x1b, 
	0x12, 0x1b, 0x12, 0x1b, 0x12, 0x1b, 0x12, 0x1b, 
	0x12, 0x1b, 0x12, 0x1b, 0x12, 0x1b, 0x12, 0x1b, 
	0x12, 0x19, 0x1a, 0x1b, 0x1a, 0x1b, 0x1a, 0x1b, 
	0x1a, 0x1b, 0x1a, 0x1b, 0x12, 0x1b, 0x1a, 0x1b, 
	0x1a, 0x1b, 0x1a, 0x1b, 0x1a, 0x1b, 0x1a, 0x1b, 
	0x1a, 0x1b, 0x1a, 0x1b, 0x1a, 0x1b, 0x1a, 0x1b, 
	0x1a, 0x1b, 0x1a, 0x1b, 0x1a, 0x1b, 0x1a, 0x1b, 
	0x1a, 0x1b, 0x1a, 0x1b, 0x1a, 0x1b, 0x1a, 0x5b, 
	0x1a, 0x5b, 0x1a, 0x1b, 0x12, 0x19, 0x12, 0x19, 
	0x12, 0x19, 0x11, 0xd9, 0x11, 0xd9, 0x12, 0x19, 
	0x12, 0x19, 0x12, 0x19, 0x11, 0xd7, 0x11, 0xd7, 
	0x11, 0xd9, 0x12, 0x19, 0x12, 0x19, 0x12, 0x19, 
	0x12, 0x19, 0x12, 0x19, 0x1a, 0x1b, 0x1a, 0x1b, 
	0x1a, 0x1b, 0x1a, 0x1b, 0x12, 0x19, 0x11, 0xd9, 
	0x11, 0xd7, 0x11, 0xd7, 0x11, 0xd7, 0x11, 0xd7, 
	0x09, 0xd7, 0x09, 0x97, 0x09, 0x97, 0x09, 0x97, 
	0x09, 0x97, 0x09, 0x97, 0x09, 0x97, 0x09, 0x97, 
	0x09, 0x95, 0x09, 0x95, 0x09, 0x95, 0x09, 0x95, 
	0x09, 0x95, 0x09, 0x95, 0x09, 0x95, 0x01, 0x55, 
	0x01, 0x53, 0x01, 0x53, 0x01, 0x53, 0x01, 0x53, 
	0x01, 0x53, 0x01, 0x53, 0x01, 0x53, 0x01, 0x53, 
	0x01, 0x55, 0x01, 0x55, 0x01, 0x55, 0x01, 0x55, 
	0x01, 0x95, 0x01, 0x95, 0x09, 0x95, 0x09, 0x95, 
	0x09, 0x97, 0x09, 0x97, 0x09, 0x97, 0x09, 0x97, 
	0x09, 0x97, 0x09, 0x97, 0x09, 0xd7, 0x09, 0x97, 
	0x09, 0x97, 0x09, 0x97, 0x09, 0x97, 0x09, 0x97, 
	0x01, 0x95, 0x01, 0x95, 0x01, 0x95, 0x01, 0x95, 
	0x01, 0x97, 0x09, 0x97, 0x01, 0x97, 0x01, 0x97, 
	0x01, 0x97, 0x01, 0x97, 0x01, 0x97, 0x01, 0x97, 
	0x01, 0x95, 0x01, 0x95, 0x01, 0x95, 0x01, 0x95, 
	0x01, 0x95, 0x01, 0x95, 0x01, 0x95, 0x01, 0x95, 
	0x01, 0x95, 0x01, 0x95, 0x01, 0x95, 0x01, 0x95, 
	0x01, 0x95, 0x01, 0x95, 0x01, 0x95, 0x01, 0x95, 
	0x01, 0x95, 0x01, 0x95, 0x01, 0x95, 0x01, 0x95, 
	0x01, 0x95, 0x01, 0x95, 0x01, 0x95, 0x01, 0x95, 
	0x01, 0x95, 0x01, 0x95, 0x01, 0x95, 0x01, 0x95, 
	0x01, 0x95, 0x01, 0x95, 0x01, 0x95, 0x01, 0x95, 
	0x01, 0x95, 0x01, 0x95, 0x01, 0x95, 0x01, 0x95, 
	0x01, 0x95, 0x01, 0x95, 0x09, 0x95, 0x09, 0x95, 
	0x09, 0x95, 0x09, 0x95, 0x09, 0x95, 0x09, 0xd7, 
	0x09, 0x95, 0x09, 0x95, 0x09, 0x95, 0x09, 0xd7, 
	0x09, 0xd7, 0x09, 0xd7, 0x09, 0xd7, 0x09, 0xd7, 
	0x09, 0xd7, 0x11, 0xd9, 0x09, 0xd7, 0x11, 0xd9, 
	0x09, 0x97, 0x09, 0x95, 0x09, 0x95, 0x09, 0x97, 
	0x11, 0xd9, 0x11, 0xd9, 0x11, 0xd9, 0x11, 0xd9, 
	0x09, 0xd7, 0x09, 0xd7, 0x09, 0xd7, 0x09, 0xd7, 
	0x09, 0x97, 0x09, 0x97, 0x11, 0xd9, 0x09, 0x97, 
	0x09, 0xd7, 0x09, 0xd7, 0x09, 0xd7, 0x09, 0xd7, 
	0x11, 0xd9, 0x11, 0xd9, 0x11, 0xd9, 0x11, 0xd9, 
	0x11, 0xd9, 0x11, 0xd9, 0x11, 0xd9, 0x11, 0xd9, 
	0x11, 0xd9, 0x11, 0xd9, 0x11, 0xd9, 0x11, 0xd9, 
	0x11, 0xd9, 0x11, 0xd9, 0x11, 0xd9, 0x11, 0xd9, 
	0x11, 0xd9, 0x11, 0xd9, 0x11, 0xd9, 0x11, 0xd9, 
	0x11, 0xd9, 0x11, 0xd9, 0x11, 0xd9, 0x11, 0xd9, 
	0x11, 0xdb, 0x11, 0xdb, 0x11, 0xdb, 0x11, 0xdb, 
	0x11, 0xd9, 0x11, 0xd9, 0x11, 0xd9, 0x11, 0xd9, 
	0x12, 0x1b, 0x12, 0x1b, 0x11, 0xdb, 0x11, 0xdb, 
	0x11, 0xdb, 0x11, 0xdb, 0x12, 0x1b, 0x12, 0x1b, 
	0x12, 0x19, 0x11, 0xd9, 0x11, 0xd9, 0x11, 0xd9, 
	0x12, 0x1b, 0x12, 0x1b, 0x12, 0x1b, 0x12, 0x1b, 
	0x12, 0x19, 0x11, 0xd9, 0x11, 0xd9, 0x11, 0xd9, 
	0x11, 0xd9, 0x11, 0xd9, 0x11, 0xd9, 0x11, 0xd9, 
	0x11, 0xd9, 0x11, 0xd9, 0x11, 0xd9, 0x11, 0xd9, 
	0x11, 0xd9, 0x11, 0xd9, 0x11, 0xd9, 0x11, 0xd9, 
	0x11, 0xd9, 0x11, 0xd9, 0x11, 0xd9, 0x11, 0xd9, 
	0x11, 0xd9, 0x11, 0xd9, 0x11, 0xd9, 0x11, 0xd9, 
	0x11, 0xd9, 0x11, 0xd9, 0x11, 0xd9, 0x11, 0xd9, 
	0x11, 0xdb, 0x12, 0x1b, 0x12, 0x1b, 0x11, 0xdb, 
	0x11, 0xdb, 0x11, 0xdb, 0x11, 0xdb, 0x12, 0x1b, 
	0x12, 0x1b, 0x12, 0x1b, 0x11, 0xd9, 0x11, 0xd9, 
	0x11, 0xd9, 0x12, 0x19, 0x12, 0x19, 0x12, 0x19, 
	0x12, 0x19, 0x12, 0x19, 0x12, 0x19, 0x11, 0xd9, 
	0x11, 0xd9, 0x12, 0x19, 0x11, 0xd9, 0x11, 0xd9, 
	0x12, 0x19, 0x11, 0xd9, 0x11, 0xd9, 0x11, 0xd9, 
	0x11, 0xd7, 0x11, 0xd7, 0x11, 0xd7, 0x11, 0xd7, 
	0x11, 0xd9, 0x11, 0xd9, 0x11, 0xd9, 0x11, 0xd9, 
	0x11, 0xd9, 0x11, 0xd9, 0x11, 0xd9, 0x11, 0xd9, 
	0x11, 0xd9, 0x11, 0xd9, 0x11, 0xd9, 0x11, 0xd9, 
	0x11, 0xd7, 0x11, 0xd7, 0x11, 0xd7, 0x11, 0xd7, 
	0x09, 0xd7, 0x09, 0xd7, 0x09, 0x97, 0x09, 0x97, 
	0x09, 0x97, 0x09, 0x97, 0x09, 0x97, 0x09, 0x97, 
	0x09, 0x95, 0x09, 0x95, 0x09, 0x95, 0x09, 0x95, 
	0x09, 0x95, 0x01, 0x55, 0x01, 0x55, 0x01, 0x55, 
	0x01, 0x53, 0x01, 0x53, 0x01, 0x53, 0x01, 0x53, 
	0x01, 0x53, 0x01, 0x53, 0x01, 0x53, 0x01, 0x53, 
	0x01, 0x55, 0x01, 0x55, 0x01, 0x55, 0x01, 0x55, 
	0x01, 0x95, 0x01, 0x95, 0x01, 0x95, 0x01, 0x95, 
	0x01, 0x97, 0x01, 0x97, 0x01, 0x97, 0x01, 0x97, 
	0x01, 0x97, 0x01, 0x97, 0x01, 0x97, 0x01, 0x97, 
	0x01, 0x97, 0x01, 0x97, 0x01, 0x97, 0x01, 0x97, 
	0x01, 0x95, 0x01, 0x95, 0x01, 0x95, 0x01, 0x95, 
	0x01, 0x97, 0x01, 0x97, 0x01, 0x97, 0x01, 0x97, 
	0x01, 0x97, 0x01, 0x97, 0x01, 0x97, 0x01, 0x97, 
	0x01, 0x95, 0x01, 0x95, 0x01, 0x95, 0x01, 0x95, 
	0x01, 0x95, 0x01, 0x95, 0x01, 0x95, 0x01, 0x95, 
	0x01, 0x55, 0x01, 0x55, 0x01, 0x95, 0x01, 0x95, 
	0x01, 0x95, 0x01, 0x95, 0x01, 0x95, 0x01, 0x95, 
	0x01, 0x95, 0x01, 0x95, 0x01, 0x53, 0x01, 0x53, 
	0x01, 0x55, 0x01, 0x55, 0x01, 0x55, 0x01, 0x55, 
	0x01, 0x95, 0x01, 0x95, 0x01, 0x95, 0x01, 0x95, 
	0x01, 0x95, 0x01, 0x95, 0x01, 0x95, 0x01, 0x53, 
	0x01, 0x53, 0x01, 0x53, 0x01, 0x53, 0x01, 0x53, 
	0x01, 0x53, 0x01, 0x95, 0x01, 0x95, 0x01, 0x95, 
	0x09, 0x95, 0x09, 0x95, 0x09, 0x95, 0x09, 0x95, 
	0x09, 0x95, 0x09, 0x95, 0x09, 0x95, 0x09, 0x95, 
	0x01, 0x95, 0x09, 0x95, 0x09, 0x95, 0x09, 0x95, 
	0x09, 0xd7, 0x09, 0x97, 0x09, 0x97, 0x09, 0x97, 
	0x09, 0x99, 0x09, 0x99, 0x09, 0x99, 0x09, 0x99, 
	0x09, 0x97, 0x09, 0x99, 0x09, 0x99, 0x09, 0x99, 
	0x09, 0x99, 0x09, 0x99, 0x09, 0x97, 0x09, 0x99, 
	0x09, 0x97, 0x09, 0x97, 0x09, 0x97, 0x09, 0x97, 
	0x09, 0x99, 0x09, 0x99, 0x09, 0x99, 0x09, 0x99, 
	0x09, 0x99, 0x09, 0x99, 0x09, 0x99, 0x09, 0x99, 
	0x09, 0x99, 0x09, 0x99, 0x09, 0x99, 0x09, 0x99, 
	0x09, 0x99, 0x09, 0x99, 0x09, 0x99, 0x09, 0x99, 
	0x09, 0x99, 0x09, 0x99, 0x09, 0x99, 0x09, 0x99, 
	0x09, 0x99, 0x09, 0x99, 0x09, 0x99, 0x09, 0x99, 
	0x09, 0x99, 0x09, 0x99, 0x09, 0x99, 0x09, 0x99, 
	0x09, 0x99, 0x09, 0x99, 0x09, 0x99, 0x09, 0x99, 
	0x11, 0xdb, 0x11, 0xdb, 0x11, 0xdb, 0x09, 0x99, 
	0x09, 0x99, 0x09, 0x99, 0x09, 0x99, 0x09, 0x99, 
	0x09, 0x99, 0x09, 0x99, 0x11, 0xdb, 0x11, 0xdb, 
	0x11, 0x99, 0x11, 0x99, 0x11, 0x99, 0x11, 0x99, 
	0x11, 0xdb, 0x11, 0xdb, 0x11, 0xdb, 0x11, 0xdb, 
	0x11, 0xdb, 0x09, 0x99, 0x09, 0x99, 0x09, 0x99, 
	0x09, 0x99, 0x09, 0x99, 0x09, 0x99, 0x09, 0x99, 
	0x09, 0x99, 0x09, 0x99, 0x09, 0x99, 0x09, 0x99, 
	0x09, 0x9b, 0x09, 0x9b, 0x09, 0x9b, 0x09, 0x9b, 
	0x09, 0x99, 0x09, 0x99, 0x09, 0x99, 0x09, 0x99, 
	0x09, 0x99, 0x09, 0x99, 0x09, 0x99, 0x09, 0x99, 
	0x09, 0x99, 0x09, 0x99, 0x11, 0xdb, 0x11, 0xdb, 
	0x09, 0x99, 0x09, 0x99, 0x09, 0x99, 0x09, 0x99, 
	0x09, 0x99, 0x09, 0x99, 0x09, 0x99, 0x11, 0xdb, 
	0x11, 0x99, 0x11, 0x99, 0x11, 0x99, 0x11, 0x99, 
	0x09, 0x99, 0x11, 0xdb, 0x11, 0xdb, 0x11, 0xdb, 
	0x11, 0xdb, 0x11, 0xdb, 0x11, 0xdb, 0x09, 0x99, 
	0x09, 0x99, 0x09, 0x99, 0x09, 0x99, 0x09, 0x99, 
	0x11, 0xdb, 0x09, 0x99, 0x09, 0x99, 0x09, 0x99, 
	0x09, 0x99, 0x09, 0x99, 0x09, 0x99, 0x09, 0x99, 
	0x09, 0x99, 0x09, 0x99, 0x09, 0x99, 0x09, 0x99, 
	0x11, 0xdb, 0x11, 0xdb, 0x09, 0x99, 0x09, 0x99, 
	0x09, 0x99, 0x09, 0x99, 0x09, 0x99, 0x09, 0x99, 
	0x09, 0x99, 0x09, 0x99, 0x09, 0x99, 0x09, 0x99, 
	0x09, 0x99, 0x09, 0x99, 0x09, 0x99, 0x09, 0x99, 
	0x09, 0x97, 0x09, 0x97, 0x09, 0x97, 0x09, 0x97, 
	0x09, 0x97, 0x09, 0x97, 0x09, 0x97, 0x09, 0x55, 
	0x01, 0x57, 0x01, 0x55, 0x01, 0x55, 0x01, 0x55, 
	0x01, 0x55, 0x01, 0x55, 0x01, 0x55, 0x01, 0x55, 
	0x01, 0x55, 0x01, 0x55, 0x01, 0x55, 0x01, 0x55, 
	0x01, 0x55, 0x01, 0x55, 0x01, 0x55, 0x01, 0x55, 
	0x01, 0x55, 0x01, 0x57, 0x01, 0x57, 0x01, 0x57, 
	0x01, 0x57, 0x01, 0x57, 0x01, 0x59, 0x01, 0x57, 
	0x01, 0x55, 0x01, 0x55, 0x01, 0x55, 0x01, 0x59, 
	0x01, 0x57, 0x01, 0x55, 0x01, 0x55, 0x01, 0x55, 
	0x01, 0x55, 0x01, 0x55, 0x01, 0x55, 0x01, 0x55, 
	0x01, 0x55, 0x01, 0x55, 0x01, 0x55, 0x01, 0x55, 
	0x01, 0x55, 0x01, 0x55, 0x01, 0x55, 0x01, 0x55, 
	0x01, 0x57, 0x01, 0x55, 0x01, 0x55, 0x01, 0x55, 
	0x01, 0x55, 0x01, 0x57, 0x01, 0x55, 0x01, 0x57, 
	0x01, 0x55, 0x01, 0x57, 0x01, 0x57, 0x01, 0x57, 
	0x09, 0x57, 0x09, 0x57, 0x09, 0x57, 0x09, 0x57, 
	0x01, 0x57, 0x01, 0x57, 0x01, 0x57, 0x01, 0x57, 
	0x09, 0x57, 0x09, 0x57, 0x09, 0x57, 0x09, 0x57, 
	0x01, 0x57, 0x01, 0x57, 0x01, 0x57, 0x01, 0x57, 
	0x09, 0x57, 0x09, 0x57, 0x09, 0x57, 0x09, 0x57, 
	0x09, 0x57, 0x09, 0x57, 0x09, 0x99, 0x09, 0x99, 
	0x09, 0x97, 0x09, 0x97, 0x09, 0x97, 0x09, 0x97, 
	0x09, 0x97, 0x09, 0x97, 0x09, 0x97, 0x09, 0x97, 
	0x09, 0x97, 0x09, 0x97, 0x09, 0x97, 0x09, 0x97, 
	0x09, 0x97, 0x09, 0x97, 0x09, 0x97, 0x09, 0x97, 
	0x09, 0x97, 0x09, 0x97, 0x09, 0x97, 0x09, 0x97, 
	0x09, 0x57, 0x09, 0x57, 0x09, 0x57, 0x09, 0x57, 
	0x09, 0x97, 0x09, 0x97, 0x01, 0x55, 0x09, 0x97, 
	0x09, 0x97, 0x09, 0x97, 0x09, 0x97, 0x09, 0x97, 
	0x09, 0x55, 0x09, 0x55, 0x09, 0x55, 0x01, 0x55, 
	0x09, 0x57, 0x09, 0x57, 0x09, 0x57, 0x09, 0x57, 
	0x01, 0x55, 0x01, 0x55, 0x01, 0x55, 0x01, 0x55, 
	0x01, 0x55, 0x01, 0x55, 0x01, 0x55, 0x01, 0x55, 
	0x01, 0x55, 0x01, 0x55, 0x01, 0x55, 0x01, 0x55, 
	0x01, 0x55, 0x01, 0x55, 0x01, 0x55, 0x01, 0x55, 
	0x09, 0x57, 0x09, 0x57, 0x09, 0x57, 0x09, 0x57, 
	0x01, 0x55, 0x01, 0x55, 0x01, 0x55, 0x01, 0x55, 
	0x01, 0x55, 0x01, 0x55, 0x01, 0x55, 0x01, 0x55, 
	0x09, 0x55, 0x09, 0x55, 0x09, 0x99, 0x09, 0x99, 
	0x09, 0x97, 0x09, 0x97, 0x09, 0x97, 0x09, 0x97, 
	0x09, 0x99, 0x09, 0x99, 0x09, 0x99, 0x09, 0x99, 
	0x09, 0x97, 0x09, 0x97, 0x09, 0x97, 0x09, 0x97, 
	0x09, 0x99, 0x09, 0x99, 0x09, 0x99, 0x09, 0x99, 
	0x09, 0x99, 0x09, 0x99, 0x09, 0x99, 0x09, 0x99, 
	0x09, 0x97, 0x09, 0x97, 0x09, 0x97, 0x09, 0x97, 
	0x09, 0x57, 0x09, 0x57, 0x09, 0x57, 0x09, 0x57, 
	0x01, 0x57, 0x01, 0x57, 0x01, 0x57, 0x01, 0x57, 
	0x09, 0x97, 0x09, 0x97, 0x09, 0x97, 0x09, 0x97, 
	0x09, 0x97, 0x09, 0x97, 0x09, 0x97, 0x09, 0x97, 
	0x09, 0x99, 0x09, 0x99, 0x09, 0x99, 0x09, 0x99, 
	0x09, 0x97, 0x09, 0x97, 0x09, 0x97, 0x09, 0x97, 
	0x09, 0x99, 0x09, 0x99, 0x09, 0x99, 0x09, 0x99, 
	0x09, 0x97, 0x09, 0x97, 0x09, 0x97, 0x09, 0x97, 
	0x09, 0x99, 0x09, 0x99, 0x09, 0x99, 0x09, 0x99, 
	0x09, 0x99, 0x09, 0x99, 0x09, 0x99, 0x09, 0x99, 
	0x09, 0x97, 0x09, 0x97, 0x09, 0x97, 0x09, 0x97, 
	0x09, 0x55, 0x09, 0x99, 0x09, 0x55, 0x09, 0x55, 
	0x01, 0x55, 0x09, 0x99, 0x01, 0x55, 0x01, 0x55, 
	0x09, 0x97, 0x09, 0x97, 0x09, 0x97, 0x09, 0x97, 
	0x09, 0x99, 0x09, 0x99, 0x09, 0x99, 0x09, 0x99, 
	0x09, 0x97, 0x09, 0x97, 0x09, 0x97, 0x09, 0x97, 
	0x09, 0x97, 0x09, 0x97, 0x09, 0x97, 0x09, 0x97, 
	0x01, 0x55, 0x01, 0x55, 0x01, 0x55, 0x01, 0x55, 
	0x09, 0x55, 0x09, 0x55, 0x01, 0x55, 0x01, 0x55, 
	0x01, 0x55, 0x01, 0x55, 0x01, 0x55, 0x01, 0x55, 
	0x01, 0x13, 0x01, 0x55, 0x01, 0x13, 0x01, 0x55, 
	0x01, 0x55, 0x01, 0x13, 0x01, 0x13, 0x01, 0x13, 
	0x01, 0x13, 0x01, 0x13, 0x01, 0x13, 0x01, 0x13, 
	0x01, 0x13, 0x01, 0x13, 0x01, 0x13, 0x01, 0x13, 
	0x01, 0x15, 0x01, 0x55, 0x01, 0x55, 0x01, 0x55, 
	0x01, 0x57, 0x01, 0x57, 0x01, 0x57, 0x01, 0x13, 
	0x01, 0x55, 0x01, 0x55, 0x01, 0x13, 0x01, 0x55, 
	0x01, 0x15, 0x01, 0x15, 0x01, 0x15, 0x01, 0x55, 
	0x01, 0x55, 0x01, 0x15, 0x01, 0x55, 0x01, 0x15, 
	0x01, 0x13, 0x01, 0x55, 0x01, 0x55, 0x01, 0x55, 
	0x01, 0x55, 0x01, 0x55, 0x01, 0x13, 0x01, 0x13, 
	0x01, 0x55, 0x01, 0x55, 0x01, 0x15, 0x01, 0x55, 
	0x01, 0x55, 0x01, 0x55, 0x01, 0x55, 0x01, 0x55, 
	0x01, 0x55, 0x01, 0x55, 0x01, 0x55, 0x01, 0x55, 
	0x01, 0x55, 0x01, 0x55, 0x01, 0x55, 0x01, 0x55, 
	0x01, 0x55, 0x01, 0x55, 0x01, 0x55, 0x01, 0x55, 
	0x01, 0x55, 0x01, 0x55, 0x01, 0x55, 0x01, 0x55, 
	0x01, 0x55, 0x01, 0x55, 0x01, 0x55, 0x01, 0x55, 
	0x01, 0x55, 0x01, 0x55, 0x01, 0x55, 0x01, 0x55, 
	0x01, 0x55, 0x01, 0x55, 0x01, 0x55, 0x01, 0x55, 
	0x01, 0x55, 0x01, 0x55, 0x01, 0x55, 0x09, 0x55, 
	0x01, 0x55, 0x01, 0x55, 0x01, 0x55, 0x01, 0x55, 
	0x01, 0x55, 0x01, 0x55, 0x09, 0x55, 0x01, 0x55, 
	0x09, 0x55, 0x09, 0x55, 0x09, 0x55, 0x01, 0x55, 
	0x09, 0x55, 0x09, 0x55, 0x09, 0x55, 0x09, 0x55, 
	0x01, 0x13, 0x01, 0x13, 0x01, 0x13, 0x01, 0x13, 
	0x01, 0x13, 0x01, 0x13, 0x01, 0x13, 0x01, 0x13, 
	0x01, 0x13, 0x01, 0x13, 0x01, 0x13, 0x01, 0x13, 
	0x01, 0x13, 0x01, 0x13, 0x01, 0x13, 0x01, 0x13, 
	0x01, 0x13, 0x01, 0x13, 0x01, 0x13, 0x01, 0x13, 
	0x01, 0x13, 0x01, 0x13, 0x01, 0x13, 0x01, 0x13, 
	0x01, 0x13, 0x01, 0x13, 0x01, 0x13, 0x01, 0x13, 
	0x01, 0x13, 0x01, 0x13, 0x01, 0x13, 0x01, 0x13, 
	0x01, 0x13, 0x01, 0x13, 0x01, 0x13, 0x01, 0x13, 
	0x01, 0x13, 0x01, 0x13, 0x01, 0x13, 0x01, 0x13, 
	0x01, 0x13, 0x01, 0x13, 0x01, 0x13, 0x01, 0x13, 
	0x01, 0x13, 0x01, 0x13, 0x01, 0x13, 0x01, 0x13, 
	0x01, 0x13, 0x01, 0x13, 0x01, 0x13, 0x01, 0x13, 
	0x01, 0x13, 0x01, 0x13, 0x01, 0x13, 0x01, 0x13, 
	0x01, 0x13, 0x01, 0x13, 0x01, 0x13, 0x01, 0x13, 
	0x01, 0x13, 0x01, 0x13, 0x01, 0x13, 0x01, 0x13, 
	0x01, 0x13, 0x01, 0x13, 0x01, 0x13, 0x01, 0x13, 
	0x01, 0x13, 0x01, 0x13, 0x01, 0x13, 0x01, 0x13, 
	0x01, 0x13, 0x01, 0x13, 0x01, 0x13, 0x01, 0x13, 
	0x01, 0x13, 0x01, 0x13, 0x01, 0x13, 0x01, 0x13, 
	0x01, 0x13, 0x01, 0x13, 0x01, 0x13, 0x01, 0x13, 
	0x01, 0x13, 0x01, 0x13, 0x01, 0x13, 0x01, 0x13, 
	0x01, 0x13, 0x01, 0x13, 0x01, 0x13, 0x01, 0x13, 
	0x01, 0x13, 0x01, 0x13, 0x01, 0x13, 0x01, 0x13, 
	0x01, 0x13, 0x01, 0x13, 0x01, 0x13, 0x01, 0x13, 
	0x01, 0x13, 0x01, 0x13, 0x01, 0x13, 0x01, 0x13, 
	0x01, 0x13, 0x01, 0x13, 0x01, 0x13, 0x01, 0x13, 
	0x01, 0x13, 0x01, 0x13, 0x01, 0x13, 0x01, 0x13, 
	0x01, 0x13, 0x01, 0x13, 0x01, 0x13, 0x01, 0x13, 
	0x01, 0x13, 0x01, 0x13, 0x01, 0x13, 0x01, 0x13, 
	0x01, 0x13, 0x01, 0x13, 0x01, 0x13, 0x01, 0x13, 
	0x01, 0x13, 0x01, 0x13, 0x01, 0x13, 0x01, 0x13, 
	0x01, 0x13, 0x01, 0x13, 0x01, 0x13, 0x01, 0x13, 
	0x01, 0x13, 0x01, 0x13, 0x01, 0x13, 0x01, 0x13, 
	0x01, 0x13, 0x01, 0x13, 0x01, 0x13, 0x01, 0x13, 
	0x01, 0x13, 0x01, 0x13, 0x01, 0x13, 0x01, 0x13, 
	0x01, 0x13, 0x01, 0x13, 0x01, 0x13, 0x01, 0x13, 
	0x01, 0x13, 0x01, 0x13, 0x01, 0x13, 0x01, 0x13, 
	0x01, 0x13, 0x01, 0x13, 0x01, 0x13, 0x01, 0x13, 
	0x01, 0x13, 0x01, 0x13, 0x01, 0x13, 0x01, 0x13, 
	0x01, 0x13, 0x01, 0x13, 0x01, 0x13, 0x01, 0x13, 
	0x01, 0x13, 0x01, 0x13, 0x01, 0x13, 0x01, 0x13, 
	0x01, 0x13, 0x01, 0x13, 0x01, 0x13, 0x01, 0x13, 
	0x01, 0x15, 0x01, 0x15, 0x01, 0x15, 0x01, 0x15, 
	0x01, 0x13, 0x01, 0x13, 0x01, 0x13, 0x01, 0x13, 
	0x01, 0x13, 0x01, 0x13, 0x01, 0x13, 0x01, 0x13, 
	0x01, 0x15, 0x01, 0x15, 0x01, 0x15, 0x01, 0x15, 
	0x01, 0x15, 0x01, 0x15, 0x01, 0x15, 0x01, 0x15, 
	0x01, 0x13, 0x01, 0x13, 0x01, 0x13, 0x01, 0x13, 
	0x01, 0x13, 0x01, 0x13, 0x01, 0x13, 0x01, 0x13, 
	0x01, 0x15, 0x01, 0x15, 0x01, 0x15, 0x01, 0x15, 
	0x01, 0x13, 0x01, 0x13, 0x01, 0x13, 0x01, 0x13, 
	0x01, 0x13, 0x01, 0x13, 0x01, 0x13, 0x01, 0x13, 
	0x01, 0x13, 0x01, 0x13, 0x01, 0x13, 0x01, 0x13, 
	0x01, 0x13, 0x01, 0x13, 0x01, 0x13, 0x01, 0x13, 
	0x01, 0x13, 0x01, 0x13, 0x01, 0x13, 0x01, 0x13, 
	0x01, 0x13, 0x01, 0x13, 0x01, 0x13, 0x01, 0x13, 
	0x01, 0x13, 0x01, 0x13, 0x01, 0x13, 0x01, 0x13, 
	0x01, 0x13, 0x01, 0x13, 0x01, 0x13, 0x01, 0x13, 
	0x01, 0x13, 0x01, 0x13, 0x01, 0x13, 0x01, 0x13, 
	0x01, 0x13, 0x01, 0x13, 0x01, 0x13, 0x01, 0x13, 
	0x01, 0x13, 0x01, 0x13, 0x01, 0x13, 0x01, 0x13, 
	0x01, 0x13, 0x01, 0x13, 0x01, 0x13, 0x01, 0x13, 
	0x01, 0x13, 0x01, 0x13, 0x01, 0x13, 0x01, 0x13, 
	0x01, 0x13, 0x01, 0x13, 0x01, 0x13, 0x01, 0x13, 
	0x01, 0x13, 0x01, 0x13, 0x01, 0x13, 0x01, 0x13, 
	0x01, 0x13, 0x01, 0x13, 0x01, 0x13, 0x01, 0x13, 
	0x01, 0x13, 0x01, 0x13, 0x01, 0x13, 0x01, 0x13, 
	0x01, 0x13, 0x01, 0x13, 0x01, 0x13, 0x01, 0x13, 
	0x01, 0x13, 0x01, 0x13, 0x01, 0x13, 0x01, 0x13, 
	0x01, 0x13, 0x01, 0x13, 0x01, 0x13, 0x01, 0x13, 
	0x01, 0x13, 0x01, 0x13, 0x01, 0x13, 0x01, 0x13, 
	0x01, 0x13, 0x01, 0x13, 0x01, 0x13, 0x01, 0x13, 
	0x01, 0x13, 0x01, 0x13, 0x01, 0x13, 0x01, 0x13, 
	0x01, 0x13, 0x01, 0x13, 0x01, 0x13, 0x01, 0x13, 
	0x01, 0x13, 0x01, 0x13, 0x01, 0x13, 0x01, 0x13, 
	0x01, 0x13, 0x01, 0x13, 0x01, 0x13, 0x01, 0x13, 
	0x01, 0x13, 0x01, 0x13, 0x01, 0x13, 0x01, 0x13, 
	0x01, 0x13, 0x01, 0x13, 0x01, 0x13, 0x01, 0x13, 
	0x01, 0x13, 0x01, 0x13, 0x01, 0x13, 0x01, 0x13, 
	0x01, 0x13, 0x01, 0x13, 0x01, 0x13, 0x01, 0x13, 
	0x01, 0x13, 0x01, 0x13, 0x01, 0x13, 0x01, 0x13, 
	0x01, 0x13, 0x01, 0x13, 0x01, 0x13, 0x01, 0x13, 
	0x01, 0x13, 0x01, 0x13, 0x01, 0x13, 0x01, 0x13, 
	0x01, 0x13, 0x01, 0x13, 0x01, 0x13, 0x01, 0x13, 
	0x01, 0x13, 0x01, 0x13, 0x01, 0x13, 0x01, 0x13, 
	0x01, 0x13, 0x01, 0x13, 0x01, 0x13, 0x01, 0x13, 
	0x01, 0x13, 0x01, 0x13, 0x01, 0x13, 0x01, 0x13, 
	0x01, 0x13, 0x01, 0x13, 0x01, 0x13, 0x01, 0x13, 
	0x01, 0x13, 0x01, 0x13, 0x01, 0x13, 0x01, 0x13, 
	0x01, 0x13, 0x01, 0x13, 0x01, 0x13, 0x01, 0x13, 
	0x01, 0x13, 0x01, 0x13, 0x01, 0x13, 0x01, 0x13, 
	0x01, 0x13, 0x01, 0x13, 0x01, 0x13, 0x01, 0x13, 
	0x01, 0x13, 0x01, 0x13, 0x01, 0x13, 0x01, 0x13, 
	0x01, 0x13, 0x01, 0x13, 0x01, 0x13, 0x01, 0x13, 
	0x01, 0x13, 0x01, 0x13, 0x01, 0x13, 0x01, 0x13, 
	0x01, 0x13, 0x01, 0x13, 0x01, 0x13, 0x01, 0x13, 
	0x01, 0x13, 0x01, 0x13, 0x01, 0x13, 0x01, 0x13, 
	0x01, 0x13, 0x01, 0x13, 0x01, 0x13, 0x01, 0x13, 
	0x01, 0x13, 0x01, 0x13, 0x01, 0x13, 0x01, 0x13, 
	0x01, 0x13, 0x01, 0x13, 0x01, 0x13, 0x01, 0x13, 
	0x01, 0x13, 0x01, 0x13, 0x01, 0x13, 0x01, 0x13, 
	0x01, 0x13, 0x01, 0x13, 0x01, 0x13, 0x01, 0x13, 
	0x01, 0x13, 0x01, 0x13, 0x01, 0x13, 0x01, 0x13, 
	0x01, 0x13, 0x01, 0x13, 0x01, 0x13, 0x01, 0x13, 
	0x01, 0x13, 0x01, 0x13, 0x01, 0x13, 0x01, 0x13, 
	0x01, 0x13, 0x01, 0x13, 0x01, 0x13, 0x01, 0x13, 
	0x01, 0x15, 0x01, 0x15, 0x01, 0x15, 0x01, 0x15, 
	0x01, 0x13, 0x01, 0x13, 0x01, 0x13, 0x01, 0x13, 
	0x01, 0x13, 0x01, 0x13, 0x01, 0x13, 0x01, 0x13, 
	0x01, 0x15, 0x01, 0x15, 0x01, 0x15, 0x01, 0x15, 
	0x01, 0x15, 0x01, 0x15, 0x01, 0x15, 0x01, 0x15, 
	0x01, 0x13, 0x01, 0x13, 0x01, 0x13, 0x01, 0x13, 
	0x01, 0x13, 0x01, 0x13, 0x01, 0x13, 0x01, 0x13, 
	0x01, 0x15, 0x01, 0x15, 0x01, 0x15, 0x01, 0x15, 
	0x01, 0x13, 0x01, 0x13, 0x01, 0x13, 0x01, 0x13, 
	0x01, 0x13, 0x01, 0x13, 0x01, 0x13, 0x01, 0x13, 
	0x01, 0x13, 0x01, 0x13, 0x01, 0x13, 0x01, 0x13, 
	0x01, 0x13, 0x01, 0x13, 0x01, 0x13, 0x01, 0x13, 
	0x01, 0x13, 0x01, 0x13, 0x01, 0x13, 0x01, 0x13, 
	0x01, 0x13, 0x01, 0x13, 0x01, 0x13, 0x01, 0x13, 
	0x01, 0x13, 0x01, 0x13, 0x01, 0x13, 0x01, 0x13, 
	0x01, 0x13, 0x01, 0x13, 0x01, 0x13, 0x01, 0x13, 
	0x01, 0x13, 0x01, 0x13, 0x01, 0x13, 0x01, 0x13, 
	0x01, 0x13, 0x01, 0x13, 0x01, 0x13, 0x01, 0x13, 
	0x01, 0x13, 0x01, 0x13, 0x01, 0x13, 0x01, 0x13, 
	0x01, 0x13, 0x01, 0x13, 0x01, 0x13, 0x01, 0x13, 
	0x01, 0x13, 0x01, 0x13, 0x01, 0x13, 0x01, 0x13, 
	
};

Vtx mh_skybox_mh_skybox_mesh_vtx_0[92] = {
	{{ {6088, 12025, -6088}, 0, {1716, -597}, {178, 178, 178, 255} }},
	{{ {3288, 12025, -7937}, 0, {1510, -461}, {178, 178, 178, 255} }},
	{{ {4688, 12025, -7013}, 0, {1613, -529}, {178, 178, 178, 255} }},
	{{ {0, 13016, 0}, 0, {1269, -1044}, {130, 136, 178, 255} }},
	{{ {7013, 12025, -4688}, 0, {1784, -700}, {178, 178, 178, 255} }},
	{{ {7937, 12025, -3288}, 0, {1852, -803}, {178, 178, 178, 255} }},
	{{ {8274, 12025, -1644}, 0, {1877, -924}, {178, 178, 178, 255} }},
	{{ {8610, 12025, 0}, 0, {1901, -1044}, {178, 178, 178, 255} }},
	{{ {7937, 12025, 3288}, 0, {1852, -1285}, {178, 178, 178, 255} }},
	{{ {8274, 12025, 1644}, 0, {1877, -1164}, {178, 178, 178, 255} }},
	{{ {7013, 12025, 4688}, 0, {1784, -1388}, {178, 178, 178, 255} }},
	{{ {6088, 12025, 6088}, 0, {1716, -1491}, {178, 178, 178, 255} }},
	{{ {4688, 12025, 7013}, 0, {1613, -1559}, {178, 178, 178, 255} }},
	{{ {3288, 12025, 7937}, 0, {1510, -1627}, {178, 178, 178, 255} }},
	{{ {1644, 12025, 8274}, 0, {1389, -1652}, {178, 178, 178, 255} }},
	{{ {0, 12025, 8610}, 0, {1269, -1676}, {178, 178, 178, 255} }},
	{{ {-1644, 12025, 8274}, 0, {1149, -1652}, {178, 178, 178, 255} }},
	{{ {-3288, 12025, 7937}, 0, {1028, -1627}, {178, 178, 178, 255} }},
	{{ {-4688, 12025, 7013}, 0, {925, -1559}, {178, 178, 178, 255} }},
	{{ {-6088, 12025, 6088}, 0, {822, -1491}, {178, 178, 178, 255} }},
	{{ {-7937, 12025, 3288}, 0, {686, -1285}, {178, 178, 178, 255} }},
	{{ {-7013, 12025, 4688}, 0, {754, -1388}, {178, 178, 178, 255} }},
	{{ {-8274, 12025, 1644}, 0, {661, -1164}, {178, 178, 178, 255} }},
	{{ {-8610, 12025, 0}, 0, {637, -1044}, {178, 178, 178, 255} }},
	{{ {-8274, 12025, -1644}, 0, {661, -924}, {178, 178, 178, 255} }},
	{{ {-7937, 12025, -3288}, 0, {686, -803}, {178, 178, 178, 255} }},
	{{ {-6088, 12025, -6088}, 0, {822, -597}, {178, 178, 178, 255} }},
	{{ {-7013, 12025, -4688}, 0, {754, -700}, {178, 178, 178, 255} }},
	{{ {-3288, 12025, -7937}, 0, {1028, -461}, {178, 178, 178, 255} }},
	{{ {-1644, 12025, -8274}, 0, {1149, -436}, {178, 178, 178, 255} }},
	{{ {0, 12025, -8610}, 0, {1269, -412}, {178, 178, 178, 255} }},
	{{ {1644, 12025, -8274}, 0, {1389, -436}, {178, 178, 178, 255} }},
	{{ {-4688, 12025, -7013}, 0, {925, -529}, {178, 178, 178, 255} }},
	{{ {-12375, -7639, -12375}, 0, {360, -135}, {255, 255, 255, 255} }},
	{{ {-6682, -7639, -16133}, 0, {778, 140}, {255, 255, 255, 255} }},
	{{ {-9529, -7639, -14254}, 0, {569, 2}, {255, 255, 255, 255} }},
	{{ {-3814, -9382, -9207}, 0, {989, -368}, {178, 178, 178, 255} }},
	{{ {-7063, -9382, -7063}, 0, {750, -525}, {178, 178, 178, 255} }},
	{{ {-14254, -7639, -9529}, 0, {222, -344}, {255, 255, 255, 255} }},
	{{ {-16133, -7639, -6682}, 0, {84, -553}, {255, 255, 255, 255} }},
	{{ {-9207, -9382, -3814}, 0, {593, -764}, {178, 178, 178, 255} }},
	{{ {-17501, -7639, 0}, 0, {-16, -1044}, {255, 255, 255, 255} }},
	{{ {-16817, -7639, -3341}, 0, {34, -799}, {255, 255, 255, 255} }},
	{{ {-9988, -9382, 0}, 0, {535, -1044}, {178, 178, 178, 255} }},
	{{ {-16133, -7639, 6682}, 0, {84, -1535}, {255, 255, 255, 255} }},
	{{ {-16817, -7639, 3341}, 0, {34, -1289}, {255, 255, 255, 255} }},
	{{ {-9207, -9382, 3814}, 0, {593, -1324}, {178, 178, 178, 255} }},
	{{ {-12375, -7639, 12375}, 0, {360, -1953}, {255, 255, 255, 255} }},
	{{ {-14254, -7639, 9529}, 0, {222, -1744}, {255, 255, 255, 255} }},
	{{ {-7063, -9382, 7063}, 0, {750, -1563}, {178, 178, 178, 255} }},
	{{ {-6682, -7639, 16133}, 0, {778, -2229}, {255, 255, 255, 255} }},
	{{ {-9529, -7639, 14254}, 0, {569, -2091}, {255, 255, 255, 255} }},
	{{ {-3814, -9382, 9207}, 0, {989, -1720}, {178, 178, 178, 255} }},
	{{ {0, -7639, 17501}, 0, {1269, -2329}, {255, 255, 255, 255} }},
	{{ {-3341, -7639, 16817}, 0, {1024, -2279}, {255, 255, 255, 255} }},
	{{ {0, -9382, 9988}, 0, {1269, -1778}, {178, 178, 178, 255} }},
	{{ {6682, -7639, 16133}, 0, {1760, -2229}, {255, 255, 255, 255} }},
	{{ {0, -9382, 9988}, 0, {1269, -1778}, {178, 178, 178, 255} }},
	{{ {0, -7639, 17501}, 0, {1269, -2329}, {255, 255, 255, 255} }},
	{{ {3341, -7639, 16817}, 0, {1514, -2279}, {255, 255, 255, 255} }},
	{{ {3814, -9382, 9207}, 0, {1549, -1720}, {178, 178, 178, 255} }},
	{{ {12375, -7639, 12375}, 0, {2178, -1953}, {255, 255, 255, 255} }},
	{{ {9529, -7639, 14254}, 0, {1969, -2091}, {255, 255, 255, 255} }},
	{{ {7063, -9382, 7063}, 0, {1788, -1563}, {178, 178, 178, 255} }},
	{{ {16133, -7639, 6682}, 0, {2454, -1535}, {255, 255, 255, 255} }},
	{{ {14254, -7639, 9529}, 0, {2316, -1744}, {255, 255, 255, 255} }},
	{{ {9207, -9382, 3814}, 0, {1945, -1324}, {178, 178, 178, 255} }},
	{{ {17501, -7639, 0}, 0, {2554, -1044}, {255, 255, 255, 255} }},
	{{ {16817, -7639, 3341}, 0, {2504, -1289}, {255, 255, 255, 255} }},
	{{ {9988, -9382, 0}, 0, {2003, -1044}, {178, 178, 178, 255} }},
	{{ {16133, -7639, -6682}, 0, {2454, -553}, {255, 255, 255, 255} }},
	{{ {16817, -7639, -3341}, 0, {2504, -799}, {255, 255, 255, 255} }},
	{{ {9207, -9382, -3814}, 0, {1945, -764}, {178, 178, 178, 255} }},
	{{ {14254, -7639, -9529}, 0, {2316, -344}, {255, 255, 255, 255} }},
	{{ {12375, -7639, -12375}, 0, {2178, -135}, {255, 255, 255, 255} }},
	{{ {7063, -9382, -7063}, 0, {1788, -525}, {178, 178, 178, 255} }},
	{{ {6682, -7639, -16133}, 0, {1760, 140}, {255, 255, 255, 255} }},
	{{ {9529, -7639, -14254}, 0, {1969, 2}, {255, 255, 255, 255} }},
	{{ {3814, -9382, -9207}, 0, {1549, -368}, {178, 178, 178, 255} }},
	{{ {0, -7639, -17501}, 0, {1269, 240}, {255, 255, 255, 255} }},
	{{ {3341, -7639, -16817}, 0, {1514, 190}, {255, 255, 255, 255} }},
	{{ {0, -9382, -9988}, 0, {1269, -310}, {178, 178, 178, 255} }},
	{{ {-6682, -7639, -16133}, 0, {778, 140}, {255, 255, 255, 255} }},
	{{ {-3341, -7639, -16817}, 0, {1024, 190}, {255, 255, 255, 255} }},
	{{ {-3814, -9382, -9207}, 0, {989, -368}, {178, 178, 178, 255} }},
	{{ {0, -10155, 0}, 0, {1269, -1044}, {87, 115, 147, 255} }},
	{{ {-7063, -9382, -7063}, 0, {750, -525}, {178, 178, 178, 255} }},
	{{ {-9207, -9382, -3814}, 0, {593, -764}, {178, 178, 178, 255} }},
	{{ {-9988, -9382, 0}, 0, {535, -1044}, {178, 178, 178, 255} }},
	{{ {-9207, -9382, 3814}, 0, {593, -1324}, {178, 178, 178, 255} }},
	{{ {-7063, -9382, 7063}, 0, {750, -1563}, {178, 178, 178, 255} }},
	{{ {-3814, -9382, 9207}, 0, {989, -1720}, {178, 178, 178, 255} }},
};

Vtx mh_skybox_mh_skybox_mesh_vtx_1[1056] = {
	{{ {11954, 2491, -17882}, 0, {1028, 3967}, {255, 255, 255, 255} }},
	{{ {11658, 4981, -17439}, 0, {1028, 2923}, {255, 255, 255, 255} }},
	{{ {8175, 4981, -19737}, 0, {2056, 2923}, {255, 255, 255, 255} }},
	{{ {8383, 2491, -20239}, 0, {2056, 3967}, {255, 255, 255, 255} }},
	{{ {-17882, 2491, -11954}, 0, {1028, 3967}, {255, 255, 255, 255} }},
	{{ {-17439, 4981, -11658}, 0, {1028, 2923}, {255, 255, 255, 255} }},
	{{ {-19737, 4981, -8175}, 0, {2056, 2923}, {255, 255, 255, 255} }},
	{{ {-20239, 2491, -8383}, 0, {2056, 3967}, {255, 255, 255, 255} }},
	{{ {-11954, 2491, 17882}, 0, {1028, 3967}, {255, 255, 255, 255} }},
	{{ {-11658, 4981, 17439}, 0, {1028, 2923}, {255, 255, 255, 255} }},
	{{ {-8175, 4981, 19737}, 0, {2056, 2923}, {255, 255, 255, 255} }},
	{{ {-8383, 2491, 20239}, 0, {2056, 3967}, {255, 255, 255, 255} }},
	{{ {17882, 2491, 11954}, 0, {1028, 3967}, {255, 255, 255, 255} }},
	{{ {17439, 4981, 11658}, 0, {1028, 2923}, {255, 255, 255, 255} }},
	{{ {19737, 4981, 8175}, 0, {2056, 2923}, {255, 255, 255, 255} }},
	{{ {20239, 2491, 8383}, 0, {2056, 3967}, {255, 255, 255, 255} }},
	{{ {4192, 2491, -21097}, 0, {3084, 3967}, {255, 255, 255, 255} }},
	{{ {4088, 4981, -20574}, 0, {3084, 2923}, {255, 255, 255, 255} }},
	{{ {0, 4981, -21411}, 0, {4112, 2923}, {255, 255, 255, 255} }},
	{{ {0, 2491, -21955}, 0, {4112, 3967}, {255, 255, 255, 255} }},
	{{ {-21097, 2491, -4192}, 0, {3084, 3967}, {255, 255, 255, 255} }},
	{{ {-20574, 4981, -4088}, 0, {3084, 2923}, {255, 255, 255, 255} }},
	{{ {-21411, 4981, 0}, 0, {4112, 2923}, {255, 255, 255, 255} }},
	{{ {-21955, 2491, 0}, 0, {4112, 3967}, {255, 255, 255, 255} }},
	{{ {-4192, 2491, 21097}, 0, {3084, 3967}, {255, 255, 255, 255} }},
	{{ {-4088, 4981, 20574}, 0, {3084, 2923}, {255, 255, 255, 255} }},
	{{ {0, 4981, 21411}, 0, {4112, 2923}, {255, 255, 255, 255} }},
	{{ {0, 2491, 21955}, 0, {4112, 3967}, {255, 255, 255, 255} }},
	{{ {21097, 2491, 4192}, 0, {3084, 3967}, {255, 255, 255, 255} }},
	{{ {20574, 4981, 4088}, 0, {3084, 2923}, {255, 255, 255, 255} }},
	{{ {21411, 4981, 0}, 0, {4112, 2923}, {255, 255, 255, 255} }},
	{{ {21955, 2491, 0}, 0, {4112, 3967}, {255, 255, 255, 255} }},
	{{ {-4192, 2491, -21097}, 0, {5140, 3967}, {255, 255, 255, 255} }},
	{{ {-4088, 4981, -20574}, 0, {5140, 2923}, {255, 255, 255, 255} }},
	{{ {-8175, 4981, -19737}, 0, {6168, 2923}, {255, 255, 255, 255} }},
	{{ {-8383, 2491, -20239}, 0, {6168, 3967}, {255, 255, 255, 255} }},
	{{ {-21097, 2491, 4192}, 0, {5140, 3967}, {255, 255, 255, 255} }},
	{{ {-20574, 4981, 4088}, 0, {5140, 2923}, {255, 255, 255, 255} }},
	{{ {-19737, 4981, 8175}, 0, {6168, 2923}, {255, 255, 255, 255} }},
	{{ {-20239, 2491, 8383}, 0, {6168, 3967}, {255, 255, 255, 255} }},
	{{ {4192, 2491, 21097}, 0, {5140, 3967}, {255, 255, 255, 255} }},
	{{ {4088, 4981, 20574}, 0, {5140, 2923}, {255, 255, 255, 255} }},
	{{ {8175, 4981, 19737}, 0, {6168, 2923}, {255, 255, 255, 255} }},
	{{ {8383, 2491, 20239}, 0, {6168, 3967}, {255, 255, 255, 255} }},
	{{ {21097, 2491, -4192}, 0, {5140, 3967}, {255, 255, 255, 255} }},
	{{ {20574, 4981, -4088}, 0, {5140, 2923}, {255, 255, 255, 255} }},
	{{ {19737, 4981, -8175}, 0, {6168, 2923}, {255, 255, 255, 255} }},
	{{ {20239, 2491, -8383}, 0, {6168, 3967}, {255, 255, 255, 255} }},
	{{ {-11954, 2491, -17882}, 0, {7196, 3967}, {255, 255, 255, 255} }},
	{{ {-15140, 4981, -15140}, 0, {8224, 2923}, {255, 255, 255, 255} }},
	{{ {-15525, 2491, -15525}, 0, {8224, 3967}, {255, 255, 255, 255} }},
	{{ {-11658, 4981, -17439}, 0, {7196, 2923}, {255, 255, 255, 255} }},
	{{ {-13195, 7092, -13195}, 0, {8224, 2040}, {255, 255, 255, 255} }},
	{{ {-10160, 7092, -15198}, 0, {7196, 2040}, {255, 255, 255, 255} }},
	{{ {-17882, 2491, 11954}, 0, {7196, 3967}, {255, 255, 255, 255} }},
	{{ {-15140, 4981, 15140}, 0, {8224, 2923}, {255, 255, 255, 255} }},
	{{ {-15525, 2491, 15525}, 0, {8224, 3967}, {255, 255, 255, 255} }},
	{{ {-17439, 4981, 11658}, 0, {7196, 2923}, {255, 255, 255, 255} }},
	{{ {-13195, 7092, 13195}, 0, {8224, 2040}, {255, 255, 255, 255} }},
	{{ {-15198, 7092, 10160}, 0, {7196, 2040}, {255, 255, 255, 255} }},
	{{ {11954, 2491, 17882}, 0, {7196, 3967}, {255, 255, 255, 255} }},
	{{ {15140, 4981, 15140}, 0, {8224, 2923}, {255, 255, 255, 255} }},
	{{ {15525, 2491, 15525}, 0, {8224, 3967}, {255, 255, 255, 255} }},
	{{ {11658, 4981, 17439}, 0, {7196, 2923}, {255, 255, 255, 255} }},
	{{ {13195, 7092, 13195}, 0, {8224, 2040}, {255, 255, 255, 255} }},
	{{ {10160, 7092, 15198}, 0, {7196, 2040}, {255, 255, 255, 255} }},
	{{ {17882, 2491, -11954}, 0, {7196, 3967}, {255, 255, 255, 255} }},
	{{ {15140, 4981, -15140}, 0, {8224, 2923}, {255, 255, 255, 255} }},
	{{ {15525, 2491, -15525}, 0, {8224, 3967}, {255, 255, 255, 255} }},
	{{ {17439, 4981, -11658}, 0, {7196, 2923}, {255, 255, 255, 255} }},
	{{ {13195, 7092, -13195}, 0, {8224, 2040}, {255, 255, 255, 255} }},
	{{ {15198, 7092, -10160}, 0, {7196, 2040}, {255, 255, 255, 255} }},
	{{ {0, 7092, -18660}, 0, {4112, 2040}, {255, 255, 255, 255} }},
	{{ {0, 4981, -21411}, 0, {4112, 2923}, {255, 255, 255, 255} }},
	{{ {4088, 4981, -20574}, 0, {3084, 2923}, {255, 255, 255, 255} }},
	{{ {-3563, 7092, -17931}, 0, {5140, 2040}, {255, 255, 255, 255} }},
	{{ {-4088, 4981, -20574}, 0, {5140, 2923}, {255, 255, 255, 255} }},
	{{ {3563, 7092, -17931}, 0, {3084, 2040}, {255, 255, 255, 255} }},
	{{ {-18660, 7092, 0}, 0, {4112, 2040}, {255, 255, 255, 255} }},
	{{ {-21411, 4981, 0}, 0, {4112, 2923}, {255, 255, 255, 255} }},
	{{ {-20574, 4981, -4088}, 0, {3084, 2923}, {255, 255, 255, 255} }},
	{{ {-17931, 7092, 3563}, 0, {5140, 2040}, {255, 255, 255, 255} }},
	{{ {-20574, 4981, 4088}, 0, {5140, 2923}, {255, 255, 255, 255} }},
	{{ {-17931, 7092, -3563}, 0, {3084, 2040}, {255, 255, 255, 255} }},
	{{ {0, 7092, 18660}, 0, {4112, 2040}, {255, 255, 255, 255} }},
	{{ {0, 4981, 21411}, 0, {4112, 2923}, {255, 255, 255, 255} }},
	{{ {-4088, 4981, 20574}, 0, {3084, 2923}, {255, 255, 255, 255} }},
	{{ {3563, 7092, 17931}, 0, {5140, 2040}, {255, 255, 255, 255} }},
	{{ {4088, 4981, 20574}, 0, {5140, 2923}, {255, 255, 255, 255} }},
	{{ {-3563, 7092, 17931}, 0, {3084, 2040}, {255, 255, 255, 255} }},
	{{ {18660, 7092, 0}, 0, {4112, 2040}, {255, 255, 255, 255} }},
	{{ {21411, 4981, 0}, 0, {4112, 2923}, {255, 255, 255, 255} }},
	{{ {20574, 4981, 4088}, 0, {3084, 2923}, {255, 255, 255, 255} }},
	{{ {17931, 7092, -3563}, 0, {5140, 2040}, {255, 255, 255, 255} }},
	{{ {20574, 4981, -4088}, 0, {5140, 2923}, {255, 255, 255, 255} }},
	{{ {17931, 7092, 3563}, 0, {3084, 2040}, {255, 255, 255, 255} }},
	{{ {0, -6310, -19768}, 0, {4112, 7630}, {255, 255, 255, 255} }},
	{{ {0, -7639, -17501}, 0, {4112, 8192}, {255, 255, 255, 255} }},
	{{ {3341, -7639, -16817}, 0, {3084, 8192}, {255, 255, 255, 255} }},
	{{ {3774, -6310, -18995}, 0, {3084, 7630}, {255, 255, 255, 255} }},
	{{ {0, -4981, -22035}, 0, {4112, 7068}, {255, 255, 255, 255} }},
	{{ {4207, -4981, -21173}, 0, {3084, 7068}, {255, 255, 255, 255} }},
	{{ {-19768, -6310, 0}, 0, {4112, 7630}, {255, 255, 255, 255} }},
	{{ {-17501, -7639, 0}, 0, {4112, 8192}, {255, 255, 255, 255} }},
	{{ {-16817, -7639, -3341}, 0, {3084, 8192}, {255, 255, 255, 255} }},
	{{ {-18995, -6310, -3774}, 0, {3084, 7630}, {255, 255, 255, 255} }},
	{{ {-22035, -4981, 0}, 0, {4112, 7068}, {255, 255, 255, 255} }},
	{{ {-21173, -4981, -4207}, 0, {3084, 7068}, {255, 255, 255, 255} }},
	{{ {0, -6310, 19768}, 0, {4112, 7630}, {255, 255, 255, 255} }},
	{{ {0, -7639, 17501}, 0, {4112, 8192}, {255, 255, 255, 255} }},
	{{ {-3341, -7639, 16817}, 0, {3084, 8192}, {255, 255, 255, 255} }},
	{{ {-3774, -6310, 18995}, 0, {3084, 7630}, {255, 255, 255, 255} }},
	{{ {0, -4981, 22035}, 0, {4112, 7068}, {255, 255, 255, 255} }},
	{{ {-4207, -4981, 21173}, 0, {3084, 7068}, {255, 255, 255, 255} }},
	{{ {19768, -6310, 0}, 0, {4112, 7630}, {255, 255, 255, 255} }},
	{{ {17501, -7639, 0}, 0, {4112, 8192}, {255, 255, 255, 255} }},
	{{ {16817, -7639, 3341}, 0, {3084, 8192}, {255, 255, 255, 255} }},
	{{ {18995, -6310, 3774}, 0, {3084, 7630}, {255, 255, 255, 255} }},
	{{ {22035, -4981, 0}, 0, {4112, 7068}, {255, 255, 255, 255} }},
	{{ {21173, -4981, 4207}, 0, {3084, 7068}, {255, 255, 255, 255} }},
	{{ {-6675, 10615, -9986}, 0, {7196, 578}, {221, 221, 221, 255} }},
	{{ {-4688, 12025, -7013}, 0, {7196, 0}, {178, 178, 178, 255} }},
	{{ {-6088, 12025, -6088}, 0, {8224, 0}, {178, 178, 178, 255} }},
	{{ {-4681, 10615, -11302}, 0, {6168, 578}, {221, 221, 221, 255} }},
	{{ {-3288, 12025, -7937}, 0, {6168, 0}, {178, 178, 178, 255} }},
	{{ {-2341, 10615, -11781}, 0, {5140, 578}, {221, 221, 221, 255} }},
	{{ {-1644, 12025, -8274}, 0, {5140, 0}, {178, 178, 178, 255} }},
	{{ {-8669, 10615, -8669}, 0, {8224, 578}, {221, 221, 221, 255} }},
	{{ {-9986, 10615, 6675}, 0, {7196, 578}, {221, 221, 221, 255} }},
	{{ {-7013, 12025, 4688}, 0, {7196, 0}, {178, 178, 178, 255} }},
	{{ {-6088, 12025, 6088}, 0, {8224, 0}, {178, 178, 178, 255} }},
	{{ {-11302, 10615, 4681}, 0, {6168, 578}, {221, 221, 221, 255} }},
	{{ {-7937, 12025, 3288}, 0, {6168, 0}, {178, 178, 178, 255} }},
	{{ {-11781, 10615, 2341}, 0, {5140, 578}, {221, 221, 221, 255} }},
	{{ {-8274, 12025, 1644}, 0, {5140, 0}, {178, 178, 178, 255} }},
	{{ {-8669, 10615, 8669}, 0, {8224, 578}, {221, 221, 221, 255} }},
	{{ {6675, 10615, 9986}, 0, {7196, 578}, {221, 221, 221, 255} }},
	{{ {4688, 12025, 7013}, 0, {7196, 0}, {178, 178, 178, 255} }},
	{{ {6088, 12025, 6088}, 0, {8224, 0}, {178, 178, 178, 255} }},
	{{ {4681, 10615, 11302}, 0, {6168, 578}, {221, 221, 221, 255} }},
	{{ {3288, 12025, 7937}, 0, {6168, 0}, {178, 178, 178, 255} }},
	{{ {2341, 10615, 11781}, 0, {5140, 578}, {221, 221, 221, 255} }},
	{{ {1644, 12025, 8274}, 0, {5140, 0}, {178, 178, 178, 255} }},
	{{ {8669, 10615, 8669}, 0, {8224, 578}, {221, 221, 221, 255} }},
	{{ {9986, 10615, -6675}, 0, {7196, 578}, {221, 221, 221, 255} }},
	{{ {7013, 12025, -4688}, 0, {7196, 0}, {178, 178, 178, 255} }},
	{{ {6088, 12025, -6088}, 0, {8224, 0}, {178, 178, 178, 255} }},
	{{ {11302, 10615, -4681}, 0, {6168, 578}, {221, 221, 221, 255} }},
	{{ {7937, 12025, -3288}, 0, {6168, 0}, {178, 178, 178, 255} }},
	{{ {11781, 10615, -2341}, 0, {5140, 578}, {221, 221, 221, 255} }},
	{{ {8274, 12025, -1644}, 0, {5140, 0}, {178, 178, 178, 255} }},
	{{ {8669, 10615, -8669}, 0, {8224, 578}, {221, 221, 221, 255} }},
	{{ {4207, -4981, -21173}, 0, {3084, 7068}, {255, 255, 255, 255} }},
	{{ {3774, -6310, -18995}, 0, {3084, 7630}, {255, 255, 255, 255} }},
	{{ {7548, -6310, -18223}, 0, {2056, 7630}, {255, 255, 255, 255} }},
	{{ {8414, -4981, -20312}, 0, {2056, 7068}, {255, 255, 255, 255} }},
	{{ {4251, -2491, -21397}, 0, {3084, 6040}, {255, 255, 255, 255} }},
	{{ {8502, -2491, -20527}, 0, {2056, 6040}, {255, 255, 255, 255} }},
	{{ {-21173, -4981, -4207}, 0, {3084, 7068}, {255, 255, 255, 255} }},
	{{ {-18995, -6310, -3774}, 0, {3084, 7630}, {255, 255, 255, 255} }},
	{{ {-18223, -6310, -7548}, 0, {2056, 7630}, {255, 255, 255, 255} }},
	{{ {-20312, -4981, -8414}, 0, {2056, 7068}, {255, 255, 255, 255} }},
	{{ {-21397, -2491, -4251}, 0, {3084, 6040}, {255, 255, 255, 255} }},
	{{ {-20527, -2491, -8502}, 0, {2056, 6040}, {255, 255, 255, 255} }},
	{{ {-4207, -4981, 21173}, 0, {3084, 7068}, {255, 255, 255, 255} }},
	{{ {-3774, -6310, 18995}, 0, {3084, 7630}, {255, 255, 255, 255} }},
	{{ {-7548, -6310, 18223}, 0, {2056, 7630}, {255, 255, 255, 255} }},
	{{ {-8414, -4981, 20312}, 0, {2056, 7068}, {255, 255, 255, 255} }},
	{{ {-4251, -2491, 21397}, 0, {3084, 6040}, {255, 255, 255, 255} }},
	{{ {-8502, -2491, 20527}, 0, {2056, 6040}, {255, 255, 255, 255} }},
	{{ {21173, -4981, 4207}, 0, {3084, 7068}, {255, 255, 255, 255} }},
	{{ {18995, -6310, 3774}, 0, {3084, 7630}, {255, 255, 255, 255} }},
	{{ {18223, -6310, 7548}, 0, {2056, 7630}, {255, 255, 255, 255} }},
	{{ {20312, -4981, 8414}, 0, {2056, 7068}, {255, 255, 255, 255} }},
	{{ {21397, -2491, 4251}, 0, {3084, 6040}, {255, 255, 255, 255} }},
	{{ {20527, -2491, 8502}, 0, {2056, 6040}, {255, 255, 255, 255} }},
	{{ {6675, 10615, -9986}, 0, {1028, 578}, {221, 221, 221, 255} }},
	{{ {4688, 12025, -7013}, 0, {1028, 0}, {178, 178, 178, 255} }},
	{{ {3288, 12025, -7937}, 0, {2056, 0}, {178, 178, 178, 255} }},
	{{ {4681, 10615, -11302}, 0, {2056, 578}, {221, 221, 221, 255} }},
	{{ {1644, 12025, -8274}, 0, {3084, 0}, {178, 178, 178, 255} }},
	{{ {2341, 10615, -11781}, 0, {3084, 578}, {221, 221, 221, 255} }},
	{{ {0, 12025, -8610}, 0, {4112, 0}, {178, 178, 178, 255} }},
	{{ {0, 10615, -12260}, 0, {4112, 578}, {221, 221, 221, 255} }},
	{{ {-9986, 10615, -6675}, 0, {1028, 578}, {221, 221, 221, 255} }},
	{{ {-7013, 12025, -4688}, 0, {1028, 0}, {178, 178, 178, 255} }},
	{{ {-7937, 12025, -3288}, 0, {2056, 0}, {178, 178, 178, 255} }},
	{{ {-11302, 10615, -4681}, 0, {2056, 578}, {221, 221, 221, 255} }},
	{{ {-8274, 12025, -1644}, 0, {3084, 0}, {178, 178, 178, 255} }},
	{{ {-11781, 10615, -2341}, 0, {3084, 578}, {221, 221, 221, 255} }},
	{{ {-8610, 12025, 0}, 0, {4112, 0}, {178, 178, 178, 255} }},
	{{ {-12260, 10615, 0}, 0, {4112, 578}, {221, 221, 221, 255} }},
	{{ {-6675, 10615, 9986}, 0, {1028, 578}, {221, 221, 221, 255} }},
	{{ {-4688, 12025, 7013}, 0, {1028, 0}, {178, 178, 178, 255} }},
	{{ {-3288, 12025, 7937}, 0, {2056, 0}, {178, 178, 178, 255} }},
	{{ {-4681, 10615, 11302}, 0, {2056, 578}, {221, 221, 221, 255} }},
	{{ {-1644, 12025, 8274}, 0, {3084, 0}, {178, 178, 178, 255} }},
	{{ {-2341, 10615, 11781}, 0, {3084, 578}, {221, 221, 221, 255} }},
	{{ {0, 12025, 8610}, 0, {4112, 0}, {178, 178, 178, 255} }},
	{{ {0, 10615, 12260}, 0, {4112, 578}, {221, 221, 221, 255} }},
	{{ {9986, 10615, 6675}, 0, {1028, 578}, {221, 221, 221, 255} }},
	{{ {7013, 12025, 4688}, 0, {1028, 0}, {178, 178, 178, 255} }},
	{{ {7937, 12025, 3288}, 0, {2056, 0}, {178, 178, 178, 255} }},
	{{ {11302, 10615, 4681}, 0, {2056, 578}, {221, 221, 221, 255} }},
	{{ {8274, 12025, 1644}, 0, {3084, 0}, {178, 178, 178, 255} }},
	{{ {11781, 10615, 2341}, 0, {3084, 578}, {221, 221, 221, 255} }},
	{{ {8610, 12025, 0}, 0, {4112, 0}, {178, 178, 178, 255} }},
	{{ {12260, 10615, 0}, 0, {4112, 578}, {221, 221, 221, 255} }},
	{{ {3563, 7092, -17931}, 0, {3084, 2040}, {255, 255, 255, 255} }},
	{{ {4088, 4981, -20574}, 0, {3084, 2923}, {255, 255, 255, 255} }},
	{{ {8175, 4981, -19737}, 0, {2056, 2923}, {255, 255, 255, 255} }},
	{{ {7125, 7092, -17202}, 0, {2056, 2040}, {255, 255, 255, 255} }},
	{{ {11658, 4981, -17439}, 0, {1028, 2923}, {255, 255, 255, 255} }},
	{{ {10160, 7092, -15198}, 0, {1028, 2040}, {255, 255, 255, 255} }},
	{{ {-17931, 7092, -3563}, 0, {3084, 2040}, {255, 255, 255, 255} }},
	{{ {-20574, 4981, -4088}, 0, {3084, 2923}, {255, 255, 255, 255} }},
	{{ {-19737, 4981, -8175}, 0, {2056, 2923}, {255, 255, 255, 255} }},
	{{ {-17202, 7092, -7125}, 0, {2056, 2040}, {255, 255, 255, 255} }},
	{{ {-17439, 4981, -11658}, 0, {1028, 2923}, {255, 255, 255, 255} }},
	{{ {-15198, 7092, -10160}, 0, {1028, 2040}, {255, 255, 255, 255} }},
	{{ {-3563, 7092, 17931}, 0, {3084, 2040}, {255, 255, 255, 255} }},
	{{ {-4088, 4981, 20574}, 0, {3084, 2923}, {255, 255, 255, 255} }},
	{{ {-8175, 4981, 19737}, 0, {2056, 2923}, {255, 255, 255, 255} }},
	{{ {-7125, 7092, 17202}, 0, {2056, 2040}, {255, 255, 255, 255} }},
	{{ {-11658, 4981, 17439}, 0, {1028, 2923}, {255, 255, 255, 255} }},
	{{ {-10160, 7092, 15198}, 0, {1028, 2040}, {255, 255, 255, 255} }},
	{{ {17931, 7092, 3563}, 0, {3084, 2040}, {255, 255, 255, 255} }},
	{{ {20574, 4981, 4088}, 0, {3084, 2923}, {255, 255, 255, 255} }},
	{{ {19737, 4981, 8175}, 0, {2056, 2923}, {255, 255, 255, 255} }},
	{{ {17202, 7092, 7125}, 0, {2056, 2040}, {255, 255, 255, 255} }},
	{{ {17439, 4981, 11658}, 0, {1028, 2923}, {255, 255, 255, 255} }},
	{{ {15198, 7092, 10160}, 0, {1028, 2040}, {255, 255, 255, 255} }},
	{{ {10160, 7092, -15198}, 0, {1028, 2040}, {255, 255, 255, 255} }},
	{{ {11658, 4981, -17439}, 0, {1028, 2923}, {255, 255, 255, 255} }},
	{{ {15140, 4981, -15140}, 0, {0, 2923}, {255, 255, 255, 255} }},
	{{ {13195, 7092, -13195}, 0, {0, 2040}, {255, 255, 255, 255} }},
	{{ {-15198, 7092, -10160}, 0, {1028, 2040}, {255, 255, 255, 255} }},
	{{ {-17439, 4981, -11658}, 0, {1028, 2923}, {255, 255, 255, 255} }},
	{{ {-15140, 4981, -15140}, 0, {0, 2923}, {255, 255, 255, 255} }},
	{{ {-13195, 7092, -13195}, 0, {0, 2040}, {255, 255, 255, 255} }},
	{{ {-10160, 7092, 15198}, 0, {1028, 2040}, {255, 255, 255, 255} }},
	{{ {-11658, 4981, 17439}, 0, {1028, 2923}, {255, 255, 255, 255} }},
	{{ {-15140, 4981, 15140}, 0, {0, 2923}, {255, 255, 255, 255} }},
	{{ {-13195, 7092, 13195}, 0, {0, 2040}, {255, 255, 255, 255} }},
	{{ {15198, 7092, 10160}, 0, {1028, 2040}, {255, 255, 255, 255} }},
	{{ {17439, 4981, 11658}, 0, {1028, 2923}, {255, 255, 255, 255} }},
	{{ {15140, 4981, 15140}, 0, {0, 2923}, {255, 255, 255, 255} }},
	{{ {13195, 7092, 13195}, 0, {0, 2040}, {255, 255, 255, 255} }},
	{{ {-10160, 7092, -15198}, 0, {7196, 2040}, {255, 255, 255, 255} }},
	{{ {-11658, 4981, -17439}, 0, {7196, 2923}, {255, 255, 255, 255} }},
	{{ {-8175, 4981, -19737}, 0, {6168, 2923}, {255, 255, 255, 255} }},
	{{ {-7125, 7092, -17202}, 0, {6168, 2040}, {255, 255, 255, 255} }},
	{{ {-4088, 4981, -20574}, 0, {5140, 2923}, {255, 255, 255, 255} }},
	{{ {-3563, 7092, -17931}, 0, {5140, 2040}, {255, 255, 255, 255} }},
	{{ {-15198, 7092, 10160}, 0, {7196, 2040}, {255, 255, 255, 255} }},
	{{ {-17439, 4981, 11658}, 0, {7196, 2923}, {255, 255, 255, 255} }},
	{{ {-19737, 4981, 8175}, 0, {6168, 2923}, {255, 255, 255, 255} }},
	{{ {-17202, 7092, 7125}, 0, {6168, 2040}, {255, 255, 255, 255} }},
	{{ {-20574, 4981, 4088}, 0, {5140, 2923}, {255, 255, 255, 255} }},
	{{ {-17931, 7092, 3563}, 0, {5140, 2040}, {255, 255, 255, 255} }},
	{{ {10160, 7092, 15198}, 0, {7196, 2040}, {255, 255, 255, 255} }},
	{{ {11658, 4981, 17439}, 0, {7196, 2923}, {255, 255, 255, 255} }},
	{{ {8175, 4981, 19737}, 0, {6168, 2923}, {255, 255, 255, 255} }},
	{{ {7125, 7092, 17202}, 0, {6168, 2040}, {255, 255, 255, 255} }},
	{{ {4088, 4981, 20574}, 0, {5140, 2923}, {255, 255, 255, 255} }},
	{{ {3563, 7092, 17931}, 0, {5140, 2040}, {255, 255, 255, 255} }},
	{{ {15198, 7092, -10160}, 0, {7196, 2040}, {255, 255, 255, 255} }},
	{{ {17439, 4981, -11658}, 0, {7196, 2923}, {255, 255, 255, 255} }},
	{{ {19737, 4981, -8175}, 0, {6168, 2923}, {255, 255, 255, 255} }},
	{{ {17202, 7092, -7125}, 0, {6168, 2040}, {255, 255, 255, 255} }},
	{{ {20574, 4981, -4088}, 0, {5140, 2923}, {255, 255, 255, 255} }},
	{{ {17931, 7092, -3563}, 0, {5140, 2040}, {255, 255, 255, 255} }},
	{{ {4296, 0, -21621}, 0, {3084, 5012}, {255, 255, 255, 255} }},
	{{ {4251, -2491, -21397}, 0, {3084, 6040}, {255, 255, 255, 255} }},
	{{ {8502, -2491, -20527}, 0, {2056, 6040}, {255, 255, 255, 255} }},
	{{ {8591, 0, -20741}, 0, {2056, 5012}, {255, 255, 255, 255} }},
	{{ {-21621, 0, -4296}, 0, {3084, 5012}, {255, 255, 255, 255} }},
	{{ {-21397, -2491, -4251}, 0, {3084, 6040}, {255, 255, 255, 255} }},
	{{ {-20527, -2491, -8502}, 0, {2056, 6040}, {255, 255, 255, 255} }},
	{{ {-20741, 0, -8591}, 0, {2056, 5012}, {255, 255, 255, 255} }},
	{{ {-4296, 0, 21621}, 0, {3084, 5012}, {255, 255, 255, 255} }},
	{{ {-4251, -2491, 21397}, 0, {3084, 6040}, {255, 255, 255, 255} }},
	{{ {-8502, -2491, 20527}, 0, {2056, 6040}, {255, 255, 255, 255} }},
	{{ {-8591, 0, 20741}, 0, {2056, 5012}, {255, 255, 255, 255} }},
	{{ {21621, 0, 4296}, 0, {3084, 5012}, {255, 255, 255, 255} }},
	{{ {21397, -2491, 4251}, 0, {3084, 6040}, {255, 255, 255, 255} }},
	{{ {20527, -2491, 8502}, 0, {2056, 6040}, {255, 255, 255, 255} }},
	{{ {20741, 0, 8591}, 0, {2056, 5012}, {255, 255, 255, 255} }},
	{{ {-15745, -2491, -15745}, 0, {8224, 6040}, {255, 255, 255, 255} }},
	{{ {-15581, -4981, -15581}, 0, {8224, 7068}, {255, 255, 255, 255} }},
	{{ {-11997, -4981, -17947}, 0, {7196, 7068}, {255, 255, 255, 255} }},
	{{ {-10763, -6310, -16100}, 0, {7196, 7630}, {255, 255, 255, 255} }},
	{{ {-13978, -6310, -13978}, 0, {8224, 7630}, {255, 255, 255, 255} }},
	{{ {-12124, -2491, -18136}, 0, {7196, 6040}, {255, 255, 255, 255} }},
	{{ {-15745, -2491, 15745}, 0, {8224, 6040}, {255, 255, 255, 255} }},
	{{ {-15581, -4981, 15581}, 0, {8224, 7068}, {255, 255, 255, 255} }},
	{{ {-17947, -4981, 11997}, 0, {7196, 7068}, {255, 255, 255, 255} }},
	{{ {-16100, -6310, 10763}, 0, {7196, 7630}, {255, 255, 255, 255} }},
	{{ {-13978, -6310, 13978}, 0, {8224, 7630}, {255, 255, 255, 255} }},
	{{ {-18136, -2491, 12124}, 0, {7196, 6040}, {255, 255, 255, 255} }},
	{{ {15745, -2491, 15745}, 0, {8224, 6040}, {255, 255, 255, 255} }},
	{{ {15581, -4981, 15581}, 0, {8224, 7068}, {255, 255, 255, 255} }},
	{{ {11997, -4981, 17947}, 0, {7196, 7068}, {255, 255, 255, 255} }},
	{{ {10763, -6310, 16100}, 0, {7196, 7630}, {255, 255, 255, 255} }},
	{{ {13978, -6310, 13978}, 0, {8224, 7630}, {255, 255, 255, 255} }},
	{{ {12124, -2491, 18136}, 0, {7196, 6040}, {255, 255, 255, 255} }},
	{{ {15745, -2491, -15745}, 0, {8224, 6040}, {255, 255, 255, 255} }},
	{{ {15581, -4981, -15581}, 0, {8224, 7068}, {255, 255, 255, 255} }},
	{{ {17947, -4981, -11997}, 0, {7196, 7068}, {255, 255, 255, 255} }},
	{{ {16100, -6310, -10763}, 0, {7196, 7630}, {255, 255, 255, 255} }},
	{{ {13978, -6310, -13978}, 0, {8224, 7630}, {255, 255, 255, 255} }},
	{{ {18136, -2491, -12124}, 0, {7196, 6040}, {255, 255, 255, 255} }},
	{{ {-8502, -2491, -20527}, 0, {6168, 6040}, {255, 255, 255, 255} }},
	{{ {-8414, -4981, -20312}, 0, {6168, 7068}, {255, 255, 255, 255} }},
	{{ {-4207, -4981, -21173}, 0, {5140, 7068}, {255, 255, 255, 255} }},
	{{ {-3774, -6310, -18995}, 0, {5140, 7630}, {255, 255, 255, 255} }},
	{{ {-7548, -6310, -18223}, 0, {6168, 7630}, {255, 255, 255, 255} }},
	{{ {-4251, -2491, -21397}, 0, {5140, 6040}, {255, 255, 255, 255} }},
	{{ {-20527, -2491, 8502}, 0, {6168, 6040}, {255, 255, 255, 255} }},
	{{ {-20312, -4981, 8414}, 0, {6168, 7068}, {255, 255, 255, 255} }},
	{{ {-21173, -4981, 4207}, 0, {5140, 7068}, {255, 255, 255, 255} }},
	{{ {-18995, -6310, 3774}, 0, {5140, 7630}, {255, 255, 255, 255} }},
	{{ {-18223, -6310, 7548}, 0, {6168, 7630}, {255, 255, 255, 255} }},
	{{ {-21397, -2491, 4251}, 0, {5140, 6040}, {255, 255, 255, 255} }},
	{{ {8502, -2491, 20527}, 0, {6168, 6040}, {255, 255, 255, 255} }},
	{{ {8414, -4981, 20312}, 0, {6168, 7068}, {255, 255, 255, 255} }},
	{{ {4207, -4981, 21173}, 0, {5140, 7068}, {255, 255, 255, 255} }},
	{{ {3774, -6310, 18995}, 0, {5140, 7630}, {255, 255, 255, 255} }},
	{{ {7548, -6310, 18223}, 0, {6168, 7630}, {255, 255, 255, 255} }},
	{{ {4251, -2491, 21397}, 0, {5140, 6040}, {255, 255, 255, 255} }},
	{{ {20527, -2491, -8502}, 0, {6168, 6040}, {255, 255, 255, 255} }},
	{{ {20312, -4981, -8414}, 0, {6168, 7068}, {255, 255, 255, 255} }},
	{{ {21173, -4981, -4207}, 0, {5140, 7068}, {255, 255, 255, 255} }},
	{{ {18995, -6310, -3774}, 0, {5140, 7630}, {255, 255, 255, 255} }},
	{{ {18223, -6310, -7548}, 0, {6168, 7630}, {255, 255, 255, 255} }},
	{{ {21397, -2491, -4251}, 0, {5140, 6040}, {255, 255, 255, 255} }},
	{{ {-12251, 0, -18326}, 0, {7196, 5012}, {255, 255, 255, 255} }},
	{{ {-12124, -2491, -18136}, 0, {7196, 6040}, {255, 255, 255, 255} }},
	{{ {-8502, -2491, -20527}, 0, {6168, 6040}, {255, 255, 255, 255} }},
	{{ {-8591, 0, -20741}, 0, {6168, 5012}, {255, 255, 255, 255} }},
	{{ {-18326, 0, 12251}, 0, {7196, 5012}, {255, 255, 255, 255} }},
	{{ {-18136, -2491, 12124}, 0, {7196, 6040}, {255, 255, 255, 255} }},
	{{ {-20527, -2491, 8502}, 0, {6168, 6040}, {255, 255, 255, 255} }},
	{{ {-20741, 0, 8591}, 0, {6168, 5012}, {255, 255, 255, 255} }},
	{{ {12251, 0, 18326}, 0, {7196, 5012}, {255, 255, 255, 255} }},
	{{ {12124, -2491, 18136}, 0, {7196, 6040}, {255, 255, 255, 255} }},
	{{ {8502, -2491, 20527}, 0, {6168, 6040}, {255, 255, 255, 255} }},
	{{ {8591, 0, 20741}, 0, {6168, 5012}, {255, 255, 255, 255} }},
	{{ {18326, 0, -12251}, 0, {7196, 5012}, {255, 255, 255, 255} }},
	{{ {18136, -2491, -12124}, 0, {7196, 6040}, {255, 255, 255, 255} }},
	{{ {20527, -2491, -8502}, 0, {6168, 6040}, {255, 255, 255, 255} }},
	{{ {20741, 0, -8591}, 0, {6168, 5012}, {255, 255, 255, 255} }},
	{{ {8502, -2491, -20527}, 0, {2056, 6040}, {255, 255, 255, 255} }},
	{{ {8414, -4981, -20312}, 0, {2056, 7068}, {255, 255, 255, 255} }},
	{{ {11997, -4981, -17947}, 0, {1028, 7068}, {255, 255, 255, 255} }},
	{{ {10763, -6310, -16100}, 0, {1028, 7630}, {255, 255, 255, 255} }},
	{{ {7548, -6310, -18223}, 0, {2056, 7630}, {255, 255, 255, 255} }},
	{{ {12124, -2491, -18136}, 0, {1028, 6040}, {255, 255, 255, 255} }},
	{{ {-20527, -2491, -8502}, 0, {2056, 6040}, {255, 255, 255, 255} }},
	{{ {-20312, -4981, -8414}, 0, {2056, 7068}, {255, 255, 255, 255} }},
	{{ {-17947, -4981, -11997}, 0, {1028, 7068}, {255, 255, 255, 255} }},
	{{ {-16100, -6310, -10763}, 0, {1028, 7630}, {255, 255, 255, 255} }},
	{{ {-18223, -6310, -7548}, 0, {2056, 7630}, {255, 255, 255, 255} }},
	{{ {-18136, -2491, -12124}, 0, {1028, 6040}, {255, 255, 255, 255} }},
	{{ {-8502, -2491, 20527}, 0, {2056, 6040}, {255, 255, 255, 255} }},
	{{ {-8414, -4981, 20312}, 0, {2056, 7068}, {255, 255, 255, 255} }},
	{{ {-11997, -4981, 17947}, 0, {1028, 7068}, {255, 255, 255, 255} }},
	{{ {-10763, -6310, 16100}, 0, {1028, 7630}, {255, 255, 255, 255} }},
	{{ {-7548, -6310, 18223}, 0, {2056, 7630}, {255, 255, 255, 255} }},
	{{ {-12124, -2491, 18136}, 0, {1028, 6040}, {255, 255, 255, 255} }},
	{{ {20527, -2491, 8502}, 0, {2056, 6040}, {255, 255, 255, 255} }},
	{{ {20312, -4981, 8414}, 0, {2056, 7068}, {255, 255, 255, 255} }},
	{{ {17947, -4981, 11997}, 0, {1028, 7068}, {255, 255, 255, 255} }},
	{{ {16100, -6310, 10763}, 0, {1028, 7630}, {255, 255, 255, 255} }},
	{{ {18223, -6310, 7548}, 0, {2056, 7630}, {255, 255, 255, 255} }},
	{{ {18136, -2491, 12124}, 0, {1028, 6040}, {255, 255, 255, 255} }},
	{{ {-12124, -2491, -18136}, 0, {7196, 6040}, {255, 255, 255, 255} }},
	{{ {-8414, -4981, -20312}, 0, {6168, 7068}, {255, 255, 255, 255} }},
	{{ {-8502, -2491, -20527}, 0, {6168, 6040}, {255, 255, 255, 255} }},
	{{ {-11997, -4981, -17947}, 0, {7196, 7068}, {255, 255, 255, 255} }},
	{{ {-7548, -6310, -18223}, 0, {6168, 7630}, {255, 255, 255, 255} }},
	{{ {-10763, -6310, -16100}, 0, {7196, 7630}, {255, 255, 255, 255} }},
	{{ {-18136, -2491, 12124}, 0, {7196, 6040}, {255, 255, 255, 255} }},
	{{ {-20312, -4981, 8414}, 0, {6168, 7068}, {255, 255, 255, 255} }},
	{{ {-20527, -2491, 8502}, 0, {6168, 6040}, {255, 255, 255, 255} }},
	{{ {-17947, -4981, 11997}, 0, {7196, 7068}, {255, 255, 255, 255} }},
	{{ {-18223, -6310, 7548}, 0, {6168, 7630}, {255, 255, 255, 255} }},
	{{ {-16100, -6310, 10763}, 0, {7196, 7630}, {255, 255, 255, 255} }},
	{{ {12124, -2491, 18136}, 0, {7196, 6040}, {255, 255, 255, 255} }},
	{{ {8414, -4981, 20312}, 0, {6168, 7068}, {255, 255, 255, 255} }},
	{{ {8502, -2491, 20527}, 0, {6168, 6040}, {255, 255, 255, 255} }},
	{{ {11997, -4981, 17947}, 0, {7196, 7068}, {255, 255, 255, 255} }},
	{{ {7548, -6310, 18223}, 0, {6168, 7630}, {255, 255, 255, 255} }},
	{{ {10763, -6310, 16100}, 0, {7196, 7630}, {255, 255, 255, 255} }},
	{{ {18136, -2491, -12124}, 0, {7196, 6040}, {255, 255, 255, 255} }},
	{{ {20312, -4981, -8414}, 0, {6168, 7068}, {255, 255, 255, 255} }},
	{{ {20527, -2491, -8502}, 0, {6168, 6040}, {255, 255, 255, 255} }},
	{{ {17947, -4981, -11997}, 0, {7196, 7068}, {255, 255, 255, 255} }},
	{{ {18223, -6310, -7548}, 0, {6168, 7630}, {255, 255, 255, 255} }},
	{{ {16100, -6310, -10763}, 0, {7196, 7630}, {255, 255, 255, 255} }},
	{{ {12251, 0, -18326}, 0, {1028, 5012}, {255, 255, 255, 255} }},
	{{ {15745, -2491, -15745}, 0, {0, 6040}, {255, 255, 255, 255} }},
	{{ {15910, 0, -15910}, 0, {0, 5012}, {255, 255, 255, 255} }},
	{{ {12124, -2491, -18136}, 0, {1028, 6040}, {255, 255, 255, 255} }},
	{{ {-18326, 0, -12251}, 0, {1028, 5012}, {255, 255, 255, 255} }},
	{{ {-15745, -2491, -15745}, 0, {0, 6040}, {255, 255, 255, 255} }},
	{{ {-15910, 0, -15910}, 0, {0, 5012}, {255, 255, 255, 255} }},
	{{ {-18136, -2491, -12124}, 0, {1028, 6040}, {255, 255, 255, 255} }},
	{{ {-12251, 0, 18326}, 0, {1028, 5012}, {255, 255, 255, 255} }},
	{{ {-15745, -2491, 15745}, 0, {0, 6040}, {255, 255, 255, 255} }},
	{{ {-15910, 0, 15910}, 0, {0, 5012}, {255, 255, 255, 255} }},
	{{ {-12124, -2491, 18136}, 0, {1028, 6040}, {255, 255, 255, 255} }},
	{{ {18326, 0, 12251}, 0, {1028, 5012}, {255, 255, 255, 255} }},
	{{ {15745, -2491, 15745}, 0, {0, 6040}, {255, 255, 255, 255} }},
	{{ {15910, 0, 15910}, 0, {0, 5012}, {255, 255, 255, 255} }},
	{{ {18136, -2491, 12124}, 0, {1028, 6040}, {255, 255, 255, 255} }},
	{{ {12124, -2491, -18136}, 0, {1028, 6040}, {255, 255, 255, 255} }},
	{{ {15581, -4981, -15581}, 0, {0, 7068}, {255, 255, 255, 255} }},
	{{ {15745, -2491, -15745}, 0, {0, 6040}, {255, 255, 255, 255} }},
	{{ {11997, -4981, -17947}, 0, {1028, 7068}, {255, 255, 255, 255} }},
	{{ {13978, -6310, -13978}, 0, {0, 7630}, {255, 255, 255, 255} }},
	{{ {10763, -6310, -16100}, 0, {1028, 7630}, {255, 255, 255, 255} }},
	{{ {-18136, -2491, -12124}, 0, {1028, 6040}, {255, 255, 255, 255} }},
	{{ {-15581, -4981, -15581}, 0, {0, 7068}, {255, 255, 255, 255} }},
	{{ {-15745, -2491, -15745}, 0, {0, 6040}, {255, 255, 255, 255} }},
	{{ {-17947, -4981, -11997}, 0, {1028, 7068}, {255, 255, 255, 255} }},
	{{ {-13978, -6310, -13978}, 0, {0, 7630}, {255, 255, 255, 255} }},
	{{ {-16100, -6310, -10763}, 0, {1028, 7630}, {255, 255, 255, 255} }},
	{{ {-12124, -2491, 18136}, 0, {1028, 6040}, {255, 255, 255, 255} }},
	{{ {-15581, -4981, 15581}, 0, {0, 7068}, {255, 255, 255, 255} }},
	{{ {-15745, -2491, 15745}, 0, {0, 6040}, {255, 255, 255, 255} }},
	{{ {-11997, -4981, 17947}, 0, {1028, 7068}, {255, 255, 255, 255} }},
	{{ {-13978, -6310, 13978}, 0, {0, 7630}, {255, 255, 255, 255} }},
	{{ {-10763, -6310, 16100}, 0, {1028, 7630}, {255, 255, 255, 255} }},
	{{ {18136, -2491, 12124}, 0, {1028, 6040}, {255, 255, 255, 255} }},
	{{ {15581, -4981, 15581}, 0, {0, 7068}, {255, 255, 255, 255} }},
	{{ {15745, -2491, 15745}, 0, {0, 6040}, {255, 255, 255, 255} }},
	{{ {17947, -4981, 11997}, 0, {1028, 7068}, {255, 255, 255, 255} }},
	{{ {13978, -6310, 13978}, 0, {0, 7630}, {255, 255, 255, 255} }},
	{{ {16100, -6310, 10763}, 0, {1028, 7630}, {255, 255, 255, 255} }},
	{{ {0, 0, -22500}, 0, {4112, 5012}, {255, 255, 255, 255} }},
	{{ {4251, -2491, -21397}, 0, {3084, 6040}, {255, 255, 255, 255} }},
	{{ {4296, 0, -21621}, 0, {3084, 5012}, {255, 255, 255, 255} }},
	{{ {0, -2491, -22267}, 0, {4112, 6040}, {255, 255, 255, 255} }},
	{{ {-22500, 0, 0}, 0, {4112, 5012}, {255, 255, 255, 255} }},
	{{ {-21397, -2491, -4251}, 0, {3084, 6040}, {255, 255, 255, 255} }},
	{{ {-21621, 0, -4296}, 0, {3084, 5012}, {255, 255, 255, 255} }},
	{{ {-22267, -2491, 0}, 0, {4112, 6040}, {255, 255, 255, 255} }},
	{{ {0, 0, 22500}, 0, {4112, 5012}, {255, 255, 255, 255} }},
	{{ {-4251, -2491, 21397}, 0, {3084, 6040}, {255, 255, 255, 255} }},
	{{ {-4296, 0, 21621}, 0, {3084, 5012}, {255, 255, 255, 255} }},
	{{ {0, -2491, 22267}, 0, {4112, 6040}, {255, 255, 255, 255} }},
	{{ {22500, 0, 0}, 0, {4112, 5012}, {255, 255, 255, 255} }},
	{{ {21397, -2491, 4251}, 0, {3084, 6040}, {255, 255, 255, 255} }},
	{{ {21621, 0, 4296}, 0, {3084, 5012}, {255, 255, 255, 255} }},
	{{ {22267, -2491, 0}, 0, {4112, 6040}, {255, 255, 255, 255} }},
	{{ {-4251, -2491, -21397}, 0, {5140, 6040}, {255, 255, 255, 255} }},
	{{ {-4207, -4981, -21173}, 0, {5140, 7068}, {255, 255, 255, 255} }},
	{{ {0, -4981, -22035}, 0, {4112, 7068}, {255, 255, 255, 255} }},
	{{ {0, -6310, -19768}, 0, {4112, 7630}, {255, 255, 255, 255} }},
	{{ {-3774, -6310, -18995}, 0, {5140, 7630}, {255, 255, 255, 255} }},
	{{ {0, -2491, -22267}, 0, {4112, 6040}, {255, 255, 255, 255} }},
	{{ {-21397, -2491, 4251}, 0, {5140, 6040}, {255, 255, 255, 255} }},
	{{ {-21173, -4981, 4207}, 0, {5140, 7068}, {255, 255, 255, 255} }},
	{{ {-22035, -4981, 0}, 0, {4112, 7068}, {255, 255, 255, 255} }},
	{{ {-19768, -6310, 0}, 0, {4112, 7630}, {255, 255, 255, 255} }},
	{{ {-18995, -6310, 3774}, 0, {5140, 7630}, {255, 255, 255, 255} }},
	{{ {-22267, -2491, 0}, 0, {4112, 6040}, {255, 255, 255, 255} }},
	{{ {4251, -2491, 21397}, 0, {5140, 6040}, {255, 255, 255, 255} }},
	{{ {4207, -4981, 21173}, 0, {5140, 7068}, {255, 255, 255, 255} }},
	{{ {0, -4981, 22035}, 0, {4112, 7068}, {255, 255, 255, 255} }},
	{{ {0, -6310, 19768}, 0, {4112, 7630}, {255, 255, 255, 255} }},
	{{ {3774, -6310, 18995}, 0, {5140, 7630}, {255, 255, 255, 255} }},
	{{ {0, -2491, 22267}, 0, {4112, 6040}, {255, 255, 255, 255} }},
	{{ {21397, -2491, -4251}, 0, {5140, 6040}, {255, 255, 255, 255} }},
	{{ {21173, -4981, -4207}, 0, {5140, 7068}, {255, 255, 255, 255} }},
	{{ {22035, -4981, 0}, 0, {4112, 7068}, {255, 255, 255, 255} }},
	{{ {19768, -6310, 0}, 0, {4112, 7630}, {255, 255, 255, 255} }},
	{{ {18995, -6310, -3774}, 0, {5140, 7630}, {255, 255, 255, 255} }},
	{{ {22267, -2491, 0}, 0, {4112, 6040}, {255, 255, 255, 255} }},
	{{ {-4296, 0, -21621}, 0, {5140, 5012}, {255, 255, 255, 255} }},
	{{ {-4251, -2491, -21397}, 0, {5140, 6040}, {255, 255, 255, 255} }},
	{{ {0, -2491, -22267}, 0, {4112, 6040}, {255, 255, 255, 255} }},
	{{ {0, 0, -22500}, 0, {4112, 5012}, {255, 255, 255, 255} }},
	{{ {-21621, 0, 4296}, 0, {5140, 5012}, {255, 255, 255, 255} }},
	{{ {-21397, -2491, 4251}, 0, {5140, 6040}, {255, 255, 255, 255} }},
	{{ {-22267, -2491, 0}, 0, {4112, 6040}, {255, 255, 255, 255} }},
	{{ {-22500, 0, 0}, 0, {4112, 5012}, {255, 255, 255, 255} }},
	{{ {4296, 0, 21621}, 0, {5140, 5012}, {255, 255, 255, 255} }},
	{{ {4251, -2491, 21397}, 0, {5140, 6040}, {255, 255, 255, 255} }},
	{{ {0, -2491, 22267}, 0, {4112, 6040}, {255, 255, 255, 255} }},
	{{ {0, 0, 22500}, 0, {4112, 5012}, {255, 255, 255, 255} }},
	{{ {21621, 0, -4296}, 0, {5140, 5012}, {255, 255, 255, 255} }},
	{{ {21397, -2491, -4251}, 0, {5140, 6040}, {255, 255, 255, 255} }},
	{{ {22267, -2491, 0}, 0, {4112, 6040}, {255, 255, 255, 255} }},
	{{ {22500, 0, 0}, 0, {4112, 5012}, {255, 255, 255, 255} }},
	{{ {0, -2491, -22267}, 0, {4112, 6040}, {255, 255, 255, 255} }},
	{{ {0, -4981, -22035}, 0, {4112, 7068}, {255, 255, 255, 255} }},
	{{ {4207, -4981, -21173}, 0, {3084, 7068}, {255, 255, 255, 255} }},
	{{ {4251, -2491, -21397}, 0, {3084, 6040}, {255, 255, 255, 255} }},
	{{ {-22267, -2491, 0}, 0, {4112, 6040}, {255, 255, 255, 255} }},
	{{ {-22035, -4981, 0}, 0, {4112, 7068}, {255, 255, 255, 255} }},
	{{ {-21173, -4981, -4207}, 0, {3084, 7068}, {255, 255, 255, 255} }},
	{{ {-21397, -2491, -4251}, 0, {3084, 6040}, {255, 255, 255, 255} }},
	{{ {0, -2491, 22267}, 0, {4112, 6040}, {255, 255, 255, 255} }},
	{{ {0, -4981, 22035}, 0, {4112, 7068}, {255, 255, 255, 255} }},
	{{ {-4207, -4981, 21173}, 0, {3084, 7068}, {255, 255, 255, 255} }},
	{{ {-4251, -2491, 21397}, 0, {3084, 6040}, {255, 255, 255, 255} }},
	{{ {22267, -2491, 0}, 0, {4112, 6040}, {255, 255, 255, 255} }},
	{{ {22035, -4981, 0}, 0, {4112, 7068}, {255, 255, 255, 255} }},
	{{ {21173, -4981, 4207}, 0, {3084, 7068}, {255, 255, 255, 255} }},
	{{ {21397, -2491, 4251}, 0, {3084, 6040}, {255, 255, 255, 255} }},
	{{ {8591, 0, -20741}, 0, {2056, 5012}, {255, 255, 255, 255} }},
	{{ {8502, -2491, -20527}, 0, {2056, 6040}, {255, 255, 255, 255} }},
	{{ {12124, -2491, -18136}, 0, {1028, 6040}, {255, 255, 255, 255} }},
	{{ {12251, 0, -18326}, 0, {1028, 5012}, {255, 255, 255, 255} }},
	{{ {-20741, 0, -8591}, 0, {2056, 5012}, {255, 255, 255, 255} }},
	{{ {-20527, -2491, -8502}, 0, {2056, 6040}, {255, 255, 255, 255} }},
	{{ {-18136, -2491, -12124}, 0, {1028, 6040}, {255, 255, 255, 255} }},
	{{ {-18326, 0, -12251}, 0, {1028, 5012}, {255, 255, 255, 255} }},
	{{ {-8591, 0, 20741}, 0, {2056, 5012}, {255, 255, 255, 255} }},
	{{ {-8502, -2491, 20527}, 0, {2056, 6040}, {255, 255, 255, 255} }},
	{{ {-12124, -2491, 18136}, 0, {1028, 6040}, {255, 255, 255, 255} }},
	{{ {-12251, 0, 18326}, 0, {1028, 5012}, {255, 255, 255, 255} }},
	{{ {20741, 0, 8591}, 0, {2056, 5012}, {255, 255, 255, 255} }},
	{{ {20527, -2491, 8502}, 0, {2056, 6040}, {255, 255, 255, 255} }},
	{{ {18136, -2491, 12124}, 0, {1028, 6040}, {255, 255, 255, 255} }},
	{{ {18326, 0, 12251}, 0, {1028, 5012}, {255, 255, 255, 255} }},
	{{ {-15910, 0, -15910}, 0, {8224, 5012}, {255, 255, 255, 255} }},
	{{ {-15745, -2491, -15745}, 0, {8224, 6040}, {255, 255, 255, 255} }},
	{{ {-12124, -2491, -18136}, 0, {7196, 6040}, {255, 255, 255, 255} }},
	{{ {-12251, 0, -18326}, 0, {7196, 5012}, {255, 255, 255, 255} }},
	{{ {-15910, 0, 15910}, 0, {8224, 5012}, {255, 255, 255, 255} }},
	{{ {-15745, -2491, 15745}, 0, {8224, 6040}, {255, 255, 255, 255} }},
	{{ {-18136, -2491, 12124}, 0, {7196, 6040}, {255, 255, 255, 255} }},
	{{ {-18326, 0, 12251}, 0, {7196, 5012}, {255, 255, 255, 255} }},
	{{ {15910, 0, 15910}, 0, {8224, 5012}, {255, 255, 255, 255} }},
	{{ {15745, -2491, 15745}, 0, {8224, 6040}, {255, 255, 255, 255} }},
	{{ {12124, -2491, 18136}, 0, {7196, 6040}, {255, 255, 255, 255} }},
	{{ {12251, 0, 18326}, 0, {7196, 5012}, {255, 255, 255, 255} }},
	{{ {15910, 0, -15910}, 0, {8224, 5012}, {255, 255, 255, 255} }},
	{{ {15745, -2491, -15745}, 0, {8224, 6040}, {255, 255, 255, 255} }},
	{{ {18136, -2491, -12124}, 0, {7196, 6040}, {255, 255, 255, 255} }},
	{{ {18326, 0, -12251}, 0, {7196, 5012}, {255, 255, 255, 255} }},
	{{ {-8591, 0, -20741}, 0, {6168, 5012}, {255, 255, 255, 255} }},
	{{ {-8502, -2491, -20527}, 0, {6168, 6040}, {255, 255, 255, 255} }},
	{{ {-4251, -2491, -21397}, 0, {5140, 6040}, {255, 255, 255, 255} }},
	{{ {-4296, 0, -21621}, 0, {5140, 5012}, {255, 255, 255, 255} }},
	{{ {-20741, 0, 8591}, 0, {6168, 5012}, {255, 255, 255, 255} }},
	{{ {-20527, -2491, 8502}, 0, {6168, 6040}, {255, 255, 255, 255} }},
	{{ {-21397, -2491, 4251}, 0, {5140, 6040}, {255, 255, 255, 255} }},
	{{ {-21621, 0, 4296}, 0, {5140, 5012}, {255, 255, 255, 255} }},
	{{ {8591, 0, 20741}, 0, {6168, 5012}, {255, 255, 255, 255} }},
	{{ {8502, -2491, 20527}, 0, {6168, 6040}, {255, 255, 255, 255} }},
	{{ {4251, -2491, 21397}, 0, {5140, 6040}, {255, 255, 255, 255} }},
	{{ {4296, 0, 21621}, 0, {5140, 5012}, {255, 255, 255, 255} }},
	{{ {20741, 0, -8591}, 0, {6168, 5012}, {255, 255, 255, 255} }},
	{{ {20527, -2491, -8502}, 0, {6168, 6040}, {255, 255, 255, 255} }},
	{{ {21397, -2491, -4251}, 0, {5140, 6040}, {255, 255, 255, 255} }},
	{{ {21621, 0, -4296}, 0, {5140, 5012}, {255, 255, 255, 255} }},
	{{ {-13978, -6310, -13978}, 0, {8224, 7630}, {255, 255, 255, 255} }},
	{{ {-12375, -7639, -12375}, 0, {8224, 8192}, {255, 255, 255, 255} }},
	{{ {-9529, -7639, -14254}, 0, {7196, 8192}, {255, 255, 255, 255} }},
	{{ {-10763, -6310, -16100}, 0, {7196, 7630}, {255, 255, 255, 255} }},
	{{ {-6682, -7639, -16133}, 0, {6168, 8192}, {255, 255, 255, 255} }},
	{{ {-7548, -6310, -18223}, 0, {6168, 7630}, {255, 255, 255, 255} }},
	{{ {-3341, -7639, -16817}, 0, {5140, 8192}, {255, 255, 255, 255} }},
	{{ {-3774, -6310, -18995}, 0, {5140, 7630}, {255, 255, 255, 255} }},
	{{ {-13978, -6310, 13978}, 0, {8224, 7630}, {255, 255, 255, 255} }},
	{{ {-12375, -7639, 12375}, 0, {8224, 8192}, {255, 255, 255, 255} }},
	{{ {-14254, -7639, 9529}, 0, {7196, 8192}, {255, 255, 255, 255} }},
	{{ {-16100, -6310, 10763}, 0, {7196, 7630}, {255, 255, 255, 255} }},
	{{ {-16133, -7639, 6682}, 0, {6168, 8192}, {255, 255, 255, 255} }},
	{{ {-18223, -6310, 7548}, 0, {6168, 7630}, {255, 255, 255, 255} }},
	{{ {-16817, -7639, 3341}, 0, {5140, 8192}, {255, 255, 255, 255} }},
	{{ {-18995, -6310, 3774}, 0, {5140, 7630}, {255, 255, 255, 255} }},
	{{ {13978, -6310, 13978}, 0, {8224, 7630}, {255, 255, 255, 255} }},
	{{ {12375, -7639, 12375}, 0, {8224, 8192}, {255, 255, 255, 255} }},
	{{ {9529, -7639, 14254}, 0, {7196, 8192}, {255, 255, 255, 255} }},
	{{ {10763, -6310, 16100}, 0, {7196, 7630}, {255, 255, 255, 255} }},
	{{ {6682, -7639, 16133}, 0, {6168, 8192}, {255, 255, 255, 255} }},
	{{ {7548, -6310, 18223}, 0, {6168, 7630}, {255, 255, 255, 255} }},
	{{ {3341, -7639, 16817}, 0, {5140, 8192}, {255, 255, 255, 255} }},
	{{ {3774, -6310, 18995}, 0, {5140, 7630}, {255, 255, 255, 255} }},
	{{ {13978, -6310, -13978}, 0, {8224, 7630}, {255, 255, 255, 255} }},
	{{ {12375, -7639, -12375}, 0, {8224, 8192}, {255, 255, 255, 255} }},
	{{ {14254, -7639, -9529}, 0, {7196, 8192}, {255, 255, 255, 255} }},
	{{ {16100, -6310, -10763}, 0, {7196, 7630}, {255, 255, 255, 255} }},
	{{ {16133, -7639, -6682}, 0, {6168, 8192}, {255, 255, 255, 255} }},
	{{ {18223, -6310, -7548}, 0, {6168, 7630}, {255, 255, 255, 255} }},
	{{ {16817, -7639, -3341}, 0, {5140, 8192}, {255, 255, 255, 255} }},
	{{ {18995, -6310, -3774}, 0, {5140, 7630}, {255, 255, 255, 255} }},
	{{ {-3774, -6310, -18995}, 0, {5140, 7630}, {255, 255, 255, 255} }},
	{{ {-3341, -7639, -16817}, 0, {5140, 8192}, {255, 255, 255, 255} }},
	{{ {0, -7639, -17501}, 0, {4112, 8192}, {255, 255, 255, 255} }},
	{{ {0, -6310, -19768}, 0, {4112, 7630}, {255, 255, 255, 255} }},
	{{ {3774, -6310, -18995}, 0, {3084, 7630}, {255, 255, 255, 255} }},
	{{ {3341, -7639, -16817}, 0, {3084, 8192}, {255, 255, 255, 255} }},
	{{ {6682, -7639, -16133}, 0, {2056, 8192}, {255, 255, 255, 255} }},
	{{ {7548, -6310, -18223}, 0, {2056, 7630}, {255, 255, 255, 255} }},
	{{ {-18995, -6310, 3774}, 0, {5140, 7630}, {255, 255, 255, 255} }},
	{{ {-16817, -7639, 3341}, 0, {5140, 8192}, {255, 255, 255, 255} }},
	{{ {-17501, -7639, 0}, 0, {4112, 8192}, {255, 255, 255, 255} }},
	{{ {-19768, -6310, 0}, 0, {4112, 7630}, {255, 255, 255, 255} }},
	{{ {-18995, -6310, -3774}, 0, {3084, 7630}, {255, 255, 255, 255} }},
	{{ {-16817, -7639, -3341}, 0, {3084, 8192}, {255, 255, 255, 255} }},
	{{ {-16133, -7639, -6682}, 0, {2056, 8192}, {255, 255, 255, 255} }},
	{{ {-18223, -6310, -7548}, 0, {2056, 7630}, {255, 255, 255, 255} }},
	{{ {3774, -6310, 18995}, 0, {5140, 7630}, {255, 255, 255, 255} }},
	{{ {3341, -7639, 16817}, 0, {5140, 8192}, {255, 255, 255, 255} }},
	{{ {0, -7639, 17501}, 0, {4112, 8192}, {255, 255, 255, 255} }},
	{{ {0, -6310, 19768}, 0, {4112, 7630}, {255, 255, 255, 255} }},
	{{ {-3774, -6310, 18995}, 0, {3084, 7630}, {255, 255, 255, 255} }},
	{{ {-3341, -7639, 16817}, 0, {3084, 8192}, {255, 255, 255, 255} }},
	{{ {-6682, -7639, 16133}, 0, {2056, 8192}, {255, 255, 255, 255} }},
	{{ {-7548, -6310, 18223}, 0, {2056, 7630}, {255, 255, 255, 255} }},
	{{ {18995, -6310, -3774}, 0, {5140, 7630}, {255, 255, 255, 255} }},
	{{ {16817, -7639, -3341}, 0, {5140, 8192}, {255, 255, 255, 255} }},
	{{ {17501, -7639, 0}, 0, {4112, 8192}, {255, 255, 255, 255} }},
	{{ {19768, -6310, 0}, 0, {4112, 7630}, {255, 255, 255, 255} }},
	{{ {18995, -6310, 3774}, 0, {3084, 7630}, {255, 255, 255, 255} }},
	{{ {16817, -7639, 3341}, 0, {3084, 8192}, {255, 255, 255, 255} }},
	{{ {16133, -7639, 6682}, 0, {2056, 8192}, {255, 255, 255, 255} }},
	{{ {18223, -6310, 7548}, 0, {2056, 7630}, {255, 255, 255, 255} }},
	{{ {7548, -6310, -18223}, 0, {2056, 7630}, {255, 255, 255, 255} }},
	{{ {6682, -7639, -16133}, 0, {2056, 8192}, {255, 255, 255, 255} }},
	{{ {9529, -7639, -14254}, 0, {1028, 8192}, {255, 255, 255, 255} }},
	{{ {10763, -6310, -16100}, 0, {1028, 7630}, {255, 255, 255, 255} }},
	{{ {12375, -7639, -12375}, 0, {0, 8192}, {255, 255, 255, 255} }},
	{{ {13978, -6310, -13978}, 0, {0, 7630}, {255, 255, 255, 255} }},
	{{ {-18223, -6310, -7548}, 0, {2056, 7630}, {255, 255, 255, 255} }},
	{{ {-16133, -7639, -6682}, 0, {2056, 8192}, {255, 255, 255, 255} }},
	{{ {-14254, -7639, -9529}, 0, {1028, 8192}, {255, 255, 255, 255} }},
	{{ {-16100, -6310, -10763}, 0, {1028, 7630}, {255, 255, 255, 255} }},
	{{ {-12375, -7639, -12375}, 0, {0, 8192}, {255, 255, 255, 255} }},
	{{ {-13978, -6310, -13978}, 0, {0, 7630}, {255, 255, 255, 255} }},
	{{ {-7548, -6310, 18223}, 0, {2056, 7630}, {255, 255, 255, 255} }},
	{{ {-6682, -7639, 16133}, 0, {2056, 8192}, {255, 255, 255, 255} }},
	{{ {-9529, -7639, 14254}, 0, {1028, 8192}, {255, 255, 255, 255} }},
	{{ {-10763, -6310, 16100}, 0, {1028, 7630}, {255, 255, 255, 255} }},
	{{ {-12375, -7639, 12375}, 0, {0, 8192}, {255, 255, 255, 255} }},
	{{ {-13978, -6310, 13978}, 0, {0, 7630}, {255, 255, 255, 255} }},
	{{ {18223, -6310, 7548}, 0, {2056, 7630}, {255, 255, 255, 255} }},
	{{ {16133, -7639, 6682}, 0, {2056, 8192}, {255, 255, 255, 255} }},
	{{ {14254, -7639, 9529}, 0, {1028, 8192}, {255, 255, 255, 255} }},
	{{ {16100, -6310, 10763}, 0, {1028, 7630}, {255, 255, 255, 255} }},
	{{ {12375, -7639, 12375}, 0, {0, 8192}, {255, 255, 255, 255} }},
	{{ {13978, -6310, 13978}, 0, {0, 7630}, {255, 255, 255, 255} }},
	{{ {-11250, 9204, -11250}, 0, {8224, 1157}, {255, 255, 255, 255} }},
	{{ {-13195, 7092, -13195}, 0, {8224, 2040}, {255, 255, 255, 255} }},
	{{ {-10160, 7092, -15198}, 0, {7196, 2040}, {255, 255, 255, 255} }},
	{{ {-8662, 9204, -12958}, 0, {7196, 1157}, {255, 255, 255, 255} }},
	{{ {-7125, 7092, -17202}, 0, {6168, 2040}, {255, 255, 255, 255} }},
	{{ {-6075, 9204, -14666}, 0, {6168, 1157}, {255, 255, 255, 255} }},
	{{ {-11250, 9204, 11250}, 0, {8224, 1157}, {255, 255, 255, 255} }},
	{{ {-13195, 7092, 13195}, 0, {8224, 2040}, {255, 255, 255, 255} }},
	{{ {-15198, 7092, 10160}, 0, {7196, 2040}, {255, 255, 255, 255} }},
	{{ {-12958, 9204, 8662}, 0, {7196, 1157}, {255, 255, 255, 255} }},
	{{ {-17202, 7092, 7125}, 0, {6168, 2040}, {255, 255, 255, 255} }},
	{{ {-14666, 9204, 6075}, 0, {6168, 1157}, {255, 255, 255, 255} }},
	{{ {11250, 9204, 11250}, 0, {8224, 1157}, {255, 255, 255, 255} }},
	{{ {13195, 7092, 13195}, 0, {8224, 2040}, {255, 255, 255, 255} }},
	{{ {10160, 7092, 15198}, 0, {7196, 2040}, {255, 255, 255, 255} }},
	{{ {8662, 9204, 12958}, 0, {7196, 1157}, {255, 255, 255, 255} }},
	{{ {7125, 7092, 17202}, 0, {6168, 2040}, {255, 255, 255, 255} }},
	{{ {6075, 9204, 14666}, 0, {6168, 1157}, {255, 255, 255, 255} }},
	{{ {11250, 9204, -11250}, 0, {8224, 1157}, {255, 255, 255, 255} }},
	{{ {13195, 7092, -13195}, 0, {8224, 2040}, {255, 255, 255, 255} }},
	{{ {15198, 7092, -10160}, 0, {7196, 2040}, {255, 255, 255, 255} }},
	{{ {12958, 9204, -8662}, 0, {7196, 1157}, {255, 255, 255, 255} }},
	{{ {17202, 7092, -7125}, 0, {6168, 2040}, {255, 255, 255, 255} }},
	{{ {14666, 9204, -6075}, 0, {6168, 1157}, {255, 255, 255, 255} }},
	{{ {8662, 9204, -12958}, 0, {1028, 1157}, {255, 255, 255, 255} }},
	{{ {10160, 7092, -15198}, 0, {1028, 2040}, {255, 255, 255, 255} }},
	{{ {13195, 7092, -13195}, 0, {0, 2040}, {255, 255, 255, 255} }},
	{{ {6075, 9204, -14666}, 0, {2056, 1157}, {255, 255, 255, 255} }},
	{{ {7125, 7092, -17202}, 0, {2056, 2040}, {255, 255, 255, 255} }},
	{{ {11250, 9204, -11250}, 0, {0, 1157}, {255, 255, 255, 255} }},
	{{ {-12958, 9204, -8662}, 0, {1028, 1157}, {255, 255, 255, 255} }},
	{{ {-15198, 7092, -10160}, 0, {1028, 2040}, {255, 255, 255, 255} }},
	{{ {-13195, 7092, -13195}, 0, {0, 2040}, {255, 255, 255, 255} }},
	{{ {-14666, 9204, -6075}, 0, {2056, 1157}, {255, 255, 255, 255} }},
	{{ {-17202, 7092, -7125}, 0, {2056, 2040}, {255, 255, 255, 255} }},
	{{ {-11250, 9204, -11250}, 0, {0, 1157}, {255, 255, 255, 255} }},
	{{ {-8662, 9204, 12958}, 0, {1028, 1157}, {255, 255, 255, 255} }},
	{{ {-10160, 7092, 15198}, 0, {1028, 2040}, {255, 255, 255, 255} }},
	{{ {-13195, 7092, 13195}, 0, {0, 2040}, {255, 255, 255, 255} }},
	{{ {-6075, 9204, 14666}, 0, {2056, 1157}, {255, 255, 255, 255} }},
	{{ {-7125, 7092, 17202}, 0, {2056, 2040}, {255, 255, 255, 255} }},
	{{ {-11250, 9204, 11250}, 0, {0, 1157}, {255, 255, 255, 255} }},
	{{ {12958, 9204, 8662}, 0, {1028, 1157}, {255, 255, 255, 255} }},
	{{ {15198, 7092, 10160}, 0, {1028, 2040}, {255, 255, 255, 255} }},
	{{ {13195, 7092, 13195}, 0, {0, 2040}, {255, 255, 255, 255} }},
	{{ {14666, 9204, 6075}, 0, {2056, 1157}, {255, 255, 255, 255} }},
	{{ {17202, 7092, 7125}, 0, {2056, 2040}, {255, 255, 255, 255} }},
	{{ {11250, 9204, 11250}, 0, {0, 1157}, {255, 255, 255, 255} }},
	{{ {3037, 9204, -15288}, 0, {3084, 1157}, {255, 255, 255, 255} }},
	{{ {3563, 7092, -17931}, 0, {3084, 2040}, {255, 255, 255, 255} }},
	{{ {7125, 7092, -17202}, 0, {2056, 2040}, {255, 255, 255, 255} }},
	{{ {0, 9204, -15910}, 0, {4112, 1157}, {255, 255, 255, 255} }},
	{{ {0, 7092, -18660}, 0, {4112, 2040}, {255, 255, 255, 255} }},
	{{ {6075, 9204, -14666}, 0, {2056, 1157}, {255, 255, 255, 255} }},
	{{ {-15288, 9204, -3037}, 0, {3084, 1157}, {255, 255, 255, 255} }},
	{{ {-17931, 7092, -3563}, 0, {3084, 2040}, {255, 255, 255, 255} }},
	{{ {-17202, 7092, -7125}, 0, {2056, 2040}, {255, 255, 255, 255} }},
	{{ {-15910, 9204, 0}, 0, {4112, 1157}, {255, 255, 255, 255} }},
	{{ {-18660, 7092, 0}, 0, {4112, 2040}, {255, 255, 255, 255} }},
	{{ {-14666, 9204, -6075}, 0, {2056, 1157}, {255, 255, 255, 255} }},
	{{ {-3037, 9204, 15288}, 0, {3084, 1157}, {255, 255, 255, 255} }},
	{{ {-3563, 7092, 17931}, 0, {3084, 2040}, {255, 255, 255, 255} }},
	{{ {-7125, 7092, 17202}, 0, {2056, 2040}, {255, 255, 255, 255} }},
	{{ {0, 9204, 15910}, 0, {4112, 1157}, {255, 255, 255, 255} }},
	{{ {0, 7092, 18660}, 0, {4112, 2040}, {255, 255, 255, 255} }},
	{{ {-6075, 9204, 14666}, 0, {2056, 1157}, {255, 255, 255, 255} }},
	{{ {15288, 9204, 3037}, 0, {3084, 1157}, {255, 255, 255, 255} }},
	{{ {17931, 7092, 3563}, 0, {3084, 2040}, {255, 255, 255, 255} }},
	{{ {17202, 7092, 7125}, 0, {2056, 2040}, {255, 255, 255, 255} }},
	{{ {15910, 9204, 0}, 0, {4112, 1157}, {255, 255, 255, 255} }},
	{{ {18660, 7092, 0}, 0, {4112, 2040}, {255, 255, 255, 255} }},
	{{ {14666, 9204, 6075}, 0, {2056, 1157}, {255, 255, 255, 255} }},
	{{ {3037, 9204, -15288}, 0, {3084, 1157}, {255, 255, 255, 255} }},
	{{ {2341, 10615, -11781}, 0, {3084, 578}, {221, 221, 221, 255} }},
	{{ {0, 10615, -12260}, 0, {4112, 578}, {221, 221, 221, 255} }},
	{{ {6075, 9204, -14666}, 0, {2056, 1157}, {255, 255, 255, 255} }},
	{{ {4681, 10615, -11302}, 0, {2056, 578}, {221, 221, 221, 255} }},
	{{ {8662, 9204, -12958}, 0, {1028, 1157}, {255, 255, 255, 255} }},
	{{ {6675, 10615, -9986}, 0, {1028, 578}, {221, 221, 221, 255} }},
	{{ {0, 9204, -15910}, 0, {4112, 1157}, {255, 255, 255, 255} }},
	{{ {-15288, 9204, -3037}, 0, {3084, 1157}, {255, 255, 255, 255} }},
	{{ {-11781, 10615, -2341}, 0, {3084, 578}, {221, 221, 221, 255} }},
	{{ {-12260, 10615, 0}, 0, {4112, 578}, {221, 221, 221, 255} }},
	{{ {-14666, 9204, -6075}, 0, {2056, 1157}, {255, 255, 255, 255} }},
	{{ {-11302, 10615, -4681}, 0, {2056, 578}, {221, 221, 221, 255} }},
	{{ {-12958, 9204, -8662}, 0, {1028, 1157}, {255, 255, 255, 255} }},
	{{ {-9986, 10615, -6675}, 0, {1028, 578}, {221, 221, 221, 255} }},
	{{ {-15910, 9204, 0}, 0, {4112, 1157}, {255, 255, 255, 255} }},
	{{ {-3037, 9204, 15288}, 0, {3084, 1157}, {255, 255, 255, 255} }},
	{{ {-2341, 10615, 11781}, 0, {3084, 578}, {221, 221, 221, 255} }},
	{{ {0, 10615, 12260}, 0, {4112, 578}, {221, 221, 221, 255} }},
	{{ {-6075, 9204, 14666}, 0, {2056, 1157}, {255, 255, 255, 255} }},
	{{ {-4681, 10615, 11302}, 0, {2056, 578}, {221, 221, 221, 255} }},
	{{ {-8662, 9204, 12958}, 0, {1028, 1157}, {255, 255, 255, 255} }},
	{{ {-6675, 10615, 9986}, 0, {1028, 578}, {221, 221, 221, 255} }},
	{{ {0, 9204, 15910}, 0, {4112, 1157}, {255, 255, 255, 255} }},
	{{ {15288, 9204, 3037}, 0, {3084, 1157}, {255, 255, 255, 255} }},
	{{ {11781, 10615, 2341}, 0, {3084, 578}, {221, 221, 221, 255} }},
	{{ {12260, 10615, 0}, 0, {4112, 578}, {221, 221, 221, 255} }},
	{{ {14666, 9204, 6075}, 0, {2056, 1157}, {255, 255, 255, 255} }},
	{{ {11302, 10615, 4681}, 0, {2056, 578}, {221, 221, 221, 255} }},
	{{ {12958, 9204, 8662}, 0, {1028, 1157}, {255, 255, 255, 255} }},
	{{ {9986, 10615, 6675}, 0, {1028, 578}, {221, 221, 221, 255} }},
	{{ {15910, 9204, 0}, 0, {4112, 1157}, {255, 255, 255, 255} }},
	{{ {11250, 9204, -11250}, 0, {0, 1157}, {255, 255, 255, 255} }},
	{{ {6675, 10615, -9986}, 0, {1028, 578}, {221, 221, 221, 255} }},
	{{ {8662, 9204, -12958}, 0, {1028, 1157}, {255, 255, 255, 255} }},
	{{ {8669, 10615, -8669}, 0, {0, 578}, {221, 221, 221, 255} }},
	{{ {4688, 12025, -7013}, 0, {1028, 0}, {178, 178, 178, 255} }},
	{{ {6088, 12025, -6088}, 0, {0, 0}, {178, 178, 178, 255} }},
	{{ {-11250, 9204, -11250}, 0, {0, 1157}, {255, 255, 255, 255} }},
	{{ {-9986, 10615, -6675}, 0, {1028, 578}, {221, 221, 221, 255} }},
	{{ {-12958, 9204, -8662}, 0, {1028, 1157}, {255, 255, 255, 255} }},
	{{ {-8669, 10615, -8669}, 0, {0, 578}, {221, 221, 221, 255} }},
	{{ {-7013, 12025, -4688}, 0, {1028, 0}, {178, 178, 178, 255} }},
	{{ {-6088, 12025, -6088}, 0, {0, 0}, {178, 178, 178, 255} }},
	{{ {-11250, 9204, 11250}, 0, {0, 1157}, {255, 255, 255, 255} }},
	{{ {-6675, 10615, 9986}, 0, {1028, 578}, {221, 221, 221, 255} }},
	{{ {-8662, 9204, 12958}, 0, {1028, 1157}, {255, 255, 255, 255} }},
	{{ {-8669, 10615, 8669}, 0, {0, 578}, {221, 221, 221, 255} }},
	{{ {-4688, 12025, 7013}, 0, {1028, 0}, {178, 178, 178, 255} }},
	{{ {-6088, 12025, 6088}, 0, {0, 0}, {178, 178, 178, 255} }},
	{{ {11250, 9204, 11250}, 0, {0, 1157}, {255, 255, 255, 255} }},
	{{ {9986, 10615, 6675}, 0, {1028, 578}, {221, 221, 221, 255} }},
	{{ {12958, 9204, 8662}, 0, {1028, 1157}, {255, 255, 255, 255} }},
	{{ {8669, 10615, 8669}, 0, {0, 578}, {221, 221, 221, 255} }},
	{{ {7013, 12025, 4688}, 0, {1028, 0}, {178, 178, 178, 255} }},
	{{ {6088, 12025, 6088}, 0, {0, 0}, {178, 178, 178, 255} }},
	{{ {-3037, 9204, -15288}, 0, {5140, 1157}, {255, 255, 255, 255} }},
	{{ {-2341, 10615, -11781}, 0, {5140, 578}, {221, 221, 221, 255} }},
	{{ {-4681, 10615, -11302}, 0, {6168, 578}, {221, 221, 221, 255} }},
	{{ {0, 9204, -15910}, 0, {4112, 1157}, {255, 255, 255, 255} }},
	{{ {0, 10615, -12260}, 0, {4112, 578}, {221, 221, 221, 255} }},
	{{ {-6075, 9204, -14666}, 0, {6168, 1157}, {255, 255, 255, 255} }},
	{{ {-6675, 10615, -9986}, 0, {7196, 578}, {221, 221, 221, 255} }},
	{{ {-8662, 9204, -12958}, 0, {7196, 1157}, {255, 255, 255, 255} }},
	{{ {-15288, 9204, 3037}, 0, {5140, 1157}, {255, 255, 255, 255} }},
	{{ {-11781, 10615, 2341}, 0, {5140, 578}, {221, 221, 221, 255} }},
	{{ {-11302, 10615, 4681}, 0, {6168, 578}, {221, 221, 221, 255} }},
	{{ {-15910, 9204, 0}, 0, {4112, 1157}, {255, 255, 255, 255} }},
	{{ {-12260, 10615, 0}, 0, {4112, 578}, {221, 221, 221, 255} }},
	{{ {-14666, 9204, 6075}, 0, {6168, 1157}, {255, 255, 255, 255} }},
	{{ {-9986, 10615, 6675}, 0, {7196, 578}, {221, 221, 221, 255} }},
	{{ {-12958, 9204, 8662}, 0, {7196, 1157}, {255, 255, 255, 255} }},
	{{ {3038, 9204, 15288}, 0, {5140, 1157}, {255, 255, 255, 255} }},
	{{ {2341, 10615, 11781}, 0, {5140, 578}, {221, 221, 221, 255} }},
	{{ {4681, 10615, 11302}, 0, {6168, 578}, {221, 221, 221, 255} }},
	{{ {0, 9204, 15910}, 0, {4112, 1157}, {255, 255, 255, 255} }},
	{{ {0, 10615, 12260}, 0, {4112, 578}, {221, 221, 221, 255} }},
	{{ {6075, 9204, 14666}, 0, {6168, 1157}, {255, 255, 255, 255} }},
	{{ {6675, 10615, 9986}, 0, {7196, 578}, {221, 221, 221, 255} }},
	{{ {8662, 9204, 12958}, 0, {7196, 1157}, {255, 255, 255, 255} }},
	{{ {15288, 9204, -3038}, 0, {5140, 1157}, {255, 255, 255, 255} }},
	{{ {11781, 10615, -2341}, 0, {5140, 578}, {221, 221, 221, 255} }},
	{{ {11302, 10615, -4681}, 0, {6168, 578}, {221, 221, 221, 255} }},
	{{ {15910, 9204, 0}, 0, {4112, 1157}, {255, 255, 255, 255} }},
	{{ {12260, 10615, 0}, 0, {4112, 578}, {221, 221, 221, 255} }},
	{{ {14666, 9204, -6075}, 0, {6168, 1157}, {255, 255, 255, 255} }},
	{{ {9986, 10615, -6675}, 0, {7196, 578}, {221, 221, 221, 255} }},
	{{ {12958, 9204, -8662}, 0, {7196, 1157}, {255, 255, 255, 255} }},
	{{ {0, 10615, -12260}, 0, {4112, 578}, {221, 221, 221, 255} }},
	{{ {0, 12025, -8610}, 0, {4112, 0}, {178, 178, 178, 255} }},
	{{ {-1644, 12025, -8274}, 0, {5140, 0}, {178, 178, 178, 255} }},
	{{ {-2341, 10615, -11781}, 0, {5140, 578}, {221, 221, 221, 255} }},
	{{ {-12260, 10615, 0}, 0, {4112, 578}, {221, 221, 221, 255} }},
	{{ {-8610, 12025, 0}, 0, {4112, 0}, {178, 178, 178, 255} }},
	{{ {-8274, 12025, 1644}, 0, {5140, 0}, {178, 178, 178, 255} }},
	{{ {-11781, 10615, 2341}, 0, {5140, 578}, {221, 221, 221, 255} }},
	{{ {0, 10615, 12260}, 0, {4112, 578}, {221, 221, 221, 255} }},
	{{ {0, 12025, 8610}, 0, {4112, 0}, {178, 178, 178, 255} }},
	{{ {1644, 12025, 8274}, 0, {5140, 0}, {178, 178, 178, 255} }},
	{{ {2341, 10615, 11781}, 0, {5140, 578}, {221, 221, 221, 255} }},
	{{ {12260, 10615, 0}, 0, {4112, 578}, {221, 221, 221, 255} }},
	{{ {8610, 12025, 0}, 0, {4112, 0}, {178, 178, 178, 255} }},
	{{ {8274, 12025, -1644}, 0, {5140, 0}, {178, 178, 178, 255} }},
	{{ {11781, 10615, -2341}, 0, {5140, 578}, {221, 221, 221, 255} }},
	{{ {-8662, 9204, -12958}, 0, {7196, 1157}, {255, 255, 255, 255} }},
	{{ {-6675, 10615, -9986}, 0, {7196, 578}, {221, 221, 221, 255} }},
	{{ {-8669, 10615, -8669}, 0, {8224, 578}, {221, 221, 221, 255} }},
	{{ {-11250, 9204, -11250}, 0, {8224, 1157}, {255, 255, 255, 255} }},
	{{ {-12958, 9204, 8662}, 0, {7196, 1157}, {255, 255, 255, 255} }},
	{{ {-9986, 10615, 6675}, 0, {7196, 578}, {221, 221, 221, 255} }},
	{{ {-8669, 10615, 8669}, 0, {8224, 578}, {221, 221, 221, 255} }},
	{{ {-11250, 9204, 11250}, 0, {8224, 1157}, {255, 255, 255, 255} }},
	{{ {8662, 9204, 12958}, 0, {7196, 1157}, {255, 255, 255, 255} }},
	{{ {6675, 10615, 9986}, 0, {7196, 578}, {221, 221, 221, 255} }},
	{{ {8669, 10615, 8669}, 0, {8224, 578}, {221, 221, 221, 255} }},
	{{ {11250, 9204, 11250}, 0, {8224, 1157}, {255, 255, 255, 255} }},
	{{ {12958, 9204, -8662}, 0, {7196, 1157}, {255, 255, 255, 255} }},
	{{ {9986, 10615, -6675}, 0, {7196, 578}, {221, 221, 221, 255} }},
	{{ {8669, 10615, -8669}, 0, {8224, 578}, {221, 221, 221, 255} }},
	{{ {11250, 9204, -11250}, 0, {8224, 1157}, {255, 255, 255, 255} }},
	{{ {-3037, 9204, -15288}, 0, {5140, 1157}, {255, 255, 255, 255} }},
	{{ {0, 7092, -18660}, 0, {4112, 2040}, {255, 255, 255, 255} }},
	{{ {0, 9204, -15910}, 0, {4112, 1157}, {255, 255, 255, 255} }},
	{{ {-3563, 7092, -17931}, 0, {5140, 2040}, {255, 255, 255, 255} }},
	{{ {-6075, 9204, -14666}, 0, {6168, 1157}, {255, 255, 255, 255} }},
	{{ {-7125, 7092, -17202}, 0, {6168, 2040}, {255, 255, 255, 255} }},
	{{ {-15288, 9204, 3037}, 0, {5140, 1157}, {255, 255, 255, 255} }},
	{{ {-18660, 7092, 0}, 0, {4112, 2040}, {255, 255, 255, 255} }},
	{{ {-15910, 9204, 0}, 0, {4112, 1157}, {255, 255, 255, 255} }},
	{{ {-17931, 7092, 3563}, 0, {5140, 2040}, {255, 255, 255, 255} }},
	{{ {-14666, 9204, 6075}, 0, {6168, 1157}, {255, 255, 255, 255} }},
	{{ {-17202, 7092, 7125}, 0, {6168, 2040}, {255, 255, 255, 255} }},
	{{ {3038, 9204, 15288}, 0, {5140, 1157}, {255, 255, 255, 255} }},
	{{ {0, 7092, 18660}, 0, {4112, 2040}, {255, 255, 255, 255} }},
	{{ {0, 9204, 15910}, 0, {4112, 1157}, {255, 255, 255, 255} }},
	{{ {3563, 7092, 17931}, 0, {5140, 2040}, {255, 255, 255, 255} }},
	{{ {6075, 9204, 14666}, 0, {6168, 1157}, {255, 255, 255, 255} }},
	{{ {7125, 7092, 17202}, 0, {6168, 2040}, {255, 255, 255, 255} }},
	{{ {15288, 9204, -3038}, 0, {5140, 1157}, {255, 255, 255, 255} }},
	{{ {18660, 7092, 0}, 0, {4112, 2040}, {255, 255, 255, 255} }},
	{{ {15910, 9204, 0}, 0, {4112, 1157}, {255, 255, 255, 255} }},
	{{ {17931, 7092, -3563}, 0, {5140, 2040}, {255, 255, 255, 255} }},
	{{ {14666, 9204, -6075}, 0, {6168, 1157}, {255, 255, 255, 255} }},
	{{ {17202, 7092, -7125}, 0, {6168, 2040}, {255, 255, 255, 255} }},
	{{ {-12251, 0, -18326}, 0, {7196, 5012}, {255, 255, 255, 255} }},
	{{ {-15525, 2491, -15525}, 0, {8224, 3967}, {255, 255, 255, 255} }},
	{{ {-15910, 0, -15910}, 0, {8224, 5012}, {255, 255, 255, 255} }},
	{{ {-11954, 2491, -17882}, 0, {7196, 3967}, {255, 255, 255, 255} }},
	{{ {-18326, 0, 12251}, 0, {7196, 5012}, {255, 255, 255, 255} }},
	{{ {-15525, 2491, 15525}, 0, {8224, 3967}, {255, 255, 255, 255} }},
	{{ {-15910, 0, 15910}, 0, {8224, 5012}, {255, 255, 255, 255} }},
	{{ {-17882, 2491, 11954}, 0, {7196, 3967}, {255, 255, 255, 255} }},
	{{ {12251, 0, 18326}, 0, {7196, 5012}, {255, 255, 255, 255} }},
	{{ {15525, 2491, 15525}, 0, {8224, 3967}, {255, 255, 255, 255} }},
	{{ {15910, 0, 15910}, 0, {8224, 5012}, {255, 255, 255, 255} }},
	{{ {11954, 2491, 17882}, 0, {7196, 3967}, {255, 255, 255, 255} }},
	{{ {18326, 0, -12251}, 0, {7196, 5012}, {255, 255, 255, 255} }},
	{{ {15525, 2491, -15525}, 0, {8224, 3967}, {255, 255, 255, 255} }},
	{{ {15910, 0, -15910}, 0, {8224, 5012}, {255, 255, 255, 255} }},
	{{ {17882, 2491, -11954}, 0, {7196, 3967}, {255, 255, 255, 255} }},
	{{ {-8591, 0, -20741}, 0, {6168, 5012}, {255, 255, 255, 255} }},
	{{ {-11954, 2491, -17882}, 0, {7196, 3967}, {255, 255, 255, 255} }},
	{{ {-12251, 0, -18326}, 0, {7196, 5012}, {255, 255, 255, 255} }},
	{{ {-8383, 2491, -20239}, 0, {6168, 3967}, {255, 255, 255, 255} }},
	{{ {-20741, 0, 8591}, 0, {6168, 5012}, {255, 255, 255, 255} }},
	{{ {-17882, 2491, 11954}, 0, {7196, 3967}, {255, 255, 255, 255} }},
	{{ {-18326, 0, 12251}, 0, {7196, 5012}, {255, 255, 255, 255} }},
	{{ {-20239, 2491, 8383}, 0, {6168, 3967}, {255, 255, 255, 255} }},
	{{ {8591, 0, 20741}, 0, {6168, 5012}, {255, 255, 255, 255} }},
	{{ {11954, 2491, 17882}, 0, {7196, 3967}, {255, 255, 255, 255} }},
	{{ {12251, 0, 18326}, 0, {7196, 5012}, {255, 255, 255, 255} }},
	{{ {8383, 2491, 20239}, 0, {6168, 3967}, {255, 255, 255, 255} }},
	{{ {20741, 0, -8591}, 0, {6168, 5012}, {255, 255, 255, 255} }},
	{{ {17882, 2491, -11954}, 0, {7196, 3967}, {255, 255, 255, 255} }},
	{{ {18326, 0, -12251}, 0, {7196, 5012}, {255, 255, 255, 255} }},
	{{ {20239, 2491, -8383}, 0, {6168, 3967}, {255, 255, 255, 255} }},
	{{ {-8383, 2491, -20239}, 0, {6168, 3967}, {255, 255, 255, 255} }},
	{{ {-8175, 4981, -19737}, 0, {6168, 2923}, {255, 255, 255, 255} }},
	{{ {-11658, 4981, -17439}, 0, {7196, 2923}, {255, 255, 255, 255} }},
	{{ {-11954, 2491, -17882}, 0, {7196, 3967}, {255, 255, 255, 255} }},
	{{ {-20239, 2491, 8383}, 0, {6168, 3967}, {255, 255, 255, 255} }},
	{{ {-19737, 4981, 8175}, 0, {6168, 2923}, {255, 255, 255, 255} }},
	{{ {-17439, 4981, 11658}, 0, {7196, 2923}, {255, 255, 255, 255} }},
	{{ {-17882, 2491, 11954}, 0, {7196, 3967}, {255, 255, 255, 255} }},
	{{ {8383, 2491, 20239}, 0, {6168, 3967}, {255, 255, 255, 255} }},
	{{ {8175, 4981, 19737}, 0, {6168, 2923}, {255, 255, 255, 255} }},
	{{ {11658, 4981, 17439}, 0, {7196, 2923}, {255, 255, 255, 255} }},
	{{ {11954, 2491, 17882}, 0, {7196, 3967}, {255, 255, 255, 255} }},
	{{ {20239, 2491, -8383}, 0, {6168, 3967}, {255, 255, 255, 255} }},
	{{ {19737, 4981, -8175}, 0, {6168, 2923}, {255, 255, 255, 255} }},
	{{ {17439, 4981, -11658}, 0, {7196, 2923}, {255, 255, 255, 255} }},
	{{ {17882, 2491, -11954}, 0, {7196, 3967}, {255, 255, 255, 255} }},
	{{ {-4296, 0, -21621}, 0, {5140, 5012}, {255, 255, 255, 255} }},
	{{ {-8383, 2491, -20239}, 0, {6168, 3967}, {255, 255, 255, 255} }},
	{{ {-8591, 0, -20741}, 0, {6168, 5012}, {255, 255, 255, 255} }},
	{{ {-4192, 2491, -21097}, 0, {5140, 3967}, {255, 255, 255, 255} }},
	{{ {-21621, 0, 4296}, 0, {5140, 5012}, {255, 255, 255, 255} }},
	{{ {-20239, 2491, 8383}, 0, {6168, 3967}, {255, 255, 255, 255} }},
	{{ {-20741, 0, 8591}, 0, {6168, 5012}, {255, 255, 255, 255} }},
	{{ {-21097, 2491, 4192}, 0, {5140, 3967}, {255, 255, 255, 255} }},
	{{ {4296, 0, 21621}, 0, {5140, 5012}, {255, 255, 255, 255} }},
	{{ {8383, 2491, 20239}, 0, {6168, 3967}, {255, 255, 255, 255} }},
	{{ {8591, 0, 20741}, 0, {6168, 5012}, {255, 255, 255, 255} }},
	{{ {4192, 2491, 21097}, 0, {5140, 3967}, {255, 255, 255, 255} }},
	{{ {21621, 0, -4296}, 0, {5140, 5012}, {255, 255, 255, 255} }},
	{{ {20239, 2491, -8383}, 0, {6168, 3967}, {255, 255, 255, 255} }},
	{{ {20741, 0, -8591}, 0, {6168, 5012}, {255, 255, 255, 255} }},
	{{ {21097, 2491, -4192}, 0, {5140, 3967}, {255, 255, 255, 255} }},
	{{ {0, 0, -22500}, 0, {4112, 5012}, {255, 255, 255, 255} }},
	{{ {-4192, 2491, -21097}, 0, {5140, 3967}, {255, 255, 255, 255} }},
	{{ {-4296, 0, -21621}, 0, {5140, 5012}, {255, 255, 255, 255} }},
	{{ {0, 2491, -21955}, 0, {4112, 3967}, {255, 255, 255, 255} }},
	{{ {-22500, 0, 0}, 0, {4112, 5012}, {255, 255, 255, 255} }},
	{{ {-21097, 2491, 4192}, 0, {5140, 3967}, {255, 255, 255, 255} }},
	{{ {-21621, 0, 4296}, 0, {5140, 5012}, {255, 255, 255, 255} }},
	{{ {-21955, 2491, 0}, 0, {4112, 3967}, {255, 255, 255, 255} }},
	{{ {0, 0, 22500}, 0, {4112, 5012}, {255, 255, 255, 255} }},
	{{ {4192, 2491, 21097}, 0, {5140, 3967}, {255, 255, 255, 255} }},
	{{ {4296, 0, 21621}, 0, {5140, 5012}, {255, 255, 255, 255} }},
	{{ {0, 2491, 21955}, 0, {4112, 3967}, {255, 255, 255, 255} }},
	{{ {22500, 0, 0}, 0, {4112, 5012}, {255, 255, 255, 255} }},
	{{ {21097, 2491, -4192}, 0, {5140, 3967}, {255, 255, 255, 255} }},
	{{ {21621, 0, -4296}, 0, {5140, 5012}, {255, 255, 255, 255} }},
	{{ {21955, 2491, 0}, 0, {4112, 3967}, {255, 255, 255, 255} }},
	{{ {0, 2491, -21955}, 0, {4112, 3967}, {255, 255, 255, 255} }},
	{{ {0, 4981, -21411}, 0, {4112, 2923}, {255, 255, 255, 255} }},
	{{ {-4088, 4981, -20574}, 0, {5140, 2923}, {255, 255, 255, 255} }},
	{{ {-4192, 2491, -21097}, 0, {5140, 3967}, {255, 255, 255, 255} }},
	{{ {-21955, 2491, 0}, 0, {4112, 3967}, {255, 255, 255, 255} }},
	{{ {-21411, 4981, 0}, 0, {4112, 2923}, {255, 255, 255, 255} }},
	{{ {-20574, 4981, 4088}, 0, {5140, 2923}, {255, 255, 255, 255} }},
	{{ {-21097, 2491, 4192}, 0, {5140, 3967}, {255, 255, 255, 255} }},
	{{ {0, 2491, 21955}, 0, {4112, 3967}, {255, 255, 255, 255} }},
	{{ {0, 4981, 21411}, 0, {4112, 2923}, {255, 255, 255, 255} }},
	{{ {4088, 4981, 20574}, 0, {5140, 2923}, {255, 255, 255, 255} }},
	{{ {4192, 2491, 21097}, 0, {5140, 3967}, {255, 255, 255, 255} }},
	{{ {21955, 2491, 0}, 0, {4112, 3967}, {255, 255, 255, 255} }},
	{{ {21411, 4981, 0}, 0, {4112, 2923}, {255, 255, 255, 255} }},
	{{ {20574, 4981, -4088}, 0, {5140, 2923}, {255, 255, 255, 255} }},
	{{ {21097, 2491, -4192}, 0, {5140, 3967}, {255, 255, 255, 255} }},
	{{ {4296, 0, -21621}, 0, {3084, 5012}, {255, 255, 255, 255} }},
	{{ {0, 2491, -21955}, 0, {4112, 3967}, {255, 255, 255, 255} }},
	{{ {0, 0, -22500}, 0, {4112, 5012}, {255, 255, 255, 255} }},
	{{ {4192, 2491, -21097}, 0, {3084, 3967}, {255, 255, 255, 255} }},
	{{ {-21621, 0, -4296}, 0, {3084, 5012}, {255, 255, 255, 255} }},
	{{ {-21955, 2491, 0}, 0, {4112, 3967}, {255, 255, 255, 255} }},
	{{ {-22500, 0, 0}, 0, {4112, 5012}, {255, 255, 255, 255} }},
	{{ {-21097, 2491, -4192}, 0, {3084, 3967}, {255, 255, 255, 255} }},
	{{ {-4296, 0, 21621}, 0, {3084, 5012}, {255, 255, 255, 255} }},
	{{ {0, 2491, 21955}, 0, {4112, 3967}, {255, 255, 255, 255} }},
	{{ {0, 0, 22500}, 0, {4112, 5012}, {255, 255, 255, 255} }},
	{{ {-4192, 2491, 21097}, 0, {3084, 3967}, {255, 255, 255, 255} }},
	{{ {21621, 0, 4296}, 0, {3084, 5012}, {255, 255, 255, 255} }},
	{{ {21955, 2491, 0}, 0, {4112, 3967}, {255, 255, 255, 255} }},
	{{ {22500, 0, 0}, 0, {4112, 5012}, {255, 255, 255, 255} }},
	{{ {21097, 2491, 4192}, 0, {3084, 3967}, {255, 255, 255, 255} }},
	{{ {8591, 0, -20741}, 0, {2056, 5012}, {255, 255, 255, 255} }},
	{{ {4192, 2491, -21097}, 0, {3084, 3967}, {255, 255, 255, 255} }},
	{{ {4296, 0, -21621}, 0, {3084, 5012}, {255, 255, 255, 255} }},
	{{ {8383, 2491, -20239}, 0, {2056, 3967}, {255, 255, 255, 255} }},
	{{ {-20741, 0, -8591}, 0, {2056, 5012}, {255, 255, 255, 255} }},
	{{ {-21097, 2491, -4192}, 0, {3084, 3967}, {255, 255, 255, 255} }},
	{{ {-21621, 0, -4296}, 0, {3084, 5012}, {255, 255, 255, 255} }},
	{{ {-20239, 2491, -8383}, 0, {2056, 3967}, {255, 255, 255, 255} }},
	{{ {-8591, 0, 20741}, 0, {2056, 5012}, {255, 255, 255, 255} }},
	{{ {-4192, 2491, 21097}, 0, {3084, 3967}, {255, 255, 255, 255} }},
	{{ {-4296, 0, 21621}, 0, {3084, 5012}, {255, 255, 255, 255} }},
	{{ {-8383, 2491, 20239}, 0, {2056, 3967}, {255, 255, 255, 255} }},
	{{ {20741, 0, 8591}, 0, {2056, 5012}, {255, 255, 255, 255} }},
	{{ {21097, 2491, 4192}, 0, {3084, 3967}, {255, 255, 255, 255} }},
	{{ {21621, 0, 4296}, 0, {3084, 5012}, {255, 255, 255, 255} }},
	{{ {20239, 2491, 8383}, 0, {2056, 3967}, {255, 255, 255, 255} }},
	{{ {8383, 2491, -20239}, 0, {2056, 3967}, {255, 255, 255, 255} }},
	{{ {8175, 4981, -19737}, 0, {2056, 2923}, {255, 255, 255, 255} }},
	{{ {4088, 4981, -20574}, 0, {3084, 2923}, {255, 255, 255, 255} }},
	{{ {4192, 2491, -21097}, 0, {3084, 3967}, {255, 255, 255, 255} }},
	{{ {-20239, 2491, -8383}, 0, {2056, 3967}, {255, 255, 255, 255} }},
	{{ {-19737, 4981, -8175}, 0, {2056, 2923}, {255, 255, 255, 255} }},
	{{ {-20574, 4981, -4088}, 0, {3084, 2923}, {255, 255, 255, 255} }},
	{{ {-21097, 2491, -4192}, 0, {3084, 3967}, {255, 255, 255, 255} }},
	{{ {-8383, 2491, 20239}, 0, {2056, 3967}, {255, 255, 255, 255} }},
	{{ {-8175, 4981, 19737}, 0, {2056, 2923}, {255, 255, 255, 255} }},
	{{ {-4088, 4981, 20574}, 0, {3084, 2923}, {255, 255, 255, 255} }},
	{{ {-4192, 2491, 21097}, 0, {3084, 3967}, {255, 255, 255, 255} }},
	{{ {20239, 2491, 8383}, 0, {2056, 3967}, {255, 255, 255, 255} }},
	{{ {19737, 4981, 8175}, 0, {2056, 2923}, {255, 255, 255, 255} }},
	{{ {20574, 4981, 4088}, 0, {3084, 2923}, {255, 255, 255, 255} }},
	{{ {21097, 2491, 4192}, 0, {3084, 3967}, {255, 255, 255, 255} }},
	{{ {12251, 0, -18326}, 0, {1028, 5012}, {255, 255, 255, 255} }},
	{{ {8383, 2491, -20239}, 0, {2056, 3967}, {255, 255, 255, 255} }},
	{{ {8591, 0, -20741}, 0, {2056, 5012}, {255, 255, 255, 255} }},
	{{ {11954, 2491, -17882}, 0, {1028, 3967}, {255, 255, 255, 255} }},
	{{ {-18326, 0, -12251}, 0, {1028, 5012}, {255, 255, 255, 255} }},
	{{ {-20239, 2491, -8383}, 0, {2056, 3967}, {255, 255, 255, 255} }},
	{{ {-20741, 0, -8591}, 0, {2056, 5012}, {255, 255, 255, 255} }},
	{{ {-17882, 2491, -11954}, 0, {1028, 3967}, {255, 255, 255, 255} }},
	{{ {-12251, 0, 18326}, 0, {1028, 5012}, {255, 255, 255, 255} }},
	{{ {-8383, 2491, 20239}, 0, {2056, 3967}, {255, 255, 255, 255} }},
	{{ {-8591, 0, 20741}, 0, {2056, 5012}, {255, 255, 255, 255} }},
	{{ {-11954, 2491, 17882}, 0, {1028, 3967}, {255, 255, 255, 255} }},
	{{ {18326, 0, 12251}, 0, {1028, 5012}, {255, 255, 255, 255} }},
	{{ {20239, 2491, 8383}, 0, {2056, 3967}, {255, 255, 255, 255} }},
	{{ {20741, 0, 8591}, 0, {2056, 5012}, {255, 255, 255, 255} }},
	{{ {17882, 2491, 11954}, 0, {1028, 3967}, {255, 255, 255, 255} }},
	{{ {15910, 0, -15910}, 0, {0, 5012}, {255, 255, 255, 255} }},
	{{ {11954, 2491, -17882}, 0, {1028, 3967}, {255, 255, 255, 255} }},
	{{ {12251, 0, -18326}, 0, {1028, 5012}, {255, 255, 255, 255} }},
	{{ {15525, 2491, -15525}, 0, {0, 3967}, {255, 255, 255, 255} }},
	{{ {-15910, 0, -15910}, 0, {0, 5012}, {255, 255, 255, 255} }},
	{{ {-17882, 2491, -11954}, 0, {1028, 3967}, {255, 255, 255, 255} }},
	{{ {-18326, 0, -12251}, 0, {1028, 5012}, {255, 255, 255, 255} }},
	{{ {-15525, 2491, -15525}, 0, {0, 3967}, {255, 255, 255, 255} }},
	{{ {-15910, 0, 15910}, 0, {0, 5012}, {255, 255, 255, 255} }},
	{{ {-11954, 2491, 17882}, 0, {1028, 3967}, {255, 255, 255, 255} }},
	{{ {-12251, 0, 18326}, 0, {1028, 5012}, {255, 255, 255, 255} }},
	{{ {-15525, 2491, 15525}, 0, {0, 3967}, {255, 255, 255, 255} }},
	{{ {15910, 0, 15910}, 0, {0, 5012}, {255, 255, 255, 255} }},
	{{ {17882, 2491, 11954}, 0, {1028, 3967}, {255, 255, 255, 255} }},
	{{ {18326, 0, 12251}, 0, {1028, 5012}, {255, 255, 255, 255} }},
	{{ {15525, 2491, 15525}, 0, {0, 3967}, {255, 255, 255, 255} }},
	{{ {15525, 2491, -15525}, 0, {0, 3967}, {255, 255, 255, 255} }},
	{{ {15140, 4981, -15140}, 0, {0, 2923}, {255, 255, 255, 255} }},
	{{ {11658, 4981, -17439}, 0, {1028, 2923}, {255, 255, 255, 255} }},
	{{ {11954, 2491, -17882}, 0, {1028, 3967}, {255, 255, 255, 255} }},
	{{ {-15525, 2491, -15525}, 0, {0, 3967}, {255, 255, 255, 255} }},
	{{ {-15140, 4981, -15140}, 0, {0, 2923}, {255, 255, 255, 255} }},
	{{ {-17439, 4981, -11658}, 0, {1028, 2923}, {255, 255, 255, 255} }},
	{{ {-17882, 2491, -11954}, 0, {1028, 3967}, {255, 255, 255, 255} }},
	{{ {-15525, 2491, 15525}, 0, {0, 3967}, {255, 255, 255, 255} }},
	{{ {-15140, 4981, 15140}, 0, {0, 2923}, {255, 255, 255, 255} }},
	{{ {-11658, 4981, 17439}, 0, {1028, 2923}, {255, 255, 255, 255} }},
	{{ {-11954, 2491, 17882}, 0, {1028, 3967}, {255, 255, 255, 255} }},
	{{ {15525, 2491, 15525}, 0, {0, 3967}, {255, 255, 255, 255} }},
	{{ {15140, 4981, 15140}, 0, {0, 2923}, {255, 255, 255, 255} }},
	{{ {17439, 4981, 11658}, 0, {1028, 2923}, {255, 255, 255, 255} }},
	{{ {17882, 2491, 11954}, 0, {1028, 3967}, {255, 255, 255, 255} }},
};

Gfx mh_skybox_mh_skybox_mesh[] = {
	gsSPLoadGeometryMode(G_SHADE | G_CULL_BACK | G_SHADING_SMOOTH),
	gsDPSetCombineLERP(TEXEL0, 0, SHADE, 0, ENVIRONMENT, 0, SHADE, 0, TEXEL0, 0, SHADE, 0, ENVIRONMENT, 0, SHADE, 0),
	gsSPSetOtherMode(G_SETOTHERMODE_H, 4, 20, G_AD_NOISE | G_CD_MAGICSQ | G_CK_NONE | G_TC_FILT | G_TF_BILERP | G_TT_RGBA16 | G_TL_TILE | G_TD_CLAMP | G_TP_PERSP | G_CYC_1CYCLE | G_PM_NPRIMITIVE),
	gsSPSetOtherMode(G_SETOTHERMODE_L, 0, 32, G_AC_NONE | G_ZS_PIXEL | CVG_DST_CLAMP | ZMODE_OPA | ALPHA_CVG_SEL | GBL_c1(G_BL_CLR_IN, G_BL_A_IN, G_BL_CLR_MEM, G_BL_A_MEM) | GBL_c2(G_BL_CLR_IN, G_BL_A_IN, G_BL_CLR_MEM, G_BL_A_MEM)),
	gsSPTexture(65535, 65535, 0, 0, 1),
	gsDPSetTextureImage(G_IM_FMT_RGBA, G_IM_SIZ_16b, 1, mh_skybox_prnbg8_1_pal_rgba16),
	gsDPSetTile(0, 0, 0, 256, 5, 0, G_TX_WRAP | G_TX_NOMIRROR, 0, 0, G_TX_WRAP | G_TX_NOMIRROR, 0, 0),
	gsDPLoadTLUTCmd(5, 0),
	gsDPSetTextureImage(G_IM_FMT_CI, G_IM_SIZ_8b, 4, mh_skybox_prnbg8_1_ci4),
	gsDPSetTile(G_IM_FMT_CI, G_IM_SIZ_8b, 1, 0, 7, 0, G_TX_WRAP | G_TX_NOMIRROR, 0, 0, G_TX_WRAP | G_TX_NOMIRROR, 0, 0),
	gsDPLoadTile(7, 0, 0, 14, 28),
	gsDPSetTile(G_IM_FMT_CI, G_IM_SIZ_4b, 1, 0, 0, 0, G_TX_WRAP | G_TX_NOMIRROR, 3, 0, G_TX_WRAP | G_TX_NOMIRROR, 3, 0),
	gsDPSetTileSize(0, 0, 0, 28, 28),
	gsSPVertex(mh_skybox_mh_skybox_mesh_vtx_0 + 0, 56, 0),
	gsSP2Triangles(0, 1, 2, 0, 0, 3, 1, 0),
	gsSP2Triangles(0, 4, 3, 0, 4, 5, 3, 0),
	gsSP2Triangles(3, 5, 6, 0, 7, 3, 6, 0),
	gsSP2Triangles(8, 3, 7, 0, 8, 7, 9, 0),
	gsSP2Triangles(8, 10, 3, 0, 10, 11, 3, 0),
	gsSP2Triangles(11, 12, 3, 0, 12, 13, 3, 0),
	gsSP2Triangles(3, 13, 14, 0, 3, 14, 15, 0),
	gsSP2Triangles(3, 15, 16, 0, 3, 16, 17, 0),
	gsSP2Triangles(17, 18, 3, 0, 18, 19, 3, 0),
	gsSP2Triangles(19, 20, 3, 0, 19, 21, 20, 0),
	gsSP2Triangles(3, 20, 22, 0, 3, 22, 23, 0),
	gsSP2Triangles(3, 23, 24, 0, 3, 24, 25, 0),
	gsSP2Triangles(26, 3, 25, 0, 26, 25, 27, 0),
	gsSP2Triangles(28, 3, 26, 0, 28, 29, 3, 0),
	gsSP2Triangles(29, 30, 3, 0, 3, 30, 31, 0),
	gsSP2Triangles(1, 3, 31, 0, 28, 26, 32, 0),
	gsSP2Triangles(33, 34, 35, 0, 33, 36, 34, 0),
	gsSP2Triangles(33, 37, 36, 0, 37, 33, 38, 0),
	gsSP2Triangles(39, 37, 38, 0, 39, 40, 37, 0),
	gsSP2Triangles(41, 40, 39, 0, 41, 39, 42, 0),
	gsSP2Triangles(41, 43, 40, 0, 44, 43, 41, 0),
	gsSP2Triangles(44, 41, 45, 0, 44, 46, 43, 0),
	gsSP2Triangles(47, 46, 44, 0, 47, 44, 48, 0),
	gsSP2Triangles(47, 49, 46, 0, 50, 49, 47, 0),
	gsSP2Triangles(50, 47, 51, 0, 50, 52, 49, 0),
	gsSP2Triangles(53, 52, 50, 0, 53, 50, 54, 0),
	gsSP1Triangle(53, 55, 52, 0),
	gsSPVertex(mh_skybox_mh_skybox_mesh_vtx_0 + 56, 36, 0),
	gsSP2Triangles(0, 1, 2, 0, 0, 2, 3, 0),
	gsSP2Triangles(0, 4, 1, 0, 5, 4, 0, 0),
	gsSP2Triangles(5, 0, 6, 0, 5, 7, 4, 0),
	gsSP2Triangles(8, 7, 5, 0, 8, 5, 9, 0),
	gsSP2Triangles(8, 10, 7, 0, 11, 10, 8, 0),
	gsSP2Triangles(11, 8, 12, 0, 11, 13, 10, 0),
	gsSP2Triangles(14, 13, 11, 0, 14, 11, 15, 0),
	gsSP2Triangles(14, 16, 13, 0, 16, 14, 17, 0),
	gsSP2Triangles(18, 16, 17, 0, 18, 19, 16, 0),
	gsSP2Triangles(20, 19, 18, 0, 20, 18, 21, 0),
	gsSP2Triangles(20, 22, 19, 0, 23, 22, 20, 0),
	gsSP2Triangles(23, 20, 24, 0, 23, 25, 22, 0),
	gsSP2Triangles(26, 25, 23, 0, 26, 23, 27, 0),
	gsSP2Triangles(26, 28, 25, 0, 29, 25, 28, 0),
	gsSP2Triangles(30, 29, 28, 0, 31, 29, 30, 0),
	gsSP2Triangles(31, 32, 29, 0, 29, 32, 33, 0),
	gsSP2Triangles(34, 29, 33, 0, 35, 29, 34, 0),
	gsSP2Triangles(35, 1, 29, 0, 29, 1, 4, 0),
	gsSP2Triangles(7, 29, 4, 0, 10, 29, 7, 0),
	gsSP2Triangles(10, 13, 29, 0, 29, 13, 16, 0),
	gsSP2Triangles(19, 29, 16, 0, 22, 29, 19, 0),
	gsSP1Triangle(22, 25, 29, 0),
	gsDPPipeSync(),
	gsSPSetOtherMode(G_SETOTHERMODE_H, 4, 20, G_AD_NOISE | G_CD_MAGICSQ | G_CK_NONE | G_TC_FILT | G_TF_BILERP | G_TT_NONE | G_TL_TILE | G_TD_CLAMP | G_TP_PERSP | G_CYC_1CYCLE | G_PM_NPRIMITIVE),
	gsDPLoadSync(),
	gsDPSetTextureImage(G_IM_FMT_RGBA, G_IM_SIZ_16b, 256, mh_skybox_prnbg_2_rgba16),
	gsDPSetTile(G_IM_FMT_RGBA, G_IM_SIZ_16b, 9, 0, 7, 0, G_TX_WRAP | G_TX_NOMIRROR, 0, 0, G_TX_WRAP | G_TX_NOMIRROR, 0, 0),
	gsDPLoadTile(7, 128, 364, 260, 496),
	gsDPSetTile(G_IM_FMT_RGBA, G_IM_SIZ_16b, 9, 0, 0, 0, G_TX_CLAMP | G_TX_NOMIRROR, 0, 0, G_TX_CLAMP | G_TX_NOMIRROR, 0, 0),
	gsDPSetTileSize(0, 128, 364, 260, 496),
	gsSPVertex(mh_skybox_mh_skybox_mesh_vtx_1 + 0, 16, 0),
	gsSP2Triangles(0, 1, 2, 0, 0, 2, 3, 0),
	gsSP2Triangles(4, 5, 6, 0, 4, 6, 7, 0),
	gsSP2Triangles(8, 9, 10, 0, 8, 10, 11, 0),
	gsSP2Triangles(12, 13, 14, 0, 12, 14, 15, 0),
	gsDPLoadSync(),
	gsDPLoadTile(7, 384, 364, 516, 496),
	gsDPSetTileSize(0, 384, 364, 516, 496),
	gsSPVertex(mh_skybox_mh_skybox_mesh_vtx_1 + 16, 16, 0),
	gsSP2Triangles(0, 1, 2, 0, 0, 2, 3, 0),
	gsSP2Triangles(4, 5, 6, 0, 4, 6, 7, 0),
	gsSP2Triangles(8, 9, 10, 0, 8, 10, 11, 0),
	gsSP2Triangles(12, 13, 14, 0, 12, 14, 15, 0),
	gsDPLoadSync(),
	gsDPLoadTile(7, 640, 364, 772, 496),
	gsDPSetTileSize(0, 640, 364, 772, 496),
	gsSPVertex(mh_skybox_mh_skybox_mesh_vtx_1 + 32, 16, 0),
	gsSP2Triangles(0, 1, 2, 0, 0, 2, 3, 0),
	gsSP2Triangles(4, 5, 6, 0, 4, 6, 7, 0),
	gsSP2Triangles(8, 9, 10, 0, 8, 10, 11, 0),
	gsSP2Triangles(12, 13, 14, 0, 12, 14, 15, 0),
	gsDPLoadSync(),
	gsDPSetTile(G_IM_FMT_RGBA, G_IM_SIZ_16b, 8, 0, 7, 0, G_TX_WRAP | G_TX_NOMIRROR, 0, 0, G_TX_WRAP | G_TX_NOMIRROR, 0, 0),
	gsDPLoadTile(7, 896, 252, 1020, 496),
	gsDPSetTile(G_IM_FMT_RGBA, G_IM_SIZ_16b, 8, 0, 0, 0, G_TX_CLAMP | G_TX_NOMIRROR, 0, 0, G_TX_CLAMP | G_TX_NOMIRROR, 0, 0),
	gsDPSetTileSize(0, 896, 252, 1020, 496),
	gsSPVertex(mh_skybox_mh_skybox_mesh_vtx_1 + 48, 24, 0),
	gsSP2Triangles(0, 1, 2, 0, 0, 3, 1, 0),
	gsSP2Triangles(4, 1, 3, 0, 4, 3, 5, 0),
	gsSP2Triangles(6, 7, 8, 0, 6, 9, 7, 0),
	gsSP2Triangles(10, 7, 9, 0, 10, 9, 11, 0),
	gsSP2Triangles(12, 13, 14, 0, 12, 15, 13, 0),
	gsSP2Triangles(16, 13, 15, 0, 16, 15, 17, 0),
	gsSP2Triangles(18, 19, 20, 0, 18, 21, 19, 0),
	gsSP2Triangles(22, 19, 21, 0, 22, 21, 23, 0),
	gsDPLoadSync(),
	gsDPSetTile(G_IM_FMT_RGBA, G_IM_SIZ_16b, 17, 0, 7, 0, G_TX_WRAP | G_TX_NOMIRROR, 0, 0, G_TX_WRAP | G_TX_NOMIRROR, 0, 0),
	gsDPLoadTile(7, 384, 252, 644, 368),
	gsDPSetTile(G_IM_FMT_RGBA, G_IM_SIZ_16b, 17, 0, 0, 0, G_TX_CLAMP | G_TX_NOMIRROR, 0, 0, G_TX_CLAMP | G_TX_NOMIRROR, 0, 0),
	gsDPSetTileSize(0, 384, 252, 644, 368),
	gsSPVertex(mh_skybox_mh_skybox_mesh_vtx_1 + 72, 24, 0),
	gsSP2Triangles(0, 1, 2, 0, 3, 1, 0, 0),
	gsSP2Triangles(3, 4, 1, 0, 0, 2, 5, 0),
	gsSP2Triangles(6, 7, 8, 0, 9, 7, 6, 0),
	gsSP2Triangles(9, 10, 7, 0, 6, 8, 11, 0),
	gsSP2Triangles(12, 13, 14, 0, 15, 13, 12, 0),
	gsSP2Triangles(15, 16, 13, 0, 12, 14, 17, 0),
	gsSP2Triangles(18, 19, 20, 0, 21, 19, 18, 0),
	gsSP2Triangles(21, 22, 19, 0, 18, 20, 23, 0),
	gsDPLoadSync(),
	gsDPSetTile(G_IM_FMT_RGBA, G_IM_SIZ_16b, 9, 0, 7, 0, G_TX_WRAP | G_TX_NOMIRROR, 0, 0, G_TX_WRAP | G_TX_NOMIRROR, 0, 0),
	gsDPLoadTile(7, 384, 880, 516, 1020),
	gsDPSetTile(G_IM_FMT_RGBA, G_IM_SIZ_16b, 9, 0, 0, 0, G_TX_CLAMP | G_TX_NOMIRROR, 0, 0, G_TX_CLAMP | G_TX_NOMIRROR, 0, 0),
	gsDPSetTileSize(0, 384, 880, 516, 1020),
	gsSPVertex(mh_skybox_mh_skybox_mesh_vtx_1 + 96, 24, 0),
	gsSP2Triangles(0, 1, 2, 0, 0, 2, 3, 0),
	gsSP2Triangles(4, 0, 3, 0, 4, 3, 5, 0),
	gsSP2Triangles(6, 7, 8, 0, 6, 8, 9, 0),
	gsSP2Triangles(10, 6, 9, 0, 10, 9, 11, 0),
	gsSP2Triangles(12, 13, 14, 0, 12, 14, 15, 0),
	gsSP2Triangles(16, 12, 15, 0, 16, 15, 17, 0),
	gsSP2Triangles(18, 19, 20, 0, 18, 20, 21, 0),
	gsSP2Triangles(22, 18, 21, 0, 22, 21, 23, 0),
	gsDPLoadSync(),
	gsDPSetTile(G_IM_FMT_RGBA, G_IM_SIZ_16b, 24, 0, 7, 0, G_TX_WRAP | G_TX_NOMIRROR, 0, 0, G_TX_WRAP | G_TX_NOMIRROR, 0, 0),
	gsDPLoadTile(7, 640, 0, 1020, 76),
	gsDPSetTile(G_IM_FMT_RGBA, G_IM_SIZ_16b, 24, 0, 0, 0, G_TX_CLAMP | G_TX_NOMIRROR, 0, 0, G_TX_CLAMP | G_TX_NOMIRROR, 0, 0),
	gsDPSetTileSize(0, 640, 0, 1020, 76),
	gsSPVertex(mh_skybox_mh_skybox_mesh_vtx_1 + 120, 32, 0),
	gsSP2Triangles(0, 1, 2, 0, 3, 1, 0, 0),
	gsSP2Triangles(3, 4, 1, 0, 5, 4, 3, 0),
	gsSP2Triangles(5, 6, 4, 0, 0, 2, 7, 0),
	gsSP2Triangles(8, 9, 10, 0, 11, 9, 8, 0),
	gsSP2Triangles(11, 12, 9, 0, 13, 12, 11, 0),
	gsSP2Triangles(13, 14, 12, 0, 8, 10, 15, 0),
	gsSP2Triangles(16, 17, 18, 0, 19, 17, 16, 0),
	gsSP2Triangles(19, 20, 17, 0, 21, 20, 19, 0),
	gsSP2Triangles(21, 22, 20, 0, 16, 18, 23, 0),
	gsSP2Triangles(24, 25, 26, 0, 27, 25, 24, 0),
	gsSP2Triangles(27, 28, 25, 0, 29, 28, 27, 0),
	gsSP2Triangles(29, 30, 28, 0, 24, 26, 31, 0),
	gsDPLoadSync(),
	gsDPSetTile(G_IM_FMT_RGBA, G_IM_SIZ_16b, 9, 0, 7, 0, G_TX_WRAP | G_TX_NOMIRROR, 0, 0, G_TX_WRAP | G_TX_NOMIRROR, 0, 0),
	gsDPLoadTile(7, 256, 752, 388, 956),
	gsDPSetTile(G_IM_FMT_RGBA, G_IM_SIZ_16b, 9, 0, 0, 0, G_TX_CLAMP | G_TX_NOMIRROR, 0, 0, G_TX_CLAMP | G_TX_NOMIRROR, 0, 0),
	gsDPSetTileSize(0, 256, 752, 388, 956),
	gsSPVertex(mh_skybox_mh_skybox_mesh_vtx_1 + 152, 24, 0),
	gsSP2Triangles(0, 1, 2, 0, 0, 2, 3, 0),
	gsSP2Triangles(4, 0, 3, 0, 4, 3, 5, 0),
	gsSP2Triangles(6, 7, 8, 0, 6, 8, 9, 0),
	gsSP2Triangles(10, 6, 9, 0, 10, 9, 11, 0),
	gsSP2Triangles(12, 13, 14, 0, 12, 14, 15, 0),
	gsSP2Triangles(16, 12, 15, 0, 16, 15, 17, 0),
	gsSP2Triangles(18, 19, 20, 0, 18, 20, 21, 0),
	gsSP2Triangles(22, 18, 21, 0, 22, 21, 23, 0),
	gsDPLoadSync(),
	gsDPSetTile(G_IM_FMT_RGBA, G_IM_SIZ_16b, 25, 0, 7, 0, G_TX_WRAP | G_TX_NOMIRROR, 0, 0, G_TX_WRAP | G_TX_NOMIRROR, 0, 0),
	gsDPLoadTile(7, 128, 0, 516, 76),
	gsDPSetTile(G_IM_FMT_RGBA, G_IM_SIZ_16b, 25, 0, 0, 0, G_TX_CLAMP | G_TX_NOMIRROR, 0, 0, G_TX_CLAMP | G_TX_NOMIRROR, 0, 0),
	gsDPSetTileSize(0, 128, 0, 516, 76),
	gsSPVertex(mh_skybox_mh_skybox_mesh_vtx_1 + 176, 32, 0),
	gsSP2Triangles(0, 1, 2, 0, 0, 2, 3, 0),
	gsSP2Triangles(3, 2, 4, 0, 3, 4, 5, 0),
	gsSP2Triangles(5, 4, 6, 0, 5, 6, 7, 0),
	gsSP2Triangles(8, 9, 10, 0, 8, 10, 11, 0),
	gsSP2Triangles(11, 10, 12, 0, 11, 12, 13, 0),
	gsSP2Triangles(13, 12, 14, 0, 13, 14, 15, 0),
	gsSP2Triangles(16, 17, 18, 0, 16, 18, 19, 0),
	gsSP2Triangles(19, 18, 20, 0, 19, 20, 21, 0),
	gsSP2Triangles(21, 20, 22, 0, 21, 22, 23, 0),
	gsSP2Triangles(24, 25, 26, 0, 24, 26, 27, 0),
	gsSP2Triangles(27, 26, 28, 0, 27, 28, 29, 0),
	gsSP2Triangles(29, 28, 30, 0, 29, 30, 31, 0),
	gsDPLoadSync(),
	gsDPSetTile(G_IM_FMT_RGBA, G_IM_SIZ_16b, 17, 0, 7, 0, G_TX_WRAP | G_TX_NOMIRROR, 0, 0, G_TX_WRAP | G_TX_NOMIRROR, 0, 0),
	gsDPLoadTile(7, 128, 252, 388, 368),
	gsDPSetTile(G_IM_FMT_RGBA, G_IM_SIZ_16b, 17, 0, 0, 0, G_TX_CLAMP | G_TX_NOMIRROR, 0, 0, G_TX_CLAMP | G_TX_NOMIRROR, 0, 0),
	gsDPSetTileSize(0, 128, 252, 388, 368),
	gsSPVertex(mh_skybox_mh_skybox_mesh_vtx_1 + 208, 24, 0),
	gsSP2Triangles(0, 1, 2, 0, 0, 2, 3, 0),
	gsSP2Triangles(3, 2, 4, 0, 3, 4, 5, 0),
	gsSP2Triangles(6, 7, 8, 0, 6, 8, 9, 0),
	gsSP2Triangles(9, 8, 10, 0, 9, 10, 11, 0),
	gsSP2Triangles(12, 13, 14, 0, 12, 14, 15, 0),
	gsSP2Triangles(15, 14, 16, 0, 15, 16, 17, 0),
	gsSP2Triangles(18, 19, 20, 0, 18, 20, 21, 0),
	gsSP2Triangles(21, 20, 22, 0, 21, 22, 23, 0),
	gsDPLoadSync(),
	gsDPSetTile(G_IM_FMT_RGBA, G_IM_SIZ_16b, 9, 0, 7, 0, G_TX_WRAP | G_TX_NOMIRROR, 0, 0, G_TX_WRAP | G_TX_NOMIRROR, 0, 0),
	gsDPLoadTile(7, 0, 252, 132, 368),
	gsDPSetTile(G_IM_FMT_RGBA, G_IM_SIZ_16b, 9, 0, 0, 0, G_TX_CLAMP | G_TX_NOMIRROR, 0, 0, G_TX_CLAMP | G_TX_NOMIRROR, 0, 0),
	gsDPSetTileSize(0, 0, 252, 132, 368),
	gsSPVertex(mh_skybox_mh_skybox_mesh_vtx_1 + 232, 16, 0),
	gsSP2Triangles(0, 1, 2, 0, 0, 2, 3, 0),
	gsSP2Triangles(4, 5, 6, 0, 4, 6, 7, 0),
	gsSP2Triangles(8, 9, 10, 0, 8, 10, 11, 0),
	gsSP2Triangles(12, 13, 14, 0, 12, 14, 15, 0),
	gsDPLoadSync(),
	gsDPSetTile(G_IM_FMT_RGBA, G_IM_SIZ_16b, 17, 0, 7, 0, G_TX_WRAP | G_TX_NOMIRROR, 0, 0, G_TX_WRAP | G_TX_NOMIRROR, 0, 0),
	gsDPLoadTile(7, 640, 252, 900, 368),
	gsDPSetTile(G_IM_FMT_RGBA, G_IM_SIZ_16b, 17, 0, 0, 0, G_TX_CLAMP | G_TX_NOMIRROR, 0, 0, G_TX_CLAMP | G_TX_NOMIRROR, 0, 0),
	gsDPSetTileSize(0, 640, 252, 900, 368),
	gsSPVertex(mh_skybox_mh_skybox_mesh_vtx_1 + 248, 24, 0),
	gsSP2Triangles(0, 1, 2, 0, 0, 2, 3, 0),
	gsSP2Triangles(3, 2, 4, 0, 3, 4, 5, 0),
	gsSP2Triangles(6, 7, 8, 0, 6, 8, 9, 0),
	gsSP2Triangles(9, 8, 10, 0, 9, 10, 11, 0),
	gsSP2Triangles(12, 13, 14, 0, 12, 14, 15, 0),
	gsSP2Triangles(15, 14, 16, 0, 15, 16, 17, 0),
	gsSP2Triangles(18, 19, 20, 0, 18, 20, 21, 0),
	gsSP2Triangles(21, 20, 22, 0, 21, 22, 23, 0),
	gsDPLoadSync(),
	gsDPSetTile(G_IM_FMT_RGBA, G_IM_SIZ_16b, 9, 0, 7, 0, G_TX_WRAP | G_TX_NOMIRROR, 0, 0, G_TX_WRAP | G_TX_NOMIRROR, 0, 0),
	gsDPLoadTile(7, 256, 624, 388, 756),
	gsDPSetTile(G_IM_FMT_RGBA, G_IM_SIZ_16b, 9, 0, 0, 0, G_TX_CLAMP | G_TX_NOMIRROR, 0, 0, G_TX_CLAMP | G_TX_NOMIRROR, 0, 0),
	gsDPSetTileSize(0, 256, 624, 388, 756),
	gsSPVertex(mh_skybox_mh_skybox_mesh_vtx_1 + 272, 16, 0),
	gsSP2Triangles(0, 1, 2, 0, 0, 2, 3, 0),
	gsSP2Triangles(4, 5, 6, 0, 4, 6, 7, 0),
	gsSP2Triangles(8, 9, 10, 0, 8, 10, 11, 0),
	gsSP2Triangles(12, 13, 14, 0, 12, 14, 15, 0),
	gsDPLoadSync(),
	gsDPSetTile(G_IM_FMT_RGBA, G_IM_SIZ_16b, 8, 0, 7, 0, G_TX_WRAP | G_TX_NOMIRROR, 0, 0, G_TX_WRAP | G_TX_NOMIRROR, 0, 0),
	gsDPLoadTile(7, 896, 752, 1020, 956),
	gsDPSetTile(G_IM_FMT_RGBA, G_IM_SIZ_16b, 8, 0, 0, 0, G_TX_CLAMP | G_TX_NOMIRROR, 0, 0, G_TX_CLAMP | G_TX_NOMIRROR, 0, 0),
	gsDPSetTileSize(0, 896, 752, 1020, 956),
	gsSPVertex(mh_skybox_mh_skybox_mesh_vtx_1 + 288, 24, 0),
	gsSP2Triangles(0, 1, 2, 0, 1, 3, 2, 0),
	gsSP2Triangles(1, 4, 3, 0, 0, 2, 5, 0),
	gsSP2Triangles(6, 7, 8, 0, 7, 9, 8, 0),
	gsSP2Triangles(7, 10, 9, 0, 6, 8, 11, 0),
	gsSP2Triangles(12, 13, 14, 0, 13, 15, 14, 0),
	gsSP2Triangles(13, 16, 15, 0, 12, 14, 17, 0),
	gsSP2Triangles(18, 19, 20, 0, 19, 21, 20, 0),
	gsSP2Triangles(19, 22, 21, 0, 18, 20, 23, 0),
	gsDPLoadSync(),
	gsDPSetTile(G_IM_FMT_RGBA, G_IM_SIZ_16b, 9, 0, 7, 0, G_TX_WRAP | G_TX_NOMIRROR, 0, 0, G_TX_WRAP | G_TX_NOMIRROR, 0, 0),
	gsDPLoadTile(7, 640, 752, 772, 956),
	gsDPSetTile(G_IM_FMT_RGBA, G_IM_SIZ_16b, 9, 0, 0, 0, G_TX_CLAMP | G_TX_NOMIRROR, 0, 0, G_TX_CLAMP | G_TX_NOMIRROR, 0, 0),
	gsDPSetTileSize(0, 640, 752, 772, 956),
	gsSPVertex(mh_skybox_mh_skybox_mesh_vtx_1 + 312, 24, 0),
	gsSP2Triangles(0, 1, 2, 0, 1, 3, 2, 0),
	gsSP2Triangles(1, 4, 3, 0, 0, 2, 5, 0),
	gsSP2Triangles(6, 7, 8, 0, 7, 9, 8, 0),
	gsSP2Triangles(7, 10, 9, 0, 6, 8, 11, 0),
	gsSP2Triangles(12, 13, 14, 0, 13, 15, 14, 0),
	gsSP2Triangles(13, 16, 15, 0, 12, 14, 17, 0),
	gsSP2Triangles(18, 19, 20, 0, 19, 21, 20, 0),
	gsSP2Triangles(19, 22, 21, 0, 18, 20, 23, 0),
	gsDPLoadSync(),
	gsDPLoadTile(7, 768, 624, 900, 756),
	gsDPSetTileSize(0, 768, 624, 900, 756),
	gsSPVertex(mh_skybox_mh_skybox_mesh_vtx_1 + 336, 16, 0),
	gsSP2Triangles(0, 1, 2, 0, 0, 2, 3, 0),
	gsSP2Triangles(4, 5, 6, 0, 4, 6, 7, 0),
	gsSP2Triangles(8, 9, 10, 0, 8, 10, 11, 0),
	gsSP2Triangles(12, 13, 14, 0, 12, 14, 15, 0),
	gsDPLoadSync(),
	gsDPLoadTile(7, 128, 752, 260, 956),
	gsDPSetTileSize(0, 128, 752, 260, 956),
	gsSPVertex(mh_skybox_mh_skybox_mesh_vtx_1 + 352, 24, 0),
	gsSP2Triangles(0, 1, 2, 0, 1, 3, 2, 0),
	gsSP2Triangles(1, 4, 3, 0, 0, 2, 5, 0),
	gsSP2Triangles(6, 7, 8, 0, 7, 9, 8, 0),
	gsSP2Triangles(7, 10, 9, 0, 6, 8, 11, 0),
	gsSP2Triangles(12, 13, 14, 0, 13, 15, 14, 0),
	gsSP2Triangles(13, 16, 15, 0, 12, 14, 17, 0),
	gsSP2Triangles(18, 19, 20, 0, 19, 21, 20, 0),
	gsSP2Triangles(19, 22, 21, 0, 18, 20, 23, 0),
	gsDPLoadSync(),
	gsDPLoadTile(7, 768, 752, 900, 956),
	gsDPSetTileSize(0, 768, 752, 900, 956),
	gsSPVertex(mh_skybox_mh_skybox_mesh_vtx_1 + 376, 24, 0),
	gsSP2Triangles(0, 1, 2, 0, 0, 3, 1, 0),
	gsSP2Triangles(3, 4, 1, 0, 3, 5, 4, 0),
	gsSP2Triangles(6, 7, 8, 0, 6, 9, 7, 0),
	gsSP2Triangles(9, 10, 7, 0, 9, 11, 10, 0),
	gsSP2Triangles(12, 13, 14, 0, 12, 15, 13, 0),
	gsSP2Triangles(15, 16, 13, 0, 15, 17, 16, 0),
	gsSP2Triangles(18, 19, 20, 0, 18, 21, 19, 0),
	gsSP2Triangles(21, 22, 19, 0, 21, 23, 22, 0),
	gsDPLoadSync(),
	gsDPLoadTile(7, 0, 624, 132, 756),
	gsDPSetTileSize(0, 0, 624, 132, 756),
	gsSPVertex(mh_skybox_mh_skybox_mesh_vtx_1 + 400, 16, 0),
	gsSP2Triangles(0, 1, 2, 0, 0, 3, 1, 0),
	gsSP2Triangles(4, 5, 6, 0, 4, 7, 5, 0),
	gsSP2Triangles(8, 9, 10, 0, 8, 11, 9, 0),
	gsSP2Triangles(12, 13, 14, 0, 12, 15, 13, 0),
	gsDPLoadSync(),
	gsDPLoadTile(7, 0, 752, 132, 956),
	gsDPSetTileSize(0, 0, 752, 132, 956),
	gsSPVertex(mh_skybox_mh_skybox_mesh_vtx_1 + 416, 24, 0),
	gsSP2Triangles(0, 1, 2, 0, 0, 3, 1, 0),
	gsSP2Triangles(3, 4, 1, 0, 3, 5, 4, 0),
	gsSP2Triangles(6, 7, 8, 0, 6, 9, 7, 0),
	gsSP2Triangles(9, 10, 7, 0, 9, 11, 10, 0),
	gsSP2Triangles(12, 13, 14, 0, 12, 15, 13, 0),
	gsSP2Triangles(15, 16, 13, 0, 15, 17, 16, 0),
	gsSP2Triangles(18, 19, 20, 0, 18, 21, 19, 0),
	gsSP2Triangles(21, 22, 19, 0, 21, 23, 22, 0),
	gsDPLoadSync(),
	gsDPLoadTile(7, 384, 624, 516, 756),
	gsDPSetTileSize(0, 384, 624, 516, 756),
	gsSPVertex(mh_skybox_mh_skybox_mesh_vtx_1 + 440, 16, 0),
	gsSP2Triangles(0, 1, 2, 0, 0, 3, 1, 0),
	gsSP2Triangles(4, 5, 6, 0, 4, 7, 5, 0),
	gsSP2Triangles(8, 9, 10, 0, 8, 11, 9, 0),
	gsSP2Triangles(12, 13, 14, 0, 12, 15, 13, 0),
	gsDPLoadSync(),
	gsDPLoadTile(7, 512, 752, 644, 956),
	gsDPSetTileSize(0, 512, 752, 644, 956),
	gsSPVertex(mh_skybox_mh_skybox_mesh_vtx_1 + 456, 24, 0),
	gsSP2Triangles(0, 1, 2, 0, 1, 3, 2, 0),
	gsSP2Triangles(1, 4, 3, 0, 0, 2, 5, 0),
	gsSP2Triangles(6, 7, 8, 0, 7, 9, 8, 0),
	gsSP2Triangles(7, 10, 9, 0, 6, 8, 11, 0),
	gsSP2Triangles(12, 13, 14, 0, 13, 15, 14, 0),
	gsSP2Triangles(13, 16, 15, 0, 12, 14, 17, 0),
	gsSP2Triangles(18, 19, 20, 0, 19, 21, 20, 0),
	gsSP2Triangles(19, 22, 21, 0, 18, 20, 23, 0),
	gsDPLoadSync(),
	gsDPLoadTile(7, 512, 624, 644, 756),
	gsDPSetTileSize(0, 512, 624, 644, 756),
	gsSPVertex(mh_skybox_mh_skybox_mesh_vtx_1 + 480, 16, 0),
	gsSP2Triangles(0, 1, 2, 0, 0, 2, 3, 0),
	gsSP2Triangles(4, 5, 6, 0, 4, 6, 7, 0),
	gsSP2Triangles(8, 9, 10, 0, 8, 10, 11, 0),
	gsSP2Triangles(12, 13, 14, 0, 12, 14, 15, 0),
	gsDPLoadSync(),
	gsDPLoadTile(7, 384, 752, 516, 884),
	gsDPSetTileSize(0, 384, 752, 516, 884),
	gsSPVertex(mh_skybox_mh_skybox_mesh_vtx_1 + 496, 16, 0),
	gsSP2Triangles(0, 1, 2, 0, 0, 2, 3, 0),
	gsSP2Triangles(4, 5, 6, 0, 4, 6, 7, 0),
	gsSP2Triangles(8, 9, 10, 0, 8, 10, 11, 0),
	gsSP2Triangles(12, 13, 14, 0, 12, 14, 15, 0),
	gsDPLoadSync(),
	gsDPLoadTile(7, 128, 624, 260, 756),
	gsDPSetTileSize(0, 128, 624, 260, 756),
	gsSPVertex(mh_skybox_mh_skybox_mesh_vtx_1 + 512, 16, 0),
	gsSP2Triangles(0, 1, 2, 0, 0, 2, 3, 0),
	gsSP2Triangles(4, 5, 6, 0, 4, 6, 7, 0),
	gsSP2Triangles(8, 9, 10, 0, 8, 10, 11, 0),
	gsSP2Triangles(12, 13, 14, 0, 12, 14, 15, 0),
	gsDPLoadSync(),
	gsDPSetTile(G_IM_FMT_RGBA, G_IM_SIZ_16b, 8, 0, 7, 0, G_TX_WRAP | G_TX_NOMIRROR, 0, 0, G_TX_WRAP | G_TX_NOMIRROR, 0, 0),
	gsDPLoadTile(7, 896, 624, 1020, 756),
	gsDPSetTile(G_IM_FMT_RGBA, G_IM_SIZ_16b, 8, 0, 0, 0, G_TX_CLAMP | G_TX_NOMIRROR, 0, 0, G_TX_CLAMP | G_TX_NOMIRROR, 0, 0),
	gsDPSetTileSize(0, 896, 624, 1020, 756),
	gsSPVertex(mh_skybox_mh_skybox_mesh_vtx_1 + 528, 16, 0),
	gsSP2Triangles(0, 1, 2, 0, 0, 2, 3, 0),
	gsSP2Triangles(4, 5, 6, 0, 4, 6, 7, 0),
	gsSP2Triangles(8, 9, 10, 0, 8, 10, 11, 0),
	gsSP2Triangles(12, 13, 14, 0, 12, 14, 15, 0),
	gsDPLoadSync(),
	gsDPSetTile(G_IM_FMT_RGBA, G_IM_SIZ_16b, 9, 0, 7, 0, G_TX_WRAP | G_TX_NOMIRROR, 0, 0, G_TX_WRAP | G_TX_NOMIRROR, 0, 0),
	gsDPLoadTile(7, 640, 624, 772, 756),
	gsDPSetTile(G_IM_FMT_RGBA, G_IM_SIZ_16b, 9, 0, 0, 0, G_TX_CLAMP | G_TX_NOMIRROR, 0, 0, G_TX_CLAMP | G_TX_NOMIRROR, 0, 0),
	gsDPSetTileSize(0, 640, 624, 772, 756),
	gsSPVertex(mh_skybox_mh_skybox_mesh_vtx_1 + 544, 16, 0),
	gsSP2Triangles(0, 1, 2, 0, 0, 2, 3, 0),
	gsSP2Triangles(4, 5, 6, 0, 4, 6, 7, 0),
	gsSP2Triangles(8, 9, 10, 0, 8, 10, 11, 0),
	gsSP2Triangles(12, 13, 14, 0, 12, 14, 15, 0),
	gsDPLoadSync(),
	gsDPSetTile(G_IM_FMT_RGBA, G_IM_SIZ_16b, 24, 0, 7, 0, G_TX_WRAP | G_TX_NOMIRROR, 0, 0, G_TX_WRAP | G_TX_NOMIRROR, 0, 0),
	gsDPLoadTile(7, 640, 952, 1020, 1020),
	gsDPSetTile(G_IM_FMT_RGBA, G_IM_SIZ_16b, 24, 0, 0, 0, G_TX_CLAMP | G_TX_NOMIRROR, 0, 0, G_TX_CLAMP | G_TX_NOMIRROR, 0, 0),
	gsDPSetTileSize(0, 640, 952, 1020, 1020),
	gsSPVertex(mh_skybox_mh_skybox_mesh_vtx_1 + 560, 32, 0),
	gsSP2Triangles(0, 1, 2, 0, 0, 2, 3, 0),
	gsSP2Triangles(3, 2, 4, 0, 3, 4, 5, 0),
	gsSP2Triangles(5, 4, 6, 0, 5, 6, 7, 0),
	gsSP2Triangles(8, 9, 10, 0, 8, 10, 11, 0),
	gsSP2Triangles(11, 10, 12, 0, 11, 12, 13, 0),
	gsSP2Triangles(13, 12, 14, 0, 13, 14, 15, 0),
	gsSP2Triangles(16, 17, 18, 0, 16, 18, 19, 0),
	gsSP2Triangles(19, 18, 20, 0, 19, 20, 21, 0),
	gsSP2Triangles(21, 20, 22, 0, 21, 22, 23, 0),
	gsSP2Triangles(24, 25, 26, 0, 24, 26, 27, 0),
	gsSP2Triangles(27, 26, 28, 0, 27, 28, 29, 0),
	gsSP2Triangles(29, 28, 30, 0, 29, 30, 31, 0),
	gsDPLoadSync(),
	gsDPSetTile(G_IM_FMT_RGBA, G_IM_SIZ_16b, 25, 0, 7, 0, G_TX_WRAP | G_TX_NOMIRROR, 0, 0, G_TX_WRAP | G_TX_NOMIRROR, 0, 0),
	gsDPLoadTile(7, 256, 952, 644, 1020),
	gsDPSetTile(G_IM_FMT_RGBA, G_IM_SIZ_16b, 25, 0, 0, 0, G_TX_CLAMP | G_TX_NOMIRROR, 0, 0, G_TX_CLAMP | G_TX_NOMIRROR, 0, 0),
	gsDPSetTileSize(0, 256, 952, 644, 1020),
	gsSPVertex(mh_skybox_mh_skybox_mesh_vtx_1 + 592, 32, 0),
	gsSP2Triangles(0, 1, 2, 0, 0, 2, 3, 0),
	gsSP2Triangles(4, 5, 6, 0, 4, 6, 7, 0),
	gsSP2Triangles(8, 9, 10, 0, 8, 10, 11, 0),
	gsSP2Triangles(12, 13, 14, 0, 12, 14, 15, 0),
	gsSP2Triangles(16, 17, 18, 0, 16, 18, 19, 0),
	gsSP2Triangles(20, 21, 22, 0, 20, 22, 23, 0),
	gsSP2Triangles(24, 25, 26, 0, 24, 26, 27, 0),
	gsSP2Triangles(28, 29, 30, 0, 28, 30, 31, 0),
	gsDPLoadSync(),
	gsDPSetTile(G_IM_FMT_RGBA, G_IM_SIZ_16b, 17, 0, 7, 0, G_TX_WRAP | G_TX_NOMIRROR, 0, 0, G_TX_WRAP | G_TX_NOMIRROR, 0, 0),
	gsDPLoadTile(7, 0, 952, 260, 1020),
	gsDPSetTile(G_IM_FMT_RGBA, G_IM_SIZ_16b, 17, 0, 0, 0, G_TX_CLAMP | G_TX_NOMIRROR, 0, 0, G_TX_CLAMP | G_TX_NOMIRROR, 0, 0),
	gsDPSetTileSize(0, 0, 952, 260, 1020),
	gsSPVertex(mh_skybox_mh_skybox_mesh_vtx_1 + 624, 24, 0),
	gsSP2Triangles(0, 1, 2, 0, 0, 2, 3, 0),
	gsSP2Triangles(3, 2, 4, 0, 3, 4, 5, 0),
	gsSP2Triangles(6, 7, 8, 0, 6, 8, 9, 0),
	gsSP2Triangles(9, 8, 10, 0, 9, 10, 11, 0),
	gsSP2Triangles(12, 13, 14, 0, 12, 14, 15, 0),
	gsSP2Triangles(15, 14, 16, 0, 15, 16, 17, 0),
	gsSP2Triangles(18, 19, 20, 0, 18, 20, 21, 0),
	gsSP2Triangles(21, 20, 22, 0, 21, 22, 23, 0),
	gsDPLoadSync(),
	gsDPSetTile(G_IM_FMT_RGBA, G_IM_SIZ_16b, 16, 0, 7, 0, G_TX_WRAP | G_TX_NOMIRROR, 0, 0, G_TX_WRAP | G_TX_NOMIRROR, 0, 0),
	gsDPLoadTile(7, 768, 144, 1020, 256),
	gsDPSetTile(G_IM_FMT_RGBA, G_IM_SIZ_16b, 16, 0, 0, 0, G_TX_CLAMP | G_TX_NOMIRROR, 0, 0, G_TX_CLAMP | G_TX_NOMIRROR, 0, 0),
	gsDPSetTileSize(0, 768, 144, 1020, 256),
	gsSPVertex(mh_skybox_mh_skybox_mesh_vtx_1 + 648, 24, 0),
	gsSP2Triangles(0, 1, 2, 0, 0, 2, 3, 0),
	gsSP2Triangles(3, 2, 4, 0, 3, 4, 5, 0),
	gsSP2Triangles(6, 7, 8, 0, 6, 8, 9, 0),
	gsSP2Triangles(9, 8, 10, 0, 9, 10, 11, 0),
	gsSP2Triangles(12, 13, 14, 0, 12, 14, 15, 0),
	gsSP2Triangles(15, 14, 16, 0, 15, 16, 17, 0),
	gsSP2Triangles(18, 19, 20, 0, 18, 20, 21, 0),
	gsSP2Triangles(21, 20, 22, 0, 21, 22, 23, 0),
	gsDPLoadSync(),
	gsDPSetTile(G_IM_FMT_RGBA, G_IM_SIZ_16b, 17, 0, 7, 0, G_TX_WRAP | G_TX_NOMIRROR, 0, 0, G_TX_WRAP | G_TX_NOMIRROR, 0, 0),
	gsDPLoadTile(7, 0, 144, 260, 256),
	gsDPSetTile(G_IM_FMT_RGBA, G_IM_SIZ_16b, 17, 0, 0, 0, G_TX_CLAMP | G_TX_NOMIRROR, 0, 0, G_TX_CLAMP | G_TX_NOMIRROR, 0, 0),
	gsDPSetTileSize(0, 0, 144, 260, 256),
	gsSPVertex(mh_skybox_mh_skybox_mesh_vtx_1 + 672, 24, 0),
	gsSP2Triangles(0, 1, 2, 0, 3, 1, 0, 0),
	gsSP2Triangles(3, 4, 1, 0, 0, 2, 5, 0),
	gsSP2Triangles(6, 7, 8, 0, 9, 7, 6, 0),
	gsSP2Triangles(9, 10, 7, 0, 6, 8, 11, 0),
	gsSP2Triangles(12, 13, 14, 0, 15, 13, 12, 0),
	gsSP2Triangles(15, 16, 13, 0, 12, 14, 17, 0),
	gsSP2Triangles(18, 19, 20, 0, 21, 19, 18, 0),
	gsSP2Triangles(21, 22, 19, 0, 18, 20, 23, 0),
	gsDPLoadSync(),
	gsDPLoadTile(7, 256, 144, 516, 256),
	gsDPSetTileSize(0, 256, 144, 516, 256),
	gsSPVertex(mh_skybox_mh_skybox_mesh_vtx_1 + 696, 24, 0),
	gsSP2Triangles(0, 1, 2, 0, 3, 1, 0, 0),
	gsSP2Triangles(3, 4, 1, 0, 0, 2, 5, 0),
	gsSP2Triangles(6, 7, 8, 0, 9, 7, 6, 0),
	gsSP2Triangles(9, 10, 7, 0, 6, 8, 11, 0),
	gsSP2Triangles(12, 13, 14, 0, 15, 13, 12, 0),
	gsSP2Triangles(15, 16, 13, 0, 12, 14, 17, 0),
	gsSP2Triangles(18, 19, 20, 0, 21, 19, 18, 0),
	gsSP2Triangles(21, 22, 19, 0, 18, 20, 23, 0),
	gsDPLoadSync(),
	gsDPSetTile(G_IM_FMT_RGBA, G_IM_SIZ_16b, 25, 0, 7, 0, G_TX_WRAP | G_TX_NOMIRROR, 0, 0, G_TX_WRAP | G_TX_NOMIRROR, 0, 0),
	gsDPLoadTile(7, 128, 72, 516, 148),
	gsDPSetTile(G_IM_FMT_RGBA, G_IM_SIZ_16b, 25, 0, 0, 0, G_TX_CLAMP | G_TX_NOMIRROR, 0, 0, G_TX_CLAMP | G_TX_NOMIRROR, 0, 0),
	gsDPSetTileSize(0, 128, 72, 516, 148),
	gsSPVertex(mh_skybox_mh_skybox_mesh_vtx_1 + 720, 32, 0),
	gsSP2Triangles(0, 1, 2, 0, 3, 1, 0, 0),
	gsSP2Triangles(3, 4, 1, 0, 5, 4, 3, 0),
	gsSP2Triangles(5, 6, 4, 0, 0, 2, 7, 0),
	gsSP2Triangles(8, 9, 10, 0, 11, 9, 8, 0),
	gsSP2Triangles(11, 12, 9, 0, 13, 12, 11, 0),
	gsSP2Triangles(13, 14, 12, 0, 8, 10, 15, 0),
	gsSP2Triangles(16, 17, 18, 0, 19, 17, 16, 0),
	gsSP2Triangles(19, 20, 17, 0, 21, 20, 19, 0),
	gsSP2Triangles(21, 22, 20, 0, 16, 18, 23, 0),
	gsSP2Triangles(24, 25, 26, 0, 27, 25, 24, 0),
	gsSP2Triangles(27, 28, 25, 0, 29, 28, 27, 0),
	gsSP2Triangles(29, 30, 28, 0, 24, 26, 31, 0),
	gsDPLoadSync(),
	gsDPSetTile(G_IM_FMT_RGBA, G_IM_SIZ_16b, 9, 0, 7, 0, G_TX_WRAP | G_TX_NOMIRROR, 0, 0, G_TX_WRAP | G_TX_NOMIRROR, 0, 0),
	gsDPLoadTile(7, 0, 0, 132, 148),
	gsDPSetTile(G_IM_FMT_RGBA, G_IM_SIZ_16b, 9, 0, 0, 0, G_TX_CLAMP | G_TX_NOMIRROR, 0, 0, G_TX_CLAMP | G_TX_NOMIRROR, 0, 0),
	gsDPSetTileSize(0, 0, 0, 132, 148),
	gsSPVertex(mh_skybox_mh_skybox_mesh_vtx_1 + 752, 24, 0),
	gsSP2Triangles(0, 1, 2, 0, 0, 3, 1, 0),
	gsSP2Triangles(3, 4, 1, 0, 3, 5, 4, 0),
	gsSP2Triangles(6, 7, 8, 0, 6, 9, 7, 0),
	gsSP2Triangles(9, 10, 7, 0, 9, 11, 10, 0),
	gsSP2Triangles(12, 13, 14, 0, 12, 15, 13, 0),
	gsSP2Triangles(15, 16, 13, 0, 15, 17, 16, 0),
	gsSP2Triangles(18, 19, 20, 0, 18, 21, 19, 0),
	gsSP2Triangles(21, 22, 19, 0, 21, 23, 22, 0),
	gsDPLoadSync(),
	gsDPSetTile(G_IM_FMT_RGBA, G_IM_SIZ_16b, 25, 0, 7, 0, G_TX_WRAP | G_TX_NOMIRROR, 0, 0, G_TX_WRAP | G_TX_NOMIRROR, 0, 0),
	gsDPLoadTile(7, 512, 72, 900, 148),
	gsDPSetTile(G_IM_FMT_RGBA, G_IM_SIZ_16b, 25, 0, 0, 0, G_TX_CLAMP | G_TX_NOMIRROR, 0, 0, G_TX_CLAMP | G_TX_NOMIRROR, 0, 0),
	gsDPSetTileSize(0, 512, 72, 900, 148),
	gsSPVertex(mh_skybox_mh_skybox_mesh_vtx_1 + 776, 32, 0),
	gsSP2Triangles(0, 1, 2, 0, 3, 1, 0, 0),
	gsSP2Triangles(3, 4, 1, 0, 0, 2, 5, 0),
	gsSP2Triangles(5, 2, 6, 0, 5, 6, 7, 0),
	gsSP2Triangles(8, 9, 10, 0, 11, 9, 8, 0),
	gsSP2Triangles(11, 12, 9, 0, 8, 10, 13, 0),
	gsSP2Triangles(13, 10, 14, 0, 13, 14, 15, 0),
	gsSP2Triangles(16, 17, 18, 0, 19, 17, 16, 0),
	gsSP2Triangles(19, 20, 17, 0, 16, 18, 21, 0),
	gsSP2Triangles(21, 18, 22, 0, 21, 22, 23, 0),
	gsSP2Triangles(24, 25, 26, 0, 27, 25, 24, 0),
	gsSP2Triangles(27, 28, 25, 0, 24, 26, 29, 0),
	gsSP2Triangles(29, 26, 30, 0, 29, 30, 31, 0),
	gsDPLoadSync(),
	gsDPSetTile(G_IM_FMT_RGBA, G_IM_SIZ_16b, 9, 0, 7, 0, G_TX_WRAP | G_TX_NOMIRROR, 0, 0, G_TX_WRAP | G_TX_NOMIRROR, 0, 0),
	gsDPLoadTile(7, 512, 0, 644, 76),
	gsDPSetTile(G_IM_FMT_RGBA, G_IM_SIZ_16b, 9, 0, 0, 0, G_TX_CLAMP | G_TX_NOMIRROR, 0, 0, G_TX_CLAMP | G_TX_NOMIRROR, 0, 0),
	gsDPSetTileSize(0, 512, 0, 644, 76),
	gsSPVertex(mh_skybox_mh_skybox_mesh_vtx_1 + 808, 16, 0),
	gsSP2Triangles(0, 1, 2, 0, 0, 2, 3, 0),
	gsSP2Triangles(4, 5, 6, 0, 4, 6, 7, 0),
	gsSP2Triangles(8, 9, 10, 0, 8, 10, 11, 0),
	gsSP2Triangles(12, 13, 14, 0, 12, 14, 15, 0),
	gsDPLoadSync(),
	gsDPSetTile(G_IM_FMT_RGBA, G_IM_SIZ_16b, 8, 0, 7, 0, G_TX_WRAP | G_TX_NOMIRROR, 0, 0, G_TX_WRAP | G_TX_NOMIRROR, 0, 0),
	gsDPLoadTile(7, 896, 72, 1020, 148),
	gsDPSetTile(G_IM_FMT_RGBA, G_IM_SIZ_16b, 8, 0, 0, 0, G_TX_CLAMP | G_TX_NOMIRROR, 0, 0, G_TX_CLAMP | G_TX_NOMIRROR, 0, 0),
	gsDPSetTileSize(0, 896, 72, 1020, 148),
	gsSPVertex(mh_skybox_mh_skybox_mesh_vtx_1 + 824, 16, 0),
	gsSP2Triangles(0, 1, 2, 0, 0, 2, 3, 0),
	gsSP2Triangles(4, 5, 6, 0, 4, 6, 7, 0),
	gsSP2Triangles(8, 9, 10, 0, 8, 10, 11, 0),
	gsSP2Triangles(12, 13, 14, 0, 12, 14, 15, 0),
	gsDPLoadSync(),
	gsDPSetTile(G_IM_FMT_RGBA, G_IM_SIZ_16b, 17, 0, 7, 0, G_TX_WRAP | G_TX_NOMIRROR, 0, 0, G_TX_WRAP | G_TX_NOMIRROR, 0, 0),
	gsDPLoadTile(7, 512, 144, 772, 256),
	gsDPSetTile(G_IM_FMT_RGBA, G_IM_SIZ_16b, 17, 0, 0, 0, G_TX_CLAMP | G_TX_NOMIRROR, 0, 0, G_TX_CLAMP | G_TX_NOMIRROR, 0, 0),
	gsDPSetTileSize(0, 512, 144, 772, 256),
	gsSPVertex(mh_skybox_mh_skybox_mesh_vtx_1 + 840, 24, 0),
	gsSP2Triangles(0, 1, 2, 0, 0, 3, 1, 0),
	gsSP2Triangles(4, 3, 0, 0, 4, 5, 3, 0),
	gsSP2Triangles(6, 7, 8, 0, 6, 9, 7, 0),
	gsSP2Triangles(10, 9, 6, 0, 10, 11, 9, 0),
	gsSP2Triangles(12, 13, 14, 0, 12, 15, 13, 0),
	gsSP2Triangles(16, 15, 12, 0, 16, 17, 15, 0),
	gsSP2Triangles(18, 19, 20, 0, 18, 21, 19, 0),
	gsSP2Triangles(22, 21, 18, 0, 22, 23, 21, 0),
	gsDPLoadSync(),
	gsDPSetTile(G_IM_FMT_RGBA, G_IM_SIZ_16b, 8, 0, 7, 0, G_TX_WRAP | G_TX_NOMIRROR, 0, 0, G_TX_WRAP | G_TX_NOMIRROR, 0, 0),
	gsDPLoadTile(7, 896, 492, 1020, 628),
	gsDPSetTile(G_IM_FMT_RGBA, G_IM_SIZ_16b, 8, 0, 0, 0, G_TX_CLAMP | G_TX_NOMIRROR, 0, 0, G_TX_CLAMP | G_TX_NOMIRROR, 0, 0),
	gsDPSetTileSize(0, 896, 492, 1020, 628),
	gsSPVertex(mh_skybox_mh_skybox_mesh_vtx_1 + 864, 16, 0),
	gsSP2Triangles(0, 1, 2, 0, 0, 3, 1, 0),
	gsSP2Triangles(4, 5, 6, 0, 4, 7, 5, 0),
	gsSP2Triangles(8, 9, 10, 0, 8, 11, 9, 0),
	gsSP2Triangles(12, 13, 14, 0, 12, 15, 13, 0),
	gsDPLoadSync(),
	gsDPSetTile(G_IM_FMT_RGBA, G_IM_SIZ_16b, 9, 0, 7, 0, G_TX_WRAP | G_TX_NOMIRROR, 0, 0, G_TX_WRAP | G_TX_NOMIRROR, 0, 0),
	gsDPLoadTile(7, 768, 492, 900, 628),
	gsDPSetTile(G_IM_FMT_RGBA, G_IM_SIZ_16b, 9, 0, 0, 0, G_TX_CLAMP | G_TX_NOMIRROR, 0, 0, G_TX_CLAMP | G_TX_NOMIRROR, 0, 0),
	gsDPSetTileSize(0, 768, 492, 900, 628),
	gsSPVertex(mh_skybox_mh_skybox_mesh_vtx_1 + 880, 16, 0),
	gsSP2Triangles(0, 1, 2, 0, 0, 3, 1, 0),
	gsSP2Triangles(4, 5, 6, 0, 4, 7, 5, 0),
	gsSP2Triangles(8, 9, 10, 0, 8, 11, 9, 0),
	gsSP2Triangles(12, 13, 14, 0, 12, 15, 13, 0),
	gsDPLoadSync(),
	gsDPLoadTile(7, 768, 364, 900, 496),
	gsDPSetTileSize(0, 768, 364, 900, 496),
	gsSPVertex(mh_skybox_mh_skybox_mesh_vtx_1 + 896, 16, 0),
	gsSP2Triangles(0, 1, 2, 0, 0, 2, 3, 0),
	gsSP2Triangles(4, 5, 6, 0, 4, 6, 7, 0),
	gsSP2Triangles(8, 9, 10, 0, 8, 10, 11, 0),
	gsSP2Triangles(12, 13, 14, 0, 12, 14, 15, 0),
	gsDPLoadSync(),
	gsDPLoadTile(7, 640, 492, 772, 628),
	gsDPSetTileSize(0, 640, 492, 772, 628),
	gsSPVertex(mh_skybox_mh_skybox_mesh_vtx_1 + 912, 16, 0),
	gsSP2Triangles(0, 1, 2, 0, 0, 3, 1, 0),
	gsSP2Triangles(4, 5, 6, 0, 4, 7, 5, 0),
	gsSP2Triangles(8, 9, 10, 0, 8, 11, 9, 0),
	gsSP2Triangles(12, 13, 14, 0, 12, 15, 13, 0),
	gsDPLoadSync(),
	gsDPLoadTile(7, 512, 492, 644, 628),
	gsDPSetTileSize(0, 512, 492, 644, 628),
	gsSPVertex(mh_skybox_mh_skybox_mesh_vtx_1 + 928, 16, 0),
	gsSP2Triangles(0, 1, 2, 0, 0, 3, 1, 0),
	gsSP2Triangles(4, 5, 6, 0, 4, 7, 5, 0),
	gsSP2Triangles(8, 9, 10, 0, 8, 11, 9, 0),
	gsSP2Triangles(12, 13, 14, 0, 12, 15, 13, 0),
	gsDPLoadSync(),
	gsDPLoadTile(7, 512, 364, 644, 496),
	gsDPSetTileSize(0, 512, 364, 644, 496),
	gsSPVertex(mh_skybox_mh_skybox_mesh_vtx_1 + 944, 16, 0),
	gsSP2Triangles(0, 1, 2, 0, 0, 2, 3, 0),
	gsSP2Triangles(4, 5, 6, 0, 4, 6, 7, 0),
	gsSP2Triangles(8, 9, 10, 0, 8, 10, 11, 0),
	gsSP2Triangles(12, 13, 14, 0, 12, 14, 15, 0),
	gsDPLoadSync(),
	gsDPLoadTile(7, 384, 492, 516, 628),
	gsDPSetTileSize(0, 384, 492, 516, 628),
	gsSPVertex(mh_skybox_mh_skybox_mesh_vtx_1 + 960, 16, 0),
	gsSP2Triangles(0, 1, 2, 0, 0, 3, 1, 0),
	gsSP2Triangles(4, 5, 6, 0, 4, 7, 5, 0),
	gsSP2Triangles(8, 9, 10, 0, 8, 11, 9, 0),
	gsSP2Triangles(12, 13, 14, 0, 12, 15, 13, 0),
	gsDPLoadSync(),
	gsDPLoadTile(7, 256, 492, 388, 628),
	gsDPSetTileSize(0, 256, 492, 388, 628),
	gsSPVertex(mh_skybox_mh_skybox_mesh_vtx_1 + 976, 16, 0),
	gsSP2Triangles(0, 1, 2, 0, 0, 3, 1, 0),
	gsSP2Triangles(4, 5, 6, 0, 4, 7, 5, 0),
	gsSP2Triangles(8, 9, 10, 0, 8, 11, 9, 0),
	gsSP2Triangles(12, 13, 14, 0, 12, 15, 13, 0),
	gsDPLoadSync(),
	gsDPLoadTile(7, 256, 364, 388, 496),
	gsDPSetTileSize(0, 256, 364, 388, 496),
	gsSPVertex(mh_skybox_mh_skybox_mesh_vtx_1 + 992, 16, 0),
	gsSP2Triangles(0, 1, 2, 0, 0, 2, 3, 0),
	gsSP2Triangles(4, 5, 6, 0, 4, 6, 7, 0),
	gsSP2Triangles(8, 9, 10, 0, 8, 10, 11, 0),
	gsSP2Triangles(12, 13, 14, 0, 12, 14, 15, 0),
	gsDPLoadSync(),
	gsDPLoadTile(7, 128, 492, 260, 628),
	gsDPSetTileSize(0, 128, 492, 260, 628),
	gsSPVertex(mh_skybox_mh_skybox_mesh_vtx_1 + 1008, 16, 0),
	gsSP2Triangles(0, 1, 2, 0, 0, 3, 1, 0),
	gsSP2Triangles(4, 5, 6, 0, 4, 7, 5, 0),
	gsSP2Triangles(8, 9, 10, 0, 8, 11, 9, 0),
	gsSP2Triangles(12, 13, 14, 0, 12, 15, 13, 0),
	gsDPLoadSync(),
	gsDPLoadTile(7, 0, 492, 132, 628),
	gsDPSetTileSize(0, 0, 492, 132, 628),
	gsSPVertex(mh_skybox_mh_skybox_mesh_vtx_1 + 1024, 16, 0),
	gsSP2Triangles(0, 1, 2, 0, 0, 3, 1, 0),
	gsSP2Triangles(4, 5, 6, 0, 4, 7, 5, 0),
	gsSP2Triangles(8, 9, 10, 0, 8, 11, 9, 0),
	gsSP2Triangles(12, 13, 14, 0, 12, 15, 13, 0),
	gsDPLoadSync(),
	gsDPLoadTile(7, 0, 364, 132, 496),
	gsDPSetTileSize(0, 0, 364, 132, 496),
	gsSPVertex(mh_skybox_mh_skybox_mesh_vtx_1 + 1040, 16, 0),
	gsSP2Triangles(0, 1, 2, 0, 0, 2, 3, 0),
	gsSP2Triangles(4, 5, 6, 0, 4, 6, 7, 0),
	gsSP2Triangles(8, 9, 10, 0, 8, 10, 11, 0),
	gsSP2Triangles(12, 13, 14, 0, 12, 14, 15, 0),
	gsDPPipeSync(),
	gsSPLoadGeometryMode(G_ZBUFFER | G_SHADE | G_CULL_BACK | G_LIGHTING | G_SHADING_SMOOTH),
	gsSPSetOtherMode(G_SETOTHERMODE_H, 4, 20, G_CD_MAGICSQ | G_AD_DISABLE | G_CK_NONE | G_TC_FILT | G_TF_BILERP | G_TT_NONE | G_TL_TILE | G_TD_CLAMP | G_TP_PERSP | G_CYC_1CYCLE | G_PM_1PRIMITIVE),
	gsSPSetOtherMode(G_SETOTHERMODE_L, 0, 32, G_AC_NONE | G_ZS_PIXEL | G_RM_AA_ZB_OPA_SURF | G_RM_AA_ZB_OPA_SURF2),
	gsSPEndDisplayList(),
};

