ALIGNED8 u8 ow_ph_pum128_7_ci4[] = {
	0x00, 0x12, 0x34, 0x53, 0x61, 0x05, 0x47, 0x89, 
	0x0a, 0x66, 0x00, 0x4a, 0x61, 0x4b, 0x33, 0x05, 
	0x4a, 0x50, 0x03, 0xa4, 0x66, 0x19, 0x46, 0x54, 
	0x78, 0x66, 0x35, 0x42, 0x11, 0x6a, 0x07, 0x6a, 
	0x90, 0x64, 0x44, 0x36, 0x12, 0x06, 0x47, 0x59, 
	0x05, 0x44, 0xc5, 0xaa, 0x16, 0x46, 0x41, 0xb0, 
	0xa6, 0x09, 0x05, 0x01, 0x6a, 0x00, 0x64, 0x64, 
	0x86, 0x75, 0x10, 0x42, 0xb2, 0xa6, 0xcc, 0xab, 
	0x55, 0x88, 0x88, 0x70, 0xb6, 0x00, 0x12, 0xcc, 
	0x1c, 0x76, 0x64, 0x76, 0x68, 0x00, 0x04, 0x46, 
	0x22, 0x4d, 0x14, 0xc0, 0x45, 0xa7, 0x50, 0x55, 
	0x24, 0xe6, 0x4a, 0xd7, 0x21, 0xa7, 0x34, 0x20, 
	0xb0, 0x88, 0x22, 0x08, 0x66, 0x0b, 0x1b, 0x7c, 
	0xf0, 0xc6, 0x76, 0x26, 0x88, 0x01, 0x40, 0x61, 
	0x42, 0x44, 0x31, 0xe5, 0x54, 0x46, 0x55, 0x55, 
	0x12, 0x9e, 0xa1, 0x70, 0x12, 0xd7, 0x66, 0x2b, 
	0x22, 0x11, 0x62, 0x31, 0x7c, 0xc6, 0x42, 0x19, 
	0xb6, 0xb1, 0xb4, 0x0c, 0x8e, 0x65, 0x50, 0x44, 
	0x15, 0xaa, 0x56, 0xed, 0x44, 0x75, 0x50, 0x56, 
	0x26, 0xbb, 0xa1, 0x02, 0xb5, 0xa4, 0xd6, 0xc7, 
	0x10, 0x16, 0x76, 0x11, 0x56, 0x67, 0x77, 0x01, 
	0xcb, 0x00, 0x22, 0x00, 0xe8, 0x56, 0x15, 0xa6, 
	0xb1, 0x07, 0x56, 0x00, 0xde, 0x66, 0x51, 0x6d, 
	0x6f, 0x6b, 0xa0, 0x79, 0xb5, 0xca, 0x66, 0x86, 
	0x7c, 0x7c, 0x00, 0xdd, 0x66, 0x77, 0xbb, 0x11, 
	0xb1, 0x00, 0x01, 0x50, 0x55, 0x3b, 0x36, 0xaa, 
	0x63, 0x73, 0x14, 0x55, 0x65, 0x79, 0x74, 0x1a, 
	0x2d, 0xad, 0x7c, 0x81, 0xc8, 0x00, 0xc0, 0x70, 
	0x11, 0x76, 0x10, 0x51, 0x88, 0xcc, 0xbb, 0xb6, 
	0x44, 0x15, 0x00, 0x50, 0x6b, 0x13, 0x65, 0x7a, 
	0x33, 0x57, 0x41, 0xc1, 0x55, 0x49, 0x44, 0x11, 
	0x1d, 0x7d, 0x07, 0x8f, 0x6c, 0xcc, 0x10, 0x77, 
	0x11, 0x16, 0x65, 0xb1, 0x2c, 0x5c, 0xc0, 0x44, 
	0x15, 0x26, 0xa4, 0x59, 0x88, 0x00, 0x43, 0x44, 
	0x66, 0x76, 0xa7, 0x11, 0x34, 0x15, 0x67, 0x05, 
	0x6c, 0x7c, 0xc1, 0xf4, 0xc1, 0xc7, 0xf6, 0x44, 
	0xcc, 0x41, 0x67, 0x18, 0x2c, 0xc5, 0x1c, 0x66, 
	0xb0, 0x42, 0x6b, 0x00, 0x07, 0x51, 0xdd, 0xa1, 
	0x6c, 0xc7, 0x00, 0x4a, 0x41, 0xa1, 0x97, 0x01, 
	0x76, 0xc7, 0x55, 0x49, 0x0a, 0xc7, 0x65, 0x11, 
	0xb5, 0x72, 0xcc, 0xcf, 0xcc, 0xc1, 0x07, 0x77, 
	0xc7, 0x11, 0x00, 0x00, 0x7c, 0x70, 0x0a, 0x7a, 
	0x5d, 0xee, 0x31, 0x30, 0x41, 0x05, 0x42, 0x3a, 
	0xbb, 0x6b, 0x90, 0x46, 0x0c, 0x61, 0x64, 0xc7, 
	0x56, 0xcc, 0x0c, 0x6c, 0xb1, 0x4c, 0x60, 0xc7, 
	0x7c, 0x66, 0x70, 0x02, 0x77, 0x73, 0x64, 0x0d, 
	0x11, 0x43, 0x44, 0x05, 0x62, 0x10, 0x01, 0x46, 
	0x20, 0x61, 0x00, 0x34, 0xb0, 0x46, 0x72, 0x66, 
	0x67, 0x8b, 0x1f, 0xb1, 0xb1, 0x0a, 0xb6, 0x76, 
	0x1b, 0x00, 0x68, 0x64, 0xc7, 0xcd, 0x76, 0x70, 
	0x1a, 0x4a, 0xaa, 0x41, 0x44, 0x44, 0x00, 0x66, 
	0x70, 0xe4, 0x61, 0x65, 0x51, 0x6b, 0x01, 0x81, 
	0x87, 0xb1, 0x1b, 0x00, 0x4b, 0x00, 0xb9, 0x67, 
	0xaa, 0x00, 0x67, 0x46, 0xcf, 0xac, 0xa6, 0x30, 
	0xba, 0xc4, 0x3a, 0xaa, 0x5a, 0x41, 0x00, 0xc6, 
	0x51, 0x06, 0x61, 0x65, 0x75, 0xb5, 0x77, 0x28, 
	0x1c, 0x05, 0xbb, 0x1b, 0xb9, 0x1a, 0x4c, 0x67, 
	0xb5, 0x05, 0x66, 0x74, 0x10, 0xbd, 0xd6, 0x44, 
	0x5c, 0x55, 0x66, 0xc7, 0x50, 0x66, 0x5b, 0x00, 
	0x86, 0x87, 0xc6, 0x55, 0xb1, 0x77, 0x00, 0x6c, 
	0x51, 0x01, 0xbc, 0xbb, 0x56, 0xcc, 0xa1, 0x77, 
	0xb6, 0x00, 0x6b, 0x46, 0x10, 0xad, 0x33, 0x05, 
	0xc1, 0x95, 0x6a, 0x77, 0x51, 0x4b, 0x05, 0x7f, 
	0x77, 0x6c, 0x66, 0x51, 0xb9, 0x07, 0x00, 0xbb, 
	0x57, 0xcb, 0xc1, 0xcc, 0xbb, 0xbb, 0x76, 0x18, 
	0xc1, 0xa1, 0xc4, 0x30, 0x44, 0x57, 0x33, 0x69, 
	0x47, 0x57, 0x11, 0x4b, 0xc1, 0x77, 0x49, 0x87, 
	0xc0, 0xc1, 0x8c, 0x70, 0x1d, 0x1c, 0xff, 0xcc, 
	0x77, 0x11, 0x10, 0x4c, 0x11, 0xbb, 0x86, 0x11, 
	0xc0, 0x1a, 0x44, 0x31, 0x44, 0x05, 0x10, 0x67, 
	0x77, 0x05, 0x11, 0x11, 0x98, 0x77, 0xcc, 0xc8, 
	0x10, 0xc1, 0xc8, 0x90, 0x55, 0x4c, 0x07, 0xf8, 
	0xc7, 0x07, 0x1a, 0x79, 0x5c, 0x1c, 0x00, 0x44, 
	0xb6, 0x30, 0x46, 0x41, 0x56, 0x70, 0x12, 0x00, 
	0x14, 0x21, 0x00, 0x81, 0xfc, 0x67, 0x18, 0x2c, 
	0x67, 0x4a, 0x76, 0x08, 0x57, 0xcc, 0x11, 0xa7, 
	0x4c, 0xcc, 0x01, 0x00, 0x55, 0x0c, 0x0a, 0xc4, 
	0xba, 0x55, 0x45, 0x4c, 0xbb, 0x72, 0x10, 0x00, 
	0x66, 0x11, 0x55, 0x1f, 0x11, 0x7f, 0x2c, 0xc7, 
	0x66, 0x1b, 0x47, 0x11, 0x7c, 0x9c, 0x15, 0x07, 
	0xc4, 0xb6, 0x77, 0xb5, 0xd6, 0x5b, 0x56, 0x56, 
	0xd0, 0x00, 0x67, 0x5c, 0xea, 0x51, 0x11, 0xcc, 
	0x55, 0x60, 0x2c, 0x7c, 0x70, 0xb1, 0x7c, 0xc5, 
	0x0b, 0x8b, 0xbb, 0x67, 0x46, 0xfb, 0x11, 0xb0, 
	0x4a, 0x69, 0x02, 0xb5, 0xc6, 0x55, 0x75, 0x55, 
	0x00, 0x01, 0x28, 0x75, 0xde, 0x5d, 0x01, 0x67, 
	0xc6, 0x06, 0x10, 0x0c, 0x97, 0xb0, 0x70, 0x00, 
	0xb0, 0xcb, 0x62, 0x8c, 0x47, 0xf4, 0x00, 0x05, 
	0xb0, 0xb6, 0x57, 0x99, 0x88, 0xb1, 0x8b, 0xff, 
	0xbb, 0x10, 0x64, 0xc4, 0x05, 0x11, 0x70, 0x7a, 
	0x31, 0x46, 0x5b, 0x1c, 0xc8, 0x00, 0xfb, 0x76, 
	0x50, 0x51, 0x6c, 0xb1, 0x1d, 0xcc, 0x47, 0x55, 
	0x10, 0xb4, 0x65, 0x96, 0x77, 0x41, 0xbf, 0xb9, 
	0x11, 0xa1, 0x94, 0xaa, 0x11, 0x41, 0x07, 0x70, 
	0x14, 0x66, 0x11, 0x77, 0xc1, 0xbb, 0x56, 0x78, 
	0x05, 0x5d, 0x55, 0xb8, 0x5c, 0x4a, 0xdf, 0x56, 
	0xc2, 0x00, 0x00, 0xcc, 0x44, 0xbf, 0xb0, 0x4a, 
	0xd4, 0x91, 0x7c, 0x62, 0x56, 0xb6, 0x55, 0xc6, 
	0x35, 0x66, 0x14, 0x00, 0x22, 0x55, 0xd3, 0x77, 
	0x31, 0x10, 0x11, 0x01, 0x41, 0xb1, 0xbb, 0x82, 
	0x20, 0x2c, 0x07, 0xcc, 0xcf, 0x1f, 0x0a, 0x6a, 
	0x46, 0xbb, 0x46, 0x66, 0x97, 0x65, 0x11, 0x76, 
	0x37, 0x47, 0x43, 0x50, 0x67, 0x55, 0x31, 0xc7, 
	0x13, 0xa1, 0xc0, 0xb1, 0x14, 0x11, 0x8b, 0x67, 
	0x44, 0x6b, 0x0f, 0x7c, 0xf7, 0x11, 0x11, 0x47, 
	0xa7, 0x69, 0x50, 0x46, 0xbb, 0x56, 0xc3, 0x73, 
	0xa6, 0x37, 0x22, 0x3c, 0x90, 0x57, 0xbf, 0x11, 
	0x36, 0x5c, 0x5f, 0x43, 0x10, 0x78, 0x44, 0x41, 
	0x41, 0x56, 0x70, 0xff, 0xcc, 0x1b, 0x00, 0x64, 
	0xda, 0x66, 0x11, 0x46, 0x15, 0x65, 0x33, 0x00, 
	0x6a, 0x66, 0x46, 0x15, 0x01, 0x76, 0x00, 0x14, 
	0x56, 0x55, 0xbb, 0x44, 0x1a, 0x68, 0xee, 0x1d, 
	0x57, 0x00, 0x9f, 0xf7, 0xc1, 0xcc, 0x7a, 0x55, 
	0x66, 0x11, 0x66, 0x44, 0x01, 0x4a, 0x55, 0x67, 
	0x15, 0x46, 0xf0, 0x07, 0xc4, 0x21, 0x55, 0x44, 
	0x05, 0x66, 0xa0, 0x35, 0x02, 0x21, 0x79, 0xdd, 
	0x63, 0x0f, 0x77, 0xc7, 0xad, 0x51, 0xac, 0x55, 
	0x66, 0x31, 0x01, 0x67, 0x09, 0x1a, 0x36, 0x7c, 
	0x51, 0x74, 0x0a, 0x00, 0x44, 0x11, 0x75, 0xba, 
	0x11, 0x44, 0x00, 0x03, 0x20, 0x01, 0x79, 0x73, 
	0x0c, 0xdd, 0xb1, 0x00, 0x33, 0x42, 0xb6, 0xbb, 
	0x7a, 0x00, 0x41, 0x74, 0x10, 0x49, 0x66, 0x11, 
	0x35, 0x00, 0x77, 0xc6, 0x0a, 0x66, 0x19, 0x4e, 
	0x63, 0x68, 0x10, 0x8f, 0x07, 0x95, 0x53, 0x28, 
	0xc2, 0xd6, 0xa4, 0xaa, 0x00, 0x66, 0x6b, 0x6f, 
	0x00, 0x00, 0xa1, 0x47, 0x1b, 0x4c, 0x6a, 0x0c, 
	0x65, 0x29, 0x66, 0x5c, 0x31, 0x41, 0x41, 0x44, 
	0x36, 0x88, 0x05, 0xcf, 0x0a, 0xbb, 0xb5, 0x68, 
	0x21, 0x81, 0xab, 0x9b, 0xa1, 0x15, 0x33, 0x3d, 
	0x11, 0x0a, 0x42, 0x33, 0xb4, 0xaa, 0x15, 0xc5, 
	0x70, 0x30, 0x91, 0x90, 0xa0, 0x2c, 0x66, 0x22, 
	0x10, 0x7d, 0xf6, 0xb2, 0x4d, 0x09, 0x09, 0x18, 
	0xc1, 0x82, 0xa6, 0x59, 0x11, 0xa1, 0x1c, 0x43, 
	0x4a, 0xda, 0x40, 0xd0, 0xba, 0x0a, 0x55, 0x00, 
	0x7d, 0x0a, 0x5b, 0x50, 0xc0, 0x12, 0x47, 0xc0, 
	0x2c, 0x0a, 0x66, 0xb4, 0x77, 0x07, 0x7f, 0x88, 
	0x5c, 0x96, 0x41, 0x86, 0x66, 0xcc, 0x2c, 0x35, 
	0x6b, 0x44, 0xb1, 0x18, 0x87, 0x70, 0x5c, 0x4b, 
	0x79, 0xcc, 0x9d, 0x51, 0x55, 0x11, 0xc6, 0x7a, 
	0x01, 0x57, 0x5b, 0x1f, 0x76, 0x10, 0x97, 0xb5, 
	0x66, 0x66, 0x11, 0x68, 0x5c, 0xa0, 0x07, 0x67, 
	0xba, 0x1c, 0x41, 0x18, 0x66, 0x0c, 0xc5, 0xbb, 
	0x00, 0xd6, 0x70, 0x55, 0x55, 0x14, 0x6d, 0x7a, 
	0x55, 0x5f, 0x65, 0x0f, 0x78, 0xa0, 0x49, 0xb6, 
	0x88, 0x68, 0x56, 0x88, 0x00, 0x11, 0x14, 0x1c, 
	0xcc, 0x6b, 0x12, 0x10, 0x11, 0x01, 0x44, 0x1c, 
	0x6d, 0x1b, 0xad, 0xb5, 0x4c, 0x5c, 0x26, 0x15, 
	0x6c, 0x11, 0x6b, 0xdc, 0x0c, 0x66, 0x1d, 0x12, 
	0xc7, 0xbb, 0x65, 0x98, 0x97, 0xc1, 0x14, 0x20, 
	0xc8, 0x55, 0x0b, 0x0b, 0x01, 0x10, 0x77, 0x15, 
	0xd6, 0x50, 0x0d, 0x56, 0x41, 0x55, 0x27, 0x11, 
	0x5d, 0x41, 0x65, 0x55, 0xc7, 0x47, 0x43, 0x1b, 
	0x66, 0xc5, 0xd7, 0x70, 0x00, 0x74, 0x10, 0x67, 
	0xbc, 0x00, 0x10, 0x66, 0x77, 0x76, 0x0c, 0x65, 
	0x00, 0x44, 0x56, 0xaa, 0x91, 0x0b, 0x0c, 0x76, 
	0x56, 0x77, 0x47, 0xc1, 0x76, 0x0a, 0x91, 0xcc, 
	0x66, 0x55, 0x4d, 0x07, 0x00, 0x64, 0x50, 0x47, 
	0x11, 0x00, 0xa1, 0x67, 0x60, 0x66, 0x20, 0x67, 
	0x00, 0x14, 0x44, 0xaa, 0x88, 0x00, 0x02, 0x68, 
	0x77, 0x56, 0x66, 0xc3, 0x6a, 0xa7, 0x14, 0x14, 
	0xd0, 0x0a, 0xc7, 0x11, 0xd1, 0x05, 0xc4, 0x56, 
	0x6c, 0x65, 0x44, 0x55, 0x20, 0x18, 0x62, 0x96, 
	0x02, 0x41, 0x09, 0x51, 0xa1, 0xab, 0x8a, 0xd1, 
	0xb8, 0x77, 0x18, 0x1a, 0x1b, 0x70, 0x44, 0x06, 
	0x0a, 0xa1, 0x64, 0xa1, 0x10, 0x11, 0xa1, 0x56, 
	0xc6, 0x66, 0x77, 0xb0, 0x7c, 0xb1, 0x02, 0x6b, 
	0x12, 0xb4, 0x55, 0x05, 0xbb, 0x11, 0x63, 0x41, 
	0x8f, 0x66, 0x77, 0xc1, 0xab, 0xaa, 0xa6, 0x06, 
	0x02, 0x66, 0x41, 0x55, 0x03, 0xd4, 0xa4, 0x56, 
	0x77, 0x77, 0x47, 0x66, 0x0b, 0x7c, 0x97, 0x11, 
	0x66, 0x07, 0x88, 0x87, 0x88, 0x56, 0x00, 0x65, 
	0x11, 0x3b, 0x11, 0x66, 0x56, 0x30, 0x96, 0xaa, 
	0xc2, 0xad, 0x4c, 0x5c, 0x50, 0x13, 0xaa, 0x56, 
	0x76, 0x0d, 0x74, 0xb6, 0x06, 0x00, 0x77, 0x44, 
	0x55, 0x07, 0x8c, 0x78, 0x77, 0x5b, 0x0b, 0x95, 
	0x0c, 0x4f, 0xd1, 0x62, 0x53, 0x03, 0xb9, 0x7a, 
	0x1a, 0x46, 0x5b, 0xff, 0x44, 0x97, 0x01, 0x75, 
	0x79, 0xc3, 0x0a, 0xd0, 0x2b, 0x00, 0x64, 0x00, 
	0x18, 0xc8, 0x15, 0x14, 0x5b, 0x7c, 0x76, 0x0c, 
	0xc7, 0x56, 0xbf, 0x00, 0x35, 0x10, 0x44, 0x41, 
	0x9a, 0x44, 0x50, 0xa7, 0x31, 0x66, 0x01, 0x77, 
	0x77, 0x13, 0xc0, 0x00, 0x01, 0x70, 0x74, 0x0c, 
	0x1b, 0x18, 0x10, 0x4b, 0x01, 0x07, 0x67, 0xa0, 
	0x05, 0xd5, 0x00, 0x21, 0x00, 0x99, 0x33, 0xa4, 
	0x56, 0x41, 0x0d, 0x95, 0x66, 0x4a, 0x1a, 0x20, 
	0x88, 0x67, 0xb1, 0x5a, 0x50, 0x6d, 0x05, 0x50, 
	0x7f, 0x56, 0x70, 0x59, 0x10, 0x15, 0x9c, 0x12, 
	0x65, 0x05, 0x66, 0x6b, 0x90, 0x87, 0x66, 0x16, 
	0x59, 0xd1, 0x70, 0x46, 0xaa, 0x4a, 0x11, 0xb1, 
	0x11, 0x44, 0x02, 0x05, 0x10, 0x36, 0x30, 0x05, 
	0xc7, 0x95, 0xc2, 0x6b, 0xd1, 0x11, 0x18, 0x10, 
	0x59, 0xbb, 0xf6, 0x64, 0x11, 0xcc, 0x66, 0x42, 
	0x21, 0x66, 0x81, 0xf8, 0x4b, 0x67, 0x6a, 0x56, 
	0xb6, 0x66, 0xb9, 0x34, 0x67, 0x46, 0x00, 0x74, 
	0x6a, 0x44, 0x00, 0x4a, 0x4c, 0xb6, 0xcf, 0x66, 
	0x55, 0x5b, 0x33, 0x55, 0x27, 0x7c, 0x68, 0x66, 
	0x66, 0x22, 0xcf, 0x66, 0xb4, 0x7c, 0xd6, 0xb6, 
	0x66, 0x46, 0x44, 0x1d, 0x7a, 0x64, 0x90, 0xdd, 
	0xbd, 0x46, 0xa7, 0x11, 0xc4, 0x62, 0x56, 0x62, 
	0x79, 0x01, 0x44, 0xdd, 0xc0, 0x67, 0x78, 0x6a, 
	0x88, 0x97, 0x44, 0xbb, 0x01, 0x66, 0x80, 0x85, 
	0x1b, 0x81, 0x78, 0x00, 0x14, 0x44, 0xb1, 0xda, 
	0x12, 0x11, 0x81, 0x41, 0x3a, 0xa4, 0x82, 0xb4, 
	0x68, 0x81, 0x67, 0x88, 0x76, 0x66, 0x78, 0x00, 
	0x1b, 0x69, 0x94, 0xb0, 0x0c, 0x66, 0x80, 0x76, 
	0xbb, 0x21, 0x76, 0xbc, 0xa4, 0xd7, 0x1a, 0x00, 
	0x10, 0x1c, 0xbb, 0x44, 0xa0, 0x0a, 0x68, 0x11, 
	0x8c, 0x82, 0x69, 0x87, 0x7c, 0x76, 0x66, 0x1b, 
	0xb1, 0x68, 0x92, 0xb5, 0x68, 0x11, 0x02, 0x77, 
	0x77, 0xb4, 0x70, 0x05, 0x44, 0x51, 0x65, 0xb6, 
	0x33, 0xb2, 0x65, 0x15, 0x99, 0x15, 0x12, 0x5c, 
	0x18, 0x51, 0x0b, 0x66, 0x57, 0x61, 0x11, 0x18, 
	0xb0, 0x88, 0x11, 0x05, 0xb6, 0x2b, 0x00, 0xc7, 
	0x78, 0x11, 0x70, 0x00, 0x34, 0x12, 0x76, 0x69, 
	0x37, 0xbb, 0x81, 0x09, 0x55, 0x51, 0x2c, 0xc0, 
	0x81, 0x01, 0x05, 0x77, 0x57, 0x67, 0x0b, 0x1b, 
	0x67, 0x55, 0x50, 0xaa, 0x05, 0x46, 0x11, 0x49, 
	0x11, 0x07, 0x10, 0x26, 0x26, 0x6a, 0x88, 0x11, 
	0x63, 0x41, 0x80, 0x66, 0x66, 0x1b, 0x66, 0x4e, 
	0x96, 0x56, 0x02, 0x07, 0x82, 0x8b, 0x46, 0x77, 
	0x70, 0x15, 0x90, 0x7a, 0x10, 0x41, 0x01, 0xbb, 
	0x71, 0x07, 0x11, 0x76, 0x11, 0x4a, 0x18, 0x91, 
	0x66, 0x44, 0x70, 0x69, 0x16, 0x05, 0x87, 0x6e, 
	0x55, 0x00, 0x0c, 0x70, 0x87, 0x68, 0x6b, 0x66, 
	0x00, 0x66, 0x15, 0x21, 0x21, 0x55, 0x1b, 0x07, 
	0x10, 0x76, 0x12, 0x01, 0x11, 0x44, 0x46, 0x10, 
	0x62, 0xb1, 0xc7, 0x27, 0xf1, 0x55, 0x66, 0x50, 
	0x05, 0x81, 0x14, 0x4b, 0xb9, 0x1c, 0x81, 0x81, 
	0x00, 0x66, 0x01, 0x10, 0x12, 0xc0, 0x4a, 0x77, 
	0x10, 0x46, 0x21, 0x11, 0x49, 0xda, 0x46, 0x55, 
	0x07, 0xa1, 0xa0, 0x44, 0x18, 0x65, 0x64, 0x00, 
	0x00, 0x66, 0x44, 0xb4, 0x1b, 0x14, 0x80, 0x87, 
	0x81, 0x70, 0x77, 0x66, 0x6b, 0x07, 0x11, 0x11, 
	0x8b, 0x65, 0x62, 0x55, 0x64, 0x88, 0x05, 0x00, 
	0x44, 0x66, 0x34, 0x67, 0x86, 0x11, 0x0b, 0x50, 
	0x69, 0x75, 0xa6, 0x66, 0x70, 0xc8, 0xc1, 0x10, 
	0x8b, 0x76, 0x66, 0xc6, 0x3b, 0xc0, 0xf4, 0x00, 
	0x8b, 0x56, 0x28, 0x10, 0x74, 0x87, 0x00, 0x04, 
	0x37, 0x96, 0x41, 0x57, 0x86, 0x0a, 0x00, 0x07, 
	0x69, 0x95, 0x74, 0x57, 0x27, 0x98, 0x44, 0x5b, 
	0x11, 0x76, 0x7f, 0xdd, 0x65, 0x66, 0x65, 0x6a, 
	0x66, 0x76, 0x78, 0x30, 0x91, 0x82, 0x50, 0xcc, 
	0x24, 0xbb, 0x65, 0x72, 0x35, 0x70, 0x94, 0x64, 
	0x9b, 0x6a, 0x44, 0x30, 0x57, 0x66, 0xb9, 0x43, 
	0x50, 0x77, 0x67, 0x44, 0x56, 0x76, 0x55, 0xa6, 
	0x0a, 0x06, 0x66, 0xbb, 0x10, 0x66, 0x57, 0x53, 
	0x74, 0xb6, 0x5c, 0x0c, 0x11, 0x07, 0x15, 0x42, 
	0x56, 0xab, 0x47, 0x51, 0x73, 0x55, 0x55, 0x34, 
	0x80, 0xaa, 0xea, 0x44, 0x10, 0x22, 0x44, 0x0d, 
	0x64, 0xaa, 0x4a, 0x76, 0x44, 0x69, 0x10, 0xaa, 
	0xa1, 0x72, 0x18, 0x11, 0x82, 0x51, 0x88, 0x76, 
	0x46, 0x46, 0x51, 0x0c, 0x44, 0x01, 0x69, 0x53, 
	0x80, 0x00, 0xee, 0xda, 0x11, 0x62, 0x4a, 0x70, 
	0x36, 0xd0, 0xa4, 0x82, 0x76, 0x66, 0x30, 0x4a, 
	0xa1, 0x20, 0x1b, 0x44, 0x8b, 0x57, 0x88, 0x78, 
	0x44, 0x26, 0x10, 0xe5, 0x3e, 0xaa, 0x76, 0x10, 
	
};

ALIGNED8 u8 ow_ph_pum128_7_pal_rgba16[] = {
	0x8a, 0x8b, 0xa3, 0x4f, 0x61, 0x45, 0x49, 0x03, 
	0x7a, 0x49, 0x69, 0xc7, 0x93, 0x0d, 0xb3, 0xd1, 
	0x82, 0x07, 0x51, 0x03, 0x59, 0x85, 0xc4, 0x53, 
	0xd4, 0xd7, 0x30, 0x81, 0xab, 0xd5, 0xf5, 0x9d, 
	
};

ALIGNED8 u8 ow_ph_pum128_5_ci4[] = {
	0x01, 0x23, 0x01, 0x22, 0x11, 0x11, 0x20, 0x10, 
	0x12, 0x22, 0x43, 0x31, 0x01, 0x21, 0x12, 0x33, 
	0x23, 0x42, 0x33, 0x41, 0x56, 0x00, 0x77, 0x77, 
	0x34, 0x32, 0x10, 0x10, 0x33, 0x44, 0x01, 0x82, 
	0x00, 0x12, 0x22, 0x22, 0x22, 0x12, 0x20, 0x00, 
	0x10, 0x82, 0x31, 0x02, 0x20, 0x02, 0x22, 0x23, 
	0x02, 0x22, 0x23, 0x40, 0x33, 0x30, 0x21, 0x37, 
	0x44, 0x07, 0x43, 0x22, 0x20, 0x22, 0x33, 0x42, 
	0x11, 0x30, 0x42, 0x23, 0x00, 0x30, 0x21, 0x44, 
	0x11, 0x21, 0x13, 0x44, 0x00, 0x11, 0x11, 0x02, 
	0x10, 0x02, 0x24, 0x43, 0x23, 0x42, 0x22, 0x44, 
	0x22, 0x23, 0x22, 0x03, 0x23, 0x22, 0x00, 0x33, 
	0x13, 0x44, 0x22, 0x22, 0x24, 0x32, 0x22, 0x00, 
	0x33, 0x10, 0x31, 0x20, 0x01, 0x00, 0x10, 0x22, 
	0x24, 0x10, 0x33, 0x30, 0x32, 0x24, 0x11, 0x02, 
	0x10, 0x21, 0x32, 0x00, 0x20, 0x10, 0x10, 0x20, 
	0x22, 0x43, 0x24, 0x23, 0x22, 0x11, 0x11, 0x02, 
	0x01, 0x13, 0x00, 0x10, 0x10, 0x02, 0x12, 0x30, 
	0x34, 0x12, 0x30, 0x20, 0x00, 0x20, 0x03, 0x20, 
	0x00, 0x33, 0x02, 0x20, 0x01, 0x10, 0x24, 0x30, 
	0x23, 0x23, 0x24, 0x02, 0x00, 0x02, 0x13, 0x44, 
	0x12, 0x23, 0x32, 0x00, 0x01, 0x20, 0x33, 0x24, 
	0x44, 0x32, 0x02, 0x33, 0x02, 0x03, 0x20, 0x00, 
	0x02, 0x32, 0x13, 0x20, 0x00, 0x03, 0x44, 0x20, 
	0x33, 0x20, 0x00, 0x21, 0x20, 0x02, 0x34, 0x33, 
	0x04, 0x44, 0x41, 0x10, 0x24, 0x33, 0x32, 0x34, 
	0x44, 0x04, 0x12, 0x20, 0x33, 0x31, 0x00, 0x20, 
	0x04, 0x41, 0x02, 0x03, 0x23, 0x44, 0x42, 0x21, 
	0x23, 0x32, 0x44, 0x11, 0x20, 0x32, 0x43, 0x44, 
	0x43, 0x23, 0x44, 0x40, 0x22, 0x43, 0x44, 0x44, 
	0x42, 0x22, 0x44, 0x32, 0x31, 0x13, 0x24, 0x23, 
	0x04, 0x11, 0x32, 0x23, 0x33, 0x44, 0x44, 0x21, 
	0x44, 0x34, 0x43, 0x42, 0x43, 0x34, 0x20, 0x34, 
	0x24, 0x44, 0x40, 0x24, 0x44, 0x44, 0x44, 0x44, 
	0x44, 0x40, 0x10, 0x32, 0x22, 0x24, 0x01, 0x01, 
	0x00, 0x22, 0x32, 0x23, 0x04, 0x44, 0x44, 0x66, 
	0x04, 0x43, 0x02, 0x24, 0x43, 0x33, 0x03, 0x34, 
	0x22, 0x44, 0x22, 0x44, 0x44, 0x77, 0x23, 0x34, 
	0x42, 0x30, 0x20, 0x22, 0x20, 0x34, 0x33, 0x33, 
	0x44, 0x33, 0x21, 0x33, 0x42, 0x02, 0x43, 0x68, 
	0x26, 0x23, 0x20, 0x02, 0x66, 0x22, 0x36, 0x22, 
	0x22, 0x34, 0x24, 0x44, 0x44, 0x42, 0x22, 0x20, 
	0x03, 0x00, 0x22, 0x22, 0x43, 0x43, 0x04, 0x44, 
	0x44, 0x43, 0x22, 0x44, 0x33, 0x43, 0x36, 0x86, 
	0x88, 0x22, 0x00, 0x30, 0x66, 0x69, 0x23, 0x33, 
	0x20, 0x11, 0x24, 0x23, 0x33, 0x03, 0x03, 0x23, 
	0x23, 0x20, 0x43, 0x24, 0x40, 0x03, 0x33, 0x22, 
	0x34, 0x44, 0x42, 0x26, 0x56, 0x66, 0x88, 0x56, 
	0x86, 0x88, 0x86, 0x86, 0xa9, 0x9b, 0x86, 0x66, 
	0x02, 0x03, 0x03, 0x03, 0x03, 0x23, 0x02, 0x21, 
	0x11, 0x13, 0x31, 0x32, 0x33, 0x40, 0x01, 0x32, 
	0x20, 0x63, 0x86, 0x5c, 0x99, 0x69, 0x88, 0x00, 
	0x88, 0x86, 0x86, 0x66, 0x4a, 0xc9, 0x38, 0x66, 
	0x20, 0x01, 0x10, 0x00, 0x33, 0x02, 0x88, 0x21, 
	0x22, 0x33, 0x22, 0x02, 0x23, 0x20, 0x34, 0x32, 
	0x20, 0x88, 0x86, 0xcc, 0x99, 0x95, 0x58, 0x88, 
	0x58, 0x66, 0x88, 0x4a, 0xb7, 0x44, 0x66, 0x63, 
	0x40, 0x21, 0x00, 0x68, 0x66, 0x86, 0x52, 0x01, 
	0x41, 0x24, 0x44, 0x30, 0x02, 0x23, 0x44, 0x02, 
	0x66, 0x88, 0x83, 0x67, 0xbb, 0xa9, 0x88, 0x88, 
	0x86, 0x66, 0x68, 0x44, 0xb7, 0x4a, 0x66, 0x83, 
	0x02, 0x32, 0x22, 0x66, 0x65, 0x88, 0x56, 0x02, 
	0x22, 0x22, 0x02, 0x11, 0x31, 0x22, 0x24, 0x34, 
	0x33, 0x66, 0x83, 0xb7, 0xbb, 0xa9, 0x88, 0x88, 
	0x66, 0x86, 0x68, 0xb4, 0xbb, 0x36, 0x36, 0x20, 
	0x10, 0x22, 0x20, 0x66, 0x66, 0x86, 0x88, 0x68, 
	0x86, 0x20, 0x23, 0x23, 0x44, 0x02, 0x23, 0x44, 
	0x36, 0x88, 0x63, 0xbb, 0xbb, 0xac, 0x55, 0x88, 
	0x88, 0x86, 0x88, 0xbb, 0xbb, 0x33, 0x86, 0x23, 
	0x03, 0x02, 0x20, 0x0a, 0x66, 0x66, 0x66, 0x88, 
	0x86, 0x02, 0x33, 0x73, 0x02, 0x43, 0x43, 0x43, 
	0x33, 0x38, 0x86, 0xbb, 0xbb, 0xa5, 0x88, 0x86, 
	0xbb, 0xbb, 0x7b, 0xac, 0xb4, 0xa4, 0x4a, 0x01, 
	0x22, 0x00, 0x42, 0x43, 0xbb, 0x7b, 0xbb, 0x77, 
	0x77, 0xbb, 0x70, 0x72, 0x44, 0x20, 0x23, 0x32, 
	0x23, 0xbb, 0xbb, 0xab, 0xba, 0xbb, 0xab, 0xbb, 
	0xbb, 0xbb, 0xba, 0xbb, 0xbb, 0x4a, 0xa3, 0x12, 
	0x02, 0x33, 0x33, 0x23, 0x33, 0xbb, 0xab, 0xba, 
	0xba, 0xbb, 0x33, 0x73, 0x44, 0x33, 0x32, 0x22, 
	0x33, 0xbb, 0xca, 0xba, 0xbb, 0xcc, 0xaa, 0xbb, 
	0xaa, 0xba, 0xcb, 0x4b, 0xb4, 0xac, 0x5b, 0x23, 
	0x23, 0x21, 0x04, 0x33, 0xab, 0xbb, 0x32, 0xdd, 
	0xbe, 0x3a, 0xb6, 0x33, 0x37, 0x33, 0x33, 0x44, 
	0x7b, 0xcc, 0xcb, 0xb4, 0xc9, 0x9c, 0xaa, 0xcc, 
	0xbb, 0xbb, 0xab, 0xb4, 0x4c, 0xac, 0xcc, 0x22, 
	0x20, 0x02, 0x32, 0x34, 0xbb, 0xab, 0x22, 0xde, 
	0xee, 0xa3, 0xba, 0x33, 0x42, 0x33, 0x36, 0x63, 
	0xba, 0xac, 0xbb, 0x44, 0xcc, 0xcc, 0xaa, 0xaa, 
	0xcc, 0x55, 0x9b, 0xbb, 0xcc, 0x03, 0x43, 0xee, 
	0x33, 0x33, 0xbb, 0xb6, 0x02, 0x33, 0x11, 0x12, 
	0x22, 0x33, 0xa3, 0x32, 0x10, 0x66, 0xe6, 0x32, 
	0xc5, 0x55, 0xbb, 0xbc, 0x9a, 0xcc, 0xcc, 0xca, 
	0xaa, 0xaa, 0xab, 0xbb, 0xca, 0x50, 0x02, 0x33, 
	0x02, 0x88, 0xcc, 0xa6, 0x21, 0x11, 0x31, 0x20, 
	0xd2, 0xe3, 0x3a, 0x32, 0x12, 0x62, 0x33, 0x33, 
	0x5a, 0xbb, 0xab, 0xbb, 0xab, 0xbc, 0xbb, 0xaa, 
	0xbb, 0x7b, 0xbb, 0x43, 0x22, 0x02, 0x32, 0xaa, 
	0x33, 0x02, 0xbb, 0xfd, 0x11, 0x20, 0x20, 0x42, 
	0xdd, 0xff, 0xfd, 0x3e, 0x33, 0x0b, 0x23, 0x00, 
	0x33, 0x33, 0x77, 0xb7, 0x77, 0x7b, 0xa7, 0x77, 
	0xcc, 0xca, 0xab, 0x33, 0x30, 0x22, 0x12, 0xcb, 
	0x02, 0x33, 0xdd, 0xfd, 0x22, 0x20, 0x10, 0x00, 
	0xdd, 0xff, 0xef, 0xfd, 0x22, 0xee, 0xe0, 0x50, 
	0x00, 0x88, 0x55, 0x99, 0x99, 0x99, 0x9c, 0x9c, 
	0xbc, 0xaa, 0xaa, 0xab, 0x14, 0x44, 0x00, 0x33, 
	0x03, 0x3d, 0xff, 0xee, 0x0e, 0x10, 0x00, 0xdd, 
	0xdd, 0xfb, 0x7e, 0xdd, 0xde, 0x34, 0x7b, 0xbb, 
	0xbb, 0x4b, 0x33, 0x77, 0xbb, 0xba, 0xbb, 0xbb, 
	0xcc, 0xca, 0xaa, 0xb4, 0x32, 0x23, 0x23, 0x00, 
	0x32, 0x3d, 0xdf, 0xe7, 0x40, 0x11, 0x01, 0xdd, 
	0xff, 0xfb, 0xb7, 0xff, 0xdd, 0xe3, 0xb7, 0xbb, 
	0xaa, 0xba, 0x5e, 0xaa, 0xac, 0xac, 0xcb, 0xcb, 
	0x77, 0x7b, 0xaa, 0xe3, 0x33, 0x10, 0x00, 0x36, 
	0x22, 0xff, 0xe3, 0xbb, 0x7f, 0xdd, 0xdd, 0xdd, 
	0xdd, 0xf7, 0x77, 0x3f, 0xff, 0xff, 0xed, 0xaa, 
	0xbb, 0x77, 0xbb, 0xbb, 0xbb, 0xbb, 0xab, 0xb7, 
	0xcb, 0xb7, 0xb7, 0x3e, 0x23, 0x23, 0x34, 0x32, 
	0x30, 0xdd, 0xe3, 0xbb, 0xaf, 0xff, 0xff, 0xff, 
	0xff, 0xf7, 0x77, 0x7d, 0xdd, 0xdd, 0xeb, 0xac, 
	0xcc, 0xcc, 0xcc, 0x55, 0xcc, 0xcc, 0xcc, 0xaa, 
	0x55, 0x55, 0x55, 0xcc, 0x21, 0x21, 0x21, 0x30, 
	0xdd, 0xdd, 0x12, 0x37, 0x7b, 0xdd, 0xff, 0xff, 
	0xff, 0xee, 0xab, 0xaf, 0xff, 0xdd, 0xf3, 0x77, 
	0x77, 0x77, 0x7b, 0x77, 0x77, 0x77, 0x77, 0xbc, 
	0x77, 0xbb, 0xac, 0xee, 0x22, 0x20, 0x00, 0x02, 
	0xdf, 0xfd, 0x22, 0x44, 0xbb, 0xdd, 0xdf, 0xdd, 
	0xdf, 0x77, 0x77, 0x7a, 0xff, 0xff, 0xff, 0xba, 
	0xbb, 0xab, 0x77, 0x7a, 0xac, 0xcc, 0xca, 0xb7, 
	0xb7, 0x77, 0x77, 0x7b, 0x3e, 0x31, 0x66, 0xdd, 
	0xff, 0xff, 0x34, 0x42, 0x33, 0xbf, 0xfd, 0xdd, 
	0xfb, 0x77, 0x77, 0x77, 0xff, 0xdf, 0xff, 0xe5, 
	0x55, 0x55, 0x99, 0x9c, 0xab, 0xbb, 0xbb, 0x77, 
	0xcc, 0xcc, 0x9c, 0xcc, 0xee, 0x44, 0x33, 0xdd, 
	0xff, 0xdd, 0x44, 0x44, 0x73, 0xbd, 0xfe, 0xff, 
	0xfb, 0x77, 0x77, 0x77, 0xdf, 0xdd, 0xdf, 0x33, 
	0xca, 0xcb, 0xaa, 0xaa, 0xcc, 0x99, 0x55, 0x5c, 
	0xbb, 0xb7, 0x77, 0x7a, 0xbb, 0xba, 0xba, 0xdd, 
	0xdd, 0xdd, 0xdd, 0xdd, 0xdd, 0xff, 0xf7, 0xed, 
	0xdd, 0xdd, 0xdd, 0xdd, 0xfd, 0xdd, 0xdd, 0xe7, 
	0xbb, 0x77, 0x77, 0x77, 0x77, 0xb7, 0xba, 0xaa, 
	0x77, 0xbb, 0x7a, 0xcc, 0x55, 0xca, 0xe5, 0xff, 
	0xdd, 0xdd, 0xdd, 0xdd, 0xdd, 0xdf, 0x77, 0x7f, 
	0xfd, 0xff, 0xff, 0xdd, 0xff, 0xff, 0xff, 0xde, 
	0xbb, 0xbb, 0xcb, 0xbb, 0x77, 0xbb, 0xbb, 0x77, 
	0xaa, 0xbb, 0x77, 0x77, 0x7c, 0xcb, 0xaa, 0xff, 
	0xff, 0xff, 0xff, 0xff, 0xdf, 0xff, 0x77, 0x7e, 
	0xdf, 0xff, 0xff, 0xfd, 0xdd, 0xdd, 0xdd, 0xff, 
	0x55, 0xca, 0xaa, 0xcc, 0xaa, 0xac, 0x55, 0xca, 
	0xcc, 0xcc, 0xab, 0xb7, 0x77, 0x77, 0xaa, 0xdf, 
	0xff, 0xff, 0xff, 0xff, 0xff, 0xff, 0x77, 0x77, 
	0xdd, 0xfd, 0xff, 0xff, 0xff, 0xff, 0xed, 0xe4, 
	0x7a, 0xa5, 0xac, 0x55, 0x5c, 0xca, 0xbb, 0xbc, 
	0xcc, 0xcc, 0xaa, 0xab, 0x77, 0x77, 0x7b, 0xff, 
	0xff, 0xff, 0xff, 0xff, 0xff, 0xfb, 0x77, 0xbb, 
	0xdd, 0xdd, 0xdd, 0xdd, 0xff, 0xf7, 0xef, 0xee, 
	0xbb, 0xc5, 0xcc, 0xaa, 0xac, 0x99, 0xcc, 0xc5, 
	0xcc, 0x55, 0x99, 0x99, 0xca, 0xca, 0x77, 0xff, 
	0xdd, 0xff, 0xff, 0xff, 0xff, 0xfb, 0x77, 0x77, 
	0xbf, 0xff, 0xfd, 0xdd, 0xfd, 0x77, 0xdf, 0xbb, 
	0xb7, 0x77, 0xaa, 0xaa, 0x77, 0x77, 0xba, 0xcc, 
	0xca, 0xac, 0xaa, 0xbb, 0xaa, 0xbb, 0x77, 0xee, 
	0xfd, 0xff, 0xfe, 0xff, 0xff, 0xd7, 0x7e, 0xdf, 
	0xff, 0xff, 0x7d, 0xff, 0x77, 0x7d, 0xfd, 0xba, 
	0xab, 0xbb, 0xac, 0xac, 0x99, 0xb7, 0xab, 0xaa, 
	0xba, 0xac, 0xc5, 0xcc, 0xcc, 0xcc, 0xaa, 0xed, 
	0x77, 0xff, 0xf7, 0xef, 0xff, 0xff, 0xfe, 0xff, 
	0xff, 0xfe, 0x77, 0xbb, 0x77, 0xed, 0xfe, 0xaa, 
	0xab, 0xb7, 0xba, 0xcb, 0x7b, 0xc7, 0x77, 0xac, 
	0xaa, 0xac, 0xac, 0x55, 0xcc, 0xac, 0xaa, 0xbe, 
	0xf7, 0x77, 0x77, 0x7f, 0xff, 0xff, 0x77, 0xef, 
	0xff, 0xdb, 0x77, 0x77, 0x7b, 0xff, 0xda, 0xaa, 
	0xcc, 0xca, 0xab, 0x7b, 0xbb, 0xb7, 0x77, 0x7b, 
	0x77, 0x7b, 0xaa, 0xac, 0x59, 0x5a, 0xca, 0xeb, 
	0xef, 0x77, 0x77, 0x77, 0xff, 0xfb, 0x77, 0x7d, 
	0xff, 0xbb, 0x7b, 0x77, 0x7d, 0xfd, 0xaa, 0xaa, 
	0xaa, 0xb7, 0xbc, 0xaa, 0xaa, 0xcc, 0xca, 0x77, 
	0xbb, 0x77, 0x7b, 0x77, 0xa5, 0x5c, 0xcc, 0xca, 
	0x3e, 0xd7, 0x77, 0x77, 0xee, 0xbb, 0x77, 0x77, 
	0xfb, 0x77, 0xe7, 0x77, 0xed, 0xd2, 0xbb, 0xca, 
	0xa5, 0x33, 0xa3, 0xac, 0xcc, 0xcc, 0x99, 0x9c, 
	0xb7, 0x77, 0xaa, 0xab, 0xb5, 0x99, 0x99, 0x99, 
	0xde, 0xdd, 0xbd, 0xf7, 0x77, 0x77, 0xbe, 0xbb, 
	0xbb, 0x7e, 0xff, 0x7b, 0xfe, 0x42, 0xaa, 0xca, 
	0xab, 0xaa, 0xca, 0x3a, 0xc3, 0xa3, 0xbb, 0xa7, 
	0xcc, 0xb7, 0x7b, 0x77, 0x77, 0x77, 0x77, 0x77, 
	0x77, 0xbb, 0xdd, 0xde, 0x77, 0x7e, 0xfd, 0xdb, 
	0x77, 0xed, 0xff, 0xfd, 0xaa, 0xab, 0xbb, 0xaa, 
	0xbb, 0xbb, 0xac, 0xab, 0xee, 0xcc, 0xcc, 0xcc, 
	0xac, 0xab, 0x7c, 0xca, 0xcc, 0xaa, 0xaa, 0xaa, 
	0xaa, 0xea, 0xee, 0xdf, 0x7b, 0xdd, 0xff, 0xff, 
	0x7e, 0xff, 0xff, 0xde, 0xae, 0xaa, 0xaa, 0xac, 
	0xaa, 0xaa, 0xaa, 0xaa, 0xea, 0xbb, 0xbb, 0xbb, 
	0xaa, 0xcc, 0xab, 0xbb, 0xba, 0xba, 0xcc, 0xcc, 
	0xcc, 0xbb, 0xbb, 0xbb, 0xed, 0xdf, 0xff, 0xff, 
	0xdd, 0xee, 0xbb, 0xaa, 0xaa, 0xaa, 0xaa, 0xaa, 
	0xbb, 0xbb, 0xbb, 0xbb, 0xab, 0xba, 0xba, 0x99, 
	0xaa, 0xaa, 0xab, 0xc7, 0xaa, 0xca, 0xaa, 0xbb, 
	0x7b, 0xab, 0xba, 0xeb, 0xea, 0xee, 0x22, 0x33, 
	0x33, 0xee, 0xbb, 0x77, 0x77, 0x77, 0x4b, 0xbb, 
	0xaa, 0xbb, 0xba, 0xaa, 0xab, 0xbb, 0xb7, 0x7b, 
	0xbb, 0x7b, 0xcb, 0xaa, 0xbb, 0xcc, 0xaa, 0xaa, 
	0xaa, 0xaa, 0xca, 0xaa, 0xab, 0xaa, 0xaa, 0xca, 
	0xbb, 0xab, 0xbc, 0xac, 0xc9, 0x9a, 0xaa, 0xca, 
	0xca, 0xa3, 0x77, 0x7b, 0xca, 0xb7, 0x7c, 0xbb, 
	0x88, 0x66, 0x99, 0xcc, 0x9c, 0xa9, 0x99, 0x99, 
	0x9a, 0x9c, 0xcc, 0xcc, 0xcc, 0xcc, 0xcc, 0xcc, 
	0x99, 0xc9, 0x99, 0x99, 0x99, 0x99, 0x99, 0x99, 
	0x99, 0x99, 0xcc, 0xcc, 0x9c, 0x99, 0x99, 0xcb, 
	0x55, 0x5c, 0x55, 0x55, 0xbb, 0x39, 0x88, 0x86, 
	0x95, 0x99, 0x99, 0x99, 0x99, 0x55, 0x99, 0x99, 
	0x55, 0x55, 0x95, 0x95, 0x99, 0x99, 0x99, 0x99, 
	0x99, 0x99, 0x99, 0xbb, 0x56, 0x88, 0x85, 0x55, 
	0x5c, 0xcc, 0x56, 0x66, 0x66, 0x63, 0x86, 0x66, 
	0x66, 0x66, 0x66, 0x88, 0x08, 0x58, 0x85, 0x55, 
	0x55, 0x55, 0x58, 0x99, 0x85, 0x55, 0x55, 0x56, 
	0xc6, 0x96, 0x66, 0x66, 0x26, 0x68, 0x65, 0x86, 
	0x88, 0x88, 0x68, 0x68, 0x56, 0x69, 0x66, 0x88, 
	0x86, 0x68, 0x00, 0x88, 0x88, 0x08, 0x56, 0x59, 
	0x9c, 0x99, 0x86, 0x88, 0x88, 0x88, 0x88, 0x88, 
	0x66, 0x68, 0x88, 0x85, 0x99, 0x98, 0x88, 0x88, 
	0x58, 0x88, 0x86, 0x82, 0x69, 0x93, 0x86, 0x66, 
	0x86, 0x86, 0x20, 0x88, 0x88, 0x80, 0x55, 0xc9, 
	0x99, 0x95, 0x58, 0x88, 0x88, 0x88, 0x88, 0x88, 
	0x66, 0x68, 0x80, 0x88, 0x99, 0x69, 0x88, 0x08, 
	0x58, 0x86, 0x86, 0x66, 0x7b, 0xc9, 0x46, 0x66, 
	0x66, 0x68, 0x66, 0x86, 0x86, 0x86, 0x55, 0x95, 
	0x99, 0x55, 0x88, 0x88, 0x88, 0x88, 0x88, 0x88, 
	0x66, 0x68, 0x86, 0xcc, 0x99, 0x9c, 0x58, 0x88, 
	0x58, 0x88, 0x88, 0x33, 0x77, 0x44, 0x66, 0x66, 
	0x66, 0x86, 0x68, 0x88, 0x86, 0x88, 0x56, 0x5c, 
	0x9c, 0x55, 0x88, 0x88, 0x88, 0x88, 0x6b, 0x88, 
	0x66, 0x88, 0x83, 0xc7, 0xbb, 0xc9, 0x88, 0x88, 
	0x86, 0x66, 0x68, 0xbb, 0xb7, 0x46, 0x66, 0x86, 
	0x86, 0x68, 0x66, 0x66, 0x68, 0x88, 0x86, 0x88, 
	0x88, 0x88, 0x88, 0x88, 0x88, 0x88, 0x86, 0x86, 
	0x66, 0x66, 0x83, 0xbb, 0x7b, 0xbc, 0x55, 0x88, 
	0x66, 0x66, 0x68, 0xbb, 0xbb, 0x36, 0x36, 0x86, 
	0x66, 0x66, 0x68, 0x66, 0x66, 0x86, 0x85, 0x68, 
	0x88, 0x86, 0x68, 0x88, 0x88, 0x88, 0x86, 0x88, 
	0x68, 0x88, 0x66, 0xbb, 0xbb, 0xbc, 0x55, 0x88, 
	0x88, 0x86, 0x88, 0xbb, 0xbb, 0xbb, 0x86, 0x83, 
	0xa6, 0x66, 0xaa, 0x6a, 0x66, 0x66, 0x66, 0x88, 
	0x88, 0x68, 0x68, 0x88, 0x88, 0x66, 0x6a, 0x38, 
	0x66, 0x68, 0x86, 0xb4, 0xbb, 0xa8, 0x88, 0x86, 
	0xbb, 0xba, 0xbb, 0xa6, 0xbb, 0xa4, 0x43, 0xbb, 
	0xbb, 0xbb, 0xbb, 0xbb, 0xbb, 0x77, 0xbb, 0x77, 
	0x77, 0x77, 0x77, 0xbb, 0x77, 0x77, 0xbb, 0xbb, 
	0xbb, 0xab, 0xbb, 0xaa, 0xaa, 0xab, 0x6b, 0xbb, 
	0x00, 0x00, 0x00, 0xaa, 0x2b, 0xb1, 0x10, 0xa1, 
	0x11, 0x15, 0xee, 0x22, 0x20, 0xbe, 0xcb, 0xba, 
	0xee, 0xbb, 0xa0, 0x0e, 0xeb, 0xea, 0xeb, 0x3b, 
	0xee, 0x20, 0xee, 0xae, 0x7a, 0x1e, 0xeb, 0xb3, 
	0x20, 0x01, 0x10, 0x11, 0x10, 0xe1, 0xff, 0x01, 
	0x1f, 0xff, 0x1e, 0x52, 0x02, 0x0e, 0x77, 0xbb, 
	0xb3, 0xb2, 0x20, 0x1e, 0x00, 0x00, 0xbb, 0x22, 
	0x00, 0x12, 0x0e, 0x0e, 0x11, 0x11, 0x33, 0xe3, 
	
};

ALIGNED8 u8 ow_ph_pum128_5_pal_rgba16[] = {
	0x8a, 0xcd, 0xb3, 0xd1, 0x6a, 0x07, 0x41, 0x05, 
	0x28, 0x41, 0xa4, 0x5b, 0x82, 0x91, 0x00, 0x01, 
	0xab, 0xd7, 0x9c, 0xa3, 0x52, 0x4f, 0x39, 0x49, 
	0x73, 0x15, 0x73, 0x43, 0x62, 0x49, 0x9c, 0x47, 
	
};

ALIGNED8 u8 ow_ph_pum256_2_ci4[] = {
	0x00, 0x12, 0x33, 0x45, 0x67, 0x04, 0x56, 0x23, 
	0x33, 0x50, 0x30, 0x28, 0x90, 0x21, 0x00, 0xab, 
	0x11, 0xc1, 0x33, 0x4d, 0xdd, 0xda, 0x04, 0x50, 
	0x5d, 0x61, 0xd0, 0xab, 0x1e, 0xc6, 0x03, 0x16, 
	0x6d, 0xb7, 0x15, 0x35, 0xfc, 0x25, 0x05, 0x44, 
	0x05, 0x75, 0x53, 0x32, 0xfa, 0x5d, 0x55, 0x6b, 
	0x1c, 0x11, 0xad, 0x40, 0x1b, 0x0a, 0x95, 0x34, 
	0x95, 0xfa, 0xad, 0xe1, 0x57, 0xa6, 0x9f, 0x5f, 
	0xd0, 0x63, 0x56, 0x57, 0x75, 0xf0, 0x40, 0x22, 
	0x00, 0x15, 0x53, 0x32, 0xfa, 0x53, 0x13, 0x51, 
	0x21, 0x55, 0x40, 0x3a, 0xb5, 0x60, 0xa0, 0x04, 
	0x10, 0x01, 0xad, 0x52, 0x27, 0xc6, 0x2f, 0x65, 
	0x4d, 0xdd, 0x40, 0x23, 0x82, 0x04, 0x0f, 0x52, 
	0x52, 0x10, 0xfb, 0xa5, 0xff, 0x13, 0x35, 0x30, 
	0x71, 0x25, 0x42, 0x55, 0x0e, 0xd2, 0xa5, 0x25, 
	0x5f, 0x4a, 0x9e, 0x27, 0x77, 0x6b, 0x5f, 0x60, 
	0x00, 0x40, 0x60, 0x35, 0x7c, 0x40, 0x40, 0x00, 
	0x6d, 0x06, 0x46, 0xfb, 0xbb, 0x23, 0x00, 0x33, 
	0x33, 0x50, 0x10, 0x32, 0x5a, 0x27, 0xa1, 0x50, 
	0x50, 0x5e, 0x14, 0x08, 0x27, 0x43, 0xf5, 0x40, 
	0x10, 0x50, 0x66, 0x27, 0x5e, 0x50, 0x55, 0x55, 
	0x0e, 0xc2, 0x05, 0x2a, 0x0e, 0x0f, 0xf0, 0x8c, 
	0x07, 0x00, 0x50, 0x53, 0x7c, 0xe5, 0x14, 0x3f, 
	0x51, 0x25, 0x06, 0xf6, 0xff, 0xfe, 0x3f, 0x60, 
	0x0f, 0x55, 0x00, 0x52, 0x71, 0x20, 0x00, 0x00, 
	0x12, 0xc0, 0x05, 0x6a, 0xca, 0x3f, 0x1c, 0x87, 
	0x6f, 0xff, 0x4f, 0x07, 0x11, 0xa5, 0xec, 0x04, 
	0x6f, 0x6e, 0x46, 0x5e, 0x36, 0x53, 0xf8, 0x33, 
	0x06, 0x50, 0x61, 0x52, 0x5a, 0x35, 0x40, 0x00, 
	0x2f, 0xc3, 0x64, 0xda, 0x95, 0x70, 0xc1, 0x53, 
	0x51, 0x20, 0x35, 0x0a, 0x99, 0x33, 0xe0, 0x37, 
	0x45, 0x05, 0x55, 0x7a, 0x2b, 0xa3, 0x01, 0xc1, 
	0x34, 0x70, 0x03, 0x70, 0x06, 0x92, 0x06, 0x30, 
	0xc2, 0x7d, 0x40, 0x31, 0xa1, 0x8f, 0xd7, 0xc5, 
	0x26, 0x1b, 0x31, 0x3c, 0x92, 0xe9, 0x1c, 0x37, 
	0x22, 0x0c, 0x0e, 0xae, 0x00, 0x01, 0x32, 0xa5, 
	0x60, 0x24, 0xf1, 0x25, 0x53, 0x57, 0x75, 0x00, 
	0xc2, 0x75, 0x06, 0xa1, 0x39, 0x5f, 0x7e, 0xc2, 
	0x75, 0x37, 0x13, 0xf9, 0x9a, 0x11, 0x58, 0x21, 
	0x40, 0x37, 0xc5, 0x55, 0x53, 0xb3, 0xbe, 0xc5, 
	0x50, 0x30, 0x22, 0x74, 0x51, 0xc1, 0x25, 0x07, 
	0x70, 0xb2, 0x01, 0x9d, 0xda, 0x53, 0xaf, 0x52, 
	0x40, 0x24, 0xbf, 0xfc, 0x7e, 0x7c, 0x8c, 0x57, 
	0x52, 0xe2, 0xec, 0x25, 0xf5, 0x55, 0x9a, 0xc7, 
	0x55, 0x35, 0x37, 0x20, 0x47, 0xc0, 0x55, 0x05, 
	0x71, 0x44, 0x05, 0x3a, 0xad, 0x39, 0x04, 0x03, 
	0x34, 0xf5, 0x0f, 0x5f, 0x7c, 0x7a, 0xc8, 0x37, 
	0x27, 0xc7, 0xdc, 0x26, 0x11, 0x30, 0xe4, 0xda, 
	0xaa, 0x95, 0x57, 0x56, 0x67, 0x7f, 0x12, 0x01, 
	0x71, 0x65, 0x0b, 0x11, 0x89, 0xaa, 0xd5, 0x52, 
	0x46, 0x20, 0x35, 0x68, 0x1a, 0xe2, 0xff, 0xff, 
	0x37, 0xc2, 0x3e, 0xe4, 0x55, 0x64, 0x43, 0xca, 
	0x18, 0xc2, 0x41, 0x75, 0x6f, 0xf1, 0x32, 0x4c, 
	0xc1, 0x35, 0x5d, 0x93, 0xea, 0x9a, 0xa1, 0x43, 
	0x27, 0x6e, 0x00, 0x7d, 0xae, 0x3a, 0x46, 0x53, 
	0x25, 0x15, 0x35, 0x72, 0x70, 0x64, 0x60, 0xa9, 
	0xe7, 0x84, 0xf2, 0x05, 0x02, 0x21, 0x23, 0x0c, 
	0x71, 0x50, 0x5a, 0x3a, 0xa9, 0x1a, 0xc7, 0x27, 
	0x27, 0x30, 0x40, 0xee, 0xe1, 0x1c, 0x66, 0x45, 
	0x30, 0x35, 0x13, 0x12, 0x16, 0x46, 0x56, 0xee, 
	0x08, 0x86, 0xf7, 0x50, 0x22, 0x17, 0x33, 0x3e, 
	0x17, 0x72, 0x51, 0x21, 0xa3, 0x6e, 0x78, 0xc2, 
	0x7c, 0x22, 0x05, 0xf5, 0x13, 0xae, 0x04, 0xf6, 
	0x13, 0x25, 0x22, 0x35, 0x56, 0x46, 0x00, 0xff, 
	0xe3, 0x03, 0xd2, 0xf5, 0x72, 0x07, 0x51, 0xcc, 
	0x21, 0x03, 0x05, 0x37, 0xe1, 0xf1, 0x88, 0x25, 
	0x76, 0x52, 0x20, 0x73, 0x65, 0x00, 0x46, 0xfb, 
	0x52, 0x57, 0x55, 0x13, 0x80, 0xf6, 0x35, 0xb3, 
	0x30, 0x20, 0x53, 0x83, 0x63, 0x51, 0x41, 0x15, 
	0xe5, 0xf6, 0x25, 0xd1, 0x71, 0x40, 0x28, 0x83, 
	0x83, 0x22, 0x50, 0x2e, 0x65, 0x40, 0x54, 0xf0, 
	0x23, 0x12, 0x35, 0x7e, 0xc6, 0x04, 0xdd, 0xda, 
	0xf3, 0x0b, 0x37, 0x23, 0xf3, 0x20, 0x35, 0x08, 
	0x77, 0xfb, 0x24, 0x5e, 0x21, 0xe2, 0x27, 0x04, 
	0x32, 0x71, 0xfa, 0x7c, 0xf0, 0x04, 0x55, 0x35, 
	0x30, 0x34, 0x00, 0x12, 0xcf, 0xff, 0x5d, 0xab, 
	0x07, 0xb6, 0x37, 0x02, 0x31, 0x17, 0x54, 0x02, 
	0x71, 0xf4, 0x52, 0x3e, 0x2c, 0x27, 0x27, 0x6c, 
	0xa4, 0x63, 0x31, 0x77, 0x2f, 0x40, 0x54, 0x12, 
	0x2f, 0xaa, 0x92, 0x3e, 0xe2, 0xd5, 0x33, 0xda, 
	0x56, 0xb6, 0x32, 0x25, 0xe0, 0x20, 0x24, 0x52, 
	0x37, 0xf5, 0x23, 0xaa, 0x8c, 0x80, 0x27, 0xff, 
	0x01, 0x05, 0x69, 0xe7, 0x7f, 0x35, 0x56, 0x55, 
	0x0a, 0xaa, 0xe1, 0x2e, 0xa0, 0xe1, 0x5d, 0xdd, 
	0x35, 0x64, 0x35, 0x35, 0xa3, 0x7f, 0x05, 0x22, 
	0xe5, 0xf7, 0x77, 0x7c, 0x83, 0x51, 0x85, 0x35, 
	0x15, 0x77, 0xca, 0xb1, 0xd4, 0x60, 0x00, 0x05, 
	0x1e, 0x1a, 0xa1, 0xec, 0x33, 0x33, 0x53, 0xad, 
	0xb0, 0x56, 0x54, 0x12, 0x5a, 0x7f, 0xd2, 0x02, 
	0x2c, 0x49, 0x1c, 0xcc, 0xc2, 0x88, 0x80, 0x02, 
	0x07, 0xe9, 0xe4, 0x11, 0xeb, 0xaa, 0xcf, 0x05, 
	0x35, 0x39, 0x34, 0x00, 0xff, 0xff, 0xf4, 0x35, 
	0x03, 0xc5, 0xe2, 0x15, 0x01, 0x36, 0x14, 0x31, 
	0x33, 0xfe, 0x72, 0x78, 0x72, 0x8c, 0x00, 0x20, 
	0xcc, 0xe7, 0x56, 0x31, 0xee, 0x8e, 0x3f, 0x69, 
	0xa9, 0x1a, 0x53, 0xef, 0xd3, 0x33, 0x35, 0x46, 
	0xf4, 0x31, 0xee, 0x2f, 0x01, 0xcf, 0x9b, 0x30, 
	0xff, 0xb7, 0xc5, 0x5c, 0x35, 0x55, 0x23, 0x4c, 
	0x5f, 0xf5, 0x54, 0x4e, 0xa2, 0xc8, 0x6f, 0xfa, 
	0xd7, 0x10, 0x49, 0x1d, 0xa3, 0x1a, 0x5a, 0x2f, 
	0x04, 0x35, 0x4b, 0x01, 0x06, 0xff, 0x65, 0x02, 
	0x25, 0x85, 0x73, 0x72, 0x8c, 0x8e, 0x77, 0x55, 
	0x66, 0xfe, 0xf6, 0x1e, 0xf7, 0xc8, 0x0f, 0xfa, 
	0x11, 0xb5, 0x9a, 0xaa, 0x13, 0x11, 0xa1, 0x3f, 
	0xff, 0x80, 0x30, 0x61, 0xd5, 0xc4, 0x00, 0x22, 
	0x28, 0xe1, 0x28, 0x28, 0x7c, 0xc2, 0xc7, 0x27, 
	0x4b, 0xd1, 0x3f, 0x0f, 0xa0, 0x5f, 0x56, 0x61, 
	0x91, 0xaa, 0xdd, 0x14, 0xd1, 0xd0, 0xad, 0x1e, 
	0xff, 0xf2, 0x50, 0x22, 0x53, 0x23, 0x05, 0x55, 
	0x15, 0xc7, 0x28, 0x25, 0x7c, 0x30, 0xc7, 0xdd, 
	0x50, 0x09, 0xdd, 0x44, 0x9c, 0xe1, 0x1f, 0xf4, 
	0xbd, 0xd3, 0xaa, 0xa6, 0x1d, 0x33, 0xba, 0xaf, 
	0xad, 0x77, 0x33, 0x7c, 0x05, 0x54, 0x05, 0x57, 
	0x2c, 0xc1, 0x28, 0xc7, 0x84, 0x91, 0xaa, 0x3e, 
	0x5b, 0xa9, 0xa4, 0x4d, 0x99, 0x91, 0x15, 0x30, 
	0x35, 0x3a, 0xe1, 0x1a, 0xaa, 0x9a, 0x3e, 0x0f, 
	0xf0, 0xe2, 0x54, 0x11, 0x25, 0x05, 0x00, 0x52, 
	0x88, 0x50, 0x7c, 0x25, 0x55, 0x75, 0xc2, 0x3d, 
	0xaa, 0xd3, 0xab, 0x6f, 0xd7, 0x72, 0x70, 0x65, 
	0x10, 0xab, 0x3a, 0x39, 0x12, 0xa7, 0x0d, 0xbf, 
	0xc3, 0x25, 0x15, 0x17, 0x7d, 0xe6, 0x00, 0x01, 
	0x88, 0x31, 0x27, 0x80, 0xed, 0x31, 0x8f, 0x19, 
	0x5d, 0x52, 0xda, 0xf0, 0x0c, 0x80, 0xf2, 0x51, 
	0x3b, 0x11, 0x1e, 0x1a, 0xed, 0xaa, 0x3a, 0xab, 
	0x50, 0x25, 0x20, 0x21, 0x71, 0xe7, 0x30, 0x65, 
	0xcd, 0x21, 0x7d, 0x24, 0x11, 0xec, 0x2a, 0xc3, 
	0x52, 0x70, 0x2b, 0xbd, 0x0b, 0xf3, 0x52, 0x01, 
	0x04, 0xb0, 0x3d, 0x3a, 0x6d, 0x19, 0xe3, 0x0b, 
	0xb3, 0xc2, 0x04, 0xc3, 0x5a, 0xa7, 0xb0, 0x52, 
	0xc7, 0x58, 0x5d, 0x04, 0x1c, 0x06, 0xea, 0x1a, 
	0x01, 0x15, 0x35, 0x0b, 0xd5, 0x0f, 0xf0, 0x05, 
	0xf0, 0x50, 0x05, 0x50, 0xba, 0xd1, 0x1d, 0xdb, 
	0xd2, 0x35, 0x26, 0xc2, 0x1a, 0xc0, 0xa2, 0x77, 
	0x70, 0x04, 0x0e, 0x51, 0xce, 0x1e, 0x1e, 0x9d, 
	0x35, 0x24, 0x25, 0xcb, 0xdb, 0xb3, 0xdb, 0xf5, 
	0xf5, 0x00, 0xbb, 0x5f, 0x5d, 0x5a, 0xda, 0x54, 
	0xd7, 0x77, 0x72, 0x02, 0x71, 0x1d, 0x7c, 0xc7, 
	0xc2, 0x30, 0xfc, 0x75, 0xec, 0x7c, 0x1c, 0xff, 
	0xff, 0x6f, 0xff, 0xe5, 0x46, 0x6b, 0xbf, 0x31, 
	0x31, 0xb5, 0x16, 0x00, 0x99, 0xf5, 0xaa, 0x80, 
	0x0d, 0x7c, 0x72, 0x00, 0xcf, 0xf1, 0x18, 0x88, 
	0x23, 0x15, 0x07, 0xc3, 0xc1, 0xda, 0x8f, 0xff, 
	0xd2, 0x3d, 0xd2, 0x30, 0xff, 0xff, 0xfc, 0x99, 
	0xb4, 0x75, 0xf3, 0x55, 0x0a, 0xe7, 0x1a, 0xcb, 
	0xd3, 0x73, 0x57, 0x42, 0x5f, 0xfc, 0x08, 0x77, 
	0x70, 0x45, 0x4e, 0x75, 0x1c, 0xec, 0xfb, 0x50, 
	0xff, 0xbb, 0xaa, 0xd6, 0x4f, 0xff, 0x08, 0xa9, 
	0xcc, 0xc0, 0x03, 0x5d, 0xa0, 0x53, 0x53, 0xb0, 
	0xab, 0x5b, 0x0a, 0x04, 0x2f, 0x67, 0x21, 0x20, 
	0xff, 0xf5, 0xef, 0x72, 0xff, 0xff, 0x66, 0x6d, 
	0x51, 0x25, 0x2a, 0xfa, 0xaf, 0xf9, 0x54, 0x0d, 
	0xbe, 0x33, 0x03, 0x45, 0x3b, 0x35, 0x07, 0x8b, 
	0xdd, 0x51, 0xf9, 0x55, 0x0f, 0xf3, 0x42, 0x4f, 
	0xff, 0xdf, 0xa4, 0x11, 0x05, 0xf7, 0x07, 0x25, 
	0x23, 0x40, 0xad, 0x95, 0x1c, 0x06, 0x11, 0xeb, 
	0xaa, 0xb1, 0x35, 0x55, 0x33, 0xb1, 0x45, 0x4d, 
	0xd5, 0x0c, 0xfa, 0x05, 0x06, 0x60, 0xbf, 0xff, 
	0xf3, 0x95, 0x75, 0x56, 0x5f, 0x0c, 0x77, 0x27, 
	0x3c, 0x74, 0x36, 0x5f, 0x40, 0x93, 0xd5, 0xdd, 
	0xaa, 0xa3, 0x23, 0x5b, 0x2a, 0x33, 0x25, 0xbd, 
	0x5b, 0x57, 0x76, 0x5f, 0x54, 0xd0, 0x15, 0xff, 
	0xfd, 0x2a, 0x1f, 0xff, 0xff, 0x5c, 0x7e, 0x25, 
	0x07, 0x29, 0x63, 0xdd, 0xdb, 0xd3, 0x5f, 0xff, 
	0x6d, 0x95, 0x05, 0x50, 0x0d, 0x93, 0x10, 0x1d, 
	0xb5, 0x3c, 0x5f, 0x5f, 0x54, 0x65, 0x7f, 0xff, 
	0xa5, 0xd0, 0x75, 0xa3, 0x10, 0x08, 0x11, 0x20, 
	0xee, 0x2a, 0xaf, 0x02, 0xd4, 0xaa, 0xc2, 0x6b, 
	0xdc, 0x7e, 0x01, 0x03, 0xbd, 0x30, 0x3a, 0x1a, 
	0xb9, 0x3c, 0x50, 0xf5, 0xd0, 0xfd, 0xaf, 0xfa, 
	0x51, 0x13, 0x15, 0x23, 0xb3, 0x67, 0xb1, 0x27, 
	0x71, 0x56, 0x62, 0xdb, 0xd0, 0x69, 0xd0, 0xf6, 
	0x6d, 0xa2, 0x11, 0x30, 0xd3, 0x1a, 0x13, 0x7d, 
	0x16, 0x42, 0x52, 0xfa, 0xa6, 0xfd, 0x6f, 0xfa, 
	0x12, 0x31, 0x53, 0x55, 0xd5, 0x1c, 0x5a, 0x43, 
	0x12, 0x1f, 0x03, 0xb4, 0x7b, 0xbd, 0x94, 0x6d, 
	0x04, 0x05, 0x50, 0x30, 0x03, 0x13, 0x3d, 0x7d, 
	0x6d, 0x35, 0x2f, 0xf5, 0xb4, 0xf3, 0xff, 0x5d, 
	0xa3, 0x13, 0x13, 0x55, 0xdb, 0x1c, 0x35, 0x82, 
	0xc5, 0x54, 0x35, 0x06, 0x0d, 0xdd, 0xdf, 0x00, 
	0x41, 0xd4, 0x50, 0x3e, 0x27, 0x22, 0x34, 0x40, 
	0xbd, 0x12, 0x26, 0x63, 0xf0, 0x6c, 0xff, 0xa3, 
	0x11, 0x21, 0x15, 0x55, 0xdb, 0xe2, 0x03, 0x37, 
	0x71, 0x24, 0x55, 0x05, 0xb6, 0x46, 0xbb, 0xfb, 
	0x6d, 0xfd, 0xa6, 0x33, 0x2e, 0xe5, 0xe5, 0x54, 
	0x50, 0x45, 0x06, 0x6f, 0xf6, 0xf1, 0x1f, 0xaa, 
	0xd5, 0x59, 0x12, 0xd3, 0xdd, 0xb0, 0x3c, 0x22, 
	0x36, 0x31, 0x3d, 0x5b, 0x34, 0x0b, 0x6f, 0xbb, 
	0xbd, 0x63, 0x53, 0x51, 0xc2, 0x8c, 0x53, 0x6f, 
	0x60, 0x67, 0x2f, 0x45, 0x44, 0x43, 0xff, 0xaa, 
	0x95, 0x2e, 0xa2, 0x52, 0x2b, 0x3b, 0x01, 0x20, 
	0x45, 0x10, 0x55, 0x13, 0xb0, 0x6b, 0xa6, 0xfb, 
	0xbb, 0xd3, 0x19, 0xec, 0x46, 0xf6, 0x5e, 0x0b, 
	0xbb, 0x52, 0x56, 0x0f, 0x4f, 0xfa, 0xfb, 0xad, 
	0xa3, 0x3e, 0x16, 0xa1, 0x0d, 0x13, 0x51, 0x07, 
	0xb6, 0x55, 0x03, 0x13, 0x50, 0x20, 0xdd, 0xfb, 
	0x4b, 0x09, 0xf5, 0x77, 0x59, 0x06, 0x3e, 0x7d, 
	0x0d, 0x55, 0x50, 0x00, 0xff, 0x0d, 0xda, 0x9d, 
	0x92, 0xa8, 0xd3, 0x33, 0x5d, 0xd6, 0x96, 0x69, 
	0x5b, 0x37, 0x41, 0x2d, 0x30, 0x4d, 0xb4, 0x9f, 
	0xbb, 0xf9, 0xcc, 0x85, 0xdd, 0xc6, 0x3e, 0x50, 
	0x03, 0x07, 0x00, 0x36, 0xf6, 0x6e, 0x55, 0x45, 
	0x94, 0x00, 0xff, 0xff, 0xf0, 0x33, 0xb4, 0x31, 
	0x00, 0x02, 0x21, 0x72, 0x14, 0xbd, 0xf6, 0x06, 
	0xdb, 0xfb, 0x8c, 0x75, 0x59, 0x76, 0x97, 0x29, 
	0x05, 0x36, 0xff, 0xff, 0xff, 0xf9, 0xd9, 0x06, 
	0x65, 0x33, 0x50, 0x10, 0x07, 0x75, 0x90, 0x43, 
	0x50, 0x05, 0x05, 0x30, 0x35, 0xd6, 0xfb, 0xdf, 
	0x0d, 0xf6, 0x1f, 0xc9, 0xcc, 0x40, 0x83, 0xc7, 
	0x60, 0xcd, 0x3b, 0x45, 0x0a, 0x11, 0xf0, 0xb5, 
	0xd0, 0x23, 0x06, 0x66, 0x62, 0x22, 0xa5, 0x5f, 
	0x25, 0xa2, 0x52, 0x15, 0x52, 0xff, 0xad, 0xbb, 
	0x60, 0xf6, 0xff, 0xff, 0xff, 0xff, 0x1f, 0x1f, 
	0xff, 0x87, 0x03, 0x33, 0x5b, 0x53, 0xd1, 0xbe, 
	0x33, 0x03, 0x34, 0xaf, 0x8c, 0x77, 0x51, 0x70, 
	0x55, 0x20, 0x73, 0x01, 0x15, 0x54, 0x44, 0xb4, 
	0xbb, 0xf6, 0x6f, 0xb6, 0x66, 0x56, 0xff, 0xff, 
	0xf7, 0x85, 0x15, 0xb3, 0x50, 0x5b, 0xd0, 0xb0, 
	0x03, 0xe5, 0x05, 0xd3, 0xec, 0x72, 0x43, 0x50, 
	0x44, 0x24, 0x14, 0x0b, 0x52, 0x6d, 0x04, 0xb0, 
	0xad, 0xf0, 0x00, 0xa1, 0x66, 0x66, 0xff, 0xff, 
	0xff, 0xff, 0xf0, 0x53, 0x35, 0xb6, 0xf4, 0xff, 
	0xf5, 0xff, 0x50, 0x0b, 0xc2, 0x22, 0x45, 0x86, 
	0x45, 0x60, 0x3b, 0xb4, 0x42, 0x15, 0xab, 0x0d, 
	0xad, 0xf0, 0xdb, 0x06, 0x4f, 0xff, 0x40, 0x44, 
	0x1a, 0x99, 0xf1, 0x16, 0x05, 0xf0, 0xf0, 0xf4, 
	0xbb, 0xb5, 0x35, 0x40, 0x7f, 0xff, 0xff, 0x56, 
	0x64, 0x05, 0x32, 0xb5, 0x31, 0x06, 0xdb, 0xb4, 
	0x1f, 0x65, 0xb0, 0x35, 0x04, 0x6f, 0x6f, 0xff, 
	0xcc, 0xec, 0x9c, 0x45, 0xb5, 0xb4, 0xbf, 0x44, 
	0xdb, 0x51, 0x25, 0x34, 0xff, 0xff, 0xff, 0xff, 
	0x54, 0x17, 0x50, 0x93, 0x25, 0xb0, 0x1d, 0xff, 
	0xff, 0xbb, 0xb6, 0x19, 0x05, 0x05, 0xc5, 0x74, 
	0xe7, 0x3c, 0x20, 0x15, 0x5b, 0xb6, 0x60, 0xdd, 
	0xf0, 0x00, 0x55, 0x3f, 0xff, 0x7a, 0xf0, 0xf0, 
	0xff, 0xff, 0xff, 0x0e, 0x5a, 0x66, 0x1b, 0xf2, 
	0xaf, 0xff, 0x4f, 0x44, 0x46, 0xfc, 0xb8, 0xc5, 
	0x77, 0x21, 0x46, 0x5f, 0x6a, 0x06, 0xfb, 0x0f, 
	0xf5, 0x0f, 0xf5, 0xf6, 0xaa, 0xdc, 0xfb, 0xaa, 
	0xfb, 0xe1, 0xa7, 0x35, 0xff, 0xff, 0xff, 0xca, 
	0xa0, 0xfc, 0x45, 0x56, 0x44, 0x09, 0xc7, 0x71, 
	0x13, 0x56, 0x50, 0x50, 0xd4, 0x06, 0xfb, 0x6f, 
	0x3a, 0xad, 0xa0, 0xaa, 0x99, 0xcf, 0xd5, 0x31, 
	0x6f, 0xf9, 0x09, 0xad, 0x44, 0xff, 0xf3, 0x8b, 
	0xde, 0xc1, 0x60, 0x93, 0xe5, 0xa7, 0x9e, 0xa1, 
	0x5b, 0x68, 0x7c, 0x35, 0xf0, 0x66, 0x65, 0x5f, 
	0xba, 0x93, 0xd1, 0x90, 0x9a, 0x5f, 0xda, 0x51, 
	0xdd, 0x2c, 0x21, 0xa6, 0xa2, 0x05, 0x95, 0xb3, 
	0xbb, 0x8d, 0xda, 0x33, 0x71, 0xd8, 0xce, 0xe7, 
	0x73, 0x71, 0x15, 0x55, 0x0b, 0x0f, 0xf4, 0x00, 
	0x33, 0xd3, 0x39, 0xa1, 0x9a, 0xdf, 0xda, 0xad, 
	0x77, 0x10, 0xc9, 0xad, 0x43, 0xc2, 0xa1, 0x5d, 
	0xdb, 0x9f, 0x0d, 0xb9, 0x3e, 0xbc, 0xcd, 0xcc, 
	0xdc, 0x87, 0x1c, 0x25, 0x46, 0x5b, 0x46, 0x03, 
	0x00, 0x04, 0x35, 0x31, 0xaa, 0xf1, 0x53, 0x0d, 
	0x35, 0x12, 0xbd, 0xd6, 0xf0, 0xc1, 0x8a, 0x0a, 
	0xdb, 0x97, 0x56, 0xaa, 0x3a, 0xba, 0xa7, 0xe7, 
	
};

ALIGNED8 u8 ow_ph_pum256_2_pal_rgba16[] = {
	0x39, 0x85, 0x82, 0xc9, 0x72, 0xcb, 0x62, 0x47, 
	0x29, 0x05, 0x52, 0x07, 0x21, 0x03, 0x9b, 0x8d, 
	0xdd, 0x95, 0xab, 0x4b, 0x8a, 0x89, 0x49, 0x45, 
	0xc4, 0x51, 0x6a, 0x07, 0xa3, 0x8b, 0x10, 0x83, 
	
};

ALIGNED8 u8 ow_ph_pum256_1_ci4[] = {
	0x01, 0x22, 0x13, 0x45, 0x60, 0x78, 0x56, 0x33, 
	0x11, 0x77, 0x17, 0x39, 0xa8, 0x32, 0x78, 0xb5, 
	0x22, 0xc2, 0x33, 0x8d, 0xdd, 0xdd, 0x74, 0x66, 
	0x63, 0x0e, 0x55, 0xbd, 0xd5, 0x5a, 0xb8, 0x40, 
	0x32, 0xc2, 0x21, 0x15, 0x6f, 0x34, 0x83, 0xf8, 
	0x31, 0x07, 0x73, 0x31, 0xfd, 0x1d, 0x13, 0x65, 
	0x2c, 0x22, 0xb3, 0x88, 0x08, 0x52, 0xa2, 0xdd, 
	0x5e, 0xec, 0x8d, 0xbd, 0xdd, 0xda, 0x90, 0xe2, 
	0x30, 0x11, 0x74, 0x34, 0x6f, 0x21, 0x86, 0xff, 
	0x27, 0x18, 0x73, 0x32, 0xfb, 0x13, 0x23, 0x12, 
	0x22, 0x01, 0xf8, 0x32, 0x55, 0x67, 0xb8, 0x85, 
	0x52, 0xec, 0x5d, 0xdd, 0x3d, 0xb6, 0xc2, 0x07, 
	0xd0, 0x27, 0x88, 0x27, 0xff, 0x16, 0x41, 0x22, 
	0x11, 0x81, 0x13, 0x21, 0xff, 0x23, 0x37, 0x33, 
	0x12, 0x21, 0xf0, 0x17, 0x62, 0x34, 0xd5, 0x46, 
	0xdc, 0xce, 0xd3, 0xbb, 0xb5, 0x56, 0xda, 0x86, 
	0xc6, 0xf0, 0x61, 0x64, 0x17, 0xf7, 0x78, 0x87, 
	0x88, 0x31, 0x52, 0x72, 0xff, 0x33, 0x78, 0x37, 
	0x22, 0x32, 0x61, 0x38, 0x64, 0x5d, 0xd3, 0x48, 
	0x53, 0x32, 0xc5, 0x7d, 0xdb, 0xb5, 0x66, 0xf6, 
	0x92, 0xe8, 0x2d, 0x62, 0x21, 0xf7, 0x74, 0x84, 
	0x3f, 0x78, 0x73, 0x22, 0xff, 0x02, 0x72, 0x1f, 
	0x20, 0x2f, 0x11, 0x27, 0x14, 0x5d, 0x58, 0x65, 
	0xda, 0x80, 0x27, 0xdb, 0xab, 0xa6, 0xa8, 0xff, 
	0x95, 0x71, 0x20, 0x18, 0x8f, 0x81, 0x26, 0x78, 
	0x86, 0x44, 0x11, 0x1c, 0xff, 0xc3, 0x72, 0x6d, 
	0x75, 0x83, 0x22, 0xb3, 0x37, 0x37, 0x56, 0x65, 
	0x55, 0x02, 0x03, 0xab, 0x2a, 0xbf, 0xb8, 0x80, 
	0x9e, 0x22, 0x13, 0x88, 0x28, 0x47, 0x58, 0x68, 
	0x56, 0x77, 0x37, 0x58, 0xff, 0x32, 0x51, 0x81, 
	0x75, 0x32, 0x82, 0x3a, 0xb5, 0x38, 0x65, 0x56, 
	0x85, 0x10, 0x02, 0xa0, 0x2b, 0x76, 0x78, 0x3c, 
	0x22, 0x30, 0x23, 0x87, 0x85, 0x84, 0xd6, 0x77, 
	0x78, 0x68, 0x26, 0xff, 0xff, 0x84, 0x37, 0x43, 
	0x28, 0x11, 0x27, 0x32, 0x37, 0xd8, 0x4d, 0xd4, 
	0x53, 0x4b, 0x2d, 0x02, 0x01, 0x05, 0x62, 0x2e, 
	0x22, 0xc2, 0x08, 0x8f, 0x84, 0x43, 0x88, 0x67, 
	0x54, 0x71, 0xff, 0xff, 0xff, 0x17, 0x43, 0x88, 
	0xd7, 0x26, 0x87, 0x20, 0xd3, 0x38, 0x44, 0x86, 
	0x57, 0xc9, 0xbb, 0x10, 0x00, 0x22, 0x6c, 0x20, 
	0x23, 0x32, 0x81, 0x2f, 0x17, 0x67, 0x63, 0x8f, 
	0x76, 0x4f, 0xff, 0x00, 0x65, 0x20, 0x73, 0x17, 
	0x29, 0x26, 0xf8, 0xf8, 0x38, 0x84, 0x47, 0xd8, 
	0xd5, 0xc0, 0x0d, 0x80, 0x00, 0x03, 0x85, 0xa2, 
	0xc2, 0x12, 0x17, 0x86, 0x81, 0x37, 0x87, 0x83, 
	0x38, 0x8f, 0xf0, 0xec, 0x77, 0x92, 0x33, 0x32, 
	0x29, 0x28, 0x86, 0x12, 0x08, 0x75, 0x58, 0x54, 
	0xbd, 0x21, 0xcb, 0xb2, 0xc0, 0x58, 0x38, 0x29, 
	0xc1, 0x02, 0x21, 0xf6, 0x08, 0xf3, 0x42, 0x67, 
	0x24, 0x6f, 0x00, 0x32, 0x16, 0x23, 0x41, 0x68, 
	0x69, 0x67, 0x4f, 0x78, 0x27, 0x17, 0x4f, 0x2b, 
	0x5d, 0x09, 0x0b, 0xbb, 0x99, 0x36, 0xb3, 0x5c, 
	0x92, 0x0f, 0xff, 0xff, 0xff, 0x69, 0x87, 0x67, 
	0x48, 0x46, 0x38, 0xbd, 0x52, 0x17, 0x37, 0x75, 
	0xc0, 0x61, 0xf8, 0x26, 0x22, 0x16, 0x8d, 0x55, 
	0xd9, 0x69, 0x9b, 0x8a, 0x99, 0x66, 0xb4, 0xb2, 
	0xc7, 0xff, 0xff, 0x88, 0x6f, 0x51, 0x78, 0x68, 
	0x76, 0xf3, 0x37, 0x0f, 0xff, 0x11, 0x01, 0x73, 
	0xc4, 0x86, 0x11, 0x88, 0x78, 0x38, 0x46, 0x44, 
	0x03, 0x69, 0x03, 0x21, 0xcc, 0x74, 0x5d, 0x32, 
	0xd2, 0x0f, 0xf4, 0x84, 0xf7, 0x39, 0x17, 0x14, 
	0x86, 0xf6, 0xb6, 0x5f, 0xff, 0x76, 0x18, 0x55, 
	0xc8, 0xc6, 0x02, 0x82, 0x87, 0x78, 0x75, 0x7d, 
	0xe0, 0x89, 0x5b, 0x22, 0x2e, 0x46, 0xed, 0xb5, 
	0x03, 0x78, 0x77, 0x63, 0x35, 0x4f, 0x0b, 0x88, 
	0x78, 0x62, 0xec, 0xf8, 0xff, 0x3d, 0xff, 0x58, 
	0x98, 0x86, 0x87, 0x36, 0xe3, 0x7d, 0x81, 0x83, 
	0x2e, 0x4c, 0x06, 0x27, 0x26, 0x1f, 0xf2, 0x31, 
	0x38, 0x28, 0xf8, 0x09, 0xcc, 0x1f, 0xc8, 0x78, 
	0x81, 0xf3, 0xe2, 0x66, 0x6f, 0xff, 0xff, 0xff, 
	0xc8, 0x23, 0x34, 0x8b, 0xa6, 0x38, 0x76, 0x56, 
	0xec, 0x20, 0x91, 0x29, 0x9c, 0x7f, 0xf0, 0x11, 
	0xf1, 0x75, 0x86, 0xeb, 0x02, 0x22, 0x2c, 0x48, 
	0x71, 0x57, 0xa1, 0x64, 0xff, 0xff, 0xff, 0xf4, 
	0x22, 0xf0, 0x1d, 0x35, 0x32, 0x87, 0x86, 0x41, 
	0xb2, 0x6d, 0x02, 0x22, 0xcf, 0xff, 0xf5, 0x17, 
	0x72, 0x54, 0x45, 0xd2, 0x02, 0x23, 0x20, 0x38, 
	0x87, 0x8b, 0x7f, 0x82, 0x5f, 0xbf, 0xd3, 0x5d, 
	0x93, 0x26, 0x44, 0xdb, 0x14, 0x73, 0x46, 0x27, 
	0x19, 0x4e, 0xc1, 0x66, 0x8f, 0xff, 0xff, 0xc7, 
	0x74, 0x56, 0x76, 0x3e, 0xcb, 0x21, 0x12, 0x16, 
	0x17, 0xad, 0x08, 0x01, 0xff, 0xfb, 0xab, 0x85, 
	0xe8, 0x3f, 0xf3, 0xeb, 0xc2, 0x87, 0x02, 0x37, 
	0x79, 0x69, 0x09, 0xf1, 0x73, 0xd2, 0xf2, 0xa6, 
	0x83, 0x68, 0x33, 0x59, 0x9b, 0x23, 0x03, 0x27, 
	0x5f, 0x77, 0xff, 0xff, 0xff, 0xfa, 0xdd, 0x47, 
	0xc1, 0x74, 0x27, 0x3c, 0x02, 0x11, 0x8f, 0xf6, 
	0x8e, 0xfe, 0x3e, 0x72, 0xff, 0x06, 0xa2, 0x02, 
	0x77, 0x56, 0x86, 0x40, 0xc5, 0x32, 0x01, 0x11, 
	0xf2, 0x45, 0xff, 0xff, 0xff, 0xbd, 0xb3, 0x50, 
	0x22, 0x11, 0x2f, 0xff, 0xf1, 0x16, 0xff, 0xf8, 
	0x7e, 0xf7, 0x06, 0x21, 0x6e, 0x0f, 0xbb, 0x80, 
	0x33, 0xe5, 0x86, 0x3e, 0x27, 0xf2, 0x23, 0x6f, 
	0x75, 0x53, 0xff, 0xff, 0x53, 0x55, 0x7d, 0x6c, 
	0x1d, 0x23, 0x6f, 0xff, 0xf6, 0x66, 0xf6, 0x66, 
	0xf6, 0xff, 0x6f, 0xf5, 0xff, 0xfe, 0xae, 0x30, 
	0xa4, 0x3d, 0x56, 0x80, 0x22, 0x72, 0x02, 0x86, 
	0x75, 0x3f, 0xff, 0xfd, 0xb5, 0x66, 0x66, 0x61, 
	0x4d, 0x21, 0x62, 0xff, 0x6f, 0x68, 0x74, 0xff, 
	0xff, 0xff, 0xff, 0xff, 0xbf, 0xba, 0xb2, 0x7c, 
	0x34, 0x32, 0x3f, 0xf2, 0x70, 0x22, 0x23, 0x41, 
	0x33, 0xf6, 0x86, 0xf5, 0x8b, 0x56, 0x68, 0xd0, 
	0xcb, 0x0f, 0x6f, 0xff, 0xff, 0xff, 0x6f, 0xff, 
	0xff, 0xff, 0xff, 0x8f, 0xff, 0xf5, 0x06, 0x76, 
	0xff, 0x99, 0xff, 0xff, 0xe0, 0x32, 0x77, 0x25, 
	0x4f, 0xf6, 0x66, 0x63, 0x86, 0x55, 0x3d, 0xdc, 
	0x9f, 0x8f, 0x62, 0x71, 0x64, 0x68, 0xff, 0x64, 
	0x6f, 0x3f, 0x3d, 0x2d, 0x38, 0xff, 0xff, 0xff, 
	0xff, 0xff, 0xff, 0xf4, 0x86, 0x1b, 0x66, 0xff, 
	0xf6, 0x66, 0x8b, 0x88, 0xd5, 0x56, 0xd5, 0x52, 
	0x2f, 0x2f, 0xfe, 0x84, 0x48, 0x86, 0x6f, 0xff, 
	0xfb, 0x5f, 0xbd, 0xb2, 0x55, 0xff, 0xff, 0xff, 
	0xdd, 0xb3, 0xd8, 0xff, 0xff, 0xf5, 0x8f, 0x6f, 
	0xfd, 0x86, 0x77, 0x66, 0x46, 0x86, 0x84, 0xd2, 
	0x11, 0xff, 0x38, 0xff, 0xff, 0xff, 0xf8, 0x4f, 
	0x87, 0x2f, 0x37, 0xdb, 0x35, 0xff, 0xff, 0xff, 
	0xf8, 0xb0, 0x68, 0x1f, 0xff, 0x86, 0x72, 0x32, 
	0x30, 0x38, 0x44, 0x68, 0x76, 0x48, 0x63, 0x5c, 
	0x26, 0xf8, 0x4f, 0xff, 0x6f, 0xff, 0xff, 0xf8, 
	0xfb, 0x65, 0xbb, 0xa2, 0xe3, 0xff, 0x37, 0x7f, 
	0x01, 0x33, 0x4d, 0x80, 0xff, 0x16, 0xd7, 0x27, 
	0x87, 0xdd, 0xff, 0x88, 0x86, 0xb5, 0x84, 0x79, 
	0x22, 0x6a, 0x8f, 0xff, 0xff, 0xff, 0xff, 0x82, 
	0x6b, 0x34, 0xaa, 0xea, 0xe9, 0xff, 0xd4, 0x25, 
	0x18, 0xbb, 0x23, 0x8f, 0x87, 0x67, 0x0f, 0xf7, 
	0xd4, 0x03, 0xf5, 0x95, 0xd6, 0x5d, 0x43, 0x99, 
	0x46, 0x73, 0xf4, 0x85, 0x1f, 0x74, 0x20, 0xcc, 
	0x32, 0x2b, 0xaa, 0xe9, 0xac, 0xff, 0x01, 0x75, 
	0x53, 0x85, 0x43, 0x2d, 0x6f, 0xff, 0xff, 0xff, 
	0xff, 0xf3, 0x33, 0xed, 0xdd, 0x86, 0x83, 0xe0, 
	0x02, 0x48, 0xf8, 0x47, 0x71, 0x83, 0x2c, 0x00, 
	0x22, 0xae, 0xbe, 0xea, 0x99, 0xff, 0x45, 0x55, 
	0xd5, 0x33, 0x3b, 0xd5, 0x38, 0xff, 0xff, 0x61, 
	0xff, 0x32, 0xb2, 0x32, 0x66, 0xfb, 0x5b, 0x2c, 
	0xb3, 0x64, 0x78, 0x83, 0x31, 0x12, 0x40, 0x00, 
	0x26, 0xac, 0xa0, 0x0a, 0x85, 0xff, 0xff, 0x38, 
	0xd5, 0x73, 0xb3, 0x3d, 0x68, 0xfd, 0x48, 0x39, 
	0x2d, 0xdd, 0x3c, 0x5d, 0x5d, 0x5d, 0x3e, 0xad, 
	0xd2, 0xf7, 0x17, 0x76, 0x73, 0x77, 0x40, 0x20, 
	0x23, 0x29, 0xe2, 0xf3, 0xff, 0x84, 0xff, 0x98, 
	0x8d, 0xdb, 0x35, 0x37, 0x3d, 0x54, 0x66, 0x39, 
	0xd3, 0xdd, 0xd8, 0x34, 0x74, 0x53, 0xa0, 0x07, 
	0x2a, 0xa7, 0x74, 0x86, 0x48, 0x81, 0x3e, 0x20, 
	0x0c, 0xb1, 0x87, 0x8f, 0xff, 0xf6, 0x6f, 0xc5, 
	0xd3, 0x22, 0x57, 0x85, 0x27, 0xd5, 0x77, 0x39, 
	0x02, 0x33, 0x82, 0x3d, 0x17, 0x5a, 0x21, 0x25, 
	0x20, 0x8e, 0x41, 0x77, 0x71, 0x8f, 0xf0, 0x2c, 
	0xec, 0xb2, 0x73, 0xdd, 0x3f, 0xff, 0xf3, 0x88, 
	0xd5, 0xdd, 0x75, 0x33, 0x92, 0x2b, 0x5d, 0x79, 
	0x0c, 0xdb, 0xdd, 0xdb, 0x03, 0xd3, 0xb2, 0x33, 
	0x20, 0x9b, 0xf7, 0xff, 0xff, 0xff, 0xee, 0x0e, 
	0x0c, 0x0b, 0xa8, 0x36, 0x55, 0xaf, 0xf6, 0x95, 
	0xd3, 0x21, 0x37, 0x71, 0x83, 0xdd, 0xd5, 0x39, 
	0x90, 0x22, 0xb2, 0xd3, 0x22, 0xdd, 0xab, 0x8f, 
	0xff, 0xff, 0xff, 0xff, 0x6f, 0xf5, 0x0b, 0x22, 
	0x29, 0xbe, 0xe1, 0x55, 0x53, 0xce, 0xac, 0x8d, 
	0x37, 0x33, 0x33, 0x33, 0x53, 0x2b, 0x2d, 0x29, 
	0xc3, 0x82, 0x3d, 0xd3, 0x32, 0x33, 0xd3, 0x80, 
	0xec, 0x99, 0xff, 0xff, 0xff, 0xfa, 0xcc, 0x0e, 
	0xcc, 0x20, 0xe8, 0x74, 0x88, 0x34, 0xa8, 0x5d, 
	0x57, 0x31, 0x23, 0x37, 0x22, 0x3b, 0x53, 0x5e, 
	0x20, 0x15, 0x3b, 0x56, 0x73, 0x02, 0xe8, 0xf9, 
	0x9c, 0xc1, 0xff, 0xff, 0xf6, 0x20, 0xe0, 0x2e, 
	0xcc, 0x0a, 0xe3, 0x28, 0x8c, 0x25, 0x28, 0x23, 
	0x57, 0x22, 0x38, 0x53, 0x83, 0x33, 0xdd, 0x72, 
	0x62, 0x13, 0x37, 0x35, 0x32, 0x0b, 0x00, 0xf9, 
	0xc2, 0x26, 0xff, 0x6f, 0x6f, 0x2b, 0xcc, 0xc9, 
	0x0c, 0x0e, 0x98, 0x5b, 0x83, 0x36, 0x3c, 0xdb, 
	0x5b, 0x33, 0x2b, 0xd1, 0x38, 0xfd, 0xd5, 0xf0, 
	0xc2, 0xb2, 0x5d, 0xbd, 0xdb, 0x33, 0x40, 0xf0, 
	0xe9, 0x96, 0xf4, 0x18, 0xaa, 0xae, 0xe2, 0xc9, 
	0xc9, 0xc9, 0xc4, 0xf6, 0x79, 0x3b, 0x01, 0x0d, 
	0x24, 0x64, 0x37, 0x5b, 0xd3, 0xbb, 0x53, 0x64, 
	0x3c, 0xcd, 0xbd, 0xb3, 0x8a, 0x32, 0x3c, 0xf0, 
	0x93, 0xf9, 0xff, 0xff, 0xb9, 0xd7, 0x02, 0x0b, 
	0x90, 0x60, 0x92, 0x25, 0x7e, 0x8d, 0x37, 0x03, 
	0x43, 0x3b, 0x33, 0x22, 0xdd, 0xdb, 0xdd, 0x3b, 
	0xe9, 0x4a, 0xb2, 0xd8, 0x22, 0x21, 0xc3, 0xf9, 
	0x99, 0xcf, 0xff, 0x6f, 0x3a, 0xae, 0xa6, 0xe9, 
	0xff, 0xff, 0xff, 0xff, 0x6f, 0x6f, 0x46, 0x48, 
	0x5d, 0xb2, 0x73, 0x3f, 0x3f, 0x36, 0x58, 0xd2, 
	0xd2, 0x03, 0x3a, 0x74, 0xb0, 0x8e, 0x0c, 0xf9, 
	0xcc, 0x0f, 0xfd, 0xdb, 0xae, 0xee, 0xa6, 0x7f, 
	0xff, 0xff, 0xff, 0xff, 0xf4, 0x66, 0x97, 0x58, 
	0x78, 0x88, 0x58, 0xd5, 0xbd, 0x5b, 0xdd, 0x2d, 
	0x22, 0x95, 0x86, 0x53, 0x30, 0x8a, 0xff, 0xf1, 
	0xc6, 0x6f, 0xf3, 0xb0, 0xe2, 0xba, 0xb8, 0x85, 
	0x7f, 0xf0, 0x02, 0xba, 0x71, 0xe4, 0x61, 0x6f, 
	0x68, 0xf5, 0x28, 0x13, 0xdd, 0x39, 0x58, 0x35, 
	0x38, 0x82, 0x36, 0x7f, 0xf3, 0xc3, 0x4f, 0xaf, 
	0xff, 0xff, 0xfb, 0xbb, 0xba, 0xbc, 0xc7, 0xf6, 
	0x4d, 0x4c, 0x0a, 0xea, 0x67, 0xf6, 0x70, 0x75, 
	0x77, 0x12, 0x17, 0x13, 0xb5, 0x35, 0x57, 0x73, 
	0x50, 0x25, 0x08, 0x86, 0x20, 0x22, 0x4e, 0xaf, 
	0xff, 0xff, 0xf4, 0xff, 0xff, 0xff, 0xff, 0xe3, 
	0x64, 0x66, 0x2b, 0x02, 0x7b, 0x76, 0x30, 0x0d, 
	0x8d, 0x34, 0x43, 0x71, 0xd4, 0x68, 0x8d, 0x25, 
	0x81, 0x11, 0x7c, 0x67, 0x7e, 0x95, 0x6b, 0x3f, 
	0xff, 0xff, 0x26, 0x66, 0xff, 0xff, 0xfb, 0x6f, 
	0x6f, 0xfb, 0xcc, 0x97, 0xdd, 0x06, 0x3a, 0x38, 
	0x73, 0x78, 0x05, 0x83, 0xf2, 0x8c, 0x77, 0x38, 
	0x62, 0x67, 0x3c, 0x34, 0x49, 0x99, 0x62, 0xff, 
	0xff, 0xf3, 0xa4, 0xf5, 0x8d, 0x74, 0xfc, 0x66, 
	0xff, 0xf5, 0x9c, 0x03, 0x5a, 0x26, 0xa0, 0x2a, 
	0x75, 0x38, 0x0d, 0x17, 0x52, 0x58, 0xb8, 0x76, 
	0x61, 0x11, 0x18, 0x28, 0x89, 0x93, 0x92, 0xff, 
	0xff, 0x0b, 0xd5, 0x6d, 0x6a, 0x00, 0x2a, 0x8f, 
	0xff, 0xf6, 0x2f, 0xeb, 0xee, 0x47, 0x93, 0x00, 
	0x68, 0xe3, 0x35, 0x41, 0x82, 0x22, 0xf8, 0x51, 
	0xd7, 0x33, 0x76, 0x46, 0x69, 0x00, 0xea, 0x8c, 
	0xff, 0x0d, 0xae, 0xd8, 0x68, 0xaa, 0x3c, 0x87, 
	0x76, 0xf6, 0xff, 0xff, 0xff, 0xff, 0x2f, 0x2f, 
	0xf6, 0x92, 0x83, 0x33, 0x75, 0x73, 0xd2, 0x7b, 
	0x33, 0x73, 0x18, 0xd6, 0xe9, 0x23, 0xe6, 0xf1, 
	0x7f, 0x0d, 0x7b, 0x5d, 0x4a, 0x00, 0x0c, 0x77, 
	0x76, 0xf6, 0x6f, 0x56, 0x66, 0x76, 0xff, 0xff, 
	0xf0, 0xc7, 0x21, 0x53, 0x18, 0x77, 0x37, 0x58, 
	0x83, 0xa7, 0x71, 0xd3, 0x05, 0x31, 0xe8, 0x06, 
	0x80, 0x33, 0x2d, 0xbd, 0x5e, 0xcc, 0x86, 0x87, 
	0x56, 0xf7, 0x88, 0xd2, 0x46, 0x46, 0xff, 0xff, 
	0xff, 0xff, 0xf8, 0x13, 0x33, 0x56, 0xf4, 0xff, 
	0xf7, 0xf6, 0x58, 0x75, 0xc2, 0x1f, 0x32, 0xf6, 
	0x62, 0x21, 0x17, 0xbd, 0x4d, 0x6f, 0x13, 0x74, 
	0xdf, 0xf7, 0x55, 0x86, 0x8f, 0xff, 0x48, 0x44, 
	0x2b, 0xaa, 0xf2, 0x26, 0x85, 0xf8, 0xf8, 0xf8, 
	0x55, 0x57, 0x35, 0x47, 0x0f, 0xff, 0xff, 0xff, 
	0x17, 0x02, 0x20, 0xa2, 0x3d, 0x37, 0xff, 0x1f, 
	0xff, 0x65, 0x57, 0x31, 0x88, 0x6f, 0x6f, 0xff, 
	0xac, 0x00, 0xae, 0x81, 0x75, 0x54, 0x5f, 0x48, 
	0xd5, 0x7d, 0x23, 0x38, 0xff, 0xff, 0xff, 0xff, 
	0x38, 0x20, 0x17, 0xb3, 0x25, 0x55, 0xbd, 0x6f, 
	0xff, 0x55, 0x56, 0xdb, 0x83, 0x75, 0xe1, 0xb4, 
	0x02, 0x3c, 0x38, 0x25, 0x17, 0x56, 0x67, 0x33, 
	0xf7, 0x88, 0x17, 0x1f, 0xff, 0x2b, 0xf8, 0xf7, 
	0xff, 0xff, 0xff, 0x70, 0x3b, 0x64, 0x25, 0xf3, 
	0x2f, 0xff, 0x4f, 0x84, 0x86, 0xfe, 0x7e, 0x01, 
	0x02, 0x32, 0x46, 0x1f, 0x62, 0x74, 0xf5, 0x7f, 
	0xf7, 0x7f, 0xf3, 0xf4, 0xdb, 0xde, 0xf5, 0xd2, 
	0xf7, 0xb2, 0xd0, 0x37, 0x6f, 0xff, 0xff, 0xeb, 
	0xd7, 0xfc, 0x83, 0x54, 0x44, 0x7a, 0xe0, 0x02, 
	0x23, 0x76, 0x17, 0x77, 0xd4, 0x86, 0xf5, 0x6f, 
	0x3d, 0xb3, 0xb7, 0xbb, 0xab, 0xef, 0xd5, 0x3d, 
	0x6f, 0xfa, 0x8b, 0xbd, 0x44, 0xff, 0xf3, 0x95, 
	0xd0, 0xe2, 0x48, 0xb3, 0x03, 0xb2, 0xaa, 0x22, 
	0x37, 0x6c, 0x2c, 0x31, 0x68, 0x66, 0x65, 0x7f, 
	0x7b, 0xb3, 0xd2, 0xb8, 0xad, 0x5f, 0xdb, 0x32, 
	0xdd, 0x30, 0x22, 0xb6, 0xb3, 0x75, 0xb1, 0x73, 
	0x57, 0xcd, 0x3b, 0x33, 0x2d, 0xd9, 0xe0, 0x00, 
	0x03, 0x22, 0x27, 0x71, 0x85, 0x8f, 0xf4, 0x87, 
	0x33, 0x33, 0x3b, 0xb2, 0xad, 0xdf, 0x32, 0xbd, 
	0x22, 0x28, 0xea, 0xb3, 0x43, 0xc3, 0xb2, 0x3d, 
	0x55, 0xaf, 0x8d, 0x5e, 0x3b, 0x5e, 0xed, 0xc0, 
	0xd0, 0xc0, 0x2c, 0x37, 0x86, 0x17, 0x44, 0x73, 
	0x88, 0x78, 0x31, 0x32, 0xbd, 0xf2, 0x33, 0x8d, 
	0x11, 0x23, 0x73, 0xd4, 0xf8, 0xe2, 0xeb, 0x8b, 
	0xd5, 0xb3, 0x56, 0xbd, 0x3b, 0x52, 0xdb, 0x02, 
	
};

ALIGNED8 u8 ow_ph_pum256_1_pal_rgba16[] = {
	0xa3, 0xcb, 0x52, 0x07, 0x82, 0xc9, 0x62, 0x07, 
	0x29, 0x05, 0x49, 0x85, 0x20, 0xc3, 0x41, 0x85, 
	0x31, 0x45, 0xee, 0x15, 0xb3, 0x49, 0x92, 0xc7, 
	0xc4, 0xd1, 0x6a, 0x05, 0xd4, 0x8d, 0x10, 0x83, 
	
};

ALIGNED8 u8 ow_ph_pum128_12_ci4[] = {
	0x00, 0x01, 0x00, 0x02, 0x00, 0x03, 0x00, 0x03, 
	0x33, 0x30, 0x00, 0x22, 0x22, 0x22, 0x00, 0x10, 
	0x00, 0x00, 0x00, 0x00, 0x00, 0x22, 0x00, 0x22, 
	0x00, 0x02, 0x22, 0x00, 0x00, 0x00, 0x44, 0x00, 
	0x25, 0x11, 0x66, 0x11, 0x16, 0x33, 0x15, 0x66, 
	0x33, 0x66, 0x33, 0x66, 0x55, 0x33, 0x66, 0x66, 
	0x66, 0x66, 0x66, 0x66, 0x78, 0x66, 0x65, 0x66, 
	0x99, 0x55, 0x66, 0x67, 0x55, 0x6a, 0x55, 0x55, 
	0x23, 0x19, 0x55, 0xab, 0x66, 0x61, 0x10, 0x00, 
	0x11, 0x16, 0x57, 0x56, 0x61, 0x36, 0x5a, 0x66, 
	0x11, 0x33, 0x11, 0x36, 0x11, 0x66, 0x11, 0x66, 
	0x11, 0x11, 0x11, 0x11, 0x36, 0x66, 0x31, 0x33, 
	0x25, 0x02, 0x44, 0x4b, 0xa6, 0x16, 0x11, 0x11, 
	0x11, 0x16, 0x66, 0x66, 0x66, 0x33, 0x10, 0x00, 
	0x00, 0x33, 0x66, 0x65, 0x55, 0x66, 0x66, 0x66, 
	0x66, 0x11, 0x11, 0x11, 0x30, 0x11, 0x33, 0x31, 
	0x25, 0x4b, 0x40, 0x32, 0x51, 0x16, 0x66, 0x16, 
	0x66, 0x65, 0x61, 0x66, 0x66, 0x66, 0x66, 0x66, 
	0x66, 0x93, 0x63, 0x33, 0x33, 0x66, 0x11, 0x66, 
	0x33, 0x36, 0x66, 0x33, 0x33, 0x33, 0x33, 0x36, 
	0x21, 0xc8, 0x4d, 0xa0, 0x11, 0x66, 0x66, 0x66, 
	0x77, 0x65, 0x66, 0x66, 0x66, 0x36, 0x66, 0x65, 
	0x66, 0x99, 0x56, 0x63, 0x36, 0x66, 0x55, 0x66, 
	0x56, 0x66, 0x66, 0x59, 0x55, 0x55, 0x65, 0x66, 
	0x20, 0x4a, 0x4c, 0xa2, 0xab, 0x67, 0x66, 0x66, 
	0x66, 0x66, 0x75, 0x65, 0x67, 0x56, 0x66, 0x16, 
	0x71, 0x66, 0x33, 0x36, 0x66, 0x66, 0x66, 0x66, 
	0x66, 0x68, 0x88, 0x76, 0x65, 0x16, 0x63, 0x66, 
	0x26, 0x4c, 0x44, 0x22, 0xab, 0x66, 0x66, 0x66, 
	0x76, 0x66, 0x65, 0x66, 0x66, 0x11, 0x61, 0x00, 
	0x06, 0x06, 0x33, 0x66, 0x66, 0x65, 0x66, 0x76, 
	0x68, 0x66, 0x67, 0x67, 0x66, 0x55, 0x77, 0x66, 
	0x05, 0x34, 0x44, 0x41, 0x37, 0x66, 0x66, 0x66, 
	0x67, 0x77, 0x77, 0x56, 0x76, 0x78, 0x68, 0x88, 
	0x88, 0x00, 0x56, 0x66, 0x67, 0x65, 0x87, 0x65, 
	0x66, 0x56, 0x65, 0x67, 0x76, 0x67, 0x67, 0x76, 
	0x00, 0x34, 0x55, 0x11, 0x63, 0x65, 0x66, 0x66, 
	0x66, 0x16, 0x61, 0x66, 0x77, 0x86, 0x86, 0x36, 
	0x78, 0x83, 0x36, 0x36, 0x76, 0x66, 0x66, 0x66, 
	0x66, 0x66, 0x66, 0x33, 0x77, 0x77, 0x66, 0x66, 
	0x09, 0x30, 0xdd, 0x66, 0x55, 0x66, 0x66, 0x65, 
	0x67, 0x87, 0x77, 0x71, 0x67, 0x60, 0x08, 0x88, 
	0x87, 0x67, 0x36, 0x63, 0x66, 0x66, 0x65, 0x77, 
	0x77, 0x57, 0x55, 0x55, 0x66, 0x66, 0x55, 0x57, 
	0x39, 0x66, 0xdd, 0x66, 0x56, 0x57, 0x16, 0x66, 
	0x61, 0x68, 0x87, 0x67, 0x80, 0x86, 0x37, 0x87, 
	0x88, 0x61, 0x56, 0x77, 0x65, 0x66, 0x56, 0x66, 
	0x66, 0x55, 0x57, 0x66, 0x66, 0x66, 0x65, 0x65, 
	0x09, 0x77, 0x66, 0x76, 0x76, 0x77, 0x77, 0x56, 
	0x56, 0x66, 0x78, 0xa5, 0x88, 0x88, 0x87, 0x83, 
	0x88, 0x88, 0x55, 0x65, 0x55, 0x56, 0x65, 0x55, 
	0x55, 0x65, 0x66, 0x56, 0x55, 0x66, 0x55, 0x56, 
	0x09, 0x77, 0x36, 0x61, 0x16, 0x33, 0x33, 0x11, 
	0x33, 0x36, 0x11, 0x16, 0x01, 0x78, 0x67, 0x77, 
	0x87, 0x11, 0x11, 0x33, 0x63, 0x11, 0x11, 0x00, 
	0x61, 0x33, 0x63, 0x61, 0x33, 0x33, 0x10, 0x11, 
	0x31, 0x11, 0xb0, 0xaa, 0x8b, 0x88, 0x88, 0x88, 
	0x88, 0x88, 0x88, 0x88, 0x88, 0x88, 0x88, 0x88, 
	0x88, 0x88, 0x88, 0x88, 0x88, 0x88, 0x88, 0x88, 
	0x88, 0x88, 0x88, 0x88, 0x88, 0x88, 0x88, 0x88, 
	0x31, 0xc1, 0x77, 0xaa, 0xbb, 0x8b, 0xbb, 0xbb, 
	0xbb, 0xbb, 0x11, 0x11, 0xc1, 0x01, 0xcc, 0xcc, 
	0xc1, 0x00, 0x00, 0xcc, 0xcc, 0xcc, 0xcc, 0xcc, 
	0xcc, 0xcc, 0xcc, 0xcc, 0xcc, 0xcc, 0xbc, 0x11, 
	0x36, 0xbb, 0x7b, 0xab, 0xb7, 0xbb, 0xb7, 0x7b, 
	0xbb, 0x11, 0xb1, 0x1b, 0xbb, 0x1b, 0x7b, 0x7b, 
	0x17, 0xb1, 0x71, 0x7b, 0xb7, 0xcb, 0x1b, 0x71, 
	0xc1, 0xbb, 0xb1, 0xbb, 0xbb, 0x17, 0x1b, 0xbb, 
	0x33, 0xbb, 0x78, 0xca, 0x77, 0x7a, 0x7a, 0xb7, 
	0xbb, 0xbb, 0xbb, 0xbb, 0xb7, 0x1b, 0x17, 0xb7, 
	0xbb, 0xbb, 0x1b, 0xbb, 0xbb, 0xbb, 0x1b, 0x1b, 
	0xb1, 0xb1, 0x1b, 0xb7, 0x7b, 0x77, 0x7b, 0x1b, 
	0x35, 0xbb, 0x78, 0x8b, 0x88, 0xa4, 0x47, 0xaa, 
	0xaa, 0x77, 0xa7, 0x7b, 0x77, 0x7b, 0x77, 0xab, 
	0xba, 0xb7, 0xb7, 0xba, 0xbb, 0xbb, 0xb1, 0x77, 
	0xbb, 0x66, 0x1a, 0x74, 0x47, 0xaa, 0xcb, 0x61, 
	0x35, 0x7b, 0x7b, 0xbb, 0x17, 0xa4, 0xcc, 0x17, 
	0x77, 0x55, 0x77, 0x77, 0x77, 0xbc, 0x4c, 0xbb, 
	0xbb, 0xb7, 0x76, 0xc4, 0xc7, 0x77, 0x77, 0x77, 
	0x77, 0xbb, 0x66, 0xcc, 0xc7, 0xba, 0x8b, 0xb1, 
	0x35, 0x7b, 0xbb, 0xbb, 0xb1, 0xab, 0x44, 0x44, 
	0x44, 0x44, 0x44, 0xcc, 0xcc, 0xcc, 0xcc, 0x7b, 
	0x77, 0xba, 0x7a, 0xcc, 0xcc, 0xcc, 0xcc, 0xcc, 
	0xcc, 0xcc, 0xcc, 0xcc, 0xaa, 0x77, 0xb7, 0x77, 
	0x33, 0x7b, 0xaa, 0xaa, 0x77, 0xa4, 0xcc, 0xcc, 
	0x11, 0x11, 0x1c, 0xcc, 0xcc, 0xcc, 0xcc, 0xcb, 
	0x77, 0xba, 0x71, 0xcc, 0xcc, 0xcc, 0xcc, 0xcc, 
	0xcc, 0xcc, 0xcc, 0x44, 0x4a, 0x11, 0x1b, 0x01, 
	0x65, 0xb1, 0xb7, 0x77, 0x77, 0x7c, 0xcb, 0x77, 
	0xa7, 0x55, 0x75, 0x7b, 0xb6, 0x7a, 0xbc, 0xcb, 
	0x78, 0x87, 0xbb, 0xcb, 0x7b, 0xbb, 0x1b, 0x1b, 
	0x77, 0x77, 0x77, 0x11, 0x4b, 0xb7, 0x7b, 0xbb, 
	0x35, 0x1b, 0x78, 0x47, 0x87, 0x77, 0x77, 0xbb, 
	0x76, 0x65, 0x88, 0x7b, 0x77, 0x77, 0x55, 0x77, 
	0xb7, 0x87, 0xbb, 0x7b, 0x77, 0xb7, 0x7b, 0xa7, 
	0x77, 0x77, 0x77, 0x77, 0xaa, 0xbc, 0x47, 0x7b, 
	0x11, 0x41, 0x88, 0x88, 0x88, 0x88, 0x87, 0x66, 
	0xbb, 0x1b, 0x1a, 0xab, 0xb1, 0xc7, 0xbb, 0xbb, 
	0x71, 0xb1, 0xb1, 0xb1, 0xbb, 0x1b, 0xbb, 0xb1, 
	0x11, 0x1b, 0xcb, 0x11, 0x11, 0x88, 0x8b, 0x11, 
	0x10, 0x41, 0x7b, 0xbb, 0x11, 0xb1, 0xbb, 0x88, 
	0x8b, 0x11, 0xa1, 0xb1, 0x11, 0xb1, 0x11, 0x11, 
	0xc1, 0x1b, 0xbb, 0xbb, 0x7b, 0x7b, 0xbb, 0x7b, 
	0x7b, 0xb7, 0x77, 0x77, 0x77, 0x77, 0x7b, 0xbb, 
	0x61, 0x1c, 0x11, 0x11, 0xbb, 0xbb, 0xbb, 0xbb, 
	0xb8, 0x88, 0x88, 0xb7, 0x7b, 0xbb, 0xbb, 0xb1, 
	0xbc, 0x11, 0x11, 0x11, 0xcb, 0x11, 0x11, 0x11, 
	0x11, 0x1c, 0xcc, 0xc1, 0xcc, 0xc1, 0xcc, 0xcc, 
	0x11, 0x17, 0x88, 0x88, 0x88, 0x88, 0x88, 0x77, 
	0x7b, 0xbb, 0x78, 0x77, 0x77, 0x77, 0x77, 0x77, 
	0x77, 0xbb, 0x78, 0x88, 0x87, 0xaa, 0x77, 0x77, 
	0xbb, 0x77, 0x7b, 0x7b, 0x7b, 0x77, 0x7b, 0x7b, 
	0x60, 0x07, 0x77, 0x78, 0x76, 0x77, 0x17, 0x10, 
	0x11, 0x00, 0x11, 0x11, 0xbb, 0x11, 0x16, 0x1c, 
	0x00, 0x1b, 0x18, 0x11, 0x61, 0x21, 0x11, 0x10, 
	0x16, 0x77, 0x61, 0x16, 0xb1, 0x00, 0x1b, 0x78, 
	0x66, 0x06, 0x86, 0x77, 0x77, 0x01, 0x80, 0x67, 
	0x00, 0x11, 0x11, 0x61, 0x77, 0x7b, 0x11, 0x61, 
	0x16, 0x7b, 0x81, 0xb1, 0x17, 0x66, 0x10, 0x11, 
	0x11, 0xb1, 0xcc, 0x11, 0xb1, 0x18, 0xb7, 0x88, 
	0x01, 0x93, 0xd9, 0x35, 0x55, 0x80, 0x16, 0x61, 
	0x16, 0x76, 0x11, 0x65, 0xc7, 0xb1, 0xb7, 0x66, 
	0x10, 0x78, 0x88, 0x06, 0x15, 0x11, 0x67, 0x16, 
	0x61, 0x66, 0xbc, 0x11, 0x11, 0xb1, 0x88, 0x88, 
	0x01, 0x09, 0xdd, 0x03, 0x05, 0x88, 0x16, 0x11, 
	0x76, 0x66, 0x16, 0x66, 0xbb, 0x70, 0xb7, 0x16, 
	0x06, 0x88, 0x88, 0xa1, 0x10, 0x16, 0x76, 0x11, 
	0x11, 0x16, 0x77, 0x66, 0x66, 0x17, 0x88, 0xaa, 
	0x06, 0x39, 0x90, 0x09, 0x05, 0x88, 0x8c, 0x01, 
	0x00, 0x11, 0x66, 0x55, 0x1a, 0xc1, 0x16, 0x77, 
	0x77, 0x77, 0x77, 0xaa, 0x01, 0x61, 0x11, 0xc1, 
	0x66, 0x61, 0x11, 0x11, 0x70, 0x88, 0x88, 0x8a, 
	0x26, 0x39, 0x33, 0x09, 0x65, 0x88, 0x88, 0x10, 
	0x16, 0x55, 0x11, 0x03, 0xa5, 0x55, 0x71, 0x07, 
	0x88, 0x88, 0xaa, 0xaa, 0x80, 0x01, 0x16, 0x66, 
	0x60, 0x11, 0xc1, 0x11, 0x17, 0x88, 0x88, 0x8a, 
	0x00, 0x66, 0x60, 0x09, 0x37, 0x88, 0x88, 0xa0, 
	0x06, 0x00, 0x11, 0x51, 0x65, 0x99, 0x76, 0x77, 
	0x77, 0x7a, 0x77, 0x78, 0xa7, 0x00, 0x61, 0x11, 
	0x00, 0x16, 0x68, 0x6c, 0x88, 0x88, 0x88, 0xaa, 
	0x11, 0x36, 0x69, 0x03, 0x38, 0x88, 0x88, 0xaa, 
	0x01, 0x16, 0x66, 0x11, 0x11, 0x10, 0x17, 0x77, 
	0xaa, 0xa8, 0x75, 0x78, 0xaa, 0x71, 0x11, 0x16, 
	0x66, 0x55, 0x60, 0xc7, 0x88, 0xaa, 0x88, 0xa5, 
	0x12, 0x06, 0x39, 0x19, 0x55, 0x88, 0xa8, 0x8a, 
	0x81, 0x16, 0x00, 0x00, 0x15, 0x77, 0x88, 0x88, 
	0x88, 0x8a, 0x88, 0x88, 0x85, 0x77, 0x06, 0x66, 
	0x66, 0x17, 0x71, 0x88, 0x88, 0xa8, 0xa8, 0xa7, 
	0x00, 0x11, 0x39, 0x19, 0x3a, 0x88, 0xa7, 0x8a, 
	0x77, 0x20, 0x66, 0x66, 0x60, 0x18, 0x77, 0x77, 
	0x77, 0x77, 0xa5, 0x77, 0x77, 0x55, 0x10, 0x06, 
	0x06, 0x71, 0x77, 0x77, 0xa8, 0xa7, 0x55, 0x77, 
	0x00, 0x39, 0x39, 0x09, 0x57, 0x88, 0x88, 0x85, 
	0xaa, 0xa0, 0x06, 0x38, 0x87, 0x77, 0xa8, 0x88, 
	0x88, 0x8a, 0x5a, 0xaa, 0x77, 0x9a, 0x66, 0x26, 
	0x68, 0xb7, 0x78, 0x88, 0x88, 0x87, 0xaa, 0x77, 
	0x20, 0x05, 0x35, 0x99, 0x17, 0x88, 0x88, 0x85, 
	0xaa, 0xaa, 0x61, 0x86, 0x77, 0x78, 0x75, 0x77, 
	0xaa, 0xa5, 0x55, 0x77, 0x78, 0x55, 0x6a, 0x76, 
	0x11, 0xb7, 0x7b, 0xb7, 0x77, 0x77, 0x7b, 0x65, 
	0x21, 0x05, 0x95, 0x66, 0x37, 0x88, 0x88, 0x88, 
	0x8a, 0x77, 0x66, 0x17, 0x75, 0xa5, 0x77, 0x77, 
	0x7a, 0x88, 0x55, 0x76, 0x77, 0x5a, 0xa5, 0xa6, 
	0x16, 0x87, 0x77, 0x77, 0x76, 0x66, 0xb6, 0x55, 
	0x01, 0x36, 0x35, 0x97, 0x35, 0x88, 0xa8, 0x78, 
	0xa7, 0x78, 0xa7, 0x68, 0x88, 0x88, 0x88, 0xaa, 
	0xa5, 0x9d, 0x59, 0x88, 0x56, 0xa5, 0x95, 0x65, 
	0x86, 0x77, 0x77, 0x77, 0x77, 0x77, 0x7b, 0xc6, 
	0x01, 0x3a, 0x99, 0x35, 0x25, 0x88, 0x75, 0x75, 
	0x55, 0xa7, 0x5a, 0x77, 0xa7, 0x5a, 0x76, 0x55, 
	0x59, 0x59, 0x99, 0x59, 0xa8, 0x99, 0x55, 0x99, 
	0x76, 0x7a, 0xa7, 0x65, 0x66, 0xbb, 0xb7, 0xb8, 
	0x16, 0x3a, 0x35, 0x09, 0x05, 0x88, 0x77, 0x7a, 
	0xaa, 0x77, 0xaa, 0x56, 0x75, 0x6a, 0x57, 0xa5, 
	0x99, 0x55, 0x95, 0xaa, 0x8a, 0x55, 0x93, 0x5a, 
	0xaa, 0xaa, 0x7a, 0x56, 0x65, 0x77, 0x88, 0x88, 
	0x06, 0x3a, 0x33, 0x35, 0x55, 0x88, 0x88, 0x75, 
	0x55, 0x55, 0x5a, 0xa5, 0x59, 0x9a, 0xaa, 0x59, 
	0x55, 0x5a, 0xa8, 0x89, 0x95, 0x55, 0x65, 0x95, 
	0x5a, 0xa5, 0x99, 0x9a, 0x66, 0x56, 0x66, 0x99, 
	0x33, 0x99, 0x99, 0x59, 0x65, 0xa8, 0x88, 0x87, 
	0xa5, 0xaa, 0xa5, 0x55, 0x99, 0x95, 0x89, 0x39, 
	0xaa, 0x59, 0x55, 0x95, 0xa5, 0x59, 0xaa, 0xa5, 
	0x9a, 0xa5, 0x35, 0xa9, 0x63, 0x56, 0x63, 0x55, 
	0x06, 0x99, 0x55, 0xdd, 0x59, 0x95, 0x78, 0xa8, 
	0xa9, 0x55, 0x55, 0x99, 0x39, 0xd9, 0x9a, 0x9a, 
	0x5a, 0x89, 0xa9, 0x55, 0x55, 0x5a, 0xaa, 0x55, 
	0x5a, 0x55, 0x5a, 0xa9, 0x53, 0xa9, 0x93, 0x55, 
	0x06, 0x90, 0x22, 0xdd, 0x59, 0x5a, 0x77, 0x7a, 
	0xa5, 0x55, 0x95, 0xa9, 0x33, 0xd5, 0xa5, 0x55, 
	0x5a, 0x99, 0x9a, 0x39, 0x5d, 0x59, 0x55, 0xa5, 
	0x5a, 0x55, 0x95, 0xaa, 0x99, 0x95, 0x99, 0xaa, 
	0x05, 0x95, 0xae, 0x9e, 0x99, 0xa7, 0x7a, 0x77, 
	0x77, 0x75, 0x75, 0x59, 0x9d, 0x99, 0xe5, 0x95, 
	0x99, 0x99, 0x59, 0x59, 0x99, 0xa5, 0xa9, 0x55, 
	0xa5, 0x55, 0xaa, 0x33, 0x99, 0x53, 0xd9, 0xaa, 
	0x35, 0xe9, 0xa5, 0x99, 0xe9, 0x55, 0x75, 0x55, 
	0x75, 0x55, 0xdd, 0xd5, 0xd5, 0x99, 0x5a, 0xa5, 
	0x9e, 0xed, 0xd5, 0xdd, 0x93, 0xa5, 0x59, 0x55, 
	0x99, 0x95, 0x9d, 0x35, 0x59, 0x9e, 0x99, 0x90, 
	0x33, 0x9a, 0x9d, 0xad, 0xa9, 0x59, 0x55, 0x9d, 
	0xee, 0xee, 0xe3, 0x77, 0x99, 0x59, 0x99, 0xdd, 
	0xed, 0xad, 0xed, 0x5d, 0x5a, 0x5a, 0x55, 0x95, 
	0x66, 0x59, 0x55, 0xaa, 0x99, 0xee, 0x9e, 0x93, 
	0x35, 0xa9, 0xdd, 0x5d, 0xdd, 0x59, 0x99, 0x9d, 
	0xee, 0x66, 0x35, 0x77, 0x59, 0xde, 0xd9, 0x9e, 
	0x9d, 0x99, 0x5d, 0xdd, 0x99, 0xa3, 0x99, 0x5a, 
	0x53, 0x59, 0x5a, 0xae, 0x99, 0x99, 0x9a, 0xa9, 
	0x99, 0xdd, 0x9e, 0x95, 0xea, 0x99, 0x55, 0x55, 
	0x67, 0x76, 0x33, 0x78, 0x73, 0xe3, 0xed, 0x69, 
	0xde, 0xd9, 0x78, 0xe5, 0x59, 0x9e, 0x99, 0x95, 
	0x33, 0x39, 0x65, 0xad, 0xed, 0x95, 0xa5, 0x59, 
	0x99, 0xdd, 0xd9, 0xe9, 0xaa, 0x99, 0x5e, 0x50, 
	0x66, 0x77, 0x88, 0x1b, 0x37, 0x36, 0xee, 0x69, 
	0x5e, 0xd9, 0x9d, 0xf3, 0x99, 0xe9, 0x9e, 0x93, 
	0xe3, 0x63, 0x5a, 0xad, 0xad, 0xdd, 0xa5, 0x5a, 
	0x39, 0x99, 0x9d, 0xaa, 0xdd, 0xa5, 0x9d, 0x36, 
	0x67, 0x88, 0xf1, 0xf3, 0x37, 0x95, 0xde, 0x99, 
	0xee, 0x39, 0x3e, 0x23, 0xdd, 0x37, 0x9e, 0xef, 
	0xfe, 0xf3, 0x95, 0xf9, 0xa5, 0x85, 0xa5, 0x55, 
	0x33, 0x9d, 0x9d, 0xad, 0xe5, 0xad, 0xdd, 0x77, 
	0x73, 0x3e, 0x01, 0x63, 0x77, 0x55, 0x9e, 0xed, 
	0xed, 0x9e, 0xe3, 0x09, 0x66, 0xe3, 0xee, 0x3f, 
	0x3e, 0x36, 0x9e, 0xea, 0xa9, 0x88, 0x8a, 0x55, 
	0xdd, 0x9a, 0xd9, 0x9a, 0x58, 0x59, 0xae, 0x11, 
	0x93, 0xe3, 0x33, 0x36, 0x36, 0x66, 0x7e, 0xf3, 
	0x39, 0x33, 0x9e, 0xee, 0x35, 0x39, 0x3e, 0xef, 
	0xff, 0xe5, 0xfe, 0xe6, 0x63, 0x99, 0x88, 0xaa, 
	0x9d, 0x9a, 0x5a, 0x8a, 0x9d, 0xd5, 0x33, 0x21, 
	0x9e, 0x33, 0x00, 0xee, 0x63, 0x36, 0x3e, 0x39, 
	0x33, 0x33, 0x3e, 0xee, 0x33, 0x39, 0x3f, 0xff, 
	0xff, 0x99, 0xf3, 0x6e, 0xe3, 0x88, 0x80, 0x05, 
	0x55, 0xa9, 0xdd, 0x99, 0x5d, 0x9d, 0x5e, 0x02, 
	0xe3, 0x30, 0x33, 0x99, 0x63, 0x93, 0xef, 0xe6, 
	0xe3, 0xe3, 0xe3, 0xee, 0x93, 0x68, 0xf3, 0xee, 
	0xee, 0x7d, 0x7e, 0xe0, 0x88, 0x83, 0xe6, 0xd5, 
	0xde, 0xd9, 0x99, 0x5a, 0x55, 0xaa, 0x5e, 0x06, 
	0xe6, 0x33, 0x33, 0x63, 0x36, 0x95, 0xef, 0x3e, 
	0xff, 0xff, 0xff, 0xe9, 0x55, 0x36, 0x33, 0xee, 
	0xee, 0x77, 0xee, 0x60, 0x88, 0x83, 0x63, 0x9e, 
	0xdd, 0xdd, 0xdd, 0xda, 0xa9, 0x9d, 0x3e, 0xe3, 
	0x36, 0x63, 0x36, 0xe3, 0x33, 0x36, 0x3e, 0xdf, 
	0x33, 0xef, 0xfe, 0x76, 0x96, 0x37, 0xfe, 0xee, 
	0xff, 0xff, 0xf6, 0x6f, 0x78, 0xee, 0xde, 0xdd, 
	0xed, 0xed, 0xdd, 0xdd, 0xde, 0x99, 0x93, 0x03, 
	0x6e, 0x66, 0x76, 0x63, 0x33, 0x33, 0x3e, 0xde, 
	0xf6, 0xff, 0x9e, 0x73, 0x67, 0x7e, 0xe3, 0x93, 
	0xe5, 0x7e, 0xff, 0x66, 0x88, 0xed, 0x9d, 0xed, 
	0xde, 0xee, 0xdd, 0xd9, 0xdd, 0xdd, 0xde, 0xed, 
	0x53, 0x36, 0xf6, 0x96, 0x95, 0x55, 0x93, 0x59, 
	0x33, 0x33, 0x3f, 0x93, 0x66, 0x7d, 0xd6, 0x9d, 
	0xd7, 0xde, 0x77, 0x79, 0xdd, 0xd7, 0xee, 0xed, 
	0xdd, 0xdd, 0xde, 0xdd, 0xde, 0xde, 0xee, 0xee, 
	0x9e, 0x3e, 0x03, 0x39, 0x95, 0x95, 0x99, 0x99, 
	0x55, 0x99, 0x66, 0x53, 0x66, 0xd9, 0x76, 0xdd, 
	0x97, 0x79, 0x9e, 0xee, 0xe5, 0xd7, 0xee, 0xdd, 
	
};

ALIGNED8 u8 ow_ph_pum128_12_pal_rgba16[] = {
	0x9c, 0x17, 0x73, 0x13, 0xd5, 0xe3, 0x7b, 0x0d, 
	0xc5, 0xed, 0x41, 0x45, 0x52, 0x0b, 0x39, 0x47, 
	0x00, 0x01, 0x62, 0x09, 0x30, 0x81, 0x52, 0x4f, 
	0x94, 0x1d, 0x8a, 0xc9, 0xac, 0x0f, 0xdd, 0xd7, 
	
};

ALIGNED8 u8 ow_ph_miu64_mo008_ci4[] = {
	0x01, 0x23, 0x43, 0x55, 0x54, 0x22, 0x60, 0x07, 
	0x77, 0x88, 0x88, 0x99, 0x99, 0xaa, 0xbb, 0xac, 
	0xdc, 0xdd, 0xdd, 0xdd, 0xdd, 0xdd, 0xed, 0xee, 
	0xee, 0x88, 0x88, 0x99, 0x88, 0x88, 0x9a, 0xbb, 
	0x01, 0x23, 0x33, 0x35, 0x34, 0x22, 0x60, 0x07, 
	0x97, 0x88, 0x88, 0x99, 0x9a, 0xab, 0xbb, 0xb7, 
	0xcc, 0xdd, 0xdd, 0xdd, 0xdd, 0xdd, 0xdd, 0xee, 
	0xee, 0xe8, 0x88, 0x88, 0x88, 0x88, 0x8a, 0xab, 
	0x01, 0x23, 0x34, 0x35, 0x53, 0x42, 0x60, 0x67, 
	0x77, 0x77, 0x89, 0x9a, 0xbb, 0xbb, 0xbb, 0xaa, 
	0x7c, 0xcd, 0xdd, 0xdd, 0xdd, 0xdd, 0xdd, 0xde, 
	0xee, 0xe8, 0x88, 0x88, 0x88, 0x88, 0x89, 0xab, 
	0x01, 0x23, 0x44, 0x35, 0x54, 0x22, 0x60, 0x67, 
	0x88, 0x87, 0x89, 0xaa, 0xbb, 0xbb, 0xbb, 0xaa, 
	0x7d, 0xdd, 0xdd, 0xdd, 0xdd, 0xdd, 0xdd, 0xde, 
	0xee, 0xee, 0x88, 0x88, 0x88, 0x88, 0x88, 0xab, 
	0x01, 0x23, 0x33, 0x35, 0x34, 0x22, 0x60, 0x27, 
	0x77, 0x77, 0x89, 0x9a, 0xab, 0xff, 0xba, 0x8a, 
	0xbc, 0xcd, 0xdd, 0xdd, 0xdd, 0xdd, 0xdd, 0xdd, 
	0xee, 0xee, 0x88, 0x88, 0x88, 0x89, 0x99, 0x9b, 
	0x01, 0x23, 0x43, 0x35, 0x34, 0x44, 0x20, 0x07, 
	0x77, 0x77, 0x99, 0x9a, 0xab, 0xff, 0xb9, 0x89, 
	0xb9, 0xcc, 0xed, 0xdd, 0xdd, 0xdd, 0xdd, 0xdd, 
	0xee, 0xee, 0x88, 0x88, 0x88, 0x88, 0x99, 0x9b, 
	0x02, 0x23, 0x33, 0x35, 0x34, 0x44, 0x22, 0x07, 
	0x77, 0x77, 0x99, 0x9a, 0xaf, 0xff, 0x98, 0x89, 
	0xbb, 0xcc, 0xdd, 0xdd, 0xdd, 0xdd, 0xdd, 0xdd, 
	0xee, 0xee, 0x8e, 0x88, 0x88, 0x88, 0x99, 0x99, 
	0x01, 0x23, 0x33, 0x55, 0x34, 0x22, 0x60, 0x27, 
	0x77, 0x79, 0x9a, 0xaa, 0xbf, 0xff, 0x88, 0x89, 
	0xbb, 0x9c, 0xed, 0xdd, 0xdd, 0xdd, 0xdd, 0xdd, 
	0xee, 0xee, 0xe8, 0x88, 0x88, 0x88, 0x99, 0x99, 
	0x02, 0x43, 0x33, 0x55, 0x54, 0x22, 0x60, 0x17, 
	0x77, 0x7a, 0xaa, 0xaa, 0xff, 0xfa, 0x88, 0x89, 
	0x9a, 0xa8, 0x7e, 0xee, 0xdd, 0xdd, 0xdd, 0xdd, 
	0xee, 0xee, 0xee, 0xee, 0x88, 0x88, 0x79, 0x99, 
	0x02, 0x33, 0x33, 0x55, 0x54, 0x22, 0x61, 0x17, 
	0x77, 0x9a, 0xaa, 0xaa, 0xff, 0xb9, 0x88, 0x89, 
	0x9a, 0xa9, 0x7e, 0xee, 0xdd, 0xdd, 0xdd, 0xdd, 
	0xed, 0xde, 0xee, 0xee, 0x88, 0x88, 0x99, 0x99, 
	0x02, 0x33, 0x33, 0x55, 0x54, 0x42, 0x61, 0x17, 
	0x77, 0x9a, 0xaa, 0xaa, 0xff, 0xa9, 0x88, 0x88, 
	0x99, 0xaa, 0xae, 0xee, 0xdd, 0xdd, 0xdd, 0xdd, 
	0xdd, 0xde, 0xee, 0xee, 0x88, 0x88, 0x79, 0x99, 
	0x02, 0x33, 0x33, 0x55, 0x54, 0x22, 0x61, 0x17, 
	0x77, 0xaa, 0xaa, 0xab, 0xba, 0x99, 0x88, 0x88, 
	0x99, 0xaa, 0xb7, 0xee, 0xdd, 0xdd, 0xdd, 0xdd, 
	0xde, 0xee, 0xee, 0xee, 0x88, 0x8d, 0xca, 0x99, 
	0x01, 0x44, 0x34, 0x55, 0x53, 0x22, 0x60, 0x17, 
	0x79, 0x99, 0xaa, 0xab, 0xba, 0x88, 0x88, 0x88, 
	0x88, 0xaa, 0xba, 0x7c, 0xdd, 0xde, 0xdd, 0xdd, 
	0xdd, 0xee, 0xee, 0xee, 0xee, 0x88, 0x88, 0x99, 
	0x01, 0x44, 0x43, 0x55, 0x53, 0x42, 0x60, 0x17, 
	0x79, 0x99, 0xaa, 0xbb, 0xb9, 0x88, 0x88, 0x8e, 
	0x88, 0xaa, 0xbb, 0x7c, 0xed, 0xdd, 0xdd, 0xdd, 
	0xdd, 0xee, 0xee, 0xee, 0xee, 0xe8, 0x98, 0x99, 
	0x02, 0x44, 0x33, 0x35, 0x34, 0x42, 0x11, 0x07, 
	0x99, 0x99, 0xaa, 0xbb, 0xa9, 0x88, 0x88, 0x8e, 
	0xe8, 0x9a, 0xbb, 0xa7, 0xee, 0xdd, 0xdd, 0xdd, 
	0xdd, 0xde, 0xee, 0xee, 0xee, 0xee, 0x88, 0x99, 
	0x01, 0x42, 0x53, 0x33, 0x34, 0x22, 0x60, 0x07, 
	0x99, 0x9a, 0xaa, 0xbb, 0xa9, 0x88, 0xee, 0x8e, 
	0xe8, 0x9a, 0xab, 0xaa, 0xce, 0xdd, 0xdd, 0xdd, 
	0xdd, 0xde, 0xee, 0xee, 0xee, 0xee, 0x88, 0x99, 
	0x01, 0x34, 0x34, 0x43, 0x34, 0x22, 0x60, 0x1a, 
	0x99, 0xaa, 0xaa, 0xaa, 0x98, 0x88, 0xee, 0x88, 
	0xe8, 0x89, 0xab, 0xbb, 0xad, 0xdd, 0xdd, 0xdd, 
	0xdd, 0xde, 0xee, 0xee, 0xee, 0xee, 0x88, 0x89, 
	0x00, 0x33, 0x34, 0x44, 0x34, 0x42, 0x60, 0x6a, 
	0x9a, 0xaa, 0xaa, 0xa9, 0x88, 0x88, 0x88, 0xe8, 
	0x88, 0x88, 0xab, 0xbb, 0xf7, 0xdd, 0xdd, 0xdd, 
	0xdd, 0xee, 0xee, 0xee, 0xee, 0xee, 0xe8, 0x99, 
	0x01, 0x33, 0x34, 0x44, 0x34, 0x42, 0x60, 0x1a, 
	0xaa, 0xaa, 0xaa, 0xa7, 0x88, 0x88, 0x88, 0xee, 
	0x88, 0x88, 0x9a, 0xaa, 0xff, 0x7d, 0xdd, 0xdd, 
	0xdd, 0xee, 0xee, 0xee, 0xee, 0xee, 0xe8, 0x89, 
	0x01, 0x33, 0x33, 0x43, 0x33, 0x42, 0x10, 0x0a, 
	0xaa, 0xaa, 0xaa, 0xa7, 0x88, 0x88, 0x88, 0xe8, 
	0xe8, 0x88, 0x9a, 0x9a, 0xff, 0x7d, 0xdd, 0xdd, 
	0xdd, 0xdd, 0xdd, 0xee, 0xee, 0xee, 0xe8, 0x88, 
	0x00, 0x34, 0x33, 0x53, 0x44, 0x44, 0x60, 0x1a, 
	0xaa, 0xab, 0xbb, 0x98, 0x88, 0x88, 0x88, 0xe8, 
	0x88, 0x88, 0x99, 0x9a, 0x9b, 0xb8, 0xee, 0xee, 
	0xee, 0xee, 0xdd, 0xde, 0xee, 0xee, 0x88, 0x88, 
	0x02, 0x43, 0x35, 0x33, 0x44, 0x42, 0x60, 0x6a, 
	0xaa, 0xab, 0xbb, 0x98, 0x88, 0x88, 0x8e, 0x89, 
	0x88, 0x88, 0x99, 0x99, 0x99, 0xf9, 0xee, 0xee, 
	0xdd, 0xee, 0xee, 0xee, 0xee, 0xee, 0x88, 0x88, 
	0x02, 0x43, 0x33, 0x33, 0x42, 0x22, 0x61, 0x1a, 
	0xaa, 0xaa, 0xbb, 0x98, 0x88, 0x88, 0x88, 0xe8, 
	0x88, 0x88, 0x89, 0x99, 0xbb, 0xfb, 0x9e, 0xee, 
	0xdd, 0xee, 0xdd, 0xed, 0xee, 0xee, 0xe8, 0x88, 
	0x00, 0x44, 0x44, 0x34, 0x42, 0x22, 0x11, 0x0a, 
	0xaa, 0xaa, 0xa9, 0x88, 0x88, 0x88, 0x88, 0x88, 
	0x88, 0x88, 0x88, 0x99, 0x9b, 0xbf, 0xbe, 0xee, 
	0xee, 0xee, 0xdd, 0xdd, 0xee, 0xee, 0xee, 0xe8, 
	0x01, 0x22, 0x42, 0x44, 0x22, 0x12, 0x10, 0x0a, 
	0xaa, 0xba, 0xa9, 0x78, 0x88, 0x88, 0x88, 0x88, 
	0x88, 0x88, 0x88, 0x89, 0x9a, 0xaa, 0xf7, 0xcc, 
	0xed, 0xde, 0xdd, 0xdd, 0xee, 0xee, 0xee, 0xe8, 
	0x01, 0x22, 0x11, 0x22, 0x22, 0x21, 0x11, 0x0a, 
	0xaa, 0xbb, 0xa7, 0x88, 0x88, 0x88, 0x88, 0x89, 
	0x88, 0x88, 0x88, 0x89, 0xaa, 0x9a, 0xff, 0xcc, 
	0xdd, 0xdd, 0xdd, 0xdd, 0xee, 0xee, 0xee, 0x88, 
	0x00, 0x12, 0x21, 0x11, 0x22, 0x21, 0x00, 0x1a, 
	0xbb, 0xba, 0x78, 0x88, 0x88, 0x88, 0x88, 0x89, 
	0x88, 0x8e, 0x88, 0x88, 0x9a, 0x9a, 0xff, 0x7c, 
	0xdd, 0xdd, 0xdd, 0xdd, 0xdd, 0xde, 0xee, 0x88, 
	0x00, 0x01, 0x11, 0x11, 0x12, 0x11, 0x11, 0x1a, 
	0xbb, 0xba, 0x78, 0x87, 0x88, 0x88, 0x98, 0x88, 
	0x88, 0xee, 0xe8, 0x88, 0x99, 0xaa, 0xaf, 0xac, 
	0xdd, 0xdd, 0xdd, 0xdd, 0xdd, 0xed, 0xee, 0x88, 
	0x00, 0x00, 0x01, 0x00, 0x11, 0x11, 0x61, 0x1a, 
	0xab, 0xb9, 0x88, 0x88, 0x87, 0x88, 0x88, 0x88, 
	0x88, 0x88, 0xde, 0xe8, 0x89, 0xaa, 0xab, 0xb7, 
	0xdd, 0xdd, 0xdd, 0xdd, 0xdd, 0xee, 0xee, 0x88, 
	0x00, 0x00, 0x00, 0x00, 0x11, 0x10, 0x11, 0x1a, 
	0xab, 0xb9, 0x78, 0x88, 0x87, 0x77, 0x88, 0x88, 
	0x88, 0x88, 0xee, 0xe8, 0x99, 0x99, 0xab, 0xba, 
	0xdd, 0xdd, 0xdd, 0xdd, 0xdd, 0xdd, 0xee, 0x8e, 
	0x00, 0x00, 0x00, 0x00, 0x01, 0x00, 0x11, 0x1a, 
	0xab, 0x99, 0x88, 0x78, 0x88, 0x77, 0x88, 0x88, 
	0x88, 0x88, 0xee, 0xe8, 0x99, 0x9a, 0xaa, 0xab, 
	0xcd, 0xdd, 0xdd, 0xdd, 0xdd, 0xde, 0xe8, 0xe8, 
	0x10, 0x00, 0x00, 0x00, 0x00, 0x00, 0x16, 0x6a, 
	0xba, 0x99, 0x88, 0x88, 0x88, 0x88, 0x88, 0x88, 
	0x88, 0x88, 0xee, 0xe8, 0x99, 0x9a, 0xaa, 0xab, 
	0xad, 0xdd, 0xdd, 0xdd, 0xdd, 0xdd, 0xee, 0xee, 
	0x11, 0x11, 0x11, 0x11, 0x00, 0x01, 0x16, 0xfb, 
	0xba, 0x77, 0x77, 0x88, 0x77, 0x99, 0x88, 0x88, 
	0x88, 0x8e, 0x87, 0x88, 0x89, 0x99, 0xaa, 0xab, 
	0x67, 0xdd, 0xdd, 0xdd, 0xed, 0xde, 0xee, 0xee, 
	0x11, 0x11, 0x11, 0x11, 0x11, 0x11, 0x16, 0xfb, 
	0xb9, 0x77, 0x77, 0x77, 0x77, 0x77, 0x77, 0x88, 
	0x88, 0x88, 0x88, 0x77, 0x89, 0x99, 0xaa, 0xab, 
	0x6a, 0xdd, 0xdd, 0xdd, 0xde, 0xee, 0xee, 0xee, 
	0x11, 0x11, 0x11, 0x11, 0x11, 0x11, 0x11, 0x6f, 
	0x97, 0x77, 0x77, 0x77, 0x79, 0x97, 0x77, 0x88, 
	0x88, 0x88, 0x77, 0x78, 0x98, 0x99, 0xaa, 0xab, 
	0xa6, 0x7d, 0xdd, 0xdd, 0xee, 0xde, 0xee, 0xe8, 
	0xa7, 0x77, 0xee, 0xea, 0xbb, 0xb6, 0xff, 0x6f, 
	0x77, 0x77, 0x77, 0x77, 0x77, 0x77, 0x87, 0x77, 
	0x88, 0x88, 0x88, 0x87, 0x89, 0x99, 0xaa, 0xba, 
	0xa6, 0xad, 0xdd, 0xdd, 0xdd, 0xde, 0xee, 0xee, 
	0xa8, 0xee, 0xee, 0x7b, 0xab, 0xbb, 0xff, 0xf9, 
	0x88, 0x77, 0x7c, 0x87, 0x77, 0x77, 0x78, 0x88, 
	0x8e, 0x8e, 0x88, 0x78, 0x79, 0x99, 0xaa, 0xaa, 
	0x9f, 0xb7, 0xdd, 0xdd, 0xdd, 0xdd, 0xde, 0xee, 
	0xa8, 0x8e, 0xee, 0xab, 0xbb, 0xbb, 0xff, 0xb9, 
	0x87, 0x77, 0x78, 0x87, 0x77, 0x97, 0x88, 0xee, 
	0x8e, 0x8e, 0x88, 0xc8, 0x77, 0x99, 0x9a, 0xaa, 
	0x9b, 0xf9, 0xdd, 0xdd, 0xdd, 0xdd, 0xee, 0xe8, 
	0xa8, 0x8e, 0xe7, 0xbb, 0xbb, 0xbb, 0xff, 0x99, 
	0x87, 0x77, 0xcc, 0x77, 0x79, 0x77, 0xee, 0x78, 
	0xee, 0x8e, 0xee, 0xcc, 0x87, 0x99, 0x99, 0xaa, 
	0xbb, 0xb9, 0x7d, 0xdd, 0xdd, 0xdd, 0xee, 0xee, 
	0xa8, 0x8e, 0xea, 0xbb, 0xbb, 0xbf, 0xf9, 0x99, 
	0x77, 0x77, 0xc8, 0x78, 0x77, 0x77, 0x78, 0x97, 
	0xee, 0xee, 0xec, 0xec, 0x87, 0x79, 0x99, 0x9a, 
	0x9b, 0xbb, 0x9d, 0xdd, 0xdd, 0xdd, 0xee, 0xe8, 
	0x98, 0xee, 0x8b, 0xbb, 0xab, 0xbf, 0xb9, 0x88, 
	0x87, 0x87, 0x7c, 0x77, 0x88, 0x88, 0x99, 0x97, 
	0x8e, 0x8e, 0xe8, 0x88, 0x88, 0x88, 0x99, 0x9a, 
	0xab, 0xab, 0xae, 0xee, 0xdd, 0xde, 0xee, 0xee, 
	0x98, 0xee, 0x9a, 0xbb, 0xab, 0xbb, 0xa8, 0x88, 
	0x77, 0x87, 0xc7, 0x78, 0x98, 0x88, 0x77, 0x78, 
	0x88, 0x88, 0x88, 0x88, 0x87, 0x89, 0x99, 0x99, 
	0xaa, 0xaa, 0xf9, 0xee, 0xdd, 0xde, 0xee, 0xee, 
	0x88, 0xee, 0xaa, 0xab, 0xab, 0xfa, 0x98, 0x88, 
	0x78, 0xc8, 0xc7, 0x77, 0x88, 0x89, 0x78, 0x77, 
	0x88, 0x88, 0x88, 0x88, 0x89, 0x77, 0x99, 0x99, 
	0xaa, 0xaa, 0xfa, 0xee, 0xdd, 0xde, 0xde, 0xee, 
	0x88, 0xe8, 0xaa, 0xab, 0xaa, 0xba, 0x88, 0x88, 
	0x78, 0xc8, 0xc7, 0x77, 0x88, 0x89, 0x78, 0x88, 
	0x88, 0x88, 0x88, 0x88, 0x78, 0x79, 0x99, 0x99, 
	0xaa, 0xaa, 0xaf, 0x9e, 0xde, 0xee, 0xee, 0xed, 
	0x8e, 0xe8, 0xaa, 0xaa, 0xbb, 0xa9, 0x7c, 0xcc, 
	0xcc, 0xcc, 0xc8, 0x77, 0x88, 0x88, 0x77, 0x77, 
	0x78, 0x87, 0x87, 0x78, 0x77, 0x88, 0x89, 0x99, 
	0x9a, 0xaa, 0xab, 0xa7, 0xee, 0xee, 0xee, 0xee, 
	0x8e, 0x89, 0xaa, 0xaa, 0xbb, 0xa9, 0xcc, 0x7c, 
	0xcc, 0xcc, 0xc7, 0x77, 0xe8, 0x88, 0x87, 0x77, 
	0x88, 0x97, 0x89, 0x78, 0x78, 0x88, 0x89, 0x99, 
	0x99, 0xaa, 0xab, 0xb7, 0xed, 0xed, 0xee, 0xde, 
	0x8e, 0x9a, 0xaa, 0xab, 0xbb, 0xa7, 0xc7, 0xcc, 
	0xcc, 0xcc, 0x7c, 0x77, 0xe8, 0x88, 0x87, 0x78, 
	0x77, 0x99, 0x99, 0x8e, 0x88, 0x78, 0x88, 0x99, 
	0x99, 0x9a, 0xaa, 0xbb, 0xee, 0xed, 0xee, 0xee, 
	0x88, 0x9a, 0xaa, 0xab, 0xbb, 0x97, 0xc7, 0x7c, 
	0xcc, 0xcc, 0x7c, 0x77, 0x88, 0x88, 0x87, 0x78, 
	0x88, 0x79, 0x78, 0xee, 0x87, 0x78, 0x88, 0x99, 
	0x99, 0x99, 0xaa, 0xaf, 0x7e, 0xed, 0xee, 0xee, 
	0x99, 0xaa, 0xaa, 0xab, 0xbb, 0x77, 0xc7, 0x7c, 
	0xcc, 0xcc, 0xe8, 0x88, 0x87, 0x77, 0x88, 0x88, 
	0x88, 0x77, 0x88, 0x88, 0x8e, 0xe8, 0x89, 0x99, 
	0x99, 0x99, 0xaa, 0xa6, 0xfe, 0xee, 0xee, 0xed, 
	0x99, 0xaa, 0xab, 0xab, 0xb9, 0x77, 0xc7, 0x77, 
	0xcc, 0xcc, 0xe8, 0x8e, 0x78, 0x88, 0x88, 0x88, 
	0x88, 0x77, 0x88, 0x88, 0x8e, 0x88, 0x89, 0x99, 
	0x99, 0x99, 0xaa, 0xab, 0xfa, 0xee, 0xde, 0xdd, 
	0x9a, 0xaa, 0xaa, 0xbf, 0x97, 0x77, 0xcc, 0x7c, 
	0xcc, 0xcc, 0xee, 0x88, 0x88, 0x88, 0x88, 0xcc, 
	0xe8, 0x97, 0x88, 0x88, 0x88, 0x99, 0x89, 0x99, 
	0x99, 0x99, 0xaa, 0xaa, 0xff, 0xee, 0xee, 0xde, 
	0xaa, 0xaa, 0xaa, 0xff, 0x97, 0x77, 0xcc, 0xcc, 
	0xcc, 0xcc, 0xe8, 0x88, 0x88, 0x88, 0x88, 0x88, 
	0x87, 0x97, 0x88, 0x88, 0x88, 0x89, 0x88, 0x89, 
	0x99, 0x99, 0xaa, 0xaa, 0xff, 0x9e, 0xdd, 0xdd, 
	0xaa, 0xaa, 0xbb, 0xfb, 0x7c, 0xcc, 0xee, 0xec, 
	0xcc, 0xcc, 0x88, 0x77, 0x77, 0x97, 0x88, 0x77, 
	0x77, 0x77, 0x77, 0x77, 0x88, 0xe8, 0x77, 0x79, 
	0x77, 0x99, 0x99, 0xaa, 0xb6, 0x99, 0xdd, 0xde, 
	0x9a, 0xaa, 0xbb, 0xb9, 0x7c, 0xec, 0xee, 0xcc, 
	0xcc, 0xcc, 0x87, 0x77, 0x79, 0x77, 0x77, 0x88, 
	0x77, 0x77, 0x77, 0x78, 0x88, 0xee, 0x77, 0x77, 
	0x79, 0x99, 0x99, 0x9a, 0xa6, 0xb9, 0xee, 0xed, 
	0xaa, 0xaa, 0xbb, 0xb8, 0x7e, 0xec, 0xec, 0xcc, 
	0xcc, 0xcc, 0x88, 0x87, 0x79, 0x77, 0x97, 0x87, 
	0x77, 0x99, 0xa9, 0x78, 0xee, 0xe8, 0x77, 0x77, 
	0x77, 0x79, 0x99, 0x99, 0xab, 0x6a, 0xee, 0xe7, 
	0xaa, 0xaa, 0xbb, 0x98, 0xce, 0xcc, 0xcc, 0xcc, 
	0xcc, 0xc8, 0x88, 0x88, 0x77, 0x77, 0x77, 0x88, 
	0x79, 0x99, 0xa9, 0x88, 0xee, 0xe8, 0x77, 0x77, 
	0x77, 0x99, 0x99, 0x9a, 0xab, 0x6b, 0x7d, 0xed, 
	0xaa, 0xbf, 0xb9, 0x8e, 0xcc, 0xcc, 0xcc, 0xcc, 
	0xc8, 0x8c, 0x88, 0x88, 0x88, 0x88, 0x88, 0x79, 
	0x88, 0x99, 0x98, 0x8e, 0xcc, 0x88, 0x88, 0x77, 
	0x99, 0x99, 0x99, 0x99, 0xaa, 0xff, 0x9e, 0xee, 
	0xaa, 0xff, 0xb8, 0xee, 0xcc, 0xcc, 0xcc, 0xcc, 
	0xc8, 0x88, 0x88, 0x88, 0x88, 0x88, 0x88, 0x77, 
	0x77, 0x99, 0x88, 0x88, 0xc8, 0x88, 0xe8, 0x77, 
	0x99, 0x79, 0x99, 0x99, 0x9a, 0xaf, 0xb9, 0xee, 
	0xab, 0xfb, 0x98, 0xee, 0xcc, 0xcc, 0xcc, 0xcc, 
	0xcc, 0xc8, 0x88, 0x88, 0x88, 0x88, 0x88, 0x88, 
	0x87, 0x78, 0x8e, 0xee, 0xc8, 0x88, 0x88, 0x77, 
	0x99, 0x79, 0x99, 0x99, 0x99, 0x9f, 0x69, 0xee, 
	0xbb, 0xba, 0x8e, 0xee, 0xcc, 0xcc, 0xcc, 0xcc, 
	0xc8, 0x88, 0x88, 0x88, 0x88, 0x88, 0x88, 0x88, 
	0x88, 0x78, 0x88, 0x8e, 0x88, 0x88, 0x88, 0x87, 
	0x77, 0x99, 0x99, 0x99, 0x99, 0xaa, 0x66, 0xee, 
	0xbb, 0xa9, 0x88, 0xce, 0xcc, 0xcc, 0xcc, 0xcc, 
	0x77, 0x77, 0x88, 0x88, 0xe8, 0xe8, 0x88, 0x88, 
	0x77, 0x97, 0x88, 0x88, 0x88, 0x88, 0x77, 0x77, 
	0x77, 0x97, 0x79, 0x99, 0x9a, 0xab, 0xf6, 0x9c, 
	0xba, 0x98, 0x8c, 0xce, 0xcc, 0xcc, 0x77, 0xc7, 
	0x77, 0x77, 0x88, 0x88, 0xe8, 0xe8, 0x88, 0x88, 
	0x77, 0x97, 0x88, 0x78, 0x88, 0x88, 0x97, 0x77, 
	0x77, 0x97, 0x79, 0x97, 0x9a, 0xba, 0xf6, 0xfc, 
	0xba, 0x88, 0x88, 0x8e, 0xcc, 0xcc, 0x77, 0x77, 
	0x77, 0x77, 0x88, 0x88, 0xee, 0x88, 0x88, 0x88, 
	0x77, 0x79, 0x78, 0x88, 0x88, 0x88, 0x79, 0x97, 
	0x77, 0x77, 0x77, 0x77, 0x9a, 0xba, 0xff, 0xf9, 
	0xb9, 0x88, 0x88, 0xce, 0xcc, 0xcc, 0xcc, 0x77, 
	0x77, 0x77, 0x88, 0x88, 0x89, 0x99, 0x88, 0x88, 
	0x79, 0x99, 0x77, 0x8e, 0x8e, 0x88, 0x79, 0x99, 
	0x77, 0x77, 0x77, 0x77, 0x99, 0xaa, 0xff, 0x69, 
	
};

ALIGNED8 u8 ow_ph_miu64_mo008_pal_rgba16[] = {
	0x30, 0x83, 0x49, 0x03, 0x72, 0x4d, 0xac, 0x5b, 
	0x93, 0x95, 0xcd, 0x63, 0x81, 0x83, 0xd3, 0x03, 
	0xda, 0xc1, 0xc2, 0x41, 0xaa, 0x01, 0x99, 0x81, 
	0xe3, 0x47, 0xfb, 0x81, 0xeb, 0x41, 0x89, 0x01, 
	
};

ALIGNED8 u8 ow_ph_miu64_mo007_ci4[] = {
	0x01, 0x11, 0x22, 0x32, 0x33, 0x33, 0x14, 0x44, 
	0x11, 0x51, 0x66, 0x66, 0x77, 0x77, 0x77, 0x75, 
	0x00, 0x00, 0x18, 0x88, 0x85, 0x11, 0x55, 0x99, 
	0xa0, 0xaa, 0x55, 0x55, 0x9b, 0xcc, 0xcc, 0xcd, 
	0x00, 0x11, 0x22, 0x23, 0x33, 0x33, 0x14, 0xaa, 
	0x55, 0x55, 0x96, 0x69, 0x77, 0x77, 0x77, 0x75, 
	0x60, 0x06, 0x51, 0x81, 0x16, 0x15, 0x55, 0x59, 
	0xaa, 0x00, 0x55, 0x59, 0xbb, 0xcc, 0xcc, 0xcd, 
	0xc0, 0x11, 0x22, 0x22, 0x33, 0x33, 0x14, 0xaa, 
	0x15, 0xa5, 0x66, 0x65, 0x75, 0x77, 0x77, 0x77, 
	0x56, 0x06, 0x58, 0x15, 0x55, 0x11, 0x55, 0x55, 
	0xa0, 0x9a, 0x59, 0x99, 0xcc, 0xbc, 0xcc, 0xce, 
	0xd1, 0x11, 0x22, 0x22, 0x33, 0x33, 0x12, 0x1a, 
	0x85, 0x51, 0x66, 0x66, 0x75, 0x77, 0x77, 0x55, 
	0x60, 0x66, 0x55, 0x56, 0x65, 0x15, 0x95, 0x59, 
	0x99, 0x0a, 0x59, 0x99, 0xbb, 0x9b, 0xcc, 0xce, 
	0xd8, 0x88, 0xa1, 0x22, 0x33, 0x33, 0x63, 0xaa, 
	0xa5, 0x55, 0x77, 0x77, 0x77, 0x77, 0x55, 0x77, 
	0x97, 0x77, 0x75, 0x00, 0x99, 0x99, 0x55, 0x55, 
	0x95, 0x55, 0x50, 0x00, 0xbb, 0xbc, 0xcd, 0xde, 
	0xd8, 0x88, 0x12, 0x22, 0xf3, 0x33, 0x3a, 0xa6, 
	0xa5, 0x55, 0x77, 0x77, 0x77, 0x77, 0x55, 0x77, 
	0x95, 0x55, 0x55, 0x00, 0x99, 0x99, 0x55, 0x44, 
	0x55, 0x55, 0x40, 0x00, 0x0b, 0xbc, 0xdd, 0xde, 
	0xeb, 0x88, 0x22, 0x22, 0x33, 0x33, 0xa6, 0x66, 
	0xaa, 0x55, 0x77, 0x77, 0x77, 0x75, 0x75, 0x55, 
	0x55, 0x95, 0x00, 0x00, 0x99, 0x59, 0x44, 0x44, 
	0x55, 0x55, 0x54, 0x04, 0x0b, 0xbc, 0xcc, 0xde, 
	0xeb, 0x88, 0x22, 0x22, 0xf3, 0x33, 0x36, 0x63, 
	0xba, 0x55, 0x77, 0x77, 0x77, 0x77, 0x77, 0x77, 
	0x95, 0x95, 0x50, 0x05, 0x99, 0x55, 0x54, 0x44, 
	0x55, 0x95, 0x54, 0x44, 0xbb, 0xcc, 0xcd, 0xce, 
	0xec, 0x55, 0x22, 0x22, 0x33, 0x11, 0x66, 0xa6, 
	0xa0, 0xaa, 0x55, 0x55, 0x77, 0x77, 0x55, 0x55, 
	0x44, 0x04, 0x40, 0x04, 0x77, 0x55, 0x0a, 0xaa, 
	0x4a, 0xb0, 0xa0, 0xaa, 0x00, 0xbc, 0xdc, 0xde, 
	0xec, 0x55, 0x27, 0x72, 0x33, 0x11, 0xa6, 0xa6, 
	0x55, 0x5a, 0x55, 0x55, 0x77, 0x77, 0x55, 0x55, 
	0x40, 0x4b, 0x04, 0x04, 0x55, 0x45, 0xab, 0xba, 
	0xa0, 0xbb, 0xa0, 0x00, 0x00, 0xbc, 0xcc, 0xde, 
	0xed, 0x55, 0x72, 0x22, 0x33, 0x33, 0x33, 0xa6, 
	0xaa, 0x55, 0x44, 0x55, 0x90, 0x99, 0x55, 0x55, 
	0x50, 0x00, 0x00, 0x48, 0x44, 0x55, 0xab, 0xb0, 
	0x00, 0x0a, 0x0a, 0x00, 0x40, 0xbc, 0xcd, 0xdd, 
	0xdc, 0x55, 0x72, 0x22, 0x33, 0xff, 0x33, 0xaa, 
	0xa5, 0xa1, 0x44, 0x55, 0x90, 0x09, 0x55, 0x55, 
	0x54, 0x4b, 0x04, 0x88, 0x45, 0x57, 0x0a, 0x00, 
	0xb0, 0xaa, 0x00, 0x00, 0x0b, 0xcc, 0xcc, 0xcd, 
	0xdd, 0x55, 0x77, 0x72, 0x33, 0xff, 0x3a, 0xaa, 
	0x04, 0xaa, 0xa0, 0xa0, 0x90, 0x00, 0x55, 0x5a, 
	0xaa, 0x09, 0x04, 0x88, 0x55, 0x55, 0x55, 0x55, 
	0x00, 0x00, 0x00, 0x0b, 0xbb, 0xbb, 0xdd, 0xdd, 
	0xed, 0x55, 0x77, 0x77, 0x33, 0xf3, 0xaa, 0xaa, 
	0x0a, 0xaa, 0x0a, 0xa0, 0x00, 0x40, 0x77, 0x5a, 
	0xaa, 0x00, 0x00, 0x44, 0x99, 0x95, 0x59, 0x55, 
	0x00, 0x40, 0x00, 0xbb, 0xbb, 0xbb, 0xdd, 0xdd, 
	0xed, 0x55, 0x77, 0x77, 0x3f, 0x33, 0xaa, 0xaa, 
	0xaa, 0xaa, 0xaa, 0xa0, 0x40, 0x44, 0xa5, 0xaa, 
	0xaa, 0xaa, 0x04, 0x84, 0x99, 0x99, 0x55, 0x55, 
	0x44, 0x40, 0x0b, 0x00, 0x0b, 0xcc, 0xdd, 0xdd, 
	0xed, 0x55, 0x77, 0x77, 0x3f, 0xf3, 0xaa, 0xaa, 
	0x44, 0xa0, 0x0a, 0xa4, 0x40, 0x40, 0xaa, 0xaa, 
	0xa0, 0x00, 0x04, 0x40, 0x55, 0x99, 0x95, 0x55, 
	0x00, 0x00, 0x0b, 0x00, 0x0b, 0xcd, 0xdd, 0xdd, 
	0xdb, 0x44, 0x11, 0x11, 0x33, 0x33, 0x11, 0x11, 
	0x14, 0x44, 0x0a, 0xaa, 0xa0, 0xaa, 0xaa, 0xaa, 
	0x90, 0xa0, 0xa4, 0x44, 0xaa, 0xa4, 0x99, 0x44, 
	0x50, 0x00, 0x00, 0x00, 0xbc, 0xcc, 0xdd, 0xdd, 
	0xeb, 0x44, 0x41, 0x14, 0x44, 0x44, 0x51, 0x15, 
	0x44, 0x44, 0xaa, 0xaa, 0xaa, 0xaa, 0xaa, 0xaa, 
	0x9a, 0xaa, 0xaa, 0xaa, 0xaa, 0x45, 0x90, 0x04, 
	0x50, 0x00, 0x00, 0x00, 0xcc, 0xcc, 0xee, 0xee, 
	0xed, 0x44, 0x55, 0x54, 0x44, 0x43, 0x11, 0x15, 
	0x44, 0x44, 0xa0, 0xaa, 0xa0, 0xaa, 0xaa, 0xaa, 
	0x0a, 0xaa, 0xa4, 0xaa, 0xaa, 0x55, 0x09, 0x90, 
	0x55, 0x00, 0x00, 0x00, 0xcb, 0xcc, 0xee, 0xed, 
	0xeb, 0x44, 0x11, 0x11, 0x33, 0x33, 0x11, 0x15, 
	0x44, 0x44, 0x0a, 0x3a, 0xa0, 0xa0, 0xaa, 0xaa, 
	0xaa, 0xaa, 0xaa, 0xa4, 0xaa, 0x55, 0x40, 0x99, 
	0x00, 0xbb, 0x00, 0x00, 0xbb, 0xcd, 0xee, 0xed, 
	0xeb, 0x55, 0x11, 0x31, 0xa3, 0x3a, 0xaa, 0xaa, 
	0x44, 0x44, 0xaa, 0xaa, 0x64, 0x46, 0xa3, 0xaa, 
	0x14, 0x41, 0x40, 0x11, 0x84, 0x00, 0x00, 0x00, 
	0xbb, 0xbb, 0x00, 0x0b, 0xbc, 0xcd, 0xdd, 0xee, 
	0xed, 0x55, 0x51, 0x31, 0xaf, 0xfa, 0xaa, 0xaa, 
	0xaa, 0xaa, 0xaa, 0x11, 0x66, 0x64, 0x33, 0x3a, 
	0x40, 0x04, 0x00, 0x40, 0x04, 0x40, 0x09, 0x00, 
	0xbb, 0xbb, 0xb0, 0xb0, 0xbc, 0xdd, 0xdd, 0xee, 
	0xed, 0x55, 0x53, 0x33, 0xa3, 0xaf, 0xaa, 0xaa, 
	0x44, 0x4a, 0xa1, 0x1a, 0x66, 0x64, 0xaa, 0xaa, 
	0x00, 0x00, 0x04, 0x40, 0x00, 0x00, 0x09, 0x00, 
	0xbb, 0xbb, 0xbc, 0xb0, 0xcc, 0xcd, 0xde, 0xed, 
	0xeb, 0x55, 0x11, 0x33, 0x36, 0x36, 0xaa, 0xaa, 
	0x44, 0x44, 0xaa, 0x1a, 0x66, 0x64, 0xaa, 0xa0, 
	0x00, 0x40, 0x44, 0x00, 0x00, 0x00, 0x09, 0x90, 
	0xbb, 0x0b, 0x00, 0xbc, 0xcc, 0xdd, 0xde, 0xee, 
	0xe5, 0x55, 0x22, 0x22, 0x3f, 0x33, 0xaa, 0xaa, 
	0x44, 0xaa, 0x41, 0x14, 0x45, 0x55, 0xaa, 0xa9, 
	0x95, 0x59, 0x59, 0x99, 0x94, 0x99, 0x0b, 0xb0, 
	0xb5, 0x59, 0x9b, 0xcc, 0xcc, 0xdd, 0xde, 0xee, 
	0xe9, 0x55, 0x12, 0x22, 0x3f, 0x33, 0x3a, 0xaa, 
	0x4a, 0xaa, 0x18, 0x14, 0x55, 0x55, 0xa0, 0x0a, 
	0x95, 0x00, 0x95, 0x99, 0x99, 0x99, 0x99, 0x00, 
	0x59, 0x59, 0xbc, 0xcc, 0xcc, 0xcd, 0xee, 0xee, 
	0xe9, 0x55, 0x12, 0x23, 0x33, 0xf3, 0xaa, 0x3a, 
	0xa3, 0x3a, 0x48, 0x14, 0x55, 0x55, 0xaa, 0xaa, 
	0x09, 0x05, 0x99, 0x59, 0x99, 0x99, 0x99, 0x99, 
	0x5b, 0x9c, 0xbb, 0xcc, 0xdc, 0xcd, 0xee, 0xee, 
	0xd9, 0x55, 0x11, 0x22, 0x33, 0x33, 0xaa, 0xaa, 
	0x4a, 0xa4, 0x44, 0x44, 0x55, 0x55, 0xaa, 0xaa, 
	0x05, 0x05, 0x99, 0x59, 0x94, 0x44, 0x59, 0x59, 
	0x9b, 0x5c, 0xcc, 0xbc, 0xcc, 0xdd, 0xde, 0xee, 
	0xdb, 0x55, 0x12, 0x22, 0xf3, 0x33, 0xaa, 0xaa, 
	0x5a, 0xa5, 0x55, 0x55, 0x55, 0x55, 0x55, 0x55, 
	0x59, 0x99, 0x55, 0x55, 0x95, 0x55, 0x55, 0x55, 
	0x0b, 0x4b, 0xcb, 0x0b, 0xbc, 0xcd, 0xdd, 0xee, 
	0xc5, 0x55, 0x21, 0x22, 0xff, 0x33, 0x6a, 0xaa, 
	0x77, 0x55, 0x55, 0x55, 0x55, 0x55, 0x55, 0x55, 
	0x59, 0x95, 0x55, 0x54, 0x59, 0x55, 0x55, 0x54, 
	0x0c, 0xcb, 0xbb, 0xbb, 0xbc, 0xdd, 0xdd, 0xee, 
	0xc5, 0x55, 0x11, 0x22, 0xff, 0x33, 0x6a, 0xa6, 
	0x57, 0x55, 0x88, 0x55, 0x55, 0x55, 0x55, 0x50, 
	0x99, 0x55, 0x55, 0x55, 0x55, 0x55, 0x45, 0x44, 
	0x0b, 0xbb, 0x0b, 0xbb, 0xcd, 0xdd, 0xdd, 0xee, 
	0xc5, 0x55, 0x11, 0x22, 0xf3, 0x33, 0xaa, 0xa6, 
	0x57, 0x55, 0x88, 0x88, 0x55, 0x55, 0x00, 0x00, 
	0x09, 0x90, 0x54, 0x55, 0x55, 0x55, 0x44, 0x44, 
	0x00, 0x0b, 0xbb, 0xbc, 0xcc, 0xdd, 0xdd, 0xde, 
	0xc1, 0x11, 0x11, 0x2f, 0xff, 0xa3, 0xaa, 0x1a, 
	0x44, 0x44, 0x15, 0x55, 0x55, 0x59, 0x55, 0x00, 
	0x99, 0x00, 0x44, 0x44, 0x84, 0x44, 0x55, 0x55, 
	0x44, 0x99, 0xb0, 0xbb, 0xcc, 0xdd, 0xdd, 0xdd, 
	0xc1, 0x11, 0x12, 0x2f, 0xf3, 0xfa, 0x11, 0x1a, 
	0x44, 0x45, 0x55, 0x56, 0x55, 0x99, 0x00, 0x00, 
	0x99, 0x04, 0x88, 0x44, 0x44, 0x44, 0x55, 0x59, 
	0x94, 0x99, 0xbb, 0xbb, 0xbc, 0xcd, 0xcd, 0xdd, 
	0xc1, 0x21, 0x11, 0x2f, 0xff, 0xa3, 0x1a, 0xa1, 
	0x45, 0x55, 0x66, 0x99, 0x55, 0x59, 0x00, 0x00, 
	0x90, 0x09, 0x48, 0x44, 0x54, 0x85, 0x55, 0x55, 
	0x99, 0x99, 0x90, 0x0b, 0xbb, 0xcc, 0xcd, 0xdd, 
	0xc1, 0x21, 0x12, 0x3f, 0xff, 0xff, 0x1a, 0x11, 
	0x45, 0x55, 0x66, 0x69, 0x55, 0x55, 0x55, 0x50, 
	0x00, 0x40, 0x44, 0x48, 0x45, 0x55, 0x99, 0x55, 
	0x99, 0x99, 0x99, 0x9b, 0xcb, 0xbb, 0xcc, 0xdd, 
	0xc1, 0x19, 0x03, 0x33, 0xff, 0xf3, 0x66, 0x66, 
	0x11, 0x55, 0x55, 0x55, 0x90, 0xaa, 0x55, 0x55, 
	0x55, 0x75, 0x55, 0x55, 0x76, 0x67, 0x00, 0x00, 
	0x55, 0x95, 0x00, 0x0b, 0xbb, 0xbc, 0xcc, 0xdd, 
	0xc9, 0x11, 0xaa, 0xa3, 0x3f, 0x33, 0x66, 0x66, 
	0x51, 0x55, 0x55, 0x55, 0x99, 0x90, 0x55, 0x55, 
	0x55, 0x75, 0x55, 0x55, 0x67, 0x70, 0xa0, 0x0a, 
	0x44, 0x55, 0x00, 0x00, 0x09, 0xbc, 0xcc, 0xcd, 
	0xd9, 0x11, 0xaa, 0x33, 0xff, 0x3f, 0x16, 0x11, 
	0x11, 0x55, 0x44, 0x45, 0x00, 0x99, 0x55, 0x55, 
	0x55, 0x55, 0x55, 0x55, 0x60, 0x00, 0x00, 0xa0, 
	0x99, 0x99, 0x55, 0x00, 0x99, 0xbc, 0xcc, 0xdd, 
	0xd1, 0x11, 0xa3, 0x33, 0xff, 0xff, 0x66, 0x12, 
	0x22, 0x15, 0x44, 0x44, 0xaa, 0x00, 0x55, 0x55, 
	0x55, 0x75, 0x55, 0x55, 0x00, 0x00, 0x00, 0x00, 
	0x99, 0x55, 0x50, 0x00, 0x9b, 0xbc, 0xcc, 0xdd, 
	0xc5, 0x52, 0x22, 0x22, 0x3f, 0x33, 0x26, 0x12, 
	0x33, 0xaa, 0x14, 0x41, 0x60, 0x06, 0x55, 0x55, 
	0x50, 0x05, 0xaa, 0xab, 0xb0, 0x50, 0x44, 0x44, 
	0x55, 0x59, 0x99, 0x55, 0x0b, 0xcc, 0xcc, 0xdd, 
	0xc5, 0x22, 0x22, 0x22, 0xff, 0x3f, 0x61, 0x61, 
	0xaa, 0xaa, 0x41, 0x44, 0x60, 0x66, 0x55, 0x55, 
	0x55, 0x57, 0xaa, 0xbb, 0x00, 0x50, 0x44, 0x40, 
	0x95, 0x99, 0x59, 0x99, 0xcb, 0xbc, 0xcd, 0xdd, 
	0xc5, 0x22, 0x22, 0x22, 0x33, 0xf2, 0x26, 0x16, 
	0xaa, 0xab, 0x04, 0x40, 0x66, 0x00, 0x55, 0x55, 
	0x57, 0x57, 0x5a, 0xaa, 0x05, 0x50, 0x00, 0x00, 
	0x99, 0x99, 0x99, 0x99, 0xbb, 0xcc, 0xdc, 0xde, 
	0xc5, 0x22, 0x22, 0x22, 0xff, 0x32, 0x16, 0x16, 
	0xaa, 0xaa, 0xa0, 0xaa, 0x6b, 0xb0, 0x55, 0x55, 
	0x55, 0x55, 0x55, 0x77, 0x52, 0x25, 0x04, 0x40, 
	0x99, 0x99, 0x99, 0x99, 0x00, 0xbb, 0xcc, 0xde, 
	0xc1, 0x12, 0x22, 0xf2, 0x33, 0xf6, 0x32, 0x66, 
	0x15, 0x51, 0x84, 0x00, 0x0b, 0xba, 0x55, 0x06, 
	0x88, 0x58, 0x12, 0x11, 0x27, 0x72, 0x15, 0x99, 
	0x95, 0x59, 0x99, 0xbb, 0xbc, 0xcc, 0xdd, 0xde, 
	0xc1, 0x12, 0x22, 0xff, 0xff, 0x33, 0x26, 0x62, 
	0x15, 0x50, 0xaa, 0x04, 0xab, 0x0a, 0x06, 0xb0, 
	0x88, 0x82, 0x21, 0x21, 0x22, 0x22, 0x59, 0x96, 
	0x99, 0x99, 0x09, 0x0b, 0xbc, 0xcc, 0xcd, 0xdd, 
	0xc1, 0x12, 0x23, 0x23, 0xf3, 0x33, 0x26, 0x66, 
	0x55, 0x50, 0xa8, 0x4a, 0x0a, 0xa0, 0x0b, 0xb6, 
	0x58, 0x88, 0x11, 0x11, 0x72, 0x27, 0x99, 0x99, 
	0x99, 0x55, 0x99, 0x90, 0xbb, 0xcc, 0xcd, 0xdd, 
	0xc1, 0x12, 0x22, 0x3f, 0xff, 0x33, 0x22, 0x22, 
	0x55, 0x50, 0xaa, 0x40, 0xba, 0xa0, 0x00, 0x06, 
	0x58, 0x88, 0x15, 0x11, 0x77, 0x77, 0x99, 0x99, 
	0x99, 0x95, 0x99, 0x00, 0xbb, 0xbc, 0xdd, 0xdd, 
	0x57, 0x72, 0x31, 0x3f, 0x3f, 0xf3, 0x22, 0x22, 
	0x11, 0x5a, 0x59, 0x95, 0x55, 0x55, 0x55, 0x55, 
	0x55, 0x55, 0x95, 0x55, 0x59, 0x55, 0x90, 0x09, 
	0x95, 0x99, 0x55, 0x59, 0xbb, 0xbb, 0xcc, 0xdd, 
	0x57, 0x72, 0x13, 0x3f, 0xff, 0xf3, 0x12, 0x22, 
	0x12, 0x55, 0x55, 0x95, 0x55, 0x55, 0x55, 0x55, 
	0x55, 0x59, 0x55, 0x99, 0x55, 0x59, 0x09, 0x99, 
	0x59, 0x59, 0x75, 0x59, 0xb0, 0xcc, 0xcd, 0xdd, 
	0x57, 0x72, 0x11, 0x33, 0xff, 0xf3, 0x21, 0x12, 
	0x11, 0x55, 0x55, 0x59, 0x55, 0x55, 0x55, 0x55, 
	0x55, 0x55, 0x59, 0x95, 0x58, 0x59, 0x40, 0x99, 
	0x59, 0x99, 0x59, 0x90, 0xbb, 0xbc, 0xcd, 0xdd, 
	0x57, 0x22, 0x31, 0x33, 0xff, 0x33, 0x21, 0x11, 
	0x55, 0x15, 0x55, 0x99, 0x85, 0x55, 0x55, 0x55, 
	0x55, 0x95, 0x59, 0x95, 0x55, 0x55, 0xa0, 0x90, 
	0x99, 0x99, 0x95, 0x90, 0xbb, 0xcc, 0xcd, 0xdc, 
	0x77, 0x22, 0x13, 0xf3, 0xff, 0xf3, 0x21, 0x66, 
	0x15, 0x55, 0x02, 0x11, 0x11, 0x17, 0x95, 0x59, 
	0x55, 0x99, 0x99, 0x58, 0x55, 0x55, 0x9a, 0x99, 
	0x05, 0x00, 0x95, 0x99, 0x0b, 0xcd, 0xdd, 0xdc, 
	0x77, 0x72, 0x13, 0x1f, 0xff, 0x33, 0x12, 0x16, 
	0x55, 0x55, 0x91, 0x11, 0x11, 0x11, 0x95, 0x59, 
	0x55, 0x59, 0x55, 0x88, 0x51, 0x81, 0xaa, 0xa9, 
	0x00, 0x50, 0x94, 0x59, 0x0b, 0xcd, 0xdd, 0xcc, 
	0x77, 0x72, 0x13, 0x3f, 0xf3, 0x33, 0x22, 0x11, 
	0x15, 0x11, 0x19, 0x11, 0x71, 0x11, 0x55, 0x55, 
	0x55, 0x55, 0x58, 0x55, 0x18, 0x81, 0xa9, 0x99, 
	0x00, 0x50, 0x54, 0x95, 0xbb, 0xcd, 0xdd, 0xc9, 
	0x77, 0x72, 0x11, 0x3f, 0xff, 0x63, 0x11, 0x11, 
	0x77, 0x75, 0x11, 0x11, 0x17, 0x77, 0x55, 0x55, 
	0x55, 0x55, 0x55, 0x55, 0x11, 0x15, 0x99, 0x99, 
	0xb0, 0x00, 0x99, 0x99, 0xbc, 0xdd, 0xcd, 0xc9, 
	0x0a, 0x63, 0x33, 0x3f, 0x3f, 0x6f, 0x33, 0xaa, 
	0x77, 0x77, 0x77, 0x55, 0x55, 0x55, 0x5a, 0x11, 
	0x44, 0xb0, 0x55, 0x55, 0x85, 0x99, 0x69, 0x99, 
	0x09, 0x09, 0x00, 0x00, 0xcc, 0xcc, 0xcd, 0xdb, 
	0x0a, 0x33, 0x33, 0x33, 0xff, 0x33, 0x3a, 0xa4, 
	0x77, 0x77, 0x75, 0x55, 0x55, 0x55, 0x5a, 0x55, 
	0xa0, 0xba, 0x55, 0x55, 0x58, 0x59, 0x61, 0x66, 
	0x96, 0x99, 0x04, 0x40, 0x9c, 0xcc, 0xdd, 0xcb, 
	0x0a, 0x66, 0x33, 0xff, 0xf3, 0x63, 0x33, 0x44, 
	0x77, 0x77, 0x55, 0xbb, 0xb0, 0x05, 0x55, 0xaa, 
	0xb0, 0x0a, 0x59, 0x95, 0x58, 0x88, 0x11, 0x19, 
	0x65, 0x59, 0x00, 0x00, 0x99, 0x9c, 0xdd, 0xdc, 
	0x00, 0x63, 0x33, 0x3f, 0xf3, 0x33, 0x34, 0x44, 
	0x77, 0x75, 0x5a, 0xbb, 0xbb, 0x0b, 0x0a, 0x5a, 
	0xaa, 0xa0, 0x99, 0x95, 0x88, 0x22, 0x11, 0x19, 
	0x96, 0x99, 0x00, 0x00, 0x99, 0x9c, 0xdc, 0xdb, 
	0xaa, 0x62, 0x83, 0x33, 0xf3, 0x3a, 0x11, 0x15, 
	0x77, 0x77, 0x75, 0x55, 0x6b, 0x60, 0x99, 0x66, 
	0x56, 0x99, 0xcb, 0x95, 0x88, 0x21, 0x45, 0x44, 
	0xab, 0xab, 0x9a, 0xa9, 0x99, 0xcc, 0xdd, 0xdc, 
	0xa6, 0x11, 0x82, 0x32, 0x33, 0x33, 0x11, 0x11, 
	0x75, 0x77, 0x57, 0x55, 0x66, 0x66, 0x66, 0x56, 
	0x59, 0x99, 0xcb, 0x55, 0x82, 0x85, 0x48, 0x84, 
	0xbb, 0xbb, 0x9a, 0x99, 0x99, 0xcc, 0xdd, 0xdd, 
	0xaa, 0x12, 0x22, 0x33, 0x33, 0xaa, 0x11, 0x11, 
	0x75, 0x77, 0x77, 0x55, 0x55, 0x55, 0x65, 0x99, 
	0x66, 0x99, 0xb9, 0x55, 0x88, 0x15, 0x55, 0x44, 
	0xbb, 0xba, 0xa9, 0x99, 0x9c, 0xcc, 0xdd, 0xdd, 
	0xaa, 0x61, 0x82, 0x33, 0x33, 0x33, 0x11, 0x11, 
	0x57, 0x77, 0x75, 0x75, 0x55, 0x55, 0x66, 0x99, 
	0x99, 0x99, 0x55, 0x55, 0x85, 0x51, 0x85, 0x00, 
	0xbb, 0x4b, 0xa9, 0x99, 0x9c, 0xcc, 0xdc, 0xdc, 
	
};

ALIGNED8 u8 ow_ph_miu64_mo007_pal_rgba16[] = {
	0xca, 0xc1, 0xdb, 0x03, 0xeb, 0x45, 0xeb, 0x8b, 
	0xd3, 0x01, 0xda, 0xc1, 0xda, 0xc5, 0xe2, 0xc1, 
	0xe3, 0x01, 0xca, 0x81, 0xd3, 0x05, 0xc2, 0x83, 
	0xb2, 0x01, 0xa1, 0xc1, 0x91, 0x41, 0xfc, 0x11, 
	
};

ALIGNED8 u8 ow_ph_miu64_mo010_ci4[] = {
	0x01, 0x22, 0x33, 0x33, 0x44, 0x44, 0x13, 0x13, 
	0x11, 0x11, 0x13, 0x33, 0x55, 0x15, 0x11, 0x11, 
	0x11, 0x12, 0x66, 0x66, 0x11, 0x11, 0x55, 0x55, 
	0x11, 0x15, 0x15, 0x55, 0x05, 0x00, 0x00, 0x07, 
	0x01, 0x22, 0x33, 0x33, 0x84, 0x48, 0x31, 0x31, 
	0x11, 0x66, 0x51, 0x11, 0x51, 0x55, 0x11, 0x11, 
	0x12, 0x12, 0x11, 0x61, 0x11, 0x11, 0x55, 0x55, 
	0x55, 0x55, 0x55, 0x55, 0x55, 0x00, 0x00, 0x07, 
	0x01, 0x12, 0x33, 0x33, 0x44, 0x83, 0x31, 0x31, 
	0x11, 0x11, 0x15, 0x11, 0x55, 0x55, 0x11, 0x11, 
	0x11, 0x11, 0x11, 0x22, 0x12, 0x21, 0x55, 0x55, 
	0x15, 0x15, 0x55, 0x55, 0x66, 0x55, 0x00, 0x07, 
	0x01, 0x12, 0x33, 0x43, 0x84, 0x43, 0x33, 0x11, 
	0x21, 0x12, 0x31, 0x55, 0x55, 0x51, 0x12, 0x11, 
	0x22, 0x11, 0x22, 0x22, 0x21, 0x11, 0x15, 0x55, 
	0x51, 0x15, 0x55, 0x55, 0x65, 0x00, 0x00, 0x07, 
	0x01, 0x12, 0x33, 0x44, 0x44, 0x43, 0x31, 0x13, 
	0x55, 0x55, 0x11, 0x11, 0x11, 0x11, 0x55, 0x55, 
	0x22, 0x22, 0x22, 0x22, 0x22, 0x22, 0x55, 0x55, 
	0x55, 0x55, 0x55, 0x56, 0x60, 0x00, 0x00, 0x00, 
	0x01, 0x12, 0x33, 0x33, 0x44, 0x43, 0x31, 0x11, 
	0x55, 0x55, 0x11, 0x11, 0x11, 0x11, 0x55, 0x55, 
	0x22, 0x22, 0x22, 0x22, 0x22, 0x22, 0x55, 0x55, 
	0x55, 0x55, 0x15, 0x55, 0x55, 0x00, 0x60, 0x00, 
	0x01, 0x22, 0x33, 0x33, 0x44, 0x43, 0x33, 0x33, 
	0x55, 0x55, 0x11, 0x11, 0x11, 0x11, 0x55, 0x55, 
	0x22, 0x22, 0x22, 0x22, 0x22, 0x22, 0x55, 0x55, 
	0x55, 0x55, 0x15, 0x55, 0x66, 0x50, 0x00, 0x00, 
	0x51, 0x12, 0x33, 0x34, 0x44, 0x43, 0x33, 0x33, 
	0x9a, 0xaa, 0xaa, 0xaa, 0xbb, 0xbb, 0xaa, 0xaa, 
	0xaa, 0xaa, 0xbb, 0x99, 0x99, 0x99, 0xcc, 0xca, 
	0xc5, 0x55, 0x11, 0x15, 0x66, 0x66, 0x00, 0x00, 
	0x11, 0x22, 0x33, 0x34, 0x44, 0x48, 0x33, 0x33, 
	0x22, 0xca, 0xaa, 0xaa, 0xbb, 0xbb, 0xaa, 0xaa, 
	0xaa, 0xaa, 0xaa, 0xaa, 0xbb, 0xbb, 0xdd, 0xd9, 
	0x85, 0x55, 0x11, 0x15, 0x55, 0x00, 0x00, 0x07, 
	0x11, 0x12, 0x33, 0x33, 0x44, 0x48, 0x33, 0x33, 
	0x22, 0x22, 0xea, 0xaa, 0xbb, 0xbb, 0xbb, 0xbb, 
	0xbb, 0xbb, 0xbb, 0xbb, 0xbb, 0xbb, 0xd9, 0xff, 
	0x55, 0x55, 0x15, 0x55, 0x55, 0x50, 0x00, 0x70, 
	0x11, 0x22, 0x33, 0x33, 0x44, 0x88, 0x31, 0x11, 
	0x22, 0x22, 0x88, 0x89, 0xbb, 0xbb, 0xdd, 0xdd, 
	0xdd, 0xbd, 0xdb, 0xdd, 0xbb, 0xbb, 0x9f, 0x66, 
	0x55, 0x55, 0x51, 0x55, 0x55, 0x50, 0x00, 0x70, 
	0x11, 0x22, 0x33, 0x43, 0x44, 0x48, 0x33, 0x11, 
	0x22, 0x22, 0xe8, 0x88, 0xec, 0xbb, 0xdd, 0xdd, 
	0xdd, 0xdd, 0xdb, 0xda, 0xbb, 0xbe, 0xf6, 0x66, 
	0x55, 0x55, 0x51, 0x55, 0x55, 0x00, 0x00, 0x00, 
	0x11, 0x33, 0x33, 0x34, 0x44, 0x88, 0x33, 0x33, 
	0x11, 0x11, 0x12, 0x22, 0xff, 0x79, 0xdd, 0xdd, 
	0xdd, 0xdc, 0xdd, 0xdd, 0xcc, 0x9f, 0x51, 0x55, 
	0x55, 0x15, 0x51, 0x15, 0x55, 0x00, 0x00, 0x00, 
	0x11, 0x33, 0x33, 0x34, 0x48, 0x88, 0x33, 0x33, 
	0x11, 0x11, 0x21, 0x11, 0x66, 0xf6, 0xdd, 0xdd, 
	0xdd, 0xdd, 0xdd, 0xdd, 0xc9, 0xf6, 0x55, 0x55, 
	0x55, 0x15, 0x11, 0x51, 0x55, 0x00, 0x00, 0x05, 
	0x11, 0x33, 0x33, 0x34, 0x44, 0x18, 0x33, 0x33, 
	0x22, 0x21, 0x11, 0x22, 0x66, 0x66, 0x8d, 0xdd, 
	0xdc, 0xdc, 0xdd, 0xdd, 0x6f, 0x66, 0x55, 0x55, 
	0x55, 0x55, 0x55, 0x55, 0x50, 0x00, 0x00, 0x05, 
	0x11, 0x33, 0x33, 0x34, 0x84, 0x14, 0x33, 0x33, 
	0x21, 0x11, 0x22, 0x22, 0x66, 0x66, 0x88, 0x9d, 
	0xdd, 0xdc, 0xdd, 0xef, 0xf6, 0x66, 0x55, 0x55, 
	0x55, 0x55, 0x55, 0x15, 0x00, 0x00, 0x00, 0x05, 
	0x55, 0x33, 0x33, 0x33, 0x44, 0x88, 0x33, 0x31, 
	0x22, 0x22, 0x21, 0x11, 0x55, 0x55, 0x55, 0x29, 
	0xcc, 0xcc, 0x92, 0x26, 0x11, 0x11, 0x11, 0x11, 
	0x55, 0x55, 0x51, 0x15, 0x50, 0x00, 0x77, 0x00, 
	0x55, 0x31, 0x33, 0x44, 0x48, 0x18, 0x33, 0x11, 
	0x12, 0x22, 0x11, 0x66, 0x55, 0x55, 0x55, 0x52, 
	0x89, 0xc9, 0x26, 0x66, 0x11, 0x21, 0x11, 0x11, 
	0x55, 0x55, 0x55, 0x55, 0x55, 0x50, 0x00, 0x00, 
	0x55, 0x13, 0x33, 0x34, 0x48, 0x88, 0x31, 0x11, 
	0x21, 0x21, 0x15, 0x66, 0x55, 0x55, 0x55, 0x55, 
	0x88, 0x88, 0x66, 0x66, 0x11, 0x22, 0x11, 0x11, 
	0x55, 0x55, 0x55, 0x55, 0x55, 0x50, 0x00, 0x70, 
	0x55, 0x13, 0x33, 0x33, 0x48, 0x81, 0x31, 0x11, 
	0x11, 0x12, 0x25, 0x55, 0x55, 0x55, 0x55, 0x55, 
	0x8e, 0x8e, 0x76, 0x66, 0x22, 0x21, 0x11, 0x11, 
	0x55, 0x55, 0x51, 0x15, 0x55, 0x00, 0x00, 0x70, 
	0x11, 0x22, 0x23, 0x33, 0x33, 0x33, 0x11, 0x11, 
	0x11, 0x11, 0x11, 0x11, 0x11, 0x11, 0x11, 0x11, 
	0x15, 0x55, 0x05, 0x11, 0x33, 0x31, 0x52, 0x21, 
	0x55, 0x55, 0x55, 0x55, 0x55, 0x00, 0x00, 0x70, 
	0x11, 0x12, 0x33, 0x33, 0x33, 0x33, 0x11, 0x11, 
	0x11, 0x21, 0x22, 0x11, 0x11, 0x11, 0x11, 0x55, 
	0x11, 0x55, 0x55, 0x11, 0x33, 0x11, 0x11, 0x11, 
	0x50, 0x55, 0x55, 0x55, 0x50, 0x00, 0x00, 0x70, 
	0x11, 0x12, 0x23, 0x33, 0x33, 0x33, 0x33, 0x11, 
	0x11, 0x11, 0x21, 0x11, 0x11, 0x11, 0x11, 0x55, 
	0x55, 0x55, 0x51, 0x11, 0x31, 0x11, 0x21, 0x55, 
	0x00, 0x15, 0x55, 0x55, 0x50, 0x00, 0x00, 0x70, 
	0x51, 0x12, 0x23, 0x33, 0x33, 0x33, 0x33, 0x11, 
	0x11, 0x11, 0x11, 0x11, 0x11, 0x11, 0x11, 0x11, 
	0x15, 0x51, 0x11, 0x11, 0x31, 0x11, 0x11, 0x55, 
	0x55, 0x55, 0x55, 0x55, 0x55, 0x00, 0x00, 0x07, 
	0x55, 0x22, 0x33, 0x33, 0x33, 0x33, 0x31, 0x11, 
	0x11, 0x11, 0x11, 0x11, 0x11, 0x11, 0x21, 0x21, 
	0x15, 0x51, 0x11, 0x22, 0x11, 0x11, 0x55, 0x55, 
	0x55, 0x55, 0x11, 0x15, 0x55, 0x00, 0x00, 0x07, 
	0x05, 0x22, 0x13, 0x33, 0x33, 0x33, 0x31, 0x11, 
	0x11, 0x11, 0x11, 0x11, 0x15, 0x11, 0x22, 0x11, 
	0x11, 0x51, 0x12, 0x11, 0x11, 0x11, 0x55, 0x55, 
	0x55, 0x55, 0x15, 0x55, 0x00, 0x50, 0x00, 0x07, 
	0x02, 0x22, 0x11, 0x33, 0x33, 0x33, 0x33, 0x31, 
	0x1e, 0xa9, 0x91, 0x11, 0x15, 0x11, 0x21, 0x11, 
	0x15, 0x11, 0x11, 0x11, 0x51, 0x11, 0x5c, 0xa5, 
	0x55, 0x55, 0x15, 0x55, 0x55, 0x55, 0x00, 0x07, 
	0x02, 0x22, 0x11, 0x33, 0x33, 0x33, 0x13, 0x31, 
	0x9a, 0xaa, 0xa9, 0x11, 0x11, 0x11, 0x12, 0x11, 
	0x51, 0x11, 0x11, 0x15, 0x55, 0x50, 0xca, 0xaa, 
	0x05, 0x55, 0x11, 0x55, 0x55, 0x50, 0x07, 0x77, 
	0x71, 0x11, 0x22, 0x22, 0x88, 0x88, 0x33, 0x3a, 
	0xaa, 0xaa, 0xaa, 0x75, 0x11, 0x11, 0x11, 0x11, 
	0x55, 0x55, 0x11, 0x55, 0x55, 0x7a, 0xaa, 0xaa, 
	0xae, 0x11, 0x55, 0x55, 0x66, 0x60, 0x07, 0x07, 
	0x71, 0x11, 0x22, 0x22, 0x88, 0x88, 0x37, 0xaa, 
	0xaa, 0xaa, 0xaa, 0xa7, 0x11, 0x11, 0x11, 0x11, 
	0x51, 0x51, 0x55, 0x55, 0x55, 0xaa, 0xaa, 0xaa, 
	0xaa, 0xae, 0x55, 0x55, 0x66, 0x55, 0x00, 0x77, 
	0x75, 0x11, 0x22, 0x22, 0x88, 0x88, 0x9a, 0xaa, 
	0xab, 0xdb, 0xaa, 0xaa, 0x71, 0x11, 0x11, 0x11, 
	0x51, 0x51, 0x15, 0x51, 0x5c, 0xaa, 0xaa, 0xaa, 
	0xaa, 0xaa, 0xb7, 0x55, 0x66, 0x00, 0x00, 0x07, 
	0x75, 0x11, 0x22, 0x22, 0x88, 0x8d, 0xaa, 0xaa, 
	0xbd, 0xdd, 0xaa, 0xaa, 0xb7, 0x11, 0x11, 0x11, 
	0x11, 0x51, 0x11, 0x51, 0x7a, 0xaa, 0xaa, 0xbb, 
	0xaa, 0xaa, 0xbb, 0x95, 0x66, 0x50, 0x00, 0x07, 
	0x70, 0x11, 0x11, 0x11, 0x09, 0xbb, 0xaa, 0xad, 
	0xdd, 0xdd, 0xba, 0xaa, 0xaa, 0x71, 0x11, 0x11, 
	0x15, 0x10, 0x55, 0x55, 0xaa, 0xaa, 0xbb, 0xbd, 
	0xbb, 0xaa, 0xaa, 0xa9, 0x55, 0x55, 0x00, 0x77, 
	0x70, 0x11, 0x11, 0x19, 0xbb, 0xbb, 0xaa, 0xdc, 
	0xcc, 0xdd, 0xdb, 0xbb, 0xaa, 0xac, 0x91, 0x11, 
	0x15, 0x55, 0x55, 0x5a, 0xaa, 0xab, 0xbb, 0xdd, 
	0xbd, 0xba, 0xaa, 0xac, 0x55, 0x55, 0x07, 0x77, 
	0x00, 0x11, 0x11, 0x9b, 0xbb, 0xbb, 0xbd, 0xdd, 
	0xcd, 0xdd, 0xdd, 0xdd, 0xaa, 0xaa, 0xa9, 0x11, 
	0x11, 0x10, 0x55, 0xaa, 0xab, 0xbb, 0xbb, 0xdd, 
	0xdd, 0xdb, 0xaa, 0xaa, 0xb5, 0x55, 0x00, 0x07, 
	0x00, 0x11, 0x19, 0xbb, 0xbb, 0xbb, 0xcd, 0xdd, 
	0xdd, 0xdd, 0xbb, 0xdb, 0xaa, 0xaa, 0xaa, 0x91, 
	0x11, 0x15, 0x5a, 0xaa, 0xbb, 0xbd, 0xdd, 0xdd, 
	0xdd, 0xdb, 0xaa, 0xaa, 0xbb, 0x75, 0x07, 0x77, 
	0x77, 0x11, 0x9a, 0xaa, 0xbd, 0xcd, 0xdd, 0xdc, 
	0xdd, 0xdd, 0xdd, 0xdd, 0xbb, 0xab, 0xaa, 0xa0, 
	0x55, 0x55, 0xba, 0xab, 0xbd, 0xdd, 0xdd, 0xdd, 
	0xdd, 0xdd, 0xbd, 0xdb, 0xaa, 0xa9, 0x00, 0x00, 
	0x77, 0x1b, 0xaa, 0xad, 0xdc, 0xdd, 0xdd, 0xdd, 
	0xdd, 0xbd, 0xdd, 0xdd, 0xdb, 0xbb, 0xaa, 0xaa, 
	0x55, 0x5a, 0xaa, 0xdd, 0xdd, 0xdd, 0xdd, 0xdd, 
	0xdd, 0xdd, 0xbd, 0xbd, 0xaa, 0xaa, 0xc0, 0x00, 
	0x77, 0xbb, 0xaa, 0xad, 0xcd, 0xcc, 0xdd, 0xdd, 
	0xdd, 0xdd, 0xdd, 0xcd, 0xdb, 0xdb, 0xaa, 0xaa, 
	0xa5, 0xaa, 0xab, 0xdd, 0xbb, 0xbb, 0xbd, 0xdb, 
	0xbb, 0xbd, 0xdb, 0xdd, 0xba, 0xaa, 0xaa, 0x00, 
	0x9b, 0xbb, 0xad, 0xdd, 0xcb, 0xdd, 0xdd, 0xdd, 
	0xdd, 0xdc, 0xdd, 0xdd, 0xbb, 0xbb, 0xaa, 0xaa, 
	0xaa, 0xaa, 0xab, 0xbb, 0xbb, 0xbb, 0xbb, 0xbd, 
	0xdd, 0xbd, 0xbb, 0xbb, 0xbb, 0xaa, 0xaa, 0xa9, 
	0xaa, 0xaa, 0xdd, 0xcd, 0xdd, 0xdd, 0xdd, 0xdd, 
	0xbb, 0xe8, 0xdd, 0xdd, 0xdb, 0xbb, 0xdd, 0xba, 
	0xaa, 0xaa, 0xbb, 0xbb, 0xbb, 0xbb, 0xdd, 0xdd, 
	0xdd, 0xdd, 0xbb, 0xbb, 0xbb, 0xaa, 0xaa, 0xaa, 
	0xaa, 0xad, 0xdd, 0xdd, 0xbd, 0xbb, 0xdd, 0xdd, 
	0xbe, 0x88, 0x8d, 0xdd, 0xbb, 0xbb, 0xbd, 0xbd, 
	0xba, 0xab, 0xdb, 0xbb, 0xbb, 0xbb, 0xdd, 0xdf, 
	0xed, 0xdd, 0xbb, 0xbb, 0xbb, 0xbb, 0xaa, 0xaa, 
	0xaa, 0xdc, 0xdd, 0xdd, 0xbb, 0xbb, 0xdd, 0xd9, 
	0x88, 0x88, 0x88, 0xdd, 0xbb, 0xbb, 0xbb, 0xbd, 
	0xdd, 0xdd, 0xdd, 0xbb, 0xdb, 0xbd, 0xdd, 0xf6, 
	0x2e, 0xdd, 0xbb, 0xbb, 0xba, 0xba, 0xbd, 0xba, 
	0xab, 0xcc, 0xdd, 0xdd, 0xdd, 0xdd, 0xdd, 0xef, 
	0x88, 0x88, 0x88, 0x8d, 0xbd, 0xbb, 0xbb, 0xbd, 
	0xdd, 0xdd, 0xdd, 0xbd, 0xdb, 0xbb, 0xdf, 0x66, 
	0xe2, 0xed, 0xbd, 0xbd, 0xbb, 0xbb, 0xdb, 0xdd, 
	0xdd, 0xdd, 0xdd, 0xdd, 0xdd, 0xdd, 0xce, 0x88, 
	0x15, 0x51, 0x11, 0x88, 0x9b, 0xbb, 0xbb, 0xdd, 
	0xdd, 0xdb, 0xbb, 0xbb, 0xdd, 0xdd, 0xf8, 0x55, 
	0x65, 0x66, 0xdd, 0xdd, 0xbb, 0xdd, 0xdd, 0xdb, 
	0xcd, 0xdd, 0xdc, 0xdd, 0xdd, 0xdd, 0xe8, 0x88, 
	0x11, 0x15, 0x11, 0x81, 0x89, 0xbb, 0xbb, 0xbb, 
	0xbb, 0xbb, 0xbd, 0xad, 0xdd, 0xdf, 0x85, 0x55, 
	0x65, 0x66, 0x2d, 0xdd, 0xdd, 0xdd, 0xdd, 0xbb, 
	0xcd, 0xdd, 0xdd, 0xdd, 0xdd, 0xde, 0x88, 0x88, 
	0x11, 0x11, 0x11, 0x11, 0x88, 0x9b, 0xbb, 0xbb, 
	0xbb, 0xbb, 0xbb, 0xbb, 0xdd, 0xf6, 0x55, 0x55, 
	0x56, 0x66, 0xe2, 0xdd, 0xbd, 0xdd, 0xdd, 0xbb, 
	0xcd, 0xdd, 0xdd, 0xdd, 0xdd, 0xe8, 0x88, 0x88, 
	0x11, 0x31, 0x11, 0x11, 0x88, 0x89, 0xdd, 0xdd, 
	0xdb, 0xbb, 0xbb, 0xbb, 0xdf, 0x66, 0x55, 0x55, 
	0x56, 0x66, 0xee, 0x9d, 0xbb, 0xbb, 0xdb, 0xbb, 
	0xdd, 0xdd, 0xcc, 0xcc, 0x68, 0x48, 0x38, 0x33, 
	0x33, 0x33, 0x12, 0x21, 0x21, 0x22, 0x9d, 0xdd, 
	0xbb, 0xbb, 0xbb, 0xbb, 0x88, 0x55, 0x55, 0x55, 
	0x55, 0x55, 0x66, 0x7d, 0xdd, 0xdd, 0xbb, 0xbb, 
	0xdd, 0xdd, 0xcc, 0x9f, 0x48, 0x88, 0x83, 0x33, 
	0x33, 0x33, 0x12, 0x11, 0x11, 0x11, 0x29, 0xdd, 
	0xbb, 0xbb, 0xbb, 0xbe, 0x85, 0x55, 0x55, 0x55, 
	0x55, 0x55, 0x66, 0x67, 0xdd, 0xdd, 0xbb, 0xba, 
	0xdd, 0xdd, 0xc6, 0xf6, 0x88, 0x88, 0x38, 0x35, 
	0x33, 0x33, 0x11, 0x11, 0x11, 0x11, 0x22, 0xed, 
	0xbb, 0xbb, 0xbb, 0xc6, 0x55, 0x55, 0x55, 0x15, 
	0x55, 0x55, 0x66, 0x66, 0x69, 0xdd, 0xbb, 0xba, 
	0xdd, 0xd9, 0xf6, 0x66, 0x48, 0x88, 0x33, 0x33, 
	0x11, 0x11, 0x11, 0x11, 0x11, 0x11, 0x22, 0x2e, 
	0xbb, 0xbd, 0xbc, 0x66, 0x55, 0x85, 0x11, 0x15, 
	0x55, 0x15, 0x66, 0x66, 0x66, 0xe9, 0xdb, 0xaa, 
	0xcc, 0x9f, 0x33, 0x33, 0x44, 0x88, 0x11, 0x13, 
	0x11, 0x11, 0x11, 0x11, 0x11, 0x11, 0x55, 0x12, 
	0x6c, 0xcc, 0x66, 0x22, 0x11, 0x11, 0x11, 0x11, 
	0x65, 0x56, 0x55, 0x55, 0x50, 0x55, 0x19, 0xbb, 
	0xc6, 0xf6, 0x33, 0x33, 0x44, 0x38, 0x11, 0x11, 
	0x11, 0x11, 0x11, 0x11, 0x11, 0x11, 0x51, 0x55, 
	0xf6, 0xcf, 0x22, 0x26, 0x11, 0x11, 0x11, 0x11, 
	0x66, 0x66, 0x55, 0x55, 0x00, 0x00, 0x71, 0x9b, 
	0xff, 0x66, 0x33, 0x33, 0x43, 0x33, 0x31, 0x11, 
	0x11, 0x11, 0x21, 0x11, 0x11, 0x11, 0x55, 0x55, 
	0x6f, 0xff, 0x22, 0x66, 0x12, 0x11, 0x11, 0x11, 
	0x66, 0x66, 0x55, 0x50, 0x00, 0x00, 0x77, 0x19, 
	0x66, 0x66, 0x33, 0x33, 0x44, 0x38, 0x11, 0x15, 
	0x11, 0x11, 0x21, 0x11, 0x11, 0x11, 0x55, 0x55, 
	0x66, 0xf6, 0x66, 0x66, 0x21, 0x11, 0x11, 0x11, 
	0x66, 0x66, 0x55, 0x55, 0x00, 0x00, 0x77, 0x71, 
	0x51, 0x11, 0x33, 0x33, 0x43, 0x43, 0x33, 0x31, 
	0x11, 0x16, 0x11, 0x55, 0x55, 0x55, 0x55, 0x15, 
	0x55, 0x11, 0x22, 0x11, 0x11, 0x11, 0x11, 0x15, 
	0x51, 0x55, 0x05, 0x55, 0x50, 0x00, 0x07, 0x77, 
	0x51, 0x31, 0x13, 0x34, 0x44, 0x33, 0x31, 0x11, 
	0x11, 0x56, 0x55, 0x11, 0x55, 0x55, 0x55, 0x15, 
	0x51, 0x15, 0x12, 0x11, 0x11, 0x11, 0x11, 0x11, 
	0x55, 0x55, 0x55, 0x50, 0x50, 0x00, 0x00, 0x07, 
	0x51, 0x31, 0x33, 0x34, 0x44, 0x44, 0x31, 0x33, 
	0x21, 0x15, 0x55, 0x51, 0x55, 0x55, 0x11, 0x11, 
	0x11, 0x11, 0x11, 0x12, 0x11, 0x11, 0x55, 0x11, 
	0x15, 0x55, 0x55, 0x55, 0x05, 0x55, 0x00, 0x77, 
	0x51, 0x35, 0x13, 0x33, 0x44, 0x43, 0x11, 0x11, 
	0x22, 0x11, 0x51, 0x51, 0x55, 0x55, 0x11, 0x11, 
	0x55, 0x11, 0x11, 0x11, 0x11, 0x11, 0x15, 0x55, 
	0x11, 0x51, 0x55, 0x55, 0x55, 0x50, 0x00, 0x77, 
	0x05, 0x33, 0x11, 0x13, 0x84, 0x88, 0x11, 0x11, 
	0x11, 0x11, 0x11, 0x11, 0x55, 0x55, 0x11, 0x11, 
	0x55, 0x11, 0x55, 0x11, 0x51, 0x15, 0x55, 0x51, 
	0x11, 0x11, 0x55, 0x55, 0x55, 0x00, 0x00, 0x07, 
	0x05, 0x33, 0x11, 0x33, 0x44, 0x88, 0x31, 0x33, 
	0x11, 0x11, 0x11, 0x11, 0x55, 0x55, 0x11, 0x11, 
	0x11, 0x11, 0x55, 0x15, 0x55, 0x56, 0x55, 0x15, 
	0x55, 0x55, 0x55, 0x55, 0x55, 0x50, 0x00, 0x07, 
	0x03, 0x33, 0x33, 0x33, 0x44, 0x88, 0x11, 0x33, 
	0x33, 0x31, 0x11, 0x11, 0x55, 0x55, 0x11, 0x11, 
	0x15, 0x11, 0x55, 0x55, 0x55, 0x55, 0x55, 0x55, 
	0x55, 0x11, 0x55, 0x56, 0x55, 0x00, 0x00, 0x07, 
	0x05, 0x53, 0x33, 0x33, 0x44, 0x88, 0x31, 0x33, 
	0x33, 0x31, 0x11, 0x11, 0x55, 0x55, 0x11, 0x11, 
	0x15, 0x51, 0x55, 0x66, 0x65, 0x15, 0x51, 0x11, 
	0x11, 0x11, 0x55, 0x65, 0x55, 0x00, 0x00, 0x00, 
	
};

ALIGNED8 u8 ow_ph_miu64_mo010_pal_rgba16[] = {
	0xb2, 0x01, 0xda, 0xc1, 0xeb, 0x41, 0xeb, 0x49, 
	0xfc, 0x53, 0xca, 0x81, 0xc2, 0xc1, 0x99, 0x81, 
	0xe3, 0x89, 0x69, 0x01, 0x10, 0x01, 0x28, 0x01, 
	0x48, 0x81, 0x30, 0x01, 0xa2, 0x41, 0xf4, 0x85, 
	
};

ALIGNED8 u8 ow_ph_miu32_mo003_ia16[] = {
	0x00, 0x00, 0x00, 0x00, 0x00, 0x00, 0x00, 0x24, 
	0x00, 0x49, 0x00, 0x49, 0x00, 0x6d, 0x00, 0x92, 
	0x00, 0x92, 0x00, 0x92, 0x00, 0x92, 0x00, 0xb6, 
	0x00, 0xb6, 0x00, 0xb6, 0x00, 0xb6, 0x00, 0xb6, 
	0x00, 0xb6, 0x00, 0xb6, 0x00, 0xb6, 0x00, 0xb6, 
	0x00, 0xb6, 0x00, 0xb6, 0x00, 0xb6, 0x00, 0xb6, 
	0x00, 0xb6, 0x00, 0xb6, 0x00, 0xb6, 0x00, 0xb6, 
	0x00, 0xb6, 0x00, 0xb6, 0x00, 0xb6, 0x00, 0xb6, 
	0x00, 0x00, 0x00, 0x00, 0x00, 0x00, 0x00, 0x24, 
	0x00, 0x49, 0x00, 0x49, 0x00, 0x6d, 0x00, 0x92, 
	0x00, 0x92, 0x00, 0x92, 0x00, 0x92, 0x00, 0xb6, 
	0x00, 0xb6, 0x00, 0xb6, 0x00, 0xb6, 0x00, 0xb6, 
	0x00, 0xb6, 0x00, 0xb6, 0x00, 0xb6, 0x00, 0xb6, 
	0x00, 0xb6, 0x00, 0xb6, 0x00, 0xb6, 0x00, 0xb6, 
	0x00, 0xb6, 0x00, 0xb6, 0x00, 0xb6, 0x00, 0xb6, 
	0x00, 0xb6, 0x00, 0xb6, 0x00, 0xb6, 0x00, 0xb6, 
	0x00, 0x00, 0x00, 0x00, 0x00, 0x00, 0x00, 0x24, 
	0x00, 0x24, 0x00, 0x49, 0x00, 0x6d, 0x00, 0x6d, 
	0x00, 0x92, 0x00, 0x92, 0x00, 0x92, 0x00, 0x92, 
	0x00, 0xb6, 0x00, 0xb6, 0x00, 0xb6, 0x00, 0xb6, 
	0x00, 0xb6, 0x00, 0xb6, 0x00, 0xb6, 0x00, 0xb6, 
	0x00, 0xb6, 0x00, 0xb6, 0x00, 0xb6, 0x00, 0xb6, 
	0x00, 0xb6, 0x00, 0xb6, 0x00, 0xb6, 0x00, 0xb6, 
	0x00, 0xb6, 0x00, 0xb6, 0x00, 0xb6, 0x00, 0xb6, 
	0x00, 0x00, 0x00, 0x00, 0x00, 0x00, 0x00, 0x00, 
	0x00, 0x24, 0x00, 0x49, 0x00, 0x6d, 0x00, 0x6d, 
	0x00, 0x92, 0x00, 0x92, 0x00, 0x92, 0x00, 0x92, 
	0x00, 0xb6, 0x00, 0xb6, 0x00, 0xb6, 0x00, 0xb6, 
	0x00, 0xb6, 0x00, 0xb6, 0x00, 0xb6, 0x00, 0xb6, 
	0x00, 0xb6, 0x00, 0xb6, 0x00, 0xb6, 0x00, 0xb6, 
	0x00, 0xb6, 0x00, 0xb6, 0x00, 0xb6, 0x00, 0xb6, 
	0x00, 0xb6, 0x00, 0xb6, 0x00, 0xb6, 0x00, 0xb6, 
	0x00, 0x00, 0x00, 0x00, 0x00, 0x00, 0x00, 0x00, 
	0x00, 0x24, 0x00, 0x49, 0x00, 0x6d, 0x00, 0x6d, 
	0x00, 0x92, 0x00, 0x92, 0x00, 0x92, 0x00, 0x92, 
	0x00, 0xb6, 0x00, 0xb6, 0x00, 0xb6, 0x00, 0xb6, 
	0x00, 0xb6, 0x00, 0xb6, 0x00, 0xb6, 0x00, 0xb6, 
	0x00, 0xb6, 0x00, 0xb6, 0x00, 0xb6, 0x00, 0xb6, 
	0x00, 0xb6, 0x00, 0xb6, 0x00, 0xb6, 0x00, 0xb6, 
	0x00, 0xb6, 0x00, 0xb6, 0x00, 0xb6, 0x00, 0xb6, 
	0x00, 0x00, 0x00, 0x00, 0x00, 0x00, 0x00, 0x00, 
	0x00, 0x24, 0x00, 0x49, 0x00, 0x49, 0x00, 0x6d, 
	0x00, 0x6d, 0x00, 0x92, 0x00, 0x92, 0x00, 0x92, 
	0x00, 0x92, 0x00, 0xb6, 0x00, 0xb6, 0x00, 0xb6, 
	0x00, 0xb6, 0x00, 0xb6, 0x00, 0xb6, 0x00, 0xb6, 
	0x00, 0xb6, 0x00, 0xb6, 0x00, 0xb6, 0x00, 0xb6, 
	0x00, 0xb6, 0x00, 0xb6, 0x00, 0xb6, 0x00, 0xb6, 
	0x00, 0xb6, 0x00, 0xb6, 0x00, 0xb6, 0x00, 0xb6, 
	0x00, 0x00, 0x00, 0x00, 0x00, 0x00, 0x00, 0x00, 
	0x00, 0x00, 0x00, 0x24, 0x00, 0x49, 0x00, 0x6d, 
	0x00, 0x6d, 0x00, 0x92, 0x00, 0x92, 0x00, 0x92, 
	0x00, 0x92, 0x00, 0xb6, 0x00, 0xb6, 0x00, 0xb6, 
	0x00, 0xb6, 0x00, 0xb6, 0x00, 0xb6, 0x00, 0xb6, 
	0x00, 0xb6, 0x00, 0xb6, 0x00, 0xb6, 0x00, 0xb6, 
	0x00, 0xb6, 0x00, 0xb6, 0x00, 0xb6, 0x00, 0xb6, 
	0x00, 0xb6, 0x00, 0xb6, 0x00, 0xb6, 0x00, 0xb6, 
	0x00, 0x00, 0x00, 0x00, 0x00, 0x00, 0x00, 0x00, 
	0x00, 0x00, 0x00, 0x24, 0x00, 0x49, 0x00, 0x49, 
	0x00, 0x6d, 0x00, 0x6d, 0x00, 0x92, 0x00, 0x92, 
	0x00, 0x92, 0x00, 0x92, 0x00, 0xb6, 0x00, 0xb6, 
	0x00, 0xb6, 0x00, 0xb6, 0x00, 0xb6, 0x00, 0xb6, 
	0x00, 0xb6, 0x00, 0xb6, 0x00, 0xb6, 0x00, 0xb6, 
	0x00, 0xb6, 0x00, 0xb6, 0x00, 0xb6, 0x00, 0xb6, 
	0x00, 0xb6, 0x00, 0xb6, 0x00, 0xb6, 0x00, 0xb6, 
	0x00, 0x00, 0x00, 0x00, 0x00, 0x00, 0x00, 0x00, 
	0x00, 0x00, 0x00, 0x24, 0x00, 0x24, 0x00, 0x49, 
	0x00, 0x6d, 0x00, 0x6d, 0x00, 0x92, 0x00, 0x92, 
	0x00, 0x92, 0x00, 0x92, 0x00, 0xb6, 0x00, 0xb6, 
	0x00, 0xb6, 0x00, 0xb6, 0x00, 0xb6, 0x00, 0xb6, 
	0x00, 0xb6, 0x00, 0xb6, 0x00, 0xb6, 0x00, 0xb6, 
	0x00, 0xb6, 0x00, 0xb6, 0x00, 0xb6, 0x00, 0xb6, 
	0x00, 0xb6, 0x00, 0xb6, 0x00, 0xb6, 0x00, 0xb6, 
	0x00, 0x00, 0x00, 0x00, 0x00, 0x00, 0x00, 0x00, 
	0x00, 0x00, 0x00, 0x00, 0x00, 0x24, 0x00, 0x49, 
	0x00, 0x6d, 0x00, 0x6d, 0x00, 0x92, 0x00, 0x92, 
	0x00, 0x92, 0x00, 0x92, 0x00, 0xb6, 0x00, 0xb6, 
	0x00, 0xb6, 0x00, 0xb6, 0x00, 0xb6, 0x00, 0xb6, 
	0x00, 0xb6, 0x00, 0xb6, 0x00, 0xb6, 0x00, 0xb6, 
	0x00, 0xb6, 0x00, 0xb6, 0x00, 0xb6, 0x00, 0xb6, 
	0x00, 0xb6, 0x00, 0xb6, 0x00, 0xb6, 0x00, 0xb6, 
	0x00, 0x00, 0x00, 0x00, 0x00, 0x00, 0x00, 0x00, 
	0x00, 0x00, 0x00, 0x00, 0x00, 0x24, 0x00, 0x49, 
	0x00, 0x49, 0x00, 0x6d, 0x00, 0x6d, 0x00, 0x92, 
	0x00, 0x92, 0x00, 0x92, 0x00, 0x92, 0x00, 0xb6, 
	0x00, 0xb6, 0x00, 0xb6, 0x00, 0xb6, 0x00, 0xb6, 
	0x00, 0xb6, 0x00, 0xb6, 0x00, 0xb6, 0x00, 0xb6, 
	0x00, 0xb6, 0x00, 0xb6, 0x00, 0xb6, 0x00, 0xb6, 
	0x00, 0xb6, 0x00, 0xb6, 0x00, 0xb6, 0x00, 0xb6, 
	0x00, 0x00, 0x00, 0x00, 0x00, 0x00, 0x00, 0x00, 
	0x00, 0x00, 0x00, 0x00, 0x00, 0x00, 0x00, 0x24, 
	0x00, 0x49, 0x00, 0x6d, 0x00, 0x6d, 0x00, 0x92, 
	0x00, 0x92, 0x00, 0x92, 0x00, 0x92, 0x00, 0xb6, 
	0x00, 0xb6, 0x00, 0xb6, 0x00, 0xb6, 0x00, 0xb6, 
	0x00, 0xb6, 0x00, 0xb6, 0x00, 0xb6, 0x00, 0xb6, 
	0x00, 0xb6, 0x00, 0xb6, 0x00, 0xb6, 0x00, 0xb6, 
	0x00, 0xb6, 0x00, 0xb6, 0x00, 0xb6, 0x00, 0xb6, 
	0x00, 0x00, 0x00, 0x00, 0x00, 0x00, 0x00, 0x00, 
	0x00, 0x00, 0x00, 0x00, 0x00, 0x00, 0x00, 0x24, 
	0x00, 0x49, 0x00, 0x49, 0x00, 0x6d, 0x00, 0x6d, 
	0x00, 0x92, 0x00, 0x92, 0x00, 0x92, 0x00, 0x92, 
	0x00, 0xb6, 0x00, 0xb6, 0x00, 0xb6, 0x00, 0xb6, 
	0x00, 0xb6, 0x00, 0xb6, 0x00, 0xb6, 0x00, 0xb6, 
	0x00, 0xb6, 0x00, 0xb6, 0x00, 0xb6, 0x00, 0xb6, 
	0x00, 0xb6, 0x00, 0xb6, 0x00, 0xb6, 0x00, 0xb6, 
	0x00, 0x00, 0x00, 0x00, 0x00, 0x00, 0x00, 0x00, 
	0x00, 0x00, 0x00, 0x00, 0x00, 0x00, 0x00, 0x24, 
	0x00, 0x24, 0x00, 0x49, 0x00, 0x6d, 0x00, 0x6d, 
	0x00, 0x92, 0x00, 0x92, 0x00, 0x92, 0x00, 0x92, 
	0x00, 0x92, 0x00, 0xb6, 0x00, 0xb6, 0x00, 0xb6, 
	0x00, 0xb6, 0x00, 0xb6, 0x00, 0xb6, 0x00, 0xb6, 
	0x00, 0xb6, 0x00, 0xb6, 0x00, 0xb6, 0x00, 0xb6, 
	0x00, 0xb6, 0x00, 0xb6, 0x00, 0xb6, 0x00, 0xb6, 
	0x00, 0x00, 0x00, 0x00, 0x00, 0x00, 0x00, 0x00, 
	0x00, 0x00, 0x00, 0x00, 0x00, 0x00, 0x00, 0x00, 
	0x00, 0x24, 0x00, 0x49, 0x00, 0x49, 0x00, 0x6d, 
	0x00, 0x6d, 0x00, 0x92, 0x00, 0x92, 0x00, 0x92, 
	0x00, 0x92, 0x00, 0x92, 0x00, 0xb6, 0x00, 0xb6, 
	0x00, 0xb6, 0x00, 0xb6, 0x00, 0xb6, 0x00, 0xb6, 
	0x00, 0xb6, 0x00, 0xb6, 0x00, 0xb6, 0x00, 0xb6, 
	0x00, 0xb6, 0x00, 0xb6, 0x00, 0xb6, 0x00, 0xb6, 
	0x00, 0x00, 0x00, 0x00, 0x00, 0x00, 0x00, 0x00, 
	0x00, 0x00, 0x00, 0x00, 0x00, 0x00, 0x00, 0x00, 
	0x00, 0x24, 0x00, 0x24, 0x00, 0x49, 0x00, 0x6d, 
	0x00, 0x6d, 0x00, 0x6d, 0x00, 0x92, 0x00, 0x92, 
	0x00, 0x92, 0x00, 0x92, 0x00, 0x92, 0x00, 0xb6, 
	0x00, 0xb6, 0x00, 0xb6, 0x00, 0xb6, 0x00, 0xb6, 
	0x00, 0xb6, 0x00, 0xb6, 0x00, 0xb6, 0x00, 0xb6, 
	0x00, 0xb6, 0x00, 0xb6, 0x00, 0xb6, 0x00, 0xb6, 
	0x00, 0x00, 0x00, 0x00, 0x00, 0x00, 0x00, 0x00, 
	0x00, 0x00, 0x00, 0x00, 0x00, 0x00, 0x00, 0x00, 
	0x00, 0x00, 0x00, 0x24, 0x00, 0x49, 0x00, 0x49, 
	0x00, 0x6d, 0x00, 0x6d, 0x00, 0x92, 0x00, 0x92, 
	0x00, 0x92, 0x00, 0x92, 0x00, 0x92, 0x00, 0x92, 
	0x00, 0x92, 0x00, 0xb6, 0x00, 0xb6, 0x00, 0xb6, 
	0x00, 0xb6, 0x00, 0xb6, 0x00, 0xb6, 0x00, 0xb6, 
	0x00, 0xb6, 0x00, 0xb6, 0x00, 0xb6, 0x00, 0xb6, 
	0x00, 0x00, 0x00, 0x00, 0x00, 0x00, 0x00, 0x00, 
	0x00, 0x00, 0x00, 0x00, 0x00, 0x00, 0x00, 0x00, 
	0x00, 0x00, 0x00, 0x00, 0x00, 0x24, 0x00, 0x49, 
	0x00, 0x49, 0x00, 0x6d, 0x00, 0x6d, 0x00, 0x92, 
	0x00, 0x92, 0x00, 0x92, 0x00, 0x92, 0x00, 0x92, 
	0x00, 0x92, 0x00, 0x92, 0x00, 0x92, 0x00, 0xb6, 
	0x00, 0xb6, 0x00, 0xb6, 0x00, 0xb6, 0x00, 0xb6, 
	0x00, 0xb6, 0x00, 0xb6, 0x00, 0xb6, 0x00, 0xb6, 
	0x00, 0x00, 0x00, 0x00, 0x00, 0x00, 0x00, 0x00, 
	0x00, 0x00, 0x00, 0x00, 0x00, 0x00, 0x00, 0x00, 
	0x00, 0x00, 0x00, 0x00, 0x00, 0x24, 0x00, 0x24, 
	0x00, 0x49, 0x00, 0x49, 0x00, 0x6d, 0x00, 0x6d, 
	0x00, 0x6d, 0x00, 0x92, 0x00, 0x92, 0x00, 0x92, 
	0x00, 0x92, 0x00, 0x92, 0x00, 0x92, 0x00, 0x92, 
	0x00, 0x92, 0x00, 0x92, 0x00, 0xb6, 0x00, 0xb6, 
	0x00, 0xb6, 0x00, 0xb6, 0x00, 0xb6, 0x00, 0xb6, 
	0x00, 0x00, 0x00, 0x00, 0x00, 0x00, 0x00, 0x00, 
	0x00, 0x00, 0x00, 0x00, 0x00, 0x00, 0x00, 0x00, 
	0x00, 0x00, 0x00, 0x00, 0x00, 0x00, 0x00, 0x24, 
	0x00, 0x24, 0x00, 0x49, 0x00, 0x49, 0x00, 0x6d, 
	0x00, 0x6d, 0x00, 0x6d, 0x00, 0x6d, 0x00, 0x92, 
	0x00, 0x92, 0x00, 0x92, 0x00, 0x92, 0x00, 0x92, 
	0x00, 0x92, 0x00, 0x92, 0x00, 0x92, 0x00, 0x92, 
	0x00, 0x92, 0x00, 0xb6, 0x00, 0xb6, 0x00, 0xb6, 
	0x00, 0x00, 0x00, 0x00, 0x00, 0x00, 0x00, 0x00, 
	0x00, 0x00, 0x00, 0x00, 0x00, 0x00, 0x00, 0x00, 
	0x00, 0x00, 0x00, 0x00, 0x00, 0x00, 0x00, 0x00, 
	0x00, 0x24, 0x00, 0x24, 0x00, 0x49, 0x00, 0x49, 
	0x00, 0x49, 0x00, 0x6d, 0x00, 0x6d, 0x00, 0x6d, 
	0x00, 0x6d, 0x00, 0x92, 0x00, 0x92, 0x00, 0x92, 
	0x00, 0x92, 0x00, 0x92, 0x00, 0x92, 0x00, 0x92, 
	0x00, 0x92, 0x00, 0x92, 0x00, 0x92, 0x00, 0x92, 
	0x00, 0x00, 0x00, 0x00, 0x00, 0x00, 0x00, 0x00, 
	0x00, 0x00, 0x00, 0x00, 0x00, 0x00, 0x00, 0x00, 
	0x00, 0x00, 0x00, 0x00, 0x00, 0x00, 0x00, 0x00, 
	0x00, 0x00, 0x00, 0x00, 0x00, 0x24, 0x00, 0x24, 
	0x00, 0x49, 0x00, 0x49, 0x00, 0x49, 0x00, 0x6d, 
	0x00, 0x6d, 0x00, 0x6d, 0x00, 0x6d, 0x00, 0x92, 
	0x00, 0x92, 0x00, 0x92, 0x00, 0x92, 0x00, 0x92, 
	0x00, 0x92, 0x00, 0x92, 0x00, 0x92, 0x00, 0x92, 
	0x00, 0x00, 0x00, 0x00, 0x00, 0x00, 0xb0, 0x00, 
	0x00, 0x00, 0x00, 0x00, 0x00, 0x00, 0x00, 0x00, 
	0x00, 0x00, 0x00, 0x00, 0x00, 0x00, 0x00, 0x00, 
	0x00, 0x00, 0x00, 0x00, 0x00, 0x00, 0x00, 0x24, 
	0x00, 0x24, 0x00, 0x24, 0x00, 0x49, 0x00, 0x49, 
	0x00, 0x49, 0x00, 0x6d, 0x00, 0x6d, 0x00, 0x6d, 
	0x00, 0x6d, 0x00, 0x6d, 0x00, 0x92, 0x00, 0x92, 
	0x00, 0x92, 0x00, 0x92, 0x00, 0x92, 0x00, 0x92, 
	0x00, 0x00, 0xb0, 0x00, 0xb0, 0x00, 0xb0, 0x00, 
	0xb0, 0x00, 0xb0, 0x00, 0x00, 0x00, 0x00, 0x00, 
	0x00, 0x00, 0x00, 0x00, 0x00, 0x00, 0x00, 0x00, 
	0x00, 0x00, 0x00, 0x00, 0x00, 0x00, 0x00, 0x00, 
	0x00, 0x00, 0x00, 0x24, 0x00, 0x24, 0x00, 0x24, 
	0x00, 0x49, 0x00, 0x49, 0x00, 0x49, 0x00, 0x49, 
	0x00, 0x6d, 0x00, 0x6d, 0x00, 0x6d, 0x00, 0x6d, 
	0x00, 0x6d, 0x00, 0x92, 0x00, 0x92, 0x00, 0x92, 
	0x00, 0x00, 0x00, 0x00, 0x00, 0x00, 0xb0, 0x00, 
	0x00, 0x00, 0xb0, 0x00, 0x00, 0x00, 0x00, 0x00, 
	0x00, 0x00, 0x00, 0x00, 0x00, 0x00, 0x00, 0x00, 
	0x00, 0x00, 0x00, 0x00, 0x00, 0x00, 0x00, 0x00, 
	0x00, 0x00, 0x00, 0x00, 0x00, 0x00, 0x00, 0x24, 
	0x00, 0x24, 0x00, 0x24, 0x00, 0x49, 0x00, 0x49, 
	0x00, 0x49, 0x00, 0x49, 0x00, 0x6d, 0x00, 0x6d, 
	0x00, 0x6d, 0x00, 0x6d, 0x00, 0x6d, 0x00, 0x6d, 
	0x00, 0x00, 0x00, 0x00, 0x00, 0x00, 0xb0, 0x00, 
	0x00, 0x00, 0xb0, 0x00, 0x00, 0x00, 0x00, 0x00, 
	0x00, 0x00, 0x00, 0x00, 0x00, 0x00, 0x00, 0x00, 
	0x00, 0x00, 0x00, 0x00, 0x00, 0x00, 0x00, 0x00, 
	0x00, 0x00, 0x00, 0x00, 0x00, 0x00, 0x00, 0x00, 
	0x00, 0x00, 0x00, 0x00, 0x00, 0x24, 0x00, 0x24, 
	0x00, 0x24, 0x00, 0x49, 0x00, 0x49, 0x00, 0x49, 
	0x00, 0x49, 0x00, 0x49, 0x00, 0x49, 0x00, 0x6d, 
	0x00, 0x00, 0x00, 0x00, 0x00, 0x00, 0x00, 0x00, 
	0x00, 0x00, 0x00, 0x00, 0x00, 0x00, 0x00, 0x00, 
	0x00, 0x00, 0x00, 0x00, 0x00, 0x00, 0x00, 0x00, 
	0x00, 0x00, 0x00, 0x00, 0x00, 0x00, 0x00, 0x00, 
	0x00, 0x00, 0x00, 0x00, 0x00, 0x00, 0x00, 0x00, 
	0x00, 0x00, 0x00, 0x00, 0x00, 0x00, 0x00, 0x00, 
	0x00, 0x24, 0x00, 0x24, 0x00, 0x24, 0x00, 0x24, 
	0x00, 0x24, 0x00, 0x49, 0x00, 0x49, 0x00, 0x49, 
	0x00, 0x00, 0x00, 0x00, 0xb0, 0x00, 0x00, 0x00, 
	0x00, 0x00, 0x00, 0x00, 0x00, 0x00, 0xb0, 0x00, 
	0x00, 0x00, 0xb0, 0x00, 0x00, 0x00, 0x00, 0x00, 
	0x00, 0x00, 0x00, 0x00, 0x00, 0x00, 0x00, 0x00, 
	0x00, 0x00, 0x00, 0x00, 0x00, 0x00, 0x00, 0x00, 
	0x00, 0x00, 0x00, 0x00, 0x00, 0x00, 0x00, 0x00, 
	0x00, 0x00, 0x00, 0x00, 0x00, 0x00, 0x00, 0x00, 
	0x00, 0x24, 0x00, 0x24, 0x00, 0x24, 0x00, 0x24, 
	0x00, 0x00, 0x00, 0x00, 0xb0, 0x00, 0xb0, 0x00, 
	0xb0, 0x00, 0xb0, 0x00, 0x00, 0x00, 0x00, 0x00, 
	0x00, 0x00, 0x00, 0x00, 0x00, 0x00, 0x00, 0x00, 
	0x00, 0x00, 0x00, 0x00, 0x00, 0x00, 0x00, 0x00, 
	0x00, 0x00, 0x00, 0x00, 0x00, 0x00, 0x00, 0x00, 
	0x00, 0x00, 0x00, 0x00, 0x00, 0x00, 0x00, 0x00, 
	0x00, 0x00, 0x00, 0x00, 0x00, 0x00, 0x00, 0x00, 
	0x00, 0x00, 0x00, 0x00, 0x00, 0x00, 0x00, 0x00, 
	0x00, 0x00, 0x00, 0x00, 0xb0, 0x00, 0x00, 0x00, 
	0xb0, 0x00, 0x00, 0x00, 0x00, 0x00, 0x00, 0x00, 
	0x00, 0x00, 0x00, 0x00, 0x00, 0x00, 0x00, 0x00, 
	0x00, 0x00, 0x00, 0x00, 0x00, 0x00, 0x00, 0x00, 
	0x00, 0x00, 0x00, 0x00, 0x00, 0x00, 0x00, 0x00, 
	0x00, 0x00, 0x00, 0x00, 0x00, 0x00, 0x00, 0x00, 
	0x00, 0x00, 0x00, 0x00, 0x00, 0x00, 0x00, 0x00, 
	0x00, 0x00, 0x00, 0x00, 0x00, 0x00, 0x00, 0x00, 
	0x00, 0x00, 0x00, 0x00, 0x00, 0x00, 0x00, 0x00, 
	0xb0, 0x00, 0x00, 0x00, 0x00, 0x00, 0x00, 0x00, 
	0x00, 0x00, 0x00, 0x00, 0x00, 0x00, 0x00, 0x00, 
	0x00, 0x00, 0x00, 0x00, 0x00, 0x00, 0x00, 0x00, 
	0x00, 0x00, 0x00, 0x00, 0x00, 0x00, 0x00, 0x00, 
	0x00, 0x00, 0x00, 0x00, 0x00, 0x00, 0x00, 0x00, 
	0x00, 0x00, 0x00, 0x00, 0x00, 0x00, 0x00, 0x00, 
	0x00, 0x00, 0x00, 0x00, 0x00, 0x00, 0x00, 0x00, 
	0x00, 0x00, 0x00, 0x00, 0x00, 0x00, 0x00, 0x00, 
	0x00, 0x00, 0x00, 0x00, 0x00, 0x00, 0x00, 0x00, 
	0x00, 0x00, 0x00, 0x00, 0x00, 0x00, 0x00, 0x00, 
	0x00, 0x00, 0x00, 0x00, 0x00, 0x00, 0x00, 0x00, 
	0x00, 0x00, 0x00, 0x00, 0x00, 0x00, 0x00, 0x00, 
	0x00, 0x00, 0x00, 0x00, 0x00, 0x00, 0x00, 0x00, 
	0x00, 0x00, 0x00, 0x00, 0x00, 0x00, 0x00, 0x00, 
	0x00, 0x00, 0x00, 0x00, 0x00, 0x00, 0x00, 0x00, 
	
};

ALIGNED8 u8 ow_ph_miu64_mo009_ci4[] = {
	0x01, 0x22, 0x22, 0x22, 0x33, 0x33, 0x12, 0x12, 
	0x11, 0x11, 0x12, 0x22, 0x14, 0x11, 0x11, 0x51, 
	0x11, 0x11, 0x44, 0x64, 0x11, 0x11, 0x11, 0x14, 
	0x11, 0x14, 0x14, 0x44, 0x00, 0x00, 0x07, 0x77, 
	0x01, 0x22, 0x22, 0x22, 0x33, 0x33, 0x31, 0x21, 
	0x11, 0x44, 0x41, 0x11, 0x11, 0x44, 0x11, 0x11, 
	0x11, 0x11, 0x11, 0x41, 0x11, 0x11, 0x44, 0x44, 
	0x44, 0x44, 0x44, 0x44, 0x00, 0x00, 0x77, 0x77, 
	0x01, 0x12, 0x22, 0x22, 0x33, 0x32, 0x21, 0x21, 
	0x11, 0x11, 0x14, 0x11, 0x14, 0x44, 0x11, 0x55, 
	0x11, 0x11, 0x11, 0x22, 0x12, 0x21, 0x41, 0x14, 
	0x14, 0x14, 0x44, 0x44, 0x66, 0x00, 0x07, 0x77, 
	0x01, 0x12, 0x22, 0x32, 0x33, 0x32, 0x32, 0x11, 
	0x21, 0x12, 0x21, 0x44, 0x44, 0x41, 0x52, 0x11, 
	0x15, 0x11, 0x22, 0x22, 0x22, 0x22, 0x11, 0x44, 
	0x41, 0x14, 0x44, 0x44, 0x60, 0x00, 0x07, 0x77, 
	0x05, 0x52, 0x22, 0x33, 0x33, 0x33, 0x21, 0x12, 
	0x21, 0x14, 0x11, 0x11, 0x14, 0x11, 0x44, 0x44, 
	0x88, 0x02, 0x22, 0x22, 0x22, 0x22, 0x14, 0x41, 
	0x44, 0x44, 0x44, 0x46, 0x60, 0x00, 0x00, 0x77, 
	0x05, 0x52, 0x22, 0x22, 0x33, 0x33, 0x21, 0x11, 
	0x11, 0x14, 0x11, 0x11, 0x11, 0x11, 0x44, 0x49, 
	0x88, 0x80, 0x22, 0x22, 0x52, 0x21, 0x44, 0x44, 
	0x44, 0x11, 0x54, 0x44, 0x44, 0x00, 0x67, 0x77, 
	0x05, 0x22, 0x22, 0x23, 0x33, 0x33, 0x22, 0x22, 
	0x11, 0x14, 0x11, 0x11, 0x41, 0x11, 0x44, 0x9a, 
	0x88, 0x88, 0xb2, 0x22, 0x51, 0x51, 0x44, 0x44, 
	0x44, 0x41, 0x54, 0x44, 0x66, 0x40, 0x00, 0x77, 
	0x45, 0x52, 0x22, 0x23, 0x33, 0x33, 0x22, 0x22, 
	0x22, 0x14, 0x11, 0x11, 0x41, 0x14, 0x49, 0xaa, 
	0x88, 0x88, 0xab, 0x22, 0x14, 0x51, 0x41, 0x14, 
	0x41, 0x14, 0x55, 0x54, 0x66, 0x66, 0x00, 0x77, 
	0x51, 0x22, 0x22, 0x23, 0x33, 0x33, 0x22, 0x22, 
	0x22, 0x11, 0x11, 0x44, 0x11, 0x11, 0x9a, 0xac, 
	0xcc, 0xcc, 0x88, 0x94, 0x11, 0x11, 0x44, 0x44, 
	0x14, 0x14, 0x51, 0x14, 0x44, 0x00, 0x07, 0x77, 
	0x51, 0x12, 0x22, 0x23, 0x33, 0x33, 0x22, 0x22, 
	0x22, 0x11, 0x11, 0x14, 0x11, 0x19, 0xaa, 0xcc, 
	0xcc, 0xcc, 0x88, 0x89, 0x11, 0x11, 0x14, 0x44, 
	0x14, 0x44, 0x14, 0x44, 0x44, 0x40, 0x07, 0x77, 
	0x51, 0x22, 0x22, 0x33, 0x33, 0x33, 0x32, 0x22, 
	0x11, 0x21, 0x21, 0x44, 0x11, 0x9a, 0xac, 0xcc, 
	0xb6, 0xcc, 0x88, 0x88, 0xc1, 0x11, 0x14, 0x44, 
	0x44, 0x44, 0x41, 0x44, 0x44, 0x40, 0x07, 0x70, 
	0x51, 0x2d, 0x22, 0x33, 0x33, 0x33, 0x22, 0x22, 
	0x21, 0x11, 0x42, 0x11, 0x19, 0xaa, 0xcc, 0xcc, 
	0x62, 0xcc, 0x88, 0x88, 0xcc, 0x11, 0x11, 0x44, 
	0x11, 0x44, 0x41, 0x44, 0x44, 0x07, 0x77, 0x70, 
	0x11, 0x22, 0x23, 0x23, 0x33, 0x33, 0x22, 0x22, 
	0x21, 0x11, 0x55, 0x55, 0xb8, 0x88, 0xcc, 0xcc, 
	0x11, 0x7c, 0xcc, 0x8c, 0xaa, 0xa4, 0x44, 0x44, 
	0x44, 0x14, 0x41, 0x14, 0x44, 0x00, 0x77, 0x00, 
	0x11, 0x22, 0x23, 0x33, 0x33, 0x33, 0x22, 0x22, 
	0x21, 0x22, 0x55, 0x5b, 0x88, 0x88, 0xcc, 0xcb, 
	0x11, 0x1c, 0xcc, 0xcc, 0xaa, 0xaa, 0x44, 0x44, 
	0x44, 0x14, 0x11, 0x41, 0x44, 0x00, 0x77, 0x04, 
	0x11, 0x22, 0x22, 0x33, 0x33, 0x13, 0x22, 0x22, 
	0x22, 0x21, 0x55, 0xba, 0x88, 0x88, 0xcc, 0xc6, 
	0x11, 0x17, 0xcc, 0x88, 0xaa, 0xaa, 0xa7, 0x44, 
	0x04, 0x44, 0x44, 0x44, 0x40, 0x00, 0x07, 0x04, 
	0x11, 0x22, 0x22, 0x33, 0x33, 0x13, 0x22, 0x22, 
	0x22, 0x22, 0x5b, 0xaa, 0x88, 0x88, 0xcc, 0xcd, 
	0x11, 0x11, 0xcc, 0x88, 0xaa, 0xaa, 0xaa, 0x74, 
	0x44, 0x44, 0x44, 0x14, 0x00, 0x00, 0x07, 0x04, 
	0x41, 0x22, 0x22, 0x22, 0x33, 0x33, 0x31, 0x11, 
	0x22, 0x22, 0x40, 0x4e, 0xee, 0xee, 0xff, 0xf1, 
	0x11, 0x41, 0xff, 0xff, 0xff, 0xff, 0xff, 0x11, 
	0x41, 0x44, 0x41, 0x14, 0x40, 0x00, 0x77, 0x00, 
	0x41, 0x21, 0x22, 0x33, 0x33, 0x13, 0x33, 0x22, 
	0x52, 0x22, 0x4e, 0xee, 0xee, 0x11, 0x11, 0x11, 
	0x41, 0x11, 0x44, 0x44, 0x55, 0x55, 0x1d, 0x11, 
	0x11, 0x14, 0x44, 0x44, 0x44, 0x40, 0x77, 0x70, 
	0x44, 0x12, 0x22, 0x23, 0x33, 0x33, 0x32, 0x21, 
	0x25, 0x25, 0x44, 0x44, 0x14, 0x11, 0x11, 0x11, 
	0x11, 0x11, 0x44, 0x41, 0x55, 0x22, 0xd1, 0x11, 
	0x41, 0x44, 0x44, 0x44, 0x44, 0x40, 0x70, 0x70, 
	0x11, 0x12, 0x22, 0x22, 0x33, 0x31, 0x31, 0x11, 
	0x55, 0x52, 0x44, 0x44, 0x14, 0x11, 0x11, 0x11, 
	0x11, 0x44, 0x44, 0x41, 0x22, 0x25, 0x11, 0x11, 
	0x14, 0x14, 0x41, 0x14, 0x44, 0x00, 0x77, 0x70, 
	0x11, 0x22, 0x22, 0x32, 0x32, 0x32, 0x21, 0x11, 
	0x11, 0x22, 0x15, 0x11, 0x55, 0x51, 0x11, 0x11, 
	0x14, 0x44, 0x04, 0x11, 0x22, 0x25, 0x42, 0x21, 
	0x44, 0x44, 0x11, 0x14, 0x40, 0x00, 0x07, 0x70, 
	0x11, 0x22, 0x22, 0x23, 0x32, 0x22, 0x22, 0x11, 
	0x11, 0x22, 0x22, 0x11, 0x11, 0x11, 0x11, 0x14, 
	0x11, 0x44, 0x44, 0x11, 0x22, 0x11, 0x11, 0x11, 
	0x46, 0x41, 0x11, 0x44, 0x00, 0x00, 0x00, 0x70, 
	0x11, 0x22, 0x22, 0x23, 0x32, 0x22, 0x22, 0x11, 
	0x12, 0x22, 0x21, 0x51, 0x55, 0x11, 0x11, 0x11, 
	0x44, 0x44, 0x41, 0x11, 0x21, 0x11, 0x21, 0x44, 
	0x66, 0x14, 0x11, 0x44, 0x00, 0x00, 0x00, 0x70, 
	0x41, 0x22, 0x22, 0x32, 0x22, 0x22, 0x22, 0x21, 
	0x22, 0x12, 0x51, 0x11, 0x15, 0x55, 0x11, 0x11, 
	0x14, 0x41, 0x11, 0x11, 0x21, 0x11, 0x11, 0x44, 
	0x14, 0x11, 0x11, 0x11, 0x40, 0x00, 0x00, 0x07, 
	0x44, 0x22, 0x22, 0x22, 0x32, 0x32, 0x21, 0x11, 
	0x11, 0x11, 0x51, 0x15, 0x55, 0x55, 0x55, 0x51, 
	0x14, 0x41, 0x11, 0x22, 0x21, 0x21, 0x11, 0x14, 
	0x11, 0x11, 0x11, 0x14, 0x44, 0x00, 0x00, 0x07, 
	0x04, 0x22, 0x52, 0x22, 0x23, 0x33, 0x21, 0x11, 
	0x11, 0x11, 0x11, 0x15, 0x54, 0x55, 0x55, 0x55, 
	0x51, 0x41, 0x12, 0x11, 0x11, 0x21, 0x11, 0x11, 
	0x11, 0x41, 0x14, 0x44, 0x00, 0x40, 0x00, 0x07, 
	0x72, 0x22, 0x55, 0x22, 0x33, 0x23, 0x22, 0x21, 
	0x11, 0x11, 0x11, 0x11, 0x54, 0x55, 0x55, 0x11, 
	0x14, 0x11, 0x11, 0x11, 0x11, 0x11, 0x11, 0x14, 
	0x44, 0x11, 0x14, 0x44, 0x44, 0x44, 0x00, 0x07, 
	0x72, 0x22, 0x55, 0x22, 0x33, 0x33, 0x12, 0x21, 
	0x11, 0x11, 0x11, 0x11, 0x55, 0x55, 0x55, 0x11, 
	0x45, 0x55, 0x11, 0x14, 0x44, 0x11, 0x11, 0x11, 
	0x11, 0x11, 0x11, 0x44, 0x44, 0x40, 0x07, 0x77, 
	0x71, 0x11, 0x22, 0x22, 0x33, 0x23, 0x11, 0x11, 
	0x11, 0x11, 0x22, 0x25, 0x55, 0x55, 0x55, 0x55, 
	0x57, 0x75, 0x44, 0x44, 0x51, 0x15, 0x11, 0x11, 
	0x12, 0x21, 0x14, 0x11, 0x16, 0x60, 0x77, 0x77, 
	0x91, 0x11, 0x22, 0x22, 0x22, 0x33, 0x11, 0x11, 
	0x11, 0x11, 0x52, 0x55, 0x55, 0x55, 0x55, 0x55, 
	0x7a, 0xa7, 0x44, 0x44, 0x51, 0x11, 0x11, 0x11, 
	0x11, 0x11, 0x11, 0x11, 0x16, 0x00, 0x77, 0x79, 
	0xaa, 0x11, 0x22, 0x22, 0x33, 0x32, 0x11, 0x13, 
	0x64, 0x11, 0x55, 0x55, 0x55, 0x55, 0x55, 0x57, 
	0xaa, 0xaa, 0x94, 0x44, 0x55, 0x11, 0x11, 0x11, 
	0x11, 0x41, 0x11, 0x11, 0x66, 0x00, 0x77, 0x9a, 
	0xaa, 0xa7, 0x22, 0x22, 0x33, 0x22, 0x11, 0x11, 
	0x41, 0x11, 0x55, 0x55, 0x55, 0x55, 0x55, 0x7a, 
	0xaa, 0xaa, 0xa9, 0x44, 0x55, 0x11, 0x11, 0x11, 
	0x21, 0x44, 0x14, 0x11, 0x66, 0x00, 0x7a, 0xaa, 
	0x8a, 0xa8, 0x97, 0x55, 0x33, 0x33, 0x11, 0x11, 
	0x11, 0x11, 0x11, 0x11, 0x11, 0x11, 0x27, 0xaa, 
	0xa8, 0x88, 0xaa, 0xa0, 0x11, 0x11, 0x14, 0x41, 
	0x14, 0x44, 0x44, 0x44, 0x44, 0x47, 0xaa, 0xaa, 
	0xcc, 0xaa, 0xaa, 0x95, 0x33, 0x33, 0x33, 0x11, 
	0x11, 0x11, 0x11, 0x11, 0x11, 0x11, 0x7a, 0xaa, 
	0x8c, 0xcc, 0xaa, 0xaa, 0x71, 0x11, 0x14, 0x44, 
	0x44, 0x11, 0x44, 0x44, 0x44, 0x7a, 0xaa, 0xa8, 
	0xc8, 0xca, 0xaa, 0xaa, 0x73, 0x33, 0x33, 0x11, 
	0x11, 0x11, 0x11, 0x11, 0x11, 0x17, 0xaa, 0xaa, 
	0x8c, 0xcc, 0xaa, 0xaa, 0xa9, 0x11, 0x41, 0x44, 
	0x44, 0x11, 0x44, 0x44, 0x49, 0xaa, 0xaa, 0x88, 
	0xc8, 0x88, 0xaa, 0xaa, 0xa9, 0x33, 0x31, 0x11, 
	0x11, 0x11, 0x11, 0x11, 0x11, 0x7a, 0xaa, 0xaa, 
	0xcc, 0xcc, 0xaa, 0xaa, 0xaa, 0x71, 0x14, 0x44, 
	0x44, 0x44, 0x44, 0xbb, 0xaa, 0xaa, 0xa8, 0x8a, 
	0xcc, 0xcc, 0x8c, 0xaa, 0xaa, 0xab, 0x71, 0x11, 
	0x11, 0x11, 0x11, 0x11, 0x09, 0xaa, 0xa8, 0x8c, 
	0xcc, 0xcc, 0xcc, 0x8c, 0xaa, 0xab, 0x11, 0x11, 
	0x44, 0x44, 0x47, 0xaa, 0xaa, 0xa8, 0x88, 0x88, 
	0xcc, 0xcc, 0x88, 0x88, 0xaa, 0xaa, 0xa9, 0x71, 
	0x11, 0x11, 0x11, 0x11, 0xaa, 0xaa, 0x88, 0x88, 
	0xcc, 0xcc, 0xcc, 0x8c, 0xaa, 0xaa, 0xb1, 0x11, 
	0x44, 0x44, 0x49, 0xaa, 0xaa, 0x88, 0x88, 0x88, 
	0xcc, 0xcc, 0xc8, 0x88, 0xcc, 0xaa, 0xaa, 0xa7, 
	0x22, 0x11, 0x11, 0x78, 0xaa, 0xaa, 0x8c, 0xc8, 
	0xcc, 0xcc, 0xcc, 0xc8, 0xaa, 0xaa, 0xaa, 0x11, 
	0x44, 0x44, 0x9a, 0xaa, 0xcc, 0x88, 0x88, 0x88, 
	0xbc, 0xcc, 0xc8, 0x8c, 0xcc, 0xcc, 0xaa, 0xaa, 
	0x11, 0x11, 0x11, 0x98, 0xaa, 0xaa, 0x8c, 0xcc, 
	0xcc, 0xbb, 0x88, 0x88, 0xaa, 0xaa, 0xaa, 0xa1, 
	0x44, 0x4c, 0xaa, 0xaa, 0xcc, 0x88, 0x88, 0x8c, 
	0x6b, 0x99, 0xcc, 0xcc, 0xcc, 0xcc, 0x88, 0xaa, 
	0xa7, 0x11, 0x27, 0xaa, 0xa8, 0x88, 0xcc, 0xcc, 
	0x99, 0xef, 0x98, 0x88, 0x8c, 0xaa, 0xaa, 0xaa, 
	0x00, 0xaa, 0xaa, 0x8c, 0xcc, 0x88, 0x88, 0x86, 
	0xb6, 0xb9, 0xcc, 0xcc, 0xcc, 0xcc, 0xc8, 0x88, 
	0xaa, 0x91, 0x7a, 0xaa, 0x8c, 0xcc, 0xcc, 0xcc, 
	0x9b, 0xfe, 0xe8, 0x88, 0x8a, 0xaa, 0xaa, 0xaa, 
	0xaa, 0xaa, 0xac, 0x8c, 0xc8, 0x88, 0x88, 0x6d, 
	0xb6, 0xdb, 0xcc, 0xcc, 0x8c, 0xcc, 0xcc, 0xcc, 
	0xaa, 0xaa, 0xaa, 0xaa, 0x8c, 0x8c, 0xcc, 0xcc, 
	0x9f, 0xee, 0xe6, 0x88, 0xaa, 0xaa, 0xaa, 0xaa, 
	0xaa, 0xaa, 0x88, 0xc8, 0xc8, 0x8a, 0x8b, 0xd6, 
	0xb6, 0xdd, 0xbc, 0xcc, 0xcc, 0xcc, 0x88, 0xc8, 
	0xaa, 0xaa, 0xaa, 0xaa, 0x8c, 0xc8, 0xcc, 0xcc, 
	0xff, 0xee, 0xee, 0x98, 0xaa, 0xaa, 0xaa, 0xaa, 
	0xaa, 0xaa, 0xcc, 0x88, 0x88, 0x8a, 0x8d, 0x6b, 
	0x70, 0x1d, 0xd7, 0xcc, 0xcc, 0xcc, 0x8c, 0xcc, 
	0xcc, 0xcc, 0x88, 0xcc, 0x8c, 0xcc, 0xcc, 0xcb, 
	0xf1, 0x11, 0x44, 0xd9, 0xaa, 0xaa, 0xaa, 0xaa, 
	0x88, 0x8c, 0xc8, 0x88, 0x88, 0x88, 0xee, 0x77, 
	0x70, 0x11, 0xdd, 0x7c, 0xcc, 0xcc, 0xcc, 0xcc, 
	0xcc, 0xcc, 0x8c, 0x88, 0xcc, 0xcc, 0xcc, 0xce, 
	0x11, 0x11, 0x44, 0xd4, 0xaa, 0xaa, 0xaa, 0xaa, 
	0x88, 0xcc, 0xc8, 0xc8, 0x88, 0x89, 0xd7, 0x77, 
	0x70, 0x11, 0xdd, 0xd7, 0xcc, 0xcc, 0xcc, 0xcc, 
	0xcc, 0xcc, 0x8a, 0xc8, 0x8c, 0xcc, 0xcc, 0xbe, 
	0x11, 0x11, 0x44, 0x4d, 0x6a, 0xaa, 0xaa, 0xa8, 
	0x8c, 0xcc, 0xcc, 0xc8, 0x88, 0x86, 0x67, 0x77, 
	0x71, 0x11, 0xdd, 0xdd, 0x69, 0xcc, 0xcc, 0xcc, 
	0xcc, 0xcc, 0xcc, 0xcc, 0xcc, 0xcc, 0xcc, 0xee, 
	0x11, 0x11, 0x44, 0x44, 0xdb, 0xaa, 0xaa, 0x88, 
	0xcc, 0xcc, 0xc8, 0xcc, 0x88, 0x86, 0x67, 0x77, 
	0x74, 0x11, 0x22, 0x23, 0x36, 0x99, 0xcc, 0xcc, 
	0xcc, 0xcc, 0xcc, 0xcc, 0x88, 0x88, 0x97, 0xfe, 
	0x41, 0x44, 0x41, 0x44, 0x11, 0x88, 0xaa, 0x8c, 
	0xcc, 0xcc, 0xcc, 0xcc, 0x97, 0x7e, 0x77, 0x77, 
	0x74, 0x11, 0x22, 0x23, 0x33, 0x3b, 0xcc, 0xcc, 
	0x8c, 0xc8, 0xcc, 0xcc, 0x88, 0x88, 0xff, 0xee, 
	0x44, 0x41, 0x44, 0x14, 0x11, 0x18, 0x88, 0x8c, 
	0xcc, 0xcc, 0xcc, 0xcc, 0x9f, 0xfe, 0x77, 0x77, 
	0x74, 0x11, 0x22, 0x22, 0x33, 0x36, 0x9c, 0xcc, 
	0xc8, 0xcc, 0x88, 0xc8, 0x88, 0x8e, 0xff, 0xee, 
	0x41, 0x41, 0x44, 0x11, 0x11, 0x19, 0x88, 0xcc, 
	0xcc, 0x88, 0xcc, 0xcb, 0xfe, 0xe7, 0x77, 0x77, 
	0x74, 0x11, 0x22, 0x22, 0x33, 0x33, 0x69, 0xcc, 
	0xc8, 0x88, 0xcc, 0xcc, 0x88, 0xbf, 0xee, 0xee, 
	0x14, 0x44, 0x11, 0x11, 0x11, 0x19, 0xc8, 0x88, 
	0xcc, 0x88, 0xcc, 0xbf, 0xf7, 0x77, 0x77, 0x77, 
	0x04, 0x22, 0x22, 0x33, 0x33, 0x33, 0xee, 0xbc, 
	0x88, 0x88, 0xcc, 0xcc, 0x99, 0xfe, 0x41, 0x14, 
	0x44, 0x44, 0x51, 0x51, 0x11, 0x12, 0xcc, 0xcc, 
	0x88, 0x88, 0xcc, 0xdd, 0x00, 0x07, 0x77, 0x77, 
	0x02, 0x22, 0x22, 0x32, 0x33, 0x23, 0xee, 0x6c, 
	0x88, 0x88, 0xcc, 0xcc, 0x9f, 0xfe, 0x41, 0x14, 
	0x44, 0x41, 0x51, 0x51, 0x11, 0x12, 0x6b, 0xcc, 
	0x88, 0x88, 0xcb, 0xd6, 0x00, 0x77, 0x77, 0x77, 
	0x02, 0x22, 0x22, 0x23, 0x32, 0x22, 0xee, 0xeb, 
	0x88, 0x88, 0xaa, 0xac, 0xbf, 0xee, 0x44, 0x44, 
	0x44, 0x44, 0x11, 0x11, 0x12, 0x11, 0xdd, 0xbc, 
	0xcc, 0x88, 0xcd, 0x66, 0x00, 0x77, 0x77, 0x77, 
	0x02, 0x22, 0x22, 0x23, 0x33, 0x23, 0xee, 0xee, 
	0xb8, 0x88, 0xaa, 0xa9, 0xfe, 0xee, 0x41, 0x44, 
	0x44, 0x44, 0x11, 0x11, 0x21, 0x11, 0xdd, 0xdc, 
	0xa8, 0x88, 0x6d, 0x66, 0x00, 0x77, 0x77, 0x77, 
	0x42, 0x22, 0x22, 0x23, 0x33, 0x33, 0x21, 0x12, 
	0xdb, 0xcc, 0x88, 0x8d, 0xd1, 0x44, 0x44, 0x14, 
	0x44, 0x11, 0x22, 0x11, 0x11, 0x11, 0x11, 0x22, 
	0xcc, 0xcb, 0xf4, 0x44, 0x00, 0x07, 0x07, 0x77, 
	0x42, 0x22, 0x12, 0x23, 0x33, 0x33, 0x21, 0x12, 
	0xdd, 0xbc, 0x88, 0xed, 0x11, 0x14, 0x44, 0x14, 
	0x41, 0x14, 0x12, 0x11, 0x11, 0x11, 0x11, 0x1d, 
	0x6c, 0xcd, 0xe4, 0x44, 0x00, 0x00, 0x00, 0x07, 
	0x42, 0x22, 0x22, 0x33, 0x33, 0x33, 0x21, 0x22, 
	0x6d, 0xdb, 0x8b, 0xde, 0x11, 0x11, 0x11, 0x11, 
	0x11, 0x11, 0x11, 0x12, 0x11, 0x15, 0x44, 0x41, 
	0xdb, 0xdd, 0x44, 0x44, 0x00, 0x00, 0x00, 0x77, 
	0x42, 0x24, 0x12, 0x33, 0x33, 0x33, 0x11, 0x11, 
	0x66, 0xdd, 0xed, 0xde, 0x41, 0x11, 0x11, 0x11, 
	0x44, 0x11, 0x11, 0x11, 0x11, 0x51, 0x44, 0x44, 
	0x6d, 0xd6, 0x44, 0x44, 0x00, 0x00, 0x00, 0x77, 
	0x01, 0x22, 0x11, 0x12, 0x33, 0x33, 0x11, 0x11, 
	0x11, 0x12, 0xff, 0x11, 0x44, 0x41, 0x11, 0x11, 
	0x44, 0x11, 0x11, 0x55, 0x11, 0x11, 0x44, 0x41, 
	0x12, 0x11, 0x44, 0x44, 0x44, 0x00, 0x00, 0x07, 
	0x71, 0x22, 0x11, 0x23, 0x33, 0x33, 0x21, 0x22, 
	0x22, 0x11, 0x21, 0x11, 0x11, 0x44, 0x15, 0x55, 
	0x11, 0x11, 0x11, 0x51, 0x11, 0x46, 0x44, 0x14, 
	0x41, 0x11, 0x44, 0x44, 0x44, 0x40, 0x00, 0x77, 
	0x72, 0x22, 0x22, 0x23, 0x33, 0x33, 0x11, 0x23, 
	0x22, 0x21, 0x11, 0x11, 0x11, 0x11, 0x11, 0x55, 
	0x14, 0x11, 0x11, 0x11, 0x11, 0x11, 0x44, 0x44, 
	0x41, 0x11, 0x44, 0x41, 0x44, 0x00, 0x00, 0x77, 
	0x71, 0x12, 0x23, 0x33, 0x33, 0x33, 0x21, 0x22, 
	0x22, 0x22, 0x21, 0x12, 0x14, 0x41, 0x11, 0x51, 
	0x14, 0x41, 0x11, 0x44, 0x61, 0x11, 0x41, 0x11, 
	0x11, 0x11, 0x44, 0x14, 0x44, 0x00, 0x00, 0x07, 
	
};

ALIGNED8 u8 ow_ph_miu64_mo009_pal_rgba16[] = {
	0xb2, 0x01, 0xd2, 0xc1, 0xe3, 0x45, 0xf3, 0xcd, 
	0xca, 0x81, 0xda, 0xc1, 0xb2, 0x81, 0x99, 0x81, 
	0x28, 0x01, 0x58, 0xc1, 0x18, 0x01, 0x71, 0x81, 
	0x38, 0x01, 0xf4, 0x03, 0xcb, 0x43, 0xfc, 0xc3, 
	
};

Vtx ow_ph_ow_ph_mesh_layer_1_vtx_0[6] = {
	{{ {-1184, 0, -236}, 0, {2193, -5879}, {221, 185, 142, 255} }},
	{{ {-1004, 0, 539}, 0, {5999, -5879}, {221, 201, 196, 255} }},
	{{ {-242, 0, 770}, 0, {7903, -2072}, {219, 208, 200, 255} }},
	{{ {-603, 0, -780}, 0, {289, -2072}, {151, 147, 155, 255} }},
	{{ {339, 0, 226}, 0, {5999, 1727}, {193, 191, 202, 255} }},
	{{ {158, 0, -549}, 0, {2193, 1727}, {117, 145, 147, 255} }},
};

Vtx ow_ph_ow_ph_mesh_layer_1_vtx_1[24] = {
	{{ {-197, -201, 964}, 0, {-16, 2032}, {187, 179, 203, 255} }},
	{{ {-1004, 0, 539}, 0, {4096, -16}, {221, 201, 196, 255} }},
	{{ {-1149, -201, 675}, 0, {4096, 2032}, {202, 162, 134, 255} }},
	{{ {-242, 0, 770}, 0, {-16, -16}, {181, 178, 200, 255} }},
	{{ {-1149, -201, 675}, 0, {-16, 2032}, {202, 162, 134, 255} }},
	{{ {-1184, 0, -236}, 0, {4096, -16}, {221, 185, 142, 255} }},
	{{ {-1375, -201, -294}, 0, {4096, 2032}, {152, 167, 166, 255} }},
	{{ {-1004, 0, 539}, 0, {-16, -16}, {221, 201, 196, 255} }},
	{{ {-1375, -201, -294}, 0, {-16, 2032}, {152, 167, 166, 255} }},
	{{ {-603, 0, -780}, 0, {4096, -16}, {135, 148, 157, 255} }},
	{{ {-649, -201, -974}, 0, {4096, 2032}, {115, 129, 130, 255} }},
	{{ {-1184, 0, -236}, 0, {-16, -16}, {221, 185, 142, 255} }},
	{{ {-649, -201, -974}, 0, {-16, 2032}, {115, 129, 130, 255} }},
	{{ {158, 0, -549}, 0, {4096, -16}, {104, 109, 122, 255} }},
	{{ {303, -201, -685}, 0, {4096, 2032}, {38, 38, 38, 255} }},
	{{ {-603, 0, -780}, 0, {-16, -16}, {135, 148, 157, 255} }},
	{{ {303, -201, -685}, 0, {-16, 2032}, {38, 38, 38, 255} }},
	{{ {339, 0, 226}, 0, {4096, -16}, {139, 143, 171, 255} }},
	{{ {529, -201, 284}, 0, {4096, 2032}, {138, 141, 169, 255} }},
	{{ {158, 0, -549}, 0, {-16, -16}, {104, 109, 122, 255} }},
	{{ {529, -201, 284}, 0, {-16, 2032}, {138, 141, 169, 255} }},
	{{ {-242, 0, 770}, 0, {4096, -16}, {181, 178, 200, 255} }},
	{{ {-197, -201, 964}, 0, {4096, 2032}, {187, 179, 203, 255} }},
	{{ {339, 0, 226}, 0, {-16, -16}, {139, 143, 171, 255} }},
};

Vtx ow_ph_ow_ph_mesh_layer_1_vtx_2[6] = {
	{{ {-1108, -1073, -195}, 0, {498, -16}, {178, 178, 178, 255} }},
	{{ {-319, -1073, 648}, 0, {2040, 1004}, {178, 178, 178, 255} }},
	{{ {-956, -1073, 454}, 0, {1526, -16}, {178, 178, 178, 255} }},
	{{ {-621, -1073, -650}, 0, {-16, 1004}, {178, 178, 178, 255} }},
	{{ {168, -1073, 192}, 0, {1526, 2032}, {178, 178, 178, 255} }},
	{{ {16, -1073, -457}, 0, {498, 2032}, {178, 178, 178, 255} }},
};

Vtx ow_ph_ow_ph_mesh_layer_1_vtx_3[12] = {
	{{ {-649, -201, -974}, 0, {2040, -2072}, {115, 129, 130, 255} }},
	{{ {-1375, -1063, -294}, 0, {4096, -554}, {85, 79, 79, 255} }},
	{{ {-1375, -201, -294}, 0, {4096, -2072}, {152, 167, 166, 255} }},
	{{ {-649, -1063, -974}, 0, {2040, -554}, {85, 79, 79, 255} }},
	{{ {303, -201, -685}, 0, {-16, -2072}, {38, 38, 38, 255} }},
	{{ {303, -1063, -685}, 0, {-16, -554}, {38, 38, 38, 255} }},
	{{ {529, -201, 284}, 0, {-16, -2072}, {138, 141, 169, 255} }},
	{{ {-197, -1063, 964}, 0, {2040, -554}, {51, 45, 60, 255} }},
	{{ {529, -1063, 284}, 0, {-16, -554}, {38, 38, 38, 255} }},
	{{ {-197, -201, 964}, 0, {2040, -2072}, {178, 178, 178, 255} }},
	{{ {-1149, -1063, 675}, 0, {4096, -554}, {87, 83, 87, 255} }},
	{{ {-1149, -201, 675}, 0, {4096, -2072}, {202, 162, 134, 255} }},
};

Vtx ow_ph_ow_ph_mesh_layer_1_vtx_4[16] = {
	{{ {339, -1264, 226}, 0, {20544, 2032}, {38, 38, 38, 255} }},
	{{ {529, -1063, 284}, 0, {20544, -16}, {38, 38, 38, 255} }},
	{{ {-197, -1063, 964}, 0, {16432, -16}, {51, 45, 60, 255} }},
	{{ {-242, -1264, 770}, 0, {16432, 2032}, {100, 91, 100, 255} }},
	{{ {-1149, -1063, 675}, 0, {12320, -16}, {87, 83, 87, 255} }},
	{{ {-1004, -1264, 539}, 0, {12320, 2032}, {122, 132, 145, 255} }},
	{{ {-1375, -1063, -294}, 0, {8208, -16}, {85, 79, 79, 255} }},
	{{ {-1184, -1264, -236}, 0, {8208, 2032}, {98, 102, 102, 255} }},
	{{ {-649, -1063, -974}, 0, {4096, -16}, {85, 79, 79, 255} }},
	{{ {-603, -1264, -780}, 0, {4096, 2032}, {85, 91, 99, 255} }},
	{{ {303, -1063, -685}, 0, {-16, -16}, {38, 38, 38, 255} }},
	{{ {158, -1264, -549}, 0, {-16, 2032}, {38, 38, 38, 255} }},
	{{ {158, -1264, -549}, 0, {20544, 2032}, {38, 38, 38, 255} }},
	{{ {529, -1063, 284}, 0, {16432, -16}, {38, 38, 38, 255} }},
	{{ {339, -1264, 226}, 0, {16432, 2032}, {38, 38, 38, 255} }},
	{{ {303, -1063, -685}, 0, {20544, -16}, {38, 38, 38, 255} }},
};

Vtx ow_ph_ow_ph_mesh_layer_1_vtx_5[8] = {
	{{ {303, -1063, -685}, 0, {-16, -554}, {38, 38, 38, 255} }},
	{{ {529, -201, 284}, 0, {2040, -2072}, {138, 141, 169, 255} }},
	{{ {529, -1063, 284}, 0, {2040, -554}, {38, 38, 38, 255} }},
	{{ {303, -201, -685}, 0, {-16, -2072}, {38, 38, 38, 255} }},
	{{ {-1375, -201, -294}, 0, {-16, -2072}, {152, 167, 166, 255} }},
	{{ {-1149, -1063, 675}, 0, {2040, -554}, {87, 83, 87, 255} }},
	{{ {-1149, -201, 675}, 0, {2040, -2072}, {202, 162, 134, 255} }},
	{{ {-1375, -1063, -294}, 0, {-16, -554}, {85, 79, 79, 255} }},
};

Vtx ow_ph_ow_ph_mesh_layer_1_vtx_6[92] = {
	{{ {-855, 158, 242}, 0, {-16, 2032}, {223, 208, 191, 255} }},
	{{ {-839, 148, 274}, 0, {964, -16}, {41, 16, 6, 255} }},
	{{ {-828, 159, 235}, 0, {2040, 2032}, {223, 200, 185, 255} }},
	{{ {-871, 160, 265}, 0, {-16, 2032}, {223, 200, 185, 255} }},
	{{ {-855, 158, 242}, 0, {2040, 2032}, {223, 208, 191, 255} }},
	{{ {-868, 161, 295}, 0, {-16, 2032}, {223, 200, 185, 255} }},
	{{ {-871, 160, 265}, 0, {2040, 2032}, {223, 200, 185, 255} }},
	{{ {-846, 159, 312}, 0, {-16, 2032}, {210, 200, 185, 255} }},
	{{ {-868, 161, 295}, 0, {2040, 2032}, {223, 200, 185, 255} }},
	{{ {-816, 159, 305}, 0, {-16, 2032}, {210, 200, 185, 255} }},
	{{ {-846, 159, 312}, 0, {2040, 2032}, {210, 200, 185, 255} }},
	{{ {-828, 159, 235}, 0, {-16, 2032}, {223, 200, 185, 255} }},
	{{ {-805, 158, 254}, 0, {2040, 2032}, {234, 200, 185, 255} }},
	{{ {-800, 158, 281}, 0, {-16, 2032}, {210, 200, 185, 255} }},
	{{ {-816, 159, 305}, 0, {2040, 2032}, {210, 200, 185, 255} }},
	{{ {-805, 158, 254}, 0, {-16, 2032}, {234, 200, 185, 255} }},
	{{ {-800, 158, 281}, 0, {2040, 2032}, {210, 200, 185, 255} }},
	{{ {-830, 186, 276}, 0, {16, -8}, {210, 178, 147, 255} }},
	{{ {-841, 186, 278}, 0, {321, 843}, {75, 30, 10, 255} }},
	{{ {-835, 182, 281}, 0, {426, -8}, {91, 62, 45, 255} }},
	{{ {-839, 182, 272}, 0, {426, -8}, {210, 200, 185, 255} }},
	{{ {-841, 186, 278}, 0, {16, -8}, {75, 30, 10, 255} }},
	{{ {-834, 186, 271}, 0, {217, 835}, {217, 200, 174, 255} }},
	{{ {-830, 186, 276}, 0, {426, -8}, {210, 178, 147, 255} }},
	{{ {-834, 186, 271}, 0, {16, -8}, {217, 200, 174, 255} }},
	{{ {-841, 186, 278}, 0, {217, 819}, {75, 30, 10, 255} }},
	{{ {-867, 153, 73}, 0, {-16, 2032}, {223, 208, 191, 255} }},
	{{ {-874, 144, 107}, 0, {964, -16}, {41, 16, 6, 255} }},
	{{ {-841, 154, 84}, 0, {2040, 2032}, {223, 200, 185, 255} }},
	{{ {-893, 156, 81}, 0, {-16, 2032}, {223, 200, 185, 255} }},
	{{ {-867, 153, 73}, 0, {2040, 2032}, {223, 208, 191, 255} }},
	{{ {-908, 156, 106}, 0, {-16, 2032}, {223, 200, 185, 255} }},
	{{ {-893, 156, 81}, 0, {2040, 2032}, {223, 200, 185, 255} }},
	{{ {-901, 154, 132}, 0, {-16, 2032}, {210, 200, 185, 255} }},
	{{ {-908, 156, 106}, 0, {2040, 2032}, {223, 200, 185, 255} }},
	{{ {-875, 154, 145}, 0, {-16, 2032}, {210, 200, 185, 255} }},
	{{ {-901, 154, 132}, 0, {2040, 2032}, {210, 200, 185, 255} }},
	{{ {-841, 154, 84}, 0, {-16, 2032}, {223, 200, 185, 255} }},
	{{ {-835, 154, 112}, 0, {2040, 2032}, {234, 200, 185, 255} }},
	{{ {-848, 154, 136}, 0, {-16, 2032}, {210, 200, 185, 255} }},
	{{ {-875, 154, 145}, 0, {2040, 2032}, {210, 200, 185, 255} }},
	{{ {-835, 154, 112}, 0, {-16, 2032}, {234, 200, 185, 255} }},
	{{ {-848, 154, 136}, 0, {2040, 2032}, {210, 200, 185, 255} }},
	{{ {-868, 181, 114}, 0, {16, -8}, {210, 178, 147, 255} }},
	{{ {-877, 181, 109}, 0, {321, 843}, {75, 30, 10, 255} }},
	{{ {-875, 177, 116}, 0, {426, -8}, {91, 62, 45, 255} }},
	{{ {-872, 177, 106}, 0, {426, -8}, {210, 200, 185, 255} }},
	{{ {-877, 181, 109}, 0, {16, -8}, {75, 30, 10, 255} }},
	{{ {-868, 181, 108}, 0, {217, 835}, {217, 200, 174, 255} }},
	{{ {-868, 181, 114}, 0, {426, -8}, {210, 178, 147, 255} }},
	{{ {-868, 181, 108}, 0, {16, -8}, {217, 200, 174, 255} }},
	{{ {-877, 181, 109}, 0, {217, 819}, {75, 30, 10, 255} }},
	{{ {-850, 147, 283}, 0, {426, 988}, {75, 30, 10, 255} }},
	{{ {-839, 182, 272}, 0, {16, -8}, {210, 200, 185, 255} }},
	{{ {-850, 147, 266}, 0, {24, 988}, {75, 30, 10, 255} }},
	{{ {-841, 186, 278}, 0, {426, -8}, {75, 30, 10, 255} }},
	{{ {-835, 147, 261}, 0, {426, 988}, {49, 23, 9, 255} }},
	{{ {-830, 186, 276}, 0, {16, -8}, {210, 178, 147, 255} }},
	{{ {-825, 147, 274}, 0, {24, 988}, {75, 39, 18, 255} }},
	{{ {-834, 186, 271}, 0, {426, -8}, {217, 200, 174, 255} }},
	{{ {-825, 147, 274}, 0, {426, 988}, {75, 39, 18, 255} }},
	{{ {-835, 182, 281}, 0, {16, -8}, {91, 62, 45, 255} }},
	{{ {-834, 147, 288}, 0, {24, 988}, {75, 30, 10, 255} }},
	{{ {-830, 186, 276}, 0, {426, -8}, {210, 178, 147, 255} }},
	{{ {-834, 147, 288}, 0, {426, 988}, {75, 30, 10, 255} }},
	{{ {-841, 186, 278}, 0, {16, -8}, {75, 30, 10, 255} }},
	{{ {-850, 147, 283}, 0, {24, 988}, {75, 30, 10, 255} }},
	{{ {-835, 182, 281}, 0, {426, -8}, {91, 62, 45, 255} }},
	{{ {-835, 147, 261}, 0, {24, 988}, {49, 23, 9, 255} }},
	{{ {-839, 182, 272}, 0, {426, -8}, {210, 200, 185, 255} }},
	{{ {-834, 186, 271}, 0, {16, -8}, {217, 200, 174, 255} }},
	{{ {-850, 147, 266}, 0, {426, 988}, {75, 30, 10, 255} }},
	{{ {-887, 143, 107}, 0, {426, 988}, {75, 30, 10, 255} }},
	{{ {-872, 177, 106}, 0, {16, -8}, {210, 200, 185, 255} }},
	{{ {-877, 143, 95}, 0, {24, 988}, {75, 30, 10, 255} }},
	{{ {-877, 181, 109}, 0, {426, -8}, {75, 30, 10, 255} }},
	{{ {-862, 143, 100}, 0, {426, 988}, {49, 23, 9, 255} }},
	{{ {-868, 181, 114}, 0, {16, -8}, {210, 178, 147, 255} }},
	{{ {-863, 143, 116}, 0, {24, 988}, {75, 39, 18, 255} }},
	{{ {-868, 181, 108}, 0, {426, -8}, {217, 200, 174, 255} }},
	{{ {-863, 143, 116}, 0, {426, 988}, {75, 39, 18, 255} }},
	{{ {-875, 177, 116}, 0, {16, -8}, {91, 62, 45, 255} }},
	{{ {-878, 143, 121}, 0, {24, 988}, {75, 30, 10, 255} }},
	{{ {-868, 181, 114}, 0, {426, -8}, {210, 178, 147, 255} }},
	{{ {-878, 143, 121}, 0, {426, 988}, {75, 30, 10, 255} }},
	{{ {-877, 181, 109}, 0, {16, -8}, {75, 30, 10, 255} }},
	{{ {-887, 143, 107}, 0, {24, 988}, {75, 30, 10, 255} }},
	{{ {-875, 177, 116}, 0, {426, -8}, {91, 62, 45, 255} }},
	{{ {-862, 143, 100}, 0, {24, 988}, {49, 23, 9, 255} }},
	{{ {-872, 177, 106}, 0, {426, -8}, {210, 200, 185, 255} }},
	{{ {-868, 181, 108}, 0, {16, -8}, {217, 200, 174, 255} }},
	{{ {-877, 143, 95}, 0, {426, 988}, {75, 30, 10, 255} }},
};

Vtx ow_ph_ow_ph_mesh_layer_1_vtx_7[94] = {
	{{ {-881, 145, 307}, 0, {16432, -1478}, {217, 189, 176, 255} }},
	{{ {-846, 159, 312}, 0, {14376, -2072}, {210, 200, 185, 255} }},
	{{ {-868, 161, 295}, 0, {16432, -2072}, {223, 200, 185, 255} }},
	{{ {-846, 144, 331}, 0, {14440, -1454}, {145, 123, 104, 255} }},
	{{ {-893, 102, 313}, 0, {16432, -667}, {145, 123, 104, 255} }},
	{{ {-848, 102, 343}, 0, {14376, -683}, {98, 55, 30, 255} }},
	{{ {-893, 44, 314}, 0, {16432, 739}, {96, 57, 34, 255} }},
	{{ {-848, 44, 345}, 0, {14368, 723}, {45, 10, 0, 255} }},
	{{ {-880, 2, 305}, 0, {16432, 2032}, {44, 7, 1, 255} }},
	{{ {-847, 2, 327}, 0, {14505, 2032}, {26, 4, 0, 255} }},
	{{ {-806, 2, 319}, 0, {12384, 2032}, {26, 4, 0, 255} }},
	{{ {-797, 46, 334}, 0, {12288, 691}, {45, 10, 0, 255} }},
	{{ {-769, 46, 291}, 0, {10304, 715}, {45, 10, 0, 255} }},
	{{ {-783, 2, 285}, 0, {10264, 2032}, {26, 4, 0, 255} }},
	{{ {-791, 2, 245}, 0, {8272, 2032}, {41, 10, 2, 255} }},
	{{ {-779, 44, 235}, 0, {8208, 739}, {96, 57, 34, 255} }},
	{{ {-826, 2, 221}, 0, {6176, 2032}, {41, 21, 2, 255} }},
	{{ {-821, 45, 207}, 0, {6192, 691}, {170, 132, 104, 255} }},
	{{ {-865, 2, 230}, 0, {4112, 2032}, {41, 21, 2, 255} }},
	{{ {-877, 45, 218}, 0, {3960, 707}, {132, 102, 72, 255} }},
	{{ {-888, 2, 262}, 0, {2088, 2032}, {49, 23, 9, 255} }},
	{{ {-903, 46, 261}, 0, {1992, 707}, {96, 57, 34, 255} }},
	{{ {-893, 44, 314}, 0, {-16, 739}, {96, 57, 34, 255} }},
	{{ {-880, 2, 305}, 0, {-16, 2032}, {44, 7, 1, 255} }},
	{{ {-904, 98, 260}, 0, {2008, -570}, {145, 123, 104, 255} }},
	{{ {-893, 102, 313}, 0, {-16, -667}, {145, 123, 104, 255} }},
	{{ {-881, 145, 307}, 0, {-16, -1478}, {217, 189, 176, 255} }},
	{{ {-889, 143, 264}, 0, {2024, -1438}, {217, 189, 176, 255} }},
	{{ {-868, 161, 295}, 0, {-16, -2072}, {223, 200, 185, 255} }},
	{{ {-871, 160, 265}, 0, {2032, -2072}, {223, 200, 185, 255} }},
	{{ {-867, 144, 228}, 0, {4080, -1494}, {218, 204, 200, 255} }},
	{{ {-855, 158, 242}, 0, {4096, -2072}, {223, 208, 191, 255} }},
	{{ {-825, 143, 220}, 0, {6176, -1502}, {243, 232, 219, 255} }},
	{{ {-828, 159, 235}, 0, {6152, -2072}, {223, 200, 185, 255} }},
	{{ {-790, 143, 244}, 0, {8216, -1462}, {243, 231, 221, 255} }},
	{{ {-805, 158, 254}, 0, {8208, -2072}, {234, 200, 185, 255} }},
	{{ {-781, 143, 286}, 0, {10224, -1413}, {200, 185, 170, 255} }},
	{{ {-800, 158, 281}, 0, {10264, -2072}, {210, 200, 185, 255} }},
	{{ {-803, 144, 322}, 0, {12288, -1413}, {145, 123, 104, 255} }},
	{{ {-816, 159, 305}, 0, {12320, -2072}, {210, 200, 185, 255} }},
	{{ {-796, 101, 334}, 0, {12288, -626}, {98, 55, 30, 255} }},
	{{ {-768, 100, 290}, 0, {10256, -610}, {134, 102, 83, 255} }},
	{{ {-823, 99, 209}, 0, {6176, -675}, {200, 157, 117, 255} }},
	{{ {-876, 102, 216}, 0, {4072, -683}, {200, 157, 117, 255} }},
	{{ {-925, 141, 107}, 0, {16432, -1478}, {217, 189, 176, 255} }},
	{{ {-901, 154, 132}, 0, {14376, -2072}, {210, 200, 185, 255} }},
	{{ {-908, 156, 106}, 0, {16432, -2072}, {223, 200, 185, 255} }},
	{{ {-913, 140, 147}, 0, {14440, -1454}, {145, 123, 104, 255} }},
	{{ {-938, 99, 104}, 0, {16432, -667}, {145, 123, 104, 255} }},
	{{ {-922, 99, 155}, 0, {14376, -683}, {98, 55, 30, 255} }},
	{{ {-939, 43, 105}, 0, {16432, 739}, {96, 57, 34, 255} }},
	{{ {-923, 43, 156}, 0, {14368, 723}, {45, 10, 0, 255} }},
	{{ {-923, 2, 106}, 0, {16432, 2032}, {44, 7, 1, 255} }},
	{{ {-912, 2, 143}, 0, {14505, 2032}, {26, 4, 0, 255} }},
	{{ {-876, 2, 162}, 0, {12384, 2032}, {26, 4, 0, 255} }},
	{{ {-877, 45, 178}, 0, {12288, 691}, {45, 10, 0, 255} }},
	{{ {-830, 44, 163}, 0, {10304, 715}, {45, 10, 0, 255} }},
	{{ {-877, 45, 178}, 0, {12288, 691}, {45, 10, 0, 255} }},
	{{ {-876, 2, 162}, 0, {12384, 2032}, {26, 4, 0, 255} }},
	{{ {-837, 2, 149}, 0, {10264, 2032}, {26, 4, 0, 255} }},
	{{ {-820, 2, 114}, 0, {8272, 2032}, {41, 10, 2, 255} }},
	{{ {-804, 43, 114}, 0, {8208, 739}, {96, 57, 34, 255} }},
	{{ {-831, 2, 75}, 0, {6176, 2032}, {41, 21, 2, 255} }},
	{{ {-819, 44, 67}, 0, {6192, 691}, {170, 132, 104, 255} }},
	{{ {-867, 2, 58}, 0, {4112, 2032}, {41, 21, 2, 255} }},
	{{ {-869, 44, 42}, 0, {3960, 707}, {132, 102, 72, 255} }},
	{{ {-904, 2, 68}, 0, {2088, 2032}, {49, 23, 9, 255} }},
	{{ {-914, 45, 59}, 0, {1992, 707}, {96, 57, 34, 255} }},
	{{ {-939, 43, 105}, 0, {-16, 739}, {96, 57, 34, 255} }},
	{{ {-923, 2, 106}, 0, {-16, 2032}, {44, 7, 1, 255} }},
	{{ {-914, 95, 58}, 0, {2008, -570}, {145, 123, 104, 255} }},
	{{ {-938, 99, 104}, 0, {-16, -667}, {145, 123, 104, 255} }},
	{{ {-925, 141, 107}, 0, {-16, -1478}, {217, 189, 176, 255} }},
	{{ {-906, 139, 69}, 0, {2024, -1438}, {217, 189, 176, 255} }},
	{{ {-908, 156, 106}, 0, {-16, -2072}, {223, 200, 185, 255} }},
	{{ {-893, 156, 81}, 0, {2032, -2072}, {223, 200, 185, 255} }},
	{{ {-867, 140, 56}, 0, {4080, -1494}, {218, 204, 200, 255} }},
	{{ {-867, 153, 73}, 0, {4096, -2072}, {223, 208, 191, 255} }},
	{{ {-830, 139, 74}, 0, {6176, -1502}, {243, 232, 219, 255} }},
	{{ {-841, 154, 84}, 0, {6152, -2072}, {223, 200, 185, 255} }},
	{{ {-818, 139, 115}, 0, {8216, -1462}, {243, 231, 221, 255} }},
	{{ {-835, 154, 112}, 0, {8208, -2072}, {234, 200, 185, 255} }},
	{{ {-836, 139, 152}, 0, {10224, -1413}, {200, 185, 170, 255} }},
	{{ {-848, 154, 136}, 0, {10264, -2072}, {210, 200, 185, 255} }},
	{{ {-875, 140, 166}, 0, {12288, -1413}, {145, 123, 104, 255} }},
	{{ {-875, 154, 145}, 0, {12320, -2072}, {210, 200, 185, 255} }},
	{{ {-913, 140, 147}, 0, {14440, -1454}, {145, 123, 104, 255} }},
	{{ {-901, 154, 132}, 0, {14376, -2072}, {210, 200, 185, 255} }},
	{{ {-922, 99, 155}, 0, {14376, -683}, {98, 55, 30, 255} }},
	{{ {-877, 98, 179}, 0, {12288, -626}, {98, 55, 30, 255} }},
	{{ {-923, 43, 156}, 0, {14368, 723}, {45, 10, 0, 255} }},
	{{ {-829, 97, 162}, 0, {10256, -610}, {134, 102, 83, 255} }},
	{{ {-821, 96, 67}, 0, {6176, -675}, {200, 157, 117, 255} }},
	{{ {-866, 99, 41}, 0, {4072, -683}, {200, 157, 117, 255} }},
};

Vtx ow_ph_ow_ph_mesh_layer_1_vtx_8[24] = {
	{{ {-821, 45, 207}, 0, {-16, 2032}, {170, 132, 104, 255} }},
	{{ {-778, 101, 237}, 0, {2040, 940}, {145, 123, 104, 255} }},
	{{ {-779, 44, 235}, 0, {2040, 2032}, {96, 57, 34, 255} }},
	{{ {-823, 99, 209}, 0, {-16, 916}, {200, 157, 117, 255} }},
	{{ {-825, 143, 220}, 0, {-16, -16}, {243, 232, 219, 255} }},
	{{ {-790, 143, 244}, 0, {2040, -16}, {243, 231, 221, 255} }},
	{{ {-779, 44, 235}, 0, {-16, 2032}, {96, 57, 34, 255} }},
	{{ {-768, 100, 290}, 0, {2040, 940}, {134, 102, 83, 255} }},
	{{ {-769, 46, 291}, 0, {2040, 2032}, {45, 10, 0, 255} }},
	{{ {-778, 101, 237}, 0, {-16, 916}, {145, 123, 104, 255} }},
	{{ {-781, 143, 286}, 0, {2040, -16}, {200, 185, 170, 255} }},
	{{ {-790, 143, 244}, 0, {-16, -16}, {243, 231, 221, 255} }},
	{{ {-819, 44, 67}, 0, {-16, 2032}, {170, 132, 104, 255} }},
	{{ {-805, 98, 116}, 0, {2040, 940}, {145, 123, 104, 255} }},
	{{ {-804, 43, 114}, 0, {2040, 2032}, {96, 57, 34, 255} }},
	{{ {-821, 96, 67}, 0, {-16, 916}, {200, 157, 117, 255} }},
	{{ {-830, 139, 74}, 0, {-16, -16}, {243, 232, 219, 255} }},
	{{ {-818, 139, 115}, 0, {2040, -16}, {243, 231, 221, 255} }},
	{{ {-804, 43, 114}, 0, {-16, 2032}, {96, 57, 34, 255} }},
	{{ {-829, 97, 162}, 0, {2040, 940}, {134, 102, 83, 255} }},
	{{ {-830, 44, 163}, 0, {2040, 2032}, {45, 10, 0, 255} }},
	{{ {-805, 98, 116}, 0, {-16, 916}, {145, 123, 104, 255} }},
	{{ {-836, 139, 152}, 0, {2040, -16}, {200, 185, 170, 255} }},
	{{ {-818, 139, 115}, 0, {-16, -16}, {243, 231, 221, 255} }},
};

Vtx ow_ph_ow_ph_mesh_layer_1_vtx_9[40] = {
	{{ {-633, 210, -357}, 0, {-16, 2032}, {222, 206, 192, 255} }},
	{{ {-696, 198, -319}, 0, {964, -16}, {43, 26, 2, 255} }},
	{{ {-613, 211, -302}, 0, {2040, 2032}, {222, 206, 192, 255} }},
	{{ {-683, 214, -385}, 0, {-16, 2032}, {222, 206, 192, 255} }},
	{{ {-633, 210, -357}, 0, {2040, 2032}, {222, 206, 192, 255} }},
	{{ {-744, 214, -373}, 0, {-16, 2032}, {222, 206, 192, 255} }},
	{{ {-683, 214, -385}, 0, {2040, 2032}, {222, 206, 192, 255} }},
	{{ {-773, 212, -325}, 0, {-16, 2032}, {222, 206, 192, 255} }},
	{{ {-744, 214, -373}, 0, {2040, 2032}, {222, 206, 192, 255} }},
	{{ {-755, 212, -265}, 0, {-16, 2032}, {222, 206, 192, 255} }},
	{{ {-773, 212, -325}, 0, {2040, 2032}, {222, 206, 192, 255} }},
	{{ {-613, 211, -302}, 0, {-16, 2032}, {222, 206, 192, 255} }},
	{{ {-648, 211, -253}, 0, {2040, 2032}, {222, 206, 192, 255} }},
	{{ {-703, 211, -238}, 0, {-16, 2032}, {222, 206, 192, 255} }},
	{{ {-755, 212, -265}, 0, {2040, 2032}, {222, 206, 192, 255} }},
	{{ {-648, 211, -253}, 0, {-16, 2032}, {222, 206, 192, 255} }},
	{{ {-703, 211, -238}, 0, {2040, 2032}, {222, 206, 192, 255} }},
	{{ {-683, 247, -325}, 0, {16, -8}, {230, 199, 174, 255} }},
	{{ {-696, 246, -308}, 0, {321, 843}, {128, 94, 74, 255} }},
	{{ {-683, 241, -311}, 0, {426, -8}, {200, 179, 164, 255} }},
	{{ {-702, 242, -321}, 0, {426, -8}, {55, 36, 15, 255} }},
	{{ {-696, 246, -308}, 0, {16, -8}, {128, 94, 74, 255} }},
	{{ {-694, 247, -329}, 0, {217, 835}, {226, 204, 173, 255} }},
	{{ {-683, 247, -325}, 0, {426, -8}, {230, 199, 174, 255} }},
	{{ {-694, 247, -329}, 0, {16, -8}, {226, 204, 173, 255} }},
	{{ {-696, 246, -308}, 0, {217, 819}, {128, 94, 74, 255} }},
	{{ {-706, 196, -289}, 0, {426, 988}, {55, 36, 15, 255} }},
	{{ {-702, 242, -321}, 0, {16, -8}, {55, 36, 15, 255} }},
	{{ {-727, 196, -316}, 0, {24, 988}, {55, 36, 15, 255} }},
	{{ {-696, 246, -308}, 0, {426, -8}, {128, 94, 74, 255} }},
	{{ {-708, 196, -344}, 0, {426, 988}, {109, 66, 36, 255} }},
	{{ {-676, 196, -335}, 0, {24, 988}, {109, 66, 36, 255} }},
	{{ {-694, 247, -329}, 0, {426, -8}, {226, 204, 173, 255} }},
	{{ {-676, 196, -335}, 0, {426, 988}, {109, 66, 36, 255} }},
	{{ {-683, 241, -311}, 0, {16, -8}, {200, 179, 164, 255} }},
	{{ {-674, 196, -301}, 0, {24, 988}, {109, 66, 36, 255} }},
	{{ {-674, 196, -301}, 0, {426, 988}, {109, 66, 36, 255} }},
	{{ {-706, 196, -289}, 0, {24, 988}, {55, 36, 15, 255} }},
	{{ {-708, 196, -344}, 0, {24, 988}, {109, 66, 36, 255} }},
	{{ {-727, 196, -316}, 0, {426, 988}, {55, 36, 15, 255} }},
};

Vtx ow_ph_ow_ph_mesh_layer_1_vtx_10[44] = {
	{{ {-770, 194, -397}, 0, {16432, -3237}, {255, 175, 96, 255} }},
	{{ {-773, 212, -325}, 0, {14376, -4128}, {222, 206, 192, 255} }},
	{{ {-744, 214, -373}, 0, {16432, -4128}, {222, 206, 192, 255} }},
	{{ {-813, 193, -322}, 0, {14440, -3196}, {255, 185, 96, 255} }},
	{{ {-784, 138, -421}, 0, {16432, -2016}, {204, 167, 140, 255} }},
	{{ {-838, 138, -325}, 0, {14376, -2048}, {138, 102, 85, 255} }},
	{{ {-842, 62, -325}, 0, {14368, 64}, {43, 21, 4, 255} }},
	{{ {-786, 63, -421}, 0, {16432, 96}, {108, 83, 62, 255} }},
	{{ {-765, 8, -396}, 0, {16432, 2032}, {43, 26, 19, 255} }},
	{{ {-806, 8, -326}, 0, {14505, 2032}, {43, 21, 4, 255} }},
	{{ {-782, 8, -244}, 0, {12384, 2032}, {43, 21, 4, 255} }},
	{{ {-810, 65, -222}, 0, {12288, 24}, {43, 26, 19, 255} }},
	{{ {-708, 8, -203}, 0, {10264, 2032}, {43, 21, 4, 255} }},
	{{ {-718, 64, -172}, 0, {10304, 48}, {43, 26, 19, 255} }},
	{{ {-629, 8, -226}, 0, {8272, 2032}, {32, 17, 0, 255} }},
	{{ {-606, 63, -203}, 0, {8208, 88}, {108, 83, 62, 255} }},
	{{ {-585, 8, -300}, 0, {6176, 2032}, {32, 17, 0, 255} }},
	{{ {-557, 64, -293}, 0, {6192, 16}, {134, 98, 77, 255} }},
	{{ {-610, 8, -379}, 0, {4112, 2032}, {43, 26, 19, 255} }},
	{{ {-589, 64, -405}, 0, {3960, 48}, {134, 98, 77, 255} }},
	{{ {-680, 8, -420}, 0, {2088, 2032}, {43, 26, 19, 255} }},
	{{ {-681, 65, -451}, 0, {1992, 48}, {155, 98, 77, 255} }},
	{{ {-765, 8, -396}, 0, {-16, 2032}, {43, 26, 19, 255} }},
	{{ {-786, 63, -421}, 0, {-16, 96}, {108, 83, 62, 255} }},
	{{ {-678, 133, -452}, 0, {2008, -1871}, {204, 167, 140, 255} }},
	{{ {-784, 138, -421}, 0, {-16, -2016}, {204, 167, 140, 255} }},
	{{ {-770, 194, -397}, 0, {-16, -3237}, {255, 175, 96, 255} }},
	{{ {-684, 191, -422}, 0, {2024, -3180}, {255, 175, 96, 255} }},
	{{ {-744, 214, -373}, 0, {-16, -4128}, {222, 206, 192, 255} }},
	{{ {-683, 214, -385}, 0, {2032, -4128}, {222, 206, 192, 255} }},
	{{ {-607, 192, -383}, 0, {4080, -3253}, {255, 185, 115, 255} }},
	{{ {-633, 210, -357}, 0, {4096, -4128}, {222, 206, 192, 255} }},
	{{ {-583, 190, -299}, 0, {6176, -3277}, {255, 175, 96, 255} }},
	{{ {-613, 211, -302}, 0, {6152, -4128}, {222, 206, 192, 255} }},
	{{ {-627, 191, -223}, 0, {8216, -3212}, {255, 175, 96, 255} }},
	{{ {-648, 211, -253}, 0, {8208, -4128}, {222, 206, 192, 255} }},
	{{ {-710, 191, -198}, 0, {10224, -3140}, {189, 157, 115, 255} }},
	{{ {-703, 211, -238}, 0, {10264, -4128}, {222, 206, 192, 255} }},
	{{ {-787, 192, -236}, 0, {12288, -3132}, {189, 157, 115, 255} }},
	{{ {-755, 212, -265}, 0, {12320, -4128}, {222, 206, 192, 255} }},
	{{ {-810, 137, -220}, 0, {12288, -1960}, {87, 70, 55, 255} }},
	{{ {-716, 135, -171}, 0, {10256, -1944}, {113, 87, 66, 255} }},
	{{ {-560, 134, -296}, 0, {6176, -2032}, {204, 167, 140, 255} }},
	{{ {-583, 138, -403}, 0, {4072, -2048}, {185, 162, 140, 255} }},
};

Vtx ow_ph_ow_ph_mesh_layer_1_vtx_11[12] = {
	{{ {-606, 63, -203}, 0, {-16, 2032}, {108, 83, 62, 255} }},
	{{ {-716, 135, -171}, 0, {2040, 940}, {113, 87, 66, 255} }},
	{{ {-718, 64, -172}, 0, {2040, 2032}, {43, 26, 19, 255} }},
	{{ {-610, 136, -201}, 0, {-16, 916}, {204, 167, 140, 255} }},
	{{ {-627, 191, -223}, 0, {-16, -16}, {255, 175, 96, 255} }},
	{{ {-710, 191, -198}, 0, {2040, -16}, {189, 157, 115, 255} }},
	{{ {-557, 64, -293}, 0, {-16, 2032}, {134, 98, 77, 255} }},
	{{ {-610, 136, -201}, 0, {2040, 940}, {204, 167, 140, 255} }},
	{{ {-606, 63, -203}, 0, {2040, 2032}, {108, 83, 62, 255} }},
	{{ {-560, 134, -296}, 0, {-16, 916}, {204, 167, 140, 255} }},
	{{ {-583, 190, -299}, 0, {-16, -16}, {255, 175, 96, 255} }},
	{{ {-627, 191, -223}, 0, {2040, -16}, {255, 175, 96, 255} }},
};

Vtx ow_ph_ow_ph_mesh_layer_5_vtx_0[8] = {
	{{ {-956, 3, 258}, 0, {2024, 992}, {178, 178, 178, 255} }},
	{{ {-711, 3, 306}, 0, {0, -1028}, {178, 178, 178, 255} }},
	{{ {-808, 3, 160}, 0, {2024, -1028}, {178, 178, 178, 255} }},
	{{ {-859, 3, 404}, 0, {0, 992}, {178, 178, 178, 255} }},
	{{ {-952, 3, 24}, 0, {2024, 992}, {178, 178, 178, 255} }},
	{{ {-795, 3, 209}, 0, {0, -1028}, {178, 178, 178, 255} }},
	{{ {-781, 3, 39}, 0, {2024, -1028}, {178, 178, 178, 255} }},
	{{ {-967, 3, 194}, 0, {0, 992}, {178, 178, 178, 255} }},
};

Vtx ow_ph_ow_ph_mesh_layer_5_vtx_1[4] = {
	{{ {-683, 9, -552}, 0, {2024, 992}, {178, 178, 178, 255} }},
	{{ {-737, 9, -73}, 0, {0, -1028}, {178, 178, 178, 255} }},
	{{ {-471, 9, -284}, 0, {2024, -1028}, {178, 178, 178, 255} }},
	{{ {-949, 9, -341}, 0, {0, 992}, {178, 178, 178, 255} }},
};


Gfx ow_ph_ow_ph_mesh_layer_1[] = {
	gsSPLoadGeometryMode(G_ZBUFFER | G_SHADE | G_CULL_BACK | G_SHADING_SMOOTH),
	gsDPSetCombineLERP(TEXEL0, 0, SHADE, 0, 0, 0, 0, ENVIRONMENT, TEXEL0, 0, SHADE, 0, 0, 0, 0, ENVIRONMENT),
	gsSPSetOtherMode(G_SETOTHERMODE_H, 4, 20, G_AD_NOISE | G_CD_MAGICSQ | G_CK_NONE | G_TC_FILT | G_TF_BILERP | G_TT_RGBA16 | G_TL_TILE | G_TD_CLAMP | G_TP_PERSP | G_CYC_1CYCLE | G_PM_1PRIMITIVE),
	gsSPTexture(65535, 65535, 0, 0, 1),
	gsDPSetTextureImage(G_IM_FMT_RGBA, G_IM_SIZ_16b, 1, ow_ph_pum128_7_pal_rgba16),
	gsDPSetTile(0, 0, 0, 256, 5, 0, G_TX_WRAP | G_TX_NOMIRROR, 0, 0, G_TX_WRAP | G_TX_NOMIRROR, 0, 0),
	gsDPLoadTLUTCmd(5, 15),
	gsDPSetTextureImage(G_IM_FMT_CI, G_IM_SIZ_16b, 1, ow_ph_pum128_7_ci4),
	gsDPSetTile(G_IM_FMT_CI, G_IM_SIZ_16b, 0, 0, 7, 0, G_TX_WRAP | G_TX_NOMIRROR, 0, 0, G_TX_WRAP | G_TX_NOMIRROR, 0, 0),
	gsDPLoadBlock(7, 0, 0, 1023, 512),
	gsDPSetTile(G_IM_FMT_CI, G_IM_SIZ_4b, 4, 0, 0, 0, G_TX_WRAP | G_TX_NOMIRROR, 6, 0, G_TX_WRAP | G_TX_NOMIRROR, 6, 0),
	gsDPSetTileSize(0, 0, 0, 252, 252),
	gsSPVertex(ow_ph_ow_ph_mesh_layer_1_vtx_0 + 0, 6, 0),
	gsSP2Triangles(0, 1, 2, 0, 0, 2, 3, 0),
	gsSP2Triangles(3, 2, 4, 0, 3, 4, 5, 0),
	gsDPPipeSync(),
	gsDPSetTextureImage(G_IM_FMT_RGBA, G_IM_SIZ_16b, 1, ow_ph_pum128_5_pal_rgba16),
	gsDPLoadTLUTCmd(5, 15),
	gsDPSetTextureImage(G_IM_FMT_CI, G_IM_SIZ_16b, 1, ow_ph_pum128_5_ci4),
	gsDPLoadBlock(7, 0, 0, 1023, 512),
	gsDPSetTile(G_IM_FMT_CI, G_IM_SIZ_4b, 4, 0, 0, 0, G_TX_CLAMP | G_TX_NOMIRROR, 6, 0, G_TX_WRAP | G_TX_NOMIRROR, 6, 0),
	gsSPVertex(ow_ph_ow_ph_mesh_layer_1_vtx_1 + 0, 24, 0),
	gsSP2Triangles(0, 1, 2, 0, 1, 0, 3, 0),
	gsSP2Triangles(4, 5, 6, 0, 5, 4, 7, 0),
	gsSP2Triangles(8, 9, 10, 0, 9, 8, 11, 0),
	gsSP2Triangles(12, 13, 14, 0, 13, 12, 15, 0),
	gsSP2Triangles(16, 17, 18, 0, 17, 16, 19, 0),
	gsSP2Triangles(20, 21, 22, 0, 21, 20, 23, 0),
	gsDPPipeSync(),
	gsDPSetTextureImage(G_IM_FMT_RGBA, G_IM_SIZ_16b, 1, ow_ph_pum256_2_pal_rgba16),
	gsDPLoadTLUTCmd(5, 15),
	gsDPSetTextureImage(G_IM_FMT_CI, G_IM_SIZ_16b, 1, ow_ph_pum256_2_ci4),
	gsDPLoadBlock(7, 0, 0, 1023, 512),
	gsDPSetTile(G_IM_FMT_CI, G_IM_SIZ_4b, 4, 0, 0, 0, G_TX_CLAMP | G_TX_NOMIRROR, 6, 0, G_TX_CLAMP | G_TX_NOMIRROR, 6, 0),
	gsSPVertex(ow_ph_ow_ph_mesh_layer_1_vtx_2 + 0, 6, 0),
	gsSP2Triangles(0, 1, 2, 0, 3, 1, 0, 0),
	gsSP2Triangles(3, 4, 1, 0, 4, 3, 5, 0),
	gsDPPipeSync(),
	gsDPSetTextureImage(G_IM_FMT_RGBA, G_IM_SIZ_16b, 1, ow_ph_pum256_1_pal_rgba16),
	gsDPLoadTLUTCmd(5, 15),
	gsDPSetTextureImage(G_IM_FMT_CI, G_IM_SIZ_16b, 1, ow_ph_pum256_1_ci4),
	gsDPLoadBlock(7, 0, 0, 1023, 512),
	gsDPSetTile(G_IM_FMT_CI, G_IM_SIZ_4b, 4, 0, 0, 0, G_TX_WRAP | G_TX_NOMIRROR, 6, 0, G_TX_WRAP | G_TX_NOMIRROR, 6, 0),
	gsSPVertex(ow_ph_ow_ph_mesh_layer_1_vtx_3 + 0, 12, 0),
	gsSP2Triangles(0, 1, 2, 0, 0, 3, 1, 0),
	gsSP2Triangles(4, 3, 0, 0, 4, 5, 3, 0),
	gsSP2Triangles(6, 7, 8, 0, 9, 7, 6, 0),
	gsSP2Triangles(9, 10, 7, 0, 10, 9, 11, 0),
	gsDPPipeSync(),
	gsDPSetTextureImage(G_IM_FMT_RGBA, G_IM_SIZ_16b, 1, ow_ph_pum128_12_pal_rgba16),
	gsDPLoadTLUTCmd(5, 15),
	gsDPSetTextureImage(G_IM_FMT_CI, G_IM_SIZ_16b, 1, ow_ph_pum128_12_ci4),
	gsDPLoadBlock(7, 0, 0, 1023, 512),
	gsDPSetTile(G_IM_FMT_CI, G_IM_SIZ_4b, 4, 0, 0, 0, G_TX_CLAMP | G_TX_NOMIRROR, 6, 0, G_TX_WRAP | G_TX_NOMIRROR, 6, 0),
	gsSPVertex(ow_ph_ow_ph_mesh_layer_1_vtx_4 + 0, 16, 0),
	gsSP2Triangles(0, 1, 2, 0, 0, 2, 3, 0),
	gsSP2Triangles(3, 2, 4, 0, 3, 4, 5, 0),
	gsSP2Triangles(5, 4, 6, 0, 5, 6, 7, 0),
	gsSP2Triangles(7, 6, 8, 0, 7, 8, 9, 0),
	gsSP2Triangles(9, 8, 10, 0, 9, 10, 11, 0),
	gsSP2Triangles(12, 13, 14, 0, 13, 12, 15, 0),
	gsDPPipeSync(),
	gsDPSetTextureImage(G_IM_FMT_RGBA, G_IM_SIZ_16b, 1, ow_ph_pum256_2_pal_rgba16),
	gsDPLoadTLUTCmd(5, 15),
	gsDPSetTextureImage(G_IM_FMT_CI, G_IM_SIZ_16b, 1, ow_ph_pum256_2_ci4),
	gsDPLoadBlock(7, 0, 0, 1023, 512),
	gsDPSetTile(G_IM_FMT_CI, G_IM_SIZ_4b, 4, 0, 0, 0, G_TX_WRAP | G_TX_NOMIRROR, 6, 0, G_TX_CLAMP | G_TX_NOMIRROR, 6, 0),
	gsSPVertex(ow_ph_ow_ph_mesh_layer_1_vtx_5 + 0, 8, 0),
	gsSP2Triangles(0, 1, 2, 0, 1, 0, 3, 0),
	gsSP2Triangles(4, 5, 6, 0, 5, 4, 7, 0),
	gsDPPipeSync(),
	gsDPSetTextureImage(G_IM_FMT_RGBA, G_IM_SIZ_16b, 1, ow_ph_miu64_mo008_pal_rgba16),
	gsDPLoadTLUTCmd(5, 15),
	gsDPSetTextureImage(G_IM_FMT_CI, G_IM_SIZ_16b, 1, ow_ph_miu64_mo008_ci4),
	gsDPLoadBlock(7, 0, 0, 1023, 512),
	gsDPSetTile(G_IM_FMT_CI, G_IM_SIZ_4b, 4, 0, 0, 0, G_TX_CLAMP | G_TX_NOMIRROR, 6, 0, G_TX_CLAMP | G_TX_NOMIRROR, 6, 0),
	gsSPVertex(ow_ph_ow_ph_mesh_layer_1_vtx_6 + 0, 56, 0),
	gsSP2Triangles(0, 1, 2, 0, 3, 1, 4, 0),
	gsSP2Triangles(5, 1, 6, 0, 7, 1, 8, 0),
	gsSP2Triangles(9, 1, 10, 0, 11, 1, 12, 0),
	gsSP2Triangles(13, 1, 14, 0, 15, 1, 16, 0),
	gsSP2Triangles(17, 18, 19, 0, 20, 21, 22, 0),
	gsSP2Triangles(23, 24, 25, 0, 26, 27, 28, 0),
	gsSP2Triangles(29, 27, 30, 0, 31, 27, 32, 0),
	gsSP2Triangles(33, 27, 34, 0, 35, 27, 36, 0),
	gsSP2Triangles(37, 27, 38, 0, 39, 27, 40, 0),
	gsSP2Triangles(41, 27, 42, 0, 43, 44, 45, 0),
	gsSP2Triangles(46, 47, 48, 0, 49, 50, 51, 0),
	gsSP2Triangles(52, 53, 54, 0, 53, 52, 55, 0),
	gsSPVertex(ow_ph_ow_ph_mesh_layer_1_vtx_6 + 56, 36, 0),
	gsSP2Triangles(0, 1, 2, 0, 1, 0, 3, 0),
	gsSP2Triangles(4, 5, 6, 0, 5, 4, 7, 0),
	gsSP2Triangles(8, 9, 10, 0, 9, 8, 11, 0),
	gsSP2Triangles(12, 13, 14, 0, 13, 12, 15, 0),
	gsSP2Triangles(16, 17, 18, 0, 17, 16, 19, 0),
	gsSP2Triangles(20, 21, 22, 0, 21, 20, 23, 0),
	gsSP2Triangles(24, 25, 26, 0, 25, 24, 27, 0),
	gsSP2Triangles(28, 29, 30, 0, 29, 28, 31, 0),
	gsSP2Triangles(32, 33, 34, 0, 33, 32, 35, 0),
	gsDPPipeSync(),
	gsDPSetTextureImage(G_IM_FMT_RGBA, G_IM_SIZ_16b, 1, ow_ph_miu64_mo007_pal_rgba16),
	gsDPLoadTLUTCmd(5, 15),
	gsDPSetTextureImage(G_IM_FMT_CI, G_IM_SIZ_16b, 1, ow_ph_miu64_mo007_ci4),
	gsDPLoadBlock(7, 0, 0, 1023, 512),
	gsDPSetTile(G_IM_FMT_CI, G_IM_SIZ_4b, 4, 0, 0, 0, G_TX_WRAP | G_TX_NOMIRROR, 6, 0, G_TX_WRAP | G_TX_NOMIRROR, 6, 0),
	gsSPVertex(ow_ph_ow_ph_mesh_layer_1_vtx_7 + 0, 56, 0),
	gsSP2Triangles(0, 1, 2, 0, 3, 1, 0, 0),
	gsSP2Triangles(4, 3, 0, 0, 5, 3, 4, 0),
	gsSP2Triangles(6, 5, 4, 0, 6, 7, 5, 0),
	gsSP2Triangles(8, 7, 6, 0, 8, 9, 7, 0),
	gsSP2Triangles(10, 7, 9, 0, 7, 10, 11, 0),
	gsSP2Triangles(12, 11, 10, 0, 13, 12, 10, 0),
	gsSP2Triangles(14, 12, 13, 0, 14, 15, 12, 0),
	gsSP2Triangles(16, 15, 14, 0, 16, 17, 15, 0),
	gsSP2Triangles(18, 17, 16, 0, 18, 19, 17, 0),
	gsSP2Triangles(20, 19, 18, 0, 20, 21, 19, 0),
	gsSP2Triangles(22, 21, 20, 0, 23, 22, 20, 0),
	gsSP2Triangles(22, 24, 21, 0, 25, 24, 22, 0),
	gsSP2Triangles(25, 26, 24, 0, 24, 26, 27, 0),
	gsSP2Triangles(28, 27, 26, 0, 27, 28, 29, 0),
	gsSP2Triangles(27, 29, 30, 0, 30, 29, 31, 0),
	gsSP2Triangles(30, 31, 32, 0, 32, 31, 33, 0),
	gsSP2Triangles(32, 33, 34, 0, 34, 33, 35, 0),
	gsSP2Triangles(34, 35, 36, 0, 36, 35, 37, 0),
	gsSP2Triangles(36, 37, 38, 0, 38, 37, 39, 0),
	gsSP2Triangles(38, 39, 3, 0, 3, 39, 1, 0),
	gsSP2Triangles(5, 38, 3, 0, 40, 38, 5, 0),
	gsSP2Triangles(7, 40, 5, 0, 11, 40, 7, 0),
	gsSP2Triangles(11, 12, 40, 0, 41, 40, 12, 0),
	gsSP2Triangles(40, 41, 38, 0, 36, 38, 41, 0),
	gsSP2Triangles(19, 42, 17, 0, 19, 43, 42, 0),
	gsSP2Triangles(21, 43, 19, 0, 21, 24, 43, 0),
	gsSP2Triangles(24, 27, 43, 0, 43, 27, 30, 0),
	gsSP2Triangles(43, 30, 32, 0, 42, 43, 32, 0),
	gsSP2Triangles(44, 45, 46, 0, 47, 45, 44, 0),
	gsSP2Triangles(48, 47, 44, 0, 49, 47, 48, 0),
	gsSP2Triangles(50, 49, 48, 0, 50, 51, 49, 0),
	gsSP2Triangles(52, 51, 50, 0, 52, 53, 51, 0),
	gsSP2Triangles(54, 51, 53, 0, 51, 54, 55, 0),
	gsSPVertex(ow_ph_ow_ph_mesh_layer_1_vtx_7 + 56, 38, 0),
	gsSP2Triangles(0, 1, 2, 0, 3, 0, 2, 0),
	gsSP2Triangles(4, 0, 3, 0, 4, 5, 0, 0),
	gsSP2Triangles(6, 5, 4, 0, 6, 7, 5, 0),
	gsSP2Triangles(8, 7, 6, 0, 8, 9, 7, 0),
	gsSP2Triangles(10, 9, 8, 0, 10, 11, 9, 0),
	gsSP2Triangles(12, 11, 10, 0, 13, 12, 10, 0),
	gsSP2Triangles(12, 14, 11, 0, 15, 14, 12, 0),
	gsSP2Triangles(15, 16, 14, 0, 14, 16, 17, 0),
	gsSP2Triangles(18, 17, 16, 0, 17, 18, 19, 0),
	gsSP2Triangles(17, 19, 20, 0, 20, 19, 21, 0),
	gsSP2Triangles(20, 21, 22, 0, 22, 21, 23, 0),
	gsSP2Triangles(22, 23, 24, 0, 24, 23, 25, 0),
	gsSP2Triangles(24, 25, 26, 0, 26, 25, 27, 0),
	gsSP2Triangles(26, 27, 28, 0, 28, 27, 29, 0),
	gsSP2Triangles(28, 29, 30, 0, 30, 29, 31, 0),
	gsSP2Triangles(32, 28, 30, 0, 33, 28, 32, 0),
	gsSP2Triangles(34, 33, 32, 0, 1, 33, 34, 0),
	gsSP2Triangles(1, 0, 33, 0, 35, 33, 0, 0),
	gsSP2Triangles(33, 35, 28, 0, 26, 28, 35, 0),
	gsSP2Triangles(9, 36, 7, 0, 9, 37, 36, 0),
	gsSP2Triangles(11, 37, 9, 0, 11, 14, 37, 0),
	gsSP2Triangles(14, 17, 37, 0, 37, 17, 20, 0),
	gsSP2Triangles(37, 20, 22, 0, 36, 37, 22, 0),
	gsDPPipeSync(),
	gsDPSetTextureImage(G_IM_FMT_RGBA, G_IM_SIZ_16b, 1, ow_ph_miu64_mo010_pal_rgba16),
	gsDPLoadTLUTCmd(5, 15),
	gsDPSetTextureImage(G_IM_FMT_CI, G_IM_SIZ_16b, 1, ow_ph_miu64_mo010_ci4),
	gsDPLoadBlock(7, 0, 0, 1023, 512),
	gsDPSetTile(G_IM_FMT_CI, G_IM_SIZ_4b, 4, 0, 0, 0, G_TX_CLAMP | G_TX_NOMIRROR, 6, 0, G_TX_CLAMP | G_TX_NOMIRROR, 6, 0),
	gsSPVertex(ow_ph_ow_ph_mesh_layer_1_vtx_8 + 0, 24, 0),
	gsSP2Triangles(0, 1, 2, 0, 3, 1, 0, 0),
	gsSP2Triangles(3, 4, 1, 0, 5, 1, 4, 0),
	gsSP2Triangles(6, 7, 8, 0, 9, 7, 6, 0),
	gsSP2Triangles(9, 10, 7, 0, 10, 9, 11, 0),
	gsSP2Triangles(12, 13, 14, 0, 15, 13, 12, 0),
	gsSP2Triangles(15, 16, 13, 0, 17, 13, 16, 0),
	gsSP2Triangles(18, 19, 20, 0, 21, 19, 18, 0),
	gsSP2Triangles(21, 22, 19, 0, 22, 21, 23, 0),
	gsDPPipeSync(),
	gsDPSetTextureImage(G_IM_FMT_RGBA, G_IM_SIZ_16b, 1, ow_ph_miu64_mo008_pal_rgba16),
	gsDPLoadTLUTCmd(5, 15),
	gsDPSetTextureImage(G_IM_FMT_CI, G_IM_SIZ_16b, 1, ow_ph_miu64_mo008_ci4),
	gsDPLoadBlock(7, 0, 0, 1023, 512),
	gsSPVertex(ow_ph_ow_ph_mesh_layer_1_vtx_9 + 0, 40, 0),
	gsSP2Triangles(0, 1, 2, 0, 3, 1, 4, 0),
	gsSP2Triangles(5, 1, 6, 0, 7, 1, 8, 0),
	gsSP2Triangles(9, 1, 10, 0, 11, 1, 12, 0),
	gsSP2Triangles(13, 1, 14, 0, 15, 1, 16, 0),
	gsSP2Triangles(17, 18, 19, 0, 20, 21, 22, 0),
	gsSP2Triangles(23, 24, 25, 0, 26, 27, 28, 0),
	gsSP2Triangles(27, 26, 29, 0, 30, 17, 31, 0),
	gsSP2Triangles(17, 30, 32, 0, 33, 34, 35, 0),
	gsSP2Triangles(34, 33, 23, 0, 36, 21, 37, 0),
	gsSP2Triangles(21, 36, 19, 0, 38, 20, 24, 0),
	gsSP1Triangle(20, 38, 39, 0),
	gsDPPipeSync(),
	gsDPSetTextureImage(G_IM_FMT_RGBA, G_IM_SIZ_16b, 1, ow_ph_miu64_mo007_pal_rgba16),
	gsDPLoadTLUTCmd(5, 15),
	gsDPSetTextureImage(G_IM_FMT_CI, G_IM_SIZ_16b, 1, ow_ph_miu64_mo007_ci4),
	gsDPLoadBlock(7, 0, 0, 1023, 512),
	gsDPSetTile(G_IM_FMT_CI, G_IM_SIZ_4b, 4, 0, 0, 0, G_TX_WRAP | G_TX_NOMIRROR, 6, 0, G_TX_WRAP | G_TX_NOMIRROR, 6, 0),
	gsSPVertex(ow_ph_ow_ph_mesh_layer_1_vtx_10 + 0, 44, 0),
	gsSP2Triangles(0, 1, 2, 0, 1, 0, 3, 0),
	gsSP2Triangles(4, 3, 0, 0, 5, 3, 4, 0),
	gsSP2Triangles(5, 4, 6, 0, 7, 6, 4, 0),
	gsSP2Triangles(8, 6, 7, 0, 8, 9, 6, 0),
	gsSP2Triangles(6, 9, 10, 0, 6, 10, 11, 0),
	gsSP2Triangles(11, 10, 12, 0, 13, 11, 12, 0),
	gsSP2Triangles(13, 12, 14, 0, 14, 15, 13, 0),
	gsSP2Triangles(16, 15, 14, 0, 16, 17, 15, 0),
	gsSP2Triangles(18, 17, 16, 0, 17, 18, 19, 0),
	gsSP2Triangles(20, 19, 18, 0, 21, 19, 20, 0),
	gsSP2Triangles(22, 21, 20, 0, 23, 21, 22, 0),
	gsSP2Triangles(23, 24, 21, 0, 25, 24, 23, 0),
	gsSP2Triangles(25, 26, 24, 0, 27, 24, 26, 0),
	gsSP2Triangles(28, 27, 26, 0, 29, 27, 28, 0),
	gsSP2Triangles(29, 30, 27, 0, 31, 30, 29, 0),
	gsSP2Triangles(31, 32, 30, 0, 33, 32, 31, 0),
	gsSP2Triangles(33, 34, 32, 0, 35, 34, 33, 0),
	gsSP2Triangles(35, 36, 34, 0, 37, 36, 35, 0),
	gsSP2Triangles(37, 38, 36, 0, 39, 38, 37, 0),
	gsSP2Triangles(39, 3, 38, 0, 1, 3, 39, 0),
	gsSP2Triangles(5, 38, 3, 0, 40, 38, 5, 0),
	gsSP2Triangles(5, 6, 40, 0, 40, 6, 11, 0),
	gsSP2Triangles(40, 11, 13, 0, 41, 40, 13, 0),
	gsSP2Triangles(36, 40, 41, 0, 40, 36, 38, 0),
	gsSP2Triangles(17, 19, 42, 0, 42, 19, 43, 0),
	gsSP2Triangles(21, 43, 19, 0, 24, 43, 21, 0),
	gsSP2Triangles(24, 27, 43, 0, 30, 43, 27, 0),
	gsSP2Triangles(42, 43, 30, 0, 42, 30, 32, 0),
	gsDPPipeSync(),
	gsDPSetTextureImage(G_IM_FMT_RGBA, G_IM_SIZ_16b, 1, ow_ph_miu64_mo009_pal_rgba16),
	gsDPLoadTLUTCmd(5, 15),
	gsDPSetTextureImage(G_IM_FMT_CI, G_IM_SIZ_16b, 1, ow_ph_miu64_mo009_ci4),
	gsDPLoadBlock(7, 0, 0, 1023, 512),
	gsDPSetTile(G_IM_FMT_CI, G_IM_SIZ_4b, 4, 0, 0, 0, G_TX_CLAMP | G_TX_NOMIRROR, 6, 0, G_TX_CLAMP | G_TX_NOMIRROR, 6, 0),
	gsSPVertex(ow_ph_ow_ph_mesh_layer_1_vtx_11 + 0, 12, 0),
	gsSP2Triangles(0, 1, 2, 0, 3, 1, 0, 0),
	gsSP2Triangles(3, 4, 1, 0, 1, 4, 5, 0),
	gsSP2Triangles(6, 7, 8, 0, 9, 7, 6, 0),
	gsSP2Triangles(9, 10, 7, 0, 7, 10, 11, 0),
	gsDPPipeSync(),
	gsSPLoadGeometryMode(G_ZBUFFER | G_SHADE | G_CULL_BACK | G_LIGHTING | G_SHADING_SMOOTH),
	gsSPSetOtherMode(G_SETOTHERMODE_H, 4, 20, G_CD_MAGICSQ | G_AD_DISABLE | G_CK_NONE | G_TC_FILT | G_TF_BILERP | G_TT_NONE | G_TL_TILE | G_TD_CLAMP | G_TP_PERSP | G_CYC_1CYCLE | G_PM_1PRIMITIVE),
	gsDPSetCombineLERP(0, 0, 0, SHADE, 0, 0, 0, ENVIRONMENT, 0, 0, 0, SHADE, 0, 0, 0, ENVIRONMENT),
	gsSPTexture(65535, 65535, 0, 0, 0),
	gsDPSetEnvColor(255, 255, 255, 255),
	gsDPSetAlphaCompareReal(G_AC_NONE),
	gsSPEndDisplayList(),
};

Gfx ow_ph_ow_ph_mesh_layer_5[] = {
	gsSPLoadGeometryMode(G_ZBUFFER | G_SHADE | G_CULL_BACK | G_SHADING_SMOOTH),
	gsDPSetCombineLERP(TEXEL0, 0, SHADE, 0, TEXEL0, 0, ENVIRONMENT, 0, TEXEL0, 0, SHADE, 0, TEXEL0, 0, ENVIRONMENT, 0),
	gsSPSetOtherMode(G_SETOTHERMODE_H, 4, 20, G_AD_NOISE | G_CD_MAGICSQ | G_CK_NONE | G_TC_FILT | G_TF_BILERP | G_TT_NONE | G_TL_TILE | G_TD_CLAMP | G_TP_PERSP | G_CYC_1CYCLE | G_PM_1PRIMITIVE),
	gsSPTexture(65535, 65535, 0, 0, 1),
	gsDPSetPrimColor(0, 0, 255, 255, 255, 255),
	gsDPSetTextureImage(G_IM_FMT_IA, G_IM_SIZ_16b_LOAD_BLOCK, 1, ow_ph_miu32_mo003_ia16),
	gsDPSetTile(G_IM_FMT_IA, G_IM_SIZ_16b_LOAD_BLOCK, 0, 0, 7, 0, G_TX_WRAP | G_TX_NOMIRROR, 0, 0, G_TX_WRAP | G_TX_NOMIRROR, 0, 0),
	gsDPLoadBlock(7, 0, 0, 1023, 256),
	gsDPSetTile(G_IM_FMT_IA, G_IM_SIZ_16b, 8, 0, 0, 0, G_TX_WRAP | G_TX_MIRROR, 5, 0, G_TX_WRAP | G_TX_MIRROR, 5, 0),
	gsDPSetTileSize(0, 0, 0, 124, 124),
	gsSPVertex(ow_ph_ow_ph_mesh_layer_5_vtx_0 + 0, 8, 0),
	gsSP2Triangles(0, 1, 2, 0, 1, 0, 3, 0),
	gsSP2Triangles(4, 5, 6, 0, 5, 4, 7, 0),
	gsSPVertex(ow_ph_ow_ph_mesh_layer_5_vtx_1 + 0, 4, 0),
	gsSP2Triangles(0, 1, 2, 0, 1, 0, 3, 0),
	gsDPPipeSync(),
	gsSPLoadGeometryMode(G_ZBUFFER | G_SHADE | G_CULL_BACK | G_LIGHTING | G_SHADING_SMOOTH),
	gsSPSetOtherMode(G_SETOTHERMODE_H, 4, 20, G_CD_MAGICSQ | G_AD_DISABLE | G_CK_NONE | G_TC_FILT | G_TF_BILERP | G_TT_NONE | G_TL_TILE | G_TD_CLAMP | G_TP_PERSP | G_CYC_1CYCLE | G_PM_1PRIMITIVE),
	gsDPSetCombineLERP(0, 0, 0, SHADE, 0, 0, 0, ENVIRONMENT, 0, 0, 0, SHADE, 0, 0, 0, ENVIRONMENT),
	gsSPTexture(65535, 65535, 0, 0, 0),
	gsDPSetEnvColor(255, 255, 255, 255),
	gsDPSetAlphaCompareReal(G_AC_NONE),
	gsSPEndDisplayList(),
};

