ALIGNED8 u8 ow2_fc_miu64_fcanime01_ci4[] = {
	0x01, 0x11, 0x11, 0x11, 0x11, 0x20, 0x00, 0x33, 
	0x33, 0x34, 0x33, 0x33, 0x33, 0x33, 0x33, 0x43, 
	0x33, 0x33, 0x33, 0x33, 0x33, 0x33, 0x33, 0x33, 
	0x33, 0x33, 0x33, 0x34, 0x33, 0x33, 0x33, 0x33, 
	0x01, 0x11, 0x11, 0x11, 0x11, 0x20, 0x00, 0x33, 
	0x34, 0x43, 0x34, 0x24, 0x33, 0x33, 0x33, 0x33, 
	0x33, 0x33, 0x33, 0x33, 0x33, 0x42, 0x43, 0x33, 
	0x33, 0x33, 0x33, 0x33, 0x33, 0x33, 0x33, 0x34, 
	0x01, 0x11, 0x11, 0x11, 0x11, 0x20, 0x00, 0x33, 
	0x43, 0x34, 0x22, 0x22, 0x23, 0x33, 0x33, 0x33, 
	0x33, 0x33, 0x33, 0x33, 0x42, 0x22, 0x22, 0x33, 
	0x33, 0x33, 0x33, 0x33, 0x33, 0x43, 0x34, 0x22, 
	0x01, 0x11, 0x11, 0x11, 0x11, 0x20, 0x00, 0x33, 
	0x34, 0x22, 0x44, 0x42, 0x22, 0x23, 0x33, 0x33, 
	0x33, 0x33, 0x33, 0x42, 0x22, 0x44, 0x22, 0x22, 
	0x33, 0x33, 0x33, 0x34, 0x33, 0x34, 0x22, 0x24, 
	0x01, 0x11, 0x11, 0x11, 0x11, 0x50, 0x00, 0x02, 
	0x22, 0x24, 0x34, 0x43, 0x42, 0x22, 0x23, 0x33, 
	0x33, 0x43, 0x22, 0x22, 0x44, 0x44, 0x42, 0x22, 
	0x22, 0x33, 0x33, 0x34, 0x36, 0x66, 0x44, 0x44, 
	0x01, 0x11, 0x11, 0x11, 0x11, 0x50, 0x05, 0x02, 
	0x24, 0x44, 0x34, 0x43, 0x34, 0x22, 0x22, 0x33, 
	0x33, 0x23, 0x22, 0x43, 0x44, 0x44, 0x44, 0x32, 
	0x22, 0x23, 0x33, 0x44, 0x36, 0x64, 0x44, 0x44, 
	0x01, 0x11, 0x11, 0x11, 0x11, 0x50, 0x05, 0x05, 
	0x33, 0x44, 0x34, 0x43, 0x34, 0x43, 0x24, 0x33, 
	0x33, 0x23, 0x42, 0x43, 0x44, 0x44, 0x44, 0x34, 
	0x22, 0x43, 0x33, 0x44, 0x33, 0x34, 0x44, 0x78, 
	0x01, 0x11, 0x11, 0x11, 0x11, 0x50, 0x05, 0x05, 
	0x33, 0x24, 0x33, 0x43, 0x34, 0x43, 0x34, 0x33, 
	0x33, 0x23, 0x42, 0x43, 0x44, 0x44, 0x44, 0x34, 
	0x22, 0x43, 0x33, 0x44, 0x33, 0x32, 0x78, 0x88, 
	0x01, 0x11, 0x11, 0x11, 0x11, 0x20, 0x03, 0x34, 
	0x44, 0x44, 0x44, 0x44, 0x44, 0x44, 0x44, 0x33, 
	0x33, 0x23, 0x44, 0x44, 0x44, 0x44, 0x44, 0x34, 
	0x44, 0x33, 0x33, 0x66, 0x69, 0x78, 0x88, 0x88, 
	0x01, 0x11, 0x11, 0x11, 0x11, 0x20, 0x03, 0x34, 
	0x34, 0x44, 0x34, 0x44, 0x34, 0x43, 0x44, 0x33, 
	0x33, 0x23, 0x44, 0x44, 0x44, 0x44, 0x44, 0x34, 
	0x44, 0x33, 0x33, 0x6a, 0x78, 0x88, 0x88, 0x88, 
	0x01, 0x11, 0x11, 0x11, 0x11, 0x10, 0x03, 0x34, 
	0x34, 0x44, 0x33, 0x43, 0x34, 0x43, 0x44, 0x33, 
	0x33, 0x23, 0x44, 0x43, 0x44, 0x43, 0x44, 0x33, 
	0x44, 0x33, 0x6a, 0x99, 0x88, 0x88, 0x88, 0x88, 
	0x01, 0x11, 0x11, 0x11, 0x1b, 0x00, 0x03, 0x34, 
	0x34, 0x44, 0x34, 0x44, 0x34, 0x43, 0x44, 0x33, 
	0x33, 0x23, 0x44, 0x43, 0x44, 0x43, 0x44, 0x33, 
	0x4c, 0xca, 0x99, 0x99, 0x88, 0x88, 0x88, 0x88, 
	0x01, 0x11, 0xbb, 0x11, 0xb2, 0x00, 0x03, 0x34, 
	0x33, 0x44, 0x34, 0x44, 0x34, 0x43, 0x44, 0x33, 
	0x33, 0x43, 0x44, 0x43, 0x44, 0x44, 0x44, 0x44, 
	0x78, 0x99, 0x99, 0xd9, 0x88, 0x88, 0x88, 0x88, 
	0x01, 0x11, 0xbb, 0x1b, 0x20, 0x00, 0x03, 0x33, 
	0x33, 0x44, 0x34, 0x44, 0x34, 0x43, 0x33, 0x33, 
	0x33, 0x34, 0x33, 0x43, 0x44, 0x44, 0x4d, 0x78, 
	0x89, 0x99, 0xdd, 0xdd, 0x78, 0x88, 0x88, 0x88, 
	0x01, 0x11, 0x11, 0xb2, 0x00, 0x00, 0x03, 0x34, 
	0x43, 0x34, 0x34, 0x44, 0x33, 0x33, 0x33, 0x33, 
	0x33, 0x33, 0x34, 0x33, 0x44, 0x47, 0x88, 0x87, 
	0x99, 0x99, 0xdd, 0xdd, 0xdd, 0x78, 0x88, 0x88, 
	0x01, 0x11, 0x11, 0x10, 0x02, 0x20, 0x03, 0x33, 
	0x34, 0x43, 0x34, 0x44, 0x33, 0x33, 0x33, 0x33, 
	0x33, 0x33, 0x33, 0x33, 0xa7, 0x88, 0x87, 0xdd, 
	0x99, 0x99, 0xdd, 0xdd, 0xdd, 0xdd, 0x88, 0x88, 
	0x01, 0x11, 0x11, 0x10, 0x22, 0x20, 0x00, 0x55, 
	0x33, 0x34, 0x43, 0x33, 0x33, 0x33, 0x33, 0x33, 
	0x33, 0x33, 0x33, 0xca, 0x78, 0x87, 0xdd, 0xdd, 
	0xdd, 0xdd, 0xaa, 0xaa, 0xaa, 0xaa, 0xad, 0x77, 
	0x01, 0x11, 0x11, 0x10, 0x52, 0x20, 0x00, 0x05, 
	0x33, 0x33, 0x34, 0x33, 0x33, 0x33, 0x33, 0x33, 
	0x33, 0x33, 0xca, 0x99, 0xdd, 0xdd, 0xdd, 0xdd, 
	0xdd, 0xdd, 0xaa, 0xaa, 0xaa, 0xaa, 0xaa, 0xaa, 
	0x01, 0x11, 0x11, 0x10, 0x22, 0x20, 0x05, 0x50, 
	0x33, 0x33, 0x33, 0x33, 0x33, 0x33, 0x33, 0x3c, 
	0xaa, 0xa7, 0x99, 0x99, 0xdd, 0xdd, 0xdd, 0xdd, 
	0xdd, 0xd8, 0x88, 0x9a, 0xaa, 0xaa, 0xaa, 0xaa, 
	0x01, 0x11, 0x11, 0x10, 0x22, 0x50, 0x05, 0x52, 
	0x43, 0x33, 0x33, 0x33, 0x33, 0x33, 0x3c, 0xcd, 
	0x88, 0x87, 0x99, 0x99, 0xdd, 0xdd, 0xdd, 0xdd, 
	0xd8, 0x88, 0x88, 0x88, 0xdd, 0xaa, 0xaa, 0xaa, 
	0x01, 0x11, 0x11, 0x10, 0x25, 0x50, 0x00, 0x42, 
	0x22, 0x43, 0x33, 0x33, 0x44, 0x44, 0xc7, 0x88, 
	0x88, 0x88, 0x87, 0xdd, 0xad, 0xda, 0xdd, 0xd8, 
	0x88, 0x88, 0x88, 0x77, 0x77, 0xde, 0xcc, 0xcc, 
	0x01, 0x11, 0x11, 0x10, 0x25, 0x50, 0x00, 0x34, 
	0x22, 0x23, 0x33, 0x33, 0x44, 0x98, 0x88, 0x88, 
	0x88, 0x88, 0x88, 0x8d, 0xda, 0xaa, 0xd9, 0x88, 
	0x88, 0x87, 0x77, 0x77, 0x77, 0x77, 0xec, 0xcc, 
	0x01, 0x11, 0x11, 0x10, 0x55, 0x50, 0x00, 0x34, 
	0x44, 0x23, 0x33, 0x33, 0x98, 0x88, 0x88, 0x88, 
	0x88, 0x88, 0x88, 0x87, 0xaa, 0xaa, 0xd8, 0x88, 
	0x88, 0x77, 0x77, 0x77, 0x77, 0x77, 0xec, 0xcc, 
	0x01, 0x11, 0x11, 0xb0, 0x55, 0x50, 0x00, 0x34, 
	0x43, 0x23, 0x34, 0xa9, 0x88, 0x88, 0x88, 0x88, 
	0x88, 0x88, 0x88, 0x87, 0xaa, 0xaa, 0xd8, 0x88, 
	0x77, 0x77, 0x77, 0x77, 0x77, 0x77, 0xec, 0xcc, 
	0x01, 0xb1, 0x11, 0xb0, 0x55, 0x50, 0x00, 0xcc, 
	0x66, 0x66, 0xa9, 0x99, 0x88, 0x88, 0x88, 0x88, 
	0x88, 0x88, 0x88, 0x89, 0xaa, 0xaa, 0xa7, 0x77, 
	0x77, 0x77, 0x77, 0x77, 0x77, 0xdd, 0xef, 0xff, 
	0x01, 0xb1, 0x11, 0xb0, 0x55, 0x50, 0x00, 0xcc, 
	0x67, 0x7a, 0x99, 0x99, 0x88, 0x88, 0x88, 0x88, 
	0x88, 0x88, 0x88, 0x89, 0xaa, 0xaa, 0xa7, 0x77, 
	0x77, 0x77, 0x77, 0x79, 0x7d, 0xdd, 0xe6, 0xff, 
	0x01, 0xb1, 0x11, 0xb0, 0x55, 0x50, 0x00, 0xc9, 
	0x88, 0x8a, 0x99, 0x99, 0x88, 0x88, 0x88, 0x88, 
	0x88, 0x88, 0x78, 0x79, 0xaa, 0xaa, 0xa7, 0x77, 
	0x77, 0x77, 0x79, 0x99, 0xdd, 0xdd, 0xe6, 0xf6, 
	0x01, 0x11, 0x1b, 0xb0, 0x55, 0x50, 0x00, 0x97, 
	0x88, 0x8a, 0x99, 0x99, 0x88, 0x88, 0x88, 0x88, 
	0x88, 0x88, 0x77, 0x79, 0xaa, 0xac, 0xa7, 0x77, 
	0x77, 0x77, 0x99, 0xdd, 0xdd, 0xdd, 0xe6, 0x66, 
	0x01, 0x11, 0x11, 0xb0, 0x55, 0x50, 0x00, 0x97, 
	0x88, 0x7a, 0xdd, 0xdd, 0x88, 0x88, 0x88, 0x88, 
	0x88, 0x88, 0x77, 0x7d, 0xcc, 0xcc, 0xa7, 0x77, 
	0x77, 0xdd, 0xdd, 0xdd, 0xee, 0xee, 0xf6, 0x66, 
	0x01, 0x11, 0x11, 0xb0, 0x52, 0x50, 0x00, 0x97, 
	0x88, 0xaa, 0xdd, 0xda, 0x78, 0x88, 0x88, 0x87, 
	0x88, 0x87, 0x77, 0x7c, 0xcc, 0xcc, 0xcd, 0x77, 
	0xdd, 0xdd, 0xdd, 0xee, 0xee, 0xee, 0x66, 0x66, 
	0x01, 0x11, 0x11, 0xb0, 0x55, 0x50, 0x00, 0x97, 
	0x7a, 0xaa, 0xaa, 0xaa, 0xa9, 0x88, 0x78, 0x87, 
	0x77, 0x77, 0x7d, 0xcc, 0xcc, 0xcc, 0xcc, 0xad, 
	0xdd, 0xdd, 0xde, 0xee, 0xee, 0x66, 0x66, 0x66, 
	0x01, 0x11, 0x11, 0xb0, 0x55, 0x50, 0x00, 0x9c, 
	0xaa, 0xaa, 0xaa, 0xaa, 0xaa, 0xa9, 0x77, 0x77, 
	0x77, 0x79, 0xcc, 0xcc, 0xcc, 0xcc, 0xcc, 0xcc, 
	0xdd, 0xdd, 0xee, 0xee, 0x66, 0x66, 0x66, 0x66, 
	0x01, 0x11, 0x1b, 0xb0, 0x55, 0x50, 0x00, 0x4c, 
	0xaa, 0xaa, 0xaa, 0xaa, 0xaa, 0xaa, 0xad, 0x77, 
	0x79, 0xcc, 0xcc, 0xcc, 0xcc, 0xcc, 0x66, 0x66, 
	0xf6, 0xfe, 0xcc, 0x66, 0x66, 0x66, 0x66, 0x66, 
	0x01, 0x11, 0x1b, 0xb0, 0x55, 0x50, 0x00, 0x4c, 
	0xaa, 0xaa, 0xaa, 0xaa, 0xaa, 0xaa, 0xaa, 0xaa, 
	0xcc, 0xcc, 0xcc, 0xcc, 0xcc, 0xcc, 0x66, 0x66, 
	0x66, 0x66, 0x66, 0x66, 0x66, 0x66, 0x66, 0x46, 
	0x01, 0x11, 0x11, 0xb0, 0x55, 0x50, 0x00, 0x4c, 
	0xaa, 0xaa, 0x77, 0xdd, 0xaa, 0xaa, 0xaa, 0xaa, 
	0xcc, 0xcc, 0xcc, 0xcc, 0xce, 0xec, 0xff, 0x66, 
	0x66, 0x66, 0x66, 0x66, 0x66, 0x66, 0x46, 0xff, 
	0x01, 0x11, 0x1b, 0xb0, 0x55, 0x50, 0x00, 0x4c, 
	0xaa, 0x77, 0x77, 0x77, 0xee, 0xaa, 0xaa, 0xaa, 
	0xcc, 0xcc, 0xcc, 0xcd, 0xee, 0xee, 0xff, 0xff, 
	0x66, 0x66, 0x66, 0x66, 0x66, 0x66, 0xff, 0xff, 
	0x01, 0x11, 0x1b, 0xb0, 0x55, 0x50, 0x00, 0x44, 
	0x97, 0x77, 0x77, 0x77, 0x77, 0xee, 0xcf, 0xff, 
	0xcc, 0xcc, 0xfe, 0xee, 0xee, 0xef, 0xff, 0xff, 
	0xf6, 0x66, 0x66, 0x66, 0x66, 0xff, 0xff, 0x6f, 
	0x01, 0x11, 0x11, 0xb0, 0x55, 0x50, 0x00, 0x49, 
	0x77, 0x77, 0x77, 0x77, 0x77, 0x77, 0xcc, 0xff, 
	0xcc, 0xce, 0xee, 0xee, 0xee, 0xff, 0xff, 0xff, 
	0xff, 0x66, 0x66, 0x66, 0x6f, 0xff, 0xf6, 0x66, 
	0x01, 0x11, 0x11, 0xb0, 0x55, 0x50, 0x00, 0xa9, 
	0x97, 0x77, 0x77, 0x77, 0xdd, 0xdd, 0xdc, 0xff, 
	0xcc, 0xee, 0xee, 0xef, 0xff, 0xff, 0xff, 0xff, 
	0xff, 0x66, 0x66, 0x66, 0x6f, 0x66, 0x66, 0x66, 
	0x01, 0x11, 0x11, 0xb0, 0x55, 0x50, 0x00, 0xa9, 
	0x97, 0x77, 0x77, 0x77, 0xdd, 0xdd, 0xec, 0xff, 
	0xc6, 0xce, 0xee, 0xff, 0xff, 0xff, 0xff, 0xff, 
	0xff, 0x66, 0x66, 0x66, 0x66, 0x66, 0x66, 0x66, 
	0x02, 0x22, 0x21, 0xb0, 0x55, 0x50, 0x03, 0xca, 
	0xd7, 0x77, 0x99, 0x9d, 0xdd, 0xdd, 0xef, 0x66, 
	0x66, 0xff, 0xff, 0xff, 0xff, 0xff, 0xff, 0xff, 
	0xff, 0x66, 0x44, 0x46, 0x66, 0x66, 0x66, 0x46, 
	0x01, 0x11, 0x11, 0xb0, 0x55, 0x50, 0x03, 0xca, 
	0xd9, 0x79, 0x9d, 0xdd, 0xdd, 0xdd, 0xef, 0x66, 
	0x66, 0xff, 0xff, 0xff, 0xff, 0xff, 0xff, 0xff, 
	0xff, 0x66, 0x44, 0x46, 0x44, 0x46, 0x64, 0x44, 
	0x01, 0x11, 0x11, 0xb0, 0x55, 0x50, 0x03, 0xca, 
	0xdd, 0x99, 0xdd, 0xdd, 0xed, 0xee, 0xcf, 0x66, 
	0x66, 0xff, 0xff, 0xff, 0xff, 0xf6, 0xff, 0x66, 
	0xf6, 0x64, 0x44, 0x46, 0x44, 0x44, 0x64, 0x44, 
	0x01, 0x11, 0x11, 0xb0, 0x55, 0x50, 0x03, 0xca, 
	0xdd, 0xdd, 0xdd, 0xdd, 0xee, 0xec, 0xcf, 0x66, 
	0x66, 0xff, 0xff, 0xff, 0xff, 0x66, 0xff, 0x66, 
	0x66, 0x64, 0x44, 0x46, 0x44, 0x44, 0x44, 0x44, 
	0x01, 0x11, 0x11, 0x10, 0x55, 0x50, 0x03, 0x6c, 
	0xee, 0xee, 0xee, 0xee, 0xee, 0xef, 0xf6, 0x66, 
	0x66, 0xff, 0xff, 0xf6, 0xff, 0x66, 0x66, 0x66, 
	0x66, 0x63, 0x33, 0x42, 0x34, 0x44, 0x43, 0x34, 
	0x01, 0x11, 0x11, 0x10, 0x55, 0x50, 0x00, 0x6c, 
	0xce, 0xee, 0xee, 0xef, 0xff, 0xff, 0xf6, 0x66, 
	0x66, 0x6f, 0x66, 0x66, 0x6f, 0x66, 0x66, 0x66, 
	0x64, 0x33, 0x33, 0x34, 0x43, 0x34, 0x43, 0x34, 
	0x01, 0x11, 0x11, 0x10, 0x55, 0x50, 0x00, 0x36, 
	0xcc, 0xee, 0xff, 0xef, 0xff, 0xf6, 0x66, 0x66, 
	0x44, 0x44, 0x66, 0x66, 0x66, 0x66, 0x66, 0x44, 
	0x33, 0x33, 0x33, 0x33, 0x34, 0x43, 0x33, 0x34, 
	0x01, 0x11, 0x11, 0x10, 0x55, 0x50, 0x00, 0x36, 
	0x6f, 0xcc, 0xff, 0xff, 0xf6, 0x66, 0x66, 0x64, 
	0x44, 0x44, 0x44, 0x66, 0x66, 0x66, 0x64, 0x33, 
	0x33, 0x33, 0x33, 0x33, 0x33, 0x34, 0x43, 0x34, 
	0x01, 0x11, 0x21, 0x10, 0x55, 0x50, 0x00, 0x34, 
	0x66, 0x6f, 0xff, 0xf6, 0x66, 0x66, 0x44, 0x44, 
	0x44, 0x44, 0x44, 0x34, 0x66, 0x44, 0x33, 0x33, 
	0x33, 0x33, 0x33, 0x33, 0x33, 0x33, 0x44, 0x43, 
	0x01, 0x11, 0x22, 0x20, 0x55, 0x50, 0x00, 0x34, 
	0x66, 0x66, 0x66, 0x66, 0x66, 0x44, 0x44, 0x44, 
	0x44, 0x44, 0x44, 0x33, 0x34, 0x43, 0x33, 0x33, 
	0x33, 0x33, 0x34, 0x33, 0x33, 0x33, 0x33, 0x44, 
	0x01, 0x11, 0x11, 0x10, 0x05, 0x50, 0x00, 0x34, 
	0x66, 0x66, 0x66, 0x66, 0x46, 0x44, 0x44, 0x4f, 
	0x66, 0x64, 0x33, 0x33, 0x33, 0x33, 0x33, 0x33, 
	0x33, 0x34, 0x22, 0x24, 0x33, 0x33, 0x43, 0x33, 
	0x01, 0x11, 0x11, 0x12, 0x00, 0x50, 0x03, 0x44, 
	0x46, 0x66, 0x66, 0x66, 0x44, 0x44, 0x4f, 0xff, 
	0x66, 0x66, 0x43, 0x33, 0x33, 0x33, 0x33, 0x34, 
	0x34, 0x22, 0x22, 0x22, 0x24, 0x33, 0x44, 0x44, 
	0x01, 0x11, 0x11, 0x1b, 0x20, 0x00, 0x03, 0x6f, 
	0x66, 0x66, 0x64, 0x44, 0x44, 0x46, 0xff, 0x66, 
	0x46, 0x66, 0x22, 0x43, 0x33, 0x33, 0x33, 0x33, 
	0x22, 0x24, 0x43, 0x32, 0x22, 0x24, 0x33, 0x33, 
	0x01, 0x11, 0x11, 0x11, 0xb2, 0x00, 0x00, 0x6f, 
	0xff, 0x64, 0x64, 0x44, 0x66, 0xff, 0x66, 0x64, 
	0x46, 0x44, 0x22, 0x24, 0x33, 0x33, 0x44, 0x42, 
	0x24, 0x34, 0x43, 0x34, 0x42, 0x22, 0x43, 0x33, 
	0x01, 0x11, 0x11, 0x11, 0x1b, 0x00, 0x00, 0x66, 
	0x6f, 0x64, 0x44, 0x44, 0xf6, 0xf4, 0x46, 0x44, 
	0x44, 0x44, 0x44, 0x24, 0x33, 0x33, 0x24, 0x44, 
	0x43, 0x34, 0x43, 0x34, 0x43, 0x42, 0x43, 0x43, 
	0x02, 0x21, 0x11, 0x11, 0x11, 0x10, 0x00, 0x36, 
	0x66, 0x64, 0x44, 0x44, 0x66, 0x44, 0x44, 0x44, 
	0x44, 0x44, 0x44, 0x34, 0x33, 0x33, 0x24, 0x34, 
	0x43, 0x34, 0x43, 0x34, 0x43, 0x32, 0x43, 0x43, 
	0x01, 0x11, 0x11, 0x11, 0x11, 0x10, 0x03, 0x44, 
	0x66, 0x63, 0x44, 0x44, 0x44, 0x44, 0x44, 0x43, 
	0x44, 0x43, 0x44, 0x34, 0x33, 0x33, 0x23, 0x34, 
	0x43, 0x34, 0x43, 0x34, 0x43, 0x44, 0x43, 0x33, 
	0x01, 0x11, 0x11, 0x11, 0x11, 0x50, 0x03, 0x44, 
	0x66, 0x63, 0x44, 0x33, 0x44, 0x44, 0x44, 0x44, 
	0x44, 0x44, 0x44, 0x34, 0x34, 0x33, 0x23, 0x44, 
	0x44, 0x44, 0x44, 0x44, 0x44, 0x44, 0x43, 0x24, 
	0x01, 0x11, 0x11, 0x11, 0x11, 0x50, 0x03, 0x44, 
	0x46, 0x63, 0x34, 0x33, 0x24, 0x44, 0x44, 0x43, 
	0x44, 0x44, 0x44, 0x32, 0x34, 0x33, 0x23, 0x34, 
	0x44, 0x44, 0x44, 0x44, 0x44, 0x44, 0x23, 0x43, 
	0x01, 0x11, 0x11, 0x11, 0x11, 0x50, 0x03, 0x44, 
	0x46, 0x63, 0x34, 0x43, 0x44, 0x44, 0x44, 0x43, 
	0x44, 0x44, 0x44, 0x32, 0x33, 0x33, 0x23, 0x44, 
	0x44, 0x44, 0x44, 0x44, 0x44, 0x44, 0x23, 0x33, 
	0x51, 0x11, 0x11, 0x11, 0x11, 0x20, 0x03, 0x44, 
	0x44, 0x43, 0x44, 0x44, 0x43, 0x44, 0x44, 0x43, 
	0x44, 0x43, 0x44, 0x44, 0x34, 0x33, 0x44, 0x34, 
	0x43, 0x34, 0x43, 0x34, 0x43, 0x44, 0x44, 0x33, 
	0x51, 0x11, 0x11, 0x11, 0x11, 0x20, 0x03, 0x44, 
	0x43, 0x34, 0x44, 0x44, 0x44, 0x33, 0x44, 0x43, 
	0x44, 0x43, 0x44, 0x33, 0x43, 0x33, 0x33, 0x43, 
	0x33, 0x34, 0x43, 0x34, 0x43, 0x33, 0x32, 0x33, 
	0x51, 0x11, 0x11, 0x11, 0x11, 0x20, 0x03, 0x33, 
	0x34, 0x44, 0x44, 0x44, 0x44, 0x44, 0x33, 0x43, 
	0x44, 0x33, 0x33, 0x33, 0x33, 0x33, 0x33, 0x33, 
	0x33, 0x34, 0x43, 0x34, 0x43, 0x34, 0x33, 0x33, 
	0x51, 0x11, 0x11, 0x11, 0x11, 0x20, 0x00, 0x33, 
	0x44, 0x44, 0x34, 0x44, 0x44, 0x44, 0x44, 0x33, 
	0x44, 0x33, 0x33, 0x33, 0x33, 0x33, 0x33, 0x33, 
	0x33, 0x33, 0x43, 0x33, 0x33, 0x33, 0x33, 0x33, 
	
};

ALIGNED8 u8 ow2_fc_miu64_fcanime01_pal_rgba16[] = {
	0x00, 0x01, 0x94, 0xa5, 0x3a, 0x51, 0x01, 0x05, 
	0x11, 0xc9, 0x31, 0x8d, 0x02, 0x8f, 0x06, 0x0b, 
	0x07, 0x41, 0x04, 0x87, 0x03, 0x8b, 0xce, 0x75, 
	0x03, 0x51, 0x04, 0x8f, 0x04, 0x57, 0x03, 0x55, 
	
};

ALIGNED8 u8 ow2_fc_miu128_fc003_ci4[] = {
	0x00, 0x00, 0x11, 0x11, 0x11, 0x11, 0x11, 0x11, 
	0x11, 0x11, 0x11, 0x11, 0x11, 0x11, 0x11, 0x11, 
	0x11, 0x11, 0x11, 0x11, 0x11, 0x11, 0x11, 0x11, 
	0x11, 0x11, 0x11, 0x11, 0x11, 0x11, 0x10, 0x00, 
	0x22, 0x22, 0x23, 0x33, 0x44, 0x44, 0x44, 0x33, 
	0x33, 0x33, 0x33, 0x33, 0x33, 0x33, 0x23, 0x32, 
	0x22, 0x33, 0x23, 0x33, 0x33, 0x33, 0x33, 0x33, 
	0x33, 0x44, 0x44, 0x44, 0x44, 0x33, 0x22, 0x22, 
	0x11, 0x11, 0x11, 0x11, 0x11, 0x11, 0x11, 0x11, 
	0x11, 0x11, 0x11, 0x11, 0x11, 0x11, 0x11, 0x11, 
	0x11, 0x11, 0x11, 0x11, 0x11, 0x11, 0x11, 0x11, 
	0x11, 0x11, 0x11, 0x11, 0x11, 0x11, 0x11, 0x11, 
	0x22, 0x22, 0x22, 0x22, 0x22, 0x22, 0x02, 0x00, 
	0x22, 0x11, 0x10, 0x00, 0x00, 0x11, 0x11, 0x11, 
	0x11, 0x11, 0x11, 0x11, 0x00, 0x00, 0x12, 0x22, 
	0x22, 0x22, 0x22, 0x22, 0x00, 0x22, 0x22, 0x02, 
	0x22, 0x22, 0x22, 0x22, 0x52, 0x22, 0x22, 0x22, 
	0x22, 0x31, 0x11, 0x00, 0x00, 0x00, 0x00, 0x00, 
	0x00, 0x00, 0x00, 0x00, 0x00, 0x11, 0x22, 0x22, 
	0x22, 0x32, 0x22, 0x22, 0x22, 0x52, 0x52, 0x22, 
	0x32, 0x22, 0x22, 0x22, 0x52, 0x22, 0x22, 0x22, 
	0x23, 0x23, 0x21, 0x00, 0x00, 0x00, 0x00, 0x00, 
	0x00, 0x00, 0x00, 0x00, 0x01, 0x14, 0x22, 0x22, 
	0x22, 0x32, 0x22, 0x22, 0x23, 0x25, 0x22, 0x22, 
	0x44, 0x44, 0x44, 0x44, 0x33, 0x44, 0x44, 0x44, 
	0x44, 0x44, 0x43, 0x12, 0x00, 0x00, 0x00, 0x00, 
	0x00, 0x00, 0x00, 0x00, 0x01, 0x43, 0x44, 0x44, 
	0x44, 0x44, 0x44, 0x44, 0x44, 0x44, 0x44, 0x44, 
	0x44, 0x44, 0x44, 0x44, 0x44, 0x44, 0x44, 0x44, 
	0x44, 0x44, 0x44, 0x31, 0x10, 0x11, 0x11, 0x11, 
	0x11, 0x11, 0x11, 0x10, 0x04, 0x44, 0x44, 0x44, 
	0x44, 0x44, 0x44, 0x44, 0x44, 0x43, 0x43, 0x44, 
	0x44, 0x44, 0x44, 0x44, 0x44, 0x44, 0x44, 0x34, 
	0x44, 0x44, 0x44, 0x44, 0x44, 0x64, 0x46, 0x66, 
	0x44, 0x44, 0x44, 0x44, 0x44, 0x44, 0x44, 0x44, 
	0x44, 0x44, 0x44, 0x44, 0x44, 0x44, 0x44, 0x44, 
	0x44, 0x44, 0x44, 0x44, 0x44, 0x44, 0x44, 0x44, 
	0x44, 0x44, 0x44, 0x44, 0x44, 0x44, 0x44, 0x44, 
	0x44, 0x44, 0x44, 0x44, 0x44, 0x44, 0x44, 0x44, 
	0x44, 0x44, 0x44, 0x44, 0x44, 0x44, 0x44, 0x44, 
	0x44, 0x44, 0x44, 0x44, 0x44, 0x44, 0x44, 0x64, 
	0x44, 0x44, 0x44, 0x44, 0x44, 0x44, 0x44, 0x44, 
	0x43, 0x44, 0x44, 0x44, 0x44, 0x44, 0x44, 0x44, 
	0x44, 0x44, 0x44, 0x44, 0x44, 0x44, 0x44, 0x44, 
	0x44, 0x45, 0x44, 0x44, 0x44, 0x44, 0x44, 0x44, 
	0x44, 0x44, 0x44, 0x44, 0x44, 0x44, 0x64, 0x44, 
	0x44, 0x44, 0x44, 0x44, 0x44, 0x44, 0x44, 0x44, 
	0x44, 0x44, 0x44, 0x44, 0x44, 0x44, 0x44, 0x44, 
	0x44, 0x44, 0x44, 0x44, 0x44, 0x44, 0x44, 0x44, 
	0x44, 0x44, 0x44, 0x44, 0x64, 0x44, 0x44, 0x44, 
	0x44, 0x44, 0x44, 0x44, 0x44, 0x44, 0x44, 0x44, 
	0x44, 0x44, 0x44, 0x44, 0x44, 0x44, 0x44, 0x44, 
	0x44, 0x44, 0x46, 0x44, 0x64, 0x44, 0x44, 0x44, 
	0x44, 0x44, 0x44, 0x44, 0x44, 0x44, 0x44, 0x44, 
	0x44, 0x44, 0x44, 0x44, 0x44, 0x44, 0x44, 0x44, 
	0x44, 0x44, 0x44, 0x44, 0x44, 0x44, 0x44, 0x44, 
	0x44, 0x44, 0x44, 0x44, 0x44, 0x44, 0x44, 0x66, 
	0x66, 0x46, 0x66, 0x46, 0x44, 0x44, 0x44, 0x44, 
	0x44, 0x44, 0x44, 0x44, 0x44, 0x43, 0x44, 0x44, 
	0x44, 0x44, 0x44, 0x44, 0x44, 0x44, 0x44, 0x46, 
	0x44, 0x44, 0x44, 0x44, 0x44, 0x44, 0x44, 0x44, 
	0x44, 0x44, 0x44, 0x64, 0x44, 0x44, 0x44, 0x44, 
	0x44, 0x44, 0x44, 0x44, 0x34, 0x44, 0x44, 0x44, 
	0x44, 0x44, 0x44, 0x44, 0x44, 0x44, 0x44, 0x44, 
	0x44, 0x44, 0x44, 0x44, 0x44, 0x44, 0x64, 0x44, 
	0x44, 0x44, 0x44, 0x44, 0x44, 0x44, 0x46, 0x44, 
	0x64, 0x44, 0x44, 0x44, 0x44, 0x44, 0x44, 0x44, 
	0x44, 0x44, 0x44, 0x44, 0x44, 0x44, 0x44, 0x44, 
	0x44, 0x44, 0x44, 0x44, 0x44, 0x44, 0x44, 0x64, 
	0x44, 0x44, 0x44, 0x64, 0x44, 0x44, 0x44, 0x44, 
	0x46, 0x44, 0x44, 0x44, 0x44, 0x44, 0x44, 0x44, 
	0x44, 0x44, 0x44, 0x44, 0x44, 0x44, 0x44, 0x44, 
	0x44, 0x44, 0x44, 0x44, 0x64, 0x44, 0x44, 0x44, 
	0x44, 0x44, 0x44, 0x44, 0x44, 0x44, 0x44, 0x44, 
	0x44, 0x44, 0x44, 0x44, 0x44, 0x44, 0x44, 0x44, 
	0x44, 0x44, 0x44, 0x44, 0x44, 0x44, 0x44, 0x44, 
	0x44, 0x44, 0x44, 0x44, 0x44, 0x44, 0x44, 0x64, 
	0x44, 0x44, 0x44, 0x44, 0x44, 0x44, 0x44, 0x44, 
	0x44, 0x44, 0x44, 0x44, 0x44, 0x44, 0x44, 0x44, 
	0x44, 0x44, 0x44, 0x44, 0x44, 0x44, 0x44, 0x44, 
	0x44, 0x44, 0x44, 0x44, 0x44, 0x44, 0x44, 0x44, 
	0x44, 0x44, 0x44, 0x44, 0x44, 0x44, 0x66, 0x44, 
	0x44, 0x44, 0x44, 0x44, 0x44, 0x44, 0x44, 0x44, 
	0x44, 0x44, 0x44, 0x44, 0x44, 0x44, 0x44, 0x44, 
	0x44, 0x44, 0x44, 0x44, 0x44, 0x44, 0x44, 0x44, 
	0x44, 0x44, 0x44, 0x31, 0x12, 0x00, 0x00, 0x11, 
	0x11, 0x11, 0x11, 0x10, 0x24, 0x44, 0x44, 0x44, 
	0x44, 0x44, 0x44, 0x44, 0x44, 0x44, 0x44, 0x44, 
	0x44, 0x44, 0x44, 0x34, 0x33, 0x33, 0x44, 0x44, 
	0x44, 0x44, 0x43, 0x10, 0x20, 0x00, 0x00, 0x00, 
	0x00, 0x00, 0x00, 0x00, 0x01, 0x43, 0x44, 0x44, 
	0x44, 0x44, 0x44, 0x44, 0x44, 0x44, 0x43, 0x44, 
	0x22, 0x22, 0x22, 0x32, 0x22, 0x22, 0x22, 0x22, 
	0x22, 0x23, 0x21, 0x10, 0x00, 0x00, 0x00, 0x00, 
	0x00, 0x00, 0x00, 0x00, 0x01, 0x14, 0x52, 0x22, 
	0x22, 0x33, 0x22, 0x22, 0x33, 0x22, 0x22, 0x22, 
	0x22, 0x22, 0x22, 0x22, 0x52, 0x22, 0x22, 0x22, 
	0x22, 0x31, 0x11, 0x00, 0x00, 0x00, 0x00, 0x00, 
	0x00, 0x00, 0x00, 0x00, 0x00, 0x11, 0x22, 0x22, 
	0x22, 0x52, 0x22, 0x22, 0x22, 0x22, 0x52, 0x22, 
	0x22, 0x22, 0x22, 0x22, 0x22, 0x22, 0x22, 0x22, 
	0x22, 0x11, 0x00, 0x00, 0x00, 0x00, 0x01, 0x00, 
	0x11, 0x10, 0x11, 0x00, 0x00, 0x11, 0x12, 0x22, 
	0x22, 0x22, 0x22, 0x22, 0x22, 0x22, 0x22, 0x22, 
	0x11, 0x11, 0x11, 0x11, 0x11, 0x11, 0x11, 0x11, 
	0x11, 0x11, 0x11, 0x11, 0x11, 0x11, 0x11, 0x11, 
	0x11, 0x11, 0x11, 0x11, 0x11, 0x11, 0x11, 0x11, 
	0x11, 0x11, 0x11, 0x11, 0x11, 0x11, 0x11, 0x11, 
	0x22, 0x22, 0x23, 0x33, 0x33, 0x33, 0x44, 0x33, 
	0x33, 0x33, 0x32, 0x33, 0x22, 0x33, 0x22, 0x22, 
	0x22, 0x22, 0x23, 0x33, 0x33, 0x33, 0x33, 0x33, 
	0x33, 0x33, 0x44, 0x33, 0x33, 0x33, 0x22, 0x33, 
	0x00, 0x00, 0x11, 0x11, 0x11, 0x11, 0x11, 0x11, 
	0x11, 0x11, 0x11, 0x11, 0x11, 0x11, 0x11, 0x11, 
	0x11, 0x11, 0x11, 0x11, 0x11, 0x11, 0x11, 0x11, 
	0x11, 0x11, 0x11, 0x11, 0x11, 0x11, 0x10, 0x00, 
	0x11, 0x11, 0x11, 0x11, 0x11, 0x11, 0x11, 0x11, 
	0x11, 0x11, 0x11, 0x11, 0x11, 0x11, 0x11, 0x11, 
	0x11, 0x11, 0x11, 0x11, 0x11, 0x11, 0x11, 0x11, 
	0x11, 0x11, 0x11, 0x11, 0x11, 0x11, 0x11, 0x11, 
	0x77, 0x77, 0x77, 0x77, 0x77, 0x77, 0x77, 0x77, 
	0x77, 0x77, 0x77, 0x77, 0x77, 0x77, 0x77, 0x77, 
	0x77, 0x77, 0x77, 0x77, 0x77, 0x77, 0x77, 0x77, 
	0x77, 0x77, 0x77, 0x77, 0x77, 0x77, 0x88, 0x77, 
	0x99, 0x88, 0x88, 0x88, 0xaa, 0xaa, 0xb7, 0x88, 
	0x88, 0x9a, 0xaa, 0xa7, 0x88, 0x88, 0x71, 0xaa, 
	0xaa, 0x88, 0x88, 0x88, 0xa9, 0xaa, 0xc7, 0x88, 
	0x88, 0x79, 0xaa, 0x97, 0x88, 0x88, 0x8a, 0xaa, 
	0xa1, 0x88, 0x88, 0x88, 0xab, 0xba, 0xb8, 0x88, 
	0x88, 0x9b, 0xaa, 0xa8, 0x88, 0x88, 0x89, 0xaa, 
	0xa9, 0x88, 0x88, 0x8a, 0xbb, 0xba, 0x98, 0x88, 
	0x88, 0x89, 0xaa, 0x98, 0x88, 0x88, 0x81, 0xbb, 
	0x99, 0xaa, 0xbb, 0xbb, 0x9b, 0xaa, 0xbb, 0xbb, 
	0xbb, 0x9b, 0xaa, 0xab, 0xbb, 0xbb, 0xb9, 0xaa, 
	0xaa, 0xbb, 0xbb, 0xb9, 0xaa, 0xaa, 0x9b, 0xbb, 
	0xbb, 0xb9, 0xaa, 0x9b, 0xbb, 0xbb, 0xb1, 0xaa, 
	0xa9, 0xbb, 0xbb, 0xbb, 0x9a, 0xaa, 0xbb, 0xbb, 
	0xbb, 0x1a, 0xaa, 0xab, 0xbb, 0xbb, 0xb9, 0xaa, 
	0xaa, 0xbb, 0xbb, 0xb9, 0xa9, 0x9a, 0x9b, 0xbb, 
	0xbb, 0xb9, 0xaa, 0x9b, 0xbb, 0xbb, 0xb1, 0xa9, 
	0xa9, 0xbb, 0xbb, 0xbb, 0x9a, 0xaa, 0xbb, 0xbb, 
	0xbb, 0x1a, 0xaa, 0xab, 0xbb, 0xbb, 0xb9, 0xaa, 
	0xaa, 0xbb, 0xbb, 0xb9, 0xa9, 0xaa, 0x9b, 0xbb, 
	0xbb, 0xb1, 0xaa, 0x9b, 0xbb, 0xbb, 0xb1, 0x9a, 
	0xa9, 0xbb, 0xbb, 0xbd, 0x9a, 0xaa, 0xbb, 0xbb, 
	0xbb, 0x1a, 0xaa, 0xab, 0xbb, 0xbb, 0xb1, 0xaa, 
	0xaa, 0xbb, 0xbb, 0xb1, 0xaa, 0xaa, 0x9b, 0xbb, 
	0xbb, 0xd1, 0xaa, 0x9b, 0xbb, 0xbb, 0xb1, 0xaa, 
	0xa9, 0xbb, 0xdd, 0xdd, 0x9a, 0xaa, 0xbb, 0xdd, 
	0xbb, 0x1a, 0xaa, 0xab, 0xdd, 0xdd, 0xb1, 0xaa, 
	0xaa, 0xdd, 0xdd, 0xb1, 0xaa, 0xaa, 0x9b, 0xdd, 
	0xdd, 0xd1, 0xaa, 0x9b, 0xdd, 0xdd, 0xb1, 0xaa, 
	0xa9, 0xdd, 0xdd, 0xdd, 0x1a, 0xaa, 0xdd, 0xdd, 
	0xdd, 0x1a, 0xaa, 0xad, 0xdd, 0xdd, 0xd1, 0xaa, 
	0xa9, 0xdd, 0xdd, 0xd1, 0x9a, 0x99, 0x9d, 0xdd, 
	0xdd, 0xd1, 0xaa, 0x9d, 0xdd, 0xdd, 0xd1, 0xaa, 
	0xa9, 0xdd, 0xdd, 0xdd, 0x1a, 0xaa, 0xdd, 0xdd, 
	0xdd, 0x1a, 0xaa, 0xad, 0xdd, 0xdd, 0xd1, 0xaa, 
	0xa9, 0xdd, 0xdd, 0xd1, 0x9a, 0xaa, 0x9d, 0xdd, 
	0xdd, 0xd1, 0xaa, 0x9d, 0xdd, 0xdd, 0xd1, 0xaa, 
	0x11, 0x11, 0x11, 0x11, 0x11, 0x11, 0x11, 0x11, 
	0x11, 0x11, 0x11, 0x11, 0x11, 0x11, 0x11, 0x11, 
	0x11, 0x11, 0x11, 0x11, 0x11, 0x11, 0x11, 0x11, 
	0x11, 0x11, 0x11, 0x11, 0x11, 0x11, 0x11, 0x11, 
	0x11, 0x11, 0x11, 0x11, 0x11, 0x11, 0x11, 0x11, 
	0x11, 0x11, 0x11, 0x11, 0x11, 0x11, 0x11, 0x11, 
	0x11, 0x11, 0x11, 0x11, 0x11, 0x11, 0x11, 0x11, 
	0x11, 0x11, 0x11, 0x11, 0x11, 0x11, 0x11, 0x11, 
	0x22, 0x22, 0x22, 0x22, 0x22, 0x52, 0x55, 0x22, 
	0x25, 0x25, 0x22, 0x22, 0x22, 0x22, 0x55, 0x25, 
	0x55, 0x55, 0x22, 0x22, 0x55, 0x22, 0x55, 0x55, 
	0x52, 0x52, 0x55, 0x52, 0x25, 0x22, 0x22, 0x22, 
	0x22, 0x22, 0x22, 0x22, 0x22, 0x55, 0x55, 0x55, 
	0x22, 0x55, 0x22, 0x25, 0x55, 0x55, 0x55, 0x55, 
	0x55, 0x55, 0x25, 0x55, 0x55, 0x55, 0x55, 0x55, 
	0x55, 0x55, 0x55, 0x55, 0x55, 0x55, 0x55, 0x55, 
	0xcc, 0xcc, 0x55, 0x55, 0x55, 0x55, 0x55, 0x55, 
	0x55, 0x55, 0x55, 0x55, 0x55, 0x55, 0x55, 0x55, 
	0x55, 0x55, 0x55, 0x55, 0x55, 0x55, 0x55, 0x55, 
	0x55, 0x55, 0x55, 0x55, 0x55, 0x55, 0x55, 0x55, 
	0xcc, 0x99, 0x99, 0x99, 0x99, 0x99, 0x99, 0x99, 
	0x99, 0x99, 0x11, 0x11, 0x11, 0x11, 0x11, 0x11, 
	0x11, 0x11, 0x11, 0x11, 0x11, 0x99, 0x99, 0x99, 
	0x99, 0x99, 0x99, 0x99, 0x99, 0x99, 0xcc, 0xcc, 
	0xcc, 0xcc, 0xcc, 0xcc, 0xee, 0xee, 0xee, 0xee, 
	0xee, 0xee, 0xee, 0xee, 0xee, 0xee, 0xee, 0xee, 
	0xee, 0xee, 0xee, 0xee, 0xee, 0xee, 0xee, 0xee, 
	0xee, 0xee, 0xee, 0xee, 0xcc, 0xcc, 0xcc, 0xcc, 
	0x77, 0x77, 0x77, 0x77, 0x77, 0xff, 0xff, 0xff, 
	0xff, 0xff, 0xff, 0xff, 0xff, 0xff, 0xff, 0xff, 
	0xff, 0xff, 0xff, 0xff, 0xff, 0xff, 0xff, 0xff, 
	0xff, 0xff, 0xff, 0x77, 0x77, 0x77, 0x77, 0x77, 
	0xff, 0xff, 0xff, 0xff, 0xff, 0xff, 0xff, 0xff, 
	0xff, 0xff, 0xff, 0xff, 0xff, 0xff, 0xff, 0xff, 
	0xff, 0xff, 0xff, 0xff, 0xff, 0xff, 0xff, 0xff, 
	0xff, 0xff, 0xff, 0xff, 0xff, 0xff, 0xff, 0xff, 
	0x66, 0x66, 0x66, 0x66, 0x66, 0x66, 0x66, 0x66, 
	0x66, 0x66, 0x66, 0x66, 0x66, 0x66, 0x66, 0x66, 
	0x66, 0x66, 0x66, 0x66, 0x66, 0x66, 0x66, 0x66, 
	0x66, 0x66, 0x66, 0x66, 0x66, 0x66, 0x66, 0x66, 
	0x66, 0x66, 0x66, 0x66, 0x66, 0x66, 0x66, 0x66, 
	0x66, 0x66, 0x66, 0x66, 0x66, 0x66, 0x66, 0x66, 
	0x66, 0x66, 0x66, 0x66, 0x66, 0x66, 0x66, 0x66, 
	0x66, 0x66, 0x66, 0x66, 0x66, 0x66, 0x66, 0x66, 
	0x66, 0x66, 0x66, 0x66, 0x66, 0x66, 0x66, 0x66, 
	0x66, 0x66, 0x66, 0x66, 0x66, 0x66, 0x66, 0x66, 
	0x66, 0x66, 0x66, 0x66, 0x66, 0x66, 0x66, 0x66, 
	0x66, 0x66, 0x66, 0x66, 0x66, 0x66, 0x66, 0x66, 
	0x66, 0x66, 0x66, 0x66, 0x66, 0x66, 0x66, 0x66, 
	0x66, 0x66, 0x66, 0x66, 0x66, 0x66, 0x66, 0x66, 
	0x66, 0x66, 0x66, 0x66, 0x66, 0x66, 0x66, 0x66, 
	0x66, 0x66, 0x66, 0x66, 0x66, 0x66, 0x66, 0x66, 
	0x66, 0x66, 0x66, 0x66, 0x66, 0x66, 0x66, 0x66, 
	0x66, 0x66, 0x66, 0x66, 0x66, 0x66, 0x66, 0x66, 
	0x66, 0x66, 0x66, 0x66, 0x66, 0x66, 0x66, 0x66, 
	0x66, 0x66, 0x66, 0x66, 0x66, 0x66, 0x66, 0x66, 
	0x66, 0x66, 0x66, 0x66, 0x66, 0x66, 0x66, 0x66, 
	0x66, 0x66, 0x66, 0x66, 0x66, 0x66, 0x66, 0x66, 
	0x66, 0x66, 0x66, 0x66, 0x66, 0x66, 0x66, 0x66, 
	0x66, 0x66, 0x66, 0x66, 0x66, 0x6f, 0x6f, 0x66, 
	0xff, 0xff, 0xff, 0xff, 0xff, 0xff, 0xff, 0xff, 
	0xff, 0xff, 0xff, 0xff, 0xff, 0xff, 0xff, 0xff, 
	0xff, 0xff, 0xff, 0xff, 0xff, 0xff, 0xff, 0xff, 
	0xff, 0xff, 0xff, 0xff, 0xdd, 0xef, 0xed, 0xef, 
	0xff, 0xff, 0xff, 0xff, 0xff, 0xff, 0xff, 0xff, 
	0xff, 0xff, 0xff, 0xff, 0xff, 0xff, 0xff, 0xff, 
	0xff, 0xff, 0xff, 0xff, 0xff, 0xff, 0xff, 0xff, 
	0xff, 0xff, 0xff, 0xef, 0xfc, 0xee, 0xee, 0xfe, 
	0x99, 0x99, 0x99, 0xaa, 0xaa, 0xaa, 0xaa, 0xaa, 
	0xdd, 0xdd, 0xdd, 0xdd, 0xdd, 0xdd, 0xdd, 0xdd, 
	0xdd, 0xdd, 0xdd, 0xdd, 0xdd, 0xdd, 0xdd, 0xdd, 
	0xdd, 0xdd, 0xaa, 0xaa, 0xcc, 0xcc, 0x99, 0x99, 
	0xcc, 0xcc, 0x99, 0x99, 0x99, 0x99, 0x99, 0x99, 
	0x99, 0x11, 0x11, 0x11, 0x11, 0x11, 0x11, 0x11, 
	0x11, 0x11, 0x11, 0x11, 0x11, 0x99, 0x99, 0x99, 
	0x99, 0x99, 0x99, 0x99, 0xcc, 0xcc, 0xcc, 0xcc, 
	0x55, 0x55, 0x55, 0x55, 0x55, 0x55, 0x55, 0x55, 
	0x55, 0x55, 0x55, 0x55, 0x55, 0x55, 0x55, 0x55, 
	0x55, 0x55, 0x55, 0x55, 0x55, 0x55, 0x55, 0x55, 
	0x55, 0x55, 0x55, 0x55, 0x55, 0x55, 0x55, 0xcc, 
	0x55, 0x55, 0x55, 0x55, 0x55, 0x55, 0x55, 0x55, 
	0x55, 0x55, 0x55, 0x55, 0x55, 0x55, 0x55, 0x55, 
	0x55, 0x55, 0x55, 0x55, 0x55, 0x22, 0x55, 0x25, 
	0x55, 0x55, 0x25, 0x22, 0x22, 0x22, 0x22, 0x22, 
	0x22, 0x22, 0x22, 0x52, 0x55, 0x52, 0x25, 0x55, 
	0x55, 0x52, 0x22, 0x55, 0x52, 0x52, 0x55, 0x55, 
	0x55, 0x55, 0x55, 0x52, 0x22, 0x22, 0x55, 0x22, 
	0x22, 0x22, 0x52, 0x22, 0x22, 0x22, 0x22, 0x22, 
	0x11, 0x11, 0x11, 0x11, 0x11, 0x11, 0x11, 0x11, 
	0x11, 0x11, 0x11, 0x11, 0x11, 0x11, 0x11, 0x11, 
	0x11, 0x11, 0x11, 0x11, 0x11, 0x11, 0x11, 0x11, 
	0x11, 0x11, 0x11, 0x11, 0x11, 0x11, 0x11, 0x11, 
	0x11, 0x11, 0x11, 0x11, 0x11, 0x11, 0x11, 0x11, 
	0x11, 0x11, 0x11, 0x11, 0x11, 0x11, 0x11, 0x11, 
	0x11, 0x11, 0x11, 0x11, 0x11, 0x11, 0x11, 0x11, 
	0x11, 0x11, 0x11, 0x11, 0x11, 0x11, 0x11, 0x11, 
	
};

ALIGNED8 u8 ow2_fc_miu128_fc003_pal_rgba16[] = {
	0x31, 0x8b, 0x00, 0x01, 0x63, 0x1b, 0xa4, 0xa5, 
	0xce, 0x71, 0x7c, 0xa3, 0xff, 0xff, 0xcf, 0xab, 
	0xb7, 0x93, 0x09, 0x85, 0x13, 0x05, 0x3c, 0x89, 
	0x3b, 0x15, 0x04, 0xd7, 0x65, 0x21, 0xaf, 0xb7, 
	
};

ALIGNED8 u8 ow2_fc_miu256_fc003_ci4[] = {
	0x01, 0x23, 0x32, 0x43, 0x25, 0x46, 0x56, 0x16, 
	0x55, 0x55, 0x11, 0x15, 0x41, 0x54, 0x46, 0x41, 
	0x00, 0x00, 0x00, 0x11, 0x10, 0x01, 0x11, 0x11, 
	0x11, 0x11, 0x50, 0x10, 0x55, 0x51, 0x16, 0x15, 
	0x04, 0x33, 0x77, 0x80, 0x01, 0x00, 0x01, 0x00, 
	0x01, 0x10, 0x00, 0x10, 0x11, 0x15, 0x55, 0x09, 
	0x10, 0x01, 0x05, 0x00, 0x55, 0x11, 0x11, 0x11, 
	0x10, 0x11, 0x10, 0x11, 0x15, 0x11, 0x55, 0x55, 
	0x04, 0x22, 0x3a, 0x00, 0xa5, 0x56, 0x65, 0x55, 
	0x66, 0x55, 0x69, 0x36, 0x66, 0x90, 0x44, 0x15, 
	0xa0, 0x11, 0x01, 0x10, 0x11, 0x51, 0x11, 0x11, 
	0x55, 0x11, 0x11, 0x11, 0x15, 0x55, 0x15, 0x51, 
	0x00, 0x22, 0xa0, 0x03, 0x65, 0x55, 0x45, 0x55, 
	0x56, 0x46, 0x49, 0x96, 0x99, 0x94, 0x65, 0x19, 
	0xa5, 0x11, 0x01, 0x55, 0x15, 0x01, 0x11, 0x11, 
	0x11, 0x11, 0x11, 0x11, 0x11, 0x11, 0x11, 0x11, 
	0x00, 0x32, 0x50, 0x06, 0x66, 0x66, 0x46, 0x55, 
	0x55, 0x59, 0x96, 0x69, 0x96, 0x66, 0x64, 0x60, 
	0xa6, 0x11, 0x11, 0x11, 0x11, 0x11, 0x55, 0x11, 
	0x15, 0x11, 0x51, 0x11, 0x11, 0x55, 0x11, 0x15, 
	0x00, 0x33, 0x30, 0x06, 0x66, 0x64, 0x45, 0x55, 
	0x46, 0x64, 0x66, 0x69, 0x99, 0x64, 0x05, 0x60, 
	0xaa, 0x51, 0x11, 0x51, 0x55, 0x15, 0x55, 0x55, 
	0x51, 0x41, 0x11, 0x11, 0x11, 0x55, 0x15, 0x15, 
	0x00, 0x53, 0x30, 0xb3, 0x96, 0x56, 0x66, 0x65, 
	0x66, 0x64, 0x49, 0x69, 0x66, 0x99, 0x46, 0x41, 
	0xaa, 0x11, 0x11, 0x11, 0x15, 0x11, 0x55, 0x55, 
	0x55, 0x51, 0x15, 0x11, 0x15, 0x15, 0x11, 0x55, 
	0x00, 0x04, 0x21, 0xb0, 0x66, 0x96, 0x64, 0x96, 
	0x46, 0x69, 0x99, 0x46, 0x47, 0x99, 0xa4, 0x99, 
	0x09, 0x01, 0x55, 0x55, 0x55, 0x11, 0x55, 0x55, 
	0x16, 0x51, 0x51, 0x11, 0x55, 0x55, 0x45, 0x55, 
	0x00, 0x03, 0x42, 0x00, 0x36, 0x96, 0x66, 0x66, 
	0x66, 0x66, 0x96, 0x69, 0x97, 0x99, 0x71, 0x44, 
	0x17, 0x75, 0x51, 0x51, 0x55, 0x45, 0x46, 0x52, 
	0x15, 0x51, 0x01, 0x11, 0x46, 0x41, 0x11, 0x11, 
	0x00, 0x01, 0x04, 0x05, 0x46, 0x69, 0x96, 0x66, 
	0x64, 0x94, 0x99, 0x96, 0x97, 0x46, 0x95, 0x95, 
	0x7a, 0x35, 0x51, 0x55, 0x14, 0x14, 0x55, 0x44, 
	0x10, 0x11, 0x14, 0x11, 0x65, 0x16, 0x54, 0x55, 
	0x00, 0x00, 0x32, 0x1b, 0x49, 0x96, 0x66, 0x66, 
	0x66, 0x66, 0x63, 0x97, 0x96, 0x99, 0x67, 0x66, 
	0x60, 0x91, 0x11, 0x01, 0x01, 0x15, 0x55, 0x54, 
	0x51, 0x51, 0x16, 0x15, 0x55, 0x15, 0x45, 0x55, 
	0x00, 0x00, 0x23, 0x20, 0x06, 0x66, 0x66, 0x64, 
	0x66, 0x69, 0x96, 0x76, 0x99, 0x96, 0x69, 0x16, 
	0x90, 0x14, 0x11, 0x15, 0x55, 0x24, 0x51, 0x11, 
	0x65, 0x11, 0x19, 0x15, 0x15, 0x15, 0x55, 0x55, 
	0x00, 0x00, 0x52, 0x20, 0x01, 0x55, 0x65, 0x56, 
	0x46, 0x69, 0x96, 0x96, 0x49, 0x69, 0x69, 0x54, 
	0x65, 0x99, 0x51, 0x11, 0x11, 0x55, 0x55, 0x42, 
	0x22, 0x51, 0x54, 0x55, 0x14, 0x42, 0x25, 0x25, 
	0x00, 0x00, 0x02, 0x20, 0x0a, 0x56, 0x65, 0x56, 
	0x66, 0x66, 0x66, 0x64, 0x66, 0x69, 0x96, 0xa9, 
	0x56, 0x17, 0x01, 0x11, 0x11, 0x51, 0x11, 0x11, 
	0x11, 0x11, 0x12, 0x31, 0x11, 0x11, 0x11, 0x11, 
	0x00, 0x00, 0x02, 0x55, 0x00, 0x96, 0x56, 0x64, 
	0x46, 0x66, 0x66, 0x64, 0x26, 0x23, 0x66, 0x95, 
	0x65, 0x01, 0xa4, 0x52, 0x52, 0x46, 0x45, 0x55, 
	0x52, 0x52, 0x15, 0x52, 0x44, 0x21, 0x64, 0x54, 
	0x00, 0x00, 0x02, 0x55, 0xc0, 0x56, 0x65, 0x46, 
	0x66, 0x46, 0x66, 0x46, 0x32, 0x43, 0x99, 0xa1, 
	0x49, 0x66, 0xa5, 0x55, 0x51, 0x45, 0x54, 0x56, 
	0x55, 0x15, 0x55, 0x59, 0x43, 0x42, 0x25, 0x54, 
	0x00, 0x00, 0x01, 0x62, 0x0b, 0xa6, 0x65, 0x66, 
	0x64, 0x64, 0x63, 0x36, 0x93, 0x23, 0x34, 0x34, 
	0x94, 0x91, 0xa0, 0x52, 0x31, 0x51, 0x51, 0x55, 
	0x54, 0x45, 0x54, 0x52, 0x25, 0x54, 0x44, 0x44, 
	0x00, 0x00, 0x00, 0x22, 0x60, 0x06, 0x66, 0x65, 
	0x66, 0x99, 0x63, 0x63, 0x26, 0x34, 0x3a, 0x7a, 
	0x59, 0x90, 0x6a, 0x13, 0x65, 0x51, 0x51, 0x16, 
	0x25, 0x55, 0x51, 0x55, 0x41, 0x54, 0x52, 0x54, 
	0x00, 0x00, 0x00, 0x50, 0xa0, 0x06, 0x46, 0x64, 
	0x96, 0x76, 0x96, 0x53, 0x33, 0xa9, 0x77, 0x76, 
	0x53, 0x91, 0x6a, 0x14, 0x11, 0x61, 0x15, 0x55, 
	0x55, 0x55, 0x54, 0x56, 0x25, 0x22, 0x54, 0x52, 
	0x00, 0x00, 0x00, 0x14, 0x20, 0x0a, 0x96, 0x69, 
	0x69, 0x77, 0x93, 0xa9, 0xa9, 0x79, 0x97, 0x37, 
	0x76, 0x95, 0x1a, 0x05, 0x15, 0x45, 0x15, 0x55, 
	0x55, 0x52, 0x51, 0x15, 0x54, 0x45, 0x55, 0x55, 
	0x00, 0x00, 0x00, 0x02, 0x20, 0x00, 0x99, 0x69, 
	0x99, 0x99, 0x76, 0xa9, 0x39, 0x7a, 0x36, 0x97, 
	0x95, 0x79, 0x0a, 0xd5, 0x15, 0x41, 0x55, 0x45, 
	0x15, 0x55, 0x55, 0x15, 0x54, 0x65, 0x51, 0x24, 
	0x00, 0x00, 0x00, 0x02, 0x25, 0x00, 0x79, 0x69, 
	0x97, 0x76, 0x7a, 0xaa, 0x77, 0xaa, 0x39, 0xa9, 
	0x06, 0x66, 0x40, 0x4a, 0xa6, 0x41, 0x15, 0x15, 
	0x55, 0x51, 0x51, 0x15, 0x15, 0x55, 0x11, 0x55, 
	0x00, 0x00, 0x00, 0x02, 0x25, 0x00, 0x77, 0x97, 
	0x79, 0x77, 0xa7, 0x94, 0x7a, 0x72, 0xaa, 0xa0, 
	0x44, 0x96, 0x92, 0x61, 0x67, 0x06, 0x55, 0x55, 
	0x55, 0x51, 0x51, 0x55, 0x54, 0x15, 0x55, 0x65, 
	0x00, 0x00, 0x00, 0x00, 0x55, 0x00, 0xda, 0x77, 
	0x99, 0x95, 0x7a, 0x97, 0xa9, 0x49, 0xa6, 0x06, 
	0x94, 0x51, 0x65, 0x49, 0x19, 0x90, 0x51, 0x55, 
	0x55, 0x55, 0x55, 0x55, 0x51, 0x55, 0x15, 0x55, 
	0x00, 0x00, 0x00, 0x00, 0x32, 0x5e, 0x1a, 0xa9, 
	0x79, 0x79, 0x96, 0x97, 0x99, 0x17, 0x50, 0x96, 
	0x64, 0x49, 0x15, 0x65, 0x50, 0x45, 0x91, 0x55, 
	0x45, 0x51, 0x54, 0x15, 0x55, 0x51, 0x55, 0x55, 
	0x00, 0x00, 0x00, 0x00, 0x22, 0x21, 0x17, 0xda, 
	0x67, 0x97, 0x69, 0x77, 0x76, 0x50, 0x56, 0x96, 
	0x59, 0x76, 0x95, 0x66, 0x46, 0x01, 0x37, 0x55, 
	0x55, 0x51, 0x15, 0x55, 0x22, 0x35, 0x55, 0x55, 
	0x00, 0x00, 0x00, 0x00, 0x12, 0x40, 0x0d, 0xaa, 
	0x79, 0x99, 0x67, 0x96, 0x65, 0x01, 0x44, 0x41, 
	0x79, 0x77, 0x47, 0x74, 0x66, 0x64, 0x19, 0x70, 
	0x45, 0x55, 0x55, 0x62, 0x56, 0x65, 0x55, 0x25, 
	0x00, 0x00, 0x00, 0x00, 0x05, 0x04, 0xe0, 0x77, 
	0xa7, 0x66, 0x99, 0x65, 0x50, 0x56, 0x44, 0x14, 
	0x99, 0x99, 0x99, 0x95, 0x16, 0x44, 0x60, 0x04, 
	0x64, 0x25, 0x51, 0x42, 0x66, 0x45, 0x56, 0x26, 
	0x00, 0x00, 0x00, 0x00, 0x04, 0x05, 0xb0, 0x77, 
	0x29, 0x99, 0x55, 0x50, 0x06, 0x45, 0x57, 0x79, 
	0x77, 0x79, 0x79, 0x93, 0x71, 0x96, 0x69, 0x04, 
	0xa4, 0x55, 0x51, 0x43, 0x65, 0x44, 0x52, 0x54, 
	0x00, 0x00, 0x00, 0x00, 0x01, 0x34, 0x00, 0xd9, 
	0x96, 0x79, 0x95, 0x05, 0x59, 0x51, 0x69, 0x99, 
	0x99, 0x77, 0x59, 0x94, 0x97, 0x69, 0x39, 0x50, 
	0x49, 0xa0, 0x25, 0x45, 0x22, 0x45, 0x45, 0x54, 
	0x00, 0x00, 0x00, 0x00, 0x00, 0x22, 0x50, 0x07, 
	0x67, 0x79, 0x10, 0x55, 0x56, 0x14, 0x79, 0x69, 
	0x79, 0x75, 0x74, 0x49, 0x97, 0x47, 0x19, 0x35, 
	0x11, 0xa7, 0x05, 0x55, 0x23, 0x62, 0x26, 0x39, 
	0x00, 0x00, 0x00, 0x00, 0x00, 0x12, 0x40, 0x04, 
	0x64, 0x51, 0x55, 0x55, 0x55, 0x69, 0x69, 0x94, 
	0x97, 0x7a, 0x93, 0x36, 0x96, 0x72, 0xa0, 0x99, 
	0x96, 0x03, 0x4a, 0x44, 0x13, 0x45, 0x14, 0x51, 
	0x00, 0x00, 0x00, 0x00, 0x00, 0x12, 0x20, 0x00, 
	0x00, 0x04, 0x55, 0x51, 0x66, 0x66, 0x47, 0x67, 
	0x7a, 0x79, 0x36, 0x23, 0x36, 0x96, 0xaa, 0x19, 
	0x66, 0x91, 0x15, 0x4a, 0xaa, 0x67, 0x75, 0x45, 
	0x00, 0x00, 0x00, 0x00, 0x00, 0x02, 0x51, 0x00, 
	0x00, 0x00, 0x55, 0x04, 0x95, 0x65, 0x49, 0x97, 
	0x97, 0x93, 0x62, 0x23, 0x33, 0x96, 0x9a, 0xd4, 
	0x99, 0x59, 0x10, 0x00, 0x00, 0x00, 0x00, 0x00, 
	0x00, 0x00, 0x00, 0x00, 0x00, 0x02, 0x22, 0x33, 
	0x33, 0x20, 0x01, 0x46, 0x69, 0x59, 0x99, 0x77, 
	0x97, 0x46, 0x62, 0x23, 0x33, 0x39, 0x97, 0x7a, 
	0x71, 0x65, 0x76, 0x91, 0x96, 0x94, 0x49, 0x69, 
	0x00, 0x00, 0x00, 0x00, 0x00, 0x01, 0x52, 0x33, 
	0x33, 0x30, 0x05, 0x56, 0x43, 0x49, 0x97, 0x99, 
	0x79, 0x36, 0x66, 0x22, 0x23, 0x39, 0x79, 0x79, 
	0x97, 0x04, 0x45, 0x59, 0x59, 0x96, 0x99, 0x94, 
	0x00, 0x00, 0x00, 0x00, 0x00, 0x00, 0x24, 0x33, 
	0x33, 0x20, 0x05, 0x51, 0x96, 0x69, 0x79, 0x79, 
	0x74, 0x66, 0x26, 0x23, 0x23, 0x72, 0x79, 0x96, 
	0x99, 0x16, 0x61, 0x11, 0x00, 0x51, 0x11, 0x01, 
	0x00, 0x00, 0x00, 0x00, 0x00, 0x00, 0x20, 0xd3, 
	0x3a, 0x30, 0x05, 0x56, 0x66, 0x99, 0x59, 0x69, 
	0x96, 0x46, 0x43, 0x46, 0x43, 0x77, 0x49, 0x79, 
	0x76, 0x64, 0x56, 0x9a, 0xa3, 0xa7, 0x9a, 0xa7, 
	0x00, 0x00, 0x00, 0x00, 0x00, 0x00, 0x50, 0xa3, 
	0x33, 0x90, 0x05, 0x66, 0x69, 0x96, 0x94, 0x49, 
	0x66, 0x46, 0x63, 0x63, 0x39, 0x3a, 0xa9, 0xaa, 
	0x60, 0x26, 0x46, 0x97, 0x97, 0x77, 0x77, 0xa7, 
	0x00, 0x00, 0x00, 0x00, 0x00, 0x00, 0x04, 0x22, 
	0x23, 0x20, 0x06, 0x55, 0x66, 0x39, 0x99, 0x69, 
	0x94, 0x46, 0x42, 0x36, 0x33, 0x77, 0x7a, 0xa9, 
	0x90, 0x46, 0x56, 0x7a, 0x97, 0x99, 0x9a, 0x7a, 
	0x00, 0x00, 0x00, 0x00, 0x00, 0x00, 0x00, 0x04, 
	0x33, 0x20, 0x00, 0xd6, 0x66, 0x69, 0x64, 0x57, 
	0x66, 0x66, 0x69, 0x36, 0x95, 0x93, 0x7a, 0xaa, 
	0x75, 0x99, 0x57, 0x97, 0x97, 0x94, 0x97, 0x97, 
	0x00, 0x00, 0x00, 0x00, 0x00, 0x00, 0x00, 0x00, 
	0x43, 0x33, 0x50, 0x03, 0x66, 0x69, 0x99, 0x79, 
	0x44, 0x36, 0x67, 0x73, 0x73, 0x77, 0x7a, 0xaa, 
	0x14, 0x66, 0x99, 0x99, 0x97, 0xaa, 0xaa, 0xaa, 
	0x00, 0x00, 0x00, 0x00, 0x00, 0x00, 0x00, 0x00, 
	0x04, 0x93, 0x21, 0x00, 0x0a, 0x99, 0x69, 0x99, 
	0x66, 0x36, 0x69, 0x94, 0x9a, 0x94, 0xa9, 0xa9, 
	0x06, 0x45, 0x99, 0x37, 0x96, 0xaa, 0xaa, 0xa7, 
	0x00, 0x00, 0x00, 0x00, 0x00, 0x00, 0x00, 0x00, 
	0x00, 0x14, 0x20, 0xe0, 0xeb, 0xa9, 0x99, 0x99, 
	0x63, 0x39, 0x47, 0x79, 0xa7, 0x97, 0x74, 0x69, 
	0x06, 0x60, 0x96, 0x67, 0x7a, 0xaa, 0xaa, 0x7a, 
	0x00, 0x00, 0x00, 0x00, 0x00, 0x00, 0x00, 0x00, 
	0x00, 0x00, 0x20, 0x03, 0x0c, 0x03, 0x96, 0x99, 
	0x67, 0x96, 0x97, 0x96, 0x7a, 0xa9, 0x79, 0x94, 
	0x46, 0x64, 0x99, 0x97, 0x77, 0xaa, 0xaa, 0x7a, 
	0x00, 0x00, 0x00, 0x00, 0x00, 0x00, 0x00, 0x00, 
	0x00, 0x00, 0x0a, 0x33, 0x25, 0x00, 0x07, 0x67, 
	0x99, 0x99, 0x97, 0xa7, 0x97, 0x95, 0x99, 0x40, 
	0x44, 0x56, 0x64, 0x67, 0x79, 0xaa, 0xaa, 0x77, 
	0x00, 0x00, 0x00, 0x00, 0x00, 0x00, 0x00, 0x00, 
	0x00, 0x00, 0x00, 0x14, 0x22, 0x50, 0x0b, 0x77, 
	0x77, 0x99, 0x79, 0x97, 0x67, 0x94, 0x56, 0x51, 
	0x45, 0x14, 0x51, 0x99, 0x97, 0xaa, 0xaa, 0xaa, 
	0x00, 0x00, 0x00, 0x00, 0x00, 0x00, 0x00, 0x00, 
	0x00, 0x00, 0x00, 0x00, 0x12, 0x55, 0x0e, 0xe7, 
	0x99, 0x99, 0x77, 0x77, 0x99, 0x69, 0x56, 0x50, 
	0x66, 0x16, 0x64, 0x67, 0x77, 0xaa, 0xa7, 0x9a, 
	0x00, 0x00, 0x00, 0x00, 0x00, 0x00, 0x00, 0x00, 
	0x00, 0x00, 0x00, 0x00, 0x05, 0x55, 0x51, 0x0b, 
	0x5a, 0x97, 0x7a, 0x79, 0x97, 0x65, 0x95, 0x15, 
	0x55, 0x76, 0x64, 0x49, 0x97, 0xa7, 0x96, 0xa7, 
	0x00, 0x00, 0x00, 0x00, 0x00, 0x00, 0x00, 0x00, 
	0x00, 0x00, 0x00, 0x00, 0x00, 0x55, 0x30, 0x31, 
	0xe5, 0xd7, 0xaa, 0x79, 0x99, 0x96, 0x65, 0x05, 
	0x51, 0x66, 0x64, 0x99, 0x69, 0xa9, 0x99, 0x79, 
	0x00, 0x00, 0x00, 0x00, 0x00, 0x00, 0x00, 0x00, 
	0x00, 0x00, 0x00, 0x00, 0x00, 0x00, 0x50, 0xd2, 
	0x00, 0x0d, 0xaa, 0xa9, 0xa7, 0x99, 0x95, 0x15, 
	0x51, 0x44, 0x66, 0x69, 0x99, 0x79, 0x99, 0x69, 
	0x00, 0x00, 0x00, 0x00, 0x00, 0x00, 0x00, 0x00, 
	0x00, 0x00, 0x00, 0x00, 0x00, 0x00, 0x01, 0x22, 
	0x50, 0xee, 0x0d, 0xa7, 0x77, 0x99, 0x61, 0x55, 
	0x59, 0x64, 0x64, 0x96, 0x99, 0x99, 0x96, 0x99, 
	0x00, 0x00, 0x00, 0x00, 0x00, 0x00, 0x00, 0x00, 
	0x00, 0x00, 0x00, 0x00, 0x00, 0x00, 0x00, 0x63, 
	0x25, 0x11, 0x00, 0xd7, 0x97, 0x77, 0x90, 0x51, 
	0x54, 0x66, 0x96, 0x66, 0x99, 0x79, 0x66, 0x66, 
	0x00, 0x00, 0x00, 0x00, 0x00, 0x00, 0x00, 0x00, 
	0x00, 0x00, 0x00, 0x00, 0x00, 0x00, 0x00, 0x01, 
	0x32, 0x22, 0x00, 0xbd, 0x69, 0x9a, 0x30, 0x00, 
	0x04, 0x65, 0x96, 0x36, 0x96, 0x96, 0x59, 0x96, 
	0x00, 0x00, 0x00, 0x00, 0x00, 0x00, 0x00, 0x00, 
	0x00, 0x00, 0x00, 0x00, 0x00, 0x00, 0x00, 0x00, 
	0x13, 0x25, 0x20, 0xee, 0x06, 0xa0, 0x00, 0x10, 
	0x04, 0x55, 0x64, 0x34, 0x79, 0x99, 0x96, 0x66, 
	0x00, 0x00, 0x00, 0x00, 0x00, 0x00, 0x00, 0x00, 
	0x00, 0x00, 0x00, 0x00, 0x00, 0x00, 0x00, 0x00, 
	0x00, 0x22, 0x00, 0x10, 0x00, 0x00, 0x0a, 0x3c, 
	0x00, 0x54, 0x66, 0x63, 0x69, 0x76, 0x69, 0x96, 
	0x00, 0x00, 0x00, 0x00, 0x00, 0x00, 0x00, 0x00, 
	0x00, 0x00, 0x00, 0x00, 0x00, 0x00, 0x00, 0x00, 
	0x00, 0x01, 0x05, 0x22, 0x00, 0x08, 0x43, 0x32, 
	0x00, 0x74, 0x66, 0x96, 0x49, 0x99, 0x49, 0x99, 
	0x00, 0x00, 0x00, 0x00, 0x00, 0x00, 0x00, 0x00, 
	0x00, 0x00, 0x00, 0x00, 0x00, 0x00, 0x00, 0x00, 
	0x00, 0x00, 0x04, 0x32, 0x37, 0xa3, 0x33, 0x33, 
	0x20, 0x05, 0x56, 0x69, 0x99, 0x99, 0x69, 0x96, 
	0x00, 0x00, 0x00, 0x00, 0x00, 0x00, 0x00, 0x00, 
	0x00, 0x00, 0x00, 0x00, 0x00, 0x00, 0x00, 0x00, 
	0x00, 0x00, 0x00, 0x62, 0x22, 0x23, 0x73, 0x3a, 
	0x31, 0x00, 0x00, 0x00, 0x00, 0x00, 0x00, 0x00, 
	0x00, 0x00, 0x00, 0x00, 0x00, 0x00, 0x00, 0x00, 
	0x00, 0x00, 0x00, 0x00, 0x00, 0x00, 0x00, 0x00, 
	0x00, 0x00, 0x00, 0x00, 0x52, 0x52, 0xa3, 0x3a, 
	0xa2, 0x00, 0xce, 0xe0, 0xee, 0x00, 0xb1, 0xee, 
	0x00, 0x00, 0x00, 0x00, 0x00, 0x00, 0x00, 0x00, 
	0x00, 0x00, 0x00, 0x00, 0x00, 0x00, 0x00, 0x00, 
	0x00, 0x00, 0x00, 0x00, 0x04, 0x52, 0xad, 0x73, 
	0x93, 0x33, 0xa1, 0x30, 0x25, 0x51, 0x15, 0x53, 
	0x00, 0x00, 0x00, 0x00, 0x00, 0x00, 0x00, 0x00, 
	0x00, 0x00, 0x00, 0x00, 0x00, 0x00, 0x00, 0x00, 
	0x00, 0x00, 0x00, 0x00, 0x00, 0x15, 0x00, 0x32, 
	0x53, 0x33, 0x34, 0x0d, 0xa3, 0x25, 0x25, 0x40, 
	0x00, 0x00, 0x00, 0x00, 0x00, 0x00, 0x00, 0x00, 
	0x00, 0x00, 0x00, 0x00, 0x00, 0x00, 0x00, 0x00, 
	0x00, 0x00, 0x00, 0x00, 0x00, 0x00, 0x25, 0x43, 
	0x53, 0x39, 0x43, 0x13, 0x46, 0x22, 0x26, 0x51, 
	0x00, 0x00, 0x00, 0x00, 0x00, 0x00, 0x00, 0x00, 
	0x00, 0x00, 0x00, 0x00, 0x00, 0x00, 0x00, 0x00, 
	0x00, 0x00, 0x00, 0x00, 0x00, 0x00, 0x00, 0x00, 
	0x00, 0x00, 0x00, 0x00, 0x00, 0x00, 0x00, 0x00, 
	
};

ALIGNED8 u8 ow2_fc_miu256_fc003_pal_rgba16[] = {
	0x00, 0x01, 0x10, 0xc5, 0x31, 0x8b, 0x39, 0xcd, 
	0x29, 0x8b, 0x21, 0x09, 0x29, 0x8d, 0x3a, 0x11, 
	0x73, 0xdd, 0x31, 0xcf, 0x42, 0x53, 0x5d, 0x5b, 
	0x22, 0x09, 0x52, 0xd7, 0x8f, 0xaf, 
};

ALIGNED8 u8 ow2_fc_miu128_fc002_ci4[] = {
	0x01, 0x22, 0x32, 0x22, 0x40, 0x05, 0x66, 0x66, 
	0x66, 0x66, 0x66, 0x77, 0x77, 0x87, 0x69, 0x59, 
	0xaa, 0xaa, 0xaa, 0x99, 0x99, 0x99, 0x99, 0xaa, 
	0x00, 0x00, 0x00, 0x09, 0xb9, 0x99, 0xbb, 0xbb, 
	0x01, 0x22, 0x22, 0x22, 0x40, 0x05, 0x66, 0x66, 
	0x66, 0x66, 0x66, 0x77, 0x77, 0x87, 0x89, 0x59, 
	0xaa, 0xaa, 0x9a, 0xa9, 0x99, 0x99, 0xa9, 0xa0, 
	0x00, 0x00, 0x00, 0x09, 0xb9, 0x99, 0x8b, 0xbb, 
	0x01, 0x22, 0x22, 0x22, 0x40, 0x05, 0x66, 0x66, 
	0x66, 0x66, 0x66, 0x77, 0x77, 0x87, 0x89, 0x59, 
	0xaa, 0xaa, 0xaa, 0x99, 0x99, 0x99, 0x99, 0x90, 
	0x00, 0x00, 0x00, 0x09, 0x99, 0x99, 0x8b, 0xbb, 
	0x01, 0x22, 0x22, 0x22, 0x40, 0x05, 0x66, 0x66, 
	0x66, 0x66, 0x66, 0x77, 0x77, 0x88, 0xb9, 0x59, 
	0xaa, 0xaa, 0x99, 0xaa, 0x99, 0x99, 0x99, 0x90, 
	0x00, 0x00, 0x00, 0x09, 0x99, 0x99, 0x8b, 0x66, 
	0x01, 0x22, 0x22, 0x22, 0x40, 0x05, 0x66, 0x66, 
	0x66, 0x66, 0x6a, 0x77, 0x77, 0x88, 0x89, 0x59, 
	0xaa, 0xaa, 0xa9, 0x99, 0x99, 0x99, 0x99, 0x90, 
	0x00, 0x00, 0x00, 0x09, 0xb9, 0x99, 0x88, 0x86, 
	0x01, 0xc2, 0x22, 0x22, 0x40, 0x05, 0x66, 0x66, 
	0x66, 0x6a, 0xa6, 0x77, 0x78, 0x88, 0x89, 0x59, 
	0xaa, 0xaa, 0x9a, 0x99, 0x99, 0x99, 0x99, 0x90, 
	0x00, 0x00, 0x00, 0x09, 0xb9, 0x99, 0x88, 0x86, 
	0x01, 0x22, 0x22, 0x22, 0x40, 0x05, 0x66, 0xb6, 
	0x66, 0x66, 0x66, 0x77, 0x77, 0x77, 0x89, 0x59, 
	0x9a, 0x9a, 0xaa, 0x9a, 0x99, 0xa9, 0x99, 0x99, 
	0x00, 0x00, 0x00, 0x09, 0xba, 0x99, 0x88, 0xb0, 
	0x01, 0x23, 0x22, 0x22, 0x40, 0x05, 0x66, 0xbb, 
	0x66, 0xa6, 0xaa, 0x68, 0x77, 0x87, 0x89, 0x59, 
	0xaa, 0xaa, 0xa9, 0xaa, 0x99, 0x99, 0x99, 0x90, 
	0x00, 0x00, 0x00, 0x09, 0xba, 0x99, 0x88, 0xb6, 
	0x01, 0x23, 0x22, 0x22, 0x40, 0x05, 0xb6, 0x66, 
	0x66, 0x66, 0xaa, 0xab, 0x77, 0x88, 0xb9, 0x79, 
	0x9a, 0x9a, 0xaa, 0x9a, 0x99, 0x99, 0x99, 0x90, 
	0x00, 0x00, 0x00, 0x09, 0xb9, 0x99, 0xbb, 0xb6, 
	0x01, 0x22, 0x22, 0x22, 0x40, 0x05, 0x66, 0x66, 
	0x66, 0xaa, 0xa6, 0xaa, 0x67, 0x88, 0x89, 0x59, 
	0xa9, 0x9a, 0xa9, 0xaa, 0x99, 0x99, 0x99, 0x90, 
	0x00, 0x00, 0x00, 0x09, 0xb9, 0x99, 0x8b, 0xb6, 
	0x0d, 0x22, 0x22, 0x22, 0x40, 0x05, 0x66, 0x66, 
	0x66, 0xaa, 0xaa, 0xaa, 0xab, 0x77, 0x8a, 0x59, 
	0xaa, 0xaa, 0x99, 0x99, 0x99, 0x99, 0x99, 0x90, 
	0x00, 0x00, 0x00, 0x09, 0xba, 0x99, 0x8b, 0xb6, 
	0x0d, 0x22, 0x22, 0x22, 0x40, 0x05, 0x66, 0xb6, 
	0x6a, 0x6a, 0x6a, 0xaa, 0xaa, 0x87, 0x8a, 0x59, 
	0xaa, 0xaa, 0x99, 0x99, 0x99, 0x99, 0x99, 0x90, 
	0x00, 0x00, 0x00, 0x69, 0xba, 0x99, 0x8b, 0xb6, 
	0x0d, 0x22, 0x22, 0x22, 0x40, 0x05, 0x66, 0x66, 
	0x66, 0xaa, 0xaa, 0x66, 0x6a, 0xab, 0x89, 0x59, 
	0x99, 0x99, 0x99, 0x99, 0x99, 0x99, 0x99, 0x90, 
	0x00, 0x00, 0x00, 0x65, 0x99, 0x99, 0x88, 0xb6, 
	0x0d, 0x22, 0x22, 0x22, 0x40, 0x05, 0x66, 0x66, 
	0x66, 0xa6, 0xaa, 0x66, 0xaa, 0xaa, 0xb9, 0x59, 
	0xaa, 0x99, 0x99, 0x99, 0x9a, 0x99, 0xa9, 0x90, 
	0x00, 0x00, 0x0b, 0x56, 0x99, 0x99, 0x88, 0xb6, 
	0x0d, 0x22, 0x22, 0x22, 0x40, 0x05, 0x66, 0x66, 
	0xaa, 0xa6, 0xaa, 0x6a, 0x6a, 0xaa, 0x69, 0x56, 
	0x99, 0xaa, 0x99, 0x99, 0x99, 0x99, 0x99, 0x90, 
	0x00, 0x00, 0xb7, 0xba, 0x99, 0x99, 0x88, 0xb9, 
	0x0d, 0x22, 0x22, 0x22, 0x40, 0x05, 0x66, 0xaa, 
	0x6a, 0x66, 0xaa, 0x66, 0xaa, 0xaa, 0x69, 0x56, 
	0xa9, 0xaa, 0x99, 0x99, 0x9a, 0x99, 0x99, 0x90, 
	0x00, 0x0b, 0x7b, 0xaa, 0x99, 0x99, 0x8b, 0xb6, 
	0x04, 0x33, 0x33, 0x33, 0x40, 0x05, 0xb6, 0x66, 
	0xaa, 0xaa, 0xaa, 0x6a, 0xaa, 0x6a, 0x69, 0x56, 
	0xaa, 0xaa, 0x99, 0x99, 0x99, 0x99, 0x99, 0x90, 
	0x00, 0x8a, 0x8a, 0x99, 0x99, 0x99, 0x88, 0x8a, 
	0x04, 0x33, 0x33, 0x33, 0x40, 0x05, 0xba, 0x6a, 
	0xaa, 0xaa, 0xaa, 0xaa, 0xaa, 0xaa, 0xa9, 0x56, 
	0xaa, 0x9a, 0xa9, 0x99, 0x99, 0x99, 0x99, 0x90, 
	0x08, 0xaa, 0xaa, 0x99, 0x99, 0x99, 0x88, 0x8a, 
	0x04, 0x33, 0x33, 0x33, 0x40, 0x05, 0x66, 0x66, 
	0xaa, 0xaa, 0xaa, 0x66, 0xaa, 0xaa, 0x69, 0x56, 
	0xaa, 0x99, 0x99, 0x99, 0x99, 0x9a, 0x99, 0x90, 
	0x8a, 0x5a, 0x99, 0x99, 0x99, 0x99, 0x88, 0xb6, 
	0x04, 0x33, 0x33, 0x33, 0x40, 0x05, 0x66, 0x66, 
	0x66, 0xaa, 0x66, 0x66, 0xaa, 0xaa, 0x69, 0x56, 
	0xaa, 0xaa, 0xa9, 0x99, 0x99, 0x99, 0x99, 0x90, 
	0xa5, 0xaa, 0x99, 0x99, 0x99, 0x9b, 0x88, 0xb6, 
	0x04, 0x33, 0x33, 0x33, 0x40, 0x05, 0x66, 0x66, 
	0xaa, 0x66, 0xa6, 0xaa, 0x6a, 0xaa, 0x69, 0x56, 
	0x99, 0x9a, 0x99, 0x99, 0x99, 0x99, 0xa9, 0x90, 
	0x5a, 0xa9, 0x99, 0x99, 0x99, 0x88, 0x88, 0xb6, 
	0x04, 0xe3, 0x33, 0x33, 0x40, 0x05, 0x66, 0x66, 
	0xaa, 0xa6, 0xa6, 0xaa, 0x66, 0xaa, 0x69, 0x56, 
	0xa9, 0x9a, 0x99, 0xa9, 0x99, 0x99, 0x99, 0x99, 
	0xaa, 0x99, 0x99, 0x99, 0x9b, 0xb8, 0xbb, 0xb9, 
	0x04, 0xee, 0x33, 0x33, 0x40, 0x05, 0xb6, 0x6a, 
	0xa6, 0x66, 0xaa, 0xaa, 0xa6, 0x66, 0x69, 0x56, 
	0xa9, 0x9a, 0xa9, 0x99, 0x99, 0x99, 0x99, 0x90, 
	0xaa, 0xa9, 0x99, 0x99, 0x88, 0xb8, 0xbb, 0xb9, 
	0x04, 0xee, 0x33, 0x33, 0x40, 0x05, 0x6b, 0x66, 
	0x6a, 0x66, 0x66, 0xaa, 0x66, 0x6a, 0x69, 0x56, 
	0x99, 0xa9, 0x99, 0x99, 0x99, 0x99, 0x99, 0x90, 
	0xaa, 0xa9, 0x99, 0x98, 0x8b, 0xb8, 0xbb, 0xb6, 
	0x04, 0xef, 0xee, 0xee, 0x40, 0x05, 0x66, 0x66, 
	0xa6, 0xaa, 0xa6, 0x66, 0x6a, 0x6a, 0x69, 0x56, 
	0x99, 0x99, 0x99, 0x99, 0x99, 0x99, 0x99, 0x00, 
	0x99, 0x99, 0x99, 0x88, 0xbb, 0xb8, 0x8b, 0x6a, 
	0x04, 0xef, 0xee, 0xee, 0x40, 0x05, 0x66, 0x66, 
	0xa6, 0xaa, 0x6a, 0x6a, 0x66, 0x66, 0x6a, 0x56, 
	0x9a, 0x99, 0xa9, 0x99, 0x99, 0x99, 0x99, 0x00, 
	0x99, 0x99, 0x9b, 0x88, 0xbb, 0xbb, 0x8b, 0xb6, 
	0x04, 0xff, 0xef, 0xee, 0xd0, 0x05, 0x66, 0x66, 
	0x6a, 0x66, 0xa6, 0x66, 0xa6, 0x66, 0x69, 0x56, 
	0xaa, 0xaa, 0x99, 0x99, 0x99, 0x99, 0x99, 0x00, 
	0x99, 0x99, 0xb8, 0x88, 0xb8, 0x8b, 0x8b, 0x66, 
	0x04, 0xff, 0xff, 0xff, 0xd0, 0x05, 0x66, 0x6a, 
	0xaa, 0x6a, 0xaa, 0x6a, 0xa6, 0x6a, 0x6a, 0x56, 
	0xaa, 0xaa, 0x99, 0xa9, 0x99, 0x99, 0x99, 0x00, 
	0x99, 0x99, 0xb8, 0x88, 0x8b, 0xbb, 0x88, 0xb9, 
	0x0d, 0xff, 0xff, 0xff, 0xd0, 0x05, 0x66, 0x6a, 
	0xaa, 0x99, 0xaa, 0xa6, 0xaa, 0x66, 0x69, 0x59, 
	0x99, 0xaa, 0x99, 0x99, 0x99, 0x99, 0x99, 0x00, 
	0x99, 0x99, 0xbb, 0x88, 0x8b, 0xbb, 0x8b, 0xba, 
	0x0d, 0xff, 0xff, 0xff, 0xd0, 0x05, 0x66, 0x66, 
	0x6a, 0x69, 0xaa, 0xa6, 0xaa, 0x66, 0x69, 0x59, 
	0x99, 0xa9, 0x99, 0x99, 0x99, 0x9a, 0x99, 0x00, 
	0x99, 0x99, 0x8b, 0x88, 0xbb, 0xbb, 0x88, 0xba, 
	0x01, 0xff, 0xff, 0xff, 0x10, 0x05, 0xb6, 0x66, 
	0xa6, 0x6a, 0x66, 0xaa, 0xa6, 0x6a, 0x69, 0x59, 
	0x99, 0x99, 0x99, 0x9a, 0x99, 0x99, 0x99, 0x90, 
	0x99, 0x99, 0x8b, 0x88, 0xbb, 0xbb, 0xbb, 0xb6, 
	0x01, 0xff, 0xff, 0xff, 0x10, 0x05, 0x66, 0xaa, 
	0xa6, 0x66, 0x6a, 0xa6, 0x66, 0x6a, 0x69, 0x59, 
	0x9a, 0x99, 0x99, 0xa9, 0x99, 0x99, 0x99, 0x00, 
	0x99, 0x99, 0x88, 0x88, 0x8b, 0xbb, 0xbb, 0xb6, 
	0x01, 0xff, 0xff, 0xff, 0x10, 0x05, 0xa6, 0xaa, 
	0xaa, 0xaa, 0xaa, 0x66, 0xa6, 0x6a, 0x69, 0x59, 
	0x99, 0x99, 0xa9, 0x99, 0x99, 0x99, 0x99, 0x00, 
	0x99, 0x99, 0xbb, 0xb8, 0xbb, 0xbb, 0xbb, 0x66, 
	0x01, 0xff, 0xff, 0xff, 0x10, 0x05, 0x66, 0xaa, 
	0x6a, 0xa9, 0x6a, 0x66, 0xaa, 0xa6, 0x69, 0x59, 
	0x99, 0x9a, 0x99, 0x99, 0x99, 0x99, 0x99, 0x00, 
	0x99, 0x99, 0xbb, 0xbb, 0xbb, 0xbb, 0xba, 0x96, 
	0x01, 0xff, 0xff, 0xff, 0xd0, 0x05, 0xaa, 0x99, 
	0xaa, 0x66, 0x6a, 0x66, 0xaa, 0xaa, 0xa9, 0x59, 
	0x9a, 0x9a, 0xa9, 0xa9, 0x99, 0x99, 0x99, 0x00, 
	0x99, 0x99, 0x88, 0xbb, 0xbb, 0xbb, 0x69, 0x96, 
	0x01, 0xff, 0xff, 0xff, 0xd0, 0x05, 0x66, 0x6a, 
	0x66, 0x66, 0xaa, 0xa6, 0xaa, 0xaa, 0xa9, 0x59, 
	0xa9, 0x99, 0x99, 0x9a, 0x99, 0x99, 0x99, 0x00, 
	0x99, 0x99, 0x88, 0xbb, 0xbb, 0xbb, 0x99, 0x96, 
	0x0d, 0xff, 0xff, 0xff, 0x10, 0x05, 0x66, 0x66, 
	0x6a, 0x66, 0xaa, 0xaa, 0xaa, 0xaa, 0x69, 0x59, 
	0x9a, 0x99, 0x99, 0x99, 0x99, 0x99, 0xa9, 0x90, 
	0x99, 0x99, 0xb8, 0x88, 0xbb, 0xb9, 0x99, 0xa6, 
	0x0d, 0xff, 0xff, 0xff, 0x10, 0x05, 0x66, 0x66, 
	0x66, 0xa6, 0xaa, 0xaa, 0xaa, 0xaa, 0xa9, 0x59, 
	0x9a, 0x99, 0x99, 0x99, 0x99, 0x99, 0x99, 0x90, 
	0x99, 0x99, 0xb8, 0xb8, 0xb8, 0xb9, 0x99, 0x96, 
	0x01, 0xff, 0xff, 0xff, 0x40, 0x05, 0x66, 0x66, 
	0x66, 0x66, 0x6a, 0xa6, 0xa9, 0xaa, 0xa9, 0x59, 
	0xa9, 0x99, 0x9a, 0x99, 0x99, 0x99, 0x99, 0x90, 
	0x99, 0x99, 0xb8, 0x88, 0x88, 0x69, 0x99, 0x96, 
	0x01, 0xff, 0xff, 0xfe, 0x40, 0x05, 0x66, 0x66, 
	0x66, 0x6a, 0xaa, 0xaa, 0xaa, 0xaa, 0xa9, 0x59, 
	0xa9, 0x99, 0x99, 0x99, 0x99, 0x99, 0x99, 0x90, 
	0x99, 0x99, 0x8b, 0x88, 0xbb, 0xb9, 0x99, 0x96, 
	0x0d, 0xff, 0xee, 0xcc, 0x40, 0x05, 0x66, 0x66, 
	0x66, 0x6a, 0xaa, 0xaa, 0xa6, 0x66, 0x69, 0x59, 
	0xaa, 0xaa, 0x9a, 0x99, 0x99, 0x99, 0x99, 0x90, 
	0x99, 0x99, 0x8b, 0x88, 0xbb, 0xb9, 0x99, 0x9a, 
	0x0d, 0xee, 0xcc, 0xcc, 0x40, 0x05, 0x66, 0x6b, 
	0x66, 0x66, 0xaa, 0xa6, 0xa6, 0x66, 0x6a, 0x59, 
	0xaa, 0xaa, 0xa9, 0x99, 0x99, 0x99, 0x99, 0x90, 
	0x99, 0x99, 0x88, 0x88, 0x8b, 0xb9, 0x99, 0x99, 
	0x0d, 0xfe, 0xee, 0xee, 0x40, 0x07, 0xaa, 0x66, 
	0x66, 0xa6, 0x66, 0xaa, 0xaa, 0xaa, 0x6a, 0x59, 
	0x9a, 0x99, 0xaa, 0x99, 0x99, 0x99, 0x99, 0x90, 
	0x99, 0x99, 0x88, 0x88, 0x8b, 0xb9, 0x99, 0x96, 
	0x0d, 0xfe, 0xee, 0xff, 0x40, 0x0a, 0x6a, 0x66, 
	0x66, 0xa6, 0x66, 0xa6, 0xaa, 0x6a, 0x69, 0x59, 
	0x9a, 0x99, 0xa9, 0x99, 0x99, 0x99, 0x99, 0x90, 
	0x99, 0x99, 0x88, 0x88, 0x8b, 0xb9, 0x99, 0x96, 
	0x0d, 0xfe, 0xee, 0xff, 0x40, 0x06, 0xa6, 0x66, 
	0x6a, 0x66, 0x6a, 0xaa, 0xaa, 0x6a, 0x69, 0x59, 
	0xa9, 0xa9, 0x99, 0x99, 0x99, 0x99, 0x99, 0x90, 
	0x99, 0x99, 0xb7, 0x88, 0x88, 0x89, 0x99, 0x9b, 
	0x0d, 0xef, 0xee, 0xee, 0x40, 0x00, 0xa6, 0x96, 
	0xaa, 0x6a, 0xaa, 0x6a, 0xaa, 0xa6, 0x69, 0x59, 
	0x9a, 0x99, 0x9a, 0x99, 0x99, 0x99, 0x99, 0x90, 
	0x99, 0x99, 0xb7, 0x78, 0x88, 0x89, 0x99, 0x9a, 
	0x04, 0xee, 0xee, 0xfe, 0x40, 0x00, 0x0a, 0xb9, 
	0xaa, 0xa6, 0xaa, 0x66, 0xaa, 0x66, 0x69, 0x59, 
	0x9a, 0xa9, 0x99, 0x99, 0x99, 0x99, 0x99, 0x90, 
	0x99, 0x99, 0x87, 0x77, 0x77, 0x79, 0x99, 0x96, 
	0x04, 0xee, 0xee, 0xff, 0x40, 0x00, 0x00, 0x9b, 
	0x9a, 0x6a, 0xaa, 0x6a, 0xaa, 0x66, 0x69, 0x59, 
	0x99, 0x99, 0x99, 0x99, 0x99, 0x99, 0x99, 0x90, 
	0x99, 0x99, 0x77, 0x77, 0x77, 0x79, 0x99, 0x96, 
	0x0d, 0xec, 0xee, 0xee, 0x40, 0x00, 0x00, 0x0a, 
	0xba, 0xa6, 0xaa, 0x66, 0xa6, 0x6a, 0x6a, 0x59, 
	0x99, 0x99, 0x99, 0x99, 0x99, 0x99, 0x99, 0x90, 
	0x99, 0x99, 0x77, 0x77, 0x87, 0x79, 0x99, 0x96, 
	0x0d, 0xcc, 0xcc, 0xcc, 0x40, 0x00, 0x00, 0x00, 
	0xa7, 0xa6, 0xaa, 0x6a, 0x66, 0x66, 0x6a, 0x59, 
	0x99, 0x99, 0x99, 0x99, 0x99, 0x99, 0xa9, 0x90, 
	0x99, 0x99, 0x77, 0x77, 0x77, 0x79, 0x99, 0x96, 
	0x0c, 0xec, 0xcc, 0xcc, 0x40, 0x00, 0x00, 0x00, 
	0x09, 0x7a, 0x66, 0x6a, 0x6a, 0xaa, 0x6a, 0x59, 
	0x99, 0x99, 0x99, 0x99, 0x99, 0x99, 0x9a, 0x90, 
	0x99, 0x99, 0x77, 0x77, 0x77, 0x79, 0x99, 0x96, 
	0x0d, 0xee, 0xee, 0xef, 0x10, 0x00, 0x00, 0x00, 
	0x00, 0x97, 0x66, 0xa6, 0xa6, 0xaa, 0xaa, 0x59, 
	0xa9, 0x99, 0x99, 0x99, 0x99, 0x99, 0x99, 0x90, 
	0x99, 0x99, 0x77, 0x77, 0x77, 0x79, 0x99, 0xa6, 
	0x0c, 0xcc, 0xce, 0xfe, 0x10, 0x00, 0x00, 0x00, 
	0x00, 0xb5, 0x6a, 0x6a, 0xa6, 0x66, 0x69, 0x59, 
	0x99, 0xa9, 0x99, 0x99, 0x99, 0x99, 0x99, 0x90, 
	0x99, 0x99, 0x77, 0x77, 0x77, 0x79, 0x99, 0xa6, 
	0x0c, 0xcc, 0xcc, 0xcc, 0x10, 0x00, 0x00, 0x00, 
	0x00, 0xb5, 0xb6, 0x6a, 0x6a, 0x6a, 0xaa, 0x59, 
	0x99, 0x9a, 0x99, 0x99, 0x99, 0x99, 0x99, 0x90, 
	0x99, 0x99, 0x77, 0x77, 0x77, 0x79, 0x99, 0x96, 
	0x0c, 0x4c, 0xcc, 0xcc, 0x10, 0x00, 0x00, 0x00, 
	0x00, 0xb5, 0xb6, 0x66, 0x6a, 0xaa, 0xb9, 0x59, 
	0x99, 0x99, 0x99, 0x99, 0x99, 0x99, 0x99, 0x90, 
	0x99, 0x99, 0x77, 0x77, 0x77, 0x79, 0x99, 0x9b, 
	0x0c, 0x4c, 0xcc, 0xcc, 0x10, 0x00, 0x00, 0x00, 
	0x00, 0xb5, 0xb6, 0xa6, 0xa6, 0xaa, 0xa9, 0x59, 
	0x99, 0x99, 0x99, 0x99, 0x99, 0x99, 0x99, 0x90, 
	0x99, 0x99, 0x77, 0x77, 0x77, 0x79, 0x99, 0xab, 
	0x0c, 0xec, 0xcc, 0xcc, 0x10, 0x00, 0x00, 0x00, 
	0x00, 0xb5, 0x66, 0xaa, 0x66, 0xaa, 0x69, 0x59, 
	0x99, 0x99, 0x99, 0x99, 0x99, 0x99, 0x99, 0x90, 
	0x99, 0x99, 0x77, 0x77, 0x87, 0x79, 0x99, 0xab, 
	0x0c, 0xec, 0xcc, 0xcc, 0x10, 0x00, 0x00, 0x00, 
	0x00, 0xb5, 0x66, 0xaa, 0x66, 0xaa, 0x69, 0x59, 
	0x99, 0x99, 0x99, 0x99, 0x99, 0x99, 0x99, 0x90, 
	0x99, 0x99, 0x78, 0x77, 0x87, 0x79, 0x99, 0xab, 
	0x0c, 0xec, 0xcc, 0xcc, 0x10, 0x00, 0x00, 0x00, 
	0x00, 0xb5, 0x66, 0x6a, 0xa6, 0x6a, 0x69, 0x59, 
	0x99, 0x99, 0x99, 0x99, 0x99, 0x99, 0x99, 0x90, 
	0x99, 0x99, 0x77, 0x88, 0x77, 0x79, 0x99, 0x9b, 
	0x0c, 0xec, 0xcc, 0xcc, 0x10, 0x00, 0x00, 0x00, 
	0x00, 0xb5, 0x66, 0x66, 0x6a, 0xaa, 0x69, 0x59, 
	0x99, 0x99, 0x99, 0x99, 0x99, 0x99, 0x99, 0x90, 
	0x99, 0x99, 0x77, 0x88, 0x87, 0x79, 0x99, 0x9b, 
	0x0c, 0xec, 0xcc, 0xcc, 0xd0, 0x00, 0x00, 0x00, 
	0x00, 0xb5, 0xb6, 0x66, 0xa6, 0xaa, 0xb9, 0x59, 
	0x99, 0x99, 0x99, 0x99, 0x99, 0x99, 0x99, 0x90, 
	0x99, 0x99, 0x77, 0x78, 0x88, 0x79, 0x99, 0x9b, 
	0x0c, 0xec, 0xcc, 0xcc, 0xd0, 0x00, 0x00, 0x00, 
	0x00, 0xb5, 0xb6, 0x6a, 0x6a, 0x6a, 0x69, 0x59, 
	0x99, 0x9a, 0x99, 0x99, 0x99, 0x99, 0x99, 0x90, 
	0x99, 0x99, 0x77, 0x88, 0x87, 0x79, 0x99, 0x9b, 
	0x0c, 0xcc, 0xcc, 0xcc, 0xc0, 0x00, 0x00, 0x00, 
	0x00, 0x65, 0x66, 0x66, 0x6a, 0x6a, 0xb9, 0x59, 
	0x99, 0xaa, 0x99, 0x99, 0x99, 0x99, 0x99, 0x99, 
	0x99, 0x99, 0x77, 0x87, 0x87, 0x79, 0x99, 0x96, 
	0x00, 0x00, 0x00, 0x00, 0x00, 0x00, 0x00, 0x00, 
	0x00, 0x65, 0xb6, 0xa6, 0x6a, 0xa6, 0x69, 0x59, 
	0x99, 0x99, 0x99, 0x99, 0x99, 0x99, 0x99, 0x90, 
	0x99, 0x99, 0x77, 0x77, 0x87, 0x79, 0x99, 0x96, 
	
};

ALIGNED8 u8 ow2_fc_miu128_fc002_pal_rgba16[] = {
	0x00, 0x01, 0x63, 0x91, 0xdf, 0x91, 0x86, 0xc9, 
	0x85, 0x93, 0xad, 0xa9, 0x3a, 0x0f, 0x74, 0x5f, 
	0x53, 0x19, 0x21, 0x49, 0x31, 0xcd, 0x42, 0x93, 
	0xb6, 0xdb, 0x7c, 0x97, 0x6d, 0xcb, 0x4c, 0x87, 
	
};

ALIGNED8 u8 ow2_fc_miu64_fcanime00_ci4[] = {
	0x01, 0x11, 0x22, 0x32, 0x11, 0x45, 0x56, 0x77, 
	0x77, 0x77, 0x66, 0x66, 0x88, 0x88, 0x77, 0x77, 
	0x66, 0x77, 0x99, 0x99, 0x99, 0x99, 0x99, 0x99, 
	0x77, 0x78, 0x99, 0x97, 0x79, 0x97, 0x99, 0x99, 
	0x01, 0x11, 0x22, 0x12, 0x11, 0x45, 0x56, 0x67, 
	0x77, 0x77, 0x6a, 0xbc, 0x99, 0x88, 0x77, 0x77, 
	0x99, 0x76, 0x99, 0x99, 0x99, 0xaa, 0x99, 0x99, 
	0x77, 0x77, 0x97, 0x77, 0x79, 0x97, 0x99, 0x9a, 
	0x01, 0x11, 0x22, 0x22, 0x11, 0x45, 0x56, 0x67, 
	0x77, 0x78, 0xbb, 0xbb, 0xa8, 0x99, 0x77, 0x76, 
	0x77, 0x76, 0x99, 0x99, 0xab, 0xbb, 0xba, 0x99, 
	0x77, 0x77, 0x99, 0x77, 0x77, 0x77, 0x9a, 0xbb, 
	0x01, 0x11, 0x22, 0x32, 0x11, 0x45, 0x56, 0x66, 
	0x7a, 0xbb, 0xac, 0xab, 0xaa, 0xa8, 0x67, 0x76, 
	0x77, 0x77, 0x99, 0xad, 0xbb, 0x9a, 0xbb, 0xba, 
	0x76, 0x77, 0x99, 0x7c, 0x77, 0x9c, 0xbb, 0xba, 
	0x01, 0x11, 0x12, 0x12, 0x3e, 0x45, 0x66, 0x6a, 
	0xdd, 0xdc, 0x88, 0xa8, 0x8b, 0xbb, 0xb6, 0x66, 
	0x99, 0x99, 0xab, 0xba, 0xaa, 0x77, 0xaa, 0xdd, 
	0xba, 0x66, 0x77, 0x7a, 0x7a, 0xbb, 0xb7, 0x7a, 
	0x01, 0x11, 0x32, 0x11, 0x3e, 0x45, 0x66, 0x6a, 
	0xac, 0xac, 0x78, 0xa8, 0x78, 0xab, 0xba, 0x66, 
	0x99, 0xb9, 0xbb, 0x77, 0xca, 0x77, 0xac, 0x7a, 
	0xbb, 0xa6, 0x77, 0x8a, 0x7b, 0xba, 0xa7, 0x7a, 
	0x01, 0x11, 0x33, 0x12, 0x3e, 0x45, 0x66, 0x66, 
	0x77, 0xac, 0x88, 0xa8, 0x78, 0x87, 0xaa, 0x66, 
	0x99, 0xb9, 0xcc, 0x77, 0xca, 0x77, 0xac, 0x7c, 
	0xab, 0xc6, 0x77, 0x8a, 0x77, 0x7a, 0xa7, 0x7a, 
	0x01, 0x11, 0x13, 0x22, 0x3e, 0x45, 0x66, 0x66, 
	0x77, 0xac, 0x78, 0x88, 0x78, 0x87, 0xca, 0x66, 
	0x99, 0xb9, 0x7c, 0x77, 0xca, 0x77, 0xac, 0x7c, 
	0xaa, 0xc6, 0x77, 0x8a, 0x77, 0x7a, 0xa7, 0x7a, 
	0x61, 0x11, 0x12, 0x21, 0x33, 0x45, 0x56, 0x68, 
	0x88, 0xaa, 0x88, 0x88, 0x88, 0xa8, 0xaa, 0x66, 
	0x99, 0xd9, 0x8a, 0x88, 0x8a, 0x88, 0xa8, 0x88, 
	0xac, 0x77, 0x77, 0x7c, 0x78, 0x8a, 0xa8, 0x8a, 
	0x61, 0x11, 0x11, 0x12, 0x33, 0x45, 0x56, 0x66, 
	0x88, 0xa8, 0x88, 0xa8, 0x88, 0x88, 0xaa, 0x66, 
	0x99, 0xd9, 0x8a, 0x88, 0x8a, 0x88, 0xa8, 0x88, 
	0xca, 0x77, 0x77, 0x7c, 0x78, 0x8a, 0xa8, 0x8a, 
	0x61, 0x11, 0x12, 0x11, 0x33, 0x35, 0x56, 0x68, 
	0x78, 0xa8, 0x78, 0xa8, 0x78, 0x87, 0x7a, 0x66, 
	0x99, 0xd9, 0x8a, 0x87, 0x8a, 0x87, 0xa8, 0x78, 
	0xca, 0x77, 0x77, 0x7c, 0x77, 0x7a, 0xa7, 0x8a, 
	0x61, 0x11, 0x11, 0x11, 0x3f, 0x55, 0x56, 0x68, 
	0x78, 0xa8, 0x78, 0xa8, 0x78, 0xa8, 0xaa, 0x66, 
	0x99, 0xd9, 0x8a, 0x87, 0x8a, 0x87, 0xa8, 0x78, 
	0xca, 0x77, 0x77, 0x7c, 0x78, 0x8a, 0xa7, 0x8a, 
	0x61, 0x11, 0x33, 0x22, 0xf4, 0x55, 0x56, 0x67, 
	0x77, 0xac, 0x78, 0xa8, 0x77, 0xc7, 0xc7, 0x99, 
	0x99, 0xc9, 0x7c, 0x77, 0x8a, 0x87, 0xac, 0x77, 
	0x8a, 0x99, 0x66, 0x7a, 0x67, 0x7c, 0xa7, 0x8a, 
	0x6e, 0x11, 0x33, 0x23, 0x45, 0x55, 0x56, 0x66, 
	0x67, 0xac, 0x78, 0xa8, 0x7c, 0xc7, 0x79, 0x99, 
	0x99, 0x98, 0x97, 0x77, 0x8a, 0x87, 0xac, 0x77, 
	0x89, 0x99, 0x66, 0x67, 0xc6, 0x7c, 0xa7, 0x8a, 
	0x6e, 0x11, 0x22, 0x34, 0x55, 0x55, 0x56, 0x67, 
	0xc6, 0x77, 0x78, 0xa8, 0x77, 0x79, 0x99, 0x99, 
	0x99, 0x99, 0x77, 0x97, 0x8a, 0x87, 0xac, 0x76, 
	0x99, 0x99, 0x66, 0x66, 0x7c, 0xc6, 0x87, 0x8a, 
	0x61, 0x1e, 0x22, 0x26, 0x54, 0x45, 0x56, 0x66, 
	0x7c, 0xc6, 0x78, 0xa8, 0x99, 0x79, 0x99, 0x99, 
	0x99, 0x99, 0x99, 0x77, 0x78, 0x87, 0x76, 0x66, 
	0x99, 0x99, 0x66, 0x66, 0x77, 0x7c, 0x87, 0x7a, 
	0x01, 0x11, 0x33, 0x35, 0x44, 0x45, 0x66, 0x66, 
	0x77, 0x7c, 0x76, 0x66, 0x99, 0x77, 0x99, 0x99, 
	0x99, 0x99, 0x99, 0x99, 0x99, 0x66, 0x67, 0x66, 
	0x99, 0x99, 0x99, 0x99, 0x77, 0x77, 0x7c, 0x79, 
	0x01, 0x11, 0x33, 0x35, 0xd4, 0x45, 0x66, 0x66, 
	0x77, 0x77, 0x77, 0x77, 0x77, 0x76, 0x99, 0x99, 
	0xcc, 0x99, 0x99, 0x99, 0x77, 0x77, 0x77, 0x76, 
	0x99, 0x99, 0x9a, 0x99, 0x77, 0x77, 0x79, 0x77, 
	0x01, 0x11, 0x33, 0x35, 0x44, 0x45, 0x66, 0x66, 
	0x97, 0x77, 0x76, 0x66, 0x77, 0x77, 0x99, 0xcd, 
	0xdd, 0xdc, 0x99, 0x99, 0x77, 0x77, 0x77, 0x67, 
	0x99, 0x9a, 0xbb, 0xbb, 0x77, 0x77, 0x77, 0x77, 
	0x0e, 0x11, 0x33, 0x35, 0x44, 0xd5, 0x66, 0xad, 
	0xc9, 0x97, 0x76, 0x66, 0x77, 0x76, 0xcd, 0xdd, 
	0xcd, 0xdd, 0xda, 0x99, 0x77, 0x77, 0x77, 0x97, 
	0x9a, 0xbb, 0xba, 0xbb, 0xdd, 0x77, 0x77, 0x77, 
	0x01, 0x11, 0x11, 0x15, 0x4b, 0xb5, 0x66, 0xad, 
	0xbb, 0xc6, 0x69, 0x99, 0x77, 0x7b, 0xdd, 0xa7, 
	0x7c, 0xca, 0xbb, 0xb7, 0x66, 0x66, 0x77, 0x7c, 
	0xbb, 0xa7, 0xa8, 0x7a, 0xbb, 0xbb, 0x7c, 0xa7, 
	0x01, 0x11, 0x11, 0x15, 0x4b, 0xb5, 0x66, 0x6a, 
	0xbb, 0xb6, 0x99, 0x99, 0xcc, 0xbb, 0x7c, 0xa7, 
	0x7c, 0xc7, 0x7b, 0xbb, 0x77, 0x76, 0xc7, 0xcb, 
	0xbc, 0x77, 0xa8, 0x78, 0xaa, 0xbb, 0xd7, 0xa7, 
	0x01, 0x11, 0x11, 0x15, 0xbb, 0xb5, 0x66, 0x6a, 
	0x6c, 0xb6, 0x99, 0x99, 0xcc, 0xa7, 0x7c, 0xc7, 
	0x7c, 0x87, 0x7c, 0xcb, 0x67, 0x76, 0xc7, 0xc7, 
	0xcc, 0x77, 0xa8, 0x78, 0xa8, 0x8b, 0xd7, 0xa7, 
	0x01, 0x11, 0x11, 0xf5, 0xbb, 0xb5, 0x66, 0x6a, 
	0x66, 0xb6, 0x99, 0x99, 0xa7, 0xc7, 0x7c, 0xc7, 
	0x7c, 0x87, 0x7c, 0x7a, 0x67, 0x76, 0xc7, 0x77, 
	0xcc, 0x77, 0xa8, 0x78, 0x88, 0x88, 0xd7, 0xc7, 
	0x02, 0xf2, 0x22, 0xf5, 0xbb, 0xb5, 0x56, 0xcc, 
	0x77, 0xb7, 0x99, 0x99, 0xa7, 0xc7, 0x88, 0xa8, 
	0x8a, 0xa8, 0x7a, 0xca, 0x67, 0x76, 0xa8, 0x88, 
	0xa8, 0x88, 0xa8, 0x88, 0xac, 0x7c, 0xb9, 0xa9, 
	0x02, 0xf2, 0x22, 0xf5, 0xbb, 0xb5, 0x56, 0x6c, 
	0x77, 0xb7, 0x99, 0x99, 0xa7, 0xc7, 0x88, 0xa8, 
	0x8a, 0xa8, 0x7c, 0xca, 0x77, 0x76, 0xa8, 0x88, 
	0xaa, 0x88, 0xa8, 0x88, 0xac, 0x7c, 0xb9, 0x99, 
	0x02, 0xf2, 0x22, 0xf5, 0xbb, 0xb5, 0x55, 0x6c, 
	0x77, 0xb7, 0x99, 0x99, 0xa7, 0xc7, 0x78, 0x87, 
	0x78, 0x87, 0x7c, 0x7a, 0x77, 0x66, 0xa8, 0x77, 
	0xaa, 0x77, 0xa8, 0x78, 0xa7, 0x7c, 0xb9, 0x99, 
	0x02, 0x22, 0x2f, 0xf5, 0xbb, 0xb5, 0x55, 0x6c, 
	0x77, 0xb7, 0x99, 0x99, 0xa7, 0xc7, 0x78, 0x87, 
	0x7a, 0x87, 0x7c, 0x7a, 0x76, 0x76, 0xa8, 0x77, 
	0xa8, 0x77, 0xa8, 0x78, 0xa7, 0x7c, 0xb9, 0x99, 
	0x01, 0x11, 0x11, 0xf5, 0xbb, 0xb5, 0x66, 0x78, 
	0x66, 0xd6, 0x66, 0x99, 0xa6, 0xc7, 0x77, 0xc7, 
	0x7c, 0xc7, 0x9a, 0x8a, 0x99, 0x99, 0x7a, 0x77, 
	0xa8, 0x78, 0xa8, 0x78, 0xa8, 0x98, 0x86, 0x77, 
	0x01, 0x11, 0x11, 0xf5, 0xb4, 0xb5, 0x66, 0x78, 
	0x66, 0x66, 0x66, 0x99, 0x77, 0x67, 0x77, 0xc7, 
	0x7c, 0xc7, 0x9a, 0x89, 0x99, 0x99, 0x97, 0x79, 
	0x8a, 0x77, 0xa8, 0x78, 0xa9, 0x99, 0x67, 0x77, 
	0x0e, 0x11, 0x11, 0xf5, 0xbb, 0xb5, 0x66, 0x78, 
	0x66, 0x66, 0x66, 0x66, 0x66, 0x77, 0x97, 0xc7, 
	0x7c, 0xc7, 0x99, 0x99, 0x99, 0x99, 0x99, 0x97, 
	0x77, 0x77, 0xa8, 0x78, 0xa9, 0x99, 0x77, 0x77, 
	0x01, 0x11, 0x11, 0xf5, 0xbb, 0xb5, 0x66, 0x66, 
	0x66, 0x66, 0x66, 0x66, 0x66, 0x66, 0x79, 0x97, 
	0x7c, 0xc7, 0x99, 0x99, 0x66, 0x96, 0x99, 0x97, 
	0x88, 0x77, 0x88, 0x77, 0x99, 0x89, 0x76, 0x67, 
	0x0e, 0x33, 0x2f, 0xf0, 0xbb, 0xb5, 0x55, 0x66, 
	0x66, 0x66, 0x66, 0x66, 0x99, 0x99, 0x77, 0x97, 
	0x99, 0x66, 0x66, 0x66, 0x99, 0x99, 0x99, 0x99, 
	0x76, 0x67, 0x66, 0x66, 0x67, 0x76, 0x99, 0x99, 
	0x0e, 0x33, 0x2f, 0xf0, 0xbb, 0xb5, 0x55, 0x66, 
	0x66, 0x66, 0x66, 0x66, 0x99, 0x99, 0x76, 0x67, 
	0x99, 0x66, 0x66, 0x66, 0x99, 0x9a, 0x99, 0x99, 
	0x66, 0x66, 0x67, 0x66, 0x67, 0x76, 0x99, 0x99, 
	0x03, 0x33, 0x22, 0xf0, 0xbb, 0xb5, 0x55, 0x66, 
	0x66, 0x66, 0x6b, 0xbb, 0x99, 0x99, 0x76, 0x66, 
	0x66, 0x69, 0x66, 0x76, 0x9a, 0xbb, 0xb8, 0x99, 
	0x66, 0x76, 0x66, 0x66, 0x67, 0x88, 0x99, 0xbb, 
	0x0e, 0x33, 0x2f, 0xf0, 0xbb, 0xb5, 0x55, 0x66, 
	0x66, 0xad, 0xba, 0xbb, 0xdd, 0xa9, 0x66, 0x66, 
	0x69, 0x99, 0x76, 0x7a, 0xbb, 0x9b, 0xbb, 0xb8, 
	0x66, 0x76, 0x67, 0x77, 0x78, 0x68, 0xab, 0xba, 
	0x03, 0x33, 0x2f, 0xf5, 0xbb, 0xb5, 0x55, 0x66, 
	0xcd, 0xdd, 0x77, 0xcc, 0xab, 0xbb, 0xa6, 0x66, 
	0x99, 0x99, 0x7a, 0xbb, 0xac, 0x77, 0xad, 0xdd, 
	0xb8, 0x77, 0x77, 0x78, 0x66, 0xbb, 0xb8, 0x78, 
	0x03, 0x3e, 0x22, 0xf5, 0xbb, 0xd5, 0x56, 0x6a, 
	0xdd, 0xac, 0x77, 0xc7, 0x78, 0xbb, 0xaa, 0x66, 
	0x99, 0xa9, 0xbb, 0xa7, 0x78, 0x77, 0xcc, 0x7d, 
	0xbb, 0xa7, 0x77, 0x8a, 0x6b, 0xba, 0x87, 0x78, 
	0x03, 0x3e, 0x22, 0xf5, 0xbb, 0xb5, 0x56, 0x6a, 
	0x77, 0xcc, 0x77, 0xc7, 0x77, 0x87, 0xaa, 0x66, 
	0x99, 0xa9, 0xa8, 0x77, 0x78, 0x77, 0xcc, 0x77, 
	0x8b, 0x87, 0x77, 0x8a, 0x6a, 0x6c, 0x87, 0x78, 
	0x03, 0x3e, 0x22, 0xf5, 0xbb, 0xb5, 0x56, 0x66, 
	0x77, 0xc7, 0x77, 0xc7, 0x77, 0x87, 0x7a, 0x66, 
	0x99, 0xa9, 0x78, 0x77, 0x78, 0x77, 0x77, 0x77, 
	0x88, 0x87, 0x77, 0x78, 0x66, 0x6c, 0x87, 0x78, 
	0x0e, 0xee, 0x41, 0xf5, 0xbb, 0xb5, 0x56, 0x68, 
	0x77, 0x88, 0x77, 0x77, 0x78, 0x87, 0x7a, 0x99, 
	0x99, 0xa9, 0x7c, 0x77, 0x98, 0x97, 0x88, 0x88, 
	0xca, 0xa6, 0x77, 0x7c, 0x78, 0x88, 0x89, 0x78, 
	0x01, 0x11, 0x11, 0xf5, 0xbb, 0xb5, 0x56, 0x68, 
	0x77, 0x88, 0x77, 0x77, 0x78, 0x87, 0x7c, 0x99, 
	0x99, 0xd9, 0x7c, 0x77, 0x98, 0x77, 0x88, 0x77, 
	0xca, 0x76, 0x77, 0x7c, 0x77, 0x78, 0x89, 0x78, 
	0x01, 0x11, 0x11, 0xf5, 0xbb, 0xb5, 0x56, 0x68, 
	0x67, 0x88, 0x77, 0x77, 0x79, 0x87, 0x7c, 0x99, 
	0x99, 0xd9, 0x7c, 0x79, 0x98, 0x77, 0x88, 0x67, 
	0xca, 0x77, 0x77, 0x7c, 0x77, 0x68, 0x87, 0x78, 
	0x01, 0x11, 0x11, 0xf5, 0xbb, 0xb5, 0x56, 0x68, 
	0x67, 0x88, 0x77, 0x77, 0x79, 0x87, 0x7c, 0x99, 
	0x99, 0xd9, 0x7c, 0x79, 0x78, 0x77, 0x88, 0x67, 
	0xca, 0xc6, 0x77, 0x7a, 0x77, 0x68, 0x87, 0x78, 
	0x03, 0x33, 0x33, 0x35, 0xdb, 0xb5, 0x56, 0x67, 
	0x67, 0x87, 0x66, 0x76, 0x77, 0x77, 0x88, 0x66, 
	0x99, 0xd9, 0x77, 0x76, 0x88, 0x77, 0x88, 0x67, 
	0xca, 0x76, 0x77, 0x8b, 0x66, 0x67, 0xc7, 0x77, 
	0x0e, 0xee, 0xee, 0xe5, 0xbb, 0xb5, 0x55, 0x76, 
	0x67, 0x87, 0x66, 0x76, 0x77, 0x77, 0x96, 0x66, 
	0x99, 0x9c, 0x67, 0x76, 0x88, 0x77, 0x88, 0x67, 
	0xc7, 0x66, 0x77, 0x78, 0xa6, 0x67, 0x77, 0x77, 
	0x03, 0x33, 0x33, 0x35, 0xbb, 0xb5, 0x55, 0x67, 
	0x66, 0x77, 0x66, 0x76, 0x77, 0x76, 0x66, 0x66, 
	0x99, 0x99, 0x77, 0x66, 0x88, 0x77, 0x88, 0x66, 
	0x66, 0x67, 0x77, 0x77, 0x67, 0xa6, 0x77, 0x77, 
	0x0e, 0x33, 0xe3, 0x35, 0xbb, 0xb5, 0x55, 0x66, 
	0x67, 0x76, 0x66, 0x76, 0x66, 0x66, 0x66, 0x66, 
	0x99, 0x99, 0x66, 0x77, 0x68, 0x77, 0x87, 0x66, 
	0x66, 0x77, 0x77, 0x77, 0x66, 0x6a, 0x79, 0x7c, 
	0x0e, 0xee, 0xe1, 0x15, 0xdd, 0x45, 0x55, 0x66, 
	0x66, 0x79, 0x66, 0x76, 0x67, 0x66, 0x99, 0x99, 
	0x66, 0x66, 0x99, 0x99, 0x77, 0x66, 0x67, 0x77, 
	0x66, 0x66, 0x66, 0x66, 0x77, 0x77, 0xcc, 0xc6, 
	0x0e, 0xee, 0xee, 0xe5, 0xdd, 0x45, 0x55, 0x66, 
	0x67, 0x66, 0x66, 0x66, 0x66, 0x66, 0x99, 0x99, 
	0x66, 0x66, 0x99, 0x99, 0x66, 0x76, 0x77, 0x77, 
	0x66, 0x66, 0x6c, 0x66, 0x77, 0x77, 0x77, 0xcc, 
	0x03, 0xee, 0x11, 0x15, 0x0d, 0xd5, 0x66, 0x66, 
	0x66, 0x66, 0x66, 0x66, 0x67, 0x66, 0x99, 0x9a, 
	0xdd, 0xa6, 0x99, 0x99, 0x66, 0x66, 0x77, 0x77, 
	0x66, 0x6a, 0xbb, 0xbc, 0x77, 0x77, 0x77, 0x77, 
	0x03, 0x33, 0x11, 0x1e, 0x50, 0xd5, 0x69, 0x89, 
	0x66, 0x77, 0x66, 0x66, 0x67, 0x77, 0x9a, 0xbb, 
	0xdd, 0xdd, 0xa9, 0x99, 0x66, 0x66, 0x77, 0x98, 
	0x67, 0xdd, 0xbb, 0xbb, 0xb8, 0x77, 0xc7, 0x77, 
	0x01, 0x11, 0x32, 0x2f, 0x45, 0x55, 0x56, 0xab, 
	0xa9, 0x99, 0x66, 0x66, 0x66, 0x6a, 0xbb, 0xa7, 
	0x78, 0xab, 0xbb, 0x87, 0x67, 0x66, 0x77, 0x77, 
	0xbb, 0xbc, 0xc7, 0x7d, 0xbb, 0xbc, 0x77, 0x78, 
	0x01, 0x11, 0x32, 0x22, 0xf4, 0x55, 0x55, 0xab, 
	0xbb, 0xa9, 0x76, 0x67, 0xa6, 0xbb, 0xa8, 0x87, 
	0x78, 0x77, 0xbb, 0xba, 0x67, 0x76, 0xc7, 0xcb, 
	0xbc, 0x6c, 0xc7, 0x7c, 0xcb, 0xbb, 0xa7, 0x88, 
	0x01, 0x11, 0x22, 0x22, 0x1f, 0x55, 0x55, 0x66, 
	0x9b, 0xa9, 0x66, 0x67, 0xbc, 0xb6, 0x78, 0x77, 
	0x78, 0x77, 0x7a, 0xba, 0x67, 0x77, 0xac, 0xcc, 
	0xa6, 0x6c, 0xc7, 0x7c, 0xc6, 0xcb, 0x87, 0x88, 
	0x0e, 0xe1, 0xee, 0xee, 0x11, 0x15, 0x55, 0x66, 
	0x99, 0xa9, 0x66, 0x66, 0xac, 0xc6, 0x78, 0x77, 
	0x78, 0x77, 0x78, 0x7a, 0x67, 0x76, 0xa7, 0x77, 
	0xa6, 0x6c, 0xc7, 0x7c, 0xc6, 0x6a, 0xa7, 0x88, 
	0x01, 0x11, 0x12, 0x21, 0xee, 0x35, 0x56, 0x67, 
	0x77, 0x79, 0x99, 0x99, 0xa7, 0x77, 0x88, 0x87, 
	0x8a, 0x87, 0x7c, 0x7a, 0x67, 0x77, 0xa6, 0x67, 
	0xc7, 0x7c, 0x87, 0x78, 0x77, 0x7a, 0xc7, 0xcc, 
	0x01, 0x11, 0x12, 0x21, 0xee, 0x45, 0x56, 0x77, 
	0x7c, 0xa9, 0x99, 0x99, 0xa7, 0xc7, 0x8a, 0x88, 
	0x8a, 0x88, 0xcc, 0x7c, 0x67, 0x77, 0xa6, 0x7c, 
	0xa7, 0x7a, 0xa8, 0x8a, 0xc7, 0xca, 0xcc, 0xac, 
	0x01, 0x11, 0x22, 0x11, 0xee, 0x45, 0x56, 0x77, 
	0x7c, 0xc9, 0x97, 0x77, 0xb7, 0x77, 0x8a, 0x87, 
	0x8a, 0x88, 0xcc, 0x7b, 0x67, 0x77, 0xa6, 0x6c, 
	0xc7, 0x7c, 0xa8, 0x8a, 0xc7, 0xaa, 0xd7, 0xc7, 
	0x01, 0x11, 0x21, 0x12, 0xee, 0x45, 0x56, 0x77, 
	0x7c, 0xa9, 0x77, 0x77, 0xa7, 0xc7, 0x8a, 0x88, 
	0x8a, 0x88, 0xcc, 0x7b, 0x67, 0x77, 0xa6, 0x7c, 
	0xa7, 0x7a, 0xa8, 0x8a, 0xc7, 0xca, 0xd7, 0x77, 
	0xd3, 0x3e, 0x23, 0x11, 0xee, 0x45, 0x56, 0x77, 
	0x77, 0xc9, 0x77, 0x77, 0xa6, 0x77, 0xcc, 0xc7, 
	0x8a, 0x87, 0xcc, 0x7a, 0x67, 0x66, 0x7c, 0x9c, 
	0xcc, 0xcc, 0xa8, 0x8a, 0xc7, 0xcc, 0x7c, 0x77, 
	0xd3, 0x3e, 0x23, 0x11, 0xee, 0x45, 0x56, 0x77, 
	0x79, 0x97, 0x77, 0x77, 0xcc, 0x66, 0xcc, 0xc7, 
	0x8a, 0x87, 0xcc, 0x99, 0x77, 0x67, 0x77, 0x79, 
	0xcc, 0xcc, 0xa8, 0x8a, 0xc7, 0x79, 0x7a, 0x77, 
	0xd3, 0x3e, 0x11, 0x11, 0xee, 0x45, 0x56, 0x76, 
	0x97, 0x77, 0x77, 0x77, 0x77, 0xcc, 0x7c, 0xc7, 
	0x8a, 0x87, 0x79, 0x77, 0x66, 0x66, 0x97, 0x97, 
	0x76, 0x7c, 0xa8, 0x8a, 0xc9, 0x7c, 0x77, 0x77, 
	0xd3, 0x3e, 0x22, 0x22, 0xee, 0x45, 0x55, 0x66, 
	0x77, 0x77, 0x77, 0x77, 0x77, 0x77, 0xcc, 0x67, 
	0x88, 0x77, 0x99, 0x99, 0x66, 0x66, 0x99, 0x99, 
	0x77, 0x76, 0x88, 0x77, 0x97, 0x77, 0x77, 0x77, 
	
};

ALIGNED8 u8 ow2_fc_miu64_fcanime00_pal_rgba16[] = {
	0x18, 0xc5, 0x94, 0xe5, 0x84, 0x61, 0xa5, 0x69, 
	0x42, 0x51, 0x00, 0x01, 0x00, 0x83, 0x00, 0xc3, 
	0x09, 0x05, 0x00, 0xc1, 0x11, 0x49, 0x29, 0x8b, 
	0x09, 0x07, 0x21, 0x4b, 0x73, 0x9b, 0xd6, 0xb5, 
	
};

ALIGNED8 u8 ow2_fc_miu128_fc001_rgba32[] = {
	0x00, 0xad, 0x00, 0xff, 0x00, 0x31, 0x31, 0xff, 
	0x21, 0x42, 0x42, 0xff, 0x00, 0xcc, 0xdd, 0x24, 
	0x00, 0xdd, 0xdd, 0x24, 0x00, 0xdd, 0xee, 0x24, 
	0x00, 0xdd, 0xdd, 0x24, 0x00, 0xcc, 0xdd, 0x24, 
	0x00, 0xcc, 0xcc, 0x24, 0x00, 0xcc, 0xdd, 0x24, 
	0x00, 0xcc, 0xcc, 0x24, 0x00, 0xcc, 0xdd, 0x24, 
	0x00, 0xcc, 0xcc, 0x24, 0x00, 0xee, 0xee, 0x24, 
	0x00, 0xdd, 0xdd, 0x24, 0x00, 0xdd, 0xdd, 0x24, 
	0x00, 0xcc, 0xdd, 0x24, 0x00, 0xdd, 0xdd, 0x24, 
	0x00, 0xdd, 0xdd, 0x24, 0x00, 0xcc, 0xdd, 0x24, 
	0x00, 0xdd, 0xdd, 0x24, 0x00, 0xdd, 0xee, 0x24, 
	0x00, 0xdd, 0xdd, 0x24, 0x00, 0xcc, 0xdd, 0x24, 
	0x00, 0xcc, 0xcc, 0x24, 0x00, 0xcc, 0xdd, 0x24, 
	0x00, 0xcc, 0xcc, 0x24, 0x00, 0xcc, 0xdd, 0x24, 
	0x00, 0xcc, 0xcc, 0x24, 0x10, 0x42, 0x42, 0xff, 
	0x42, 0x63, 0x73, 0xff, 0x00, 0xde, 0x00, 0xff, 
	0x00, 0x9c, 0x00, 0xff, 0x21, 0x42, 0x42, 0xff, 
	0x21, 0x42, 0x42, 0xff, 0x00, 0xcc, 0xdd, 0x24, 
	0x00, 0xcc, 0xdd, 0x24, 0x00, 0xdd, 0xdd, 0x24, 
	0x00, 0xbb, 0xcc, 0x24, 0x00, 0xbb, 0xcc, 0x24, 
	0x00, 0xbb, 0xbb, 0x24, 0x00, 0xcc, 0xcc, 0x24, 
	0x00, 0xcc, 0xcc, 0x24, 0x00, 0xcc, 0xcc, 0x24, 
	0x00, 0xbb, 0xcc, 0x24, 0x00, 0xbb, 0xcc, 0x24, 
	0x00, 0xcc, 0xdd, 0x24, 0x00, 0xcc, 0xdd, 0x24, 
	0x00, 0xbb, 0xbb, 0x24, 0x00, 0xcc, 0xcc, 0x24, 
	0x00, 0xcc, 0xcc, 0x24, 0x00, 0xcc, 0xdd, 0x24, 
	0x00, 0xcc, 0xdd, 0x24, 0x00, 0xdd, 0xdd, 0x24, 
	0x00, 0xbb, 0xcc, 0x24, 0x00, 0xbb, 0xcc, 0x24, 
	0x00, 0xbb, 0xbb, 0x24, 0x00, 0xcc, 0xcc, 0x24, 
	0x00, 0xcc, 0xcc, 0x24, 0x00, 0xcc, 0xcc, 0x24, 
	0x00, 0xbb, 0xcc, 0x24, 0x10, 0x42, 0x42, 0xff, 
	0x52, 0x73, 0x73, 0xff, 0x00, 0xde, 0x00, 0xff, 
	0x00, 0x9c, 0x00, 0xff, 0x31, 0x31, 0x42, 0xff, 
	0x21, 0x42, 0x42, 0xff, 0x11, 0xee, 0xee, 0x24, 
	0x00, 0xbb, 0xcc, 0x24, 0x00, 0xbb, 0xbb, 0x24, 
	0x00, 0xbb, 0xbb, 0x24, 0x11, 0xee, 0xee, 0x24, 
	0x11, 0xee, 0xee, 0x24, 0x00, 0xaa, 0xbb, 0x24, 
	0x00, 0xbb, 0xbb, 0x24, 0x00, 0xbb, 0xcc, 0x24, 
	0x11, 0xee, 0xee, 0x24, 0x11, 0xee, 0xee, 0x24, 
	0x00, 0xaa, 0xbb, 0x24, 0x00, 0xcc, 0xdd, 0x24, 
	0x00, 0xcc, 0xcc, 0x24, 0x11, 0xdd, 0xee, 0x24, 
	0x11, 0xcc, 0xdd, 0x24, 0x11, 0xee, 0xee, 0x24, 
	0x00, 0xbb, 0xcc, 0x24, 0x00, 0xbb, 0xbb, 0x24, 
	0x00, 0xbb, 0xbb, 0x24, 0x11, 0xee, 0xee, 0x24, 
	0x11, 0xee, 0xee, 0x24, 0x00, 0xaa, 0xbb, 0x24, 
	0x00, 0xbb, 0xbb, 0x24, 0x00, 0xbb, 0xcc, 0x24, 
	0x11, 0xee, 0xee, 0x24, 0x21, 0x42, 0x42, 0xff, 
	0x52, 0x63, 0x73, 0xff, 0x00, 0xef, 0x00, 0xff, 
	0x00, 0x9c, 0x00, 0xff, 0x31, 0x42, 0x42, 0xff, 
	0x31, 0x42, 0x42, 0xff, 0x11, 0xcc, 0xdd, 0x24, 
	0x11, 0xdd, 0xdd, 0x24, 0x11, 0xbb, 0xcc, 0x24, 
	0x11, 0xdd, 0xee, 0x24, 0x11, 0xdd, 0xdd, 0x24, 
	0x11, 0xcc, 0xdd, 0x24, 0x11, 0xdd, 0xdd, 0x24, 
	0x11, 0xbb, 0xcc, 0x24, 0x11, 0xbb, 0xcc, 0x24, 
	0x11, 0xbb, 0xcc, 0x24, 0x11, 0xbb, 0xcc, 0x24, 
	0x11, 0xbb, 0xcc, 0x24, 0x11, 0xcc, 0xdd, 0x24, 
	0x11, 0xee, 0xee, 0x24, 0x11, 0xcc, 0xdd, 0x24, 
	0x11, 0xcc, 0xdd, 0x24, 0x11, 0xcc, 0xdd, 0x24, 
	0x11, 0xdd, 0xdd, 0x24, 0x11, 0xbb, 0xcc, 0x24, 
	0x11, 0xdd, 0xee, 0x24, 0x11, 0xdd, 0xdd, 0x24, 
	0x11, 0xcc, 0xdd, 0x24, 0x11, 0xdd, 0xdd, 0x24, 
	0x11, 0xbb, 0xcc, 0x24, 0x11, 0xbb, 0xcc, 0x24, 
	0x11, 0xbb, 0xcc, 0x24, 0x21, 0x42, 0x42, 0xff, 
	0x52, 0x73, 0x73, 0xff, 0x00, 0xef, 0x00, 0xff, 
	0x00, 0xad, 0x00, 0xff, 0x21, 0x31, 0x42, 0xff, 
	0x21, 0x31, 0x42, 0xff, 0x22, 0xcc, 0xdd, 0x49, 
	0x22, 0xcc, 0xdd, 0x49, 0x11, 0xaa, 0xcc, 0x49, 
	0x22, 0xdd, 0xee, 0x49, 0x22, 0xdd, 0xee, 0x49, 
	0x22, 0xcc, 0xdd, 0x49, 0x22, 0xdd, 0xee, 0x49, 
	0x11, 0xbb, 0xcc, 0x49, 0x22, 0xbb, 0xcc, 0x49, 
	0x11, 0xbb, 0xcc, 0x24, 0x11, 0xbb, 0xcc, 0x49, 
	0x11, 0xbb, 0xcc, 0x49, 0x22, 0xcc, 0xdd, 0x49, 
	0x22, 0xdd, 0xee, 0x49, 0x22, 0xcc, 0xdd, 0x49, 
	0x22, 0xcc, 0xdd, 0x49, 0x22, 0xcc, 0xdd, 0x49, 
	0x22, 0xcc, 0xdd, 0x49, 0x11, 0xaa, 0xcc, 0x49, 
	0x22, 0xdd, 0xee, 0x49, 0x22, 0xdd, 0xee, 0x24, 
	0x22, 0xcc, 0xdd, 0x49, 0x22, 0xdd, 0xee, 0x49, 
	0x11, 0xbb, 0xcc, 0x49, 0x22, 0xbb, 0xcc, 0x49, 
	0x11, 0xbb, 0xcc, 0x49, 0x31, 0x42, 0x42, 0xff, 
	0x52, 0x63, 0x73, 0xff, 0x00, 0xef, 0x00, 0xff, 
	0x00, 0xad, 0x00, 0xff, 0x21, 0x42, 0x42, 0xff, 
	0x21, 0x31, 0x42, 0xff, 0x22, 0x99, 0xbb, 0x49, 
	0x22, 0x99, 0xbb, 0x49, 0x22, 0xaa, 0xbb, 0x49, 
	0x22, 0xaa, 0xbb, 0x49, 0x22, 0xbb, 0xdd, 0x49, 
	0x22, 0xaa, 0xcc, 0x49, 0x22, 0x99, 0xbb, 0x49, 
	0x22, 0xaa, 0xcc, 0x49, 0x22, 0xaa, 0xcc, 0x49, 
	0x22, 0x99, 0xbb, 0x49, 0x22, 0xaa, 0xcc, 0x49, 
	0x22, 0xbb, 0xcc, 0x49, 0x22, 0xbb, 0xdd, 0x49, 
	0x22, 0xbb, 0xcc, 0x49, 0x22, 0xcc, 0xdd, 0x49, 
	0x22, 0xbb, 0xdd, 0x49, 0x22, 0x99, 0xbb, 0x49, 
	0x22, 0x99, 0xbb, 0x49, 0x22, 0xaa, 0xbb, 0x49, 
	0x22, 0xaa, 0xbb, 0x49, 0x22, 0xbb, 0xdd, 0x49, 
	0x22, 0xaa, 0xcc, 0x49, 0x22, 0xaa, 0xbb, 0x49, 
	0x22, 0xaa, 0xcc, 0x49, 0x22, 0xaa, 0xcc, 0x49, 
	0x22, 0x99, 0xbb, 0x49, 0x21, 0x31, 0x42, 0xff, 
	0x52, 0x63, 0x73, 0xff, 0x00, 0xff, 0x00, 0xff, 
	0x00, 0x63, 0x00, 0xff, 0x21, 0x31, 0x42, 0xff, 
	0x21, 0x31, 0x31, 0xff, 0x22, 0x99, 0xbb, 0x49, 
	0x44, 0xdd, 0xee, 0x49, 0x44, 0xdd, 0xee, 0x49, 
	0x33, 0xcc, 0xdd, 0x49, 0x22, 0x99, 0xbb, 0x49, 
	0x22, 0x99, 0xbb, 0x49, 0x33, 0xcc, 0xee, 0x49, 
	0x33, 0xcc, 0xdd, 0x49, 0x44, 0xdd, 0xee, 0x49, 
	0x33, 0xbb, 0xdd, 0x49, 0x22, 0xaa, 0xcc, 0x49, 
	0x22, 0xaa, 0xcc, 0x49, 0x33, 0xcc, 0xdd, 0x49, 
	0x44, 0xdd, 0xee, 0x49, 0x22, 0x99, 0xbb, 0x49, 
	0x22, 0x99, 0xcc, 0x49, 0x22, 0x99, 0xbb, 0x49, 
	0x44, 0xdd, 0xee, 0x49, 0x44, 0xdd, 0xee, 0x49, 
	0x33, 0xcc, 0xdd, 0x49, 0x22, 0x99, 0xbb, 0x49, 
	0x22, 0x99, 0xbb, 0x49, 0x33, 0xcc, 0xee, 0x49, 
	0x33, 0xcc, 0xdd, 0x49, 0x44, 0xdd, 0xee, 0x49, 
	0x33, 0xbb, 0xdd, 0x49, 0x21, 0x31, 0x42, 0xff, 
	0x52, 0x63, 0x73, 0xff, 0x00, 0xad, 0x00, 0xff, 
	0x00, 0x9c, 0x00, 0xff, 0x21, 0x31, 0x42, 0xff, 
	0x21, 0x31, 0x42, 0xff, 0x33, 0xbb, 0xdd, 0x49, 
	0x33, 0xbb, 0xdd, 0x49, 0x44, 0xcc, 0xdd, 0x49, 
	0x44, 0xcc, 0xdd, 0x49, 0x33, 0xaa, 0xcc, 0x49, 
	0x33, 0xaa, 0xcc, 0x49, 0x44, 0xbb, 0xdd, 0x49, 
	0x33, 0xbb, 0xdd, 0x49, 0x33, 0xaa, 0xcc, 0x49, 
	0x33, 0x99, 0xcc, 0x49, 0x44, 0xcc, 0xee, 0x49, 
	0x33, 0x99, 0xcc, 0x49, 0x33, 0x99, 0xcc, 0x49, 
	0x33, 0x99, 0xcc, 0x49, 0x33, 0x99, 0xcc, 0x49, 
	0x22, 0x99, 0xbb, 0x49, 0x33, 0xbb, 0xdd, 0x49, 
	0x33, 0xbb, 0xdd, 0x49, 0x44, 0xcc, 0xdd, 0x49, 
	0x44, 0xcc, 0xdd, 0x49, 0x33, 0xaa, 0xcc, 0x49, 
	0x33, 0xaa, 0xcc, 0x49, 0x44, 0xbb, 0xdd, 0x49, 
	0x33, 0xbb, 0xdd, 0x49, 0x33, 0xaa, 0xcc, 0x49, 
	0x33, 0x99, 0xcc, 0x49, 0x10, 0x21, 0x21, 0xff, 
	0x42, 0x63, 0x63, 0xff, 0x00, 0xde, 0x00, 0xff, 
	0x00, 0x8c, 0x00, 0xff, 0x21, 0x31, 0x42, 0xff, 
	0x21, 0x42, 0x42, 0xff, 0x33, 0x99, 0xcc, 0x6d, 
	0x44, 0xaa, 0xdd, 0x6d, 0x44, 0xcc, 0xdd, 0x6d, 
	0x44, 0xcc, 0xdd, 0x6d, 0x33, 0x99, 0xcc, 0x6d, 
	0x44, 0xbb, 0xdd, 0x6d, 0x44, 0xbb, 0xdd, 0x6d, 
	0x44, 0xaa, 0xcc, 0x6d, 0x44, 0x99, 0xcc, 0x6d, 
	0x33, 0x88, 0xbb, 0x6d, 0x44, 0xcc, 0xee, 0x6d, 
	0x33, 0x88, 0xcc, 0x6d, 0x33, 0x99, 0xcc, 0x6d, 
	0x44, 0x99, 0xcc, 0x6d, 0x33, 0x99, 0xcc, 0x6d, 
	0x33, 0x88, 0xbb, 0x6d, 0x33, 0x99, 0xcc, 0x6d, 
	0x44, 0xaa, 0xdd, 0x6d, 0x44, 0xcc, 0xdd, 0x6d, 
	0x44, 0xcc, 0xdd, 0x6d, 0x33, 0x99, 0xcc, 0x6d, 
	0x44, 0xaa, 0xdd, 0x6d, 0x44, 0xbb, 0xdd, 0x6d, 
	0x44, 0xaa, 0xcc, 0x6d, 0x44, 0x99, 0xcc, 0x6d, 
	0x33, 0x88, 0xbb, 0x6d, 0x21, 0x31, 0x42, 0xff, 
	0x52, 0x63, 0x73, 0xff, 0x00, 0xce, 0x00, 0xff, 
	0x00, 0x31, 0x10, 0xff, 0x21, 0x42, 0x42, 0xff, 
	0x10, 0x42, 0x42, 0xff, 0x33, 0x77, 0xbb, 0x6d, 
	0x33, 0x88, 0xbb, 0x6d, 0x55, 0xaa, 0xdd, 0x6d, 
	0x44, 0x88, 0xbb, 0x6d, 0x33, 0x77, 0xbb, 0x6d, 
	0x33, 0x77, 0xbb, 0x6d, 0x44, 0x99, 0xdd, 0x6d, 
	0x44, 0x99, 0xcc, 0x6d, 0x44, 0x88, 0xcc, 0x6d, 
	0x44, 0x88, 0xcc, 0x6d, 0x44, 0x88, 0xcc, 0x6d, 
	0x44, 0xaa, 0xdd, 0x6d, 0x44, 0x88, 0xcc, 0x6d, 
	0x44, 0x88, 0xcc, 0x6d, 0x44, 0x88, 0xcc, 0x6d, 
	0x33, 0x77, 0xbb, 0x6d, 0x33, 0x77, 0xbb, 0x6d, 
	0x33, 0x88, 0xbb, 0x6d, 0x55, 0xaa, 0xdd, 0x6d, 
	0x44, 0x88, 0xbb, 0x6d, 0x33, 0x77, 0xbb, 0x6d, 
	0x33, 0x77, 0xbb, 0x6d, 0x44, 0x99, 0xdd, 0x6d, 
	0x44, 0x99, 0xcc, 0x6d, 0x44, 0x88, 0xcc, 0x6d, 
	0x44, 0x88, 0xcc, 0x6d, 0x21, 0x42, 0x42, 0xff, 
	0x52, 0x73, 0x73, 0xff, 0x00, 0x42, 0x10, 0xff, 
	0x00, 0x9c, 0x00, 0xff, 0x21, 0x42, 0x52, 0xff, 
	0x10, 0x42, 0x42, 0xff, 0x77, 0xbb, 0xee, 0x6d, 
	0x44, 0x77, 0xbb, 0x6d, 0x44, 0x77, 0xbb, 0x6d, 
	0x44, 0x77, 0xbb, 0x6d, 0x77, 0xcc, 0xee, 0x6d, 
	0x77, 0xcc, 0xee, 0x6d, 0x44, 0x77, 0xbb, 0x6d, 
	0x44, 0x88, 0xcc, 0x6d, 0x55, 0x99, 0xdd, 0x6d, 
	0x77, 0xcc, 0xee, 0x6d, 0x77, 0xcc, 0xee, 0x6d, 
	0x44, 0x77, 0xbb, 0x6d, 0x44, 0x77, 0xbb, 0x6d, 
	0x44, 0x77, 0xbb, 0x6d, 0x44, 0x77, 0xbb, 0x6d, 
	0x66, 0xaa, 0xee, 0x6d, 0x77, 0xbb, 0xee, 0x6d, 
	0x44, 0x77, 0xbb, 0x6d, 0x44, 0x77, 0xbb, 0x6d, 
	0x44, 0x77, 0xbb, 0x6d, 0x77, 0xcc, 0xee, 0x6d, 
	0x77, 0xcc, 0xee, 0x6d, 0x44, 0x77, 0xbb, 0x6d, 
	0x44, 0x88, 0xcc, 0x6d, 0x55, 0x88, 0xdd, 0x6d, 
	0x77, 0xcc, 0xee, 0x6d, 0x21, 0x42, 0x52, 0xff, 
	0x52, 0x73, 0x8c, 0xff, 0x00, 0xce, 0x00, 0xff, 
	0x00, 0xad, 0x00, 0xff, 0x21, 0x42, 0x42, 0xff, 
	0x10, 0x42, 0x42, 0xff, 0x55, 0x77, 0xcc, 0x92, 
	0x77, 0x99, 0xdd, 0x92, 0x44, 0x66, 0xbb, 0x92, 
	0x66, 0x88, 0xdd, 0x92, 0x66, 0x88, 0xdd, 0x92, 
	0x66, 0x88, 0xcc, 0x92, 0x66, 0x88, 0xdd, 0x92, 
	0x55, 0x77, 0xcc, 0x92, 0x55, 0x77, 0xcc, 0x92, 
	0x55, 0x66, 0xcc, 0x92, 0x55, 0x66, 0xbb, 0x92, 
	0x55, 0x66, 0xbb, 0x92, 0x44, 0x66, 0xbb, 0x92, 
	0x66, 0x88, 0xdd, 0x92, 0x55, 0x77, 0xcc, 0x92, 
	0x55, 0x77, 0xcc, 0x92, 0x55, 0x77, 0xcc, 0x92, 
	0x77, 0x99, 0xdd, 0x92, 0x44, 0x66, 0xbb, 0x92, 
	0x66, 0x88, 0xdd, 0x92, 0x66, 0x88, 0xdd, 0x92, 
	0x66, 0x88, 0xcc, 0x92, 0x66, 0x88, 0xdd, 0x92, 
	0x55, 0x77, 0xcc, 0x92, 0x55, 0x77, 0xcc, 0x92, 
	0x55, 0x66, 0xcc, 0x92, 0x10, 0x42, 0x42, 0xff, 
	0x52, 0x73, 0x8c, 0xff, 0x00, 0xde, 0x00, 0xff, 
	0x00, 0x10, 0x00, 0xff, 0x10, 0x42, 0x52, 0xff, 
	0x10, 0x42, 0x52, 0xff, 0x66, 0x77, 0xcc, 0x92, 
	0x77, 0x77, 0xdd, 0x92, 0x55, 0x66, 0xbb, 0x92, 
	0x77, 0x88, 0xdd, 0x92, 0x66, 0x77, 0xdd, 0x92, 
	0x66, 0x77, 0xcc, 0x92, 0x77, 0x88, 0xdd, 0x92, 
	0x55, 0x66, 0xcc, 0x92, 0x66, 0x66, 0xcc, 0x92, 
	0x55, 0x66, 0xcc, 0x92, 0x55, 0x66, 0xbb, 0x92, 
	0x55, 0x66, 0xbb, 0x92, 0x55, 0x66, 0xbb, 0x92, 
	0x66, 0x88, 0xdd, 0x92, 0x66, 0x66, 0xcc, 0x92, 
	0x66, 0x66, 0xcc, 0x92, 0x66, 0x77, 0xcc, 0x92, 
	0x77, 0x77, 0xdd, 0x92, 0x55, 0x66, 0xbb, 0x92, 
	0x77, 0x77, 0xdd, 0x92, 0x66, 0x77, 0xdd, 0x92, 
	0x66, 0x77, 0xcc, 0x92, 0x77, 0x88, 0xdd, 0x92, 
	0x55, 0x66, 0xcc, 0x92, 0x66, 0x66, 0xcc, 0x92, 
	0x55, 0x66, 0xcc, 0x92, 0x10, 0x42, 0x52, 0xff, 
	0x52, 0x8c, 0x8c, 0xff, 0x00, 0x00, 0x00, 0xff, 
	0x00, 0x21, 0x00, 0xff, 0x00, 0x31, 0x31, 0xff, 
	0x21, 0x42, 0x52, 0xff, 0x55, 0x55, 0xcc, 0x92, 
	0x55, 0x55, 0xbb, 0x92, 0x55, 0x55, 0xbb, 0x92, 
	0x55, 0x55, 0xbb, 0x92, 0x66, 0x66, 0xcc, 0x92, 
	0x66, 0x66, 0xcc, 0x92, 0x55, 0x66, 0xbb, 0x92, 
	0x66, 0x66, 0xcc, 0x92, 0x66, 0x66, 0xcc, 0x92, 
	0x55, 0x55, 0xbb, 0x92, 0x55, 0x55, 0xbb, 0x92, 
	0x66, 0x66, 0xcc, 0x92, 0x55, 0x55, 0xbb, 0x92, 
	0x55, 0x55, 0xbb, 0x92, 0x66, 0x66, 0xcc, 0x92, 
	0x66, 0x66, 0xcc, 0x92, 0x55, 0x55, 0xcc, 0x92, 
	0x55, 0x55, 0xbb, 0x92, 0x55, 0x55, 0xbb, 0x92, 
	0x55, 0x55, 0xbb, 0x92, 0x66, 0x66, 0xcc, 0x92, 
	0x66, 0x66, 0xcc, 0x92, 0x55, 0x66, 0xbb, 0x92, 
	0x66, 0x66, 0xcc, 0x92, 0x66, 0x66, 0xcc, 0x92, 
	0x55, 0x55, 0xbb, 0x92, 0x21, 0x42, 0x52, 0xff, 
	0x52, 0x8c, 0x8c, 0xff, 0x00, 0x00, 0x00, 0xff, 
	0x10, 0x31, 0x10, 0xff, 0x10, 0x42, 0x52, 0xff, 
	0x10, 0x42, 0x52, 0xff, 0x55, 0x55, 0xbb, 0x92, 
	0x99, 0x88, 0xee, 0x92, 0x99, 0x88, 0xee, 0x92, 
	0x66, 0x55, 0xbb, 0x92, 0x66, 0x55, 0xbb, 0x92, 
	0x66, 0x55, 0xbb, 0x92, 0x77, 0x77, 0xdd, 0x92, 
	0x99, 0x88, 0xee, 0x92, 0x77, 0x77, 0xdd, 0x92, 
	0x66, 0x66, 0xcc, 0x92, 0x66, 0x66, 0xcc, 0x92, 
	0x55, 0x55, 0xbb, 0x92, 0x99, 0x77, 0xee, 0x92, 
	0x99, 0x88, 0xee, 0x92, 0x55, 0x55, 0xbb, 0x92, 
	0x55, 0x55, 0xbb, 0x92, 0x55, 0x55, 0xbb, 0x92, 
	0x99, 0x88, 0xee, 0x92, 0x99, 0x88, 0xee, 0x92, 
	0x66, 0x55, 0xbb, 0x92, 0x66, 0x55, 0xbb, 0x92, 
	0x66, 0x55, 0xbb, 0x92, 0x77, 0x77, 0xdd, 0x92, 
	0x99, 0x88, 0xee, 0x92, 0x77, 0x77, 0xdd, 0x92, 
	0x66, 0x66, 0xcc, 0x92, 0x10, 0x31, 0x42, 0xff, 
	0x52, 0x73, 0x8c, 0xff, 0x00, 0x00, 0x00, 0xff, 
	0x21, 0x31, 0x21, 0xff, 0x10, 0x31, 0x42, 0xff, 
	0x10, 0x42, 0x52, 0xff, 0x77, 0x66, 0xdd, 0x92, 
	0x77, 0x66, 0xdd, 0x92, 0x77, 0x66, 0xdd, 0x92, 
	0x77, 0x66, 0xdd, 0x92, 0x66, 0x55, 0xcc, 0x92, 
	0x77, 0x66, 0xcc, 0x92, 0x66, 0x55, 0xcc, 0x92, 
	0x66, 0x55, 0xcc, 0x92, 0x66, 0x55, 0xbb, 0x92, 
	0x66, 0x55, 0xcc, 0x92, 0x99, 0x77, 0xee, 0x92, 
	0x66, 0x55, 0xbb, 0x92, 0x66, 0x55, 0xcc, 0x92, 
	0x66, 0x55, 0xcc, 0x92, 0x77, 0x66, 0xdd, 0x92, 
	0x66, 0x55, 0xbb, 0x92, 0x77, 0x66, 0xdd, 0x92, 
	0x77, 0x66, 0xdd, 0x92, 0x77, 0x66, 0xdd, 0x92, 
	0x77, 0x66, 0xdd, 0x92, 0x66, 0x55, 0xcc, 0x92, 
	0x77, 0x66, 0xcc, 0x92, 0x66, 0x55, 0xcc, 0x92, 
	0x66, 0x55, 0xcc, 0x92, 0x66, 0x55, 0xbb, 0x92, 
	0x66, 0x55, 0xcc, 0x92, 0x00, 0x31, 0x42, 0xff, 
	0x42, 0x63, 0x63, 0xff, 0x00, 0x00, 0x00, 0xff, 
	0x10, 0x31, 0x10, 0xff, 0x10, 0x42, 0x42, 0xff, 
	0x10, 0x31, 0x42, 0xff, 0x66, 0x66, 0xdd, 0x92, 
	0x88, 0x77, 0xdd, 0x92, 0x88, 0x77, 0xdd, 0x92, 
	0x77, 0x77, 0xdd, 0x92, 0x66, 0x66, 0xdd, 0x92, 
	0x66, 0x66, 0xcc, 0x92, 0x77, 0x66, 0xcc, 0x92, 
	0x77, 0x66, 0xcc, 0x92, 0x77, 0x66, 0xcc, 0x92, 
	0x66, 0x66, 0xcc, 0x92, 0x88, 0x77, 0xee, 0x92, 
	0x77, 0x66, 0xdd, 0x92, 0x77, 0x66, 0xdd, 0x92, 
	0x77, 0x66, 0xdd, 0x92, 0x77, 0x66, 0xdd, 0x92, 
	0x77, 0x66, 0xdd, 0x92, 0x66, 0x66, 0xdd, 0x92, 
	0x88, 0x77, 0xdd, 0x92, 0x88, 0x77, 0xdd, 0x92, 
	0x77, 0x77, 0xdd, 0x92, 0x66, 0x66, 0xdd, 0x92, 
	0x66, 0x66, 0xcc, 0x92, 0x77, 0x66, 0xcc, 0x92, 
	0x77, 0x66, 0xcc, 0x92, 0x77, 0x66, 0xcc, 0x92, 
	0x66, 0x66, 0xcc, 0x92, 0x00, 0x31, 0x31, 0xff, 
	0x42, 0x73, 0x8c, 0xff, 0x00, 0x00, 0x00, 0xff, 
	0x10, 0x31, 0x21, 0xff, 0x00, 0x31, 0x31, 0xff, 
	0x00, 0x31, 0x31, 0xff, 0x66, 0x77, 0xcc, 0x92, 
	0x66, 0x77, 0xdd, 0x92, 0x77, 0x77, 0xdd, 0x92, 
	0x55, 0x66, 0xbb, 0x92, 0x55, 0x55, 0xbb, 0x92, 
	0x55, 0x66, 0xbb, 0x92, 0x66, 0x66, 0xcc, 0x92, 
	0x66, 0x66, 0xcc, 0x92, 0x66, 0x66, 0xcc, 0x92, 
	0x55, 0x66, 0xcc, 0x92, 0x55, 0x66, 0xcc, 0x92, 
	0x66, 0x66, 0xcc, 0x92, 0x77, 0x77, 0xcc, 0x92, 
	0x55, 0x55, 0xbb, 0x92, 0x66, 0x66, 0xcc, 0x92, 
	0x66, 0x77, 0xcc, 0x92, 0x66, 0x77, 0xcc, 0x92, 
	0x66, 0x77, 0xdd, 0x92, 0x77, 0x77, 0xdd, 0x92, 
	0x55, 0x55, 0xbb, 0x92, 0x55, 0x66, 0xbb, 0x92, 
	0x55, 0x66, 0xbb, 0x92, 0x66, 0x66, 0xcc, 0x92, 
	0x66, 0x66, 0xcc, 0x92, 0x66, 0x66, 0xcc, 0x92, 
	0x55, 0x66, 0xcc, 0x92, 0x00, 0x31, 0x31, 0xff, 
	0x42, 0x63, 0x63, 0xff, 0x00, 0x00, 0x00, 0xff, 
	0x00, 0x00, 0x00, 0xff, 0x00, 0x31, 0x31, 0xff, 
	0x00, 0x31, 0x21, 0xff, 0x88, 0xaa, 0xee, 0x92, 
	0x55, 0x66, 0xcc, 0x92, 0x55, 0x66, 0xbb, 0x92, 
	0x55, 0x66, 0xbb, 0x92, 0x88, 0xaa, 0xee, 0x92, 
	0x88, 0xaa, 0xee, 0x92, 0x55, 0x66, 0xbb, 0x92, 
	0x55, 0x66, 0xbb, 0x92, 0x55, 0x66, 0xcc, 0x92, 
	0x88, 0xaa, 0xee, 0x92, 0x88, 0xaa, 0xee, 0x92, 
	0x55, 0x66, 0xbb, 0x92, 0x55, 0x77, 0xdd, 0x92, 
	0x66, 0x77, 0xcc, 0x92, 0x77, 0x88, 0xee, 0x92, 
	0x66, 0x77, 0xdd, 0x92, 0x88, 0xaa, 0xee, 0x92, 
	0x55, 0x66, 0xcc, 0x92, 0x55, 0x66, 0xbb, 0x92, 
	0x55, 0x66, 0xbb, 0x92, 0x88, 0xaa, 0xee, 0x92, 
	0x88, 0xaa, 0xee, 0x92, 0x55, 0x66, 0xbb, 0x92, 
	0x55, 0x66, 0xbb, 0x92, 0x55, 0x66, 0xcc, 0x92, 
	0x88, 0xaa, 0xee, 0x92, 0x00, 0x21, 0x21, 0xff, 
	0x31, 0x63, 0x73, 0xff, 0x00, 0x00, 0x00, 0xff, 
	0x00, 0x9c, 0x31, 0xff, 0x00, 0x31, 0x31, 0xff, 
	0x00, 0x21, 0x31, 0xff, 0x66, 0x99, 0xdd, 0x6d, 
	0x66, 0x99, 0xdd, 0x6d, 0x44, 0x77, 0xcc, 0x6d, 
	0x66, 0x99, 0xdd, 0x6d, 0x66, 0x99, 0xdd, 0x6d, 
	0x66, 0x88, 0xdd, 0x6d, 0x66, 0x99, 0xdd, 0x6d, 
	0x55, 0x77, 0xcc, 0x6d, 0x55, 0x77, 0xcc, 0x6d, 
	0x55, 0x77, 0xcc, 0x6d, 0x55, 0x77, 0xcc, 0x6d, 
	0x55, 0x77, 0xcc, 0x6d, 0x55, 0x88, 0xdd, 0x6d, 
	0x77, 0xbb, 0xee, 0x6d, 0x55, 0x88, 0xcc, 0x6d, 
	0x55, 0x88, 0xcc, 0x6d, 0x66, 0x88, 0xdd, 0x6d, 
	0x66, 0x99, 0xdd, 0x6d, 0x44, 0x77, 0xcc, 0x6d, 
	0x66, 0x99, 0xdd, 0x6d, 0x66, 0x99, 0xdd, 0x6d, 
	0x66, 0x88, 0xdd, 0x6d, 0x66, 0x99, 0xdd, 0x6d, 
	0x55, 0x77, 0xcc, 0x6d, 0x55, 0x77, 0xcc, 0x6d, 
	0x55, 0x77, 0xcc, 0x6d, 0x00, 0x21, 0x31, 0xff, 
	0x31, 0x63, 0x63, 0xff, 0x00, 0xff, 0x8c, 0xff, 
	0x00, 0xad, 0x42, 0xff, 0x00, 0x21, 0x31, 0xff, 
	0x00, 0x21, 0x31, 0xff, 0x55, 0x99, 0xdd, 0x6d, 
	0x66, 0x99, 0xdd, 0x6d, 0x44, 0x77, 0xbb, 0x6d, 
	0x66, 0xaa, 0xee, 0x6d, 0x66, 0xaa, 0xdd, 0x6d, 
	0x55, 0xaa, 0xdd, 0x6d, 0x66, 0xbb, 0xee, 0x6d, 
	0x44, 0x88, 0xcc, 0x6d, 0x55, 0x88, 0xcc, 0x6d, 
	0x44, 0x88, 0xcc, 0x6d, 0x44, 0x88, 0xcc, 0x6d, 
	0x44, 0x88, 0xcc, 0x6d, 0x55, 0x99, 0xdd, 0x6d, 
	0x66, 0xbb, 0xee, 0x6d, 0x55, 0x99, 0xcc, 0x6d, 
	0x55, 0x99, 0xdd, 0x6d, 0x55, 0x99, 0xdd, 0x6d, 
	0x66, 0x99, 0xdd, 0x6d, 0x44, 0x77, 0xbb, 0x6d, 
	0x66, 0xaa, 0xdd, 0x6d, 0x66, 0xaa, 0xdd, 0x6d, 
	0x55, 0xaa, 0xdd, 0x6d, 0x66, 0xbb, 0xee, 0x6d, 
	0x44, 0x88, 0xcc, 0x6d, 0x55, 0x88, 0xcc, 0x6d, 
	0x44, 0x88, 0xcc, 0x6d, 0x00, 0x21, 0x21, 0xff, 
	0x31, 0x63, 0x73, 0xff, 0x00, 0xff, 0x9c, 0xff, 
	0x00, 0xbd, 0x52, 0xff, 0x00, 0x21, 0x21, 0xff, 
	0x00, 0x31, 0x42, 0xff, 0x33, 0x77, 0xbb, 0x6d, 
	0x33, 0x88, 0xbb, 0x6d, 0x33, 0x88, 0xbb, 0x6d, 
	0x33, 0x88, 0xbb, 0x6d, 0x44, 0x99, 0xdd, 0x6d, 
	0x33, 0x88, 0xbb, 0x6d, 0x33, 0x88, 0xbb, 0x6d, 
	0x33, 0x88, 0xcc, 0x6d, 0x33, 0x88, 0xcc, 0x6d, 
	0x33, 0x77, 0xbb, 0x6d, 0x44, 0x88, 0xcc, 0x6d, 
	0x44, 0x99, 0xcc, 0x6d, 0x44, 0x99, 0xdd, 0x6d, 
	0x44, 0x99, 0xcc, 0x6d, 0x44, 0xaa, 0xdd, 0x6d, 
	0x44, 0x99, 0xdd, 0x6d, 0x33, 0x77, 0xbb, 0x6d, 
	0x33, 0x88, 0xbb, 0x6d, 0x33, 0x88, 0xbb, 0x6d, 
	0x33, 0x88, 0xbb, 0x6d, 0x44, 0x99, 0xdd, 0x6d, 
	0x33, 0x88, 0xbb, 0x6d, 0x33, 0x88, 0xbb, 0x6d, 
	0x33, 0x88, 0xcc, 0x6d, 0x33, 0x88, 0xcc, 0x6d, 
	0x33, 0x77, 0xbb, 0x6d, 0x00, 0x21, 0x21, 0xff, 
	0x31, 0x52, 0x63, 0xff, 0x00, 0xff, 0xad, 0xff, 
	0x00, 0xbd, 0x52, 0xff, 0x00, 0x21, 0x21, 0xff, 
	0x00, 0x21, 0x21, 0xff, 0x33, 0x88, 0xbb, 0x6d, 
	0x55, 0xdd, 0xee, 0x49, 0x55, 0xdd, 0xee, 0x6d, 
	0x44, 0xbb, 0xdd, 0x49, 0x33, 0x88, 0xbb, 0x6d, 
	0x33, 0x88, 0xbb, 0x6d, 0x44, 0xcc, 0xee, 0x49, 
	0x44, 0xcc, 0xdd, 0x6d, 0x55, 0xcc, 0xee, 0x49, 
	0x33, 0xaa, 0xdd, 0x6d, 0x33, 0x99, 0xcc, 0x6d, 
	0x33, 0x99, 0xcc, 0x49, 0x44, 0xbb, 0xdd, 0x49, 
	0x55, 0xdd, 0xee, 0x49, 0x33, 0x88, 0xbb, 0x6d, 
	0x33, 0x99, 0xcc, 0x49, 0x33, 0x88, 0xbb, 0x49, 
	0x55, 0xdd, 0xee, 0x6d, 0x55, 0xdd, 0xee, 0x49, 
	0x44, 0xbb, 0xdd, 0x49, 0x33, 0x88, 0xbb, 0x6d, 
	0x33, 0x88, 0xbb, 0x49, 0x44, 0xcc, 0xee, 0x49, 
	0x44, 0xcc, 0xdd, 0x49, 0x55, 0xcc, 0xee, 0x6d, 
	0x33, 0xaa, 0xdd, 0x49, 0x00, 0x10, 0x21, 0xff, 
	0x21, 0x52, 0x52, 0xff, 0x00, 0xff, 0x9c, 0xff, 
	0x00, 0xbd, 0x52, 0xff, 0x00, 0x21, 0x21, 0xff, 
	0x00, 0x10, 0x10, 0xff, 0x33, 0xbb, 0xdd, 0x49, 
	0x33, 0xbb, 0xdd, 0x49, 0x33, 0xcc, 0xdd, 0x49, 
	0x33, 0xcc, 0xdd, 0x49, 0x33, 0xaa, 0xcc, 0x49, 
	0x33, 0xaa, 0xcc, 0x49, 0x33, 0xbb, 0xdd, 0x49, 
	0x33, 0xbb, 0xdd, 0x49, 0x33, 0xaa, 0xcc, 0x49, 
	0x33, 0xaa, 0xcc, 0x49, 0x44, 0xcc, 0xee, 0x49, 
	0x33, 0xaa, 0xcc, 0x49, 0x33, 0x99, 0xcc, 0x49, 
	0x33, 0xaa, 0xcc, 0x49, 0x33, 0xaa, 0xcc, 0x49, 
	0x22, 0x99, 0xbb, 0x49, 0x33, 0xbb, 0xdd, 0x49, 
	0x33, 0xbb, 0xdd, 0x49, 0x33, 0xcc, 0xdd, 0x49, 
	0x44, 0xcc, 0xdd, 0x49, 0x33, 0xaa, 0xcc, 0x49, 
	0x33, 0xaa, 0xcc, 0x49, 0x33, 0xbb, 0xdd, 0x49, 
	0x33, 0xbb, 0xdd, 0x49, 0x33, 0xaa, 0xcc, 0x49, 
	0x33, 0xaa, 0xcc, 0x49, 0x00, 0x10, 0x10, 0xff, 
	0x21, 0x42, 0x52, 0xff, 0x00, 0xff, 0xad, 0xff, 
	0x00, 0xbd, 0x52, 0xff, 0x00, 0x21, 0x21, 0xff, 
	0x00, 0x10, 0x21, 0xff, 0x22, 0xaa, 0xcc, 0x49, 
	0x33, 0xbb, 0xdd, 0x49, 0x33, 0xcc, 0xee, 0x49, 
	0x33, 0xcc, 0xee, 0x49, 0x22, 0xaa, 0xcc, 0x49, 
	0x33, 0xbb, 0xdd, 0x49, 0x33, 0xcc, 0xdd, 0x49, 
	0x33, 0xbb, 0xcc, 0x49, 0x33, 0xbb, 0xcc, 0x49, 
	0x22, 0x99, 0xbb, 0x49, 0x33, 0xcc, 0xee, 0x49, 
	0x22, 0xaa, 0xcc, 0x49, 0x22, 0xaa, 0xcc, 0x49, 
	0x22, 0xaa, 0xcc, 0x49, 0x22, 0xaa, 0xcc, 0x49, 
	0x22, 0x99, 0xbb, 0x49, 0x22, 0xaa, 0xcc, 0x49, 
	0x33, 0xbb, 0xdd, 0x49, 0x33, 0xcc, 0xdd, 0x49, 
	0x33, 0xcc, 0xee, 0x49, 0x22, 0xaa, 0xcc, 0x49, 
	0x33, 0xbb, 0xdd, 0x49, 0x33, 0xcc, 0xdd, 0x49, 
	0x33, 0xbb, 0xcc, 0x49, 0x33, 0xbb, 0xcc, 0x49, 
	0x22, 0x99, 0xbb, 0x49, 0x00, 0x10, 0x10, 0xff, 
	0x21, 0x52, 0x52, 0xff, 0x00, 0xff, 0x9c, 0xff, 
	0x00, 0xbd, 0x52, 0xff, 0x00, 0x10, 0x21, 0xff, 
	0x00, 0x10, 0x10, 0xff, 0x11, 0xaa, 0xbb, 0x49, 
	0x22, 0xaa, 0xbb, 0x49, 0x22, 0xcc, 0xdd, 0x49, 
	0x22, 0xaa, 0xbb, 0x49, 0x11, 0xaa, 0xbb, 0x49, 
	0x11, 0xaa, 0xbb, 0x49, 0x22, 0xcc, 0xdd, 0x49, 
	0x22, 0xbb, 0xcc, 0x49, 0x22, 0xbb, 0xcc, 0x49, 
	0x22, 0xaa, 0xcc, 0x49, 0x22, 0xbb, 0xcc, 0x49, 
	0x22, 0xcc, 0xdd, 0x49, 0x22, 0xaa, 0xcc, 0x49, 
	0x22, 0xbb, 0xcc, 0x49, 0x22, 0xbb, 0xcc, 0x49, 
	0x22, 0x99, 0xbb, 0x49, 0x11, 0xaa, 0xbb, 0x49, 
	0x22, 0xaa, 0xbb, 0x49, 0x22, 0xcc, 0xdd, 0x49, 
	0x22, 0xaa, 0xbb, 0x49, 0x11, 0xaa, 0xbb, 0x49, 
	0x22, 0xaa, 0xbb, 0x49, 0x22, 0xcc, 0xdd, 0x49, 
	0x22, 0xbb, 0xcc, 0x49, 0x22, 0xbb, 0xcc, 0x49, 
	0x22, 0xaa, 0xcc, 0x49, 0x00, 0x10, 0x10, 0xff, 
	0x21, 0x42, 0x52, 0xff, 0x00, 0xff, 0xad, 0xff, 
	0x00, 0xbd, 0x52, 0xff, 0x00, 0x10, 0x10, 0xff, 
	0x00, 0x00, 0x00, 0xff, 0x22, 0xdd, 0xee, 0x24, 
	0x11, 0xaa, 0xbb, 0x24, 0x11, 0xaa, 0xbb, 0x24, 
	0x11, 0xaa, 0xbb, 0x24, 0x22, 0xee, 0xee, 0x24, 
	0x22, 0xee, 0xee, 0x24, 0x11, 0xaa, 0xbb, 0x24, 
	0x11, 0xbb, 0xcc, 0x24, 0x11, 0xcc, 0xdd, 0x24, 
	0x22, 0xee, 0xee, 0x24, 0x22, 0xee, 0xee, 0x24, 
	0x11, 0xaa, 0xbb, 0x24, 0x11, 0xaa, 0xbb, 0x24, 
	0x11, 0xaa, 0xbb, 0x24, 0x11, 0xaa, 0xbb, 0x24, 
	0x22, 0xdd, 0xee, 0x24, 0x22, 0xdd, 0xee, 0x24, 
	0x11, 0xaa, 0xbb, 0x24, 0x11, 0xaa, 0xbb, 0x24, 
	0x11, 0xaa, 0xbb, 0x24, 0x22, 0xee, 0xee, 0x24, 
	0x22, 0xee, 0xee, 0x24, 0x11, 0xaa, 0xbb, 0x24, 
	0x11, 0xbb, 0xcc, 0x24, 0x11, 0xcc, 0xdd, 0x24, 
	0x22, 0xee, 0xee, 0x24, 0x00, 0x00, 0x00, 0xff, 
	0x21, 0x42, 0x52, 0xff, 0x00, 0xff, 0xad, 0xff, 
	0x00, 0xbd, 0x52, 0xff, 0x42, 0x63, 0x8c, 0xff, 
	0x52, 0x63, 0x8c, 0xff, 0x52, 0x63, 0x8c, 0xff, 
	0x52, 0x63, 0x8c, 0xff, 0x00, 0x88, 0x99, 0xdb, 
	0x11, 0xcc, 0xdd, 0x24, 0x11, 0xcc, 0xdd, 0x24, 
	0x11, 0xcc, 0xdd, 0x24, 0x11, 0xcc, 0xdd, 0x24, 
	0x11, 0xbb, 0xcc, 0x24, 0x11, 0xbb, 0xcc, 0x24, 
	0x11, 0xbb, 0xcc, 0x24, 0x11, 0xbb, 0xbb, 0x24, 
	0x11, 0xbb, 0xbb, 0x24, 0x11, 0xbb, 0xbb, 0x24, 
	0x11, 0xcc, 0xdd, 0x24, 0x11, 0xbb, 0xcc, 0x24, 
	0x11, 0xbb, 0xcc, 0x24, 0x11, 0xcc, 0xcc, 0x24, 
	0x11, 0xdd, 0xee, 0x24, 0x11, 0xbb, 0xbb, 0x24, 
	0x11, 0xcc, 0xdd, 0x24, 0x11, 0xcc, 0xdd, 0x24, 
	0x11, 0xcc, 0xdd, 0x24, 0x11, 0xcc, 0xdd, 0x24, 
	0x00, 0x10, 0x10, 0xff, 0x52, 0x73, 0x9c, 0xff, 
	0x52, 0x73, 0x9c, 0xff, 0x52, 0x73, 0x9c, 0xff, 
	0x52, 0x73, 0x9c, 0xff, 0x00, 0xff, 0x9c, 0xff, 
	0x00, 0xbd, 0x52, 0xff, 0x52, 0x63, 0x8c, 0xff, 
	0x42, 0x63, 0x73, 0xff, 0x42, 0x63, 0x73, 0xff, 
	0x52, 0x63, 0x73, 0xff, 0x42, 0x52, 0x63, 0xff, 
	0x00, 0xaa, 0xaa, 0xdb, 0x11, 0xcc, 0xdd, 0x24, 
	0x00, 0xcc, 0xdd, 0x24, 0x11, 0xdd, 0xee, 0x24, 
	0x00, 0xcc, 0xcc, 0x24, 0x00, 0xbb, 0xcc, 0x24, 
	0x00, 0xbb, 0xcc, 0x24, 0x00, 0xbb, 0xcc, 0x24, 
	0x00, 0xbb, 0xbb, 0x24, 0x00, 0xbb, 0xbb, 0x24, 
	0x00, 0xdd, 0xdd, 0x24, 0x00, 0xbb, 0xcc, 0x24, 
	0x00, 0xbb, 0xcc, 0x24, 0x00, 0xcc, 0xcc, 0x24, 
	0x11, 0xcc, 0xdd, 0x24, 0x00, 0xbb, 0xbb, 0x24, 
	0x11, 0xdd, 0xdd, 0x24, 0x11, 0xcc, 0xdd, 0x24, 
	0x00, 0xcc, 0xdd, 0x24, 0x10, 0x21, 0x21, 0xff, 
	0x42, 0x52, 0x63, 0xff, 0x52, 0x63, 0x73, 0xff, 
	0x42, 0x63, 0x73, 0xff, 0x52, 0x63, 0x8c, 0xff, 
	0x52, 0x63, 0x8c, 0xff, 0x00, 0xff, 0x9c, 0xff, 
	0x00, 0x63, 0x21, 0xff, 0x63, 0x73, 0x9c, 0xff, 
	0x52, 0x73, 0x8c, 0xff, 0x52, 0x63, 0x8c, 0xff, 
	0x52, 0x63, 0x73, 0xff, 0x42, 0x52, 0x63, 0xff, 
	0x42, 0x42, 0x52, 0xff, 0x21, 0x21, 0x31, 0xff, 
	0x10, 0x21, 0x31, 0xff, 0x21, 0x21, 0x31, 0xff, 
	0x21, 0x31, 0x31, 0xff, 0x21, 0x31, 0x31, 0xff, 
	0x21, 0x31, 0x31, 0xff, 0x21, 0x31, 0x31, 0xff, 
	0x21, 0x31, 0x31, 0xff, 0x21, 0x31, 0x31, 0xff, 
	0x21, 0x21, 0x31, 0xff, 0x21, 0x21, 0x31, 0xff, 
	0x21, 0x21, 0x31, 0xff, 0x21, 0x31, 0x42, 0xff, 
	0x21, 0x31, 0x31, 0xff, 0x21, 0x31, 0x42, 0xff, 
	0x21, 0x31, 0x31, 0xff, 0x21, 0x31, 0x31, 0xff, 
	0x21, 0x31, 0x42, 0xff, 0x42, 0x52, 0x63, 0xff, 
	0x42, 0x52, 0x73, 0xff, 0x52, 0x73, 0x8c, 0xff, 
	0x52, 0x73, 0x8c, 0xff, 0x52, 0x63, 0x73, 0xff, 
	0x63, 0x8c, 0x9c, 0xff, 0x00, 0xbd, 0x73, 0xff, 
	0x52, 0x52, 0x42, 0xff, 0x00, 0x00, 0x00, 0xff, 
	0x00, 0x00, 0x00, 0xff, 0x21, 0x31, 0x42, 0xff, 
	0x00, 0x00, 0x00, 0xff, 0x42, 0x42, 0x63, 0xff, 
	0x42, 0x42, 0x63, 0xff, 0x42, 0x52, 0x63, 0xff, 
	0x42, 0x52, 0x73, 0xff, 0x42, 0x52, 0x63, 0xff, 
	0x42, 0x52, 0x73, 0xff, 0x42, 0x63, 0x73, 0xff, 
	0x42, 0x63, 0x73, 0xff, 0x52, 0x63, 0x73, 0xff, 
	0x42, 0x63, 0x73, 0xff, 0x42, 0x52, 0x63, 0xff, 
	0x42, 0x52, 0x63, 0xff, 0x42, 0x52, 0x63, 0xff, 
	0x52, 0x52, 0x63, 0xff, 0x52, 0x52, 0x63, 0xff, 
	0x52, 0x52, 0x63, 0xff, 0x52, 0x52, 0x63, 0xff, 
	0x52, 0x52, 0x63, 0xff, 0x52, 0x63, 0x63, 0xff, 
	0x42, 0x52, 0x63, 0xff, 0x42, 0x52, 0x63, 0xff, 
	0x52, 0x52, 0x73, 0xff, 0x00, 0x00, 0x00, 0xff, 
	0x00, 0x00, 0x00, 0xff, 0x63, 0x8c, 0xad, 0xff, 
	0xff, 0xff, 0xff, 0xff, 0x63, 0x52, 0x52, 0xff, 
	0x63, 0x63, 0x52, 0xff, 0x00, 0x00, 0x00, 0xff, 
	0x00, 0x00, 0x00, 0xff, 0x21, 0x31, 0x31, 0xff, 
	0x00, 0x00, 0x00, 0xff, 0x00, 0x00, 0x00, 0xff, 
	0x42, 0x52, 0x63, 0xff, 0x42, 0x52, 0x63, 0xff, 
	0x42, 0x52, 0x73, 0xff, 0x42, 0x63, 0x73, 0xff, 
	0x42, 0x63, 0x73, 0xff, 0x52, 0x63, 0x8c, 0xff, 
	0x52, 0x63, 0x8c, 0xff, 0x42, 0x63, 0x8c, 0xff, 
	0x52, 0x63, 0x73, 0xff, 0x52, 0x63, 0x73, 0xff, 
	0x52, 0x63, 0x73, 0xff, 0x52, 0x63, 0x73, 0xff, 
	0x52, 0x52, 0x63, 0xff, 0x52, 0x63, 0x73, 0xff, 
	0x52, 0x63, 0x73, 0xff, 0x52, 0x63, 0x73, 0xff, 
	0x52, 0x63, 0x73, 0xff, 0x52, 0x63, 0x73, 0xff, 
	0x52, 0x63, 0x73, 0xff, 0x10, 0x21, 0x21, 0xff, 
	0x52, 0x73, 0x9c, 0xff, 0x00, 0x00, 0x00, 0xff, 
	0x00, 0x00, 0x00, 0xff, 0x63, 0x8c, 0xad, 0xff, 
	0xad, 0xad, 0xad, 0xff, 0x73, 0x73, 0x63, 0xff, 
	
};

ALIGNED8 u8 ow2_fc_miu128_fc004_ci4[] = {
	0x00, 0x00, 0x00, 0x00, 0x00, 0x00, 0x00, 0x00, 
	0x00, 0x00, 0x00, 0x00, 0x00, 0x00, 0x00, 0x00, 
	0x00, 0x00, 0x00, 0x00, 0x00, 0x00, 0x00, 0x00, 
	0x00, 0x00, 0x00, 0x00, 0x00, 0x00, 0x00, 0x00, 
	0x00, 0x00, 0x00, 0x00, 0x00, 0x00, 0x00, 0x00, 
	0x00, 0x00, 0x00, 0x00, 0x00, 0x00, 0x00, 0x00, 
	0x00, 0x00, 0x00, 0x00, 0x00, 0x00, 0x00, 0x00, 
	0x00, 0x00, 0x00, 0x01, 0x00, 0x00, 0x00, 0x00, 
	0x00, 0x00, 0x00, 0x00, 0x00, 0x00, 0x00, 0x00, 
	0x00, 0x00, 0x00, 0x00, 0x00, 0x00, 0x00, 0x00, 
	0x00, 0x00, 0x00, 0x00, 0x00, 0x00, 0x00, 0x00, 
	0x00, 0x02, 0x22, 0x22, 0x00, 0x00, 0x00, 0x00, 
	0x00, 0x00, 0x00, 0x00, 0x00, 0x00, 0x00, 0x00, 
	0x00, 0x00, 0x00, 0x00, 0x00, 0x00, 0x00, 0x00, 
	0x00, 0x00, 0x00, 0x00, 0x00, 0x00, 0x00, 0x00, 
	0x12, 0x22, 0x22, 0x22, 0x00, 0x00, 0x00, 0x00, 
	0x00, 0x00, 0x00, 0x00, 0x00, 0x00, 0x00, 0x00, 
	0x00, 0x00, 0x00, 0x00, 0x00, 0x00, 0x00, 0x00, 
	0x00, 0x00, 0x00, 0x00, 0x00, 0x00, 0x02, 0x22, 
	0x23, 0x22, 0x22, 0x22, 0x00, 0x00, 0x00, 0x00, 
	0x00, 0x00, 0x00, 0x00, 0x00, 0x00, 0x00, 0x00, 
	0x00, 0x00, 0x00, 0x00, 0x00, 0x00, 0x00, 0x00, 
	0x00, 0x00, 0x00, 0x00, 0x02, 0x42, 0x24, 0x12, 
	0x12, 0x32, 0x22, 0x22, 0x00, 0x00, 0x00, 0x00, 
	0x00, 0x00, 0x00, 0x00, 0x00, 0x00, 0x00, 0x00, 
	0x00, 0x00, 0x00, 0x00, 0x00, 0x00, 0x00, 0x00, 
	0x00, 0x00, 0x01, 0x22, 0x23, 0x42, 0x22, 0x25, 
	0x67, 0x72, 0x11, 0x12, 0x00, 0x00, 0x00, 0x00, 
	0x00, 0x00, 0x00, 0x00, 0x00, 0x00, 0x00, 0x00, 
	0x00, 0x00, 0x00, 0x00, 0x00, 0x00, 0x00, 0x00, 
	0x01, 0x23, 0x33, 0x33, 0x32, 0x89, 0x67, 0x66, 
	0x66, 0x61, 0x11, 0x14, 0x00, 0x00, 0x00, 0x00, 
	0x00, 0x00, 0x00, 0x00, 0x00, 0x00, 0x00, 0x00, 
	0x00, 0x00, 0x00, 0x00, 0x00, 0x00, 0x02, 0x23, 
	0x33, 0x33, 0x33, 0x35, 0x67, 0x76, 0x67, 0x76, 
	0x66, 0x61, 0x11, 0x11, 0x00, 0x00, 0x00, 0x00, 
	0x00, 0x00, 0x00, 0x00, 0x00, 0x00, 0x00, 0x00, 
	0x00, 0x00, 0x00, 0x00, 0x00, 0x23, 0x23, 0x13, 
	0x13, 0x38, 0x97, 0x66, 0x77, 0x67, 0x67, 0x66, 
	0x65, 0x31, 0x11, 0x11, 0x00, 0x00, 0x00, 0x00, 
	0x00, 0x00, 0x00, 0x00, 0x00, 0x00, 0x00, 0x00, 
	0x00, 0x00, 0x00, 0x12, 0x12, 0x22, 0x33, 0x33, 
	0x56, 0x76, 0x77, 0x77, 0x76, 0x66, 0x53, 0x31, 
	0x11, 0x11, 0x12, 0x12, 0x00, 0x00, 0x00, 0x00, 
	0x00, 0x00, 0x00, 0x00, 0x00, 0x00, 0x00, 0x00, 
	0x00, 0x02, 0x23, 0x31, 0x33, 0x22, 0x86, 0x77, 
	0x77, 0x77, 0x76, 0x76, 0x53, 0x11, 0x11, 0x11, 
	0x11, 0x21, 0x22, 0x20, 0x00, 0x00, 0x00, 0x00, 
	0x00, 0x00, 0x00, 0x00, 0x00, 0x00, 0x00, 0x01, 
	0x41, 0x22, 0x11, 0x11, 0x19, 0x77, 0x77, 0x77, 
	0x77, 0x76, 0x65, 0x31, 0x11, 0x11, 0x21, 0x12, 
	0x00, 0x00, 0x00, 0x00, 0x21, 0x85, 0x55, 0x08, 
	0x00, 0x00, 0x00, 0x00, 0x00, 0x01, 0x24, 0x81, 
	0x11, 0x12, 0x49, 0x67, 0x76, 0x77, 0x67, 0x76, 
	0x69, 0x53, 0x11, 0x41, 0x41, 0x20, 0x00, 0x00, 
	0x21, 0x22, 0x35, 0x55, 0x55, 0x55, 0x55, 0x55, 
	0x00, 0x00, 0x00, 0x01, 0x31, 0x12, 0x12, 0x11, 
	0x19, 0x77, 0x66, 0x66, 0x66, 0x66, 0x66, 0x69, 
	0x31, 0x11, 0x12, 0x11, 0x00, 0x00, 0x12, 0x21, 
	0x21, 0x44, 0x18, 0x55, 0x55, 0x55, 0xaa, 0xaa, 
	0x00, 0x00, 0x00, 0x14, 0x11, 0x12, 0x11, 0x67, 
	0x76, 0x66, 0x67, 0x66, 0x66, 0x66, 0x69, 0x32, 
	0x11, 0x11, 0x22, 0x00, 0x01, 0x41, 0x12, 0x11, 
	0x14, 0x44, 0xbc, 0xaa, 0xaa, 0xa6, 0xa6, 0x6a, 
	0x00, 0x00, 0x00, 0x14, 0x41, 0x15, 0x66, 0x77, 
	0x77, 0x77, 0x67, 0x66, 0x77, 0x66, 0x31, 0x11, 
	0x11, 0x10, 0x00, 0x08, 0x11, 0x41, 0x11, 0x2b, 
	0xcc, 0xcc, 0xca, 0xaa, 0xaa, 0xaa, 0xaa, 0xaa, 
	0x00, 0x00, 0x00, 0x12, 0x22, 0x29, 0x76, 0x66, 
	0x66, 0x66, 0x66, 0x66, 0x66, 0x51, 0x11, 0x11, 
	0x10, 0x00, 0x24, 0x41, 0x44, 0x44, 0xbc, 0xcc, 
	0xcd, 0xcc, 0xca, 0xaa, 0xaa, 0xaa, 0xaa, 0xaa, 
	0x00, 0x00, 0x00, 0x11, 0x11, 0x19, 0x66, 0x66, 
	0x66, 0x66, 0x66, 0x67, 0x63, 0x11, 0x21, 0x12, 
	0x00, 0x24, 0x44, 0x44, 0x44, 0xcc, 0xec, 0xcc, 
	0xcc, 0xdc, 0xca, 0xaa, 0xaa, 0xaa, 0xaa, 0x6a, 
	0x00, 0x00, 0x00, 0x11, 0x11, 0x19, 0x67, 0x66, 
	0x66, 0x66, 0x66, 0x65, 0x11, 0x11, 0x11, 0x11, 
	0x22, 0x44, 0x44, 0x4b, 0xcc, 0xce, 0xcc, 0xcc, 
	0xdc, 0xdd, 0xda, 0xaa, 0xfa, 0xf6, 0xaa, 0xaa, 
	0x00, 0x00, 0x00, 0x11, 0x21, 0x29, 0x6a, 0xa6, 
	0x66, 0xa6, 0x66, 0x51, 0x24, 0x11, 0x11, 0x11, 
	0x41, 0x44, 0x44, 0xce, 0xee, 0xce, 0xee, 0xcc, 
	0xcd, 0xdc, 0xca, 0xaa, 0xff, 0xa6, 0x66, 0x6a, 
	0x00, 0x00, 0x00, 0x11, 0x14, 0x29, 0x66, 0x66, 
	0xa6, 0x6a, 0x65, 0x44, 0x44, 0x41, 0x11, 0x14, 
	0x12, 0x14, 0xcc, 0xee, 0xee, 0xcc, 0xee, 0xcc, 
	0xcc, 0xdc, 0xca, 0x6a, 0x6a, 0xaa, 0xaa, 0xaa, 
	0x00, 0x00, 0x00, 0x14, 0x44, 0x15, 0x66, 0x66, 
	0x66, 0x66, 0x51, 0x14, 0x12, 0x11, 0x11, 0x11, 
	0x11, 0x4c, 0xee, 0xce, 0xce, 0xee, 0xee, 0xec, 
	0xcc, 0xcd, 0xca, 0xf6, 0xaa, 0xaa, 0xaa, 0xfa, 
	0x00, 0x00, 0x00, 0x14, 0x14, 0x45, 0xaa, 0x6a, 
	0xaa, 0x69, 0x11, 0x14, 0x10, 0x00, 0x11, 0x11, 
	0x1b, 0xce, 0xee, 0xee, 0xee, 0xee, 0xec, 0xec, 
	0xcc, 0xcd, 0xca, 0xff, 0xff, 0xff, 0xfa, 0xfa, 
	0x00, 0x00, 0x00, 0x11, 0x14, 0x15, 0xaa, 0xaa, 
	0x66, 0xa8, 0x24, 0x44, 0x20, 0x01, 0x11, 0x11, 
	0x4c, 0xee, 0xce, 0xec, 0xce, 0xcc, 0xcc, 0xcc, 
	0xcd, 0xed, 0xda, 0xaf, 0xff, 0xfa, 0x6f, 0xff, 
	0x00, 0x00, 0x00, 0x14, 0x14, 0x45, 0xaa, 0xa6, 
	0x6a, 0x54, 0x14, 0x42, 0x00, 0x24, 0x41, 0x14, 
	0xce, 0xee, 0xee, 0xee, 0xee, 0xcc, 0xcd, 0xed, 
	0xdd, 0xdc, 0xca, 0xff, 0xff, 0xf6, 0xaa, 0x6a, 
	0x00, 0x00, 0x00, 0x12, 0x44, 0x45, 0xaa, 0xa6, 
	0xaa, 0x84, 0x44, 0x10, 0x00, 0x24, 0x11, 0x1c, 
	0xee, 0xee, 0xee, 0xec, 0xcc, 0xcc, 0xdd, 0xdd, 
	0xcd, 0xdd, 0xda, 0xaa, 0x6f, 0x6a, 0xa6, 0xf6, 
	0x00, 0x00, 0x00, 0x11, 0x11, 0x45, 0x55, 0xaa, 
	0x69, 0x14, 0x44, 0x20, 0x02, 0x44, 0x11, 0x1e, 
	0xee, 0xec, 0xee, 0xcc, 0xde, 0xed, 0xcd, 0xdd, 
	0xcd, 0xdd, 0xea, 0xa6, 0x5f, 0xa6, 0xaa, 0xaa, 
	0x00, 0x00, 0x00, 0x12, 0x14, 0x25, 0x56, 0xaa, 
	0xa5, 0x44, 0x44, 0x20, 0x01, 0x24, 0x44, 0xbe, 
	0xee, 0xcc, 0xee, 0xce, 0xce, 0xed, 0xcd, 0xcd, 
	0xdd, 0xaa, 0xf6, 0xa6, 0x6a, 0xa6, 0xaa, 0xfa, 
	0x00, 0x00, 0x00, 0x12, 0x21, 0x15, 0x6a, 0xa5, 
	0x58, 0x44, 0x44, 0x00, 0x01, 0x44, 0x41, 0xce, 
	0xee, 0xee, 0xcc, 0xce, 0xee, 0xcd, 0xcd, 0xaa, 
	0xff, 0xfa, 0xaf, 0xfa, 0xff, 0xf6, 0xaa, 0xaa, 
	0x00, 0x00, 0x00, 0x14, 0x14, 0x19, 0xaa, 0xaa, 
	0x68, 0x41, 0x24, 0x00, 0x01, 0x21, 0x11, 0xce, 
	0xee, 0xee, 0xee, 0xee, 0xcc, 0xba, 0x6a, 0xfa, 
	0xaf, 0xaf, 0xff, 0xff, 0xff, 0xfa, 0x6f, 0xfa, 
	0x00, 0x00, 0x00, 0x14, 0x14, 0x19, 0xaa, 0x6a, 
	0xa8, 0x41, 0x11, 0x10, 0x01, 0x11, 0x11, 0xce, 
	0xee, 0xee, 0xee, 0xa6, 0x6a, 0x66, 0x6a, 0xaa, 
	0xfa, 0xff, 0xaa, 0xfa, 0xff, 0xff, 0xaf, 0xf6, 
	0x00, 0x00, 0x00, 0x14, 0x41, 0x19, 0x6a, 0x6a, 
	0x65, 0x11, 0x11, 0x80, 0x01, 0x11, 0x11, 0x8e, 
	0xee, 0xc6, 0x66, 0xaa, 0x6a, 0xa6, 0xaa, 0x6a, 
	0xaa, 0xaf, 0xa6, 0xfa, 0xaa, 0xfa, 0xaa, 0xfa, 
	0x00, 0x00, 0x00, 0x12, 0x24, 0x19, 0xa6, 0x66, 
	0xa5, 0x41, 0x41, 0x10, 0x00, 0x44, 0x11, 0x16, 
	0x66, 0x66, 0xa6, 0xaa, 0x66, 0xaa, 0x66, 0xa6, 
	0xaa, 0xaa, 0xaa, 0x6a, 0xaa, 0xaa, 0xaa, 0xaa, 
	0x00, 0x00, 0x00, 0x11, 0x21, 0x29, 0x6a, 0x66, 
	0x6a, 0x82, 0x11, 0x10, 0x00, 0x14, 0x55, 0x55, 
	0x66, 0x66, 0x6a, 0xa6, 0xaa, 0xaa, 0x6a, 0xfa, 
	0xaf, 0xaf, 0xaa, 0xff, 0xaa, 0xa6, 0x66, 0x6a, 
	0x00, 0x00, 0x00, 0x14, 0x11, 0x19, 0x66, 0x6a, 
	0xaa, 0x81, 0x41, 0x11, 0x00, 0x05, 0x55, 0x55, 
	0x67, 0x66, 0x66, 0xaa, 0xaa, 0x66, 0xaa, 0xaa, 
	0xaa, 0xff, 0xaf, 0xaa, 0xff, 0xf6, 0xaa, 0xaa, 
	0x00, 0x00, 0x00, 0x14, 0x11, 0x19, 0x66, 0x95, 
	0x84, 0x11, 0x11, 0x14, 0x00, 0x05, 0x55, 0x55, 
	0x56, 0x66, 0xa6, 0x6a, 0x6a, 0xaa, 0xaa, 0xaa, 
	0xaa, 0xaa, 0x6a, 0xaa, 0xaa, 0xaa, 0xaa, 0xad, 
	0x00, 0x00, 0x00, 0x12, 0x22, 0x28, 0x31, 0x44, 
	0x41, 0x44, 0x20, 0x00, 0x00, 0x00, 0x55, 0x55, 
	0x55, 0x66, 0x76, 0x66, 0x66, 0x66, 0xaa, 0x6f, 
	0xaa, 0xaf, 0xaf, 0xaa, 0xaf, 0xfd, 0xdc, 0xcc, 
	0x00, 0x00, 0x00, 0x11, 0x11, 0x11, 0x11, 0x42, 
	0x40, 0x00, 0x00, 0x00, 0x00, 0x00, 0x05, 0x55, 
	0x55, 0x56, 0x77, 0x66, 0x66, 0x6a, 0x6a, 0x6a, 
	0xaa, 0xaa, 0xaa, 0xad, 0xcc, 0xcc, 0xdc, 0xcc, 
	0x00, 0x00, 0x00, 0x12, 0x11, 0x11, 0x12, 0x00, 
	0x00, 0x00, 0x00, 0x00, 0x00, 0x00, 0x00, 0x55, 
	0x55, 0x55, 0x56, 0x67, 0x66, 0x66, 0x67, 0x66, 
	0xaa, 0xaf, 0xdc, 0xcc, 0xcc, 0xce, 0xcc, 0xec, 
	0x00, 0x00, 0x00, 0x11, 0x44, 0x00, 0x00, 0x00, 
	0x00, 0x00, 0x00, 0x00, 0x00, 0x00, 0x00, 0x00, 
	0x55, 0x55, 0x55, 0x6a, 0x67, 0x6a, 0x67, 0x76, 
	0x9c, 0xcc, 0xce, 0xce, 0xce, 0xee, 0xcc, 0xcc, 
	0x00, 0x00, 0x00, 0x00, 0x00, 0x00, 0x00, 0x00, 
	0x00, 0x00, 0x00, 0x00, 0x00, 0x00, 0x00, 0x00, 
	0x08, 0x55, 0x55, 0x55, 0x66, 0x66, 0x9d, 0xce, 
	0xee, 0xee, 0xee, 0xee, 0xee, 0xee, 0xee, 0xee, 
	0x00, 0x00, 0x00, 0x00, 0x00, 0x00, 0x00, 0x00, 
	0x00, 0x00, 0x00, 0x00, 0x00, 0x00, 0x00, 0x00, 
	0x00, 0x05, 0x55, 0x55, 0x53, 0xbe, 0xee, 0xee, 
	0xee, 0xee, 0xee, 0xee, 0xee, 0xee, 0xee, 0xee, 
	0x00, 0x00, 0x00, 0x00, 0x00, 0x00, 0x00, 0x00, 
	0x00, 0x00, 0x00, 0x00, 0x00, 0x00, 0x00, 0x00, 
	0x10, 0x00, 0x08, 0x11, 0x11, 0x21, 0x4b, 0xce, 
	0xee, 0xee, 0xee, 0xee, 0xee, 0xee, 0xee, 0xee, 
	0x00, 0x00, 0x00, 0x00, 0x00, 0x00, 0x00, 0x00, 
	0x00, 0x00, 0x00, 0x00, 0x00, 0x00, 0x12, 0x23, 
	0x23, 0x32, 0x00, 0x00, 0x21, 0x11, 0x11, 0x11, 
	0x4b, 0xce, 0xce, 0xee, 0xee, 0xee, 0xee, 0xee, 
	0x00, 0x00, 0x00, 0x00, 0x00, 0x00, 0x00, 0x00, 
	0x00, 0x00, 0x00, 0x00, 0x22, 0x33, 0x23, 0x32, 
	0x33, 0x33, 0x32, 0x00, 0x00, 0x02, 0x11, 0x44, 
	0x11, 0x11, 0x14, 0xbb, 0xce, 0xee, 0xee, 0xee, 
	0x00, 0x00, 0x00, 0x00, 0x00, 0x00, 0x00, 0x00, 
	0x00, 0x00, 0x00, 0x82, 0x33, 0x33, 0x33, 0x89, 
	0x63, 0x33, 0x31, 0x33, 0x20, 0x00, 0x00, 0x11, 
	0x11, 0x14, 0x11, 0x11, 0x12, 0x11, 0x11, 0x14, 
	0x00, 0x00, 0x00, 0x00, 0x00, 0x00, 0x00, 0x00, 
	0x02, 0x14, 0x22, 0x23, 0x33, 0x38, 0x67, 0x77, 
	0x77, 0x75, 0x33, 0x23, 0x33, 0x32, 0x00, 0x00, 
	0x00, 0x01, 0x11, 0x11, 0x12, 0x11, 0x11, 0x22, 
	0x00, 0x00, 0x00, 0x00, 0x00, 0x00, 0x00, 0x23, 
	0x12, 0x24, 0x11, 0x33, 0x86, 0x67, 0x77, 0x77, 
	0x77, 0x77, 0x76, 0x32, 0x23, 0x21, 0x28, 0x82, 
	0x10, 0x00, 0x00, 0x00, 0x00, 0x11, 0x12, 0x22, 
	0x00, 0x00, 0x00, 0x00, 0x00, 0x00, 0x00, 0x00, 
	0x00, 0x12, 0x21, 0x22, 0x22, 0x22, 0x57, 0x77, 
	0x77, 0x77, 0x77, 0x77, 0x75, 0x33, 0x12, 0x21, 
	0x18, 0x24, 0x22, 0x21, 0x00, 0x02, 0x22, 0x22, 
	0x00, 0x00, 0x00, 0x00, 0x00, 0x00, 0x00, 0x00, 
	0x00, 0x00, 0x00, 0x12, 0x32, 0x33, 0x22, 0x22, 
	0x57, 0x77, 0x77, 0x77, 0x77, 0x77, 0x77, 0x51, 
	0x22, 0x22, 0x22, 0x22, 0x22, 0x22, 0x22, 0x22, 
	0x00, 0x00, 0x00, 0x00, 0x00, 0x00, 0x00, 0x00, 
	0x00, 0x00, 0x00, 0x00, 0x00, 0x22, 0x23, 0x32, 
	0x22, 0x22, 0x57, 0x77, 0x77, 0x77, 0x77, 0x77, 
	0x77, 0x76, 0x55, 0x32, 0x22, 0x22, 0x22, 0x22, 
	0x00, 0x00, 0x00, 0x00, 0x00, 0x00, 0x00, 0x00, 
	0x00, 0x00, 0x00, 0x00, 0x00, 0x00, 0x01, 0x22, 
	0x33, 0x22, 0x22, 0x25, 0x77, 0x77, 0x77, 0x77, 
	0x77, 0x77, 0x77, 0x77, 0x77, 0x77, 0x77, 0x77, 
	0x00, 0x00, 0x00, 0x00, 0x00, 0x00, 0x00, 0x00, 
	0x00, 0x00, 0x00, 0x00, 0x00, 0x00, 0x00, 0x00, 
	0x01, 0x22, 0x22, 0x22, 0x22, 0x25, 0x77, 0x77, 
	0x77, 0x77, 0x77, 0x77, 0x77, 0x77, 0x67, 0x77, 
	0x00, 0x00, 0x00, 0x00, 0x00, 0x00, 0x00, 0x00, 
	0x00, 0x00, 0x00, 0x00, 0x00, 0x00, 0x00, 0x00, 
	0x00, 0x00, 0x02, 0x22, 0x21, 0x22, 0x22, 0x57, 
	0x77, 0x77, 0x77, 0x77, 0x77, 0x77, 0x77, 0x77, 
	0x00, 0x00, 0x00, 0x00, 0x00, 0x00, 0x00, 0x00, 
	0x00, 0x00, 0x00, 0x00, 0x00, 0x00, 0x00, 0x00, 
	0x00, 0x00, 0x00, 0x00, 0x01, 0x22, 0x22, 0x22, 
	0x22, 0x57, 0x77, 0x77, 0x77, 0x77, 0x77, 0x77, 
	0x00, 0x00, 0x00, 0x00, 0x00, 0x00, 0x00, 0x00, 
	0x00, 0x00, 0x00, 0x00, 0x00, 0x00, 0x00, 0x00, 
	0x00, 0x00, 0x00, 0x00, 0x00, 0x00, 0x02, 0x22, 
	0x22, 0x22, 0x22, 0x57, 0x77, 0x77, 0x77, 0x77, 
	0x00, 0x00, 0x00, 0x00, 0x00, 0x00, 0x00, 0x00, 
	0x00, 0x00, 0x00, 0x00, 0x00, 0x00, 0x00, 0x00, 
	0x00, 0x00, 0x00, 0x00, 0x00, 0x00, 0x00, 0x00, 
	0x12, 0x22, 0x22, 0x22, 0x22, 0x57, 0x77, 0x77, 
	0x00, 0x00, 0x00, 0x00, 0x00, 0x00, 0x00, 0x00, 
	0x00, 0x00, 0x00, 0x00, 0x00, 0x00, 0x00, 0x00, 
	0x00, 0x00, 0x00, 0x00, 0x00, 0x00, 0x00, 0x00, 
	0x00, 0x00, 0x22, 0x12, 0x22, 0x22, 0x22, 0x77, 
	0x00, 0x00, 0x00, 0x00, 0x00, 0x00, 0x00, 0x00, 
	0x00, 0x00, 0x00, 0x00, 0x00, 0x00, 0x00, 0x00, 
	0x00, 0x00, 0x00, 0x00, 0x00, 0x00, 0x00, 0x00, 
	0x00, 0x00, 0x00, 0x01, 0x22, 0x22, 0x22, 0x22, 
	0x00, 0x00, 0x00, 0x00, 0x00, 0x00, 0x00, 0x00, 
	0x00, 0x00, 0x00, 0x00, 0x00, 0x00, 0x00, 0x00, 
	0x00, 0x00, 0x00, 0x00, 0x00, 0x00, 0x00, 0x00, 
	0x00, 0x00, 0x00, 0x00, 0x00, 0x01, 0x22, 0x22, 
	0x00, 0x00, 0x00, 0x00, 0x00, 0x00, 0x00, 0x00, 
	0x00, 0x00, 0x00, 0x00, 0x00, 0x00, 0x00, 0x00, 
	0x00, 0x00, 0x00, 0x00, 0x00, 0x00, 0x00, 0x00, 
	0x00, 0x00, 0x00, 0x00, 0x00, 0x00, 0x00, 0x02, 
	0x00, 0x00, 0x00, 0x00, 0x00, 0x00, 0x00, 0x00, 
	0x00, 0x00, 0x00, 0x00, 0x00, 0x00, 0x00, 0x00, 
	0x00, 0x00, 0x00, 0x00, 0x00, 0x00, 0x00, 0x00, 
	0x00, 0x00, 0x00, 0x00, 0x00, 0x00, 0x00, 0x00, 
	0x00, 0x00, 0x00, 0x00, 0x00, 0x00, 0x00, 0x00, 
	0x00, 0x00, 0x00, 0x00, 0x00, 0x00, 0x00, 0x00, 
	0x00, 0x00, 0x00, 0x00, 0x00, 0x00, 0x00, 0x00, 
	0x00, 0x00, 0x00, 0x00, 0x00, 0x00, 0x00, 0x00, 
	
};

ALIGNED8 u8 ow2_fc_miu128_fc004_pal_rgba16[] = {
	0x00, 0x00, 0x21, 0x07, 0x00, 0x01, 0x29, 0x03, 
	0x31, 0x8b, 0x91, 0x05, 0xf9, 0x07, 0xf8, 0x41, 
	0x51, 0x07, 0xc8, 0x85, 0xf9, 0xcf, 0xac, 0x8b, 
	0xff, 0xcf, 0xff, 0xd9, 0xff, 0xc7, 0xfa, 0x55, 
	
};

Vtx ow2_fc_002_object_011291AC_002_mesh_layer_1_vtx_0[30] = {
	{{ {-335, -13, -58}, 0, {-16, 2032}, {255, 255, 255, 255} }},
	{{ {1365, -13, -58}, 0, {-16, -12352}, {255, 255, 255, 255} }},
	{{ {1365, -13, -154}, 0, {2040, -12352}, {255, 255, 255, 255} }},
	{{ {-335, -13, -154}, 0, {2040, 2032}, {255, 255, 255, 255} }},
	{{ {1365, -69, -232}, 0, {-16, -12352}, {255, 255, 255, 255} }},
	{{ {-335, -69, -232}, 0, {-16, 2032}, {255, 255, 255, 255} }},
	{{ {1365, -140, 332}, 0, {-16, -12352}, {255, 255, 255, 255} }},
	{{ {-335, -140, 332}, 0, {-16, 2032}, {255, 255, 255, 255} }},
	{{ {-335, -196, 410}, 0, {2040, 2032}, {255, 255, 255, 255} }},
	{{ {1365, -196, 410}, 0, {2040, -12352}, {255, 255, 255, 255} }},
	{{ {-335, -288, 440}, 0, {-16, 2032}, {255, 255, 255, 255} }},
	{{ {1365, -288, 440}, 0, {-16, -12352}, {255, 255, 255, 255} }},
	{{ {-335, -846, 332}, 0, {-16, 2032}, {255, 255, 255, 255} }},
	{{ {1365, -846, 332}, 0, {-16, -12352}, {255, 255, 255, 255} }},
	{{ {1365, -790, 410}, 0, {2040, -12352}, {255, 255, 255, 255} }},
	{{ {-335, -790, 410}, 0, {2040, 2032}, {255, 255, 255, 255} }},
	{{ {1365, -698, 440}, 0, {-16, -12352}, {255, 255, 255, 255} }},
	{{ {-335, -698, 440}, 0, {-16, 2032}, {255, 255, 255, 255} }},
	{{ {1365, -585, -473}, 0, {-16, -12352}, {255, 255, 255, 255} }},
	{{ {-335, -585, -473}, 0, {-16, 2032}, {255, 255, 255, 255} }},
	{{ {-335, -493, -503}, 0, {2040, 2032}, {255, 255, 255, 255} }},
	{{ {1365, -493, -503}, 0, {2040, -12352}, {255, 255, 255, 255} }},
	{{ {-335, -401, -473}, 0, {-16, 2032}, {255, 255, 255, 255} }},
	{{ {1365, -401, -473}, 0, {-16, -12352}, {255, 255, 255, 255} }},
	{{ {-335, -917, -232}, 0, {-16, 2032}, {255, 255, 255, 255} }},
	{{ {1365, -917, -232}, 0, {-16, -12352}, {255, 255, 255, 255} }},
	{{ {1365, -973, -154}, 0, {2040, -12352}, {255, 255, 255, 255} }},
	{{ {-335, -973, -154}, 0, {2040, 2032}, {255, 255, 255, 255} }},
	{{ {1365, -973, -58}, 0, {-16, -12352}, {255, 255, 255, 255} }},
	{{ {-335, -973, -58}, 0, {-16, 2032}, {255, 255, 255, 255} }},
};

Vtx ow2_fc_002_object_011291AC_002_mesh_layer_1_vtx_1[87] = {
	{{ {-335, -13, 62}, 0, {-16, 908}, {18, 106, 102, 255} }},
	{{ {1365, -13, 62}, 0, {10264, 908}, {29, 58, 64, 255} }},
	{{ {-335, -69, 236}, 0, {-16, -8}, {18, 106, 102, 255} }},
	{{ {1365, -69, 236}, 0, {10264, -8}, {29, 58, 64, 255} }},
	{{ {-335, -973, -58}, 0, {-16, 908}, {18, 106, 102, 255} }},
	{{ {1365, -973, -58}, 0, {10264, 908}, {29, 58, 64, 255} }},
	{{ {-335, -917, -232}, 0, {-16, -8}, {18, 106, 102, 255} }},
	{{ {1365, -917, -232}, 0, {10264, -8}, {29, 58, 64, 255} }},
	{{ {-335, -140, 332}, 0, {-16, 908}, {18, 106, 102, 255} }},
	{{ {1365, -140, 332}, 0, {10264, 908}, {29, 58, 64, 255} }},
	{{ {-335, -288, 440}, 0, {-16, -8}, {18, 106, 102, 255} }},
	{{ {1365, -288, 440}, 0, {10264, -8}, {29, 58, 64, 255} }},
	{{ {-335, -401, 477}, 0, {-16, 908}, {18, 106, 102, 255} }},
	{{ {1365, -401, 477}, 0, {10264, 908}, {29, 58, 64, 255} }},
	{{ {-335, -585, 477}, 0, {-16, -8}, {18, 106, 102, 255} }},
	{{ {1365, -585, 477}, 0, {10264, -8}, {29, 58, 64, 255} }},
	{{ {-335, -917, 236}, 0, {-16, 908}, {18, 106, 102, 255} }},
	{{ {1365, -917, 236}, 0, {10264, 908}, {29, 58, 64, 255} }},
	{{ {-335, -973, 62}, 0, {-16, -8}, {18, 106, 102, 255} }},
	{{ {1365, -973, 62}, 0, {10264, -8}, {29, 58, 64, 255} }},
	{{ {-335, -69, -232}, 0, {-16, 908}, {18, 106, 102, 255} }},
	{{ {1365, -69, -232}, 0, {10264, 908}, {29, 58, 64, 255} }},
	{{ {-335, -13, -58}, 0, {-16, -8}, {18, 106, 102, 255} }},
	{{ {1365, -13, -58}, 0, {10264, -8}, {29, 58, 64, 255} }},
	{{ {-335, -288, -436}, 0, {-16, 908}, {18, 106, 102, 255} }},
	{{ {1365, -288, -436}, 0, {10264, 908}, {29, 58, 64, 255} }},
	{{ {-335, -140, -329}, 0, {-16, -8}, {18, 106, 102, 255} }},
	{{ {1365, -140, -329}, 0, {10264, -8}, {29, 58, 64, 255} }},
	{{ {-335, -846, -329}, 0, {-16, 908}, {18, 106, 102, 255} }},
	{{ {1365, -846, -329}, 0, {10264, 908}, {29, 58, 64, 255} }},
	{{ {-335, -698, -436}, 0, {-16, -8}, {18, 106, 102, 255} }},
	{{ {1365, -698, -436}, 0, {10264, -8}, {29, 58, 64, 255} }},
	{{ {-335, -698, 440}, 0, {-16, 908}, {18, 106, 102, 255} }},
	{{ {1365, -698, 440}, 0, {10264, 908}, {29, 58, 64, 255} }},
	{{ {-335, -846, 332}, 0, {-16, -8}, {18, 106, 102, 255} }},
	{{ {1365, -846, 332}, 0, {10264, -8}, {29, 58, 64, 255} }},
	{{ {-335, -585, -473}, 0, {-16, 908}, {18, 106, 102, 255} }},
	{{ {1365, -585, -473}, 0, {10264, 908}, {29, 58, 64, 255} }},
	{{ {-335, -401, -473}, 0, {-16, -8}, {18, 106, 102, 255} }},
	{{ {1365, -401, -473}, 0, {10264, -8}, {29, 58, 64, 255} }},
	{{ {-335, -493, -508}, 0, {2040, 2032}, {255, 255, 255, 255} }},
	{{ {-335, -793, -411}, 0, {-16, 2032}, {255, 255, 255, 255} }},
	{{ {-743, -493, 2}, 0, {1012, -16}, {255, 255, 255, 255} }},
	{{ {-335, -978, -156}, 0, {2040, 2032}, {255, 255, 255, 255} }},
	{{ {-335, -978, 160}, 0, {-16, 2032}, {255, 255, 255, 255} }},
	{{ {-335, -793, 415}, 0, {2040, 2032}, {255, 255, 255, 255} }},
	{{ {-335, -493, 512}, 0, {-16, 2032}, {255, 255, 255, 255} }},
	{{ {-335, -193, 415}, 0, {2040, 2032}, {255, 255, 255, 255} }},
	{{ {-335, -8, 160}, 0, {-16, 2032}, {255, 255, 255, 255} }},
	{{ {-335, -8, -156}, 0, {2040, 2032}, {255, 255, 255, 255} }},
	{{ {-335, -193, -411}, 0, {-16, 2032}, {255, 255, 255, 255} }},
	{{ {1365, -793, -411}, 0, {-16, 2032}, {255, 255, 255, 255} }},
	{{ {1365, -493, -508}, 0, {2040, 2032}, {255, 255, 255, 255} }},
	{{ {1773, -493, 2}, 0, {1012, -16}, {255, 255, 255, 255} }},
	{{ {1365, -193, -411}, 0, {-16, 2032}, {255, 255, 255, 255} }},
	{{ {1365, -8, -156}, 0, {2040, 2032}, {255, 255, 255, 255} }},
	{{ {1365, -8, 160}, 0, {-16, 2032}, {255, 255, 255, 255} }},
	{{ {1365, -193, 415}, 0, {2040, 2032}, {255, 255, 255, 255} }},
	{{ {1365, -493, 512}, 0, {-16, 2032}, {255, 255, 255, 255} }},
	{{ {1365, -493, 512}, 0, {-16, 2032}, {255, 255, 255, 255} }},
	{{ {1365, -793, 415}, 0, {2040, 2032}, {255, 255, 255, 255} }},
	{{ {1773, -493, 2}, 0, {1012, -16}, {255, 255, 255, 255} }},
	{{ {1365, -978, 160}, 0, {-16, 2032}, {255, 255, 255, 255} }},
	{{ {1365, -978, -156}, 0, {2040, 2032}, {255, 255, 255, 255} }},
	{{ {1365, -793, -411}, 0, {-16, 2032}, {255, 255, 255, 255} }},
	{{ {1790, -493, -508}, 0, {2040, 2032}, {255, 255, 255, 255} }},
	{{ {1790, -793, -411}, 0, {-16, 2032}, {255, 255, 255, 255} }},
	{{ {1382, -493, 2}, 0, {1012, -16}, {255, 255, 255, 255} }},
	{{ {1790, -978, -156}, 0, {2040, 2032}, {255, 255, 255, 255} }},
	{{ {1790, -978, 160}, 0, {-16, 2032}, {255, 255, 255, 255} }},
	{{ {1790, -793, 415}, 0, {2040, 2032}, {255, 255, 255, 255} }},
	{{ {1790, -493, 512}, 0, {-16, 2032}, {255, 255, 255, 255} }},
	{{ {1790, -193, 415}, 0, {2040, 2032}, {255, 255, 255, 255} }},
	{{ {1790, -8, 160}, 0, {-16, 2032}, {255, 255, 255, 255} }},
	{{ {1790, -8, -156}, 0, {2040, 2032}, {255, 255, 255, 255} }},
	{{ {1790, -193, -411}, 0, {-16, 2032}, {255, 255, 255, 255} }},
	{{ {-760, -793, -411}, 0, {-16, 2032}, {255, 255, 255, 255} }},
	{{ {-760, -493, -508}, 0, {2040, 2032}, {255, 255, 255, 255} }},
	{{ {-352, -493, 2}, 0, {1012, -16}, {255, 255, 255, 255} }},
	{{ {-760, -193, -411}, 0, {-16, 2032}, {255, 255, 255, 255} }},
	{{ {-760, -8, -156}, 0, {2040, 2032}, {255, 255, 255, 255} }},
	{{ {-760, -8, 160}, 0, {-16, 2032}, {255, 255, 255, 255} }},
	{{ {-760, -193, 415}, 0, {2040, 2032}, {255, 255, 255, 255} }},
	{{ {-760, -493, 512}, 0, {-16, 2032}, {255, 255, 255, 255} }},
	{{ {-760, -793, 415}, 0, {2040, 2032}, {255, 255, 255, 255} }},
	{{ {-760, -978, 160}, 0, {-16, 2032}, {255, 255, 255, 255} }},
	{{ {-760, -978, -156}, 0, {2040, 2032}, {255, 255, 255, 255} }},
};

Vtx ow2_fc_002_object_011291AC_002_mesh_layer_1_vtx_2[41] = {
	{{ {-760, -978, 160}, 0, {3703, -1285}, {244, 236, 255, 255} }},
	{{ {-760, -793, -411}, 0, {3703, 1245}, {240, 252, 250, 255} }},
	{{ {-760, -978, -156}, 0, {4096, -16}, {255, 255, 215, 255} }},
	{{ {-760, -793, 415}, 0, {2675, -2072}, {255, 238, 250, 255} }},
	{{ {-760, -493, -508}, 0, {2675, 2032}, {240, 252, 236, 255} }},
	{{ {-760, -193, -411}, 0, {1406, 2032}, {244, 236, 255, 255} }},
	{{ {-760, -493, 512}, 0, {1406, -2072}, {240, 252, 250, 255} }},
	{{ {-760, -8, -156}, 0, {378, 1245}, {240, 252, 236, 255} }},
	{{ {-760, -193, 415}, 0, {378, -1285}, {255, 255, 215, 255} }},
	{{ {-760, -8, 160}, 0, {-16, -16}, {240, 252, 236, 255} }},
	{{ {1790, -793, -411}, 0, {3703, 1245}, {255, 238, 250, 255} }},
	{{ {1790, -978, 160}, 0, {3703, -1285}, {240, 252, 250, 255} }},
	{{ {1790, -978, -156}, 0, {4096, -16}, {255, 255, 215, 255} }},
	{{ {1790, -493, -508}, 0, {2675, 2032}, {255, 238, 250, 255} }},
	{{ {1790, -793, 415}, 0, {2675, -2072}, {240, 252, 236, 255} }},
	{{ {1790, -493, 512}, 0, {1406, -2072}, {255, 255, 215, 255} }},
	{{ {1790, -193, -411}, 0, {1406, 2032}, {240, 252, 250, 255} }},
	{{ {1790, -193, 415}, 0, {378, -1285}, {255, 255, 255, 255} }},
	{{ {1790, -8, -156}, 0, {378, 1245}, {244, 236, 255, 255} }},
	{{ {1790, -8, 160}, 0, {-16, -16}, {244, 236, 255, 255} }},
	{{ {-335, -8, 160}, 0, {-16, -16}, {67, 66, 88, 255} }},
	{{ {-335, -193, 415}, 0, {378, -1285}, {67, 66, 88, 255} }},
	{{ {-335, -8, -156}, 0, {378, 1245}, {53, 102, 98, 255} }},
	{{ {-335, -493, 512}, 0, {1406, -2072}, {67, 66, 88, 255} }},
	{{ {-335, -193, -411}, 0, {1406, 2032}, {53, 102, 98, 255} }},
	{{ {-335, -793, 415}, 0, {2675, -2072}, {67, 66, 88, 255} }},
	{{ {-335, -493, -508}, 0, {2675, 2032}, {53, 102, 98, 255} }},
	{{ {-335, -978, 160}, 0, {3703, -1285}, {53, 102, 98, 255} }},
	{{ {-335, -793, -411}, 0, {3703, 1245}, {89, 109, 117, 255} }},
	{{ {-335, -978, -156}, 0, {4096, -16}, {89, 109, 117, 255} }},
	{{ {1365, -8, 160}, 0, {-16, -16}, {32, 68, 57, 255} }},
	{{ {1365, -8, -156}, 0, {378, 1245}, {32, 40, 57, 255} }},
	{{ {1365, -193, 415}, 0, {378, -1285}, {32, 68, 57, 255} }},
	{{ {1365, -193, -411}, 0, {1406, 2032}, {32, 68, 57, 255} }},
	{{ {1365, -493, 512}, 0, {1406, -2072}, {32, 68, 57, 255} }},
	{{ {1365, -493, -508}, 0, {2675, 2032}, {32, 68, 57, 255} }},
	{{ {1365, -793, 415}, 0, {2675, -2072}, {32, 40, 57, 255} }},
	{{ {1365, -493, -508}, 0, {2675, 2032}, {32, 53, 57, 255} }},
	{{ {1365, -793, -411}, 0, {3703, 1245}, {32, 51, 57, 255} }},
	{{ {1365, -978, 160}, 0, {3703, -1285}, {32, 68, 57, 255} }},
	{{ {1365, -978, -156}, 0, {4096, -16}, {32, 51, 57, 255} }},
};

Vtx ow2_fc_002_object_011291AC_002_mesh_layer_1_vtx_3[40] = {
	{{ {1781, -970, -123}, 0, {0, -18472}, {255, 255, 255, 255} }},
	{{ {1781, -952, -178}, 0, {313, -18472}, {255, 255, 255, 255} }},
	{{ {-752, -970, -123}, 0, {0, 2032}, {255, 255, 255, 255} }},
	{{ {-752, -952, -178}, 0, {313, 2032}, {255, 255, 255, 255} }},
	{{ {1781, -952, 181}, 0, {0, -18472}, {255, 255, 255, 255} }},
	{{ {1781, -970, 126}, 0, {313, -18472}, {255, 255, 255, 255} }},
	{{ {-752, -952, 181}, 0, {0, 2032}, {255, 255, 255, 255} }},
	{{ {-752, -970, 126}, 0, {313, 2032}, {255, 255, 255, 255} }},
	{{ {1781, -759, 417}, 0, {0, -18472}, {255, 255, 255, 255} }},
	{{ {1781, -805, 383}, 0, {313, -18472}, {255, 255, 255, 255} }},
	{{ {-752, -759, 417}, 0, {0, 2032}, {255, 255, 255, 255} }},
	{{ {-752, -805, 383}, 0, {313, 2032}, {255, 255, 255, 255} }},
	{{ {1781, -464, 494}, 0, {0, -18472}, {255, 255, 255, 255} }},
	{{ {1781, -522, 494}, 0, {313, -18472}, {255, 255, 255, 255} }},
	{{ {-752, -464, 494}, 0, {0, 2032}, {255, 255, 255, 255} }},
	{{ {-752, -522, 494}, 0, {313, 2032}, {255, 255, 255, 255} }},
	{{ {1781, -181, 383}, 0, {0, -18472}, {255, 255, 255, 255} }},
	{{ {1781, -227, 417}, 0, {313, -18472}, {255, 255, 255, 255} }},
	{{ {-752, -181, 383}, 0, {0, 2032}, {255, 255, 255, 255} }},
	{{ {-752, -227, 417}, 0, {313, 2032}, {255, 255, 255, 255} }},
	{{ {1781, -16, 126}, 0, {0, -18472}, {255, 255, 255, 255} }},
	{{ {1781, -34, 181}, 0, {313, -18472}, {255, 255, 255, 255} }},
	{{ {-752, -16, 126}, 0, {0, 2032}, {255, 255, 255, 255} }},
	{{ {-752, -34, 181}, 0, {313, 2032}, {255, 255, 255, 255} }},
	{{ {1781, -34, -178}, 0, {0, -18472}, {255, 255, 255, 255} }},
	{{ {1781, -16, -123}, 0, {313, -18472}, {255, 255, 255, 255} }},
	{{ {-752, -34, -178}, 0, {0, 2032}, {255, 255, 255, 255} }},
	{{ {-752, -16, -123}, 0, {313, 2032}, {255, 255, 255, 255} }},
	{{ {1781, -522, -490}, 0, {0, -18472}, {255, 255, 255, 255} }},
	{{ {1781, -464, -490}, 0, {313, -18472}, {255, 255, 255, 255} }},
	{{ {-752, -522, -490}, 0, {0, 2032}, {255, 255, 255, 255} }},
	{{ {-752, -464, -490}, 0, {313, 2032}, {255, 255, 255, 255} }},
	{{ {1781, -227, -413}, 0, {0, -18472}, {255, 255, 255, 255} }},
	{{ {1781, -181, -379}, 0, {313, -18472}, {255, 255, 255, 255} }},
	{{ {-752, -227, -413}, 0, {0, 2032}, {255, 255, 255, 255} }},
	{{ {-752, -181, -379}, 0, {313, 2032}, {255, 255, 255, 255} }},
	{{ {1781, -805, -379}, 0, {0, -18472}, {255, 255, 255, 255} }},
	{{ {1781, -759, -413}, 0, {313, -18472}, {255, 255, 255, 255} }},
	{{ {-752, -805, -379}, 0, {0, 2032}, {255, 255, 255, 255} }},
	{{ {-752, -759, -413}, 0, {313, 2032}, {255, 255, 255, 255} }},
};

Vtx ow2_fc_002_object_011291AC_002_mesh_layer_1_vtx_4[30] = {
	{{ {-335, -140, -329}, 0, {-16, 2032}, {255, 255, 255, 255} }},
	{{ {1365, -140, -329}, 0, {-16, -12352}, {255, 255, 255, 255} }},
	{{ {1365, -196, -407}, 0, {2040, -12352}, {255, 255, 255, 255} }},
	{{ {-335, -196, -407}, 0, {2040, 2032}, {255, 255, 255, 255} }},
	{{ {1365, -288, -436}, 0, {-16, -12352}, {255, 255, 255, 255} }},
	{{ {-335, -288, -436}, 0, {-16, 2032}, {255, 255, 255, 255} }},
	{{ {1365, -13, 62}, 0, {-16, -12352}, {255, 255, 255, 255} }},
	{{ {-335, -13, 62}, 0, {-16, 2032}, {255, 255, 255, 255} }},
	{{ {-335, -13, 158}, 0, {2040, 2032}, {255, 255, 255, 255} }},
	{{ {1365, -13, 158}, 0, {2040, -12352}, {255, 255, 255, 255} }},
	{{ {-335, -69, 236}, 0, {-16, 2032}, {255, 255, 255, 255} }},
	{{ {1365, -69, 236}, 0, {-16, -12352}, {255, 255, 255, 255} }},
	{{ {-335, -973, 62}, 0, {-16, 2032}, {255, 255, 255, 255} }},
	{{ {1365, -973, 62}, 0, {-16, -12352}, {255, 255, 255, 255} }},
	{{ {1365, -973, 158}, 0, {2040, -12352}, {255, 255, 255, 255} }},
	{{ {-335, -973, 158}, 0, {2040, 2032}, {255, 255, 255, 255} }},
	{{ {1365, -917, 236}, 0, {-16, -12352}, {255, 255, 255, 255} }},
	{{ {-335, -917, 236}, 0, {-16, 2032}, {255, 255, 255, 255} }},
	{{ {1365, -846, -329}, 0, {-16, -12352}, {255, 255, 255, 255} }},
	{{ {-335, -846, -329}, 0, {-16, 2032}, {255, 255, 255, 255} }},
	{{ {-335, -790, -407}, 0, {2040, 2032}, {255, 255, 255, 255} }},
	{{ {1365, -790, -407}, 0, {2040, -12352}, {255, 255, 255, 255} }},
	{{ {-335, -698, -436}, 0, {-16, 2032}, {255, 255, 255, 255} }},
	{{ {1365, -698, -436}, 0, {-16, -12352}, {255, 255, 255, 255} }},
	{{ {-335, -585, 477}, 0, {-16, 2032}, {255, 255, 255, 255} }},
	{{ {1365, -585, 477}, 0, {-16, -12352}, {255, 255, 255, 255} }},
	{{ {1365, -493, 507}, 0, {2040, -12352}, {255, 255, 255, 255} }},
	{{ {-335, -493, 507}, 0, {2040, 2032}, {255, 255, 255, 255} }},
	{{ {1365, -401, 477}, 0, {-16, -12352}, {255, 255, 255, 255} }},
	{{ {-335, -401, 477}, 0, {-16, 2032}, {255, 255, 255, 255} }},
};

Vtx ow2_fc_002_object_011291AC_002_mesh_layer_5_vtx_0[44] = {
	{{ {1781, -16, -153}, 0, {10264, 1008}, {255, 255, 255, 255} }},
	{{ {1373, -16, -153}, 0, {10264, -1044}, {255, 255, 255, 255} }},
	{{ {1373, -16, 157}, 0, {9236, -1044}, {255, 255, 255, 255} }},
	{{ {1781, -16, 157}, 0, {9236, 1008}, {255, 255, 255, 255} }},
	{{ {1373, -198, 408}, 0, {8208, -1044}, {255, 255, 255, 255} }},
	{{ {1781, -198, 408}, 0, {8208, 1008}, {255, 255, 255, 255} }},
	{{ {1373, -493, 503}, 0, {7180, -1044}, {255, 255, 255, 255} }},
	{{ {1781, -493, 503}, 0, {7180, 1008}, {255, 255, 255, 255} }},
	{{ {1373, -788, 408}, 0, {6152, -1044}, {255, 255, 255, 255} }},
	{{ {1781, -788, 408}, 0, {6152, 1008}, {255, 255, 255, 255} }},
	{{ {1373, -970, 157}, 0, {5124, -1044}, {255, 255, 255, 255} }},
	{{ {1781, -970, 157}, 0, {5124, 1008}, {255, 255, 255, 255} }},
	{{ {1373, -970, -153}, 0, {4096, -1044}, {255, 255, 255, 255} }},
	{{ {1781, -970, -153}, 0, {4096, 1008}, {255, 255, 255, 255} }},
	{{ {1373, -788, -404}, 0, {3068, -1044}, {255, 255, 255, 255} }},
	{{ {1781, -788, -404}, 0, {3068, 1008}, {255, 255, 255, 255} }},
	{{ {1373, -493, -500}, 0, {2040, -1044}, {255, 255, 255, 255} }},
	{{ {1781, -493, -500}, 0, {2040, 1008}, {255, 255, 255, 255} }},
	{{ {1373, -198, -404}, 0, {1012, -1044}, {255, 255, 255, 255} }},
	{{ {1781, -198, -404}, 0, {1012, 1008}, {255, 255, 255, 255} }},
	{{ {1373, -16, -153}, 0, {-16, -1044}, {255, 255, 255, 255} }},
	{{ {1781, -16, -153}, 0, {-16, 1008}, {255, 255, 255, 255} }},
	{{ {-344, -16, -153}, 0, {10264, -1044}, {255, 255, 255, 255} }},
	{{ {-752, -16, -153}, 0, {10264, 1008}, {255, 255, 255, 255} }},
	{{ {-752, -16, 157}, 0, {9236, 1008}, {255, 255, 255, 255} }},
	{{ {-344, -16, 157}, 0, {9236, -1044}, {255, 255, 255, 255} }},
	{{ {-752, -198, 408}, 0, {8208, 1008}, {255, 255, 255, 255} }},
	{{ {-344, -198, 408}, 0, {8208, -1044}, {255, 255, 255, 255} }},
	{{ {-752, -493, 503}, 0, {7180, 1008}, {255, 255, 255, 255} }},
	{{ {-344, -493, 503}, 0, {7180, -1044}, {255, 255, 255, 255} }},
	{{ {-752, -788, 408}, 0, {6152, 1008}, {255, 255, 255, 255} }},
	{{ {-344, -788, 408}, 0, {6152, -1044}, {255, 255, 255, 255} }},
	{{ {-752, -970, 157}, 0, {5124, 1008}, {255, 255, 255, 255} }},
	{{ {-344, -970, 157}, 0, {5124, -1044}, {255, 255, 255, 255} }},
	{{ {-752, -970, -153}, 0, {4096, 1008}, {255, 255, 255, 255} }},
	{{ {-344, -970, -153}, 0, {4096, -1044}, {255, 255, 255, 255} }},
	{{ {-752, -788, -404}, 0, {3068, 1008}, {255, 255, 255, 255} }},
	{{ {-344, -788, -404}, 0, {3068, -1044}, {255, 255, 255, 255} }},
	{{ {-752, -493, -500}, 0, {2040, 1008}, {255, 255, 255, 255} }},
	{{ {-344, -493, -500}, 0, {2040, -1044}, {255, 255, 255, 255} }},
	{{ {-752, -198, -404}, 0, {1012, 1008}, {255, 255, 255, 255} }},
	{{ {-344, -198, -404}, 0, {1012, -1044}, {255, 255, 255, 255} }},
	{{ {-752, -16, -153}, 0, {-16, 1008}, {255, 255, 255, 255} }},
	{{ {-344, -16, -153}, 0, {-16, -1044}, {255, 255, 255, 255} }},
};

Vtx ow2_fc_002_object_011291AC_002_mesh_layer_6_vtx_0[8] = {
	{{ {-761, -697, -202}, 0, {4096, -16}, {130, 106, 153, 255} }},
	{{ {-761, -697, 206}, 0, {4096, 2032}, {62, 117, 108, 255} }},
	{{ {-761, -289, -202}, 0, {-16, -16}, {68, 138, 153, 255} }},
	{{ {-761, -289, 206}, 0, {-16, 2032}, {91, 98, 119, 255} }},
	{{ {1790, -289, 206}, 0, {4096, 2032}, {91, 98, 119, 255} }},
	{{ {1790, -697, 206}, 0, {-16, 2032}, {62, 117, 108, 255} }},
	{{ {1790, -289, -202}, 0, {4096, -16}, {130, 106, 153, 255} }},
	{{ {1790, -697, -202}, 0, {-16, -16}, {68, 138, 153, 255} }},
};


Gfx ow2_fc_002_object_011291AC_002_mesh_layer_1[] = {
	gsSPLoadGeometryMode(G_ZBUFFER | G_SHADE | G_CULL_BACK | G_SHADING_SMOOTH),
	gsDPSetCombineLERP(TEXEL0, 0, SHADE, 0, ENVIRONMENT, 0, SHADE, 0, TEXEL0, 0, SHADE, 0, ENVIRONMENT, 0, SHADE, 0),
	gsSPSetOtherMode(G_SETOTHERMODE_H, 4, 20, G_AD_NOISE | G_CD_MAGICSQ | G_CK_NONE | G_TC_FILT | G_TF_BILERP | G_TT_RGBA16 | G_TL_TILE | G_TD_CLAMP | G_TP_PERSP | G_CYC_1CYCLE | G_PM_NPRIMITIVE),
	gsSPTexture(65535, 65535, 0, 0, 1),
	gsDPSetTextureImage(G_IM_FMT_RGBA, G_IM_SIZ_16b, 1, ow2_fc_miu64_fcanime01_pal_rgba16),
	gsDPSetTile(0, 0, 0, 256, 5, 0, G_TX_WRAP | G_TX_NOMIRROR, 0, 0, G_TX_WRAP | G_TX_NOMIRROR, 0, 0),
	gsDPLoadTLUTCmd(5, 15),
	gsDPSetTextureImage(G_IM_FMT_CI, G_IM_SIZ_16b, 1, ow2_fc_miu64_fcanime01_ci4),
	gsDPSetTile(G_IM_FMT_CI, G_IM_SIZ_16b, 0, 0, 7, 0, G_TX_WRAP | G_TX_NOMIRROR, 0, 0, G_TX_WRAP | G_TX_NOMIRROR, 0, 0),
	gsDPLoadBlock(7, 0, 0, 1023, 512),
	gsDPSetTile(G_IM_FMT_CI, G_IM_SIZ_4b, 4, 0, 0, 0, G_TX_WRAP | G_TX_NOMIRROR, 6, 0, G_TX_CLAMP | G_TX_NOMIRROR, 6, 0),
	gsDPSetTileSize(0, 0, 0, 252, 252),
	gsSPVertex(ow2_fc_002_object_011291AC_002_mesh_layer_1_vtx_0 + 0, 30, 0),
	gsSP2Triangles(0, 1, 2, 0, 0, 2, 3, 0),
	gsSP2Triangles(3, 2, 4, 0, 3, 4, 5, 0),
	gsSP2Triangles(6, 7, 8, 0, 6, 8, 9, 0),
	gsSP2Triangles(9, 8, 10, 0, 9, 10, 11, 0),
	gsSP2Triangles(12, 13, 14, 0, 12, 14, 15, 0),
	gsSP2Triangles(15, 14, 16, 0, 15, 16, 17, 0),
	gsSP2Triangles(18, 19, 20, 0, 18, 20, 21, 0),
	gsSP2Triangles(21, 20, 22, 0, 21, 22, 23, 0),
	gsSP2Triangles(24, 25, 26, 0, 24, 26, 27, 0),
	gsSP2Triangles(27, 26, 28, 0, 27, 28, 29, 0),
	gsDPPipeSync(),
	gsDPSetTextureImage(G_IM_FMT_RGBA, G_IM_SIZ_16b, 1, ow2_fc_miu128_fc003_pal_rgba16),
	gsDPLoadTLUTCmd(5, 15),
	gsDPSetTextureImage(G_IM_FMT_CI, G_IM_SIZ_16b, 1, ow2_fc_miu128_fc003_ci4),
	gsDPLoadBlock(7, 0, 0, 1023, 512),
	gsDPSetTile(G_IM_FMT_CI, G_IM_SIZ_4b, 4, 0, 0, 0, G_TX_CLAMP | G_TX_NOMIRROR, 6, 0, G_TX_WRAP | G_TX_NOMIRROR, 6, 0),
	gsSPVertex(ow2_fc_002_object_011291AC_002_mesh_layer_1_vtx_1 + 0, 59, 0),
	gsSP2Triangles(0, 1, 2, 0, 2, 1, 3, 0),
	gsSP2Triangles(4, 5, 6, 0, 6, 5, 7, 0),
	gsSP2Triangles(8, 9, 10, 0, 10, 9, 11, 0),
	gsSP2Triangles(12, 13, 14, 0, 14, 13, 15, 0),
	gsSP2Triangles(16, 17, 18, 0, 18, 17, 19, 0),
	gsSP2Triangles(20, 21, 22, 0, 22, 21, 23, 0),
	gsSP2Triangles(24, 25, 26, 0, 26, 25, 27, 0),
	gsSP2Triangles(28, 29, 30, 0, 30, 29, 31, 0),
	gsSP2Triangles(32, 33, 34, 0, 34, 33, 35, 0),
	gsSP2Triangles(36, 37, 38, 0, 38, 37, 39, 0),
	gsSP2Triangles(40, 41, 42, 0, 43, 42, 41, 0),
	gsSP2Triangles(44, 42, 43, 0, 44, 45, 42, 0),
	gsSP2Triangles(45, 46, 42, 0, 42, 46, 47, 0),
	gsSP2Triangles(42, 47, 48, 0, 48, 49, 42, 0),
	gsSP2Triangles(50, 42, 49, 0, 40, 42, 50, 0),
	gsSP2Triangles(51, 52, 53, 0, 53, 52, 54, 0),
	gsSP2Triangles(53, 54, 55, 0, 55, 56, 53, 0),
	gsSP2Triangles(57, 53, 56, 0, 58, 53, 57, 0),
	gsSPVertex(ow2_fc_002_object_011291AC_002_mesh_layer_1_vtx_1 + 59, 28, 0),
	gsSP2Triangles(0, 1, 2, 0, 1, 3, 2, 0),
	gsSP2Triangles(2, 3, 4, 0, 2, 4, 5, 0),
	gsSP2Triangles(6, 7, 8, 0, 8, 7, 9, 0),
	gsSP2Triangles(8, 9, 10, 0, 8, 10, 11, 0),
	gsSP2Triangles(11, 12, 8, 0, 8, 12, 13, 0),
	gsSP2Triangles(8, 13, 14, 0, 14, 15, 8, 0),
	gsSP2Triangles(8, 15, 16, 0, 8, 16, 6, 0),
	gsSP2Triangles(17, 18, 19, 0, 20, 19, 18, 0),
	gsSP2Triangles(21, 19, 20, 0, 21, 22, 19, 0),
	gsSP2Triangles(23, 19, 22, 0, 24, 19, 23, 0),
	gsSP2Triangles(24, 25, 19, 0, 25, 26, 19, 0),
	gsSP2Triangles(27, 19, 26, 0, 17, 19, 27, 0),
	gsDPPipeSync(),
	gsDPSetTextureImage(G_IM_FMT_RGBA, G_IM_SIZ_16b, 1, ow2_fc_miu256_fc003_pal_rgba16),
	gsDPLoadTLUTCmd(5, 14),
	gsDPSetTextureImage(G_IM_FMT_CI, G_IM_SIZ_16b, 1, ow2_fc_miu256_fc003_ci4),
	gsDPLoadBlock(7, 0, 0, 1023, 512),
	gsDPSetTile(G_IM_FMT_CI, G_IM_SIZ_4b, 4, 0, 0, 0, G_TX_WRAP | G_TX_MIRROR, 6, 0, G_TX_WRAP | G_TX_MIRROR, 6, 0),
	gsSPVertex(ow2_fc_002_object_011291AC_002_mesh_layer_1_vtx_2 + 0, 41, 0),
	gsSP2Triangles(0, 1, 2, 0, 3, 1, 0, 0),
	gsSP2Triangles(3, 4, 1, 0, 3, 5, 4, 0),
	gsSP2Triangles(6, 5, 3, 0, 6, 7, 5, 0),
	gsSP2Triangles(8, 7, 6, 0, 8, 9, 7, 0),
	gsSP2Triangles(10, 11, 12, 0, 13, 11, 10, 0),
	gsSP2Triangles(14, 11, 13, 0, 14, 13, 15, 0),
	gsSP2Triangles(15, 13, 16, 0, 15, 16, 17, 0),
	gsSP2Triangles(17, 16, 18, 0, 17, 18, 19, 0),
	gsSP2Triangles(20, 21, 22, 0, 22, 21, 23, 0),
	gsSP2Triangles(22, 23, 24, 0, 24, 23, 25, 0),
	gsSP2Triangles(24, 25, 26, 0, 26, 25, 27, 0),
	gsSP2Triangles(26, 27, 28, 0, 28, 27, 29, 0),
	gsSP2Triangles(30, 31, 32, 0, 32, 31, 33, 0),
	gsSP2Triangles(32, 33, 34, 0, 34, 33, 35, 0),
	gsSP2Triangles(34, 35, 36, 0, 36, 37, 38, 0),
	gsSP2Triangles(36, 38, 39, 0, 39, 38, 40, 0),
	gsDPPipeSync(),
	gsDPSetTextureImage(G_IM_FMT_RGBA, G_IM_SIZ_16b, 1, ow2_fc_miu128_fc002_pal_rgba16),
	gsDPLoadTLUTCmd(5, 15),
	gsDPSetTextureImage(G_IM_FMT_CI, G_IM_SIZ_16b, 1, ow2_fc_miu128_fc002_ci4),
	gsDPLoadBlock(7, 0, 0, 1023, 512),
	gsDPSetTile(G_IM_FMT_CI, G_IM_SIZ_4b, 4, 0, 0, 0, G_TX_WRAP | G_TX_MIRROR, 6, 0, G_TX_CLAMP | G_TX_NOMIRROR, 6, 0),
	gsSPVertex(ow2_fc_002_object_011291AC_002_mesh_layer_1_vtx_3 + 0, 40, 0),
	gsSP2Triangles(0, 1, 2, 0, 2, 1, 3, 0),
	gsSP2Triangles(4, 5, 6, 0, 6, 5, 7, 0),
	gsSP2Triangles(8, 9, 10, 0, 10, 9, 11, 0),
	gsSP2Triangles(12, 13, 14, 0, 14, 13, 15, 0),
	gsSP2Triangles(16, 17, 18, 0, 18, 17, 19, 0),
	gsSP2Triangles(20, 21, 22, 0, 22, 21, 23, 0),
	gsSP2Triangles(24, 25, 26, 0, 26, 25, 27, 0),
	gsSP2Triangles(28, 29, 30, 0, 30, 29, 31, 0),
	gsSP2Triangles(32, 33, 34, 0, 34, 33, 35, 0),
	gsSP2Triangles(36, 37, 38, 0, 38, 37, 39, 0),
	gsDPPipeSync(),
	gsDPSetTextureImage(G_IM_FMT_RGBA, G_IM_SIZ_16b, 1, ow2_fc_miu64_fcanime00_pal_rgba16),
	gsDPLoadTLUTCmd(5, 15),
	gsDPSetTextureImage(G_IM_FMT_CI, G_IM_SIZ_16b, 1, ow2_fc_miu64_fcanime00_ci4),
	gsDPLoadBlock(7, 0, 0, 1023, 512),
	gsDPSetTile(G_IM_FMT_CI, G_IM_SIZ_4b, 4, 0, 0, 0, G_TX_WRAP | G_TX_NOMIRROR, 6, 0, G_TX_CLAMP | G_TX_NOMIRROR, 6, 0),
	gsSPVertex(ow2_fc_002_object_011291AC_002_mesh_layer_1_vtx_4 + 0, 30, 0),
	gsSP2Triangles(0, 1, 2, 0, 0, 2, 3, 0),
	gsSP2Triangles(3, 2, 4, 0, 3, 4, 5, 0),
	gsSP2Triangles(6, 7, 8, 0, 6, 8, 9, 0),
	gsSP2Triangles(9, 8, 10, 0, 9, 10, 11, 0),
	gsSP2Triangles(12, 13, 14, 0, 12, 14, 15, 0),
	gsSP2Triangles(15, 14, 16, 0, 15, 16, 17, 0),
	gsSP2Triangles(18, 19, 20, 0, 18, 20, 21, 0),
	gsSP2Triangles(21, 20, 22, 0, 21, 22, 23, 0),
	gsSP2Triangles(24, 25, 26, 0, 24, 26, 27, 0),
	gsSP2Triangles(27, 26, 28, 0, 27, 28, 29, 0),
	gsDPPipeSync(),
	gsSPLoadGeometryMode(G_ZBUFFER | G_SHADE | G_CULL_BACK | G_LIGHTING | G_SHADING_SMOOTH),
	gsSPSetOtherMode(G_SETOTHERMODE_H, 4, 20, G_CD_MAGICSQ | G_AD_DISABLE | G_CK_NONE | G_TC_FILT | G_TF_BILERP | G_TT_NONE | G_TL_TILE | G_TD_CLAMP | G_TP_PERSP | G_CYC_1CYCLE | G_PM_1PRIMITIVE),
	gsDPSetCombineLERP(0, 0, 0, SHADE, 0, 0, 0, ENVIRONMENT, 0, 0, 0, SHADE, 0, 0, 0, ENVIRONMENT),
	gsSPTexture(65535, 65535, 0, 0, 0),
	gsDPSetEnvColor(255, 255, 255, 255),
	gsDPSetAlphaCompareReal(G_AC_NONE),
	gsSPEndDisplayList(),
};

Gfx ow2_fc_002_object_011291AC_002_mesh_layer_5[] = {
	gsSPLoadGeometryMode(G_ZBUFFER | G_SHADE | G_CULL_BACK | G_SHADING_SMOOTH),
	gsDPSetCombineLERP(TEXEL0, 0, SHADE, 0, TEXEL0, 0, PRIMITIVE, 0, TEXEL0, 0, SHADE, 0, TEXEL0, 0, PRIMITIVE, 0),
	gsSPSetOtherMode(G_SETOTHERMODE_H, 4, 20, G_AD_NOISE | G_CD_MAGICSQ | G_CK_NONE | G_TC_FILT | G_TF_BILERP | G_TT_NONE | G_TL_TILE | G_TD_CLAMP | G_TP_PERSP | G_CYC_1CYCLE | G_PM_NPRIMITIVE),
	gsSPTexture(65535, 65535, 0, 0, 1),
	gsDPSetPrimColor(0, 0, 255, 255, 255, 255),
	gsDPSetTextureImage(G_IM_FMT_RGBA, G_IM_SIZ_32b_LOAD_BLOCK, 1, ow2_fc_miu128_fc001_rgba32),
	gsDPSetTile(G_IM_FMT_RGBA, G_IM_SIZ_32b_LOAD_BLOCK, 0, 0, 7, 0, G_TX_WRAP | G_TX_NOMIRROR, 0, 0, G_TX_WRAP | G_TX_NOMIRROR, 0, 0),
	gsDPLoadBlock(7, 0, 0, 1023, 128),
	gsDPSetTile(G_IM_FMT_RGBA, G_IM_SIZ_32b, 8, 0, 0, 0, G_TX_WRAP | G_TX_MIRROR, 5, 0, G_TX_WRAP | G_TX_NOMIRROR, 5, 0),
	gsDPSetTileSize(0, 0, 0, 124, 124),
	gsSPVertex(ow2_fc_002_object_011291AC_002_mesh_layer_5_vtx_0 + 0, 44, 0),
	gsSP2Triangles(0, 1, 2, 0, 0, 2, 3, 0),
	gsSP2Triangles(3, 2, 4, 0, 3, 4, 5, 0),
	gsSP2Triangles(5, 4, 6, 0, 5, 6, 7, 0),
	gsSP2Triangles(7, 6, 8, 0, 7, 8, 9, 0),
	gsSP2Triangles(9, 8, 10, 0, 9, 10, 11, 0),
	gsSP2Triangles(11, 10, 12, 0, 11, 12, 13, 0),
	gsSP2Triangles(13, 12, 14, 0, 13, 14, 15, 0),
	gsSP2Triangles(15, 14, 16, 0, 15, 16, 17, 0),
	gsSP2Triangles(17, 16, 18, 0, 17, 18, 19, 0),
	gsSP2Triangles(19, 18, 20, 0, 19, 20, 21, 0),
	gsSP2Triangles(22, 23, 24, 0, 22, 24, 25, 0),
	gsSP2Triangles(25, 24, 26, 0, 25, 26, 27, 0),
	gsSP2Triangles(27, 26, 28, 0, 27, 28, 29, 0),
	gsSP2Triangles(29, 28, 30, 0, 29, 30, 31, 0),
	gsSP2Triangles(31, 30, 32, 0, 31, 32, 33, 0),
	gsSP2Triangles(33, 32, 34, 0, 33, 34, 35, 0),
	gsSP2Triangles(35, 34, 36, 0, 35, 36, 37, 0),
	gsSP2Triangles(37, 36, 38, 0, 37, 38, 39, 0),
	gsSP2Triangles(39, 38, 40, 0, 39, 40, 41, 0),
	gsSP2Triangles(41, 40, 42, 0, 41, 42, 43, 0),
	gsDPPipeSync(),
	gsSPLoadGeometryMode(G_ZBUFFER | G_SHADE | G_CULL_BACK | G_LIGHTING | G_SHADING_SMOOTH),
	gsSPSetOtherMode(G_SETOTHERMODE_H, 4, 20, G_CD_MAGICSQ | G_AD_DISABLE | G_CK_NONE | G_TC_FILT | G_TF_BILERP | G_TT_NONE | G_TL_TILE | G_TD_CLAMP | G_TP_PERSP | G_CYC_1CYCLE | G_PM_1PRIMITIVE),
	gsDPSetCombineLERP(0, 0, 0, SHADE, 0, 0, 0, ENVIRONMENT, 0, 0, 0, SHADE, 0, 0, 0, ENVIRONMENT),
	gsSPTexture(65535, 65535, 0, 0, 0),
	gsDPSetEnvColor(255, 255, 255, 255),
	gsDPSetAlphaCompareReal(G_AC_NONE),
	gsSPEndDisplayList(),
};

Gfx ow2_fc_002_object_011291AC_002_mesh_layer_6[] = {
	gsSPLoadGeometryMode(G_ZBUFFER | G_SHADE | G_CULL_BACK | G_SHADING_SMOOTH),
	gsDPSetCombineLERP(TEXEL0, 0, SHADE, 0, TEXEL0, 0, PRIMITIVE, 0, TEXEL0, 0, SHADE, 0, TEXEL0, 0, PRIMITIVE, 0),
	gsSPSetOtherMode(G_SETOTHERMODE_H, 4, 20, G_AD_NOISE | G_CD_MAGICSQ | G_CK_NONE | G_TC_FILT | G_TF_BILERP | G_TT_RGBA16 | G_TL_TILE | G_TD_CLAMP | G_TP_PERSP | G_CYC_1CYCLE | G_PM_NPRIMITIVE),
	gsSPTexture(65535, 65535, 0, 0, 1),
	gsDPSetPrimColor(0, 0, 255, 255, 255, 255),
	gsDPSetTextureImage(G_IM_FMT_RGBA, G_IM_SIZ_16b, 1, ow2_fc_miu128_fc004_pal_rgba16),
	gsDPSetTile(0, 0, 0, 256, 5, 0, G_TX_WRAP | G_TX_NOMIRROR, 0, 0, G_TX_WRAP | G_TX_NOMIRROR, 0, 0),
	gsDPLoadTLUTCmd(5, 15),
	gsDPSetTextureImage(G_IM_FMT_CI, G_IM_SIZ_16b, 1, ow2_fc_miu128_fc004_ci4),
	gsDPSetTile(G_IM_FMT_CI, G_IM_SIZ_16b, 0, 0, 7, 0, G_TX_WRAP | G_TX_NOMIRROR, 0, 0, G_TX_WRAP | G_TX_NOMIRROR, 0, 0),
	gsDPLoadBlock(7, 0, 0, 1023, 512),
	gsDPSetTile(G_IM_FMT_CI, G_IM_SIZ_4b, 4, 0, 0, 0, G_TX_CLAMP | G_TX_NOMIRROR, 6, 0, G_TX_WRAP | G_TX_MIRROR, 6, 0),
	gsDPSetTileSize(0, 0, 0, 252, 252),
	gsSPVertex(ow2_fc_002_object_011291AC_002_mesh_layer_6_vtx_0 + 0, 8, 0),
	gsSP2Triangles(0, 1, 2, 0, 2, 1, 3, 0),
	gsSP2Triangles(4, 5, 6, 0, 6, 5, 7, 0),
	gsDPPipeSync(),
	gsSPLoadGeometryMode(G_ZBUFFER | G_SHADE | G_CULL_BACK | G_LIGHTING | G_SHADING_SMOOTH),
	gsSPSetOtherMode(G_SETOTHERMODE_H, 4, 20, G_CD_MAGICSQ | G_AD_DISABLE | G_CK_NONE | G_TC_FILT | G_TF_BILERP | G_TT_NONE | G_TL_TILE | G_TD_CLAMP | G_TP_PERSP | G_CYC_1CYCLE | G_PM_1PRIMITIVE),
	gsDPSetCombineLERP(0, 0, 0, SHADE, 0, 0, 0, ENVIRONMENT, 0, 0, 0, SHADE, 0, 0, 0, ENVIRONMENT),
	gsSPTexture(65535, 65535, 0, 0, 0),
	gsDPSetEnvColor(255, 255, 255, 255),
	gsDPSetAlphaCompareReal(G_AC_NONE),
	gsSPEndDisplayList(),
};

