ALIGNED8 u8 wj_skybox_T_junglenbg_rgba16[] = {
	0x96, 0x79, 0x96, 0x79, 0x96, 0x79, 0x9e, 0xb9, 
	0x9e, 0xb9, 0x9e, 0xb9, 0x9e, 0xb9, 0x9e, 0xb9, 
	0x9e, 0xb9, 0x9e, 0xb9, 0x9e, 0xb9, 0x9e, 0xb9, 
	0x9e, 0xb9, 0x9e, 0xb9, 0x9e, 0xb9, 0x9e, 0xb9, 
	0x9e, 0xb9, 0x96, 0x79, 0x9e, 0xb9, 0x9e, 0x79, 
	0x9e, 0xb9, 0x9e, 0xb9, 0x9e, 0xb9, 0x9e, 0xb9, 
	0x96, 0x79, 0x96, 0x79, 0x9e, 0xb9, 0x9e, 0xb9, 
	0x9e, 0xb9, 0x9e, 0xb9, 0x9e, 0xb9, 0x9e, 0xb9, 
	0x9e, 0xb9, 0x9e, 0xb9, 0x9e, 0xb9, 0x9e, 0xb9, 
	0x9e, 0xb9, 0x9e, 0xb9, 0x9e, 0xb9, 0x96, 0xb9, 
	0x96, 0x79, 0x9e, 0xb9, 0x96, 0x79, 0x96, 0x79, 
	0x96, 0x79, 0x96, 0x79, 0x96, 0x79, 0x96, 0x79, 
	0x96, 0x77, 0x96, 0x77, 0x96, 0x77, 0x96, 0x77, 
	0x96, 0x77, 0x96, 0x77, 0x96, 0x77, 0x96, 0x77, 
	0x96, 0x37, 0x96, 0x37, 0x96, 0x37, 0x96, 0x37, 
	0x96, 0x79, 0x96, 0x79, 0x96, 0x79, 0x96, 0x79, 
	0x96, 0x79, 0x96, 0x79, 0x96, 0x79, 0x9e, 0xb9, 
	0x9e, 0x79, 0x9e, 0x79, 0x9e, 0xb9, 0x96, 0x79, 
	0x96, 0x77, 0x96, 0x77, 0x96, 0x79, 0x96, 0x79, 
	0x96, 0x77, 0x96, 0x77, 0x96, 0x77, 0x96, 0x77, 
	0x96, 0x77, 0x96, 0x77, 0x96, 0x77, 0x96, 0x77, 
	0x96, 0x77, 0x96, 0x77, 0x96, 0x79, 0x9e, 0x79, 
	0x96, 0x79, 0x96, 0x79, 0x96, 0x79, 0x96, 0x79, 
	0x96, 0x79, 0x96, 0x79, 0x96, 0x79, 0x96, 0x79, 
	0x96, 0x77, 0x96, 0x77, 0x96, 0x79, 0x96, 0x79, 
	0x9e, 0xb9, 0x9e, 0xb9, 0x9e, 0xb9, 0x9e, 0xb9, 
	0x9e, 0xb9, 0x9e, 0xb9, 0x9e, 0xb9, 0x9e, 0xb9, 
	0x9e, 0xb9, 0x9e, 0xb9, 0x9e, 0xb9, 0x9e, 0xb9, 
	0x9e, 0xb9, 0x96, 0x79, 0x96, 0x79, 0x96, 0x79, 
	0x96, 0x79, 0x96, 0x79, 0x96, 0x79, 0x96, 0x79, 
	0x96, 0x77, 0x96, 0x77, 0x96, 0x77, 0x96, 0x77, 
	0x96, 0x77, 0x96, 0x77, 0x96, 0x79, 0x96, 0x79, 
	0x96, 0x77, 0x96, 0x77, 0x96, 0x77, 0x9e, 0xb9, 
	0x96, 0x79, 0x96, 0x79, 0x96, 0x79, 0x96, 0x79, 
	0x9e, 0xb9, 0x9e, 0xb9, 0x9e, 0xb9, 0x9e, 0xb9, 
	0x9e, 0xb9, 0x9e, 0xb9, 0x9e, 0xb9, 0x96, 0xb9, 
	0x96, 0x79, 0x96, 0x79, 0x96, 0x79, 0x96, 0x79, 
	0x96, 0x77, 0x96, 0x79, 0x96, 0x79, 0x96, 0x79, 
	0x96, 0x79, 0x96, 0x79, 0x96, 0xb9, 0x9e, 0xb9, 
	0x9e, 0xb9, 0x9e, 0xb9, 0x9e, 0xb9, 0x9e, 0xb9, 
	0x9e, 0xb9, 0x9e, 0xb9, 0x9e, 0xb9, 0x96, 0xb9, 
	0x96, 0xb9, 0x96, 0xb9, 0x96, 0xb9, 0x96, 0xb9, 
	0x96, 0x79, 0x96, 0x79, 0x96, 0x79, 0x96, 0x79, 
	0x96, 0x79, 0x96, 0x79, 0x96, 0x79, 0x96, 0x79, 
	0x96, 0x77, 0x96, 0x77, 0x96, 0x77, 0x96, 0x77, 
	0x96, 0x77, 0x96, 0x77, 0x96, 0x37, 0x8e, 0x35, 
	0x8d, 0xf3, 0x8d, 0xf3, 0x8d, 0xf3, 0x8e, 0x35, 
	0x8e, 0x37, 0x96, 0x79, 0x96, 0x79, 0x96, 0x79, 
	0x96, 0x79, 0x96, 0x79, 0x96, 0x79, 0x96, 0x79, 
	0x96, 0x77, 0x96, 0x77, 0x96, 0x77, 0x96, 0x77, 
	0x96, 0x77, 0x96, 0x77, 0x96, 0x77, 0x96, 0x77, 
	0x8e, 0x35, 0x8e, 0x35, 0x96, 0x77, 0x96, 0x77, 
	0x96, 0x77, 0x96, 0x77, 0x96, 0x77, 0x96, 0x77, 
	0x96, 0x77, 0x96, 0x77, 0x96, 0x79, 0x96, 0x79, 
	0x96, 0x79, 0x96, 0x79, 0x96, 0x79, 0x96, 0x79, 
	0x96, 0x79, 0x96, 0x79, 0x96, 0x79, 0x96, 0x79, 
	0x8e, 0x35, 0x8e, 0x35, 0x8e, 0x35, 0x8e, 0x37, 
	0x96, 0x79, 0x9e, 0xb9, 0x9e, 0xb9, 0x9e, 0xb9, 
	0x9e, 0xb9, 0x9e, 0xb9, 0x9e, 0xb9, 0x9e, 0xb9, 
	0x96, 0xb9, 0x96, 0xb9, 0x96, 0xb9, 0x96, 0xb9, 
	0x96, 0x79, 0x96, 0x79, 0x96, 0x79, 0x96, 0x79, 
	0x96, 0x79, 0x96, 0x79, 0x96, 0x77, 0x96, 0x77, 
	0x96, 0x77, 0x96, 0x77, 0x96, 0x77, 0x96, 0x77, 
	0x96, 0x77, 0x96, 0x77, 0x96, 0x77, 0x96, 0x77, 
	0x8e, 0x35, 0x8e, 0x35, 0x8e, 0x35, 0x96, 0x77, 
	0x96, 0x79, 0x96, 0x79, 0x96, 0x79, 0x96, 0x79, 
	0x96, 0x79, 0x9e, 0xb9, 0x9e, 0xb9, 0x9e, 0xb9, 
	0x9e, 0xb9, 0x9e, 0xb9, 0x96, 0x79, 0x96, 0x79, 
	0x96, 0x79, 0x96, 0x77, 0x96, 0x79, 0x8e, 0x37, 
	0x8e, 0x35, 0x8e, 0x35, 0x96, 0x77, 0x96, 0x77, 
	0x96, 0x77, 0x96, 0x77, 0x96, 0x79, 0x96, 0x79, 
	0x9e, 0xb9, 0x9e, 0xb9, 0x9e, 0xb9, 0x9e, 0xb9, 
	0x9e, 0xb9, 0x9e, 0xb9, 0x96, 0x79, 0x96, 0x79, 
	0x96, 0x79, 0x96, 0x79, 0x96, 0x79, 0x96, 0x79, 
	0x96, 0x77, 0x96, 0x79, 0x96, 0x79, 0x96, 0x77, 
	0x96, 0x77, 0x96, 0x77, 0x96, 0x77, 0x96, 0x77, 
	0x96, 0x35, 0x96, 0x35, 0x96, 0x37, 0x8d, 0xf5, 
	0x8d, 0xf3, 0x8d, 0xf3, 0x8d, 0xb3, 0x8d, 0xb3, 
	0x8d, 0xb1, 0x8d, 0xb1, 0x85, 0xb1, 0x8d, 0xf3, 
	0x8e, 0x35, 0x96, 0x77, 0x96, 0x77, 0x96, 0x77, 
	0x96, 0x77, 0x96, 0x77, 0x96, 0x77, 0x96, 0x77, 
	0x96, 0x77, 0x96, 0x77, 0x8e, 0x35, 0x8e, 0x35, 
	0x96, 0x77, 0x8e, 0x35, 0x8d, 0xf5, 0x8d, 0xf5, 
	0x8d, 0xf3, 0x8d, 0xf3, 0x8e, 0x35, 0x8e, 0x35, 
	0x8e, 0x35, 0x96, 0x35, 0x96, 0x35, 0x96, 0x35, 
	0x96, 0x35, 0x96, 0x35, 0x96, 0x77, 0x96, 0x77, 
	0x96, 0x77, 0x96, 0x77, 0x8e, 0x35, 0x96, 0x77, 
	0x96, 0x77, 0x96, 0x77, 0x8e, 0x77, 0x8e, 0x35, 
	0x85, 0xf3, 0x85, 0xf3, 0x85, 0xf3, 0x85, 0xf3, 
	0x8e, 0x35, 0x9e, 0xb9, 0x9e, 0xb9, 0x9e, 0xb9, 
	0x9e, 0xb9, 0x96, 0xb9, 0x96, 0x79, 0x96, 0x79, 
	0x96, 0x79, 0x96, 0xb9, 0x96, 0x79, 0x96, 0x79, 
	0x96, 0x79, 0x96, 0x79, 0x96, 0x77, 0x96, 0x77, 
	0x96, 0x77, 0x96, 0x77, 0x8e, 0x35, 0x8e, 0x35, 
	0x96, 0x35, 0x96, 0x35, 0x96, 0x35, 0x96, 0x35, 
	0x96, 0x35, 0x96, 0x35, 0x96, 0x35, 0x96, 0x35, 
	0x85, 0xf3, 0x85, 0xf3, 0x7d, 0xb1, 0x96, 0x77, 
	0x96, 0x79, 0x96, 0x79, 0x96, 0x79, 0x96, 0x79, 
	0x96, 0x79, 0x9e, 0xb9, 0x9e, 0xb9, 0x9e, 0xb9, 
	0x96, 0x79, 0x96, 0x79, 0x96, 0x79, 0x96, 0x79, 
	0x96, 0x77, 0x8e, 0x35, 0x96, 0x79, 0x8e, 0x37, 
	0x7d, 0xf3, 0x85, 0xf5, 0x8e, 0x35, 0x96, 0x77, 
	0x96, 0x77, 0x96, 0x77, 0x96, 0x79, 0x96, 0x79, 
	0x96, 0x79, 0x96, 0x79, 0x96, 0x79, 0x9e, 0xb9, 
	0x96, 0x79, 0x96, 0x79, 0x96, 0x79, 0x96, 0x79, 
	0x96, 0x79, 0x96, 0x79, 0x96, 0x79, 0x96, 0x77, 
	0x96, 0x77, 0x96, 0x77, 0x96, 0x79, 0x96, 0x77, 
	0x96, 0x77, 0x96, 0x77, 0x96, 0x77, 0x8e, 0x35, 
	0x8d, 0xf3, 0x8d, 0xf3, 0x8d, 0xf3, 0x85, 0xb1, 
	0x85, 0x71, 0x85, 0x71, 0x85, 0x6f, 0x85, 0x6f, 
	0x85, 0x6f, 0x85, 0x6f, 0x85, 0xb1, 0x85, 0xb1, 
	0x8d, 0xf3, 0x8e, 0x35, 0x8e, 0x35, 0x8e, 0x35, 
	0x8e, 0x37, 0x8e, 0x37, 0x8e, 0x37, 0x8e, 0x37, 
	0x96, 0x77, 0x8e, 0x35, 0x85, 0xb1, 0x8e, 0x35, 
	0x8e, 0x35, 0x85, 0xf3, 0x8d, 0xb3, 0x85, 0xb1, 
	0x7d, 0x6f, 0x7d, 0x6f, 0x85, 0xb1, 0x85, 0xb1, 
	0x8d, 0xf3, 0x8d, 0xf3, 0x8d, 0xf3, 0x8d, 0xf3, 
	0x8d, 0xf3, 0x8e, 0x35, 0x8e, 0x35, 0x8e, 0x35, 
	0x8e, 0x35, 0x8e, 0x35, 0x8e, 0x33, 0x8e, 0x35, 
	0x8e, 0x37, 0x8e, 0x37, 0x8e, 0x35, 0x86, 0x35, 
	0x85, 0xf3, 0x7d, 0xb1, 0x85, 0xf3, 0x7d, 0xb1, 
	0x85, 0xf3, 0x96, 0x77, 0x96, 0x79, 0x9e, 0xb9, 
	0x9e, 0xb9, 0x96, 0xb9, 0x96, 0x79, 0x9e, 0xb9, 
	0x96, 0x79, 0x96, 0x77, 0x96, 0x79, 0x96, 0x79, 
	0x96, 0x79, 0x8e, 0x37, 0x8e, 0x37, 0x8e, 0x37, 
	0x8e, 0x35, 0x8e, 0x35, 0x85, 0xf1, 0x8d, 0xf3, 
	0x8d, 0xf3, 0x8d, 0xf3, 0x8d, 0xf3, 0x8d, 0xf3, 
	0x8d, 0xf3, 0x8d, 0xf3, 0x8d, 0xf3, 0x8e, 0x35, 
	0x7d, 0x2d, 0x7d, 0x6f, 0x7d, 0xb1, 0x96, 0x77, 
	0x96, 0x79, 0x96, 0x79, 0x96, 0x79, 0x96, 0x79, 
	0x9e, 0x79, 0x9e, 0x79, 0x9e, 0x79, 0x9e, 0x79, 
	0x9e, 0xb9, 0x96, 0x79, 0x96, 0x79, 0x96, 0x79, 
	0x96, 0x79, 0x8e, 0x37, 0x8e, 0x35, 0x8e, 0x35, 
	0x6d, 0x2d, 0x7d, 0xb1, 0x85, 0xb1, 0x8e, 0x35, 
	0x8e, 0x35, 0x96, 0x77, 0x96, 0x79, 0x96, 0x79, 
	0x96, 0x79, 0x96, 0x79, 0x96, 0x79, 0x96, 0x79, 
	0x96, 0x79, 0x96, 0x79, 0x96, 0x79, 0x96, 0x77, 
	0x96, 0x77, 0x96, 0x77, 0x96, 0x77, 0x96, 0x77, 
	0x8e, 0x37, 0x96, 0x77, 0x96, 0x77, 0x96, 0x77, 
	0x96, 0x77, 0x8e, 0x37, 0x8e, 0x35, 0x85, 0xf1, 
	0x85, 0xb1, 0x85, 0xb1, 0x85, 0xb1, 0x7d, 0x6d, 
	0x7d, 0x2d, 0x7d, 0x2b, 0x7d, 0x2b, 0x7d, 0x2b, 
	0x7d, 0x2b, 0x7d, 0x2b, 0x7d, 0x2d, 0x7d, 0x2d, 
	0x85, 0xf3, 0x8e, 0x35, 0x8e, 0x35, 0x8e, 0x35, 
	0x8e, 0x35, 0x8e, 0x35, 0x8e, 0x35, 0x96, 0x77, 
	0x96, 0x77, 0x85, 0xf1, 0x7d, 0xad, 0x85, 0xf1, 
	0x7d, 0xaf, 0x7d, 0xaf, 0x7d, 0x6f, 0x7d, 0x6f, 
	0x7d, 0x2d, 0x7d, 0x2d, 0x7d, 0x6f, 0x7d, 0x6f, 
	0x7d, 0x6f, 0x85, 0xb1, 0x85, 0xb1, 0x85, 0xb1, 
	0x85, 0xb1, 0x85, 0xb1, 0x85, 0xf1, 0x85, 0xf1, 
	0x85, 0xf1, 0x85, 0xf1, 0x85, 0xf3, 0x85, 0xf3, 
	0x86, 0x33, 0x8e, 0x35, 0x8e, 0x35, 0x7d, 0xb3, 
	0x75, 0x6f, 0x75, 0x6d, 0x7d, 0xb1, 0x75, 0x6f, 
	0x7d, 0xaf, 0x96, 0x77, 0x96, 0x77, 0x96, 0x77, 
	0x96, 0x79, 0x96, 0x79, 0x96, 0x77, 0x96, 0x77, 
	0x96, 0x77, 0x8e, 0x35, 0x96, 0x77, 0x8e, 0x37, 
	0x96, 0x77, 0x8e, 0x37, 0x8e, 0x37, 0x8e, 0x37, 
	0x8e, 0x35, 0x7d, 0x6d, 0x7d, 0x6f, 0x85, 0xb1, 
	0x85, 0xaf, 0x85, 0xaf, 0x85, 0xb1, 0x85, 0xb1, 
	0x85, 0xb1, 0x85, 0xb1, 0x85, 0xb1, 0x8d, 0xf3, 
	0x75, 0x2b, 0x7d, 0x2d, 0x75, 0x2d, 0x96, 0x77, 
	0x96, 0x79, 0x96, 0x79, 0x96, 0x79, 0x96, 0x79, 
	0x9e, 0xb9, 0x9e, 0xb9, 0x96, 0x79, 0xa6, 0xbb, 
	0x9e, 0xb9, 0x96, 0x79, 0x96, 0x79, 0x96, 0x79, 
	0x96, 0x79, 0x8e, 0x37, 0x96, 0x77, 0x96, 0x79, 
	0x65, 0x2b, 0x75, 0x6f, 0x85, 0xb1, 0x85, 0xf3, 
	0x8e, 0x35, 0x8e, 0x35, 0x96, 0x79, 0x96, 0x79, 
	0x96, 0x79, 0x96, 0x79, 0x96, 0x79, 0x96, 0x77, 
	0x96, 0x79, 0x96, 0x79, 0x96, 0x77, 0x96, 0x37, 
	0x96, 0x77, 0x96, 0x77, 0x8e, 0x77, 0x8e, 0x77, 
	0x8e, 0x37, 0x8e, 0x37, 0x8e, 0x37, 0x8e, 0x37, 
	0x8e, 0x35, 0x8e, 0x35, 0x8d, 0xf3, 0x85, 0xaf, 
	0x7d, 0xaf, 0x7d, 0x6f, 0x7d, 0x6d, 0x75, 0x2b, 
	0x74, 0xe9, 0x74, 0xe9, 0x74, 0xe9, 0x74, 0xe9, 
	0x74, 0xe9, 0x74, 0xe9, 0x74, 0xe9, 0x7d, 0x2d, 
	0x85, 0xaf, 0x85, 0xf3, 0x85, 0xf3, 0x85, 0xf3, 
	0x85, 0xf3, 0x8e, 0x35, 0x8e, 0x35, 0x96, 0x77, 
	0x8e, 0x35, 0x7d, 0xaf, 0x75, 0x6b, 0x75, 0x6b, 
	0x75, 0x6d, 0x75, 0x6d, 0x7d, 0x2d, 0x74, 0xeb, 
	0x74, 0xeb, 0x74, 0xeb, 0x75, 0x2b, 0x75, 0x2b, 
	0x75, 0x2d, 0x7d, 0x6f, 0x7d, 0x6f, 0x7d, 0x6f, 
	0x7d, 0x6f, 0x7d, 0x6f, 0x7d, 0xaf, 0x7d, 0xaf, 
	0x7d, 0xaf, 0x7d, 0xb1, 0x7d, 0xaf, 0x85, 0xf1, 
	0x7d, 0xf1, 0x7d, 0xf1, 0x7d, 0xb3, 0x75, 0xb1, 
	0x6d, 0x2b, 0x6d, 0x2b, 0x75, 0x6f, 0x75, 0x6d, 
	0x7d, 0xaf, 0x85, 0xf1, 0x96, 0x77, 0x96, 0x77, 
	0x96, 0x79, 0x9e, 0xb9, 0x96, 0x77, 0x96, 0x77, 
	0x96, 0x77, 0x8e, 0x35, 0x8e, 0x37, 0x8e, 0x37, 
	0x8e, 0x37, 0x8e, 0x37, 0x85, 0xf5, 0x85, 0xf3, 
	0x8e, 0x35, 0x75, 0x29, 0x75, 0x2b, 0x7d, 0x2d, 
	0x7d, 0x6d, 0x7d, 0x6d, 0x7d, 0x6f, 0x7d, 0x6f, 
	0x7d, 0x6f, 0x85, 0xb1, 0x7d, 0x6f, 0x85, 0xb1, 
	0x6c, 0xe9, 0x75, 0x2b, 0x6c, 0xeb, 0x85, 0xf5, 
	0x9e, 0xb9, 0x96, 0x79, 0x96, 0x79, 0x9e, 0xb9, 
	0x96, 0x79, 0x9e, 0xb9, 0x96, 0x77, 0x9e, 0xb9, 
	0x9e, 0xb9, 0x96, 0x79, 0x96, 0x79, 0x96, 0x79, 
	0x8e, 0x35, 0x96, 0x77, 0x9e, 0xb9, 0x9e, 0x79, 
	0x6d, 0x2b, 0x75, 0x6d, 0x7d, 0xb1, 0x85, 0xf3, 
	0x85, 0xf3, 0x8e, 0x37, 0x96, 0x77, 0x96, 0x77, 
	0x96, 0x77, 0x96, 0x77, 0x96, 0x77, 0x8e, 0x37, 
	0x96, 0x77, 0x96, 0x77, 0x8e, 0x37, 0x8e, 0x37, 
	0x8e, 0x35, 0x8e, 0x35, 0x8e, 0x35, 0x8e, 0x35, 
	0x8e, 0x35, 0x8e, 0x35, 0x8e, 0x77, 0x8e, 0x35, 
	0x8e, 0x35, 0x8e, 0x35, 0x7d, 0xaf, 0x7d, 0x2d, 
	0x6c, 0xe9, 0x6c, 0xe9, 0x6c, 0xa9, 0x6c, 0xa9, 
	0x6c, 0xa7, 0x6c, 0xa7, 0x6c, 0xa7, 0x74, 0xa7, 
	0x6c, 0xa7, 0x6c, 0xa7, 0x6c, 0xa7, 0x74, 0xe9, 
	0x7d, 0xaf, 0x85, 0xf1, 0x85, 0xf3, 0x85, 0xf3, 
	0x85, 0xf3, 0x8e, 0x35, 0x8e, 0x35, 0x8e, 0x35, 
	0x8e, 0x35, 0x75, 0x6d, 0x6c, 0xe9, 0x75, 0x6f, 
	0x7d, 0xad, 0x75, 0x29, 0x75, 0x2b, 0x74, 0xa9, 
	0x74, 0xa9, 0x6c, 0xa9, 0x6c, 0xa7, 0x6c, 0xa7, 
	0x74, 0xeb, 0x74, 0xeb, 0x75, 0x2b, 0x75, 0x2b, 
	0x75, 0x2d, 0x75, 0x2d, 0x75, 0x6d, 0x75, 0x6d, 
	0x75, 0x6d, 0x75, 0x6d, 0x75, 0x6d, 0x75, 0x6d, 
	0x75, 0x2b, 0x75, 0x6d, 0x75, 0x6d, 0x6d, 0x2b, 
	0x64, 0xe9, 0x64, 0xe9, 0x6d, 0x2b, 0x6d, 0x2b, 
	0x75, 0x2d, 0x7d, 0xb1, 0x8e, 0x35, 0x96, 0x77, 
	0x96, 0x79, 0x9e, 0xb9, 0x96, 0x79, 0x96, 0x79, 
	0x8e, 0x77, 0x86, 0x35, 0x86, 0x35, 0x8e, 0x35, 
	0x86, 0x35, 0x86, 0x35, 0x86, 0x35, 0x85, 0xf5, 
	0x7d, 0x6f, 0x6c, 0xe9, 0x6c, 0xa7, 0x74, 0xe7, 
	0x74, 0xeb, 0x74, 0xeb, 0x7d, 0x2b, 0x7d, 0x2b, 
	0x7d, 0x2d, 0x7d, 0x2d, 0x75, 0x2d, 0x7d, 0x6d, 
	0x6c, 0xa9, 0x6c, 0xe9, 0x6c, 0xeb, 0x85, 0xf5, 
	0x96, 0x79, 0x96, 0x79, 0x96, 0x79, 0x9e, 0x79, 
	0x96, 0x79, 0x8e, 0x37, 0x96, 0x79, 0x96, 0x77, 
	0x96, 0x79, 0x96, 0x79, 0xae, 0xfd, 0x96, 0x79, 
	0x9e, 0xb9, 0x9e, 0xb9, 0x96, 0x37, 0x9e, 0x79, 
	0x75, 0x6d, 0x75, 0x6d, 0x7d, 0x6f, 0x7d, 0xb1, 
	0x85, 0xf3, 0x85, 0xf3, 0x96, 0x77, 0x8e, 0x37, 
	0x96, 0x77, 0x96, 0x77, 0x8e, 0x37, 0x8e, 0x37, 
	0x8e, 0x37, 0x8e, 0x37, 0x8e, 0x37, 0x8e, 0x37, 
	0x8e, 0x35, 0x8e, 0x35, 0x8e, 0x35, 0x8e, 0x35, 
	0x86, 0x35, 0x86, 0x35, 0x8e, 0x35, 0x8e, 0x35, 
	0x85, 0xf3, 0x85, 0xf3, 0x74, 0xe9, 0x74, 0xe9, 
	0x64, 0xa7, 0x5c, 0x63, 0x64, 0x63, 0x64, 0x63, 
	0x64, 0x23, 0x64, 0x23, 0x6c, 0x65, 0x6c, 0x65, 
	0x6c, 0x65, 0x64, 0x65, 0x6c, 0xa5, 0x74, 0xe7, 
	0x7d, 0xaf, 0x7d, 0xaf, 0x7d, 0xb1, 0x7d, 0xb1, 
	0x7d, 0xf1, 0x8e, 0x35, 0x8e, 0x35, 0x8e, 0x35, 
	0x85, 0xb1, 0x6c, 0xe9, 0x75, 0x2b, 0x7d, 0xf1, 
	0x6c, 0xa5, 0x64, 0x61, 0x6c, 0x65, 0x6c, 0x65, 
	0x6c, 0x67, 0x6c, 0x67, 0x64, 0x65, 0x6c, 0xa7, 
	0x6c, 0xa7, 0x6c, 0xa9, 0x6c, 0xe9, 0x6c, 0xe9, 
	0x6c, 0xeb, 0x6c, 0xeb, 0x6c, 0xeb, 0x75, 0x6d, 
	0x75, 0x6d, 0x6d, 0x2b, 0x75, 0x2b, 0x6c, 0xe9, 
	0x6d, 0x29, 0x6d, 0x29, 0x64, 0xe7, 0x64, 0xe7, 
	0x5c, 0xa5, 0x64, 0xe7, 0x64, 0xe9, 0x64, 0xe9, 
	0x6d, 0x2b, 0x7d, 0xb1, 0x8e, 0x35, 0x96, 0x77, 
	0x96, 0x79, 0x9e, 0xb9, 0x96, 0x79, 0x96, 0x79, 
	0x8e, 0x35, 0x86, 0x35, 0x86, 0x35, 0x86, 0x35, 
	0x86, 0x35, 0x86, 0x35, 0x85, 0xf5, 0x85, 0xf5, 
	0x6c, 0xe9, 0x64, 0xa5, 0x6c, 0x65, 0x6c, 0xa7, 
	0x74, 0xa9, 0x74, 0xa9, 0x74, 0xe9, 0x74, 0xe9, 
	0x74, 0xe9, 0x74, 0xe9, 0x75, 0x2b, 0x75, 0x2b, 
	0x64, 0x65, 0x64, 0x65, 0x64, 0xa5, 0x85, 0xf1, 
	0x96, 0x79, 0x96, 0x77, 0x96, 0x79, 0x96, 0x79, 
	0x8e, 0x37, 0x96, 0x77, 0x96, 0x79, 0x96, 0x79, 
	0x96, 0x79, 0x9e, 0x79, 0x9e, 0x79, 0x96, 0x79, 
	0x85, 0xf5, 0x96, 0x79, 0x9e, 0xbb, 0x8e, 0x37, 
	0x5c, 0xeb, 0x6d, 0x2d, 0x75, 0x6d, 0x75, 0x6d, 
	0x7d, 0xf1, 0x7d, 0xf1, 0x8e, 0x77, 0x8e, 0x77, 
	0x96, 0x79, 0x96, 0x77, 0x8e, 0x37, 0x8e, 0x35, 
	0x85, 0xf5, 0x86, 0x35, 0x8e, 0x35, 0x8e, 0x35, 
	0x86, 0x35, 0x86, 0x35, 0x86, 0x35, 0x85, 0xf3, 
	0x85, 0xf3, 0x86, 0x33, 0x85, 0xf3, 0x86, 0x35, 
	0x86, 0x33, 0x86, 0x33, 0x6c, 0xa7, 0x6c, 0xa7, 
	0x54, 0x1f, 0x5c, 0x63, 0x5b, 0xe1, 0x5b, 0xe1, 
	0x63, 0xe1, 0x64, 0x21, 0x64, 0x21, 0x64, 0x21, 
	0x64, 0x21, 0x64, 0x63, 0x64, 0x23, 0x6c, 0xa7, 
	0x75, 0x6d, 0x7d, 0xaf, 0x75, 0x6f, 0x7d, 0xaf, 
	0x7d, 0xb1, 0x85, 0xf3, 0x85, 0xf3, 0x85, 0xf3, 
	0x75, 0x2b, 0x6c, 0xe7, 0x75, 0x6d, 0x75, 0x6d, 
	0x7d, 0xab, 0x5c, 0x1f, 0x6c, 0x23, 0x6c, 0x21, 
	0x64, 0x23, 0x6c, 0x23, 0x5c, 0x23, 0x5c, 0x23, 
	0x64, 0x65, 0x64, 0x65, 0x64, 0xa5, 0x64, 0xa5, 
	0x64, 0xa7, 0x6c, 0xa7, 0x64, 0xa7, 0x6c, 0xe9, 
	0x6c, 0xe9, 0x6d, 0x2b, 0x6d, 0x2b, 0x64, 0xa7, 
	0x64, 0xe7, 0x64, 0xe9, 0x5c, 0xa5, 0x5c, 0xa5, 
	0x5c, 0x63, 0x5c, 0xa5, 0x5c, 0xa5, 0x64, 0xe7, 
	0x64, 0xe9, 0x75, 0x6d, 0x85, 0xf3, 0x8e, 0x35, 
	0x96, 0x77, 0x96, 0x77, 0x96, 0x77, 0x96, 0x77, 
	0x8e, 0x37, 0x85, 0xf5, 0x85, 0xf5, 0x86, 0x35, 
	0x86, 0x35, 0x7d, 0xf3, 0x85, 0xf3, 0x7d, 0xb1, 
	0x7d, 0xb1, 0x64, 0x23, 0x64, 0x23, 0x64, 0x63, 
	0x6c, 0x65, 0x6c, 0xa7, 0x6c, 0xa7, 0x6c, 0xa7, 
	0x74, 0xa7, 0x74, 0xa7, 0x6c, 0xa7, 0x74, 0xe9, 
	0x64, 0x23, 0x64, 0x65, 0x64, 0xa5, 0x7d, 0x6d, 
	0x96, 0x77, 0x96, 0x79, 0x8e, 0x37, 0x96, 0x79, 
	0x8e, 0x37, 0x96, 0x77, 0x9e, 0x79, 0x96, 0x79, 
	0x96, 0x79, 0xa6, 0xbb, 0xa6, 0xbb, 0x96, 0x79, 
	0x85, 0xf5, 0x8e, 0x37, 0x96, 0x39, 0x96, 0x79, 
	0x6d, 0x2d, 0x6d, 0x2d, 0x75, 0x6d, 0x75, 0x6d, 
	0x7d, 0xb1, 0x85, 0xf3, 0x96, 0xb9, 0x8e, 0x77, 
	0x96, 0x77, 0x96, 0x77, 0x96, 0x77, 0x8e, 0x37, 
	0x85, 0xf5, 0x85, 0xf5, 0x85, 0xf3, 0x85, 0xf3, 
	0x8e, 0x35, 0x86, 0x35, 0x85, 0xf3, 0x85, 0xf3, 
	0x85, 0xf3, 0x85, 0xf3, 0x85, 0xf3, 0x85, 0xf3, 
	0x85, 0xf3, 0x85, 0xf3, 0x64, 0x63, 0x64, 0x63, 
	0x54, 0x1f, 0x53, 0xdd, 0x54, 0x21, 0x63, 0xe1, 
	0x5b, 0xdf, 0x5b, 0x9f, 0x5b, 0xdf, 0x5b, 0xdf, 
	0x5b, 0xe1, 0x64, 0x21, 0x64, 0x23, 0x6c, 0x65, 
	0x75, 0x6d, 0x75, 0x6d, 0x75, 0x6f, 0x75, 0x6f, 
	0x7d, 0xb1, 0x7d, 0xf1, 0x85, 0xf3, 0x85, 0xf3, 
	0x6c, 0xe7, 0x6c, 0xe7, 0x5c, 0x5f, 0x5c, 0x5f, 
	0x5c, 0x1f, 0x5c, 0x1f, 0x6b, 0xe1, 0x6c, 0x21, 
	0x63, 0xe1, 0x64, 0x23, 0x5c, 0x23, 0x5c, 0x23, 
	0x5b, 0xe1, 0x5c, 0x23, 0x5c, 0x23, 0x64, 0x65, 
	0x64, 0x65, 0x64, 0x65, 0x64, 0x65, 0x64, 0xa7, 
	0x64, 0x65, 0x6d, 0x2b, 0x6d, 0x6d, 0x6d, 0x2b, 
	0x64, 0xe7, 0x5c, 0xa5, 0x5c, 0xa5, 0x54, 0x63, 
	0x54, 0x63, 0x5c, 0x63, 0x54, 0x63, 0x5c, 0xa5, 
	0x5c, 0xa7, 0x75, 0x6d, 0x7d, 0xb1, 0x85, 0xf3, 
	0x8e, 0x37, 0x96, 0x77, 0x96, 0x77, 0x96, 0x77, 
	0x8e, 0x37, 0x85, 0xf5, 0x7d, 0xf3, 0x85, 0xf5, 
	0x7d, 0xf3, 0x7d, 0xf3, 0x85, 0xf3, 0x7d, 0xaf, 
	0x6c, 0xa7, 0x64, 0x23, 0x64, 0x21, 0x64, 0x23, 
	0x6c, 0x65, 0x6c, 0x65, 0x64, 0x65, 0x64, 0x65, 
	0x6c, 0x65, 0x6c, 0x65, 0x6c, 0xa7, 0x6c, 0xa7, 
	0x64, 0x23, 0x64, 0x23, 0x5c, 0x65, 0x6c, 0xeb, 
	0x96, 0x77, 0x8e, 0x37, 0x8e, 0x37, 0x96, 0x77, 
	0x96, 0x77, 0x96, 0x77, 0x96, 0x79, 0x96, 0x79, 
	0x9e, 0x79, 0x9e, 0xbb, 0x9e, 0x79, 0x9e, 0x79, 
	0x85, 0xf5, 0x8e, 0x37, 0x96, 0x79, 0x96, 0x79, 
	0x6d, 0x6f, 0x65, 0x2d, 0x7d, 0x6d, 0x6d, 0x2b, 
	0x7d, 0xb3, 0x7d, 0xb3, 0x8e, 0x37, 0x96, 0x77, 
	0x96, 0x77, 0x96, 0x77, 0x96, 0x77, 0x86, 0x35, 
	0x86, 0x35, 0x85, 0xf5, 0x86, 0x35, 0x85, 0xf3, 
	0x85, 0xf3, 0x85, 0xf3, 0x7d, 0xf1, 0x7d, 0xf1, 
	0x7d, 0xf1, 0x7d, 0xf1, 0x85, 0xf3, 0x86, 0x35, 
	0x86, 0x35, 0x6d, 0x2b, 0x5c, 0x63, 0x64, 0xa3, 
	0x4b, 0xdd, 0x4b, 0xdd, 0x53, 0xdd, 0x53, 0x9d, 
	0x5b, 0x9d, 0x5b, 0x9d, 0x5b, 0x9f, 0x53, 0x9d, 
	0x5b, 0x9f, 0x5b, 0xdf, 0x5c, 0x23, 0x64, 0xa5, 
	0x75, 0x6d, 0x75, 0x6d, 0x75, 0x6d, 0x75, 0x6d, 
	0x7d, 0xaf, 0x7d, 0xb1, 0x7d, 0xb1, 0x85, 0xf1, 
	0x6c, 0xa7, 0x6c, 0xa7, 0x7d, 0xaf, 0x7d, 0xaf, 
	0x6c, 0xe7, 0x64, 0x63, 0x6c, 0x63, 0x63, 0xe1, 
	0x5c, 0x23, 0x5c, 0x23, 0x5c, 0x23, 0x5b, 0xe1, 
	0x53, 0xe1, 0x53, 0xe1, 0x53, 0xdf, 0x5c, 0x23, 
	0x5c, 0x63, 0x5c, 0x63, 0x5c, 0x65, 0x64, 0xa7, 
	0x5c, 0x65, 0x5c, 0x65, 0x64, 0xe7, 0x65, 0x29, 
	0x64, 0xa7, 0x5c, 0x65, 0x5c, 0x65, 0x54, 0x63, 
	0x54, 0x21, 0x54, 0x21, 0x54, 0x61, 0x54, 0x63, 
	0x5c, 0xa3, 0x6d, 0x29, 0x75, 0x6d, 0x7d, 0xb1, 
	0x86, 0x35, 0x86, 0x35, 0x8e, 0x77, 0x8e, 0x37, 
	0x86, 0x37, 0x85, 0xf5, 0x7d, 0xf3, 0x7d, 0xf3, 
	0x86, 0x35, 0x7d, 0xf3, 0x7d, 0xb1, 0x7d, 0xb1, 
	0x64, 0x63, 0x64, 0x63, 0x5c, 0x21, 0x64, 0x23, 
	0x64, 0x65, 0x64, 0x65, 0x64, 0x23, 0x64, 0x65, 
	0x64, 0x65, 0x64, 0x65, 0x64, 0x65, 0x6c, 0x65, 
	0x5c, 0x23, 0x5c, 0x23, 0x5c, 0x65, 0x6c, 0xeb, 
	0x8e, 0x37, 0x85, 0xf5, 0x8e, 0x37, 0x96, 0x77, 
	0x8e, 0x37, 0x8e, 0x37, 0x96, 0x79, 0x96, 0x79, 
	0x96, 0x79, 0x96, 0x79, 0x96, 0x79, 0x9e, 0x79, 
	0x8e, 0x37, 0x8e, 0x35, 0x9e, 0xbb, 0x85, 0xf5, 
	0x6d, 0x6f, 0x65, 0x2d, 0x6d, 0x2b, 0x65, 0x2b, 
	0x7d, 0xb3, 0x75, 0xb1, 0x8e, 0x37, 0x96, 0x77, 
	0x96, 0x79, 0x8e, 0x37, 0x9e, 0xb9, 0x8e, 0x37, 
	0x8e, 0x37, 0x8e, 0x37, 0x85, 0xf3, 0x86, 0x35, 
	0x8e, 0x35, 0x85, 0xf3, 0x85, 0xf3, 0x85, 0xf3, 
	0x7d, 0xf1, 0x7d, 0xf1, 0x86, 0x35, 0x86, 0x35, 
	0x86, 0x35, 0x64, 0xe7, 0x5c, 0x21, 0x5c, 0x21, 
	0x4b, 0x9b, 0x4b, 0x9b, 0x53, 0x9d, 0x53, 0x9d, 
	0x53, 0x5d, 0x53, 0x5d, 0x53, 0x5d, 0x53, 0x5d, 
	0x5b, 0x9d, 0x5b, 0xdf, 0x5b, 0xe1, 0x64, 0xa5, 
	0x6d, 0x2b, 0x75, 0x6d, 0x75, 0x6d, 0x75, 0x6d, 
	0x7d, 0xaf, 0x7d, 0xb1, 0x7d, 0xb1, 0x75, 0xaf, 
	0x64, 0xa5, 0x75, 0x2b, 0x6d, 0x29, 0x75, 0x6b, 
	0x6c, 0xe7, 0x6c, 0xe7, 0x6c, 0xa7, 0x63, 0xe1, 
	0x5c, 0x23, 0x5c, 0x23, 0x5c, 0x23, 0x5b, 0xe1, 
	0x5c, 0x21, 0x53, 0xe1, 0x53, 0xe1, 0x53, 0xe1, 
	0x5c, 0x21, 0x5c, 0x23, 0x5c, 0x63, 0x5c, 0x63, 
	0x64, 0xa7, 0x64, 0xa7, 0x64, 0xe7, 0x5c, 0xa7, 
	0x5c, 0xa5, 0x54, 0x63, 0x54, 0x63, 0x54, 0x63, 
	0x4b, 0xdf, 0x4c, 0x21, 0x54, 0x21, 0x54, 0x61, 
	0x5c, 0xa3, 0x64, 0xe7, 0x6d, 0x2b, 0x85, 0xf3, 
	0x85, 0xf3, 0x7d, 0xf3, 0x8e, 0x37, 0x8e, 0x77, 
	0x8e, 0x37, 0x86, 0x37, 0x75, 0xb1, 0x7d, 0xf3, 
	0x7d, 0xf3, 0x75, 0xb1, 0x7d, 0xb1, 0x85, 0xf3, 
	0x64, 0x63, 0x64, 0x63, 0x5c, 0x21, 0x64, 0x23, 
	0x64, 0x65, 0x64, 0x65, 0x64, 0x23, 0x64, 0x23, 
	0x64, 0x23, 0x64, 0x23, 0x64, 0x65, 0x64, 0x65, 
	0x5c, 0x21, 0x5c, 0x21, 0x64, 0x65, 0x6c, 0xe9, 
	0x85, 0xf3, 0x85, 0xf3, 0x8e, 0x35, 0x96, 0x77, 
	0x8e, 0x37, 0x8e, 0x37, 0x96, 0x77, 0x8e, 0x37, 
	0x96, 0x77, 0x96, 0x37, 0x96, 0x77, 0x8e, 0x35, 
	0x9e, 0x7b, 0xae, 0xfd, 0x8e, 0x37, 0x85, 0xf5, 
	0x65, 0x2b, 0x65, 0x2b, 0x65, 0x2b, 0x65, 0x2b, 
	0x6d, 0x6f, 0x75, 0xb1, 0x9e, 0xbb, 0x9e, 0xbb, 
	0x96, 0x77, 0x96, 0x77, 0x96, 0x79, 0x8e, 0x37, 
	0x8e, 0x37, 0x8e, 0x37, 0x8e, 0x35, 0x85, 0xf5, 
	0x85, 0xf5, 0x86, 0x35, 0x85, 0xf3, 0x7d, 0xf3, 
	0x85, 0xf3, 0x85, 0xf3, 0x86, 0x35, 0x8e, 0x35, 
	0x85, 0xf3, 0x6c, 0xe9, 0x5c, 0x21, 0x53, 0xdf, 
	0x4b, 0x9d, 0x4b, 0x9b, 0x53, 0x5b, 0x4b, 0x5b, 
	0x4b, 0x17, 0x4b, 0x19, 0x53, 0x5d, 0x53, 0x5d, 
	0x53, 0x5b, 0x5b, 0x9d, 0x5b, 0xdf, 0x64, 0xa3, 
	0x64, 0xe7, 0x6d, 0x2b, 0x6d, 0x2b, 0x6d, 0x6d, 
	0x75, 0xaf, 0x7d, 0xf1, 0x75, 0x6d, 0x6d, 0x2b, 
	0x64, 0xa3, 0x75, 0x6d, 0x5c, 0x21, 0x64, 0xa5, 
	0x7d, 0xaf, 0x6c, 0xe9, 0x6c, 0xe9, 0x5c, 0x23, 
	0x5c, 0x21, 0x5c, 0x21, 0x5b, 0xe1, 0x5b, 0xe1, 
	0x53, 0x9f, 0x53, 0x9f, 0x53, 0x9f, 0x53, 0xdf, 
	0x53, 0xe1, 0x53, 0xe1, 0x5c, 0x21, 0x5c, 0x21, 
	0x5c, 0xa5, 0x64, 0xe9, 0x5c, 0xa7, 0x64, 0xe9, 
	0x5c, 0x65, 0x64, 0xa7, 0x54, 0x63, 0x5c, 0xa5, 
	0x4b, 0xdf, 0x54, 0x21, 0x54, 0x63, 0x54, 0x21, 
	0x54, 0x63, 0x5c, 0xa5, 0x64, 0xe7, 0x7d, 0xf1, 
	0x7d, 0xf3, 0x7d, 0xf3, 0x86, 0x35, 0x86, 0x35, 
	0x86, 0x35, 0x7d, 0xf5, 0x75, 0xb1, 0x7d, 0xf3, 
	0x7d, 0xb3, 0x75, 0xb1, 0x7d, 0xf3, 0x7d, 0xf3, 
	0x64, 0x65, 0x64, 0x65, 0x64, 0x23, 0x64, 0x23, 
	0x64, 0x23, 0x64, 0x23, 0x64, 0x23, 0x5c, 0x21, 
	0x64, 0x23, 0x64, 0x23, 0x64, 0x23, 0x64, 0x23, 
	0x5b, 0xe1, 0x5b, 0xe1, 0x5c, 0x23, 0x64, 0xa7, 
	0x86, 0x35, 0x86, 0x35, 0x8e, 0x37, 0x8e, 0x35, 
	0x8e, 0x37, 0x8e, 0x37, 0x96, 0x77, 0x8e, 0x37, 
	0x8e, 0x37, 0x96, 0x77, 0x96, 0x37, 0x8e, 0x35, 
	0x96, 0x37, 0x96, 0x37, 0x8e, 0x37, 0x85, 0xf5, 
	0x6d, 0x6f, 0x65, 0x2b, 0x6d, 0x2b, 0x6d, 0x2b, 
	0x6d, 0x6d, 0x75, 0xb1, 0x9e, 0xbb, 0x96, 0x79, 
	0x96, 0x77, 0x96, 0x79, 0x96, 0x79, 0x7d, 0xb1, 
	0x8e, 0x37, 0x8e, 0x35, 0x8e, 0x35, 0x8e, 0x35, 
	0x85, 0xf5, 0x85, 0xf5, 0x85, 0xf3, 0x7d, 0xf3, 
	0x7d, 0xf1, 0x7d, 0xf1, 0x85, 0xf3, 0x85, 0xf3, 
	0x85, 0xf3, 0x75, 0x6f, 0x53, 0xdd, 0x53, 0xdf, 
	0x4b, 0x9b, 0x4b, 0x5b, 0x53, 0x5b, 0x4b, 0x1b, 
	0x4b, 0x19, 0x4b, 0x17, 0x4b, 0x1b, 0x53, 0x5b, 
	0x53, 0x5b, 0x53, 0x5b, 0x53, 0x9d, 0x5b, 0xdf, 
	0x5c, 0x21, 0x64, 0xa5, 0x64, 0xe5, 0x6d, 0x2b, 
	0x6d, 0x2b, 0x6d, 0x2b, 0x75, 0x6d, 0x64, 0xa7, 
	0x64, 0xa3, 0x6c, 0xe9, 0x75, 0x2b, 0x75, 0x2b, 
	0x7d, 0xaf, 0x6c, 0xe9, 0x6c, 0xe9, 0x5c, 0x23, 
	0x5b, 0xe1, 0x5b, 0xdf, 0x53, 0xe1, 0x53, 0xe1, 
	0x53, 0x9f, 0x53, 0x9f, 0x53, 0xdf, 0x53, 0xdf, 
	0x53, 0xe1, 0x53, 0xe1, 0x54, 0x21, 0x54, 0x21, 
	0x64, 0xe9, 0x65, 0x2b, 0x65, 0x2b, 0x5c, 0xa7, 
	0x64, 0xe9, 0x5c, 0x65, 0x5c, 0xa5, 0x5c, 0xa5, 
	0x4c, 0x21, 0x54, 0x21, 0x54, 0x21, 0x54, 0x21, 
	0x54, 0x63, 0x5c, 0x65, 0x64, 0xe7, 0x6d, 0x2b, 
	0x75, 0xb1, 0x7d, 0xf3, 0x7d, 0xf3, 0x85, 0xf5, 
	0x7d, 0xf5, 0x7d, 0xf5, 0x7d, 0xf3, 0x75, 0xb1, 
	0x7d, 0xb3, 0x75, 0xb1, 0x75, 0xb1, 0x86, 0x35, 
	0x64, 0x65, 0x64, 0x65, 0x64, 0x23, 0x64, 0x23, 
	0x5c, 0x21, 0x5b, 0xe1, 0x5b, 0xe1, 0x5b, 0xe1, 
	0x5c, 0x21, 0x5c, 0x21, 0x64, 0x23, 0x64, 0x23, 
	0x5b, 0xe1, 0x5b, 0xe1, 0x5c, 0x23, 0x5c, 0x65, 
	0x85, 0xf5, 0x85, 0xf5, 0x86, 0x37, 0x8e, 0x37, 
	0x8e, 0x37, 0x8e, 0x37, 0x8e, 0x37, 0x8e, 0x37, 
	0x8e, 0x37, 0x96, 0x37, 0x8e, 0x37, 0x85, 0xf5, 
	0x8e, 0x35, 0x8e, 0x37, 0x8e, 0x37, 0x85, 0xf5, 
	0x6d, 0x6f, 0x65, 0x2d, 0x65, 0x2b, 0x6d, 0x2b, 
	0x75, 0x6d, 0x75, 0x71, 0x8e, 0x37, 0x96, 0x77, 
	0x96, 0x79, 0x96, 0x79, 0xa6, 0xbb, 0x8e, 0x35, 
	0x8e, 0x37, 0x8e, 0x37, 0x8e, 0x35, 0x8e, 0x35, 
	0x85, 0xf5, 0x86, 0x35, 0x7d, 0xb1, 0x7d, 0xf1, 
	0x7d, 0xb1, 0x7d, 0xf1, 0x85, 0xf5, 0x8e, 0x35, 
	0x7d, 0xf3, 0x64, 0xa7, 0x53, 0xdf, 0x53, 0xdf, 
	0x4b, 0x5b, 0x43, 0x59, 0x43, 0x17, 0x42, 0xd7, 
	0x4b, 0x19, 0x4b, 0x19, 0x4b, 0x19, 0x4b, 0x19, 
	0x53, 0x5b, 0x5b, 0x9d, 0x5b, 0xdd, 0x53, 0x19, 
	0x64, 0x63, 0x5c, 0x21, 0x5c, 0x61, 0x5c, 0x61, 
	0x6c, 0xe9, 0x6c, 0xe9, 0x75, 0xad, 0x5c, 0x61, 
	0x5c, 0x61, 0x64, 0xa5, 0x6d, 0x2b, 0x75, 0x6d, 
	0x75, 0x6d, 0x64, 0x63, 0x5c, 0x63, 0x5c, 0x21, 
	0x5b, 0xdf, 0x53, 0x9d, 0x4b, 0x9d, 0x53, 0xdf, 
	0x4b, 0x5d, 0x4b, 0x9d, 0x4b, 0x9d, 0x4b, 0x9d, 
	0x4b, 0x9f, 0x53, 0xdf, 0x53, 0xdf, 0x54, 0x21, 
	0x5c, 0xa7, 0x64, 0xe7, 0x65, 0x2b, 0x5c, 0xe9, 
	0x5c, 0xa7, 0x54, 0x21, 0x54, 0x23, 0x5c, 0xe5, 
	0x4c, 0x21, 0x4b, 0xdf, 0x54, 0x21, 0x54, 0x21, 
	0x54, 0x63, 0x54, 0x63, 0x5c, 0xa5, 0x65, 0x2b, 
	0x75, 0x6f, 0x7d, 0xb1, 0x7d, 0xb1, 0x7d, 0xf3, 
	0x7d, 0xf3, 0x86, 0x35, 0x7d, 0xf3, 0x75, 0xb1, 
	0x75, 0xb1, 0x75, 0xb1, 0x75, 0xb1, 0x85, 0xf5, 
	0x5c, 0x23, 0x5c, 0x23, 0x5b, 0xe1, 0x5c, 0x23, 
	0x5b, 0xe1, 0x5b, 0xe1, 0x5b, 0xdf, 0x5b, 0xdf, 
	0x5b, 0xe1, 0x5b, 0xdf, 0x5b, 0xe1, 0x5b, 0xe1, 
	0x53, 0x9f, 0x53, 0x9f, 0x54, 0x21, 0x5c, 0x23, 
	0x85, 0xf5, 0x85, 0xf5, 0x86, 0x37, 0x8e, 0x37, 
	0x8e, 0x37, 0x8e, 0x37, 0x8d, 0xf5, 0x8e, 0x35, 
	0x8e, 0x37, 0x86, 0x35, 0x7d, 0xf5, 0x85, 0xf5, 
	0x8e, 0x37, 0x8e, 0x35, 0x85, 0xf5, 0x85, 0xf5, 
	0x65, 0x2d, 0x65, 0x2d, 0x6d, 0x2b, 0x6d, 0x2b, 
	0x6d, 0x2b, 0x7d, 0xb3, 0x8e, 0x37, 0x8e, 0x37, 
	0x96, 0x79, 0x96, 0x79, 0xae, 0xfd, 0x8e, 0x35, 
	0x8e, 0x35, 0x8e, 0x35, 0x8e, 0x35, 0x8e, 0x35, 
	0x85, 0xf5, 0x86, 0x35, 0x7d, 0xf1, 0x7d, 0xf1, 
	0x7d, 0xf1, 0x7d, 0xb1, 0x7d, 0xf3, 0x7d, 0xf3, 
	0x7d, 0xf3, 0x5c, 0x21, 0x4b, 0x9d, 0x4b, 0x9d, 
	0x43, 0x59, 0x43, 0x19, 0x42, 0xd7, 0x42, 0xd7, 
	0x4a, 0xd7, 0x4a, 0xd7, 0x4a, 0xd7, 0x4a, 0xd7, 
	0x42, 0xd5, 0x42, 0xd5, 0x4a, 0xd7, 0x53, 0x19, 
	0x53, 0x9b, 0x5b, 0xdd, 0x53, 0xdb, 0x53, 0xdb, 
	0x5c, 0x1f, 0x5c, 0x1f, 0x5c, 0x61, 0x5c, 0x61, 
	0x64, 0xa3, 0x64, 0xa5, 0x6c, 0xe9, 0x64, 0xe7, 
	0x75, 0x6d, 0x64, 0x63, 0x64, 0xa5, 0x53, 0xdf, 
	0x53, 0x9d, 0x53, 0x5d, 0x4b, 0x9d, 0x4b, 0x5d, 
	0x4b, 0x5d, 0x4b, 0x9d, 0x4b, 0x9d, 0x4b, 0x9d, 
	0x4b, 0x9f, 0x4b, 0x9f, 0x4b, 0x9d, 0x5c, 0x63, 
	0x64, 0xe7, 0x5c, 0xa7, 0x5c, 0xe9, 0x5c, 0xe9, 
	0x5c, 0xe9, 0x54, 0x63, 0x5c, 0xa3, 0x54, 0x23, 
	0x4c, 0x21, 0x4b, 0xdf, 0x54, 0x21, 0x4b, 0xdf, 
	0x53, 0xe1, 0x54, 0x63, 0x54, 0x63, 0x5c, 0xe9, 
	0x75, 0x6f, 0x7d, 0xb1, 0x7d, 0xb1, 0x7d, 0xb1, 
	0x7d, 0xf3, 0x85, 0xf5, 0x7d, 0xf3, 0x75, 0xb1, 
	0x75, 0xb1, 0x75, 0xb1, 0x7d, 0xb3, 0x85, 0xf5, 
	0x5c, 0x23, 0x5c, 0x23, 0x5b, 0xe1, 0x5b, 0xe1, 
	0x5b, 0xdf, 0x5b, 0xdf, 0x5b, 0x9f, 0x5b, 0x9f, 
	0x5b, 0xdf, 0x5b, 0xdf, 0x5b, 0xe1, 0x5b, 0xe1, 
	0x53, 0x9f, 0x53, 0x9f, 0x53, 0xdf, 0x54, 0x21, 
	0x7d, 0xb3, 0x7d, 0xb3, 0x85, 0xf5, 0x85, 0xf5, 
	0x8e, 0x37, 0x96, 0x77, 0x86, 0x37, 0x7d, 0xf5, 
	0x85, 0xf5, 0x86, 0x37, 0x7d, 0xb3, 0x85, 0xf3, 
	0x85, 0xf5, 0x85, 0xf5, 0x85, 0xf5, 0x7d, 0xf5, 
	0x65, 0x2b, 0x65, 0x2b, 0x6d, 0x6d, 0x6d, 0x2d, 
	0x6d, 0x6f, 0x75, 0xb1, 0xcf, 0xbf, 0x96, 0x79, 
	0xa6, 0xbd, 0xb7, 0x3f, 0x96, 0x77, 0x96, 0x77, 
	0x8e, 0x35, 0x8e, 0x35, 0x86, 0x35, 0x8e, 0x37, 
	0x86, 0x35, 0x86, 0x35, 0x7d, 0xf3, 0x75, 0xb1, 
	0x75, 0xb1, 0x7d, 0xb1, 0x7d, 0xb1, 0x7d, 0xb1, 
	0x7d, 0xad, 0x53, 0xdf, 0x53, 0x9d, 0x43, 0x5b, 
	0x43, 0x19, 0x43, 0x17, 0x42, 0xd5, 0x42, 0xd5, 
	0x42, 0x95, 0x4b, 0x17, 0x4a, 0xd5, 0x3a, 0x55, 
	0x42, 0xd5, 0x4b, 0x57, 0x53, 0x99, 0x4b, 0x17, 
	0x5c, 0x23, 0x53, 0x5b, 0x53, 0x9d, 0x5c, 0x63, 
	0x64, 0xa7, 0x64, 0xa7, 0x5b, 0xdd, 0x5b, 0xdd, 
	0x5c, 0x61, 0x64, 0xe7, 0x6d, 0x29, 0x6d, 0x29, 
	0x75, 0x6d, 0x6c, 0xeb, 0x64, 0xa7, 0x53, 0xe1, 
	0x53, 0x5d, 0x53, 0x5b, 0x4b, 0x5b, 0x4b, 0x5b, 
	0x4b, 0x1b, 0x43, 0x5b, 0x43, 0x1b, 0x4b, 0x5b, 
	0x4b, 0x5d, 0x4b, 0x9d, 0x4b, 0x9d, 0x4b, 0xdd, 
	0x65, 0x29, 0x5c, 0xa5, 0x65, 0x27, 0x5c, 0xa5, 
	0x5c, 0xe7, 0x54, 0x63, 0x5c, 0xe7, 0x5c, 0xe7, 
	0x4b, 0xe1, 0x43, 0x9d, 0x4c, 0x21, 0x4b, 0xdf, 
	0x54, 0x21, 0x4c, 0x1f, 0x54, 0x21, 0x5c, 0xe5, 
	0x6d, 0x6f, 0x75, 0xb1, 0x75, 0xb1, 0x75, 0xb1, 
	0x85, 0xf3, 0x85, 0xf3, 0x7d, 0xb1, 0x75, 0xb1, 
	0x75, 0xaf, 0x75, 0xb1, 0x7d, 0xb1, 0xbf, 0x3b, 
	0x5c, 0x23, 0x5c, 0x23, 0x53, 0x9d, 0x5b, 0xdf, 
	0x53, 0x9f, 0x53, 0x9d, 0x53, 0x9d, 0x53, 0x9d, 
	0x53, 0x9d, 0x53, 0x9f, 0x5b, 0xdf, 0x5b, 0xdf, 
	0x53, 0x9d, 0x53, 0x9d, 0x53, 0xdf, 0x53, 0xdf, 
	0x7d, 0xb3, 0x7d, 0xb3, 0x7d, 0xb3, 0x85, 0xf5, 
	0x85, 0xf5, 0x8e, 0x35, 0x8e, 0x37, 0x7d, 0xf5, 
	0x86, 0x37, 0x85, 0xf5, 0x7d, 0xb3, 0x85, 0xf3, 
	0x85, 0xf5, 0x8e, 0x37, 0x86, 0x37, 0x85, 0xf5, 
	0x5c, 0xe9, 0x65, 0x2b, 0x65, 0x2b, 0x6d, 0x2d, 
	0x6d, 0x2d, 0x75, 0x6f, 0xbf, 0x3d, 0x96, 0x79, 
	0xae, 0xfd, 0xae, 0xfd, 0x85, 0xf3, 0x96, 0x77, 
	0x8e, 0x35, 0x96, 0x77, 0x8e, 0x37, 0x8e, 0x77, 
	0x85, 0xf3, 0x86, 0x35, 0x7d, 0xf3, 0x75, 0xb1, 
	0x7d, 0xb1, 0x7d, 0xb1, 0x85, 0xf3, 0x85, 0xf3, 
	0x7d, 0xad, 0x53, 0xdf, 0x53, 0x9d, 0x3b, 0x5b, 
	0x43, 0x19, 0x42, 0xd5, 0x42, 0xd7, 0x42, 0xd7, 
	0x42, 0xd5, 0x42, 0xd5, 0x42, 0xd5, 0x42, 0xd5, 
	0x4b, 0x17, 0x4b, 0x17, 0x4b, 0x17, 0x4b, 0x17, 
	0x5c, 0x23, 0x64, 0xe9, 0x5c, 0x63, 0x5c, 0x63, 
	0x6d, 0x2d, 0x6d, 0x2d, 0x65, 0x2b, 0x5b, 0xdd, 
	0x53, 0xdd, 0x64, 0xe7, 0x6d, 0x29, 0x6d, 0x29, 
	0x6d, 0x2b, 0x64, 0xe9, 0x64, 0xa7, 0x4b, 0x5d, 
	0x53, 0x5b, 0x4b, 0x19, 0x4b, 0x1b, 0x4b, 0x5b, 
	0x4b, 0x19, 0x4b, 0x1b, 0x43, 0x1b, 0x4b, 0x5b, 
	0x43, 0x1b, 0x4b, 0x5d, 0x4b, 0x9b, 0x4b, 0x9b, 
	0x54, 0x1f, 0x5c, 0x63, 0x5c, 0xe7, 0x54, 0x65, 
	0x54, 0x21, 0x54, 0x21, 0x54, 0x63, 0x54, 0xa5, 
	0x4b, 0xe1, 0x43, 0x9d, 0x4b, 0xdf, 0x4b, 0xdf, 
	0x4c, 0x1f, 0x54, 0x21, 0x4b, 0xdf, 0x54, 0xa3, 
	0x65, 0x29, 0x6d, 0x6f, 0x6d, 0x6f, 0x75, 0xb1, 
	0x85, 0xf3, 0x85, 0xf3, 0x7d, 0xb1, 0x75, 0xb1, 
	0x75, 0xaf, 0x75, 0xaf, 0x7d, 0xb1, 0x96, 0x35, 
	0x5c, 0x23, 0x5c, 0x23, 0x53, 0x9b, 0x53, 0x9b, 
	0x53, 0x9d, 0x53, 0x5d, 0x53, 0x5b, 0x53, 0x5b, 
	0x53, 0x9d, 0x53, 0x9d, 0x53, 0x9f, 0x53, 0x9f, 
	0x4b, 0x5b, 0x4b, 0x5b, 0x4b, 0x9d, 0x54, 0x21, 
	0x7d, 0xf3, 0x7d, 0xf3, 0x7d, 0xf3, 0x86, 0x35, 
	0x85, 0xf5, 0x85, 0xf5, 0x85, 0xf5, 0x85, 0xf5, 
	0x85, 0xf5, 0x75, 0xb3, 0x7d, 0xb3, 0x7d, 0xb3, 
	0x7d, 0xb3, 0x85, 0xf3, 0x85, 0xf5, 0x85, 0xf5, 
	0x65, 0x2b, 0x65, 0x2b, 0x6d, 0x6d, 0x6d, 0x2d, 
	0x6d, 0x6d, 0x75, 0xb1, 0x8e, 0x37, 0x96, 0x79, 
	0xb7, 0x3d, 0x96, 0x79, 0x7d, 0xf3, 0x9e, 0x79, 
	0x8e, 0x35, 0x9e, 0x79, 0x96, 0x77, 0xa6, 0xbd, 
	0x85, 0xf5, 0x96, 0x77, 0x75, 0xb1, 0x75, 0xb1, 
	0x7d, 0xb1, 0x7d, 0xf1, 0x7d, 0xf3, 0x86, 0x35, 
	0x75, 0x6d, 0x4b, 0x9d, 0x4b, 0x5b, 0x43, 0x59, 
	0x3b, 0x17, 0x3a, 0x95, 0x3a, 0x95, 0x42, 0xd7, 
	0x42, 0xd5, 0x42, 0xd5, 0x42, 0xd5, 0x42, 0xd5, 
	0x4b, 0x55, 0x42, 0xd5, 0x4b, 0x17, 0x4b, 0x17, 
	0x5c, 0x5f, 0x53, 0xdd, 0x5c, 0x61, 0x5c, 0x61, 
	0x5c, 0xa5, 0x65, 0x29, 0x64, 0xe7, 0x64, 0xe7, 
	0x5c, 0x5f, 0x5c, 0x5f, 0x53, 0xdd, 0x64, 0xe5, 
	0x64, 0xa7, 0x5c, 0xa5, 0x5c, 0x65, 0x4b, 0x1b, 
	0x4b, 0x1b, 0x42, 0xd9, 0x43, 0x19, 0x43, 0x19, 
	0x42, 0xd9, 0x43, 0x19, 0x43, 0x19, 0x43, 0x19, 
	0x43, 0x5d, 0x43, 0x5b, 0x43, 0x5b, 0x43, 0x5b, 
	0x43, 0x9b, 0x4b, 0x9d, 0x4b, 0xdf, 0x54, 0x61, 
	0x5c, 0xe5, 0x4b, 0xe1, 0x5c, 0xe5, 0x54, 0x63, 
	0x4c, 0x63, 0x4b, 0xe1, 0x43, 0x9f, 0x4b, 0xdf, 
	0x43, 0x9d, 0x4c, 0x1f, 0x43, 0xdd, 0x64, 0xe7, 
	0x65, 0x2b, 0x65, 0x2b, 0x6d, 0x6f, 0x6d, 0x6f, 
	0x7d, 0xb1, 0x7d, 0xb1, 0x75, 0xb1, 0x75, 0xaf, 
	0x75, 0x6f, 0x75, 0xaf, 0x75, 0xb1, 0x85, 0xf3, 
	0x6c, 0xa7, 0x5b, 0xdf, 0x4b, 0x5b, 0x4b, 0x5b, 
	0x4b, 0x5b, 0x4b, 0x5b, 0x4b, 0x5b, 0x4b, 0x1b, 
	0x4b, 0x5b, 0x53, 0x5d, 0x53, 0x9d, 0x53, 0x9d, 
	0x4b, 0x5b, 0x4b, 0x5b, 0x4b, 0x9d, 0x53, 0xdf, 
	0x75, 0x6f, 0x7d, 0xf3, 0x7d, 0xb3, 0x7d, 0xb3, 
	0x7d, 0xf5, 0x7d, 0xb3, 0x85, 0xf5, 0x85, 0xf5, 
	0x7d, 0xb3, 0x7d, 0xb3, 0x7d, 0xb3, 0x85, 0xf5, 
	0x75, 0xb1, 0x7d, 0xb3, 0x7d, 0xb3, 0x85, 0xf5, 
	0x65, 0x2b, 0x65, 0x2b, 0x6d, 0x6d, 0x6d, 0x6d, 
	0x6d, 0x6d, 0x75, 0xb1, 0x85, 0xf5, 0x8e, 0x37, 
	0x96, 0x79, 0x96, 0x79, 0x85, 0xf5, 0x96, 0x37, 
	0x8e, 0x35, 0x9e, 0x79, 0x8e, 0x35, 0x96, 0x77, 
	0x85, 0xf5, 0x96, 0x77, 0x75, 0xb1, 0x75, 0xb1, 
	0x75, 0x6f, 0x7d, 0xf1, 0x8e, 0x37, 0x86, 0x35, 
	0x75, 0x6d, 0x4b, 0x9d, 0x43, 0x59, 0x3b, 0x17, 
	0x3b, 0x17, 0x3b, 0x17, 0x42, 0xd7, 0x43, 0x17, 
	0x42, 0xd5, 0x4b, 0x55, 0x4b, 0x57, 0x4b, 0x15, 
	0x4b, 0x55, 0x4b, 0x15, 0x4b, 0x17, 0x4b, 0x17, 
	0x4b, 0x59, 0x53, 0xdd, 0x43, 0x57, 0x43, 0x57, 
	0x4b, 0xdb, 0x4b, 0xdb, 0x64, 0xe7, 0x54, 0x5f, 
	0x4b, 0x59, 0x4b, 0x59, 0x4b, 0x99, 0x53, 0xdd, 
	0x5c, 0x65, 0x5c, 0xa5, 0x5c, 0x65, 0x4b, 0x1b, 
	0x4b, 0x19, 0x42, 0xd9, 0x42, 0xd7, 0x42, 0xd9, 
	0x42, 0xd9, 0x42, 0xd9, 0x43, 0x19, 0x43, 0x19, 
	0x43, 0x19, 0x43, 0x1b, 0x43, 0x5b, 0x43, 0x5b, 
	0x43, 0x5b, 0x4b, 0x9d, 0x43, 0x9b, 0x54, 0x61, 
	0x54, 0xa3, 0x54, 0x23, 0x4c, 0x61, 0x54, 0x63, 
	0x4b, 0xe1, 0x43, 0x9f, 0x4b, 0xdf, 0x4b, 0xdf, 
	0x43, 0xdd, 0x43, 0xdd, 0x43, 0xdd, 0x5c, 0xa3, 
	0x64, 0xeb, 0x5c, 0xe9, 0x6d, 0x6f, 0x75, 0xaf, 
	0x6d, 0x6d, 0x75, 0xaf, 0x75, 0xaf, 0x75, 0x6f, 
	0x6d, 0x6d, 0x75, 0x6f, 0x7d, 0xf3, 0x75, 0xb1, 
	0x6c, 0xa7, 0x5b, 0xdf, 0x4b, 0x59, 0x4b, 0x59, 
	0x4b, 0x5b, 0x43, 0x19, 0x4b, 0x1b, 0x4b, 0x19, 
	0x4b, 0x5b, 0x4b, 0x5b, 0x53, 0x5b, 0x53, 0x9d, 
	0x4b, 0x5b, 0x4b, 0x5b, 0x4b, 0x5b, 0x4b, 0x9d, 
	0x65, 0x2d, 0x75, 0xb3, 0x7d, 0xf3, 0x7d, 0xb3, 
	0x7d, 0xf5, 0x7d, 0xb3, 0x7d, 0xf3, 0x7d, 0xf3, 
	0x7d, 0xf3, 0x7d, 0xb3, 0x7d, 0xb3, 0x7d, 0xb3, 
	0x7d, 0xf3, 0x75, 0xb3, 0x7d, 0xf3, 0x75, 0xb3, 
	0x65, 0x2b, 0x65, 0x2b, 0x65, 0x2b, 0x6d, 0x2d, 
	0x6d, 0x6f, 0x75, 0xb1, 0x8e, 0x37, 0x8e, 0x37, 
	0x96, 0x79, 0x96, 0x79, 0x7d, 0xf3, 0x8e, 0x37, 
	0x96, 0x79, 0x96, 0x79, 0x8e, 0x37, 0x96, 0x77, 
	0x85, 0xf3, 0x8e, 0x37, 0x75, 0xb1, 0x75, 0xb1, 
	0x75, 0xb1, 0x7d, 0xf3, 0x85, 0xf3, 0x85, 0xf3, 
	0x75, 0x6d, 0x4b, 0x9b, 0x43, 0x17, 0x43, 0x17, 
	0x3a, 0xd5, 0x3a, 0x93, 0x3a, 0x53, 0x3a, 0x53, 
	0x42, 0x93, 0x3a, 0x51, 0x3a, 0x91, 0x3a, 0x51, 
	0x42, 0xd3, 0x42, 0xd3, 0x43, 0x55, 0x4b, 0x97, 
	0x53, 0xdb, 0x4b, 0x55, 0x42, 0xd5, 0x43, 0x17, 
	0x4b, 0x5b, 0x53, 0xdf, 0x43, 0x15, 0x43, 0x15, 
	0x4b, 0x57, 0x43, 0x15, 0x43, 0x17, 0x4b, 0xdd, 
	0x5c, 0x65, 0x5c, 0x65, 0x5c, 0x63, 0x42, 0xd9, 
	0x42, 0xd7, 0x42, 0x97, 0x3a, 0xd7, 0x42, 0xd7, 
	0x3a, 0xd7, 0x42, 0xd7, 0x42, 0xd7, 0x3a, 0xd7, 
	0x42, 0xd9, 0x3a, 0xd7, 0x3b, 0x19, 0x43, 0x5b, 
	0x4b, 0x9f, 0x4b, 0x9f, 0x43, 0xdf, 0x4b, 0xdf, 
	0x43, 0x9d, 0x4c, 0x21, 0x43, 0x9d, 0x4c, 0x21, 
	0x4c, 0x63, 0x43, 0x9f, 0x43, 0x9f, 0x43, 0x9f, 
	0x43, 0xdf, 0x43, 0xdf, 0x4c, 0x21, 0x54, 0x61, 
	0x65, 0x2b, 0x65, 0x2b, 0x6d, 0x6d, 0x6d, 0x6f, 
	0x75, 0xb1, 0x6d, 0x6f, 0x6d, 0x2b, 0x6d, 0x2b, 
	0x65, 0x2b, 0x75, 0x6d, 0x75, 0x6d, 0x75, 0xaf, 
	0x64, 0xe9, 0x4b, 0x5b, 0x4b, 0x19, 0x4b, 0x17, 
	0x4b, 0x19, 0x4b, 0x19, 0x4b, 0x19, 0x4b, 0x19, 
	0x4b, 0x19, 0x4b, 0x5b, 0x4b, 0x5b, 0x4b, 0x5b, 
	0x4b, 0x19, 0x4b, 0x19, 0x4b, 0x5b, 0x4b, 0x5b, 
	0x5c, 0x65, 0x75, 0xb3, 0x7d, 0xb3, 0x7d, 0xb3, 
	0x7d, 0xb3, 0x75, 0xb3, 0x7d, 0xb3, 0x7d, 0xf3, 
	0x7d, 0xb3, 0x75, 0xb3, 0x7d, 0xb3, 0x7d, 0xb3, 
	0x75, 0xb3, 0x75, 0xb3, 0x75, 0xb3, 0x7d, 0xf3, 
	0x65, 0x2b, 0x65, 0x2b, 0x65, 0x2b, 0x65, 0x2b, 
	0x65, 0x2d, 0x6d, 0x6f, 0x85, 0xf5, 0x85, 0xf5, 
	0x96, 0x79, 0x85, 0xf5, 0x85, 0xf5, 0x85, 0xf5, 
	0x8e, 0x35, 0x96, 0x79, 0x85, 0xf5, 0x8e, 0x35, 
	0x85, 0xf3, 0x8e, 0x35, 0x75, 0xb1, 0x75, 0xb1, 
	0x6d, 0x6f, 0x75, 0xb1, 0x8e, 0x35, 0x85, 0xf3, 
	0x8e, 0x77, 0x4b, 0x9b, 0x4b, 0x59, 0x32, 0xd3, 
	0x3a, 0x93, 0x3a, 0x93, 0x32, 0x51, 0x32, 0x51, 
	0x32, 0x11, 0x32, 0x11, 0x3a, 0x51, 0x31, 0xcf, 
	0x3a, 0x91, 0x3a, 0x91, 0x3a, 0x91, 0x43, 0x55, 
	0x4b, 0x55, 0x4b, 0x99, 0x4b, 0x57, 0x4b, 0x57, 
	0x53, 0xdf, 0x5c, 0xa3, 0x4b, 0xdb, 0x54, 0x1d, 
	0x4b, 0x57, 0x43, 0x15, 0x43, 0x17, 0x4b, 0xdd, 
	0x5c, 0x65, 0x5c, 0x23, 0x5c, 0x63, 0x42, 0xd9, 
	0x42, 0xd7, 0x3a, 0x95, 0x3a, 0x95, 0x3a, 0x95, 
	0x3a, 0x95, 0x3a, 0x95, 0x42, 0xd7, 0x3a, 0xd7, 
	0x3a, 0xd7, 0x3a, 0xd7, 0x3b, 0x19, 0x43, 0x19, 
	0x4b, 0x9f, 0x4b, 0xdf, 0x43, 0xdf, 0x4b, 0xdf, 
	0x43, 0x5b, 0x4b, 0xdf, 0x43, 0xdf, 0x4c, 0x63, 
	0x54, 0xa5, 0x43, 0x9f, 0x43, 0x9d, 0x43, 0x9f, 
	0x43, 0xdf, 0x43, 0xdf, 0x43, 0xe1, 0x4c, 0x21, 
	0x54, 0xa5, 0x5c, 0xe9, 0x65, 0x2b, 0x65, 0x29, 
	0x6d, 0x6d, 0x65, 0x2b, 0x64, 0xe9, 0x64, 0xe9, 
	0x65, 0x2b, 0x6d, 0x2b, 0x6d, 0x2b, 0x75, 0xaf, 
	0x5c, 0x21, 0x4b, 0x5b, 0x4b, 0x17, 0x4b, 0x17, 
	0x42, 0xd7, 0x42, 0xd7, 0x42, 0xd7, 0x42, 0xd7, 
	0x4b, 0x19, 0x4b, 0x19, 0x4b, 0x19, 0x4b, 0x19, 
	0x42, 0xd7, 0x43, 0x19, 0x43, 0x19, 0x43, 0x19, 
	0x5c, 0xa7, 0x6d, 0x6f, 0x6d, 0x71, 0x6d, 0x71, 
	0x75, 0xb3, 0x75, 0xb3, 0x7d, 0xb3, 0x7d, 0xb3, 
	0x75, 0xb3, 0x75, 0xb3, 0x75, 0x71, 0x75, 0xb3, 
	0x75, 0x71, 0x7d, 0xb3, 0x75, 0xb1, 0x7d, 0xf3, 
	0x65, 0x2b, 0x65, 0x2b, 0x65, 0x2b, 0x65, 0x2b, 
	0x65, 0x2d, 0x65, 0x6d, 0x8e, 0x35, 0x8e, 0x35, 
	0x8e, 0x35, 0x8e, 0x35, 0x7d, 0xb3, 0x86, 0x35, 
	0x8e, 0x35, 0x8e, 0x35, 0x86, 0x35, 0x86, 0x35, 
	0x7d, 0xf3, 0x8e, 0x35, 0x75, 0xb1, 0x75, 0xb1, 
	0x75, 0xaf, 0x75, 0xb1, 0x75, 0xb3, 0x7d, 0xf5, 
	0x6d, 0x2d, 0x43, 0x5b, 0x43, 0x17, 0x32, 0x91, 
	0x32, 0x91, 0x32, 0x4f, 0x32, 0x0f, 0x32, 0x0f, 
	0x32, 0x0f, 0x31, 0xcf, 0x31, 0xcf, 0x3a, 0x0f, 
	0x3a, 0x0f, 0x3a, 0x0f, 0x3a, 0x51, 0x3a, 0x51, 
	0x43, 0x13, 0x3a, 0xd3, 0x3a, 0x93, 0x3a, 0x93, 
	0x43, 0x55, 0x43, 0x55, 0x54, 0x1d, 0x43, 0x57, 
	0x3a, 0xd3, 0x43, 0x57, 0x3a, 0x93, 0x43, 0x17, 
	0x43, 0x17, 0x54, 0x21, 0x54, 0x23, 0x3a, 0xd5, 
	0x42, 0x95, 0x3a, 0x53, 0x3a, 0x95, 0x3a, 0x95, 
	0x3a, 0x95, 0x3a, 0x95, 0x3a, 0x95, 0x3a, 0xd7, 
	0x3a, 0x95, 0x3a, 0xd7, 0x3b, 0x19, 0x3b, 0x19, 
	0x3b, 0x5b, 0x43, 0x9d, 0x43, 0x9b, 0x4c, 0x21, 
	0x43, 0xdf, 0x4c, 0x23, 0x54, 0x63, 0x5c, 0xe7, 
	0x4c, 0x63, 0x43, 0x9d, 0x3b, 0x5d, 0x43, 0x5d, 
	0x43, 0x9d, 0x43, 0x9d, 0x43, 0xdd, 0x4c, 0x23, 
	0x4c, 0x21, 0x54, 0xa5, 0x5c, 0xa7, 0x5c, 0xe7, 
	0x5c, 0xe9, 0x64, 0xe9, 0x5c, 0xa7, 0x5c, 0xa7, 
	0x5c, 0xa7, 0x64, 0xe9, 0x64, 0xe9, 0x75, 0x6f, 
	0x53, 0xe1, 0x4b, 0x19, 0x42, 0xd7, 0x42, 0xd7, 
	0x42, 0xd7, 0x42, 0x95, 0x42, 0xd5, 0x42, 0x95, 
	0x42, 0xd5, 0x42, 0xd5, 0x4b, 0x19, 0x4b, 0x19, 
	0x42, 0x97, 0x42, 0x95, 0x43, 0x19, 0x43, 0x59, 
	0x53, 0xe1, 0x6d, 0x6f, 0x65, 0x2d, 0x6d, 0x71, 
	0x6d, 0x6f, 0x75, 0xb1, 0x75, 0x73, 0x7d, 0xb3, 
	0x75, 0xb3, 0x75, 0xb3, 0x75, 0xb3, 0x75, 0xb3, 
	0x75, 0xb1, 0x75, 0xb1, 0x75, 0xb1, 0x75, 0xb1, 
	0x5c, 0xe9, 0x65, 0x2b, 0x65, 0x2b, 0x65, 0x2b, 
	0x65, 0x2b, 0x65, 0x6f, 0x75, 0xb3, 0x85, 0xf3, 
	0x86, 0x35, 0x85, 0xf5, 0x7d, 0xf3, 0x85, 0xf5, 
	0x85, 0xf5, 0x85, 0xf5, 0x85, 0xf3, 0x7d, 0xf3, 
	0x7d, 0xf3, 0x7d, 0xf3, 0x6d, 0x6f, 0x75, 0xb1, 
	0x6d, 0x6f, 0x7d, 0xf1, 0x85, 0xf5, 0x7d, 0xf5, 
	0x6d, 0x2d, 0x43, 0x5b, 0x3a, 0xd5, 0x2a, 0x4f, 
	0x32, 0x4f, 0x32, 0x0f, 0x32, 0x0f, 0x32, 0x0f, 
	0x31, 0xcf, 0x31, 0xcf, 0x31, 0xcf, 0x31, 0xcf, 
	0x3a, 0x0f, 0x3a, 0x0f, 0x3a, 0x51, 0x3a, 0x51, 
	0x3a, 0xd3, 0x3a, 0x51, 0x42, 0xd5, 0x4b, 0x57, 
	0x43, 0x13, 0x3a, 0x91, 0x3a, 0xd3, 0x4b, 0x99, 
	0x4b, 0x99, 0x4b, 0x99, 0x54, 0x21, 0x4b, 0x9d, 
	0x3a, 0xd3, 0x4b, 0x9d, 0x54, 0x23, 0x3a, 0xd5, 
	0x3a, 0x95, 0x3a, 0x53, 0x3a, 0x95, 0x32, 0x53, 
	0x32, 0x55, 0x3a, 0x95, 0x3a, 0x95, 0x3a, 0xd7, 
	0x3a, 0x93, 0x3a, 0xd5, 0x3a, 0xd7, 0x3a, 0xd7, 
	0x43, 0x9d, 0x43, 0xdf, 0x43, 0x9b, 0x43, 0x9b, 
	0x4c, 0x23, 0x4c, 0xa5, 0x54, 0x63, 0x54, 0xa5, 
	0x4c, 0x63, 0x43, 0x9d, 0x43, 0x5d, 0x3b, 0x5d, 
	0x43, 0x9d, 0x43, 0xdf, 0x43, 0xdd, 0x43, 0xdf, 
	0x4c, 0x21, 0x4c, 0x63, 0x54, 0xa5, 0x5c, 0xe7, 
	0x5c, 0xa7, 0x64, 0xe9, 0x5c, 0xa7, 0x54, 0xa5, 
	0x5c, 0xa7, 0x5c, 0xa7, 0x5c, 0xe7, 0x64, 0xe9, 
	0x53, 0xe1, 0x4b, 0x19, 0x42, 0xd7, 0x42, 0xd7, 
	0x42, 0xd7, 0x42, 0x93, 0x42, 0x95, 0x42, 0x95, 
	0x42, 0x95, 0x42, 0xd5, 0x42, 0xd7, 0x42, 0xd7, 
	0x42, 0xd7, 0x42, 0xd7, 0x3b, 0x17, 0x43, 0x59, 
	0x43, 0x59, 0x6d, 0x6f, 0x5c, 0xe9, 0x5c, 0xe9, 
	0x65, 0x2d, 0x65, 0x2d, 0x6d, 0x6f, 0x65, 0x2d, 
	0x6d, 0x2f, 0x6d, 0x2f, 0x75, 0xb1, 0x75, 0xb1, 
	0x6d, 0x6f, 0x6d, 0x6f, 0x75, 0xb1, 0x6d, 0x6f, 
	0x65, 0x2b, 0x5c, 0xe9, 0x65, 0x2b, 0x65, 0x2b, 
	0x65, 0x2b, 0x6d, 0x6d, 0x7d, 0xf3, 0x7d, 0xf3, 
	0x7d, 0xf3, 0x7d, 0xf5, 0x75, 0xb3, 0x7d, 0xf3, 
	0x8e, 0x35, 0x8e, 0x35, 0x85, 0xf5, 0x86, 0x35, 
	0x7d, 0xf3, 0x7d, 0xf3, 0x75, 0xaf, 0x75, 0xaf, 
	0x6d, 0x6f, 0x7d, 0xf1, 0x8e, 0x37, 0x9e, 0xb9, 
	0x7d, 0xaf, 0x43, 0x19, 0x3a, 0xd5, 0x32, 0x91, 
	0x32, 0x91, 0x2a, 0x0f, 0x32, 0x0f, 0x32, 0x0f, 
	0x32, 0x0f, 0x32, 0x0f, 0x29, 0x8d, 0x32, 0x0f, 
	0x32, 0x0f, 0x29, 0xcd, 0x32, 0x0f, 0x32, 0x0f, 
	0x31, 0xcd, 0x32, 0x4f, 0x3a, 0x51, 0x3a, 0x91, 
	0x3a, 0x91, 0x3a, 0x91, 0x43, 0x15, 0x3a, 0xd3, 
	0x4b, 0x99, 0x3b, 0x13, 0x54, 0x1f, 0x43, 0x55, 
	0x4b, 0x9b, 0x4b, 0x9b, 0x4b, 0xdf, 0x3a, 0x93, 
	0x3a, 0x53, 0x32, 0x11, 0x32, 0x11, 0x32, 0x53, 
	0x32, 0x53, 0x32, 0x53, 0x32, 0x53, 0x32, 0x95, 
	0x32, 0x53, 0x32, 0x95, 0x3a, 0xd7, 0x3a, 0xd7, 
	0x43, 0x5b, 0x43, 0xdd, 0x44, 0x21, 0x3b, 0x5b, 
	0x4c, 0x61, 0x4c, 0xa5, 0x54, 0xa5, 0x54, 0xa5, 
	0x44, 0x23, 0x3b, 0x9d, 0x3b, 0x5b, 0x3b, 0x5b, 
	0x43, 0x9b, 0x3b, 0x59, 0x43, 0xdd, 0x43, 0x9d, 
	0x4c, 0x21, 0x4c, 0x21, 0x54, 0xa5, 0x54, 0xa5, 
	0x54, 0xa5, 0x54, 0xa5, 0x5c, 0xa7, 0x54, 0x63, 
	0x54, 0xa5, 0x54, 0xa5, 0x64, 0xe9, 0x64, 0xe9, 
	0x4b, 0x5b, 0x3a, 0xd5, 0x3a, 0x93, 0x42, 0x95, 
	0x3a, 0x93, 0x3a, 0x93, 0x3a, 0x53, 0x3a, 0x93, 
	0x3a, 0x93, 0x42, 0x95, 0x42, 0x95, 0x42, 0xd7, 
	0x3a, 0x95, 0x42, 0xd7, 0x3a, 0xd7, 0x3b, 0x17, 
	0x43, 0x59, 0x6d, 0x6f, 0x54, 0xe7, 0x54, 0xe7, 
	0x54, 0xa7, 0x5c, 0xe9, 0x5c, 0xe9, 0x5c, 0xe9, 
	0x64, 0xeb, 0x64, 0xeb, 0x5d, 0x29, 0x5d, 0x29, 
	0x5c, 0xe9, 0x65, 0x2b, 0x65, 0x2b, 0x5c, 0xe9, 
	0x5c, 0xe9, 0x65, 0x2b, 0x65, 0x2b, 0x5c, 0xe9, 
	0x65, 0x2b, 0x65, 0x2b, 0x75, 0xb1, 0x75, 0xb1, 
	0x75, 0xb3, 0x75, 0xb3, 0x75, 0xb3, 0x7d, 0xf3, 
	0x85, 0xf3, 0x86, 0x35, 0x85, 0xf5, 0x7d, 0xf3, 
	0x75, 0xb1, 0x6d, 0x6f, 0x65, 0x6d, 0x75, 0xaf, 
	0x65, 0x6d, 0x75, 0xaf, 0x8e, 0x37, 0xaf, 0x3d, 
	0x96, 0xbb, 0x43, 0x19, 0x32, 0xd3, 0x32, 0x91, 
	0x32, 0xd3, 0x2a, 0x0f, 0x32, 0x4f, 0x32, 0x0f, 
	0x32, 0x0f, 0x31, 0xcf, 0x29, 0xcd, 0x29, 0x8d, 
	0x29, 0xcd, 0x29, 0x8d, 0x29, 0x8d, 0x29, 0x8d, 
	0x31, 0xcd, 0x31, 0xcd, 0x32, 0x0f, 0x32, 0x0f, 
	0x3a, 0xd3, 0x43, 0x55, 0x43, 0x15, 0x3a, 0xd3, 
	0x32, 0x8f, 0x3b, 0x13, 0x3a, 0xd1, 0x3a, 0xd1, 
	0x32, 0x8f, 0x3a, 0xd3, 0x43, 0x5b, 0x3a, 0x93, 
	0x3a, 0x53, 0x32, 0x11, 0x32, 0x11, 0x32, 0x53, 
	0x32, 0x53, 0x32, 0x53, 0x32, 0x53, 0x32, 0x53, 
	0x32, 0x53, 0x32, 0x53, 0x32, 0x95, 0x32, 0x95, 
	0x3b, 0x17, 0x43, 0xdd, 0x43, 0x9d, 0x3b, 0x5b, 
	0x43, 0xdf, 0x4c, 0x61, 0x3b, 0xdb, 0x54, 0xa5, 
	0x44, 0x23, 0x3b, 0x9d, 0x3b, 0x1b, 0x3b, 0x5b, 
	0x3b, 0x59, 0x3b, 0x59, 0x43, 0x9d, 0x43, 0xdd, 
	0x54, 0xa7, 0x5d, 0x29, 0x65, 0x2b, 0x54, 0xa5, 
	0x54, 0x61, 0x54, 0xa5, 0x5c, 0xa7, 0x4c, 0x21, 
	0x4c, 0x21, 0x54, 0x63, 0x54, 0xa3, 0x64, 0xe9, 
	0x4b, 0x5b, 0x3a, 0xd5, 0x3a, 0x53, 0x3a, 0x53, 
	0x3a, 0x53, 0x3a, 0x51, 0x3a, 0x53, 0x3a, 0x53, 
	0x3a, 0x53, 0x3a, 0x93, 0x42, 0x95, 0x42, 0xd7, 
	0x3a, 0x95, 0x3a, 0x95, 0x3a, 0xd5, 0x3a, 0xd5, 
	0x3b, 0x17, 0x54, 0xa5, 0x54, 0xa7, 0x54, 0xe7, 
	0x5c, 0xe7, 0x54, 0xa7, 0x4c, 0xa5, 0x54, 0xa7, 
	0x5c, 0xa9, 0x54, 0xa7, 0x54, 0xa7, 0x54, 0xa7, 
	0x54, 0xe9, 0x5c, 0xe9, 0x54, 0xa7, 0x65, 0x2b, 
	0x5c, 0xe9, 0x5c, 0xe7, 0x5c, 0xe9, 0x5c, 0xe9, 
	0x5c, 0xe7, 0x65, 0x2d, 0x6d, 0x6f, 0x75, 0xb1, 
	0x7d, 0xf3, 0x7d, 0xf3, 0x7d, 0xf3, 0x75, 0xb1, 
	0x86, 0x35, 0x7d, 0xf3, 0x7d, 0xb1, 0x7d, 0xb1, 
	0x6d, 0x6f, 0x75, 0xb1, 0x6d, 0x6d, 0x6d, 0x6d, 
	0x6d, 0x6f, 0x75, 0xaf, 0x75, 0xb1, 0xc7, 0x7d, 
	0xdf, 0xff, 0x3b, 0x5b, 0x22, 0x4f, 0x1a, 0x0d, 
	0x2a, 0x51, 0x22, 0x0d, 0x2a, 0x0f, 0x31, 0xcf, 
	0x32, 0x0f, 0x29, 0xcd, 0x29, 0x8d, 0x29, 0x8d, 
	0x29, 0x8d, 0x29, 0x8d, 0x29, 0xcd, 0x29, 0x8b, 
	0x31, 0xcd, 0x3a, 0x91, 0x3a, 0x93, 0x32, 0x0d, 
	0x32, 0x8f, 0x32, 0x0d, 0x32, 0x4f, 0x32, 0x4f, 
	0x3a, 0xd3, 0x3a, 0xd3, 0x3a, 0xd5, 0x43, 0x59, 
	0x32, 0x93, 0x29, 0xcd, 0x32, 0x0d, 0x32, 0x0d, 
	0x32, 0x4f, 0x32, 0x0f, 0x32, 0x11, 0x32, 0x11, 
	0x32, 0x53, 0x32, 0x53, 0x32, 0x53, 0x32, 0x53, 
	0x32, 0x53, 0x32, 0x53, 0x32, 0x93, 0x32, 0x95, 
	0x32, 0x95, 0x3b, 0x59, 0x32, 0xd7, 0x3b, 0x5b, 
	0x43, 0x9b, 0x3b, 0x19, 0x44, 0x1f, 0x3b, 0x5b, 
	0x3b, 0x9b, 0x3b, 0x59, 0x33, 0x17, 0x3b, 0x19, 
	0x33, 0x19, 0x3b, 0x5b, 0x3b, 0x5b, 0x43, 0xdd, 
	0x44, 0x21, 0x54, 0xe7, 0x5c, 0xe7, 0x54, 0x63, 
	0x4c, 0x63, 0x5c, 0xe9, 0x54, 0x63, 0x54, 0x63, 
	0x4c, 0x21, 0x4c, 0x61, 0x54, 0xa3, 0x64, 0xe7, 
	0x43, 0x59, 0x3a, 0x93, 0x3a, 0x11, 0x3a, 0x51, 
	0x3a, 0x51, 0x32, 0x11, 0x3a, 0x51, 0x3a, 0x51, 
	0x3a, 0x53, 0x3a, 0x93, 0x32, 0x11, 0x3a, 0x53, 
	0x3a, 0x53, 0x3a, 0x95, 0x3a, 0xd5, 0x3a, 0xd5, 
	0x3b, 0x17, 0x54, 0xa5, 0x4c, 0x65, 0x4c, 0xa5, 
	0x54, 0xa5, 0x4c, 0x65, 0x4c, 0xa5, 0x4c, 0xa5, 
	0x54, 0xa7, 0x5c, 0xa9, 0x65, 0x2b, 0x5c, 0xe9, 
	0x54, 0xe9, 0x54, 0xe9, 0x65, 0x2b, 0x5c, 0xe9, 
	0x5c, 0xe7, 0x5c, 0xe9, 0x5c, 0xe9, 0x5c, 0xe9, 
	0x5c, 0xe7, 0x65, 0x2b, 0x75, 0xb1, 0x75, 0xb1, 
	0x75, 0xb1, 0x75, 0xb3, 0x75, 0xb1, 0x75, 0xb1, 
	0x7d, 0xb3, 0x7d, 0xf3, 0x7d, 0xf3, 0x7d, 0xb1, 
	0x7d, 0xf3, 0x75, 0xb1, 0x6d, 0x6d, 0x6d, 0x6d, 
	0x6d, 0x6d, 0x75, 0xb1, 0x75, 0xb1, 0x75, 0xb1, 
	0x74, 0xe7, 0x3b, 0x5b, 0x2a, 0x91, 0x2a, 0x91, 
	0x2a, 0x4f, 0x2a, 0x4f, 0x32, 0x0f, 0x31, 0xcf, 
	0x29, 0xcd, 0x29, 0xcd, 0x29, 0x8d, 0x29, 0x4d, 
	0x29, 0x4d, 0x32, 0x4f, 0x29, 0x8b, 0x21, 0x4b, 
	0x29, 0x8b, 0x3a, 0x91, 0x3a, 0x93, 0x32, 0x0d, 
	0x32, 0x0d, 0x29, 0xcb, 0x3b, 0x13, 0x3a, 0xd1, 
	0x3a, 0x91, 0x3a, 0x91, 0x2a, 0x0b, 0x2a, 0x0b, 
	0x4b, 0xdd, 0x4b, 0xdd, 0x3a, 0x93, 0x32, 0x0d, 
	0x29, 0xcd, 0x32, 0x0f, 0x29, 0xcf, 0x32, 0x11, 
	0x2a, 0x11, 0x2a, 0x11, 0x32, 0x53, 0x2a, 0x11, 
	0x32, 0x13, 0x32, 0x93, 0x32, 0x53, 0x32, 0xd5, 
	0x32, 0x95, 0x32, 0x95, 0x3b, 0x5b, 0x44, 0x1f, 
	0x4c, 0x61, 0x4c, 0x61, 0x44, 0x1f, 0x3b, 0x5b, 
	0x3b, 0x59, 0x3b, 0x59, 0x33, 0x17, 0x33, 0x17, 
	0x3b, 0x5b, 0x3b, 0x5b, 0x3b, 0x5b, 0x43, 0xdd, 
	0x54, 0xe7, 0x54, 0xe7, 0x54, 0x63, 0x54, 0x63, 
	0x44, 0x1f, 0x4c, 0x63, 0x54, 0x63, 0x54, 0x63, 
	0x43, 0xdf, 0x4c, 0x61, 0x4c, 0x61, 0x54, 0xa3, 
	0x43, 0x59, 0x3a, 0x93, 0x3a, 0x11, 0x3a, 0x93, 
	0x32, 0x0f, 0x32, 0x11, 0x32, 0x51, 0x3a, 0x51, 
	0x3a, 0x51, 0x3a, 0x53, 0x3a, 0x95, 0x31, 0xcf, 
	0x31, 0xcf, 0x32, 0x53, 0x32, 0x93, 0x3a, 0xd5, 
	0x3a, 0xd3, 0x43, 0xdd, 0x54, 0xa5, 0x65, 0x2b, 
	0x54, 0xa7, 0x54, 0xa7, 0x54, 0xa5, 0x54, 0xa5, 
	0x4c, 0xa5, 0x4c, 0xa5, 0x4c, 0x63, 0x54, 0xa7, 
	0x54, 0xe7, 0x5d, 0x2b, 0x65, 0x2b, 0x6d, 0x6d, 
	0x54, 0xa7, 0x54, 0xa7, 0x5c, 0xe7, 0x54, 0xa7, 
	0x54, 0xa5, 0x65, 0x2b, 0x75, 0xb1, 0x75, 0xb1, 
	0x6d, 0x71, 0x6d, 0x6f, 0x75, 0xb1, 0x6d, 0x6f, 
	0x75, 0xb1, 0x75, 0xb1, 0x7d, 0xf1, 0x75, 0xaf, 
	0x7d, 0xf1, 0x75, 0xb1, 0x65, 0x2b, 0x65, 0x2b, 
	0x65, 0x2d, 0x75, 0xb3, 0x75, 0xb1, 0x7d, 0xf3, 
	0x86, 0x35, 0x4b, 0x9d, 0x32, 0x93, 0x32, 0x93, 
	0x21, 0xcb, 0x2a, 0x0d, 0x21, 0xcd, 0x29, 0x8d, 
	0x29, 0x8b, 0x29, 0x8b, 0x29, 0x8b, 0x21, 0x4b, 
	0x29, 0x4b, 0x29, 0x8d, 0x21, 0x09, 0x21, 0x49, 
	0x21, 0x8b, 0x21, 0x8b, 0x32, 0x0f, 0x32, 0x0f, 
	0x2a, 0x0d, 0x29, 0xcb, 0x32, 0x4d, 0x32, 0x8f, 
	0x29, 0x8b, 0x3b, 0x11, 0x29, 0xcb, 0x32, 0x91, 
	0x32, 0x4f, 0x3b, 0x99, 0x3b, 0x59, 0x2a, 0x0d, 
	0x32, 0x4f, 0x32, 0x0f, 0x2a, 0x0f, 0x32, 0x51, 
	0x32, 0x93, 0x2a, 0x11, 0x2a, 0x11, 0x2a, 0x51, 
	0x2a, 0x11, 0x2a, 0x11, 0x32, 0x93, 0x32, 0x93, 
	0x32, 0x95, 0x3b, 0x9b, 0x3b, 0x5d, 0x3b, 0x5d, 
	0x3b, 0x59, 0x44, 0x1f, 0x3b, 0x5b, 0x43, 0xdf, 
	0x3b, 0x5d, 0x32, 0xd7, 0x33, 0x17, 0x33, 0x17, 
	0x33, 0x17, 0x3b, 0x19, 0x3b, 0x5b, 0x43, 0xdf, 
	0x54, 0xa3, 0x54, 0xa3, 0x44, 0x21, 0x44, 0x21, 
	0x44, 0x1f, 0x4c, 0x21, 0x54, 0xa5, 0x4c, 0x61, 
	0x43, 0x9b, 0x44, 0x1f, 0x4c, 0x1f, 0x4c, 0x61, 
	0x3b, 0x17, 0x32, 0x51, 0x32, 0x0f, 0x32, 0x0f, 
	0x32, 0x0f, 0x32, 0x0f, 0x32, 0x8f, 0x32, 0x8f, 
	0x3a, 0x91, 0x32, 0x4f, 0x32, 0x51, 0x32, 0x51, 
	0x32, 0x11, 0x32, 0x53, 0x32, 0x93, 0x3a, 0xd5, 
	0x3a, 0xd3, 0x43, 0xdd, 0x4c, 0x63, 0x4c, 0x63, 
	0x5c, 0xe9, 0x65, 0x2b, 0x54, 0xa9, 0x4c, 0x63, 
	0x4c, 0x63, 0x4c, 0x63, 0x54, 0xa7, 0x54, 0xa5, 
	0x54, 0xe7, 0x54, 0xe7, 0x54, 0xa9, 0x65, 0x2b, 
	0x54, 0xa5, 0x54, 0xa7, 0x54, 0xa7, 0x54, 0xa7, 
	0x54, 0xa5, 0x5c, 0xe9, 0x6d, 0x6f, 0x75, 0xb1, 
	0x6d, 0x71, 0x6d, 0x6f, 0x75, 0xb1, 0x6d, 0x6f, 
	0x75, 0xb1, 0x75, 0xb1, 0x75, 0xaf, 0x75, 0xaf, 
	0x7d, 0xf1, 0x75, 0xaf, 0x65, 0x2b, 0x65, 0x2b, 
	0x65, 0x2d, 0x7d, 0xf5, 0x8e, 0x35, 0x75, 0xb1, 
	0x86, 0x35, 0x4b, 0x9d, 0x2a, 0x4f, 0x22, 0x0d, 
	0x21, 0xcb, 0x2a, 0x0d, 0x29, 0x8d, 0x21, 0xcd, 
	0x29, 0x8b, 0x29, 0x4b, 0x21, 0x4b, 0x21, 0x4b, 
	0x29, 0x4b, 0x29, 0x4b, 0x21, 0x49, 0x29, 0x4b, 
	0x21, 0x49, 0x29, 0x8b, 0x29, 0xcd, 0x29, 0xcd, 
	0x29, 0xcb, 0x2a, 0x0d, 0x32, 0x8f, 0x3a, 0xcf, 
	0x32, 0x8f, 0x29, 0x8b, 0x32, 0x91, 0x3b, 0x13, 
	0x3b, 0x99, 0x33, 0x15, 0x32, 0x91, 0x2a, 0x0d, 
	0x29, 0xcd, 0x32, 0x0f, 0x29, 0xcf, 0x29, 0xcf, 
	0x29, 0xcf, 0x32, 0x51, 0x2a, 0x51, 0x2a, 0x11, 
	0x2a, 0x0f, 0x2a, 0x11, 0x32, 0x53, 0x2a, 0x51, 
	0x33, 0x17, 0x3b, 0x9b, 0x44, 0x1f, 0x44, 0x1f, 
	0x44, 0x1f, 0x32, 0xd7, 0x33, 0x19, 0x43, 0xdf, 
	0x3b, 0x5d, 0x32, 0xd7, 0x33, 0x17, 0x2a, 0x95, 
	0x32, 0xd7, 0x33, 0x17, 0x3b, 0x59, 0x3b, 0x5b, 
	0x44, 0x61, 0x44, 0x61, 0x3b, 0xdf, 0x4c, 0x63, 
	0x43, 0xdf, 0x43, 0xdf, 0x4c, 0x1f, 0x43, 0x9b, 
	0x43, 0x99, 0x43, 0xdd, 0x43, 0xdd, 0x54, 0x63, 
	0x3b, 0x17, 0x32, 0x51, 0x32, 0x0f, 0x31, 0xcd, 
	0x31, 0xcf, 0x31, 0xcf, 0x32, 0x0f, 0x32, 0x8f, 
	0x32, 0x4f, 0x3a, 0x91, 0x32, 0x11, 0x32, 0x11, 
	0x2a, 0x0f, 0x32, 0x11, 0x32, 0x51, 0x32, 0x93, 
	0x32, 0x93, 0x3b, 0x57, 0x44, 0x1f, 0x4c, 0x61, 
	0x4c, 0x63, 0x4c, 0x63, 0x54, 0xa5, 0x5c, 0xe7, 
	0x4c, 0xa5, 0x4c, 0xa5, 0x54, 0xa3, 0x54, 0xa3, 
	0x4c, 0xa5, 0x54, 0xa7, 0x4c, 0xa5, 0x4c, 0xa5, 
	0x4c, 0x63, 0x54, 0xa5, 0x54, 0xa3, 0x4c, 0x63, 
	0x54, 0xa5, 0x5c, 0xe7, 0x6d, 0x6f, 0x6d, 0x6f, 
	0x65, 0x6d, 0x65, 0x6d, 0x6d, 0x6f, 0x6d, 0x6f, 
	0x75, 0xb1, 0x75, 0xaf, 0x6d, 0x6f, 0x75, 0xaf, 
	0x75, 0xb1, 0x6d, 0x6f, 0x6d, 0x6d, 0x65, 0x2b, 
	0x5c, 0xeb, 0x6d, 0x6d, 0x86, 0x35, 0x6d, 0x6f, 
	0x6d, 0x6f, 0x43, 0x9b, 0x2a, 0x4f, 0x2a, 0x4f, 
	0x22, 0x4f, 0x22, 0x0d, 0x29, 0xcd, 0x29, 0x8b, 
	0x21, 0x4b, 0x21, 0x4b, 0x21, 0x09, 0x21, 0x09, 
	0x21, 0x09, 0x21, 0x4b, 0x21, 0x09, 0x21, 0x09, 
	0x21, 0x49, 0x29, 0x4b, 0x29, 0x89, 0x29, 0x89, 
	0x2a, 0x0d, 0x2a, 0x0d, 0x2a, 0x4f, 0x32, 0x4f, 
	0x32, 0xcf, 0x32, 0xcf, 0x2a, 0x4f, 0x2a, 0x4f, 
	0x32, 0xd5, 0x3b, 0x19, 0x3b, 0x59, 0x29, 0xcd, 
	0x29, 0x8d, 0x29, 0xcd, 0x29, 0xcd, 0x29, 0x8d, 
	0x21, 0xcf, 0x29, 0xcf, 0x2a, 0x93, 0x2a, 0x93, 
	0x29, 0xcd, 0x2a, 0x0f, 0x2a, 0x0f, 0x2a, 0x4f, 
	0x33, 0x17, 0x3b, 0x99, 0x3b, 0x99, 0x44, 0x1f, 
	0x44, 0x1f, 0x3b, 0xdd, 0x3b, 0x9d, 0x44, 0x21, 
	0x3b, 0xdf, 0x33, 0x19, 0x33, 0x17, 0x33, 0x17, 
	0x32, 0xd7, 0x33, 0x19, 0x33, 0x19, 0x3b, 0x59, 
	0x44, 0x1f, 0x33, 0x5d, 0x43, 0xdf, 0x4c, 0x21, 
	0x43, 0xdd, 0x44, 0x1f, 0x4c, 0x1f, 0x54, 0xa7, 
	0x44, 0x1f, 0x43, 0x9b, 0x43, 0xdd, 0x4c, 0x1f, 
	0x3a, 0x93, 0x32, 0x0f, 0x31, 0xcf, 0x32, 0x0f, 
	0x29, 0x8d, 0x29, 0x8d, 0x32, 0x4f, 0x32, 0x4f, 
	0x32, 0x0f, 0x32, 0x0f, 0x32, 0x0f, 0x32, 0x0f, 
	0x2a, 0x0f, 0x2a, 0x0f, 0x32, 0x51, 0x32, 0x51, 
	0x32, 0x93, 0x3a, 0xd5, 0x44, 0x1f, 0x44, 0x1f, 
	0x4c, 0x63, 0x4c, 0x63, 0x54, 0xa5, 0x5c, 0xe7, 
	0x65, 0x2b, 0x5c, 0xe9, 0x54, 0xa7, 0x54, 0xa7, 
	0x54, 0xa7, 0x4c, 0xa5, 0x4c, 0xa5, 0x44, 0x63, 
	0x4c, 0x63, 0x54, 0xa5, 0x54, 0xa3, 0x4c, 0x63, 
	0x4c, 0x63, 0x5c, 0xe7, 0x65, 0x2d, 0x6d, 0x6d, 
	0x65, 0x6d, 0x65, 0x6d, 0x75, 0xaf, 0x6d, 0x6d, 
	0x75, 0xaf, 0x75, 0xaf, 0x6d, 0x6d, 0x6d, 0x6f, 
	0x75, 0xb1, 0x6d, 0x6f, 0x5d, 0x29, 0x5d, 0x29, 
	0x5c, 0xeb, 0x75, 0xaf, 0x7d, 0xb1, 0x6d, 0x6f, 
	0x6d, 0x6f, 0x43, 0x9b, 0x2a, 0x4f, 0x19, 0xcd, 
	0x19, 0xcd, 0x19, 0x8b, 0x29, 0xcd, 0x29, 0x8b, 
	0x21, 0x4b, 0x21, 0x4b, 0x21, 0x09, 0x21, 0x09, 
	0x21, 0x09, 0x21, 0x09, 0x21, 0x09, 0x21, 0x09, 
	0x21, 0x09, 0x21, 0x09, 0x29, 0x89, 0x32, 0x0f, 
	0x2a, 0x0d, 0x2a, 0x0d, 0x32, 0x91, 0x2a, 0x4f, 
	0x2a, 0x4f, 0x32, 0xcf, 0x32, 0xd1, 0x32, 0xd1, 
	0x2a, 0x8f, 0x32, 0xd5, 0x32, 0xd5, 0x29, 0xcd, 
	0x29, 0x8d, 0x29, 0x8d, 0x29, 0x8d, 0x29, 0xcd, 
	0x29, 0xcf, 0x21, 0xcf, 0x29, 0xcd, 0x2a, 0x51, 
	0x2a, 0x0f, 0x2a, 0x0f, 0x2a, 0x0f, 0x32, 0x4f, 
	0x3b, 0x99, 0x3b, 0x99, 0x3b, 0x99, 0x3b, 0xdd, 
	0x3b, 0xdd, 0x3b, 0xdd, 0x44, 0x21, 0x44, 0x21, 
	0x3b, 0xdf, 0x33, 0x19, 0x32, 0xd5, 0x33, 0x17, 
	0x33, 0x19, 0x33, 0x19, 0x33, 0x17, 0x33, 0x17, 
	0x3b, 0x9d, 0x33, 0x5d, 0x4c, 0x21, 0x4c, 0x21, 
	0x4c, 0x1f, 0x4c, 0x61, 0x4c, 0x63, 0x54, 0xa7, 
	0x44, 0x1f, 0x44, 0x1f, 0x3b, 0x99, 0x4c, 0x1f, 
	0x3a, 0x93, 0x32, 0x0f, 0x29, 0xcd, 0x29, 0x8d, 
	0x29, 0xcd, 0x29, 0xcd, 0x31, 0xcf, 0x31, 0xcf, 
	0x31, 0xcf, 0x32, 0x0f, 0x32, 0x0f, 0x32, 0x0f, 
	0x32, 0x0f, 0x2a, 0x0f, 0x32, 0x0f, 0x32, 0x4f, 
	0x32, 0x51, 0x32, 0xd3, 0x43, 0xdd, 0x43, 0xdd, 
	0x44, 0x1f, 0x44, 0x1f, 0x54, 0xa5, 0x54, 0xa5, 
	0x4c, 0xa7, 0x4c, 0xa7, 0x4c, 0x65, 0x54, 0xa7, 
	0x54, 0xa7, 0x4c, 0x65, 0x5c, 0xe7, 0x44, 0x63, 
	0x44, 0x21, 0x4c, 0x61, 0x4c, 0x63, 0x4c, 0x63, 
	0x4c, 0x63, 0x54, 0xa7, 0x65, 0x2d, 0x65, 0x2d, 
	0x65, 0x2d, 0x65, 0x2d, 0x6d, 0x6f, 0x6d, 0x6f, 
	0x6d, 0x6f, 0x6d, 0x6d, 0x5d, 0x2b, 0x75, 0xaf, 
	0x6d, 0xaf, 0x6d, 0x6f, 0x5d, 0x29, 0x5c, 0xe9, 
	0x54, 0xa7, 0x6d, 0x6d, 0x7d, 0xf3, 0x6d, 0x6d, 
	0x6d, 0x6d, 0x3b, 0x17, 0x22, 0x0f, 0x11, 0xcb, 
	0x19, 0xcb, 0x19, 0x8b, 0x29, 0x8d, 0x21, 0x8b, 
	0x21, 0x4b, 0x21, 0x4b, 0x21, 0x09, 0x18, 0xc7, 
	0x18, 0xc7, 0x21, 0x09, 0x19, 0x09, 0x19, 0x09, 
	0x21, 0x09, 0x21, 0x09, 0x29, 0x8b, 0x32, 0x51, 
	0x2a, 0x0f, 0x2a, 0x0f, 0x2a, 0x0d, 0x32, 0x4d, 
	0x2a, 0x4f, 0x2a, 0x4f, 0x2a, 0x4f, 0x32, 0x91, 
	0x32, 0x93, 0x2a, 0x91, 0x2a, 0x93, 0x29, 0x8d, 
	0x29, 0x8d, 0x29, 0x8d, 0x21, 0x8b, 0x21, 0x8d, 
	0x21, 0xcd, 0x21, 0xcd, 0x21, 0xcf, 0x21, 0xcf, 
	0x21, 0xcd, 0x2a, 0x0f, 0x2a, 0x0f, 0x2a, 0x51, 
	0x2a, 0xd5, 0x33, 0x59, 0x33, 0x59, 0x3b, 0xdb, 
	0x3c, 0x21, 0x3b, 0xdf, 0x3b, 0xdd, 0x33, 0xdd, 
	0x3b, 0x9d, 0x33, 0x19, 0x32, 0xd7, 0x32, 0xd7, 
	0x33, 0x17, 0x33, 0x17, 0x32, 0xd7, 0x33, 0x19, 
	0x33, 0x5b, 0x3b, 0x9d, 0x43, 0xdf, 0x4c, 0x65, 
	0x4c, 0x21, 0x43, 0xdf, 0x5c, 0xe9, 0x54, 0x63, 
	0x44, 0x1f, 0x44, 0x1f, 0x43, 0xdd, 0x4c, 0x61, 
	0x32, 0x91, 0x29, 0xcd, 0x29, 0x8d, 0x29, 0x8d, 
	0x29, 0x8b, 0x29, 0x8d, 0x29, 0x8d, 0x29, 0xcd, 
	0x29, 0xcd, 0x29, 0xcd, 0x32, 0x0f, 0x32, 0x0f, 
	0x29, 0xcf, 0x32, 0x0f, 0x32, 0x4f, 0x32, 0x4f, 
	0x32, 0x51, 0x32, 0x0f, 0x3b, 0x9b, 0x43, 0xdd, 
	0x3b, 0xdd, 0x44, 0x1f, 0x44, 0x63, 0x44, 0x63, 
	0x4c, 0xa7, 0x4c, 0xa7, 0x54, 0xa9, 0x5c, 0xeb, 
	0x5c, 0xe7, 0x54, 0xa7, 0x54, 0xa5, 0x54, 0xa5, 
	0x44, 0x21, 0x4c, 0x61, 0x44, 0x61, 0x44, 0x21, 
	0x44, 0x61, 0x54, 0xa7, 0x65, 0x2d, 0x5d, 0x2b, 
	0x65, 0x2b, 0x6d, 0x6d, 0x65, 0x2b, 0x6d, 0x6f, 
	0x6d, 0x6d, 0x6d, 0x6d, 0x65, 0x2d, 0x75, 0xaf, 
	0x65, 0x6d, 0x65, 0x6d, 0x54, 0xe7, 0x5d, 0x29, 
	0x54, 0xa7, 0x65, 0x2b, 0x6d, 0x6d, 0x6d, 0x6d, 
	0x6d, 0x6d, 0x3b, 0x17, 0x22, 0x0f, 0x19, 0xcd, 
	0x19, 0x8b, 0x19, 0x8b, 0x21, 0x8b, 0x21, 0x4b, 
	0x21, 0x09, 0x21, 0x09, 0x21, 0x09, 0x18, 0xc7, 
	0x18, 0xc7, 0x19, 0x07, 0x19, 0x09, 0x18, 0xc7, 
	0x21, 0x09, 0x21, 0x09, 0x21, 0x49, 0x32, 0x51, 
	0x32, 0x51, 0x32, 0x51, 0x2a, 0x0d, 0x2a, 0x0d, 
	0x32, 0x4f, 0x2a, 0x4f, 0x2a, 0x4f, 0x32, 0x91, 
	0x32, 0xd3, 0x2a, 0x51, 0x2a, 0x93, 0x29, 0x8d, 
	0x29, 0x8d, 0x29, 0xcd, 0x29, 0x8d, 0x21, 0x8d, 
	0x22, 0x0f, 0x21, 0xcd, 0x21, 0xcf, 0x29, 0x8f, 
	0x21, 0xcd, 0x21, 0xcd, 0x2a, 0x0f, 0x2a, 0x4f, 
	0x33, 0x17, 0x33, 0x59, 0x2b, 0x19, 0x33, 0x9b, 
	0x3b, 0xdd, 0x3b, 0xdd, 0x3b, 0xdd, 0x33, 0xdd, 
	0x3b, 0x9d, 0x33, 0x19, 0x33, 0x17, 0x33, 0x17, 
	0x33, 0x17, 0x33, 0x17, 0x33, 0x17, 0x33, 0x17, 
	0x33, 0x5b, 0x3b, 0x9d, 0x4c, 0x65, 0x44, 0x23, 
	0x4c, 0x21, 0x43, 0xdf, 0x5c, 0xe9, 0x54, 0x63, 
	0x44, 0x1f, 0x4c, 0x21, 0x43, 0xdd, 0x43, 0xdd, 
	0x32, 0x91, 0x29, 0xcd, 0x29, 0x8b, 0x29, 0x8d, 
	0x29, 0x8b, 0x29, 0x8b, 0x29, 0x8d, 0x29, 0x8d, 
	0x29, 0xcd, 0x29, 0xcd, 0x32, 0x0f, 0x29, 0xcd, 
	0x32, 0x0f, 0x31, 0xcf, 0x2a, 0x0f, 0x32, 0x4f, 
	0x32, 0x91, 0x32, 0x51, 0x33, 0x17, 0x3b, 0x59, 
	0x3b, 0xdd, 0x3b, 0xdd, 0x4c, 0x65, 0x4c, 0x65, 
	0x4c, 0xa5, 0x54, 0xa7, 0x54, 0xa9, 0x54, 0xa9, 
	0x5c, 0xeb, 0x54, 0xe9, 0x54, 0xa7, 0x44, 0x61, 
	0x4c, 0x61, 0x4c, 0x61, 0x44, 0x61, 0x44, 0x21, 
	0x4c, 0x63, 0x4c, 0xa5, 0x5c, 0xe9, 0x54, 0xa7, 
	0x44, 0x63, 0x4c, 0xa5, 0x54, 0xa7, 0x5c, 0xeb, 
	0x5c, 0xe9, 0x54, 0xe7, 0x54, 0xa7, 0x5c, 0xe9, 
	0x5d, 0x29, 0x6d, 0x6d, 0x5c, 0xe9, 0x54, 0xa5, 
	0x54, 0xe7, 0x5d, 0x29, 0x65, 0x6d, 0x65, 0x2b, 
	0x6d, 0x6d, 0x3b, 0x17, 0x2a, 0x0f, 0x19, 0xcd, 
	0x21, 0xcb, 0x21, 0x8b, 0x29, 0x8b, 0x29, 0x4b, 
	0x21, 0x09, 0x21, 0x09, 0x21, 0x09, 0x21, 0x09, 
	0x18, 0xc7, 0x18, 0xc7, 0x18, 0xc9, 0x21, 0x09, 
	0x21, 0x09, 0x21, 0x09, 0x21, 0x09, 0x2a, 0x0d, 
	0x32, 0x51, 0x32, 0x51, 0x29, 0xcb, 0x2a, 0x0f, 
	0x2a, 0x0f, 0x32, 0x51, 0x32, 0x91, 0x32, 0x4f, 
	0x32, 0x93, 0x2a, 0x91, 0x32, 0x91, 0x21, 0x8b, 
	0x29, 0x8d, 0x29, 0x8d, 0x29, 0xcd, 0x29, 0xcd, 
	0x21, 0x8b, 0x21, 0x8b, 0x21, 0xcf, 0x21, 0xcf, 
	0x21, 0x8d, 0x29, 0xcf, 0x2a, 0x0f, 0x2a, 0x51, 
	0x33, 0x59, 0x33, 0x59, 0x33, 0x59, 0x33, 0x59, 
	0x3b, 0x9d, 0x3b, 0xdd, 0x3b, 0xdd, 0x3b, 0xdd, 
	0x33, 0x9b, 0x33, 0x17, 0x32, 0xd7, 0x33, 0x19, 
	0x32, 0xd7, 0x32, 0xd7, 0x33, 0x19, 0x33, 0x19, 
	0x33, 0x19, 0x4c, 0xe5, 0x4c, 0x63, 0x44, 0x21, 
	0x4c, 0x1f, 0x43, 0xdf, 0x5c, 0xeb, 0x54, 0xa7, 
	0x44, 0x21, 0x44, 0x21, 0x43, 0x9d, 0x43, 0x59, 
	0x32, 0x0f, 0x29, 0xcd, 0x29, 0x8b, 0x29, 0x8b, 
	0x29, 0x8b, 0x29, 0x8b, 0x29, 0x8b, 0x29, 0x8d, 
	0x29, 0xcd, 0x29, 0xcd, 0x29, 0xcd, 0x29, 0xcd, 
	0x29, 0xcd, 0x31, 0xcf, 0x2a, 0x0f, 0x32, 0x4f, 
	0x32, 0x4f, 0x32, 0x51, 0x3b, 0x59, 0x3b, 0x59, 
	0x44, 0x1f, 0x44, 0x1f, 0x4c, 0x65, 0x4c, 0x63, 
	0x4c, 0xa5, 0x4c, 0xa5, 0x54, 0xa9, 0x5c, 0xeb, 
	0x4c, 0xa7, 0x54, 0xe9, 0x54, 0xa7, 0x4c, 0xa3, 
	0x44, 0x21, 0x44, 0x21, 0x44, 0x61, 0x44, 0x21, 
	0x44, 0x21, 0x4c, 0xa5, 0x5c, 0xe9, 0x54, 0xa7, 
	0x44, 0x63, 0x5c, 0xe9, 0x4c, 0xa5, 0x4c, 0xa5, 
	0x5c, 0xe9, 0x5c, 0xe9, 0x54, 0xa7, 0x5c, 0xe9, 
	0x54, 0xe7, 0x54, 0xe7, 0x54, 0xa5, 0x54, 0xa5, 
	0x54, 0xa7, 0x5d, 0x29, 0x5d, 0x2b, 0x5d, 0x2b, 
	0x6d, 0x6d, 0x3b, 0x17, 0x2a, 0x0f, 0x19, 0xcd, 
	0x21, 0xcb, 0x21, 0x8b, 0x21, 0x49, 0x21, 0x49, 
	0x21, 0x09, 0x21, 0x09, 0x21, 0x09, 0x18, 0xc7, 
	0x18, 0xc7, 0x18, 0xc7, 0x18, 0xc9, 0x19, 0x09, 
	0x21, 0x09, 0x21, 0x09, 0x21, 0x09, 0x29, 0x8b, 
	0x32, 0x93, 0x32, 0x51, 0x2a, 0x51, 0x2a, 0x51, 
	0x32, 0x4f, 0x32, 0x51, 0x32, 0x4f, 0x2a, 0x0d, 
	0x2a, 0x4f, 0x2a, 0x91, 0x32, 0x91, 0x21, 0x8b, 
	0x29, 0x8b, 0x29, 0x8d, 0x21, 0x8b, 0x21, 0x8b, 
	0x21, 0xcd, 0x21, 0xcd, 0x29, 0xcf, 0x21, 0x8d, 
	0x29, 0xcf, 0x29, 0xcf, 0x2a, 0x0f, 0x2a, 0x51, 
	0x33, 0x59, 0x33, 0x59, 0x33, 0x59, 0x33, 0x59, 
	0x33, 0x5b, 0x33, 0x9b, 0x33, 0x9d, 0x3b, 0xdd, 
	0x33, 0x59, 0x33, 0x17, 0x32, 0xd7, 0x32, 0xd7, 
	0x32, 0xd7, 0x32, 0xd7, 0x33, 0x19, 0x33, 0x19, 
	0x3b, 0x9d, 0x44, 0x21, 0x4c, 0x63, 0x44, 0x21, 
	0x43, 0xdf, 0x4c, 0x1f, 0x5c, 0xeb, 0x4b, 0xdf, 
	0x43, 0xdf, 0x44, 0x21, 0x43, 0x9d, 0x43, 0x9b, 
	0x32, 0x0f, 0x29, 0xcd, 0x29, 0x8b, 0x29, 0x8b, 
	0x29, 0x8b, 0x29, 0x8b, 0x29, 0xcd, 0x29, 0xcd, 
	0x29, 0xcd, 0x29, 0x8d, 0x29, 0x8d, 0x29, 0xcd, 
	0x29, 0x8d, 0x29, 0x8d, 0x29, 0xcd, 0x2a, 0x0f, 
	0x2a, 0x4f, 0x32, 0x91, 0x3b, 0x17, 0x3b, 0x17, 
	0x3b, 0xdd, 0x44, 0x1f, 0x44, 0x21, 0x44, 0x21, 
	0x44, 0x21, 0x44, 0x21, 0x4c, 0xa5, 0x4c, 0xa5, 
	0x5c, 0xe9, 0x5c, 0xe9, 0x4c, 0x63, 0x44, 0x1f, 
	0x44, 0x1f, 0x43, 0xdd, 0x44, 0x1d, 0x44, 0x1f, 
	0x44, 0x5f, 0x4c, 0xa5, 0x54, 0xe9, 0x4c, 0x63, 
	0x4c, 0xa3, 0x54, 0xa3, 0x4c, 0xa3, 0x54, 0xa5, 
	0x54, 0xa3, 0x54, 0xa3, 0x4c, 0xa3, 0x5d, 0x27, 
	0x5c, 0xe7, 0x65, 0x6d, 0x4c, 0xa3, 0x54, 0xa5, 
	0x4c, 0xa3, 0x54, 0xa5, 0x5c, 0xe7, 0x5c, 0xe7, 
	0x54, 0xe7, 0x32, 0x93, 0x22, 0x0d, 0x19, 0xcb, 
	0x21, 0xcb, 0x21, 0x89, 0x21, 0x4b, 0x29, 0x4b, 
	0x21, 0x09, 0x21, 0x09, 0x19, 0x09, 0x18, 0xc7, 
	0x18, 0xc7, 0x18, 0xc7, 0x18, 0xc7, 0x19, 0x07, 
	0x19, 0x09, 0x21, 0x09, 0x21, 0x09, 0x21, 0x09, 
	0x32, 0x51, 0x32, 0x51, 0x32, 0xd5, 0x32, 0x0f, 
	0x2a, 0x4f, 0x32, 0x51, 0x2a, 0x51, 0x2a, 0x51, 
	0x2a, 0x4f, 0x2a, 0x4f, 0x2a, 0x4f, 0x29, 0x8d, 
	0x21, 0x4b, 0x29, 0x8d, 0x21, 0x8b, 0x21, 0x8b, 
	0x2a, 0x0d, 0x21, 0xcd, 0x2a, 0x51, 0x21, 0xcf, 
	0x29, 0xcd, 0x29, 0xcd, 0x29, 0xcf, 0x2a, 0x93, 
	0x33, 0x19, 0x33, 0x19, 0x33, 0x9b, 0x33, 0x9b, 
	0x33, 0x9b, 0x33, 0x59, 0x33, 0x9b, 0x3b, 0x9d, 
	0x2a, 0xd7, 0x2a, 0x95, 0x32, 0xd7, 0x32, 0xd7, 
	0x32, 0xd7, 0x32, 0xd7, 0x32, 0xd7, 0x33, 0x19, 
	0x44, 0x21, 0x3b, 0xdf, 0x4c, 0x61, 0x43, 0xdf, 
	0x43, 0xdf, 0x44, 0x1f, 0x54, 0x65, 0x4c, 0x23, 
	0x44, 0x1f, 0x3b, 0xdf, 0x43, 0xdf, 0x43, 0x9d, 
	0x32, 0x0f, 0x29, 0xcd, 0x29, 0x8b, 0x29, 0x8b, 
	0x29, 0x8b, 0x29, 0x8b, 0x29, 0x8d, 0x29, 0x8d, 
	0x29, 0x8d, 0x29, 0x8d, 0x29, 0x8d, 0x29, 0xcd, 
	0x29, 0xcd, 0x29, 0xcd, 0x29, 0xcd, 0x2a, 0x0f, 
	0x2a, 0x4f, 0x2a, 0x0f, 0x32, 0x91, 0x3b, 0x17, 
	0x3b, 0x59, 0x3b, 0xdd, 0x44, 0x21, 0x44, 0x21, 
	0x3c, 0x1f, 0x44, 0x21, 0x4c, 0x63, 0x4c, 0xa5, 
	0x54, 0xa7, 0x5c, 0xeb, 0x5c, 0xe9, 0x4c, 0x63, 
	0x44, 0x1f, 0x43, 0xdd, 0x3b, 0xdd, 0x44, 0x1d, 
	0x44, 0x5f, 0x44, 0x5f, 0x4c, 0x63, 0x4c, 0x63, 
	0x44, 0x61, 0x44, 0x61, 0x54, 0xa5, 0x4c, 0x61, 
	0x44, 0x61, 0x44, 0x61, 0x4c, 0xa3, 0x54, 0xe5, 
	0x54, 0xa5, 0x54, 0xa5, 0x54, 0xa5, 0x4c, 0xa3, 
	0x54, 0xa5, 0x4c, 0xa3, 0x5c, 0xe9, 0x5c, 0xe9, 
	0x54, 0xe7, 0x32, 0x93, 0x22, 0x0d, 0x19, 0xcb, 
	0x21, 0xcb, 0x21, 0x89, 0x21, 0x4b, 0x21, 0x4b, 
	0x21, 0x09, 0x21, 0x09, 0x19, 0x09, 0x18, 0xc7, 
	0x18, 0xc7, 0x18, 0xc7, 0x19, 0x07, 0x19, 0x07, 
	0x19, 0x09, 0x21, 0x09, 0x21, 0x09, 0x21, 0x09, 
	0x32, 0x0f, 0x32, 0x51, 0x32, 0xd5, 0x32, 0x51, 
	0x32, 0x51, 0x2a, 0x4f, 0x2a, 0x51, 0x2a, 0x0f, 
	0x2a, 0x0f, 0x2a, 0x4f, 0x2a, 0x0f, 0x29, 0x8d, 
	0x29, 0x8d, 0x21, 0x4b, 0x21, 0x4b, 0x21, 0x4b, 
	0x21, 0x8b, 0x21, 0xcd, 0x21, 0x8d, 0x21, 0xcf, 
	0x21, 0xcd, 0x29, 0xcd, 0x2a, 0x11, 0x2a, 0x51, 
	0x33, 0x19, 0x33, 0x15, 0x33, 0x5b, 0x33, 0x9d, 
	0x33, 0x9b, 0x33, 0x5b, 0x33, 0x9b, 0x3b, 0x9d, 
	0x2a, 0xd7, 0x2a, 0x95, 0x32, 0xd7, 0x32, 0xd7, 
	0x32, 0xd7, 0x32, 0xd7, 0x33, 0x19, 0x33, 0x19, 
	0x44, 0x63, 0x44, 0x63, 0x4c, 0x21, 0x43, 0xdf, 
	0x43, 0xdf, 0x44, 0x1f, 0x4c, 0x23, 0x4c, 0x23, 
	0x3b, 0xdf, 0x44, 0x1f, 0x43, 0x9d, 0x43, 0xdf, 
	0x32, 0x0f, 0x29, 0xcd, 0x29, 0x8b, 0x29, 0x8b, 
	0x29, 0x8b, 0x29, 0x8b, 0x29, 0x8b, 0x29, 0x8d, 
	0x29, 0x8d, 0x29, 0x8d, 0x29, 0x8d, 0x29, 0x8d, 
	0x29, 0x8d, 0x29, 0x8d, 0x29, 0x8d, 0x29, 0xcd, 
	0x29, 0xcd, 0x2a, 0x0f, 0x2a, 0x0f, 0x32, 0x93, 
	0x3b, 0x59, 0x3b, 0x9b, 0x3b, 0xdd, 0x3b, 0x9b, 
	0x43, 0xdf, 0x44, 0x1f, 0x44, 0x21, 0x4c, 0x63, 
	0x4c, 0x61, 0x54, 0xa5, 0x5d, 0x2b, 0x44, 0x21, 
	0x3b, 0x9b, 0x43, 0xdd, 0x3b, 0xdb, 0x3b, 0xdb, 
	0x3b, 0xdd, 0x44, 0x1d, 0x44, 0x1d, 0x3b, 0xdd, 
	0x3b, 0xdb, 0x44, 0x1d, 0x44, 0x1d, 0x44, 0x5f, 
	0x4c, 0x61, 0x4c, 0x61, 0x44, 0x5f, 0x54, 0xa3, 
	0x4c, 0xa3, 0x4c, 0x61, 0x4c, 0xa3, 0x4c, 0xa3, 
	0x4c, 0xa3, 0x4c, 0xa3, 0x5c, 0xe9, 0x54, 0xa5, 
	0x5c, 0xe7, 0x2a, 0x51, 0x1a, 0x0d, 0x1a, 0x0d, 
	0x21, 0x8b, 0x21, 0x8b, 0x21, 0x49, 0x21, 0x4b, 
	0x21, 0x09, 0x21, 0x09, 0x18, 0xc7, 0x18, 0xc7, 
	0x18, 0xc7, 0x18, 0xc7, 0x18, 0xc7, 0x19, 0x07, 
	0x21, 0x09, 0x19, 0x09, 0x21, 0x09, 0x21, 0x09, 
	0x29, 0x4b, 0x32, 0x51, 0x32, 0x93, 0x2a, 0x51, 
	0x32, 0x51, 0x32, 0x51, 0x2a, 0x51, 0x2a, 0x0f, 
	0x2a, 0x0f, 0x2a, 0x0f, 0x29, 0xcd, 0x29, 0x8b, 
	0x21, 0x4b, 0x29, 0x8b, 0x21, 0x8b, 0x21, 0x4b, 
	0x21, 0x4b, 0x21, 0x8b, 0x21, 0x8b, 0x21, 0x8b, 
	0x29, 0xcd, 0x29, 0xcd, 0x2a, 0x0f, 0x2a, 0x53, 
	0x2a, 0x95, 0x32, 0xd5, 0x2a, 0xd5, 0x33, 0x9d, 
	0x33, 0x5b, 0x33, 0x9b, 0x3b, 0x9b, 0x33, 0x5b, 
	0x2a, 0xd7, 0x2a, 0xd7, 0x2a, 0xd7, 0x32, 0xd7, 
	0x32, 0xd7, 0x32, 0xd7, 0x32, 0xd7, 0x33, 0x19, 
	0x44, 0x61, 0x44, 0x61, 0x3b, 0xdd, 0x3b, 0x9b, 
	0x44, 0x1f, 0x44, 0x1f, 0x4c, 0x21, 0x44, 0x21, 
	0x44, 0x1f, 0x3b, 0x9d, 0x43, 0xdd, 0x54, 0x63, 
	0x2a, 0x0d, 0x2a, 0x0d, 0x29, 0x8d, 0x29, 0x8b, 
	0x29, 0x8b, 0x29, 0x8b, 0x29, 0x8b, 0x29, 0x8d, 
	0x29, 0x8b, 0x29, 0x8d, 0x29, 0x8d, 0x29, 0x8d, 
	0x21, 0x8b, 0x21, 0x8b, 0x29, 0x8d, 0x29, 0xcd, 
	0x29, 0x8d, 0x29, 0xcd, 0x2a, 0x0f, 0x2a, 0x0f, 
	0x3b, 0x9b, 0x3b, 0x9b, 0x3b, 0x59, 0x3b, 0xdd, 
	0x43, 0xdf, 0x43, 0xdf, 0x44, 0x1d, 0x44, 0x1d, 
	0x3b, 0xdb, 0x4c, 0x61, 0x44, 0x21, 0x3b, 0xdb, 
	0x3b, 0x9b, 0x3b, 0x9b, 0x3b, 0xdb, 0x3b, 0xdb, 
	0x3b, 0xdb, 0x3b, 0xdb, 0x44, 0x1d, 0x3b, 0x9b, 
	0x3b, 0xdb, 0x44, 0x1d, 0x3b, 0xdb, 0x4c, 0x61, 
	0x4c, 0x61, 0x3c, 0x1d, 0x44, 0x5f, 0x44, 0x5f, 
	0x44, 0x5f, 0x4c, 0x61, 0x44, 0x61, 0x44, 0x1f, 
	0x4c, 0x61, 0x44, 0x5f, 0x4c, 0x63, 0x54, 0xa5, 
	0x5c, 0xe7, 0x2a, 0x51, 0x22, 0x0f, 0x19, 0xcd, 
	0x21, 0xcd, 0x21, 0x8b, 0x21, 0x4b, 0x21, 0x4b, 
	0x21, 0x09, 0x21, 0x09, 0x18, 0xc7, 0x18, 0xc7, 
	0x18, 0xc7, 0x18, 0xc7, 0x18, 0xc7, 0x19, 0x07, 
	0x21, 0x09, 0x19, 0x09, 0x19, 0x09, 0x21, 0x09, 
	0x29, 0x4b, 0x32, 0x51, 0x32, 0x93, 0x2a, 0x0f, 
	0x2a, 0x0f, 0x32, 0x51, 0x2a, 0x51, 0x2a, 0x0f, 
	0x2a, 0x0d, 0x2a, 0x0f, 0x29, 0xcd, 0x29, 0x8b, 
	0x29, 0x8b, 0x21, 0x8b, 0x21, 0x4b, 0x29, 0x8b, 
	0x21, 0x4b, 0x21, 0x8b, 0x21, 0xcd, 0x21, 0xcd, 
	0x29, 0xcd, 0x29, 0xcd, 0x2a, 0x0f, 0x2a, 0x53, 
	0x32, 0xd7, 0x32, 0xd5, 0x33, 0x19, 0x2a, 0xd5, 
	0x33, 0x59, 0x33, 0x9b, 0x33, 0x19, 0x33, 0x19, 
	0x2a, 0x97, 0x2a, 0xd7, 0x2a, 0xd7, 0x32, 0xd7, 
	0x32, 0xd7, 0x32, 0xd7, 0x32, 0xd7, 0x33, 0x19, 
	0x33, 0x17, 0x3b, 0x9b, 0x3b, 0xdd, 0x3b, 0xdd, 
	0x44, 0x1f, 0x43, 0xdf, 0x4c, 0x21, 0x4c, 0x21, 
	0x44, 0x1f, 0x43, 0xdd, 0x43, 0xdd, 0x54, 0x63, 
	0x2a, 0x0d, 0x2a, 0x0d, 0x29, 0xcd, 0x29, 0xcd, 
	0x29, 0x8b, 0x29, 0xcd, 0x29, 0x8b, 0x29, 0x8d, 
	0x29, 0x8b, 0x29, 0x4b, 0x21, 0x8d, 0x21, 0x8d, 
	0x21, 0x4d, 0x29, 0x8d, 0x29, 0x8d, 0x29, 0x8d, 
	0x29, 0x8d, 0x29, 0x8d, 0x29, 0xcd, 0x29, 0xcd, 
	0x3b, 0x5b, 0x3b, 0x17, 0x3b, 0x5b, 0x3b, 0x9b, 
	0x3b, 0x9b, 0x3b, 0xdd, 0x43, 0xdd, 0x43, 0xdd, 
	0x43, 0xdd, 0x43, 0xdd, 0x43, 0xdd, 0x3b, 0x99, 
	0x3b, 0x57, 0x3b, 0x57, 0x3b, 0x99, 0x3b, 0x9b, 
	0x3b, 0x99, 0x3b, 0x99, 0x3b, 0x97, 0x3b, 0x99, 
	0x3b, 0x99, 0x3b, 0xdb, 0x3b, 0x97, 0x44, 0x1d, 
	0x44, 0x1d, 0x3b, 0x99, 0x3b, 0xdb, 0x44, 0x1f, 
	0x4c, 0x5f, 0x44, 0x1f, 0x44, 0x1d, 0x44, 0x1d, 
	0x44, 0x1f, 0x44, 0x5f, 0x4c, 0x61, 0x54, 0xa3, 
	0x5c, 0xe7, 0x32, 0x51, 0x1a, 0x0d, 0x11, 0xcb, 
	0x1a, 0x0d, 0x21, 0x8b, 0x21, 0x4b, 0x21, 0x49, 
	0x19, 0x07, 0x19, 0x07, 0x18, 0xc7, 0x18, 0xc7, 
	0x18, 0xc7, 0x18, 0xc7, 0x18, 0xc7, 0x19, 0x07, 
	0x21, 0x09, 0x18, 0xc7, 0x19, 0x09, 0x19, 0x09, 
	0x21, 0x49, 0x32, 0x4f, 0x2a, 0x4f, 0x2a, 0x4f, 
	0x32, 0x4f, 0x2a, 0x0f, 0x2a, 0x4f, 0x2a, 0x0f, 
	0x29, 0xcd, 0x2a, 0x0d, 0x21, 0x8b, 0x21, 0x4b, 
	0x21, 0x4b, 0x29, 0x8b, 0x21, 0x8b, 0x29, 0x8d, 
	0x21, 0x4b, 0x21, 0x8d, 0x29, 0xcd, 0x29, 0xcd, 
	0x2a, 0x0f, 0x29, 0xcf, 0x29, 0xcf, 0x32, 0x51, 
	0x33, 0x19, 0x32, 0xd9, 0x33, 0x17, 0x33, 0x19, 
	0x33, 0x19, 0x33, 0x19, 0x33, 0x19, 0x32, 0xd7, 
	0x2a, 0x95, 0x2a, 0x95, 0x2a, 0x95, 0x2a, 0xd7, 
	0x32, 0x95, 0x32, 0x95, 0x32, 0xd5, 0x32, 0xd7, 
	0x32, 0xd5, 0x3b, 0x59, 0x44, 0x1d, 0x44, 0x1d, 
	0x44, 0x1d, 0x44, 0x1d, 0x43, 0xdd, 0x43, 0xdd, 
	0x44, 0x1d, 0x43, 0xdd, 0x44, 0x1f, 0x44, 0x1f, 
	0x2a, 0x0f, 0x29, 0xcd, 0x32, 0x0d, 0x32, 0x0f, 
	0x29, 0x8b, 0x29, 0x8b, 0x29, 0x8b, 0x29, 0x8b, 
	0x29, 0x8d, 0x29, 0x8d, 0x21, 0x4b, 0x21, 0x8d, 
	0x29, 0x8d, 0x29, 0x8d, 0x29, 0x8d, 0x29, 0x8d, 
	0x29, 0x8d, 0x29, 0x8d, 0x29, 0x8d, 0x29, 0xcf, 
	0x32, 0x51, 0x3b, 0x17, 0x3b, 0x59, 0x3b, 0x59, 
	0x3b, 0x57, 0x3b, 0x99, 0x3b, 0x57, 0x3b, 0x57, 
	0x3b, 0x99, 0x3b, 0x99, 0x43, 0xdb, 0x3b, 0x99, 
	0x3b, 0x57, 0x3b, 0x17, 0x3b, 0x57, 0x3b, 0x59, 
	0x3b, 0x99, 0x3b, 0x57, 0x3b, 0x55, 0x3b, 0x55, 
	0x3b, 0x59, 0x3b, 0x99, 0x33, 0x55, 0x3b, 0xdb, 
	0x3b, 0xdb, 0x3b, 0x99, 0x3b, 0x99, 0x3b, 0x99, 
	0x44, 0x1f, 0x44, 0x1d, 0x43, 0xdb, 0x44, 0x1d, 
	0x44, 0x5f, 0x44, 0x61, 0x44, 0x61, 0x4c, 0x61, 
	0x5c, 0xe7, 0x32, 0x51, 0x22, 0x4f, 0x11, 0xcb, 
	0x21, 0xcb, 0x21, 0x8b, 0x21, 0x49, 0x21, 0x49, 
	0x19, 0x07, 0x18, 0xc7, 0x18, 0xc7, 0x18, 0xc7, 
	0x18, 0xc7, 0x18, 0xc7, 0x18, 0xc7, 0x18, 0xc7, 
	0x21, 0x09, 0x19, 0x07, 0x20, 0xc7, 0x19, 0x09, 
	0x21, 0x49, 0x29, 0x8b, 0x2a, 0x4f, 0x2a, 0x0d, 
	0x2a, 0x0f, 0x2a, 0x0f, 0x2a, 0x0f, 0x2a, 0x0f, 
	0x29, 0xcd, 0x29, 0xcd, 0x21, 0x4b, 0x21, 0x4b, 
	0x21, 0x4b, 0x21, 0x4b, 0x21, 0x8b, 0x21, 0x8b, 
	0x21, 0x4b, 0x21, 0x8d, 0x21, 0xcd, 0x21, 0xcd, 
	0x21, 0xcd, 0x29, 0xcf, 0x29, 0xcf, 0x32, 0x53, 
	0x33, 0x5b, 0x32, 0x97, 0x33, 0x17, 0x33, 0x59, 
	0x32, 0xd9, 0x33, 0x19, 0x33, 0x17, 0x32, 0x95, 
	0x2a, 0x95, 0x2a, 0x95, 0x2a, 0xd7, 0x2a, 0x95, 
	0x32, 0xd7, 0x32, 0xd7, 0x32, 0xd7, 0x32, 0xd7, 
	0x33, 0x17, 0x3b, 0x59, 0x3b, 0xdb, 0x3b, 0x9b, 
	0x3b, 0xdb, 0x3b, 0x9b, 0x3b, 0x9b, 0x43, 0xdd, 
	0x43, 0xdd, 0x44, 0x1d, 0x4c, 0x1f, 0x44, 0x1f, 
	0x29, 0xcd, 0x2a, 0x0f, 0x29, 0xcd, 0x29, 0x8b, 
	0x29, 0x8b, 0x21, 0x4b, 0x21, 0x4b, 0x21, 0x4b, 
	0x29, 0x8d, 0x29, 0x8d, 0x21, 0x4b, 0x29, 0x8d, 
	0x29, 0x8b, 0x29, 0x8b, 0x29, 0x8d, 0x29, 0x8d, 
	0x29, 0x8d, 0x29, 0xcd, 0x29, 0xcf, 0x29, 0xcf, 
	0x29, 0xcf, 0x3b, 0x57, 0x3a, 0xd5, 0x32, 0x91, 
	0x32, 0x51, 0x32, 0x93, 0x32, 0xd3, 0x32, 0xd3, 
	0x3b, 0x97, 0x3b, 0x15, 0x3b, 0x15, 0x3b, 0x57, 
	0x32, 0xd5, 0x32, 0xd5, 0x3b, 0x17, 0x3b, 0x59, 
	0x3b, 0x57, 0x33, 0x15, 0x33, 0x13, 0x3b, 0x55, 
	0x3b, 0x57, 0x3b, 0x57, 0x3b, 0x55, 0x3b, 0x55, 
	0x3b, 0x99, 0x3b, 0x99, 0x3b, 0x57, 0x3b, 0x99, 
	0x44, 0x1d, 0x3b, 0xdb, 0x33, 0x15, 0x44, 0x1d, 
	0x44, 0x1f, 0x44, 0x1f, 0x44, 0x1f, 0x44, 0x1f, 
	0x3b, 0x59, 0x2a, 0x0f, 0x1a, 0x0d, 0x11, 0xcb, 
	0x19, 0xcb, 0x21, 0x49, 0x21, 0x09, 0x21, 0x09, 
	0x21, 0x09, 0x21, 0x09, 0x19, 0x07, 0x18, 0xc7, 
	0x18, 0xc7, 0x18, 0xc7, 0x18, 0xc7, 0x18, 0xc7, 
	0x21, 0x07, 0x21, 0x49, 0x18, 0xc7, 0x19, 0x07, 
	0x21, 0x07, 0x21, 0x07, 0x2a, 0x4d, 0x2a, 0x0d, 
	0x2a, 0x4d, 0x32, 0x0f, 0x32, 0x4f, 0x2a, 0x0d, 
	0x2a, 0x0d, 0x29, 0xcd, 0x21, 0x49, 0x21, 0x49, 
	0x29, 0x4b, 0x29, 0x8b, 0x21, 0x4b, 0x21, 0x4b, 
	0x21, 0x8b, 0x21, 0xcd, 0x21, 0xcd, 0x21, 0xcd, 
	0x29, 0xcd, 0x29, 0xcd, 0x29, 0xcf, 0x2a, 0x0f, 
	0x32, 0xd3, 0x2a, 0x51, 0x2a, 0x91, 0x32, 0xd3, 
	0x33, 0x19, 0x32, 0xd7, 0x2a, 0xd7, 0x2a, 0x95, 
	0x2a, 0x95, 0x2a, 0x95, 0x2a, 0x95, 0x32, 0xd5, 
	0x32, 0xd5, 0x32, 0xd5, 0x32, 0xd5, 0x32, 0xd5, 
	0x33, 0x17, 0x33, 0x17, 0x3b, 0x57, 0x3b, 0x57, 
	0x3b, 0x59, 0x3b, 0x59, 0x3b, 0x59, 0x3b, 0x15, 
	0x43, 0xdd, 0x43, 0xdd, 0x44, 0x1f, 0x43, 0xdd, 
	0x2a, 0x0f, 0x2a, 0x0f, 0x29, 0x8b, 0x29, 0x8b, 
	0x21, 0x4b, 0x29, 0x8b, 0x21, 0x4b, 0x21, 0x4b, 
	0x29, 0x4b, 0x29, 0x4b, 0x29, 0x8d, 0x29, 0x8d, 
	0x29, 0x8b, 0x21, 0x8b, 0x21, 0x4b, 0x29, 0x8d, 
	0x29, 0x8d, 0x29, 0x8d, 0x29, 0x8d, 0x29, 0x8d, 
	0x29, 0xcf, 0x32, 0x51, 0x32, 0x91, 0x3a, 0xd5, 
	0x32, 0x51, 0x2a, 0x0f, 0x32, 0x51, 0x32, 0x51, 
	0x32, 0x91, 0x3b, 0x15, 0x32, 0xd3, 0x32, 0xd3, 
	0x32, 0xd3, 0x32, 0xd3, 0x33, 0x15, 0x33, 0x15, 
	0x33, 0x15, 0x32, 0xd3, 0x32, 0xd3, 0x33, 0x13, 
	0x33, 0x13, 0x33, 0x13, 0x33, 0x15, 0x3b, 0x55, 
	0x3b, 0xd9, 0x3b, 0x99, 0x33, 0x15, 0x3b, 0x57, 
	0x3b, 0xdd, 0x3b, 0xdd, 0x33, 0x15, 0x3b, 0xdb, 
	0x44, 0x1f, 0x44, 0x1f, 0x43, 0xdd, 0x44, 0x1f, 
	0x3b, 0x59, 0x2a, 0x0f, 0x1a, 0x0d, 0x11, 0xcb, 
	0x19, 0xcb, 0x21, 0x89, 0x2a, 0x0d, 0x29, 0xcb, 
	0x21, 0x09, 0x19, 0x07, 0x18, 0xc7, 0x18, 0xc7, 
	0x18, 0xc7, 0x18, 0xc7, 0x18, 0xc7, 0x18, 0xc7, 
	0x18, 0xc7, 0x21, 0x49, 0x19, 0x07, 0x18, 0xc7, 
	0x21, 0x49, 0x21, 0x89, 0x2a, 0x0d, 0x2a, 0x0d, 
	0x2a, 0x4d, 0x32, 0x0f, 0x32, 0x4f, 0x2a, 0x0d, 
	0x2a, 0x4f, 0x29, 0x8b, 0x21, 0x49, 0x21, 0x49, 
	0x21, 0x4b, 0x21, 0x4b, 0x21, 0x4b, 0x21, 0x4b, 
	0x21, 0x8d, 0x21, 0xcd, 0x21, 0xcd, 0x21, 0xcd, 
	0x29, 0xcd, 0x29, 0xcd, 0x29, 0xcf, 0x29, 0xcf, 
	0x2a, 0x51, 0x2a, 0x51, 0x2a, 0x51, 0x2a, 0x91, 
	0x32, 0x93, 0x32, 0xd5, 0x2a, 0x95, 0x2a, 0x95, 
	0x32, 0x95, 0x2a, 0x95, 0x2a, 0x95, 0x2a, 0x95, 
	0x32, 0xd5, 0x32, 0xd5, 0x32, 0xd5, 0x32, 0xd7, 
	0x32, 0xd7, 0x32, 0xd7, 0x3b, 0x15, 0x3b, 0x15, 
	0x3b, 0x17, 0x3b, 0x17, 0x3b, 0x15, 0x3b, 0x15, 
	0x3b, 0x99, 0x43, 0x9b, 0x43, 0xdd, 0x43, 0xdd, 
	0x29, 0xcd, 0x29, 0xcd, 0x29, 0x8b, 0x29, 0x8b, 
	0x21, 0x4b, 0x21, 0x4b, 0x29, 0x4b, 0x21, 0x4b, 
	0x21, 0x4b, 0x21, 0x4b, 0x21, 0x8b, 0x21, 0x4b, 
	0x21, 0x4b, 0x29, 0x8b, 0x21, 0x8b, 0x29, 0x8b, 
	0x29, 0x8d, 0x29, 0x8b, 0x29, 0x8d, 0x29, 0x8f, 
	0x29, 0x8d, 0x32, 0x0f, 0x3a, 0xd5, 0x32, 0x91, 
	0x2a, 0x0f, 0x32, 0x51, 0x32, 0x93, 0x32, 0x93, 
	0x32, 0x51, 0x32, 0x51, 0x2a, 0x4f, 0x32, 0x93, 
	0x32, 0xd3, 0x32, 0xd3, 0x32, 0x91, 0x32, 0xd3, 
	0x32, 0xd5, 0x32, 0xd5, 0x32, 0x91, 0x32, 0xd3, 
	0x3b, 0x15, 0x33, 0x15, 0x32, 0xd3, 0x33, 0x57, 
	0x3b, 0x57, 0x3b, 0x57, 0x33, 0x15, 0x33, 0x15, 
	0x3b, 0x99, 0x3b, 0x99, 0x33, 0x13, 0x3b, 0x97, 
	0x43, 0xdb, 0x43, 0xdb, 0x44, 0x1f, 0x4c, 0x61, 
	0x3b, 0x15, 0x29, 0xcd, 0x19, 0xcb, 0x19, 0xcb, 
	0x19, 0x8b, 0x19, 0x8b, 0x21, 0x49, 0x21, 0x49, 
	0x19, 0x07, 0x21, 0x09, 0x18, 0xc7, 0x18, 0xc7, 
	0x18, 0xc7, 0x19, 0x07, 0x19, 0x07, 0x19, 0x07, 
	0x19, 0x07, 0x21, 0x89, 0x21, 0x49, 0x29, 0x89, 
	0x29, 0xcb, 0x21, 0x49, 0x29, 0xc9, 0x29, 0xc9, 
	0x2a, 0x0d, 0x2a, 0x0d, 0x29, 0xcb, 0x29, 0xcb, 
	0x29, 0xcb, 0x29, 0x8b, 0x21, 0x4b, 0x21, 0x4b, 
	0x21, 0x4b, 0x21, 0x4b, 0x21, 0x4b, 0x21, 0x8b, 
	0x21, 0x4b, 0x21, 0x8b, 0x21, 0xcd, 0x21, 0x8b, 
	0x21, 0x8d, 0x21, 0xcd, 0x29, 0xcf, 0x21, 0xcf, 
	0x2a, 0x11, 0x2a, 0x0f, 0x2a, 0x51, 0x2a, 0x11, 
	0x2a, 0x51, 0x2a, 0x93, 0x2a, 0x93, 0x2a, 0x53, 
	0x2a, 0x95, 0x2a, 0x95, 0x32, 0x95, 0x32, 0x95, 
	0x32, 0xd5, 0x32, 0x95, 0x32, 0xd5, 0x32, 0xd5, 
	0x32, 0xd3, 0x32, 0xd3, 0x3b, 0x15, 0x3b, 0x15, 
	0x3b, 0x15, 0x3b, 0x57, 0x32, 0xd3, 0x3b, 0x15, 
	0x3b, 0x59, 0x3b, 0xdb, 0x44, 0x1f, 0x43, 0xdd, 
	0x29, 0xcd, 0x29, 0x8b, 0x29, 0x8b, 0x29, 0x4b, 
	0x21, 0x4b, 0x21, 0x4b, 0x21, 0x4b, 0x21, 0x4b, 
	0x29, 0x4b, 0x29, 0x8b, 0x29, 0x4b, 0x21, 0x4b, 
	0x21, 0x8b, 0x21, 0x4b, 0x29, 0x8b, 0x29, 0x8b, 
	0x29, 0x8b, 0x29, 0x4b, 0x29, 0x8d, 0x29, 0x8d, 
	0x29, 0x8d, 0x29, 0x8d, 0x32, 0x91, 0x32, 0x91, 
	0x32, 0x93, 0x32, 0x93, 0x32, 0x93, 0x32, 0x93, 
	0x32, 0x93, 0x32, 0x93, 0x43, 0x59, 0x2a, 0x4f, 
	0x32, 0xd3, 0x32, 0xd3, 0x32, 0x91, 0x32, 0x91, 
	0x32, 0xd3, 0x32, 0x93, 0x32, 0xd1, 0x32, 0xd1, 
	0x32, 0xd3, 0x3b, 0x15, 0x32, 0xd3, 0x33, 0x15, 
	0x3b, 0x57, 0x3b, 0x57, 0x32, 0xd3, 0x33, 0x55, 
	0x33, 0x13, 0x33, 0x13, 0x33, 0x13, 0x3b, 0x55, 
	0x3b, 0x99, 0x3b, 0x9b, 0x3b, 0x9b, 0x44, 0x1f, 
	0x32, 0x51, 0x29, 0xcd, 0x19, 0xcb, 0x11, 0x89, 
	0x19, 0x8b, 0x19, 0x49, 0x19, 0x09, 0x19, 0x09, 
	0x21, 0x09, 0x21, 0x09, 0x19, 0x07, 0x18, 0xc7, 
	0x21, 0x47, 0x21, 0x47, 0x21, 0x49, 0x21, 0x89, 
	0x21, 0x49, 0x19, 0x07, 0x21, 0x47, 0x19, 0x07, 
	0x19, 0x07, 0x19, 0x07, 0x19, 0x07, 0x21, 0x89, 
	0x21, 0x47, 0x21, 0x47, 0x2a, 0x0d, 0x29, 0xcb, 
	0x29, 0x8b, 0x29, 0x8b, 0x21, 0x8b, 0x21, 0x4b, 
	0x21, 0x4b, 0x29, 0x8b, 0x21, 0x4b, 0x21, 0x4b, 
	0x21, 0x8b, 0x21, 0x8b, 0x21, 0x8b, 0x21, 0xcd, 
	0x29, 0xcf, 0x29, 0xcf, 0x21, 0xcf, 0x21, 0xcf, 
	0x2a, 0x51, 0x2a, 0x53, 0x2a, 0x11, 0x2a, 0x51, 
	0x2a, 0x51, 0x2a, 0x51, 0x2a, 0x93, 0x2a, 0x93, 
	0x2a, 0x95, 0x2a, 0x95, 0x32, 0x95, 0x32, 0x95, 
	0x32, 0xd7, 0x32, 0x93, 0x32, 0xd5, 0x32, 0x93, 
	0x32, 0xd3, 0x32, 0xd3, 0x32, 0xd3, 0x32, 0xd3, 
	0x32, 0xd5, 0x32, 0xd3, 0x32, 0xd3, 0x3b, 0x15, 
	0x3b, 0x57, 0x3b, 0x99, 0x3b, 0x9b, 0x3b, 0x9b, 
	0x29, 0xcd, 0x29, 0x8b, 0x29, 0x4b, 0x29, 0x4b, 
	0x21, 0x8b, 0x21, 0x4b, 0x21, 0x4b, 0x21, 0x4b, 
	0x29, 0x4b, 0x21, 0x4b, 0x29, 0x4b, 0x29, 0x4b, 
	0x21, 0x4b, 0x21, 0x4b, 0x29, 0x4b, 0x29, 0x4b, 
	0x29, 0x8d, 0x29, 0x8d, 0x29, 0x8d, 0x29, 0x8d, 
	0x29, 0x8d, 0x29, 0xcf, 0x32, 0xd3, 0x32, 0xd5, 
	0x32, 0xd3, 0x32, 0x93, 0x32, 0x4f, 0x3b, 0x15, 
	0x33, 0x15, 0x32, 0xd3, 0x32, 0x93, 0x32, 0x93, 
	0x2a, 0x0f, 0x32, 0x51, 0x32, 0x51, 0x32, 0x91, 
	0x32, 0x91, 0x32, 0x93, 0x32, 0x91, 0x32, 0x91, 
	0x3b, 0x15, 0x3b, 0x57, 0x3b, 0x57, 0x32, 0xd5, 
	0x32, 0xd5, 0x32, 0xd5, 0x32, 0xd1, 0x32, 0x91, 
	0x32, 0xd3, 0x3b, 0x15, 0x32, 0xd3, 0x3b, 0x13, 
	0x3b, 0x99, 0x3b, 0x57, 0x3b, 0x59, 0x3b, 0x15, 
	0x32, 0x51, 0x2a, 0x0f, 0x09, 0x49, 0x11, 0x8b, 
	0x19, 0x49, 0x19, 0x49, 0x21, 0x49, 0x21, 0x49, 
	0x19, 0x07, 0x21, 0x49, 0x19, 0x07, 0x19, 0x07, 
	0x10, 0x85, 0x19, 0x07, 0x18, 0xc5, 0x18, 0xc5, 
	0x19, 0x07, 0x19, 0x07, 0x19, 0x07, 0x19, 0x07, 
	0x19, 0x07, 0x19, 0x07, 0x21, 0x07, 0x29, 0x89, 
	0x29, 0x8b, 0x2a, 0x0d, 0x29, 0x8b, 0x29, 0x8b, 
	0x21, 0x49, 0x21, 0x49, 0x21, 0x4b, 0x21, 0x4b, 
	0x21, 0x49, 0x29, 0x8b, 0x21, 0x49, 0x21, 0x4b, 
	0x21, 0x4b, 0x21, 0x8b, 0x21, 0x8b, 0x21, 0x8d, 
	0x21, 0x8d, 0x29, 0xcd, 0x29, 0xcf, 0x29, 0xcf, 
	0x2a, 0x53, 0x2a, 0x95, 0x2a, 0x51, 0x2a, 0x51, 
	0x2a, 0x11, 0x2a, 0x53, 0x2a, 0x53, 0x2a, 0x93, 
	0x2a, 0x53, 0x2a, 0x93, 0x32, 0xd5, 0x32, 0xd5, 
	0x32, 0x93, 0x32, 0xd5, 0x32, 0x93, 0x32, 0x93, 
	0x2a, 0x4f, 0x32, 0xd5, 0x33, 0x15, 0x33, 0x15, 
	0x32, 0x93, 0x32, 0xd3, 0x32, 0xd3, 0x32, 0xd3, 
	0x3b, 0x59, 0x3b, 0x17, 0x3b, 0x17, 0x32, 0xd3, 
	0x29, 0xcd, 0x29, 0x8b, 0x29, 0x8b, 0x21, 0x4b, 
	0x21, 0x49, 0x29, 0xcb, 0x21, 0x4b, 0x21, 0x4b, 
	0x21, 0x4b, 0x21, 0x4b, 0x21, 0x4b, 0x21, 0x4b, 
	0x29, 0x4b, 0x21, 0x4b, 0x21, 0x4b, 0x29, 0x8b, 
	0x29, 0x8d, 0x21, 0x4b, 0x29, 0x4b, 0x29, 0x8d, 
	0x29, 0x8b, 0x29, 0x8d, 0x32, 0xd5, 0x32, 0xd3, 
	0x32, 0x93, 0x32, 0xd5, 0x3b, 0x15, 0x32, 0x91, 
	0x32, 0xd3, 0x32, 0xd3, 0x32, 0xd3, 0x32, 0x93, 
	0x32, 0x51, 0x2a, 0x4f, 0x32, 0x51, 0x32, 0x51, 
	0x32, 0x91, 0x32, 0x91, 0x32, 0x51, 0x32, 0x91, 
	0x32, 0xd3, 0x3b, 0x15, 0x32, 0x93, 0x32, 0x93, 
	0x32, 0xd5, 0x3b, 0x97, 0x32, 0x91, 0x32, 0xd3, 
	0x32, 0xd3, 0x32, 0xd3, 0x32, 0xd3, 0x32, 0x91, 
	0x33, 0x15, 0x32, 0xd3, 0x32, 0xd3, 0x32, 0xd3, 
	0x2a, 0x0f, 0x29, 0xcd, 0x11, 0x8b, 0x09, 0x49, 
	0x11, 0x89, 0x19, 0x49, 0x21, 0x49, 0x21, 0x49, 
	0x19, 0x07, 0x19, 0x07, 0x19, 0x07, 0x18, 0xc7, 
	0x10, 0xc5, 0x19, 0x07, 0x19, 0x07, 0x18, 0xc5, 
	0x18, 0xc5, 0x18, 0xc5, 0x10, 0xc5, 0x10, 0xc5, 
	0x19, 0x07, 0x21, 0x49, 0x21, 0x07, 0x29, 0x89, 
	0x29, 0xcb, 0x29, 0xcb, 0x29, 0xcb, 0x29, 0x8b, 
	0x21, 0x49, 0x21, 0x49, 0x21, 0x4b, 0x21, 0x49, 
	0x29, 0x8b, 0x29, 0x8b, 0x21, 0x49, 0x21, 0x8b, 
	0x21, 0x4b, 0x21, 0x8b, 0x21, 0x8b, 0x21, 0x8d, 
	0x21, 0x8d, 0x29, 0xcd, 0x29, 0xcf, 0x22, 0x0f, 
	0x2a, 0x53, 0x2a, 0x95, 0x2a, 0x53, 0x2a, 0x51, 
	0x2a, 0x11, 0x2a, 0x53, 0x2a, 0x51, 0x2a, 0x93, 
	0x2a, 0x93, 0x2a, 0x95, 0x2a, 0x93, 0x32, 0x95, 
	0x32, 0x93, 0x32, 0x93, 0x32, 0x93, 0x33, 0x15, 
	0x32, 0x93, 0x32, 0x93, 0x33, 0x15, 0x32, 0xd3, 
	0x32, 0xd3, 0x32, 0xd5, 0x32, 0x91, 0x32, 0x91, 
	0x32, 0x91, 0x32, 0x91, 0x32, 0x91, 0x32, 0x91, 
	0x29, 0x8b, 0x29, 0x8b, 0x29, 0x8b, 0x29, 0x8b, 
	0x21, 0x49, 0x29, 0x8b, 0x21, 0x4b, 0x21, 0x4b, 
	0x21, 0x4b, 0x21, 0x4b, 0x21, 0x4b, 0x21, 0x4b, 
	0x21, 0x4b, 0x21, 0x4b, 0x21, 0x4b, 0x29, 0x8b, 
	0x29, 0x8d, 0x21, 0x4b, 0x21, 0x4b, 0x21, 0x4b, 
	0x29, 0x8b, 0x29, 0x8b, 0x32, 0x51, 0x32, 0x51, 
	0x32, 0x91, 0x32, 0x91, 0x32, 0x91, 0x32, 0x91, 
	0x32, 0x91, 0x32, 0x91, 0x32, 0xd1, 0x32, 0x91, 
	0x32, 0x93, 0x32, 0x51, 0x2a, 0x0f, 0x2a, 0x51, 
	0x32, 0x93, 0x32, 0x93, 0x32, 0x51, 0x32, 0x93, 
	0x32, 0xd3, 0x32, 0xd3, 0x32, 0xd5, 0x32, 0x93, 
	0x32, 0xd5, 0x32, 0xd3, 0x32, 0x91, 0x32, 0xd3, 
	0x32, 0xd3, 0x32, 0x91, 0x32, 0x91, 0x32, 0xd3, 
	0x32, 0xd3, 0x32, 0x91, 0x32, 0x91, 0x32, 0x91, 
	0x21, 0x8b, 0x21, 0x8b, 0x11, 0x89, 0x11, 0x49, 
	0x11, 0x47, 0x11, 0x47, 0x19, 0x07, 0x19, 0x07, 
	0x19, 0x07, 0x19, 0x07, 0x18, 0xc7, 0x18, 0x85, 
	0x18, 0xc5, 0x18, 0xc7, 0x19, 0x07, 0x21, 0x47, 
	0x19, 0x07, 0x19, 0x07, 0x19, 0x07, 0x18, 0xc5, 
	0x19, 0x07, 0x19, 0x07, 0x19, 0x07, 0x21, 0x49, 
	0x29, 0x8b, 0x29, 0x8b, 0x29, 0x8b, 0x29, 0x8b, 
	0x21, 0x49, 0x21, 0x49, 0x21, 0x49, 0x21, 0x4b, 
	0x21, 0x4b, 0x29, 0x8d, 0x21, 0x8b, 0x21, 0x4b, 
	0x21, 0x4b, 0x21, 0x8b, 0x21, 0x8d, 0x21, 0x8d, 
	0x21, 0x8d, 0x21, 0x8d, 0x21, 0xcf, 0x29, 0xcf, 
	0x2a, 0x51, 0x2a, 0x53, 0x2a, 0x11, 0x2a, 0x11, 
	0x2a, 0x11, 0x2a, 0x53, 0x2a, 0x53, 0x2a, 0x91, 
	0x2a, 0x53, 0x2a, 0x93, 0x2a, 0x55, 0x2a, 0x95, 
	0x32, 0xd5, 0x32, 0x95, 0x32, 0x93, 0x3b, 0x15, 
	0x32, 0xd5, 0x32, 0xd5, 0x3b, 0x59, 0x3b, 0x15, 
	0x32, 0xd5, 0x3b, 0x17, 0x32, 0x93, 0x32, 0x93, 
	0x32, 0x51, 0x32, 0x91, 0x32, 0x91, 0x32, 0x4f, 
	0x21, 0x4b, 0x21, 0x4b, 0x21, 0x49, 0x21, 0x49, 
	0x21, 0x49, 0x21, 0x49, 0x21, 0x49, 0x29, 0x8b, 
	0x29, 0x8b, 0x21, 0x4b, 0x21, 0x4b, 0x21, 0x4b, 
	0x21, 0x4b, 0x21, 0x4b, 0x21, 0x4b, 0x21, 0x4b, 
	0x21, 0x4b, 0x21, 0x4b, 0x21, 0x4b, 0x21, 0x4b, 
	0x29, 0x8b, 0x29, 0xcd, 0x32, 0x51, 0x2a, 0x0f, 
	0x2a, 0x51, 0x2a, 0x51, 0x32, 0x91, 0x32, 0x91, 
	0x32, 0x91, 0x32, 0x91, 0x32, 0x91, 0x32, 0x91, 
	0x32, 0x93, 0x32, 0x93, 0x32, 0xd5, 0x2a, 0x51, 
	0x32, 0x51, 0x32, 0x93, 0x32, 0x93, 0x32, 0x93, 
	0x32, 0x91, 0x32, 0x91, 0x3b, 0x99, 0x3b, 0x57, 
	0x32, 0xd3, 0x3b, 0x17, 0x32, 0xd5, 0x32, 0xd3, 
	0x33, 0x15, 0x32, 0x91, 0x32, 0x91, 0x32, 0x91, 
	0x32, 0x91, 0x32, 0x91, 0x32, 0x51, 0x32, 0x91, 
	0x21, 0x49, 0x2a, 0x0d, 0x11, 0x89, 0x11, 0x89, 
	0x11, 0x47, 0x11, 0x89, 0x19, 0x07, 0x19, 0x07, 
	0x18, 0xc7, 0x18, 0xc7, 0x18, 0xc7, 0x18, 0x85, 
	0x18, 0xc7, 0x10, 0x85, 0x10, 0x85, 0x21, 0x47, 
	0x18, 0xc7, 0x19, 0x07, 0x18, 0xc5, 0x19, 0x07, 
	0x21, 0x47, 0x19, 0x07, 0x19, 0x07, 0x19, 0x07, 
	0x29, 0x8b, 0x21, 0x49, 0x21, 0x8b, 0x21, 0x4b, 
	0x21, 0x49, 0x21, 0x09, 0x21, 0x49, 0x21, 0x4b, 
	0x21, 0x49, 0x29, 0x8b, 0x21, 0x8b, 0x29, 0x8b, 
	0x21, 0x4b, 0x21, 0x4b, 0x21, 0x8d, 0x21, 0x8d, 
	0x21, 0x8f, 0x29, 0x8d, 0x21, 0xcf, 0x21, 0xcf, 
	0x2a, 0x11, 0x2a, 0x11, 0x2a, 0x11, 0x2a, 0x11, 
	0x2a, 0x53, 0x2a, 0x53, 0x2a, 0x53, 0x2a, 0x91, 
	0x2a, 0x93, 0x32, 0x95, 0x32, 0x93, 0x32, 0x93, 
	0x32, 0x93, 0x32, 0x93, 0x32, 0x93, 0x32, 0x93, 
	0x32, 0xd5, 0x3b, 0x59, 0x3b, 0x15, 0x3b, 0x59, 
	0x32, 0x93, 0x2a, 0x51, 0x32, 0x91, 0x32, 0x91, 
	0x32, 0x91, 0x32, 0x91, 0x32, 0x4f, 0x32, 0x4f, 
	0x21, 0x4b, 0x21, 0x4b, 0x21, 0x49, 0x21, 0x49, 
	0x21, 0x49, 0x21, 0x49, 0x21, 0x49, 0x29, 0x8b, 
	0x29, 0x8b, 0x29, 0xcb, 0x29, 0x8d, 0x21, 0x4b, 
	0x29, 0x8d, 0x21, 0x4b, 0x21, 0x4b, 0x21, 0x4b, 
	0x21, 0x4b, 0x21, 0x4b, 0x21, 0x4b, 0x29, 0x8b, 
	0x29, 0x8b, 0x29, 0x8d, 0x32, 0x4f, 0x32, 0x0f, 
	0x32, 0x4f, 0x32, 0x4f, 0x2a, 0x91, 0x32, 0x4f, 
	0x2a, 0x4f, 0x32, 0x8f, 0x32, 0x4f, 0x32, 0x91, 
	0x32, 0x91, 0x32, 0x91, 0x32, 0x91, 0x32, 0x91, 
	0x32, 0x93, 0x2a, 0x51, 0x32, 0x91, 0x32, 0x91, 
	0x2a, 0x51, 0x2a, 0x51, 0x43, 0xdd, 0x43, 0xdd, 
	0x3b, 0x57, 0x3a, 0xd5, 0x33, 0x17, 0x32, 0xd5, 
	0x32, 0xd5, 0x32, 0x93, 0x3a, 0xd3, 0x32, 0x91, 
	0x32, 0x4f, 0x32, 0x4f, 0x32, 0x4f, 0x32, 0x4f, 
	0x21, 0x89, 0x21, 0xcb, 0x11, 0x89, 0x09, 0x47, 
	0x09, 0x47, 0x09, 0x07, 0x19, 0x47, 0x19, 0x07, 
	0x19, 0x07, 0x18, 0xc7, 0x19, 0x07, 0x18, 0xc5, 
	0x19, 0x05, 0x19, 0x05, 0x19, 0x47, 0x10, 0xc5, 
	0x19, 0x07, 0x10, 0xc5, 0x21, 0x87, 0x21, 0x87, 
	0x21, 0x07, 0x21, 0x07, 0x21, 0x47, 0x21, 0x87, 
	0x29, 0xcb, 0x29, 0x89, 0x29, 0x8b, 0x21, 0x49, 
	0x21, 0x49, 0x21, 0x09, 0x21, 0x49, 0x21, 0x4b, 
	0x21, 0x09, 0x21, 0x8b, 0x21, 0x09, 0x21, 0x4b, 
	0x21, 0x8b, 0x21, 0x8b, 0x21, 0x8b, 0x21, 0x8b, 
	0x21, 0x8d, 0x21, 0x8d, 0x21, 0x8d, 0x21, 0x8d, 
	0x29, 0xcd, 0x2a, 0x4f, 0x2a, 0x4f, 0x2a, 0x4f, 
	0x32, 0x51, 0x2a, 0x4f, 0x2a, 0x4f, 0x32, 0x91, 
	0x32, 0x91, 0x32, 0x91, 0x32, 0x91, 0x32, 0x91, 
	0x32, 0x91, 0x2a, 0x4f, 0x32, 0x91, 0x32, 0x51, 
	0x32, 0x51, 0x43, 0xdd, 0x3b, 0x57, 0x32, 0xd5, 
	0x3b, 0x17, 0x32, 0x93, 0x32, 0x91, 0x3a, 0xd5, 
	0x2a, 0x0f, 0x2a, 0x4f, 0x32, 0x51, 0x29, 0xcb, 
	0x21, 0x49, 0x21, 0x49, 0x21, 0x49, 0x21, 0x49, 
	0x21, 0x49, 0x21, 0x49, 0x21, 0x49, 0x21, 0x49, 
	0x21, 0x09, 0x29, 0x4b, 0x21, 0x8b, 0x29, 0xcb, 
	0x29, 0x8d, 0x21, 0x4b, 0x21, 0x4b, 0x21, 0x4b, 
	0x29, 0x4b, 0x29, 0x4b, 0x21, 0x4b, 0x29, 0x8b, 
	0x29, 0x8b, 0x29, 0x8d, 0x2a, 0x4f, 0x32, 0x0f, 
	0x2a, 0x0f, 0x32, 0x4f, 0x2a, 0x91, 0x32, 0x4f, 
	0x2a, 0x4d, 0x2a, 0x4f, 0x32, 0x91, 0x32, 0x91, 
	0x32, 0x91, 0x32, 0x51, 0x32, 0x93, 0x32, 0x93, 
	0x32, 0x93, 0x32, 0x93, 0x2a, 0x51, 0x2a, 0x51, 
	0x2a, 0x51, 0x2a, 0x51, 0x32, 0x51, 0x32, 0x51, 
	0x3a, 0xd5, 0x32, 0x93, 0x32, 0x51, 0x32, 0x51, 
	0x32, 0x4f, 0x32, 0xd5, 0x32, 0x91, 0x32, 0x91, 
	0x32, 0x4f, 0x32, 0x4f, 0x32, 0x51, 0x32, 0x0d, 
	0x29, 0x49, 0x21, 0xcb, 0x09, 0x47, 0x09, 0x47, 
	0x09, 0x47, 0x09, 0x47, 0x19, 0x07, 0x19, 0x07, 
	0x19, 0x07, 0x18, 0xc7, 0x18, 0xc5, 0x18, 0xc5, 
	0x19, 0x05, 0x21, 0x47, 0x10, 0xc5, 0x10, 0xc5, 
	0x18, 0xc5, 0x10, 0xc5, 0x18, 0xc7, 0x18, 0xc7, 
	0x18, 0xc5, 0x18, 0xc5, 0x21, 0x47, 0x21, 0x87, 
	0x21, 0x07, 0x21, 0x49, 0x21, 0x49, 0x21, 0x49, 
	0x21, 0x49, 0x21, 0x49, 0x21, 0x09, 0x21, 0x49, 
	0x21, 0x49, 0x21, 0x4b, 0x21, 0x49, 0x21, 0x8b, 
	0x21, 0x4b, 0x21, 0x8b, 0x21, 0x8b, 0x21, 0x8b, 
	0x21, 0x8d, 0x21, 0x8d, 0x21, 0x8d, 0x21, 0x8d, 
	0x29, 0x8d, 0x2a, 0x4f, 0x32, 0x0f, 0x2a, 0x4f, 
	0x32, 0x51, 0x32, 0x51, 0x2a, 0x4f, 0x2a, 0x4f, 
	0x32, 0x91, 0x32, 0x91, 0x32, 0x91, 0x32, 0x93, 
	0x32, 0x91, 0x32, 0x91, 0x32, 0x4f, 0x32, 0x51, 
	0x32, 0x51, 0x32, 0x51, 0x32, 0xd5, 0x2a, 0x51, 
	0x32, 0x51, 0x32, 0x51, 0x32, 0x93, 0x32, 0x91, 
	0x2a, 0x0f, 0x2a, 0x4f, 0x32, 0x51, 0x29, 0xcb, 
	0x21, 0x49, 0x21, 0x49, 0x21, 0x09, 0x21, 0x49, 
	0x21, 0x49, 0x21, 0x49, 0x21, 0x49, 0x21, 0x49, 
	0x29, 0x4b, 0x29, 0x4b, 0x21, 0x8b, 0x29, 0x8b, 
	0x29, 0x8b, 0x29, 0x8b, 0x21, 0x4b, 0x29, 0x8d, 
	0x21, 0x4b, 0x21, 0x4b, 0x21, 0x4b, 0x21, 0x4b, 
	0x29, 0x8b, 0x29, 0x8d, 0x2a, 0x0f, 0x2a, 0x0f, 
	0x2a, 0x4f, 0x2a, 0x4f, 0x32, 0x91, 0x32, 0x91, 
	0x32, 0x8f, 0x32, 0x8f, 0x32, 0x51, 0x32, 0x91, 
	0x32, 0x91, 0x32, 0x51, 0x32, 0xd3, 0x32, 0x93, 
	0x32, 0xd5, 0x32, 0x93, 0x32, 0x91, 0x32, 0x91, 
	0x32, 0x91, 0x32, 0x4f, 0x32, 0x4f, 0x2a, 0x0f, 
	0x32, 0x51, 0x2a, 0x0f, 0x32, 0x51, 0x32, 0x51, 
	0x2a, 0x0f, 0x32, 0x91, 0x32, 0xd3, 0x32, 0x91, 
	0x2a, 0x0f, 0x2a, 0x4f, 0x32, 0x93, 0x2a, 0x0d, 
	0x21, 0x8b, 0x11, 0x89, 0x09, 0x47, 0x11, 0x87, 
	0x09, 0x07, 0x09, 0x47, 0x11, 0x07, 0x11, 0x07, 
	0x19, 0x07, 0x18, 0xc7, 0x10, 0xc5, 0x10, 0x85, 
	0x10, 0x85, 0x10, 0x85, 0x10, 0xc5, 0x10, 0xc5, 
	0x10, 0xc5, 0x10, 0xc5, 0x10, 0xc5, 0x10, 0x85, 
	0x10, 0xc5, 0x10, 0xc5, 0x18, 0xc5, 0x19, 0x05, 
	0x29, 0xc9, 0x29, 0xc9, 0x21, 0x89, 0x21, 0x49, 
	0x21, 0x4b, 0x21, 0x49, 0x21, 0x4b, 0x21, 0x49, 
	0x21, 0x09, 0x21, 0x49, 0x21, 0x49, 0x21, 0x8b, 
	0x21, 0x4b, 0x21, 0x4b, 0x21, 0x8b, 0x21, 0x8b, 
	0x21, 0x8d, 0x21, 0x8d, 0x21, 0x4b, 0x21, 0x4b, 
	0x29, 0x8b, 0x2a, 0x0d, 0x32, 0x0f, 0x2a, 0x4f, 
	0x32, 0x8f, 0x32, 0x8f, 0x32, 0x8f, 0x32, 0x4f, 
	0x2a, 0x4f, 0x32, 0x91, 0x32, 0x51, 0x32, 0x91, 
	0x32, 0x93, 0x2a, 0x51, 0x2a, 0x51, 0x2a, 0x4f, 
	0x2a, 0x0f, 0x2a, 0x51, 0x32, 0x51, 0x2a, 0x0f, 
	0x32, 0x51, 0x32, 0x51, 0x2a, 0x51, 0x32, 0xd3, 
	0x2a, 0x4f, 0x2a, 0x4f, 0x32, 0x51, 0x29, 0xcb, 
	0x21, 0x49, 0x21, 0x49, 0x21, 0x49, 0x21, 0x09, 
	0x21, 0x49, 0x21, 0x49, 0x21, 0x49, 0x21, 0x4b, 
	0x21, 0x4b, 0x29, 0x8b, 0x21, 0x8b, 0x21, 0x4b, 
	0x21, 0x4b, 0x29, 0x8b, 0x21, 0x8b, 0x29, 0x8d, 
	0x29, 0x8b, 0x29, 0x4b, 0x21, 0x4b, 0x21, 0x4b, 
	0x29, 0x8b, 0x29, 0x8b, 0x2a, 0x0f, 0x2a, 0x0f, 
	0x2a, 0x0f, 0x2a, 0x4f, 0x32, 0x4f, 0x32, 0x4f, 
	0x32, 0x51, 0x32, 0x51, 0x32, 0x91, 0x32, 0x91, 
	0x32, 0x91, 0x32, 0x51, 0x32, 0x51, 0x32, 0x91, 
	0x32, 0x93, 0x32, 0x91, 0x32, 0x51, 0x32, 0xd3, 
	0x32, 0xd5, 0x32, 0x93, 0x2a, 0x0d, 0x32, 0x51, 
	0x2a, 0x4f, 0x2a, 0x0f, 0x2a, 0x0f, 0x2a, 0x0f, 
	0x2a, 0x4f, 0x32, 0x91, 0x32, 0x91, 0x32, 0x91, 
	0x32, 0x91, 0x32, 0x91, 0x32, 0x51, 0x29, 0x8b, 
	0x21, 0x8b, 0x11, 0x89, 0x09, 0x47, 0x09, 0x47, 
	0x09, 0x87, 0x09, 0x47, 0x11, 0x47, 0x10, 0xc5, 
	0x18, 0xc7, 0x19, 0x07, 0x18, 0xc7, 0x10, 0xc5, 
	0x19, 0x05, 0x10, 0xc5, 0x10, 0x83, 0x10, 0xc5, 
	0x10, 0xc5, 0x19, 0x07, 0x18, 0xc7, 0x18, 0xc7, 
	0x10, 0xc5, 0x10, 0x85, 0x10, 0x83, 0x18, 0xc5, 
	0x19, 0x05, 0x19, 0x05, 0x21, 0x49, 0x21, 0x89, 
	0x21, 0x07, 0x21, 0x09, 0x21, 0x09, 0x21, 0x49, 
	0x21, 0x09, 0x21, 0x49, 0x21, 0x49, 0x21, 0x4b, 
	0x21, 0x8b, 0x21, 0x4b, 0x21, 0x8b, 0x21, 0x8b, 
	0x29, 0x8b, 0x29, 0x4b, 0x29, 0x4b, 0x21, 0x4b, 
	0x29, 0x8b, 0x2a, 0x0d, 0x32, 0x0f, 0x2a, 0x4f, 
	0x2a, 0x0f, 0x2a, 0x0f, 0x2a, 0x0f, 0x32, 0x4f, 
	0x32, 0x91, 0x32, 0x91, 0x32, 0x4f, 0x32, 0x91, 
	0x32, 0x93, 0x2a, 0x4f, 0x32, 0x91, 0x32, 0x93, 
	0x32, 0x91, 0x2a, 0x0f, 0x32, 0x51, 0x2a, 0x0f, 
	0x2a, 0x0f, 0x32, 0x51, 0x2a, 0x51, 0x32, 0x91, 
	0x32, 0x91, 0x32, 0x91, 0x32, 0x51, 0x21, 0x49, 
	0x21, 0x49, 0x21, 0x49, 0x21, 0x49, 0x21, 0x49, 
	0x21, 0x09, 0x21, 0x09, 0x21, 0x09, 0x21, 0x49, 
	0x21, 0x4b, 0x21, 0x4b, 0x21, 0x8b, 0x21, 0x8b, 
	0x21, 0x8b, 0x21, 0x4b, 0x21, 0x4b, 0x29, 0x8b, 
	0x21, 0x4b, 0x29, 0x4b, 0x21, 0x4b, 0x21, 0x4b, 
	0x29, 0x4b, 0x29, 0x8b, 0x29, 0xcd, 0x2a, 0x0f, 
	0x2a, 0x0d, 0x2a, 0x0d, 0x32, 0x0f, 0x32, 0x0f, 
	0x32, 0x0f, 0x32, 0x0f, 0x32, 0x4f, 0x2a, 0x0f, 
	0x2a, 0x0d, 0x2a, 0x0d, 0x2a, 0x8f, 0x2a, 0x4f, 
	0x2a, 0x51, 0x2a, 0x51, 0x32, 0x91, 0x32, 0xd3, 
	0x3b, 0x59, 0x33, 0x17, 0x32, 0x51, 0x32, 0x51, 
	0x2a, 0x91, 0x32, 0x4f, 0x2a, 0x0f, 0x2a, 0x0f, 
	0x2a, 0x0f, 0x2a, 0x0f, 0x32, 0x91, 0x32, 0x51, 
	0x32, 0x91, 0x32, 0xd3, 0x32, 0x93, 0x21, 0x49, 
	0x19, 0x89, 0x19, 0x89, 0x11, 0x89, 0x09, 0x47, 
	0x11, 0x89, 0x11, 0x89, 0x11, 0x47, 0x19, 0x07, 
	0x18, 0xc7, 0x18, 0xc5, 0x18, 0xc7, 0x10, 0x85, 
	0x10, 0x85, 0x10, 0x85, 0x18, 0xc5, 0x19, 0x07, 
	0x10, 0x85, 0x10, 0xc5, 0x10, 0xc5, 0x10, 0x85, 
	0x18, 0xc7, 0x10, 0xc5, 0x18, 0xc5, 0x19, 0x07, 
	0x21, 0x47, 0x29, 0x89, 0x19, 0x07, 0x19, 0x07, 
	0x21, 0x09, 0x21, 0x09, 0x21, 0x09, 0x19, 0x09, 
	0x19, 0x09, 0x21, 0x49, 0x21, 0x49, 0x21, 0x09, 
	0x21, 0x49, 0x21, 0x4b, 0x21, 0x4b, 0x21, 0x49, 
	0x29, 0x8d, 0x21, 0x4b, 0x21, 0x4b, 0x21, 0x4b, 
	0x29, 0x4b, 0x29, 0xcd, 0x29, 0xcd, 0x29, 0xcd, 
	0x29, 0xcd, 0x2a, 0x0d, 0x2a, 0x0f, 0x2a, 0x0f, 
	0x2a, 0x0d, 0x2a, 0x0d, 0x2a, 0x4f, 0x2a, 0x4f, 
	0x2a, 0x51, 0x2a, 0x51, 0x32, 0x93, 0x33, 0x17, 
	0x32, 0xd5, 0x2a, 0x4f, 0x2a, 0x51, 0x32, 0x51, 
	0x2a, 0x0f, 0x2a, 0x0f, 0x2a, 0x0f, 0x32, 0x91, 
	0x2a, 0x51, 0x32, 0x91, 0x32, 0x93, 0x21, 0x49, 
	0x21, 0x49, 0x21, 0x49, 0x21, 0x49, 0x21, 0x09, 
	0x21, 0x09, 0x19, 0x09, 0x21, 0x09, 0x19, 0x09, 
	0x21, 0x4b, 0x21, 0x09, 0x21, 0x4b, 0x21, 0x4b, 
	0x21, 0x49, 0x21, 0x49, 0x21, 0x4b, 0x21, 0x4b, 
	0x21, 0x4b, 0x21, 0x4b, 0x21, 0x4b, 0x21, 0x4b, 
	0x29, 0x4b, 0x29, 0x8b, 0x29, 0xcd, 0x29, 0x8b, 
	0x29, 0xcd, 0x29, 0x8b, 0x29, 0x8b, 0x29, 0x8b, 
	0x29, 0xcd, 0x29, 0xcd, 0x29, 0xcf, 0x32, 0x4f, 
	0x29, 0xcd, 0x2a, 0x0d, 0x2a, 0x4f, 0x2a, 0x4f, 
	0x32, 0x91, 0x32, 0x91, 0x32, 0x91, 0x3b, 0x15, 
	0x33, 0x17, 0x32, 0xd5, 0x32, 0x51, 0x32, 0x51, 
	0x32, 0x4f, 0x32, 0x0f, 0x32, 0x0f, 0x32, 0x51, 
	0x2a, 0x0f, 0x2a, 0x4f, 0x32, 0x51, 0x32, 0x51, 
	0x32, 0x91, 0x32, 0x4f, 0x32, 0x93, 0x21, 0x49, 
	0x19, 0x89, 0x19, 0x89, 0x11, 0x89, 0x09, 0x47, 
	0x09, 0x47, 0x09, 0x47, 0x11, 0x47, 0x11, 0x47, 
	0x18, 0xc7, 0x19, 0x07, 0x18, 0xc7, 0x10, 0x85, 
	0x10, 0x85, 0x10, 0x85, 0x19, 0x07, 0x10, 0x83, 
	0x10, 0xc5, 0x10, 0x85, 0x10, 0x85, 0x10, 0xc5, 
	0x10, 0xc5, 0x18, 0xc7, 0x18, 0xc7, 0x18, 0xc5, 
	0x19, 0x07, 0x19, 0x07, 0x21, 0x49, 0x19, 0x07, 
	0x21, 0x09, 0x19, 0x09, 0x19, 0x09, 0x21, 0x09, 
	0x19, 0x09, 0x19, 0x09, 0x21, 0x09, 0x21, 0x09, 
	0x21, 0x49, 0x21, 0x49, 0x21, 0x49, 0x21, 0x4b, 
	0x21, 0x49, 0x21, 0x4b, 0x21, 0x4b, 0x21, 0x4b, 
	0x29, 0x4b, 0x29, 0x8d, 0x29, 0x8b, 0x29, 0x8b, 
	0x29, 0x8b, 0x29, 0x8b, 0x29, 0xcd, 0x29, 0xcd, 
	0x32, 0x4f, 0x29, 0xcd, 0x2a, 0x0f, 0x2a, 0x4f, 
	0x32, 0x91, 0x32, 0x91, 0x32, 0x93, 0x33, 0x17, 
	0x32, 0x93, 0x32, 0x93, 0x32, 0x51, 0x32, 0x0f, 
	0x32, 0x4f, 0x32, 0x0f, 0x32, 0x91, 0x2a, 0x0f, 
	0x32, 0x91, 0x32, 0x91, 0x32, 0x93, 0x21, 0x49, 
	0x21, 0x49, 0x21, 0x49, 0x21, 0x09, 0x19, 0x09, 
	0x19, 0x09, 0x21, 0x09, 0x19, 0x09, 0x19, 0x09, 
	0x21, 0x09, 0x21, 0x09, 0x21, 0x4b, 0x21, 0x4b, 
	0x21, 0x49, 0x21, 0x49, 0x21, 0x49, 0x21, 0x4b, 
	0x21, 0x4b, 0x21, 0x4b, 0x21, 0x49, 0x21, 0x49, 
	0x21, 0x4b, 0x29, 0x8b, 0x29, 0x8b, 0x29, 0x8b, 
	0x29, 0x8b, 0x29, 0x8b, 0x29, 0x8b, 0x21, 0x8b, 
	0x29, 0xcd, 0x29, 0xcd, 0x29, 0x8d, 0x32, 0x0f, 
	0x29, 0xcb, 0x2a, 0x0d, 0x2a, 0x4f, 0x2a, 0x0f, 
	0x2a, 0x4f, 0x2a, 0x51, 0x2a, 0x51, 0x2a, 0x51, 
	0x2a, 0x51, 0x32, 0xd3, 0x32, 0x93, 0x32, 0x93, 
	0x2a, 0x0f, 0x32, 0x93, 0x32, 0x51, 0x2a, 0x0f, 
	0x2a, 0x4f, 0x32, 0x91, 0x32, 0x91, 0x2a, 0x4f, 
	0x32, 0x51, 0x32, 0x51, 0x2a, 0x4f, 0x19, 0x89, 
	0x09, 0x47, 0x11, 0x89, 0x09, 0x49, 0x11, 0x89, 
	0x11, 0x89, 0x11, 0x89, 0x19, 0x49, 0x19, 0x09, 
	0x19, 0x07, 0x18, 0xc7, 0x19, 0x07, 0x10, 0x85, 
	0x10, 0x85, 0x18, 0xc7, 0x10, 0xc5, 0x18, 0xc7, 
	0x18, 0xc7, 0x18, 0xc7, 0x10, 0xc7, 0x18, 0xc5, 
	0x18, 0xc7, 0x18, 0xc7, 0x18, 0xc5, 0x19, 0x05, 
	0x19, 0x05, 0x19, 0x07, 0x19, 0x07, 0x18, 0xc7, 
	0x19, 0x09, 0x19, 0x09, 0x19, 0x07, 0x18, 0xc7, 
	0x19, 0x07, 0x21, 0x09, 0x21, 0x09, 0x21, 0x09, 
	0x21, 0x09, 0x21, 0x09, 0x21, 0x49, 0x21, 0x49, 
	0x21, 0x4b, 0x21, 0x49, 0x21, 0x49, 0x21, 0x49, 
	0x21, 0x4b, 0x29, 0x8b, 0x29, 0x8b, 0x29, 0x8b, 
	0x29, 0x8b, 0x29, 0x8b, 0x29, 0x8b, 0x29, 0xcd, 
	0x29, 0xcd, 0x29, 0xcd, 0x2a, 0x4f, 0x32, 0x4f, 
	0x2a, 0x4f, 0x32, 0x91, 0x2a, 0x51, 0x2a, 0x0f, 
	0x32, 0x51, 0x3b, 0x17, 0x2a, 0x51, 0x32, 0x93, 
	0x32, 0x51, 0x2a, 0x0f, 0x32, 0x91, 0x32, 0x91, 
	0x32, 0x51, 0x32, 0x51, 0x2a, 0x0f, 0x21, 0x49, 
	0x21, 0x49, 0x21, 0x09, 0x19, 0x09, 0x19, 0x09, 
	0x19, 0x09, 0x19, 0x09, 0x18, 0xc7, 0x19, 0x09, 
	0x19, 0x07, 0x21, 0x09, 0x21, 0x09, 0x21, 0x09, 
	0x21, 0x09, 0x21, 0x49, 0x21, 0x4b, 0x21, 0x4b, 
	0x21, 0x4b, 0x21, 0x4b, 0x21, 0x49, 0x21, 0x49, 
	0x21, 0x4b, 0x29, 0x8b, 0x29, 0x8b, 0x29, 0xcd, 
	0x29, 0x4b, 0x29, 0x8b, 0x29, 0x8b, 0x29, 0x8b, 
	0x29, 0xcd, 0x29, 0xcd, 0x29, 0x8d, 0x29, 0x8d, 
	0x29, 0xcd, 0x2a, 0x4f, 0x2a, 0x0f, 0x2a, 0x4f, 
	0x2a, 0x0f, 0x2a, 0x51, 0x2a, 0x51, 0x2a, 0x0f, 
	0x2a, 0x51, 0x33, 0x15, 0x44, 0x1f, 0x32, 0x93, 
	0x32, 0x51, 0x32, 0x51, 0x32, 0x51, 0x32, 0x93, 
	0x32, 0x51, 0x32, 0x91, 0x32, 0x91, 0x32, 0x91, 
	0x32, 0xd1, 0x32, 0xd1, 0x2a, 0x4f, 0x19, 0x89, 
	0x11, 0x47, 0x09, 0x47, 0x11, 0x89, 0x11, 0x8b, 
	0x11, 0x89, 0x09, 0x47, 0x19, 0x49, 0x19, 0x49, 
	0x18, 0xc7, 0x19, 0x07, 0x10, 0xc5, 0x10, 0x85, 
	0x10, 0x85, 0x10, 0x85, 0x10, 0x85, 0x10, 0xc5, 
	0x10, 0x85, 0x18, 0xc7, 0x18, 0xc5, 0x18, 0xc5, 
	0x18, 0xc7, 0x19, 0x05, 0x10, 0x85, 0x18, 0xc5, 
	0x19, 0x07, 0x21, 0x47, 0x21, 0x87, 0x19, 0x07, 
	0x21, 0x49, 0x21, 0x87, 0x21, 0x09, 0x18, 0xc7, 
	0x19, 0x07, 0x19, 0x07, 0x21, 0x09, 0x21, 0x09, 
	0x21, 0x09, 0x19, 0x09, 0x21, 0x49, 0x21, 0x4b, 
	0x21, 0x4b, 0x21, 0x49, 0x21, 0x4b, 0x21, 0x49, 
	0x21, 0x4b, 0x29, 0x8b, 0x29, 0x8d, 0x29, 0x4b, 
	0x29, 0x8b, 0x29, 0x8b, 0x29, 0xcd, 0x29, 0xcd, 
	0x29, 0x8b, 0x29, 0xcd, 0x32, 0x0f, 0x2a, 0x4f, 
	0x2a, 0x0f, 0x32, 0x51, 0x2a, 0x0f, 0x2a, 0x51, 
	0x3b, 0x17, 0x3b, 0x9b, 0x2a, 0x53, 0x2a, 0x53, 
	0x32, 0x51, 0x32, 0x51, 0x32, 0x91, 0x32, 0x91, 
	0x32, 0xd1, 0x32, 0x91, 0x2a, 0x0f, 0x21, 0x49, 
	0x21, 0x49, 0x21, 0x09, 0x21, 0x09, 0x19, 0x09, 
	0x18, 0xc7, 0x18, 0xc7, 0x18, 0xc7, 0x18, 0xc7, 
	0x19, 0x07, 0x19, 0x07, 0x21, 0x09, 0x21, 0x09, 
	0x19, 0x09, 0x21, 0x09, 0x21, 0x4b, 0x21, 0x09, 
	0x21, 0x09, 0x21, 0x09, 0x21, 0x4b, 0x21, 0x4b, 
	0x21, 0x49, 0x21, 0x49, 0x29, 0x8b, 0x29, 0x8b, 
	0x29, 0x8b, 0x21, 0x4b, 0x21, 0x4b, 0x29, 0x8b, 
	0x29, 0x8b, 0x29, 0x8b, 0x21, 0x49, 0x29, 0xcd, 
	0x29, 0xcd, 0x2a, 0x0d, 0x2a, 0x0f, 0x2a, 0x0f, 
	0x2a, 0x4f, 0x2a, 0x0f, 0x32, 0x4f, 0x2a, 0x0f, 
	0x32, 0x93, 0x3b, 0x59, 0x32, 0x93, 0x32, 0x93, 
	0x32, 0x93, 0x32, 0x93, 0x32, 0x93, 0x32, 0x93, 
	0x32, 0x93, 0x32, 0x93, 0x32, 0x51, 0x32, 0xd3, 
	0x32, 0x93, 0x32, 0x93, 0x19, 0xc9, 0x19, 0xc9, 
	0x19, 0xc7, 0x19, 0xc7, 0x11, 0xc9, 0x11, 0x89, 
	0x11, 0x89, 0x11, 0x89, 0x19, 0x89, 0x19, 0x09, 
	0x19, 0x07, 0x19, 0x07, 0x19, 0x07, 0x10, 0x85, 
	0x10, 0x85, 0x10, 0x85, 0x10, 0xc5, 0x10, 0xc5, 
	0x10, 0x85, 0x10, 0x85, 0x10, 0xc5, 0x10, 0xc5, 
	0x18, 0xc7, 0x18, 0xc7, 0x10, 0xc5, 0x19, 0x07, 
	0x19, 0x07, 0x19, 0x07, 0x21, 0x49, 0x19, 0x07, 
	0x19, 0x07, 0x19, 0x07, 0x19, 0x07, 0x18, 0xc7, 
	0x19, 0x09, 0x18, 0xc7, 0x18, 0xc7, 0x19, 0x09, 
	0x19, 0x09, 0x21, 0x09, 0x21, 0x09, 0x21, 0x4b, 
	0x19, 0x09, 0x19, 0x09, 0x21, 0x4b, 0x21, 0x4b, 
	0x21, 0x4b, 0x29, 0x4b, 0x29, 0x8b, 0x21, 0x4b, 
	0x29, 0x8b, 0x29, 0x8b, 0x29, 0x8b, 0x29, 0x8b, 
	0x29, 0x8d, 0x29, 0xcd, 0x2a, 0x0f, 0x2a, 0x0f, 
	0x2a, 0x4f, 0x2a, 0x4f, 0x2a, 0x4f, 0x2a, 0x4f, 
	0x3b, 0x57, 0x32, 0x51, 0x32, 0x93, 0x32, 0x93, 
	0x32, 0x93, 0x32, 0x93, 0x32, 0x93, 0x32, 0x93, 
	0x32, 0x91, 0x32, 0xd3, 0x21, 0x49, 0x21, 0x49, 
	0x21, 0x49, 0x21, 0x49, 0x21, 0x09, 0x18, 0xc7, 
	0x18, 0xc7, 0x18, 0xc7, 0x18, 0xc7, 0x18, 0xc7, 
	0x18, 0xc7, 0x19, 0x07, 0x19, 0x09, 0x19, 0x09, 
	0x19, 0x09, 0x21, 0x09, 0x21, 0x09, 0x21, 0x09, 
	0x21, 0x09, 0x21, 0x09, 0x21, 0x4b, 0x21, 0x4b, 
	0x21, 0x49, 0x21, 0x07, 0x21, 0x49, 0x29, 0x8b, 
	0x21, 0x4b, 0x21, 0x4b, 0x29, 0x8b, 0x29, 0x8b, 
	0x29, 0x4b, 0x29, 0x8b, 0x29, 0x8b, 0x29, 0x8b, 
	0x29, 0xcd, 0x29, 0xcd, 0x2a, 0x0f, 0x2a, 0x0f, 
	0x2a, 0x0f, 0x2a, 0x4f, 0x32, 0x4f, 0x32, 0x4f, 
	0x2a, 0x0f, 0x33, 0x15, 0x32, 0x93, 0x32, 0x93, 
	0x32, 0x93, 0x32, 0x93, 0x32, 0x93, 0x32, 0x93, 
	0x32, 0xd3, 0x32, 0x93, 0x32, 0x93, 0x32, 0x91, 
	0x32, 0x93, 0x2a, 0x0d, 0x19, 0xc9, 0x19, 0xc9, 
	0x11, 0x47, 0x11, 0x47, 0x11, 0xc9, 0x11, 0x89, 
	0x11, 0x89, 0x11, 0x89, 0x19, 0x89, 0x19, 0x49, 
	0x19, 0x07, 0x21, 0x49, 0x18, 0xc7, 0x10, 0x85, 
	0x10, 0x85, 0x10, 0x85, 0x10, 0x85, 0x10, 0x85, 
	0x18, 0xc7, 0x10, 0x85, 0x10, 0x85, 0x10, 0x85, 
	0x18, 0xc7, 0x18, 0xc7, 0x10, 0xc5, 0x10, 0xc5, 
	0x18, 0xc7, 0x18, 0xc7, 0x21, 0x49, 0x19, 0x07, 
	0x19, 0x07, 0x19, 0x07, 0x18, 0xc7, 0x18, 0xc7, 
	0x18, 0xc7, 0x18, 0xc7, 0x18, 0xc7, 0x18, 0xc7, 
	0x18, 0xc9, 0x18, 0xc9, 0x21, 0x09, 0x21, 0x09, 
	0x19, 0x09, 0x19, 0x09, 0x21, 0x09, 0x21, 0x4b, 
	0x21, 0x4b, 0x21, 0x4b, 0x21, 0x8b, 0x21, 0x8b, 
	0x21, 0x4b, 0x29, 0x8b, 0x29, 0x4b, 0x29, 0x8b, 
	0x29, 0x8d, 0x29, 0xcd, 0x2a, 0x0f, 0x2a, 0x0f, 
	0x2a, 0x0f, 0x2a, 0x4f, 0x2a, 0x4f, 0x2a, 0x0f, 
	0x32, 0xd5, 0x32, 0xd5, 0x32, 0x93, 0x32, 0x93, 
	0x32, 0x51, 0x32, 0xd5, 0x32, 0x93, 0x32, 0x93, 
	0x32, 0x91, 0x32, 0x4f, 0x21, 0x49, 0x21, 0x49, 
	0x21, 0x49, 0x21, 0x49, 0x19, 0x07, 0x18, 0xc7, 
	0x18, 0xc7, 0x18, 0xc7, 0x18, 0xc7, 0x18, 0xc7, 
	0x18, 0xc7, 0x18, 0xc7, 0x18, 0xc7, 0x18, 0xc7, 
	0x19, 0x07, 0x19, 0x07, 0x21, 0x09, 0x21, 0x09, 
	0x21, 0x09, 0x19, 0x09, 0x21, 0x09, 0x21, 0x49, 
	0x21, 0x49, 0x21, 0x07, 0x20, 0xc7, 0x29, 0x8b, 
	0x29, 0x8b, 0x21, 0x4b, 0x21, 0x4b, 0x29, 0x8b, 
	0x29, 0x4b, 0x29, 0x4b, 0x21, 0x8b, 0x29, 0xcb, 
	0x2a, 0x0f, 0x29, 0xcd, 0x2a, 0x0d, 0x2a, 0x0d, 
	0x2a, 0x0d, 0x2a, 0x4f, 0x2a, 0x4f, 0x32, 0x91, 
	0x32, 0x91, 0x32, 0xd3, 0x32, 0xd3, 0x2a, 0x51, 
	0x32, 0x51, 0x32, 0x51, 0x32, 0x91, 0x32, 0xd5, 
	0x2a, 0x91, 0x2a, 0x91, 0x32, 0x91, 0x2a, 0x0f, 
	0x2a, 0x0b, 0x19, 0x89, 0x11, 0x45, 0x19, 0x89, 
	0x11, 0x47, 0x11, 0x89, 0x11, 0x47, 0x11, 0x47, 
	0x11, 0x47, 0x11, 0x89, 0x19, 0x47, 0x19, 0x47, 
	0x18, 0xc7, 0x19, 0x49, 0x19, 0x07, 0x10, 0xc7, 
	0x10, 0x85, 0x18, 0xc7, 0x10, 0xc5, 0x18, 0xc7, 
	0x10, 0xc5, 0x18, 0xc7, 0x10, 0x85, 0x18, 0xc7, 
	0x10, 0xc7, 0x18, 0xc7, 0x18, 0xc7, 0x18, 0xc7, 
	0x18, 0xc7, 0x18, 0xc7, 0x18, 0xc7, 0x21, 0x07, 
	0x18, 0xc7, 0x19, 0x07, 0x18, 0xc7, 0x18, 0xc7, 
	0x18, 0xc7, 0x18, 0xc7, 0x18, 0xc7, 0x18, 0xc7, 
	0x18, 0xc7, 0x18, 0xc7, 0x19, 0x09, 0x18, 0xc7, 
	0x21, 0x09, 0x19, 0x09, 0x21, 0x09, 0x21, 0x09, 
	0x21, 0x09, 0x21, 0x09, 0x29, 0x8b, 0x29, 0x8b, 
	0x21, 0x4b, 0x29, 0x8b, 0x29, 0x8b, 0x29, 0x8b, 
	0x29, 0xcd, 0x2a, 0x0f, 0x2a, 0x0f, 0x2a, 0x0f, 
	0x2a, 0x0d, 0x2a, 0x0f, 0x32, 0x91, 0x32, 0x4f, 
	0x32, 0x93, 0x2a, 0x91, 0x32, 0x51, 0x32, 0x51, 
	0x32, 0x91, 0x32, 0x93, 0x32, 0x91, 0x32, 0x91, 
	0x2a, 0x4f, 0x21, 0x49, 0x21, 0x49, 0x21, 0x09, 
	0x19, 0x07, 0x19, 0x07, 0x18, 0xc7, 0x18, 0xc7, 
	0x18, 0xc7, 0x18, 0xc7, 0x18, 0xc7, 0x18, 0xc7, 
	0x18, 0xc7, 0x18, 0xc7, 0x18, 0xc7, 0x18, 0xc7, 
	0x21, 0x09, 0x21, 0x49, 0x21, 0x4b, 0x21, 0x09, 
	0x21, 0x09, 0x21, 0x09, 0x21, 0x09, 0x21, 0x49, 
	0x21, 0x49, 0x21, 0x07, 0x21, 0x09, 0x29, 0x49, 
	0x29, 0x8b, 0x21, 0x4b, 0x29, 0x4b, 0x21, 0x4b, 
	0x21, 0x4b, 0x21, 0x4b, 0x21, 0x4b, 0x29, 0x8b, 
	0x29, 0xcd, 0x29, 0xcd, 0x29, 0xcd, 0x2a, 0x0d, 
	0x29, 0xcd, 0x2a, 0x4f, 0x2a, 0x0d, 0x2a, 0x4f, 
	0x32, 0x91, 0x32, 0x91, 0x2a, 0x51, 0x2a, 0x0f, 
	0x2a, 0x4f, 0x2a, 0x0d, 0x32, 0x4f, 0x32, 0x91, 
	0x2a, 0x4f, 0x2a, 0x4f, 0x29, 0xcb, 0x21, 0x49, 
	0x11, 0x45, 0x19, 0x89, 0x1a, 0x0b, 0x1a, 0x0b, 
	0x09, 0x05, 0x11, 0x89, 0x11, 0x05, 0x11, 0x47, 
	0x11, 0x89, 0x11, 0x89, 0x19, 0x47, 0x19, 0x07, 
	0x18, 0xc7, 0x19, 0x49, 0x19, 0x07, 0x10, 0xc7, 
	0x10, 0x85, 0x10, 0x85, 0x10, 0x85, 0x10, 0x85, 
	0x10, 0x85, 0x18, 0xc7, 0x10, 0xc5, 0x10, 0x85, 
	0x10, 0xc5, 0x10, 0xc7, 0x10, 0xc5, 0x18, 0xc7, 
	0x18, 0xc7, 0x18, 0xc7, 0x18, 0xc7, 0x21, 0x07, 
	0x21, 0x09, 0x18, 0xc7, 0x18, 0xc7, 0x18, 0xc7, 
	0x18, 0xc7, 0x18, 0xc7, 0x18, 0xc7, 0x18, 0xc7, 
	0x18, 0xc7, 0x18, 0xc7, 0x18, 0xc7, 0x19, 0x09, 
	0x19, 0x09, 0x21, 0x09, 0x19, 0x09, 0x21, 0x09, 
	0x21, 0x09, 0x21, 0x49, 0x21, 0x4b, 0x29, 0x8b, 
	0x21, 0x4b, 0x21, 0x4b, 0x21, 0x4b, 0x21, 0x4b, 
	0x21, 0x8b, 0x29, 0xcd, 0x29, 0xcd, 0x2a, 0x0f, 
	0x29, 0xcd, 0x2a, 0x0f, 0x2a, 0x4f, 0x32, 0x4f, 
	0x2a, 0x91, 0x2a, 0x4f, 0x2a, 0x51, 0x2a, 0x0f, 
	0x32, 0x91, 0x32, 0x91, 0x2a, 0x0d, 0x29, 0xcb, 
	0x21, 0x49, 0x29, 0xcb, 0x21, 0x49, 0x21, 0x09, 
	0x19, 0x07, 0x19, 0x07, 0x19, 0x07, 0x18, 0xc7, 
	0x18, 0xc7, 0x18, 0xc7, 0x18, 0xc7, 0x18, 0xc7, 
	0x18, 0xc7, 0x18, 0xc7, 0x18, 0xc7, 0x19, 0x09, 
	0x18, 0xc7, 0x19, 0x07, 0x19, 0x07, 0x18, 0xc7, 
	0x19, 0x09, 0x19, 0x09, 0x21, 0x07, 0x20, 0xc7, 
	0x21, 0x07, 0x21, 0x07, 0x21, 0x09, 0x21, 0x49, 
	0x29, 0x8b, 0x21, 0x49, 0x21, 0x4b, 0x21, 0x49, 
	0x21, 0x49, 0x21, 0x4b, 0x21, 0x8b, 0x29, 0xcd, 
	0x29, 0xcd, 0x29, 0xcd, 0x2a, 0x0d, 0x29, 0xcd, 
	0x29, 0xcd, 0x29, 0xcd, 0x2a, 0x0f, 0x2a, 0x0f, 
	0x32, 0x51, 0x32, 0x51, 0x2a, 0x0f, 0x32, 0x4f, 
	0x2a, 0x4f, 0x2a, 0x4f, 0x2a, 0x4f, 0x2a, 0x4f, 
	0x32, 0x51, 0x32, 0x51, 0x21, 0x49, 0x11, 0x47, 
	0x11, 0x47, 0x22, 0x4d, 0x11, 0x87, 0x11, 0x45, 
	0x11, 0x87, 0x11, 0x03, 0x09, 0x45, 0x11, 0x45, 
	0x19, 0x89, 0x11, 0x47, 0x11, 0x07, 0x11, 0x07, 
	0x18, 0xc7, 0x19, 0x07, 0x19, 0x09, 0x10, 0xc7, 
	0x10, 0x85, 0x10, 0x85, 0x10, 0x85, 0x10, 0x85, 
	0x18, 0xc7, 0x10, 0x85, 0x19, 0x07, 0x10, 0xc5, 
	0x10, 0xc5, 0x18, 0xc7, 0x10, 0xc5, 0x18, 0xc5, 
	0x18, 0xc7, 0x18, 0xc7, 0x18, 0xc7, 0x18, 0xc7, 
	0x18, 0xc7, 0x18, 0xc7, 0x18, 0xc7, 0x18, 0xc7, 
	0x18, 0xc7, 0x18, 0xc7, 0x18, 0xc7, 0x18, 0xc7, 
	0x18, 0xc9, 0x18, 0xc7, 0x18, 0xc7, 0x19, 0x09, 
	0x19, 0x09, 0x19, 0x09, 0x21, 0x09, 0x21, 0x49, 
	0x21, 0x09, 0x21, 0x09, 0x21, 0x49, 0x29, 0x8b, 
	0x21, 0x4b, 0x21, 0x4b, 0x21, 0x4b, 0x21, 0x4b, 
	0x29, 0xcd, 0x29, 0xcd, 0x29, 0xcd, 0x29, 0xcd, 
	0x29, 0xcd, 0x29, 0xcd, 0x2a, 0x0f, 0x2a, 0x4f, 
	0x2a, 0x4f, 0x2a, 0x0f, 0x2a, 0x4f, 0x2a, 0x4f, 
	0x2a, 0x51, 0x2a, 0x51, 0x32, 0x4f, 0x21, 0x49, 
	0x21, 0x49, 0x29, 0x89, 0x21, 0x47, 0x21, 0x07, 
	0x19, 0x09, 0x19, 0x09, 0x19, 0x07, 0x19, 0x07, 
	0x18, 0xc7, 0x18, 0xc9, 0x18, 0xc7, 0x18, 0xc7, 
	0x18, 0xc7, 0x18, 0xc7, 0x18, 0xc7, 0x18, 0xc7, 
	0x18, 0xc7, 0x18, 0xc7, 0x18, 0xc7, 0x18, 0xc7, 
	0x10, 0xc7, 0x18, 0xc7, 0x21, 0x07, 0x20, 0xc7, 
	0x21, 0x09, 0x29, 0x8b, 0x21, 0x49, 0x21, 0x49, 
	0x29, 0x8b, 0x29, 0x8b, 0x21, 0x49, 0x21, 0x49, 
	0x21, 0x49, 0x21, 0x49, 0x21, 0x8b, 0x29, 0x8d, 
	0x29, 0xcd, 0x29, 0x8b, 0x29, 0xcd, 0x29, 0xcd, 
	0x29, 0xcd, 0x29, 0xcd, 0x29, 0xcd, 0x29, 0xcd, 
	0x2a, 0x4f, 0x32, 0x51, 0x32, 0x4f, 0x2a, 0x0f, 
	0x2a, 0x4f, 0x2a, 0x0d, 0x2a, 0x0d, 0x2a, 0x0d, 
	0x32, 0x51, 0x21, 0x49, 0x11, 0x47, 0x09, 0x05, 
	0x19, 0x89, 0x1a, 0x0b, 0x19, 0xc9, 0x09, 0x03, 
	0x11, 0x45, 0x11, 0x45, 0x11, 0x45, 0x09, 0x45, 
	0x09, 0x05, 0x11, 0x47, 0x11, 0x07, 0x11, 0x07, 
	0x18, 0xc7, 0x19, 0x07, 0x19, 0x09, 0x10, 0xc7, 
	0x10, 0x85, 0x10, 0x85, 0x10, 0x85, 0x10, 0x85, 
	0x10, 0x85, 0x10, 0x85, 0x10, 0xc5, 0x19, 0x07, 
	0x10, 0x85, 0x18, 0xc7, 0x10, 0xc5, 0x18, 0xc5, 
	0x18, 0xc7, 0x18, 0xc7, 0x18, 0xc7, 0x18, 0xc7, 
	0x18, 0xc7, 0x19, 0x07, 0x18, 0xc7, 0x18, 0xc7, 
	0x18, 0xc7, 0x18, 0xc7, 0x19, 0x09, 0x18, 0xc7, 
	0x18, 0xc7, 0x18, 0xc7, 0x18, 0xc7, 0x18, 0xc7, 
	0x19, 0x09, 0x19, 0x09, 0x21, 0x09, 0x21, 0x49, 
	0x21, 0x49, 0x21, 0x09, 0x21, 0x49, 0x29, 0xcb, 
	0x21, 0x4b, 0x21, 0x4b, 0x21, 0x49, 0x21, 0x4b, 
	0x29, 0xcd, 0x29, 0xcd, 0x29, 0xcd, 0x29, 0xcd, 
	0x29, 0xcd, 0x29, 0xcd, 0x29, 0xcd, 0x2a, 0x0d, 
	0x2a, 0x4f, 0x2a, 0x0d, 0x2a, 0x4f, 0x2a, 0x0d, 
	0x2a, 0x0d, 0x2a, 0x0f, 0x21, 0x49, 0x21, 0x49, 
	0x21, 0x09, 0x21, 0x49, 0x21, 0x49, 0x21, 0x07, 
	0x21, 0x09, 0x19, 0x09, 0x19, 0x07, 0x19, 0x07, 
	0x18, 0xc7, 0x18, 0xc7, 0x18, 0xc7, 0x18, 0xc7, 
	0x18, 0xc7, 0x18, 0xc7, 0x19, 0x09, 0x18, 0xc7, 
	0x18, 0xc7, 0x21, 0x07, 0x19, 0x07, 0x19, 0x07, 
	0x18, 0xc7, 0x18, 0xc7, 0x21, 0x07, 0x21, 0x07, 
	0x21, 0x09, 0x21, 0x09, 0x20, 0xc7, 0x21, 0x07, 
	0x21, 0x49, 0x29, 0xcb, 0x21, 0x49, 0x21, 0x49, 
	0x21, 0x49, 0x21, 0x4b, 0x21, 0x8b, 0x29, 0x8d, 
	0x29, 0xcd, 0x29, 0x8d, 0x29, 0xcd, 0x29, 0xcd, 
	0x29, 0xcd, 0x29, 0xcd, 0x29, 0xcd, 0x29, 0xcd, 
	0x2a, 0x0d, 0x32, 0x4f, 0x2a, 0x4f, 0x2a, 0x4f, 
	0x2a, 0x4f, 0x2a, 0x0f, 0x2a, 0x0d, 0x29, 0x8b, 
	0x21, 0x89, 0x19, 0x07, 0x09, 0x05, 0x11, 0x89, 
	0x19, 0xcb, 0x11, 0x45, 0x11, 0x45, 0x11, 0x87, 
	0x11, 0x45, 0x19, 0x87, 0x19, 0x89, 0x21, 0x47, 
	0x08, 0xc3, 0x08, 0xc3, 0x19, 0x07, 0x19, 0x07, 
	0x21, 0x07, 0x20, 0xc7, 0x18, 0xc7, 0x18, 0xc7, 
	0x18, 0xc7, 0x18, 0xc7, 0x18, 0xc7, 0x18, 0xc7, 
	0x18, 0xc7, 0x18, 0xc7, 0x18, 0xc7, 0x18, 0xc7, 
	0x18, 0xc7, 0x18, 0xc7, 0x18, 0xc7, 0x19, 0x07, 
	0x18, 0xc7, 0x19, 0x07, 0x19, 0x07, 0x18, 0xc7, 
	0x18, 0xc7, 0x19, 0x07, 0x21, 0x49, 0x18, 0xc7, 
	0x18, 0xc7, 0x10, 0xc7, 0x19, 0x07, 0x18, 0xc7, 
	0x18, 0xc7, 0x18, 0xc7, 0x18, 0xc7, 0x18, 0xc9, 
	0x19, 0x09, 0x19, 0x09, 0x21, 0x09, 0x21, 0x49, 
	0x21, 0x09, 0x21, 0x09, 0x21, 0x49, 0x21, 0x89, 
	0x21, 0x49, 0x21, 0x49, 0x21, 0x4b, 0x21, 0x4b, 
	0x29, 0x8b, 0x29, 0xcd, 0x29, 0x8d, 0x29, 0xcd, 
	0x29, 0xcd, 0x29, 0x8d, 0x29, 0xcd, 0x29, 0xcd, 
	0x32, 0x0f, 0x32, 0x0f, 0x32, 0x4f, 0x2a, 0x0f, 
	0x2a, 0x0d, 0x29, 0xcb, 0x21, 0x07, 0x21, 0x07, 
	0x21, 0x49, 0x21, 0x09, 0x21, 0x49, 0x21, 0x49, 
	0x21, 0x09, 0x19, 0x07, 0x19, 0x07, 0x19, 0x07, 
	0x19, 0x07, 0x18, 0xc7, 0x18, 0xc7, 0x18, 0xc7, 
	0x18, 0xc7, 0x19, 0x07, 0x21, 0x07, 0x18, 0xc7, 
	0x21, 0x09, 0x21, 0x09, 0x18, 0xc7, 0x21, 0x89, 
	0x21, 0x49, 0x21, 0x07, 0x21, 0x49, 0x21, 0x89, 
	0x21, 0x89, 0x20, 0xc7, 0x21, 0x89, 0x21, 0x07, 
	0x21, 0x49, 0x21, 0x89, 0x29, 0x8b, 0x21, 0x49, 
	0x21, 0x49, 0x21, 0x8b, 0x29, 0xcd, 0x29, 0xcd, 
	0x29, 0xcd, 0x29, 0xcd, 0x29, 0xcd, 0x29, 0xcd, 
	0x29, 0xcd, 0x29, 0xcd, 0x29, 0xcd, 0x29, 0xcd, 
	0x2a, 0x0d, 0x32, 0x0f, 0x32, 0x4f, 0x2a, 0x0f, 
	0x2a, 0x0f, 0x2a, 0x0f, 0x29, 0x8b, 0x29, 0x8b, 
	0x21, 0x89, 0x21, 0xcb, 0x11, 0x89, 0x11, 0x47, 
	0x22, 0x0f, 0x11, 0x45, 0x11, 0x87, 0x19, 0x89, 
	0x11, 0x47, 0x19, 0xc9, 0x19, 0x89, 0x21, 0x47, 
	0x19, 0x49, 0x11, 0x05, 0x11, 0x47, 0x19, 0x07, 
	0x21, 0x07, 0x20, 0xc7, 0x21, 0x07, 0x21, 0x07, 
	0x19, 0x07, 0x19, 0x07, 0x18, 0xc7, 0x19, 0x09, 
	0x19, 0x07, 0x18, 0xc7, 0x18, 0xc7, 0x18, 0xc7, 
	0x21, 0x07, 0x18, 0xc7, 0x18, 0xc7, 0x18, 0xc7, 
	0x18, 0xc7, 0x19, 0x07, 0x19, 0x07, 0x19, 0x47, 
	0x19, 0x07, 0x18, 0xc7, 0x21, 0x09, 0x19, 0x07, 
	0x18, 0xc7, 0x18, 0xc7, 0x18, 0xc7, 0x18, 0xc7, 
	0x18, 0xc7, 0x18, 0xc7, 0x18, 0xc7, 0x18, 0xc7, 
	0x18, 0xc7, 0x19, 0x09, 0x19, 0x09, 0x21, 0x09, 
	0x21, 0x09, 0x21, 0x09, 0x21, 0x09, 0x21, 0x49, 
	0x29, 0x8b, 0x21, 0x49, 0x21, 0x4b, 0x29, 0x8b, 
	0x29, 0xcd, 0x29, 0xcd, 0x29, 0xcd, 0x29, 0xcd, 
	0x29, 0xcd, 0x29, 0xcd, 0x29, 0xcd, 0x2a, 0x0d, 
	0x32, 0x0f, 0x2a, 0x4f, 0x2a, 0x0f, 0x2a, 0x0f, 
	0x21, 0x49, 0x21, 0x49, 0x21, 0x49, 0x21, 0x49, 
	0x21, 0x49, 0x21, 0x49, 0x21, 0x49, 0x21, 0x49, 
	0x21, 0x49, 0x19, 0x07, 0x19, 0x07, 0x19, 0x07, 
	0x19, 0x07, 0x19, 0x07, 0x18, 0xc7, 0x18, 0xc7, 
	0x18, 0xc7, 0x18, 0xc7, 0x18, 0xc7, 0x21, 0x07, 
	0x21, 0x4b, 0x21, 0x09, 0x21, 0x09, 0x21, 0x49, 
	0x21, 0x49, 0x29, 0x8b, 0x21, 0x49, 0x21, 0x4b, 
	0x29, 0x8b, 0x29, 0x8b, 0x29, 0x8b, 0x21, 0x49, 
	0x21, 0x4b, 0x29, 0x8b, 0x29, 0x8b, 0x29, 0x8b, 
	0x21, 0x4b, 0x29, 0x8b, 0x29, 0x8b, 0x29, 0x8d, 
	0x29, 0xcd, 0x29, 0xcd, 0x29, 0xcd, 0x29, 0xcd, 
	0x29, 0x8d, 0x31, 0xcd, 0x32, 0x0d, 0x31, 0xcd, 
	0x32, 0x0f, 0x32, 0x0f, 0x32, 0x51, 0x32, 0x0f, 
	0x29, 0xcd, 0x29, 0xcd, 0x21, 0x4b, 0x29, 0x8b, 
	0x19, 0xcb, 0x19, 0xcb, 0x11, 0x89, 0x1a, 0x0d, 
	0x11, 0x49, 0x11, 0x49, 0x19, 0x89, 0x19, 0x89, 
	0x21, 0xc9, 0x19, 0x47, 0x19, 0x49, 0x21, 0x07, 
	0x11, 0x47, 0x19, 0x89, 0x19, 0x09, 0x19, 0x09, 
	0x21, 0x49, 0x20, 0xc7, 0x21, 0x4b, 0x21, 0x09, 
	0x21, 0x49, 0x20, 0xc7, 0x19, 0x09, 0x21, 0x09, 
	0x21, 0x09, 0x19, 0x09, 0x19, 0x09, 0x21, 0x09, 
	0x18, 0xc7, 0x21, 0x09, 0x18, 0xc7, 0x21, 0x09, 
	0x19, 0x07, 0x21, 0x09, 0x19, 0x07, 0x19, 0x07, 
	0x21, 0x49, 0x18, 0xc7, 0x19, 0x07, 0x21, 0x49, 
	0x18, 0xc7, 0x18, 0xc7, 0x18, 0xc7, 0x18, 0xc7, 
	0x18, 0xc7, 0x18, 0xc7, 0x19, 0x09, 0x19, 0x09, 
	0x19, 0x09, 0x19, 0x09, 0x19, 0x09, 0x21, 0x09, 
	0x21, 0x09, 0x21, 0x09, 0x21, 0x09, 0x21, 0x4b, 
	0x21, 0x8b, 0x21, 0x4b, 0x21, 0x4b, 0x21, 0x4b, 
	0x29, 0x8b, 0x29, 0xcd, 0x29, 0xcd, 0x29, 0xcd, 
	0x29, 0x8d, 0x31, 0xcf, 0x32, 0x0f, 0x32, 0x0f, 
	0x32, 0x0f, 0x32, 0x51, 0x32, 0x0d, 0x29, 0x8b, 
	0x21, 0x49, 0x21, 0x09, 0x21, 0x07, 0x21, 0x49, 
	0x21, 0x09, 0x21, 0x09, 0x19, 0x09, 0x19, 0x09, 
	0x19, 0x07, 0x21, 0x09, 0x19, 0x07, 0x21, 0x09, 
	0x19, 0x09, 0x21, 0x09, 0x20, 0xc7, 0x20, 0xc7, 
	0x19, 0x07, 0x21, 0x49, 0x21, 0x07, 0x21, 0x49, 
	0x29, 0xcb, 0x2a, 0x0d, 0x21, 0x49, 0x29, 0x4b, 
	0x29, 0x4b, 0x29, 0x8b, 0x29, 0xcd, 0x29, 0xcd, 
	0x32, 0x0d, 0x29, 0x8b, 0x29, 0x8b, 0x29, 0x8b, 
	0x29, 0x8b, 0x29, 0x8d, 0x29, 0xcd, 0x29, 0xcd, 
	0x29, 0x8d, 0x29, 0x8d, 0x31, 0xcf, 0x29, 0x8d, 
	0x31, 0xcd, 0x29, 0xcd, 0x31, 0xcd, 0x31, 0xcd, 
	0x32, 0x0d, 0x32, 0x0d, 0x32, 0x0d, 0x32, 0x0d, 
	0x29, 0xcd, 0x32, 0x0f, 0x32, 0x4f, 0x32, 0x4f, 
	0x32, 0x0f, 0x29, 0xcd, 0x29, 0x8b, 0x29, 0x8b, 
	0x19, 0xcd, 0x19, 0xcb, 0x1a, 0x0d, 0x19, 0xcb, 
	0x19, 0xcb, 0x11, 0x49, 0x19, 0xcb, 0x19, 0xcb, 
	0x19, 0x89, 0x19, 0x89, 0x19, 0x89, 0x11, 0xcb, 
	0x22, 0x0d, 0x19, 0xcb, 0x21, 0x8b, 0x29, 0xcd, 
	0x29, 0x8b, 0x21, 0x49, 0x21, 0x4b, 0x2a, 0x0d, 
	0x29, 0x8b, 0x21, 0x49, 0x21, 0x09, 0x21, 0x09, 
	0x21, 0x09, 0x21, 0x09, 0x21, 0x09, 0x19, 0x09, 
	0x21, 0x09, 0x21, 0x49, 0x21, 0x49, 0x21, 0x09, 
	0x21, 0x49, 0x21, 0x49, 0x21, 0x49, 0x19, 0x07, 
	0x21, 0x49, 0x21, 0x49, 0x19, 0x07, 0x21, 0x49, 
	0x29, 0x89, 0x21, 0x07, 0x21, 0x09, 0x19, 0x09, 
	0x18, 0xc7, 0x19, 0x09, 0x19, 0x09, 0x19, 0x09, 
	0x19, 0x09, 0x21, 0x09, 0x21, 0x09, 0x21, 0x09, 
	0x21, 0x49, 0x21, 0x49, 0x21, 0x4b, 0x21, 0x4b, 
	0x21, 0x8b, 0x29, 0x8b, 0x29, 0x8b, 0x29, 0x8b, 
	0x29, 0x8b, 0x29, 0xcd, 0x32, 0x0d, 0x32, 0x0d, 
	0x32, 0x0f, 0x32, 0x0f, 0x32, 0x0f, 0x29, 0xcd, 
	0x32, 0x0f, 0x32, 0x0f, 0x32, 0x0f, 0x29, 0x8b, 
	0x21, 0x49, 0x21, 0x89, 0x29, 0x8b, 0x21, 0x07, 
	0x20, 0xc7, 0x21, 0x09, 0x21, 0x07, 0x19, 0x09, 
	0x19, 0x07, 0x19, 0x07, 0x19, 0x07, 0x19, 0x07, 
	0x21, 0x09, 0x19, 0x09, 0x21, 0x09, 0x21, 0x09, 
	0x21, 0x49, 0x21, 0x49, 0x21, 0x09, 0x21, 0x49, 
	0x31, 0xcf, 0x3a, 0x51, 0x32, 0x0f, 0x32, 0x0f, 
	0x29, 0x8d, 0x31, 0x8f, 0x29, 0x8d, 0x29, 0x8d, 
	0x29, 0x8d, 0x29, 0x8d, 0x32, 0x0d, 0x32, 0x0d, 
	0x29, 0x8d, 0x31, 0xcd, 0x31, 0xcd, 0x32, 0x0f, 
	0x31, 0x8d, 0x31, 0x8d, 0x29, 0x8d, 0x32, 0x0f, 
	0x32, 0x0f, 0x31, 0xcf, 0x31, 0xcd, 0x31, 0xcf, 
	0x32, 0x0f, 0x3a, 0x51, 0x32, 0x4f, 0x3a, 0x51, 
	0x3a, 0x91, 0x3a, 0x51, 0x32, 0x51, 0x3a, 0x93, 
	0x32, 0x0f, 0x29, 0x8d, 0x29, 0x8d, 0x32, 0x0f, 
	0x19, 0xcd, 0x19, 0xcd, 0x22, 0x0f, 0x21, 0xcd, 
	0x22, 0x0f, 0x19, 0x8d, 0x19, 0xcb, 0x22, 0x0f, 
	0x22, 0x0d, 0x19, 0xcb, 0x21, 0xcd, 0x19, 0xcd, 
	0x22, 0x0d, 0x21, 0xcd, 0x2a, 0x0d, 0x29, 0x8d, 
	0x29, 0x4b, 0x29, 0x4b, 0x29, 0x8d, 0x29, 0x4b, 
	0x21, 0x09, 0x21, 0x4b, 0x29, 0x4b, 0x21, 0x09, 
	0x21, 0x09, 0x21, 0x09, 0x21, 0x09, 0x21, 0x4b, 
	0x29, 0x4b, 0x21, 0x49, 0x29, 0x4b, 0x21, 0x09, 
	0x21, 0x4b, 0x21, 0x09, 0x21, 0x49, 0x29, 0x49, 
	0x29, 0x49, 0x29, 0x49, 0x29, 0x8b, 0x29, 0x4b, 
	0x21, 0x49, 0x21, 0x49, 0x21, 0x09, 0x21, 0x09, 
	0x19, 0x09, 0x19, 0x09, 0x21, 0x0b, 0x21, 0x0b, 
	0x21, 0x09, 0x21, 0x09, 0x21, 0x09, 0x21, 0x4b, 
	0x29, 0x4b, 0x29, 0x8b, 0x21, 0x4b, 0x29, 0x4b, 
	0x29, 0x8b, 0x31, 0xcd, 0x29, 0x8d, 0x29, 0x8d, 
	0x32, 0x0f, 0x32, 0x0f, 0x31, 0xcf, 0x31, 0xcf, 
	0x32, 0x0f, 0x32, 0x0f, 0x3a, 0x51, 0x3a, 0x91, 
	0x3a, 0x51, 0x32, 0x0f, 0x32, 0x0d, 0x21, 0x49, 
	0x29, 0x4b, 0x29, 0xcb, 0x29, 0x49, 0x29, 0x49, 
	0x21, 0x09, 0x21, 0x09, 0x21, 0x09, 0x21, 0x09, 
	0x21, 0x09, 0x19, 0x07, 0x19, 0x07, 0x21, 0x49, 
	0x21, 0x49, 0x21, 0x09, 0x29, 0x4b, 0x21, 0x09, 
	0x29, 0x4d, 0x31, 0x8d, 0x29, 0x8d, 0x31, 0xcd, 
	0x3a, 0x51, 0x31, 0xcf, 0x3a, 0x93, 0x32, 0x0f, 
	0x31, 0xcf, 0x31, 0xcf, 0x3a, 0x11, 0x31, 0xcf, 
	0x31, 0xcf, 0x32, 0x0f, 0x29, 0xcd, 0x32, 0x0d, 
	0x29, 0x8d, 0x29, 0x8d, 0x31, 0xcd, 0x31, 0xcf, 
	0x31, 0xcf, 0x31, 0xcf, 0x31, 0xcd, 0x3a, 0x4f, 
	0x32, 0x0f, 0x32, 0x0f, 0x32, 0x11, 0x32, 0x0f, 
	0x3a, 0x51, 0x3a, 0x51, 0x3a, 0x51, 0x3a, 0x91, 
	0x3a, 0x51, 0x3a, 0x91, 0x3a, 0x93, 0x42, 0xd5, 
	0x32, 0x0f, 0x32, 0x0f, 0x32, 0x0f, 0x32, 0x0f, 
	0x22, 0x0f, 0x22, 0x0f, 0x21, 0xcd, 0x21, 0xcd, 
	0x19, 0x8b, 0x21, 0xcd, 0x22, 0x51, 0x19, 0xcb, 
	0x22, 0x0d, 0x22, 0x0f, 0x21, 0xcd, 0x21, 0xcd, 
	0x21, 0xcd, 0x2a, 0x4f, 0x29, 0xcd, 0x29, 0x8d, 
	0x29, 0x4b, 0x29, 0x8b, 0x32, 0x8f, 0x32, 0x0d, 
	0x21, 0x4b, 0x29, 0xcd, 0x29, 0x8b, 0x29, 0x8b, 
	0x21, 0x4b, 0x21, 0x4b, 0x21, 0x4b, 0x21, 0x4b, 
	0x29, 0x4b, 0x29, 0x4b, 0x29, 0x4b, 0x29, 0x4b, 
	0x29, 0x8d, 0x21, 0x4b, 0x21, 0x09, 0x21, 0x09, 
	0x21, 0x49, 0x21, 0x09, 0x21, 0x49, 0x21, 0x09, 
	0x21, 0x49, 0x21, 0x49, 0x21, 0x4b, 0x21, 0x4b, 
	0x21, 0x4b, 0x21, 0x4b, 0x21, 0x0b, 0x21, 0x0b, 
	0x21, 0x0b, 0x21, 0x09, 0x21, 0x4b, 0x21, 0x4b, 
	0x21, 0x4b, 0x29, 0x4b, 0x29, 0x8b, 0x29, 0x8b, 
	0x29, 0x8b, 0x29, 0x8b, 0x29, 0x8d, 0x29, 0x8d, 
	0x32, 0x0f, 0x32, 0x0f, 0x32, 0x0f, 0x32, 0x0f, 
	0x3a, 0x4f, 0x3a, 0x4f, 0x3a, 0x91, 0x32, 0x4f, 
	0x3a, 0x91, 0x32, 0x0f, 0x3a, 0x4f, 0x32, 0x0d, 
	0x29, 0x4b, 0x29, 0xcb, 0x21, 0x09, 0x21, 0x09, 
	0x21, 0x09, 0x21, 0x09, 0x21, 0x09, 0x21, 0x09, 
	0x21, 0x09, 0x21, 0x09, 0x21, 0x49, 0x21, 0x49, 
	0x21, 0x49, 0x21, 0x49, 0x29, 0x4b, 0x29, 0x4b, 
	0x31, 0xcf, 0x31, 0xcf, 0x31, 0xcf, 0x31, 0xcd, 
	0x3a, 0x11, 0x3a, 0x53, 0x31, 0xd1, 0x42, 0x93, 
	0x3a, 0x53, 0x3a, 0x53, 0x3a, 0x11, 0x39, 0xcf, 
	0x31, 0xcf, 0x32, 0x0f, 0x3a, 0x11, 0x32, 0x0f, 
	0x32, 0x0f, 0x32, 0x0f, 0x31, 0xcf, 0x32, 0x11, 
	0x32, 0x11, 0x31, 0xcf, 0x31, 0xcf, 0x3a, 0x53, 
	0x3a, 0x93, 0x3a, 0x93, 0x42, 0x93, 0x3a, 0x51, 
	0x3a, 0x93, 0x42, 0x95, 0x42, 0x93, 0x42, 0x93, 
	0x42, 0xd5, 0x42, 0x93, 0x42, 0xd5, 0x42, 0x93, 
	0x42, 0x93, 0x3a, 0x11, 0x3a, 0x53, 0x3a, 0x53, 
	0x2a, 0x51, 0x2a, 0x0f, 0x29, 0xcd, 0x29, 0xcd, 
	0x29, 0xcd, 0x2a, 0x0f, 0x2a, 0x51, 0x2a, 0x0f, 
	0x29, 0xcd, 0x2a, 0x0f, 0x2a, 0x0f, 0x29, 0xcf, 
	0x32, 0x11, 0x32, 0x11, 0x32, 0x0f, 0x31, 0xcd, 
	0x31, 0x4d, 0x31, 0x4d, 0x31, 0xcd, 0x3a, 0xd1, 
	0x31, 0x8d, 0x32, 0x93, 0x31, 0xcf, 0x31, 0xcf, 
	0x31, 0xcd, 0x31, 0xcf, 0x31, 0xcd, 0x21, 0x4b, 
	0x21, 0x4b, 0x29, 0x4b, 0x29, 0x4b, 0x29, 0x4b, 
	0x21, 0x4b, 0x21, 0x4b, 0x21, 0x4b, 0x29, 0x4b, 
	0x21, 0x0b, 0x21, 0x4b, 0x21, 0x4b, 0x21, 0x4b, 
	0x21, 0x4b, 0x29, 0x4b, 0x29, 0x8b, 0x21, 0x4b, 
	0x21, 0x4b, 0x21, 0x4b, 0x21, 0x4b, 0x21, 0x4b, 
	0x21, 0x4b, 0x21, 0x4b, 0x21, 0x4b, 0x21, 0x4b, 
	0x21, 0x4b, 0x21, 0x4b, 0x29, 0x4b, 0x29, 0x8b, 
	0x29, 0x8b, 0x29, 0xcd, 0x31, 0x8d, 0x31, 0x8d, 
	0x3a, 0x51, 0x3a, 0x51, 0x3a, 0x51, 0x3a, 0x51, 
	0x3a, 0x53, 0x3a, 0x93, 0x3a, 0x91, 0x3a, 0xd3, 
	0x3a, 0x51, 0x42, 0x93, 0x3a, 0x91, 0x31, 0xcf, 
	0x3a, 0x0f, 0x31, 0xcf, 0x31, 0x4b, 0x31, 0x4b, 
	0x29, 0x4b, 0x29, 0xcd, 0x21, 0x4b, 0x21, 0x4b, 
	0x21, 0x4b, 0x21, 0x4b, 0x21, 0x4b, 0x21, 0x4b, 
	0x21, 0x4b, 0x29, 0x8b, 0x29, 0x4d, 0x31, 0x8d, 
	0x31, 0xcf, 0x31, 0xcf, 0x31, 0xd1, 0x31, 0xd1, 
	0x3a, 0x53, 0x3a, 0x53, 0x42, 0x93, 0x3a, 0x53, 
	0x3a, 0x53, 0x3a, 0x11, 0x3a, 0x53, 0x3a, 0x51, 
	0x3a, 0x51, 0x3a, 0x51, 0x3a, 0x51, 0x32, 0x0f, 
	0x3a, 0x51, 0x3a, 0x51, 0x32, 0x11, 0x32, 0x11, 
	0x3a, 0x53, 0x3a, 0x11, 0x3a, 0x51, 0x3a, 0x53, 
	0x42, 0xd5, 0x42, 0xd5, 0x4b, 0x17, 0x4b, 0x17, 
	0x42, 0xd7, 0x42, 0x95, 0x42, 0xd5, 0x3a, 0x93, 
	0x42, 0x93, 0x42, 0xd5, 0x42, 0xd5, 0x42, 0xd5, 
	0x42, 0x93, 0x3a, 0x53, 0x3a, 0x53, 0x3a, 0x53, 
	0x2a, 0x51, 0x2a, 0x0f, 0x2a, 0x51, 0x2a, 0x51, 
	0x2a, 0x0f, 0x32, 0x93, 0x2a, 0x93, 0x2a, 0x0f, 
	0x2a, 0x0f, 0x2a, 0x0f, 0x32, 0x11, 0x2a, 0x0f, 
	0x32, 0x11, 0x2a, 0x0f, 0x2a, 0x51, 0x31, 0xcd, 
	0x31, 0x8f, 0x32, 0x51, 0x3a, 0xd1, 0x32, 0x0f, 
	0x31, 0x8d, 0x32, 0x51, 0x29, 0x8d, 0x31, 0xcf, 
	0x31, 0xcf, 0x29, 0x8b, 0x29, 0x4b, 0x21, 0x4b, 
	0x21, 0x4b, 0x29, 0x4b, 0x21, 0x4b, 0x29, 0x4b, 
	0x21, 0x0b, 0x21, 0x4b, 0x21, 0x4b, 0x21, 0x4b, 
	0x21, 0x0b, 0x21, 0x4b, 0x21, 0x4b, 0x21, 0x4b, 
	0x21, 0x4b, 0x29, 0x4b, 0x21, 0x4b, 0x21, 0x4b, 
	0x29, 0x8d, 0x21, 0x0b, 0x21, 0x0b, 0x21, 0x4b, 
	0x29, 0x4b, 0x21, 0x4b, 0x21, 0x4b, 0x21, 0x4b, 
	0x21, 0x4b, 0x29, 0x8b, 0x29, 0x4b, 0x29, 0x8b, 
	0x29, 0x8b, 0x29, 0x8d, 0x3a, 0x15, 0x3a, 0x15, 
	0x3a, 0x11, 0x42, 0x93, 0x42, 0x93, 0x42, 0x93, 
	0x3a, 0x53, 0x3a, 0x11, 0x3a, 0x11, 0x3a, 0x11, 
	0x42, 0x93, 0x42, 0x93, 0x3a, 0x11, 0x3a, 0x11, 
	0x3a, 0x11, 0x31, 0xcf, 0x31, 0xcf, 0x31, 0xcf, 
	0x29, 0xcd, 0x29, 0x8d, 0x29, 0x8d, 0x21, 0x4b, 
	0x21, 0x4b, 0x21, 0x4b, 0x21, 0x4b, 0x21, 0x4b, 
	0x29, 0x8b, 0x29, 0x8b, 0x29, 0x8d, 0x31, 0x8d, 
	0x31, 0xcf, 0x3a, 0x11, 0x3a, 0x13, 0x3a, 0x13, 
	0x42, 0x95, 0x42, 0x95, 0x42, 0x95, 0x42, 0x95, 
	0x42, 0x55, 0x42, 0x53, 0x42, 0x53, 0x42, 0x53, 
	0x42, 0x53, 0x3a, 0x51, 0x3a, 0x11, 0x3a, 0x11, 
	0x3a, 0x11, 0x3a, 0x51, 0x3a, 0x11, 0x3a, 0x51, 
	0x42, 0x53, 0x42, 0x53, 0x42, 0x55, 0x42, 0x55, 
	0x4a, 0xd7, 0x4a, 0xd7, 0x4a, 0xd7, 0x4a, 0xd7, 
	0x4a, 0xd7, 0x42, 0x95, 0x42, 0x95, 0x42, 0x53, 
	0x42, 0x53, 0x42, 0x95, 0x42, 0x95, 0x3a, 0x53, 
	0x3a, 0x53, 0x3a, 0x53, 0x42, 0x53, 0x3a, 0x51, 
	0x32, 0x0f, 0x32, 0x51, 0x32, 0x53, 0x3a, 0x93, 
	0x32, 0x51, 0x3a, 0x53, 0x32, 0x93, 0x32, 0x53, 
	0x42, 0x93, 0x3a, 0x51, 0x3a, 0x53, 0x3a, 0x53, 
	0x3a, 0x11, 0x39, 0xcf, 0x31, 0xcf, 0x31, 0xcf, 
	0x31, 0xcf, 0x32, 0x51, 0x3a, 0x91, 0x39, 0xcf, 
	0x3a, 0xd3, 0x3a, 0x51, 0x39, 0xcf, 0x3a, 0x11, 
	0x32, 0x11, 0x31, 0xcf, 0x31, 0x8f, 0x29, 0x4d, 
	0x29, 0x8d, 0x21, 0x4b, 0x29, 0x4b, 0x29, 0x4b, 
	0x21, 0x4b, 0x21, 0x4b, 0x21, 0x4b, 0x29, 0x4b, 
	0x29, 0x8d, 0x29, 0x8d, 0x29, 0x4b, 0x21, 0x0b, 
	0x29, 0xcb, 0x29, 0x4b, 0x29, 0x8d, 0x29, 0x4b, 
	0x21, 0x4b, 0x21, 0x4b, 0x29, 0x4b, 0x29, 0x4b, 
	0x21, 0x4b, 0x21, 0x4b, 0x29, 0x4b, 0x29, 0x4b, 
	0x29, 0x8b, 0x29, 0x8b, 0x31, 0xcd, 0x29, 0x8b, 
	0x31, 0x8d, 0x31, 0x8d, 0x39, 0xd1, 0x42, 0x57, 
	0x42, 0x13, 0x42, 0x15, 0x3a, 0x53, 0x3a, 0x53, 
	0x42, 0x55, 0x42, 0x95, 0x42, 0x53, 0x3a, 0x13, 
	0x42, 0x53, 0x42, 0x95, 0x3a, 0x11, 0x3a, 0x11, 
	0x42, 0x53, 0x39, 0xd1, 0x31, 0xcf, 0x3a, 0x11, 
	0x31, 0xcf, 0x31, 0x8d, 0x29, 0x8d, 0x29, 0x8d, 
	0x29, 0x8d, 0x29, 0x8d, 0x29, 0x8f, 0x29, 0x8f, 
	0x31, 0xcf, 0x31, 0xcf, 0x31, 0xcf, 0x3a, 0x11, 
	0x3a, 0x13, 0x42, 0x53, 0x3a, 0x13, 0x3a, 0x13, 
	0x4a, 0x97, 0x4a, 0x97, 0x42, 0x95, 0x4a, 0xd5, 
	0x4a, 0x95, 0x42, 0x53, 0x42, 0x53, 0x42, 0x53, 
	0x3a, 0x51, 0x3a, 0x51, 0x42, 0x53, 0x3a, 0x11, 
	0x42, 0x53, 0x42, 0x93, 0x42, 0x53, 0x42, 0x53, 
	0x42, 0x95, 0x42, 0x95, 0x42, 0x55, 0x42, 0x95, 
	0x4a, 0xd7, 0x42, 0x95, 0x4a, 0xd7, 0x4a, 0xd7, 
	0x4a, 0xd7, 0x42, 0x95, 0x42, 0x95, 0x42, 0x53, 
	0x42, 0x95, 0x42, 0x53, 0x42, 0x95, 0x3a, 0x53, 
	0x3a, 0x53, 0x42, 0x93, 0x3a, 0x51, 0x3a, 0x51, 
	0x32, 0x51, 0x32, 0x51, 0x3a, 0xd5, 0x32, 0x53, 
	0x32, 0x11, 0x3a, 0x53, 0x3a, 0x11, 0x32, 0x53, 
	0x3a, 0x51, 0x3a, 0x51, 0x3a, 0x11, 0x3a, 0x11, 
	0x3a, 0x11, 0x3a, 0x11, 0x31, 0xcf, 0x31, 0xcf, 
	0x31, 0xcf, 0x32, 0x91, 0x3a, 0x91, 0x3a, 0x91, 
	0x3a, 0x51, 0x3a, 0x0f, 0x3a, 0x11, 0x3a, 0x11, 
	0x32, 0x11, 0x32, 0x11, 0x3a, 0x51, 0x31, 0x8f, 
	0x29, 0x8d, 0x29, 0x4d, 0x29, 0x4b, 0x29, 0x4b, 
	0x29, 0x4b, 0x29, 0x8b, 0x29, 0x4b, 0x29, 0x4b, 
	0x21, 0x4b, 0x21, 0x4b, 0x29, 0x4b, 0x29, 0x4b, 
	0x29, 0x4b, 0x29, 0x4b, 0x21, 0x4b, 0x29, 0x8d, 
	0x29, 0x4b, 0x29, 0x4b, 0x29, 0x4b, 0x29, 0x8b, 
	0x21, 0x4b, 0x29, 0x4b, 0x29, 0x4b, 0x29, 0x4b, 
	0x29, 0x8b, 0x29, 0x8d, 0x31, 0xcd, 0x31, 0xcd, 
	0x31, 0x8d, 0x39, 0xcf, 0x3a, 0x15, 0x3a, 0x15, 
	0x42, 0x55, 0x42, 0x15, 0x42, 0x13, 0x3a, 0x53, 
	0x42, 0x13, 0x42, 0xd7, 0x42, 0x53, 0x4b, 0x15, 
	0x4a, 0xd5, 0x42, 0x95, 0x42, 0x53, 0x4a, 0x95, 
	0x42, 0x53, 0x42, 0x53, 0x42, 0x93, 0x3a, 0x11, 
	0x32, 0x0f, 0x32, 0x0f, 0x31, 0xcf, 0x32, 0x0f, 
	0x32, 0x11, 0x31, 0xcf, 0x31, 0xd1, 0x31, 0xd1, 
	0x3a, 0x11, 0x3a, 0x11, 0x3a, 0x11, 0x3a, 0x11, 
	0x42, 0x53, 0x42, 0x55, 0x42, 0x95, 0x42, 0x55, 
	0x4a, 0x97, 0x4a, 0x95, 0x4a, 0x95, 0x4a, 0xd7, 
	0x4a, 0xd7, 0x42, 0x55, 0x42, 0x55, 0x42, 0x95, 
	0x42, 0x53, 0x42, 0x95, 0x42, 0x13, 0x42, 0x55, 
	0x42, 0x53, 0x42, 0x95, 0x42, 0x95, 0x42, 0x55, 
	0x42, 0x95, 0x4a, 0xd7, 0x4a, 0xd7, 0x4a, 0xd7, 
	0x4b, 0x19, 0x4b, 0x19, 0x4a, 0x97, 0x4a, 0xd7, 
	0x42, 0x95, 0x4a, 0xd7, 0x42, 0x95, 0x42, 0x55, 
	0x42, 0x53, 0x42, 0x95, 0x3a, 0x53, 0x42, 0x53, 
	0x3a, 0x53, 0x42, 0x93, 0x42, 0x93, 0x3a, 0x53, 
	0x3a, 0x53, 0x3a, 0x51, 0x42, 0xd3, 0x3a, 0x53, 
	0x3a, 0x95, 0x3a, 0x0f, 0x3a, 0x53, 0x3a, 0x11, 
	0x3a, 0x11, 0x3a, 0x53, 0x3a, 0x51, 0x42, 0x93, 
	0x4b, 0x15, 0x42, 0x95, 0x3a, 0x53, 0x3a, 0x53, 
	0x3a, 0x91, 0x3a, 0xd1, 0x3a, 0x11, 0x3a, 0x51, 
	0x3a, 0x93, 0x42, 0xd3, 0x3a, 0x93, 0x3a, 0x93, 
	0x3a, 0x51, 0x3a, 0x51, 0x3a, 0x51, 0x3a, 0x51, 
	0x31, 0xcf, 0x31, 0xcf, 0x29, 0x8d, 0x29, 0x4b, 
	0x29, 0x4d, 0x29, 0x4d, 0x29, 0x4d, 0x21, 0x4b, 
	0x29, 0x8d, 0x29, 0x8d, 0x29, 0x8d, 0x21, 0x4b, 
	0x29, 0x4b, 0x29, 0x4b, 0x29, 0x4b, 0x21, 0x4b, 
	0x29, 0x4b, 0x29, 0x4b, 0x29, 0x4b, 0x29, 0x8d, 
	0x29, 0x8d, 0x29, 0x4d, 0x29, 0x4d, 0x29, 0x8d, 
	0x29, 0x8d, 0x29, 0x8d, 0x31, 0xcf, 0x31, 0xcf, 
	0x39, 0xd1, 0x39, 0xd1, 0x42, 0x13, 0x52, 0x9d, 
	0x4a, 0x57, 0x4a, 0x57, 0x4a, 0x99, 0x4a, 0x99, 
	0x4a, 0xd9, 0x4a, 0xd9, 0x4a, 0xd5, 0x4b, 0x17, 
	0x42, 0x95, 0x42, 0x53, 0x42, 0x95, 0x4a, 0xd5, 
	0x3a, 0x53, 0x3a, 0x53, 0x3a, 0x11, 0x3a, 0x11, 
	0x3a, 0x11, 0x3a, 0x11, 0x3a, 0x51, 0x3a, 0x11, 
	0x31, 0xd1, 0x32, 0x11, 0x3a, 0x11, 0x3a, 0x13, 
	0x3a, 0x13, 0x3a, 0x13, 0x3a, 0x13, 0x3a, 0x11, 
	0x42, 0x95, 0x42, 0x53, 0x42, 0x95, 0x42, 0x95, 
	0x4a, 0xd7, 0x4a, 0x95, 0x4a, 0x95, 0x4a, 0xd7, 
	0x42, 0x97, 0x42, 0x97, 0x4a, 0x97, 0x4a, 0x97, 
	0x42, 0x53, 0x42, 0x53, 0x42, 0x53, 0x42, 0x55, 
	0x42, 0x95, 0x4a, 0xd7, 0x4a, 0xd7, 0x42, 0x95, 
	0x4a, 0xd7, 0x4a, 0xd7, 0x4a, 0xd9, 0x4a, 0xd9, 
	0x4a, 0xd7, 0x4a, 0xd7, 0x4a, 0xd7, 0x4a, 0x97, 
	0x4a, 0x97, 0x4a, 0xd7, 0x42, 0x97, 0x42, 0x95, 
	0x42, 0x53, 0x42, 0x95, 0x3a, 0x53, 0x42, 0x93, 
	0x4a, 0xd3, 0x42, 0x93, 0x3a, 0x53, 0x3a, 0x53, 
	0x3a, 0x53, 0x42, 0x53, 0x3a, 0x53, 0x3a, 0x53, 
	0x3a, 0x53, 0x3a, 0x51, 0x3a, 0x11, 0x3a, 0x11, 
	0x3a, 0x13, 0x3a, 0x13, 0x3a, 0x51, 0x42, 0x93, 
	0x4b, 0x15, 0x4b, 0x15, 0x42, 0x93, 0x3a, 0x11, 
	0x3a, 0x11, 0x3a, 0x11, 0x3a, 0x11, 0x3a, 0x51, 
	0x3a, 0x53, 0x3a, 0x53, 0x42, 0x51, 0x3a, 0x93, 
	0x3a, 0x53, 0x3a, 0x51, 0x3a, 0x51, 0x32, 0x0f, 
	0x3a, 0x51, 0x32, 0x0f, 0x31, 0xcd, 0x29, 0x8d, 
	0x29, 0x8d, 0x29, 0x8d, 0x29, 0x8d, 0x29, 0x8d, 
	0x29, 0x4b, 0x29, 0x8d, 0x29, 0x8d, 0x29, 0x8d, 
	0x29, 0x8d, 0x29, 0x8d, 0x29, 0x8d, 0x29, 0x8d, 
	0x29, 0x8d, 0x29, 0x8d, 0x29, 0x8d, 0x29, 0xcf, 
	0x31, 0xcf, 0x29, 0x8d, 0x29, 0x8d, 0x29, 0x8d, 
	0x31, 0xcf, 0x31, 0xcf, 0x39, 0xd1, 0x39, 0xd1, 
	0x42, 0x55, 0x42, 0x55, 0x4a, 0x99, 0x52, 0x9d, 
	0x52, 0xdd, 0x52, 0xdd, 0x52, 0xdd, 0x5b, 0x61, 
	0x4a, 0xd9, 0x53, 0x1b, 0x4a, 0xd5, 0x42, 0x95, 
	0x42, 0x95, 0x42, 0x95, 0x53, 0x57, 0x42, 0x95, 
	0x42, 0x53, 0x42, 0x95, 0x42, 0x93, 0x42, 0x53, 
	0x3a, 0x53, 0x42, 0x95, 0x3a, 0x51, 0x3a, 0x11, 
	0x32, 0x11, 0x3a, 0x53, 0x3a, 0x13, 0x3a, 0x13, 
	0x3a, 0x13, 0x3a, 0x13, 0x3a, 0x13, 0x3a, 0x13, 
	0x42, 0x53, 0x42, 0x95, 0x42, 0x95, 0x42, 0x95, 
	0x53, 0x1b, 0x4a, 0xd7, 0x4a, 0xd7, 0x4a, 0x97, 
	0x4a, 0xd7, 0x4a, 0x97, 0x4a, 0x95, 0x4a, 0xd7, 
	0x4a, 0xd7, 0x4a, 0xd7, 0x42, 0x95, 0x42, 0x95, 
	0x4a, 0x97, 0x53, 0x19, 0x4a, 0xd7, 0x4a, 0xd7, 
	0x4a, 0xd9, 0x4a, 0xd7, 0x4a, 0xd9, 0x4a, 0xd9, 
	0x52, 0xd9, 0x52, 0xd9, 0x4a, 0xd7, 0x4a, 0x97, 
	0x4a, 0xd7, 0x4a, 0x97, 0x4a, 0x97, 0x42, 0x95, 
	0x4a, 0x95, 0x42, 0x95, 0x3a, 0x53, 0x42, 0x95, 
	0x42, 0x95, 0x42, 0x93, 0x3a, 0x53, 0x3a, 0x53, 
	0x42, 0x95, 0x42, 0x53, 0x42, 0x95, 0x42, 0x53, 
	0x3a, 0x53, 0x3a, 0x13, 0x3a, 0x13, 0x3a, 0x13, 
	0x3a, 0x53, 0x42, 0x55, 0x42, 0x95, 0x4a, 0x95, 
	0x42, 0x53, 0x42, 0x55, 0x42, 0x53, 0x42, 0x55, 
	0x42, 0x95, 0x42, 0x95, 0x42, 0x55, 0x3a, 0x13, 
	0x3a, 0x53, 0x3a, 0x53, 0x3a, 0x53, 0x3a, 0x53, 
	0x3a, 0x53, 0x3a, 0x53, 0x3a, 0x11, 0x3a, 0x51, 
	0x32, 0x11, 0x31, 0xcf, 0x31, 0xcf, 0x31, 0xcf, 
	0x29, 0x8f, 0x31, 0xcf, 0x29, 0x8f, 0x29, 0x8f, 
	0x31, 0xcf, 0x29, 0x8d, 0x29, 0x8d, 0x31, 0xcf, 
	0x31, 0xcf, 0x31, 0xcf, 0x31, 0xcf, 0x31, 0xcf, 
	0x31, 0xcf, 0x31, 0xcf, 0x31, 0x8f, 0x3a, 0x11, 
	0x31, 0xcf, 0x31, 0xcf, 0x31, 0xd1, 0x3a, 0x11, 
	0x31, 0xd1, 0x3a, 0x11, 0x41, 0xd1, 0x4a, 0x53, 
	0x52, 0x99, 0x5b, 0x5f, 0x53, 0x1d, 0x52, 0xd9, 
	0x5b, 0x1d, 0x5b, 0x1d, 0x53, 0x1d, 0x63, 0xe1, 
	0x53, 0x59, 0x5b, 0x9b, 0x53, 0x17, 0x4a, 0xd7, 
	0x4a, 0xd7, 0x4a, 0x97, 0x4a, 0x97, 0x4b, 0x17, 
	0x4a, 0x95, 0x42, 0x55, 0x42, 0x95, 0x42, 0x95, 
	0x42, 0x95, 0x42, 0xd7, 0x3a, 0x13, 0x42, 0x95, 
	0x3a, 0x13, 0x3a, 0x13, 0x3a, 0x53, 0x3a, 0x13, 
	0x3a, 0x53, 0x42, 0x53, 0x3a, 0x13, 0x3a, 0x13, 
	0x42, 0x53, 0x42, 0x95, 0x42, 0x95, 0x4a, 0x97, 
	0x53, 0x19, 0x4a, 0xd7, 0x4a, 0x97, 0x52, 0xd9, 
	0x4b, 0x19, 0x4a, 0xd7, 0x4a, 0x95, 0x4a, 0xd7, 
	0x4a, 0xd7, 0x4a, 0xd7, 0x4a, 0x97, 0x42, 0x95, 
	0x4a, 0xd7, 0x4a, 0x97, 0x4a, 0xd7, 0x52, 0xd9, 
	0x53, 0x1b, 0x53, 0x19, 0x53, 0x19, 0x53, 0x19, 
	0x53, 0x19, 0x53, 0x19, 0x53, 0x19, 0x52, 0xd9, 
	0x4a, 0xd9, 0x4a, 0xd7, 0x4a, 0x97, 0x42, 0x95, 
	0x42, 0x55, 0x42, 0x55, 0x42, 0x95, 0x4a, 0xd5, 
	0x42, 0x95, 0x42, 0x53, 0x42, 0x93, 0x42, 0x95, 
	0x42, 0x53, 0x42, 0x53, 0x42, 0x53, 0x3a, 0x11, 
	0x3a, 0x13, 0x3a, 0x53, 0x42, 0x55, 0x42, 0x55, 
	0x42, 0x95, 0x42, 0x95, 0x4a, 0x95, 0x4a, 0x95, 
	0x4a, 0xd7, 0x42, 0x55, 0x4a, 0x95, 0x4a, 0x95, 
	0x42, 0x95, 0x42, 0x95, 0x42, 0x95, 0x42, 0x95, 
	0x42, 0x95, 0x42, 0x95, 0x42, 0x95, 0x3a, 0x53, 
	0x3a, 0x13, 0x3a, 0x13, 0x3a, 0x51, 0x3a, 0x51, 
	0x3a, 0x53, 0x3a, 0x53, 0x3a, 0x51, 0x3a, 0x51, 
	0x3a, 0x51, 0x3a, 0x51, 0x32, 0x11, 0x3a, 0x51, 
	0x32, 0x0f, 0x3a, 0x11, 0x3a, 0x11, 0x31, 0xcf, 
	0x3a, 0x11, 0x3a, 0x11, 0x31, 0xcf, 0x3a, 0x11, 
	0x32, 0x11, 0x32, 0x11, 0x3a, 0x11, 0x3a, 0x11, 
	0x3a, 0x11, 0x3a, 0x11, 0x3a, 0x13, 0x3a, 0x13, 
	0x42, 0x53, 0x42, 0x53, 0x53, 0x59, 0x4a, 0x53, 
	0x52, 0x99, 0x53, 0x1d, 0x52, 0xd9, 0x5b, 0x5f, 
	0x63, 0x9f, 0x5b, 0x1d, 0x4a, 0xdb, 0x5b, 0x5f, 
	0x53, 0x19, 0x4a, 0xd7, 0x5b, 0x99, 0x53, 0x17, 
	0x4a, 0xd7, 0x4a, 0x97, 0x4b, 0x17, 0x4a, 0x97, 
	0x4a, 0x95, 0x53, 0x57, 0x53, 0x19, 0x53, 0x19, 
	0x42, 0x95, 0x42, 0x95, 0x42, 0x95, 0x42, 0x55, 
	0x42, 0x53, 0x42, 0x53, 0x42, 0x53, 0x42, 0x53, 
	0x42, 0x95, 0x3a, 0x53, 0x42, 0x55, 0x3a, 0x53, 
	0x42, 0x53, 0x42, 0x53, 0x42, 0x95, 0x4a, 0x97, 
	0x53, 0x19, 0x53, 0x19, 0x4a, 0xd9, 0x4a, 0xd9, 
	0x53, 0x19, 0x53, 0x19, 0x53, 0x19, 0x52, 0xd9, 
	0x53, 0x19, 0x53, 0x19, 0x52, 0xd9, 0x52, 0xd9, 
	0x52, 0xd9, 0x52, 0xd9, 0x53, 0x1b, 0x5b, 0x1b, 
	0x5b, 0x5b, 0x5b, 0x5d, 0x53, 0x1b, 0x53, 0x1b, 
	0x53, 0x1b, 0x53, 0x1b, 0x53, 0x1b, 0x52, 0xd9, 
	0x4a, 0xd9, 0x52, 0xd9, 0x4a, 0x97, 0x4a, 0x97, 
	0x42, 0x95, 0x4a, 0xd7, 0x4a, 0x95, 0x4a, 0x95, 
	0x4a, 0x95, 0x42, 0x53, 0x42, 0x95, 0x4b, 0x19, 
	0x42, 0x95, 0x4a, 0xd7, 0x42, 0x55, 0x42, 0x53, 
	0x42, 0x53, 0x42, 0x55, 0x42, 0x55, 0x42, 0x95, 
	0x4a, 0x97, 0x4a, 0x97, 0x4a, 0xd7, 0x52, 0xd7, 
	0x4a, 0x97, 0x52, 0xd9, 0x4a, 0xd7, 0x4a, 0xd7, 
	0x4a, 0xd9, 0x42, 0x97, 0x4a, 0xd7, 0x42, 0x97, 
	0x42, 0x97, 0x42, 0x97, 0x42, 0x55, 0x42, 0x97, 
	0x42, 0x55, 0x42, 0x55, 0x42, 0x95, 0x42, 0x95, 
	0x3a, 0x53, 0x42, 0x95, 0x42, 0x93, 0x42, 0x95, 
	0x43, 0x15, 0x42, 0xd5, 0x42, 0x53, 0x42, 0x53, 
	0x4a, 0xd5, 0x3a, 0x13, 0x3a, 0x13, 0x3a, 0x13, 
	0x3a, 0x11, 0x3a, 0x13, 0x3a, 0x13, 0x3a, 0x13, 
	0x42, 0x53, 0x42, 0x53, 0x42, 0x53, 0x42, 0x53, 
	0x3a, 0x13, 0x42, 0x55, 0x4a, 0xd7, 0x42, 0x55, 
	0x42, 0x55, 0x4b, 0x59, 0x54, 0x1d, 0x4b, 0x19, 
	0x4a, 0x99, 0x4a, 0x99, 0x52, 0x99, 0x52, 0x99, 
	0x5b, 0x5d, 0x5b, 0x9d, 0x64, 0x1f, 0x64, 0x1f, 
	0x52, 0xd7, 0x5b, 0x9b, 0x53, 0x19, 0x53, 0x19, 
	0x53, 0x1b, 0x4a, 0xd9, 0x52, 0xd9, 0x4a, 0x97, 
	0x52, 0xd9, 0x4a, 0x97, 0x4a, 0xd7, 0x4a, 0xd7, 
	0x4a, 0x97, 0x4a, 0x97, 0x4a, 0x97, 0x42, 0x95, 
	0x42, 0x95, 0x42, 0x95, 0x42, 0x95, 0x42, 0x95, 
	0x42, 0x95, 0x42, 0x55, 0x42, 0x95, 0x42, 0x95, 
	0x4a, 0xd7, 0x4a, 0x97, 0x4a, 0x97, 0x52, 0xd9, 
	0x53, 0x19, 0x53, 0x19, 0x52, 0xd9, 0x53, 0x19, 
	0x4a, 0xd9, 0x53, 0x19, 0x52, 0xd9, 0x52, 0xd9, 
	0x53, 0x1b, 0x4a, 0xd9, 0x52, 0xd9, 0x52, 0xd9, 
	0x5b, 0x1b, 0x5b, 0x1b, 0x5b, 0x5d, 0x5b, 0x1b, 
	0x5b, 0x5d, 0x5b, 0x5b, 0x5b, 0x5d, 0x5b, 0x5d, 
	0x5b, 0x5d, 0x53, 0x1b, 0x53, 0x1b, 0x53, 0x1b, 
	0x52, 0xd9, 0x53, 0x19, 0x4a, 0xd7, 0x4a, 0xd9, 
	0x4a, 0xd9, 0x53, 0x1b, 0x5b, 0x9b, 0x52, 0xd7, 
	0x4a, 0x95, 0x53, 0x17, 0x4a, 0xd7, 0x4a, 0xd7, 
	0x42, 0x95, 0x4a, 0xd7, 0x4a, 0x95, 0x4a, 0xd7, 
	0x42, 0x95, 0x42, 0x95, 0x42, 0x95, 0x4a, 0x97, 
	0x4a, 0x97, 0x4a, 0xd7, 0x53, 0x19, 0x52, 0xd7, 
	0x4a, 0xd7, 0x53, 0x19, 0x53, 0x19, 0x53, 0x19, 
	0x53, 0x19, 0x4a, 0xd9, 0x4a, 0xd9, 0x4a, 0xd9, 
	0x4a, 0xd7, 0x4a, 0xd7, 0x42, 0x97, 0x42, 0x97, 
	0x4a, 0x97, 0x4a, 0x97, 0x42, 0x97, 0x42, 0x97, 
	0x42, 0x95, 0x42, 0x95, 0x42, 0x95, 0x4a, 0xd5, 
	0x42, 0x53, 0x42, 0x53, 0x42, 0x53, 0x42, 0x53, 
	0x42, 0x53, 0x42, 0x53, 0x42, 0x53, 0x42, 0x53, 
	0x42, 0x53, 0x42, 0x55, 0x42, 0x55, 0x42, 0x53, 
	0x42, 0x55, 0x4a, 0x97, 0x42, 0x95, 0x4a, 0x97, 
	0x42, 0x95, 0x42, 0x95, 0x42, 0x95, 0x4a, 0xd7, 
	0x4b, 0x59, 0x4b, 0x59, 0x4b, 0x19, 0x4b, 0x19, 
	0x4a, 0x97, 0x4a, 0x99, 0x5b, 0x5b, 0x5b, 0xdd, 
	0x5c, 0x1f, 0x5b, 0x5d, 0x5b, 0x9d, 0x5b, 0x9d, 
	0x5c, 0x1d, 0x5b, 0x9b, 0x53, 0x5b, 0x53, 0x19, 
	0x53, 0x1b, 0x53, 0x1b, 0x53, 0x1b, 0x52, 0xd9, 
	0x53, 0x19, 0x53, 0x19, 0x4a, 0xd7, 0x4a, 0xd7, 
	0x4a, 0xd7, 0x4a, 0xd7, 0x4a, 0xd7, 0x4a, 0x97, 
	0x4a, 0xd7, 0x4a, 0xd7, 0x4a, 0x97, 0x4a, 0x97, 
	0x4a, 0x97, 0x4a, 0xd7, 0x4a, 0x97, 0x4a, 0xd7, 
	0x53, 0x19, 0x4a, 0xd7, 0x52, 0xd9, 0x52, 0xd9, 
	0x53, 0x1b, 0x53, 0x1b, 0x53, 0x19, 0x53, 0x1b, 
	0x53, 0x19, 0x53, 0x1b, 0x52, 0xd9, 0x52, 0xd9, 
	0x53, 0x1b, 0x53, 0x1b, 0x52, 0xd9, 0x53, 0x1b, 
	0x53, 0x1b, 0x5b, 0x1b, 0x5b, 0x5d, 0x5b, 0x5d, 
	0x5b, 0x9d, 0x5b, 0x5d, 0x5b, 0x9d, 0x5b, 0x1d, 
	0x5b, 0x5d, 0x5b, 0x1b, 0x5b, 0x5d, 0x5b, 0x5d, 
	0x5b, 0x5b, 0x53, 0x1b, 0x5b, 0x9b, 0x53, 0x59, 
	0x53, 0x19, 0x4a, 0xd7, 0x4a, 0xd7, 0x4a, 0x97, 
	0x4a, 0xd7, 0x53, 0x5b, 0x4a, 0xd7, 0x4a, 0xd7, 
	0x52, 0xd7, 0x52, 0xd7, 0x53, 0x17, 0x4a, 0xd5, 
	0x52, 0xd7, 0x4a, 0x97, 0x53, 0x19, 0x4a, 0xd7, 
	0x4a, 0xd7, 0x53, 0x19, 0x53, 0x19, 0x53, 0x19, 
	0x53, 0x19, 0x53, 0x1b, 0x53, 0x1b, 0x53, 0x1b, 
	0x53, 0x1b, 0x53, 0x1b, 0x53, 0x5b, 0x52, 0xd9, 
	0x4a, 0xd9, 0x4a, 0xd9, 0x4a, 0x97, 0x4a, 0xd9, 
	0x4a, 0xd9, 0x4a, 0xd9, 0x4a, 0xd9, 0x4a, 0x97, 
	0x4a, 0xd7, 0x4a, 0xd7, 0x4a, 0xd7, 0x42, 0x95, 
	0x4a, 0xd7, 0x4a, 0xd7, 0x4a, 0x97, 0x42, 0x55, 
	0x42, 0x95, 0x42, 0x95, 0x4a, 0x97, 0x42, 0x55, 
	0x42, 0x55, 0x42, 0x55, 0x42, 0x97, 0x42, 0x55, 
	0x4a, 0x97, 0x42, 0x55, 0x4a, 0x97, 0x42, 0x95, 
	0x4a, 0xd7, 0x4a, 0x97, 0x4a, 0xd7, 0x52, 0xd9, 
	0x4a, 0xd7, 0x4b, 0x17, 0x52, 0xd7, 0x4a, 0xd7, 
	0x52, 0xd9, 0x64, 0x5f, 0x64, 0x1f, 0x64, 0x5f, 
	0x5c, 0x1d, 0x5b, 0x9b, 0x5c, 0x1d, 0x53, 0x5b, 
	0x53, 0x59, 0x5b, 0x5b, 0x5b, 0x5b, 0x5b, 0x1b, 
	0x53, 0x1b, 0x53, 0x1b, 0x53, 0x1b, 0x53, 0x1b, 
	0x53, 0x1b, 0x53, 0x1b, 0x53, 0x1b, 0x53, 0x1b, 
	0x52, 0xd9, 0x52, 0xd9, 0x4a, 0xd9, 0x4a, 0xd9, 
	0x53, 0x1b, 0x53, 0x1b, 0x52, 0xd9, 0x4a, 0xd9, 
	0x4a, 0xd9, 0x4a, 0xd9, 0x4a, 0xd9, 0x52, 0xd9, 
	0x52, 0xd9, 0x53, 0x1b, 0x53, 0x1b, 0x5b, 0x1b, 
	0x53, 0x5b, 0x53, 0x5b, 0x53, 0x19, 0x53, 0x19, 
	0x53, 0x19, 0x53, 0x1b, 0x53, 0x1b, 0x53, 0x1b, 
	0x53, 0x5d, 0x53, 0x1b, 0x53, 0x1b, 0x53, 0x1b, 
	0x5b, 0x1b, 0x63, 0x5d, 0x63, 0x9f, 0x63, 0x9f, 
	0x5b, 0x9d, 0x5b, 0x9d, 0x5b, 0x9d, 0x5b, 0x5d, 
	0x5b, 0x5d, 0x5b, 0x5d, 0x63, 0x9f, 0x63, 0x9f, 
	0x5b, 0x5d, 0x5b, 0x5d, 0x5b, 0x5b, 0x5b, 0x9b, 
	0x53, 0x19, 0x4a, 0xd7, 0x4a, 0xd7, 0x4a, 0xd7, 
	0x53, 0x19, 0x53, 0x19, 0x4a, 0xd7, 0x53, 0x19, 
	0x53, 0x19, 0x5b, 0x59, 0x53, 0x19, 0x4a, 0xd7, 
	0x52, 0xd7, 0x52, 0xd7, 0x53, 0x19, 0x4a, 0xd7, 
	0x53, 0x5b, 0x53, 0x5b, 0x5b, 0x5b, 0x53, 0x59, 
	0x53, 0x19, 0x53, 0x19, 0x53, 0x1b, 0x53, 0x1b, 
	0x5b, 0x5b, 0x53, 0x1b, 0x53, 0x1b, 0x53, 0x1b, 
	0x53, 0x1b, 0x53, 0x1b, 0x4b, 0x1b, 0x4a, 0xd9, 
	0x4a, 0xd9, 0x4a, 0xd9, 0x4a, 0xd9, 0x4b, 0x1b, 
	0x4a, 0xd7, 0x4a, 0xd9, 0x4a, 0xd7, 0x4a, 0xd7, 
	0x4a, 0xd7, 0x4a, 0xd7, 0x53, 0x19, 0x4a, 0xd7, 
	0x4a, 0xd7, 0x4a, 0x97, 0x4a, 0x97, 0x4a, 0x97, 
	0x4a, 0x97, 0x4a, 0x97, 0x4a, 0x97, 0x4a, 0xd9, 
	0x4a, 0x97, 0x4a, 0x97, 0x4a, 0xd7, 0x4a, 0x97, 
	0x4a, 0x97, 0x4a, 0xd7, 0x53, 0x19, 0x4a, 0xd7, 
	0x4a, 0x97, 0x4a, 0x97, 0x4a, 0xd7, 0x4a, 0xd7, 
	0x64, 0x5f, 0x64, 0x5f, 0x64, 0x1f, 0x63, 0xdd, 
	0x53, 0x59, 0x64, 0x5f, 0x53, 0x5b, 0x53, 0x5b, 
	0x63, 0xdd, 0x5b, 0x5b, 0x5b, 0x9b, 0x5b, 0x9b, 
	0x53, 0x1b, 0x5b, 0x5b, 0x5b, 0x1b, 0x53, 0x1b, 
	0x53, 0x1b, 0x53, 0x1b, 0x5b, 0x5b, 0x63, 0x9d, 
	0x5b, 0x5b, 0x53, 0x19, 0x53, 0x1b, 0x53, 0x1b, 
	0x53, 0x1b, 0x53, 0x1b, 0x53, 0x1b, 0x52, 0xd9, 
	0x53, 0x19, 0x52, 0xd9, 0x52, 0xd9, 0x53, 0x1b, 
	0x53, 0x1b, 0x53, 0x5d, 0x5b, 0x1b, 0x53, 0x1b, 
	0x5b, 0x5d, 0x5b, 0x5d, 0x5b, 0x5d, 0x5b, 0x5d, 
	0x53, 0x1b, 0x5b, 0x5d, 0x53, 0x1b, 0x53, 0x1b, 
	0x5b, 0x5d, 0x5b, 0x5d, 0x5b, 0x1d, 0x5b, 0x5d, 
	0x5b, 0x5d, 0x5b, 0x5d, 0x5b, 0x9f, 0x5b, 0x9f, 
	0x63, 0x9f, 0x63, 0x9f, 0x63, 0x9d, 0x63, 0x9f, 
	0x63, 0x9d, 0x63, 0xdf, 0x63, 0x9d, 0x5b, 0x5b, 
	0x5b, 0x5b, 0x63, 0xdd, 0x5b, 0x5b, 0x53, 0x1b, 
	0x53, 0x19, 0x5b, 0x9d, 0x53, 0x19, 0x5b, 0x9b, 
	0x5b, 0x1b, 0x52, 0xd9, 0x53, 0x19, 0x53, 0x19, 
	0x53, 0x19, 0x5b, 0x19, 0x5b, 0x59, 0x5a, 0xd9, 
	0x53, 0x19, 0x53, 0x19, 0x5b, 0x19, 0x5b, 0x19, 
	0x5b, 0x1b, 0x5b, 0x1b, 0x5b, 0x1b, 0x5b, 0x1b, 
	0x5b, 0x5d, 0x5b, 0x1b, 0x5b, 0x1b, 0x5b, 0x1b, 
	0x5b, 0x1b, 0x5b, 0x5b, 0x53, 0x5b, 0x53, 0x1b, 
	0x53, 0x1b, 0x53, 0x1b, 0x52, 0xd9, 0x52, 0xd9, 
	0x53, 0x1b, 0x53, 0x1b, 0x53, 0x5b, 0x53, 0x1b, 
	0x53, 0x19, 0x53, 0x19, 0x53, 0x1b, 0x4a, 0xd9, 
	0x53, 0x1b, 0x53, 0x5b, 0x53, 0x19, 0x53, 0x5b, 
	0x53, 0x5b, 0x53, 0x19, 0x53, 0x19, 0x53, 0x19, 
	0x52, 0xd9, 0x4a, 0x97, 0x4a, 0xd7, 0x4a, 0xd7, 
	0x52, 0xdb, 0x52, 0xdb, 0x4a, 0xd9, 0x53, 0x1b, 
	0x4a, 0xd9, 0x53, 0x19, 0x52, 0xd9, 0x52, 0xd7, 
	0x52, 0x97, 0x4b, 0x19, 0x52, 0xd9, 0x5c, 0x1d, 
	0x64, 0x1f, 0x5b, 0x9d, 0x5b, 0xdb, 0x5b, 0xdb, 
	0x5b, 0xdd, 0x5b, 0x9d, 0x53, 0x19, 0x5b, 0x9b, 
	0x64, 0x1d, 0x5b, 0x5b, 0x6b, 0xdd, 0x5b, 0x1b, 
	0x5b, 0x9d, 0x5b, 0x5b, 0x5b, 0x5b, 0x5b, 0x1b, 
	0x5b, 0x5d, 0x63, 0x5d, 0x5b, 0x5d, 0x5b, 0x5b, 
	0x5b, 0x1b, 0x5b, 0x1b, 0x5b, 0x1b, 0x5b, 0x5d, 
	0x5b, 0x5d, 0x53, 0x1b, 0x53, 0x1b, 0x53, 0x1b, 
	0x53, 0x1b, 0x53, 0x1b, 0x53, 0x1b, 0x53, 0x1b, 
	0x53, 0x1b, 0x5b, 0x5d, 0x5b, 0x5d, 0x5b, 0x5d, 
	0x5b, 0x5d, 0x5b, 0x1b, 0x53, 0x1b, 0x5b, 0x5d, 
	0x5b, 0x5d, 0x5b, 0x5d, 0x53, 0x1b, 0x53, 0x1b, 
	0x53, 0x1b, 0x5b, 0x5d, 0x5b, 0x9d, 0x5b, 0x5d, 
	0x5b, 0x5d, 0x63, 0x9f, 0x63, 0x9f, 0x5b, 0x9f, 
	0x63, 0x9f, 0x63, 0x9f, 0x6b, 0xdf, 0x6b, 0xdf, 
	0x63, 0xdf, 0x63, 0xdf, 0x6c, 0x21, 0x63, 0xdf, 
	0x5b, 0x5b, 0x5b, 0x5b, 0x5b, 0x5b, 0x52, 0xd9, 
	0x53, 0x19, 0x53, 0x19, 0x5b, 0x5b, 0x5b, 0x9b, 
	0x5b, 0x1b, 0x63, 0xdd, 0x5b, 0x5b, 0x5b, 0x5b, 
	0x5b, 0x19, 0x53, 0x19, 0x5b, 0x19, 0x5b, 0x19, 
	0x5a, 0xd9, 0x53, 0x19, 0x52, 0xd9, 0x5b, 0x19, 
	0x5b, 0x1b, 0x5b, 0x1b, 0x5b, 0x1b, 0x5b, 0x1b, 
	0x5b, 0x1b, 0x5b, 0x5b, 0x5b, 0x1b, 0x5b, 0x1b, 
	0x5b, 0x1b, 0x53, 0x1b, 0x52, 0xdb, 0x53, 0x1b, 
	0x52, 0xdb, 0x53, 0x1b, 0x53, 0x1b, 0x53, 0x5b, 
	0x53, 0x1b, 0x53, 0x1b, 0x52, 0xdb, 0x53, 0x5b, 
	0x53, 0x1b, 0x53, 0x19, 0x53, 0x1b, 0x53, 0x1b, 
	0x53, 0x5b, 0x53, 0x5b, 0x53, 0x19, 0x53, 0x19, 
	0x53, 0x19, 0x5b, 0x9b, 0x53, 0x19, 0x53, 0x5b, 
	0x5b, 0x9d, 0x53, 0x5b, 0x53, 0x1b, 0x4a, 0xd9, 
	0x52, 0xdb, 0x52, 0xdb, 0x53, 0x19, 0x53, 0x19, 
	0x53, 0x19, 0x53, 0x1b, 0x52, 0xd9, 0x52, 0xd7, 
	0x52, 0x97, 0x52, 0x97, 0x52, 0xd9, 0x53, 0x1b, 
	0x5b, 0x9d, 0x5b, 0x9d, 0x53, 0x19, 0x53, 0x19, 
	0x5b, 0x9d, 0x53, 0x1b, 0x53, 0x19, 0x5b, 0x5b, 
	0x5b, 0x9b, 0x63, 0xdd, 0x6b, 0xdd, 0x63, 0x5b, 
	0x5b, 0x5b, 0x5b, 0x1b, 0x5b, 0x1b, 0x63, 0x5d, 
	0x5b, 0x5d, 0x63, 0x5d, 0x5b, 0x5b, 0x5b, 0x5b, 
	0x5b, 0x1b, 0x5b, 0x5b, 0x5b, 0x5d, 0x5b, 0x5d, 
	0x5b, 0x5d, 0x5b, 0x5d, 0x53, 0x1b, 0x53, 0x1b, 
	0x53, 0x1b, 0x53, 0x1b, 0x53, 0x5d, 0x53, 0x1b, 
	0x5b, 0x5d, 0x5b, 0x5d, 0x5b, 0x5d, 0x5b, 0x9d, 
	0x5b, 0x5d, 0x5b, 0x5d, 0x5b, 0x5d, 0x5b, 0x5d, 
	0x5b, 0x5d, 0x5b, 0x5d, 0x5b, 0x5d, 0x5b, 0x5d, 
	0x5b, 0x5d, 0x63, 0x9f, 0x63, 0x9f, 0x63, 0x5f, 
	0x63, 0x9f, 0x63, 0x9f, 0x63, 0x9f, 0x5b, 0x9f, 
	0x63, 0x9f, 0x63, 0x9f, 0x63, 0xdf, 0x6c, 0x21, 
	0x6c, 0x21, 0x6c, 0x61, 0x63, 0x5d, 0x6b, 0xdf, 
	0x6c, 0x21, 0x63, 0x5d, 0x63, 0xdd, 0x63, 0x9d, 
	0x5b, 0x1b, 0x5b, 0x5d, 0x63, 0x9d, 0x5b, 0x5d, 
	0x6c, 0x1f, 0x63, 0x9d, 0x63, 0x5b, 0x63, 0x9d, 
	0x5b, 0x5b, 0x5b, 0x1b, 0x5b, 0x5b, 0x5b, 0x5b, 
	0x5b, 0x1b, 0x5b, 0x1b, 0x63, 0x9d, 0x5b, 0x1b, 
	0x63, 0x9d, 0x5b, 0x5b, 0x5b, 0x1b, 0x5b, 0x1b, 
	0x5b, 0x1b, 0x5b, 0x1b, 0x63, 0x1b, 0x5b, 0x1b, 
	0x5b, 0x1b, 0x5b, 0x1b, 0x53, 0x1b, 0x53, 0x1b, 
	0x53, 0x1b, 0x53, 0x1b, 0x5b, 0x9d, 0x5b, 0x5d, 
	0x53, 0x1b, 0x5b, 0x1d, 0x5b, 0xdf, 0x5b, 0x5d, 
	0x5b, 0x9d, 0x5b, 0x1b, 0x53, 0x1b, 0x53, 0x1b, 
	0x53, 0x1b, 0x53, 0x1b, 0x53, 0x1d, 0x5b, 0x5d, 
	0x5b, 0x5d, 0x5b, 0x5b, 0x63, 0x9f, 0x5b, 0x5d, 
	0x5b, 0x5d, 0x5b, 0x9d, 0x5b, 0x9d, 0x5b, 0x9d, 
	0x53, 0x1b, 0x53, 0x1b, 0x53, 0x1b, 0x5b, 0x5d, 
	0x5b, 0x5b, 0x5b, 0x5d, 0x5b, 0x1b, 0x53, 0x1b, 
	0x5b, 0x1b, 0x52, 0xd9, 0x53, 0x19, 0x5b, 0x5b, 
	0x52, 0x99, 0x53, 0x5b, 0x52, 0xd9, 0x52, 0xd9, 
	0x52, 0xd9, 0x53, 0x1b, 0x52, 0xd9, 0x5b, 0x5b, 
	0x63, 0x5b, 0x63, 0x5b, 0x63, 0x9d, 0x5b, 0x1b, 
	0x63, 0x5d, 0x5b, 0x1b, 0x5b, 0x5d, 0x5b, 0x5d, 
	0x5b, 0x5d, 0x5b, 0x5d, 0x5b, 0x1b, 0x5b, 0x5d, 
	0x5b, 0x5d, 0x5b, 0x5d, 0x5b, 0x5d, 0x5b, 0x5d, 
	0x5b, 0x5d, 0x5b, 0x5d, 0x53, 0x1d, 0x5b, 0x5d, 
	0x5b, 0x5d, 0x5b, 0x5d, 0x5b, 0x5d, 0x5b, 0x5d, 
	0x5b, 0x5d, 0x5b, 0x9f, 0x5b, 0x9f, 0x5b, 0x9f, 
	0x5b, 0x9f, 0x5b, 0x5d, 0x5b, 0x5d, 0x5b, 0x5d, 
	0x5b, 0x5d, 0x5b, 0x5d, 0x63, 0x9f, 0x63, 0x9f, 
	0x63, 0x9f, 0x63, 0x9f, 0x63, 0x9f, 0x63, 0x9f, 
	0x63, 0x9f, 0x63, 0x9f, 0x63, 0xe1, 0x6c, 0x21, 
	0x6c, 0x21, 0x6c, 0x21, 0x6c, 0x21, 0x6c, 0x21, 
	0x6c, 0x61, 0x74, 0xa3, 0x6c, 0x21, 0x6c, 0x21, 
	0x6c, 0x21, 0x63, 0xdf, 0x63, 0xdd, 0x63, 0xdd, 
	0x63, 0x9d, 0x5b, 0x1b, 0x63, 0x9d, 0x5b, 0x5d, 
	0x63, 0x9d, 0x63, 0xdf, 0x63, 0x9d, 0x6b, 0xdd, 
	0x63, 0x9d, 0x63, 0x5d, 0x63, 0x5d, 0x63, 0x5d, 
	0x63, 0x9d, 0x63, 0x9d, 0x63, 0x5d, 0x5b, 0x5b, 
	0x5b, 0x1b, 0x63, 0x9d, 0x63, 0x5d, 0x5b, 0x1b, 
	0x5b, 0x5d, 0x5b, 0x1b, 0x5b, 0x1b, 0x5b, 0x1b, 
	0x5b, 0x1b, 0x5b, 0x1b, 0x53, 0x1b, 0x53, 0x1b, 
	0x5b, 0x5d, 0x5b, 0x5d, 0x5b, 0x9d, 0x53, 0x5b, 
	0x53, 0x1b, 0x5b, 0x5d, 0x5b, 0x5d, 0x5b, 0x5d, 
	0x5b, 0x5b, 0x5b, 0x5b, 0x53, 0x1d, 0x5b, 0x5f, 
	0x5b, 0x5d, 0x5b, 0x9f, 0x5b, 0x5d, 0x5b, 0x5d, 
	0x5b, 0x9d, 0x5b, 0x9d, 0x5b, 0x5d, 0x5b, 0x5d, 
	0x5b, 0x9d, 0x5b, 0x5b, 0x5b, 0x9d, 0x5b, 0x5d, 
	0x5b, 0x5d, 0x5b, 0x5d, 0x5b, 0x5d, 0x5b, 0x5d, 
	0x63, 0x9d, 0x5b, 0x5d, 0x5b, 0x1b, 0x5b, 0x1b, 
	0x5b, 0x1b, 0x5b, 0x1b, 0x5b, 0x9d, 0x5b, 0x9d, 
	0x52, 0xd9, 0x52, 0x99, 0x52, 0xd9, 0x5b, 0x19, 
	0x52, 0xd9, 0x53, 0x1b, 0x63, 0x9d, 0x5b, 0x5b, 
	0x5b, 0x5b, 0x63, 0x9d, 0x5b, 0x1b, 0x5b, 0x5b, 
	0x63, 0x5d, 0x63, 0x5d, 0x63, 0x5d, 0x63, 0x5d, 
	0x5b, 0x5d, 0x63, 0x5d, 0x5b, 0x5d, 0x63, 0x5d, 
	0x5b, 0x5d, 0x5b, 0x5d, 0x5b, 0x5d, 0x5b, 0x5d, 
	0x5b, 0x5d, 0x5b, 0x5d, 0x53, 0x1d, 0x53, 0x1d, 
	0x53, 0x1b, 0x5b, 0x5d, 0x5b, 0x5d, 0x5b, 0x5d, 
	0x5b, 0x9f, 0x5b, 0x9f, 0x5b, 0x5d, 0x5b, 0x9f, 
	0x5b, 0x5f, 0x5b, 0x5f, 0x63, 0x9f, 0x63, 0x9f, 
	0x63, 0x9f, 0x63, 0x9f, 0x63, 0x9f, 0x63, 0xa1, 
	0x63, 0xa1, 0x63, 0xa1, 0x63, 0xa1, 0x63, 0xa1, 
	0x6b, 0xe3, 0x6c, 0x23, 0x74, 0x63, 0x6c, 0x23, 
	0x6c, 0x23, 0x74, 0x63, 0x74, 0x63, 0x74, 0x63, 
	0x6b, 0xe1, 0x6b, 0xe1, 0x63, 0xdf, 0x6c, 0x21, 
	0x6b, 0xe1, 0x6b, 0xe1, 0x63, 0xdf, 0x63, 0x9d, 
	0x63, 0x9f, 0x63, 0x9f, 0x6c, 0x61, 0x74, 0xa3, 
	0x6b, 0xe1, 0x7c, 0x63, 0x63, 0xdf, 0x6b, 0xe1, 
	0x63, 0x9f, 0x63, 0x9f, 0x63, 0x5d, 0x63, 0x5d, 
	0x63, 0x9d, 0x63, 0x9d, 0x63, 0x5d, 0x63, 0x5d, 
	0x6b, 0xdf, 0x6c, 0x1f, 0x63, 0xdf, 0x64, 0x1f, 
	0x63, 0x5d, 0x63, 0x5d, 0x5b, 0x5d, 0x5b, 0x5d, 
	0x5b, 0x5d, 0x63, 0x5f, 0x5b, 0x5d, 0x5b, 0x5d, 
	0x5b, 0x1d, 0x5b, 0x5d, 0x5b, 0x5d, 0x5b, 0x5d, 
	0x5b, 0x5f, 0x63, 0x9f, 0x5b, 0x5d, 0x5b, 0x5f, 
	0x5b, 0x5d, 0x5b, 0x5d, 0x5b, 0x5f, 0x5b, 0x5f, 
	0x5b, 0x5f, 0x5b, 0x9f, 0x63, 0x9f, 0x63, 0x9f, 
	0x63, 0x9f, 0x63, 0xdf, 0x63, 0xe1, 0x63, 0xe1, 
	0x63, 0xa1, 0x63, 0xa1, 0x5b, 0x9f, 0x63, 0xa1, 
	0x63, 0x9f, 0x63, 0x9f, 0x63, 0x9f, 0x63, 0xe1, 
	0x63, 0x9f, 0x63, 0x9f, 0x63, 0x5f, 0x63, 0x5f, 
	0x63, 0x9d, 0x5b, 0x5d, 0x5b, 0x1b, 0x5b, 0x1b, 
	0x5b, 0x1b, 0x52, 0xdb, 0x5b, 0x19, 0x5b, 0x19, 
	0x5b, 0x1b, 0x5b, 0x1b, 0x63, 0x9d, 0x5b, 0x5b, 
	0x5b, 0x5b, 0x5b, 0x5d, 0x63, 0x9d, 0x63, 0x5d, 
	0x63, 0x5d, 0x63, 0x9f, 0x63, 0x9f, 0x63, 0x5d, 
	0x5b, 0x5d, 0x63, 0x5d, 0x5b, 0x5d, 0x5b, 0x5d, 
	0x63, 0x5d, 0x5b, 0x5d, 0x5b, 0x5d, 0x5b, 0x5d, 
	0x5b, 0x5d, 0x5b, 0x5d, 0x53, 0x5d, 0x5b, 0x5d, 
	0x5b, 0x5d, 0x5b, 0x5d, 0x5b, 0x5d, 0x5b, 0x5d, 
	0x5b, 0x5f, 0x5b, 0x9f, 0x5b, 0x9f, 0x5b, 0x9f, 
	0x63, 0xa1, 0x5b, 0x5f, 0x5b, 0x5f, 0x63, 0x9f, 
	0x63, 0x9f, 0x6b, 0x9f, 0x63, 0xa1, 0x63, 0x9f, 
	0x6b, 0xe1, 0x6b, 0xe1, 0x6b, 0xe1, 0x6b, 0xe1, 
	0x6c, 0x23, 0x74, 0x65, 0x74, 0x63, 0x74, 0xa5, 
	0x74, 0xa5, 0x7c, 0xe5, 0x74, 0x63, 0x74, 0x63, 
	0x74, 0x63, 0x74, 0xa5, 0x6c, 0x21, 0x6c, 0x21, 
	0x6b, 0xe1, 0x63, 0x9f, 0x63, 0xdf, 0x6b, 0xdf, 
	0x74, 0x23, 0x6b, 0xe1, 0x6b, 0xe1, 0x63, 0x9f, 
	0x6b, 0xe1, 0x6b, 0xe1, 0x63, 0xdf, 0x63, 0xdf, 
	0x74, 0x21, 0x6b, 0xe1, 0x6b, 0x9f, 0x6b, 0x9f, 
	0x63, 0x9f, 0x63, 0x9d, 0x63, 0x5d, 0x63, 0x9d, 
	0x63, 0x9d, 0x6b, 0xdf, 0x63, 0xdf, 0x6b, 0x5f, 
	0x63, 0x5d, 0x63, 0x5d, 0x5b, 0x5d, 0x63, 0x9f, 
	0x5b, 0x5d, 0x63, 0x5f, 0x5b, 0x5d, 0x5b, 0x5d, 
	0x63, 0x5d, 0x63, 0x9d, 0x63, 0x9f, 0x63, 0x9f, 
	0x5b, 0x5f, 0x5b, 0x5f, 0x5b, 0x9f, 0x5b, 0xa1, 
	0x63, 0xa1, 0x5b, 0x5d, 0x63, 0xe1, 0x64, 0x21, 
	0x63, 0x9f, 0x5b, 0x9f, 0x63, 0x9f, 0x63, 0x9f, 
	0x63, 0x9f, 0x63, 0x9f, 0x63, 0x9f, 0x63, 0x9f, 
	0x63, 0xa1, 0x63, 0xa1, 0x63, 0xe1, 0x63, 0xa1, 
	0x63, 0x9f, 0x6c, 0x21, 0x6c, 0x21, 0x6c, 0x63, 
	0x6c, 0x23, 0x63, 0x9f, 0x63, 0x9f, 0x63, 0x9f, 
	0x63, 0x9d, 0x63, 0x5d, 0x5b, 0x5d, 0x5b, 0x5d, 
	0x5b, 0x1b, 0x5b, 0x1b, 0x5b, 0x1b, 0x5b, 0x5b, 
	0x5b, 0x1b, 0x5b, 0x1b, 0x63, 0x9d, 0x63, 0x9d, 
	0x63, 0x9d, 0x63, 0x9f, 0x63, 0x9d, 0x63, 0x9d, 
	0x63, 0x9f, 0x63, 0xdf, 0x63, 0x9f, 0x63, 0x9f, 
	0x63, 0x9f, 0x63, 0x9f, 0x63, 0x5d, 0x5b, 0x5d, 
	0x63, 0x5f, 0x63, 0x5f, 0x63, 0x9f, 0x63, 0x9f, 
	0x5b, 0x5d, 0x5b, 0x5d, 0x5b, 0x5d, 0x5b, 0x5d, 
	0x5b, 0x5d, 0x5b, 0x9d, 0x5b, 0x5d, 0x63, 0x9f, 
	0x5b, 0x5f, 0x5b, 0x9f, 0x63, 0x9f, 0x63, 0x9f, 
	0x63, 0x9f, 0x63, 0xa1, 0x63, 0x9f, 0x63, 0x9f, 
	0x63, 0xa1, 0x6b, 0xa1, 0x6b, 0xe3, 0x6b, 0xe3, 
	0x73, 0xe3, 0x6b, 0xe1, 0x74, 0x63, 0x7c, 0xe5, 
	0x74, 0xa5, 0x7c, 0xe5, 0x7c, 0xe7, 0x7c, 0xa5, 
	0x7c, 0xe7, 0x74, 0xa5, 0x7c, 0xa5, 0x74, 0xa5, 
	0x74, 0xa3, 0x6b, 0xe1, 0x6c, 0x21, 0x74, 0x63, 
	0x6b, 0xdf, 0x63, 0x9f, 0x6c, 0x21, 0x63, 0x9f, 
	0x63, 0x9f, 0x74, 0x63, 0x6c, 0x23, 0x6b, 0xe1, 
	0x74, 0xa3, 0x74, 0x63, 0x6c, 0x21, 0x6b, 0xe1, 
	0x6b, 0xe1, 0x74, 0x23, 0x74, 0x23, 0x6b, 0xe1, 
	0x6b, 0xe1, 0x6b, 0xe1, 0x6b, 0x9f, 0x6b, 0x9f, 
	0x63, 0x9f, 0x63, 0x9f, 0x63, 0x5f, 0x63, 0x5f, 
	0x63, 0x5f, 0x63, 0x9d, 0x63, 0x9f, 0x63, 0x5d, 
	0x63, 0x9f, 0x63, 0x5f, 0x63, 0x9f, 0x63, 0x9f, 
	0x63, 0x9f, 0x63, 0x9f, 0x63, 0x9f, 0x63, 0x9f, 
	0x63, 0x9f, 0x63, 0x9f, 0x63, 0x9f, 0x63, 0xa1, 
	0x63, 0x9f, 0x63, 0x9f, 0x63, 0xe1, 0x63, 0xa1, 
	0x63, 0xa1, 0x63, 0x5f, 0x63, 0x9f, 0x63, 0x9f, 
	0x6b, 0xe1, 0x63, 0xa1, 0x63, 0xa1, 0x63, 0xe1, 
	0x63, 0xe1, 0x6b, 0xe1, 0x63, 0xe1, 0x63, 0xe1, 
	0x6c, 0x23, 0x6b, 0xe1, 0x74, 0x63, 0x74, 0x63, 
	0x6b, 0xe1, 0x63, 0xa1, 0x6b, 0xe1, 0x63, 0x9f, 
	0x63, 0x9f, 0x63, 0x5f, 0x63, 0x5f, 0x63, 0x5f, 
	0x5b, 0x5d, 0x5b, 0x5d, 0x5b, 0x5d, 0x63, 0x5d, 
	0x5b, 0x5d, 0x63, 0x5f, 0x63, 0xdf, 0x63, 0x9f, 
	0x63, 0x9f, 0x63, 0x9f, 0x63, 0x9f, 0x6b, 0xe1, 
	0x63, 0x9f, 0x63, 0x9f, 0x63, 0x9f, 0x63, 0x9f, 
	0x63, 0x9f, 0x63, 0x9f, 0x63, 0x9f, 0x63, 0x9f, 
	0x63, 0x9f, 0x63, 0x9f, 0x5b, 0x5f, 0x63, 0x9f, 
	0x5b, 0x9f, 0x5b, 0x9f, 0x5b, 0x9f, 0x5b, 0x9f, 
	0x5b, 0x5f, 0x5b, 0x5f, 0x5b, 0x9f, 0x5b, 0x9f, 
	0x5b, 0x9f, 0x63, 0xa1, 0x63, 0xe1, 0x63, 0xa1, 
	0x63, 0x9f, 0x5b, 0x9f, 0x63, 0x9f, 0x63, 0xa1, 
	0x63, 0xa1, 0x6b, 0xe1, 0x6b, 0xe3, 0x6b, 0xe3, 
	0x73, 0xe3, 0x74, 0x23, 0x74, 0x63, 0x74, 0x63, 
	0x7c, 0xe5, 0x7c, 0xe5, 0x7c, 0xa5, 0x7c, 0xa5, 
	0x74, 0xa5, 0x74, 0x65, 0x74, 0xa5, 0x74, 0x63, 
	0x6b, 0xe1, 0x6b, 0xe1, 0x6b, 0xe1, 0x6b, 0xe1, 
	0x6c, 0x21, 0x6c, 0x21, 0x6c, 0x21, 0x74, 0x63, 
	0x74, 0x63, 0x6b, 0xe1, 0x6c, 0x23, 0x74, 0x65, 
	0x6b, 0xe1, 0x6c, 0x21, 0x74, 0x23, 0x6c, 0x21, 
	0x74, 0x23, 0x74, 0x23, 0x74, 0x23, 0x74, 0x23, 
	0x6c, 0x23, 0x6b, 0xe1, 0x6b, 0xe1, 0x6c, 0x23, 
	0x63, 0x9f, 0x63, 0x9f, 0x63, 0x9f, 0x63, 0x5f, 
	0x63, 0x5f, 0x63, 0x9d, 0x63, 0x9f, 0x63, 0x5d, 
	0x63, 0xdf, 0x63, 0x9f, 0x63, 0x5f, 0x63, 0x9f, 
	0x63, 0xdf, 0x63, 0x5f, 0x63, 0x9f, 0x63, 0x9f, 
	0x63, 0x9f, 0x63, 0x9f, 0x63, 0xa1, 0x63, 0xa1, 
	0x63, 0xe1, 0x63, 0xa1, 0x63, 0xe1, 0x63, 0xe1, 
	0x63, 0xe1, 0x63, 0xa1, 0x63, 0xa1, 0x64, 0x23, 
	0x6c, 0x23, 0x6c, 0x23, 0x6b, 0xe3, 0x6b, 0xe3, 
	0x6b, 0xe1, 0x6b, 0xe1, 0x63, 0xe1, 0x63, 0xe1, 
	0x6b, 0xe1, 0x6b, 0xe1, 0x6c, 0x23, 0x74, 0x65, 
	0x6b, 0xe1, 0x63, 0xa1, 0x63, 0x9f, 0x6b, 0xe1, 
	0x63, 0xe1, 0x63, 0x9f, 0x63, 0x9f, 0x63, 0x9f, 
	0x63, 0x5d, 0x63, 0x5d, 0x63, 0x9f, 0x63, 0x9f, 
	0x63, 0x5f, 0x63, 0x9f, 0x63, 0x9f, 0x63, 0xdf, 
	0x63, 0x9f, 0x63, 0xdf, 0x6b, 0xe1, 0x6b, 0xe1, 
	0x63, 0x9f, 0x63, 0xe1, 0x63, 0x9f, 0x63, 0x9f, 
	0x6b, 0x9f, 0x63, 0x9f, 0x63, 0x9f, 0x63, 0x9f, 
	0x63, 0x9f, 0x63, 0x9f, 0x63, 0x9f, 0x63, 0x9f, 
	0x63, 0xa1, 0x5b, 0x9f, 0x5b, 0x9f, 0x63, 0x9f, 
	0x63, 0xa1, 0x63, 0x9f, 0x63, 0x9f, 0x63, 0x9f, 
	0x5b, 0x9f, 0x63, 0xa1, 0x63, 0xe1, 0x63, 0xe1, 
	0x63, 0xe1, 0x63, 0xe1, 0x63, 0xa1, 0x63, 0xa1, 
	0x6b, 0xe1, 0x6b, 0xe1, 0x74, 0x25, 0x74, 0x25, 
	0x74, 0x25, 0x7c, 0xa7, 0x85, 0x29, 0x7c, 0xa7, 
	0x7c, 0xe7, 0x85, 0x29, 0x7c, 0xa7, 0x6c, 0x65, 
	0x74, 0x65, 0x6c, 0x23, 0x74, 0x65, 0x6c, 0x23, 
	0x6c, 0x23, 0x6b, 0xe1, 0x6b, 0xe1, 0x6c, 0x23, 
	0x74, 0xa3, 0x74, 0xa3, 0x74, 0x63, 0x6b, 0xe1, 
	0x6c, 0x23, 0x6b, 0xe1, 0x6b, 0xe1, 0x74, 0x23, 
	0x74, 0x23, 0x74, 0x23, 0x74, 0x65, 0x74, 0x65, 
	0x74, 0x23, 0x74, 0x65, 0x6b, 0xe3, 0x74, 0x25, 
	0x74, 0x23, 0x73, 0xe3, 0x6c, 0x21, 0x6b, 0xe1, 
	0x6b, 0xe1, 0x63, 0x9f, 0x63, 0x9f, 0x6b, 0x9f, 
	0x63, 0xdf, 0x63, 0x9f, 0x63, 0x5f, 0x63, 0x9f, 
	0x63, 0x9f, 0x63, 0x9f, 0x63, 0xe1, 0x63, 0x9f, 
	0x63, 0xa1, 0x63, 0xe1, 0x63, 0xa1, 0x63, 0xdf, 
	0x63, 0xa1, 0x63, 0xa1, 0x63, 0xa1, 0x63, 0xe1, 
	0x63, 0xe1, 0x63, 0xe1, 0x63, 0xe1, 0x63, 0xe1, 
	0x63, 0xa1, 0x6b, 0xa1, 0x6b, 0xe1, 0x6c, 0x23, 
	0x6c, 0x23, 0x6c, 0x65, 0x6b, 0xe1, 0x6c, 0x23, 
	0x6c, 0x23, 0x6c, 0x23, 0x6b, 0xe1, 0x6b, 0xe1, 
	0x6c, 0x23, 0x6c, 0x65, 0x74, 0x65, 0x6c, 0x23, 
	0x6b, 0xe1, 0x6b, 0xe1, 0x6b, 0xe3, 0x6c, 0x23, 
	0x6b, 0xe1, 0x63, 0xa1, 0x63, 0xa1, 0x63, 0x9f, 
	0x63, 0x9f, 0x63, 0x5f, 0x63, 0x5f, 0x63, 0xa1, 
	0x63, 0x9f, 0x6b, 0xa1, 0x63, 0x9f, 0x6b, 0xe1, 
	0x63, 0xe1, 0x63, 0xe1, 0x6b, 0xe1, 0x6b, 0xe1, 
	0x6b, 0x9f, 0x6b, 0xdf, 0x6c, 0x61, 0x6b, 0xe1, 
	0x63, 0xa1, 0x63, 0xa1, 0x63, 0x9f, 0x63, 0x9f, 
	0x63, 0xa1, 0x6b, 0xe1, 0x63, 0xa1, 0x63, 0xa1, 
	0x63, 0xe1, 0x63, 0xa1, 0x63, 0xa1, 0x63, 0xa1, 
	0x63, 0xa1, 0x63, 0xe1, 0x63, 0xa1, 0x63, 0xe1, 
	0x63, 0xe3, 0x63, 0xe1, 0x63, 0xe1, 0x63, 0xe1, 
	0x63, 0xe1, 0x63, 0xe1, 0x74, 0x63, 0x7c, 0xa5, 
	0x7c, 0xa7, 0x74, 0x23, 0x74, 0x25, 0x7c, 0xa7, 
	0x7c, 0xe7, 0x7c, 0xe7, 0x7c, 0xa7, 0x7c, 0xa7, 
	0x74, 0xa5, 0x7c, 0xe7, 0x84, 0xe7, 0x7c, 0xa7, 
	0x6c, 0x23, 0x74, 0x65, 0x6c, 0x23, 0x6c, 0x23, 
	0x6c, 0x23, 0x6b, 0xe1, 0x6c, 0x23, 0x74, 0xa5, 
	0x74, 0xa3, 0x7c, 0xa5, 0x6b, 0xe1, 0x74, 0x63, 
	0x74, 0xa7, 0x74, 0x65, 0x74, 0x63, 0x74, 0x63, 
	0x74, 0x65, 0x74, 0x23, 0x74, 0x23, 0x74, 0x23, 
	0x74, 0x25, 0x74, 0x25, 0x7c, 0x65, 0x74, 0x23, 
	0x74, 0x23, 0x74, 0x23, 0x74, 0x63, 0x6c, 0x21, 
	0x6b, 0xe1, 0x6b, 0xe1, 0x6b, 0x9f, 0x63, 0x9f, 
	0x63, 0x9f, 0x63, 0x9f, 0x63, 0x9f, 0x63, 0xdf, 
	0x63, 0xdf, 0x63, 0x9f, 0x63, 0xe1, 0x63, 0x9f, 
	0x63, 0x9f, 0x63, 0xa1, 0x63, 0xa1, 0x63, 0xa1, 
	0x63, 0xa1, 0x63, 0xa1, 0x63, 0xe3, 0x63, 0xe1, 
	0x63, 0xa1, 0x64, 0x21, 0x63, 0xe1, 0x63, 0xe1, 
	0x6b, 0xe1, 0x6b, 0xe1, 0x6c, 0x23, 0x6c, 0x23, 
	0x6b, 0xe3, 0x6b, 0xe3, 0x6b, 0xe1, 0x6b, 0xe1, 
	0x6c, 0x23, 0x6b, 0xe3, 0x6b, 0xe1, 0x6c, 0x23, 
	0x6b, 0xe1, 0x6b, 0xe1, 0x74, 0x23, 0x6c, 0x23, 
	0x6b, 0xe3, 0x6b, 0xe3, 0x6b, 0xe3, 0x6c, 0x23, 
	0x6b, 0xe1, 0x6b, 0xe1, 0x63, 0xa1, 0x63, 0xa1, 
	0x63, 0xa1, 0x63, 0xa1, 0x63, 0x9f, 0x63, 0xa1, 
	0x63, 0x9f, 0x63, 0x9f, 0x63, 0x9f, 0x6b, 0xe1, 
	0x6b, 0xe1, 0x63, 0xe1, 0x6b, 0x9f, 0x6b, 0xe1, 
	0x6b, 0xdf, 0x6c, 0x21, 0x6c, 0x21, 0x6b, 0xe1, 
	0x6b, 0xe1, 0x63, 0xa1, 0x63, 0x9f, 0x63, 0x9f, 
	0x63, 0xa1, 0x63, 0xa1, 0x63, 0xa1, 0x6b, 0xe1, 
	0x63, 0xe1, 0x63, 0xa1, 0x63, 0xe1, 0x63, 0xe1, 
	0x63, 0xe1, 0x63, 0xe1, 0x63, 0xe1, 0x63, 0xe1, 
	0x63, 0xe3, 0x63, 0xa1, 0x63, 0xe3, 0x63, 0xe1, 
	0x6c, 0x23, 0x74, 0x25, 0x6b, 0xe3, 0x74, 0x65, 
	0x7c, 0xe7, 0x74, 0x65, 0x7c, 0xa9, 0x7c, 0xa9, 
	0x7d, 0x29, 0x84, 0xe7, 0x84, 0xe9, 0x84, 0xe9, 
	0x74, 0x65, 0x74, 0x25, 0x74, 0x25, 0x6c, 0x23, 
	0x84, 0xe9, 0x84, 0xe9, 0x74, 0x65, 0x6c, 0x23, 
	0x74, 0xa5, 0x7c, 0xe7, 0x7c, 0xa5, 0x7c, 0xa5, 
	0x74, 0x63, 0x6b, 0xe3, 0x6c, 0x23, 0x74, 0x65, 
	0x6c, 0x23, 0x74, 0x63, 0x74, 0x23, 0x74, 0x23, 
	0x74, 0x23, 0x74, 0x23, 0x7c, 0x67, 0x74, 0x25, 
	0x74, 0x65, 0x74, 0x25, 0x74, 0x25, 0x7c, 0x65, 
	0x74, 0x63, 0x74, 0x63, 0x6c, 0x23, 0x6c, 0x23, 
	0x6b, 0xe3, 0x6b, 0xe3, 0x6c, 0x21, 0x6c, 0x21, 
	0x6b, 0xe1, 0x6b, 0xe1, 0x63, 0x9f, 0x63, 0xdf, 
	0x63, 0xe1, 0x6c, 0x21, 0x63, 0xa1, 0x63, 0xa1, 
	0x63, 0xe1, 0x63, 0xe1, 0x6b, 0xe3, 0x63, 0xe1, 
	0x63, 0xe1, 0x63, 0xe1, 0x63, 0xe1, 0x63, 0xe1, 
	0x6c, 0x23, 0x63, 0xa1, 0x6b, 0xe3, 0x6b, 0xe3, 
	0x6b, 0xe3, 0x6b, 0xe3, 0x6c, 0x23, 0x6c, 0x23, 
	0x6b, 0xe3, 0x6c, 0x23, 0x6b, 0xe3, 0x6b, 0xe3, 
	0x6b, 0xe1, 0x6b, 0xe3, 0x6c, 0x23, 0x6c, 0x23, 
	0x6c, 0x23, 0x6b, 0xe3, 0x6c, 0x23, 0x74, 0x23, 
	0x6b, 0xe3, 0x6c, 0x23, 0x6b, 0xe3, 0x6c, 0x23, 
	0x6b, 0xe3, 0x6b, 0xe3, 0x6b, 0xe3, 0x6b, 0xe1, 
	0x6b, 0xe1, 0x6b, 0xe1, 0x6b, 0xe1, 0x63, 0xa1, 
	0x6b, 0xe1, 0x6b, 0xe1, 0x6b, 0xe1, 0x6c, 0x21, 
	0x6b, 0xe1, 0x6b, 0xe1, 0x6c, 0x21, 0x6b, 0xe1, 
	0x6b, 0xe1, 0x6b, 0xe1, 0x6b, 0xe1, 0x6b, 0xe1, 
	0x6b, 0xe1, 0x6b, 0xe1, 0x6b, 0xe1, 0x6b, 0xe1, 
	0x63, 0xe1, 0x63, 0xe1, 0x63, 0xe1, 0x6b, 0xe1, 
	0x63, 0xa1, 0x63, 0xe1, 0x6c, 0x23, 0x63, 0xe1, 
	0x63, 0xe1, 0x63, 0xe3, 0x63, 0xe1, 0x63, 0xe1, 
	0x63, 0xe1, 0x63, 0xe1, 0x63, 0xe3, 0x6b, 0xe3, 
	0x6c, 0x23, 0x74, 0x25, 0x74, 0x25, 0x74, 0x65, 
	0x7c, 0xa7, 0x7c, 0xa7, 0x7c, 0xa9, 0x84, 0xe9, 
	0x84, 0xe7, 0x84, 0xe7, 0x84, 0xe9, 0x7c, 0x67, 
	0x74, 0x65, 0x74, 0x65, 0x7c, 0xa7, 0x74, 0x65, 
	0x84, 0xe9, 0x84, 0xe9, 0x7c, 0xa5, 0x7c, 0xa5, 
	0x7c, 0xe7, 0x7c, 0xe7, 0x7c, 0xa5, 0x74, 0x63, 
	0x6c, 0x23, 0x6c, 0x23, 0x6c, 0x23, 0x6c, 0x23, 
	0x6c, 0x23, 0x74, 0x23, 0x74, 0x23, 0x74, 0x23, 
	0x7c, 0x65, 0x7c, 0x65, 0x7c, 0x67, 0x74, 0x65, 
	0x74, 0x25, 0x74, 0x25, 0x7c, 0x65, 0x74, 0x25, 
	0x74, 0xa5, 0x74, 0x23, 0x74, 0x23, 0x6c, 0x23, 
	0x6c, 0x23, 0x6c, 0x23, 0x6c, 0x23, 0x6b, 0xe1, 
	0x6c, 0x21, 0x6b, 0xe1, 0x6c, 0x21, 0x6c, 0x21, 
	0x6c, 0x63, 0x63, 0xe1, 0x6c, 0x21, 0x6c, 0x21, 
	0x6c, 0x23, 0x6c, 0x23, 0x6b, 0xe3, 0x6c, 0x23, 
	0x6b, 0xe3, 0x6c, 0x23, 0x6c, 0x23, 0x63, 0xe1, 
	0x6b, 0xe3, 0x6b, 0xe3, 0x6b, 0xe3, 0x6b, 0xe3, 
	0x6b, 0xe3, 0x6b, 0xe3, 0x6c, 0x23, 0x6c, 0x23, 
	0x6c, 0x23, 0x6b, 0xe3, 0x6b, 0xe3, 0x6b, 0xe3, 
	0x6c, 0x23, 0x6c, 0x23, 0x6c, 0x23, 0x63, 0xe3, 
	0x6c, 0x23, 0x6c, 0x23, 0x6b, 0xe3, 0x6c, 0x23, 
	0x74, 0x25, 0x6c, 0x23, 0x6b, 0xe3, 0x6b, 0xe3, 
	0x6b, 0xe3, 0x6b, 0xe3, 0x6b, 0xe3, 0x6b, 0xe3, 
	0x6c, 0x23, 0x6b, 0xe3, 0x6b, 0xe3, 0x6b, 0xe3, 
	0x6b, 0xe3, 0x6b, 0xe3, 0x6b, 0xe1, 0x6b, 0xe1, 
	0x6b, 0xe1, 0x6c, 0x23, 0x6c, 0x21, 0x6b, 0xe1, 
	0x6b, 0xe1, 0x6c, 0x21, 0x6c, 0x23, 0x6b, 0xe1, 
	0x6c, 0x23, 0x6b, 0xe1, 0x63, 0xa1, 0x6b, 0xe1, 
	0x6b, 0xe1, 0x6b, 0xe1, 0x63, 0xe1, 0x63, 0xe1, 
	0x63, 0xe1, 0x63, 0xe1, 0x63, 0xe1, 0x6b, 0xe3, 
	0x63, 0xe3, 0x6b, 0xe3, 0x63, 0xe3, 0x63, 0xe1, 
	0x63, 0xe1, 0x6b, 0xe3, 0x6b, 0xe3, 0x6b, 0xe3, 
	0x74, 0x67, 0x74, 0x25, 0x74, 0x25, 0x74, 0x67, 
	0x74, 0x67, 0x7c, 0xa9, 0x84, 0xe9, 0x85, 0x2b, 
	0x85, 0x29, 0x85, 0x29, 0x7c, 0xa7, 0x74, 0x67, 
	0x7c, 0xa7, 0x7c, 0xa7, 0x74, 0x25, 0x74, 0x25, 
	0x74, 0xa7, 0x74, 0xa7, 0x74, 0x67, 0x7c, 0xe7, 
	0x7c, 0xe7, 0x7c, 0xe7, 0x84, 0xe9, 0x74, 0x65, 
	0x7c, 0xa7, 0x7c, 0xa7, 0x7c, 0x67, 0x74, 0x25, 
	0x74, 0x25, 0x7c, 0x65, 0x7c, 0x25, 0x7c, 0x67, 
	0x84, 0xa7, 0x84, 0xa7, 0x7c, 0xa7, 0x7c, 0x67, 
	0x74, 0x65, 0x74, 0x65, 0x7c, 0x65, 0x7c, 0x65, 
	0x74, 0xa5, 0x74, 0x65, 0x74, 0x65, 0x74, 0x65, 
	0x74, 0x65, 0x74, 0x25, 0x74, 0x23, 0x74, 0x23, 
	0x6b, 0xe1, 0x74, 0x23, 0x6c, 0x23, 0x74, 0x63, 
	0x74, 0x63, 0x6c, 0x63, 0x6c, 0x23, 0x6b, 0xe3, 
	0x6b, 0xe3, 0x6b, 0xe3, 0x6b, 0xe3, 0x6b, 0xe3, 
	0x6b, 0xe3, 0x6b, 0xe3, 0x6c, 0x23, 0x6b, 0xe3, 
	0x6b, 0xe3, 0x6b, 0xe3, 0x6b, 0xe3, 0x6c, 0x25, 
	0x6c, 0x23, 0x74, 0x25, 0x74, 0x25, 0x6c, 0x25, 
	0x6c, 0x25, 0x74, 0x25, 0x6b, 0xe3, 0x6b, 0xe3, 
	0x74, 0x25, 0x74, 0x25, 0x6b, 0xe3, 0x6c, 0x23, 
	0x6b, 0xe3, 0x74, 0x25, 0x6b, 0xe3, 0x74, 0x23, 
	0x6c, 0x23, 0x6c, 0x23, 0x74, 0x25, 0x74, 0x25, 
	0x6c, 0x23, 0x74, 0x65, 0x74, 0x65, 0x74, 0x65, 
	0x6b, 0xe3, 0x74, 0x25, 0x6c, 0x23, 0x74, 0x25, 
	0x6c, 0x23, 0x74, 0x25, 0x6c, 0x23, 0x6b, 0xe1, 
	0x6b, 0xe1, 0x6c, 0x23, 0x6b, 0xe1, 0x6b, 0xe1, 
	0x6b, 0xe1, 0x6c, 0x23, 0x6b, 0xe1, 0x6b, 0xe1, 
	0x6b, 0xe3, 0x6c, 0x23, 0x6b, 0xe3, 0x6b, 0xe3, 
	0x6b, 0xe3, 0x6b, 0xe3, 0x63, 0xe1, 0x63, 0xe1, 
	0x63, 0xe1, 0x6b, 0xe3, 0x63, 0xe3, 0x63, 0xe3, 
	0x6b, 0xe3, 0x6c, 0x23, 0x6c, 0x23, 0x6c, 0x23, 
	0x6c, 0x23, 0x6b, 0xe3, 0x6b, 0xe3, 0x6b, 0xe3, 
	0x74, 0x67, 0x74, 0x67, 0x7c, 0xa7, 0x7c, 0xe9, 
	0x85, 0x2b, 0x7c, 0xe9, 0x84, 0xe9, 0x85, 0x2b, 
	0x85, 0x2b, 0x84, 0xe9, 0x84, 0xe9, 0x7c, 0xa7, 
	0x85, 0x29, 0x7c, 0xe9, 0x84, 0xeb, 0x84, 0xeb, 
	0x7c, 0xe9, 0x74, 0xa7, 0x74, 0x67, 0x74, 0x67, 
	0x74, 0xa7, 0x74, 0xa7, 0x7c, 0xa7, 0x7c, 0xa7, 
	0x74, 0x65, 0x7c, 0xa7, 0x84, 0xa7, 0x7c, 0x67, 
	0x7c, 0x65, 0x7c, 0x65, 0x7c, 0x67, 0x85, 0x2b, 
	0x84, 0xa7, 0x84, 0xa7, 0x84, 0xe9, 0x7c, 0xa7, 
	0x7c, 0x67, 0x7c, 0x67, 0x7c, 0xe7, 0x7c, 0xe7, 
	0x74, 0xa5, 0x7c, 0xe7, 0x74, 0xa7, 0x74, 0x65, 
	0x74, 0x65, 0x74, 0xa5, 0x74, 0x65, 0x74, 0x65, 
	0x74, 0x23, 0x74, 0x23, 0x6b, 0xe3, 0x6c, 0x23, 
	0x6c, 0x63, 0x6c, 0x23, 0x6b, 0xe3, 0x6c, 0x23, 
	0x74, 0x23, 0x6c, 0x23, 0x6c, 0x23, 0x6c, 0x23, 
	0x6c, 0x23, 0x6c, 0x23, 0x6c, 0x23, 0x74, 0x25, 
	0x6c, 0x23, 0x6c, 0x23, 0x6c, 0x25, 0x6c, 0x25, 
	0x74, 0x25, 0x74, 0x25, 0x74, 0x25, 0x74, 0x25, 
	0x74, 0x25, 0x6c, 0x25, 0x6b, 0xe3, 0x6b, 0xe3, 
	0x6c, 0x23, 0x6c, 0x23, 0x6c, 0x25, 0x6c, 0x23, 
	0x6c, 0x23, 0x74, 0x65, 0x6c, 0x23, 0x6c, 0x23, 
	0x6b, 0xe3, 0x6c, 0x23, 0x6c, 0x23, 0x6c, 0x23, 
	0x7c, 0xa7, 0x74, 0x65, 0x7c, 0x65, 0x74, 0x65, 
	0x74, 0x25, 0x74, 0x25, 0x74, 0x25, 0x74, 0x25, 
	0x74, 0x25, 0x74, 0x65, 0x74, 0x65, 0x74, 0x23, 
	0x6b, 0xe1, 0x6c, 0x23, 0x6c, 0x23, 0x6c, 0x23, 
	0x6b, 0xe1, 0x6b, 0xe1, 0x6c, 0x23, 0x6c, 0x23, 
	0x6c, 0x23, 0x6c, 0x23, 0x6b, 0xe3, 0x6c, 0x23, 
	0x6b, 0xe3, 0x6c, 0x23, 0x74, 0x25, 0x63, 0xe1, 
	0x63, 0xe1, 0x6b, 0xe3, 0x6c, 0x23, 0x63, 0xe3, 
	0x6c, 0x23, 0x6c, 0x23, 0x6c, 0x25, 0x6c, 0x23, 
	0x6c, 0x23, 0x6c, 0x23, 0x6c, 0x25, 0x6c, 0x25, 
	0x7c, 0x67, 0x7c, 0x67, 0x7c, 0xa7, 0x7c, 0xa9, 
	0x7c, 0xa9, 0x84, 0xe9, 0x8d, 0x2b, 0x8d, 0x2b, 
	0x85, 0x2b, 0x84, 0xe9, 0x84, 0xe9, 0x7c, 0xa9, 
	0x85, 0x29, 0x85, 0x29, 0x7c, 0xa9, 0x7c, 0xa9, 
	0x7c, 0xa9, 0x7c, 0xa9, 0x74, 0x65, 0x74, 0x65, 
	0x74, 0x67, 0x74, 0x67, 0x74, 0x67, 0x74, 0x67, 
	0x7c, 0xa9, 0x84, 0xeb, 0x8c, 0xeb, 0x7c, 0xa7, 
	0x7c, 0xa7, 0x7c, 0x67, 0x7c, 0xa7, 0x84, 0xa7, 
	0x7c, 0x67, 0x84, 0xa9, 0x8c, 0xe9, 0x84, 0xe9, 
	0x7c, 0x67, 0x7c, 0x67, 0x7c, 0xa7, 0x7c, 0xa7, 
	0x74, 0x67, 0x7c, 0xa7, 0x74, 0x65, 0x74, 0x65, 
	0x7c, 0xa7, 0x74, 0x65, 0x74, 0x65, 0x74, 0x25, 
	0x6b, 0xe3, 0x6b, 0xe3, 0x7c, 0x65, 0x74, 0x23, 
	0x74, 0x23, 0x74, 0x23, 0x74, 0x25, 0x6c, 0x25, 
	0x74, 0x65, 0x74, 0x25, 0x74, 0x67, 0x74, 0x25, 
	0x74, 0x65, 0x74, 0x25, 0x74, 0x25, 0x74, 0x65, 
	0x74, 0x65, 0x74, 0x25, 0x74, 0x25, 0x74, 0x67, 
	0x74, 0x65, 0x74, 0x25, 0x74, 0x25, 0x74, 0x25, 
	0x74, 0x25, 0x74, 0x25, 0x74, 0x25, 0x74, 0x25, 
	0x6c, 0x25, 0x74, 0xa7, 0x6b, 0xe3, 0x6c, 0x23, 
	0x6c, 0x25, 0x6c, 0x25, 0x74, 0x25, 0x74, 0x25, 
	0x6c, 0x23, 0x6c, 0x23, 0x74, 0x65, 0x74, 0xa5, 
	0x7c, 0xe7, 0x7c, 0xa7, 0x7c, 0xa7, 0x84, 0xe9, 
	0x74, 0x25, 0x74, 0x25, 0x7c, 0x67, 0x7c, 0x67, 
	0x74, 0x25, 0x7c, 0x67, 0x7c, 0x67, 0x74, 0x25, 
	0x74, 0x23, 0x74, 0x23, 0x6c, 0x23, 0x6c, 0x23, 
	0x6b, 0xe3, 0x74, 0x65, 0x74, 0x65, 0x74, 0x65, 
	0x74, 0x65, 0x6c, 0x23, 0x6b, 0xe3, 0x6c, 0x23, 
	0x74, 0x23, 0x6b, 0xe3, 0x74, 0x23, 0x74, 0x23, 
	0x6b, 0xe3, 0x6b, 0xe3, 0x6c, 0x23, 0x6c, 0x23, 
	0x74, 0x25, 0x6c, 0x23, 0x6c, 0x25, 0x6c, 0x25, 
	0x6c, 0x25, 0x6c, 0x25, 0x74, 0x25, 0x74, 0x67, 
	0x7c, 0xa9, 0x7c, 0xa9, 0x7c, 0xa9, 0x7c, 0xa9, 
	0x85, 0x2b, 0x8d, 0x6b, 0x84, 0xeb, 0x84, 0xeb, 
	0x8d, 0x2b, 0x7c, 0xe9, 0x7c, 0xa9, 0x7c, 0xa9, 
	0x7c, 0xe9, 0x7c, 0xa9, 0x7c, 0xe9, 0x7c, 0xe9, 
	0x7c, 0xa9, 0x7c, 0xa9, 0x7c, 0xa9, 0x74, 0x67, 
	0x74, 0x67, 0x74, 0x67, 0x7c, 0x67, 0x7c, 0xa7, 
	0x7c, 0xa7, 0x7c, 0xa7, 0x84, 0xa9, 0x84, 0xa9, 
	0x7c, 0x67, 0x7c, 0xa7, 0x7c, 0xa7, 0x84, 0xa7, 
	0x7c, 0xa7, 0x7c, 0xa7, 0x84, 0xe9, 0x7c, 0xa7, 
	0x7c, 0xe9, 0x7d, 0x29, 0x84, 0xe9, 0x7c, 0xa7, 
	0x74, 0x67, 0x74, 0x67, 0x74, 0x65, 0x74, 0x65, 
	0x7c, 0xa7, 0x7c, 0xa7, 0x74, 0x65, 0x74, 0x67, 
	0x7c, 0x65, 0x7c, 0x65, 0x7c, 0x65, 0x7c, 0xa5, 
	0x7c, 0x65, 0x74, 0x25, 0x7c, 0x65, 0x74, 0x25, 
	0x74, 0x65, 0x7c, 0x67, 0x74, 0x67, 0x74, 0xa7, 
	0x74, 0x67, 0x74, 0x65, 0x74, 0xa7, 0x74, 0x67, 
	0x74, 0x65, 0x74, 0x67, 0x74, 0x67, 0x74, 0x67, 
	0x7c, 0x67, 0x74, 0x65, 0x74, 0x65, 0x74, 0x25, 
	0x74, 0x67, 0x74, 0x65, 0x74, 0x65, 0x74, 0x65, 
	0x74, 0x65, 0x74, 0xa7, 0x74, 0x65, 0x74, 0x65, 
	0x74, 0x65, 0x7c, 0xa7, 0x7c, 0xa7, 0x7c, 0xa7, 
	0x7c, 0xa7, 0x7c, 0xa7, 0x7c, 0xe7, 0x7c, 0xe7, 
	0x7d, 0x29, 0x7c, 0xe7, 0x84, 0xe9, 0x84, 0xe9, 
	0x74, 0x65, 0x7c, 0x67, 0x7c, 0x67, 0x7c, 0x67, 
	0x74, 0x65, 0x7c, 0x67, 0x7c, 0x67, 0x7c, 0xa7, 
	0x6c, 0x65, 0x74, 0x23, 0x74, 0x25, 0x74, 0x25, 
	0x74, 0x25, 0x74, 0x25, 0x74, 0x23, 0x74, 0x23, 
	0x74, 0x25, 0x74, 0x25, 0x6c, 0x23, 0x74, 0x23, 
	0x74, 0x23, 0x74, 0x23, 0x74, 0x23, 0x74, 0x23, 
	0x74, 0x25, 0x74, 0x25, 0x74, 0x25, 0x6c, 0x23, 
	0x74, 0x25, 0x74, 0x25, 0x74, 0x65, 0x74, 0x67, 
	0x74, 0x65, 0x7c, 0x67, 0x74, 0xa9, 0x74, 0x67, 
	0x7c, 0xa9, 0x7c, 0xa9, 0x7c, 0xa9, 0x84, 0xeb, 
	0x8d, 0x2b, 0x8d, 0x2b, 0x8d, 0x2b, 0x8c, 0xeb, 
	0x8d, 0x2d, 0x84, 0xeb, 0x84, 0xe9, 0x7c, 0xa9, 
	0x7c, 0xa9, 0x7c, 0xe9, 0x7c, 0xa9, 0x7c, 0xa9, 
	0x7c, 0xa9, 0x7c, 0x67, 0x7c, 0x67, 0x74, 0x67, 
	0x7c, 0x67, 0x74, 0x67, 0x7c, 0x67, 0x7c, 0x67, 
	0x7c, 0xa9, 0x7c, 0xa9, 0x84, 0xa9, 0x7c, 0xa9, 
	0x7c, 0xa7, 0x7c, 0xa7, 0x84, 0xa9, 0x7c, 0xa7, 
	0x84, 0xe9, 0x84, 0xe9, 0x84, 0xe9, 0x84, 0xa9, 
	0x84, 0xe9, 0x7c, 0xa9, 0x7c, 0xe9, 0x7c, 0xe9, 
	0x7c, 0xa7, 0x7c, 0xa7, 0x7c, 0xa7, 0x7c, 0x67, 
	0x7c, 0xa9, 0x7c, 0xa7, 0x7c, 0xa7, 0x7c, 0xa7, 
	0x7c, 0x67, 0x7c, 0x67, 0x7c, 0xa7, 0x7c, 0x67, 
	0x7c, 0x67, 0x7c, 0x67, 0x74, 0x65, 0x74, 0x65, 
	0x7c, 0x67, 0x7c, 0x67, 0x74, 0x67, 0x74, 0x67, 
	0x74, 0x67, 0x74, 0x67, 0x74, 0x67, 0x74, 0x67, 
	0x7c, 0xa7, 0x74, 0x67, 0x74, 0x67, 0x7c, 0xa9, 
	0x7c, 0xa7, 0x7c, 0xa7, 0x7c, 0xa9, 0x7c, 0x67, 
	0x7c, 0xa9, 0x7c, 0xa9, 0x7c, 0xa7, 0x7c, 0xa7, 
	0x7c, 0xa7, 0x7c, 0xa7, 0x74, 0xa7, 0x7c, 0xa7, 
	0x7c, 0xa7, 0x7c, 0xa7, 0x74, 0x65, 0x7c, 0xa7, 
	0x7c, 0xe9, 0x7c, 0xe9, 0x7c, 0xe9, 0x7c, 0xe9, 
	0x85, 0x29, 0x85, 0x29, 0x85, 0x2b, 0x85, 0x2b, 
	0x85, 0x2b, 0x7c, 0xa9, 0x7c, 0xa7, 0x7c, 0xa7, 
	0x7c, 0xa9, 0x7c, 0xa7, 0x7c, 0x67, 0x7c, 0x67, 
	0x7c, 0x67, 0x74, 0x65, 0x74, 0x25, 0x7c, 0x67, 
	0x74, 0x25, 0x74, 0x65, 0x74, 0x65, 0x74, 0x25, 
	0x74, 0x65, 0x74, 0x25, 0x74, 0x65, 0x74, 0x25, 
	0x74, 0x25, 0x74, 0x65, 0x74, 0x25, 0x74, 0x25, 
	0x7c, 0x67, 0x74, 0x25, 0x7c, 0x67, 0x7c, 0x67, 
	0x74, 0x65, 0x74, 0x65, 0x74, 0x67, 0x74, 0x67, 
	0x74, 0xa7, 0x74, 0xa7, 0x7c, 0xa7, 0x74, 0x67, 
	0x7c, 0xa9, 0x7c, 0xa9, 0x85, 0x2b, 0x85, 0x2b, 
	0x95, 0xad, 0x8d, 0x2b, 0x8d, 0x2b, 0x8d, 0x6d, 
	0x8d, 0x2b, 0x84, 0xe9, 0x7c, 0xa9, 0x84, 0xa9, 
	0x7c, 0xa9, 0x7c, 0xa9, 0x7c, 0xa9, 0x7c, 0xa9, 
	0x7c, 0xa9, 0x7c, 0x67, 0x7c, 0x67, 0x7c, 0x67, 
	0x7c, 0x67, 0x7c, 0x67, 0x7c, 0x67, 0x7c, 0xa7, 
	0x7c, 0xa9, 0x7c, 0xa9, 0x7c, 0xa9, 0x7c, 0xa9, 
	0x7c, 0xa7, 0x7c, 0xa7, 0x84, 0xe9, 0x84, 0xe9, 
	0x84, 0xa9, 0x84, 0xeb, 0x84, 0xe9, 0x84, 0xa9, 
	0x7c, 0xa9, 0x7c, 0xa9, 0x7c, 0xa7, 0x7c, 0xa7, 
	0x7c, 0xa7, 0x7c, 0xa7, 0x7c, 0xa9, 0x7c, 0xa7, 
	0x7c, 0xa7, 0x7c, 0xa7, 0x84, 0xa9, 0x84, 0xe9, 
	0x7c, 0xa7, 0x7c, 0xa7, 0x84, 0xa7, 0x7c, 0xa7, 
	0x7c, 0x67, 0x7c, 0xa7, 0x7c, 0xa7, 0x74, 0x65, 
	0x7c, 0x67, 0x7c, 0x65, 0x7c, 0x67, 0x7c, 0xa7, 
	0x7c, 0xa7, 0x7c, 0xa7, 0x7c, 0xa9, 0x74, 0xa7, 
	0x7c, 0xa7, 0x74, 0x67, 0x7c, 0xa9, 0x7c, 0xa9, 
	0x8c, 0xeb, 0x84, 0xe9, 0x7c, 0xa9, 0x7c, 0xa9, 
	0x7c, 0xa9, 0x7c, 0x67, 0x7c, 0xa7, 0x7c, 0xa9, 
	0x7c, 0xa7, 0x85, 0x29, 0x85, 0x29, 0x85, 0x29, 
	0x7c, 0xe9, 0x7c, 0xa7, 0x7c, 0xa7, 0x7c, 0xa7, 
	0x7c, 0xe9, 0x7c, 0xe9, 0x7c, 0xe9, 0x7c, 0xe9, 
	0x7c, 0xa9, 0x7c, 0xa9, 0x85, 0x2b, 0x85, 0x2b, 
	0x84, 0xe9, 0x84, 0xe9, 0x84, 0xe9, 0x84, 0xe9, 
	0x85, 0x2b, 0x7c, 0xa9, 0x84, 0xa9, 0x7c, 0xa7, 
	0x7c, 0xa7, 0x7c, 0xa7, 0x7c, 0xa7, 0x7c, 0x67, 
	0x7c, 0x67, 0x7c, 0x67, 0x74, 0x67, 0x74, 0xa7, 
	0x7c, 0x67, 0x7c, 0x67, 0x7c, 0xa7, 0x7c, 0xa7, 
	0x7c, 0xa7, 0x7c, 0x67, 0x7c, 0x67, 0x7c, 0x67, 
	0x7c, 0x67, 0x7c, 0x67, 0x7c, 0x67, 0x7c, 0x67, 
	0x7c, 0x67, 0x7c, 0x67, 0x74, 0x67, 0x7c, 0xa9, 
	0x7c, 0xa9, 0x74, 0xa7, 0x7c, 0xa7, 0x7c, 0xa7, 
	0x7c, 0xa9, 0x84, 0xe9, 0x84, 0xeb, 0x8d, 0x2b, 
	0x95, 0x6d, 0x95, 0x6d, 0x95, 0x6d, 0x8d, 0x2d, 
	0x84, 0xeb, 0x84, 0xe9, 0x84, 0xe9, 0x84, 0xeb, 
	0x7c, 0xa9, 0x84, 0xeb, 0x84, 0xeb, 0x7c, 0xa9, 
	0x7c, 0xa7, 0x7c, 0xa7, 0x7c, 0xa9, 0x7c, 0xa9, 
	0x7c, 0xa7, 0x7c, 0xa7, 0x74, 0x67, 0x74, 0x67, 
	0x7c, 0xa9, 0x7c, 0x67, 0x7c, 0xa9, 0x7c, 0xa9, 
	0x7c, 0xa9, 0x84, 0xeb, 0x8d, 0x2b, 0x84, 0xeb, 
	0x84, 0xeb, 0x84, 0xe9, 0x84, 0xe9, 0x84, 0xa9, 
	0x84, 0xe9, 0x84, 0xe9, 0x84, 0xa9, 0x84, 0xa9, 
	0x7c, 0xa9, 0x84, 0xe9, 0x7c, 0xa9, 0x84, 0xeb, 
	0x84, 0xeb, 0x7c, 0xa9, 0x7c, 0xa9, 0x7c, 0xa9, 
	0x7c, 0xa9, 0x7c, 0xa9, 0x84, 0xa9, 0x7c, 0x67, 
	0x7c, 0xa9, 0x7c, 0xa9, 0x84, 0xa9, 0x84, 0xa9, 
	0x7c, 0x67, 0x7c, 0xa7, 0x7c, 0xa9, 0x7c, 0xa9, 
	0x7c, 0xa9, 0x7c, 0xa9, 0x7c, 0xa9, 0x7c, 0xa9, 
	0x7c, 0xa9, 0x7c, 0xa9, 0x84, 0xeb, 0x84, 0xeb, 
	0x8c, 0xeb, 0x84, 0xe9, 0x84, 0xe9, 0x84, 0xa9, 
	0x84, 0xe9, 0x84, 0xa9, 0x7c, 0xa9, 0x84, 0xeb, 
	0x8d, 0x2b, 0x8d, 0x2b, 0x84, 0xeb, 0x84, 0xeb, 
	0x85, 0x2b, 0x85, 0x2b, 0x85, 0x2b, 0x85, 0x2b, 
	0x7c, 0xe9, 0x7c, 0xa9, 0x7c, 0xa9, 0x74, 0x67, 
	0x7c, 0xa9, 0x7c, 0xa9, 0x7c, 0xe9, 0x7c, 0xa9, 
	0x7c, 0xa9, 0x85, 0x2b, 0x95, 0xaf, 0x8d, 0x2b, 
	0x84, 0xeb, 0x84, 0xa9, 0x84, 0xe9, 0x7c, 0xa9, 
	0x84, 0xe9, 0x84, 0xe9, 0x7c, 0xa9, 0x7c, 0xa7, 
	0x7c, 0xa7, 0x7c, 0xa9, 0x7c, 0xa9, 0x7c, 0xa9, 
	0x7c, 0xa7, 0x7c, 0xa9, 0x7c, 0xa9, 0x84, 0xe9, 
	0x7c, 0xa9, 0x7c, 0xa9, 0x84, 0xa9, 0x7c, 0xa9, 
	0x7c, 0x67, 0x84, 0xa9, 0x84, 0xa9, 0x84, 0xa9, 
	0x7c, 0xa7, 0x84, 0xa9, 0x7c, 0xa9, 0x7c, 0xa9, 
	0x7c, 0xa9, 0x7c, 0xa9, 0x7c, 0xa9, 0x7c, 0xa9, 
	0x7c, 0xa9, 0x84, 0xe9, 0x8d, 0x2b, 0x95, 0xad, 
	0x95, 0x6d, 0x8d, 0x2d, 0x95, 0x6d, 0x8d, 0x2d, 
	0x84, 0xe9, 0x84, 0xe9, 0x84, 0xa9, 0x84, 0xa9, 
	0x7c, 0xa9, 0x7c, 0xa9, 0x7c, 0xa9, 0x7c, 0xa9, 
	0x7c, 0xa7, 0x7c, 0xa7, 0x7c, 0xa9, 0x7c, 0xa9, 
	0x7c, 0xa7, 0x7c, 0xa7, 0x74, 0x67, 0x7c, 0xa7, 
	0x7c, 0xa9, 0x7c, 0xa9, 0x7c, 0xa9, 0x7c, 0xa9, 
	0x84, 0xeb, 0x8c, 0xeb, 0x8d, 0x2b, 0x8d, 0x2b, 
	0x84, 0xeb, 0x84, 0xe9, 0x84, 0xe9, 0x8c, 0xeb, 
	0x84, 0xe9, 0x84, 0xe9, 0x84, 0xe9, 0x84, 0xa9, 
	0x84, 0xe9, 0x84, 0xeb, 0x84, 0xeb, 0x7c, 0xa9, 
	0x84, 0xeb, 0x84, 0xeb, 0x84, 0xeb, 0x84, 0xeb, 
	0x84, 0xeb, 0x84, 0xeb, 0x8d, 0x2b, 0x84, 0xe9, 
	0x84, 0xeb, 0x84, 0xeb, 0x84, 0xe9, 0x84, 0xe9, 
	0x84, 0xe9, 0x84, 0xa9, 0x84, 0xe9, 0x84, 0xe9, 
	0x84, 0xe9, 0x7c, 0xa9, 0x84, 0xe9, 0x7c, 0xa9, 
	0x7c, 0xa9, 0x7c, 0xeb, 0x84, 0xeb, 0x95, 0x6d, 
	0x95, 0x2d, 0x8c, 0xeb, 0x8c, 0xeb, 0x84, 0xe9, 
	0x84, 0xe9, 0x84, 0xe9, 0x84, 0xe9, 0x8d, 0x2b, 
	0x85, 0x2b, 0x84, 0xeb, 0x8d, 0x2b, 0x84, 0xeb, 
	0x84, 0xe9, 0x7c, 0xe9, 0x85, 0x2b, 0x84, 0xe9, 
	0x7c, 0xa9, 0x7c, 0xa9, 0x74, 0xa7, 0x74, 0xa7, 
	0x7c, 0xe9, 0x7c, 0xe9, 0x7c, 0xe9, 0x7c, 0xa9, 
	0x84, 0xeb, 0x85, 0x2b, 0x8d, 0x2b, 0x8d, 0x6d, 
	0x8d, 0x2b, 0x8d, 0x2b, 0x84, 0xeb, 0x84, 0xe9, 
	0x84, 0xe9, 0x84, 0xeb, 0x84, 0xe9, 0x84, 0xeb, 
	0x84, 0xeb, 0x84, 0xeb, 0x84, 0xe9, 0x84, 0xeb, 
	0x84, 0xeb, 0x84, 0xeb, 0x84, 0xeb, 0x84, 0xeb, 
	0x84, 0xeb, 0x84, 0xeb, 0x84, 0xe9, 0x7c, 0xa9, 
	0x84, 0xa9, 0x84, 0xa9, 0x84, 0xa9, 0x84, 0xa9, 
	0x84, 0xa9, 0x84, 0xa9, 0x84, 0xeb, 0x84, 0xeb, 
	0x7c, 0xeb, 0x7c, 0xeb, 0x7c, 0xe9, 0x7c, 0xe9, 
	0x7c, 0xa9, 0x7c, 0xa9, 0x8c, 0xeb, 0x8d, 0x2d, 
	0x9d, 0xaf, 0x95, 0x6f, 0x8d, 0x6d, 0x8d, 0x2d, 
	0x8c, 0xeb, 0x84, 0xe9, 0x84, 0xeb, 0x85, 0x2d, 
	0x84, 0xa9, 0x7c, 0xa9, 0x84, 0xe9, 0x7c, 0xa9, 
	0x7c, 0xa9, 0x7c, 0xa9, 0x7c, 0xa9, 0x7c, 0xa9, 
	0x7c, 0xa9, 0x7c, 0xa9, 0x7c, 0xa9, 0x7c, 0xa9, 
	0x7c, 0xa9, 0x7c, 0xa9, 0x7c, 0xa9, 0x84, 0xeb, 
	0x84, 0xeb, 0x8d, 0x2d, 0x95, 0x6d, 0x8d, 0x2d, 
	0x8c, 0xeb, 0x84, 0xe9, 0x84, 0xe9, 0x84, 0xe9, 
	0x84, 0xe9, 0x84, 0xeb, 0x8d, 0x2d, 0x84, 0xeb, 
	0x84, 0xeb, 0x8d, 0x2d, 0x85, 0x2d, 0x85, 0x2d, 
	0x84, 0xeb, 0x84, 0xeb, 0x84, 0xeb, 0x84, 0xeb, 
	0x84, 0xeb, 0x84, 0xeb, 0x8d, 0x2d, 0x8d, 0x2d, 
	0x84, 0xeb, 0x84, 0xeb, 0x84, 0xe9, 0x84, 0xe9, 
	0x84, 0xeb, 0x84, 0xeb, 0x84, 0xeb, 0x84, 0xeb, 
	0x84, 0xeb, 0x84, 0xeb, 0x7c, 0xe9, 0x84, 0xeb, 
	0x84, 0xeb, 0x84, 0xeb, 0x84, 0xeb, 0x84, 0xeb, 
	0x95, 0x2d, 0x8d, 0x2d, 0x8d, 0x2b, 0x84, 0xeb, 
	0x84, 0xed, 0x84, 0xed, 0x8d, 0x2d, 0x8d, 0x2d, 
	0x8d, 0x2d, 0x8d, 0x2d, 0x8d, 0x2d, 0x84, 0xeb, 
	0x84, 0xeb, 0x84, 0xeb, 0x7c, 0xeb, 0x84, 0xeb, 
	0x7c, 0xeb, 0x7c, 0xeb, 0x7c, 0xa9, 0x7c, 0xa9, 
	0x7c, 0xeb, 0x7c, 0xeb, 0x84, 0xeb, 0x85, 0x2b, 
	0x85, 0x2d, 0x85, 0x2d, 0x95, 0x6f, 0x8d, 0x6f, 
	0x8d, 0x2b, 0x8d, 0x2b, 0x84, 0xeb, 0x8d, 0x2d, 
	0x84, 0xeb, 0x85, 0x2b, 0x85, 0x2d, 0x84, 0xeb, 
	0x84, 0xeb, 0x85, 0x2d, 0x85, 0x2d, 0x8d, 0x2d, 
	0x8d, 0x2d, 0x85, 0x2d, 0x84, 0xeb, 0x84, 0xeb, 
	0x8d, 0x2d, 0x8d, 0x2d, 0x8d, 0x2d, 0x8d, 0x2d, 
	0x84, 0xeb, 0x8c, 0xeb, 0x84, 0xeb, 0x84, 0xeb, 
	0x84, 0xeb, 0x84, 0xeb, 0x85, 0x2d, 0x85, 0x2d, 
	0x85, 0x2d, 0x85, 0x2d, 0x84, 0xed, 0x84, 0xeb, 
	0x84, 0xeb, 0x84, 0xeb, 0x8c, 0xeb, 0x8d, 0x2d, 
	0x95, 0x6f, 0x95, 0x6f, 0x95, 0x6f, 0x8d, 0x2d, 
	0x8c, 0xeb, 0x8d, 0x2b, 0x85, 0x2d, 0x84, 0xeb, 
	0x8d, 0x2b, 0x84, 0xa9, 0x84, 0xe9, 0x7c, 0xa9, 
	0x84, 0xe9, 0x84, 0xe9, 0x7c, 0xa9, 0x84, 0xa9, 
	0x7c, 0xeb, 0x7c, 0xa9, 0x7c, 0xa9, 0x7c, 0xa9, 
	0x84, 0xeb, 0x84, 0xeb, 0x84, 0xeb, 0x84, 0xeb, 
	0x84, 0xeb, 0x8d, 0x2d, 0x8d, 0x2d, 0x8d, 0x2d, 
	0x8d, 0x2b, 0x8d, 0x2b, 0x84, 0xe9, 0x84, 0xe9, 
	0x84, 0xeb, 0x85, 0x2b, 0x8d, 0x2d, 0x8d, 0x2d, 
	0x8d, 0x2d, 0x8d, 0x2d, 0x8d, 0x2d, 0x8d, 0x6d, 
	0x8d, 0x2d, 0x8d, 0x2d, 0x8d, 0x2d, 0x8d, 0x2d, 
	0x8d, 0x2d, 0x8d, 0x2d, 0x8d, 0x2d, 0x8d, 0x2d, 
	0x8c, 0xeb, 0x8d, 0x2b, 0x8d, 0x2b, 0x8d, 0x2b, 
	0x8d, 0x2d, 0x8d, 0x2d, 0x85, 0x2d, 0x85, 0x2d, 
	0x8d, 0x2d, 0x84, 0xeb, 0x84, 0xeb, 0x84, 0xeb, 
	0x84, 0xeb, 0x84, 0xeb, 0x84, 0xeb, 0x8d, 0x2d, 
	0x8d, 0x2d, 0x95, 0x2d, 0x8d, 0x2b, 0x84, 0xeb, 
	0x84, 0xed, 0x8d, 0x6f, 0x8d, 0x2d, 0x84, 0xed, 
	0x8d, 0x2d, 0x8d, 0x2d, 0x84, 0xeb, 0x84, 0xeb, 
	0x84, 0xeb, 0x84, 0xeb, 0x7c, 0xeb, 0x84, 0xeb, 
	0x7c, 0xeb, 0x7c, 0xeb, 0x7c, 0xeb, 0x7c, 0xeb, 
	0x85, 0x2d, 0x84, 0xeb, 0x84, 0xeb, 0x85, 0x2b, 
	0x8d, 0x6f, 0x8d, 0x6f, 0x8d, 0x6f, 0x8d, 0x6f, 
	0x8d, 0x2d, 0x8d, 0x6d, 0x8d, 0x2d, 0x8d, 0x2d, 
	0x8d, 0x6d, 0x8d, 0x2d, 0x8d, 0x2d, 0x8d, 0x2d, 
	0x8d, 0x2d, 0x8d, 0x2d, 0x8d, 0x2d, 0x8d, 0x6f, 
	0x8d, 0x6f, 0x8d, 0x2d, 0x8d, 0x2d, 0x84, 0xeb, 
	0x8d, 0x2d, 0x8d, 0x2d, 0x8d, 0x2d, 0x8d, 0x2d, 
	0x8d, 0x2d, 0x8d, 0x2d, 0x8d, 0x2d, 0x8d, 0x2d, 
	0x8d, 0x2d, 0x8d, 0x2d, 0x8d, 0x6f, 0x85, 0x2d, 
	0x85, 0x6f, 0x85, 0x2d, 0x84, 0xed, 0x8d, 0x2d, 
	0x8d, 0x2d, 0x85, 0x2d, 0x95, 0x6f, 0x95, 0xb1, 
	0x9d, 0xf1, 0x95, 0xaf, 0x9d, 0xb1, 0x95, 0x6f, 
	0x8d, 0x6f, 0x95, 0x6f, 0x8d, 0x2f, 0x8d, 0x2d, 
	0x8d, 0x2d, 0x8d, 0x2d, 0x84, 0xeb, 0x8d, 0x2d, 
	0x8d, 0x2d, 0x8d, 0x2d, 0x84, 0xeb, 0x84, 0xeb, 
	0x84, 0xeb, 0x84, 0xeb, 0x84, 0xeb, 0x84, 0xeb, 
	0x84, 0xeb, 0x84, 0xeb, 0x85, 0x2d, 0x85, 0x2d, 
	0x85, 0x2d, 0x8d, 0x2d, 0x8d, 0x2d, 0x8d, 0x2d, 
	0x8d, 0x2b, 0x8d, 0x2b, 0x8d, 0x2d, 0x8d, 0x2d, 
	0x8d, 0x2d, 0x8d, 0x2d, 0x8d, 0x6f, 0x8d, 0x6f, 
	0x95, 0x6f, 0x95, 0x6f, 0x95, 0x6f, 0x8d, 0x6f, 
	0x8d, 0x6f, 0x8d, 0x6f, 0x8d, 0x2d, 0x8d, 0x2d, 
	0x8d, 0x2d, 0x8d, 0x2d, 0x8d, 0x2d, 0x8d, 0x2d, 
	0x8d, 0x2d, 0x8d, 0x2d, 0x95, 0x6f, 0x95, 0x6f, 
	0x8d, 0x2d, 0x95, 0x6f, 0x8d, 0x6f, 0x8d, 0x6f, 
	0x8d, 0x2f, 0x8d, 0x2f, 0x8d, 0x2d, 0x8d, 0x2d, 
	0x8d, 0x2d, 0x85, 0x2d, 0x8d, 0x2d, 0x95, 0x6f, 
	0x9d, 0xb1, 0x95, 0x6f, 0x95, 0x6d, 0x8d, 0x2d, 
	0x8d, 0x6d, 0x95, 0xaf, 0x8d, 0x6d, 0x8d, 0x6d, 
	0x8d, 0x6f, 0x8d, 0x2d, 0x84, 0xeb, 0x8d, 0x2d, 
	0x84, 0xeb, 0x85, 0x2d, 0x85, 0x2d, 0x84, 0xeb, 
	0x84, 0xed, 0x85, 0x2d, 0x85, 0x2d, 0x85, 0x2d, 
	0x85, 0x2d, 0x8d, 0x2d, 0x8d, 0x6f, 0x8d, 0x6f, 
	0x8d, 0x6f, 0x8d, 0x6f, 0x8d, 0x6f, 0x8d, 0x6d, 
	0x8d, 0x2d, 0x8d, 0x6f, 0x8d, 0x2d, 0x8d, 0x2d, 
	0x8d, 0x6f, 0x8d, 0x6f, 0x8d, 0x6f, 0x95, 0x6f, 
	0x8d, 0x6f, 0x8d, 0x6f, 0x8d, 0x6f, 0x8d, 0x6f, 
	0x8d, 0x6f, 0x8d, 0x6f, 0x8d, 0x6f, 0x8d, 0x6f, 
	0x8d, 0x6f, 0x8d, 0x6f, 0x8d, 0x2d, 0x8d, 0x6f, 
	0x95, 0x71, 0x8d, 0x2f, 0x95, 0x6f, 0x95, 0x6f, 
	0x8d, 0x6f, 0x8d, 0x6f, 0x95, 0x6f, 0x8d, 0x6f, 
	0x8d, 0x6f, 0x8d, 0x2d, 0x8d, 0x2d, 0x8d, 0x6f, 
	0x8d, 0x6f, 0x8d, 0x6f, 0x8d, 0x6f, 0x95, 0x6f, 
	0x95, 0x6f, 0x9d, 0xf1, 0x9d, 0xb1, 0x95, 0x6f, 
	0x95, 0xb1, 0x95, 0xb1, 0x95, 0xb1, 0x95, 0x6f, 
	0x95, 0x6f, 0x8d, 0x2d, 0x8d, 0x2d, 0x8d, 0x6f, 
	0x8d, 0x2d, 0x8d, 0x2d, 0x8d, 0x2d, 0x84, 0xeb, 
	0x85, 0x2d, 0x85, 0x2d, 0x85, 0x2d, 0x85, 0x2d, 
	0x85, 0x2d, 0x85, 0x2d, 0x8d, 0x2d, 0x8d, 0x2d, 
	0x8d, 0x2d, 0x8d, 0x6f, 0x8d, 0x6f, 0x8d, 0x6f, 
	0x95, 0x6d, 0x8d, 0x2d, 0x95, 0x6f, 0x8d, 0x2d, 
	0x8d, 0x6f, 0x8d, 0x6f, 0x8d, 0x6f, 0x8d, 0x6f, 
	0x95, 0x6f, 0x95, 0xb1, 0x95, 0x6f, 0x95, 0xb1, 
	0x8d, 0x6f, 0x8d, 0x2d, 0x8d, 0x2d, 0x8d, 0x2d, 
	0x8d, 0x6f, 0x8d, 0x6f, 0x8d, 0x6f, 0x8d, 0x6f, 
	0x8d, 0x6f, 0x8d, 0x6f, 0x95, 0x6f, 0x95, 0x6f, 
	0x95, 0x6f, 0x95, 0x6f, 0x8d, 0x71, 0x8d, 0x71, 
	0x8d, 0x6f, 0x95, 0x71, 0x8d, 0x2d, 0x8d, 0x6f, 
	0x8d, 0x6f, 0x8d, 0x2d, 0x8d, 0x2d, 0x8d, 0x2d, 
	0x95, 0x6f, 0x9d, 0xb1, 0x95, 0x6f, 0x95, 0x6d, 
	0x8d, 0x6d, 0x8d, 0x6d, 0x95, 0x6f, 0x95, 0x6f, 
	0x8d, 0x6f, 0x8d, 0x6f, 0x8d, 0x6f, 0x8d, 0x6f, 
	0x8d, 0x2d, 0x8d, 0x6f, 0x8d, 0x2d, 0x8d, 0x2d, 
	0x85, 0x2d, 0x85, 0x2d, 0x85, 0x6f, 0x85, 0x6f, 
	0x8d, 0x2d, 0x8d, 0x6f, 0x8d, 0x6f, 0x8d, 0x6f, 
	0x8d, 0x6f, 0x95, 0xb1, 0x95, 0xb1, 0x95, 0xb1, 
	0x95, 0xb1, 0x95, 0x6f, 0x95, 0x6f, 0x95, 0x6f, 
	0x95, 0xb1, 0x95, 0x6f, 0x95, 0xb1, 0x95, 0xb1, 
	0x95, 0xb1, 0x95, 0xb1, 0x95, 0xb1, 0x95, 0xb1, 
	0x95, 0x71, 0x8d, 0x6f, 0x8d, 0x6f, 0x8d, 0x71, 
	0x8d, 0x6f, 0x8d, 0x6f, 0x8d, 0x6f, 0x95, 0x71, 
	0x95, 0x71, 0x95, 0x71, 0x95, 0x6f, 0x95, 0x6f, 
	0x95, 0xb1, 0x95, 0x6f, 0x95, 0x6f, 0x95, 0x6f, 
	0x95, 0x71, 0x95, 0x71, 0x8d, 0x6f, 0x8d, 0x6f, 
	0x95, 0xb1, 0x95, 0x6f, 0x95, 0x6f, 0x95, 0xb1, 
	0x95, 0xb1, 0x9d, 0xb3, 0x9d, 0xf3, 0x9d, 0xb1, 
	0x9d, 0xf3, 0x9d, 0xb3, 0x9d, 0xb3, 0x95, 0xb1, 
	0x95, 0x6f, 0x95, 0x6f, 0x8d, 0x6f, 0x8d, 0x6f, 
	0x8d, 0x6f, 0x8d, 0x2d, 0x8d, 0x6f, 0x8d, 0x6f, 
	0x8d, 0x6f, 0x8d, 0x6f, 0x8d, 0x6f, 0x8d, 0x6f, 
	0x8d, 0x2d, 0x8d, 0x6f, 0x8d, 0x6f, 0x8d, 0x6f, 
	0x8d, 0x6f, 0x8d, 0x6f, 0x95, 0x6f, 0x95, 0x6f, 
	0x95, 0x6f, 0x95, 0x6f, 0x95, 0x6f, 0x95, 0x6f, 
	0x95, 0x6d, 0x95, 0x2f, 0x8d, 0x6f, 0x95, 0x6f, 
	0x8d, 0x6f, 0x95, 0x6f, 0x95, 0x6f, 0x95, 0x6f, 
	0x8d, 0x6f, 0x8d, 0x6f, 0x8d, 0x6f, 0x8d, 0x6f, 
	0x8d, 0x6f, 0x8d, 0x6f, 0x8d, 0x6f, 0x95, 0x6f, 
	0x8d, 0x6f, 0x8d, 0x6f, 0x8d, 0x6f, 0x95, 0x6f, 
	0x95, 0xb1, 0x95, 0xb1, 0x95, 0xb1, 0x95, 0xb1, 
	0x8d, 0x71, 0x8d, 0x71, 0x95, 0xb1, 0x8d, 0x6f, 
	0x95, 0xb1, 0x95, 0x71, 0x95, 0x6f, 0x95, 0xb1, 
	0x95, 0x6f, 0x95, 0x6f, 0x9d, 0xb1, 0x95, 0x6f, 
	0x95, 0xb1, 0x95, 0xb1, 0x95, 0xb1, 0x95, 0xb1, 
	0x95, 0xb1, 0x8d, 0x6f, 0x8d, 0x6f, 0x95, 0x6f, 
	0x8d, 0x6f, 0x8d, 0x2d, 0x85, 0x2d, 0x8d, 0x6f, 
	0x8d, 0x6f, 0x8d, 0x6f, 0x8d, 0x6f, 0x8d, 0x6f, 
	0x8d, 0x6f, 0x95, 0xb1, 0x95, 0xb1, 0x95, 0xb1, 
	0x95, 0xb1, 0x95, 0xb1, 0x9d, 0xf3, 0x9d, 0xf3, 
	0x95, 0xb1, 0x9d, 0xb1, 0x9d, 0xb1, 0x9d, 0xb1, 
	0x9d, 0xf1, 0x95, 0x71, 0x95, 0xb1, 0x95, 0xb1, 
	0x95, 0xb1, 0x95, 0xf1, 0x95, 0xb1, 0x95, 0xb1, 
	0x95, 0xb1, 0x95, 0xb1, 0x95, 0xb1, 0x95, 0xb1, 
	0x95, 0x71, 0x95, 0x71, 0x95, 0x6f, 0x95, 0xb1, 
	0x95, 0x71, 0x95, 0xb1, 0x95, 0xb1, 0x95, 0xb3, 
	0x95, 0xb1, 0x95, 0xb1, 0x95, 0xb1, 0x8d, 0x71, 
	0x95, 0x71, 0x8d, 0x71, 0x8d, 0x6f, 0x8d, 0x6f, 
	0x95, 0xb1, 0x95, 0x6f, 0x95, 0xb1, 0x95, 0xb1, 
	0x95, 0xb1, 0x9d, 0xb3, 0x9d, 0xf3, 0x9d, 0xf3, 
	0x9d, 0xf3, 0x9d, 0xf3, 0x9d, 0xb3, 0x95, 0xb1, 
	0x95, 0xb1, 0x95, 0xb1, 0x95, 0x6f, 0x95, 0x6f, 
	0x95, 0x6f, 0x8d, 0x6f, 0x8d, 0x6f, 0x8d, 0x6f, 
	0x8d, 0x6f, 0x8d, 0x6f, 0x8d, 0x6f, 0x8d, 0x6f, 
	0x8d, 0x6f, 0x8d, 0xb1, 0x8d, 0xb1, 0x8d, 0x6f, 
	0x8d, 0x6f, 0x95, 0xb1, 0x95, 0xb1, 0x95, 0xb1, 
	0x9d, 0xb1, 0x9d, 0xb1, 0x95, 0x6f, 0x95, 0x6f, 
	0x95, 0x6d, 0x95, 0x6f, 0x8d, 0x6f, 0x95, 0x6f, 
	0x8d, 0x6f, 0x95, 0x6f, 0x95, 0x6f, 0x8d, 0x6f, 
	0x8d, 0x6f, 0x8d, 0x6f, 0x95, 0x6f, 0x8d, 0x6f, 
	0x8d, 0x6f, 0x8d, 0x6f, 0x95, 0x6f, 0x95, 0xb1, 
	0x8d, 0xb1, 0x8d, 0x6f, 0x95, 0x6f, 0x95, 0xaf, 
	0x95, 0xb1, 0x95, 0xb1, 0x95, 0xb1, 0x95, 0xb1, 
	0x8d, 0x71, 0x95, 0xb1, 0x95, 0xb1, 0x95, 0xb1, 
	0x95, 0xb1, 0x95, 0xb1, 0x95, 0xb1, 0x95, 0xb1, 
	0x95, 0xb1, 0x95, 0xb1, 0x9d, 0xb1, 0x9d, 0xb1, 
	0x9d, 0xb1, 0x9d, 0xb1, 0x9d, 0xb1, 0x9d, 0xb1, 
	0x95, 0xb1, 0x95, 0xb1, 0x95, 0xb1, 0x95, 0x6f, 
	0x8d, 0xb1, 0x8d, 0x6f, 0x95, 0xb1, 0x95, 0xb1, 
	0x8d, 0x6f, 0x8d, 0x6f, 0x95, 0xb1, 0x8d, 0xb1, 
	0x95, 0xb1, 0x95, 0xb1, 0x95, 0xb1, 0x95, 0xb1, 
	0x95, 0xb1, 0x95, 0xb1, 0x9d, 0xf3, 0x9d, 0xf3, 
	0xa6, 0x33, 0x9d, 0xf3, 0x9d, 0xf3, 0x9d, 0xb1, 
	0x9d, 0xb1, 0x95, 0xb1, 0x95, 0xb1, 0x95, 0xb1, 
	0x95, 0xb1, 0x95, 0xb1, 0x95, 0xb1, 0x95, 0xb1, 
	0x95, 0xb1, 0x95, 0xb1, 0x95, 0xb1, 0x95, 0xb1, 
	0x95, 0xb1, 0x95, 0xb1, 0x95, 0xb1, 0x95, 0xb1, 
	0x95, 0xb3, 0x95, 0xb1, 0x95, 0xb3, 0x95, 0xb3, 
	0x95, 0xb1, 0x95, 0xb1, 0x8d, 0x71, 0x95, 0xb1, 
	0x8d, 0x71, 0x95, 0x71, 0x8d, 0xb1, 0x8d, 0x6f, 
	0x95, 0xb1, 0x95, 0xb1, 0x95, 0xb1, 0x95, 0xb1, 
	0x95, 0xb1, 0x9d, 0xb1, 0x9d, 0xf3, 0x9d, 0xf3, 
	0x9d, 0xf3, 0x9d, 0xf3, 0x9d, 0xf5, 0x9d, 0xf3, 
	0x9d, 0xf3, 0x95, 0xb1, 0x95, 0xb1, 0x95, 0xb1, 
	0x95, 0xb1, 0x8d, 0x71, 0x8d, 0xb1, 0x8d, 0xb1, 
	0x95, 0xb1, 0x8d, 0x6f, 0x8d, 0x71, 0x95, 0xb1, 
	0x8d, 0xb1, 0x8d, 0xb1, 0x95, 0xb1, 0x95, 0xb1, 
	0x8d, 0xb1, 0x8d, 0xb1, 0x95, 0xb1, 0x95, 0xb1, 
	0x95, 0xb1, 0x95, 0x6f, 0x9d, 0xb1, 0x95, 0x6f, 
	0x95, 0x6f, 0x95, 0x6f, 0x95, 0x6f, 0x95, 0x6f, 
	0x95, 0x6f, 0x95, 0x6f, 0x95, 0xb1, 0x8d, 0x6f, 
	0x8d, 0x6f, 0x95, 0xb1, 0x8d, 0x6f, 0x8d, 0x6f, 
	0x95, 0xb1, 0x95, 0xb1, 0x95, 0xb1, 0x95, 0xb1, 
	0x95, 0xb1, 0x95, 0xb3, 0x95, 0xf3, 0x95, 0xb3, 
	0x95, 0xb1, 0x95, 0xf3, 0x95, 0xb3, 0x95, 0xb3, 
	0x95, 0xb1, 0x95, 0xb1, 0x95, 0xf3, 0x95, 0xf3, 
	0x9d, 0xf3, 0x95, 0xb1, 0x95, 0xb1, 0x9d, 0xb3, 
	0x9d, 0xf3, 0x9d, 0xf3, 0x9d, 0xf3, 0x9d, 0xf3, 
	0x9d, 0xf3, 0x9d, 0xf5, 0x9d, 0xf3, 0x9d, 0xf3, 
	0x9d, 0xf3, 0x9d, 0xb3, 0x95, 0xb1, 0x95, 0xb3, 
	0x8d, 0xb1, 0x95, 0xb1, 0x95, 0xb1, 0x95, 0xb1, 
	0x95, 0xb1, 0x95, 0xb1, 0x95, 0xf3, 0x95, 0xb1, 
	0x95, 0xf3, 0x95, 0xf3, 0x9d, 0xf5, 0x95, 0xf3, 
	0x95, 0xf3, 0x95, 0xf3, 0x9d, 0xf3, 0x9d, 0xf3, 
	0x9d, 0xf3, 0x9d, 0xf3, 0x9d, 0xb3, 0x9d, 0xb3, 
	0x9d, 0xf3, 0x9d, 0xb1, 0x95, 0xb1, 0x9d, 0xb3, 
	0x95, 0xb1, 0x95, 0xb1, 0x95, 0xb1, 0x95, 0xb1, 
	0x95, 0xb1, 0x95, 0xb1, 0x95, 0xb1, 0x95, 0xb1, 
	0x95, 0xb1, 0x9d, 0xf3, 0x9d, 0xf3, 0x9d, 0xf3, 
	0x95, 0xb1, 0x95, 0xf3, 0x95, 0xb3, 0x95, 0xf3, 
	0x95, 0xb3, 0x95, 0xb3, 0x8d, 0xb1, 0x95, 0xb3, 
	0x95, 0xb1, 0x8d, 0x71, 0x95, 0xb1, 0x8d, 0x71, 
	0x9d, 0xf3, 0x95, 0xb1, 0x95, 0xb1, 0x95, 0xb1, 
	0x95, 0xb1, 0x95, 0xb1, 0x9d, 0xf3, 0x9d, 0xf3, 
	0x9d, 0xf3, 0x9d, 0xf3, 0x9e, 0x35, 0x9d, 0xf5, 
	0x9d, 0xf3, 0x95, 0xb1, 0x95, 0xb1, 0x95, 0xb1, 
	0x95, 0xb3, 0x95, 0xb3, 0x95, 0xb1, 0x95, 0xb1, 
	0x95, 0xb1, 0x95, 0xb1, 0x95, 0xb1, 0x95, 0xb1, 
	0x95, 0xb3, 0x95, 0xf3, 0x95, 0xf3, 0x95, 0xb1, 
	0x95, 0xf3, 0x95, 0xb1, 0x9d, 0xf1, 0x95, 0xb1, 
	0x9d, 0xb1, 0x9d, 0xf3, 0x9d, 0xb1, 0x9d, 0xb1, 
	0x9d, 0xb1, 0x9d, 0xb1, 0x95, 0xb1, 0x95, 0xb1, 
	0x95, 0xb1, 0x95, 0xb1, 0x95, 0xb1, 0x95, 0xb1, 
	0x95, 0xb1, 0x95, 0xb1, 0x95, 0xb1, 0x95, 0xb1, 
	0x95, 0xb1, 0x95, 0xf3, 0x95, 0xb1, 0x95, 0xf3, 
	0x95, 0xf3, 0x95, 0xf3, 0x95, 0xf3, 0x95, 0xf3, 
	0x95, 0xf3, 0x95, 0xf3, 0x9d, 0xf5, 0x95, 0xb3, 
	0x9d, 0xf3, 0x9d, 0xf3, 0x9d, 0xf3, 0x9d, 0xf3, 
	0x9d, 0xf3, 0x9d, 0xf3, 0x95, 0xb1, 0x9d, 0xf3, 
	0x9d, 0xf3, 0x9d, 0xf3, 0x9d, 0xf3, 0x9d, 0xf3, 
	0x9d, 0xf5, 0x9e, 0x35, 0xa6, 0x35, 0xa6, 0x35, 
	0xa6, 0x35, 0x9d, 0xb3, 0x95, 0xf3, 0x95, 0xf3, 
	0x95, 0xf3, 0x9d, 0xf3, 0x9d, 0xf3, 0x9d, 0xf3, 
	0x95, 0xf3, 0x9d, 0xf3, 0x95, 0xf3, 0x95, 0xf3, 
	0x9e, 0x35, 0x9e, 0x35, 0x9e, 0x35, 0x9d, 0xf5, 
	0x9e, 0x35, 0x9e, 0x35, 0x9e, 0x35, 0x9d, 0xf3, 
	0x9d, 0xf3, 0xa6, 0x33, 0xa5, 0xf3, 0xa5, 0xf3, 
	0x9d, 0xf3, 0x9d, 0xf3, 0x9d, 0xf3, 0x9d, 0xf3, 
	0x9d, 0xf3, 0x9d, 0xf3, 0x9d, 0xf3, 0x95, 0xb1, 
	0x9d, 0xf3, 0x9d, 0xf3, 0x9d, 0xf3, 0x95, 0xb1, 
	0x9d, 0xf3, 0x9d, 0xf3, 0x9d, 0xf3, 0x9d, 0xf3, 
	0x9e, 0x35, 0x9d, 0xf3, 0x95, 0xf3, 0x95, 0xf3, 
	0x95, 0xf3, 0x95, 0xb3, 0x95, 0xf3, 0x95, 0xf3, 
	0x95, 0xb3, 0x95, 0xb3, 0x95, 0xb1, 0x95, 0xb1, 
	0x9d, 0xf3, 0x9d, 0xf3, 0x9d, 0xb3, 0x9d, 0xf3, 
	0x9d, 0xb3, 0x9d, 0xb3, 0x9d, 0xb3, 0x9d, 0xf3, 
	0x9d, 0xf3, 0x9d, 0xf3, 0x9e, 0x35, 0x9e, 0x35, 
	0x9e, 0x35, 0x9d, 0xf5, 0x95, 0xf3, 0x95, 0xf3, 
	0x95, 0xf3, 0x95, 0xf3, 0x95, 0xf3, 0x95, 0xf3, 
	0x95, 0xf3, 0x95, 0xf3, 0x95, 0xf3, 0x9d, 0xf3, 
	0x9d, 0xf5, 0x95, 0xf3, 0x95, 0xf3, 0x95, 0xf3, 
	0x95, 0xf3, 0x95, 0xf3, 0x9d, 0xf3, 0x9d, 0xf3, 
	0x9d, 0xf3, 0x9d, 0xf3, 0x9d, 0xf3, 0x9d, 0xf3, 
	0xa5, 0xf3, 0xa5, 0xf3, 0x9d, 0xf3, 0x9d, 0xb1, 
	0x9d, 0xf3, 0x95, 0xb3, 0x95, 0xb3, 0x95, 0xb3, 
	0x95, 0xb3, 0x95, 0xb3, 0x95, 0xb3, 0x95, 0xb3, 
	0x95, 0xb3, 0x95, 0xf3, 0x9d, 0xf3, 0x9d, 0xf3, 
	0x9d, 0xf5, 0x9d, 0xf5, 0x95, 0xf3, 0x95, 0xf3, 
	0x95, 0xf5, 0x9e, 0x35, 0x9d, 0xf5, 0x9d, 0xf5, 
	0x9d, 0xf5, 0x9e, 0x35, 0x9d, 0xf5, 0x9d, 0xf5, 
	0x9d, 0xf5, 0x9d, 0xf5, 0x9d, 0xf3, 0x9d, 0xf3, 
	0x9d, 0xf3, 0x9d, 0xf3, 0x9d, 0xf3, 0x9d, 0xf3, 
	0x9d, 0xf5, 0x9e, 0x35, 0xa6, 0x35, 0xa6, 0x35, 
	0xa6, 0x35, 0xa6, 0x35, 0x9d, 0xf5, 0x9d, 0xf5, 
	0x9e, 0x35, 0x9d, 0xf3, 0x9d, 0xf3, 0x9e, 0x35, 
	0x9d, 0xf3, 0x9e, 0x35, 0x9e, 0x35, 0x9e, 0x35, 
	0x9e, 0x37, 0x9e, 0x35, 0x9e, 0x35, 0x96, 0x35, 
	0x9e, 0x35, 0xa6, 0x35, 0x9e, 0x35, 0x9e, 0x35, 
	0xa6, 0x35, 0xa6, 0x35, 0xa6, 0x35, 0xa6, 0x35, 
	0xae, 0x35, 0xa5, 0xf3, 0x9d, 0xf3, 0x9d, 0xf3, 
	0x9d, 0xf5, 0x9d, 0xf5, 0x9d, 0xf5, 0x9e, 0x35, 
	0x9d, 0xf5, 0x9d, 0xf5, 0x9d, 0xf5, 0x9d, 0xf5, 
	0x9d, 0xf5, 0x9d, 0xf5, 0x9e, 0x35, 0x9e, 0x35, 
	0x9e, 0x35, 0x9e, 0x35, 0x9d, 0xf5, 0x9d, 0xf5, 
	0x95, 0xf3, 0x95, 0xf3, 0x95, 0xf3, 0x95, 0xf3, 
	0x95, 0xf3, 0x95, 0xf3, 0x95, 0xb1, 0x95, 0xb1, 
	0x9d, 0xf3, 0x9d, 0xf3, 0x9d, 0xf3, 0x9d, 0xb3, 
	0x9d, 0xb3, 0x9d, 0xf3, 0x9d, 0xb3, 0x9d, 0xf3, 
	0x9d, 0xb3, 0x9d, 0xf3, 0x9d, 0xf5, 0x9e, 0x35, 
	0x9e, 0x35, 0x9e, 0x35, 0x9d, 0xf3, 0x9d, 0xf3, 
	0x9d, 0xf3, 0x9d, 0xf3, 0x9e, 0x35, 0x9e, 0x35, 
	0x9e, 0x35, 0x9e, 0x35, 0x9e, 0x35, 0x9d, 0xf3, 
	0x9d, 0xf5, 0x95, 0xf5, 0x95, 0xf3, 0x95, 0xf3, 
	0x95, 0xf3, 0x95, 0xf3, 0x9d, 0xf3, 0x9d, 0xf3, 
	0x9d, 0xf3, 0x9d, 0xf3, 0xa6, 0x35, 0x9d, 0xf3, 
	0xa6, 0x35, 0x9d, 0xb3, 0x9d, 0xf3, 0x9d, 0xf3, 
	0x9d, 0xf3, 0x95, 0xb3, 0x9d, 0xf3, 0x9d, 0xf3, 
	0x95, 0xb3, 0x9d, 0xf3, 0x9d, 0xf3, 0x9d, 0xf3, 
	0x9d, 0xf3, 0x9d, 0xf3, 0x9e, 0x35, 0x9d, 0xf3, 
	0x9e, 0x35, 0x9e, 0x35, 0x9e, 0x35, 0x9e, 0x35, 
	0x9e, 0x35, 0x9e, 0x35, 0x9e, 0x35, 0x9e, 0x35, 
	0x9e, 0x35, 0x9e, 0x35, 0x9e, 0x35, 0x9e, 0x35, 
	0x9d, 0xf5, 0x9d, 0xf5, 0x9d, 0xf3, 0x9d, 0xf3, 
	0x9d, 0xf3, 0xa6, 0x35, 0x9d, 0xf3, 0x9e, 0x35, 
	0x9d, 0xf3, 0x9e, 0x35, 0x9e, 0x35, 0xa6, 0x35, 
	0xa6, 0x35, 0xa6, 0x35, 0x9e, 0x35, 0x9e, 0x35, 
	0x9e, 0x35, 0x9e, 0x35, 0x9e, 0x35, 0x9e, 0x35, 
	0x9e, 0x37, 0x9e, 0x37, 0x9e, 0x35, 0x9e, 0x35, 
	0x9e, 0x35, 0x9e, 0x37, 0x9e, 0x35, 0x96, 0x35, 
	0x9e, 0x35, 0xa6, 0x35, 0x9e, 0x35, 0x9e, 0x35, 
	0xa6, 0x35, 0xa6, 0x35, 0xae, 0x77, 0xa6, 0x35, 
	0xae, 0x75, 0xa5, 0xf3, 0x9d, 0xf3, 0x9d, 0xf3, 
	0x9e, 0x35, 0x9d, 0xf5, 0x9e, 0x35, 0x9e, 0x35, 
	0x9d, 0xf5, 0x9e, 0x35, 0x9e, 0x35, 0x9e, 0x35, 
	0x9e, 0x35, 0x9e, 0x35, 0x9e, 0x35, 0x9e, 0x35, 
	0x9e, 0x35, 0x9e, 0x35, 0x9e, 0x35, 0x9e, 0x35, 
	0x9d, 0xf5, 0x9e, 0x35, 0x9d, 0xf5, 0x9d, 0xf5, 
	0x95, 0xf3, 0x95, 0xf3, 0x95, 0xf3, 0x95, 0xf3, 
	0x9d, 0xf3, 0x9d, 0xf3, 0x9d, 0xf3, 0x9d, 0xf3, 
	0x9d, 0xf3, 0x9d, 0xf3, 0x9d, 0xf3, 0x9d, 0xf3, 
	0x9d, 0xf3, 0x9d, 0xf3, 0x9e, 0x35, 0x9e, 0x35, 
	0x9e, 0x35, 0xa6, 0x35, 0x9e, 0x35, 0x9e, 0x35, 
	0x9e, 0x35, 0x9e, 0x35, 0x9e, 0x35, 0x9e, 0x35, 
	0x9e, 0x35, 0x9e, 0x35, 0x9e, 0x37, 0x9e, 0x35, 
	0x9e, 0x35, 0x9e, 0x35, 0x96, 0x35, 0x96, 0x35, 
	0x95, 0xf5, 0x95, 0xf5, 0x9d, 0xf5, 0x9d, 0xf5, 
	0x9d, 0xf3, 0x9d, 0xf3, 0xa6, 0x35, 0xa6, 0x35, 
	0xa6, 0x35, 0x9d, 0xf3, 0x9d, 0xf3, 0xa6, 0x35, 
	0xa6, 0x35, 0x9d, 0xf3, 0x9d, 0xf5, 0x9d, 0xf5, 
	0x9e, 0x35, 0x9e, 0x35, 0x9e, 0x35, 0x9d, 0xf5, 
	0x9d, 0xf5, 0x9e, 0x35, 0x9e, 0x35, 0x9e, 0x35, 
	0x9e, 0x35, 0x9e, 0x37, 0x9e, 0x37, 0x9e, 0x37, 
	0x9e, 0x35, 0x9e, 0x35, 0x9e, 0x35, 0x9e, 0x35, 
	0x9e, 0x35, 0x9e, 0x37, 0x9e, 0x35, 0x9e, 0x35, 
	0x9d, 0xf5, 0x9d, 0xf5, 0x9d, 0xf5, 0x9d, 0xf5, 
	0x9d, 0xf3, 0x9d, 0xf5, 0x9d, 0xf3, 0x9d, 0xf3, 
	0x9d, 0xf3, 0xa6, 0x35, 0xa6, 0x35, 0xa6, 0x37, 
	0xa6, 0x77, 0xa6, 0x77, 0xa6, 0x77, 0xa6, 0x37, 
	0x9e, 0x37, 0xa6, 0x77, 0xa6, 0x77, 0xa6, 0x77, 
	0x9e, 0x37, 0xa6, 0x77, 0xa6, 0x77, 0x9e, 0x37, 
	0x9e, 0x37, 0x9e, 0x37, 0x9e, 0x37, 0x9e, 0x37, 
	0x9e, 0x35, 0x9e, 0x35, 0x9e, 0x35, 0x9e, 0x35, 
	0x9e, 0x35, 0x9e, 0x35, 0xa6, 0x35, 0xa6, 0x35, 
	0xa6, 0x35, 0xa6, 0x35, 0xa6, 0x35, 0xa6, 0x35, 
	0xa6, 0x77, 0x9e, 0x35, 0x9e, 0x35, 0x9e, 0x35, 
	0x9e, 0x35, 0xa6, 0x77, 0x9e, 0x35, 0x9e, 0x35, 
	0x9e, 0x35, 0x9e, 0x35, 0x9e, 0x37, 0x9e, 0x37, 
	0x9e, 0x37, 0x9e, 0x37, 0x9e, 0x37, 0x9e, 0x35, 
	0x9e, 0x35, 0x9e, 0x35, 0x9e, 0x35, 0x95, 0xf5, 
	0x9d, 0xf5, 0x9d, 0xf5, 0x9d, 0xf3, 0x9d, 0xf3, 
	0x9d, 0xf3, 0xa6, 0x35, 0x9d, 0xf3, 0x9d, 0xf3, 
	0x9d, 0xf3, 0x9d, 0xf3, 0x9d, 0xf3, 0x9d, 0xf3, 
	0x9d, 0xf3, 0x9d, 0xf3, 0x9e, 0x35, 0xa6, 0x35, 
	0x9e, 0x35, 0x9e, 0x35, 0x9e, 0x35, 0x9e, 0x75, 
	0x9e, 0x35, 0x9e, 0x77, 0xa6, 0x77, 0xa6, 0x77, 
	0xa6, 0x37, 0x9e, 0x35, 0x9e, 0x37, 0x9e, 0x37, 
	0x9e, 0x35, 0x9e, 0x35, 0x9e, 0x37, 0x9e, 0x79, 
	0x9e, 0x35, 0x9e, 0x35, 0x9e, 0x35, 0x9e, 0x35, 
	0x9e, 0x35, 0x9e, 0x35, 0xa6, 0x35, 0xae, 0x77, 
	0x9d, 0xf3, 0x9d, 0xf3, 0xa6, 0x35, 0xa6, 0x35, 
	0xa6, 0x35, 0xa6, 0x35, 0x9e, 0x35, 0x9e, 0x35, 
	0x9e, 0x35, 0x9e, 0x35, 0x9e, 0x35, 0x9e, 0x35, 
	0x9e, 0x35, 0x9e, 0x35, 0x9e, 0x35, 0x9e, 0x35, 
	0x9e, 0x37, 0x9e, 0x37, 0x9e, 0x37, 0x9e, 0x37, 
	0x9e, 0x37, 0x9e, 0x37, 0x9e, 0x35, 0x9e, 0x35, 
	0x9e, 0x37, 0x9e, 0x37, 0x9e, 0x35, 0x9e, 0x35, 
	0x9d, 0xf5, 0xa6, 0x35, 0xa6, 0x35, 0xa5, 0xf5, 
	0x9d, 0xf3, 0x9d, 0xf5, 0x9d, 0xf3, 0x9d, 0xf3, 
	0x9d, 0xf3, 0xa6, 0x35, 0xa6, 0x37, 0xa6, 0x37, 
	0x9e, 0x37, 0xa6, 0x77, 0xa6, 0x77, 0xa6, 0x77, 
	0xa6, 0x77, 0xa6, 0x77, 0xa6, 0x77, 0xa6, 0xb7, 
	0xa6, 0x77, 0xa6, 0x77, 0xa6, 0x77, 0x9e, 0x37, 
	0x9e, 0x77, 0x9e, 0x37, 0x9e, 0x77, 0x9e, 0x77, 
	0x9e, 0x35, 0x9e, 0x35, 0x9e, 0x35, 0x9e, 0x35, 
	0x9e, 0x35, 0x9e, 0x35, 0xa6, 0x35, 0xb6, 0x77, 
	0xa6, 0x35, 0x9d, 0xf5, 0xa6, 0x35, 0xa6, 0x35, 
	0xa6, 0x37, 0x9e, 0x35, 0x9e, 0x35, 0x9e, 0x35, 
	0x9e, 0x35, 0x9e, 0x35, 0x9e, 0x35, 0x9e, 0x35, 
	0x9e, 0x35, 0x9e, 0x35, 0x9e, 0x37, 0x9e, 0x37, 
	0x9e, 0x37, 0x9e, 0x37, 0x9e, 0x37, 0x9e, 0x37, 
	0x9e, 0x35, 0x9e, 0x35, 0x9e, 0x35, 0x9e, 0x35, 
	0x9d, 0xf5, 0x9d, 0xf5, 0x9d, 0xf3, 0x9d, 0xf3, 
	0x9d, 0xf5, 0x9d, 0xf5, 0x9d, 0xf5, 0x9d, 0xf5, 
	0x9d, 0xf3, 0x9d, 0xf3, 0x9d, 0xf3, 0x9d, 0xf3, 
	0x9d, 0xf3, 0xa5, 0xf5, 0x9e, 0x35, 0x9e, 0x35, 
	0x9e, 0x37, 0x9e, 0x37, 0x9e, 0x35, 0xa6, 0x77, 
	0x9e, 0x77, 0xa6, 0x77, 0xa6, 0x77, 0xa6, 0x77, 
	0xa6, 0x77, 0x9e, 0x37, 0x9e, 0x37, 0x9e, 0x37, 
	0x9e, 0x37, 0x9e, 0x37, 0x9e, 0x37, 0x9e, 0x77, 
	0x9e, 0x37, 0x9e, 0x37, 0x9e, 0x35, 0x9e, 0x35, 
	0x9e, 0x35, 0x9e, 0x35, 0x9e, 0x35, 0xa6, 0x37, 
	0xa6, 0x35, 0x9d, 0xf5, 0x9e, 0x35, 0x9e, 0x35, 
	0x9e, 0x35, 0xa6, 0x35, 0x9e, 0x35, 0x9e, 0x35, 
	0x9e, 0x37, 0x9e, 0x37, 0x9e, 0x37, 0x9e, 0x37, 
	0x9e, 0x35, 0x9e, 0x35, 0x9e, 0x77, 0x9e, 0x37, 
	0x9e, 0x37, 0x9e, 0x37, 0x9e, 0x37, 0x9e, 0x77, 
	0x9e, 0x77, 0x9e, 0x37, 0x9e, 0x37, 0x9e, 0x37, 
	0x9e, 0x37, 0x9e, 0x37, 0x9e, 0x37, 0x9e, 0x35, 
	0x9d, 0xf5, 0x9e, 0x35, 0x9d, 0xf5, 0x9d, 0xf5, 
	0xa5, 0xf5, 0x9d, 0xf3, 0x9d, 0xf5, 0x9d, 0xf5, 
	0xa5, 0xf5, 0xa6, 0x35, 0xa6, 0x35, 0xa6, 0x35, 
	0xa6, 0x77, 0xa6, 0x77, 0xa6, 0x77, 0xa6, 0x77, 
	0xa6, 0x77, 0xa6, 0xb9, 0xa6, 0x77, 0xa6, 0x77, 
	0xa6, 0x77, 0x9e, 0x37, 0xa6, 0x77, 0x9e, 0x77, 
	0x9e, 0x77, 0x9e, 0x37, 0x9e, 0x77, 0x9e, 0x77, 
	0x9e, 0x37, 0x9e, 0x37, 0x9e, 0x37, 0x9e, 0x37, 
	0x9e, 0x35, 0x9e, 0x35, 0x9e, 0x35, 0xa6, 0x37, 
	0xa6, 0x35, 0x9d, 0xf5, 0x9e, 0x35, 0x9e, 0x35, 
	0x9e, 0x35, 0xa6, 0x35, 0x9e, 0x35, 0x9e, 0x35, 
	0x9e, 0x37, 0x9e, 0x37, 0x9e, 0x37, 0x9e, 0x37, 
	0x9e, 0x37, 0x9e, 0x37, 0x9e, 0x77, 0x9e, 0x77, 
	0x9e, 0x77, 0x9e, 0x37, 0x9e, 0x37, 0x9e, 0x37, 
	0x9e, 0x37, 0x9e, 0x37, 0x9e, 0x35, 0x9e, 0x35, 
	0x9e, 0x35, 0x9d, 0xf5, 0x9e, 0x35, 0x9d, 0xf5, 
	0x9e, 0x35, 0x9e, 0x35, 0x9d, 0xf5, 0xa6, 0x35, 
	0x9d, 0xf3, 0xa5, 0xf5, 0x9d, 0xf3, 0x9d, 0xf3, 
	0xa6, 0x35, 0xa5, 0xf5, 0x9e, 0x35, 0x9e, 0x35, 
	0x9e, 0x37, 0x9e, 0x77, 0x9e, 0x37, 0xa6, 0x77, 
	0x9e, 0x77, 0xa6, 0x77, 0xae, 0xb7, 0xa6, 0x77, 
	0xa6, 0x77, 0x9e, 0x37, 0xa6, 0x77, 0x9e, 0x37, 
	0x9e, 0x77, 0x9e, 0x77, 0x9e, 0x37, 0x9e, 0x77, 
	0x9e, 0x37, 0x9e, 0x37, 0x9e, 0x35, 0x9e, 0x35, 
	0xa6, 0x35, 0x9e, 0x35, 0x9e, 0x35, 0xa6, 0x37, 
	0xa6, 0x35, 0x9d, 0xf5, 0x9e, 0x35, 0x9e, 0x35, 
	0x9e, 0x35, 0x9e, 0x35, 0x9e, 0x35, 0x9e, 0x35, 
	0x9e, 0x77, 0x9e, 0x37, 0x9e, 0x37, 0x9e, 0x37, 
	0x9e, 0x37, 0x9e, 0x37, 0x9e, 0x37, 0x9e, 0x77, 
	0x9e, 0x37, 0x9e, 0x77, 0x9e, 0x77, 0x9e, 0x77, 
	0x9e, 0x77, 0x9e, 0x77, 0x9e, 0x37, 0x9e, 0x77, 
	0x9e, 0x37, 0x9e, 0x37, 0x9e, 0x37, 0x9e, 0x35, 
	0xa6, 0x37, 0x9e, 0x35, 0xa6, 0x35, 0xa6, 0x35, 
	0xa6, 0x35, 0xa6, 0x35, 0x9d, 0xf5, 0x9d, 0xf5, 
	0xae, 0x35, 0xa6, 0x35, 0xa6, 0x35, 0xa6, 0x35, 
	0x9e, 0x37, 0x9e, 0x37, 0xa6, 0x77, 0xa6, 0x77, 
	0xa6, 0x77, 0xa6, 0xb9, 0xae, 0xb9, 0xae, 0xb9, 
	0xa6, 0x77, 0x9e, 0x37, 0xa6, 0x77, 0xa6, 0x77, 
	0x9e, 0x77, 0x9e, 0x77, 0x9e, 0x77, 0x9e, 0x77, 
	0x9e, 0x37, 0x9e, 0x37, 0x9e, 0x37, 0x9e, 0x37, 
	0x9e, 0x35, 0xa6, 0x35, 0x9e, 0x35, 0xa6, 0x37, 
	0xa6, 0x35, 0x9d, 0xf5, 0x9e, 0x35, 0x9e, 0x35, 
	0x9e, 0x35, 0x9e, 0x35, 0x9e, 0x35, 0x9e, 0x35, 
	0x9e, 0x77, 0x9e, 0x37, 0xa6, 0x37, 0x9e, 0x37, 
	0x9e, 0x37, 0x9e, 0x37, 0x9e, 0x77, 0x9e, 0x77, 
	0x9e, 0x37, 0x9e, 0x77, 0x9e, 0x77, 0x9e, 0x37, 
	0x9e, 0x37, 0x9e, 0x37, 0x9e, 0x35, 0x9e, 0x37, 
	0x9e, 0x35, 0x9e, 0x35, 0x9e, 0x35, 0x9d, 0xf5, 
	0x9e, 0x35, 0x9e, 0x35, 0xa6, 0x35, 0xa6, 0x35, 
	0xa6, 0x35, 0xa6, 0x35, 0x9d, 0xf5, 0xa6, 0x35, 
	0x9d, 0xf5, 0x9d, 0xf5, 0xa6, 0x35, 0x9e, 0x35, 
	0x9e, 0x37, 0x9e, 0x77, 0xa6, 0x77, 0x9e, 0x37, 
	0x9e, 0x77, 0xa6, 0x77, 0xa6, 0x77, 0xa6, 0x77, 
	0x9e, 0x77, 0x9e, 0x77, 0xa6, 0x77, 0x9e, 0x77, 
	0x9e, 0x77, 0x9e, 0x77, 0x9e, 0x77, 0x9e, 0x77, 
	0x9e, 0x77, 0x9e, 0x77, 0x9e, 0x77, 0x9e, 0x37, 
	0x9e, 0x37, 0x9e, 0x37, 0x9e, 0x35, 0x9e, 0x35, 
	0x9e, 0x37, 0x9e, 0x37, 0x9e, 0x37, 0x9e, 0x37, 
	0x9e, 0x37, 0x9e, 0x37, 0x9e, 0x37, 0x9e, 0x37, 
	0x9e, 0x37, 0x9e, 0x37, 0x9e, 0x77, 0x9e, 0x37, 
	0x9e, 0x37, 0x9e, 0x77, 0x9e, 0x77, 0x9e, 0x77, 
	0x9e, 0x77, 0x9e, 0x77, 0x9e, 0x77, 0x9e, 0x77, 
	0x9e, 0x77, 0x9e, 0x77, 0x9e, 0x77, 0x9e, 0x77, 
	0x9e, 0x37, 0x9e, 0x77, 0x9e, 0x37, 0x9e, 0x37, 
	0xa6, 0x35, 0x9e, 0x35, 0xa6, 0x35, 0xa6, 0x35, 
	0xa6, 0x35, 0xa6, 0x35, 0xa6, 0x35, 0xa6, 0x35, 
	0x9d, 0xf5, 0xa6, 0x35, 0xa6, 0x35, 0x9e, 0x35, 
	0x9e, 0x37, 0x9e, 0x77, 0xa6, 0x77, 0x9e, 0x37, 
	0x9e, 0x37, 0xa6, 0x77, 0xa6, 0x77, 0xa6, 0x77, 
	0x9e, 0x77, 0x9e, 0x77, 0xa6, 0x77, 0x9e, 0x77, 
	0x9e, 0x77, 0x9e, 0x77, 0x9e, 0x77, 0x9e, 0x77, 
	0x9e, 0x77, 0x9e, 0x77, 0x9e, 0x77, 0x9e, 0x37, 
	0x9e, 0x37, 0x9e, 0x37, 0x9e, 0x35, 0x9e, 0x35, 
	0x9e, 0x37, 0x9e, 0x37, 0x9e, 0x37, 0x9e, 0x37, 
	0x9e, 0x37, 0x9e, 0x37, 0x9e, 0x37, 0x9e, 0x37, 
	0x9e, 0x77, 0x9e, 0x37, 0x9e, 0x77, 0x9e, 0x77, 
	0x9e, 0x77, 0x9e, 0x77, 0x9e, 0x77, 0x9e, 0x77, 
	0x9e, 0x77, 0x9e, 0x77, 0x9e, 0x77, 0x9e, 0x77, 
	0x9e, 0x77, 0x9e, 0x77, 0x9e, 0x37, 0x9e, 0x37, 
	0x9e, 0x35, 0x9e, 0x35, 0x9e, 0x35, 0x9d, 0xf5, 
	0xa6, 0x77, 0xa6, 0x37, 0xae, 0x77, 0xa6, 0x35, 
	0xa6, 0x35, 0xae, 0x75, 0xa6, 0x35, 0xa6, 0x35, 
	0xa6, 0x35, 0x9d, 0xf5, 0x9e, 0x35, 0x9e, 0x35, 
	0x9e, 0x37, 0x9e, 0x77, 0xa6, 0x77, 0xa6, 0x77, 
	0xa6, 0x77, 0xa6, 0x77, 0xa6, 0x77, 0xa6, 0x77, 
	0xa6, 0x77, 0x9e, 0x77, 0x9e, 0x77, 0x9e, 0x77, 
	0x9e, 0x77, 0xa6, 0x79, 0xa6, 0x79, 0x9e, 0x77, 
	0x9e, 0x77, 0x9e, 0x77, 0x9e, 0x77, 0x9e, 0x37, 
	0x9e, 0x37, 0x9e, 0x37, 0xa6, 0x37, 0x9e, 0x35, 
	0x9e, 0x37, 0x9e, 0x37, 0x9e, 0x37, 0x9e, 0x37, 
	0x9e, 0x37, 0x9e, 0x77, 0x9e, 0x37, 0x9e, 0x37, 
	0x9e, 0x77, 0x9e, 0x37, 0x9e, 0x37, 0x9e, 0x37, 
	0x9e, 0x77, 0x9e, 0x77, 0x9e, 0x77, 0x9e, 0x77, 
	0x9e, 0x77, 0x9e, 0x77, 0x9e, 0x77, 0x9e, 0x77, 
	0x9e, 0x77, 0x9e, 0x77, 0x9e, 0x77, 0x9e, 0x77, 
	0x9e, 0x77, 0x9e, 0x77, 0x9e, 0x37, 0xa6, 0x77, 
	0xa6, 0x77, 0xa6, 0x35, 0xae, 0x77, 0xa6, 0x35, 
	0xa6, 0x35, 0xa6, 0x77, 0xa6, 0x35, 0xa6, 0x35, 
	0xa6, 0x35, 0xa6, 0x35, 0x9e, 0x35, 0x9e, 0x35, 
	0x9e, 0x37, 0x9e, 0x77, 0xa6, 0x77, 0xa6, 0x77, 
	0xa6, 0x77, 0xa6, 0x77, 0xa6, 0x77, 0xa6, 0x77, 
	0xa6, 0x77, 0x9e, 0x77, 0x9e, 0x77, 0x9e, 0x77, 
	0x9e, 0x77, 0xa6, 0x79, 0xa6, 0x79, 0x9e, 0x77, 
	0x9e, 0x77, 0x9e, 0x77, 0x9e, 0x77, 0x9e, 0x37, 
	0x9e, 0x37, 0x9e, 0x37, 0xa6, 0x37, 0x9e, 0x35, 
	0x9e, 0x37, 0x9e, 0x37, 0x9e, 0x37, 0x9e, 0x37, 
	0x9e, 0x37, 0x9e, 0x77, 0x9e, 0x37, 0x9e, 0x37, 
	0x9e, 0x77, 0x9e, 0x37, 0x9e, 0x37, 0x9e, 0x37, 
	0x9e, 0x77, 0x9e, 0x77, 0x9e, 0x77, 0x9e, 0x77, 
	0x9e, 0x77, 0x9e, 0x77, 0x9e, 0x77, 0x9e, 0x37, 
	0x9e, 0x77, 0x9e, 0x77, 0x9e, 0x77, 0x9e, 0x37, 
	0x9e, 0x35, 0x9e, 0x35, 0x9e, 0x35, 0x9e, 0x35, 
	0x9e, 0x37, 0xa6, 0x77, 0xa6, 0x35, 0xa6, 0x35, 
	0xa6, 0x35, 0xb6, 0xb7, 0x9e, 0x35, 0x9e, 0x35, 
	0x9e, 0x37, 0xa6, 0x77, 0x9e, 0x37, 0xa6, 0x77, 
	0xa6, 0x77, 0xa6, 0x77, 0xa6, 0x79, 0xa6, 0xb9, 
	0xa6, 0x77, 0xa6, 0x77, 0xa6, 0x79, 0xa6, 0x79, 
	0x9e, 0x77, 0xa6, 0x77, 0x9e, 0x77, 0x9e, 0x77, 
	0x9e, 0x77, 0xa6, 0x77, 0xa6, 0x79, 0xa6, 0x79, 
	0x9e, 0x77, 0x9e, 0x77, 0x9e, 0x77, 0x9e, 0x77, 
	0x9e, 0x37, 0x9e, 0x37, 0x9e, 0x35, 0x9e, 0x35, 
	0x9e, 0x37, 0x9e, 0x77, 0x9e, 0x37, 0x9e, 0x77, 
	0x9e, 0x77, 0x9e, 0x77, 0x9e, 0x77, 0x9e, 0x77, 
	0x9e, 0x77, 0x9e, 0x77, 0x9e, 0x77, 0x9e, 0x77, 
	0x9e, 0x77, 0x9e, 0x77, 0x9e, 0x77, 0x9e, 0x77, 
	0x9e, 0x77, 0x9e, 0x77, 0x9e, 0x77, 0x9e, 0x77, 
	0x9e, 0x77, 0x9e, 0x77, 0x9e, 0x77, 0x9e, 0x77, 
	0x9e, 0x77, 0x9e, 0x77, 0x9e, 0x77, 0x9e, 0x77, 
	0x9e, 0x37, 0xa6, 0x77, 0xa6, 0x35, 0xa6, 0x35, 
	0xa6, 0x37, 0xb6, 0xb9, 0x9e, 0x35, 0x9e, 0x35, 
	0x9e, 0x37, 0xa6, 0x77, 0x9e, 0x37, 0xa6, 0x77, 
	0xa6, 0x77, 0xa6, 0x77, 0xa6, 0x79, 0xa6, 0xb9, 
	0xa6, 0x77, 0xa6, 0x77, 0xa6, 0x79, 0xa6, 0x79, 
	0x9e, 0x77, 0xa6, 0x77, 0x9e, 0x77, 0x9e, 0x77, 
	0x9e, 0x77, 0xa6, 0x77, 0xa6, 0x79, 0xa6, 0x79, 
	0x9e, 0x77, 0x9e, 0x77, 0x9e, 0x77, 0x9e, 0x77, 
	0x9e, 0x37, 0x9e, 0x37, 0x9e, 0x35, 0x9e, 0x35, 
	0x9e, 0x37, 0x9e, 0x77, 0x9e, 0x37, 0x9e, 0x77, 
	0x9e, 0x77, 0x9e, 0x77, 0x9e, 0x77, 0x9e, 0x77, 
	0x9e, 0x77, 0x9e, 0x77, 0x9e, 0x77, 0x9e, 0x77, 
	0x9e, 0x77, 0x9e, 0x77, 0x9e, 0x77, 0x9e, 0x77, 
	0x9e, 0x77, 0x9e, 0x77, 0x9e, 0x77, 0x9e, 0x77, 
	0x9e, 0x77, 0x9e, 0x77, 0x9e, 0x77, 0x9e, 0x77, 
	0x9e, 0x77, 0x9e, 0x77, 0x9e, 0x37, 0x9e, 0x37, 
	0xa6, 0x37, 0xae, 0x77, 0xa6, 0x35, 0xa6, 0x77, 
	0xa6, 0x35, 0xa6, 0x35, 0x9e, 0x35, 0x9e, 0x35, 
	0x9e, 0x37, 0xa6, 0x77, 0xa6, 0x79, 0xa6, 0x79, 
	0xa6, 0xb9, 0xa6, 0x77, 0xa6, 0x79, 0xa6, 0x79, 
	0xa6, 0xb9, 0xa6, 0x77, 0xa6, 0x79, 0xa6, 0x79, 
	0x9e, 0x77, 0x9e, 0x77, 0x9e, 0x77, 0x9e, 0x77, 
	0x9e, 0x77, 0xa6, 0x77, 0xa6, 0xb9, 0x9e, 0x77, 
	0x9e, 0x77, 0x9e, 0x77, 0x9e, 0x77, 0x9e, 0x77, 
	0x9e, 0x37, 0x9e, 0x37, 0x9e, 0x35, 0x9e, 0x35, 
	0x9e, 0x37, 0x9e, 0x77, 0x9e, 0x77, 0x9e, 0x77, 
	0x9e, 0x77, 0x9e, 0x77, 0x9e, 0x77, 0x9e, 0x77, 
	0x9e, 0x77, 0x9e, 0x77, 0x9e, 0x77, 0x9e, 0x77, 
	0x9e, 0x77, 0x9e, 0x77, 0x9e, 0x77, 0x9e, 0x77, 
	0x9e, 0x77, 0x9e, 0x77, 0x9e, 0x77, 0x9e, 0x77, 
	0x9e, 0x77, 0x9e, 0x77, 0x9e, 0x77, 0x9e, 0x77, 
	0x9e, 0x77, 0x9e, 0x77, 0x9e, 0x77, 0x9e, 0x77, 
	0xa6, 0x37, 0xae, 0x77, 0xa6, 0x35, 0xa6, 0x77, 
	0xa6, 0x37, 0xa6, 0x37, 0x9e, 0x35, 0x9e, 0x35, 
	0x9e, 0x37, 0xa6, 0x77, 0xa6, 0x79, 0xa6, 0x79, 
	0xa6, 0xb9, 0xa6, 0x77, 0xa6, 0x79, 0xa6, 0x79, 
	0xa6, 0x79, 0xa6, 0x77, 0xa6, 0x79, 0xa6, 0x79, 
	0x9e, 0x77, 0x9e, 0x77, 0x9e, 0x77, 0x9e, 0x77, 
	0x9e, 0x77, 0xa6, 0x77, 0xa6, 0xb9, 0x9e, 0x77, 
	0x9e, 0x77, 0x9e, 0x77, 0x9e, 0x77, 0x9e, 0x77, 
	0x9e, 0x37, 0x9e, 0x37, 0x9e, 0x35, 0x9e, 0x35, 
	0x9e, 0x37, 0x9e, 0x77, 0x9e, 0x77, 0x9e, 0x77, 
	0x9e, 0x77, 0x9e, 0x77, 0x9e, 0x77, 0x9e, 0x77, 
	0x9e, 0x77, 0x9e, 0x77, 0x9e, 0x77, 0x9e, 0x77, 
	0x9e, 0x77, 0x9e, 0x77, 0x9e, 0x77, 0x9e, 0x77, 
	0x9e, 0x77, 0x9e, 0x77, 0x9e, 0x77, 0x9e, 0x77, 
	0x9e, 0x77, 0x9e, 0x77, 0x9e, 0x77, 0x9e, 0x77, 
	0x9e, 0x77, 0x9e, 0x77, 0x9e, 0x77, 0x9e, 0x37, 
	0xa6, 0x77, 0xa6, 0x77, 0xae, 0x79, 0xa6, 0x37, 
	0xa6, 0x35, 0x9e, 0x37, 0x9e, 0x37, 0x9e, 0x77, 
	0x9e, 0x77, 0xa6, 0x77, 0xa6, 0x77, 0xa6, 0x79, 
	0xa6, 0xb9, 0xa6, 0x79, 0xa6, 0x79, 0x9e, 0x79, 
	0xa6, 0xb9, 0xa6, 0x79, 0xa6, 0x79, 0x9e, 0x79, 
	0x9e, 0x79, 0x9e, 0x79, 0x9e, 0x79, 0x9e, 0x77, 
	0x9e, 0x77, 0x9e, 0x77, 0x9e, 0x77, 0x9e, 0x77, 
	0x9e, 0x77, 0x9e, 0x77, 0x9e, 0x77, 0x9e, 0x77, 
	0x9e, 0x77, 0x9e, 0x77, 0x9e, 0x77, 0x9e, 0x37, 
	0x9e, 0x77, 0x9e, 0x77, 0x9e, 0x77, 0x9e, 0x77, 
	0x9e, 0x77, 0x9e, 0x77, 0x9e, 0x77, 0x9e, 0x77, 
	0x9e, 0x77, 0x9e, 0x77, 0x9e, 0x77, 0x9e, 0x77, 
	0x9e, 0x77, 0x9e, 0x77, 0x9e, 0x77, 0x9e, 0x77, 
	0x9e, 0x77, 0x9e, 0x77, 0x9e, 0x77, 0x9e, 0x77, 
	0x9e, 0x77, 0x9e, 0x77, 0x9e, 0x77, 0x9e, 0x77, 
	0x9e, 0x77, 0x9e, 0x77, 0x9e, 0x77, 0x9e, 0x77, 
	0xa6, 0x77, 0xa6, 0x77, 0xae, 0x79, 0xa6, 0x37, 
	0xa6, 0x35, 0x9e, 0x37, 0x9e, 0x37, 0x9e, 0x77, 
	0x9e, 0x77, 0xa6, 0x77, 0xa6, 0x77, 0xa6, 0x79, 
	0xa6, 0xb9, 0xa6, 0x79, 0xa6, 0x79, 0x9e, 0x79, 
	0xa6, 0xb9, 0xa6, 0x79, 0xa6, 0x79, 0x9e, 0x79, 
	0x9e, 0x79, 0x9e, 0x79, 0x9e, 0x79, 0x9e, 0x77, 
	0x9e, 0x77, 0x9e, 0x77, 0x9e, 0x77, 0x9e, 0x77, 
	0x9e, 0x77, 0x9e, 0x77, 0x9e, 0x77, 0x9e, 0x77, 
	0x9e, 0x77, 0x9e, 0x77, 0x9e, 0x77, 0x9e, 0x37, 
	0x9e, 0x77, 0x9e, 0x77, 0x9e, 0x77, 0x9e, 0x77, 
	0x9e, 0x77, 0x9e, 0x77, 0x9e, 0x77, 0x9e, 0x77, 
	0x9e, 0x77, 0x9e, 0x77, 0x9e, 0x77, 0x9e, 0x77, 
	0x9e, 0x77, 0x9e, 0x77, 0x9e, 0x77, 0x9e, 0x77, 
	0x9e, 0x77, 0x9e, 0x77, 0x9e, 0x77, 0x9e, 0x77, 
	0x9e, 0x77, 0x9e, 0x77, 0x9e, 0x77, 0x9e, 0x77, 
	0x9e, 0x77, 0x9e, 0x77, 0x9e, 0x77, 0x9e, 0x77, 
	0xa6, 0x37, 0x9e, 0x37, 0xa6, 0x37, 0xa6, 0x37, 
	0x9e, 0x37, 0x9e, 0x37, 0x9e, 0x77, 0x9e, 0x77, 
	0x9e, 0x77, 0x9e, 0x77, 0x9e, 0x77, 0xa6, 0x77, 
	0xa6, 0x79, 0xa6, 0xb9, 0xa6, 0x79, 0x9e, 0x79, 
	0xa6, 0xb9, 0xa6, 0xb9, 0x9e, 0x79, 0xa6, 0x79, 
	0x9e, 0x79, 0x9e, 0x79, 0x9e, 0x79, 0x9e, 0x79, 
	0x9e, 0x77, 0x9e, 0x77, 0x9e, 0x77, 0x9e, 0x77, 
	0x9e, 0x77, 0x9e, 0x77, 0x9e, 0x77, 0x9e, 0x77, 
	0x9e, 0x77, 0x9e, 0x77, 0x9e, 0x77, 0x9e, 0x77, 
	0x9e, 0x77, 0x9e, 0x77, 0x9e, 0x77, 0x9e, 0x77, 
	0x9e, 0x77, 0x9e, 0x77, 0x9e, 0x77, 0x9e, 0x77, 
	0x9e, 0x77, 0x9e, 0x77, 0x9e, 0x77, 0x9e, 0x77, 
	0x9e, 0x77, 0x9e, 0x77, 0x9e, 0x77, 0x9e, 0x77, 
	0x9e, 0x77, 0x9e, 0x77, 0x9e, 0x77, 0x9e, 0x77, 
	0x9e, 0x77, 0x9e, 0x77, 0x9e, 0x77, 0x9e, 0x77, 
	0x9e, 0x77, 0x9e, 0x77, 0x9e, 0x77, 0x9e, 0x77, 
	0xa6, 0x37, 0x9e, 0x37, 0xa6, 0x37, 0xa6, 0x37, 
	0x9e, 0x37, 0x9e, 0x37, 0x9e, 0x77, 0x9e, 0x77, 
	0x9e, 0x77, 0x9e, 0x77, 0x9e, 0x77, 0xa6, 0x77, 
	0xa6, 0x79, 0xa6, 0xb9, 0xa6, 0x79, 0x9e, 0x79, 
	0xa6, 0xb9, 0xa6, 0xb9, 0x9e, 0x79, 0xa6, 0x79, 
	0x9e, 0x79, 0x9e, 0x79, 0x9e, 0x79, 0x9e, 0x79, 
	0x9e, 0x77, 0x9e, 0x77, 0x9e, 0x77, 0x9e, 0x77, 
	0x9e, 0x77, 0x9e, 0x77, 0x9e, 0x77, 0x9e, 0x77, 
	0x9e, 0x77, 0x9e, 0x77, 0x9e, 0x77, 0x9e, 0x77, 
	0x9e, 0x77, 0x9e, 0x77, 0x9e, 0x77, 0x9e, 0x77, 
	0x9e, 0x77, 0x9e, 0x77, 0x9e, 0x77, 0x9e, 0x77, 
	0x9e, 0x77, 0x9e, 0x77, 0x9e, 0x77, 0x9e, 0x77, 
	0x9e, 0x77, 0x9e, 0x77, 0x9e, 0x77, 0x9e, 0x77, 
	0x9e, 0x77, 0x9e, 0x77, 0x9e, 0x77, 0x9e, 0x77, 
	0x9e, 0x77, 0x9e, 0x77, 0x9e, 0x77, 0x9e, 0x77, 
	0x9e, 0x77, 0x9e, 0x77, 0x9e, 0x77, 0x9e, 0x77, 
	0xa6, 0x77, 0x9e, 0x37, 0x9e, 0x35, 0x9e, 0x35, 
	0x9e, 0x35, 0x9e, 0x77, 0x9e, 0x77, 0x9e, 0x77, 
	0x9e, 0x77, 0x9e, 0x79, 0x9e, 0x79, 0x9e, 0x79, 
	0x9e, 0x79, 0x9e, 0x79, 0x9e, 0x79, 0x9e, 0x79, 
	0x9e, 0x79, 0x9e, 0x79, 0x9e, 0x79, 0xa6, 0xb9, 
	0xa6, 0xb9, 0xa6, 0xb9, 0x9e, 0x79, 0x9e, 0x79, 
	0x9e, 0x79, 0x9e, 0x79, 0x9e, 0x79, 0x9e, 0x79, 
	0x9e, 0x79, 0x9e, 0x79, 0x9e, 0x77, 0x9e, 0x77, 
	0x9e, 0x77, 0x9e, 0x77, 0x9e, 0x77, 0x9e, 0x77, 
	0x9e, 0x77, 0x9e, 0x77, 0x9e, 0x77, 0x9e, 0x77, 
	0x9e, 0x77, 0x9e, 0x77, 0x9e, 0x77, 0x9e, 0x77, 
	0x9e, 0x79, 0x9e, 0x79, 0x9e, 0x79, 0x9e, 0x79, 
	0x9e, 0x77, 0x9e, 0x77, 0x9e, 0x79, 0x9e, 0x79, 
	0x9e, 0x79, 0x9e, 0x79, 0x9e, 0x79, 0x9e, 0x77, 
	0x9e, 0x79, 0x9e, 0x79, 0x9e, 0x79, 0x9e, 0x79, 
	0x9e, 0x79, 0x9e, 0x79, 0x9e, 0x79, 0x9e, 0x77, 
	0xa6, 0x77, 0x9e, 0x37, 0x9e, 0x35, 0x9e, 0x35, 
	0x9e, 0x35, 0x9e, 0x77, 0x9e, 0x77, 0x9e, 0x77, 
	0x9e, 0x77, 0x9e, 0x79, 0x9e, 0x79, 0x9e, 0x79, 
	0x9e, 0x79, 0x9e, 0x79, 0x9e, 0x79, 0x9e, 0x79, 
	0x9e, 0x79, 0x9e, 0x79, 0x9e, 0x79, 0xa6, 0xb9, 
	0xa6, 0xb9, 0xa6, 0xb9, 0x9e, 0x79, 0x9e, 0x79, 
	0x9e, 0x79, 0x9e, 0x79, 0x9e, 0x79, 0x9e, 0x79, 
	0x9e, 0x79, 0x9e, 0x79, 0x9e, 0x77, 0x9e, 0x77, 
	0x9e, 0x77, 0x9e, 0x77, 0x9e, 0x77, 0x9e, 0x77, 
	0x9e, 0x77, 0x9e, 0x77, 0x9e, 0x77, 0x9e, 0x77, 
	0x9e, 0x77, 0x9e, 0x77, 0x9e, 0x77, 0x9e, 0x77, 
	0x9e, 0x79, 0x9e, 0x79, 0x9e, 0x79, 0x9e, 0x79, 
	0x9e, 0x77, 0x9e, 0x77, 0x9e, 0x79, 0x9e, 0x79, 
	0x9e, 0x79, 0x9e, 0x79, 0x9e, 0x79, 0x9e, 0x77, 
	0x9e, 0x79, 0x9e, 0x79, 0x9e, 0x79, 0x9e, 0x79, 
	0x9e, 0x79, 0x9e, 0x79, 0x9e, 0x79, 0x9e, 0x77, 
	0x9e, 0x37, 0x9e, 0x37, 0x9e, 0x35, 0x9e, 0x35, 
	0x9e, 0x77, 0x9e, 0x77, 0x9e, 0x77, 0x9e, 0x77, 
	0x9e, 0x79, 0x9e, 0x79, 0x9e, 0x79, 0x9e, 0x79, 
	0x9e, 0x79, 0xa6, 0x79, 0x9e, 0xb9, 0x9e, 0xb9, 
	0x9e, 0x79, 0x9e, 0x79, 0x9e, 0x79, 0x9e, 0x79, 
	0x9e, 0x79, 0x9e, 0x79, 0x9e, 0x79, 0x9e, 0x79, 
	0x9e, 0x79, 0x9e, 0x79, 0x9e, 0x79, 0x9e, 0x79, 
	0x9e, 0x79, 0x9e, 0x79, 0x9e, 0x77, 0x9e, 0x77, 
	0x9e, 0x79, 0x9e, 0x79, 0x9e, 0x77, 0x9e, 0x77, 
	0x9e, 0x77, 0x9e, 0x77, 0x9e, 0x77, 0x9e, 0x77, 
	0x9e, 0x77, 0x9e, 0x77, 0x9e, 0x77, 0x9e, 0x77, 
	0x9e, 0x79, 0x9e, 0x79, 0x9e, 0x79, 0x9e, 0x79, 
	0x9e, 0x79, 0x9e, 0x79, 0x9e, 0x79, 0x9e, 0xb9, 
	0x9e, 0x79, 0x9e, 0x79, 0x9e, 0x79, 0x9e, 0x79, 
	0x9e, 0x79, 0x9e, 0x79, 0x9e, 0x79, 0x9e, 0x79, 
	0x9e, 0x79, 0x9e, 0x79, 0x9e, 0x79, 0x9e, 0x79, 
	0x9e, 0x37, 0x9e, 0x37, 0x9e, 0x35, 0x9e, 0x35, 
	0x9e, 0x77, 0x9e, 0x77, 0x9e, 0x77, 0x9e, 0x77, 
	0x9e, 0x79, 0x9e, 0x79, 0x9e, 0x79, 0x9e, 0x79, 
	0x9e, 0x79, 0xa6, 0x79, 0x9e, 0xb9, 0x9e, 0xb9, 
	0x9e, 0x79, 0x9e, 0x79, 0x9e, 0x79, 0x9e, 0x79, 
	0x9e, 0x79, 0x9e, 0x79, 0x9e, 0x79, 0x9e, 0x79, 
	0x9e, 0x79, 0x9e, 0x79, 0x9e, 0x79, 0x9e, 0x79, 
	0x9e, 0x79, 0x9e, 0x79, 0x9e, 0x77, 0x9e, 0x77, 
	0x9e, 0x79, 0x9e, 0x79, 0x9e, 0x77, 0x9e, 0x77, 
	0x9e, 0x77, 0x9e, 0x77, 0x9e, 0x77, 0x9e, 0x77, 
	0x9e, 0x77, 0x9e, 0x77, 0x9e, 0x77, 0x9e, 0x77, 
	0x9e, 0x79, 0x9e, 0x79, 0x9e, 0x79, 0x9e, 0x79, 
	0x9e, 0x79, 0x9e, 0x79, 0x9e, 0x79, 0x9e, 0xb9, 
	0x9e, 0x79, 0x9e, 0x79, 0x9e, 0x79, 0x9e, 0x79, 
	0x9e, 0x79, 0x9e, 0x79, 0x9e, 0x79, 0x9e, 0x79, 
	0x9e, 0x79, 0x9e, 0x79, 0x9e, 0x79, 0x9e, 0x79, 
	0x9e, 0x77, 0x9e, 0x37, 0x9e, 0x37, 0x9e, 0x37, 
	0x9e, 0x77, 0x9e, 0x77, 0x9e, 0x77, 0x9e, 0x79, 
	0x9e, 0x79, 0x9e, 0x79, 0x9e, 0xb9, 0x9e, 0xb9, 
	0x9e, 0xb9, 0x9e, 0x79, 0x9e, 0xb9, 0x9e, 0xb9, 
	0x9e, 0x79, 0x9e, 0xb9, 0x9e, 0xb9, 0x9e, 0xb9, 
	0x9e, 0x79, 0x9e, 0x79, 0x9e, 0x79, 0x9e, 0x79, 
	0x9e, 0x79, 0x9e, 0xb9, 0x9e, 0x79, 0x9e, 0x79, 
	0x9e, 0x79, 0x9e, 0xb9, 0x9e, 0x79, 0x9e, 0x79, 
	0x9e, 0x79, 0x9e, 0x79, 0x9e, 0x79, 0x9e, 0x79, 
	0x9e, 0x79, 0x9e, 0xb9, 0x9e, 0x79, 0x9e, 0x79, 
	0x9e, 0x79, 0x9e, 0x79, 0x9e, 0x79, 0x9e, 0x79, 
	0x9e, 0x79, 0x9e, 0x79, 0x9e, 0x79, 0x9e, 0x79, 
	0x9e, 0x79, 0x9e, 0x79, 0x9e, 0xb9, 0x9e, 0xb9, 
	0x9e, 0xb9, 0x9e, 0x79, 0x9e, 0x79, 0x9e, 0x79, 
	0x9e, 0x79, 0x9e, 0x79, 0x9e, 0x79, 0x9e, 0x79, 
	0x9e, 0x79, 0x9e, 0x79, 0x9e, 0x79, 0x9e, 0x79, 
	0x9e, 0x77, 0x9e, 0x37, 0x9e, 0x37, 0x9e, 0x37, 
	0x9e, 0x77, 0x9e, 0x77, 0x9e, 0x77, 0x9e, 0x79, 
	0x9e, 0x79, 0x9e, 0x79, 0x9e, 0xb9, 0x9e, 0xb9, 
	0x9e, 0xb9, 0x9e, 0x79, 0x9e, 0xb9, 0x9e, 0xb9, 
	0x9e, 0x79, 0x9e, 0xb9, 0x9e, 0xb9, 0x9e, 0xb9, 
	0x9e, 0x79, 0x9e, 0x79, 0x9e, 0x79, 0x9e, 0x79, 
	0x9e, 0x79, 0x9e, 0xb9, 0x9e, 0x79, 0x9e, 0x79, 
	0x9e, 0x79, 0x9e, 0xb9, 0x9e, 0x79, 0x9e, 0x79, 
	0x9e, 0x79, 0x9e, 0x79, 0x9e, 0x79, 0x9e, 0x79, 
	0x9e, 0x79, 0x9e, 0xb9, 0x9e, 0x79, 0x9e, 0x79, 
	0x9e, 0x79, 0x9e, 0x79, 0x9e, 0x79, 0x9e, 0x79, 
	0x9e, 0x79, 0x9e, 0x79, 0x9e, 0x79, 0x9e, 0x79, 
	0x9e, 0x79, 0x9e, 0x79, 0x9e, 0xb9, 0x9e, 0xb9, 
	0x9e, 0xb9, 0x9e, 0x79, 0x9e, 0x79, 0x9e, 0x79, 
	0x9e, 0x79, 0x9e, 0x79, 0x9e, 0x79, 0x9e, 0x79, 
	0x9e, 0x79, 0x9e, 0x79, 0x9e, 0x79, 0x9e, 0x79, 
	0x9e, 0x77, 0x9e, 0x77, 0x9e, 0x77, 0x9e, 0x77, 
	0x9e, 0x77, 0x9e, 0x77, 0x9e, 0x79, 0x9e, 0x79, 
	0x9e, 0xb9, 0x9e, 0xb9, 0x9e, 0xb9, 0x9e, 0xb9, 
	0x9e, 0x79, 0x9e, 0xb9, 0x9e, 0x79, 0x9e, 0xb9, 
	0x9e, 0xb9, 0x9e, 0xb9, 0x9e, 0xb9, 0x9e, 0xb9, 
	0x9e, 0x79, 0x9e, 0x79, 0x9e, 0x79, 0x9e, 0x79, 
	0x9e, 0xb9, 0x9e, 0xb9, 0x9e, 0x79, 0x9e, 0x79, 
	0x9e, 0x79, 0x9e, 0xb9, 0x9e, 0x79, 0x9e, 0x79, 
	0x9e, 0x79, 0x9e, 0x79, 0x9e, 0x79, 0x9e, 0x79, 
	0x9e, 0xb9, 0x9e, 0xb9, 0x9e, 0xb9, 0x9e, 0xb9, 
	0x9e, 0x79, 0x9e, 0xb9, 0x9e, 0xb9, 0x9e, 0xb9, 
	0x9e, 0x79, 0x9e, 0x79, 0x9e, 0x79, 0x9e, 0xb9, 
	0x9e, 0x79, 0x9e, 0x79, 0x9e, 0xb9, 0x9e, 0xb9, 
	0x9e, 0xb9, 0x9e, 0x79, 0x9e, 0x79, 0x9e, 0x79, 
	0x9e, 0x79, 0x9e, 0x79, 0x9e, 0x79, 0x9e, 0x79, 
	0x9e, 0x79, 0x9e, 0x79, 0x9e, 0x79, 0x9e, 0x79, 
	0x9e, 0x77, 0x9e, 0x77, 0x9e, 0x77, 0x9e, 0x77, 
	0x9e, 0x77, 0x9e, 0x77, 0x9e, 0x79, 0x9e, 0x79, 
	0x9e, 0xb9, 0x9e, 0xb9, 0x9e, 0xb9, 0x9e, 0xb9, 
	0x9e, 0x79, 0x9e, 0xb9, 0x9e, 0x79, 0x9e, 0xb9, 
	0x9e, 0xb9, 0x9e, 0xb9, 0x9e, 0xb9, 0x9e, 0xb9, 
	0x9e, 0x79, 0x9e, 0x79, 0x9e, 0x79, 0x9e, 0x79, 
	0x9e, 0xb9, 0x9e, 0xb9, 0x9e, 0x79, 0x9e, 0x79, 
	0x9e, 0x79, 0x9e, 0xb9, 0x9e, 0x79, 0x9e, 0x79, 
	0x9e, 0x79, 0x9e, 0x79, 0x9e, 0x79, 0x9e, 0x79, 
	0x9e, 0xb9, 0x9e, 0xb9, 0x9e, 0xb9, 0x9e, 0xb9, 
	0x9e, 0x79, 0x9e, 0xb9, 0x9e, 0xb9, 0x9e, 0xb9, 
	0x9e, 0x79, 0x9e, 0x79, 0x9e, 0x79, 0x9e, 0xb9, 
	0x9e, 0x79, 0x9e, 0x79, 0x9e, 0xb9, 0x9e, 0xb9, 
	0x9e, 0xb9, 0x9e, 0x79, 0x9e, 0x79, 0x9e, 0x79, 
	0x9e, 0x79, 0x9e, 0x79, 0x9e, 0x79, 0x9e, 0x79, 
	0x9e, 0x79, 0x9e, 0x79, 0x9e, 0x79, 0x9e, 0x79, 
	0x9e, 0xb9, 0x9e, 0x79, 0x9e, 0x79, 0x9e, 0x79, 
	0x9e, 0x79, 0x9e, 0x79, 0x9e, 0xb9, 0x9e, 0xb9, 
	0x9e, 0xb9, 0x9e, 0xb9, 0x9e, 0xb9, 0x9e, 0xb9, 
	0x9e, 0xb9, 0x9e, 0xb9, 0x9e, 0xb9, 0x9e, 0xb9, 
	0x9e, 0xb9, 0x9e, 0xb9, 0x9e, 0xb9, 0x9e, 0xb9, 
	0x9e, 0xb9, 0x9e, 0xb9, 0x9e, 0xb9, 0x9e, 0xb9, 
	0x9e, 0xb9, 0x9e, 0xb9, 0x9e, 0xb9, 0x9e, 0x79, 
	0x9e, 0x79, 0x9e, 0x79, 0x9e, 0x79, 0x9e, 0x79, 
	0x9e, 0xb9, 0x9e, 0xb9, 0x9e, 0xb9, 0x9e, 0xb9, 
	0x9e, 0xb9, 0x9e, 0xb9, 0x9e, 0xb9, 0x9e, 0xb9, 
	0x9e, 0xb9, 0x9e, 0xb9, 0x9e, 0xb9, 0x9e, 0xb9, 
	0x9e, 0xb9, 0x9e, 0xb9, 0x9e, 0xb9, 0x9e, 0xb9, 
	0x9e, 0x79, 0x9e, 0x79, 0x9e, 0xb9, 0x9e, 0xb9, 
	0x9e, 0xb9, 0x9e, 0x79, 0x9e, 0x79, 0x9e, 0x79, 
	0x9e, 0x79, 0x9e, 0xb9, 0x9e, 0xb9, 0x9e, 0xb9, 
	0x9e, 0xb9, 0x9e, 0xb9, 0x9e, 0xb9, 0x9e, 0xb9, 
	0x9e, 0xb9, 0x9e, 0x79, 0x9e, 0x79, 0x9e, 0x79, 
	0x9e, 0x79, 0x9e, 0x79, 0x9e, 0xb9, 0x9e, 0xb9, 
	0x9e, 0xb9, 0x9e, 0xb9, 0x9e, 0xb9, 0x9e, 0xb9, 
	0x9e, 0xb9, 0x9e, 0xb9, 0x9e, 0xb9, 0x9e, 0xb9, 
	0x9e, 0xb9, 0x9e, 0xb9, 0x9e, 0xb9, 0x9e, 0xb9, 
	0x9e, 0xb9, 0x9e, 0xb9, 0x9e, 0xb9, 0x9e, 0xb9, 
	0x9e, 0xb9, 0x9e, 0xb9, 0x9e, 0xb9, 0x9e, 0x79, 
	0x9e, 0x79, 0x9e, 0x79, 0x9e, 0x79, 0x9e, 0x79, 
	0x9e, 0xb9, 0x9e, 0xb9, 0x9e, 0xb9, 0x9e, 0xb9, 
	0x9e, 0xb9, 0x9e, 0xb9, 0x9e, 0xb9, 0x9e, 0xb9, 
	0x9e, 0xb9, 0x9e, 0xb9, 0x9e, 0xb9, 0x9e, 0xb9, 
	0x9e, 0xb9, 0x9e, 0xb9, 0x9e, 0xb9, 0x9e, 0xb9, 
	0x9e, 0x79, 0x9e, 0x79, 0x9e, 0xb9, 0x9e, 0xb9, 
	0x9e, 0xb9, 0x9e, 0x79, 0x9e, 0x79, 0x9e, 0x79, 
	0x9e, 0x79, 0x9e, 0xb9, 0x9e, 0xb9, 0x9e, 0xb9, 
	0x9e, 0xb9, 0x9e, 0xb9, 0x9e, 0xb9, 0x9e, 0xb9, 
	0x9e, 0xb9, 0x9e, 0xb9, 0x9e, 0xb9, 0x9e, 0xb9, 
	0x9e, 0xb9, 0x9e, 0xb9, 0x9e, 0xb9, 0x9e, 0xb9, 
	0x9e, 0xb9, 0x9e, 0xb9, 0x9e, 0xb9, 0x9e, 0xb9, 
	0x9e, 0xb9, 0x9e, 0xb9, 0x9e, 0xb9, 0x9e, 0xb9, 
	0x9e, 0xb9, 0x9e, 0xb9, 0x9e, 0xb9, 0x9e, 0xb9, 
	0x9e, 0xb9, 0x9e, 0xb9, 0x9e, 0xb9, 0x9e, 0xb9, 
	0x9e, 0xb9, 0x9e, 0xb9, 0x9e, 0xb9, 0x9e, 0xb9, 
	0x9e, 0xb9, 0x9e, 0xb9, 0x9e, 0xb9, 0x9e, 0xb9, 
	0x9e, 0xb9, 0x9e, 0xb9, 0x9e, 0xb9, 0x9e, 0xb9, 
	0x9e, 0xb9, 0x9e, 0xb9, 0x9e, 0xb9, 0x9e, 0xb9, 
	0x9e, 0xb9, 0x9e, 0xb9, 0x9e, 0xb9, 0x9e, 0xb9, 
	0x9e, 0xb9, 0x9e, 0xb9, 0x9e, 0xb9, 0x9e, 0xb9, 
	0x9e, 0xb9, 0x9e, 0xb9, 0x9e, 0xb9, 0x9e, 0xb9, 
	0x9e, 0xb9, 0x9e, 0xb9, 0x9e, 0xb9, 0x9e, 0xb9, 
	0x9e, 0xb9, 0x9e, 0xb9, 0x9e, 0xb9, 0x9e, 0xb9, 
	0x9e, 0xb9, 0x9e, 0xb9, 0x9e, 0xb9, 0x9e, 0xb9, 
	0x9e, 0xb9, 0x9e, 0xb9, 0x9e, 0xb9, 0x9e, 0xb9, 
	0x9e, 0xb9, 0x9e, 0xb9, 0x9e, 0xb9, 0x9e, 0xb9, 
	0x9e, 0xb9, 0x9e, 0xb9, 0x9e, 0xb9, 0x9e, 0xb9, 
	0x9e, 0xb9, 0x9e, 0xb9, 0x9e, 0xb9, 0x9e, 0xb9, 
	0x9e, 0xb9, 0x9e, 0xb9, 0x9e, 0xb9, 0x9e, 0xb9, 
	0x9e, 0xb9, 0x9e, 0xb9, 0x9e, 0xb9, 0x9e, 0xb9, 
	0x9e, 0xb9, 0x9e, 0xb9, 0x9e, 0xb9, 0x9e, 0xb9, 
	0x9e, 0xb9, 0x9e, 0xb9, 0x9e, 0xb9, 0x9e, 0xb9, 
	0x9e, 0xb9, 0x9e, 0xb9, 0x9e, 0xb9, 0x9e, 0xb9, 
	0x9e, 0xb9, 0x9e, 0xb9, 0x9e, 0xb9, 0x9e, 0xb9, 
	0x9e, 0xb9, 0x9e, 0xb9, 0x9e, 0xb9, 0x9e, 0xb9, 
	0x9e, 0xb9, 0x9e, 0xb9, 0x9e, 0xb9, 0x9e, 0xb9, 
	0x9e, 0xb9, 0x9e, 0xb9, 0x9e, 0xb9, 0x9e, 0xb9, 
	0x9e, 0xb9, 0x9e, 0xb9, 0x9e, 0xb9, 0x9e, 0xb9, 
	0x9e, 0xb9, 0x9e, 0xb9, 0x9e, 0xb9, 0x9e, 0xb9, 
	0x9e, 0xb9, 0x9e, 0xb9, 0x9e, 0xb9, 0x9e, 0xb9, 
	
};

ALIGNED8 u8 wj_skybox_T_junglenbg2_ci4[] = {
	0x00, 0x00, 0x12, 0x20, 0x13, 0x00, 0x00, 0x00, 
	0x00, 0x00, 0x23, 0x42, 0x22, 0x00, 0x00, 0x22, 
	0x02, 0x22, 0x11, 0x44, 0x11, 0x02, 0x22, 0x20, 
	0x00, 0x20, 0x00, 0x00, 0x00, 0x00, 0x00, 0x00, 
	0x20, 0x00, 0x11, 0x22, 0x11, 0x10, 0x02, 0x00, 
	0x20, 0x00, 0x20, 0x20, 0x22, 0x20, 0x00, 0x22, 
	0x00, 0x22, 0x11, 0x22, 0x22, 0x02, 0x22, 0x20, 
	0x00, 0x20, 0x30, 0x00, 0x00, 0x00, 0x00, 0x00, 
	0x02, 0x00, 0x30, 0x00, 0x00, 0x00, 0x00, 0x20, 
	0x00, 0x00, 0x03, 0x20, 0x22, 0x20, 0x20, 0x00, 
	0x22, 0x22, 0x00, 0x00, 0x02, 0x00, 0x22, 0x00, 
	0x00, 0x22, 0x02, 0x22, 0x00, 0x00, 0x33, 0x00, 
	0x22, 0x00, 0x04, 0x10, 0x00, 0x00, 0x00, 0x02, 
	0x22, 0x22, 0x22, 0x22, 0x22, 0x20, 0x22, 0x22, 
	0x02, 0x22, 0x00, 0x00, 0x02, 0x02, 0x20, 0x00, 
	0x00, 0x22, 0x00, 0x00, 0x00, 0x00, 0x30, 0x00, 
	0x00, 0x00, 0x01, 0x00, 0x02, 0x00, 0x00, 0x22, 
	0x00, 0x22, 0x22, 0x20, 0x22, 0x22, 0x22, 0x22, 
	0x02, 0x20, 0x03, 0x11, 0x00, 0x12, 0x00, 0x12, 
	0x00, 0x20, 0x40, 0x00, 0x00, 0x00, 0x00, 0x00, 
	0x00, 0x20, 0x01, 0x00, 0x00, 0x00, 0x00, 0x02, 
	0x01, 0x22, 0x22, 0x20, 0x22, 0x22, 0x22, 0x22, 
	0x00, 0x20, 0x00, 0x12, 0x00, 0x22, 0x00, 0x11, 
	0x00, 0x02, 0x00, 0x00, 0x00, 0x00, 0x00, 0x00, 
	0x00, 0x00, 0x10, 0x11, 0x00, 0x00, 0x00, 0x00, 
	0x00, 0x02, 0x20, 0x22, 0x02, 0x22, 0x22, 0x22, 
	0x32, 0x21, 0x10, 0x00, 0x12, 0x00, 0x22, 0x11, 
	0x40, 0x00, 0x21, 0x00, 0x00, 0x04, 0x11, 0x11, 
	0x20, 0x00, 0x11, 0x12, 0x00, 0x00, 0x00, 0x00, 
	0x00, 0x22, 0x02, 0x22, 0x22, 0x20, 0x02, 0x22, 
	0x33, 0x11, 0x10, 0x00, 0x11, 0x22, 0x02, 0x11, 
	0x44, 0x10, 0x11, 0x00, 0x03, 0x00, 0x21, 0x11, 
	0x00, 0x30, 0x40, 0x00, 0x00, 0x00, 0x00, 0x02, 
	0x00, 0x00, 0x22, 0x00, 0x00, 0x00, 0x00, 0x22, 
	0x33, 0x00, 0x31, 0x01, 0x20, 0x02, 0x00, 0x21, 
	0x45, 0x43, 0x30, 0x20, 0x30, 0x00, 0x11, 0x11, 
	0x20, 0x00, 0x14, 0x00, 0x00, 0x00, 0x00, 0x00, 
	0x00, 0x00, 0x22, 0x00, 0x20, 0x00, 0x00, 0x00, 
	0x33, 0x00, 0x11, 0x00, 0x20, 0x00, 0x00, 0x41, 
	0x11, 0x33, 0x20, 0x00, 0x00, 0x00, 0x11, 0x11, 
	0x20, 0x00, 0x00, 0x00, 0x00, 0x30, 0x00, 0x00, 
	0x22, 0x00, 0x22, 0x02, 0x00, 0x00, 0x00, 0x00, 
	0x00, 0x00, 0x01, 0x11, 0x22, 0x11, 0x01, 0x11, 
	0x00, 0x00, 0x00, 0x00, 0x00, 0x00, 0x00, 0x00, 
	0x22, 0x03, 0x00, 0x00, 0x00, 0x30, 0x00, 0x00, 
	0x22, 0x00, 0x02, 0x30, 0x00, 0x20, 0x00, 0x00, 
	0x00, 0x00, 0x01, 0x11, 0x22, 0x11, 0x10, 0x44, 
	0x40, 0x00, 0x00, 0x00, 0x00, 0x01, 0x00, 0x00, 
	0x21, 0x11, 0x10, 0x00, 0x00, 0x20, 0x00, 0x02, 
	0x22, 0x00, 0x00, 0x22, 0x02, 0x00, 0x00, 0x00, 
	0x00, 0x00, 0x00, 0x11, 0x22, 0x21, 0x21, 0x11, 
	0x00, 0x00, 0x00, 0x00, 0x11, 0x14, 0x11, 0x00, 
	0x22, 0x11, 0x11, 0x01, 0x30, 0x30, 0x00, 0x00, 
	0x22, 0x00, 0x00, 0x00, 0x20, 0x00, 0x00, 0x00, 
	0x40, 0x02, 0x00, 0x41, 0x21, 0x11, 0x11, 0x11, 
	0x00, 0x00, 0x00, 0x00, 0x00, 0x41, 0x11, 0x00, 
	0x00, 0x11, 0x11, 0x00, 0x00, 0x00, 0x00, 0x22, 
	0x00, 0x02, 0x00, 0x22, 0x00, 0x00, 0x00, 0x00, 
	0x00, 0x11, 0x11, 0x11, 0x04, 0x41, 0x21, 0x11, 
	0x01, 0x10, 0x00, 0x11, 0x11, 0x11, 0x21, 0x00, 
	0x11, 0x11, 0x11, 0x11, 0x00, 0x00, 0x20, 0x22, 
	0x02, 0x61, 0x00, 0x22, 0x03, 0x10, 0x00, 0x00, 
	0x10, 0x33, 0x11, 0x44, 0x46, 0x44, 0x14, 0x40, 
	0x41, 0x00, 0x00, 0x11, 0x11, 0x12, 0x22, 0x00, 
	0x11, 0x11, 0x11, 0x41, 0x12, 0x33, 0x22, 0x20, 
	0x02, 0x21, 0x41, 0x00, 0x21, 0x00, 0x00, 0x00, 
	0x11, 0x41, 0x14, 0x44, 0x64, 0x46, 0x66, 0x66, 
	0x44, 0x11, 0x14, 0x11, 0x16, 0x00, 0x00, 0x21, 
	0x21, 0x11, 0x11, 0x11, 0x11, 0x20, 0x12, 0x02, 
	0x00, 0x61, 0x44, 0x33, 0x12, 0x20, 0x03, 0x00, 
	0x11, 0x44, 0x44, 0x44, 0x64, 0x44, 0x44, 0x64, 
	0x44, 0x66, 0x40, 0x16, 0x16, 0x41, 0x00, 0x11, 
	0x11, 0x21, 0x11, 0x11, 0x11, 0x00, 0x12, 0x00, 
	0x00, 0x04, 0x17, 0x00, 0x00, 0x00, 0x00, 0x00, 
	0x11, 0x44, 0x66, 0x64, 0x44, 0x44, 0x44, 0x44, 
	0x44, 0x44, 0x66, 0x66, 0x66, 0x41, 0x11, 0x11, 
	0x12, 0x14, 0x41, 0x22, 0x11, 0x03, 0x22, 0x02, 
	0x00, 0x00, 0x11, 0x40, 0x03, 0x00, 0x00, 0x00, 
	0x11, 0x14, 0x64, 0x48, 0x84, 0x44, 0x44, 0x44, 
	0x47, 0x44, 0x06, 0x46, 0x44, 0x44, 0x11, 0x14, 
	0x12, 0x14, 0x41, 0x11, 0x11, 0x11, 0x22, 0x00, 
	0x11, 0x14, 0x30, 0x03, 0x03, 0x00, 0x01, 0x21, 
	0x11, 0x14, 0x66, 0x47, 0x74, 0x77, 0x44, 0x44, 
	0x44, 0x44, 0x44, 0x44, 0x46, 0x46, 0x11, 0x11, 
	0x11, 0x14, 0x41, 0x14, 0x11, 0x11, 0x22, 0x00, 
	0x11, 0x41, 0x33, 0x00, 0x00, 0x00, 0x11, 0x14, 
	0x44, 0x44, 0x64, 0x44, 0x77, 0x74, 0x44, 0x44, 
	0x44, 0x47, 0x44, 0x44, 0x46, 0x66, 0x11, 0x11, 
	0x21, 0x11, 0x11, 0x11, 0x11, 0x11, 0x21, 0x11, 
	0x11, 0x61, 0x10, 0x00, 0x23, 0x30, 0x10, 0x01, 
	0x00, 0x04, 0x46, 0x66, 0x55, 0x55, 0x44, 0x44, 
	0x44, 0x47, 0x44, 0x46, 0x46, 0x66, 0x11, 0x14, 
	0x44, 0x11, 0x11, 0x11, 0x12, 0x22, 0x21, 0x11, 
	0x11, 0x11, 0x11, 0x30, 0x20, 0x30, 0x00, 0x01, 
	0x10, 0x44, 0x44, 0x66, 0x55, 0x55, 0x54, 0x88, 
	0x44, 0x44, 0x44, 0x44, 0x64, 0x66, 0x11, 0x44, 
	0x11, 0x66, 0x11, 0x11, 0x11, 0x12, 0x11, 0x41, 
	0x11, 0x11, 0x11, 0x00, 0x00, 0x11, 0x12, 0x21, 
	0x14, 0x44, 0x44, 0x45, 0x59, 0x55, 0x55, 0x47, 
	0x44, 0x66, 0x44, 0x64, 0x66, 0x66, 0x11, 0x61, 
	0x11, 0x66, 0x66, 0x61, 0x26, 0x11, 0x16, 0x01, 
	0x14, 0x14, 0x11, 0x00, 0x00, 0x11, 0x22, 0x22, 
	0x14, 0x44, 0x44, 0x45, 0x55, 0x55, 0xaa, 0x47, 
	0x49, 0x56, 0x44, 0x46, 0x66, 0x66, 0x11, 0x61, 
	0x11, 0x11, 0x66, 0x11, 0x11, 0x11, 0x41, 0x11, 
	0x11, 0x11, 0x41, 0x11, 0x11, 0x11, 0x21, 0x11, 
	0x11, 0x16, 0x66, 0x65, 0x55, 0x55, 0x55, 0x55, 
	0x56, 0x74, 0x44, 0x44, 0x65, 0x66, 0x11, 0x11, 
	0x11, 0x11, 0x66, 0x11, 0x44, 0x11, 0x41, 0x01, 
	0x11, 0x11, 0x11, 0x11, 0x11, 0x11, 0x11, 0x14, 
	0x11, 0x66, 0x66, 0x65, 0x55, 0x55, 0x55, 0x55, 
	0x55, 0x57, 0x46, 0x44, 0x66, 0x66, 0x11, 0x11, 
	0x66, 0x66, 0x66, 0x66, 0x16, 0x11, 0x66, 0x44, 
	0x11, 0x11, 0x21, 0x14, 0x11, 0x12, 0x11, 0x11, 
	0x66, 0x66, 0x65, 0x55, 0x55, 0x55, 0x55, 0x55, 
	0x99, 0x56, 0x56, 0x44, 0x66, 0x66, 0x66, 0x66, 
	0x66, 0x66, 0x66, 0x66, 0x11, 0x11, 0x66, 0x44, 
	0x11, 0x44, 0x11, 0x42, 0x11, 0x11, 0x11, 0x16, 
	0x66, 0x44, 0x55, 0x55, 0x55, 0x55, 0x55, 0x56, 
	0x95, 0x55, 0x66, 0x77, 0x66, 0x66, 0x66, 0x66, 
	0x66, 0x66, 0x66, 0x66, 0x66, 0x66, 0x66, 0x16, 
	0x11, 0x41, 0x21, 0x12, 0x11, 0x11, 0x14, 0x66, 
	0xa4, 0x47, 0x5a, 0xa5, 0xa5, 0x55, 0x58, 0x56, 
	0x55, 0x95, 0x65, 0x55, 0x66, 0x64, 0x66, 0x61, 
	0x66, 0x66, 0x66, 0x66, 0x66, 0x66, 0x66, 0x11, 
	0x11, 0x44, 0x11, 0x11, 0x11, 0x11, 0x44, 0x65, 
	0x55, 0x57, 0xaa, 0x55, 0x95, 0x55, 0x55, 0x95, 
	0x55, 0x99, 0x56, 0x55, 0x56, 0x46, 0x66, 0x16, 
	0x46, 0x64, 0x66, 0x66, 0x66, 0x46, 0x66, 0x66, 
	0x11, 0x41, 0x11, 0x11, 0x11, 0x11, 0x66, 0x6a, 
	0xa5, 0x55, 0xaa, 0x5a, 0xa9, 0x74, 0x56, 0x56, 
	0x65, 0x55, 0x56, 0x66, 0x56, 0x66, 0x66, 0x44, 
	0x64, 0x44, 0x46, 0x66, 0x64, 0x46, 0x66, 0x66, 
	0x66, 0x44, 0x11, 0x11, 0x41, 0x14, 0x16, 0x65, 
	0xa5, 0x58, 0x5a, 0x55, 0xa9, 0x77, 0x55, 0x65, 
	0x66, 0x55, 0x56, 0x66, 0x56, 0x66, 0x66, 0x64, 
	0x66, 0x64, 0x64, 0x66, 0x44, 0x44, 0x66, 0x64, 
	0x66, 0x61, 0x11, 0x11, 0x41, 0x11, 0x46, 0x64, 
	0x55, 0x88, 0x99, 0x55, 0x55, 0x55, 0x55, 0x65, 
	0x65, 0x55, 0x56, 0x66, 0x46, 0x66, 0x46, 0x44, 
	0x65, 0x44, 0x66, 0x66, 0x89, 0x55, 0x56, 0x46, 
	0x66, 0x16, 0x11, 0x16, 0x11, 0x11, 0x46, 0x68, 
	0x56, 0x48, 0x9a, 0x55, 0x55, 0x95, 0x56, 0x65, 
	0x55, 0x95, 0x55, 0x55, 0x65, 0x66, 0x46, 0x44, 
	0x65, 0x66, 0x66, 0x44, 0x55, 0xaa, 0x48, 0x56, 
	0x66, 0x66, 0x64, 0x44, 0x16, 0x11, 0x16, 0x66, 
	0x66, 0x5a, 0xa5, 0x58, 0x55, 0x55, 0x55, 0x65, 
	0x95, 0x95, 0x55, 0x55, 0x46, 0x66, 0x44, 0x66, 
	0x55, 0x56, 0x56, 0x47, 0xab, 0xa5, 0x46, 0x66, 
	0x46, 0x66, 0x64, 0x44, 0x46, 0x11, 0x11, 0x66, 
	0x65, 0xa9, 0xa5, 0x55, 0x55, 0x55, 0x55, 0x55, 
	0x99, 0x95, 0x99, 0x99, 0x74, 0x56, 0x44, 0x66, 
	0x55, 0x55, 0x66, 0x44, 0x59, 0xa5, 0x54, 0x84, 
	0x66, 0x66, 0x66, 0x66, 0x66, 0x66, 0x66, 0x66, 
	0x59, 0xca, 0x95, 0x55, 0x88, 0x79, 0x55, 0x55, 
	0x55, 0x55, 0x59, 0x99, 0x95, 0x65, 0x56, 0x66, 
	0x55, 0x55, 0x55, 0x89, 0x55, 0x55, 0x55, 0x98, 
	0x66, 0x46, 0x66, 0x66, 0x66, 0x66, 0x66, 0x68, 
	0x59, 0xca, 0x95, 0x55, 0x44, 0x77, 0x95, 0x55, 
	0x55, 0x55, 0x55, 0x99, 0x95, 0x59, 0x95, 0x65, 
	0x55, 0x55, 0x99, 0x95, 0x9a, 0xa5, 0x99, 0x95, 
	0x77, 0x84, 0x65, 0x44, 0x66, 0x66, 0x66, 0x55, 
	0x99, 0x55, 0xc5, 0x74, 0x77, 0x55, 0x99, 0x55, 
	0x59, 0x55, 0x55, 0x55, 0x99, 0x55, 0x55, 0x55, 
	0xcc, 0x55, 0x99, 0x99, 0x9a, 0x5a, 0xa9, 0x55, 
	0xc5, 0x98, 0x56, 0x55, 0x66, 0x44, 0x66, 0x59, 
	0x95, 0x55, 0xc5, 0x77, 0x77, 0x55, 0x99, 0xcc, 
	0x95, 0x55, 0x55, 0x55, 0x99, 0x55, 0x55, 0x55, 
	0xcc, 0xcc, 0x55, 0x95, 0x55, 0x5a, 0xaa, 0x99, 
	0x55, 0x55, 0x55, 0x66, 0x86, 0x56, 0x55, 0x59, 
	0x55, 0x55, 0x55, 0xaa, 0x55, 0x55, 0x55, 0x55, 
	0x55, 0x95, 0x55, 0x55, 0x55, 0x55, 0x55, 0x99, 
	0xcc, 0xcc, 0xcc, 0x95, 0x55, 0xaa, 0xaa, 0xa5, 
	0x55, 0x99, 0x55, 0x95, 0x88, 0x55, 0x99, 0x99, 
	0x55, 0x5c, 0x55, 0x9a, 0x55, 0x55, 0x55, 0x55, 
	0x55, 0x55, 0x55, 0x55, 0x55, 0x59, 0xcc, 0x99, 
	0xcc, 0xcc, 0xcc, 0xc5, 0x99, 0xaa, 0xb9, 0xab, 
	0xaa, 0xc5, 0x59, 0x58, 0x55, 0x55, 0x99, 0x5c, 
	0xcc, 0xcc, 0xcc, 0xaa, 0x55, 0x55, 0x59, 0x99, 
	0x99, 0x95, 0x55, 0x55, 0x5c, 0xcc, 0xcc, 0xc9, 
	0xcc, 0x9c, 0x99, 0xcc, 0x55, 0xcc, 0x99, 0xaa, 
	0xaa, 0x9c, 0x99, 0x5c, 0xc5, 0x59, 0x99, 0xcc, 
	0xcc, 0x99, 0xcc, 0x9a, 0x55, 0xa5, 0x99, 0x99, 
	0x95, 0x99, 0x55, 0x59, 0xcc, 0xcc, 0xc9, 0x9c, 
	0xcc, 0xdc, 0xcc, 0xc5, 0x55, 0x55, 0x55, 0x59, 
	0xaa, 0xbc, 0x5c, 0xcc, 0xcc, 0xc9, 0xcc, 0xcc, 
	0xcc, 0x99, 0xcc, 0x99, 0xab, 0x5a, 0x55, 0x55, 
	0xc5, 0x55, 0x55, 0x5c, 0xcd, 0xdc, 0xcc, 0xcc, 
	0xcc, 0xdd, 0xbc, 0xc5, 0x55, 0x55, 0x55, 0x59, 
	0xaa, 0xbb, 0xcc, 0x99, 0x99, 0x99, 0xcc, 0xcc, 
	0x99, 0x99, 0xcc, 0x9a, 0xa5, 0xaa, 0x55, 0xc5, 
	0xcc, 0xcc, 0x5c, 0xcc, 0xdd, 0xdd, 0xdc, 0xdc, 
	0xdd, 0xca, 0xcc, 0x59, 0x55, 0x55, 0x55, 0x55, 
	0xab, 0xbb, 0xbb, 0xbb, 0xbb, 0xbb, 0xcc, 0xcc, 
	0xdd, 0xdd, 0xcc, 0xc9, 0x9a, 0x55, 0x9a, 0xcc, 
	0xcc, 0xcb, 0x9c, 0xdd, 0xcc, 0xcc, 0xcc, 0xcc, 
	0xdd, 0xcc, 0xbc, 0x99, 0x55, 0x55, 0x55, 0x55, 
	0xbb, 0xbb, 0xbb, 0xbb, 0xbb, 0xbb, 0xbb, 0xcc, 
	0xdd, 0xdd, 0xca, 0x9c, 0xaa, 0x55, 0xaa, 0xbc, 
	0xcc, 0xcc, 0x99, 0xdd, 0xcc, 0xdd, 0xdc, 0xcc, 
	0xcc, 0xcc, 0xdc, 0x55, 0x55, 0x55, 0x55, 0x55, 
	0x99, 0xbb, 0xbb, 0xbb, 0xbb, 0xdd, 0xdd, 0xdc, 
	0xdd, 0xdc, 0x9c, 0x9c, 0xaa, 0x5c, 0x99, 0x99, 
	0xdd, 0xcc, 0xcc, 0xcc, 0xdd, 0xdd, 0xdd, 0xdc, 
	0xdc, 0xcc, 0xdd, 0x55, 0x55, 0x55, 0x55, 0x55, 
	0xc9, 0xbb, 0xbb, 0xbb, 0xbb, 0xdd, 0xad, 0xdd, 
	0xcd, 0xdd, 0x99, 0xc9, 0xcc, 0x5c, 0x99, 0x99, 
	0xdd, 0xcc, 0xcc, 0xdd, 0xdd, 0xdd, 0xdd, 0xdd, 
	0xdd, 0xcd, 0xcc, 0x5a, 0x5a, 0x55, 0x55, 0x59, 
	0x5c, 0xbb, 0xbb, 0xbb, 0xdd, 0xdd, 0xbd, 0xdd, 
	0xdd, 0xbd, 0xcc, 0xdd, 0xcc, 0xdd, 0xcc, 0xcc, 
	0xcc, 0xcc, 0xdd, 0xdd, 0xdd, 0xdd, 0xdd, 0xdd, 
	0xdd, 0xcd, 0xaa, 0xab, 0x55, 0xaa, 0x55, 0x99, 
	0xcc, 0xbb, 0xbb, 0xbd, 0xdd, 0xdd, 0xdd, 0xdb, 
	0xbd, 0xdd, 0xcc, 0xdd, 0x99, 0xdd, 0xcd, 0xcc, 
	0xdc, 0xcc, 0xcc, 0xdd, 0xdd, 0xdd, 0xdd, 0xdd, 
	0xdd, 0xdd, 0xbc, 0xbb, 0xb5, 0xbb, 0xcd, 0xba, 
	0xcb, 0xbb, 0xbb, 0xeb, 0xbb, 0xbd, 0xdd, 0xdb, 
	0xbb, 0xdd, 0xdc, 0xcb, 0xdd, 0xdc, 0xdc, 0xdd, 
	0xdd, 0xdd, 0xdd, 0xdd, 0xdd, 0xdd, 0xdd, 0xdd, 
	0xdd, 0xdd, 0xbc, 0xbb, 0xbb, 0xaa, 0xdd, 0xbb, 
	0xbb, 0xbb, 0xbb, 0xbe, 0xbd, 0xdd, 0xde, 0xdb, 
	0xde, 0xdd, 0xdd, 0xbc, 0xdd, 0xdd, 0xdd, 0xdd, 
	0xdd, 0xdd, 0xdd, 0xdd, 0xdd, 0xdd, 0xed, 0xed, 
	0xed, 0xdd, 0xdc, 0xbb, 0xbb, 0x9d, 0xdd, 0xeb, 
	0xbb, 0xbb, 0xdd, 0xbb, 0xdd, 0xdd, 0xdd, 0xdd, 
	0xdd, 0xde, 0xdd, 0xdd, 0xdd, 0xcd, 0xdd, 0xdd, 
	0xdd, 0xdd, 0xdd, 0xdd, 0xde, 0xde, 0xdd, 0xdd, 
	0xee, 0xee, 0xec, 0xbb, 0xbb, 0xdd, 0xdd, 0xee, 
	0xbd, 0xbb, 0xbd, 0xbb, 0xbd, 0xdd, 0xdd, 0xdd, 
	0xdd, 0xee, 0xee, 0xdd, 0xdd, 0xdd, 0xdd, 0xdd, 
	0xdd, 0xed, 0xee, 0xee, 0xee, 0xee, 0xdd, 0xdd, 
	0xdd, 0xdd, 0xdd, 0xbc, 0x99, 0xdd, 0xde, 0xdd, 
	0xdd, 0xbb, 0xdd, 0xdd, 0xbb, 0xbb, 0xdd, 0xdd, 
	0xde, 0xdd, 0xee, 0xde, 0xdd, 0xdd, 0xdd, 0xdd, 
	0xee, 0xdd, 0xde, 0xed, 0xdd, 0xde, 0xdd, 0xed, 
	0xdd, 0xdd, 0xdd, 0xcc, 0x99, 0xdd, 0xde, 0xdd, 
	0xdd, 0xee, 0xed, 0xdd, 0xdd, 0xdd, 0xed, 0xdd, 
	0xdd, 0xdd, 0xdd, 0xdd, 0xdd, 0xdd, 0xdd, 0xdd, 
	0xee, 0xdd, 0xdd, 0xdd, 0xee, 0xdd, 0xdd, 0xdd, 
	0xdd, 0xdd, 0xdd, 0xcc, 0xcd, 0xdd, 0xdd, 0xdd, 
	0xde, 0xed, 0xee, 0xee, 0xee, 0xdd, 0xdd, 0xde, 
	0xdd, 0xed, 0xdd, 0xdd, 0xdd, 0xed, 0xdd, 0xdd, 
	0xdd, 0xdd, 0xdd, 0xdd, 0xee, 0xed, 0xdd, 0xdd, 
	0xdd, 0xdd, 0xdd, 0xed, 0xdd, 0xdd, 0xde, 0xee, 
	0xed, 0xee, 0xde, 0xee, 0xee, 0xdd, 0xed, 0xde, 
	0xdd, 0xde, 0xdd, 0xed, 0xde, 0xee, 0xee, 0xde, 
	0xee, 0xdd, 0xde, 0xde, 0xee, 0xed, 0xdd, 0xdd, 
	0xee, 0xee, 0xee, 0xdd, 0xdd, 0xdd, 0xee, 0xee, 
	0xee, 0xee, 0xee, 0xee, 0xee, 0xee, 0xee, 0xee, 
	0xde, 0xdd, 0xde, 0xee, 0xee, 0xee, 0xee, 0xee, 
	0xee, 0xee, 0xed, 0xde, 0xee, 0xed, 0xde, 0xed, 
	0xee, 0xee, 0xee, 0xee, 0xee, 0xee, 0xee, 0xee, 
	0xee, 0xee, 0xee, 0xee, 0xee, 0xee, 0xee, 0xee, 
	0xee, 0xee, 0xee, 0xee, 0xee, 0xee, 0xee, 0xee, 
	0xee, 0xee, 0xee, 0xee, 0xee, 0xee, 0xee, 0xee, 
	
};

ALIGNED8 u8 wj_skybox_T_junglenbg2_pal_rgba16[] = {
	0x8d, 0x2d, 0x8d, 0x6f, 0x84, 0xed, 0x8d, 0x6d, 
	0x95, 0xaf, 0x9d, 0xf5, 0x95, 0xb1, 0x9d, 0xaf, 
	0x9d, 0xf1, 0x9e, 0x33, 0xae, 0x37, 0xa6, 0x77, 
	0x9e, 0x35, 0x9e, 0x77, 0x9e, 0xb9, 
};

ALIGNED8 u8 wj_skybox_jungle64_6_ci4[] = {
	0x00, 0x00, 0x00, 0x11, 0x00, 0x00, 0x22, 0x22, 
	0x00, 0x30, 0x42, 0x24, 0x44, 0x20, 0x02, 0x22, 
	0x22, 0x52, 0x44, 0x67, 0x66, 0x33, 0x45, 0x55, 
	0x42, 0x22, 0x44, 0x44, 0x22, 0x40, 0x00, 0x44, 
	0x00, 0x08, 0x11, 0x01, 0x00, 0x00, 0x20, 0x02, 
	0x00, 0x00, 0x22, 0x42, 0x02, 0x20, 0x00, 0x02, 
	0x55, 0x55, 0x44, 0x67, 0x73, 0x33, 0x55, 0x55, 
	0x22, 0x00, 0x00, 0x24, 0x42, 0x00, 0x04, 0x44, 
	0x00, 0x00, 0x11, 0x00, 0x00, 0x00, 0x22, 0x20, 
	0x00, 0x00, 0x44, 0x22, 0x44, 0x00, 0x02, 0x22, 
	0x25, 0x55, 0x44, 0x67, 0x76, 0x33, 0x45, 0x55, 
	0x42, 0x02, 0x22, 0x44, 0x42, 0x24, 0x44, 0x42, 
	0x00, 0x00, 0x11, 0x10, 0x00, 0x00, 0x22, 0x22, 
	0x00, 0x00, 0x22, 0x42, 0x20, 0x00, 0x25, 0x53, 
	0x55, 0x35, 0x44, 0x47, 0x63, 0x33, 0x55, 0x55, 
	0x42, 0x22, 0x42, 0x24, 0x42, 0x44, 0x22, 0x40, 
	0x00, 0x00, 0x00, 0x00, 0x00, 0x00, 0x00, 0x00, 
	0x00, 0x00, 0x22, 0x02, 0x22, 0x22, 0x03, 0x33, 
	0x33, 0x33, 0x30, 0x09, 0x04, 0x44, 0x33, 0x33, 
	0x55, 0x50, 0x00, 0x44, 0x44, 0x44, 0x06, 0x60, 
	0x20, 0x00, 0x00, 0x00, 0x00, 0x00, 0x00, 0x00, 
	0x00, 0x22, 0x00, 0x22, 0x55, 0x20, 0x30, 0x33, 
	0x33, 0xa3, 0x33, 0x03, 0x34, 0x33, 0x33, 0x33, 
	0x50, 0x00, 0x22, 0x24, 0x44, 0x44, 0x00, 0x00, 
	0x00, 0x00, 0x00, 0x00, 0x00, 0x00, 0x00, 0x00, 
	0x20, 0x22, 0x22, 0x22, 0x22, 0x22, 0x00, 0x33, 
	0x3a, 0x33, 0x30, 0x00, 0x44, 0x40, 0x03, 0x33, 
	0x55, 0x55, 0x44, 0x44, 0x22, 0x24, 0x40, 0x00, 
	0x00, 0x02, 0x00, 0x80, 0x00, 0x00, 0x00, 0x00, 
	0x22, 0x22, 0x22, 0x02, 0x02, 0x55, 0x03, 0x33, 
	0x33, 0x33, 0x33, 0x33, 0x44, 0x40, 0x00, 0x33, 
	0x55, 0x55, 0x44, 0x42, 0x24, 0x40, 0x00, 0x00, 
	0x22, 0x02, 0x00, 0x00, 0x00, 0x00, 0x52, 0x22, 
	0x24, 0x42, 0x24, 0x20, 0x02, 0x22, 0x22, 0x33, 
	0x43, 0x44, 0x33, 0x33, 0x33, 0x00, 0x04, 0x44, 
	0x44, 0x24, 0x44, 0x44, 0x44, 0x22, 0x00, 0x00, 
	0x00, 0x20, 0x00, 0x00, 0x00, 0x00, 0x02, 0x22, 
	0x02, 0x42, 0x22, 0x22, 0x22, 0x22, 0x25, 0x33, 
	0x33, 0x33, 0x33, 0x33, 0x30, 0x00, 0x00, 0x44, 
	0x44, 0x44, 0x40, 0x40, 0x22, 0x44, 0x00, 0x00, 
	0x22, 0x20, 0x00, 0x00, 0x00, 0x00, 0x50, 0x25, 
	0x02, 0x24, 0x22, 0x20, 0x60, 0x22, 0x55, 0x33, 
	0x43, 0x33, 0x33, 0x33, 0x03, 0x00, 0x44, 0x44, 
	0x44, 0x44, 0x00, 0x00, 0x42, 0x00, 0x00, 0x00, 
	0x22, 0x02, 0x00, 0x00, 0x00, 0x00, 0x02, 0x52, 
	0x20, 0x00, 0x22, 0x00, 0x22, 0x22, 0x22, 0x53, 
	0x34, 0x44, 0x33, 0x33, 0x30, 0x00, 0x44, 0x44, 
	0x44, 0x42, 0x40, 0x44, 0x22, 0x00, 0x00, 0x00, 
	0x00, 0x00, 0x00, 0x00, 0x00, 0x80, 0x00, 0x00, 
	0x00, 0x00, 0x00, 0x40, 0x00, 0x02, 0x00, 0x03, 
	0x33, 0x33, 0x34, 0x43, 0x00, 0x63, 0xa5, 0x33, 
	0x33, 0x33, 0x42, 0x24, 0x40, 0x00, 0x00, 0x00, 
	0x00, 0x80, 0x00, 0x00, 0x00, 0x00, 0x00, 0x00, 
	0x00, 0x00, 0x00, 0x00, 0x02, 0x20, 0x00, 0x03, 
	0x33, 0x33, 0x43, 0x44, 0x36, 0x60, 0x53, 0x33, 
	0x33, 0x33, 0x42, 0x22, 0x00, 0x08, 0x00, 0x00, 
	0x00, 0x00, 0x00, 0x00, 0x00, 0x00, 0x00, 0x00, 
	0x00, 0x00, 0x00, 0x00, 0x00, 0x00, 0x30, 0x33, 
	0x30, 0x33, 0x44, 0x44, 0x30, 0x03, 0x33, 0x33, 
	0x33, 0x33, 0x40, 0x00, 0x00, 0x08, 0x10, 0x00, 
	0x00, 0x00, 0x00, 0x00, 0x00, 0x00, 0x00, 0x00, 
	0x00, 0x00, 0x00, 0x00, 0x00, 0x00, 0x33, 0x33, 
	0x36, 0x03, 0x43, 0x43, 0x33, 0x03, 0x33, 0x35, 
	0x33, 0x33, 0x42, 0x22, 0x00, 0x08, 0x00, 0x00, 
	0x00, 0x01, 0x00, 0x00, 0x00, 0x00, 0x00, 0x00, 
	0x20, 0x22, 0x00, 0x00, 0x03, 0x33, 0x33, 0x33, 
	0x33, 0x33, 0xaa, 0xa3, 0x33, 0x00, 0x33, 0x33, 
	0x33, 0x33, 0x33, 0x30, 0x00, 0x00, 0x11, 0x22, 
	0x00, 0x01, 0x00, 0x00, 0x00, 0x00, 0x00, 0x00, 
	0x24, 0x02, 0x00, 0x40, 0x33, 0x30, 0x33, 0x33, 
	0xa3, 0x3a, 0xaa, 0x43, 0x33, 0x03, 0x33, 0x30, 
	0x04, 0x44, 0x33, 0x00, 0x00, 0x00, 0x22, 0x12, 
	0x00, 0x01, 0x00, 0x00, 0x00, 0x00, 0x00, 0x00, 
	0x22, 0x22, 0x40, 0x00, 0x33, 0x33, 0x33, 0x33, 
	0xa3, 0xaa, 0xaa, 0xa3, 0x30, 0x00, 0x33, 0x36, 
	0x04, 0x33, 0x33, 0x30, 0x00, 0x00, 0x21, 0x22, 
	0x00, 0x00, 0x00, 0x00, 0x00, 0x00, 0x00, 0x00, 
	0x22, 0x24, 0x44, 0x40, 0x33, 0x33, 0x33, 0x33, 
	0xaa, 0x33, 0xa3, 0xa3, 0x33, 0x33, 0x33, 0x33, 
	0x33, 0x44, 0x33, 0x30, 0x00, 0x00, 0x22, 0x22, 
	0x22, 0x00, 0x00, 0x00, 0x00, 0x00, 0x02, 0x02, 
	0x02, 0x44, 0x30, 0x00, 0x33, 0x33, 0x33, 0x33, 
	0x00, 0x03, 0x33, 0x33, 0x33, 0x33, 0x33, 0x35, 
	0xaa, 0xa6, 0x00, 0x00, 0x00, 0x44, 0x20, 0x00, 
	0x22, 0x00, 0x00, 0x00, 0x00, 0x00, 0x20, 0x00, 
	0x44, 0x22, 0x03, 0x33, 0xa3, 0x33, 0x33, 0x33, 
	0x00, 0x03, 0x33, 0x44, 0x55, 0x53, 0x53, 0x3a, 
	0x66, 0xaa, 0x30, 0x00, 0x04, 0x44, 0x02, 0x02, 
	0x42, 0x00, 0x00, 0x00, 0x00, 0x00, 0x02, 0x00, 
	0x22, 0x24, 0x03, 0x33, 0x33, 0x34, 0x33, 0x33, 
	0x33, 0x33, 0x34, 0x43, 0x20, 0x52, 0xa3, 0x35, 
	0xaa, 0xaa, 0x03, 0x30, 0x04, 0x04, 0x22, 0x22, 
	0x22, 0x22, 0x00, 0x00, 0x00, 0x04, 0x02, 0x20, 
	0x42, 0x20, 0x03, 0x33, 0x3a, 0x33, 0x33, 0x33, 
	0x33, 0x33, 0x34, 0x33, 0x05, 0x20, 0xaa, 0x33, 
	0xaa, 0xaa, 0x30, 0x00, 0x04, 0x44, 0x22, 0x22, 
	0x42, 0x00, 0x00, 0x00, 0x20, 0x04, 0x20, 0x20, 
	0x22, 0x62, 0x44, 0x00, 0x00, 0x33, 0x30, 0x03, 
	0x30, 0x33, 0x33, 0x33, 0x33, 0x03, 0x33, 0x33, 
	0x33, 0x33, 0x33, 0x00, 0x02, 0x24, 0x22, 0x42, 
	0x20, 0x00, 0x00, 0x00, 0x24, 0x40, 0x22, 0x02, 
	0x22, 0x02, 0x00, 0x00, 0x00, 0x33, 0x33, 0x33, 
	0x09, 0x03, 0x33, 0x33, 0x33, 0x30, 0x33, 0x33, 
	0x33, 0x33, 0x33, 0x00, 0x44, 0x44, 0x02, 0x22, 
	0x00, 0x00, 0x00, 0x00, 0x22, 0x20, 0x08, 0x02, 
	0x02, 0x66, 0x04, 0x00, 0x03, 0x33, 0x30, 0x36, 
	0x39, 0x03, 0x33, 0x33, 0x33, 0x03, 0x33, 0x33, 
	0x33, 0x33, 0x33, 0x30, 0x22, 0x40, 0x20, 0x02, 
	0x20, 0x00, 0x00, 0x00, 0x22, 0x00, 0x00, 0x00, 
	0x00, 0x00, 0x00, 0x00, 0x03, 0x30, 0x00, 0x06, 
	0x03, 0x33, 0x33, 0x33, 0x33, 0x36, 0x33, 0x33, 
	0x33, 0x33, 0x33, 0x00, 0x02, 0x44, 0x00, 0x00, 
	0x00, 0x00, 0x00, 0x24, 0x00, 0x00, 0x00, 0x88, 
	0x00, 0x03, 0x00, 0x00, 0x00, 0x40, 0x00, 0x66, 
	0x00, 0x00, 0x33, 0x33, 0x33, 0x39, 0x03, 0x33, 
	0x52, 0x25, 0x55, 0x20, 0x00, 0x00, 0x22, 0x22, 
	0x00, 0x00, 0x42, 0x02, 0x00, 0x00, 0x00, 0x00, 
	0x00, 0x00, 0x00, 0x00, 0x00, 0x40, 0x04, 0x04, 
	0x00, 0x00, 0x33, 0x33, 0x33, 0x33, 0x33, 0x33, 
	0x22, 0x25, 0x55, 0x55, 0x61, 0x10, 0x22, 0x22, 
	0x00, 0x00, 0x20, 0x00, 0x00, 0x00, 0x00, 0x00, 
	0x00, 0x00, 0x00, 0x00, 0x00, 0x40, 0x04, 0x06, 
	0x60, 0x00, 0x33, 0x33, 0x33, 0x33, 0x30, 0x30, 
	0x20, 0x25, 0x53, 0x35, 0x06, 0x86, 0x11, 0x11, 
	0x00, 0x00, 0x00, 0x20, 0x00, 0x00, 0x00, 0x00, 
	0x01, 0x00, 0x00, 0x00, 0x00, 0x44, 0x44, 0x46, 
	0x76, 0x66, 0x03, 0x33, 0x33, 0x33, 0x30, 0x66, 
	0x02, 0x22, 0x55, 0x33, 0x08, 0x60, 0x16, 0x66, 
	0x00, 0x00, 0x00, 0x00, 0x00, 0x00, 0x00, 0x00, 
	0x40, 0x00, 0x00, 0x00, 0x00, 0x44, 0x33, 0x06, 
	0x66, 0x06, 0x03, 0x33, 0x33, 0x33, 0x36, 0x60, 
	0x00, 0x22, 0x55, 0x22, 0x21, 0x11, 0x00, 0x11, 
	0x00, 0x00, 0x00, 0x00, 0x00, 0x00, 0x00, 0x40, 
	0x02, 0x00, 0x03, 0x30, 0x04, 0x44, 0x00, 0x00, 
	0x66, 0x00, 0x00, 0x33, 0x33, 0x36, 0x33, 0x33, 
	0x22, 0x22, 0x22, 0x22, 0x44, 0x21, 0x01, 0x01, 
	0x00, 0x00, 0x00, 0x00, 0x00, 0x00, 0x00, 0x00, 
	0x02, 0x22, 0x00, 0x33, 0x34, 0x04, 0x30, 0x66, 
	0x60, 0x00, 0x63, 0x33, 0x33, 0x03, 0x30, 0x33, 
	0x22, 0x22, 0x22, 0x22, 0x42, 0x22, 0x00, 0x11, 
	0x00, 0x00, 0x00, 0x00, 0x00, 0x00, 0x00, 0x00, 
	0x22, 0x22, 0x30, 0x33, 0x40, 0x44, 0x30, 0x00, 
	0x66, 0x00, 0x99, 0x93, 0x33, 0x33, 0x33, 0x33, 
	0x22, 0x22, 0x22, 0x22, 0x22, 0x22, 0x01, 0x11, 
	0x00, 0x00, 0x00, 0x00, 0x00, 0x00, 0x04, 0x40, 
	0x44, 0x40, 0x33, 0x33, 0x33, 0x33, 0x33, 0x30, 
	0x60, 0x00, 0x77, 0x76, 0x00, 0x00, 0x33, 0x33, 
	0x32, 0x00, 0x22, 0x22, 0x22, 0x22, 0x11, 0x11, 
	0x40, 0x00, 0x00, 0x00, 0x20, 0x04, 0x40, 0x00, 
	0x44, 0x44, 0x33, 0x33, 0x33, 0x33, 0x00, 0x30, 
	0x00, 0x00, 0x66, 0x77, 0x00, 0x00, 0x33, 0x33, 
	0x52, 0x20, 0x00, 0x02, 0x21, 0x21, 0x11, 0x11, 
	0x00, 0x00, 0x00, 0x00, 0x24, 0x42, 0x04, 0x44, 
	0x00, 0x44, 0x33, 0x33, 0x33, 0x33, 0x30, 0x00, 
	0x00, 0x00, 0x66, 0x66, 0x00, 0x00, 0x33, 0xaa, 
	0x22, 0x00, 0x00, 0x20, 0x22, 0x16, 0x11, 0x11, 
	0x00, 0x00, 0x00, 0x00, 0x22, 0x44, 0x40, 0x00, 
	0x44, 0x04, 0x33, 0x33, 0x33, 0x33, 0x30, 0x00, 
	0x00, 0x66, 0x66, 0x66, 0x93, 0x30, 0x3a, 0xaa, 
	0x25, 0x52, 0x00, 0x00, 0x21, 0x66, 0x11, 0x11, 
	0x00, 0x00, 0x00, 0x00, 0x00, 0x04, 0x40, 0x40, 
	0x33, 0x03, 0x33, 0x33, 0x40, 0x44, 0xaa, 0xaa, 
	0x00, 0x00, 0xaa, 0x33, 0x33, 0x33, 0xaa, 0xaa, 
	0xa4, 0x4a, 0x20, 0x00, 0x00, 0x11, 0x11, 0x11, 
	0x00, 0x00, 0x00, 0x00, 0x00, 0x00, 0x04, 0x00, 
	0x33, 0x33, 0x33, 0x30, 0x0a, 0xa4, 0x3a, 0xa8, 
	0x00, 0x00, 0xa3, 0xa3, 0x03, 0x03, 0xaa, 0xaa, 
	0xaa, 0xa4, 0x22, 0x00, 0x01, 0x11, 0x11, 0x11, 
	0x00, 0x00, 0x00, 0x00, 0x00, 0x00, 0x00, 0x04, 
	0x33, 0x03, 0x33, 0x33, 0x00, 0x00, 0xaa, 0xaa, 
	0x00, 0x00, 0xaa, 0x3a, 0x30, 0x60, 0xaa, 0xaa, 
	0xaa, 0xa4, 0x20, 0x00, 0x00, 0x01, 0x11, 0x11, 
	0x00, 0x00, 0x00, 0x00, 0x00, 0x00, 0x04, 0x00, 
	0x33, 0x33, 0x33, 0x33, 0x0a, 0xa0, 0xaa, 0xaa, 
	0x80, 0x08, 0xaa, 0xaa, 0x00, 0x00, 0xaa, 0xaa, 
	0xaa, 0xaa, 0x20, 0x00, 0x10, 0x00, 0x11, 0x11, 
	0x00, 0x00, 0x00, 0x00, 0x20, 0x02, 0x02, 0x00, 
	0x04, 0x04, 0x44, 0x44, 0x00, 0x03, 0x40, 0x00, 
	0x66, 0x66, 0xaa, 0xaa, 0x00, 0x00, 0xaa, 0xaa, 
	0x22, 0x55, 0x52, 0x01, 0x17, 0x90, 0x10, 0x10, 
	0x00, 0x00, 0x00, 0x00, 0x22, 0x20, 0x22, 0x00, 
	0x00, 0x00, 0x40, 0x04, 0x00, 0x00, 0x00, 0x00, 
	0x66, 0x66, 0x66, 0xaa, 0x00, 0x00, 0xaa, 0xaa, 
	0x02, 0x25, 0x55, 0x20, 0x01, 0x91, 0x00, 0x00, 
	0x40, 0x00, 0x00, 0x00, 0x22, 0x22, 0x22, 0x20, 
	0x04, 0x04, 0x42, 0x44, 0x33, 0x00, 0x00, 0x00, 
	0x36, 0x66, 0xaa, 0xa6, 0x80, 0x00, 0xaa, 0x3a, 
	0x02, 0x55, 0x55, 0x50, 0x00, 0x01, 0x00, 0x00, 
	0x40, 0x00, 0x00, 0x00, 0x22, 0x22, 0x00, 0x40, 
	0x34, 0x44, 0x04, 0x00, 0x00, 0x00, 0x40, 0x00, 
	0x66, 0x63, 0x66, 0x6a, 0x00, 0x00, 0xaa, 0xaa, 
	0x55, 0x55, 0x55, 0x55, 0x00, 0x00, 0x00, 0x00, 
	0x40, 0x00, 0x00, 0x00, 0x00, 0x00, 0x00, 0x64, 
	0x44, 0x40, 0x00, 0x22, 0x00, 0x00, 0x00, 0x66, 
	0x66, 0x66, 0x00, 0x66, 0x00, 0x40, 0x22, 0x22, 
	0x00, 0x05, 0x44, 0x44, 0x20, 0x00, 0x44, 0x40, 
	0x00, 0x00, 0x44, 0x00, 0x60, 0x00, 0x00, 0x66, 
	0x04, 0x40, 0x22, 0x22, 0x00, 0x40, 0x00, 0x06, 
	0x66, 0x66, 0x00, 0x00, 0x00, 0x00, 0x22, 0x00, 
	0x05, 0x50, 0x24, 0x44, 0x00, 0x22, 0x40, 0x04, 
	0x40, 0x00, 0x00, 0x00, 0x00, 0x60, 0x06, 0x66, 
	0x00, 0x00, 0x22, 0x02, 0x40, 0x04, 0x00, 0x66, 
	0x06, 0x66, 0x66, 0x00, 0x00, 0x00, 0x55, 0x52, 
	0x00, 0x05, 0x40, 0x24, 0x22, 0x00, 0x44, 0x44, 
	0x40, 0x00, 0x00, 0x00, 0x60, 0x00, 0x46, 0x66, 
	0x00, 0x04, 0x02, 0x00, 0x00, 0x04, 0x00, 0x00, 
	0x00, 0x66, 0x00, 0x00, 0x00, 0x00, 0x55, 0x22, 
	0x05, 0x55, 0x44, 0x44, 0x00, 0x02, 0x44, 0x40, 
	0x04, 0x44, 0x00, 0x00, 0x00, 0x00, 0x00, 0x00, 
	0x22, 0x41, 0x06, 0x60, 0x00, 0x00, 0x00, 0x66, 
	0x00, 0x00, 0x00, 0x02, 0x00, 0x00, 0x00, 0x50, 
	0x33, 0x43, 0x55, 0x22, 0x22, 0x22, 0x04, 0x44, 
	0x44, 0x40, 0x44, 0x00, 0x02, 0x00, 0x00, 0x00, 
	0x00, 0x22, 0x00, 0x06, 0x00, 0x00, 0x00, 0x00, 
	0x06, 0x00, 0x00, 0x20, 0x00, 0x00, 0x05, 0x55, 
	0x33, 0x43, 0x55, 0x22, 0x22, 0x02, 0x44, 0x44, 
	0x00, 0x44, 0x00, 0x40, 0x00, 0x00, 0x00, 0x40, 
	0x02, 0x00, 0x00, 0x00, 0x00, 0x06, 0x00, 0x00, 
	0x60, 0x00, 0x00, 0x40, 0x00, 0x00, 0x50, 0x05, 
	0x33, 0x33, 0x52, 0x22, 0x22, 0x22, 0x00, 0x44, 
	0x44, 0x40, 0x44, 0x44, 0x40, 0x20, 0x00, 0x00, 
	0x00, 0x22, 0x00, 0x06, 0x60, 0x00, 0x00, 0x60, 
	0x00, 0x60, 0x00, 0x02, 0x00, 0x00, 0x05, 0x55, 
	0x43, 0x33, 0x22, 0x22, 0x20, 0x22, 0x44, 0x40, 
	0x30, 0x03, 0x00, 0x00, 0x04, 0x40, 0x00, 0x00, 
	0x02, 0x00, 0x00, 0x00, 0x00, 0x06, 0x60, 0x00, 
	0x00, 0x00, 0x00, 0x00, 0x22, 0x22, 0x53, 0x55, 
	0x44, 0x34, 0x35, 0x52, 0x22, 0x20, 0x02, 0x44, 
	0x30, 0x30, 0x00, 0x00, 0x00, 0x00, 0x00, 0x60, 
	0x20, 0x22, 0x60, 0x00, 0x66, 0x00, 0x00, 0x00, 
	0x00, 0x00, 0x00, 0x00, 0x02, 0x05, 0x53, 0x52, 
	0x44, 0x34, 0x55, 0x22, 0x22, 0x20, 0x44, 0x44, 
	0x00, 0x00, 0x00, 0x00, 0x00, 0x00, 0x00, 0x00, 
	0x00, 0x00, 0x00, 0x60, 0x00, 0x06, 0x00, 0x00, 
	0x00, 0x00, 0x00, 0x00, 0x52, 0x52, 0x33, 0x55, 
	0x44, 0x44, 0x52, 0x22, 0x20, 0x22, 0x22, 0x44, 
	0x30, 0x00, 0x00, 0x00, 0x00, 0x00, 0x00, 0x00, 
	0x22, 0x00, 0x00, 0x00, 0x00, 0x00, 0x00, 0x66, 
	0x60, 0x60, 0x00, 0x00, 0x25, 0x55, 0x35, 0x35, 
	0x44, 0x44, 0x22, 0x22, 0x22, 0x00, 0x04, 0x44, 
	0x40, 0x00, 0x00, 0x00, 0x00, 0x00, 0x06, 0x00, 
	0x00, 0x00, 0x20, 0x02, 0x22, 0x00, 0x02, 0x21, 
	0x80, 0x00, 0x00, 0x00, 0x33, 0x33, 0x33, 0x33, 
	0x44, 0x24, 0x42, 0x22, 0x20, 0x02, 0x00, 0x04, 
	0x60, 0x00, 0x00, 0x00, 0x00, 0x00, 0x00, 0x00, 
	0x06, 0x00, 0x00, 0x00, 0x20, 0x04, 0x00, 0x21, 
	0x00, 0x04, 0x00, 0x02, 0x30, 0x33, 0x35, 0x33, 
	0x44, 0x44, 0x44, 0x42, 0x44, 0x22, 0x04, 0x44, 
	0x66, 0x66, 0x00, 0x00, 0x03, 0x30, 0x06, 0x66, 
	0x00, 0x00, 0x00, 0x00, 0x22, 0x20, 0x02, 0x22, 
	0x00, 0x00, 0x00, 0x00, 0x33, 0x33, 0x33, 0x33, 
	0x44, 0x44, 0x44, 0x42, 0x00, 0x22, 0x44, 0x44, 
	0x66, 0x66, 0x00, 0x00, 0x00, 0x00, 0x00, 0x06, 
	0x00, 0x00, 0x20, 0x02, 0x00, 0x04, 0x40, 0x02, 
	0x00, 0x00, 0x00, 0x00, 0x03, 0x33, 0x35, 0x33, 
	0x44, 0x44, 0x44, 0x22, 0x00, 0x20, 0x00, 0x44, 
	
};

ALIGNED8 u8 wj_skybox_jungle64_6_pal_rgba16[] = {
	0x8d, 0x2d, 0x8d, 0x6f, 0x85, 0x2d, 0x8c, 0xeb, 
	0x84, 0xed, 0x84, 0xeb, 0x95, 0x2f, 0xad, 0xf3, 
	0x8d, 0x6d, 0xa5, 0x71, 0x8d, 0x2b, 
};

Vtx wj_skybox_wj_sklybox_mesh_vtx_0[426] = {
	{{ {16583, -18197, -16583}, 0, {4096, 3823}, {178, 178, 178, 255} }},
	{{ {15058, -19057, -15058}, 0, {4096, 4096}, {178, 178, 178, 255} }},
	{{ {18177, -19057, -7529}, 0, {3072, 4096}, {178, 178, 178, 255} }},
	{{ {20018, -18197, -8292}, 0, {3072, 3823}, {178, 178, 178, 255} }},
	{{ {21296, -19057, 0}, 0, {2048, 4096}, {178, 178, 178, 255} }},
	{{ {23452, -18197, 0}, 0, {2048, 3823}, {178, 178, 178, 255} }},
	{{ {18177, -19057, 7529}, 0, {1024, 4096}, {178, 178, 178, 255} }},
	{{ {20018, -18197, 8292}, 0, {1024, 3823}, {178, 178, 178, 255} }},
	{{ {25608, -17338, 0}, 0, {2048, 3550}, {178, 178, 178, 255} }},
	{{ {21858, -17338, 9054}, 0, {1024, 3550}, {178, 178, 178, 255} }},
	{{ {21858, -17338, -9054}, 0, {3072, 3550}, {178, 178, 178, 255} }},
	{{ {18108, -17338, -18108}, 0, {4096, 3550}, {178, 178, 178, 255} }},
	{{ {-7529, -19057, 18177}, 0, {1024, 4096}, {178, 178, 178, 255} }},
	{{ {0, -18197, 23452}, 0, {2048, 3823}, {178, 178, 178, 255} }},
	{{ {0, -19057, 21296}, 0, {2048, 4096}, {178, 178, 178, 255} }},
	{{ {-8292, -18197, 20018}, 0, {1024, 3823}, {178, 178, 178, 255} }},
	{{ {0, -17338, 25608}, 0, {2048, 3550}, {178, 178, 178, 255} }},
	{{ {-9054, -17338, 21858}, 0, {1024, 3550}, {178, 178, 178, 255} }},
	{{ {-16583, -18197, 16583}, 0, {4096, 3823}, {178, 178, 178, 255} }},
	{{ {-15058, -19057, 15058}, 0, {4096, 4096}, {178, 178, 178, 255} }},
	{{ {-18177, -19057, 7529}, 0, {3072, 4096}, {178, 178, 178, 255} }},
	{{ {-20018, -18197, 8292}, 0, {3072, 3823}, {178, 178, 178, 255} }},
	{{ {-21296, -19057, 0}, 0, {2048, 4096}, {178, 178, 178, 255} }},
	{{ {-23452, -18197, 0}, 0, {2048, 3823}, {178, 178, 178, 255} }},
	{{ {-18177, -19057, -7529}, 0, {1024, 4096}, {178, 178, 178, 255} }},
	{{ {-20018, -18197, -8292}, 0, {1024, 3823}, {178, 178, 178, 255} }},
	{{ {-25608, -17338, 0}, 0, {2048, 3550}, {178, 178, 178, 255} }},
	{{ {-21858, -17338, -9054}, 0, {1024, 3550}, {178, 178, 178, 255} }},
	{{ {-21858, -17338, 9054}, 0, {3072, 3550}, {178, 178, 178, 255} }},
	{{ {-18108, -17338, 18108}, 0, {4096, 3550}, {178, 178, 178, 255} }},
	{{ {16583, -18197, 16583}, 0, {11324, 3823}, {178, 178, 178, 255} }},
	{{ {15058, -19057, 15058}, 0, {11324, 4096}, {178, 178, 178, 255} }},
	{{ {7529, -19057, 18177}, 0, {10039, 4096}, {178, 178, 178, 255} }},
	{{ {8292, -18197, 20018}, 0, {10039, 3823}, {178, 178, 178, 255} }},
	{{ {0, -19057, 21296}, 0, {8754, 4096}, {178, 178, 178, 255} }},
	{{ {0, -18197, 23452}, 0, {8754, 3823}, {178, 178, 178, 255} }},
	{{ {9054, -17338, 21858}, 0, {10039, 3550}, {178, 178, 178, 255} }},
	{{ {0, -17338, 25608}, 0, {8754, 3550}, {178, 178, 178, 255} }},
	{{ {18108, -17338, 18108}, 0, {11324, 3550}, {178, 178, 178, 255} }},
	{{ {-16583, -18197, -16583}, 0, {4096, 3823}, {178, 178, 178, 255} }},
	{{ {-15058, -19057, -15058}, 0, {4096, 4096}, {178, 178, 178, 255} }},
	{{ {-7529, -19057, -18177}, 0, {3072, 4096}, {178, 178, 178, 255} }},
	{{ {-8292, -18197, -20017}, 0, {3072, 3823}, {178, 178, 178, 255} }},
	{{ {0, -19057, -21296}, 0, {2048, 4096}, {178, 178, 178, 255} }},
	{{ {0, -18197, -23452}, 0, {2048, 3823}, {178, 178, 178, 255} }},
	{{ {7529, -19057, -18177}, 0, {1024, 4096}, {178, 178, 178, 255} }},
	{{ {8292, -18197, -20017}, 0, {1024, 3823}, {178, 178, 178, 255} }},
	{{ {0, -17338, -25608}, 0, {2048, 3550}, {178, 178, 178, 255} }},
	{{ {9054, -17338, -21858}, 0, {1024, 3550}, {178, 178, 178, 255} }},
	{{ {-9054, -17338, -21858}, 0, {3072, 3550}, {178, 178, 178, 255} }},
	{{ {-18108, -17338, -18108}, 0, {4096, 3550}, {178, 178, 178, 255} }},
	{{ {-9336, -14781, 22538}, 0, {1024, 3140}, {178, 178, 178, 255} }},
	{{ {0, -12225, 27202}, 0, {2048, 2731}, {178, 178, 178, 255} }},
	{{ {0, -14781, 26405}, 0, {2048, 3140}, {178, 178, 178, 255} }},
	{{ {-9617, -12225, 23219}, 0, {1024, 2731}, {178, 178, 178, 255} }},
	{{ {0, -9210, 27440}, 0, {2048, 2249}, {178, 178, 178, 255} }},
	{{ {-9701, -9210, 23421}, 0, {1024, 2249}, {178, 178, 178, 255} }},
	{{ {0, -6194, 27677}, 0, {2048, 1767}, {178, 178, 178, 255} }},
	{{ {-9785, -6194, 23624}, 0, {1024, 1767}, {178, 178, 178, 255} }},
	{{ {9336, -14781, -22538}, 0, {1024, 3140}, {178, 178, 178, 255} }},
	{{ {9617, -12225, -23219}, 0, {1024, 2731}, {178, 178, 178, 255} }},
	{{ {0, -12225, -27202}, 0, {2048, 2731}, {178, 178, 178, 255} }},
	{{ {0, -9210, -27440}, 0, {2048, 2249}, {178, 178, 178, 255} }},
	{{ {9701, -9210, -23421}, 0, {1024, 2249}, {178, 178, 178, 255} }},
	{{ {0, -6194, -27677}, 0, {2048, 1767}, {178, 178, 178, 255} }},
	{{ {9785, -6194, -23624}, 0, {1024, 1767}, {178, 178, 178, 255} }},
	{{ {0, -14781, -26405}, 0, {2048, 3140}, {178, 178, 178, 255} }},
	{{ {-22538, -14781, -9336}, 0, {1024, 3140}, {178, 178, 178, 255} }},
	{{ {-23219, -12225, -9617}, 0, {1024, 2731}, {178, 178, 178, 255} }},
	{{ {-27202, -12225, 0}, 0, {2048, 2731}, {178, 178, 178, 255} }},
	{{ {-27440, -9210, 0}, 0, {2048, 2249}, {178, 178, 178, 255} }},
	{{ {-23421, -9210, -9701}, 0, {1024, 2249}, {178, 178, 178, 255} }},
	{{ {-27677, -6194, 0}, 0, {2048, 1767}, {178, 178, 178, 255} }},
	{{ {-23624, -6194, -9785}, 0, {1024, 1767}, {178, 178, 178, 255} }},
	{{ {-26405, -14781, 0}, 0, {2048, 3140}, {178, 178, 178, 255} }},
	{{ {22538, -14781, 9336}, 0, {1024, 3140}, {178, 178, 178, 255} }},
	{{ {23219, -12225, 9617}, 0, {1024, 2731}, {178, 178, 178, 255} }},
	{{ {27202, -12225, 0}, 0, {2048, 2731}, {178, 178, 178, 255} }},
	{{ {27440, -9210, 0}, 0, {2048, 2249}, {178, 178, 178, 255} }},
	{{ {23421, -9210, 9701}, 0, {1024, 2249}, {178, 178, 178, 255} }},
	{{ {27677, -6194, 0}, 0, {2048, 1767}, {178, 178, 178, 255} }},
	{{ {23624, -6194, 9785}, 0, {1024, 1767}, {178, 178, 178, 255} }},
	{{ {26405, -14781, 0}, 0, {2048, 3140}, {178, 178, 178, 255} }},
	{{ {18671, -14781, 18671}, 0, {11324, 3140}, {178, 178, 178, 255} }},
	{{ {18108, -17338, 18108}, 0, {11324, 3550}, {178, 178, 178, 255} }},
	{{ {9054, -17338, 21858}, 0, {10039, 3550}, {178, 178, 178, 255} }},
	{{ {9336, -14781, 22538}, 0, {10039, 3140}, {178, 178, 178, 255} }},
	{{ {0, -17338, 25608}, 0, {8754, 3550}, {178, 178, 178, 255} }},
	{{ {0, -14781, 26405}, 0, {8754, 3140}, {178, 178, 178, 255} }},
	{{ {9617, -12225, 23219}, 0, {10039, 2731}, {178, 178, 178, 255} }},
	{{ {0, -12225, 27202}, 0, {8754, 2731}, {178, 178, 178, 255} }},
	{{ {9701, -9210, 23421}, 0, {10039, 2249}, {178, 178, 178, 255} }},
	{{ {0, -9210, 27440}, 0, {8754, 2249}, {178, 178, 178, 255} }},
	{{ {9785, -6194, 23624}, 0, {10039, 1767}, {178, 178, 178, 255} }},
	{{ {0, -6194, 27677}, 0, {8754, 1767}, {178, 178, 178, 255} }},
	{{ {9701, -3179, 23421}, 0, {10039, 1285}, {178, 178, 178, 255} }},
	{{ {0, -3179, 27440}, 0, {8754, 1285}, {178, 178, 178, 255} }},
	{{ {9617, -163, 23219}, 0, {10039, 803}, {178, 178, 178, 255} }},
	{{ {0, -163, 27202}, 0, {8754, 803}, {178, 178, 178, 255} }},
	{{ {9336, 2393, 22538}, 0, {10039, 402}, {178, 178, 178, 255} }},
	{{ {0, 2393, 26405}, 0, {8754, 402}, {178, 178, 178, 255} }},
	{{ {9054, 4949, 21858}, 0, {10039, 0}, {178, 178, 178, 255} }},
	{{ {0, 4949, 25608}, 0, {8754, 0}, {178, 178, 178, 255} }},
	{{ {18108, 4949, 18108}, 0, {11324, 0}, {178, 178, 178, 255} }},
	{{ {18671, 2393, 18671}, 0, {11324, 402}, {178, 178, 178, 255} }},
	{{ {19235, -163, 19235}, 0, {11324, 803}, {178, 178, 178, 255} }},
	{{ {19403, -3179, 19403}, 0, {11324, 1285}, {178, 178, 178, 255} }},
	{{ {19571, -6194, 19571}, 0, {11324, 1767}, {178, 178, 178, 255} }},
	{{ {19403, -9210, 19403}, 0, {11324, 2249}, {178, 178, 178, 255} }},
	{{ {19235, -12225, 19235}, 0, {11324, 2731}, {178, 178, 178, 255} }},
	{{ {-9701, -3179, -23421}, 0, {3072, 1285}, {178, 178, 178, 255} }},
	{{ {-9785, -6194, -23624}, 0, {3072, 1767}, {178, 178, 178, 255} }},
	{{ {0, -6194, -27677}, 0, {2048, 1767}, {178, 178, 178, 255} }},
	{{ {0, -3179, -27440}, 0, {2048, 1285}, {178, 178, 178, 255} }},
	{{ {-9617, -163, -23219}, 0, {3072, 803}, {178, 178, 178, 255} }},
	{{ {0, -163, -27202}, 0, {2048, 803}, {178, 178, 178, 255} }},
	{{ {-9336, 2393, -22538}, 0, {3072, 402}, {178, 178, 178, 255} }},
	{{ {0, 2393, -26405}, 0, {2048, 402}, {178, 178, 178, 255} }},
	{{ {-23421, -3179, 9701}, 0, {3072, 1285}, {178, 178, 178, 255} }},
	{{ {-23624, -6194, 9785}, 0, {3072, 1767}, {178, 178, 178, 255} }},
	{{ {-27677, -6194, 0}, 0, {2048, 1767}, {178, 178, 178, 255} }},
	{{ {-27440, -3179, 0}, 0, {2048, 1285}, {178, 178, 178, 255} }},
	{{ {-23219, -163, 9617}, 0, {3072, 803}, {178, 178, 178, 255} }},
	{{ {-27202, -163, 0}, 0, {2048, 803}, {178, 178, 178, 255} }},
	{{ {-22538, 2393, 9336}, 0, {3072, 402}, {178, 178, 178, 255} }},
	{{ {-26405, 2393, 0}, 0, {2048, 402}, {178, 178, 178, 255} }},
	{{ {23421, -3179, -9701}, 0, {3072, 1285}, {178, 178, 178, 255} }},
	{{ {23624, -6194, -9785}, 0, {3072, 1767}, {178, 178, 178, 255} }},
	{{ {27677, -6194, 0}, 0, {2048, 1767}, {178, 178, 178, 255} }},
	{{ {27440, -3179, 0}, 0, {2048, 1285}, {178, 178, 178, 255} }},
	{{ {23219, -163, -9617}, 0, {3072, 803}, {178, 178, 178, 255} }},
	{{ {27202, -163, 0}, 0, {2048, 803}, {178, 178, 178, 255} }},
	{{ {22538, 2393, -9336}, 0, {3072, 402}, {178, 178, 178, 255} }},
	{{ {26405, 2393, 0}, 0, {2048, 402}, {178, 178, 178, 255} }},
	{{ {9336, 2393, -22538}, 0, {1024, 402}, {178, 178, 178, 255} }},
	{{ {9054, 4949, -21858}, 0, {1024, 0}, {178, 178, 178, 255} }},
	{{ {0, 4949, -25608}, 0, {2048, 0}, {178, 178, 178, 255} }},
	{{ {0, 2393, -26405}, 0, {2048, 402}, {178, 178, 178, 255} }},
	{{ {9617, -163, -23219}, 0, {1024, 803}, {178, 178, 178, 255} }},
	{{ {0, -163, -27202}, 0, {2048, 803}, {178, 178, 178, 255} }},
	{{ {9701, -3179, -23421}, 0, {1024, 1285}, {178, 178, 178, 255} }},
	{{ {0, -3179, -27440}, 0, {2048, 1285}, {178, 178, 178, 255} }},
	{{ {-22538, 2393, -9336}, 0, {1024, 402}, {178, 178, 178, 255} }},
	{{ {-21858, 4949, -9054}, 0, {1024, 0}, {178, 178, 178, 255} }},
	{{ {-25608, 4949, 0}, 0, {2048, 0}, {178, 178, 178, 255} }},
	{{ {-26405, 2393, 0}, 0, {2048, 402}, {178, 178, 178, 255} }},
	{{ {-23219, -163, -9617}, 0, {1024, 803}, {178, 178, 178, 255} }},
	{{ {-27202, -163, 0}, 0, {2048, 803}, {178, 178, 178, 255} }},
	{{ {-23421, -3179, -9701}, 0, {1024, 1285}, {178, 178, 178, 255} }},
	{{ {-27440, -3179, 0}, 0, {2048, 1285}, {178, 178, 178, 255} }},
	{{ {-9336, 2393, 22538}, 0, {1024, 402}, {178, 178, 178, 255} }},
	{{ {-9054, 4949, 21858}, 0, {1024, 0}, {178, 178, 178, 255} }},
	{{ {0, 4949, 25608}, 0, {2048, 0}, {178, 178, 178, 255} }},
	{{ {0, 2393, 26405}, 0, {2048, 402}, {178, 178, 178, 255} }},
	{{ {-9617, -163, 23219}, 0, {1024, 803}, {178, 178, 178, 255} }},
	{{ {0, -163, 27202}, 0, {2048, 803}, {178, 178, 178, 255} }},
	{{ {-9701, -3179, 23421}, 0, {1024, 1285}, {178, 178, 178, 255} }},
	{{ {0, -3179, 27440}, 0, {2048, 1285}, {178, 178, 178, 255} }},
	{{ {22538, 2393, 9336}, 0, {1024, 402}, {178, 178, 178, 255} }},
	{{ {21858, 4949, 9054}, 0, {1024, 0}, {178, 178, 178, 255} }},
	{{ {25608, 4949, 0}, 0, {2048, 0}, {178, 178, 178, 255} }},
	{{ {26405, 2393, 0}, 0, {2048, 402}, {178, 178, 178, 255} }},
	{{ {23219, -163, 9617}, 0, {1024, 803}, {178, 178, 178, 255} }},
	{{ {27202, -163, 0}, 0, {2048, 803}, {178, 178, 178, 255} }},
	{{ {23421, -3179, 9701}, 0, {1024, 1285}, {178, 178, 178, 255} }},
	{{ {27440, -3179, 0}, 0, {2048, 1285}, {178, 178, 178, 255} }},
	{{ {-9701, -9210, -23421}, 0, {3072, 2249}, {178, 178, 178, 255} }},
	{{ {0, -12225, -27202}, 0, {2048, 2731}, {178, 178, 178, 255} }},
	{{ {0, -9210, -27440}, 0, {2048, 2249}, {178, 178, 178, 255} }},
	{{ {-9617, -12225, -23219}, 0, {3072, 2731}, {178, 178, 178, 255} }},
	{{ {0, -14781, -26405}, 0, {2048, 3140}, {178, 178, 178, 255} }},
	{{ {-9336, -14781, -22538}, 0, {3072, 3140}, {178, 178, 178, 255} }},
	{{ {0, -17338, -25608}, 0, {2048, 3550}, {178, 178, 178, 255} }},
	{{ {-9054, -17338, -21858}, 0, {3072, 3550}, {178, 178, 178, 255} }},
	{{ {-23421, -9210, 9701}, 0, {3072, 2249}, {178, 178, 178, 255} }},
	{{ {-27202, -12225, 0}, 0, {2048, 2731}, {178, 178, 178, 255} }},
	{{ {-27440, -9210, 0}, 0, {2048, 2249}, {178, 178, 178, 255} }},
	{{ {-23219, -12225, 9617}, 0, {3072, 2731}, {178, 178, 178, 255} }},
	{{ {-26405, -14781, 0}, 0, {2048, 3140}, {178, 178, 178, 255} }},
	{{ {-22538, -14781, 9336}, 0, {3072, 3140}, {178, 178, 178, 255} }},
	{{ {-25608, -17338, 0}, 0, {2048, 3550}, {178, 178, 178, 255} }},
	{{ {-21858, -17338, 9054}, 0, {3072, 3550}, {178, 178, 178, 255} }},
	{{ {23219, -12225, -9617}, 0, {3072, 2731}, {178, 178, 178, 255} }},
	{{ {26405, -14781, 0}, 0, {2048, 3140}, {178, 178, 178, 255} }},
	{{ {27202, -12225, 0}, 0, {2048, 2731}, {178, 178, 178, 255} }},
	{{ {22538, -14781, -9336}, 0, {3072, 3140}, {178, 178, 178, 255} }},
	{{ {25608, -17338, 0}, 0, {2048, 3550}, {178, 178, 178, 255} }},
	{{ {21858, -17338, -9054}, 0, {3072, 3550}, {178, 178, 178, 255} }},
	{{ {23421, -9210, -9701}, 0, {3072, 2249}, {178, 178, 178, 255} }},
	{{ {27440, -9210, 0}, 0, {2048, 2249}, {178, 178, 178, 255} }},
	{{ {23624, -6194, -9785}, 0, {3072, 1767}, {178, 178, 178, 255} }},
	{{ {27440, -9210, 0}, 0, {2048, 2249}, {178, 178, 178, 255} }},
	{{ {27677, -6194, 0}, 0, {2048, 1767}, {178, 178, 178, 255} }},
	{{ {23421, -9210, -9701}, 0, {3072, 2249}, {178, 178, 178, 255} }},
	{{ {19571, -6194, -19571}, 0, {4096, 1767}, {178, 178, 178, 255} }},
	{{ {19403, -9210, -19403}, 0, {4096, 2249}, {178, 178, 178, 255} }},
	{{ {23219, -12225, -9617}, 0, {3072, 2731}, {178, 178, 178, 255} }},
	{{ {19235, -12225, -19235}, 0, {4096, 2731}, {178, 178, 178, 255} }},
	{{ {-23624, -6194, 9785}, 0, {3072, 1767}, {178, 178, 178, 255} }},
	{{ {-27440, -9210, 0}, 0, {2048, 2249}, {178, 178, 178, 255} }},
	{{ {-27677, -6194, 0}, 0, {2048, 1767}, {178, 178, 178, 255} }},
	{{ {-23421, -9210, 9701}, 0, {3072, 2249}, {178, 178, 178, 255} }},
	{{ {-19571, -6194, 19571}, 0, {4096, 1767}, {178, 178, 178, 255} }},
	{{ {-19403, -9210, 19403}, 0, {4096, 2249}, {178, 178, 178, 255} }},
	{{ {-23219, -12225, 9617}, 0, {3072, 2731}, {178, 178, 178, 255} }},
	{{ {-19235, -12225, 19235}, 0, {4096, 2731}, {178, 178, 178, 255} }},
	{{ {-9785, -6194, -23624}, 0, {3072, 1767}, {178, 178, 178, 255} }},
	{{ {0, -9210, -27440}, 0, {2048, 2249}, {178, 178, 178, 255} }},
	{{ {0, -6194, -27677}, 0, {2048, 1767}, {178, 178, 178, 255} }},
	{{ {-9701, -9210, -23421}, 0, {3072, 2249}, {178, 178, 178, 255} }},
	{{ {-19571, -6194, -19571}, 0, {4096, 1767}, {178, 178, 178, 255} }},
	{{ {-19403, -9210, -19403}, 0, {4096, 2249}, {178, 178, 178, 255} }},
	{{ {-9617, -12225, -23219}, 0, {3072, 2731}, {178, 178, 178, 255} }},
	{{ {-19235, -12225, -19235}, 0, {4096, 2731}, {178, 178, 178, 255} }},
	{{ {18671, -14781, -18671}, 0, {4096, 3140}, {178, 178, 178, 255} }},
	{{ {18108, -17338, -18108}, 0, {4096, 3550}, {178, 178, 178, 255} }},
	{{ {21858, -17338, -9054}, 0, {3072, 3550}, {178, 178, 178, 255} }},
	{{ {22538, -14781, -9336}, 0, {3072, 3140}, {178, 178, 178, 255} }},
	{{ {19235, -12225, -19235}, 0, {4096, 2731}, {178, 178, 178, 255} }},
	{{ {23219, -12225, -9617}, 0, {3072, 2731}, {178, 178, 178, 255} }},
	{{ {-19235, -12225, 19235}, 0, {4096, 2731}, {178, 178, 178, 255} }},
	{{ {-22538, -14781, 9336}, 0, {3072, 3140}, {178, 178, 178, 255} }},
	{{ {-23219, -12225, 9617}, 0, {3072, 2731}, {178, 178, 178, 255} }},
	{{ {-18671, -14781, 18671}, 0, {4096, 3140}, {178, 178, 178, 255} }},
	{{ {-21858, -17338, 9054}, 0, {3072, 3550}, {178, 178, 178, 255} }},
	{{ {-18108, -17338, 18108}, 0, {4096, 3550}, {178, 178, 178, 255} }},
	{{ {-19235, -12225, -19235}, 0, {4096, 2731}, {178, 178, 178, 255} }},
	{{ {-9336, -14781, -22538}, 0, {3072, 3140}, {178, 178, 178, 255} }},
	{{ {-9617, -12225, -23219}, 0, {3072, 2731}, {178, 178, 178, 255} }},
	{{ {-18671, -14781, -18671}, 0, {4096, 3140}, {178, 178, 178, 255} }},
	{{ {-9054, -17338, -21858}, 0, {3072, 3550}, {178, 178, 178, 255} }},
	{{ {-18108, -17338, -18108}, 0, {4096, 3550}, {178, 178, 178, 255} }},
	{{ {21858, 4949, -9054}, 0, {3072, 0}, {178, 178, 178, 255} }},
	{{ {26405, 2393, 0}, 0, {2048, 402}, {178, 178, 178, 255} }},
	{{ {25608, 4949, 0}, 0, {2048, 0}, {178, 178, 178, 255} }},
	{{ {22538, 2393, -9336}, 0, {3072, 402}, {178, 178, 178, 255} }},
	{{ {18108, 4949, -18108}, 0, {4096, 0}, {178, 178, 178, 255} }},
	{{ {18671, 2393, -18671}, 0, {4096, 402}, {178, 178, 178, 255} }},
	{{ {23219, -163, -9617}, 0, {3072, 803}, {178, 178, 178, 255} }},
	{{ {19235, -163, -19235}, 0, {4096, 803}, {178, 178, 178, 255} }},
	{{ {-21858, 4949, 9054}, 0, {3072, 0}, {178, 178, 178, 255} }},
	{{ {-26405, 2393, 0}, 0, {2048, 402}, {178, 178, 178, 255} }},
	{{ {-25608, 4949, 0}, 0, {2048, 0}, {178, 178, 178, 255} }},
	{{ {-22538, 2393, 9336}, 0, {3072, 402}, {178, 178, 178, 255} }},
	{{ {-18108, 4949, 18108}, 0, {4096, 0}, {178, 178, 178, 255} }},
	{{ {-18671, 2393, 18671}, 0, {4096, 402}, {178, 178, 178, 255} }},
	{{ {-23219, -163, 9617}, 0, {3072, 803}, {178, 178, 178, 255} }},
	{{ {-19235, -163, 19235}, 0, {4096, 803}, {178, 178, 178, 255} }},
	{{ {-9054, 4949, -21858}, 0, {3072, 0}, {178, 178, 178, 255} }},
	{{ {0, 2393, -26405}, 0, {2048, 402}, {178, 178, 178, 255} }},
	{{ {0, 4949, -25608}, 0, {2048, 0}, {178, 178, 178, 255} }},
	{{ {-9336, 2393, -22538}, 0, {3072, 402}, {178, 178, 178, 255} }},
	{{ {-18108, 4949, -18108}, 0, {4096, 0}, {178, 178, 178, 255} }},
	{{ {-18671, 2393, -18671}, 0, {4096, 402}, {178, 178, 178, 255} }},
	{{ {-9617, -163, -23219}, 0, {3072, 803}, {178, 178, 178, 255} }},
	{{ {-19235, -163, -19235}, 0, {4096, 803}, {178, 178, 178, 255} }},
	{{ {23624, -6194, 9785}, 0, {1024, 1767}, {178, 178, 178, 255} }},
	{{ {27440, -3179, 0}, 0, {2048, 1285}, {178, 178, 178, 255} }},
	{{ {27677, -6194, 0}, 0, {2048, 1767}, {178, 178, 178, 255} }},
	{{ {23421, -3179, 9701}, 0, {1024, 1285}, {178, 178, 178, 255} }},
	{{ {19571, -6194, 19571}, 0, {0, 1767}, {178, 178, 178, 255} }},
	{{ {19403, -3179, 19403}, 0, {0, 1285}, {178, 178, 178, 255} }},
	{{ {-9785, -6194, 23624}, 0, {1024, 1767}, {178, 178, 178, 255} }},
	{{ {0, -3179, 27440}, 0, {2048, 1285}, {178, 178, 178, 255} }},
	{{ {0, -6194, 27677}, 0, {2048, 1767}, {178, 178, 178, 255} }},
	{{ {-9701, -3179, 23421}, 0, {1024, 1285}, {178, 178, 178, 255} }},
	{{ {-19571, -6194, 19571}, 0, {0, 1767}, {178, 178, 178, 255} }},
	{{ {-19403, -3179, 19403}, 0, {0, 1285}, {178, 178, 178, 255} }},
	{{ {-23624, -6194, -9785}, 0, {1024, 1767}, {178, 178, 178, 255} }},
	{{ {-27440, -3179, 0}, 0, {2048, 1285}, {178, 178, 178, 255} }},
	{{ {-27677, -6194, 0}, 0, {2048, 1767}, {178, 178, 178, 255} }},
	{{ {-23421, -3179, -9701}, 0, {1024, 1285}, {178, 178, 178, 255} }},
	{{ {-19571, -6194, -19571}, 0, {0, 1767}, {178, 178, 178, 255} }},
	{{ {-19403, -3179, -19403}, 0, {0, 1285}, {178, 178, 178, 255} }},
	{{ {9785, -6194, -23624}, 0, {1024, 1767}, {178, 178, 178, 255} }},
	{{ {0, -3179, -27440}, 0, {2048, 1285}, {178, 178, 178, 255} }},
	{{ {0, -6194, -27677}, 0, {2048, 1767}, {178, 178, 178, 255} }},
	{{ {9701, -3179, -23421}, 0, {1024, 1285}, {178, 178, 178, 255} }},
	{{ {19571, -6194, -19571}, 0, {0, 1767}, {178, 178, 178, 255} }},
	{{ {19403, -3179, -19403}, 0, {0, 1285}, {178, 178, 178, 255} }},
	{{ {19403, -3179, 19403}, 0, {0, 1285}, {178, 178, 178, 255} }},
	{{ {23219, -163, 9617}, 0, {1024, 803}, {178, 178, 178, 255} }},
	{{ {23421, -3179, 9701}, 0, {1024, 1285}, {178, 178, 178, 255} }},
	{{ {19235, -163, 19235}, 0, {0, 803}, {178, 178, 178, 255} }},
	{{ {19403, -9210, 19403}, 0, {0, 2249}, {178, 178, 178, 255} }},
	{{ {19571, -6194, 19571}, 0, {0, 1767}, {178, 178, 178, 255} }},
	{{ {23624, -6194, 9785}, 0, {1024, 1767}, {178, 178, 178, 255} }},
	{{ {23421, -9210, 9701}, 0, {1024, 2249}, {178, 178, 178, 255} }},
	{{ {-19403, -3179, 19403}, 0, {0, 1285}, {178, 178, 178, 255} }},
	{{ {-9617, -163, 23219}, 0, {1024, 803}, {178, 178, 178, 255} }},
	{{ {-9701, -3179, 23421}, 0, {1024, 1285}, {178, 178, 178, 255} }},
	{{ {-19235, -163, 19235}, 0, {0, 803}, {178, 178, 178, 255} }},
	{{ {-19403, -9210, 19403}, 0, {0, 2249}, {178, 178, 178, 255} }},
	{{ {-19571, -6194, 19571}, 0, {0, 1767}, {178, 178, 178, 255} }},
	{{ {-9785, -6194, 23624}, 0, {1024, 1767}, {178, 178, 178, 255} }},
	{{ {-9701, -9210, 23421}, 0, {1024, 2249}, {178, 178, 178, 255} }},
	{{ {-19403, -3179, -19403}, 0, {0, 1285}, {178, 178, 178, 255} }},
	{{ {-23219, -163, -9617}, 0, {1024, 803}, {178, 178, 178, 255} }},
	{{ {-23421, -3179, -9701}, 0, {1024, 1285}, {178, 178, 178, 255} }},
	{{ {-19235, -163, -19235}, 0, {0, 803}, {178, 178, 178, 255} }},
	{{ {-19403, -9210, -19403}, 0, {0, 2249}, {178, 178, 178, 255} }},
	{{ {-19571, -6194, -19571}, 0, {0, 1767}, {178, 178, 178, 255} }},
	{{ {-23624, -6194, -9785}, 0, {1024, 1767}, {178, 178, 178, 255} }},
	{{ {-23421, -9210, -9701}, 0, {1024, 2249}, {178, 178, 178, 255} }},
	{{ {19403, -3179, -19403}, 0, {0, 1285}, {178, 178, 178, 255} }},
	{{ {9617, -163, -23219}, 0, {1024, 803}, {178, 178, 178, 255} }},
	{{ {9701, -3179, -23421}, 0, {1024, 1285}, {178, 178, 178, 255} }},
	{{ {19235, -163, -19235}, 0, {0, 803}, {178, 178, 178, 255} }},
	{{ {19403, -9210, -19403}, 0, {0, 2249}, {178, 178, 178, 255} }},
	{{ {19571, -6194, -19571}, 0, {0, 1767}, {178, 178, 178, 255} }},
	{{ {9785, -6194, -23624}, 0, {1024, 1767}, {178, 178, 178, 255} }},
	{{ {9701, -9210, -23421}, 0, {1024, 2249}, {178, 178, 178, 255} }},
	{{ {19235, -12225, 19235}, 0, {0, 2731}, {178, 178, 178, 255} }},
	{{ {19403, -9210, 19403}, 0, {0, 2249}, {178, 178, 178, 255} }},
	{{ {23421, -9210, 9701}, 0, {1024, 2249}, {178, 178, 178, 255} }},
	{{ {23219, -12225, 9617}, 0, {1024, 2731}, {178, 178, 178, 255} }},
	{{ {18671, -14781, 18671}, 0, {0, 3140}, {178, 178, 178, 255} }},
	{{ {22538, -14781, 9336}, 0, {1024, 3140}, {178, 178, 178, 255} }},
	{{ {18108, -17338, 18108}, 0, {0, 3550}, {178, 178, 178, 255} }},
	{{ {21858, -17338, 9054}, 0, {1024, 3550}, {178, 178, 178, 255} }},
	{{ {16583, -18197, 16583}, 0, {0, 3823}, {178, 178, 178, 255} }},
	{{ {20018, -18197, 8292}, 0, {1024, 3823}, {178, 178, 178, 255} }},
	{{ {-19235, -12225, 19235}, 0, {0, 2731}, {178, 178, 178, 255} }},
	{{ {-19403, -9210, 19403}, 0, {0, 2249}, {178, 178, 178, 255} }},
	{{ {-9701, -9210, 23421}, 0, {1024, 2249}, {178, 178, 178, 255} }},
	{{ {-9617, -12225, 23219}, 0, {1024, 2731}, {178, 178, 178, 255} }},
	{{ {-18671, -14781, 18671}, 0, {0, 3140}, {178, 178, 178, 255} }},
	{{ {-9336, -14781, 22538}, 0, {1024, 3140}, {178, 178, 178, 255} }},
	{{ {-18108, -17338, 18108}, 0, {0, 3550}, {178, 178, 178, 255} }},
	{{ {-9054, -17338, 21858}, 0, {1024, 3550}, {178, 178, 178, 255} }},
	{{ {-16583, -18197, 16583}, 0, {0, 3823}, {178, 178, 178, 255} }},
	{{ {-8292, -18197, 20018}, 0, {1024, 3823}, {178, 178, 178, 255} }},
	{{ {-19235, -12225, -19235}, 0, {0, 2731}, {178, 178, 178, 255} }},
	{{ {-19403, -9210, -19403}, 0, {0, 2249}, {178, 178, 178, 255} }},
	{{ {-23421, -9210, -9701}, 0, {1024, 2249}, {178, 178, 178, 255} }},
	{{ {-23219, -12225, -9617}, 0, {1024, 2731}, {178, 178, 178, 255} }},
	{{ {-18671, -14781, -18671}, 0, {0, 3140}, {178, 178, 178, 255} }},
	{{ {-22538, -14781, -9336}, 0, {1024, 3140}, {178, 178, 178, 255} }},
	{{ {-18108, -17338, -18108}, 0, {0, 3550}, {178, 178, 178, 255} }},
	{{ {-21858, -17338, -9054}, 0, {1024, 3550}, {178, 178, 178, 255} }},
	{{ {-16583, -18197, -16583}, 0, {0, 3823}, {178, 178, 178, 255} }},
	{{ {-20018, -18197, -8292}, 0, {1024, 3823}, {178, 178, 178, 255} }},
	{{ {19235, -12225, -19235}, 0, {0, 2731}, {178, 178, 178, 255} }},
	{{ {19403, -9210, -19403}, 0, {0, 2249}, {178, 178, 178, 255} }},
	{{ {9701, -9210, -23421}, 0, {1024, 2249}, {178, 178, 178, 255} }},
	{{ {9617, -12225, -23219}, 0, {1024, 2731}, {178, 178, 178, 255} }},
	{{ {18671, -14781, -18671}, 0, {0, 3140}, {178, 178, 178, 255} }},
	{{ {9336, -14781, -22538}, 0, {1024, 3140}, {178, 178, 178, 255} }},
	{{ {18108, -17338, -18108}, 0, {0, 3550}, {178, 178, 178, 255} }},
	{{ {9054, -17338, -21858}, 0, {1024, 3550}, {178, 178, 178, 255} }},
	{{ {16583, -18197, -16583}, 0, {0, 3823}, {178, 178, 178, 255} }},
	{{ {8292, -18197, -20017}, 0, {1024, 3823}, {178, 178, 178, 255} }},
	{{ {19235, -163, 19235}, 0, {0, 803}, {178, 178, 178, 255} }},
	{{ {22538, 2393, 9336}, 0, {1024, 402}, {178, 178, 178, 255} }},
	{{ {23219, -163, 9617}, 0, {1024, 803}, {178, 178, 178, 255} }},
	{{ {18671, 2393, 18671}, 0, {0, 402}, {178, 178, 178, 255} }},
	{{ {21858, 4949, 9054}, 0, {1024, 0}, {178, 178, 178, 255} }},
	{{ {18108, 4949, 18108}, 0, {0, 0}, {178, 178, 178, 255} }},
	{{ {-19235, -163, 19235}, 0, {0, 803}, {178, 178, 178, 255} }},
	{{ {-9336, 2393, 22538}, 0, {1024, 402}, {178, 178, 178, 255} }},
	{{ {-9617, -163, 23219}, 0, {1024, 803}, {178, 178, 178, 255} }},
	{{ {-18671, 2393, 18671}, 0, {0, 402}, {178, 178, 178, 255} }},
	{{ {-9054, 4949, 21858}, 0, {1024, 0}, {178, 178, 178, 255} }},
	{{ {-18108, 4949, 18108}, 0, {0, 0}, {178, 178, 178, 255} }},
	{{ {-19235, -163, -19235}, 0, {0, 803}, {178, 178, 178, 255} }},
	{{ {-22538, 2393, -9336}, 0, {1024, 402}, {178, 178, 178, 255} }},
	{{ {-23219, -163, -9617}, 0, {1024, 803}, {178, 178, 178, 255} }},
	{{ {-18671, 2393, -18671}, 0, {0, 402}, {178, 178, 178, 255} }},
	{{ {-21858, 4949, -9054}, 0, {1024, 0}, {178, 178, 178, 255} }},
	{{ {-18108, 4949, -18108}, 0, {0, 0}, {178, 178, 178, 255} }},
	{{ {19235, -163, -19235}, 0, {0, 803}, {178, 178, 178, 255} }},
	{{ {9336, 2393, -22538}, 0, {1024, 402}, {178, 178, 178, 255} }},
	{{ {9617, -163, -23219}, 0, {1024, 803}, {178, 178, 178, 255} }},
	{{ {18671, 2393, -18671}, 0, {0, 402}, {178, 178, 178, 255} }},
	{{ {9054, 4949, -21858}, 0, {1024, 0}, {178, 178, 178, 255} }},
	{{ {18108, 4949, -18108}, 0, {0, 0}, {178, 178, 178, 255} }},
	{{ {19235, -163, -19235}, 0, {4096, 803}, {178, 178, 178, 255} }},
	{{ {23421, -3179, -9701}, 0, {3072, 1285}, {178, 178, 178, 255} }},
	{{ {23219, -163, -9617}, 0, {3072, 803}, {178, 178, 178, 255} }},
	{{ {19403, -3179, -19403}, 0, {4096, 1285}, {178, 178, 178, 255} }},
	{{ {23624, -6194, -9785}, 0, {3072, 1767}, {178, 178, 178, 255} }},
	{{ {19571, -6194, -19571}, 0, {4096, 1767}, {178, 178, 178, 255} }},
	{{ {-19235, -163, 19235}, 0, {4096, 803}, {178, 178, 178, 255} }},
	{{ {-23421, -3179, 9701}, 0, {3072, 1285}, {178, 178, 178, 255} }},
	{{ {-23219, -163, 9617}, 0, {3072, 803}, {178, 178, 178, 255} }},
	{{ {-19403, -3179, 19403}, 0, {4096, 1285}, {178, 178, 178, 255} }},
	{{ {-23624, -6194, 9785}, 0, {3072, 1767}, {178, 178, 178, 255} }},
	{{ {-19571, -6194, 19571}, 0, {4096, 1767}, {178, 178, 178, 255} }},
	{{ {-19235, -163, -19235}, 0, {4096, 803}, {178, 178, 178, 255} }},
	{{ {-9701, -3179, -23421}, 0, {3072, 1285}, {178, 178, 178, 255} }},
	{{ {-9617, -163, -23219}, 0, {3072, 803}, {178, 178, 178, 255} }},
	{{ {-19403, -3179, -19403}, 0, {4096, 1285}, {178, 178, 178, 255} }},
	{{ {-9785, -6194, -23624}, 0, {3072, 1767}, {178, 178, 178, 255} }},
	{{ {-19571, -6194, -19571}, 0, {4096, 1767}, {178, 178, 178, 255} }},
	{{ {15058, -19057, 15058}, 0, {0, 4096}, {178, 178, 178, 255} }},
	{{ {16583, -18197, 16583}, 0, {0, 3823}, {178, 178, 178, 255} }},
	{{ {20018, -18197, 8292}, 0, {1024, 3823}, {178, 178, 178, 255} }},
	{{ {18177, -19057, 7529}, 0, {1024, 4096}, {178, 178, 178, 255} }},
	{{ {21858, -17338, 9054}, 0, {1024, 3550}, {178, 178, 178, 255} }},
	{{ {22538, -14781, 9336}, 0, {1024, 3140}, {178, 178, 178, 255} }},
	{{ {26405, -14781, 0}, 0, {2048, 3140}, {178, 178, 178, 255} }},
	{{ {25608, -17338, 0}, 0, {2048, 3550}, {178, 178, 178, 255} }},
	{{ {-15058, -19057, 15058}, 0, {0, 4096}, {178, 178, 178, 255} }},
	{{ {-16583, -18197, 16583}, 0, {0, 3823}, {178, 178, 178, 255} }},
	{{ {-8292, -18197, 20018}, 0, {1024, 3823}, {178, 178, 178, 255} }},
	{{ {-7529, -19057, 18177}, 0, {1024, 4096}, {178, 178, 178, 255} }},
	{{ {-9054, -17338, 21858}, 0, {1024, 3550}, {178, 178, 178, 255} }},
	{{ {-9336, -14781, 22538}, 0, {1024, 3140}, {178, 178, 178, 255} }},
	{{ {0, -14781, 26405}, 0, {2048, 3140}, {178, 178, 178, 255} }},
	{{ {0, -17338, 25608}, 0, {2048, 3550}, {178, 178, 178, 255} }},
	{{ {-15058, -19057, -15058}, 0, {0, 4096}, {178, 178, 178, 255} }},
	{{ {-16583, -18197, -16583}, 0, {0, 3823}, {178, 178, 178, 255} }},
	{{ {-20018, -18197, -8292}, 0, {1024, 3823}, {178, 178, 178, 255} }},
	{{ {-18177, -19057, -7529}, 0, {1024, 4096}, {178, 178, 178, 255} }},
	{{ {-21858, -17338, -9054}, 0, {1024, 3550}, {178, 178, 178, 255} }},
	{{ {-22538, -14781, -9336}, 0, {1024, 3140}, {178, 178, 178, 255} }},
	{{ {-26405, -14781, 0}, 0, {2048, 3140}, {178, 178, 178, 255} }},
	{{ {-25608, -17338, 0}, 0, {2048, 3550}, {178, 178, 178, 255} }},
	{{ {15058, -19057, -15058}, 0, {0, 4096}, {178, 178, 178, 255} }},
	{{ {16583, -18197, -16583}, 0, {0, 3823}, {178, 178, 178, 255} }},
	{{ {8292, -18197, -20017}, 0, {1024, 3823}, {178, 178, 178, 255} }},
	{{ {7529, -19057, -18177}, 0, {1024, 4096}, {178, 178, 178, 255} }},
	{{ {9054, -17338, -21858}, 0, {1024, 3550}, {178, 178, 178, 255} }},
	{{ {9336, -14781, -22538}, 0, {1024, 3140}, {178, 178, 178, 255} }},
	{{ {0, -14781, -26405}, 0, {2048, 3140}, {178, 178, 178, 255} }},
	{{ {0, -17338, -25608}, 0, {2048, 3550}, {178, 178, 178, 255} }},
};

Vtx wj_skybox_wj_sklybox_mesh_vtx_1[52] = {
	{{ {7529, -20681, -7529}, 0, {12320, -16}, {178, 178, 178, 255} }},
	{{ {15058, -19057, -15058}, 0, {12320, 2032}, {178, 178, 178, 255} }},
	{{ {0, -20681, -10648}, 0, {14376, -16}, {178, 178, 178, 255} }},
	{{ {7529, -19057, -18177}, 0, {13348, 2032}, {178, 178, 178, 255} }},
	{{ {0, -19057, -21296}, 0, {14376, 2032}, {178, 178, 178, 255} }},
	{{ {-7529, -20681, -7529}, 0, {12320, -16}, {178, 178, 178, 255} }},
	{{ {-7529, -19057, -18177}, 0, {13348, 2032}, {178, 178, 178, 255} }},
	{{ {-15058, -19057, -15058}, 0, {12320, 2032}, {178, 178, 178, 255} }},
	{{ {-10648, -20681, 0}, 0, {10264, -16}, {178, 178, 178, 255} }},
	{{ {-18177, -19057, -7529}, 0, {11292, 2032}, {178, 178, 178, 255} }},
	{{ {-21296, -19057, 0}, 0, {10264, 2032}, {178, 178, 178, 255} }},
	{{ {-7529, -20681, 7529}, 0, {8208, -16}, {178, 178, 178, 255} }},
	{{ {-18177, -19057, 7529}, 0, {9236, 2032}, {178, 178, 178, 255} }},
	{{ {-15058, -19057, 15058}, 0, {8208, 2032}, {178, 178, 178, 255} }},
	{{ {0, -20681, 10648}, 0, {6152, -16}, {178, 178, 178, 255} }},
	{{ {-7529, -19057, 18177}, 0, {7180, 2032}, {178, 178, 178, 255} }},
	{{ {0, -19057, 21296}, 0, {6152, 2032}, {178, 178, 178, 255} }},
	{{ {7529, -20681, 7529}, 0, {4096, -16}, {178, 178, 178, 255} }},
	{{ {7529, -19057, 18177}, 0, {5124, 2032}, {178, 178, 178, 255} }},
	{{ {15058, -19057, 15058}, 0, {4096, 2032}, {178, 178, 178, 255} }},
	{{ {10648, -20681, 0}, 0, {2040, -16}, {178, 178, 178, 255} }},
	{{ {18177, -19057, 7529}, 0, {3068, 2032}, {178, 178, 178, 255} }},
	{{ {21296, -19057, 0}, 0, {2040, 2032}, {178, 178, 178, 255} }},
	{{ {7529, -20681, -7529}, 0, {-16, -16}, {178, 178, 178, 255} }},
	{{ {18177, -19057, -7529}, 0, {1012, 2032}, {178, 178, 178, 255} }},
	{{ {15058, -19057, -15058}, 0, {-16, 2032}, {178, 178, 178, 255} }},
	{{ {-18108, 4949, 18108}, 0, {12320, 2032}, {178, 178, 178, 255} }},
	{{ {-14341, 10062, 14341}, 0, {12320, -16}, {178, 178, 178, 255} }},
	{{ {0, 10062, 20282}, 0, {14376, -16}, {178, 178, 178, 255} }},
	{{ {-9054, 4949, 21858}, 0, {13348, 2032}, {178, 178, 178, 255} }},
	{{ {0, 4949, 25608}, 0, {14376, 2032}, {178, 178, 178, 255} }},
	{{ {14341, 10062, 14341}, 0, {12320, -16}, {178, 178, 178, 255} }},
	{{ {9054, 4949, 21858}, 0, {13348, 2032}, {178, 178, 178, 255} }},
	{{ {18108, 4949, 18108}, 0, {12320, 2032}, {178, 178, 178, 255} }},
	{{ {20282, 10062, 0}, 0, {10264, -16}, {178, 178, 178, 255} }},
	{{ {21858, 4949, 9054}, 0, {11292, 2032}, {178, 178, 178, 255} }},
	{{ {25608, 4949, 0}, 0, {10264, 2032}, {178, 178, 178, 255} }},
	{{ {14341, 10062, -14341}, 0, {8208, -16}, {178, 178, 178, 255} }},
	{{ {21858, 4949, -9054}, 0, {9236, 2032}, {178, 178, 178, 255} }},
	{{ {18108, 4949, -18108}, 0, {8208, 2032}, {178, 178, 178, 255} }},
	{{ {0, 10062, -20282}, 0, {6152, -16}, {178, 178, 178, 255} }},
	{{ {9054, 4949, -21858}, 0, {7180, 2032}, {178, 178, 178, 255} }},
	{{ {0, 4949, -25608}, 0, {6152, 2032}, {178, 178, 178, 255} }},
	{{ {-14341, 10062, -14341}, 0, {4096, -16}, {178, 178, 178, 255} }},
	{{ {-9054, 4949, -21858}, 0, {5124, 2032}, {178, 178, 178, 255} }},
	{{ {-18108, 4949, -18108}, 0, {4096, 2032}, {178, 178, 178, 255} }},
	{{ {-20282, 10062, 0}, 0, {2040, -16}, {178, 178, 178, 255} }},
	{{ {-21858, 4949, -9054}, 0, {3068, 2032}, {178, 178, 178, 255} }},
	{{ {-25608, 4949, 0}, 0, {2040, 2032}, {178, 178, 178, 255} }},
	{{ {-14341, 10062, 14341}, 0, {-16, -16}, {178, 178, 178, 255} }},
	{{ {-21858, 4949, 9054}, 0, {1012, 2032}, {178, 178, 178, 255} }},
	{{ {-18108, 4949, 18108}, 0, {-16, 2032}, {178, 178, 178, 255} }},
};

Vtx wj_skybox_wj_sklybox_mesh_vtx_2[9] = {
	{{ {20282, 10062, 0}, 0, {4096, -16}, {178, 178, 178, 255} }},
	{{ {0, 11262, 0}, 0, {2040, -16}, {178, 178, 178, 255} }},
	{{ {14341, 10062, -14341}, 0, {3494, 1430}, {178, 178, 178, 255} }},
	{{ {14341, 10062, 14341}, 0, {3494, -1470}, {178, 178, 178, 255} }},
	{{ {0, 10062, 20282}, 0, {2040, -2072}, {178, 178, 178, 255} }},
	{{ {-14341, 10062, 14341}, 0, {586, -1470}, {178, 178, 178, 255} }},
	{{ {-20282, 10062, 0}, 0, {-16, -16}, {178, 178, 178, 255} }},
	{{ {-14341, 10062, -14341}, 0, {586, 1430}, {178, 178, 178, 255} }},
	{{ {0, 10062, -20282}, 0, {2040, 2032}, {178, 178, 178, 255} }},
};

Vtx wj_skybox_wj_sklybox_mesh_vtx_3[9] = {
	{{ {-7529, -20681, -7529}, 0, {586, 1430}, {178, 178, 178, 255} }},
	{{ {-10648, -20681, 0}, 0, {-16, -16}, {178, 178, 178, 255} }},
	{{ {0, -22305, 0}, 0, {2040, -16}, {178, 178, 178, 255} }},
	{{ {-7529, -20681, 7529}, 0, {586, -1470}, {178, 178, 178, 255} }},
	{{ {0, -20681, 10648}, 0, {2040, -2072}, {178, 178, 178, 255} }},
	{{ {7529, -20681, 7529}, 0, {3494, -1470}, {178, 178, 178, 255} }},
	{{ {10648, -20681, 0}, 0, {4096, -16}, {178, 178, 178, 255} }},
	{{ {7529, -20681, -7529}, 0, {3494, 1430}, {178, 178, 178, 255} }},
	{{ {0, -20681, -10648}, 0, {2040, 2032}, {178, 178, 178, 255} }},
};

Gfx wj_skybox_wj_sklybox_mesh[] = {
	gsSPLoadGeometryMode(G_SHADE | G_CULL_BACK | G_SHADING_SMOOTH),
	gsDPSetCombineLERP(TEXEL0, 0, SHADE, 0, ENVIRONMENT, 0, SHADE, 0, TEXEL0, 0, SHADE, 0, ENVIRONMENT, 0, SHADE, 0),
	gsSPSetOtherMode(G_SETOTHERMODE_H, 4, 20, G_AD_NOISE | G_CD_MAGICSQ | G_CK_NONE | G_TC_FILT | G_TF_BILERP | G_TT_NONE | G_TL_TILE | G_TD_CLAMP | G_TP_PERSP | G_CYC_1CYCLE | G_PM_NPRIMITIVE),
	gsSPSetOtherMode(G_SETOTHERMODE_L, 0, 32, G_AC_NONE | G_ZS_PIXEL | CVG_DST_CLAMP | ZMODE_OPA | ALPHA_CVG_SEL | GBL_c1(G_BL_CLR_IN, G_BL_A_IN, G_BL_CLR_MEM, G_BL_A_MEM) | GBL_c2(G_BL_CLR_IN, G_BL_A_IN, G_BL_CLR_MEM, G_BL_A_MEM)),
	gsSPTexture(65535, 65535, 0, 0, 1),
	gsDPLoadSync(),
	gsDPSetTextureImage(G_IM_FMT_RGBA, G_IM_SIZ_16b, 128, wj_skybox_T_junglenbg_rgba16),
	gsDPSetTile(G_IM_FMT_RGBA, G_IM_SIZ_16b, 24, 0, 7, 0, G_TX_WRAP | G_TX_NOMIRROR, 0, 0, G_TX_WRAP | G_TX_NOMIRROR, 0, 0),
	gsDPLoadTile(7, 128, 440, 508, 508),
	gsDPSetTile(G_IM_FMT_RGBA, G_IM_SIZ_16b, 24, 0, 0, 0, G_TX_CLAMP | G_TX_NOMIRROR, 0, 0, G_TX_CLAMP | G_TX_NOMIRROR, 0, 0),
	gsDPSetTileSize(0, 128, 440, 508, 508),
	gsSPVertex(wj_skybox_wj_sklybox_mesh_vtx_0 + 0, 51, 0),
	gsSP2Triangles(0, 1, 2, 0, 0, 2, 3, 0),
	gsSP2Triangles(3, 2, 4, 0, 3, 4, 5, 0),
	gsSP2Triangles(6, 5, 4, 0, 6, 7, 5, 0),
	gsSP2Triangles(7, 8, 5, 0, 7, 9, 8, 0),
	gsSP2Triangles(10, 5, 8, 0, 10, 3, 5, 0),
	gsSP2Triangles(11, 3, 10, 0, 11, 0, 3, 0),
	gsSP2Triangles(12, 13, 14, 0, 12, 15, 13, 0),
	gsSP2Triangles(15, 16, 13, 0, 15, 17, 16, 0),
	gsSP2Triangles(18, 19, 20, 0, 18, 20, 21, 0),
	gsSP2Triangles(21, 20, 22, 0, 21, 22, 23, 0),
	gsSP2Triangles(24, 23, 22, 0, 24, 25, 23, 0),
	gsSP2Triangles(25, 26, 23, 0, 25, 27, 26, 0),
	gsSP2Triangles(28, 23, 26, 0, 28, 21, 23, 0),
	gsSP2Triangles(29, 21, 28, 0, 29, 18, 21, 0),
	gsSP2Triangles(30, 31, 32, 0, 30, 32, 33, 0),
	gsSP2Triangles(33, 32, 34, 0, 33, 34, 35, 0),
	gsSP2Triangles(36, 33, 35, 0, 36, 35, 37, 0),
	gsSP2Triangles(38, 33, 36, 0, 38, 30, 33, 0),
	gsSP2Triangles(39, 40, 41, 0, 39, 41, 42, 0),
	gsSP2Triangles(42, 41, 43, 0, 42, 43, 44, 0),
	gsSP2Triangles(45, 44, 43, 0, 45, 46, 44, 0),
	gsSP2Triangles(46, 47, 44, 0, 46, 48, 47, 0),
	gsSP2Triangles(49, 44, 47, 0, 49, 42, 44, 0),
	gsSP2Triangles(50, 42, 49, 0, 50, 39, 42, 0),
	gsDPLoadSync(),
	gsDPSetTile(G_IM_FMT_RGBA, G_IM_SIZ_16b, 9, 0, 7, 0, G_TX_WRAP | G_TX_NOMIRROR, 0, 0, G_TX_WRAP | G_TX_NOMIRROR, 0, 0),
	gsDPLoadTile(7, 128, 220, 256, 396),
	gsDPSetTile(G_IM_FMT_RGBA, G_IM_SIZ_16b, 9, 0, 0, 0, G_TX_CLAMP | G_TX_NOMIRROR, 0, 0, G_TX_CLAMP | G_TX_NOMIRROR, 0, 0),
	gsDPSetTileSize(0, 128, 220, 256, 396),
	gsSPVertex(wj_skybox_wj_sklybox_mesh_vtx_0 + 51, 32, 0),
	gsSP2Triangles(0, 1, 2, 0, 0, 3, 1, 0),
	gsSP2Triangles(3, 4, 1, 0, 3, 5, 4, 0),
	gsSP2Triangles(5, 6, 4, 0, 5, 7, 6, 0),
	gsSP2Triangles(8, 9, 10, 0, 9, 11, 10, 0),
	gsSP2Triangles(9, 12, 11, 0, 12, 13, 11, 0),
	gsSP2Triangles(12, 14, 13, 0, 8, 10, 15, 0),
	gsSP2Triangles(16, 17, 18, 0, 17, 19, 18, 0),
	gsSP2Triangles(17, 20, 19, 0, 20, 21, 19, 0),
	gsSP2Triangles(20, 22, 21, 0, 16, 18, 23, 0),
	gsSP2Triangles(24, 25, 26, 0, 25, 27, 26, 0),
	gsSP2Triangles(25, 28, 27, 0, 28, 29, 27, 0),
	gsSP2Triangles(28, 30, 29, 0, 24, 26, 31, 0),
	gsDPLoadSync(),
	gsDPSetTile(G_IM_FMT_RGBA, G_IM_SIZ_16b, 1, 0, 7, 0, G_TX_WRAP | G_TX_NOMIRROR, 0, 0, G_TX_WRAP | G_TX_NOMIRROR, 0, 0),
	gsDPLoadTile(7, 508, 0, 508, 444),
	gsDPSetTile(G_IM_FMT_RGBA, G_IM_SIZ_16b, 1, 0, 0, 0, G_TX_CLAMP | G_TX_NOMIRROR, 0, 0, G_TX_CLAMP | G_TX_NOMIRROR, 0, 0),
	gsDPSetTileSize(0, 508, 0, 508, 444),
	gsSPVertex(wj_skybox_wj_sklybox_mesh_vtx_0 + 83, 27, 0),
	gsSP2Triangles(0, 1, 2, 0, 0, 2, 3, 0),
	gsSP2Triangles(3, 2, 4, 0, 3, 4, 5, 0),
	gsSP2Triangles(6, 3, 5, 0, 6, 5, 7, 0),
	gsSP2Triangles(8, 6, 7, 0, 8, 7, 9, 0),
	gsSP2Triangles(10, 8, 9, 0, 10, 9, 11, 0),
	gsSP2Triangles(12, 10, 11, 0, 12, 11, 13, 0),
	gsSP2Triangles(14, 12, 13, 0, 14, 13, 15, 0),
	gsSP2Triangles(16, 14, 15, 0, 16, 15, 17, 0),
	gsSP2Triangles(18, 16, 17, 0, 18, 17, 19, 0),
	gsSP2Triangles(20, 16, 18, 0, 20, 21, 16, 0),
	gsSP2Triangles(21, 14, 16, 0, 21, 22, 14, 0),
	gsSP2Triangles(22, 12, 14, 0, 22, 23, 12, 0),
	gsSP2Triangles(23, 10, 12, 0, 23, 24, 10, 0),
	gsSP2Triangles(24, 8, 10, 0, 24, 25, 8, 0),
	gsSP2Triangles(25, 6, 8, 0, 25, 26, 6, 0),
	gsSP2Triangles(26, 3, 6, 0, 26, 0, 3, 0),
	gsDPLoadSync(),
	gsDPSetTile(G_IM_FMT_RGBA, G_IM_SIZ_16b, 9, 0, 7, 0, G_TX_WRAP | G_TX_NOMIRROR, 0, 0, G_TX_WRAP | G_TX_NOMIRROR, 0, 0),
	gsDPLoadTile(7, 256, 48, 384, 224),
	gsDPSetTile(G_IM_FMT_RGBA, G_IM_SIZ_16b, 9, 0, 0, 0, G_TX_CLAMP | G_TX_NOMIRROR, 0, 0, G_TX_CLAMP | G_TX_NOMIRROR, 0, 0),
	gsDPSetTileSize(0, 256, 48, 384, 224),
	gsSPVertex(wj_skybox_wj_sklybox_mesh_vtx_0 + 110, 24, 0),
	gsSP2Triangles(0, 1, 2, 0, 0, 2, 3, 0),
	gsSP2Triangles(4, 0, 3, 0, 4, 3, 5, 0),
	gsSP2Triangles(6, 4, 5, 0, 6, 5, 7, 0),
	gsSP2Triangles(8, 9, 10, 0, 8, 10, 11, 0),
	gsSP2Triangles(12, 8, 11, 0, 12, 11, 13, 0),
	gsSP2Triangles(14, 12, 13, 0, 14, 13, 15, 0),
	gsSP2Triangles(16, 17, 18, 0, 16, 18, 19, 0),
	gsSP2Triangles(20, 16, 19, 0, 20, 19, 21, 0),
	gsSP2Triangles(22, 20, 21, 0, 22, 21, 23, 0),
	gsDPLoadSync(),
	gsDPLoadTile(7, 128, 0, 256, 164),
	gsDPSetTileSize(0, 128, 0, 256, 164),
	gsSPVertex(wj_skybox_wj_sklybox_mesh_vtx_0 + 134, 32, 0),
	gsSP2Triangles(0, 1, 2, 0, 0, 2, 3, 0),
	gsSP2Triangles(4, 0, 3, 0, 4, 3, 5, 0),
	gsSP2Triangles(6, 4, 5, 0, 6, 5, 7, 0),
	gsSP2Triangles(8, 9, 10, 0, 8, 10, 11, 0),
	gsSP2Triangles(12, 8, 11, 0, 12, 11, 13, 0),
	gsSP2Triangles(14, 12, 13, 0, 14, 13, 15, 0),
	gsSP2Triangles(16, 17, 18, 0, 16, 18, 19, 0),
	gsSP2Triangles(20, 16, 19, 0, 20, 19, 21, 0),
	gsSP2Triangles(22, 20, 21, 0, 22, 21, 23, 0),
	gsSP2Triangles(24, 25, 26, 0, 24, 26, 27, 0),
	gsSP2Triangles(28, 24, 27, 0, 28, 27, 29, 0),
	gsSP2Triangles(30, 28, 29, 0, 30, 29, 31, 0),
	gsDPLoadSync(),
	gsDPLoadTile(7, 256, 280, 384, 444),
	gsDPSetTileSize(0, 256, 280, 384, 444),
	gsSPVertex(wj_skybox_wj_sklybox_mesh_vtx_0 + 166, 24, 0),
	gsSP2Triangles(0, 1, 2, 0, 0, 3, 1, 0),
	gsSP2Triangles(3, 4, 1, 0, 3, 5, 4, 0),
	gsSP2Triangles(5, 6, 4, 0, 5, 7, 6, 0),
	gsSP2Triangles(8, 9, 10, 0, 8, 11, 9, 0),
	gsSP2Triangles(11, 12, 9, 0, 11, 13, 12, 0),
	gsSP2Triangles(13, 14, 12, 0, 13, 15, 14, 0),
	gsSP2Triangles(16, 17, 18, 0, 16, 19, 17, 0),
	gsSP2Triangles(19, 20, 17, 0, 19, 21, 20, 0),
	gsSP2Triangles(22, 16, 18, 0, 22, 18, 23, 0),
	gsDPLoadSync(),
	gsDPSetTile(G_IM_FMT_RGBA, G_IM_SIZ_16b, 16, 0, 7, 0, G_TX_WRAP | G_TX_NOMIRROR, 0, 0, G_TX_WRAP | G_TX_NOMIRROR, 0, 0),
	gsDPLoadTile(7, 256, 220, 508, 344),
	gsDPSetTile(G_IM_FMT_RGBA, G_IM_SIZ_16b, 16, 0, 0, 0, G_TX_CLAMP | G_TX_NOMIRROR, 0, 0, G_TX_CLAMP | G_TX_NOMIRROR, 0, 0),
	gsDPSetTileSize(0, 256, 220, 508, 344),
	gsSPVertex(wj_skybox_wj_sklybox_mesh_vtx_0 + 190, 24, 0),
	gsSP2Triangles(0, 1, 2, 0, 0, 3, 1, 0),
	gsSP2Triangles(4, 3, 0, 0, 4, 5, 3, 0),
	gsSP2Triangles(5, 6, 3, 0, 5, 7, 6, 0),
	gsSP2Triangles(8, 9, 10, 0, 8, 11, 9, 0),
	gsSP2Triangles(12, 11, 8, 0, 12, 13, 11, 0),
	gsSP2Triangles(13, 14, 11, 0, 13, 15, 14, 0),
	gsSP2Triangles(16, 17, 18, 0, 16, 19, 17, 0),
	gsSP2Triangles(20, 19, 16, 0, 20, 21, 19, 0),
	gsSP2Triangles(21, 22, 19, 0, 21, 23, 22, 0),
	gsDPLoadSync(),
	gsDPSetTile(G_IM_FMT_RGBA, G_IM_SIZ_16b, 8, 0, 7, 0, G_TX_WRAP | G_TX_NOMIRROR, 0, 0, G_TX_WRAP | G_TX_NOMIRROR, 0, 0),
	gsDPLoadTile(7, 384, 340, 508, 444),
	gsDPSetTile(G_IM_FMT_RGBA, G_IM_SIZ_16b, 8, 0, 0, 0, G_TX_CLAMP | G_TX_NOMIRROR, 0, 0, G_TX_CLAMP | G_TX_NOMIRROR, 0, 0),
	gsDPSetTileSize(0, 384, 340, 508, 444),
	gsSPVertex(wj_skybox_wj_sklybox_mesh_vtx_0 + 214, 18, 0),
	gsSP2Triangles(0, 1, 2, 0, 0, 2, 3, 0),
	gsSP2Triangles(4, 0, 3, 0, 4, 3, 5, 0),
	gsSP2Triangles(6, 7, 8, 0, 6, 9, 7, 0),
	gsSP2Triangles(9, 10, 7, 0, 9, 11, 10, 0),
	gsSP2Triangles(12, 13, 14, 0, 12, 15, 13, 0),
	gsSP2Triangles(15, 16, 13, 0, 15, 17, 16, 0),
	gsDPLoadSync(),
	gsDPSetTile(G_IM_FMT_RGBA, G_IM_SIZ_16b, 16, 0, 7, 0, G_TX_WRAP | G_TX_NOMIRROR, 0, 0, G_TX_WRAP | G_TX_NOMIRROR, 0, 0),
	gsDPLoadTile(7, 256, 0, 508, 104),
	gsDPSetTile(G_IM_FMT_RGBA, G_IM_SIZ_16b, 16, 0, 0, 0, G_TX_CLAMP | G_TX_NOMIRROR, 0, 0, G_TX_CLAMP | G_TX_NOMIRROR, 0, 0),
	gsDPSetTileSize(0, 256, 0, 508, 104),
	gsSPVertex(wj_skybox_wj_sklybox_mesh_vtx_0 + 232, 24, 0),
	gsSP2Triangles(0, 1, 2, 0, 0, 3, 1, 0),
	gsSP2Triangles(4, 3, 0, 0, 4, 5, 3, 0),
	gsSP2Triangles(5, 6, 3, 0, 5, 7, 6, 0),
	gsSP2Triangles(8, 9, 10, 0, 8, 11, 9, 0),
	gsSP2Triangles(12, 11, 8, 0, 12, 13, 11, 0),
	gsSP2Triangles(13, 14, 11, 0, 13, 15, 14, 0),
	gsSP2Triangles(16, 17, 18, 0, 16, 19, 17, 0),
	gsSP2Triangles(20, 19, 16, 0, 20, 21, 19, 0),
	gsSP2Triangles(21, 22, 19, 0, 21, 23, 22, 0),
	gsDPLoadSync(),
	gsDPSetTile(G_IM_FMT_RGBA, G_IM_SIZ_16b, 17, 0, 7, 0, G_TX_WRAP | G_TX_NOMIRROR, 0, 0, G_TX_WRAP | G_TX_NOMIRROR, 0, 0),
	gsDPLoadTile(7, 0, 160, 256, 224),
	gsDPSetTile(G_IM_FMT_RGBA, G_IM_SIZ_16b, 17, 0, 0, 0, G_TX_CLAMP | G_TX_NOMIRROR, 0, 0, G_TX_CLAMP | G_TX_NOMIRROR, 0, 0),
	gsDPSetTileSize(0, 0, 160, 256, 224),
	gsSPVertex(wj_skybox_wj_sklybox_mesh_vtx_0 + 256, 24, 0),
	gsSP2Triangles(0, 1, 2, 0, 0, 3, 1, 0),
	gsSP2Triangles(4, 3, 0, 0, 4, 5, 3, 0),
	gsSP2Triangles(6, 7, 8, 0, 6, 9, 7, 0),
	gsSP2Triangles(10, 9, 6, 0, 10, 11, 9, 0),
	gsSP2Triangles(12, 13, 14, 0, 12, 15, 13, 0),
	gsSP2Triangles(16, 15, 12, 0, 16, 17, 15, 0),
	gsSP2Triangles(18, 19, 20, 0, 18, 21, 19, 0),
	gsSP2Triangles(22, 21, 18, 0, 22, 23, 21, 0),
	gsDPLoadSync(),
	gsDPSetTile(G_IM_FMT_RGBA, G_IM_SIZ_16b, 9, 0, 7, 0, G_TX_WRAP | G_TX_NOMIRROR, 0, 0, G_TX_WRAP | G_TX_NOMIRROR, 0, 0),
	gsDPLoadTile(7, 0, 100, 128, 284),
	gsDPSetTile(G_IM_FMT_RGBA, G_IM_SIZ_16b, 9, 0, 0, 0, G_TX_CLAMP | G_TX_NOMIRROR, 0, 0, G_TX_CLAMP | G_TX_NOMIRROR, 0, 0),
	gsDPSetTileSize(0, 0, 100, 128, 284),
	gsSPVertex(wj_skybox_wj_sklybox_mesh_vtx_0 + 280, 32, 0),
	gsSP2Triangles(0, 1, 2, 0, 0, 3, 1, 0),
	gsSP2Triangles(4, 5, 6, 0, 4, 6, 7, 0),
	gsSP2Triangles(8, 9, 10, 0, 8, 11, 9, 0),
	gsSP2Triangles(12, 13, 14, 0, 12, 14, 15, 0),
	gsSP2Triangles(16, 17, 18, 0, 16, 19, 17, 0),
	gsSP2Triangles(20, 21, 22, 0, 20, 22, 23, 0),
	gsSP2Triangles(24, 25, 26, 0, 24, 27, 25, 0),
	gsSP2Triangles(28, 29, 30, 0, 28, 30, 31, 0),
	gsDPLoadSync(),
	gsDPLoadTile(7, 0, 280, 128, 480),
	gsDPSetTileSize(0, 0, 280, 128, 480),
	gsSPVertex(wj_skybox_wj_sklybox_mesh_vtx_0 + 312, 40, 0),
	gsSP2Triangles(0, 1, 2, 0, 0, 2, 3, 0),
	gsSP2Triangles(4, 0, 3, 0, 4, 3, 5, 0),
	gsSP2Triangles(6, 4, 5, 0, 6, 5, 7, 0),
	gsSP2Triangles(8, 6, 7, 0, 8, 7, 9, 0),
	gsSP2Triangles(10, 11, 12, 0, 10, 12, 13, 0),
	gsSP2Triangles(14, 10, 13, 0, 14, 13, 15, 0),
	gsSP2Triangles(16, 14, 15, 0, 16, 15, 17, 0),
	gsSP2Triangles(18, 16, 17, 0, 18, 17, 19, 0),
	gsSP2Triangles(20, 21, 22, 0, 20, 22, 23, 0),
	gsSP2Triangles(24, 20, 23, 0, 24, 23, 25, 0),
	gsSP2Triangles(26, 24, 25, 0, 26, 25, 27, 0),
	gsSP2Triangles(28, 26, 27, 0, 28, 27, 29, 0),
	gsSP2Triangles(30, 31, 32, 0, 30, 32, 33, 0),
	gsSP2Triangles(34, 30, 33, 0, 34, 33, 35, 0),
	gsSP2Triangles(36, 34, 35, 0, 36, 35, 37, 0),
	gsSP2Triangles(38, 36, 37, 0, 38, 37, 39, 0),
	gsDPLoadSync(),
	gsDPLoadTile(7, 0, 0, 128, 104),
	gsDPSetTileSize(0, 0, 0, 128, 104),
	gsSPVertex(wj_skybox_wj_sklybox_mesh_vtx_0 + 352, 24, 0),
	gsSP2Triangles(0, 1, 2, 0, 0, 3, 1, 0),
	gsSP2Triangles(3, 4, 1, 0, 3, 5, 4, 0),
	gsSP2Triangles(6, 7, 8, 0, 6, 9, 7, 0),
	gsSP2Triangles(9, 10, 7, 0, 9, 11, 10, 0),
	gsSP2Triangles(12, 13, 14, 0, 12, 15, 13, 0),
	gsSP2Triangles(15, 16, 13, 0, 15, 17, 16, 0),
	gsSP2Triangles(18, 19, 20, 0, 18, 21, 19, 0),
	gsSP2Triangles(21, 22, 19, 0, 21, 23, 22, 0),
	gsDPLoadSync(),
	gsDPSetTile(G_IM_FMT_RGBA, G_IM_SIZ_16b, 8, 0, 7, 0, G_TX_WRAP | G_TX_NOMIRROR, 0, 0, G_TX_WRAP | G_TX_NOMIRROR, 0, 0),
	gsDPLoadTile(7, 384, 100, 508, 224),
	gsDPSetTile(G_IM_FMT_RGBA, G_IM_SIZ_16b, 8, 0, 0, 0, G_TX_CLAMP | G_TX_NOMIRROR, 0, 0, G_TX_CLAMP | G_TX_NOMIRROR, 0, 0),
	gsDPSetTileSize(0, 384, 100, 508, 224),
	gsSPVertex(wj_skybox_wj_sklybox_mesh_vtx_0 + 376, 18, 0),
	gsSP2Triangles(0, 1, 2, 0, 0, 3, 1, 0),
	gsSP2Triangles(3, 4, 1, 0, 3, 5, 4, 0),
	gsSP2Triangles(6, 7, 8, 0, 6, 9, 7, 0),
	gsSP2Triangles(9, 10, 7, 0, 9, 11, 10, 0),
	gsSP2Triangles(12, 13, 14, 0, 12, 15, 13, 0),
	gsSP2Triangles(15, 16, 13, 0, 15, 17, 16, 0),
	gsDPLoadSync(),
	gsDPSetTile(G_IM_FMT_RGBA, G_IM_SIZ_16b, 17, 0, 7, 0, G_TX_WRAP | G_TX_NOMIRROR, 0, 0, G_TX_WRAP | G_TX_NOMIRROR, 0, 0),
	gsDPLoadTile(7, 0, 392, 256, 508),
	gsDPSetTile(G_IM_FMT_RGBA, G_IM_SIZ_16b, 17, 0, 0, 0, G_TX_CLAMP | G_TX_NOMIRROR, 0, 0, G_TX_CLAMP | G_TX_NOMIRROR, 0, 0),
	gsDPSetTileSize(0, 0, 392, 256, 508),
	gsSPVertex(wj_skybox_wj_sklybox_mesh_vtx_0 + 394, 32, 0),
	gsSP2Triangles(0, 1, 2, 0, 0, 2, 3, 0),
	gsSP2Triangles(4, 5, 6, 0, 4, 6, 7, 0),
	gsSP2Triangles(8, 9, 10, 0, 8, 10, 11, 0),
	gsSP2Triangles(12, 13, 14, 0, 12, 14, 15, 0),
	gsSP2Triangles(16, 17, 18, 0, 16, 18, 19, 0),
	gsSP2Triangles(20, 21, 22, 0, 20, 22, 23, 0),
	gsSP2Triangles(24, 25, 26, 0, 24, 26, 27, 0),
	gsSP2Triangles(28, 29, 30, 0, 28, 30, 31, 0),
	gsDPPipeSync(),
	gsSPSetOtherMode(G_SETOTHERMODE_H, 4, 20, G_AD_NOISE | G_CD_MAGICSQ | G_CK_NONE | G_TC_FILT | G_TF_BILERP | G_TT_RGBA16 | G_TL_TILE | G_TD_CLAMP | G_TP_PERSP | G_CYC_1CYCLE | G_PM_NPRIMITIVE),
	gsDPSetTextureImage(G_IM_FMT_RGBA, G_IM_SIZ_16b, 1, wj_skybox_T_junglenbg2_pal_rgba16),
	gsDPSetTile(0, 0, 0, 256, 5, 0, G_TX_WRAP | G_TX_NOMIRROR, 0, 0, G_TX_WRAP | G_TX_NOMIRROR, 0, 0),
	gsDPLoadTLUTCmd(5, 14),
	gsDPSetTextureImage(G_IM_FMT_CI, G_IM_SIZ_16b, 1, wj_skybox_T_junglenbg2_ci4),
	gsDPSetTile(G_IM_FMT_CI, G_IM_SIZ_16b, 0, 0, 7, 0, G_TX_WRAP | G_TX_NOMIRROR, 0, 0, G_TX_WRAP | G_TX_NOMIRROR, 0, 0),
	gsDPLoadBlock(7, 0, 0, 1023, 512),
	gsDPSetTile(G_IM_FMT_CI, G_IM_SIZ_4b, 4, 0, 0, 0, G_TX_CLAMP | G_TX_NOMIRROR, 6, 0, G_TX_WRAP | G_TX_NOMIRROR, 6, 0),
	gsDPSetTileSize(0, 0, 0, 252, 252),
	gsSPVertex(wj_skybox_wj_sklybox_mesh_vtx_1 + 0, 52, 0),
	gsSP2Triangles(0, 1, 2, 0, 2, 1, 3, 0),
	gsSP2Triangles(2, 3, 4, 0, 2, 4, 5, 0),
	gsSP2Triangles(5, 4, 6, 0, 5, 6, 7, 0),
	gsSP2Triangles(5, 7, 8, 0, 8, 7, 9, 0),
	gsSP2Triangles(8, 9, 10, 0, 8, 10, 11, 0),
	gsSP2Triangles(11, 10, 12, 0, 11, 12, 13, 0),
	gsSP2Triangles(11, 13, 14, 0, 14, 13, 15, 0),
	gsSP2Triangles(14, 15, 16, 0, 14, 16, 17, 0),
	gsSP2Triangles(17, 16, 18, 0, 17, 18, 19, 0),
	gsSP2Triangles(17, 19, 20, 0, 20, 19, 21, 0),
	gsSP2Triangles(20, 21, 22, 0, 20, 22, 23, 0),
	gsSP2Triangles(23, 22, 24, 0, 23, 24, 25, 0),
	gsSP2Triangles(26, 27, 28, 0, 26, 28, 29, 0),
	gsSP2Triangles(28, 30, 29, 0, 30, 28, 31, 0),
	gsSP2Triangles(30, 31, 32, 0, 31, 33, 32, 0),
	gsSP2Triangles(33, 31, 34, 0, 33, 34, 35, 0),
	gsSP2Triangles(34, 36, 35, 0, 36, 34, 37, 0),
	gsSP2Triangles(36, 37, 38, 0, 37, 39, 38, 0),
	gsSP2Triangles(39, 37, 40, 0, 39, 40, 41, 0),
	gsSP2Triangles(40, 42, 41, 0, 42, 40, 43, 0),
	gsSP2Triangles(42, 43, 44, 0, 43, 45, 44, 0),
	gsSP2Triangles(45, 43, 46, 0, 45, 46, 47, 0),
	gsSP2Triangles(46, 48, 47, 0, 48, 46, 49, 0),
	gsSP2Triangles(48, 49, 50, 0, 49, 51, 50, 0),
	gsDPPipeSync(),
	gsDPSetTextureImage(G_IM_FMT_RGBA, G_IM_SIZ_16b, 1, wj_skybox_jungle64_6_pal_rgba16),
	gsDPLoadTLUTCmd(5, 10),
	gsDPSetTextureImage(G_IM_FMT_CI, G_IM_SIZ_16b, 1, wj_skybox_jungle64_6_ci4),
	gsDPLoadBlock(7, 0, 0, 1023, 512),
	gsDPSetTile(G_IM_FMT_CI, G_IM_SIZ_4b, 4, 0, 0, 0, G_TX_WRAP | G_TX_MIRROR, 6, 0, G_TX_WRAP | G_TX_MIRROR, 6, 0),
	gsSPVertex(wj_skybox_wj_sklybox_mesh_vtx_2 + 0, 9, 0),
	gsSP2Triangles(0, 1, 2, 0, 0, 3, 1, 0),
	gsSP2Triangles(1, 3, 4, 0, 1, 4, 5, 0),
	gsSP2Triangles(5, 6, 1, 0, 1, 6, 7, 0),
	gsSP2Triangles(1, 7, 8, 0, 2, 1, 8, 0),
	gsSPVertex(wj_skybox_wj_sklybox_mesh_vtx_3 + 0, 9, 0),
	gsSP2Triangles(0, 1, 2, 0, 3, 2, 1, 0),
	gsSP2Triangles(3, 4, 2, 0, 2, 4, 5, 0),
	gsSP2Triangles(2, 5, 6, 0, 7, 2, 6, 0),
	gsSP2Triangles(8, 2, 7, 0, 0, 2, 8, 0),
	gsDPPipeSync(),
	gsSPLoadGeometryMode(G_ZBUFFER | G_SHADE | G_CULL_BACK | G_LIGHTING | G_SHADING_SMOOTH),
	gsSPSetOtherMode(G_SETOTHERMODE_H, 4, 20, G_CD_MAGICSQ | G_AD_DISABLE | G_CK_NONE | G_TC_FILT | G_TF_BILERP | G_TT_NONE | G_TL_TILE | G_TD_CLAMP | G_TP_PERSP | G_CYC_1CYCLE | G_PM_1PRIMITIVE),
	gsSPSetOtherMode(G_SETOTHERMODE_L, 0, 32, G_AC_NONE | G_ZS_PIXEL | G_RM_AA_ZB_OPA_SURF | G_RM_AA_ZB_OPA_SURF2),
	gsSPEndDisplayList(),
};

