ALIGNED8 u8 wb_cont_miu128_mh001_ci4[] = {
	0x00, 0x01, 0x11, 0x22, 0x12, 0x22, 0x31, 0x11, 
	0x22, 0x13, 0x22, 0x02, 0x00, 0x13, 0x33, 0x13, 
	0x33, 0x22, 0x44, 0x55, 0x55, 0x55, 0x55, 0x34, 
	0x53, 0x22, 0x21, 0x11, 0x66, 0x00, 0x66, 0x66, 
	0x78, 0x08, 0x99, 0x09, 0x91, 0x99, 0x19, 0x19, 
	0x21, 0x61, 0x11, 0x02, 0x20, 0x61, 0x22, 0x31, 
	0x11, 0x23, 0x33, 0x33, 0x33, 0x33, 0x44, 0x44, 
	0x52, 0x42, 0x16, 0x13, 0x00, 0x00, 0x06, 0x86, 
	0x7a, 0x79, 0x79, 0xb7, 0x9b, 0xb9, 0xbb, 0xb7, 
	0x99, 0x79, 0xbb, 0xc8, 0x99, 0x99, 0x99, 0x9c, 
	0x99, 0xc9, 0x9c, 0xcd, 0xcc, 0xcc, 0xcc, 0x99, 
	0xc9, 0xcc, 0x9c, 0xbb, 0x9b, 0xb7, 0x88, 0x78, 
	0xee, 0xee, 0xee, 0xaa, 0xaa, 0xaa, 0xee, 0xaa, 
	0xaa, 0xaa, 0xa7, 0x77, 0xaa, 0xaa, 0x77, 0x77, 
	0x88, 0x77, 0x77, 0xbb, 0xbb, 0xbb, 0x77, 0x77, 
	0x77, 0xaa, 0x77, 0xee, 0xee, 0xae, 0xee, 0xee, 
	0xff, 0xff, 0xff, 0xff, 0x97, 0xff, 0x76, 0xf4, 
	0xf8, 0xff, 0xf7, 0xaf, 0xff, 0xff, 0xff, 0xff, 
	0xff, 0xff, 0xff, 0xf8, 0x7f, 0xf7, 0x0f, 0x3f, 
	0x8f, 0xff, 0xff, 0xff, 0xff, 0xff, 0xff, 0xff, 
	0xee, 0xfe, 0xee, 0xae, 0xd9, 0xf6, 0x66, 0x77, 
	0x25, 0x79, 0x97, 0x9a, 0xee, 0xaa, 0xef, 0xff, 
	0xfa, 0xee, 0x7b, 0xf4, 0x2f, 0x70, 0x22, 0x03, 
	0x55, 0x7d, 0x1f, 0xea, 0xee, 0xef, 0xf7, 0xaa, 
	0xaa, 0x7e, 0xee, 0xee, 0x11, 0xe6, 0x16, 0x25, 
	0x56, 0x2e, 0x52, 0xee, 0xe7, 0xae, 0xef, 0xff, 
	0xfa, 0xaa, 0x7b, 0xf4, 0x1f, 0x61, 0x12, 0x55, 
	0xe2, 0xe4, 0x5e, 0xea, 0xee, 0xef, 0xf8, 0x77, 
	0x88, 0x8e, 0xee, 0xee, 0xe1, 0x6e, 0xa6, 0x22, 
	0x33, 0x6e, 0x25, 0xee, 0xee, 0xee, 0xef, 0xff, 
	0xfa, 0xae, 0xb9, 0x77, 0x18, 0x6a, 0x21, 0x14, 
	0x29, 0x11, 0x0e, 0xea, 0xee, 0xef, 0x98, 0x88, 
	0x11, 0x16, 0xee, 0xee, 0xa0, 0x10, 0xa8, 0x66, 
	0x9a, 0x95, 0xbe, 0xee, 0xee, 0xea, 0xff, 0xff, 
	0xee, 0xea, 0xa7, 0xba, 0x44, 0x3e, 0x97, 0xeb, 
	0xe2, 0x55, 0xee, 0xaa, 0xee, 0xff, 0x11, 0x19, 
	0x44, 0x43, 0x8e, 0xee, 0xaa, 0x11, 0x08, 0x77, 
	0x93, 0x52, 0xbe, 0xee, 0xaa, 0xaa, 0xbf, 0xfe, 
	0xef, 0x7a, 0xab, 0xbb, 0x74, 0x33, 0x90, 0xec, 
	0x55, 0x57, 0xee, 0x7e, 0xee, 0xf1, 0x44, 0x44, 
	0x44, 0x44, 0x4f, 0xaa, 0xee, 0xa0, 0x22, 0x33, 
	0x44, 0x59, 0xee, 0xaa, 0xee, 0xef, 0xff, 0xff, 
	0xff, 0xa7, 0xea, 0x7b, 0xbb, 0xdd, 0x44, 0x55, 
	0x55, 0xaa, 0xaa, 0xaa, 0xee, 0x85, 0x44, 0x44, 
	0x88, 0x80, 0x11, 0xba, 0xea, 0xaa, 0xab, 0x99, 
	0xbb, 0xaa, 0x77, 0xaa, 0x77, 0xaa, 0xaa, 0x7b, 
	0x77, 0x77, 0xb9, 0x99, 0xcc, 0xdc, 0x4d, 0xdd, 
	0x3b, 0x99, 0xcc, 0xba, 0x72, 0x22, 0x11, 0x66, 
	0x88, 0x88, 0x77, 0x72, 0x21, 0x10, 0x99, 0x00, 
	0x60, 0x16, 0x20, 0x01, 0x11, 0x22, 0x22, 0x22, 
	0x44, 0x33, 0x45, 0x55, 0x55, 0x55, 0x55, 0x45, 
	0x54, 0x33, 0x33, 0x52, 0x31, 0x31, 0x00, 0x88, 
	0x88, 0x87, 0x8a, 0xf2, 0x67, 0x88, 0x78, 0x87, 
	0x66, 0x7e, 0x36, 0x86, 0x66, 0x99, 0x00, 0x0e, 
	0x14, 0x92, 0x43, 0x44, 0x55, 0xdd, 0xe5, 0x53, 
	0x51, 0x00, 0x19, 0x11, 0x6a, 0x33, 0x00, 0x66, 
	0x88, 0x88, 0x87, 0xe2, 0x88, 0x98, 0xbb, 0x88, 
	0x86, 0xaa, 0x49, 0x80, 0x00, 0x11, 0x01, 0x1a, 
	0x05, 0x33, 0x34, 0x44, 0x54, 0x4d, 0x84, 0x52, 
	0x34, 0x11, 0x26, 0x11, 0x9e, 0x44, 0x00, 0x66, 
	0x86, 0x88, 0x8a, 0xe5, 0x88, 0x98, 0xb7, 0x88, 
	0x68, 0xaa, 0x49, 0x66, 0x00, 0x01, 0x11, 0x1a, 
	0x05, 0x3d, 0x33, 0x23, 0x3d, 0x4d, 0x84, 0x52, 
	0x43, 0x11, 0x10, 0x00, 0x8e, 0x44, 0x16, 0x86, 
	0x88, 0x78, 0x7a, 0xe4, 0x66, 0x68, 0x68, 0xbb, 
	0x88, 0xaa, 0x50, 0x00, 0x60, 0x01, 0x11, 0x17, 
	0x25, 0x33, 0x23, 0x32, 0x44, 0x4d, 0x74, 0x51, 
	0x12, 0x11, 0x21, 0x01, 0x9e, 0x44, 0x06, 0x86, 
	0x88, 0x66, 0x87, 0xe4, 0x06, 0x69, 0x66, 0x68, 
	0x68, 0xaa, 0x50, 0x00, 0x00, 0x11, 0x11, 0x97, 
	0x25, 0x33, 0x13, 0x44, 0x44, 0xdd, 0x74, 0x53, 
	0x11, 0x12, 0x11, 0x06, 0xbe, 0x44, 0x00, 0x86, 
	0x88, 0x88, 0x6e, 0xe4, 0x88, 0x89, 0x66, 0x99, 
	0x88, 0xaa, 0x50, 0x00, 0x00, 0x10, 0x11, 0x97, 
	0x25, 0x32, 0x33, 0x43, 0x44, 0xdd, 0xe4, 0x52, 
	0x32, 0x22, 0x20, 0x60, 0x9e, 0x44, 0x00, 0x66, 
	0x88, 0x68, 0x67, 0xe4, 0x08, 0x99, 0x86, 0x89, 
	0x68, 0xaa, 0x50, 0x00, 0x00, 0x01, 0x11, 0x17, 
	0x25, 0x32, 0x33, 0x43, 0x44, 0x4d, 0x94, 0x53, 
	0x22, 0x12, 0x00, 0x00, 0xbe, 0x44, 0x66, 0x86, 
	0x88, 0x86, 0x6a, 0xe4, 0x06, 0x99, 0x66, 0x86, 
	0x89, 0xaa, 0x50, 0x00, 0x00, 0x10, 0x00, 0x17, 
	0x25, 0x33, 0x33, 0x44, 0x44, 0x4d, 0xb4, 0x53, 
	0x32, 0x21, 0x20, 0x16, 0x87, 0x44, 0x66, 0x68, 
	0x88, 0x68, 0x67, 0xe4, 0x06, 0x69, 0x66, 0x66, 
	0x88, 0xea, 0x50, 0x00, 0x00, 0x01, 0x11, 0x17, 
	0x25, 0x33, 0x34, 0x44, 0x4c, 0x99, 0xb4, 0x53, 
	0x22, 0x21, 0x11, 0x66, 0x8e, 0x44, 0x00, 0x66, 
	0x86, 0x66, 0x6a, 0xe4, 0x16, 0x86, 0x98, 0x89, 
	0x68, 0xea, 0x51, 0x06, 0x00, 0x10, 0x11, 0x0b, 
	0x25, 0x33, 0x33, 0x44, 0x45, 0x43, 0xe5, 0x54, 
	0x23, 0x22, 0x21, 0x06, 0xbe, 0x44, 0x00, 0x06, 
	0x66, 0x66, 0x6a, 0xe4, 0x66, 0x68, 0x89, 0x99, 
	0x66, 0xaa, 0x56, 0x60, 0x00, 0x11, 0x01, 0x0a, 
	0x25, 0x33, 0x33, 0x44, 0x43, 0x43, 0xb5, 0x53, 
	0x32, 0x22, 0x11, 0x00, 0xbe, 0x44, 0x00, 0x66, 
	0x66, 0x66, 0x8a, 0xe4, 0x19, 0x96, 0x99, 0x69, 
	0x08, 0xaa, 0x40, 0x60, 0x01, 0x11, 0x00, 0x1a, 
	0x25, 0x33, 0x35, 0x54, 0x44, 0x4d, 0xb5, 0x53, 
	0x22, 0x22, 0x10, 0x00, 0xbe, 0x44, 0x66, 0x66, 
	0x66, 0x66, 0x6a, 0xe4, 0x19, 0x99, 0x99, 0x69, 
	0x66, 0xaa, 0x50, 0x06, 0x01, 0x11, 0x01, 0x1a, 
	0x25, 0x33, 0x35, 0x44, 0x44, 0x4d, 0xb5, 0x53, 
	0x33, 0x22, 0x11, 0x00, 0xbe, 0x44, 0x60, 0x60, 
	0x66, 0x68, 0x67, 0xe4, 0x19, 0x69, 0x99, 0x08, 
	0x66, 0xa7, 0x51, 0x00, 0x01, 0x11, 0x01, 0x17, 
	0x25, 0x23, 0x33, 0x34, 0x44, 0x4d, 0xb5, 0x53, 
	0x33, 0x22, 0x11, 0x00, 0xbe, 0x55, 0x00, 0x00, 
	0x66, 0x68, 0x67, 0xe4, 0x19, 0x99, 0x99, 0x66, 
	0x66, 0xa7, 0x51, 0x00, 0x00, 0x10, 0x10, 0x97, 
	0x25, 0x33, 0x23, 0x34, 0x44, 0x4d, 0xb5, 0x53, 
	0x33, 0x22, 0x11, 0x00, 0xbe, 0x55, 0x06, 0x00, 
	0x88, 0x66, 0x6a, 0xe4, 0x66, 0x99, 0x66, 0x99, 
	0x69, 0xa7, 0x50, 0x00, 0x00, 0x11, 0x01, 0x17, 
	0x25, 0x33, 0x33, 0x34, 0x45, 0x02, 0xb4, 0x53, 
	0x23, 0x21, 0x11, 0x06, 0x8e, 0x55, 0x00, 0x60, 
	0x66, 0x66, 0x67, 0xe4, 0x16, 0x99, 0x66, 0x80, 
	0x66, 0xa7, 0x50, 0x60, 0x00, 0x01, 0x11, 0x17, 
	0x25, 0x34, 0x33, 0x33, 0x45, 0x43, 0xb4, 0x53, 
	0x23, 0x22, 0x11, 0x06, 0x8e, 0x55, 0x06, 0x60, 
	0x88, 0x66, 0x67, 0xe4, 0x16, 0x66, 0x6b, 0x00, 
	0x66, 0xa7, 0x50, 0x66, 0x00, 0x01, 0x01, 0x07, 
	0x25, 0x34, 0x33, 0x4d, 0x44, 0xdd, 0x65, 0x53, 
	0x33, 0x22, 0x11, 0x00, 0x8e, 0x55, 0x60, 0x86, 
	0x06, 0x66, 0x87, 0xe4, 0x16, 0x66, 0x66, 0x66, 
	0x66, 0xa7, 0x50, 0x60, 0x80, 0x10, 0x10, 0x07, 
	0x25, 0x33, 0x33, 0x44, 0x44, 0xdd, 0xe5, 0x53, 
	0x22, 0x21, 0x11, 0x06, 0x8e, 0x55, 0x00, 0x66, 
	0x66, 0x68, 0x87, 0xe5, 0x66, 0x99, 0x88, 0x86, 
	0x66, 0xa7, 0x50, 0x60, 0x60, 0x11, 0x01, 0x17, 
	0x22, 0x22, 0x34, 0x34, 0x44, 0x4d, 0xb5, 0x53, 
	0x32, 0x22, 0x01, 0x00, 0x8e, 0x55, 0x00, 0x66, 
	0x06, 0x66, 0x87, 0xe5, 0x66, 0x69, 0x88, 0x86, 
	0x86, 0xa7, 0x50, 0x66, 0x00, 0x01, 0x00, 0x97, 
	0x25, 0x23, 0x23, 0x33, 0x44, 0x4d, 0xb5, 0x53, 
	0x22, 0x62, 0x10, 0x00, 0x8e, 0x55, 0x10, 0x60, 
	0x66, 0x66, 0x67, 0xa4, 0x66, 0x68, 0x66, 0x68, 
	0x66, 0xa7, 0x50, 0x06, 0x66, 0x00, 0x00, 0x6a, 
	0x25, 0x32, 0x23, 0x34, 0x44, 0xdd, 0xa5, 0x53, 
	0x23, 0x22, 0x21, 0x00, 0x8e, 0x55, 0x00, 0x66, 
	0x88, 0x66, 0x87, 0xad, 0x67, 0x86, 0x86, 0x88, 
	0x66, 0xa7, 0x50, 0x06, 0x60, 0x10, 0x86, 0x6a, 
	0x25, 0x23, 0x33, 0x44, 0x44, 0x4d, 0xa5, 0x42, 
	0x22, 0x22, 0x10, 0x06, 0x8e, 0x55, 0x06, 0x66, 
	0x68, 0x68, 0x8a, 0xa4, 0x08, 0x86, 0x88, 0x68, 
	0x68, 0xa7, 0x56, 0x66, 0x66, 0x10, 0x00, 0x97, 
	0x25, 0x22, 0x23, 0x34, 0x44, 0x4c, 0xa5, 0x51, 
	0x22, 0x10, 0x10, 0x06, 0x7e, 0x55, 0x06, 0x66, 
	0x08, 0x68, 0xb7, 0xa4, 0x08, 0x67, 0x88, 0x66, 
	0x66, 0xa7, 0x56, 0x68, 0x00, 0x00, 0x00, 0x97, 
	0x25, 0x22, 0x23, 0x33, 0x44, 0x4c, 0xa5, 0x51, 
	0x22, 0x21, 0x10, 0x66, 0x7e, 0x52, 0x66, 0x66, 
	0x86, 0x88, 0x87, 0xe5, 0x06, 0x99, 0x88, 0x88, 
	0x68, 0xa7, 0x56, 0x66, 0x06, 0x00, 0x01, 0xb7, 
	0x25, 0x22, 0x23, 0x33, 0x34, 0x3d, 0xa5, 0x53, 
	0x22, 0x12, 0x10, 0x06, 0x7f, 0x53, 0x06, 0x66, 
	0x68, 0x68, 0x87, 0xe5, 0x66, 0x99, 0x86, 0x88, 
	0x66, 0xa7, 0x56, 0x66, 0x06, 0x00, 0x00, 0x67, 
	0x25, 0x32, 0x22, 0x33, 0x24, 0x3c, 0xa5, 0x44, 
	0x22, 0x10, 0x60, 0x68, 0xaf, 0x53, 0x66, 0x68, 
	0x68, 0x88, 0x87, 0xe4, 0x66, 0x68, 0x66, 0x88, 
	0x68, 0xa7, 0x50, 0x66, 0x68, 0x60, 0x00, 0x9a, 
	0x25, 0x21, 0x22, 0x23, 0x33, 0x3c, 0xa5, 0x52, 
	0x20, 0x00, 0x00, 0x66, 0x7e, 0x53, 0x08, 0x88, 
	0x88, 0x88, 0x8a, 0xe4, 0x66, 0x86, 0x68, 0x86, 
	0x68, 0xab, 0x50, 0x66, 0x66, 0x60, 0x66, 0x9b, 
	0x25, 0x01, 0x22, 0x22, 0x21, 0xdc, 0xa5, 0x52, 
	0x22, 0x11, 0x00, 0x66, 0x7e, 0x53, 0x66, 0x86, 
	0x88, 0x68, 0x87, 0xe4, 0x66, 0x88, 0x88, 0x67, 
	0x07, 0xa8, 0x50, 0xf8, 0x66, 0x66, 0x00, 0x97, 
	0x25, 0x21, 0x22, 0x22, 0x31, 0x2c, 0xa5, 0x53, 
	0x61, 0x11, 0x16, 0x66, 0x7e, 0x33, 0x68, 0x88, 
	0x88, 0x88, 0x8a, 0xe4, 0x66, 0x68, 0x68, 0x27, 
	0x77, 0xa7, 0x88, 0x88, 0x66, 0x06, 0x00, 0x97, 
	0x25, 0x22, 0x22, 0x22, 0x23, 0x3c, 0xa5, 0x51, 
	0x11, 0x10, 0x01, 0x06, 0xae, 0x53, 0x68, 0x88, 
	0x88, 0x88, 0x8a, 0xe5, 0x66, 0x66, 0x86, 0x2e, 
	0xbb, 0x88, 0x88, 0x81, 0xf0, 0x00, 0x60, 0x6a, 
	0x25, 0x22, 0x21, 0x22, 0x13, 0x3c, 0xa5, 0x32, 
	0x21, 0x11, 0x00, 0x68, 0x7f, 0x52, 0x86, 0x88, 
	0x88, 0x68, 0x8a, 0xe5, 0x66, 0x68, 0x68, 0x26, 
	0xcc, 0x00, 0x11, 0x84, 0xf0, 0x06, 0x06, 0x0a, 
	0x25, 0x21, 0x21, 0x22, 0x13, 0x3c, 0xa5, 0x42, 
	0x21, 0x00, 0x00, 0x66, 0x7f, 0x52, 0x86, 0x88, 
	0x88, 0x68, 0x8a, 0xe5, 0x66, 0x66, 0x6a, 0x28, 
	0x99, 0x90, 0x06, 0x04, 0xf1, 0x86, 0x66, 0x8a, 
	0x25, 0x11, 0x11, 0x22, 0x22, 0x3c, 0x75, 0x43, 
	0x21, 0x00, 0x10, 0x66, 0x7f, 0x52, 0x88, 0x88, 
	0x86, 0x68, 0x77, 0xe5, 0x68, 0x86, 0x66, 0x28, 
	0xbb, 0x90, 0x60, 0x03, 0xf8, 0x66, 0x66, 0x8a, 
	0x55, 0x10, 0x11, 0x22, 0x23, 0x2c, 0x75, 0x43, 
	0x21, 0x11, 0x60, 0x66, 0x7f, 0x22, 0x86, 0x68, 
	0x86, 0x88, 0x8a, 0xe5, 0x66, 0x68, 0x68, 0x29, 
	0x99, 0x99, 0x99, 0x64, 0xf0, 0x60, 0x60, 0x07, 
	0x25, 0x11, 0x10, 0x12, 0x23, 0xdc, 0x75, 0x53, 
	0x22, 0x11, 0x00, 0x06, 0x7e, 0x52, 0x68, 0x88, 
	0x86, 0x87, 0x8e, 0xe5, 0x66, 0x68, 0x6b, 0x2a, 
	0x77, 0xa7, 0x77, 0xa4, 0xa0, 0x00, 0x00, 0x67, 
	0x25, 0x11, 0x00, 0x22, 0x24, 0x4c, 0x75, 0x51, 
	0x22, 0x01, 0x60, 0x66, 0x7e, 0x52, 0x88, 0x88, 
	0x86, 0x88, 0x8a, 0xe5, 0x66, 0x86, 0x66, 0x07, 
	0xbb, 0xbb, 0xbb, 0x7f, 0x86, 0x60, 0x16, 0x9a, 
	0x25, 0x12, 0x11, 0x12, 0x34, 0xdd, 0x75, 0x53, 
	0x22, 0x11, 0x10, 0x66, 0x7f, 0x52, 0x88, 0x88, 
	0x86, 0x78, 0x8a, 0xe5, 0x66, 0x68, 0x67, 0xdf, 
	0xff, 0xff, 0xff, 0xff, 0x86, 0x60, 0x60, 0x9a, 
	0x25, 0x61, 0x12, 0x22, 0xc4, 0xdc, 0x75, 0x52, 
	0x22, 0x11, 0x10, 0x06, 0x7f, 0x52, 0x68, 0xa8, 
	0x78, 0x86, 0x8a, 0xa5, 0x88, 0x68, 0x87, 0xd9, 
	0xb9, 0xb9, 0xcc, 0x9e, 0x88, 0x66, 0x60, 0x9a, 
	0x24, 0x21, 0x12, 0x22, 0x22, 0xcc, 0x75, 0x42, 
	0x12, 0x11, 0x11, 0x06, 0x7f, 0x51, 0x68, 0x87, 
	0x86, 0x87, 0x8a, 0xa5, 0x88, 0x66, 0x88, 0xd7, 
	0xbb, 0xb9, 0x9b, 0x7e, 0x88, 0x68, 0x80, 0x9a, 
	0x44, 0x11, 0x12, 0x12, 0x32, 0x39, 0x75, 0x52, 
	0x22, 0x11, 0x10, 0x06, 0x7f, 0x51, 0x68, 0x88, 
	0x78, 0x88, 0x8a, 0xa5, 0x86, 0x86, 0x88, 0x1e, 
	0xff, 0xee, 0xff, 0xff, 0x88, 0x06, 0x06, 0x9a, 
	0x25, 0x61, 0x21, 0x12, 0x32, 0xdc, 0x75, 0x52, 
	0x22, 0x26, 0x10, 0x66, 0xbf, 0x52, 0x88, 0x88, 
	0x88, 0x88, 0x8a, 0xa5, 0x66, 0x76, 0x66, 0x8e, 
	0xdb, 0x7b, 0x41, 0x77, 0x66, 0x66, 0x00, 0x0a, 
	0x25, 0x01, 0x01, 0x20, 0x23, 0xdc, 0x75, 0x51, 
	0x43, 0x11, 0x16, 0x08, 0x7f, 0x22, 0x88, 0x88, 
	0x68, 0x88, 0x7a, 0xe4, 0x97, 0x89, 0x66, 0x66, 
	0xbb, 0xa7, 0x50, 0x76, 0x66, 0x06, 0x00, 0x6a, 
	0x13, 0x10, 0x62, 0x21, 0xdd, 0x3c, 0xa5, 0x43, 
	0x32, 0x01, 0x11, 0x00, 0xbf, 0x51, 0x88, 0x88, 
	0x86, 0x88, 0x7a, 0xe4, 0x79, 0x89, 0x88, 0x66, 
	0x7b, 0xa7, 0x30, 0x66, 0x88, 0x60, 0x60, 0x6a, 
	0x13, 0x10, 0x12, 0x01, 0x22, 0xcc, 0xa5, 0x41, 
	0x31, 0x60, 0x01, 0x60, 0xbf, 0x31, 0x68, 0x87, 
	0x68, 0x68, 0x7a, 0xe4, 0x66, 0x79, 0x7b, 0x88, 
	0x77, 0xa7, 0x58, 0x66, 0x88, 0x80, 0x66, 0x7e, 
	0x33, 0x61, 0x61, 0x23, 0x33, 0x39, 0xa5, 0x42, 
	0x20, 0x00, 0x16, 0x66, 0x7f, 0x31, 0x88, 0x68, 
	0x86, 0x87, 0x7a, 0xe2, 0x77, 0x78, 0xba, 0x88, 
	0x77, 0xa7, 0x38, 0x86, 0x66, 0x66, 0x66, 0x7a, 
	0x33, 0x11, 0x60, 0x13, 0x34, 0xcc, 0xa5, 0x54, 
	0x21, 0x61, 0x00, 0x66, 0x7f, 0x41, 0x67, 0x77, 
	0x86, 0x88, 0x7a, 0xe3, 0x76, 0x87, 0x7a, 0x78, 
	0x88, 0xe7, 0x38, 0x88, 0x66, 0x68, 0x08, 0x7e, 
	0x33, 0x01, 0x10, 0x21, 0x22, 0x2c, 0x75, 0x42, 
	0x01, 0x00, 0x16, 0x69, 0x7f, 0x51, 0x68, 0x88, 
	0x86, 0x78, 0x7a, 0xe3, 0x77, 0x88, 0x8a, 0x77, 
	0x78, 0xea, 0x38, 0x88, 0x66, 0x88, 0x86, 0x9e, 
	0x33, 0x11, 0x00, 0x02, 0x11, 0x3c, 0x75, 0x43, 
	0x10, 0x30, 0x11, 0x06, 0x7f, 0x51, 0x68, 0x88, 
	0x88, 0x0f, 0x8a, 0xf3, 0x6f, 0x06, 0x88, 0xbe, 
	0x28, 0xea, 0x36, 0xf6, 0x88, 0x86, 0xf0, 0x7a, 
	0x22, 0x08, 0x26, 0x60, 0x0e, 0xd9, 0xe4, 0x4b, 
	0x49, 0x20, 0x02, 0xaa, 0xae, 0x46, 0xf1, 0x77, 
	0xff, 0xff, 0xff, 0xf1, 0xfa, 0xee, 0xaa, 0xae, 
	0xee, 0xea, 0x6a, 0x77, 0xaa, 0x7a, 0xaa, 0xae, 
	0x66, 0xaa, 0x77, 0x77, 0xbb, 0xbb, 0xe4, 0x0b, 
	0x77, 0x77, 0xaa, 0xaa, 0xee, 0x26, 0xff, 0xff, 
	
};

ALIGNED8 u8 wb_cont_miu128_mh001_pal_rgba16[] = {
	0x84, 0x1f, 0x9c, 0xa5, 0xb5, 0x6b, 0xc6, 0x2f, 
	0xde, 0xf5, 0xff, 0xff, 0x73, 0x5b, 0x4a, 0x0f, 
	0x62, 0xd5, 0x7b, 0x57, 0x39, 0x8b, 0x62, 0xd3, 
	0xac, 0x9f, 0xcd, 0xa7, 0x29, 0x07, 0x00, 0x01, 
	
};

ALIGNED8 u8 wb_cont_pr64_15_ci4[] = {
	0x01, 0x11, 0x22, 0x22, 0x22, 0x22, 0x22, 0x22, 
	0x33, 0x33, 0x33, 0x33, 0x44, 0x44, 0x00, 0x00, 
	0x55, 0x55, 0x55, 0x55, 0x66, 0x66, 0x77, 0x77, 
	0x77, 0x77, 0x77, 0x77, 0x88, 0x88, 0x88, 0x88, 
	0x01, 0x11, 0x79, 0x99, 0x88, 0x88, 0x88, 0x88, 
	0x88, 0x88, 0x88, 0x88, 0x99, 0x99, 0x99, 0x99, 
	0x99, 0x99, 0x99, 0x99, 0x99, 0x99, 0x99, 0x99, 
	0x99, 0x99, 0x99, 0x99, 0x99, 0x99, 0x99, 0x99, 
	0x10, 0x79, 0x99, 0x99, 0x88, 0x88, 0x88, 0x88, 
	0x88, 0x88, 0x88, 0x88, 0x99, 0x99, 0x88, 0x88, 
	0x88, 0x88, 0x88, 0x88, 0x88, 0x88, 0x88, 0x88, 
	0x88, 0x88, 0x88, 0x88, 0x88, 0x88, 0x88, 0x88, 
	0x19, 0x99, 0x97, 0x79, 0x88, 0x88, 0x88, 0x78, 
	0x77, 0x78, 0x88, 0x88, 0x88, 0x88, 0x88, 0x88, 
	0x88, 0x88, 0x88, 0x88, 0x88, 0x88, 0x88, 0x88, 
	0x88, 0x88, 0x88, 0x87, 0x88, 0x88, 0x88, 0x88, 
	0x09, 0x99, 0x87, 0x77, 0x88, 0x88, 0x88, 0x88, 
	0x88, 0x88, 0x88, 0x88, 0x88, 0x88, 0x88, 0x88, 
	0x88, 0x88, 0x88, 0x88, 0x88, 0x88, 0x88, 0x88, 
	0x88, 0x88, 0x88, 0x88, 0x88, 0x88, 0x88, 0x68, 
	0x09, 0x77, 0x88, 0x74, 0x44, 0x44, 0x33, 0x33, 
	0x44, 0x44, 0x44, 0x44, 0xaa, 0xaa, 0xaa, 0xaa, 
	0x55, 0x55, 0xaa, 0xaa, 0x55, 0x55, 0x55, 0x55, 
	0x55, 0x5b, 0xaa, 0xaa, 0x55, 0x55, 0x55, 0x55, 
	0x09, 0x77, 0x88, 0x45, 0x41, 0x11, 0x33, 0x3c, 
	0x11, 0x11, 0x11, 0x11, 0x33, 0x33, 0xad, 0xaa, 
	0x44, 0x44, 0xaa, 0xaa, 0x55, 0x55, 0x55, 0x55, 
	0x55, 0x55, 0xaa, 0xaa, 0x55, 0x55, 0x55, 0x55, 
	0x69, 0x77, 0x88, 0x54, 0x11, 0x11, 0x33, 0x3c, 
	0x11, 0x11, 0x11, 0x11, 0x33, 0x33, 0xdd, 0xdd, 
	0x44, 0x44, 0xdd, 0xdd, 0xdd, 0xdd, 0xdd, 0xdd, 
	0xbb, 0xbb, 0xaa, 0xaa, 0xbb, 0xbb, 0x44, 0x44, 
	0x69, 0x77, 0x88, 0xa1, 0x11, 0x12, 0x22, 0xe1, 
	0x11, 0x11, 0x11, 0x1e, 0xdd, 0xdd, 0xdd, 0xdd, 
	0xdd, 0xdd, 0xdd, 0xdd, 0xdd, 0xdd, 0xdd, 0xdb, 
	0xdb, 0xdb, 0xbb, 0xbb, 0xbb, 0xbd, 0xbb, 0xdb, 
	0x69, 0x67, 0x88, 0xa1, 0x11, 0x10, 0x21, 0x11, 
	0x11, 0x11, 0x1e, 0xee, 0xdd, 0xdd, 0xdd, 0xdd, 
	0xdd, 0xdd, 0xdd, 0xdd, 0xdd, 0xbb, 0xbb, 0xbb, 
	0xdb, 0xbb, 0xbb, 0xbb, 0xbb, 0xbb, 0xbd, 0xbb, 
	0x69, 0x78, 0x88, 0xa1, 0x11, 0x12, 0x2e, 0x11, 
	0x11, 0x11, 0x11, 0xee, 0xdd, 0xd1, 0xcc, 0xed, 
	0xdd, 0xdd, 0xdd, 0xdd, 0xdd, 0xdd, 0xdb, 0xbb, 
	0xdb, 0xbb, 0xbb, 0xbb, 0xbb, 0xbb, 0xdb, 0xbb, 
	0x69, 0x77, 0x88, 0xa1, 0x11, 0x22, 0x0e, 0x11, 
	0x11, 0x11, 0x11, 0xee, 0xdd, 0xcc, 0xcc, 0xce, 
	0xdd, 0xdd, 0xdd, 0xdd, 0xdd, 0xdd, 0xbb, 0xbb, 
	0xdb, 0xbb, 0xbb, 0xbb, 0xbb, 0xbb, 0xbb, 0xbb, 
	0x68, 0x77, 0x88, 0xa1, 0x11, 0x11, 0x11, 0x11, 
	0x11, 0x11, 0xee, 0xee, 0xd1, 0xcc, 0xcc, 0xcc, 
	0xdd, 0xdd, 0xdd, 0xdb, 0xdd, 0xbb, 0xbb, 0xbb, 
	0xbb, 0xbb, 0xbb, 0xbb, 0xbb, 0xbb, 0xbb, 0xbb, 
	0x68, 0x78, 0x88, 0xa1, 0x11, 0x11, 0x11, 0x11, 
	0x11, 0x11, 0xee, 0xe3, 0xd1, 0xcc, 0xcc, 0xcc, 
	0xdb, 0xbd, 0xbb, 0xbb, 0xbb, 0xbb, 0xbb, 0xbb, 
	0xbb, 0xbb, 0xbb, 0xbb, 0xbb, 0xbb, 0xbb, 0xbb, 
	0x68, 0x77, 0x88, 0xa1, 0xf0, 0x0f, 0x75, 0x31, 
	0x11, 0x11, 0x1e, 0xe3, 0xdd, 0xcc, 0xcc, 0xcd, 
	0xdd, 0xbd, 0xdb, 0xbb, 0xbb, 0xbb, 0xbb, 0xbb, 
	0xbb, 0xbb, 0xbb, 0xbb, 0xbb, 0xbb, 0xbb, 0xbb, 
	0x68, 0x78, 0x88, 0xa1, 0xf0, 0xf8, 0x77, 0x71, 
	0x11, 0x11, 0x1e, 0xee, 0xdd, 0xdc, 0xcc, 0xdd, 
	0xdd, 0xdd, 0xdd, 0xbb, 0xdb, 0xbb, 0xbb, 0xbb, 
	0xbb, 0xbb, 0xbb, 0xbb, 0xbb, 0xbb, 0xbb, 0xbb, 
	0x69, 0x67, 0x88, 0x02, 0xff, 0x8f, 0x88, 0x62, 
	0x11, 0x11, 0xee, 0xee, 0x33, 0x33, 0x3d, 0xbb, 
	0xdd, 0xbb, 0xdd, 0xbb, 0xdd, 0xbb, 0xbb, 0xbb, 
	0xbb, 0xbb, 0xbb, 0xbb, 0xbb, 0xbb, 0xbb, 0xbb, 
	0x69, 0x78, 0x88, 0x00, 0x87, 0x7f, 0x68, 0x82, 
	0x11, 0x11, 0xee, 0xee, 0x33, 0x33, 0xbb, 0xdb, 
	0xbb, 0xdd, 0xbb, 0xbb, 0xdd, 0xbb, 0xbb, 0xbb, 
	0xbb, 0xbb, 0xbb, 0xbb, 0xbb, 0xbb, 0xbb, 0xbb, 
	0x69, 0x77, 0x88, 0x00, 0x8f, 0x7f, 0x66, 0x82, 
	0x22, 0x11, 0xee, 0xe3, 0x33, 0x33, 0xdd, 0xbb, 
	0xdd, 0xdd, 0xbb, 0xbb, 0xbb, 0xbb, 0xbb, 0xbb, 
	0xbb, 0xbb, 0xbb, 0xbb, 0xbb, 0xbb, 0xbb, 0xbb, 
	0x69, 0x77, 0x88, 0x02, 0xff, 0xff, 0x88, 0x82, 
	0x22, 0x11, 0xee, 0xe3, 0x33, 0x33, 0xd3, 0xdb, 
	0xdd, 0xdb, 0xbb, 0xbb, 0xbb, 0xbb, 0xbb, 0xbb, 
	0xbb, 0xbb, 0xbb, 0xbb, 0xbb, 0xbb, 0xbb, 0xbb, 
	0x69, 0x77, 0x88, 0xa1, 0xff, 0xf8, 0x77, 0xf2, 
	0x22, 0x11, 0xee, 0xe3, 0xd3, 0x44, 0x44, 0x34, 
	0xbb, 0xbb, 0xbb, 0xbb, 0xbb, 0xbb, 0xbb, 0xbb, 
	0xbb, 0xbb, 0xbb, 0xbb, 0xbb, 0xbb, 0xbb, 0xbb, 
	0x69, 0x77, 0x88, 0xa1, 0x00, 0x00, 0x00, 0x22, 
	0x22, 0x12, 0xee, 0x33, 0x33, 0x44, 0x34, 0x44, 
	0xbb, 0xbb, 0xbb, 0xbb, 0xbb, 0xbb, 0xbb, 0xbb, 
	0xbb, 0x4b, 0xba, 0xbb, 0xbb, 0xbb, 0xbb, 0xbb, 
	0x68, 0x67, 0x88, 0xa1, 0x22, 0x00, 0x00, 0x02, 
	0x02, 0x12, 0xee, 0x33, 0x44, 0x34, 0x34, 0x44, 
	0xbb, 0xbb, 0xbb, 0xbb, 0xbb, 0xbb, 0xbb, 0xbb, 
	0xbb, 0xba, 0xba, 0xab, 0xab, 0xbb, 0xba, 0xbb, 
	0x69, 0x87, 0x88, 0xa1, 0x20, 0xf0, 0xff, 0xf2, 
	0x11, 0x22, 0xe3, 0x33, 0x34, 0x34, 0x44, 0x44, 
	0xbb, 0xbb, 0xbb, 0xbb, 0xbb, 0xbb, 0xbb, 0xbb, 
	0xbb, 0xba, 0xaa, 0xaa, 0xaa, 0xaa, 0xba, 0xaa, 
	0x69, 0x86, 0x88, 0xa1, 0x20, 0xff, 0xff, 0xf2, 
	0x11, 0xee, 0x33, 0x33, 0x33, 0x44, 0x4b, 0xbb, 
	0xbb, 0xbb, 0xbb, 0xba, 0xba, 0xab, 0xbb, 0xbb, 
	0xaa, 0xaa, 0xaa, 0xaa, 0xaa, 0xaa, 0xaa, 0xaa, 
	0x69, 0x67, 0x88, 0xa1, 0x22, 0x0f, 0x00, 0x02, 
	0x11, 0xee, 0x33, 0x33, 0x43, 0x44, 0xbb, 0xbb, 
	0xbb, 0xbb, 0xbb, 0xba, 0xba, 0xaa, 0xaa, 0xaa, 
	0xaa, 0xaa, 0xaa, 0xaa, 0xaa, 0xaa, 0xaa, 0xaa, 
	0x69, 0x77, 0x88, 0xa1, 0x12, 0x0f, 0x0f, 0x02, 
	0x11, 0xee, 0x33, 0x33, 0x33, 0x34, 0xbb, 0xbb, 
	0xbb, 0xbb, 0xbb, 0xaa, 0xba, 0xaa, 0xaa, 0xaa, 
	0xaa, 0xaa, 0xaa, 0xaa, 0xaa, 0xaa, 0xaa, 0xaa, 
	0x69, 0x77, 0x88, 0xa1, 0x12, 0x00, 0x00, 0x22, 
	0x11, 0xee, 0x33, 0x33, 0x33, 0x44, 0xbb, 0xbb, 
	0xbb, 0xaa, 0xaa, 0xab, 0xaa, 0xaa, 0xaa, 0xaa, 
	0xaa, 0xaa, 0xaa, 0xaa, 0xaa, 0xaa, 0xaa, 0xaa, 
	0x69, 0x77, 0x88, 0x5e, 0x10, 0x22, 0x02, 0x12, 
	0xee, 0x22, 0x33, 0x33, 0x3b, 0xbb, 0xbb, 0xbb, 
	0xba, 0xaa, 0xaa, 0xaa, 0xaa, 0xaa, 0xaa, 0xaa, 
	0xaa, 0xaa, 0xaa, 0xaa, 0xaa, 0xaa, 0xaa, 0xaa, 
	0x68, 0x77, 0x88, 0x5e, 0x12, 0x00, 0x02, 0x12, 
	0xe2, 0x22, 0x33, 0x33, 0x3b, 0xb3, 0xbb, 0xbb, 
	0xbb, 0xaa, 0xaa, 0xaa, 0xaa, 0xaa, 0xaa, 0xaa, 
	0xaa, 0xaa, 0xaa, 0xaa, 0xaa, 0xaa, 0xaa, 0xaa, 
	0x68, 0x88, 0x88, 0x5e, 0x12, 0x02, 0x02, 0x22, 
	0xe2, 0x22, 0x33, 0x33, 0x3b, 0xbb, 0xbb, 0xab, 
	0xbb, 0xaa, 0xaa, 0xaa, 0xaa, 0xaa, 0xaa, 0xaa, 
	0xaa, 0xaa, 0xaa, 0xaa, 0xaa, 0xaa, 0xaa, 0xaa, 
	0x79, 0x77, 0x88, 0x5e, 0x22, 0x02, 0x02, 0x12, 
	0xe2, 0x22, 0x33, 0x33, 0x33, 0xbb, 0xbb, 0xba, 
	0xaa, 0xaa, 0xaa, 0xaa, 0xaa, 0xaa, 0xaa, 0xaa, 
	0xaa, 0xaa, 0xaa, 0xaa, 0xaa, 0xaa, 0xaa, 0xaa, 
	0x69, 0x77, 0x77, 0x5e, 0x22, 0x00, 0x02, 0x22, 
	0x22, 0xe2, 0x33, 0x34, 0x33, 0xbb, 0xbb, 0xbb, 
	0xaa, 0xaa, 0xaa, 0xaa, 0xaa, 0xaa, 0xaa, 0xaa, 
	0xaa, 0xaa, 0xaa, 0xaa, 0xaa, 0xaa, 0xaa, 0xaa, 
	0x69, 0x78, 0x99, 0x5e, 0x22, 0x00, 0x02, 0x22, 
	0x2e, 0xee, 0x34, 0x44, 0xbb, 0xbb, 0xbb, 0xbb, 
	0xba, 0xaa, 0xaa, 0xaa, 0xaa, 0xaa, 0xaa, 0xaa, 
	0xaa, 0xaa, 0xaa, 0x55, 0xaa, 0xaa, 0xaa, 0xaa, 
	0x69, 0x77, 0x75, 0x5e, 0x22, 0x00, 0x02, 0x22, 
	0x22, 0xe3, 0x33, 0x44, 0xbb, 0xbb, 0xbb, 0xbb, 
	0xbb, 0xbb, 0xaa, 0xaa, 0xaa, 0xaa, 0xaa, 0xaa, 
	0xaa, 0xaa, 0xaa, 0x55, 0xaa, 0xaa, 0xaa, 0xaa, 
	0x69, 0x77, 0x77, 0x5e, 0x22, 0x22, 0x02, 0x22, 
	0x2e, 0xe3, 0x43, 0x34, 0xbb, 0x33, 0xbb, 0xbb, 
	0xbb, 0xbb, 0xaa, 0xaa, 0xaa, 0xaa, 0xaa, 0xaa, 
	0xaa, 0xaa, 0xaa, 0x55, 0xaa, 0xaa, 0xaa, 0x55, 
	0x68, 0x68, 0x89, 0x5e, 0x20, 0x00, 0x02, 0x22, 
	0xee, 0x33, 0xd3, 0x3b, 0x44, 0xdd, 0x22, 0x22, 
	0x44, 0x44, 0xaa, 0xaa, 0xaa, 0xaa, 0xaa, 0xaa, 
	0xa5, 0x55, 0x5a, 0x55, 0xaa, 0xa5, 0x55, 0x55, 
	0x68, 0x68, 0x88, 0x5e, 0x20, 0x00, 0x02, 0x22, 
	0x33, 0x3e, 0xdd, 0xbb, 0x44, 0x66, 0x02, 0x22, 
	0xee, 0x34, 0xba, 0xaa, 0xaa, 0xaa, 0xaa, 0xaa, 
	0xa5, 0x55, 0x5a, 0xa5, 0x55, 0x55, 0x55, 0x55, 
	0x69, 0x77, 0x88, 0x5e, 0x20, 0x00, 0x02, 0x22, 
	0xe3, 0x33, 0xdd, 0xad, 0xd4, 0x44, 0x20, 0x02, 
	0x3e, 0x13, 0xba, 0xaa, 0xaa, 0xaa, 0xaa, 0xaa, 
	0xa5, 0x55, 0x5a, 0xa5, 0x5a, 0x55, 0x55, 0x55, 
	0x69, 0x88, 0x88, 0x5e, 0x20, 0x00, 0x02, 0x22, 
	0x33, 0x33, 0x3b, 0xbd, 0x44, 0x44, 0x02, 0x00, 
	0x33, 0x1e, 0x44, 0xaa, 0xaa, 0xaa, 0xaa, 0xaa, 
	0x55, 0x55, 0x5a, 0xa5, 0x5a, 0x55, 0x55, 0x55, 
	0x69, 0x86, 0x68, 0xa3, 0x22, 0x00, 0x42, 0xe2, 
	0x33, 0x33, 0x44, 0x33, 0x34, 0x44, 0x33, 0x00, 
	0x00, 0x11, 0x3b, 0xaa, 0xaa, 0xaa, 0xaa, 0xa5, 
	0x55, 0x55, 0x55, 0x55, 0x55, 0x55, 0x55, 0x55, 
	0x69, 0x77, 0x88, 0xa3, 0x22, 0x00, 0x22, 0xee, 
	0xe3, 0x33, 0xb3, 0x34, 0x33, 0x44, 0x30, 0x00, 
	0x00, 0x21, 0xe3, 0xba, 0x5a, 0x55, 0x55, 0x55, 
	0x55, 0x55, 0xaa, 0x55, 0x55, 0x55, 0x55, 0x55, 
	0x79, 0x77, 0x88, 0xa3, 0x22, 0x20, 0x2e, 0xe2, 
	0xe3, 0x33, 0x43, 0x34, 0x44, 0x34, 0x03, 0x00, 
	0x20, 0x01, 0xe3, 0xba, 0xa5, 0x55, 0x55, 0x55, 
	0x55, 0x55, 0xaa, 0x55, 0x55, 0x55, 0x55, 0x55, 
	0x69, 0x78, 0x88, 0xa3, 0x22, 0x00, 0xe2, 0xe2, 
	0xee, 0x33, 0xb3, 0x34, 0x44, 0x24, 0x03, 0x00, 
	0x02, 0x22, 0xe3, 0xba, 0x55, 0x55, 0x55, 0x55, 
	0x55, 0x55, 0xaa, 0x55, 0x55, 0x55, 0x55, 0x55, 
	0x69, 0x76, 0x68, 0xa3, 0x20, 0x00, 0x22, 0x22, 
	0x33, 0x33, 0xb2, 0x23, 0x40, 0x24, 0x03, 0x30, 
	0x02, 0x2e, 0x2b, 0xba, 0x55, 0x55, 0x55, 0x55, 
	0x55, 0x55, 0x5a, 0x55, 0x55, 0x55, 0x55, 0x55, 
	0x69, 0x77, 0x88, 0xa3, 0x22, 0x00, 0x02, 0x22, 
	0x23, 0x33, 0xb3, 0x23, 0x40, 0x24, 0x00, 0x30, 
	0x02, 0x22, 0x3b, 0xba, 0xa5, 0x55, 0x55, 0x55, 
	0x55, 0x55, 0x5a, 0x55, 0x55, 0x55, 0x55, 0x55, 
	0x69, 0x76, 0x88, 0xa3, 0x22, 0x00, 0x02, 0x22, 
	0x32, 0x33, 0xbb, 0x23, 0x44, 0x02, 0x00, 0x33, 
	0x02, 0x22, 0x3b, 0xaa, 0x55, 0x55, 0x55, 0x55, 
	0x55, 0x55, 0x55, 0x55, 0x55, 0x55, 0x55, 0x55, 
	0x69, 0x67, 0x88, 0xa3, 0x22, 0x00, 0x02, 0x22, 
	0x33, 0x33, 0xbb, 0x33, 0x40, 0x22, 0x00, 0x03, 
	0x02, 0x22, 0xbb, 0xaa, 0x55, 0x55, 0x55, 0x55, 
	0x55, 0x55, 0x55, 0x55, 0x55, 0x55, 0x55, 0x55, 
	0x69, 0x77, 0x77, 0xa3, 0x20, 0x02, 0x0e, 0xee, 
	0x33, 0x34, 0x34, 0x43, 0x44, 0x34, 0x04, 0x00, 
	0x33, 0xbb, 0xbb, 0xaa, 0x55, 0x55, 0x55, 0x55, 
	0x55, 0x55, 0x55, 0x55, 0x55, 0x55, 0x55, 0x55, 
	0x69, 0x77, 0x77, 0xa3, 0x22, 0x02, 0x0e, 0xee, 
	0x33, 0x34, 0x33, 0xb3, 0x33, 0x34, 0x00, 0x00, 
	0x33, 0x3b, 0xba, 0xaa, 0x55, 0x55, 0x55, 0x55, 
	0x55, 0x55, 0x55, 0x55, 0x55, 0x55, 0x55, 0x55, 
	0x69, 0x77, 0x77, 0xa3, 0x22, 0x00, 0x0e, 0xee, 
	0x33, 0x33, 0x44, 0x4b, 0xbb, 0x33, 0x0a, 0x40, 
	0xbb, 0xbb, 0xaa, 0xa5, 0x55, 0x55, 0x55, 0x55, 
	0x55, 0x55, 0x55, 0x55, 0x55, 0x55, 0x55, 0x55, 
	0x68, 0x67, 0x67, 0xa3, 0x20, 0x02, 0x0e, 0xee, 
	0x33, 0x33, 0x44, 0x44, 0xbb, 0xbb, 0x44, 0x44, 
	0xbb, 0xbb, 0xaa, 0xa5, 0x55, 0x55, 0x55, 0x55, 
	0x55, 0x55, 0x55, 0x55, 0x55, 0x55, 0x55, 0x55, 
	0x68, 0x67, 0x77, 0xa3, 0x22, 0x00, 0x03, 0xe3, 
	0xe3, 0x33, 0x44, 0x4b, 0xbb, 0x44, 0xaa, 0xaa, 
	0xaa, 0xaa, 0xa5, 0x55, 0x55, 0x55, 0x55, 0x55, 
	0x55, 0x55, 0x55, 0x55, 0x55, 0x55, 0x55, 0x55, 
	0x68, 0x77, 0x77, 0xa3, 0x22, 0x00, 0x03, 0xe3, 
	0x33, 0x33, 0x44, 0x44, 0xb4, 0x4b, 0xaa, 0xaa, 
	0xaa, 0xaa, 0x55, 0x55, 0x55, 0x55, 0x55, 0x55, 
	0x55, 0x55, 0x55, 0x55, 0x55, 0x55, 0x55, 0x55, 
	0x69, 0x77, 0x77, 0xa3, 0x22, 0x00, 0x43, 0xe3, 
	0x33, 0x33, 0x44, 0x44, 0xbb, 0xb4, 0xaa, 0xaa, 
	0xaa, 0xaa, 0x55, 0x55, 0x55, 0x55, 0x55, 0x55, 
	0x55, 0x55, 0x55, 0x55, 0x55, 0x55, 0x55, 0x55, 
	0x69, 0x88, 0x77, 0xa3, 0x22, 0x00, 0x03, 0xe3, 
	0x33, 0x43, 0x44, 0x44, 0xbb, 0xb4, 0xaa, 0xaa, 
	0xaa, 0xaa, 0x55, 0x55, 0x55, 0x55, 0x55, 0x55, 
	0x55, 0x55, 0x55, 0x55, 0x55, 0x55, 0x55, 0x55, 
	0x69, 0x87, 0x57, 0x5e, 0x33, 0x33, 0x62, 0x22, 
	0x33, 0x33, 0x44, 0x44, 0xbb, 0xbb, 0xaa, 0xaa, 
	0xaa, 0xaa, 0x55, 0x55, 0x55, 0x55, 0x55, 0x55, 
	0x55, 0x55, 0x55, 0x55, 0x55, 0x55, 0x55, 0x55, 
	0x69, 0x76, 0x57, 0x5e, 0x33, 0x33, 0x22, 0x22, 
	0x33, 0x33, 0x44, 0x44, 0xbb, 0xbb, 0xaa, 0xaa, 
	0xaa, 0xaa, 0x55, 0x55, 0x55, 0x55, 0x55, 0x55, 
	0x55, 0x55, 0x55, 0x55, 0x55, 0x55, 0x55, 0x55, 
	0x97, 0x77, 0x87, 0x55, 0x33, 0x33, 0x66, 0x68, 
	0x88, 0x88, 0x99, 0x99, 0x99, 0x99, 0x99, 0x99, 
	0x99, 0x99, 0x99, 0x99, 0x99, 0x99, 0x99, 0x99, 
	0x99, 0x99, 0x99, 0x99, 0x99, 0x99, 0x99, 0x99, 
	0x98, 0x87, 0x78, 0x88, 0x99, 0x99, 0x99, 0x99, 
	0x99, 0x99, 0x99, 0x99, 0x99, 0x99, 0x99, 0x99, 
	0x99, 0x99, 0x99, 0x99, 0x99, 0x99, 0x99, 0x99, 
	0x99, 0x99, 0x99, 0x99, 0x99, 0x99, 0x99, 0x99, 
	0x97, 0x77, 0x69, 0x99, 0x88, 0x88, 0x88, 0x88, 
	0x88, 0x88, 0x88, 0x88, 0x88, 0x88, 0x88, 0x88, 
	0x88, 0x78, 0x88, 0x88, 0x88, 0x88, 0x77, 0x77, 
	0x77, 0x77, 0x77, 0x77, 0x76, 0x67, 0x77, 0x67, 
	0x79, 0x97, 0x89, 0x88, 0x78, 0x77, 0x77, 0x77, 
	0x77, 0x77, 0x77, 0x77, 0x77, 0x77, 0x77, 0x77, 
	0x77, 0x77, 0x77, 0x77, 0x77, 0x77, 0x77, 0x77, 
	0x77, 0x66, 0x66, 0x66, 0x66, 0x77, 0x77, 0x77, 
	0x17, 0xaa, 0x99, 0x89, 0x88, 0x88, 0x88, 0x77, 
	0x78, 0x87, 0x87, 0x78, 0x87, 0x88, 0x78, 0x77, 
	0x77, 0x77, 0x77, 0x87, 0x88, 0x77, 0x77, 0x77, 
	0x77, 0x67, 0x66, 0x66, 0x66, 0x77, 0x77, 0x77, 
	0x11, 0x11, 0x44, 0x44, 0x00, 0x00, 0x44, 0x44, 
	0x44, 0x44, 0x44, 0x46, 0x44, 0x44, 0x00, 0x00, 
	0x00, 0x00, 0x00, 0x00, 0x00, 0x00, 0x44, 0x44, 
	0xaa, 0xdd, 0x00, 0x00, 0x44, 0x44, 0x44, 0x44, 
	
};

ALIGNED8 u8 wb_cont_pr64_15_pal_rgba16[] = {
	0x6b, 0x15, 0x31, 0x89, 0x52, 0x4f, 0x52, 0xd3, 
	0x63, 0x17, 0x7c, 0x21, 0x9c, 0xa3, 0xb5, 0x69, 
	0xce, 0x31, 0xff, 0xff, 0x6b, 0x9d, 0x5b, 0x59, 
	0x10, 0x85, 0x4a, 0xd5, 0x42, 0x4f, 0x94, 0x5d, 
	
};

ALIGNED8 u8 wb_cont_miu64_wb004_ci4[] = {
	0x01, 0x23, 0x45, 0x64, 0x74, 0x88, 0x99, 0x94, 
	0xaa, 0x6b, 0x00, 0xaa, 0xa0, 0x06, 0xcd, 0xdd, 
	0xdd, 0xde, 0xee, 0xee, 0xee, 0x4e, 0xce, 0xee, 
	0xee, 0xe4, 0x44, 0x44, 0xee, 0xcc, 0xec, 0xce, 
	0x01, 0x23, 0x45, 0x54, 0x43, 0x38, 0x99, 0x94, 
	0xaa, 0x6b, 0x0a, 0xaa, 0xaa, 0x06, 0xed, 0xdd, 
	0xed, 0xee, 0xee, 0xee, 0x4e, 0xe4, 0xee, 0xee, 
	0xee, 0xe4, 0x4e, 0x44, 0xee, 0xee, 0xee, 0xcc, 
	0x01, 0x22, 0x44, 0x55, 0x83, 0x38, 0x99, 0x94, 
	0xaa, 0x6b, 0x00, 0xaa, 0xaa, 0x06, 0xcd, 0xdd, 
	0xed, 0xee, 0xee, 0xee, 0xe4, 0x4e, 0xee, 0xee, 
	0xee, 0x44, 0x44, 0x44, 0xee, 0xee, 0xee, 0xec, 
	0x01, 0x22, 0x64, 0x44, 0x43, 0x88, 0x99, 0x97, 
	0xaa, 0xb6, 0xa0, 0xaa, 0xaa, 0x0b, 0xcd, 0xed, 
	0xed, 0xde, 0xee, 0xee, 0xe4, 0x4e, 0xee, 0xee, 
	0xee, 0xee, 0x4e, 0x44, 0xee, 0xee, 0xee, 0xee, 
	0x01, 0x22, 0x82, 0x88, 0x55, 0x98, 0x99, 0x94, 
	0xaa, 0xb6, 0xb0, 0x00, 0xaa, 0x0a, 0x7e, 0xdd, 
	0xee, 0xee, 0xee, 0xee, 0xee, 0xee, 0xee, 0xee, 
	0xee, 0xee, 0xdd, 0xee, 0xcd, 0xcd, 0xdc, 0xcc, 
	0x01, 0x22, 0x98, 0x88, 0x88, 0x98, 0x99, 0x97, 
	0xaa, 0xbb, 0xa0, 0x00, 0xaa, 0x00, 0x7e, 0xdd, 
	0xee, 0xee, 0xee, 0xee, 0xee, 0xee, 0xee, 0xee, 
	0xee, 0xee, 0xee, 0xee, 0xcc, 0xcc, 0xcc, 0xcc, 
	0x01, 0x22, 0x98, 0x89, 0x88, 0x99, 0x99, 0x94, 
	0xaa, 0xba, 0xb0, 0x00, 0xa0, 0xa0, 0xcc, 0xdd, 
	0xee, 0xee, 0xed, 0xde, 0xee, 0xee, 0xdd, 0xdd, 
	0xee, 0xee, 0xdd, 0xdd, 0xdd, 0xdd, 0xdd, 0xdd, 
	0x01, 0x22, 0x99, 0x89, 0x89, 0x99, 0x99, 0x97, 
	0xaa, 0xba, 0xba, 0x00, 0x00, 0xa0, 0xdc, 0xdd, 
	0xee, 0xb0, 0xaa, 0xaa, 0xaa, 0xaa, 0xaa, 0xaa, 
	0xaa, 0xaa, 0xaa, 0xaa, 0xaa, 0xaa, 0xaa, 0xaa, 
	0x51, 0x22, 0x99, 0x99, 0x99, 0x99, 0x99, 0x94, 
	0xaa, 0x6b, 0xbb, 0x00, 0xaa, 0xa0, 0xb7, 0xee, 
	0xee, 0x60, 0xba, 0xb6, 0xbb, 0xab, 0x6b, 0xbb, 
	0xbb, 0x6b, 0xbb, 0xbb, 0x66, 0x6b, 0xbb, 0xbb, 
	0x51, 0x22, 0x99, 0x99, 0x99, 0x99, 0x99, 0x97, 
	0xaa, 0x66, 0xbb, 0xb0, 0x0a, 0xa0, 0x07, 0xee, 
	0xee, 0xeb, 0xb6, 0xdd, 0xd6, 0xb6, 0xed, 0x6d, 
	0xd6, 0x66, 0x6d, 0xdd, 0x6d, 0x66, 0x66, 0x66, 
	0x51, 0x22, 0x99, 0x99, 0x99, 0x99, 0x99, 0x97, 
	0xaa, 0x66, 0xbb, 0x6a, 0x00, 0xaa, 0x07, 0x7e, 
	0xee, 0xeb, 0xa6, 0x6d, 0x66, 0x66, 0xd6, 0xde, 
	0xdd, 0x66, 0xdd, 0xdd, 0x66, 0x66, 0xdd, 0x66, 
	0x51, 0x22, 0x99, 0x99, 0x99, 0x99, 0x99, 0x97, 
	0xaa, 0x66, 0xbb, 0xb6, 0xa0, 0x0a, 0x0e, 0x7e, 
	0xee, 0xeb, 0xa6, 0x6d, 0x6d, 0xd6, 0xb6, 0x6d, 
	0xd6, 0xd6, 0x6d, 0xdd, 0xd6, 0x66, 0x66, 0x66, 
	0x51, 0x22, 0x99, 0x99, 0x99, 0x99, 0x99, 0x97, 
	0xa0, 0x6b, 0x66, 0x66, 0x6a, 0x00, 0x00, 0x7e, 
	0xee, 0xed, 0xaa, 0x66, 0x6d, 0xdd, 0x66, 0x66, 
	0xdd, 0x66, 0x6d, 0xdd, 0xd6, 0xb6, 0x6b, 0x66, 
	0x51, 0x22, 0x99, 0x99, 0x99, 0x99, 0x99, 0x97, 
	0xa0, 0x6b, 0x6d, 0xd6, 0x66, 0xb0, 0x00, 0x7e, 
	0xee, 0xec, 0xba, 0xb6, 0x6d, 0x66, 0x66, 0x66, 
	0xd6, 0x66, 0x6b, 0xb6, 0x66, 0x66, 0x66, 0xb6, 
	0x51, 0x22, 0x99, 0x99, 0x99, 0x99, 0x99, 0x97, 
	0xa0, 0x6b, 0x66, 0x66, 0x66, 0x66, 0x00, 0xe7, 
	0xee, 0xcc, 0xea, 0xb6, 0x66, 0x66, 0x6b, 0x66, 
	0xb6, 0x66, 0x66, 0x6b, 0xb6, 0xe6, 0x6b, 0xb6, 
	0x51, 0x22, 0x99, 0x99, 0x99, 0x99, 0x99, 0x97, 
	0xa0, 0x66, 0x66, 0x66, 0x6b, 0x66, 0xb0, 0xb7, 
	0xee, 0xee, 0xe6, 0xab, 0x66, 0x66, 0x66, 0xbb, 
	0x66, 0xdd, 0x66, 0x66, 0xb6, 0xbb, 0xbb, 0xb6, 
	0x51, 0x22, 0x89, 0x99, 0x99, 0x99, 0x99, 0x97, 
	0xaa, 0xdd, 0x6d, 0x66, 0x6b, 0x66, 0xbb, 0x0c, 
	0x7e, 0xed, 0xee, 0xaa, 0x66, 0x6b, 0xb6, 0x6b, 
	0x6d, 0x6d, 0xdd, 0x66, 0x6b, 0xbb, 0xbb, 0xb6, 
	0x51, 0x22, 0x89, 0x99, 0x99, 0x99, 0x99, 0x97, 
	0xaa, 0xdd, 0xd6, 0x66, 0x66, 0xbb, 0xbb, 0x0d, 
	0x7e, 0xee, 0xee, 0x6a, 0xab, 0x6b, 0xbb, 0x66, 
	0x66, 0x66, 0xdd, 0xad, 0x66, 0xdd, 0x6b, 0xbb, 
	0x51, 0x22, 0x99, 0x34, 0x99, 0x99, 0x99, 0x97, 
	0xaa, 0xdd, 0xd6, 0x6b, 0x66, 0x6b, 0xbb, 0x0d, 
	0xed, 0xde, 0xee, 0xc6, 0xab, 0x6b, 0xbb, 0x66, 
	0x66, 0x66, 0xdd, 0xdd, 0x66, 0xdd, 0x66, 0x66, 
	0x51, 0x22, 0x84, 0x44, 0x44, 0x99, 0x99, 0x97, 
	0xaa, 0xdd, 0xd6, 0x66, 0x66, 0x6b, 0xbb, 0x0d, 
	0xed, 0xde, 0xee, 0xec, 0xba, 0xab, 0xb6, 0x66, 
	0x66, 0x66, 0xdd, 0xd6, 0x66, 0x6d, 0x66, 0x66, 
	0x01, 0x22, 0x64, 0x4b, 0x23, 0x42, 0x99, 0x97, 
	0xaa, 0xdd, 0xdd, 0x66, 0x66, 0xb6, 0x66, 0x06, 
	0x7e, 0x6c, 0xee, 0xec, 0xcb, 0x0b, 0x6b, 0x66, 
	0x6d, 0x66, 0x66, 0x6d, 0x66, 0x66, 0x66, 0x66, 
	0x01, 0x22, 0x44, 0xab, 0x22, 0x22, 0x99, 0x97, 
	0xaa, 0xdd, 0xdd, 0x66, 0x66, 0x6b, 0x66, 0x0e, 
	0x7e, 0xec, 0xce, 0xee, 0xcc, 0xb0, 0xb6, 0xbb, 
	0xb6, 0xd6, 0x66, 0x66, 0x66, 0xd6, 0xd6, 0x66, 
	0x01, 0x22, 0x46, 0xb6, 0x33, 0x22, 0x99, 0x91, 
	0xaa, 0xdd, 0xdd, 0x66, 0x6b, 0x6b, 0x60, 0x07, 
	0x7c, 0xcc, 0xce, 0xcc, 0xcc, 0xcb, 0xaa, 0x66, 
	0xd6, 0xb6, 0x6d, 0x66, 0x66, 0x66, 0x66, 0x6d, 
	0x01, 0x22, 0x46, 0xb4, 0x77, 0x32, 0x99, 0x97, 
	0xaa, 0x6d, 0x6d, 0x66, 0x66, 0xbb, 0x00, 0xe7, 
	0xec, 0xcc, 0xce, 0xee, 0xcc, 0xdc, 0x6a, 0xa6, 
	0x6b, 0xb6, 0xd6, 0x6d, 0xd6, 0x66, 0x66, 0x66, 
	0x51, 0x22, 0x93, 0x83, 0x11, 0xff, 0xff, 0xf7, 
	0xaa, 0xdd, 0xdd, 0xd6, 0xbb, 0xbb, 0xa6, 0x7e, 
	0xce, 0xcc, 0xce, 0xee, 0xc6, 0xdc, 0xed, 0xaa, 
	0xab, 0xbb, 0xb6, 0x66, 0xb6, 0x66, 0xd6, 0xda, 
	0x51, 0x22, 0x99, 0x89, 0x99, 0xff, 0xff, 0xf7, 
	0xaa, 0xdd, 0xdd, 0xd6, 0xbb, 0xb0, 0x67, 0xee, 
	0xce, 0xee, 0xec, 0xee, 0xe6, 0xee, 0xee, 0xda, 
	0xaa, 0xbb, 0xb6, 0x66, 0x66, 0x66, 0xd6, 0x6d, 
	0x51, 0x22, 0x99, 0x99, 0x9f, 0xf1, 0xff, 0xf7, 
	0xaa, 0xdd, 0x66, 0xd6, 0xbb, 0x0b, 0x7e, 0xee, 
	0xcc, 0xcc, 0xcc, 0xce, 0xec, 0xce, 0xdd, 0xde, 
	0xdb, 0xaa, 0xaa, 0x66, 0x66, 0x66, 0x66, 0x66, 
	0x51, 0x22, 0x99, 0x99, 0xff, 0xff, 0xff, 0xf7, 
	0xaa, 0xd6, 0x6d, 0x6b, 0xb0, 0xb7, 0xee, 0xee, 
	0xce, 0xee, 0xec, 0xee, 0xee, 0xee, 0xde, 0xee, 
	0xee, 0xda, 0xaa, 0xaa, 0xbb, 0x66, 0x66, 0x6b, 
	0x51, 0x22, 0xff, 0xff, 0xff, 0xff, 0x99, 0x97, 
	0xaa, 0xdd, 0x66, 0x66, 0x6a, 0x77, 0xee, 0xdd, 
	0xdc, 0xcc, 0xee, 0xee, 0xee, 0xdd, 0xde, 0xee, 
	0xce, 0xcc, 0xe6, 0xaa, 0xaa, 0xaa, 0xbb, 0xbb, 
	0x51, 0x22, 0xff, 0xff, 0xff, 0xff, 0x99, 0x97, 
	0xaa, 0xdd, 0x66, 0x66, 0xae, 0x77, 0xeb, 0xbb, 
	0xba, 0xdc, 0xcc, 0xee, 0xee, 0xdd, 0xde, 0xee, 
	0xec, 0xcc, 0xcc, 0xee, 0x66, 0xaa, 0xaa, 0xaa, 
	0x51, 0x22, 0x9f, 0x99, 0xff, 0xff, 0x99, 0x97, 
	0xaa, 0xd6, 0x66, 0x6b, 0xae, 0x77, 0xba, 0xdd, 
	0xda, 0xac, 0xcc, 0xcc, 0xee, 0xdd, 0xed, 0xee, 
	0xcc, 0xcc, 0xcc, 0xcc, 0xcc, 0xcc, 0xdd, 0xdd, 
	0x51, 0x22, 0x99, 0x99, 0xff, 0xff, 0x99, 0x97, 
	0xaa, 0x66, 0x66, 0x6b, 0xae, 0x7e, 0xab, 0xee, 
	0xdd, 0xad, 0x7e, 0xee, 0xec, 0xdd, 0xcd, 0xde, 
	0xcc, 0xce, 0xcc, 0xcc, 0xcc, 0xcc, 0xcc, 0xcc, 
	0x51, 0x22, 0x99, 0x99, 0x99, 0x99, 0xff, 0xf7, 
	0x00, 0xdd, 0x66, 0x66, 0xae, 0xee, 0xa6, 0xdd, 
	0xdd, 0xad, 0xce, 0xee, 0xdd, 0x6b, 0xbb, 0xde, 
	0xcc, 0xcc, 0xcc, 0xcc, 0xcc, 0xcc, 0xcc, 0xcc, 
	0x51, 0x22, 0xf9, 0x99, 0x99, 0x99, 0xff, 0xf7, 
	0xa0, 0xdd, 0x66, 0x66, 0xae, 0xcc, 0xaa, 0x66, 
	0xbb, 0xac, 0xcc, 0xc6, 0xaa, 0xaa, 0xbb, 0xaa, 
	0xbd, 0xcc, 0xcc, 0xcc, 0xcc, 0xcc, 0xcc, 0xcc, 
	0x51, 0x22, 0xf9, 0xf9, 0x99, 0xf9, 0xff, 0xf7, 
	0xa0, 0xdd, 0xd6, 0x66, 0xae, 0xcc, 0x6a, 0x66, 
	0xba, 0xbc, 0xcc, 0xeb, 0xab, 0xbb, 0xbb, 0xaa, 
	0xaa, 0xbb, 0xcc, 0xcc, 0xcc, 0xcc, 0xcc, 0xcc, 
	0x51, 0x22, 0x99, 0x99, 0x9f, 0x9f, 0xff, 0xf7, 
	0x00, 0xdd, 0xd6, 0x66, 0x66, 0xcc, 0xc6, 0xaa, 
	0xab, 0xcc, 0xce, 0xbb, 0xb6, 0x6b, 0xbb, 0xba, 
	0xaa, 0xaa, 0xaa, 0x6e, 0xcc, 0xcc, 0xcc, 0xcc, 
	0x01, 0x22, 0x99, 0x99, 0x9f, 0x9f, 0x99, 0x97, 
	0xa0, 0xdd, 0xd6, 0x6b, 0x6a, 0xec, 0xcc, 0xce, 
	0xec, 0xcc, 0xea, 0xaa, 0x66, 0x66, 0x6b, 0xb6, 
	0xa0, 0x00, 0x00, 0x0a, 0xaa, 0xbb, 0x66, 0x6d, 
	0x01, 0x22, 0x99, 0x99, 0x99, 0x99, 0x99, 0x97, 
	0x00, 0xdd, 0xdd, 0x6b, 0x66, 0xae, 0xcc, 0xcc, 
	0xcc, 0xce, 0xaa, 0x66, 0x66, 0x66, 0x6b, 0xbb, 
	0xb0, 0x00, 0x00, 0x00, 0x00, 0x00, 0x00, 0x00, 
	0x01, 0x22, 0x99, 0x99, 0x99, 0x99, 0x99, 0x97, 
	0x0b, 0xdb, 0x66, 0x66, 0x66, 0x6a, 0xde, 0xcc, 
	0xce, 0xdb, 0xa6, 0x66, 0x66, 0x66, 0x66, 0x6b, 
	0xbb, 0x00, 0x00, 0x00, 0x00, 0x00, 0x00, 0x00, 
	0x01, 0x22, 0x99, 0x99, 0x9f, 0x99, 0x99, 0x97, 
	0x00, 0xdd, 0xdd, 0xd6, 0x66, 0x66, 0xbb, 0xbb, 
	0xbb, 0xbb, 0x66, 0x66, 0x66, 0x66, 0x66, 0x66, 
	0xbb, 0xa0, 0x00, 0x00, 0x00, 0x00, 0x00, 0x00, 
	0x01, 0x22, 0x9f, 0xf9, 0x99, 0xff, 0x99, 0x97, 
	0xa0, 0x66, 0xdd, 0xdd, 0x66, 0xdd, 0x66, 0xbb, 
	0xb6, 0xdd, 0x66, 0xdd, 0xdd, 0xdd, 0xdd, 0xdd, 
	0xdd, 0x6b, 0x00, 0x00, 0x00, 0x0a, 0x0a, 0x00, 
	0x01, 0x22, 0xf9, 0xf9, 0x99, 0x99, 0x99, 0x97, 
	0xa0, 0x66, 0xdd, 0x66, 0x6d, 0xdd, 0xdd, 0x6b, 
	0x6d, 0xdd, 0x6d, 0xdd, 0xdd, 0xdd, 0xdd, 0xdd, 
	0xdd, 0xd6, 0xba, 0x00, 0x00, 0x0a, 0xaa, 0xa0, 
	0x01, 0x22, 0xf9, 0x99, 0x99, 0x99, 0x99, 0x97, 
	0xa0, 0xb6, 0xdd, 0xdd, 0x66, 0xdd, 0xdd, 0xdd, 
	0xdd, 0xdd, 0xdd, 0xdd, 0xdd, 0xee, 0xdd, 0xdd, 
	0xdd, 0xdd, 0x66, 0xba, 0x00, 0x00, 0x00, 0x00, 
	0x01, 0x22, 0x99, 0x99, 0x99, 0x99, 0x99, 0x97, 
	0xa0, 0xab, 0xdd, 0xbd, 0xdd, 0xdd, 0xdd, 0xdd, 
	0xdd, 0xdd, 0xdd, 0xdd, 0xdd, 0xde, 0xdd, 0xdd, 
	0xdd, 0xdd, 0x66, 0xbb, 0xba, 0xa0, 0x00, 0x0a, 
	0x01, 0x22, 0x99, 0x99, 0x99, 0x99, 0x99, 0x97, 
	0x00, 0xbb, 0xbb, 0xb6, 0xbd, 0xdd, 0xdd, 0xdd, 
	0xdd, 0xdd, 0xdd, 0xdd, 0x66, 0x66, 0xdd, 0xdd, 
	0xdd, 0xdd, 0x6b, 0xbb, 0xba, 0xaa, 0xbb, 0xbb, 
	0x01, 0x22, 0x99, 0x99, 0x99, 0x99, 0x99, 0x97, 
	0xb0, 0x00, 0xaa, 0xab, 0xab, 0xab, 0xbb, 0xbb, 
	0x66, 0x66, 0xbb, 0xbb, 0xbb, 0xbb, 0xaa, 0xaa, 
	0xaa, 0xaa, 0xaa, 0xaa, 0xaa, 0xaa, 0xaa, 0xaa, 
	0x01, 0x22, 0x99, 0x99, 0x99, 0x99, 0x99, 0x91, 
	0xd0, 0x00, 0x00, 0x00, 0xaa, 0xaa, 0x00, 0x00, 
	0x00, 0x00, 0xaa, 0xaa, 0xaa, 0xaa, 0x00, 0x00, 
	0xaa, 0xaa, 0xaa, 0xaa, 0x00, 0x00, 0x00, 0x00, 
	0x01, 0x22, 0x99, 0x99, 0x99, 0x99, 0x99, 0x99, 
	0xcd, 0xbb, 0x66, 0x66, 0xbb, 0xbb, 0xbb, 0xbb, 
	0x66, 0xaa, 0xbb, 0xbb, 0xbb, 0xbb, 0x66, 0x66, 
	0xbb, 0xbb, 0xbb, 0xba, 0xbb, 0xbb, 0xbb, 0xbb, 
	0x51, 0x22, 0x99, 0x99, 0x99, 0x99, 0x99, 0xff, 
	0x99, 0xcc, 0xcc, 0xcc, 0xcc, 0xcc, 0xcc, 0xcc, 
	0xcc, 0xcc, 0xcc, 0xcc, 0xcc, 0xcc, 0xcc, 0xcc, 
	0x77, 0x77, 0xcc, 0xcc, 0x77, 0x74, 0xcc, 0xcc, 
	0x51, 0x22, 0x99, 0x99, 0x99, 0x99, 0x99, 0x9f, 
	0x99, 0x99, 0x99, 0x99, 0x99, 0x99, 0x99, 0x99, 
	0x99, 0x99, 0x99, 0x99, 0x99, 0x99, 0x99, 0x99, 
	0x99, 0x99, 0x99, 0x99, 0x99, 0x99, 0x99, 0x99, 
	0x51, 0x22, 0x99, 0x99, 0x99, 0x99, 0x99, 0x9f, 
	0x99, 0x99, 0x99, 0x99, 0x99, 0x99, 0x99, 0x99, 
	0x99, 0x99, 0x99, 0x99, 0x99, 0x99, 0x99, 0x99, 
	0x99, 0x99, 0x99, 0x99, 0x99, 0x99, 0x99, 0x99, 
	0x51, 0x22, 0x99, 0x99, 0x99, 0x99, 0x99, 0x99, 
	0x99, 0x99, 0x99, 0x99, 0x99, 0x99, 0x99, 0x99, 
	0x99, 0x99, 0x99, 0x99, 0x99, 0x99, 0x99, 0x99, 
	0x99, 0x99, 0x99, 0x99, 0x99, 0x99, 0x99, 0x99, 
	0x51, 0x22, 0x99, 0x99, 0x99, 0x99, 0x88, 0x88, 
	0x24, 0x22, 0x9f, 0x9f, 0x99, 0x99, 0xff, 0xf9, 
	0x99, 0x99, 0x99, 0x99, 0x99, 0x99, 0x99, 0x99, 
	0x89, 0x99, 0x99, 0x99, 0x99, 0x99, 0x22, 0x22, 
	0x51, 0x22, 0x99, 0x99, 0x99, 0x99, 0x88, 0x77, 
	0x33, 0x42, 0x99, 0x99, 0x99, 0x9f, 0xff, 0x99, 
	0x99, 0x99, 0x99, 0x99, 0x99, 0x99, 0x99, 0x99, 
	0x99, 0x99, 0x99, 0x99, 0x98, 0x88, 0x22, 0x24, 
	0x53, 0x22, 0x99, 0x99, 0x99, 0x99, 0x83, 0x77, 
	0x42, 0x43, 0x89, 0x99, 0x99, 0x99, 0xf9, 0x99, 
	0x99, 0x99, 0x99, 0x99, 0xf9, 0x99, 0x99, 0x99, 
	0x98, 0x99, 0x99, 0x99, 0x88, 0x88, 0x45, 0x47, 
	0x53, 0x22, 0x99, 0x99, 0x99, 0x98, 0x88, 0x33, 
	0x32, 0x44, 0x89, 0x99, 0x99, 0x99, 0x99, 0x99, 
	0x99, 0x99, 0x99, 0x99, 0x99, 0x99, 0x99, 0x99, 
	0x89, 0x99, 0x99, 0x99, 0x99, 0x89, 0x45, 0x24, 
	0x02, 0x22, 0x99, 0x99, 0x99, 0x99, 0x28, 0x82, 
	0x84, 0xc4, 0x89, 0x99, 0x99, 0x99, 0x9f, 0x99, 
	0x99, 0x99, 0x99, 0x99, 0x99, 0x99, 0x99, 0x99, 
	0x99, 0x99, 0x99, 0x99, 0x88, 0x89, 0x35, 0x52, 
	0x02, 0x22, 0x99, 0x99, 0x99, 0x99, 0x83, 0x28, 
	0x44, 0xc8, 0x99, 0x99, 0x99, 0x99, 0x99, 0x99, 
	0x99, 0x99, 0x99, 0x99, 0x99, 0x99, 0x99, 0x99, 
	0x99, 0x99, 0x99, 0x99, 0x98, 0x88, 0x33, 0x55, 
	0x00, 0x12, 0x99, 0x99, 0x99, 0x99, 0x88, 0x33, 
	0x43, 0x38, 0x99, 0x99, 0x99, 0x99, 0x9f, 0xf9, 
	0x99, 0x99, 0x99, 0x99, 0x99, 0x99, 0x99, 0x99, 
	0x99, 0x99, 0x99, 0x99, 0x99, 0x98, 0x23, 0x33, 
	0x00, 0x12, 0x99, 0x99, 0x99, 0x99, 0x88, 0x82, 
	0x88, 0x88, 0x99, 0x99, 0x99, 0x99, 0x99, 0x99, 
	0x99, 0x99, 0x99, 0x99, 0x99, 0x99, 0x99, 0x99, 
	0x99, 0x89, 0x99, 0x99, 0x99, 0x88, 0x22, 0x33, 
	0xaa, 0xac, 0x22, 0x22, 0x28, 0x88, 0x88, 0x88, 
	0x88, 0x88, 0x88, 0x88, 0x88, 0x88, 0x88, 0x88, 
	0x88, 0x88, 0x88, 0x88, 0x22, 0x22, 0x88, 0x88, 
	0x88, 0x88, 0x88, 0x88, 0x88, 0x88, 0x88, 0x88, 
	0xaa, 0xaa, 0x33, 0x22, 0x82, 0x88, 0x88, 0x88, 
	0x88, 0x88, 0x88, 0x88, 0x88, 0x88, 0x88, 0x88, 
	0x88, 0x88, 0x88, 0x88, 0x22, 0x22, 0x88, 0x88, 
	0x88, 0x88, 0x88, 0x88, 0x88, 0x88, 0x88, 0x88, 
	0xaa, 0xaa, 0x22, 0x22, 0x44, 0x44, 0xee, 0xe2, 
	0xdd, 0xdd, 0x33, 0x33, 0x33, 0x33, 0x33, 0x33, 
	0xee, 0xee, 0xdd, 0xdd, 0x33, 0x33, 0xdd, 0xdd, 
	0xdd, 0xdd, 0xdd, 0xdd, 0xdd, 0xdd, 0xdd, 0xdd, 
	0xaa, 0xaa, 0xaa, 0xa2, 0x88, 0x88, 0x88, 0x88, 
	0x88, 0x88, 0x88, 0x88, 0x88, 0x88, 0x88, 0x88, 
	0x88, 0x88, 0x88, 0x88, 0x88, 0x88, 0x88, 0x88, 
	0x88, 0x88, 0x88, 0x88, 0x88, 0x88, 0x88, 0x88, 
	
};

ALIGNED8 u8 wb_cont_miu64_wb004_pal_rgba16[] = {
	0x00, 0x01, 0xbf, 0x25, 0x43, 0x4d, 0x74, 0xdb, 
	0xad, 0x65, 0x09, 0x41, 0x73, 0x57, 0xff, 0xff, 
	0x23, 0x45, 0x0b, 0xc1, 0x31, 0x49, 0x5a, 0x51, 
	0xce, 0x2d, 0x94, 0x1d, 0xb5, 0x65, 0x1c, 0x85, 
	
};

ALIGNED8 u8 wb_cont_pr64_3_ci4[] = {
	0x01, 0x10, 0x23, 0x44, 0x55, 0x55, 0x54, 0x65, 
	0x78, 0x99, 0xaa, 0xaa, 0x54, 0xbb, 0x33, 0x96, 
	0xcc, 0xcc, 0x99, 0x64, 0x33, 0x99, 0xaa, 0xa8, 
	0xaa, 0x11, 0x33, 0x41, 0xdd, 0xdd, 0xe9, 0x44, 
	0x01, 0xb1, 0x02, 0x20, 0x65, 0x55, 0x59, 0x95, 
	0xe9, 0xee, 0xaa, 0x9a, 0x54, 0xb1, 0x63, 0x23, 
	0xdd, 0xcc, 0x99, 0x44, 0x99, 0x9e, 0xaa, 0x88, 
	0xaa, 0x1b, 0x42, 0x23, 0xdd, 0xdd, 0xe4, 0x94, 
	0x06, 0xbb, 0x02, 0x22, 0x56, 0x55, 0x94, 0x59, 
	0x9e, 0x8e, 0xaa, 0xaa, 0x54, 0x1b, 0x63, 0x22, 
	0x3d, 0xdd, 0x99, 0x99, 0x9e, 0xee, 0x88, 0x88, 
	0xaa, 0x4b, 0x13, 0x22, 0x7d, 0xdc, 0x4e, 0xe9, 
	0x06, 0x61, 0x43, 0x32, 0xf5, 0x65, 0x94, 0x55, 
	0xee, 0xee, 0x88, 0x8a, 0x54, 0x41, 0x93, 0x32, 
	0xf3, 0xdd, 0x99, 0x99, 0xee, 0x33, 0x88, 0x88, 
	0xaa, 0x44, 0x43, 0x32, 0xf7, 0xdd, 0x9e, 0xee, 
	0x04, 0x44, 0xcc, 0x77, 0x22, 0x04, 0x99, 0x99, 
	0xaa, 0x88, 0x8a, 0xa9, 0x44, 0x64, 0x60, 0x33, 
	0x72, 0x74, 0x6c, 0xcc, 0xa8, 0x87, 0x77, 0x8a, 
	0xaa, 0x46, 0x4e, 0xee, 0x77, 0x34, 0x4e, 0xee, 
	0x00, 0x44, 0xc3, 0x77, 0x33, 0x20, 0x69, 0x99, 
	0xa8, 0x88, 0x88, 0x89, 0x4e, 0x46, 0x40, 0x00, 
	0x77, 0x27, 0x66, 0xcc, 0x98, 0x77, 0x87, 0x88, 
	0xaa, 0x96, 0x64, 0x33, 0x70, 0x33, 0x44, 0xee, 
	0xe0, 0x44, 0x4c, 0x33, 0x00, 0x32, 0x96, 0x99, 
	0xa8, 0x88, 0x88, 0x99, 0xe3, 0xe4, 0x64, 0x03, 
	0x70, 0x72, 0x36, 0x6c, 0x99, 0x88, 0x88, 0x88, 
	0xaa, 0x94, 0x64, 0xe3, 0x33, 0x03, 0x74, 0x4e, 
	0xe0, 0x04, 0x44, 0xc3, 0x03, 0x32, 0xf9, 0x69, 
	0xaa, 0x88, 0x88, 0x94, 0x33, 0x4e, 0x66, 0x00, 
	0x77, 0x77, 0x23, 0x6c, 0x9a, 0x88, 0x88, 0x8a, 
	0xaa, 0x94, 0xe4, 0x64, 0x07, 0x37, 0x77, 0x14, 
	0xc5, 0x4c, 0x94, 0x44, 0x77, 0x03, 0x23, 0xdd, 
	0x9e, 0xee, 0x33, 0xe4, 0xc3, 0xcc, 0x46, 0x69, 
	0xc4, 0x53, 0x3f, 0x06, 0x4e, 0x88, 0x33, 0xaa, 
	0xee, 0xe9, 0x99, 0x44, 0x03, 0x77, 0x22, 0x96, 
	0x55, 0xc4, 0x99, 0x44, 0x00, 0x40, 0x32, 0x5d, 
	0x9e, 0xee, 0x33, 0x99, 0x6c, 0xcc, 0x44, 0x69, 
	0xc4, 0x45, 0x3f, 0x36, 0x4e, 0x88, 0x33, 0xa3, 
	0xee, 0x99, 0x99, 0x94, 0x40, 0x03, 0x32, 0x26, 
	0x55, 0xc4, 0x9e, 0x94, 0x40, 0x00, 0x32, 0x3d, 
	0x99, 0xee, 0xee, 0xe9, 0x6c, 0xfc, 0x99, 0x49, 
	0x4c, 0x53, 0xff, 0xf6, 0x4e, 0xee, 0x3a, 0xaa, 
	0xe9, 0x99, 0xaa, 0x99, 0x44, 0x03, 0x32, 0x23, 
	0x4c, 0x54, 0x9e, 0xe9, 0x44, 0x07, 0x22, 0x25, 
	0x94, 0xee, 0xe9, 0x99, 0x6c, 0x3c, 0xe9, 0x4e, 
	0xc4, 0xc3, 0xff, 0xf0, 0x48, 0xee, 0xaa, 0xaa, 
	0x99, 0x99, 0x9a, 0xaa, 0x04, 0x40, 0x32, 0x23, 
	0x99, 0xa9, 0x99, 0xaa, 0x99, 0x99, 0xe7, 0xe9, 
	0x9a, 0xaa, 0x99, 0x99, 0x9e, 0x99, 0x99, 0x9e, 
	0x99, 0x99, 0xa3, 0x3a, 0x99, 0xee, 0xe9, 0x99, 
	0x99, 0x9a, 0xaa, 0xa8, 0xaa, 0x46, 0x45, 0x34, 
	0xaa, 0xaa, 0xaa, 0xaa, 0xaa, 0xa9, 0x9e, 0x99, 
	0xa8, 0xaa, 0xaa, 0xaa, 0x99, 0xe9, 0x99, 0xee, 
	0xa9, 0xaa, 0xa9, 0xaa, 0x99, 0xee, 0x94, 0x49, 
	0x99, 0xa9, 0xaa, 0xa8, 0xaa, 0x99, 0x44, 0x44, 
	0x49, 0xaa, 0xaa, 0xaa, 0xaa, 0xaa, 0xe9, 0x9e, 
	0xaa, 0x8a, 0xaa, 0x8a, 0x99, 0x94, 0x49, 0xee, 
	0xaa, 0x8a, 0xaa, 0xaa, 0xee, 0xee, 0x99, 0x99, 
	0x9a, 0x94, 0x99, 0xaa, 0xaa, 0xaa, 0xc4, 0x4c, 
	0x99, 0x94, 0x99, 0x9a, 0xaa, 0x99, 0x99, 0x9e, 
	0xaa, 0xaa, 0xa8, 0x8a, 0x94, 0x4e, 0x94, 0x9e, 
	0x88, 0x88, 0xea, 0xaa, 0x9e, 0x99, 0x99, 0xee, 
	0x99, 0x49, 0x89, 0x44, 0x9a, 0xaa, 0xc4, 0x4c, 
	0x41, 0x43, 0x34, 0x44, 0x98, 0x94, 0x99, 0x99, 
	0xaa, 0xaa, 0xaa, 0xae, 0xc1, 0x6c, 0xf3, 0x99, 
	0x33, 0x33, 0xe9, 0x99, 0xa9, 0x9a, 0x99, 0xa8, 
	0x06, 0x16, 0x02, 0x74, 0x6c, 0xcc, 0x59, 0x94, 
	0x4b, 0x14, 0x22, 0x54, 0x99, 0x94, 0xa9, 0x99, 
	0xa8, 0x8a, 0xaa, 0xaa, 0xcb, 0xb6, 0x3f, 0xf9, 
	0x99, 0x99, 0xee, 0x99, 0x89, 0xa8, 0xaa, 0x88, 
	0x06, 0xb1, 0x07, 0x27, 0xc6, 0xcc, 0x99, 0x59, 
	0x41, 0xb1, 0x52, 0x25, 0x66, 0x89, 0x99, 0x9a, 
	0xaa, 0xaa, 0xa8, 0xaa, 0xc6, 0xb1, 0x37, 0xff, 
	0x36, 0x99, 0xee, 0x99, 0xaa, 0x88, 0x88, 0x88, 
	0x06, 0x66, 0x00, 0x77, 0x2c, 0x6c, 0x4a, 0xa5, 
	0x44, 0x11, 0x43, 0x22, 0x89, 0x48, 0x99, 0x9a, 
	0xaa, 0xaa, 0x88, 0x8a, 0xc6, 0x66, 0x93, 0x7f, 
	0xf3, 0x66, 0xee, 0x9e, 0xa8, 0x88, 0x88, 0x88, 
	0x00, 0x66, 0x47, 0x77, 0x32, 0xc6, 0x45, 0xa5, 
	0xa6, 0x46, 0x64, 0x77, 0xf7, 0xa8, 0x99, 0x9e, 
	0xa8, 0x88, 0x88, 0x8a, 0xa4, 0x44, 0x97, 0x77, 
	0x3f, 0x5d, 0x55, 0x55, 0xe8, 0x88, 0x77, 0x78, 
	0xa9, 0x66, 0x9e, 0x33, 0x7f, 0xf0, 0x69, 0x99, 
	0xa4, 0x64, 0x40, 0x00, 0x7f, 0x7a, 0x44, 0x43, 
	0xa8, 0x88, 0x88, 0x88, 0xaa, 0x44, 0x97, 0x77, 
	0x33, 0xf5, 0x45, 0x55, 0xe8, 0x87, 0x77, 0x78, 
	0xaa, 0x96, 0x44, 0x93, 0x87, 0xff, 0x96, 0x99, 
	0xa9, 0x46, 0x60, 0x40, 0x8f, 0xf8, 0x49, 0x9e, 
	0xa8, 0x88, 0x88, 0x88, 0x8a, 0x94, 0x49, 0x77, 
	0x33, 0xff, 0x54, 0x54, 0xe8, 0x87, 0x88, 0x77, 
	0x8a, 0x99, 0x44, 0x43, 0x78, 0x7f, 0xf9, 0x69, 
	0xaa, 0x96, 0x64, 0x40, 0x88, 0xff, 0x39, 0x99, 
	0xa8, 0x88, 0x88, 0xaa, 0x8a, 0xa9, 0x44, 0x97, 
	0x33, 0x3f, 0x24, 0x44, 0xe8, 0x88, 0x8a, 0x77, 
	0x8a, 0xa9, 0x94, 0x49, 0x88, 0x88, 0xff, 0x69, 
	0x55, 0xc4, 0x66, 0x4a, 0x79, 0x97, 0x23, 0x00, 
	0xaa, 0x83, 0x88, 0x80, 0xee, 0xcc, 0x44, 0x4e, 
	0x37, 0x77, 0x23, 0xdc, 0x99, 0x87, 0x78, 0x77, 
	0x83, 0xaa, 0xa9, 0x64, 0x90, 0x33, 0x32, 0x34, 
	0x55, 0x44, 0x94, 0x64, 0x99, 0x6e, 0x22, 0x40, 
	0xa9, 0x8a, 0x88, 0x88, 0xec, 0xcc, 0x99, 0x44, 
	0x03, 0x03, 0x22, 0xdd, 0xd9, 0x97, 0x77, 0x78, 
	0x88, 0xaa, 0xaa, 0x94, 0x49, 0x03, 0x32, 0x24, 
	0xc5, 0x44, 0xa9, 0x46, 0x99, 0x69, 0x22, 0x04, 
	0xa9, 0xa9, 0x88, 0x80, 0x44, 0x4c, 0xee, 0xe4, 
	0x40, 0x33, 0x32, 0x3d, 0xdd, 0x98, 0x88, 0x8a, 
	0xa0, 0x0a, 0xaa, 0xa9, 0x44, 0x00, 0x32, 0x25, 
	0xc4, 0x4c, 0xaa, 0x94, 0x6e, 0xe7, 0x22, 0x20, 
	0xaa, 0xa8, 0x80, 0x99, 0x64, 0xcc, 0xee, 0xe9, 
	0x44, 0x03, 0x32, 0x2c, 0xd9, 0x99, 0xaa, 0x99, 
	0x00, 0x8a, 0xaa, 0xaa, 0x94, 0x49, 0x52, 0x25, 
	0xc4, 0x4c, 0xcc, 0xcc, 0x44, 0xce, 0x7f, 0x78, 
	0xaa, 0xaa, 0xe9, 0x44, 0x43, 0x55, 0x8a, 0xaa, 
	0xa9, 0x49, 0xa7, 0x8a, 0xa8, 0x89, 0x99, 0x66, 
	0x3f, 0xf3, 0x08, 0x88, 0xec, 0xcd, 0x4a, 0xa4, 
	0xcc, 0x44, 0xcc, 0xcc, 0xcc, 0xc4, 0x98, 0x88, 
	0xaa, 0xaa, 0x94, 0x4e, 0x22, 0x25, 0x9a, 0x88, 
	0x8a, 0xaa, 0xaa, 0x88, 0xaa, 0xaa, 0x96, 0x69, 
	0x3f, 0xf3, 0x40, 0x88, 0xee, 0xee, 0x00, 0x00, 
	0xcc, 0xc4, 0xcc, 0xce, 0x9e, 0xee, 0x99, 0x88, 
	0xaa, 0xa4, 0x46, 0x49, 0x32, 0x25, 0x49, 0x88, 
	0x88, 0x88, 0x88, 0x88, 0x8a, 0xa9, 0x11, 0x95, 
	0x3f, 0xf4, 0x99, 0x88, 0xee, 0x88, 0xa0, 0xa0, 
	0x55, 0x44, 0xcc, 0xae, 0xee, 0xee, 0x98, 0x88, 
	0xaa, 0x46, 0x66, 0x9e, 0x42, 0x24, 0x49, 0xa8, 
	0x88, 0x88, 0x88, 0xaa, 0xaa, 0x94, 0x19, 0x59, 
	0x3f, 0x34, 0x08, 0x88, 0x8e, 0x88, 0x04, 0x00, 
	0x55, 0xcc, 0xc9, 0xaa, 0x99, 0xe9, 0xaa, 0xca, 
	0xe4, 0x66, 0x69, 0x99, 0xef, 0xe4, 0xaa, 0xaa, 
	0x88, 0x88, 0xaa, 0xa9, 0x99, 0x66, 0x47, 0x77, 
	0x22, 0xdd, 0xce, 0x8c, 0x8e, 0x88, 0x9e, 0xee, 
	0xcc, 0xdc, 0xc9, 0xa9, 0x99, 0x34, 0xaa, 0xcc, 
	0x46, 0x64, 0x89, 0x9f, 0xf7, 0x44, 0x99, 0xa8, 
	0x88, 0x88, 0xa9, 0xa9, 0x96, 0x69, 0xee, 0x7f, 
	0x2d, 0xdd, 0xee, 0x88, 0x88, 0x8e, 0xee, 0xee, 
	0x5d, 0xdc, 0x9a, 0xaa, 0x93, 0x39, 0xca, 0xcd, 
	0x66, 0x6e, 0xff, 0xff, 0x74, 0x44, 0x9a, 0xa8, 
	0x88, 0xee, 0xaa, 0x94, 0x66, 0x33, 0x4e, 0xff, 
	0xd6, 0xdd, 0xe8, 0x8e, 0x8e, 0x8e, 0xe9, 0x99, 
	0xdd, 0xcc, 0x9a, 0xaa, 0xe9, 0xe9, 0xcc, 0xdd, 
	0x66, 0x88, 0xff, 0xff, 0x44, 0x44, 0xaa, 0xaa, 
	0x88, 0x8e, 0xaa, 0x4d, 0x19, 0x33, 0xe7, 0xf4, 
	0xdd, 0xdd, 0xc8, 0xcc, 0xde, 0x88, 0xee, 0x44, 
	0x54, 0x55, 0x9a, 0xa9, 0xae, 0xea, 0xdd, 0xd6, 
	0x14, 0xaf, 0x22, 0x2c, 0x49, 0x99, 0x9e, 0xee, 
	0x3e, 0x30, 0x00, 0x61, 0x67, 0xee, 0x32, 0xcd, 
	0xcd, 0x53, 0x3c, 0xcc, 0x4e, 0x33, 0x80, 0x99, 
	0xe5, 0x55, 0x9a, 0xa9, 0xae, 0xaa, 0xdd, 0x61, 
	0x4a, 0xaf, 0x22, 0xc6, 0x99, 0x99, 0x9e, 0x9e, 
	0x30, 0x3e, 0x00, 0x6b, 0x47, 0x77, 0x2c, 0xdd, 
	0xd5, 0x55, 0x3c, 0x53, 0x9e, 0x3e, 0x09, 0x9a, 
	0xe5, 0x54, 0x9a, 0xaa, 0xaa, 0xaa, 0xdd, 0x1b, 
	0xaa, 0xff, 0x2c, 0x6c, 0x99, 0x99, 0xee, 0x9e, 
	0xe0, 0xee, 0x00, 0x1b, 0x47, 0x77, 0xcd, 0xdd, 
	0xc5, 0x5c, 0xc5, 0xcc, 0x3e, 0xee, 0x09, 0xa0, 
	0x54, 0xd5, 0x94, 0x99, 0x0a, 0xaa, 0xd6, 0xb6, 
	0x4f, 0xff, 0xc6, 0xcc, 0x99, 0x44, 0x44, 0xee, 
	0x90, 0x00, 0x60, 0x16, 0xe7, 0x74, 0xdd, 0xdd, 
	0xd5, 0xdd, 0x54, 0x44, 0x9e, 0xee, 0x80, 0x90, 
	0x46, 0x14, 0xf5, 0x44, 0x45, 0x55, 0x01, 0x60, 
	0xe2, 0x7e, 0x99, 0xaa, 0xc6, 0x6c, 0x74, 0x44, 
	0xcc, 0xcc, 0x43, 0x64, 0x7a, 0x99, 0x99, 0x99, 
	0x44, 0x16, 0xc2, 0xc6, 0x4c, 0xcc, 0xaa, 0x49, 
	0x41, 0xb1, 0x5f, 0x34, 0x44, 0x55, 0x04, 0x40, 
	0x7e, 0x4e, 0xa9, 0xaa, 0xc6, 0xb6, 0xef, 0x74, 
	0x6c, 0xc6, 0x55, 0x54, 0x99, 0xaa, 0xaa, 0x8a, 
	0x46, 0xbb, 0x62, 0x23, 0x44, 0xcc, 0xaa, 0xa4, 
	0x46, 0xb1, 0x53, 0xff, 0x46, 0x45, 0x00, 0x44, 
	0x44, 0xee, 0xaa, 0xaa, 0xc6, 0x1b, 0x4f, 0xff, 
	0xc6, 0x66, 0x44, 0x55, 0xaa, 0xaa, 0x87, 0x89, 
	0x44, 0x11, 0xcc, 0x33, 0xf4, 0x4c, 0xaa, 0xaa, 
	0x44, 0x66, 0x33, 0x3f, 0x34, 0x64, 0x00, 0x00, 
	0x4e, 0xee, 0xaa, 0xa9, 0xcc, 0x61, 0x47, 0x7f, 
	0x2c, 0x66, 0x44, 0x35, 0xa8, 0x88, 0x87, 0x8a, 
	0x44, 0x66, 0xcc, 0xc3, 0xff, 0x44, 0x4a, 0xaa, 
	0xcc, 0xdc, 0x4e, 0x77, 0x22, 0xc6, 0x99, 0x99, 
	0x99, 0xa8, 0x88, 0xae, 0x99, 0x64, 0x65, 0x33, 
	0x22, 0xc4, 0xcd, 0xcc, 0xa8, 0x87, 0x88, 0x83, 
	0xa4, 0x66, 0x33, 0x37, 0x3f, 0xfd, 0x6c, 0xcc, 
	0xcc, 0x6c, 0x44, 0xe7, 0x32, 0x2c, 0x69, 0x99, 
	0x99, 0x88, 0x88, 0x8a, 0xe9, 0x66, 0x45, 0x53, 
	0x33, 0x2c, 0xdd, 0xdc, 0xa8, 0x88, 0x88, 0x78, 
	0x8a, 0xa6, 0x60, 0x33, 0x33, 0xff, 0x66, 0xcc, 
	0xcc, 0xc6, 0x44, 0xe7, 0x32, 0x22, 0x96, 0x69, 
	0x99, 0x88, 0x88, 0xaa, 0xe9, 0x44, 0x64, 0x45, 
	0xcc, 0x32, 0xcd, 0xcc, 0x9a, 0x87, 0x87, 0x78, 
	0x8a, 0xaa, 0x66, 0x03, 0x3f, 0xff, 0xf6, 0x6c, 
	0xcc, 0xcc, 0x40, 0x40, 0x3c, 0x32, 0x76, 0x99, 
	0x9a, 0x88, 0x88, 0xaa, 0xe9, 0x99, 0x66, 0x45, 
	0x4c, 0x22, 0xfd, 0xdc, 0x9a, 0x87, 0x78, 0x73, 
	0xa8, 0x8a, 0x06, 0x66, 0xc3, 0xc3, 0xf3, 0x66, 
	0xcc, 0x64, 0xc6, 0xdc, 0x44, 0x03, 0xf3, 0x44, 
	0xa9, 0xa8, 0x88, 0x88, 0xaa, 0x99, 0x49, 0x49, 
	0x43, 0x77, 0x27, 0x60, 0x00, 0xa8, 0x77, 0x78, 
	0x87, 0x78, 0xe4, 0x66, 0xdc, 0x33, 0x22, 0xc6, 
	0x64, 0x64, 0xcd, 0x6c, 0x44, 0x33, 0x7f, 0x44, 
	0x9a, 0xa8, 0x88, 0xa8, 0xa9, 0xa9, 0x99, 0x44, 
	0x03, 0x00, 0x72, 0x06, 0x09, 0xa8, 0x77, 0x78, 
	0x77, 0x77, 0x3e, 0x46, 0x6d, 0xcc, 0x32, 0x26, 
	0x64, 0xc4, 0xcc, 0xc6, 0x40, 0x40, 0x7f, 0x34, 
	0x99, 0xa8, 0xaa, 0xa9, 0xa9, 0x99, 0x99, 0x94, 
	0x40, 0x40, 0x72, 0x76, 0x90, 0xa8, 0x88, 0x88, 
	0x89, 0x88, 0x33, 0xe4, 0xd6, 0xc3, 0x32, 0x23, 
	0x4c, 0xcc, 0xcc, 0xcc, 0x44, 0x07, 0xf7, 0x74, 
	0x99, 0xa8, 0xa9, 0x44, 0x49, 0x9a, 0xa9, 0x99, 
	0x44, 0x07, 0x22, 0x20, 0x90, 0xa8, 0x8a, 0x00, 
	0x44, 0x99, 0x33, 0x34, 0xcd, 0x6c, 0x32, 0x23, 
	0x44, 0x44, 0x44, 0x54, 0xc4, 0x4c, 0x57, 0xcc, 
	0xaa, 0xaa, 0x96, 0x66, 0x9f, 0xf9, 0xaa, 0xaa, 
	0xa4, 0x44, 0x57, 0x73, 0xaa, 0xaa, 0x00, 0x66, 
	0x5f, 0x35, 0xe8, 0xcc, 0xec, 0xdd, 0x48, 0x89, 
	0xc4, 0x46, 0x65, 0x44, 0x45, 0x44, 0x66, 0xc5, 
	0xaa, 0xa9, 0x66, 0x69, 0xff, 0xf3, 0x9a, 0xaa, 
	0xaa, 0xa9, 0x44, 0x55, 0xaa, 0xaa, 0x06, 0x60, 
	0x3f, 0xf3, 0x48, 0xcc, 0xee, 0xec, 0x99, 0x99, 
	0x44, 0x44, 0x63, 0x54, 0x55, 0xc4, 0x56, 0x5c, 
	0x99, 0x9d, 0x61, 0x63, 0x3f, 0xf9, 0x9a, 0xaa, 
	0xaa, 0xaa, 0x55, 0x55, 0xaa, 0x99, 0x11, 0x07, 
	0x3f, 0xf5, 0x4e, 0xee, 0x88, 0x8e, 0xe8, 0xee, 
	0x44, 0x34, 0x63, 0x55, 0x35, 0xcc, 0x56, 0x65, 
	0x99, 0xd6, 0x11, 0x33, 0x3f, 0xf6, 0x9a, 0xaa, 
	0xaa, 0xaa, 0x53, 0x35, 0x99, 0x96, 0x10, 0x77, 
	0x3f, 0xf4, 0x48, 0xee, 0x88, 0x88, 0x88, 0xee, 
	0x4c, 0x54, 0xdc, 0xde, 0xae, 0xee, 0x99, 0x8e, 
	0x44, 0x61, 0x1a, 0xaa, 0x22, 0x44, 0x99, 0xae, 
	0x33, 0x39, 0xe3, 0x3c, 0x60, 0x61, 0x33, 0x77, 
	0x32, 0xc6, 0x47, 0x88, 0x88, 0x88, 0x88, 0xec, 
	0x45, 0xcc, 0xdc, 0xaa, 0xaa, 0xae, 0x99, 0x99, 
	0x46, 0x11, 0xaf, 0xff, 0x23, 0x44, 0x9a, 0xae, 
	0x33, 0x33, 0xce, 0xe4, 0x06, 0x10, 0x73, 0x03, 
	0x23, 0x66, 0x48, 0x88, 0x88, 0x88, 0x88, 0xcc, 
	0x55, 0x4c, 0xce, 0xaa, 0xa8, 0xaa, 0x9e, 0x94, 
	0x61, 0x15, 0xaf, 0xff, 0x34, 0x44, 0xaa, 0xe9, 
	0x33, 0x3a, 0x4e, 0xe4, 0x61, 0x07, 0x03, 0x3f, 
	0x36, 0x6c, 0x88, 0x88, 0x88, 0x88, 0x88, 0xcd, 
	0x55, 0xc4, 0xae, 0xaa, 0xa8, 0xaa, 0xe9, 0x94, 
	0x11, 0x55, 0xff, 0xfa, 0x44, 0x46, 0xe9, 0xae, 
	0xa3, 0x34, 0xc3, 0xc4, 0x10, 0x77, 0x33, 0x77, 
	0x66, 0xc3, 0x70, 0x00, 0x88, 0x8e, 0xee, 0xcd, 
	0xc4, 0x44, 0x8a, 0x88, 0x88, 0x88, 0xcc, 0x66, 
	0xbe, 0xee, 0x22, 0x54, 0x44, 0x46, 0x70, 0x88, 
	0x8e, 0xe4, 0xcc, 0xc1, 0x6e, 0xe7, 0x32, 0x34, 
	0x99, 0x88, 0x7a, 0xaa, 0xee, 0xee, 0xee, 0x46, 
	0xc4, 0x4c, 0xaa, 0x88, 0xa8, 0x8a, 0xcc, 0x61, 
	0x62, 0xe2, 0x25, 0x44, 0x99, 0x45, 0x04, 0x08, 
	0xee, 0xee, 0x6c, 0x6b, 0x0e, 0xe7, 0x23, 0x44, 
	0x9a, 0x88, 0xaa, 0xaa, 0xee, 0xee, 0xec, 0x46, 
	0x5c, 0xcc, 0x9a, 0xa8, 0x88, 0x8e, 0xcc, 0x6b, 
	0x6e, 0x22, 0x34, 0x44, 0x55, 0x99, 0x44, 0x40, 
	0xee, 0xe8, 0xcc, 0x11, 0xe7, 0x77, 0x34, 0x4e, 
	0xaa, 0xa9, 0x9a, 0xaa, 0xe9, 0xee, 0xec, 0x6c, 
	0x5c, 0x4c, 0x94, 0x9a, 0x88, 0x8a, 0xcc, 0xb6, 
	0xe2, 0x2e, 0x45, 0x55, 0x55, 0x46, 0x04, 0x40, 
	0x99, 0x9e, 0xcc, 0x1c, 0x07, 0x7e, 0x44, 0xee, 
	0xa9, 0x99, 0x44, 0x99, 0x44, 0x9e, 0xcc, 0x6e, 
	
};

ALIGNED8 u8 wb_cont_pr64_3_pal_rgba16[] = {
	0x62, 0xd9, 0xad, 0x69, 0x20, 0xc7, 0x42, 0x11, 
	0x73, 0x9d, 0x52, 0xd5, 0x8c, 0x61, 0x31, 0x8d, 
	0x3a, 0x13, 0x63, 0x19, 0x4a, 0x97, 0xd6, 0xb5, 
	0x63, 0x17, 0x7b, 0xdb, 0x52, 0x95, 0x19, 0x09, 
	
};

ALIGNED8 u8 wb_cont_pr_kage32_ia16[] = {
	0x00, 0xb6, 0x00, 0xb6, 0x00, 0xb6, 0x00, 0xb6, 
	0x00, 0xb6, 0x00, 0xb6, 0x00, 0xb6, 0x00, 0xb6, 
	0x00, 0xb6, 0x00, 0xb6, 0x00, 0xb6, 0x00, 0xb6, 
	0x00, 0xb6, 0x00, 0xb6, 0x00, 0xb6, 0x00, 0xb6, 
	0x00, 0xb6, 0x00, 0xb6, 0x00, 0xb6, 0x00, 0xb6, 
	0x00, 0xb6, 0x00, 0xb6, 0x00, 0xb6, 0x00, 0xb6, 
	0x00, 0xb6, 0x00, 0xb6, 0x00, 0xb6, 0x00, 0xb6, 
	0x00, 0xb6, 0x00, 0xb6, 0x00, 0xb6, 0x00, 0xb6, 
	0x00, 0xb6, 0x00, 0xb6, 0x00, 0xb6, 0x00, 0xb6, 
	0x00, 0xb6, 0x00, 0xb6, 0x00, 0xb6, 0x00, 0xb6, 
	0x00, 0xb6, 0x00, 0xb6, 0x00, 0xb6, 0x00, 0xb6, 
	0x00, 0xb6, 0x00, 0xb6, 0x00, 0xb6, 0x00, 0xb6, 
	0x00, 0xb6, 0x00, 0xb6, 0x00, 0xb6, 0x00, 0xb6, 
	0x00, 0xb6, 0x00, 0xb6, 0x00, 0xb6, 0x00, 0xb6, 
	0x00, 0xb6, 0x00, 0xb6, 0x00, 0xb6, 0x00, 0xb6, 
	0x00, 0xb6, 0x00, 0xb6, 0x00, 0xb6, 0x00, 0xb6, 
	0x00, 0xb6, 0x00, 0xb6, 0x00, 0xb6, 0x00, 0xb6, 
	0x00, 0xb6, 0x00, 0xb6, 0x00, 0xb6, 0x00, 0xb6, 
	0x00, 0xb6, 0x00, 0xb6, 0x00, 0xb6, 0x00, 0xb6, 
	0x00, 0xb6, 0x00, 0xb6, 0x00, 0xb6, 0x00, 0xb6, 
	0x00, 0xb6, 0x00, 0xb6, 0x00, 0xb6, 0x00, 0xb6, 
	0x00, 0xb6, 0x00, 0xb6, 0x00, 0xb6, 0x00, 0xb6, 
	0x00, 0xb6, 0x00, 0xb6, 0x00, 0xb6, 0x00, 0xb6, 
	0x00, 0xb6, 0x00, 0xb6, 0x00, 0xb6, 0x00, 0xb6, 
	0x00, 0xb6, 0x00, 0xb6, 0x00, 0xb6, 0x00, 0xb6, 
	0x00, 0xb6, 0x00, 0xb6, 0x00, 0xb6, 0x00, 0xb6, 
	0x00, 0xb6, 0x00, 0xb6, 0x00, 0xb6, 0x00, 0xb6, 
	0x00, 0xb6, 0x00, 0xb6, 0x00, 0xb6, 0x00, 0xb6, 
	0x00, 0xb6, 0x00, 0xb6, 0x00, 0xb6, 0x00, 0xb6, 
	0x00, 0xb6, 0x00, 0xb6, 0x00, 0xb6, 0x00, 0xb6, 
	0x00, 0xb6, 0x00, 0xb6, 0x00, 0xb6, 0x00, 0xb6, 
	0x00, 0xb6, 0x00, 0xb6, 0x00, 0xb6, 0x00, 0xb6, 
	0x00, 0xb6, 0x00, 0xb6, 0x00, 0xb6, 0x00, 0xb6, 
	0x00, 0xb6, 0x00, 0xb6, 0x00, 0xb6, 0x00, 0xb6, 
	0x00, 0xb6, 0x00, 0xb6, 0x00, 0xb6, 0x00, 0xb6, 
	0x00, 0xb6, 0x00, 0xb6, 0x00, 0xb6, 0x00, 0xb6, 
	0x00, 0xb6, 0x00, 0xb6, 0x00, 0xb6, 0x00, 0xb6, 
	0x00, 0xb6, 0x00, 0xb6, 0x00, 0xb6, 0x00, 0xb6, 
	0x00, 0xb6, 0x00, 0xb6, 0x00, 0xb6, 0x00, 0xb6, 
	0x00, 0xb6, 0x00, 0xb6, 0x00, 0xb6, 0x00, 0xb6, 
	0x00, 0xb6, 0x00, 0xb6, 0x00, 0xb6, 0x00, 0xb6, 
	0x00, 0xb6, 0x00, 0xb6, 0x00, 0xb6, 0x00, 0xb6, 
	0x00, 0xb6, 0x00, 0xb6, 0x00, 0xb6, 0x00, 0xb6, 
	0x00, 0xb6, 0x00, 0xb6, 0x00, 0xb6, 0x00, 0xb6, 
	0x00, 0xb6, 0x00, 0xb6, 0x00, 0xb6, 0x00, 0xb6, 
	0x00, 0xb6, 0x00, 0xb6, 0x00, 0xb6, 0x00, 0xb6, 
	0x00, 0xb6, 0x00, 0xb6, 0x00, 0xb6, 0x00, 0xb6, 
	0x00, 0xb6, 0x00, 0xb6, 0x00, 0xb6, 0x00, 0xb6, 
	0x00, 0xb6, 0x00, 0xb6, 0x00, 0xb6, 0x00, 0xb6, 
	0x00, 0xb6, 0x00, 0xb6, 0x00, 0xb6, 0x00, 0xb6, 
	0x00, 0xb6, 0x00, 0xb6, 0x00, 0xb6, 0x00, 0xb6, 
	0x00, 0xb6, 0x00, 0xb6, 0x00, 0xb6, 0x00, 0xb6, 
	0x00, 0xb6, 0x00, 0xb6, 0x00, 0xb6, 0x00, 0xb6, 
	0x00, 0xb6, 0x00, 0xb6, 0x00, 0xb6, 0x00, 0xb6, 
	0x00, 0xb6, 0x00, 0xb6, 0x00, 0xb6, 0x00, 0xb6, 
	0x00, 0xb6, 0x00, 0xb6, 0x00, 0xb6, 0x00, 0xb6, 
	0x00, 0xb6, 0x00, 0xb6, 0x00, 0xb6, 0x00, 0xb6, 
	0x00, 0xb6, 0x00, 0xb6, 0x00, 0xb6, 0x00, 0xb6, 
	0x00, 0xb6, 0x00, 0xb6, 0x00, 0xb6, 0x00, 0xb6, 
	0x00, 0xb6, 0x00, 0xb6, 0x00, 0xb6, 0x00, 0xb6, 
	0x00, 0xb6, 0x00, 0xb6, 0x00, 0xb6, 0x00, 0xb6, 
	0x00, 0xb6, 0x00, 0xb6, 0x00, 0xb6, 0x00, 0xb6, 
	0x00, 0xb6, 0x00, 0xb6, 0x00, 0xb6, 0x00, 0xb6, 
	0x00, 0xb6, 0x00, 0xb6, 0x00, 0xb6, 0x00, 0xb6, 
	0x00, 0xb6, 0x00, 0xb6, 0x00, 0xb6, 0x00, 0xb6, 
	0x00, 0xb6, 0x00, 0xb6, 0x00, 0xb6, 0x00, 0xb6, 
	0x00, 0xb6, 0x00, 0xb6, 0x00, 0xb6, 0x00, 0xb6, 
	0x00, 0xb6, 0x00, 0xb6, 0x00, 0xb6, 0x00, 0xb6, 
	0x00, 0xb6, 0x00, 0xb6, 0x00, 0xb6, 0x00, 0xb6, 
	0x00, 0xb6, 0x00, 0xb6, 0x00, 0xb6, 0x00, 0xb6, 
	0x00, 0xb6, 0x00, 0xb6, 0x00, 0xb6, 0x00, 0xb6, 
	0x00, 0xb6, 0x00, 0xb6, 0x00, 0xb6, 0x00, 0xb6, 
	0x00, 0xb6, 0x00, 0xb6, 0x00, 0xb6, 0x00, 0xb6, 
	0x00, 0xb6, 0x00, 0xb6, 0x00, 0xb6, 0x00, 0xb6, 
	0x00, 0xb6, 0x00, 0xb6, 0x00, 0xb6, 0x00, 0xb6, 
	0x00, 0xb6, 0x00, 0xb6, 0x00, 0xb6, 0x00, 0xb6, 
	0x00, 0xb6, 0x00, 0xb6, 0x00, 0xb6, 0x00, 0xb6, 
	0x00, 0xb6, 0x00, 0xb6, 0x00, 0xb6, 0x00, 0xb6, 
	0x00, 0xb6, 0x00, 0xb6, 0x00, 0xb6, 0x00, 0xb6, 
	0x00, 0xb6, 0x00, 0xb6, 0x00, 0xb6, 0x00, 0xb6, 
	0x00, 0xb6, 0x00, 0xb6, 0x00, 0xb6, 0x00, 0xb6, 
	0x00, 0xb6, 0x00, 0xb6, 0x00, 0xb6, 0x00, 0xb6, 
	0x00, 0xb6, 0x00, 0xb6, 0x00, 0xb6, 0x00, 0xb6, 
	0x00, 0xb6, 0x00, 0xb6, 0x00, 0xb6, 0x00, 0xb6, 
	0x00, 0xb6, 0x00, 0xb6, 0x00, 0xb6, 0x00, 0xb6, 
	0x00, 0xb6, 0x00, 0xb6, 0x00, 0xb6, 0x00, 0xb6, 
	0x00, 0xb6, 0x00, 0xb6, 0x00, 0xb6, 0x00, 0xb6, 
	0x00, 0xb6, 0x00, 0xb6, 0x00, 0xb6, 0x00, 0xb6, 
	0x00, 0xb6, 0x00, 0xb6, 0x00, 0xb6, 0x00, 0xb6, 
	0x00, 0xb6, 0x00, 0xb6, 0x00, 0xb6, 0x00, 0xb6, 
	0x00, 0xb6, 0x00, 0xb6, 0x00, 0xb6, 0x00, 0xb6, 
	0x00, 0xb6, 0x00, 0xb6, 0x00, 0xb6, 0x00, 0xb6, 
	0x00, 0xb6, 0x00, 0xb6, 0x00, 0xb6, 0x00, 0xb6, 
	0x00, 0xb6, 0x00, 0xb6, 0x00, 0xb6, 0x00, 0xb6, 
	0x00, 0xb6, 0x00, 0xb6, 0x00, 0xb6, 0x00, 0xb6, 
	0x00, 0xb6, 0x00, 0xb6, 0x00, 0xb6, 0x00, 0xb6, 
	0x00, 0xb6, 0x00, 0xb6, 0x00, 0xb6, 0x00, 0xb6, 
	0x00, 0xb6, 0x00, 0xb6, 0x00, 0xb6, 0x00, 0xb6, 
	0x00, 0xb6, 0x00, 0xb6, 0x00, 0xb6, 0x00, 0xb6, 
	0x00, 0xb6, 0x00, 0xb6, 0x00, 0xb6, 0x00, 0xb6, 
	0x00, 0xb6, 0x00, 0xb6, 0x00, 0xb6, 0x00, 0xb6, 
	0x00, 0xb6, 0x00, 0xb6, 0x00, 0xb6, 0x00, 0xb6, 
	0x00, 0xb6, 0x00, 0xb6, 0x00, 0xb6, 0x00, 0xb6, 
	0x00, 0xb6, 0x00, 0xb6, 0x00, 0xb6, 0x00, 0xb6, 
	0x00, 0xb6, 0x00, 0xb6, 0x00, 0xb6, 0x00, 0xb6, 
	0x00, 0xb6, 0x00, 0xb6, 0x00, 0xb6, 0x00, 0xb6, 
	0x00, 0xb6, 0x00, 0xb6, 0x00, 0xb6, 0x00, 0xb6, 
	0x00, 0xb6, 0x00, 0xb6, 0x00, 0xb6, 0x00, 0xb6, 
	0x00, 0xb6, 0x00, 0xb6, 0x00, 0xb6, 0x00, 0xb6, 
	0x00, 0xb6, 0x00, 0xb6, 0x00, 0xb6, 0x00, 0xb6, 
	0x00, 0xb6, 0x00, 0xb6, 0x00, 0xb6, 0x00, 0xb6, 
	0x00, 0xb6, 0x00, 0xb6, 0x00, 0xb6, 0x00, 0xb6, 
	0x00, 0xb6, 0x00, 0xb6, 0x00, 0xb6, 0x00, 0xb6, 
	0x00, 0xb6, 0x00, 0xb6, 0x00, 0xb6, 0x00, 0xb6, 
	0x00, 0xb6, 0x00, 0xb6, 0x00, 0xb6, 0x00, 0xb6, 
	0x00, 0xb6, 0x00, 0xb6, 0x00, 0xb6, 0x00, 0xb6, 
	0x00, 0xb6, 0x00, 0xb6, 0x00, 0xb6, 0x00, 0xb6, 
	0x00, 0xb6, 0x00, 0xb6, 0x00, 0xb6, 0x00, 0xb6, 
	0x00, 0xb6, 0x00, 0xb6, 0x00, 0xb6, 0x00, 0xb6, 
	0x00, 0xb6, 0x00, 0xb6, 0x00, 0xb6, 0x00, 0xb6, 
	0x00, 0xb6, 0x00, 0xb6, 0x00, 0xb6, 0x00, 0xb6, 
	0x00, 0xb6, 0x00, 0xb6, 0x00, 0xb6, 0x00, 0xb6, 
	0x00, 0xb6, 0x00, 0xb6, 0x00, 0xb6, 0x00, 0xb6, 
	0x00, 0xb6, 0x00, 0xb6, 0x00, 0xb6, 0x00, 0xb6, 
	0x00, 0xb6, 0x00, 0xb6, 0x00, 0xb6, 0x00, 0xb6, 
	0x00, 0xb6, 0x00, 0xb6, 0x00, 0xb6, 0x00, 0xb6, 
	0x00, 0xb6, 0x00, 0xb6, 0x00, 0xb6, 0x00, 0xb6, 
	0x00, 0xb6, 0x00, 0xb6, 0x00, 0xb6, 0x00, 0xb6, 
	0x00, 0xb6, 0x00, 0xb6, 0x00, 0xb6, 0x00, 0xb6, 
	0x00, 0xb6, 0x00, 0xb6, 0x00, 0xb6, 0x00, 0xb6, 
	0x00, 0xb6, 0x00, 0xb6, 0x00, 0xb6, 0x00, 0xb6, 
	0x00, 0xb6, 0x00, 0xb6, 0x00, 0xb6, 0x00, 0xb6, 
	0x00, 0xb6, 0x00, 0xb6, 0x00, 0xb6, 0x00, 0xb6, 
	0x00, 0xb6, 0x00, 0xb6, 0x00, 0xb6, 0x00, 0xb6, 
	0x00, 0xb6, 0x00, 0xb6, 0x00, 0xb6, 0x00, 0xb6, 
	0x00, 0xb6, 0x00, 0xb6, 0x00, 0xb6, 0x00, 0xb6, 
	0x00, 0xb6, 0x00, 0xb6, 0x00, 0xb6, 0x00, 0xb6, 
	0x00, 0xb6, 0x00, 0xb6, 0x00, 0xb6, 0x00, 0xb6, 
	0x00, 0xb6, 0x00, 0xb6, 0x00, 0xb6, 0x00, 0xb6, 
	0x00, 0xb6, 0x00, 0xb6, 0x00, 0xb6, 0x00, 0xb6, 
	0x00, 0xb6, 0x00, 0xb6, 0x00, 0xb6, 0x00, 0xb6, 
	0x00, 0xb6, 0x00, 0xb6, 0x00, 0xb6, 0x00, 0xb6, 
	0x00, 0xb6, 0x00, 0xb6, 0x00, 0xb6, 0x00, 0xb6, 
	0x00, 0xb6, 0x00, 0xb6, 0x00, 0xb6, 0x00, 0xb6, 
	0x00, 0xb6, 0x00, 0xb6, 0x00, 0xb6, 0x00, 0xb6, 
	0x00, 0xb6, 0x00, 0xb6, 0x00, 0xb6, 0x00, 0xb6, 
	0x00, 0xb6, 0x00, 0xb6, 0x00, 0xb6, 0x00, 0xb6, 
	0x00, 0xb6, 0x00, 0xb6, 0x00, 0xb6, 0x00, 0xb6, 
	0x00, 0xb6, 0x00, 0xb6, 0x00, 0xb6, 0x00, 0xb6, 
	0x00, 0xb6, 0x00, 0xb6, 0x00, 0xb6, 0x00, 0xb6, 
	0x00, 0xb6, 0x00, 0xb6, 0x00, 0xb6, 0x00, 0xb6, 
	0x00, 0xb6, 0x00, 0xb6, 0x00, 0xb6, 0x00, 0xb6, 
	0x00, 0xb6, 0x00, 0xb6, 0x00, 0xb6, 0x00, 0xb6, 
	0x00, 0xb6, 0x00, 0xb6, 0x00, 0xb6, 0x00, 0xb6, 
	0x00, 0xb6, 0x00, 0xb6, 0x00, 0xb6, 0x00, 0xb6, 
	0x00, 0xb6, 0x00, 0xb6, 0x00, 0xb6, 0x00, 0xb6, 
	0x00, 0xb6, 0x00, 0xb6, 0x00, 0xb6, 0x00, 0xb6, 
	0x00, 0xb6, 0x00, 0xb6, 0x00, 0xb6, 0x00, 0xb6, 
	0x00, 0xb6, 0x00, 0xb6, 0x00, 0xb6, 0x00, 0xb6, 
	0x00, 0xb6, 0x00, 0xb6, 0x00, 0xb6, 0x00, 0xb6, 
	0x00, 0xb6, 0x00, 0xb6, 0x00, 0xb6, 0x00, 0xb6, 
	0x00, 0xb6, 0x00, 0xb6, 0x00, 0xb6, 0x00, 0xb6, 
	0x00, 0xb6, 0x00, 0xb6, 0x00, 0xb6, 0x00, 0xb6, 
	0x00, 0xb6, 0x00, 0xb6, 0x00, 0xb6, 0x00, 0xb6, 
	0x00, 0xb6, 0x00, 0xb6, 0x00, 0xb6, 0x00, 0xb6, 
	0x00, 0xb6, 0x00, 0xb6, 0x00, 0xb6, 0x00, 0xb6, 
	0x00, 0xb6, 0x00, 0xb6, 0x00, 0xb6, 0x00, 0xb6, 
	0x00, 0xb6, 0x00, 0xb6, 0x00, 0xb6, 0x00, 0xb6, 
	0x00, 0xb6, 0x00, 0xb6, 0x00, 0xb6, 0x00, 0xb6, 
	0x00, 0xb6, 0x00, 0xb6, 0x00, 0xb6, 0x00, 0xb6, 
	0x00, 0xb6, 0x00, 0xb6, 0x00, 0xb6, 0x00, 0xb6, 
	0x00, 0xb6, 0x00, 0xb6, 0x00, 0xb6, 0x00, 0xb6, 
	0x00, 0xb6, 0x00, 0xb6, 0x00, 0xb6, 0x00, 0xb6, 
	0x00, 0xb6, 0x00, 0xb6, 0x00, 0xb6, 0x00, 0xb6, 
	0x00, 0xb6, 0x00, 0xb6, 0x00, 0xb6, 0x00, 0xb6, 
	0x00, 0xb6, 0x00, 0xb6, 0x00, 0xb6, 0x00, 0xb6, 
	0x00, 0xb6, 0x00, 0xb6, 0x00, 0xb6, 0x00, 0xb6, 
	0x00, 0xb6, 0x00, 0xb6, 0x00, 0xb6, 0x00, 0xb6, 
	0x00, 0xb6, 0x00, 0xb6, 0x00, 0xb6, 0x00, 0xb6, 
	0x00, 0xb6, 0x00, 0xb6, 0x00, 0xb6, 0x00, 0xb6, 
	0x00, 0xb6, 0x00, 0xb6, 0x00, 0xb6, 0x00, 0xb6, 
	0x00, 0xb6, 0x00, 0xb6, 0x00, 0xb6, 0x00, 0xb6, 
	0x00, 0xb6, 0x00, 0xb6, 0x00, 0xb6, 0x00, 0xb6, 
	0x00, 0xb6, 0x00, 0xb6, 0x00, 0xb6, 0x00, 0xb6, 
	0x00, 0xb6, 0x00, 0xb6, 0x00, 0xb6, 0x00, 0xb6, 
	0x00, 0xb6, 0x00, 0xb6, 0x00, 0xb6, 0x00, 0xb6, 
	0x00, 0xb6, 0x00, 0xb6, 0x00, 0xb6, 0x00, 0xb6, 
	0x00, 0xb6, 0x00, 0xb6, 0x00, 0xb6, 0x00, 0xb6, 
	0x00, 0xb6, 0x00, 0xb6, 0x00, 0xb6, 0x00, 0xb6, 
	0x00, 0xb6, 0x00, 0xb6, 0x00, 0xb6, 0x00, 0xb6, 
	0x00, 0xb6, 0x00, 0xb6, 0x00, 0xb6, 0x00, 0xb6, 
	0x00, 0xb6, 0x00, 0xb6, 0x00, 0xb6, 0x00, 0xb6, 
	0x00, 0xb6, 0x00, 0xb6, 0x00, 0xb6, 0x00, 0xb6, 
	0x00, 0xb6, 0x00, 0xb6, 0x00, 0xb6, 0x00, 0xb6, 
	0x00, 0xb6, 0x00, 0xb6, 0x00, 0xb6, 0x00, 0xb6, 
	0x00, 0xb6, 0x00, 0xb6, 0x00, 0xb6, 0x00, 0xb6, 
	0x00, 0xb6, 0x00, 0xb6, 0x00, 0xb6, 0x00, 0xb6, 
	0x00, 0xb6, 0x00, 0xb6, 0x00, 0xb6, 0x00, 0xb6, 
	0x00, 0xb6, 0x00, 0xb6, 0x00, 0xb6, 0x00, 0xb6, 
	0x00, 0xb6, 0x00, 0xb6, 0x00, 0xb6, 0x00, 0xb6, 
	0x00, 0xb6, 0x00, 0xb6, 0x00, 0x92, 0x00, 0xb6, 
	0x00, 0xb6, 0x00, 0xb6, 0x00, 0xb6, 0x00, 0xb6, 
	0x00, 0xb6, 0x00, 0xb6, 0x00, 0xb6, 0x00, 0xb6, 
	0x00, 0xb6, 0x00, 0xb6, 0x00, 0xb6, 0x00, 0xb6, 
	0x00, 0xb6, 0x00, 0xb6, 0x00, 0xb6, 0x00, 0xb6, 
	0x00, 0xb6, 0x00, 0xb6, 0x00, 0xb6, 0x00, 0xb6, 
	0x00, 0xb6, 0x00, 0xb6, 0x00, 0xb6, 0x00, 0xb6, 
	0x00, 0xb6, 0x00, 0xb6, 0x00, 0xb6, 0x00, 0xb6, 
	0x00, 0xb6, 0x00, 0x92, 0x00, 0x92, 0x00, 0x92, 
	0x00, 0x92, 0x00, 0x92, 0x00, 0x92, 0x00, 0x92, 
	0x00, 0x92, 0x00, 0x92, 0x00, 0x92, 0x00, 0x92, 
	0x00, 0x92, 0x00, 0x92, 0x00, 0xb6, 0x00, 0x92, 
	0x00, 0x92, 0x00, 0x92, 0x00, 0x92, 0x00, 0x92, 
	0x00, 0x92, 0x00, 0x92, 0x00, 0x92, 0x00, 0xb6, 
	0x00, 0x92, 0x00, 0xb6, 0x00, 0xb6, 0x00, 0x92, 
	0x00, 0x92, 0x00, 0xb6, 0x00, 0xb6, 0x00, 0xb6, 
	0x00, 0x92, 0x00, 0x6d, 0x00, 0x92, 0x00, 0x92, 
	0x00, 0x92, 0x00, 0x92, 0x00, 0x92, 0x00, 0x92, 
	0x00, 0x92, 0x00, 0x92, 0x00, 0x92, 0x00, 0x92, 
	0x00, 0x92, 0x00, 0x92, 0x00, 0x92, 0x00, 0x6d, 
	0x00, 0x6d, 0x00, 0x92, 0x00, 0x92, 0x00, 0x6d, 
	0x00, 0x6d, 0x00, 0x6d, 0x00, 0x92, 0x00, 0x92, 
	0x00, 0x92, 0x00, 0x92, 0x00, 0x6d, 0x00, 0x6d, 
	0x00, 0x6d, 0x00, 0x92, 0x00, 0x92, 0x00, 0x92, 
	0x00, 0x6d, 0x00, 0x49, 0x00, 0x49, 0x00, 0x49, 
	0x00, 0x49, 0x00, 0x6d, 0x00, 0x49, 0x00, 0x49, 
	0x00, 0x6d, 0x00, 0x49, 0x00, 0x49, 0x00, 0x49, 
	0x00, 0x49, 0x00, 0x49, 0x00, 0x49, 0x00, 0x6d, 
	0x00, 0x49, 0x00, 0x49, 0x00, 0x49, 0x00, 0x49, 
	0x00, 0x49, 0x00, 0x49, 0x00, 0x49, 0x00, 0x49, 
	0x00, 0x49, 0x00, 0x49, 0x00, 0x49, 0x00, 0x49, 
	0x00, 0x49, 0x00, 0x49, 0x00, 0x49, 0x00, 0x6d, 
	0x00, 0x00, 0x00, 0x00, 0x00, 0x00, 0x00, 0x00, 
	0x00, 0x00, 0x00, 0x00, 0x00, 0x00, 0x00, 0x00, 
	0x00, 0x00, 0x00, 0x00, 0x00, 0x00, 0x00, 0x00, 
	0x00, 0x00, 0x00, 0x00, 0x00, 0x00, 0x00, 0x00, 
	0x00, 0x00, 0x00, 0x00, 0x00, 0x00, 0x00, 0x00, 
	0x00, 0x00, 0x00, 0x00, 0x00, 0x00, 0x00, 0x00, 
	0x00, 0x00, 0x00, 0x00, 0x00, 0x00, 0x00, 0x00, 
	0x00, 0x00, 0x00, 0x00, 0x00, 0x00, 0x00, 0x00, 
	0x00, 0x00, 0x00, 0x00, 0x00, 0x00, 0x00, 0x00, 
	0x00, 0x00, 0x00, 0x00, 0x00, 0x00, 0x00, 0x00, 
	0x00, 0x00, 0x00, 0x00, 0x00, 0x00, 0x00, 0x00, 
	0x00, 0x00, 0x00, 0x00, 0x00, 0x00, 0x00, 0x00, 
	0x00, 0x00, 0x00, 0x00, 0x00, 0x00, 0x00, 0x00, 
	0x00, 0x00, 0x00, 0x00, 0x00, 0x00, 0x00, 0x00, 
	0x00, 0x00, 0x00, 0x00, 0x00, 0x00, 0x00, 0x00, 
	0x00, 0x00, 0x00, 0x00, 0x00, 0x00, 0x00, 0x00, 
	0x00, 0x00, 0x00, 0x00, 0x00, 0x00, 0x00, 0x00, 
	0x00, 0x00, 0x00, 0x00, 0x00, 0x00, 0x00, 0x00, 
	0x00, 0x00, 0x00, 0x00, 0x00, 0x00, 0x00, 0x00, 
	0x00, 0x00, 0x00, 0x00, 0x00, 0x00, 0x00, 0x00, 
	0x00, 0x00, 0x00, 0x00, 0x00, 0x00, 0x00, 0x00, 
	0x00, 0x00, 0x00, 0x00, 0x00, 0x00, 0x00, 0x00, 
	0x00, 0x00, 0x00, 0x00, 0x00, 0x00, 0x00, 0x00, 
	0x00, 0x00, 0x00, 0x00, 0x00, 0x00, 0x00, 0x00, 
	
};

ALIGNED8 u8 wb_cont_miu128_wb003_ci4[] = {
	0x00, 0x00, 0x01, 0x10, 0x22, 0x33, 0x33, 0x33, 
	0x33, 0x33, 0x33, 0x33, 0x33, 0x33, 0x33, 0x33, 
	0x33, 0x33, 0x33, 0x33, 0x33, 0x33, 0x33, 0x33, 
	0x33, 0x33, 0x33, 0x24, 0x11, 0x00, 0x00, 0x00, 
	0x00, 0x00, 0x01, 0x00, 0x12, 0x33, 0x33, 0x33, 
	0x33, 0x33, 0x33, 0x33, 0x33, 0x33, 0x33, 0x33, 
	0x33, 0x33, 0x33, 0x33, 0x33, 0x33, 0x33, 0x33, 
	0x33, 0x33, 0x32, 0x52, 0x00, 0x02, 0x41, 0x00, 
	0x00, 0x44, 0x44, 0x10, 0x00, 0x22, 0x66, 0x33, 
	0x33, 0x33, 0x33, 0x33, 0x33, 0x33, 0x33, 0x33, 
	0x33, 0x33, 0x33, 0x33, 0x33, 0x33, 0x33, 0x33, 
	0x33, 0x66, 0x20, 0x00, 0x00, 0x24, 0x42, 0x00, 
	0x00, 0x22, 0x74, 0x00, 0x88, 0x22, 0x66, 0x66, 
	0x66, 0x66, 0x63, 0x66, 0x66, 0x66, 0x36, 0x66, 
	0x66, 0x66, 0x66, 0x66, 0x66, 0x36, 0x66, 0x66, 
	0x66, 0x93, 0x40, 0x00, 0x00, 0x42, 0x22, 0x00, 
	0x00, 0x24, 0x42, 0x00, 0x01, 0x11, 0x22, 0x33, 
	0x33, 0x33, 0x33, 0x33, 0x33, 0x33, 0x33, 0x33, 
	0x33, 0x33, 0x33, 0x33, 0x33, 0x33, 0x33, 0x33, 
	0x33, 0x21, 0x00, 0x00, 0x00, 0x24, 0x42, 0x00, 
	0x00, 0x42, 0x24, 0x10, 0x08, 0x00, 0xa2, 0x33, 
	0x33, 0x33, 0x33, 0x33, 0x33, 0x33, 0x33, 0x33, 
	0x33, 0x33, 0x33, 0x33, 0x33, 0x33, 0x33, 0x33, 
	0x32, 0x11, 0x00, 0x00, 0x00, 0x12, 0x24, 0x00, 
	0x08, 0x00, 0x00, 0x10, 0x80, 0x08, 0x02, 0x2b, 
	0x33, 0x33, 0x33, 0x33, 0x33, 0x33, 0x33, 0x33, 
	0x33, 0x33, 0x33, 0x33, 0x33, 0x33, 0x33, 0x33, 
	0x20, 0x00, 0x00, 0x00, 0x00, 0x00, 0x00, 0x01, 
	0x00, 0x00, 0x00, 0x00, 0x00, 0x00, 0x00, 0xa2, 
	0x33, 0x33, 0x33, 0x33, 0x33, 0x33, 0x33, 0x33, 
	0x33, 0x33, 0x33, 0x33, 0x33, 0x33, 0x33, 0x32, 
	0x00, 0x00, 0x00, 0x00, 0x00, 0x00, 0x00, 0x11, 
	0x21, 0x00, 0x00, 0x81, 0x00, 0x08, 0x80, 0x01, 
	0x22, 0x33, 0x33, 0x33, 0x33, 0x33, 0x33, 0x33, 
	0x33, 0x33, 0x33, 0x33, 0x33, 0x33, 0x33, 0x20, 
	0x00, 0x00, 0x00, 0x00, 0x00, 0x00, 0x00, 0x18, 
	0x84, 0x00, 0x08, 0x08, 0x00, 0x80, 0x01, 0x00, 
	0xa2, 0x33, 0x33, 0x33, 0x33, 0x33, 0x33, 0x33, 
	0x33, 0x33, 0x33, 0x33, 0x33, 0x33, 0x32, 0x00, 
	0x00, 0x00, 0x00, 0x00, 0x00, 0x00, 0x00, 0x81, 
	0x6a, 0x1a, 0x10, 0x80, 0x08, 0x08, 0x00, 0x01, 
	0x01, 0x22, 0x33, 0x33, 0x33, 0x33, 0x33, 0x33, 
	0x33, 0x33, 0x33, 0x33, 0x33, 0x33, 0x20, 0x00, 
	0x00, 0x00, 0x00, 0x00, 0x00, 0x00, 0xa5, 0x63, 
	0x36, 0xa1, 0x00, 0x80, 0x00, 0x88, 0x00, 0x00, 
	0x00, 0x82, 0x33, 0x33, 0x33, 0x33, 0x33, 0x33, 
	0x33, 0x33, 0x33, 0x33, 0x33, 0x32, 0x00, 0x00, 
	0x00, 0x00, 0x10, 0x00, 0x00, 0x01, 0x54, 0x33, 
	0x33, 0x68, 0x20, 0x08, 0x88, 0x80, 0x00, 0x08, 
	0x00, 0x01, 0x2b, 0x33, 0x33, 0x33, 0x33, 0x33, 
	0x33, 0x33, 0x33, 0x33, 0x33, 0x21, 0x01, 0x00, 
	0x00, 0x00, 0x00, 0x00, 0x01, 0xa5, 0xa3, 0x33, 
	0x33, 0x3a, 0x82, 0x10, 0x18, 0x10, 0x00, 0x00, 
	0x00, 0x10, 0x92, 0x33, 0x33, 0x33, 0x33, 0x33, 
	0x33, 0x33, 0x33, 0x33, 0x32, 0x11, 0x00, 0x01, 
	0x00, 0x00, 0x00, 0x00, 0x11, 0x59, 0x63, 0x33, 
	0x33, 0x39, 0x6a, 0x10, 0x88, 0x88, 0x00, 0x00, 
	0x00, 0x00, 0x00, 0x2b, 0x33, 0x33, 0x36, 0x33, 
	0x33, 0x33, 0x33, 0x33, 0x20, 0x01, 0x00, 0x00, 
	0x00, 0x00, 0x00, 0x01, 0xb5, 0x66, 0x93, 0x33, 
	0x33, 0x39, 0x36, 0xa1, 0x01, 0x81, 0x80, 0x80, 
	0x00, 0x00, 0x01, 0x92, 0x33, 0x33, 0x33, 0x33, 
	0x33, 0x33, 0x33, 0x32, 0x00, 0x00, 0x10, 0x00, 
	0x00, 0x00, 0x00, 0x11, 0x5b, 0x36, 0x93, 0x33, 
	0x33, 0x39, 0x33, 0x6a, 0x44, 0x08, 0x00, 0x00, 
	0x08, 0x01, 0x00, 0x10, 0x76, 0x33, 0x33, 0x33, 
	0x33, 0x33, 0x33, 0x21, 0x00, 0x00, 0x10, 0x00, 
	0x00, 0x00, 0x01, 0x45, 0x63, 0x36, 0x93, 0x33, 
	0x33, 0x39, 0x33, 0x36, 0xa4, 0x00, 0x00, 0x00, 
	0x00, 0x00, 0x00, 0x04, 0xb7, 0x33, 0x33, 0x33, 
	0x33, 0x33, 0x32, 0x11, 0x00, 0x08, 0x00, 0x01, 
	0x00, 0x00, 0x11, 0x54, 0x33, 0x36, 0x93, 0x33, 
	0x33, 0x39, 0x33, 0x33, 0x6a, 0x11, 0x00, 0x00, 
	0x00, 0x00, 0x01, 0x81, 0x00, 0x22, 0x22, 0x22, 
	0x22, 0x22, 0x20, 0x10, 0x00, 0x00, 0x00, 0x00, 
	0x00, 0x00, 0xa5, 0x63, 0x33, 0x36, 0x93, 0x33, 
	0x33, 0x39, 0x33, 0x33, 0x36, 0xa1, 0x00, 0x00, 
	0x00, 0x00, 0x02, 0x21, 0x00, 0x44, 0x22, 0xaa, 
	0xaa, 0x22, 0x40, 0x11, 0x10, 0x00, 0x00, 0x00, 
	0x00, 0x11, 0x59, 0x33, 0x33, 0x36, 0x93, 0x33, 
	0x33, 0x39, 0x33, 0x33, 0x33, 0x6a, 0x10, 0x08, 
	0x10, 0x00, 0x41, 0x10, 0x01, 0x04, 0x44, 0x81, 
	0x11, 0x44, 0x04, 0x11, 0x00, 0x00, 0x00, 0x00, 
	0x01, 0x4a, 0x63, 0x33, 0x33, 0x36, 0x93, 0x63, 
	0x33, 0x39, 0x33, 0x33, 0x33, 0x36, 0x81, 0x01, 
	0x00, 0x00, 0x00, 0x00, 0x00, 0x00, 0x00, 0x22, 
	0x81, 0x40, 0x00, 0x11, 0x00, 0x00, 0x00, 0x00, 
	0x01, 0xa4, 0x33, 0x33, 0x33, 0x36, 0x93, 0x63, 
	0x33, 0x39, 0x33, 0x33, 0x33, 0x33, 0x6a, 0x11, 
	0x00, 0x10, 0x08, 0x00, 0x00, 0x00, 0x88, 0x22, 
	0x00, 0x01, 0x00, 0x00, 0x00, 0x00, 0x80, 0x01, 
	0xba, 0x63, 0x33, 0x33, 0x33, 0x36, 0x93, 0x63, 
	0x33, 0x39, 0x33, 0x33, 0x33, 0x33, 0x36, 0x51, 
	0x00, 0x00, 0x84, 0x00, 0x00, 0x88, 0x12, 0x77, 
	0x71, 0x80, 0x10, 0x00, 0x00, 0x00, 0x00, 0x14, 
	0xab, 0x33, 0x33, 0x33, 0x33, 0x36, 0x93, 0x33, 
	0x33, 0x3a, 0x63, 0x33, 0x33, 0x33, 0x33, 0x6a, 
	0x24, 0x00, 0x00, 0x00, 0x00, 0x17, 0x25, 0x88, 
	0x82, 0x72, 0x00, 0x00, 0x00, 0x00, 0x01, 0xba, 
	0x63, 0x33, 0x33, 0x33, 0x33, 0x36, 0x93, 0x33, 
	0x33, 0x3a, 0x63, 0x33, 0x33, 0x33, 0x33, 0x36, 
	0xa4, 0x10, 0x00, 0x10, 0x02, 0x28, 0x55, 0x88, 
	0x18, 0x82, 0x20, 0x01, 0x02, 0x00, 0x14, 0xab, 
	0x33, 0x33, 0x33, 0x33, 0x33, 0x36, 0x93, 0x33, 
	0x33, 0x3a, 0x33, 0x33, 0x33, 0x33, 0x33, 0x33, 
	0x6a, 0x24, 0x00, 0x00, 0x21, 0x8c, 0xcd, 0xee, 
	0xdc, 0xc8, 0x82, 0x00, 0x08, 0x11, 0xba, 0x63, 
	0x33, 0x33, 0x33, 0x33, 0x33, 0x36, 0x93, 0x33, 
	0x33, 0x3a, 0x33, 0x33, 0x33, 0x33, 0x33, 0x33, 
	0x36, 0x84, 0x81, 0x04, 0x28, 0xc5, 0xee, 0xee, 
	0xee, 0x5c, 0x81, 0x20, 0x10, 0x12, 0xab, 0x33, 
	0x33, 0x33, 0x33, 0x33, 0x33, 0x36, 0x93, 0x33, 
	0x33, 0x39, 0x33, 0x33, 0x33, 0x33, 0x33, 0x33, 
	0x33, 0x6b, 0x10, 0x02, 0x55, 0xdd, 0x22, 0x77, 
	0x72, 0xee, 0xc8, 0x21, 0x00, 0x02, 0x93, 0x32, 
	0x33, 0x32, 0x33, 0x32, 0x33, 0x36, 0x93, 0x33, 
	0x33, 0x39, 0x33, 0x33, 0x33, 0x33, 0x33, 0x33, 
	0x33, 0x3b, 0x11, 0x12, 0x55, 0xdf, 0x2d, 0xee, 
	0xe2, 0x2e, 0xc5, 0x12, 0x00, 0x24, 0x93, 0x37, 
	0x32, 0x22, 0x32, 0x27, 0x23, 0x36, 0x93, 0x33, 
	0x33, 0x3a, 0x63, 0x33, 0x33, 0x33, 0x33, 0x33, 
	0x33, 0x39, 0x00, 0x20, 0xc5, 0xd2, 0x2d, 0xee, 
	0xed, 0xdd, 0xdc, 0x52, 0x01, 0x80, 0x93, 0x33, 
	0x32, 0x33, 0x33, 0x33, 0x33, 0x33, 0x93, 0x33, 
	0x33, 0x3a, 0x63, 0x33, 0x33, 0x33, 0x33, 0x33, 
	0x33, 0x39, 0x00, 0x20, 0xc5, 0x22, 0x2d, 0xee, 
	0xee, 0xee, 0xec, 0x52, 0x00, 0x22, 0x93, 0x37, 
	0x72, 0x77, 0x27, 0x37, 0x77, 0x33, 0x93, 0x33, 
	0x33, 0x3a, 0x63, 0x33, 0x33, 0x33, 0x33, 0x33, 
	0x33, 0x39, 0x00, 0x28, 0xcd, 0x22, 0x2d, 0xe2, 
	0x22, 0x22, 0xec, 0x52, 0x00, 0x04, 0x93, 0x33, 
	0x33, 0x33, 0x33, 0x33, 0x33, 0x36, 0x93, 0x33, 
	0x33, 0x3a, 0x63, 0x33, 0x33, 0x33, 0x33, 0x33, 
	0x33, 0x39, 0x80, 0x28, 0xcd, 0x22, 0x2d, 0xed, 
	0xd2, 0x22, 0xec, 0x52, 0x00, 0x11, 0x93, 0x37, 
	0x73, 0x27, 0x32, 0x37, 0x73, 0x36, 0x93, 0x63, 
	0x33, 0x39, 0x63, 0x33, 0x33, 0x33, 0x33, 0x33, 
	0x33, 0x35, 0x00, 0x21, 0x5c, 0xe7, 0x2e, 0xee, 
	0xe2, 0x7e, 0xfc, 0x12, 0x01, 0x00, 0x93, 0x32, 
	0x33, 0x33, 0x33, 0x33, 0x33, 0x36, 0x93, 0x63, 
	0x33, 0x39, 0x63, 0x33, 0x33, 0x33, 0x33, 0x33, 
	0x33, 0x66, 0x00, 0x12, 0x8c, 0xed, 0x22, 0x22, 
	0x22, 0x2e, 0xde, 0x11, 0x00, 0x01, 0x63, 0x33, 
	0x33, 0x33, 0x33, 0x33, 0x33, 0x36, 0x93, 0x63, 
	0x33, 0x3a, 0x63, 0x33, 0x33, 0x33, 0x33, 0x33, 
	0x33, 0x21, 0x00, 0x12, 0x18, 0xfe, 0xed, 0xdd, 
	0xde, 0xec, 0x88, 0x20, 0x00, 0x01, 0x2b, 0x33, 
	0x63, 0x33, 0x63, 0x33, 0x33, 0x36, 0x93, 0x63, 
	0x33, 0x3a, 0x63, 0x33, 0x33, 0x33, 0x33, 0x33, 
	0x32, 0x14, 0x08, 0x12, 0x28, 0xdc, 0xee, 0xee, 
	0xee, 0xcd, 0x8f, 0x20, 0x00, 0x01, 0xb2, 0x33, 
	0x66, 0x33, 0x33, 0x33, 0x33, 0x36, 0x93, 0x63, 
	0x33, 0x39, 0x63, 0x33, 0x33, 0x33, 0x33, 0x33, 
	0x20, 0x01, 0x01, 0x02, 0x22, 0x88, 0x5c, 0xcc, 
	0xcc, 0x88, 0x22, 0x21, 0x01, 0x21, 0x08, 0x26, 
	0x33, 0x33, 0x33, 0x33, 0x33, 0x36, 0x93, 0x33, 
	0x33, 0x39, 0x63, 0x33, 0x33, 0x33, 0x33, 0x32, 
	0x00, 0x00, 0x08, 0x22, 0x11, 0x72, 0x88, 0x88, 
	0x88, 0x22, 0x11, 0x27, 0x00, 0x02, 0x01, 0x62, 
	0x33, 0x33, 0x33, 0x33, 0x33, 0x36, 0x93, 0x33, 
	0x33, 0x3a, 0x63, 0x33, 0x33, 0x33, 0x33, 0x20, 
	0x12, 0x80, 0x00, 0x02, 0x11, 0x01, 0x77, 0x77, 
	0x77, 0x20, 0x01, 0x00, 0x10, 0x11, 0x40, 0x01, 
	0x2b, 0x33, 0x33, 0x33, 0x33, 0x36, 0x93, 0x33, 
	0x33, 0x3a, 0x63, 0x33, 0x33, 0x33, 0x37, 0x07, 
	0x82, 0x08, 0x00, 0x10, 0x10, 0x10, 0x00, 0x88, 
	0x00, 0x00, 0x20, 0x00, 0x00, 0x11, 0x24, 0x00, 
	0xb2, 0x33, 0x33, 0x33, 0x33, 0x36, 0x93, 0x33, 
	0x33, 0x3a, 0x63, 0x33, 0x33, 0x33, 0x20, 0x08, 
	0x74, 0x00, 0x00, 0x00, 0x10, 0x00, 0x00, 0x01, 
	0x00, 0x00, 0x12, 0x00, 0x00, 0x01, 0x11, 0x40, 
	0x14, 0x2b, 0x33, 0x33, 0x33, 0x36, 0x93, 0x33, 
	0x33, 0x3a, 0x63, 0x33, 0x33, 0x32, 0x00, 0x08, 
	0x88, 0x00, 0x01, 0x11, 0x01, 0x11, 0x11, 0x11, 
	0x12, 0x22, 0x0f, 0x80, 0x00, 0x00, 0x00, 0x44, 
	0x11, 0x92, 0x33, 0x33, 0x33, 0x36, 0x93, 0x33, 
	0x33, 0x3a, 0x63, 0x33, 0x33, 0x45, 0x81, 0x45, 
	0x01, 0x80, 0x01, 0x00, 0x04, 0x45, 0xaa, 0xaa, 
	0xaa, 0xaa, 0x44, 0x00, 0x00, 0x00, 0x00, 0x04, 
	0x44, 0x44, 0x2b, 0x33, 0x33, 0x36, 0x93, 0x33, 
	0x33, 0x3a, 0x63, 0x33, 0x32, 0x44, 0x08, 0x44, 
	0x00, 0x00, 0x00, 0x11, 0x01, 0x54, 0xba, 0xbb, 
	0xbb, 0xbb, 0xa2, 0x11, 0x08, 0x00, 0x00, 0x00, 
	0x10, 0x18, 0x92, 0x33, 0x33, 0x36, 0x93, 0x63, 
	0x33, 0x39, 0x63, 0x33, 0x28, 0x4f, 0xf4, 0x84, 
	0x00, 0x80, 0x88, 0x44, 0xb8, 0x63, 0x33, 0x33, 
	0x33, 0x33, 0x65, 0xf4, 0x0f, 0x00, 0x00, 0x00, 
	0x00, 0x01, 0x01, 0x2b, 0x33, 0x36, 0x93, 0x33, 
	0x33, 0x39, 0x63, 0x32, 0x82, 0x45, 0xff, 0x55, 
	0x00, 0x00, 0x80, 0x44, 0x8b, 0x33, 0x33, 0x63, 
	0x33, 0x33, 0x36, 0x84, 0xf4, 0xf0, 0x00, 0x00, 
	0x00, 0x00, 0x00, 0x42, 0x33, 0x36, 0x93, 0x33, 
	0x33, 0x3a, 0x66, 0x24, 0x58, 0x88, 0x00, 0x00, 
	0x00, 0x00, 0x04, 0xb8, 0x63, 0x33, 0x33, 0x33, 
	0x33, 0x33, 0x33, 0x6a, 0x44, 0x11, 0x11, 0x00, 
	0x00, 0x00, 0x00, 0x10, 0x2b, 0x36, 0x93, 0x33, 
	0x33, 0x3a, 0x62, 0x45, 0x85, 0x88, 0x00, 0x00, 
	0x00, 0x02, 0x44, 0x8b, 0x33, 0x33, 0x33, 0x33, 
	0x33, 0x33, 0x33, 0x36, 0xa2, 0x21, 0x18, 0x00, 
	0x01, 0x00, 0x00, 0x00, 0xab, 0x36, 0x93, 0x63, 
	0x33, 0x39, 0x20, 0x8f, 0x82, 0x00, 0x88, 0x00, 
	0x00, 0x41, 0xb8, 0x63, 0x33, 0x33, 0x33, 0x33, 
	0x33, 0x33, 0x33, 0x33, 0x6a, 0xf4, 0x10, 0x10, 
	0x00, 0x00, 0x10, 0x00, 0x01, 0x2b, 0x96, 0x33, 
	0x33, 0x33, 0x00, 0xf8, 0x88, 0x00, 0x80, 0x00, 
	0x01, 0x44, 0x8b, 0x33, 0x33, 0x33, 0x33, 0x33, 
	0x33, 0x33, 0x33, 0x33, 0x36, 0xa4, 0x11, 0x10, 
	0x00, 0x00, 0x00, 0x00, 0x01, 0xa2, 0x96, 0x33, 
	0x33, 0xb0, 0x04, 0x00, 0x00, 0x08, 0x00, 0x01, 
	0x12, 0xb8, 0x63, 0x33, 0x33, 0x33, 0x33, 0x33, 
	0x33, 0x33, 0x33, 0x33, 0x33, 0x6a, 0x44, 0x10, 
	0x00, 0x01, 0x10, 0x00, 0x00, 0x88, 0x2b, 0x33, 
	0x32, 0x00, 0x00, 0x00, 0x00, 0x00, 0x08, 0x81, 
	0x14, 0x8b, 0x33, 0x33, 0x33, 0x33, 0x33, 0x33, 
	0x33, 0x33, 0x33, 0x33, 0x33, 0x36, 0xa4, 0x10, 
	0x00, 0x00, 0x01, 0x00, 0x00, 0x08, 0xa2, 0x33, 
	0x24, 0x10, 0x88, 0x80, 0x08, 0x00, 0x01, 0x41, 
	0xb8, 0x63, 0x33, 0x33, 0x33, 0x33, 0x33, 0x33, 
	0x33, 0x33, 0x33, 0x33, 0x33, 0x33, 0x6a, 0x44, 
	0x00, 0x00, 0x00, 0x10, 0x00, 0x00, 0x00, 0x2b, 
	0x00, 0x10, 0x08, 0x00, 0x81, 0x00, 0x00, 0x04, 
	0x8b, 0x33, 0x33, 0x33, 0x33, 0x33, 0x33, 0x33, 
	0x33, 0x33, 0x33, 0x33, 0x33, 0x33, 0x36, 0xaf, 
	0x10, 0x00, 0x00, 0x10, 0x10, 0x00, 0x00, 0xb2, 
	0x00, 0x00, 0x00, 0x80, 0x00, 0x00, 0x11, 0xb8, 
	0x63, 0x33, 0x33, 0x33, 0x33, 0x33, 0x36, 0x33, 
	0x33, 0x33, 0x33, 0x33, 0x33, 0x33, 0x33, 0x6a, 
	0x11, 0x00, 0x00, 0x00, 0x10, 0x00, 0x00, 0x01, 
	0x00, 0x12, 0x10, 0x00, 0x00, 0x00, 0x14, 0x8b, 
	0x33, 0x66, 0x66, 0x63, 0x33, 0x33, 0x33, 0x33, 
	0x33, 0x33, 0x33, 0x33, 0x33, 0x33, 0x33, 0x36, 
	0xa4, 0x00, 0x01, 0x02, 0x01, 0x42, 0x10, 0x01, 
	0x01, 0x42, 0x44, 0x00, 0x00, 0x00, 0x48, 0x63, 
	0x33, 0x33, 0x33, 0x33, 0x33, 0x33, 0x33, 0x33, 
	0x33, 0x33, 0x33, 0x33, 0x33, 0x33, 0x33, 0x33, 
	0x6a, 0x10, 0x00, 0x00, 0x01, 0x47, 0x44, 0x00, 
	0x02, 0x42, 0x52, 0x88, 0x01, 0x04, 0x85, 0x66, 
	0x66, 0x99, 0x99, 0x66, 0x66, 0x99, 0x66, 0x99, 
	0x99, 0x99, 0x99, 0x99, 0x99, 0x99, 0x99, 0x99, 
	0x9a, 0x81, 0x10, 0x00, 0x02, 0x47, 0x22, 0x00, 
	0x01, 0x44, 0x24, 0x00, 0x01, 0xb8, 0xa9, 0x66, 
	0x66, 0x66, 0x66, 0x66, 0x66, 0x66, 0x66, 0x66, 
	0x66, 0x66, 0x66, 0x66, 0x66, 0x66, 0x99, 0x66, 
	0x66, 0x68, 0x11, 0x00, 0x01, 0x24, 0x11, 0x00, 
	0x00, 0x42, 0x40, 0x00, 0x14, 0x8b, 0x3a, 0x69, 
	0x96, 0x96, 0x63, 0x96, 0x93, 0x33, 0x33, 0x33, 
	0x33, 0x33, 0x33, 0x33, 0x33, 0x33, 0x33, 0x33, 
	0x33, 0x36, 0xa1, 0x00, 0x00, 0x44, 0x11, 0x00, 
	0x88, 0x00, 0x00, 0x80, 0x48, 0x63, 0x39, 0x99, 
	0x96, 0x96, 0x66, 0x93, 0xa3, 0x33, 0x33, 0x33, 
	0x33, 0x33, 0x33, 0x33, 0x33, 0x33, 0x33, 0x33, 
	0x33, 0x33, 0x9a, 0x11, 0x00, 0x00, 0x00, 0x00, 
	0x08, 0x08, 0x00, 0x01, 0x88, 0x99, 0xaa, 0xaa, 
	0xaa, 0xaa, 0xaa, 0xaa, 0xaa, 0xaa, 0xaa, 0x99, 
	0x99, 0x99, 0x99, 0x99, 0x99, 0x99, 0x99, 0x99, 
	0x99, 0x99, 0x9a, 0x51, 0x10, 0x00, 0x00, 0x00, 
	
};

ALIGNED8 u8 wb_cont_miu128_wb003_pal_rgba16[] = {
	0x29, 0x8d, 0x4a, 0x95, 0xa4, 0xe1, 0x0c, 0xc1, 
	0x62, 0xd1, 0x31, 0x05, 0x13, 0xc1, 0xff, 0xff, 
	0x18, 0xc7, 0x0a, 0x81, 0x11, 0x83, 0x6b, 0x0b, 
	0xc8, 0x41, 0x41, 0x5d, 0x28, 0xad, 0xc3, 0xdb, 
	
};

ALIGNED8 u8 wb_cont_miu64_mh005_ci4[] = {
	0x00, 0x00, 0x00, 0x00, 0x10, 0x01, 0x00, 0x00, 
	0x00, 0x00, 0x00, 0x00, 0x00, 0x00, 0x12, 0x22, 
	0x34, 0x44, 0x55, 0x55, 0x55, 0x55, 0x55, 0x55, 
	0x55, 0x55, 0x46, 0x66, 0x55, 0x55, 0x55, 0x55, 
	0x07, 0x33, 0x33, 0x33, 0x33, 0x33, 0x88, 0x88, 
	0x88, 0x88, 0x88, 0x88, 0x33, 0x33, 0x88, 0x22, 
	0x34, 0x44, 0x55, 0x55, 0x55, 0x55, 0x55, 0x55, 
	0x55, 0x55, 0x44, 0x44, 0x55, 0x55, 0x55, 0x55, 
	0x03, 0x66, 0x66, 0x66, 0x55, 0x55, 0x55, 0x55, 
	0x66, 0x66, 0x55, 0x55, 0x55, 0x55, 0x58, 0x22, 
	0x33, 0x33, 0x33, 0x33, 0x33, 0x33, 0x44, 0x44, 
	0x33, 0x33, 0x33, 0x33, 0x33, 0x33, 0x33, 0x33, 
	0x06, 0x66, 0x66, 0x66, 0x55, 0x51, 0x55, 0x55, 
	0x66, 0x66, 0x55, 0x55, 0x55, 0x55, 0x58, 0x22, 
	0x88, 0x88, 0x88, 0x88, 0x88, 0x88, 0x88, 0x88, 
	0x88, 0x88, 0x88, 0x88, 0x88, 0x88, 0x88, 0x88, 
	0x06, 0x66, 0x66, 0x66, 0x66, 0x66, 0x66, 0x65, 
	0x55, 0x55, 0x56, 0x55, 0x56, 0x56, 0x58, 0x22, 
	0x87, 0x77, 0x77, 0x77, 0x77, 0x77, 0x77, 0x77, 
	0x77, 0x77, 0x77, 0x77, 0x77, 0x77, 0x77, 0x77, 
	0x06, 0x66, 0x66, 0x66, 0x66, 0x55, 0x55, 0x55, 
	0x55, 0x55, 0x66, 0x55, 0x56, 0x56, 0x58, 0x22, 
	0x87, 0x77, 0x77, 0x77, 0x77, 0x77, 0x77, 0x77, 
	0x77, 0x77, 0x77, 0x77, 0x77, 0x77, 0x77, 0x77, 
	0x06, 0x66, 0x66, 0x66, 0x56, 0x65, 0x55, 0x55, 
	0x66, 0x56, 0x66, 0x65, 0x55, 0x56, 0x58, 0x22, 
	0x47, 0x77, 0x77, 0x77, 0x77, 0x77, 0x77, 0x77, 
	0x77, 0x77, 0x77, 0x77, 0x77, 0x77, 0x77, 0x77, 
	0x06, 0x66, 0x66, 0x66, 0x56, 0x66, 0x66, 0x66, 
	0x99, 0x65, 0x66, 0x65, 0x55, 0x56, 0x58, 0x22, 
	0x64, 0x44, 0x44, 0x44, 0x44, 0x44, 0x44, 0x44, 
	0x44, 0x44, 0x44, 0x44, 0x44, 0x44, 0x44, 0x44, 
	0x06, 0x66, 0x66, 0x66, 0x99, 0x99, 0x66, 0x66, 
	0x66, 0x66, 0x66, 0x66, 0x55, 0x56, 0x44, 0x22, 
	0x1a, 0xaa, 0xaa, 0xbb, 0xbb, 0xbb, 0xbb, 0xbb, 
	0xcc, 0xcc, 0xcc, 0xaa, 0xcc, 0xcc, 0x55, 0x55, 
	0x06, 0x66, 0x66, 0x66, 0x99, 0xd9, 0x66, 0x66, 
	0x66, 0x66, 0x66, 0x66, 0x55, 0x56, 0x44, 0x22, 
	0x1d, 0xad, 0xdd, 0xaa, 0xba, 0xaa, 0xab, 0xaa, 
	0xaa, 0xaa, 0xaa, 0xaa, 0xaa, 0xaa, 0xaa, 0xaa, 
	0x06, 0x66, 0x66, 0x66, 0x99, 0x99, 0x66, 0x66, 
	0x66, 0x66, 0x66, 0x66, 0x65, 0x56, 0x44, 0x22, 
	0x1d, 0xad, 0xad, 0xdd, 0xaa, 0xaa, 0xaa, 0xaa, 
	0xaa, 0xaa, 0xaa, 0xaa, 0xaa, 0xaa, 0xaa, 0xaa, 
	0x06, 0x6d, 0xdd, 0xdd, 0xdd, 0x99, 0x66, 0x66, 
	0x66, 0x66, 0x66, 0x66, 0x66, 0x66, 0x44, 0x22, 
	0x1d, 0xaa, 0xaa, 0xad, 0xaa, 0xaa, 0xaa, 0xaa, 
	0xaa, 0xaa, 0xaa, 0xaa, 0xaa, 0xaa, 0xaa, 0xaa, 
	0x06, 0x64, 0x44, 0x44, 0x44, 0x44, 0x33, 0x33, 
	0x44, 0x44, 0x44, 0x44, 0x44, 0x66, 0x44, 0x22, 
	0x1a, 0xaa, 0xaa, 0xaa, 0xaa, 0xaa, 0xaa, 0xaa, 
	0xaa, 0xaa, 0xaa, 0xaa, 0xaa, 0xaa, 0xaa, 0xaa, 
	0x06, 0x44, 0x87, 0x77, 0x77, 0x77, 0x77, 0x77, 
	0x77, 0x77, 0x77, 0x77, 0x77, 0x78, 0x74, 0x22, 
	0xdd, 0xda, 0xaa, 0xab, 0xaa, 0xaa, 0xaa, 0xaa, 
	0xab, 0xaa, 0xaa, 0xaa, 0xaa, 0xaa, 0xa9, 0xaa, 
	0x06, 0x44, 0x87, 0x77, 0x77, 0x77, 0x77, 0x77, 
	0x77, 0x77, 0x77, 0x77, 0x77, 0x77, 0x74, 0x22, 
	0xaa, 0xaa, 0xbb, 0xbb, 0xbb, 0xbb, 0xbc, 0xba, 
	0xbb, 0xbb, 0xbb, 0xbb, 0xaa, 0xba, 0xaa, 0x9a, 
	0x01, 0x16, 0x54, 0x44, 0x44, 0x44, 0x33, 0x33, 
	0x33, 0x33, 0x88, 0x88, 0x88, 0x88, 0x74, 0x22, 
	0xbb, 0xbb, 0xbb, 0xbb, 0xbb, 0xbb, 0xcc, 0xcc, 
	0xbb, 0xbb, 0xbb, 0xbb, 0xcb, 0xaa, 0xa9, 0x55, 
	0xed, 0xff, 0xff, 0xff, 0x11, 0x11, 0x11, 0x11, 
	0x11, 0xdd, 0xdd, 0xdd, 0xff, 0xab, 0x85, 0x22, 
	0xbb, 0xbb, 0xcc, 0xcc, 0xbb, 0xbb, 0xcc, 0xcc, 
	0xcc, 0xcc, 0xbb, 0xbb, 0x5c, 0x9c, 0xbb, 0xbb, 
	0xfd, 0xff, 0xff, 0xff, 0xdd, 0xdd, 0xdd, 0xdd, 
	0xdd, 0xdd, 0xdd, 0xdd, 0xfd, 0xab, 0x55, 0x22, 
	0xcb, 0xbb, 0xcc, 0xcc, 0xbb, 0xbb, 0xcc, 0xcc, 
	0xcc, 0xcc, 0xbb, 0xbb, 0xcc, 0xcc, 0xbb, 0x99, 
	0xe9, 0x9d, 0xdd, 0xdd, 0x99, 0x99, 0x99, 0x99, 
	0xaa, 0xaa, 0xaa, 0xaa, 0xaa, 0xaa, 0x55, 0x22, 
	0xcb, 0xbb, 0xcc, 0xcc, 0xbb, 0xbb, 0xcc, 0xcc, 
	0xcc, 0xcc, 0xbc, 0xcc, 0x55, 0xcc, 0x99, 0xdd, 
	0xe9, 0x9d, 0x66, 0x66, 0xcc, 0xcc, 0xcc, 0xcc, 
	0xcc, 0xcc, 0x55, 0x55, 0xbb, 0xaa, 0x55, 0x22, 
	0x4b, 0xbb, 0xe8, 0x88, 0x1a, 0xbb, 0xcc, 0xcc, 
	0xcc, 0xcc, 0xbc, 0xcc, 0x55, 0x5c, 0x99, 0x9b, 
	0xe6, 0x66, 0x9c, 0xcc, 0x99, 0xc9, 0x55, 0x55, 
	0x55, 0x55, 0x55, 0x55, 0x55, 0x66, 0x55, 0x22, 
	0xc9, 0x99, 0xd3, 0x33, 0xbe, 0xbb, 0x55, 0x55, 
	0x55, 0x55, 0x65, 0x66, 0xcc, 0xcc, 0x56, 0x66, 
	0xe1, 0x66, 0x99, 0x99, 0x99, 0x99, 0x66, 0x65, 
	0x55, 0x55, 0x55, 0x55, 0x56, 0x66, 0x55, 0x22, 
	0x49, 0x9a, 0xdc, 0xcc, 0xb2, 0xbb, 0x55, 0x55, 
	0x65, 0x66, 0x66, 0x66, 0xc6, 0x66, 0x66, 0x66, 
	0xe6, 0x66, 0x96, 0x96, 0x99, 0x66, 0x66, 0x66, 
	0x55, 0x45, 0x55, 0x55, 0x55, 0x66, 0x55, 0x22, 
	0x49, 0x9a, 0xec, 0xcc, 0xdd, 0xbb, 0x55, 0x55, 
	0x66, 0x66, 0x66, 0x66, 0xc6, 0xcc, 0x55, 0x65, 
	0xe6, 0x66, 0x66, 0x96, 0xd9, 0x99, 0x66, 0x66, 
	0x55, 0x55, 0x55, 0x55, 0x55, 0x56, 0x55, 0x22, 
	0x49, 0xcc, 0xde, 0xdd, 0xdb, 0xbb, 0x65, 0x55, 
	0x55, 0x66, 0x66, 0x66, 0xc6, 0x6c, 0x55, 0x55, 
	0x06, 0x66, 0x99, 0x99, 0x99, 0x99, 0x99, 0xd9, 
	0x55, 0x55, 0x55, 0x55, 0x55, 0x59, 0x55, 0x22, 
	0x55, 0x55, 0x69, 0x99, 0x66, 0x56, 0xcc, 0x9c, 
	0x66, 0x96, 0x66, 0x66, 0x66, 0x9c, 0x55, 0x56, 
	0x06, 0x66, 0x99, 0x99, 0x99, 0x99, 0x99, 0x99, 
	0x55, 0x55, 0x55, 0x55, 0x56, 0x55, 0x55, 0x22, 
	0x45, 0x55, 0x55, 0x69, 0x66, 0x66, 0xcc, 0xcc, 
	0x56, 0x96, 0x55, 0x66, 0x66, 0x99, 0x66, 0x66, 
	0x06, 0x66, 0xa9, 0x99, 0x99, 0x99, 0x99, 0x99, 
	0x65, 0x55, 0x55, 0x55, 0x56, 0x65, 0x55, 0x22, 
	0x55, 0x55, 0x65, 0x99, 0x66, 0x66, 0xcc, 0x9c, 
	0x55, 0x99, 0x55, 0x55, 0x9c, 0xc6, 0x66, 0x66, 
	0x06, 0x66, 0x99, 0x99, 0x99, 0x99, 0x99, 0x99, 
	0x65, 0x55, 0x55, 0x55, 0x56, 0x65, 0x55, 0x22, 
	0x55, 0x55, 0x55, 0x69, 0x66, 0x66, 0xd9, 0xcc, 
	0x55, 0x66, 0x55, 0x55, 0xc9, 0xc9, 0x66, 0x66, 
	0xea, 0xaa, 0x99, 0x99, 0x99, 0x99, 0x69, 0x96, 
	0x66, 0x55, 0x55, 0x55, 0x66, 0x65, 0x55, 0x22, 
	0xc6, 0x65, 0x66, 0x66, 0x65, 0x56, 0x69, 0xcc, 
	0xcc, 0xb5, 0xc5, 0x5c, 0xc9, 0x9c, 0x66, 0x66, 
	0xea, 0xaa, 0x99, 0x99, 0x99, 0x99, 0x96, 0x69, 
	0x56, 0x65, 0x55, 0x55, 0x66, 0x66, 0x55, 0x22, 
	0xc5, 0x66, 0x66, 0x66, 0x55, 0x55, 0xcc, 0xcc, 
	0xc5, 0x55, 0xcc, 0x5c, 0xcc, 0xc9, 0x6c, 0xcc, 
	0xea, 0xaa, 0x99, 0x99, 0x99, 0x99, 0xbb, 0x99, 
	0x66, 0x66, 0x66, 0x56, 0x66, 0x66, 0x55, 0x02, 
	0x56, 0x66, 0x66, 0x65, 0x55, 0x65, 0xcc, 0xcb, 
	0xbc, 0xcc, 0xcc, 0xcc, 0xcc, 0xbc, 0xcc, 0xcc, 
	0xea, 0xaa, 0x99, 0xdd, 0xd9, 0x99, 0xbb, 0x99, 
	0x66, 0x66, 0x55, 0x66, 0x65, 0x56, 0x55, 0x02, 
	0x55, 0x55, 0x66, 0x65, 0x55, 0x65, 0xbc, 0xcb, 
	0xcc, 0x5c, 0xcc, 0xcc, 0xcb, 0xbb, 0xcc, 0xcb, 
	0xea, 0xaa, 0x99, 0x9d, 0xd9, 0xbb, 0x55, 0x66, 
	0x96, 0x99, 0x55, 0x56, 0x66, 0x55, 0x55, 0xe2, 
	0xc5, 0xc5, 0x55, 0x55, 0x55, 0x55, 0xcc, 0xcc, 
	0xcc, 0xcc, 0xcc, 0xcc, 0xcc, 0xcc, 0xc6, 0xcc, 
	0xea, 0xaa, 0x99, 0x99, 0x99, 0xbb, 0x55, 0x65, 
	0x99, 0x96, 0x56, 0x56, 0x66, 0x55, 0x55, 0xe2, 
	0xcc, 0xc5, 0x55, 0x55, 0x55, 0xc5, 0xcc, 0xc5, 
	0xcc, 0xcc, 0xcc, 0xcc, 0xcc, 0xcc, 0x66, 0x6c, 
	0xeb, 0xaa, 0x99, 0x99, 0x9b, 0xbb, 0x55, 0x59, 
	0x99, 0x66, 0x66, 0x55, 0x55, 0x56, 0x55, 0xe2, 
	0xcc, 0xcc, 0x55, 0x55, 0x55, 0x5c, 0xcc, 0xcc, 
	0xcc, 0xcc, 0xc5, 0xcc, 0xcc, 0xcc, 0xcc, 0xcc, 
	0xeb, 0xaa, 0x99, 0x99, 0x99, 0xbb, 0x55, 0x69, 
	0x66, 0x66, 0x66, 0x56, 0x55, 0x55, 0x55, 0xe2, 
	0xcc, 0xcc, 0x55, 0x55, 0xc5, 0x55, 0x5c, 0xcc, 
	0xcc, 0xcc, 0x66, 0x5c, 0xcc, 0xcc, 0xcc, 0xcc, 
	0xe5, 0x55, 0x55, 0x55, 0xcc, 0xcc, 0x55, 0x55, 
	0x99, 0x99, 0x66, 0x66, 0x99, 0x99, 0x66, 0x02, 
	0x5c, 0xc5, 0x5c, 0x55, 0xcc, 0xcc, 0xcc, 0xcc, 
	0x55, 0x56, 0x96, 0x55, 0x5c, 0x55, 0xcc, 0xcc, 
	0xe5, 0x55, 0x37, 0x77, 0x88, 0x88, 0x77, 0x77, 
	0x77, 0x77, 0x77, 0x77, 0x77, 0x84, 0x36, 0x22, 
	0x5c, 0xcc, 0xc5, 0xcc, 0xcc, 0xcc, 0xcc, 0xcc, 
	0x56, 0x55, 0x56, 0x55, 0x65, 0x55, 0xcc, 0xcc, 
	0xed, 0x55, 0x37, 0x77, 0x88, 0x88, 0x77, 0x77, 
	0x77, 0x77, 0x77, 0x77, 0x77, 0x84, 0x36, 0x22, 
	0xcc, 0xcb, 0xc5, 0xcc, 0xcc, 0xcc, 0xcc, 0x5c, 
	0x66, 0x55, 0x56, 0x56, 0x66, 0x55, 0xcc, 0xcc, 
	0xe1, 0x11, 0x53, 0x33, 0x88, 0x88, 0x88, 0x88, 
	0x88, 0x87, 0x77, 0x77, 0x77, 0x88, 0x36, 0x22, 
	0x5b, 0xcb, 0xc9, 0xcc, 0xcc, 0xcc, 0xcc, 0x5c, 
	0x55, 0x55, 0x56, 0x66, 0x66, 0x6c, 0xcc, 0xcc, 
	0xed, 0xee, 0xff, 0xff, 0xfa, 0xaa, 0xfa, 0xff, 
	0x11, 0xdd, 0xfa, 0xaa, 0xaa, 0x95, 0xbd, 0x22, 
	0xcc, 0xcc, 0x5c, 0xcc, 0x9c, 0xc9, 0xc9, 0xcc, 
	0xcc, 0x55, 0x65, 0x55, 0x66, 0x55, 0xcc, 0xcc, 
	0xed, 0xed, 0xff, 0xff, 0xff, 0xff, 0xff, 0xff, 
	0x11, 0xdd, 0xff, 0xff, 0xff, 0xfa, 0xbb, 0x22, 
	0xc6, 0x99, 0x99, 0x99, 0x99, 0x9c, 0x69, 0x9c, 
	0xc5, 0xc5, 0x66, 0x65, 0x55, 0x65, 0x6c, 0xcc, 
	0xea, 0xdd, 0xff, 0xff, 0xff, 0xff, 0xfa, 0xff, 
	0xdd, 0xdd, 0xff, 0xff, 0xff, 0xf9, 0xbb, 0xe2, 
	0xb9, 0x99, 0xcc, 0xc9, 0x99, 0x99, 0x96, 0x99, 
	0x55, 0xcc, 0x56, 0x66, 0x55, 0x66, 0x66, 0x6c, 
	0xea, 0xaa, 0xaa, 0xaa, 0xaa, 0x9a, 0xaa, 0xaa, 
	0xaa, 0xaa, 0xaa, 0x99, 0xaa, 0x99, 0xbb, 0xe2, 
	0xc6, 0x99, 0x5c, 0xc5, 0xcc, 0x99, 0x99, 0x9c, 
	0xcc, 0xcc, 0x55, 0x66, 0x65, 0x55, 0x66, 0x6c, 
	0xea, 0xaa, 0x66, 0x66, 0x99, 0x99, 0xbb, 0xbb, 
	0xba, 0xaa, 0x99, 0x99, 0x99, 0x99, 0x55, 0x22, 
	0xc6, 0x66, 0x66, 0x66, 0xbb, 0xbb, 0xbb, 0xbb, 
	0xa4, 0x4a, 0xbb, 0xbb, 0xcc, 0xcc, 0xcc, 0xcc, 
	0xea, 0xaa, 0x66, 0x69, 0xd9, 0x99, 0xda, 0xaa, 
	0xaa, 0xaa, 0x99, 0x99, 0x99, 0x99, 0x55, 0x22, 
	0xc6, 0x66, 0x13, 0x77, 0xeb, 0xbb, 0xbb, 0xbe, 
	0x88, 0x8a, 0x1b, 0xbb, 0xcc, 0x9c, 0xcc, 0x9c, 
	0xea, 0xaa, 0x66, 0x69, 0x99, 0x99, 0xdd, 0xdd, 
	0xaa, 0xaa, 0x9d, 0x99, 0x99, 0xda, 0x55, 0x22, 
	0xc6, 0x66, 0x13, 0x33, 0xbe, 0xbb, 0xbb, 0xbe, 
	0x8a, 0xe8, 0x2b, 0xbb, 0xcc, 0xcc, 0xcc, 0xcc, 
	0xea, 0xaa, 0x66, 0x66, 0x99, 0x99, 0xaa, 0xad, 
	0xaa, 0xaa, 0xdd, 0xdd, 0xd9, 0xdd, 0xd5, 0x22, 
	0xc6, 0x66, 0x16, 0x66, 0xbe, 0xbb, 0xbb, 0xbe, 
	0x4a, 0xe4, 0x2b, 0xbb, 0xc9, 0x9c, 0xcc, 0x9a, 
	0x29, 0x99, 0xc9, 0x99, 0x99, 0x9d, 0xaa, 0xaa, 
	0xd9, 0x99, 0xdd, 0xad, 0xd9, 0x99, 0x99, 0x22, 
	0xc6, 0xc6, 0xe9, 0xd9, 0x1e, 0x55, 0x56, 0x6d, 
	0x19, 0x91, 0xe5, 0x55, 0x66, 0x96, 0x55, 0x66, 
	0xe9, 0x99, 0xcc, 0x9c, 0x99, 0xdd, 0xdd, 0xaa, 
	0x99, 0x99, 0xaa, 0xaa, 0x99, 0x99, 0x93, 0x22, 
	0xcc, 0xc6, 0xd1, 0xdd, 0xed, 0x55, 0x55, 0xdd, 
	0xee, 0xee, 0xd5, 0x55, 0x65, 0x69, 0x65, 0x66, 
	0xe9, 0x99, 0x9c, 0xcc, 0x99, 0xdd, 0xad, 0xbb, 
	0xb9, 0xbb, 0xaa, 0xaa, 0x99, 0x9c, 0x93, 0x22, 
	0xc6, 0xcc, 0x99, 0x9d, 0x55, 0x55, 0x66, 0xdd, 
	0xdd, 0x9d, 0xd5, 0x55, 0x55, 0x55, 0x65, 0x55, 
	0xe9, 0x99, 0xaa, 0xac, 0x99, 0x99, 0xaa, 0xbb, 
	0xbb, 0xbb, 0xad, 0xaa, 0x99, 0x9c, 0x93, 0x22, 
	0xc6, 0xcc, 0x99, 0x99, 0x55, 0x55, 0x55, 0x66, 
	0x99, 0x99, 0x55, 0x55, 0x55, 0x65, 0x66, 0x65, 
	0x05, 0x5d, 0x99, 0x99, 0x9a, 0xaa, 0x99, 0x9d, 
	0x9c, 0xca, 0x99, 0x99, 0x99, 0x99, 0xcc, 0x22, 
	0x45, 0x55, 0x66, 0x6d, 0x55, 0x55, 0x66, 0x66, 
	0x66, 0x66, 0x55, 0x55, 0x56, 0x66, 0x56, 0x65, 
	0x05, 0x5d, 0x99, 0x99, 0x96, 0xa6, 0x9c, 0x9d, 
	0xaa, 0x9a, 0x99, 0x99, 0xd9, 0x99, 0xcc, 0x22, 
	0x45, 0x55, 0x46, 0x66, 0x55, 0x55, 0x66, 0x55, 
	0x55, 0x55, 0x55, 0x55, 0x56, 0x66, 0x55, 0x55, 
	0x05, 0xdd, 0xd9, 0x99, 0x99, 0x6a, 0xc9, 0xc9, 
	0xaa, 0xaa, 0x99, 0xcc, 0x99, 0x99, 0xcc, 0x22, 
	0x34, 0x44, 0x44, 0x44, 0x44, 0x45, 0x55, 0x44, 
	0x44, 0x54, 0x55, 0x55, 0x55, 0x55, 0x45, 0x55, 
	0x05, 0x5d, 0x99, 0x9d, 0x69, 0x66, 0x99, 0xc9, 
	0xaa, 0x99, 0xcc, 0xcc, 0xb9, 0xbb, 0xcc, 0x22, 
	0x83, 0x33, 0x33, 0x33, 0x34, 0x44, 0x33, 0x33, 
	0x33, 0x33, 0x44, 0x34, 0x43, 0x33, 0x33, 0x34, 
	0xeb, 0xbd, 0x66, 0xd6, 0x99, 0x99, 0x66, 0x66, 
	0xdc, 0xcc, 0x9b, 0x99, 0x99, 0xc9, 0xcc, 0x22, 
	0x88, 0x88, 0x88, 0x88, 0x88, 0x88, 0x88, 0x88, 
	0x88, 0x83, 0x48, 0x78, 0x77, 0x77, 0x77, 0x77, 
	0xeb, 0xbb, 0x66, 0xd6, 0x9c, 0x9c, 0x11, 0x11, 
	0xdd, 0xcc, 0x99, 0xb9, 0x99, 0xc9, 0xcc, 0x22, 
	0x87, 0x77, 0x77, 0x77, 0x77, 0x87, 0x77, 0x78, 
	0x88, 0x88, 0x87, 0x78, 0x88, 0x77, 0x78, 0x77, 
	0xeb, 0xbb, 0x96, 0xd6, 0xcc, 0xcd, 0x22, 0x22, 
	0x22, 0x0c, 0x99, 0x99, 0xc9, 0xc9, 0xcc, 0x22, 
	0x38, 0x77, 0x77, 0x77, 0x77, 0x77, 0x77, 0x84, 
	0x88, 0x88, 0x77, 0x77, 0x78, 0x87, 0x88, 0x77, 
	0xeb, 0xbb, 0x99, 0x69, 0xcc, 0xc1, 0x22, 0x22, 
	0x22, 0x2c, 0x9d, 0xd9, 0xc9, 0xc9, 0xcc, 0x22, 
	0x44, 0x44, 0x43, 0x33, 0x34, 0x43, 0x33, 0x34, 
	0x44, 0x43, 0x33, 0x43, 0x44, 0x45, 0x44, 0x33, 
	0xe9, 0x99, 0xcc, 0xcc, 0x66, 0x66, 0x55, 0xd5, 
	0x61, 0x66, 0x66, 0x66, 0x99, 0x99, 0x55, 0x22, 
	0x1b, 0xbb, 0xac, 0xcc, 0xba, 0xaa, 0xab, 0xba, 
	0xda, 0xab, 0x9a, 0x99, 0xbb, 0xba, 0xcc, 0xcc, 
	0xe9, 0x99, 0xcc, 0xcc, 0x66, 0xd6, 0x55, 0x55, 
	0x66, 0x66, 0x66, 0x66, 0x99, 0x99, 0x55, 0x22, 
	0xed, 0xbb, 0xda, 0xda, 0xaa, 0xad, 0xdd, 0xdd, 
	0xdd, 0xaa, 0xdd, 0xda, 0xab, 0xad, 0xda, 0xad, 
	0x2e, 0xee, 0xee, 0xdd, 0xdd, 0xdd, 0xdd, 0xdd, 
	0x11, 0x11, 0x11, 0x61, 0x11, 0x91, 0xd0, 0x22, 
	0xed, 0xd1, 0xdd, 0xdd, 0xad, 0xdd, 0xdd, 0xdd, 
	0xdd, 0xdd, 0xfd, 0xdd, 0xdd, 0xdd, 0xdd, 0xdd, 
	0x22, 0x22, 0x22, 0x2e, 0xee, 0xee, 0x22, 0x22, 
	0x22, 0x22, 0x22, 0x22, 0x22, 0x22, 0x22, 0x22, 
	0xe1, 0xd1, 0xdd, 0xdd, 0xdd, 0xdd, 0xdd, 0xdd, 
	0xdd, 0xdd, 0xda, 0xad, 0xdd, 0xdd, 0xdd, 0xdd, 
	
};

ALIGNED8 u8 wb_cont_miu64_mh005_pal_rgba16[] = {
	0x41, 0xd1, 0x62, 0xd5, 0x00, 0x01, 0xc6, 0x31, 
	0xb5, 0x6d, 0x9c, 0xa5, 0x8c, 0x21, 0xff, 0xff, 
	0xde, 0xf7, 0x8c, 0x1f, 0x8c, 0x1d, 0x9c, 0xa1, 
	0x9c, 0xa3, 0x7b, 0x59, 0x4a, 0x0d, 0x7b, 0x13, 
	
};

Vtx wb_cont_wb_cont_mesh_layer_1_vtx_0[8] = {
	{{ {-107, 35, -115}, 0, {-16, -16}, {69, 82, 88, 255} }},
	{{ {-107, 0, 115}, 0, {4096, 361}, {64, 66, 67, 255} }},
	{{ {-107, 35, 115}, 0, {4096, -16}, {64, 66, 66, 255} }},
	{{ {-107, 0, -115}, 0, {-16, 361}, {70, 86, 93, 255} }},
	{{ {107, 35, 115}, 0, {-16, -16}, {40, 44, 44, 255} }},
	{{ {107, 0, -115}, 0, {4096, 361}, {68, 81, 81, 255} }},
	{{ {107, 35, -115}, 0, {4096, -16}, {72, 80, 80, 255} }},
	{{ {107, 0, 115}, 0, {-16, 361}, {40, 44, 44, 255} }},
};

Gfx wb_cont_wb_cont_mesh_layer_1_tri_0[] = {
	gsSPVertex(wb_cont_wb_cont_mesh_layer_1_vtx_0 + 0, 8, 0),
	gsSP2Triangles(0, 1, 2, 0, 1, 0, 3, 0),
	gsSP2Triangles(4, 5, 6, 0, 5, 4, 7, 0),
	gsSPEndDisplayList(),
};

Vtx wb_cont_wb_cont_mesh_layer_1_vtx_1[8] = {
	{{ {-107, 35, 115}, 0, {-16, -16}, {84, 84, 84, 255} }},
	{{ {107, 0, 115}, 0, {8208, 2032}, {77, 77, 77, 255} }},
	{{ {107, 35, 115}, 0, {8208, -16}, {79, 79, 79, 255} }},
	{{ {-107, 0, 115}, 0, {-16, 2032}, {81, 81, 81, 255} }},
	{{ {107, 35, -115}, 0, {-16, -16}, {85, 103, 103, 255} }},
	{{ {-107, 0, -115}, 0, {8208, 2032}, {49, 68, 71, 255} }},
	{{ {-107, 35, -115}, 0, {8208, -16}, {48, 65, 68, 255} }},
	{{ {107, 0, -115}, 0, {-16, 2032}, {94, 104, 104, 255} }},
};

Gfx wb_cont_wb_cont_mesh_layer_1_tri_1[] = {
	gsSPVertex(wb_cont_wb_cont_mesh_layer_1_vtx_1 + 0, 8, 0),
	gsSP2Triangles(0, 1, 2, 0, 1, 0, 3, 0),
	gsSP2Triangles(4, 5, 6, 0, 5, 4, 7, 0),
	gsSPEndDisplayList(),
};

Vtx wb_cont_wb_cont_mesh_layer_1_vtx_2[4] = {
	{{ {84, 35, -90}, 0, {-16, -2072}, {217, 221, 223, 255} }},
	{{ {-84, 35, 86}, 0, {4096, 2032}, {252, 252, 238, 255} }},
	{{ {84, 35, 86}, 0, {-16, 2032}, {217, 234, 236, 255} }},
	{{ {-84, 35, -90}, 0, {4096, -2072}, {217, 221, 223, 255} }},
};

Gfx wb_cont_wb_cont_mesh_layer_1_tri_2[] = {
	gsSPVertex(wb_cont_wb_cont_mesh_layer_1_vtx_2 + 0, 4, 0),
	gsSP2Triangles(0, 1, 2, 0, 1, 0, 3, 0),
	gsSPEndDisplayList(),
};

Vtx wb_cont_wb_cont_mesh_layer_1_vtx_3[8] = {
	{{ {-107, 35, 115}, 0, {-16, -4128}, {178, 178, 178, 255} }},
	{{ {-84, 35, 86}, 0, {651, -3341}, {178, 178, 178, 255} }},
	{{ {-84, 35, -90}, 0, {651, 1349}, {178, 178, 178, 255} }},
	{{ {107, 35, 115}, 0, {6152, -4128}, {178, 178, 178, 255} }},
	{{ {84, 35, 86}, 0, {5485, -3341}, {178, 178, 178, 255} }},
	{{ {107, 35, -115}, 0, {6152, 2032}, {178, 178, 178, 255} }},
	{{ {84, 35, -90}, 0, {5485, 1349}, {178, 178, 178, 255} }},
	{{ {-107, 35, -115}, 0, {-16, 2032}, {178, 178, 178, 255} }},
};

Gfx wb_cont_wb_cont_mesh_layer_1_tri_3[] = {
	gsSPVertex(wb_cont_wb_cont_mesh_layer_1_vtx_3 + 0, 8, 0),
	gsSP2Triangles(0, 1, 2, 0, 1, 0, 3, 0),
	gsSP2Triangles(3, 4, 1, 0, 5, 4, 3, 0),
	gsSP2Triangles(5, 6, 4, 0, 7, 6, 5, 0),
	gsSP2Triangles(7, 2, 6, 0, 0, 2, 7, 0),
	gsSPEndDisplayList(),
};

Vtx wb_cont_wb_cont_mesh_layer_5_vtx_0[6] = {
	{{ {-114, 0, -128}, 0, {2040, 928}, {255, 255, 255, 255} }},
	{{ {114, 0, 123}, 0, {482, -964}, {255, 255, 255, 255} }},
	{{ {114, 0, -128}, 0, {2040, -964}, {255, 255, 255, 255} }},
	{{ {-114, 0, 122}, 0, {482, 928}, {255, 255, 255, 255} }},
	{{ {114, -97, 123}, 0, {-16, -964}, {255, 255, 255, 255} }},
	{{ {-114, -97, 123}, 0, {-16, 928}, {255, 255, 255, 255} }},
};

Gfx wb_cont_wb_cont_mesh_layer_5_tri_0[] = {
	gsSPVertex(wb_cont_wb_cont_mesh_layer_5_vtx_0 + 0, 6, 0),
	gsSP2Triangles(0, 1, 2, 0, 3, 1, 0, 0),
	gsSP2Triangles(3, 4, 1, 0, 4, 3, 5, 0),
	gsSPEndDisplayList(),
};

Vtx wb_cont_001_object_005E77CC_mesh_layer_1_vtx_0[20] = {
	{{ {-100, 235, -100}, 0, {-16, -16}, {69, 69, 69, 255} }},
	{{ {-100, 35, 100}, 0, {2040, 2032}, {43, 45, 45, 255} }},
	{{ {-100, 235, 100}, 0, {2040, -16}, {78, 78, 78, 255} }},
	{{ {-100, 35, -100}, 0, {-16, 2032}, {49, 57, 62, 255} }},
	{{ {-100, 235, 100}, 0, {-16, -16}, {112, 112, 112, 255} }},
	{{ {100, 35, 100}, 0, {2040, 2032}, {53, 64, 64, 255} }},
	{{ {100, 235, 100}, 0, {2040, -16}, {98, 98, 98, 255} }},
	{{ {-100, 35, 100}, 0, {-16, 2032}, {62, 68, 74, 255} }},
	{{ {100, 235, 100}, 0, {-16, -16}, {39, 41, 41, 255} }},
	{{ {100, 35, -100}, 0, {2040, 2032}, {68, 78, 78, 255} }},
	{{ {100, 235, -100}, 0, {2040, -16}, {44, 56, 56, 255} }},
	{{ {100, 35, 100}, 0, {-16, 2032}, {40, 46, 46, 255} }},
	{{ {100, 235, -100}, 0, {-16, -16}, {48, 67, 67, 255} }},
	{{ {-100, 35, -100}, 0, {2040, 2032}, {49, 67, 70, 255} }},
	{{ {-100, 235, -100}, 0, {2040, -16}, {41, 46, 46, 255} }},
	{{ {100, 35, -100}, 0, {-16, 2032}, {89, 100, 100, 255} }},
	{{ {100, 235, -100}, 0, {2040, -16}, {144, 144, 144, 255} }},
	{{ {-100, 235, 100}, 0, {-16, 2032}, {227, 255, 255, 255} }},
	{{ {100, 235, 100}, 0, {2040, 2032}, {227, 255, 255, 255} }},
	{{ {-100, 235, -100}, 0, {-16, -16}, {158, 158, 158, 255} }},
};

Gfx wb_cont_001_object_005E77CC_mesh_layer_1_tri_0[] = {
	gsSPVertex(wb_cont_001_object_005E77CC_mesh_layer_1_vtx_0 + 0, 20, 0),
	gsSP2Triangles(0, 1, 2, 0, 1, 0, 3, 0),
	gsSP2Triangles(4, 5, 6, 0, 5, 4, 7, 0),
	gsSP2Triangles(8, 9, 10, 0, 9, 8, 11, 0),
	gsSP2Triangles(12, 13, 14, 0, 13, 12, 15, 0),
	gsSP2Triangles(16, 17, 18, 0, 17, 16, 19, 0),
	gsSPEndDisplayList(),
};

Vtx wb_cont_001_object_005E77CC_mesh_layer_1_vtx_1[66] = {
	{{ {50, 85, 100}, 0, {980, 1831}, {112, 112, 112, 255} }},
	{{ {50, 5, 100}, 0, {988, -8}, {104, 104, 104, 255} }},
	{{ {50, 80, 110}, 0, {1534, 1831}, {112, 112, 112, 255} }},
	{{ {90, 35, 125}, 0, {980, 1783}, {40, 44, 44, 255} }},
	{{ {90, 5, 100}, 0, {996, 8}, {41, 46, 46, 255} }},
	{{ {90, 80, 110}, 0, {2024, 1783}, {40, 44, 44, 255} }},
	{{ {90, 85, 100}, 0, {980, 1831}, {40, 45, 45, 255} }},
	{{ {90, 80, 110}, 0, {1534, 1831}, {40, 44, 44, 255} }},
	{{ {90, 5, 100}, 0, {988, -8}, {41, 46, 46, 255} }},
	{{ {-90, 35, 125}, 0, {980, 1783}, {69, 70, 70, 255} }},
	{{ {-90, 80, 110}, 0, {2024, 1783}, {71, 71, 71, 255} }},
	{{ {-90, 5, 100}, 0, {996, 8}, {69, 71, 73, 255} }},
	{{ {-50, 85, 100}, 0, {980, 1831}, {39, 42, 42, 255} }},
	{{ {-50, 80, 110}, 0, {1534, 1831}, {39, 41, 41, 255} }},
	{{ {-50, 5, 100}, 0, {988, -8}, {40, 43, 43, 255} }},
	{{ {-50, 35, 125}, 0, {980, 1783}, {39, 40, 40, 255} }},
	{{ {-50, 5, 100}, 0, {996, 8}, {40, 43, 43, 255} }},
	{{ {-50, 80, 110}, 0, {2024, 1783}, {39, 41, 41, 255} }},
	{{ {-90, 85, 100}, 0, {980, 1831}, {71, 71, 71, 255} }},
	{{ {-90, 5, 100}, 0, {988, -8}, {69, 71, 73, 255} }},
	{{ {-90, 80, 110}, 0, {1534, 1831}, {71, 71, 71, 255} }},
	{{ {20, 35, -125}, 0, {980, 1783}, {34, 53, 60, 255} }},
	{{ {20, 80, -110}, 0, {2024, 1783}, {34, 53, 60, 255} }},
	{{ {20, 5, -100}, 0, {996, 8}, {53, 83, 83, 255} }},
	{{ {-20, 85, -100}, 0, {980, 1831}, {34, 53, 60, 255} }},
	{{ {-20, 80, -110}, 0, {1534, 1831}, {34, 53, 60, 255} }},
	{{ {-20, 5, -100}, 0, {988, -8}, {88, 98, 103, 255} }},
	{{ {-20, 35, -125}, 0, {980, 1783}, {34, 53, 60, 255} }},
	{{ {-20, 5, -100}, 0, {996, 8}, {88, 98, 103, 255} }},
	{{ {-20, 80, -110}, 0, {2024, 1783}, {34, 53, 60, 255} }},
	{{ {20, 85, -100}, 0, {980, 1831}, {34, 53, 60, 255} }},
	{{ {20, 5, -100}, 0, {988, -8}, {53, 83, 83, 255} }},
	{{ {20, 80, -110}, 0, {1534, 1831}, {34, 53, 60, 255} }},
	{{ {50, 35, 125}, 0, {980, 1783}, {108, 108, 108, 255} }},
	{{ {50, 80, 110}, 0, {2024, 1783}, {112, 112, 112, 255} }},
	{{ {50, 5, 100}, 0, {996, 8}, {104, 104, 104, 255} }},
	{{ {90, 35, 125}, 0, {16, 2000}, {47, 47, 47, 255} }},
	{{ {50, 80, 110}, 0, {948, 370}, {230, 240, 255, 255} }},
	{{ {50, 35, 125}, 0, {948, 2000}, {47, 47, 47, 255} }},
	{{ {90, 80, 110}, 0, {16, 370}, {230, 240, 255, 255} }},
	{{ {90, 85, 100}, 0, {16, -16}, {193, 193, 193, 255} }},
	{{ {50, 85, 100}, 0, {948, -16}, {198, 198, 198, 255} }},
	{{ {-50, 35, 125}, 0, {16, 2000}, {48, 48, 48, 255} }},
	{{ {-90, 80, 110}, 0, {948, 370}, {230, 240, 255, 255} }},
	{{ {-90, 35, 125}, 0, {948, 2000}, {48, 48, 48, 255} }},
	{{ {-50, 80, 110}, 0, {16, 370}, {230, 240, 255, 255} }},
	{{ {-50, 85, 100}, 0, {16, -16}, {208, 208, 208, 255} }},
	{{ {-90, 85, 100}, 0, {948, -16}, {211, 211, 211, 255} }},
	{{ {-20, 35, -125}, 0, {16, 2000}, {52, 77, 79, 255} }},
	{{ {20, 80, -110}, 0, {948, 370}, {183, 187, 187, 255} }},
	{{ {20, 35, -125}, 0, {948, 2000}, {54, 83, 84, 255} }},
	{{ {-20, 80, -110}, 0, {16, 370}, {183, 187, 187, 255} }},
	{{ {-20, 85, -100}, 0, {16, -16}, {117, 118, 118, 255} }},
	{{ {20, 85, -100}, 0, {948, -16}, {116, 118, 118, 255} }},
	{{ {50, 35, 125}, 0, {16, 2032}, {45, 60, 60, 255} }},
	{{ {90, 5, 100}, 0, {948, 980}, {38, 38, 38, 255} }},
	{{ {90, 35, 125}, 0, {948, 2032}, {45, 60, 60, 255} }},
	{{ {50, 5, 100}, 0, {16, 980}, {38, 38, 38, 255} }},
	{{ {-90, 35, 125}, 0, {16, 2032}, {45, 60, 60, 255} }},
	{{ {-50, 5, 100}, 0, {948, 980}, {38, 38, 38, 255} }},
	{{ {-50, 35, 125}, 0, {948, 2032}, {45, 60, 60, 255} }},
	{{ {-90, 5, 100}, 0, {16, 980}, {38, 38, 38, 255} }},
	{{ {20, 35, -125}, 0, {16, 2032}, {85, 106, 108, 255} }},
	{{ {-20, 5, -100}, 0, {948, 980}, {52, 74, 77, 255} }},
	{{ {-20, 35, -125}, 0, {948, 2032}, {85, 106, 108, 255} }},
	{{ {20, 5, -100}, 0, {16, 980}, {52, 77, 79, 255} }},
};

Gfx wb_cont_001_object_005E77CC_mesh_layer_1_tri_1[] = {
	gsSPVertex(wb_cont_001_object_005E77CC_mesh_layer_1_vtx_1 + 0, 54, 0),
	gsSP2Triangles(0, 1, 2, 0, 3, 4, 5, 0),
	gsSP2Triangles(6, 7, 8, 0, 9, 10, 11, 0),
	gsSP2Triangles(12, 13, 14, 0, 15, 16, 17, 0),
	gsSP2Triangles(18, 19, 20, 0, 21, 22, 23, 0),
	gsSP2Triangles(24, 25, 26, 0, 27, 28, 29, 0),
	gsSP2Triangles(30, 31, 32, 0, 33, 34, 35, 0),
	gsSP2Triangles(36, 37, 38, 0, 39, 37, 36, 0),
	gsSP2Triangles(39, 40, 37, 0, 37, 40, 41, 0),
	gsSP2Triangles(42, 43, 44, 0, 45, 43, 42, 0),
	gsSP2Triangles(45, 46, 43, 0, 43, 46, 47, 0),
	gsSP2Triangles(48, 49, 50, 0, 51, 49, 48, 0),
	gsSP2Triangles(51, 52, 49, 0, 49, 52, 53, 0),
	gsSPVertex(wb_cont_001_object_005E77CC_mesh_layer_1_vtx_1 + 54, 12, 0),
	gsSP2Triangles(0, 1, 2, 0, 1, 0, 3, 0),
	gsSP2Triangles(4, 5, 6, 0, 5, 4, 7, 0),
	gsSP2Triangles(8, 9, 10, 0, 9, 8, 11, 0),
	gsSPEndDisplayList(),
};


Gfx mat_wb_cont_CONT_sa2bmdl_0_f3d[] = {
	gsSPGeometryMode(G_LIGHTING, 0),
	gsDPPipeSync(),
	gsDPSetCombineLERP(TEXEL0, 0, SHADE, 0, ENVIRONMENT, 0, SHADE, 0, TEXEL0, 0, SHADE, 0, ENVIRONMENT, 0, SHADE, 0),
	gsDPSetAlphaDither(G_AD_NOISE),
	gsDPSetTextureLUT(G_TT_RGBA16),
	gsSPTexture(65535, 65535, 0, 0, 1),
	gsDPSetTextureImage(G_IM_FMT_RGBA, G_IM_SIZ_16b, 1, wb_cont_miu128_mh001_pal_rgba16),
	gsDPSetTile(0, 0, 0, 256, 5, 0, G_TX_WRAP | G_TX_NOMIRROR, 0, 0, G_TX_WRAP | G_TX_NOMIRROR, 0, 0),
	gsDPLoadTLUTCmd(5, 15),
	gsDPSetTextureImage(G_IM_FMT_CI, G_IM_SIZ_16b, 1, wb_cont_miu128_mh001_ci4),
	gsDPSetTile(G_IM_FMT_CI, G_IM_SIZ_16b, 0, 0, 7, 0, G_TX_WRAP | G_TX_NOMIRROR, 0, 0, G_TX_WRAP | G_TX_NOMIRROR, 0, 0),
	gsDPLoadBlock(7, 0, 0, 1023, 512),
	gsDPSetTile(G_IM_FMT_CI, G_IM_SIZ_4b, 4, 0, 0, 0, G_TX_CLAMP | G_TX_NOMIRROR, 6, 0, G_TX_WRAP | G_TX_NOMIRROR, 6, 0),
	gsDPSetTileSize(0, 0, 0, 252, 252),
	gsSPEndDisplayList(),
};

Gfx mat_revert_wb_cont_CONT_sa2bmdl_0_f3d[] = {
	gsSPGeometryMode(0, G_LIGHTING),
	gsDPPipeSync(),
	gsDPSetAlphaDither(G_AD_DISABLE),
	gsDPSetTextureLUT(G_TT_NONE),
	gsSPEndDisplayList(),
};

Gfx mat_wb_cont_CONT_sa2bmdl_1_f3d[] = {
	gsSPGeometryMode(G_LIGHTING, 0),
	gsDPPipeSync(),
	gsDPSetCombineLERP(TEXEL0, 0, SHADE, 0, ENVIRONMENT, 0, SHADE, 0, TEXEL0, 0, SHADE, 0, ENVIRONMENT, 0, SHADE, 0),
	gsDPSetAlphaDither(G_AD_NOISE),
	gsDPSetTextureLUT(G_TT_RGBA16),
	gsSPTexture(65535, 65535, 0, 0, 1),
	gsDPSetTextureImage(G_IM_FMT_RGBA, G_IM_SIZ_16b, 1, wb_cont_pr64_15_pal_rgba16),
	gsDPSetTile(0, 0, 0, 256, 5, 0, G_TX_WRAP | G_TX_NOMIRROR, 0, 0, G_TX_WRAP | G_TX_NOMIRROR, 0, 0),
	gsDPLoadTLUTCmd(5, 15),
	gsDPSetTextureImage(G_IM_FMT_CI, G_IM_SIZ_16b, 1, wb_cont_pr64_15_ci4),
	gsDPSetTile(G_IM_FMT_CI, G_IM_SIZ_16b, 0, 0, 7, 0, G_TX_WRAP | G_TX_NOMIRROR, 0, 0, G_TX_WRAP | G_TX_NOMIRROR, 0, 0),
	gsDPLoadBlock(7, 0, 0, 1023, 512),
	gsDPSetTile(G_IM_FMT_CI, G_IM_SIZ_4b, 4, 0, 0, 0, G_TX_CLAMP | G_TX_NOMIRROR, 6, 0, G_TX_WRAP | G_TX_MIRROR, 6, 0),
	gsDPSetTileSize(0, 0, 0, 252, 252),
	gsSPEndDisplayList(),
};

Gfx mat_revert_wb_cont_CONT_sa2bmdl_1_f3d[] = {
	gsSPGeometryMode(0, G_LIGHTING),
	gsDPPipeSync(),
	gsDPSetAlphaDither(G_AD_DISABLE),
	gsDPSetTextureLUT(G_TT_NONE),
	gsSPEndDisplayList(),
};

Gfx mat_wb_cont_CONT_sa2bmdl_2_f3d[] = {
	gsSPGeometryMode(G_LIGHTING, 0),
	gsDPPipeSync(),
	gsDPSetCombineLERP(TEXEL0, 0, SHADE, 0, ENVIRONMENT, 0, SHADE, 0, TEXEL0, 0, SHADE, 0, ENVIRONMENT, 0, SHADE, 0),
	gsDPSetAlphaDither(G_AD_NOISE),
	gsDPSetTextureLUT(G_TT_RGBA16),
	gsSPTexture(65535, 65535, 0, 0, 1),
	gsDPSetTextureImage(G_IM_FMT_RGBA, G_IM_SIZ_16b, 1, wb_cont_miu64_wb004_pal_rgba16),
	gsDPSetTile(0, 0, 0, 256, 5, 0, G_TX_WRAP | G_TX_NOMIRROR, 0, 0, G_TX_WRAP | G_TX_NOMIRROR, 0, 0),
	gsDPLoadTLUTCmd(5, 15),
	gsDPSetTextureImage(G_IM_FMT_CI, G_IM_SIZ_16b, 1, wb_cont_miu64_wb004_ci4),
	gsDPSetTile(G_IM_FMT_CI, G_IM_SIZ_16b, 0, 0, 7, 0, G_TX_WRAP | G_TX_NOMIRROR, 0, 0, G_TX_WRAP | G_TX_NOMIRROR, 0, 0),
	gsDPLoadBlock(7, 0, 0, 1023, 512),
	gsDPSetTile(G_IM_FMT_CI, G_IM_SIZ_4b, 4, 0, 0, 0, G_TX_CLAMP | G_TX_MIRROR, 6, 0, G_TX_CLAMP | G_TX_MIRROR, 6, 0),
	gsDPSetTileSize(0, 0, 0, 508, 508),
	gsSPEndDisplayList(),
};

Gfx mat_revert_wb_cont_CONT_sa2bmdl_2_f3d[] = {
	gsSPGeometryMode(0, G_LIGHTING),
	gsDPPipeSync(),
	gsDPSetAlphaDither(G_AD_DISABLE),
	gsDPSetTextureLUT(G_TT_NONE),
	gsSPEndDisplayList(),
};

Gfx mat_wb_cont_CONT_sa2bmdl_3_f3d[] = {
	gsSPGeometryMode(G_LIGHTING, 0),
	gsDPPipeSync(),
	gsDPSetCombineLERP(TEXEL0, 0, SHADE, 0, ENVIRONMENT, 0, SHADE, 0, TEXEL0, 0, SHADE, 0, ENVIRONMENT, 0, SHADE, 0),
	gsDPSetAlphaDither(G_AD_NOISE),
	gsDPSetTextureLUT(G_TT_RGBA16),
	gsSPTexture(65535, 65535, 0, 0, 1),
	gsDPSetTextureImage(G_IM_FMT_RGBA, G_IM_SIZ_16b, 1, wb_cont_pr64_3_pal_rgba16),
	gsDPSetTile(0, 0, 0, 256, 5, 0, G_TX_WRAP | G_TX_NOMIRROR, 0, 0, G_TX_WRAP | G_TX_NOMIRROR, 0, 0),
	gsDPLoadTLUTCmd(5, 15),
	gsDPSetTextureImage(G_IM_FMT_CI, G_IM_SIZ_16b, 1, wb_cont_pr64_3_ci4),
	gsDPSetTile(G_IM_FMT_CI, G_IM_SIZ_16b, 0, 0, 7, 0, G_TX_WRAP | G_TX_NOMIRROR, 0, 0, G_TX_WRAP | G_TX_NOMIRROR, 0, 0),
	gsDPLoadBlock(7, 0, 0, 1023, 512),
	gsDPSetTile(G_IM_FMT_CI, G_IM_SIZ_4b, 4, 0, 0, 0, G_TX_WRAP | G_TX_NOMIRROR, 6, 0, G_TX_WRAP | G_TX_NOMIRROR, 6, 0),
	gsDPSetTileSize(0, 0, 0, 252, 252),
	gsSPEndDisplayList(),
};

Gfx mat_revert_wb_cont_CONT_sa2bmdl_3_f3d[] = {
	gsSPGeometryMode(0, G_LIGHTING),
	gsDPPipeSync(),
	gsDPSetAlphaDither(G_AD_DISABLE),
	gsDPSetTextureLUT(G_TT_NONE),
	gsSPEndDisplayList(),
};

Gfx mat_wb_cont_CONT_sa2bmdl_4_f3d[] = {
	gsSPGeometryMode(G_LIGHTING, 0),
	gsDPPipeSync(),
	gsDPSetCombineLERP(TEXEL0, 0, SHADE, 0, TEXEL0, 0, PRIMITIVE, 0, TEXEL0, 0, SHADE, 0, TEXEL0, 0, PRIMITIVE, 0),
	gsDPSetAlphaDither(G_AD_NOISE),
	gsSPTexture(65535, 65535, 0, 0, 1),
	gsDPSetPrimColor(0, 0, 255, 255, 255, 255),
	gsDPSetTextureImage(G_IM_FMT_IA, G_IM_SIZ_16b_LOAD_BLOCK, 1, wb_cont_pr_kage32_ia16),
	gsDPSetTile(G_IM_FMT_IA, G_IM_SIZ_16b_LOAD_BLOCK, 0, 0, 7, 0, G_TX_WRAP | G_TX_NOMIRROR, 0, 0, G_TX_WRAP | G_TX_NOMIRROR, 0, 0),
	gsDPLoadBlock(7, 0, 0, 1023, 256),
	gsDPSetTile(G_IM_FMT_IA, G_IM_SIZ_16b, 8, 0, 0, 0, G_TX_WRAP | G_TX_MIRROR, 5, 0, G_TX_WRAP | G_TX_MIRROR, 5, 0),
	gsDPSetTileSize(0, 0, 0, 124, 124),
	gsSPEndDisplayList(),
};

Gfx mat_revert_wb_cont_CONT_sa2bmdl_4_f3d[] = {
	gsSPGeometryMode(0, G_LIGHTING),
	gsDPPipeSync(),
	gsDPSetAlphaDither(G_AD_DISABLE),
	gsSPEndDisplayList(),
};

Gfx mat_wb_cont_CONT_sa2bmdl_5_f3d[] = {
	gsSPGeometryMode(G_LIGHTING, 0),
	gsDPPipeSync(),
	gsDPSetCombineLERP(TEXEL0, 0, SHADE, 0, ENVIRONMENT, 0, SHADE, 0, TEXEL0, 0, SHADE, 0, ENVIRONMENT, 0, SHADE, 0),
	gsDPSetAlphaDither(G_AD_NOISE),
	gsDPSetTextureLUT(G_TT_RGBA16),
	gsSPTexture(65535, 65535, 0, 0, 1),
	gsDPSetTextureImage(G_IM_FMT_RGBA, G_IM_SIZ_16b, 1, wb_cont_miu128_wb003_pal_rgba16),
	gsDPSetTile(0, 0, 0, 256, 5, 0, G_TX_WRAP | G_TX_NOMIRROR, 0, 0, G_TX_WRAP | G_TX_NOMIRROR, 0, 0),
	gsDPLoadTLUTCmd(5, 15),
	gsDPSetTextureImage(G_IM_FMT_CI, G_IM_SIZ_16b, 1, wb_cont_miu128_wb003_ci4),
	gsDPSetTile(G_IM_FMT_CI, G_IM_SIZ_16b, 0, 0, 7, 0, G_TX_WRAP | G_TX_NOMIRROR, 0, 0, G_TX_WRAP | G_TX_NOMIRROR, 0, 0),
	gsDPLoadBlock(7, 0, 0, 1023, 512),
	gsDPSetTile(G_IM_FMT_CI, G_IM_SIZ_4b, 4, 0, 0, 0, G_TX_CLAMP | G_TX_NOMIRROR, 6, 0, G_TX_CLAMP | G_TX_NOMIRROR, 6, 0),
	gsDPSetTileSize(0, 0, 0, 252, 252),
	gsSPEndDisplayList(),
};

Gfx mat_revert_wb_cont_CONT_sa2bmdl_5_f3d[] = {
	gsSPGeometryMode(0, G_LIGHTING),
	gsDPPipeSync(),
	gsDPSetAlphaDither(G_AD_DISABLE),
	gsDPSetTextureLUT(G_TT_NONE),
	gsSPEndDisplayList(),
};

Gfx mat_wb_cont_CONT_sa2bmdl_6_f3d[] = {
	gsSPGeometryMode(G_LIGHTING, 0),
	gsDPPipeSync(),
	gsDPSetCombineLERP(TEXEL0, 0, SHADE, 0, ENVIRONMENT, 0, SHADE, 0, TEXEL0, 0, SHADE, 0, ENVIRONMENT, 0, SHADE, 0),
	gsDPSetAlphaDither(G_AD_NOISE),
	gsDPSetTextureLUT(G_TT_RGBA16),
	gsSPTexture(65535, 65535, 0, 0, 1),
	gsDPSetTextureImage(G_IM_FMT_RGBA, G_IM_SIZ_16b, 1, wb_cont_miu64_mh005_pal_rgba16),
	gsDPSetTile(0, 0, 0, 256, 5, 0, G_TX_WRAP | G_TX_NOMIRROR, 0, 0, G_TX_WRAP | G_TX_NOMIRROR, 0, 0),
	gsDPLoadTLUTCmd(5, 15),
	gsDPSetTextureImage(G_IM_FMT_CI, G_IM_SIZ_16b, 1, wb_cont_miu64_mh005_ci4),
	gsDPSetTile(G_IM_FMT_CI, G_IM_SIZ_16b, 0, 0, 7, 0, G_TX_WRAP | G_TX_NOMIRROR, 0, 0, G_TX_WRAP | G_TX_NOMIRROR, 0, 0),
	gsDPLoadBlock(7, 0, 0, 1023, 512),
	gsDPSetTile(G_IM_FMT_CI, G_IM_SIZ_4b, 4, 0, 0, 0, G_TX_CLAMP | G_TX_NOMIRROR, 6, 0, G_TX_CLAMP | G_TX_NOMIRROR, 6, 0),
	gsDPSetTileSize(0, 0, 0, 252, 252),
	gsSPEndDisplayList(),
};

Gfx mat_revert_wb_cont_CONT_sa2bmdl_6_f3d[] = {
	gsSPGeometryMode(0, G_LIGHTING),
	gsDPPipeSync(),
	gsDPSetAlphaDither(G_AD_DISABLE),
	gsDPSetTextureLUT(G_TT_NONE),
	gsSPEndDisplayList(),
};

Gfx wb_cont_wb_cont_mesh_layer_1[] = {
	gsSPDisplayList(mat_wb_cont_CONT_sa2bmdl_0_f3d),
	gsSPDisplayList(wb_cont_wb_cont_mesh_layer_1_tri_0),
	gsSPDisplayList(mat_revert_wb_cont_CONT_sa2bmdl_0_f3d),
	gsSPDisplayList(mat_wb_cont_CONT_sa2bmdl_1_f3d),
	gsSPDisplayList(wb_cont_wb_cont_mesh_layer_1_tri_1),
	gsSPDisplayList(mat_revert_wb_cont_CONT_sa2bmdl_1_f3d),
	gsSPDisplayList(mat_wb_cont_CONT_sa2bmdl_2_f3d),
	gsSPDisplayList(wb_cont_wb_cont_mesh_layer_1_tri_2),
	gsSPDisplayList(mat_revert_wb_cont_CONT_sa2bmdl_2_f3d),
	gsSPDisplayList(mat_wb_cont_CONT_sa2bmdl_3_f3d),
	gsSPDisplayList(wb_cont_wb_cont_mesh_layer_1_tri_3),
	gsSPDisplayList(mat_revert_wb_cont_CONT_sa2bmdl_3_f3d),
	gsSPEndDisplayList(),
};

Gfx wb_cont_wb_cont_mesh_layer_5[] = {
	gsSPDisplayList(mat_wb_cont_CONT_sa2bmdl_4_f3d),
	gsSPDisplayList(wb_cont_wb_cont_mesh_layer_5_tri_0),
	gsSPDisplayList(mat_revert_wb_cont_CONT_sa2bmdl_4_f3d),
	gsDPPipeSync(),
	gsSPSetGeometryMode(G_LIGHTING),
	gsSPClearGeometryMode(G_TEXTURE_GEN),
	gsDPSetCombineLERP(0, 0, 0, SHADE, 0, 0, 0, ENVIRONMENT, 0, 0, 0, SHADE, 0, 0, 0, ENVIRONMENT),
	gsSPTexture(65535, 65535, 0, 0, 0),
	gsDPSetEnvColor(255, 255, 255, 255),
	gsDPSetAlphaCompare(G_AC_NONE),
	gsSPEndDisplayList(),
};

Gfx wb_cont_001_object_005E77CC_mesh_layer_1[] = {
	gsSPDisplayList(mat_wb_cont_CONT_sa2bmdl_5_f3d),
	gsSPDisplayList(wb_cont_001_object_005E77CC_mesh_layer_1_tri_0),
	gsSPDisplayList(mat_revert_wb_cont_CONT_sa2bmdl_5_f3d),
	gsSPDisplayList(mat_wb_cont_CONT_sa2bmdl_6_f3d),
	gsSPDisplayList(wb_cont_001_object_005E77CC_mesh_layer_1_tri_1),
	gsSPDisplayList(mat_revert_wb_cont_CONT_sa2bmdl_6_f3d),
	gsDPPipeSync(),
	gsSPSetGeometryMode(G_LIGHTING),
	gsSPClearGeometryMode(G_TEXTURE_GEN),
	gsDPSetCombineLERP(0, 0, 0, SHADE, 0, 0, 0, ENVIRONMENT, 0, 0, 0, SHADE, 0, 0, 0, ENVIRONMENT),
	gsSPTexture(65535, 65535, 0, 0, 0),
	gsDPSetEnvColor(255, 255, 255, 255),
	gsDPSetAlphaCompare(G_AC_NONE),
	gsSPEndDisplayList(),
};

