ALIGNED8 u8 hb_skybox_kd_hb_back2_rgba32[] = {
	0x18, 0x5d, 0x7b, 0xff, 0x18, 0x5d, 0x7b, 0xff, 
	0x18, 0x5d, 0x7b, 0xff, 0x18, 0x5d, 0x7b, 0xff, 
	0x18, 0x5d, 0x7b, 0xff, 0x18, 0x5d, 0x7b, 0xff, 
	0x18, 0x5d, 0x7b, 0xff, 0x18, 0x5d, 0x7b, 0xff, 
	0x18, 0x5d, 0x7b, 0xff, 0x18, 0x5d, 0x7b, 0xff, 
	0x18, 0x5d, 0x7b, 0xff, 0x18, 0x5d, 0x7b, 0xff, 
	0x18, 0x5d, 0x7b, 0xff, 0x18, 0x5d, 0x7b, 0xff, 
	0x18, 0x5d, 0x7b, 0xff, 0x18, 0x5d, 0x7b, 0xff, 
	0x18, 0x5d, 0x7b, 0xff, 0x18, 0x5d, 0x7b, 0xff, 
	0x18, 0x5d, 0x7b, 0xff, 0x18, 0x5d, 0x7b, 0xff, 
	0x18, 0x5c, 0x7b, 0xff, 0x18, 0x5c, 0x7b, 0xff, 
	0x18, 0x5c, 0x7b, 0xff, 0x18, 0x5c, 0x7b, 0xff, 
	0x18, 0x5c, 0x7b, 0xff, 0x18, 0x5c, 0x7b, 0xff, 
	0x18, 0x5d, 0x7b, 0xff, 0x18, 0x5d, 0x7b, 0xff, 
	0x18, 0x5d, 0x7b, 0xff, 0x18, 0x5d, 0x7b, 0xff, 
	0x18, 0x5d, 0x7b, 0xff, 0x18, 0x5d, 0x7b, 0xff, 
	0x18, 0x5d, 0x7e, 0xff, 0x19, 0x5d, 0x7e, 0xff, 
	0x19, 0x5d, 0x80, 0xff, 0x1a, 0x5d, 0x7d, 0xff, 
	0x19, 0x5d, 0x7c, 0xff, 0x19, 0x5d, 0x7c, 0xff, 
	0x18, 0x5d, 0x7c, 0xff, 0x19, 0x5d, 0x7c, 0xff, 
	0x19, 0x5d, 0x7e, 0xff, 0x19, 0x5d, 0x7e, 0xff, 
	0x18, 0x5d, 0x7e, 0xff, 0x18, 0x5d, 0x7d, 0xff, 
	0x18, 0x5d, 0x7b, 0xff, 0x18, 0x5d, 0x7b, 0xff, 
	0x18, 0x5d, 0x7b, 0xff, 0x18, 0x5d, 0x7b, 0xff, 
	0x18, 0x5d, 0x7b, 0xff, 0x18, 0x5d, 0x7b, 0xff, 
	0x18, 0x5d, 0x7b, 0xff, 0x18, 0x5c, 0x7b, 0xff, 
	0x18, 0x5b, 0x7b, 0xff, 0x18, 0x5d, 0x7b, 0xff, 
	0x18, 0x5d, 0x7b, 0xff, 0x18, 0x5d, 0x7b, 0xff, 
	0x18, 0x5d, 0x7b, 0xff, 0x18, 0x5d, 0x7b, 0xff, 
	0x18, 0x5d, 0x7b, 0xff, 0x18, 0x5d, 0x7c, 0xff, 
	0x18, 0x5d, 0x7c, 0xff, 0x19, 0x5d, 0x7c, 0xff, 
	0x19, 0x5d, 0x7b, 0xff, 0x1a, 0x5d, 0x7d, 0xff, 
	0x21, 0x5d, 0x84, 0xff, 0x21, 0x5d, 0x84, 0xff, 
	0x21, 0x5d, 0x84, 0xff, 0x21, 0x5d, 0x84, 0xff, 
	0x21, 0x5d, 0x84, 0xff, 0x20, 0x5d, 0x84, 0xff, 
	0x21, 0x5d, 0x84, 0xff, 0x21, 0x5d, 0x84, 0xff, 
	0x21, 0x5d, 0x84, 0xff, 0x21, 0x5d, 0x84, 0xff, 
	0x1f, 0x5d, 0x84, 0xff, 0x18, 0x5d, 0x80, 0xff, 
	0x18, 0x5d, 0x7c, 0xff, 0x18, 0x5d, 0x7b, 0xff, 
	0x18, 0x5d, 0x7b, 0xff, 0x18, 0x5d, 0x7b, 0xff, 
	0x18, 0x5d, 0x7b, 0xff, 0x18, 0x5d, 0x7b, 0xff, 
	0x18, 0x5d, 0x7b, 0xff, 0x18, 0x5d, 0x7f, 0xff, 
	0x1a, 0x5d, 0x7a, 0xff, 0x1b, 0x5d, 0x7e, 0xff, 
	0x1d, 0x5d, 0x81, 0xff, 0x1d, 0x5d, 0x80, 0xff, 
	0x1f, 0x5d, 0x84, 0xff, 0x1e, 0x5d, 0x84, 0xff, 
	0x1f, 0x5d, 0x83, 0xff, 0x20, 0x5d, 0x84, 0xff, 
	0x21, 0x5d, 0x84, 0xff, 0x21, 0x5d, 0x84, 0xff, 
	0x21, 0x5d, 0x84, 0xff, 0x21, 0x5d, 0x84, 0xff, 
	0x21, 0x5e, 0x84, 0xff, 0x21, 0x5f, 0x84, 0xff, 
	0x21, 0x5e, 0x84, 0xff, 0x21, 0x5f, 0x84, 0xff, 
	0x21, 0x5e, 0x84, 0xff, 0x21, 0x5e, 0x84, 0xff, 
	0x21, 0x5e, 0x84, 0xff, 0x21, 0x5e, 0x84, 0xff, 
	0x21, 0x5e, 0x84, 0xff, 0x21, 0x5e, 0x84, 0xff, 
	0x21, 0x5d, 0x84, 0xff, 0x1c, 0x5d, 0x81, 0xff, 
	0x18, 0x5d, 0x7c, 0xff, 0x18, 0x5d, 0x7b, 0xff, 
	0x18, 0x5d, 0x7b, 0xff, 0x18, 0x5d, 0x7b, 0xff, 
	0x18, 0x5d, 0x7b, 0xff, 0x18, 0x5d, 0x7c, 0xff, 
	0x19, 0x5d, 0x7f, 0xff, 0x1e, 0x5d, 0x84, 0xff, 
	0x21, 0x5d, 0x84, 0xff, 0x21, 0x5d, 0x84, 0xff, 
	0x21, 0x5d, 0x84, 0xff, 0x21, 0x5d, 0x84, 0xff, 
	0x21, 0x5d, 0x84, 0xff, 0x21, 0x5d, 0x84, 0xff, 
	0x21, 0x5d, 0x84, 0xff, 0x21, 0x5f, 0x84, 0xff, 
	0x21, 0x5d, 0x84, 0xff, 0x21, 0x5f, 0x84, 0xff, 
	0x21, 0x5f, 0x84, 0xff, 0x21, 0x5f, 0x84, 0xff, 
	0x21, 0x61, 0x84, 0xff, 0x21, 0x61, 0x84, 0xff, 
	0x21, 0x61, 0x84, 0xff, 0x21, 0x61, 0x84, 0xff, 
	0x21, 0x61, 0x84, 0xff, 0x21, 0x61, 0x84, 0xff, 
	0x21, 0x61, 0x84, 0xff, 0x21, 0x61, 0x84, 0xff, 
	0x21, 0x61, 0x84, 0xff, 0x21, 0x61, 0x84, 0xff, 
	0x21, 0x60, 0x84, 0xff, 0x21, 0x5e, 0x84, 0xff, 
	0x1b, 0x5d, 0x82, 0xff, 0x18, 0x5d, 0x7f, 0xff, 
	0x18, 0x5d, 0x7c, 0xff, 0x18, 0x5d, 0x7c, 0xff, 
	0x18, 0x5d, 0x7c, 0xff, 0x19, 0x5d, 0x7f, 0xff, 
	0x1f, 0x5d, 0x84, 0xff, 0x21, 0x5e, 0x84, 0xff, 
	0x21, 0x60, 0x84, 0xff, 0x21, 0x61, 0x84, 0xff, 
	0x21, 0x60, 0x84, 0xff, 0x21, 0x61, 0x84, 0xff, 
	0x21, 0x61, 0x84, 0xff, 0x21, 0x61, 0x84, 0xff, 
	0x21, 0x60, 0x84, 0xff, 0x21, 0x61, 0x84, 0xff, 
	0x21, 0x61, 0x84, 0xff, 0x21, 0x61, 0x84, 0xff, 
	0x21, 0x61, 0x84, 0xff, 0x21, 0x61, 0x84, 0xff, 
	0x23, 0x61, 0x84, 0xff, 0x21, 0x61, 0x84, 0xff, 
	0x22, 0x61, 0x84, 0xff, 0x21, 0x61, 0x84, 0xff, 
	0x21, 0x61, 0x84, 0xff, 0x21, 0x61, 0x84, 0xff, 
	0x21, 0x61, 0x84, 0xff, 0x21, 0x61, 0x84, 0xff, 
	0x21, 0x61, 0x84, 0xff, 0x21, 0x61, 0x84, 0xff, 
	0x21, 0x61, 0x84, 0xff, 0x21, 0x61, 0x84, 0xff, 
	0x21, 0x5e, 0x84, 0xff, 0x1e, 0x5d, 0x84, 0xff, 
	0x1c, 0x5d, 0x83, 0xff, 0x1d, 0x5d, 0x84, 0xff, 
	0x1d, 0x5d, 0x84, 0xff, 0x21, 0x5e, 0x84, 0xff, 
	0x21, 0x60, 0x84, 0xff, 0x21, 0x61, 0x84, 0xff, 
	0x21, 0x61, 0x84, 0xff, 0x21, 0x61, 0x84, 0xff, 
	0x21, 0x61, 0x84, 0xff, 0x21, 0x61, 0x84, 0xff, 
	0x21, 0x61, 0x84, 0xff, 0x21, 0x61, 0x84, 0xff, 
	0x21, 0x61, 0x84, 0xff, 0x22, 0x61, 0x84, 0xff, 
	0x21, 0x61, 0x84, 0xff, 0x21, 0x61, 0x84, 0xff, 
	0x21, 0x61, 0x84, 0xff, 0x22, 0x61, 0x84, 0xff, 
	0x29, 0x62, 0x84, 0xff, 0x29, 0x62, 0x84, 0xff, 
	0x29, 0x63, 0x84, 0xff, 0x29, 0x63, 0x84, 0xff, 
	0x29, 0x62, 0x84, 0xff, 0x29, 0x62, 0x84, 0xff, 
	0x29, 0x62, 0x84, 0xff, 0x29, 0x62, 0x84, 0xff, 
	0x29, 0x62, 0x84, 0xff, 0x26, 0x62, 0x84, 0xff, 
	0x26, 0x62, 0x84, 0xff, 0x25, 0x62, 0x84, 0xff, 
	0x23, 0x61, 0x84, 0xff, 0x21, 0x61, 0x84, 0xff, 
	0x21, 0x60, 0x84, 0xff, 0x21, 0x60, 0x84, 0xff, 
	0x21, 0x60, 0x84, 0xff, 0x22, 0x61, 0x84, 0xff, 
	0x24, 0x62, 0x84, 0xff, 0x26, 0x61, 0x84, 0xff, 
	0x26, 0x62, 0x84, 0xff, 0x29, 0x62, 0x84, 0xff, 
	0x27, 0x62, 0x84, 0xff, 0x29, 0x63, 0x84, 0xff, 
	0x29, 0x62, 0x84, 0xff, 0x29, 0x62, 0x84, 0xff, 
	0x29, 0x63, 0x84, 0xff, 0x29, 0x62, 0x84, 0xff, 
	0x29, 0x62, 0x84, 0xff, 0x29, 0x62, 0x84, 0xff, 
	0x29, 0x62, 0x84, 0xff, 0x29, 0x62, 0x84, 0xff, 
	0x29, 0x65, 0x84, 0xff, 0x29, 0x65, 0x84, 0xff, 
	0x29, 0x65, 0x84, 0xff, 0x29, 0x65, 0x84, 0xff, 
	0x29, 0x65, 0x84, 0xff, 0x29, 0x65, 0x84, 0xff, 
	0x29, 0x65, 0x84, 0xff, 0x29, 0x65, 0x84, 0xff, 
	0x29, 0x65, 0x84, 0xff, 0x29, 0x65, 0x84, 0xff, 
	0x29, 0x65, 0x84, 0xff, 0x29, 0x65, 0x84, 0xff, 
	0x29, 0x64, 0x84, 0xff, 0x27, 0x64, 0x84, 0xff, 
	0x26, 0x64, 0x84, 0xff, 0x27, 0x64, 0x84, 0xff, 
	0x26, 0x62, 0x84, 0xff, 0x29, 0x64, 0x84, 0xff, 
	0x29, 0x65, 0x84, 0xff, 0x29, 0x65, 0x84, 0xff, 
	0x29, 0x65, 0x84, 0xff, 0x29, 0x65, 0x84, 0xff, 
	0x29, 0x65, 0x84, 0xff, 0x29, 0x65, 0x84, 0xff, 
	0x29, 0x65, 0x84, 0xff, 0x29, 0x65, 0x84, 0xff, 
	0x29, 0x65, 0x84, 0xff, 0x29, 0x65, 0x84, 0xff, 
	0x29, 0x65, 0x84, 0xff, 0x29, 0x65, 0x84, 0xff, 
	0x29, 0x65, 0x84, 0xff, 0x29, 0x65, 0x84, 0xff, 
	0x2a, 0x65, 0x84, 0xff, 0x29, 0x65, 0x84, 0xff, 
	0x29, 0x65, 0x84, 0xff, 0x2a, 0x65, 0x84, 0xff, 
	0x2a, 0x65, 0x84, 0xff, 0x2a, 0x65, 0x84, 0xff, 
	0x29, 0x65, 0x84, 0xff, 0x29, 0x65, 0x84, 0xff, 
	0x29, 0x65, 0x84, 0xff, 0x29, 0x65, 0x84, 0xff, 
	0x29, 0x65, 0x84, 0xff, 0x29, 0x65, 0x84, 0xff, 
	0x29, 0x65, 0x84, 0xff, 0x29, 0x65, 0x84, 0xff, 
	0x29, 0x65, 0x84, 0xff, 0x29, 0x65, 0x84, 0xff, 
	0x29, 0x65, 0x84, 0xff, 0x29, 0x65, 0x84, 0xff, 
	0x29, 0x65, 0x84, 0xff, 0x29, 0x65, 0x84, 0xff, 
	0x29, 0x65, 0x84, 0xff, 0x29, 0x65, 0x84, 0xff, 
	0x29, 0x65, 0x84, 0xff, 0x29, 0x65, 0x84, 0xff, 
	0x2a, 0x65, 0x84, 0xff, 0x29, 0x65, 0x84, 0xff, 
	0x29, 0x65, 0x84, 0xff, 0x29, 0x65, 0x84, 0xff, 
	0x29, 0x65, 0x84, 0xff, 0x29, 0x65, 0x84, 0xff, 
	0x29, 0x65, 0x84, 0xff, 0x2a, 0x65, 0x84, 0xff, 
	0x31, 0x69, 0x84, 0xff, 0x31, 0x68, 0x84, 0xff, 
	0x2f, 0x68, 0x84, 0xff, 0x31, 0x69, 0x84, 0xff, 
	0x31, 0x69, 0x84, 0xff, 0x31, 0x69, 0x84, 0xff, 
	0x2f, 0x68, 0x84, 0xff, 0x30, 0x68, 0x84, 0xff, 
	0x2f, 0x68, 0x84, 0xff, 0x30, 0x69, 0x84, 0xff, 
	0x30, 0x69, 0x84, 0xff, 0x30, 0x68, 0x84, 0xff, 
	0x2e, 0x69, 0x84, 0xff, 0x2f, 0x68, 0x84, 0xff, 
	0x31, 0x68, 0x84, 0xff, 0x31, 0x67, 0x84, 0xff, 
	0x31, 0x67, 0x84, 0xff, 0x2d, 0x67, 0x84, 0xff, 
	0x30, 0x68, 0x84, 0xff, 0x31, 0x68, 0x84, 0xff, 
	0x30, 0x68, 0x84, 0xff, 0x30, 0x68, 0x84, 0xff, 
	0x2f, 0x68, 0x84, 0xff, 0x31, 0x68, 0x84, 0xff, 
	0x31, 0x68, 0x84, 0xff, 0x2e, 0x68, 0x84, 0xff, 
	0x31, 0x68, 0x84, 0xff, 0x31, 0x68, 0x84, 0xff, 
	0x31, 0x68, 0x84, 0xff, 0x31, 0x68, 0x84, 0xff, 
	0x30, 0x68, 0x84, 0xff, 0x31, 0x68, 0x84, 0xff, 
	0x31, 0x69, 0x84, 0xff, 0x31, 0x69, 0x84, 0xff, 
	0x31, 0x69, 0x84, 0xff, 0x31, 0x69, 0x84, 0xff, 
	0x31, 0x69, 0x84, 0xff, 0x31, 0x69, 0x84, 0xff, 
	0x31, 0x69, 0x84, 0xff, 0x31, 0x69, 0x84, 0xff, 
	0x31, 0x69, 0x84, 0xff, 0x31, 0x69, 0x84, 0xff, 
	0x31, 0x69, 0x84, 0xff, 0x31, 0x69, 0x84, 0xff, 
	0x31, 0x69, 0x84, 0xff, 0x31, 0x69, 0x84, 0xff, 
	0x31, 0x69, 0x84, 0xff, 0x31, 0x69, 0x84, 0xff, 
	0x31, 0x69, 0x84, 0xff, 0x31, 0x69, 0x84, 0xff, 
	0x31, 0x69, 0x84, 0xff, 0x31, 0x69, 0x84, 0xff, 
	0x31, 0x69, 0x84, 0xff, 0x31, 0x69, 0x84, 0xff, 
	0x31, 0x69, 0x84, 0xff, 0x31, 0x69, 0x84, 0xff, 
	0x31, 0x69, 0x84, 0xff, 0x31, 0x69, 0x84, 0xff, 
	0x31, 0x69, 0x84, 0xff, 0x31, 0x69, 0x84, 0xff, 
	0x31, 0x69, 0x84, 0xff, 0x31, 0x69, 0x84, 0xff, 
	0x31, 0x69, 0x84, 0xff, 0x31, 0x69, 0x84, 0xff, 
	0x31, 0x6c, 0x84, 0xff, 0x31, 0x6c, 0x84, 0xff, 
	0x31, 0x6c, 0x84, 0xff, 0x31, 0x6c, 0x84, 0xff, 
	0x31, 0x6b, 0x84, 0xff, 0x31, 0x6c, 0x84, 0xff, 
	0x31, 0x6c, 0x84, 0xff, 0x31, 0x6c, 0x84, 0xff, 
	0x31, 0x6d, 0x84, 0xff, 0x31, 0x6c, 0x84, 0xff, 
	0x31, 0x6c, 0x84, 0xff, 0x31, 0x6c, 0x84, 0xff, 
	0x31, 0x6c, 0x84, 0xff, 0x31, 0x6c, 0x84, 0xff, 
	0x31, 0x6c, 0x84, 0xff, 0x31, 0x6c, 0x84, 0xff, 
	0x31, 0x6b, 0x84, 0xff, 0x31, 0x6c, 0x84, 0xff, 
	0x31, 0x6c, 0x84, 0xff, 0x31, 0x6c, 0x84, 0xff, 
	0x31, 0x6a, 0x84, 0xff, 0x31, 0x6c, 0x84, 0xff, 
	0x31, 0x6c, 0x84, 0xff, 0x31, 0x6c, 0x84, 0xff, 
	0x31, 0x6c, 0x84, 0xff, 0x31, 0x6b, 0x84, 0xff, 
	0x31, 0x6b, 0x84, 0xff, 0x31, 0x6c, 0x84, 0xff, 
	0x31, 0x6c, 0x84, 0xff, 0x31, 0x6c, 0x84, 0xff, 
	0x31, 0x6c, 0x84, 0xff, 0x31, 0x6c, 0x84, 0xff, 
	0x36, 0x6d, 0x84, 0xff, 0x36, 0x6d, 0x84, 0xff, 
	0x35, 0x6d, 0x84, 0xff, 0x35, 0x6d, 0x84, 0xff, 
	0x35, 0x6d, 0x84, 0xff, 0x35, 0x6d, 0x84, 0xff, 
	0x36, 0x6d, 0x84, 0xff, 0x35, 0x6d, 0x84, 0xff, 
	0x36, 0x6d, 0x84, 0xff, 0x36, 0x6d, 0x84, 0xff, 
	0x35, 0x6d, 0x84, 0xff, 0x36, 0x6d, 0x84, 0xff, 
	0x38, 0x6d, 0x84, 0xff, 0x35, 0x6d, 0x84, 0xff, 
	0x35, 0x6d, 0x84, 0xff, 0x38, 0x6d, 0x84, 0xff, 
	0x36, 0x6d, 0x84, 0xff, 0x36, 0x6d, 0x84, 0xff, 
	0x37, 0x6d, 0x84, 0xff, 0x35, 0x6d, 0x84, 0xff, 
	0x35, 0x6d, 0x84, 0xff, 0x35, 0x6d, 0x84, 0xff, 
	0x35, 0x6d, 0x84, 0xff, 0x36, 0x6d, 0x84, 0xff, 
	0x36, 0x6d, 0x84, 0xff, 0x37, 0x6d, 0x84, 0xff, 
	0x37, 0x6d, 0x84, 0xff, 0x34, 0x6d, 0x84, 0xff, 
	0x36, 0x6d, 0x84, 0xff, 0x35, 0x6d, 0x84, 0xff, 
	0x35, 0x6d, 0x84, 0xff, 0x35, 0x6d, 0x84, 0xff, 
	0x39, 0x70, 0x86, 0xff, 0x39, 0x70, 0x86, 0xff, 
	0x39, 0x6f, 0x86, 0xff, 0x39, 0x70, 0x87, 0xff, 
	0x39, 0x70, 0x86, 0xff, 0x39, 0x70, 0x87, 0xff, 
	0x39, 0x6f, 0x85, 0xff, 0x39, 0x70, 0x87, 0xff, 
	0x39, 0x70, 0x86, 0xff, 0x39, 0x70, 0x88, 0xff, 
	0x39, 0x70, 0x87, 0xff, 0x39, 0x70, 0x86, 0xff, 
	0x39, 0x71, 0x87, 0xff, 0x39, 0x70, 0x86, 0xff, 
	0x39, 0x70, 0x88, 0xff, 0x39, 0x70, 0x88, 0xff, 
	0x39, 0x70, 0x86, 0xff, 0x39, 0x6f, 0x86, 0xff, 
	0x39, 0x70, 0x86, 0xff, 0x39, 0x70, 0x85, 0xff, 
	0x39, 0x70, 0x85, 0xff, 0x39, 0x70, 0x86, 0xff, 
	0x39, 0x70, 0x87, 0xff, 0x39, 0x70, 0x84, 0xff, 
	0x39, 0x70, 0x86, 0xff, 0x39, 0x70, 0x86, 0xff, 
	0x39, 0x70, 0x85, 0xff, 0x39, 0x6f, 0x85, 0xff, 
	0x39, 0x70, 0x88, 0xff, 0x39, 0x6f, 0x87, 0xff, 
	0x39, 0x70, 0x86, 0xff, 0x39, 0x70, 0x86, 0xff, 
	0x39, 0x71, 0x8c, 0xff, 0x39, 0x71, 0x8c, 0xff, 
	0x39, 0x71, 0x8c, 0xff, 0x39, 0x71, 0x8c, 0xff, 
	0x39, 0x71, 0x8c, 0xff, 0x39, 0x71, 0x8c, 0xff, 
	0x39, 0x71, 0x8b, 0xff, 0x39, 0x71, 0x8c, 0xff, 
	0x39, 0x71, 0x8c, 0xff, 0x39, 0x72, 0x8c, 0xff, 
	0x39, 0x72, 0x8c, 0xff, 0x39, 0x72, 0x8c, 0xff, 
	0x39, 0x71, 0x8c, 0xff, 0x39, 0x71, 0x8c, 0xff, 
	0x39, 0x71, 0x8c, 0xff, 0x39, 0x71, 0x8c, 0xff, 
	0x39, 0x71, 0x8b, 0xff, 0x39, 0x71, 0x8c, 0xff, 
	0x39, 0x72, 0x8c, 0xff, 0x39, 0x71, 0x8c, 0xff, 
	0x39, 0x71, 0x8c, 0xff, 0x39, 0x71, 0x8c, 0xff, 
	0x39, 0x71, 0x8c, 0xff, 0x39, 0x71, 0x8c, 0xff, 
	0x39, 0x71, 0x8c, 0xff, 0x39, 0x72, 0x8c, 0xff, 
	0x39, 0x71, 0x8b, 0xff, 0x39, 0x71, 0x8b, 0xff, 
	0x39, 0x72, 0x8c, 0xff, 0x39, 0x72, 0x8c, 0xff, 
	0x39, 0x71, 0x8c, 0xff, 0x39, 0x71, 0x8c, 0xff, 
	0x3f, 0x75, 0x8c, 0xff, 0x3e, 0x75, 0x8c, 0xff, 
	0x3f, 0x75, 0x8c, 0xff, 0x3e, 0x75, 0x8c, 0xff, 
	0x3f, 0x75, 0x8c, 0xff, 0x3f, 0x75, 0x8c, 0xff, 
	0x3e, 0x75, 0x8c, 0xff, 0x3e, 0x75, 0x8c, 0xff, 
	0x3e, 0x75, 0x8c, 0xff, 0x3f, 0x75, 0x8c, 0xff, 
	0x3d, 0x75, 0x8c, 0xff, 0x3f, 0x75, 0x8c, 0xff, 
	0x3f, 0x75, 0x8c, 0xff, 0x3e, 0x75, 0x8c, 0xff, 
	0x3e, 0x75, 0x8c, 0xff, 0x3e, 0x75, 0x8c, 0xff, 
	0x3e, 0x75, 0x8c, 0xff, 0x3e, 0x75, 0x8c, 0xff, 
	0x3c, 0x75, 0x8c, 0xff, 0x3d, 0x75, 0x8c, 0xff, 
	0x3f, 0x75, 0x8c, 0xff, 0x3d, 0x75, 0x8c, 0xff, 
	0x3d, 0x75, 0x8c, 0xff, 0x3c, 0x75, 0x8c, 0xff, 
	0x3e, 0x75, 0x8c, 0xff, 0x3e, 0x75, 0x8c, 0xff, 
	0x3e, 0x75, 0x8c, 0xff, 0x3e, 0x75, 0x8c, 0xff, 
	0x3e, 0x75, 0x8c, 0xff, 0x3e, 0x75, 0x8c, 0xff, 
	0x3f, 0x75, 0x8c, 0xff, 0x3e, 0x75, 0x8c, 0xff, 
	0x42, 0x77, 0x8c, 0xff, 0x42, 0x77, 0x8c, 0xff, 
	0x42, 0x77, 0x8c, 0xff, 0x42, 0x77, 0x8c, 0xff, 
	0x42, 0x77, 0x8c, 0xff, 0x42, 0x77, 0x8c, 0xff, 
	0x42, 0x77, 0x8c, 0xff, 0x42, 0x77, 0x8c, 0xff, 
	0x42, 0x77, 0x8c, 0xff, 0x42, 0x77, 0x8c, 0xff, 
	0x42, 0x77, 0x8c, 0xff, 0x42, 0x77, 0x8c, 0xff, 
	0x42, 0x77, 0x8c, 0xff, 0x42, 0x77, 0x8c, 0xff, 
	0x42, 0x77, 0x8c, 0xff, 0x42, 0x77, 0x8c, 0xff, 
	0x42, 0x77, 0x8c, 0xff, 0x42, 0x77, 0x8c, 0xff, 
	0x42, 0x78, 0x8c, 0xff, 0x42, 0x77, 0x8c, 0xff, 
	0x42, 0x77, 0x8c, 0xff, 0x42, 0x77, 0x8c, 0xff, 
	0x42, 0x77, 0x8c, 0xff, 0x42, 0x78, 0x8c, 0xff, 
	0x42, 0x77, 0x8c, 0xff, 0x42, 0x77, 0x8c, 0xff, 
	0x42, 0x77, 0x8c, 0xff, 0x42, 0x77, 0x8c, 0xff, 
	0x42, 0x77, 0x8c, 0xff, 0x42, 0x77, 0x8c, 0xff, 
	0x42, 0x77, 0x8c, 0xff, 0x42, 0x77, 0x8c, 0xff, 
	0x42, 0x79, 0x8c, 0xff, 0x42, 0x79, 0x8c, 0xff, 
	0x42, 0x79, 0x8c, 0xff, 0x42, 0x79, 0x8c, 0xff, 
	0x42, 0x7a, 0x8c, 0xff, 0x42, 0x79, 0x8c, 0xff, 
	0x42, 0x79, 0x8c, 0xff, 0x42, 0x79, 0x8c, 0xff, 
	0x42, 0x79, 0x8c, 0xff, 0x42, 0x79, 0x8c, 0xff, 
	0x42, 0x7a, 0x8c, 0xff, 0x42, 0x7a, 0x8c, 0xff, 
	0x42, 0x79, 0x8c, 0xff, 0x42, 0x79, 0x8c, 0xff, 
	0x42, 0x79, 0x8c, 0xff, 0x42, 0x79, 0x8c, 0xff, 
	0x42, 0x79, 0x8c, 0xff, 0x42, 0x79, 0x8c, 0xff, 
	0x42, 0x79, 0x8c, 0xff, 0x42, 0x79, 0x8c, 0xff, 
	0x42, 0x79, 0x8c, 0xff, 0x42, 0x79, 0x8c, 0xff, 
	0x42, 0x79, 0x8c, 0xff, 0x42, 0x7a, 0x8c, 0xff, 
	0x42, 0x79, 0x8c, 0xff, 0x42, 0x79, 0x8c, 0xff, 
	0x42, 0x79, 0x8c, 0xff, 0x42, 0x79, 0x8c, 0xff, 
	0x42, 0x7a, 0x8c, 0xff, 0x42, 0x79, 0x8c, 0xff, 
	0x42, 0x7a, 0x8c, 0xff, 0x42, 0x79, 0x8c, 0xff, 
	0x48, 0x7c, 0x8c, 0xff, 0x4a, 0x7c, 0x8c, 0xff, 
	0x49, 0x7d, 0x8c, 0xff, 0x49, 0x7d, 0x8c, 0xff, 
	0x48, 0x7d, 0x8c, 0xff, 0x48, 0x7d, 0x8c, 0xff, 
	0x49, 0x7d, 0x8c, 0xff, 0x49, 0x7d, 0x8c, 0xff, 
	0x4a, 0x7d, 0x8c, 0xff, 0x4a, 0x7d, 0x8c, 0xff, 
	0x4a, 0x7d, 0x8c, 0xff, 0x48, 0x7d, 0x8c, 0xff, 
	0x48, 0x7d, 0x8c, 0xff, 0x48, 0x7d, 0x8c, 0xff, 
	0x48, 0x7d, 0x8c, 0xff, 0x47, 0x7c, 0x8c, 0xff, 
	0x48, 0x7d, 0x8c, 0xff, 0x47, 0x7d, 0x8c, 0xff, 
	0x48, 0x7d, 0x8c, 0xff, 0x48, 0x7c, 0x8c, 0xff, 
	0x48, 0x7c, 0x8c, 0xff, 0x48, 0x7b, 0x8c, 0xff, 
	0x48, 0x7d, 0x8c, 0xff, 0x48, 0x7d, 0x8c, 0xff, 
	0x49, 0x7d, 0x8c, 0xff, 0x49, 0x7d, 0x8c, 0xff, 
	0x49, 0x7d, 0x8c, 0xff, 0x48, 0x7d, 0x8c, 0xff, 
	0x48, 0x7c, 0x8c, 0xff, 0x49, 0x7d, 0x8c, 0xff, 
	0x49, 0x7d, 0x8c, 0xff, 0x49, 0x7d, 0x8c, 0xff, 
	0x4a, 0x80, 0x8c, 0xff, 0x4a, 0x80, 0x8c, 0xff, 
	0x4a, 0x80, 0x8c, 0xff, 0x4a, 0x80, 0x8c, 0xff, 
	0x4a, 0x80, 0x8c, 0xff, 0x4a, 0x80, 0x8c, 0xff, 
	0x4a, 0x80, 0x8c, 0xff, 0x4a, 0x80, 0x8c, 0xff, 
	0x4a, 0x80, 0x8c, 0xff, 0x4a, 0x81, 0x8c, 0xff, 
	0x4a, 0x80, 0x8c, 0xff, 0x4a, 0x80, 0x8c, 0xff, 
	0x4a, 0x80, 0x8c, 0xff, 0x4a, 0x80, 0x8c, 0xff, 
	0x4a, 0x80, 0x8c, 0xff, 0x4a, 0x7f, 0x8c, 0xff, 
	0x4a, 0x7f, 0x8c, 0xff, 0x4a, 0x7f, 0x8c, 0xff, 
	0x4a, 0x80, 0x8c, 0xff, 0x4a, 0x80, 0x8c, 0xff, 
	0x4a, 0x80, 0x8c, 0xff, 0x4a, 0x80, 0x8c, 0xff, 
	0x4a, 0x80, 0x8c, 0xff, 0x4a, 0x80, 0x8c, 0xff, 
	0x4a, 0x80, 0x8c, 0xff, 0x4a, 0x80, 0x8c, 0xff, 
	0x4a, 0x80, 0x8c, 0xff, 0x4a, 0x80, 0x8c, 0xff, 
	0x4a, 0x80, 0x8c, 0xff, 0x4a, 0x81, 0x8c, 0xff, 
	0x4a, 0x80, 0x8c, 0xff, 0x4a, 0x80, 0x8c, 0xff, 
	0x51, 0x82, 0x93, 0xff, 0x51, 0x82, 0x93, 0xff, 
	0x51, 0x82, 0x91, 0xff, 0x51, 0x82, 0x94, 0xff, 
	0x50, 0x82, 0x93, 0xff, 0x51, 0x82, 0x94, 0xff, 
	0x51, 0x82, 0x93, 0xff, 0x52, 0x82, 0x91, 0xff, 
	0x52, 0x82, 0x92, 0xff, 0x52, 0x83, 0x94, 0xff, 
	0x52, 0x82, 0x94, 0xff, 0x50, 0x82, 0x93, 0xff, 
	0x51, 0x82, 0x93, 0xff, 0x50, 0x82, 0x92, 0xff, 
	0x50, 0x82, 0x92, 0xff, 0x4f, 0x82, 0x91, 0xff, 
	0x50, 0x82, 0x90, 0xff, 0x4f, 0x82, 0x92, 0xff, 
	0x50, 0x82, 0x90, 0xff, 0x50, 0x82, 0x92, 0xff, 
	0x51, 0x82, 0x91, 0xff, 0x51, 0x82, 0x91, 0xff, 
	0x51, 0x82, 0x92, 0xff, 0x52, 0x82, 0x93, 0xff, 
	0x51, 0x82, 0x91, 0xff, 0x51, 0x82, 0x93, 0xff, 
	0x51, 0x82, 0x93, 0xff, 0x52, 0x82, 0x90, 0xff, 
	0x51, 0x82, 0x90, 0xff, 0x52, 0x82, 0x93, 0xff, 
	0x51, 0x82, 0x90, 0xff, 0x51, 0x82, 0x90, 0xff, 
	0x52, 0x86, 0x94, 0xff, 0x52, 0x86, 0x94, 0xff, 
	0x52, 0x86, 0x94, 0xff, 0x52, 0x86, 0x94, 0xff, 
	0x52, 0x86, 0x94, 0xff, 0x52, 0x86, 0x94, 0xff, 
	0x52, 0x85, 0x94, 0xff, 0x52, 0x86, 0x94, 0xff, 
	0x52, 0x86, 0x94, 0xff, 0x52, 0x86, 0x94, 0xff, 
	0x52, 0x86, 0x94, 0xff, 0x52, 0x86, 0x94, 0xff, 
	0x52, 0x86, 0x94, 0xff, 0x52, 0x85, 0x94, 0xff, 
	0x52, 0x86, 0x94, 0xff, 0x52, 0x86, 0x94, 0xff, 
	0x52, 0x85, 0x94, 0xff, 0x52, 0x85, 0x94, 0xff, 
	0x52, 0x85, 0x94, 0xff, 0x52, 0x85, 0x94, 0xff, 
	0x52, 0x85, 0x94, 0xff, 0x52, 0x85, 0x94, 0xff, 
	0x52, 0x85, 0x94, 0xff, 0x52, 0x85, 0x94, 0xff, 
	0x52, 0x85, 0x94, 0xff, 0x52, 0x85, 0x94, 0xff, 
	0x52, 0x85, 0x94, 0xff, 0x52, 0x85, 0x94, 0xff, 
	0x52, 0x86, 0x94, 0xff, 0x52, 0x86, 0x94, 0xff, 
	0x52, 0x86, 0x94, 0xff, 0x52, 0x86, 0x94, 0xff, 
	0x5a, 0x89, 0x94, 0xff, 0x5a, 0x89, 0x94, 0xff, 
	0x58, 0x89, 0x94, 0xff, 0x59, 0x89, 0x94, 0xff, 
	0x59, 0x89, 0x94, 0xff, 0x5a, 0x89, 0x94, 0xff, 
	0x5a, 0x89, 0x94, 0xff, 0x59, 0x89, 0x94, 0xff, 
	0x5a, 0x89, 0x94, 0xff, 0x5a, 0x89, 0x94, 0xff, 
	0x59, 0x89, 0x94, 0xff, 0x58, 0x89, 0x94, 0xff, 
	0x57, 0x88, 0x94, 0xff, 0x58, 0x89, 0x94, 0xff, 
	0x59, 0x89, 0x94, 0xff, 0x5a, 0x89, 0x94, 0xff, 
	0x59, 0x89, 0x94, 0xff, 0x58, 0x89, 0x94, 0xff, 
	0x57, 0x88, 0x94, 0xff, 0x58, 0x88, 0x94, 0xff, 
	0x58, 0x88, 0x94, 0xff, 0x58, 0x88, 0x94, 0xff, 
	0x58, 0x88, 0x94, 0xff, 0x58, 0x88, 0x94, 0xff, 
	0x58, 0x88, 0x94, 0xff, 0x58, 0x88, 0x94, 0xff, 
	0x58, 0x89, 0x94, 0xff, 0x5a, 0x88, 0x94, 0xff, 
	0x5a, 0x89, 0x94, 0xff, 0x5a, 0x89, 0x94, 0xff, 
	0x5a, 0x89, 0x94, 0xff, 0x59, 0x89, 0x94, 0xff, 
	0x5e, 0x8c, 0x94, 0xff, 0x5e, 0x8b, 0x94, 0xff, 
	0x5f, 0x8c, 0x94, 0xff, 0x5e, 0x8c, 0x94, 0xff, 
	0x5e, 0x8c, 0x94, 0xff, 0x5f, 0x8c, 0x94, 0xff, 
	0x5f, 0x8c, 0x94, 0xff, 0x5f, 0x8b, 0x94, 0xff, 
	0x5f, 0x8c, 0x94, 0xff, 0x5e, 0x8c, 0x94, 0xff, 
	0x5e, 0x8b, 0x94, 0xff, 0x5d, 0x8b, 0x94, 0xff, 
	0x5c, 0x8b, 0x94, 0xff, 0x5e, 0x8b, 0x94, 0xff, 
	0x5f, 0x8c, 0x94, 0xff, 0x5e, 0x8c, 0x94, 0xff, 
	0x5e, 0x8b, 0x94, 0xff, 0x5e, 0x8b, 0x94, 0xff, 
	0x5d, 0x8a, 0x94, 0xff, 0x5d, 0x8b, 0x94, 0xff, 
	0x5c, 0x8b, 0x94, 0xff, 0x5d, 0x8b, 0x94, 0xff, 
	0x5d, 0x8b, 0x94, 0xff, 0x5e, 0x8b, 0x94, 0xff, 
	0x5f, 0x8b, 0x94, 0xff, 0x5e, 0x8b, 0x94, 0xff, 
	0x5e, 0x8b, 0x94, 0xff, 0x5e, 0x8b, 0x94, 0xff, 
	0x5d, 0x8b, 0x94, 0xff, 0x5f, 0x8b, 0x94, 0xff, 
	0x5e, 0x8c, 0x94, 0xff, 0x5e, 0x8c, 0x94, 0xff, 
	0x63, 0x8f, 0x94, 0xff, 0x63, 0x8f, 0x94, 0xff, 
	0x63, 0x8f, 0x94, 0xff, 0x63, 0x90, 0x94, 0xff, 
	0x63, 0x8f, 0x94, 0xff, 0x63, 0x91, 0x94, 0xff, 
	0x63, 0x90, 0x95, 0xff, 0x63, 0x8f, 0x94, 0xff, 
	0x63, 0x8f, 0x94, 0xff, 0x63, 0x90, 0x94, 0xff, 
	0x63, 0x90, 0x94, 0xff, 0x63, 0x8f, 0x94, 0xff, 
	0x63, 0x8f, 0x94, 0xff, 0x63, 0x8f, 0x94, 0xff, 
	0x63, 0x8f, 0x94, 0xff, 0x63, 0x8f, 0x94, 0xff, 
	0x63, 0x8e, 0x94, 0xff, 0x63, 0x8e, 0x94, 0xff, 
	0x63, 0x8f, 0x94, 0xff, 0x63, 0x8f, 0x94, 0xff, 
	0x63, 0x8f, 0x94, 0xff, 0x63, 0x8f, 0x94, 0xff, 
	0x63, 0x90, 0x94, 0xff, 0x63, 0x8f, 0x94, 0xff, 
	0x63, 0x8f, 0x94, 0xff, 0x63, 0x8f, 0x94, 0xff, 
	0x63, 0x8f, 0x94, 0xff, 0x63, 0x90, 0x94, 0xff, 
	0x63, 0x8f, 0x94, 0xff, 0x63, 0x8f, 0x94, 0xff, 
	0x63, 0x8f, 0x94, 0xff, 0x63, 0x8f, 0x94, 0xff, 
	0x68, 0x93, 0x9c, 0xff, 0x6b, 0x93, 0x9c, 0xff, 
	0x6b, 0x93, 0x9c, 0xff, 0x6b, 0x93, 0x9c, 0xff, 
	0x6b, 0x93, 0x9c, 0xff, 0x68, 0x93, 0x9c, 0xff, 
	0x68, 0x93, 0x9c, 0xff, 0x68, 0x93, 0x9c, 0xff, 
	0x68, 0x93, 0x9c, 0xff, 0x6b, 0x93, 0x9c, 0xff, 
	0x68, 0x93, 0x9c, 0xff, 0x66, 0x93, 0x9c, 0xff, 
	0x67, 0x92, 0x9a, 0xff, 0x67, 0x92, 0x9a, 0xff, 
	0x67, 0x92, 0x9a, 0xff, 0x65, 0x92, 0x9a, 0xff, 
	0x67, 0x92, 0x99, 0xff, 0x69, 0x92, 0x9a, 0xff, 
	0x67, 0x92, 0x99, 0xff, 0x68, 0x92, 0x99, 0xff, 
	0x68, 0x93, 0x9c, 0xff, 0x68, 0x93, 0x99, 0xff, 
	0x68, 0x93, 0x9c, 0xff, 0x68, 0x93, 0x9c, 0xff, 
	0x68, 0x93, 0x99, 0xff, 0x68, 0x93, 0x99, 0xff, 
	0x68, 0x93, 0x99, 0xff, 0x6a, 0x92, 0x9c, 0xff, 
	0x68, 0x93, 0x9c, 0xff, 0x68, 0x93, 0x9c, 0xff, 
	0x68, 0x93, 0x99, 0xff, 0x6b, 0x93, 0x9c, 0xff, 
	0x6f, 0x97, 0x9c, 0xff, 0x6f, 0x97, 0x9c, 0xff, 
	0x6f, 0x97, 0x9c, 0xff, 0x6f, 0x98, 0x9c, 0xff, 
	0x6f, 0x98, 0x9c, 0xff, 0x6e, 0x98, 0x9c, 0xff, 
	0x6f, 0x97, 0x9c, 0xff, 0x6f, 0x97, 0x9c, 0xff, 
	0x6f, 0x96, 0x9c, 0xff, 0x6f, 0x96, 0x9c, 0xff, 
	0x6f, 0x97, 0x9c, 0xff, 0x6e, 0x97, 0x9c, 0xff, 
	0x6e, 0x96, 0x9c, 0xff, 0x6c, 0x96, 0x9c, 0xff, 
	0x6d, 0x96, 0x9c, 0xff, 0x6d, 0x96, 0x9c, 0xff, 
	0x6d, 0x94, 0x9c, 0xff, 0x6e, 0x94, 0x9c, 0xff, 
	0x6f, 0x96, 0x9c, 0xff, 0x6f, 0x96, 0x9c, 0xff, 
	0x6f, 0x97, 0x9c, 0xff, 0x6f, 0x96, 0x9c, 0xff, 
	0x6f, 0x96, 0x9c, 0xff, 0x6f, 0x96, 0x9c, 0xff, 
	0x6f, 0x96, 0x9c, 0xff, 0x6e, 0x97, 0x9c, 0xff, 
	0x6f, 0x97, 0x9c, 0xff, 0x6e, 0x97, 0x9c, 0xff, 
	0x6e, 0x97, 0x9c, 0xff, 0x6f, 0x97, 0x9c, 0xff, 
	0x6f, 0x96, 0x9c, 0xff, 0x6e, 0x97, 0x9c, 0xff, 
	0x75, 0x9b, 0x9c, 0xff, 0x75, 0x9b, 0x9c, 0xff, 
	0x77, 0x9c, 0x9c, 0xff, 0x77, 0x9c, 0x9c, 0xff, 
	0x77, 0x9c, 0x9c, 0xff, 0x75, 0x9b, 0x9c, 0xff, 
	0x75, 0x9b, 0x9c, 0xff, 0x75, 0x9b, 0x9c, 0xff, 
	0x75, 0x9a, 0x9c, 0xff, 0x75, 0x9b, 0x9c, 0xff, 
	0x75, 0x9b, 0x9c, 0xff, 0x75, 0x9b, 0x9c, 0xff, 
	0x73, 0x9a, 0x9c, 0xff, 0x74, 0x9a, 0x9c, 0xff, 
	0x74, 0x9a, 0x9c, 0xff, 0x73, 0x9a, 0x9c, 0xff, 
	0x73, 0x98, 0x9c, 0xff, 0x73, 0x99, 0x9c, 0xff, 
	0x74, 0x9a, 0x9c, 0xff, 0x73, 0x9a, 0x9c, 0xff, 
	0x73, 0x9a, 0x9c, 0xff, 0x74, 0x9a, 0x9c, 0xff, 
	0x74, 0x9a, 0x9c, 0xff, 0x75, 0x9a, 0x9c, 0xff, 
	0x73, 0x9a, 0x9c, 0xff, 0x75, 0x9a, 0x9c, 0xff, 
	0x75, 0x9a, 0x9c, 0xff, 0x75, 0x9a, 0x9c, 0xff, 
	0x78, 0x9b, 0x9c, 0xff, 0x77, 0x9b, 0x9c, 0xff, 
	0x77, 0x9b, 0x9c, 0xff, 0x75, 0x9b, 0x9c, 0xff, 
	0x7b, 0x9f, 0xa1, 0xff, 0x7b, 0x9f, 0xa2, 0xff, 
	0x7b, 0xa0, 0xa2, 0xff, 0x7b, 0xa1, 0xa5, 0xff, 
	0x7b, 0xa0, 0xa5, 0xff, 0x7b, 0xa0, 0xa3, 0xff, 
	0x7d, 0xa0, 0xa5, 0xff, 0x7b, 0x9f, 0xa1, 0xff, 
	0x7b, 0x9f, 0xa2, 0xff, 0x7b, 0xa0, 0xa2, 0xff, 
	0x7b, 0xa0, 0xa2, 0xff, 0x7b, 0x9f, 0xa1, 0xff, 
	0x7b, 0x9f, 0xa1, 0xff, 0x7b, 0x9f, 0xa1, 0xff, 
	0x7b, 0x9f, 0xa2, 0xff, 0x7b, 0x9f, 0xa2, 0xff, 
	0x7b, 0x9d, 0xa1, 0xff, 0x7b, 0x9d, 0x9e, 0xff, 
	0x7b, 0x9e, 0x9e, 0xff, 0x7b, 0x9e, 0x9f, 0xff, 
	0x7b, 0x9e, 0xa0, 0xff, 0x7b, 0x9e, 0x9f, 0xff, 
	0x7b, 0x9e, 0xa0, 0xff, 0x7b, 0x9e, 0xa2, 0xff, 
	0x7b, 0x9e, 0xa1, 0xff, 0x7b, 0x9e, 0xa1, 0xff, 
	0x7b, 0x9f, 0xa0, 0xff, 0x7d, 0x9f, 0x9f, 0xff, 
	0x7e, 0x9f, 0x9f, 0xff, 0x7c, 0x9f, 0x9e, 0xff, 
	0x7b, 0x9f, 0xa0, 0xff, 0x7b, 0xa0, 0xa2, 0xff, 
	0x88, 0xa6, 0xa5, 0xff, 0x87, 0xa5, 0xa5, 0xff, 
	0x87, 0xa3, 0xa5, 0xff, 0x85, 0xa3, 0xa5, 0xff, 
	0x84, 0xa3, 0xa5, 0xff, 0x84, 0xa3, 0xa5, 0xff, 
	0x84, 0xa3, 0xa5, 0xff, 0x84, 0xa3, 0xa5, 0xff, 
	0x84, 0xa3, 0xa5, 0xff, 0x84, 0xa3, 0xa5, 0xff, 
	0x84, 0xa3, 0xa5, 0xff, 0x84, 0xa3, 0xa5, 0xff, 
	0x84, 0xa3, 0xa5, 0xff, 0x84, 0xa2, 0xa5, 0xff, 
	0x84, 0xa2, 0xa5, 0xff, 0x84, 0xa2, 0xa5, 0xff, 
	0x83, 0xa2, 0xa5, 0xff, 0x82, 0xa1, 0xa5, 0xff, 
	0x82, 0xa2, 0xa5, 0xff, 0x82, 0xa2, 0xa5, 0xff, 
	0x82, 0xa2, 0xa5, 0xff, 0x80, 0xa3, 0xa5, 0xff, 
	0x81, 0xa3, 0xa5, 0xff, 0x80, 0xa3, 0xa5, 0xff, 
	0x80, 0xa3, 0xa5, 0xff, 0x82, 0xa3, 0xa5, 0xff, 
	0x86, 0xa4, 0xa5, 0xff, 0x88, 0xa6, 0xa5, 0xff, 
	0x89, 0xa7, 0xa5, 0xff, 0x88, 0xa6, 0xa5, 0xff, 
	0x87, 0xa5, 0xa5, 0xff, 0x87, 0xa5, 0xa5, 0xff, 
	0x94, 0xac, 0xad, 0xff, 0x91, 0xab, 0xad, 0xff, 
	0x92, 0xaa, 0xad, 0xff, 0x8e, 0xaa, 0xad, 0xff, 
	0x8d, 0xa8, 0xaa, 0xff, 0x8b, 0xa7, 0xac, 0xff, 
	0x8a, 0xa8, 0xab, 0xff, 0x8c, 0xa8, 0xa9, 0xff, 
	0x8e, 0xa8, 0xa9, 0xff, 0x90, 0xa8, 0xaa, 0xff, 
	0x90, 0xa8, 0xad, 0xff, 0x8c, 0xa8, 0xa9, 0xff, 
	0x8c, 0xa8, 0xa9, 0xff, 0x8a, 0xa8, 0xa8, 0xff, 
	0x8a, 0xa6, 0xa6, 0xff, 0x88, 0xa5, 0xa5, 0xff, 
	0x88, 0xa4, 0xa5, 0xff, 0x88, 0xa4, 0xa5, 0xff, 
	0x88, 0xa5, 0xa5, 0xff, 0x87, 0xa5, 0xa5, 0xff, 
	0x89, 0xa7, 0xa7, 0xff, 0x8e, 0xa8, 0xad, 0xff, 
	0x90, 0xa8, 0xad, 0xff, 0x8e, 0xa8, 0xaa, 0xff, 
	0x8e, 0xa8, 0xaa, 0xff, 0x90, 0xa8, 0xad, 0xff, 
	0x92, 0xa9, 0xac, 0xff, 0x93, 0xaa, 0xad, 0xff, 
	0x94, 0xab, 0xad, 0xff, 0x94, 0xab, 0xad, 0xff, 
	0x94, 0xac, 0xad, 0xff, 0x94, 0xac, 0xad, 0xff, 
	0x94, 0xad, 0xad, 0xff, 0x94, 0xad, 0xad, 0xff, 
	0x94, 0xad, 0xad, 0xff, 0x94, 0xac, 0xad, 0xff, 
	0x94, 0xab, 0xad, 0xff, 0x94, 0xab, 0xad, 0xff, 
	0x94, 0xaa, 0xad, 0xff, 0x94, 0xaa, 0xad, 0xff, 
	0x94, 0xaa, 0xad, 0xff, 0x94, 0xad, 0xad, 0xff, 
	0x94, 0xac, 0xad, 0xff, 0x94, 0xaa, 0xad, 0xff, 
	0x94, 0xaa, 0xad, 0xff, 0x93, 0xaa, 0xad, 0xff, 
	0x8f, 0xaa, 0xab, 0xff, 0x8d, 0xaa, 0xab, 0xff, 
	0x8e, 0xa8, 0xaa, 0xff, 0x90, 0xa8, 0xa9, 0xff, 
	0x91, 0xa8, 0xaa, 0xff, 0x90, 0xaa, 0xab, 0xff, 
	0x93, 0xaa, 0xad, 0xff, 0x94, 0xaa, 0xad, 0xff, 
	0x94, 0xab, 0xad, 0xff, 0x94, 0xaa, 0xad, 0xff, 
	0x94, 0xaa, 0xad, 0xff, 0x94, 0xaa, 0xad, 0xff, 
	0x94, 0xab, 0xad, 0xff, 0x94, 0xac, 0xad, 0xff, 
	0x94, 0xad, 0xad, 0xff, 0x94, 0xad, 0xad, 0xff, 
	0x94, 0xad, 0xad, 0xff, 0x94, 0xad, 0xad, 0xff, 
	
};

ALIGNED8 u8 hb_skybox_kd_hb_back1_ci4[] = {
	0x00, 0x00, 0x00, 0x00, 0x00, 0x00, 0x00, 0x00, 
	0x00, 0x00, 0x00, 0x00, 0x00, 0x00, 0x00, 0x00, 
	0x00, 0x00, 0x00, 0x00, 0x00, 0x00, 0x00, 0x00, 
	0x00, 0x00, 0x00, 0x00, 0x00, 0x00, 0x00, 0x00, 
	0x00, 0x00, 0x00, 0x00, 0x00, 0x00, 0x00, 0x00, 
	0x00, 0x00, 0x00, 0x00, 0x00, 0x00, 0x00, 0x00, 
	0x00, 0x00, 0x00, 0x00, 0x00, 0x00, 0x00, 0x00, 
	0x00, 0x00, 0x00, 0x00, 0x00, 0x00, 0x00, 0x11, 
	0x11, 0x11, 0x11, 0x11, 0x11, 0x11, 0x11, 0x11, 
	0x11, 0x11, 0x11, 0x11, 0x11, 0x11, 0x00, 0x00, 
	0x10, 0x10, 0x00, 0x00, 0x00, 0x00, 0x00, 0x00, 
	0x00, 0x00, 0x00, 0x00, 0x01, 0x11, 0x11, 0x11, 
	0x11, 0x11, 0x11, 0x11, 0x11, 0x11, 0x11, 0x11, 
	0x11, 0x11, 0x11, 0x11, 0x11, 0x11, 0x11, 0x10, 
	0x10, 0x11, 0x10, 0x10, 0x11, 0x00, 0x11, 0x11, 
	0x11, 0x11, 0x00, 0x00, 0x00, 0x11, 0x11, 0x11, 
	0x11, 0x11, 0x11, 0x11, 0x11, 0x10, 0x11, 0x11, 
	0x11, 0x11, 0x11, 0x11, 0x11, 0x00, 0x11, 0x11, 
	0x11, 0x11, 0x11, 0x11, 0x11, 0x11, 0x11, 0x11, 
	0x11, 0x11, 0x11, 0x11, 0x01, 0x11, 0x11, 0x11, 
	0x00, 0x01, 0x10, 0x01, 0x11, 0x11, 0x11, 0x11, 
	0x00, 0x11, 0x10, 0x11, 0x00, 0x00, 0x02, 0x11, 
	0x11, 0x11, 0x11, 0x11, 0x11, 0x11, 0x11, 0x11, 
	0x11, 0x11, 0x11, 0x01, 0x00, 0x00, 0x11, 0x00, 
	0x11, 0x10, 0x11, 0x00, 0x11, 0x11, 0x11, 0x11, 
	0x11, 0x11, 0x11, 0x11, 0x11, 0x11, 0x11, 0x11, 
	0x11, 0x11, 0x11, 0x11, 0x11, 0x11, 0x11, 0x11, 
	0x11, 0x11, 0x11, 0x11, 0x11, 0x11, 0x01, 0x11, 
	0x11, 0x11, 0x11, 0x11, 0x11, 0x11, 0x11, 0x11, 
	0x11, 0x11, 0x11, 0x13, 0x11, 0x11, 0x11, 0x11, 
	0x11, 0x11, 0x11, 0x11, 0x11, 0x11, 0x11, 0x11, 
	0x11, 0x11, 0x11, 0x11, 0x11, 0x11, 0x11, 0x11, 
	0x11, 0x11, 0x11, 0x11, 0x00, 0x00, 0x01, 0x00, 
	0x00, 0x11, 0x12, 0x01, 0x10, 0x11, 0x10, 0x13, 
	0x11, 0x11, 0x11, 0x11, 0x11, 0x11, 0x11, 0x11, 
	0x11, 0x11, 0x13, 0x33, 0x11, 0x11, 0x11, 0x33, 
	0x13, 0x00, 0x11, 0x01, 0x10, 0x01, 0x10, 0x00, 
	0x01, 0x13, 0x33, 0x33, 0x11, 0x13, 0x33, 0x11, 
	0x11, 0x11, 0x00, 0x11, 0x11, 0x11, 0x11, 0x31, 
	0x00, 0x10, 0x00, 0x01, 0x10, 0x10, 0x01, 0x11, 
	0x11, 0x00, 0x00, 0x01, 0x11, 0x00, 0x00, 0x11, 
	0x11, 0x11, 0x11, 0x13, 0x11, 0x11, 0x11, 0x13, 
	0x11, 0x11, 0x10, 0x00, 0x11, 0x11, 0x11, 0x10, 
	0x00, 0x00, 0x01, 0x11, 0x11, 0x11, 0x11, 0x13, 
	0x13, 0x11, 0x01, 0x00, 0x00, 0x11, 0x11, 0x11, 
	0x11, 0x11, 0x13, 0x13, 0x10, 0x10, 0x00, 0x11, 
	0x13, 0x11, 0x11, 0x00, 0x11, 0x10, 0x11, 0x11, 
	0x01, 0x22, 0x00, 0x02, 0x22, 0x00, 0x00, 0x01, 
	0x11, 0x31, 0x31, 0x31, 0x01, 0x11, 0x31, 0x13, 
	0x10, 0x01, 0x10, 0x00, 0x11, 0x00, 0x01, 0x11, 
	0x33, 0x13, 0x11, 0x01, 0x11, 0x11, 0x11, 0x11, 
	0x11, 0x11, 0x13, 0x11, 0x31, 0x00, 0x00, 0x11, 
	0x33, 0x33, 0x33, 0x33, 0x13, 0x11, 0x11, 0x11, 
	0x11, 0x30, 0x00, 0x00, 0x00, 0x01, 0x11, 0x33, 
	0x31, 0x00, 0x20, 0x01, 0x33, 0x31, 0x01, 0x13, 
	0x33, 0x32, 0x00, 0x02, 0x00, 0x00, 0x01, 0x13, 
	0x31, 0x02, 0x21, 0x33, 0x33, 0x31, 0x13, 0x11, 
	0x31, 0x31, 0x31, 0x00, 0x00, 0x00, 0x03, 0x33, 
	0x33, 0x33, 0x11, 0x13, 0x33, 0x33, 0x33, 0x33, 
	0x33, 0x33, 0x33, 0x33, 0x30, 0x03, 0x30, 0x03, 
	0x33, 0x20, 0x00, 0x31, 0x13, 0x22, 0x01, 0x33, 
	0x13, 0x33, 0x33, 0x31, 0x20, 0x33, 0x33, 0x31, 
	0x11, 0x11, 0x01, 0x11, 0x10, 0x00, 0x20, 0x20, 
	0x00, 0x33, 0x33, 0x13, 0x33, 0x33, 0x33, 0x34, 
	0x32, 0x55, 0x22, 0x20, 0x02, 0x55, 0x53, 0x33, 
	0x33, 0x55, 0x53, 0x33, 0x33, 0x33, 0x33, 0x34, 
	0x41, 0x13, 0x13, 0x33, 0x13, 0x31, 0x00, 0x31, 
	0x10, 0x11, 0x10, 0x03, 0x33, 0x33, 0x20, 0x04, 
	0x20, 0x05, 0x22, 0x23, 0x01, 0x32, 0x55, 0x22, 
	0x55, 0x55, 0x55, 0x23, 0x33, 0x43, 0x34, 0x33, 
	0x33, 0x33, 0x33, 0x32, 0x22, 0x26, 0x22, 0x03, 
	0x33, 0x33, 0x32, 0x02, 0x02, 0x33, 0x30, 0x02, 
	0x55, 0x23, 0x33, 0x33, 0x32, 0x33, 0x31, 0x03, 
	0x25, 0x55, 0x22, 0x22, 0x03, 0x03, 0x25, 0x55, 
	0x43, 0x33, 0x33, 0x33, 0x33, 0x33, 0x33, 0x33, 
	0x33, 0x33, 0x33, 0x33, 0x33, 0x43, 0x34, 0x42, 
	0x44, 0x33, 0x44, 0x44, 0x43, 0x23, 0x55, 0x23, 
	0x22, 0x22, 0x25, 0x03, 0x33, 0x05, 0x22, 0x25, 
	0x55, 0x24, 0x24, 0x44, 0x44, 0x44, 0x44, 0x43, 
	0x34, 0x34, 0x44, 0x44, 0x44, 0x44, 0x44, 0x44, 
	0x33, 0x43, 0x34, 0x42, 0x22, 0x23, 0x37, 0x36, 
	0x43, 0x22, 0x22, 0x52, 0x22, 0x34, 0x32, 0x02, 
	0x20, 0x33, 0x43, 0x33, 0x43, 0x43, 0x44, 0x33, 
	0x33, 0x33, 0x25, 0x32, 0x44, 0x44, 0x44, 0x43, 
	0x33, 0x43, 0x36, 0x23, 0x34, 0x44, 0x44, 0x44, 
	0x43, 0x33, 0x44, 0x43, 0x44, 0x42, 0x44, 0x43, 
	0x73, 0x47, 0x43, 0x22, 0x23, 0x33, 0x33, 0x33, 
	0x42, 0x22, 0x22, 0x33, 0x44, 0x44, 0x42, 0x23, 
	0x44, 0x43, 0x23, 0x73, 0x33, 0x74, 0x44, 0x47, 
	0x32, 0x67, 0x23, 0x44, 0x47, 0x32, 0x75, 0x55, 
	0x52, 0x46, 0x24, 0x72, 0x52, 0x25, 0x58, 0x55, 
	0x52, 0x22, 0x22, 0x22, 0x76, 0x22, 0x22, 0x37, 
	0x73, 0x44, 0x44, 0x44, 0x44, 0x44, 0x44, 0x44, 
	0x44, 0x44, 0x44, 0x36, 0x25, 0x26, 0x27, 0x77, 
	0x72, 0x47, 0x44, 0x32, 0x22, 0x22, 0x52, 0x55, 
	0x69, 0x77, 0x62, 0x34, 0x44, 0x44, 0x44, 0x47, 
	0x44, 0x44, 0x44, 0x74, 0x44, 0x74, 0x44, 0x42, 
	0x22, 0x27, 0x77, 0x26, 0x95, 0x52, 0x97, 0x77, 
	0x44, 0x46, 0x27, 0x26, 0x69, 0x66, 0x66, 0x99, 
	0x77, 0xa5, 0x69, 0x62, 0x64, 0x44, 0x44, 0x44, 
	0x74, 0x44, 0x44, 0x44, 0x47, 0x77, 0x44, 0x44, 
	0x44, 0x77, 0x79, 0x29, 0x92, 0x32, 0x67, 0x77, 
	0x77, 0x77, 0x77, 0x65, 0x92, 0x55, 0x69, 0x79, 
	0x99, 0x62, 0x99, 0x96, 0x27, 0x47, 0x77, 0x77, 
	0x44, 0x44, 0x44, 0x44, 0x44, 0x44, 0x44, 0x44, 
	0x47, 0x96, 0x22, 0x9a, 0x6a, 0x67, 0x77, 0x77, 
	0x47, 0x47, 0x69, 0x62, 0x99, 0x69, 0x96, 0x96, 
	0x99, 0x66, 0x69, 0x99, 0x97, 0x79, 0x67, 0x74, 
	0x44, 0x44, 0x44, 0x44, 0x77, 0x77, 0x44, 0x77, 
	0x79, 0x97, 0x77, 0x79, 0x67, 0x77, 0x77, 0x77, 
	0x77, 0x77, 0x77, 0x77, 0x77, 0x99, 0x99, 0x99, 
	0x66, 0x66, 0x69, 0x97, 0x97, 0x99, 0x74, 0x74, 
	0x79, 0x79, 0x27, 0x47, 0x77, 0x77, 0x77, 0x77, 
	0x77, 0x97, 0x79, 0x97, 0x79, 0x77, 0x77, 0x77, 
	0x77, 0x77, 0x67, 0x79, 0x77, 0x96, 0x99, 0x99, 
	0x99, 0x99, 0x99, 0x99, 0x96, 0x99, 0x79, 0x77, 
	0x66, 0x86, 0x74, 0x77, 0x77, 0x97, 0x79, 0x79, 
	0x99, 0x69, 0x79, 0x99, 0x97, 0x77, 0x97, 0x77, 
	0x77, 0x77, 0x69, 0x69, 0x69, 0x96, 0x99, 0x99, 
	0x69, 0x99, 0x99, 0x66, 0x66, 0x76, 0x97, 0x97, 
	0x96, 0xa8, 0xa6, 0x96, 0x76, 0xb8, 0x8a, 0x6a, 
	0x99, 0x77, 0x79, 0x99, 0x66, 0x99, 0xc7, 0x97, 
	0x7a, 0x6a, 0x9a, 0x8a, 0x6a, 0xa6, 0x99, 0x6a, 
	0x97, 0x96, 0x67, 0x99, 0x97, 0x99, 0x99, 0x96, 
	0x69, 0x99, 0x66, 0x66, 0xc6, 0x69, 0x66, 0xa8, 
	0xac, 0x99, 0x99, 0x79, 0x77, 0x77, 0x96, 0x6a, 
	0xbb, 0x88, 0x86, 0x9a, 0x88, 0x8a, 0x98, 0xa8, 
	0xb8, 0x89, 0x99, 0x9c, 0x9c, 0x99, 0x99, 0x97, 
	0x99, 0x99, 0xc9, 0x99, 0x66, 0x96, 0xa8, 0x66, 
	0x69, 0xa6, 0x96, 0x9c, 0x97, 0x69, 0x9a, 0x8b, 
	0x8b, 0xb8, 0x9a, 0xa8, 0xaa, 0xaa, 0xa8, 0xbb, 
	0xb8, 0xac, 0x79, 0x99, 0x97, 0x97, 0x79, 0x97, 
	0x99, 0xa9, 0xc9, 0x9c, 0x66, 0xc6, 0xac, 0x6a, 
	0x6a, 0x6a, 0x6a, 0xc9, 0x99, 0xcc, 0x9c, 0x66, 
	0x88, 0xbb, 0xcc, 0xc6, 0xa8, 0xc8, 0xbb, 0xb8, 
	0xaa, 0x68, 0xa9, 0x97, 0x77, 0x77, 0x97, 0x97, 
	0xd9, 0x6a, 0xcc, 0x6c, 0x96, 0xc6, 0x6c, 0x66, 
	0xca, 0xa8, 0x6a, 0x99, 0x97, 0xc6, 0xa9, 0xee, 
	0x9b, 0xbc, 0xfc, 0xac, 0x96, 0x8b, 0xbb, 0xb8, 
	0x8a, 0x69, 0x99, 0x99, 0x99, 0x99, 0x77, 0x7d, 
	0x99, 0xcc, 0x9c, 0x6c, 0xcc, 0xc6, 0xca, 0xc6, 
	0x96, 0xaa, 0xca, 0x66, 0xaa, 0x88, 0x8e, 0xe9, 
	0x7f, 0x9c, 0x96, 0xaa, 0xa8, 0xb8, 0x8a, 0x9c, 
	0xc9, 0x69, 0x9c, 0x9c, 0x66, 0xcf, 0x77, 0xe7, 
	0xef, 0xff, 0xc6, 0xcc, 0x6c, 0xcc, 0xc6, 0xcc, 
	0xa6, 0x66, 0xcc, 0x68, 0xa8, 0x8a, 0xad, 0xe7, 
	0xe9, 0xaa, 0x88, 0xbb, 0xc8, 0x8b, 0xcc, 0x6a, 
	0x66, 0xaa, 0xa6, 0xa6, 0xcc, 0xcc, 0x7e, 0xed, 
	0xed, 0xfc, 0xcc, 0xcc, 0xcc, 0xcc, 0xcc, 0xc6, 
	0x6c, 0x66, 0xa6, 0x68, 0x88, 0x88, 0x79, 0xed, 
	0x9a, 0x6a, 0xaa, 0xb8, 0xbb, 0x88, 0x88, 0xb8, 
	0x9c, 0xc9, 0x99, 0xdc, 0xaa, 0x69, 0xdd, 0xee, 
	0xed, 0xf9, 0xcc, 0xcc, 0xa6, 0xcc, 0x6c, 0x6a, 
	0x6c, 0xc6, 0xab, 0xbb, 0xbb, 0xb8, 0xc9, 0x9c, 
	0x6c, 0xca, 0xac, 0xa8, 0x88, 0xaa, 0xb8, 0x99, 
	0x97, 0x9c, 0xd9, 0xca, 0xac, 0xcc, 0xff, 0x9e, 
	0xee, 0xdd, 0xfc, 0xcc, 0xcc, 0xca, 0xca, 0xc6, 
	0xcc, 0xaa, 0xbb, 0xbb, 0xbb, 0xb6, 0xc9, 0x9c, 
	0xac, 0xca, 0xaa, 0xa8, 0x8b, 0xb8, 0x99, 0x99, 
	0xcc, 0x97, 0x99, 0x6a, 0xc9, 0xdf, 0xcf, 0xdd, 
	0xde, 0xed, 0xcf, 0xf9, 0xcc, 0xcc, 0x66, 0xc6, 
	0xa6, 0xbb, 0xbb, 0xbb, 0xbb, 0xba, 0xaa, 0xc9, 
	0xac, 0x8c, 0xca, 0xa8, 0xb8, 0xc9, 0x99, 0x96, 
	0x69, 0xd9, 0x9e, 0x7c, 0x9c, 0xff, 0xfd, 0xde, 
	0xee, 0xee, 0xdd, 0x9f, 0xcc, 0xcc, 0xcc, 0xaa, 
	0xab, 0xbb, 0xbb, 0xbb, 0xbb, 0xbb, 0xa6, 0xca, 
	0xac, 0xaa, 0xaa, 0xb8, 0x6c, 0xac, 0xaa, 0xaa, 
	0xaa, 0x9f, 0xee, 0xed, 0xed, 0xde, 0xfe, 0xde, 
	0xee, 0xed, 0xfd, 0xff, 0xcf, 0xcc, 0xcc, 0xca, 
	0xbb, 0xbb, 0xbb, 0xbb, 0xbb, 0xbb, 0xbc, 0xcc, 
	0xca, 0xa8, 0xb8, 0xaa, 0xa8, 0xc6, 0xa8, 0xca, 
	0xa9, 0xcd, 0xee, 0xee, 0xee, 0xee, 0xee, 0xee, 
	0xee, 0xee, 0xdf, 0xfd, 0x99, 0xc9, 0x9c, 0xcb, 
	0xbb, 0xbb, 0xbb, 0xbb, 0xbb, 0xbb, 0x8a, 0xaa, 
	0xab, 0xbb, 0x8a, 0x8b, 0xa8, 0x8a, 0xaa, 0xba, 
	0xd9, 0xee, 0xde, 0xee, 0xee, 0xee, 0xee, 0xee, 
	0xee, 0xed, 0xdf, 0xcf, 0xcf, 0xf9, 0x9f, 0x8b, 
	0xbb, 0xbb, 0xbb, 0xbb, 0xbb, 0xbb, 0xba, 0xa8, 
	0xbb, 0xb8, 0x8b, 0x88, 0xa8, 0xaa, 0xac, 0xff, 
	0xd9, 0xee, 0xee, 0xee, 0xed, 0xee, 0xee, 0xee, 
	0xdd, 0xed, 0xff, 0xf9, 0xff, 0xfc, 0x9b, 0xbb, 
	0xbb, 0xbb, 0xbb, 0xbb, 0xbb, 0xbb, 0x88, 0xbb, 
	0xbb, 0x88, 0x8b, 0xba, 0xaa, 0xac, 0xf9, 0xcf, 
	0xdf, 0xde, 0xed, 0xee, 0xee, 0xee, 0xee, 0xdd, 
	0xed, 0xed, 0xff, 0xff, 0xcf, 0xcb, 0xbb, 0xbb, 
	0xbb, 0xbb, 0xbb, 0xbb, 0xbb, 0x8b, 0x8b, 0xbb, 
	0xb8, 0x88, 0x88, 0xa8, 0xbb, 0xac, 0xfe, 0xfe, 
	0xdf, 0xfe, 0xed, 0xde, 0xee, 0xee, 0xee, 0xde, 
	0xdd, 0xdd, 0xdd, 0xfc, 0xf8, 0xbb, 0xbb, 0xbb, 
	0xbb, 0xbb, 0xbb, 0xbb, 0xbb, 0xb8, 0xbb, 0xbb, 
	0x8b, 0x86, 0x88, 0x8a, 0xba, 0x9f, 0xff, 0xdc, 
	0xed, 0xee, 0xee, 0xee, 0xee, 0xee, 0xdd, 0xed, 
	0xdd, 0xdd, 0xdf, 0xff, 0xd8, 0x8b, 0xbb, 0xbb, 
	0xbb, 0xbb, 0xbb, 0xbb, 0xb8, 0x88, 0xbb, 0xb8, 
	0x8a, 0x88, 0x88, 0x8b, 0xb8, 0xaa, 0xfd, 0xdd, 
	0xdd, 0xee, 0xee, 0xee, 0xee, 0xee, 0xdd, 0xdd, 
	0xfd, 0xdd, 0xdd, 0xff, 0xdf, 0xff, 0x8b, 0xbb, 
	0xbb, 0xbb, 0xbb, 0xbb, 0x8b, 0x88, 0x8b, 0xb8, 
	0xb8, 0x8b, 0xb8, 0x8b, 0xba, 0x6a, 0xca, 0xfd, 
	0xde, 0xde, 0xee, 0xee, 0xee, 0xee, 0xdd, 0xdd, 
	0xdd, 0xdc, 0xdd, 0xdf, 0xff, 0xff, 0xcf, 0xcc, 
	0xa8, 0xbb, 0x8a, 0xba, 0xa6, 0xc6, 0x8b, 0xb8, 
	0xb8, 0x88, 0xb8, 0xb8, 0x8c, 0xac, 0xcc, 0xdc, 
	0xde, 0xdd, 0xee, 0xee, 0xee, 0xdd, 0xee, 0xdd, 
	0xdd, 0xdd, 0xdf, 0xff, 0xdf, 0xff, 0xfc, 0xcf, 
	0xcc, 0xa8, 0x86, 0xa8, 0xaa, 0x8a, 0x8b, 0xb8, 
	0xbb, 0x8b, 0x8b, 0xbc, 0xa8, 0x6a, 0xcc, 0xdf, 
	0xdc, 0xed, 0xee, 0xed, 0xde, 0xdd, 0xdd, 0xdd, 
	0xdf, 0xdf, 0xff, 0xff, 0xcd, 0xdf, 0xff, 0xfc, 
	0xfc, 0xaa, 0xcc, 0xaa, 0xcc, 0x6c, 0x8b, 0xbb, 
	0xbb, 0xba, 0xb8, 0xbb, 0xbc, 0x8a, 0xff, 0x9d, 
	0xcd, 0xdf, 0xee, 0xee, 0xed, 0xdf, 0xfd, 0xfd, 
	0xdf, 0xfc, 0xff, 0xdf, 0xff, 0xfd, 0xff, 0xcf, 
	0xff, 0xcc, 0xcc, 0xcc, 0xcc, 0x6c, 0xcb, 0x88, 
	0xbb, 0xbb, 0x88, 0x8b, 0xca, 0xaa, 0x6f, 0xff, 
	0xcd, 0xde, 0xdf, 0xdd, 0xdf, 0xfd, 0xff, 0xdf, 
	0xdc, 0xff, 0xdc, 0xff, 0xfc, 0xfc, 0xdc, 0xfc, 
	0xfc, 0xcc, 0xcf, 0xfc, 0xcc, 0xff, 0x6a, 0x88, 
	0xbb, 0xbb, 0x88, 0x88, 0xaa, 0x8a, 0xcc, 0xcc, 
	0xcd, 0xff, 0xff, 0xdf, 0xdf, 0xfd, 0xfd, 0xfd, 
	0xff, 0xcd, 0xff, 0xff, 0xcd, 0xcf, 0xdf, 0xff, 
	0xcc, 0xc9, 0xfc, 0xcc, 0xcc, 0xcc, 0xfc, 0xa8, 
	0x8b, 0x8b, 0x8b, 0x8a, 0xaa, 0xaa, 0xcf, 0xcf, 
	0xdd, 0xff, 0xdf, 0xff, 0xdf, 0xff, 0xff, 0xfd, 
	0xdf, 0xff, 0xcf, 0xcf, 0xfc, 0xcf, 0xfc, 0xcf, 
	0xfc, 0xcc, 0xcc, 0xcc, 0xcc, 0xff, 0xcc, 0xca, 
	0x88, 0x8b, 0x8b, 0x88, 0xaa, 0xcc, 0xc9, 0xff, 
	0xcf, 0xcf, 0xff, 0xfc, 0xff, 0xfc, 0xfc, 0xfd, 
	0xdf, 0xcf, 0xfc, 0xfd, 0xff, 0xcc, 0xff, 0xcc, 
	0xcc, 0xcc, 0xcc, 0x9c, 0x9f, 0xc9, 0x9c, 0xaa, 
	0x88, 0x88, 0x88, 0x88, 0xac, 0xaa, 0xca, 0xcc, 
	0xcf, 0xfc, 0xff, 0xff, 0xfc, 0xdd, 0xfd, 0xfc, 
	0xdf, 0xdf, 0xfc, 0xdf, 0xcf, 0xff, 0xfc, 0xcc, 
	0xca, 0xc9, 0xcc, 0x9f, 0xac, 0xcc, 0xcc, 0xaa, 
	0x8a, 0xaa, 0xac, 0xa6, 0xac, 0xcc, 0xcc, 0xcc, 
	0xcf, 0xdd, 0xdf, 0xff, 0xdf, 0xff, 0xfc, 0xff, 
	0xdc, 0xcf, 0xff, 0xcc, 0xfd, 0xcf, 0xfc, 0xcf, 
	0xc9, 0xca, 0xcc, 0x6c, 0x6c, 0x6c, 0xa6, 0x6c, 
	0xcc, 0xac, 0xac, 0xcc, 0xcc, 0xcc, 0xaf, 0xc9, 
	0xfd, 0xff, 0xdf, 0xfd, 0xff, 0xff, 0xff, 0xdf, 
	0xdc, 0xcf, 0xdc, 0xff, 0xcc, 0xff, 0xcf, 0xff, 
	0xcc, 0xa6, 0xc9, 0xf8, 0xa8, 0xaa, 0xaa, 0xcc, 
	0x66, 0x66, 0x6c, 0xcc, 0xc6, 0xcc, 0x6f, 0xca, 
	0xcc, 0xfd, 0xfd, 0xff, 0xff, 0xff, 0xfc, 0xfc, 
	0xfd, 0xcf, 0xdc, 0xcc, 0xcc, 0xcc, 0x9c, 0x99, 
	0xca, 0xaa, 0x9a, 0xca, 0xa6, 0xaa, 0xa6, 0xac, 
	0x8c, 0xaa, 0xcc, 0x6a, 0xcc, 0xcc, 0xcf, 0xf9, 
	0xdc, 0xdd, 0xff, 0xff, 0xdf, 0xdf, 0xfd, 0xff, 
	0xff, 0xdc, 0xff, 0xfc, 0xcc, 0xcc, 0xcc, 0xcc, 
	0x6c, 0xca, 0xa6, 0xca, 0xca, 0xa8, 0xaa, 0x68, 
	0xa8, 0x86, 0x8a, 0xaa, 0xa6, 0x9f, 0xcc, 0xf9, 
	0xfc, 0xfd, 0xf9, 0xfc, 0xdf, 0xff, 0xcf, 0xcf, 
	0xcf, 0xff, 0xcf, 0xfc, 0xcc, 0xcc, 0xcc, 0xcc, 
	0xcc, 0x9a, 0x68, 0xa6, 0xcc, 0xaa, 0xaa, 0xaa, 
	0x6a, 0xaa, 0xca, 0xaa, 0x66, 0x6c, 0xcc, 0x9c, 
	0x9f, 0xff, 0xff, 0xcf, 0xff, 0xff, 0xff, 0xfc, 
	
};

ALIGNED8 u8 hb_skybox_kd_hb_back1_pal_rgba16[] = {
	0x9d, 0x6d, 0xb5, 0xef, 0x84, 0x65, 0xbd, 0xad, 
	0xd5, 0xeb, 0x4b, 0x1d, 0x8c, 0x1f, 0xc5, 0x65, 
	0x4a, 0x55, 0xa4, 0x9f, 0x6b, 0x19, 0x21, 0x91, 
	0x93, 0xdb, 0xb4, 0x9d, 0xc5, 0x1f, 0xac, 0x5b, 
	
};

ALIGNED8 u8 hb_skybox_kd_hb_pyramid1_rgba16[] = {
	0xe5, 0xe5, 0xe5, 0xe5, 0xe5, 0xe5, 0xe5, 0xe5, 
	0xe5, 0xe5, 0xe5, 0xe5, 0xe5, 0xe5, 0xe5, 0xe5, 
	0xe5, 0xe5, 0xe5, 0xe5, 0xe5, 0xe5, 0xe5, 0xe5, 
	0xe5, 0xe5, 0xe5, 0xe5, 0xe5, 0xe5, 0xe5, 0xe5, 
	0xe5, 0xe5, 0xe5, 0xe5, 0xe5, 0xe5, 0xe5, 0xe5, 
	0xe5, 0xe5, 0xe5, 0xe5, 0xe5, 0xe5, 0xe5, 0xe5, 
	0xe5, 0xe5, 0xe5, 0xe5, 0xe5, 0xe5, 0xe5, 0xe5, 
	0xe5, 0xe5, 0xe5, 0xe5, 0xe5, 0xe5, 0xe5, 0xe5, 
	0xe5, 0xe5, 0xe5, 0xe5, 0xe5, 0xe5, 0xe5, 0xe5, 
	0xe5, 0xe5, 0xe5, 0xe5, 0xe5, 0xe5, 0xe5, 0xe5, 
	0xe5, 0xe5, 0xe5, 0xe5, 0xe5, 0xe5, 0xe5, 0xe5, 
	0xe5, 0xe5, 0xe5, 0xe5, 0xe5, 0xe5, 0xe5, 0xe5, 
	0xe5, 0xe5, 0xe5, 0xe5, 0xe5, 0xe5, 0xe5, 0xe5, 
	0xe5, 0xe5, 0xe5, 0xe5, 0xe5, 0xe5, 0xe5, 0xe5, 
	0xe5, 0xe5, 0xe5, 0xe5, 0xe5, 0xe5, 0xe5, 0xe5, 
	0xe5, 0xe5, 0xe5, 0xe5, 0xe5, 0xe5, 0xe5, 0xe5, 
	0xe5, 0xe5, 0xe5, 0xe5, 0xe5, 0xe5, 0xe5, 0xe5, 
	0xe5, 0xe5, 0xe5, 0xe5, 0xe5, 0xe5, 0xe5, 0xe5, 
	0xe5, 0xe5, 0xe5, 0xe5, 0xe5, 0xe5, 0xe5, 0xe5, 
	0xe5, 0xe5, 0xe5, 0xe5, 0xe5, 0xe5, 0xe5, 0xe5, 
	0xe5, 0xe5, 0xe5, 0xe5, 0xe5, 0xe5, 0xe5, 0xe5, 
	0xe5, 0xe5, 0xe5, 0xe5, 0xe5, 0xe5, 0xe5, 0xe5, 
	0xe5, 0xe5, 0xe5, 0xe5, 0xe5, 0xe5, 0xe5, 0xe5, 
	0xe5, 0xe5, 0xe5, 0xe5, 0xe5, 0xe5, 0xe5, 0xe5, 
	0xe5, 0xe5, 0xe5, 0xe5, 0xe5, 0xe5, 0xe5, 0xe5, 
	0xe5, 0xe5, 0xe5, 0xe5, 0xe5, 0xe5, 0xe5, 0xe5, 
	0xe5, 0xe5, 0xe5, 0xe5, 0xe5, 0xe5, 0xe5, 0xe5, 
	0xe5, 0xe5, 0xe5, 0xe5, 0xe5, 0xe5, 0xe5, 0xe5, 
	0xe5, 0xe7, 0xe5, 0xe7, 0xe5, 0xe7, 0xe5, 0xe7, 
	0xe5, 0xe5, 0xe5, 0xe5, 0xe5, 0xe5, 0xe5, 0xe5, 
	0xe5, 0xe5, 0xe5, 0xe5, 0xe5, 0xe5, 0xe5, 0xe5, 
	0xe5, 0xe5, 0xe5, 0xe5, 0xe5, 0xe5, 0xe5, 0xe5, 
	0xe5, 0xe5, 0xe5, 0xe5, 0xe5, 0xe5, 0xe5, 0xe5, 
	0xe5, 0xe5, 0xe5, 0xe5, 0xe5, 0xe5, 0xe5, 0xe5, 
	0xe5, 0xe5, 0xe5, 0xe5, 0xe5, 0xe5, 0xe5, 0xe5, 
	0xe5, 0xe5, 0xe5, 0xe5, 0xe5, 0xe5, 0xe5, 0xe5, 
	0xe5, 0xe5, 0xe5, 0xe5, 0xe5, 0xe5, 0xe5, 0xe5, 
	0xe5, 0xe5, 0xe5, 0xe5, 0xe5, 0xe5, 0xe5, 0xe5, 
	0xe5, 0xe5, 0xe5, 0xe5, 0xe5, 0xe5, 0xe5, 0xe5, 
	0xe5, 0xe5, 0xe5, 0xe5, 0xe5, 0xe5, 0xe5, 0xe5, 
	0xe5, 0xe5, 0xe5, 0xe5, 0xe5, 0xe5, 0xe5, 0xe5, 
	0xe5, 0xe5, 0xe5, 0xe5, 0xe5, 0xe5, 0xe5, 0xe5, 
	0xe5, 0xe5, 0xe5, 0xe5, 0xe5, 0xe5, 0xe5, 0xe5, 
	0xe5, 0xe5, 0xe5, 0xe5, 0xe5, 0xe5, 0xe5, 0xe5, 
	0xe5, 0xe5, 0xe5, 0xe5, 0xe5, 0xe5, 0xe5, 0xe5, 
	0xe5, 0xe5, 0xe5, 0xe5, 0xe5, 0xe5, 0xe5, 0xe5, 
	0xe5, 0xe5, 0xe5, 0xe5, 0xe5, 0xe5, 0xe5, 0xe5, 
	0xe5, 0xe5, 0xe5, 0xe5, 0xe5, 0xe5, 0xe5, 0xe5, 
	0xe5, 0xe5, 0xe5, 0xe5, 0xe5, 0xe5, 0xe5, 0xe5, 
	0xe5, 0xe5, 0xe5, 0xe5, 0xe5, 0xe5, 0xe5, 0xe5, 
	0xe5, 0xe5, 0xe5, 0xe5, 0xe5, 0xe5, 0xe5, 0xe5, 
	0xe5, 0xe5, 0xe5, 0xe5, 0xe5, 0xe5, 0xe5, 0xe5, 
	0xe5, 0xe5, 0xe5, 0xe5, 0xe5, 0xe5, 0xe5, 0xe5, 
	0xe5, 0xe5, 0xe5, 0xe5, 0xe5, 0xe5, 0xe5, 0xe5, 
	0xe5, 0xe5, 0xe5, 0xe5, 0xe5, 0xe5, 0xe5, 0xe5, 
	0xe5, 0xe5, 0xe5, 0xe5, 0xe5, 0xe5, 0xe5, 0xe5, 
	0xe5, 0xe5, 0xe5, 0xe5, 0xe5, 0xe5, 0xe5, 0xe5, 
	0xe5, 0xe5, 0xe5, 0xe5, 0xe5, 0xe5, 0xe5, 0xe5, 
	0xe5, 0xe5, 0xe5, 0xe5, 0xe5, 0xe5, 0xe5, 0xe5, 
	0xe5, 0xe5, 0xe5, 0xe5, 0xe5, 0xe5, 0xe5, 0xe5, 
	0xe5, 0xe5, 0xe5, 0xe5, 0xe5, 0xe5, 0xe5, 0xe5, 
	0xe5, 0xe5, 0xe5, 0xe5, 0xe5, 0xe5, 0xe5, 0xe5, 
	0xe5, 0xe5, 0xe5, 0xe5, 0xe5, 0xe5, 0xe5, 0xe5, 
	0xe5, 0xe5, 0xe5, 0xe5, 0xe5, 0xe5, 0xe5, 0xe5, 
	0xe5, 0xe5, 0xe5, 0xe5, 0xe5, 0xe5, 0xe5, 0xe5, 
	0xe5, 0xe5, 0xe5, 0xe5, 0xe5, 0xe5, 0xe5, 0xe5, 
	0xe5, 0xe5, 0xe5, 0xe5, 0xe5, 0xe5, 0xe5, 0xe5, 
	0xe5, 0xe5, 0xe5, 0xe5, 0xe5, 0xe5, 0xe5, 0xe5, 
	0xe5, 0xe5, 0xe5, 0xe5, 0xe5, 0xe5, 0xe5, 0xe5, 
	0xe5, 0xe5, 0xe5, 0xe5, 0xe5, 0xe5, 0xe5, 0xe5, 
	0xe5, 0xe5, 0xe5, 0xe5, 0xe5, 0xe5, 0xe5, 0xe5, 
	0xe5, 0xe5, 0xe5, 0xe5, 0xe5, 0xe5, 0xe5, 0xe5, 
	0xe5, 0xe5, 0xe5, 0xe5, 0xe5, 0xe5, 0xe5, 0xe5, 
	0xe5, 0xe5, 0xe5, 0xe5, 0xe5, 0xe5, 0xe5, 0xe5, 
	0xe5, 0xe5, 0xe5, 0xe5, 0xe5, 0xe5, 0xe5, 0xe5, 
	0xe5, 0xe5, 0xe5, 0xe5, 0xe5, 0xe5, 0xe5, 0xe5, 
	0xe5, 0xe5, 0xe5, 0xe5, 0xe5, 0xe5, 0xe5, 0xe5, 
	0xe5, 0xe5, 0xe5, 0xe5, 0xe5, 0xe5, 0xe5, 0xe5, 
	0xe5, 0xe5, 0xe5, 0xe5, 0xe5, 0xe5, 0xe5, 0xe5, 
	0xe5, 0xe5, 0xe5, 0xe5, 0xe5, 0xe5, 0xe5, 0xe5, 
	0xe5, 0xe5, 0xe5, 0xe5, 0xe5, 0xe5, 0xe5, 0xe5, 
	0xe5, 0xe5, 0xe5, 0xe5, 0xe5, 0xe5, 0xe5, 0xe5, 
	0xe5, 0xe5, 0xe5, 0xe5, 0xe5, 0xe5, 0xe5, 0xe5, 
	0xe5, 0xe5, 0xe5, 0xe5, 0xe5, 0xe5, 0xe5, 0xe5, 
	0xe5, 0xe5, 0xe5, 0xe5, 0xe5, 0xe5, 0xe5, 0xe5, 
	0xe5, 0xe5, 0xe5, 0xe5, 0xe5, 0xe5, 0xe5, 0xe5, 
	0xe5, 0xe5, 0xe5, 0xe5, 0xe5, 0xe5, 0xe5, 0xe5, 
	0xe5, 0xe5, 0xe5, 0xe5, 0xe5, 0xe5, 0xe5, 0xe5, 
	0xe5, 0xe5, 0xe5, 0xe5, 0xe5, 0xe5, 0xe5, 0xe5, 
	0xe5, 0xe5, 0xe5, 0xe5, 0xe5, 0xe5, 0xe5, 0xe5, 
	0xe5, 0xe5, 0xe5, 0xe5, 0xe5, 0xe5, 0xe5, 0xe5, 
	0xe5, 0xe5, 0xe5, 0xe5, 0xe5, 0xe5, 0xe5, 0xe5, 
	0xe5, 0xe7, 0xa4, 0x61, 0xe5, 0xe7, 0xe5, 0xe7, 
	0xe5, 0xe5, 0xe5, 0xe5, 0xe5, 0xe5, 0xe5, 0xe5, 
	0xe5, 0xe5, 0xe5, 0xe5, 0xe5, 0xe5, 0xe5, 0xe5, 
	0xe5, 0xe5, 0xe5, 0xe5, 0xe5, 0xe5, 0xe5, 0xe5, 
	0xe5, 0xe5, 0xe5, 0xe5, 0xe5, 0xe5, 0xe5, 0xe5, 
	0xe5, 0xe5, 0xe5, 0xe5, 0xe5, 0xe5, 0xe5, 0xe5, 
	0xe5, 0xe5, 0xe5, 0xe5, 0xe5, 0xe5, 0xe5, 0xe5, 
	0xe5, 0xe5, 0xe5, 0xe5, 0xe5, 0xe5, 0xe5, 0xe5, 
	0xe5, 0xe5, 0xe5, 0xe5, 0xe5, 0xe5, 0xe5, 0xe5, 
	0xe5, 0xe5, 0xe5, 0xe5, 0xe5, 0xe5, 0xe5, 0xe5, 
	0xe5, 0xe5, 0xe5, 0xe5, 0xe5, 0xe5, 0xe5, 0xe5, 
	0xe5, 0xe5, 0xe5, 0xe5, 0xe5, 0xe5, 0xe5, 0xe5, 
	0xe5, 0xe5, 0xe5, 0xe5, 0xe5, 0xe5, 0xe5, 0xe5, 
	0xe5, 0xe5, 0xe5, 0xe5, 0xe5, 0xe5, 0xe5, 0xe5, 
	0xe5, 0xe5, 0xe5, 0xe5, 0xe5, 0xe5, 0xe5, 0xe5, 
	0xe5, 0xe5, 0xe5, 0xe5, 0xe5, 0xe5, 0xe5, 0xe5, 
	0xe5, 0xe5, 0xe5, 0xe5, 0xe5, 0xe5, 0xe5, 0xe5, 
	0xe5, 0xe5, 0xe5, 0xe5, 0xe5, 0xe5, 0xe5, 0xe5, 
	0xe5, 0xe5, 0xe5, 0xe5, 0xe5, 0xe5, 0xe5, 0xe5, 
	0xe5, 0xe5, 0xe5, 0xe5, 0xe5, 0xe5, 0xe5, 0xe5, 
	0xe5, 0xe5, 0xe5, 0xe5, 0xe5, 0xe5, 0xe5, 0xe5, 
	0xe5, 0xe5, 0xe5, 0xe5, 0xe5, 0xe5, 0xe5, 0xe5, 
	0xe5, 0xe5, 0xe5, 0xe5, 0xe5, 0xe5, 0xe5, 0xe5, 
	0xe5, 0xe5, 0xe5, 0xe5, 0xe5, 0xe5, 0xe5, 0xe5, 
	0xe5, 0xe5, 0xe5, 0xe5, 0xe5, 0xe5, 0xe5, 0xe5, 
	0xe5, 0xe5, 0xe5, 0xe5, 0xe5, 0xe5, 0xe5, 0xe5, 
	0xe5, 0xe5, 0xe5, 0xe5, 0xe5, 0xe5, 0xe5, 0xe5, 
	0xe5, 0xe5, 0xe5, 0xe5, 0xe5, 0xe5, 0xe5, 0xe5, 
	0xe5, 0xe5, 0xe5, 0xe5, 0xe5, 0xe5, 0xe5, 0xe5, 
	0xe5, 0xe5, 0xe5, 0xe5, 0xe5, 0xe5, 0xe5, 0xe5, 
	0xe5, 0xe5, 0xe5, 0xe5, 0xe5, 0xe5, 0xe5, 0xe5, 
	0xe5, 0xe5, 0xe5, 0xe5, 0xe5, 0xe5, 0xe5, 0xe5, 
	0xe5, 0xe5, 0xe5, 0xe5, 0xe5, 0xe5, 0xe5, 0xe5, 
	0xe5, 0xe5, 0xe5, 0xe5, 0xe5, 0xe5, 0xe5, 0xe5, 
	0xe5, 0xe5, 0xe5, 0xe5, 0xe5, 0xe5, 0xe5, 0xe5, 
	0xe5, 0xe5, 0xe5, 0xe5, 0xe5, 0xe5, 0xe5, 0xe5, 
	0xe5, 0xe5, 0xe5, 0xe5, 0xe5, 0xe5, 0xe5, 0xe5, 
	0xe5, 0xe5, 0xe5, 0xe5, 0xe5, 0xe5, 0xe5, 0xe5, 
	0xe5, 0xe5, 0xe5, 0xe5, 0xe5, 0xe5, 0xe5, 0xe5, 
	0xe5, 0xe5, 0xe5, 0xe5, 0xe5, 0xe5, 0xe5, 0xe5, 
	0xe5, 0xe5, 0xe5, 0xe5, 0xe5, 0xe5, 0xe5, 0xe5, 
	0xe5, 0xe5, 0xe5, 0xe5, 0xe5, 0xe5, 0xe5, 0xe5, 
	0xe5, 0xe5, 0xe5, 0xe5, 0xe5, 0xe5, 0xe5, 0xe5, 
	0xe5, 0xe5, 0xe5, 0xe5, 0xe5, 0xe5, 0xe5, 0xe5, 
	0xe5, 0xe5, 0xe5, 0xe5, 0xe5, 0xe5, 0xe5, 0xe5, 
	0xe5, 0xe5, 0xe5, 0xe5, 0xe5, 0xe5, 0xe5, 0xe5, 
	0xe5, 0xe5, 0xe5, 0xe5, 0xe5, 0xe5, 0xe5, 0xe5, 
	0xe5, 0xe5, 0xe5, 0xe5, 0xe5, 0xe5, 0xe5, 0xe5, 
	0xe5, 0xe5, 0xe5, 0xe5, 0xe5, 0xe5, 0xe5, 0xe5, 
	0xe5, 0xe5, 0xe5, 0xe5, 0xe5, 0xe5, 0xe5, 0xe5, 
	0xe5, 0xe5, 0xe5, 0xe5, 0xe5, 0xe5, 0xe5, 0xe5, 
	0xe5, 0xe5, 0xe5, 0xe5, 0xe5, 0xe5, 0xe5, 0xe5, 
	0xe5, 0xe5, 0xe5, 0xe5, 0xe5, 0xe5, 0xe5, 0xe5, 
	0xe5, 0xe5, 0xe5, 0xe5, 0xe5, 0xe5, 0xe5, 0xe5, 
	0xe5, 0xe5, 0xe5, 0xe5, 0xe5, 0xe5, 0xe5, 0xe5, 
	0xe5, 0xe5, 0xe5, 0xe5, 0xe5, 0xe5, 0xe5, 0xe5, 
	0xe5, 0xe5, 0xe5, 0xe5, 0xe5, 0xe5, 0xe5, 0xe5, 
	0xe5, 0xe5, 0xe5, 0xe5, 0xe5, 0xe5, 0xe5, 0xe5, 
	0xe5, 0xe5, 0xe5, 0xe5, 0xe5, 0xe5, 0xe5, 0xe5, 
	0xe5, 0xe5, 0xe5, 0xe5, 0xe5, 0xe5, 0xe5, 0xe5, 
	0xe5, 0xe5, 0xe5, 0xe5, 0xe5, 0xe5, 0xe5, 0xe5, 
	0xe5, 0xe5, 0xe5, 0xe5, 0xe5, 0xe5, 0xe5, 0xe5, 
	0xe5, 0xe5, 0xe5, 0xe5, 0xe5, 0xe5, 0xe5, 0xe5, 
	0xe5, 0xe5, 0xe5, 0xe5, 0xe5, 0xe5, 0xe5, 0xe5, 
	0xa4, 0x61, 0x19, 0x53, 0xe5, 0xe7, 0xe5, 0xe7, 
	0xe5, 0xe5, 0xe5, 0xe5, 0xe5, 0xe5, 0xe5, 0xe5, 
	0xe5, 0xe5, 0xe5, 0xe5, 0xe5, 0xe5, 0xe5, 0xe5, 
	0xe5, 0xe5, 0xe5, 0xe5, 0xe5, 0xe5, 0xe5, 0xe5, 
	0xe5, 0xe5, 0xe5, 0xe5, 0xe5, 0xe5, 0xe5, 0xe5, 
	0xe5, 0xe5, 0xe5, 0xe5, 0xe5, 0xe5, 0xe5, 0xe5, 
	0xe5, 0xe5, 0xe5, 0xe5, 0xe5, 0xe5, 0xe5, 0xe5, 
	0xe5, 0xe5, 0xe5, 0xe5, 0xe5, 0xe5, 0xe5, 0xe5, 
	0xe5, 0xe5, 0xe5, 0xe5, 0xe5, 0xe5, 0xe5, 0xe5, 
	0xe5, 0xe5, 0xe5, 0xe5, 0xe5, 0xe5, 0xe5, 0xe5, 
	0xe5, 0xe5, 0xe5, 0xe5, 0xe5, 0xe5, 0xe5, 0xe5, 
	0xe5, 0xe5, 0xe5, 0xe5, 0xe5, 0xe5, 0xe5, 0xe5, 
	0xe5, 0xe5, 0xe5, 0xe5, 0xe5, 0xe5, 0xe5, 0xe5, 
	0xe5, 0xe5, 0xe5, 0xe5, 0xe5, 0xe5, 0xe5, 0xe5, 
	0xe5, 0xe5, 0xe5, 0xe5, 0xe5, 0xe5, 0xe5, 0xe5, 
	0xe5, 0xe5, 0xe5, 0xe5, 0xe5, 0xe5, 0xe5, 0xe5, 
	0xe5, 0xe5, 0xe5, 0xe5, 0xe5, 0xe5, 0xe5, 0xe5, 
	0xe5, 0xe5, 0xe5, 0xe5, 0xe5, 0xe5, 0xe5, 0xe5, 
	0xe5, 0xe5, 0xe5, 0xe5, 0xe5, 0xe5, 0xe5, 0xe5, 
	0xe5, 0xe5, 0xe5, 0xe5, 0xe5, 0xe5, 0xe5, 0xe5, 
	0xe5, 0xe5, 0xe5, 0xe5, 0xe5, 0xe5, 0xe5, 0xe5, 
	0xe5, 0xe5, 0xe5, 0xe5, 0xe5, 0xe5, 0xe5, 0xe5, 
	0xe5, 0xe5, 0xe5, 0xe5, 0xe5, 0xe5, 0xe5, 0xe5, 
	0xe5, 0xe5, 0xe5, 0xe5, 0xe5, 0xe5, 0xe5, 0xe5, 
	0xe5, 0xe5, 0xe5, 0xe5, 0xe5, 0xe5, 0xe5, 0xe5, 
	0xe5, 0xe5, 0xe5, 0xe5, 0xe5, 0xe5, 0xe5, 0xe5, 
	0xe5, 0xe5, 0xe5, 0xe5, 0xe5, 0xe5, 0xe5, 0xe5, 
	0xe5, 0xe5, 0xe5, 0xe5, 0xe5, 0xe5, 0xe5, 0xe5, 
	0xe5, 0xe5, 0xe5, 0xe5, 0xe5, 0xe5, 0xe5, 0xe5, 
	0xe5, 0xe5, 0xe5, 0xe5, 0xe5, 0xe5, 0xe5, 0xe5, 
	0xe5, 0xe5, 0xe5, 0xe5, 0xe5, 0xe5, 0xe5, 0xe5, 
	0xe5, 0xe5, 0xe5, 0xe5, 0xe5, 0xe5, 0xe5, 0xe5, 
	0xe5, 0xe5, 0xe5, 0xe5, 0xe5, 0xe5, 0xe5, 0xe5, 
	0xe5, 0xe5, 0xe5, 0xe5, 0xe5, 0xe5, 0xe5, 0xe5, 
	0xe5, 0xe5, 0xe5, 0xe5, 0xe5, 0xe5, 0xe5, 0xe5, 
	0xe5, 0xe5, 0xe5, 0xe5, 0xe5, 0xe5, 0xe5, 0xe5, 
	0xe5, 0xe5, 0xe5, 0xe5, 0xe5, 0xe5, 0xe5, 0xe5, 
	0xe5, 0xe5, 0xe5, 0xe5, 0xe5, 0xe5, 0xe5, 0xe5, 
	0xe5, 0xe5, 0xe5, 0xe5, 0xe5, 0xe5, 0xe5, 0xe5, 
	0xe5, 0xe5, 0xe5, 0xe5, 0xe5, 0xe5, 0xe5, 0xe5, 
	0xe5, 0xe5, 0xe5, 0xe5, 0xe5, 0xe5, 0xe5, 0xe5, 
	0xe5, 0xe5, 0xe5, 0xe5, 0xe5, 0xe5, 0xe5, 0xe5, 
	0xe5, 0xe5, 0xe5, 0xe5, 0xe5, 0xe5, 0xe5, 0xe5, 
	0xe5, 0xe5, 0xe5, 0xe5, 0xe5, 0xe5, 0xe5, 0xe5, 
	0xe5, 0xe5, 0xe5, 0xe5, 0xe5, 0xe5, 0xe5, 0xe5, 
	0xe5, 0xe5, 0xe5, 0xe5, 0xe5, 0xe5, 0xe5, 0xe5, 
	0xe5, 0xe5, 0xe5, 0xe5, 0xe5, 0xe5, 0xe5, 0xe5, 
	0xe5, 0xe5, 0xe5, 0xe5, 0xe5, 0xe5, 0xe5, 0xe5, 
	0xe5, 0xe5, 0xe5, 0xe5, 0xe5, 0xe5, 0xe5, 0xe5, 
	0xe5, 0xe5, 0xe5, 0xe5, 0xe5, 0xe5, 0xe5, 0xe5, 
	0xe5, 0xe5, 0xe5, 0xe5, 0xe5, 0xe5, 0xe5, 0xe5, 
	0xe5, 0xe5, 0xe5, 0xe5, 0xe5, 0xe5, 0xe5, 0xe5, 
	0xe5, 0xe5, 0xe5, 0xe5, 0xe5, 0xe5, 0xe5, 0xe5, 
	0xe5, 0xe5, 0xe5, 0xe5, 0xe5, 0xe5, 0xe5, 0xe5, 
	0xe5, 0xe5, 0xe5, 0xe5, 0xe5, 0xe5, 0xe5, 0xe5, 
	0xe5, 0xe5, 0xe5, 0xe5, 0xe5, 0xe5, 0xe5, 0xe5, 
	0xe5, 0xe5, 0xe5, 0xe5, 0xe5, 0xe5, 0xe5, 0xe5, 
	0xe5, 0xe5, 0xe5, 0xe5, 0xe5, 0xe5, 0xe5, 0xe5, 
	0xe5, 0xe5, 0xe5, 0xe5, 0xe5, 0xe5, 0xe5, 0xe5, 
	0xe5, 0xe5, 0xe5, 0xe5, 0xe5, 0xe5, 0xe5, 0xe5, 
	0xe5, 0xe5, 0xe5, 0xe5, 0xe5, 0xe5, 0xe5, 0xe5, 
	0xe5, 0xe5, 0xe5, 0xe5, 0xe5, 0xe5, 0xe5, 0xe5, 
	0xe5, 0xe5, 0xe5, 0xe5, 0xe5, 0xe5, 0xe5, 0xe5, 
	0xe5, 0xe5, 0xe5, 0xe5, 0xe5, 0xe5, 0xe5, 0xe5, 
	0x5a, 0xd9, 0x19, 0x53, 0xa4, 0x61, 0xe5, 0xe7, 
	0xe5, 0xe5, 0xe5, 0xe5, 0xe5, 0xe5, 0xe5, 0xe5, 
	0xe5, 0xe5, 0xe5, 0xe5, 0xe5, 0xe5, 0xe5, 0xe5, 
	0xe5, 0xe5, 0xe5, 0xe5, 0xe5, 0xe5, 0xe5, 0xe5, 
	0xe5, 0xe5, 0xe5, 0xe5, 0xe5, 0xe5, 0xe5, 0xe5, 
	0xe5, 0xe5, 0xe5, 0xe5, 0xe5, 0xe5, 0xe5, 0xe5, 
	0xe5, 0xe5, 0xe5, 0xe5, 0xe5, 0xe5, 0xe5, 0xe5, 
	0xe5, 0xe5, 0xe5, 0xe5, 0xe5, 0xe5, 0xe5, 0xe5, 
	0xe5, 0xe5, 0xe5, 0xe5, 0xe5, 0xe5, 0xe5, 0xe5, 
	0xe5, 0xe5, 0xe5, 0xe5, 0xe5, 0xe5, 0xe5, 0xe5, 
	0xe5, 0xe5, 0xe5, 0xe5, 0xe5, 0xe5, 0xe5, 0xe5, 
	0xe5, 0xe5, 0xe5, 0xe5, 0xe5, 0xe5, 0xe5, 0xe5, 
	0xe5, 0xe5, 0xe5, 0xe5, 0xe5, 0xe5, 0xe5, 0xe5, 
	0xe5, 0xe5, 0xe5, 0xe5, 0xe5, 0xe5, 0xe5, 0xe5, 
	0xe5, 0xe5, 0xe5, 0xe5, 0xe5, 0xe5, 0xe5, 0xe5, 
	0xe5, 0xe5, 0xe5, 0xe5, 0xe5, 0xe5, 0xe5, 0xe5, 
	0xe5, 0xe5, 0xe5, 0xe5, 0xe5, 0xe5, 0xe5, 0xe5, 
	0xe5, 0xe5, 0xe5, 0xe5, 0xe5, 0xe5, 0xe5, 0xe5, 
	0xe5, 0xe5, 0xe5, 0xe5, 0xe5, 0xe5, 0xe5, 0xe5, 
	0xe5, 0xe5, 0xe5, 0xe5, 0xe5, 0xe5, 0xe5, 0xe5, 
	0xe5, 0xe5, 0xe5, 0xe5, 0xe5, 0xe5, 0xe5, 0xe5, 
	0xe5, 0xe5, 0xe5, 0xe5, 0xe5, 0xe5, 0xe5, 0xe5, 
	0xe5, 0xe5, 0xe5, 0xe5, 0xe5, 0xe5, 0xe5, 0xe5, 
	0xe5, 0xe5, 0xe5, 0xe5, 0xe5, 0xe5, 0xe5, 0xe5, 
	0xe5, 0xe5, 0xe5, 0xe5, 0xe5, 0xe5, 0xe5, 0xe5, 
	0xe5, 0xe5, 0xe5, 0xe5, 0xe5, 0xe5, 0xe5, 0xe5, 
	0xe5, 0xe5, 0xe5, 0xe5, 0xe5, 0xe5, 0xe5, 0xe5, 
	0xe5, 0xe5, 0xe5, 0xe5, 0xe5, 0xe5, 0xe5, 0xe5, 
	0xe5, 0xe5, 0xe5, 0xe5, 0xe5, 0xe5, 0xe5, 0xe5, 
	0xe5, 0xe5, 0xe5, 0xe5, 0xe5, 0xe5, 0xe5, 0xe5, 
	0xe5, 0xe5, 0xe5, 0xe5, 0xe5, 0xe5, 0xe5, 0xe5, 
	0xe5, 0xe5, 0xe5, 0xe5, 0xe5, 0xe5, 0xe5, 0xe5, 
	0xe5, 0xe5, 0xe5, 0xe5, 0xe5, 0xe5, 0xe5, 0xe5, 
	0xe5, 0xe5, 0xe5, 0xe5, 0xe5, 0xe5, 0xe5, 0xe5, 
	0xe5, 0xe5, 0xe5, 0xe5, 0xe5, 0xe5, 0xe5, 0xe5, 
	0xe5, 0xe5, 0xe5, 0xe5, 0xe5, 0xe5, 0xe5, 0xe5, 
	0xe5, 0xe5, 0xe5, 0xe5, 0xe5, 0xe5, 0xe5, 0xe5, 
	0xe5, 0xe5, 0xe5, 0xe5, 0xe5, 0xe5, 0xe5, 0xe5, 
	0xe5, 0xe5, 0xe5, 0xe5, 0xe5, 0xe5, 0xe5, 0xe5, 
	0xe5, 0xe5, 0xe5, 0xe5, 0xe5, 0xe5, 0xe5, 0xe5, 
	0xe5, 0xe5, 0xe5, 0xe5, 0xe5, 0xe5, 0xe5, 0xe5, 
	0xe5, 0xe5, 0xe5, 0xe5, 0xe5, 0xe5, 0xe5, 0xe5, 
	0xe5, 0xe5, 0xe5, 0xe5, 0xe5, 0xe5, 0xe5, 0xe5, 
	0xe5, 0xe5, 0xe5, 0xe5, 0xe5, 0xe5, 0xe5, 0xe5, 
	0xe5, 0xe5, 0xe5, 0xe5, 0xe5, 0xe5, 0xe5, 0xe5, 
	0xe5, 0xe5, 0xe5, 0xe5, 0xe5, 0xe5, 0xe5, 0xe5, 
	0xe5, 0xe5, 0xe5, 0xe5, 0xe5, 0xe5, 0xe5, 0xe5, 
	0xe5, 0xe5, 0xe5, 0xe5, 0xe5, 0xe5, 0xe5, 0xe5, 
	0xe5, 0xe5, 0xe5, 0xe5, 0xe5, 0xe5, 0xe5, 0xe5, 
	0xe5, 0xe5, 0xe5, 0xe5, 0xe5, 0xe5, 0xe5, 0xe5, 
	0xe5, 0xe5, 0xe5, 0xe5, 0xe5, 0xe5, 0xe5, 0xe5, 
	0xe5, 0xe5, 0xe5, 0xe5, 0xe5, 0xe5, 0xe5, 0xe5, 
	0xe5, 0xe5, 0xe5, 0xe5, 0xe5, 0xe5, 0xe5, 0xe5, 
	0xe5, 0xe5, 0xe5, 0xe5, 0xe5, 0xe5, 0xe5, 0xe5, 
	0xe5, 0xe5, 0xe5, 0xe5, 0xe5, 0xe5, 0xe5, 0xe5, 
	0xe5, 0xe5, 0xe5, 0xe5, 0xe5, 0xe5, 0xe5, 0xe5, 
	0xe5, 0xe5, 0xe5, 0xe5, 0xe5, 0xe5, 0xe5, 0xe5, 
	0xe5, 0xe5, 0xe5, 0xe5, 0xe5, 0xe5, 0xe5, 0xe5, 
	0xe5, 0xe5, 0xe5, 0xe5, 0xe5, 0xe5, 0xe5, 0xe5, 
	0xe5, 0xe5, 0xe5, 0xe5, 0xe5, 0xe5, 0xe5, 0xe5, 
	0xe5, 0xe5, 0xe5, 0xe5, 0xe5, 0xe5, 0xe5, 0xe5, 
	0xe5, 0xe5, 0xe5, 0xe5, 0xe5, 0xe5, 0xe5, 0xe5, 
	0xe5, 0xe5, 0xe5, 0xe5, 0xe5, 0xe5, 0xe5, 0xe5, 
	0xdd, 0xe5, 0xdd, 0xe5, 0xdd, 0xe5, 0xdd, 0xe5, 
	0x11, 0x53, 0x52, 0xd9, 0x52, 0xd9, 0xdd, 0xe7, 
	0xee, 0x69, 0xe5, 0xe5, 0xe5, 0xe5, 0xe5, 0xe5, 
	0xe5, 0xe5, 0xe5, 0xe5, 0xe5, 0xe5, 0xe5, 0xe5, 
	0xe5, 0xe5, 0xe5, 0xe5, 0xe5, 0xe5, 0xe5, 0xe5, 
	0xe5, 0xe5, 0xe5, 0xe5, 0xe5, 0xe5, 0xe5, 0xe5, 
	0xe5, 0xe5, 0xe5, 0xe5, 0xe5, 0xe5, 0xe5, 0xe5, 
	0xe5, 0xe5, 0xe5, 0xe5, 0xe5, 0xe5, 0xe5, 0xe5, 
	0xe5, 0xe5, 0xe5, 0xe5, 0xe5, 0xe5, 0xe5, 0xe5, 
	0xe5, 0xe5, 0xe5, 0xe5, 0xe5, 0xe5, 0xe5, 0xe5, 
	0xe5, 0xe5, 0xe5, 0xe5, 0xe5, 0xe5, 0xe5, 0xe5, 
	0xe5, 0xe5, 0xe5, 0xe5, 0xe5, 0xe5, 0xe5, 0xe5, 
	0xe5, 0xe5, 0xe5, 0xe5, 0xe5, 0xe5, 0xe5, 0xe5, 
	0xe5, 0xe5, 0xe5, 0xe5, 0xe5, 0xe5, 0xe5, 0xe5, 
	0xe5, 0xe5, 0xe5, 0xe5, 0xe5, 0xe5, 0xe5, 0xe5, 
	0xe5, 0xe5, 0xe5, 0xe5, 0xe5, 0xe5, 0xe5, 0xe5, 
	0xe5, 0xe5, 0xe5, 0xe5, 0xe5, 0xe5, 0xe5, 0xe5, 
	0xe5, 0xe5, 0xe5, 0xe5, 0xe5, 0xe5, 0xe5, 0xe5, 
	0xe5, 0xe5, 0xe5, 0xe5, 0xe5, 0xe5, 0xe5, 0xe5, 
	0xe5, 0xe5, 0xe5, 0xe5, 0xe5, 0xe5, 0xe5, 0xe5, 
	0xe5, 0xe5, 0xe5, 0xe5, 0xe5, 0xe5, 0xe5, 0xe5, 
	0xe5, 0xe5, 0xe5, 0xe5, 0xe5, 0xe5, 0xe5, 0xe5, 
	0xe5, 0xe5, 0xe5, 0xe5, 0xe5, 0xe5, 0xe5, 0xe5, 
	0xe5, 0xe5, 0xe5, 0xe5, 0xe5, 0xe5, 0xe5, 0xe5, 
	0xe5, 0xe5, 0xe5, 0xe5, 0xe5, 0xe5, 0xe5, 0xe5, 
	0xe5, 0xe5, 0xe5, 0xe5, 0xe5, 0xe5, 0xe5, 0xe5, 
	0xe5, 0xe5, 0xe5, 0xe5, 0xe5, 0xe5, 0xe5, 0xe5, 
	0xe5, 0xe5, 0xe5, 0xe5, 0xe5, 0xe5, 0xe5, 0xe5, 
	0xe5, 0xe5, 0xe5, 0xe5, 0xe5, 0xe5, 0xe5, 0xe5, 
	0xe5, 0xe5, 0xe5, 0xe5, 0xe5, 0xe5, 0xe5, 0xe5, 
	0xe5, 0xe5, 0xe5, 0xe5, 0xe5, 0xe5, 0xe5, 0xe5, 
	0xe5, 0xe5, 0xe5, 0xe5, 0xe5, 0xe5, 0xe5, 0xe5, 
	0xe5, 0xe5, 0xe5, 0xe5, 0xe5, 0xe5, 0xe5, 0xe5, 
	0xe5, 0xe5, 0xe5, 0xe5, 0xe5, 0xe5, 0xe5, 0xe5, 
	0xe5, 0xe5, 0xe5, 0xe5, 0xe5, 0xe5, 0xe5, 0xe5, 
	0xe5, 0xe5, 0xe5, 0xe5, 0xe5, 0xe5, 0xe5, 0xe5, 
	0xe5, 0xe5, 0xe5, 0xe5, 0xe5, 0xe5, 0xe5, 0xe5, 
	0xe5, 0xe5, 0xe5, 0xe5, 0xe5, 0xe5, 0xe5, 0xe5, 
	0xe5, 0xe5, 0xe5, 0xe5, 0xe5, 0xe5, 0xe5, 0xe5, 
	0xe5, 0xe5, 0xe5, 0xe5, 0xe5, 0xe5, 0xe5, 0xe5, 
	0xe5, 0xe5, 0xe5, 0xe5, 0xe5, 0xe5, 0xe5, 0xe5, 
	0xe5, 0xe5, 0xe5, 0xe5, 0xe5, 0xe5, 0xe5, 0xe5, 
	0xe5, 0xe5, 0xe5, 0xe5, 0xe5, 0xe5, 0xe5, 0xe5, 
	0xe5, 0xe5, 0xe5, 0xe5, 0xe5, 0xe5, 0xe5, 0xe5, 
	0xe5, 0xe5, 0xe5, 0xe5, 0xe5, 0xe5, 0xe5, 0xe5, 
	0xe5, 0xe5, 0xe5, 0xe5, 0xe5, 0xe5, 0xe5, 0xe5, 
	0xe5, 0xe5, 0xe5, 0xe5, 0xe5, 0xe5, 0xe5, 0xe5, 
	0xe5, 0xe5, 0xe5, 0xe5, 0xe5, 0xe5, 0xe5, 0xe5, 
	0xe5, 0xe5, 0xe5, 0xe5, 0xe5, 0xe5, 0xe5, 0xe5, 
	0xe5, 0xe5, 0xe5, 0xe5, 0xe5, 0xe5, 0xe5, 0xe5, 
	0xe5, 0xe5, 0xe5, 0xe5, 0xe5, 0xe5, 0xe5, 0xe5, 
	0xe5, 0xe5, 0xe5, 0xe5, 0xe5, 0xe5, 0xe5, 0xe5, 
	0xe5, 0xe5, 0xe5, 0xe5, 0xe5, 0xe5, 0xe5, 0xe5, 
	0xe5, 0xe5, 0xe5, 0xe5, 0xe5, 0xe5, 0xe5, 0xe5, 
	0xe5, 0xe5, 0xe5, 0xe5, 0xe5, 0xe5, 0xe5, 0xe5, 
	0xe5, 0xe5, 0xe5, 0xe5, 0xe5, 0xe5, 0xe5, 0xe5, 
	0xe5, 0xe5, 0xe5, 0xe5, 0xe5, 0xe5, 0xe5, 0xe5, 
	0xe5, 0xe5, 0xe5, 0xe5, 0xe5, 0xe5, 0xe5, 0xe5, 
	0xe5, 0xe5, 0xe5, 0xe5, 0xe5, 0xe5, 0xe5, 0xe5, 
	0xe5, 0xe5, 0xe5, 0xe5, 0xe5, 0xe5, 0xe5, 0xe5, 
	0xe5, 0xe5, 0xe5, 0xe5, 0xe5, 0xe5, 0xe5, 0xe5, 
	0xe5, 0xe5, 0xe5, 0xe5, 0xe5, 0xe5, 0xe5, 0xe5, 
	0xe5, 0xe5, 0xe5, 0xe5, 0xe5, 0xe5, 0xe5, 0xe5, 
	0xe5, 0xe5, 0xe5, 0xe5, 0xe5, 0xe5, 0xe5, 0xe5, 
	0xdd, 0xe5, 0xdd, 0xe5, 0xdd, 0xe5, 0x63, 0x1b, 
	0x11, 0x53, 0x11, 0x53, 0x11, 0x53, 0xdd, 0xe7, 
	0xf6, 0xab, 0xe5, 0xe5, 0xe5, 0xe5, 0xe5, 0xe5, 
	0xe5, 0xe5, 0xe5, 0xe5, 0xe5, 0xe5, 0xe5, 0xe5, 
	0xe5, 0xe5, 0xe5, 0xe5, 0xe5, 0xe5, 0xe5, 0xe5, 
	0xe5, 0xe5, 0xe5, 0xe5, 0xe5, 0xe5, 0xe5, 0xe5, 
	0xe5, 0xe5, 0xe5, 0xe5, 0xe5, 0xe5, 0xe5, 0xe5, 
	0xe5, 0xe5, 0xe5, 0xe5, 0xe5, 0xe5, 0xe5, 0xe5, 
	0xe5, 0xe5, 0xe5, 0xe5, 0xe5, 0xe5, 0xe5, 0xe5, 
	0xe5, 0xe5, 0xe5, 0xe5, 0xe5, 0xe5, 0xe5, 0xe5, 
	0xe5, 0xe5, 0xe5, 0xe5, 0xe5, 0xe5, 0xe5, 0xe5, 
	0xe5, 0xe5, 0xe5, 0xe5, 0xe5, 0xe5, 0xe5, 0xe5, 
	0xe5, 0xe5, 0xe5, 0xe5, 0xe5, 0xe5, 0xe5, 0xe5, 
	0xe5, 0xe5, 0xe5, 0xe5, 0xe5, 0xe5, 0xe5, 0xe5, 
	0xe5, 0xe5, 0xe5, 0xe5, 0xe5, 0xe5, 0xe5, 0xe5, 
	0xe5, 0xe5, 0xe5, 0xe5, 0xe5, 0xe5, 0xe5, 0xe5, 
	0xe5, 0xe5, 0xe5, 0xe5, 0xe5, 0xe5, 0xe5, 0xe5, 
	0xe5, 0xe5, 0xe5, 0xe5, 0xe5, 0xe5, 0xe5, 0xe5, 
	0xe5, 0xe5, 0xe5, 0xe5, 0xe5, 0xe5, 0xe5, 0xe5, 
	0xe5, 0xe5, 0xe5, 0xe5, 0xe5, 0xe5, 0xe5, 0xe5, 
	0xe5, 0xe5, 0xe5, 0xe5, 0xe5, 0xe5, 0xe5, 0xe5, 
	0xe5, 0xe5, 0xe5, 0xe5, 0xe5, 0xe5, 0xe5, 0xe5, 
	0xe5, 0xe5, 0xe5, 0xe5, 0xe5, 0xe5, 0xe5, 0xe5, 
	0xe5, 0xe5, 0xe5, 0xe5, 0xe5, 0xe5, 0xe5, 0xe5, 
	0xe5, 0xe5, 0xe5, 0xe5, 0xe5, 0xe5, 0xe5, 0xe5, 
	0xe5, 0xe5, 0xe5, 0xe5, 0xe5, 0xe5, 0xe5, 0xe5, 
	0xe5, 0xe5, 0xe5, 0xe5, 0xe5, 0xe5, 0xe5, 0xe5, 
	0xe5, 0xe5, 0xe5, 0xe5, 0xe5, 0xe5, 0xe5, 0xe5, 
	0xe5, 0xe5, 0xe5, 0xe5, 0xe5, 0xe5, 0xe5, 0xe5, 
	0xe5, 0xe5, 0xe5, 0xe5, 0xe5, 0xe5, 0xe5, 0xe5, 
	0xe5, 0xe5, 0xe5, 0xe5, 0xe5, 0xe5, 0xe5, 0xe5, 
	0xe5, 0xe5, 0xe5, 0xe5, 0xe5, 0xe5, 0xe5, 0xe5, 
	0xe5, 0xe5, 0xe5, 0xe5, 0xe5, 0xe5, 0xe5, 0xe5, 
	0xe5, 0xe5, 0xe5, 0xe5, 0xe5, 0xe5, 0xe5, 0xe5, 
	0xe5, 0xe5, 0xe5, 0xe5, 0xe5, 0xe5, 0xe5, 0xe5, 
	0xe5, 0xe5, 0xe5, 0xe5, 0xe5, 0xe5, 0xe5, 0xe5, 
	0xe5, 0xe5, 0xe5, 0xe5, 0xe5, 0xe5, 0xe5, 0xe5, 
	0xe5, 0xe5, 0xe5, 0xe5, 0xe5, 0xe5, 0xe5, 0xe5, 
	0xe5, 0xe5, 0xe5, 0xe5, 0xe5, 0xe5, 0xe5, 0xe5, 
	0xe5, 0xe5, 0xe5, 0xe5, 0xe5, 0xe5, 0xe5, 0xe5, 
	0xe5, 0xe5, 0xe5, 0xe5, 0xe5, 0xe5, 0xe5, 0xe5, 
	0xe5, 0xe5, 0xe5, 0xe5, 0xe5, 0xe5, 0xe5, 0xe5, 
	0xe5, 0xe5, 0xe5, 0xe5, 0xe5, 0xe5, 0xe5, 0xe5, 
	0xe5, 0xe5, 0xe5, 0xe5, 0xe5, 0xe5, 0xe5, 0xe5, 
	0xe5, 0xe5, 0xe5, 0xe5, 0xe5, 0xe5, 0xe5, 0xe5, 
	0xe5, 0xe5, 0xe5, 0xe5, 0xe5, 0xe5, 0xe5, 0xe5, 
	0xe5, 0xe5, 0xe5, 0xe5, 0xe5, 0xe5, 0xe5, 0xe5, 
	0xe5, 0xe5, 0xe5, 0xe5, 0xe5, 0xe5, 0xe5, 0xe5, 
	0xe5, 0xe5, 0xe5, 0xe5, 0xe5, 0xe5, 0xe5, 0xe5, 
	0xe5, 0xe5, 0xe5, 0xe5, 0xe5, 0xe5, 0xe5, 0xe5, 
	0xe5, 0xe5, 0xe5, 0xe5, 0xe5, 0xe5, 0xe5, 0xe5, 
	0xe5, 0xe5, 0xe5, 0xe5, 0xe5, 0xe5, 0xe5, 0xe5, 
	0xe5, 0xe5, 0xe5, 0xe5, 0xe5, 0xe5, 0xe5, 0xe5, 
	0xe5, 0xe5, 0xe5, 0xe5, 0xe5, 0xe5, 0xe5, 0xe5, 
	0xe5, 0xe5, 0xe5, 0xe5, 0xe5, 0xe5, 0xe5, 0xe5, 
	0xe5, 0xe5, 0xe5, 0xe5, 0xe5, 0xe5, 0xe5, 0xe5, 
	0xe5, 0xe5, 0xe5, 0xe5, 0xe5, 0xe5, 0xe5, 0xe5, 
	0xe5, 0xe5, 0xe5, 0xe5, 0xe5, 0xe5, 0xe5, 0xe5, 
	0xe5, 0xe5, 0xe5, 0xe5, 0xe5, 0xe5, 0xe5, 0xe5, 
	0xe5, 0xe5, 0xe5, 0xe5, 0xe5, 0xe5, 0xe5, 0xe5, 
	0xe5, 0xe5, 0xe5, 0xe5, 0xe5, 0xe5, 0xe5, 0xe5, 
	0xe5, 0xe5, 0xe5, 0xe5, 0xe5, 0xe5, 0xe5, 0xe5, 
	0xe5, 0xe5, 0xe5, 0xe5, 0xe5, 0xe5, 0xe5, 0xe5, 
	0xe5, 0xe5, 0xe5, 0xe5, 0xe5, 0xe5, 0xe5, 0xe5, 
	0xdd, 0xe5, 0xdd, 0xe5, 0xa4, 0x9f, 0x29, 0xd5, 
	0x11, 0x53, 0x11, 0x53, 0x11, 0x53, 0x9c, 0x61, 
	0xff, 0x2f, 0xff, 0x2f, 0xe5, 0xe5, 0xe5, 0xe5, 
	0xe5, 0xe5, 0xe5, 0xe5, 0xe5, 0xe5, 0xe5, 0xe5, 
	0xe5, 0xe5, 0xe5, 0xe5, 0xe5, 0xe5, 0xe5, 0xe5, 
	0xe5, 0xe5, 0xe5, 0xe5, 0xe5, 0xe5, 0xe5, 0xe5, 
	0xe5, 0xe5, 0xe5, 0xe5, 0xe5, 0xe5, 0xe5, 0xe5, 
	0xe5, 0xe5, 0xe5, 0xe5, 0xe5, 0xe5, 0xe5, 0xe5, 
	0xe5, 0xe5, 0xe5, 0xe5, 0xe5, 0xe5, 0xe5, 0xe5, 
	0xe5, 0xe5, 0xe5, 0xe5, 0xe5, 0xe5, 0xe5, 0xe5, 
	0xe5, 0xe5, 0xe5, 0xe5, 0xe5, 0xe5, 0xe5, 0xe5, 
	0xe5, 0xe5, 0xe5, 0xe5, 0xe5, 0xe5, 0xe5, 0xe5, 
	0xe5, 0xe5, 0xe5, 0xe5, 0xe5, 0xe5, 0xe5, 0xe5, 
	0xe5, 0xe5, 0xe5, 0xe5, 0xe5, 0xe5, 0xe5, 0xe5, 
	0xe5, 0xe5, 0xe5, 0xe5, 0xe5, 0xe5, 0xe5, 0xe5, 
	0xe5, 0xe5, 0xe5, 0xe5, 0xe5, 0xe5, 0xe5, 0xe5, 
	0xe5, 0xe5, 0xe5, 0xe5, 0xe5, 0xe5, 0xe5, 0xe5, 
	0xe5, 0xe5, 0xe5, 0xe5, 0xe5, 0xe5, 0xe5, 0xe5, 
	0xe5, 0xe5, 0xe5, 0xe5, 0xe5, 0xe5, 0xe5, 0xe5, 
	0xe5, 0xe5, 0xe5, 0xe5, 0xe5, 0xe5, 0xe5, 0xe5, 
	0xe5, 0xe5, 0xe5, 0xe5, 0xe5, 0xe5, 0xe5, 0xe5, 
	0xe5, 0xe5, 0xe5, 0xe5, 0xe5, 0xe5, 0xe5, 0xe5, 
	0xe5, 0xe5, 0xe5, 0xe5, 0xe5, 0xe5, 0xe5, 0xe5, 
	0xe5, 0xe5, 0xe5, 0xe5, 0xe5, 0xe5, 0xe5, 0xe5, 
	0xe5, 0xe5, 0xe5, 0xe5, 0xe5, 0xe5, 0xe5, 0xe5, 
	0xe5, 0xe5, 0xe5, 0xe5, 0xe5, 0xe5, 0xe5, 0xe5, 
	0xe5, 0xe5, 0xe5, 0xe5, 0xe5, 0xe5, 0xe5, 0xe5, 
	0xe5, 0xe5, 0xe5, 0xe5, 0xe5, 0xe5, 0xe5, 0xe5, 
	0xe5, 0xe5, 0xe5, 0xe5, 0xe5, 0xe5, 0xe5, 0xe5, 
	0xe5, 0xe5, 0xe5, 0xe5, 0xe5, 0xe5, 0xe5, 0xe5, 
	0xe5, 0xe5, 0xe5, 0xe5, 0xe5, 0xe5, 0xe5, 0xe5, 
	0xe5, 0xe5, 0xe5, 0xe5, 0xe5, 0xe5, 0xe5, 0xe5, 
	0xe5, 0xe5, 0xe5, 0xe5, 0xe5, 0xe5, 0xe5, 0xe5, 
	0xe5, 0xe5, 0xe5, 0xe5, 0xe5, 0xe5, 0xe5, 0xe5, 
	0xe5, 0xe5, 0xe5, 0xe5, 0xe5, 0xe5, 0xe5, 0xe5, 
	0xe5, 0xe5, 0xe5, 0xe5, 0xe5, 0xe5, 0xe5, 0xe5, 
	0xe5, 0xe5, 0xe5, 0xe5, 0xe5, 0xe5, 0xe5, 0xe5, 
	0xe5, 0xe5, 0xe5, 0xe5, 0xe5, 0xe5, 0xe5, 0xe5, 
	0xe5, 0xe5, 0xe5, 0xe5, 0xe5, 0xe5, 0xe5, 0xe5, 
	0xe5, 0xe5, 0xe5, 0xe5, 0xe5, 0xe5, 0xe5, 0xe5, 
	0xe5, 0xe5, 0xe5, 0xe5, 0xe5, 0xe5, 0xe5, 0xe5, 
	0xe5, 0xe5, 0xe5, 0xe5, 0xe5, 0xe5, 0xe5, 0xe5, 
	0xe5, 0xe5, 0xe5, 0xe5, 0xe5, 0xe5, 0xe5, 0xe5, 
	0xe5, 0xe5, 0xe5, 0xe5, 0xe5, 0xe5, 0xe5, 0xe5, 
	0xe5, 0xe5, 0xe5, 0xe5, 0xe5, 0xe5, 0xe5, 0xe5, 
	0xe5, 0xe5, 0xe5, 0xe5, 0xe5, 0xe5, 0xe5, 0xe5, 
	0xe5, 0xe5, 0xe5, 0xe5, 0xe5, 0xe5, 0xe5, 0xe5, 
	0xe5, 0xe5, 0xe5, 0xe5, 0xe5, 0xe5, 0xe5, 0xe5, 
	0xe5, 0xe5, 0xe5, 0xe5, 0xe5, 0xe5, 0xe5, 0xe5, 
	0xe5, 0xe5, 0xe5, 0xe5, 0xe5, 0xe5, 0xe5, 0xe5, 
	0xe5, 0xe5, 0xe5, 0xe5, 0xe5, 0xe5, 0xe5, 0xe5, 
	0xe5, 0xe5, 0xe5, 0xe5, 0xe5, 0xe5, 0xe5, 0xe5, 
	0xe5, 0xe5, 0xe5, 0xe5, 0xe5, 0xe5, 0xe5, 0xe5, 
	0xe5, 0xe5, 0xe5, 0xe5, 0xe5, 0xe5, 0xe5, 0xe5, 
	0xe5, 0xe5, 0xe5, 0xe5, 0xe5, 0xe5, 0xe5, 0xe5, 
	0xe5, 0xe5, 0xe5, 0xe5, 0xe5, 0xe5, 0xe5, 0xe5, 
	0xe5, 0xe5, 0xe5, 0xe5, 0xe5, 0xe5, 0xe5, 0xe5, 
	0xe5, 0xe5, 0xe5, 0xe5, 0xe5, 0xe5, 0xe5, 0xe5, 
	0xe5, 0xe5, 0xe5, 0xe5, 0xe5, 0xe5, 0xe5, 0xe5, 
	0xe5, 0xe5, 0xe5, 0xe5, 0xe5, 0xe5, 0xe5, 0xe5, 
	0xe5, 0xe5, 0xe5, 0xe5, 0xe5, 0xe5, 0xe5, 0xe5, 
	0xe5, 0xe5, 0xe5, 0xe5, 0xe5, 0xe5, 0xe5, 0xe5, 
	0xe5, 0xe5, 0xe5, 0xe5, 0xe5, 0xe5, 0xe5, 0xe5, 
	0xe5, 0xe5, 0xe5, 0xe5, 0xe5, 0xe5, 0xe5, 0xe5, 
	0xdd, 0xe5, 0xdd, 0xe5, 0x29, 0xd5, 0x29, 0xd5, 
	0x11, 0x53, 0x11, 0x53, 0x11, 0x53, 0x9c, 0x61, 
	0xff, 0x2f, 0xf6, 0xab, 0xe5, 0xe5, 0xe5, 0xe5, 
	0xe5, 0xe5, 0xe5, 0xe5, 0xe5, 0xe5, 0xe5, 0xe5, 
	0xe5, 0xe5, 0xe5, 0xe5, 0xe5, 0xe5, 0xe5, 0xe5, 
	0xe5, 0xe5, 0xe5, 0xe5, 0xe5, 0xe5, 0xe5, 0xe5, 
	0xe5, 0xe5, 0xe5, 0xe5, 0xe5, 0xe5, 0xe5, 0xe5, 
	0xe5, 0xe5, 0xe5, 0xe5, 0xe5, 0xe5, 0xe5, 0xe5, 
	0xe5, 0xe5, 0xe5, 0xe5, 0xe5, 0xe5, 0xe5, 0xe5, 
	0xe5, 0xe5, 0xe5, 0xe5, 0xe5, 0xe5, 0xe5, 0xe5, 
	0xe5, 0xe5, 0xe5, 0xe5, 0xe5, 0xe5, 0xe5, 0xe5, 
	0xe5, 0xe5, 0xe5, 0xe5, 0xe5, 0xe5, 0xe5, 0xe5, 
	0xe5, 0xe5, 0xe5, 0xe5, 0xe5, 0xe5, 0xe5, 0xe5, 
	0xe5, 0xe5, 0xe5, 0xe5, 0xe5, 0xe5, 0xe5, 0xe5, 
	0xe5, 0xe5, 0xe5, 0xe5, 0xe5, 0xe5, 0xe5, 0xe5, 
	0xe5, 0xe5, 0xe5, 0xe5, 0xe5, 0xe5, 0xe5, 0xe5, 
	0xe5, 0xe5, 0xe5, 0xe5, 0xe5, 0xe5, 0xe5, 0xe5, 
	0xe5, 0xe5, 0xe5, 0xe5, 0xe5, 0xe5, 0xe5, 0xe5, 
	0xe5, 0xe5, 0xe5, 0xe5, 0xe5, 0xe5, 0xe5, 0xe5, 
	0xe5, 0xe5, 0xe5, 0xe5, 0xe5, 0xe5, 0xe5, 0xe5, 
	0xe5, 0xe5, 0xe5, 0xe5, 0xe5, 0xe5, 0xe5, 0xe5, 
	0xe5, 0xe5, 0xe5, 0xe5, 0xe5, 0xe5, 0xe5, 0xe5, 
	0xe5, 0xe5, 0xe5, 0xe5, 0xe5, 0xe5, 0xe5, 0xe5, 
	0xe5, 0xe5, 0xe5, 0xe5, 0xe5, 0xe5, 0xe5, 0xe5, 
	0xe5, 0xe5, 0xe5, 0xe5, 0xe5, 0xe5, 0xe5, 0xe5, 
	0xe5, 0xe5, 0xe5, 0xe5, 0xe5, 0xe5, 0xe5, 0xe5, 
	0xe5, 0xe5, 0xe5, 0xe5, 0xe5, 0xe5, 0xe5, 0xe5, 
	0xe5, 0xe5, 0xe5, 0xe5, 0xe5, 0xe5, 0xe5, 0xe5, 
	0xe5, 0xe5, 0xe5, 0xe5, 0xe5, 0xe5, 0xe5, 0xe5, 
	0xe5, 0xe5, 0xe5, 0xe5, 0xe5, 0xe5, 0xe5, 0xe5, 
	0xe5, 0xe5, 0xe5, 0xe5, 0xe5, 0xe5, 0xe5, 0xe5, 
	0xe5, 0xe5, 0xe5, 0xe5, 0xe5, 0xe5, 0xe5, 0xe5, 
	0xe5, 0xe5, 0xe5, 0xe5, 0xe5, 0xe5, 0xe5, 0xe5, 
	0xe5, 0xe5, 0xe5, 0xe5, 0xe5, 0xe5, 0xe5, 0xe5, 
	0xe5, 0xe5, 0xe5, 0xe5, 0xe5, 0xe5, 0xe5, 0xe5, 
	0xe5, 0xe5, 0xe5, 0xe5, 0xe5, 0xe5, 0xe5, 0xe5, 
	0xe5, 0xe5, 0xe5, 0xe5, 0xe5, 0xe5, 0xe5, 0xe5, 
	0xe5, 0xe5, 0xe5, 0xe5, 0xe5, 0xe5, 0xe5, 0xe5, 
	0xe5, 0xe5, 0xe5, 0xe5, 0xe5, 0xe5, 0xe5, 0xe5, 
	0xe5, 0xe5, 0xe5, 0xe5, 0xe5, 0xe5, 0xe5, 0xe5, 
	0xe5, 0xe5, 0xe5, 0xe5, 0xe5, 0xe5, 0xe5, 0xe5, 
	0xe5, 0xe5, 0xe5, 0xe5, 0xe5, 0xe5, 0xe5, 0xe5, 
	0xe5, 0xe5, 0xe5, 0xe5, 0xe5, 0xe5, 0xe5, 0xe5, 
	0xe5, 0xe5, 0xe5, 0xe5, 0xe5, 0xe5, 0xe5, 0xe5, 
	0xe5, 0xe5, 0xe5, 0xe5, 0xe5, 0xe5, 0xe5, 0xe5, 
	0xe5, 0xe5, 0xe5, 0xe5, 0xe5, 0xe5, 0xe5, 0xe5, 
	0xe5, 0xe5, 0xe5, 0xe5, 0xe5, 0xe5, 0xe5, 0xe5, 
	0xe5, 0xe5, 0xe5, 0xe5, 0xe5, 0xe5, 0xe5, 0xe5, 
	0xe5, 0xe5, 0xe5, 0xe5, 0xe5, 0xe5, 0xe5, 0xe5, 
	0xe5, 0xe5, 0xe5, 0xe5, 0xe5, 0xe5, 0xe5, 0xe5, 
	0xe5, 0xe5, 0xe5, 0xe5, 0xe5, 0xe5, 0xe5, 0xe5, 
	0xe5, 0xe5, 0xe5, 0xe5, 0xe5, 0xe5, 0xe5, 0xe5, 
	0xe5, 0xe5, 0xe5, 0xe5, 0xe5, 0xe5, 0xe5, 0xe5, 
	0xe5, 0xe5, 0xe5, 0xe5, 0xe5, 0xe5, 0xe5, 0xe5, 
	0xe5, 0xe5, 0xe5, 0xe5, 0xe5, 0xe5, 0xe5, 0xe5, 
	0xe5, 0xe5, 0xe5, 0xe5, 0xe5, 0xe5, 0xe5, 0xe5, 
	0xe5, 0xe5, 0xe5, 0xe5, 0xe5, 0xe5, 0xe5, 0xe5, 
	0xe5, 0xe5, 0xe5, 0xe5, 0xe5, 0xe5, 0xe5, 0xe5, 
	0xe5, 0xe5, 0xe5, 0xe5, 0xe5, 0xe5, 0xe5, 0xe5, 
	0xe5, 0xe5, 0xe5, 0xe5, 0xe5, 0xe5, 0xe5, 0xe5, 
	0xe5, 0xe5, 0xe5, 0xe5, 0xe5, 0xe5, 0xe5, 0xe5, 
	0xe5, 0xe5, 0xe5, 0xe5, 0xe5, 0xe5, 0xe5, 0xe5, 
	0xe5, 0xe5, 0xe5, 0xe5, 0xe5, 0xe5, 0xe5, 0xe5, 
	0xe5, 0xe5, 0xe5, 0xe5, 0xe5, 0xe5, 0xe5, 0xe5, 
	0xe5, 0xe7, 0x9c, 0x5f, 0x11, 0x11, 0x11, 0x11, 
	0x01, 0x11, 0x01, 0x11, 0x01, 0x11, 0x8b, 0xdd, 
	0xfe, 0xed, 0xfe, 0xed, 0xcd, 0x63, 0xe6, 0x29, 
	0xe5, 0xe5, 0xe5, 0xe5, 0xe5, 0xe5, 0xe5, 0xe5, 
	0xe5, 0xe5, 0xe5, 0xe5, 0xe5, 0xe5, 0xe5, 0xe5, 
	0xe5, 0xe5, 0xe5, 0xe5, 0xe5, 0xe5, 0xe5, 0xe5, 
	0xe5, 0xe5, 0xe5, 0xe5, 0xe5, 0xe5, 0xe5, 0xe5, 
	0xe5, 0xe5, 0xe5, 0xe5, 0xe5, 0xe5, 0xe5, 0xe5, 
	0xe5, 0xe5, 0xe5, 0xe5, 0xe5, 0xe5, 0xe5, 0xe5, 
	0xe5, 0xe5, 0xe5, 0xe5, 0xe5, 0xe5, 0xe5, 0xe5, 
	0xe5, 0xe5, 0xe5, 0xe5, 0xe5, 0xe5, 0xe5, 0xe5, 
	0xe5, 0xe5, 0xe5, 0xe5, 0xe5, 0xe5, 0xe5, 0xe5, 
	0xe5, 0xe5, 0xe5, 0xe5, 0xe5, 0xe5, 0xe5, 0xe5, 
	0xe5, 0xe5, 0xe5, 0xe5, 0xe5, 0xe5, 0xe5, 0xe5, 
	0xe5, 0xe5, 0xe5, 0xe5, 0xe5, 0xe5, 0xe5, 0xe5, 
	0xe5, 0xe5, 0xe5, 0xe5, 0xe5, 0xe5, 0xe5, 0xe5, 
	0xe5, 0xe5, 0xe5, 0xe5, 0xe5, 0xe5, 0xe5, 0xe5, 
	0xe5, 0xe5, 0xe5, 0xe5, 0xe5, 0xe5, 0xe5, 0xe5, 
	0xe5, 0xe5, 0xe5, 0xe5, 0xe5, 0xe5, 0xe5, 0xe5, 
	0xe5, 0xe5, 0xe5, 0xe5, 0xe5, 0xe5, 0xe5, 0xe5, 
	0xe5, 0xe5, 0xe5, 0xe5, 0xe5, 0xe5, 0xe5, 0xe5, 
	0xe5, 0xe5, 0xe5, 0xe5, 0xe5, 0xe5, 0xe5, 0xe5, 
	0xe5, 0xe5, 0xe5, 0xe5, 0xe5, 0xe5, 0xe5, 0xe5, 
	0xe5, 0xe5, 0xe5, 0xe5, 0xe5, 0xe5, 0xe5, 0xe5, 
	0xe5, 0xe5, 0xe5, 0xe5, 0xe5, 0xe5, 0xe5, 0xe5, 
	0xe5, 0xe5, 0xe5, 0xe5, 0xe5, 0xe5, 0xe5, 0xe5, 
	0xe5, 0xe5, 0xe5, 0xe5, 0xe5, 0xe5, 0xe5, 0xe5, 
	0xe5, 0xe5, 0xe5, 0xe5, 0xe5, 0xe5, 0xe5, 0xe5, 
	0xe5, 0xe5, 0xe5, 0xe5, 0xe5, 0xe5, 0xe5, 0xe5, 
	0xe5, 0xe5, 0xe5, 0xe5, 0xe5, 0xe5, 0xe5, 0xe5, 
	0xe5, 0xe5, 0xe5, 0xe5, 0xe5, 0xe5, 0xe5, 0xe5, 
	0xe5, 0xe5, 0xe5, 0xe5, 0xe5, 0xe5, 0xe5, 0xe5, 
	0xe5, 0xe5, 0xe5, 0xe5, 0xe5, 0xe5, 0xe5, 0xe5, 
	0xe5, 0xe5, 0xe5, 0xe5, 0xe5, 0xe5, 0xe5, 0xe5, 
	0xe5, 0xe5, 0xe5, 0xe5, 0xe5, 0xe5, 0xe5, 0xe5, 
	0xe5, 0xe5, 0xe5, 0xe5, 0xe5, 0xe5, 0xe5, 0xe5, 
	0xe5, 0xe5, 0xe5, 0xe5, 0xe5, 0xe5, 0xe5, 0xe5, 
	0xe5, 0xe5, 0xe5, 0xe5, 0xe5, 0xe5, 0xe5, 0xe5, 
	0xe5, 0xe5, 0xe5, 0xe5, 0xe5, 0xe5, 0xe5, 0xe5, 
	0xe5, 0xe5, 0xe5, 0xe5, 0xe5, 0xe5, 0xe5, 0xe5, 
	0xe5, 0xe5, 0xe5, 0xe5, 0xe5, 0xe5, 0xe5, 0xe5, 
	0xe5, 0xe5, 0xe5, 0xe5, 0xe5, 0xe5, 0xe5, 0xe5, 
	0xe5, 0xe5, 0xe5, 0xe5, 0xe5, 0xe5, 0xe5, 0xe5, 
	0xe5, 0xe5, 0xe5, 0xe5, 0xe5, 0xe5, 0xe5, 0xe5, 
	0xe5, 0xe5, 0xe5, 0xe5, 0xe5, 0xe5, 0xe5, 0xe5, 
	0xe5, 0xe5, 0xe5, 0xe5, 0xe5, 0xe5, 0xe5, 0xe5, 
	0xe5, 0xe5, 0xe5, 0xe5, 0xe5, 0xe5, 0xe5, 0xe5, 
	0xe5, 0xe5, 0xe5, 0xe5, 0xe5, 0xe5, 0xe5, 0xe5, 
	0xe5, 0xe5, 0xe5, 0xe5, 0xe5, 0xe5, 0xe5, 0xe5, 
	0xe5, 0xe5, 0xe5, 0xe5, 0xe5, 0xe5, 0xe5, 0xe5, 
	0xe5, 0xe5, 0xe5, 0xe5, 0xe5, 0xe5, 0xe5, 0xe5, 
	0xe5, 0xe5, 0xe5, 0xe5, 0xe5, 0xe5, 0xe5, 0xe5, 
	0xe5, 0xe5, 0xe5, 0xe5, 0xe5, 0xe5, 0xe5, 0xe5, 
	0xe5, 0xe5, 0xe5, 0xe5, 0xe5, 0xe5, 0xe5, 0xe5, 
	0xe5, 0xe5, 0xe5, 0xe5, 0xe5, 0xe5, 0xe5, 0xe5, 
	0xe5, 0xe5, 0xe5, 0xe5, 0xe5, 0xe5, 0xe5, 0xe5, 
	0xe5, 0xe5, 0xe5, 0xe5, 0xe5, 0xe5, 0xe5, 0xe5, 
	0xe5, 0xe5, 0xe5, 0xe5, 0xe5, 0xe5, 0xe5, 0xe5, 
	0xe5, 0xe5, 0xe5, 0xe5, 0xe5, 0xe5, 0xe5, 0xe5, 
	0xe5, 0xe5, 0xe5, 0xe5, 0xe5, 0xe5, 0xe5, 0xe5, 
	0xe5, 0xe5, 0xe5, 0xe5, 0xe5, 0xe5, 0xe5, 0xe5, 
	0xe5, 0xe5, 0xe5, 0xe5, 0xe5, 0xe5, 0xe5, 0xe5, 
	0xe5, 0xe5, 0xe5, 0xe5, 0xe5, 0xe5, 0xe5, 0xe5, 
	0xe5, 0xe5, 0xe5, 0xe5, 0xe5, 0xe5, 0xe5, 0xe5, 
	0xe5, 0xe7, 0x5a, 0xd9, 0x11, 0x11, 0x11, 0x11, 
	0x01, 0x11, 0x01, 0x11, 0x01, 0x11, 0x5a, 0xd9, 
	0xe6, 0x29, 0xfe, 0xed, 0xcd, 0x63, 0xe6, 0x29, 
	0xe5, 0xe5, 0xe5, 0xe5, 0xe5, 0xe5, 0xe5, 0xe5, 
	0xe5, 0xe5, 0xe5, 0xe5, 0xe5, 0xe5, 0xe5, 0xe5, 
	0xe5, 0xe5, 0xe5, 0xe5, 0xe5, 0xe5, 0xe5, 0xe5, 
	0xe5, 0xe5, 0xe5, 0xe5, 0xe5, 0xe5, 0xe5, 0xe5, 
	0xe5, 0xe5, 0xe5, 0xe5, 0xe5, 0xe5, 0xe5, 0xe5, 
	0xe5, 0xe5, 0xe5, 0xe5, 0xe5, 0xe5, 0xe5, 0xe5, 
	0xe5, 0xe5, 0xe5, 0xe5, 0xe5, 0xe5, 0xe5, 0xe5, 
	0xe5, 0xe5, 0xe5, 0xe5, 0xe5, 0xe5, 0xe5, 0xe5, 
	0xe5, 0xe5, 0xe5, 0xe5, 0xe5, 0xe5, 0xe5, 0xe5, 
	0xe5, 0xe5, 0xe5, 0xe5, 0xe5, 0xe5, 0xe5, 0xe5, 
	0xe5, 0xe5, 0xe5, 0xe5, 0xe5, 0xe5, 0xe5, 0xe5, 
	0xe5, 0xe5, 0xe5, 0xe5, 0xe5, 0xe5, 0xe5, 0xe5, 
	0xe5, 0xe5, 0xe5, 0xe5, 0xe5, 0xe5, 0xe5, 0xe5, 
	0xe5, 0xe5, 0xe5, 0xe5, 0xe5, 0xe5, 0xe5, 0xe5, 
	0xe5, 0xe5, 0xe5, 0xe5, 0xe5, 0xe5, 0xe5, 0xe5, 
	0xe5, 0xe5, 0xe5, 0xe5, 0xe5, 0xe5, 0xe5, 0xe5, 
	0xe5, 0xe5, 0xe5, 0xe5, 0xe5, 0xe5, 0xe5, 0xe5, 
	0xe5, 0xe5, 0xe5, 0xe5, 0xe5, 0xe5, 0xe5, 0xe5, 
	0xe5, 0xe5, 0xe5, 0xe5, 0xe5, 0xe5, 0xe5, 0xe5, 
	0xe5, 0xe5, 0xe5, 0xe5, 0xe5, 0xe5, 0xe5, 0xe5, 
	0xe5, 0xe5, 0xe5, 0xe5, 0xe5, 0xe5, 0xe5, 0xe5, 
	0xe5, 0xe5, 0xe5, 0xe5, 0xe5, 0xe5, 0xe5, 0xe5, 
	0xe5, 0xe5, 0xe5, 0xe5, 0xe5, 0xe5, 0xe5, 0xe5, 
	0xe5, 0xe5, 0xe5, 0xe5, 0xe5, 0xe5, 0xe5, 0xe5, 
	0xe5, 0xe5, 0xe5, 0xe5, 0xe5, 0xe5, 0xe5, 0xe5, 
	0xe5, 0xe5, 0xe5, 0xe5, 0xe5, 0xe5, 0xe5, 0xe5, 
	0xe5, 0xe5, 0xe5, 0xe5, 0xe5, 0xe5, 0xe5, 0xe5, 
	0xe5, 0xe5, 0xe5, 0xe5, 0xe5, 0xe5, 0xe5, 0xe5, 
	0xe5, 0xe5, 0xe5, 0xe5, 0xe5, 0xe5, 0xe5, 0xe5, 
	0xe5, 0xe5, 0xe5, 0xe5, 0xe5, 0xe5, 0xe5, 0xe5, 
	0xe5, 0xe5, 0xe5, 0xe5, 0xe5, 0xe5, 0xe5, 0xe5, 
	0xe5, 0xe5, 0xe5, 0xe5, 0xe5, 0xe5, 0xe5, 0xe5, 
	0xe5, 0xe5, 0xe5, 0xe5, 0xe5, 0xe5, 0xe5, 0xe5, 
	0xe5, 0xe5, 0xe5, 0xe5, 0xe5, 0xe5, 0xe5, 0xe5, 
	0xe5, 0xe5, 0xe5, 0xe5, 0xe5, 0xe5, 0xe5, 0xe5, 
	0xe5, 0xe5, 0xe5, 0xe5, 0xe5, 0xe5, 0xe5, 0xe5, 
	0xe5, 0xe5, 0xe5, 0xe5, 0xe5, 0xe5, 0xe5, 0xe5, 
	0xe5, 0xe5, 0xe5, 0xe5, 0xe5, 0xe5, 0xe5, 0xe5, 
	0xe5, 0xe5, 0xe5, 0xe5, 0xe5, 0xe5, 0xe5, 0xe5, 
	0xe5, 0xe5, 0xe5, 0xe5, 0xe5, 0xe5, 0xe5, 0xe5, 
	0xe5, 0xe5, 0xe5, 0xe5, 0xe5, 0xe5, 0xe5, 0xe5, 
	0xe5, 0xe5, 0xe5, 0xe5, 0xe5, 0xe5, 0xe5, 0xe5, 
	0xe5, 0xe5, 0xe5, 0xe5, 0xe5, 0xe5, 0xe5, 0xe5, 
	0xe5, 0xe5, 0xe5, 0xe5, 0xe5, 0xe5, 0xe5, 0xe5, 
	0xe5, 0xe5, 0xe5, 0xe5, 0xe5, 0xe5, 0xe5, 0xe5, 
	0xe5, 0xe5, 0xe5, 0xe5, 0xe5, 0xe5, 0xe5, 0xe5, 
	0xe5, 0xe5, 0xe5, 0xe5, 0xe5, 0xe5, 0xe5, 0xe5, 
	0xe5, 0xe5, 0xe5, 0xe5, 0xe5, 0xe5, 0xe5, 0xe5, 
	0xe5, 0xe5, 0xe5, 0xe5, 0xe5, 0xe5, 0xe5, 0xe5, 
	0xe5, 0xe5, 0xe5, 0xe5, 0xe5, 0xe5, 0xe5, 0xe5, 
	0xe5, 0xe5, 0xe5, 0xe5, 0xe5, 0xe5, 0xe5, 0xe5, 
	0xe5, 0xe5, 0xe5, 0xe5, 0xe5, 0xe5, 0xe5, 0xe5, 
	0xe5, 0xe5, 0xe5, 0xe5, 0xe5, 0xe5, 0xe5, 0xe5, 
	0xe5, 0xe5, 0xe5, 0xe5, 0xe5, 0xe5, 0xe5, 0xe5, 
	0xe5, 0xe5, 0xe5, 0xe5, 0xe5, 0xe5, 0xe5, 0xe5, 
	0xe5, 0xe5, 0xe5, 0xe5, 0xe5, 0xe5, 0xe5, 0xe5, 
	0xe5, 0xe5, 0xe5, 0xe5, 0xe5, 0xe5, 0xe5, 0xe5, 
	0xe5, 0xe5, 0xe5, 0xe5, 0xe5, 0xe5, 0xe5, 0xe5, 
	0xe5, 0xe5, 0xe5, 0xe5, 0xe5, 0xe5, 0xe5, 0xe5, 
	0xe5, 0xe5, 0xe5, 0xe5, 0xe5, 0xe5, 0xe5, 0xe5, 
	0xe5, 0xe5, 0xe5, 0xe5, 0xe5, 0xe5, 0xe5, 0xe5, 
	0x9c, 0x5f, 0x11, 0x11, 0x11, 0x11, 0x11, 0x11, 
	0x01, 0x11, 0x01, 0x11, 0x01, 0x11, 0x01, 0x11, 
	0xe6, 0x29, 0xfe, 0xed, 0xe6, 0x29, 0xfe, 0xed, 
	0xee, 0x27, 0xe5, 0xe5, 0xe5, 0xe5, 0xe5, 0xe5, 
	0xe5, 0xe5, 0xe5, 0xe5, 0xe5, 0xe5, 0xe5, 0xe5, 
	0xe5, 0xe5, 0xe5, 0xe5, 0xe5, 0xe5, 0xe5, 0xe5, 
	0xe5, 0xe5, 0xe5, 0xe5, 0xe5, 0xe5, 0xe5, 0xe5, 
	0xe5, 0xe5, 0xe5, 0xe5, 0xe5, 0xe5, 0xe5, 0xe5, 
	0xe5, 0xe5, 0xe5, 0xe5, 0xe5, 0xe5, 0xe5, 0xe5, 
	0xe5, 0xe5, 0xe5, 0xe5, 0xe5, 0xe5, 0xe5, 0xe5, 
	0xe5, 0xe5, 0xe5, 0xe5, 0xe5, 0xe5, 0xe5, 0xe5, 
	0xe5, 0xe5, 0xe5, 0xe5, 0xe5, 0xe5, 0xe5, 0xe5, 
	0xe5, 0xe5, 0xe5, 0xe5, 0xe5, 0xe5, 0xe5, 0xe5, 
	0xe5, 0xe5, 0xe5, 0xe5, 0xe5, 0xe5, 0xe5, 0xe5, 
	0xe5, 0xe5, 0xe5, 0xe5, 0xe5, 0xe5, 0xe5, 0xe5, 
	0xe5, 0xe5, 0xe5, 0xe5, 0xe5, 0xe5, 0xe5, 0xe5, 
	0xe5, 0xe5, 0xe5, 0xe5, 0xe5, 0xe5, 0xe5, 0xe5, 
	0xe5, 0xe5, 0xe5, 0xe5, 0xe5, 0xe5, 0xe5, 0xe5, 
	0xe5, 0xe5, 0xe5, 0xe5, 0xe5, 0xe5, 0xe5, 0xe5, 
	0xe5, 0xe5, 0xe5, 0xe5, 0xe5, 0xe5, 0xe5, 0xe5, 
	0xe5, 0xe5, 0xe5, 0xe5, 0xe5, 0xe5, 0xe5, 0xe5, 
	0xe5, 0xe5, 0xe5, 0xe5, 0xe5, 0xe5, 0xe5, 0xe5, 
	0xe5, 0xe5, 0xe5, 0xe5, 0xe5, 0xe5, 0xe5, 0xe5, 
	0xe5, 0xe5, 0xe5, 0xe5, 0xe5, 0xe5, 0xe5, 0xe5, 
	0xe5, 0xe5, 0xe5, 0xe5, 0xe5, 0xe5, 0xe5, 0xe5, 
	0xe5, 0xe5, 0xe5, 0xe5, 0xe5, 0xe5, 0xe5, 0xe5, 
	0xe5, 0xe5, 0xe5, 0xe5, 0xe5, 0xe5, 0xe5, 0xe5, 
	0xe5, 0xe5, 0xe5, 0xe5, 0xe5, 0xe5, 0xe5, 0xe5, 
	0xe5, 0xe5, 0xe5, 0xe5, 0xe5, 0xe5, 0xe5, 0xe5, 
	0xe5, 0xe5, 0xe5, 0xe5, 0xe5, 0xe5, 0xe5, 0xe5, 
	0xe5, 0xe5, 0xe5, 0xe5, 0xe5, 0xe5, 0xe5, 0xe5, 
	0xe5, 0xe5, 0xe5, 0xe5, 0xe5, 0xe5, 0xe5, 0xe5, 
	0xe5, 0xe5, 0xe5, 0xe5, 0xe5, 0xe5, 0xe5, 0xe5, 
	0xe5, 0xe5, 0xe5, 0xe5, 0xe5, 0xe5, 0xe5, 0xe5, 
	0xe5, 0xe5, 0xe5, 0xe5, 0xe5, 0xe5, 0xe5, 0xe5, 
	0xe5, 0xe5, 0xe5, 0xe5, 0xe5, 0xe5, 0xe5, 0xe5, 
	0xe5, 0xe5, 0xe5, 0xe5, 0xe5, 0xe5, 0xe5, 0xe5, 
	0xe5, 0xe5, 0xe5, 0xe5, 0xe5, 0xe5, 0xe5, 0xe5, 
	0xe5, 0xe5, 0xe5, 0xe5, 0xe5, 0xe5, 0xe5, 0xe5, 
	0xe5, 0xe5, 0xe5, 0xe5, 0xe5, 0xe5, 0xe5, 0xe5, 
	0xe5, 0xe5, 0xe5, 0xe5, 0xe5, 0xe5, 0xe5, 0xe5, 
	0xe5, 0xe5, 0xe5, 0xe5, 0xe5, 0xe5, 0xe5, 0xe5, 
	0xe5, 0xe5, 0xe5, 0xe5, 0xe5, 0xe5, 0xe5, 0xe5, 
	0xe5, 0xe5, 0xe5, 0xe5, 0xe5, 0xe5, 0xe5, 0xe5, 
	0xe5, 0xe5, 0xe5, 0xe5, 0xe5, 0xe5, 0xe5, 0xe5, 
	0xe5, 0xe5, 0xe5, 0xe5, 0xe5, 0xe5, 0xe5, 0xe5, 
	0xe5, 0xe5, 0xe5, 0xe5, 0xe5, 0xe5, 0xe5, 0xe5, 
	0xe5, 0xe5, 0xe5, 0xe5, 0xe5, 0xe5, 0xe5, 0xe5, 
	0xe5, 0xe5, 0xe5, 0xe5, 0xe5, 0xe5, 0xe5, 0xe5, 
	0xe5, 0xe5, 0xe5, 0xe5, 0xe5, 0xe5, 0xe5, 0xe5, 
	0xe5, 0xe5, 0xe5, 0xe5, 0xe5, 0xe5, 0xe5, 0xe5, 
	0xe5, 0xe5, 0xe5, 0xe5, 0xe5, 0xe5, 0xe5, 0xe5, 
	0xe5, 0xe5, 0xe5, 0xe5, 0xe5, 0xe5, 0xe5, 0xe5, 
	0xe5, 0xe5, 0xe5, 0xe5, 0xe5, 0xe5, 0xe5, 0xe5, 
	0xe5, 0xe5, 0xe5, 0xe5, 0xe5, 0xe5, 0xe5, 0xe5, 
	0xe5, 0xe5, 0xe5, 0xe5, 0xe5, 0xe5, 0xe5, 0xe5, 
	0xe5, 0xe5, 0xe5, 0xe5, 0xe5, 0xe5, 0xe5, 0xe5, 
	0xe5, 0xe5, 0xe5, 0xe5, 0xe5, 0xe5, 0xe5, 0xe5, 
	0xe5, 0xe5, 0xe5, 0xe5, 0xe5, 0xe5, 0xe5, 0xe5, 
	0xe5, 0xe5, 0xe5, 0xe5, 0xe5, 0xe5, 0xe5, 0xe5, 
	0xe5, 0xe5, 0xe5, 0xe5, 0xe5, 0xe5, 0xe5, 0xe5, 
	0xe5, 0xe5, 0xe5, 0xe5, 0xe5, 0xe5, 0xe5, 0xe5, 
	0xe5, 0xe5, 0xe5, 0xe5, 0xe5, 0xe5, 0xe5, 0xe5, 
	0xe5, 0xe5, 0xe5, 0xe5, 0xe5, 0xe5, 0xb4, 0xa1, 
	0x5a, 0xd9, 0x11, 0x11, 0x11, 0x11, 0x11, 0x11, 
	0x01, 0x11, 0x01, 0x11, 0x01, 0x11, 0x01, 0x11, 
	0xb4, 0x9f, 0xfe, 0xed, 0xb4, 0x9f, 0xfe, 0xed, 
	0xfe, 0xab, 0xee, 0x27, 0xe5, 0xe5, 0xe5, 0xe5, 
	0xe5, 0xe5, 0xe5, 0xe5, 0xe5, 0xe5, 0xe5, 0xe5, 
	0xe5, 0xe5, 0xe5, 0xe5, 0xe5, 0xe5, 0xe5, 0xe5, 
	0xe5, 0xe5, 0xe5, 0xe5, 0xe5, 0xe5, 0xe5, 0xe5, 
	0xe5, 0xe5, 0xe5, 0xe5, 0xe5, 0xe5, 0xe5, 0xe5, 
	0xe5, 0xe5, 0xe5, 0xe5, 0xe5, 0xe5, 0xe5, 0xe5, 
	0xe5, 0xe5, 0xe5, 0xe5, 0xe5, 0xe5, 0xe5, 0xe5, 
	0xe5, 0xe5, 0xe5, 0xe5, 0xe5, 0xe5, 0xe5, 0xe5, 
	0xe5, 0xe5, 0xe5, 0xe5, 0xe5, 0xe5, 0xe5, 0xe5, 
	0xe5, 0xe5, 0xe5, 0xe5, 0xe5, 0xe5, 0xe5, 0xe5, 
	0xe5, 0xe5, 0xe5, 0xe5, 0xe5, 0xe5, 0xe5, 0xe5, 
	0xe5, 0xe5, 0xe5, 0xe5, 0xe5, 0xe5, 0xe5, 0xe5, 
	0xe5, 0xe5, 0xe5, 0xe5, 0xe5, 0xe5, 0xe5, 0xe5, 
	0xe5, 0xe5, 0xe5, 0xe5, 0xe5, 0xe5, 0xe5, 0xe5, 
	0xe5, 0xe5, 0xe5, 0xe5, 0xe5, 0xe5, 0xe5, 0xe5, 
	0xe5, 0xe5, 0xe5, 0xe5, 0xe5, 0xe5, 0xe5, 0xe5, 
	0xe5, 0xe5, 0xe5, 0xe5, 0xe5, 0xe5, 0xe5, 0xe5, 
	0xe5, 0xe5, 0xe5, 0xe5, 0xe5, 0xe5, 0xe5, 0xe5, 
	0xe5, 0xe5, 0xe5, 0xe5, 0xe5, 0xe5, 0xe5, 0xe5, 
	0xe5, 0xe5, 0xe5, 0xe5, 0xe5, 0xe5, 0xe5, 0xe5, 
	0xe5, 0xe5, 0xe5, 0xe5, 0xe5, 0xe5, 0xe5, 0xe5, 
	0xe5, 0xe5, 0xe5, 0xe5, 0xe5, 0xe5, 0xe5, 0xe5, 
	0xe5, 0xe5, 0xe5, 0xe5, 0xe5, 0xe5, 0xe5, 0xe5, 
	0xe5, 0xe5, 0xe5, 0xe5, 0xe5, 0xe5, 0xe5, 0xe5, 
	0xe5, 0xe5, 0xe5, 0xe5, 0xe5, 0xe5, 0xe5, 0xe5, 
	0xe5, 0xe5, 0xe5, 0xe5, 0xe5, 0xe5, 0xe5, 0xe5, 
	0xe5, 0xe5, 0xe5, 0xe5, 0xe5, 0xe5, 0xe5, 0xe5, 
	0xe5, 0xe5, 0xe5, 0xe5, 0xe5, 0xe5, 0xe5, 0xe5, 
	0xe5, 0xe5, 0xe5, 0xe5, 0xe5, 0xe5, 0xe5, 0xe5, 
	0xe5, 0xe5, 0xe5, 0xe5, 0xe5, 0xe5, 0xe5, 0xe5, 
	0xe5, 0xe5, 0xe5, 0xe5, 0xe5, 0xe5, 0xe5, 0xe5, 
	0xe5, 0xe5, 0xe5, 0xe5, 0xe5, 0xe5, 0xe5, 0xe5, 
	0xe5, 0xe5, 0xe5, 0xe5, 0xe5, 0xe5, 0xe5, 0xe5, 
	0xe5, 0xe5, 0xe5, 0xe5, 0xe5, 0xe5, 0xe5, 0xe5, 
	0xe5, 0xe5, 0xe5, 0xe5, 0xe5, 0xe5, 0xe5, 0xe5, 
	0xe5, 0xe5, 0xe5, 0xe5, 0xe5, 0xe5, 0xe5, 0xe5, 
	0xe5, 0xe5, 0xe5, 0xe5, 0xe5, 0xe5, 0xe5, 0xe5, 
	0xe5, 0xe5, 0xe5, 0xe5, 0xe5, 0xe5, 0xe5, 0xe5, 
	0xe5, 0xe5, 0xe5, 0xe5, 0xe5, 0xe5, 0xe5, 0xe5, 
	0xe5, 0xe5, 0xe5, 0xe5, 0xe5, 0xe5, 0xe5, 0xe5, 
	0xe5, 0xe5, 0xe5, 0xe5, 0xe5, 0xe5, 0xe5, 0xe5, 
	0xe5, 0xe5, 0xe5, 0xe5, 0xe5, 0xe5, 0xe5, 0xe5, 
	0xe5, 0xe5, 0xe5, 0xe5, 0xe5, 0xe5, 0xe5, 0xe5, 
	0xe5, 0xe5, 0xe5, 0xe5, 0xe5, 0xe5, 0xe5, 0xe5, 
	0xe5, 0xe5, 0xe5, 0xe5, 0xe5, 0xe5, 0xe5, 0xe5, 
	0xe5, 0xe5, 0xe5, 0xe5, 0xe5, 0xe5, 0xe5, 0xe5, 
	0xe5, 0xe5, 0xe5, 0xe5, 0xe5, 0xe5, 0xe5, 0xe5, 
	0xe5, 0xe5, 0xe5, 0xe5, 0xe5, 0xe5, 0xe5, 0xe5, 
	0xe5, 0xe5, 0xe5, 0xe5, 0xe5, 0xe5, 0xe5, 0xe5, 
	0xe5, 0xe5, 0xe5, 0xe5, 0xe5, 0xe5, 0xe5, 0xe5, 
	0xe5, 0xe5, 0xe5, 0xe5, 0xe5, 0xe5, 0xe5, 0xe5, 
	0xe5, 0xe5, 0xe5, 0xe5, 0xe5, 0xe5, 0xe5, 0xe5, 
	0xe5, 0xe5, 0xe5, 0xe5, 0xe5, 0xe5, 0xe5, 0xe5, 
	0xe5, 0xe5, 0xe5, 0xe5, 0xe5, 0xe5, 0xe5, 0xe5, 
	0xe5, 0xe5, 0xe5, 0xe5, 0xe5, 0xe5, 0xe5, 0xe5, 
	0xe5, 0xe5, 0xe5, 0xe5, 0xe5, 0xe5, 0xe5, 0xe5, 
	0xe5, 0xe5, 0xe5, 0xe5, 0xe5, 0xe5, 0xe5, 0xe5, 
	0xe5, 0xe5, 0xe5, 0xe5, 0xe5, 0xe5, 0xe5, 0xe5, 
	0xe5, 0xe5, 0xe5, 0xe5, 0xe5, 0xe5, 0xe5, 0xe5, 
	0xe5, 0xe5, 0xe5, 0xe5, 0xe5, 0xe5, 0xe5, 0xe5, 
	0xdd, 0xe5, 0xdd, 0xe5, 0xdd, 0xe5, 0xa4, 0x5f, 
	0x09, 0x11, 0x00, 0xcf, 0x09, 0x11, 0x21, 0xd5, 
	0x11, 0x51, 0x01, 0x0f, 0x01, 0x0f, 0x01, 0x0f, 
	0x7b, 0xdd, 0xf6, 0x6b, 0xf6, 0x6b, 0xf6, 0x6b, 
	0xfe, 0xab, 0xe5, 0xe7, 0xe5, 0xe7, 0xe5, 0xe7, 
	0xe5, 0xe5, 0xe5, 0xe5, 0xe5, 0xe5, 0xe5, 0xe5, 
	0xe5, 0xe5, 0xe5, 0xe5, 0xe5, 0xe5, 0xe5, 0xe5, 
	0xe5, 0xe5, 0xe5, 0xe5, 0xe5, 0xe5, 0xe5, 0xe5, 
	0xe5, 0xe5, 0xe5, 0xe5, 0xe5, 0xe5, 0xe5, 0xe5, 
	0xe5, 0xe5, 0xe5, 0xe5, 0xe5, 0xe5, 0xe5, 0xe5, 
	0xe5, 0xe5, 0xe5, 0xe5, 0xe5, 0xe5, 0xe5, 0xe5, 
	0xe5, 0xe5, 0xe5, 0xe5, 0xe5, 0xe5, 0xe5, 0xe5, 
	0xe5, 0xe5, 0xe5, 0xe5, 0xe5, 0xe5, 0xe5, 0xe5, 
	0xe5, 0xe5, 0xe5, 0xe5, 0xe5, 0xe5, 0xe5, 0xe5, 
	0xe5, 0xe5, 0xe5, 0xe5, 0xe5, 0xe5, 0xe5, 0xe5, 
	0xe5, 0xe5, 0xe5, 0xe5, 0xe5, 0xe5, 0xe5, 0xe5, 
	0xe5, 0xe5, 0xe5, 0xe5, 0xe5, 0xe5, 0xe5, 0xe5, 
	0xe5, 0xe5, 0xe5, 0xe5, 0xe5, 0xe5, 0xe5, 0xe5, 
	0xe5, 0xe5, 0xe5, 0xe5, 0xe5, 0xe5, 0xe5, 0xe5, 
	0xe5, 0xe5, 0xe5, 0xe5, 0xe5, 0xe5, 0xe5, 0xe5, 
	0xe5, 0xe5, 0xe5, 0xe5, 0xe5, 0xe5, 0xe5, 0xe5, 
	0xe5, 0xe5, 0xe5, 0xe5, 0xe5, 0xe5, 0xe5, 0xe5, 
	0xe5, 0xe5, 0xe5, 0xe5, 0xe5, 0xe5, 0xe5, 0xe5, 
	0xe5, 0xe5, 0xe5, 0xe5, 0xe5, 0xe5, 0xe5, 0xe5, 
	0xe5, 0xe5, 0xe5, 0xe5, 0xe5, 0xe5, 0xe5, 0xe5, 
	0xe5, 0xe5, 0xe5, 0xe5, 0xe5, 0xe5, 0xe5, 0xe5, 
	0xe5, 0xe5, 0xe5, 0xe5, 0xe5, 0xe5, 0xe5, 0xe5, 
	0xe5, 0xe5, 0xe5, 0xe5, 0xe5, 0xe5, 0xe5, 0xe5, 
	0xe5, 0xe5, 0xe5, 0xe5, 0xe5, 0xe5, 0xe5, 0xe5, 
	0xe5, 0xe5, 0xe5, 0xe5, 0xe5, 0xe5, 0xe5, 0xe5, 
	0xe5, 0xe5, 0xe5, 0xe5, 0xe5, 0xe5, 0xe5, 0xe5, 
	0xe5, 0xe5, 0xe5, 0xe5, 0xe5, 0xe5, 0xe5, 0xe5, 
	0xe5, 0xe5, 0xe5, 0xe5, 0xe5, 0xe5, 0xe5, 0xe5, 
	0xe5, 0xe5, 0xe5, 0xe5, 0xe5, 0xe5, 0xe5, 0xe5, 
	0xe5, 0xe5, 0xe5, 0xe5, 0xe5, 0xe5, 0xe5, 0xe5, 
	0xe5, 0xe5, 0xe5, 0xe5, 0xe5, 0xe5, 0xe5, 0xe5, 
	0xe5, 0xe5, 0xe5, 0xe5, 0xe5, 0xe5, 0xe5, 0xe5, 
	0xe5, 0xe5, 0xe5, 0xe5, 0xe5, 0xe5, 0xe5, 0xe5, 
	0xe5, 0xe5, 0xe5, 0xe5, 0xe5, 0xe5, 0xe5, 0xe5, 
	0xe5, 0xe5, 0xe5, 0xe5, 0xe5, 0xe5, 0xe5, 0xe5, 
	0xe5, 0xe5, 0xe5, 0xe5, 0xe5, 0xe5, 0xe5, 0xe5, 
	0xe5, 0xe5, 0xe5, 0xe5, 0xe5, 0xe5, 0xe5, 0xe5, 
	0xe5, 0xe5, 0xe5, 0xe5, 0xe5, 0xe5, 0xe5, 0xe5, 
	0xe5, 0xe5, 0xe5, 0xe5, 0xe5, 0xe5, 0xe5, 0xe5, 
	0xe5, 0xe5, 0xe5, 0xe5, 0xe5, 0xe5, 0xe5, 0xe5, 
	0xe5, 0xe5, 0xe5, 0xe5, 0xe5, 0xe5, 0xe5, 0xe5, 
	0xe5, 0xe5, 0xe5, 0xe5, 0xe5, 0xe5, 0xe5, 0xe5, 
	0xe5, 0xe5, 0xe5, 0xe5, 0xe5, 0xe5, 0xe5, 0xe5, 
	0xe5, 0xe5, 0xe5, 0xe5, 0xe5, 0xe5, 0xe5, 0xe5, 
	0xe5, 0xe5, 0xe5, 0xe5, 0xe5, 0xe5, 0xe5, 0xe5, 
	0xe5, 0xe5, 0xe5, 0xe5, 0xe5, 0xe5, 0xe5, 0xe5, 
	0xe5, 0xe5, 0xe5, 0xe5, 0xe5, 0xe5, 0xe5, 0xe5, 
	0xe5, 0xe5, 0xe5, 0xe5, 0xe5, 0xe5, 0xe5, 0xe5, 
	0xe5, 0xe5, 0xe5, 0xe5, 0xe5, 0xe5, 0xe5, 0xe5, 
	0xe5, 0xe5, 0xe5, 0xe5, 0xe5, 0xe5, 0xe5, 0xe5, 
	0xe5, 0xe5, 0xe5, 0xe5, 0xe5, 0xe5, 0xe5, 0xe5, 
	0xe5, 0xe5, 0xe5, 0xe5, 0xe5, 0xe5, 0xe5, 0xe5, 
	0xe5, 0xe5, 0xe5, 0xe5, 0xe5, 0xe5, 0xe5, 0xe5, 
	0xe5, 0xe5, 0xe5, 0xe5, 0xe5, 0xe5, 0xe5, 0xe5, 
	0xe5, 0xe5, 0xe5, 0xe5, 0xe5, 0xe5, 0xe5, 0xe5, 
	0xe5, 0xe5, 0xe5, 0xe5, 0xe5, 0xe5, 0xe5, 0xe5, 
	0xe5, 0xe5, 0xe5, 0xe5, 0xe5, 0xe5, 0xe5, 0xe5, 
	0xe5, 0xe5, 0xe5, 0xe5, 0xe5, 0xe5, 0xe5, 0xe5, 
	0xe5, 0xe5, 0xe5, 0xe5, 0xe5, 0xe5, 0xe5, 0xe5, 
	0xdd, 0xe5, 0xdd, 0xe5, 0xa4, 0x5f, 0x63, 0x1b, 
	0x09, 0x11, 0x09, 0x11, 0x00, 0xcf, 0x00, 0xcf, 
	0x01, 0x0f, 0x01, 0x0f, 0x01, 0x0f, 0x01, 0x0f, 
	0x42, 0x57, 0xf6, 0x6b, 0xf6, 0x6b, 0xf6, 0x6b, 
	0xfe, 0xab, 0xdd, 0xa5, 0xe5, 0xe7, 0xe5, 0xe7, 
	0xe5, 0xe5, 0xe5, 0xe5, 0xe5, 0xe5, 0xe5, 0xe5, 
	0xe5, 0xe5, 0xe5, 0xe5, 0xe5, 0xe5, 0xe5, 0xe5, 
	0xe5, 0xe5, 0xe5, 0xe5, 0xe5, 0xe5, 0xe5, 0xe5, 
	0xe5, 0xe5, 0xe5, 0xe5, 0xe5, 0xe5, 0xe5, 0xe5, 
	0xe5, 0xe5, 0xe5, 0xe5, 0xe5, 0xe5, 0xe5, 0xe5, 
	0xe5, 0xe5, 0xe5, 0xe5, 0xe5, 0xe5, 0xe5, 0xe5, 
	0xe5, 0xe5, 0xe5, 0xe5, 0xe5, 0xe5, 0xe5, 0xe5, 
	0xe5, 0xe5, 0xe5, 0xe5, 0xe5, 0xe5, 0xe5, 0xe5, 
	0xe5, 0xe5, 0xe5, 0xe5, 0xe5, 0xe5, 0xe5, 0xe5, 
	0xe5, 0xe5, 0xe5, 0xe5, 0xe5, 0xe5, 0xe5, 0xe5, 
	0xe5, 0xe5, 0xe5, 0xe5, 0xe5, 0xe5, 0xe5, 0xe5, 
	0xe5, 0xe5, 0xe5, 0xe5, 0xe5, 0xe5, 0xe5, 0xe5, 
	0xe5, 0xe5, 0xe5, 0xe5, 0xe5, 0xe5, 0xe5, 0xe5, 
	0xe5, 0xe5, 0xe5, 0xe5, 0xe5, 0xe5, 0xe5, 0xe5, 
	0xe5, 0xe5, 0xe5, 0xe5, 0xe5, 0xe5, 0xe5, 0xe5, 
	0xe5, 0xe5, 0xe5, 0xe5, 0xe5, 0xe5, 0xe5, 0xe5, 
	0xe5, 0xe5, 0xe5, 0xe5, 0xe5, 0xe5, 0xe5, 0xe5, 
	0xe5, 0xe5, 0xe5, 0xe5, 0xe5, 0xe5, 0xe5, 0xe5, 
	0xe5, 0xe5, 0xe5, 0xe5, 0xe5, 0xe5, 0xe5, 0xe5, 
	0xe5, 0xe5, 0xe5, 0xe5, 0xe5, 0xe5, 0xe5, 0xe5, 
	0xe5, 0xe5, 0xe5, 0xe5, 0xe5, 0xe5, 0xe5, 0xe5, 
	0xe5, 0xe5, 0xe5, 0xe5, 0xe5, 0xe5, 0xe5, 0xe5, 
	0xe5, 0xe5, 0xe5, 0xe5, 0xe5, 0xe5, 0xe5, 0xe5, 
	0xe5, 0xe5, 0xe5, 0xe5, 0xe5, 0xe5, 0xe5, 0xe5, 
	0xe5, 0xe5, 0xe5, 0xe5, 0xe5, 0xe5, 0xe5, 0xe5, 
	0xe5, 0xe5, 0xe5, 0xe5, 0xe5, 0xe5, 0xe5, 0xe5, 
	0xe5, 0xe5, 0xe5, 0xe5, 0xe5, 0xe5, 0xe5, 0xe5, 
	0xe5, 0xe5, 0xe5, 0xe5, 0xe5, 0xe5, 0xe5, 0xe5, 
	0xe5, 0xe5, 0xe5, 0xe5, 0xe5, 0xe5, 0xe5, 0xe5, 
	0xe5, 0xe5, 0xe5, 0xe5, 0xe5, 0xe5, 0xe5, 0xe5, 
	0xe5, 0xe5, 0xe5, 0xe5, 0xe5, 0xe5, 0xe5, 0xe5, 
	0xe5, 0xe5, 0xe5, 0xe5, 0xe5, 0xe5, 0xe5, 0xe5, 
	0xe5, 0xe5, 0xe5, 0xe5, 0xe5, 0xe5, 0xe5, 0xe5, 
	0xe5, 0xe5, 0xe5, 0xe5, 0xe5, 0xe5, 0xe5, 0xe5, 
	0xe5, 0xe5, 0xe5, 0xe5, 0xe5, 0xe5, 0xe5, 0xe5, 
	0xe5, 0xe5, 0xe5, 0xe5, 0xe5, 0xe5, 0xe5, 0xe5, 
	0xe5, 0xe5, 0xe5, 0xe5, 0xe5, 0xe5, 0xe5, 0xe5, 
	0xe5, 0xe5, 0xe5, 0xe5, 0xe5, 0xe5, 0xe5, 0xe5, 
	0xe5, 0xe5, 0xe5, 0xe5, 0xe5, 0xe5, 0xe5, 0xe5, 
	0xe5, 0xe5, 0xe5, 0xe5, 0xe5, 0xe5, 0xe5, 0xe5, 
	0xe5, 0xe5, 0xe5, 0xe5, 0xe5, 0xe5, 0xe5, 0xe5, 
	0xe5, 0xe5, 0xe5, 0xe5, 0xe5, 0xe5, 0xe5, 0xe5, 
	0xe5, 0xe5, 0xe5, 0xe5, 0xe5, 0xe5, 0xe5, 0xe5, 
	0xe5, 0xe5, 0xe5, 0xe5, 0xe5, 0xe5, 0xe5, 0xe5, 
	0xe5, 0xe5, 0xe5, 0xe5, 0xe5, 0xe5, 0xe5, 0xe5, 
	0xe5, 0xe5, 0xe5, 0xe5, 0xe5, 0xe5, 0xe5, 0xe5, 
	0xe5, 0xe5, 0xe5, 0xe5, 0xe5, 0xe5, 0xe5, 0xe5, 
	0xe5, 0xe5, 0xe5, 0xe5, 0xe5, 0xe5, 0xe5, 0xe5, 
	0xe5, 0xe5, 0xe5, 0xe5, 0xe5, 0xe5, 0xe5, 0xe5, 
	0xe5, 0xe5, 0xe5, 0xe5, 0xe5, 0xe5, 0xe5, 0xe5, 
	0xe5, 0xe5, 0xe5, 0xe5, 0xe5, 0xe5, 0xe5, 0xe5, 
	0xe5, 0xe5, 0xe5, 0xe5, 0xe5, 0xe5, 0xe5, 0xe5, 
	0xe5, 0xe5, 0xe5, 0xe5, 0xe5, 0xe5, 0xe5, 0xe5, 
	0xe5, 0xe5, 0xe5, 0xe5, 0xe5, 0xe5, 0xe5, 0xe5, 
	0xe5, 0xe5, 0xe5, 0xe5, 0xe5, 0xe5, 0xe5, 0xe5, 
	0xe5, 0xe5, 0xe5, 0xe5, 0xe5, 0xe5, 0xe5, 0xe5, 
	0xe5, 0xe5, 0xe5, 0xe5, 0xe5, 0xe5, 0xe5, 0xe5, 
	0xe5, 0xe5, 0xe5, 0xe5, 0xe5, 0xe5, 0xe5, 0xe5, 
	0xe5, 0xe5, 0xe5, 0xe5, 0xe5, 0xe5, 0xe5, 0xe5, 
	0xdd, 0xe5, 0xdd, 0xe5, 0x63, 0x1b, 0x29, 0xd5, 
	0x09, 0x11, 0x21, 0xd5, 0x09, 0x11, 0x00, 0xcf, 
	0x01, 0x0f, 0x01, 0x0f, 0x01, 0x0f, 0x01, 0x0f, 
	0x42, 0x57, 0xf6, 0x6b, 0xf6, 0x6b, 0xf6, 0x6b, 
	0xfe, 0xab, 0xf6, 0x69, 0xf6, 0x69, 0xdd, 0xa5, 
	0xe5, 0xe5, 0xe5, 0xe5, 0xe5, 0xe5, 0xe5, 0xe5, 
	0xe5, 0xe5, 0xe5, 0xe5, 0xe5, 0xe5, 0xe5, 0xe5, 
	0xe5, 0xe5, 0xe5, 0xe5, 0xe5, 0xe5, 0xe5, 0xe5, 
	0xe5, 0xe5, 0xe5, 0xe5, 0xe5, 0xe5, 0xe5, 0xe5, 
	0xe5, 0xe5, 0xe5, 0xe5, 0xe5, 0xe5, 0xe5, 0xe5, 
	0xe5, 0xe5, 0xe5, 0xe5, 0xe5, 0xe5, 0xe5, 0xe5, 
	0xe5, 0xe5, 0xe5, 0xe5, 0xe5, 0xe5, 0xe5, 0xe5, 
	0xe5, 0xe5, 0xe5, 0xe5, 0xe5, 0xe5, 0xe5, 0xe5, 
	0xe5, 0xe5, 0xe5, 0xe5, 0xe5, 0xe5, 0xe5, 0xe5, 
	0xe5, 0xe5, 0xe5, 0xe5, 0xe5, 0xe5, 0xe5, 0xe5, 
	0xe5, 0xe5, 0xe5, 0xe5, 0xe5, 0xe5, 0xe5, 0xe5, 
	0xe5, 0xe5, 0xe5, 0xe5, 0xe5, 0xe5, 0xe5, 0xe5, 
	0xe5, 0xe5, 0xe5, 0xe5, 0xe5, 0xe5, 0xe5, 0xe5, 
	0xe5, 0xe5, 0xe5, 0xe5, 0xe5, 0xe5, 0xe5, 0xe5, 
	0xe5, 0xe5, 0xe5, 0xe5, 0xe5, 0xe5, 0xe5, 0xe5, 
	0xe5, 0xe5, 0xe5, 0xe5, 0xe5, 0xe5, 0xe5, 0xe5, 
	0xe5, 0xe5, 0xe5, 0xe5, 0xe5, 0xe5, 0xe5, 0xe5, 
	0xe5, 0xe5, 0xe5, 0xe5, 0xe5, 0xe5, 0xe5, 0xe5, 
	0xe5, 0xe5, 0xe5, 0xe5, 0xe5, 0xe5, 0xe5, 0xe5, 
	0xe5, 0xe5, 0xe5, 0xe5, 0xe5, 0xe5, 0xe5, 0xe5, 
	0xe5, 0xe5, 0xe5, 0xe5, 0xe5, 0xe5, 0xe5, 0xe5, 
	0xe5, 0xe5, 0xe5, 0xe5, 0xe5, 0xe5, 0xe5, 0xe5, 
	0xe5, 0xe5, 0xe5, 0xe5, 0xe5, 0xe5, 0xe5, 0xe5, 
	0xe5, 0xe5, 0xe5, 0xe5, 0xe5, 0xe5, 0xe5, 0xe5, 
	0xe5, 0xe5, 0xe5, 0xe5, 0xe5, 0xe5, 0xe5, 0xe5, 
	0xe5, 0xe5, 0xe5, 0xe5, 0xe5, 0xe5, 0xe5, 0xe5, 
	0xe5, 0xe5, 0xe5, 0xe5, 0xe5, 0xe5, 0xe5, 0xe5, 
	0xe5, 0xe5, 0xe5, 0xe5, 0xe5, 0xe5, 0xe5, 0xe5, 
	0xe5, 0xe5, 0xe5, 0xe5, 0xe5, 0xe5, 0xe5, 0xe5, 
	0xe5, 0xe5, 0xe5, 0xe5, 0xe5, 0xe5, 0xe5, 0xe5, 
	0xe5, 0xe5, 0xe5, 0xe5, 0xe5, 0xe5, 0xe5, 0xe5, 
	0xe5, 0xe5, 0xe5, 0xe5, 0xe5, 0xe5, 0xe5, 0xe5, 
	0xe5, 0xe5, 0xe5, 0xe5, 0xe5, 0xe5, 0xe5, 0xe5, 
	0xe5, 0xe5, 0xe5, 0xe5, 0xe5, 0xe5, 0xe5, 0xe5, 
	0xe5, 0xe5, 0xe5, 0xe5, 0xe5, 0xe5, 0xe5, 0xe5, 
	0xe5, 0xe5, 0xe5, 0xe5, 0xe5, 0xe5, 0xe5, 0xe5, 
	0xe5, 0xe5, 0xe5, 0xe5, 0xe5, 0xe5, 0xe5, 0xe5, 
	0xe5, 0xe5, 0xe5, 0xe5, 0xe5, 0xe5, 0xe5, 0xe5, 
	0xe5, 0xe5, 0xe5, 0xe5, 0xe5, 0xe5, 0xe5, 0xe5, 
	0xe5, 0xe5, 0xe5, 0xe5, 0xe5, 0xe5, 0xe5, 0xe5, 
	0xe5, 0xe5, 0xe5, 0xe5, 0xe5, 0xe5, 0xe5, 0xe5, 
	0xe5, 0xe5, 0xe5, 0xe5, 0xe5, 0xe5, 0xe5, 0xe5, 
	0xe5, 0xe5, 0xe5, 0xe5, 0xe5, 0xe5, 0xe5, 0xe5, 
	0xe5, 0xe5, 0xe5, 0xe5, 0xe5, 0xe5, 0xe5, 0xe5, 
	0xe5, 0xe5, 0xe5, 0xe5, 0xe5, 0xe5, 0xe5, 0xe5, 
	0xe5, 0xe5, 0xe5, 0xe5, 0xe5, 0xe5, 0xe5, 0xe5, 
	0xe5, 0xe5, 0xe5, 0xe5, 0xe5, 0xe5, 0xe5, 0xe5, 
	0xe5, 0xe5, 0xe5, 0xe5, 0xe5, 0xe5, 0xe5, 0xe5, 
	0xe5, 0xe5, 0xe5, 0xe5, 0xe5, 0xe5, 0xe5, 0xe5, 
	0xe5, 0xe5, 0xe5, 0xe5, 0xe5, 0xe5, 0xe5, 0xe5, 
	0xe5, 0xe5, 0xe5, 0xe5, 0xe5, 0xe5, 0xe5, 0xe5, 
	0xe5, 0xe5, 0xe5, 0xe5, 0xe5, 0xe5, 0xe5, 0xe5, 
	0xe5, 0xe5, 0xe5, 0xe5, 0xe5, 0xe5, 0xe5, 0xe5, 
	0xe5, 0xe5, 0xe5, 0xe5, 0xe5, 0xe5, 0xe5, 0xe5, 
	0xe5, 0xe5, 0xe5, 0xe5, 0xe5, 0xe5, 0xe5, 0xe5, 
	0xe5, 0xe5, 0xe5, 0xe5, 0xe5, 0xe5, 0xe5, 0xe5, 
	0xe5, 0xe5, 0xe5, 0xe5, 0xe5, 0xe5, 0xe5, 0xe5, 
	0xe5, 0xe5, 0xe5, 0xe5, 0xe5, 0xe5, 0xe5, 0xe5, 
	0xe5, 0xe5, 0xe5, 0xe5, 0xe5, 0xe5, 0xe5, 0xe5, 
	0xdd, 0xe5, 0xdd, 0xe5, 0x63, 0x1b, 0x29, 0xd5, 
	0x00, 0xcf, 0x00, 0xcf, 0x09, 0x11, 0x09, 0x11, 
	0x01, 0x0f, 0x01, 0x0f, 0x11, 0x51, 0x3a, 0x57, 
	0x42, 0x57, 0xbd, 0x25, 0xf6, 0x6b, 0xf6, 0x6b, 
	0xfe, 0xab, 0xfe, 0xab, 0xf6, 0x69, 0xdd, 0xa5, 
	0xe5, 0xe5, 0xe5, 0xe5, 0xe5, 0xe5, 0xe5, 0xe5, 
	0xe5, 0xe5, 0xe5, 0xe5, 0xe5, 0xe5, 0xe5, 0xe5, 
	0xe5, 0xe5, 0xe5, 0xe5, 0xe5, 0xe5, 0xe5, 0xe5, 
	0xe5, 0xe5, 0xe5, 0xe5, 0xe5, 0xe5, 0xe5, 0xe5, 
	0xe5, 0xe5, 0xe5, 0xe5, 0xe5, 0xe5, 0xe5, 0xe5, 
	0xe5, 0xe5, 0xe5, 0xe5, 0xe5, 0xe5, 0xe5, 0xe5, 
	0xe5, 0xe5, 0xe5, 0xe5, 0xe5, 0xe5, 0xe5, 0xe5, 
	0xe5, 0xe5, 0xe5, 0xe5, 0xe5, 0xe5, 0xe5, 0xe5, 
	0xe5, 0xe5, 0xe5, 0xe5, 0xe5, 0xe5, 0xe5, 0xe5, 
	0xe5, 0xe5, 0xe5, 0xe5, 0xe5, 0xe5, 0xe5, 0xe5, 
	0xe5, 0xe5, 0xe5, 0xe5, 0xe5, 0xe5, 0xe5, 0xe5, 
	0xe5, 0xe5, 0xe5, 0xe5, 0xe5, 0xe5, 0xe5, 0xe5, 
	0xe5, 0xe5, 0xe5, 0xe5, 0xe5, 0xe5, 0xe5, 0xe5, 
	0xe5, 0xe5, 0xe5, 0xe5, 0xe5, 0xe5, 0xe5, 0xe5, 
	0xe5, 0xe5, 0xe5, 0xe5, 0xe5, 0xe5, 0xe5, 0xe5, 
	0xe5, 0xe5, 0xe5, 0xe5, 0xe5, 0xe5, 0xe5, 0xe5, 
	0xe5, 0xe5, 0xe5, 0xe5, 0xe5, 0xe5, 0xe5, 0xe5, 
	0xe5, 0xe5, 0xe5, 0xe5, 0xe5, 0xe5, 0xe5, 0xe5, 
	0xe5, 0xe5, 0xe5, 0xe5, 0xe5, 0xe5, 0xe5, 0xe5, 
	0xe5, 0xe5, 0xe5, 0xe5, 0xe5, 0xe5, 0xe5, 0xe5, 
	0xe5, 0xe5, 0xe5, 0xe5, 0xe5, 0xe5, 0xe5, 0xe5, 
	0xe5, 0xe5, 0xe5, 0xe5, 0xe5, 0xe5, 0xe5, 0xe5, 
	0xe5, 0xe5, 0xe5, 0xe5, 0xe5, 0xe5, 0xe5, 0xe5, 
	0xe5, 0xe5, 0xe5, 0xe5, 0xe5, 0xe5, 0xe5, 0xe5, 
	0xe5, 0xe5, 0xe5, 0xe5, 0xe5, 0xe5, 0xe5, 0xe5, 
	0xe5, 0xe5, 0xe5, 0xe5, 0xe5, 0xe5, 0xe5, 0xe5, 
	0xe5, 0xe5, 0xe5, 0xe5, 0xe5, 0xe5, 0xe5, 0xe5, 
	0xe5, 0xe5, 0xe5, 0xe5, 0xe5, 0xe5, 0xe5, 0xe5, 
	0xe5, 0xe5, 0xe5, 0xe5, 0xe5, 0xe5, 0xe5, 0xe5, 
	0xe5, 0xe5, 0xe5, 0xe5, 0xe5, 0xe5, 0xe5, 0xe5, 
	0xe5, 0xe5, 0xe5, 0xe5, 0xe5, 0xe5, 0xe5, 0xe5, 
	0xe5, 0xe5, 0xe5, 0xe5, 0xe5, 0xe5, 0xe5, 0xe5, 
	0xe5, 0xe5, 0xe5, 0xe5, 0xe5, 0xe5, 0xe5, 0xe5, 
	0xe5, 0xe5, 0xe5, 0xe5, 0xe5, 0xe5, 0xe5, 0xe5, 
	0xe5, 0xe5, 0xe5, 0xe5, 0xe5, 0xe5, 0xe5, 0xe5, 
	0xe5, 0xe5, 0xe5, 0xe5, 0xe5, 0xe5, 0xe5, 0xe5, 
	0xe5, 0xe5, 0xe5, 0xe5, 0xe5, 0xe5, 0xe5, 0xe5, 
	0xe5, 0xe5, 0xe5, 0xe5, 0xe5, 0xe5, 0xe5, 0xe5, 
	0xe5, 0xe5, 0xe5, 0xe5, 0xe5, 0xe5, 0xe5, 0xe5, 
	0xe5, 0xe5, 0xe5, 0xe5, 0xe5, 0xe5, 0xe5, 0xe5, 
	0xe5, 0xe5, 0xe5, 0xe5, 0xe5, 0xe5, 0xe5, 0xe5, 
	0xe5, 0xe5, 0xe5, 0xe5, 0xe5, 0xe5, 0xe5, 0xe5, 
	0xe5, 0xe5, 0xe5, 0xe5, 0xe5, 0xe5, 0xe5, 0xe5, 
	0xe5, 0xe5, 0xe5, 0xe5, 0xe5, 0xe5, 0xe5, 0xe5, 
	0xe5, 0xe5, 0xe5, 0xe5, 0xe5, 0xe5, 0xe5, 0xe5, 
	0xe5, 0xe5, 0xe5, 0xe5, 0xe5, 0xe5, 0xe5, 0xe5, 
	0xe5, 0xe5, 0xe5, 0xe5, 0xe5, 0xe5, 0xe5, 0xe5, 
	0xe5, 0xe5, 0xe5, 0xe5, 0xe5, 0xe5, 0xe5, 0xe5, 
	0xe5, 0xe5, 0xe5, 0xe5, 0xe5, 0xe5, 0xe5, 0xe5, 
	0xe5, 0xe5, 0xe5, 0xe5, 0xe5, 0xe5, 0xe5, 0xe5, 
	0xe5, 0xe5, 0xe5, 0xe5, 0xe5, 0xe5, 0xe5, 0xe5, 
	0xe5, 0xe5, 0xe5, 0xe5, 0xe5, 0xe5, 0xe5, 0xe5, 
	0xe5, 0xe5, 0xe5, 0xe5, 0xe5, 0xe5, 0xe5, 0xe5, 
	0xe5, 0xe5, 0xe5, 0xe5, 0xe5, 0xe5, 0xe5, 0xe5, 
	0xe5, 0xe5, 0xe5, 0xe5, 0xe5, 0xe5, 0xe5, 0xe5, 
	0xe5, 0xe5, 0xe5, 0xe5, 0xe5, 0xe5, 0xe5, 0xe5, 
	0xe5, 0xe5, 0xe5, 0xe5, 0xe5, 0xe5, 0xe5, 0xe5, 
	0xe5, 0xe5, 0xe5, 0xe5, 0xe5, 0xe5, 0xe5, 0xe5, 
	0xe5, 0xe5, 0xe5, 0xe5, 0xe5, 0xe5, 0xe5, 0xe5, 
	0xc5, 0x63, 0xc5, 0x63, 0x42, 0x55, 0x42, 0x55, 
	0x01, 0x11, 0x01, 0x11, 0x01, 0x11, 0x01, 0x11, 
	0x01, 0x0f, 0x01, 0x0f, 0x09, 0x11, 0x09, 0x11, 
	0x11, 0x51, 0x63, 0x1b, 0xfe, 0xed, 0xfe, 0xed, 
	0xd5, 0xa5, 0xe5, 0xe7, 0xfe, 0xeb, 0xfe, 0xeb, 
	0xe5, 0xe5, 0xe5, 0xe5, 0xe5, 0xe5, 0xe5, 0xe5, 
	0xe5, 0xe5, 0xe5, 0xe5, 0xe5, 0xe5, 0xe5, 0xe5, 
	0xe5, 0xe5, 0xe5, 0xe5, 0xe5, 0xe5, 0xe5, 0xe5, 
	0xe5, 0xe5, 0xe5, 0xe5, 0xe5, 0xe5, 0xe5, 0xe5, 
	0xe5, 0xe5, 0xe5, 0xe5, 0xe5, 0xe5, 0xe5, 0xe5, 
	0xe5, 0xe5, 0xe5, 0xe5, 0xe5, 0xe5, 0xe5, 0xe5, 
	0xe5, 0xe5, 0xe5, 0xe5, 0xe5, 0xe5, 0xe5, 0xe5, 
	0xe5, 0xe5, 0xe5, 0xe5, 0xe5, 0xe5, 0xe5, 0xe5, 
	0xe5, 0xe5, 0xe5, 0xe5, 0xe5, 0xe5, 0xe5, 0xe5, 
	0xe5, 0xe5, 0xe5, 0xe5, 0xe5, 0xe5, 0xe5, 0xe5, 
	0xe5, 0xe5, 0xe5, 0xe5, 0xe5, 0xe5, 0xe5, 0xe5, 
	0xe5, 0xe5, 0xe5, 0xe5, 0xe5, 0xe5, 0xe5, 0xe5, 
	0xe5, 0xe5, 0xe5, 0xe5, 0xe5, 0xe5, 0xe5, 0xe5, 
	0xe5, 0xe5, 0xe5, 0xe5, 0xe5, 0xe5, 0xe5, 0xe5, 
	0xe5, 0xe5, 0xe5, 0xe5, 0xe5, 0xe5, 0xe5, 0xe5, 
	0xe5, 0xe5, 0xe5, 0xe5, 0xe5, 0xe5, 0xe5, 0xe5, 
	0xe5, 0xe5, 0xe5, 0xe5, 0xe5, 0xe5, 0xe5, 0xe5, 
	0xe5, 0xe5, 0xe5, 0xe5, 0xe5, 0xe5, 0xe5, 0xe5, 
	0xe5, 0xe5, 0xe5, 0xe5, 0xe5, 0xe5, 0xe5, 0xe5, 
	0xe5, 0xe5, 0xe5, 0xe5, 0xe5, 0xe5, 0xe5, 0xe5, 
	0xe5, 0xe5, 0xe5, 0xe5, 0xe5, 0xe5, 0xe5, 0xe5, 
	0xe5, 0xe5, 0xe5, 0xe5, 0xe5, 0xe5, 0xe5, 0xe5, 
	0xe5, 0xe5, 0xe5, 0xe5, 0xe5, 0xe5, 0xe5, 0xe5, 
	0xe5, 0xe5, 0xe5, 0xe5, 0xe5, 0xe5, 0xe5, 0xe5, 
	0xe5, 0xe5, 0xe5, 0xe5, 0xe5, 0xe5, 0xe5, 0xe5, 
	0xe5, 0xe5, 0xe5, 0xe5, 0xe5, 0xe5, 0xe5, 0xe5, 
	0xe5, 0xe5, 0xe5, 0xe5, 0xe5, 0xe5, 0xe5, 0xe5, 
	0xe5, 0xe5, 0xe5, 0xe5, 0xe5, 0xe5, 0xe5, 0xe5, 
	0xe5, 0xe5, 0xe5, 0xe5, 0xe5, 0xe5, 0xe5, 0xe5, 
	0xe5, 0xe5, 0xe5, 0xe5, 0xe5, 0xe5, 0xe5, 0xe5, 
	0xe5, 0xe5, 0xe5, 0xe5, 0xe5, 0xe5, 0xe5, 0xe5, 
	0xe5, 0xe5, 0xe5, 0xe5, 0xe5, 0xe5, 0xe5, 0xe5, 
	0xe5, 0xe5, 0xe5, 0xe5, 0xe5, 0xe5, 0xe5, 0xe5, 
	0xe5, 0xe5, 0xe5, 0xe5, 0xe5, 0xe5, 0xe5, 0xe5, 
	0xe5, 0xe5, 0xe5, 0xe5, 0xe5, 0xe5, 0xe5, 0xe5, 
	0xe5, 0xe5, 0xe5, 0xe5, 0xe5, 0xe5, 0xe5, 0xe5, 
	0xe5, 0xe5, 0xe5, 0xe5, 0xe5, 0xe5, 0xe5, 0xe5, 
	0xe5, 0xe5, 0xe5, 0xe5, 0xe5, 0xe5, 0xe5, 0xe5, 
	0xe5, 0xe5, 0xe5, 0xe5, 0xe5, 0xe5, 0xe5, 0xe5, 
	0xe5, 0xe5, 0xe5, 0xe5, 0xe5, 0xe5, 0xe5, 0xe5, 
	0xe5, 0xe5, 0xe5, 0xe5, 0xe5, 0xe5, 0xe5, 0xe5, 
	0xe5, 0xe5, 0xe5, 0xe5, 0xe5, 0xe5, 0xe5, 0xe5, 
	0xe5, 0xe5, 0xe5, 0xe5, 0xe5, 0xe5, 0xe5, 0xe5, 
	0xe5, 0xe5, 0xe5, 0xe5, 0xe5, 0xe5, 0xe5, 0xe5, 
	0xe5, 0xe5, 0xe5, 0xe5, 0xe5, 0xe5, 0xe5, 0xe5, 
	0xe5, 0xe5, 0xe5, 0xe5, 0xe5, 0xe5, 0xe5, 0xe5, 
	0xe5, 0xe5, 0xe5, 0xe5, 0xe5, 0xe5, 0xe5, 0xe5, 
	0xe5, 0xe5, 0xe5, 0xe5, 0xe5, 0xe5, 0xe5, 0xe5, 
	0xe5, 0xe5, 0xe5, 0xe5, 0xe5, 0xe5, 0xe5, 0xe5, 
	0xe5, 0xe5, 0xe5, 0xe5, 0xe5, 0xe5, 0xe5, 0xe5, 
	0xe5, 0xe5, 0xe5, 0xe5, 0xe5, 0xe5, 0xe5, 0xe5, 
	0xe5, 0xe5, 0xe5, 0xe5, 0xe5, 0xe5, 0xe5, 0xe5, 
	0xe5, 0xe5, 0xe5, 0xe5, 0xe5, 0xe5, 0xe5, 0xe5, 
	0xe5, 0xe5, 0xe5, 0xe5, 0xe5, 0xe5, 0xe5, 0xe5, 
	0xe5, 0xe5, 0xe5, 0xe5, 0xe5, 0xe5, 0xe5, 0xe5, 
	0xe5, 0xe5, 0xe5, 0xe5, 0xe5, 0xe5, 0xe5, 0xe5, 
	0xe5, 0xe5, 0xe5, 0xe5, 0xe5, 0xe5, 0xe5, 0xe5, 
	0xe5, 0xe5, 0xe5, 0xe5, 0xe5, 0xe5, 0xe5, 0xe5, 
	0xe5, 0xe5, 0xe5, 0xe5, 0xe5, 0xe5, 0xe5, 0xe5, 
	0xc5, 0x63, 0x83, 0xdd, 0x00, 0xcf, 0x00, 0xcf, 
	0x01, 0x11, 0x01, 0x11, 0x01, 0x11, 0x01, 0x11, 
	0x01, 0x0f, 0x09, 0x51, 0x01, 0x0f, 0x01, 0x0f, 
	0x11, 0x51, 0x63, 0x1b, 0xfe, 0xed, 0xfe, 0xed, 
	0xd5, 0xa5, 0xe5, 0xe7, 0xfe, 0xeb, 0xe5, 0xe7, 
	0xe5, 0xe5, 0xe5, 0xe5, 0xe5, 0xe5, 0xe5, 0xe5, 
	0xe5, 0xe5, 0xe5, 0xe5, 0xe5, 0xe5, 0xe5, 0xe5, 
	0xe5, 0xe5, 0xe5, 0xe5, 0xe5, 0xe5, 0xe5, 0xe5, 
	0xe5, 0xe5, 0xe5, 0xe5, 0xe5, 0xe5, 0xe5, 0xe5, 
	0xe5, 0xe5, 0xe5, 0xe5, 0xe5, 0xe5, 0xe5, 0xe5, 
	0xe5, 0xe5, 0xe5, 0xe5, 0xe5, 0xe5, 0xe5, 0xe5, 
	0xe5, 0xe5, 0xe5, 0xe5, 0xe5, 0xe5, 0xe5, 0xe5, 
	0xe5, 0xe5, 0xe5, 0xe5, 0xe5, 0xe5, 0xe5, 0xe5, 
	0xe5, 0xe5, 0xe5, 0xe5, 0xe5, 0xe5, 0xe5, 0xe5, 
	0xe5, 0xe5, 0xe5, 0xe5, 0xe5, 0xe5, 0xe5, 0xe5, 
	0xe5, 0xe5, 0xe5, 0xe5, 0xe5, 0xe5, 0xe5, 0xe5, 
	0xe5, 0xe5, 0xe5, 0xe5, 0xe5, 0xe5, 0xe5, 0xe5, 
	0xe5, 0xe5, 0xe5, 0xe5, 0xe5, 0xe5, 0xe5, 0xe5, 
	0xe5, 0xe5, 0xe5, 0xe5, 0xe5, 0xe5, 0xe5, 0xe5, 
	0xe5, 0xe5, 0xe5, 0xe5, 0xe5, 0xe5, 0xe5, 0xe5, 
	0xe5, 0xe5, 0xe5, 0xe5, 0xe5, 0xe5, 0xe5, 0xe5, 
	0xe5, 0xe5, 0xe5, 0xe5, 0xe5, 0xe5, 0xe5, 0xe5, 
	0xe5, 0xe5, 0xe5, 0xe5, 0xe5, 0xe5, 0xe5, 0xe5, 
	0xe5, 0xe5, 0xe5, 0xe5, 0xe5, 0xe5, 0xe5, 0xe5, 
	0xe5, 0xe5, 0xe5, 0xe5, 0xe5, 0xe5, 0xe5, 0xe5, 
	0xe5, 0xe5, 0xe5, 0xe5, 0xe5, 0xe5, 0xe5, 0xe5, 
	0xe5, 0xe5, 0xe5, 0xe5, 0xe5, 0xe5, 0xe5, 0xe5, 
	0xe5, 0xe5, 0xe5, 0xe5, 0xe5, 0xe5, 0xe5, 0xe5, 
	0xe5, 0xe5, 0xe5, 0xe5, 0xe5, 0xe5, 0xe5, 0xe5, 
	0xe5, 0xe5, 0xe5, 0xe5, 0xe5, 0xe5, 0xe5, 0xe5, 
	0xe5, 0xe5, 0xe5, 0xe5, 0xe5, 0xe5, 0xe5, 0xe5, 
	0xe5, 0xe5, 0xe5, 0xe5, 0xe5, 0xe5, 0xe5, 0xe5, 
	0xe5, 0xe5, 0xe5, 0xe5, 0xe5, 0xe5, 0xe5, 0xe5, 
	0xe5, 0xe5, 0xe5, 0xe5, 0xe5, 0xe5, 0xe5, 0xe5, 
	0xe5, 0xe5, 0xe5, 0xe5, 0xe5, 0xe5, 0xe5, 0xe5, 
	0xe5, 0xe5, 0xe5, 0xe5, 0xe5, 0xe5, 0xe5, 0xe5, 
	0xe5, 0xe5, 0xe5, 0xe5, 0xe5, 0xe5, 0xe5, 0xe5, 
	0xe5, 0xe5, 0xe5, 0xe5, 0xe5, 0xe5, 0xe5, 0xe5, 
	0xe5, 0xe5, 0xe5, 0xe5, 0xe5, 0xe5, 0xe5, 0xe5, 
	0xe5, 0xe5, 0xe5, 0xe5, 0xe5, 0xe5, 0xe5, 0xe5, 
	0xe5, 0xe5, 0xe5, 0xe5, 0xe5, 0xe5, 0xe5, 0xe5, 
	0xe5, 0xe5, 0xe5, 0xe5, 0xe5, 0xe5, 0xe5, 0xe5, 
	0xe5, 0xe5, 0xe5, 0xe5, 0xe5, 0xe5, 0xe5, 0xe5, 
	0xe5, 0xe5, 0xe5, 0xe5, 0xe5, 0xe5, 0xe5, 0xe5, 
	0xe5, 0xe5, 0xe5, 0xe5, 0xe5, 0xe5, 0xe5, 0xe5, 
	0xe5, 0xe5, 0xe5, 0xe5, 0xe5, 0xe5, 0xe5, 0xe5, 
	0xe5, 0xe5, 0xe5, 0xe5, 0xe5, 0xe5, 0xe5, 0xe5, 
	0xe5, 0xe5, 0xe5, 0xe5, 0xe5, 0xe5, 0xe5, 0xe5, 
	0xe5, 0xe5, 0xe5, 0xe5, 0xe5, 0xe5, 0xe5, 0xe5, 
	0xe5, 0xe5, 0xe5, 0xe5, 0xe5, 0xe5, 0xe5, 0xe5, 
	0xe5, 0xe5, 0xe5, 0xe5, 0xe5, 0xe5, 0xe5, 0xe5, 
	0xe5, 0xe5, 0xe5, 0xe5, 0xe5, 0xe5, 0xe5, 0xe5, 
	0xe5, 0xe5, 0xe5, 0xe5, 0xe5, 0xe5, 0xe5, 0xe5, 
	0xe5, 0xe5, 0xe5, 0xe5, 0xe5, 0xe5, 0xe5, 0xe5, 
	0xe5, 0xe5, 0xe5, 0xe5, 0xe5, 0xe5, 0xe5, 0xe5, 
	0xe5, 0xe5, 0xe5, 0xe5, 0xe5, 0xe5, 0xe5, 0xe5, 
	0xe5, 0xe5, 0xe5, 0xe5, 0xe5, 0xe5, 0xe5, 0xe5, 
	0xe5, 0xe5, 0xe5, 0xe5, 0xe5, 0xe5, 0xe5, 0xe5, 
	0xe5, 0xe5, 0xe5, 0xe5, 0xe5, 0xe5, 0xe5, 0xe5, 
	0xe5, 0xe5, 0xe5, 0xe5, 0xe5, 0xe5, 0xe5, 0xe5, 
	0xe5, 0xe5, 0xe5, 0xe5, 0xe5, 0xe5, 0xe5, 0xe5, 
	0xe5, 0xe5, 0xe5, 0xe5, 0xe5, 0xe5, 0xe5, 0xe5, 
	0xe5, 0xe5, 0xe5, 0xe5, 0xe5, 0xe5, 0xe5, 0xe5, 
	0xe5, 0xe5, 0xe5, 0xe5, 0xe5, 0xe5, 0xe5, 0xe5, 
	0xc5, 0x63, 0x42, 0x55, 0x00, 0xcf, 0x00, 0xcf, 
	0x11, 0x53, 0x01, 0x11, 0x29, 0xd5, 0x29, 0xd5, 
	0x01, 0x0f, 0x09, 0x11, 0x01, 0x0f, 0x01, 0x0f, 
	0x11, 0x51, 0x11, 0x51, 0xfe, 0xed, 0xfe, 0xed, 
	0xd5, 0xa5, 0xe5, 0xe7, 0xee, 0x69, 0xe5, 0xe7, 
	0xfe, 0xed, 0xe5, 0xe5, 0xe5, 0xe5, 0xe5, 0xe5, 
	0xe5, 0xe5, 0xe5, 0xe5, 0xe5, 0xe5, 0xe5, 0xe5, 
	0xe5, 0xe5, 0xe5, 0xe5, 0xe5, 0xe5, 0xe5, 0xe5, 
	0xe5, 0xe5, 0xe5, 0xe5, 0xe5, 0xe5, 0xe5, 0xe5, 
	0xe5, 0xe5, 0xe5, 0xe5, 0xe5, 0xe5, 0xe5, 0xe5, 
	0xe5, 0xe5, 0xe5, 0xe5, 0xe5, 0xe5, 0xe5, 0xe5, 
	0xe5, 0xe5, 0xe5, 0xe5, 0xe5, 0xe5, 0xe5, 0xe5, 
	0xe5, 0xe5, 0xe5, 0xe5, 0xe5, 0xe5, 0xe5, 0xe5, 
	0xe5, 0xe5, 0xe5, 0xe5, 0xe5, 0xe5, 0xe5, 0xe5, 
	0xe5, 0xe5, 0xe5, 0xe5, 0xe5, 0xe5, 0xe5, 0xe5, 
	0xe5, 0xe5, 0xe5, 0xe5, 0xe5, 0xe5, 0xe5, 0xe5, 
	0xe5, 0xe5, 0xe5, 0xe5, 0xe5, 0xe5, 0xe5, 0xe5, 
	0xe5, 0xe5, 0xe5, 0xe5, 0xe5, 0xe5, 0xe5, 0xe5, 
	0xe5, 0xe5, 0xe5, 0xe5, 0xe5, 0xe5, 0xe5, 0xe5, 
	0xe5, 0xe5, 0xe5, 0xe5, 0xe5, 0xe5, 0xe5, 0xe5, 
	0xe5, 0xe5, 0xe5, 0xe5, 0xe5, 0xe5, 0xe5, 0xe5, 
	0xe5, 0xe5, 0xe5, 0xe5, 0xe5, 0xe5, 0xe5, 0xe5, 
	0xe5, 0xe5, 0xe5, 0xe5, 0xe5, 0xe5, 0xe5, 0xe5, 
	0xe5, 0xe5, 0xe5, 0xe5, 0xe5, 0xe5, 0xe5, 0xe5, 
	0xe5, 0xe5, 0xe5, 0xe5, 0xe5, 0xe5, 0xe5, 0xe5, 
	0xe5, 0xe5, 0xe5, 0xe5, 0xe5, 0xe5, 0xe5, 0xe5, 
	0xe5, 0xe5, 0xe5, 0xe5, 0xe5, 0xe5, 0xe5, 0xe5, 
	0xe5, 0xe5, 0xe5, 0xe5, 0xe5, 0xe5, 0xe5, 0xe5, 
	0xe5, 0xe5, 0xe5, 0xe5, 0xe5, 0xe5, 0xe5, 0xe5, 
	0xe5, 0xe5, 0xe5, 0xe5, 0xe5, 0xe5, 0xe5, 0xe5, 
	0xe5, 0xe5, 0xe5, 0xe5, 0xe5, 0xe5, 0xe5, 0xe5, 
	0xe5, 0xe5, 0xe5, 0xe5, 0xe5, 0xe5, 0xe5, 0xe5, 
	0xe5, 0xe5, 0xe5, 0xe5, 0xe5, 0xe5, 0xe5, 0xe5, 
	0xe5, 0xe5, 0xe5, 0xe5, 0xe5, 0xe5, 0xe5, 0xe5, 
	0xe5, 0xe5, 0xe5, 0xe5, 0xe5, 0xe5, 0xe5, 0xe5, 
	0xe5, 0xe5, 0xe5, 0xe5, 0xe5, 0xe5, 0xe5, 0xe5, 
	0xe5, 0xe5, 0xe5, 0xe5, 0xe5, 0xe5, 0xe5, 0xe5, 
	0xe5, 0xe5, 0xe5, 0xe5, 0xe5, 0xe5, 0xe5, 0xe5, 
	0xe5, 0xe5, 0xe5, 0xe5, 0xe5, 0xe5, 0xe5, 0xe5, 
	0xe5, 0xe5, 0xe5, 0xe5, 0xe5, 0xe5, 0xe5, 0xe5, 
	0xe5, 0xe5, 0xe5, 0xe5, 0xe5, 0xe5, 0xe5, 0xe5, 
	0xe5, 0xe5, 0xe5, 0xe5, 0xe5, 0xe5, 0xe5, 0xe5, 
	0xe5, 0xe5, 0xe5, 0xe5, 0xe5, 0xe5, 0xe5, 0xe5, 
	0xe5, 0xe5, 0xe5, 0xe5, 0xe5, 0xe5, 0xe5, 0xe5, 
	0xe5, 0xe5, 0xe5, 0xe5, 0xe5, 0xe5, 0xe5, 0xe5, 
	0xe5, 0xe5, 0xe5, 0xe5, 0xe5, 0xe5, 0xe5, 0xe5, 
	0xe5, 0xe5, 0xe5, 0xe5, 0xe5, 0xe5, 0xe5, 0xe5, 
	0xe5, 0xe5, 0xe5, 0xe5, 0xe5, 0xe5, 0xe5, 0xe5, 
	0xe5, 0xe5, 0xe5, 0xe5, 0xe5, 0xe5, 0xe5, 0xe5, 
	0xe5, 0xe5, 0xe5, 0xe5, 0xe5, 0xe5, 0xe5, 0xe5, 
	0xe5, 0xe5, 0xe5, 0xe5, 0xe5, 0xe5, 0xe5, 0xe5, 
	0xe5, 0xe5, 0xe5, 0xe5, 0xe5, 0xe5, 0xe5, 0xe5, 
	0xe5, 0xe5, 0xe5, 0xe5, 0xe5, 0xe5, 0xe5, 0xe5, 
	0xe5, 0xe5, 0xe5, 0xe5, 0xe5, 0xe5, 0xe5, 0xe5, 
	0xe5, 0xe5, 0xe5, 0xe5, 0xe5, 0xe5, 0xe5, 0xe5, 
	0xe5, 0xe5, 0xe5, 0xe5, 0xe5, 0xe5, 0xe5, 0xe5, 
	0xe5, 0xe5, 0xe5, 0xe5, 0xe5, 0xe5, 0xe5, 0xe5, 
	0xe5, 0xe5, 0xe5, 0xe5, 0xe5, 0xe5, 0xe5, 0xe5, 
	0xe5, 0xe5, 0xe5, 0xe5, 0xe5, 0xe5, 0xe5, 0xe5, 
	0xe5, 0xe5, 0xe5, 0xe5, 0xe5, 0xe5, 0xe5, 0xe5, 
	0xe5, 0xe5, 0xe5, 0xe5, 0xe5, 0xe5, 0xe5, 0xe5, 
	0xe5, 0xe5, 0xe5, 0xe5, 0xe5, 0xe5, 0xe5, 0xe5, 
	0xe5, 0xe5, 0xe5, 0xe5, 0xe5, 0xe5, 0xe5, 0xe5, 
	0xe5, 0xe5, 0xe5, 0xe5, 0xe5, 0xe5, 0xb4, 0xa1, 
	0x83, 0xdd, 0x00, 0xcf, 0x42, 0x55, 0x00, 0xcf, 
	0x11, 0x53, 0x01, 0x11, 0x19, 0x93, 0x01, 0x11, 
	0x11, 0x53, 0x01, 0x0f, 0x01, 0x0f, 0x01, 0x0f, 
	0x11, 0x51, 0x11, 0x51, 0xac, 0xe3, 0xfe, 0xed, 
	0xfe, 0xeb, 0xfe, 0xeb, 0xd5, 0xa5, 0xd5, 0xa5, 
	0xfe, 0xed, 0xfe, 0xed, 0xe5, 0xe5, 0xe5, 0xe5, 
	0xe5, 0xe5, 0xe5, 0xe5, 0xe5, 0xe5, 0xe5, 0xe5, 
	0xe5, 0xe5, 0xe5, 0xe5, 0xe5, 0xe5, 0xe5, 0xe5, 
	0xe5, 0xe5, 0xe5, 0xe5, 0xe5, 0xe5, 0xe5, 0xe5, 
	0xe5, 0xe5, 0xe5, 0xe5, 0xe5, 0xe5, 0xe5, 0xe5, 
	0xe5, 0xe5, 0xe5, 0xe5, 0xe5, 0xe5, 0xe5, 0xe5, 
	0xe5, 0xe5, 0xe5, 0xe5, 0xe5, 0xe5, 0xe5, 0xe5, 
	0xe5, 0xe5, 0xe5, 0xe5, 0xe5, 0xe5, 0xe5, 0xe5, 
	0xe5, 0xe5, 0xe5, 0xe5, 0xe5, 0xe5, 0xe5, 0xe5, 
	0xe5, 0xe5, 0xe5, 0xe5, 0xe5, 0xe5, 0xe5, 0xe5, 
	0xe5, 0xe5, 0xe5, 0xe5, 0xe5, 0xe5, 0xe5, 0xe5, 
	0xe5, 0xe5, 0xe5, 0xe5, 0xe5, 0xe5, 0xe5, 0xe5, 
	0xe5, 0xe5, 0xe5, 0xe5, 0xe5, 0xe5, 0xe5, 0xe5, 
	0xe5, 0xe5, 0xe5, 0xe5, 0xe5, 0xe5, 0xe5, 0xe5, 
	0xe5, 0xe5, 0xe5, 0xe5, 0xe5, 0xe5, 0xe5, 0xe5, 
	0xe5, 0xe5, 0xe5, 0xe5, 0xe5, 0xe5, 0xe5, 0xe5, 
	0xe5, 0xe5, 0xe5, 0xe5, 0xe5, 0xe5, 0xe5, 0xe5, 
	0xe5, 0xe5, 0xe5, 0xe5, 0xe5, 0xe5, 0xe5, 0xe5, 
	0xe5, 0xe5, 0xe5, 0xe5, 0xe5, 0xe5, 0xe5, 0xe5, 
	0xe5, 0xe5, 0xe5, 0xe5, 0xe5, 0xe5, 0xe5, 0xe5, 
	0xe5, 0xe5, 0xe5, 0xe5, 0xe5, 0xe5, 0xe5, 0xe5, 
	0xe5, 0xe5, 0xe5, 0xe5, 0xe5, 0xe5, 0xe5, 0xe5, 
	0xe5, 0xe5, 0xe5, 0xe5, 0xe5, 0xe5, 0xe5, 0xe5, 
	0xe5, 0xe5, 0xe5, 0xe5, 0xe5, 0xe5, 0xe5, 0xe5, 
	0xe5, 0xe5, 0xe5, 0xe5, 0xe5, 0xe5, 0xe5, 0xe5, 
	0xe5, 0xe5, 0xe5, 0xe5, 0xe5, 0xe5, 0xe5, 0xe5, 
	0xe5, 0xe5, 0xe5, 0xe5, 0xe5, 0xe5, 0xe5, 0xe5, 
	0xe5, 0xe5, 0xe5, 0xe5, 0xe5, 0xe5, 0xe5, 0xe5, 
	0xe5, 0xe5, 0xe5, 0xe5, 0xe5, 0xe5, 0xe5, 0xe5, 
	0xe5, 0xe5, 0xe5, 0xe5, 0xe5, 0xe5, 0xe5, 0xe5, 
	0xe5, 0xe5, 0xe5, 0xe5, 0xe5, 0xe5, 0xe5, 0xe5, 
	0xe5, 0xe5, 0xe5, 0xe5, 0xe5, 0xe5, 0xe5, 0xe5, 
	0xe5, 0xe5, 0xe5, 0xe5, 0xe5, 0xe5, 0xe5, 0xe5, 
	0xe5, 0xe5, 0xe5, 0xe5, 0xe5, 0xe5, 0xe5, 0xe5, 
	0xe5, 0xe5, 0xe5, 0xe5, 0xe5, 0xe5, 0xe5, 0xe5, 
	0xe5, 0xe5, 0xe5, 0xe5, 0xe5, 0xe5, 0xe5, 0xe5, 
	0xe5, 0xe5, 0xe5, 0xe5, 0xe5, 0xe5, 0xe5, 0xe5, 
	0xe5, 0xe5, 0xe5, 0xe5, 0xe5, 0xe5, 0xe5, 0xe5, 
	0xe5, 0xe5, 0xe5, 0xe5, 0xe5, 0xe5, 0xe5, 0xe5, 
	0xe5, 0xe5, 0xe5, 0xe5, 0xe5, 0xe5, 0xe5, 0xe5, 
	0xe5, 0xe5, 0xe5, 0xe5, 0xe5, 0xe5, 0xe5, 0xe5, 
	0xe5, 0xe5, 0xe5, 0xe5, 0xe5, 0xe5, 0xe5, 0xe5, 
	0xe5, 0xe5, 0xe5, 0xe5, 0xe5, 0xe5, 0xe5, 0xe5, 
	0xe5, 0xe5, 0xe5, 0xe5, 0xe5, 0xe5, 0xe5, 0xe5, 
	0xe5, 0xe5, 0xe5, 0xe5, 0xe5, 0xe5, 0xe5, 0xe5, 
	0xe5, 0xe5, 0xe5, 0xe5, 0xe5, 0xe5, 0xe5, 0xe5, 
	0xe5, 0xe5, 0xe5, 0xe5, 0xe5, 0xe5, 0xe5, 0xe5, 
	0xe5, 0xe5, 0xe5, 0xe5, 0xe5, 0xe5, 0xe5, 0xe5, 
	0xe5, 0xe5, 0xe5, 0xe5, 0xe5, 0xe5, 0xe5, 0xe5, 
	0xe5, 0xe5, 0xe5, 0xe5, 0xe5, 0xe5, 0xe5, 0xe5, 
	0xe5, 0xe5, 0xe5, 0xe5, 0xe5, 0xe5, 0xe5, 0xe5, 
	0xe5, 0xe5, 0xe5, 0xe5, 0xe5, 0xe5, 0xe5, 0xe5, 
	0xe5, 0xe5, 0xe5, 0xe5, 0xe5, 0xe5, 0xe5, 0xe5, 
	0xe5, 0xe5, 0xe5, 0xe5, 0xe5, 0xe5, 0xe5, 0xe5, 
	0xe5, 0xe5, 0xe5, 0xe5, 0xe5, 0xe5, 0xe5, 0xe5, 
	0xe5, 0xe5, 0xe5, 0xe5, 0xe5, 0xe5, 0xe5, 0xe5, 
	0xe5, 0xe5, 0xe5, 0xe5, 0xe5, 0xe5, 0xe5, 0xe5, 
	0xe5, 0xe5, 0xe5, 0xe5, 0xe5, 0xe5, 0xe5, 0xe5, 
	0xdd, 0xe5, 0xdd, 0xe5, 0xdd, 0xe5, 0x62, 0xdb, 
	0x42, 0x57, 0x19, 0x93, 0x19, 0x93, 0x09, 0x11, 
	0x01, 0x0f, 0x01, 0x0f, 0x01, 0x0f, 0x01, 0x0f, 
	0x09, 0x11, 0x01, 0x0f, 0x09, 0x11, 0x09, 0x11, 
	0x09, 0x51, 0x09, 0x51, 0x94, 0x61, 0xdd, 0xe9, 
	0xbc, 0xa1, 0xd5, 0x65, 0xe6, 0x29, 0xe6, 0x29, 
	0xfe, 0xed, 0xfe, 0xed, 0xe5, 0xe7, 0xe5, 0xe7, 
	0xe5, 0xe5, 0xe5, 0xe5, 0xe5, 0xe5, 0xe5, 0xe5, 
	0xe5, 0xe5, 0xe5, 0xe5, 0xe5, 0xe5, 0xe5, 0xe5, 
	0xe5, 0xe5, 0xe5, 0xe5, 0xe5, 0xe5, 0xe5, 0xe5, 
	0xe5, 0xe5, 0xe5, 0xe5, 0xe5, 0xe5, 0xe5, 0xe5, 
	0xe5, 0xe5, 0xe5, 0xe5, 0xe5, 0xe5, 0xe5, 0xe5, 
	0xe5, 0xe5, 0xe5, 0xe5, 0xe5, 0xe5, 0xe5, 0xe5, 
	0xe5, 0xe5, 0xe5, 0xe5, 0xe5, 0xe5, 0xe5, 0xe5, 
	0xe5, 0xe5, 0xe5, 0xe5, 0xe5, 0xe5, 0xe5, 0xe5, 
	0xe5, 0xe5, 0xe5, 0xe5, 0xe5, 0xe5, 0xe5, 0xe5, 
	0xe5, 0xe5, 0xe5, 0xe5, 0xe5, 0xe5, 0xe5, 0xe5, 
	0xe5, 0xe5, 0xe5, 0xe5, 0xe5, 0xe5, 0xe5, 0xe5, 
	0xe5, 0xe5, 0xe5, 0xe5, 0xe5, 0xe5, 0xe5, 0xe5, 
	0xe5, 0xe5, 0xe5, 0xe5, 0xe5, 0xe5, 0xe5, 0xe5, 
	0xe5, 0xe5, 0xe5, 0xe5, 0xe5, 0xe5, 0xe5, 0xe5, 
	0xe5, 0xe5, 0xe5, 0xe5, 0xe5, 0xe5, 0xe5, 0xe5, 
	0xe5, 0xe5, 0xe5, 0xe5, 0xe5, 0xe5, 0xe5, 0xe5, 
	0xe5, 0xe5, 0xe5, 0xe5, 0xe5, 0xe5, 0xe5, 0xe5, 
	0xe5, 0xe5, 0xe5, 0xe5, 0xe5, 0xe5, 0xe5, 0xe5, 
	0xe5, 0xe5, 0xe5, 0xe5, 0xe5, 0xe5, 0xe5, 0xe5, 
	0xe5, 0xe5, 0xe5, 0xe5, 0xe5, 0xe5, 0xe5, 0xe5, 
	0xe5, 0xe5, 0xe5, 0xe5, 0xe5, 0xe5, 0xe5, 0xe5, 
	0xe5, 0xe5, 0xe5, 0xe5, 0xe5, 0xe5, 0xe5, 0xe5, 
	0xe5, 0xe5, 0xe5, 0xe5, 0xe5, 0xe5, 0xe5, 0xe5, 
	0xe5, 0xe5, 0xe5, 0xe5, 0xe5, 0xe5, 0xe5, 0xe5, 
	0xe5, 0xe5, 0xe5, 0xe5, 0xe5, 0xe5, 0xe5, 0xe5, 
	0xe5, 0xe5, 0xe5, 0xe5, 0xe5, 0xe5, 0xe5, 0xe5, 
	0xe5, 0xe5, 0xe5, 0xe5, 0xe5, 0xe5, 0xe5, 0xe5, 
	0xe5, 0xe5, 0xe5, 0xe5, 0xe5, 0xe5, 0xe5, 0xe5, 
	0xe5, 0xe5, 0xe5, 0xe5, 0xe5, 0xe5, 0xe5, 0xe5, 
	0xe5, 0xe5, 0xe5, 0xe5, 0xe5, 0xe5, 0xe5, 0xe5, 
	0xe5, 0xe5, 0xe5, 0xe5, 0xe5, 0xe5, 0xe5, 0xe5, 
	0xe5, 0xe5, 0xe5, 0xe5, 0xe5, 0xe5, 0xe5, 0xe5, 
	0xe5, 0xe5, 0xe5, 0xe5, 0xe5, 0xe5, 0xe5, 0xe5, 
	0xe5, 0xe5, 0xe5, 0xe5, 0xe5, 0xe5, 0xe5, 0xe5, 
	0xe5, 0xe5, 0xe5, 0xe5, 0xe5, 0xe5, 0xe5, 0xe5, 
	0xe5, 0xe5, 0xe5, 0xe5, 0xe5, 0xe5, 0xe5, 0xe5, 
	0xe5, 0xe5, 0xe5, 0xe5, 0xe5, 0xe5, 0xe5, 0xe5, 
	0xe5, 0xe5, 0xe5, 0xe5, 0xe5, 0xe5, 0xe5, 0xe5, 
	0xe5, 0xe5, 0xe5, 0xe5, 0xe5, 0xe5, 0xe5, 0xe5, 
	0xe5, 0xe5, 0xe5, 0xe5, 0xe5, 0xe5, 0xe5, 0xe5, 
	0xe5, 0xe5, 0xe5, 0xe5, 0xe5, 0xe5, 0xe5, 0xe5, 
	0xe5, 0xe5, 0xe5, 0xe5, 0xe5, 0xe5, 0xe5, 0xe5, 
	0xe5, 0xe5, 0xe5, 0xe5, 0xe5, 0xe5, 0xe5, 0xe5, 
	0xe5, 0xe5, 0xe5, 0xe5, 0xe5, 0xe5, 0xe5, 0xe5, 
	0xe5, 0xe5, 0xe5, 0xe5, 0xe5, 0xe5, 0xe5, 0xe5, 
	0xe5, 0xe5, 0xe5, 0xe5, 0xe5, 0xe5, 0xe5, 0xe5, 
	0xe5, 0xe5, 0xe5, 0xe5, 0xe5, 0xe5, 0xe5, 0xe5, 
	0xe5, 0xe5, 0xe5, 0xe5, 0xe5, 0xe5, 0xe5, 0xe5, 
	0xe5, 0xe5, 0xe5, 0xe5, 0xe5, 0xe5, 0xe5, 0xe5, 
	0xe5, 0xe5, 0xe5, 0xe5, 0xe5, 0xe5, 0xe5, 0xe5, 
	0xe5, 0xe5, 0xe5, 0xe5, 0xe5, 0xe5, 0xe5, 0xe5, 
	0xe5, 0xe5, 0xe5, 0xe5, 0xe5, 0xe5, 0xe5, 0xe5, 
	0xe5, 0xe5, 0xe5, 0xe5, 0xe5, 0xe5, 0xe5, 0xe5, 
	0xe5, 0xe5, 0xe5, 0xe5, 0xe5, 0xe5, 0xe5, 0xe5, 
	0xe5, 0xe5, 0xe5, 0xe5, 0xe5, 0xe5, 0xe5, 0xe5, 
	0xe5, 0xe5, 0xe5, 0xe5, 0xe5, 0xe5, 0xe5, 0xe5, 
	0xe5, 0xe5, 0xe5, 0xe5, 0xe5, 0xe5, 0xe5, 0xe5, 
	0xdd, 0xe5, 0xdd, 0xe5, 0x9c, 0x5f, 0x62, 0xdb, 
	0x19, 0x93, 0x19, 0x93, 0x09, 0x11, 0x09, 0x11, 
	0x01, 0x0f, 0x09, 0x51, 0x01, 0x0f, 0x01, 0x0f, 
	0x09, 0x11, 0x01, 0x0f, 0x01, 0x0f, 0x01, 0x0f, 
	0x09, 0x51, 0x09, 0x51, 0x52, 0xd9, 0xdd, 0xe9, 
	0xd5, 0x65, 0xd5, 0x65, 0xe6, 0x29, 0xe6, 0x29, 
	0xee, 0x69, 0xee, 0x69, 0xe5, 0xe7, 0xe5, 0xe7, 
	0xe5, 0xe5, 0xe5, 0xe5, 0xe5, 0xe5, 0xe5, 0xe5, 
	0xe5, 0xe5, 0xe5, 0xe5, 0xe5, 0xe5, 0xe5, 0xe5, 
	0xe5, 0xe5, 0xe5, 0xe5, 0xe5, 0xe5, 0xe5, 0xe5, 
	0xe5, 0xe5, 0xe5, 0xe5, 0xe5, 0xe5, 0xe5, 0xe5, 
	0xe5, 0xe5, 0xe5, 0xe5, 0xe5, 0xe5, 0xe5, 0xe5, 
	0xe5, 0xe5, 0xe5, 0xe5, 0xe5, 0xe5, 0xe5, 0xe5, 
	0xe5, 0xe5, 0xe5, 0xe5, 0xe5, 0xe5, 0xe5, 0xe5, 
	0xe5, 0xe5, 0xe5, 0xe5, 0xe5, 0xe5, 0xe5, 0xe5, 
	0xe5, 0xe5, 0xe5, 0xe5, 0xe5, 0xe5, 0xe5, 0xe5, 
	0xe5, 0xe5, 0xe5, 0xe5, 0xe5, 0xe5, 0xe5, 0xe5, 
	0xe5, 0xe5, 0xe5, 0xe5, 0xe5, 0xe5, 0xe5, 0xe5, 
	0xe5, 0xe5, 0xe5, 0xe5, 0xe5, 0xe5, 0xe5, 0xe5, 
	0xe5, 0xe5, 0xe5, 0xe5, 0xe5, 0xe5, 0xe5, 0xe5, 
	0xe5, 0xe5, 0xe5, 0xe5, 0xe5, 0xe5, 0xe5, 0xe5, 
	0xe5, 0xe5, 0xe5, 0xe5, 0xe5, 0xe5, 0xe5, 0xe5, 
	0xe5, 0xe5, 0xe5, 0xe5, 0xe5, 0xe5, 0xe5, 0xe5, 
	0xe5, 0xe5, 0xe5, 0xe5, 0xe5, 0xe5, 0xe5, 0xe5, 
	0xe5, 0xe5, 0xe5, 0xe5, 0xe5, 0xe5, 0xe5, 0xe5, 
	0xe5, 0xe5, 0xe5, 0xe5, 0xe5, 0xe5, 0xe5, 0xe5, 
	0xe5, 0xe5, 0xe5, 0xe5, 0xe5, 0xe5, 0xe5, 0xe5, 
	0xe5, 0xe5, 0xe5, 0xe5, 0xe5, 0xe5, 0xe5, 0xe5, 
	0xe5, 0xe5, 0xe5, 0xe5, 0xe5, 0xe5, 0xe5, 0xe5, 
	0xe5, 0xe5, 0xe5, 0xe5, 0xe5, 0xe5, 0xe5, 0xe5, 
	0xe5, 0xe5, 0xe5, 0xe5, 0xe5, 0xe5, 0xe5, 0xe5, 
	0xe5, 0xe5, 0xe5, 0xe5, 0xe5, 0xe5, 0xe5, 0xe5, 
	0xe5, 0xe5, 0xe5, 0xe5, 0xe5, 0xe5, 0xe5, 0xe5, 
	0xe5, 0xe5, 0xe5, 0xe5, 0xe5, 0xe5, 0xe5, 0xe5, 
	0xe5, 0xe5, 0xe5, 0xe5, 0xe5, 0xe5, 0xe5, 0xe5, 
	0xe5, 0xe5, 0xe5, 0xe5, 0xe5, 0xe5, 0xe5, 0xe5, 
	0xe5, 0xe5, 0xe5, 0xe5, 0xe5, 0xe5, 0xe5, 0xe5, 
	0xe5, 0xe5, 0xe5, 0xe5, 0xe5, 0xe5, 0xe5, 0xe5, 
	0xe5, 0xe5, 0xe5, 0xe5, 0xe5, 0xe5, 0xe5, 0xe5, 
	0xe5, 0xe5, 0xe5, 0xe5, 0xe5, 0xe5, 0xe5, 0xe5, 
	0xe5, 0xe5, 0xe5, 0xe5, 0xe5, 0xe5, 0xe5, 0xe5, 
	0xe5, 0xe5, 0xe5, 0xe5, 0xe5, 0xe5, 0xe5, 0xe5, 
	0xe5, 0xe5, 0xe5, 0xe5, 0xe5, 0xe5, 0xe5, 0xe5, 
	0xe5, 0xe5, 0xe5, 0xe5, 0xe5, 0xe5, 0xe5, 0xe5, 
	0xe5, 0xe5, 0xe5, 0xe5, 0xe5, 0xe5, 0xe5, 0xe5, 
	0xe5, 0xe5, 0xe5, 0xe5, 0xe5, 0xe5, 0xe5, 0xe5, 
	0xe5, 0xe5, 0xe5, 0xe5, 0xe5, 0xe5, 0xe5, 0xe5, 
	0xe5, 0xe5, 0xe5, 0xe5, 0xe5, 0xe5, 0xe5, 0xe5, 
	0xe5, 0xe5, 0xe5, 0xe5, 0xe5, 0xe5, 0xe5, 0xe5, 
	0xe5, 0xe5, 0xe5, 0xe5, 0xe5, 0xe5, 0xe5, 0xe5, 
	0xe5, 0xe5, 0xe5, 0xe5, 0xe5, 0xe5, 0xe5, 0xe5, 
	0xe5, 0xe5, 0xe5, 0xe5, 0xe5, 0xe5, 0xe5, 0xe5, 
	0xe5, 0xe5, 0xe5, 0xe5, 0xe5, 0xe5, 0xe5, 0xe5, 
	0xe5, 0xe5, 0xe5, 0xe5, 0xe5, 0xe5, 0xe5, 0xe5, 
	0xe5, 0xe5, 0xe5, 0xe5, 0xe5, 0xe5, 0xe5, 0xe5, 
	0xe5, 0xe5, 0xe5, 0xe5, 0xe5, 0xe5, 0xe5, 0xe5, 
	0xe5, 0xe5, 0xe5, 0xe5, 0xe5, 0xe5, 0xe5, 0xe5, 
	0xe5, 0xe5, 0xe5, 0xe5, 0xe5, 0xe5, 0xe5, 0xe5, 
	0xe5, 0xe5, 0xe5, 0xe5, 0xe5, 0xe5, 0xe5, 0xe5, 
	0xe5, 0xe5, 0xe5, 0xe5, 0xe5, 0xe5, 0xe5, 0xe5, 
	0xe5, 0xe5, 0xe5, 0xe5, 0xe5, 0xe5, 0xe5, 0xe5, 
	0xe5, 0xe5, 0xe5, 0xe5, 0xe5, 0xe5, 0xe5, 0xe5, 
	0xe5, 0xe5, 0xe5, 0xe5, 0xe5, 0xe5, 0xe5, 0xe5, 
	0xe5, 0xe5, 0xe5, 0xe5, 0xe5, 0xe5, 0xe5, 0xe5, 
	0xdd, 0xe5, 0x9c, 0x5f, 0x62, 0xdb, 0x21, 0x95, 
	0x09, 0x11, 0x09, 0x11, 0x09, 0x11, 0x09, 0x11, 
	0x09, 0x51, 0x01, 0x0f, 0x09, 0x51, 0x01, 0x0f, 
	0x09, 0x53, 0x01, 0x0f, 0x01, 0x0f, 0x09, 0x11, 
	0x09, 0x51, 0x09, 0x51, 0x52, 0xd9, 0xdd, 0xe9, 
	0xff, 0x2d, 0xff, 0x2d, 0xff, 0x2d, 0xe6, 0x29, 
	0xd5, 0x63, 0xe5, 0xe7, 0xee, 0x69, 0xee, 0x69, 
	0xe5, 0xe5, 0xe5, 0xe5, 0xe5, 0xe5, 0xe5, 0xe5, 
	0xe5, 0xe5, 0xe5, 0xe5, 0xe5, 0xe5, 0xe5, 0xe5, 
	0xe5, 0xe5, 0xe5, 0xe5, 0xe5, 0xe5, 0xe5, 0xe5, 
	0xe5, 0xe5, 0xe5, 0xe5, 0xe5, 0xe5, 0xe5, 0xe5, 
	0xe5, 0xe5, 0xe5, 0xe5, 0xe5, 0xe5, 0xe5, 0xe5, 
	0xe5, 0xe5, 0xe5, 0xe5, 0xe5, 0xe5, 0xe5, 0xe5, 
	0xe5, 0xe5, 0xe5, 0xe5, 0xe5, 0xe5, 0xe5, 0xe5, 
	0xe5, 0xe5, 0xe5, 0xe5, 0xe5, 0xe5, 0xe5, 0xe5, 
	0xe5, 0xe5, 0xe5, 0xe5, 0xe5, 0xe5, 0xe5, 0xe5, 
	0xe5, 0xe5, 0xe5, 0xe5, 0xe5, 0xe5, 0xe5, 0xe5, 
	0xe5, 0xe5, 0xe5, 0xe5, 0xe5, 0xe5, 0xe5, 0xe5, 
	0xe5, 0xe5, 0xe5, 0xe5, 0xe5, 0xe5, 0xe5, 0xe5, 
	0xe5, 0xe5, 0xe5, 0xe5, 0xe5, 0xe5, 0xe5, 0xe5, 
	0xe5, 0xe5, 0xe5, 0xe5, 0xe5, 0xe5, 0xe5, 0xe5, 
	0xe5, 0xe5, 0xe5, 0xe5, 0xe5, 0xe5, 0xe5, 0xe5, 
	0xe5, 0xe5, 0xe5, 0xe5, 0xe5, 0xe5, 0xe5, 0xe5, 
	0xe5, 0xe5, 0xe5, 0xe5, 0xe5, 0xe5, 0xe5, 0xe5, 
	0xe5, 0xe5, 0xe5, 0xe5, 0xe5, 0xe5, 0xe5, 0xe5, 
	0xe5, 0xe5, 0xe5, 0xe5, 0xe5, 0xe5, 0xe5, 0xe5, 
	0xe5, 0xe5, 0xe5, 0xe5, 0xe5, 0xe5, 0xe5, 0xe5, 
	0xe5, 0xe5, 0xe5, 0xe5, 0xe5, 0xe5, 0xe5, 0xe5, 
	0xe5, 0xe5, 0xe5, 0xe5, 0xe5, 0xe5, 0xe5, 0xe5, 
	0xe5, 0xe5, 0xe5, 0xe5, 0xe5, 0xe5, 0xe5, 0xe5, 
	0xe5, 0xe5, 0xe5, 0xe5, 0xe5, 0xe5, 0xe5, 0xe5, 
	0xe5, 0xe5, 0xe5, 0xe5, 0xe5, 0xe5, 0xe5, 0xe5, 
	0xe5, 0xe5, 0xe5, 0xe5, 0xe5, 0xe5, 0xe5, 0xe5, 
	0xe5, 0xe5, 0xe5, 0xe5, 0xe5, 0xe5, 0xe5, 0xe5, 
	0xe5, 0xe5, 0xe5, 0xe5, 0xe5, 0xe5, 0xe5, 0xe5, 
	0xe5, 0xe5, 0xe5, 0xe5, 0xe5, 0xe5, 0xe5, 0xe5, 
	0xe5, 0xe5, 0xe5, 0xe5, 0xe5, 0xe5, 0xe5, 0xe5, 
	0xe5, 0xe5, 0xe5, 0xe5, 0xe5, 0xe5, 0xe5, 0xe5, 
	0xe5, 0xe5, 0xe5, 0xe5, 0xe5, 0xe5, 0xe5, 0xe5, 
	0xe5, 0xe5, 0xe5, 0xe5, 0xe5, 0xe5, 0xe5, 0xe5, 
	0xe5, 0xe5, 0xe5, 0xe5, 0xe5, 0xe5, 0xe5, 0xe5, 
	0xe5, 0xe5, 0xe5, 0xe5, 0xe5, 0xe5, 0xe5, 0xe5, 
	0xe5, 0xe5, 0xe5, 0xe5, 0xe5, 0xe5, 0xe5, 0xe5, 
	0xe5, 0xe5, 0xe5, 0xe5, 0xe5, 0xe5, 0xe5, 0xe5, 
	0xe5, 0xe5, 0xe5, 0xe5, 0xe5, 0xe5, 0xe5, 0xe5, 
	0xe5, 0xe5, 0xe5, 0xe5, 0xe5, 0xe5, 0xe5, 0xe5, 
	0xe5, 0xe5, 0xe5, 0xe5, 0xe5, 0xe5, 0xe5, 0xe5, 
	0xe5, 0xe5, 0xe5, 0xe5, 0xe5, 0xe5, 0xe5, 0xe5, 
	0xe5, 0xe5, 0xe5, 0xe5, 0xe5, 0xe5, 0xe5, 0xe5, 
	0xe5, 0xe5, 0xe5, 0xe5, 0xe5, 0xe5, 0xe5, 0xe5, 
	0xe5, 0xe5, 0xe5, 0xe5, 0xe5, 0xe5, 0xe5, 0xe5, 
	0xe5, 0xe5, 0xe5, 0xe5, 0xe5, 0xe5, 0xe5, 0xe5, 
	0xe5, 0xe5, 0xe5, 0xe5, 0xe5, 0xe5, 0xe5, 0xe5, 
	0xe5, 0xe5, 0xe5, 0xe5, 0xe5, 0xe5, 0xe5, 0xe5, 
	0xe5, 0xe5, 0xe5, 0xe5, 0xe5, 0xe5, 0xe5, 0xe5, 
	0xe5, 0xe5, 0xe5, 0xe5, 0xe5, 0xe5, 0xe5, 0xe5, 
	0xe5, 0xe5, 0xe5, 0xe5, 0xe5, 0xe5, 0xe5, 0xe5, 
	0xe5, 0xe5, 0xe5, 0xe5, 0xe5, 0xe5, 0xe5, 0xe5, 
	0xe5, 0xe5, 0xe5, 0xe5, 0xe5, 0xe5, 0xe5, 0xe5, 
	0xe5, 0xe5, 0xe5, 0xe5, 0xe5, 0xe5, 0xe5, 0xe5, 
	0xe5, 0xe5, 0xe5, 0xe5, 0xe5, 0xe5, 0xe5, 0xe5, 
	0xe5, 0xe5, 0xe5, 0xe5, 0xe5, 0xe5, 0xe5, 0xe5, 
	0xe5, 0xe5, 0xe5, 0xe5, 0xe5, 0xe5, 0xe5, 0xe5, 
	0xe5, 0xe5, 0xe5, 0xe5, 0xe5, 0xe5, 0xe5, 0xe5, 
	0xdd, 0xe5, 0x9c, 0x5f, 0x62, 0xdb, 0x21, 0x95, 
	0x09, 0x11, 0x09, 0x11, 0x09, 0x11, 0x09, 0x11, 
	0x21, 0x95, 0x01, 0x0f, 0x01, 0x0f, 0x19, 0x53, 
	0x01, 0x0f, 0x11, 0x55, 0x01, 0x0f, 0x01, 0x0f, 
	0x09, 0x51, 0x09, 0x51, 0x09, 0x51, 0xdd, 0xe9, 
	0xff, 0x2d, 0xe6, 0x29, 0xff, 0x2d, 0xe6, 0x29, 
	0xee, 0x69, 0xee, 0x69, 0xd5, 0x63, 0xe5, 0xe7, 
	0xe5, 0xe5, 0xe5, 0xe5, 0xe5, 0xe5, 0xe5, 0xe5, 
	0xe5, 0xe5, 0xe5, 0xe5, 0xe5, 0xe5, 0xe5, 0xe5, 
	0xe5, 0xe5, 0xe5, 0xe5, 0xe5, 0xe5, 0xe5, 0xe5, 
	0xe5, 0xe5, 0xe5, 0xe5, 0xe5, 0xe5, 0xe5, 0xe5, 
	0xe5, 0xe5, 0xe5, 0xe5, 0xe5, 0xe5, 0xe5, 0xe5, 
	0xe5, 0xe5, 0xe5, 0xe5, 0xe5, 0xe5, 0xe5, 0xe5, 
	0xe5, 0xe5, 0xe5, 0xe5, 0xe5, 0xe5, 0xe5, 0xe5, 
	0xe5, 0xe5, 0xe5, 0xe5, 0xe5, 0xe5, 0xe5, 0xe5, 
	0xe5, 0xe5, 0xe5, 0xe5, 0xe5, 0xe5, 0xe5, 0xe5, 
	0xe5, 0xe5, 0xe5, 0xe5, 0xe5, 0xe5, 0xe5, 0xe5, 
	0xe5, 0xe5, 0xe5, 0xe5, 0xe5, 0xe5, 0xe5, 0xe5, 
	0xe5, 0xe5, 0xe5, 0xe5, 0xe5, 0xe5, 0xe5, 0xe5, 
	0xe5, 0xe5, 0xe5, 0xe5, 0xe5, 0xe5, 0xe5, 0xe5, 
	0xe5, 0xe5, 0xe5, 0xe5, 0xe5, 0xe5, 0xe5, 0xe5, 
	0xe5, 0xe5, 0xe5, 0xe5, 0xe5, 0xe5, 0xe5, 0xe5, 
	0xe5, 0xe5, 0xe5, 0xe5, 0xe5, 0xe5, 0xe5, 0xe5, 
	0xe5, 0xe5, 0xe5, 0xe5, 0xe5, 0xe5, 0xe5, 0xe5, 
	0xe5, 0xe5, 0xe5, 0xe5, 0xe5, 0xe5, 0xe5, 0xe5, 
	0xe5, 0xe5, 0xe5, 0xe5, 0xe5, 0xe5, 0xe5, 0xe5, 
	0xe5, 0xe5, 0xe5, 0xe5, 0xe5, 0xe5, 0xe5, 0xe5, 
	0xe5, 0xe5, 0xe5, 0xe5, 0xe5, 0xe5, 0xe5, 0xe5, 
	0xe5, 0xe5, 0xe5, 0xe5, 0xe5, 0xe5, 0xe5, 0xe5, 
	0xe5, 0xe5, 0xe5, 0xe5, 0xe5, 0xe5, 0xe5, 0xe5, 
	0xe5, 0xe5, 0xe5, 0xe5, 0xe5, 0xe5, 0xe5, 0xe5, 
	0xe5, 0xe5, 0xe5, 0xe5, 0xe5, 0xe5, 0xe5, 0xe5, 
	0xe5, 0xe5, 0xe5, 0xe5, 0xe5, 0xe5, 0xe5, 0xe5, 
	0xe5, 0xe5, 0xe5, 0xe5, 0xe5, 0xe5, 0xe5, 0xe5, 
	0xe5, 0xe5, 0xe5, 0xe5, 0xe5, 0xe5, 0xe5, 0xe5, 
	0xe5, 0xe5, 0xe5, 0xe5, 0xe5, 0xe5, 0xe5, 0xe5, 
	0xe5, 0xe5, 0xe5, 0xe5, 0xe5, 0xe5, 0xe5, 0xe5, 
	0xe5, 0xe5, 0xe5, 0xe5, 0xe5, 0xe5, 0xe5, 0xe5, 
	0xe5, 0xe5, 0xe5, 0xe5, 0xe5, 0xe5, 0xe5, 0xe5, 
	0xe5, 0xe5, 0xe5, 0xe5, 0xe5, 0xe5, 0xe5, 0xe5, 
	0xe5, 0xe5, 0xe5, 0xe5, 0xe5, 0xe5, 0xe5, 0xe5, 
	0xe5, 0xe5, 0xe5, 0xe5, 0xe5, 0xe5, 0xe5, 0xe5, 
	0xe5, 0xe5, 0xe5, 0xe5, 0xe5, 0xe5, 0xe5, 0xe5, 
	0xe5, 0xe5, 0xe5, 0xe5, 0xe5, 0xe5, 0xe5, 0xe5, 
	0xe5, 0xe5, 0xe5, 0xe5, 0xe5, 0xe5, 0xe5, 0xe5, 
	0xe5, 0xe5, 0xe5, 0xe5, 0xe5, 0xe5, 0xe5, 0xe5, 
	0xe5, 0xe5, 0xe5, 0xe5, 0xe5, 0xe5, 0xe5, 0xe5, 
	0xe5, 0xe5, 0xe5, 0xe5, 0xe5, 0xe5, 0xe5, 0xe5, 
	0xe5, 0xe5, 0xe5, 0xe5, 0xe5, 0xe5, 0xe5, 0xe5, 
	0xe5, 0xe5, 0xe5, 0xe5, 0xe5, 0xe5, 0xe5, 0xe5, 
	0xe5, 0xe5, 0xe5, 0xe5, 0xe5, 0xe5, 0xe5, 0xe5, 
	0xe5, 0xe5, 0xe5, 0xe5, 0xe5, 0xe5, 0xe5, 0xe5, 
	0xe5, 0xe5, 0xe5, 0xe5, 0xe5, 0xe5, 0xe5, 0xe5, 
	0xe5, 0xe5, 0xe5, 0xe5, 0xe5, 0xe5, 0xe5, 0xe5, 
	0xe5, 0xe5, 0xe5, 0xe5, 0xe5, 0xe5, 0xe5, 0xe5, 
	0xe5, 0xe5, 0xe5, 0xe5, 0xe5, 0xe5, 0xe5, 0xe5, 
	0xe5, 0xe5, 0xe5, 0xe5, 0xe5, 0xe5, 0xe5, 0xe5, 
	0xe5, 0xe5, 0xe5, 0xe5, 0xe5, 0xe5, 0xe5, 0xe5, 
	0xe5, 0xe5, 0xe5, 0xe5, 0xe5, 0xe5, 0xe5, 0xe5, 
	0xe5, 0xe5, 0xe5, 0xe5, 0xe5, 0xe5, 0xe5, 0xe5, 
	0xe5, 0xe5, 0xe5, 0xe5, 0xe5, 0xe5, 0xe5, 0xe5, 
	0xe5, 0xe5, 0xe5, 0xe5, 0xe5, 0xe5, 0xe5, 0xe5, 
	0xe5, 0xe5, 0xe5, 0xe5, 0xe5, 0xe5, 0xe5, 0xe5, 
	0xe5, 0xe5, 0xe5, 0xe5, 0xe5, 0xe5, 0xe5, 0xe5, 
	0xcd, 0x65, 0x8c, 0x1f, 0x52, 0x97, 0x11, 0x51, 
	0x19, 0x53, 0x19, 0x53, 0x19, 0x53, 0x09, 0x51, 
	0x09, 0x51, 0x09, 0x51, 0x01, 0x0f, 0x01, 0x0f, 
	0x11, 0x53, 0x11, 0x53, 0x29, 0xd7, 0x11, 0x53, 
	0x09, 0x11, 0x09, 0x11, 0x09, 0x11, 0x8b, 0xdf, 
	0xfe, 0xed, 0xdd, 0xe9, 0xfe, 0xed, 0xdd, 0xe9, 
	0xee, 0x29, 0xfe, 0xed, 0xdd, 0xa5, 0xee, 0x29, 
	0xee, 0x27, 0xe5, 0xe5, 0xe5, 0xe5, 0xe5, 0xe5, 
	0xe5, 0xe5, 0xe5, 0xe5, 0xe5, 0xe5, 0xe5, 0xe5, 
	0xe5, 0xe5, 0xe5, 0xe5, 0xe5, 0xe5, 0xe5, 0xe5, 
	0xe5, 0xe5, 0xe5, 0xe5, 0xe5, 0xe5, 0xe5, 0xe5, 
	0xe5, 0xe5, 0xe5, 0xe5, 0xe5, 0xe5, 0xe5, 0xe5, 
	0xe5, 0xe5, 0xe5, 0xe5, 0xe5, 0xe5, 0xe5, 0xe5, 
	0xe5, 0xe5, 0xe5, 0xe5, 0xe5, 0xe5, 0xe5, 0xe5, 
	0xe5, 0xe5, 0xe5, 0xe5, 0xe5, 0xe5, 0xe5, 0xe5, 
	0xe5, 0xe5, 0xe5, 0xe5, 0xe5, 0xe5, 0xe5, 0xe5, 
	0xe5, 0xe5, 0xe5, 0xe5, 0xe5, 0xe5, 0xe5, 0xe5, 
	0xe5, 0xe5, 0xe5, 0xe5, 0xe5, 0xe5, 0xe5, 0xe5, 
	0xe5, 0xe5, 0xe5, 0xe5, 0xe5, 0xe5, 0xe5, 0xe5, 
	0xe5, 0xe5, 0xe5, 0xe5, 0xe5, 0xe5, 0xe5, 0xe5, 
	0xe5, 0xe5, 0xe5, 0xe5, 0xe5, 0xe5, 0xe5, 0xe5, 
	0xe5, 0xe5, 0xe5, 0xe5, 0xe5, 0xe5, 0xe5, 0xe5, 
	0xe5, 0xe5, 0xe5, 0xe5, 0xe5, 0xe5, 0xe5, 0xe5, 
	0xe5, 0xe5, 0xe5, 0xe5, 0xe5, 0xe5, 0xe5, 0xe5, 
	0xe5, 0xe5, 0xe5, 0xe5, 0xe5, 0xe5, 0xe5, 0xe5, 
	0xe5, 0xe5, 0xe5, 0xe5, 0xe5, 0xe5, 0xe5, 0xe5, 
	0xe5, 0xe5, 0xe5, 0xe5, 0xe5, 0xe5, 0xe5, 0xe5, 
	0xe5, 0xe5, 0xe5, 0xe5, 0xe5, 0xe5, 0xe5, 0xe5, 
	0xe5, 0xe5, 0xe5, 0xe5, 0xe5, 0xe5, 0xe5, 0xe5, 
	0xe5, 0xe5, 0xe5, 0xe5, 0xe5, 0xe5, 0xe5, 0xe5, 
	0xe5, 0xe5, 0xe5, 0xe5, 0xe5, 0xe5, 0xe5, 0xe5, 
	0xe5, 0xe5, 0xe5, 0xe5, 0xe5, 0xe5, 0xe5, 0xe5, 
	0xe5, 0xe5, 0xe5, 0xe5, 0xe5, 0xe5, 0xe5, 0xe5, 
	0xe5, 0xe5, 0xe5, 0xe5, 0xe5, 0xe5, 0xe5, 0xe5, 
	0xe5, 0xe5, 0xe5, 0xe5, 0xe5, 0xe5, 0xe5, 0xe5, 
	0xe5, 0xe5, 0xe5, 0xe5, 0xe5, 0xe5, 0xe5, 0xe5, 
	0xe5, 0xe5, 0xe5, 0xe5, 0xe5, 0xe5, 0xe5, 0xe5, 
	0xe5, 0xe5, 0xe5, 0xe5, 0xe5, 0xe5, 0xe5, 0xe5, 
	0xe5, 0xe5, 0xe5, 0xe5, 0xe5, 0xe5, 0xe5, 0xe5, 
	0xe5, 0xe5, 0xe5, 0xe5, 0xe5, 0xe5, 0xe5, 0xe5, 
	0xe5, 0xe5, 0xe5, 0xe5, 0xe5, 0xe5, 0xe5, 0xe5, 
	0xe5, 0xe5, 0xe5, 0xe5, 0xe5, 0xe5, 0xe5, 0xe5, 
	0xe5, 0xe5, 0xe5, 0xe5, 0xe5, 0xe5, 0xe5, 0xe5, 
	0xe5, 0xe5, 0xe5, 0xe5, 0xe5, 0xe5, 0xe5, 0xe5, 
	0xe5, 0xe5, 0xe5, 0xe5, 0xe5, 0xe5, 0xe5, 0xe5, 
	0xe5, 0xe5, 0xe5, 0xe5, 0xe5, 0xe5, 0xe5, 0xe5, 
	0xe5, 0xe5, 0xe5, 0xe5, 0xe5, 0xe5, 0xe5, 0xe5, 
	0xe5, 0xe5, 0xe5, 0xe5, 0xe5, 0xe5, 0xe5, 0xe5, 
	0xe5, 0xe5, 0xe5, 0xe5, 0xe5, 0xe5, 0xe5, 0xe5, 
	0xe5, 0xe5, 0xe5, 0xe5, 0xe5, 0xe5, 0xe5, 0xe5, 
	0xe5, 0xe5, 0xe5, 0xe5, 0xe5, 0xe5, 0xe5, 0xe5, 
	0xe5, 0xe5, 0xe5, 0xe5, 0xe5, 0xe5, 0xe5, 0xe5, 
	0xe5, 0xe5, 0xe5, 0xe5, 0xe5, 0xe5, 0xe5, 0xe5, 
	0xe5, 0xe5, 0xe5, 0xe5, 0xe5, 0xe5, 0xe5, 0xe5, 
	0xe5, 0xe5, 0xe5, 0xe5, 0xe5, 0xe5, 0xe5, 0xe5, 
	0xe5, 0xe5, 0xe5, 0xe5, 0xe5, 0xe5, 0xe5, 0xe5, 
	0xe5, 0xe5, 0xe5, 0xe5, 0xe5, 0xe5, 0xe5, 0xe5, 
	0xe5, 0xe5, 0xe5, 0xe5, 0xe5, 0xe5, 0xe5, 0xe5, 
	0xe5, 0xe5, 0xe5, 0xe5, 0xe5, 0xe5, 0xe5, 0xe5, 
	0xe5, 0xe5, 0xe5, 0xe5, 0xe5, 0xe5, 0xe5, 0xe5, 
	0xe5, 0xe5, 0xe5, 0xe5, 0xe5, 0xe5, 0xe5, 0xe5, 
	0xe5, 0xe5, 0xe5, 0xe5, 0xe5, 0xe5, 0xe5, 0xe5, 
	0xe5, 0xe5, 0xe5, 0xe5, 0xe5, 0xe5, 0xe5, 0xe5, 
	0xe5, 0xe5, 0xe5, 0xe5, 0xe5, 0xe5, 0xe5, 0xe5, 
	0xcd, 0x65, 0x52, 0x97, 0x11, 0x51, 0x11, 0x51, 
	0x21, 0x95, 0x21, 0x95, 0x21, 0x95, 0x19, 0x53, 
	0x09, 0x51, 0x01, 0x0f, 0x09, 0x51, 0x01, 0x0f, 
	0x01, 0x0f, 0x11, 0x53, 0x11, 0x53, 0x01, 0x0f, 
	0x09, 0x11, 0x09, 0x11, 0x09, 0x11, 0x63, 0x1b, 
	0xfe, 0xed, 0xfe, 0xed, 0xfe, 0xed, 0xfe, 0xed, 
	0xee, 0x29, 0xfe, 0xed, 0xfe, 0xed, 0xfe, 0xed, 
	0xfe, 0xab, 0xee, 0x27, 0xe5, 0xe5, 0xe5, 0xe5, 
	0xe5, 0xe5, 0xe5, 0xe5, 0xe5, 0xe5, 0xe5, 0xe5, 
	0xe5, 0xe5, 0xe5, 0xe5, 0xe5, 0xe5, 0xe5, 0xe5, 
	0xe5, 0xe5, 0xe5, 0xe5, 0xe5, 0xe5, 0xe5, 0xe5, 
	0xe5, 0xe5, 0xe5, 0xe5, 0xe5, 0xe5, 0xe5, 0xe5, 
	0xe5, 0xe5, 0xe5, 0xe5, 0xe5, 0xe5, 0xe5, 0xe5, 
	0xe5, 0xe5, 0xe5, 0xe5, 0xe5, 0xe5, 0xe5, 0xe5, 
	0xe5, 0xe5, 0xe5, 0xe5, 0xe5, 0xe5, 0xe5, 0xe5, 
	0xe5, 0xe5, 0xe5, 0xe5, 0xe5, 0xe5, 0xe5, 0xe5, 
	0xe5, 0xe5, 0xe5, 0xe5, 0xe5, 0xe5, 0xe5, 0xe5, 
	0xe5, 0xe5, 0xe5, 0xe5, 0xe5, 0xe5, 0xe5, 0xe5, 
	0xe5, 0xe5, 0xe5, 0xe5, 0xe5, 0xe5, 0xe5, 0xe5, 
	0xe5, 0xe5, 0xe5, 0xe5, 0xe5, 0xe5, 0xe5, 0xe5, 
	0xe5, 0xe5, 0xe5, 0xe5, 0xe5, 0xe5, 0xe5, 0xe5, 
	0xe5, 0xe5, 0xe5, 0xe5, 0xe5, 0xe5, 0xe5, 0xe5, 
	0xe5, 0xe5, 0xe5, 0xe5, 0xe5, 0xe5, 0xe5, 0xe5, 
	0xe5, 0xe5, 0xe5, 0xe5, 0xe5, 0xe5, 0xe5, 0xe5, 
	0xe5, 0xe5, 0xe5, 0xe5, 0xe5, 0xe5, 0xe5, 0xe5, 
	0xe5, 0xe5, 0xe5, 0xe5, 0xe5, 0xe5, 0xe5, 0xe5, 
	0xe5, 0xe5, 0xe5, 0xe5, 0xe5, 0xe5, 0xe5, 0xe5, 
	0xe5, 0xe5, 0xe5, 0xe5, 0xe5, 0xe5, 0xe5, 0xe5, 
	0xe5, 0xe5, 0xe5, 0xe5, 0xe5, 0xe5, 0xe5, 0xe5, 
	0xe5, 0xe5, 0xe5, 0xe5, 0xe5, 0xe5, 0xe5, 0xe5, 
	0xe5, 0xe5, 0xe5, 0xe5, 0xe5, 0xe5, 0xe5, 0xe5, 
	0xe5, 0xe5, 0xe5, 0xe5, 0xe5, 0xe5, 0xe5, 0xe5, 
	0xe5, 0xe5, 0xe5, 0xe5, 0xe5, 0xe5, 0xe5, 0xe5, 
	0xe5, 0xe5, 0xe5, 0xe5, 0xe5, 0xe5, 0xe5, 0xe5, 
	0xe5, 0xe5, 0xe5, 0xe5, 0xe5, 0xe5, 0xe5, 0xe5, 
	0xe5, 0xe5, 0xe5, 0xe5, 0xe5, 0xe5, 0xe5, 0xe5, 
	0xe5, 0xe5, 0xe5, 0xe5, 0xe5, 0xe5, 0xe5, 0xe5, 
	0xe5, 0xe5, 0xe5, 0xe5, 0xe5, 0xe5, 0xe5, 0xe5, 
	0xe5, 0xe5, 0xe5, 0xe5, 0xe5, 0xe5, 0xe5, 0xe5, 
	0xe5, 0xe5, 0xe5, 0xe5, 0xe5, 0xe5, 0xe5, 0xe5, 
	0xe5, 0xe5, 0xe5, 0xe5, 0xe5, 0xe5, 0xe5, 0xe5, 
	0xe5, 0xe5, 0xe5, 0xe5, 0xe5, 0xe5, 0xe5, 0xe5, 
	0xe5, 0xe5, 0xe5, 0xe5, 0xe5, 0xe5, 0xe5, 0xe5, 
	0xe5, 0xe5, 0xe5, 0xe5, 0xe5, 0xe5, 0xe5, 0xe5, 
	0xe5, 0xe5, 0xe5, 0xe5, 0xe5, 0xe5, 0xe5, 0xe5, 
	0xe5, 0xe5, 0xe5, 0xe5, 0xe5, 0xe5, 0xe5, 0xe5, 
	0xe5, 0xe5, 0xe5, 0xe5, 0xe5, 0xe5, 0xe5, 0xe5, 
	0xe5, 0xe5, 0xe5, 0xe5, 0xe5, 0xe5, 0xe5, 0xe5, 
	0xe5, 0xe5, 0xe5, 0xe5, 0xe5, 0xe5, 0xe5, 0xe5, 
	0xe5, 0xe5, 0xe5, 0xe5, 0xe5, 0xe5, 0xe5, 0xe5, 
	0xe5, 0xe5, 0xe5, 0xe5, 0xe5, 0xe5, 0xe5, 0xe5, 
	0xe5, 0xe5, 0xe5, 0xe5, 0xe5, 0xe5, 0xe5, 0xe5, 
	0xe5, 0xe5, 0xe5, 0xe5, 0xe5, 0xe5, 0xe5, 0xe5, 
	0xe5, 0xe5, 0xe5, 0xe5, 0xe5, 0xe5, 0xe5, 0xe5, 
	0xe5, 0xe5, 0xe5, 0xe5, 0xe5, 0xe5, 0xe5, 0xe5, 
	0xe5, 0xe5, 0xe5, 0xe5, 0xe5, 0xe5, 0xe5, 0xe5, 
	0xe5, 0xe5, 0xe5, 0xe5, 0xe5, 0xe5, 0xe5, 0xe5, 
	0xe5, 0xe5, 0xe5, 0xe5, 0xe5, 0xe5, 0xe5, 0xe5, 
	0xe5, 0xe5, 0xe5, 0xe5, 0xe5, 0xe5, 0xe5, 0xe5, 
	0xe5, 0xe5, 0xe5, 0xe5, 0xe5, 0xe5, 0xe5, 0xe5, 
	0xe5, 0xe5, 0xe5, 0xe5, 0xe5, 0xe5, 0xe5, 0xe5, 
	0xe5, 0xe5, 0xe5, 0xe5, 0xe5, 0xe5, 0xe5, 0xe5, 
	0xe5, 0xe5, 0xe5, 0xe5, 0xe5, 0xe5, 0xe5, 0xe5, 
	0xe5, 0xe5, 0xe5, 0xe5, 0xe5, 0xe5, 0xe5, 0xe5, 
	0xcd, 0x65, 0x52, 0x97, 0x11, 0x51, 0x11, 0x51, 
	0x01, 0x0f, 0x09, 0x51, 0x19, 0x53, 0x09, 0x51, 
	0x01, 0x0f, 0x01, 0x0f, 0x21, 0x95, 0x09, 0x51, 
	0x01, 0x0f, 0x01, 0x0f, 0x01, 0x0f, 0x11, 0x53, 
	0x09, 0x11, 0x09, 0x11, 0x09, 0x11, 0x32, 0x15, 
	0xfe, 0xed, 0xfe, 0xed, 0xdd, 0xe9, 0xa4, 0x5f, 
	0xfe, 0xed, 0xfe, 0xed, 0xee, 0x29, 0xee, 0x29, 
	0xfe, 0xab, 0xe5, 0xe5, 0xee, 0x27, 0xe5, 0xe5, 
	0xe5, 0xe5, 0xe5, 0xe5, 0xe5, 0xe5, 0xe5, 0xe5, 
	0xe5, 0xe5, 0xe5, 0xe5, 0xe5, 0xe5, 0xe5, 0xe5, 
	0xe5, 0xe5, 0xe5, 0xe5, 0xe5, 0xe5, 0xe5, 0xe5, 
	0xe5, 0xe5, 0xe5, 0xe5, 0xe5, 0xe5, 0xe5, 0xe5, 
	0xe5, 0xe5, 0xe5, 0xe5, 0xe5, 0xe5, 0xe5, 0xe5, 
	0xe5, 0xe5, 0xe5, 0xe5, 0xe5, 0xe5, 0xe5, 0xe5, 
	0xe5, 0xe5, 0xe5, 0xe5, 0xe5, 0xe5, 0xe5, 0xe5, 
	0xe5, 0xe5, 0xe5, 0xe5, 0xe5, 0xe5, 0xe5, 0xe5, 
	0xe5, 0xe5, 0xe5, 0xe5, 0xe5, 0xe5, 0xe5, 0xe5, 
	0xe5, 0xe5, 0xe5, 0xe5, 0xe5, 0xe5, 0xe5, 0xe5, 
	0xe5, 0xe5, 0xe5, 0xe5, 0xe5, 0xe5, 0xe5, 0xe5, 
	0xe5, 0xe5, 0xe5, 0xe5, 0xe5, 0xe5, 0xe5, 0xe5, 
	0xe5, 0xe5, 0xe5, 0xe5, 0xe5, 0xe5, 0xe5, 0xe5, 
	0xe5, 0xe5, 0xe5, 0xe5, 0xe5, 0xe5, 0xe5, 0xe5, 
	0xe5, 0xe5, 0xe5, 0xe5, 0xe5, 0xe5, 0xe5, 0xe5, 
	0xe5, 0xe5, 0xe5, 0xe5, 0xe5, 0xe5, 0xe5, 0xe5, 
	0xe5, 0xe5, 0xe5, 0xe5, 0xe5, 0xe5, 0xe5, 0xe5, 
	0xe5, 0xe5, 0xe5, 0xe5, 0xe5, 0xe5, 0xe5, 0xe5, 
	0xe5, 0xe5, 0xe5, 0xe5, 0xe5, 0xe5, 0xe5, 0xe5, 
	0xe5, 0xe5, 0xe5, 0xe5, 0xe5, 0xe5, 0xe5, 0xe5, 
	0xe5, 0xe5, 0xe5, 0xe5, 0xe5, 0xe5, 0xe5, 0xe5, 
	0xe5, 0xe5, 0xe5, 0xe5, 0xe5, 0xe5, 0xe5, 0xe5, 
	0xe5, 0xe5, 0xe5, 0xe5, 0xe5, 0xe5, 0xe5, 0xe5, 
	0xe5, 0xe5, 0xe5, 0xe5, 0xe5, 0xe5, 0xe5, 0xe5, 
	0xe5, 0xe5, 0xe5, 0xe5, 0xe5, 0xe5, 0xe5, 0xe5, 
	0xe5, 0xe5, 0xe5, 0xe5, 0xe5, 0xe5, 0xe5, 0xe5, 
	0xe5, 0xe5, 0xe5, 0xe5, 0xe5, 0xe5, 0xe5, 0xe5, 
	0xe5, 0xe5, 0xe5, 0xe5, 0xe5, 0xe5, 0xe5, 0xe5, 
	0xe5, 0xe5, 0xe5, 0xe5, 0xe5, 0xe5, 0xe5, 0xe5, 
	0xe5, 0xe5, 0xe5, 0xe5, 0xe5, 0xe5, 0xe5, 0xe5, 
	0xe5, 0xe5, 0xe5, 0xe5, 0xe5, 0xe5, 0xe5, 0xe5, 
	0xe5, 0xe5, 0xe5, 0xe5, 0xe5, 0xe5, 0xe5, 0xe5, 
	0xe5, 0xe5, 0xe5, 0xe5, 0xe5, 0xe5, 0xe5, 0xe5, 
	0xe5, 0xe5, 0xe5, 0xe5, 0xe5, 0xe5, 0xe5, 0xe5, 
	0xe5, 0xe5, 0xe5, 0xe5, 0xe5, 0xe5, 0xe5, 0xe5, 
	0xe5, 0xe5, 0xe5, 0xe5, 0xe5, 0xe5, 0xe5, 0xe5, 
	0xe5, 0xe5, 0xe5, 0xe5, 0xe5, 0xe5, 0xe5, 0xe5, 
	0xe5, 0xe5, 0xe5, 0xe5, 0xe5, 0xe5, 0xe5, 0xe5, 
	0xe5, 0xe5, 0xe5, 0xe5, 0xe5, 0xe5, 0xe5, 0xe5, 
	0xe5, 0xe5, 0xe5, 0xe5, 0xe5, 0xe5, 0xe5, 0xe5, 
	0xe5, 0xe5, 0xe5, 0xe5, 0xe5, 0xe5, 0xe5, 0xe5, 
	0xe5, 0xe5, 0xe5, 0xe5, 0xe5, 0xe5, 0xe5, 0xe5, 
	0xe5, 0xe5, 0xe5, 0xe5, 0xe5, 0xe5, 0xe5, 0xe5, 
	0xe5, 0xe5, 0xe5, 0xe5, 0xe5, 0xe5, 0xe5, 0xe5, 
	0xe5, 0xe5, 0xe5, 0xe5, 0xe5, 0xe5, 0xe5, 0xe5, 
	0xe5, 0xe5, 0xe5, 0xe5, 0xe5, 0xe5, 0xe5, 0xe5, 
	0xe5, 0xe5, 0xe5, 0xe5, 0xe5, 0xe5, 0xe5, 0xe5, 
	0xe5, 0xe5, 0xe5, 0xe5, 0xe5, 0xe5, 0xe5, 0xe5, 
	0xe5, 0xe5, 0xe5, 0xe5, 0xe5, 0xe5, 0xe5, 0xe5, 
	0xe5, 0xe5, 0xe5, 0xe5, 0xe5, 0xe5, 0xe5, 0xe5, 
	0xe5, 0xe5, 0xe5, 0xe5, 0xe5, 0xe5, 0xe5, 0xe5, 
	0xe5, 0xe5, 0xe5, 0xe5, 0xe5, 0xe5, 0xe5, 0xe5, 
	0xe5, 0xe5, 0xe5, 0xe5, 0xe5, 0xe5, 0xe5, 0xe5, 
	0xe5, 0xe5, 0xe5, 0xe5, 0xe5, 0xe5, 0xe5, 0xe5, 
	0xe5, 0xe5, 0xe5, 0xe5, 0xe5, 0xe5, 0xe5, 0xe5, 
	0xe5, 0xe5, 0xe5, 0xe5, 0xe5, 0xe5, 0xb4, 0xa1, 
	0x8c, 0x1f, 0x11, 0x51, 0x11, 0x51, 0x11, 0x51, 
	0x01, 0x0f, 0x19, 0x53, 0x01, 0x0f, 0x01, 0x0f, 
	0x01, 0x0f, 0x01, 0x0f, 0x09, 0x51, 0x19, 0x53, 
	0x11, 0x53, 0x11, 0x53, 0x01, 0x0f, 0x11, 0x53, 
	0x09, 0x11, 0x09, 0x11, 0x09, 0x11, 0x09, 0x11, 
	0xdd, 0xe9, 0xfe, 0xed, 0xdd, 0xe9, 0xa4, 0x5f, 
	0xfe, 0xed, 0xfe, 0xed, 0xcc, 0xe1, 0xee, 0x29, 
	0xee, 0x27, 0xee, 0x27, 0xfe, 0xab, 0xee, 0x27, 
	0xe5, 0xe5, 0xe5, 0xe5, 0xe5, 0xe5, 0xe5, 0xe5, 
	0xe5, 0xe5, 0xe5, 0xe5, 0xe5, 0xe5, 0xe5, 0xe5, 
	0xe5, 0xe5, 0xe5, 0xe5, 0xe5, 0xe5, 0xe5, 0xe5, 
	0xe5, 0xe5, 0xe5, 0xe5, 0xe5, 0xe5, 0xe5, 0xe5, 
	0xe5, 0xe5, 0xe5, 0xe5, 0xe5, 0xe5, 0xe5, 0xe5, 
	0xe5, 0xe5, 0xe5, 0xe5, 0xe5, 0xe5, 0xe5, 0xe5, 
	0xe5, 0xe5, 0xe5, 0xe5, 0xe5, 0xe5, 0xe5, 0xe5, 
	0xe5, 0xe5, 0xe5, 0xe5, 0xe5, 0xe5, 0xe5, 0xe5, 
	0xe5, 0xe5, 0xe5, 0xe5, 0xe5, 0xe5, 0xe5, 0xe5, 
	0xe5, 0xe5, 0xe5, 0xe5, 0xe5, 0xe5, 0xe5, 0xe5, 
	0xe5, 0xe5, 0xe5, 0xe5, 0xe5, 0xe5, 0xe5, 0xe5, 
	0xe5, 0xe5, 0xe5, 0xe5, 0xe5, 0xe5, 0xe5, 0xe5, 
	0xe5, 0xe5, 0xe5, 0xe5, 0xe5, 0xe5, 0xe5, 0xe5, 
	0xe5, 0xe5, 0xe5, 0xe5, 0xe5, 0xe5, 0xe5, 0xe5, 
	0xe5, 0xe5, 0xe5, 0xe5, 0xe5, 0xe5, 0xe5, 0xe5, 
	0xe5, 0xe5, 0xe5, 0xe5, 0xe5, 0xe5, 0xe5, 0xe5, 
	0xe5, 0xe5, 0xe5, 0xe5, 0xe5, 0xe5, 0xe5, 0xe5, 
	0xe5, 0xe5, 0xe5, 0xe5, 0xe5, 0xe5, 0xe5, 0xe5, 
	0xe5, 0xe5, 0xe5, 0xe5, 0xe5, 0xe5, 0xe5, 0xe5, 
	0xe5, 0xe5, 0xe5, 0xe5, 0xe5, 0xe5, 0xe5, 0xe5, 
	0xe5, 0xe5, 0xe5, 0xe5, 0xe5, 0xe5, 0xe5, 0xe5, 
	0xe5, 0xe5, 0xe5, 0xe5, 0xe5, 0xe5, 0xe5, 0xe5, 
	0xe5, 0xe5, 0xe5, 0xe5, 0xe5, 0xe5, 0xe5, 0xe5, 
	0xe5, 0xe5, 0xe5, 0xe5, 0xe5, 0xe5, 0xe5, 0xe5, 
	0xe5, 0xe5, 0xe5, 0xe5, 0xe5, 0xe5, 0xe5, 0xe5, 
	0xe5, 0xe5, 0xe5, 0xe5, 0xe5, 0xe5, 0xe5, 0xe5, 
	0xe5, 0xe5, 0xe5, 0xe5, 0xe5, 0xe5, 0xe5, 0xe5, 
	0xe5, 0xe5, 0xe5, 0xe5, 0xe5, 0xe5, 0xe5, 0xe5, 
	0xe5, 0xe5, 0xe5, 0xe5, 0xe5, 0xe5, 0xe5, 0xe5, 
	0xe5, 0xe5, 0xe5, 0xe5, 0xe5, 0xe5, 0xe5, 0xe5, 
	0xe5, 0xe5, 0xe5, 0xe5, 0xe5, 0xe5, 0xe5, 0xe5, 
	0xe5, 0xe5, 0xe5, 0xe5, 0xe5, 0xe5, 0xe5, 0xe5, 
	0xe5, 0xe5, 0xe5, 0xe5, 0xe5, 0xe5, 0xe5, 0xe5, 
	0xe5, 0xe5, 0xe5, 0xe5, 0xe5, 0xe5, 0xe5, 0xe5, 
	0xe5, 0xe5, 0xe5, 0xe5, 0xe5, 0xe5, 0xe5, 0xe5, 
	0xe5, 0xe5, 0xe5, 0xe5, 0xe5, 0xe5, 0xe5, 0xe5, 
	0xe5, 0xe5, 0xe5, 0xe5, 0xe5, 0xe5, 0xe5, 0xe5, 
	0xe5, 0xe5, 0xe5, 0xe5, 0xe5, 0xe5, 0xe5, 0xe5, 
	0xe5, 0xe5, 0xe5, 0xe5, 0xe5, 0xe5, 0xe5, 0xe5, 
	0xe5, 0xe5, 0xe5, 0xe5, 0xe5, 0xe5, 0xe5, 0xe5, 
	0xe5, 0xe5, 0xe5, 0xe5, 0xe5, 0xe5, 0xe5, 0xe5, 
	0xe5, 0xe5, 0xe5, 0xe5, 0xe5, 0xe5, 0xe5, 0xe5, 
	0xe5, 0xe5, 0xe5, 0xe5, 0xe5, 0xe5, 0xe5, 0xe5, 
	0xe5, 0xe5, 0xe5, 0xe5, 0xe5, 0xe5, 0xe5, 0xe5, 
	0xe5, 0xe5, 0xe5, 0xe5, 0xe5, 0xe5, 0xe5, 0xe5, 
	0xe5, 0xe5, 0xe5, 0xe5, 0xe5, 0xe5, 0xe5, 0xe5, 
	0xe5, 0xe5, 0xe5, 0xe5, 0xe5, 0xe5, 0xe5, 0xe5, 
	0xe5, 0xe5, 0xe5, 0xe5, 0xe5, 0xe5, 0xe5, 0xe5, 
	0xe5, 0xe5, 0xe5, 0xe5, 0xe5, 0xe5, 0xe5, 0xe5, 
	0xe5, 0xe5, 0xe5, 0xe5, 0xe5, 0xe5, 0xe5, 0xe5, 
	0xe5, 0xe5, 0xe5, 0xe5, 0xe5, 0xe5, 0xe5, 0xe5, 
	0xe5, 0xe5, 0xe5, 0xe5, 0xe5, 0xe5, 0xe5, 0xe5, 
	0xe5, 0xe5, 0xe5, 0xe5, 0xe5, 0xe5, 0xe5, 0xe5, 
	0xe5, 0xe5, 0xe5, 0xe5, 0xe5, 0xe5, 0xe5, 0xe5, 
	0xe5, 0xe5, 0xe5, 0xe5, 0xe5, 0xe5, 0xe5, 0xe5, 
	0xe5, 0xe5, 0xe5, 0xe5, 0xe5, 0xe5, 0x9c, 0x5f, 
	0x3a, 0x17, 0x29, 0xd5, 0x11, 0x53, 0x11, 0x53, 
	0x11, 0x53, 0x11, 0x53, 0x09, 0x11, 0x01, 0x0f, 
	0x09, 0x51, 0x01, 0x0f, 0x01, 0x0f, 0x01, 0x0f, 
	0x01, 0x0f, 0x09, 0x11, 0x11, 0x53, 0x09, 0x11, 
	0x01, 0x0f, 0x01, 0x0f, 0x01, 0x0f, 0x09, 0x11, 
	0xcd, 0xa7, 0xfe, 0xed, 0xfe, 0xed, 0xfe, 0xed, 
	0xff, 0x2d, 0xff, 0x2d, 0xff, 0x2d, 0xe6, 0x27, 
	0xb4, 0x9f, 0xe6, 0x29, 0xfe, 0xed, 0xe6, 0x29, 
	0xe5, 0xe5, 0xe5, 0xe5, 0xe5, 0xe5, 0xe5, 0xe5, 
	0xe5, 0xe5, 0xe5, 0xe5, 0xe5, 0xe5, 0xe5, 0xe5, 
	0xe5, 0xe5, 0xe5, 0xe5, 0xe5, 0xe5, 0xe5, 0xe5, 
	0xe5, 0xe5, 0xe5, 0xe5, 0xe5, 0xe5, 0xe5, 0xe5, 
	0xe5, 0xe5, 0xe5, 0xe5, 0xe5, 0xe5, 0xe5, 0xe5, 
	0xe5, 0xe5, 0xe5, 0xe5, 0xe5, 0xe5, 0xe5, 0xe5, 
	0xe5, 0xe5, 0xe5, 0xe5, 0xe5, 0xe5, 0xe5, 0xe5, 
	0xe5, 0xe5, 0xe5, 0xe5, 0xe5, 0xe5, 0xe5, 0xe5, 
	0xe5, 0xe5, 0xe5, 0xe5, 0xe5, 0xe5, 0xe5, 0xe5, 
	0xe5, 0xe5, 0xe5, 0xe5, 0xe5, 0xe5, 0xe5, 0xe5, 
	0xe5, 0xe5, 0xe5, 0xe5, 0xe5, 0xe5, 0xe5, 0xe5, 
	0xe5, 0xe5, 0xe5, 0xe5, 0xe5, 0xe5, 0xe5, 0xe5, 
	0xe5, 0xe5, 0xe5, 0xe5, 0xe5, 0xe5, 0xe5, 0xe5, 
	0xe5, 0xe5, 0xe5, 0xe5, 0xe5, 0xe5, 0xe5, 0xe5, 
	0xe5, 0xe5, 0xe5, 0xe5, 0xe5, 0xe5, 0xe5, 0xe5, 
	0xe5, 0xe5, 0xe5, 0xe5, 0xe5, 0xe5, 0xe5, 0xe5, 
	0xe5, 0xe5, 0xe5, 0xe5, 0xe5, 0xe5, 0xe5, 0xe5, 
	0xe5, 0xe5, 0xe5, 0xe5, 0xe5, 0xe5, 0xe5, 0xe5, 
	0xe5, 0xe5, 0xe5, 0xe5, 0xe5, 0xe5, 0xe5, 0xe5, 
	0xe5, 0xe5, 0xe5, 0xe5, 0xe5, 0xe5, 0xe5, 0xe5, 
	0xe5, 0xe5, 0xe5, 0xe5, 0xe5, 0xe5, 0xe5, 0xe5, 
	0xe5, 0xe5, 0xe5, 0xe5, 0xe5, 0xe5, 0xe5, 0xe5, 
	0xe5, 0xe5, 0xe5, 0xe5, 0xe5, 0xe5, 0xe5, 0xe5, 
	0xe5, 0xe5, 0xe5, 0xe5, 0xe5, 0xe5, 0xe5, 0xe5, 
	0xe5, 0xe5, 0xe5, 0xe5, 0xe5, 0xe5, 0xe5, 0xe5, 
	0xe5, 0xe5, 0xe5, 0xe5, 0xe5, 0xe5, 0xe5, 0xe5, 
	0xe5, 0xe5, 0xe5, 0xe5, 0xe5, 0xe5, 0xe5, 0xe5, 
	0xe5, 0xe5, 0xe5, 0xe5, 0xe5, 0xe5, 0xe5, 0xe5, 
	0xe5, 0xe5, 0xe5, 0xe5, 0xe5, 0xe5, 0xe5, 0xe5, 
	0xe5, 0xe5, 0xe5, 0xe5, 0xe5, 0xe5, 0xe5, 0xe5, 
	0xe5, 0xe5, 0xe5, 0xe5, 0xe5, 0xe5, 0xe5, 0xe5, 
	0xe5, 0xe5, 0xe5, 0xe5, 0xe5, 0xe5, 0xe5, 0xe5, 
	0xe5, 0xe5, 0xe5, 0xe5, 0xe5, 0xe5, 0xe5, 0xe5, 
	0xe5, 0xe5, 0xe5, 0xe5, 0xe5, 0xe5, 0xe5, 0xe5, 
	0xe5, 0xe5, 0xe5, 0xe5, 0xe5, 0xe5, 0xe5, 0xe5, 
	0xe5, 0xe5, 0xe5, 0xe5, 0xe5, 0xe5, 0xe5, 0xe5, 
	0xe5, 0xe5, 0xe5, 0xe5, 0xe5, 0xe5, 0xe5, 0xe5, 
	0xe5, 0xe5, 0xe5, 0xe5, 0xe5, 0xe5, 0xe5, 0xe5, 
	0xe5, 0xe5, 0xe5, 0xe5, 0xe5, 0xe5, 0xe5, 0xe5, 
	0xe5, 0xe5, 0xe5, 0xe5, 0xe5, 0xe5, 0xe5, 0xe5, 
	0xe5, 0xe5, 0xe5, 0xe5, 0xe5, 0xe5, 0xe5, 0xe5, 
	0xe5, 0xe5, 0xe5, 0xe5, 0xe5, 0xe5, 0xe5, 0xe5, 
	0xe5, 0xe5, 0xe5, 0xe5, 0xe5, 0xe5, 0xe5, 0xe5, 
	0xe5, 0xe5, 0xe5, 0xe5, 0xe5, 0xe5, 0xe5, 0xe5, 
	0xe5, 0xe5, 0xe5, 0xe5, 0xe5, 0xe5, 0xe5, 0xe5, 
	0xe5, 0xe5, 0xe5, 0xe5, 0xe5, 0xe5, 0xe5, 0xe5, 
	0xe5, 0xe5, 0xe5, 0xe5, 0xe5, 0xe5, 0xe5, 0xe5, 
	0xe5, 0xe5, 0xe5, 0xe5, 0xe5, 0xe5, 0xe5, 0xe5, 
	0xe5, 0xe5, 0xe5, 0xe5, 0xe5, 0xe5, 0xe5, 0xe5, 
	0xe5, 0xe5, 0xe5, 0xe5, 0xe5, 0xe5, 0xe5, 0xe5, 
	0xe5, 0xe5, 0xe5, 0xe5, 0xe5, 0xe5, 0xe5, 0xe5, 
	0xe5, 0xe5, 0xe5, 0xe5, 0xe5, 0xe5, 0xe5, 0xe5, 
	0xe5, 0xe5, 0xe5, 0xe5, 0xe5, 0xe5, 0xe5, 0xe5, 
	0xe5, 0xe5, 0xe5, 0xe5, 0xe5, 0xe5, 0xe5, 0xe5, 
	0xe5, 0xe5, 0xe5, 0xe5, 0xe5, 0xe5, 0xe5, 0xe5, 
	0xe5, 0xe5, 0xe5, 0xe5, 0xe5, 0xe5, 0x52, 0xd9, 
	0x29, 0xd5, 0x11, 0x53, 0x01, 0x11, 0x11, 0x53, 
	0x11, 0x53, 0x11, 0x53, 0x09, 0x11, 0x09, 0x11, 
	0x09, 0x51, 0x09, 0x51, 0x01, 0x0f, 0x01, 0x0f, 
	0x01, 0x0f, 0x01, 0x0f, 0x09, 0x11, 0x09, 0x11, 
	0x01, 0x0f, 0x01, 0x0f, 0x01, 0x0f, 0x01, 0x0f, 
	0x94, 0x5f, 0xfe, 0xed, 0xfe, 0xed, 0xfe, 0xed, 
	0xff, 0x2d, 0xff, 0x2d, 0xff, 0x2d, 0xff, 0x2d, 
	0xe6, 0x29, 0xe6, 0x29, 0xfe, 0xed, 0xfe, 0xed, 
	0xe5, 0xe5, 0xe5, 0xe5, 0xe5, 0xe5, 0xe5, 0xe5, 
	0xe5, 0xe5, 0xe5, 0xe5, 0xe5, 0xe5, 0xe5, 0xe5, 
	0xe5, 0xe5, 0xe5, 0xe5, 0xe5, 0xe5, 0xe5, 0xe5, 
	0xe5, 0xe5, 0xe5, 0xe5, 0xe5, 0xe5, 0xe5, 0xe5, 
	0xe5, 0xe5, 0xe5, 0xe5, 0xe5, 0xe5, 0xe5, 0xe5, 
	0xe5, 0xe5, 0xe5, 0xe5, 0xe5, 0xe5, 0xe5, 0xe5, 
	0xe5, 0xe5, 0xe5, 0xe5, 0xe5, 0xe5, 0xe5, 0xe5, 
	0xe5, 0xe5, 0xe5, 0xe5, 0xe5, 0xe5, 0xe5, 0xe5, 
	0xe5, 0xe5, 0xe5, 0xe5, 0xe5, 0xe5, 0xe5, 0xe5, 
	0xe5, 0xe5, 0xe5, 0xe5, 0xe5, 0xe5, 0xe5, 0xe5, 
	0xe5, 0xe5, 0xe5, 0xe5, 0xe5, 0xe5, 0xe5, 0xe5, 
	0xe5, 0xe5, 0xe5, 0xe5, 0xe5, 0xe5, 0xe5, 0xe5, 
	0xe5, 0xe5, 0xe5, 0xe5, 0xe5, 0xe5, 0xe5, 0xe5, 
	0xe5, 0xe5, 0xe5, 0xe5, 0xe5, 0xe5, 0xe5, 0xe5, 
	0xe5, 0xe5, 0xe5, 0xe5, 0xe5, 0xe5, 0xe5, 0xe5, 
	0xe5, 0xe5, 0xe5, 0xe5, 0xe5, 0xe5, 0xe5, 0xe5, 
	0xe5, 0xe5, 0xe5, 0xe5, 0xe5, 0xe5, 0xe5, 0xe5, 
	0xe5, 0xe5, 0xe5, 0xe5, 0xe5, 0xe5, 0xe5, 0xe5, 
	0xe5, 0xe5, 0xe5, 0xe5, 0xe5, 0xe5, 0xe5, 0xe5, 
	0xe5, 0xe5, 0xe5, 0xe5, 0xe5, 0xe5, 0xe5, 0xe5, 
	0xe5, 0xe5, 0xe5, 0xe5, 0xe5, 0xe5, 0xe5, 0xe5, 
	0xe5, 0xe5, 0xe5, 0xe5, 0xe5, 0xe5, 0xe5, 0xe5, 
	0xe5, 0xe5, 0xe5, 0xe5, 0xe5, 0xe5, 0xe5, 0xe5, 
	0xe5, 0xe5, 0xe5, 0xe5, 0xe5, 0xe5, 0xe5, 0xe5, 
	0xe5, 0xe5, 0xe5, 0xe5, 0xe5, 0xe5, 0xe5, 0xe5, 
	0xe5, 0xe5, 0xe5, 0xe5, 0xe5, 0xe5, 0xe5, 0xe5, 
	0xe5, 0xe5, 0xe5, 0xe5, 0xe5, 0xe5, 0xe5, 0xe5, 
	0xe5, 0xe5, 0xe5, 0xe5, 0xe5, 0xe5, 0xe5, 0xe5, 
	0xe5, 0xe5, 0xe5, 0xe5, 0xe5, 0xe5, 0xe5, 0xe5, 
	0xe5, 0xe5, 0xe5, 0xe5, 0xe5, 0xe5, 0xe5, 0xe5, 
	0xe5, 0xe5, 0xe5, 0xe5, 0xe5, 0xe5, 0xe5, 0xe5, 
	0xe5, 0xe5, 0xe5, 0xe5, 0xe5, 0xe5, 0xe5, 0xe5, 
	0xe5, 0xe5, 0xe5, 0xe5, 0xe5, 0xe5, 0xe5, 0xe5, 
	0xe5, 0xe5, 0xe5, 0xe5, 0xe5, 0xe5, 0xe5, 0xe5, 
	0xe5, 0xe5, 0xe5, 0xe5, 0xe5, 0xe5, 0xe5, 0xe5, 
	0xe5, 0xe5, 0xe5, 0xe5, 0xe5, 0xe5, 0xe5, 0xe5, 
	0xe5, 0xe5, 0xe5, 0xe5, 0xe5, 0xe5, 0xe5, 0xe5, 
	0xe5, 0xe5, 0xe5, 0xe5, 0xe5, 0xe5, 0xe5, 0xe5, 
	0xe5, 0xe5, 0xe5, 0xe5, 0xe5, 0xe5, 0xe5, 0xe5, 
	0xe5, 0xe5, 0xe5, 0xe5, 0xe5, 0xe5, 0xe5, 0xe5, 
	0xe5, 0xe5, 0xe5, 0xe5, 0xe5, 0xe5, 0xe5, 0xe5, 
	0xe5, 0xe5, 0xe5, 0xe5, 0xe5, 0xe5, 0xe5, 0xe5, 
	0xe5, 0xe5, 0xe5, 0xe5, 0xe5, 0xe5, 0xe5, 0xe5, 
	0xe5, 0xe5, 0xe5, 0xe5, 0xe5, 0xe5, 0xe5, 0xe5, 
	0xe5, 0xe5, 0xe5, 0xe5, 0xe5, 0xe5, 0xe5, 0xe5, 
	0xe5, 0xe5, 0xe5, 0xe5, 0xe5, 0xe5, 0xe5, 0xe5, 
	0xe5, 0xe5, 0xe5, 0xe5, 0xe5, 0xe5, 0xe5, 0xe5, 
	0xe5, 0xe5, 0xe5, 0xe5, 0xe5, 0xe5, 0xe5, 0xe5, 
	0xe5, 0xe5, 0xe5, 0xe5, 0xe5, 0xe5, 0xe5, 0xe5, 
	0xe5, 0xe5, 0xe5, 0xe5, 0xe5, 0xe5, 0xe5, 0xe5, 
	0xe5, 0xe5, 0xe5, 0xe5, 0xe5, 0xe5, 0xe5, 0xe5, 
	0xe5, 0xe5, 0xe5, 0xe5, 0xe5, 0xe5, 0xe5, 0xe5, 
	0xe5, 0xe5, 0xe5, 0xe5, 0xe5, 0xe5, 0xe5, 0xe5, 
	0xe5, 0xe5, 0xe5, 0xe5, 0xe5, 0xe5, 0xe5, 0xe5, 
	0xe5, 0xe5, 0xe5, 0xe5, 0xe5, 0xe5, 0xe5, 0xe5, 
	0xe5, 0xe5, 0xe5, 0xe5, 0x9c, 0x5f, 0x52, 0xd9, 
	0x11, 0x53, 0x01, 0x11, 0x01, 0x11, 0x29, 0xd5, 
	0x01, 0x0f, 0x11, 0x53, 0x09, 0x11, 0x01, 0x0f, 
	0x09, 0x51, 0x09, 0x51, 0x09, 0x51, 0x01, 0x0f, 
	0x11, 0x53, 0x11, 0x53, 0x01, 0x0f, 0x11, 0x53, 
	0x01, 0x0f, 0x01, 0x0f, 0x01, 0x0f, 0x01, 0x0f, 
	0x94, 0x5f, 0xfe, 0xed, 0xfe, 0xed, 0xfe, 0xed, 
	0xf6, 0xab, 0xff, 0x2d, 0xf6, 0xab, 0xf6, 0xab, 
	0xfe, 0xed, 0xfe, 0xed, 0xfe, 0xed, 0xfe, 0xed, 
	0xfe, 0xab, 0xe5, 0xe5, 0xe5, 0xe5, 0xe5, 0xe5, 
	0xe5, 0xe5, 0xe5, 0xe5, 0xe5, 0xe5, 0xe5, 0xe5, 
	0xe5, 0xe5, 0xe5, 0xe5, 0xe5, 0xe5, 0xe5, 0xe5, 
	0xe5, 0xe5, 0xe5, 0xe5, 0xe5, 0xe5, 0xe5, 0xe5, 
	0xe5, 0xe5, 0xe5, 0xe5, 0xe5, 0xe5, 0xe5, 0xe5, 
	0xe5, 0xe5, 0xe5, 0xe5, 0xe5, 0xe5, 0xe5, 0xe5, 
	0xe5, 0xe5, 0xe5, 0xe5, 0xe5, 0xe5, 0xe5, 0xe5, 
	0xe5, 0xe5, 0xe5, 0xe5, 0xe5, 0xe5, 0xe5, 0xe5, 
	0xe5, 0xe5, 0xe5, 0xe5, 0xe5, 0xe5, 0xe5, 0xe5, 
	0xe5, 0xe5, 0xe5, 0xe5, 0xe5, 0xe5, 0xe5, 0xe5, 
	0xe5, 0xe5, 0xe5, 0xe5, 0xe5, 0xe5, 0xe5, 0xe5, 
	0xe5, 0xe5, 0xe5, 0xe5, 0xe5, 0xe5, 0xe5, 0xe5, 
	0xe5, 0xe5, 0xe5, 0xe5, 0xe5, 0xe5, 0xe5, 0xe5, 
	0xe5, 0xe5, 0xe5, 0xe5, 0xe5, 0xe5, 0xe5, 0xe5, 
	0xe5, 0xe5, 0xe5, 0xe5, 0xe5, 0xe5, 0xe5, 0xe5, 
	0xe5, 0xe5, 0xe5, 0xe5, 0xe5, 0xe5, 0xe5, 0xe5, 
	0xe5, 0xe5, 0xe5, 0xe5, 0xe5, 0xe5, 0xe5, 0xe5, 
	0xe5, 0xe5, 0xe5, 0xe5, 0xe5, 0xe5, 0xe5, 0xe5, 
	0xe5, 0xe5, 0xe5, 0xe5, 0xe5, 0xe5, 0xe5, 0xe5, 
	0xe5, 0xe5, 0xe5, 0xe5, 0xe5, 0xe5, 0xe5, 0xe5, 
	0xe5, 0xe5, 0xe5, 0xe5, 0xe5, 0xe5, 0xe5, 0xe5, 
	0xe5, 0xe5, 0xe5, 0xe5, 0xe5, 0xe5, 0xe5, 0xe5, 
	0xe5, 0xe5, 0xe5, 0xe5, 0xe5, 0xe5, 0xe5, 0xe5, 
	0xe5, 0xe5, 0xe5, 0xe5, 0xe5, 0xe5, 0xe5, 0xe5, 
	0xe5, 0xe5, 0xe5, 0xe5, 0xe5, 0xe5, 0xe5, 0xe5, 
	0xe5, 0xe5, 0xe5, 0xe5, 0xe5, 0xe5, 0xe5, 0xe5, 
	0xe5, 0xe5, 0xe5, 0xe5, 0xe5, 0xe5, 0xe5, 0xe5, 
	0xe5, 0xe5, 0xe5, 0xe5, 0xe5, 0xe5, 0xe5, 0xe5, 
	0xe5, 0xe5, 0xe5, 0xe5, 0xe5, 0xe5, 0xe5, 0xe5, 
	0xe5, 0xe5, 0xe5, 0xe5, 0xe5, 0xe5, 0xe5, 0xe5, 
	0xe5, 0xe5, 0xe5, 0xe5, 0xe5, 0xe5, 0xe5, 0xe5, 
	0xe5, 0xe5, 0xe5, 0xe5, 0xe5, 0xe5, 0xe5, 0xe5, 
	0xe5, 0xe5, 0xe5, 0xe5, 0xe5, 0xe5, 0xe5, 0xe5, 
	0xe5, 0xe5, 0xe5, 0xe5, 0xe5, 0xe5, 0xe5, 0xe5, 
	0xe5, 0xe5, 0xe5, 0xe5, 0xe5, 0xe5, 0xe5, 0xe5, 
	0xe5, 0xe5, 0xe5, 0xe5, 0xe5, 0xe5, 0xe5, 0xe5, 
	0xe5, 0xe5, 0xe5, 0xe5, 0xe5, 0xe5, 0xe5, 0xe5, 
	0xe5, 0xe5, 0xe5, 0xe5, 0xe5, 0xe5, 0xe5, 0xe5, 
	0xe5, 0xe5, 0xe5, 0xe5, 0xe5, 0xe5, 0xe5, 0xe5, 
	0xe5, 0xe5, 0xe5, 0xe5, 0xe5, 0xe5, 0xe5, 0xe5, 
	0xe5, 0xe5, 0xe5, 0xe5, 0xe5, 0xe5, 0xe5, 0xe5, 
	0xe5, 0xe5, 0xe5, 0xe5, 0xe5, 0xe5, 0xe5, 0xe5, 
	0xe5, 0xe5, 0xe5, 0xe5, 0xe5, 0xe5, 0xe5, 0xe5, 
	0xe5, 0xe5, 0xe5, 0xe5, 0xe5, 0xe5, 0xe5, 0xe5, 
	0xe5, 0xe5, 0xe5, 0xe5, 0xe5, 0xe5, 0xe5, 0xe5, 
	0xe5, 0xe5, 0xe5, 0xe5, 0xe5, 0xe5, 0xe5, 0xe5, 
	0xe5, 0xe5, 0xe5, 0xe5, 0xe5, 0xe5, 0xe5, 0xe5, 
	0xe5, 0xe5, 0xe5, 0xe5, 0xe5, 0xe5, 0xe5, 0xe5, 
	0xe5, 0xe5, 0xe5, 0xe5, 0xe5, 0xe5, 0xe5, 0xe5, 
	0xe5, 0xe5, 0xe5, 0xe5, 0xe5, 0xe5, 0xe5, 0xe5, 
	0xe5, 0xe5, 0xe5, 0xe5, 0xe5, 0xe5, 0xe5, 0xe5, 
	0xe5, 0xe5, 0xe5, 0xe5, 0xe5, 0xe5, 0xe5, 0xe5, 
	0xe5, 0xe5, 0xe5, 0xe5, 0xe5, 0xe5, 0xe5, 0xe5, 
	0xe5, 0xe5, 0xe5, 0xe5, 0xe5, 0xe5, 0xe5, 0xe5, 
	0xe5, 0xe5, 0xe5, 0xe5, 0xe5, 0xe5, 0xe5, 0xe5, 
	0xe5, 0xe5, 0xe5, 0xe5, 0x52, 0xd9, 0x52, 0xd9, 
	0x29, 0xd5, 0x11, 0x53, 0x01, 0x11, 0x01, 0x11, 
	0x01, 0x0f, 0x11, 0x53, 0x09, 0x11, 0x01, 0x0f, 
	0x09, 0x51, 0x01, 0x0f, 0x21, 0x97, 0x01, 0x0f, 
	0x11, 0x53, 0x11, 0x53, 0x01, 0x0f, 0x11, 0x53, 
	0x01, 0x0f, 0x01, 0x0f, 0x09, 0x53, 0x09, 0x11, 
	0x63, 0x19, 0xcd, 0xa7, 0xfe, 0xed, 0xfe, 0xed, 
	0xe6, 0x27, 0xff, 0x2d, 0xe6, 0x27, 0xdd, 0xa5, 
	0xcd, 0x63, 0xfe, 0xed, 0xfe, 0xed, 0xfe, 0xed, 
	0xfe, 0xab, 0xdd, 0xa3, 0xe5, 0xe5, 0xe5, 0xe5, 
	0xe5, 0xe5, 0xe5, 0xe5, 0xe5, 0xe5, 0xe5, 0xe5, 
	0xe5, 0xe5, 0xe5, 0xe5, 0xe5, 0xe5, 0xe5, 0xe5, 
	0xe5, 0xe5, 0xe5, 0xe5, 0xe5, 0xe5, 0xe5, 0xe5, 
	0xe5, 0xe5, 0xe5, 0xe5, 0xe5, 0xe5, 0xe5, 0xe5, 
	0xe5, 0xe5, 0xe5, 0xe5, 0xe5, 0xe5, 0xe5, 0xe5, 
	0xe5, 0xe5, 0xe5, 0xe5, 0xe5, 0xe5, 0xe5, 0xe5, 
	0xe5, 0xe5, 0xe5, 0xe5, 0xe5, 0xe5, 0xe5, 0xe5, 
	0xe5, 0xe5, 0xe5, 0xe5, 0xe5, 0xe5, 0xe5, 0xe5, 
	0xe5, 0xe5, 0xe5, 0xe5, 0xe5, 0xe5, 0xe5, 0xe5, 
	0xe5, 0xe5, 0xe5, 0xe5, 0xe5, 0xe5, 0xe5, 0xe5, 
	0xe5, 0xe5, 0xe5, 0xe5, 0xe5, 0xe5, 0xe5, 0xe5, 
	0xe5, 0xe5, 0xe5, 0xe5, 0xe5, 0xe5, 0xe5, 0xe5, 
	0xe5, 0xe5, 0xe5, 0xe5, 0xe5, 0xe5, 0xe5, 0xe5, 
	0xe5, 0xe5, 0xe5, 0xe5, 0xe5, 0xe5, 0xe5, 0xe5, 
	0xe5, 0xe5, 0xe5, 0xe5, 0xe5, 0xe5, 0xe5, 0xe5, 
	0xe5, 0xe5, 0xe5, 0xe5, 0xe5, 0xe5, 0xe5, 0xe5, 
	0xe5, 0xe5, 0xe5, 0xe5, 0xe5, 0xe5, 0xe5, 0xe5, 
	0xe5, 0xe5, 0xe5, 0xe5, 0xe5, 0xe5, 0xe5, 0xe5, 
	0xe5, 0xe5, 0xe5, 0xe5, 0xe5, 0xe5, 0xe5, 0xe5, 
	0xe5, 0xe5, 0xe5, 0xe5, 0xe5, 0xe5, 0xe5, 0xe5, 
	0xe5, 0xe5, 0xe5, 0xe5, 0xe5, 0xe5, 0xe5, 0xe5, 
	0xe5, 0xe5, 0xe5, 0xe5, 0xe5, 0xe5, 0xe5, 0xe5, 
	0xe5, 0xe5, 0xe5, 0xe5, 0xe5, 0xe5, 0xe5, 0xe5, 
	0xe5, 0xe5, 0xe5, 0xe5, 0xe5, 0xe5, 0xe5, 0xe5, 
	0xe5, 0xe5, 0xe5, 0xe5, 0xe5, 0xe5, 0xe5, 0xe5, 
	0xe5, 0xe5, 0xe5, 0xe5, 0xe5, 0xe5, 0xe5, 0xe5, 
	0xe5, 0xe5, 0xe5, 0xe5, 0xe5, 0xe5, 0xe5, 0xe5, 
	0xe5, 0xe5, 0xe5, 0xe5, 0xe5, 0xe5, 0xe5, 0xe5, 
	0xe5, 0xe5, 0xe5, 0xe5, 0xe5, 0xe5, 0xe5, 0xe5, 
	0xe5, 0xe5, 0xe5, 0xe5, 0xe5, 0xe5, 0xe5, 0xe5, 
	0xe5, 0xe5, 0xe5, 0xe5, 0xe5, 0xe5, 0xe5, 0xe5, 
	0xe5, 0xe5, 0xe5, 0xe5, 0xe5, 0xe5, 0xe5, 0xe5, 
	0xe5, 0xe5, 0xe5, 0xe5, 0xe5, 0xe5, 0xe5, 0xe5, 
	0xe5, 0xe5, 0xe5, 0xe5, 0xe5, 0xe5, 0xe5, 0xe5, 
	0xe5, 0xe5, 0xe5, 0xe5, 0xe5, 0xe5, 0xe5, 0xe5, 
	0xe5, 0xe5, 0xe5, 0xe5, 0xe5, 0xe5, 0xe5, 0xe5, 
	0xe5, 0xe5, 0xe5, 0xe5, 0xe5, 0xe5, 0xe5, 0xe5, 
	0xe5, 0xe5, 0xe5, 0xe5, 0xe5, 0xe5, 0xe5, 0xe5, 
	0xe5, 0xe5, 0xe5, 0xe5, 0xe5, 0xe5, 0xe5, 0xe5, 
	0xe5, 0xe5, 0xe5, 0xe5, 0xe5, 0xe5, 0xe5, 0xe5, 
	0xe5, 0xe5, 0xe5, 0xe5, 0xe5, 0xe5, 0xe5, 0xe5, 
	0xe5, 0xe5, 0xe5, 0xe5, 0xe5, 0xe5, 0xe5, 0xe5, 
	0xe5, 0xe5, 0xe5, 0xe5, 0xe5, 0xe5, 0xe5, 0xe5, 
	0xe5, 0xe5, 0xe5, 0xe5, 0xe5, 0xe5, 0xe5, 0xe5, 
	0xe5, 0xe5, 0xe5, 0xe5, 0xe5, 0xe5, 0xe5, 0xe5, 
	0xe5, 0xe5, 0xe5, 0xe5, 0xe5, 0xe5, 0xe5, 0xe5, 
	0xe5, 0xe5, 0xe5, 0xe5, 0xe5, 0xe5, 0xe5, 0xe5, 
	0xe5, 0xe5, 0xe5, 0xe5, 0xe5, 0xe5, 0xe5, 0xe5, 
	0xe5, 0xe5, 0xe5, 0xe5, 0xe5, 0xe5, 0xe5, 0xe5, 
	0xe5, 0xe5, 0xe5, 0xe5, 0xe5, 0xe5, 0xe5, 0xe5, 
	0xe5, 0xe5, 0xe5, 0xe5, 0xe5, 0xe5, 0xe5, 0xe5, 
	0xe5, 0xe5, 0xe5, 0xe5, 0xe5, 0xe5, 0xe5, 0xe5, 
	0xe5, 0xe5, 0xe5, 0xe5, 0xe5, 0xe5, 0xe5, 0xe5, 
	0xe5, 0xe5, 0xe5, 0xe5, 0xe5, 0xe5, 0xe5, 0xe5, 
	0xd5, 0x65, 0x94, 0x1f, 0x19, 0x93, 0x19, 0x93, 
	0x19, 0x93, 0x19, 0x93, 0x01, 0x11, 0x01, 0x11, 
	0x01, 0x0f, 0x11, 0x51, 0x01, 0x0f, 0x01, 0x0f, 
	0x01, 0x0f, 0x09, 0x11, 0x01, 0x0f, 0x09, 0x11, 
	0x01, 0x0f, 0x09, 0x51, 0x09, 0x51, 0x21, 0x97, 
	0x19, 0x95, 0x09, 0x11, 0x09, 0x11, 0x01, 0x0f, 
	0x63, 0x1b, 0xfe, 0xed, 0xfe, 0xed, 0xfe, 0xed, 
	0xfe, 0xed, 0xfe, 0xed, 0xdd, 0xa5, 0xdd, 0xa5, 
	0xd5, 0xa5, 0xfe, 0xed, 0xe6, 0x29, 0xe6, 0x29, 
	0xf6, 0xab, 0xf6, 0xab, 0xe6, 0x27, 0xe6, 0x27, 
	0xe5, 0xe5, 0xe5, 0xe5, 0xe5, 0xe5, 0xe5, 0xe5, 
	0xe5, 0xe5, 0xe5, 0xe5, 0xe5, 0xe5, 0xe5, 0xe5, 
	0xe5, 0xe5, 0xe5, 0xe5, 0xe5, 0xe5, 0xe5, 0xe5, 
	0xe5, 0xe5, 0xe5, 0xe5, 0xe5, 0xe5, 0xe5, 0xe5, 
	0xe5, 0xe5, 0xe5, 0xe5, 0xe5, 0xe5, 0xe5, 0xe5, 
	0xe5, 0xe5, 0xe5, 0xe5, 0xe5, 0xe5, 0xe5, 0xe5, 
	0xe5, 0xe5, 0xe5, 0xe5, 0xe5, 0xe5, 0xe5, 0xe5, 
	0xe5, 0xe5, 0xe5, 0xe5, 0xe5, 0xe5, 0xe5, 0xe5, 
	0xe5, 0xe5, 0xe5, 0xe5, 0xe5, 0xe5, 0xe5, 0xe5, 
	0xe5, 0xe5, 0xe5, 0xe5, 0xe5, 0xe5, 0xe5, 0xe5, 
	0xe5, 0xe5, 0xe5, 0xe5, 0xe5, 0xe5, 0xe5, 0xe5, 
	0xe5, 0xe5, 0xe5, 0xe5, 0xe5, 0xe5, 0xe5, 0xe5, 
	0xe5, 0xe5, 0xe5, 0xe5, 0xe5, 0xe5, 0xe5, 0xe5, 
	0xe5, 0xe5, 0xe5, 0xe5, 0xe5, 0xe5, 0xe5, 0xe5, 
	0xe5, 0xe5, 0xe5, 0xe5, 0xe5, 0xe5, 0xe5, 0xe5, 
	0xe5, 0xe5, 0xe5, 0xe5, 0xe5, 0xe5, 0xe5, 0xe5, 
	0xe5, 0xe5, 0xe5, 0xe5, 0xe5, 0xe5, 0xe5, 0xe5, 
	0xe5, 0xe5, 0xe5, 0xe5, 0xe5, 0xe5, 0xe5, 0xe5, 
	0xe5, 0xe5, 0xe5, 0xe5, 0xe5, 0xe5, 0xe5, 0xe5, 
	0xe5, 0xe5, 0xe5, 0xe5, 0xe5, 0xe5, 0xe5, 0xe5, 
	0xe5, 0xe5, 0xe5, 0xe5, 0xe5, 0xe5, 0xe5, 0xe5, 
	0xe5, 0xe5, 0xe5, 0xe5, 0xe5, 0xe5, 0xe5, 0xe5, 
	0xe5, 0xe5, 0xe5, 0xe5, 0xe5, 0xe5, 0xe5, 0xe5, 
	0xe5, 0xe5, 0xe5, 0xe5, 0xe5, 0xe5, 0xe5, 0xe5, 
	0xe5, 0xe5, 0xe5, 0xe5, 0xe5, 0xe5, 0xe5, 0xe5, 
	0xe5, 0xe5, 0xe5, 0xe5, 0xe5, 0xe5, 0xe5, 0xe5, 
	0xe5, 0xe5, 0xe5, 0xe5, 0xe5, 0xe5, 0xe5, 0xe5, 
	0xe5, 0xe5, 0xe5, 0xe5, 0xe5, 0xe5, 0xe5, 0xe5, 
	0xe5, 0xe5, 0xe5, 0xe5, 0xe5, 0xe5, 0xe5, 0xe5, 
	0xe5, 0xe5, 0xe5, 0xe5, 0xe5, 0xe5, 0xe5, 0xe5, 
	0xe5, 0xe5, 0xe5, 0xe5, 0xe5, 0xe5, 0xe5, 0xe5, 
	0xe5, 0xe5, 0xe5, 0xe5, 0xe5, 0xe5, 0xe5, 0xe5, 
	0xe5, 0xe5, 0xe5, 0xe5, 0xe5, 0xe5, 0xe5, 0xe5, 
	0xe5, 0xe5, 0xe5, 0xe5, 0xe5, 0xe5, 0xe5, 0xe5, 
	0xe5, 0xe5, 0xe5, 0xe5, 0xe5, 0xe5, 0xe5, 0xe5, 
	0xe5, 0xe5, 0xe5, 0xe5, 0xe5, 0xe5, 0xe5, 0xe5, 
	0xe5, 0xe5, 0xe5, 0xe5, 0xe5, 0xe5, 0xe5, 0xe5, 
	0xe5, 0xe5, 0xe5, 0xe5, 0xe5, 0xe5, 0xe5, 0xe5, 
	0xe5, 0xe5, 0xe5, 0xe5, 0xe5, 0xe5, 0xe5, 0xe5, 
	0xe5, 0xe5, 0xe5, 0xe5, 0xe5, 0xe5, 0xe5, 0xe5, 
	0xe5, 0xe5, 0xe5, 0xe5, 0xe5, 0xe5, 0xe5, 0xe5, 
	0xe5, 0xe5, 0xe5, 0xe5, 0xe5, 0xe5, 0xe5, 0xe5, 
	0xe5, 0xe5, 0xe5, 0xe5, 0xe5, 0xe5, 0xe5, 0xe5, 
	0xe5, 0xe5, 0xe5, 0xe5, 0xe5, 0xe5, 0xe5, 0xe5, 
	0xe5, 0xe5, 0xe5, 0xe5, 0xe5, 0xe5, 0xe5, 0xe5, 
	0xe5, 0xe5, 0xe5, 0xe5, 0xe5, 0xe5, 0xe5, 0xe5, 
	0xe5, 0xe5, 0xe5, 0xe5, 0xe5, 0xe5, 0xe5, 0xe5, 
	0xe5, 0xe5, 0xe5, 0xe5, 0xe5, 0xe5, 0xe5, 0xe5, 
	0xe5, 0xe5, 0xe5, 0xe5, 0xe5, 0xe5, 0xe5, 0xe5, 
	0xe5, 0xe5, 0xe5, 0xe5, 0xe5, 0xe5, 0xe5, 0xe5, 
	0xe5, 0xe5, 0xe5, 0xe5, 0xe5, 0xe5, 0xe5, 0xe5, 
	0xe5, 0xe5, 0xe5, 0xe5, 0xe5, 0xe5, 0xe5, 0xe5, 
	0xe5, 0xe5, 0xe5, 0xe5, 0xe5, 0xe5, 0xe5, 0xe5, 
	0xe5, 0xe5, 0xe5, 0xe5, 0xe5, 0xe5, 0xe5, 0xe5, 
	0xd5, 0x65, 0x5a, 0xd9, 0x19, 0x93, 0x19, 0x93, 
	0x19, 0x93, 0x19, 0x93, 0x2a, 0x15, 0x2a, 0x15, 
	0x01, 0x0f, 0x01, 0x0f, 0x11, 0x51, 0x01, 0x0f, 
	0x01, 0x0f, 0x01, 0x0f, 0x01, 0x0f, 0x01, 0x0f, 
	0x01, 0x0f, 0x01, 0x0f, 0x01, 0x0f, 0x01, 0x0f, 
	0x01, 0x0f, 0x01, 0x0f, 0x09, 0x11, 0x09, 0x11, 
	0x19, 0x51, 0xb4, 0xe3, 0xfe, 0xed, 0xfe, 0xed, 
	0xfe, 0xed, 0xfe, 0xed, 0xf6, 0x6b, 0xf6, 0x6b, 
	0xfe, 0xed, 0xfe, 0xed, 0xd5, 0xa5, 0xd5, 0xa5, 
	0xff, 0x2f, 0xff, 0x2f, 0xf6, 0xab, 0xe6, 0x27, 
	0xe5, 0xe5, 0xe5, 0xe5, 0xe5, 0xe5, 0xe5, 0xe5, 
	0xe5, 0xe5, 0xe5, 0xe5, 0xe5, 0xe5, 0xe5, 0xe5, 
	0xe5, 0xe5, 0xe5, 0xe5, 0xe5, 0xe5, 0xe5, 0xe5, 
	0xe5, 0xe5, 0xe5, 0xe5, 0xe5, 0xe5, 0xe5, 0xe5, 
	0xe5, 0xe5, 0xe5, 0xe5, 0xe5, 0xe5, 0xe5, 0xe5, 
	0xe5, 0xe5, 0xe5, 0xe5, 0xe5, 0xe5, 0xe5, 0xe5, 
	0xe5, 0xe5, 0xe5, 0xe5, 0xe5, 0xe5, 0xe5, 0xe5, 
	0xe5, 0xe5, 0xe5, 0xe5, 0xe5, 0xe5, 0xe5, 0xe5, 
	0xe5, 0xe5, 0xe5, 0xe5, 0xe5, 0xe5, 0xe5, 0xe5, 
	0xe5, 0xe5, 0xe5, 0xe5, 0xe5, 0xe5, 0xe5, 0xe5, 
	0xe5, 0xe5, 0xe5, 0xe5, 0xe5, 0xe5, 0xe5, 0xe5, 
	0xe5, 0xe5, 0xe5, 0xe5, 0xe5, 0xe5, 0xe5, 0xe5, 
	0xe5, 0xe5, 0xe5, 0xe5, 0xe5, 0xe5, 0xe5, 0xe5, 
	0xe5, 0xe5, 0xe5, 0xe5, 0xe5, 0xe5, 0xe5, 0xe5, 
	0xe5, 0xe5, 0xe5, 0xe5, 0xe5, 0xe5, 0xe5, 0xe5, 
	0xe5, 0xe5, 0xe5, 0xe5, 0xe5, 0xe5, 0xe5, 0xe5, 
	0xe5, 0xe5, 0xe5, 0xe5, 0xe5, 0xe5, 0xe5, 0xe5, 
	0xe5, 0xe5, 0xe5, 0xe5, 0xe5, 0xe5, 0xe5, 0xe5, 
	0xe5, 0xe5, 0xe5, 0xe5, 0xe5, 0xe5, 0xe5, 0xe5, 
	0xe5, 0xe5, 0xe5, 0xe5, 0xe5, 0xe5, 0xe5, 0xe5, 
	0xe5, 0xe5, 0xe5, 0xe5, 0xe5, 0xe5, 0xe5, 0xe5, 
	0xe5, 0xe5, 0xe5, 0xe5, 0xe5, 0xe5, 0xe5, 0xe5, 
	0xe5, 0xe5, 0xe5, 0xe5, 0xe5, 0xe5, 0xe5, 0xe5, 
	0xe5, 0xe5, 0xe5, 0xe5, 0xe5, 0xe5, 0xe5, 0xe5, 
	0xe5, 0xe5, 0xe5, 0xe5, 0xe5, 0xe5, 0xe5, 0xe5, 
	0xe5, 0xe5, 0xe5, 0xe5, 0xe5, 0xe5, 0xe5, 0xe5, 
	0xe5, 0xe5, 0xe5, 0xe5, 0xe5, 0xe5, 0xe5, 0xe5, 
	0xe5, 0xe5, 0xe5, 0xe5, 0xe5, 0xe5, 0xe5, 0xe5, 
	0xe5, 0xe5, 0xe5, 0xe5, 0xe5, 0xe5, 0xe5, 0xe5, 
	0xe5, 0xe5, 0xe5, 0xe5, 0xe5, 0xe5, 0xe5, 0xe5, 
	0xe5, 0xe5, 0xe5, 0xe5, 0xe5, 0xe5, 0xe5, 0xe5, 
	0xe5, 0xe5, 0xe5, 0xe5, 0xe5, 0xe5, 0xe5, 0xe5, 
	0xe5, 0xe5, 0xe5, 0xe5, 0xe5, 0xe5, 0xe5, 0xe5, 
	0xe5, 0xe5, 0xe5, 0xe5, 0xe5, 0xe5, 0xe5, 0xe5, 
	0xe5, 0xe5, 0xe5, 0xe5, 0xe5, 0xe5, 0xe5, 0xe5, 
	0xe5, 0xe5, 0xe5, 0xe5, 0xe5, 0xe5, 0xe5, 0xe5, 
	0xe5, 0xe5, 0xe5, 0xe5, 0xe5, 0xe5, 0xe5, 0xe5, 
	0xe5, 0xe5, 0xe5, 0xe5, 0xe5, 0xe5, 0xe5, 0xe5, 
	0xe5, 0xe5, 0xe5, 0xe5, 0xe5, 0xe5, 0xe5, 0xe5, 
	0xe5, 0xe5, 0xe5, 0xe5, 0xe5, 0xe5, 0xe5, 0xe5, 
	0xe5, 0xe5, 0xe5, 0xe5, 0xe5, 0xe5, 0xe5, 0xe5, 
	0xe5, 0xe5, 0xe5, 0xe5, 0xe5, 0xe5, 0xe5, 0xe5, 
	0xe5, 0xe5, 0xe5, 0xe5, 0xe5, 0xe5, 0xe5, 0xe5, 
	0xe5, 0xe5, 0xe5, 0xe5, 0xe5, 0xe5, 0xe5, 0xe5, 
	0xe5, 0xe5, 0xe5, 0xe5, 0xe5, 0xe5, 0xe5, 0xe5, 
	0xe5, 0xe5, 0xe5, 0xe5, 0xe5, 0xe5, 0xe5, 0xe5, 
	0xe5, 0xe5, 0xe5, 0xe5, 0xe5, 0xe5, 0xe5, 0xe5, 
	0xe5, 0xe5, 0xe5, 0xe5, 0xe5, 0xe5, 0xe5, 0xe5, 
	0xe5, 0xe5, 0xe5, 0xe5, 0xe5, 0xe5, 0xe5, 0xe5, 
	0xe5, 0xe5, 0xe5, 0xe5, 0xe5, 0xe5, 0xe5, 0xe5, 
	0xe5, 0xe5, 0xe5, 0xe5, 0xe5, 0xe5, 0xe5, 0xe5, 
	0xe5, 0xe5, 0xe5, 0xe5, 0xe5, 0xe5, 0xe5, 0xe5, 
	0xe5, 0xe5, 0xe5, 0xe5, 0xe5, 0xe5, 0xe5, 0xe5, 
	0xe5, 0xe5, 0xe5, 0xe5, 0xe5, 0xe5, 0xe5, 0xe5, 
	0xd5, 0x65, 0x19, 0x93, 0x19, 0x93, 0x19, 0x93, 
	0x2a, 0x15, 0x2a, 0x15, 0x2a, 0x15, 0x01, 0x11, 
	0x29, 0xd7, 0x11, 0x51, 0x11, 0x51, 0x01, 0x0f, 
	0x01, 0x0f, 0x09, 0x11, 0x09, 0x11, 0x09, 0x11, 
	0x01, 0x0f, 0x09, 0x51, 0x09, 0x51, 0x09, 0x51, 
	0x11, 0x53, 0x09, 0x11, 0x01, 0x0f, 0x09, 0x11, 
	0x19, 0x51, 0x63, 0x1b, 0xfe, 0xed, 0xfe, 0xed, 
	0xf6, 0x6b, 0xfe, 0xed, 0xdd, 0xa5, 0xe5, 0xe7, 
	0xfe, 0xed, 0xfe, 0xed, 0xd5, 0xa5, 0xbc, 0xe1, 
	0xf6, 0xab, 0xff, 0x2f, 0xf6, 0xab, 0xe6, 0x27, 
	0xe5, 0xe5, 0xe5, 0xe5, 0xe5, 0xe5, 0xe5, 0xe5, 
	0xe5, 0xe5, 0xe5, 0xe5, 0xe5, 0xe5, 0xe5, 0xe5, 
	0xe5, 0xe5, 0xe5, 0xe5, 0xe5, 0xe5, 0xe5, 0xe5, 
	0xe5, 0xe5, 0xe5, 0xe5, 0xe5, 0xe5, 0xe5, 0xe5, 
	0xe5, 0xe5, 0xe5, 0xe5, 0xe5, 0xe5, 0xe5, 0xe5, 
	0xe5, 0xe5, 0xe5, 0xe5, 0xe5, 0xe5, 0xe5, 0xe5, 
	0xe5, 0xe5, 0xe5, 0xe5, 0xe5, 0xe5, 0xe5, 0xe5, 
	0xe5, 0xe5, 0xe5, 0xe5, 0xe5, 0xe5, 0xe5, 0xe5, 
	0xe5, 0xe5, 0xe5, 0xe5, 0xe5, 0xe5, 0xe5, 0xe5, 
	0xe5, 0xe5, 0xe5, 0xe5, 0xe5, 0xe5, 0xe5, 0xe5, 
	0xe5, 0xe5, 0xe5, 0xe5, 0xe5, 0xe5, 0xe5, 0xe5, 
	0xe5, 0xe5, 0xe5, 0xe5, 0xe5, 0xe5, 0xe5, 0xe5, 
	0xe5, 0xe5, 0xe5, 0xe5, 0xe5, 0xe5, 0xe5, 0xe5, 
	0xe5, 0xe5, 0xe5, 0xe5, 0xe5, 0xe5, 0xe5, 0xe5, 
	0xe5, 0xe5, 0xe5, 0xe5, 0xe5, 0xe5, 0xe5, 0xe5, 
	0xe5, 0xe5, 0xe5, 0xe5, 0xe5, 0xe5, 0xe5, 0xe5, 
	0xe5, 0xe5, 0xe5, 0xe5, 0xe5, 0xe5, 0xe5, 0xe5, 
	0xe5, 0xe5, 0xe5, 0xe5, 0xe5, 0xe5, 0xe5, 0xe5, 
	0xe5, 0xe5, 0xe5, 0xe5, 0xe5, 0xe5, 0xe5, 0xe5, 
	0xe5, 0xe5, 0xe5, 0xe5, 0xe5, 0xe5, 0xe5, 0xe5, 
	0xe5, 0xe5, 0xe5, 0xe5, 0xe5, 0xe5, 0xe5, 0xe5, 
	0xe5, 0xe5, 0xe5, 0xe5, 0xe5, 0xe5, 0xe5, 0xe5, 
	0xe5, 0xe5, 0xe5, 0xe5, 0xe5, 0xe5, 0xe5, 0xe5, 
	0xe5, 0xe5, 0xe5, 0xe5, 0xe5, 0xe5, 0xe5, 0xe5, 
	0xe5, 0xe5, 0xe5, 0xe5, 0xe5, 0xe5, 0xe5, 0xe5, 
	0xe5, 0xe5, 0xe5, 0xe5, 0xe5, 0xe5, 0xe5, 0xe5, 
	0xe5, 0xe5, 0xe5, 0xe5, 0xe5, 0xe5, 0xe5, 0xe5, 
	0xe5, 0xe5, 0xe5, 0xe5, 0xe5, 0xe5, 0xe5, 0xe5, 
	0xe5, 0xe5, 0xe5, 0xe5, 0xe5, 0xe5, 0xe5, 0xe5, 
	0xe5, 0xe5, 0xe5, 0xe5, 0xe5, 0xe5, 0xe5, 0xe5, 
	0xe5, 0xe5, 0xe5, 0xe5, 0xe5, 0xe5, 0xe5, 0xe5, 
	0xe5, 0xe5, 0xe5, 0xe5, 0xe5, 0xe5, 0xe5, 0xe5, 
	0xe5, 0xe5, 0xe5, 0xe5, 0xe5, 0xe5, 0xe5, 0xe5, 
	0xe5, 0xe5, 0xe5, 0xe5, 0xe5, 0xe5, 0xe5, 0xe5, 
	0xe5, 0xe5, 0xe5, 0xe5, 0xe5, 0xe5, 0xe5, 0xe5, 
	0xe5, 0xe5, 0xe5, 0xe5, 0xe5, 0xe5, 0xe5, 0xe5, 
	0xe5, 0xe5, 0xe5, 0xe5, 0xe5, 0xe5, 0xe5, 0xe5, 
	0xe5, 0xe5, 0xe5, 0xe5, 0xe5, 0xe5, 0xe5, 0xe5, 
	0xe5, 0xe5, 0xe5, 0xe5, 0xe5, 0xe5, 0xe5, 0xe5, 
	0xe5, 0xe5, 0xe5, 0xe5, 0xe5, 0xe5, 0xe5, 0xe5, 
	0xe5, 0xe5, 0xe5, 0xe5, 0xe5, 0xe5, 0xe5, 0xe5, 
	0xe5, 0xe5, 0xe5, 0xe5, 0xe5, 0xe5, 0xe5, 0xe5, 
	0xe5, 0xe5, 0xe5, 0xe5, 0xe5, 0xe5, 0xe5, 0xe5, 
	0xe5, 0xe5, 0xe5, 0xe5, 0xe5, 0xe5, 0xe5, 0xe5, 
	0xe5, 0xe5, 0xe5, 0xe5, 0xe5, 0xe5, 0xe5, 0xe5, 
	0xe5, 0xe5, 0xe5, 0xe5, 0xe5, 0xe5, 0xe5, 0xe5, 
	0xe5, 0xe5, 0xe5, 0xe5, 0xe5, 0xe5, 0xe5, 0xe5, 
	0xe5, 0xe5, 0xe5, 0xe5, 0xe5, 0xe5, 0xe5, 0xe5, 
	0xe5, 0xe5, 0xe5, 0xe5, 0xe5, 0xe5, 0xe5, 0xe5, 
	0xe5, 0xe5, 0xe5, 0xe5, 0xe5, 0xe5, 0xe5, 0xe5, 
	0xe5, 0xe5, 0xe5, 0xe5, 0xe5, 0xe5, 0xe5, 0xe5, 
	0xe5, 0xe5, 0xe5, 0xe5, 0xe5, 0xe5, 0xe5, 0xe5, 
	0xe5, 0xe5, 0xe5, 0xe5, 0xe5, 0xe5, 0xe5, 0xe5, 
	0xe5, 0xe5, 0xe5, 0xe5, 0xe5, 0xe5, 0xb4, 0xa1, 
	0x94, 0x1f, 0x19, 0x93, 0x19, 0x93, 0x19, 0x93, 
	0x19, 0x93, 0x42, 0x57, 0x2a, 0x15, 0x01, 0x11, 
	0x11, 0x51, 0x11, 0x51, 0x01, 0x0f, 0x11, 0x51, 
	0x01, 0x0f, 0x01, 0x0f, 0x01, 0x0f, 0x01, 0x0f, 
	0x01, 0x0f, 0x01, 0x0f, 0x09, 0x51, 0x01, 0x0f, 
	0x09, 0x11, 0x09, 0x11, 0x11, 0x53, 0x01, 0x0f, 
	0x19, 0x51, 0x63, 0x1b, 0xfe, 0xed, 0xfe, 0xed, 
	0xe5, 0xe7, 0xfe, 0xed, 0xfe, 0xed, 0xfe, 0xed, 
	0xfe, 0xed, 0xfe, 0xed, 0xd5, 0xa5, 0xbc, 0xe1, 
	0xdd, 0xa3, 0xff, 0x2f, 0xf6, 0xab, 0xdd, 0xa3, 
	0xe5, 0xe5, 0xe5, 0xe5, 0xe5, 0xe5, 0xe5, 0xe5, 
	0xe5, 0xe5, 0xe5, 0xe5, 0xe5, 0xe5, 0xe5, 0xe5, 
	0xe5, 0xe5, 0xe5, 0xe5, 0xe5, 0xe5, 0xe5, 0xe5, 
	0xe5, 0xe5, 0xe5, 0xe5, 0xe5, 0xe5, 0xe5, 0xe5, 
	0xe5, 0xe5, 0xe5, 0xe5, 0xe5, 0xe5, 0xe5, 0xe5, 
	0xe5, 0xe5, 0xe5, 0xe5, 0xe5, 0xe5, 0xe5, 0xe5, 
	0xe5, 0xe5, 0xe5, 0xe5, 0xe5, 0xe5, 0xe5, 0xe5, 
	0xe5, 0xe5, 0xe5, 0xe5, 0xe5, 0xe5, 0xe5, 0xe5, 
	0xe5, 0xe5, 0xe5, 0xe5, 0xe5, 0xe5, 0xe5, 0xe5, 
	0xe5, 0xe5, 0xe5, 0xe5, 0xe5, 0xe5, 0xe5, 0xe5, 
	0xe5, 0xe5, 0xe5, 0xe5, 0xe5, 0xe5, 0xe5, 0xe5, 
	0xe5, 0xe5, 0xe5, 0xe5, 0xe5, 0xe5, 0xe5, 0xe5, 
	0xe5, 0xe5, 0xe5, 0xe5, 0xe5, 0xe5, 0xe5, 0xe5, 
	0xe5, 0xe5, 0xe5, 0xe5, 0xe5, 0xe5, 0xe5, 0xe5, 
	0xe5, 0xe5, 0xe5, 0xe5, 0xe5, 0xe5, 0xe5, 0xe5, 
	0xe5, 0xe5, 0xe5, 0xe5, 0xe5, 0xe5, 0xe5, 0xe5, 
	0xe5, 0xe5, 0xe5, 0xe5, 0xe5, 0xe5, 0xe5, 0xe5, 
	0xe5, 0xe5, 0xe5, 0xe5, 0xe5, 0xe5, 0xe5, 0xe5, 
	0xe5, 0xe5, 0xe5, 0xe5, 0xe5, 0xe5, 0xe5, 0xe5, 
	0xe5, 0xe5, 0xe5, 0xe5, 0xe5, 0xe5, 0xe5, 0xe5, 
	0xe5, 0xe5, 0xe5, 0xe5, 0xe5, 0xe5, 0xe5, 0xe5, 
	0xe5, 0xe5, 0xe5, 0xe5, 0xe5, 0xe5, 0xe5, 0xe5, 
	0xe5, 0xe5, 0xe5, 0xe5, 0xe5, 0xe5, 0xe5, 0xe5, 
	0xe5, 0xe5, 0xe5, 0xe5, 0xe5, 0xe5, 0xe5, 0xe5, 
	0xe5, 0xe5, 0xe5, 0xe5, 0xe5, 0xe5, 0xe5, 0xe5, 
	0xe5, 0xe5, 0xe5, 0xe5, 0xe5, 0xe5, 0xe5, 0xe5, 
	0xe5, 0xe5, 0xe5, 0xe5, 0xe5, 0xe5, 0xe5, 0xe5, 
	0xe5, 0xe5, 0xe5, 0xe5, 0xe5, 0xe5, 0xe5, 0xe5, 
	0xe5, 0xe5, 0xe5, 0xe5, 0xe5, 0xe5, 0xe5, 0xe5, 
	0xe5, 0xe5, 0xe5, 0xe5, 0xe5, 0xe5, 0xe5, 0xe5, 
	0xe5, 0xe5, 0xe5, 0xe5, 0xe5, 0xe5, 0xe5, 0xe5, 
	0xe5, 0xe5, 0xe5, 0xe5, 0xe5, 0xe5, 0xe5, 0xe5, 
	0xe5, 0xe5, 0xe5, 0xe5, 0xe5, 0xe5, 0xe5, 0xe5, 
	0xe5, 0xe5, 0xe5, 0xe5, 0xe5, 0xe5, 0xe5, 0xe5, 
	0xe5, 0xe5, 0xe5, 0xe5, 0xe5, 0xe5, 0xe5, 0xe5, 
	0xe5, 0xe5, 0xe5, 0xe5, 0xe5, 0xe5, 0xe5, 0xe5, 
	0xe5, 0xe5, 0xe5, 0xe5, 0xe5, 0xe5, 0xe5, 0xe5, 
	0xe5, 0xe5, 0xe5, 0xe5, 0xe5, 0xe5, 0xe5, 0xe5, 
	0xe5, 0xe5, 0xe5, 0xe5, 0xe5, 0xe5, 0xe5, 0xe5, 
	0xe5, 0xe5, 0xe5, 0xe5, 0xe5, 0xe5, 0xe5, 0xe5, 
	0xe5, 0xe5, 0xe5, 0xe5, 0xe5, 0xe5, 0xe5, 0xe5, 
	0xe5, 0xe5, 0xe5, 0xe5, 0xe5, 0xe5, 0xe5, 0xe5, 
	0xe5, 0xe5, 0xe5, 0xe5, 0xe5, 0xe5, 0xe5, 0xe5, 
	0xe5, 0xe5, 0xe5, 0xe5, 0xe5, 0xe5, 0xe5, 0xe5, 
	0xe5, 0xe5, 0xe5, 0xe5, 0xe5, 0xe5, 0xe5, 0xe5, 
	0xe5, 0xe5, 0xe5, 0xe5, 0xe5, 0xe5, 0xe5, 0xe5, 
	0xe5, 0xe5, 0xe5, 0xe5, 0xe5, 0xe5, 0xe5, 0xe5, 
	0xe5, 0xe5, 0xe5, 0xe5, 0xe5, 0xe5, 0xe5, 0xe5, 
	0xe5, 0xe5, 0xe5, 0xe5, 0xe5, 0xe5, 0xe5, 0xe5, 
	0xe5, 0xe5, 0xe5, 0xe5, 0xe5, 0xe5, 0xe5, 0xe5, 
	0xe5, 0xe5, 0xe5, 0xe5, 0xe5, 0xe5, 0xe5, 0xe5, 
	0xe5, 0xe5, 0xe5, 0xe5, 0xe5, 0xe5, 0xe5, 0xe5, 
	0xe5, 0xe5, 0xe5, 0xe5, 0xe5, 0xe5, 0xe5, 0xe5, 
	0xe5, 0xe5, 0xe5, 0xe5, 0xe5, 0xe5, 0xb4, 0xe1, 
	0x52, 0xd9, 0x3a, 0x57, 0x09, 0x11, 0x09, 0x11, 
	0x01, 0x0f, 0x11, 0x51, 0x11, 0x51, 0x01, 0x0f, 
	0x01, 0x0f, 0x09, 0x51, 0x01, 0x0f, 0x09, 0x11, 
	0x19, 0x53, 0x09, 0x51, 0x09, 0x51, 0x01, 0x0f, 
	0x19, 0x93, 0x09, 0x11, 0x09, 0x11, 0x09, 0x11, 
	0x01, 0x0f, 0x01, 0x0f, 0x09, 0x51, 0x01, 0x0f, 
	0x09, 0x11, 0x09, 0x11, 0xf6, 0xab, 0xf6, 0xab, 
	0xff, 0x2f, 0xee, 0x29, 0xf6, 0xed, 0xf6, 0xed, 
	0xff, 0xb1, 0xe6, 0x29, 0xdd, 0x65, 0xe6, 0x29, 
	0xee, 0x29, 0xf6, 0x6b, 0xf6, 0x6b, 0xf6, 0xad, 
	0xee, 0x69, 0xe5, 0xe5, 0xe5, 0xe5, 0xe5, 0xe5, 
	0xe5, 0xe5, 0xe5, 0xe5, 0xe5, 0xe5, 0xe5, 0xe5, 
	0xe5, 0xe5, 0xe5, 0xe5, 0xe5, 0xe5, 0xe5, 0xe5, 
	0xe5, 0xe5, 0xe5, 0xe5, 0xe5, 0xe5, 0xe5, 0xe5, 
	0xe5, 0xe5, 0xe5, 0xe5, 0xe5, 0xe5, 0xe5, 0xe5, 
	0xe5, 0xe5, 0xe5, 0xe5, 0xe5, 0xe5, 0xe5, 0xe5, 
	0xe5, 0xe5, 0xe5, 0xe5, 0xe5, 0xe5, 0xe5, 0xe5, 
	0xe5, 0xe5, 0xe5, 0xe5, 0xe5, 0xe5, 0xe5, 0xe5, 
	0xe5, 0xe5, 0xe5, 0xe5, 0xe5, 0xe5, 0xe5, 0xe5, 
	0xe5, 0xe5, 0xe5, 0xe5, 0xe5, 0xe5, 0xe5, 0xe5, 
	0xe5, 0xe5, 0xe5, 0xe5, 0xe5, 0xe5, 0xe5, 0xe5, 
	0xe5, 0xe5, 0xe5, 0xe5, 0xe5, 0xe5, 0xe5, 0xe5, 
	0xe5, 0xe5, 0xe5, 0xe5, 0xe5, 0xe5, 0xe5, 0xe5, 
	0xe5, 0xe5, 0xe5, 0xe5, 0xe5, 0xe5, 0xe5, 0xe5, 
	0xe5, 0xe5, 0xe5, 0xe5, 0xe5, 0xe5, 0xe5, 0xe5, 
	0xe5, 0xe5, 0xe5, 0xe5, 0xe5, 0xe5, 0xe5, 0xe5, 
	0xe5, 0xe5, 0xe5, 0xe5, 0xe5, 0xe5, 0xe5, 0xe5, 
	0xe5, 0xe5, 0xe5, 0xe5, 0xe5, 0xe5, 0xe5, 0xe5, 
	0xe5, 0xe5, 0xe5, 0xe5, 0xe5, 0xe5, 0xe5, 0xe5, 
	0xe5, 0xe5, 0xe5, 0xe5, 0xe5, 0xe5, 0xe5, 0xe5, 
	0xe5, 0xe5, 0xe5, 0xe5, 0xe5, 0xe5, 0xe5, 0xe5, 
	0xe5, 0xe5, 0xe5, 0xe5, 0xe5, 0xe5, 0xe5, 0xe5, 
	0xe5, 0xe5, 0xe5, 0xe5, 0xe5, 0xe5, 0xe5, 0xe5, 
	0xe5, 0xe5, 0xe5, 0xe5, 0xe5, 0xe5, 0xe5, 0xe5, 
	0xe5, 0xe5, 0xe5, 0xe5, 0xe5, 0xe5, 0xe5, 0xe5, 
	0xe5, 0xe5, 0xe5, 0xe5, 0xe5, 0xe5, 0xe5, 0xe5, 
	0xe5, 0xe5, 0xe5, 0xe5, 0xe5, 0xe5, 0xe5, 0xe5, 
	0xe5, 0xe5, 0xe5, 0xe5, 0xe5, 0xe5, 0xe5, 0xe5, 
	0xe5, 0xe5, 0xe5, 0xe5, 0xe5, 0xe5, 0xe5, 0xe5, 
	0xe5, 0xe5, 0xe5, 0xe5, 0xe5, 0xe5, 0xe5, 0xe5, 
	0xe5, 0xe5, 0xe5, 0xe5, 0xe5, 0xe5, 0xe5, 0xe5, 
	0xe5, 0xe5, 0xe5, 0xe5, 0xe5, 0xe5, 0xe5, 0xe5, 
	0xe5, 0xe5, 0xe5, 0xe5, 0xe5, 0xe5, 0xe5, 0xe5, 
	0xe5, 0xe5, 0xe5, 0xe5, 0xe5, 0xe5, 0xe5, 0xe5, 
	0xe5, 0xe5, 0xe5, 0xe5, 0xe5, 0xe5, 0xe5, 0xe5, 
	0xe5, 0xe5, 0xe5, 0xe5, 0xe5, 0xe5, 0xe5, 0xe5, 
	0xe5, 0xe5, 0xe5, 0xe5, 0xe5, 0xe5, 0xe5, 0xe5, 
	0xe5, 0xe5, 0xe5, 0xe5, 0xe5, 0xe5, 0xe5, 0xe5, 
	0xe5, 0xe5, 0xe5, 0xe5, 0xe5, 0xe5, 0xe5, 0xe5, 
	0xe5, 0xe5, 0xe5, 0xe5, 0xe5, 0xe5, 0xe5, 0xe5, 
	0xe5, 0xe5, 0xe5, 0xe5, 0xe5, 0xe5, 0xe5, 0xe5, 
	0xe5, 0xe5, 0xe5, 0xe5, 0xe5, 0xe5, 0xe5, 0xe5, 
	0xe5, 0xe5, 0xe5, 0xe5, 0xe5, 0xe5, 0xe5, 0xe5, 
	0xe5, 0xe5, 0xe5, 0xe5, 0xe5, 0xe5, 0xe5, 0xe5, 
	0xe5, 0xe5, 0xe5, 0xe5, 0xe5, 0xe5, 0xe5, 0xe5, 
	0xe5, 0xe5, 0xe5, 0xe5, 0xe5, 0xe5, 0xe5, 0xe5, 
	0xe5, 0xe5, 0xe5, 0xe5, 0xe5, 0xe5, 0xe5, 0xe5, 
	0xe5, 0xe5, 0xe5, 0xe5, 0xe5, 0xe5, 0xe5, 0xe5, 
	0xe5, 0xe5, 0xe5, 0xe5, 0xe5, 0xe5, 0xe5, 0xe5, 
	0xe5, 0xe5, 0xe5, 0xe5, 0xe5, 0xe5, 0xe5, 0xe5, 
	0xe5, 0xe5, 0xe5, 0xe5, 0xe5, 0xe5, 0xe5, 0xe5, 
	0xe5, 0xe5, 0xe5, 0xe5, 0xe5, 0xe5, 0xe5, 0xe5, 
	0xe5, 0xe5, 0xe5, 0xe5, 0xe5, 0xe5, 0xe5, 0xe5, 
	0xe5, 0xe5, 0xe5, 0xe5, 0xe5, 0xe5, 0x83, 0xdf, 
	0x52, 0xd9, 0x21, 0x93, 0x21, 0x93, 0x21, 0x93, 
	0x11, 0x51, 0x21, 0xd5, 0x21, 0xd5, 0x11, 0x51, 
	0x01, 0x0f, 0x11, 0x53, 0x11, 0x53, 0x01, 0x0f, 
	0x21, 0x95, 0x19, 0x53, 0x21, 0x95, 0x01, 0x0f, 
	0x09, 0x11, 0x32, 0x17, 0x09, 0x11, 0x09, 0x11, 
	0x01, 0x0f, 0x01, 0x0f, 0x01, 0x0f, 0x11, 0x53, 
	0x09, 0x11, 0x09, 0x11, 0xa4, 0xa3, 0xf6, 0xab, 
	0xff, 0x2f, 0xf6, 0xed, 0xf6, 0x6b, 0xee, 0x29, 
	0xff, 0xb1, 0xff, 0xb1, 0xf6, 0xed, 0xf6, 0xed, 
	0xf6, 0xad, 0xee, 0x29, 0xee, 0x29, 0xf6, 0xad, 
	0xf6, 0xab, 0xe5, 0xe5, 0xe5, 0xe5, 0xe5, 0xe5, 
	0xe5, 0xe5, 0xe5, 0xe5, 0xe5, 0xe5, 0xe5, 0xe5, 
	0xe5, 0xe5, 0xe5, 0xe5, 0xe5, 0xe5, 0xe5, 0xe5, 
	0xe5, 0xe5, 0xe5, 0xe5, 0xe5, 0xe5, 0xe5, 0xe5, 
	0xe5, 0xe5, 0xe5, 0xe5, 0xe5, 0xe5, 0xe5, 0xe5, 
	0xe5, 0xe5, 0xe5, 0xe5, 0xe5, 0xe5, 0xe5, 0xe5, 
	0xe5, 0xe5, 0xe5, 0xe5, 0xe5, 0xe5, 0xe5, 0xe5, 
	0xe5, 0xe5, 0xe5, 0xe5, 0xe5, 0xe5, 0xe5, 0xe5, 
	0xe5, 0xe5, 0xe5, 0xe5, 0xe5, 0xe5, 0xe5, 0xe5, 
	0xe5, 0xe5, 0xe5, 0xe5, 0xe5, 0xe5, 0xe5, 0xe5, 
	0xe5, 0xe5, 0xe5, 0xe5, 0xe5, 0xe5, 0xe5, 0xe5, 
	0xe5, 0xe5, 0xe5, 0xe5, 0xe5, 0xe5, 0xe5, 0xe5, 
	0xe5, 0xe5, 0xe5, 0xe5, 0xe5, 0xe5, 0xe5, 0xe5, 
	0xe5, 0xe5, 0xe5, 0xe5, 0xe5, 0xe5, 0xe5, 0xe5, 
	0xe5, 0xe5, 0xe5, 0xe5, 0xe5, 0xe5, 0xe5, 0xe5, 
	0xe5, 0xe5, 0xe5, 0xe5, 0xe5, 0xe5, 0xe5, 0xe5, 
	0xe5, 0xe5, 0xe5, 0xe5, 0xe5, 0xe5, 0xe5, 0xe5, 
	0xe5, 0xe5, 0xe5, 0xe5, 0xe5, 0xe5, 0xe5, 0xe5, 
	0xe5, 0xe5, 0xe5, 0xe5, 0xe5, 0xe5, 0xe5, 0xe5, 
	0xe5, 0xe5, 0xe5, 0xe5, 0xe5, 0xe5, 0xe5, 0xe5, 
	0xe5, 0xe5, 0xe5, 0xe5, 0xe5, 0xe5, 0xe5, 0xe5, 
	0xe5, 0xe5, 0xe5, 0xe5, 0xe5, 0xe5, 0xe5, 0xe5, 
	0xe5, 0xe5, 0xe5, 0xe5, 0xe5, 0xe5, 0xe5, 0xe5, 
	0xe5, 0xe5, 0xe5, 0xe5, 0xe5, 0xe5, 0xe5, 0xe5, 
	0xe5, 0xe5, 0xe5, 0xe5, 0xe5, 0xe5, 0xe5, 0xe5, 
	0xe5, 0xe5, 0xe5, 0xe5, 0xe5, 0xe5, 0xe5, 0xe5, 
	0xe5, 0xe5, 0xe5, 0xe5, 0xe5, 0xe5, 0xe5, 0xe5, 
	0xe5, 0xe5, 0xe5, 0xe5, 0xe5, 0xe5, 0xe5, 0xe5, 
	0xe5, 0xe5, 0xe5, 0xe5, 0xe5, 0xe5, 0xe5, 0xe5, 
	0xe5, 0xe5, 0xe5, 0xe5, 0xe5, 0xe5, 0xe5, 0xe5, 
	0xe5, 0xe5, 0xe5, 0xe5, 0xe5, 0xe5, 0xe5, 0xe5, 
	0xe5, 0xe5, 0xe5, 0xe5, 0xe5, 0xe5, 0xe5, 0xe5, 
	0xe5, 0xe5, 0xe5, 0xe5, 0xe5, 0xe5, 0xe5, 0xe5, 
	0xe5, 0xe5, 0xe5, 0xe5, 0xe5, 0xe5, 0xe5, 0xe5, 
	0xe5, 0xe5, 0xe5, 0xe5, 0xe5, 0xe5, 0xe5, 0xe5, 
	0xe5, 0xe5, 0xe5, 0xe5, 0xe5, 0xe5, 0xe5, 0xe5, 
	0xe5, 0xe5, 0xe5, 0xe5, 0xe5, 0xe5, 0xe5, 0xe5, 
	0xe5, 0xe5, 0xe5, 0xe5, 0xe5, 0xe5, 0xe5, 0xe5, 
	0xe5, 0xe5, 0xe5, 0xe5, 0xe5, 0xe5, 0xe5, 0xe5, 
	0xe5, 0xe5, 0xe5, 0xe5, 0xe5, 0xe5, 0xe5, 0xe5, 
	0xe5, 0xe5, 0xe5, 0xe5, 0xe5, 0xe5, 0xe5, 0xe5, 
	0xe5, 0xe5, 0xe5, 0xe5, 0xe5, 0xe5, 0xe5, 0xe5, 
	0xe5, 0xe5, 0xe5, 0xe5, 0xe5, 0xe5, 0xe5, 0xe5, 
	0xe5, 0xe5, 0xe5, 0xe5, 0xe5, 0xe5, 0xe5, 0xe5, 
	0xe5, 0xe5, 0xe5, 0xe5, 0xe5, 0xe5, 0xe5, 0xe5, 
	0xe5, 0xe5, 0xe5, 0xe5, 0xe5, 0xe5, 0xe5, 0xe5, 
	0xe5, 0xe5, 0xe5, 0xe5, 0xe5, 0xe5, 0xe5, 0xe5, 
	0xe5, 0xe5, 0xe5, 0xe5, 0xe5, 0xe5, 0xe5, 0xe5, 
	0xe5, 0xe5, 0xe5, 0xe5, 0xe5, 0xe5, 0xe5, 0xe5, 
	0xe5, 0xe5, 0xe5, 0xe5, 0xe5, 0xe5, 0xe5, 0xe5, 
	0xe5, 0xe5, 0xe5, 0xe5, 0xe5, 0xe5, 0xe5, 0xe5, 
	0xe5, 0xe5, 0xe5, 0xe5, 0xe5, 0xe5, 0xe5, 0xe5, 
	0xe5, 0xe5, 0xe5, 0xe5, 0xe5, 0xe5, 0xe5, 0xe5, 
	0xe5, 0xe5, 0xe5, 0xe5, 0xe5, 0xe5, 0x52, 0xdb, 
	0x21, 0x93, 0x3a, 0x57, 0x21, 0x93, 0x09, 0x11, 
	0x32, 0x17, 0x32, 0x17, 0x11, 0x51, 0x11, 0x51, 
	0x09, 0x51, 0x09, 0x11, 0x09, 0x51, 0x09, 0x51, 
	0x09, 0x51, 0x01, 0x0f, 0x01, 0x0f, 0x09, 0x51, 
	0x19, 0x93, 0x19, 0x93, 0x42, 0x59, 0x19, 0x93, 
	0x01, 0x0f, 0x01, 0x0f, 0x09, 0x11, 0x09, 0x11, 
	0x09, 0x11, 0x09, 0x11, 0xa4, 0xa3, 0xf6, 0xab, 
	0xff, 0x2f, 0xf6, 0xed, 0xee, 0x29, 0xf6, 0x6b, 
	0xe6, 0x29, 0xe6, 0x29, 0xf6, 0xed, 0xf6, 0xed, 
	0xff, 0x2f, 0xee, 0x29, 0xf6, 0xad, 0xff, 0x2f, 
	0xff, 0x2f, 0xff, 0x2f, 0xe5, 0xe5, 0xe5, 0xe5, 
	0xe5, 0xe5, 0xe5, 0xe5, 0xe5, 0xe5, 0xe5, 0xe5, 
	0xe5, 0xe5, 0xe5, 0xe5, 0xe5, 0xe5, 0xe5, 0xe5, 
	0xe5, 0xe5, 0xe5, 0xe5, 0xe5, 0xe5, 0xe5, 0xe5, 
	0xe5, 0xe5, 0xe5, 0xe5, 0xe5, 0xe5, 0xe5, 0xe5, 
	0xe5, 0xe5, 0xe5, 0xe5, 0xe5, 0xe5, 0xe5, 0xe5, 
	0xe5, 0xe5, 0xe5, 0xe5, 0xe5, 0xe5, 0xe5, 0xe5, 
	0xe5, 0xe5, 0xe5, 0xe5, 0xe5, 0xe5, 0xe5, 0xe5, 
	0xe5, 0xe5, 0xe5, 0xe5, 0xe5, 0xe5, 0xe5, 0xe5, 
	0xe5, 0xe5, 0xe5, 0xe5, 0xe5, 0xe5, 0xe5, 0xe5, 
	0xe5, 0xe5, 0xe5, 0xe5, 0xe5, 0xe5, 0xe5, 0xe5, 
	0xe5, 0xe5, 0xe5, 0xe5, 0xe5, 0xe5, 0xe5, 0xe5, 
	0xe5, 0xe5, 0xe5, 0xe5, 0xe5, 0xe5, 0xe5, 0xe5, 
	0xe5, 0xe5, 0xe5, 0xe5, 0xe5, 0xe5, 0xe5, 0xe5, 
	0xe5, 0xe5, 0xe5, 0xe5, 0xe5, 0xe5, 0xe5, 0xe5, 
	0xe5, 0xe5, 0xe5, 0xe5, 0xe5, 0xe5, 0xe5, 0xe5, 
	0xe5, 0xe5, 0xe5, 0xe5, 0xe5, 0xe5, 0xe5, 0xe5, 
	0xe5, 0xe5, 0xe5, 0xe5, 0xe5, 0xe5, 0xe5, 0xe5, 
	0xe5, 0xe5, 0xe5, 0xe5, 0xe5, 0xe5, 0xe5, 0xe5, 
	0xe5, 0xe5, 0xe5, 0xe5, 0xe5, 0xe5, 0xe5, 0xe5, 
	0xe5, 0xe5, 0xe5, 0xe5, 0xe5, 0xe5, 0xe5, 0xe5, 
	0xe5, 0xe5, 0xe5, 0xe5, 0xe5, 0xe5, 0xe5, 0xe5, 
	0xe5, 0xe5, 0xe5, 0xe5, 0xe5, 0xe5, 0xe5, 0xe5, 
	0xe5, 0xe5, 0xe5, 0xe5, 0xe5, 0xe5, 0xe5, 0xe5, 
	0xe5, 0xe5, 0xe5, 0xe5, 0xe5, 0xe5, 0xe5, 0xe5, 
	0xe5, 0xe5, 0xe5, 0xe5, 0xe5, 0xe5, 0xe5, 0xe5, 
	0xe5, 0xe5, 0xe5, 0xe5, 0xe5, 0xe5, 0xe5, 0xe5, 
	0xe5, 0xe5, 0xe5, 0xe5, 0xe5, 0xe5, 0xe5, 0xe5, 
	0xe5, 0xe5, 0xe5, 0xe5, 0xe5, 0xe5, 0xe5, 0xe5, 
	0xe5, 0xe5, 0xe5, 0xe5, 0xe5, 0xe5, 0xe5, 0xe5, 
	0xe5, 0xe5, 0xe5, 0xe5, 0xe5, 0xe5, 0xe5, 0xe5, 
	0xe5, 0xe5, 0xe5, 0xe5, 0xe5, 0xe5, 0xe5, 0xe5, 
	0xe5, 0xe5, 0xe5, 0xe5, 0xe5, 0xe5, 0xe5, 0xe5, 
	0xe5, 0xe5, 0xe5, 0xe5, 0xe5, 0xe5, 0xe5, 0xe5, 
	0xe5, 0xe5, 0xe5, 0xe5, 0xe5, 0xe5, 0xe5, 0xe5, 
	0xe5, 0xe5, 0xe5, 0xe5, 0xe5, 0xe5, 0xe5, 0xe5, 
	0xe5, 0xe5, 0xe5, 0xe5, 0xe5, 0xe5, 0xe5, 0xe5, 
	0xe5, 0xe5, 0xe5, 0xe5, 0xe5, 0xe5, 0xe5, 0xe5, 
	0xe5, 0xe5, 0xe5, 0xe5, 0xe5, 0xe5, 0xe5, 0xe5, 
	0xe5, 0xe5, 0xe5, 0xe5, 0xe5, 0xe5, 0xe5, 0xe5, 
	0xe5, 0xe5, 0xe5, 0xe5, 0xe5, 0xe5, 0xe5, 0xe5, 
	0xe5, 0xe5, 0xe5, 0xe5, 0xe5, 0xe5, 0xe5, 0xe5, 
	0xe5, 0xe5, 0xe5, 0xe5, 0xe5, 0xe5, 0xe5, 0xe5, 
	0xe5, 0xe5, 0xe5, 0xe5, 0xe5, 0xe5, 0xe5, 0xe5, 
	0xe5, 0xe5, 0xe5, 0xe5, 0xe5, 0xe5, 0xe5, 0xe5, 
	0xe5, 0xe5, 0xe5, 0xe5, 0xe5, 0xe5, 0xe5, 0xe5, 
	0xe5, 0xe5, 0xe5, 0xe5, 0xe5, 0xe5, 0xe5, 0xe5, 
	0xe5, 0xe5, 0xe5, 0xe5, 0xe5, 0xe5, 0xe5, 0xe5, 
	0xe5, 0xe5, 0xe5, 0xe5, 0xe5, 0xe5, 0xe5, 0xe5, 
	0xe5, 0xe5, 0xe5, 0xe5, 0xe5, 0xe5, 0xe5, 0xe5, 
	0xe5, 0xe5, 0xe5, 0xe5, 0xe5, 0xe5, 0xe5, 0xe5, 
	0xe5, 0xe5, 0xe5, 0xe5, 0xe5, 0xe5, 0xe5, 0xe5, 
	0xe5, 0xe5, 0xe5, 0xe5, 0xe5, 0xe5, 0xe5, 0xe5, 
	0xe5, 0xe5, 0xe5, 0xe5, 0xb4, 0xe1, 0x52, 0xdb, 
	0x09, 0x11, 0x09, 0x11, 0x09, 0x11, 0x09, 0x11, 
	0x01, 0x0f, 0x01, 0x0f, 0x01, 0x0f, 0x11, 0x51, 
	0x09, 0x51, 0x09, 0x11, 0x09, 0x11, 0x09, 0x11, 
	0x09, 0x51, 0x01, 0x0f, 0x01, 0x0f, 0x01, 0x0f, 
	0x09, 0x11, 0x19, 0x93, 0x19, 0x93, 0x19, 0x93, 
	0x11, 0x53, 0x11, 0x53, 0x01, 0x0f, 0x01, 0x0f, 
	0x09, 0x11, 0x09, 0x11, 0x5a, 0xd9, 0xf6, 0xab, 
	0xff, 0x2f, 0xf6, 0xed, 0xf6, 0xed, 0xee, 0x29, 
	0xdd, 0x65, 0xe6, 0x29, 0xe6, 0x29, 0xe6, 0x29, 
	0xff, 0x2f, 0xff, 0x2f, 0xff, 0x2f, 0xff, 0x2f, 
	0xf6, 0xab, 0xff, 0x2f, 0xe5, 0xe5, 0xe5, 0xe5, 
	0xe5, 0xe5, 0xe5, 0xe5, 0xe5, 0xe5, 0xe5, 0xe5, 
	0xe5, 0xe5, 0xe5, 0xe5, 0xe5, 0xe5, 0xe5, 0xe5, 
	0xe5, 0xe5, 0xe5, 0xe5, 0xe5, 0xe5, 0xe5, 0xe5, 
	0xe5, 0xe5, 0xe5, 0xe5, 0xe5, 0xe5, 0xe5, 0xe5, 
	0xe5, 0xe5, 0xe5, 0xe5, 0xe5, 0xe5, 0xe5, 0xe5, 
	0xe5, 0xe5, 0xe5, 0xe5, 0xe5, 0xe5, 0xe5, 0xe5, 
	0xe5, 0xe5, 0xe5, 0xe5, 0xe5, 0xe5, 0xe5, 0xe5, 
	0xe5, 0xe5, 0xe5, 0xe5, 0xe5, 0xe5, 0xe5, 0xe5, 
	0xe5, 0xe5, 0xe5, 0xe5, 0xe5, 0xe5, 0xe5, 0xe5, 
	0xe5, 0xe5, 0xe5, 0xe5, 0xe5, 0xe5, 0xe5, 0xe5, 
	0xe5, 0xe5, 0xe5, 0xe5, 0xe5, 0xe5, 0xe5, 0xe5, 
	0xe5, 0xe5, 0xe5, 0xe5, 0xe5, 0xe5, 0xe5, 0xe5, 
	0xe5, 0xe5, 0xe5, 0xe5, 0xe5, 0xe5, 0xe5, 0xe5, 
	0xe5, 0xe5, 0xe5, 0xe5, 0xe5, 0xe5, 0xe5, 0xe5, 
	0xe5, 0xe5, 0xe5, 0xe5, 0xe5, 0xe5, 0xe5, 0xe5, 
	0xe5, 0xe5, 0xe5, 0xe5, 0xe5, 0xe5, 0xe5, 0xe5, 
	0xe5, 0xe5, 0xe5, 0xe5, 0xe5, 0xe5, 0xe5, 0xe5, 
	0xe5, 0xe5, 0xe5, 0xe5, 0xe5, 0xe5, 0xe5, 0xe5, 
	0xe5, 0xe5, 0xe5, 0xe5, 0xe5, 0xe5, 0xe5, 0xe5, 
	0xe5, 0xe5, 0xe5, 0xe5, 0xe5, 0xe5, 0xe5, 0xe5, 
	0xe5, 0xe5, 0xe5, 0xe5, 0xe5, 0xe5, 0xe5, 0xe5, 
	0xe5, 0xe5, 0xe5, 0xe5, 0xe5, 0xe5, 0xe5, 0xe5, 
	0xe5, 0xe5, 0xe5, 0xe5, 0xe5, 0xe5, 0xe5, 0xe5, 
	0xe5, 0xe5, 0xe5, 0xe5, 0xe5, 0xe5, 0xe5, 0xe5, 
	0xe5, 0xe5, 0xe5, 0xe5, 0xe5, 0xe5, 0xe5, 0xe5, 
	0xe5, 0xe5, 0xe5, 0xe5, 0xe5, 0xe5, 0xe5, 0xe5, 
	0xe5, 0xe5, 0xe5, 0xe5, 0xe5, 0xe5, 0xe5, 0xe5, 
	0xe5, 0xe5, 0xe5, 0xe5, 0xe5, 0xe5, 0xe5, 0xe5, 
	0xe5, 0xe5, 0xe5, 0xe5, 0xe5, 0xe5, 0xe5, 0xe5, 
	0xe5, 0xe5, 0xe5, 0xe5, 0xe5, 0xe5, 0xe5, 0xe5, 
	0xe5, 0xe5, 0xe5, 0xe5, 0xe5, 0xe5, 0xe5, 0xe5, 
	0xe5, 0xe5, 0xe5, 0xe5, 0xe5, 0xe5, 0xe5, 0xe5, 
	0xe5, 0xe5, 0xe5, 0xe5, 0xe5, 0xe5, 0xe5, 0xe5, 
	0xe5, 0xe5, 0xe5, 0xe5, 0xe5, 0xe5, 0xe5, 0xe5, 
	0xe5, 0xe5, 0xe5, 0xe5, 0xe5, 0xe5, 0xe5, 0xe5, 
	0xe5, 0xe5, 0xe5, 0xe5, 0xe5, 0xe5, 0xe5, 0xe5, 
	0xe5, 0xe5, 0xe5, 0xe5, 0xe5, 0xe5, 0xe5, 0xe5, 
	0xe5, 0xe5, 0xe5, 0xe5, 0xe5, 0xe5, 0xe5, 0xe5, 
	0xe5, 0xe5, 0xe5, 0xe5, 0xe5, 0xe5, 0xe5, 0xe5, 
	0xe5, 0xe5, 0xe5, 0xe5, 0xe5, 0xe5, 0xe5, 0xe5, 
	0xe5, 0xe5, 0xe5, 0xe5, 0xe5, 0xe5, 0xe5, 0xe5, 
	0xe5, 0xe5, 0xe5, 0xe5, 0xe5, 0xe5, 0xe5, 0xe5, 
	0xe5, 0xe5, 0xe5, 0xe5, 0xe5, 0xe5, 0xe5, 0xe5, 
	0xe5, 0xe5, 0xe5, 0xe5, 0xe5, 0xe5, 0xe5, 0xe5, 
	0xe5, 0xe5, 0xe5, 0xe5, 0xe5, 0xe5, 0xe5, 0xe5, 
	0xe5, 0xe5, 0xe5, 0xe5, 0xe5, 0xe5, 0xe5, 0xe5, 
	0xe5, 0xe5, 0xe5, 0xe5, 0xe5, 0xe5, 0xe5, 0xe5, 
	0xe5, 0xe5, 0xe5, 0xe5, 0xe5, 0xe5, 0xe5, 0xe5, 
	0xe5, 0xe5, 0xe5, 0xe5, 0xe5, 0xe5, 0xe5, 0xe5, 
	0xe5, 0xe5, 0xe5, 0xe5, 0xe5, 0xe5, 0xe5, 0xe5, 
	0xe5, 0xe5, 0xe5, 0xe5, 0xe5, 0xe5, 0xe5, 0xe5, 
	0xe5, 0xe5, 0xe5, 0xe5, 0xe5, 0xe5, 0xe5, 0xe5, 
	0xdd, 0xe5, 0xdd, 0xe5, 0x63, 0x1b, 0x63, 0x1b, 
	0x29, 0xd5, 0x29, 0xd5, 0x01, 0x11, 0x01, 0x11, 
	0x01, 0x0f, 0x01, 0x0f, 0x01, 0x0f, 0x01, 0x0f, 
	0x01, 0x0f, 0x01, 0x0f, 0x01, 0x0f, 0x01, 0x0f, 
	0x09, 0x51, 0x01, 0x0f, 0x01, 0x0f, 0x01, 0x0f, 
	0x01, 0x0f, 0x01, 0x0f, 0x01, 0x0f, 0x01, 0x0f, 
	0x09, 0x11, 0x09, 0x11, 0x09, 0x53, 0x09, 0x53, 
	0x11, 0x53, 0x11, 0x53, 0x5a, 0xd9, 0xe5, 0xe7, 
	0xff, 0x2f, 0xfe, 0xed, 0xff, 0x2f, 0xfe, 0xed, 
	0xfe, 0xed, 0xf6, 0x6b, 0xf6, 0x6b, 0xdd, 0xa5, 
	0xf6, 0xad, 0xff, 0x2f, 0xff, 0x2f, 0xff, 0x2f, 
	0xf6, 0xab, 0xf6, 0xab, 0xdd, 0xa5, 0xdd, 0xa5, 
	0xe5, 0xe5, 0xe5, 0xe5, 0xe5, 0xe5, 0xe5, 0xe5, 
	0xe5, 0xe5, 0xe5, 0xe5, 0xe5, 0xe5, 0xe5, 0xe5, 
	0xe5, 0xe5, 0xe5, 0xe5, 0xe5, 0xe5, 0xe5, 0xe5, 
	0xe5, 0xe5, 0xe5, 0xe5, 0xe5, 0xe5, 0xe5, 0xe5, 
	0xe5, 0xe5, 0xe5, 0xe5, 0xe5, 0xe5, 0xe5, 0xe5, 
	0xe5, 0xe5, 0xe5, 0xe5, 0xe5, 0xe5, 0xe5, 0xe5, 
	0xe5, 0xe5, 0xe5, 0xe5, 0xe5, 0xe5, 0xe5, 0xe5, 
	0xe5, 0xe5, 0xe5, 0xe5, 0xe5, 0xe5, 0xe5, 0xe5, 
	0xe5, 0xe5, 0xe5, 0xe5, 0xe5, 0xe5, 0xe5, 0xe5, 
	0xe5, 0xe5, 0xe5, 0xe5, 0xe5, 0xe5, 0xe5, 0xe5, 
	0xe5, 0xe5, 0xe5, 0xe5, 0xe5, 0xe5, 0xe5, 0xe5, 
	0xe5, 0xe5, 0xe5, 0xe5, 0xe5, 0xe5, 0xe5, 0xe5, 
	0xe5, 0xe5, 0xe5, 0xe5, 0xe5, 0xe5, 0xe5, 0xe5, 
	0xe5, 0xe5, 0xe5, 0xe5, 0xe5, 0xe5, 0xe5, 0xe5, 
	0xe5, 0xe5, 0xe5, 0xe5, 0xe5, 0xe5, 0xe5, 0xe5, 
	0xe5, 0xe5, 0xe5, 0xe5, 0xe5, 0xe5, 0xe5, 0xe5, 
	0xe5, 0xe5, 0xe5, 0xe5, 0xe5, 0xe5, 0xe5, 0xe5, 
	0xe5, 0xe5, 0xe5, 0xe5, 0xe5, 0xe5, 0xe5, 0xe5, 
	0xe5, 0xe5, 0xe5, 0xe5, 0xe5, 0xe5, 0xe5, 0xe5, 
	0xe5, 0xe5, 0xe5, 0xe5, 0xe5, 0xe5, 0xe5, 0xe5, 
	0xe5, 0xe5, 0xe5, 0xe5, 0xe5, 0xe5, 0xe5, 0xe5, 
	0xe5, 0xe5, 0xe5, 0xe5, 0xe5, 0xe5, 0xe5, 0xe5, 
	0xe5, 0xe5, 0xe5, 0xe5, 0xe5, 0xe5, 0xe5, 0xe5, 
	0xe5, 0xe5, 0xe5, 0xe5, 0xe5, 0xe5, 0xe5, 0xe5, 
	0xe5, 0xe5, 0xe5, 0xe5, 0xe5, 0xe5, 0xe5, 0xe5, 
	0xe5, 0xe5, 0xe5, 0xe5, 0xe5, 0xe5, 0xe5, 0xe5, 
	0xe5, 0xe5, 0xe5, 0xe5, 0xe5, 0xe5, 0xe5, 0xe5, 
	0xe5, 0xe5, 0xe5, 0xe5, 0xe5, 0xe5, 0xe5, 0xe5, 
	0xe5, 0xe5, 0xe5, 0xe5, 0xe5, 0xe5, 0xe5, 0xe5, 
	0xe5, 0xe5, 0xe5, 0xe5, 0xe5, 0xe5, 0xe5, 0xe5, 
	0xe5, 0xe5, 0xe5, 0xe5, 0xe5, 0xe5, 0xe5, 0xe5, 
	0xe5, 0xe5, 0xe5, 0xe5, 0xe5, 0xe5, 0xe5, 0xe5, 
	0xe5, 0xe5, 0xe5, 0xe5, 0xe5, 0xe5, 0xe5, 0xe5, 
	0xe5, 0xe5, 0xe5, 0xe5, 0xe5, 0xe5, 0xe5, 0xe5, 
	0xe5, 0xe5, 0xe5, 0xe5, 0xe5, 0xe5, 0xe5, 0xe5, 
	0xe5, 0xe5, 0xe5, 0xe5, 0xe5, 0xe5, 0xe5, 0xe5, 
	0xe5, 0xe5, 0xe5, 0xe5, 0xe5, 0xe5, 0xe5, 0xe5, 
	0xe5, 0xe5, 0xe5, 0xe5, 0xe5, 0xe5, 0xe5, 0xe5, 
	0xe5, 0xe5, 0xe5, 0xe5, 0xe5, 0xe5, 0xe5, 0xe5, 
	0xe5, 0xe5, 0xe5, 0xe5, 0xe5, 0xe5, 0xe5, 0xe5, 
	0xe5, 0xe5, 0xe5, 0xe5, 0xe5, 0xe5, 0xe5, 0xe5, 
	0xe5, 0xe5, 0xe5, 0xe5, 0xe5, 0xe5, 0xe5, 0xe5, 
	0xe5, 0xe5, 0xe5, 0xe5, 0xe5, 0xe5, 0xe5, 0xe5, 
	0xe5, 0xe5, 0xe5, 0xe5, 0xe5, 0xe5, 0xe5, 0xe5, 
	0xe5, 0xe5, 0xe5, 0xe5, 0xe5, 0xe5, 0xe5, 0xe5, 
	0xe5, 0xe5, 0xe5, 0xe5, 0xe5, 0xe5, 0xe5, 0xe5, 
	0xe5, 0xe5, 0xe5, 0xe5, 0xe5, 0xe5, 0xe5, 0xe5, 
	0xe5, 0xe5, 0xe5, 0xe5, 0xe5, 0xe5, 0xe5, 0xe5, 
	0xe5, 0xe5, 0xe5, 0xe5, 0xe5, 0xe5, 0xe5, 0xe5, 
	0xe5, 0xe5, 0xe5, 0xe5, 0xe5, 0xe5, 0xe5, 0xe5, 
	0xe5, 0xe5, 0xe5, 0xe5, 0xe5, 0xe5, 0xe5, 0xe5, 
	0xe5, 0xe5, 0xe5, 0xe5, 0xe5, 0xe5, 0xe5, 0xe5, 
	0xdd, 0xe5, 0xdd, 0xe5, 0x29, 0xd5, 0x63, 0x1b, 
	0x3a, 0x17, 0x29, 0xd5, 0x3a, 0x17, 0x01, 0x11, 
	0x32, 0x17, 0x21, 0xd5, 0x01, 0x0f, 0x01, 0x0f, 
	0x09, 0x51, 0x01, 0x0f, 0x09, 0x51, 0x09, 0x51, 
	0x21, 0x95, 0x01, 0x0f, 0x01, 0x0f, 0x01, 0x0f, 
	0x21, 0xd3, 0x01, 0x0f, 0x01, 0x0f, 0x01, 0x0f, 
	0x01, 0x0f, 0x01, 0x0f, 0x09, 0x53, 0x09, 0x53, 
	0x11, 0x53, 0x11, 0x53, 0x11, 0x53, 0xe5, 0xe7, 
	0xff, 0x2f, 0xfe, 0xed, 0xff, 0x2f, 0xfe, 0xed, 
	0xfe, 0xed, 0xf6, 0x6b, 0xf6, 0x6b, 0xdd, 0xa5, 
	0xf6, 0x69, 0xf6, 0x69, 0xf6, 0xad, 0xf6, 0x69, 
	0xcd, 0x21, 0xe6, 0x27, 0xe6, 0x27, 0xf6, 0xab, 
	0xe5, 0xe5, 0xe5, 0xe5, 0xe5, 0xe5, 0xe5, 0xe5, 
	0xe5, 0xe5, 0xe5, 0xe5, 0xe5, 0xe5, 0xe5, 0xe5, 
	0xe5, 0xe5, 0xe5, 0xe5, 0xe5, 0xe5, 0xe5, 0xe5, 
	0xe5, 0xe5, 0xe5, 0xe5, 0xe5, 0xe5, 0xe5, 0xe5, 
	0xe5, 0xe5, 0xe5, 0xe5, 0xe5, 0xe5, 0xe5, 0xe5, 
	0xe5, 0xe5, 0xe5, 0xe5, 0xe5, 0xe5, 0xe5, 0xe5, 
	0xe5, 0xe5, 0xe5, 0xe5, 0xe5, 0xe5, 0xe5, 0xe5, 
	0xe5, 0xe5, 0xe5, 0xe5, 0xe5, 0xe5, 0xe5, 0xe5, 
	0xe5, 0xe5, 0xe5, 0xe5, 0xe5, 0xe5, 0xe5, 0xe5, 
	0xe5, 0xe5, 0xe5, 0xe5, 0xe5, 0xe5, 0xe5, 0xe5, 
	0xe5, 0xe5, 0xe5, 0xe5, 0xe5, 0xe5, 0xe5, 0xe5, 
	0xe5, 0xe5, 0xe5, 0xe5, 0xe5, 0xe5, 0xe5, 0xe5, 
	0xe5, 0xe5, 0xe5, 0xe5, 0xe5, 0xe5, 0xe5, 0xe5, 
	0xe5, 0xe5, 0xe5, 0xe5, 0xe5, 0xe5, 0xe5, 0xe5, 
	0xe5, 0xe5, 0xe5, 0xe5, 0xe5, 0xe5, 0xe5, 0xe5, 
	0xe5, 0xe5, 0xe5, 0xe5, 0xe5, 0xe5, 0xe5, 0xe5, 
	0xe5, 0xe5, 0xe5, 0xe5, 0xe5, 0xe5, 0xe5, 0xe5, 
	0xe5, 0xe5, 0xe5, 0xe5, 0xe5, 0xe5, 0xe5, 0xe5, 
	0xe5, 0xe5, 0xe5, 0xe5, 0xe5, 0xe5, 0xe5, 0xe5, 
	0xe5, 0xe5, 0xe5, 0xe5, 0xe5, 0xe5, 0xe5, 0xe5, 
	0xe5, 0xe5, 0xe5, 0xe5, 0xe5, 0xe5, 0xe5, 0xe5, 
	0xe5, 0xe5, 0xe5, 0xe5, 0xe5, 0xe5, 0xe5, 0xe5, 
	0xe5, 0xe5, 0xe5, 0xe5, 0xe5, 0xe5, 0xe5, 0xe5, 
	0xe5, 0xe5, 0xe5, 0xe5, 0xe5, 0xe5, 0xe5, 0xe5, 
	0xe5, 0xe5, 0xe5, 0xe5, 0xe5, 0xe5, 0xe5, 0xe5, 
	0xe5, 0xe5, 0xe5, 0xe5, 0xe5, 0xe5, 0xe5, 0xe5, 
	0xe5, 0xe5, 0xe5, 0xe5, 0xe5, 0xe5, 0xe5, 0xe5, 
	0xe5, 0xe5, 0xe5, 0xe5, 0xe5, 0xe5, 0xe5, 0xe5, 
	0xe5, 0xe5, 0xe5, 0xe5, 0xe5, 0xe5, 0xe5, 0xe5, 
	0xe5, 0xe5, 0xe5, 0xe5, 0xe5, 0xe5, 0xe5, 0xe5, 
	0xe5, 0xe5, 0xe5, 0xe5, 0xe5, 0xe5, 0xe5, 0xe5, 
	0xe5, 0xe5, 0xe5, 0xe5, 0xe5, 0xe5, 0xe5, 0xe5, 
	0xe5, 0xe5, 0xe5, 0xe5, 0xe5, 0xe5, 0xe5, 0xe5, 
	0xe5, 0xe5, 0xe5, 0xe5, 0xe5, 0xe5, 0xe5, 0xe5, 
	0xe5, 0xe5, 0xe5, 0xe5, 0xe5, 0xe5, 0xe5, 0xe5, 
	0xe5, 0xe5, 0xe5, 0xe5, 0xe5, 0xe5, 0xe5, 0xe5, 
	0xe5, 0xe5, 0xe5, 0xe5, 0xe5, 0xe5, 0xe5, 0xe5, 
	0xe5, 0xe5, 0xe5, 0xe5, 0xe5, 0xe5, 0xe5, 0xe5, 
	0xe5, 0xe5, 0xe5, 0xe5, 0xe5, 0xe5, 0xe5, 0xe5, 
	0xe5, 0xe5, 0xe5, 0xe5, 0xe5, 0xe5, 0xe5, 0xe5, 
	0xe5, 0xe5, 0xe5, 0xe5, 0xe5, 0xe5, 0xe5, 0xe5, 
	0xe5, 0xe5, 0xe5, 0xe5, 0xe5, 0xe5, 0xe5, 0xe5, 
	0xe5, 0xe5, 0xe5, 0xe5, 0xe5, 0xe5, 0xe5, 0xe5, 
	0xe5, 0xe5, 0xe5, 0xe5, 0xe5, 0xe5, 0xe5, 0xe5, 
	0xe5, 0xe5, 0xe5, 0xe5, 0xe5, 0xe5, 0xe5, 0xe5, 
	0xe5, 0xe5, 0xe5, 0xe5, 0xe5, 0xe5, 0xe5, 0xe5, 
	0xe5, 0xe5, 0xe5, 0xe5, 0xe5, 0xe5, 0xe5, 0xe5, 
	0xe5, 0xe5, 0xe5, 0xe5, 0xe5, 0xe5, 0xe5, 0xe5, 
	0xe5, 0xe5, 0xe5, 0xe5, 0xe5, 0xe5, 0xe5, 0xe5, 
	0xe5, 0xe5, 0xe5, 0xe5, 0xe5, 0xe5, 0xe5, 0xe5, 
	0xe5, 0xe5, 0xe5, 0xe5, 0xe5, 0xe5, 0xe5, 0xe5, 
	0xe5, 0xe5, 0xe5, 0xe5, 0xe5, 0xe5, 0xe5, 0xe5, 
	0xdd, 0xe5, 0xa4, 0x5f, 0x29, 0xd5, 0x29, 0xd5, 
	0x29, 0xd5, 0x11, 0x53, 0x11, 0x53, 0x29, 0xd5, 
	0x11, 0x51, 0x11, 0x51, 0x01, 0x0f, 0x01, 0x0f, 
	0x09, 0x51, 0x01, 0x0f, 0x01, 0x0f, 0x01, 0x0f, 
	0x21, 0x95, 0x09, 0x51, 0x09, 0x51, 0x01, 0x0f, 
	0x01, 0x0f, 0x4a, 0x97, 0x01, 0x0f, 0x01, 0x0f, 
	0x01, 0x0f, 0x01, 0x0f, 0x01, 0x0f, 0x01, 0x0f, 
	0x11, 0x53, 0x11, 0x53, 0x11, 0x53, 0x9c, 0x61, 
	0xfe, 0xed, 0xfe, 0xed, 0xf6, 0x6b, 0xfe, 0xed, 
	0xfe, 0xed, 0xf6, 0x6b, 0xfe, 0xed, 0xe6, 0x27, 
	0xf6, 0xad, 0xff, 0x2f, 0xff, 0x2f, 0xed, 0xe7, 
	0xdd, 0xa5, 0xe6, 0x27, 0xf6, 0xab, 0xf6, 0xab, 
	0xe5, 0xe5, 0xe5, 0xe5, 0xe5, 0xe5, 0xe5, 0xe5, 
	0xe5, 0xe5, 0xe5, 0xe5, 0xe5, 0xe5, 0xe5, 0xe5, 
	0xe5, 0xe5, 0xe5, 0xe5, 0xe5, 0xe5, 0xe5, 0xe5, 
	0xe5, 0xe5, 0xe5, 0xe5, 0xe5, 0xe5, 0xe5, 0xe5, 
	0xe5, 0xe5, 0xe5, 0xe5, 0xe5, 0xe5, 0xe5, 0xe5, 
	0xe5, 0xe5, 0xe5, 0xe5, 0xe5, 0xe5, 0xe5, 0xe5, 
	0xe5, 0xe5, 0xe5, 0xe5, 0xe5, 0xe5, 0xe5, 0xe5, 
	0xe5, 0xe5, 0xe5, 0xe5, 0xe5, 0xe5, 0xe5, 0xe5, 
	0xe5, 0xe5, 0xe5, 0xe5, 0xe5, 0xe5, 0xe5, 0xe5, 
	0xe5, 0xe5, 0xe5, 0xe5, 0xe5, 0xe5, 0xe5, 0xe5, 
	0xe5, 0xe5, 0xe5, 0xe5, 0xe5, 0xe5, 0xe5, 0xe5, 
	0xe5, 0xe5, 0xe5, 0xe5, 0xe5, 0xe5, 0xe5, 0xe5, 
	0xe5, 0xe5, 0xe5, 0xe5, 0xe5, 0xe5, 0xe5, 0xe5, 
	0xe5, 0xe5, 0xe5, 0xe5, 0xe5, 0xe5, 0xe5, 0xe5, 
	0xe5, 0xe5, 0xe5, 0xe5, 0xe5, 0xe5, 0xe5, 0xe5, 
	0xe5, 0xe5, 0xe5, 0xe5, 0xe5, 0xe5, 0xe5, 0xe5, 
	0xe5, 0xe5, 0xe5, 0xe5, 0xe5, 0xe5, 0xe5, 0xe5, 
	0xe5, 0xe5, 0xe5, 0xe5, 0xe5, 0xe5, 0xe5, 0xe5, 
	0xe5, 0xe5, 0xe5, 0xe5, 0xe5, 0xe5, 0xe5, 0xe5, 
	0xe5, 0xe5, 0xe5, 0xe5, 0xe5, 0xe5, 0xe5, 0xe5, 
	0xe5, 0xe5, 0xe5, 0xe5, 0xe5, 0xe5, 0xe5, 0xe5, 
	0xe5, 0xe5, 0xe5, 0xe5, 0xe5, 0xe5, 0xe5, 0xe5, 
	0xe5, 0xe5, 0xe5, 0xe5, 0xe5, 0xe5, 0xe5, 0xe5, 
	0xe5, 0xe5, 0xe5, 0xe5, 0xe5, 0xe5, 0xe5, 0xe5, 
	0xe5, 0xe5, 0xe5, 0xe5, 0xe5, 0xe5, 0xe5, 0xe5, 
	0xe5, 0xe5, 0xe5, 0xe5, 0xe5, 0xe5, 0xe5, 0xe5, 
	0xe5, 0xe5, 0xe5, 0xe5, 0xe5, 0xe5, 0xe5, 0xe5, 
	0xe5, 0xe5, 0xe5, 0xe5, 0xe5, 0xe5, 0xe5, 0xe5, 
	0xe5, 0xe5, 0xe5, 0xe5, 0xe5, 0xe5, 0xe5, 0xe5, 
	0xe5, 0xe5, 0xe5, 0xe5, 0xe5, 0xe5, 0xe5, 0xe5, 
	0xe5, 0xe5, 0xe5, 0xe5, 0xe5, 0xe5, 0xe5, 0xe5, 
	0xe5, 0xe5, 0xe5, 0xe5, 0xe5, 0xe5, 0xe5, 0xe5, 
	0xe5, 0xe5, 0xe5, 0xe5, 0xe5, 0xe5, 0xe5, 0xe5, 
	0xe5, 0xe5, 0xe5, 0xe5, 0xe5, 0xe5, 0xe5, 0xe5, 
	0xe5, 0xe5, 0xe5, 0xe5, 0xe5, 0xe5, 0xe5, 0xe5, 
	0xe5, 0xe5, 0xe5, 0xe5, 0xe5, 0xe5, 0xe5, 0xe5, 
	0xe5, 0xe5, 0xe5, 0xe5, 0xe5, 0xe5, 0xe5, 0xe5, 
	0xe5, 0xe5, 0xe5, 0xe5, 0xe5, 0xe5, 0xe5, 0xe5, 
	0xe5, 0xe5, 0xe5, 0xe5, 0xe5, 0xe5, 0xe5, 0xe5, 
	0xe5, 0xe5, 0xe5, 0xe5, 0xe5, 0xe5, 0xe5, 0xe5, 
	0xe5, 0xe5, 0xe5, 0xe5, 0xe5, 0xe5, 0xe5, 0xe5, 
	0xe5, 0xe5, 0xe5, 0xe5, 0xe5, 0xe5, 0xe5, 0xe5, 
	0xe5, 0xe5, 0xe5, 0xe5, 0xe5, 0xe5, 0xe5, 0xe5, 
	0xe5, 0xe5, 0xe5, 0xe5, 0xe5, 0xe5, 0xe5, 0xe5, 
	0xe5, 0xe5, 0xe5, 0xe5, 0xe5, 0xe5, 0xe5, 0xe5, 
	0xe5, 0xe5, 0xe5, 0xe5, 0xe5, 0xe5, 0xe5, 0xe5, 
	0xe5, 0xe5, 0xe5, 0xe5, 0xe5, 0xe5, 0xe5, 0xe5, 
	0xe5, 0xe5, 0xe5, 0xe5, 0xe5, 0xe5, 0xe5, 0xe5, 
	0xe5, 0xe5, 0xe5, 0xe5, 0xe5, 0xe5, 0xe5, 0xe5, 
	0xe5, 0xe5, 0xe5, 0xe5, 0xe5, 0xe5, 0xe5, 0xe5, 
	0xe5, 0xe5, 0xe5, 0xe5, 0xe5, 0xe5, 0xe5, 0xe5, 
	0xe5, 0xe5, 0xe5, 0xe5, 0xe5, 0xe5, 0xe5, 0xe5, 
	0xdd, 0xe5, 0x63, 0x1b, 0x29, 0xd5, 0x29, 0xd5, 
	0x11, 0x53, 0x01, 0x11, 0x11, 0x53, 0x11, 0x53, 
	0x21, 0xd5, 0x21, 0xd5, 0x11, 0x51, 0x32, 0x17, 
	0x21, 0x95, 0x01, 0x0f, 0x01, 0x0f, 0x01, 0x0f, 
	0x09, 0x51, 0x09, 0x51, 0x09, 0x51, 0x09, 0x51, 
	0x01, 0x0f, 0x01, 0x0f, 0x01, 0x0f, 0x01, 0x0f, 
	0x11, 0x55, 0x11, 0x55, 0x01, 0x0f, 0x01, 0x0f, 
	0x11, 0x53, 0x11, 0x53, 0x11, 0x53, 0x5a, 0xd9, 
	0xff, 0x2f, 0xff, 0x2f, 0xf6, 0x29, 0xfe, 0xed, 
	0xf6, 0x6b, 0xf6, 0x6b, 0xfe, 0xed, 0xfe, 0xed, 
	0xff, 0x2f, 0xff, 0x2f, 0xf6, 0x69, 0xf6, 0x69, 
	0xf6, 0xab, 0xf6, 0xab, 0xe6, 0x27, 0xdd, 0xa5, 
	0xe5, 0xe5, 0xe5, 0xe5, 0xe5, 0xe5, 0xe5, 0xe5, 
	0xe5, 0xe5, 0xe5, 0xe5, 0xe5, 0xe5, 0xe5, 0xe5, 
	0xe5, 0xe5, 0xe5, 0xe5, 0xe5, 0xe5, 0xe5, 0xe5, 
	0xe5, 0xe5, 0xe5, 0xe5, 0xe5, 0xe5, 0xe5, 0xe5, 
	0xe5, 0xe5, 0xe5, 0xe5, 0xe5, 0xe5, 0xe5, 0xe5, 
	0xe5, 0xe5, 0xe5, 0xe5, 0xe5, 0xe5, 0xe5, 0xe5, 
	0xe5, 0xe5, 0xe5, 0xe5, 0xe5, 0xe5, 0xe5, 0xe5, 
	0xe5, 0xe5, 0xe5, 0xe5, 0xe5, 0xe5, 0xe5, 0xe5, 
	0xe5, 0xe5, 0xe5, 0xe5, 0xe5, 0xe5, 0xe5, 0xe5, 
	0xe5, 0xe5, 0xe5, 0xe5, 0xe5, 0xe5, 0xe5, 0xe5, 
	0xe5, 0xe5, 0xe5, 0xe5, 0xe5, 0xe5, 0xe5, 0xe5, 
	0xe5, 0xe5, 0xe5, 0xe5, 0xe5, 0xe5, 0xe5, 0xe5, 
	0xe5, 0xe5, 0xe5, 0xe5, 0xe5, 0xe5, 0xe5, 0xe5, 
	0xe5, 0xe5, 0xe5, 0xe5, 0xe5, 0xe5, 0xe5, 0xe5, 
	0xe5, 0xe5, 0xe5, 0xe5, 0xe5, 0xe5, 0xe5, 0xe5, 
	0xe5, 0xe5, 0xe5, 0xe5, 0xe5, 0xe5, 0xe5, 0xe5, 
	0xe5, 0xe5, 0xe5, 0xe5, 0xe5, 0xe5, 0xe5, 0xe5, 
	0xe5, 0xe5, 0xe5, 0xe5, 0xe5, 0xe5, 0xe5, 0xe5, 
	0xe5, 0xe5, 0xe5, 0xe5, 0xe5, 0xe5, 0xe5, 0xe5, 
	0xe5, 0xe5, 0xe5, 0xe5, 0xe5, 0xe5, 0xe5, 0xe5, 
	0xe5, 0xe5, 0xe5, 0xe5, 0xe5, 0xe5, 0xe5, 0xe5, 
	0xe5, 0xe5, 0xe5, 0xe5, 0xe5, 0xe5, 0xe5, 0xe5, 
	0xe5, 0xe5, 0xe5, 0xe5, 0xe5, 0xe5, 0xe5, 0xe5, 
	0xe5, 0xe5, 0xe5, 0xe5, 0xe5, 0xe5, 0xe5, 0xe5, 
	0xe5, 0xe5, 0xe5, 0xe5, 0xe5, 0xe5, 0xe5, 0xe5, 
	0xe5, 0xe5, 0xe5, 0xe5, 0xe5, 0xe5, 0xe5, 0xe5, 
	0xe5, 0xe5, 0xe5, 0xe5, 0xe5, 0xe5, 0xe5, 0xe5, 
	0xe5, 0xe5, 0xe5, 0xe5, 0xe5, 0xe5, 0xe5, 0xe5, 
	0xe5, 0xe5, 0xe5, 0xe5, 0xe5, 0xe5, 0xe5, 0xe5, 
	0xe5, 0xe5, 0xe5, 0xe5, 0xe5, 0xe5, 0xe5, 0xe5, 
	0xe5, 0xe5, 0xe5, 0xe5, 0xe5, 0xe5, 0xe5, 0xe5, 
	0xe5, 0xe5, 0xe5, 0xe5, 0xe5, 0xe5, 0xe5, 0xe5, 
	0xe5, 0xe5, 0xe5, 0xe5, 0xe5, 0xe5, 0xe5, 0xe5, 
	0xe5, 0xe5, 0xe5, 0xe5, 0xe5, 0xe5, 0xe5, 0xe5, 
	0xe5, 0xe5, 0xe5, 0xe5, 0xe5, 0xe5, 0xe5, 0xe5, 
	0xe5, 0xe5, 0xe5, 0xe5, 0xe5, 0xe5, 0xe5, 0xe5, 
	0xe5, 0xe5, 0xe5, 0xe5, 0xe5, 0xe5, 0xe5, 0xe5, 
	0xe5, 0xe5, 0xe5, 0xe5, 0xe5, 0xe5, 0xe5, 0xe5, 
	0xe5, 0xe5, 0xe5, 0xe5, 0xe5, 0xe5, 0xe5, 0xe5, 
	0xe5, 0xe5, 0xe5, 0xe5, 0xe5, 0xe5, 0xe5, 0xe5, 
	0xe5, 0xe5, 0xe5, 0xe5, 0xe5, 0xe5, 0xe5, 0xe5, 
	0xe5, 0xe5, 0xe5, 0xe5, 0xe5, 0xe5, 0xe5, 0xe5, 
	0xe5, 0xe5, 0xe5, 0xe5, 0xe5, 0xe5, 0xe5, 0xe5, 
	0xe5, 0xe5, 0xe5, 0xe5, 0xe5, 0xe5, 0xe5, 0xe5, 
	0xe5, 0xe5, 0xe5, 0xe5, 0xe5, 0xe5, 0xe5, 0xe5, 
	0xe5, 0xe5, 0xe5, 0xe5, 0xe5, 0xe5, 0xe5, 0xe5, 
	0xe5, 0xe5, 0xe5, 0xe5, 0xe5, 0xe5, 0xe5, 0xe5, 
	0xe5, 0xe5, 0xe5, 0xe5, 0xe5, 0xe5, 0xe5, 0xe5, 
	0xe5, 0xe5, 0xe5, 0xe5, 0xe5, 0xe5, 0xe5, 0xe5, 
	0xe5, 0xe5, 0xe5, 0xe5, 0xe5, 0xe5, 0xe5, 0xe5, 
	0xe5, 0xe5, 0xe5, 0xe5, 0xe5, 0xe5, 0xe5, 0xe5, 
	0xe5, 0xe5, 0xe5, 0xe5, 0xe5, 0xe5, 0xe5, 0xe5, 
	0x63, 0x1b, 0x3a, 0x15, 0x3a, 0x15, 0x3a, 0x15, 
	0x21, 0xd3, 0x21, 0xd3, 0x21, 0xd3, 0x32, 0x15, 
	0x42, 0x57, 0x29, 0xd5, 0x09, 0x11, 0x29, 0xd5, 
	0x11, 0x51, 0x63, 0x1b, 0x29, 0xd5, 0x11, 0x51, 
	0x32, 0x17, 0x01, 0x11, 0x01, 0x11, 0x11, 0x53, 
	0x11, 0x53, 0x11, 0x53, 0x3a, 0x57, 0x11, 0x53, 
	0x09, 0x11, 0x21, 0x93, 0x09, 0x11, 0x09, 0x11, 
	0x00, 0xcf, 0x00, 0xcf, 0x11, 0x53, 0x32, 0x19, 
	0xfe, 0xeb, 0xfe, 0xeb, 0xfe, 0xeb, 0xcd, 0x65, 
	0xf6, 0xad, 0xf6, 0xad, 0xff, 0x2f, 0xf6, 0xad, 
	0xff, 0x2f, 0xff, 0x2f, 0xe5, 0xe7, 0xff, 0x2f, 
	0xff, 0xf5, 0xff, 0xb3, 0xff, 0xf5, 0xff, 0xb3, 
	0xff, 0x2f, 0xee, 0x69, 0xe5, 0xe5, 0xe5, 0xe5, 
	0xe5, 0xe5, 0xe5, 0xe5, 0xe5, 0xe5, 0xe5, 0xe5, 
	0xe5, 0xe5, 0xe5, 0xe5, 0xe5, 0xe5, 0xe5, 0xe5, 
	0xe5, 0xe5, 0xe5, 0xe5, 0xe5, 0xe5, 0xe5, 0xe5, 
	0xe5, 0xe5, 0xe5, 0xe5, 0xe5, 0xe5, 0xe5, 0xe5, 
	0xe5, 0xe5, 0xe5, 0xe5, 0xe5, 0xe5, 0xe5, 0xe5, 
	0xe5, 0xe5, 0xe5, 0xe5, 0xe5, 0xe5, 0xe5, 0xe5, 
	0xe5, 0xe5, 0xe5, 0xe5, 0xe5, 0xe5, 0xe5, 0xe5, 
	0xe5, 0xe5, 0xe5, 0xe5, 0xe5, 0xe5, 0xe5, 0xe5, 
	0xe5, 0xe5, 0xe5, 0xe5, 0xe5, 0xe5, 0xe5, 0xe5, 
	0xe5, 0xe5, 0xe5, 0xe5, 0xe5, 0xe5, 0xe5, 0xe5, 
	0xe5, 0xe5, 0xe5, 0xe5, 0xe5, 0xe5, 0xe5, 0xe5, 
	0xe5, 0xe5, 0xe5, 0xe5, 0xe5, 0xe5, 0xe5, 0xe5, 
	0xe5, 0xe5, 0xe5, 0xe5, 0xe5, 0xe5, 0xe5, 0xe5, 
	0xe5, 0xe5, 0xe5, 0xe5, 0xe5, 0xe5, 0xe5, 0xe5, 
	0xe5, 0xe5, 0xe5, 0xe5, 0xe5, 0xe5, 0xe5, 0xe5, 
	0xe5, 0xe5, 0xe5, 0xe5, 0xe5, 0xe5, 0xe5, 0xe5, 
	0xe5, 0xe5, 0xe5, 0xe5, 0xe5, 0xe5, 0xe5, 0xe5, 
	0xe5, 0xe5, 0xe5, 0xe5, 0xe5, 0xe5, 0xe5, 0xe5, 
	0xe5, 0xe5, 0xe5, 0xe5, 0xe5, 0xe5, 0xe5, 0xe5, 
	0xe5, 0xe5, 0xe5, 0xe5, 0xe5, 0xe5, 0xe5, 0xe5, 
	0xe5, 0xe5, 0xe5, 0xe5, 0xe5, 0xe5, 0xe5, 0xe5, 
	0xe5, 0xe5, 0xe5, 0xe5, 0xe5, 0xe5, 0xe5, 0xe5, 
	0xe5, 0xe5, 0xe5, 0xe5, 0xe5, 0xe5, 0xe5, 0xe5, 
	0xe5, 0xe5, 0xe5, 0xe5, 0xe5, 0xe5, 0xe5, 0xe5, 
	0xe5, 0xe5, 0xe5, 0xe5, 0xe5, 0xe5, 0xe5, 0xe5, 
	0xe5, 0xe5, 0xe5, 0xe5, 0xe5, 0xe5, 0xe5, 0xe5, 
	0xe5, 0xe5, 0xe5, 0xe5, 0xe5, 0xe5, 0xe5, 0xe5, 
	0xe5, 0xe5, 0xe5, 0xe5, 0xe5, 0xe5, 0xe5, 0xe5, 
	0xe5, 0xe5, 0xe5, 0xe5, 0xe5, 0xe5, 0xe5, 0xe5, 
	0xe5, 0xe5, 0xe5, 0xe5, 0xe5, 0xe5, 0xe5, 0xe5, 
	0xe5, 0xe5, 0xe5, 0xe5, 0xe5, 0xe5, 0xe5, 0xe5, 
	0xe5, 0xe5, 0xe5, 0xe5, 0xe5, 0xe5, 0xe5, 0xe5, 
	0xe5, 0xe5, 0xe5, 0xe5, 0xe5, 0xe5, 0xe5, 0xe5, 
	0xe5, 0xe5, 0xe5, 0xe5, 0xe5, 0xe5, 0xe5, 0xe5, 
	0xe5, 0xe5, 0xe5, 0xe5, 0xe5, 0xe5, 0xe5, 0xe5, 
	0xe5, 0xe5, 0xe5, 0xe5, 0xe5, 0xe5, 0xe5, 0xe5, 
	0xe5, 0xe5, 0xe5, 0xe5, 0xe5, 0xe5, 0xe5, 0xe5, 
	0xe5, 0xe5, 0xe5, 0xe5, 0xe5, 0xe5, 0xe5, 0xe5, 
	0xe5, 0xe5, 0xe5, 0xe5, 0xe5, 0xe5, 0xe5, 0xe5, 
	0xe5, 0xe5, 0xe5, 0xe5, 0xe5, 0xe5, 0xe5, 0xe5, 
	0xe5, 0xe5, 0xe5, 0xe5, 0xe5, 0xe5, 0xe5, 0xe5, 
	0xe5, 0xe5, 0xe5, 0xe5, 0xe5, 0xe5, 0xe5, 0xe5, 
	0xe5, 0xe5, 0xe5, 0xe5, 0xe5, 0xe5, 0xe5, 0xe5, 
	0xe5, 0xe5, 0xe5, 0xe5, 0xe5, 0xe5, 0xe5, 0xe5, 
	0xe5, 0xe5, 0xe5, 0xe5, 0xe5, 0xe5, 0xe5, 0xe5, 
	0xe5, 0xe5, 0xe5, 0xe5, 0xe5, 0xe5, 0xe5, 0xe5, 
	0xe5, 0xe5, 0xe5, 0xe5, 0xe5, 0xe5, 0xe5, 0xe5, 
	0xe5, 0xe5, 0xe5, 0xe5, 0xe5, 0xe5, 0xe5, 0xe5, 
	0xe5, 0xe5, 0xe5, 0xe5, 0xe5, 0xe5, 0xe5, 0xe5, 
	0xe5, 0xe5, 0xe5, 0xe5, 0xe5, 0xe5, 0xe5, 0xe5, 
	0xe5, 0xe5, 0xe5, 0xe5, 0xe5, 0xe5, 0xe5, 0xe5, 
	0x4a, 0x99, 0x3a, 0x15, 0x3a, 0x15, 0x3a, 0x15, 
	0x32, 0x15, 0x32, 0x15, 0x21, 0xd3, 0x21, 0xd3, 
	0x29, 0xd5, 0x29, 0xd5, 0x29, 0xd5, 0x09, 0x11, 
	0x11, 0x51, 0x11, 0x51, 0x11, 0x51, 0x11, 0x51, 
	0x21, 0xd5, 0x21, 0xd5, 0x01, 0x11, 0x11, 0x53, 
	0x29, 0xd5, 0x3a, 0x57, 0x52, 0x99, 0x11, 0x53, 
	0x09, 0x11, 0x52, 0xd9, 0x3a, 0x57, 0x09, 0x11, 
	0x11, 0x53, 0x11, 0x53, 0x11, 0x53, 0x21, 0x95, 
	0xcd, 0x65, 0xfe, 0xeb, 0xfe, 0xeb, 0xfe, 0xeb, 
	0xed, 0xe7, 0xf6, 0xad, 0xff, 0x2f, 0xf6, 0xad, 
	0xf6, 0xad, 0xee, 0x29, 0xf6, 0xad, 0xff, 0x2f, 
	0xff, 0xb3, 0xff, 0xb3, 0xff, 0xb3, 0xff, 0xb3, 
	0xff, 0x2f, 0xf6, 0xab, 0xe5, 0xe5, 0xe5, 0xe5, 
	0xe5, 0xe5, 0xe5, 0xe5, 0xe5, 0xe5, 0xe5, 0xe5, 
	0xe5, 0xe5, 0xe5, 0xe5, 0xe5, 0xe5, 0xe5, 0xe5, 
	0xe5, 0xe5, 0xe5, 0xe5, 0xe5, 0xe5, 0xe5, 0xe5, 
	0xe5, 0xe5, 0xe5, 0xe5, 0xe5, 0xe5, 0xe5, 0xe5, 
	0xe5, 0xe5, 0xe5, 0xe5, 0xe5, 0xe5, 0xe5, 0xe5, 
	0xe5, 0xe5, 0xe5, 0xe5, 0xe5, 0xe5, 0xe5, 0xe5, 
	0xe5, 0xe5, 0xe5, 0xe5, 0xe5, 0xe5, 0xe5, 0xe5, 
	0xe5, 0xe5, 0xe5, 0xe5, 0xe5, 0xe5, 0xe5, 0xe5, 
	0xe5, 0xe5, 0xe5, 0xe5, 0xe5, 0xe5, 0xe5, 0xe5, 
	0xe5, 0xe5, 0xe5, 0xe5, 0xe5, 0xe5, 0xe5, 0xe5, 
	0xe5, 0xe5, 0xe5, 0xe5, 0xe5, 0xe5, 0xe5, 0xe5, 
	0xe5, 0xe5, 0xe5, 0xe5, 0xe5, 0xe5, 0xe5, 0xe5, 
	0xe5, 0xe5, 0xe5, 0xe5, 0xe5, 0xe5, 0xe5, 0xe5, 
	0xe5, 0xe5, 0xe5, 0xe5, 0xe5, 0xe5, 0xe5, 0xe5, 
	0xe5, 0xe5, 0xe5, 0xe5, 0xe5, 0xe5, 0xe5, 0xe5, 
	0xe5, 0xe5, 0xe5, 0xe5, 0xe5, 0xe5, 0xe5, 0xe5, 
	0xe5, 0xe5, 0xe5, 0xe5, 0xe5, 0xe5, 0xe5, 0xe5, 
	0xe5, 0xe5, 0xe5, 0xe5, 0xe5, 0xe5, 0xe5, 0xe5, 
	0xe5, 0xe5, 0xe5, 0xe5, 0xe5, 0xe5, 0xe5, 0xe5, 
	0xe5, 0xe5, 0xe5, 0xe5, 0xe5, 0xe5, 0xe5, 0xe5, 
	0xe5, 0xe5, 0xe5, 0xe5, 0xe5, 0xe5, 0xe5, 0xe5, 
	0xe5, 0xe5, 0xe5, 0xe5, 0xe5, 0xe5, 0xe5, 0xe5, 
	0xe5, 0xe5, 0xe5, 0xe5, 0xe5, 0xe5, 0xe5, 0xe5, 
	0xe5, 0xe5, 0xe5, 0xe5, 0xe5, 0xe5, 0xe5, 0xe5, 
	0xe5, 0xe5, 0xe5, 0xe5, 0xe5, 0xe5, 0xe5, 0xe5, 
	0xe5, 0xe5, 0xe5, 0xe5, 0xe5, 0xe5, 0xe5, 0xe5, 
	0xe5, 0xe5, 0xe5, 0xe5, 0xe5, 0xe5, 0xe5, 0xe5, 
	0xe5, 0xe5, 0xe5, 0xe5, 0xe5, 0xe5, 0xe5, 0xe5, 
	0xe5, 0xe5, 0xe5, 0xe5, 0xe5, 0xe5, 0xe5, 0xe5, 
	0xe5, 0xe5, 0xe5, 0xe5, 0xe5, 0xe5, 0xe5, 0xe5, 
	0xe5, 0xe5, 0xe5, 0xe5, 0xe5, 0xe5, 0xe5, 0xe5, 
	0xe5, 0xe5, 0xe5, 0xe5, 0xe5, 0xe5, 0xe5, 0xe5, 
	0xe5, 0xe5, 0xe5, 0xe5, 0xe5, 0xe5, 0xe5, 0xe5, 
	0xe5, 0xe5, 0xe5, 0xe5, 0xe5, 0xe5, 0xe5, 0xe5, 
	0xe5, 0xe5, 0xe5, 0xe5, 0xe5, 0xe5, 0xe5, 0xe5, 
	0xe5, 0xe5, 0xe5, 0xe5, 0xe5, 0xe5, 0xe5, 0xe5, 
	0xe5, 0xe5, 0xe5, 0xe5, 0xe5, 0xe5, 0xe5, 0xe5, 
	0xe5, 0xe5, 0xe5, 0xe5, 0xe5, 0xe5, 0xe5, 0xe5, 
	0xe5, 0xe5, 0xe5, 0xe5, 0xe5, 0xe5, 0xe5, 0xe5, 
	0xe5, 0xe5, 0xe5, 0xe5, 0xe5, 0xe5, 0xe5, 0xe5, 
	0xe5, 0xe5, 0xe5, 0xe5, 0xe5, 0xe5, 0xe5, 0xe5, 
	0xe5, 0xe5, 0xe5, 0xe5, 0xe5, 0xe5, 0xe5, 0xe5, 
	0xe5, 0xe5, 0xe5, 0xe5, 0xe5, 0xe5, 0xe5, 0xe5, 
	0xe5, 0xe5, 0xe5, 0xe5, 0xe5, 0xe5, 0xe5, 0xe5, 
	0xe5, 0xe5, 0xe5, 0xe5, 0xe5, 0xe5, 0xe5, 0xe5, 
	0xe5, 0xe5, 0xe5, 0xe5, 0xe5, 0xe5, 0xe5, 0xe5, 
	0xe5, 0xe5, 0xe5, 0xe5, 0xe5, 0xe5, 0xe5, 0xe5, 
	0xe5, 0xe5, 0xe5, 0xe5, 0xe5, 0xe5, 0xe5, 0xe5, 
	0xe5, 0xe5, 0xe5, 0xe5, 0xe5, 0xe5, 0xe5, 0xe5, 
	0xe5, 0xe5, 0xe5, 0xe5, 0xe5, 0xe5, 0xe5, 0xe5, 
	0xe5, 0xe5, 0xe5, 0xe5, 0xe5, 0xe5, 0x9c, 0x5f, 
	0x4a, 0x99, 0x4a, 0x99, 0x3a, 0x15, 0x3a, 0x15, 
	0x3a, 0x17, 0x3a, 0x17, 0x21, 0xd3, 0x19, 0x91, 
	0x29, 0xd5, 0x09, 0x11, 0x29, 0xd5, 0x63, 0x1b, 
	0x11, 0x51, 0x29, 0xd5, 0x4a, 0x97, 0x29, 0xd5, 
	0x11, 0x53, 0x21, 0xd5, 0x01, 0x11, 0x01, 0x11, 
	0x11, 0x53, 0x11, 0x53, 0x11, 0x53, 0x11, 0x53, 
	0x09, 0x11, 0x09, 0x11, 0x09, 0x11, 0x09, 0x11, 
	0x11, 0x53, 0x11, 0x53, 0x11, 0x53, 0x11, 0x53, 
	0x94, 0x1f, 0xfe, 0xeb, 0xfe, 0xeb, 0xfe, 0xeb, 
	0xff, 0x2f, 0xf6, 0xad, 0xf6, 0xad, 0xed, 0xe7, 
	0xf6, 0xad, 0xff, 0x2f, 0xff, 0x2f, 0xff, 0x2f, 
	0xff, 0xf5, 0xff, 0xb3, 0xff, 0x2f, 0xff, 0xb3, 
	0xff, 0x2f, 0xff, 0x2f, 0xee, 0x69, 0xe5, 0xe5, 
	0xe5, 0xe5, 0xe5, 0xe5, 0xe5, 0xe5, 0xe5, 0xe5, 
	0xe5, 0xe5, 0xe5, 0xe5, 0xe5, 0xe5, 0xe5, 0xe5, 
	0xe5, 0xe5, 0xe5, 0xe5, 0xe5, 0xe5, 0xe5, 0xe5, 
	0xe5, 0xe5, 0xe5, 0xe5, 0xe5, 0xe5, 0xe5, 0xe5, 
	0xe5, 0xe5, 0xe5, 0xe5, 0xe5, 0xe5, 0xe5, 0xe5, 
	0xe5, 0xe5, 0xe5, 0xe5, 0xe5, 0xe5, 0xe5, 0xe5, 
	0xe5, 0xe5, 0xe5, 0xe5, 0xe5, 0xe5, 0xe5, 0xe5, 
	0xe5, 0xe5, 0xe5, 0xe5, 0xe5, 0xe5, 0xe5, 0xe5, 
	0xe5, 0xe5, 0xe5, 0xe5, 0xe5, 0xe5, 0xe5, 0xe5, 
	0xe5, 0xe5, 0xe5, 0xe5, 0xe5, 0xe5, 0xe5, 0xe5, 
	0xe5, 0xe5, 0xe5, 0xe5, 0xe5, 0xe5, 0xe5, 0xe5, 
	0xe5, 0xe5, 0xe5, 0xe5, 0xe5, 0xe5, 0xe5, 0xe5, 
	0xe5, 0xe5, 0xe5, 0xe5, 0xe5, 0xe5, 0xe5, 0xe5, 
	0xe5, 0xe5, 0xe5, 0xe5, 0xe5, 0xe5, 0xe5, 0xe5, 
	0xe5, 0xe5, 0xe5, 0xe5, 0xe5, 0xe5, 0xe5, 0xe5, 
	0xe5, 0xe5, 0xe5, 0xe5, 0xe5, 0xe5, 0xe5, 0xe5, 
	0xe5, 0xe5, 0xe5, 0xe5, 0xe5, 0xe5, 0xe5, 0xe5, 
	0xe5, 0xe5, 0xe5, 0xe5, 0xe5, 0xe5, 0xe5, 0xe5, 
	0xe5, 0xe5, 0xe5, 0xe5, 0xe5, 0xe5, 0xe5, 0xe5, 
	0xe5, 0xe5, 0xe5, 0xe5, 0xe5, 0xe5, 0xe5, 0xe5, 
	0xe5, 0xe5, 0xe5, 0xe5, 0xe5, 0xe5, 0xe5, 0xe5, 
	0xe5, 0xe5, 0xe5, 0xe5, 0xe5, 0xe5, 0xe5, 0xe5, 
	0xe5, 0xe5, 0xe5, 0xe5, 0xe5, 0xe5, 0xe5, 0xe5, 
	0xe5, 0xe5, 0xe5, 0xe5, 0xe5, 0xe5, 0xe5, 0xe5, 
	0xe5, 0xe5, 0xe5, 0xe5, 0xe5, 0xe5, 0xe5, 0xe5, 
	0xe5, 0xe5, 0xe5, 0xe5, 0xe5, 0xe5, 0xe5, 0xe5, 
	0xe5, 0xe5, 0xe5, 0xe5, 0xe5, 0xe5, 0xe5, 0xe5, 
	0xe5, 0xe5, 0xe5, 0xe5, 0xe5, 0xe5, 0xe5, 0xe5, 
	0xe5, 0xe5, 0xe5, 0xe5, 0xe5, 0xe5, 0xe5, 0xe5, 
	0xe5, 0xe5, 0xe5, 0xe5, 0xe5, 0xe5, 0xe5, 0xe5, 
	0xe5, 0xe5, 0xe5, 0xe5, 0xe5, 0xe5, 0xe5, 0xe5, 
	0xe5, 0xe5, 0xe5, 0xe5, 0xe5, 0xe5, 0xe5, 0xe5, 
	0xe5, 0xe5, 0xe5, 0xe5, 0xe5, 0xe5, 0xe5, 0xe5, 
	0xe5, 0xe5, 0xe5, 0xe5, 0xe5, 0xe5, 0xe5, 0xe5, 
	0xe5, 0xe5, 0xe5, 0xe5, 0xe5, 0xe5, 0xe5, 0xe5, 
	0xe5, 0xe5, 0xe5, 0xe5, 0xe5, 0xe5, 0xe5, 0xe5, 
	0xe5, 0xe5, 0xe5, 0xe5, 0xe5, 0xe5, 0xe5, 0xe5, 
	0xe5, 0xe5, 0xe5, 0xe5, 0xe5, 0xe5, 0xe5, 0xe5, 
	0xe5, 0xe5, 0xe5, 0xe5, 0xe5, 0xe5, 0xe5, 0xe5, 
	0xe5, 0xe5, 0xe5, 0xe5, 0xe5, 0xe5, 0xe5, 0xe5, 
	0xe5, 0xe5, 0xe5, 0xe5, 0xe5, 0xe5, 0xe5, 0xe5, 
	0xe5, 0xe5, 0xe5, 0xe5, 0xe5, 0xe5, 0xe5, 0xe5, 
	0xe5, 0xe5, 0xe5, 0xe5, 0xe5, 0xe5, 0xe5, 0xe5, 
	0xe5, 0xe5, 0xe5, 0xe5, 0xe5, 0xe5, 0xe5, 0xe5, 
	0xe5, 0xe5, 0xe5, 0xe5, 0xe5, 0xe5, 0xe5, 0xe5, 
	0xe5, 0xe5, 0xe5, 0xe5, 0xe5, 0xe5, 0xe5, 0xe5, 
	0xe5, 0xe5, 0xe5, 0xe5, 0xe5, 0xe5, 0xe5, 0xe5, 
	0xe5, 0xe5, 0xe5, 0xe5, 0xe5, 0xe5, 0xe5, 0xe5, 
	0xe5, 0xe5, 0xe5, 0xe5, 0xe5, 0xe5, 0xe5, 0xe5, 
	0xe5, 0xe5, 0xe5, 0xe5, 0xe5, 0xe5, 0xe5, 0xe5, 
	0xe5, 0xe5, 0xe5, 0xe5, 0xe5, 0xe5, 0x52, 0xd9, 
	0x21, 0x93, 0x21, 0x93, 0x3a, 0x15, 0x3a, 0x15, 
	0x32, 0x15, 0x3a, 0x17, 0x21, 0xd3, 0x19, 0x91, 
	0x09, 0x11, 0x09, 0x11, 0x29, 0xd5, 0x42, 0x57, 
	0x29, 0xd5, 0x11, 0x51, 0x29, 0xd5, 0x11, 0x51, 
	0x11, 0x53, 0x11, 0x53, 0x11, 0x53, 0x01, 0x11, 
	0x11, 0x53, 0x11, 0x53, 0x11, 0x53, 0x11, 0x53, 
	0x09, 0x11, 0x09, 0x11, 0x09, 0x11, 0x09, 0x11, 
	0x11, 0x53, 0x11, 0x53, 0x11, 0x53, 0x11, 0x53, 
	0x62, 0xd9, 0xcd, 0x65, 0xfe, 0xeb, 0xfe, 0xeb, 
	0xff, 0x2f, 0xf6, 0xad, 0xf6, 0xad, 0xed, 0xe7, 
	0xff, 0x2f, 0xff, 0x2f, 0xff, 0x2f, 0xf6, 0xad, 
	0xff, 0xb3, 0xff, 0xb3, 0xfe, 0xed, 0xff, 0x2f, 
	0xf6, 0xab, 0xff, 0x2f, 0xf6, 0xab, 0xe5, 0xe5, 
	0xe5, 0xe5, 0xe5, 0xe5, 0xe5, 0xe5, 0xe5, 0xe5, 
	0xe5, 0xe5, 0xe5, 0xe5, 0xe5, 0xe5, 0xe5, 0xe5, 
	0xe5, 0xe5, 0xe5, 0xe5, 0xe5, 0xe5, 0xe5, 0xe5, 
	0xe5, 0xe5, 0xe5, 0xe5, 0xe5, 0xe5, 0xe5, 0xe5, 
	0xe5, 0xe5, 0xe5, 0xe5, 0xe5, 0xe5, 0xe5, 0xe5, 
	0xe5, 0xe5, 0xe5, 0xe5, 0xe5, 0xe5, 0xe5, 0xe5, 
	0xe5, 0xe5, 0xe5, 0xe5, 0xe5, 0xe5, 0xe5, 0xe5, 
	0xe5, 0xe5, 0xe5, 0xe5, 0xe5, 0xe5, 0xe5, 0xe5, 
	0xe5, 0xe5, 0xe5, 0xe5, 0xe5, 0xe5, 0xe5, 0xe5, 
	0xe5, 0xe5, 0xe5, 0xe5, 0xe5, 0xe5, 0xe5, 0xe5, 
	0xe5, 0xe5, 0xe5, 0xe5, 0xe5, 0xe5, 0xe5, 0xe5, 
	0xe5, 0xe5, 0xe5, 0xe5, 0xe5, 0xe5, 0xe5, 0xe5, 
	0xe5, 0xe5, 0xe5, 0xe5, 0xe5, 0xe5, 0xe5, 0xe5, 
	0xe5, 0xe5, 0xe5, 0xe5, 0xe5, 0xe5, 0xe5, 0xe5, 
	0xe5, 0xe5, 0xe5, 0xe5, 0xe5, 0xe5, 0xe5, 0xe5, 
	0xe5, 0xe5, 0xe5, 0xe5, 0xe5, 0xe5, 0xe5, 0xe5, 
	0xe5, 0xe5, 0xe5, 0xe5, 0xe5, 0xe5, 0xe5, 0xe5, 
	0xe5, 0xe5, 0xe5, 0xe5, 0xe5, 0xe5, 0xe5, 0xe5, 
	0xe5, 0xe5, 0xe5, 0xe5, 0xe5, 0xe5, 0xe5, 0xe5, 
	0xe5, 0xe5, 0xe5, 0xe5, 0xe5, 0xe5, 0xe5, 0xe5, 
	0xe5, 0xe5, 0xe5, 0xe5, 0xe5, 0xe5, 0xe5, 0xe5, 
	0xe5, 0xe5, 0xe5, 0xe5, 0xe5, 0xe5, 0xe5, 0xe5, 
	0xe5, 0xe5, 0xe5, 0xe5, 0xe5, 0xe5, 0xe5, 0xe5, 
	0xe5, 0xe5, 0xe5, 0xe5, 0xe5, 0xe5, 0xe5, 0xe5, 
	0xe5, 0xe5, 0xe5, 0xe5, 0xe5, 0xe5, 0xe5, 0xe5, 
	0xe5, 0xe5, 0xe5, 0xe5, 0xe5, 0xe5, 0xe5, 0xe5, 
	0xe5, 0xe5, 0xe5, 0xe5, 0xe5, 0xe5, 0xe5, 0xe5, 
	0xe5, 0xe5, 0xe5, 0xe5, 0xe5, 0xe5, 0xe5, 0xe5, 
	0xe5, 0xe5, 0xe5, 0xe5, 0xe5, 0xe5, 0xe5, 0xe5, 
	0xe5, 0xe5, 0xe5, 0xe5, 0xe5, 0xe5, 0xe5, 0xe5, 
	0xe5, 0xe5, 0xe5, 0xe5, 0xe5, 0xe5, 0xe5, 0xe5, 
	0xe5, 0xe5, 0xe5, 0xe5, 0xe5, 0xe5, 0xe5, 0xe5, 
	0xe5, 0xe5, 0xe5, 0xe5, 0xe5, 0xe5, 0xe5, 0xe5, 
	0xe5, 0xe5, 0xe5, 0xe5, 0xe5, 0xe5, 0xe5, 0xe5, 
	0xe5, 0xe5, 0xe5, 0xe5, 0xe5, 0xe5, 0xe5, 0xe5, 
	0xe5, 0xe5, 0xe5, 0xe5, 0xe5, 0xe5, 0xe5, 0xe5, 
	0xe5, 0xe5, 0xe5, 0xe5, 0xe5, 0xe5, 0xe5, 0xe5, 
	0xe5, 0xe5, 0xe5, 0xe5, 0xe5, 0xe5, 0xe5, 0xe5, 
	0xe5, 0xe5, 0xe5, 0xe5, 0xe5, 0xe5, 0xe5, 0xe5, 
	0xe5, 0xe5, 0xe5, 0xe5, 0xe5, 0xe5, 0xe5, 0xe5, 
	0xe5, 0xe5, 0xe5, 0xe5, 0xe5, 0xe5, 0xe5, 0xe5, 
	0xe5, 0xe5, 0xe5, 0xe5, 0xe5, 0xe5, 0xe5, 0xe5, 
	0xe5, 0xe5, 0xe5, 0xe5, 0xe5, 0xe5, 0xe5, 0xe5, 
	0xe5, 0xe5, 0xe5, 0xe5, 0xe5, 0xe5, 0xe5, 0xe5, 
	0xe5, 0xe5, 0xe5, 0xe5, 0xe5, 0xe5, 0xe5, 0xe5, 
	0xe5, 0xe5, 0xe5, 0xe5, 0xe5, 0xe5, 0xe5, 0xe5, 
	0xe5, 0xe5, 0xe5, 0xe5, 0xe5, 0xe5, 0xe5, 0xe5, 
	0xe5, 0xe5, 0xe5, 0xe5, 0xe5, 0xe5, 0xe5, 0xe5, 
	0xe5, 0xe5, 0xe5, 0xe5, 0xe5, 0xe5, 0xe5, 0xe5, 
	0xe5, 0xe5, 0xe5, 0xe5, 0xe5, 0xe5, 0xe5, 0xe5, 
	0xd5, 0xa5, 0xd5, 0xa5, 0x4a, 0x99, 0x4a, 0x99, 
	0x2a, 0x15, 0x2a, 0x15, 0x3a, 0x57, 0x21, 0x93, 
	0x19, 0x93, 0x19, 0x93, 0x19, 0x93, 0x19, 0x93, 
	0x01, 0x0f, 0x01, 0x0f, 0x01, 0x0f, 0x01, 0x0f, 
	0x19, 0x93, 0x01, 0x0f, 0x01, 0x0f, 0x01, 0x0f, 
	0x01, 0x0f, 0x01, 0x0f, 0x01, 0x0f, 0x01, 0x0f, 
	0x01, 0x0f, 0x01, 0x0f, 0x01, 0x0f, 0x01, 0x0f, 
	0x01, 0x0f, 0x01, 0x0f, 0x01, 0x0f, 0x01, 0x0f, 
	0x01, 0x11, 0x01, 0x11, 0x21, 0x95, 0x21, 0x95, 
	0x29, 0xd5, 0xfe, 0xed, 0xfe, 0xed, 0xfe, 0xed, 
	0xfe, 0xed, 0xfe, 0xed, 0xfe, 0xed, 0xfe, 0xed, 
	0xfe, 0xed, 0xfe, 0xed, 0xfe, 0xed, 0xfe, 0xed, 
	0xf6, 0xad, 0xe5, 0xe7, 0xee, 0x29, 0xf6, 0xad, 
	0xe5, 0xe5, 0xf6, 0xeb, 0xee, 0x69, 0xe5, 0xe5, 
	0xe5, 0xe5, 0xe5, 0xe5, 0xe5, 0xe5, 0xe5, 0xe5, 
	0xe5, 0xe5, 0xe5, 0xe5, 0xe5, 0xe5, 0xe5, 0xe5, 
	0xe5, 0xe5, 0xe5, 0xe5, 0xe5, 0xe5, 0xe5, 0xe5, 
	0xe5, 0xe5, 0xe5, 0xe5, 0xe5, 0xe5, 0xe5, 0xe5, 
	0xe5, 0xe5, 0xe5, 0xe5, 0xe5, 0xe5, 0xe5, 0xe5, 
	0xe5, 0xe5, 0xe5, 0xe5, 0xe5, 0xe5, 0xe5, 0xe5, 
	0xe5, 0xe5, 0xe5, 0xe5, 0xe5, 0xe5, 0xe5, 0xe5, 
	0xe5, 0xe5, 0xe5, 0xe5, 0xe5, 0xe5, 0xe5, 0xe5, 
	0xe5, 0xe5, 0xe5, 0xe5, 0xe5, 0xe5, 0xe5, 0xe5, 
	0xe5, 0xe5, 0xe5, 0xe5, 0xe5, 0xe5, 0xe5, 0xe5, 
	0xe5, 0xe5, 0xe5, 0xe5, 0xe5, 0xe5, 0xe5, 0xe5, 
	0xe5, 0xe5, 0xe5, 0xe5, 0xe5, 0xe5, 0xe5, 0xe5, 
	0xe5, 0xe5, 0xe5, 0xe5, 0xe5, 0xe5, 0xe5, 0xe5, 
	0xe5, 0xe5, 0xe5, 0xe5, 0xe5, 0xe5, 0xe5, 0xe5, 
	0xe5, 0xe5, 0xe5, 0xe5, 0xe5, 0xe5, 0xe5, 0xe5, 
	0xe5, 0xe5, 0xe5, 0xe5, 0xe5, 0xe5, 0xe5, 0xe5, 
	0xe5, 0xe5, 0xe5, 0xe5, 0xe5, 0xe5, 0xe5, 0xe5, 
	0xe5, 0xe5, 0xe5, 0xe5, 0xe5, 0xe5, 0xe5, 0xe5, 
	0xe5, 0xe5, 0xe5, 0xe5, 0xe5, 0xe5, 0xe5, 0xe5, 
	0xe5, 0xe5, 0xe5, 0xe5, 0xe5, 0xe5, 0xe5, 0xe5, 
	0xe5, 0xe5, 0xe5, 0xe5, 0xe5, 0xe5, 0xe5, 0xe5, 
	0xe5, 0xe5, 0xe5, 0xe5, 0xe5, 0xe5, 0xe5, 0xe5, 
	0xe5, 0xe5, 0xe5, 0xe5, 0xe5, 0xe5, 0xe5, 0xe5, 
	0xe5, 0xe5, 0xe5, 0xe5, 0xe5, 0xe5, 0xe5, 0xe5, 
	0xe5, 0xe5, 0xe5, 0xe5, 0xe5, 0xe5, 0xe5, 0xe5, 
	0xe5, 0xe5, 0xe5, 0xe5, 0xe5, 0xe5, 0xe5, 0xe5, 
	0xe5, 0xe5, 0xe5, 0xe5, 0xe5, 0xe5, 0xe5, 0xe5, 
	0xe5, 0xe5, 0xe5, 0xe5, 0xe5, 0xe5, 0xe5, 0xe5, 
	0xe5, 0xe5, 0xe5, 0xe5, 0xe5, 0xe5, 0xe5, 0xe5, 
	0xe5, 0xe5, 0xe5, 0xe5, 0xe5, 0xe5, 0xe5, 0xe5, 
	0xe5, 0xe5, 0xe5, 0xe5, 0xe5, 0xe5, 0xe5, 0xe5, 
	0xe5, 0xe5, 0xe5, 0xe5, 0xe5, 0xe5, 0xe5, 0xe5, 
	0xe5, 0xe5, 0xe5, 0xe5, 0xe5, 0xe5, 0xe5, 0xe5, 
	0xe5, 0xe5, 0xe5, 0xe5, 0xe5, 0xe5, 0xe5, 0xe5, 
	0xe5, 0xe5, 0xe5, 0xe5, 0xe5, 0xe5, 0xe5, 0xe5, 
	0xe5, 0xe5, 0xe5, 0xe5, 0xe5, 0xe5, 0xe5, 0xe5, 
	0xe5, 0xe5, 0xe5, 0xe5, 0xe5, 0xe5, 0xe5, 0xe5, 
	0xe5, 0xe5, 0xe5, 0xe5, 0xe5, 0xe5, 0xe5, 0xe5, 
	0xe5, 0xe5, 0xe5, 0xe5, 0xe5, 0xe5, 0xe5, 0xe5, 
	0xe5, 0xe5, 0xe5, 0xe5, 0xe5, 0xe5, 0xe5, 0xe5, 
	0xe5, 0xe5, 0xe5, 0xe5, 0xe5, 0xe5, 0xe5, 0xe5, 
	0xe5, 0xe5, 0xe5, 0xe5, 0xe5, 0xe5, 0xe5, 0xe5, 
	0xe5, 0xe5, 0xe5, 0xe5, 0xe5, 0xe5, 0xe5, 0xe5, 
	0xe5, 0xe5, 0xe5, 0xe5, 0xe5, 0xe5, 0xe5, 0xe5, 
	0xe5, 0xe5, 0xe5, 0xe5, 0xe5, 0xe5, 0xe5, 0xe5, 
	0xe5, 0xe5, 0xe5, 0xe5, 0xe5, 0xe5, 0xe5, 0xe5, 
	0xe5, 0xe5, 0xe5, 0xe5, 0xe5, 0xe5, 0xe5, 0xe5, 
	0xe5, 0xe5, 0xe5, 0xe5, 0xe5, 0xe5, 0xe5, 0xe5, 
	0xe5, 0xe5, 0xe5, 0xe5, 0xe5, 0xe5, 0xe5, 0xe5, 
	0xe5, 0xe5, 0xe5, 0xe5, 0xe5, 0xe5, 0xe5, 0xe5, 
	0xd5, 0xa5, 0x94, 0x1f, 0x4a, 0x99, 0x4a, 0x99, 
	0x21, 0x93, 0x11, 0x51, 0x21, 0x93, 0x21, 0x93, 
	0x19, 0x93, 0x19, 0x93, 0x01, 0x0f, 0x19, 0x93, 
	0x32, 0x15, 0x19, 0x93, 0x01, 0x0f, 0x01, 0x0f, 
	0x01, 0x0f, 0x01, 0x0f, 0x01, 0x0f, 0x01, 0x0f, 
	0x01, 0x0f, 0x01, 0x0f, 0x01, 0x0f, 0x11, 0x51, 
	0x09, 0x51, 0x01, 0x0f, 0x01, 0x0f, 0x09, 0x51, 
	0x01, 0x0f, 0x09, 0x51, 0x11, 0x53, 0x11, 0x53, 
	0x11, 0x53, 0x11, 0x53, 0x11, 0x53, 0x11, 0x53, 
	0x29, 0xd5, 0xb5, 0x25, 0xfe, 0xed, 0xfe, 0xed, 
	0xf6, 0x6b, 0xe6, 0x27, 0xf6, 0x6b, 0xfe, 0xed, 
	0xfe, 0xed, 0xf6, 0x6b, 0xfe, 0xed, 0xfe, 0xed, 
	0xff, 0x2f, 0xf6, 0xad, 0xee, 0x29, 0xe5, 0xe7, 
	0xee, 0x69, 0xf6, 0xeb, 0xee, 0x69, 0xe5, 0xe5, 
	0xe5, 0xe5, 0xe5, 0xe5, 0xe5, 0xe5, 0xe5, 0xe5, 
	0xe5, 0xe5, 0xe5, 0xe5, 0xe5, 0xe5, 0xe5, 0xe5, 
	0xe5, 0xe5, 0xe5, 0xe5, 0xe5, 0xe5, 0xe5, 0xe5, 
	0xe5, 0xe5, 0xe5, 0xe5, 0xe5, 0xe5, 0xe5, 0xe5, 
	0xe5, 0xe5, 0xe5, 0xe5, 0xe5, 0xe5, 0xe5, 0xe5, 
	0xe5, 0xe5, 0xe5, 0xe5, 0xe5, 0xe5, 0xe5, 0xe5, 
	0xe5, 0xe5, 0xe5, 0xe5, 0xe5, 0xe5, 0xe5, 0xe5, 
	0xe5, 0xe5, 0xe5, 0xe5, 0xe5, 0xe5, 0xe5, 0xe5, 
	0xe5, 0xe5, 0xe5, 0xe5, 0xe5, 0xe5, 0xe5, 0xe5, 
	0xe5, 0xe5, 0xe5, 0xe5, 0xe5, 0xe5, 0xe5, 0xe5, 
	0xe5, 0xe5, 0xe5, 0xe5, 0xe5, 0xe5, 0xe5, 0xe5, 
	0xe5, 0xe5, 0xe5, 0xe5, 0xe5, 0xe5, 0xe5, 0xe5, 
	0xe5, 0xe5, 0xe5, 0xe5, 0xe5, 0xe5, 0xe5, 0xe5, 
	0xe5, 0xe5, 0xe5, 0xe5, 0xe5, 0xe5, 0xe5, 0xe5, 
	0xe5, 0xe5, 0xe5, 0xe5, 0xe5, 0xe5, 0xe5, 0xe5, 
	0xe5, 0xe5, 0xe5, 0xe5, 0xe5, 0xe5, 0xe5, 0xe5, 
	0xe5, 0xe5, 0xe5, 0xe5, 0xe5, 0xe5, 0xe5, 0xe5, 
	0xe5, 0xe5, 0xe5, 0xe5, 0xe5, 0xe5, 0xe5, 0xe5, 
	0xe5, 0xe5, 0xe5, 0xe5, 0xe5, 0xe5, 0xe5, 0xe5, 
	0xe5, 0xe5, 0xe5, 0xe5, 0xe5, 0xe5, 0xe5, 0xe5, 
	0xe5, 0xe5, 0xe5, 0xe5, 0xe5, 0xe5, 0xe5, 0xe5, 
	0xe5, 0xe5, 0xe5, 0xe5, 0xe5, 0xe5, 0xe5, 0xe5, 
	0xe5, 0xe5, 0xe5, 0xe5, 0xe5, 0xe5, 0xe5, 0xe5, 
	0xe5, 0xe5, 0xe5, 0xe5, 0xe5, 0xe5, 0xe5, 0xe5, 
	0xe5, 0xe5, 0xe5, 0xe5, 0xe5, 0xe5, 0xe5, 0xe5, 
	0xe5, 0xe5, 0xe5, 0xe5, 0xe5, 0xe5, 0xe5, 0xe5, 
	0xe5, 0xe5, 0xe5, 0xe5, 0xe5, 0xe5, 0xe5, 0xe5, 
	0xe5, 0xe5, 0xe5, 0xe5, 0xe5, 0xe5, 0xe5, 0xe5, 
	0xe5, 0xe5, 0xe5, 0xe5, 0xe5, 0xe5, 0xe5, 0xe5, 
	0xe5, 0xe5, 0xe5, 0xe5, 0xe5, 0xe5, 0xe5, 0xe5, 
	0xe5, 0xe5, 0xe5, 0xe5, 0xe5, 0xe5, 0xe5, 0xe5, 
	0xe5, 0xe5, 0xe5, 0xe5, 0xe5, 0xe5, 0xe5, 0xe5, 
	0xe5, 0xe5, 0xe5, 0xe5, 0xe5, 0xe5, 0xe5, 0xe5, 
	0xe5, 0xe5, 0xe5, 0xe5, 0xe5, 0xe5, 0xe5, 0xe5, 
	0xe5, 0xe5, 0xe5, 0xe5, 0xe5, 0xe5, 0xe5, 0xe5, 
	0xe5, 0xe5, 0xe5, 0xe5, 0xe5, 0xe5, 0xe5, 0xe5, 
	0xe5, 0xe5, 0xe5, 0xe5, 0xe5, 0xe5, 0xe5, 0xe5, 
	0xe5, 0xe5, 0xe5, 0xe5, 0xe5, 0xe5, 0xe5, 0xe5, 
	0xe5, 0xe5, 0xe5, 0xe5, 0xe5, 0xe5, 0xe5, 0xe5, 
	0xe5, 0xe5, 0xe5, 0xe5, 0xe5, 0xe5, 0xe5, 0xe5, 
	0xe5, 0xe5, 0xe5, 0xe5, 0xe5, 0xe5, 0xe5, 0xe5, 
	0xe5, 0xe5, 0xe5, 0xe5, 0xe5, 0xe5, 0xe5, 0xe5, 
	0xe5, 0xe5, 0xe5, 0xe5, 0xe5, 0xe5, 0xe5, 0xe5, 
	0xe5, 0xe5, 0xe5, 0xe5, 0xe5, 0xe5, 0xe5, 0xe5, 
	0xe5, 0xe5, 0xe5, 0xe5, 0xe5, 0xe5, 0xe5, 0xe5, 
	0xe5, 0xe5, 0xe5, 0xe5, 0xe5, 0xe5, 0xe5, 0xe5, 
	0xe5, 0xe5, 0xe5, 0xe5, 0xe5, 0xe5, 0xe5, 0xe5, 
	0xe5, 0xe5, 0xe5, 0xe5, 0xe5, 0xe5, 0xe5, 0xe5, 
	0xe5, 0xe5, 0xe5, 0xe5, 0xe5, 0xe5, 0xe5, 0xe5, 
	0xe5, 0xe5, 0xe5, 0xe5, 0xe5, 0xe5, 0xe5, 0xe5, 
	0x94, 0x1f, 0x4a, 0x99, 0x4a, 0x99, 0x09, 0x13, 
	0x3a, 0x57, 0x11, 0x51, 0x11, 0x51, 0x21, 0x93, 
	0x01, 0x0f, 0x01, 0x0f, 0x01, 0x0f, 0x01, 0x0f, 
	0x32, 0x15, 0x32, 0x15, 0x32, 0x15, 0x01, 0x0f, 
	0x3a, 0x55, 0x3a, 0x55, 0x52, 0xd9, 0x01, 0x0f, 
	0x01, 0x0f, 0x3a, 0x17, 0x11, 0x51, 0x01, 0x0f, 
	0x19, 0x53, 0x21, 0x95, 0x01, 0x0f, 0x01, 0x0f, 
	0x01, 0x0f, 0x01, 0x0f, 0x01, 0x0f, 0x09, 0x51, 
	0x11, 0x53, 0x11, 0x53, 0x11, 0x53, 0x11, 0x53, 
	0x29, 0xd5, 0xb5, 0x25, 0xfe, 0xed, 0xfe, 0xed, 
	0xfe, 0xed, 0xf6, 0x6b, 0xe6, 0x27, 0xf6, 0x6b, 
	0xe5, 0xe7, 0xdd, 0xa5, 0xdd, 0xa5, 0xfe, 0xed, 
	0xff, 0x2f, 0xff, 0x2f, 0xee, 0x29, 0xe5, 0xe7, 
	0xf6, 0xeb, 0xe5, 0xe5, 0xee, 0x69, 0xee, 0x69, 
	0xff, 0x2d, 0xee, 0x67, 0xe5, 0xe5, 0xe5, 0xe5, 
	0xe5, 0xe5, 0xe5, 0xe5, 0xe5, 0xe5, 0xe5, 0xe5, 
	0xe5, 0xe5, 0xe5, 0xe5, 0xe5, 0xe5, 0xe5, 0xe5, 
	0xe5, 0xe5, 0xe5, 0xe5, 0xe5, 0xe5, 0xe5, 0xe5, 
	0xe5, 0xe5, 0xe5, 0xe5, 0xe5, 0xe5, 0xe5, 0xe5, 
	0xe5, 0xe5, 0xe5, 0xe5, 0xe5, 0xe5, 0xe5, 0xe5, 
	0xe5, 0xe5, 0xe5, 0xe5, 0xe5, 0xe5, 0xe5, 0xe5, 
	0xe5, 0xe5, 0xe5, 0xe5, 0xe5, 0xe5, 0xe5, 0xe5, 
	0xe5, 0xe5, 0xe5, 0xe5, 0xe5, 0xe5, 0xe5, 0xe5, 
	0xe5, 0xe5, 0xe5, 0xe5, 0xe5, 0xe5, 0xe5, 0xe5, 
	0xe5, 0xe5, 0xe5, 0xe5, 0xe5, 0xe5, 0xe5, 0xe5, 
	0xe5, 0xe5, 0xe5, 0xe5, 0xe5, 0xe5, 0xe5, 0xe5, 
	0xe5, 0xe5, 0xe5, 0xe5, 0xe5, 0xe5, 0xe5, 0xe5, 
	0xe5, 0xe5, 0xe5, 0xe5, 0xe5, 0xe5, 0xe5, 0xe5, 
	0xe5, 0xe5, 0xe5, 0xe5, 0xe5, 0xe5, 0xe5, 0xe5, 
	0xe5, 0xe5, 0xe5, 0xe5, 0xe5, 0xe5, 0xe5, 0xe5, 
	0xe5, 0xe5, 0xe5, 0xe5, 0xe5, 0xe5, 0xe5, 0xe5, 
	0xe5, 0xe5, 0xe5, 0xe5, 0xe5, 0xe5, 0xe5, 0xe5, 
	0xe5, 0xe5, 0xe5, 0xe5, 0xe5, 0xe5, 0xe5, 0xe5, 
	0xe5, 0xe5, 0xe5, 0xe5, 0xe5, 0xe5, 0xe5, 0xe5, 
	0xe5, 0xe5, 0xe5, 0xe5, 0xe5, 0xe5, 0xe5, 0xe5, 
	0xe5, 0xe5, 0xe5, 0xe5, 0xe5, 0xe5, 0xe5, 0xe5, 
	0xe5, 0xe5, 0xe5, 0xe5, 0xe5, 0xe5, 0xe5, 0xe5, 
	0xe5, 0xe5, 0xe5, 0xe5, 0xe5, 0xe5, 0xe5, 0xe5, 
	0xe5, 0xe5, 0xe5, 0xe5, 0xe5, 0xe5, 0xe5, 0xe5, 
	0xe5, 0xe5, 0xe5, 0xe5, 0xe5, 0xe5, 0xe5, 0xe5, 
	0xe5, 0xe5, 0xe5, 0xe5, 0xe5, 0xe5, 0xe5, 0xe5, 
	0xe5, 0xe5, 0xe5, 0xe5, 0xe5, 0xe5, 0xe5, 0xe5, 
	0xe5, 0xe5, 0xe5, 0xe5, 0xe5, 0xe5, 0xe5, 0xe5, 
	0xe5, 0xe5, 0xe5, 0xe5, 0xe5, 0xe5, 0xe5, 0xe5, 
	0xe5, 0xe5, 0xe5, 0xe5, 0xe5, 0xe5, 0xe5, 0xe5, 
	0xe5, 0xe5, 0xe5, 0xe5, 0xe5, 0xe5, 0xe5, 0xe5, 
	0xe5, 0xe5, 0xe5, 0xe5, 0xe5, 0xe5, 0xe5, 0xe5, 
	0xe5, 0xe5, 0xe5, 0xe5, 0xe5, 0xe5, 0xe5, 0xe5, 
	0xe5, 0xe5, 0xe5, 0xe5, 0xe5, 0xe5, 0xe5, 0xe5, 
	0xe5, 0xe5, 0xe5, 0xe5, 0xe5, 0xe5, 0xe5, 0xe5, 
	0xe5, 0xe5, 0xe5, 0xe5, 0xe5, 0xe5, 0xe5, 0xe5, 
	0xe5, 0xe5, 0xe5, 0xe5, 0xe5, 0xe5, 0xe5, 0xe5, 
	0xe5, 0xe5, 0xe5, 0xe5, 0xe5, 0xe5, 0xe5, 0xe5, 
	0xe5, 0xe5, 0xe5, 0xe5, 0xe5, 0xe5, 0xe5, 0xe5, 
	0xe5, 0xe5, 0xe5, 0xe5, 0xe5, 0xe5, 0xe5, 0xe5, 
	0xe5, 0xe5, 0xe5, 0xe5, 0xe5, 0xe5, 0xe5, 0xe5, 
	0xe5, 0xe5, 0xe5, 0xe5, 0xe5, 0xe5, 0xe5, 0xe5, 
	0xe5, 0xe5, 0xe5, 0xe5, 0xe5, 0xe5, 0xe5, 0xe5, 
	0xe5, 0xe5, 0xe5, 0xe5, 0xe5, 0xe5, 0xe5, 0xe5, 
	0xe5, 0xe5, 0xe5, 0xe5, 0xe5, 0xe5, 0xe5, 0xe5, 
	0xe5, 0xe5, 0xe5, 0xe5, 0xe5, 0xe5, 0xe5, 0xe5, 
	0xe5, 0xe5, 0xe5, 0xe5, 0xe5, 0xe5, 0xe5, 0xe5, 
	0xe5, 0xe5, 0xe5, 0xe5, 0xe5, 0xe5, 0xe5, 0xe5, 
	0xe5, 0xe5, 0xe5, 0xe5, 0xe5, 0xe5, 0xb4, 0xa1, 
	0x4a, 0x99, 0x4a, 0x99, 0x4a, 0x99, 0x4a, 0x99, 
	0x21, 0x93, 0x21, 0x93, 0x21, 0x93, 0x2a, 0x15, 
	0x4a, 0x99, 0x4a, 0x99, 0x4a, 0x99, 0x01, 0x0f, 
	0x01, 0x0f, 0x01, 0x0f, 0x4a, 0x99, 0x19, 0x93, 
	0x01, 0x0f, 0x19, 0x93, 0x52, 0xd9, 0x52, 0xd9, 
	0x01, 0x0f, 0x11, 0x51, 0x01, 0x0f, 0x01, 0x0f, 
	0x09, 0x51, 0x19, 0x53, 0x01, 0x0f, 0x01, 0x0f, 
	0x01, 0x0f, 0x01, 0x0f, 0x01, 0x0f, 0x11, 0x53, 
	0x11, 0x53, 0x11, 0x53, 0x11, 0x53, 0x11, 0x53, 
	0x29, 0xd5, 0xb5, 0x25, 0xfe, 0xed, 0xfe, 0xed, 
	0xf6, 0x6b, 0xf6, 0x6b, 0xdd, 0xa5, 0xe6, 0x27, 
	0xf6, 0x6b, 0xf6, 0x6b, 0xfe, 0xed, 0xfe, 0xed, 
	0xf6, 0xad, 0xee, 0x29, 0xe5, 0xe7, 0xee, 0x29, 
	0xf6, 0xeb, 0xe5, 0xe5, 0xf6, 0xeb, 0xff, 0x6f, 
	0xff, 0x2d, 0xff, 0x2d, 0xe5, 0xe5, 0xe5, 0xe5, 
	0xe5, 0xe5, 0xe5, 0xe5, 0xe5, 0xe5, 0xe5, 0xe5, 
	0xe5, 0xe5, 0xe5, 0xe5, 0xe5, 0xe5, 0xe5, 0xe5, 
	0xe5, 0xe5, 0xe5, 0xe5, 0xe5, 0xe5, 0xe5, 0xe5, 
	0xe5, 0xe5, 0xe5, 0xe5, 0xe5, 0xe5, 0xe5, 0xe5, 
	0xe5, 0xe5, 0xe5, 0xe5, 0xe5, 0xe5, 0xe5, 0xe5, 
	0xe5, 0xe5, 0xe5, 0xe5, 0xe5, 0xe5, 0xe5, 0xe5, 
	0xe5, 0xe5, 0xe5, 0xe5, 0xe5, 0xe5, 0xe5, 0xe5, 
	0xe5, 0xe5, 0xe5, 0xe5, 0xe5, 0xe5, 0xe5, 0xe5, 
	0xe5, 0xe5, 0xe5, 0xe5, 0xe5, 0xe5, 0xe5, 0xe5, 
	0xe5, 0xe5, 0xe5, 0xe5, 0xe5, 0xe5, 0xe5, 0xe5, 
	0xe5, 0xe5, 0xe5, 0xe5, 0xe5, 0xe5, 0xe5, 0xe5, 
	0xe5, 0xe5, 0xe5, 0xe5, 0xe5, 0xe5, 0xe5, 0xe5, 
	0xe5, 0xe5, 0xe5, 0xe5, 0xe5, 0xe5, 0xe5, 0xe5, 
	0xe5, 0xe5, 0xe5, 0xe5, 0xe5, 0xe5, 0xe5, 0xe5, 
	0xe5, 0xe5, 0xe5, 0xe5, 0xe5, 0xe5, 0xe5, 0xe5, 
	0xe5, 0xe5, 0xe5, 0xe5, 0xe5, 0xe5, 0xe5, 0xe5, 
	0xe5, 0xe5, 0xe5, 0xe5, 0xe5, 0xe5, 0xe5, 0xe5, 
	0xe5, 0xe5, 0xe5, 0xe5, 0xe5, 0xe5, 0xe5, 0xe5, 
	0xe5, 0xe5, 0xe5, 0xe5, 0xe5, 0xe5, 0xe5, 0xe5, 
	0xe5, 0xe5, 0xe5, 0xe5, 0xe5, 0xe5, 0xe5, 0xe5, 
	0xe5, 0xe5, 0xe5, 0xe5, 0xe5, 0xe5, 0xe5, 0xe5, 
	0xe5, 0xe5, 0xe5, 0xe5, 0xe5, 0xe5, 0xe5, 0xe5, 
	0xe5, 0xe5, 0xe5, 0xe5, 0xe5, 0xe5, 0xe5, 0xe5, 
	0xe5, 0xe5, 0xe5, 0xe5, 0xe5, 0xe5, 0xe5, 0xe5, 
	0xe5, 0xe5, 0xe5, 0xe5, 0xe5, 0xe5, 0xe5, 0xe5, 
	0xe5, 0xe5, 0xe5, 0xe5, 0xe5, 0xe5, 0xe5, 0xe5, 
	0xe5, 0xe5, 0xe5, 0xe5, 0xe5, 0xe5, 0xe5, 0xe5, 
	0xe5, 0xe5, 0xe5, 0xe5, 0xe5, 0xe5, 0xe5, 0xe5, 
	0xe5, 0xe5, 0xe5, 0xe5, 0xe5, 0xe5, 0xe5, 0xe5, 
	0xe5, 0xe5, 0xe5, 0xe5, 0xe5, 0xe5, 0xe5, 0xe5, 
	0xe5, 0xe5, 0xe5, 0xe5, 0xe5, 0xe5, 0xe5, 0xe5, 
	0xe5, 0xe5, 0xe5, 0xe5, 0xe5, 0xe5, 0xe5, 0xe5, 
	0xe5, 0xe5, 0xe5, 0xe5, 0xe5, 0xe5, 0xe5, 0xe5, 
	0xe5, 0xe5, 0xe5, 0xe5, 0xe5, 0xe5, 0xe5, 0xe5, 
	0xe5, 0xe5, 0xe5, 0xe5, 0xe5, 0xe5, 0xe5, 0xe5, 
	0xe5, 0xe5, 0xe5, 0xe5, 0xe5, 0xe5, 0xe5, 0xe5, 
	0xe5, 0xe5, 0xe5, 0xe5, 0xe5, 0xe5, 0xe5, 0xe5, 
	0xe5, 0xe5, 0xe5, 0xe5, 0xe5, 0xe5, 0xe5, 0xe5, 
	0xe5, 0xe5, 0xe5, 0xe5, 0xe5, 0xe5, 0xe5, 0xe5, 
	0xe5, 0xe5, 0xe5, 0xe5, 0xe5, 0xe5, 0xe5, 0xe5, 
	0xe5, 0xe5, 0xe5, 0xe5, 0xe5, 0xe5, 0xe5, 0xe5, 
	0xe5, 0xe5, 0xe5, 0xe5, 0xe5, 0xe5, 0xe5, 0xe5, 
	0xe5, 0xe5, 0xe5, 0xe5, 0xe5, 0xe5, 0xe5, 0xe5, 
	0xe5, 0xe5, 0xe5, 0xe5, 0xe5, 0xe5, 0xe5, 0xe5, 
	0xe5, 0xe5, 0xe5, 0xe5, 0xe5, 0xe5, 0xe5, 0xe5, 
	0xe5, 0xe5, 0xe5, 0xe5, 0xe5, 0xe5, 0xe5, 0xe5, 
	0xe5, 0xe5, 0xe5, 0xe5, 0xe5, 0xe5, 0xe5, 0xe5, 
	0xe5, 0xe5, 0xe5, 0xe5, 0xe5, 0xe5, 0xe5, 0xe5, 
	0xe5, 0xe5, 0xe5, 0xe5, 0xe5, 0xe5, 0xb4, 0xe1, 
	0x63, 0x1b, 0x3a, 0x15, 0x4a, 0x99, 0x4a, 0x99, 
	0x5a, 0xd9, 0x3a, 0x55, 0x3a, 0x55, 0x21, 0x93, 
	0x4a, 0x99, 0x32, 0x15, 0x32, 0x15, 0x4a, 0x99, 
	0x2a, 0x15, 0x2a, 0x15, 0x42, 0x99, 0x19, 0x93, 
	0x01, 0x0f, 0x01, 0x0f, 0x01, 0x0f, 0x4a, 0x97, 
	0x01, 0x0f, 0x01, 0x0f, 0x01, 0x0f, 0x01, 0x0f, 
	0x01, 0x0f, 0x19, 0x93, 0x29, 0xd5, 0x11, 0x51, 
	0x11, 0x53, 0x11, 0x53, 0x11, 0x53, 0x11, 0x53, 
	0x11, 0x53, 0x11, 0x53, 0x11, 0x53, 0x11, 0x53, 
	0x19, 0x53, 0x63, 0x1b, 0xf6, 0xab, 0xf6, 0xab, 
	0xee, 0x29, 0xee, 0x29, 0xee, 0x29, 0xf6, 0x6b, 
	0xee, 0x69, 0xee, 0x69, 0xee, 0x69, 0xee, 0x69, 
	0xf6, 0x6b, 0xf6, 0x6b, 0xe5, 0xe7, 0xfe, 0xed, 
	0xf6, 0xef, 0xff, 0xb3, 0xff, 0xb3, 0xff, 0xb3, 
	0xff, 0x71, 0xff, 0x71, 0xe6, 0x29, 0xdd, 0xa5, 
	0xe5, 0xe5, 0xe5, 0xe5, 0xe5, 0xe5, 0xe5, 0xe5, 
	0xe5, 0xe5, 0xe5, 0xe5, 0xe5, 0xe5, 0xe5, 0xe5, 
	0xe5, 0xe5, 0xe5, 0xe5, 0xe5, 0xe5, 0xe5, 0xe5, 
	0xe5, 0xe5, 0xe5, 0xe5, 0xe5, 0xe5, 0xe5, 0xe5, 
	0xe5, 0xe5, 0xe5, 0xe5, 0xe5, 0xe5, 0xe5, 0xe5, 
	0xe5, 0xe5, 0xe5, 0xe5, 0xe5, 0xe5, 0xe5, 0xe5, 
	0xe5, 0xe5, 0xe5, 0xe5, 0xe5, 0xe5, 0xe5, 0xe5, 
	0xe5, 0xe5, 0xe5, 0xe5, 0xe5, 0xe5, 0xe5, 0xe5, 
	0xe5, 0xe5, 0xe5, 0xe5, 0xe5, 0xe5, 0xe5, 0xe5, 
	0xe5, 0xe5, 0xe5, 0xe5, 0xe5, 0xe5, 0xe5, 0xe5, 
	0xe5, 0xe5, 0xe5, 0xe5, 0xe5, 0xe5, 0xe5, 0xe5, 
	0xe5, 0xe5, 0xe5, 0xe5, 0xe5, 0xe5, 0xe5, 0xe5, 
	0xe5, 0xe5, 0xe5, 0xe5, 0xe5, 0xe5, 0xe5, 0xe5, 
	0xe5, 0xe5, 0xe5, 0xe5, 0xe5, 0xe5, 0xe5, 0xe5, 
	0xe5, 0xe5, 0xe5, 0xe5, 0xe5, 0xe5, 0xe5, 0xe5, 
	0xe5, 0xe5, 0xe5, 0xe5, 0xe5, 0xe5, 0xe5, 0xe5, 
	0xe5, 0xe5, 0xe5, 0xe5, 0xe5, 0xe5, 0xe5, 0xe5, 
	0xe5, 0xe5, 0xe5, 0xe5, 0xe5, 0xe5, 0xe5, 0xe5, 
	0xe5, 0xe5, 0xe5, 0xe5, 0xe5, 0xe5, 0xe5, 0xe5, 
	0xe5, 0xe5, 0xe5, 0xe5, 0xe5, 0xe5, 0xe5, 0xe5, 
	0xe5, 0xe5, 0xe5, 0xe5, 0xe5, 0xe5, 0xe5, 0xe5, 
	0xe5, 0xe5, 0xe5, 0xe5, 0xe5, 0xe5, 0xe5, 0xe5, 
	0xe5, 0xe5, 0xe5, 0xe5, 0xe5, 0xe5, 0xe5, 0xe5, 
	0xe5, 0xe5, 0xe5, 0xe5, 0xe5, 0xe5, 0xe5, 0xe5, 
	0xe5, 0xe5, 0xe5, 0xe5, 0xe5, 0xe5, 0xe5, 0xe5, 
	0xe5, 0xe5, 0xe5, 0xe5, 0xe5, 0xe5, 0xe5, 0xe5, 
	0xe5, 0xe5, 0xe5, 0xe5, 0xe5, 0xe5, 0xe5, 0xe5, 
	0xe5, 0xe5, 0xe5, 0xe5, 0xe5, 0xe5, 0xe5, 0xe5, 
	0xe5, 0xe5, 0xe5, 0xe5, 0xe5, 0xe5, 0xe5, 0xe5, 
	0xe5, 0xe5, 0xe5, 0xe5, 0xe5, 0xe5, 0xe5, 0xe5, 
	0xe5, 0xe5, 0xe5, 0xe5, 0xe5, 0xe5, 0xe5, 0xe5, 
	0xe5, 0xe5, 0xe5, 0xe5, 0xe5, 0xe5, 0xe5, 0xe5, 
	0xe5, 0xe5, 0xe5, 0xe5, 0xe5, 0xe5, 0xe5, 0xe5, 
	0xe5, 0xe5, 0xe5, 0xe5, 0xe5, 0xe5, 0xe5, 0xe5, 
	0xe5, 0xe5, 0xe5, 0xe5, 0xe5, 0xe5, 0xe5, 0xe5, 
	0xe5, 0xe5, 0xe5, 0xe5, 0xe5, 0xe5, 0xe5, 0xe5, 
	0xe5, 0xe5, 0xe5, 0xe5, 0xe5, 0xe5, 0xe5, 0xe5, 
	0xe5, 0xe5, 0xe5, 0xe5, 0xe5, 0xe5, 0xe5, 0xe5, 
	0xe5, 0xe5, 0xe5, 0xe5, 0xe5, 0xe5, 0xe5, 0xe5, 
	0xe5, 0xe5, 0xe5, 0xe5, 0xe5, 0xe5, 0xe5, 0xe5, 
	0xe5, 0xe5, 0xe5, 0xe5, 0xe5, 0xe5, 0xe5, 0xe5, 
	0xe5, 0xe5, 0xe5, 0xe5, 0xe5, 0xe5, 0xe5, 0xe5, 
	0xe5, 0xe5, 0xe5, 0xe5, 0xe5, 0xe5, 0xe5, 0xe5, 
	0xe5, 0xe5, 0xe5, 0xe5, 0xe5, 0xe5, 0xe5, 0xe5, 
	0xe5, 0xe5, 0xe5, 0xe5, 0xe5, 0xe5, 0xe5, 0xe5, 
	0xe5, 0xe5, 0xe5, 0xe5, 0xe5, 0xe5, 0xe5, 0xe5, 
	0xe5, 0xe5, 0xe5, 0xe5, 0xe5, 0xe5, 0xe5, 0xe5, 
	0xe5, 0xe5, 0xe5, 0xe5, 0xe5, 0xe5, 0xe5, 0xe5, 
	0xe5, 0xe5, 0xe5, 0xe5, 0xe5, 0xe5, 0x83, 0xdf, 
	0x4a, 0x99, 0x3a, 0x15, 0x21, 0x93, 0x21, 0x93, 
	0x5a, 0xd9, 0x21, 0x93, 0x21, 0x93, 0x21, 0x93, 
	0x01, 0x0f, 0x01, 0x0f, 0x01, 0x0f, 0x01, 0x0f, 
	0x01, 0x0f, 0x01, 0x0f, 0x01, 0x0f, 0x01, 0x0f, 
	0x01, 0x0f, 0x01, 0x0f, 0x01, 0x0f, 0x01, 0x0f, 
	0x01, 0x0f, 0x09, 0x53, 0x09, 0x11, 0x01, 0x0f, 
	0x01, 0x0f, 0x29, 0xd5, 0x11, 0x51, 0x01, 0x0f, 
	0x11, 0x53, 0x11, 0x53, 0x11, 0x53, 0x11, 0x53, 
	0x11, 0x53, 0x11, 0x53, 0x11, 0x53, 0x11, 0x53, 
	0x19, 0x53, 0x63, 0x1b, 0xf6, 0xab, 0xf6, 0xab, 
	0xee, 0x29, 0xf6, 0xed, 0xf6, 0x6b, 0xf6, 0x6b, 
	0xee, 0x69, 0xee, 0x69, 0xee, 0x69, 0xd5, 0xa5, 
	0xfe, 0xed, 0xfe, 0xed, 0xf6, 0x6b, 0xfe, 0xed, 
	0xf6, 0xef, 0xf6, 0xef, 0xff, 0xb3, 0xff, 0xb3, 
	0xf6, 0xad, 0xff, 0x71, 0xdd, 0xa5, 0xdd, 0xa5, 
	0xe5, 0xe5, 0xe5, 0xe5, 0xe5, 0xe5, 0xe5, 0xe5, 
	0xe5, 0xe5, 0xe5, 0xe5, 0xe5, 0xe5, 0xe5, 0xe5, 
	0xe5, 0xe5, 0xe5, 0xe5, 0xe5, 0xe5, 0xe5, 0xe5, 
	0xe5, 0xe5, 0xe5, 0xe5, 0xe5, 0xe5, 0xe5, 0xe5, 
	0xe5, 0xe5, 0xe5, 0xe5, 0xe5, 0xe5, 0xe5, 0xe5, 
	0xe5, 0xe5, 0xe5, 0xe5, 0xe5, 0xe5, 0xe5, 0xe5, 
	0xe5, 0xe5, 0xe5, 0xe5, 0xe5, 0xe5, 0xe5, 0xe5, 
	0xe5, 0xe5, 0xe5, 0xe5, 0xe5, 0xe5, 0xe5, 0xe5, 
	0xe5, 0xe5, 0xe5, 0xe5, 0xe5, 0xe5, 0xe5, 0xe5, 
	0xe5, 0xe5, 0xe5, 0xe5, 0xe5, 0xe5, 0xe5, 0xe5, 
	0xe5, 0xe5, 0xe5, 0xe5, 0xe5, 0xe5, 0xe5, 0xe5, 
	0xe5, 0xe5, 0xe5, 0xe5, 0xe5, 0xe5, 0xe5, 0xe5, 
	0xe5, 0xe5, 0xe5, 0xe5, 0xe5, 0xe5, 0xe5, 0xe5, 
	0xe5, 0xe5, 0xe5, 0xe5, 0xe5, 0xe5, 0xe5, 0xe5, 
	0xe5, 0xe5, 0xe5, 0xe5, 0xe5, 0xe5, 0xe5, 0xe5, 
	0xe5, 0xe5, 0xe5, 0xe5, 0xe5, 0xe5, 0xe5, 0xe5, 
	0xe5, 0xe5, 0xe5, 0xe5, 0xe5, 0xe5, 0xe5, 0xe5, 
	0xe5, 0xe5, 0xe5, 0xe5, 0xe5, 0xe5, 0xe5, 0xe5, 
	0xe5, 0xe5, 0xe5, 0xe5, 0xe5, 0xe5, 0xe5, 0xe5, 
	0xe5, 0xe5, 0xe5, 0xe5, 0xe5, 0xe5, 0xe5, 0xe5, 
	0xe5, 0xe5, 0xe5, 0xe5, 0xe5, 0xe5, 0xe5, 0xe5, 
	0xe5, 0xe5, 0xe5, 0xe5, 0xe5, 0xe5, 0xe5, 0xe5, 
	0xe5, 0xe5, 0xe5, 0xe5, 0xe5, 0xe5, 0xe5, 0xe5, 
	0xe5, 0xe5, 0xe5, 0xe5, 0xe5, 0xe5, 0xe5, 0xe5, 
	0xe5, 0xe5, 0xe5, 0xe5, 0xe5, 0xe5, 0xe5, 0xe5, 
	0xe5, 0xe5, 0xe5, 0xe5, 0xe5, 0xe5, 0xe5, 0xe5, 
	0xe5, 0xe5, 0xe5, 0xe5, 0xe5, 0xe5, 0xe5, 0xe5, 
	0xe5, 0xe5, 0xe5, 0xe5, 0xe5, 0xe5, 0xe5, 0xe5, 
	0xe5, 0xe5, 0xe5, 0xe5, 0xe5, 0xe5, 0xe5, 0xe5, 
	0xe5, 0xe5, 0xe5, 0xe5, 0xe5, 0xe5, 0xe5, 0xe5, 
	0xe5, 0xe5, 0xe5, 0xe5, 0xe5, 0xe5, 0xe5, 0xe5, 
	0xe5, 0xe5, 0xe5, 0xe5, 0xe5, 0xe5, 0xe5, 0xe5, 
	0xe5, 0xe5, 0xe5, 0xe5, 0xe5, 0xe5, 0xe5, 0xe5, 
	0xe5, 0xe5, 0xe5, 0xe5, 0xe5, 0xe5, 0xe5, 0xe5, 
	0xe5, 0xe5, 0xe5, 0xe5, 0xe5, 0xe5, 0xe5, 0xe5, 
	0xe5, 0xe5, 0xe5, 0xe5, 0xe5, 0xe5, 0xe5, 0xe5, 
	0xe5, 0xe5, 0xe5, 0xe5, 0xe5, 0xe5, 0xe5, 0xe5, 
	0xe5, 0xe5, 0xe5, 0xe5, 0xe5, 0xe5, 0xe5, 0xe5, 
	0xe5, 0xe5, 0xe5, 0xe5, 0xe5, 0xe5, 0xe5, 0xe5, 
	0xe5, 0xe5, 0xe5, 0xe5, 0xe5, 0xe5, 0xe5, 0xe5, 
	0xe5, 0xe5, 0xe5, 0xe5, 0xe5, 0xe5, 0xe5, 0xe5, 
	0xe5, 0xe5, 0xe5, 0xe5, 0xe5, 0xe5, 0xe5, 0xe5, 
	0xe5, 0xe5, 0xe5, 0xe5, 0xe5, 0xe5, 0xe5, 0xe5, 
	0xe5, 0xe5, 0xe5, 0xe5, 0xe5, 0xe5, 0xe5, 0xe5, 
	0xe5, 0xe5, 0xe5, 0xe5, 0xe5, 0xe5, 0xe5, 0xe5, 
	0xe5, 0xe5, 0xe5, 0xe5, 0xe5, 0xe5, 0xe5, 0xe5, 
	0xe5, 0xe5, 0xe5, 0xe5, 0xe5, 0xe5, 0xe5, 0xe5, 
	0xe5, 0xe5, 0xe5, 0xe5, 0xe5, 0xe5, 0xe5, 0xe5, 
	0xe5, 0xe5, 0xe5, 0xe5, 0xe5, 0xe5, 0x52, 0xdb, 
	0x21, 0x93, 0x21, 0x93, 0x4a, 0x99, 0x21, 0x93, 
	0x01, 0x0f, 0x01, 0x0f, 0x01, 0x0f, 0x21, 0x93, 
	0x01, 0x0f, 0x01, 0x0f, 0x01, 0x0f, 0x01, 0x0f, 
	0x01, 0x0f, 0x01, 0x0f, 0x01, 0x0f, 0x01, 0x0f, 
	0x01, 0x0f, 0x01, 0x0f, 0x01, 0x0f, 0x01, 0x0f, 
	0x01, 0x0f, 0x01, 0x0f, 0x01, 0x0f, 0x01, 0x0f, 
	0x01, 0x0f, 0x01, 0x0f, 0x29, 0xd5, 0x01, 0x0f, 
	0x01, 0x0f, 0x01, 0x0f, 0x01, 0x0f, 0x01, 0x0f, 
	0x01, 0x0f, 0x01, 0x0f, 0x01, 0x0f, 0x09, 0x11, 
	0x19, 0x53, 0x19, 0x53, 0xf6, 0xab, 0xf6, 0xab, 
	0xff, 0x2f, 0xf6, 0xed, 0xff, 0x2f, 0xf6, 0xed, 
	0xff, 0x2d, 0xff, 0x2d, 0xff, 0x2d, 0xc4, 0xe1, 
	0xf6, 0x6b, 0xf6, 0x6b, 0xdd, 0xa5, 0xf6, 0x6b, 
	0xed, 0xa5, 0xf6, 0xef, 0xf6, 0xef, 0xf6, 0xef, 
	0xe6, 0x29, 0xdd, 0xa5, 0xe6, 0x29, 0xdd, 0xa5, 
	0xe5, 0xe5, 0xe5, 0xe5, 0xe5, 0xe5, 0xe5, 0xe5, 
	0xe5, 0xe5, 0xe5, 0xe5, 0xe5, 0xe5, 0xe5, 0xe5, 
	0xe5, 0xe5, 0xe5, 0xe5, 0xe5, 0xe5, 0xe5, 0xe5, 
	0xe5, 0xe5, 0xe5, 0xe5, 0xe5, 0xe5, 0xe5, 0xe5, 
	0xe5, 0xe5, 0xe5, 0xe5, 0xe5, 0xe5, 0xe5, 0xe5, 
	0xe5, 0xe5, 0xe5, 0xe5, 0xe5, 0xe5, 0xe5, 0xe5, 
	0xe5, 0xe5, 0xe5, 0xe5, 0xe5, 0xe5, 0xe5, 0xe5, 
	0xe5, 0xe5, 0xe5, 0xe5, 0xe5, 0xe5, 0xe5, 0xe5, 
	0xe5, 0xe5, 0xe5, 0xe5, 0xe5, 0xe5, 0xe5, 0xe5, 
	0xe5, 0xe5, 0xe5, 0xe5, 0xe5, 0xe5, 0xe5, 0xe5, 
	0xe5, 0xe5, 0xe5, 0xe5, 0xe5, 0xe5, 0xe5, 0xe5, 
	0xe5, 0xe5, 0xe5, 0xe5, 0xe5, 0xe5, 0xe5, 0xe5, 
	0xe5, 0xe5, 0xe5, 0xe5, 0xe5, 0xe5, 0xe5, 0xe5, 
	0xe5, 0xe5, 0xe5, 0xe5, 0xe5, 0xe5, 0xe5, 0xe5, 
	0xe5, 0xe5, 0xe5, 0xe5, 0xe5, 0xe5, 0xe5, 0xe5, 
	0xe5, 0xe5, 0xe5, 0xe5, 0xe5, 0xe5, 0xe5, 0xe5, 
	0xe5, 0xe5, 0xe5, 0xe5, 0xe5, 0xe5, 0xe5, 0xe5, 
	0xe5, 0xe5, 0xe5, 0xe5, 0xe5, 0xe5, 0xe5, 0xe5, 
	0xe5, 0xe5, 0xe5, 0xe5, 0xe5, 0xe5, 0xe5, 0xe5, 
	0xe5, 0xe5, 0xe5, 0xe5, 0xe5, 0xe5, 0xe5, 0xe5, 
	0xe5, 0xe5, 0xe5, 0xe5, 0xe5, 0xe5, 0xe5, 0xe5, 
	0xe5, 0xe5, 0xe5, 0xe5, 0xe5, 0xe5, 0xe5, 0xe5, 
	0xe5, 0xe5, 0xe5, 0xe5, 0xe5, 0xe5, 0xe5, 0xe5, 
	0xe5, 0xe5, 0xe5, 0xe5, 0xe5, 0xe5, 0xe5, 0xe5, 
	0xe5, 0xe5, 0xe5, 0xe5, 0xe5, 0xe5, 0xe5, 0xe5, 
	0xe5, 0xe5, 0xe5, 0xe5, 0xe5, 0xe5, 0xe5, 0xe5, 
	0xe5, 0xe5, 0xe5, 0xe5, 0xe5, 0xe5, 0xe5, 0xe5, 
	0xe5, 0xe5, 0xe5, 0xe5, 0xe5, 0xe5, 0xe5, 0xe5, 
	0xe5, 0xe5, 0xe5, 0xe5, 0xe5, 0xe5, 0xe5, 0xe5, 
	0xe5, 0xe5, 0xe5, 0xe5, 0xe5, 0xe5, 0xe5, 0xe5, 
	0xe5, 0xe5, 0xe5, 0xe5, 0xe5, 0xe5, 0xe5, 0xe5, 
	0xe5, 0xe5, 0xe5, 0xe5, 0xe5, 0xe5, 0xe5, 0xe5, 
	0xe5, 0xe5, 0xe5, 0xe5, 0xe5, 0xe5, 0xe5, 0xe5, 
	0xe5, 0xe5, 0xe5, 0xe5, 0xe5, 0xe5, 0xe5, 0xe5, 
	0xe5, 0xe5, 0xe5, 0xe5, 0xe5, 0xe5, 0xe5, 0xe5, 
	0xe5, 0xe5, 0xe5, 0xe5, 0xe5, 0xe5, 0xe5, 0xe5, 
	0xe5, 0xe5, 0xe5, 0xe5, 0xe5, 0xe5, 0xe5, 0xe5, 
	0xe5, 0xe5, 0xe5, 0xe5, 0xe5, 0xe5, 0xe5, 0xe5, 
	0xe5, 0xe5, 0xe5, 0xe5, 0xe5, 0xe5, 0xe5, 0xe5, 
	0xe5, 0xe5, 0xe5, 0xe5, 0xe5, 0xe5, 0xe5, 0xe5, 
	0xe5, 0xe5, 0xe5, 0xe5, 0xe5, 0xe5, 0xe5, 0xe5, 
	0xe5, 0xe5, 0xe5, 0xe5, 0xe5, 0xe5, 0xe5, 0xe5, 
	0xe5, 0xe5, 0xe5, 0xe5, 0xe5, 0xe5, 0xe5, 0xe5, 
	0xe5, 0xe5, 0xe5, 0xe5, 0xe5, 0xe5, 0xe5, 0xe5, 
	0xe5, 0xe5, 0xe5, 0xe5, 0xe5, 0xe5, 0xe5, 0xe5, 
	0xe5, 0xe5, 0xe5, 0xe5, 0xe5, 0xe5, 0xe5, 0xe5, 
	0xe5, 0xe5, 0xe5, 0xe5, 0xe5, 0xe5, 0xe5, 0xe5, 
	0xe5, 0xe5, 0xe5, 0xe5, 0xe5, 0xe5, 0xe5, 0xe5, 
	0xe5, 0xe5, 0xe5, 0xe5, 0xb4, 0xe1, 0x52, 0xdb, 
	0x4a, 0x99, 0x21, 0x93, 0x21, 0x93, 0x21, 0x93, 
	0x01, 0x0f, 0x01, 0x0f, 0x01, 0x0f, 0x5a, 0xd9, 
	0x19, 0x93, 0x01, 0x0f, 0x01, 0x0f, 0x01, 0x0f, 
	0x01, 0x0f, 0x01, 0x0f, 0x19, 0x93, 0x19, 0x93, 
	0x01, 0x0f, 0x01, 0x0f, 0x01, 0x0f, 0x01, 0x0f, 
	0x01, 0x0f, 0x01, 0x0f, 0x09, 0x53, 0x09, 0x11, 
	0x01, 0x0f, 0x01, 0x0f, 0x29, 0xd5, 0x01, 0x0f, 
	0x01, 0x0f, 0x01, 0x0f, 0x01, 0x0f, 0x09, 0x11, 
	0x11, 0x53, 0x11, 0x53, 0x01, 0x0f, 0x01, 0x0f, 
	0x19, 0x53, 0x19, 0x53, 0xac, 0xe3, 0xf6, 0xab, 
	0xff, 0x2f, 0xf6, 0xed, 0xff, 0x2f, 0xf6, 0xed, 
	0xff, 0x2d, 0xee, 0x69, 0xee, 0x69, 0xee, 0x69, 
	0xf6, 0x6b, 0xf6, 0x6b, 0xdd, 0xa5, 0xf6, 0x6b, 
	0xf6, 0xef, 0xf6, 0xef, 0xf6, 0xef, 0xf6, 0x69, 
	0xe6, 0x29, 0xe6, 0x29, 0xe6, 0x29, 0xdd, 0xa5, 
	0xe5, 0xe5, 0xe5, 0xe5, 0xe5, 0xe5, 0xe5, 0xe5, 
	0xe5, 0xe5, 0xe5, 0xe5, 0xe5, 0xe5, 0xe5, 0xe5, 
	0xe5, 0xe5, 0xe5, 0xe5, 0xe5, 0xe5, 0xe5, 0xe5, 
	0xe5, 0xe5, 0xe5, 0xe5, 0xe5, 0xe5, 0xe5, 0xe5, 
	0xe5, 0xe5, 0xe5, 0xe5, 0xe5, 0xe5, 0xe5, 0xe5, 
	0xe5, 0xe5, 0xe5, 0xe5, 0xe5, 0xe5, 0xe5, 0xe5, 
	0xe5, 0xe5, 0xe5, 0xe5, 0xe5, 0xe5, 0xe5, 0xe5, 
	0xe5, 0xe5, 0xe5, 0xe5, 0xe5, 0xe5, 0xe5, 0xe5, 
	0xe5, 0xe5, 0xe5, 0xe5, 0xe5, 0xe5, 0xe5, 0xe5, 
	0xe5, 0xe5, 0xe5, 0xe5, 0xe5, 0xe5, 0xe5, 0xe5, 
	0xe5, 0xe5, 0xe5, 0xe5, 0xe5, 0xe5, 0xe5, 0xe5, 
	0xe5, 0xe5, 0xe5, 0xe5, 0xe5, 0xe5, 0xe5, 0xe5, 
	0xe5, 0xe5, 0xe5, 0xe5, 0xe5, 0xe5, 0xe5, 0xe5, 
	0xe5, 0xe5, 0xe5, 0xe5, 0xe5, 0xe5, 0xe5, 0xe5, 
	0xe5, 0xe5, 0xe5, 0xe5, 0xe5, 0xe5, 0xe5, 0xe5, 
	0xe5, 0xe5, 0xe5, 0xe5, 0xe5, 0xe5, 0xe5, 0xe5, 
	0xe5, 0xe5, 0xe5, 0xe5, 0xe5, 0xe5, 0xe5, 0xe5, 
	0xe5, 0xe5, 0xe5, 0xe5, 0xe5, 0xe5, 0xe5, 0xe5, 
	0xe5, 0xe5, 0xe5, 0xe5, 0xe5, 0xe5, 0xe5, 0xe5, 
	0xe5, 0xe5, 0xe5, 0xe5, 0xe5, 0xe5, 0xe5, 0xe5, 
	0xe5, 0xe5, 0xe5, 0xe5, 0xe5, 0xe5, 0xe5, 0xe5, 
	0xe5, 0xe5, 0xe5, 0xe5, 0xe5, 0xe5, 0xe5, 0xe5, 
	0xe5, 0xe5, 0xe5, 0xe5, 0xe5, 0xe5, 0xe5, 0xe5, 
	0xe5, 0xe5, 0xe5, 0xe5, 0xe5, 0xe5, 0xe5, 0xe5, 
	0xe5, 0xe5, 0xe5, 0xe5, 0xe5, 0xe5, 0xe5, 0xe5, 
	0xe5, 0xe5, 0xe5, 0xe5, 0xe5, 0xe5, 0xe5, 0xe5, 
	0xe5, 0xe5, 0xe5, 0xe5, 0xe5, 0xe5, 0xe5, 0xe5, 
	0xe5, 0xe5, 0xe5, 0xe5, 0xe5, 0xe5, 0xe5, 0xe5, 
	0xe5, 0xe5, 0xe5, 0xe5, 0xe5, 0xe5, 0xe5, 0xe5, 
	0xe5, 0xe5, 0xe5, 0xe5, 0xe5, 0xe5, 0xe5, 0xe5, 
	0xe5, 0xe5, 0xe5, 0xe5, 0xe5, 0xe5, 0xe5, 0xe5, 
	0xe5, 0xe5, 0xe5, 0xe5, 0xe5, 0xe5, 0xe5, 0xe5, 
	0xe5, 0xe5, 0xe5, 0xe5, 0xe5, 0xe5, 0xe5, 0xe5, 
	0xe5, 0xe5, 0xe5, 0xe5, 0xe5, 0xe5, 0xe5, 0xe5, 
	0xe5, 0xe5, 0xe5, 0xe5, 0xe5, 0xe5, 0xe5, 0xe5, 
	0xe5, 0xe5, 0xe5, 0xe5, 0xe5, 0xe5, 0xe5, 0xe5, 
	0xe5, 0xe5, 0xe5, 0xe5, 0xe5, 0xe5, 0xe5, 0xe5, 
	0xe5, 0xe5, 0xe5, 0xe5, 0xe5, 0xe5, 0xe5, 0xe5, 
	0xe5, 0xe5, 0xe5, 0xe5, 0xe5, 0xe5, 0xe5, 0xe5, 
	0xe5, 0xe5, 0xe5, 0xe5, 0xe5, 0xe5, 0xe5, 0xe5, 
	0xe5, 0xe5, 0xe5, 0xe5, 0xe5, 0xe5, 0xe5, 0xe5, 
	0xe5, 0xe5, 0xe5, 0xe5, 0xe5, 0xe5, 0xe5, 0xe5, 
	0xe5, 0xe5, 0xe5, 0xe5, 0xe5, 0xe5, 0xe5, 0xe5, 
	0xe5, 0xe5, 0xe5, 0xe5, 0xe5, 0xe5, 0xe5, 0xe5, 
	0xe5, 0xe5, 0xe5, 0xe5, 0xe5, 0xe5, 0xe5, 0xe5, 
	0xe5, 0xe5, 0xe5, 0xe5, 0xe5, 0xe5, 0xe5, 0xe5, 
	0xe5, 0xe5, 0xe5, 0xe5, 0xe5, 0xe5, 0xe5, 0xe5, 
	0xe5, 0xe5, 0xe5, 0xe5, 0xe5, 0xe5, 0xe5, 0xe5, 
	0xdd, 0xa5, 0xdd, 0xa5, 0x73, 0x5b, 0x73, 0x5b, 
	0x7b, 0x9d, 0x7b, 0x9d, 0x7b, 0x9d, 0x7b, 0x9d, 
	0x6b, 0x1b, 0x32, 0x15, 0x19, 0x93, 0x52, 0x99, 
	0x52, 0xd9, 0x19, 0x93, 0x3a, 0x17, 0x19, 0x93, 
	0x4a, 0x99, 0x09, 0x11, 0x09, 0x11, 0x29, 0xd5, 
	0x21, 0xd3, 0x21, 0xd3, 0x01, 0x0f, 0x21, 0xd3, 
	0x11, 0x53, 0x11, 0x53, 0x11, 0x53, 0x11, 0x53, 
	0x01, 0x0f, 0x01, 0x0f, 0x01, 0x0f, 0x21, 0x93, 
	0x19, 0x53, 0x09, 0x51, 0x19, 0x53, 0x21, 0x95, 
	0x09, 0x11, 0x42, 0x57, 0x09, 0x11, 0x09, 0x11, 
	0x11, 0x53, 0x11, 0x53, 0x9c, 0x61, 0xdd, 0xe7, 
	0xff, 0x2d, 0xff, 0x2d, 0xf6, 0x69, 0xf6, 0xab, 
	0xf6, 0xab, 0xf6, 0xab, 0xe6, 0x27, 0xf6, 0xab, 
	0xf6, 0xab, 0xf6, 0xab, 0xdd, 0xa5, 0xf6, 0xab, 
	0xfe, 0xed, 0xe6, 0x29, 0xfe, 0xed, 0xbc, 0xe1, 
	0xee, 0x6b, 0xff, 0xb3, 0xf6, 0xef, 0xf6, 0xef, 
	0xfe, 0xab, 0xe5, 0xe5, 0xe5, 0xe5, 0xe5, 0xe5, 
	0xe5, 0xe5, 0xe5, 0xe5, 0xe5, 0xe5, 0xe5, 0xe5, 
	0xe5, 0xe5, 0xe5, 0xe5, 0xe5, 0xe5, 0xe5, 0xe5, 
	0xe5, 0xe5, 0xe5, 0xe5, 0xe5, 0xe5, 0xe5, 0xe5, 
	0xe5, 0xe5, 0xe5, 0xe5, 0xe5, 0xe5, 0xe5, 0xe5, 
	0xe5, 0xe5, 0xe5, 0xe5, 0xe5, 0xe5, 0xe5, 0xe5, 
	0xe5, 0xe5, 0xe5, 0xe5, 0xe5, 0xe5, 0xe5, 0xe5, 
	0xe5, 0xe5, 0xe5, 0xe5, 0xe5, 0xe5, 0xe5, 0xe5, 
	0xe5, 0xe5, 0xe5, 0xe5, 0xe5, 0xe5, 0xe5, 0xe5, 
	0xe5, 0xe5, 0xe5, 0xe5, 0xe5, 0xe5, 0xe5, 0xe5, 
	0xe5, 0xe5, 0xe5, 0xe5, 0xe5, 0xe5, 0xe5, 0xe5, 
	0xe5, 0xe5, 0xe5, 0xe5, 0xe5, 0xe5, 0xe5, 0xe5, 
	0xe5, 0xe5, 0xe5, 0xe5, 0xe5, 0xe5, 0xe5, 0xe5, 
	0xe5, 0xe5, 0xe5, 0xe5, 0xe5, 0xe5, 0xe5, 0xe5, 
	0xe5, 0xe5, 0xe5, 0xe5, 0xe5, 0xe5, 0xe5, 0xe5, 
	0xe5, 0xe5, 0xe5, 0xe5, 0xe5, 0xe5, 0xe5, 0xe5, 
	0xe5, 0xe5, 0xe5, 0xe5, 0xe5, 0xe5, 0xe5, 0xe5, 
	0xe5, 0xe5, 0xe5, 0xe5, 0xe5, 0xe5, 0xe5, 0xe5, 
	0xe5, 0xe5, 0xe5, 0xe5, 0xe5, 0xe5, 0xe5, 0xe5, 
	0xe5, 0xe5, 0xe5, 0xe5, 0xe5, 0xe5, 0xe5, 0xe5, 
	0xe5, 0xe5, 0xe5, 0xe5, 0xe5, 0xe5, 0xe5, 0xe5, 
	0xe5, 0xe5, 0xe5, 0xe5, 0xe5, 0xe5, 0xe5, 0xe5, 
	0xe5, 0xe5, 0xe5, 0xe5, 0xe5, 0xe5, 0xe5, 0xe5, 
	0xe5, 0xe5, 0xe5, 0xe5, 0xe5, 0xe5, 0xe5, 0xe5, 
	0xe5, 0xe5, 0xe5, 0xe5, 0xe5, 0xe5, 0xe5, 0xe5, 
	0xe5, 0xe5, 0xe5, 0xe5, 0xe5, 0xe5, 0xe5, 0xe5, 
	0xe5, 0xe5, 0xe5, 0xe5, 0xe5, 0xe5, 0xe5, 0xe5, 
	0xe5, 0xe5, 0xe5, 0xe5, 0xe5, 0xe5, 0xe5, 0xe5, 
	0xe5, 0xe5, 0xe5, 0xe5, 0xe5, 0xe5, 0xe5, 0xe5, 
	0xe5, 0xe5, 0xe5, 0xe5, 0xe5, 0xe5, 0xe5, 0xe5, 
	0xe5, 0xe5, 0xe5, 0xe5, 0xe5, 0xe5, 0xe5, 0xe5, 
	0xe5, 0xe5, 0xe5, 0xe5, 0xe5, 0xe5, 0xe5, 0xe5, 
	0xe5, 0xe5, 0xe5, 0xe5, 0xe5, 0xe5, 0xe5, 0xe5, 
	0xe5, 0xe5, 0xe5, 0xe5, 0xe5, 0xe5, 0xe5, 0xe5, 
	0xe5, 0xe5, 0xe5, 0xe5, 0xe5, 0xe5, 0xe5, 0xe5, 
	0xe5, 0xe5, 0xe5, 0xe5, 0xe5, 0xe5, 0xe5, 0xe5, 
	0xe5, 0xe5, 0xe5, 0xe5, 0xe5, 0xe5, 0xe5, 0xe5, 
	0xe5, 0xe5, 0xe5, 0xe5, 0xe5, 0xe5, 0xe5, 0xe5, 
	0xe5, 0xe5, 0xe5, 0xe5, 0xe5, 0xe5, 0xe5, 0xe5, 
	0xe5, 0xe5, 0xe5, 0xe5, 0xe5, 0xe5, 0xe5, 0xe5, 
	0xe5, 0xe5, 0xe5, 0xe5, 0xe5, 0xe5, 0xe5, 0xe5, 
	0xe5, 0xe5, 0xe5, 0xe5, 0xe5, 0xe5, 0xe5, 0xe5, 
	0xe5, 0xe5, 0xe5, 0xe5, 0xe5, 0xe5, 0xe5, 0xe5, 
	0xe5, 0xe5, 0xe5, 0xe5, 0xe5, 0xe5, 0xe5, 0xe5, 
	0xe5, 0xe5, 0xe5, 0xe5, 0xe5, 0xe5, 0xe5, 0xe5, 
	0xe5, 0xe5, 0xe5, 0xe5, 0xe5, 0xe5, 0xe5, 0xe5, 
	0xe5, 0xe5, 0xe5, 0xe5, 0xe5, 0xe5, 0xe5, 0xe5, 
	0xe5, 0xe5, 0xe5, 0xe5, 0xe5, 0xe5, 0xe5, 0xe5, 
	0xdd, 0xa5, 0xdd, 0xa5, 0x73, 0x5b, 0x73, 0x5b, 
	0x5a, 0xd9, 0x3a, 0x17, 0x5a, 0xd9, 0x3a, 0x17, 
	0x52, 0x99, 0x32, 0x15, 0x19, 0x93, 0x32, 0x15, 
	0x73, 0x9d, 0x19, 0x93, 0x52, 0xd9, 0x3a, 0x17, 
	0x6b, 0x5d, 0x29, 0xd5, 0x09, 0x11, 0x29, 0xd5, 
	0x4a, 0x59, 0x6b, 0x1d, 0x21, 0xd3, 0x6b, 0x1d, 
	0x11, 0x53, 0x11, 0x53, 0x29, 0xd5, 0x11, 0x53, 
	0x01, 0x0f, 0x01, 0x0f, 0x21, 0x93, 0x21, 0x93, 
	0x21, 0x95, 0x19, 0x53, 0x09, 0x51, 0x19, 0x53, 
	0x09, 0x11, 0x5a, 0xd9, 0x21, 0xd3, 0x09, 0x11, 
	0x11, 0x53, 0x11, 0x53, 0x52, 0xd9, 0xdd, 0xe7, 
	0xff, 0x2d, 0xf6, 0xab, 0xed, 0xe7, 0xf6, 0x69, 
	0xe6, 0x27, 0xdd, 0xa5, 0xf6, 0xab, 0xff, 0x2d, 
	0xe6, 0x29, 0xdd, 0xa5, 0xdd, 0xa5, 0xf6, 0xab, 
	0xfe, 0xed, 0xfe, 0xed, 0xe6, 0x29, 0xe6, 0x29, 
	0xff, 0xb3, 0xff, 0xb3, 0xf6, 0xef, 0xf6, 0xef, 
	0xfe, 0xab, 0xf6, 0x69, 0xe5, 0xe5, 0xe5, 0xe5, 
	0xe5, 0xe5, 0xe5, 0xe5, 0xe5, 0xe5, 0xe5, 0xe5, 
	0xe5, 0xe5, 0xe5, 0xe5, 0xe5, 0xe5, 0xe5, 0xe5, 
	0xe5, 0xe5, 0xe5, 0xe5, 0xe5, 0xe5, 0xe5, 0xe5, 
	0xe5, 0xe5, 0xe5, 0xe5, 0xe5, 0xe5, 0xe5, 0xe5, 
	0xe5, 0xe5, 0xe5, 0xe5, 0xe5, 0xe5, 0xe5, 0xe5, 
	0xe5, 0xe5, 0xe5, 0xe5, 0xe5, 0xe5, 0xe5, 0xe5, 
	0xe5, 0xe5, 0xe5, 0xe5, 0xe5, 0xe5, 0xe5, 0xe5, 
	0xe5, 0xe5, 0xe5, 0xe5, 0xe5, 0xe5, 0xe5, 0xe5, 
	0xe5, 0xe5, 0xe5, 0xe5, 0xe5, 0xe5, 0xe5, 0xe5, 
	0xe5, 0xe5, 0xe5, 0xe5, 0xe5, 0xe5, 0xe5, 0xe5, 
	0xe5, 0xe5, 0xe5, 0xe5, 0xe5, 0xe5, 0xe5, 0xe5, 
	0xe5, 0xe5, 0xe5, 0xe5, 0xe5, 0xe5, 0xe5, 0xe5, 
	0xe5, 0xe5, 0xe5, 0xe5, 0xe5, 0xe5, 0xe5, 0xe5, 
	0xe5, 0xe5, 0xe5, 0xe5, 0xe5, 0xe5, 0xe5, 0xe5, 
	0xe5, 0xe5, 0xe5, 0xe5, 0xe5, 0xe5, 0xe5, 0xe5, 
	0xe5, 0xe5, 0xe5, 0xe5, 0xe5, 0xe5, 0xe5, 0xe5, 
	0xe5, 0xe5, 0xe5, 0xe5, 0xe5, 0xe5, 0xe5, 0xe5, 
	0xe5, 0xe5, 0xe5, 0xe5, 0xe5, 0xe5, 0xe5, 0xe5, 
	0xe5, 0xe5, 0xe5, 0xe5, 0xe5, 0xe5, 0xe5, 0xe5, 
	0xe5, 0xe5, 0xe5, 0xe5, 0xe5, 0xe5, 0xe5, 0xe5, 
	0xe5, 0xe5, 0xe5, 0xe5, 0xe5, 0xe5, 0xe5, 0xe5, 
	0xe5, 0xe5, 0xe5, 0xe5, 0xe5, 0xe5, 0xe5, 0xe5, 
	0xe5, 0xe5, 0xe5, 0xe5, 0xe5, 0xe5, 0xe5, 0xe5, 
	0xe5, 0xe5, 0xe5, 0xe5, 0xe5, 0xe5, 0xe5, 0xe5, 
	0xe5, 0xe5, 0xe5, 0xe5, 0xe5, 0xe5, 0xe5, 0xe5, 
	0xe5, 0xe5, 0xe5, 0xe5, 0xe5, 0xe5, 0xe5, 0xe5, 
	0xe5, 0xe5, 0xe5, 0xe5, 0xe5, 0xe5, 0xe5, 0xe5, 
	0xe5, 0xe5, 0xe5, 0xe5, 0xe5, 0xe5, 0xe5, 0xe5, 
	0xe5, 0xe5, 0xe5, 0xe5, 0xe5, 0xe5, 0xe5, 0xe5, 
	0xe5, 0xe5, 0xe5, 0xe5, 0xe5, 0xe5, 0xe5, 0xe5, 
	0xe5, 0xe5, 0xe5, 0xe5, 0xe5, 0xe5, 0xe5, 0xe5, 
	0xe5, 0xe5, 0xe5, 0xe5, 0xe5, 0xe5, 0xe5, 0xe5, 
	0xe5, 0xe5, 0xe5, 0xe5, 0xe5, 0xe5, 0xe5, 0xe5, 
	0xe5, 0xe5, 0xe5, 0xe5, 0xe5, 0xe5, 0xe5, 0xe5, 
	0xe5, 0xe5, 0xe5, 0xe5, 0xe5, 0xe5, 0xe5, 0xe5, 
	0xe5, 0xe5, 0xe5, 0xe5, 0xe5, 0xe5, 0xe5, 0xe5, 
	0xe5, 0xe5, 0xe5, 0xe5, 0xe5, 0xe5, 0xe5, 0xe5, 
	0xe5, 0xe5, 0xe5, 0xe5, 0xe5, 0xe5, 0xe5, 0xe5, 
	0xe5, 0xe5, 0xe5, 0xe5, 0xe5, 0xe5, 0xe5, 0xe5, 
	0xe5, 0xe5, 0xe5, 0xe5, 0xe5, 0xe5, 0xe5, 0xe5, 
	0xe5, 0xe5, 0xe5, 0xe5, 0xe5, 0xe5, 0xe5, 0xe5, 
	0xe5, 0xe5, 0xe5, 0xe5, 0xe5, 0xe5, 0xe5, 0xe5, 
	0xe5, 0xe5, 0xe5, 0xe5, 0xe5, 0xe5, 0xe5, 0xe5, 
	0xe5, 0xe5, 0xe5, 0xe5, 0xe5, 0xe5, 0xe5, 0xe5, 
	0xe5, 0xe5, 0xe5, 0xe5, 0xe5, 0xe5, 0xe5, 0xe5, 
	0xe5, 0xe5, 0xe5, 0xe5, 0xe5, 0xe5, 0xe5, 0xe5, 
	0xe5, 0xe5, 0xe5, 0xe5, 0xe5, 0xe5, 0xe5, 0xe5, 
	0xdd, 0xa5, 0xac, 0x9f, 0x42, 0x55, 0x42, 0x55, 
	0x5a, 0xd9, 0x3a, 0x17, 0x3a, 0x17, 0x3a, 0x17, 
	0x6b, 0x1b, 0x19, 0x93, 0x19, 0x93, 0x52, 0x99, 
	0x3a, 0x17, 0x19, 0x93, 0x19, 0x93, 0x19, 0x93, 
	0x6b, 0x5d, 0x6b, 0x5d, 0x09, 0x11, 0x29, 0xd5, 
	0x01, 0x0f, 0x4a, 0x59, 0x4a, 0x59, 0x4a, 0x59, 
	0x3a, 0x57, 0x3a, 0x57, 0x52, 0xd9, 0x11, 0x53, 
	0x01, 0x0f, 0x01, 0x0f, 0x01, 0x0f, 0x01, 0x0f, 
	0x01, 0x0f, 0x09, 0x51, 0x01, 0x0f, 0x09, 0x51, 
	0x09, 0x11, 0x09, 0x11, 0x21, 0xd3, 0x09, 0x11, 
	0x11, 0x53, 0x11, 0x53, 0x52, 0xd9, 0xdd, 0xe7, 
	0xf6, 0xab, 0xff, 0x2d, 0xf6, 0xab, 0xf6, 0xab, 
	0xf6, 0xab, 0xf6, 0xab, 0xf6, 0xab, 0xf6, 0xab, 
	0xf6, 0xab, 0xe6, 0x29, 0xff, 0x2f, 0xff, 0x2f, 
	0xfe, 0xed, 0xfe, 0xed, 0xd5, 0xa5, 0xfe, 0xed, 
	0xee, 0x6b, 0xf6, 0xef, 0xff, 0xb3, 0xe5, 0xa7, 
	0xdd, 0xa3, 0xdd, 0xa3, 0xe5, 0xe5, 0xe5, 0xe5, 
	0xe5, 0xe5, 0xe5, 0xe5, 0xe5, 0xe5, 0xe5, 0xe5, 
	0xe5, 0xe5, 0xe5, 0xe5, 0xe5, 0xe5, 0xe5, 0xe5, 
	0xe5, 0xe5, 0xe5, 0xe5, 0xe5, 0xe5, 0xe5, 0xe5, 
	0xe5, 0xe5, 0xe5, 0xe5, 0xe5, 0xe5, 0xe5, 0xe5, 
	0xe5, 0xe5, 0xe5, 0xe5, 0xe5, 0xe5, 0xe5, 0xe5, 
	0xe5, 0xe5, 0xe5, 0xe5, 0xe5, 0xe5, 0xe5, 0xe5, 
	0xe5, 0xe5, 0xe5, 0xe5, 0xe5, 0xe5, 0xe5, 0xe5, 
	0xe5, 0xe5, 0xe5, 0xe5, 0xe5, 0xe5, 0xe5, 0xe5, 
	0xe5, 0xe5, 0xe5, 0xe5, 0xe5, 0xe5, 0xe5, 0xe5, 
	0xe5, 0xe5, 0xe5, 0xe5, 0xe5, 0xe5, 0xe5, 0xe5, 
	0xe5, 0xe5, 0xe5, 0xe5, 0xe5, 0xe5, 0xe5, 0xe5, 
	0xe5, 0xe5, 0xe5, 0xe5, 0xe5, 0xe5, 0xe5, 0xe5, 
	0xe5, 0xe5, 0xe5, 0xe5, 0xe5, 0xe5, 0xe5, 0xe5, 
	0xe5, 0xe5, 0xe5, 0xe5, 0xe5, 0xe5, 0xe5, 0xe5, 
	0xe5, 0xe5, 0xe5, 0xe5, 0xe5, 0xe5, 0xe5, 0xe5, 
	0xe5, 0xe5, 0xe5, 0xe5, 0xe5, 0xe5, 0xe5, 0xe5, 
	0xe5, 0xe5, 0xe5, 0xe5, 0xe5, 0xe5, 0xe5, 0xe5, 
	0xe5, 0xe5, 0xe5, 0xe5, 0xe5, 0xe5, 0xe5, 0xe5, 
	0xe5, 0xe5, 0xe5, 0xe5, 0xe5, 0xe5, 0xe5, 0xe5, 
	0xe5, 0xe5, 0xe5, 0xe5, 0xe5, 0xe5, 0xe5, 0xe5, 
	0xe5, 0xe5, 0xe5, 0xe5, 0xe5, 0xe5, 0xe5, 0xe5, 
	0xe5, 0xe5, 0xe5, 0xe5, 0xe5, 0xe5, 0xe5, 0xe5, 
	0xe5, 0xe5, 0xe5, 0xe5, 0xe5, 0xe5, 0xe5, 0xe5, 
	0xe5, 0xe5, 0xe5, 0xe5, 0xe5, 0xe5, 0xe5, 0xe5, 
	0xe5, 0xe5, 0xe5, 0xe5, 0xe5, 0xe5, 0xe5, 0xe5, 
	0xe5, 0xe5, 0xe5, 0xe5, 0xe5, 0xe5, 0xe5, 0xe5, 
	0xe5, 0xe5, 0xe5, 0xe5, 0xe5, 0xe5, 0xe5, 0xe5, 
	0xe5, 0xe5, 0xe5, 0xe5, 0xe5, 0xe5, 0xe5, 0xe5, 
	0xe5, 0xe5, 0xe5, 0xe5, 0xe5, 0xe5, 0xe5, 0xe5, 
	0xe5, 0xe5, 0xe5, 0xe5, 0xe5, 0xe5, 0xe5, 0xe5, 
	0xe5, 0xe5, 0xe5, 0xe5, 0xe5, 0xe5, 0xe5, 0xe5, 
	0xe5, 0xe5, 0xe5, 0xe5, 0xe5, 0xe5, 0xe5, 0xe5, 
	0xe5, 0xe5, 0xe5, 0xe5, 0xe5, 0xe5, 0xe5, 0xe5, 
	0xe5, 0xe5, 0xe5, 0xe5, 0xe5, 0xe5, 0xe5, 0xe5, 
	0xe5, 0xe5, 0xe5, 0xe5, 0xe5, 0xe5, 0xe5, 0xe5, 
	0xe5, 0xe5, 0xe5, 0xe5, 0xe5, 0xe5, 0xe5, 0xe5, 
	0xe5, 0xe5, 0xe5, 0xe5, 0xe5, 0xe5, 0xe5, 0xe5, 
	0xe5, 0xe5, 0xe5, 0xe5, 0xe5, 0xe5, 0xe5, 0xe5, 
	0xe5, 0xe5, 0xe5, 0xe5, 0xe5, 0xe5, 0xe5, 0xe5, 
	0xe5, 0xe5, 0xe5, 0xe5, 0xe5, 0xe5, 0xe5, 0xe5, 
	0xe5, 0xe5, 0xe5, 0xe5, 0xe5, 0xe5, 0xe5, 0xe5, 
	0xe5, 0xe5, 0xe5, 0xe5, 0xe5, 0xe5, 0xe5, 0xe5, 
	0xe5, 0xe5, 0xe5, 0xe5, 0xe5, 0xe5, 0xe5, 0xe5, 
	0xe5, 0xe5, 0xe5, 0xe5, 0xe5, 0xe5, 0xe5, 0xe5, 
	0xe5, 0xe5, 0xe5, 0xe5, 0xe5, 0xe5, 0xe5, 0xe5, 
	0xe5, 0xe5, 0xe5, 0xe5, 0xe5, 0xe5, 0xe5, 0xe5, 
	0xe5, 0xe5, 0xe5, 0xe5, 0xe5, 0xe5, 0xe5, 0xe5, 
	0xdd, 0xa5, 0x73, 0x5b, 0x42, 0x55, 0x42, 0x55, 
	0x5a, 0xd9, 0x19, 0x93, 0x3a, 0x17, 0x3a, 0x17, 
	0x32, 0x15, 0x19, 0x93, 0x19, 0x93, 0x32, 0x15, 
	0x19, 0x93, 0x19, 0x93, 0x19, 0x93, 0x19, 0x93, 
	0x29, 0xd5, 0x4a, 0x99, 0x09, 0x11, 0x29, 0xd5, 
	0x01, 0x0f, 0x01, 0x0f, 0x21, 0xd3, 0x21, 0xd3, 
	0x11, 0x53, 0x29, 0xd5, 0x52, 0xd9, 0x52, 0xd9, 
	0x5a, 0xdb, 0x01, 0x0f, 0x01, 0x0f, 0x3a, 0x57, 
	0x01, 0x0f, 0x19, 0x53, 0x01, 0x0f, 0x01, 0x0f, 
	0x09, 0x11, 0x09, 0x11, 0x09, 0x11, 0x09, 0x11, 
	0x11, 0x53, 0x11, 0x53, 0x11, 0x53, 0xdd, 0xe7, 
	0xff, 0x2d, 0xff, 0x2d, 0xff, 0x2d, 0xf6, 0xab, 
	0xff, 0x2d, 0xff, 0x2d, 0xff, 0x2d, 0xf6, 0xab, 
	0xf6, 0xab, 0xdd, 0xa5, 0xf6, 0xab, 0xff, 0x2f, 
	0xfe, 0xed, 0xfe, 0xed, 0xfe, 0xed, 0xfe, 0xed, 
	0xe5, 0xa7, 0xf6, 0xef, 0xff, 0xb3, 0xff, 0xb3, 
	0xf6, 0x69, 0xf6, 0x69, 0xe5, 0xe5, 0xe5, 0xe5, 
	0xe5, 0xe5, 0xe5, 0xe5, 0xe5, 0xe5, 0xe5, 0xe5, 
	0xe5, 0xe5, 0xe5, 0xe5, 0xe5, 0xe5, 0xe5, 0xe5, 
	0xe5, 0xe5, 0xe5, 0xe5, 0xe5, 0xe5, 0xe5, 0xe5, 
	0xe5, 0xe5, 0xe5, 0xe5, 0xe5, 0xe5, 0xe5, 0xe5, 
	0xe5, 0xe5, 0xe5, 0xe5, 0xe5, 0xe5, 0xe5, 0xe5, 
	0xe5, 0xe5, 0xe5, 0xe5, 0xe5, 0xe5, 0xe5, 0xe5, 
	0xe5, 0xe5, 0xe5, 0xe5, 0xe5, 0xe5, 0xe5, 0xe5, 
	0xe5, 0xe5, 0xe5, 0xe5, 0xe5, 0xe5, 0xe5, 0xe5, 
	0xe5, 0xe5, 0xe5, 0xe5, 0xe5, 0xe5, 0xe5, 0xe5, 
	0xe5, 0xe5, 0xe5, 0xe5, 0xe5, 0xe5, 0xe5, 0xe5, 
	0xe5, 0xe5, 0xe5, 0xe5, 0xe5, 0xe5, 0xe5, 0xe5, 
	0xe5, 0xe5, 0xe5, 0xe5, 0xe5, 0xe5, 0xe5, 0xe5, 
	0xe5, 0xe5, 0xe5, 0xe5, 0xe5, 0xe5, 0xe5, 0xe5, 
	0xe5, 0xe5, 0xe5, 0xe5, 0xe5, 0xe5, 0xe5, 0xe5, 
	0xe5, 0xe5, 0xe5, 0xe5, 0xe5, 0xe5, 0xe5, 0xe5, 
	0xe5, 0xe5, 0xe5, 0xe5, 0xe5, 0xe5, 0xe5, 0xe5, 
	0xe5, 0xe5, 0xe5, 0xe5, 0xe5, 0xe5, 0xe5, 0xe5, 
	0xe5, 0xe5, 0xe5, 0xe5, 0xe5, 0xe5, 0xe5, 0xe5, 
	0xe5, 0xe5, 0xe5, 0xe5, 0xe5, 0xe5, 0xe5, 0xe5, 
	0xe5, 0xe5, 0xe5, 0xe5, 0xe5, 0xe5, 0xe5, 0xe5, 
	0xe5, 0xe5, 0xe5, 0xe5, 0xe5, 0xe5, 0xe5, 0xe5, 
	0xe5, 0xe5, 0xe5, 0xe5, 0xe5, 0xe5, 0xe5, 0xe5, 
	0xe5, 0xe5, 0xe5, 0xe5, 0xe5, 0xe5, 0xe5, 0xe5, 
	0xe5, 0xe5, 0xe5, 0xe5, 0xe5, 0xe5, 0xe5, 0xe5, 
	0xe5, 0xe5, 0xe5, 0xe5, 0xe5, 0xe5, 0xe5, 0xe5, 
	0xe5, 0xe5, 0xe5, 0xe5, 0xe5, 0xe5, 0xe5, 0xe5, 
	0xe5, 0xe5, 0xe5, 0xe5, 0xe5, 0xe5, 0xe5, 0xe5, 
	0xe5, 0xe5, 0xe5, 0xe5, 0xe5, 0xe5, 0xe5, 0xe5, 
	0xe5, 0xe5, 0xe5, 0xe5, 0xe5, 0xe5, 0xe5, 0xe5, 
	0xe5, 0xe5, 0xe5, 0xe5, 0xe5, 0xe5, 0xe5, 0xe5, 
	0xe5, 0xe5, 0xe5, 0xe5, 0xe5, 0xe5, 0xe5, 0xe5, 
	0xe5, 0xe5, 0xe5, 0xe5, 0xe5, 0xe5, 0xe5, 0xe5, 
	0xe5, 0xe5, 0xe5, 0xe5, 0xe5, 0xe5, 0xe5, 0xe5, 
	0xe5, 0xe5, 0xe5, 0xe5, 0xe5, 0xe5, 0xe5, 0xe5, 
	0xe5, 0xe5, 0xe5, 0xe5, 0xe5, 0xe5, 0xe5, 0xe5, 
	0xe5, 0xe5, 0xe5, 0xe5, 0xe5, 0xe5, 0xe5, 0xe5, 
	0xe5, 0xe5, 0xe5, 0xe5, 0xe5, 0xe5, 0xe5, 0xe5, 
	0xe5, 0xe5, 0xe5, 0xe5, 0xe5, 0xe5, 0xe5, 0xe5, 
	0xe5, 0xe5, 0xe5, 0xe5, 0xe5, 0xe5, 0xe5, 0xe5, 
	0xe5, 0xe5, 0xe5, 0xe5, 0xe5, 0xe5, 0xe5, 0xe5, 
	0xe5, 0xe5, 0xe5, 0xe5, 0xe5, 0xe5, 0xe5, 0xe5, 
	0xe5, 0xe5, 0xe5, 0xe5, 0xe5, 0xe5, 0xe5, 0xe5, 
	0xe5, 0xe5, 0xe5, 0xe5, 0xe5, 0xe5, 0xe5, 0xe5, 
	0xe5, 0xe5, 0xe5, 0xe5, 0xe5, 0xe5, 0xe5, 0xe5, 
	0xe5, 0xe5, 0xe5, 0xe5, 0xe5, 0xe5, 0xe5, 0xe5, 
	0xe5, 0xe5, 0xe5, 0xe5, 0xe5, 0xe5, 0xe5, 0xe5, 
	0xe5, 0xe5, 0xe5, 0xe5, 0xe5, 0xe5, 0xe5, 0xe5, 
	0xa4, 0xa1, 0x4a, 0x97, 0x4a, 0x97, 0x4a, 0x97, 
	0x63, 0x1b, 0x09, 0x11, 0x29, 0xd5, 0x63, 0x1b, 
	0x3a, 0x57, 0x09, 0x51, 0x21, 0xd3, 0x21, 0xd3, 
	0x29, 0xd5, 0x09, 0x51, 0x09, 0x51, 0x09, 0x51, 
	0x01, 0x0f, 0x01, 0x0f, 0x19, 0x93, 0x01, 0x0f, 
	0x09, 0x11, 0x3a, 0x17, 0x21, 0x93, 0x09, 0x11, 
	0x11, 0x53, 0x11, 0x53, 0x01, 0x11, 0x19, 0x93, 
	0x09, 0x11, 0x09, 0x11, 0x09, 0x11, 0x3a, 0x17, 
	0x01, 0x11, 0x01, 0x11, 0x01, 0x11, 0x01, 0x11, 
	0x21, 0x95, 0x11, 0x53, 0x11, 0x53, 0x11, 0x53, 
	0x11, 0x53, 0x11, 0x53, 0x11, 0x53, 0x83, 0xdd, 
	0xfe, 0xeb, 0xfe, 0xeb, 0xfe, 0xeb, 0xee, 0x69, 
	0xf6, 0x69, 0xf6, 0x69, 0xf6, 0xad, 0xff, 0x2f, 
	0xfe, 0xed, 0xfe, 0xed, 0xe6, 0x29, 0xfe, 0xed, 
	0xff, 0x2f, 0xff, 0x2f, 0xf6, 0x69, 0xf6, 0x69, 
	0xfe, 0xed, 0xe6, 0x29, 0xfe, 0xed, 0xe6, 0x29, 
	0xf6, 0x6b, 0xf6, 0x6b, 0xfe, 0xed, 0xee, 0x27, 
	0xe5, 0xe5, 0xe5, 0xe5, 0xe5, 0xe5, 0xe5, 0xe5, 
	0xe5, 0xe5, 0xe5, 0xe5, 0xe5, 0xe5, 0xe5, 0xe5, 
	0xe5, 0xe5, 0xe5, 0xe5, 0xe5, 0xe5, 0xe5, 0xe5, 
	0xe5, 0xe5, 0xe5, 0xe5, 0xe5, 0xe5, 0xe5, 0xe5, 
	0xe5, 0xe5, 0xe5, 0xe5, 0xe5, 0xe5, 0xe5, 0xe5, 
	0xe5, 0xe5, 0xe5, 0xe5, 0xe5, 0xe5, 0xe5, 0xe5, 
	0xe5, 0xe5, 0xe5, 0xe5, 0xe5, 0xe5, 0xe5, 0xe5, 
	0xe5, 0xe5, 0xe5, 0xe5, 0xe5, 0xe5, 0xe5, 0xe5, 
	0xe5, 0xe5, 0xe5, 0xe5, 0xe5, 0xe5, 0xe5, 0xe5, 
	0xe5, 0xe5, 0xe5, 0xe5, 0xe5, 0xe5, 0xe5, 0xe5, 
	0xe5, 0xe5, 0xe5, 0xe5, 0xe5, 0xe5, 0xe5, 0xe5, 
	0xe5, 0xe5, 0xe5, 0xe5, 0xe5, 0xe5, 0xe5, 0xe5, 
	0xe5, 0xe5, 0xe5, 0xe5, 0xe5, 0xe5, 0xe5, 0xe5, 
	0xe5, 0xe5, 0xe5, 0xe5, 0xe5, 0xe5, 0xe5, 0xe5, 
	0xe5, 0xe5, 0xe5, 0xe5, 0xe5, 0xe5, 0xe5, 0xe5, 
	0xe5, 0xe5, 0xe5, 0xe5, 0xe5, 0xe5, 0xe5, 0xe5, 
	0xe5, 0xe5, 0xe5, 0xe5, 0xe5, 0xe5, 0xe5, 0xe5, 
	0xe5, 0xe5, 0xe5, 0xe5, 0xe5, 0xe5, 0xe5, 0xe5, 
	0xe5, 0xe5, 0xe5, 0xe5, 0xe5, 0xe5, 0xe5, 0xe5, 
	0xe5, 0xe5, 0xe5, 0xe5, 0xe5, 0xe5, 0xe5, 0xe5, 
	0xe5, 0xe5, 0xe5, 0xe5, 0xe5, 0xe5, 0xe5, 0xe5, 
	0xe5, 0xe5, 0xe5, 0xe5, 0xe5, 0xe5, 0xe5, 0xe5, 
	0xe5, 0xe5, 0xe5, 0xe5, 0xe5, 0xe5, 0xe5, 0xe5, 
	0xe5, 0xe5, 0xe5, 0xe5, 0xe5, 0xe5, 0xe5, 0xe5, 
	0xe5, 0xe5, 0xe5, 0xe5, 0xe5, 0xe5, 0xe5, 0xe5, 
	0xe5, 0xe5, 0xe5, 0xe5, 0xe5, 0xe5, 0xe5, 0xe5, 
	0xe5, 0xe5, 0xe5, 0xe5, 0xe5, 0xe5, 0xe5, 0xe5, 
	0xe5, 0xe5, 0xe5, 0xe5, 0xe5, 0xe5, 0xe5, 0xe5, 
	0xe5, 0xe5, 0xe5, 0xe5, 0xe5, 0xe5, 0xe5, 0xe5, 
	0xe5, 0xe5, 0xe5, 0xe5, 0xe5, 0xe5, 0xe5, 0xe5, 
	0xe5, 0xe5, 0xe5, 0xe5, 0xe5, 0xe5, 0xe5, 0xe5, 
	0xe5, 0xe5, 0xe5, 0xe5, 0xe5, 0xe5, 0xe5, 0xe5, 
	0xe5, 0xe5, 0xe5, 0xe5, 0xe5, 0xe5, 0xe5, 0xe5, 
	0xe5, 0xe5, 0xe5, 0xe5, 0xe5, 0xe5, 0xe5, 0xe5, 
	0xe5, 0xe5, 0xe5, 0xe5, 0xe5, 0xe5, 0xe5, 0xe5, 
	0xe5, 0xe5, 0xe5, 0xe5, 0xe5, 0xe5, 0xe5, 0xe5, 
	0xe5, 0xe5, 0xe5, 0xe5, 0xe5, 0xe5, 0xe5, 0xe5, 
	0xe5, 0xe5, 0xe5, 0xe5, 0xe5, 0xe5, 0xe5, 0xe5, 
	0xe5, 0xe5, 0xe5, 0xe5, 0xe5, 0xe5, 0xe5, 0xe5, 
	0xe5, 0xe5, 0xe5, 0xe5, 0xe5, 0xe5, 0xe5, 0xe5, 
	0xe5, 0xe5, 0xe5, 0xe5, 0xe5, 0xe5, 0xe5, 0xe5, 
	0xe5, 0xe5, 0xe5, 0xe5, 0xe5, 0xe5, 0xe5, 0xe5, 
	0xe5, 0xe5, 0xe5, 0xe5, 0xe5, 0xe5, 0xe5, 0xe5, 
	0xe5, 0xe5, 0xe5, 0xe5, 0xe5, 0xe5, 0xe5, 0xe5, 
	0xe5, 0xe5, 0xe5, 0xe5, 0xe5, 0xe5, 0xe5, 0xe5, 
	0xe5, 0xe5, 0xe5, 0xe5, 0xe5, 0xe5, 0xe5, 0xe5, 
	0xe5, 0xe5, 0xe5, 0xe5, 0xe5, 0xe5, 0xe5, 0xe5, 
	0x4a, 0x97, 0x4a, 0x97, 0x4a, 0x97, 0x4a, 0x97, 
	0x42, 0x57, 0x63, 0x1b, 0x42, 0x57, 0x63, 0x1b, 
	0x52, 0x99, 0x09, 0x51, 0x21, 0xd3, 0x21, 0xd3, 
	0x09, 0x51, 0x09, 0x51, 0x09, 0x51, 0x29, 0xd5, 
	0x2a, 0x15, 0x19, 0x93, 0x19, 0x93, 0x19, 0x93, 
	0x09, 0x11, 0x21, 0x93, 0x09, 0x11, 0x09, 0x11, 
	0x11, 0x53, 0x11, 0x53, 0x01, 0x11, 0x29, 0xd5, 
	0x09, 0x11, 0x09, 0x11, 0x09, 0x11, 0x19, 0x93, 
	0x42, 0x57, 0x01, 0x11, 0x01, 0x11, 0x01, 0x11, 
	0x11, 0x53, 0x09, 0x11, 0x21, 0x95, 0x21, 0x95, 
	0x11, 0x53, 0x11, 0x53, 0x11, 0x53, 0x5a, 0xd9, 
	0xfe, 0xeb, 0xfe, 0xeb, 0xfe, 0xeb, 0xfe, 0xeb, 
	0xf6, 0xad, 0xf6, 0x69, 0xf6, 0x69, 0xff, 0x2f, 
	0xfe, 0xed, 0xfe, 0xed, 0xe6, 0x29, 0xe6, 0x29, 
	0xf6, 0xed, 0xff, 0x2f, 0xee, 0x27, 0xf6, 0x69, 
	0xfe, 0xed, 0xfe, 0xed, 0xe6, 0x29, 0xe6, 0x29, 
	0xf6, 0x6b, 0xf6, 0x6b, 0xfe, 0xed, 0xee, 0x27, 
	0xe5, 0xe5, 0xe5, 0xe5, 0xe5, 0xe5, 0xe5, 0xe5, 
	0xe5, 0xe5, 0xe5, 0xe5, 0xe5, 0xe5, 0xe5, 0xe5, 
	0xe5, 0xe5, 0xe5, 0xe5, 0xe5, 0xe5, 0xe5, 0xe5, 
	0xe5, 0xe5, 0xe5, 0xe5, 0xe5, 0xe5, 0xe5, 0xe5, 
	0xe5, 0xe5, 0xe5, 0xe5, 0xe5, 0xe5, 0xe5, 0xe5, 
	0xe5, 0xe5, 0xe5, 0xe5, 0xe5, 0xe5, 0xe5, 0xe5, 
	0xe5, 0xe5, 0xe5, 0xe5, 0xe5, 0xe5, 0xe5, 0xe5, 
	0xe5, 0xe5, 0xe5, 0xe5, 0xe5, 0xe5, 0xe5, 0xe5, 
	0xe5, 0xe5, 0xe5, 0xe5, 0xe5, 0xe5, 0xe5, 0xe5, 
	0xe5, 0xe5, 0xe5, 0xe5, 0xe5, 0xe5, 0xe5, 0xe5, 
	0xe5, 0xe5, 0xe5, 0xe5, 0xe5, 0xe5, 0xe5, 0xe5, 
	0xe5, 0xe5, 0xe5, 0xe5, 0xe5, 0xe5, 0xe5, 0xe5, 
	0xe5, 0xe5, 0xe5, 0xe5, 0xe5, 0xe5, 0xe5, 0xe5, 
	0xe5, 0xe5, 0xe5, 0xe5, 0xe5, 0xe5, 0xe5, 0xe5, 
	0xe5, 0xe5, 0xe5, 0xe5, 0xe5, 0xe5, 0xe5, 0xe5, 
	0xe5, 0xe5, 0xe5, 0xe5, 0xe5, 0xe5, 0xe5, 0xe5, 
	0xe5, 0xe5, 0xe5, 0xe5, 0xe5, 0xe5, 0xe5, 0xe5, 
	0xe5, 0xe5, 0xe5, 0xe5, 0xe5, 0xe5, 0xe5, 0xe5, 
	0xe5, 0xe5, 0xe5, 0xe5, 0xe5, 0xe5, 0xe5, 0xe5, 
	0xe5, 0xe5, 0xe5, 0xe5, 0xe5, 0xe5, 0xe5, 0xe5, 
	0xe5, 0xe5, 0xe5, 0xe5, 0xe5, 0xe5, 0xe5, 0xe5, 
	0xe5, 0xe5, 0xe5, 0xe5, 0xe5, 0xe5, 0xe5, 0xe5, 
	0xe5, 0xe5, 0xe5, 0xe5, 0xe5, 0xe5, 0xe5, 0xe5, 
	0xe5, 0xe5, 0xe5, 0xe5, 0xe5, 0xe5, 0xe5, 0xe5, 
	0xe5, 0xe5, 0xe5, 0xe5, 0xe5, 0xe5, 0xe5, 0xe5, 
	0xe5, 0xe5, 0xe5, 0xe5, 0xe5, 0xe5, 0xe5, 0xe5, 
	0xe5, 0xe5, 0xe5, 0xe5, 0xe5, 0xe5, 0xe5, 0xe5, 
	0xe5, 0xe5, 0xe5, 0xe5, 0xe5, 0xe5, 0xe5, 0xe5, 
	0xe5, 0xe5, 0xe5, 0xe5, 0xe5, 0xe5, 0xe5, 0xe5, 
	0xe5, 0xe5, 0xe5, 0xe5, 0xe5, 0xe5, 0xe5, 0xe5, 
	0xe5, 0xe5, 0xe5, 0xe5, 0xe5, 0xe5, 0xe5, 0xe5, 
	0xe5, 0xe5, 0xe5, 0xe5, 0xe5, 0xe5, 0xe5, 0xe5, 
	0xe5, 0xe5, 0xe5, 0xe5, 0xe5, 0xe5, 0xe5, 0xe5, 
	0xe5, 0xe5, 0xe5, 0xe5, 0xe5, 0xe5, 0xe5, 0xe5, 
	0xe5, 0xe5, 0xe5, 0xe5, 0xe5, 0xe5, 0xe5, 0xe5, 
	0xe5, 0xe5, 0xe5, 0xe5, 0xe5, 0xe5, 0xe5, 0xe5, 
	0xe5, 0xe5, 0xe5, 0xe5, 0xe5, 0xe5, 0xe5, 0xe5, 
	0xe5, 0xe5, 0xe5, 0xe5, 0xe5, 0xe5, 0xe5, 0xe5, 
	0xe5, 0xe5, 0xe5, 0xe5, 0xe5, 0xe5, 0xe5, 0xe5, 
	0xe5, 0xe5, 0xe5, 0xe5, 0xe5, 0xe5, 0xe5, 0xe5, 
	0xe5, 0xe5, 0xe5, 0xe5, 0xe5, 0xe5, 0xe5, 0xe5, 
	0xe5, 0xe5, 0xe5, 0xe5, 0xe5, 0xe5, 0xe5, 0xe5, 
	0xe5, 0xe5, 0xe5, 0xe5, 0xe5, 0xe5, 0xe5, 0xe5, 
	0xe5, 0xe5, 0xe5, 0xe5, 0xe5, 0xe5, 0xe5, 0xe5, 
	0xe5, 0xe5, 0xe5, 0xe5, 0xe5, 0xe5, 0xe5, 0xe5, 
	0xe5, 0xe5, 0xe5, 0xe5, 0xe5, 0xe5, 0xe5, 0xe5, 
	0xe5, 0xe5, 0xe5, 0xe5, 0xe5, 0xe5, 0x9c, 0x5f, 
	0x7b, 0x9d, 0x4a, 0x97, 0x4a, 0x97, 0x4a, 0x97, 
	0x42, 0x57, 0x29, 0xd5, 0x29, 0xd5, 0x09, 0x11, 
	0x3a, 0x57, 0x3a, 0x57, 0x3a, 0x57, 0x3a, 0x57, 
	0x09, 0x51, 0x09, 0x51, 0x09, 0x51, 0x29, 0xd5, 
	0x42, 0x99, 0x2a, 0x15, 0x2a, 0x15, 0x2a, 0x15, 
	0x52, 0x99, 0x21, 0x93, 0x09, 0x11, 0x09, 0x11, 
	0x01, 0x11, 0x11, 0x53, 0x11, 0x53, 0x11, 0x53, 
	0x29, 0xd5, 0x09, 0x11, 0x29, 0xd5, 0x09, 0x11, 
	0x01, 0x11, 0x42, 0x57, 0x01, 0x11, 0x01, 0x11, 
	0x11, 0x53, 0x11, 0x53, 0x11, 0x53, 0x11, 0x53, 
	0x11, 0x53, 0x11, 0x53, 0x11, 0x53, 0x3a, 0x17, 
	0xee, 0x69, 0xfe, 0xeb, 0xfe, 0xeb, 0xfe, 0xeb, 
	0xff, 0x2f, 0xff, 0x2f, 0xf6, 0x69, 0xf6, 0xad, 
	0xfe, 0xed, 0xe6, 0x29, 0xe6, 0x29, 0xbc, 0xa1, 
	0xff, 0x2f, 0xee, 0x27, 0xf6, 0xed, 0xf6, 0xed, 
	0xfe, 0xed, 0xfe, 0xed, 0xe6, 0x29, 0xe6, 0x29, 
	0xfe, 0xed, 0xf6, 0x6b, 0xfe, 0xed, 0xfe, 0xed, 
	0xfe, 0xab, 0xe5, 0xe5, 0xe5, 0xe5, 0xe5, 0xe5, 
	0xe5, 0xe5, 0xe5, 0xe5, 0xe5, 0xe5, 0xe5, 0xe5, 
	0xe5, 0xe5, 0xe5, 0xe5, 0xe5, 0xe5, 0xe5, 0xe5, 
	0xe5, 0xe5, 0xe5, 0xe5, 0xe5, 0xe5, 0xe5, 0xe5, 
	0xe5, 0xe5, 0xe5, 0xe5, 0xe5, 0xe5, 0xe5, 0xe5, 
	0xe5, 0xe5, 0xe5, 0xe5, 0xe5, 0xe5, 0xe5, 0xe5, 
	0xe5, 0xe5, 0xe5, 0xe5, 0xe5, 0xe5, 0xe5, 0xe5, 
	0xe5, 0xe5, 0xe5, 0xe5, 0xe5, 0xe5, 0xe5, 0xe5, 
	0xe5, 0xe5, 0xe5, 0xe5, 0xe5, 0xe5, 0xe5, 0xe5, 
	0xe5, 0xe5, 0xe5, 0xe5, 0xe5, 0xe5, 0xe5, 0xe5, 
	0xe5, 0xe5, 0xe5, 0xe5, 0xe5, 0xe5, 0xe5, 0xe5, 
	0xe5, 0xe5, 0xe5, 0xe5, 0xe5, 0xe5, 0xe5, 0xe5, 
	0xe5, 0xe5, 0xe5, 0xe5, 0xe5, 0xe5, 0xe5, 0xe5, 
	0xe5, 0xe5, 0xe5, 0xe5, 0xe5, 0xe5, 0xe5, 0xe5, 
	0xe5, 0xe5, 0xe5, 0xe5, 0xe5, 0xe5, 0xe5, 0xe5, 
	0xe5, 0xe5, 0xe5, 0xe5, 0xe5, 0xe5, 0xe5, 0xe5, 
	0xe5, 0xe5, 0xe5, 0xe5, 0xe5, 0xe5, 0xe5, 0xe5, 
	0xe5, 0xe5, 0xe5, 0xe5, 0xe5, 0xe5, 0xe5, 0xe5, 
	0xe5, 0xe5, 0xe5, 0xe5, 0xe5, 0xe5, 0xe5, 0xe5, 
	0xe5, 0xe5, 0xe5, 0xe5, 0xe5, 0xe5, 0xe5, 0xe5, 
	0xe5, 0xe5, 0xe5, 0xe5, 0xe5, 0xe5, 0xe5, 0xe5, 
	0xe5, 0xe5, 0xe5, 0xe5, 0xe5, 0xe5, 0xe5, 0xe5, 
	0xe5, 0xe5, 0xe5, 0xe5, 0xe5, 0xe5, 0xe5, 0xe5, 
	0xe5, 0xe5, 0xe5, 0xe5, 0xe5, 0xe5, 0xe5, 0xe5, 
	0xe5, 0xe5, 0xe5, 0xe5, 0xe5, 0xe5, 0xe5, 0xe5, 
	0xe5, 0xe5, 0xe5, 0xe5, 0xe5, 0xe5, 0xe5, 0xe5, 
	0xe5, 0xe5, 0xe5, 0xe5, 0xe5, 0xe5, 0xe5, 0xe5, 
	0xe5, 0xe5, 0xe5, 0xe5, 0xe5, 0xe5, 0xe5, 0xe5, 
	0xe5, 0xe5, 0xe5, 0xe5, 0xe5, 0xe5, 0xe5, 0xe5, 
	0xe5, 0xe5, 0xe5, 0xe5, 0xe5, 0xe5, 0xe5, 0xe5, 
	0xe5, 0xe5, 0xe5, 0xe5, 0xe5, 0xe5, 0xe5, 0xe5, 
	0xe5, 0xe5, 0xe5, 0xe5, 0xe5, 0xe5, 0xe5, 0xe5, 
	0xe5, 0xe5, 0xe5, 0xe5, 0xe5, 0xe5, 0xe5, 0xe5, 
	0xe5, 0xe5, 0xe5, 0xe5, 0xe5, 0xe5, 0xe5, 0xe5, 
	0xe5, 0xe5, 0xe5, 0xe5, 0xe5, 0xe5, 0xe5, 0xe5, 
	0xe5, 0xe5, 0xe5, 0xe5, 0xe5, 0xe5, 0xe5, 0xe5, 
	0xe5, 0xe5, 0xe5, 0xe5, 0xe5, 0xe5, 0xe5, 0xe5, 
	0xe5, 0xe5, 0xe5, 0xe5, 0xe5, 0xe5, 0xe5, 0xe5, 
	0xe5, 0xe5, 0xe5, 0xe5, 0xe5, 0xe5, 0xe5, 0xe5, 
	0xe5, 0xe5, 0xe5, 0xe5, 0xe5, 0xe5, 0xe5, 0xe5, 
	0xe5, 0xe5, 0xe5, 0xe5, 0xe5, 0xe5, 0xe5, 0xe5, 
	0xe5, 0xe5, 0xe5, 0xe5, 0xe5, 0xe5, 0xe5, 0xe5, 
	0xe5, 0xe5, 0xe5, 0xe5, 0xe5, 0xe5, 0xe5, 0xe5, 
	0xe5, 0xe5, 0xe5, 0xe5, 0xe5, 0xe5, 0xe5, 0xe5, 
	0xe5, 0xe5, 0xe5, 0xe5, 0xe5, 0xe5, 0xe5, 0xe5, 
	0xe5, 0xe5, 0xe5, 0xe5, 0xe5, 0xe5, 0xe5, 0xe5, 
	0xe5, 0xe5, 0xe5, 0xe5, 0xe5, 0xe5, 0x52, 0xd9, 
	0x7b, 0x9d, 0x4a, 0x97, 0x21, 0x93, 0x21, 0x93, 
	0x29, 0xd5, 0x29, 0xd5, 0x09, 0x11, 0x09, 0x11, 
	0x09, 0x51, 0x21, 0xd3, 0x3a, 0x57, 0x3a, 0x57, 
	0x6b, 0x1b, 0x29, 0xd5, 0x09, 0x51, 0x09, 0x51, 
	0x01, 0x0f, 0x01, 0x0f, 0x01, 0x0f, 0x01, 0x0f, 
	0x09, 0x11, 0x09, 0x11, 0x09, 0x11, 0x09, 0x11, 
	0x01, 0x11, 0x11, 0x53, 0x11, 0x53, 0x11, 0x53, 
	0x09, 0x11, 0x19, 0x93, 0x09, 0x11, 0x09, 0x11, 
	0x01, 0x11, 0x01, 0x11, 0x01, 0x11, 0x01, 0x11, 
	0x11, 0x53, 0x11, 0x53, 0x11, 0x53, 0x11, 0x53, 
	0x11, 0x53, 0x11, 0x53, 0x11, 0x53, 0x11, 0x53, 
	0xcd, 0xa5, 0xfe, 0xeb, 0xfe, 0xeb, 0xfe, 0xeb, 
	0xff, 0x2f, 0xf6, 0xad, 0xed, 0xe7, 0xf6, 0x69, 
	0xfe, 0xed, 0xd5, 0x65, 0xfe, 0xed, 0xfe, 0xed, 
	0xff, 0x2f, 0xf6, 0xed, 0xff, 0x2f, 0xff, 0x2f, 
	0xe6, 0x29, 0xfe, 0xed, 0xe6, 0x29, 0xbc, 0x9f, 
	0xfe, 0xed, 0xee, 0x27, 0xf6, 0x6b, 0xe5, 0xe5, 
	0xfe, 0xab, 0xdd, 0xa3, 0xe5, 0xe5, 0xe5, 0xe5, 
	0xe5, 0xe5, 0xe5, 0xe5, 0xe5, 0xe5, 0xe5, 0xe5, 
	0xe5, 0xe5, 0xe5, 0xe5, 0xe5, 0xe5, 0xe5, 0xe5, 
	0xe5, 0xe5, 0xe5, 0xe5, 0xe5, 0xe5, 0xe5, 0xe5, 
	0xe5, 0xe5, 0xe5, 0xe5, 0xe5, 0xe5, 0xe5, 0xe5, 
	0xe5, 0xe5, 0xe5, 0xe5, 0xe5, 0xe5, 0xe5, 0xe5, 
	0xe5, 0xe5, 0xe5, 0xe5, 0xe5, 0xe5, 0xe5, 0xe5, 
	0xe5, 0xe5, 0xe5, 0xe5, 0xe5, 0xe5, 0xe5, 0xe5, 
	0xe5, 0xe5, 0xe5, 0xe5, 0xe5, 0xe5, 0xe5, 0xe5, 
	0xe5, 0xe5, 0xe5, 0xe5, 0xe5, 0xe5, 0xe5, 0xe5, 
	0xe5, 0xe5, 0xe5, 0xe5, 0xe5, 0xe5, 0xe5, 0xe5, 
	0xe5, 0xe5, 0xe5, 0xe5, 0xe5, 0xe5, 0xe5, 0xe5, 
	0xe5, 0xe5, 0xe5, 0xe5, 0xe5, 0xe5, 0xe5, 0xe5, 
	0xe5, 0xe5, 0xe5, 0xe5, 0xe5, 0xe5, 0xe5, 0xe5, 
	0xe5, 0xe5, 0xe5, 0xe5, 0xe5, 0xe5, 0xe5, 0xe5, 
	0xe5, 0xe5, 0xe5, 0xe5, 0xe5, 0xe5, 0xe5, 0xe5, 
	0xe5, 0xe5, 0xe5, 0xe5, 0xe5, 0xe5, 0xe5, 0xe5, 
	0xe5, 0xe5, 0xe5, 0xe5, 0xe5, 0xe5, 0xe5, 0xe5, 
	0xe5, 0xe5, 0xe5, 0xe5, 0xe5, 0xe5, 0xe5, 0xe5, 
	0xe5, 0xe5, 0xe5, 0xe5, 0xe5, 0xe5, 0xe5, 0xe5, 
	0xe5, 0xe5, 0xe5, 0xe5, 0xe5, 0xe5, 0xe5, 0xe5, 
	0xe5, 0xe5, 0xe5, 0xe5, 0xe5, 0xe5, 0xe5, 0xe5, 
	0xe5, 0xe5, 0xe5, 0xe5, 0xe5, 0xe5, 0xe5, 0xe5, 
	0xe5, 0xe5, 0xe5, 0xe5, 0xe5, 0xe5, 0xe5, 0xe5, 
	0xe5, 0xe5, 0xe5, 0xe5, 0xe5, 0xe5, 0xe5, 0xe5, 
	0xe5, 0xe5, 0xe5, 0xe5, 0xe5, 0xe5, 0xe5, 0xe5, 
	0xe5, 0xe5, 0xe5, 0xe5, 0xe5, 0xe5, 0xe5, 0xe5, 
	0xe5, 0xe5, 0xe5, 0xe5, 0xe5, 0xe5, 0xe5, 0xe5, 
	0xe5, 0xe5, 0xe5, 0xe5, 0xe5, 0xe5, 0xe5, 0xe5, 
	0xe5, 0xe5, 0xe5, 0xe5, 0xe5, 0xe5, 0xe5, 0xe5, 
	0xe5, 0xe5, 0xe5, 0xe5, 0xe5, 0xe5, 0xe5, 0xe5, 
	0xe5, 0xe5, 0xe5, 0xe5, 0xe5, 0xe5, 0xe5, 0xe5, 
	0xe5, 0xe5, 0xe5, 0xe5, 0xe5, 0xe5, 0xe5, 0xe5, 
	0xe5, 0xe5, 0xe5, 0xe5, 0xe5, 0xe5, 0xe5, 0xe5, 
	0xe5, 0xe5, 0xe5, 0xe5, 0xe5, 0xe5, 0xe5, 0xe5, 
	0xe5, 0xe5, 0xe5, 0xe5, 0xe5, 0xe5, 0xe5, 0xe5, 
	0xe5, 0xe5, 0xe5, 0xe5, 0xe5, 0xe5, 0xe5, 0xe5, 
	0xe5, 0xe5, 0xe5, 0xe5, 0xe5, 0xe5, 0xe5, 0xe5, 
	0xe5, 0xe5, 0xe5, 0xe5, 0xe5, 0xe5, 0xe5, 0xe5, 
	0xe5, 0xe5, 0xe5, 0xe5, 0xe5, 0xe5, 0xe5, 0xe5, 
	0xe5, 0xe5, 0xe5, 0xe5, 0xe5, 0xe5, 0xe5, 0xe5, 
	0xe5, 0xe5, 0xe5, 0xe5, 0xe5, 0xe5, 0xe5, 0xe5, 
	0xe5, 0xe5, 0xe5, 0xe5, 0xe5, 0xe5, 0xe5, 0xe5, 
	0xe5, 0xe5, 0xe5, 0xe5, 0xe5, 0xe5, 0xe5, 0xe5, 
	0xe5, 0xe5, 0xe5, 0xe5, 0xe5, 0xe5, 0xe5, 0xe5, 
	0xe5, 0xe5, 0xe5, 0xe5, 0xe5, 0xe5, 0xe5, 0xe5, 
	0xe5, 0xe5, 0xe5, 0xe5, 0x9c, 0x1f, 0x73, 0x5b, 
	0x42, 0x57, 0x5a, 0xd9, 0x29, 0xd3, 0x11, 0x51, 
	0x52, 0x99, 0x52, 0x99, 0x09, 0x11, 0x09, 0x11, 
	0x01, 0x0f, 0x01, 0x0f, 0x01, 0x0f, 0x01, 0x0f, 
	0x11, 0x53, 0x11, 0x53, 0x29, 0xd5, 0x01, 0x11, 
	0x01, 0x0f, 0x01, 0x0f, 0x21, 0xd5, 0x21, 0xd5, 
	0x19, 0x53, 0x09, 0x11, 0x21, 0xd5, 0x19, 0x53, 
	0x11, 0x53, 0x19, 0x55, 0x11, 0x53, 0x11, 0x53, 
	0x11, 0x53, 0x11, 0x53, 0x21, 0x95, 0x29, 0xd5, 
	0x21, 0xd5, 0x21, 0xd5, 0x09, 0x51, 0x09, 0x51, 
	0x19, 0x93, 0x09, 0x11, 0x09, 0x11, 0x3a, 0x17, 
	0x21, 0x97, 0x11, 0x53, 0x09, 0x11, 0x11, 0x53, 
	0x83, 0xdf, 0xfe, 0xed, 0xfe, 0xed, 0xfe, 0xed, 
	0xff, 0x2f, 0xff, 0x2f, 0xff, 0x2f, 0xff, 0x2f, 
	0xfe, 0xed, 0xfe, 0xed, 0xfe, 0xed, 0xee, 0x6b, 
	0xff, 0x2f, 0xff, 0x2f, 0xf6, 0xad, 0xff, 0x2f, 
	0xf6, 0xab, 0xf6, 0xab, 0xf6, 0xab, 0xff, 0x2d, 
	0xf6, 0xab, 0xe6, 0x29, 0xe6, 0x29, 0xf6, 0xab, 
	0xfe, 0xeb, 0xfe, 0xeb, 0xee, 0x29, 0xe5, 0xe7, 
	0xe5, 0xe5, 0xe5, 0xe5, 0xe5, 0xe5, 0xe5, 0xe5, 
	0xe5, 0xe5, 0xe5, 0xe5, 0xe5, 0xe5, 0xe5, 0xe5, 
	0xe5, 0xe5, 0xe5, 0xe5, 0xe5, 0xe5, 0xe5, 0xe5, 
	0xe5, 0xe5, 0xe5, 0xe5, 0xe5, 0xe5, 0xe5, 0xe5, 
	0xe5, 0xe5, 0xe5, 0xe5, 0xe5, 0xe5, 0xe5, 0xe5, 
	0xe5, 0xe5, 0xe5, 0xe5, 0xe5, 0xe5, 0xe5, 0xe5, 
	0xe5, 0xe5, 0xe5, 0xe5, 0xe5, 0xe5, 0xe5, 0xe5, 
	0xe5, 0xe5, 0xe5, 0xe5, 0xe5, 0xe5, 0xe5, 0xe5, 
	0xe5, 0xe5, 0xe5, 0xe5, 0xe5, 0xe5, 0xe5, 0xe5, 
	0xe5, 0xe5, 0xe5, 0xe5, 0xe5, 0xe5, 0xe5, 0xe5, 
	0xe5, 0xe5, 0xe5, 0xe5, 0xe5, 0xe5, 0xe5, 0xe5, 
	0xe5, 0xe5, 0xe5, 0xe5, 0xe5, 0xe5, 0xe5, 0xe5, 
	0xe5, 0xe5, 0xe5, 0xe5, 0xe5, 0xe5, 0xe5, 0xe5, 
	0xe5, 0xe5, 0xe5, 0xe5, 0xe5, 0xe5, 0xe5, 0xe5, 
	0xe5, 0xe5, 0xe5, 0xe5, 0xe5, 0xe5, 0xe5, 0xe5, 
	0xe5, 0xe5, 0xe5, 0xe5, 0xe5, 0xe5, 0xe5, 0xe5, 
	0xe5, 0xe5, 0xe5, 0xe5, 0xe5, 0xe5, 0xe5, 0xe5, 
	0xe5, 0xe5, 0xe5, 0xe5, 0xe5, 0xe5, 0xe5, 0xe5, 
	0xe5, 0xe5, 0xe5, 0xe5, 0xe5, 0xe5, 0xe5, 0xe5, 
	0xe5, 0xe5, 0xe5, 0xe5, 0xe5, 0xe5, 0xe5, 0xe5, 
	0xe5, 0xe5, 0xe5, 0xe5, 0xe5, 0xe5, 0xe5, 0xe5, 
	0xe5, 0xe5, 0xe5, 0xe5, 0xe5, 0xe5, 0xe5, 0xe5, 
	0xe5, 0xe5, 0xe5, 0xe5, 0xe5, 0xe5, 0xe5, 0xe5, 
	0xe5, 0xe5, 0xe5, 0xe5, 0xe5, 0xe5, 0xe5, 0xe5, 
	0xe5, 0xe5, 0xe5, 0xe5, 0xe5, 0xe5, 0xe5, 0xe5, 
	0xe5, 0xe5, 0xe5, 0xe5, 0xe5, 0xe5, 0xe5, 0xe5, 
	0xe5, 0xe5, 0xe5, 0xe5, 0xe5, 0xe5, 0xe5, 0xe5, 
	0xe5, 0xe5, 0xe5, 0xe5, 0xe5, 0xe5, 0xe5, 0xe5, 
	0xe5, 0xe5, 0xe5, 0xe5, 0xe5, 0xe5, 0xe5, 0xe5, 
	0xe5, 0xe5, 0xe5, 0xe5, 0xe5, 0xe5, 0xe5, 0xe5, 
	0xe5, 0xe5, 0xe5, 0xe5, 0xe5, 0xe5, 0xe5, 0xe5, 
	0xe5, 0xe5, 0xe5, 0xe5, 0xe5, 0xe5, 0xe5, 0xe5, 
	0xe5, 0xe5, 0xe5, 0xe5, 0xe5, 0xe5, 0xe5, 0xe5, 
	0xe5, 0xe5, 0xe5, 0xe5, 0xe5, 0xe5, 0xe5, 0xe5, 
	0xe5, 0xe5, 0xe5, 0xe5, 0xe5, 0xe5, 0xe5, 0xe5, 
	0xe5, 0xe5, 0xe5, 0xe5, 0xe5, 0xe5, 0xe5, 0xe5, 
	0xe5, 0xe5, 0xe5, 0xe5, 0xe5, 0xe5, 0xe5, 0xe5, 
	0xe5, 0xe5, 0xe5, 0xe5, 0xe5, 0xe5, 0xe5, 0xe5, 
	0xe5, 0xe5, 0xe5, 0xe5, 0xe5, 0xe5, 0xe5, 0xe5, 
	0xe5, 0xe5, 0xe5, 0xe5, 0xe5, 0xe5, 0xe5, 0xe5, 
	0xe5, 0xe5, 0xe5, 0xe5, 0xe5, 0xe5, 0xe5, 0xe5, 
	0xe5, 0xe5, 0xe5, 0xe5, 0xe5, 0xe5, 0xe5, 0xe5, 
	0xe5, 0xe5, 0xe5, 0xe5, 0xe5, 0xe5, 0xe5, 0xe5, 
	0xe5, 0xe5, 0xe5, 0xe5, 0xe5, 0xe5, 0xe5, 0xe5, 
	0xe5, 0xe5, 0xe5, 0xe5, 0xe5, 0xe5, 0xe5, 0xe5, 
	0xe5, 0xe5, 0xe5, 0xe5, 0x9c, 0x1f, 0x73, 0x5b, 
	0x42, 0x57, 0x42, 0x57, 0x42, 0x57, 0x42, 0x57, 
	0x52, 0x99, 0x52, 0x99, 0x09, 0x11, 0x09, 0x11, 
	0x29, 0xd5, 0x01, 0x0f, 0x19, 0x51, 0x19, 0x51, 
	0x11, 0x53, 0x11, 0x53, 0x29, 0xd5, 0x01, 0x11, 
	0x32, 0x17, 0x21, 0xd5, 0x32, 0x17, 0x21, 0xd5, 
	0x21, 0xd5, 0x19, 0x53, 0x21, 0xd5, 0x19, 0x53, 
	0x01, 0x0f, 0x11, 0x53, 0x11, 0x53, 0x11, 0x53, 
	0x11, 0x53, 0x11, 0x53, 0x21, 0x95, 0x21, 0x95, 
	0x42, 0x57, 0x5a, 0xdb, 0x21, 0xd5, 0x21, 0xd5, 
	0x09, 0x11, 0x3a, 0x17, 0x09, 0x11, 0x19, 0x93, 
	0x11, 0x53, 0x09, 0x11, 0x09, 0x11, 0x09, 0x11, 
	0x42, 0x57, 0xbd, 0x65, 0xfe, 0xed, 0xfe, 0xed, 
	0xf6, 0xab, 0xff, 0x2f, 0xf6, 0xab, 0xff, 0x2f, 
	0xfe, 0xed, 0xfe, 0xed, 0xfe, 0xed, 0xee, 0x6b, 
	0xf6, 0xad, 0xff, 0x2f, 0xee, 0x29, 0xff, 0x2f, 
	0xdd, 0xa5, 0xe6, 0x27, 0xff, 0x2d, 0xff, 0x2d, 
	0xf6, 0xab, 0xdd, 0xa5, 0xff, 0x2f, 0xff, 0x2f, 
	0xfe, 0xeb, 0xf6, 0x69, 0xfe, 0xeb, 0xee, 0x29, 
	0xe5, 0xe5, 0xe5, 0xe5, 0xe5, 0xe5, 0xe5, 0xe5, 
	0xe5, 0xe5, 0xe5, 0xe5, 0xe5, 0xe5, 0xe5, 0xe5, 
	0xe5, 0xe5, 0xe5, 0xe5, 0xe5, 0xe5, 0xe5, 0xe5, 
	0xe5, 0xe5, 0xe5, 0xe5, 0xe5, 0xe5, 0xe5, 0xe5, 
	0xe5, 0xe5, 0xe5, 0xe5, 0xe5, 0xe5, 0xe5, 0xe5, 
	0xe5, 0xe5, 0xe5, 0xe5, 0xe5, 0xe5, 0xe5, 0xe5, 
	0xe5, 0xe5, 0xe5, 0xe5, 0xe5, 0xe5, 0xe5, 0xe5, 
	0xe5, 0xe5, 0xe5, 0xe5, 0xe5, 0xe5, 0xe5, 0xe5, 
	0xe5, 0xe5, 0xe5, 0xe5, 0xe5, 0xe5, 0xe5, 0xe5, 
	0xe5, 0xe5, 0xe5, 0xe5, 0xe5, 0xe5, 0xe5, 0xe5, 
	0xe5, 0xe5, 0xe5, 0xe5, 0xe5, 0xe5, 0xe5, 0xe5, 
	0xe5, 0xe5, 0xe5, 0xe5, 0xe5, 0xe5, 0xe5, 0xe5, 
	0xe5, 0xe5, 0xe5, 0xe5, 0xe5, 0xe5, 0xe5, 0xe5, 
	0xe5, 0xe5, 0xe5, 0xe5, 0xe5, 0xe5, 0xe5, 0xe5, 
	0xe5, 0xe5, 0xe5, 0xe5, 0xe5, 0xe5, 0xe5, 0xe5, 
	0xe5, 0xe5, 0xe5, 0xe5, 0xe5, 0xe5, 0xe5, 0xe5, 
	0xe5, 0xe5, 0xe5, 0xe5, 0xe5, 0xe5, 0xe5, 0xe5, 
	0xe5, 0xe5, 0xe5, 0xe5, 0xe5, 0xe5, 0xe5, 0xe5, 
	0xe5, 0xe5, 0xe5, 0xe5, 0xe5, 0xe5, 0xe5, 0xe5, 
	0xe5, 0xe5, 0xe5, 0xe5, 0xe5, 0xe5, 0xe5, 0xe5, 
	0xe5, 0xe5, 0xe5, 0xe5, 0xe5, 0xe5, 0xe5, 0xe5, 
	0xe5, 0xe5, 0xe5, 0xe5, 0xe5, 0xe5, 0xe5, 0xe5, 
	0xe5, 0xe5, 0xe5, 0xe5, 0xe5, 0xe5, 0xe5, 0xe5, 
	0xe5, 0xe5, 0xe5, 0xe5, 0xe5, 0xe5, 0xe5, 0xe5, 
	0xe5, 0xe5, 0xe5, 0xe5, 0xe5, 0xe5, 0xe5, 0xe5, 
	0xe5, 0xe5, 0xe5, 0xe5, 0xe5, 0xe5, 0xe5, 0xe5, 
	0xe5, 0xe5, 0xe5, 0xe5, 0xe5, 0xe5, 0xe5, 0xe5, 
	0xe5, 0xe5, 0xe5, 0xe5, 0xe5, 0xe5, 0xe5, 0xe5, 
	0xe5, 0xe5, 0xe5, 0xe5, 0xe5, 0xe5, 0xe5, 0xe5, 
	0xe5, 0xe5, 0xe5, 0xe5, 0xe5, 0xe5, 0xe5, 0xe5, 
	0xe5, 0xe5, 0xe5, 0xe5, 0xe5, 0xe5, 0xe5, 0xe5, 
	0xe5, 0xe5, 0xe5, 0xe5, 0xe5, 0xe5, 0xe5, 0xe5, 
	0xe5, 0xe5, 0xe5, 0xe5, 0xe5, 0xe5, 0xe5, 0xe5, 
	0xe5, 0xe5, 0xe5, 0xe5, 0xe5, 0xe5, 0xe5, 0xe5, 
	0xe5, 0xe5, 0xe5, 0xe5, 0xe5, 0xe5, 0xe5, 0xe5, 
	0xe5, 0xe5, 0xe5, 0xe5, 0xe5, 0xe5, 0xe5, 0xe5, 
	0xe5, 0xe5, 0xe5, 0xe5, 0xe5, 0xe5, 0xe5, 0xe5, 
	0xe5, 0xe5, 0xe5, 0xe5, 0xe5, 0xe5, 0xe5, 0xe5, 
	0xe5, 0xe5, 0xe5, 0xe5, 0xe5, 0xe5, 0xe5, 0xe5, 
	0xe5, 0xe5, 0xe5, 0xe5, 0xe5, 0xe5, 0xe5, 0xe5, 
	0xe5, 0xe5, 0xe5, 0xe5, 0xe5, 0xe5, 0xe5, 0xe5, 
	0xe5, 0xe5, 0xe5, 0xe5, 0xe5, 0xe5, 0xe5, 0xe5, 
	0xe5, 0xe5, 0xe5, 0xe5, 0xe5, 0xe5, 0xe5, 0xe5, 
	0xe5, 0xe5, 0xe5, 0xe5, 0xe5, 0xe5, 0xe5, 0xe5, 
	0xe5, 0xe5, 0xe5, 0xe5, 0xe5, 0xe5, 0xe5, 0xe5, 
	0xe5, 0xe5, 0x9c, 0x1f, 0x73, 0x5b, 0x73, 0x5b, 
	0x5a, 0xd9, 0x42, 0x57, 0x5a, 0xd9, 0x42, 0x57, 
	0x09, 0x11, 0x21, 0x93, 0x3a, 0x17, 0x09, 0x11, 
	0x01, 0x0f, 0x42, 0x57, 0x29, 0xd5, 0x29, 0xd5, 
	0x01, 0x11, 0x01, 0x11, 0x3a, 0x17, 0x29, 0xd5, 
	0x01, 0x0f, 0x01, 0x0f, 0x01, 0x0f, 0x01, 0x0f, 
	0x09, 0x11, 0x09, 0x11, 0x21, 0xd5, 0x09, 0x11, 
	0x01, 0x0f, 0x01, 0x0f, 0x11, 0x53, 0x11, 0x53, 
	0x11, 0x53, 0x11, 0x53, 0x21, 0x95, 0x29, 0xd5, 
	0x21, 0xd5, 0x5a, 0xdb, 0x09, 0x51, 0x09, 0x51, 
	0x09, 0x11, 0x19, 0x93, 0x29, 0xd5, 0x09, 0x11, 
	0x11, 0x53, 0x11, 0x53, 0x11, 0x53, 0x11, 0x53, 
	0x42, 0x57, 0xfe, 0xed, 0xfe, 0xed, 0xfe, 0xed, 
	0xf6, 0xab, 0xff, 0x2f, 0xe5, 0xa5, 0xff, 0x2f, 
	0xfe, 0xed, 0xee, 0x6b, 0xee, 0x6b, 0xe5, 0xe7, 
	0xff, 0x2f, 0xff, 0x2f, 0xf6, 0xad, 0xe5, 0xe7, 
	0xdd, 0xa5, 0xdd, 0xa5, 0xff, 0x2d, 0xe6, 0x27, 
	0xdd, 0xa5, 0xe6, 0x29, 0xff, 0x2f, 0xff, 0x2f, 
	0xfe, 0xeb, 0xe5, 0xe7, 0xf6, 0x69, 0xe5, 0xe7, 
	0xe5, 0xe5, 0xe5, 0xe5, 0xe5, 0xe5, 0xe5, 0xe5, 
	0xe5, 0xe5, 0xe5, 0xe5, 0xe5, 0xe5, 0xe5, 0xe5, 
	0xe5, 0xe5, 0xe5, 0xe5, 0xe5, 0xe5, 0xe5, 0xe5, 
	0xe5, 0xe5, 0xe5, 0xe5, 0xe5, 0xe5, 0xe5, 0xe5, 
	0xe5, 0xe5, 0xe5, 0xe5, 0xe5, 0xe5, 0xe5, 0xe5, 
	0xe5, 0xe5, 0xe5, 0xe5, 0xe5, 0xe5, 0xe5, 0xe5, 
	0xe5, 0xe5, 0xe5, 0xe5, 0xe5, 0xe5, 0xe5, 0xe5, 
	0xe5, 0xe5, 0xe5, 0xe5, 0xe5, 0xe5, 0xe5, 0xe5, 
	0xe5, 0xe5, 0xe5, 0xe5, 0xe5, 0xe5, 0xe5, 0xe5, 
	0xe5, 0xe5, 0xe5, 0xe5, 0xe5, 0xe5, 0xe5, 0xe5, 
	0xe5, 0xe5, 0xe5, 0xe5, 0xe5, 0xe5, 0xe5, 0xe5, 
	0xe5, 0xe5, 0xe5, 0xe5, 0xe5, 0xe5, 0xe5, 0xe5, 
	0xe5, 0xe5, 0xe5, 0xe5, 0xe5, 0xe5, 0xe5, 0xe5, 
	0xe5, 0xe5, 0xe5, 0xe5, 0xe5, 0xe5, 0xe5, 0xe5, 
	0xe5, 0xe5, 0xe5, 0xe5, 0xe5, 0xe5, 0xe5, 0xe5, 
	0xe5, 0xe5, 0xe5, 0xe5, 0xe5, 0xe5, 0xe5, 0xe5, 
	0xe5, 0xe5, 0xe5, 0xe5, 0xe5, 0xe5, 0xe5, 0xe5, 
	0xe5, 0xe5, 0xe5, 0xe5, 0xe5, 0xe5, 0xe5, 0xe5, 
	0xe5, 0xe5, 0xe5, 0xe5, 0xe5, 0xe5, 0xe5, 0xe5, 
	0xe5, 0xe5, 0xe5, 0xe5, 0xe5, 0xe5, 0xe5, 0xe5, 
	0xe5, 0xe5, 0xe5, 0xe5, 0xe5, 0xe5, 0xe5, 0xe5, 
	0xe5, 0xe5, 0xe5, 0xe5, 0xe5, 0xe5, 0xe5, 0xe5, 
	0xe5, 0xe5, 0xe5, 0xe5, 0xe5, 0xe5, 0xe5, 0xe5, 
	0xe5, 0xe5, 0xe5, 0xe5, 0xe5, 0xe5, 0xe5, 0xe5, 
	0xe5, 0xe5, 0xe5, 0xe5, 0xe5, 0xe5, 0xe5, 0xe5, 
	0xe5, 0xe5, 0xe5, 0xe5, 0xe5, 0xe5, 0xe5, 0xe5, 
	0xe5, 0xe5, 0xe5, 0xe5, 0xe5, 0xe5, 0xe5, 0xe5, 
	0xe5, 0xe5, 0xe5, 0xe5, 0xe5, 0xe5, 0xe5, 0xe5, 
	0xe5, 0xe5, 0xe5, 0xe5, 0xe5, 0xe5, 0xe5, 0xe5, 
	0xe5, 0xe5, 0xe5, 0xe5, 0xe5, 0xe5, 0xe5, 0xe5, 
	0xe5, 0xe5, 0xe5, 0xe5, 0xe5, 0xe5, 0xe5, 0xe5, 
	0xe5, 0xe5, 0xe5, 0xe5, 0xe5, 0xe5, 0xe5, 0xe5, 
	0xe5, 0xe5, 0xe5, 0xe5, 0xe5, 0xe5, 0xe5, 0xe5, 
	0xe5, 0xe5, 0xe5, 0xe5, 0xe5, 0xe5, 0xe5, 0xe5, 
	0xe5, 0xe5, 0xe5, 0xe5, 0xe5, 0xe5, 0xe5, 0xe5, 
	0xe5, 0xe5, 0xe5, 0xe5, 0xe5, 0xe5, 0xe5, 0xe5, 
	0xe5, 0xe5, 0xe5, 0xe5, 0xe5, 0xe5, 0xe5, 0xe5, 
	0xe5, 0xe5, 0xe5, 0xe5, 0xe5, 0xe5, 0xe5, 0xe5, 
	0xe5, 0xe5, 0xe5, 0xe5, 0xe5, 0xe5, 0xe5, 0xe5, 
	0xe5, 0xe5, 0xe5, 0xe5, 0xe5, 0xe5, 0xe5, 0xe5, 
	0xe5, 0xe5, 0xe5, 0xe5, 0xe5, 0xe5, 0xe5, 0xe5, 
	0xe5, 0xe5, 0xe5, 0xe5, 0xe5, 0xe5, 0xe5, 0xe5, 
	0xe5, 0xe5, 0xe5, 0xe5, 0xe5, 0xe5, 0xe5, 0xe5, 
	0xe5, 0xe5, 0xe5, 0xe5, 0xe5, 0xe5, 0xe5, 0xe5, 
	0xe5, 0xe5, 0xe5, 0xe5, 0xe5, 0xe5, 0xe5, 0xe5, 
	0xe5, 0xe5, 0x9c, 0x1f, 0x73, 0x5b, 0x73, 0x5b, 
	0x5a, 0xd9, 0x5a, 0xd9, 0x5a, 0xd9, 0x5a, 0xd9, 
	0x52, 0x99, 0x21, 0x93, 0x52, 0x99, 0x09, 0x11, 
	0x01, 0x0f, 0x01, 0x0f, 0x29, 0xd5, 0x29, 0xd5, 
	0x11, 0x53, 0x01, 0x11, 0x29, 0xd5, 0x11, 0x53, 
	0x32, 0x17, 0x21, 0xd5, 0x11, 0x51, 0x32, 0x17, 
	0x32, 0x17, 0x09, 0x11, 0x09, 0x11, 0x19, 0x53, 
	0x11, 0x53, 0x11, 0x53, 0x11, 0x53, 0x11, 0x53, 
	0x11, 0x53, 0x11, 0x53, 0x21, 0x95, 0x21, 0x95, 
	0x21, 0xd5, 0x21, 0xd5, 0x21, 0xd5, 0x09, 0x51, 
	0x29, 0xd5, 0x3a, 0x17, 0x09, 0x11, 0x09, 0x11, 
	0x11, 0x53, 0x11, 0x53, 0x11, 0x53, 0x11, 0x53, 
	0x42, 0x57, 0xbd, 0x65, 0xfe, 0xed, 0xfe, 0xed, 
	0xff, 0x2f, 0xff, 0x2f, 0xf6, 0xab, 0xff, 0x2f, 
	0xfe, 0xed, 0xee, 0x6b, 0xd5, 0xa5, 0xd5, 0xa5, 
	0xf6, 0xad, 0xff, 0x2f, 0xf6, 0xad, 0xe5, 0xe7, 
	0xe6, 0x27, 0xe6, 0x27, 0xff, 0x2d, 0xff, 0x2d, 
	0xe6, 0x29, 0xdd, 0xa5, 0xf6, 0xab, 0xff, 0x2f, 
	0xee, 0x29, 0xee, 0x29, 0xfe, 0xeb, 0xfe, 0xeb, 
	0xe5, 0xe5, 0xe5, 0xe5, 0xe5, 0xe5, 0xe5, 0xe5, 
	0xe5, 0xe5, 0xe5, 0xe5, 0xe5, 0xe5, 0xe5, 0xe5, 
	0xe5, 0xe5, 0xe5, 0xe5, 0xe5, 0xe5, 0xe5, 0xe5, 
	0xe5, 0xe5, 0xe5, 0xe5, 0xe5, 0xe5, 0xe5, 0xe5, 
	0xe5, 0xe5, 0xe5, 0xe5, 0xe5, 0xe5, 0xe5, 0xe5, 
	0xe5, 0xe5, 0xe5, 0xe5, 0xe5, 0xe5, 0xe5, 0xe5, 
	0xe5, 0xe5, 0xe5, 0xe5, 0xe5, 0xe5, 0xe5, 0xe5, 
	0xe5, 0xe5, 0xe5, 0xe5, 0xe5, 0xe5, 0xe5, 0xe5, 
	0xe5, 0xe5, 0xe5, 0xe5, 0xe5, 0xe5, 0xe5, 0xe5, 
	0xe5, 0xe5, 0xe5, 0xe5, 0xe5, 0xe5, 0xe5, 0xe5, 
	0xe5, 0xe5, 0xe5, 0xe5, 0xe5, 0xe5, 0xe5, 0xe5, 
	0xe5, 0xe5, 0xe5, 0xe5, 0xe5, 0xe5, 0xe5, 0xe5, 
	0xe5, 0xe5, 0xe5, 0xe5, 0xe5, 0xe5, 0xe5, 0xe5, 
	0xe5, 0xe5, 0xe5, 0xe5, 0xe5, 0xe5, 0xe5, 0xe5, 
	0xe5, 0xe5, 0xe5, 0xe5, 0xe5, 0xe5, 0xe5, 0xe5, 
	0xe5, 0xe5, 0xe5, 0xe5, 0xe5, 0xe5, 0xe5, 0xe5, 
	0xe5, 0xe5, 0xe5, 0xe5, 0xe5, 0xe5, 0xe5, 0xe5, 
	0xe5, 0xe5, 0xe5, 0xe5, 0xe5, 0xe5, 0xe5, 0xe5, 
	0xe5, 0xe5, 0xe5, 0xe5, 0xe5, 0xe5, 0xe5, 0xe5, 
	0xe5, 0xe5, 0xe5, 0xe5, 0xe5, 0xe5, 0xe5, 0xe5, 
	0xe5, 0xe5, 0xe5, 0xe5, 0xe5, 0xe5, 0xe5, 0xe5, 
	0xe5, 0xe5, 0xe5, 0xe5, 0xe5, 0xe5, 0xe5, 0xe5, 
	0xe5, 0xe5, 0xe5, 0xe5, 0xe5, 0xe5, 0xe5, 0xe5, 
	0xe5, 0xe5, 0xe5, 0xe5, 0xe5, 0xe5, 0xe5, 0xe5, 
	0xe5, 0xe5, 0xe5, 0xe5, 0xe5, 0xe5, 0xe5, 0xe5, 
	0xe5, 0xe5, 0xe5, 0xe5, 0xe5, 0xe5, 0xe5, 0xe5, 
	0xe5, 0xe5, 0xe5, 0xe5, 0xe5, 0xe5, 0xe5, 0xe5, 
	0xe5, 0xe5, 0xe5, 0xe5, 0xe5, 0xe5, 0xe5, 0xe5, 
	0xe5, 0xe5, 0xe5, 0xe5, 0xe5, 0xe5, 0xe5, 0xe5, 
	0xe5, 0xe5, 0xe5, 0xe5, 0xe5, 0xe5, 0xe5, 0xe5, 
	0xe5, 0xe5, 0xe5, 0xe5, 0xe5, 0xe5, 0xe5, 0xe5, 
	0xe5, 0xe5, 0xe5, 0xe5, 0xe5, 0xe5, 0xe5, 0xe5, 
	0xe5, 0xe5, 0xe5, 0xe5, 0xe5, 0xe5, 0xe5, 0xe5, 
	0xe5, 0xe5, 0xe5, 0xe5, 0xe5, 0xe5, 0xe5, 0xe5, 
	0xe5, 0xe5, 0xe5, 0xe5, 0xe5, 0xe5, 0xe5, 0xe5, 
	0xe5, 0xe5, 0xe5, 0xe5, 0xe5, 0xe5, 0xe5, 0xe5, 
	0xe5, 0xe5, 0xe5, 0xe5, 0xe5, 0xe5, 0xe5, 0xe5, 
	0xe5, 0xe5, 0xe5, 0xe5, 0xe5, 0xe5, 0xe5, 0xe5, 
	0xe5, 0xe5, 0xe5, 0xe5, 0xe5, 0xe5, 0xe5, 0xe5, 
	0xe5, 0xe5, 0xe5, 0xe5, 0xe5, 0xe5, 0xe5, 0xe5, 
	0xe5, 0xe5, 0xe5, 0xe5, 0xe5, 0xe5, 0xe5, 0xe5, 
	0xe5, 0xe5, 0xe5, 0xe5, 0xe5, 0xe5, 0xe5, 0xe5, 
	0xe5, 0xe5, 0xe5, 0xe5, 0xe5, 0xe5, 0xe5, 0xe5, 
	0xe5, 0xe5, 0xe5, 0xe5, 0xe5, 0xe5, 0xe5, 0xe5, 
	0xe5, 0xe5, 0xe5, 0xe5, 0xe5, 0xe5, 0xe5, 0xe5, 
	0x9c, 0x5f, 0x6b, 0x1b, 0x52, 0x99, 0x52, 0x99, 
	0x4a, 0x57, 0x52, 0x99, 0x63, 0x1b, 0x63, 0x1b, 
	0x42, 0x57, 0x29, 0xd5, 0x29, 0xd5, 0x29, 0xd5, 
	0x19, 0x51, 0x09, 0x0f, 0x09, 0x0f, 0x21, 0xd5, 
	0x29, 0xd5, 0x29, 0xd5, 0x29, 0xd5, 0x01, 0x11, 
	0x32, 0x15, 0x73, 0x9d, 0x11, 0x51, 0x11, 0x51, 
	0x01, 0x0f, 0x01, 0x0f, 0x01, 0x0f, 0x01, 0x0f, 
	0x11, 0x53, 0x01, 0x11, 0x01, 0x11, 0x11, 0x53, 
	0x11, 0x53, 0x11, 0x53, 0x19, 0x53, 0x19, 0x53, 
	0x21, 0x95, 0x29, 0xd5, 0x11, 0x53, 0x11, 0x53, 
	0x19, 0x93, 0x21, 0x93, 0x21, 0x93, 0x19, 0x93, 
	0x21, 0x93, 0x19, 0x93, 0x11, 0x53, 0x11, 0x53, 
	0x11, 0x53, 0x5b, 0x1b, 0xf6, 0xab, 0xf6, 0xab, 
	0xff, 0x6f, 0xff, 0x6f, 0xfe, 0xab, 0xfe, 0xed, 
	0xfe, 0xed, 0xf6, 0x6b, 0xdd, 0xa5, 0xdd, 0xa5, 
	0xfe, 0xed, 0xfe, 0xed, 0xfe, 0xed, 0xee, 0x29, 
	0xe5, 0xe9, 0xfe, 0xed, 0xfe, 0xed, 0xfe, 0xed, 
	0xff, 0x2f, 0xe6, 0x29, 0xac, 0x1f, 0xe6, 0x29, 
	0xfe, 0xed, 0xfe, 0xed, 0xfe, 0xed, 0xf6, 0x6b, 
	0xfe, 0xab, 0xe5, 0xe5, 0xe5, 0xe5, 0xe5, 0xe5, 
	0xe5, 0xe5, 0xe5, 0xe5, 0xe5, 0xe5, 0xe5, 0xe5, 
	0xe5, 0xe5, 0xe5, 0xe5, 0xe5, 0xe5, 0xe5, 0xe5, 
	0xe5, 0xe5, 0xe5, 0xe5, 0xe5, 0xe5, 0xe5, 0xe5, 
	0xe5, 0xe5, 0xe5, 0xe5, 0xe5, 0xe5, 0xe5, 0xe5, 
	0xe5, 0xe5, 0xe5, 0xe5, 0xe5, 0xe5, 0xe5, 0xe5, 
	0xe5, 0xe5, 0xe5, 0xe5, 0xe5, 0xe5, 0xe5, 0xe5, 
	0xe5, 0xe5, 0xe5, 0xe5, 0xe5, 0xe5, 0xe5, 0xe5, 
	0xe5, 0xe5, 0xe5, 0xe5, 0xe5, 0xe5, 0xe5, 0xe5, 
	0xe5, 0xe5, 0xe5, 0xe5, 0xe5, 0xe5, 0xe5, 0xe5, 
	0xe5, 0xe5, 0xe5, 0xe5, 0xe5, 0xe5, 0xe5, 0xe5, 
	0xe5, 0xe5, 0xe5, 0xe5, 0xe5, 0xe5, 0xe5, 0xe5, 
	0xe5, 0xe5, 0xe5, 0xe5, 0xe5, 0xe5, 0xe5, 0xe5, 
	0xe5, 0xe5, 0xe5, 0xe5, 0xe5, 0xe5, 0xe5, 0xe5, 
	0xe5, 0xe5, 0xe5, 0xe5, 0xe5, 0xe5, 0xe5, 0xe5, 
	0xe5, 0xe5, 0xe5, 0xe5, 0xe5, 0xe5, 0xe5, 0xe5, 
	0xe5, 0xe5, 0xe5, 0xe5, 0xe5, 0xe5, 0xe5, 0xe5, 
	0xe5, 0xe5, 0xe5, 0xe5, 0xe5, 0xe5, 0xe5, 0xe5, 
	0xe5, 0xe5, 0xe5, 0xe5, 0xe5, 0xe5, 0xe5, 0xe5, 
	0xe5, 0xe5, 0xe5, 0xe5, 0xe5, 0xe5, 0xe5, 0xe5, 
	0xe5, 0xe5, 0xe5, 0xe5, 0xe5, 0xe5, 0xe5, 0xe5, 
	0xe5, 0xe5, 0xe5, 0xe5, 0xe5, 0xe5, 0xe5, 0xe5, 
	0xe5, 0xe5, 0xe5, 0xe5, 0xe5, 0xe5, 0xe5, 0xe5, 
	0xe5, 0xe5, 0xe5, 0xe5, 0xe5, 0xe5, 0xe5, 0xe5, 
	0xe5, 0xe5, 0xe5, 0xe5, 0xe5, 0xe5, 0xe5, 0xe5, 
	0xe5, 0xe5, 0xe5, 0xe5, 0xe5, 0xe5, 0xe5, 0xe5, 
	0xe5, 0xe5, 0xe5, 0xe5, 0xe5, 0xe5, 0xe5, 0xe5, 
	0xe5, 0xe5, 0xe5, 0xe5, 0xe5, 0xe5, 0xe5, 0xe5, 
	0xe5, 0xe5, 0xe5, 0xe5, 0xe5, 0xe5, 0xe5, 0xe5, 
	0xe5, 0xe5, 0xe5, 0xe5, 0xe5, 0xe5, 0xe5, 0xe5, 
	0xe5, 0xe5, 0xe5, 0xe5, 0xe5, 0xe5, 0xe5, 0xe5, 
	0xe5, 0xe5, 0xe5, 0xe5, 0xe5, 0xe5, 0xe5, 0xe5, 
	0xe5, 0xe5, 0xe5, 0xe5, 0xe5, 0xe5, 0xe5, 0xe5, 
	0xe5, 0xe5, 0xe5, 0xe5, 0xe5, 0xe5, 0xe5, 0xe5, 
	0xe5, 0xe5, 0xe5, 0xe5, 0xe5, 0xe5, 0xe5, 0xe5, 
	0xe5, 0xe5, 0xe5, 0xe5, 0xe5, 0xe5, 0xe5, 0xe5, 
	0xe5, 0xe5, 0xe5, 0xe5, 0xe5, 0xe5, 0xe5, 0xe5, 
	0xe5, 0xe5, 0xe5, 0xe5, 0xe5, 0xe5, 0xe5, 0xe5, 
	0xe5, 0xe5, 0xe5, 0xe5, 0xe5, 0xe5, 0xe5, 0xe5, 
	0xe5, 0xe5, 0xe5, 0xe5, 0xe5, 0xe5, 0xe5, 0xe5, 
	0xe5, 0xe5, 0xe5, 0xe5, 0xe5, 0xe5, 0xe5, 0xe5, 
	0xe5, 0xe5, 0xe5, 0xe5, 0xe5, 0xe5, 0xe5, 0xe5, 
	0xe5, 0xe5, 0xe5, 0xe5, 0xe5, 0xe5, 0xe5, 0xe5, 
	0xe5, 0xe5, 0xe5, 0xe5, 0xe5, 0xe5, 0xe5, 0xe5, 
	0xe5, 0xe5, 0xe5, 0xe5, 0xe5, 0xe5, 0xe5, 0xe5, 
	0x83, 0x9d, 0x83, 0x9d, 0x52, 0x99, 0x6b, 0x1b, 
	0x4a, 0x57, 0x4a, 0x57, 0x3a, 0x15, 0x52, 0x99, 
	0x29, 0xd5, 0x11, 0x53, 0x11, 0x53, 0x11, 0x53, 
	0x19, 0x51, 0x32, 0x17, 0x32, 0x17, 0x19, 0x51, 
	0x4a, 0x99, 0x01, 0x11, 0x01, 0x11, 0x01, 0x11, 
	0x11, 0x51, 0x32, 0x15, 0x11, 0x51, 0x32, 0x15, 
	0x4a, 0x59, 0x01, 0x0f, 0x01, 0x0f, 0x01, 0x0f, 
	0x21, 0x95, 0x11, 0x53, 0x01, 0x11, 0x11, 0x53, 
	0x11, 0x53, 0x11, 0x53, 0x21, 0x95, 0x21, 0x95, 
	0x21, 0x95, 0x21, 0x95, 0x11, 0x53, 0x11, 0x53, 
	0x11, 0x53, 0x11, 0x53, 0x21, 0x93, 0x11, 0x53, 
	0x21, 0x93, 0x19, 0x53, 0x11, 0x53, 0x11, 0x53, 
	0x11, 0x53, 0x5b, 0x1b, 0xf6, 0xab, 0xf6, 0xab, 
	0xfe, 0xab, 0xff, 0x6f, 0xfe, 0xab, 0xfe, 0xab, 
	0xfe, 0xed, 0xf6, 0x6b, 0xf6, 0x6b, 0xf6, 0x6b, 
	0xfe, 0xed, 0xee, 0x29, 0xfe, 0xed, 0xfe, 0xed, 
	0xc5, 0x23, 0xc5, 0x23, 0xfe, 0xed, 0xfe, 0xed, 
	0xff, 0x2f, 0xc5, 0x25, 0xac, 0x1f, 0xe6, 0x29, 
	0xf6, 0x6b, 0xe5, 0xe7, 0xfe, 0xed, 0xf6, 0x6b, 
	0xfe, 0xab, 0xdd, 0xa3, 0xe5, 0xe5, 0xe5, 0xe5, 
	0xe5, 0xe5, 0xe5, 0xe5, 0xe5, 0xe5, 0xe5, 0xe5, 
	0xe5, 0xe5, 0xe5, 0xe5, 0xe5, 0xe5, 0xe5, 0xe5, 
	0xe5, 0xe5, 0xe5, 0xe5, 0xe5, 0xe5, 0xe5, 0xe5, 
	0xe5, 0xe5, 0xe5, 0xe5, 0xe5, 0xe5, 0xe5, 0xe5, 
	0xe5, 0xe5, 0xe5, 0xe5, 0xe5, 0xe5, 0xe5, 0xe5, 
	0xe5, 0xe5, 0xe5, 0xe5, 0xe5, 0xe5, 0xe5, 0xe5, 
	0xe5, 0xe5, 0xe5, 0xe5, 0xe5, 0xe5, 0xe5, 0xe5, 
	0xe5, 0xe5, 0xe5, 0xe5, 0xe5, 0xe5, 0xe5, 0xe5, 
	0xe5, 0xe5, 0xe5, 0xe5, 0xe5, 0xe5, 0xe5, 0xe5, 
	0xe5, 0xe5, 0xe5, 0xe5, 0xe5, 0xe5, 0xe5, 0xe5, 
	0xe5, 0xe5, 0xe5, 0xe5, 0xe5, 0xe5, 0xe5, 0xe5, 
	0xe5, 0xe5, 0xe5, 0xe5, 0xe5, 0xe5, 0xe5, 0xe5, 
	0xe5, 0xe5, 0xe5, 0xe5, 0xe5, 0xe5, 0xe5, 0xe5, 
	0xe5, 0xe5, 0xe5, 0xe5, 0xe5, 0xe5, 0xe5, 0xe5, 
	0xe5, 0xe5, 0xe5, 0xe5, 0xe5, 0xe5, 0xe5, 0xe5, 
	0xe5, 0xe5, 0xe5, 0xe5, 0xe5, 0xe5, 0xe5, 0xe5, 
	0xe5, 0xe5, 0xe5, 0xe5, 0xe5, 0xe5, 0xe5, 0xe5, 
	0xe5, 0xe5, 0xe5, 0xe5, 0xe5, 0xe5, 0xe5, 0xe5, 
	0xe5, 0xe5, 0xe5, 0xe5, 0xe5, 0xe5, 0xe5, 0xe5, 
	0xe5, 0xe5, 0xe5, 0xe5, 0xe5, 0xe5, 0xe5, 0xe5, 
	0xe5, 0xe5, 0xe5, 0xe5, 0xe5, 0xe5, 0xe5, 0xe5, 
	0xe5, 0xe5, 0xe5, 0xe5, 0xe5, 0xe5, 0xe5, 0xe5, 
	0xe5, 0xe5, 0xe5, 0xe5, 0xe5, 0xe5, 0xe5, 0xe5, 
	0xe5, 0xe5, 0xe5, 0xe5, 0xe5, 0xe5, 0xe5, 0xe5, 
	0xe5, 0xe5, 0xe5, 0xe5, 0xe5, 0xe5, 0xe5, 0xe5, 
	0xe5, 0xe5, 0xe5, 0xe5, 0xe5, 0xe5, 0xe5, 0xe5, 
	0xe5, 0xe5, 0xe5, 0xe5, 0xe5, 0xe5, 0xe5, 0xe5, 
	0xe5, 0xe5, 0xe5, 0xe5, 0xe5, 0xe5, 0xe5, 0xe5, 
	0xe5, 0xe5, 0xe5, 0xe5, 0xe5, 0xe5, 0xe5, 0xe5, 
	0xe5, 0xe5, 0xe5, 0xe5, 0xe5, 0xe5, 0xe5, 0xe5, 
	0xe5, 0xe5, 0xe5, 0xe5, 0xe5, 0xe5, 0xe5, 0xe5, 
	0xe5, 0xe5, 0xe5, 0xe5, 0xe5, 0xe5, 0xe5, 0xe5, 
	0xe5, 0xe5, 0xe5, 0xe5, 0xe5, 0xe5, 0xe5, 0xe5, 
	0xe5, 0xe5, 0xe5, 0xe5, 0xe5, 0xe5, 0xe5, 0xe5, 
	0xe5, 0xe5, 0xe5, 0xe5, 0xe5, 0xe5, 0xe5, 0xe5, 
	0xe5, 0xe5, 0xe5, 0xe5, 0xe5, 0xe5, 0xe5, 0xe5, 
	0xe5, 0xe5, 0xe5, 0xe5, 0xe5, 0xe5, 0xe5, 0xe5, 
	0xe5, 0xe5, 0xe5, 0xe5, 0xe5, 0xe5, 0xe5, 0xe5, 
	0xe5, 0xe5, 0xe5, 0xe5, 0xe5, 0xe5, 0xe5, 0xe5, 
	0xe5, 0xe5, 0xe5, 0xe5, 0xe5, 0xe5, 0xe5, 0xe5, 
	0xe5, 0xe5, 0xe5, 0xe5, 0xe5, 0xe5, 0xe5, 0xe5, 
	0xe5, 0xe5, 0xe5, 0xe5, 0xe5, 0xe5, 0xe5, 0xe5, 
	0xe5, 0xe5, 0xe5, 0xe5, 0xe5, 0xe5, 0xe5, 0xe5, 
	0xe5, 0xe5, 0xe5, 0xe5, 0xe5, 0xe5, 0x9c, 0x5f, 
	0x6b, 0x1b, 0x6b, 0x1b, 0x6b, 0x1b, 0x52, 0x99, 
	0x52, 0x99, 0x4a, 0x57, 0x52, 0x99, 0x4a, 0x57, 
	0x11, 0x53, 0x11, 0x53, 0x5a, 0xd9, 0x11, 0x53, 
	0x09, 0x0f, 0x19, 0x51, 0x09, 0x0f, 0x09, 0x0f, 
	0x29, 0xd5, 0x73, 0x5d, 0x01, 0x11, 0x29, 0xd5, 
	0x32, 0x15, 0x11, 0x51, 0x11, 0x51, 0x32, 0x15, 
	0x4a, 0x59, 0x4a, 0x59, 0x01, 0x0f, 0x01, 0x0f, 
	0x11, 0x53, 0x11, 0x53, 0x11, 0x53, 0x11, 0x53, 
	0x11, 0x53, 0x11, 0x53, 0x11, 0x53, 0x11, 0x53, 
	0x11, 0x53, 0x11, 0x53, 0x11, 0x53, 0x11, 0x53, 
	0x21, 0x93, 0x19, 0x93, 0x11, 0x53, 0x11, 0x53, 
	0x21, 0x93, 0x19, 0x93, 0x11, 0x53, 0x11, 0x53, 
	0x11, 0x53, 0x11, 0x53, 0xf6, 0xab, 0xf6, 0xab, 
	0xfe, 0xab, 0xfe, 0xab, 0xfe, 0xab, 0xfe, 0x69, 
	0xfe, 0xed, 0xfe, 0xed, 0xf6, 0x6b, 0xe5, 0xe7, 
	0xee, 0x29, 0xd5, 0xa5, 0xee, 0x29, 0xee, 0x29, 
	0xac, 0x5f, 0xc5, 0x23, 0xfe, 0xed, 0xfe, 0xed, 
	0xe6, 0x29, 0xe6, 0x29, 0xe6, 0x29, 0xe6, 0x29, 
	0xdd, 0xa5, 0xf6, 0x6b, 0xe5, 0xe7, 0xfe, 0xed, 
	0xf6, 0x69, 0xf6, 0x69, 0xf6, 0x69, 0xe5, 0xe5, 
	0xe5, 0xe5, 0xe5, 0xe5, 0xe5, 0xe5, 0xe5, 0xe5, 
	0xe5, 0xe5, 0xe5, 0xe5, 0xe5, 0xe5, 0xe5, 0xe5, 
	0xe5, 0xe5, 0xe5, 0xe5, 0xe5, 0xe5, 0xe5, 0xe5, 
	0xe5, 0xe5, 0xe5, 0xe5, 0xe5, 0xe5, 0xe5, 0xe5, 
	0xe5, 0xe5, 0xe5, 0xe5, 0xe5, 0xe5, 0xe5, 0xe5, 
	0xe5, 0xe5, 0xe5, 0xe5, 0xe5, 0xe5, 0xe5, 0xe5, 
	0xe5, 0xe5, 0xe5, 0xe5, 0xe5, 0xe5, 0xe5, 0xe5, 
	0xe5, 0xe5, 0xe5, 0xe5, 0xe5, 0xe5, 0xe5, 0xe5, 
	0xe5, 0xe5, 0xe5, 0xe5, 0xe5, 0xe5, 0xe5, 0xe5, 
	0xe5, 0xe5, 0xe5, 0xe5, 0xe5, 0xe5, 0xe5, 0xe5, 
	0xe5, 0xe5, 0xe5, 0xe5, 0xe5, 0xe5, 0xe5, 0xe5, 
	0xe5, 0xe5, 0xe5, 0xe5, 0xe5, 0xe5, 0xe5, 0xe5, 
	0xe5, 0xe5, 0xe5, 0xe5, 0xe5, 0xe5, 0xe5, 0xe5, 
	0xe5, 0xe5, 0xe5, 0xe5, 0xe5, 0xe5, 0xe5, 0xe5, 
	0xe5, 0xe5, 0xe5, 0xe5, 0xe5, 0xe5, 0xe5, 0xe5, 
	0xe5, 0xe5, 0xe5, 0xe5, 0xe5, 0xe5, 0xe5, 0xe5, 
	0xe5, 0xe5, 0xe5, 0xe5, 0xe5, 0xe5, 0xe5, 0xe5, 
	0xe5, 0xe5, 0xe5, 0xe5, 0xe5, 0xe5, 0xe5, 0xe5, 
	0xe5, 0xe5, 0xe5, 0xe5, 0xe5, 0xe5, 0xe5, 0xe5, 
	0xe5, 0xe5, 0xe5, 0xe5, 0xe5, 0xe5, 0xe5, 0xe5, 
	0xe5, 0xe5, 0xe5, 0xe5, 0xe5, 0xe5, 0xe5, 0xe5, 
	0xe5, 0xe5, 0xe5, 0xe5, 0xe5, 0xe5, 0xe5, 0xe5, 
	0xe5, 0xe5, 0xe5, 0xe5, 0xe5, 0xe5, 0xe5, 0xe5, 
	0xe5, 0xe5, 0xe5, 0xe5, 0xe5, 0xe5, 0xe5, 0xe5, 
	0xe5, 0xe5, 0xe5, 0xe5, 0xe5, 0xe5, 0xe5, 0xe5, 
	0xe5, 0xe5, 0xe5, 0xe5, 0xe5, 0xe5, 0xe5, 0xe5, 
	0xe5, 0xe5, 0xe5, 0xe5, 0xe5, 0xe5, 0xe5, 0xe5, 
	0xe5, 0xe5, 0xe5, 0xe5, 0xe5, 0xe5, 0xe5, 0xe5, 
	0xe5, 0xe5, 0xe5, 0xe5, 0xe5, 0xe5, 0xe5, 0xe5, 
	0xe5, 0xe5, 0xe5, 0xe5, 0xe5, 0xe5, 0xe5, 0xe5, 
	0xe5, 0xe5, 0xe5, 0xe5, 0xe5, 0xe5, 0xe5, 0xe5, 
	0xe5, 0xe5, 0xe5, 0xe5, 0xe5, 0xe5, 0xe5, 0xe5, 
	0xe5, 0xe5, 0xe5, 0xe5, 0xe5, 0xe5, 0xe5, 0xe5, 
	0xe5, 0xe5, 0xe5, 0xe5, 0xe5, 0xe5, 0xe5, 0xe5, 
	0xe5, 0xe5, 0xe5, 0xe5, 0xe5, 0xe5, 0xe5, 0xe5, 
	0xe5, 0xe5, 0xe5, 0xe5, 0xe5, 0xe5, 0xe5, 0xe5, 
	0xe5, 0xe5, 0xe5, 0xe5, 0xe5, 0xe5, 0xe5, 0xe5, 
	0xe5, 0xe5, 0xe5, 0xe5, 0xe5, 0xe5, 0xe5, 0xe5, 
	0xe5, 0xe5, 0xe5, 0xe5, 0xe5, 0xe5, 0xe5, 0xe5, 
	0xe5, 0xe5, 0xe5, 0xe5, 0xe5, 0xe5, 0xe5, 0xe5, 
	0xe5, 0xe5, 0xe5, 0xe5, 0xe5, 0xe5, 0xe5, 0xe5, 
	0xe5, 0xe5, 0xe5, 0xe5, 0xe5, 0xe5, 0xe5, 0xe5, 
	0xe5, 0xe5, 0xe5, 0xe5, 0xe5, 0xe5, 0xe5, 0xe5, 
	0xe5, 0xe5, 0xe5, 0xe5, 0xe5, 0xe5, 0x9c, 0x5f, 
	0x6b, 0x1b, 0x6b, 0x1b, 0x83, 0x9d, 0x52, 0x99, 
	0x52, 0x99, 0x63, 0x1b, 0x52, 0x99, 0x63, 0x1b, 
	0x11, 0x53, 0x11, 0x53, 0x5a, 0xd9, 0x5a, 0xd9, 
	0x19, 0x51, 0x21, 0xd5, 0x21, 0xd5, 0x09, 0x0f, 
	0x29, 0xd5, 0x29, 0xd5, 0x29, 0xd5, 0x01, 0x11, 
	0x11, 0x51, 0x11, 0x51, 0x32, 0x15, 0x11, 0x51, 
	0x19, 0x93, 0x19, 0x93, 0x19, 0x93, 0x01, 0x0f, 
	0x11, 0x53, 0x11, 0x53, 0x11, 0x53, 0x11, 0x53, 
	0x11, 0x53, 0x11, 0x53, 0x11, 0x53, 0x11, 0x53, 
	0x11, 0x53, 0x11, 0x53, 0x11, 0x53, 0x11, 0x53, 
	0x21, 0x93, 0x11, 0x53, 0x21, 0x93, 0x21, 0x93, 
	0x21, 0x93, 0x19, 0x53, 0x11, 0x53, 0x11, 0x53, 
	0x11, 0x53, 0x11, 0x53, 0xac, 0xe3, 0xf6, 0xab, 
	0xfe, 0xed, 0xfe, 0x69, 0xfe, 0xab, 0xfe, 0xab, 
	0xf6, 0x6b, 0xf6, 0x6b, 0xfe, 0xed, 0xfe, 0xed, 
	0xee, 0x29, 0xc4, 0xe1, 0xd5, 0xa5, 0xee, 0x29, 
	0xe5, 0xe9, 0xc5, 0x23, 0xe5, 0xe9, 0xe5, 0xe9, 
	0xe6, 0x29, 0xff, 0x2f, 0xe6, 0x29, 0xe6, 0x29, 
	0xdd, 0xa5, 0xf6, 0x6b, 0xf6, 0x6b, 0xfe, 0xed, 
	0xfe, 0xab, 0xf6, 0x69, 0xfe, 0xab, 0xe5, 0xe5, 
	0xe5, 0xe5, 0xe5, 0xe5, 0xe5, 0xe5, 0xe5, 0xe5, 
	0xe5, 0xe5, 0xe5, 0xe5, 0xe5, 0xe5, 0xe5, 0xe5, 
	0xe5, 0xe5, 0xe5, 0xe5, 0xe5, 0xe5, 0xe5, 0xe5, 
	0xe5, 0xe5, 0xe5, 0xe5, 0xe5, 0xe5, 0xe5, 0xe5, 
	0xe5, 0xe5, 0xe5, 0xe5, 0xe5, 0xe5, 0xe5, 0xe5, 
	0xe5, 0xe5, 0xe5, 0xe5, 0xe5, 0xe5, 0xe5, 0xe5, 
	0xe5, 0xe5, 0xe5, 0xe5, 0xe5, 0xe5, 0xe5, 0xe5, 
	0xe5, 0xe5, 0xe5, 0xe5, 0xe5, 0xe5, 0xe5, 0xe5, 
	0xe5, 0xe5, 0xe5, 0xe5, 0xe5, 0xe5, 0xe5, 0xe5, 
	0xe5, 0xe5, 0xe5, 0xe5, 0xe5, 0xe5, 0xe5, 0xe5, 
	0xe5, 0xe5, 0xe5, 0xe5, 0xe5, 0xe5, 0xe5, 0xe5, 
	0xe5, 0xe5, 0xe5, 0xe5, 0xe5, 0xe5, 0xe5, 0xe5, 
	0xe5, 0xe5, 0xe5, 0xe5, 0xe5, 0xe5, 0xe5, 0xe5, 
	0xe5, 0xe5, 0xe5, 0xe5, 0xe5, 0xe5, 0xe5, 0xe5, 
	0xe5, 0xe5, 0xe5, 0xe5, 0xe5, 0xe5, 0xe5, 0xe5, 
	0xe5, 0xe5, 0xe5, 0xe5, 0xe5, 0xe5, 0xe5, 0xe5, 
	0xe5, 0xe5, 0xe5, 0xe5, 0xe5, 0xe5, 0xe5, 0xe5, 
	0xe5, 0xe5, 0xe5, 0xe5, 0xe5, 0xe5, 0xe5, 0xe5, 
	0xe5, 0xe5, 0xe5, 0xe5, 0xe5, 0xe5, 0xe5, 0xe5, 
	0xe5, 0xe5, 0xe5, 0xe5, 0xe5, 0xe5, 0xe5, 0xe5, 
	0xe5, 0xe5, 0xe5, 0xe5, 0xe5, 0xe5, 0xe5, 0xe5, 
	0xe5, 0xe5, 0xe5, 0xe5, 0xe5, 0xe5, 0xe5, 0xe5, 
	0xe5, 0xe5, 0xe5, 0xe5, 0xe5, 0xe5, 0xe5, 0xe5, 
	0xe5, 0xe5, 0xe5, 0xe5, 0xe5, 0xe5, 0xe5, 0xe5, 
	0xe5, 0xe5, 0xe5, 0xe5, 0xe5, 0xe5, 0xe5, 0xe5, 
	0xe5, 0xe5, 0xe5, 0xe5, 0xe5, 0xe5, 0xe5, 0xe5, 
	0xe5, 0xe5, 0xe5, 0xe5, 0xe5, 0xe5, 0xe5, 0xe5, 
	0xe5, 0xe5, 0xe5, 0xe5, 0xe5, 0xe5, 0xe5, 0xe5, 
	0xe5, 0xe5, 0xe5, 0xe5, 0xe5, 0xe5, 0xe5, 0xe5, 
	0xe5, 0xe5, 0xe5, 0xe5, 0xe5, 0xe5, 0xe5, 0xe5, 
	0xe5, 0xe5, 0xe5, 0xe5, 0xe5, 0xe5, 0xe5, 0xe5, 
	0xe5, 0xe5, 0xe5, 0xe5, 0xe5, 0xe5, 0xe5, 0xe5, 
	0xe5, 0xe5, 0xe5, 0xe5, 0xe5, 0xe5, 0xe5, 0xe5, 
	0xe5, 0xe5, 0xe5, 0xe5, 0xe5, 0xe5, 0xe5, 0xe5, 
	0xe5, 0xe5, 0xe5, 0xe5, 0xe5, 0xe5, 0xe5, 0xe5, 
	0xe5, 0xe5, 0xe5, 0xe5, 0xe5, 0xe5, 0xe5, 0xe5, 
	0xe5, 0xe5, 0xe5, 0xe5, 0xe5, 0xe5, 0xe5, 0xe5, 
	0xe5, 0xe5, 0xe5, 0xe5, 0xe5, 0xe5, 0xe5, 0xe5, 
	0xe5, 0xe5, 0xe5, 0xe5, 0xe5, 0xe5, 0xe5, 0xe5, 
	0xe5, 0xe5, 0xe5, 0xe5, 0xe5, 0xe5, 0xe5, 0xe5, 
	0xe5, 0xe5, 0xe5, 0xe5, 0xe5, 0xe5, 0xe5, 0xe5, 
	0xe5, 0xe5, 0xe5, 0xe5, 0xe5, 0xe5, 0xe5, 0xe5, 
	0xe5, 0xe5, 0xe5, 0xe5, 0xe5, 0xe5, 0xe5, 0xe5, 
	0xdd, 0xe5, 0xdd, 0xe5, 0xdd, 0xe5, 0x52, 0x99, 
	0x4a, 0x99, 0x4a, 0x99, 0x62, 0xd9, 0x62, 0xd9, 
	0x63, 0x1b, 0x3a, 0x17, 0x52, 0xd9, 0x4a, 0x59, 
	0x09, 0x11, 0x09, 0x11, 0x42, 0x57, 0x5a, 0xd9, 
	0x29, 0xd5, 0x29, 0xd5, 0x7b, 0x9d, 0x29, 0xd5, 
	0x01, 0x11, 0x21, 0xd5, 0x63, 0x1b, 0x42, 0x57, 
	0x19, 0x93, 0x19, 0x93, 0x01, 0x0f, 0x01, 0x0f, 
	0x32, 0x17, 0x42, 0x59, 0x42, 0x59, 0x19, 0x93, 
	0x11, 0x53, 0x11, 0x53, 0x11, 0x53, 0x09, 0x11, 
	0x11, 0x53, 0x09, 0x13, 0x11, 0x53, 0x11, 0x53, 
	0x11, 0x53, 0x11, 0x53, 0x11, 0x53, 0x21, 0x95, 
	0x11, 0x53, 0x11, 0x53, 0x11, 0x53, 0x11, 0x53, 
	0x11, 0x53, 0x11, 0x53, 0x11, 0x53, 0x11, 0x53, 
	0x09, 0x51, 0x09, 0x51, 0x94, 0x61, 0xdd, 0xe9, 
	0xff, 0x2f, 0xfe, 0xed, 0xfe, 0xab, 0xfe, 0xed, 
	0xfe, 0xed, 0xbc, 0xe1, 0xfe, 0xed, 0xfe, 0xed, 
	0xff, 0x2d, 0xc4, 0xe1, 0xd5, 0xa5, 0xd5, 0xa5, 
	0xd5, 0x65, 0xe6, 0x29, 0xd5, 0x65, 0xd5, 0x65, 
	0xd5, 0xa5, 0xe6, 0x29, 0xfe, 0xed, 0xfe, 0xed, 
	0xd5, 0xa5, 0xee, 0x6b, 0xff, 0x6f, 0xff, 0x6f, 
	0xff, 0x2f, 0xff, 0x2f, 0xff, 0x2f, 0xee, 0x6b, 
	0xe5, 0xe5, 0xe5, 0xe5, 0xe5, 0xe5, 0xe5, 0xe5, 
	0xe5, 0xe5, 0xe5, 0xe5, 0xe5, 0xe5, 0xe5, 0xe5, 
	0xe5, 0xe5, 0xe5, 0xe5, 0xe5, 0xe5, 0xe5, 0xe5, 
	0xe5, 0xe5, 0xe5, 0xe5, 0xe5, 0xe5, 0xe5, 0xe5, 
	0xe5, 0xe5, 0xe5, 0xe5, 0xe5, 0xe5, 0xe5, 0xe5, 
	0xe5, 0xe5, 0xe5, 0xe5, 0xe5, 0xe5, 0xe5, 0xe5, 
	0xe5, 0xe5, 0xe5, 0xe5, 0xe5, 0xe5, 0xe5, 0xe5, 
	0xe5, 0xe5, 0xe5, 0xe5, 0xe5, 0xe5, 0xe5, 0xe5, 
	0xe5, 0xe5, 0xe5, 0xe5, 0xe5, 0xe5, 0xe5, 0xe5, 
	0xe5, 0xe5, 0xe5, 0xe5, 0xe5, 0xe5, 0xe5, 0xe5, 
	0xe5, 0xe5, 0xe5, 0xe5, 0xe5, 0xe5, 0xe5, 0xe5, 
	0xe5, 0xe5, 0xe5, 0xe5, 0xe5, 0xe5, 0xe5, 0xe5, 
	0xe5, 0xe5, 0xe5, 0xe5, 0xe5, 0xe5, 0xe5, 0xe5, 
	0xe5, 0xe5, 0xe5, 0xe5, 0xe5, 0xe5, 0xe5, 0xe5, 
	0xe5, 0xe5, 0xe5, 0xe5, 0xe5, 0xe5, 0xe5, 0xe5, 
	0xe5, 0xe5, 0xe5, 0xe5, 0xe5, 0xe5, 0xe5, 0xe5, 
	0xe5, 0xe5, 0xe5, 0xe5, 0xe5, 0xe5, 0xe5, 0xe5, 
	0xe5, 0xe5, 0xe5, 0xe5, 0xe5, 0xe5, 0xe5, 0xe5, 
	0xe5, 0xe5, 0xe5, 0xe5, 0xe5, 0xe5, 0xe5, 0xe5, 
	0xe5, 0xe5, 0xe5, 0xe5, 0xe5, 0xe5, 0xe5, 0xe5, 
	0xe5, 0xe5, 0xe5, 0xe5, 0xe5, 0xe5, 0xe5, 0xe5, 
	0xe5, 0xe5, 0xe5, 0xe5, 0xe5, 0xe5, 0xe5, 0xe5, 
	0xe5, 0xe5, 0xe5, 0xe5, 0xe5, 0xe5, 0xe5, 0xe5, 
	0xe5, 0xe5, 0xe5, 0xe5, 0xe5, 0xe5, 0xe5, 0xe5, 
	0xe5, 0xe5, 0xe5, 0xe5, 0xe5, 0xe5, 0xe5, 0xe5, 
	0xe5, 0xe5, 0xe5, 0xe5, 0xe5, 0xe5, 0xe5, 0xe5, 
	0xe5, 0xe5, 0xe5, 0xe5, 0xe5, 0xe5, 0xe5, 0xe5, 
	0xe5, 0xe5, 0xe5, 0xe5, 0xe5, 0xe5, 0xe5, 0xe5, 
	0xe5, 0xe5, 0xe5, 0xe5, 0xe5, 0xe5, 0xe5, 0xe5, 
	0xe5, 0xe5, 0xe5, 0xe5, 0xe5, 0xe5, 0xe5, 0xe5, 
	0xe5, 0xe5, 0xe5, 0xe5, 0xe5, 0xe5, 0xe5, 0xe5, 
	0xe5, 0xe5, 0xe5, 0xe5, 0xe5, 0xe5, 0xe5, 0xe5, 
	0xe5, 0xe5, 0xe5, 0xe5, 0xe5, 0xe5, 0xe5, 0xe5, 
	0xe5, 0xe5, 0xe5, 0xe5, 0xe5, 0xe5, 0xe5, 0xe5, 
	0xe5, 0xe5, 0xe5, 0xe5, 0xe5, 0xe5, 0xe5, 0xe5, 
	0xe5, 0xe5, 0xe5, 0xe5, 0xe5, 0xe5, 0xe5, 0xe5, 
	0xe5, 0xe5, 0xe5, 0xe5, 0xe5, 0xe5, 0xe5, 0xe5, 
	0xe5, 0xe5, 0xe5, 0xe5, 0xe5, 0xe5, 0xe5, 0xe5, 
	0xe5, 0xe5, 0xe5, 0xe5, 0xe5, 0xe5, 0xe5, 0xe5, 
	0xe5, 0xe5, 0xe5, 0xe5, 0xe5, 0xe5, 0xe5, 0xe5, 
	0xe5, 0xe5, 0xe5, 0xe5, 0xe5, 0xe5, 0xe5, 0xe5, 
	0xe5, 0xe5, 0xe5, 0xe5, 0xe5, 0xe5, 0xe5, 0xe5, 
	0xe5, 0xe5, 0xe5, 0xe5, 0xe5, 0xe5, 0xe5, 0xe5, 
	0xdd, 0xe5, 0xdd, 0xe5, 0xac, 0xa1, 0x52, 0x99, 
	0x62, 0xd9, 0x62, 0xd9, 0x3a, 0x17, 0x4a, 0x99, 
	0x4a, 0x59, 0x3a, 0x17, 0x52, 0xd9, 0x63, 0x1b, 
	0x09, 0x11, 0x09, 0x11, 0x21, 0x93, 0x21, 0x93, 
	0x29, 0xd5, 0x29, 0xd5, 0x29, 0xd5, 0x52, 0xd9, 
	0x21, 0xd5, 0x01, 0x11, 0x21, 0xd5, 0x21, 0xd5, 
	0x19, 0x93, 0x19, 0x93, 0x01, 0x0f, 0x01, 0x0f, 
	0x09, 0x11, 0x19, 0x93, 0x19, 0x93, 0x19, 0x93, 
	0x21, 0x95, 0x21, 0x95, 0x21, 0x95, 0x11, 0x53, 
	0x21, 0x93, 0x11, 0x53, 0x11, 0x53, 0x11, 0x53, 
	0x21, 0x95, 0x21, 0x95, 0x11, 0x53, 0x11, 0x53, 
	0x11, 0x53, 0x11, 0x53, 0x11, 0x53, 0x11, 0x53, 
	0x11, 0x53, 0x11, 0x53, 0x11, 0x53, 0x11, 0x53, 
	0x09, 0x51, 0x09, 0x51, 0x52, 0xd9, 0xdd, 0xe9, 
	0xff, 0x2f, 0xfe, 0xed, 0xff, 0x2f, 0xff, 0x2f, 
	0xe6, 0x29, 0xe6, 0x29, 0xe6, 0x29, 0xfe, 0xed, 
	0xee, 0x69, 0xee, 0x69, 0xee, 0x69, 0xee, 0x69, 
	0xbc, 0xe1, 0xe6, 0x29, 0xe6, 0x29, 0xe6, 0x29, 
	0xe6, 0x29, 0xd5, 0xa5, 0xfe, 0xed, 0xfe, 0xed, 
	0xee, 0x6b, 0xee, 0x6b, 0xee, 0x6b, 0xff, 0x6f, 
	0xff, 0x2f, 0xff, 0x2f, 0xff, 0x2f, 0xff, 0x2f, 
	0xe5, 0xe5, 0xe5, 0xe5, 0xe5, 0xe5, 0xe5, 0xe5, 
	0xe5, 0xe5, 0xe5, 0xe5, 0xe5, 0xe5, 0xe5, 0xe5, 
	0xe5, 0xe5, 0xe5, 0xe5, 0xe5, 0xe5, 0xe5, 0xe5, 
	0xe5, 0xe5, 0xe5, 0xe5, 0xe5, 0xe5, 0xe5, 0xe5, 
	0xe5, 0xe5, 0xe5, 0xe5, 0xe5, 0xe5, 0xe5, 0xe5, 
	0xe5, 0xe5, 0xe5, 0xe5, 0xe5, 0xe5, 0xe5, 0xe5, 
	0xe5, 0xe5, 0xe5, 0xe5, 0xe5, 0xe5, 0xe5, 0xe5, 
	0xe5, 0xe5, 0xe5, 0xe5, 0xe5, 0xe5, 0xe5, 0xe5, 
	0xe5, 0xe5, 0xe5, 0xe5, 0xe5, 0xe5, 0xe5, 0xe5, 
	0xe5, 0xe5, 0xe5, 0xe5, 0xe5, 0xe5, 0xe5, 0xe5, 
	0xe5, 0xe5, 0xe5, 0xe5, 0xe5, 0xe5, 0xe5, 0xe5, 
	0xe5, 0xe5, 0xe5, 0xe5, 0xe5, 0xe5, 0xe5, 0xe5, 
	0xe5, 0xe5, 0xe5, 0xe5, 0xe5, 0xe5, 0xe5, 0xe5, 
	0xe5, 0xe5, 0xe5, 0xe5, 0xe5, 0xe5, 0xe5, 0xe5, 
	0xe5, 0xe5, 0xe5, 0xe5, 0xe5, 0xe5, 0xe5, 0xe5, 
	0xe5, 0xe5, 0xe5, 0xe5, 0xe5, 0xe5, 0xe5, 0xe5, 
	0xe5, 0xe5, 0xe5, 0xe5, 0xe5, 0xe5, 0xe5, 0xe5, 
	0xe5, 0xe5, 0xe5, 0xe5, 0xe5, 0xe5, 0xe5, 0xe5, 
	0xe5, 0xe5, 0xe5, 0xe5, 0xe5, 0xe5, 0xe5, 0xe5, 
	0xe5, 0xe5, 0xe5, 0xe5, 0xe5, 0xe5, 0xe5, 0xe5, 
	0xe5, 0xe5, 0xe5, 0xe5, 0xe5, 0xe5, 0xe5, 0xe5, 
	0xe5, 0xe5, 0xe5, 0xe5, 0xe5, 0xe5, 0xe5, 0xe5, 
	0xe5, 0xe5, 0xe5, 0xe5, 0xe5, 0xe5, 0xe5, 0xe5, 
	0xe5, 0xe5, 0xe5, 0xe5, 0xe5, 0xe5, 0xe5, 0xe5, 
	0xe5, 0xe5, 0xe5, 0xe5, 0xe5, 0xe5, 0xe5, 0xe5, 
	0xe5, 0xe5, 0xe5, 0xe5, 0xe5, 0xe5, 0xe5, 0xe5, 
	0xe5, 0xe5, 0xe5, 0xe5, 0xe5, 0xe5, 0xe5, 0xe5, 
	0xe5, 0xe5, 0xe5, 0xe5, 0xe5, 0xe5, 0xe5, 0xe5, 
	0xe5, 0xe5, 0xe5, 0xe5, 0xe5, 0xe5, 0xe5, 0xe5, 
	0xe5, 0xe5, 0xe5, 0xe5, 0xe5, 0xe5, 0xe5, 0xe5, 
	0xe5, 0xe5, 0xe5, 0xe5, 0xe5, 0xe5, 0xe5, 0xe5, 
	0xe5, 0xe5, 0xe5, 0xe5, 0xe5, 0xe5, 0xe5, 0xe5, 
	0xe5, 0xe5, 0xe5, 0xe5, 0xe5, 0xe5, 0xe5, 0xe5, 
	0xe5, 0xe5, 0xe5, 0xe5, 0xe5, 0xe5, 0xe5, 0xe5, 
	0xe5, 0xe5, 0xe5, 0xe5, 0xe5, 0xe5, 0xe5, 0xe5, 
	0xe5, 0xe5, 0xe5, 0xe5, 0xe5, 0xe5, 0xe5, 0xe5, 
	0xe5, 0xe5, 0xe5, 0xe5, 0xe5, 0xe5, 0xe5, 0xe5, 
	0xe5, 0xe5, 0xe5, 0xe5, 0xe5, 0xe5, 0xe5, 0xe5, 
	0xe5, 0xe5, 0xe5, 0xe5, 0xe5, 0xe5, 0xe5, 0xe5, 
	0xe5, 0xe5, 0xe5, 0xe5, 0xe5, 0xe5, 0xe5, 0xe5, 
	0xe5, 0xe5, 0xe5, 0xe5, 0xe5, 0xe5, 0xe5, 0xe5, 
	0xe5, 0xe5, 0xe5, 0xe5, 0xe5, 0xe5, 0xe5, 0xe5, 
	0xe5, 0xe5, 0xe5, 0xe5, 0xe5, 0xe5, 0xe5, 0xe5, 
	0xdd, 0xe5, 0xdd, 0xe5, 0x52, 0x99, 0x52, 0x99, 
	0x73, 0x5b, 0x73, 0x5b, 0x4a, 0x99, 0x4a, 0x99, 
	0x63, 0x1b, 0x3a, 0x17, 0x63, 0x1b, 0x63, 0x1b, 
	0x5a, 0xd9, 0x09, 0x11, 0x09, 0x11, 0x09, 0x11, 
	0x29, 0xd5, 0x01, 0x11, 0x01, 0x11, 0x01, 0x11, 
	0x21, 0xd5, 0x01, 0x11, 0x21, 0xd5, 0x01, 0x11, 
	0x01, 0x0f, 0x19, 0x93, 0x3a, 0x17, 0x52, 0x9b, 
	0x09, 0x11, 0x09, 0x11, 0x19, 0x93, 0x19, 0x93, 
	0x21, 0x95, 0x11, 0x53, 0x09, 0x11, 0x11, 0x53, 
	0x21, 0x93, 0x19, 0x93, 0x11, 0x53, 0x11, 0x53, 
	0x42, 0x57, 0x21, 0x95, 0x11, 0x53, 0x11, 0x53, 
	0x21, 0x95, 0x29, 0xd5, 0x21, 0x95, 0x29, 0xd5, 
	0x21, 0x95, 0x29, 0xd5, 0x21, 0x95, 0x19, 0x93, 
	0x09, 0x51, 0x09, 0x51, 0x52, 0xd9, 0xdd, 0xe9, 
	0xfe, 0xab, 0xfe, 0xed, 0xff, 0x2f, 0xff, 0x71, 
	0xfe, 0xed, 0xfe, 0xed, 0xe6, 0x29, 0xfe, 0xed, 
	0xff, 0x2d, 0xee, 0x69, 0xff, 0x2d, 0xee, 0x69, 
	0xfe, 0xed, 0xfe, 0xed, 0xe6, 0x29, 0xe6, 0x29, 
	0xbc, 0xe1, 0xd5, 0xa5, 0xd5, 0xa5, 0xd5, 0xa5, 
	0xd5, 0xa5, 0xd5, 0xa5, 0xee, 0x6b, 0xee, 0x6b, 
	0xdd, 0xe7, 0xee, 0x6b, 0xff, 0x2f, 0xff, 0x2f, 
	0xee, 0x27, 0xe5, 0xe5, 0xe5, 0xe5, 0xe5, 0xe5, 
	0xe5, 0xe5, 0xe5, 0xe5, 0xe5, 0xe5, 0xe5, 0xe5, 
	0xe5, 0xe5, 0xe5, 0xe5, 0xe5, 0xe5, 0xe5, 0xe5, 
	0xe5, 0xe5, 0xe5, 0xe5, 0xe5, 0xe5, 0xe5, 0xe5, 
	0xe5, 0xe5, 0xe5, 0xe5, 0xe5, 0xe5, 0xe5, 0xe5, 
	0xe5, 0xe5, 0xe5, 0xe5, 0xe5, 0xe5, 0xe5, 0xe5, 
	0xe5, 0xe5, 0xe5, 0xe5, 0xe5, 0xe5, 0xe5, 0xe5, 
	0xe5, 0xe5, 0xe5, 0xe5, 0xe5, 0xe5, 0xe5, 0xe5, 
	0xe5, 0xe5, 0xe5, 0xe5, 0xe5, 0xe5, 0xe5, 0xe5, 
	0xe5, 0xe5, 0xe5, 0xe5, 0xe5, 0xe5, 0xe5, 0xe5, 
	0xe5, 0xe5, 0xe5, 0xe5, 0xe5, 0xe5, 0xe5, 0xe5, 
	0xe5, 0xe5, 0xe5, 0xe5, 0xe5, 0xe5, 0xe5, 0xe5, 
	0xe5, 0xe5, 0xe5, 0xe5, 0xe5, 0xe5, 0xe5, 0xe5, 
	0xe5, 0xe5, 0xe5, 0xe5, 0xe5, 0xe5, 0xe5, 0xe5, 
	0xe5, 0xe5, 0xe5, 0xe5, 0xe5, 0xe5, 0xe5, 0xe5, 
	0xe5, 0xe5, 0xe5, 0xe5, 0xe5, 0xe5, 0xe5, 0xe5, 
	0xe5, 0xe5, 0xe5, 0xe5, 0xe5, 0xe5, 0xe5, 0xe5, 
	0xe5, 0xe5, 0xe5, 0xe5, 0xe5, 0xe5, 0xe5, 0xe5, 
	0xe5, 0xe5, 0xe5, 0xe5, 0xe5, 0xe5, 0xe5, 0xe5, 
	0xe5, 0xe5, 0xe5, 0xe5, 0xe5, 0xe5, 0xe5, 0xe5, 
	0xe5, 0xe5, 0xe5, 0xe5, 0xe5, 0xe5, 0xe5, 0xe5, 
	0xe5, 0xe5, 0xe5, 0xe5, 0xe5, 0xe5, 0xe5, 0xe5, 
	0xe5, 0xe5, 0xe5, 0xe5, 0xe5, 0xe5, 0xe5, 0xe5, 
	0xe5, 0xe5, 0xe5, 0xe5, 0xe5, 0xe5, 0xe5, 0xe5, 
	0xe5, 0xe5, 0xe5, 0xe5, 0xe5, 0xe5, 0xe5, 0xe5, 
	0xe5, 0xe5, 0xe5, 0xe5, 0xe5, 0xe5, 0xe5, 0xe5, 
	0xe5, 0xe5, 0xe5, 0xe5, 0xe5, 0xe5, 0xe5, 0xe5, 
	0xe5, 0xe5, 0xe5, 0xe5, 0xe5, 0xe5, 0xe5, 0xe5, 
	0xe5, 0xe5, 0xe5, 0xe5, 0xe5, 0xe5, 0xe5, 0xe5, 
	0xe5, 0xe5, 0xe5, 0xe5, 0xe5, 0xe5, 0xe5, 0xe5, 
	0xe5, 0xe5, 0xe5, 0xe5, 0xe5, 0xe5, 0xe5, 0xe5, 
	0xe5, 0xe5, 0xe5, 0xe5, 0xe5, 0xe5, 0xe5, 0xe5, 
	0xe5, 0xe5, 0xe5, 0xe5, 0xe5, 0xe5, 0xe5, 0xe5, 
	0xe5, 0xe5, 0xe5, 0xe5, 0xe5, 0xe5, 0xe5, 0xe5, 
	0xe5, 0xe5, 0xe5, 0xe5, 0xe5, 0xe5, 0xe5, 0xe5, 
	0xe5, 0xe5, 0xe5, 0xe5, 0xe5, 0xe5, 0xe5, 0xe5, 
	0xe5, 0xe5, 0xe5, 0xe5, 0xe5, 0xe5, 0xe5, 0xe5, 
	0xe5, 0xe5, 0xe5, 0xe5, 0xe5, 0xe5, 0xe5, 0xe5, 
	0xe5, 0xe5, 0xe5, 0xe5, 0xe5, 0xe5, 0xe5, 0xe5, 
	0xe5, 0xe5, 0xe5, 0xe5, 0xe5, 0xe5, 0xe5, 0xe5, 
	0xe5, 0xe5, 0xe5, 0xe5, 0xe5, 0xe5, 0xe5, 0xe5, 
	0xe5, 0xe5, 0xe5, 0xe5, 0xe5, 0xe5, 0xe5, 0xe5, 
	0xe5, 0xe5, 0xe5, 0xe5, 0xe5, 0xe5, 0xe5, 0xe5, 
	0xdd, 0xe5, 0x83, 0x9d, 0x83, 0x9d, 0x52, 0x99, 
	0x73, 0x5b, 0x73, 0x5b, 0x62, 0xd9, 0x62, 0xd9, 
	0x4a, 0x59, 0x3a, 0x17, 0x3a, 0x17, 0x52, 0xd9, 
	0x5a, 0xd9, 0x5a, 0xd9, 0x42, 0x57, 0x09, 0x11, 
	0x29, 0xd5, 0x29, 0xd5, 0x01, 0x11, 0x01, 0x11, 
	0x01, 0x11, 0x01, 0x11, 0x21, 0xd5, 0x01, 0x11, 
	0x01, 0x0f, 0x01, 0x0f, 0x01, 0x0f, 0x01, 0x0f, 
	0x19, 0x93, 0x09, 0x11, 0x09, 0x11, 0x19, 0x93, 
	0x11, 0x53, 0x09, 0x11, 0x09, 0x11, 0x09, 0x11, 
	0x21, 0x93, 0x11, 0x53, 0x11, 0x53, 0x11, 0x53, 
	0x21, 0x95, 0x11, 0x53, 0x21, 0x95, 0x21, 0x95, 
	0x21, 0x95, 0x21, 0x95, 0x21, 0x95, 0x21, 0x95, 
	0x21, 0x95, 0x21, 0x95, 0x21, 0x95, 0x11, 0x53, 
	0x09, 0x51, 0x09, 0x51, 0x09, 0x51, 0xdd, 0xe9, 
	0xff, 0x2f, 0xff, 0x2f, 0xfe, 0xab, 0xff, 0x2f, 
	0xfe, 0xed, 0xfe, 0xed, 0xe6, 0x29, 0xe6, 0x29, 
	0xee, 0x69, 0xee, 0x69, 0xff, 0x2d, 0xff, 0x2d, 
	0xe6, 0x29, 0xfe, 0xed, 0xe6, 0x29, 0xfe, 0xed, 
	0xbc, 0xe1, 0xbc, 0xe1, 0xd5, 0xa5, 0xd5, 0xa5, 
	0xc4, 0xe1, 0xc4, 0xe1, 0xee, 0x6b, 0xd5, 0xa5, 
	0xcd, 0x23, 0xcd, 0x23, 0xee, 0x6b, 0xff, 0x2f, 
	0xfe, 0xab, 0xee, 0x27, 0xe5, 0xe5, 0xe5, 0xe5, 
	0xe5, 0xe5, 0xe5, 0xe5, 0xe5, 0xe5, 0xe5, 0xe5, 
	0xe5, 0xe5, 0xe5, 0xe5, 0xe5, 0xe5, 0xe5, 0xe5, 
	0xe5, 0xe5, 0xe5, 0xe5, 0xe5, 0xe5, 0xe5, 0xe5, 
	0xe5, 0xe5, 0xe5, 0xe5, 0xe5, 0xe5, 0xe5, 0xe5, 
	0xe5, 0xe5, 0xe5, 0xe5, 0xe5, 0xe5, 0xe5, 0xe5, 
	0xe5, 0xe5, 0xe5, 0xe5, 0xe5, 0xe5, 0xe5, 0xe5, 
	0xe5, 0xe5, 0xe5, 0xe5, 0xe5, 0xe5, 0xe5, 0xe5, 
	0xe5, 0xe5, 0xe5, 0xe5, 0xe5, 0xe5, 0xe5, 0xe5, 
	0xe5, 0xe5, 0xe5, 0xe5, 0xe5, 0xe5, 0xe5, 0xe5, 
	0xe5, 0xe5, 0xe5, 0xe5, 0xe5, 0xe5, 0xe5, 0xe5, 
	0xe5, 0xe5, 0xe5, 0xe5, 0xe5, 0xe5, 0xe5, 0xe5, 
	0xe5, 0xe5, 0xe5, 0xe5, 0xe5, 0xe5, 0xe5, 0xe5, 
	0xe5, 0xe5, 0xe5, 0xe5, 0xe5, 0xe5, 0xe5, 0xe5, 
	0xe5, 0xe5, 0xe5, 0xe5, 0xe5, 0xe5, 0xe5, 0xe5, 
	0xe5, 0xe5, 0xe5, 0xe5, 0xe5, 0xe5, 0xe5, 0xe5, 
	0xe5, 0xe5, 0xe5, 0xe5, 0xe5, 0xe5, 0xe5, 0xe5, 
	0xe5, 0xe5, 0xe5, 0xe5, 0xe5, 0xe5, 0xe5, 0xe5, 
	0xe5, 0xe5, 0xe5, 0xe5, 0xe5, 0xe5, 0xe5, 0xe5, 
	0xe5, 0xe5, 0xe5, 0xe5, 0xe5, 0xe5, 0xe5, 0xe5, 
	0xe5, 0xe5, 0xe5, 0xe5, 0xe5, 0xe5, 0xe5, 0xe5, 
	0xe5, 0xe5, 0xe5, 0xe5, 0xe5, 0xe5, 0xe5, 0xe5, 
	0xe5, 0xe5, 0xe5, 0xe5, 0xe5, 0xe5, 0xe5, 0xe5, 
	0xe5, 0xe5, 0xe5, 0xe5, 0xe5, 0xe5, 0xe5, 0xe5, 
	0xe5, 0xe5, 0xe5, 0xe5, 0xe5, 0xe5, 0xe5, 0xe5, 
	0xe5, 0xe5, 0xe5, 0xe5, 0xe5, 0xe5, 0xe5, 0xe5, 
	0xe5, 0xe5, 0xe5, 0xe5, 0xe5, 0xe5, 0xe5, 0xe5, 
	0xe5, 0xe5, 0xe5, 0xe5, 0xe5, 0xe5, 0xe5, 0xe5, 
	0xe5, 0xe5, 0xe5, 0xe5, 0xe5, 0xe5, 0xe5, 0xe5, 
	0xe5, 0xe5, 0xe5, 0xe5, 0xe5, 0xe5, 0xe5, 0xe5, 
	0xe5, 0xe5, 0xe5, 0xe5, 0xe5, 0xe5, 0xe5, 0xe5, 
	0xe5, 0xe5, 0xe5, 0xe5, 0xe5, 0xe5, 0xe5, 0xe5, 
	0xe5, 0xe5, 0xe5, 0xe5, 0xe5, 0xe5, 0xe5, 0xe5, 
	0xe5, 0xe5, 0xe5, 0xe5, 0xe5, 0xe5, 0xe5, 0xe5, 
	0xe5, 0xe5, 0xe5, 0xe5, 0xe5, 0xe5, 0xe5, 0xe5, 
	0xe5, 0xe5, 0xe5, 0xe5, 0xe5, 0xe5, 0xe5, 0xe5, 
	0xe5, 0xe5, 0xe5, 0xe5, 0xe5, 0xe5, 0xe5, 0xe5, 
	0xe5, 0xe5, 0xe5, 0xe5, 0xe5, 0xe5, 0xe5, 0xe5, 
	0xe5, 0xe5, 0xe5, 0xe5, 0xe5, 0xe5, 0xe5, 0xe5, 
	0xe5, 0xe5, 0xe5, 0xe5, 0xe5, 0xe5, 0xe5, 0xe5, 
	0xe5, 0xe5, 0xe5, 0xe5, 0xe5, 0xe5, 0xe5, 0xe5, 
	0xe5, 0xe5, 0xe5, 0xe5, 0xe5, 0xe5, 0xe5, 0xe5, 
	0xe5, 0xe5, 0xe5, 0xe5, 0xe5, 0xe5, 0xe5, 0xe5, 
	0xcd, 0x65, 0x73, 0x5b, 0x73, 0x5b, 0x73, 0x5b, 
	0x73, 0x5b, 0x73, 0x5b, 0x73, 0x5b, 0x73, 0x5b, 
	0x4a, 0x99, 0x4a, 0x99, 0x4a, 0x99, 0x4a, 0x99, 
	0x3a, 0x57, 0x21, 0x93, 0x52, 0xd9, 0x09, 0x11, 
	0x01, 0x0f, 0x32, 0x15, 0x01, 0x0f, 0x01, 0x0f, 
	0x01, 0x0f, 0x32, 0x17, 0x32, 0x17, 0x01, 0x0f, 
	0x19, 0x93, 0x4a, 0x99, 0x32, 0x15, 0x01, 0x0f, 
	0x01, 0x0f, 0x01, 0x0f, 0x01, 0x0f, 0x3a, 0x17, 
	0x19, 0x93, 0x01, 0x0f, 0x01, 0x0f, 0x01, 0x0f, 
	0x09, 0x11, 0x09, 0x11, 0x11, 0x53, 0x11, 0x53, 
	0x21, 0x93, 0x29, 0xd5, 0x21, 0x93, 0x29, 0xd5, 
	0x29, 0xd3, 0x29, 0xd3, 0x29, 0xd3, 0x29, 0xd3, 
	0x21, 0x95, 0x19, 0x93, 0x19, 0x93, 0x21, 0x95, 
	0x11, 0x53, 0x11, 0x53, 0x52, 0xd9, 0xd5, 0xe7, 
	0xff, 0x2f, 0xff, 0x71, 0xff, 0x2f, 0xfe, 0xed, 
	0xfe, 0xed, 0xee, 0x69, 0xee, 0x69, 0xee, 0x69, 
	0xf6, 0x6b, 0xf6, 0x6b, 0xf6, 0x6b, 0xe5, 0xe7, 
	0xee, 0x27, 0xfe, 0xab, 0xd5, 0xa5, 0xd5, 0xa5, 
	0xd5, 0xa5, 0xc4, 0xe1, 0xd5, 0xa5, 0xee, 0x6b, 
	0xf6, 0x6b, 0xed, 0xe7, 0xf6, 0x6b, 0xf6, 0x6b, 
	0xd5, 0xa5, 0xc5, 0x21, 0xd5, 0xa5, 0xfe, 0xab, 
	0xff, 0x31, 0xff, 0x31, 0xed, 0xe5, 0xed, 0xe5, 
	0xe5, 0xe5, 0xe5, 0xe5, 0xe5, 0xe5, 0xe5, 0xe5, 
	0xe5, 0xe5, 0xe5, 0xe5, 0xe5, 0xe5, 0xe5, 0xe5, 
	0xe5, 0xe5, 0xe5, 0xe5, 0xe5, 0xe5, 0xe5, 0xe5, 
	0xe5, 0xe5, 0xe5, 0xe5, 0xe5, 0xe5, 0xe5, 0xe5, 
	0xe5, 0xe5, 0xe5, 0xe5, 0xe5, 0xe5, 0xe5, 0xe5, 
	0xe5, 0xe5, 0xe5, 0xe5, 0xe5, 0xe5, 0xe5, 0xe5, 
	0xe5, 0xe5, 0xe5, 0xe5, 0xe5, 0xe5, 0xe5, 0xe5, 
	0xe5, 0xe5, 0xe5, 0xe5, 0xe5, 0xe5, 0xe5, 0xe5, 
	0xe5, 0xe5, 0xe5, 0xe5, 0xe5, 0xe5, 0xe5, 0xe5, 
	0xe5, 0xe5, 0xe5, 0xe5, 0xe5, 0xe5, 0xe5, 0xe5, 
	0xe5, 0xe5, 0xe5, 0xe5, 0xe5, 0xe5, 0xe5, 0xe5, 
	0xe5, 0xe5, 0xe5, 0xe5, 0xe5, 0xe5, 0xe5, 0xe5, 
	0xe5, 0xe5, 0xe5, 0xe5, 0xe5, 0xe5, 0xe5, 0xe5, 
	0xe5, 0xe5, 0xe5, 0xe5, 0xe5, 0xe5, 0xe5, 0xe5, 
	0xe5, 0xe5, 0xe5, 0xe5, 0xe5, 0xe5, 0xe5, 0xe5, 
	0xe5, 0xe5, 0xe5, 0xe5, 0xe5, 0xe5, 0xe5, 0xe5, 
	0xe5, 0xe5, 0xe5, 0xe5, 0xe5, 0xe5, 0xe5, 0xe5, 
	0xe5, 0xe5, 0xe5, 0xe5, 0xe5, 0xe5, 0xe5, 0xe5, 
	0xe5, 0xe5, 0xe5, 0xe5, 0xe5, 0xe5, 0xe5, 0xe5, 
	0xe5, 0xe5, 0xe5, 0xe5, 0xe5, 0xe5, 0xe5, 0xe5, 
	0xe5, 0xe5, 0xe5, 0xe5, 0xe5, 0xe5, 0xe5, 0xe5, 
	0xe5, 0xe5, 0xe5, 0xe5, 0xe5, 0xe5, 0xe5, 0xe5, 
	0xe5, 0xe5, 0xe5, 0xe5, 0xe5, 0xe5, 0xe5, 0xe5, 
	0xe5, 0xe5, 0xe5, 0xe5, 0xe5, 0xe5, 0xe5, 0xe5, 
	0xe5, 0xe5, 0xe5, 0xe5, 0xe5, 0xe5, 0xe5, 0xe5, 
	0xe5, 0xe5, 0xe5, 0xe5, 0xe5, 0xe5, 0xe5, 0xe5, 
	0xe5, 0xe5, 0xe5, 0xe5, 0xe5, 0xe5, 0xe5, 0xe5, 
	0xe5, 0xe5, 0xe5, 0xe5, 0xe5, 0xe5, 0xe5, 0xe5, 
	0xe5, 0xe5, 0xe5, 0xe5, 0xe5, 0xe5, 0xe5, 0xe5, 
	0xe5, 0xe5, 0xe5, 0xe5, 0xe5, 0xe5, 0xe5, 0xe5, 
	0xe5, 0xe5, 0xe5, 0xe5, 0xe5, 0xe5, 0xe5, 0xe5, 
	0xe5, 0xe5, 0xe5, 0xe5, 0xe5, 0xe5, 0xe5, 0xe5, 
	0xe5, 0xe5, 0xe5, 0xe5, 0xe5, 0xe5, 0xe5, 0xe5, 
	0xe5, 0xe5, 0xe5, 0xe5, 0xe5, 0xe5, 0xe5, 0xe5, 
	0xe5, 0xe5, 0xe5, 0xe5, 0xe5, 0xe5, 0xe5, 0xe5, 
	0xe5, 0xe5, 0xe5, 0xe5, 0xe5, 0xe5, 0xe5, 0xe5, 
	0xe5, 0xe5, 0xe5, 0xe5, 0xe5, 0xe5, 0xe5, 0xe5, 
	0xe5, 0xe5, 0xe5, 0xe5, 0xe5, 0xe5, 0xe5, 0xe5, 
	0xe5, 0xe5, 0xe5, 0xe5, 0xe5, 0xe5, 0xe5, 0xe5, 
	0xe5, 0xe5, 0xe5, 0xe5, 0xe5, 0xe5, 0xe5, 0xe5, 
	0xe5, 0xe5, 0xe5, 0xe5, 0xe5, 0xe5, 0xe5, 0xe5, 
	0xe5, 0xe5, 0xe5, 0xe5, 0xe5, 0xe5, 0xe5, 0xe5, 
	0x73, 0x5b, 0x9c, 0x61, 0x73, 0x5b, 0x73, 0x5b, 
	0x6b, 0x1b, 0x6b, 0x1b, 0x6b, 0x1b, 0x6b, 0x1b, 
	0x63, 0x1b, 0x63, 0x1b, 0x63, 0x1b, 0x63, 0x1b, 
	0x52, 0xd9, 0x3a, 0x57, 0x52, 0xd9, 0x52, 0xd9, 
	0x32, 0x15, 0x19, 0x93, 0x01, 0x0f, 0x32, 0x15, 
	0x01, 0x0f, 0x01, 0x0f, 0x21, 0xd5, 0x21, 0xd5, 
	0x19, 0x93, 0x32, 0x15, 0x19, 0x93, 0x01, 0x0f, 
	0x01, 0x0f, 0x01, 0x0f, 0x01, 0x0f, 0x11, 0x51, 
	0x19, 0x93, 0x19, 0x93, 0x01, 0x0f, 0x01, 0x0f, 
	0x01, 0x0f, 0x01, 0x0f, 0x01, 0x0f, 0x11, 0x53, 
	0x21, 0x93, 0x21, 0x93, 0x21, 0x93, 0x21, 0x93, 
	0x32, 0x15, 0x29, 0xd5, 0x32, 0x15, 0x29, 0xd5, 
	0x21, 0x95, 0x11, 0x53, 0x11, 0x53, 0x11, 0x53, 
	0x11, 0x53, 0x11, 0x53, 0x11, 0x53, 0xd5, 0xe7, 
	0xfe, 0xab, 0xff, 0x2f, 0xff, 0x2f, 0xfe, 0xed, 
	0xfe, 0xed, 0xee, 0x69, 0xee, 0x69, 0xe5, 0xe7, 
	0xe5, 0xe7, 0xf6, 0x6b, 0xe5, 0xe7, 0xe5, 0xe7, 
	0xfe, 0xab, 0xfe, 0xab, 0xee, 0x27, 0xfe, 0xab, 
	0xee, 0x6b, 0xd5, 0xa5, 0xd5, 0xa5, 0xee, 0x6b, 
	0xed, 0xe7, 0xed, 0xe7, 0xf6, 0xef, 0xff, 0xb3, 
	0xd5, 0xa5, 0xd5, 0xa5, 0xd5, 0xa5, 0xfe, 0xab, 
	0xf6, 0xad, 0xff, 0x31, 0xed, 0xe5, 0xed, 0xe5, 
	0xe5, 0xe5, 0xe5, 0xe5, 0xe5, 0xe5, 0xe5, 0xe5, 
	0xe5, 0xe5, 0xe5, 0xe5, 0xe5, 0xe5, 0xe5, 0xe5, 
	0xe5, 0xe5, 0xe5, 0xe5, 0xe5, 0xe5, 0xe5, 0xe5, 
	0xe5, 0xe5, 0xe5, 0xe5, 0xe5, 0xe5, 0xe5, 0xe5, 
	0xe5, 0xe5, 0xe5, 0xe5, 0xe5, 0xe5, 0xe5, 0xe5, 
	0xe5, 0xe5, 0xe5, 0xe5, 0xe5, 0xe5, 0xe5, 0xe5, 
	0xe5, 0xe5, 0xe5, 0xe5, 0xe5, 0xe5, 0xe5, 0xe5, 
	0xe5, 0xe5, 0xe5, 0xe5, 0xe5, 0xe5, 0xe5, 0xe5, 
	0xe5, 0xe5, 0xe5, 0xe5, 0xe5, 0xe5, 0xe5, 0xe5, 
	0xe5, 0xe5, 0xe5, 0xe5, 0xe5, 0xe5, 0xe5, 0xe5, 
	0xe5, 0xe5, 0xe5, 0xe5, 0xe5, 0xe5, 0xe5, 0xe5, 
	0xe5, 0xe5, 0xe5, 0xe5, 0xe5, 0xe5, 0xe5, 0xe5, 
	0xe5, 0xe5, 0xe5, 0xe5, 0xe5, 0xe5, 0xe5, 0xe5, 
	0xe5, 0xe5, 0xe5, 0xe5, 0xe5, 0xe5, 0xe5, 0xe5, 
	0xe5, 0xe5, 0xe5, 0xe5, 0xe5, 0xe5, 0xe5, 0xe5, 
	0xe5, 0xe5, 0xe5, 0xe5, 0xe5, 0xe5, 0xe5, 0xe5, 
	0xe5, 0xe5, 0xe5, 0xe5, 0xe5, 0xe5, 0xe5, 0xe5, 
	0xe5, 0xe5, 0xe5, 0xe5, 0xe5, 0xe5, 0xe5, 0xe5, 
	0xe5, 0xe5, 0xe5, 0xe5, 0xe5, 0xe5, 0xe5, 0xe5, 
	0xe5, 0xe5, 0xe5, 0xe5, 0xe5, 0xe5, 0xe5, 0xe5, 
	0xe5, 0xe5, 0xe5, 0xe5, 0xe5, 0xe5, 0xe5, 0xe5, 
	0xe5, 0xe5, 0xe5, 0xe5, 0xe5, 0xe5, 0xe5, 0xe5, 
	0xe5, 0xe5, 0xe5, 0xe5, 0xe5, 0xe5, 0xe5, 0xe5, 
	0xe5, 0xe5, 0xe5, 0xe5, 0xe5, 0xe5, 0xe5, 0xe5, 
	0xe5, 0xe5, 0xe5, 0xe5, 0xe5, 0xe5, 0xe5, 0xe5, 
	0xe5, 0xe5, 0xe5, 0xe5, 0xe5, 0xe5, 0xe5, 0xe5, 
	0xe5, 0xe5, 0xe5, 0xe5, 0xe5, 0xe5, 0xe5, 0xe5, 
	0xe5, 0xe5, 0xe5, 0xe5, 0xe5, 0xe5, 0xe5, 0xe5, 
	0xe5, 0xe5, 0xe5, 0xe5, 0xe5, 0xe5, 0xe5, 0xe5, 
	0xe5, 0xe5, 0xe5, 0xe5, 0xe5, 0xe5, 0xe5, 0xe5, 
	0xe5, 0xe5, 0xe5, 0xe5, 0xe5, 0xe5, 0xe5, 0xe5, 
	0xe5, 0xe5, 0xe5, 0xe5, 0xe5, 0xe5, 0xe5, 0xe5, 
	0xe5, 0xe5, 0xe5, 0xe5, 0xe5, 0xe5, 0xe5, 0xe5, 
	0xe5, 0xe5, 0xe5, 0xe5, 0xe5, 0xe5, 0xe5, 0xe5, 
	0xe5, 0xe5, 0xe5, 0xe5, 0xe5, 0xe5, 0xe5, 0xe5, 
	0xe5, 0xe5, 0xe5, 0xe5, 0xe5, 0xe5, 0xe5, 0xe5, 
	0xe5, 0xe5, 0xe5, 0xe5, 0xe5, 0xe5, 0xe5, 0xe5, 
	0xe5, 0xe5, 0xe5, 0xe5, 0xe5, 0xe5, 0xe5, 0xe5, 
	0xe5, 0xe5, 0xe5, 0xe5, 0xe5, 0xe5, 0xe5, 0xe5, 
	0xe5, 0xe5, 0xe5, 0xe5, 0xe5, 0xe5, 0xe5, 0xe5, 
	0xe5, 0xe5, 0xe5, 0xe5, 0xe5, 0xe5, 0xe5, 0xe5, 
	0xe5, 0xe5, 0xe5, 0xe5, 0xe5, 0xe5, 0xc5, 0x23, 
	0x73, 0x5b, 0x73, 0x5b, 0x73, 0x5b, 0x73, 0x5b, 
	0x73, 0x5b, 0x73, 0x5b, 0x73, 0x5b, 0x73, 0x5b, 
	0x63, 0x1b, 0x3a, 0x15, 0x4a, 0x99, 0x21, 0x93, 
	0x21, 0x93, 0x3a, 0x57, 0x52, 0xd9, 0x3a, 0x57, 
	0x4a, 0x99, 0x32, 0x15, 0x32, 0x15, 0x4a, 0x99, 
	0x01, 0x0f, 0x01, 0x0f, 0x01, 0x0f, 0x21, 0xd5, 
	0x32, 0x15, 0x19, 0x93, 0x01, 0x0f, 0x32, 0x15, 
	0x01, 0x0f, 0x01, 0x0f, 0x01, 0x0f, 0x01, 0x0f, 
	0x01, 0x0f, 0x01, 0x0f, 0x19, 0x93, 0x19, 0x93, 
	0x01, 0x0f, 0x09, 0x11, 0x11, 0x53, 0x11, 0x53, 
	0x19, 0x93, 0x19, 0x93, 0x29, 0xd5, 0x21, 0x93, 
	0x29, 0xd3, 0x29, 0xd5, 0x29, 0xd3, 0x29, 0xd3, 
	0x21, 0x95, 0x29, 0xd5, 0x21, 0x95, 0x29, 0xd5, 
	0x11, 0x53, 0x11, 0x53, 0x11, 0x53, 0x94, 0x61, 
	0xfe, 0xab, 0xfe, 0xed, 0xfe, 0xab, 0xfe, 0xed, 
	0xfe, 0xed, 0xfe, 0xed, 0xd5, 0x63, 0xe5, 0xe7, 
	0xff, 0x2d, 0xff, 0x2d, 0xf6, 0x6b, 0xf6, 0x6b, 
	0xd5, 0xa5, 0xc4, 0xe1, 0xee, 0x27, 0xfe, 0xab, 
	0xff, 0x2f, 0xff, 0x2f, 0xff, 0x2f, 0xff, 0x2f, 
	0xf6, 0x6b, 0xf6, 0xef, 0xff, 0xb3, 0xff, 0xb3, 
	0xee, 0x27, 0xd5, 0xa5, 0xd5, 0xa5, 0xee, 0x27, 
	0xf6, 0xad, 0xf6, 0xad, 0xf6, 0xad, 0xed, 0xe5, 
	0xe5, 0xe5, 0xe5, 0xe5, 0xe5, 0xe5, 0xe5, 0xe5, 
	0xe5, 0xe5, 0xe5, 0xe5, 0xe5, 0xe5, 0xe5, 0xe5, 
	0xe5, 0xe5, 0xe5, 0xe5, 0xe5, 0xe5, 0xe5, 0xe5, 
	0xe5, 0xe5, 0xe5, 0xe5, 0xe5, 0xe5, 0xe5, 0xe5, 
	0xe5, 0xe5, 0xe5, 0xe5, 0xe5, 0xe5, 0xe5, 0xe5, 
	0xe5, 0xe5, 0xe5, 0xe5, 0xe5, 0xe5, 0xe5, 0xe5, 
	0xe5, 0xe5, 0xe5, 0xe5, 0xe5, 0xe5, 0xe5, 0xe5, 
	0xe5, 0xe5, 0xe5, 0xe5, 0xe5, 0xe5, 0xe5, 0xe5, 
	0xe5, 0xe5, 0xe5, 0xe5, 0xe5, 0xe5, 0xe5, 0xe5, 
	0xe5, 0xe5, 0xe5, 0xe5, 0xe5, 0xe5, 0xe5, 0xe5, 
	0xe5, 0xe5, 0xe5, 0xe5, 0xe5, 0xe5, 0xe5, 0xe5, 
	0xe5, 0xe5, 0xe5, 0xe5, 0xe5, 0xe5, 0xe5, 0xe5, 
	0xe5, 0xe5, 0xe5, 0xe5, 0xe5, 0xe5, 0xe5, 0xe5, 
	0xe5, 0xe5, 0xe5, 0xe5, 0xe5, 0xe5, 0xe5, 0xe5, 
	0xe5, 0xe5, 0xe5, 0xe5, 0xe5, 0xe5, 0xe5, 0xe5, 
	0xe5, 0xe5, 0xe5, 0xe5, 0xe5, 0xe5, 0xe5, 0xe5, 
	0xe5, 0xe5, 0xe5, 0xe5, 0xe5, 0xe5, 0xe5, 0xe5, 
	0xe5, 0xe5, 0xe5, 0xe5, 0xe5, 0xe5, 0xe5, 0xe5, 
	0xe5, 0xe5, 0xe5, 0xe5, 0xe5, 0xe5, 0xe5, 0xe5, 
	0xe5, 0xe5, 0xe5, 0xe5, 0xe5, 0xe5, 0xe5, 0xe5, 
	0xe5, 0xe5, 0xe5, 0xe5, 0xe5, 0xe5, 0xe5, 0xe5, 
	0xe5, 0xe5, 0xe5, 0xe5, 0xe5, 0xe5, 0xe5, 0xe5, 
	0xe5, 0xe5, 0xe5, 0xe5, 0xe5, 0xe5, 0xe5, 0xe5, 
	0xe5, 0xe5, 0xe5, 0xe5, 0xe5, 0xe5, 0xe5, 0xe5, 
	0xe5, 0xe5, 0xe5, 0xe5, 0xe5, 0xe5, 0xe5, 0xe5, 
	0xe5, 0xe5, 0xe5, 0xe5, 0xe5, 0xe5, 0xe5, 0xe5, 
	0xe5, 0xe5, 0xe5, 0xe5, 0xe5, 0xe5, 0xe5, 0xe5, 
	0xe5, 0xe5, 0xe5, 0xe5, 0xe5, 0xe5, 0xe5, 0xe5, 
	0xe5, 0xe5, 0xe5, 0xe5, 0xe5, 0xe5, 0xe5, 0xe5, 
	0xe5, 0xe5, 0xe5, 0xe5, 0xe5, 0xe5, 0xe5, 0xe5, 
	0xe5, 0xe5, 0xe5, 0xe5, 0xe5, 0xe5, 0xe5, 0xe5, 
	0xe5, 0xe5, 0xe5, 0xe5, 0xe5, 0xe5, 0xe5, 0xe5, 
	0xe5, 0xe5, 0xe5, 0xe5, 0xe5, 0xe5, 0xe5, 0xe5, 
	0xe5, 0xe5, 0xe5, 0xe5, 0xe5, 0xe5, 0xe5, 0xe5, 
	0xe5, 0xe5, 0xe5, 0xe5, 0xe5, 0xe5, 0xe5, 0xe5, 
	0xe5, 0xe5, 0xe5, 0xe5, 0xe5, 0xe5, 0xe5, 0xe5, 
	0xe5, 0xe5, 0xe5, 0xe5, 0xe5, 0xe5, 0xe5, 0xe5, 
	0xe5, 0xe5, 0xe5, 0xe5, 0xe5, 0xe5, 0xe5, 0xe5, 
	0xe5, 0xe5, 0xe5, 0xe5, 0xe5, 0xe5, 0xe5, 0xe5, 
	0xe5, 0xe5, 0xe5, 0xe5, 0xe5, 0xe5, 0xe5, 0xe5, 
	0xe5, 0xe5, 0xe5, 0xe5, 0xe5, 0xe5, 0xe5, 0xe5, 
	0xe5, 0xe5, 0xe5, 0xe5, 0xc5, 0x23, 0x83, 0x9f, 
	0x73, 0x5b, 0x73, 0x5b, 0x73, 0x5b, 0x73, 0x5b, 
	0x6b, 0x1b, 0x6b, 0x1b, 0x6b, 0x1b, 0x6b, 0x1b, 
	0x4a, 0x99, 0x3a, 0x15, 0x21, 0x93, 0x21, 0x93, 
	0x09, 0x11, 0x09, 0x11, 0x09, 0x11, 0x09, 0x11, 
	0x01, 0x0f, 0x01, 0x0f, 0x01, 0x0f, 0x01, 0x0f, 
	0x01, 0x0f, 0x11, 0x51, 0x01, 0x0f, 0x01, 0x0f, 
	0x19, 0x93, 0x01, 0x0f, 0x01, 0x0f, 0x01, 0x0f, 
	0x01, 0x0f, 0x01, 0x0f, 0x11, 0x51, 0x01, 0x0f, 
	0x01, 0x0f, 0x01, 0x0f, 0x4a, 0x59, 0x32, 0x15, 
	0x01, 0x0f, 0x01, 0x0f, 0x01, 0x0f, 0x11, 0x53, 
	0x21, 0x93, 0x21, 0x93, 0x32, 0x15, 0x29, 0xd5, 
	0x21, 0x93, 0x21, 0x93, 0x32, 0x15, 0x29, 0xd5, 
	0x21, 0x95, 0x21, 0x95, 0x21, 0x95, 0x21, 0x95, 
	0x11, 0x53, 0x11, 0x53, 0x11, 0x53, 0x52, 0xd9, 
	0xfe, 0xab, 0xfe, 0xab, 0xff, 0x2f, 0xff, 0x2f, 
	0xfe, 0xed, 0xfe, 0xed, 0xee, 0x69, 0xee, 0x69, 
	0xf6, 0x6b, 0xf6, 0x6b, 0xe5, 0xe7, 0xdd, 0x65, 
	0xfe, 0xab, 0xd5, 0xa5, 0xee, 0x27, 0xee, 0x27, 
	0xee, 0x6b, 0xff, 0x2f, 0xff, 0x2f, 0xff, 0x2f, 
	0xf6, 0x6b, 0xf6, 0xef, 0xff, 0xb3, 0xff, 0xb3, 
	0xfe, 0xab, 0xee, 0x27, 0xfe, 0xab, 0xfe, 0xab, 
	0xf6, 0x69, 0xf6, 0x69, 0xf6, 0xad, 0xf6, 0x69, 
	0xe5, 0xe5, 0xe5, 0xe5, 0xe5, 0xe5, 0xe5, 0xe5, 
	0xe5, 0xe5, 0xe5, 0xe5, 0xe5, 0xe5, 0xe5, 0xe5, 
	0xe5, 0xe5, 0xe5, 0xe5, 0xe5, 0xe5, 0xe5, 0xe5, 
	0xe5, 0xe5, 0xe5, 0xe5, 0xe5, 0xe5, 0xe5, 0xe5, 
	0xe5, 0xe5, 0xe5, 0xe5, 0xe5, 0xe5, 0xe5, 0xe5, 
	0xe5, 0xe5, 0xe5, 0xe5, 0xe5, 0xe5, 0xe5, 0xe5, 
	0xe5, 0xe5, 0xe5, 0xe5, 0xe5, 0xe5, 0xe5, 0xe5, 
	0xe5, 0xe5, 0xe5, 0xe5, 0xe5, 0xe5, 0xe5, 0xe5, 
	0xe5, 0xe5, 0xe5, 0xe5, 0xe5, 0xe5, 0xe5, 0xe5, 
	0xe5, 0xe5, 0xe5, 0xe5, 0xe5, 0xe5, 0xe5, 0xe5, 
	0xe5, 0xe5, 0xe5, 0xe5, 0xe5, 0xe5, 0xe5, 0xe5, 
	0xe5, 0xe5, 0xe5, 0xe5, 0xe5, 0xe5, 0xe5, 0xe5, 
	0xe5, 0xe5, 0xe5, 0xe5, 0xe5, 0xe5, 0xe5, 0xe5, 
	0xe5, 0xe5, 0xe5, 0xe5, 0xe5, 0xe5, 0xe5, 0xe5, 
	0xe5, 0xe5, 0xe5, 0xe5, 0xe5, 0xe5, 0xe5, 0xe5, 
	0xe5, 0xe5, 0xe5, 0xe5, 0xe5, 0xe5, 0xe5, 0xe5, 
	0xe5, 0xe5, 0xe5, 0xe5, 0xe5, 0xe5, 0xe5, 0xe5, 
	0xe5, 0xe5, 0xe5, 0xe5, 0xe5, 0xe5, 0xe5, 0xe5, 
	0xe5, 0xe5, 0xe5, 0xe5, 0xe5, 0xe5, 0xe5, 0xe5, 
	0xe5, 0xe5, 0xe5, 0xe5, 0xe5, 0xe5, 0xe5, 0xe5, 
	0xe5, 0xe5, 0xe5, 0xe5, 0xe5, 0xe5, 0xe5, 0xe5, 
	0xe5, 0xe5, 0xe5, 0xe5, 0xe5, 0xe5, 0xe5, 0xe5, 
	0xe5, 0xe5, 0xe5, 0xe5, 0xe5, 0xe5, 0xe5, 0xe5, 
	0xe5, 0xe5, 0xe5, 0xe5, 0xe5, 0xe5, 0xe5, 0xe5, 
	0xe5, 0xe5, 0xe5, 0xe5, 0xe5, 0xe5, 0xe5, 0xe5, 
	0xe5, 0xe5, 0xe5, 0xe5, 0xe5, 0xe5, 0xe5, 0xe5, 
	0xe5, 0xe5, 0xe5, 0xe5, 0xe5, 0xe5, 0xe5, 0xe5, 
	0xe5, 0xe5, 0xe5, 0xe5, 0xe5, 0xe5, 0xe5, 0xe5, 
	0xe5, 0xe5, 0xe5, 0xe5, 0xe5, 0xe5, 0xe5, 0xe5, 
	0xe5, 0xe5, 0xe5, 0xe5, 0xe5, 0xe5, 0xe5, 0xe5, 
	0xe5, 0xe5, 0xe5, 0xe5, 0xe5, 0xe5, 0xe5, 0xe5, 
	0xe5, 0xe5, 0xe5, 0xe5, 0xe5, 0xe5, 0xe5, 0xe5, 
	0xe5, 0xe5, 0xe5, 0xe5, 0xe5, 0xe5, 0xe5, 0xe5, 
	0xe5, 0xe5, 0xe5, 0xe5, 0xe5, 0xe5, 0xe5, 0xe5, 
	0xe5, 0xe5, 0xe5, 0xe5, 0xe5, 0xe5, 0xe5, 0xe5, 
	0xe5, 0xe5, 0xe5, 0xe5, 0xe5, 0xe5, 0xe5, 0xe5, 
	0xe5, 0xe5, 0xe5, 0xe5, 0xe5, 0xe5, 0xe5, 0xe5, 
	0xe5, 0xe5, 0xe5, 0xe5, 0xe5, 0xe5, 0xe5, 0xe5, 
	0xe5, 0xe5, 0xe5, 0xe5, 0xe5, 0xe5, 0xe5, 0xe5, 
	0xe5, 0xe5, 0xe5, 0xe5, 0xe5, 0xe5, 0xe5, 0xe5, 
	0xe5, 0xe5, 0xe5, 0xe5, 0xe5, 0xe5, 0xe5, 0xe5, 
	0xe5, 0xe5, 0xe5, 0xe5, 0xac, 0xa1, 0x42, 0x59, 
	0x73, 0x5b, 0x73, 0x5b, 0x52, 0x99, 0x52, 0x99, 
	0x4a, 0x57, 0x4a, 0x57, 0x73, 0x5d, 0x73, 0x5d, 
	0x19, 0x93, 0x21, 0x95, 0x19, 0x93, 0x21, 0x95, 
	0x09, 0x53, 0x11, 0x53, 0x11, 0x53, 0x01, 0x11, 
	0x09, 0x11, 0x01, 0x0f, 0x09, 0x11, 0x01, 0x0f, 
	0x09, 0x11, 0x01, 0x0f, 0x01, 0x0f, 0x01, 0x0f, 
	0x09, 0x53, 0x01, 0x11, 0x01, 0x0f, 0x01, 0x0f, 
	0x01, 0x0f, 0x01, 0x0f, 0x01, 0x0f, 0x01, 0x0f, 
	0x01, 0x0f, 0x01, 0x0f, 0x11, 0x53, 0x11, 0x53, 
	0x09, 0x53, 0x09, 0x53, 0x01, 0x0f, 0x09, 0x53, 
	0x19, 0x93, 0x21, 0x95, 0x09, 0x11, 0x11, 0x53, 
	0x11, 0x53, 0x11, 0x53, 0x29, 0xd5, 0x29, 0xd5, 
	0x19, 0x93, 0x09, 0x11, 0x19, 0x93, 0x09, 0x11, 
	0x19, 0x95, 0x09, 0x11, 0x19, 0x95, 0x19, 0x95, 
	0xbd, 0x25, 0xfe, 0xed, 0xfe, 0xed, 0xfe, 0xed, 
	0xff, 0x2d, 0xf6, 0x6b, 0xfe, 0xab, 0xf6, 0x29, 
	0xee, 0x29, 0xee, 0x29, 0xee, 0x29, 0xee, 0x29, 
	0xfe, 0xed, 0xb4, 0x9f, 0xcd, 0x63, 0xcd, 0x63, 
	0xc5, 0x63, 0xfe, 0xed, 0xfe, 0xed, 0xfe, 0xed, 
	0xee, 0x69, 0xee, 0x69, 0xfe, 0xed, 0xfe, 0xed, 
	0xf6, 0xab, 0xf6, 0xab, 0xff, 0x2f, 0xff, 0x2f, 
	0xfe, 0xed, 0xee, 0x69, 0xfe, 0xed, 0xfe, 0xed, 
	0xf6, 0x69, 0xe5, 0xe5, 0xe5, 0xe5, 0xe5, 0xe5, 
	0xe5, 0xe5, 0xe5, 0xe5, 0xe5, 0xe5, 0xe5, 0xe5, 
	0xe5, 0xe5, 0xe5, 0xe5, 0xe5, 0xe5, 0xe5, 0xe5, 
	0xe5, 0xe5, 0xe5, 0xe5, 0xe5, 0xe5, 0xe5, 0xe5, 
	0xe5, 0xe5, 0xe5, 0xe5, 0xe5, 0xe5, 0xe5, 0xe5, 
	0xe5, 0xe5, 0xe5, 0xe5, 0xe5, 0xe5, 0xe5, 0xe5, 
	0xe5, 0xe5, 0xe5, 0xe5, 0xe5, 0xe5, 0xe5, 0xe5, 
	0xe5, 0xe5, 0xe5, 0xe5, 0xe5, 0xe5, 0xe5, 0xe5, 
	0xe5, 0xe5, 0xe5, 0xe5, 0xe5, 0xe5, 0xe5, 0xe5, 
	0xe5, 0xe5, 0xe5, 0xe5, 0xe5, 0xe5, 0xe5, 0xe5, 
	0xe5, 0xe5, 0xe5, 0xe5, 0xe5, 0xe5, 0xe5, 0xe5, 
	0xe5, 0xe5, 0xe5, 0xe5, 0xe5, 0xe5, 0xe5, 0xe5, 
	0xe5, 0xe5, 0xe5, 0xe5, 0xe5, 0xe5, 0xe5, 0xe5, 
	0xe5, 0xe5, 0xe5, 0xe5, 0xe5, 0xe5, 0xe5, 0xe5, 
	0xe5, 0xe5, 0xe5, 0xe5, 0xe5, 0xe5, 0xe5, 0xe5, 
	0xe5, 0xe5, 0xe5, 0xe5, 0xe5, 0xe5, 0xe5, 0xe5, 
	0xe5, 0xe5, 0xe5, 0xe5, 0xe5, 0xe5, 0xe5, 0xe5, 
	0xe5, 0xe5, 0xe5, 0xe5, 0xe5, 0xe5, 0xe5, 0xe5, 
	0xe5, 0xe5, 0xe5, 0xe5, 0xe5, 0xe5, 0xe5, 0xe5, 
	0xe5, 0xe5, 0xe5, 0xe5, 0xe5, 0xe5, 0xe5, 0xe5, 
	0xe5, 0xe5, 0xe5, 0xe5, 0xe5, 0xe5, 0xe5, 0xe5, 
	0xe5, 0xe5, 0xe5, 0xe5, 0xe5, 0xe5, 0xe5, 0xe5, 
	0xe5, 0xe5, 0xe5, 0xe5, 0xe5, 0xe5, 0xe5, 0xe5, 
	0xe5, 0xe5, 0xe5, 0xe5, 0xe5, 0xe5, 0xe5, 0xe5, 
	0xe5, 0xe5, 0xe5, 0xe5, 0xe5, 0xe5, 0xe5, 0xe5, 
	0xe5, 0xe5, 0xe5, 0xe5, 0xe5, 0xe5, 0xe5, 0xe5, 
	0xe5, 0xe5, 0xe5, 0xe5, 0xe5, 0xe5, 0xe5, 0xe5, 
	0xe5, 0xe5, 0xe5, 0xe5, 0xe5, 0xe5, 0xe5, 0xe5, 
	0xe5, 0xe5, 0xe5, 0xe5, 0xe5, 0xe5, 0xe5, 0xe5, 
	0xe5, 0xe5, 0xe5, 0xe5, 0xe5, 0xe5, 0xe5, 0xe5, 
	0xe5, 0xe5, 0xe5, 0xe5, 0xe5, 0xe5, 0xe5, 0xe5, 
	0xe5, 0xe5, 0xe5, 0xe5, 0xe5, 0xe5, 0xe5, 0xe5, 
	0xe5, 0xe5, 0xe5, 0xe5, 0xe5, 0xe5, 0xe5, 0xe5, 
	0xe5, 0xe5, 0xe5, 0xe5, 0xe5, 0xe5, 0xe5, 0xe5, 
	0xe5, 0xe5, 0xe5, 0xe5, 0xe5, 0xe5, 0xe5, 0xe5, 
	0xe5, 0xe5, 0xe5, 0xe5, 0xe5, 0xe5, 0xe5, 0xe5, 
	0xe5, 0xe5, 0xe5, 0xe5, 0xe5, 0xe5, 0xe5, 0xe5, 
	0xe5, 0xe5, 0xe5, 0xe5, 0xe5, 0xe5, 0xe5, 0xe5, 
	0xe5, 0xe5, 0xe5, 0xe5, 0xe5, 0xe5, 0xe5, 0xe5, 
	0xe5, 0xe5, 0xe5, 0xe5, 0xe5, 0xe5, 0xe5, 0xe5, 
	0xe5, 0xe5, 0xe5, 0xe5, 0xe5, 0xe5, 0xe5, 0xe5, 
	0xe5, 0xe5, 0xe5, 0xe5, 0x42, 0x59, 0x42, 0x59, 
	0x6b, 0x1b, 0x6b, 0x1b, 0x5a, 0xd9, 0x6b, 0x1b, 
	0x4a, 0x57, 0x73, 0x5d, 0x73, 0x5d, 0x19, 0x53, 
	0x11, 0x53, 0x11, 0x53, 0x11, 0x53, 0x11, 0x53, 
	0x09, 0x11, 0x01, 0x11, 0x09, 0x53, 0x01, 0x11, 
	0x09, 0x11, 0x09, 0x11, 0x09, 0x11, 0x09, 0x11, 
	0x09, 0x11, 0x09, 0x11, 0x01, 0x0f, 0x01, 0x0f, 
	0x09, 0x53, 0x01, 0x11, 0x01, 0x0f, 0x09, 0x53, 
	0x09, 0x11, 0x01, 0x0f, 0x01, 0x0f, 0x09, 0x51, 
	0x11, 0x53, 0x09, 0x11, 0x11, 0x53, 0x11, 0x53, 
	0x09, 0x11, 0x09, 0x11, 0x01, 0x0f, 0x11, 0x55, 
	0x11, 0x53, 0x11, 0x53, 0x09, 0x11, 0x09, 0x11, 
	0x01, 0x11, 0x01, 0x11, 0x01, 0x11, 0x01, 0x11, 
	0x01, 0x0f, 0x01, 0x0f, 0x01, 0x0f, 0x01, 0x0f, 
	0x01, 0x0f, 0x01, 0x0f, 0x11, 0x53, 0x11, 0x53, 
	0xbd, 0x25, 0xfe, 0xed, 0xfe, 0xed, 0xfe, 0xed, 
	0xff, 0x2d, 0xf6, 0x29, 0xfe, 0xab, 0xf6, 0x29, 
	0xee, 0x29, 0xee, 0x29, 0xbd, 0x23, 0xee, 0x29, 
	0xe6, 0x29, 0xe6, 0x29, 0xe6, 0x29, 0xe6, 0x29, 
	0xfe, 0xed, 0xfe, 0xed, 0xfe, 0xed, 0xe6, 0x29, 
	0xee, 0x69, 0xd5, 0xa5, 0xfe, 0xed, 0xee, 0x69, 
	0xdd, 0xa5, 0xe6, 0x29, 0xf6, 0xab, 0xff, 0x2f, 
	0xfe, 0xed, 0xee, 0x69, 0xee, 0x69, 0xee, 0x69, 
	0xfe, 0xab, 0xe5, 0xe5, 0xe5, 0xe5, 0xe5, 0xe5, 
	0xe5, 0xe5, 0xe5, 0xe5, 0xe5, 0xe5, 0xe5, 0xe5, 
	0xe5, 0xe5, 0xe5, 0xe5, 0xe5, 0xe5, 0xe5, 0xe5, 
	0xe5, 0xe5, 0xe5, 0xe5, 0xe5, 0xe5, 0xe5, 0xe5, 
	0xe5, 0xe5, 0xe5, 0xe5, 0xe5, 0xe5, 0xe5, 0xe5, 
	0xe5, 0xe5, 0xe5, 0xe5, 0xe5, 0xe5, 0xe5, 0xe5, 
	0xe5, 0xe5, 0xe5, 0xe5, 0xe5, 0xe5, 0xe5, 0xe5, 
	0xe5, 0xe5, 0xe5, 0xe5, 0xe5, 0xe5, 0xe5, 0xe5, 
	0xe5, 0xe5, 0xe5, 0xe5, 0xe5, 0xe5, 0xe5, 0xe5, 
	0xe5, 0xe5, 0xe5, 0xe5, 0xe5, 0xe5, 0xe5, 0xe5, 
	0xe5, 0xe5, 0xe5, 0xe5, 0xe5, 0xe5, 0xe5, 0xe5, 
	0xe5, 0xe5, 0xe5, 0xe5, 0xe5, 0xe5, 0xe5, 0xe5, 
	0xe5, 0xe5, 0xe5, 0xe5, 0xe5, 0xe5, 0xe5, 0xe5, 
	0xe5, 0xe5, 0xe5, 0xe5, 0xe5, 0xe5, 0xe5, 0xe5, 
	0xe5, 0xe5, 0xe5, 0xe5, 0xe5, 0xe5, 0xe5, 0xe5, 
	0xe5, 0xe5, 0xe5, 0xe5, 0xe5, 0xe5, 0xe5, 0xe5, 
	0xe5, 0xe5, 0xe5, 0xe5, 0xe5, 0xe5, 0xe5, 0xe5, 
	0xe5, 0xe5, 0xe5, 0xe5, 0xe5, 0xe5, 0xe5, 0xe5, 
	0xe5, 0xe5, 0xe5, 0xe5, 0xe5, 0xe5, 0xe5, 0xe5, 
	0xe5, 0xe5, 0xe5, 0xe5, 0xe5, 0xe5, 0xe5, 0xe5, 
	0xe5, 0xe5, 0xe5, 0xe5, 0xe5, 0xe5, 0xe5, 0xe5, 
	0xe5, 0xe5, 0xe5, 0xe5, 0xe5, 0xe5, 0xe5, 0xe5, 
	0xe5, 0xe5, 0xe5, 0xe5, 0xe5, 0xe5, 0xe5, 0xe5, 
	0xe5, 0xe5, 0xe5, 0xe5, 0xe5, 0xe5, 0xe5, 0xe5, 
	0xe5, 0xe5, 0xe5, 0xe5, 0xe5, 0xe5, 0xe5, 0xe5, 
	0xe5, 0xe5, 0xe5, 0xe5, 0xe5, 0xe5, 0xe5, 0xe5, 
	0xe5, 0xe5, 0xe5, 0xe5, 0xe5, 0xe5, 0xe5, 0xe5, 
	0xe5, 0xe5, 0xe5, 0xe5, 0xe5, 0xe5, 0xe5, 0xe5, 
	0xe5, 0xe5, 0xe5, 0xe5, 0xe5, 0xe5, 0xe5, 0xe5, 
	0xe5, 0xe5, 0xe5, 0xe5, 0xe5, 0xe5, 0xe5, 0xe5, 
	0xe5, 0xe5, 0xe5, 0xe5, 0xe5, 0xe5, 0xe5, 0xe5, 
	0xe5, 0xe5, 0xe5, 0xe5, 0xe5, 0xe5, 0xe5, 0xe5, 
	0xe5, 0xe5, 0xe5, 0xe5, 0xe5, 0xe5, 0xe5, 0xe5, 
	0xe5, 0xe5, 0xe5, 0xe5, 0xe5, 0xe5, 0xe5, 0xe5, 
	0xe5, 0xe5, 0xe5, 0xe5, 0xe5, 0xe5, 0xe5, 0xe5, 
	0xe5, 0xe5, 0xe5, 0xe5, 0xe5, 0xe5, 0xe5, 0xe5, 
	0xe5, 0xe5, 0xe5, 0xe5, 0xe5, 0xe5, 0xe5, 0xe5, 
	0xe5, 0xe5, 0xe5, 0xe5, 0xe5, 0xe5, 0xe5, 0xe5, 
	0xe5, 0xe5, 0xe5, 0xe5, 0xe5, 0xe5, 0xe5, 0xe5, 
	0xe5, 0xe5, 0xe5, 0xe5, 0xe5, 0xe5, 0xe5, 0xe5, 
	0xe5, 0xe5, 0xe5, 0xe5, 0xe5, 0xe5, 0xe5, 0xe5, 
	0xe5, 0xe5, 0xe5, 0xe5, 0x7b, 0x9d, 0x7b, 0x9d, 
	0x73, 0x5b, 0x73, 0x5b, 0x73, 0x5b, 0x73, 0x5b, 
	0x73, 0x5d, 0xa4, 0x61, 0x4a, 0x57, 0x19, 0x53, 
	0x09, 0x11, 0x11, 0x53, 0x11, 0x53, 0x11, 0x53, 
	0x11, 0x53, 0x01, 0x11, 0x09, 0x53, 0x11, 0x53, 
	0x09, 0x11, 0x01, 0x0f, 0x09, 0x53, 0x01, 0x11, 
	0x09, 0x53, 0x09, 0x53, 0x01, 0x11, 0x01, 0x11, 
	0x09, 0x11, 0x01, 0x0f, 0x09, 0x11, 0x01, 0x0f, 
	0x01, 0x0f, 0x01, 0x0f, 0x01, 0x0f, 0x01, 0x0f, 
	0x01, 0x0f, 0x01, 0x0f, 0x09, 0x11, 0x01, 0x0f, 
	0x01, 0x0f, 0x01, 0x0f, 0x01, 0x0f, 0x01, 0x0f, 
	0x09, 0x11, 0x11, 0x53, 0x09, 0x11, 0x09, 0x11, 
	0x11, 0x53, 0x11, 0x53, 0x01, 0x11, 0x01, 0x11, 
	0x09, 0x11, 0x11, 0x51, 0x01, 0x0f, 0x01, 0x0f, 
	0x01, 0x0f, 0x01, 0x0f, 0x09, 0x11, 0x09, 0x11, 
	0x3a, 0x15, 0xfe, 0xed, 0xfe, 0xed, 0xfe, 0xed, 
	0xff, 0x2d, 0xff, 0x2d, 0xfe, 0xab, 0xf6, 0x6b, 
	0xee, 0x29, 0xee, 0x29, 0x8b, 0xdf, 0x5a, 0x99, 
	0xfe, 0xed, 0xfe, 0xed, 0xcd, 0x63, 0xcd, 0x63, 
	0xfe, 0xed, 0xfe, 0xed, 0xe6, 0x29, 0xac, 0x5f, 
	0xd5, 0xa5, 0xd5, 0xa5, 0xd5, 0xa5, 0xee, 0x69, 
	0xf6, 0xab, 0xf6, 0xab, 0xe6, 0x29, 0xe6, 0x29, 
	0xee, 0x69, 0xee, 0x69, 0xee, 0x69, 0xee, 0x69, 
	0xfe, 0xab, 0xe5, 0xe5, 0xe5, 0xe5, 0xe5, 0xe5, 
	0xe5, 0xe5, 0xe5, 0xe5, 0xe5, 0xe5, 0xe5, 0xe5, 
	0xe5, 0xe5, 0xe5, 0xe5, 0xe5, 0xe5, 0xe5, 0xe5, 
	0xe5, 0xe5, 0xe5, 0xe5, 0xe5, 0xe5, 0xe5, 0xe5, 
	0xe5, 0xe5, 0xe5, 0xe5, 0xe5, 0xe5, 0xe5, 0xe5, 
	0xe5, 0xe5, 0xe5, 0xe5, 0xe5, 0xe5, 0xe5, 0xe5, 
	0xe5, 0xe5, 0xe5, 0xe5, 0xe5, 0xe5, 0xe5, 0xe5, 
	0xe5, 0xe5, 0xe5, 0xe5, 0xe5, 0xe5, 0xe5, 0xe5, 
	0xe5, 0xe5, 0xe5, 0xe5, 0xe5, 0xe5, 0xe5, 0xe5, 
	0xe5, 0xe5, 0xe5, 0xe5, 0xe5, 0xe5, 0xe5, 0xe5, 
	0xe5, 0xe5, 0xe5, 0xe5, 0xe5, 0xe5, 0xe5, 0xe5, 
	0xe5, 0xe5, 0xe5, 0xe5, 0xe5, 0xe5, 0xe5, 0xe5, 
	0xe5, 0xe5, 0xe5, 0xe5, 0xe5, 0xe5, 0xe5, 0xe5, 
	0xe5, 0xe5, 0xe5, 0xe5, 0xe5, 0xe5, 0xe5, 0xe5, 
	0xe5, 0xe5, 0xe5, 0xe5, 0xe5, 0xe5, 0xe5, 0xe5, 
	0xe5, 0xe5, 0xe5, 0xe5, 0xe5, 0xe5, 0xe5, 0xe5, 
	0xe5, 0xe5, 0xe5, 0xe5, 0xe5, 0xe5, 0xe5, 0xe5, 
	0xe5, 0xe5, 0xe5, 0xe5, 0xe5, 0xe5, 0xe5, 0xe5, 
	0xe5, 0xe5, 0xe5, 0xe5, 0xe5, 0xe5, 0xe5, 0xe5, 
	0xe5, 0xe5, 0xe5, 0xe5, 0xe5, 0xe5, 0xe5, 0xe5, 
	0xe5, 0xe5, 0xe5, 0xe5, 0xe5, 0xe5, 0xe5, 0xe5, 
	0xe5, 0xe5, 0xe5, 0xe5, 0xe5, 0xe5, 0xe5, 0xe5, 
	0xe5, 0xe5, 0xe5, 0xe5, 0xe5, 0xe5, 0xe5, 0xe5, 
	0xe5, 0xe5, 0xe5, 0xe5, 0xe5, 0xe5, 0xe5, 0xe5, 
	0xe5, 0xe5, 0xe5, 0xe5, 0xe5, 0xe5, 0xe5, 0xe5, 
	0xe5, 0xe5, 0xe5, 0xe5, 0xe5, 0xe5, 0xe5, 0xe5, 
	0xe5, 0xe5, 0xe5, 0xe5, 0xe5, 0xe5, 0xe5, 0xe5, 
	0xe5, 0xe5, 0xe5, 0xe5, 0xe5, 0xe5, 0xe5, 0xe5, 
	0xe5, 0xe5, 0xe5, 0xe5, 0xe5, 0xe5, 0xe5, 0xe5, 
	0xe5, 0xe5, 0xe5, 0xe5, 0xe5, 0xe5, 0xe5, 0xe5, 
	0xe5, 0xe5, 0xe5, 0xe5, 0xe5, 0xe5, 0xe5, 0xe5, 
	0xe5, 0xe5, 0xe5, 0xe5, 0xe5, 0xe5, 0xe5, 0xe5, 
	0xe5, 0xe5, 0xe5, 0xe5, 0xe5, 0xe5, 0xe5, 0xe5, 
	0xe5, 0xe5, 0xe5, 0xe5, 0xe5, 0xe5, 0xe5, 0xe5, 
	0xe5, 0xe5, 0xe5, 0xe5, 0xe5, 0xe5, 0xe5, 0xe5, 
	0xe5, 0xe5, 0xe5, 0xe5, 0xe5, 0xe5, 0xe5, 0xe5, 
	0xe5, 0xe5, 0xe5, 0xe5, 0xe5, 0xe5, 0xe5, 0xe5, 
	0xe5, 0xe5, 0xe5, 0xe5, 0xe5, 0xe5, 0xe5, 0xe5, 
	0xe5, 0xe5, 0xe5, 0xe5, 0xe5, 0xe5, 0xe5, 0xe5, 
	0xe5, 0xe5, 0xe5, 0xe5, 0xe5, 0xe5, 0xe5, 0xe5, 
	0xe5, 0xe5, 0xe5, 0xe5, 0xe5, 0xe5, 0xe5, 0xe5, 
	0xe5, 0xe5, 0xac, 0xa1, 0x7b, 0x9d, 0x7b, 0x9d, 
	0x6b, 0x1b, 0x6b, 0x1b, 0x6b, 0x1b, 0x6b, 0x1b, 
	0x73, 0x5d, 0xa4, 0x61, 0x19, 0x53, 0x19, 0x53, 
	0x09, 0x11, 0x11, 0x53, 0x11, 0x53, 0x11, 0x53, 
	0x09, 0x53, 0x01, 0x11, 0x09, 0x11, 0x01, 0x11, 
	0x09, 0x11, 0x09, 0x11, 0x09, 0x53, 0x01, 0x11, 
	0x09, 0x11, 0x01, 0x11, 0x01, 0x0f, 0x01, 0x0f, 
	0x09, 0x11, 0x09, 0x11, 0x09, 0x11, 0x09, 0x11, 
	0x01, 0x0f, 0x01, 0x0f, 0x01, 0x0f, 0x01, 0x0f, 
	0x01, 0x0f, 0x01, 0x0f, 0x09, 0x11, 0x09, 0x11, 
	0x09, 0x53, 0x09, 0x11, 0x09, 0x11, 0x01, 0x0f, 
	0x09, 0x11, 0x09, 0x11, 0x09, 0x11, 0x09, 0x11, 
	0x01, 0x11, 0x01, 0x11, 0x01, 0x11, 0x01, 0x11, 
	0x09, 0x11, 0x01, 0x0f, 0x09, 0x11, 0x01, 0x0f, 
	0x01, 0x0f, 0x01, 0x0f, 0x01, 0x0f, 0x01, 0x0f, 
	0x3a, 0x15, 0xbd, 0x25, 0xfe, 0xed, 0xfe, 0xed, 
	0xff, 0x2d, 0xfe, 0xab, 0xfe, 0xab, 0xfe, 0xab, 
	0xee, 0x29, 0xee, 0x29, 0xee, 0x29, 0x8b, 0xdf, 
	0xcd, 0x63, 0xfe, 0xed, 0xe6, 0x29, 0xe6, 0x29, 
	0xfe, 0xed, 0xfe, 0xed, 0xe6, 0x29, 0xac, 0x5f, 
	0xc5, 0x21, 0xd5, 0xa5, 0xc5, 0x21, 0xd5, 0xa5, 
	0xe6, 0x29, 0xdd, 0xa5, 0xf6, 0xab, 0xdd, 0xa5, 
	0xd5, 0x63, 0xe5, 0xe7, 0xfe, 0xed, 0xfe, 0xed, 
	0xfe, 0xab, 0xdd, 0xa3, 0xe5, 0xe5, 0xe5, 0xe5, 
	0xe5, 0xe5, 0xe5, 0xe5, 0xe5, 0xe5, 0xe5, 0xe5, 
	0xe5, 0xe5, 0xe5, 0xe5, 0xe5, 0xe5, 0xe5, 0xe5, 
	0xe5, 0xe5, 0xe5, 0xe5, 0xe5, 0xe5, 0xe5, 0xe5, 
	0xe5, 0xe5, 0xe5, 0xe5, 0xe5, 0xe5, 0xe5, 0xe5, 
	0xe5, 0xe5, 0xe5, 0xe5, 0xe5, 0xe5, 0xe5, 0xe5, 
	0xe5, 0xe5, 0xe5, 0xe5, 0xe5, 0xe5, 0xe5, 0xe5, 
	0xe5, 0xe5, 0xe5, 0xe5, 0xe5, 0xe5, 0xe5, 0xe5, 
	0xe5, 0xe5, 0xe5, 0xe5, 0xe5, 0xe5, 0xe5, 0xe5, 
	0xe5, 0xe5, 0xe5, 0xe5, 0xe5, 0xe5, 0xe5, 0xe5, 
	0xe5, 0xe5, 0xe5, 0xe5, 0xe5, 0xe5, 0xe5, 0xe5, 
	0xe5, 0xe5, 0xe5, 0xe5, 0xe5, 0xe5, 0xe5, 0xe5, 
	0xe5, 0xe5, 0xe5, 0xe5, 0xe5, 0xe5, 0xe5, 0xe5, 
	0xe5, 0xe5, 0xe5, 0xe5, 0xe5, 0xe5, 0xe5, 0xe5, 
	0xe5, 0xe5, 0xe5, 0xe5, 0xe5, 0xe5, 0xe5, 0xe5, 
	0xe5, 0xe5, 0xe5, 0xe5, 0xe5, 0xe5, 0xe5, 0xe5, 
	0xe5, 0xe5, 0xe5, 0xe5, 0xe5, 0xe5, 0xe5, 0xe5, 
	0xe5, 0xe5, 0xe5, 0xe5, 0xe5, 0xe5, 0xe5, 0xe5, 
	0xe5, 0xe5, 0xe5, 0xe5, 0xe5, 0xe5, 0xe5, 0xe5, 
	0xe5, 0xe5, 0xe5, 0xe5, 0xe5, 0xe5, 0xe5, 0xe5, 
	0xe5, 0xe5, 0xe5, 0xe5, 0xe5, 0xe5, 0xe5, 0xe5, 
	0xe5, 0xe5, 0xe5, 0xe5, 0xe5, 0xe5, 0xe5, 0xe5, 
	0xe5, 0xe5, 0xe5, 0xe5, 0xe5, 0xe5, 0xe5, 0xe5, 
	0xe5, 0xe5, 0xe5, 0xe5, 0xe5, 0xe5, 0xe5, 0xe5, 
	0xe5, 0xe5, 0xe5, 0xe5, 0xe5, 0xe5, 0xe5, 0xe5, 
	0xe5, 0xe5, 0xe5, 0xe5, 0xe5, 0xe5, 0xe5, 0xe5, 
	0xe5, 0xe5, 0xe5, 0xe5, 0xe5, 0xe5, 0xe5, 0xe5, 
	0xe5, 0xe5, 0xe5, 0xe5, 0xe5, 0xe5, 0xe5, 0xe5, 
	0xe5, 0xe5, 0xe5, 0xe5, 0xe5, 0xe5, 0xe5, 0xe5, 
	0xe5, 0xe5, 0xe5, 0xe5, 0xe5, 0xe5, 0xe5, 0xe5, 
	0xe5, 0xe5, 0xe5, 0xe5, 0xe5, 0xe5, 0xe5, 0xe5, 
	0xe5, 0xe5, 0xe5, 0xe5, 0xe5, 0xe5, 0xe5, 0xe5, 
	0xe5, 0xe5, 0xe5, 0xe5, 0xe5, 0xe5, 0xe5, 0xe5, 
	0xe5, 0xe5, 0xe5, 0xe5, 0xe5, 0xe5, 0xe5, 0xe5, 
	0xe5, 0xe5, 0xe5, 0xe5, 0xe5, 0xe5, 0xe5, 0xe5, 
	0xe5, 0xe5, 0xe5, 0xe5, 0xe5, 0xe5, 0xe5, 0xe5, 
	0xe5, 0xe5, 0xe5, 0xe5, 0xe5, 0xe5, 0xe5, 0xe5, 
	0xe5, 0xe5, 0xe5, 0xe5, 0xe5, 0xe5, 0xe5, 0xe5, 
	0xe5, 0xe5, 0xe5, 0xe5, 0xe5, 0xe5, 0xe5, 0xe5, 
	0xe5, 0xe5, 0xe5, 0xe5, 0xe5, 0xe5, 0xe5, 0xe5, 
	0xe5, 0xe5, 0xe5, 0xe5, 0xe5, 0xe5, 0xe5, 0xe5, 
	0xbd, 0x23, 0x73, 0x5d, 0x73, 0x5d, 0x73, 0x5d, 
	0x8b, 0xdd, 0x6b, 0x1b, 0x6b, 0x1b, 0x6b, 0x1b, 
	0xa4, 0xa1, 0xe6, 0x27, 0x6b, 0x1b, 0x29, 0x95, 
	0x19, 0x53, 0x09, 0x11, 0x19, 0x53, 0x09, 0x11, 
	0x01, 0x0f, 0x01, 0x0f, 0x01, 0x0f, 0x01, 0x0f, 
	0x01, 0x11, 0x01, 0x11, 0x01, 0x11, 0x01, 0x11, 
	0x09, 0x53, 0x09, 0x53, 0x01, 0x0f, 0x09, 0x11, 
	0x01, 0x0f, 0x09, 0x11, 0x09, 0x53, 0x01, 0x11, 
	0x01, 0x0f, 0x01, 0x0f, 0x01, 0x0f, 0x01, 0x0f, 
	0x01, 0x0f, 0x01, 0x0f, 0x01, 0x0f, 0x01, 0x0f, 
	0x01, 0x11, 0x01, 0x11, 0x01, 0x11, 0x01, 0x0f, 
	0x01, 0x0f, 0x01, 0x0f, 0x01, 0x0f, 0x09, 0x11, 
	0x09, 0x11, 0x01, 0x0f, 0x01, 0x11, 0x01, 0x11, 
	0x01, 0x11, 0x01, 0x11, 0x01, 0x0f, 0x09, 0x11, 
	0x09, 0x51, 0x21, 0x95, 0x01, 0x0f, 0x09, 0x51, 
	0x21, 0x93, 0xa4, 0xa1, 0xe5, 0xe7, 0xe5, 0xe7, 
	0xfe, 0xed, 0xfe, 0xed, 0xfe, 0xed, 0xfe, 0xed, 
	0xee, 0xab, 0xee, 0xab, 0xff, 0x2f, 0xff, 0x2f, 
	0xfe, 0xed, 0xfe, 0xed, 0xfe, 0xed, 0xe6, 0x29, 
	0xf6, 0x69, 0xf6, 0x69, 0xe5, 0xe7, 0xbc, 0xe1, 
	0xd5, 0xa5, 0xe5, 0xe7, 0xe5, 0xe7, 0xf6, 0x69, 
	0xcd, 0x63, 0xcd, 0x63, 0xd5, 0xa5, 0xd5, 0xa5, 
	0xd5, 0x65, 0xd5, 0x65, 0xd5, 0x65, 0xee, 0xab, 
	0xee, 0x69, 0xe5, 0xe7, 0xd5, 0xa5, 0xe5, 0xe7, 
	0xe5, 0xe5, 0xe5, 0xe5, 0xe5, 0xe5, 0xe5, 0xe5, 
	0xe5, 0xe5, 0xe5, 0xe5, 0xe5, 0xe5, 0xe5, 0xe5, 
	0xe5, 0xe5, 0xe5, 0xe5, 0xe5, 0xe5, 0xe5, 0xe5, 
	0xe5, 0xe5, 0xe5, 0xe5, 0xe5, 0xe5, 0xe5, 0xe5, 
	0xe5, 0xe5, 0xe5, 0xe5, 0xe5, 0xe5, 0xe5, 0xe5, 
	0xe5, 0xe5, 0xe5, 0xe5, 0xe5, 0xe5, 0xe5, 0xe5, 
	0xe5, 0xe5, 0xe5, 0xe5, 0xe5, 0xe5, 0xe5, 0xe5, 
	0xe5, 0xe5, 0xe5, 0xe5, 0xe5, 0xe5, 0xe5, 0xe5, 
	0xe5, 0xe5, 0xe5, 0xe5, 0xe5, 0xe5, 0xe5, 0xe5, 
	0xe5, 0xe5, 0xe5, 0xe5, 0xe5, 0xe5, 0xe5, 0xe5, 
	0xe5, 0xe5, 0xe5, 0xe5, 0xe5, 0xe5, 0xe5, 0xe5, 
	0xe5, 0xe5, 0xe5, 0xe5, 0xe5, 0xe5, 0xe5, 0xe5, 
	0xe5, 0xe5, 0xe5, 0xe5, 0xe5, 0xe5, 0xe5, 0xe5, 
	0xe5, 0xe5, 0xe5, 0xe5, 0xe5, 0xe5, 0xe5, 0xe5, 
	0xe5, 0xe5, 0xe5, 0xe5, 0xe5, 0xe5, 0xe5, 0xe5, 
	0xe5, 0xe5, 0xe5, 0xe5, 0xe5, 0xe5, 0xe5, 0xe5, 
	0xe5, 0xe5, 0xe5, 0xe5, 0xe5, 0xe5, 0xe5, 0xe5, 
	0xe5, 0xe5, 0xe5, 0xe5, 0xe5, 0xe5, 0xe5, 0xe5, 
	0xe5, 0xe5, 0xe5, 0xe5, 0xe5, 0xe5, 0xe5, 0xe5, 
	0xe5, 0xe5, 0xe5, 0xe5, 0xe5, 0xe5, 0xe5, 0xe5, 
	0xe5, 0xe5, 0xe5, 0xe5, 0xe5, 0xe5, 0xe5, 0xe5, 
	0xe5, 0xe5, 0xe5, 0xe5, 0xe5, 0xe5, 0xe5, 0xe5, 
	0xe5, 0xe5, 0xe5, 0xe5, 0xe5, 0xe5, 0xe5, 0xe5, 
	0xe5, 0xe5, 0xe5, 0xe5, 0xe5, 0xe5, 0xe5, 0xe5, 
	0xe5, 0xe5, 0xe5, 0xe5, 0xe5, 0xe5, 0xe5, 0xe5, 
	0xe5, 0xe5, 0xe5, 0xe5, 0xe5, 0xe5, 0xe5, 0xe5, 
	0xe5, 0xe5, 0xe5, 0xe5, 0xe5, 0xe5, 0xe5, 0xe5, 
	0xe5, 0xe5, 0xe5, 0xe5, 0xe5, 0xe5, 0xe5, 0xe5, 
	0xe5, 0xe5, 0xe5, 0xe5, 0xe5, 0xe5, 0xe5, 0xe5, 
	0xe5, 0xe5, 0xe5, 0xe5, 0xe5, 0xe5, 0xe5, 0xe5, 
	0xe5, 0xe5, 0xe5, 0xe5, 0xe5, 0xe5, 0xe5, 0xe5, 
	0xe5, 0xe5, 0xe5, 0xe5, 0xe5, 0xe5, 0xe5, 0xe5, 
	0xe5, 0xe5, 0xe5, 0xe5, 0xe5, 0xe5, 0xe5, 0xe5, 
	0xe5, 0xe5, 0xe5, 0xe5, 0xe5, 0xe5, 0xe5, 0xe5, 
	0xe5, 0xe5, 0xe5, 0xe5, 0xe5, 0xe5, 0xe5, 0xe5, 
	0xe5, 0xe5, 0xe5, 0xe5, 0xe5, 0xe5, 0xe5, 0xe5, 
	0xe5, 0xe5, 0xe5, 0xe5, 0xe5, 0xe5, 0xe5, 0xe5, 
	0xe5, 0xe5, 0xe5, 0xe5, 0xe5, 0xe5, 0xe5, 0xe5, 
	0xe5, 0xe5, 0xe5, 0xe5, 0xe5, 0xe5, 0xe5, 0xe5, 
	0xe5, 0xe5, 0xe5, 0xe5, 0xe5, 0xe5, 0xe5, 0xe5, 
	0xbd, 0x23, 0x4a, 0x59, 0x4a, 0x59, 0x94, 0x1f, 
	0x8b, 0xdd, 0x8b, 0xdd, 0x6b, 0x1b, 0x6b, 0x1b, 
	0x6b, 0x1b, 0xe6, 0x27, 0x6b, 0x1b, 0x29, 0x95, 
	0x21, 0xd5, 0x19, 0x53, 0x21, 0xd5, 0x19, 0x53, 
	0x01, 0x0f, 0x01, 0x0f, 0x01, 0x0f, 0x01, 0x0f, 
	0x01, 0x0f, 0x01, 0x0f, 0x01, 0x0f, 0x01, 0x0f, 
	0x09, 0x11, 0x01, 0x11, 0x01, 0x0f, 0x01, 0x0f, 
	0x01, 0x0f, 0x01, 0x0f, 0x09, 0x53, 0x01, 0x11, 
	0x01, 0x0f, 0x01, 0x0f, 0x01, 0x0f, 0x09, 0x51, 
	0x01, 0x0f, 0x01, 0x0f, 0x01, 0x0f, 0x01, 0x0f, 
	0x01, 0x0f, 0x01, 0x0f, 0x09, 0x11, 0x01, 0x0f, 
	0x09, 0x11, 0x01, 0x0f, 0x01, 0x0f, 0x01, 0x0f, 
	0x09, 0x11, 0x09, 0x11, 0x01, 0x0f, 0x01, 0x0f, 
	0x01, 0x0f, 0x01, 0x0f, 0x01, 0x0f, 0x01, 0x0f, 
	0x01, 0x0f, 0x01, 0x0f, 0x01, 0x0f, 0x19, 0x53, 
	0x21, 0x93, 0xa4, 0xa1, 0xa4, 0xa1, 0xa4, 0xa1, 
	0xcd, 0xa7, 0xfe, 0xed, 0xfe, 0xed, 0xfe, 0xed, 
	0xff, 0x2f, 0xee, 0xab, 0xee, 0xab, 0xff, 0x2f, 
	0xfe, 0xed, 0xfe, 0xed, 0xe6, 0x29, 0xe6, 0x29, 
	0xe5, 0xe7, 0xf6, 0x69, 0xf6, 0x69, 0xcd, 0x63, 
	0xe5, 0xe7, 0xd5, 0xa5, 0xf6, 0x69, 0xf6, 0x69, 
	0xe5, 0xe7, 0xe5, 0xe7, 0xd5, 0xa5, 0xd5, 0xa5, 
	0xe5, 0xe9, 0xd5, 0x65, 0xd5, 0x65, 0xee, 0xab, 
	0xfe, 0xeb, 0xfe, 0xeb, 0xd5, 0xa5, 0xe5, 0xe7, 
	0xe5, 0xe5, 0xe5, 0xe5, 0xe5, 0xe5, 0xe5, 0xe5, 
	0xe5, 0xe5, 0xe5, 0xe5, 0xe5, 0xe5, 0xe5, 0xe5, 
	0xe5, 0xe5, 0xe5, 0xe5, 0xe5, 0xe5, 0xe5, 0xe5, 
	0xe5, 0xe5, 0xe5, 0xe5, 0xe5, 0xe5, 0xe5, 0xe5, 
	0xe5, 0xe5, 0xe5, 0xe5, 0xe5, 0xe5, 0xe5, 0xe5, 
	0xe5, 0xe5, 0xe5, 0xe5, 0xe5, 0xe5, 0xe5, 0xe5, 
	0xe5, 0xe5, 0xe5, 0xe5, 0xe5, 0xe5, 0xe5, 0xe5, 
	0xe5, 0xe5, 0xe5, 0xe5, 0xe5, 0xe5, 0xe5, 0xe5, 
	0xe5, 0xe5, 0xe5, 0xe5, 0xe5, 0xe5, 0xe5, 0xe5, 
	0xe5, 0xe5, 0xe5, 0xe5, 0xe5, 0xe5, 0xe5, 0xe5, 
	0xe5, 0xe5, 0xe5, 0xe5, 0xe5, 0xe5, 0xe5, 0xe5, 
	0xe5, 0xe5, 0xe5, 0xe5, 0xe5, 0xe5, 0xe5, 0xe5, 
	0xe5, 0xe5, 0xe5, 0xe5, 0xe5, 0xe5, 0xe5, 0xe5, 
	0xe5, 0xe5, 0xe5, 0xe5, 0xe5, 0xe5, 0xe5, 0xe5, 
	0xe5, 0xe5, 0xe5, 0xe5, 0xe5, 0xe5, 0xe5, 0xe5, 
	0xe5, 0xe5, 0xe5, 0xe5, 0xe5, 0xe5, 0xe5, 0xe5, 
	0xe5, 0xe5, 0xe5, 0xe5, 0xe5, 0xe5, 0xe5, 0xe5, 
	0xe5, 0xe5, 0xe5, 0xe5, 0xe5, 0xe5, 0xe5, 0xe5, 
	0xe5, 0xe5, 0xe5, 0xe5, 0xe5, 0xe5, 0xe5, 0xe5, 
	0xe5, 0xe5, 0xe5, 0xe5, 0xe5, 0xe5, 0xe5, 0xe5, 
	0xe5, 0xe5, 0xe5, 0xe5, 0xe5, 0xe5, 0xe5, 0xe5, 
	0xe5, 0xe5, 0xe5, 0xe5, 0xe5, 0xe5, 0xe5, 0xe5, 
	0xe5, 0xe5, 0xe5, 0xe5, 0xe5, 0xe5, 0xe5, 0xe5, 
	0xe5, 0xe5, 0xe5, 0xe5, 0xe5, 0xe5, 0xe5, 0xe5, 
	0xe5, 0xe5, 0xe5, 0xe5, 0xe5, 0xe5, 0xe5, 0xe5, 
	0xe5, 0xe5, 0xe5, 0xe5, 0xe5, 0xe5, 0xe5, 0xe5, 
	0xe5, 0xe5, 0xe5, 0xe5, 0xe5, 0xe5, 0xe5, 0xe5, 
	0xe5, 0xe5, 0xe5, 0xe5, 0xe5, 0xe5, 0xe5, 0xe5, 
	0xe5, 0xe5, 0xe5, 0xe5, 0xe5, 0xe5, 0xe5, 0xe5, 
	0xe5, 0xe5, 0xe5, 0xe5, 0xe5, 0xe5, 0xe5, 0xe5, 
	0xe5, 0xe5, 0xe5, 0xe5, 0xe5, 0xe5, 0xe5, 0xe5, 
	0xe5, 0xe5, 0xe5, 0xe5, 0xe5, 0xe5, 0xe5, 0xe5, 
	0xe5, 0xe5, 0xe5, 0xe5, 0xe5, 0xe5, 0xe5, 0xe5, 
	0xe5, 0xe5, 0xe5, 0xe5, 0xe5, 0xe5, 0xe5, 0xe5, 
	0xe5, 0xe5, 0xe5, 0xe5, 0xe5, 0xe5, 0xe5, 0xe5, 
	0xe5, 0xe5, 0xe5, 0xe5, 0xe5, 0xe5, 0xe5, 0xe5, 
	0xe5, 0xe5, 0xe5, 0xe5, 0xe5, 0xe5, 0xe5, 0xe5, 
	0xe5, 0xe5, 0xe5, 0xe5, 0xe5, 0xe5, 0xe5, 0xe5, 
	0xe5, 0xe5, 0xe5, 0xe5, 0xe5, 0xe5, 0xe5, 0xe5, 
	0xe5, 0xe5, 0xe5, 0xe5, 0xd5, 0xa3, 0xd5, 0xa3, 
	0xbd, 0x23, 0x4a, 0x59, 0x73, 0x5d, 0x73, 0x5d, 
	0x8b, 0xdd, 0x8b, 0xdd, 0x6b, 0x1b, 0x6b, 0x1b, 
	0x6b, 0x1b, 0x29, 0x95, 0x6b, 0x1b, 0x6b, 0x1b, 
	0x09, 0x11, 0x19, 0x53, 0x19, 0x53, 0x09, 0x11, 
	0x01, 0x0f, 0x01, 0x0f, 0x01, 0x0f, 0x01, 0x0f, 
	0x01, 0x11, 0x01, 0x0f, 0x01, 0x0f, 0x01, 0x0f, 
	0x01, 0x0f, 0x01, 0x0f, 0x01, 0x0f, 0x01, 0x0f, 
	0x01, 0x0f, 0x01, 0x0f, 0x01, 0x0f, 0x01, 0x0f, 
	0x01, 0x0f, 0x01, 0x0f, 0x01, 0x0f, 0x01, 0x0f, 
	0x01, 0x0f, 0x01, 0x0f, 0x01, 0x0f, 0x01, 0x0f, 
	0x01, 0x0f, 0x01, 0x0f, 0x01, 0x0f, 0x01, 0x0f, 
	0x01, 0x0f, 0x01, 0x0f, 0x01, 0x0f, 0x01, 0x0f, 
	0x01, 0x0f, 0x01, 0x0f, 0x01, 0x0f, 0x01, 0x0f, 
	0x01, 0x0f, 0x01, 0x0f, 0x01, 0x0f, 0x01, 0x0f, 
	0x01, 0x0f, 0x01, 0x0f, 0x01, 0x0f, 0x09, 0x51, 
	0x21, 0x93, 0xa4, 0xa1, 0xa4, 0xa1, 0xa4, 0xa1, 
	0x63, 0x1b, 0xcd, 0xa7, 0xfe, 0xed, 0xfe, 0xed, 
	0xee, 0xab, 0xe5, 0xe7, 0xe5, 0xe7, 0xee, 0xab, 
	0xfe, 0xed, 0xe6, 0x29, 0xd5, 0x65, 0xfe, 0xed, 
	0xf6, 0x69, 0xe5, 0xe7, 0xcd, 0x63, 0xe5, 0xe7, 
	0xe5, 0xe7, 0xf6, 0x69, 0xf6, 0x69, 0xf6, 0x69, 
	0xee, 0x69, 0xee, 0x69, 0xe5, 0xe7, 0xd5, 0xa5, 
	0xff, 0x2f, 0xff, 0x2f, 0xff, 0x2f, 0xff, 0x2f, 
	0xfe, 0xeb, 0xee, 0x69, 0xd5, 0xa5, 0xd5, 0xa5, 
	0xe5, 0xe5, 0xe5, 0xe5, 0xe5, 0xe5, 0xe5, 0xe5, 
	0xe5, 0xe5, 0xe5, 0xe5, 0xe5, 0xe5, 0xe5, 0xe5, 
	0xe5, 0xe5, 0xe5, 0xe5, 0xe5, 0xe5, 0xe5, 0xe5, 
	0xe5, 0xe5, 0xe5, 0xe5, 0xe5, 0xe5, 0xe5, 0xe5, 
	0xe5, 0xe5, 0xe5, 0xe5, 0xe5, 0xe5, 0xe5, 0xe5, 
	0xe5, 0xe5, 0xe5, 0xe5, 0xe5, 0xe5, 0xe5, 0xe5, 
	0xe5, 0xe5, 0xe5, 0xe5, 0xe5, 0xe5, 0xe5, 0xe5, 
	0xe5, 0xe5, 0xe5, 0xe5, 0xe5, 0xe5, 0xe5, 0xe5, 
	0xe5, 0xe5, 0xe5, 0xe5, 0xe5, 0xe5, 0xe5, 0xe5, 
	0xe5, 0xe5, 0xe5, 0xe5, 0xe5, 0xe5, 0xe5, 0xe5, 
	0xe5, 0xe5, 0xe5, 0xe5, 0xe5, 0xe5, 0xe5, 0xe5, 
	0xe5, 0xe5, 0xe5, 0xe5, 0xe5, 0xe5, 0xe5, 0xe5, 
	0xe5, 0xe5, 0xe5, 0xe5, 0xe5, 0xe5, 0xe5, 0xe5, 
	0xe5, 0xe5, 0xe5, 0xe5, 0xe5, 0xe5, 0xe5, 0xe5, 
	0xe5, 0xe5, 0xe5, 0xe5, 0xe5, 0xe5, 0xe5, 0xe5, 
	0xe5, 0xe5, 0xe5, 0xe5, 0xe5, 0xe5, 0xe5, 0xe5, 
	0xe5, 0xe5, 0xe5, 0xe5, 0xe5, 0xe5, 0xe5, 0xe5, 
	0xe5, 0xe5, 0xe5, 0xe5, 0xe5, 0xe5, 0xe5, 0xe5, 
	0xe5, 0xe5, 0xe5, 0xe5, 0xe5, 0xe5, 0xe5, 0xe5, 
	0xe5, 0xe5, 0xe5, 0xe5, 0xe5, 0xe5, 0xe5, 0xe5, 
	0xe5, 0xe5, 0xe5, 0xe5, 0xe5, 0xe5, 0xe5, 0xe5, 
	0xe5, 0xe5, 0xe5, 0xe5, 0xe5, 0xe5, 0xe5, 0xe5, 
	0xe5, 0xe5, 0xe5, 0xe5, 0xe5, 0xe5, 0xe5, 0xe5, 
	0xe5, 0xe5, 0xe5, 0xe5, 0xe5, 0xe5, 0xe5, 0xe5, 
	0xe5, 0xe5, 0xe5, 0xe5, 0xe5, 0xe5, 0xe5, 0xe5, 
	0xe5, 0xe5, 0xe5, 0xe5, 0xe5, 0xe5, 0xe5, 0xe5, 
	0xe5, 0xe5, 0xe5, 0xe5, 0xe5, 0xe5, 0xe5, 0xe5, 
	0xe5, 0xe5, 0xe5, 0xe5, 0xe5, 0xe5, 0xe5, 0xe5, 
	0xe5, 0xe5, 0xe5, 0xe5, 0xe5, 0xe5, 0xe5, 0xe5, 
	0xe5, 0xe5, 0xe5, 0xe5, 0xe5, 0xe5, 0xe5, 0xe5, 
	0xe5, 0xe5, 0xe5, 0xe5, 0xe5, 0xe5, 0xe5, 0xe5, 
	0xe5, 0xe5, 0xe5, 0xe5, 0xe5, 0xe5, 0xe5, 0xe5, 
	0xe5, 0xe5, 0xe5, 0xe5, 0xe5, 0xe5, 0xe5, 0xe5, 
	0xe5, 0xe5, 0xe5, 0xe5, 0xe5, 0xe5, 0xe5, 0xe5, 
	0xe5, 0xe5, 0xe5, 0xe5, 0xe5, 0xe5, 0xe5, 0xe5, 
	0xe5, 0xe5, 0xe5, 0xe5, 0xe5, 0xe5, 0xe5, 0xe5, 
	0xe5, 0xe5, 0xe5, 0xe5, 0xe5, 0xe5, 0xe5, 0xe5, 
	0xe5, 0xe5, 0xe5, 0xe5, 0xe5, 0xe5, 0xe5, 0xe5, 
	0xe5, 0xe5, 0xe5, 0xe5, 0xe5, 0xe5, 0xe5, 0xe5, 
	0xe5, 0xe5, 0xb4, 0xe1, 0xb4, 0xe1, 0xb4, 0xe1, 
	0x4a, 0x59, 0x4a, 0x59, 0x73, 0x5d, 0x73, 0x5d, 
	0x8b, 0xdd, 0x8b, 0xdd, 0x8b, 0xdd, 0x29, 0xd5, 
	0x29, 0x95, 0x6b, 0x1b, 0x6b, 0x1b, 0x29, 0x95, 
	0x21, 0xd5, 0x32, 0x17, 0x21, 0xd5, 0x19, 0x53, 
	0x2a, 0x15, 0x19, 0xd3, 0x2a, 0x15, 0x19, 0xd3, 
	0x01, 0x11, 0x01, 0x0f, 0x01, 0x0f, 0x01, 0x0f, 
	0x01, 0x0f, 0x01, 0x0f, 0x01, 0x0f, 0x09, 0x53, 
	0x01, 0x0f, 0x09, 0x53, 0x09, 0x53, 0x09, 0x11, 
	0x01, 0x0f, 0x01, 0x0f, 0x01, 0x0f, 0x09, 0x51, 
	0x01, 0x0f, 0x01, 0x0f, 0x01, 0x0f, 0x01, 0x0f, 
	0x01, 0x0f, 0x01, 0x0f, 0x01, 0x0f, 0x01, 0x0f, 
	0x01, 0x0f, 0x01, 0x0f, 0x01, 0x0f, 0x01, 0x0f, 
	0x01, 0x0f, 0x01, 0x0f, 0x01, 0x0f, 0x09, 0x53, 
	0x01, 0x0f, 0x01, 0x0f, 0x09, 0x11, 0x01, 0x0f, 
	0x01, 0x0f, 0x09, 0x51, 0x01, 0x0f, 0x19, 0x53, 
	0x21, 0x93, 0xa4, 0xa1, 0xa4, 0xa1, 0x63, 0x19, 
	0x63, 0x1b, 0x63, 0x1b, 0xcd, 0xa7, 0xcd, 0xa7, 
	0xe5, 0xe7, 0xe5, 0xe7, 0xd5, 0x63, 0xd5, 0x63, 
	0xfe, 0xed, 0xfe, 0xed, 0xfe, 0xed, 0xfe, 0xed, 
	0xf6, 0x69, 0xe5, 0xe7, 0xf6, 0x69, 0xf6, 0x69, 
	0xf6, 0x69, 0xf6, 0x69, 0xc5, 0x23, 0xe5, 0xe7, 
	0xee, 0x69, 0xd5, 0xa5, 0xd5, 0xa5, 0xee, 0x69, 
	0xff, 0x2f, 0xee, 0xab, 0xee, 0xab, 0xff, 0x2f, 
	0xfe, 0xeb, 0xee, 0x69, 0xfe, 0xeb, 0xd5, 0xa5, 
	0xe5, 0xe5, 0xe5, 0xe5, 0xe5, 0xe5, 0xe5, 0xe5, 
	0xe5, 0xe5, 0xe5, 0xe5, 0xe5, 0xe5, 0xe5, 0xe5, 
	0xe5, 0xe5, 0xe5, 0xe5, 0xe5, 0xe5, 0xe5, 0xe5, 
	0xe5, 0xe5, 0xe5, 0xe5, 0xe5, 0xe5, 0xe5, 0xe5, 
	0xe5, 0xe5, 0xe5, 0xe5, 0xe5, 0xe5, 0xe5, 0xe5, 
	0xe5, 0xe5, 0xe5, 0xe5, 0xe5, 0xe5, 0xe5, 0xe5, 
	0xe5, 0xe5, 0xe5, 0xe5, 0xe5, 0xe5, 0xe5, 0xe5, 
	0xe5, 0xe5, 0xe5, 0xe5, 0xe5, 0xe5, 0xe5, 0xe5, 
	0xe5, 0xe5, 0xe5, 0xe5, 0xe5, 0xe5, 0xe5, 0xe5, 
	0xe5, 0xe5, 0xe5, 0xe5, 0xe5, 0xe5, 0xe5, 0xe5, 
	0xe5, 0xe5, 0xe5, 0xe5, 0xe5, 0xe5, 0xe5, 0xe5, 
	0xe5, 0xe5, 0xe5, 0xe5, 0xe5, 0xe5, 0xe5, 0xe5, 
	0xe5, 0xe5, 0xe5, 0xe5, 0xe5, 0xe5, 0xe5, 0xe5, 
	0xe5, 0xe5, 0xe5, 0xe5, 0xe5, 0xe5, 0xe5, 0xe5, 
	0xe5, 0xe5, 0xe5, 0xe5, 0xe5, 0xe5, 0xe5, 0xe5, 
	0xe5, 0xe5, 0xe5, 0xe5, 0xe5, 0xe5, 0xe5, 0xe5, 
	0xe5, 0xe5, 0xe5, 0xe5, 0xe5, 0xe5, 0xe5, 0xe5, 
	0xe5, 0xe5, 0xe5, 0xe5, 0xe5, 0xe5, 0xe5, 0xe5, 
	0xe5, 0xe5, 0xe5, 0xe5, 0xe5, 0xe5, 0xe5, 0xe5, 
	0xe5, 0xe5, 0xe5, 0xe5, 0xe5, 0xe5, 0xe5, 0xe5, 
	0xe5, 0xe5, 0xe5, 0xe5, 0xe5, 0xe5, 0xe5, 0xe5, 
	0xe5, 0xe5, 0xe5, 0xe5, 0xe5, 0xe5, 0xe5, 0xe5, 
	0xe5, 0xe5, 0xe5, 0xe5, 0xe5, 0xe5, 0xe5, 0xe5, 
	0xe5, 0xe5, 0xe5, 0xe5, 0xe5, 0xe5, 0xe5, 0xe5, 
	0xe5, 0xe5, 0xe5, 0xe5, 0xe5, 0xe5, 0xe5, 0xe5, 
	0xe5, 0xe5, 0xe5, 0xe5, 0xe5, 0xe5, 0xe5, 0xe5, 
	0xe5, 0xe5, 0xe5, 0xe5, 0xe5, 0xe5, 0xe5, 0xe5, 
	0xe5, 0xe5, 0xe5, 0xe5, 0xe5, 0xe5, 0xe5, 0xe5, 
	0xe5, 0xe5, 0xe5, 0xe5, 0xe5, 0xe5, 0xe5, 0xe5, 
	0xe5, 0xe5, 0xe5, 0xe5, 0xe5, 0xe5, 0xe5, 0xe5, 
	0xe5, 0xe5, 0xe5, 0xe5, 0xe5, 0xe5, 0xe5, 0xe5, 
	0xe5, 0xe5, 0xe5, 0xe5, 0xe5, 0xe5, 0xe5, 0xe5, 
	0xe5, 0xe5, 0xe5, 0xe5, 0xe5, 0xe5, 0xe5, 0xe5, 
	0xe5, 0xe5, 0xe5, 0xe5, 0xe5, 0xe5, 0xe5, 0xe5, 
	0xe5, 0xe5, 0xe5, 0xe5, 0xe5, 0xe5, 0xe5, 0xe5, 
	0xe5, 0xe5, 0xe5, 0xe5, 0xe5, 0xe5, 0xe5, 0xe5, 
	0xe5, 0xe5, 0xe5, 0xe5, 0xe5, 0xe5, 0xe5, 0xe5, 
	0xe5, 0xe5, 0xe5, 0xe5, 0xe5, 0xe5, 0xe5, 0xe5, 
	0xe5, 0xe5, 0xe5, 0xe5, 0xe5, 0xe5, 0xe5, 0xe5, 
	0xdd, 0xe5, 0xdd, 0xe5, 0xdd, 0xe5, 0x52, 0x9b, 
	0x52, 0x99, 0x52, 0x99, 0x73, 0x5b, 0x73, 0x5b, 
	0x5a, 0xd9, 0xc5, 0x23, 0x5a, 0xd9, 0x21, 0xd5, 
	0x29, 0xd5, 0x29, 0xd5, 0x63, 0x1b, 0x42, 0x57, 
	0x31, 0xd5, 0x31, 0xd5, 0x11, 0x53, 0x11, 0x53, 
	0x19, 0x53, 0x19, 0x53, 0x19, 0x53, 0x4a, 0x57, 
	0x29, 0xd3, 0x01, 0x0f, 0x01, 0x0f, 0x01, 0x0f, 
	0x4a, 0x99, 0x01, 0x0f, 0x01, 0x0f, 0x01, 0x0f, 
	0x01, 0x0f, 0x01, 0x0f, 0x01, 0x0f, 0x01, 0x0f, 
	0x01, 0x0f, 0x09, 0x51, 0x01, 0x0f, 0x01, 0x0f, 
	0x01, 0x0f, 0x01, 0x0f, 0x01, 0x0f, 0x01, 0x0f, 
	0x01, 0x0f, 0x01, 0x0f, 0x01, 0x0f, 0x01, 0x0f, 
	0x01, 0x0f, 0x01, 0x0f, 0x01, 0x0f, 0x01, 0x0f, 
	0x01, 0x0f, 0x01, 0x0f, 0x01, 0x0f, 0x01, 0x0f, 
	0x01, 0x0f, 0x01, 0x0f, 0x01, 0x0f, 0x01, 0x0f, 
	0x01, 0x0f, 0x09, 0x11, 0x01, 0x0f, 0x09, 0x11, 
	0x3a, 0x17, 0xa4, 0xa1, 0xdd, 0xe7, 0x3a, 0x17, 
	0xa4, 0xa1, 0x4a, 0x59, 0xa4, 0xa1, 0xa4, 0xa1, 
	0xd5, 0xa5, 0xa4, 0x61, 0xa4, 0x61, 0xa4, 0x61, 
	0xd5, 0xe7, 0xfe, 0xed, 0xfe, 0xed, 0xfe, 0xed, 
	0xfe, 0xad, 0xfe, 0xad, 0xdd, 0xe7, 0xdd, 0xe7, 
	0xd5, 0xa5, 0xc4, 0xe1, 0xd5, 0xa5, 0xee, 0x6b, 
	0xee, 0x69, 0xb4, 0xa1, 0xdd, 0xa7, 0xdd, 0xa7, 
	0xa4, 0x1f, 0xde, 0x29, 0xde, 0x29, 0xde, 0x29, 
	0xfe, 0xed, 0xe5, 0xe7, 0xf6, 0x6b, 0xfe, 0xed, 
	0xd5, 0xa3, 0xe5, 0xe7, 0xe5, 0xe7, 0xe5, 0xe7, 
	0xe5, 0xe5, 0xe5, 0xe5, 0xe5, 0xe5, 0xe5, 0xe5, 
	0xe5, 0xe5, 0xe5, 0xe5, 0xe5, 0xe5, 0xe5, 0xe5, 
	0xe5, 0xe5, 0xe5, 0xe5, 0xe5, 0xe5, 0xe5, 0xe5, 
	0xe5, 0xe5, 0xe5, 0xe5, 0xe5, 0xe5, 0xe5, 0xe5, 
	0xe5, 0xe5, 0xe5, 0xe5, 0xe5, 0xe5, 0xe5, 0xe5, 
	0xe5, 0xe5, 0xe5, 0xe5, 0xe5, 0xe5, 0xe5, 0xe5, 
	0xe5, 0xe5, 0xe5, 0xe5, 0xe5, 0xe5, 0xe5, 0xe5, 
	0xe5, 0xe5, 0xe5, 0xe5, 0xe5, 0xe5, 0xe5, 0xe5, 
	0xe5, 0xe5, 0xe5, 0xe5, 0xe5, 0xe5, 0xe5, 0xe5, 
	0xe5, 0xe5, 0xe5, 0xe5, 0xe5, 0xe5, 0xe5, 0xe5, 
	0xe5, 0xe5, 0xe5, 0xe5, 0xe5, 0xe5, 0xe5, 0xe5, 
	0xe5, 0xe5, 0xe5, 0xe5, 0xe5, 0xe5, 0xe5, 0xe5, 
	0xe5, 0xe5, 0xe5, 0xe5, 0xe5, 0xe5, 0xe5, 0xe5, 
	0xe5, 0xe5, 0xe5, 0xe5, 0xe5, 0xe5, 0xe5, 0xe5, 
	0xe5, 0xe5, 0xe5, 0xe5, 0xe5, 0xe5, 0xe5, 0xe5, 
	0xe5, 0xe5, 0xe5, 0xe5, 0xe5, 0xe5, 0xe5, 0xe5, 
	0xe5, 0xe5, 0xe5, 0xe5, 0xe5, 0xe5, 0xe5, 0xe5, 
	0xe5, 0xe5, 0xe5, 0xe5, 0xe5, 0xe5, 0xe5, 0xe5, 
	0xe5, 0xe5, 0xe5, 0xe5, 0xe5, 0xe5, 0xe5, 0xe5, 
	0xe5, 0xe5, 0xe5, 0xe5, 0xe5, 0xe5, 0xe5, 0xe5, 
	0xe5, 0xe5, 0xe5, 0xe5, 0xe5, 0xe5, 0xe5, 0xe5, 
	0xe5, 0xe5, 0xe5, 0xe5, 0xe5, 0xe5, 0xe5, 0xe5, 
	0xe5, 0xe5, 0xe5, 0xe5, 0xe5, 0xe5, 0xe5, 0xe5, 
	0xe5, 0xe5, 0xe5, 0xe5, 0xe5, 0xe5, 0xe5, 0xe5, 
	0xe5, 0xe5, 0xe5, 0xe5, 0xe5, 0xe5, 0xe5, 0xe5, 
	0xe5, 0xe5, 0xe5, 0xe5, 0xe5, 0xe5, 0xe5, 0xe5, 
	0xe5, 0xe5, 0xe5, 0xe5, 0xe5, 0xe5, 0xe5, 0xe5, 
	0xe5, 0xe5, 0xe5, 0xe5, 0xe5, 0xe5, 0xe5, 0xe5, 
	0xe5, 0xe5, 0xe5, 0xe5, 0xe5, 0xe5, 0xe5, 0xe5, 
	0xe5, 0xe5, 0xe5, 0xe5, 0xe5, 0xe5, 0xe5, 0xe5, 
	0xe5, 0xe5, 0xe5, 0xe5, 0xe5, 0xe5, 0xe5, 0xe5, 
	0xe5, 0xe5, 0xe5, 0xe5, 0xe5, 0xe5, 0xe5, 0xe5, 
	0xe5, 0xe5, 0xe5, 0xe5, 0xe5, 0xe5, 0xe5, 0xe5, 
	0xe5, 0xe5, 0xe5, 0xe5, 0xe5, 0xe5, 0xe5, 0xe5, 
	0xe5, 0xe5, 0xe5, 0xe5, 0xe5, 0xe5, 0xe5, 0xe5, 
	0xe5, 0xe5, 0xe5, 0xe5, 0xe5, 0xe5, 0xe5, 0xe5, 
	0xe5, 0xe5, 0xe5, 0xe5, 0xe5, 0xe5, 0xe5, 0xe5, 
	0xe5, 0xe5, 0xe5, 0xe5, 0xe5, 0xe5, 0xe5, 0xe5, 
	0xdd, 0xe5, 0xdd, 0xe5, 0xac, 0xa1, 0x52, 0x9b, 
	0x5a, 0xd9, 0x6b, 0x1b, 0x6b, 0x1b, 0x6b, 0x1b, 
	0x5a, 0xd9, 0x8b, 0xdf, 0x5a, 0xd9, 0x21, 0xd5, 
	0x29, 0xd5, 0x29, 0xd5, 0x29, 0xd5, 0x29, 0xd5, 
	0x11, 0x53, 0x4a, 0x97, 0x4a, 0x97, 0x31, 0xd5, 
	0x19, 0x53, 0x4a, 0x57, 0x19, 0x53, 0x19, 0x53, 
	0x01, 0x0f, 0x01, 0x0f, 0x01, 0x0f, 0x01, 0x0f, 
	0x73, 0x5d, 0x29, 0xd3, 0x01, 0x0f, 0x01, 0x0f, 
	0x01, 0x0f, 0x01, 0x0f, 0x01, 0x0f, 0x01, 0x0f, 
	0x01, 0x0f, 0x01, 0x0f, 0x01, 0x0f, 0x09, 0x51, 
	0x01, 0x0f, 0x01, 0x0f, 0x01, 0x0f, 0x09, 0x53, 
	0x01, 0x0f, 0x01, 0x0f, 0x01, 0x0f, 0x01, 0x0f, 
	0x01, 0x0f, 0x01, 0x0f, 0x01, 0x0f, 0x01, 0x0f, 
	0x01, 0x0f, 0x01, 0x0f, 0x01, 0x0f, 0x01, 0x0f, 
	0x01, 0x0f, 0x01, 0x0f, 0x01, 0x0f, 0x01, 0x0f, 
	0x01, 0x0f, 0x01, 0x0f, 0x01, 0x0f, 0x01, 0x0f, 
	0x3a, 0x17, 0xa4, 0xa1, 0xdd, 0xe7, 0xa4, 0xa1, 
	0xa4, 0xa1, 0xd5, 0xa5, 0xd5, 0xa5, 0xd5, 0xa5, 
	0xd5, 0xa5, 0xa4, 0x61, 0x7b, 0x5b, 0x7b, 0x5b, 
	0xac, 0x9f, 0xfe, 0xed, 0xfe, 0xed, 0xfe, 0xed, 
	0xfe, 0xad, 0xfe, 0xad, 0xdd, 0xe7, 0xbc, 0xe3, 
	0xee, 0x6b, 0xd5, 0xa5, 0xd5, 0xa5, 0xee, 0x6b, 
	0xee, 0x69, 0xee, 0x69, 0xdd, 0xa7, 0xc5, 0x23, 
	0xa4, 0x1f, 0xde, 0x29, 0xde, 0x29, 0xde, 0x29, 
	0xee, 0x29, 0xee, 0x29, 0xee, 0x29, 0xfe, 0xed, 
	0xee, 0x69, 0xd5, 0xa3, 0xe5, 0xe7, 0xe5, 0xe7, 
	0xe5, 0xe5, 0xe5, 0xe5, 0xe5, 0xe5, 0xe5, 0xe5, 
	0xe5, 0xe5, 0xe5, 0xe5, 0xe5, 0xe5, 0xe5, 0xe5, 
	0xe5, 0xe5, 0xe5, 0xe5, 0xe5, 0xe5, 0xe5, 0xe5, 
	0xe5, 0xe5, 0xe5, 0xe5, 0xe5, 0xe5, 0xe5, 0xe5, 
	0xe5, 0xe5, 0xe5, 0xe5, 0xe5, 0xe5, 0xe5, 0xe5, 
	0xe5, 0xe5, 0xe5, 0xe5, 0xe5, 0xe5, 0xe5, 0xe5, 
	0xe5, 0xe5, 0xe5, 0xe5, 0xe5, 0xe5, 0xe5, 0xe5, 
	0xe5, 0xe5, 0xe5, 0xe5, 0xe5, 0xe5, 0xe5, 0xe5, 
	0xe5, 0xe5, 0xe5, 0xe5, 0xe5, 0xe5, 0xe5, 0xe5, 
	0xe5, 0xe5, 0xe5, 0xe5, 0xe5, 0xe5, 0xe5, 0xe5, 
	0xe5, 0xe5, 0xe5, 0xe5, 0xe5, 0xe5, 0xe5, 0xe5, 
	0xe5, 0xe5, 0xe5, 0xe5, 0xe5, 0xe5, 0xe5, 0xe5, 
	0xe5, 0xe5, 0xe5, 0xe5, 0xe5, 0xe5, 0xe5, 0xe5, 
	0xe5, 0xe5, 0xe5, 0xe5, 0xe5, 0xe5, 0xe5, 0xe5, 
	0xe5, 0xe5, 0xe5, 0xe5, 0xe5, 0xe5, 0xe5, 0xe5, 
	0xe5, 0xe5, 0xe5, 0xe5, 0xe5, 0xe5, 0xe5, 0xe5, 
	0xe5, 0xe5, 0xe5, 0xe5, 0xe5, 0xe5, 0xe5, 0xe5, 
	0xe5, 0xe5, 0xe5, 0xe5, 0xe5, 0xe5, 0xe5, 0xe5, 
	0xe5, 0xe5, 0xe5, 0xe5, 0xe5, 0xe5, 0xe5, 0xe5, 
	0xe5, 0xe5, 0xe5, 0xe5, 0xe5, 0xe5, 0xe5, 0xe5, 
	0xe5, 0xe5, 0xe5, 0xe5, 0xe5, 0xe5, 0xe5, 0xe5, 
	0xe5, 0xe5, 0xe5, 0xe5, 0xe5, 0xe5, 0xe5, 0xe5, 
	0xe5, 0xe5, 0xe5, 0xe5, 0xe5, 0xe5, 0xe5, 0xe5, 
	0xe5, 0xe5, 0xe5, 0xe5, 0xe5, 0xe5, 0xe5, 0xe5, 
	0xe5, 0xe5, 0xe5, 0xe5, 0xe5, 0xe5, 0xe5, 0xe5, 
	0xe5, 0xe5, 0xe5, 0xe5, 0xe5, 0xe5, 0xe5, 0xe5, 
	0xe5, 0xe5, 0xe5, 0xe5, 0xe5, 0xe5, 0xe5, 0xe5, 
	0xe5, 0xe5, 0xe5, 0xe5, 0xe5, 0xe5, 0xe5, 0xe5, 
	0xe5, 0xe5, 0xe5, 0xe5, 0xe5, 0xe5, 0xe5, 0xe5, 
	0xe5, 0xe5, 0xe5, 0xe5, 0xe5, 0xe5, 0xe5, 0xe5, 
	0xe5, 0xe5, 0xe5, 0xe5, 0xe5, 0xe5, 0xe5, 0xe5, 
	0xe5, 0xe5, 0xe5, 0xe5, 0xe5, 0xe5, 0xe5, 0xe5, 
	0xe5, 0xe5, 0xe5, 0xe5, 0xe5, 0xe5, 0xe5, 0xe5, 
	0xe5, 0xe5, 0xe5, 0xe5, 0xe5, 0xe5, 0xe5, 0xe5, 
	0xe5, 0xe5, 0xe5, 0xe5, 0xe5, 0xe5, 0xe5, 0xe5, 
	0xe5, 0xe5, 0xe5, 0xe5, 0xe5, 0xe5, 0xe5, 0xe5, 
	0xe5, 0xe5, 0xe5, 0xe5, 0xe5, 0xe5, 0xe5, 0xe5, 
	0xe5, 0xe5, 0xe5, 0xe5, 0xe5, 0xe5, 0xe5, 0xe5, 
	0xdd, 0xe5, 0xdd, 0xe5, 0xac, 0xa1, 0x52, 0x9b, 
	0x73, 0x5b, 0x73, 0x5b, 0x73, 0x5b, 0x73, 0x5b, 
	0x8b, 0xdf, 0xc5, 0x23, 0x8b, 0xdf, 0x21, 0xd5, 
	0x29, 0xd5, 0x29, 0xd5, 0x29, 0xd5, 0x29, 0xd5, 
	0x11, 0x53, 0x11, 0x53, 0x6b, 0x19, 0x31, 0xd5, 
	0x7b, 0x9d, 0x4a, 0x57, 0xac, 0xa1, 0x7b, 0x9d, 
	0x4a, 0x99, 0x01, 0x0f, 0x29, 0xd3, 0x29, 0xd3, 
	0x01, 0x0f, 0x29, 0xd3, 0x29, 0xd3, 0x4a, 0x99, 
	0x01, 0x0f, 0x01, 0x0f, 0x01, 0x0f, 0x01, 0x0f, 
	0x01, 0x0f, 0x19, 0x53, 0x01, 0x0f, 0x09, 0x51, 
	0x01, 0x11, 0x01, 0x0f, 0x01, 0x11, 0x01, 0x11, 
	0x01, 0x11, 0x01, 0x0f, 0x01, 0x11, 0x01, 0x11, 
	0x01, 0x0f, 0x01, 0x0f, 0x01, 0x0f, 0x01, 0x0f, 
	0x01, 0x0f, 0x01, 0x0f, 0x01, 0x0f, 0x01, 0x0f, 
	0x01, 0x0f, 0x01, 0x0f, 0x01, 0x0f, 0x01, 0x0f, 
	0x01, 0x0f, 0x09, 0x11, 0x01, 0x0f, 0x01, 0x0f, 
	0x3a, 0x17, 0xa4, 0xa1, 0xa4, 0xa1, 0x73, 0x5d, 
	0x7b, 0x9d, 0xd5, 0xa5, 0xd5, 0xa5, 0xd5, 0xa5, 
	0xd5, 0xa5, 0xa4, 0x61, 0xa4, 0x61, 0x7b, 0x5b, 
	0xac, 0x9f, 0xac, 0x9f, 0xac, 0x9f, 0xd5, 0xe7, 
	0xbc, 0xe3, 0xdd, 0xe7, 0xdd, 0xe7, 0x9c, 0x1d, 
	0xee, 0x6b, 0xff, 0x2f, 0xff, 0x2f, 0xff, 0x2f, 
	0xee, 0x69, 0xdd, 0xa7, 0xb4, 0xa1, 0xc5, 0x23, 
	0xff, 0x2f, 0xff, 0x2f, 0xff, 0x2f, 0xff, 0x2f, 
	0xfe, 0xed, 0xfe, 0xed, 0xf6, 0x6b, 0xf6, 0x6b, 
	0xfe, 0xad, 0xe5, 0xe7, 0xe5, 0xe7, 0xe5, 0xe7, 
	0xe5, 0xe5, 0xe5, 0xe5, 0xe5, 0xe5, 0xe5, 0xe5, 
	0xe5, 0xe5, 0xe5, 0xe5, 0xe5, 0xe5, 0xe5, 0xe5, 
	0xe5, 0xe5, 0xe5, 0xe5, 0xe5, 0xe5, 0xe5, 0xe5, 
	0xe5, 0xe5, 0xe5, 0xe5, 0xe5, 0xe5, 0xe5, 0xe5, 
	0xe5, 0xe5, 0xe5, 0xe5, 0xe5, 0xe5, 0xe5, 0xe5, 
	0xe5, 0xe5, 0xe5, 0xe5, 0xe5, 0xe5, 0xe5, 0xe5, 
	0xe5, 0xe5, 0xe5, 0xe5, 0xe5, 0xe5, 0xe5, 0xe5, 
	0xe5, 0xe5, 0xe5, 0xe5, 0xe5, 0xe5, 0xe5, 0xe5, 
	0xe5, 0xe5, 0xe5, 0xe5, 0xe5, 0xe5, 0xe5, 0xe5, 
	0xe5, 0xe5, 0xe5, 0xe5, 0xe5, 0xe5, 0xe5, 0xe5, 
	0xe5, 0xe5, 0xe5, 0xe5, 0xe5, 0xe5, 0xe5, 0xe5, 
	0xe5, 0xe5, 0xe5, 0xe5, 0xe5, 0xe5, 0xe5, 0xe5, 
	0xe5, 0xe5, 0xe5, 0xe5, 0xe5, 0xe5, 0xe5, 0xe5, 
	0xe5, 0xe5, 0xe5, 0xe5, 0xe5, 0xe5, 0xe5, 0xe5, 
	0xe5, 0xe5, 0xe5, 0xe5, 0xe5, 0xe5, 0xe5, 0xe5, 
	0xe5, 0xe5, 0xe5, 0xe5, 0xe5, 0xe5, 0xe5, 0xe5, 
	0xe5, 0xe5, 0xe5, 0xe5, 0xe5, 0xe5, 0xe5, 0xe5, 
	0xe5, 0xe5, 0xe5, 0xe5, 0xe5, 0xe5, 0xe5, 0xe5, 
	0xe5, 0xe5, 0xe5, 0xe5, 0xe5, 0xe5, 0xe5, 0xe5, 
	0xe5, 0xe5, 0xe5, 0xe5, 0xe5, 0xe5, 0xe5, 0xe5, 
	0xe5, 0xe5, 0xe5, 0xe5, 0xe5, 0xe5, 0xe5, 0xe5, 
	0xe5, 0xe5, 0xe5, 0xe5, 0xe5, 0xe5, 0xe5, 0xe5, 
	0xe5, 0xe5, 0xe5, 0xe5, 0xe5, 0xe5, 0xe5, 0xe5, 
	0xe5, 0xe5, 0xe5, 0xe5, 0xe5, 0xe5, 0xe5, 0xe5, 
	0xe5, 0xe5, 0xe5, 0xe5, 0xe5, 0xe5, 0xe5, 0xe5, 
	0xe5, 0xe5, 0xe5, 0xe5, 0xe5, 0xe5, 0xe5, 0xe5, 
	0xe5, 0xe5, 0xe5, 0xe5, 0xe5, 0xe5, 0xe5, 0xe5, 
	0xe5, 0xe5, 0xe5, 0xe5, 0xe5, 0xe5, 0xe5, 0xe5, 
	0xe5, 0xe5, 0xe5, 0xe5, 0xe5, 0xe5, 0xe5, 0xe5, 
	0xe5, 0xe5, 0xe5, 0xe5, 0xe5, 0xe5, 0xe5, 0xe5, 
	0xe5, 0xe5, 0xe5, 0xe5, 0xe5, 0xe5, 0xe5, 0xe5, 
	0xe5, 0xe5, 0xe5, 0xe5, 0xe5, 0xe5, 0xe5, 0xe5, 
	0xe5, 0xe5, 0xe5, 0xe5, 0xe5, 0xe5, 0xe5, 0xe5, 
	0xe5, 0xe5, 0xe5, 0xe5, 0xe5, 0xe5, 0xe5, 0xe5, 
	0xe5, 0xe5, 0xe5, 0xe5, 0xe5, 0xe5, 0xe5, 0xe5, 
	0xe5, 0xe5, 0xe5, 0xe5, 0xe5, 0xe5, 0xe5, 0xe5, 
	0xe5, 0xe5, 0xe5, 0xe5, 0xe5, 0xe5, 0xe5, 0xe5, 
	0xe5, 0xe5, 0xe5, 0xe5, 0xe5, 0xe5, 0xe5, 0xe5, 
	0xdd, 0xe5, 0x83, 0x9f, 0x83, 0x9f, 0x83, 0x9f, 
	0x6b, 0x1b, 0x6b, 0x1b, 0x6b, 0x1b, 0x6b, 0x1b, 
	0x8b, 0xdf, 0xc5, 0x23, 0x8b, 0xdf, 0x21, 0xd5, 
	0x29, 0xd5, 0x09, 0x11, 0x29, 0xd5, 0x29, 0xd5, 
	0x11, 0x53, 0x11, 0x53, 0x31, 0xd5, 0x31, 0xd5, 
	0x19, 0x53, 0x19, 0x53, 0x7b, 0x9d, 0xac, 0xa1, 
	0x73, 0x5d, 0x29, 0xd3, 0x29, 0xd3, 0x4a, 0x99, 
	0x29, 0xd3, 0x4a, 0x99, 0x29, 0xd3, 0x29, 0xd3, 
	0x5a, 0xdb, 0x01, 0x0f, 0x01, 0x0f, 0x3a, 0x57, 
	0x19, 0x53, 0x21, 0x95, 0x19, 0x53, 0x01, 0x0f, 
	0x09, 0x11, 0x01, 0x0f, 0x01, 0x0f, 0x01, 0x0f, 
	0x09, 0x11, 0x01, 0x0f, 0x01, 0x0f, 0x01, 0x0f, 
	0x01, 0x0f, 0x01, 0x0f, 0x01, 0x0f, 0x01, 0x0f, 
	0x01, 0x0f, 0x01, 0x0f, 0x01, 0x0f, 0x01, 0x0f, 
	0x01, 0x0f, 0x01, 0x0f, 0x01, 0x0f, 0x01, 0x0f, 
	0x01, 0x0f, 0x01, 0x0f, 0x01, 0x0f, 0x01, 0x0f, 
	0x3a, 0x17, 0x3a, 0x17, 0xdd, 0xe7, 0xa4, 0xa1, 
	0xa4, 0xa1, 0xa4, 0xa1, 0xd5, 0xa5, 0xd5, 0xa5, 
	0xfe, 0xeb, 0xd5, 0xa5, 0xd5, 0xa5, 0xa4, 0x61, 
	0xac, 0x9f, 0xac, 0x9f, 0x83, 0x99, 0xac, 0x9f, 
	0xbc, 0xe3, 0xbc, 0xe3, 0xdd, 0xe7, 0x9c, 0x1d, 
	0xd5, 0xa5, 0xff, 0x2f, 0xff, 0x2f, 0xff, 0x2f, 
	0xee, 0x69, 0xdd, 0xa7, 0xdd, 0xa7, 0xc5, 0x23, 
	0xff, 0x2f, 0xff, 0x2f, 0xde, 0x29, 0xff, 0x2f, 
	0xfe, 0xed, 0xf6, 0x6b, 0xf6, 0x6b, 0xf6, 0x6b, 
	0xfe, 0xad, 0xfe, 0xad, 0xe5, 0xe7, 0xe5, 0xe7, 
	0xe5, 0xe5, 0xe5, 0xe5, 0xe5, 0xe5, 0xe5, 0xe5, 
	0xe5, 0xe5, 0xe5, 0xe5, 0xe5, 0xe5, 0xe5, 0xe5, 
	0xe5, 0xe5, 0xe5, 0xe5, 0xe5, 0xe5, 0xe5, 0xe5, 
	0xe5, 0xe5, 0xe5, 0xe5, 0xe5, 0xe5, 0xe5, 0xe5, 
	0xe5, 0xe5, 0xe5, 0xe5, 0xe5, 0xe5, 0xe5, 0xe5, 
	0xe5, 0xe5, 0xe5, 0xe5, 0xe5, 0xe5, 0xe5, 0xe5, 
	0xe5, 0xe5, 0xe5, 0xe5, 0xe5, 0xe5, 0xe5, 0xe5, 
	0xe5, 0xe5, 0xe5, 0xe5, 0xe5, 0xe5, 0xe5, 0xe5, 
	0xe5, 0xe5, 0xe5, 0xe5, 0xe5, 0xe5, 0xe5, 0xe5, 
	0xe5, 0xe5, 0xe5, 0xe5, 0xe5, 0xe5, 0xe5, 0xe5, 
	0xe5, 0xe5, 0xe5, 0xe5, 0xe5, 0xe5, 0xe5, 0xe5, 
	0xe5, 0xe5, 0xe5, 0xe5, 0xe5, 0xe5, 0xe5, 0xe5, 
	0xe5, 0xe5, 0xe5, 0xe5, 0xe5, 0xe5, 0xe5, 0xe5, 
	0xe5, 0xe5, 0xe5, 0xe5, 0xe5, 0xe5, 0xe5, 0xe5, 
	0xe5, 0xe5, 0xe5, 0xe5, 0xe5, 0xe5, 0xe5, 0xe5, 
	0xe5, 0xe5, 0xe5, 0xe5, 0xe5, 0xe5, 0xe5, 0xe5, 
	0xe5, 0xe5, 0xe5, 0xe5, 0xe5, 0xe5, 0xe5, 0xe5, 
	0xe5, 0xe5, 0xe5, 0xe5, 0xe5, 0xe5, 0xe5, 0xe5, 
	0xe5, 0xe5, 0xe5, 0xe5, 0xe5, 0xe5, 0xe5, 0xe5, 
	0xe5, 0xe5, 0xe5, 0xe5, 0xe5, 0xe5, 0xe5, 0xe5, 
	0xe5, 0xe5, 0xe5, 0xe5, 0xe5, 0xe5, 0xe5, 0xe5, 
	0xe5, 0xe5, 0xe5, 0xe5, 0xe5, 0xe5, 0xe5, 0xe5, 
	0xe5, 0xe5, 0xe5, 0xe5, 0xe5, 0xe5, 0xe5, 0xe5, 
	0xe5, 0xe5, 0xe5, 0xe5, 0xe5, 0xe5, 0xe5, 0xe5, 
	0xe5, 0xe5, 0xe5, 0xe5, 0xe5, 0xe5, 0xe5, 0xe5, 
	0xe5, 0xe5, 0xe5, 0xe5, 0xe5, 0xe5, 0xe5, 0xe5, 
	0xe5, 0xe5, 0xe5, 0xe5, 0xe5, 0xe5, 0xe5, 0xe5, 
	0xe5, 0xe5, 0xe5, 0xe5, 0xe5, 0xe5, 0xe5, 0xe5, 
	0xe5, 0xe5, 0xe5, 0xe5, 0xe5, 0xe5, 0xe5, 0xe5, 
	0xe5, 0xe5, 0xe5, 0xe5, 0xe5, 0xe5, 0xe5, 0xe5, 
	0xe5, 0xe5, 0xe5, 0xe5, 0xe5, 0xe5, 0xe5, 0xe5, 
	0xe5, 0xe5, 0xe5, 0xe5, 0xe5, 0xe5, 0xe5, 0xe5, 
	0xe5, 0xe5, 0xe5, 0xe5, 0xe5, 0xe5, 0xe5, 0xe5, 
	0xe5, 0xe5, 0xe5, 0xe5, 0xe5, 0xe5, 0xe5, 0xe5, 
	0xe5, 0xe5, 0xe5, 0xe5, 0xe5, 0xe5, 0xe5, 0xe5, 
	0xe5, 0xe5, 0xe5, 0xe5, 0xe5, 0xe5, 0xe5, 0xe5, 
	0xe5, 0xe5, 0xe5, 0xe5, 0xe5, 0xe5, 0xe5, 0xe5, 
	0xe5, 0xe5, 0xe5, 0xe5, 0xe5, 0xe5, 0xe5, 0xe5, 
	0xa4, 0xa1, 0x42, 0x57, 0x73, 0x5d, 0x73, 0x5d, 
	0x5a, 0xd9, 0x5a, 0xd9, 0x3a, 0x57, 0x3a, 0x57, 
	0x4a, 0x57, 0xa4, 0x61, 0x73, 0x5d, 0x73, 0x5d, 
	0x3a, 0x17, 0x09, 0x11, 0x21, 0x93, 0x21, 0x93, 
	0x19, 0x93, 0x19, 0x93, 0x01, 0x0f, 0x01, 0x0f, 
	0x09, 0x11, 0x09, 0x11, 0x09, 0x11, 0x3a, 0x57, 
	0x52, 0x99, 0x09, 0x11, 0x09, 0x11, 0x29, 0xd5, 
	0x29, 0xd5, 0x29, 0xd5, 0x09, 0x51, 0x09, 0x51, 
	0x29, 0xd5, 0x11, 0x53, 0x11, 0x53, 0x3a, 0x59, 
	0x3a, 0x57, 0x3a, 0x57, 0x21, 0xd3, 0x01, 0x0f, 
	0x01, 0x0f, 0x3a, 0x17, 0x01, 0x0f, 0x01, 0x0f, 
	0x01, 0x0f, 0x01, 0x0f, 0x01, 0x0f, 0x01, 0x0f, 
	0x01, 0x0f, 0x01, 0x0f, 0x01, 0x0f, 0x01, 0x0f, 
	0x01, 0x0f, 0x09, 0x11, 0x01, 0x0f, 0x01, 0x0f, 
	0x01, 0x0f, 0x01, 0x0f, 0x01, 0x0f, 0x01, 0x0f, 
	0x09, 0x11, 0x09, 0x11, 0x09, 0x11, 0x09, 0x11, 
	0x09, 0x11, 0x09, 0x11, 0x4a, 0x97, 0xcd, 0x65, 
	0x9c, 0x5f, 0x4a, 0x59, 0x9c, 0x5f, 0xe6, 0x27, 
	0xfe, 0xed, 0xfe, 0xed, 0xd5, 0xa7, 0xa4, 0xa1, 
	0x5a, 0xd9, 0x9c, 0x5f, 0x9c, 0x5f, 0x5a, 0xd9, 
	0x6b, 0x5b, 0xa4, 0x5f, 0xdd, 0xa5, 0xa4, 0x5f, 
	0x8b, 0xdf, 0xc5, 0x65, 0xfe, 0xed, 0xfe, 0xed, 
	0xe5, 0xe7, 0xe5, 0xe7, 0xfe, 0xab, 0xfe, 0xab, 
	0xff, 0x2f, 0xff, 0x2f, 0xee, 0x6b, 0xff, 0x2f, 
	0xfe, 0xed, 0xf6, 0xab, 0xf6, 0xab, 0xfe, 0xed, 
	0xf6, 0x69, 0xf6, 0x69, 0xf6, 0x69, 0xdd, 0xa5, 
	0xe5, 0xe5, 0xe5, 0xe5, 0xe5, 0xe5, 0xe5, 0xe5, 
	0xe5, 0xe5, 0xe5, 0xe5, 0xe5, 0xe5, 0xe5, 0xe5, 
	0xe5, 0xe5, 0xe5, 0xe5, 0xe5, 0xe5, 0xe5, 0xe5, 
	0xe5, 0xe5, 0xe5, 0xe5, 0xe5, 0xe5, 0xe5, 0xe5, 
	0xe5, 0xe5, 0xe5, 0xe5, 0xe5, 0xe5, 0xe5, 0xe5, 
	0xe5, 0xe5, 0xe5, 0xe5, 0xe5, 0xe5, 0xe5, 0xe5, 
	0xe5, 0xe5, 0xe5, 0xe5, 0xe5, 0xe5, 0xe5, 0xe5, 
	0xe5, 0xe5, 0xe5, 0xe5, 0xe5, 0xe5, 0xe5, 0xe5, 
	0xe5, 0xe5, 0xe5, 0xe5, 0xe5, 0xe5, 0xe5, 0xe5, 
	0xe5, 0xe5, 0xe5, 0xe5, 0xe5, 0xe5, 0xe5, 0xe5, 
	0xe5, 0xe5, 0xe5, 0xe5, 0xe5, 0xe5, 0xe5, 0xe5, 
	0xe5, 0xe5, 0xe5, 0xe5, 0xe5, 0xe5, 0xe5, 0xe5, 
	0xe5, 0xe5, 0xe5, 0xe5, 0xe5, 0xe5, 0xe5, 0xe5, 
	0xe5, 0xe5, 0xe5, 0xe5, 0xe5, 0xe5, 0xe5, 0xe5, 
	0xe5, 0xe5, 0xe5, 0xe5, 0xe5, 0xe5, 0xe5, 0xe5, 
	0xe5, 0xe5, 0xe5, 0xe5, 0xe5, 0xe5, 0xe5, 0xe5, 
	0xe5, 0xe5, 0xe5, 0xe5, 0xe5, 0xe5, 0xe5, 0xe5, 
	0xe5, 0xe5, 0xe5, 0xe5, 0xe5, 0xe5, 0xe5, 0xe5, 
	0xe5, 0xe5, 0xe5, 0xe5, 0xe5, 0xe5, 0xe5, 0xe5, 
	0xe5, 0xe5, 0xe5, 0xe5, 0xe5, 0xe5, 0xe5, 0xe5, 
	0xe5, 0xe5, 0xe5, 0xe5, 0xe5, 0xe5, 0xe5, 0xe5, 
	0xe5, 0xe5, 0xe5, 0xe5, 0xe5, 0xe5, 0xe5, 0xe5, 
	0xe5, 0xe5, 0xe5, 0xe5, 0xe5, 0xe5, 0xe5, 0xe5, 
	0xe5, 0xe5, 0xe5, 0xe5, 0xe5, 0xe5, 0xe5, 0xe5, 
	0xe5, 0xe5, 0xe5, 0xe5, 0xe5, 0xe5, 0xe5, 0xe5, 
	0xe5, 0xe5, 0xe5, 0xe5, 0xe5, 0xe5, 0xe5, 0xe5, 
	0xe5, 0xe5, 0xe5, 0xe5, 0xe5, 0xe5, 0xe5, 0xe5, 
	0xe5, 0xe5, 0xe5, 0xe5, 0xe5, 0xe5, 0xe5, 0xe5, 
	0xe5, 0xe5, 0xe5, 0xe5, 0xe5, 0xe5, 0xe5, 0xe5, 
	0xe5, 0xe5, 0xe5, 0xe5, 0xe5, 0xe5, 0xe5, 0xe5, 
	0xe5, 0xe5, 0xe5, 0xe5, 0xe5, 0xe5, 0xe5, 0xe5, 
	0xe5, 0xe5, 0xe5, 0xe5, 0xe5, 0xe5, 0xe5, 0xe5, 
	0xe5, 0xe5, 0xe5, 0xe5, 0xe5, 0xe5, 0xe5, 0xe5, 
	0xe5, 0xe5, 0xe5, 0xe5, 0xe5, 0xe5, 0xe5, 0xe5, 
	0xe5, 0xe5, 0xe5, 0xe5, 0xe5, 0xe5, 0xe5, 0xe5, 
	0xe5, 0xe5, 0xe5, 0xe5, 0xe5, 0xe5, 0xe5, 0xe5, 
	0xe5, 0xe5, 0xe5, 0xe5, 0xe5, 0xe5, 0xe5, 0xe5, 
	0xe5, 0xe5, 0xe5, 0xe5, 0xe5, 0xe5, 0xe5, 0xe5, 
	0x73, 0x5d, 0x11, 0x53, 0x42, 0x57, 0x42, 0x57, 
	0x3a, 0x57, 0x5a, 0xd9, 0x3a, 0x57, 0x3a, 0x57, 
	0x4a, 0x57, 0x4a, 0x57, 0x73, 0x5d, 0x73, 0x5d, 
	0x52, 0x99, 0x09, 0x11, 0x09, 0x11, 0x09, 0x11, 
	0x19, 0x93, 0x19, 0x93, 0x01, 0x0f, 0x01, 0x0f, 
	0x09, 0x11, 0x09, 0x11, 0x3a, 0x57, 0x9c, 0x61, 
	0x73, 0x5d, 0x29, 0xd5, 0x29, 0xd5, 0x09, 0x11, 
	0x4a, 0x97, 0x4a, 0x97, 0x09, 0x51, 0x29, 0xd5, 
	0x29, 0xd5, 0x00, 0xcf, 0x00, 0xcf, 0x00, 0xcf, 
	0x01, 0x0f, 0x01, 0x0f, 0x21, 0xd3, 0x01, 0x0f, 
	0x01, 0x0f, 0x01, 0x0f, 0x01, 0x0f, 0x01, 0x0f, 
	0x01, 0x0f, 0x01, 0x0f, 0x01, 0x0f, 0x01, 0x0f, 
	0x09, 0x11, 0x01, 0x0f, 0x01, 0x0f, 0x01, 0x0f, 
	0x01, 0x0f, 0x01, 0x0f, 0x01, 0x0f, 0x01, 0x0f, 
	0x01, 0x0f, 0x01, 0x0f, 0x11, 0x51, 0x32, 0x17, 
	0x6b, 0x5d, 0x6b, 0x5d, 0x6b, 0x5d, 0x29, 0xd5, 
	0x4a, 0x97, 0x4a, 0x97, 0x8b, 0xdf, 0xcd, 0x65, 
	0x9c, 0x5f, 0xe6, 0x27, 0x9c, 0x5f, 0xe6, 0x27, 
	0xfe, 0xed, 0xfe, 0xed, 0xa4, 0xa1, 0x7b, 0x5b, 
	0x5a, 0xd9, 0x9c, 0x5f, 0xe5, 0xe7, 0x9c, 0x5f, 
	0x6b, 0x5b, 0xa4, 0x5f, 0xdd, 0xa5, 0x6b, 0x5b, 
	0x8b, 0xdf, 0x52, 0x97, 0xc5, 0x65, 0xfe, 0xed, 
	0xe5, 0xe7, 0xb4, 0xa1, 0xe5, 0xe7, 0xfe, 0xab, 
	0xff, 0x2f, 0xff, 0x2f, 0xee, 0x6b, 0xd5, 0xa5, 
	0xfe, 0xed, 0xee, 0x69, 0xe6, 0x27, 0xfe, 0xed, 
	0xe5, 0xe7, 0xe5, 0xe7, 0xf6, 0x69, 0xdd, 0xa5, 
	0xe5, 0xe5, 0xe5, 0xe5, 0xe5, 0xe5, 0xe5, 0xe5, 
	0xe5, 0xe5, 0xe5, 0xe5, 0xe5, 0xe5, 0xe5, 0xe5, 
	0xe5, 0xe5, 0xe5, 0xe5, 0xe5, 0xe5, 0xe5, 0xe5, 
	0xe5, 0xe5, 0xe5, 0xe5, 0xe5, 0xe5, 0xe5, 0xe5, 
	0xe5, 0xe5, 0xe5, 0xe5, 0xe5, 0xe5, 0xe5, 0xe5, 
	0xe5, 0xe5, 0xe5, 0xe5, 0xe5, 0xe5, 0xe5, 0xe5, 
	0xe5, 0xe5, 0xe5, 0xe5, 0xe5, 0xe5, 0xe5, 0xe5, 
	0xe5, 0xe5, 0xe5, 0xe5, 0xe5, 0xe5, 0xe5, 0xe5, 
	0xe5, 0xe5, 0xe5, 0xe5, 0xe5, 0xe5, 0xe5, 0xe5, 
	0xe5, 0xe5, 0xe5, 0xe5, 0xe5, 0xe5, 0xe5, 0xe5, 
	0xe5, 0xe5, 0xe5, 0xe5, 0xe5, 0xe5, 0xe5, 0xe5, 
	0xe5, 0xe5, 0xe5, 0xe5, 0xe5, 0xe5, 0xe5, 0xe5, 
	0xe5, 0xe5, 0xe5, 0xe5, 0xe5, 0xe5, 0xe5, 0xe5, 
	0xe5, 0xe5, 0xe5, 0xe5, 0xe5, 0xe5, 0xe5, 0xe5, 
	0xe5, 0xe5, 0xe5, 0xe5, 0xe5, 0xe5, 0xe5, 0xe5, 
	0xe5, 0xe5, 0xe5, 0xe5, 0xe5, 0xe5, 0xe5, 0xe5, 
	0xe5, 0xe5, 0xe5, 0xe5, 0xe5, 0xe5, 0xe5, 0xe5, 
	0xe5, 0xe5, 0xe5, 0xe5, 0xe5, 0xe5, 0xe5, 0xe5, 
	0xe5, 0xe5, 0xe5, 0xe5, 0xe5, 0xe5, 0xe5, 0xe5, 
	0xe5, 0xe5, 0xe5, 0xe5, 0xe5, 0xe5, 0xe5, 0xe5, 
	0xe5, 0xe5, 0xe5, 0xe5, 0xe5, 0xe5, 0xe5, 0xe5, 
	0xe5, 0xe5, 0xe5, 0xe5, 0xe5, 0xe5, 0xe5, 0xe5, 
	0xe5, 0xe5, 0xe5, 0xe5, 0xe5, 0xe5, 0xe5, 0xe5, 
	0xe5, 0xe5, 0xe5, 0xe5, 0xe5, 0xe5, 0xe5, 0xe5, 
	0xe5, 0xe5, 0xe5, 0xe5, 0xe5, 0xe5, 0xe5, 0xe5, 
	0xe5, 0xe5, 0xe5, 0xe5, 0xe5, 0xe5, 0xe5, 0xe5, 
	0xe5, 0xe5, 0xe5, 0xe5, 0xe5, 0xe5, 0xe5, 0xe5, 
	0xe5, 0xe5, 0xe5, 0xe5, 0xe5, 0xe5, 0xe5, 0xe5, 
	0xe5, 0xe5, 0xe5, 0xe5, 0xe5, 0xe5, 0xe5, 0xe5, 
	0xe5, 0xe5, 0xe5, 0xe5, 0xe5, 0xe5, 0xe5, 0xe5, 
	0xe5, 0xe5, 0xe5, 0xe5, 0xe5, 0xe5, 0xe5, 0xe5, 
	0xe5, 0xe5, 0xe5, 0xe5, 0xe5, 0xe5, 0xe5, 0xe5, 
	0xe5, 0xe5, 0xe5, 0xe5, 0xe5, 0xe5, 0xe5, 0xe5, 
	0xe5, 0xe5, 0xe5, 0xe5, 0xe5, 0xe5, 0xe5, 0xe5, 
	0xe5, 0xe5, 0xe5, 0xe5, 0xe5, 0xe5, 0xe5, 0xe5, 
	0xe5, 0xe5, 0xe5, 0xe5, 0xe5, 0xe5, 0xe5, 0xe5, 
	0xe5, 0xe5, 0xe5, 0xe5, 0xe5, 0xe5, 0xe5, 0xe5, 
	0xe5, 0xe5, 0xe5, 0xe5, 0xe5, 0xe5, 0x9c, 0x5f, 
	0x11, 0x53, 0x11, 0x53, 0x42, 0x57, 0x42, 0x57, 
	0x01, 0x11, 0x3a, 0x57, 0x21, 0x93, 0x21, 0x93, 
	0x19, 0x53, 0x4a, 0x57, 0x73, 0x5d, 0xa4, 0x61, 
	0x3a, 0x17, 0x21, 0x93, 0x09, 0x11, 0x09, 0x11, 
	0x01, 0x0f, 0x01, 0x0f, 0x01, 0x0f, 0x01, 0x0f, 
	0x09, 0x11, 0x09, 0x11, 0x09, 0x11, 0x3a, 0x57, 
	0x52, 0x99, 0x29, 0xd5, 0x29, 0xd5, 0x09, 0x11, 
	0x6b, 0x1b, 0x6b, 0x1b, 0x09, 0x51, 0x09, 0x51, 
	0x11, 0x53, 0x11, 0x53, 0x11, 0x53, 0x11, 0x53, 
	0x3a, 0x57, 0x3a, 0x57, 0x5a, 0xdb, 0x3a, 0x57, 
	0x29, 0xd5, 0x01, 0x0f, 0x01, 0x0f, 0x01, 0x0f, 
	0x01, 0x0f, 0x01, 0x0f, 0x01, 0x0f, 0x01, 0x0f, 
	0x01, 0x0f, 0x01, 0x0f, 0x01, 0x0f, 0x01, 0x0f, 
	0x01, 0x0f, 0x09, 0x11, 0x01, 0x11, 0x01, 0x11, 
	0x01, 0x0f, 0x01, 0x0f, 0x01, 0x0f, 0x21, 0xd5, 
	0x4a, 0x99, 0x29, 0xd5, 0x09, 0x11, 0x6b, 0x5d, 
	0x09, 0x11, 0x09, 0x11, 0x09, 0x11, 0x8b, 0xdf, 
	0x9c, 0x5f, 0xe6, 0x27, 0xe6, 0x27, 0xe6, 0x27, 
	0xfe, 0xed, 0xfe, 0xed, 0xfe, 0xed, 0xd5, 0xa7, 
	0x5a, 0xd9, 0x11, 0x51, 0x9c, 0x5f, 0x9c, 0x5f, 
	0xdd, 0xa5, 0xa4, 0x5f, 0xdd, 0xa5, 0xa4, 0x5f, 
	0xc5, 0x65, 0x52, 0x97, 0xc5, 0x65, 0xfe, 0xed, 
	0xe5, 0xe7, 0xb4, 0xa1, 0xcd, 0x65, 0xcd, 0x65, 
	0xd5, 0xa5, 0xee, 0x6b, 0xd5, 0xa5, 0xd5, 0xa5, 
	0xf6, 0xab, 0xe6, 0x27, 0xf6, 0xab, 0xf6, 0xab, 
	0xfe, 0xab, 0xe5, 0xe7, 0xf6, 0x69, 0xdd, 0xa5, 
	0xd5, 0x63, 0xe5, 0xe5, 0xe5, 0xe5, 0xe5, 0xe5, 
	0xe5, 0xe5, 0xe5, 0xe5, 0xe5, 0xe5, 0xe5, 0xe5, 
	0xe5, 0xe5, 0xe5, 0xe5, 0xe5, 0xe5, 0xe5, 0xe5, 
	0xe5, 0xe5, 0xe5, 0xe5, 0xe5, 0xe5, 0xe5, 0xe5, 
	0xe5, 0xe5, 0xe5, 0xe5, 0xe5, 0xe5, 0xe5, 0xe5, 
	0xe5, 0xe5, 0xe5, 0xe5, 0xe5, 0xe5, 0xe5, 0xe5, 
	0xe5, 0xe5, 0xe5, 0xe5, 0xe5, 0xe5, 0xe5, 0xe5, 
	0xe5, 0xe5, 0xe5, 0xe5, 0xe5, 0xe5, 0xe5, 0xe5, 
	0xe5, 0xe5, 0xe5, 0xe5, 0xe5, 0xe5, 0xe5, 0xe5, 
	0xe5, 0xe5, 0xe5, 0xe5, 0xe5, 0xe5, 0xe5, 0xe5, 
	0xe5, 0xe5, 0xe5, 0xe5, 0xe5, 0xe5, 0xe5, 0xe5, 
	0xe5, 0xe5, 0xe5, 0xe5, 0xe5, 0xe5, 0xe5, 0xe5, 
	0xe5, 0xe5, 0xe5, 0xe5, 0xe5, 0xe5, 0xe5, 0xe5, 
	0xe5, 0xe5, 0xe5, 0xe5, 0xe5, 0xe5, 0xe5, 0xe5, 
	0xe5, 0xe5, 0xe5, 0xe5, 0xe5, 0xe5, 0xe5, 0xe5, 
	0xe5, 0xe5, 0xe5, 0xe5, 0xe5, 0xe5, 0xe5, 0xe5, 
	0xe5, 0xe5, 0xe5, 0xe5, 0xe5, 0xe5, 0xe5, 0xe5, 
	0xe5, 0xe5, 0xe5, 0xe5, 0xe5, 0xe5, 0xe5, 0xe5, 
	0xe5, 0xe5, 0xe5, 0xe5, 0xe5, 0xe5, 0xe5, 0xe5, 
	0xe5, 0xe5, 0xe5, 0xe5, 0xe5, 0xe5, 0xe5, 0xe5, 
	0xe5, 0xe5, 0xe5, 0xe5, 0xe5, 0xe5, 0xe5, 0xe5, 
	0xe5, 0xe5, 0xe5, 0xe5, 0xe5, 0xe5, 0xe5, 0xe5, 
	0xe5, 0xe5, 0xe5, 0xe5, 0xe5, 0xe5, 0xe5, 0xe5, 
	0xe5, 0xe5, 0xe5, 0xe5, 0xe5, 0xe5, 0xe5, 0xe5, 
	0xe5, 0xe5, 0xe5, 0xe5, 0xe5, 0xe5, 0xe5, 0xe5, 
	0xe5, 0xe5, 0xe5, 0xe5, 0xe5, 0xe5, 0xe5, 0xe5, 
	0xe5, 0xe5, 0xe5, 0xe5, 0xe5, 0xe5, 0xe5, 0xe5, 
	0xe5, 0xe5, 0xe5, 0xe5, 0xe5, 0xe5, 0xe5, 0xe5, 
	0xe5, 0xe5, 0xe5, 0xe5, 0xe5, 0xe5, 0xe5, 0xe5, 
	0xe5, 0xe5, 0xe5, 0xe5, 0xe5, 0xe5, 0xe5, 0xe5, 
	0xe5, 0xe5, 0xe5, 0xe5, 0xe5, 0xe5, 0xe5, 0xe5, 
	0xe5, 0xe5, 0xe5, 0xe5, 0xe5, 0xe5, 0xe5, 0xe5, 
	0xe5, 0xe5, 0xe5, 0xe5, 0xe5, 0xe5, 0xe5, 0xe5, 
	0xe5, 0xe5, 0xe5, 0xe5, 0xe5, 0xe5, 0xe5, 0xe5, 
	0xe5, 0xe5, 0xe5, 0xe5, 0xe5, 0xe5, 0xe5, 0xe5, 
	0xe5, 0xe5, 0xe5, 0xe5, 0xe5, 0xe5, 0xe5, 0xe5, 
	0xe5, 0xe5, 0xe5, 0xe5, 0xe5, 0xe5, 0xe5, 0xe5, 
	0xe5, 0xe5, 0xe5, 0xe5, 0xe5, 0xe5, 0x52, 0xd9, 
	0x11, 0x53, 0x11, 0x53, 0x11, 0x53, 0x11, 0x53, 
	0x01, 0x11, 0x21, 0x93, 0x21, 0x93, 0x21, 0x93, 
	0x4a, 0x57, 0x4a, 0x57, 0x4a, 0x57, 0xa4, 0x61, 
	0x52, 0x99, 0x3a, 0x17, 0x21, 0x93, 0x09, 0x11, 
	0x01, 0x0f, 0x32, 0x15, 0x4a, 0x99, 0x4a, 0x99, 
	0x6b, 0x5b, 0x09, 0x11, 0x09, 0x11, 0x09, 0x11, 
	0x09, 0x11, 0x09, 0x11, 0x29, 0xd5, 0x09, 0x11, 
	0x6b, 0x1b, 0x6b, 0x1b, 0x4a, 0x97, 0x4a, 0x97, 
	0x29, 0xd5, 0x29, 0xd5, 0x11, 0x53, 0x11, 0x53, 
	0x3a, 0x57, 0x3a, 0x57, 0x21, 0xd3, 0x21, 0xd3, 
	0x11, 0x51, 0x11, 0x51, 0x01, 0x0f, 0x01, 0x0f, 
	0x01, 0x0f, 0x01, 0x0f, 0x01, 0x0f, 0x01, 0x0f, 
	0x01, 0x0f, 0x01, 0x0f, 0x01, 0x0f, 0x01, 0x0f, 
	0x01, 0x0f, 0x01, 0x0f, 0x01, 0x0f, 0x01, 0x0f, 
	0x01, 0x0f, 0x01, 0x0f, 0x01, 0x0f, 0x01, 0x0f, 
	0x09, 0x11, 0x09, 0x11, 0x09, 0x11, 0x09, 0x11, 
	0x09, 0x11, 0x09, 0x11, 0x09, 0x11, 0x4a, 0x97, 
	0x9c, 0x5f, 0xe6, 0x27, 0xe6, 0x27, 0xe6, 0x27, 
	0xfe, 0xed, 0xfe, 0xed, 0xfe, 0xed, 0xfe, 0xed, 
	0x5a, 0xd9, 0x11, 0x51, 0x9c, 0x5f, 0x9c, 0x5f, 
	0xdd, 0xa5, 0xa4, 0x5f, 0xa4, 0x5f, 0x6b, 0x5b, 
	0xc5, 0x65, 0x52, 0x97, 0xc5, 0x65, 0xfe, 0xed, 
	0xfe, 0xab, 0xcd, 0x65, 0xe5, 0xe7, 0xcd, 0x65, 
	0xc5, 0x21, 0xc5, 0x21, 0xd5, 0xa5, 0xd5, 0xa5, 
	0xfe, 0xed, 0xfe, 0xed, 0xf6, 0xab, 0xf6, 0xab, 
	0xfe, 0xab, 0xdd, 0xa5, 0xf6, 0x69, 0xf6, 0x69, 
	0xcd, 0x63, 0xdd, 0xa5, 0xe5, 0xe5, 0xe5, 0xe5, 
	0xe5, 0xe5, 0xe5, 0xe5, 0xe5, 0xe5, 0xe5, 0xe5, 
	0xe5, 0xe5, 0xe5, 0xe5, 0xe5, 0xe5, 0xe5, 0xe5, 
	0xe5, 0xe5, 0xe5, 0xe5, 0xe5, 0xe5, 0xe5, 0xe5, 
	0xe5, 0xe5, 0xe5, 0xe5, 0xe5, 0xe5, 0xe5, 0xe5, 
	0xe5, 0xe5, 0xe5, 0xe5, 0xe5, 0xe5, 0xe5, 0xe5, 
	0xe5, 0xe5, 0xe5, 0xe5, 0xe5, 0xe5, 0xe5, 0xe5, 
	0xe5, 0xe5, 0xe5, 0xe5, 0xe5, 0xe5, 0xe5, 0xe5, 
	0xe5, 0xe5, 0xe5, 0xe5, 0xe5, 0xe5, 0xe5, 0xe5, 
	0xe5, 0xe5, 0xe5, 0xe5, 0xe5, 0xe5, 0xe5, 0xe5, 
	0xe5, 0xe5, 0xe5, 0xe5, 0xe5, 0xe5, 0xe5, 0xe5, 
	0xe5, 0xe5, 0xe5, 0xe5, 0xe5, 0xe5, 0xe5, 0xe5, 
	0xe5, 0xe5, 0xe5, 0xe5, 0xe5, 0xe5, 0xe5, 0xe5, 
	0xe5, 0xe5, 0xe5, 0xe5, 0xe5, 0xe5, 0xe5, 0xe5, 
	0xe5, 0xe5, 0xe5, 0xe5, 0xe5, 0xe5, 0xe5, 0xe5, 
	0xe5, 0xe5, 0xe5, 0xe5, 0xe5, 0xe5, 0xe5, 0xe5, 
	0xe5, 0xe5, 0xe5, 0xe5, 0xe5, 0xe5, 0xe5, 0xe5, 
	0xe5, 0xe5, 0xe5, 0xe5, 0xe5, 0xe5, 0xe5, 0xe5, 
	0xe5, 0xe5, 0xe5, 0xe5, 0xe5, 0xe5, 0xe5, 0xe5, 
	0xe5, 0xe5, 0xe5, 0xe5, 0xe5, 0xe5, 0xe5, 0xe5, 
	0xe5, 0xe5, 0xe5, 0xe5, 0xe5, 0xe5, 0xe5, 0xe5, 
	0xe5, 0xe5, 0xe5, 0xe5, 0xe5, 0xe5, 0xe5, 0xe5, 
	0xe5, 0xe5, 0xe5, 0xe5, 0xe5, 0xe5, 0xe5, 0xe5, 
	0xe5, 0xe5, 0xe5, 0xe5, 0xe5, 0xe5, 0xe5, 0xe5, 
	0xe5, 0xe5, 0xe5, 0xe5, 0xe5, 0xe5, 0xe5, 0xe5, 
	0xe5, 0xe5, 0xe5, 0xe5, 0xe5, 0xe5, 0xe5, 0xe5, 
	0xe5, 0xe5, 0xe5, 0xe5, 0xe5, 0xe5, 0xe5, 0xe5, 
	0xe5, 0xe5, 0xe5, 0xe5, 0xe5, 0xe5, 0xe5, 0xe5, 
	0xe5, 0xe5, 0xe5, 0xe5, 0xe5, 0xe5, 0xe5, 0xe5, 
	0xe5, 0xe5, 0xe5, 0xe5, 0xe5, 0xe5, 0xe5, 0xe5, 
	0xe5, 0xe5, 0xe5, 0xe5, 0xe5, 0xe5, 0xe5, 0xe5, 
	0xe5, 0xe5, 0xe5, 0xe5, 0xe5, 0xe5, 0xe5, 0xe5, 
	0xe5, 0xe5, 0xe5, 0xe5, 0xe5, 0xe5, 0xe5, 0xe5, 
	0xe5, 0xe5, 0xe5, 0xe5, 0xe5, 0xe5, 0xe5, 0xe5, 
	0xe5, 0xe5, 0xe5, 0xe5, 0xe5, 0xe5, 0xe5, 0xe5, 
	0xe5, 0xe5, 0xe5, 0xe5, 0xe5, 0xe5, 0xe5, 0xe5, 
	0xe5, 0xe5, 0xe5, 0xe5, 0xe5, 0xe5, 0xe5, 0xe5, 
	0xdd, 0xa5, 0xdd, 0xa5, 0xdd, 0xa5, 0x52, 0x99, 
	0x21, 0x95, 0x21, 0x95, 0x11, 0x53, 0x11, 0x53, 
	0x3a, 0x57, 0x3a, 0x57, 0x3a, 0x57, 0x52, 0xd9, 
	0xa4, 0x61, 0xa4, 0x61, 0x73, 0x5d, 0x73, 0x5d, 
	0x9c, 0x61, 0x11, 0x53, 0x11, 0x53, 0x11, 0x53, 
	0x4a, 0x57, 0x94, 0x1f, 0x4a, 0x57, 0x21, 0x93, 
	0x29, 0xd5, 0x29, 0xd5, 0x29, 0xd5, 0x6b, 0x1b, 
	0x32, 0x15, 0x09, 0x11, 0x09, 0x11, 0x09, 0x11, 
	0x5a, 0xdb, 0x42, 0x57, 0x21, 0x95, 0x21, 0x95, 
	0x21, 0x93, 0x32, 0x17, 0x21, 0x93, 0x09, 0x11, 
	0x4a, 0x99, 0x4a, 0x99, 0x11, 0x53, 0x11, 0x53, 
	0x09, 0x11, 0x09, 0x11, 0x09, 0x11, 0x09, 0x11, 
	0x01, 0x0f, 0x01, 0x0f, 0x19, 0x93, 0x01, 0x0f, 
	0x01, 0x0f, 0x01, 0x0f, 0x01, 0x0f, 0x01, 0x0f, 
	0x01, 0x0f, 0x01, 0x0f, 0x01, 0x0f, 0x01, 0x0f, 
	0x01, 0x0f, 0x32, 0x15, 0x4a, 0x99, 0x32, 0x15, 
	0x29, 0xd5, 0x29, 0xd5, 0x09, 0x11, 0x09, 0x11, 
	0x19, 0x53, 0x19, 0x53, 0x19, 0x53, 0x4a, 0x57, 
	0xd5, 0xa5, 0xfe, 0xab, 0xee, 0x29, 0xd5, 0xa5, 
	0xf6, 0xa9, 0xf6, 0xa9, 0xf6, 0xa9, 0xf6, 0xa9, 
	0xd5, 0xa5, 0x7b, 0x9d, 0xd5, 0xa5, 0xd5, 0xa5, 
	0xd5, 0xa5, 0xd5, 0xa5, 0x9c, 0x5f, 0x29, 0xd5, 
	0xa4, 0x61, 0x19, 0x53, 0xa4, 0x61, 0xe6, 0x27, 
	0xf6, 0x69, 0xf6, 0x69, 0xd5, 0x65, 0xac, 0xa1, 
	0xf6, 0xad, 0xff, 0x2f, 0xf6, 0xad, 0xff, 0x2f, 
	0xf6, 0xab, 0xf6, 0xab, 0xf6, 0xab, 0xf6, 0xab, 
	0xf6, 0x69, 0xf6, 0x69, 0xfe, 0xab, 0xf6, 0x69, 
	0xdd, 0xa5, 0xdd, 0xa5, 0xdd, 0xa5, 0xdd, 0xa5, 
	0xe5, 0xe5, 0xe5, 0xe5, 0xe5, 0xe5, 0xe5, 0xe5, 
	0xe5, 0xe5, 0xe5, 0xe5, 0xe5, 0xe5, 0xe5, 0xe5, 
	0xe5, 0xe5, 0xe5, 0xe5, 0xe5, 0xe5, 0xe5, 0xe5, 
	0xe5, 0xe5, 0xe5, 0xe5, 0xe5, 0xe5, 0xe5, 0xe5, 
	0xe5, 0xe5, 0xe5, 0xe5, 0xe5, 0xe5, 0xe5, 0xe5, 
	0xe5, 0xe5, 0xe5, 0xe5, 0xe5, 0xe5, 0xe5, 0xe5, 
	0xe5, 0xe5, 0xe5, 0xe5, 0xe5, 0xe5, 0xe5, 0xe5, 
	0xe5, 0xe5, 0xe5, 0xe5, 0xe5, 0xe5, 0xe5, 0xe5, 
	0xe5, 0xe5, 0xe5, 0xe5, 0xe5, 0xe5, 0xe5, 0xe5, 
	0xe5, 0xe5, 0xe5, 0xe5, 0xe5, 0xe5, 0xe5, 0xe5, 
	0xe5, 0xe5, 0xe5, 0xe5, 0xe5, 0xe5, 0xe5, 0xe5, 
	0xe5, 0xe5, 0xe5, 0xe5, 0xe5, 0xe5, 0xe5, 0xe5, 
	0xe5, 0xe5, 0xe5, 0xe5, 0xe5, 0xe5, 0xe5, 0xe5, 
	0xe5, 0xe5, 0xe5, 0xe5, 0xe5, 0xe5, 0xe5, 0xe5, 
	0xe5, 0xe5, 0xe5, 0xe5, 0xe5, 0xe5, 0xe5, 0xe5, 
	0xe5, 0xe5, 0xe5, 0xe5, 0xe5, 0xe5, 0xe5, 0xe5, 
	0xe5, 0xe5, 0xe5, 0xe5, 0xe5, 0xe5, 0xe5, 0xe5, 
	0xe5, 0xe5, 0xe5, 0xe5, 0xe5, 0xe5, 0xe5, 0xe5, 
	0xe5, 0xe5, 0xe5, 0xe5, 0xe5, 0xe5, 0xe5, 0xe5, 
	0xe5, 0xe5, 0xe5, 0xe5, 0xe5, 0xe5, 0xe5, 0xe5, 
	0xe5, 0xe5, 0xe5, 0xe5, 0xe5, 0xe5, 0xe5, 0xe5, 
	0xe5, 0xe5, 0xe5, 0xe5, 0xe5, 0xe5, 0xe5, 0xe5, 
	0xe5, 0xe5, 0xe5, 0xe5, 0xe5, 0xe5, 0xe5, 0xe5, 
	0xe5, 0xe5, 0xe5, 0xe5, 0xe5, 0xe5, 0xe5, 0xe5, 
	0xe5, 0xe5, 0xe5, 0xe5, 0xe5, 0xe5, 0xe5, 0xe5, 
	0xe5, 0xe5, 0xe5, 0xe5, 0xe5, 0xe5, 0xe5, 0xe5, 
	0xe5, 0xe5, 0xe5, 0xe5, 0xe5, 0xe5, 0xe5, 0xe5, 
	0xe5, 0xe5, 0xe5, 0xe5, 0xe5, 0xe5, 0xe5, 0xe5, 
	0xe5, 0xe5, 0xe5, 0xe5, 0xe5, 0xe5, 0xe5, 0xe5, 
	0xe5, 0xe5, 0xe5, 0xe5, 0xe5, 0xe5, 0xe5, 0xe5, 
	0xe5, 0xe5, 0xe5, 0xe5, 0xe5, 0xe5, 0xe5, 0xe5, 
	0xe5, 0xe5, 0xe5, 0xe5, 0xe5, 0xe5, 0xe5, 0xe5, 
	0xe5, 0xe5, 0xe5, 0xe5, 0xe5, 0xe5, 0xe5, 0xe5, 
	0xe5, 0xe5, 0xe5, 0xe5, 0xe5, 0xe5, 0xe5, 0xe5, 
	0xe5, 0xe5, 0xe5, 0xe5, 0xe5, 0xe5, 0xe5, 0xe5, 
	0xe5, 0xe5, 0xe5, 0xe5, 0xe5, 0xe5, 0xe5, 0xe5, 
	0xac, 0xa1, 0xac, 0xa1, 0xac, 0xa1, 0x52, 0x99, 
	0x32, 0x15, 0x32, 0x15, 0x11, 0x53, 0x11, 0x53, 
	0x09, 0x11, 0x21, 0x93, 0x21, 0x93, 0x21, 0x93, 
	0x19, 0x93, 0x4a, 0x97, 0x19, 0x93, 0x19, 0x93, 
	0x9c, 0x61, 0x52, 0xd9, 0x52, 0xd9, 0x11, 0x53, 
	0x4a, 0x57, 0x4a, 0x57, 0x6b, 0x5b, 0x21, 0x93, 
	0x29, 0xd5, 0x4a, 0x97, 0x4a, 0x97, 0x6b, 0x1b, 
	0x32, 0x15, 0x09, 0x11, 0x09, 0x11, 0x32, 0x15, 
	0x5a, 0xdb, 0x21, 0x95, 0x42, 0x57, 0x5a, 0xdb, 
	0x4a, 0x99, 0x09, 0x11, 0x09, 0x11, 0x09, 0x11, 
	0x11, 0x53, 0x6b, 0x5b, 0x11, 0x53, 0x6b, 0x5b, 
	0x73, 0x5b, 0x09, 0x11, 0x09, 0x11, 0x09, 0x11, 
	0x01, 0x0f, 0x01, 0x0f, 0x01, 0x0f, 0x01, 0x0f, 
	0x01, 0x0f, 0x01, 0x0f, 0x01, 0x0f, 0x01, 0x0f, 
	0x01, 0x0f, 0x01, 0x0f, 0x01, 0x0f, 0x01, 0x0f, 
	0x32, 0x15, 0x19, 0x93, 0x4a, 0x99, 0x32, 0x15, 
	0x42, 0x57, 0x63, 0x1b, 0x42, 0x57, 0x42, 0x57, 
	0x4a, 0x57, 0x4a, 0x57, 0x19, 0x53, 0x4a, 0x57, 
	0xc5, 0x23, 0xc5, 0x23, 0xfe, 0xab, 0xee, 0x29, 
	0xf6, 0xa9, 0xf6, 0xa9, 0xf6, 0xa9, 0xf6, 0xa9, 
	0xd5, 0xa5, 0xd5, 0xa5, 0x52, 0x99, 0x7b, 0x9d, 
	0x63, 0x1b, 0xd5, 0xa5, 0x9c, 0x5f, 0x63, 0x1b, 
	0x5a, 0xd9, 0x19, 0x53, 0x5a, 0xd9, 0xe6, 0x27, 
	0xf6, 0x69, 0xd5, 0x65, 0xf6, 0x69, 0xd5, 0x65, 
	0xe6, 0x29, 0xff, 0x2f, 0xe6, 0x29, 0xff, 0x2f, 
	0xf6, 0xab, 0xf6, 0xab, 0xf6, 0xab, 0xf6, 0xab, 
	0xf6, 0x69, 0xf6, 0x69, 0xf6, 0x69, 0xf6, 0x69, 
	0xf6, 0x69, 0xdd, 0xa5, 0xdd, 0xa5, 0xdd, 0xa5, 
	0xe5, 0xe5, 0xe5, 0xe5, 0xe5, 0xe5, 0xe5, 0xe5, 
	0xe5, 0xe5, 0xe5, 0xe5, 0xe5, 0xe5, 0xe5, 0xe5, 
	0xe5, 0xe5, 0xe5, 0xe5, 0xe5, 0xe5, 0xe5, 0xe5, 
	0xe5, 0xe5, 0xe5, 0xe5, 0xe5, 0xe5, 0xe5, 0xe5, 
	0xe5, 0xe5, 0xe5, 0xe5, 0xe5, 0xe5, 0xe5, 0xe5, 
	0xe5, 0xe5, 0xe5, 0xe5, 0xe5, 0xe5, 0xe5, 0xe5, 
	0xe5, 0xe5, 0xe5, 0xe5, 0xe5, 0xe5, 0xe5, 0xe5, 
	0xe5, 0xe5, 0xe5, 0xe5, 0xe5, 0xe5, 0xe5, 0xe5, 
	0xe5, 0xe5, 0xe5, 0xe5, 0xe5, 0xe5, 0xe5, 0xe5, 
	0xe5, 0xe5, 0xe5, 0xe5, 0xe5, 0xe5, 0xe5, 0xe5, 
	0xe5, 0xe5, 0xe5, 0xe5, 0xe5, 0xe5, 0xe5, 0xe5, 
	0xe5, 0xe5, 0xe5, 0xe5, 0xe5, 0xe5, 0xe5, 0xe5, 
	0xe5, 0xe5, 0xe5, 0xe5, 0xe5, 0xe5, 0xe5, 0xe5, 
	0xe5, 0xe5, 0xe5, 0xe5, 0xe5, 0xe5, 0xe5, 0xe5, 
	0xe5, 0xe5, 0xe5, 0xe5, 0xe5, 0xe5, 0xe5, 0xe5, 
	0xe5, 0xe5, 0xe5, 0xe5, 0xe5, 0xe5, 0xe5, 0xe5, 
	0xe5, 0xe5, 0xe5, 0xe5, 0xe5, 0xe5, 0xe5, 0xe5, 
	0xe5, 0xe5, 0xe5, 0xe5, 0xe5, 0xe5, 0xe5, 0xe5, 
	0xe5, 0xe5, 0xe5, 0xe5, 0xe5, 0xe5, 0xe5, 0xe5, 
	0xe5, 0xe5, 0xe5, 0xe5, 0xe5, 0xe5, 0xe5, 0xe5, 
	0xe5, 0xe5, 0xe5, 0xe5, 0xe5, 0xe5, 0xe5, 0xe5, 
	0xe5, 0xe5, 0xe5, 0xe5, 0xe5, 0xe5, 0xe5, 0xe5, 
	0xe5, 0xe5, 0xe5, 0xe5, 0xe5, 0xe5, 0xe5, 0xe5, 
	0xe5, 0xe5, 0xe5, 0xe5, 0xe5, 0xe5, 0xe5, 0xe5, 
	0xe5, 0xe5, 0xe5, 0xe5, 0xe5, 0xe5, 0xe5, 0xe5, 
	0xe5, 0xe5, 0xe5, 0xe5, 0xe5, 0xe5, 0xe5, 0xe5, 
	0xe5, 0xe5, 0xe5, 0xe5, 0xe5, 0xe5, 0xe5, 0xe5, 
	0xe5, 0xe5, 0xe5, 0xe5, 0xe5, 0xe5, 0xe5, 0xe5, 
	0xe5, 0xe5, 0xe5, 0xe5, 0xe5, 0xe5, 0xe5, 0xe5, 
	0xe5, 0xe5, 0xe5, 0xe5, 0xe5, 0xe5, 0xe5, 0xe5, 
	0xe5, 0xe5, 0xe5, 0xe5, 0xe5, 0xe5, 0xe5, 0xe5, 
	0xe5, 0xe5, 0xe5, 0xe5, 0xe5, 0xe5, 0xe5, 0xe5, 
	0xe5, 0xe5, 0xe5, 0xe5, 0xe5, 0xe5, 0xe5, 0xe5, 
	0xe5, 0xe5, 0xe5, 0xe5, 0xe5, 0xe5, 0xe5, 0xe5, 
	0xe5, 0xe5, 0xe5, 0xe5, 0xe5, 0xe5, 0xe5, 0xe5, 
	0xe5, 0xe5, 0xe5, 0xe5, 0xe5, 0xe5, 0xe5, 0xe5, 
	0xdd, 0xa5, 0xac, 0xa1, 0xac, 0xa1, 0x52, 0x99, 
	0x42, 0x57, 0x21, 0x95, 0x21, 0x95, 0x32, 0x15, 
	0x3a, 0x57, 0x3a, 0x57, 0x3a, 0x57, 0x21, 0x93, 
	0x19, 0x93, 0x4a, 0x97, 0x73, 0x5d, 0x73, 0x5d, 
	0xdd, 0xa7, 0xdd, 0xa7, 0x9c, 0x61, 0x11, 0x53, 
	0x21, 0x93, 0x21, 0x93, 0x6b, 0x5b, 0x6b, 0x5b, 
	0x09, 0x11, 0x09, 0x11, 0x09, 0x11, 0x4a, 0x97, 
	0x09, 0x11, 0x09, 0x11, 0x09, 0x11, 0x5a, 0xd9, 
	0x09, 0x11, 0x09, 0x11, 0x09, 0x11, 0x21, 0x95, 
	0x4a, 0x99, 0x32, 0x17, 0x09, 0x11, 0x09, 0x11, 
	0x32, 0x15, 0x6b, 0x5b, 0x6b, 0x5b, 0x6b, 0x5b, 
	0xa4, 0xa1, 0x3a, 0x57, 0x3a, 0x57, 0x3a, 0x57, 
	0x2a, 0x15, 0x2a, 0x15, 0x01, 0x0f, 0x01, 0x0f, 
	0x01, 0x0f, 0x01, 0x0f, 0x01, 0x0f, 0x01, 0x0f, 
	0x01, 0x0f, 0x01, 0x0f, 0x01, 0x0f, 0x01, 0x0f, 
	0x01, 0x0f, 0x01, 0x0f, 0x01, 0x0f, 0x01, 0x0f, 
	0x09, 0x11, 0x09, 0x11, 0x09, 0x11, 0x09, 0x11, 
	0x19, 0x53, 0x4a, 0x57, 0x19, 0x53, 0xa4, 0x61, 
	0xd5, 0xa5, 0xd5, 0xa5, 0xfe, 0xab, 0xee, 0x29, 
	0xe5, 0xe7, 0xdd, 0xa5, 0xe5, 0xe7, 0xee, 0x27, 
	0xd5, 0xa5, 0xd5, 0xa5, 0xac, 0xa1, 0x52, 0x99, 
	0x29, 0xd5, 0xd5, 0xa5, 0xd5, 0xa5, 0xd5, 0xa5, 
	0x5a, 0xd9, 0x5a, 0xd9, 0x5a, 0xd9, 0xa4, 0x61, 
	0xd5, 0x65, 0xd5, 0x65, 0xd5, 0x65, 0xf6, 0x69, 
	0xf6, 0xad, 0xff, 0x2f, 0xf6, 0xad, 0xf6, 0xad, 
	0xfe, 0xed, 0xf6, 0xab, 0xee, 0x29, 0xf6, 0xab, 
	0xfe, 0xab, 0xee, 0x29, 0xf6, 0x69, 0xe5, 0xe7, 
	0xf6, 0x69, 0xf6, 0x69, 0xac, 0x5f, 0xc5, 0x23, 
	0xe5, 0xe5, 0xe5, 0xe5, 0xe5, 0xe5, 0xe5, 0xe5, 
	0xe5, 0xe5, 0xe5, 0xe5, 0xe5, 0xe5, 0xe5, 0xe5, 
	0xe5, 0xe5, 0xe5, 0xe5, 0xe5, 0xe5, 0xe5, 0xe5, 
	0xe5, 0xe5, 0xe5, 0xe5, 0xe5, 0xe5, 0xe5, 0xe5, 
	0xe5, 0xe5, 0xe5, 0xe5, 0xe5, 0xe5, 0xe5, 0xe5, 
	0xe5, 0xe5, 0xe5, 0xe5, 0xe5, 0xe5, 0xe5, 0xe5, 
	0xe5, 0xe5, 0xe5, 0xe5, 0xe5, 0xe5, 0xe5, 0xe5, 
	0xe5, 0xe5, 0xe5, 0xe5, 0xe5, 0xe5, 0xe5, 0xe5, 
	0xe5, 0xe5, 0xe5, 0xe5, 0xe5, 0xe5, 0xe5, 0xe5, 
	0xe5, 0xe5, 0xe5, 0xe5, 0xe5, 0xe5, 0xe5, 0xe5, 
	0xe5, 0xe5, 0xe5, 0xe5, 0xe5, 0xe5, 0xe5, 0xe5, 
	0xe5, 0xe5, 0xe5, 0xe5, 0xe5, 0xe5, 0xe5, 0xe5, 
	0xe5, 0xe5, 0xe5, 0xe5, 0xe5, 0xe5, 0xe5, 0xe5, 
	0xe5, 0xe5, 0xe5, 0xe5, 0xe5, 0xe5, 0xe5, 0xe5, 
	0xe5, 0xe5, 0xe5, 0xe5, 0xe5, 0xe5, 0xe5, 0xe5, 
	0xe5, 0xe5, 0xe5, 0xe5, 0xe5, 0xe5, 0xe5, 0xe5, 
	0xe5, 0xe5, 0xe5, 0xe5, 0xe5, 0xe5, 0xe5, 0xe5, 
	0xe5, 0xe5, 0xe5, 0xe5, 0xe5, 0xe5, 0xe5, 0xe5, 
	0xe5, 0xe5, 0xe5, 0xe5, 0xe5, 0xe5, 0xe5, 0xe5, 
	0xe5, 0xe5, 0xe5, 0xe5, 0xe5, 0xe5, 0xe5, 0xe5, 
	0xe5, 0xe5, 0xe5, 0xe5, 0xe5, 0xe5, 0xe5, 0xe5, 
	0xe5, 0xe5, 0xe5, 0xe5, 0xe5, 0xe5, 0xe5, 0xe5, 
	0xe5, 0xe5, 0xe5, 0xe5, 0xe5, 0xe5, 0xe5, 0xe5, 
	0xe5, 0xe5, 0xe5, 0xe5, 0xe5, 0xe5, 0xe5, 0xe5, 
	0xe5, 0xe5, 0xe5, 0xe5, 0xe5, 0xe5, 0xe5, 0xe5, 
	0xe5, 0xe5, 0xe5, 0xe5, 0xe5, 0xe5, 0xe5, 0xe5, 
	0xe5, 0xe5, 0xe5, 0xe5, 0xe5, 0xe5, 0xe5, 0xe5, 
	0xe5, 0xe5, 0xe5, 0xe5, 0xe5, 0xe5, 0xe5, 0xe5, 
	0xe5, 0xe5, 0xe5, 0xe5, 0xe5, 0xe5, 0xe5, 0xe5, 
	0xe5, 0xe5, 0xe5, 0xe5, 0xe5, 0xe5, 0xe5, 0xe5, 
	0xe5, 0xe5, 0xe5, 0xe5, 0xe5, 0xe5, 0xe5, 0xe5, 
	0xe5, 0xe5, 0xe5, 0xe5, 0xe5, 0xe5, 0xe5, 0xe5, 
	0xe5, 0xe5, 0xe5, 0xe5, 0xe5, 0xe5, 0xe5, 0xe5, 
	0xe5, 0xe5, 0xe5, 0xe5, 0xe5, 0xe5, 0xe5, 0xe5, 
	0xe5, 0xe5, 0xe5, 0xe5, 0xe5, 0xe5, 0xe5, 0xe5, 
	0xe5, 0xe5, 0xe5, 0xe5, 0xe5, 0xe5, 0xe5, 0xe5, 
	0xdd, 0xa5, 0xac, 0xa1, 0x52, 0x99, 0x52, 0x99, 
	0x21, 0x95, 0x21, 0x95, 0x21, 0x95, 0x21, 0x95, 
	0x3a, 0x57, 0x3a, 0x57, 0x52, 0xd9, 0x3a, 0x57, 
	0x19, 0x93, 0x19, 0x93, 0x73, 0x5d, 0x73, 0x5d, 
	0x52, 0xd9, 0xdd, 0xa7, 0x52, 0xd9, 0x11, 0x53, 
	0x21, 0x93, 0x4a, 0x57, 0x4a, 0x57, 0x94, 0x1f, 
	0x4a, 0x97, 0x09, 0x11, 0x09, 0x11, 0x4a, 0x97, 
	0x83, 0xdd, 0x09, 0x11, 0x09, 0x11, 0x09, 0x11, 
	0x21, 0x95, 0x09, 0x11, 0x21, 0x95, 0x09, 0x11, 
	0x09, 0x11, 0x09, 0x11, 0x09, 0x11, 0x09, 0x11, 
	0x11, 0x53, 0x32, 0x15, 0x11, 0x53, 0x11, 0x53, 
	0x3a, 0x57, 0x3a, 0x57, 0x09, 0x11, 0x09, 0x11, 
	0x19, 0x93, 0x42, 0x59, 0x19, 0x93, 0x19, 0x93, 
	0x2a, 0x17, 0x19, 0xd5, 0x11, 0x51, 0x11, 0x51, 
	0x4a, 0x99, 0x4a, 0x99, 0x6b, 0x5d, 0x6b, 0x5d, 
	0x4a, 0x99, 0x4a, 0x99, 0x32, 0x15, 0x19, 0x93, 
	0x29, 0xd5, 0x29, 0xd5, 0x09, 0x11, 0x09, 0x11, 
	0x4a, 0x57, 0xa4, 0x61, 0x19, 0x53, 0x73, 0x5d, 
	0xee, 0x29, 0xfe, 0xab, 0xfe, 0xab, 0xd5, 0xa5, 
	0xdd, 0xa5, 0xee, 0x27, 0xf6, 0xa9, 0xf6, 0xa9, 
	0xd5, 0xa5, 0xd5, 0xa5, 0xac, 0xa1, 0xd5, 0xa5, 
	0x9c, 0x5f, 0xd5, 0xa5, 0xd5, 0xa5, 0xd5, 0xa5, 
	0x5a, 0xd9, 0x5a, 0xd9, 0xe6, 0x27, 0xe6, 0x27, 
	0xd5, 0x65, 0x8b, 0xdd, 0xf6, 0x69, 0xd5, 0x65, 
	0xdd, 0xa7, 0xff, 0x2f, 0xff, 0x2f, 0xf6, 0xad, 
	0xfe, 0xed, 0xee, 0x29, 0xe5, 0xe7, 0xf6, 0xab, 
	0xfe, 0xab, 0xee, 0x29, 0xfe, 0xab, 0xfe, 0xab, 
	0xdd, 0xa5, 0xf6, 0x69, 0xdd, 0xa5, 0xc5, 0x23, 
	0xe5, 0xe5, 0xe5, 0xe5, 0xe5, 0xe5, 0xe5, 0xe5, 
	0xe5, 0xe5, 0xe5, 0xe5, 0xe5, 0xe5, 0xe5, 0xe5, 
	0xe5, 0xe5, 0xe5, 0xe5, 0xe5, 0xe5, 0xe5, 0xe5, 
	0xe5, 0xe5, 0xe5, 0xe5, 0xe5, 0xe5, 0xe5, 0xe5, 
	0xe5, 0xe5, 0xe5, 0xe5, 0xe5, 0xe5, 0xe5, 0xe5, 
	0xe5, 0xe5, 0xe5, 0xe5, 0xe5, 0xe5, 0xe5, 0xe5, 
	0xe5, 0xe5, 0xe5, 0xe5, 0xe5, 0xe5, 0xe5, 0xe5, 
	0xe5, 0xe5, 0xe5, 0xe5, 0xe5, 0xe5, 0xe5, 0xe5, 
	0xe5, 0xe5, 0xe5, 0xe5, 0xe5, 0xe5, 0xe5, 0xe5, 
	0xe5, 0xe5, 0xe5, 0xe5, 0xe5, 0xe5, 0xe5, 0xe5, 
	0xe5, 0xe5, 0xe5, 0xe5, 0xe5, 0xe5, 0xe5, 0xe5, 
	0xe5, 0xe5, 0xe5, 0xe5, 0xe5, 0xe5, 0xe5, 0xe5, 
	0xe5, 0xe5, 0xe5, 0xe5, 0xe5, 0xe5, 0xe5, 0xe5, 
	0xe5, 0xe5, 0xe5, 0xe5, 0xe5, 0xe5, 0xe5, 0xe5, 
	0xe5, 0xe5, 0xe5, 0xe5, 0xe5, 0xe5, 0xe5, 0xe5, 
	0xe5, 0xe5, 0xe5, 0xe5, 0xe5, 0xe5, 0xe5, 0xe5, 
	0xe5, 0xe5, 0xe5, 0xe5, 0xe5, 0xe5, 0xe5, 0xe5, 
	0xe5, 0xe5, 0xe5, 0xe5, 0xe5, 0xe5, 0xe5, 0xe5, 
	0xe5, 0xe5, 0xe5, 0xe5, 0xe5, 0xe5, 0xe5, 0xe5, 
	0xe5, 0xe5, 0xe5, 0xe5, 0xe5, 0xe5, 0xe5, 0xe5, 
	0xe5, 0xe5, 0xe5, 0xe5, 0xe5, 0xe5, 0xe5, 0xe5, 
	0xe5, 0xe5, 0xe5, 0xe5, 0xe5, 0xe5, 0xe5, 0xe5, 
	0xe5, 0xe5, 0xe5, 0xe5, 0xe5, 0xe5, 0xe5, 0xe5, 
	0xe5, 0xe5, 0xe5, 0xe5, 0xe5, 0xe5, 0xe5, 0xe5, 
	0xe5, 0xe5, 0xe5, 0xe5, 0xe5, 0xe5, 0xe5, 0xe5, 
	0xe5, 0xe5, 0xe5, 0xe5, 0xe5, 0xe5, 0xe5, 0xe5, 
	0xe5, 0xe5, 0xe5, 0xe5, 0xe5, 0xe5, 0xe5, 0xe5, 
	0xe5, 0xe5, 0xe5, 0xe5, 0xe5, 0xe5, 0xe5, 0xe5, 
	0xe5, 0xe5, 0xe5, 0xe5, 0xe5, 0xe5, 0xe5, 0xe5, 
	0xe5, 0xe5, 0xe5, 0xe5, 0xe5, 0xe5, 0xe5, 0xe5, 
	0xe5, 0xe5, 0xe5, 0xe5, 0xe5, 0xe5, 0xe5, 0xe5, 
	0xe5, 0xe5, 0xe5, 0xe5, 0xe5, 0xe5, 0xe5, 0xe5, 
	0xe5, 0xe5, 0xe5, 0xe5, 0xe5, 0xe5, 0xe5, 0xe5, 
	0xe5, 0xe5, 0xe5, 0xe5, 0xe5, 0xe5, 0xe5, 0xe5, 
	0xe5, 0xe5, 0xe5, 0xe5, 0xe5, 0xe5, 0xe5, 0xe5, 
	0xe5, 0xe5, 0xe5, 0xe5, 0xe5, 0xe5, 0xe5, 0xe5, 
	0xd5, 0xa5, 0xa4, 0xa1, 0x73, 0x5d, 0x42, 0x59, 
	0x29, 0xd5, 0x29, 0xd5, 0x29, 0xd5, 0x5a, 0xdb, 
	0x7b, 0x9d, 0x7b, 0x9d, 0x7b, 0x9d, 0x42, 0x57, 
	0x3a, 0x15, 0x21, 0x93, 0x3a, 0x15, 0x5a, 0xd9, 
	0x73, 0x5d, 0x42, 0x57, 0x42, 0x57, 0x42, 0x57, 
	0x3a, 0x17, 0x9c, 0x61, 0x6b, 0x5b, 0x6b, 0x5b, 
	0x73, 0x5d, 0x73, 0x5d, 0x42, 0x57, 0x73, 0x5d, 
	0xb4, 0xe5, 0x11, 0x51, 0x4a, 0x57, 0x4a, 0x57, 
	0x32, 0x15, 0x09, 0x11, 0x32, 0x15, 0x32, 0x15, 
	0x01, 0x0f, 0x01, 0x0f, 0x01, 0x0f, 0x01, 0x0f, 
	0x01, 0x11, 0x21, 0xd5, 0x21, 0xd5, 0x42, 0x57, 
	0x4a, 0x99, 0x11, 0x51, 0x11, 0x51, 0x11, 0x51, 
	0x01, 0x0f, 0x01, 0x0f, 0x01, 0x0f, 0x19, 0x93, 
	0x01, 0x0f, 0x01, 0x0f, 0x01, 0x0f, 0x01, 0x0f, 
	0x01, 0x11, 0x01, 0x11, 0x11, 0x53, 0x01, 0x11, 
	0x01, 0x11, 0x4a, 0x97, 0x32, 0x15, 0x4a, 0x97, 
	0x29, 0xd3, 0x29, 0xd3, 0x29, 0xd3, 0x29, 0xd3, 
	0x4a, 0x99, 0x29, 0xd5, 0x4a, 0x99, 0x4a, 0x99, 
	0x8b, 0xdd, 0xe5, 0xe7, 0xe5, 0xe7, 0xe5, 0xe7, 
	0xee, 0x27, 0xf6, 0xa9, 0xf6, 0xa9, 0xee, 0x27, 
	0xf6, 0x69, 0xdd, 0xa7, 0xd5, 0x65, 0xdd, 0xa7, 
	0xf6, 0x69, 0xdd, 0xa5, 0xe5, 0xe7, 0xdd, 0xa5, 
	0x8b, 0xdf, 0x52, 0x99, 0x52, 0x99, 0x8b, 0xdf, 
	0xd5, 0xa7, 0x9c, 0x61, 0xd5, 0xa7, 0xd5, 0xa7, 
	0xd5, 0xa5, 0xd5, 0xa5, 0xd5, 0xa5, 0xd5, 0xa5, 
	0xf6, 0xab, 0xf6, 0xab, 0xcd, 0xa5, 0xf6, 0xab, 
	0xf6, 0x6b, 0xf6, 0x6b, 0xfe, 0xed, 0xfe, 0xed, 
	0xe5, 0xe7, 0xe5, 0xe7, 0xe5, 0xe7, 0xfe, 0xab, 
	0xd5, 0xa5, 0xe5, 0xe5, 0xe5, 0xe5, 0xe5, 0xe5, 
	0xe5, 0xe5, 0xe5, 0xe5, 0xe5, 0xe5, 0xe5, 0xe5, 
	0xe5, 0xe5, 0xe5, 0xe5, 0xe5, 0xe5, 0xe5, 0xe5, 
	0xe5, 0xe5, 0xe5, 0xe5, 0xe5, 0xe5, 0xe5, 0xe5, 
	0xe5, 0xe5, 0xe5, 0xe5, 0xe5, 0xe5, 0xe5, 0xe5, 
	0xe5, 0xe5, 0xe5, 0xe5, 0xe5, 0xe5, 0xe5, 0xe5, 
	0xe5, 0xe5, 0xe5, 0xe5, 0xe5, 0xe5, 0xe5, 0xe5, 
	0xe5, 0xe5, 0xe5, 0xe5, 0xe5, 0xe5, 0xe5, 0xe5, 
	0xe5, 0xe5, 0xe5, 0xe5, 0xe5, 0xe5, 0xe5, 0xe5, 
	0xe5, 0xe5, 0xe5, 0xe5, 0xe5, 0xe5, 0xe5, 0xe5, 
	0xe5, 0xe5, 0xe5, 0xe5, 0xe5, 0xe5, 0xe5, 0xe5, 
	0xe5, 0xe5, 0xe5, 0xe5, 0xe5, 0xe5, 0xe5, 0xe5, 
	0xe5, 0xe5, 0xe5, 0xe5, 0xe5, 0xe5, 0xe5, 0xe5, 
	0xe5, 0xe5, 0xe5, 0xe5, 0xe5, 0xe5, 0xe5, 0xe5, 
	0xe5, 0xe5, 0xe5, 0xe5, 0xe5, 0xe5, 0xe5, 0xe5, 
	0xe5, 0xe5, 0xe5, 0xe5, 0xe5, 0xe5, 0xe5, 0xe5, 
	0xe5, 0xe5, 0xe5, 0xe5, 0xe5, 0xe5, 0xe5, 0xe5, 
	0xe5, 0xe5, 0xe5, 0xe5, 0xe5, 0xe5, 0xe5, 0xe5, 
	0xe5, 0xe5, 0xe5, 0xe5, 0xe5, 0xe5, 0xe5, 0xe5, 
	0xe5, 0xe5, 0xe5, 0xe5, 0xe5, 0xe5, 0xe5, 0xe5, 
	0xe5, 0xe5, 0xe5, 0xe5, 0xe5, 0xe5, 0xe5, 0xe5, 
	0xe5, 0xe5, 0xe5, 0xe5, 0xe5, 0xe5, 0xe5, 0xe5, 
	0xe5, 0xe5, 0xe5, 0xe5, 0xe5, 0xe5, 0xe5, 0xe5, 
	0xe5, 0xe5, 0xe5, 0xe5, 0xe5, 0xe5, 0xe5, 0xe5, 
	0xe5, 0xe5, 0xe5, 0xe5, 0xe5, 0xe5, 0xe5, 0xe5, 
	0xe5, 0xe5, 0xe5, 0xe5, 0xe5, 0xe5, 0xe5, 0xe5, 
	0xe5, 0xe5, 0xe5, 0xe5, 0xe5, 0xe5, 0xe5, 0xe5, 
	0xe5, 0xe5, 0xe5, 0xe5, 0xe5, 0xe5, 0xe5, 0xe5, 
	0xe5, 0xe5, 0xe5, 0xe5, 0xe5, 0xe5, 0xe5, 0xe5, 
	0xe5, 0xe5, 0xe5, 0xe5, 0xe5, 0xe5, 0xe5, 0xe5, 
	0xe5, 0xe5, 0xe5, 0xe5, 0xe5, 0xe5, 0xe5, 0xe5, 
	0xe5, 0xe5, 0xe5, 0xe5, 0xe5, 0xe5, 0xe5, 0xe5, 
	0xe5, 0xe5, 0xe5, 0xe5, 0xe5, 0xe5, 0xe5, 0xe5, 
	0xe5, 0xe5, 0xe5, 0xe5, 0xe5, 0xe5, 0xe5, 0xe5, 
	0xe5, 0xe5, 0xe5, 0xe5, 0xe5, 0xe5, 0xe5, 0xe5, 
	0xe5, 0xe5, 0xe5, 0xe5, 0xe5, 0xe5, 0xe5, 0xe5, 
	0xa4, 0xa1, 0x73, 0x5d, 0x42, 0x59, 0x42, 0x59, 
	0x29, 0xd5, 0x29, 0xd5, 0x83, 0xdf, 0x5a, 0xdb, 
	0x42, 0x57, 0x42, 0x57, 0x21, 0x95, 0x5a, 0xdb, 
	0x21, 0x93, 0x21, 0x93, 0x3a, 0x15, 0x3a, 0x15, 
	0x73, 0x5d, 0x42, 0x57, 0x73, 0x5d, 0xa4, 0xa1, 
	0x09, 0x11, 0x3a, 0x17, 0x09, 0x11, 0x09, 0x11, 
	0x19, 0x53, 0x19, 0x53, 0x42, 0x57, 0x19, 0x53, 
	0x4a, 0x57, 0x11, 0x51, 0x11, 0x51, 0x7b, 0x9f, 
	0x52, 0xdb, 0x09, 0x11, 0x09, 0x11, 0x32, 0x15, 
	0x01, 0x0f, 0x01, 0x0f, 0x01, 0x0f, 0x01, 0x0f, 
	0x21, 0xd5, 0x63, 0x1b, 0x42, 0x57, 0x42, 0x57, 
	0xc5, 0x27, 0x4a, 0x99, 0x4a, 0x99, 0x4a, 0x99, 
	0x42, 0x59, 0x01, 0x0f, 0x19, 0x93, 0x2a, 0x15, 
	0x01, 0x0f, 0x01, 0x0f, 0x01, 0x0f, 0x01, 0x0f, 
	0x01, 0x11, 0x01, 0x11, 0x01, 0x11, 0x01, 0x11, 
	0x01, 0x11, 0x01, 0x11, 0x01, 0x11, 0x01, 0x11, 
	0x01, 0x0f, 0x01, 0x0f, 0x01, 0x0f, 0x01, 0x0f, 
	0x01, 0x11, 0x01, 0x11, 0x29, 0xd5, 0x73, 0x5d, 
	0x5a, 0xd9, 0xe5, 0xe7, 0xe5, 0xe7, 0xe5, 0xe7, 
	0xe5, 0xe7, 0xf6, 0xa9, 0xe5, 0xe7, 0xe5, 0xe7, 
	0xf6, 0x69, 0xdd, 0xa7, 0xf6, 0x69, 0xf6, 0x69, 
	0xf6, 0x69, 0xdd, 0xa5, 0xdd, 0xa5, 0xf6, 0x69, 
	0x8b, 0xdf, 0xc5, 0x65, 0x52, 0x99, 0x52, 0x99, 
	0xd5, 0xa7, 0x9c, 0x61, 0x63, 0x1b, 0xd5, 0xa7, 
	0xd5, 0xa5, 0x7b, 0x9d, 0x52, 0x99, 0x7b, 0x9d, 
	0xcd, 0xa5, 0xf6, 0xab, 0xf6, 0xab, 0xf6, 0xab, 
	0xe6, 0x27, 0xdd, 0xa5, 0xf6, 0x6b, 0xfe, 0xed, 
	0xe5, 0xe7, 0xbc, 0xa1, 0xe5, 0xe7, 0xfe, 0xab, 
	0xcd, 0x63, 0xd5, 0xa5, 0xe5, 0xe5, 0xe5, 0xe5, 
	0xe5, 0xe5, 0xe5, 0xe5, 0xe5, 0xe5, 0xe5, 0xe5, 
	0xe5, 0xe5, 0xe5, 0xe5, 0xe5, 0xe5, 0xe5, 0xe5, 
	0xe5, 0xe5, 0xe5, 0xe5, 0xe5, 0xe5, 0xe5, 0xe5, 
	0xe5, 0xe5, 0xe5, 0xe5, 0xe5, 0xe5, 0xe5, 0xe5, 
	0xe5, 0xe5, 0xe5, 0xe5, 0xe5, 0xe5, 0xe5, 0xe5, 
	0xe5, 0xe5, 0xe5, 0xe5, 0xe5, 0xe5, 0xe5, 0xe5, 
	0xe5, 0xe5, 0xe5, 0xe5, 0xe5, 0xe5, 0xe5, 0xe5, 
	0xe5, 0xe5, 0xe5, 0xe5, 0xe5, 0xe5, 0xe5, 0xe5, 
	0xe5, 0xe5, 0xe5, 0xe5, 0xe5, 0xe5, 0xe5, 0xe5, 
	0xe5, 0xe5, 0xe5, 0xe5, 0xe5, 0xe5, 0xe5, 0xe5, 
	0xe5, 0xe5, 0xe5, 0xe5, 0xe5, 0xe5, 0xe5, 0xe5, 
	0xe5, 0xe5, 0xe5, 0xe5, 0xe5, 0xe5, 0xe5, 0xe5, 
	0xe5, 0xe5, 0xe5, 0xe5, 0xe5, 0xe5, 0xe5, 0xe5, 
	0xe5, 0xe5, 0xe5, 0xe5, 0xe5, 0xe5, 0xe5, 0xe5, 
	0xe5, 0xe5, 0xe5, 0xe5, 0xe5, 0xe5, 0xe5, 0xe5, 
	0xe5, 0xe5, 0xe5, 0xe5, 0xe5, 0xe5, 0xe5, 0xe5, 
	0xe5, 0xe5, 0xe5, 0xe5, 0xe5, 0xe5, 0xe5, 0xe5, 
	0xe5, 0xe5, 0xe5, 0xe5, 0xe5, 0xe5, 0xe5, 0xe5, 
	0xe5, 0xe5, 0xe5, 0xe5, 0xe5, 0xe5, 0xe5, 0xe5, 
	0xe5, 0xe5, 0xe5, 0xe5, 0xe5, 0xe5, 0xe5, 0xe5, 
	0xe5, 0xe5, 0xe5, 0xe5, 0xe5, 0xe5, 0xe5, 0xe5, 
	0xe5, 0xe5, 0xe5, 0xe5, 0xe5, 0xe5, 0xe5, 0xe5, 
	0xe5, 0xe5, 0xe5, 0xe5, 0xe5, 0xe5, 0xe5, 0xe5, 
	0xe5, 0xe5, 0xe5, 0xe5, 0xe5, 0xe5, 0xe5, 0xe5, 
	0xe5, 0xe5, 0xe5, 0xe5, 0xe5, 0xe5, 0xe5, 0xe5, 
	0xe5, 0xe5, 0xe5, 0xe5, 0xe5, 0xe5, 0xe5, 0xe5, 
	0xe5, 0xe5, 0xe5, 0xe5, 0xe5, 0xe5, 0xe5, 0xe5, 
	0xe5, 0xe5, 0xe5, 0xe5, 0xe5, 0xe5, 0xe5, 0xe5, 
	0xe5, 0xe5, 0xe5, 0xe5, 0xe5, 0xe5, 0xe5, 0xe5, 
	0xe5, 0xe5, 0xe5, 0xe5, 0xe5, 0xe5, 0xe5, 0xe5, 
	0xe5, 0xe5, 0xe5, 0xe5, 0xe5, 0xe5, 0xe5, 0xe5, 
	0xe5, 0xe5, 0xe5, 0xe5, 0xe5, 0xe5, 0xe5, 0xe5, 
	0xe5, 0xe5, 0xe5, 0xe5, 0xe5, 0xe5, 0xe5, 0xe5, 
	0xe5, 0xe5, 0xe5, 0xe5, 0xe5, 0xe5, 0xe5, 0xe5, 
	0xe5, 0xe5, 0xe5, 0xe5, 0xe5, 0xe5, 0xc5, 0x23, 
	0xa4, 0xa1, 0x73, 0x5d, 0x42, 0x59, 0x42, 0x59, 
	0x5a, 0xdb, 0x29, 0xd5, 0x29, 0xd5, 0x5a, 0xdb, 
	0x42, 0x57, 0x21, 0x95, 0x42, 0x57, 0x5a, 0xdb, 
	0x3a, 0x15, 0x3a, 0x15, 0x5a, 0xd9, 0x21, 0x93, 
	0xa4, 0xa1, 0xa4, 0xa1, 0xd5, 0xa7, 0xd5, 0xa7, 
	0x6b, 0x5b, 0x3a, 0x17, 0x3a, 0x17, 0x3a, 0x17, 
	0x19, 0x53, 0x19, 0x53, 0x19, 0x53, 0x19, 0x53, 
	0x11, 0x51, 0x11, 0x51, 0x11, 0x51, 0x11, 0x51, 
	0x32, 0x15, 0x52, 0xdb, 0x7b, 0x9f, 0x32, 0x15, 
	0x01, 0x0f, 0x01, 0x0f, 0x01, 0x0f, 0x01, 0x0f, 
	0x21, 0xd5, 0x21, 0xd5, 0x42, 0x57, 0x42, 0x57, 
	0x8b, 0xdf, 0x11, 0x51, 0x11, 0x51, 0x11, 0x51, 
	0x2a, 0x15, 0x2a, 0x15, 0x2a, 0x15, 0x42, 0x59, 
	0x52, 0xd9, 0x19, 0x93, 0x52, 0xd9, 0x19, 0x93, 
	0x3a, 0x17, 0x3a, 0x17, 0x11, 0x53, 0x29, 0xd5, 
	0x32, 0x15, 0x32, 0x15, 0x19, 0x93, 0x19, 0x93, 
	0x01, 0x0f, 0x01, 0x0f, 0x01, 0x0f, 0x01, 0x0f, 
	0x01, 0x11, 0x01, 0x11, 0x29, 0xd5, 0x73, 0x5d, 
	0xe5, 0xe7, 0xe5, 0xe7, 0xe5, 0xe7, 0xe5, 0xe7, 
	0xf6, 0xa9, 0xf6, 0xa9, 0xee, 0x27, 0xdd, 0xa5, 
	0xee, 0x27, 0xee, 0x27, 0xf6, 0x69, 0xf6, 0x69, 
	0xf6, 0x69, 0xdd, 0xa5, 0xfe, 0xab, 0xfe, 0xab, 
	0xfe, 0xab, 0xfe, 0xab, 0x8b, 0xdf, 0xc5, 0x65, 
	0x63, 0x1b, 0x63, 0x1b, 0x29, 0xd5, 0x63, 0x1b, 
	0xac, 0xa1, 0xd5, 0xa5, 0xd5, 0xa5, 0xac, 0xa1, 
	0x7b, 0x5b, 0xa4, 0x61, 0xcd, 0xa5, 0xf6, 0xab, 
	0xfe, 0xed, 0xdd, 0xa5, 0xf6, 0x6b, 0xe6, 0x27, 
	0xd5, 0x65, 0xd5, 0x65, 0xd5, 0x65, 0xe5, 0xe7, 
	0xe5, 0xe5, 0xd5, 0xa5, 0xd5, 0xa5, 0xe5, 0xe5, 
	0xe5, 0xe5, 0xe5, 0xe5, 0xe5, 0xe5, 0xe5, 0xe5, 
	0xe5, 0xe5, 0xe5, 0xe5, 0xe5, 0xe5, 0xe5, 0xe5, 
	0xe5, 0xe5, 0xe5, 0xe5, 0xe5, 0xe5, 0xe5, 0xe5, 
	0xe5, 0xe5, 0xe5, 0xe5, 0xe5, 0xe5, 0xe5, 0xe5, 
	0xe5, 0xe5, 0xe5, 0xe5, 0xe5, 0xe5, 0xe5, 0xe5, 
	0xe5, 0xe5, 0xe5, 0xe5, 0xe5, 0xe5, 0xe5, 0xe5, 
	0xe5, 0xe5, 0xe5, 0xe5, 0xe5, 0xe5, 0xe5, 0xe5, 
	0xe5, 0xe5, 0xe5, 0xe5, 0xe5, 0xe5, 0xe5, 0xe5, 
	0xe5, 0xe5, 0xe5, 0xe5, 0xe5, 0xe5, 0xe5, 0xe5, 
	0xe5, 0xe5, 0xe5, 0xe5, 0xe5, 0xe5, 0xe5, 0xe5, 
	0xe5, 0xe5, 0xe5, 0xe5, 0xe5, 0xe5, 0xe5, 0xe5, 
	0xe5, 0xe5, 0xe5, 0xe5, 0xe5, 0xe5, 0xe5, 0xe5, 
	0xe5, 0xe5, 0xe5, 0xe5, 0xe5, 0xe5, 0xe5, 0xe5, 
	0xe5, 0xe5, 0xe5, 0xe5, 0xe5, 0xe5, 0xe5, 0xe5, 
	0xe5, 0xe5, 0xe5, 0xe5, 0xe5, 0xe5, 0xe5, 0xe5, 
	0xe5, 0xe5, 0xe5, 0xe5, 0xe5, 0xe5, 0xe5, 0xe5, 
	0xe5, 0xe5, 0xe5, 0xe5, 0xe5, 0xe5, 0xe5, 0xe5, 
	0xe5, 0xe5, 0xe5, 0xe5, 0xe5, 0xe5, 0xe5, 0xe5, 
	0xe5, 0xe5, 0xe5, 0xe5, 0xe5, 0xe5, 0xe5, 0xe5, 
	0xe5, 0xe5, 0xe5, 0xe5, 0xe5, 0xe5, 0xe5, 0xe5, 
	0xe5, 0xe5, 0xe5, 0xe5, 0xe5, 0xe5, 0xe5, 0xe5, 
	0xe5, 0xe5, 0xe5, 0xe5, 0xe5, 0xe5, 0xe5, 0xe5, 
	0xe5, 0xe5, 0xe5, 0xe5, 0xe5, 0xe5, 0xe5, 0xe5, 
	0xe5, 0xe5, 0xe5, 0xe5, 0xe5, 0xe5, 0xe5, 0xe5, 
	0xe5, 0xe5, 0xe5, 0xe5, 0xe5, 0xe5, 0xe5, 0xe5, 
	0xe5, 0xe5, 0xe5, 0xe5, 0xe5, 0xe5, 0xe5, 0xe5, 
	0xe5, 0xe5, 0xe5, 0xe5, 0xe5, 0xe5, 0xe5, 0xe5, 
	0xe5, 0xe5, 0xe5, 0xe5, 0xe5, 0xe5, 0xe5, 0xe5, 
	0xe5, 0xe5, 0xe5, 0xe5, 0xe5, 0xe5, 0xe5, 0xe5, 
	0xe5, 0xe5, 0xe5, 0xe5, 0xe5, 0xe5, 0xe5, 0xe5, 
	0xe5, 0xe5, 0xe5, 0xe5, 0xe5, 0xe5, 0xe5, 0xe5, 
	0xe5, 0xe5, 0xe5, 0xe5, 0xe5, 0xe5, 0xe5, 0xe5, 
	0xe5, 0xe5, 0xe5, 0xe5, 0xe5, 0xe5, 0xe5, 0xe5, 
	0xe5, 0xe5, 0xe5, 0xe5, 0xe5, 0xe5, 0xe5, 0xe5, 
	0xe5, 0xe5, 0xe5, 0xe5, 0xc5, 0x23, 0x83, 0x9f, 
	0x73, 0x5d, 0x73, 0x5d, 0x73, 0x5d, 0xa4, 0xa1, 
	0xb4, 0xe5, 0x29, 0xd5, 0x83, 0xdf, 0xb4, 0xe5, 
	0x7b, 0x9d, 0x7b, 0x9d, 0x42, 0x57, 0x21, 0x95, 
	0x3a, 0x15, 0x3a, 0x15, 0x73, 0x9b, 0x21, 0x93, 
	0x42, 0x57, 0x42, 0x57, 0x42, 0x57, 0x73, 0x5d, 
	0x3a, 0x17, 0x3a, 0x17, 0x3a, 0x17, 0x6b, 0x5b, 
	0x19, 0x53, 0x19, 0x53, 0x42, 0x57, 0x42, 0x57, 
	0x4a, 0x57, 0x4a, 0x57, 0x4a, 0x57, 0x4a, 0x57, 
	0x09, 0x11, 0x09, 0x11, 0x7b, 0x9f, 0x7b, 0x9f, 
	0x01, 0x0f, 0x01, 0x0f, 0x01, 0x0f, 0x09, 0x51, 
	0x21, 0xd5, 0x21, 0xd5, 0x01, 0x11, 0x21, 0xd5, 
	0x8b, 0xdf, 0x11, 0x51, 0x11, 0x51, 0x11, 0x51, 
	0x01, 0x0f, 0x01, 0x0f, 0x01, 0x0f, 0x01, 0x0f, 
	0x01, 0x0f, 0x01, 0x0f, 0x01, 0x0f, 0x01, 0x0f, 
	0x01, 0x11, 0x29, 0xd5, 0x11, 0x53, 0x11, 0x53, 
	0x19, 0x93, 0x4a, 0x97, 0x19, 0x93, 0x19, 0x93, 
	0x73, 0x5d, 0x73, 0x5d, 0x73, 0x5d, 0x29, 0xd3, 
	0x4a, 0x99, 0x4a, 0x99, 0x4a, 0x99, 0x73, 0x5d, 
	0x5a, 0xd9, 0xe5, 0xe7, 0xe5, 0xe7, 0xe5, 0xe7, 
	0xf6, 0xa9, 0xf6, 0xa9, 0xee, 0x27, 0xdd, 0xa5, 
	0xf6, 0x69, 0xdd, 0xa7, 0xee, 0x27, 0xd5, 0x65, 
	0xf6, 0x69, 0xdd, 0xa5, 0xfe, 0xab, 0xe5, 0xe7, 
	0xfe, 0xab, 0xc5, 0x65, 0x8b, 0xdf, 0xc5, 0x65, 
	0xd5, 0xa7, 0xd5, 0xa7, 0x29, 0xd5, 0x29, 0xd5, 
	0x7b, 0x9d, 0xac, 0xa1, 0xac, 0xa1, 0xac, 0xa1, 
	0x7b, 0x5b, 0xa4, 0x61, 0xa4, 0x61, 0xf6, 0xab, 
	0xfe, 0xed, 0xfe, 0xed, 0xe6, 0x27, 0xe6, 0x27, 
	0xe5, 0xe7, 0xe5, 0xe7, 0xfe, 0xab, 0xfe, 0xab, 
	0xd5, 0xa5, 0xee, 0x67, 0xcd, 0x63, 0xd5, 0xa5, 
	0xe5, 0xe5, 0xe5, 0xe5, 0xe5, 0xe5, 0xe5, 0xe5, 
	0xe5, 0xe5, 0xe5, 0xe5, 0xe5, 0xe5, 0xe5, 0xe5, 
	0xe5, 0xe5, 0xe5, 0xe5, 0xe5, 0xe5, 0xe5, 0xe5, 
	0xe5, 0xe5, 0xe5, 0xe5, 0xe5, 0xe5, 0xe5, 0xe5, 
	0xe5, 0xe5, 0xe5, 0xe5, 0xe5, 0xe5, 0xe5, 0xe5, 
	0xe5, 0xe5, 0xe5, 0xe5, 0xe5, 0xe5, 0xe5, 0xe5, 
	0xe5, 0xe5, 0xe5, 0xe5, 0xe5, 0xe5, 0xe5, 0xe5, 
	0xe5, 0xe5, 0xe5, 0xe5, 0xe5, 0xe5, 0xe5, 0xe5, 
	0xe5, 0xe5, 0xe5, 0xe5, 0xe5, 0xe5, 0xe5, 0xe5, 
	0xe5, 0xe5, 0xe5, 0xe5, 0xe5, 0xe5, 0xe5, 0xe5, 
	0xe5, 0xe5, 0xe5, 0xe5, 0xe5, 0xe5, 0xe5, 0xe5, 
	0xe5, 0xe5, 0xe5, 0xe5, 0xe5, 0xe5, 0xe5, 0xe5, 
	0xe5, 0xe5, 0xe5, 0xe5, 0xe5, 0xe5, 0xe5, 0xe5, 
	0xe5, 0xe5, 0xe5, 0xe5, 0xe5, 0xe5, 0xe5, 0xe5, 
	0xe5, 0xe5, 0xe5, 0xe5, 0xe5, 0xe5, 0xe5, 0xe5, 
	0xe5, 0xe5, 0xe5, 0xe5, 0xe5, 0xe5, 0xe5, 0xe5, 
	0xe5, 0xe5, 0xe5, 0xe5, 0xe5, 0xe5, 0xe5, 0xe5, 
	0xe5, 0xe5, 0xe5, 0xe5, 0xe5, 0xe5, 0xe5, 0xe5, 
	0xe5, 0xe5, 0xe5, 0xe5, 0xe5, 0xe5, 0xe5, 0xe5, 
	0xe5, 0xe5, 0xe5, 0xe5, 0xe5, 0xe5, 0xe5, 0xe5, 
	0xe5, 0xe5, 0xe5, 0xe5, 0xe5, 0xe5, 0xe5, 0xe5, 
	0xe5, 0xe5, 0xe5, 0xe5, 0xe5, 0xe5, 0xe5, 0xe5, 
	0xe5, 0xe5, 0xe5, 0xe5, 0xe5, 0xe5, 0xe5, 0xe5, 
	0xe5, 0xe5, 0xe5, 0xe5, 0xe5, 0xe5, 0xe5, 0xe5, 
	0xe5, 0xe5, 0xe5, 0xe5, 0xe5, 0xe5, 0xe5, 0xe5, 
	0xe5, 0xe5, 0xe5, 0xe5, 0xe5, 0xe5, 0xe5, 0xe5, 
	0xe5, 0xe5, 0xe5, 0xe5, 0xe5, 0xe5, 0xe5, 0xe5, 
	0xe5, 0xe5, 0xe5, 0xe5, 0xe5, 0xe5, 0xe5, 0xe5, 
	0xe5, 0xe5, 0xe5, 0xe5, 0xe5, 0xe5, 0xe5, 0xe5, 
	0xe5, 0xe5, 0xe5, 0xe5, 0xe5, 0xe5, 0xe5, 0xe5, 
	0xe5, 0xe5, 0xe5, 0xe5, 0xe5, 0xe5, 0xe5, 0xe5, 
	0xe5, 0xe5, 0xe5, 0xe5, 0xe5, 0xe5, 0xe5, 0xe5, 
	0xe5, 0xe5, 0xe5, 0xe5, 0xe5, 0xe5, 0xe5, 0xe5, 
	0xe5, 0xe5, 0xe5, 0xe5, 0xe5, 0xe5, 0xe5, 0xe5, 
	0xe5, 0xe5, 0xe5, 0xe5, 0xe5, 0xe5, 0x9c, 0x1f, 
	0x6b, 0x1b, 0xa4, 0xa1, 0x6b, 0x1b, 0x6b, 0x1b, 
	0x7b, 0x9d, 0x29, 0xd5, 0x29, 0xd5, 0x52, 0xd9, 
	0x8b, 0xdf, 0x8b, 0xdf, 0x8b, 0xdf, 0x29, 0xd5, 
	0x21, 0x93, 0xa4, 0xa1, 0xe6, 0x29, 0x21, 0x93, 
	0x11, 0x51, 0x11, 0x51, 0x11, 0x51, 0x11, 0x51, 
	0x29, 0xd5, 0x52, 0x99, 0x29, 0xd5, 0x29, 0xd5, 
	0x09, 0x11, 0x3a, 0x57, 0x6b, 0x5b, 0x09, 0x11, 
	0x01, 0x0f, 0x29, 0xd3, 0x29, 0xd3, 0x29, 0xd3, 
	0x09, 0x51, 0x09, 0x51, 0x63, 0x1b, 0x63, 0x1b, 
	0x09, 0x11, 0x09, 0x11, 0x09, 0x11, 0x21, 0x93, 
	0x7b, 0x9d, 0x7b, 0x9d, 0x7b, 0x9d, 0x32, 0x15, 
	0x73, 0x5d, 0x29, 0xd5, 0x29, 0xd5, 0x52, 0x99, 
	0x6b, 0x1b, 0x6b, 0x1b, 0x6b, 0x1b, 0x4a, 0x57, 
	0x21, 0xd5, 0x01, 0x11, 0x4a, 0x97, 0x21, 0xd5, 
	0x01, 0x0f, 0x01, 0x0f, 0x4a, 0x59, 0x21, 0xd3, 
	0x01, 0x11, 0x01, 0x11, 0x01, 0x11, 0x01, 0x11, 
	0x01, 0x0f, 0x01, 0x0f, 0x01, 0x0f, 0x01, 0x0f, 
	0x09, 0x11, 0x09, 0x11, 0x09, 0x11, 0x09, 0x11, 
	0x11, 0x53, 0x9c, 0x61, 0x9c, 0x61, 0xe5, 0xe7, 
	0xff, 0x2f, 0xf6, 0xed, 0xee, 0x27, 0xee, 0x27, 
	0xfe, 0xeb, 0xe5, 0xe7, 0xd5, 0x65, 0xd5, 0x65, 
	0xee, 0x27, 0xee, 0x27, 0xee, 0x27, 0xee, 0x27, 
	0xee, 0x29, 0xee, 0x29, 0xee, 0x29, 0xf6, 0x6b, 
	0xfe, 0xed, 0xfe, 0xed, 0xfe, 0xed, 0xbc, 0xdf, 
	0x6b, 0x5b, 0xac, 0xe3, 0x21, 0x95, 0xac, 0xe3, 
	0xac, 0xa3, 0xac, 0xa3, 0x73, 0x5b, 0xac, 0xa3, 
	0xdd, 0xe7, 0xdd, 0xe7, 0xa4, 0x5f, 0xb4, 0xe1, 
	0xdd, 0xe7, 0xdd, 0xe7, 0xdd, 0xe7, 0xdd, 0xe7, 
	0xfe, 0xab, 0xe6, 0x27, 0xd5, 0xa5, 0xe6, 0x27, 
	0xe5, 0xe5, 0xe5, 0xe5, 0xe5, 0xe5, 0xe5, 0xe5, 
	0xe5, 0xe5, 0xe5, 0xe5, 0xe5, 0xe5, 0xe5, 0xe5, 
	0xe5, 0xe5, 0xe5, 0xe5, 0xe5, 0xe5, 0xe5, 0xe5, 
	0xe5, 0xe5, 0xe5, 0xe5, 0xe5, 0xe5, 0xe5, 0xe5, 
	0xe5, 0xe5, 0xe5, 0xe5, 0xe5, 0xe5, 0xe5, 0xe5, 
	0xe5, 0xe5, 0xe5, 0xe5, 0xe5, 0xe5, 0xe5, 0xe5, 
	0xe5, 0xe5, 0xe5, 0xe5, 0xe5, 0xe5, 0xe5, 0xe5, 
	0xe5, 0xe5, 0xe5, 0xe5, 0xe5, 0xe5, 0xe5, 0xe5, 
	0xe5, 0xe5, 0xe5, 0xe5, 0xe5, 0xe5, 0xe5, 0xe5, 
	0xe5, 0xe5, 0xe5, 0xe5, 0xe5, 0xe5, 0xe5, 0xe5, 
	0xe5, 0xe5, 0xe5, 0xe5, 0xe5, 0xe5, 0xe5, 0xe5, 
	0xe5, 0xe5, 0xe5, 0xe5, 0xe5, 0xe5, 0xe5, 0xe5, 
	0xe5, 0xe5, 0xe5, 0xe5, 0xe5, 0xe5, 0xe5, 0xe5, 
	0xe5, 0xe5, 0xe5, 0xe5, 0xe5, 0xe5, 0xe5, 0xe5, 
	0xe5, 0xe5, 0xe5, 0xe5, 0xe5, 0xe5, 0xe5, 0xe5, 
	0xe5, 0xe5, 0xe5, 0xe5, 0xe5, 0xe5, 0xe5, 0xe5, 
	0xe5, 0xe5, 0xe5, 0xe5, 0xe5, 0xe5, 0xe5, 0xe5, 
	0xe5, 0xe5, 0xe5, 0xe5, 0xe5, 0xe5, 0xe5, 0xe5, 
	0xe5, 0xe5, 0xe5, 0xe5, 0xe5, 0xe5, 0xe5, 0xe5, 
	0xe5, 0xe5, 0xe5, 0xe5, 0xe5, 0xe5, 0xe5, 0xe5, 
	0xe5, 0xe5, 0xe5, 0xe5, 0xe5, 0xe5, 0xe5, 0xe5, 
	0xe5, 0xe5, 0xe5, 0xe5, 0xe5, 0xe5, 0xe5, 0xe5, 
	0xe5, 0xe5, 0xe5, 0xe5, 0xe5, 0xe5, 0xe5, 0xe5, 
	0xe5, 0xe5, 0xe5, 0xe5, 0xe5, 0xe5, 0xe5, 0xe5, 
	0xe5, 0xe5, 0xe5, 0xe5, 0xe5, 0xe5, 0xe5, 0xe5, 
	0xe5, 0xe5, 0xe5, 0xe5, 0xe5, 0xe5, 0xe5, 0xe5, 
	0xe5, 0xe5, 0xe5, 0xe5, 0xe5, 0xe5, 0xe5, 0xe5, 
	0xe5, 0xe5, 0xe5, 0xe5, 0xe5, 0xe5, 0xe5, 0xe5, 
	0xe5, 0xe5, 0xe5, 0xe5, 0xe5, 0xe5, 0xe5, 0xe5, 
	0xe5, 0xe5, 0xe5, 0xe5, 0xe5, 0xe5, 0xe5, 0xe5, 
	0xe5, 0xe5, 0xe5, 0xe5, 0xe5, 0xe5, 0xe5, 0xe5, 
	0xe5, 0xe5, 0xe5, 0xe5, 0xe5, 0xe5, 0xe5, 0xe5, 
	0xe5, 0xe5, 0xe5, 0xe5, 0xe5, 0xe5, 0xe5, 0xe5, 
	0xe5, 0xe5, 0xe5, 0xe5, 0xe5, 0xe5, 0xe5, 0xe5, 
	0xe5, 0xe5, 0xe5, 0xe5, 0x9c, 0x1f, 0x73, 0x5d, 
	0x6b, 0x1b, 0xa4, 0xa1, 0x4a, 0x57, 0x4a, 0x57, 
	0x29, 0xd5, 0x29, 0xd5, 0x7b, 0x9d, 0xa4, 0xa1, 
	0xbd, 0x25, 0x5a, 0xdb, 0x8b, 0xdf, 0x5a, 0xdb, 
	0x21, 0x93, 0x63, 0x1b, 0xe6, 0x29, 0xa4, 0xa1, 
	0x42, 0x57, 0x42, 0x57, 0x11, 0x51, 0x42, 0x57, 
	0x7b, 0x9d, 0x52, 0x99, 0xa4, 0x61, 0x29, 0xd5, 
	0x09, 0x11, 0x09, 0x11, 0x3a, 0x57, 0x09, 0x11, 
	0x01, 0x0f, 0x01, 0x0f, 0x01, 0x0f, 0x01, 0x0f, 
	0x09, 0x51, 0x09, 0x51, 0x09, 0x51, 0x09, 0x51, 
	0x09, 0x11, 0x09, 0x11, 0x09, 0x11, 0x09, 0x11, 
	0x11, 0x51, 0x11, 0x51, 0x11, 0x51, 0x5a, 0xd9, 
	0x29, 0xd5, 0x29, 0xd5, 0x09, 0x11, 0x09, 0x11, 
	0x09, 0x11, 0x09, 0x11, 0x29, 0xd5, 0x29, 0xd5, 
	0x4a, 0x97, 0x4a, 0x97, 0x21, 0xd5, 0x21, 0xd5, 
	0x4a, 0x59, 0x4a, 0x59, 0x6b, 0x1d, 0x6b, 0x1d, 
	0x73, 0x5d, 0x73, 0x5d, 0x29, 0xd5, 0x29, 0xd5, 
	0x01, 0x0f, 0x3a, 0x55, 0x3a, 0x55, 0x01, 0x0f, 
	0x09, 0x11, 0x09, 0x11, 0x09, 0x11, 0x42, 0x57, 
	0x11, 0x53, 0x5a, 0xd9, 0xe5, 0xe7, 0xe5, 0xe7, 
	0xff, 0x2f, 0xf6, 0xed, 0xee, 0x27, 0xee, 0x27, 
	0xee, 0x69, 0xee, 0x69, 0xe5, 0xe7, 0xe5, 0xe7, 
	0xee, 0x27, 0xee, 0x27, 0xee, 0x27, 0xee, 0x27, 
	0xf6, 0x6b, 0xdd, 0xe5, 0xe5, 0xe7, 0xf6, 0x6b, 
	0xd5, 0x63, 0xe6, 0x29, 0xe6, 0x29, 0xe6, 0x29, 
	0x6b, 0x5b, 0xf6, 0x69, 0x21, 0x95, 0xac, 0xe3, 
	0xac, 0xa3, 0x3a, 0x15, 0x3a, 0x15, 0xac, 0xa3, 
	0xdd, 0xe7, 0xb4, 0xe1, 0xcd, 0x65, 0xcd, 0x65, 
	0xdd, 0xe7, 0xdd, 0xe7, 0x5a, 0xd9, 0xdd, 0xe7, 
	0xfe, 0xab, 0xfe, 0xab, 0xe6, 0x27, 0xd5, 0xa5, 
	0xe5, 0xe5, 0xe5, 0xe5, 0xe5, 0xe5, 0xe5, 0xe5, 
	0xe5, 0xe5, 0xe5, 0xe5, 0xe5, 0xe5, 0xe5, 0xe5, 
	0xe5, 0xe5, 0xe5, 0xe5, 0xe5, 0xe5, 0xe5, 0xe5, 
	0xe5, 0xe5, 0xe5, 0xe5, 0xe5, 0xe5, 0xe5, 0xe5, 
	0xe5, 0xe5, 0xe5, 0xe5, 0xe5, 0xe5, 0xe5, 0xe5, 
	0xe5, 0xe5, 0xe5, 0xe5, 0xe5, 0xe5, 0xe5, 0xe5, 
	0xe5, 0xe5, 0xe5, 0xe5, 0xe5, 0xe5, 0xe5, 0xe5, 
	0xe5, 0xe5, 0xe5, 0xe5, 0xe5, 0xe5, 0xe5, 0xe5, 
	0xe5, 0xe5, 0xe5, 0xe5, 0xe5, 0xe5, 0xe5, 0xe5, 
	0xe5, 0xe5, 0xe5, 0xe5, 0xe5, 0xe5, 0xe5, 0xe5, 
	0xe5, 0xe5, 0xe5, 0xe5, 0xe5, 0xe5, 0xe5, 0xe5, 
	0xe5, 0xe5, 0xe5, 0xe5, 0xe5, 0xe5, 0xe5, 0xe5, 
	0xe5, 0xe5, 0xe5, 0xe5, 0xe5, 0xe5, 0xe5, 0xe5, 
	0xe5, 0xe5, 0xe5, 0xe5, 0xe5, 0xe5, 0xe5, 0xe5, 
	0xe5, 0xe5, 0xe5, 0xe5, 0xe5, 0xe5, 0xe5, 0xe5, 
	0xe5, 0xe5, 0xe5, 0xe5, 0xe5, 0xe5, 0xe5, 0xe5, 
	0xe5, 0xe5, 0xe5, 0xe5, 0xe5, 0xe5, 0xe5, 0xe5, 
	0xe5, 0xe5, 0xe5, 0xe5, 0xe5, 0xe5, 0xe5, 0xe5, 
	0xe5, 0xe5, 0xe5, 0xe5, 0xe5, 0xe5, 0xe5, 0xe5, 
	0xe5, 0xe5, 0xe5, 0xe5, 0xe5, 0xe5, 0xe5, 0xe5, 
	0xe5, 0xe5, 0xe5, 0xe5, 0xe5, 0xe5, 0xe5, 0xe5, 
	0xe5, 0xe5, 0xe5, 0xe5, 0xe5, 0xe5, 0xe5, 0xe5, 
	0xe5, 0xe5, 0xe5, 0xe5, 0xe5, 0xe5, 0xe5, 0xe5, 
	0xe5, 0xe5, 0xe5, 0xe5, 0xe5, 0xe5, 0xe5, 0xe5, 
	0xe5, 0xe5, 0xe5, 0xe5, 0xe5, 0xe5, 0xe5, 0xe5, 
	0xe5, 0xe5, 0xe5, 0xe5, 0xe5, 0xe5, 0xe5, 0xe5, 
	0xe5, 0xe5, 0xe5, 0xe5, 0xe5, 0xe5, 0xe5, 0xe5, 
	0xe5, 0xe5, 0xe5, 0xe5, 0xe5, 0xe5, 0xe5, 0xe5, 
	0xe5, 0xe5, 0xe5, 0xe5, 0xe5, 0xe5, 0xe5, 0xe5, 
	0xe5, 0xe5, 0xe5, 0xe5, 0xe5, 0xe5, 0xe5, 0xe5, 
	0xe5, 0xe5, 0xe5, 0xe5, 0xe5, 0xe5, 0xe5, 0xe5, 
	0xe5, 0xe5, 0xe5, 0xe5, 0xe5, 0xe5, 0xe5, 0xe5, 
	0xe5, 0xe5, 0xe5, 0xe5, 0xe5, 0xe5, 0xe5, 0xe5, 
	0xe5, 0xe5, 0xe5, 0xe5, 0xe5, 0xe5, 0xe5, 0xe5, 
	0xe5, 0xe5, 0xe5, 0xe5, 0x9c, 0x1f, 0x73, 0x5d, 
	0x4a, 0x57, 0x4a, 0x57, 0x4a, 0x57, 0x4a, 0x57, 
	0x7b, 0x9d, 0x29, 0xd5, 0x29, 0xd5, 0x52, 0xd9, 
	0x5a, 0xdb, 0x29, 0xd5, 0x29, 0xd5, 0x29, 0xd5, 
	0x63, 0x1b, 0x63, 0x1b, 0x63, 0x1b, 0x63, 0x1b, 
	0xa4, 0x61, 0xa4, 0x61, 0x73, 0x5b, 0x73, 0x5b, 
	0x7b, 0x9d, 0x7b, 0x9d, 0xa4, 0x61, 0xa4, 0x61, 
	0x09, 0x11, 0x09, 0x11, 0x6b, 0x5b, 0x9c, 0x61, 
	0x4a, 0x97, 0x4a, 0x97, 0x73, 0x5b, 0x4a, 0x97, 
	0x09, 0x51, 0xbc, 0xe3, 0x63, 0x1b, 0x63, 0x1b, 
	0x09, 0x11, 0x09, 0x11, 0x09, 0x11, 0x21, 0x93, 
	0x11, 0x51, 0x11, 0x51, 0x11, 0x51, 0x7b, 0x9d, 
	0x52, 0x99, 0x52, 0x99, 0x29, 0xd5, 0x29, 0xd5, 
	0x09, 0x11, 0x29, 0xd5, 0x09, 0x11, 0x09, 0x11, 
	0x01, 0x11, 0x01, 0x11, 0x01, 0x11, 0x01, 0x11, 
	0x01, 0x0f, 0x01, 0x0f, 0x01, 0x0f, 0x01, 0x0f, 
	0x01, 0x11, 0x29, 0xd5, 0x29, 0xd5, 0x29, 0xd5, 
	0x3a, 0x55, 0x52, 0xd9, 0x3a, 0x55, 0x52, 0xd9, 
	0x42, 0x57, 0x42, 0x57, 0x5b, 0x1b, 0x5b, 0x1b, 
	0xe5, 0xe7, 0x5a, 0xd9, 0xe5, 0xe7, 0xe5, 0xe7, 
	0xf6, 0x69, 0xf6, 0x69, 0xee, 0x27, 0xf6, 0x69, 
	0xe5, 0xe7, 0xfe, 0xeb, 0xfe, 0xeb, 0xfe, 0xeb, 
	0xe5, 0xe5, 0xee, 0x27, 0xee, 0x27, 0xe5, 0xe5, 
	0xf6, 0x6b, 0xee, 0x29, 0xdd, 0xe5, 0xdd, 0xe5, 
	0xd5, 0x63, 0xd5, 0x63, 0xd5, 0x63, 0xe6, 0x29, 
	0xf6, 0x69, 0xf6, 0x69, 0x6b, 0x5b, 0xac, 0xe3, 
	0xe5, 0xe9, 0x3a, 0x15, 0x3a, 0x15, 0xac, 0xa3, 
	0xa4, 0x5f, 0xcd, 0x65, 0xdd, 0xe7, 0xa4, 0x5f, 
	0x83, 0xdd, 0xdd, 0xe7, 0x83, 0xdd, 0xdd, 0xe7, 
	0xfe, 0xab, 0xe6, 0x27, 0xd5, 0xa5, 0xbc, 0xe1, 
	0xb4, 0xe1, 0xe5, 0xe5, 0xe5, 0xe5, 0xe5, 0xe5, 
	0xe5, 0xe5, 0xe5, 0xe5, 0xe5, 0xe5, 0xe5, 0xe5, 
	0xe5, 0xe5, 0xe5, 0xe5, 0xe5, 0xe5, 0xe5, 0xe5, 
	0xe5, 0xe5, 0xe5, 0xe5, 0xe5, 0xe5, 0xe5, 0xe5, 
	0xe5, 0xe5, 0xe5, 0xe5, 0xe5, 0xe5, 0xe5, 0xe5, 
	0xe5, 0xe5, 0xe5, 0xe5, 0xe5, 0xe5, 0xe5, 0xe5, 
	0xe5, 0xe5, 0xe5, 0xe5, 0xe5, 0xe5, 0xe5, 0xe5, 
	0xe5, 0xe5, 0xe5, 0xe5, 0xe5, 0xe5, 0xe5, 0xe5, 
	0xe5, 0xe5, 0xe5, 0xe5, 0xe5, 0xe5, 0xe5, 0xe5, 
	0xe5, 0xe5, 0xe5, 0xe5, 0xe5, 0xe5, 0xe5, 0xe5, 
	0xe5, 0xe5, 0xe5, 0xe5, 0xe5, 0xe5, 0xe5, 0xe5, 
	0xe5, 0xe5, 0xe5, 0xe5, 0xe5, 0xe5, 0xe5, 0xe5, 
	0xe5, 0xe5, 0xe5, 0xe5, 0xe5, 0xe5, 0xe5, 0xe5, 
	0xe5, 0xe5, 0xe5, 0xe5, 0xe5, 0xe5, 0xe5, 0xe5, 
	0xe5, 0xe5, 0xe5, 0xe5, 0xe5, 0xe5, 0xe5, 0xe5, 
	0xe5, 0xe5, 0xe5, 0xe5, 0xe5, 0xe5, 0xe5, 0xe5, 
	0xe5, 0xe5, 0xe5, 0xe5, 0xe5, 0xe5, 0xe5, 0xe5, 
	0xe5, 0xe5, 0xe5, 0xe5, 0xe5, 0xe5, 0xe5, 0xe5, 
	0xe5, 0xe5, 0xe5, 0xe5, 0xe5, 0xe5, 0xe5, 0xe5, 
	0xe5, 0xe5, 0xe5, 0xe5, 0xe5, 0xe5, 0xe5, 0xe5, 
	0xe5, 0xe5, 0xe5, 0xe5, 0xe5, 0xe5, 0xe5, 0xe5, 
	0xe5, 0xe5, 0xe5, 0xe5, 0xe5, 0xe5, 0xe5, 0xe5, 
	0xe5, 0xe5, 0xe5, 0xe5, 0xe5, 0xe5, 0xe5, 0xe5, 
	0xe5, 0xe5, 0xe5, 0xe5, 0xe5, 0xe5, 0xe5, 0xe5, 
	0xe5, 0xe5, 0xe5, 0xe5, 0xe5, 0xe5, 0xe5, 0xe5, 
	0xe5, 0xe5, 0xe5, 0xe5, 0xe5, 0xe5, 0xe5, 0xe5, 
	0xe5, 0xe5, 0xe5, 0xe5, 0xe5, 0xe5, 0xe5, 0xe5, 
	0xe5, 0xe5, 0xe5, 0xe5, 0xe5, 0xe5, 0xe5, 0xe5, 
	0xe5, 0xe5, 0xe5, 0xe5, 0xe5, 0xe5, 0xe5, 0xe5, 
	0xe5, 0xe5, 0xe5, 0xe5, 0xe5, 0xe5, 0xe5, 0xe5, 
	0xe5, 0xe5, 0xe5, 0xe5, 0xe5, 0xe5, 0xe5, 0xe5, 
	0xe5, 0xe5, 0xe5, 0xe5, 0xe5, 0xe5, 0xe5, 0xe5, 
	0xe5, 0xe5, 0xe5, 0xe5, 0xe5, 0xe5, 0xe5, 0xe5, 
	0xe5, 0xe5, 0xe5, 0xe5, 0xe5, 0xe5, 0xe5, 0xe5, 
	0xe5, 0xe5, 0xbc, 0xe3, 0x9c, 0x1f, 0x73, 0x5d, 
	0x4a, 0x57, 0x4a, 0x57, 0x83, 0xdd, 0xa4, 0xa1, 
	0x7b, 0x9d, 0x7b, 0x9d, 0x7b, 0x9d, 0xa4, 0xa1, 
	0xbd, 0x25, 0x29, 0xd5, 0x29, 0xd5, 0x29, 0xd5, 
	0x21, 0x93, 0x21, 0x93, 0x63, 0x1b, 0x63, 0x1b, 
	0x11, 0x51, 0x42, 0x57, 0x42, 0x57, 0xa4, 0x61, 
	0x52, 0x99, 0x52, 0x99, 0xa4, 0x61, 0x52, 0x99, 
	0x9c, 0x61, 0x09, 0x11, 0x3a, 0x57, 0x6b, 0x5b, 
	0x4a, 0x97, 0x4a, 0x97, 0x73, 0x5b, 0x4a, 0x97, 
	0x09, 0x51, 0xbc, 0xe3, 0xbc, 0xe3, 0xbc, 0xe3, 
	0x52, 0xd9, 0x09, 0x11, 0x09, 0x11, 0x52, 0xd9, 
	0x11, 0x51, 0x32, 0x15, 0x11, 0x51, 0x11, 0x51, 
	0x52, 0x99, 0x73, 0x5d, 0x73, 0x5d, 0x73, 0x5d, 
	0x29, 0xd5, 0x6b, 0x1b, 0x6b, 0x1b, 0x6b, 0x1b, 
	0x6b, 0x5b, 0x6b, 0x5b, 0x6b, 0x5b, 0x6b, 0x5b, 
	0x21, 0xd3, 0x01, 0x0f, 0x01, 0x0f, 0x4a, 0x59, 
	0x4a, 0x99, 0x29, 0xd5, 0x01, 0x11, 0x01, 0x11, 
	0x01, 0x0f, 0x01, 0x0f, 0x01, 0x0f, 0x01, 0x0f, 
	0x09, 0x11, 0x09, 0x11, 0x09, 0x11, 0x09, 0x11, 
	0x9c, 0x61, 0x5a, 0xd9, 0x9c, 0x61, 0x9c, 0x61, 
	0xf6, 0x69, 0xf6, 0x69, 0xf6, 0xed, 0xee, 0x27, 
	0xee, 0x69, 0xfe, 0xeb, 0xfe, 0xeb, 0xe5, 0xe7, 
	0xf6, 0x69, 0xf6, 0x69, 0xfe, 0xab, 0xee, 0x27, 
	0xe5, 0xe7, 0xe5, 0xe7, 0xdd, 0xe5, 0xdd, 0xe5, 
	0xd5, 0x63, 0xd5, 0x63, 0xbc, 0xdf, 0xe6, 0x29, 
	0xf6, 0x69, 0xf6, 0x69, 0x6b, 0x5b, 0x6b, 0x5b, 
	0xe5, 0xe9, 0xac, 0xa3, 0x3a, 0x15, 0xac, 0xa3, 
	0xdd, 0xe7, 0xcd, 0x65, 0xdd, 0xe7, 0xa4, 0x5f, 
	0x5a, 0xd9, 0xdd, 0xe7, 0x83, 0xdd, 0xb4, 0xe3, 
	0xfe, 0xab, 0xd5, 0xa5, 0xfe, 0xab, 0xd5, 0xa5, 
	0xe5, 0xe5, 0xe5, 0xe5, 0xe5, 0xe5, 0xe5, 0xe5, 
	0xe5, 0xe5, 0xe5, 0xe5, 0xe5, 0xe5, 0xe5, 0xe5, 
	0xe5, 0xe5, 0xe5, 0xe5, 0xe5, 0xe5, 0xe5, 0xe5, 
	0xe5, 0xe5, 0xe5, 0xe5, 0xe5, 0xe5, 0xe5, 0xe5, 
	0xe5, 0xe5, 0xe5, 0xe5, 0xe5, 0xe5, 0xe5, 0xe5, 
	0xe5, 0xe5, 0xe5, 0xe5, 0xe5, 0xe5, 0xe5, 0xe5, 
	0xe5, 0xe5, 0xe5, 0xe5, 0xe5, 0xe5, 0xe5, 0xe5, 
	0xe5, 0xe5, 0xe5, 0xe5, 0xe5, 0xe5, 0xe5, 0xe5, 
	0xe5, 0xe5, 0xe5, 0xe5, 0xe5, 0xe5, 0xe5, 0xe5, 
	0xe5, 0xe5, 0xe5, 0xe5, 0xe5, 0xe5, 0xe5, 0xe5, 
	0xe5, 0xe5, 0xe5, 0xe5, 0xe5, 0xe5, 0xe5, 0xe5, 
	0xe5, 0xe5, 0xe5, 0xe5, 0xe5, 0xe5, 0xe5, 0xe5, 
	0xe5, 0xe5, 0xe5, 0xe5, 0xe5, 0xe5, 0xe5, 0xe5, 
	0xe5, 0xe5, 0xe5, 0xe5, 0xe5, 0xe5, 0xe5, 0xe5, 
	0xe5, 0xe5, 0xe5, 0xe5, 0xe5, 0xe5, 0xe5, 0xe5, 
	0xe5, 0xe5, 0xe5, 0xe5, 0xe5, 0xe5, 0xe5, 0xe5, 
	0xe5, 0xe5, 0xe5, 0xe5, 0xe5, 0xe5, 0xe5, 0xe5, 
	0xe5, 0xe5, 0xe5, 0xe5, 0xe5, 0xe5, 0xe5, 0xe5, 
	0xe5, 0xe5, 0xe5, 0xe5, 0xe5, 0xe5, 0xe5, 0xe5, 
	0xe5, 0xe5, 0xe5, 0xe5, 0xe5, 0xe5, 0xe5, 0xe5, 
	0xe5, 0xe5, 0xe5, 0xe5, 0xe5, 0xe5, 0xe5, 0xe5, 
	0xe5, 0xe5, 0xe5, 0xe5, 0xe5, 0xe5, 0xe5, 0xe5, 
	0xe5, 0xe5, 0xe5, 0xe5, 0xe5, 0xe5, 0xe5, 0xe5, 
	0xe5, 0xe5, 0xe5, 0xe5, 0xe5, 0xe5, 0xe5, 0xe5, 
	0xe5, 0xe5, 0xe5, 0xe5, 0xe5, 0xe5, 0xe5, 0xe5, 
	0xe5, 0xe5, 0xe5, 0xe5, 0xe5, 0xe5, 0xe5, 0xe5, 
	0xe5, 0xe5, 0xe5, 0xe5, 0xe5, 0xe5, 0xe5, 0xe5, 
	0xe5, 0xe5, 0xe5, 0xe5, 0xe5, 0xe5, 0xe5, 0xe5, 
	0xe5, 0xe5, 0xe5, 0xe5, 0xe5, 0xe5, 0xe5, 0xe5, 
	0xe5, 0xe5, 0xe5, 0xe5, 0xe5, 0xe5, 0xe5, 0xe5, 
	0xe5, 0xe5, 0xe5, 0xe5, 0xe5, 0xe5, 0xe5, 0xe5, 
	0xe5, 0xe5, 0xe5, 0xe5, 0xe5, 0xe5, 0xe5, 0xe5, 
	0xe5, 0xe5, 0xe5, 0xe5, 0xe5, 0xe5, 0xe5, 0xe5, 
	0xdd, 0xe5, 0xdd, 0xe5, 0xdd, 0xe5, 0xdd, 0xe5, 
	0xd5, 0xa5, 0xa4, 0x61, 0x73, 0x5b, 0x42, 0x17, 
	0x31, 0xd5, 0x31, 0xd5, 0x31, 0xd5, 0x31, 0xd5, 
	0x29, 0xd5, 0x29, 0xd5, 0x29, 0xd5, 0x29, 0xd5, 
	0x6b, 0x5b, 0x6b, 0x5b, 0x11, 0x53, 0x6b, 0x5b, 
	0x7b, 0x9d, 0x11, 0x53, 0xac, 0xa3, 0xac, 0xa3, 
	0x4a, 0x97, 0x4a, 0x97, 0x4a, 0x97, 0xa4, 0x61, 
	0x5b, 0x1b, 0x29, 0xd5, 0x5b, 0x1b, 0x5b, 0x1b, 
	0x73, 0x5d, 0x42, 0x57, 0x42, 0x57, 0x42, 0x57, 
	0x3a, 0x57, 0x09, 0x11, 0x09, 0x11, 0x09, 0x11, 
	0x21, 0xd3, 0x09, 0x11, 0x09, 0x11, 0x21, 0xd3, 
	0x32, 0x15, 0x32, 0x15, 0x09, 0x11, 0x09, 0x11, 
	0x09, 0x11, 0x21, 0x93, 0x09, 0x11, 0x09, 0x11, 
	0x09, 0x11, 0x09, 0x11, 0x09, 0x11, 0x09, 0x11, 
	0x01, 0x11, 0x01, 0x11, 0x01, 0x11, 0x01, 0x11, 
	0x01, 0x0f, 0x52, 0x99, 0x3a, 0x15, 0x3a, 0x15, 
	0x29, 0xd5, 0x52, 0x99, 0x29, 0xd5, 0x52, 0x99, 
	0x63, 0x1b, 0x63, 0x1b, 0x63, 0x1b, 0x63, 0x1b, 
	0x6b, 0x1b, 0x4a, 0x97, 0x21, 0xd5, 0x21, 0xd5, 
	0x3a, 0x57, 0x21, 0x93, 0x09, 0x11, 0x21, 0x93, 
	0x73, 0x5d, 0x3a, 0x17, 0x73, 0x5d, 0xb4, 0xe3, 
	0xe5, 0xe7, 0xfe, 0xab, 0xfe, 0xab, 0xe5, 0xe7, 
	0xf6, 0xab, 0xf6, 0xab, 0xf6, 0xab, 0xee, 0x27, 
	0xfe, 0xeb, 0xfe, 0xeb, 0xee, 0x29, 0xee, 0x29, 
	0xe5, 0xe7, 0xcd, 0x63, 0xe5, 0xe7, 0xe5, 0xe7, 
	0xe5, 0xe7, 0xe5, 0xe7, 0xbc, 0xe1, 0xe5, 0xe7, 
	0xe5, 0xe7, 0xf6, 0x69, 0xfe, 0xeb, 0xf6, 0x69, 
	0xe6, 0x27, 0xe6, 0x27, 0x09, 0x11, 0x52, 0x99, 
	0xbd, 0x23, 0x8c, 0x1f, 0x8c, 0x1f, 0x62, 0xd9, 
	0x29, 0xd3, 0xee, 0x69, 0xee, 0x69, 0xee, 0x69, 
	0xfe, 0xed, 0xee, 0x29, 0xee, 0x29, 0xee, 0x29, 
	0xe5, 0xe5, 0xe5, 0xe5, 0xe5, 0xe5, 0xe5, 0xe5, 
	0xe5, 0xe5, 0xe5, 0xe5, 0xe5, 0xe5, 0xe5, 0xe5, 
	0xe5, 0xe5, 0xe5, 0xe5, 0xe5, 0xe5, 0xe5, 0xe5, 
	0xe5, 0xe5, 0xe5, 0xe5, 0xe5, 0xe5, 0xe5, 0xe5, 
	0xe5, 0xe5, 0xe5, 0xe5, 0xe5, 0xe5, 0xe5, 0xe5, 
	0xe5, 0xe5, 0xe5, 0xe5, 0xe5, 0xe5, 0xe5, 0xe5, 
	0xe5, 0xe5, 0xe5, 0xe5, 0xe5, 0xe5, 0xe5, 0xe5, 
	0xe5, 0xe5, 0xe5, 0xe5, 0xe5, 0xe5, 0xe5, 0xe5, 
	0xe5, 0xe5, 0xe5, 0xe5, 0xe5, 0xe5, 0xe5, 0xe5, 
	0xe5, 0xe5, 0xe5, 0xe5, 0xe5, 0xe5, 0xe5, 0xe5, 
	0xe5, 0xe5, 0xe5, 0xe5, 0xe5, 0xe5, 0xe5, 0xe5, 
	0xe5, 0xe5, 0xe5, 0xe5, 0xe5, 0xe5, 0xe5, 0xe5, 
	0xe5, 0xe5, 0xe5, 0xe5, 0xe5, 0xe5, 0xe5, 0xe5, 
	0xe5, 0xe5, 0xe5, 0xe5, 0xe5, 0xe5, 0xe5, 0xe5, 
	0xe5, 0xe5, 0xe5, 0xe5, 0xe5, 0xe5, 0xe5, 0xe5, 
	0xe5, 0xe5, 0xe5, 0xe5, 0xe5, 0xe5, 0xe5, 0xe5, 
	0xe5, 0xe5, 0xe5, 0xe5, 0xe5, 0xe5, 0xe5, 0xe5, 
	0xe5, 0xe5, 0xe5, 0xe5, 0xe5, 0xe5, 0xe5, 0xe5, 
	0xe5, 0xe5, 0xe5, 0xe5, 0xe5, 0xe5, 0xe5, 0xe5, 
	0xe5, 0xe5, 0xe5, 0xe5, 0xe5, 0xe5, 0xe5, 0xe5, 
	0xe5, 0xe5, 0xe5, 0xe5, 0xe5, 0xe5, 0xe5, 0xe5, 
	0xe5, 0xe5, 0xe5, 0xe5, 0xe5, 0xe5, 0xe5, 0xe5, 
	0xe5, 0xe5, 0xe5, 0xe5, 0xe5, 0xe5, 0xe5, 0xe5, 
	0xe5, 0xe5, 0xe5, 0xe5, 0xe5, 0xe5, 0xe5, 0xe5, 
	0xe5, 0xe5, 0xe5, 0xe5, 0xe5, 0xe5, 0xe5, 0xe5, 
	0xe5, 0xe5, 0xe5, 0xe5, 0xe5, 0xe5, 0xe5, 0xe5, 
	0xe5, 0xe5, 0xe5, 0xe5, 0xe5, 0xe5, 0xe5, 0xe5, 
	0xe5, 0xe5, 0xe5, 0xe5, 0xe5, 0xe5, 0xe5, 0xe5, 
	0xe5, 0xe5, 0xe5, 0xe5, 0xe5, 0xe5, 0xe5, 0xe5, 
	0xe5, 0xe5, 0xe5, 0xe5, 0xe5, 0xe5, 0xe5, 0xe5, 
	0xe5, 0xe5, 0xe5, 0xe5, 0xe5, 0xe5, 0xe5, 0xe5, 
	0xe5, 0xe5, 0xe5, 0xe5, 0xe5, 0xe5, 0xe5, 0xe5, 
	0xe5, 0xe5, 0xe5, 0xe5, 0xe5, 0xe5, 0xe5, 0xe5, 
	0xdd, 0xe5, 0xdd, 0xe5, 0xac, 0xa1, 0xac, 0xa1, 
	0xa4, 0x61, 0x73, 0x5b, 0x42, 0x17, 0x42, 0x17, 
	0x31, 0xd5, 0x31, 0xd5, 0x31, 0xd5, 0x63, 0x1b, 
	0xb4, 0xe3, 0x83, 0xdf, 0x5a, 0xd9, 0x29, 0xd5, 
	0x6b, 0x5b, 0x6b, 0x5b, 0x11, 0x53, 0x11, 0x53, 
	0x7b, 0x9d, 0x11, 0x53, 0x11, 0x53, 0x42, 0x99, 
	0x19, 0x93, 0x73, 0x5d, 0x4a, 0x97, 0x4a, 0x97, 
	0x5b, 0x1b, 0x29, 0xd5, 0x5b, 0x1b, 0x94, 0x1f, 
	0x42, 0x57, 0x09, 0x51, 0x73, 0x5d, 0xac, 0xa3, 
	0x9c, 0x61, 0x9c, 0x61, 0x6b, 0x5b, 0x09, 0x11, 
	0x09, 0x11, 0x09, 0x11, 0x09, 0x11, 0x21, 0xd3, 
	0x09, 0x11, 0x09, 0x11, 0x09, 0x11, 0x09, 0x11, 
	0x09, 0x11, 0x4a, 0x99, 0x4a, 0x99, 0x4a, 0x99, 
	0x6b, 0x5b, 0x29, 0xd5, 0x09, 0x11, 0x09, 0x11, 
	0x01, 0x11, 0x01, 0x11, 0x01, 0x11, 0x01, 0x11, 
	0x01, 0x0f, 0x01, 0x0f, 0x01, 0x0f, 0x01, 0x0f, 
	0x09, 0x11, 0x09, 0x11, 0x09, 0x11, 0x09, 0x11, 
	0x09, 0x11, 0x09, 0x11, 0x09, 0x11, 0x09, 0x11, 
	0x21, 0xd5, 0x21, 0xd5, 0x21, 0xd5, 0x21, 0xd5, 
	0x52, 0xd9, 0x3a, 0x57, 0x21, 0x93, 0x3a, 0x57, 
	0x73, 0x5d, 0x73, 0x5d, 0x73, 0x5d, 0xee, 0x29, 
	0xe5, 0xe7, 0xfe, 0xab, 0xfe, 0xab, 0xfe, 0xab, 
	0xff, 0x2d, 0xff, 0x2d, 0xf6, 0xab, 0xe5, 0xa5, 
	0xfe, 0xeb, 0xfe, 0xeb, 0xee, 0x29, 0xee, 0x29, 
	0xfe, 0xa9, 0xfe, 0xa9, 0xe5, 0xe7, 0xe5, 0xe7, 
	0xfe, 0xa9, 0xe5, 0xe7, 0xe5, 0xe7, 0xe5, 0xe7, 
	0xdd, 0xa5, 0xe5, 0xe7, 0xfe, 0xeb, 0xfe, 0xeb, 
	0xe6, 0x27, 0xe6, 0x27, 0x09, 0x11, 0x09, 0x11, 
	0x62, 0xd9, 0x8c, 0x1f, 0x8c, 0x1f, 0x8c, 0x1f, 
	0x29, 0xd3, 0xee, 0x69, 0xee, 0x69, 0xee, 0x69, 
	0xfe, 0xed, 0xee, 0x29, 0xee, 0x29, 0xfe, 0xed, 
	0xe5, 0xe5, 0xe5, 0xe5, 0xe5, 0xe5, 0xe5, 0xe5, 
	0xe5, 0xe5, 0xe5, 0xe5, 0xe5, 0xe5, 0xe5, 0xe5, 
	0xe5, 0xe5, 0xe5, 0xe5, 0xe5, 0xe5, 0xe5, 0xe5, 
	0xe5, 0xe5, 0xe5, 0xe5, 0xe5, 0xe5, 0xe5, 0xe5, 
	0xe5, 0xe5, 0xe5, 0xe5, 0xe5, 0xe5, 0xe5, 0xe5, 
	0xe5, 0xe5, 0xe5, 0xe5, 0xe5, 0xe5, 0xe5, 0xe5, 
	0xe5, 0xe5, 0xe5, 0xe5, 0xe5, 0xe5, 0xe5, 0xe5, 
	0xe5, 0xe5, 0xe5, 0xe5, 0xe5, 0xe5, 0xe5, 0xe5, 
	0xe5, 0xe5, 0xe5, 0xe5, 0xe5, 0xe5, 0xe5, 0xe5, 
	0xe5, 0xe5, 0xe5, 0xe5, 0xe5, 0xe5, 0xe5, 0xe5, 
	0xe5, 0xe5, 0xe5, 0xe5, 0xe5, 0xe5, 0xe5, 0xe5, 
	0xe5, 0xe5, 0xe5, 0xe5, 0xe5, 0xe5, 0xe5, 0xe5, 
	0xe5, 0xe5, 0xe5, 0xe5, 0xe5, 0xe5, 0xe5, 0xe5, 
	0xe5, 0xe5, 0xe5, 0xe5, 0xe5, 0xe5, 0xe5, 0xe5, 
	0xe5, 0xe5, 0xe5, 0xe5, 0xe5, 0xe5, 0xe5, 0xe5, 
	0xe5, 0xe5, 0xe5, 0xe5, 0xe5, 0xe5, 0xe5, 0xe5, 
	0xe5, 0xe5, 0xe5, 0xe5, 0xe5, 0xe5, 0xe5, 0xe5, 
	0xe5, 0xe5, 0xe5, 0xe5, 0xe5, 0xe5, 0xe5, 0xe5, 
	0xe5, 0xe5, 0xe5, 0xe5, 0xe5, 0xe5, 0xe5, 0xe5, 
	0xe5, 0xe5, 0xe5, 0xe5, 0xe5, 0xe5, 0xe5, 0xe5, 
	0xe5, 0xe5, 0xe5, 0xe5, 0xe5, 0xe5, 0xe5, 0xe5, 
	0xe5, 0xe5, 0xe5, 0xe5, 0xe5, 0xe5, 0xe5, 0xe5, 
	0xe5, 0xe5, 0xe5, 0xe5, 0xe5, 0xe5, 0xe5, 0xe5, 
	0xe5, 0xe5, 0xe5, 0xe5, 0xe5, 0xe5, 0xe5, 0xe5, 
	0xe5, 0xe5, 0xe5, 0xe5, 0xe5, 0xe5, 0xe5, 0xe5, 
	0xe5, 0xe5, 0xe5, 0xe5, 0xe5, 0xe5, 0xe5, 0xe5, 
	0xe5, 0xe5, 0xe5, 0xe5, 0xe5, 0xe5, 0xe5, 0xe5, 
	0xe5, 0xe5, 0xe5, 0xe5, 0xe5, 0xe5, 0xe5, 0xe5, 
	0xe5, 0xe5, 0xe5, 0xe5, 0xe5, 0xe5, 0xe5, 0xe5, 
	0xe5, 0xe5, 0xe5, 0xe5, 0xe5, 0xe5, 0xe5, 0xe5, 
	0xe5, 0xe5, 0xe5, 0xe5, 0xe5, 0xe5, 0xe5, 0xe5, 
	0xe5, 0xe5, 0xe5, 0xe5, 0xe5, 0xe5, 0xe5, 0xe5, 
	0xe5, 0xe5, 0xe5, 0xe5, 0xe5, 0xe5, 0xe5, 0xe5, 
	0xdd, 0xe5, 0xdd, 0xe5, 0xdd, 0xe5, 0xdd, 0xe5, 
	0x73, 0x5b, 0x73, 0x5b, 0x73, 0x5b, 0xa4, 0x61, 
	0x63, 0x1b, 0x31, 0xd5, 0x31, 0xd5, 0x31, 0xd5, 
	0x5a, 0xd9, 0x29, 0xd5, 0x83, 0xdf, 0x83, 0xdf, 
	0x6b, 0x5b, 0x6b, 0x5b, 0x6b, 0x5b, 0x6b, 0x5b, 
	0xac, 0xa3, 0xac, 0xa3, 0x7b, 0x9d, 0xac, 0xa3, 
	0x4a, 0x97, 0x19, 0x93, 0x19, 0x93, 0x4a, 0x97, 
	0x29, 0xd5, 0x29, 0xd5, 0x29, 0xd5, 0x29, 0xd5, 
	0x09, 0x51, 0x09, 0x51, 0x09, 0x51, 0x09, 0x51, 
	0x09, 0x11, 0x3a, 0x57, 0x3a, 0x57, 0x6b, 0x5b, 
	0x5a, 0xd9, 0x21, 0xd3, 0x5a, 0xd9, 0x42, 0x57, 
	0x5a, 0xdb, 0x5a, 0xdb, 0x09, 0x11, 0x09, 0x11, 
	0x09, 0x11, 0x21, 0x93, 0x4a, 0x99, 0x32, 0x17, 
	0x6b, 0x5b, 0x6b, 0x5b, 0x6b, 0x5b, 0x6b, 0x5b, 
	0x6b, 0x5b, 0x6b, 0x5b, 0x6b, 0x5b, 0x6b, 0x5b, 
	0x52, 0x99, 0x3a, 0x15, 0x3a, 0x15, 0x3a, 0x15, 
	0x29, 0xd5, 0x29, 0xd5, 0x09, 0x11, 0x09, 0x11, 
	0x09, 0x11, 0x09, 0x11, 0x09, 0x11, 0x09, 0x11, 
	0x01, 0x11, 0x01, 0x11, 0x01, 0x11, 0x01, 0x11, 
	0x09, 0x11, 0x09, 0x11, 0x09, 0x11, 0x09, 0x11, 
	0x3a, 0x17, 0xb4, 0xe3, 0x73, 0x5d, 0xb4, 0xe3, 
	0xe5, 0xe7, 0xfe, 0xab, 0xfe, 0xab, 0xfe, 0xab, 
	0xf6, 0xab, 0xf6, 0xab, 0xf6, 0xab, 0xf6, 0xab, 
	0xf6, 0x69, 0xf6, 0x69, 0xee, 0x29, 0xf6, 0x69, 
	0xfe, 0xa9, 0xfe, 0xa9, 0xe5, 0xe7, 0xe5, 0xe7, 
	0xfe, 0xa9, 0xfe, 0xa9, 0xe5, 0xe7, 0xe5, 0xe7, 
	0xdd, 0xa5, 0xdd, 0xa5, 0xe5, 0xe7, 0xe5, 0xe7, 
	0xe6, 0x27, 0xe6, 0x27, 0xe6, 0x27, 0x52, 0x99, 
	0x31, 0xd5, 0xbd, 0x23, 0x62, 0xd9, 0x62, 0xd9, 
	0x29, 0xd3, 0xac, 0xe1, 0xee, 0x69, 0xee, 0x69, 
	0xfe, 0xed, 0xf6, 0x6b, 0xee, 0x29, 0xf6, 0x6b, 
	0xee, 0x27, 0xd5, 0xa5, 0xcd, 0x63, 0xd5, 0xa5, 
	0xe5, 0xe5, 0xe5, 0xe5, 0xe5, 0xe5, 0xe5, 0xe5, 
	0xe5, 0xe5, 0xe5, 0xe5, 0xe5, 0xe5, 0xe5, 0xe5, 
	0xe5, 0xe5, 0xe5, 0xe5, 0xe5, 0xe5, 0xe5, 0xe5, 
	0xe5, 0xe5, 0xe5, 0xe5, 0xe5, 0xe5, 0xe5, 0xe5, 
	0xe5, 0xe5, 0xe5, 0xe5, 0xe5, 0xe5, 0xe5, 0xe5, 
	0xe5, 0xe5, 0xe5, 0xe5, 0xe5, 0xe5, 0xe5, 0xe5, 
	0xe5, 0xe5, 0xe5, 0xe5, 0xe5, 0xe5, 0xe5, 0xe5, 
	0xe5, 0xe5, 0xe5, 0xe5, 0xe5, 0xe5, 0xe5, 0xe5, 
	0xe5, 0xe5, 0xe5, 0xe5, 0xe5, 0xe5, 0xe5, 0xe5, 
	0xe5, 0xe5, 0xe5, 0xe5, 0xe5, 0xe5, 0xe5, 0xe5, 
	0xe5, 0xe5, 0xe5, 0xe5, 0xe5, 0xe5, 0xe5, 0xe5, 
	0xe5, 0xe5, 0xe5, 0xe5, 0xe5, 0xe5, 0xe5, 0xe5, 
	0xe5, 0xe5, 0xe5, 0xe5, 0xe5, 0xe5, 0xe5, 0xe5, 
	0xe5, 0xe5, 0xe5, 0xe5, 0xe5, 0xe5, 0xe5, 0xe5, 
	0xe5, 0xe5, 0xe5, 0xe5, 0xe5, 0xe5, 0xe5, 0xe5, 
	0xe5, 0xe5, 0xe5, 0xe5, 0xe5, 0xe5, 0xe5, 0xe5, 
	0xe5, 0xe5, 0xe5, 0xe5, 0xe5, 0xe5, 0xe5, 0xe5, 
	0xe5, 0xe5, 0xe5, 0xe5, 0xe5, 0xe5, 0xe5, 0xe5, 
	0xe5, 0xe5, 0xe5, 0xe5, 0xe5, 0xe5, 0xe5, 0xe5, 
	0xe5, 0xe5, 0xe5, 0xe5, 0xe5, 0xe5, 0xe5, 0xe5, 
	0xe5, 0xe5, 0xe5, 0xe5, 0xe5, 0xe5, 0xe5, 0xe5, 
	0xe5, 0xe5, 0xe5, 0xe5, 0xe5, 0xe5, 0xe5, 0xe5, 
	0xe5, 0xe5, 0xe5, 0xe5, 0xe5, 0xe5, 0xe5, 0xe5, 
	0xe5, 0xe5, 0xe5, 0xe5, 0xe5, 0xe5, 0xe5, 0xe5, 
	0xe5, 0xe5, 0xe5, 0xe5, 0xe5, 0xe5, 0xe5, 0xe5, 
	0xe5, 0xe5, 0xe5, 0xe5, 0xe5, 0xe5, 0xe5, 0xe5, 
	0xe5, 0xe5, 0xe5, 0xe5, 0xe5, 0xe5, 0xe5, 0xe5, 
	0xe5, 0xe5, 0xe5, 0xe5, 0xe5, 0xe5, 0xe5, 0xe5, 
	0xe5, 0xe5, 0xe5, 0xe5, 0xe5, 0xe5, 0xe5, 0xe5, 
	0xe5, 0xe5, 0xe5, 0xe5, 0xe5, 0xe5, 0xe5, 0xe5, 
	0xe5, 0xe5, 0xe5, 0xe5, 0xe5, 0xe5, 0xe5, 0xe5, 
	0xe5, 0xe5, 0xe5, 0xe5, 0xe5, 0xe5, 0xe5, 0xe5, 
	0xdd, 0xe5, 0xdd, 0xe5, 0xdd, 0xe5, 0x83, 0x9d, 
	0x73, 0x5b, 0x73, 0x5b, 0x73, 0x5b, 0xa4, 0x61, 
	0xcd, 0xa7, 0x31, 0xd5, 0x31, 0xd5, 0x31, 0xd5, 
	0x5a, 0xd9, 0x29, 0xd5, 0x29, 0xd5, 0x29, 0xd5, 
	0x11, 0x53, 0x11, 0x53, 0x32, 0x15, 0x4a, 0x99, 
	0x11, 0x53, 0x42, 0x99, 0x7b, 0x9d, 0x42, 0x99, 
	0x73, 0x5d, 0x19, 0x93, 0x4a, 0x97, 0xa4, 0x61, 
	0xc5, 0x25, 0x94, 0x1f, 0xc5, 0x25, 0x94, 0x1f, 
	0x09, 0x51, 0x09, 0x51, 0x09, 0x51, 0x09, 0x51, 
	0x09, 0x11, 0x09, 0x11, 0x09, 0x11, 0x3a, 0x57, 
	0x09, 0x11, 0x09, 0x11, 0x21, 0xd3, 0x21, 0xd3, 
	0x32, 0x15, 0x5a, 0xdb, 0x09, 0x11, 0x09, 0x11, 
	0x09, 0x11, 0x09, 0x11, 0x09, 0x11, 0x09, 0x11, 
	0x09, 0x11, 0x09, 0x11, 0x29, 0xd5, 0x29, 0xd5, 
	0x01, 0x11, 0x01, 0x11, 0x21, 0xd5, 0x21, 0xd5, 
	0x52, 0x99, 0x3a, 0x15, 0x3a, 0x15, 0x3a, 0x15, 
	0x73, 0x5d, 0x73, 0x5d, 0x73, 0x5d, 0x73, 0x5d, 
	0x63, 0x1b, 0x63, 0x1b, 0x63, 0x1b, 0x3a, 0x17, 
	0x21, 0xd5, 0x21, 0xd5, 0x01, 0x11, 0x01, 0x11, 
	0x09, 0x11, 0x09, 0x11, 0x09, 0x11, 0x09, 0x11, 
	0x3a, 0x17, 0x3a, 0x17, 0xee, 0x29, 0xee, 0x29, 
	0xac, 0xa1, 0xfe, 0xab, 0xfe, 0xab, 0xfe, 0xab, 
	0xf6, 0xab, 0xf6, 0xab, 0xf6, 0xab, 0xf6, 0xab, 
	0xf6, 0x69, 0xf6, 0x69, 0xe5, 0xe7, 0xf6, 0x69, 
	0xfe, 0xa9, 0xe5, 0xe7, 0xe5, 0xe7, 0xb4, 0xe1, 
	0xbc, 0xe1, 0xe5, 0xe7, 0xfe, 0xa9, 0xe5, 0xe7, 
	0xf6, 0x69, 0xf6, 0x69, 0xe5, 0xe7, 0xe5, 0xe7, 
	0xe6, 0x27, 0xe6, 0x27, 0xe6, 0x27, 0x9c, 0x5f, 
	0x31, 0xd5, 0xbd, 0x23, 0x62, 0xd9, 0x8c, 0x1f, 
	0x29, 0xd3, 0x6b, 0x5b, 0xee, 0x69, 0xee, 0x69, 
	0xfe, 0xed, 0xfe, 0xed, 0xfe, 0xed, 0xee, 0x29, 
	0xee, 0x27, 0xd5, 0xa5, 0xcd, 0x63, 0xcd, 0x63, 
	0xe5, 0xe5, 0xe5, 0xe5, 0xe5, 0xe5, 0xe5, 0xe5, 
	0xe5, 0xe5, 0xe5, 0xe5, 0xe5, 0xe5, 0xe5, 0xe5, 
	0xe5, 0xe5, 0xe5, 0xe5, 0xe5, 0xe5, 0xe5, 0xe5, 
	0xe5, 0xe5, 0xe5, 0xe5, 0xe5, 0xe5, 0xe5, 0xe5, 
	0xe5, 0xe5, 0xe5, 0xe5, 0xe5, 0xe5, 0xe5, 0xe5, 
	0xe5, 0xe5, 0xe5, 0xe5, 0xe5, 0xe5, 0xe5, 0xe5, 
	0xe5, 0xe5, 0xe5, 0xe5, 0xe5, 0xe5, 0xe5, 0xe5, 
	0xe5, 0xe5, 0xe5, 0xe5, 0xe5, 0xe5, 0xe5, 0xe5, 
	0xe5, 0xe5, 0xe5, 0xe5, 0xe5, 0xe5, 0xe5, 0xe5, 
	0xe5, 0xe5, 0xe5, 0xe5, 0xe5, 0xe5, 0xe5, 0xe5, 
	0xe5, 0xe5, 0xe5, 0xe5, 0xe5, 0xe5, 0xe5, 0xe5, 
	0xe5, 0xe5, 0xe5, 0xe5, 0xe5, 0xe5, 0xe5, 0xe5, 
	0xe5, 0xe5, 0xe5, 0xe5, 0xe5, 0xe5, 0xe5, 0xe5, 
	0xe5, 0xe5, 0xe5, 0xe5, 0xe5, 0xe5, 0xe5, 0xe5, 
	0xe5, 0xe5, 0xe5, 0xe5, 0xe5, 0xe5, 0xe5, 0xe5, 
	0xe5, 0xe5, 0xe5, 0xe5, 0xe5, 0xe5, 0xe5, 0xe5, 
	0xe5, 0xe5, 0xe5, 0xe5, 0xe5, 0xe5, 0xe5, 0xe5, 
	0xe5, 0xe5, 0xe5, 0xe5, 0xe5, 0xe5, 0xe5, 0xe5, 
	0xe5, 0xe5, 0xe5, 0xe5, 0xe5, 0xe5, 0xe5, 0xe5, 
	0xe5, 0xe5, 0xe5, 0xe5, 0xe5, 0xe5, 0xe5, 0xe5, 
	0xe5, 0xe5, 0xe5, 0xe5, 0xe5, 0xe5, 0xe5, 0xe5, 
	0xe5, 0xe5, 0xe5, 0xe5, 0xe5, 0xe5, 0xe5, 0xe5, 
	0xe5, 0xe5, 0xe5, 0xe5, 0xe5, 0xe5, 0xe5, 0xe5, 
	0xe5, 0xe5, 0xe5, 0xe5, 0xe5, 0xe5, 0xe5, 0xe5, 
	0xe5, 0xe5, 0xe5, 0xe5, 0xe5, 0xe5, 0xe5, 0xe5, 
	0xe5, 0xe5, 0xe5, 0xe5, 0xe5, 0xe5, 0xe5, 0xe5, 
	0xe5, 0xe5, 0xe5, 0xe5, 0xe5, 0xe5, 0xe5, 0xe5, 
	0xe5, 0xe5, 0xe5, 0xe5, 0xe5, 0xe5, 0xe5, 0xe5, 
	0xe5, 0xe5, 0xe5, 0xe5, 0xe5, 0xe5, 0xe5, 0xe5, 
	0xe5, 0xe5, 0xe5, 0xe5, 0xe5, 0xe5, 0xe5, 0xe5, 
	0xe5, 0xe5, 0xe5, 0xe5, 0xe5, 0xe5, 0xe5, 0xe5, 
	0xe5, 0xe5, 0xe5, 0xe5, 0xe5, 0xe5, 0xe5, 0xe5, 
	0xe5, 0xe5, 0xe5, 0xe5, 0xe5, 0xe5, 0x94, 0x1f, 
	0x5a, 0xdb, 0x42, 0x57, 0x29, 0xd5, 0x29, 0xd5, 
	0x52, 0xd9, 0x52, 0xd9, 0x19, 0x53, 0x52, 0xd9, 
	0x52, 0x99, 0x52, 0x99, 0x6b, 0x5b, 0x32, 0x15, 
	0x29, 0xd3, 0x01, 0x0f, 0x01, 0x0f, 0x01, 0x0f, 
	0x21, 0x93, 0x21, 0x93, 0x09, 0x11, 0x3a, 0x17, 
	0xb4, 0xa3, 0x4a, 0x59, 0x11, 0x53, 0x11, 0x53, 
	0x11, 0x51, 0x32, 0x15, 0x32, 0x15, 0x5a, 0xdb, 
	0x01, 0x0f, 0x32, 0x19, 0x11, 0x53, 0x01, 0x0f, 
	0x01, 0x0f, 0x01, 0x0f, 0x01, 0x0f, 0x01, 0x0f, 
	0x01, 0x0f, 0x01, 0x0f, 0x01, 0x0f, 0x01, 0x0f, 
	0x09, 0x11, 0x09, 0x11, 0x63, 0x1b, 0x63, 0x1b, 
	0x6b, 0x5d, 0x6b, 0x5d, 0x4a, 0x99, 0x09, 0x11, 
	0x09, 0x11, 0x09, 0x11, 0x09, 0x11, 0x09, 0x11, 
	0x01, 0x0f, 0x01, 0x0f, 0x01, 0x0f, 0x01, 0x0f, 
	0x01, 0x0f, 0x01, 0x0f, 0x01, 0x0f, 0x01, 0x0f, 
	0x09, 0x11, 0x09, 0x11, 0x09, 0x11, 0x09, 0x11, 
	0x01, 0x0f, 0x01, 0x0f, 0x42, 0x57, 0x42, 0x57, 
	0x42, 0x97, 0x42, 0x97, 0x63, 0x1b, 0x63, 0x1b, 
	0x5a, 0xdb, 0x5a, 0xdb, 0x42, 0x57, 0x42, 0x57, 
	0x52, 0xd9, 0x52, 0xd9, 0x9c, 0x61, 0xdd, 0xe9, 
	0xbd, 0x21, 0xe6, 0x27, 0xfe, 0xab, 0xfe, 0xab, 
	0xfe, 0xeb, 0xfe, 0xeb, 0xfe, 0xeb, 0xfe, 0xeb, 
	0xfe, 0xed, 0xee, 0x6b, 0xd5, 0xa5, 0xd5, 0xa5, 
	0xf6, 0x69, 0xe5, 0xe7, 0xdd, 0xa5, 0xdd, 0xa5, 
	0xdd, 0xa5, 0xdd, 0xa5, 0xdd, 0xa5, 0xdd, 0xa5, 
	0xbc, 0xe1, 0xe6, 0x27, 0xe6, 0x27, 0xe6, 0x27, 
	0xdd, 0xa5, 0xdd, 0xa5, 0xe5, 0xe7, 0xdd, 0xa5, 
	0x83, 0x9b, 0xcd, 0x65, 0xac, 0x5f, 0xcd, 0x65, 
	0x6b, 0x5b, 0x29, 0xd5, 0xf6, 0x69, 0xf6, 0x69, 
	0xfe, 0xeb, 0xfe, 0xeb, 0xfe, 0xeb, 0xee, 0x27, 
	0xee, 0x29, 0xdd, 0xa5, 0xdd, 0xa5, 0xdd, 0xa5, 
	0xe5, 0xe5, 0xe5, 0xe5, 0xe5, 0xe5, 0xe5, 0xe5, 
	0xe5, 0xe5, 0xe5, 0xe5, 0xe5, 0xe5, 0xe5, 0xe5, 
	0xe5, 0xe5, 0xe5, 0xe5, 0xe5, 0xe5, 0xe5, 0xe5, 
	0xe5, 0xe5, 0xe5, 0xe5, 0xe5, 0xe5, 0xe5, 0xe5, 
	0xe5, 0xe5, 0xe5, 0xe5, 0xe5, 0xe5, 0xe5, 0xe5, 
	0xe5, 0xe5, 0xe5, 0xe5, 0xe5, 0xe5, 0xe5, 0xe5, 
	0xe5, 0xe5, 0xe5, 0xe5, 0xe5, 0xe5, 0xe5, 0xe5, 
	0xe5, 0xe5, 0xe5, 0xe5, 0xe5, 0xe5, 0xe5, 0xe5, 
	0xe5, 0xe5, 0xe5, 0xe5, 0xe5, 0xe5, 0xe5, 0xe5, 
	0xe5, 0xe5, 0xe5, 0xe5, 0xe5, 0xe5, 0xe5, 0xe5, 
	0xe5, 0xe5, 0xe5, 0xe5, 0xe5, 0xe5, 0xe5, 0xe5, 
	0xe5, 0xe5, 0xe5, 0xe5, 0xe5, 0xe5, 0xe5, 0xe5, 
	0xe5, 0xe5, 0xe5, 0xe5, 0xe5, 0xe5, 0xe5, 0xe5, 
	0xe5, 0xe5, 0xe5, 0xe5, 0xe5, 0xe5, 0xe5, 0xe5, 
	0xe5, 0xe5, 0xe5, 0xe5, 0xe5, 0xe5, 0xe5, 0xe5, 
	0xe5, 0xe5, 0xe5, 0xe5, 0xe5, 0xe5, 0xe5, 0xe5, 
	0xe5, 0xe5, 0xe5, 0xe5, 0xe5, 0xe5, 0xe5, 0xe5, 
	0xe5, 0xe5, 0xe5, 0xe5, 0xe5, 0xe5, 0xe5, 0xe5, 
	0xe5, 0xe5, 0xe5, 0xe5, 0xe5, 0xe5, 0xe5, 0xe5, 
	0xe5, 0xe5, 0xe5, 0xe5, 0xe5, 0xe5, 0xe5, 0xe5, 
	0xe5, 0xe5, 0xe5, 0xe5, 0xe5, 0xe5, 0xe5, 0xe5, 
	0xe5, 0xe5, 0xe5, 0xe5, 0xe5, 0xe5, 0xe5, 0xe5, 
	0xe5, 0xe5, 0xe5, 0xe5, 0xe5, 0xe5, 0xe5, 0xe5, 
	0xe5, 0xe5, 0xe5, 0xe5, 0xe5, 0xe5, 0xe5, 0xe5, 
	0xe5, 0xe5, 0xe5, 0xe5, 0xe5, 0xe5, 0xe5, 0xe5, 
	0xe5, 0xe5, 0xe5, 0xe5, 0xe5, 0xe5, 0xe5, 0xe5, 
	0xe5, 0xe5, 0xe5, 0xe5, 0xe5, 0xe5, 0xe5, 0xe5, 
	0xe5, 0xe5, 0xe5, 0xe5, 0xe5, 0xe5, 0xe5, 0xe5, 
	0xe5, 0xe5, 0xe5, 0xe5, 0xe5, 0xe5, 0xe5, 0xe5, 
	0xe5, 0xe5, 0xe5, 0xe5, 0xe5, 0xe5, 0xe5, 0xe5, 
	0xe5, 0xe5, 0xe5, 0xe5, 0xe5, 0xe5, 0xe5, 0xe5, 
	0xe5, 0xe5, 0xe5, 0xe5, 0xe5, 0xe5, 0xe5, 0xe5, 
	0xe5, 0xe5, 0xe5, 0xe5, 0xe5, 0xe5, 0x94, 0x1f, 
	0x42, 0x57, 0x42, 0x57, 0x29, 0xd5, 0x29, 0xd5, 
	0x52, 0xd9, 0x94, 0x1f, 0x52, 0xd9, 0x52, 0xd9, 
	0x19, 0x93, 0x19, 0x93, 0x19, 0x93, 0x19, 0x93, 
	0x01, 0x0f, 0x29, 0xd3, 0x29, 0xd3, 0x29, 0xd3, 
	0x09, 0x11, 0x09, 0x11, 0x09, 0x11, 0x21, 0x93, 
	0x4a, 0x59, 0x4a, 0x59, 0x11, 0x53, 0x11, 0x53, 
	0x11, 0x51, 0x11, 0x51, 0x7b, 0x9f, 0x5a, 0xdb, 
	0x01, 0x0f, 0x01, 0x0f, 0x11, 0x53, 0x01, 0x0f, 
	0x11, 0x51, 0x01, 0x0f, 0x01, 0x0f, 0x01, 0x0f, 
	0x01, 0x0f, 0x01, 0x0f, 0x01, 0x0f, 0x01, 0x0f, 
	0x09, 0x11, 0x09, 0x11, 0x09, 0x11, 0x09, 0x11, 
	0x09, 0x11, 0x09, 0x11, 0x4a, 0x99, 0x4a, 0x99, 
	0x4a, 0x99, 0x4a, 0x99, 0x6b, 0x5d, 0x6b, 0x5d, 
	0x42, 0x99, 0x42, 0x99, 0x42, 0x99, 0x42, 0x99, 
	0x19, 0x93, 0x19, 0x93, 0x01, 0x0f, 0x32, 0x15, 
	0x42, 0x97, 0x42, 0x97, 0x29, 0xd5, 0x29, 0xd5, 
	0x21, 0x93, 0x01, 0x0f, 0x01, 0x0f, 0x01, 0x0f, 
	0x29, 0xd5, 0x29, 0xd5, 0x09, 0x11, 0x09, 0x11, 
	0x09, 0x11, 0x09, 0x11, 0x09, 0x11, 0x09, 0x11, 
	0x11, 0x51, 0x11, 0x51, 0x52, 0xd9, 0xdd, 0xe9, 
	0xd5, 0xa5, 0xe6, 0x27, 0xfe, 0xab, 0xfe, 0xab, 
	0xf6, 0x69, 0xe5, 0xe7, 0xfe, 0xeb, 0xfe, 0xeb, 
	0xfe, 0xed, 0xee, 0x6b, 0xee, 0x6b, 0xee, 0x6b, 
	0xfe, 0xeb, 0xe5, 0xe7, 0xf6, 0x69, 0xf6, 0x69, 
	0xb4, 0xa1, 0xb4, 0xa1, 0xdd, 0xa5, 0xc5, 0x23, 
	0xd5, 0xa5, 0xe6, 0x27, 0xe6, 0x27, 0xe6, 0x27, 
	0xdd, 0xa5, 0xdd, 0xa5, 0xdd, 0xa5, 0xf6, 0x69, 
	0xcd, 0x65, 0xf6, 0x69, 0xcd, 0x65, 0xcd, 0x65, 
	0x6b, 0x5b, 0x29, 0xd5, 0xf6, 0x69, 0xf6, 0x69, 
	0xfe, 0xeb, 0xfe, 0xeb, 0xfe, 0xeb, 0xee, 0x27, 
	0xee, 0x29, 0xdd, 0xa5, 0xdd, 0xa5, 0xdd, 0xa5, 
	0xe5, 0xe5, 0xe5, 0xe5, 0xe5, 0xe5, 0xe5, 0xe5, 
	0xe5, 0xe5, 0xe5, 0xe5, 0xe5, 0xe5, 0xe5, 0xe5, 
	0xe5, 0xe5, 0xe5, 0xe5, 0xe5, 0xe5, 0xe5, 0xe5, 
	0xe5, 0xe5, 0xe5, 0xe5, 0xe5, 0xe5, 0xe5, 0xe5, 
	0xe5, 0xe5, 0xe5, 0xe5, 0xe5, 0xe5, 0xe5, 0xe5, 
	0xe5, 0xe5, 0xe5, 0xe5, 0xe5, 0xe5, 0xe5, 0xe5, 
	0xe5, 0xe5, 0xe5, 0xe5, 0xe5, 0xe5, 0xe5, 0xe5, 
	0xe5, 0xe5, 0xe5, 0xe5, 0xe5, 0xe5, 0xe5, 0xe5, 
	0xe5, 0xe5, 0xe5, 0xe5, 0xe5, 0xe5, 0xe5, 0xe5, 
	0xe5, 0xe5, 0xe5, 0xe5, 0xe5, 0xe5, 0xe5, 0xe5, 
	0xe5, 0xe5, 0xe5, 0xe5, 0xe5, 0xe5, 0xe5, 0xe5, 
	0xe5, 0xe5, 0xe5, 0xe5, 0xe5, 0xe5, 0xe5, 0xe5, 
	0xe5, 0xe5, 0xe5, 0xe5, 0xe5, 0xe5, 0xe5, 0xe5, 
	0xe5, 0xe5, 0xe5, 0xe5, 0xe5, 0xe5, 0xe5, 0xe5, 
	0xe5, 0xe5, 0xe5, 0xe5, 0xe5, 0xe5, 0xe5, 0xe5, 
	0xe5, 0xe5, 0xe5, 0xe5, 0xe5, 0xe5, 0xe5, 0xe5, 
	0xe5, 0xe5, 0xe5, 0xe5, 0xe5, 0xe5, 0xe5, 0xe5, 
	0xe5, 0xe5, 0xe5, 0xe5, 0xe5, 0xe5, 0xe5, 0xe5, 
	0xe5, 0xe5, 0xe5, 0xe5, 0xe5, 0xe5, 0xe5, 0xe5, 
	0xe5, 0xe5, 0xe5, 0xe5, 0xe5, 0xe5, 0xe5, 0xe5, 
	0xe5, 0xe5, 0xe5, 0xe5, 0xe5, 0xe5, 0xe5, 0xe5, 
	0xe5, 0xe5, 0xe5, 0xe5, 0xe5, 0xe5, 0xe5, 0xe5, 
	0xe5, 0xe5, 0xe5, 0xe5, 0xe5, 0xe5, 0xe5, 0xe5, 
	0xe5, 0xe5, 0xe5, 0xe5, 0xe5, 0xe5, 0xe5, 0xe5, 
	0xe5, 0xe5, 0xe5, 0xe5, 0xe5, 0xe5, 0xe5, 0xe5, 
	0xe5, 0xe5, 0xe5, 0xe5, 0xe5, 0xe5, 0xe5, 0xe5, 
	0xe5, 0xe5, 0xe5, 0xe5, 0xe5, 0xe5, 0xe5, 0xe5, 
	0xe5, 0xe5, 0xe5, 0xe5, 0xe5, 0xe5, 0xe5, 0xe5, 
	0xe5, 0xe5, 0xe5, 0xe5, 0xe5, 0xe5, 0xe5, 0xe5, 
	0xe5, 0xe5, 0xe5, 0xe5, 0xe5, 0xe5, 0xe5, 0xe5, 
	0xe5, 0xe5, 0xe5, 0xe5, 0xe5, 0xe5, 0xe5, 0xe5, 
	0xe5, 0xe5, 0xe5, 0xe5, 0xdd, 0xa5, 0xdd, 0xa5, 
	0xe5, 0xe5, 0xe5, 0xe5, 0x94, 0x1f, 0x94, 0x1f, 
	0x5a, 0xdb, 0x42, 0x57, 0x29, 0xd5, 0x11, 0x51, 
	0x19, 0x53, 0x52, 0xd9, 0xcd, 0x65, 0x19, 0x53, 
	0x32, 0x15, 0x32, 0x15, 0x19, 0x93, 0x19, 0x93, 
	0x29, 0xd3, 0x4a, 0x99, 0x73, 0x9d, 0x73, 0x9d, 
	0x52, 0x99, 0x3a, 0x17, 0x3a, 0x17, 0x3a, 0x17, 
	0x4a, 0x59, 0x11, 0x53, 0x11, 0x53, 0x11, 0x53, 
	0x11, 0x51, 0x11, 0x51, 0x32, 0x15, 0x11, 0x51, 
	0x01, 0x0f, 0x01, 0x0f, 0x11, 0x53, 0x11, 0x53, 
	0x29, 0xd7, 0x11, 0x51, 0x11, 0x51, 0x01, 0x0f, 
	0x01, 0x0f, 0x01, 0x0f, 0x19, 0x93, 0x42, 0x99, 
	0x8c, 0x1f, 0x32, 0x15, 0x32, 0x15, 0x09, 0x11, 
	0x09, 0x11, 0x09, 0x11, 0x09, 0x11, 0x09, 0x11, 
	0x09, 0x11, 0x09, 0x11, 0x09, 0x11, 0x09, 0x11, 
	0x19, 0x93, 0x01, 0x0f, 0x01, 0x0f, 0x19, 0x93, 
	0x32, 0x15, 0x4a, 0x99, 0x32, 0x15, 0x32, 0x15, 
	0x29, 0xd5, 0x29, 0xd5, 0x63, 0x1b, 0x63, 0x1b, 
	0x63, 0x1b, 0x42, 0x57, 0x42, 0x57, 0x21, 0x93, 
	0x09, 0x11, 0x63, 0x1b, 0x42, 0x97, 0x42, 0x97, 
	0x5a, 0xdb, 0x09, 0x11, 0x21, 0xd5, 0x21, 0xd5, 
	0x11, 0x51, 0x11, 0x51, 0x11, 0x51, 0x9c, 0x61, 
	0xe6, 0x27, 0xe6, 0x27, 0xfe, 0xab, 0xfe, 0xab, 
	0xfe, 0xeb, 0xf6, 0x69, 0xf6, 0x69, 0xfe, 0xeb, 
	0xee, 0x6b, 0xee, 0x6b, 0xe5, 0xe7, 0xd5, 0xa5, 
	0xfe, 0xeb, 0xf6, 0x69, 0xe5, 0xe7, 0xfe, 0xeb, 
	0xee, 0x27, 0xdd, 0xa5, 0xdd, 0xa5, 0xc5, 0x23, 
	0xd5, 0xa5, 0xd5, 0xa5, 0xe6, 0x27, 0xe6, 0x27, 
	0xe5, 0xe7, 0xf6, 0x69, 0xfe, 0xab, 0xe5, 0xe7, 
	0xf6, 0x69, 0xf6, 0x69, 0xcd, 0x65, 0xac, 0x5f, 
	0xb4, 0xe3, 0x29, 0xd5, 0xf6, 0x69, 0xf6, 0x69, 
	0xee, 0x27, 0xe5, 0xe5, 0xee, 0x27, 0xee, 0x27, 
	0xee, 0x29, 0xee, 0x29, 0xdd, 0xa5, 0xdd, 0xa5, 
	0xbd, 0x23, 0xd5, 0xa5, 0xe5, 0xe5, 0xe5, 0xe5, 
	0xe5, 0xe5, 0xe5, 0xe5, 0xe5, 0xe5, 0xe5, 0xe5, 
	0xe5, 0xe5, 0xe5, 0xe5, 0xe5, 0xe5, 0xe5, 0xe5, 
	0xe5, 0xe5, 0xe5, 0xe5, 0xe5, 0xe5, 0xe5, 0xe5, 
	0xe5, 0xe5, 0xe5, 0xe5, 0xe5, 0xe5, 0xe5, 0xe5, 
	0xe5, 0xe5, 0xe5, 0xe5, 0xe5, 0xe5, 0xe5, 0xe5, 
	0xe5, 0xe5, 0xe5, 0xe5, 0xe5, 0xe5, 0xe5, 0xe5, 
	0xe5, 0xe5, 0xe5, 0xe5, 0xe5, 0xe5, 0xe5, 0xe5, 
	0xe5, 0xe5, 0xe5, 0xe5, 0xe5, 0xe5, 0xe5, 0xe5, 
	0xe5, 0xe5, 0xe5, 0xe5, 0xe5, 0xe5, 0xe5, 0xe5, 
	0xe5, 0xe5, 0xe5, 0xe5, 0xe5, 0xe5, 0xe5, 0xe5, 
	0xe5, 0xe5, 0xe5, 0xe5, 0xe5, 0xe5, 0xe5, 0xe5, 
	0xe5, 0xe5, 0xe5, 0xe5, 0xe5, 0xe5, 0xe5, 0xe5, 
	0xe5, 0xe5, 0xe5, 0xe5, 0xe5, 0xe5, 0xe5, 0xe5, 
	0xe5, 0xe5, 0xe5, 0xe5, 0xe5, 0xe5, 0xe5, 0xe5, 
	0xe5, 0xe5, 0xe5, 0xe5, 0xe5, 0xe5, 0xe5, 0xe5, 
	0xe5, 0xe5, 0xe5, 0xe5, 0xe5, 0xe5, 0xe5, 0xe5, 
	0xe5, 0xe5, 0xe5, 0xe5, 0xe5, 0xe5, 0xe5, 0xe5, 
	0xe5, 0xe5, 0xe5, 0xe5, 0xe5, 0xe5, 0xe5, 0xe5, 
	0xe5, 0xe5, 0xe5, 0xe5, 0xe5, 0xe5, 0xe5, 0xe5, 
	0xe5, 0xe5, 0xe5, 0xe5, 0xe5, 0xe5, 0xe5, 0xe5, 
	0xe5, 0xe5, 0xe5, 0xe5, 0xe5, 0xe5, 0xe5, 0xe5, 
	0xe5, 0xe5, 0xe5, 0xe5, 0xe5, 0xe5, 0xe5, 0xe5, 
	0xe5, 0xe5, 0xe5, 0xe5, 0xe5, 0xe5, 0xe5, 0xe5, 
	0xe5, 0xe5, 0xe5, 0xe5, 0xe5, 0xe5, 0xe5, 0xe5, 
	0xe5, 0xe5, 0xe5, 0xe5, 0xe5, 0xe5, 0xe5, 0xe5, 
	0xe5, 0xe5, 0xe5, 0xe5, 0xe5, 0xe5, 0xe5, 0xe5, 
	0xe5, 0xe5, 0xe5, 0xe5, 0xe5, 0xe5, 0xe5, 0xe5, 
	0xe5, 0xe5, 0xe5, 0xe5, 0xe5, 0xe5, 0xe5, 0xe5, 
	0xe5, 0xe5, 0xe5, 0xe5, 0xe5, 0xe5, 0xe5, 0xe5, 
	0xe5, 0xe5, 0xe5, 0xe5, 0xe5, 0xe5, 0xe5, 0xe5, 
	0xe5, 0xe5, 0xe5, 0xe5, 0xcd, 0x63, 0xc5, 0x63, 
	0x94, 0x1f, 0x94, 0x1f, 0x42, 0x59, 0x42, 0x59, 
	0x5a, 0xdb, 0x5a, 0xdb, 0x42, 0x57, 0x42, 0x57, 
	0x52, 0xd9, 0x52, 0xd9, 0xcd, 0x65, 0x52, 0xd9, 
	0x19, 0x93, 0x19, 0x93, 0x19, 0x93, 0x19, 0x93, 
	0x29, 0xd3, 0x29, 0xd3, 0x29, 0xd3, 0x29, 0xd3, 
	0x52, 0x99, 0x21, 0x93, 0x3a, 0x17, 0x3a, 0x17, 
	0x4a, 0x59, 0x11, 0x53, 0x11, 0x53, 0x11, 0x53, 
	0x11, 0x51, 0x32, 0x15, 0x5a, 0xdb, 0x11, 0x51, 
	0x01, 0x0f, 0x01, 0x0f, 0x11, 0x53, 0x11, 0x53, 
	0x11, 0x51, 0x11, 0x51, 0x11, 0x51, 0x01, 0x0f, 
	0x19, 0x93, 0x19, 0x93, 0x19, 0x93, 0x42, 0x99, 
	0x8c, 0x1f, 0x63, 0x1b, 0x8c, 0x1f, 0x32, 0x15, 
	0x6b, 0x5d, 0x6b, 0x5d, 0x6b, 0x5d, 0x6b, 0x5d, 
	0x29, 0xd5, 0x29, 0xd5, 0x09, 0x11, 0x09, 0x11, 
	0x01, 0x0f, 0x01, 0x0f, 0x01, 0x0f, 0x2a, 0x15, 
	0x01, 0x0f, 0x01, 0x0f, 0x01, 0x0f, 0x01, 0x0f, 
	0x29, 0xd5, 0x42, 0x97, 0x09, 0x11, 0x09, 0x11, 
	0x21, 0x93, 0x21, 0x93, 0x21, 0x93, 0x21, 0x93, 
	0x09, 0x11, 0x09, 0x11, 0x29, 0xd5, 0x42, 0x97, 
	0x5a, 0xdb, 0x5a, 0xdb, 0x42, 0x57, 0x5a, 0xdb, 
	0x52, 0xd9, 0x52, 0xd9, 0x11, 0x51, 0x52, 0xd9, 
	0xd5, 0xa5, 0xe6, 0x27, 0xfe, 0xab, 0xfe, 0xab, 
	0xfe, 0xeb, 0xfe, 0xeb, 0xee, 0x29, 0xfe, 0xeb, 
	0xe5, 0xe7, 0xee, 0x6b, 0xd5, 0xa5, 0xd5, 0xa5, 
	0xf6, 0x69, 0xf6, 0x69, 0xf6, 0x69, 0xfe, 0xeb, 
	0xee, 0x27, 0xee, 0x27, 0xdd, 0xa5, 0xee, 0x27, 
	0xd5, 0xa5, 0xd5, 0xa5, 0xd5, 0xa5, 0xe6, 0x27, 
	0xdd, 0xa5, 0xe5, 0xe7, 0xfe, 0xab, 0xdd, 0xa5, 
	0xf6, 0x69, 0xf6, 0x69, 0xf6, 0x69, 0xcd, 0x65, 
	0xf6, 0x69, 0xb4, 0xe3, 0xb4, 0xe3, 0xf6, 0x69, 
	0xfe, 0xeb, 0xee, 0x27, 0xee, 0x27, 0xee, 0x27, 
	0xee, 0x29, 0xfe, 0xed, 0xdd, 0xa5, 0xdd, 0xa5, 
	0xbd, 0x23, 0xd5, 0xa5, 0xe5, 0xe5, 0xe5, 0xe5, 
	0xe5, 0xe5, 0xe5, 0xe5, 0xe5, 0xe5, 0xe5, 0xe5, 
	0xe5, 0xe5, 0xe5, 0xe5, 0xe5, 0xe5, 0xe5, 0xe5, 
	0xe5, 0xe5, 0xe5, 0xe5, 0xe5, 0xe5, 0xe5, 0xe5, 
	0xe5, 0xe5, 0xe5, 0xe5, 0xe5, 0xe5, 0xe5, 0xe5, 
	0xe5, 0xe5, 0xe5, 0xe5, 0xe5, 0xe5, 0xe5, 0xe5, 
	0xe5, 0xe5, 0xe5, 0xe5, 0xe5, 0xe5, 0xe5, 0xe5, 
	0xe5, 0xe5, 0xe5, 0xe5, 0xe5, 0xe5, 0xe5, 0xe5, 
	0xe5, 0xe5, 0xe5, 0xe5, 0xe5, 0xe5, 0xe5, 0xe5, 
	0xe5, 0xe5, 0xe5, 0xe5, 0xe5, 0xe5, 0xe5, 0xe5, 
	0xe5, 0xe5, 0xe5, 0xe5, 0xe5, 0xe5, 0xe5, 0xe5, 
	0xe5, 0xe5, 0xe5, 0xe5, 0xe5, 0xe5, 0xe5, 0xe5, 
	0xe5, 0xe5, 0xe5, 0xe5, 0xe5, 0xe5, 0xe5, 0xe5, 
	0xe5, 0xe5, 0xe5, 0xe5, 0xe5, 0xe5, 0xe5, 0xe5, 
	0xe5, 0xe5, 0xe5, 0xe5, 0xe5, 0xe5, 0xe5, 0xe5, 
	0xe5, 0xe5, 0xe5, 0xe5, 0xe5, 0xe5, 0xe5, 0xe5, 
	0xe5, 0xe5, 0xe5, 0xe5, 0xe5, 0xe5, 0xe5, 0xe5, 
	0xe5, 0xe5, 0xe5, 0xe5, 0xe5, 0xe5, 0xe5, 0xe5, 
	0xe5, 0xe5, 0xe5, 0xe5, 0xe5, 0xe5, 0xe5, 0xe5, 
	0xe5, 0xe5, 0xe5, 0xe5, 0xe5, 0xe5, 0xe5, 0xe5, 
	0xe5, 0xe5, 0xe5, 0xe5, 0xe5, 0xe5, 0xe5, 0xe5, 
	0xe5, 0xe5, 0xe5, 0xe5, 0xe5, 0xe5, 0xe5, 0xe5, 
	0xe5, 0xe5, 0xe5, 0xe5, 0xe5, 0xe5, 0xe5, 0xe5, 
	0xe5, 0xe5, 0xe5, 0xe5, 0xe5, 0xe5, 0xe5, 0xe5, 
	0xe5, 0xe5, 0xe5, 0xe5, 0xe5, 0xe5, 0xe5, 0xe5, 
	0xe5, 0xe5, 0xe5, 0xe5, 0xe5, 0xe5, 0xe5, 0xe5, 
	0xe5, 0xe5, 0xe5, 0xe5, 0xe5, 0xe5, 0xe5, 0xe5, 
	0xe5, 0xe5, 0xe5, 0xe5, 0xe5, 0xe5, 0xe5, 0xe5, 
	0xe5, 0xe5, 0xe5, 0xe5, 0xe5, 0xe5, 0xe5, 0xe5, 
	0xe5, 0xe5, 0xe5, 0xe5, 0xe5, 0xe5, 0xe5, 0xe5, 
	0xe5, 0xe5, 0xe5, 0xe5, 0xe5, 0xe5, 0xe5, 0xe5, 
	0xe5, 0xe5, 0xe5, 0xe5, 0xe5, 0xe5, 0xbc, 0xe1, 
	0xbd, 0x21, 0xbd, 0x21, 0xbd, 0x21, 0x94, 0x1f, 
	0x6b, 0x5d, 0x52, 0xd9, 0x3a, 0x17, 0x52, 0xd9, 
	0x63, 0x1b, 0x32, 0x15, 0xcd, 0xa7, 0xcd, 0xa7, 
	0x5a, 0xd9, 0x11, 0x53, 0x29, 0xd5, 0x29, 0xd5, 
	0x29, 0xd5, 0x29, 0xd5, 0x19, 0x93, 0x19, 0x93, 
	0x32, 0x17, 0x01, 0x11, 0x11, 0x53, 0x11, 0x53, 
	0x11, 0x53, 0x11, 0x53, 0x11, 0x53, 0x11, 0x53, 
	0x01, 0x11, 0x32, 0x15, 0x32, 0x15, 0x01, 0x11, 
	0x32, 0x15, 0x32, 0x15, 0x01, 0x11, 0x01, 0x11, 
	0x09, 0x11, 0x09, 0x11, 0x09, 0x11, 0x09, 0x11, 
	0x01, 0x11, 0x01, 0x11, 0x01, 0x11, 0x29, 0xd5, 
	0x01, 0x11, 0x01, 0x11, 0x21, 0xd5, 0x01, 0x11, 
	0x01, 0x0f, 0x29, 0xd3, 0x29, 0xd3, 0x4a, 0x99, 
	0x63, 0x1b, 0x63, 0x1b, 0x63, 0x1b, 0x63, 0x1b, 
	0x6b, 0x5d, 0x6b, 0x5d, 0x6b, 0x5d, 0x6b, 0x5d, 
	0x63, 0x1b, 0x42, 0x57, 0x21, 0xd3, 0x01, 0x0f, 
	0x19, 0x93, 0x83, 0x9d, 0x83, 0x9d, 0x4a, 0x99, 
	0x01, 0x0f, 0x73, 0x9d, 0x73, 0x9d, 0x73, 0x9d, 
	0x6b, 0x1b, 0x09, 0x11, 0x29, 0xd5, 0x6b, 0x1b, 
	0x09, 0x11, 0x09, 0x11, 0x09, 0x11, 0x09, 0x11, 
	0x11, 0x53, 0x4a, 0x97, 0x7b, 0x9d, 0x11, 0x53, 
	0x94, 0x1f, 0xfe, 0xed, 0xfe, 0xed, 0xfe, 0xed, 
	0xf6, 0x69, 0xf6, 0x69, 0xe6, 0x27, 0xf6, 0x69, 
	0xe5, 0xe7, 0xee, 0x29, 0xe5, 0xe7, 0xee, 0x29, 
	0xd5, 0xa5, 0xfe, 0xab, 0xfe, 0xab, 0xfe, 0xab, 
	0xd5, 0x65, 0xc4, 0xe3, 0xd5, 0x65, 0xc4, 0xe3, 
	0xe5, 0xe7, 0xe5, 0xe7, 0xe5, 0xe7, 0xe5, 0xe7, 
	0xe5, 0xe5, 0xe5, 0xe5, 0xe6, 0x27, 0xee, 0x27, 
	0xe5, 0xe7, 0xee, 0x29, 0xee, 0x29, 0xee, 0x29, 
	0xe5, 0xe7, 0xcd, 0x63, 0xbc, 0xe1, 0xe5, 0xe7, 
	0xd5, 0xa5, 0xd5, 0xa5, 0xe5, 0xe7, 0xfe, 0xab, 
	0xfe, 0xed, 0xee, 0x6b, 0xfe, 0xed, 0xfe, 0xed, 
	0xee, 0x27, 0xd5, 0xa5, 0xd5, 0xa5, 0xe5, 0xe7, 
	0xe5, 0xe5, 0xe5, 0xe5, 0xe5, 0xe5, 0xe5, 0xe5, 
	0xe5, 0xe5, 0xe5, 0xe5, 0xe5, 0xe5, 0xe5, 0xe5, 
	0xe5, 0xe5, 0xe5, 0xe5, 0xe5, 0xe5, 0xe5, 0xe5, 
	0xe5, 0xe5, 0xe5, 0xe5, 0xe5, 0xe5, 0xe5, 0xe5, 
	0xe5, 0xe5, 0xe5, 0xe5, 0xe5, 0xe5, 0xe5, 0xe5, 
	0xe5, 0xe5, 0xe5, 0xe5, 0xe5, 0xe5, 0xe5, 0xe5, 
	0xe5, 0xe5, 0xe5, 0xe5, 0xe5, 0xe5, 0xe5, 0xe5, 
	0xe5, 0xe5, 0xe5, 0xe5, 0xe5, 0xe5, 0xe5, 0xe5, 
	0xe5, 0xe5, 0xe5, 0xe5, 0xe5, 0xe5, 0xe5, 0xe5, 
	0xe5, 0xe5, 0xe5, 0xe5, 0xe5, 0xe5, 0xe5, 0xe5, 
	0xe5, 0xe5, 0xe5, 0xe5, 0xe5, 0xe5, 0xe5, 0xe5, 
	0xe5, 0xe5, 0xe5, 0xe5, 0xe5, 0xe5, 0xe5, 0xe5, 
	0xe5, 0xe5, 0xe5, 0xe5, 0xe5, 0xe5, 0xe5, 0xe5, 
	0xe5, 0xe5, 0xe5, 0xe5, 0xe5, 0xe5, 0xe5, 0xe5, 
	0xe5, 0xe5, 0xe5, 0xe5, 0xe5, 0xe5, 0xe5, 0xe5, 
	0xe5, 0xe5, 0xe5, 0xe5, 0xe5, 0xe5, 0xe5, 0xe5, 
	0xe5, 0xe5, 0xe5, 0xe5, 0xe5, 0xe5, 0xe5, 0xe5, 
	0xe5, 0xe5, 0xe5, 0xe5, 0xe5, 0xe5, 0xe5, 0xe5, 
	0xe5, 0xe5, 0xe5, 0xe5, 0xe5, 0xe5, 0xe5, 0xe5, 
	0xe5, 0xe5, 0xe5, 0xe5, 0xe5, 0xe5, 0xe5, 0xe5, 
	0xe5, 0xe5, 0xe5, 0xe5, 0xe5, 0xe5, 0xe5, 0xe5, 
	0xe5, 0xe5, 0xe5, 0xe5, 0xe5, 0xe5, 0xe5, 0xe5, 
	0xe5, 0xe5, 0xe5, 0xe5, 0xe5, 0xe5, 0xe5, 0xe5, 
	0xe5, 0xe5, 0xe5, 0xe5, 0xe5, 0xe5, 0xe5, 0xe5, 
	0xe5, 0xe5, 0xe5, 0xe5, 0xe5, 0xe5, 0xe5, 0xe5, 
	0xe5, 0xe5, 0xe5, 0xe5, 0xe5, 0xe5, 0xe5, 0xe5, 
	0xe5, 0xe5, 0xe5, 0xe5, 0xe5, 0xe5, 0xe5, 0xe5, 
	0xe5, 0xe5, 0xe5, 0xe5, 0xe5, 0xe5, 0xe5, 0xe5, 
	0xe5, 0xe5, 0xe5, 0xe5, 0xe5, 0xe5, 0xe5, 0xe5, 
	0xe5, 0xe5, 0xe5, 0xe5, 0xe5, 0xe5, 0xe5, 0xe5, 
	0xe5, 0xe5, 0xe5, 0xe5, 0xe5, 0xe5, 0xe5, 0xe5, 
	0xbd, 0x21, 0xbd, 0x21, 0x73, 0x5b, 0x73, 0x5b, 
	0x6b, 0x5d, 0x52, 0xd9, 0x21, 0x93, 0x21, 0x93, 
	0x32, 0x15, 0x32, 0x15, 0x63, 0x1b, 0x63, 0x1b, 
	0x42, 0x57, 0x11, 0x53, 0x29, 0xd5, 0x29, 0xd5, 
	0x19, 0x93, 0x09, 0x11, 0x09, 0x11, 0x19, 0x93, 
	0x21, 0xd5, 0x21, 0xd5, 0x21, 0xd5, 0x21, 0xd5, 
	0x21, 0x95, 0x21, 0x95, 0x21, 0x95, 0x21, 0x95, 
	0x32, 0x15, 0x01, 0x11, 0x32, 0x15, 0x32, 0x15, 
	0x19, 0x93, 0x4a, 0x97, 0x32, 0x15, 0x19, 0x93, 
	0x6b, 0x1b, 0x29, 0xd5, 0x6b, 0x1b, 0x29, 0xd5, 
	0x73, 0x5d, 0x73, 0x5d, 0x4a, 0x99, 0x29, 0xd5, 
	0x01, 0x11, 0x01, 0x11, 0x01, 0x11, 0x01, 0x11, 
	0x01, 0x0f, 0x01, 0x0f, 0x01, 0x0f, 0x01, 0x0f, 
	0x11, 0x51, 0x11, 0x51, 0x11, 0x51, 0x11, 0x51, 
	0x11, 0x53, 0x11, 0x53, 0x11, 0x53, 0x11, 0x53, 
	0x42, 0x57, 0x42, 0x57, 0x21, 0xd3, 0x01, 0x0f, 
	0x19, 0x93, 0x19, 0x93, 0x19, 0x93, 0x4a, 0x99, 
	0x01, 0x0f, 0x01, 0x0f, 0x29, 0xd3, 0x29, 0xd3, 
	0x4a, 0x97, 0x09, 0x11, 0x4a, 0x97, 0x6b, 0x1b, 
	0x63, 0x1b, 0x09, 0x11, 0x09, 0x11, 0x09, 0x11, 
	0x11, 0x53, 0x4a, 0x97, 0x7b, 0x9d, 0x11, 0x53, 
	0x5a, 0xd9, 0xc5, 0x67, 0xfe, 0xed, 0xfe, 0xed, 
	0xe6, 0x27, 0xdd, 0xa5, 0xdd, 0xa5, 0xe6, 0x27, 
	0xf6, 0x69, 0xf6, 0x69, 0xf6, 0x69, 0xf6, 0x69, 
	0xd5, 0xa5, 0xfe, 0xab, 0xfe, 0xab, 0xe5, 0xe7, 
	0xe5, 0xe7, 0xe5, 0xe7, 0xf6, 0xa9, 0xd5, 0x65, 
	0xe5, 0xe7, 0xe5, 0xe7, 0xe5, 0xe7, 0xe5, 0xe7, 
	0xe5, 0xe5, 0xe5, 0xe5, 0xdd, 0xe5, 0xe6, 0x27, 
	0xdd, 0xa5, 0xe5, 0xe7, 0xee, 0x29, 0xf6, 0xab, 
	0xcd, 0x63, 0xcd, 0x63, 0xe5, 0xe7, 0xe5, 0xe7, 
	0xee, 0x69, 0xee, 0x69, 0xee, 0x69, 0xfe, 0xab, 
	0xfe, 0xed, 0xee, 0x6b, 0xee, 0x6b, 0xee, 0x6b, 
	0xee, 0x27, 0xd5, 0xa5, 0xd5, 0xa5, 0xe5, 0xe7, 
	0xe5, 0xe5, 0xe5, 0xe5, 0xe5, 0xe5, 0xe5, 0xe5, 
	0xe5, 0xe5, 0xe5, 0xe5, 0xe5, 0xe5, 0xe5, 0xe5, 
	0xe5, 0xe5, 0xe5, 0xe5, 0xe5, 0xe5, 0xe5, 0xe5, 
	0xe5, 0xe5, 0xe5, 0xe5, 0xe5, 0xe5, 0xe5, 0xe5, 
	0xe5, 0xe5, 0xe5, 0xe5, 0xe5, 0xe5, 0xe5, 0xe5, 
	0xe5, 0xe5, 0xe5, 0xe5, 0xe5, 0xe5, 0xe5, 0xe5, 
	0xe5, 0xe5, 0xe5, 0xe5, 0xe5, 0xe5, 0xe5, 0xe5, 
	0xe5, 0xe5, 0xe5, 0xe5, 0xe5, 0xe5, 0xe5, 0xe5, 
	0xe5, 0xe5, 0xe5, 0xe5, 0xe5, 0xe5, 0xe5, 0xe5, 
	0xe5, 0xe5, 0xe5, 0xe5, 0xe5, 0xe5, 0xe5, 0xe5, 
	0xe5, 0xe5, 0xe5, 0xe5, 0xe5, 0xe5, 0xe5, 0xe5, 
	0xe5, 0xe5, 0xe5, 0xe5, 0xe5, 0xe5, 0xe5, 0xe5, 
	0xe5, 0xe5, 0xe5, 0xe5, 0xe5, 0xe5, 0xe5, 0xe5, 
	0xe5, 0xe5, 0xe5, 0xe5, 0xe5, 0xe5, 0xe5, 0xe5, 
	0xe5, 0xe5, 0xe5, 0xe5, 0xe5, 0xe5, 0xe5, 0xe5, 
	0xe5, 0xe5, 0xe5, 0xe5, 0xe5, 0xe5, 0xe5, 0xe5, 
	0xe5, 0xe5, 0xe5, 0xe5, 0xe5, 0xe5, 0xe5, 0xe5, 
	0xe5, 0xe5, 0xe5, 0xe5, 0xe5, 0xe5, 0xe5, 0xe5, 
	0xe5, 0xe5, 0xe5, 0xe5, 0xe5, 0xe5, 0xe5, 0xe5, 
	0xe5, 0xe5, 0xe5, 0xe5, 0xe5, 0xe5, 0xe5, 0xe5, 
	0xe5, 0xe5, 0xe5, 0xe5, 0xe5, 0xe5, 0xe5, 0xe5, 
	0xe5, 0xe5, 0xe5, 0xe5, 0xe5, 0xe5, 0xe5, 0xe5, 
	0xe5, 0xe5, 0xe5, 0xe5, 0xe5, 0xe5, 0xe5, 0xe5, 
	0xe5, 0xe5, 0xe5, 0xe5, 0xe5, 0xe5, 0xe5, 0xe5, 
	0xe5, 0xe5, 0xe5, 0xe5, 0xe5, 0xe5, 0xe5, 0xe5, 
	0xe5, 0xe5, 0xe5, 0xe5, 0xe5, 0xe5, 0xe5, 0xe5, 
	0xe5, 0xe5, 0xe5, 0xe5, 0xe5, 0xe5, 0xe5, 0xe5, 
	0xe5, 0xe5, 0xe5, 0xe5, 0xe5, 0xe5, 0xe5, 0xe5, 
	0xe5, 0xe5, 0xe5, 0xe5, 0xe5, 0xe5, 0xe5, 0xe5, 
	0xe5, 0xe5, 0xe5, 0xe5, 0xe5, 0xe5, 0xe5, 0xe5, 
	0xe5, 0xe5, 0xe5, 0xe5, 0x8c, 0x1f, 0x63, 0x1b, 
	0x73, 0x5b, 0x4a, 0x99, 0x4a, 0x99, 0x4a, 0x99, 
	0x3a, 0x17, 0x3a, 0x17, 0x3a, 0x17, 0x21, 0x93, 
	0x32, 0x15, 0x32, 0x15, 0x32, 0x15, 0x32, 0x15, 
	0x42, 0x57, 0x42, 0x57, 0x29, 0xd5, 0x29, 0xd5, 
	0x09, 0x11, 0x19, 0x93, 0x29, 0xd5, 0x09, 0x11, 
	0x11, 0x53, 0x11, 0x53, 0x11, 0x53, 0x11, 0x53, 
	0x11, 0x53, 0x01, 0x11, 0x11, 0x53, 0x21, 0x95, 
	0x5a, 0xdb, 0x5a, 0xdb, 0x32, 0x15, 0x01, 0x11, 
	0x01, 0x11, 0x19, 0x93, 0x19, 0x93, 0x01, 0x11, 
	0x29, 0xd5, 0x09, 0x11, 0x29, 0xd5, 0x09, 0x11, 
	0x01, 0x11, 0x29, 0xd5, 0x73, 0x5d, 0x73, 0x5d, 
	0x6b, 0x5b, 0x6b, 0x5b, 0x6b, 0x5b, 0x6b, 0x5b, 
	0x73, 0x5d, 0x73, 0x5d, 0x73, 0x5d, 0x4a, 0x99, 
	0x4a, 0x57, 0x4a, 0x57, 0x63, 0x1b, 0x29, 0xd5, 
	0x42, 0x57, 0x11, 0x53, 0x11, 0x53, 0x42, 0x57, 
	0x01, 0x0f, 0x01, 0x0f, 0x01, 0x0f, 0x01, 0x0f, 
	0x19, 0x93, 0xb4, 0xe3, 0x19, 0x93, 0x19, 0x93, 
	0x01, 0x0f, 0x01, 0x0f, 0x01, 0x0f, 0x01, 0x0f, 
	0x09, 0x11, 0x09, 0x11, 0x09, 0x11, 0x09, 0x11, 
	0x63, 0x1b, 0x63, 0x1b, 0x63, 0x1b, 0x63, 0x1b, 
	0x7b, 0x9d, 0x7b, 0x9d, 0x7b, 0x9d, 0xb4, 0xa1, 
	0x94, 0x1f, 0xfe, 0xed, 0xc5, 0x67, 0xfe, 0xed, 
	0xe6, 0x27, 0xf6, 0x69, 0xfe, 0xeb, 0xfe, 0xeb, 
	0xfe, 0xeb, 0xfe, 0xeb, 0xee, 0x29, 0xfe, 0xeb, 
	0xe5, 0xe7, 0xee, 0x69, 0xfe, 0xab, 0xe5, 0xe7, 
	0xe5, 0xe7, 0xe5, 0xe7, 0xf6, 0xa9, 0xf6, 0xa9, 
	0xf6, 0x69, 0xee, 0x27, 0xdd, 0xe5, 0xdd, 0xe5, 
	0xee, 0x27, 0xee, 0x27, 0xdd, 0xe5, 0xdd, 0xe5, 
	0xee, 0x29, 0xdd, 0xa5, 0xdd, 0xa5, 0xdd, 0xa5, 
	0xf6, 0xa9, 0xf6, 0xa9, 0xcd, 0x63, 0xcd, 0x63, 
	0xfe, 0xab, 0xfe, 0xab, 0xd5, 0xa5, 0xe5, 0xe7, 
	0xe5, 0xe7, 0xd5, 0xa5, 0xd5, 0xa5, 0xd5, 0xa5, 
	0xee, 0x27, 0xe5, 0xe7, 0xe5, 0xe7, 0xd5, 0xa5, 
	0xe5, 0xe5, 0xe5, 0xe5, 0xe5, 0xe5, 0xe5, 0xe5, 
	0xe5, 0xe5, 0xe5, 0xe5, 0xe5, 0xe5, 0xe5, 0xe5, 
	0xe5, 0xe5, 0xe5, 0xe5, 0xe5, 0xe5, 0xe5, 0xe5, 
	0xe5, 0xe5, 0xe5, 0xe5, 0xe5, 0xe5, 0xe5, 0xe5, 
	0xe5, 0xe5, 0xe5, 0xe5, 0xe5, 0xe5, 0xe5, 0xe5, 
	0xe5, 0xe5, 0xe5, 0xe5, 0xe5, 0xe5, 0xe5, 0xe5, 
	0xe5, 0xe5, 0xe5, 0xe5, 0xe5, 0xe5, 0xe5, 0xe5, 
	0xe5, 0xe5, 0xe5, 0xe5, 0xe5, 0xe5, 0xe5, 0xe5, 
	0xe5, 0xe5, 0xe5, 0xe5, 0xe5, 0xe5, 0xe5, 0xe5, 
	0xe5, 0xe5, 0xe5, 0xe5, 0xe5, 0xe5, 0xe5, 0xe5, 
	0xe5, 0xe5, 0xe5, 0xe5, 0xe5, 0xe5, 0xe5, 0xe5, 
	0xe5, 0xe5, 0xe5, 0xe5, 0xe5, 0xe5, 0xe5, 0xe5, 
	0xe5, 0xe5, 0xe5, 0xe5, 0xe5, 0xe5, 0xe5, 0xe5, 
	0xe5, 0xe5, 0xe5, 0xe5, 0xe5, 0xe5, 0xe5, 0xe5, 
	0xe5, 0xe5, 0xe5, 0xe5, 0xe5, 0xe5, 0xe5, 0xe5, 
	0xe5, 0xe5, 0xe5, 0xe5, 0xe5, 0xe5, 0xe5, 0xe5, 
	0xe5, 0xe5, 0xe5, 0xe5, 0xe5, 0xe5, 0xe5, 0xe5, 
	0xe5, 0xe5, 0xe5, 0xe5, 0xe5, 0xe5, 0xe5, 0xe5, 
	0xe5, 0xe5, 0xe5, 0xe5, 0xe5, 0xe5, 0xe5, 0xe5, 
	0xe5, 0xe5, 0xe5, 0xe5, 0xe5, 0xe5, 0xe5, 0xe5, 
	0xe5, 0xe5, 0xe5, 0xe5, 0xe5, 0xe5, 0xe5, 0xe5, 
	0xe5, 0xe5, 0xe5, 0xe5, 0xe5, 0xe5, 0xe5, 0xe5, 
	0xe5, 0xe5, 0xe5, 0xe5, 0xe5, 0xe5, 0xe5, 0xe5, 
	0xe5, 0xe5, 0xe5, 0xe5, 0xe5, 0xe5, 0xe5, 0xe5, 
	0xe5, 0xe5, 0xe5, 0xe5, 0xe5, 0xe5, 0xe5, 0xe5, 
	0xe5, 0xe5, 0xe5, 0xe5, 0xe5, 0xe5, 0xe5, 0xe5, 
	0xe5, 0xe5, 0xe5, 0xe5, 0xe5, 0xe5, 0xe5, 0xe5, 
	0xe5, 0xe5, 0xe5, 0xe5, 0xe5, 0xe5, 0xe5, 0xe5, 
	0xe5, 0xe5, 0xe5, 0xe5, 0xe5, 0xe5, 0xe5, 0xe5, 
	0xe5, 0xe5, 0xe5, 0xe5, 0xe5, 0xe5, 0xe5, 0xe5, 
	0xe5, 0xe5, 0xe5, 0xe5, 0x8c, 0x1f, 0x8c, 0x1f, 
	0x73, 0x5b, 0x4a, 0x99, 0x4a, 0x99, 0x73, 0x5b, 
	0x3a, 0x17, 0x3a, 0x17, 0x21, 0x93, 0x21, 0x93, 
	0x32, 0x15, 0x32, 0x15, 0x32, 0x15, 0x32, 0x15, 
	0x29, 0xd5, 0x42, 0x57, 0x29, 0xd5, 0x29, 0xd5, 
	0x29, 0xd5, 0x3a, 0x57, 0x3a, 0x57, 0x3a, 0x57, 
	0x21, 0xd5, 0x21, 0xd5, 0x21, 0xd5, 0x21, 0xd5, 
	0x11, 0x53, 0x31, 0xd7, 0x11, 0x53, 0x11, 0x53, 
	0x5a, 0xdb, 0x8b, 0xdf, 0x5a, 0xdb, 0x01, 0x11, 
	0x01, 0x11, 0x4a, 0x97, 0x19, 0x93, 0x19, 0x93, 
	0x09, 0x11, 0x09, 0x11, 0x09, 0x11, 0x09, 0x11, 
	0x01, 0x11, 0x01, 0x11, 0x29, 0xd5, 0x29, 0xd5, 
	0x01, 0x11, 0x01, 0x11, 0x21, 0xd5, 0x21, 0xd5, 
	0x4a, 0x99, 0x4a, 0x99, 0x73, 0x5d, 0x4a, 0x99, 
	0x63, 0x1b, 0x63, 0x1b, 0x63, 0x1b, 0x11, 0x51, 
	0x6b, 0x5d, 0x6b, 0x5d, 0x42, 0x57, 0x9c, 0x61, 
	0x63, 0x1b, 0x21, 0xd3, 0x01, 0x0f, 0x01, 0x0f, 
	0x19, 0x93, 0xb4, 0xe3, 0xb4, 0xe3, 0x83, 0x9d, 
	0x01, 0x0f, 0x01, 0x0f, 0x01, 0x0f, 0x01, 0x0f, 
	0x29, 0xd5, 0x09, 0x11, 0x09, 0x11, 0x09, 0x11, 
	0x09, 0x11, 0x09, 0x11, 0x09, 0x11, 0x09, 0x11, 
	0x11, 0x53, 0x11, 0x53, 0x4a, 0x97, 0xb4, 0xa1, 
	0x5a, 0xd9, 0xc5, 0x67, 0xc5, 0x67, 0xfe, 0xed, 
	0xf6, 0x69, 0xf6, 0x69, 0xfe, 0xeb, 0xfe, 0xeb, 
	0xf6, 0x69, 0xee, 0x29, 0xee, 0x29, 0xe5, 0xe7, 
	0xee, 0x69, 0xee, 0x69, 0xfe, 0xab, 0xfe, 0xab, 
	0xf6, 0xa9, 0xe5, 0xe7, 0xf6, 0xa9, 0xf6, 0xa9, 
	0xe5, 0xe7, 0xe5, 0xe7, 0xdd, 0xe5, 0xdd, 0xe5, 
	0xee, 0x27, 0xee, 0x27, 0xdd, 0xe5, 0xdd, 0xe5, 
	0xee, 0x29, 0xdd, 0xa5, 0xee, 0x29, 0xf6, 0xab, 
	0xf6, 0xa9, 0xf6, 0xa9, 0xcd, 0x63, 0xcd, 0x63, 
	0xfe, 0xab, 0xe5, 0xe7, 0xd5, 0xa5, 0xe5, 0xe7, 
	0xd5, 0xa5, 0xd5, 0xa5, 0xee, 0x6b, 0xee, 0x6b, 
	0xfe, 0xa9, 0xee, 0x27, 0xd5, 0xa5, 0xd5, 0xa5, 
	0xe5, 0xe5, 0xe5, 0xe5, 0xe5, 0xe5, 0xe5, 0xe5, 
	0xe5, 0xe5, 0xe5, 0xe5, 0xe5, 0xe5, 0xe5, 0xe5, 
	0xe5, 0xe5, 0xe5, 0xe5, 0xe5, 0xe5, 0xe5, 0xe5, 
	0xe5, 0xe5, 0xe5, 0xe5, 0xe5, 0xe5, 0xe5, 0xe5, 
	0xe5, 0xe5, 0xe5, 0xe5, 0xe5, 0xe5, 0xe5, 0xe5, 
	0xe5, 0xe5, 0xe5, 0xe5, 0xe5, 0xe5, 0xe5, 0xe5, 
	0xe5, 0xe5, 0xe5, 0xe5, 0xe5, 0xe5, 0xe5, 0xe5, 
	0xe5, 0xe5, 0xe5, 0xe5, 0xe5, 0xe5, 0xe5, 0xe5, 
	0xe5, 0xe5, 0xe5, 0xe5, 0xe5, 0xe5, 0xe5, 0xe5, 
	0xe5, 0xe5, 0xe5, 0xe5, 0xe5, 0xe5, 0xe5, 0xe5, 
	0xe5, 0xe5, 0xe5, 0xe5, 0xe5, 0xe5, 0xe5, 0xe5, 
	0xe5, 0xe5, 0xe5, 0xe5, 0xe5, 0xe5, 0xe5, 0xe5, 
	0xe5, 0xe5, 0xe5, 0xe5, 0xe5, 0xe5, 0xe5, 0xe5, 
	0xe5, 0xe5, 0xe5, 0xe5, 0xe5, 0xe5, 0xe5, 0xe5, 
	0xe5, 0xe5, 0xe5, 0xe5, 0xe5, 0xe5, 0xe5, 0xe5, 
	0xe5, 0xe5, 0xe5, 0xe5, 0xe5, 0xe5, 0xe5, 0xe5, 
	0xe5, 0xe5, 0xe5, 0xe5, 0xe5, 0xe5, 0xe5, 0xe5, 
	0xe5, 0xe5, 0xe5, 0xe5, 0xe5, 0xe5, 0xe5, 0xe5, 
	0xe5, 0xe5, 0xe5, 0xe5, 0xe5, 0xe5, 0xe5, 0xe5, 
	0xe5, 0xe5, 0xe5, 0xe5, 0xe5, 0xe5, 0xe5, 0xe5, 
	0xe5, 0xe5, 0xe5, 0xe5, 0xe5, 0xe5, 0xe5, 0xe5, 
	0xe5, 0xe5, 0xe5, 0xe5, 0xe5, 0xe5, 0xe5, 0xe5, 
	0xe5, 0xe5, 0xe5, 0xe5, 0xe5, 0xe5, 0xe5, 0xe5, 
	0xe5, 0xe5, 0xe5, 0xe5, 0xe5, 0xe5, 0xe5, 0xe5, 
	0xe5, 0xe5, 0xe5, 0xe5, 0xe5, 0xe5, 0xe5, 0xe5, 
	0xe5, 0xe5, 0xe5, 0xe5, 0xe5, 0xe5, 0xe5, 0xe5, 
	0xe5, 0xe5, 0xe5, 0xe5, 0xe5, 0xe5, 0xe5, 0xe5, 
	0xe5, 0xe5, 0xe5, 0xe5, 0xe5, 0xe5, 0xe5, 0xe5, 
	0xe5, 0xe5, 0xe5, 0xe5, 0xe5, 0xe5, 0xe5, 0xe5, 
	0xe5, 0xe5, 0xe5, 0xe5, 0xe5, 0xe5, 0xe5, 0xe5, 
	0xdd, 0xe5, 0xdd, 0xe5, 0xdd, 0xe5, 0xa4, 0x5f, 
	0x63, 0x1b, 0xc5, 0x25, 0xc5, 0x25, 0x94, 0x21, 
	0x3a, 0x57, 0x21, 0xd5, 0x21, 0xd5, 0x21, 0xd5, 
	0x21, 0x93, 0x21, 0x93, 0x3a, 0x57, 0x21, 0x93, 
	0x29, 0xd5, 0x29, 0xd5, 0x29, 0xd5, 0x29, 0xd5, 
	0x09, 0x11, 0x21, 0x93, 0x21, 0x93, 0x21, 0x93, 
	0x21, 0x95, 0x21, 0x95, 0x21, 0x95, 0x21, 0x95, 
	0x42, 0x57, 0x42, 0x57, 0x42, 0x57, 0x19, 0x93, 
	0x11, 0x53, 0x11, 0x53, 0x73, 0x5d, 0x73, 0x5d, 
	0x6b, 0x5d, 0x6b, 0x5d, 0x6b, 0x5d, 0x6b, 0x5d, 
	0x3a, 0x57, 0x3a, 0x57, 0x52, 0xd9, 0x3a, 0x57, 
	0x19, 0x93, 0x19, 0x93, 0x19, 0x93, 0x19, 0x93, 
	0x09, 0x11, 0x09, 0x11, 0x09, 0x11, 0x09, 0x11, 
	0x09, 0x11, 0x09, 0x11, 0x09, 0x11, 0x09, 0x11, 
	0x09, 0x11, 0x09, 0x11, 0x09, 0x11, 0x09, 0x11, 
	0x01, 0x11, 0x21, 0xd5, 0x21, 0xd5, 0x21, 0xd5, 
	0x6b, 0x1b, 0x6b, 0x1b, 0x09, 0x51, 0x29, 0xd5, 
	0x01, 0x0f, 0x01, 0x0f, 0x01, 0x0f, 0x32, 0x15, 
	0x5a, 0xd9, 0x42, 0x57, 0x5a, 0xd9, 0x21, 0xd3, 
	0x2a, 0x15, 0x2a, 0x15, 0x83, 0x9d, 0x2a, 0x15, 
	0x29, 0xd5, 0x29, 0xd5, 0x01, 0x11, 0x01, 0x11, 
	0x01, 0x11, 0x01, 0x11, 0x21, 0xd5, 0x6b, 0x5b, 
	0xe6, 0x27, 0xe6, 0x27, 0xe6, 0x27, 0xe6, 0x27, 
	0xfe, 0xed, 0xf6, 0x27, 0xf6, 0x69, 0xf6, 0x69, 
	0xfe, 0xab, 0xfe, 0xab, 0xfe, 0xab, 0xfe, 0xab, 
	0xfe, 0xed, 0xf6, 0xab, 0xee, 0x29, 0xfe, 0xed, 
	0xee, 0x29, 0xee, 0x29, 0xe5, 0xe7, 0xfe, 0xeb, 
	0xf6, 0x69, 0xdd, 0xe5, 0xdd, 0xe5, 0xf6, 0x69, 
	0xee, 0x27, 0xee, 0x27, 0xf6, 0xa9, 0xf6, 0xa9, 
	0xfe, 0xab, 0xe6, 0x27, 0xd5, 0xa5, 0xd5, 0xa5, 
	0xee, 0x29, 0xee, 0x29, 0xee, 0x29, 0xee, 0x29, 
	0xee, 0x29, 0xee, 0x29, 0xee, 0x29, 0xf6, 0x6b, 
	0xfe, 0xab, 0xee, 0x27, 0xfe, 0xab, 0xfe, 0xab, 
	0xf6, 0x69, 0xf6, 0x69, 0xe5, 0xe7, 0xd5, 0xa5, 
	0xd5, 0xa5, 0xe5, 0xe5, 0xe5, 0xe5, 0xe5, 0xe5, 
	0xe5, 0xe5, 0xe5, 0xe5, 0xe5, 0xe5, 0xe5, 0xe5, 
	0xe5, 0xe5, 0xe5, 0xe5, 0xe5, 0xe5, 0xe5, 0xe5, 
	0xe5, 0xe5, 0xe5, 0xe5, 0xe5, 0xe5, 0xe5, 0xe5, 
	0xe5, 0xe5, 0xe5, 0xe5, 0xe5, 0xe5, 0xe5, 0xe5, 
	0xe5, 0xe5, 0xe5, 0xe5, 0xe5, 0xe5, 0xe5, 0xe5, 
	0xe5, 0xe5, 0xe5, 0xe5, 0xe5, 0xe5, 0xe5, 0xe5, 
	0xe5, 0xe5, 0xe5, 0xe5, 0xe5, 0xe5, 0xe5, 0xe5, 
	0xe5, 0xe5, 0xe5, 0xe5, 0xe5, 0xe5, 0xe5, 0xe5, 
	0xe5, 0xe5, 0xe5, 0xe5, 0xe5, 0xe5, 0xe5, 0xe5, 
	0xe5, 0xe5, 0xe5, 0xe5, 0xe5, 0xe5, 0xe5, 0xe5, 
	0xe5, 0xe5, 0xe5, 0xe5, 0xe5, 0xe5, 0xe5, 0xe5, 
	0xe5, 0xe5, 0xe5, 0xe5, 0xe5, 0xe5, 0xe5, 0xe5, 
	0xe5, 0xe5, 0xe5, 0xe5, 0xe5, 0xe5, 0xe5, 0xe5, 
	0xe5, 0xe5, 0xe5, 0xe5, 0xe5, 0xe5, 0xe5, 0xe5, 
	0xe5, 0xe5, 0xe5, 0xe5, 0xe5, 0xe5, 0xe5, 0xe5, 
	0xe5, 0xe5, 0xe5, 0xe5, 0xe5, 0xe5, 0xe5, 0xe5, 
	0xe5, 0xe5, 0xe5, 0xe5, 0xe5, 0xe5, 0xe5, 0xe5, 
	0xe5, 0xe5, 0xe5, 0xe5, 0xe5, 0xe5, 0xe5, 0xe5, 
	0xe5, 0xe5, 0xe5, 0xe5, 0xe5, 0xe5, 0xe5, 0xe5, 
	0xe5, 0xe5, 0xe5, 0xe5, 0xe5, 0xe5, 0xe5, 0xe5, 
	0xe5, 0xe5, 0xe5, 0xe5, 0xe5, 0xe5, 0xe5, 0xe5, 
	0xe5, 0xe5, 0xe5, 0xe5, 0xe5, 0xe5, 0xe5, 0xe5, 
	0xe5, 0xe5, 0xe5, 0xe5, 0xe5, 0xe5, 0xe5, 0xe5, 
	0xe5, 0xe5, 0xe5, 0xe5, 0xe5, 0xe5, 0xe5, 0xe5, 
	0xe5, 0xe5, 0xe5, 0xe5, 0xe5, 0xe5, 0xe5, 0xe5, 
	0xe5, 0xe5, 0xe5, 0xe5, 0xe5, 0xe5, 0xe5, 0xe5, 
	0xe5, 0xe5, 0xe5, 0xe5, 0xe5, 0xe5, 0xe5, 0xe5, 
	0xe5, 0xe5, 0xe5, 0xe5, 0xe5, 0xe5, 0xe5, 0xe5, 
	0xe5, 0xe5, 0xe5, 0xe5, 0xe5, 0xe5, 0xe5, 0xe5, 
	0xdd, 0xe5, 0xa4, 0x5f, 0xa4, 0x5f, 0x8b, 0xdd, 
	0x63, 0x1b, 0x63, 0x1b, 0x31, 0xd7, 0x31, 0xd7, 
	0x5a, 0xdb, 0x3a, 0x57, 0x3a, 0x57, 0x5a, 0xdb, 
	0x3a, 0x57, 0x5a, 0xd9, 0x73, 0x5d, 0x73, 0x5d, 
	0x32, 0x15, 0x29, 0xd5, 0x29, 0xd5, 0x29, 0xd5, 
	0x21, 0x93, 0x32, 0x17, 0x21, 0x93, 0x21, 0x93, 
	0x4a, 0x99, 0x4a, 0x99, 0x21, 0x95, 0x21, 0x95, 
	0x19, 0x93, 0x19, 0x93, 0x19, 0x93, 0x19, 0x93, 
	0x11, 0x53, 0x11, 0x53, 0x11, 0x53, 0x11, 0x53, 
	0x09, 0x11, 0x09, 0x11, 0x29, 0xd5, 0x4a, 0x99, 
	0x3a, 0x57, 0x3a, 0x57, 0x52, 0xd9, 0x3a, 0x57, 
	0xa4, 0xa3, 0xa4, 0xa3, 0x73, 0x9d, 0x73, 0x9d, 
	0x73, 0x5d, 0x73, 0x5d, 0x73, 0x5d, 0x29, 0xd5, 
	0x29, 0xd5, 0x29, 0xd5, 0x09, 0x11, 0x09, 0x11, 
	0x09, 0x11, 0x09, 0x11, 0x09, 0x11, 0x09, 0x11, 
	0x01, 0x11, 0x01, 0x11, 0x01, 0x11, 0x01, 0x11, 
	0x09, 0x51, 0x09, 0x51, 0x09, 0x51, 0x09, 0x51, 
	0x01, 0x0f, 0x01, 0x0f, 0x01, 0x0f, 0x01, 0x0f, 
	0x21, 0xd3, 0x21, 0xd3, 0x09, 0x11, 0x09, 0x11, 
	0x01, 0x11, 0x01, 0x11, 0x2a, 0x15, 0x5a, 0xd9, 
	0x73, 0x5d, 0x73, 0x5d, 0x4a, 0x99, 0x01, 0x11, 
	0x4a, 0x97, 0x4a, 0x97, 0x4a, 0x97, 0x6b, 0x5b, 
	0xac, 0xa1, 0xe6, 0x27, 0xe6, 0x27, 0xe6, 0x27, 
	0xfe, 0xed, 0xf6, 0x27, 0xf6, 0x69, 0xf6, 0x69, 
	0xfe, 0xab, 0xe5, 0xe7, 0xdd, 0xa5, 0xe5, 0xe7, 
	0xf6, 0xab, 0xe5, 0xe7, 0xee, 0x29, 0xe5, 0xe7, 
	0xee, 0x29, 0xee, 0x29, 0xf6, 0x69, 0xfe, 0xeb, 
	0xfe, 0xab, 0xfe, 0xab, 0xf6, 0x69, 0xf6, 0x69, 
	0xee, 0x27, 0xee, 0x27, 0xdd, 0xe7, 0xee, 0x27, 
	0xe6, 0x27, 0xe6, 0x27, 0xbc, 0xe1, 0xbc, 0xe1, 
	0xee, 0x29, 0xfe, 0xab, 0xfe, 0xab, 0xfe, 0xab, 
	0xf6, 0x6b, 0xe5, 0xe7, 0xfe, 0xed, 0xee, 0x29, 
	0xfe, 0xab, 0xd5, 0xa5, 0xd5, 0xa5, 0xee, 0x27, 
	0xe5, 0xe7, 0xe5, 0xe7, 0xd5, 0xa5, 0xc5, 0x23, 
	0xcd, 0x23, 0xe5, 0xe5, 0xe5, 0xe5, 0xe5, 0xe5, 
	0xe5, 0xe5, 0xe5, 0xe5, 0xe5, 0xe5, 0xe5, 0xe5, 
	0xe5, 0xe5, 0xe5, 0xe5, 0xe5, 0xe5, 0xe5, 0xe5, 
	0xe5, 0xe5, 0xe5, 0xe5, 0xe5, 0xe5, 0xe5, 0xe5, 
	0xe5, 0xe5, 0xe5, 0xe5, 0xe5, 0xe5, 0xe5, 0xe5, 
	0xe5, 0xe5, 0xe5, 0xe5, 0xe5, 0xe5, 0xe5, 0xe5, 
	0xe5, 0xe5, 0xe5, 0xe5, 0xe5, 0xe5, 0xe5, 0xe5, 
	0xe5, 0xe5, 0xe5, 0xe5, 0xe5, 0xe5, 0xe5, 0xe5, 
	0xe5, 0xe5, 0xe5, 0xe5, 0xe5, 0xe5, 0xe5, 0xe5, 
	0xe5, 0xe5, 0xe5, 0xe5, 0xe5, 0xe5, 0xe5, 0xe5, 
	0xe5, 0xe5, 0xe5, 0xe5, 0xe5, 0xe5, 0xe5, 0xe5, 
	0xe5, 0xe5, 0xe5, 0xe5, 0xe5, 0xe5, 0xe5, 0xe5, 
	0xe5, 0xe5, 0xe5, 0xe5, 0xe5, 0xe5, 0xe5, 0xe5, 
	0xe5, 0xe5, 0xe5, 0xe5, 0xe5, 0xe5, 0xe5, 0xe5, 
	0xe5, 0xe5, 0xe5, 0xe5, 0xe5, 0xe5, 0xe5, 0xe5, 
	0xe5, 0xe5, 0xe5, 0xe5, 0xe5, 0xe5, 0xe5, 0xe5, 
	0xe5, 0xe5, 0xe5, 0xe5, 0xe5, 0xe5, 0xe5, 0xe5, 
	0xe5, 0xe5, 0xe5, 0xe5, 0xe5, 0xe5, 0xe5, 0xe5, 
	0xe5, 0xe5, 0xe5, 0xe5, 0xe5, 0xe5, 0xe5, 0xe5, 
	0xe5, 0xe5, 0xe5, 0xe5, 0xe5, 0xe5, 0xe5, 0xe5, 
	0xe5, 0xe5, 0xe5, 0xe5, 0xe5, 0xe5, 0xe5, 0xe5, 
	0xe5, 0xe5, 0xe5, 0xe5, 0xe5, 0xe5, 0xe5, 0xe5, 
	0xe5, 0xe5, 0xe5, 0xe5, 0xe5, 0xe5, 0xe5, 0xe5, 
	0xe5, 0xe5, 0xe5, 0xe5, 0xe5, 0xe5, 0xe5, 0xe5, 
	0xe5, 0xe5, 0xe5, 0xe5, 0xe5, 0xe5, 0xe5, 0xe5, 
	0xe5, 0xe5, 0xe5, 0xe5, 0xe5, 0xe5, 0xe5, 0xe5, 
	0xe5, 0xe5, 0xe5, 0xe5, 0xe5, 0xe5, 0xe5, 0xe5, 
	0xe5, 0xe5, 0xe5, 0xe5, 0xe5, 0xe5, 0xe5, 0xe5, 
	0xe5, 0xe5, 0xe5, 0xe5, 0xe5, 0xe5, 0xe5, 0xe5, 
	0xe5, 0xe5, 0xe5, 0xe5, 0xe5, 0xe5, 0xe5, 0xe5, 
	0xdd, 0xe5, 0xdd, 0xe5, 0xa4, 0x5f, 0x8b, 0xdd, 
	0x63, 0x1b, 0x63, 0x1b, 0x31, 0xd7, 0x31, 0xd7, 
	0x3a, 0x57, 0x21, 0xd5, 0x21, 0xd5, 0x21, 0xd5, 
	0x3a, 0x57, 0x21, 0x93, 0x3a, 0x57, 0x5a, 0xd9, 
	0x32, 0x15, 0x29, 0xd5, 0x29, 0xd5, 0x29, 0xd5, 
	0x32, 0x17, 0x32, 0x17, 0x4a, 0x99, 0x32, 0x17, 
	0x7b, 0x9d, 0x7b, 0x9d, 0xa4, 0xa1, 0xa4, 0xa1, 
	0x9c, 0x1f, 0x9c, 0x1f, 0x19, 0x93, 0x19, 0x93, 
	0x42, 0x57, 0x42, 0x57, 0x11, 0x53, 0x11, 0x53, 
	0x09, 0x11, 0x09, 0x11, 0x09, 0x11, 0x09, 0x11, 
	0x09, 0x11, 0x09, 0x11, 0x09, 0x11, 0x09, 0x11, 
	0x19, 0x93, 0x19, 0x93, 0x19, 0x93, 0x19, 0x93, 
	0x09, 0x11, 0x09, 0x11, 0x29, 0xd5, 0x52, 0x99, 
	0x63, 0x1b, 0x63, 0x1b, 0x63, 0x1b, 0x63, 0x1b, 
	0x6b, 0x5b, 0x6b, 0x5b, 0x6b, 0x5b, 0x6b, 0x5b, 
	0x6b, 0x1b, 0x6b, 0x1b, 0x4a, 0x97, 0x21, 0xd5, 
	0x29, 0xd5, 0x29, 0xd5, 0x09, 0x51, 0x09, 0x51, 
	0x01, 0x0f, 0x01, 0x0f, 0x01, 0x0f, 0x01, 0x0f, 
	0x09, 0x11, 0x09, 0x11, 0x09, 0x11, 0x09, 0x11, 
	0x01, 0x11, 0x01, 0x11, 0x01, 0x11, 0x01, 0x11, 
	0x01, 0x11, 0x01, 0x11, 0x29, 0xd5, 0x29, 0xd5, 
	0x01, 0x11, 0x01, 0x11, 0x21, 0xd5, 0x01, 0x11, 
	0x3a, 0x15, 0xe6, 0x27, 0xe6, 0x27, 0xac, 0xa1, 
	0xff, 0x2f, 0xfe, 0xed, 0xfe, 0xed, 0xfe, 0xed, 
	0xf6, 0x69, 0xdd, 0xa5, 0xe5, 0xe7, 0xfe, 0xab, 
	0xee, 0x29, 0xf6, 0xab, 0xf6, 0xab, 0xe5, 0xe7, 
	0xee, 0x29, 0xfe, 0xeb, 0xfe, 0xeb, 0xfe, 0xeb, 
	0xe6, 0x27, 0xe6, 0x27, 0xdd, 0xe5, 0xdd, 0xe5, 
	0xd5, 0x65, 0xdd, 0xe7, 0xd5, 0x65, 0xdd, 0xe7, 
	0xe6, 0x27, 0xfe, 0xab, 0xe6, 0x27, 0xe6, 0x27, 
	0xee, 0x29, 0xee, 0x29, 0xd5, 0xa5, 0xfe, 0xab, 
	0xfe, 0xed, 0xe5, 0xe7, 0xee, 0x29, 0xee, 0x29, 
	0xee, 0x27, 0xfe, 0xab, 0xc5, 0x21, 0xd5, 0xa5, 
	0xe5, 0xe7, 0xf6, 0x69, 0xf6, 0x69, 0xd5, 0xa5, 
	0xe5, 0xe5, 0xd5, 0xa5, 0xd5, 0xa5, 0xe5, 0xe5, 
	0xe5, 0xe5, 0xe5, 0xe5, 0xe5, 0xe5, 0xe5, 0xe5, 
	0xe5, 0xe5, 0xe5, 0xe5, 0xe5, 0xe5, 0xe5, 0xe5, 
	0xe5, 0xe5, 0xe5, 0xe5, 0xe5, 0xe5, 0xe5, 0xe5, 
	0xe5, 0xe5, 0xe5, 0xe5, 0xe5, 0xe5, 0xe5, 0xe5, 
	0xe5, 0xe5, 0xe5, 0xe5, 0xe5, 0xe5, 0xe5, 0xe5, 
	0xe5, 0xe5, 0xe5, 0xe5, 0xe5, 0xe5, 0xe5, 0xe5, 
	0xe5, 0xe5, 0xe5, 0xe5, 0xe5, 0xe5, 0xe5, 0xe5, 
	0xe5, 0xe5, 0xe5, 0xe5, 0xe5, 0xe5, 0xe5, 0xe5, 
	0xe5, 0xe5, 0xe5, 0xe5, 0xe5, 0xe5, 0xe5, 0xe5, 
	0xe5, 0xe5, 0xe5, 0xe5, 0xe5, 0xe5, 0xe5, 0xe5, 
	0xe5, 0xe5, 0xe5, 0xe5, 0xe5, 0xe5, 0xe5, 0xe5, 
	0xe5, 0xe5, 0xe5, 0xe5, 0xe5, 0xe5, 0xe5, 0xe5, 
	0xe5, 0xe5, 0xe5, 0xe5, 0xe5, 0xe5, 0xe5, 0xe5, 
	0xe5, 0xe5, 0xe5, 0xe5, 0xe5, 0xe5, 0xe5, 0xe5, 
	0xe5, 0xe5, 0xe5, 0xe5, 0xe5, 0xe5, 0xe5, 0xe5, 
	0xe5, 0xe5, 0xe5, 0xe5, 0xe5, 0xe5, 0xe5, 0xe5, 
	0xe5, 0xe5, 0xe5, 0xe5, 0xe5, 0xe5, 0xe5, 0xe5, 
	0xe5, 0xe5, 0xe5, 0xe5, 0xe5, 0xe5, 0xe5, 0xe5, 
	0xe5, 0xe5, 0xe5, 0xe5, 0xe5, 0xe5, 0xe5, 0xe5, 
	0xe5, 0xe5, 0xe5, 0xe5, 0xe5, 0xe5, 0xe5, 0xe5, 
	0xe5, 0xe5, 0xe5, 0xe5, 0xe5, 0xe5, 0xe5, 0xe5, 
	0xe5, 0xe5, 0xe5, 0xe5, 0xe5, 0xe5, 0xe5, 0xe5, 
	0xe5, 0xe5, 0xe5, 0xe5, 0xe5, 0xe5, 0xe5, 0xe5, 
	0xe5, 0xe5, 0xe5, 0xe5, 0xe5, 0xe5, 0xe5, 0xe5, 
	0xe5, 0xe5, 0xe5, 0xe5, 0xe5, 0xe5, 0xe5, 0xe5, 
	0xe5, 0xe5, 0xe5, 0xe5, 0xe5, 0xe5, 0xe5, 0xe5, 
	0xe5, 0xe5, 0xe5, 0xe5, 0xe5, 0xe5, 0xe5, 0xe5, 
	0xe5, 0xe5, 0xe5, 0xe5, 0xe5, 0xe5, 0xe5, 0xe5, 
	0xe5, 0xe5, 0xe5, 0xe5, 0xe5, 0xe5, 0xe5, 0xe5, 
	0xdd, 0xe5, 0xdd, 0xe5, 0xa4, 0x5f, 0xa4, 0x5f, 
	0xc5, 0x25, 0xc5, 0x25, 0xc5, 0x25, 0x94, 0x21, 
	0x73, 0x5d, 0x73, 0x5d, 0x3a, 0x57, 0x5a, 0xdb, 
	0x21, 0x93, 0x21, 0x93, 0x21, 0x93, 0x21, 0x93, 
	0x19, 0x93, 0x42, 0x57, 0x32, 0x15, 0x29, 0xd5, 
	0x09, 0x11, 0x21, 0x93, 0x09, 0x11, 0x09, 0x11, 
	0x21, 0x95, 0x21, 0x95, 0x21, 0x95, 0x4a, 0x99, 
	0x73, 0x5b, 0x73, 0x5b, 0x19, 0x93, 0x42, 0x57, 
	0x73, 0x5d, 0xa4, 0x61, 0x73, 0x5d, 0x73, 0x5d, 
	0x6b, 0x5d, 0x6b, 0x5d, 0x6b, 0x5d, 0x6b, 0x5d, 
	0x3a, 0x57, 0x52, 0xd9, 0x3a, 0x57, 0x09, 0x11, 
	0x19, 0x93, 0x19, 0x93, 0x19, 0x93, 0x19, 0x93, 
	0x09, 0x11, 0x09, 0x11, 0x09, 0x11, 0x09, 0x11, 
	0x09, 0x11, 0x09, 0x11, 0x09, 0x11, 0x09, 0x11, 
	0x29, 0xd5, 0x29, 0xd5, 0x09, 0x11, 0x09, 0x11, 
	0x21, 0xd5, 0x4a, 0x97, 0x6b, 0x1b, 0x6b, 0x1b, 
	0x6b, 0x1b, 0x6b, 0x1b, 0x09, 0x51, 0x09, 0x51, 
	0x4a, 0x99, 0x4a, 0x99, 0x4a, 0x99, 0x4a, 0x99, 
	0x21, 0xd3, 0x21, 0xd3, 0x09, 0x11, 0x09, 0x11, 
	0x01, 0x11, 0x01, 0x11, 0x01, 0x11, 0x01, 0x11, 
	0x01, 0x11, 0x01, 0x11, 0x01, 0x11, 0x01, 0x11, 
	0x01, 0x11, 0x01, 0x11, 0x01, 0x11, 0x01, 0x11, 
	0x3a, 0x15, 0xe6, 0x27, 0xe6, 0x27, 0xe6, 0x27, 
	0xff, 0x2f, 0xfe, 0xed, 0xfe, 0xed, 0xfe, 0xed, 
	0xf6, 0x69, 0xf6, 0x69, 0xf6, 0x69, 0xfe, 0xab, 
	0xfe, 0xed, 0xfe, 0xed, 0xfe, 0xed, 0xfe, 0xed, 
	0xee, 0x29, 0xe5, 0xe7, 0xf6, 0x69, 0xe5, 0xe7, 
	0xe6, 0x27, 0xe6, 0x27, 0xdd, 0xe5, 0xdd, 0xe5, 
	0xee, 0x27, 0xf6, 0xa9, 0xee, 0x27, 0xf6, 0xa9, 
	0xe6, 0x27, 0xe6, 0x27, 0xe6, 0x27, 0xe6, 0x27, 
	0xd5, 0xa5, 0xd5, 0xa5, 0xc5, 0x23, 0xc5, 0x23, 
	0xee, 0x29, 0xee, 0x29, 0xee, 0x29, 0xfe, 0xed, 
	0xfe, 0xab, 0xee, 0x27, 0xc5, 0x21, 0xd5, 0xa5, 
	0xf6, 0x69, 0xf6, 0x69, 0xf6, 0x69, 0xf6, 0x69, 
	0xbc, 0xe3, 0xd5, 0xa5, 0xcd, 0x23, 0xe5, 0xe5, 
	0xe5, 0xe5, 0xe5, 0xe5, 0xe5, 0xe5, 0xe5, 0xe5, 
	0xe5, 0xe5, 0xe5, 0xe5, 0xe5, 0xe5, 0xe5, 0xe5, 
	0xe5, 0xe5, 0xe5, 0xe5, 0xe5, 0xe5, 0xe5, 0xe5, 
	0xe5, 0xe5, 0xe5, 0xe5, 0xe5, 0xe5, 0xe5, 0xe5, 
	0xe5, 0xe5, 0xe5, 0xe5, 0xe5, 0xe5, 0xe5, 0xe5, 
	0xe5, 0xe5, 0xe5, 0xe5, 0xe5, 0xe5, 0xe5, 0xe5, 
	0xe5, 0xe5, 0xe5, 0xe5, 0xe5, 0xe5, 0xe5, 0xe5, 
	0xe5, 0xe5, 0xe5, 0xe5, 0xe5, 0xe5, 0xe5, 0xe5, 
	0xe5, 0xe5, 0xe5, 0xe5, 0xe5, 0xe5, 0xe5, 0xe5, 
	0xe5, 0xe5, 0xe5, 0xe5, 0xe5, 0xe5, 0xe5, 0xe5, 
	0xe5, 0xe5, 0xe5, 0xe5, 0xe5, 0xe5, 0xe5, 0xe5, 
	0xe5, 0xe5, 0xe5, 0xe5, 0xe5, 0xe5, 0xe5, 0xe5, 
	0xe5, 0xe5, 0xe5, 0xe5, 0xe5, 0xe5, 0xe5, 0xe5, 
	0xe5, 0xe5, 0xe5, 0xe5, 0xe5, 0xe5, 0xe5, 0xe5, 
	0xe5, 0xe5, 0xe5, 0xe5, 0xe5, 0xe5, 0xe5, 0xe5, 
	0xe5, 0xe5, 0xe5, 0xe5, 0xe5, 0xe5, 0xe5, 0xe5, 
	0xe5, 0xe5, 0xe5, 0xe5, 0xe5, 0xe5, 0xe5, 0xe5, 
	0xe5, 0xe5, 0xe5, 0xe5, 0xe5, 0xe5, 0xe5, 0xe5, 
	0xe5, 0xe5, 0xe5, 0xe5, 0xe5, 0xe5, 0xe5, 0xe5, 
	0xe5, 0xe5, 0xe5, 0xe5, 0xe5, 0xe5, 0xe5, 0xe5, 
	0xe5, 0xe5, 0xe5, 0xe5, 0xe5, 0xe5, 0xe5, 0xe5, 
	0xe5, 0xe5, 0xe5, 0xe5, 0xe5, 0xe5, 0xe5, 0xe5, 
	0xe5, 0xe5, 0xe5, 0xe5, 0xe5, 0xe5, 0xe5, 0xe5, 
	0xe5, 0xe5, 0xe5, 0xe5, 0xe5, 0xe5, 0xe5, 0xe5, 
	0xe5, 0xe5, 0xe5, 0xe5, 0xe5, 0xe5, 0xe5, 0xe5, 
	0xe5, 0xe5, 0xe5, 0xe5, 0xe5, 0xe5, 0xe5, 0xe5, 
	0xe5, 0xe5, 0xe5, 0xe5, 0xe5, 0xe5, 0xe5, 0xe5, 
	0xe5, 0xe5, 0xe5, 0xe5, 0xe5, 0xe5, 0xe5, 0xe5, 
	0xe5, 0xe5, 0xe5, 0xe5, 0xe5, 0xe5, 0xe5, 0xe5, 
	0x5a, 0xdb, 0x5a, 0xdb, 0x5a, 0xdb, 0x5a, 0xdb, 
	0x73, 0x5d, 0x42, 0x57, 0x73, 0x5d, 0x42, 0x57, 
	0x5a, 0xd9, 0x5a, 0xd9, 0x5a, 0xd9, 0xb4, 0xe3, 
	0x7b, 0x9f, 0xbd, 0x25, 0x42, 0x57, 0x42, 0x57, 
	0x7b, 0x9d, 0x7b, 0x9d, 0xb4, 0xe3, 0xb4, 0xe3, 
	0x42, 0x57, 0xac, 0xa3, 0xac, 0xa3, 0x73, 0x5d, 
	0x21, 0x93, 0x21, 0x93, 0x21, 0x93, 0x21, 0x93, 
	0x11, 0x53, 0x11, 0x53, 0x11, 0x53, 0x11, 0x53, 
	0x11, 0x53, 0x11, 0x53, 0x11, 0x53, 0x11, 0x53, 
	0x52, 0x99, 0x29, 0xd3, 0x29, 0xd3, 0x29, 0xd3, 
	0x42, 0x57, 0x42, 0x57, 0x73, 0x9d, 0x73, 0x9d, 
	0x73, 0x5d, 0x73, 0x5d, 0x73, 0x5d, 0x73, 0x5d, 
	0x73, 0x5d, 0x73, 0x5d, 0x52, 0x99, 0x52, 0x99, 
	0x3a, 0x57, 0x09, 0x11, 0x09, 0x11, 0x09, 0x11, 
	0x01, 0x0f, 0x01, 0x0f, 0x01, 0x0f, 0x01, 0x0f, 
	0x09, 0x11, 0x09, 0x11, 0x09, 0x11, 0x09, 0x11, 
	0x09, 0x11, 0x09, 0x11, 0x09, 0x11, 0x09, 0x11, 
	0x32, 0x15, 0x11, 0x51, 0x32, 0x15, 0x52, 0x99, 
	0x42, 0x57, 0x5a, 0xdb, 0x42, 0x57, 0x42, 0x57, 
	0x6b, 0x5b, 0x6b, 0x5b, 0x6b, 0x5b, 0x6b, 0x5b, 
	0x6b, 0x1b, 0x6b, 0x1b, 0x6b, 0x1b, 0x6b, 0x1b, 
	0x19, 0x93, 0x4a, 0x99, 0x32, 0x15, 0x19, 0x93, 
	0x52, 0xd9, 0xdd, 0xe7, 0xdd, 0xe7, 0xdd, 0xe7, 
	0xf6, 0x6b, 0xf6, 0xab, 0xf6, 0xab, 0xf6, 0xab, 
	0xfe, 0xed, 0xfe, 0xed, 0xee, 0x27, 0xe5, 0xe5, 
	0xfe, 0xeb, 0xfe, 0xeb, 0xee, 0x27, 0xee, 0x27, 
	0xf6, 0x69, 0xdd, 0xa5, 0xfe, 0xab, 0xe5, 0xe7, 
	0xf6, 0x6b, 0xf6, 0x6b, 0xfe, 0xed, 0xfe, 0xed, 
	0xe5, 0xe5, 0xe5, 0xe5, 0xf6, 0x67, 0xf6, 0x67, 
	0xdd, 0xe7, 0xd5, 0xa5, 0xd5, 0xa5, 0xc5, 0x23, 
	0xd5, 0x65, 0xdd, 0xa7, 0xd5, 0x65, 0xdd, 0xa7, 
	0xee, 0x29, 0xee, 0x29, 0xf6, 0x6b, 0xf6, 0x6b, 
	0xf6, 0x69, 0xe5, 0xe7, 0xd5, 0xa5, 0xc5, 0x23, 
	0xc5, 0x23, 0xdd, 0xa5, 0xee, 0x29, 0xdd, 0xa5, 
	0xe5, 0xe7, 0xf6, 0x69, 0xfe, 0xab, 0xe5, 0xe7, 
	0xdd, 0xe5, 0xdd, 0xe5, 0xe5, 0xe5, 0xe5, 0xe5, 
	0xe5, 0xe5, 0xe5, 0xe5, 0xe5, 0xe5, 0xe5, 0xe5, 
	0xe5, 0xe5, 0xe5, 0xe5, 0xe5, 0xe5, 0xe5, 0xe5, 
	0xe5, 0xe5, 0xe5, 0xe5, 0xe5, 0xe5, 0xe5, 0xe5, 
	0xe5, 0xe5, 0xe5, 0xe5, 0xe5, 0xe5, 0xe5, 0xe5, 
	0xe5, 0xe5, 0xe5, 0xe5, 0xe5, 0xe5, 0xe5, 0xe5, 
	0xe5, 0xe5, 0xe5, 0xe5, 0xe5, 0xe5, 0xe5, 0xe5, 
	0xe5, 0xe5, 0xe5, 0xe5, 0xe5, 0xe5, 0xe5, 0xe5, 
	0xe5, 0xe5, 0xe5, 0xe5, 0xe5, 0xe5, 0xe5, 0xe5, 
	0xe5, 0xe5, 0xe5, 0xe5, 0xe5, 0xe5, 0xe5, 0xe5, 
	0xe5, 0xe5, 0xe5, 0xe5, 0xe5, 0xe5, 0xe5, 0xe5, 
	0xe5, 0xe5, 0xe5, 0xe5, 0xe5, 0xe5, 0xe5, 0xe5, 
	0xe5, 0xe5, 0xe5, 0xe5, 0xe5, 0xe5, 0xe5, 0xe5, 
	0xe5, 0xe5, 0xe5, 0xe5, 0xe5, 0xe5, 0xe5, 0xe5, 
	0xe5, 0xe5, 0xe5, 0xe5, 0xe5, 0xe5, 0xe5, 0xe5, 
	0xe5, 0xe5, 0xe5, 0xe5, 0xe5, 0xe5, 0xe5, 0xe5, 
	0xe5, 0xe5, 0xe5, 0xe5, 0xe5, 0xe5, 0xe5, 0xe5, 
	0xe5, 0xe5, 0xe5, 0xe5, 0xe5, 0xe5, 0xe5, 0xe5, 
	0xe5, 0xe5, 0xe5, 0xe5, 0xe5, 0xe5, 0xe5, 0xe5, 
	0xe5, 0xe5, 0xe5, 0xe5, 0xe5, 0xe5, 0xe5, 0xe5, 
	0xe5, 0xe5, 0xe5, 0xe5, 0xe5, 0xe5, 0xe5, 0xe5, 
	0xe5, 0xe5, 0xe5, 0xe5, 0xe5, 0xe5, 0xe5, 0xe5, 
	0xe5, 0xe5, 0xe5, 0xe5, 0xe5, 0xe5, 0xe5, 0xe5, 
	0xe5, 0xe5, 0xe5, 0xe5, 0xe5, 0xe5, 0xe5, 0xe5, 
	0xe5, 0xe5, 0xe5, 0xe5, 0xe5, 0xe5, 0xe5, 0xe5, 
	0xe5, 0xe5, 0xe5, 0xe5, 0xe5, 0xe5, 0xe5, 0xe5, 
	0xe5, 0xe5, 0xe5, 0xe5, 0xe5, 0xe5, 0xe5, 0xe5, 
	0xe5, 0xe5, 0xe5, 0xe5, 0xe5, 0xe5, 0xe5, 0xe5, 
	0xe5, 0xe5, 0xe5, 0xe5, 0xe5, 0xe5, 0xe5, 0xe5, 
	0xc5, 0x25, 0xc5, 0x25, 0xc5, 0x25, 0xc5, 0x25, 
	0x73, 0x5d, 0x42, 0x57, 0x42, 0x57, 0x42, 0x57, 
	0x29, 0xd5, 0x5a, 0xd9, 0x29, 0xd5, 0x29, 0xd5, 
	0x42, 0x57, 0x7b, 0x9f, 0x42, 0x57, 0x42, 0x57, 
	0x42, 0x57, 0x42, 0x57, 0x7b, 0x9d, 0xb4, 0xe3, 
	0x42, 0x57, 0x42, 0x57, 0x73, 0x5d, 0xac, 0xa3, 
	0xc5, 0x27, 0x8c, 0x21, 0xc5, 0x27, 0x8c, 0x21, 
	0x73, 0x9d, 0x73, 0x9d, 0x42, 0x57, 0x11, 0x53, 
	0x11, 0x53, 0x11, 0x53, 0x11, 0x53, 0x11, 0x53, 
	0x01, 0x0f, 0x01, 0x0f, 0x01, 0x0f, 0x01, 0x0f, 
	0x11, 0x53, 0x11, 0x53, 0x11, 0x53, 0x11, 0x53, 
	0x19, 0x93, 0x19, 0x93, 0x19, 0x93, 0x19, 0x93, 
	0x52, 0x99, 0x52, 0x99, 0x52, 0x99, 0x73, 0x5d, 
	0xa4, 0xa3, 0xa4, 0xa3, 0x73, 0x5d, 0x73, 0x5d, 
	0x73, 0x5d, 0x73, 0x5d, 0x73, 0x5d, 0x29, 0xd3, 
	0x42, 0x97, 0x42, 0x97, 0x29, 0xd5, 0x09, 0x11, 
	0x09, 0x11, 0x09, 0x11, 0x09, 0x11, 0x09, 0x11, 
	0x11, 0x51, 0x11, 0x51, 0x11, 0x51, 0x11, 0x51, 
	0x42, 0x57, 0x21, 0xd5, 0x09, 0x11, 0x09, 0x11, 
	0x09, 0x11, 0x09, 0x11, 0x09, 0x11, 0x09, 0x11, 
	0x09, 0x11, 0x09, 0x11, 0x29, 0xd5, 0x4a, 0x97, 
	0x19, 0x93, 0x32, 0x15, 0x4a, 0x99, 0x32, 0x15, 
	0x09, 0x11, 0xdd, 0xe7, 0xdd, 0xe7, 0xdd, 0xe7, 
	0xf6, 0xab, 0xf6, 0xab, 0xfe, 0xed, 0xf6, 0xab, 
	0xf6, 0xab, 0xee, 0x27, 0xee, 0x27, 0xe5, 0xe5, 
	0xee, 0x27, 0xd5, 0x65, 0xee, 0x27, 0xee, 0x27, 
	0xf6, 0x69, 0xf6, 0x69, 0xfe, 0xab, 0xfe, 0xab, 
	0xfe, 0xed, 0xfe, 0xed, 0xf6, 0x6b, 0xe5, 0xe7, 
	0xe5, 0xe5, 0xe5, 0xe5, 0xf6, 0x67, 0xf6, 0x67, 
	0xd5, 0xa5, 0xc5, 0x23, 0xdd, 0xe7, 0xdd, 0xe7, 
	0xee, 0x69, 0xee, 0x69, 0xee, 0x69, 0xee, 0x69, 
	0xf6, 0x6b, 0xdd, 0xe5, 0xf6, 0x6b, 0xf6, 0x6b, 
	0xe5, 0xe7, 0xe5, 0xe7, 0xf6, 0x69, 0xd5, 0xa5, 
	0xc5, 0x23, 0xdd, 0xa5, 0xee, 0x29, 0xdd, 0xa5, 
	0xf6, 0x69, 0xf6, 0x69, 0xfe, 0xab, 0xdd, 0xa5, 
	0xdd, 0xe5, 0xdd, 0xe5, 0xe5, 0xe5, 0xe5, 0xe5, 
	0xe5, 0xe5, 0xe5, 0xe5, 0xe5, 0xe5, 0xe5, 0xe5, 
	0xe5, 0xe5, 0xe5, 0xe5, 0xe5, 0xe5, 0xe5, 0xe5, 
	0xe5, 0xe5, 0xe5, 0xe5, 0xe5, 0xe5, 0xe5, 0xe5, 
	0xe5, 0xe5, 0xe5, 0xe5, 0xe5, 0xe5, 0xe5, 0xe5, 
	0xe5, 0xe5, 0xe5, 0xe5, 0xe5, 0xe5, 0xe5, 0xe5, 
	0xe5, 0xe5, 0xe5, 0xe5, 0xe5, 0xe5, 0xe5, 0xe5, 
	0xe5, 0xe5, 0xe5, 0xe5, 0xe5, 0xe5, 0xe5, 0xe5, 
	0xe5, 0xe5, 0xe5, 0xe5, 0xe5, 0xe5, 0xe5, 0xe5, 
	0xe5, 0xe5, 0xe5, 0xe5, 0xe5, 0xe5, 0xe5, 0xe5, 
	0xe5, 0xe5, 0xe5, 0xe5, 0xe5, 0xe5, 0xe5, 0xe5, 
	0xe5, 0xe5, 0xe5, 0xe5, 0xe5, 0xe5, 0xe5, 0xe5, 
	0xe5, 0xe5, 0xe5, 0xe5, 0xe5, 0xe5, 0xe5, 0xe5, 
	0xe5, 0xe5, 0xe5, 0xe5, 0xe5, 0xe5, 0xe5, 0xe5, 
	0xe5, 0xe5, 0xe5, 0xe5, 0xe5, 0xe5, 0xe5, 0xe5, 
	0xe5, 0xe5, 0xe5, 0xe5, 0xe5, 0xe5, 0xe5, 0xe5, 
	0xe5, 0xe5, 0xe5, 0xe5, 0xe5, 0xe5, 0xe5, 0xe5, 
	0xe5, 0xe5, 0xe5, 0xe5, 0xe5, 0xe5, 0xe5, 0xe5, 
	0xe5, 0xe5, 0xe5, 0xe5, 0xe5, 0xe5, 0xe5, 0xe5, 
	0xe5, 0xe5, 0xe5, 0xe5, 0xe5, 0xe5, 0xe5, 0xe5, 
	0xe5, 0xe5, 0xe5, 0xe5, 0xe5, 0xe5, 0xe5, 0xe5, 
	0xe5, 0xe5, 0xe5, 0xe5, 0xe5, 0xe5, 0xe5, 0xe5, 
	0xe5, 0xe5, 0xe5, 0xe5, 0xe5, 0xe5, 0xe5, 0xe5, 
	0xe5, 0xe5, 0xe5, 0xe5, 0xe5, 0xe5, 0xe5, 0xe5, 
	0xe5, 0xe5, 0xe5, 0xe5, 0xe5, 0xe5, 0xe5, 0xe5, 
	0xe5, 0xe5, 0xe5, 0xe5, 0xe5, 0xe5, 0xe5, 0xe5, 
	0xe5, 0xe5, 0xe5, 0xe5, 0xe5, 0xe5, 0xe5, 0xe5, 
	0xe5, 0xe5, 0xe5, 0xe5, 0xe5, 0xe5, 0xe5, 0xe5, 
	0xe5, 0xe5, 0xe5, 0xe5, 0xe5, 0xe5, 0xe5, 0xe5, 
	0x94, 0x1f, 0xc5, 0x25, 0x94, 0x1f, 0xc5, 0x25, 
	0xcd, 0x67, 0x9c, 0x61, 0xcd, 0x67, 0xcd, 0x67, 
	0xb4, 0xe3, 0x83, 0xdf, 0x5a, 0xd9, 0x5a, 0xd9, 
	0xbd, 0x25, 0x42, 0x57, 0x00, 0xd1, 0x00, 0xd1, 
	0x42, 0x57, 0x09, 0x11, 0x09, 0x11, 0x09, 0x11, 
	0x09, 0x11, 0x09, 0x11, 0x09, 0x11, 0x09, 0x11, 
	0x21, 0x93, 0x21, 0x93, 0x5a, 0xd9, 0x5a, 0xd9, 
	0xa4, 0xa1, 0xa4, 0xa1, 0xa4, 0xa1, 0xa4, 0xa1, 
	0xa4, 0xa1, 0xa4, 0xa1, 0x73, 0x9d, 0x42, 0x57, 
	0x52, 0x99, 0x52, 0x99, 0x7b, 0x9d, 0x29, 0xd3, 
	0x42, 0x57, 0x42, 0x57, 0x11, 0x53, 0x11, 0x53, 
	0x4a, 0x97, 0x4a, 0x97, 0x19, 0x93, 0x19, 0x93, 
	0x29, 0xd5, 0x29, 0xd5, 0x09, 0x11, 0x09, 0x11, 
	0x09, 0x11, 0x09, 0x11, 0x09, 0x11, 0x3a, 0x57, 
	0x29, 0xd3, 0x29, 0xd3, 0x29, 0xd3, 0x4a, 0x99, 
	0x63, 0x1b, 0x63, 0x1b, 0x63, 0x1b, 0x63, 0x1b, 
	0x63, 0x1b, 0x63, 0x1b, 0x63, 0x1b, 0x63, 0x1b, 
	0x73, 0x5d, 0x73, 0x5d, 0x73, 0x5d, 0x11, 0x51, 
	0x21, 0xd5, 0x5a, 0xdb, 0x21, 0xd5, 0x21, 0xd5, 
	0x09, 0x11, 0x09, 0x11, 0x09, 0x11, 0x09, 0x11, 
	0x09, 0x11, 0x09, 0x11, 0x09, 0x11, 0x09, 0x11, 
	0x01, 0x0f, 0x01, 0x0f, 0x01, 0x0f, 0x01, 0x0f, 
	0x09, 0x11, 0x52, 0xd9, 0xdd, 0xe7, 0xdd, 0xe7, 
	0xf6, 0x6b, 0xf6, 0xab, 0xee, 0x29, 0xee, 0x29, 
	0xf6, 0xab, 0xfe, 0xed, 0xf6, 0xab, 0xfe, 0xed, 
	0xfe, 0xeb, 0xfe, 0xeb, 0xfe, 0xeb, 0xfe, 0xeb, 
	0xfe, 0xab, 0xfe, 0xab, 0xfe, 0xab, 0xfe, 0xab, 
	0xf6, 0x6b, 0xf6, 0x6b, 0xe5, 0xe7, 0xdd, 0xa5, 
	0xe5, 0xe5, 0xf6, 0x67, 0xe5, 0xe5, 0xe5, 0xe5, 
	0xdd, 0xe7, 0xd5, 0xa5, 0xee, 0x69, 0xd5, 0xa5, 
	0xee, 0x69, 0xe5, 0xe7, 0xee, 0x69, 0xee, 0x69, 
	0xe5, 0xe7, 0xdd, 0xe5, 0xee, 0x29, 0xee, 0x29, 
	0xf6, 0x69, 0xf6, 0x69, 0xe5, 0xe7, 0xf6, 0x69, 
	0xdd, 0xa5, 0xb4, 0x9f, 0xee, 0x29, 0xee, 0x29, 
	0xe5, 0xe7, 0xf6, 0x69, 0xf6, 0x69, 0xdd, 0xa5, 
	0xe5, 0xe5, 0xe5, 0xe5, 0xe5, 0xe5, 0xe5, 0xe5, 
	0xe5, 0xe5, 0xe5, 0xe5, 0xe5, 0xe5, 0xe5, 0xe5, 
	0xe5, 0xe5, 0xe5, 0xe5, 0xe5, 0xe5, 0xe5, 0xe5, 
	0xe5, 0xe5, 0xe5, 0xe5, 0xe5, 0xe5, 0xe5, 0xe5, 
	0xe5, 0xe5, 0xe5, 0xe5, 0xe5, 0xe5, 0xe5, 0xe5, 
	0xe5, 0xe5, 0xe5, 0xe5, 0xe5, 0xe5, 0xe5, 0xe5, 
	0xe5, 0xe5, 0xe5, 0xe5, 0xe5, 0xe5, 0xe5, 0xe5, 
	0xe5, 0xe5, 0xe5, 0xe5, 0xe5, 0xe5, 0xe5, 0xe5, 
	0xe5, 0xe5, 0xe5, 0xe5, 0xe5, 0xe5, 0xe5, 0xe5, 
	0xe5, 0xe5, 0xe5, 0xe5, 0xe5, 0xe5, 0xe5, 0xe5, 
	0xe5, 0xe5, 0xe5, 0xe5, 0xe5, 0xe5, 0xe5, 0xe5, 
	0xe5, 0xe5, 0xe5, 0xe5, 0xe5, 0xe5, 0xe5, 0xe5, 
	0xe5, 0xe5, 0xe5, 0xe5, 0xe5, 0xe5, 0xe5, 0xe5, 
	0xe5, 0xe5, 0xe5, 0xe5, 0xe5, 0xe5, 0xe5, 0xe5, 
	0xe5, 0xe5, 0xe5, 0xe5, 0xe5, 0xe5, 0xe5, 0xe5, 
	0xe5, 0xe5, 0xe5, 0xe5, 0xe5, 0xe5, 0xe5, 0xe5, 
	0xe5, 0xe5, 0xe5, 0xe5, 0xe5, 0xe5, 0xe5, 0xe5, 
	0xe5, 0xe5, 0xe5, 0xe5, 0xe5, 0xe5, 0xe5, 0xe5, 
	0xe5, 0xe5, 0xe5, 0xe5, 0xe5, 0xe5, 0xe5, 0xe5, 
	0xe5, 0xe5, 0xe5, 0xe5, 0xe5, 0xe5, 0xe5, 0xe5, 
	0xe5, 0xe5, 0xe5, 0xe5, 0xe5, 0xe5, 0xe5, 0xe5, 
	0xe5, 0xe5, 0xe5, 0xe5, 0xe5, 0xe5, 0xe5, 0xe5, 
	0xe5, 0xe5, 0xe5, 0xe5, 0xe5, 0xe5, 0xe5, 0xe5, 
	0xe5, 0xe5, 0xe5, 0xe5, 0xe5, 0xe5, 0xe5, 0xe5, 
	0xe5, 0xe5, 0xe5, 0xe5, 0xe5, 0xe5, 0xe5, 0xe5, 
	0xe5, 0xe5, 0xe5, 0xe5, 0xe5, 0xe5, 0xe5, 0xe5, 
	0xe5, 0xe5, 0xe5, 0xe5, 0xe5, 0xe5, 0xe5, 0xe5, 
	0xe5, 0xe5, 0xe5, 0xe5, 0xe5, 0xe5, 0xe5, 0xe5, 
	0xe5, 0xe5, 0xe5, 0xe5, 0xe5, 0xe5, 0xe5, 0xe5, 
	0x94, 0x1f, 0x5a, 0xdb, 0x29, 0xd5, 0x29, 0xd5, 
	0x42, 0x57, 0x42, 0x57, 0x42, 0x57, 0x73, 0x5d, 
	0x83, 0xdf, 0xb4, 0xe3, 0xb4, 0xe3, 0x83, 0xdf, 
	0xbd, 0x25, 0x42, 0x57, 0x42, 0x57, 0x42, 0x57, 
	0xb4, 0xe3, 0x7b, 0x9d, 0x7b, 0x9d, 0x7b, 0x9d, 
	0x73, 0x5d, 0x73, 0x5d, 0x73, 0x5d, 0x42, 0x57, 
	0x21, 0x93, 0x21, 0x93, 0x21, 0x93, 0x21, 0x93, 
	0x11, 0x53, 0x42, 0x57, 0x11, 0x53, 0x42, 0x57, 
	0x11, 0x53, 0x42, 0x57, 0x73, 0x9d, 0x42, 0x57, 
	0x52, 0x99, 0x52, 0x99, 0x7b, 0x9d, 0x7b, 0x9d, 
	0x73, 0x9d, 0xa4, 0xa1, 0xa4, 0xa1, 0x42, 0x57, 
	0x73, 0x5d, 0xa4, 0x61, 0xa4, 0x61, 0x4a, 0x97, 
	0x73, 0x5d, 0x73, 0x5d, 0x52, 0x99, 0x52, 0x99, 
	0x3a, 0x57, 0x09, 0x11, 0x09, 0x11, 0x09, 0x11, 
	0x01, 0x0f, 0x01, 0x0f, 0x01, 0x0f, 0x01, 0x0f, 
	0x09, 0x11, 0x09, 0x11, 0x09, 0x11, 0x09, 0x11, 
	0x09, 0x11, 0x09, 0x11, 0x09, 0x11, 0x09, 0x11, 
	0x11, 0x51, 0x32, 0x15, 0x32, 0x15, 0x11, 0x51, 
	0x21, 0xd5, 0x21, 0xd5, 0x42, 0x57, 0x5a, 0xdb, 
	0x6b, 0x5b, 0x6b, 0x5b, 0x6b, 0x5b, 0x6b, 0x5b, 
	0x6b, 0x1b, 0x6b, 0x1b, 0x29, 0xd5, 0x29, 0xd5, 
	0x19, 0x93, 0x19, 0x93, 0x32, 0x15, 0x19, 0x93, 
	0x09, 0x11, 0x09, 0x11, 0xdd, 0xe7, 0xdd, 0xe7, 
	0xf6, 0xab, 0xf6, 0xab, 0xee, 0x29, 0xfe, 0xed, 
	0xee, 0x27, 0xfe, 0xed, 0xfe, 0xed, 0xfe, 0xed, 
	0xfe, 0xeb, 0xfe, 0xeb, 0xfe, 0xeb, 0xfe, 0xeb, 
	0xfe, 0xab, 0xe5, 0xe7, 0xdd, 0xa5, 0xe5, 0xe7, 
	0xe5, 0xe7, 0xdd, 0xa5, 0xdd, 0xa5, 0xf6, 0x6b, 
	0xf6, 0x67, 0xf6, 0x67, 0xe5, 0xe5, 0xbc, 0xe3, 
	0xd5, 0xa5, 0xc5, 0x23, 0xee, 0x69, 0xd5, 0xa5, 
	0xd5, 0x65, 0xd5, 0x65, 0xe5, 0xe7, 0xe5, 0xe7, 
	0xdd, 0xe5, 0xee, 0x29, 0xf6, 0x6b, 0xdd, 0xe5, 
	0xc5, 0x23, 0xe5, 0xe7, 0xf6, 0x69, 0xf6, 0x69, 
	0xee, 0x29, 0xdd, 0xa5, 0xdd, 0xa5, 0xee, 0x29, 
	0xdd, 0xa5, 0xe5, 0xe7, 0xf6, 0x69, 0xdd, 0xa5, 
	0xe5, 0xe5, 0xe5, 0xe5, 0xe5, 0xe5, 0xe5, 0xe5, 
	0xe5, 0xe5, 0xe5, 0xe5, 0xe5, 0xe5, 0xe5, 0xe5, 
	0xe5, 0xe5, 0xe5, 0xe5, 0xe5, 0xe5, 0xe5, 0xe5, 
	0xe5, 0xe5, 0xe5, 0xe5, 0xe5, 0xe5, 0xe5, 0xe5, 
	0xe5, 0xe5, 0xe5, 0xe5, 0xe5, 0xe5, 0xe5, 0xe5, 
	0xe5, 0xe5, 0xe5, 0xe5, 0xe5, 0xe5, 0xe5, 0xe5, 
	0xe5, 0xe5, 0xe5, 0xe5, 0xe5, 0xe5, 0xe5, 0xe5, 
	0xe5, 0xe5, 0xe5, 0xe5, 0xe5, 0xe5, 0xe5, 0xe5, 
	0xe5, 0xe5, 0xe5, 0xe5, 0xe5, 0xe5, 0xe5, 0xe5, 
	0xe5, 0xe5, 0xe5, 0xe5, 0xe5, 0xe5, 0xe5, 0xe5, 
	0xe5, 0xe5, 0xe5, 0xe5, 0xe5, 0xe5, 0xe5, 0xe5, 
	0xe5, 0xe5, 0xe5, 0xe5, 0xe5, 0xe5, 0xe5, 0xe5, 
	0xe5, 0xe5, 0xe5, 0xe5, 0xe5, 0xe5, 0xe5, 0xe5, 
	0xe5, 0xe5, 0xe5, 0xe5, 0xe5, 0xe5, 0xe5, 0xe5, 
	0xe5, 0xe5, 0xe5, 0xe5, 0xe5, 0xe5, 0xe5, 0xe5, 
	0xe5, 0xe5, 0xe5, 0xe5, 0xe5, 0xe5, 0xe5, 0xe5, 
	0xe5, 0xe5, 0xe5, 0xe5, 0xe5, 0xe5, 0xe5, 0xe5, 
	0xe5, 0xe5, 0xe5, 0xe5, 0xe5, 0xe5, 0xe5, 0xe5, 
	0xe5, 0xe5, 0xe5, 0xe5, 0xe5, 0xe5, 0xe5, 0xe5, 
	0xe5, 0xe5, 0xe5, 0xe5, 0xe5, 0xe5, 0xe5, 0xe5, 
	0xe5, 0xe5, 0xe5, 0xe5, 0xe5, 0xe5, 0xe5, 0xe5, 
	0xe5, 0xe5, 0xe5, 0xe5, 0xe5, 0xe5, 0xe5, 0xe5, 
	0xe5, 0xe5, 0xe5, 0xe5, 0xe5, 0xe5, 0xe5, 0xe5, 
	0xe5, 0xe5, 0xe5, 0xe5, 0xe5, 0xe5, 0xe5, 0xe5, 
	0xe5, 0xe5, 0xe5, 0xe5, 0xe5, 0xe5, 0xe5, 0xe5, 
	0xe5, 0xe5, 0xe5, 0xe5, 0xe5, 0xe5, 0xe5, 0xe5, 
	0xe5, 0xe5, 0xe5, 0xe5, 0xe5, 0xe5, 0xe5, 0xe5, 
	0xe5, 0xe5, 0xe5, 0xe5, 0xe5, 0xe5, 0xe5, 0xe5, 
	0xdd, 0xe5, 0xdd, 0xe5, 0xdd, 0xe5, 0x8b, 0xdf, 
	0xbc, 0xe1, 0xbc, 0xe1, 0xbc, 0xe1, 0xbc, 0xe1, 
	0xa4, 0xa1, 0xa4, 0xa1, 0xa4, 0xa1, 0x3a, 0x17, 
	0x29, 0xd5, 0x29, 0xd5, 0x29, 0xd5, 0x63, 0x1b, 
	0xcd, 0x65, 0xcd, 0x65, 0xcd, 0x65, 0x29, 0xd5, 
	0x4a, 0x99, 0x83, 0xdf, 0x83, 0xdf, 0x83, 0xdf, 
	0x5a, 0xdb, 0x5a, 0xdb, 0x8c, 0x1f, 0xc5, 0x65, 
	0x9c, 0x61, 0x9c, 0x61, 0x9c, 0x61, 0x6b, 0x5b, 
	0x42, 0x59, 0x42, 0x59, 0x42, 0x59, 0x42, 0x59, 
	0x3a, 0x57, 0x09, 0x11, 0x09, 0x11, 0x09, 0x11, 
	0x01, 0x0f, 0x01, 0x0f, 0x01, 0x0f, 0x01, 0x0f, 
	0x01, 0x11, 0x01, 0x11, 0x21, 0xd5, 0x21, 0xd5, 
	0x01, 0x0f, 0x42, 0x57, 0x42, 0x57, 0x42, 0x57, 
	0x3a, 0x17, 0x3a, 0x17, 0x63, 0x1b, 0x63, 0x1b, 
	0x73, 0x5d, 0x73, 0x5d, 0xa4, 0xa3, 0xa4, 0xa3, 
	0x63, 0x1b, 0x42, 0x57, 0x42, 0x57, 0x42, 0x57, 
	0x4a, 0x99, 0x21, 0xd3, 0x01, 0x0f, 0x01, 0x0f, 
	0x09, 0x11, 0x09, 0x11, 0x52, 0xd9, 0x09, 0x11, 
	0x09, 0x11, 0x09, 0x11, 0x09, 0x11, 0x09, 0x11, 
	0x09, 0x11, 0x09, 0x11, 0x09, 0x11, 0x09, 0x11, 
	0x09, 0x11, 0x09, 0x11, 0x09, 0x11, 0x29, 0xd5, 
	0x21, 0x93, 0x3a, 0x57, 0x3a, 0x57, 0x3a, 0x57, 
	0x4a, 0x97, 0x29, 0xd5, 0x6b, 0x1b, 0x6b, 0x1b, 
	0x63, 0x1b, 0x29, 0xd5, 0x29, 0xd5, 0xd5, 0xa7, 
	0xfe, 0xeb, 0xfe, 0xeb, 0xfe, 0xeb, 0xfe, 0xeb, 
	0xf6, 0x69, 0xf6, 0x69, 0xfe, 0xeb, 0xf6, 0x69, 
	0xf6, 0x69, 0xee, 0x29, 0xee, 0x29, 0xee, 0x29, 
	0xe5, 0xe5, 0xee, 0x27, 0xe5, 0xe5, 0xfe, 0xed, 
	0xf6, 0x69, 0xf6, 0x69, 0xe5, 0xe7, 0xf6, 0x69, 
	0xee, 0x27, 0xd5, 0xa5, 0xd5, 0xa5, 0xc5, 0x21, 
	0xe5, 0xe7, 0xee, 0x69, 0xd5, 0x63, 0xdd, 0xa5, 
	0xee, 0x29, 0xee, 0x29, 0xee, 0x29, 0xdd, 0xa5, 
	0xf6, 0x69, 0xf6, 0x69, 0xf6, 0x69, 0xf6, 0x69, 
	0xe5, 0xe7, 0xee, 0x29, 0xf6, 0xab, 0xf6, 0xab, 
	0xee, 0x69, 0xee, 0x69, 0xee, 0x69, 0xee, 0x69, 
	0xf6, 0x69, 0xf6, 0x69, 0xf6, 0x69, 0xc5, 0x65, 
	0xdd, 0xe5, 0xee, 0x29, 0xdd, 0xe5, 0xdd, 0xe5, 
	0xe5, 0xe5, 0xe5, 0xe5, 0xe5, 0xe5, 0xe5, 0xe5, 
	0xe5, 0xe5, 0xe5, 0xe5, 0xe5, 0xe5, 0xe5, 0xe5, 
	0xe5, 0xe5, 0xe5, 0xe5, 0xe5, 0xe5, 0xe5, 0xe5, 
	0xe5, 0xe5, 0xe5, 0xe5, 0xe5, 0xe5, 0xe5, 0xe5, 
	0xe5, 0xe5, 0xe5, 0xe5, 0xe5, 0xe5, 0xe5, 0xe5, 
	0xe5, 0xe5, 0xe5, 0xe5, 0xe5, 0xe5, 0xe5, 0xe5, 
	0xe5, 0xe5, 0xe5, 0xe5, 0xe5, 0xe5, 0xe5, 0xe5, 
	0xe5, 0xe5, 0xe5, 0xe5, 0xe5, 0xe5, 0xe5, 0xe5, 
	0xe5, 0xe5, 0xe5, 0xe5, 0xe5, 0xe5, 0xe5, 0xe5, 
	0xe5, 0xe5, 0xe5, 0xe5, 0xe5, 0xe5, 0xe5, 0xe5, 
	0xe5, 0xe5, 0xe5, 0xe5, 0xe5, 0xe5, 0xe5, 0xe5, 
	0xe5, 0xe5, 0xe5, 0xe5, 0xe5, 0xe5, 0xe5, 0xe5, 
	0xe5, 0xe5, 0xe5, 0xe5, 0xe5, 0xe5, 0xe5, 0xe5, 
	0xe5, 0xe5, 0xe5, 0xe5, 0xe5, 0xe5, 0xe5, 0xe5, 
	0xe5, 0xe5, 0xe5, 0xe5, 0xe5, 0xe5, 0xe5, 0xe5, 
	0xe5, 0xe5, 0xe5, 0xe5, 0xe5, 0xe5, 0xe5, 0xe5, 
	0xe5, 0xe5, 0xe5, 0xe5, 0xe5, 0xe5, 0xe5, 0xe5, 
	0xe5, 0xe5, 0xe5, 0xe5, 0xe5, 0xe5, 0xe5, 0xe5, 
	0xe5, 0xe5, 0xe5, 0xe5, 0xe5, 0xe5, 0xe5, 0xe5, 
	0xe5, 0xe5, 0xe5, 0xe5, 0xe5, 0xe5, 0xe5, 0xe5, 
	0xe5, 0xe5, 0xe5, 0xe5, 0xe5, 0xe5, 0xe5, 0xe5, 
	0xe5, 0xe5, 0xe5, 0xe5, 0xe5, 0xe5, 0xe5, 0xe5, 
	0xe5, 0xe5, 0xe5, 0xe5, 0xe5, 0xe5, 0xe5, 0xe5, 
	0xe5, 0xe5, 0xe5, 0xe5, 0xe5, 0xe5, 0xe5, 0xe5, 
	0xe5, 0xe5, 0xe5, 0xe5, 0xe5, 0xe5, 0xe5, 0xe5, 
	0xe5, 0xe5, 0xe5, 0xe5, 0xe5, 0xe5, 0xe5, 0xe5, 
	0xe5, 0xe5, 0xe5, 0xe5, 0xe5, 0xe5, 0xe5, 0xe5, 
	0xdd, 0xe5, 0xdd, 0xe5, 0xdd, 0xe5, 0x62, 0xdb, 
	0xbc, 0xe1, 0xbc, 0xe1, 0xbc, 0xe1, 0xbc, 0xe1, 
	0xa4, 0xa1, 0xdd, 0xe7, 0xa4, 0xa1, 0xdd, 0xe7, 
	0xcd, 0x67, 0x94, 0x21, 0x29, 0xd5, 0x29, 0xd5, 
	0x94, 0x1f, 0x94, 0x1f, 0xcd, 0x65, 0x63, 0x1b, 
	0x4a, 0x99, 0x4a, 0x99, 0x11, 0x53, 0x11, 0x53, 
	0x21, 0x95, 0x21, 0x95, 0x21, 0x95, 0x21, 0x95, 
	0x6b, 0x5b, 0x6b, 0x5b, 0x9c, 0x61, 0x6b, 0x5b, 
	0x7b, 0x5d, 0xac, 0xa3, 0x7b, 0x5d, 0xac, 0xa3, 
	0x9c, 0x63, 0x9c, 0x63, 0x6b, 0x5d, 0x6b, 0x5d, 
	0x73, 0x9d, 0x73, 0x9d, 0x29, 0xd3, 0x29, 0xd3, 
	0x21, 0xd5, 0x21, 0xd5, 0x01, 0x11, 0x01, 0x11, 
	0x01, 0x0f, 0x01, 0x0f, 0x01, 0x0f, 0x21, 0x93, 
	0x09, 0x11, 0x09, 0x11, 0x09, 0x11, 0x09, 0x11, 
	0x09, 0x51, 0x09, 0x51, 0x09, 0x51, 0x3a, 0x57, 
	0x42, 0x57, 0x42, 0x57, 0x63, 0x1b, 0x63, 0x1b, 
	0x6b, 0x5d, 0x6b, 0x5d, 0x6b, 0x5d, 0x6b, 0x5d, 
	0x52, 0xd9, 0x09, 0x11, 0x52, 0xd9, 0x52, 0xd9, 
	0x42, 0x99, 0x42, 0x99, 0x42, 0x99, 0x42, 0x99, 
	0x29, 0xd5, 0x09, 0x11, 0x09, 0x11, 0x09, 0x11, 
	0x09, 0x11, 0x42, 0x97, 0x09, 0x11, 0x09, 0x11, 
	0x09, 0x11, 0x09, 0x11, 0x09, 0x11, 0x21, 0x93, 
	0x09, 0x11, 0x09, 0x11, 0x09, 0x11, 0x09, 0x11, 
	0x29, 0xd5, 0x29, 0xd5, 0x29, 0xd5, 0xd5, 0xa7, 
	0xfe, 0xeb, 0xfe, 0xeb, 0xee, 0x69, 0xee, 0x69, 
	0xe6, 0x27, 0xdd, 0xa5, 0xf6, 0x69, 0xf6, 0x69, 
	0xe5, 0xe7, 0xe5, 0xe7, 0xee, 0x29, 0xfe, 0xab, 
	0xf6, 0xab, 0xf6, 0xab, 0xfe, 0xed, 0xfe, 0xed, 
	0xfe, 0xab, 0xf6, 0x69, 0xdd, 0xa5, 0xe5, 0xe7, 
	0xee, 0x27, 0xd5, 0xa5, 0xd5, 0xa5, 0xd5, 0xa5, 
	0xdd, 0xa5, 0xe5, 0xe7, 0xee, 0x69, 0xee, 0x69, 
	0xee, 0x29, 0xfe, 0xeb, 0xfe, 0xeb, 0xee, 0x29, 
	0xf6, 0x69, 0xe5, 0xe7, 0xbc, 0xe1, 0xe5, 0xe7, 
	0xdd, 0xa5, 0xe5, 0xe7, 0xf6, 0xab, 0xf6, 0xab, 
	0xfe, 0xab, 0xee, 0x69, 0xee, 0x69, 0xee, 0x69, 
	0xf6, 0x69, 0xf6, 0x69, 0xf6, 0x69, 0xf6, 0x69, 
	0xee, 0x29, 0xee, 0x29, 0xdd, 0xe5, 0xdd, 0xe5, 
	0xe5, 0xe5, 0xe5, 0xe5, 0xe5, 0xe5, 0xe5, 0xe5, 
	0xe5, 0xe5, 0xe5, 0xe5, 0xe5, 0xe5, 0xe5, 0xe5, 
	0xe5, 0xe5, 0xe5, 0xe5, 0xe5, 0xe5, 0xe5, 0xe5, 
	0xe5, 0xe5, 0xe5, 0xe5, 0xe5, 0xe5, 0xe5, 0xe5, 
	0xe5, 0xe5, 0xe5, 0xe5, 0xe5, 0xe5, 0xe5, 0xe5, 
	0xe5, 0xe5, 0xe5, 0xe5, 0xe5, 0xe5, 0xe5, 0xe5, 
	0xe5, 0xe5, 0xe5, 0xe5, 0xe5, 0xe5, 0xe5, 0xe5, 
	0xe5, 0xe5, 0xe5, 0xe5, 0xe5, 0xe5, 0xe5, 0xe5, 
	0xe5, 0xe5, 0xe5, 0xe5, 0xe5, 0xe5, 0xe5, 0xe5, 
	0xe5, 0xe5, 0xe5, 0xe5, 0xe5, 0xe5, 0xe5, 0xe5, 
	0xe5, 0xe5, 0xe5, 0xe5, 0xe5, 0xe5, 0xe5, 0xe5, 
	0xe5, 0xe5, 0xe5, 0xe5, 0xe5, 0xe5, 0xe5, 0xe5, 
	0xe5, 0xe5, 0xe5, 0xe5, 0xe5, 0xe5, 0xe5, 0xe5, 
	0xe5, 0xe5, 0xe5, 0xe5, 0xe5, 0xe5, 0xe5, 0xe5, 
	0xe5, 0xe5, 0xe5, 0xe5, 0xe5, 0xe5, 0xe5, 0xe5, 
	0xe5, 0xe5, 0xe5, 0xe5, 0xe5, 0xe5, 0xe5, 0xe5, 
	0xe5, 0xe5, 0xe5, 0xe5, 0xe5, 0xe5, 0xe5, 0xe5, 
	0xe5, 0xe5, 0xe5, 0xe5, 0xe5, 0xe5, 0xe5, 0xe5, 
	0xe5, 0xe5, 0xe5, 0xe5, 0xe5, 0xe5, 0xe5, 0xe5, 
	0xe5, 0xe5, 0xe5, 0xe5, 0xe5, 0xe5, 0xe5, 0xe5, 
	0xe5, 0xe5, 0xe5, 0xe5, 0xe5, 0xe5, 0xe5, 0xe5, 
	0xe5, 0xe5, 0xe5, 0xe5, 0xe5, 0xe5, 0xe5, 0xe5, 
	0xe5, 0xe5, 0xe5, 0xe5, 0xe5, 0xe5, 0xe5, 0xe5, 
	0xe5, 0xe5, 0xe5, 0xe5, 0xe5, 0xe5, 0xe5, 0xe5, 
	0xe5, 0xe5, 0xe5, 0xe5, 0xe5, 0xe5, 0xe5, 0xe5, 
	0xe5, 0xe5, 0xe5, 0xe5, 0xe5, 0xe5, 0xe5, 0xe5, 
	0xe5, 0xe5, 0xe5, 0xe5, 0xe5, 0xe5, 0xe5, 0xe5, 
	0xdd, 0xe5, 0xb4, 0xe1, 0x62, 0xdb, 0x62, 0xdb, 
	0x21, 0xd5, 0x21, 0xd5, 0x21, 0xd5, 0x21, 0xd5, 
	0x3a, 0x17, 0x3a, 0x17, 0x3a, 0x17, 0x73, 0x5d, 
	0x63, 0x1b, 0x29, 0xd5, 0x29, 0xd5, 0x29, 0xd5, 
	0x29, 0xd5, 0x29, 0xd5, 0x94, 0x1f, 0xcd, 0x65, 
	0xbd, 0x25, 0xbd, 0x25, 0x4a, 0x99, 0x11, 0x53, 
	0x21, 0x95, 0x21, 0x95, 0x5a, 0xdb, 0x21, 0x95, 
	0x09, 0x11, 0x09, 0x11, 0x3a, 0x57, 0x09, 0x11, 
	0x11, 0x53, 0x11, 0x53, 0x11, 0x53, 0x11, 0x53, 
	0x3a, 0x57, 0x3a, 0x57, 0x3a, 0x57, 0x3a, 0x57, 
	0x29, 0xd3, 0x4a, 0x99, 0x73, 0x9d, 0x73, 0x9d, 
	0x6b, 0x5b, 0x6b, 0x5b, 0x6b, 0x5b, 0x6b, 0x5b, 
	0x63, 0x1b, 0x42, 0x57, 0x42, 0x57, 0x63, 0x1b, 
	0x63, 0x1b, 0x63, 0x1b, 0x09, 0x11, 0x09, 0x11, 
	0x09, 0x51, 0x09, 0x51, 0x09, 0x51, 0x09, 0x51, 
	0x09, 0x11, 0x09, 0x11, 0x09, 0x11, 0x09, 0x11, 
	0x01, 0x0f, 0x01, 0x0f, 0x01, 0x0f, 0x01, 0x0f, 
	0x09, 0x11, 0x09, 0x11, 0x09, 0x11, 0x3a, 0x57, 
	0x29, 0xd5, 0x42, 0x99, 0x63, 0x5d, 0x63, 0x5d, 
	0x63, 0x1b, 0x63, 0x1b, 0x63, 0x1b, 0x63, 0x1b, 
	0x09, 0x11, 0x63, 0x1b, 0x42, 0x97, 0x42, 0x97, 
	0x52, 0xd9, 0x52, 0xd9, 0x09, 0x11, 0x21, 0x93, 
	0x09, 0x11, 0x09, 0x11, 0x09, 0x11, 0x4a, 0x97, 
	0x63, 0x1b, 0x63, 0x1b, 0x29, 0xd5, 0x63, 0x1b, 
	0xee, 0x69, 0xee, 0x69, 0xd5, 0x65, 0xd5, 0x65, 
	0xdd, 0xa5, 0xe6, 0x27, 0xfe, 0xeb, 0xfe, 0xeb, 
	0xfe, 0xab, 0xf6, 0x69, 0xee, 0x29, 0xee, 0x29, 
	0xee, 0x27, 0xee, 0x27, 0xee, 0x27, 0xf6, 0xab, 
	0xf6, 0x69, 0xf6, 0x69, 0xf6, 0x69, 0xdd, 0xa5, 
	0xee, 0x27, 0xee, 0x27, 0xfe, 0xeb, 0xee, 0x27, 
	0xd5, 0x63, 0xd5, 0x63, 0xd5, 0x63, 0xe5, 0xe7, 
	0xee, 0x29, 0xdd, 0xa5, 0xee, 0x29, 0xee, 0x29, 
	0xe5, 0xe7, 0xe5, 0xe7, 0xf6, 0x69, 0xf6, 0x69, 
	0xee, 0x29, 0xdd, 0xa5, 0xf6, 0xab, 0xee, 0x29, 
	0xee, 0x69, 0xe5, 0xe7, 0xe5, 0xe7, 0xee, 0x69, 
	0x94, 0x1f, 0xc5, 0x65, 0xf6, 0x69, 0xf6, 0x69, 
	0xcd, 0x63, 0xcd, 0x63, 0xfe, 0xab, 0xdd, 0xe5, 
	0xe5, 0xe5, 0xe5, 0xe5, 0xe5, 0xe5, 0xe5, 0xe5, 
	0xe5, 0xe5, 0xe5, 0xe5, 0xe5, 0xe5, 0xe5, 0xe5, 
	0xe5, 0xe5, 0xe5, 0xe5, 0xe5, 0xe5, 0xe5, 0xe5, 
	0xe5, 0xe5, 0xe5, 0xe5, 0xe5, 0xe5, 0xe5, 0xe5, 
	0xe5, 0xe5, 0xe5, 0xe5, 0xe5, 0xe5, 0xe5, 0xe5, 
	0xe5, 0xe5, 0xe5, 0xe5, 0xe5, 0xe5, 0xe5, 0xe5, 
	0xe5, 0xe5, 0xe5, 0xe5, 0xe5, 0xe5, 0xe5, 0xe5, 
	0xe5, 0xe5, 0xe5, 0xe5, 0xe5, 0xe5, 0xe5, 0xe5, 
	0xe5, 0xe5, 0xe5, 0xe5, 0xe5, 0xe5, 0xe5, 0xe5, 
	0xe5, 0xe5, 0xe5, 0xe5, 0xe5, 0xe5, 0xe5, 0xe5, 
	0xe5, 0xe5, 0xe5, 0xe5, 0xe5, 0xe5, 0xe5, 0xe5, 
	0xe5, 0xe5, 0xe5, 0xe5, 0xe5, 0xe5, 0xe5, 0xe5, 
	0xe5, 0xe5, 0xe5, 0xe5, 0xe5, 0xe5, 0xe5, 0xe5, 
	0xe5, 0xe5, 0xe5, 0xe5, 0xe5, 0xe5, 0xe5, 0xe5, 
	0xe5, 0xe5, 0xe5, 0xe5, 0xe5, 0xe5, 0xe5, 0xe5, 
	0xe5, 0xe5, 0xe5, 0xe5, 0xe5, 0xe5, 0xe5, 0xe5, 
	0xe5, 0xe5, 0xe5, 0xe5, 0xe5, 0xe5, 0xe5, 0xe5, 
	0xe5, 0xe5, 0xe5, 0xe5, 0xe5, 0xe5, 0xe5, 0xe5, 
	0xe5, 0xe5, 0xe5, 0xe5, 0xe5, 0xe5, 0xe5, 0xe5, 
	0xe5, 0xe5, 0xe5, 0xe5, 0xe5, 0xe5, 0xe5, 0xe5, 
	0xe5, 0xe5, 0xe5, 0xe5, 0xe5, 0xe5, 0xe5, 0xe5, 
	0xe5, 0xe5, 0xe5, 0xe5, 0xe5, 0xe5, 0xe5, 0xe5, 
	0xe5, 0xe5, 0xe5, 0xe5, 0xe5, 0xe5, 0xe5, 0xe5, 
	0xe5, 0xe5, 0xe5, 0xe5, 0xe5, 0xe5, 0xe5, 0xe5, 
	0xe5, 0xe5, 0xe5, 0xe5, 0xe5, 0xe5, 0xe5, 0xe5, 
	0xe5, 0xe5, 0xe5, 0xe5, 0xe5, 0xe5, 0xe5, 0xe5, 
	0xe5, 0xe5, 0xe5, 0xe5, 0xe5, 0xe5, 0xe5, 0xe5, 
	0xdd, 0xe5, 0xdd, 0xe5, 0xdd, 0xe5, 0xb4, 0xe1, 
	0xbc, 0xe1, 0x8b, 0xdd, 0xbc, 0xe1, 0x8b, 0xdd, 
	0x3a, 0x17, 0x3a, 0x17, 0x3a, 0x17, 0x3a, 0x17, 
	0x29, 0xd5, 0x29, 0xd5, 0x29, 0xd5, 0x63, 0x1b, 
	0xcd, 0x65, 0x94, 0x1f, 0x29, 0xd5, 0x29, 0xd5, 
	0x4a, 0x99, 0x83, 0xdf, 0x4a, 0x99, 0x4a, 0x99, 
	0xc5, 0x65, 0x8c, 0x1f, 0xc5, 0x65, 0x21, 0x95, 
	0x6b, 0x5b, 0x6b, 0x5b, 0x9c, 0x61, 0x9c, 0x61, 
	0x7b, 0x5d, 0x42, 0x59, 0x11, 0x53, 0x11, 0x53, 
	0x6b, 0x5d, 0x6b, 0x5d, 0x09, 0x11, 0x09, 0x11, 
	0x01, 0x0f, 0x01, 0x0f, 0x29, 0xd3, 0x29, 0xd3, 
	0x21, 0xd5, 0x21, 0xd5, 0x01, 0x11, 0x01, 0x11, 
	0x21, 0x93, 0x63, 0x1b, 0x42, 0x57, 0x21, 0x93, 
	0x63, 0x1b, 0x94, 0x21, 0x63, 0x1b, 0x63, 0x1b, 
	0x73, 0x5d, 0x3a, 0x57, 0x73, 0x5d, 0x73, 0x5d, 
	0x42, 0x57, 0x42, 0x57, 0x63, 0x1b, 0x29, 0xd5, 
	0x01, 0x0f, 0x01, 0x0f, 0x01, 0x0f, 0x01, 0x0f, 
	0x09, 0x11, 0x09, 0x11, 0x09, 0x11, 0x09, 0x11, 
	0x09, 0x11, 0x09, 0x11, 0x09, 0x11, 0x09, 0x11, 
	0x09, 0x11, 0x09, 0x11, 0x09, 0x11, 0x09, 0x11, 
	0x09, 0x11, 0x09, 0x11, 0x29, 0xd5, 0x29, 0xd5, 
	0x3a, 0x57, 0x52, 0xd9, 0x21, 0x93, 0x3a, 0x57, 
	0x6b, 0x1b, 0x29, 0xd5, 0x09, 0x11, 0x4a, 0x97, 
	0xd5, 0xa7, 0xd5, 0xa7, 0x63, 0x1b, 0x63, 0x1b, 
	0xe5, 0xe7, 0xd5, 0x65, 0xe5, 0xe7, 0xe5, 0xe7, 
	0xfe, 0xeb, 0xfe, 0xeb, 0xfe, 0xeb, 0xfe, 0xeb, 
	0xfe, 0xab, 0xfe, 0xab, 0xee, 0x29, 0xee, 0x29, 
	0xee, 0x27, 0xee, 0x27, 0xe5, 0xe5, 0xf6, 0xab, 
	0xe5, 0xe7, 0xe5, 0xe7, 0xf6, 0x69, 0xf6, 0x69, 
	0xee, 0x27, 0xee, 0x27, 0xfe, 0xeb, 0xd5, 0xa5, 
	0xd5, 0x63, 0xd5, 0x63, 0xd5, 0x63, 0xdd, 0xa5, 
	0xee, 0x29, 0xdd, 0xa5, 0xcd, 0x23, 0xee, 0x29, 
	0xe5, 0xe7, 0xbc, 0xe1, 0xe5, 0xe7, 0xe5, 0xe7, 
	0xee, 0x29, 0xdd, 0xa5, 0xe5, 0xe7, 0xe5, 0xe7, 
	0xd5, 0xa5, 0xd5, 0xa5, 0xd5, 0xa5, 0xe5, 0xe7, 
	0x94, 0x1f, 0x62, 0xdb, 0xf6, 0x69, 0xf6, 0x69, 
	0xcd, 0x63, 0xcd, 0x63, 0xfe, 0xab, 0xdd, 0xe5, 
	0xe5, 0xe5, 0xe5, 0xe5, 0xe5, 0xe5, 0xe5, 0xe5, 
	0xe5, 0xe5, 0xe5, 0xe5, 0xe5, 0xe5, 0xe5, 0xe5, 
	0xe5, 0xe5, 0xe5, 0xe5, 0xe5, 0xe5, 0xe5, 0xe5, 
	0xe5, 0xe5, 0xe5, 0xe5, 0xe5, 0xe5, 0xe5, 0xe5, 
	0xe5, 0xe5, 0xe5, 0xe5, 0xe5, 0xe5, 0xe5, 0xe5, 
	0xe5, 0xe5, 0xe5, 0xe5, 0xe5, 0xe5, 0xe5, 0xe5, 
	0xe5, 0xe5, 0xe5, 0xe5, 0xe5, 0xe5, 0xe5, 0xe5, 
	0xe5, 0xe5, 0xe5, 0xe5, 0xe5, 0xe5, 0xe5, 0xe5, 
	0xe5, 0xe5, 0xe5, 0xe5, 0xe5, 0xe5, 0xe5, 0xe5, 
	0xe5, 0xe5, 0xe5, 0xe5, 0xe5, 0xe5, 0xe5, 0xe5, 
	0xe5, 0xe5, 0xe5, 0xe5, 0xe5, 0xe5, 0xe5, 0xe5, 
	0xe5, 0xe5, 0xe5, 0xe5, 0xe5, 0xe5, 0xe5, 0xe5, 
	0xe5, 0xe5, 0xe5, 0xe5, 0xe5, 0xe5, 0xe5, 0xe5, 
	0xe5, 0xe5, 0xe5, 0xe5, 0xe5, 0xe5, 0xe5, 0xe5, 
	0xe5, 0xe5, 0xe5, 0xe5, 0xe5, 0xe5, 0xe5, 0xe5, 
	0xe5, 0xe5, 0xe5, 0xe5, 0xe5, 0xe5, 0xe5, 0xe5, 
	0xe5, 0xe5, 0xe5, 0xe5, 0xe5, 0xe5, 0xe5, 0xe5, 
	0xe5, 0xe5, 0xe5, 0xe5, 0xe5, 0xe5, 0xe5, 0xe5, 
	0xe5, 0xe5, 0xe5, 0xe5, 0xe5, 0xe5, 0xe5, 0xe5, 
	0xe5, 0xe5, 0xe5, 0xe5, 0xe5, 0xe5, 0xe5, 0xe5, 
	0xe5, 0xe5, 0xe5, 0xe5, 0xe5, 0xe5, 0xe5, 0xe5, 
	0xe5, 0xe5, 0xe5, 0xe5, 0xe5, 0xe5, 0xe5, 0xe5, 
	0xe5, 0xe5, 0xe5, 0xe5, 0xe5, 0xe5, 0xe5, 0xe5, 
	0xe5, 0xe5, 0xe5, 0xe5, 0xe5, 0xe5, 0xe5, 0xe5, 
	0xe5, 0xe5, 0xe5, 0xe5, 0xe5, 0xe5, 0xe5, 0xe5, 
	0xe5, 0xe5, 0xe5, 0xe5, 0xe5, 0xe5, 0xe5, 0xe5, 
	0xe5, 0xe5, 0xe5, 0xe5, 0x9c, 0x1f, 0xb4, 0xa1, 
	0xa4, 0xa1, 0x7b, 0x9d, 0x7b, 0x9d, 0xa4, 0xa1, 
	0x63, 0x1b, 0x63, 0x1b, 0xa4, 0x5f, 0xa4, 0x5f, 
	0x94, 0x1f, 0xc5, 0x65, 0xc5, 0x65, 0xc5, 0x65, 
	0x73, 0x9d, 0x29, 0xd3, 0x29, 0xd3, 0x00, 0xcf, 
	0x7b, 0x9d, 0xb4, 0xe3, 0x09, 0x11, 0x09, 0x11, 
	0x19, 0x93, 0x19, 0x93, 0x19, 0x93, 0x19, 0x93, 
	0x63, 0x1b, 0x3a, 0x55, 0x63, 0x1b, 0x11, 0x51, 
	0x5b, 0x1b, 0x5b, 0x1b, 0x5b, 0x1b, 0x5b, 0x1b, 
	0x94, 0x1f, 0xc5, 0x25, 0xc5, 0x25, 0x94, 0x1f, 
	0x4a, 0x99, 0xb4, 0xe3, 0xb4, 0xe3, 0x4a, 0x99, 
	0x6b, 0x5b, 0x6b, 0x5b, 0x4a, 0x97, 0x4a, 0x97, 
	0x29, 0xd5, 0x29, 0xd5, 0x01, 0x0f, 0x29, 0xd5, 
	0x09, 0x11, 0x09, 0x11, 0x09, 0x11, 0x09, 0x11, 
	0x09, 0x51, 0x09, 0x51, 0x09, 0x51, 0x09, 0x51, 
	0x29, 0xd3, 0x29, 0xd3, 0x29, 0xd3, 0x4a, 0x99, 
	0x63, 0x1b, 0x63, 0x1b, 0x63, 0x1b, 0x63, 0x1b, 
	0x6b, 0x5d, 0x6b, 0x5d, 0x6b, 0x5d, 0x6b, 0x5d, 
	0x63, 0x1b, 0x42, 0x57, 0x63, 0x1b, 0x63, 0x1b, 
	0x52, 0x99, 0x09, 0x11, 0x09, 0x11, 0x09, 0x11, 
	0x09, 0x11, 0x09, 0x11, 0x09, 0x11, 0x09, 0x11, 
	0x01, 0x0f, 0x01, 0x0f, 0x01, 0x0f, 0x01, 0x0f, 
	0x01, 0x0f, 0x01, 0x0f, 0x01, 0x0f, 0x01, 0x0f, 
	0x01, 0x0f, 0x01, 0x0f, 0x01, 0x0f, 0x01, 0x0f, 
	0x09, 0x51, 0x42, 0x97, 0xbd, 0x25, 0x42, 0x97, 
	0xd5, 0xa5, 0xd5, 0xa5, 0xfe, 0xeb, 0xfe, 0xeb, 
	0xfe, 0xeb, 0xdd, 0xe5, 0xc4, 0xe1, 0xdd, 0xe5, 
	0xfe, 0xeb, 0xfe, 0xeb, 0xfe, 0xeb, 0xfe, 0xeb, 
	0xfe, 0xeb, 0xf6, 0x69, 0xfe, 0xeb, 0xfe, 0xeb, 
	0xe5, 0xe7, 0xe5, 0xe7, 0xee, 0x29, 0xfe, 0xed, 
	0xee, 0x27, 0xee, 0x27, 0xf6, 0xa9, 0xf6, 0xa9, 
	0xf6, 0x69, 0xf6, 0x69, 0xe5, 0xe7, 0xe5, 0xe7, 
	0xcd, 0x63, 0xdd, 0xe5, 0xdd, 0xe5, 0xee, 0x69, 
	0xfe, 0xab, 0xee, 0x29, 0xd5, 0xa5, 0xd5, 0xa5, 
	0xe5, 0xe7, 0xee, 0x69, 0xee, 0x69, 0xe5, 0xe7, 
	0xee, 0x27, 0xee, 0x27, 0xdd, 0xa5, 0xdd, 0xa5, 
	0xe6, 0x27, 0x4a, 0x59, 0xe6, 0x27, 0xe6, 0x27, 
	0xd5, 0xa5, 0xd5, 0xa5, 0xe5, 0xe7, 0xd5, 0xa5, 
	0xd5, 0xa5, 0xe5, 0xe5, 0xe5, 0xe5, 0xe5, 0xe5, 
	0xe5, 0xe5, 0xe5, 0xe5, 0xe5, 0xe5, 0xe5, 0xe5, 
	0xe5, 0xe5, 0xe5, 0xe5, 0xe5, 0xe5, 0xe5, 0xe5, 
	0xe5, 0xe5, 0xe5, 0xe5, 0xe5, 0xe5, 0xe5, 0xe5, 
	0xe5, 0xe5, 0xe5, 0xe5, 0xe5, 0xe5, 0xe5, 0xe5, 
	0xe5, 0xe5, 0xe5, 0xe5, 0xe5, 0xe5, 0xe5, 0xe5, 
	0xe5, 0xe5, 0xe5, 0xe5, 0xe5, 0xe5, 0xe5, 0xe5, 
	0xe5, 0xe5, 0xe5, 0xe5, 0xe5, 0xe5, 0xe5, 0xe5, 
	0xe5, 0xe5, 0xe5, 0xe5, 0xe5, 0xe5, 0xe5, 0xe5, 
	0xe5, 0xe5, 0xe5, 0xe5, 0xe5, 0xe5, 0xe5, 0xe5, 
	0xe5, 0xe5, 0xe5, 0xe5, 0xe5, 0xe5, 0xe5, 0xe5, 
	0xe5, 0xe5, 0xe5, 0xe5, 0xe5, 0xe5, 0xe5, 0xe5, 
	0xe5, 0xe5, 0xe5, 0xe5, 0xe5, 0xe5, 0xe5, 0xe5, 
	0xe5, 0xe5, 0xe5, 0xe5, 0xe5, 0xe5, 0xe5, 0xe5, 
	0xe5, 0xe5, 0xe5, 0xe5, 0xe5, 0xe5, 0xe5, 0xe5, 
	0xe5, 0xe5, 0xe5, 0xe5, 0xe5, 0xe5, 0xe5, 0xe5, 
	0xe5, 0xe5, 0xe5, 0xe5, 0xe5, 0xe5, 0xe5, 0xe5, 
	0xe5, 0xe5, 0xe5, 0xe5, 0xe5, 0xe5, 0xe5, 0xe5, 
	0xe5, 0xe5, 0xe5, 0xe5, 0xe5, 0xe5, 0xe5, 0xe5, 
	0xe5, 0xe5, 0xe5, 0xe5, 0xe5, 0xe5, 0xe5, 0xe5, 
	0xe5, 0xe5, 0xe5, 0xe5, 0xe5, 0xe5, 0xe5, 0xe5, 
	0xe5, 0xe5, 0xe5, 0xe5, 0xe5, 0xe5, 0xe5, 0xe5, 
	0xe5, 0xe5, 0xe5, 0xe5, 0xe5, 0xe5, 0xe5, 0xe5, 
	0xe5, 0xe5, 0xe5, 0xe5, 0xe5, 0xe5, 0xe5, 0xe5, 
	0xe5, 0xe5, 0xe5, 0xe5, 0xe5, 0xe5, 0xe5, 0xe5, 
	0xe5, 0xe5, 0xe5, 0xe5, 0xe5, 0xe5, 0xe5, 0xe5, 
	0xe5, 0xe5, 0xe5, 0xe5, 0xcd, 0x63, 0xcd, 0x63, 
	0xd5, 0xa7, 0xa4, 0xa1, 0x7b, 0x9d, 0xa4, 0xa1, 
	0x29, 0xd5, 0x29, 0xd5, 0x29, 0xd5, 0x29, 0xd5, 
	0x29, 0xd5, 0x29, 0xd5, 0x5a, 0xdb, 0x5a, 0xdb, 
	0x73, 0x9d, 0x73, 0x9d, 0x29, 0xd3, 0x00, 0xcf, 
	0x42, 0x57, 0xb4, 0xe3, 0x42, 0x57, 0x42, 0x57, 
	0xa4, 0xa3, 0x19, 0x93, 0x19, 0x93, 0x19, 0x93, 
	0x11, 0x51, 0x11, 0x51, 0x11, 0x51, 0x11, 0x51, 
	0x19, 0x93, 0x19, 0x93, 0x19, 0x93, 0x19, 0x93, 
	0x29, 0xd5, 0x29, 0xd5, 0x29, 0xd5, 0x29, 0xd5, 
	0x19, 0x93, 0x19, 0x93, 0x4a, 0x99, 0x4a, 0x99, 
	0x6b, 0x5b, 0x6b, 0x5b, 0x4a, 0x97, 0x6b, 0x5b, 
	0x7b, 0x9f, 0x29, 0xd5, 0x29, 0xd5, 0x7b, 0x9f, 
	0x6b, 0x5d, 0x6b, 0x5d, 0x4a, 0x99, 0x09, 0x11, 
	0x09, 0x51, 0x09, 0x51, 0x09, 0x51, 0x09, 0x51, 
	0x01, 0x0f, 0x01, 0x0f, 0x01, 0x0f, 0x01, 0x0f, 
	0x11, 0x51, 0x11, 0x51, 0x11, 0x51, 0x11, 0x51, 
	0x09, 0x11, 0x09, 0x11, 0x29, 0xd5, 0x29, 0xd5, 
	0x29, 0xd5, 0x29, 0xd5, 0x29, 0xd5, 0x42, 0x57, 
	0x52, 0x99, 0x52, 0x99, 0x73, 0x5d, 0x73, 0x5d, 
	0x6b, 0x5d, 0x6b, 0x5d, 0x6b, 0x5d, 0x6b, 0x5d, 
	0x4a, 0x99, 0x4a, 0x99, 0x32, 0x15, 0x19, 0x93, 
	0x21, 0xd3, 0x21, 0xd3, 0x21, 0xd3, 0x21, 0xd3, 
	0x01, 0x0f, 0x01, 0x0f, 0x01, 0x0f, 0x01, 0x0f, 
	0x09, 0x51, 0x09, 0x51, 0xbd, 0x25, 0x42, 0x97, 
	0xa4, 0x61, 0xd5, 0xa5, 0xd5, 0xa5, 0xfe, 0xeb, 
	0xfe, 0xeb, 0xdd, 0xe5, 0xdd, 0xe5, 0xdd, 0xe5, 
	0xfe, 0xeb, 0xf6, 0x69, 0xfe, 0xeb, 0xfe, 0xeb, 
	0xfe, 0xeb, 0xee, 0x29, 0xfe, 0xeb, 0xfe, 0xeb, 
	0xe5, 0xe7, 0xe5, 0xe7, 0xee, 0x29, 0xe5, 0xe7, 
	0xee, 0x27, 0xee, 0x27, 0xf6, 0xa9, 0xf6, 0xa9, 
	0xf6, 0x69, 0xe5, 0xe7, 0xe5, 0xe7, 0xbc, 0xe1, 
	0xcd, 0x63, 0xcd, 0x63, 0xee, 0x69, 0xee, 0x69, 
	0xee, 0x29, 0xee, 0x29, 0xd5, 0xa5, 0xc5, 0x23, 
	0xd5, 0xa5, 0xe5, 0xe7, 0xd5, 0xa5, 0xd5, 0xa5, 
	0xdd, 0xa5, 0xee, 0x27, 0xdd, 0xa5, 0xdd, 0xa5, 
	0xe6, 0x27, 0x9c, 0x1f, 0x9c, 0x1f, 0xe6, 0x27, 
	0xfe, 0xeb, 0xd5, 0xa5, 0xd5, 0xa5, 0xee, 0x69, 
	0xee, 0x67, 0xd5, 0xa5, 0xe5, 0xe5, 0xe5, 0xe5, 
	0xe5, 0xe5, 0xe5, 0xe5, 0xe5, 0xe5, 0xe5, 0xe5, 
	0xe5, 0xe5, 0xe5, 0xe5, 0xe5, 0xe5, 0xe5, 0xe5, 
	0xe5, 0xe5, 0xe5, 0xe5, 0xe5, 0xe5, 0xe5, 0xe5, 
	0xe5, 0xe5, 0xe5, 0xe5, 0xe5, 0xe5, 0xe5, 0xe5, 
	0xe5, 0xe5, 0xe5, 0xe5, 0xe5, 0xe5, 0xe5, 0xe5, 
	0xe5, 0xe5, 0xe5, 0xe5, 0xe5, 0xe5, 0xe5, 0xe5, 
	0xe5, 0xe5, 0xe5, 0xe5, 0xe5, 0xe5, 0xe5, 0xe5, 
	0xe5, 0xe5, 0xe5, 0xe5, 0xe5, 0xe5, 0xe5, 0xe5, 
	0xe5, 0xe5, 0xe5, 0xe5, 0xe5, 0xe5, 0xe5, 0xe5, 
	0xe5, 0xe5, 0xe5, 0xe5, 0xe5, 0xe5, 0xe5, 0xe5, 
	0xe5, 0xe5, 0xe5, 0xe5, 0xe5, 0xe5, 0xe5, 0xe5, 
	0xe5, 0xe5, 0xe5, 0xe5, 0xe5, 0xe5, 0xe5, 0xe5, 
	0xe5, 0xe5, 0xe5, 0xe5, 0xe5, 0xe5, 0xe5, 0xe5, 
	0xe5, 0xe5, 0xe5, 0xe5, 0xe5, 0xe5, 0xe5, 0xe5, 
	0xe5, 0xe5, 0xe5, 0xe5, 0xe5, 0xe5, 0xe5, 0xe5, 
	0xe5, 0xe5, 0xe5, 0xe5, 0xe5, 0xe5, 0xe5, 0xe5, 
	0xe5, 0xe5, 0xe5, 0xe5, 0xe5, 0xe5, 0xe5, 0xe5, 
	0xe5, 0xe5, 0xe5, 0xe5, 0xe5, 0xe5, 0xe5, 0xe5, 
	0xe5, 0xe5, 0xe5, 0xe5, 0xe5, 0xe5, 0xe5, 0xe5, 
	0xe5, 0xe5, 0xe5, 0xe5, 0xe5, 0xe5, 0xe5, 0xe5, 
	0xe5, 0xe5, 0xe5, 0xe5, 0xe5, 0xe5, 0xe5, 0xe5, 
	0xe5, 0xe5, 0xe5, 0xe5, 0xe5, 0xe5, 0xe5, 0xe5, 
	0xe5, 0xe5, 0xe5, 0xe5, 0xe5, 0xe5, 0xe5, 0xe5, 
	0xe5, 0xe5, 0xe5, 0xe5, 0xe5, 0xe5, 0xe5, 0xe5, 
	0xe5, 0xe5, 0xe5, 0xe5, 0xe5, 0xe5, 0xe5, 0xe5, 
	0xe5, 0xe5, 0xe5, 0xe5, 0xe5, 0xe5, 0xe5, 0xe5, 
	0xd5, 0xa7, 0xd5, 0xa7, 0xd5, 0xa7, 0xd5, 0xa7, 
	0xa4, 0x5f, 0xa4, 0x5f, 0xa4, 0x5f, 0xdd, 0xa5, 
	0x5a, 0xdb, 0x5a, 0xdb, 0x29, 0xd5, 0x29, 0xd5, 
	0x29, 0xd3, 0x4a, 0x99, 0x29, 0xd3, 0x29, 0xd3, 
	0x42, 0x57, 0xb4, 0xe3, 0xb4, 0xe3, 0xb4, 0xe3, 
	0xe6, 0x2b, 0xa4, 0xa3, 0x19, 0x93, 0x19, 0x93, 
	0x11, 0x51, 0x11, 0x51, 0x11, 0x51, 0x11, 0x51, 
	0x19, 0x93, 0xa4, 0xa1, 0xa4, 0xa1, 0x5b, 0x1b, 
	0x29, 0xd5, 0x29, 0xd5, 0x29, 0xd5, 0x29, 0xd5, 
	0x19, 0x93, 0x19, 0x93, 0x19, 0x93, 0x19, 0x93, 
	0x09, 0x11, 0x09, 0x11, 0x09, 0x11, 0x09, 0x11, 
	0x29, 0xd5, 0x29, 0xd5, 0x01, 0x0f, 0x29, 0xd5, 
	0x29, 0xd5, 0x4a, 0x99, 0x6b, 0x5d, 0x6b, 0x5d, 
	0x7b, 0x9d, 0x7b, 0x9d, 0x7b, 0x9d, 0x7b, 0x9d, 
	0x73, 0x5d, 0x73, 0x5d, 0x4a, 0x99, 0x4a, 0x99, 
	0x29, 0xd5, 0x29, 0xd5, 0x63, 0x1b, 0x11, 0x51, 
	0x09, 0x11, 0x09, 0x11, 0x09, 0x11, 0x09, 0x11, 
	0x09, 0x11, 0x09, 0x11, 0x09, 0x11, 0x09, 0x11, 
	0x09, 0x11, 0x09, 0x11, 0x09, 0x11, 0x09, 0x11, 
	0x09, 0x11, 0x09, 0x11, 0x29, 0xd5, 0x29, 0xd5, 
	0x32, 0x15, 0x4a, 0x99, 0x4a, 0x99, 0x32, 0x15, 
	0x6b, 0x5d, 0x6b, 0x5d, 0x6b, 0x5d, 0x6b, 0x5d, 
	0x73, 0x5d, 0x73, 0x5d, 0x29, 0xd3, 0x29, 0xd3, 
	0x09, 0x51, 0x42, 0x97, 0x83, 0xdf, 0xbd, 0x25, 
	0xd5, 0xa5, 0xd5, 0xa5, 0xd5, 0xa5, 0xfe, 0xeb, 
	0xfe, 0xeb, 0xfe, 0xeb, 0xfe, 0xeb, 0xfe, 0xeb, 
	0xfe, 0xeb, 0xfe, 0xeb, 0xf6, 0x69, 0xee, 0x29, 
	0xee, 0x29, 0xee, 0x29, 0xe5, 0xe7, 0xee, 0x29, 
	0xe5, 0xe7, 0xee, 0x29, 0xee, 0x29, 0xee, 0x29, 
	0xee, 0x27, 0xf6, 0xa9, 0xe5, 0xe7, 0xee, 0x27, 
	0xcd, 0x63, 0xe5, 0xe7, 0xcd, 0x63, 0xe5, 0xe7, 
	0xdd, 0xe5, 0xdd, 0xe5, 0xee, 0x69, 0xee, 0x69, 
	0xee, 0x29, 0xee, 0x29, 0xee, 0x29, 0xd5, 0xa5, 
	0xd5, 0xa5, 0xe5, 0xe7, 0xe5, 0xe7, 0xe5, 0xe7, 
	0xb4, 0xa1, 0xee, 0x27, 0xee, 0x27, 0xee, 0x27, 
	0xe6, 0x27, 0xe6, 0x27, 0x9c, 0x1f, 0xe6, 0x27, 
	0xfe, 0xeb, 0xfe, 0xeb, 0xfe, 0xeb, 0xfe, 0xeb, 
	0xe5, 0xe5, 0xd5, 0xa5, 0xe5, 0xe5, 0xe5, 0xe5, 
	0xe5, 0xe5, 0xe5, 0xe5, 0xe5, 0xe5, 0xe5, 0xe5, 
	0xe5, 0xe5, 0xe5, 0xe5, 0xe5, 0xe5, 0xe5, 0xe5, 
	0xe5, 0xe5, 0xe5, 0xe5, 0xe5, 0xe5, 0xe5, 0xe5, 
	0xe5, 0xe5, 0xe5, 0xe5, 0xe5, 0xe5, 0xe5, 0xe5, 
	0xe5, 0xe5, 0xe5, 0xe5, 0xe5, 0xe5, 0xe5, 0xe5, 
	0xe5, 0xe5, 0xe5, 0xe5, 0xe5, 0xe5, 0xe5, 0xe5, 
	0xe5, 0xe5, 0xe5, 0xe5, 0xe5, 0xe5, 0xe5, 0xe5, 
	0xe5, 0xe5, 0xe5, 0xe5, 0xe5, 0xe5, 0xe5, 0xe5, 
	0xe5, 0xe5, 0xe5, 0xe5, 0xe5, 0xe5, 0xe5, 0xe5, 
	0xe5, 0xe5, 0xe5, 0xe5, 0xe5, 0xe5, 0xe5, 0xe5, 
	0xe5, 0xe5, 0xe5, 0xe5, 0xe5, 0xe5, 0xe5, 0xe5, 
	0xe5, 0xe5, 0xe5, 0xe5, 0xe5, 0xe5, 0xe5, 0xe5, 
	0xe5, 0xe5, 0xe5, 0xe5, 0xe5, 0xe5, 0xe5, 0xe5, 
	0xe5, 0xe5, 0xe5, 0xe5, 0xe5, 0xe5, 0xe5, 0xe5, 
	0xe5, 0xe5, 0xe5, 0xe5, 0xe5, 0xe5, 0xe5, 0xe5, 
	0xe5, 0xe5, 0xe5, 0xe5, 0xe5, 0xe5, 0xe5, 0xe5, 
	0xe5, 0xe5, 0xe5, 0xe5, 0xe5, 0xe5, 0xe5, 0xe5, 
	0xe5, 0xe5, 0xe5, 0xe5, 0xe5, 0xe5, 0xe5, 0xe5, 
	0xe5, 0xe5, 0xe5, 0xe5, 0xe5, 0xe5, 0xe5, 0xe5, 
	0xe5, 0xe5, 0xe5, 0xe5, 0xe5, 0xe5, 0xe5, 0xe5, 
	0xe5, 0xe5, 0xe5, 0xe5, 0xe5, 0xe5, 0xe5, 0xe5, 
	0xe5, 0xe5, 0xe5, 0xe5, 0xe5, 0xe5, 0xe5, 0xe5, 
	0xe5, 0xe5, 0xe5, 0xe5, 0xe5, 0xe5, 0xe5, 0xe5, 
	0xe5, 0xe5, 0xe5, 0xe5, 0xe5, 0xe5, 0xe5, 0xe5, 
	0xe5, 0xe5, 0xe5, 0xe5, 0xe5, 0xe5, 0xe5, 0xe5, 
	0xe5, 0xe5, 0xe5, 0xe5, 0xe5, 0xe5, 0xe5, 0xe5, 
	0x4a, 0x97, 0x7b, 0x9d, 0x4a, 0x97, 0x7b, 0x9d, 
	0xa4, 0x5f, 0xa4, 0x5f, 0xdd, 0xa5, 0xdd, 0xa5, 
	0xc5, 0x65, 0xc5, 0x65, 0xc5, 0x65, 0x94, 0x1f, 
	0x4a, 0x99, 0x4a, 0x99, 0x29, 0xd3, 0x29, 0xd3, 
	0x09, 0x11, 0x42, 0x57, 0x42, 0x57, 0x42, 0x57, 
	0x5b, 0x1b, 0x5b, 0x1b, 0x19, 0x93, 0x5b, 0x1b, 
	0x11, 0x51, 0x11, 0x51, 0x8c, 0x1f, 0x11, 0x51, 
	0x19, 0x93, 0xa4, 0xa1, 0xa4, 0xa1, 0xe6, 0x29, 
	0xc5, 0x25, 0x94, 0x1f, 0xc5, 0x25, 0x94, 0x1f, 
	0xb4, 0xe3, 0x83, 0x9d, 0x83, 0x9d, 0x83, 0x9d, 
	0x6b, 0x5b, 0x6b, 0x5b, 0x6b, 0x5b, 0x29, 0xd5, 
	0x01, 0x0f, 0x01, 0x0f, 0x29, 0xd5, 0x01, 0x0f, 
	0x09, 0x11, 0x09, 0x11, 0x09, 0x11, 0x09, 0x11, 
	0x09, 0x51, 0x09, 0x51, 0x42, 0x57, 0x42, 0x57, 
	0x73, 0x5d, 0x73, 0x5d, 0x4a, 0x99, 0x73, 0x5d, 
	0x11, 0x51, 0x11, 0x51, 0x4a, 0x57, 0x63, 0x1b, 
	0x6b, 0x5d, 0x6b, 0x5d, 0x6b, 0x5d, 0x6b, 0x5d, 
	0x09, 0x11, 0x42, 0x57, 0x42, 0x57, 0x09, 0x11, 
	0x09, 0x11, 0x09, 0x11, 0x09, 0x11, 0x09, 0x11, 
	0x09, 0x11, 0x09, 0x11, 0x09, 0x11, 0x09, 0x11, 
	0x01, 0x0f, 0x01, 0x0f, 0x01, 0x0f, 0x01, 0x0f, 
	0x01, 0x0f, 0x01, 0x0f, 0x21, 0xd3, 0x21, 0xd3, 
	0x29, 0xd3, 0x29, 0xd3, 0x4a, 0x99, 0x4a, 0x99, 
	0x42, 0x97, 0xbd, 0x25, 0x09, 0x51, 0x42, 0x97, 
	0x7b, 0x5b, 0xd5, 0xa5, 0xd5, 0xa5, 0xfe, 0xeb, 
	0xfe, 0xeb, 0xfe, 0xeb, 0xfe, 0xeb, 0xdd, 0xe5, 
	0xfe, 0xeb, 0xfe, 0xeb, 0xe5, 0xe7, 0xe5, 0xe7, 
	0xee, 0x29, 0xfe, 0xeb, 0xf6, 0x69, 0xf6, 0x69, 
	0xf6, 0x6b, 0xf6, 0x6b, 0xf6, 0x6b, 0xe5, 0xe7, 
	0xe5, 0xe7, 0xf6, 0xa9, 0xdd, 0xa5, 0xe5, 0xe7, 
	0xcd, 0x63, 0xe5, 0xe7, 0xf6, 0x69, 0xf6, 0x69, 
	0xdd, 0xe5, 0xdd, 0xe5, 0xee, 0x69, 0xfe, 0xeb, 
	0xee, 0x29, 0xfe, 0xab, 0xd5, 0xa5, 0xee, 0x29, 
	0xcd, 0x63, 0xd5, 0xa5, 0xe5, 0xe7, 0xe5, 0xe7, 
	0xdd, 0xa5, 0xee, 0x27, 0xee, 0x27, 0xee, 0x27, 
	0xe6, 0x27, 0xe6, 0x27, 0x9c, 0x1f, 0xe6, 0x27, 
	0xfe, 0xeb, 0xee, 0x69, 0xfe, 0xeb, 0xe5, 0xe7, 
	0xd5, 0xa5, 0xee, 0x67, 0xe5, 0xe5, 0xe5, 0xe5, 
	0xe5, 0xe5, 0xe5, 0xe5, 0xe5, 0xe5, 0xe5, 0xe5, 
	0xe5, 0xe5, 0xe5, 0xe5, 0xe5, 0xe5, 0xe5, 0xe5, 
	0xe5, 0xe5, 0xe5, 0xe5, 0xe5, 0xe5, 0xe5, 0xe5, 
	0xe5, 0xe5, 0xe5, 0xe5, 0xe5, 0xe5, 0xe5, 0xe5, 
	0xe5, 0xe5, 0xe5, 0xe5, 0xe5, 0xe5, 0xe5, 0xe5, 
	0xe5, 0xe5, 0xe5, 0xe5, 0xe5, 0xe5, 0xe5, 0xe5, 
	0xe5, 0xe5, 0xe5, 0xe5, 0xe5, 0xe5, 0xe5, 0xe5, 
	0xe5, 0xe5, 0xe5, 0xe5, 0xe5, 0xe5, 0xe5, 0xe5, 
	0xe5, 0xe5, 0xe5, 0xe5, 0xe5, 0xe5, 0xe5, 0xe5, 
	0xe5, 0xe5, 0xe5, 0xe5, 0xe5, 0xe5, 0xe5, 0xe5, 
	0xe5, 0xe5, 0xe5, 0xe5, 0xe5, 0xe5, 0xe5, 0xe5, 
	0xe5, 0xe5, 0xe5, 0xe5, 0xe5, 0xe5, 0xe5, 0xe5, 
	0xe5, 0xe5, 0xe5, 0xe5, 0xe5, 0xe5, 0xe5, 0xe5, 
	0xe5, 0xe5, 0xe5, 0xe5, 0xe5, 0xe5, 0xe5, 0xe5, 
	0xe5, 0xe5, 0xe5, 0xe5, 0xe5, 0xe5, 0xe5, 0xe5, 
	0xe5, 0xe5, 0xe5, 0xe5, 0xe5, 0xe5, 0xe5, 0xe5, 
	0xe5, 0xe5, 0xe5, 0xe5, 0xe5, 0xe5, 0xe5, 0xe5, 
	0xe5, 0xe5, 0xe5, 0xe5, 0xe5, 0xe5, 0xe5, 0xe5, 
	0xe5, 0xe5, 0xe5, 0xe5, 0xe5, 0xe5, 0xe5, 0xe5, 
	0xe5, 0xe5, 0xe5, 0xe5, 0xe5, 0xe5, 0xe5, 0xe5, 
	0xe5, 0xe5, 0xe5, 0xe5, 0xe5, 0xe5, 0xe5, 0xe5, 
	0xe5, 0xe5, 0xe5, 0xe5, 0xe5, 0xe5, 0xe5, 0xe5, 
	0xe5, 0xe5, 0xe5, 0xe5, 0xe5, 0xe5, 0xe5, 0xe5, 
	0xe5, 0xe5, 0xe5, 0xe5, 0xe5, 0xe5, 0xe5, 0xe5, 
	0xe5, 0xe5, 0xe5, 0xe5, 0xe5, 0xe5, 0xe5, 0xe5, 
	0xdd, 0xa5, 0xdd, 0xa5, 0xa4, 0x5f, 0x73, 0x5b, 
	0x52, 0xdb, 0x52, 0xdb, 0x21, 0x95, 0x21, 0x95, 
	0x6b, 0x1b, 0x3a, 0x17, 0x3a, 0x17, 0x3a, 0x17, 
	0x29, 0xd5, 0x29, 0xd5, 0x63, 0x1b, 0x9c, 0x61, 
	0x73, 0x5b, 0x29, 0xd5, 0x29, 0xd5, 0x73, 0x5b, 
	0xa4, 0xa1, 0x73, 0x5d, 0xdd, 0xa7, 0xdd, 0xa7, 
	0x5a, 0xd9, 0x19, 0x53, 0x19, 0x53, 0x9c, 0x61, 
	0x4a, 0x97, 0x19, 0x93, 0x73, 0x5d, 0x4a, 0x97, 
	0x19, 0x93, 0x19, 0x93, 0x19, 0x93, 0x19, 0x93, 
	0x42, 0x57, 0x42, 0x57, 0x73, 0x5b, 0x73, 0x5b, 
	0x32, 0x15, 0x6b, 0x1b, 0x6b, 0x1b, 0x6b, 0x1b, 
	0x73, 0x5d, 0x73, 0x5d, 0xa4, 0xa3, 0xa4, 0xa3, 
	0x63, 0x1b, 0x63, 0x1b, 0x8b, 0xdf, 0x32, 0x15, 
	0x3a, 0x55, 0x73, 0x5d, 0x3a, 0x55, 0x3a, 0x55, 
	0x09, 0x11, 0x09, 0x11, 0x09, 0x11, 0x09, 0x11, 
	0x01, 0x0f, 0x01, 0x0f, 0x01, 0x0f, 0x01, 0x0f, 
	0x09, 0x51, 0x09, 0x51, 0x09, 0x51, 0x09, 0x51, 
	0x29, 0xd5, 0x29, 0xd5, 0x29, 0xd5, 0x5a, 0xd9, 
	0x4a, 0x99, 0x29, 0xd5, 0x6b, 0x5d, 0x6b, 0x5d, 
	0x6b, 0x5b, 0x29, 0xd5, 0x6b, 0x5b, 0x6b, 0x5b, 
	0x21, 0xd5, 0x21, 0xd5, 0x21, 0xd5, 0x21, 0xd5, 
	0x4a, 0x57, 0x21, 0xd3, 0x01, 0x0f, 0x01, 0x0f, 
	0x01, 0x0f, 0x01, 0x0f, 0x01, 0x0f, 0x01, 0x0f, 
	0x09, 0x11, 0x09, 0x11, 0x09, 0x11, 0x09, 0x11, 
	0x09, 0x11, 0x73, 0x5b, 0x09, 0x11, 0x09, 0x11, 
	0x31, 0xd5, 0xac, 0xa1, 0xee, 0x27, 0xee, 0x27, 
	0xf6, 0x69, 0xf6, 0x69, 0xf6, 0x69, 0xe5, 0xe7, 
	0xfe, 0xab, 0xfe, 0xab, 0xfe, 0xab, 0xfe, 0xab, 
	0xee, 0x29, 0xfe, 0xab, 0xfe, 0xab, 0xe5, 0xe7, 
	0xee, 0x27, 0xee, 0x27, 0xf6, 0xa9, 0xe5, 0xe7, 
	0xee, 0x29, 0xee, 0x29, 0xdd, 0xa5, 0xdd, 0xa5, 
	0xd5, 0xa5, 0xd5, 0xa5, 0xc4, 0xe3, 0xd5, 0xa5, 
	0xc5, 0x23, 0xdd, 0xe7, 0xd5, 0x65, 0xdd, 0xe7, 
	0xee, 0x29, 0xdd, 0xe5, 0xdd, 0xe5, 0xdd, 0xe5, 
	0xdd, 0xa5, 0xdd, 0xa5, 0xb4, 0xa1, 0xee, 0x27, 
	0xf6, 0x69, 0xf6, 0x69, 0xd5, 0xa5, 0xe5, 0xe7, 
	0xee, 0x27, 0xee, 0x27, 0xee, 0x27, 0xdd, 0xa5, 
	0xd5, 0xa5, 0xee, 0x29, 0xd5, 0xa5, 0xee, 0x29, 
	0xe5, 0xe7, 0xee, 0x29, 0xfe, 0xab, 0xe5, 0xe7, 
	0xe5, 0xe5, 0xe5, 0xe5, 0xe5, 0xe5, 0xe5, 0xe5, 
	0xe5, 0xe5, 0xe5, 0xe5, 0xe5, 0xe5, 0xe5, 0xe5, 
	0xe5, 0xe5, 0xe5, 0xe5, 0xe5, 0xe5, 0xe5, 0xe5, 
	0xe5, 0xe5, 0xe5, 0xe5, 0xe5, 0xe5, 0xe5, 0xe5, 
	0xe5, 0xe5, 0xe5, 0xe5, 0xe5, 0xe5, 0xe5, 0xe5, 
	0xe5, 0xe5, 0xe5, 0xe5, 0xe5, 0xe5, 0xe5, 0xe5, 
	0xe5, 0xe5, 0xe5, 0xe5, 0xe5, 0xe5, 0xe5, 0xe5, 
	0xe5, 0xe5, 0xe5, 0xe5, 0xe5, 0xe5, 0xe5, 0xe5, 
	0xe5, 0xe5, 0xe5, 0xe5, 0xe5, 0xe5, 0xe5, 0xe5, 
	0xe5, 0xe5, 0xe5, 0xe5, 0xe5, 0xe5, 0xe5, 0xe5, 
	0xe5, 0xe5, 0xe5, 0xe5, 0xe5, 0xe5, 0xe5, 0xe5, 
	0xe5, 0xe5, 0xe5, 0xe5, 0xe5, 0xe5, 0xe5, 0xe5, 
	0xe5, 0xe5, 0xe5, 0xe5, 0xe5, 0xe5, 0xe5, 0xe5, 
	0xe5, 0xe5, 0xe5, 0xe5, 0xe5, 0xe5, 0xe5, 0xe5, 
	0xe5, 0xe5, 0xe5, 0xe5, 0xe5, 0xe5, 0xe5, 0xe5, 
	0xe5, 0xe5, 0xe5, 0xe5, 0xe5, 0xe5, 0xe5, 0xe5, 
	0xe5, 0xe5, 0xe5, 0xe5, 0xe5, 0xe5, 0xe5, 0xe5, 
	0xe5, 0xe5, 0xe5, 0xe5, 0xe5, 0xe5, 0xe5, 0xe5, 
	0xe5, 0xe5, 0xe5, 0xe5, 0xe5, 0xe5, 0xe5, 0xe5, 
	0xe5, 0xe5, 0xe5, 0xe5, 0xe5, 0xe5, 0xe5, 0xe5, 
	0xe5, 0xe5, 0xe5, 0xe5, 0xe5, 0xe5, 0xe5, 0xe5, 
	0xe5, 0xe5, 0xe5, 0xe5, 0xe5, 0xe5, 0xe5, 0xe5, 
	0xe5, 0xe5, 0xe5, 0xe5, 0xe5, 0xe5, 0xe5, 0xe5, 
	0xe5, 0xe5, 0xe5, 0xe5, 0xe5, 0xe5, 0xe5, 0xe5, 
	0xe5, 0xe5, 0xe5, 0xe5, 0xe5, 0xe5, 0xe5, 0xe5, 
	0xdd, 0xa5, 0xdd, 0xa5, 0xdd, 0xa5, 0xa4, 0x5f, 
	0xbd, 0x25, 0xbd, 0x25, 0xbd, 0x25, 0x8c, 0x1f, 
	0x6b, 0x1b, 0x6b, 0x1b, 0x6b, 0x1b, 0x6b, 0x1b, 
	0x63, 0x1b, 0x29, 0xd5, 0x29, 0xd5, 0x63, 0x1b, 
	0x29, 0xd5, 0x29, 0xd5, 0x29, 0xd5, 0x73, 0x5b, 
	0xa4, 0xa1, 0xa4, 0xa1, 0x3a, 0x57, 0x73, 0x5d, 
	0xdd, 0xe7, 0x19, 0x53, 0x19, 0x53, 0x5a, 0xd9, 
	0x19, 0x93, 0x19, 0x93, 0x73, 0x5d, 0x4a, 0x97, 
	0x19, 0x93, 0x4a, 0x99, 0x4a, 0x99, 0x19, 0x93, 
	0x09, 0x11, 0x09, 0x11, 0x09, 0x11, 0x09, 0x11, 
	0x01, 0x0f, 0x01, 0x0f, 0x01, 0x0f, 0x01, 0x0f, 
	0x09, 0x11, 0x09, 0x11, 0x09, 0x11, 0x3a, 0x57, 
	0x09, 0x11, 0x09, 0x11, 0x32, 0x15, 0x63, 0x1b, 
	0xac, 0xa3, 0x73, 0x5d, 0x73, 0x5d, 0x73, 0x5d, 
	0x73, 0x5d, 0x73, 0x5d, 0x73, 0x5d, 0x73, 0x5d, 
	0x63, 0x1b, 0x21, 0xd3, 0x01, 0x0f, 0x01, 0x0f, 
	0x09, 0x51, 0x09, 0x51, 0x09, 0x51, 0x09, 0x51, 
	0x01, 0x0f, 0x01, 0x0f, 0x01, 0x0f, 0x01, 0x0f, 
	0x09, 0x11, 0x09, 0x11, 0x09, 0x11, 0x09, 0x11, 
	0x29, 0xd5, 0x29, 0xd5, 0x29, 0xd5, 0x4a, 0x97, 
	0x6b, 0x5d, 0x6b, 0x5d, 0x4a, 0x99, 0x4a, 0x99, 
	0x6b, 0x1b, 0x6b, 0x1b, 0x6b, 0x1b, 0x21, 0xd3, 
	0x6b, 0x1d, 0x21, 0xd3, 0x01, 0x0f, 0x4a, 0x99, 
	0x63, 0x1b, 0x09, 0x11, 0x09, 0x11, 0x09, 0x11, 
	0x09, 0x11, 0x73, 0x5b, 0x09, 0x11, 0x09, 0x11, 
	0x31, 0xd5, 0xac, 0xa1, 0xac, 0xa1, 0xac, 0xa1, 
	0xf6, 0x69, 0xf6, 0x69, 0xfe, 0xeb, 0xfe, 0xeb, 
	0xfe, 0xab, 0xfe, 0xab, 0xfe, 0xab, 0xfe, 0xab, 
	0xee, 0x29, 0xe5, 0xe7, 0xfe, 0xab, 0xe5, 0xe7, 
	0xee, 0x27, 0xee, 0x27, 0xf6, 0xa9, 0xf6, 0xa9, 
	0xee, 0x29, 0xdd, 0xa5, 0xb4, 0xdf, 0xb4, 0xdf, 
	0xd5, 0xa5, 0xd5, 0xa5, 0xc4, 0xe3, 0xd5, 0xa5, 
	0xc5, 0x23, 0xd5, 0x65, 0xee, 0x69, 0xd5, 0x65, 
	0xcd, 0x63, 0xcd, 0x63, 0xdd, 0xe5, 0xdd, 0xe5, 
	0xdd, 0xa5, 0xc5, 0x23, 0xdd, 0xa5, 0xee, 0x27, 
	0xe5, 0xe7, 0xe5, 0xe7, 0xf6, 0x69, 0xd5, 0xa5, 
	0xdd, 0xa5, 0xee, 0x27, 0xdd, 0xa5, 0xb4, 0xa1, 
	0xa4, 0x5f, 0xee, 0x29, 0xd5, 0xa5, 0xee, 0x29, 
	0xf6, 0x69, 0xf6, 0x69, 0xfe, 0xab, 0xe5, 0xe7, 
	0xe5, 0xe5, 0xe5, 0xe5, 0xe5, 0xe5, 0xe5, 0xe5, 
	0xe5, 0xe5, 0xe5, 0xe5, 0xe5, 0xe5, 0xe5, 0xe5, 
	0xe5, 0xe5, 0xe5, 0xe5, 0xe5, 0xe5, 0xe5, 0xe5, 
	0xe5, 0xe5, 0xe5, 0xe5, 0xe5, 0xe5, 0xe5, 0xe5, 
	0xe5, 0xe5, 0xe5, 0xe5, 0xe5, 0xe5, 0xe5, 0xe5, 
	0xe5, 0xe5, 0xe5, 0xe5, 0xe5, 0xe5, 0xe5, 0xe5, 
	0xe5, 0xe5, 0xe5, 0xe5, 0xe5, 0xe5, 0xe5, 0xe5, 
	0xe5, 0xe5, 0xe5, 0xe5, 0xe5, 0xe5, 0xe5, 0xe5, 
	0xe5, 0xe5, 0xe5, 0xe5, 0xe5, 0xe5, 0xe5, 0xe5, 
	0xe5, 0xe5, 0xe5, 0xe5, 0xe5, 0xe5, 0xe5, 0xe5, 
	0xe5, 0xe5, 0xe5, 0xe5, 0xe5, 0xe5, 0xe5, 0xe5, 
	0xe5, 0xe5, 0xe5, 0xe5, 0xe5, 0xe5, 0xe5, 0xe5, 
	0xe5, 0xe5, 0xe5, 0xe5, 0xe5, 0xe5, 0xe5, 0xe5, 
	0xe5, 0xe5, 0xe5, 0xe5, 0xe5, 0xe5, 0xe5, 0xe5, 
	0xe5, 0xe5, 0xe5, 0xe5, 0xe5, 0xe5, 0xe5, 0xe5, 
	0xe5, 0xe5, 0xe5, 0xe5, 0xe5, 0xe5, 0xe5, 0xe5, 
	0xe5, 0xe5, 0xe5, 0xe5, 0xe5, 0xe5, 0xe5, 0xe5, 
	0xe5, 0xe5, 0xe5, 0xe5, 0xe5, 0xe5, 0xe5, 0xe5, 
	0xe5, 0xe5, 0xe5, 0xe5, 0xe5, 0xe5, 0xe5, 0xe5, 
	0xe5, 0xe5, 0xe5, 0xe5, 0xe5, 0xe5, 0xe5, 0xe5, 
	0xe5, 0xe5, 0xe5, 0xe5, 0xe5, 0xe5, 0xe5, 0xe5, 
	0xe5, 0xe5, 0xe5, 0xe5, 0xe5, 0xe5, 0xe5, 0xe5, 
	0xe5, 0xe5, 0xe5, 0xe5, 0xe5, 0xe5, 0xe5, 0xe5, 
	0xe5, 0xe5, 0xe5, 0xe5, 0xe5, 0xe5, 0xe5, 0xe5, 
	0xe5, 0xe5, 0xe5, 0xe5, 0x9c, 0x1f, 0xb4, 0xa1, 
	0xa4, 0x5f, 0xa4, 0x5f, 0x73, 0x5b, 0x73, 0x5b, 
	0x52, 0xdb, 0x52, 0xdb, 0x52, 0xdb, 0xbd, 0x25, 
	0xc5, 0x25, 0x94, 0x21, 0xc5, 0x25, 0x94, 0x21, 
	0xd5, 0xa7, 0xd5, 0xa7, 0xd5, 0xa7, 0xd5, 0xa7, 
	0xc5, 0x23, 0xc5, 0x23, 0x73, 0x5b, 0x29, 0xd5, 
	0x3a, 0x57, 0x3a, 0x57, 0x3a, 0x57, 0x3a, 0x57, 
	0xdd, 0xe7, 0xdd, 0xe7, 0x19, 0x53, 0x19, 0x53, 
	0x19, 0x93, 0x73, 0x5d, 0xa4, 0x61, 0x4a, 0x97, 
	0x4a, 0x99, 0xac, 0xa3, 0xac, 0xa3, 0xac, 0xa3, 
	0xac, 0xa1, 0x42, 0x57, 0x73, 0x5b, 0xac, 0xa1, 
	0x9c, 0x21, 0x9c, 0x21, 0x32, 0x15, 0x32, 0x15, 
	0x3a, 0x57, 0x3a, 0x57, 0x3a, 0x57, 0x09, 0x11, 
	0x09, 0x11, 0x09, 0x11, 0x09, 0x11, 0x09, 0x11, 
	0x01, 0x0f, 0x01, 0x0f, 0x3a, 0x55, 0x3a, 0x55, 
	0x29, 0xd5, 0x29, 0xd5, 0x29, 0xd5, 0x52, 0x99, 
	0x63, 0x1b, 0x63, 0x1b, 0x63, 0x1b, 0x42, 0x57, 
	0x73, 0x5b, 0x73, 0x5b, 0x73, 0x5b, 0xa4, 0xa1, 
	0x29, 0xd5, 0x5a, 0xd9, 0x5a, 0xd9, 0x5a, 0xd9, 
	0x29, 0xd5, 0x29, 0xd5, 0x09, 0x11, 0x09, 0x11, 
	0x09, 0x11, 0x09, 0x11, 0x09, 0x11, 0x09, 0x11, 
	0x01, 0x11, 0x01, 0x11, 0x01, 0x11, 0x01, 0x11, 
	0x01, 0x0f, 0x01, 0x0f, 0x21, 0xd3, 0x01, 0x0f, 
	0x01, 0x0f, 0x21, 0xd3, 0x21, 0xd3, 0x21, 0xd3, 
	0x63, 0x1b, 0x63, 0x1b, 0x63, 0x1b, 0x63, 0x1b, 
	0xa4, 0x61, 0xa4, 0x61, 0x73, 0x5b, 0x73, 0x5b, 
	0x73, 0x5b, 0x73, 0x5b, 0xee, 0x27, 0xee, 0x27, 
	0xfe, 0xeb, 0xf6, 0x69, 0xfe, 0xeb, 0xfe, 0xeb, 
	0xcd, 0x65, 0x94, 0x1f, 0xfe, 0xab, 0xfe, 0xab, 
	0xee, 0x29, 0xe5, 0xe7, 0xf6, 0x69, 0xee, 0x29, 
	0xe5, 0xe7, 0xee, 0x27, 0xf6, 0xa9, 0xf6, 0xa9, 
	0xdd, 0xa5, 0xdd, 0xa5, 0xee, 0x29, 0xee, 0x29, 
	0xd5, 0xa5, 0xd5, 0xa5, 0xee, 0x67, 0xee, 0x67, 
	0xee, 0x69, 0xd5, 0x65, 0xee, 0x69, 0xee, 0x69, 
	0xdd, 0xe5, 0xdd, 0xe5, 0xfe, 0xab, 0xfe, 0xab, 
	0xee, 0x27, 0xdd, 0xa5, 0xee, 0x27, 0xee, 0x27, 
	0xe5, 0xe7, 0xd5, 0xa5, 0xf6, 0x69, 0xf6, 0x69, 
	0xee, 0x27, 0xdd, 0xa5, 0xdd, 0xa5, 0xdd, 0xa5, 
	0xa4, 0x5f, 0xd5, 0xa5, 0xee, 0x29, 0xee, 0x29, 
	0xe5, 0xe7, 0xee, 0x29, 0xee, 0x29, 0xee, 0x29, 
	0xe5, 0xe5, 0xe5, 0xe5, 0xe5, 0xe5, 0xe5, 0xe5, 
	0xe5, 0xe5, 0xe5, 0xe5, 0xe5, 0xe5, 0xe5, 0xe5, 
	0xe5, 0xe5, 0xe5, 0xe5, 0xe5, 0xe5, 0xe5, 0xe5, 
	0xe5, 0xe5, 0xe5, 0xe5, 0xe5, 0xe5, 0xe5, 0xe5, 
	0xe5, 0xe5, 0xe5, 0xe5, 0xe5, 0xe5, 0xe5, 0xe5, 
	0xe5, 0xe5, 0xe5, 0xe5, 0xe5, 0xe5, 0xe5, 0xe5, 
	0xe5, 0xe5, 0xe5, 0xe5, 0xe5, 0xe5, 0xe5, 0xe5, 
	0xe5, 0xe5, 0xe5, 0xe5, 0xe5, 0xe5, 0xe5, 0xe5, 
	0xe5, 0xe5, 0xe5, 0xe5, 0xe5, 0xe5, 0xe5, 0xe5, 
	0xe5, 0xe5, 0xe5, 0xe5, 0xe5, 0xe5, 0xe5, 0xe5, 
	0xe5, 0xe5, 0xe5, 0xe5, 0xe5, 0xe5, 0xe5, 0xe5, 
	0xe5, 0xe5, 0xe5, 0xe5, 0xe5, 0xe5, 0xe5, 0xe5, 
	0xe5, 0xe5, 0xe5, 0xe5, 0xe5, 0xe5, 0xe5, 0xe5, 
	0xe5, 0xe5, 0xe5, 0xe5, 0xe5, 0xe5, 0xe5, 0xe5, 
	0xe5, 0xe5, 0xe5, 0xe5, 0xe5, 0xe5, 0xe5, 0xe5, 
	0xe5, 0xe5, 0xe5, 0xe5, 0xe5, 0xe5, 0xe5, 0xe5, 
	0xe5, 0xe5, 0xe5, 0xe5, 0xe5, 0xe5, 0xe5, 0xe5, 
	0xe5, 0xe5, 0xe5, 0xe5, 0xe5, 0xe5, 0xe5, 0xe5, 
	0xe5, 0xe5, 0xe5, 0xe5, 0xe5, 0xe5, 0xe5, 0xe5, 
	0xe5, 0xe5, 0xe5, 0xe5, 0xe5, 0xe5, 0xe5, 0xe5, 
	0xe5, 0xe5, 0xe5, 0xe5, 0xe5, 0xe5, 0xe5, 0xe5, 
	0xe5, 0xe5, 0xe5, 0xe5, 0xe5, 0xe5, 0xe5, 0xe5, 
	0xe5, 0xe5, 0xe5, 0xe5, 0xe5, 0xe5, 0xe5, 0xe5, 
	0xe5, 0xe5, 0xe5, 0xe5, 0xe5, 0xe5, 0xe5, 0xe5, 
	0xe5, 0xe5, 0xe5, 0xe5, 0xcd, 0x63, 0xcd, 0x63, 
	0xa4, 0x5f, 0xa4, 0x5f, 0x73, 0x5b, 0x73, 0x5b, 
	0x8c, 0x1f, 0x52, 0xdb, 0x21, 0x95, 0x21, 0x95, 
	0x3a, 0x17, 0x3a, 0x17, 0x3a, 0x17, 0x3a, 0x17, 
	0x63, 0x1b, 0x63, 0x1b, 0x63, 0x1b, 0x63, 0x1b, 
	0xc5, 0x23, 0xc5, 0x23, 0xc5, 0x23, 0x29, 0xd5, 
	0x73, 0x5d, 0xa4, 0xa1, 0xa4, 0xa1, 0xa4, 0xa1, 
	0xdd, 0xe7, 0xdd, 0xe7, 0x9c, 0x61, 0x19, 0x53, 
	0x19, 0x93, 0x4a, 0x97, 0x4a, 0x97, 0x4a, 0x97, 
	0x19, 0x93, 0x19, 0x93, 0x19, 0x93, 0x4a, 0x99, 
	0x42, 0x57, 0x42, 0x57, 0x73, 0x5b, 0x42, 0x57, 
	0x6b, 0x1b, 0x6b, 0x1b, 0x6b, 0x1b, 0x6b, 0x1b, 
	0x73, 0x5d, 0xa4, 0xa3, 0xa4, 0xa3, 0xa4, 0xa3, 
	0x63, 0x1b, 0x63, 0x1b, 0x63, 0x1b, 0x09, 0x11, 
	0x3a, 0x55, 0x3a, 0x55, 0x73, 0x5d, 0xac, 0xa3, 
	0x52, 0x99, 0x09, 0x11, 0x09, 0x11, 0x09, 0x11, 
	0x01, 0x0f, 0x01, 0x0f, 0x21, 0xd3, 0x21, 0xd3, 
	0x09, 0x51, 0x09, 0x51, 0x3a, 0x57, 0x73, 0x5b, 
	0x83, 0x9f, 0x5a, 0xd9, 0x5a, 0xd9, 0x5a, 0xd9, 
	0x6b, 0x5d, 0x6b, 0x5d, 0x6b, 0x5d, 0x6b, 0x5d, 
	0x6b, 0x5b, 0x6b, 0x5b, 0x6b, 0x5b, 0x29, 0xd5, 
	0x21, 0xd5, 0x21, 0xd5, 0x01, 0x11, 0x01, 0x11, 
	0x01, 0x0f, 0x01, 0x0f, 0x01, 0x0f, 0x01, 0x0f, 
	0x01, 0x0f, 0x01, 0x0f, 0x01, 0x0f, 0x01, 0x0f, 
	0x09, 0x11, 0x09, 0x11, 0x09, 0x11, 0x09, 0x11, 
	0x09, 0x11, 0x3a, 0x57, 0x3a, 0x57, 0x3a, 0x57, 
	0xee, 0x27, 0x73, 0x5b, 0xac, 0xa1, 0xee, 0x27, 
	0xfe, 0xeb, 0xfe, 0xeb, 0xf6, 0x69, 0xee, 0x29, 
	0xcd, 0x65, 0x63, 0x19, 0xcd, 0x65, 0xfe, 0xab, 
	0xfe, 0xab, 0xee, 0x29, 0xe5, 0xe7, 0xe5, 0xe7, 
	0xdd, 0xa5, 0xe5, 0xe7, 0xe5, 0xe7, 0xdd, 0xa5, 
	0xdd, 0xa5, 0xdd, 0xa5, 0xdd, 0xa5, 0xee, 0x29, 
	0xee, 0x67, 0xee, 0x67, 0xee, 0x67, 0xee, 0x67, 
	0xee, 0x69, 0xee, 0x69, 0xee, 0x69, 0xdd, 0xe7, 
	0xdd, 0xe5, 0xdd, 0xe5, 0xfe, 0xab, 0xdd, 0xe5, 
	0xdd, 0xa5, 0xee, 0x27, 0xc5, 0x23, 0xee, 0x27, 
	0xd5, 0xa5, 0xc5, 0x23, 0xe5, 0xe7, 0xe5, 0xe7, 
	0xee, 0x27, 0xdd, 0xa5, 0xdd, 0xa5, 0xdd, 0xa5, 
	0xd5, 0xa5, 0xd5, 0xa5, 0xee, 0x29, 0xee, 0x29, 
	0xf6, 0x69, 0xf6, 0x69, 0xee, 0x29, 0xee, 0x29, 
	0xe5, 0xe5, 0xe5, 0xe5, 0xe5, 0xe5, 0xe5, 0xe5, 
	0xe5, 0xe5, 0xe5, 0xe5, 0xe5, 0xe5, 0xe5, 0xe5, 
	0xe5, 0xe5, 0xe5, 0xe5, 0xe5, 0xe5, 0xe5, 0xe5, 
	0xe5, 0xe5, 0xe5, 0xe5, 0xe5, 0xe5, 0xe5, 0xe5, 
	0xe5, 0xe5, 0xe5, 0xe5, 0xe5, 0xe5, 0xe5, 0xe5, 
	0xe5, 0xe5, 0xe5, 0xe5, 0xe5, 0xe5, 0xe5, 0xe5, 
	0xe5, 0xe5, 0xe5, 0xe5, 0xe5, 0xe5, 0xe5, 0xe5, 
	0xe5, 0xe5, 0xe5, 0xe5, 0xe5, 0xe5, 0xe5, 0xe5, 
	0xe5, 0xe5, 0xe5, 0xe5, 0xe5, 0xe5, 0xe5, 0xe5, 
	0xe5, 0xe5, 0xe5, 0xe5, 0xe5, 0xe5, 0xe5, 0xe5, 
	0xe5, 0xe5, 0xe5, 0xe5, 0xe5, 0xe5, 0xe5, 0xe5, 
	0xe5, 0xe5, 0xe5, 0xe5, 0xe5, 0xe5, 0xe5, 0xe5, 
	0xe5, 0xe5, 0xe5, 0xe5, 0xe5, 0xe5, 0xe5, 0xe5, 
	0xe5, 0xe5, 0xe5, 0xe5, 0xe5, 0xe5, 0xe5, 0xe5, 
	0xe5, 0xe5, 0xe5, 0xe5, 0xe5, 0xe5, 0xe5, 0xe5, 
	0xe5, 0xe5, 0xe5, 0xe5, 0xe5, 0xe5, 0xe5, 0xe5, 
	0xe5, 0xe5, 0xe5, 0xe5, 0xe5, 0xe5, 0xe5, 0xe5, 
	0xe5, 0xe5, 0xe5, 0xe5, 0xe5, 0xe5, 0xe5, 0xe5, 
	0xe5, 0xe5, 0xe5, 0xe5, 0xe5, 0xe5, 0xe5, 0xe5, 
	0xe5, 0xe5, 0xe5, 0xe5, 0xe5, 0xe5, 0xe5, 0xe5, 
	0xe5, 0xe5, 0xe5, 0xe5, 0xe5, 0xe5, 0xe5, 0xe5, 
	0xe5, 0xe5, 0xe5, 0xe5, 0xe5, 0xe5, 0xe5, 0xe5, 
	0xe5, 0xe5, 0xe5, 0xe5, 0xe5, 0xe5, 0xe5, 0xe5, 
	0xe5, 0xe5, 0xe5, 0xe5, 0xe5, 0xe5, 0xe5, 0xe5, 
	0xe5, 0xe5, 0xe5, 0xe5, 0xd5, 0xa3, 0xd5, 0xa3, 
	0xd5, 0xa5, 0xac, 0xa1, 0xd5, 0xa5, 0xd5, 0xa5, 
	0xcd, 0xa5, 0xcd, 0xa5, 0xcd, 0xa5, 0x9c, 0x5f, 
	0x94, 0x1f, 0x5b, 0x19, 0x94, 0x1f, 0xc5, 0x23, 
	0x52, 0x99, 0x52, 0x99, 0x19, 0x93, 0x19, 0x93, 
	0x19, 0x93, 0x19, 0x93, 0x73, 0x9d, 0x4a, 0x99, 
	0x19, 0x93, 0x73, 0x9d, 0xa4, 0xa1, 0xa4, 0xa1, 
	0x94, 0x1f, 0xc5, 0x25, 0x94, 0x1f, 0x29, 0xd5, 
	0x4a, 0x97, 0x4a, 0x97, 0x73, 0x5d, 0x4a, 0x97, 
	0x09, 0x11, 0x09, 0x11, 0x42, 0x57, 0x42, 0x57, 
	0x3a, 0x57, 0x09, 0x11, 0x09, 0x11, 0x09, 0x11, 
	0x09, 0x51, 0x09, 0x51, 0x09, 0x51, 0x09, 0x51, 
	0x01, 0x0f, 0x01, 0x0f, 0x29, 0xd3, 0x01, 0x0f, 
	0x29, 0xd5, 0x4a, 0x99, 0x6b, 0x5d, 0x6b, 0x5d, 
	0x42, 0x57, 0x11, 0x51, 0x42, 0x57, 0x42, 0x57, 
	0x6b, 0x1b, 0x6b, 0x1b, 0x21, 0xd5, 0x6b, 0x1b, 
	0x29, 0xd5, 0x29, 0xd5, 0x09, 0x51, 0x09, 0x51, 
	0x01, 0x0f, 0x01, 0x0f, 0x01, 0x0f, 0x01, 0x0f, 
	0x01, 0x0f, 0x01, 0x0f, 0x01, 0x0f, 0x01, 0x0f, 
	0x09, 0x11, 0x21, 0x93, 0x09, 0x11, 0x09, 0x11, 
	0x29, 0xd5, 0x29, 0xd5, 0x29, 0xd5, 0x52, 0x99, 
	0x73, 0x5d, 0x73, 0x5d, 0x73, 0x5d, 0x73, 0x5d, 
	0x6b, 0x1b, 0x6b, 0x1b, 0x4a, 0x97, 0x4a, 0x97, 
	0x29, 0xd5, 0x29, 0xd5, 0x29, 0xd5, 0x29, 0xd5, 
	0x01, 0x0f, 0x01, 0x0f, 0x01, 0x0f, 0x29, 0xd3, 
	0x09, 0x11, 0x09, 0x11, 0x09, 0x11, 0x09, 0x11, 
	0xcd, 0x65, 0xcd, 0x65, 0xcd, 0x65, 0xcd, 0x65, 
	0xe5, 0xe5, 0xfe, 0xab, 0xfe, 0xab, 0xf6, 0x69, 
	0xff, 0x2d, 0xee, 0x29, 0xee, 0x29, 0xe5, 0xe7, 
	0xfe, 0xab, 0xe5, 0xe7, 0xdd, 0xa5, 0xdd, 0xa5, 
	0xe5, 0xe7, 0xd5, 0xa3, 0xd5, 0xa3, 0xcd, 0x61, 
	0xdd, 0xe7, 0xf6, 0x69, 0xf6, 0x69, 0xf6, 0x69, 
	0xf6, 0xa9, 0xf6, 0xa9, 0xe5, 0xe7, 0xe5, 0xe7, 
	0xfe, 0xed, 0xe5, 0xe7, 0xd5, 0x65, 0xd5, 0x65, 
	0xf6, 0x6b, 0xf6, 0x6b, 0xf6, 0x6b, 0xf6, 0x6b, 
	0xd5, 0xa5, 0xd5, 0xa5, 0xd5, 0xa5, 0xb4, 0xa1, 
	0xee, 0x29, 0xd5, 0xa5, 0xc5, 0x23, 0xd5, 0xa5, 
	0xee, 0x29, 0xee, 0x29, 0xdd, 0xa7, 0xcd, 0x23, 
	0xee, 0x69, 0xe5, 0xe7, 0xee, 0x69, 0xe5, 0xe7, 
	0xd5, 0xa5, 0xd5, 0xa5, 0xd5, 0xa5, 0xd5, 0xa5, 
	0xd5, 0xa5, 0xd5, 0xa5, 0xdd, 0xe7, 0xdd, 0xe7, 
	0xe5, 0xe5, 0xe5, 0xe5, 0xe5, 0xe5, 0xe5, 0xe5, 
	0xe5, 0xe5, 0xe5, 0xe5, 0xe5, 0xe5, 0xe5, 0xe5, 
	0xe5, 0xe5, 0xe5, 0xe5, 0xe5, 0xe5, 0xe5, 0xe5, 
	0xe5, 0xe5, 0xe5, 0xe5, 0xe5, 0xe5, 0xe5, 0xe5, 
	0xe5, 0xe5, 0xe5, 0xe5, 0xe5, 0xe5, 0xe5, 0xe5, 
	0xe5, 0xe5, 0xe5, 0xe5, 0xe5, 0xe5, 0xe5, 0xe5, 
	0xe5, 0xe5, 0xe5, 0xe5, 0xe5, 0xe5, 0xe5, 0xe5, 
	0xe5, 0xe5, 0xe5, 0xe5, 0xe5, 0xe5, 0xe5, 0xe5, 
	0xe5, 0xe5, 0xe5, 0xe5, 0xe5, 0xe5, 0xe5, 0xe5, 
	0xe5, 0xe5, 0xe5, 0xe5, 0xe5, 0xe5, 0xe5, 0xe5, 
	0xe5, 0xe5, 0xe5, 0xe5, 0xe5, 0xe5, 0xe5, 0xe5, 
	0xe5, 0xe5, 0xe5, 0xe5, 0xe5, 0xe5, 0xe5, 0xe5, 
	0xe5, 0xe5, 0xe5, 0xe5, 0xe5, 0xe5, 0xe5, 0xe5, 
	0xe5, 0xe5, 0xe5, 0xe5, 0xe5, 0xe5, 0xe5, 0xe5, 
	0xe5, 0xe5, 0xe5, 0xe5, 0xe5, 0xe5, 0xe5, 0xe5, 
	0xe5, 0xe5, 0xe5, 0xe5, 0xe5, 0xe5, 0xe5, 0xe5, 
	0xe5, 0xe5, 0xe5, 0xe5, 0xe5, 0xe5, 0xe5, 0xe5, 
	0xe5, 0xe5, 0xe5, 0xe5, 0xe5, 0xe5, 0xe5, 0xe5, 
	0xe5, 0xe5, 0xe5, 0xe5, 0xe5, 0xe5, 0xe5, 0xe5, 
	0xe5, 0xe5, 0xe5, 0xe5, 0xe5, 0xe5, 0xe5, 0xe5, 
	0xe5, 0xe5, 0xe5, 0xe5, 0xe5, 0xe5, 0xe5, 0xe5, 
	0xe5, 0xe5, 0xe5, 0xe5, 0xe5, 0xe5, 0xe5, 0xe5, 
	0xe5, 0xe5, 0xe5, 0xe5, 0xe5, 0xe5, 0xe5, 0xe5, 
	0xe5, 0xe5, 0xe5, 0xe5, 0xb4, 0xe1, 0xb4, 0xe1, 
	0xac, 0xa1, 0x7b, 0x9d, 0x52, 0x99, 0x7b, 0x9d, 
	0x63, 0x1b, 0x63, 0x1b, 0x9c, 0x5f, 0xcd, 0xa5, 
	0xc5, 0x23, 0x94, 0x1f, 0xc5, 0x23, 0xc5, 0x23, 
	0xbd, 0x25, 0xbd, 0x25, 0xbd, 0x25, 0x83, 0xdf, 
	0xa4, 0xa3, 0xa4, 0xa3, 0x73, 0x9d, 0x4a, 0x99, 
	0x73, 0x9d, 0x4a, 0x97, 0x19, 0x93, 0x4a, 0x97, 
	0x29, 0xd5, 0x29, 0xd5, 0x94, 0x1f, 0x29, 0xd5, 
	0x73, 0x5d, 0xa4, 0x61, 0x73, 0x5d, 0x4a, 0x97, 
	0x73, 0x9d, 0x73, 0x9d, 0x73, 0x9d, 0xac, 0xa3, 
	0x9c, 0x63, 0x9c, 0x63, 0x6b, 0x5d, 0x6b, 0x5d, 
	0x73, 0x5b, 0x3a, 0x57, 0x3a, 0x57, 0x09, 0x51, 
	0x01, 0x0f, 0x01, 0x0f, 0x01, 0x0f, 0x01, 0x0f, 
	0x09, 0x11, 0x09, 0x11, 0x09, 0x11, 0x09, 0x11, 
	0x11, 0x51, 0x11, 0x51, 0x11, 0x51, 0x11, 0x51, 
	0x21, 0xd5, 0x4a, 0x97, 0x4a, 0x97, 0x6b, 0x1b, 
	0x6b, 0x5b, 0x6b, 0x5b, 0x6b, 0x5b, 0x29, 0xd5, 
	0x4a, 0x99, 0x4a, 0x99, 0x01, 0x0f, 0x32, 0x15, 
	0x6b, 0x5d, 0x3a, 0x55, 0x01, 0x0f, 0x01, 0x0f, 
	0x09, 0x11, 0x52, 0xd9, 0x3a, 0x57, 0x09, 0x11, 
	0x09, 0x11, 0x09, 0x11, 0x09, 0x11, 0x09, 0x11, 
	0x29, 0xd5, 0x29, 0xd5, 0x29, 0xd5, 0x29, 0xd5, 
	0x01, 0x0f, 0x01, 0x0f, 0x21, 0xd3, 0x21, 0xd3, 
	0x73, 0x5d, 0x73, 0x5d, 0x73, 0x5d, 0x73, 0x5d, 
	0x73, 0x5d, 0x73, 0x5d, 0x29, 0xd3, 0x73, 0x5d, 
	0x73, 0x5d, 0x73, 0x5d, 0x73, 0x5d, 0x73, 0x5d, 
	0xcd, 0x65, 0xcd, 0x65, 0xcd, 0x65, 0xcd, 0x65, 
	0xf6, 0x69, 0xfe, 0xab, 0xf6, 0x69, 0xf6, 0x69, 
	0xff, 0x2d, 0xff, 0x2d, 0xf6, 0xab, 0xee, 0x29, 
	0xfe, 0xab, 0xfe, 0xab, 0xf6, 0x69, 0xf6, 0x69, 
	0xd5, 0xa3, 0xee, 0x69, 0xe5, 0xe7, 0xe5, 0xe7, 
	0xf6, 0x69, 0xf6, 0x69, 0xf6, 0x69, 0xdd, 0xe7, 
	0xd5, 0x65, 0xe5, 0xe7, 0xe5, 0xe7, 0xc4, 0xe3, 
	0xee, 0x6b, 0xee, 0x6b, 0xe5, 0xe7, 0xe5, 0xe7, 
	0xc5, 0x23, 0xdd, 0xa7, 0xf6, 0x6b, 0xf6, 0x6b, 
	0xf6, 0x69, 0xf6, 0x69, 0xd5, 0xa5, 0xb4, 0xa1, 
	0xee, 0x29, 0xee, 0x29, 0xd5, 0xa5, 0xc5, 0x23, 
	0xee, 0x29, 0xfe, 0xed, 0xdd, 0xa7, 0xee, 0x29, 
	0xd5, 0xa5, 0xd5, 0xa5, 0xd5, 0xa5, 0xd5, 0xa5, 
	0xd5, 0xa5, 0x8b, 0xdd, 0xd5, 0xa5, 0xd5, 0xa5, 
	0xf6, 0x69, 0xf6, 0x69, 0xdd, 0xe7, 0xdd, 0xe7, 
	0xe5, 0xe5, 0xe5, 0xe5, 0xe5, 0xe5, 0xe5, 0xe5, 
	0xe5, 0xe5, 0xe5, 0xe5, 0xe5, 0xe5, 0xe5, 0xe5, 
	0xe5, 0xe5, 0xe5, 0xe5, 0xe5, 0xe5, 0xe5, 0xe5, 
	0xe5, 0xe5, 0xe5, 0xe5, 0xe5, 0xe5, 0xe5, 0xe5, 
	0xe5, 0xe5, 0xe5, 0xe5, 0xe5, 0xe5, 0xe5, 0xe5, 
	0xe5, 0xe5, 0xe5, 0xe5, 0xe5, 0xe5, 0xe5, 0xe5, 
	0xe5, 0xe5, 0xe5, 0xe5, 0xe5, 0xe5, 0xe5, 0xe5, 
	0xe5, 0xe5, 0xe5, 0xe5, 0xe5, 0xe5, 0xe5, 0xe5, 
	0xe5, 0xe5, 0xe5, 0xe5, 0xe5, 0xe5, 0xe5, 0xe5, 
	0xe5, 0xe5, 0xe5, 0xe5, 0xe5, 0xe5, 0xe5, 0xe5, 
	0xe5, 0xe5, 0xe5, 0xe5, 0xe5, 0xe5, 0xe5, 0xe5, 
	0xe5, 0xe5, 0xe5, 0xe5, 0xe5, 0xe5, 0xe5, 0xe5, 
	0xe5, 0xe5, 0xe5, 0xe5, 0xe5, 0xe5, 0xe5, 0xe5, 
	0xe5, 0xe5, 0xe5, 0xe5, 0xe5, 0xe5, 0xe5, 0xe5, 
	0xe5, 0xe5, 0xe5, 0xe5, 0xe5, 0xe5, 0xe5, 0xe5, 
	0xe5, 0xe5, 0xe5, 0xe5, 0xe5, 0xe5, 0xe5, 0xe5, 
	0xe5, 0xe5, 0xe5, 0xe5, 0xe5, 0xe5, 0xe5, 0xe5, 
	0xe5, 0xe5, 0xe5, 0xe5, 0xe5, 0xe5, 0xe5, 0xe5, 
	0xe5, 0xe5, 0xe5, 0xe5, 0xe5, 0xe5, 0xe5, 0xe5, 
	0xe5, 0xe5, 0xe5, 0xe5, 0xe5, 0xe5, 0xe5, 0xe5, 
	0xe5, 0xe5, 0xe5, 0xe5, 0xe5, 0xe5, 0xe5, 0xe5, 
	0xe5, 0xe5, 0xe5, 0xe5, 0xe5, 0xe5, 0xe5, 0xe5, 
	0xe5, 0xe5, 0xe5, 0xe5, 0xe5, 0xe5, 0xe5, 0xe5, 
	0xe5, 0xe5, 0xe5, 0xe5, 0xe5, 0xe5, 0xe5, 0xe5, 
	0xd5, 0xa5, 0xac, 0xa1, 0xac, 0xa1, 0x7b, 0x9d, 
	0x31, 0xd5, 0x31, 0xd5, 0x31, 0xd5, 0x31, 0xd5, 
	0x29, 0xd5, 0x29, 0xd5, 0x29, 0xd5, 0x29, 0xd5, 
	0x52, 0x99, 0x52, 0x99, 0x83, 0xdf, 0x83, 0xdf, 
	0xa4, 0xa3, 0xa4, 0xa3, 0xa4, 0xa3, 0xa4, 0xa3, 
	0xa4, 0xa1, 0xa4, 0xa1, 0x4a, 0x97, 0x19, 0x93, 
	0x29, 0xd5, 0xc5, 0x25, 0x5a, 0xdb, 0x29, 0xd5, 
	0x19, 0x93, 0x19, 0x93, 0x19, 0x93, 0x19, 0x93, 
	0xac, 0xa3, 0x73, 0x9d, 0x09, 0x11, 0x09, 0x11, 
	0x09, 0x11, 0x3a, 0x57, 0x6b, 0x5d, 0x6b, 0x5d, 
	0x73, 0x5b, 0x73, 0x5b, 0xa4, 0xa1, 0xa4, 0xa1, 
	0x73, 0x9d, 0x73, 0x9d, 0x73, 0x9d, 0x73, 0x9d, 
	0x6b, 0x5d, 0x6b, 0x5d, 0x29, 0xd5, 0x29, 0xd5, 
	0x11, 0x51, 0x42, 0x57, 0x11, 0x51, 0x11, 0x51, 
	0x01, 0x11, 0x01, 0x11, 0x01, 0x11, 0x01, 0x11, 
	0x09, 0x51, 0x09, 0x51, 0x6b, 0x5b, 0x6b, 0x5b, 
	0x4a, 0x99, 0x32, 0x15, 0x4a, 0x99, 0x32, 0x15, 
	0x3a, 0x55, 0xa4, 0xa3, 0x6b, 0x5d, 0x6b, 0x5d, 
	0x3a, 0x57, 0x21, 0x93, 0x21, 0x93, 0x21, 0x93, 
	0x52, 0x99, 0x09, 0x11, 0x09, 0x11, 0x09, 0x11, 
	0x01, 0x11, 0x01, 0x11, 0x01, 0x11, 0x01, 0x11, 
	0x01, 0x0f, 0x01, 0x0f, 0x01, 0x0f, 0x01, 0x0f, 
	0x09, 0x11, 0x09, 0x11, 0x09, 0x11, 0x09, 0x11, 
	0x01, 0x0f, 0x29, 0xd3, 0x29, 0xd3, 0x29, 0xd3, 
	0x29, 0xd5, 0x29, 0xd5, 0x29, 0xd5, 0x52, 0x99, 
	0x52, 0x99, 0x52, 0x99, 0xcd, 0x65, 0x94, 0x1f, 
	0xfe, 0xab, 0xf6, 0x69, 0xee, 0x27, 0xee, 0x27, 
	0xee, 0x29, 0xf6, 0xab, 0xee, 0x29, 0xee, 0x29, 
	0xf6, 0x69, 0xfe, 0xab, 0xfe, 0xab, 0xe5, 0xe7, 
	0xe5, 0xe7, 0xe5, 0xe7, 0xe5, 0xe7, 0xee, 0x69, 
	0xdd, 0xe7, 0xdd, 0xe7, 0xf6, 0x69, 0xb4, 0xa1, 
	0xd5, 0x65, 0xd5, 0x65, 0xe5, 0xe7, 0xd5, 0x65, 
	0xd5, 0x65, 0xee, 0x6b, 0xee, 0x6b, 0xe5, 0xe7, 
	0xac, 0x5f, 0xc5, 0x23, 0xdd, 0xa7, 0xf6, 0x6b, 
	0xf6, 0x69, 0xf6, 0x69, 0xb4, 0xa1, 0x93, 0xdd, 
	0xd5, 0xa5, 0xee, 0x29, 0xee, 0x29, 0xee, 0x29, 
	0xee, 0x29, 0xfe, 0xed, 0xee, 0x29, 0xdd, 0xa7, 
	0xd5, 0xa5, 0xcd, 0x23, 0xe5, 0xe7, 0xd5, 0xa5, 
	0xfe, 0xa9, 0xd5, 0xa5, 0xd5, 0xa5, 0xd5, 0xa5, 
	0xf6, 0x69, 0xee, 0x27, 0xd5, 0xa5, 0xee, 0x27, 
	0xe5, 0xe5, 0xe5, 0xe5, 0xe5, 0xe5, 0xe5, 0xe5, 
	0xe5, 0xe5, 0xe5, 0xe5, 0xe5, 0xe5, 0xe5, 0xe5, 
	0xe5, 0xe5, 0xe5, 0xe5, 0xe5, 0xe5, 0xe5, 0xe5, 
	0xe5, 0xe5, 0xe5, 0xe5, 0xe5, 0xe5, 0xe5, 0xe5, 
	0xe5, 0xe5, 0xe5, 0xe5, 0xe5, 0xe5, 0xe5, 0xe5, 
	0xe5, 0xe5, 0xe5, 0xe5, 0xe5, 0xe5, 0xe5, 0xe5, 
	0xe5, 0xe5, 0xe5, 0xe5, 0xe5, 0xe5, 0xe5, 0xe5, 
	0xe5, 0xe5, 0xe5, 0xe5, 0xe5, 0xe5, 0xe5, 0xe5, 
	0xe5, 0xe5, 0xe5, 0xe5, 0xe5, 0xe5, 0xe5, 0xe5, 
	0xe5, 0xe5, 0xe5, 0xe5, 0xe5, 0xe5, 0xe5, 0xe5, 
	0xe5, 0xe5, 0xe5, 0xe5, 0xe5, 0xe5, 0xe5, 0xe5, 
	0xe5, 0xe5, 0xe5, 0xe5, 0xe5, 0xe5, 0xe5, 0xe5, 
	0xe5, 0xe5, 0xe5, 0xe5, 0xe5, 0xe5, 0xe5, 0xe5, 
	0xe5, 0xe5, 0xe5, 0xe5, 0xe5, 0xe5, 0xe5, 0xe5, 
	0xe5, 0xe5, 0xe5, 0xe5, 0xe5, 0xe5, 0xe5, 0xe5, 
	0xe5, 0xe5, 0xe5, 0xe5, 0xe5, 0xe5, 0xe5, 0xe5, 
	0xe5, 0xe5, 0xe5, 0xe5, 0xe5, 0xe5, 0xe5, 0xe5, 
	0xe5, 0xe5, 0xe5, 0xe5, 0xe5, 0xe5, 0xe5, 0xe5, 
	0xe5, 0xe5, 0xe5, 0xe5, 0xe5, 0xe5, 0xe5, 0xe5, 
	0xe5, 0xe5, 0xe5, 0xe5, 0xe5, 0xe5, 0xe5, 0xe5, 
	0xe5, 0xe5, 0xe5, 0xe5, 0xe5, 0xe5, 0xe5, 0xe5, 
	0xe5, 0xe5, 0xe5, 0xe5, 0xe5, 0xe5, 0xe5, 0xe5, 
	0xe5, 0xe5, 0xe5, 0xe5, 0xe5, 0xe5, 0xe5, 0xe5, 
	0xe5, 0xe5, 0xe5, 0xe5, 0xe5, 0xe5, 0xe5, 0xe5, 
	0xac, 0xa1, 0xac, 0xa1, 0xd5, 0xa5, 0xac, 0xa1, 
	0xcd, 0xa5, 0x9c, 0x5f, 0x31, 0xd5, 0x9c, 0x5f, 
	0xc5, 0x23, 0x94, 0x1f, 0x5b, 0x19, 0x29, 0xd5, 
	0x52, 0x99, 0x19, 0x93, 0x19, 0x93, 0x19, 0x93, 
	0x19, 0x93, 0x4a, 0x99, 0x19, 0x93, 0x4a, 0x99, 
	0x19, 0x93, 0x4a, 0x97, 0x73, 0x9d, 0x19, 0x93, 
	0x94, 0x1f, 0xc5, 0x25, 0xc5, 0x25, 0x29, 0xd5, 
	0x19, 0x93, 0x73, 0x5d, 0xa4, 0x61, 0x4a, 0x97, 
	0x73, 0x9d, 0xac, 0xa3, 0x73, 0x9d, 0x73, 0x9d, 
	0x09, 0x11, 0x09, 0x11, 0x09, 0x11, 0x09, 0x11, 
	0x09, 0x51, 0x09, 0x51, 0x09, 0x51, 0x3a, 0x57, 
	0x4a, 0x99, 0x4a, 0x99, 0x29, 0xd3, 0x29, 0xd3, 
	0x4a, 0x99, 0x4a, 0x99, 0x6b, 0x5d, 0x6b, 0x5d, 
	0x42, 0x57, 0x9c, 0x63, 0x6b, 0x5d, 0x6b, 0x5d, 
	0x6b, 0x1b, 0x21, 0xd5, 0x01, 0x11, 0x4a, 0x97, 
	0x4a, 0x97, 0x29, 0xd5, 0x09, 0x51, 0x09, 0x51, 
	0x01, 0x0f, 0x01, 0x0f, 0x01, 0x0f, 0x01, 0x0f, 
	0x01, 0x0f, 0x3a, 0x55, 0x01, 0x0f, 0x01, 0x0f, 
	0x21, 0x93, 0x21, 0x93, 0x3a, 0x57, 0x21, 0x93, 
	0x73, 0x5d, 0x29, 0xd5, 0x73, 0x5d, 0x73, 0x5d, 
	0x73, 0x5d, 0x73, 0x5d, 0x73, 0x5d, 0x73, 0x5d, 
	0x6b, 0x1b, 0x21, 0xd3, 0x01, 0x0f, 0x01, 0x0f, 
	0x09, 0x11, 0x09, 0x11, 0x09, 0x11, 0x09, 0x11, 
	0x01, 0x0f, 0x01, 0x0f, 0x01, 0x0f, 0x01, 0x0f, 
	0x09, 0x11, 0x09, 0x11, 0x09, 0x11, 0x09, 0x11, 
	0x19, 0x53, 0x19, 0x53, 0xcd, 0x65, 0xcd, 0x65, 
	0xf6, 0x69, 0xf6, 0x69, 0xee, 0x27, 0xee, 0x27, 
	0xe5, 0xe7, 0xf6, 0xab, 0xf6, 0xab, 0xe5, 0xe7, 
	0xe5, 0xe7, 0xf6, 0x69, 0xfe, 0xab, 0xdd, 0xa5, 
	0xe5, 0xe7, 0xe5, 0xe7, 0xd5, 0xa3, 0xe5, 0xe7, 
	0xdd, 0xe7, 0xb4, 0xa1, 0xf6, 0x69, 0xf6, 0x69, 
	0xf6, 0xa9, 0xf6, 0xa9, 0xf6, 0xa9, 0xf6, 0xa9, 
	0xd5, 0x65, 0xee, 0x6b, 0xd5, 0x65, 0xd5, 0x65, 
	0xdd, 0xa7, 0xc5, 0x23, 0xdd, 0xa7, 0xf6, 0x6b, 
	0xd5, 0xa5, 0xf6, 0x69, 0xd5, 0xa5, 0xb4, 0xa1, 
	0xac, 0x9f, 0xee, 0x29, 0xee, 0x29, 0xee, 0x29, 
	0xee, 0x29, 0xdd, 0xa7, 0xee, 0x29, 0xdd, 0xa7, 
	0xe5, 0xe7, 0xe5, 0xe7, 0xd5, 0xa5, 0xee, 0x69, 
	0xfe, 0xa9, 0xfe, 0xa9, 0xd5, 0xa5, 0xd5, 0xa5, 
	0xdd, 0xe7, 0xee, 0x27, 0xee, 0x27, 0xd5, 0xa5, 
	0xe5, 0xe5, 0xe5, 0xe5, 0xe5, 0xe5, 0xe5, 0xe5, 
	0xe5, 0xe5, 0xe5, 0xe5, 0xe5, 0xe5, 0xe5, 0xe5, 
	0xe5, 0xe5, 0xe5, 0xe5, 0xe5, 0xe5, 0xe5, 0xe5, 
	0xe5, 0xe5, 0xe5, 0xe5, 0xe5, 0xe5, 0xe5, 0xe5, 
	0xe5, 0xe5, 0xe5, 0xe5, 0xe5, 0xe5, 0xe5, 0xe5, 
	0xe5, 0xe5, 0xe5, 0xe5, 0xe5, 0xe5, 0xe5, 0xe5, 
	0xe5, 0xe5, 0xe5, 0xe5, 0xe5, 0xe5, 0xe5, 0xe5, 
	0xe5, 0xe5, 0xe5, 0xe5, 0xe5, 0xe5, 0xe5, 0xe5, 
	0xe5, 0xe5, 0xe5, 0xe5, 0xe5, 0xe5, 0xe5, 0xe5, 
	0xe5, 0xe5, 0xe5, 0xe5, 0xe5, 0xe5, 0xe5, 0xe5, 
	0xe5, 0xe5, 0xe5, 0xe5, 0xe5, 0xe5, 0xe5, 0xe5, 
	0xe5, 0xe5, 0xe5, 0xe5, 0xe5, 0xe5, 0xe5, 0xe5, 
	0xe5, 0xe5, 0xe5, 0xe5, 0xe5, 0xe5, 0xe5, 0xe5, 
	0xe5, 0xe5, 0xe5, 0xe5, 0xe5, 0xe5, 0xe5, 0xe5, 
	0xe5, 0xe5, 0xe5, 0xe5, 0xe5, 0xe5, 0xe5, 0xe5, 
	0xe5, 0xe5, 0xe5, 0xe5, 0xe5, 0xe5, 0xe5, 0xe5, 
	0xe5, 0xe5, 0xe5, 0xe5, 0xe5, 0xe5, 0xe5, 0xe5, 
	0xe5, 0xe5, 0xe5, 0xe5, 0xe5, 0xe5, 0xe5, 0xe5, 
	0xe5, 0xe5, 0xe5, 0xe5, 0xe5, 0xe5, 0xe5, 0xe5, 
	0xe5, 0xe5, 0xe5, 0xe5, 0xe5, 0xe5, 0xe5, 0xe5, 
	0xe5, 0xe5, 0xe5, 0xe5, 0xe5, 0xe5, 0xe5, 0xe5, 
	0xe5, 0xe5, 0xe5, 0xe5, 0xe5, 0xe5, 0xe5, 0xe5, 
	0xe5, 0xe5, 0xe5, 0xe5, 0xe5, 0xe5, 0xe5, 0xe5, 
	0xe5, 0xe5, 0xe5, 0xe5, 0xe5, 0xe5, 0x9c, 0x5f, 
	0x6b, 0x1b, 0x4a, 0x99, 0x6b, 0x1b, 0x32, 0x17, 
	0xa4, 0x61, 0xa4, 0x61, 0x4a, 0x97, 0xa4, 0x61, 
	0xa4, 0xa1, 0xa4, 0xa1, 0xa4, 0xa1, 0xa4, 0xa1, 
	0xd5, 0xa7, 0xd5, 0xa7, 0xd5, 0xa7, 0x9c, 0x61, 
	0xc5, 0x65, 0x94, 0x1f, 0x5a, 0xdb, 0x5a, 0xdb, 
	0x5a, 0xdb, 0x5a, 0xdb, 0x5a, 0xdb, 0x21, 0x95, 
	0x29, 0xd5, 0xa4, 0xa1, 0x6b, 0x1b, 0x6b, 0x1b, 
	0x09, 0x11, 0x83, 0x9f, 0xbd, 0x25, 0xbd, 0x25, 
	0x5a, 0xdb, 0xc5, 0x25, 0x8c, 0x1f, 0xc5, 0x25, 
	0xbc, 0xe3, 0xbc, 0xe3, 0x52, 0x99, 0x52, 0x99, 
	0x7b, 0x9d, 0x19, 0x93, 0x4a, 0x99, 0x4a, 0x99, 
	0x19, 0x53, 0x19, 0x53, 0x19, 0x53, 0x19, 0x53, 
	0x09, 0x11, 0x4a, 0x99, 0x4a, 0x99, 0x4a, 0x99, 
	0x4a, 0x99, 0x4a, 0x99, 0x8b, 0xdd, 0x11, 0x53, 
	0x6b, 0x5b, 0x6b, 0x5b, 0x6b, 0x5b, 0x6b, 0x5b, 
	0xac, 0xa3, 0xac, 0xa3, 0xac, 0xa3, 0x42, 0x57, 
	0x6b, 0x1b, 0x6b, 0x1b, 0x01, 0x0f, 0x01, 0x0f, 
	0x09, 0x11, 0x09, 0x11, 0x09, 0x11, 0x09, 0x11, 
	0x09, 0x11, 0x09, 0x11, 0x09, 0x11, 0x09, 0x11, 
	0x3a, 0x57, 0x09, 0x11, 0x09, 0x11, 0x3a, 0x57, 
	0x21, 0xd5, 0x09, 0x11, 0x42, 0x57, 0x42, 0x57, 
	0x6b, 0x5b, 0x6b, 0x5b, 0x6b, 0x5b, 0x6b, 0x5b, 
	0x73, 0x5d, 0x73, 0x5d, 0x73, 0x5d, 0x29, 0xd5, 
	0x29, 0xd3, 0x4a, 0x99, 0x4a, 0x99, 0x4a, 0x99, 
	0x01, 0x0f, 0x01, 0x0f, 0x01, 0x0f, 0x01, 0x0f, 
	0x4a, 0x99, 0x4a, 0x99, 0xd5, 0xa7, 0xd5, 0xa7, 
	0xf6, 0xab, 0xf6, 0xab, 0xf6, 0xab, 0xe5, 0xe7, 
	0xee, 0x27, 0xee, 0x27, 0xf6, 0xab, 0xee, 0x27, 
	0xe5, 0xe7, 0xee, 0x69, 0xf6, 0xad, 0xe5, 0xe7, 
	0xf6, 0x69, 0xe5, 0xe5, 0xee, 0x27, 0xee, 0x27, 
	0xfe, 0xab, 0xe5, 0xe7, 0xe5, 0xe7, 0xfe, 0xab, 
	0xe5, 0xe5, 0xe5, 0xe5, 0xee, 0x27, 0xee, 0x27, 
	0xd5, 0xa5, 0xd5, 0xa5, 0xe5, 0xe7, 0xee, 0x69, 
	0xe6, 0x27, 0xe6, 0x27, 0xe6, 0x27, 0xe6, 0x27, 
	0xf6, 0x69, 0xe5, 0xe7, 0xe5, 0xe7, 0xf6, 0x69, 
	0xee, 0x29, 0xee, 0x29, 0xee, 0x29, 0xee, 0x29, 
	0xee, 0x29, 0xdd, 0xa5, 0xe5, 0xe7, 0xee, 0x29, 
	0xcd, 0x63, 0xee, 0x29, 0xdd, 0xe5, 0xdd, 0xe5, 
	0xd5, 0xa5, 0xd5, 0xa5, 0xd5, 0xa5, 0xee, 0x69, 
	0xee, 0x29, 0xee, 0x29, 0xee, 0x29, 0xee, 0x29, 
	0xd5, 0x63, 0xe5, 0xe5, 0xe5, 0xe5, 0xe5, 0xe5, 
	0xe5, 0xe5, 0xe5, 0xe5, 0xe5, 0xe5, 0xe5, 0xe5, 
	0xe5, 0xe5, 0xe5, 0xe5, 0xe5, 0xe5, 0xe5, 0xe5, 
	0xe5, 0xe5, 0xe5, 0xe5, 0xe5, 0xe5, 0xe5, 0xe5, 
	0xe5, 0xe5, 0xe5, 0xe5, 0xe5, 0xe5, 0xe5, 0xe5, 
	0xe5, 0xe5, 0xe5, 0xe5, 0xe5, 0xe5, 0xe5, 0xe5, 
	0xe5, 0xe5, 0xe5, 0xe5, 0xe5, 0xe5, 0xe5, 0xe5, 
	0xe5, 0xe5, 0xe5, 0xe5, 0xe5, 0xe5, 0xe5, 0xe5, 
	0xe5, 0xe5, 0xe5, 0xe5, 0xe5, 0xe5, 0xe5, 0xe5, 
	0xe5, 0xe5, 0xe5, 0xe5, 0xe5, 0xe5, 0xe5, 0xe5, 
	0xe5, 0xe5, 0xe5, 0xe5, 0xe5, 0xe5, 0xe5, 0xe5, 
	0xe5, 0xe5, 0xe5, 0xe5, 0xe5, 0xe5, 0xe5, 0xe5, 
	0xe5, 0xe5, 0xe5, 0xe5, 0xe5, 0xe5, 0xe5, 0xe5, 
	0xe5, 0xe5, 0xe5, 0xe5, 0xe5, 0xe5, 0xe5, 0xe5, 
	0xe5, 0xe5, 0xe5, 0xe5, 0xe5, 0xe5, 0xe5, 0xe5, 
	0xe5, 0xe5, 0xe5, 0xe5, 0xe5, 0xe5, 0xe5, 0xe5, 
	0xe5, 0xe5, 0xe5, 0xe5, 0xe5, 0xe5, 0xe5, 0xe5, 
	0xe5, 0xe5, 0xe5, 0xe5, 0xe5, 0xe5, 0xe5, 0xe5, 
	0xe5, 0xe5, 0xe5, 0xe5, 0xe5, 0xe5, 0xe5, 0xe5, 
	0xe5, 0xe5, 0xe5, 0xe5, 0xe5, 0xe5, 0xe5, 0xe5, 
	0xe5, 0xe5, 0xe5, 0xe5, 0xe5, 0xe5, 0xe5, 0xe5, 
	0xe5, 0xe5, 0xe5, 0xe5, 0xe5, 0xe5, 0xe5, 0xe5, 
	0xe5, 0xe5, 0xe5, 0xe5, 0xe5, 0xe5, 0xe5, 0xe5, 
	0xe5, 0xe5, 0xe5, 0xe5, 0xe5, 0xe5, 0x9c, 0x5f, 
	0x83, 0x9d, 0x4a, 0x99, 0x4a, 0x99, 0x32, 0x17, 
	0x19, 0x93, 0x4a, 0x97, 0x4a, 0x97, 0x4a, 0x97, 
	0x21, 0x95, 0x4a, 0x99, 0x4a, 0x99, 0x21, 0x95, 
	0x63, 0x1b, 0x63, 0x1b, 0x9c, 0x61, 0x63, 0x1b, 
	0xc5, 0x65, 0xc5, 0x65, 0xc5, 0x65, 0xc5, 0x65, 
	0xc5, 0x65, 0xc5, 0x65, 0xc5, 0x65, 0x21, 0x95, 
	0x29, 0xd5, 0xa4, 0xa1, 0x6b, 0x1b, 0x6b, 0x1b, 
	0x09, 0x11, 0x09, 0x11, 0x42, 0x57, 0x42, 0x57, 
	0x21, 0x95, 0x21, 0x95, 0x21, 0x95, 0x21, 0x95, 
	0xbc, 0xe3, 0xbc, 0xe3, 0xbc, 0xe3, 0x83, 0xdd, 
	0x7b, 0x9d, 0x7b, 0x9d, 0x7b, 0x9d, 0xac, 0xa3, 
	0x4a, 0x57, 0x19, 0x53, 0xa4, 0xa1, 0xa4, 0xa1, 
	0x4a, 0x99, 0x8c, 0x1f, 0xcd, 0x67, 0xcd, 0x67, 
	0xc5, 0x23, 0xc5, 0x23, 0x8b, 0xdd, 0x11, 0x53, 
	0x09, 0x11, 0x09, 0x11, 0x09, 0x11, 0x09, 0x11, 
	0x09, 0x11, 0x42, 0x57, 0x42, 0x57, 0x42, 0x57, 
	0x6b, 0x1b, 0x6b, 0x1b, 0x6b, 0x1b, 0x3a, 0x15, 
	0x73, 0x5d, 0x73, 0x5d, 0x73, 0x5d, 0x73, 0x5d, 
	0x73, 0x5d, 0x73, 0x5d, 0x29, 0xd5, 0x29, 0xd5, 
	0x3a, 0x57, 0x3a, 0x57, 0x3a, 0x57, 0x09, 0x11, 
	0x09, 0x11, 0x09, 0x11, 0x09, 0x11, 0x21, 0xd5, 
	0x21, 0xd5, 0x21, 0xd5, 0x01, 0x11, 0x01, 0x11, 
	0x09, 0x11, 0x09, 0x11, 0x29, 0xd5, 0x52, 0x99, 
	0x29, 0xd3, 0x29, 0xd3, 0x29, 0xd3, 0x73, 0x5d, 
	0x6b, 0x5d, 0x6b, 0x5d, 0x4a, 0x99, 0x4a, 0x99, 
	0x94, 0x1f, 0x94, 0x1f, 0xd5, 0xa7, 0xd5, 0xa7, 
	0xbc, 0xe1, 0xe5, 0xe7, 0xf6, 0xab, 0xe5, 0xe7, 
	0xee, 0x27, 0xee, 0x27, 0xe5, 0xe5, 0xee, 0x27, 
	0xe5, 0xe7, 0xe5, 0xe7, 0xf6, 0xad, 0xf6, 0xad, 
	0xfe, 0xab, 0xfe, 0xab, 0xee, 0x27, 0xee, 0x27, 
	0xfe, 0xab, 0xe5, 0xe7, 0xb4, 0x9f, 0xfe, 0xab, 
	0xe5, 0xe5, 0xe5, 0xe5, 0xee, 0x27, 0xee, 0x27, 
	0xe5, 0xe7, 0xe5, 0xe7, 0xee, 0x69, 0xee, 0x69, 
	0xe6, 0x27, 0xe6, 0x27, 0xe6, 0x27, 0xe6, 0x27, 
	0xe5, 0xe7, 0xe5, 0xe7, 0xd5, 0xa5, 0xe5, 0xe7, 
	0xee, 0x29, 0xee, 0x29, 0xee, 0x29, 0xfe, 0xab, 
	0xf6, 0xab, 0xee, 0x29, 0xdd, 0xa5, 0xe5, 0xe7, 
	0xcd, 0x63, 0xdd, 0xe5, 0xdd, 0xe5, 0xdd, 0xe5, 
	0xee, 0x69, 0xee, 0x69, 0xee, 0x69, 0xee, 0x69, 
	0xdd, 0xe7, 0xee, 0x29, 0xee, 0x29, 0xfe, 0xab, 
	0xcd, 0x63, 0xdd, 0xa5, 0xe5, 0xe5, 0xe5, 0xe5, 
	0xe5, 0xe5, 0xe5, 0xe5, 0xe5, 0xe5, 0xe5, 0xe5, 
	0xe5, 0xe5, 0xe5, 0xe5, 0xe5, 0xe5, 0xe5, 0xe5, 
	0xe5, 0xe5, 0xe5, 0xe5, 0xe5, 0xe5, 0xe5, 0xe5, 
	0xe5, 0xe5, 0xe5, 0xe5, 0xe5, 0xe5, 0xe5, 0xe5, 
	0xe5, 0xe5, 0xe5, 0xe5, 0xe5, 0xe5, 0xe5, 0xe5, 
	0xe5, 0xe5, 0xe5, 0xe5, 0xe5, 0xe5, 0xe5, 0xe5, 
	0xe5, 0xe5, 0xe5, 0xe5, 0xe5, 0xe5, 0xe5, 0xe5, 
	0xe5, 0xe5, 0xe5, 0xe5, 0xe5, 0xe5, 0xe5, 0xe5, 
	0xe5, 0xe5, 0xe5, 0xe5, 0xe5, 0xe5, 0xe5, 0xe5, 
	0xe5, 0xe5, 0xe5, 0xe5, 0xe5, 0xe5, 0xe5, 0xe5, 
	0xe5, 0xe5, 0xe5, 0xe5, 0xe5, 0xe5, 0xe5, 0xe5, 
	0xe5, 0xe5, 0xe5, 0xe5, 0xe5, 0xe5, 0xe5, 0xe5, 
	0xe5, 0xe5, 0xe5, 0xe5, 0xe5, 0xe5, 0xe5, 0xe5, 
	0xe5, 0xe5, 0xe5, 0xe5, 0xe5, 0xe5, 0xe5, 0xe5, 
	0xe5, 0xe5, 0xe5, 0xe5, 0xe5, 0xe5, 0xe5, 0xe5, 
	0xe5, 0xe5, 0xe5, 0xe5, 0xe5, 0xe5, 0xe5, 0xe5, 
	0xe5, 0xe5, 0xe5, 0xe5, 0xe5, 0xe5, 0xe5, 0xe5, 
	0xe5, 0xe5, 0xe5, 0xe5, 0xe5, 0xe5, 0xe5, 0xe5, 
	0xe5, 0xe5, 0xe5, 0xe5, 0xe5, 0xe5, 0xe5, 0xe5, 
	0xe5, 0xe5, 0xe5, 0xe5, 0xe5, 0xe5, 0xe5, 0xe5, 
	0xe5, 0xe5, 0xe5, 0xe5, 0xe5, 0xe5, 0xe5, 0xe5, 
	0xe5, 0xe5, 0xe5, 0xe5, 0xe5, 0xe5, 0xe5, 0xe5, 
	0xe5, 0xe5, 0xe5, 0xe5, 0xe5, 0xe5, 0x9c, 0x5f, 
	0x6b, 0x1b, 0x6b, 0x1b, 0x6b, 0x1b, 0x4a, 0x99, 
	0x4a, 0x97, 0x4a, 0x97, 0x19, 0x93, 0x4a, 0x97, 
	0x21, 0x95, 0x21, 0x95, 0x4a, 0x99, 0x21, 0x95, 
	0x29, 0xd5, 0x29, 0xd5, 0x29, 0xd5, 0x29, 0xd5, 
	0x29, 0xd5, 0x29, 0xd5, 0x5a, 0xdb, 0xc5, 0x65, 
	0x5a, 0xdb, 0x5a, 0xdb, 0x5a, 0xdb, 0xc5, 0x65, 
	0xa4, 0xa1, 0xa4, 0xa1, 0xe5, 0xe7, 0xe5, 0xe7, 
	0xbd, 0x25, 0x42, 0x57, 0x42, 0x57, 0x42, 0x57, 
	0x5a, 0xdb, 0x5a, 0xdb, 0x21, 0x95, 0x21, 0x95, 
	0x19, 0x93, 0x19, 0x93, 0x19, 0x93, 0x19, 0x93, 
	0x19, 0x93, 0x19, 0x93, 0x4a, 0x99, 0x4a, 0x99, 
	0x73, 0x9d, 0x4a, 0x57, 0x4a, 0x57, 0x4a, 0x57, 
	0x09, 0x11, 0x09, 0x11, 0x09, 0x11, 0x09, 0x11, 
	0x11, 0x53, 0x8b, 0xdd, 0xc5, 0x23, 0xc5, 0x23, 
	0x29, 0xd5, 0x29, 0xd5, 0x09, 0x11, 0x09, 0x11, 
	0x09, 0x11, 0x09, 0x11, 0x09, 0x11, 0x09, 0x11, 
	0x01, 0x0f, 0x01, 0x0f, 0x01, 0x0f, 0x3a, 0x15, 
	0x09, 0x11, 0x09, 0x11, 0x29, 0xd5, 0x52, 0x99, 
	0x29, 0xd5, 0x73, 0x5d, 0x52, 0x99, 0x29, 0xd5, 
	0x3a, 0x57, 0x6b, 0x5b, 0x9c, 0x61, 0x9c, 0x61, 
	0x5a, 0xdb, 0x5a, 0xdb, 0x21, 0xd5, 0x21, 0xd5, 
	0x4a, 0x97, 0x21, 0xd5, 0x01, 0x11, 0x01, 0x11, 
	0x09, 0x11, 0x09, 0x11, 0x09, 0x11, 0x09, 0x11, 
	0x01, 0x0f, 0x01, 0x0f, 0x01, 0x0f, 0x01, 0x0f, 
	0x01, 0x0f, 0x21, 0xd3, 0x21, 0xd3, 0x01, 0x0f, 
	0x09, 0x11, 0x09, 0x11, 0xd5, 0xa7, 0xd5, 0xa7, 
	0xbc, 0xe1, 0xe5, 0xe7, 0xe5, 0xe7, 0xf6, 0xab, 
	0xee, 0x27, 0xf6, 0xab, 0xf6, 0xab, 0xe5, 0xe5, 
	0xe5, 0xe7, 0xf6, 0xad, 0xff, 0x2f, 0xf6, 0xad, 
	0xf6, 0x69, 0xee, 0x27, 0xee, 0x27, 0xee, 0x27, 
	0xcd, 0x63, 0xe5, 0xe7, 0xe5, 0xe7, 0xe5, 0xe7, 
	0xe5, 0xe5, 0xfe, 0xab, 0xf6, 0x69, 0xee, 0x27, 
	0xee, 0x69, 0xfe, 0xab, 0xe5, 0xe7, 0xd5, 0xa5, 
	0xd5, 0x65, 0xe6, 0x27, 0xfe, 0xeb, 0xbc, 0xe1, 
	0xc5, 0x23, 0xd5, 0xa5, 0xd5, 0xa5, 0xc5, 0x23, 
	0xcd, 0x63, 0xdd, 0xa5, 0xee, 0x29, 0xfe, 0xab, 
	0xee, 0x29, 0xee, 0x29, 0xee, 0x29, 0xee, 0x29, 
	0xee, 0x29, 0xee, 0x29, 0xfe, 0xab, 0xdd, 0xe5, 
	0xd5, 0xa5, 0xee, 0x69, 0xee, 0x69, 0xee, 0x69, 
	0xcd, 0x65, 0xcd, 0x65, 0xdd, 0xe7, 0xfe, 0xab, 
	0xcd, 0x63, 0xd5, 0x63, 0xe5, 0xe5, 0xe5, 0xe5, 
	0xe5, 0xe5, 0xe5, 0xe5, 0xe5, 0xe5, 0xe5, 0xe5, 
	0xe5, 0xe5, 0xe5, 0xe5, 0xe5, 0xe5, 0xe5, 0xe5, 
	0xe5, 0xe5, 0xe5, 0xe5, 0xe5, 0xe5, 0xe5, 0xe5, 
	0xe5, 0xe5, 0xe5, 0xe5, 0xe5, 0xe5, 0xe5, 0xe5, 
	0xe5, 0xe5, 0xe5, 0xe5, 0xe5, 0xe5, 0xe5, 0xe5, 
	0xe5, 0xe5, 0xe5, 0xe5, 0xe5, 0xe5, 0xe5, 0xe5, 
	0xe5, 0xe5, 0xe5, 0xe5, 0xe5, 0xe5, 0xe5, 0xe5, 
	0xe5, 0xe5, 0xe5, 0xe5, 0xe5, 0xe5, 0xe5, 0xe5, 
	0xe5, 0xe5, 0xe5, 0xe5, 0xe5, 0xe5, 0xe5, 0xe5, 
	0xe5, 0xe5, 0xe5, 0xe5, 0xe5, 0xe5, 0xe5, 0xe5, 
	0xe5, 0xe5, 0xe5, 0xe5, 0xe5, 0xe5, 0xe5, 0xe5, 
	0xe5, 0xe5, 0xe5, 0xe5, 0xe5, 0xe5, 0xe5, 0xe5, 
	0xe5, 0xe5, 0xe5, 0xe5, 0xe5, 0xe5, 0xe5, 0xe5, 
	0xe5, 0xe5, 0xe5, 0xe5, 0xe5, 0xe5, 0xe5, 0xe5, 
	0xe5, 0xe5, 0xe5, 0xe5, 0xe5, 0xe5, 0xe5, 0xe5, 
	0xe5, 0xe5, 0xe5, 0xe5, 0xe5, 0xe5, 0xe5, 0xe5, 
	0xe5, 0xe5, 0xe5, 0xe5, 0xe5, 0xe5, 0xe5, 0xe5, 
	0xe5, 0xe5, 0xe5, 0xe5, 0xe5, 0xe5, 0xe5, 0xe5, 
	0xe5, 0xe5, 0xe5, 0xe5, 0xe5, 0xe5, 0xe5, 0xe5, 
	0xe5, 0xe5, 0xe5, 0xe5, 0xe5, 0xe5, 0xe5, 0xe5, 
	0xe5, 0xe5, 0xe5, 0xe5, 0xe5, 0xe5, 0xe5, 0xe5, 
	0xe5, 0xe5, 0xe5, 0xe5, 0xe5, 0xe5, 0xe5, 0xe5, 
	0xe5, 0xe5, 0xe5, 0xe5, 0x9c, 0x5f, 0x7b, 0x9d, 
	0x6b, 0x1b, 0x6b, 0x1b, 0x83, 0x9d, 0x4a, 0x99, 
	0x4a, 0x97, 0x73, 0x5d, 0x4a, 0x97, 0x4a, 0x97, 
	0x4a, 0x99, 0x4a, 0x99, 0x21, 0x95, 0x21, 0x95, 
	0x29, 0xd5, 0x29, 0xd5, 0x29, 0xd5, 0x29, 0xd5, 
	0x29, 0xd5, 0x29, 0xd5, 0x29, 0xd5, 0x29, 0xd5, 
	0x21, 0x95, 0x21, 0x95, 0x21, 0x95, 0x21, 0x95, 
	0x29, 0xd5, 0x29, 0xd5, 0xa4, 0xa1, 0xa4, 0xa1, 
	0xbd, 0x25, 0xbd, 0x25, 0x83, 0x9f, 0xbd, 0x25, 
	0xc5, 0x25, 0xc5, 0x25, 0xc5, 0x25, 0x8c, 0x1f, 
	0xbc, 0xe3, 0x83, 0xdd, 0x52, 0x99, 0x52, 0x99, 
	0x19, 0x93, 0x19, 0x93, 0x19, 0x93, 0x19, 0x93, 
	0x19, 0x53, 0x19, 0x53, 0x19, 0x53, 0x19, 0x53, 
	0x09, 0x11, 0x09, 0x11, 0x09, 0x11, 0x09, 0x11, 
	0x11, 0x53, 0x11, 0x53, 0xc5, 0x23, 0xc5, 0x23, 
	0x6b, 0x5b, 0x6b, 0x5b, 0x6b, 0x5b, 0x6b, 0x5b, 
	0x73, 0x5d, 0x42, 0x57, 0x09, 0x11, 0x09, 0x11, 
	0x01, 0x0f, 0x3a, 0x15, 0x01, 0x0f, 0x01, 0x0f, 
	0x09, 0x11, 0x09, 0x11, 0x09, 0x11, 0x09, 0x11, 
	0x09, 0x11, 0x29, 0xd5, 0x09, 0x11, 0x09, 0x11, 
	0x09, 0x11, 0x09, 0x11, 0x09, 0x11, 0x3a, 0x57, 
	0x42, 0x57, 0x5a, 0xdb, 0x42, 0x57, 0x5a, 0xdb, 
	0x6b, 0x5b, 0x6b, 0x5b, 0x4a, 0x97, 0x4a, 0x97, 
	0x73, 0x5d, 0x73, 0x5d, 0x73, 0x5d, 0x73, 0x5d, 
	0x01, 0x0f, 0x01, 0x0f, 0x01, 0x0f, 0x01, 0x0f, 
	0x01, 0x0f, 0x01, 0x0f, 0x01, 0x0f, 0x01, 0x0f, 
	0x09, 0x11, 0x09, 0x11, 0x4a, 0x99, 0xd5, 0xa7, 
	0xe5, 0xe7, 0xe5, 0xe7, 0xf6, 0xab, 0xf6, 0xab, 
	0xfe, 0xed, 0xfe, 0xed, 0xfe, 0xed, 0xfe, 0xed, 
	0xee, 0x69, 0xf6, 0xad, 0xff, 0x2f, 0xf6, 0xad, 
	0xe5, 0xe5, 0xee, 0x27, 0xee, 0x27, 0xee, 0x27, 
	0xe5, 0xe7, 0xcd, 0x63, 0xe5, 0xe7, 0xe5, 0xe7, 
	0xf6, 0x69, 0xfe, 0xab, 0xe5, 0xe5, 0xee, 0x27, 
	0xee, 0x69, 0xe5, 0xe7, 0xd5, 0xa5, 0xd5, 0xa5, 
	0xd5, 0x65, 0xd5, 0x65, 0xe6, 0x27, 0xe6, 0x27, 
	0xc5, 0x23, 0xd5, 0xa5, 0xe5, 0xe7, 0xe5, 0xe7, 
	0xcd, 0x63, 0xcd, 0x63, 0xee, 0x29, 0xdd, 0xa5, 
	0xee, 0x29, 0xee, 0x29, 0xee, 0x29, 0xf6, 0xab, 
	0xfe, 0xab, 0xee, 0x29, 0xfe, 0xab, 0xdd, 0xe5, 
	0xac, 0x5f, 0xee, 0x69, 0xc4, 0xe3, 0xee, 0x69, 
	0xdd, 0xe7, 0xcd, 0x65, 0xee, 0x29, 0xfe, 0xab, 
	0xdd, 0xa5, 0xcd, 0x63, 0xe5, 0xe5, 0xe5, 0xe5, 
	0xe5, 0xe5, 0xe5, 0xe5, 0xe5, 0xe5, 0xe5, 0xe5, 
	0xe5, 0xe5, 0xe5, 0xe5, 0xe5, 0xe5, 0xe5, 0xe5, 
	0xe5, 0xe5, 0xe5, 0xe5, 0xe5, 0xe5, 0xe5, 0xe5, 
	0xe5, 0xe5, 0xe5, 0xe5, 0xe5, 0xe5, 0xe5, 0xe5, 
	0xe5, 0xe5, 0xe5, 0xe5, 0xe5, 0xe5, 0xe5, 0xe5, 
	0xe5, 0xe5, 0xe5, 0xe5, 0xe5, 0xe5, 0xe5, 0xe5, 
	0xe5, 0xe5, 0xe5, 0xe5, 0xe5, 0xe5, 0xe5, 0xe5, 
	0xe5, 0xe5, 0xe5, 0xe5, 0xe5, 0xe5, 0xe5, 0xe5, 
	0xe5, 0xe5, 0xe5, 0xe5, 0xe5, 0xe5, 0xe5, 0xe5, 
	0xe5, 0xe5, 0xe5, 0xe5, 0xe5, 0xe5, 0xe5, 0xe5, 
	0xe5, 0xe5, 0xe5, 0xe5, 0xe5, 0xe5, 0xe5, 0xe5, 
	0xe5, 0xe5, 0xe5, 0xe5, 0xe5, 0xe5, 0xe5, 0xe5, 
	0xe5, 0xe5, 0xe5, 0xe5, 0xe5, 0xe5, 0xe5, 0xe5, 
	0xe5, 0xe5, 0xe5, 0xe5, 0xe5, 0xe5, 0xe5, 0xe5, 
	0xe5, 0xe5, 0xe5, 0xe5, 0xe5, 0xe5, 0xe5, 0xe5, 
	0xe5, 0xe5, 0xe5, 0xe5, 0xe5, 0xe5, 0xe5, 0xe5, 
	0xe5, 0xe5, 0xe5, 0xe5, 0xe5, 0xe5, 0xe5, 0xe5, 
	0xe5, 0xe5, 0xe5, 0xe5, 0xe5, 0xe5, 0xe5, 0xe5, 
	0xe5, 0xe5, 0xe5, 0xe5, 0xe5, 0xe5, 0xe5, 0xe5, 
	0xe5, 0xe5, 0xe5, 0xe5, 0xe5, 0xe5, 0xe5, 0xe5, 
	0xe5, 0xe5, 0xe5, 0xe5, 0xe5, 0xe5, 0xe5, 0xe5, 
	0xe5, 0xe5, 0xe5, 0xe5, 0xe5, 0xe5, 0xe5, 0xe5, 
	0xdd, 0xa5, 0xdd, 0xa5, 0x94, 0x1d, 0x94, 0x1d, 
	0x7b, 0x9d, 0xcd, 0x65, 0xcd, 0x65, 0x52, 0x99, 
	0x31, 0xd5, 0x31, 0xd5, 0x63, 0x1b, 0x63, 0x1b, 
	0x29, 0xd5, 0x29, 0xd5, 0x29, 0xd5, 0x29, 0xd5, 
	0x73, 0x9d, 0x73, 0x9d, 0x42, 0x57, 0x42, 0x57, 
	0x29, 0xd5, 0x29, 0xd5, 0x29, 0xd5, 0x29, 0xd5, 
	0x52, 0xd9, 0x52, 0xd9, 0x21, 0x95, 0x21, 0x95, 
	0x21, 0x93, 0x21, 0x93, 0x4a, 0x57, 0x21, 0x93, 
	0x11, 0x53, 0x29, 0xd5, 0x29, 0xd5, 0x11, 0x53, 
	0x21, 0x93, 0x21, 0x93, 0x3a, 0x17, 0x52, 0x99, 
	0xa4, 0xa1, 0xa4, 0xa1, 0xa4, 0xa1, 0xa4, 0xa1, 
	0xac, 0xa3, 0xac, 0xa3, 0xac, 0xa3, 0xac, 0xa3, 
	0x63, 0x1b, 0x63, 0x1b, 0x09, 0x11, 0x09, 0x11, 
	0x01, 0x0f, 0x01, 0x0f, 0x01, 0x0f, 0x01, 0x0f, 
	0x09, 0x11, 0x09, 0x11, 0x09, 0x11, 0x83, 0x9d, 
	0x29, 0xd5, 0x09, 0x11, 0x29, 0xd5, 0x52, 0xd9, 
	0x42, 0x57, 0xa4, 0xa3, 0x42, 0x57, 0x42, 0x57, 
	0x6b, 0x5b, 0x6b, 0x5b, 0x6b, 0x5b, 0x09, 0x11, 
	0x63, 0x1b, 0x42, 0x57, 0x29, 0xd5, 0x09, 0x11, 
	0x09, 0x11, 0x09, 0x11, 0x09, 0x11, 0x09, 0x11, 
	0x01, 0x11, 0x01, 0x11, 0x01, 0x11, 0x21, 0xd5, 
	0x52, 0x97, 0x52, 0x97, 0x52, 0x97, 0x09, 0x11, 
	0x01, 0x0f, 0x19, 0x93, 0x19, 0x93, 0x3a, 0x55, 
	0x4a, 0x99, 0x32, 0x15, 0x32, 0x15, 0x4a, 0x99, 
	0x63, 0x1b, 0x63, 0x1b, 0x63, 0x1b, 0x63, 0x1b, 
	0x52, 0xdb, 0x3a, 0x57, 0x3a, 0x57, 0x3a, 0x57, 
	0x19, 0x93, 0x19, 0x93, 0x19, 0x93, 0xcd, 0x65, 
	0xf6, 0x69, 0xfe, 0xeb, 0xee, 0x29, 0xfe, 0xeb, 
	0xfe, 0xed, 0xf6, 0x6b, 0xf6, 0x6b, 0xf6, 0x6b, 
	0xee, 0x27, 0xf6, 0x6b, 0xf6, 0x6b, 0xf6, 0x6b, 
	0xfe, 0xeb, 0xee, 0x69, 0xfe, 0xeb, 0xfe, 0xeb, 
	0xcd, 0x65, 0xa4, 0x61, 0xcd, 0x65, 0xcd, 0x65, 
	0xf6, 0x69, 0xf6, 0x69, 0xdd, 0xa5, 0xdd, 0xa5, 
	0xd5, 0xa5, 0xd5, 0xa5, 0xee, 0x27, 0xee, 0x27, 
	0xd5, 0xa5, 0xe5, 0xe7, 0xee, 0x29, 0xe5, 0xe7, 
	0x73, 0x1b, 0xcd, 0x65, 0xf6, 0x69, 0xcd, 0x65, 
	0xe5, 0xe7, 0xf6, 0x69, 0xfe, 0xab, 0xe5, 0xe7, 
	0xf6, 0x69, 0xee, 0x27, 0xf6, 0x69, 0xee, 0x27, 
	0xf6, 0xab, 0xee, 0x29, 0xee, 0x29, 0xee, 0x29, 
	0x7b, 0x59, 0xcd, 0x65, 0xcd, 0x65, 0xcd, 0x65, 
	0xee, 0x29, 0xf6, 0xab, 0xee, 0x29, 0xf6, 0xab, 
	0xe6, 0x27, 0xfe, 0xab, 0xbc, 0xe1, 0xd5, 0xa5, 
	0xe5, 0xe5, 0xe5, 0xe5, 0xe5, 0xe5, 0xe5, 0xe5, 
	0xe5, 0xe5, 0xe5, 0xe5, 0xe5, 0xe5, 0xe5, 0xe5, 
	0xe5, 0xe5, 0xe5, 0xe5, 0xe5, 0xe5, 0xe5, 0xe5, 
	0xe5, 0xe5, 0xe5, 0xe5, 0xe5, 0xe5, 0xe5, 0xe5, 
	0xe5, 0xe5, 0xe5, 0xe5, 0xe5, 0xe5, 0xe5, 0xe5, 
	0xe5, 0xe5, 0xe5, 0xe5, 0xe5, 0xe5, 0xe5, 0xe5, 
	0xe5, 0xe5, 0xe5, 0xe5, 0xe5, 0xe5, 0xe5, 0xe5, 
	0xe5, 0xe5, 0xe5, 0xe5, 0xe5, 0xe5, 0xe5, 0xe5, 
	0xe5, 0xe5, 0xe5, 0xe5, 0xe5, 0xe5, 0xe5, 0xe5, 
	0xe5, 0xe5, 0xe5, 0xe5, 0xe5, 0xe5, 0xe5, 0xe5, 
	0xe5, 0xe5, 0xe5, 0xe5, 0xe5, 0xe5, 0xe5, 0xe5, 
	0xe5, 0xe5, 0xe5, 0xe5, 0xe5, 0xe5, 0xe5, 0xe5, 
	0xe5, 0xe5, 0xe5, 0xe5, 0xe5, 0xe5, 0xe5, 0xe5, 
	0xe5, 0xe5, 0xe5, 0xe5, 0xe5, 0xe5, 0xe5, 0xe5, 
	0xe5, 0xe5, 0xe5, 0xe5, 0xe5, 0xe5, 0xe5, 0xe5, 
	0xe5, 0xe5, 0xe5, 0xe5, 0xe5, 0xe5, 0xe5, 0xe5, 
	0xe5, 0xe5, 0xe5, 0xe5, 0xe5, 0xe5, 0xe5, 0xe5, 
	0xe5, 0xe5, 0xe5, 0xe5, 0xe5, 0xe5, 0xe5, 0xe5, 
	0xe5, 0xe5, 0xe5, 0xe5, 0xe5, 0xe5, 0xe5, 0xe5, 
	0xe5, 0xe5, 0xe5, 0xe5, 0xe5, 0xe5, 0xe5, 0xe5, 
	0xe5, 0xe5, 0xe5, 0xe5, 0xe5, 0xe5, 0xe5, 0xe5, 
	0xe5, 0xe5, 0xe5, 0xe5, 0xe5, 0xe5, 0xe5, 0xe5, 
	0xdd, 0xa5, 0xbc, 0xe1, 0x94, 0x1d, 0x73, 0x59, 
	0x7b, 0x9d, 0x52, 0x99, 0xa4, 0x61, 0x52, 0x99, 
	0x31, 0xd5, 0x31, 0xd5, 0x63, 0x1b, 0x63, 0x1b, 
	0x73, 0x5b, 0x73, 0x5b, 0x93, 0xdf, 0x29, 0xd5, 
	0x42, 0x57, 0x42, 0x57, 0x42, 0x57, 0x42, 0x57, 
	0x29, 0xd5, 0x29, 0xd5, 0x52, 0xd9, 0x29, 0xd5, 
	0x52, 0xd9, 0x52, 0xd9, 0x21, 0x95, 0x21, 0x95, 
	0x4a, 0x57, 0x6b, 0x5d, 0x21, 0x93, 0x21, 0x93, 
	0x11, 0x53, 0x11, 0x53, 0x29, 0xd5, 0x11, 0x53, 
	0x09, 0x11, 0x09, 0x11, 0x09, 0x11, 0x09, 0x11, 
	0x19, 0x53, 0x4a, 0x57, 0x19, 0x53, 0x4a, 0x57, 
	0x11, 0x53, 0x42, 0x59, 0x42, 0x59, 0x42, 0x59, 
	0x63, 0x1b, 0x94, 0x1f, 0x3a, 0x15, 0x09, 0x11, 
	0x11, 0x53, 0x11, 0x53, 0x01, 0x0f, 0x01, 0x0f, 
	0x09, 0x11, 0x09, 0x11, 0x09, 0x11, 0x5a, 0xd9, 
	0x29, 0xd5, 0x09, 0x11, 0x09, 0x11, 0x09, 0x11, 
	0x11, 0x51, 0x42, 0x57, 0x11, 0x51, 0x11, 0x51, 
	0x09, 0x11, 0x09, 0x11, 0x3a, 0x57, 0x09, 0x11, 
	0x29, 0xd5, 0x29, 0xd5, 0x42, 0x57, 0x42, 0x57, 
	0x6b, 0x5d, 0x6b, 0x5d, 0x6b, 0x5d, 0x6b, 0x5d, 
	0x6b, 0x5b, 0x6b, 0x5b, 0x21, 0xd5, 0x4a, 0x97, 
	0x52, 0x97, 0x52, 0x97, 0x73, 0x5b, 0x29, 0xd5, 
	0x01, 0x0f, 0x01, 0x0f, 0x01, 0x0f, 0x01, 0x0f, 
	0x09, 0x0f, 0x09, 0x0f, 0x09, 0x0f, 0x09, 0x0f, 
	0x09, 0x11, 0x09, 0x11, 0x09, 0x11, 0x09, 0x11, 
	0x21, 0x93, 0x21, 0x93, 0x3a, 0x57, 0x3a, 0x57, 
	0x52, 0xd9, 0x52, 0xd9, 0x94, 0x1f, 0xcd, 0x65, 
	0xee, 0x29, 0xfe, 0xeb, 0xee, 0x29, 0xe5, 0xe7, 
	0xfe, 0xed, 0xee, 0x29, 0xf6, 0x6b, 0xf6, 0x6b, 
	0xfe, 0xed, 0xee, 0x27, 0xf6, 0x6b, 0xf6, 0x6b, 
	0xee, 0x69, 0xee, 0x69, 0xee, 0x69, 0xee, 0x69, 
	0xfe, 0xab, 0xcd, 0x65, 0x73, 0x5b, 0xcd, 0x65, 
	0xe5, 0xe7, 0xe5, 0xe7, 0xf6, 0x69, 0xf6, 0x69, 
	0xc5, 0x23, 0xd5, 0xa5, 0xfe, 0xa9, 0xee, 0x27, 
	0xee, 0x29, 0xd5, 0xa5, 0xd5, 0xa5, 0xd5, 0xa5, 
	0xcd, 0x65, 0xf6, 0x69, 0xf6, 0x69, 0xf6, 0x69, 
	0xf6, 0x69, 0xf6, 0x69, 0xfe, 0xab, 0xfe, 0xab, 
	0xdd, 0xe7, 0xee, 0x27, 0xdd, 0xe7, 0xee, 0x27, 
	0xdd, 0xe7, 0xee, 0x29, 0xee, 0x29, 0xf6, 0xab, 
	0xcd, 0x65, 0xf6, 0x6b, 0xf6, 0x6b, 0xf6, 0x6b, 
	0xe5, 0xe7, 0xf6, 0xab, 0xee, 0x29, 0xe5, 0xe7, 
	0xe6, 0x27, 0xe6, 0x27, 0xd5, 0xa5, 0xd5, 0xa5, 
	0xe5, 0xe5, 0xe5, 0xe5, 0xe5, 0xe5, 0xe5, 0xe5, 
	0xe5, 0xe5, 0xe5, 0xe5, 0xe5, 0xe5, 0xe5, 0xe5, 
	0xe5, 0xe5, 0xe5, 0xe5, 0xe5, 0xe5, 0xe5, 0xe5, 
	0xe5, 0xe5, 0xe5, 0xe5, 0xe5, 0xe5, 0xe5, 0xe5, 
	0xe5, 0xe5, 0xe5, 0xe5, 0xe5, 0xe5, 0xe5, 0xe5, 
	0xe5, 0xe5, 0xe5, 0xe5, 0xe5, 0xe5, 0xe5, 0xe5, 
	0xe5, 0xe5, 0xe5, 0xe5, 0xe5, 0xe5, 0xe5, 0xe5, 
	0xe5, 0xe5, 0xe5, 0xe5, 0xe5, 0xe5, 0xe5, 0xe5, 
	0xe5, 0xe5, 0xe5, 0xe5, 0xe5, 0xe5, 0xe5, 0xe5, 
	0xe5, 0xe5, 0xe5, 0xe5, 0xe5, 0xe5, 0xe5, 0xe5, 
	0xe5, 0xe5, 0xe5, 0xe5, 0xe5, 0xe5, 0xe5, 0xe5, 
	0xe5, 0xe5, 0xe5, 0xe5, 0xe5, 0xe5, 0xe5, 0xe5, 
	0xe5, 0xe5, 0xe5, 0xe5, 0xe5, 0xe5, 0xe5, 0xe5, 
	0xe5, 0xe5, 0xe5, 0xe5, 0xe5, 0xe5, 0xe5, 0xe5, 
	0xe5, 0xe5, 0xe5, 0xe5, 0xe5, 0xe5, 0xe5, 0xe5, 
	0xe5, 0xe5, 0xe5, 0xe5, 0xe5, 0xe5, 0xe5, 0xe5, 
	0xe5, 0xe5, 0xe5, 0xe5, 0xe5, 0xe5, 0xe5, 0xe5, 
	0xe5, 0xe5, 0xe5, 0xe5, 0xe5, 0xe5, 0xe5, 0xe5, 
	0xe5, 0xe5, 0xe5, 0xe5, 0xe5, 0xe5, 0xe5, 0xe5, 
	0xe5, 0xe5, 0xe5, 0xe5, 0xe5, 0xe5, 0xe5, 0xe5, 
	0xe5, 0xe5, 0xe5, 0xe5, 0xe5, 0xe5, 0xe5, 0xe5, 
	0xe5, 0xe5, 0xe5, 0xe5, 0xe5, 0xe5, 0xe5, 0xe5, 
	0xdd, 0xa5, 0xdd, 0xa5, 0xbc, 0xe1, 0x94, 0x1d, 
	0xcd, 0x65, 0xcd, 0x65, 0xcd, 0x65, 0xcd, 0x65, 
	0x63, 0x1b, 0x31, 0xd5, 0x31, 0xd5, 0x63, 0x1b, 
	0x4a, 0x99, 0x4a, 0x99, 0x93, 0xdf, 0x29, 0xd5, 
	0x73, 0x9d, 0x42, 0x57, 0x42, 0x57, 0xac, 0xe1, 
	0x83, 0xdd, 0x29, 0xd5, 0x29, 0xd5, 0xac, 0xa1, 
	0x21, 0x95, 0x52, 0xd9, 0x21, 0x95, 0x21, 0x95, 
	0x4a, 0x57, 0x4a, 0x57, 0x21, 0x93, 0x21, 0x93, 
	0x29, 0xd5, 0x29, 0xd5, 0x29, 0xd5, 0x29, 0xd5, 
	0x21, 0x93, 0x21, 0x93, 0x3a, 0x17, 0x09, 0x11, 
	0x19, 0x53, 0x19, 0x53, 0x19, 0x53, 0x19, 0x53, 
	0x11, 0x53, 0x11, 0x53, 0x11, 0x53, 0x11, 0x53, 
	0x09, 0x11, 0x09, 0x11, 0x09, 0x11, 0x09, 0x11, 
	0x19, 0x95, 0x19, 0x95, 0x11, 0x53, 0x11, 0x53, 
	0x09, 0x11, 0x09, 0x11, 0x09, 0x11, 0x5a, 0xd9, 
	0x29, 0xd5, 0x29, 0xd5, 0x29, 0xd5, 0x29, 0xd5, 
	0x11, 0x51, 0x11, 0x51, 0x11, 0x51, 0x11, 0x51, 
	0x09, 0x11, 0x09, 0x11, 0x09, 0x11, 0x09, 0x11, 
	0x09, 0x11, 0x09, 0x11, 0x09, 0x11, 0x09, 0x11, 
	0x29, 0xd5, 0x29, 0xd5, 0x29, 0xd5, 0x09, 0x11, 
	0x01, 0x11, 0x4a, 0x97, 0x4a, 0x97, 0x21, 0xd5, 
	0x09, 0x11, 0x09, 0x11, 0x09, 0x11, 0x73, 0x5b, 
	0x52, 0xd9, 0x3a, 0x55, 0x3a, 0x55, 0x52, 0xd9, 
	0x32, 0x15, 0x32, 0x15, 0x4a, 0x99, 0x4a, 0x99, 
	0x63, 0x1b, 0x09, 0x11, 0x09, 0x11, 0x09, 0x11, 
	0x09, 0x0f, 0x09, 0x0f, 0x09, 0x0f, 0x09, 0x0f, 
	0x19, 0x93, 0x19, 0x93, 0x19, 0x93, 0x94, 0x1f, 
	0xfe, 0xeb, 0xf6, 0x69, 0xee, 0x29, 0xe5, 0xe7, 
	0xee, 0x29, 0xee, 0x29, 0xfe, 0xed, 0xfe, 0xed, 
	0xee, 0x27, 0xe5, 0xe5, 0xee, 0x27, 0xee, 0x27, 
	0xd5, 0x65, 0xd5, 0x65, 0xd5, 0x65, 0xe5, 0xe7, 
	0xfe, 0xab, 0xfe, 0xab, 0xa4, 0x61, 0xcd, 0x65, 
	0xfe, 0xab, 0xfe, 0xab, 0xfe, 0xab, 0xfe, 0xab, 
	0xd5, 0xa5, 0xc5, 0x23, 0xee, 0x27, 0xd5, 0xa5, 
	0xee, 0x29, 0xee, 0x29, 0xee, 0x29, 0xee, 0x29, 
	0xf6, 0x69, 0xf6, 0x69, 0xf6, 0x69, 0xf6, 0x69, 
	0xf6, 0x69, 0xdd, 0xa5, 0xdd, 0xa5, 0xdd, 0xa5, 
	0xd5, 0xa5, 0xd5, 0xa5, 0xee, 0x27, 0xee, 0x27, 
	0xd5, 0xa5, 0xee, 0x29, 0xee, 0x29, 0xee, 0x29, 
	0xf6, 0x6b, 0xf6, 0x6b, 0xf6, 0x6b, 0xf6, 0x6b, 
	0xe5, 0xe7, 0xee, 0x29, 0xee, 0x29, 0xdd, 0xa5, 
	0xfe, 0xab, 0xe6, 0x27, 0xd5, 0xa5, 0xbc, 0xe1, 
	0xdd, 0xe5, 0xdd, 0xe5, 0xe5, 0xe5, 0xe5, 0xe5, 
	0xe5, 0xe5, 0xe5, 0xe5, 0xe5, 0xe5, 0xe5, 0xe5, 
	0xe5, 0xe5, 0xe5, 0xe5, 0xe5, 0xe5, 0xe5, 0xe5, 
	0xe5, 0xe5, 0xe5, 0xe5, 0xe5, 0xe5, 0xe5, 0xe5, 
	0xe5, 0xe5, 0xe5, 0xe5, 0xe5, 0xe5, 0xe5, 0xe5, 
	0xe5, 0xe5, 0xe5, 0xe5, 0xe5, 0xe5, 0xe5, 0xe5, 
	0xe5, 0xe5, 0xe5, 0xe5, 0xe5, 0xe5, 0xe5, 0xe5, 
	0xe5, 0xe5, 0xe5, 0xe5, 0xe5, 0xe5, 0xe5, 0xe5, 
	0xe5, 0xe5, 0xe5, 0xe5, 0xe5, 0xe5, 0xe5, 0xe5, 
	0xe5, 0xe5, 0xe5, 0xe5, 0xe5, 0xe5, 0xe5, 0xe5, 
	0xe5, 0xe5, 0xe5, 0xe5, 0xe5, 0xe5, 0xe5, 0xe5, 
	0xe5, 0xe5, 0xe5, 0xe5, 0xe5, 0xe5, 0xe5, 0xe5, 
	0xe5, 0xe5, 0xe5, 0xe5, 0xe5, 0xe5, 0xe5, 0xe5, 
	0xe5, 0xe5, 0xe5, 0xe5, 0xe5, 0xe5, 0xe5, 0xe5, 
	0xe5, 0xe5, 0xe5, 0xe5, 0xe5, 0xe5, 0xe5, 0xe5, 
	0xe5, 0xe5, 0xe5, 0xe5, 0xe5, 0xe5, 0xe5, 0xe5, 
	0xe5, 0xe5, 0xe5, 0xe5, 0xe5, 0xe5, 0xe5, 0xe5, 
	0xe5, 0xe5, 0xe5, 0xe5, 0xe5, 0xe5, 0xe5, 0xe5, 
	0xe5, 0xe5, 0xe5, 0xe5, 0xe5, 0xe5, 0xe5, 0xe5, 
	0xe5, 0xe5, 0xe5, 0xe5, 0xe5, 0xe5, 0xe5, 0xe5, 
	0xe5, 0xe5, 0xe5, 0xe5, 0xe5, 0xe5, 0xe5, 0xe5, 
	0xe5, 0xe5, 0xe5, 0xe5, 0xe5, 0xe5, 0xe5, 0xe5, 
	0xdd, 0xa5, 0x73, 0x59, 0x73, 0x59, 0x73, 0x59, 
	0x7b, 0x9d, 0xa4, 0x61, 0x52, 0x99, 0x7b, 0x9d, 
	0xc5, 0x27, 0x31, 0xd5, 0x31, 0xd5, 0x63, 0x1b, 
	0x4a, 0x99, 0x73, 0x5b, 0x93, 0xdf, 0x73, 0x5b, 
	0x73, 0x9d, 0x42, 0x57, 0x09, 0x13, 0x42, 0x57, 
	0x83, 0xdd, 0x29, 0xd5, 0x29, 0xd5, 0xac, 0xa1, 
	0x52, 0xd9, 0x8b, 0xdf, 0xbd, 0x23, 0x8b, 0xdf, 
	0x6b, 0x5d, 0x94, 0x21, 0x4a, 0x57, 0x6b, 0x5d, 
	0x52, 0xd9, 0x3a, 0x57, 0x3a, 0x57, 0x52, 0xd9, 
	0x3a, 0x17, 0x21, 0x93, 0x52, 0x99, 0x09, 0x11, 
	0x19, 0x53, 0x19, 0x53, 0x19, 0x53, 0x19, 0x53, 
	0x11, 0x53, 0x11, 0x53, 0x11, 0x53, 0x11, 0x53, 
	0x09, 0x11, 0x09, 0x11, 0x09, 0x11, 0x09, 0x11, 
	0x11, 0x53, 0x11, 0x53, 0x11, 0x53, 0x11, 0x53, 
	0x09, 0x11, 0x09, 0x11, 0x32, 0x15, 0x32, 0x15, 
	0x52, 0xd9, 0x29, 0xd5, 0x73, 0x9d, 0x73, 0x9d, 
	0x73, 0x5d, 0x42, 0x57, 0x73, 0x5d, 0x73, 0x5d, 
	0x6b, 0x5b, 0x6b, 0x5b, 0x6b, 0x5b, 0x6b, 0x5b, 
	0x63, 0x1b, 0x63, 0x1b, 0x42, 0x57, 0x09, 0x11, 
	0x09, 0x11, 0x09, 0x11, 0x29, 0xd5, 0x4a, 0x99, 
	0x01, 0x11, 0x01, 0x11, 0x01, 0x11, 0x01, 0x11, 
	0x09, 0x11, 0x09, 0x11, 0x09, 0x11, 0x09, 0x11, 
	0x52, 0xd9, 0x19, 0x93, 0x19, 0x93, 0x19, 0x93, 
	0x32, 0x15, 0x32, 0x15, 0x21, 0x93, 0x21, 0x93, 
	0x63, 0x1b, 0x63, 0x1b, 0x63, 0x1b, 0x32, 0x15, 
	0x3a, 0x57, 0x52, 0xdb, 0x3a, 0x57, 0x52, 0xdb, 
	0x52, 0xd9, 0x19, 0x93, 0x19, 0x93, 0x52, 0xd9, 
	0xf6, 0x69, 0xf6, 0x69, 0xf6, 0x69, 0xf6, 0x69, 
	0xee, 0x29, 0xfe, 0xed, 0xf6, 0x6b, 0xe5, 0xe7, 
	0xfe, 0xed, 0xee, 0x27, 0xee, 0x27, 0xee, 0x27, 
	0xe5, 0xe7, 0xe5, 0xe7, 0xee, 0x69, 0xee, 0x69, 
	0xfe, 0xab, 0xfe, 0xab, 0xcd, 0x65, 0xcd, 0x65, 
	0xfe, 0xab, 0xe5, 0xe7, 0xfe, 0xab, 0xe5, 0xe7, 
	0xee, 0x27, 0xee, 0x27, 0xfe, 0xa9, 0xfe, 0xa9, 
	0xee, 0x29, 0xfe, 0xab, 0xee, 0x29, 0xee, 0x29, 
	0xf6, 0x69, 0xf6, 0x69, 0xf6, 0x69, 0xf6, 0x69, 
	0xf6, 0x69, 0xdd, 0xa5, 0xdd, 0xa5, 0xdd, 0xa5, 
	0xf6, 0x69, 0xf6, 0x69, 0xf6, 0x69, 0xdd, 0xe7, 
	0xee, 0x29, 0xd5, 0xa5, 0xf6, 0xab, 0xdd, 0xe7, 
	0xf6, 0x6b, 0xcd, 0x65, 0xf6, 0x6b, 0xf6, 0x6b, 
	0xdd, 0xa5, 0xe5, 0xe7, 0xee, 0x29, 0xdd, 0xa5, 
	0xfe, 0xab, 0xfe, 0xab, 0xd5, 0xa5, 0xbc, 0xe1, 
	0xdd, 0xe5, 0xdd, 0xe5, 0xe5, 0xe5, 0xe5, 0xe5, 
	0xe5, 0xe5, 0xe5, 0xe5, 0xe5, 0xe5, 0xe5, 0xe5, 
	0xe5, 0xe5, 0xe5, 0xe5, 0xe5, 0xe5, 0xe5, 0xe5, 
	0xe5, 0xe5, 0xe5, 0xe5, 0xe5, 0xe5, 0xe5, 0xe5, 
	0xe5, 0xe5, 0xe5, 0xe5, 0xe5, 0xe5, 0xe5, 0xe5, 
	0xe5, 0xe5, 0xe5, 0xe5, 0xe5, 0xe5, 0xe5, 0xe5, 
	0xe5, 0xe5, 0xe5, 0xe5, 0xe5, 0xe5, 0xe5, 0xe5, 
	0xe5, 0xe5, 0xe5, 0xe5, 0xe5, 0xe5, 0xe5, 0xe5, 
	0xe5, 0xe5, 0xe5, 0xe5, 0xe5, 0xe5, 0xe5, 0xe5, 
	0xe5, 0xe5, 0xe5, 0xe5, 0xe5, 0xe5, 0xe5, 0xe5, 
	0xe5, 0xe5, 0xe5, 0xe5, 0xe5, 0xe5, 0xe5, 0xe5, 
	0xe5, 0xe5, 0xe5, 0xe5, 0xe5, 0xe5, 0xe5, 0xe5, 
	0xe5, 0xe5, 0xe5, 0xe5, 0xe5, 0xe5, 0xe5, 0xe5, 
	0xe5, 0xe5, 0xe5, 0xe5, 0xe5, 0xe5, 0xe5, 0xe5, 
	0xe5, 0xe5, 0xe5, 0xe5, 0xe5, 0xe5, 0xe5, 0xe5, 
	0xe5, 0xe5, 0xe5, 0xe5, 0xe5, 0xe5, 0xe5, 0xe5, 
	0xe5, 0xe5, 0xe5, 0xe5, 0xe5, 0xe5, 0xe5, 0xe5, 
	0xe5, 0xe5, 0xe5, 0xe5, 0xe5, 0xe5, 0xe5, 0xe5, 
	0xe5, 0xe5, 0xe5, 0xe5, 0xe5, 0xe5, 0xe5, 0xe5, 
	0xe5, 0xe5, 0xe5, 0xe5, 0xe5, 0xe5, 0xe5, 0xe5, 
	0xe5, 0xe5, 0xe5, 0xe5, 0xe5, 0xe5, 0xe5, 0xe5, 
	0xe5, 0xe5, 0xe5, 0xe5, 0xac, 0xa1, 0x8b, 0xdf, 
	0x32, 0x17, 0x5a, 0xdb, 0x5a, 0xdb, 0x5a, 0xdb, 
	0x52, 0x99, 0x52, 0x99, 0x52, 0x99, 0x52, 0x99, 
	0x5a, 0xdb, 0x5a, 0xdb, 0x5a, 0xdb, 0x5a, 0xdb, 
	0x63, 0x1d, 0xa4, 0xa3, 0xe6, 0x2b, 0xa4, 0xa3, 
	0xd5, 0xa7, 0xd5, 0xa7, 0x3a, 0x17, 0x3a, 0x17, 
	0x3a, 0x17, 0x3a, 0x17, 0x09, 0x11, 0x09, 0x11, 
	0x11, 0x53, 0x11, 0x53, 0x42, 0x57, 0x73, 0x5d, 
	0x6b, 0x5b, 0x6b, 0x5b, 0x6b, 0x5b, 0x6b, 0x5b, 
	0x4a, 0x57, 0x19, 0x53, 0x19, 0x53, 0xac, 0xa1, 
	0x94, 0x21, 0x19, 0x93, 0x19, 0x93, 0x19, 0x93, 
	0x11, 0x51, 0x11, 0x51, 0x21, 0xd3, 0x21, 0xd3, 
	0x29, 0xd5, 0x29, 0xd5, 0x09, 0x11, 0x29, 0xd5, 
	0x31, 0xd5, 0x11, 0x53, 0x11, 0x53, 0x11, 0x53, 
	0x19, 0x93, 0x09, 0x11, 0x09, 0x11, 0x09, 0x11, 
	0x01, 0x11, 0x01, 0x11, 0x01, 0x11, 0x01, 0x11, 
	0x09, 0x11, 0x09, 0x11, 0x09, 0x11, 0x09, 0x11, 
	0x29, 0xd5, 0x3a, 0x17, 0x19, 0x93, 0x09, 0x11, 
	0x01, 0x0f, 0x19, 0xd5, 0x2a, 0x17, 0x2a, 0x17, 
	0x5a, 0xdb, 0x5a, 0xdb, 0x83, 0xdf, 0x32, 0x15, 
	0x3a, 0x55, 0x3a, 0x55, 0x3a, 0x55, 0xa4, 0xa3, 
	0x83, 0x9f, 0x32, 0x15, 0x09, 0x11, 0x09, 0x11, 
	0x01, 0x0f, 0x29, 0xd5, 0x01, 0x0f, 0x01, 0x0f, 
	0x01, 0x11, 0x01, 0x11, 0x01, 0x11, 0x01, 0x11, 
	0x09, 0x11, 0x09, 0x11, 0x09, 0x11, 0x09, 0x11, 
	0x09, 0x11, 0x09, 0x11, 0x09, 0x11, 0x42, 0x57, 
	0x3a, 0x57, 0x52, 0xd9, 0x52, 0xd9, 0x21, 0x93, 
	0x42, 0x57, 0x42, 0x57, 0x42, 0x57, 0xac, 0xe3, 
	0xdd, 0xe7, 0xfe, 0xab, 0xdd, 0xe7, 0xdd, 0xe7, 
	0xfe, 0xab, 0xfe, 0xab, 0xee, 0x27, 0xee, 0x27, 
	0xfe, 0xeb, 0xf6, 0x69, 0xfe, 0xeb, 0xfe, 0xeb, 
	0xee, 0x27, 0xfe, 0xed, 0xfe, 0xed, 0xfe, 0xed, 
	0xfe, 0xeb, 0xe5, 0xe7, 0xe5, 0xe7, 0xee, 0x29, 
	0xfe, 0xab, 0xdd, 0xe7, 0xfe, 0xab, 0xfe, 0xab, 
	0xee, 0x69, 0xfe, 0xed, 0xfe, 0xed, 0xfe, 0xed, 
	0xe5, 0xe5, 0xee, 0x29, 0xee, 0x29, 0xee, 0x29, 
	0xdd, 0xa7, 0xee, 0x69, 0xee, 0x69, 0xdd, 0xa7, 
	0xf6, 0x69, 0xf6, 0x69, 0xf6, 0x69, 0xf6, 0x69, 
	0xdd, 0xe5, 0xdd, 0xe5, 0xee, 0x69, 0xdd, 0xe5, 
	0xdd, 0xa5, 0xdd, 0xa5, 0xee, 0x27, 0xee, 0x27, 
	0xe6, 0x27, 0xe6, 0x27, 0xf6, 0xab, 0xf6, 0xab, 
	0xee, 0x27, 0xee, 0x27, 0xf6, 0xa9, 0xf6, 0xa9, 
	0xe6, 0x27, 0xee, 0x69, 0xdd, 0xe7, 0xd5, 0xa5, 
	0xbd, 0x23, 0xd5, 0xa5, 0xe5, 0xe5, 0xe5, 0xe5, 
	0xe5, 0xe5, 0xe5, 0xe5, 0xe5, 0xe5, 0xe5, 0xe5, 
	0xe5, 0xe5, 0xe5, 0xe5, 0xe5, 0xe5, 0xe5, 0xe5, 
	0xe5, 0xe5, 0xe5, 0xe5, 0xe5, 0xe5, 0xe5, 0xe5, 
	0xe5, 0xe5, 0xe5, 0xe5, 0xe5, 0xe5, 0xe5, 0xe5, 
	0xe5, 0xe5, 0xe5, 0xe5, 0xe5, 0xe5, 0xe5, 0xe5, 
	0xe5, 0xe5, 0xe5, 0xe5, 0xe5, 0xe5, 0xe5, 0xe5, 
	0xe5, 0xe5, 0xe5, 0xe5, 0xe5, 0xe5, 0xe5, 0xe5, 
	0xe5, 0xe5, 0xe5, 0xe5, 0xe5, 0xe5, 0xe5, 0xe5, 
	0xe5, 0xe5, 0xe5, 0xe5, 0xe5, 0xe5, 0xe5, 0xe5, 
	0xe5, 0xe5, 0xe5, 0xe5, 0xe5, 0xe5, 0xe5, 0xe5, 
	0xe5, 0xe5, 0xe5, 0xe5, 0xe5, 0xe5, 0xe5, 0xe5, 
	0xe5, 0xe5, 0xe5, 0xe5, 0xe5, 0xe5, 0xe5, 0xe5, 
	0xe5, 0xe5, 0xe5, 0xe5, 0xe5, 0xe5, 0xe5, 0xe5, 
	0xe5, 0xe5, 0xe5, 0xe5, 0xe5, 0xe5, 0xe5, 0xe5, 
	0xe5, 0xe5, 0xe5, 0xe5, 0xe5, 0xe5, 0xe5, 0xe5, 
	0xe5, 0xe5, 0xe5, 0xe5, 0xe5, 0xe5, 0xe5, 0xe5, 
	0xe5, 0xe5, 0xe5, 0xe5, 0xe5, 0xe5, 0xe5, 0xe5, 
	0xe5, 0xe5, 0xe5, 0xe5, 0xe5, 0xe5, 0xe5, 0xe5, 
	0xe5, 0xe5, 0xe5, 0xe5, 0xe5, 0xe5, 0xe5, 0xe5, 
	0xe5, 0xe5, 0xe5, 0xe5, 0xe5, 0xe5, 0xe5, 0xe5, 
	0xe5, 0xe5, 0xe5, 0xe5, 0xe5, 0xe5, 0xac, 0xa1, 
	0x8b, 0xdf, 0xb4, 0xe3, 0xb4, 0xe3, 0xb4, 0xe3, 
	0x8c, 0x1f, 0x8c, 0x1f, 0xc5, 0xa7, 0xc5, 0xa7, 
	0xad, 0x25, 0xad, 0x25, 0x5a, 0xdb, 0x08, 0xcf, 
	0x21, 0x95, 0x21, 0x95, 0x63, 0x1d, 0x63, 0x1d, 
	0x3a, 0x17, 0x6b, 0x5d, 0x6b, 0x5d, 0x6b, 0x5d, 
	0x3a, 0x17, 0x63, 0x1b, 0x63, 0x1b, 0x63, 0x1b, 
	0x73, 0x5d, 0x73, 0x5d, 0x73, 0x5d, 0x42, 0x57, 
	0x19, 0x53, 0x19, 0x53, 0x42, 0x57, 0x42, 0x57, 
	0x7b, 0x9d, 0x19, 0x53, 0x19, 0x53, 0x7b, 0x9d, 
	0x94, 0x21, 0x6b, 0x1d, 0x42, 0x57, 0x6b, 0x1d, 
	0x4a, 0x99, 0x21, 0xd3, 0x21, 0xd3, 0x21, 0xd3, 
	0x29, 0xd5, 0x09, 0x11, 0x29, 0xd5, 0x29, 0xd5, 
	0x11, 0x53, 0x11, 0x53, 0x11, 0x53, 0x11, 0x53, 
	0x19, 0x93, 0x19, 0x93, 0x09, 0x11, 0x09, 0x11, 
	0x01, 0x11, 0x01, 0x11, 0x29, 0xd5, 0x29, 0xd5, 
	0x09, 0x11, 0x09, 0x11, 0x09, 0x11, 0x09, 0x11, 
	0x19, 0x93, 0x09, 0x11, 0x09, 0x11, 0x09, 0x11, 
	0x01, 0x0f, 0x01, 0x0f, 0x01, 0x0f, 0x01, 0x0f, 
	0x09, 0x11, 0x09, 0x11, 0x32, 0x15, 0x5a, 0xdb, 
	0x3a, 0x55, 0x3a, 0x55, 0x01, 0x0f, 0x3a, 0x55, 
	0x83, 0x9f, 0x83, 0x9f, 0x5a, 0xdb, 0x09, 0x11, 
	0x29, 0xd5, 0x73, 0x5f, 0x29, 0xd5, 0x29, 0xd5, 
	0x63, 0x1b, 0x32, 0x15, 0x01, 0x11, 0x01, 0x11, 
	0x09, 0x11, 0x09, 0x11, 0x09, 0x11, 0x09, 0x11, 
	0x09, 0x11, 0x42, 0x57, 0x09, 0x11, 0x09, 0x11, 
	0x09, 0x11, 0x09, 0x11, 0x09, 0x11, 0x09, 0x11, 
	0x09, 0x11, 0x09, 0x11, 0x09, 0x11, 0x42, 0x57, 
	0xa4, 0x61, 0xfe, 0xab, 0xfe, 0xab, 0xdd, 0xe7, 
	0xfe, 0xab, 0xe5, 0xe5, 0xee, 0x27, 0xee, 0x27, 
	0xfe, 0xeb, 0xfe, 0xeb, 0xfe, 0xeb, 0xfe, 0xeb, 
	0xee, 0x27, 0xe5, 0xe5, 0xf6, 0x6b, 0xee, 0x27, 
	0xee, 0x29, 0xee, 0x29, 0xf6, 0x69, 0xf6, 0x69, 
	0xfe, 0xab, 0xfe, 0xab, 0xfe, 0xab, 0xfe, 0xab, 
	0xee, 0x69, 0xe5, 0xe7, 0xee, 0x69, 0xee, 0x69, 
	0xdd, 0xa3, 0xe5, 0xe5, 0xee, 0x29, 0xee, 0x29, 
	0xee, 0x69, 0xee, 0x69, 0xee, 0x69, 0xee, 0x69, 
	0xfe, 0xeb, 0xf6, 0x69, 0xe5, 0xe7, 0xf6, 0x69, 
	0xdd, 0xe5, 0xdd, 0xe5, 0xee, 0x69, 0xdd, 0xe5, 
	0xdd, 0xa5, 0xdd, 0xa5, 0xee, 0x27, 0xee, 0x27, 
	0xf6, 0xab, 0xdd, 0xa5, 0xff, 0x2d, 0xff, 0x2d, 
	0xee, 0x27, 0xee, 0x27, 0xf6, 0xa9, 0xf6, 0xa9, 
	0xdd, 0xe7, 0xe6, 0x27, 0xd5, 0xa5, 0xd5, 0xa5, 
	0xbd, 0x23, 0xd5, 0xa5, 0xe5, 0xe5, 0xe5, 0xe5, 
	0xe5, 0xe5, 0xe5, 0xe5, 0xe5, 0xe5, 0xe5, 0xe5, 
	0xe5, 0xe5, 0xe5, 0xe5, 0xe5, 0xe5, 0xe5, 0xe5, 
	0xe5, 0xe5, 0xe5, 0xe5, 0xe5, 0xe5, 0xe5, 0xe5, 
	0xe5, 0xe5, 0xe5, 0xe5, 0xe5, 0xe5, 0xe5, 0xe5, 
	0xe5, 0xe5, 0xe5, 0xe5, 0xe5, 0xe5, 0xe5, 0xe5, 
	0xe5, 0xe5, 0xe5, 0xe5, 0xe5, 0xe5, 0xe5, 0xe5, 
	0xe5, 0xe5, 0xe5, 0xe5, 0xe5, 0xe5, 0xe5, 0xe5, 
	0xe5, 0xe5, 0xe5, 0xe5, 0xe5, 0xe5, 0xe5, 0xe5, 
	0xe5, 0xe5, 0xe5, 0xe5, 0xe5, 0xe5, 0xe5, 0xe5, 
	0xe5, 0xe5, 0xe5, 0xe5, 0xe5, 0xe5, 0xe5, 0xe5, 
	0xe5, 0xe5, 0xe5, 0xe5, 0xe5, 0xe5, 0xe5, 0xe5, 
	0xe5, 0xe5, 0xe5, 0xe5, 0xe5, 0xe5, 0xe5, 0xe5, 
	0xe5, 0xe5, 0xe5, 0xe5, 0xe5, 0xe5, 0xe5, 0xe5, 
	0xe5, 0xe5, 0xe5, 0xe5, 0xe5, 0xe5, 0xe5, 0xe5, 
	0xe5, 0xe5, 0xe5, 0xe5, 0xe5, 0xe5, 0xe5, 0xe5, 
	0xe5, 0xe5, 0xe5, 0xe5, 0xe5, 0xe5, 0xe5, 0xe5, 
	0xe5, 0xe5, 0xe5, 0xe5, 0xe5, 0xe5, 0xe5, 0xe5, 
	0xe5, 0xe5, 0xe5, 0xe5, 0xe5, 0xe5, 0xe5, 0xe5, 
	0xe5, 0xe5, 0xe5, 0xe5, 0xe5, 0xe5, 0xe5, 0xe5, 
	0xe5, 0xe5, 0xe5, 0xe5, 0xe5, 0xe5, 0xe5, 0xe5, 
	0xe5, 0xe5, 0xe5, 0xe5, 0xe5, 0xe5, 0xe5, 0xe5, 
	0x5a, 0xdb, 0x5a, 0xdb, 0xb4, 0xe3, 0xb4, 0xe3, 
	0xfe, 0xed, 0xfe, 0xed, 0xfe, 0xed, 0xfe, 0xed, 
	0xff, 0x31, 0xff, 0x31, 0xff, 0x31, 0xad, 0x25, 
	0x21, 0x95, 0x21, 0x95, 0x21, 0x95, 0x21, 0x95, 
	0x3a, 0x17, 0x3a, 0x17, 0x3a, 0x17, 0x3a, 0x17, 
	0x63, 0x1b, 0x63, 0x1b, 0x63, 0x1b, 0x3a, 0x17, 
	0x73, 0x5d, 0x73, 0x5d, 0xa4, 0xa1, 0xa4, 0xa1, 
	0x19, 0x53, 0x94, 0x1f, 0x42, 0x57, 0x94, 0x1f, 
	0xac, 0xa1, 0x7b, 0x9d, 0x19, 0x53, 0x19, 0x53, 
	0x19, 0x93, 0x19, 0x93, 0x19, 0x93, 0x19, 0x93, 
	0x3a, 0x17, 0x3a, 0x17, 0x21, 0xd3, 0x21, 0xd3, 
	0x29, 0xd5, 0x29, 0xd5, 0x63, 0x1b, 0x63, 0x1b, 
	0x11, 0x53, 0x11, 0x53, 0x4a, 0x99, 0x4a, 0x99, 
	0x09, 0x11, 0x09, 0x11, 0x19, 0x93, 0x09, 0x11, 
	0x01, 0x11, 0x01, 0x11, 0x01, 0x11, 0x01, 0x11, 
	0x19, 0x93, 0x19, 0x93, 0x09, 0x11, 0x3a, 0x17, 
	0x29, 0xd5, 0x09, 0x11, 0x09, 0x11, 0x09, 0x11, 
	0x01, 0x0f, 0x01, 0x0f, 0x01, 0x0f, 0x11, 0x51, 
	0x09, 0x11, 0x09, 0x11, 0x09, 0x11, 0x09, 0x11, 
	0x01, 0x0f, 0x01, 0x0f, 0x01, 0x0f, 0x01, 0x0f, 
	0x32, 0x15, 0x09, 0x11, 0x09, 0x11, 0x09, 0x11, 
	0x29, 0xd5, 0x29, 0xd5, 0x4a, 0x99, 0x29, 0xd5, 
	0x32, 0x15, 0x32, 0x15, 0x63, 0x1b, 0x63, 0x1b, 
	0x5b, 0x1b, 0x42, 0x57, 0x42, 0x57, 0x42, 0x57, 
	0x42, 0x57, 0x73, 0x9d, 0xac, 0xa3, 0x42, 0x57, 
	0x21, 0x93, 0x21, 0x93, 0x09, 0x11, 0x09, 0x11, 
	0x09, 0x11, 0x09, 0x11, 0x09, 0x11, 0x09, 0x11, 
	0xa4, 0x61, 0xdd, 0xe7, 0xfe, 0xab, 0xfe, 0xab, 
	0xfe, 0xab, 0xf6, 0x69, 0xee, 0x27, 0xf6, 0x69, 
	0xfe, 0xeb, 0xfe, 0xeb, 0xfe, 0xeb, 0xdd, 0xe7, 
	0xe5, 0xe5, 0xee, 0x27, 0xfe, 0xed, 0xee, 0x27, 
	0xe5, 0xe7, 0xee, 0x29, 0xee, 0x29, 0xf6, 0x69, 
	0xfe, 0xab, 0xdd, 0xe7, 0xdd, 0xe7, 0xdd, 0xe7, 
	0xfe, 0xed, 0xe5, 0xe7, 0xd5, 0x63, 0xe5, 0xe7, 
	0xee, 0x29, 0xf6, 0xab, 0xf6, 0xab, 0xf6, 0xab, 
	0xfe, 0xed, 0xee, 0x69, 0xdd, 0xa7, 0xee, 0x69, 
	0xf6, 0x69, 0xdd, 0xa5, 0xdd, 0xa5, 0xdd, 0xa5, 
	0xee, 0x69, 0xd5, 0xa3, 0xe6, 0x27, 0xee, 0x69, 
	0xee, 0x27, 0xdd, 0xa5, 0xee, 0x27, 0xee, 0x27, 
	0xe6, 0x27, 0xdd, 0xa5, 0xf6, 0xab, 0xf6, 0xab, 
	0xee, 0x27, 0xdd, 0xa5, 0xe5, 0xe7, 0xdd, 0xa5, 
	0xd5, 0xa5, 0xdd, 0xe7, 0xee, 0x69, 0xd5, 0xa5, 
	0xcd, 0x63, 0xbd, 0x23, 0xd5, 0xa5, 0xe5, 0xe5, 
	0xe5, 0xe5, 0xe5, 0xe5, 0xe5, 0xe5, 0xe5, 0xe5, 
	0xe5, 0xe5, 0xe5, 0xe5, 0xe5, 0xe5, 0xe5, 0xe5, 
	0xe5, 0xe5, 0xe5, 0xe5, 0xe5, 0xe5, 0xe5, 0xe5, 
	0xe5, 0xe5, 0xe5, 0xe5, 0xe5, 0xe5, 0xe5, 0xe5, 
	0xe5, 0xe5, 0xe5, 0xe5, 0xe5, 0xe5, 0xe5, 0xe5, 
	0xe5, 0xe5, 0xe5, 0xe5, 0xe5, 0xe5, 0xe5, 0xe5, 
	0xe5, 0xe5, 0xe5, 0xe5, 0xe5, 0xe5, 0xe5, 0xe5, 
	0xe5, 0xe5, 0xe5, 0xe5, 0xe5, 0xe5, 0xe5, 0xe5, 
	0xe5, 0xe5, 0xe5, 0xe5, 0xe5, 0xe5, 0xe5, 0xe5, 
	0xe5, 0xe5, 0xe5, 0xe5, 0xe5, 0xe5, 0xe5, 0xe5, 
	0xe5, 0xe5, 0xe5, 0xe5, 0xe5, 0xe5, 0xe5, 0xe5, 
	0xe5, 0xe5, 0xe5, 0xe5, 0xe5, 0xe5, 0xe5, 0xe5, 
	0xe5, 0xe5, 0xe5, 0xe5, 0xe5, 0xe5, 0xe5, 0xe5, 
	0xe5, 0xe5, 0xe5, 0xe5, 0xe5, 0xe5, 0xe5, 0xe5, 
	0xe5, 0xe5, 0xe5, 0xe5, 0xe5, 0xe5, 0xe5, 0xe5, 
	0xe5, 0xe5, 0xe5, 0xe5, 0xe5, 0xe5, 0xe5, 0xe5, 
	0xe5, 0xe5, 0xe5, 0xe5, 0xe5, 0xe5, 0xe5, 0xe5, 
	0xe5, 0xe5, 0xe5, 0xe5, 0xe5, 0xe5, 0xe5, 0xe5, 
	0xe5, 0xe5, 0xe5, 0xe5, 0xe5, 0xe5, 0xe5, 0xe5, 
	0xe5, 0xe5, 0xe5, 0xe5, 0xe5, 0xe5, 0xe5, 0xe5, 
	0xe5, 0xe5, 0xe5, 0xe5, 0xc5, 0x23, 0xc5, 0x23, 
	0x8b, 0xdf, 0x32, 0x17, 0x32, 0x17, 0x32, 0x17, 
	0xfe, 0xed, 0xc5, 0xa7, 0xfe, 0xed, 0xfe, 0xed, 
	0xff, 0x31, 0xff, 0x31, 0xff, 0x31, 0xff, 0x31, 
	0xa4, 0xa3, 0xa4, 0xa3, 0x21, 0x95, 0x63, 0x1d, 
	0x6b, 0x5d, 0x6b, 0x5d, 0x6b, 0x5d, 0xa4, 0xa1, 
	0x94, 0x21, 0x63, 0x1b, 0x63, 0x1b, 0x09, 0x11, 
	0x11, 0x53, 0x11, 0x53, 0x11, 0x53, 0x42, 0x57, 
	0x19, 0x53, 0x6b, 0x5b, 0x42, 0x57, 0x42, 0x57, 
	0x7b, 0x9d, 0xac, 0xa1, 0x7b, 0x9d, 0x7b, 0x9d, 
	0x6b, 0x1d, 0x6b, 0x1d, 0x94, 0x21, 0x42, 0x57, 
	0x3a, 0x17, 0x3a, 0x17, 0x3a, 0x17, 0x21, 0xd3, 
	0x29, 0xd5, 0x29, 0xd5, 0x09, 0x11, 0x09, 0x11, 
	0x31, 0xd5, 0x6b, 0x1b, 0x4a, 0x99, 0x6b, 0x1b, 
	0x3a, 0x17, 0x09, 0x11, 0x09, 0x11, 0x3a, 0x17, 
	0x73, 0x5d, 0x73, 0x5d, 0x4a, 0x99, 0x01, 0x11, 
	0x09, 0x11, 0x19, 0x93, 0x09, 0x11, 0x19, 0x93, 
	0x09, 0x11, 0x19, 0x93, 0x09, 0x11, 0x09, 0x11, 
	0x01, 0x0f, 0x11, 0x51, 0x01, 0x0f, 0x11, 0x51, 
	0x32, 0x15, 0x5a, 0xdb, 0x09, 0x11, 0x09, 0x11, 
	0x01, 0x0f, 0x01, 0x0f, 0x01, 0x0f, 0x01, 0x0f, 
	0x09, 0x11, 0x09, 0x11, 0x09, 0x11, 0x09, 0x11, 
	0x01, 0x0f, 0x01, 0x0f, 0x01, 0x0f, 0x01, 0x0f, 
	0x01, 0x11, 0x01, 0x11, 0x01, 0x11, 0x01, 0x11, 
	0x21, 0xd5, 0x21, 0xd5, 0x09, 0x11, 0x09, 0x11, 
	0x09, 0x11, 0x42, 0x57, 0x42, 0x57, 0x42, 0x57, 
	0x3a, 0x57, 0x52, 0xd9, 0x3a, 0x57, 0x52, 0xd9, 
	0x42, 0x57, 0x42, 0x57, 0x09, 0x11, 0x73, 0x9d, 
	0xa4, 0x61, 0xdd, 0xe7, 0xfe, 0xab, 0xfe, 0xab, 
	0xf6, 0x69, 0xf6, 0x69, 0xe5, 0xe5, 0xf6, 0x69, 
	0xfe, 0xeb, 0xfe, 0xeb, 0xfe, 0xeb, 0xfe, 0xeb, 
	0xfe, 0xed, 0xfe, 0xed, 0xfe, 0xed, 0xee, 0x27, 
	0xf6, 0x69, 0xf6, 0x69, 0xe5, 0xe7, 0xf6, 0x69, 
	0xfe, 0xab, 0xdd, 0xe7, 0x9c, 0x1f, 0x9c, 0x1f, 
	0xee, 0x69, 0xee, 0x69, 0xee, 0x69, 0xee, 0x69, 
	0xf6, 0xab, 0xee, 0x29, 0xf6, 0xab, 0xf6, 0xab, 
	0xfe, 0xed, 0xee, 0x69, 0xcd, 0x23, 0xcd, 0x23, 
	0xf6, 0x69, 0xdd, 0xa5, 0xf6, 0x69, 0xf6, 0x69, 
	0xee, 0x69, 0xee, 0x69, 0xdd, 0xe5, 0xe6, 0x27, 
	0xee, 0x27, 0xdd, 0xa5, 0xee, 0x27, 0xee, 0x27, 
	0xdd, 0xa5, 0xe6, 0x27, 0xdd, 0xa5, 0xe6, 0x27, 
	0xee, 0x27, 0xdd, 0xa5, 0xdd, 0xa5, 0xee, 0x27, 
	0xee, 0x69, 0xee, 0x69, 0xee, 0x69, 0xee, 0x69, 
	0xcd, 0x63, 0xbd, 0x23, 0xcd, 0x63, 0xd5, 0xa5, 
	0xe5, 0xe5, 0xe5, 0xe5, 0xe5, 0xe5, 0xe5, 0xe5, 
	0xe5, 0xe5, 0xe5, 0xe5, 0xe5, 0xe5, 0xe5, 0xe5, 
	0xe5, 0xe5, 0xe5, 0xe5, 0xe5, 0xe5, 0xe5, 0xe5, 
	0xe5, 0xe5, 0xe5, 0xe5, 0xe5, 0xe5, 0xe5, 0xe5, 
	0xe5, 0xe5, 0xe5, 0xe5, 0xe5, 0xe5, 0xe5, 0xe5, 
	0xe5, 0xe5, 0xe5, 0xe5, 0xe5, 0xe5, 0xe5, 0xe5, 
	0xe5, 0xe5, 0xe5, 0xe5, 0xe5, 0xe5, 0xe5, 0xe5, 
	0xe5, 0xe5, 0xe5, 0xe5, 0xe5, 0xe5, 0xe5, 0xe5, 
	0xe5, 0xe5, 0xe5, 0xe5, 0xe5, 0xe5, 0xe5, 0xe5, 
	0xe5, 0xe5, 0xe5, 0xe5, 0xe5, 0xe5, 0xe5, 0xe5, 
	0xe5, 0xe5, 0xe5, 0xe5, 0xe5, 0xe5, 0xe5, 0xe5, 
	0xe5, 0xe5, 0xe5, 0xe5, 0xe5, 0xe5, 0xe5, 0xe5, 
	0xe5, 0xe5, 0xe5, 0xe5, 0xe5, 0xe5, 0xe5, 0xe5, 
	0xe5, 0xe5, 0xe5, 0xe5, 0xe5, 0xe5, 0xe5, 0xe5, 
	0xe5, 0xe5, 0xe5, 0xe5, 0xe5, 0xe5, 0xe5, 0xe5, 
	0xe5, 0xe5, 0xe5, 0xe5, 0xe5, 0xe5, 0xe5, 0xe5, 
	0xe5, 0xe5, 0xe5, 0xe5, 0xe5, 0xe5, 0xe5, 0xe5, 
	0xe5, 0xe5, 0xe5, 0xe5, 0xe5, 0xe5, 0xe5, 0xe5, 
	0xe5, 0xe5, 0xe5, 0xe5, 0xe5, 0xe5, 0xe5, 0xe5, 
	0xe5, 0xe5, 0xe5, 0xe5, 0xe5, 0xe5, 0xe5, 0xe5, 
	0xdd, 0xa5, 0xdd, 0xa5, 0xdd, 0xa5, 0xbc, 0xe1, 
	0xb4, 0xe3, 0x7b, 0x9d, 0x7b, 0x9d, 0xb4, 0xe3, 
	0xdd, 0xe7, 0xdd, 0xe7, 0xdd, 0xe7, 0xdd, 0xe7, 
	0xfe, 0xed, 0xfe, 0xed, 0xfe, 0xed, 0xfe, 0xed, 
	0xff, 0xb3, 0xff, 0xb3, 0xff, 0xb3, 0xe5, 0xe7, 
	0xcd, 0x65, 0xff, 0x2f, 0xee, 0x6b, 0xff, 0x2f, 
	0xa4, 0xa3, 0xa4, 0xa3, 0xf6, 0xab, 0xa4, 0xa3, 
	0xa4, 0x61, 0x3a, 0x17, 0x6b, 0x5d, 0x6b, 0x5d, 
	0x21, 0xd5, 0x21, 0xd5, 0x21, 0xd5, 0x21, 0xd5, 
	0x11, 0x53, 0x11, 0x53, 0x5a, 0xdb, 0x5a, 0xdb, 
	0xa4, 0xa1, 0xa4, 0xa1, 0x6b, 0x5b, 0x32, 0x15, 
	0xac, 0xa3, 0xac, 0xa3, 0x7b, 0x9d, 0xac, 0xa3, 
	0x94, 0x1f, 0x19, 0x93, 0x42, 0x57, 0x19, 0x93, 
	0x09, 0x11, 0x29, 0xd5, 0x4a, 0x97, 0x09, 0x11, 
	0x09, 0x11, 0x09, 0x11, 0x09, 0x11, 0x09, 0x11, 
	0x4a, 0x97, 0x4a, 0x97, 0x6b, 0x5b, 0x6b, 0x5b, 
	0x73, 0x9d, 0x73, 0x9d, 0x3a, 0x17, 0x52, 0xd9, 
	0x5a, 0xd9, 0x09, 0x11, 0x09, 0x11, 0x21, 0xd3, 
	0x01, 0x0f, 0x01, 0x0f, 0x01, 0x0f, 0x01, 0x0f, 
	0x09, 0x51, 0x09, 0x51, 0x09, 0x51, 0x09, 0x51, 
	0x09, 0x11, 0x09, 0x11, 0x63, 0x1b, 0x09, 0x11, 
	0x32, 0x15, 0x32, 0x15, 0x6b, 0x5b, 0x11, 0x53, 
	0x29, 0xd5, 0x29, 0xd5, 0x09, 0x11, 0x09, 0x11, 
	0x09, 0x11, 0x09, 0x11, 0x09, 0x11, 0x09, 0x11, 
	0x01, 0x0f, 0x01, 0x0f, 0x01, 0x0f, 0x09, 0x11, 
	0x01, 0x0f, 0x21, 0xd5, 0x01, 0x0f, 0x01, 0x0f, 
	0x01, 0x11, 0x21, 0xd5, 0x01, 0x11, 0x01, 0x11, 
	0x01, 0x0f, 0x29, 0xd5, 0x29, 0xd5, 0x29, 0xd5, 
	0x21, 0x93, 0xac, 0xe1, 0xf6, 0x69, 0xf6, 0x69, 
	0xfe, 0xeb, 0xf6, 0x69, 0xe5, 0xe7, 0xee, 0x29, 
	0xee, 0x29, 0xee, 0x29, 0xfe, 0xab, 0xfe, 0xab, 
	0xfe, 0xed, 0xfe, 0xed, 0xee, 0x29, 0xee, 0x29, 
	0xcd, 0x63, 0xcd, 0x63, 0xcd, 0x63, 0xdd, 0xe7, 
	0xfe, 0xeb, 0xf6, 0x69, 0xdd, 0xa5, 0xe5, 0xe7, 
	0xfe, 0xed, 0xe5, 0xe7, 0xfe, 0xed, 0xfe, 0xed, 
	0xff, 0x2d, 0xe5, 0xe7, 0xff, 0x2d, 0xe5, 0xe7, 
	0xfe, 0xeb, 0xe5, 0xe7, 0xe5, 0xe7, 0xee, 0x29, 
	0xee, 0x29, 0xee, 0x29, 0xee, 0x69, 0xf6, 0xab, 
	0xee, 0x69, 0xee, 0x69, 0xcd, 0x23, 0xdd, 0xa7, 
	0xee, 0x29, 0xee, 0x29, 0xe5, 0xe5, 0xee, 0x29, 
	0xfe, 0xab, 0xe5, 0xe7, 0xe5, 0xe7, 0xf6, 0x69, 
	0xee, 0x29, 0xee, 0x29, 0xee, 0x29, 0xee, 0x29, 
	0xf6, 0x69, 0xf6, 0x69, 0xe5, 0xe7, 0xf6, 0x69, 
	0xcd, 0xa5, 0x93, 0xdd, 0xcd, 0xa5, 0xcd, 0xa5, 
	0xd5, 0x63, 0xe5, 0xe5, 0xe5, 0xe5, 0xe5, 0xe5, 
	0xe5, 0xe5, 0xe5, 0xe5, 0xe5, 0xe5, 0xe5, 0xe5, 
	0xe5, 0xe5, 0xe5, 0xe5, 0xe5, 0xe5, 0xe5, 0xe5, 
	0xe5, 0xe5, 0xe5, 0xe5, 0xe5, 0xe5, 0xe5, 0xe5, 
	0xe5, 0xe5, 0xe5, 0xe5, 0xe5, 0xe5, 0xe5, 0xe5, 
	0xe5, 0xe5, 0xe5, 0xe5, 0xe5, 0xe5, 0xe5, 0xe5, 
	0xe5, 0xe5, 0xe5, 0xe5, 0xe5, 0xe5, 0xe5, 0xe5, 
	0xe5, 0xe5, 0xe5, 0xe5, 0xe5, 0xe5, 0xe5, 0xe5, 
	0xe5, 0xe5, 0xe5, 0xe5, 0xe5, 0xe5, 0xe5, 0xe5, 
	0xe5, 0xe5, 0xe5, 0xe5, 0xe5, 0xe5, 0xe5, 0xe5, 
	0xe5, 0xe5, 0xe5, 0xe5, 0xe5, 0xe5, 0xe5, 0xe5, 
	0xe5, 0xe5, 0xe5, 0xe5, 0xe5, 0xe5, 0xe5, 0xe5, 
	0xe5, 0xe5, 0xe5, 0xe5, 0xe5, 0xe5, 0xe5, 0xe5, 
	0xe5, 0xe5, 0xe5, 0xe5, 0xe5, 0xe5, 0xe5, 0xe5, 
	0xe5, 0xe5, 0xe5, 0xe5, 0xe5, 0xe5, 0xe5, 0xe5, 
	0xe5, 0xe5, 0xe5, 0xe5, 0xe5, 0xe5, 0xe5, 0xe5, 
	0xe5, 0xe5, 0xe5, 0xe5, 0xe5, 0xe5, 0xe5, 0xe5, 
	0xe5, 0xe5, 0xe5, 0xe5, 0xe5, 0xe5, 0xe5, 0xe5, 
	0xe5, 0xe5, 0xe5, 0xe5, 0xe5, 0xe5, 0xe5, 0xe5, 
	0xe5, 0xe5, 0xe5, 0xe5, 0xe5, 0xe5, 0xe5, 0xe5, 
	0xdd, 0xa5, 0xbc, 0xe1, 0xbc, 0xe1, 0xbc, 0xe1, 
	0x7b, 0x9d, 0x7b, 0x9d, 0x7b, 0x9d, 0xe6, 0x29, 
	0xdd, 0xe7, 0xdd, 0xe7, 0xdd, 0xe7, 0xdd, 0xe7, 
	0xfe, 0xed, 0xfe, 0xed, 0xd5, 0xe7, 0xfe, 0xed, 
	0xff, 0xb3, 0xff, 0xb3, 0xff, 0xb3, 0xff, 0xb3, 
	0xff, 0x2f, 0xff, 0x2f, 0xcd, 0x65, 0xff, 0x2f, 
	0xa4, 0xa3, 0x52, 0x99, 0xf6, 0xab, 0xf6, 0xab, 
	0xa4, 0x61, 0xd5, 0xa7, 0xd5, 0xa7, 0xd5, 0xa7, 
	0xa4, 0xa3, 0xa4, 0xa3, 0x63, 0x1d, 0x63, 0x1d, 
	0x5a, 0xdb, 0x5a, 0xdb, 0x11, 0x53, 0x11, 0x53, 
	0x32, 0x15, 0x32, 0x15, 0x32, 0x15, 0x32, 0x15, 
	0x11, 0x51, 0x42, 0x57, 0x7b, 0x9d, 0x42, 0x57, 
	0x94, 0x1f, 0x6b, 0x1b, 0x6b, 0x1b, 0x6b, 0x1b, 
	0x29, 0xd5, 0x09, 0x11, 0x6b, 0x1b, 0x29, 0xd5, 
	0x09, 0x11, 0x52, 0xd9, 0x73, 0x9d, 0x73, 0x9d, 
	0x21, 0xd5, 0x21, 0xd5, 0x4a, 0x97, 0x4a, 0x97, 
	0x19, 0x93, 0x19, 0x93, 0x19, 0x93, 0x19, 0x93, 
	0x42, 0x57, 0x09, 0x11, 0x09, 0x11, 0x5a, 0xd9, 
	0x6b, 0x1d, 0x21, 0xd3, 0x4a, 0x99, 0x4a, 0x99, 
	0x3a, 0x57, 0x3a, 0x57, 0x73, 0x5b, 0x3a, 0x57, 
	0x09, 0x11, 0x09, 0x11, 0x09, 0x11, 0x09, 0x11, 
	0x11, 0x53, 0x11, 0x53, 0x32, 0x15, 0x11, 0x53, 
	0x09, 0x11, 0x09, 0x11, 0x09, 0x11, 0x09, 0x11, 
	0x09, 0x11, 0x09, 0x11, 0x29, 0xd5, 0x09, 0x11, 
	0x01, 0x0f, 0x01, 0x0f, 0x01, 0x0f, 0x01, 0x0f, 
	0x01, 0x0f, 0x01, 0x0f, 0x01, 0x0f, 0x01, 0x0f, 
	0x01, 0x11, 0x01, 0x11, 0x01, 0x11, 0x4a, 0x99, 
	0x01, 0x0f, 0x01, 0x0f, 0x29, 0xd5, 0x01, 0x0f, 
	0x21, 0x93, 0x6b, 0x5b, 0xf6, 0x69, 0xf6, 0x69, 
	0xfe, 0xeb, 0xfe, 0xeb, 0xf6, 0x69, 0xf6, 0x69, 
	0xf6, 0x69, 0xe5, 0xe7, 0xe5, 0xe7, 0xee, 0x29, 
	0xee, 0x29, 0xfe, 0xed, 0xc4, 0xe1, 0xee, 0x29, 
	0xcd, 0x63, 0xcd, 0x63, 0xee, 0x69, 0xee, 0x69, 
	0xfe, 0xeb, 0xfe, 0xeb, 0xfe, 0xeb, 0xfe, 0xeb, 
	0xfe, 0xed, 0xfe, 0xed, 0xe5, 0xe7, 0xee, 0x29, 
	0xee, 0x29, 0xee, 0x29, 0xee, 0x29, 0xee, 0x29, 
	0xee, 0x29, 0xee, 0x29, 0xf6, 0x69, 0xf6, 0x69, 
	0xee, 0x29, 0xee, 0x29, 0xf6, 0xab, 0xf6, 0xab, 
	0xee, 0x69, 0xee, 0x69, 0xdd, 0xa7, 0xcd, 0x23, 
	0xee, 0x29, 0xee, 0x29, 0xf6, 0xab, 0xf6, 0xab, 
	0xfe, 0xab, 0xfe, 0xab, 0xf6, 0x69, 0xf6, 0x69, 
	0xee, 0x29, 0xd5, 0x65, 0xee, 0x29, 0xd5, 0x65, 
	0xe5, 0xe7, 0xe5, 0xe7, 0xdd, 0xa5, 0xe5, 0xe7, 
	0xcd, 0xa5, 0xcd, 0xa5, 0xee, 0x69, 0xee, 0x69, 
	0xcd, 0x63, 0xdd, 0xa5, 0xe5, 0xe5, 0xe5, 0xe5, 
	0xe5, 0xe5, 0xe5, 0xe5, 0xe5, 0xe5, 0xe5, 0xe5, 
	0xe5, 0xe5, 0xe5, 0xe5, 0xe5, 0xe5, 0xe5, 0xe5, 
	0xe5, 0xe5, 0xe5, 0xe5, 0xe5, 0xe5, 0xe5, 0xe5, 
	0xe5, 0xe5, 0xe5, 0xe5, 0xe5, 0xe5, 0xe5, 0xe5, 
	0xe5, 0xe5, 0xe5, 0xe5, 0xe5, 0xe5, 0xe5, 0xe5, 
	0xe5, 0xe5, 0xe5, 0xe5, 0xe5, 0xe5, 0xe5, 0xe5, 
	0xe5, 0xe5, 0xe5, 0xe5, 0xe5, 0xe5, 0xe5, 0xe5, 
	0xe5, 0xe5, 0xe5, 0xe5, 0xe5, 0xe5, 0xe5, 0xe5, 
	0xe5, 0xe5, 0xe5, 0xe5, 0xe5, 0xe5, 0xe5, 0xe5, 
	0xe5, 0xe5, 0xe5, 0xe5, 0xe5, 0xe5, 0xe5, 0xe5, 
	0xe5, 0xe5, 0xe5, 0xe5, 0xe5, 0xe5, 0xe5, 0xe5, 
	0xe5, 0xe5, 0xe5, 0xe5, 0xe5, 0xe5, 0xe5, 0xe5, 
	0xe5, 0xe5, 0xe5, 0xe5, 0xe5, 0xe5, 0xe5, 0xe5, 
	0xe5, 0xe5, 0xe5, 0xe5, 0xe5, 0xe5, 0xe5, 0xe5, 
	0xe5, 0xe5, 0xe5, 0xe5, 0xe5, 0xe5, 0xe5, 0xe5, 
	0xe5, 0xe5, 0xe5, 0xe5, 0xe5, 0xe5, 0xe5, 0xe5, 
	0xe5, 0xe5, 0xe5, 0xe5, 0xe5, 0xe5, 0xe5, 0xe5, 
	0xe5, 0xe5, 0xe5, 0xe5, 0xe5, 0xe5, 0xe5, 0xe5, 
	0xe5, 0xe5, 0xe5, 0xe5, 0xe5, 0xe5, 0xe5, 0xe5, 
	0xdd, 0xa5, 0xbc, 0xe1, 0x73, 0x5b, 0xbc, 0xe1, 
	0x7b, 0x9d, 0x7b, 0x9d, 0x7b, 0x9d, 0xe6, 0x29, 
	0xb4, 0xe1, 0x83, 0xdd, 0x83, 0xdd, 0x5a, 0x97, 
	0xac, 0xa1, 0xd5, 0xe7, 0xd5, 0xe7, 0xfe, 0xed, 
	0xf6, 0xef, 0xf6, 0xef, 0xee, 0x6b, 0xee, 0x6b, 
	0xee, 0x6b, 0xee, 0x6b, 0xee, 0x6b, 0xff, 0x2f, 
	0xf6, 0xab, 0x52, 0x99, 0xf6, 0xab, 0xf6, 0xab, 
	0xd5, 0xa7, 0x3a, 0x17, 0x6b, 0x5d, 0x6b, 0x5d, 
	0xe6, 0x2b, 0xa4, 0xa3, 0xa4, 0xa3, 0xa4, 0xa3, 
	0xa4, 0xa3, 0xa4, 0xa3, 0xee, 0x6b, 0xa4, 0xa3, 
	0x6b, 0x5b, 0xa4, 0xa1, 0xa4, 0xa1, 0x32, 0x15, 
	0x11, 0x51, 0x11, 0x51, 0x11, 0x51, 0x42, 0x57, 
	0x19, 0x93, 0x19, 0x93, 0x19, 0x93, 0x19, 0x93, 
	0x29, 0xd5, 0x29, 0xd5, 0x6b, 0x1b, 0x6b, 0x1b, 
	0x29, 0xd5, 0x52, 0xd9, 0x29, 0xd5, 0x52, 0xd9, 
	0x6b, 0x5b, 0x6b, 0x5b, 0x6b, 0x5b, 0x4a, 0x97, 
	0x73, 0x9d, 0x3a, 0x17, 0x19, 0x93, 0x19, 0x93, 
	0x42, 0x57, 0x21, 0xd3, 0x21, 0xd3, 0x09, 0x11, 
	0x01, 0x0f, 0x01, 0x0f, 0x01, 0x0f, 0x01, 0x0f, 
	0x09, 0x51, 0x09, 0x51, 0x09, 0x51, 0xa4, 0x61, 
	0x09, 0x11, 0x09, 0x11, 0x09, 0x11, 0x32, 0x15, 
	0x11, 0x53, 0x6b, 0x5b, 0x6b, 0x5b, 0x11, 0x53, 
	0x29, 0xd5, 0x29, 0xd5, 0x42, 0x57, 0x29, 0xd5, 
	0x09, 0x11, 0x09, 0x11, 0x09, 0x11, 0x09, 0x11, 
	0x01, 0x0f, 0x09, 0x11, 0x01, 0x0f, 0x09, 0x11, 
	0x11, 0x53, 0x01, 0x0f, 0x11, 0x53, 0x01, 0x0f, 
	0x01, 0x11, 0x01, 0x11, 0x6b, 0x5d, 0x6b, 0x5d, 
	0x4a, 0x99, 0x01, 0x0f, 0x01, 0x0f, 0x01, 0x0f, 
	0x21, 0x93, 0xac, 0xe1, 0xf6, 0x69, 0xf6, 0x69, 
	0xfe, 0xeb, 0xfe, 0xeb, 0xee, 0x29, 0xee, 0x29, 
	0xfe, 0xab, 0xee, 0x29, 0xe5, 0xe7, 0xfe, 0xab, 
	0xd5, 0xa5, 0xc4, 0xe1, 0xee, 0x29, 0xee, 0x29, 
	0xfe, 0xed, 0xfe, 0xed, 0xfe, 0xed, 0xdd, 0xe7, 
	0xfe, 0xeb, 0xfe, 0xeb, 0xf6, 0x69, 0xf6, 0x69, 
	0xee, 0x29, 0xf6, 0x6b, 0xee, 0x29, 0xee, 0x29, 
	0xee, 0x29, 0xee, 0x29, 0xee, 0x29, 0xe5, 0xe7, 
	0xee, 0x29, 0xee, 0x29, 0xee, 0x29, 0xf6, 0x69, 
	0xee, 0x69, 0xee, 0x29, 0xee, 0x69, 0xf6, 0xab, 
	0xee, 0x69, 0xee, 0x69, 0xee, 0x69, 0xee, 0x69, 
	0xee, 0x29, 0xf6, 0xab, 0xe5, 0xe5, 0xee, 0x29, 
	0xe5, 0xe7, 0xf6, 0x69, 0xf6, 0x69, 0xf6, 0x69, 
	0xee, 0x29, 0xee, 0x29, 0xee, 0x29, 0xc4, 0xa1, 
	0xe5, 0xe7, 0xf6, 0x69, 0xf6, 0x69, 0xf6, 0x69, 
	0xee, 0x69, 0xee, 0x69, 0xee, 0x69, 0xee, 0x69, 
	0xcd, 0x63, 0xd5, 0x63, 0xe5, 0xe5, 0xe5, 0xe5, 
	0xe5, 0xe5, 0xe5, 0xe5, 0xe5, 0xe5, 0xe5, 0xe5, 
	0xe5, 0xe5, 0xe5, 0xe5, 0xe5, 0xe5, 0xe5, 0xe5, 
	0xe5, 0xe5, 0xe5, 0xe5, 0xe5, 0xe5, 0xe5, 0xe5, 
	0xe5, 0xe5, 0xe5, 0xe5, 0xe5, 0xe5, 0xe5, 0xe5, 
	0xe5, 0xe5, 0xe5, 0xe5, 0xe5, 0xe5, 0xe5, 0xe5, 
	0xe5, 0xe5, 0xe5, 0xe5, 0xe5, 0xe5, 0xe5, 0xe5, 
	0xe5, 0xe5, 0xe5, 0xe5, 0xe5, 0xe5, 0xe5, 0xe5, 
	0xe5, 0xe5, 0xe5, 0xe5, 0xe5, 0xe5, 0xe5, 0xe5, 
	0xe5, 0xe5, 0xe5, 0xe5, 0xe5, 0xe5, 0xe5, 0xe5, 
	0xe5, 0xe5, 0xe5, 0xe5, 0xe5, 0xe5, 0xe5, 0xe5, 
	0xe5, 0xe5, 0xe5, 0xe5, 0xe5, 0xe5, 0xe5, 0xe5, 
	0xe5, 0xe5, 0xe5, 0xe5, 0xe5, 0xe5, 0xe5, 0xe5, 
	0xe5, 0xe5, 0xe5, 0xe5, 0xe5, 0xe5, 0xe5, 0xe5, 
	0xe5, 0xe5, 0xe5, 0xe5, 0xe5, 0xe5, 0xe5, 0xe5, 
	0xe5, 0xe5, 0xe5, 0xe5, 0xe5, 0xe5, 0xe5, 0xe5, 
	0xe5, 0xe5, 0xe5, 0xe5, 0xe5, 0xe5, 0xe5, 0xe5, 
	0xe5, 0xe5, 0xe5, 0xe5, 0xe5, 0xe5, 0xe5, 0xe5, 
	0xe5, 0xe5, 0xe5, 0xe5, 0xe5, 0xe5, 0xe5, 0xe5, 
	0xe5, 0xe5, 0xe5, 0xe5, 0xe5, 0xe5, 0xe5, 0xe5, 
	0xbc, 0xe1, 0xbc, 0xe1, 0x73, 0x5b, 0x94, 0x1f, 
	0x4a, 0x57, 0x4a, 0x57, 0x4a, 0x57, 0xe6, 0x29, 
	0xb4, 0xe1, 0xb4, 0xe1, 0xdd, 0xe7, 0x83, 0xdd, 
	0x83, 0x9b, 0xac, 0xa1, 0xac, 0xa1, 0xfe, 0xed, 
	0xf6, 0xef, 0xf6, 0xef, 0xe5, 0xe7, 0xe5, 0xe7, 
	0xcd, 0x65, 0xdd, 0xe9, 0xcd, 0x65, 0xff, 0x2f, 
	0xa4, 0xa3, 0x52, 0x99, 0xa4, 0xa3, 0xf6, 0xab, 
	0xd5, 0xa7, 0xa4, 0x61, 0x6b, 0x5d, 0x3a, 0x17, 
	0x63, 0x1d, 0x63, 0x1d, 0x21, 0xd5, 0x21, 0xd5, 
	0x5a, 0xdb, 0x11, 0x53, 0x5a, 0xdb, 0x5a, 0xdb, 
	0x32, 0x15, 0x6b, 0x5b, 0xa4, 0xa1, 0xdd, 0xe7, 
	0x42, 0x57, 0x42, 0x57, 0x42, 0x57, 0xac, 0xa3, 
	0x94, 0x1f, 0x19, 0x93, 0x19, 0x93, 0x19, 0x93, 
	0x09, 0x11, 0x09, 0x11, 0x09, 0x11, 0x09, 0x11, 
	0x09, 0x11, 0x09, 0x11, 0x09, 0x11, 0x09, 0x11, 
	0x01, 0x11, 0x01, 0x11, 0x21, 0xd5, 0x21, 0xd5, 
	0x19, 0x93, 0x52, 0xd9, 0x73, 0x9d, 0x73, 0x9d, 
	0x5a, 0xd9, 0x42, 0x57, 0x42, 0x57, 0x42, 0x57, 
	0x4a, 0x99, 0x4a, 0x99, 0x01, 0x0f, 0x4a, 0x99, 
	0x09, 0x51, 0x09, 0x51, 0x09, 0x51, 0x73, 0x5b, 
	0x8b, 0xdf, 0x09, 0x11, 0x09, 0x11, 0x09, 0x11, 
	0x11, 0x53, 0x11, 0x53, 0x32, 0x15, 0x11, 0x53, 
	0x42, 0x57, 0x63, 0x1b, 0x63, 0x1b, 0x63, 0x1b, 
	0x6b, 0x5d, 0x6b, 0x5d, 0x4a, 0x99, 0x4a, 0x99, 
	0x11, 0x53, 0x01, 0x0f, 0x11, 0x53, 0x01, 0x0f, 
	0x01, 0x0f, 0x11, 0x53, 0x01, 0x0f, 0x11, 0x53, 
	0x01, 0x11, 0x01, 0x11, 0x21, 0xd5, 0x21, 0xd5, 
	0x73, 0x5f, 0x29, 0xd5, 0x01, 0x0f, 0x01, 0x0f, 
	0x21, 0x93, 0xac, 0xe1, 0xf6, 0x69, 0xf6, 0x69, 
	0xf6, 0x69, 0xee, 0x29, 0xee, 0x29, 0xee, 0x29, 
	0xfe, 0xab, 0xee, 0x29, 0xf6, 0x69, 0xfe, 0xab, 
	0xee, 0x29, 0xd5, 0xa5, 0xee, 0x29, 0xfe, 0xed, 
	0xfe, 0xed, 0xfe, 0xed, 0xfe, 0xed, 0xdd, 0xe7, 
	0xfe, 0xeb, 0xfe, 0xeb, 0xe5, 0xe7, 0xdd, 0xa5, 
	0xe5, 0xe7, 0xf6, 0x6b, 0xee, 0x29, 0xfe, 0xed, 
	0xf6, 0xab, 0xe5, 0xe7, 0xee, 0x29, 0xe5, 0xe7, 
	0xee, 0x29, 0xee, 0x29, 0xe5, 0xe7, 0xf6, 0x69, 
	0xe5, 0xe7, 0xee, 0x29, 0xe5, 0xe7, 0xee, 0x69, 
	0xee, 0x69, 0xee, 0x69, 0xff, 0x2d, 0xff, 0x2d, 
	0xf6, 0xab, 0xee, 0x29, 0xdd, 0xa3, 0xe5, 0xe5, 
	0xdd, 0xa5, 0xe5, 0xe7, 0xe5, 0xe7, 0xe5, 0xe7, 
	0xee, 0x29, 0xee, 0x29, 0xff, 0x2d, 0xff, 0x2d, 
	0xf6, 0x69, 0xf6, 0x69, 0xfe, 0xab, 0xf6, 0x69, 
	0xee, 0x69, 0xcd, 0xa5, 0xee, 0x69, 0xee, 0x69, 
	0xdd, 0xa5, 0xcd, 0x63, 0xe5, 0xe5, 0xe5, 0xe5, 
	0xe5, 0xe5, 0xe5, 0xe5, 0xe5, 0xe5, 0xe5, 0xe5, 
	0xe5, 0xe5, 0xe5, 0xe5, 0xe5, 0xe5, 0xe5, 0xe5, 
	0xe5, 0xe5, 0xe5, 0xe5, 0xe5, 0xe5, 0xe5, 0xe5, 
	0xe5, 0xe5, 0xe5, 0xe5, 0xe5, 0xe5, 0xe5, 0xe5, 
	0xe5, 0xe5, 0xe5, 0xe5, 0xe5, 0xe5, 0xe5, 0xe5, 
	0xe5, 0xe5, 0xe5, 0xe5, 0xe5, 0xe5, 0xe5, 0xe5, 
	0xe5, 0xe5, 0xe5, 0xe5, 0xe5, 0xe5, 0xe5, 0xe5, 
	0xe5, 0xe5, 0xe5, 0xe5, 0xe5, 0xe5, 0xe5, 0xe5, 
	0xe5, 0xe5, 0xe5, 0xe5, 0xe5, 0xe5, 0xe5, 0xe5, 
	0xe5, 0xe5, 0xe5, 0xe5, 0xe5, 0xe5, 0xe5, 0xe5, 
	0xe5, 0xe5, 0xe5, 0xe5, 0xe5, 0xe5, 0xe5, 0xe5, 
	0xe5, 0xe5, 0xe5, 0xe5, 0xe5, 0xe5, 0xe5, 0xe5, 
	0xe5, 0xe5, 0xe5, 0xe5, 0xe5, 0xe5, 0xe5, 0xe5, 
	0xe5, 0xe5, 0xe5, 0xe5, 0xe5, 0xe5, 0xe5, 0xe5, 
	0xe5, 0xe5, 0xe5, 0xe5, 0xe5, 0xe5, 0xe5, 0xe5, 
	0xe5, 0xe5, 0xe5, 0xe5, 0xe5, 0xe5, 0xe5, 0xe5, 
	0xe5, 0xe5, 0xe5, 0xe5, 0xe5, 0xe5, 0xe5, 0xe5, 
	0xe5, 0xe5, 0xe5, 0xe5, 0xe5, 0xe5, 0xe5, 0xe5, 
	0xe6, 0x27, 0xe6, 0x27, 0xe6, 0x27, 0xd5, 0xa5, 
	0xe5, 0xe7, 0x8c, 0x1f, 0x8c, 0x1f, 0xe5, 0xe7, 
	0x52, 0xd9, 0x29, 0xd5, 0x52, 0xd9, 0x52, 0xd9, 
	0x73, 0x5d, 0x42, 0x57, 0xd5, 0xa7, 0xd5, 0xa7, 
	0x73, 0x9d, 0xac, 0xa1, 0x73, 0x9d, 0xdd, 0xe7, 
	0xd5, 0xa5, 0xfe, 0xeb, 0xd5, 0xa5, 0xa4, 0xa1, 
	0x39, 0xd5, 0xbd, 0x67, 0xff, 0x6f, 0xff, 0x6f, 
	0xc5, 0x23, 0xa4, 0x1f, 0xfe, 0xed, 0xfe, 0xed, 
	0xee, 0x6d, 0xff, 0x71, 0xff, 0x71, 0xff, 0x71, 
	0xb4, 0xe3, 0x31, 0xd5, 0x31, 0xd5, 0x31, 0xd5, 
	0x19, 0x53, 0x19, 0x53, 0x19, 0x53, 0x5a, 0xdb, 
	0x21, 0x93, 0x21, 0x93, 0x21, 0x93, 0x21, 0x93, 
	0x19, 0x51, 0x19, 0x51, 0x63, 0x1b, 0x63, 0x1b, 
	0x83, 0xdf, 0xb4, 0xe3, 0x5a, 0xd9, 0xb4, 0xe3, 
	0xac, 0xa3, 0x42, 0x57, 0x42, 0x57, 0x73, 0x5d, 
	0x63, 0x1b, 0x63, 0x1b, 0x94, 0x1f, 0x63, 0x1b, 
	0x19, 0x93, 0x19, 0x93, 0x19, 0x93, 0x19, 0x93, 
	0x09, 0x51, 0x09, 0x51, 0x09, 0x51, 0x09, 0x51, 
	0x11, 0x51, 0x11, 0x51, 0x11, 0x51, 0x11, 0x51, 
	0x3a, 0x57, 0x3a, 0x57, 0x09, 0x11, 0x73, 0x9d, 
	0x09, 0x11, 0x09, 0x11, 0x09, 0x11, 0x09, 0x11, 
	0x6b, 0x5d, 0x6b, 0x5d, 0x6b, 0x5d, 0x6b, 0x5d, 
	0x01, 0x0f, 0x3a, 0x15, 0x01, 0x0f, 0x01, 0x0f, 
	0x01, 0x11, 0x01, 0x11, 0x01, 0x11, 0x21, 0xd5, 
	0x09, 0x11, 0x09, 0x11, 0x29, 0xd5, 0x29, 0xd5, 
	0x4a, 0x99, 0x32, 0x17, 0x32, 0x17, 0x21, 0x93, 
	0x31, 0xd5, 0x31, 0xd5, 0x31, 0xd5, 0x6b, 0x5d, 
	0x3a, 0x15, 0x01, 0x0f, 0x01, 0x0f, 0x01, 0x0f, 
	0x11, 0x51, 0x4a, 0x97, 0x11, 0x51, 0x4a, 0x97, 
	0x19, 0x93, 0x19, 0x93, 0xee, 0x29, 0xee, 0x29, 
	0xf6, 0x69, 0xe5, 0xe7, 0xe5, 0xe7, 0xfe, 0xeb, 
	0xfe, 0xed, 0xfe, 0xed, 0xf6, 0x6b, 0xf6, 0x6b, 
	0xee, 0x69, 0xd5, 0xa5, 0xe5, 0xe7, 0xd5, 0xa5, 
	0xf6, 0x69, 0xf6, 0x69, 0xee, 0x27, 0xee, 0x27, 
	0xee, 0x29, 0xee, 0x29, 0xe5, 0xe7, 0xee, 0x29, 
	0xfe, 0xed, 0xee, 0x6b, 0xee, 0x6b, 0xfe, 0xed, 
	0xee, 0x69, 0xdd, 0xe5, 0xee, 0x69, 0xee, 0x69, 
	0xe5, 0xe5, 0xe5, 0xe5, 0xe5, 0xe5, 0xee, 0x69, 
	0xee, 0x69, 0xd5, 0xa5, 0xd5, 0xa5, 0xe5, 0xe7, 
	0xee, 0x29, 0xf6, 0x69, 0xf6, 0x69, 0xee, 0x29, 
	0xf6, 0x69, 0xdd, 0xa5, 0xdd, 0xa5, 0xdd, 0xa5, 
	0xee, 0x29, 0xee, 0x29, 0xee, 0x29, 0xee, 0x29, 
	0xdd, 0xe5, 0xfe, 0xa9, 0xfe, 0xa9, 0xfe, 0xa9, 
	0xee, 0x29, 0xee, 0x29, 0xfe, 0xab, 0xfe, 0xab, 
	0xf6, 0xa9, 0xdd, 0xe5, 0xf6, 0xa9, 0xf6, 0xa9, 
	0xf6, 0x69, 0xf6, 0x69, 0xd5, 0xa5, 0xf6, 0x69, 
	0xe5, 0xe5, 0xe5, 0xe5, 0xe5, 0xe5, 0xe5, 0xe5, 
	0xe5, 0xe5, 0xe5, 0xe5, 0xe5, 0xe5, 0xe5, 0xe5, 
	0xe5, 0xe5, 0xe5, 0xe5, 0xe5, 0xe5, 0xe5, 0xe5, 
	0xe5, 0xe5, 0xe5, 0xe5, 0xe5, 0xe5, 0xe5, 0xe5, 
	0xe5, 0xe5, 0xe5, 0xe5, 0xe5, 0xe5, 0xe5, 0xe5, 
	0xe5, 0xe5, 0xe5, 0xe5, 0xe5, 0xe5, 0xe5, 0xe5, 
	0xe5, 0xe5, 0xe5, 0xe5, 0xe5, 0xe5, 0xe5, 0xe5, 
	0xe5, 0xe5, 0xe5, 0xe5, 0xe5, 0xe5, 0xe5, 0xe5, 
	0xe5, 0xe5, 0xe5, 0xe5, 0xe5, 0xe5, 0xe5, 0xe5, 
	0xe5, 0xe5, 0xe5, 0xe5, 0xe5, 0xe5, 0xe5, 0xe5, 
	0xe5, 0xe5, 0xe5, 0xe5, 0xe5, 0xe5, 0xe5, 0xe5, 
	0xe5, 0xe5, 0xe5, 0xe5, 0xe5, 0xe5, 0xe5, 0xe5, 
	0xe5, 0xe5, 0xe5, 0xe5, 0xe5, 0xe5, 0xe5, 0xe5, 
	0xe5, 0xe5, 0xe5, 0xe5, 0xe5, 0xe5, 0xe5, 0xe5, 
	0xe5, 0xe5, 0xe5, 0xe5, 0xe5, 0xe5, 0xe5, 0xe5, 
	0xe5, 0xe5, 0xe5, 0xe5, 0xe5, 0xe5, 0xe5, 0xe5, 
	0xe5, 0xe5, 0xe5, 0xe5, 0xe5, 0xe5, 0xe5, 0xe5, 
	0xe5, 0xe5, 0xe5, 0xe5, 0xe5, 0xe5, 0xe5, 0xe5, 
	0xe6, 0x27, 0xe6, 0x27, 0xd5, 0xa5, 0xe6, 0x27, 
	0xe5, 0xe7, 0x63, 0x1b, 0x8c, 0x1f, 0xe5, 0xe7, 
	0x52, 0xd9, 0x52, 0xd9, 0xac, 0xa3, 0x83, 0x9f, 
	0x73, 0x5d, 0x42, 0x57, 0x42, 0x57, 0x73, 0x5d, 
	0x42, 0x57, 0x73, 0x9d, 0x42, 0x57, 0xdd, 0xe7, 
	0xa4, 0xa1, 0xfe, 0xeb, 0xd5, 0xa5, 0xa4, 0xa1, 
	0x39, 0xd5, 0xbd, 0x67, 0xff, 0x6f, 0xff, 0x6f, 
	0xdd, 0xe9, 0xc5, 0x23, 0xc5, 0x23, 0xfe, 0xed, 
	0xff, 0x71, 0xff, 0x71, 0xff, 0x71, 0xff, 0x71, 
	0xf6, 0x6b, 0xb4, 0xe3, 0x73, 0x5d, 0x73, 0x5d, 
	0xa4, 0xa1, 0x19, 0x53, 0x5a, 0xdb, 0x5a, 0xdb, 
	0x63, 0x1b, 0x63, 0x1b, 0x21, 0x93, 0x21, 0x93, 
	0x19, 0x51, 0x19, 0x51, 0x19, 0x51, 0x19, 0x51, 
	0x29, 0xd5, 0x29, 0xd5, 0x29, 0xd5, 0x29, 0xd5, 
	0x42, 0x57, 0x42, 0x57, 0x73, 0x5d, 0x42, 0x57, 
	0x63, 0x1b, 0x63, 0x1b, 0x94, 0x1f, 0x94, 0x1f, 
	0xa4, 0xa3, 0xa4, 0xa3, 0x73, 0x9d, 0x73, 0x9d, 
	0x73, 0x5d, 0x3a, 0x57, 0x3a, 0x57, 0x09, 0x51, 
	0x11, 0x51, 0x11, 0x51, 0x11, 0x51, 0x11, 0x51, 
	0x09, 0x11, 0x09, 0x11, 0x09, 0x11, 0x09, 0x11, 
	0x29, 0xd5, 0x09, 0x11, 0x09, 0x11, 0x29, 0xd5, 
	0x09, 0x11, 0x09, 0x11, 0x29, 0xd5, 0x29, 0xd5, 
	0x3a, 0x15, 0xa4, 0x63, 0x6b, 0x5d, 0x3a, 0x15, 
	0x6b, 0x1d, 0x6b, 0x1d, 0x21, 0xd5, 0x6b, 0x1d, 
	0x42, 0x97, 0x42, 0x97, 0x29, 0xd5, 0x09, 0x11, 
	0x09, 0x11, 0x09, 0x11, 0x21, 0x93, 0x4a, 0x99, 
	0x4a, 0x99, 0x11, 0x51, 0x11, 0x51, 0x31, 0xd5, 
	0x19, 0x93, 0x01, 0x0f, 0x01, 0x0f, 0x01, 0x0f, 
	0x11, 0x51, 0x4a, 0x97, 0x11, 0x51, 0x4a, 0x97, 
	0x19, 0x93, 0x19, 0x93, 0xa4, 0xa1, 0xee, 0x29, 
	0xfe, 0xeb, 0xfe, 0xeb, 0xf6, 0x69, 0xfe, 0xeb, 
	0xfe, 0xed, 0xfe, 0xed, 0xe6, 0x27, 0xdd, 0xa5, 
	0xee, 0x69, 0xee, 0x69, 0xd5, 0xa5, 0xee, 0x69, 
	0xf6, 0x69, 0xf6, 0x69, 0xf6, 0xed, 0xee, 0x27, 
	0xee, 0x29, 0xfe, 0xed, 0xfe, 0xed, 0xfe, 0xed, 
	0xfe, 0xed, 0xee, 0x6b, 0xd5, 0x65, 0xfe, 0xed, 
	0xee, 0x69, 0xdd, 0xe5, 0xcd, 0x63, 0xee, 0x69, 
	0xe5, 0xe5, 0xe5, 0xe5, 0xe5, 0xe5, 0xe5, 0xe5, 
	0xee, 0x69, 0xee, 0x69, 0xcd, 0x63, 0xd5, 0xa5, 
	0xe5, 0xe7, 0xf6, 0x69, 0xe5, 0xe7, 0xee, 0x27, 
	0xf6, 0x69, 0xdd, 0xa5, 0xdd, 0xa5, 0xdd, 0xa5, 
	0xdd, 0xa7, 0xee, 0x29, 0xdd, 0xa7, 0xee, 0x29, 
	0xdd, 0xe5, 0xdd, 0xe5, 0xdd, 0xe5, 0xdd, 0xe5, 
	0xee, 0x29, 0xee, 0x29, 0xee, 0x29, 0xcd, 0x63, 
	0xf6, 0xa9, 0xf6, 0xa9, 0xf6, 0xa9, 0xf6, 0xa9, 
	0xf6, 0x69, 0xd5, 0xa5, 0xd5, 0xa5, 0xd5, 0xa5, 
	0xe5, 0xe5, 0xe5, 0xe5, 0xe5, 0xe5, 0xe5, 0xe5, 
	0xe5, 0xe5, 0xe5, 0xe5, 0xe5, 0xe5, 0xe5, 0xe5, 
	0xe5, 0xe5, 0xe5, 0xe5, 0xe5, 0xe5, 0xe5, 0xe5, 
	0xe5, 0xe5, 0xe5, 0xe5, 0xe5, 0xe5, 0xe5, 0xe5, 
	0xe5, 0xe5, 0xe5, 0xe5, 0xe5, 0xe5, 0xe5, 0xe5, 
	0xe5, 0xe5, 0xe5, 0xe5, 0xe5, 0xe5, 0xe5, 0xe5, 
	0xe5, 0xe5, 0xe5, 0xe5, 0xe5, 0xe5, 0xe5, 0xe5, 
	0xe5, 0xe5, 0xe5, 0xe5, 0xe5, 0xe5, 0xe5, 0xe5, 
	0xe5, 0xe5, 0xe5, 0xe5, 0xe5, 0xe5, 0xe5, 0xe5, 
	0xe5, 0xe5, 0xe5, 0xe5, 0xe5, 0xe5, 0xe5, 0xe5, 
	0xe5, 0xe5, 0xe5, 0xe5, 0xe5, 0xe5, 0xe5, 0xe5, 
	0xe5, 0xe5, 0xe5, 0xe5, 0xe5, 0xe5, 0xe5, 0xe5, 
	0xe5, 0xe5, 0xe5, 0xe5, 0xe5, 0xe5, 0xe5, 0xe5, 
	0xe5, 0xe5, 0xe5, 0xe5, 0xe5, 0xe5, 0xe5, 0xe5, 
	0xe5, 0xe5, 0xe5, 0xe5, 0xe5, 0xe5, 0xe5, 0xe5, 
	0xe5, 0xe5, 0xe5, 0xe5, 0xe5, 0xe5, 0xe5, 0xe5, 
	0xe5, 0xe5, 0xe5, 0xe5, 0xe5, 0xe5, 0xe5, 0xe5, 
	0xe5, 0xe5, 0xe5, 0xe5, 0xe5, 0xe5, 0xe5, 0xe5, 
	0xd5, 0xa5, 0xd5, 0xa5, 0xd5, 0xa5, 0xd5, 0xa5, 
	0xe5, 0xe7, 0x63, 0x1b, 0x63, 0x1b, 0xbc, 0xe3, 
	0x83, 0x9f, 0x29, 0xd5, 0x52, 0xd9, 0x29, 0xd5, 
	0x42, 0x57, 0x73, 0x5d, 0x73, 0x5d, 0x73, 0x5d, 
	0x73, 0x9d, 0x42, 0x57, 0xac, 0xa1, 0xac, 0xa1, 
	0xd5, 0xa5, 0xd5, 0xa5, 0x7b, 0x5b, 0xa4, 0xa1, 
	0x7b, 0x9d, 0xbd, 0x67, 0xbd, 0x67, 0xff, 0x6f, 
	0xa4, 0x1f, 0xc5, 0x23, 0xa4, 0x1f, 0xc5, 0x23, 
	0xff, 0x71, 0xee, 0x6d, 0xff, 0x71, 0xff, 0x71, 
	0xf6, 0x6b, 0xb4, 0xe3, 0xb4, 0xe3, 0x73, 0x5d, 
	0xe6, 0x29, 0xa4, 0xa1, 0x5a, 0xdb, 0x5a, 0xdb, 
	0x9c, 0xa1, 0xdd, 0xe9, 0xdd, 0xe9, 0x21, 0x93, 
	0x63, 0x1b, 0xb4, 0xe3, 0x63, 0x1b, 0x63, 0x1b, 
	0x29, 0xd5, 0x5a, 0xd9, 0x29, 0xd5, 0x29, 0xd5, 
	0x09, 0x11, 0x09, 0x11, 0x09, 0x11, 0x09, 0x11, 
	0x01, 0x11, 0x01, 0x11, 0x01, 0x11, 0x01, 0x11, 
	0x4a, 0x99, 0x4a, 0x99, 0x19, 0x93, 0x19, 0x93, 
	0x73, 0x5d, 0x73, 0x5d, 0xa4, 0xa3, 0xa4, 0xa3, 
	0x52, 0xd9, 0x52, 0xd9, 0x11, 0x51, 0x11, 0x51, 
	0x3a, 0x57, 0x3a, 0x57, 0x09, 0x11, 0x09, 0x11, 
	0x09, 0x11, 0x29, 0xd5, 0x09, 0x11, 0x29, 0xd5, 
	0x09, 0x11, 0x09, 0x11, 0x09, 0x11, 0x09, 0x11, 
	0x01, 0x0f, 0x01, 0x0f, 0x3a, 0x15, 0x3a, 0x15, 
	0x21, 0xd5, 0x01, 0x11, 0x01, 0x11, 0x4a, 0x59, 
	0x29, 0xd5, 0x42, 0x97, 0x63, 0x5b, 0x63, 0x5b, 
	0x21, 0x93, 0x4a, 0x99, 0x21, 0x93, 0x4a, 0x99, 
	0x6b, 0x5d, 0x31, 0xd5, 0x31, 0xd5, 0x11, 0x51, 
	0x01, 0x0f, 0x01, 0x0f, 0x01, 0x0f, 0x19, 0x93, 
	0x29, 0xd5, 0x29, 0xd5, 0x29, 0xd5, 0x29, 0xd5, 
	0x19, 0x93, 0x19, 0x93, 0xa4, 0xa1, 0xee, 0x29, 
	0xfe, 0xeb, 0xfe, 0xeb, 0xfe, 0xeb, 0xfe, 0xeb, 
	0xe6, 0x27, 0xe6, 0x27, 0xe6, 0x27, 0xf6, 0x6b, 
	0xfe, 0xab, 0xfe, 0xab, 0xee, 0x69, 0xee, 0x69, 
	0xf6, 0x69, 0xf6, 0xed, 0xff, 0x2f, 0xff, 0x2f, 
	0xfe, 0xed, 0xe5, 0xe7, 0xfe, 0xed, 0xfe, 0xed, 
	0xee, 0x6b, 0xee, 0x6b, 0xee, 0x6b, 0xee, 0x6b, 
	0xdd, 0xe5, 0xee, 0x69, 0xdd, 0xe5, 0xfe, 0xeb, 
	0xff, 0x2f, 0xff, 0x2f, 0xee, 0x69, 0xf6, 0xab, 
	0xee, 0x69, 0xd5, 0xa5, 0xe5, 0xe7, 0xd5, 0xa5, 
	0xe5, 0xe7, 0xee, 0x29, 0xf6, 0x69, 0xf6, 0x69, 
	0xdd, 0xa5, 0xdd, 0xa5, 0xdd, 0xa5, 0xf6, 0x69, 
	0xdd, 0xa7, 0xee, 0x29, 0xdd, 0xa7, 0xdd, 0xa7, 
	0xdd, 0xe5, 0x9c, 0x5f, 0xdd, 0xe5, 0xdd, 0xe5, 
	0xdd, 0xa5, 0xfe, 0xab, 0xfe, 0xab, 0xdd, 0xa5, 
	0xdd, 0xe5, 0xf6, 0xa9, 0xdd, 0xe5, 0xdd, 0xe5, 
	0xd5, 0xa5, 0xb4, 0xa1, 0xb4, 0xa1, 0x93, 0xdd, 
	0xe5, 0xe5, 0xe5, 0xe5, 0xe5, 0xe5, 0xe5, 0xe5, 
	0xe5, 0xe5, 0xe5, 0xe5, 0xe5, 0xe5, 0xe5, 0xe5, 
	0xe5, 0xe5, 0xe5, 0xe5, 0xe5, 0xe5, 0xe5, 0xe5, 
	0xe5, 0xe5, 0xe5, 0xe5, 0xe5, 0xe5, 0xe5, 0xe5, 
	0xe5, 0xe5, 0xe5, 0xe5, 0xe5, 0xe5, 0xe5, 0xe5, 
	0xe5, 0xe5, 0xe5, 0xe5, 0xe5, 0xe5, 0xe5, 0xe5, 
	0xe5, 0xe5, 0xe5, 0xe5, 0xe5, 0xe5, 0xe5, 0xe5, 
	0xe5, 0xe5, 0xe5, 0xe5, 0xe5, 0xe5, 0xe5, 0xe5, 
	0xe5, 0xe5, 0xe5, 0xe5, 0xe5, 0xe5, 0xe5, 0xe5, 
	0xe5, 0xe5, 0xe5, 0xe5, 0xe5, 0xe5, 0xe5, 0xe5, 
	0xe5, 0xe5, 0xe5, 0xe5, 0xe5, 0xe5, 0xe5, 0xe5, 
	0xe5, 0xe5, 0xe5, 0xe5, 0xe5, 0xe5, 0xe5, 0xe5, 
	0xe5, 0xe5, 0xe5, 0xe5, 0xe5, 0xe5, 0xe5, 0xe5, 
	0xe5, 0xe5, 0xe5, 0xe5, 0xe5, 0xe5, 0xe5, 0xe5, 
	0xe5, 0xe5, 0xe5, 0xe5, 0xe5, 0xe5, 0xe5, 0xe5, 
	0xe5, 0xe5, 0xe5, 0xe5, 0xe5, 0xe5, 0xe5, 0xe5, 
	0xe5, 0xe5, 0xe5, 0xe5, 0xe5, 0xe5, 0xe5, 0xe5, 
	0xe5, 0xe5, 0xe5, 0xe5, 0xe5, 0xe5, 0xe5, 0xe5, 
	0xb4, 0xe1, 0xd5, 0xa5, 0xb4, 0xe1, 0xb4, 0xe1, 
	0xbc, 0xe3, 0x63, 0x1b, 0x63, 0x1b, 0x8c, 0x1f, 
	0x83, 0x9f, 0x83, 0x9f, 0x52, 0xd9, 0x29, 0xd5, 
	0x42, 0x57, 0x73, 0x5d, 0x73, 0x5d, 0x42, 0x57, 
	0x42, 0x57, 0x42, 0x57, 0xac, 0xa1, 0x42, 0x57, 
	0xd5, 0xa5, 0xa4, 0xa1, 0x7b, 0x5b, 0xa4, 0xa1, 
	0x39, 0xd5, 0x7b, 0x9d, 0xbd, 0x67, 0xff, 0x6f, 
	0xc5, 0x23, 0xc5, 0x23, 0xdd, 0xe9, 0xc5, 0x23, 
	0xff, 0x71, 0xcc, 0xe3, 0xee, 0x6d, 0xff, 0x71, 
	0xf6, 0x6b, 0xf6, 0x6b, 0x73, 0x5d, 0x73, 0x5d, 
	0x5a, 0xdb, 0x5a, 0xdb, 0x19, 0x53, 0x5a, 0xdb, 
	0x63, 0x1b, 0xdd, 0xe9, 0xdd, 0xe9, 0x9c, 0xa1, 
	0x63, 0x1b, 0xfe, 0xad, 0xb4, 0xe3, 0xb4, 0xe3, 
	0x83, 0xdf, 0xb4, 0xe3, 0xb4, 0xe3, 0x83, 0xdf, 
	0x73, 0x5d, 0x73, 0x5d, 0x42, 0x57, 0x09, 0x11, 
	0x01, 0x11, 0x01, 0x11, 0x01, 0x11, 0x01, 0x11, 
	0x73, 0x9d, 0xa4, 0xa3, 0x4a, 0x99, 0x19, 0x93, 
	0x09, 0x51, 0x09, 0x51, 0x09, 0x51, 0x3a, 0x57, 
	0x52, 0xd9, 0x8c, 0x1f, 0xcd, 0x67, 0x8c, 0x1f, 
	0x73, 0x9d, 0xa4, 0xa3, 0x09, 0x11, 0x09, 0x11, 
	0x09, 0x11, 0x09, 0x11, 0x29, 0xd5, 0x63, 0x1d, 
	0x6b, 0x5d, 0x6b, 0x5d, 0x4a, 0x99, 0x09, 0x11, 
	0x01, 0x0f, 0x01, 0x0f, 0x01, 0x0f, 0x01, 0x0f, 
	0x01, 0x11, 0x01, 0x11, 0x01, 0x11, 0x21, 0xd5, 
	0x09, 0x11, 0x09, 0x11, 0x09, 0x11, 0x09, 0x11, 
	0x21, 0x93, 0x32, 0x17, 0x21, 0x93, 0x32, 0x17, 
	0x4a, 0x99, 0x31, 0xd5, 0x31, 0xd5, 0x11, 0x51, 
	0x01, 0x0f, 0x01, 0x0f, 0x01, 0x0f, 0x52, 0x99, 
	0x63, 0x1b, 0x63, 0x1b, 0x4a, 0x97, 0x63, 0x1b, 
	0xa4, 0xa1, 0xa4, 0xa1, 0xa4, 0xa1, 0xee, 0x29, 
	0xf6, 0x69, 0xe5, 0xe7, 0xf6, 0x69, 0xee, 0x29, 
	0xe6, 0x27, 0xfe, 0xed, 0xf6, 0x6b, 0xf6, 0x6b, 
	0xfe, 0xab, 0xfe, 0xab, 0xe5, 0xe7, 0xe5, 0xe7, 
	0xee, 0x27, 0xf6, 0xed, 0xf6, 0xed, 0xf6, 0x69, 
	0xee, 0x29, 0xee, 0x29, 0xf6, 0xab, 0xee, 0x29, 
	0xee, 0x6b, 0xfe, 0xed, 0xfe, 0xed, 0xee, 0x6b, 
	0xee, 0x69, 0xee, 0x69, 0xee, 0x69, 0xfe, 0xeb, 
	0xf6, 0xab, 0xee, 0x69, 0xe5, 0xe5, 0xee, 0x69, 
	0xee, 0x69, 0xd5, 0xa5, 0xd5, 0xa5, 0xee, 0x69, 
	0xf6, 0x69, 0xf6, 0x69, 0xf6, 0x69, 0xf6, 0x69, 
	0xf6, 0x69, 0xdd, 0xa5, 0xac, 0x5f, 0xdd, 0xa5, 
	0xcd, 0x63, 0xbc, 0xe1, 0xbc, 0xe1, 0xcd, 0x63, 
	0xdd, 0xe5, 0x9c, 0x5f, 0xbd, 0x23, 0xdd, 0xe5, 
	0xcd, 0x63, 0xcd, 0x63, 0xee, 0x29, 0xee, 0x29, 
	0xc5, 0x23, 0xc5, 0x23, 0xdd, 0xe5, 0xdd, 0xe5, 
	0xd5, 0xa5, 0xd5, 0xa5, 0xd5, 0xa5, 0xb4, 0xa1, 
	0xe5, 0xe5, 0xe5, 0xe5, 0xe5, 0xe5, 0xe5, 0xe5, 
	0xe5, 0xe5, 0xe5, 0xe5, 0xe5, 0xe5, 0xe5, 0xe5, 
	0xe5, 0xe5, 0xe5, 0xe5, 0xe5, 0xe5, 0xe5, 0xe5, 
	0xe5, 0xe5, 0xe5, 0xe5, 0xe5, 0xe5, 0xe5, 0xe5, 
	0xe5, 0xe5, 0xe5, 0xe5, 0xe5, 0xe5, 0xe5, 0xe5, 
	0xe5, 0xe5, 0xe5, 0xe5, 0xe5, 0xe5, 0xe5, 0xe5, 
	0xe5, 0xe5, 0xe5, 0xe5, 0xe5, 0xe5, 0xe5, 0xe5, 
	0xe5, 0xe5, 0xe5, 0xe5, 0xe5, 0xe5, 0xe5, 0xe5, 
	0xe5, 0xe5, 0xe5, 0xe5, 0xe5, 0xe5, 0xe5, 0xe5, 
	0xe5, 0xe5, 0xe5, 0xe5, 0xe5, 0xe5, 0xe5, 0xe5, 
	0xe5, 0xe5, 0xe5, 0xe5, 0xe5, 0xe5, 0xe5, 0xe5, 
	0xe5, 0xe5, 0xe5, 0xe5, 0xe5, 0xe5, 0xe5, 0xe5, 
	0xe5, 0xe5, 0xe5, 0xe5, 0xe5, 0xe5, 0xe5, 0xe5, 
	0xe5, 0xe5, 0xe5, 0xe5, 0xe5, 0xe5, 0xe5, 0xe5, 
	0xe5, 0xe5, 0xe5, 0xe5, 0xe5, 0xe5, 0xe5, 0xe5, 
	0xe5, 0xe5, 0xe5, 0xe5, 0xe5, 0xe5, 0xe5, 0xe5, 
	0xe5, 0xe5, 0xe5, 0xe5, 0xe5, 0xe5, 0xe5, 0xe5, 
	0xe5, 0xe5, 0xe5, 0xe5, 0xdd, 0xe5, 0xd5, 0xa5, 
	0xac, 0x9f, 0xac, 0x9f, 0xac, 0x9f, 0x5a, 0xd9, 
	0xac, 0xa1, 0x73, 0x5d, 0x73, 0x5d, 0xac, 0xa1, 
	0x83, 0xdd, 0xb4, 0xa3, 0x83, 0xdd, 0x5a, 0xd9, 
	0x63, 0x1b, 0x9c, 0x61, 0x63, 0x1b, 0x29, 0xd5, 
	0x29, 0xd5, 0x29, 0xd5, 0x29, 0xd5, 0x63, 0x1b, 
	0x5b, 0x19, 0xa4, 0xa1, 0x19, 0x93, 0x19, 0x93, 
	0x3a, 0x17, 0x3a, 0x17, 0xb4, 0xe3, 0xf6, 0x69, 
	0xee, 0x27, 0x83, 0x9d, 0xee, 0x27, 0xee, 0x27, 
	0xe6, 0x27, 0xe6, 0x27, 0xe6, 0x27, 0xe6, 0x27, 
	0xf6, 0xef, 0xff, 0xb3, 0xf6, 0xef, 0xe6, 0x29, 
	0x63, 0x1b, 0x21, 0x95, 0x21, 0x95, 0x21, 0x95, 
	0x19, 0x93, 0x19, 0x93, 0x52, 0xd9, 0x52, 0xd9, 
	0x42, 0x57, 0x42, 0x57, 0x42, 0x57, 0xac, 0xa3, 
	0x09, 0x11, 0x3a, 0x57, 0x3a, 0x57, 0x3a, 0x57, 
	0x7b, 0x5d, 0x7b, 0x5d, 0x7b, 0x5d, 0x7b, 0x5d, 
	0x42, 0x57, 0x5b, 0x19, 0x5b, 0x19, 0x42, 0x57, 
	0x21, 0x93, 0x63, 0x1b, 0xe6, 0x29, 0x21, 0x93, 
	0x09, 0x51, 0x09, 0x51, 0x09, 0x51, 0x09, 0x51, 
	0x11, 0x53, 0x11, 0x53, 0x42, 0x57, 0x11, 0x53, 
	0x09, 0x11, 0x42, 0x57, 0x09, 0x11, 0x09, 0x11, 
	0x01, 0x0f, 0x01, 0x0f, 0x3a, 0x15, 0x6b, 0x5d, 
	0x83, 0xdf, 0x83, 0xdf, 0x83, 0xdf, 0x83, 0xdf, 
	0x6b, 0x5b, 0x42, 0x57, 0x11, 0x51, 0x42, 0x57, 
	0x32, 0x17, 0x32, 0x17, 0x32, 0x17, 0x01, 0x11, 
	0x09, 0x11, 0x09, 0x11, 0x09, 0x11, 0x3a, 0x57, 
	0x01, 0x0f, 0x01, 0x0f, 0x01, 0x0f, 0x01, 0x0f, 
	0x09, 0x11, 0x09, 0x11, 0x09, 0x11, 0x3a, 0x57, 
	0x00, 0xd1, 0x00, 0xd1, 0x00, 0xd1, 0x00, 0xd1, 
	0x09, 0x51, 0x09, 0x51, 0x09, 0x51, 0x09, 0x51, 
	0x11, 0x51, 0x52, 0xd9, 0x52, 0xd9, 0xd5, 0xa7, 
	0xfe, 0xed, 0xf6, 0xab, 0xf6, 0x69, 0xf6, 0x69, 
	0xfe, 0xed, 0xf6, 0x6b, 0xf6, 0x6b, 0xe6, 0x27, 
	0xe5, 0xe7, 0xe5, 0xe7, 0xdd, 0xa3, 0xe5, 0xe7, 
	0xdd, 0xa7, 0xfe, 0xed, 0xee, 0x69, 0xee, 0x69, 
	0xf6, 0x69, 0xf6, 0xab, 0xfe, 0xed, 0xee, 0x27, 
	0xde, 0x29, 0xde, 0x29, 0xde, 0x29, 0xde, 0x29, 
	0xfe, 0xeb, 0xe5, 0xe7, 0xee, 0x29, 0xee, 0x29, 
	0xd5, 0xa5, 0xd5, 0xa5, 0xee, 0x27, 0xee, 0x27, 
	0xf6, 0x69, 0xf6, 0x69, 0xfe, 0xeb, 0xf6, 0x69, 
	0xfe, 0xed, 0xfe, 0xed, 0xf6, 0x6b, 0xf6, 0x6b, 
	0xf6, 0x69, 0xf6, 0x69, 0xbc, 0xe1, 0x9c, 0x1d, 
	0xb4, 0xa1, 0xb4, 0xa1, 0xb4, 0xa1, 0xe6, 0x27, 
	0xdd, 0xe7, 0xf6, 0x69, 0xb4, 0xa1, 0xb4, 0xa1, 
	0xd5, 0xa5, 0xbc, 0xe1, 0xd5, 0xa5, 0xe6, 0x27, 
	0xd5, 0xa3, 0xc5, 0x23, 0xe5, 0xe5, 0xe5, 0xe5, 
	0xe5, 0xe7, 0xe5, 0xe7, 0xe5, 0xe7, 0x9c, 0x1f, 
	0x9c, 0x1f, 0xe5, 0xe5, 0xe5, 0xe5, 0xe5, 0xe5, 
	0xe5, 0xe5, 0xe5, 0xe5, 0xe5, 0xe5, 0xe5, 0xe5, 
	0xe5, 0xe5, 0xe5, 0xe5, 0xe5, 0xe5, 0xe5, 0xe5, 
	0xe5, 0xe5, 0xe5, 0xe5, 0xe5, 0xe5, 0xe5, 0xe5, 
	0xe5, 0xe5, 0xe5, 0xe5, 0xe5, 0xe5, 0xe5, 0xe5, 
	0xe5, 0xe5, 0xe5, 0xe5, 0xe5, 0xe5, 0xe5, 0xe5, 
	0xe5, 0xe5, 0xe5, 0xe5, 0xe5, 0xe5, 0xe5, 0xe5, 
	0xe5, 0xe5, 0xe5, 0xe5, 0xe5, 0xe5, 0xe5, 0xe5, 
	0xe5, 0xe5, 0xe5, 0xe5, 0xe5, 0xe5, 0xe5, 0xe5, 
	0xe5, 0xe5, 0xe5, 0xe5, 0xe5, 0xe5, 0xe5, 0xe5, 
	0xe5, 0xe5, 0xe5, 0xe5, 0xe5, 0xe5, 0xe5, 0xe5, 
	0xe5, 0xe5, 0xe5, 0xe5, 0xe5, 0xe5, 0xe5, 0xe5, 
	0xe5, 0xe5, 0xe5, 0xe5, 0xe5, 0xe5, 0xe5, 0xe5, 
	0xe5, 0xe5, 0xe5, 0xe5, 0xe5, 0xe5, 0xe5, 0xe5, 
	0xe5, 0xe5, 0xe5, 0xe5, 0xe5, 0xe5, 0xe5, 0xe5, 
	0xe5, 0xe5, 0xe5, 0xe5, 0xe5, 0xe5, 0xe5, 0xe5, 
	0xe5, 0xe5, 0xe5, 0xe5, 0xe5, 0xe5, 0xe5, 0xe5, 
	0xe5, 0xe5, 0xe5, 0xe5, 0xdd, 0xa5, 0xd5, 0xa5, 
	0xac, 0x9f, 0xac, 0x9f, 0x83, 0xdd, 0x83, 0xdd, 
	0xe5, 0xe7, 0xac, 0xa1, 0x3a, 0x17, 0x73, 0x5d, 
	0x5a, 0xd9, 0x5a, 0xd9, 0xdd, 0xa7, 0x83, 0xdd, 
	0x63, 0x1b, 0x29, 0xd5, 0x29, 0xd5, 0x29, 0xd5, 
	0x29, 0xd5, 0x29, 0xd5, 0x63, 0x1b, 0xa4, 0xa1, 
	0x5b, 0x19, 0xe6, 0x27, 0xa4, 0xa1, 0x19, 0x93, 
	0x7b, 0x9d, 0xb4, 0xe3, 0xf6, 0x69, 0xf6, 0x69, 
	0xee, 0x27, 0x4a, 0x99, 0xb4, 0xe3, 0xb4, 0xe3, 
	0xe6, 0x27, 0xe6, 0x27, 0x8b, 0xdd, 0xe6, 0x27, 
	0xf6, 0xef, 0xf6, 0xef, 0xf6, 0xef, 0xdd, 0x65, 
	0xdd, 0xe7, 0x21, 0x95, 0x63, 0x1b, 0x63, 0x1b, 
	0x19, 0x93, 0x52, 0xd9, 0x52, 0xd9, 0x19, 0x93, 
	0x11, 0x51, 0x11, 0x51, 0x11, 0x51, 0x42, 0x57, 
	0x3a, 0x57, 0x9c, 0x61, 0x3a, 0x57, 0x3a, 0x57, 
	0xac, 0xa1, 0x42, 0x57, 0x11, 0x53, 0x11, 0x53, 
	0x42, 0x57, 0x21, 0x93, 0x21, 0x93, 0x21, 0x93, 
	0x21, 0x93, 0x21, 0x93, 0xe6, 0x29, 0xa4, 0xa1, 
	0x6b, 0x5d, 0x6b, 0x5d, 0x6b, 0x5d, 0x6b, 0x5d, 
	0x11, 0x53, 0x11, 0x53, 0x42, 0x57, 0x11, 0x53, 
	0x42, 0x57, 0xb4, 0xe3, 0x7b, 0x9d, 0x42, 0x57, 
	0x3a, 0x15, 0x01, 0x0f, 0x01, 0x0f, 0x01, 0x0f, 
	0x21, 0x95, 0x21, 0x95, 0x21, 0x95, 0x21, 0x95, 
	0x11, 0x51, 0x6b, 0x5b, 0x42, 0x57, 0x9c, 0x61, 
	0x6b, 0x1b, 0x6b, 0x1b, 0x9c, 0x21, 0x32, 0x17, 
	0x3a, 0x57, 0x3a, 0x57, 0x3a, 0x57, 0xa4, 0xa3, 
	0x63, 0x1b, 0x21, 0xd3, 0x01, 0x0f, 0x42, 0x57, 
	0x73, 0x5b, 0x73, 0x5b, 0x3a, 0x57, 0xa4, 0xa1, 
	0x4a, 0x99, 0x4a, 0x99, 0x4a, 0x99, 0x00, 0xd1, 
	0x09, 0x51, 0x09, 0x51, 0x09, 0x51, 0x09, 0x51, 
	0x11, 0x51, 0x11, 0x51, 0x11, 0x51, 0xd5, 0xa7, 
	0xfe, 0xed, 0xf6, 0x69, 0xfe, 0xed, 0xff, 0x2f, 
	0xfe, 0xed, 0xf6, 0x6b, 0xe6, 0x27, 0xe6, 0x27, 
	0xfe, 0xed, 0xe5, 0xe7, 0xfe, 0xed, 0xfe, 0xed, 
	0xee, 0x69, 0xfe, 0xed, 0xee, 0x69, 0xee, 0x69, 
	0xf6, 0xab, 0xf6, 0xab, 0xfe, 0xed, 0xee, 0x27, 
	0xde, 0x29, 0xde, 0x29, 0xc4, 0xe1, 0xde, 0x29, 
	0xfe, 0xeb, 0xe5, 0xe7, 0xee, 0x29, 0xee, 0x29, 
	0xee, 0x27, 0xf6, 0xa9, 0xee, 0x27, 0xee, 0x27, 
	0xe5, 0xe7, 0xdd, 0xa5, 0xfe, 0xeb, 0xfe, 0xeb, 
	0xf6, 0x6b, 0xe6, 0x27, 0xdd, 0xe5, 0xf6, 0x6b, 
	0xf6, 0x69, 0xf6, 0x69, 0xd5, 0xa5, 0xd5, 0xa5, 
	0xc5, 0x23, 0xc5, 0x23, 0xd5, 0xa5, 0xe6, 0x27, 
	0xdd, 0xe7, 0xdd, 0xe7, 0xcd, 0x63, 0xcd, 0x63, 
	0xd5, 0xa5, 0xd5, 0xa5, 0xe6, 0x27, 0xd5, 0xa5, 
	0xe5, 0xe5, 0xe5, 0xe5, 0xe5, 0xe5, 0xe5, 0xe5, 
	0xe5, 0xe7, 0xe5, 0xe7, 0xe5, 0xe7, 0x9c, 0x1f, 
	0x9c, 0x1f, 0xe5, 0xe5, 0xe5, 0xe5, 0xe5, 0xe5, 
	0xe5, 0xe5, 0xe5, 0xe5, 0xe5, 0xe5, 0xe5, 0xe5, 
	0xe5, 0xe5, 0xe5, 0xe5, 0xe5, 0xe5, 0xe5, 0xe5, 
	0xe5, 0xe5, 0xe5, 0xe5, 0xe5, 0xe5, 0xe5, 0xe5, 
	0xe5, 0xe5, 0xe5, 0xe5, 0xe5, 0xe5, 0xe5, 0xe5, 
	0xe5, 0xe5, 0xe5, 0xe5, 0xe5, 0xe5, 0xe5, 0xe5, 
	0xe5, 0xe5, 0xe5, 0xe5, 0xe5, 0xe5, 0xe5, 0xe5, 
	0xe5, 0xe5, 0xe5, 0xe5, 0xe5, 0xe5, 0xe5, 0xe5, 
	0xe5, 0xe5, 0xe5, 0xe5, 0xe5, 0xe5, 0xe5, 0xe5, 
	0xe5, 0xe5, 0xe5, 0xe5, 0xe5, 0xe5, 0xe5, 0xe5, 
	0xdd, 0xe5, 0xdd, 0xe5, 0xdd, 0xe5, 0xdd, 0xe5, 
	0xe5, 0xe5, 0xe5, 0xe5, 0xe5, 0xe5, 0xe5, 0xe5, 
	0xe5, 0xe5, 0xe5, 0xe5, 0xe5, 0xe5, 0xe5, 0xe5, 
	0xe5, 0xe5, 0xe5, 0xe5, 0xe5, 0xe5, 0xe5, 0xe5, 
	0xe5, 0xe5, 0xe5, 0xe5, 0xe5, 0xe5, 0xe5, 0xe5, 
	0xe5, 0xe5, 0xe5, 0xe5, 0xe5, 0xe5, 0xe5, 0xe5, 
	0xe5, 0xe5, 0xe5, 0xe5, 0xe5, 0xe5, 0xe5, 0xe5, 
	0xe5, 0xe5, 0xe5, 0xe5, 0xe5, 0xe5, 0xe5, 0xe5, 
	0xd5, 0x63, 0x83, 0xdd, 0x5a, 0xd9, 0x5a, 0xd9, 
	0x73, 0x5d, 0x3a, 0x17, 0x73, 0x5d, 0xac, 0xa1, 
	0x5a, 0xd9, 0x5a, 0xd9, 0xb4, 0xa3, 0x83, 0xdd, 
	0xd5, 0xa7, 0x29, 0xd5, 0x9c, 0x61, 0xd5, 0xa7, 
	0x63, 0x1b, 0x29, 0xd5, 0x29, 0xd5, 0xa4, 0xa1, 
	0x5b, 0x19, 0xa4, 0xa1, 0xe6, 0x27, 0xa4, 0xa1, 
	0x7b, 0x9d, 0xb4, 0xe3, 0xb4, 0xe3, 0x3a, 0x17, 
	0x83, 0x9d, 0x4a, 0x99, 0x83, 0x9d, 0xee, 0x27, 
	0xe6, 0x27, 0xe6, 0x27, 0x8b, 0xdd, 0xe6, 0x27, 
	0xe6, 0x29, 0xe6, 0x29, 0xff, 0xb3, 0xe6, 0x29, 
	0xdd, 0xe7, 0x9c, 0x61, 0x63, 0x1b, 0x9c, 0x61, 
	0xbd, 0x25, 0xbd, 0x25, 0xbd, 0x25, 0x19, 0x93, 
	0x42, 0x57, 0x11, 0x51, 0x42, 0x57, 0x7b, 0x9d, 
	0x3a, 0x57, 0x6b, 0x5b, 0x3a, 0x57, 0x09, 0x11, 
	0x7b, 0x5d, 0xac, 0xa1, 0x11, 0x53, 0x11, 0x53, 
	0x09, 0x11, 0x09, 0x11, 0x09, 0x11, 0x42, 0x57, 
	0x21, 0x93, 0x21, 0x93, 0xa4, 0xa1, 0xa4, 0xa1, 
	0x29, 0xd5, 0x6b, 0x5d, 0x6b, 0x5d, 0x6b, 0x5d, 
	0x6b, 0x5b, 0x6b, 0x5b, 0x9c, 0x5f, 0x9c, 0x5f, 
	0xb4, 0xe3, 0xb4, 0xe3, 0xb4, 0xe3, 0xb4, 0xe3, 
	0x6b, 0x5d, 0x6b, 0x5d, 0x3a, 0x15, 0x3a, 0x15, 
	0x21, 0x95, 0x21, 0x95, 0x21, 0x95, 0x21, 0x95, 
	0x11, 0x51, 0x11, 0x51, 0x11, 0x51, 0x11, 0x51, 
	0x01, 0x11, 0x01, 0x11, 0x32, 0x17, 0x32, 0x17, 
	0x09, 0x11, 0x3a, 0x57, 0x3a, 0x57, 0x3a, 0x57, 
	0x63, 0x1b, 0x63, 0x1b, 0x63, 0x1b, 0x42, 0x57, 
	0x3a, 0x57, 0x09, 0x11, 0x09, 0x11, 0x3a, 0x57, 
	0x4a, 0x99, 0x29, 0xd5, 0x73, 0x9d, 0x73, 0x9d, 
	0x29, 0xd5, 0x29, 0xd5, 0x09, 0x51, 0x09, 0x51, 
	0x11, 0x51, 0x11, 0x51, 0x11, 0x51, 0xd5, 0xa7, 
	0xf6, 0x69, 0xf6, 0x69, 0xff, 0x2f, 0xff, 0x2f, 
	0xfe, 0xed, 0xe6, 0x27, 0xdd, 0xa5, 0xe6, 0x27, 
	0xf6, 0x69, 0xf6, 0x69, 0xe5, 0xe7, 0xf6, 0x69, 
	0xfe, 0xed, 0xfe, 0xed, 0xfe, 0xed, 0xee, 0x69, 
	0xee, 0x27, 0xee, 0x27, 0xee, 0x27, 0xee, 0x27, 
	0xa3, 0x59, 0xc4, 0xe1, 0xde, 0x29, 0xff, 0xb1, 
	0xfe, 0xeb, 0xfe, 0xeb, 0xee, 0x29, 0xf6, 0x69, 
	0xd5, 0xa5, 0xf6, 0xa9, 0xee, 0x27, 0xd5, 0xa5, 
	0xdd, 0xa5, 0xdd, 0xa5, 0xe5, 0xe7, 0xf6, 0x69, 
	0xe6, 0x27, 0xe6, 0x27, 0xe6, 0x27, 0xf6, 0x6b, 
	0xf6, 0x69, 0xf6, 0x69, 0xf6, 0x69, 0xd5, 0xa5, 
	0xd5, 0xa5, 0xc5, 0x23, 0xc5, 0x23, 0xd5, 0xa5, 
	0xdd, 0xe7, 0xf6, 0x69, 0xdd, 0xe7, 0xdd, 0xe7, 
	0xd5, 0xa5, 0xe6, 0x27, 0xe6, 0x27, 0xd5, 0xa5, 
	0xe5, 0xe5, 0xd5, 0xa3, 0xe5, 0xe5, 0xe5, 0xe5, 
	0xb4, 0xa1, 0xcd, 0x65, 0xcd, 0x65, 0x9c, 0x1f, 
	0x9c, 0x1f, 0xb4, 0xa1, 0xcd, 0x63, 0xe5, 0xe5, 
	0xe5, 0xe5, 0xe5, 0xe5, 0xe5, 0xe5, 0xe5, 0xe5, 
	0xe5, 0xe5, 0xe5, 0xe5, 0xe5, 0xe5, 0xe5, 0xe5, 
	0xe5, 0xe5, 0xe5, 0xe5, 0xe5, 0xe5, 0xe5, 0xe5, 
	0xe5, 0xe5, 0xe5, 0xe5, 0xe5, 0xe5, 0xe5, 0xe5, 
	0xe5, 0xe5, 0xe5, 0xe5, 0xe5, 0xe5, 0xe5, 0xe5, 
	0xe5, 0xe5, 0xe5, 0xe5, 0xe5, 0xe5, 0xe5, 0xe5, 
	0xe5, 0xe5, 0xe5, 0xe5, 0xe5, 0xe5, 0xe5, 0xe5, 
	0xe5, 0xe5, 0xe5, 0xe5, 0xe5, 0xe5, 0xe5, 0xe5, 
	0xe5, 0xe5, 0xe5, 0xe5, 0xe5, 0xe5, 0xe5, 0xe5, 
	0xdd, 0xe5, 0xdd, 0xe5, 0xdd, 0xe5, 0xdd, 0xe5, 
	0xe5, 0xe5, 0xe5, 0xe5, 0xe5, 0xe5, 0xe5, 0xe5, 
	0xe5, 0xe5, 0xe5, 0xe5, 0xe5, 0xe5, 0xe5, 0xe5, 
	0xe5, 0xe5, 0xe5, 0xe5, 0xe5, 0xe5, 0xe5, 0xe5, 
	0xe5, 0xe5, 0xe5, 0xe5, 0xe5, 0xe5, 0xe5, 0xe5, 
	0xe5, 0xe5, 0xe5, 0xe5, 0xe5, 0xe5, 0xe5, 0xe5, 
	0xe5, 0xe5, 0xe5, 0xe5, 0xe5, 0xe5, 0xe5, 0xe5, 
	0xe5, 0xe5, 0xe5, 0xe5, 0xe5, 0xe5, 0xe5, 0xe5, 
	0xd5, 0x63, 0xd5, 0x63, 0x83, 0xdd, 0x5a, 0xd9, 
	0x73, 0x5d, 0x73, 0x5d, 0x73, 0x5d, 0xac, 0xa1, 
	0xb4, 0xa3, 0x83, 0xdd, 0xdd, 0xa7, 0xb4, 0xa3, 
	0xd5, 0xa7, 0x63, 0x1b, 0x9c, 0x61, 0xd5, 0xa7, 
	0xdd, 0xe7, 0x29, 0xd5, 0x29, 0xd5, 0x63, 0x1b, 
	0x19, 0x93, 0x19, 0x93, 0xe6, 0x27, 0xa4, 0xa1, 
	0x7b, 0x9d, 0xb4, 0xe3, 0x7b, 0x9d, 0x3a, 0x17, 
	0x4a, 0x99, 0x4a, 0x99, 0x4a, 0x99, 0xee, 0x27, 
	0xe6, 0x27, 0xbd, 0x23, 0x62, 0xd9, 0xe6, 0x27, 
	0xe6, 0x29, 0xf6, 0xef, 0xff, 0xb3, 0xff, 0xb3, 
	0xdd, 0xe7, 0x63, 0x1b, 0x21, 0x95, 0x21, 0x95, 
	0x52, 0xd9, 0x83, 0xdf, 0x52, 0xd9, 0x19, 0x93, 
	0x42, 0x57, 0x42, 0x57, 0xac, 0xa3, 0x7b, 0x9d, 
	0x09, 0x11, 0x3a, 0x57, 0x09, 0x11, 0x09, 0x11, 
	0x42, 0x57, 0xac, 0xa1, 0xac, 0xa1, 0x42, 0x57, 
	0x21, 0x93, 0x09, 0x11, 0x09, 0x11, 0x5b, 0x19, 
	0x21, 0x93, 0x21, 0x93, 0x21, 0x93, 0x21, 0x93, 
	0x09, 0x51, 0x29, 0xd5, 0x09, 0x51, 0x09, 0x51, 
	0x11, 0x53, 0x11, 0x53, 0x6b, 0x5b, 0x6b, 0x5b, 
	0x09, 0x11, 0x42, 0x57, 0x42, 0x57, 0x7b, 0x9d, 
	0x6b, 0x5d, 0x6b, 0x5d, 0x6b, 0x5d, 0xa4, 0x63, 
	0xb4, 0xe3, 0x83, 0xdf, 0xb4, 0xe3, 0x83, 0xdf, 
	0x6b, 0x5b, 0x6b, 0x5b, 0x6b, 0x5b, 0x11, 0x51, 
	0x01, 0x11, 0x01, 0x11, 0x01, 0x11, 0x01, 0x11, 
	0x09, 0x11, 0x09, 0x11, 0x09, 0x11, 0x09, 0x11, 
	0x01, 0x0f, 0x01, 0x0f, 0x21, 0xd3, 0x21, 0xd3, 
	0x09, 0x11, 0x09, 0x11, 0x09, 0x11, 0x09, 0x11, 
	0x29, 0xd5, 0x29, 0xd5, 0x29, 0xd5, 0x29, 0xd5, 
	0x73, 0x5d, 0x73, 0x5d, 0x73, 0x5d, 0x73, 0x5d, 
	0x52, 0xd9, 0x52, 0xd9, 0x94, 0x5f, 0xd5, 0xa7, 
	0xf6, 0x69, 0xfe, 0xed, 0xf6, 0xab, 0xf6, 0x69, 
	0xfe, 0xed, 0xfe, 0xed, 0xfe, 0xed, 0xfe, 0xed, 
	0xfe, 0xed, 0xfe, 0xed, 0xf6, 0x69, 0xf6, 0x69, 
	0xfe, 0xed, 0xfe, 0xed, 0xfe, 0xed, 0xcd, 0x23, 
	0xee, 0x27, 0xee, 0x27, 0xee, 0x27, 0xfe, 0xed, 
	0xde, 0x29, 0xde, 0x29, 0xff, 0xb1, 0xff, 0xb1, 
	0xfe, 0xeb, 0xf6, 0x69, 0xfe, 0xeb, 0xee, 0x29, 
	0xd5, 0xa5, 0xf6, 0xa9, 0xd5, 0xa5, 0xee, 0x27, 
	0xf6, 0x69, 0xf6, 0x69, 0xdd, 0xa5, 0xe5, 0xe7, 
	0xf6, 0x6b, 0xdd, 0xe5, 0xdd, 0xe5, 0xe6, 0x27, 
	0xd5, 0xa5, 0xf6, 0x69, 0xf6, 0x69, 0xd5, 0xa5, 
	0xe6, 0x27, 0xe6, 0x27, 0xc5, 0x23, 0xd5, 0xa5, 
	0xf6, 0x69, 0xf6, 0x69, 0xdd, 0xe7, 0xb4, 0xa1, 
	0xcd, 0x23, 0xd5, 0xa5, 0xe6, 0x27, 0xbc, 0xe1, 
	0xb4, 0xe1, 0xd5, 0xa3, 0xe5, 0xe5, 0xe5, 0xe5, 
	0xb4, 0xa1, 0xb4, 0xa1, 0xe5, 0xe7, 0xcd, 0x65, 
	0xcd, 0x63, 0xcd, 0x63, 0xcd, 0x63, 0xe5, 0xe5, 
	0xe5, 0xe5, 0xe5, 0xe5, 0xe5, 0xe5, 0xe5, 0xe5, 
	0xe5, 0xe5, 0xe5, 0xe5, 0xe5, 0xe5, 0xe5, 0xe5, 
	0xe5, 0xe5, 0xe5, 0xe5, 0xe5, 0xe5, 0xe5, 0xe5, 
	0xe5, 0xe5, 0xe5, 0xe5, 0xe5, 0xe5, 0xe5, 0xe5, 
	0xe5, 0xe5, 0xe5, 0xe5, 0xe5, 0xe5, 0xe5, 0xe5, 
	0xe5, 0xe5, 0xe5, 0xe5, 0xe5, 0xe5, 0xe5, 0xe5, 
	0xe5, 0xe5, 0xe5, 0xe5, 0xe5, 0xe5, 0xe5, 0xe5, 
	0xe5, 0xe5, 0xe5, 0xe5, 0xe5, 0xe5, 0xe5, 0xe5, 
	0xe5, 0xe5, 0xe5, 0xe5, 0xe5, 0xe5, 0xe5, 0xe5, 
	0xdd, 0xe5, 0xdd, 0xe5, 0xdd, 0xe5, 0xdd, 0xe5, 
	0xdd, 0xe5, 0xdd, 0xe5, 0xdd, 0xe5, 0xdd, 0xe5, 
	0xdd, 0xe5, 0xdd, 0xe5, 0xdd, 0xe5, 0xdd, 0xe5, 
	0xdd, 0xe5, 0xdd, 0xe5, 0xdd, 0xe5, 0xdd, 0xe5, 
	0xdd, 0xe5, 0xdd, 0xe5, 0xe5, 0xe5, 0xe5, 0xe5, 
	0xe5, 0xe5, 0xe5, 0xe5, 0xe5, 0xe5, 0xe5, 0xe5, 
	0xe5, 0xe5, 0xe5, 0xe5, 0xe5, 0xe5, 0xe5, 0xe5, 
	0xdd, 0xe5, 0xdd, 0xe5, 0xdd, 0xe5, 0xdd, 0xe5, 
	0xd5, 0xa5, 0xd5, 0xa5, 0xd5, 0xa5, 0xa4, 0xa1, 
	0x52, 0xd9, 0xac, 0x9f, 0xac, 0x9f, 0xac, 0x9f, 
	0xc5, 0x23, 0x6b, 0x5d, 0x42, 0x59, 0x6b, 0x5d, 
	0x7b, 0x9d, 0x7b, 0x9d, 0x7b, 0x9d, 0xac, 0xa3, 
	0x73, 0x5d, 0x19, 0x53, 0xa4, 0x61, 0xa4, 0x61, 
	0xcd, 0x67, 0x63, 0x1b, 0x9c, 0x21, 0x31, 0xd5, 
	0x9c, 0x61, 0xd5, 0xa7, 0x9c, 0x61, 0x5a, 0xd9, 
	0x4a, 0x97, 0x4a, 0x97, 0x19, 0x93, 0xac, 0xa1, 
	0xd5, 0xa5, 0x8b, 0xdd, 0x62, 0xd9, 0x62, 0xd9, 
	0xac, 0xa3, 0xd5, 0xe9, 0xff, 0x2f, 0xff, 0x2f, 
	0xc5, 0xe9, 0x52, 0x59, 0x8c, 0x21, 0x52, 0x59, 
	0x21, 0x95, 0x21, 0x95, 0x21, 0x95, 0x52, 0x99, 
	0x19, 0x93, 0x19, 0x93, 0x19, 0x93, 0x19, 0x93, 
	0x11, 0x53, 0x11, 0x53, 0x11, 0x53, 0x42, 0x57, 
	0x29, 0xd5, 0x29, 0xd5, 0x63, 0x1b, 0x63, 0x1b, 
	0x3a, 0x57, 0x09, 0x11, 0x29, 0xd5, 0x29, 0xd5, 
	0x32, 0x15, 0x11, 0x51, 0x32, 0x15, 0x7b, 0x9d, 
	0x3a, 0x55, 0x73, 0x5d, 0x3a, 0x55, 0x3a, 0x55, 
	0x09, 0x11, 0x09, 0x11, 0x09, 0x11, 0x63, 0x1b, 
	0x09, 0x51, 0x09, 0x51, 0x09, 0x51, 0x09, 0x51, 
	0x09, 0x11, 0x09, 0x11, 0x09, 0x11, 0x42, 0x57, 
	0x29, 0xd5, 0x4a, 0x97, 0x6b, 0x5b, 0x6b, 0x5b, 
	0x6b, 0x5d, 0x6b, 0x5d, 0x6b, 0x5d, 0x6b, 0x5d, 
	0x4a, 0x99, 0x73, 0x5d, 0x73, 0x5d, 0x73, 0x5d, 
	0x3a, 0x55, 0x3a, 0x55, 0x3a, 0x55, 0x01, 0x0f, 
	0x09, 0x11, 0x09, 0x11, 0x09, 0x11, 0x09, 0x11, 
	0x01, 0x0f, 0x01, 0x0f, 0x01, 0x0f, 0x01, 0x0f, 
	0x11, 0x51, 0xa4, 0x61, 0x11, 0x51, 0x11, 0x51, 
	0x21, 0x93, 0x21, 0x93, 0x63, 0x19, 0x63, 0x19, 
	0x6b, 0x5b, 0xac, 0xa3, 0x29, 0xd5, 0x6b, 0x5b, 
	0xfe, 0xeb, 0xfe, 0xeb, 0xfe, 0xeb, 0xfe, 0xeb, 
	0xf6, 0xab, 0xff, 0x2d, 0xff, 0x2d, 0xff, 0x2d, 
	0xee, 0x6b, 0xe5, 0xe7, 0xfe, 0xed, 0xfe, 0xed, 
	0xe6, 0x2b, 0xe6, 0x2b, 0xe6, 0x2b, 0xbc, 0xa1, 
	0xfe, 0xed, 0xfe, 0xed, 0xfe, 0xed, 0xe6, 0x29, 
	0xf6, 0xab, 0xf6, 0x69, 0xf6, 0xab, 0xfe, 0xed, 
	0xee, 0x29, 0xf6, 0x6b, 0xf6, 0x6b, 0xfe, 0xed, 
	0xf6, 0xab, 0xfe, 0xed, 0xf6, 0x69, 0xf6, 0x69, 
	0xee, 0x27, 0xdd, 0xe7, 0xd5, 0xa5, 0xee, 0x27, 
	0xee, 0x29, 0xcd, 0x65, 0xee, 0x29, 0xcd, 0x65, 
	0xd5, 0xa5, 0xdd, 0xe7, 0xdd, 0xe7, 0xd5, 0xa5, 
	0xbc, 0xe3, 0xbc, 0xe3, 0xcd, 0x63, 0xcd, 0x63, 
	0xd5, 0xa5, 0xd5, 0xa5, 0xd5, 0xa5, 0xbc, 0xe1, 
	0xbc, 0xe3, 0xe5, 0xe5, 0xe5, 0xe5, 0xd5, 0xa5, 
	0xe5, 0xe7, 0x9c, 0x5f, 0xe5, 0xe7, 0xe5, 0xe7, 
	0xa4, 0x5f, 0xb4, 0xe1, 0xcd, 0x23, 0xdd, 0xa5, 
	0xd5, 0xa5, 0xac, 0xa1, 0xbc, 0xe3, 0xd5, 0xa5, 
	0xe5, 0xe5, 0xe5, 0xe5, 0xe5, 0xe5, 0xe5, 0xe5, 
	0xe5, 0xe5, 0xe5, 0xe5, 0xe5, 0xe5, 0xe5, 0xe5, 
	0xe5, 0xe5, 0xe5, 0xe5, 0xe5, 0xe5, 0xe5, 0xe5, 
	0xe5, 0xe5, 0xe5, 0xe5, 0xe5, 0xe5, 0xe5, 0xe5, 
	0xe5, 0xe5, 0xe5, 0xe5, 0xe5, 0xe5, 0xe5, 0xe5, 
	0xe5, 0xe5, 0xe5, 0xe5, 0xe5, 0xe5, 0xe5, 0xe5, 
	0xe5, 0xe5, 0xe5, 0xe5, 0xe5, 0xe5, 0xe5, 0xe5, 
	0xe5, 0xe5, 0xe5, 0xe5, 0xe5, 0xe5, 0xe5, 0xe5, 
	0xe5, 0xe5, 0xe5, 0xe5, 0xe5, 0xe5, 0xe5, 0xe5, 
	0xdd, 0xe5, 0xdd, 0xe5, 0xdd, 0xe5, 0xdd, 0xe5, 
	0xdd, 0xe5, 0xdd, 0xe5, 0xdd, 0xe5, 0xdd, 0xe5, 
	0xdd, 0xe5, 0xdd, 0xe5, 0xdd, 0xe5, 0xdd, 0xe5, 
	0xdd, 0xe5, 0xdd, 0xe5, 0xdd, 0xe5, 0xdd, 0xe5, 
	0xdd, 0xe5, 0xdd, 0xe5, 0xe5, 0xe5, 0xe5, 0xe5, 
	0xe5, 0xe5, 0xe5, 0xe5, 0xe5, 0xe5, 0xe5, 0xe5, 
	0xe5, 0xe5, 0xe5, 0xe5, 0xe5, 0xe5, 0xe5, 0xe5, 
	0xdd, 0xe5, 0xdd, 0xe5, 0xdd, 0xe5, 0xac, 0xa1, 
	0xa4, 0xa1, 0xa4, 0xa1, 0xa4, 0xa1, 0x73, 0x5b, 
	0x29, 0xd5, 0x83, 0x9b, 0xac, 0x9f, 0xac, 0x9f, 
	0x6b, 0x5d, 0x9c, 0x5f, 0x6b, 0x5d, 0x42, 0x59, 
	0x52, 0x99, 0x52, 0x99, 0x21, 0x93, 0xac, 0xa3, 
	0x73, 0x5d, 0x19, 0x53, 0x73, 0x5d, 0x73, 0x5d, 
	0x63, 0x1b, 0x9c, 0x21, 0x9c, 0x21, 0x63, 0x1b, 
	0x5a, 0xd9, 0xd5, 0xa7, 0x9c, 0x61, 0x9c, 0x61, 
	0x7b, 0x9d, 0xac, 0xa1, 0x19, 0x93, 0xac, 0xa1, 
	0x62, 0xd9, 0xac, 0xa1, 0xac, 0xa1, 0x8b, 0xdd, 
	0x83, 0x9d, 0xd5, 0xe9, 0xff, 0x2f, 0xff, 0x2f, 
	0xc5, 0xe9, 0x8c, 0x21, 0x8c, 0x21, 0xc5, 0xe9, 
	0x52, 0x99, 0x21, 0x95, 0x52, 0x99, 0xac, 0xa1, 
	0xa4, 0xa3, 0xa4, 0xa3, 0x19, 0x93, 0x19, 0x93, 
	0x11, 0x53, 0x11, 0x53, 0x42, 0x57, 0x9c, 0x5f, 
	0xa4, 0xa3, 0x29, 0xd5, 0x29, 0xd5, 0x29, 0xd5, 
	0x19, 0x93, 0x29, 0xd5, 0x19, 0x93, 0x3a, 0x57, 
	0x5a, 0xd9, 0x11, 0x51, 0x11, 0x51, 0x32, 0x15, 
	0x3a, 0x55, 0x73, 0x5d, 0x73, 0x5d, 0xac, 0xa3, 
	0x63, 0x1b, 0x09, 0x11, 0x09, 0x11, 0x09, 0x11, 
	0x09, 0x51, 0x09, 0x51, 0x09, 0x51, 0x09, 0x51, 
	0x09, 0x11, 0x09, 0x11, 0x09, 0x11, 0x09, 0x11, 
	0x29, 0xd5, 0x29, 0xd5, 0x09, 0x11, 0x09, 0x11, 
	0x09, 0x11, 0x09, 0x11, 0x4a, 0x99, 0x4a, 0x99, 
	0x4a, 0x99, 0x4a, 0x99, 0x73, 0x5d, 0x73, 0x5d, 
	0x6b, 0x5d, 0x6b, 0x5d, 0xa4, 0x63, 0xa4, 0x63, 
	0x63, 0x1b, 0x09, 0x11, 0x09, 0x11, 0x32, 0x15, 
	0x01, 0x0f, 0x3a, 0x57, 0x21, 0xd3, 0x21, 0xd3, 
	0x11, 0x51, 0x73, 0x5b, 0xa4, 0x61, 0x42, 0x57, 
	0x21, 0x93, 0x42, 0x57, 0x83, 0xdd, 0x21, 0x93, 
	0x29, 0xd5, 0xac, 0xa3, 0x6b, 0x5b, 0x6b, 0x5b, 
	0xfe, 0xeb, 0xfe, 0xeb, 0xfe, 0xeb, 0xfe, 0xeb, 
	0xf6, 0xab, 0xf6, 0xab, 0xf6, 0xab, 0xee, 0x69, 
	0xd5, 0xa5, 0xd5, 0xa5, 0xfe, 0xed, 0xfe, 0xed, 
	0xff, 0x2f, 0xff, 0x2f, 0xff, 0x2f, 0xff, 0x2f, 
	0xfe, 0xed, 0xfe, 0xed, 0xfe, 0xed, 0xbc, 0xe3, 
	0xf6, 0xab, 0xf6, 0xab, 0xf6, 0x69, 0xf6, 0x69, 
	0xfe, 0xed, 0xee, 0x29, 0xee, 0x29, 0xfe, 0xed, 
	0xff, 0x2f, 0xff, 0x2f, 0xfe, 0xed, 0xf6, 0x69, 
	0xf6, 0xa9, 0xee, 0x27, 0xee, 0x27, 0xd5, 0xa5, 
	0xee, 0x29, 0xb4, 0xe1, 0xcd, 0x65, 0xee, 0x29, 
	0xc5, 0x23, 0xdd, 0xe7, 0xd5, 0xa5, 0xc5, 0x23, 
	0xbc, 0xe3, 0xcd, 0x63, 0xcd, 0x63, 0xcd, 0x63, 
	0xd5, 0xa5, 0xd5, 0xa5, 0xd5, 0xa5, 0xd5, 0xa5, 
	0xbc, 0xe3, 0xd5, 0xa5, 0xd5, 0xa5, 0xd5, 0xa5, 
	0xe5, 0xe7, 0x9c, 0x5f, 0xe5, 0xe7, 0xe5, 0xe7, 
	0xcd, 0x23, 0xcd, 0x23, 0xdd, 0xa5, 0xcd, 0x23, 
	0xac, 0xa1, 0xbc, 0xe3, 0xbc, 0xe3, 0xd5, 0xa5, 
	0xe5, 0xe5, 0xe5, 0xe5, 0xe5, 0xe5, 0xe5, 0xe5, 
	0xe5, 0xe5, 0xe5, 0xe5, 0xe5, 0xe5, 0xe5, 0xe5, 
	0xe5, 0xe5, 0xe5, 0xe5, 0xe5, 0xe5, 0xe5, 0xe5, 
	0xe5, 0xe5, 0xe5, 0xe5, 0xe5, 0xe5, 0xe5, 0xe5, 
	0xe5, 0xe5, 0xe5, 0xe5, 0xe5, 0xe5, 0xe5, 0xe5, 
	0xe5, 0xe5, 0xe5, 0xe5, 0xe5, 0xe5, 0xe5, 0xe5, 
	0xe5, 0xe5, 0xe5, 0xe5, 0xe5, 0xe5, 0xe5, 0xe5, 
	0xe5, 0xe5, 0xe5, 0xe5, 0xe5, 0xe5, 0xe5, 0xe5, 
	0xe5, 0xe5, 0xe5, 0xe5, 0xe5, 0xe5, 0xe5, 0xe5, 
	0xdd, 0xe5, 0xdd, 0xe5, 0xdd, 0xe5, 0xdd, 0xe5, 
	0xdd, 0xe5, 0xdd, 0xe5, 0xdd, 0xe5, 0xdd, 0xe5, 
	0xdd, 0xe5, 0xdd, 0xe5, 0xdd, 0xe5, 0xdd, 0xe5, 
	0xdd, 0xe5, 0xdd, 0xe5, 0xdd, 0xe5, 0xdd, 0xe5, 
	0xdd, 0xe5, 0xdd, 0xe5, 0xdd, 0xe5, 0xdd, 0xe5, 
	0xdd, 0xe5, 0xdd, 0xe5, 0xdd, 0xe5, 0xdd, 0xe5, 
	0xdd, 0xe5, 0xdd, 0xe5, 0xdd, 0xe5, 0xdd, 0xe5, 
	0xdd, 0xe5, 0xdd, 0xe5, 0xdd, 0xe5, 0xdd, 0xe5, 
	0x73, 0x5b, 0xa4, 0xa1, 0xd5, 0xa5, 0x42, 0x17, 
	0x52, 0xd9, 0x52, 0xd9, 0x83, 0x9b, 0x83, 0x9b, 
	0x6b, 0x5d, 0x6b, 0x5d, 0xc5, 0x23, 0xc5, 0x23, 
	0x52, 0x99, 0x21, 0x93, 0x52, 0x99, 0xac, 0xa3, 
	0xa4, 0x61, 0x19, 0x53, 0x73, 0x5d, 0x73, 0x5d, 
	0x31, 0xd5, 0x31, 0xd5, 0x63, 0x1b, 0x63, 0x1b, 
	0x21, 0x93, 0x21, 0x93, 0x21, 0x93, 0x9c, 0x61, 
	0xac, 0xa1, 0xac, 0xa1, 0xac, 0xa1, 0x7b, 0x9d, 
	0xac, 0xa1, 0xd5, 0xa5, 0xd5, 0xa5, 0x8b, 0xdd, 
	0x83, 0x9d, 0xac, 0xa3, 0xff, 0x2f, 0xff, 0x2f, 
	0xff, 0xb1, 0xc5, 0xe9, 0x52, 0x59, 0x52, 0x59, 
	0xac, 0xa1, 0x21, 0x95, 0x7b, 0x9d, 0x7b, 0x9d, 
	0xa4, 0xa3, 0xa4, 0xa3, 0x73, 0x9d, 0x73, 0x9d, 
	0x6b, 0x5b, 0x11, 0x53, 0x11, 0x53, 0x42, 0x57, 
	0xa4, 0xa3, 0xa4, 0xa3, 0x63, 0x1b, 0x29, 0xd5, 
	0x09, 0x11, 0x09, 0x11, 0x19, 0x93, 0x09, 0x11, 
	0x7b, 0x9d, 0x11, 0x51, 0x11, 0x51, 0x11, 0x51, 
	0x01, 0x0f, 0x01, 0x0f, 0x3a, 0x55, 0x3a, 0x55, 
	0x32, 0x15, 0x32, 0x15, 0x32, 0x15, 0x32, 0x15, 
	0x42, 0x57, 0xac, 0xe3, 0x73, 0x9d, 0x73, 0x9d, 
	0xac, 0xa3, 0x42, 0x57, 0x42, 0x57, 0x42, 0x57, 
	0x4a, 0x97, 0x4a, 0x97, 0x09, 0x11, 0x09, 0x11, 
	0x09, 0x11, 0x09, 0x11, 0x09, 0x11, 0x09, 0x11, 
	0x01, 0x0f, 0x01, 0x0f, 0x01, 0x0f, 0x29, 0xd3, 
	0x01, 0x0f, 0x01, 0x0f, 0x01, 0x0f, 0x3a, 0x55, 
	0x63, 0x1b, 0x63, 0x1b, 0x63, 0x1b, 0x63, 0x1b, 
	0x5b, 0x1b, 0x5b, 0x1b, 0x5b, 0x1b, 0x21, 0xd3, 
	0x11, 0x51, 0x11, 0x51, 0x42, 0x57, 0x42, 0x57, 
	0x21, 0x93, 0x63, 0x19, 0x83, 0xdd, 0x21, 0x93, 
	0x6b, 0x5b, 0x6b, 0x5b, 0x6b, 0x5b, 0xee, 0x29, 
	0xee, 0x27, 0xee, 0x27, 0xd5, 0xa5, 0xd5, 0xa5, 
	0xe5, 0xe7, 0xee, 0x69, 0xf6, 0xab, 0xff, 0x2d, 
	0xee, 0x6b, 0xee, 0x6b, 0xee, 0x6b, 0xfe, 0xed, 
	0xff, 0x2f, 0xff, 0x2f, 0xff, 0x2f, 0xff, 0x2f, 
	0xfe, 0xed, 0xfe, 0xed, 0xfe, 0xed, 0xfe, 0xed, 
	0xf6, 0xab, 0xfe, 0xed, 0xff, 0x6f, 0xff, 0x6f, 
	0xfe, 0xed, 0xf6, 0x6b, 0xf6, 0x6b, 0xf6, 0x6b, 
	0xf6, 0xab, 0xf6, 0x69, 0xf6, 0x69, 0xf6, 0xab, 
	0xf6, 0xa9, 0xf6, 0xa9, 0xdd, 0xe7, 0xee, 0x27, 
	0xee, 0x29, 0xcd, 0x65, 0x94, 0x1d, 0xcd, 0x65, 
	0xdd, 0xe7, 0xd5, 0xa5, 0xbc, 0xe1, 0xbc, 0xe1, 
	0xcd, 0x63, 0xe5, 0xe5, 0xe5, 0xe5, 0xa4, 0x61, 
	0xbc, 0xe1, 0xe6, 0x27, 0xd5, 0xa5, 0xd5, 0xa5, 
	0xe5, 0xe5, 0xe5, 0xe5, 0xe5, 0xe5, 0xbc, 0xe3, 
	0xcd, 0x65, 0xe5, 0xe7, 0xcd, 0x65, 0xcd, 0x65, 
	0xdd, 0xa5, 0xb4, 0xe1, 0xdd, 0xa5, 0xdd, 0xa5, 
	0xd5, 0xa5, 0xd5, 0xa5, 0xd5, 0xa5, 0xbc, 0xe3, 
	0x94, 0x1f, 0xe5, 0xe5, 0xe5, 0xe5, 0xe5, 0xe5, 
	0xe5, 0xe5, 0xe5, 0xe5, 0xe5, 0xe5, 0xe5, 0xe5, 
	0xe5, 0xe5, 0xe5, 0xe5, 0xe5, 0xe5, 0xe5, 0xe5, 
	0xe5, 0xe5, 0xe5, 0xe5, 0xe5, 0xe5, 0xe5, 0xe5, 
	0xe5, 0xe5, 0xe5, 0xe5, 0xe5, 0xe5, 0xe5, 0xe5, 
	0xe5, 0xe5, 0xe5, 0xe5, 0xe5, 0xe5, 0xe5, 0xe5, 
	0xe5, 0xe5, 0xe5, 0xe5, 0xe5, 0xe5, 0xe5, 0xe5, 
	0xe5, 0xe5, 0xe5, 0xe5, 0xe5, 0xe5, 0xe5, 0xe5, 
	0xe5, 0xe5, 0xe5, 0xe5, 0xe5, 0xe5, 0xe5, 0xe5, 
	0xdd, 0xe5, 0xdd, 0xe5, 0xdd, 0xe5, 0xdd, 0xe5, 
	0xdd, 0xe5, 0xdd, 0xe5, 0xdd, 0xe5, 0xdd, 0xe5, 
	0xdd, 0xe5, 0xdd, 0xe5, 0xdd, 0xe5, 0xdd, 0xe5, 
	0xdd, 0xe5, 0xdd, 0xe5, 0xdd, 0xe5, 0xdd, 0xe5, 
	0xdd, 0xe5, 0xdd, 0xe5, 0xdd, 0xe5, 0xdd, 0xe5, 
	0xdd, 0xe5, 0xdd, 0xe5, 0xdd, 0xe5, 0xdd, 0xe5, 
	0xdd, 0xe5, 0xdd, 0xe5, 0xdd, 0xe5, 0xdd, 0xe5, 
	0xdd, 0xe5, 0xdd, 0xe5, 0xdd, 0xe5, 0x7b, 0x9d, 
	0x73, 0x5b, 0xa4, 0xa1, 0xd5, 0xa5, 0x42, 0x17, 
	0xac, 0x9f, 0x83, 0x9b, 0x29, 0xd5, 0x29, 0xd5, 
	0x42, 0x59, 0x9c, 0x5f, 0xc5, 0x23, 0xc5, 0x23, 
	0x7b, 0x9d, 0x21, 0x93, 0x21, 0x93, 0x21, 0x93, 
	0x4a, 0x57, 0x19, 0x53, 0x4a, 0x57, 0xa4, 0x61, 
	0xcd, 0x67, 0x9c, 0x21, 0x9c, 0x21, 0x63, 0x1b, 
	0xd5, 0xa7, 0x9c, 0x61, 0x21, 0x93, 0x5a, 0xd9, 
	0x19, 0x93, 0x4a, 0x97, 0xac, 0xa1, 0xac, 0xa1, 
	0xac, 0xa1, 0xac, 0xa1, 0xd5, 0xa5, 0x62, 0xd9, 
	0x83, 0x9d, 0xd5, 0xe9, 0xd5, 0xe9, 0xff, 0x2f, 
	0xff, 0xb1, 0xff, 0xb1, 0x8c, 0x21, 0x52, 0x59, 
	0x7b, 0x9d, 0x21, 0x95, 0x21, 0x95, 0x21, 0x95, 
	0x19, 0x93, 0x4a, 0x99, 0x4a, 0x99, 0x4a, 0x99, 
	0x42, 0x57, 0x11, 0x53, 0x11, 0x53, 0x11, 0x53, 
	0x29, 0xd5, 0x29, 0xd5, 0xdd, 0xe9, 0x29, 0xd5, 
	0x09, 0x11, 0x09, 0x11, 0x09, 0x11, 0x09, 0x11, 
	0x7b, 0x9d, 0x11, 0x51, 0x11, 0x51, 0x11, 0x51, 
	0x01, 0x0f, 0x01, 0x0f, 0x01, 0x0f, 0x01, 0x0f, 
	0x09, 0x11, 0x09, 0x11, 0x32, 0x15, 0x32, 0x15, 
	0x09, 0x51, 0x42, 0x57, 0x09, 0x51, 0x09, 0x51, 
	0x42, 0x57, 0x42, 0x57, 0x42, 0x57, 0x09, 0x11, 
	0x29, 0xd5, 0x6b, 0x5b, 0x6b, 0x5b, 0x6b, 0x5b, 
	0x29, 0xd5, 0x29, 0xd5, 0x4a, 0x99, 0x09, 0x11, 
	0x01, 0x0f, 0x01, 0x0f, 0x4a, 0x99, 0x29, 0xd3, 
	0x01, 0x0f, 0x01, 0x0f, 0x01, 0x0f, 0x01, 0x0f, 
	0x09, 0x11, 0x09, 0x11, 0x32, 0x15, 0x63, 0x1b, 
	0x01, 0x0f, 0x01, 0x0f, 0x01, 0x0f, 0x01, 0x0f, 
	0x11, 0x51, 0x11, 0x51, 0x11, 0x51, 0x73, 0x5b, 
	0x42, 0x57, 0x83, 0xdd, 0x83, 0xdd, 0x21, 0x93, 
	0x29, 0xd5, 0x29, 0xd5, 0x6b, 0x5b, 0xee, 0x29, 
	0xee, 0x27, 0xee, 0x27, 0xfe, 0xeb, 0xd5, 0xa5, 
	0xe5, 0xe7, 0xe5, 0xe7, 0xff, 0x2d, 0xff, 0x2d, 
	0xfe, 0xed, 0xee, 0x6b, 0xe5, 0xe7, 0xfe, 0xed, 
	0xff, 0x2f, 0xe6, 0x2b, 0xff, 0x2f, 0xff, 0x2f, 
	0xfe, 0xed, 0xfe, 0xed, 0xfe, 0xed, 0xfe, 0xed, 
	0xf6, 0xab, 0xf6, 0xab, 0xf6, 0xab, 0xff, 0x6f, 
	0xf6, 0x6b, 0xf6, 0x6b, 0xf6, 0x6b, 0xf6, 0x6b, 
	0xf6, 0x69, 0xf6, 0x69, 0xf6, 0xab, 0xf6, 0xab, 
	0xf6, 0xa9, 0xf6, 0xa9, 0xf6, 0xa9, 0xf6, 0xa9, 
	0xee, 0x29, 0xee, 0x29, 0x94, 0x1d, 0xb4, 0xe1, 
	0xbc, 0xe1, 0xd5, 0xa5, 0xbc, 0xe1, 0xbc, 0xe1, 
	0xcd, 0x63, 0xe5, 0xe5, 0xe5, 0xe5, 0xa4, 0x61, 
	0xd5, 0xa5, 0xe6, 0x27, 0xd5, 0xa5, 0xcd, 0x63, 
	0xe5, 0xe5, 0xe5, 0xe5, 0xd5, 0xa5, 0xd5, 0xa5, 
	0xcd, 0x65, 0xe5, 0xe7, 0xcd, 0x65, 0xcd, 0x65, 
	0xdd, 0xa5, 0xdd, 0xa5, 0xcd, 0x23, 0xdd, 0xa5, 
	0xd5, 0xa5, 0xc5, 0x63, 0xd5, 0xa5, 0xd5, 0xa5, 
	0x94, 0x1f, 0xe5, 0xe5, 0xe5, 0xe5, 0xe5, 0xe5, 
	0xe5, 0xe5, 0xe5, 0xe5, 0xe5, 0xe5, 0xe5, 0xe5, 
	0xe5, 0xe5, 0xe5, 0xe5, 0xe5, 0xe5, 0xe5, 0xe5, 
	0xe5, 0xe5, 0xe5, 0xe5, 0xe5, 0xe5, 0xe5, 0xe5, 
	0xe5, 0xe5, 0xe5, 0xe5, 0xe5, 0xe5, 0xe5, 0xe5, 
	0xe5, 0xe5, 0xe5, 0xe5, 0xe5, 0xe5, 0xe5, 0xe5, 
	0xe5, 0xe5, 0xe5, 0xe5, 0xe5, 0xe5, 0xe5, 0xe5, 
	0xe5, 0xe5, 0xe5, 0xe5, 0xe5, 0xe5, 0xe5, 0xe5, 
	0xe5, 0xe5, 0xe5, 0xe5, 0xe5, 0xe5, 0xe5, 0xe5, 
	0xdd, 0xe5, 0xdd, 0xe5, 0xdd, 0xe5, 0xdd, 0xe5, 
	0xdd, 0xe5, 0xdd, 0xe5, 0xdd, 0xe5, 0xdd, 0xe5, 
	0xdd, 0xe5, 0xdd, 0xe5, 0xdd, 0xe5, 0xdd, 0xe5, 
	0xdd, 0xe5, 0xdd, 0xe5, 0xdd, 0xe5, 0xdd, 0xe5, 
	0xdd, 0xe5, 0xdd, 0xe5, 0xdd, 0xe5, 0xdd, 0xe5, 
	0xdd, 0xe5, 0xdd, 0xe5, 0xdd, 0xe5, 0xdd, 0xe5, 
	0xdd, 0xe5, 0xdd, 0xe5, 0xdd, 0xe5, 0xdd, 0xe5, 
	0xcd, 0x63, 0xcd, 0x63, 0xa4, 0xa1, 0xa4, 0xa1, 
	0x6b, 0x1b, 0x6b, 0x1b, 0xb4, 0xe3, 0xb4, 0xe3, 
	0x6b, 0x1b, 0x32, 0x17, 0x6b, 0x1b, 0x9c, 0x61, 
	0x29, 0xd5, 0x63, 0x1b, 0xdd, 0xe7, 0xdd, 0xe7, 
	0xd5, 0xa7, 0xa4, 0x61, 0xd5, 0xa7, 0x42, 0x17, 
	0x32, 0x15, 0x32, 0x15, 0x5a, 0xdb, 0x32, 0x15, 
	0x7b, 0x9d, 0x42, 0x57, 0x42, 0x57, 0x42, 0x57, 
	0x7b, 0x9d, 0x52, 0x99, 0x52, 0x99, 0x52, 0x99, 
	0x5a, 0xd9, 0x32, 0x17, 0x7b, 0x9d, 0x11, 0x53, 
	0xbd, 0x23, 0x8b, 0xdd, 0x8b, 0xdd, 0x21, 0x93, 
	0x52, 0x99, 0xc5, 0x65, 0xc5, 0x65, 0xfe, 0xab, 
	0xff, 0xb3, 0xff, 0xb3, 0xcd, 0xe9, 0xcd, 0xe9, 
	0xd5, 0xa7, 0x21, 0x93, 0x9c, 0x61, 0x5a, 0xd9, 
	0x42, 0x57, 0x11, 0x51, 0x11, 0x51, 0x11, 0x51, 
	0x01, 0x11, 0x21, 0xd5, 0x21, 0xd5, 0x21, 0xd5, 
	0x09, 0x11, 0x09, 0x11, 0x73, 0x5b, 0x73, 0x5b, 
	0x09, 0x11, 0x09, 0x11, 0x09, 0x11, 0x09, 0x11, 
	0x6b, 0x5d, 0x6b, 0x5d, 0x6b, 0x5d, 0x6b, 0x5d, 
	0x7b, 0x9d, 0x29, 0xd5, 0x01, 0x11, 0x01, 0x11, 
	0x3a, 0x55, 0x3a, 0x55, 0x3a, 0x55, 0x3a, 0x55, 
	0x3a, 0x57, 0x09, 0x11, 0x09, 0x11, 0x09, 0x11, 
	0x09, 0x11, 0x09, 0x11, 0x09, 0x11, 0x09, 0x11, 
	0x01, 0x11, 0x32, 0x15, 0x32, 0x15, 0x32, 0x15, 
	0x63, 0x1b, 0x09, 0x11, 0x63, 0x1b, 0x63, 0x1b, 
	0x5b, 0x19, 0x21, 0x93, 0x21, 0x93, 0x5b, 0x19, 
	0x52, 0x99, 0x6b, 0x1b, 0xa4, 0x5f, 0x8b, 0xdd, 
	0x7b, 0x9d, 0x21, 0x95, 0x21, 0x95, 0x7b, 0x9d, 
	0x8c, 0x1f, 0x5a, 0xdb, 0x21, 0x95, 0x21, 0x95, 
	0x4a, 0x59, 0x4a, 0x59, 0xac, 0xa1, 0xac, 0xa1, 
	0x09, 0x51, 0x32, 0x15, 0x63, 0x1b, 0x63, 0x1b, 
	0x11, 0x51, 0x11, 0x51, 0x6b, 0x5b, 0x42, 0x57, 
	0x94, 0x1f, 0xf6, 0xab, 0xf6, 0xab, 0xf6, 0xab, 
	0xe5, 0xe7, 0xe5, 0xe7, 0xe5, 0xe7, 0xf6, 0xa9, 
	0xdd, 0xe7, 0xee, 0x69, 0xee, 0x69, 0xee, 0x69, 
	0xfe, 0xeb, 0xee, 0x69, 0xfe, 0xeb, 0xfe, 0xeb, 
	0xfe, 0xed, 0xfe, 0xed, 0xfe, 0xed, 0xee, 0x69, 
	0xfe, 0xed, 0xfe, 0xed, 0xfe, 0xed, 0xfe, 0xed, 
	0xf6, 0xab, 0xf6, 0xab, 0xee, 0x29, 0xee, 0x29, 
	0xd5, 0xa5, 0xbc, 0xe1, 0xbc, 0xe1, 0xe6, 0x27, 
	0xe6, 0x27, 0xe6, 0x27, 0xfe, 0xab, 0xfe, 0xab, 
	0xf6, 0x69, 0xf6, 0x69, 0xdd, 0xa5, 0xbd, 0x21, 
	0xa4, 0x5f, 0xb4, 0xa1, 0xdd, 0xa5, 0xdd, 0xa5, 
	0xbc, 0xe1, 0xdd, 0xe7, 0xd5, 0xa5, 0xc5, 0x23, 
	0xcd, 0x23, 0xd5, 0xa5, 0xd5, 0xa5, 0xd5, 0xa5, 
	0xd5, 0xa5, 0xe5, 0xe7, 0xe5, 0xe7, 0xee, 0x69, 
	0xdd, 0xa5, 0xdd, 0xa5, 0xc5, 0x23, 0xdd, 0xa5, 
	0xbc, 0xe3, 0xd5, 0xa5, 0xbc, 0xe3, 0xd5, 0xa5, 
	0xdd, 0xa5, 0xdd, 0xa5, 0xee, 0x69, 0xdd, 0xa5, 
	0xa4, 0x5f, 0xb4, 0xe1, 0xdd, 0xe5, 0xdd, 0xe5, 
	0xe5, 0xe5, 0xe5, 0xe5, 0xe5, 0xe5, 0xe5, 0xe5, 
	0xe5, 0xe5, 0xe5, 0xe5, 0xe5, 0xe5, 0xe5, 0xe5, 
	0xe5, 0xe5, 0xe5, 0xe5, 0xe5, 0xe5, 0xe5, 0xe5, 
	0xe5, 0xe5, 0xe5, 0xe5, 0xe5, 0xe5, 0xe5, 0xe5, 
	0xe5, 0xe5, 0xe5, 0xe5, 0xe5, 0xe5, 0xe5, 0xe5, 
	0xe5, 0xe5, 0xe5, 0xe5, 0xe5, 0xe5, 0xe5, 0xe5, 
	0xe5, 0xe5, 0xe5, 0xe5, 0xe5, 0xe5, 0xe5, 0xe5, 
	0xe5, 0xe5, 0xe5, 0xe5, 0xe5, 0xe5, 0xe5, 0xe5, 
	0xdd, 0xe5, 0xdd, 0xe5, 0xdd, 0xe5, 0xdd, 0xe5, 
	0xdd, 0xe5, 0xdd, 0xe5, 0xdd, 0xe5, 0xdd, 0xe5, 
	0xdd, 0xe5, 0xdd, 0xe5, 0xdd, 0xe5, 0xdd, 0xe5, 
	0xdd, 0xe5, 0xdd, 0xe5, 0xdd, 0xe5, 0xdd, 0xe5, 
	0xdd, 0xe5, 0xdd, 0xe5, 0xdd, 0xe5, 0xdd, 0xe5, 
	0xdd, 0xe5, 0xdd, 0xe5, 0xdd, 0xe5, 0xdd, 0xe5, 
	0xdd, 0xe5, 0xdd, 0xe5, 0xdd, 0xe5, 0xdd, 0xe5, 
	0xcd, 0x63, 0xcd, 0x63, 0xcd, 0x63, 0xcd, 0x63, 
	0x8c, 0x1f, 0x42, 0x57, 0x6b, 0x1b, 0xb4, 0xe3, 
	0xd5, 0xa5, 0x32, 0x17, 0x6b, 0x1b, 0x9c, 0x61, 
	0x29, 0xd5, 0x29, 0xd5, 0xa4, 0xa1, 0xdd, 0xe7, 
	0xd5, 0xa7, 0xa4, 0x61, 0xd5, 0xa7, 0x42, 0x17, 
	0x32, 0x15, 0x5a, 0xdb, 0x5a, 0xdb, 0x11, 0x51, 
	0x7b, 0x9d, 0x7b, 0x9d, 0x42, 0x57, 0x7b, 0x9d, 
	0x7b, 0x9d, 0x21, 0x95, 0x21, 0x95, 0x7b, 0x9d, 
	0x5a, 0xd9, 0x11, 0x53, 0x7b, 0x9d, 0x11, 0x53, 
	0x52, 0x99, 0x52, 0x99, 0x8b, 0xdd, 0x21, 0x93, 
	0x8c, 0x1f, 0xc5, 0x65, 0xfe, 0xab, 0xfe, 0xab, 
	0xff, 0xb3, 0xff, 0xb3, 0x94, 0x21, 0x94, 0x21, 
	0xd5, 0xa7, 0x5a, 0xd9, 0x9c, 0x61, 0xd5, 0xa7, 
	0x9c, 0x63, 0x9c, 0x63, 0x6b, 0x5d, 0x6b, 0x5d, 
	0x21, 0xd5, 0x21, 0xd5, 0x01, 0x11, 0x01, 0x11, 
	0x09, 0x11, 0x09, 0x11, 0x09, 0x11, 0x09, 0x11, 
	0x09, 0x11, 0x09, 0x11, 0x09, 0x11, 0x09, 0x11, 
	0x09, 0x11, 0x09, 0x11, 0x4a, 0x99, 0x4a, 0x99, 
	0x7b, 0x9d, 0x7b, 0x9d, 0x7b, 0x9d, 0x7b, 0x9d, 
	0x6b, 0x5d, 0xa4, 0xa3, 0x6b, 0x5d, 0x6b, 0x5d, 
	0xa4, 0xa3, 0xa4, 0xa3, 0x73, 0x5d, 0x3a, 0x57, 
	0x09, 0x11, 0x09, 0x11, 0x09, 0x11, 0x09, 0x11, 
	0x32, 0x15, 0x01, 0x11, 0x01, 0x11, 0x01, 0x11, 
	0x09, 0x11, 0x09, 0x11, 0x09, 0x11, 0x09, 0x11, 
	0x7b, 0x9d, 0x21, 0x93, 0x42, 0x57, 0x7b, 0x9d, 
	0xa4, 0x5f, 0x6b, 0x1b, 0xa4, 0x5f, 0xa4, 0x5f, 
	0x7b, 0x9d, 0x7b, 0x9d, 0x52, 0x99, 0x7b, 0x9d, 
	0x8c, 0x1f, 0xc5, 0x25, 0xc5, 0x25, 0x8c, 0x1f, 
	0x7b, 0x9d, 0xac, 0xa1, 0xac, 0xa1, 0x4a, 0x59, 
	0x09, 0x51, 0x63, 0x1b, 0x63, 0x1b, 0x8b, 0xdf, 
	0x9c, 0x61, 0x11, 0x51, 0x42, 0x57, 0x11, 0x51, 
	0x62, 0xd9, 0xc5, 0x65, 0xf6, 0xab, 0xf6, 0xab, 
	0xe5, 0xe7, 0xbc, 0xe3, 0xcd, 0x65, 0xe5, 0xe7, 
	0xcd, 0x23, 0xcd, 0x23, 0xff, 0x2d, 0xee, 0x69, 
	0xee, 0x69, 0xee, 0x69, 0xee, 0x69, 0xee, 0x69, 
	0xfe, 0xed, 0xfe, 0xed, 0xee, 0x69, 0xee, 0x69, 
	0xee, 0x29, 0xee, 0x29, 0xee, 0x29, 0xfe, 0xed, 
	0xf6, 0xab, 0xf6, 0xab, 0xf6, 0xab, 0xdd, 0xe7, 
	0xd5, 0xa5, 0xd5, 0xa5, 0xd5, 0xa5, 0xe6, 0x27, 
	0xd5, 0xa5, 0xe6, 0x27, 0xfe, 0xab, 0xe6, 0x27, 
	0xdd, 0xa5, 0xf6, 0x69, 0xdd, 0xa5, 0xdd, 0xa5, 
	0xcd, 0x23, 0xcd, 0x23, 0xdd, 0xa5, 0xdd, 0xa5, 
	0xbc, 0xe1, 0xd5, 0xa5, 0xdd, 0xe7, 0xdd, 0xe7, 
	0xcd, 0x23, 0xcd, 0x23, 0xbc, 0xe1, 0xbc, 0xe1, 
	0xcd, 0x63, 0xd5, 0xa5, 0xd5, 0xa5, 0xe5, 0xe7, 
	0xdd, 0xa5, 0xdd, 0xa5, 0xee, 0x67, 0xee, 0x67, 
	0xd5, 0xa5, 0xd5, 0xa5, 0xbc, 0xe3, 0xbc, 0xe3, 
	0xdd, 0xa5, 0xdd, 0xa5, 0xee, 0x69, 0xdd, 0xa5, 
	0xcd, 0x63, 0xcd, 0x63, 0xdd, 0xe5, 0xdd, 0xe5, 
	0xe5, 0xe5, 0xe5, 0xe5, 0xe5, 0xe5, 0xe5, 0xe5, 
	0xe5, 0xe5, 0xe5, 0xe5, 0xe5, 0xe5, 0xe5, 0xe5, 
	0xe5, 0xe5, 0xe5, 0xe5, 0xe5, 0xe5, 0xe5, 0xe5, 
	0xe5, 0xe5, 0xe5, 0xe5, 0xe5, 0xe5, 0xe5, 0xe5, 
	0xe5, 0xe5, 0xe5, 0xe5, 0xe5, 0xe5, 0xe5, 0xe5, 
	0xe5, 0xe5, 0xe5, 0xe5, 0xe5, 0xe5, 0xe5, 0xe5, 
	0xe5, 0xe5, 0xe5, 0xe5, 0xe5, 0xe5, 0xe5, 0xe5, 
	0xe5, 0xe5, 0xe5, 0xe5, 0xe5, 0xe5, 0xe5, 0xe5, 
	0xdd, 0xe5, 0xdd, 0xe5, 0xdd, 0xe5, 0xdd, 0xe5, 
	0xdd, 0xe5, 0xdd, 0xe5, 0xdd, 0xe5, 0xdd, 0xe5, 
	0xdd, 0xe5, 0xdd, 0xe5, 0xdd, 0xe5, 0xdd, 0xe5, 
	0xdd, 0xe5, 0xdd, 0xe5, 0xdd, 0xe5, 0xdd, 0xe5, 
	0xdd, 0xe5, 0xdd, 0xe5, 0xdd, 0xe5, 0xdd, 0xe5, 
	0xdd, 0xe5, 0xdd, 0xe5, 0xdd, 0xe5, 0xdd, 0xe5, 
	0xdd, 0xe5, 0xdd, 0xe5, 0xdd, 0xe5, 0xdd, 0xe5, 
	0xcd, 0x63, 0xcd, 0x63, 0x5a, 0xdb, 0x5a, 0xdb, 
	0xb4, 0xe3, 0x8c, 0x1f, 0x42, 0x57, 0x8c, 0x1f, 
	0x9c, 0x61, 0x6b, 0x1b, 0x32, 0x17, 0x32, 0x17, 
	0x29, 0xd5, 0x29, 0xd5, 0x29, 0xd5, 0x29, 0xd5, 
	0xd5, 0xa7, 0x73, 0x5d, 0xd5, 0xa7, 0x42, 0x17, 
	0x5a, 0xdb, 0x5a, 0xdb, 0x32, 0x15, 0x7b, 0x9f, 
	0xb4, 0xe3, 0xee, 0x29, 0xb4, 0xe3, 0xb4, 0xe3, 
	0xac, 0xa1, 0x21, 0x95, 0x21, 0x95, 0xac, 0xa1, 
	0x5a, 0xd9, 0x11, 0x53, 0x11, 0x53, 0x5a, 0xd9, 
	0xbd, 0x23, 0xbd, 0x23, 0x52, 0x99, 0x21, 0x93, 
	0x52, 0x99, 0x52, 0x99, 0x8c, 0x1f, 0xfe, 0xab, 
	0xff, 0xb3, 0xff, 0xb3, 0xcd, 0xe9, 0x62, 0x57, 
	0x21, 0x93, 0x21, 0x93, 0x21, 0x93, 0x5a, 0xd9, 
	0x6b, 0x5d, 0x6b, 0x5d, 0x6b, 0x5d, 0x42, 0x57, 
	0x6b, 0x1b, 0x4a, 0x57, 0x21, 0xd5, 0x4a, 0x57, 
	0x73, 0x5b, 0xa4, 0xa1, 0x73, 0x5b, 0x3a, 0x57, 
	0x29, 0xd5, 0x09, 0x11, 0x09, 0x11, 0x09, 0x11, 
	0x09, 0x11, 0x09, 0x11, 0x09, 0x11, 0x09, 0x11, 
	0x01, 0x11, 0x29, 0xd5, 0x01, 0x11, 0x01, 0x11, 
	0x01, 0x0f, 0x3a, 0x55, 0x01, 0x0f, 0x3a, 0x55, 
	0x3a, 0x57, 0x3a, 0x57, 0xa4, 0xa3, 0xa4, 0xa3, 
	0x32, 0x15, 0x32, 0x15, 0x42, 0x57, 0x19, 0x93, 
	0x63, 0x1b, 0x63, 0x1b, 0x32, 0x15, 0x32, 0x15, 
	0x09, 0x11, 0x09, 0x11, 0x09, 0x11, 0x09, 0x11, 
	0x21, 0x93, 0x21, 0x93, 0x21, 0x93, 0x5b, 0x19, 
	0xa4, 0x5f, 0x6b, 0x1b, 0x6b, 0x1b, 0x6b, 0x1b, 
	0x52, 0x99, 0xac, 0xa1, 0xac, 0xa1, 0x21, 0x95, 
	0x8c, 0x1f, 0x8c, 0x1f, 0xc5, 0x25, 0x5a, 0xdb, 
	0x7b, 0x9d, 0x7b, 0x9d, 0xac, 0xa1, 0x4a, 0x59, 
	0x09, 0x51, 0x09, 0x51, 0x09, 0x51, 0x09, 0x51, 
	0x6b, 0x5b, 0x6b, 0x5b, 0x9c, 0x61, 0x9c, 0x61, 
	0x62, 0xd9, 0xc5, 0x65, 0xf6, 0xab, 0xf6, 0xab, 
	0xbc, 0xe3, 0xbc, 0xe3, 0xcd, 0x65, 0xf6, 0xa9, 
	0xee, 0x69, 0xee, 0x69, 0xff, 0x2d, 0xff, 0x2d, 
	0xd5, 0xa5, 0xe5, 0xe7, 0xee, 0x69, 0xd5, 0xa5, 
	0xee, 0x69, 0xfe, 0xed, 0xee, 0x69, 0xee, 0x69, 
	0xd5, 0xa7, 0xd5, 0xa7, 0xc5, 0x23, 0xd5, 0xa7, 
	0xf6, 0xab, 0xee, 0x29, 0xee, 0x29, 0xdd, 0xe7, 
	0xe6, 0x27, 0xd5, 0xa5, 0xd5, 0xa5, 0xd5, 0xa5, 
	0xbd, 0x21, 0xe6, 0x27, 0xe6, 0x27, 0xe6, 0x27, 
	0xdd, 0xa5, 0xdd, 0xa5, 0xf6, 0x69, 0xdd, 0xa5, 
	0xb4, 0xa1, 0xdd, 0xa5, 0xdd, 0xa5, 0xdd, 0xa5, 
	0xdd, 0xe7, 0xd5, 0xa5, 0xd5, 0xa5, 0xdd, 0xe7, 
	0xd5, 0xa5, 0xbc, 0xe1, 0xbc, 0xe1, 0xe6, 0x27, 
	0xee, 0x69, 0xd5, 0xa5, 0xcd, 0x63, 0xd5, 0xa5, 
	0xdd, 0xa5, 0xdd, 0xa5, 0xdd, 0xa5, 0xdd, 0xa5, 
	0xbc, 0xe3, 0xbc, 0xe3, 0xbc, 0xe3, 0x8b, 0xdd, 
	0xdd, 0xa5, 0xe5, 0xe7, 0xe5, 0xe7, 0xdd, 0xa5, 
	0xcd, 0x63, 0xb4, 0xe1, 0xb4, 0xe1, 0xdd, 0xe5, 
	0xe5, 0xe5, 0xe5, 0xe5, 0xe5, 0xe5, 0xe5, 0xe5, 
	0xe5, 0xe5, 0xe5, 0xe5, 0xe5, 0xe5, 0xe5, 0xe5, 
	0xe5, 0xe5, 0xe5, 0xe5, 0xe5, 0xe5, 0xe5, 0xe5, 
	0xe5, 0xe5, 0xe5, 0xe5, 0xe5, 0xe5, 0xe5, 0xe5, 
	0xe5, 0xe5, 0xe5, 0xe5, 0xe5, 0xe5, 0xe5, 0xe5, 
	0xe5, 0xe5, 0xe5, 0xe5, 0xe5, 0xe5, 0xe5, 0xe5, 
	0xe5, 0xe5, 0xe5, 0xe5, 0xe5, 0xe5, 0xe5, 0xe5, 
	0xe5, 0xe5, 0xe5, 0xe5, 0xe5, 0xe5, 0xe5, 0xe5, 
	0xdd, 0xe5, 0xdd, 0xe5, 0xdd, 0xe5, 0xdd, 0xe5, 
	0xdd, 0xe5, 0xdd, 0xe5, 0xdd, 0xe5, 0xdd, 0xe5, 
	0xdd, 0xe5, 0xdd, 0xe5, 0xdd, 0xe5, 0xdd, 0xe5, 
	0xdd, 0xe5, 0xdd, 0xe5, 0xdd, 0xe5, 0xdd, 0xe5, 
	0xdd, 0xe5, 0xdd, 0xe5, 0xdd, 0xe5, 0xdd, 0xe5, 
	0xdd, 0xe5, 0xdd, 0xe5, 0xdd, 0xe5, 0xdd, 0xe5, 
	0xdd, 0xe5, 0xdd, 0xe5, 0xdd, 0xe5, 0xdd, 0xe5, 
	0xcd, 0x63, 0xcd, 0x63, 0xa4, 0xa1, 0x83, 0x9d, 
	0x6b, 0x1b, 0x6b, 0x1b, 0x42, 0x57, 0x42, 0x57, 
	0x9c, 0x61, 0x6b, 0x1b, 0x6b, 0x1b, 0x6b, 0x1b, 
	0xa4, 0xa1, 0x29, 0xd5, 0x29, 0xd5, 0x29, 0xd5, 
	0x73, 0x5d, 0xa4, 0x61, 0xd5, 0xa7, 0x42, 0x17, 
	0x11, 0x51, 0x11, 0x51, 0x11, 0x51, 0x32, 0x15, 
	0x42, 0x57, 0x7b, 0x9d, 0x7b, 0x9d, 0xb4, 0xe3, 
	0x7b, 0x9d, 0x21, 0x95, 0x21, 0x95, 0xac, 0xa1, 
	0x5a, 0xd9, 0x5a, 0xd9, 0x5a, 0xd9, 0x5a, 0xd9, 
	0xbd, 0x23, 0xbd, 0x23, 0x8b, 0xdd, 0x21, 0x93, 
	0x52, 0x99, 0x52, 0x99, 0x52, 0x99, 0xc5, 0x65, 
	0xff, 0xb3, 0xff, 0xb3, 0xcd, 0xe9, 0x94, 0x21, 
	0x21, 0x93, 0x21, 0x93, 0x21, 0x93, 0x21, 0x93, 
	0x11, 0x51, 0x11, 0x51, 0x11, 0x51, 0x11, 0x51, 
	0x21, 0xd5, 0x21, 0xd5, 0x4a, 0x57, 0x4a, 0x57, 
	0x3a, 0x57, 0x73, 0x5b, 0x73, 0x5b, 0x3a, 0x57, 
	0x29, 0xd5, 0x4a, 0x99, 0x6b, 0x5d, 0x6b, 0x5d, 
	0x6b, 0x5d, 0x6b, 0x5d, 0x09, 0x11, 0x09, 0x11, 
	0x01, 0x11, 0x01, 0x11, 0x01, 0x11, 0x01, 0x11, 
	0x01, 0x0f, 0x01, 0x0f, 0x01, 0x0f, 0x01, 0x0f, 
	0x09, 0x11, 0x09, 0x11, 0x09, 0x11, 0x3a, 0x57, 
	0x19, 0x93, 0x09, 0x11, 0x19, 0x93, 0x19, 0x93, 
	0x63, 0x1b, 0x94, 0x1f, 0x63, 0x1b, 0x63, 0x1b, 
	0x63, 0x1b, 0x32, 0x15, 0x09, 0x11, 0x32, 0x15, 
	0x21, 0x93, 0x42, 0x57, 0x42, 0x57, 0x7b, 0x9d, 
	0x8b, 0xdd, 0x8b, 0xdd, 0x6b, 0x1b, 0x6b, 0x1b, 
	0x21, 0x95, 0x7b, 0x9d, 0x52, 0x99, 0x21, 0x95, 
	0x21, 0x95, 0xc5, 0x25, 0x5a, 0xdb, 0x5a, 0xdb, 
	0x4a, 0x59, 0x4a, 0x59, 0x4a, 0x59, 0x4a, 0x59, 
	0x32, 0x15, 0x32, 0x15, 0x09, 0x51, 0x32, 0x15, 
	0x11, 0x51, 0x11, 0x51, 0x11, 0x51, 0x42, 0x57, 
	0xc5, 0x65, 0xf6, 0xab, 0xf6, 0xab, 0xf6, 0xab, 
	0xbc, 0xe3, 0xcd, 0x65, 0xcd, 0x65, 0xf6, 0xa9, 
	0xee, 0x69, 0xee, 0x69, 0xff, 0x2d, 0xff, 0x2d, 
	0xee, 0x69, 0xd5, 0xa5, 0xee, 0x69, 0xee, 0x69, 
	0xee, 0x69, 0xe5, 0xe7, 0xd5, 0x63, 0xe5, 0xe7, 
	0xd5, 0xa7, 0xc5, 0x23, 0xd5, 0xa7, 0xc5, 0x23, 
	0xdd, 0xe7, 0xee, 0x29, 0xd5, 0xa5, 0xd5, 0xa5, 
	0xd5, 0xa5, 0xe6, 0x27, 0xd5, 0xa5, 0xd5, 0xa5, 
	0xd5, 0xa5, 0xe6, 0x27, 0xe6, 0x27, 0xe6, 0x27, 
	0xdd, 0xa5, 0xdd, 0xa5, 0xf6, 0x69, 0xdd, 0xa5, 
	0xcd, 0x23, 0xdd, 0xa5, 0xdd, 0xa5, 0xcd, 0x23, 
	0xd5, 0xa5, 0xc5, 0x23, 0xc5, 0x23, 0xdd, 0xe7, 
	0xd5, 0xa5, 0xd5, 0xa5, 0xd5, 0xa5, 0xe6, 0x27, 
	0xee, 0x69, 0xd5, 0xa5, 0xd5, 0xa5, 0xcd, 0x63, 
	0xdd, 0xa5, 0xc5, 0x23, 0xb4, 0xa1, 0xb4, 0xa1, 
	0xbc, 0xe3, 0xd5, 0xa5, 0xd5, 0xa5, 0xd5, 0xa5, 
	0xd5, 0x63, 0xdd, 0xa5, 0xdd, 0xa5, 0xee, 0x69, 
	0xcd, 0x63, 0xb4, 0xe1, 0xb4, 0xe1, 0xb4, 0xe1, 
	0xe5, 0xe5, 0xe5, 0xe5, 0xe5, 0xe5, 0xe5, 0xe5, 
	0xe5, 0xe5, 0xe5, 0xe5, 0xe5, 0xe5, 0xe5, 0xe5, 
	0xe5, 0xe5, 0xe5, 0xe5, 0xe5, 0xe5, 0xe5, 0xe5, 
	0xe5, 0xe5, 0xe5, 0xe5, 0xe5, 0xe5, 0xe5, 0xe5, 
	0xe5, 0xe5, 0xe5, 0xe5, 0xe5, 0xe5, 0xe5, 0xe5, 
	0xe5, 0xe5, 0xe5, 0xe5, 0xe5, 0xe5, 0xe5, 0xe5, 
	0xe5, 0xe5, 0xe5, 0xe5, 0xe5, 0xe5, 0xe5, 0xe5, 
	0xe5, 0xe5, 0xe5, 0xe5, 0xe5, 0xe5, 0xe5, 0xe5, 
	0xdd, 0xe5, 0xdd, 0xe5, 0xdd, 0xe5, 0xdd, 0xe5, 
	0xdd, 0xe5, 0xdd, 0xe5, 0xdd, 0xe5, 0xdd, 0xe5, 
	0xdd, 0xe5, 0xdd, 0xe5, 0xdd, 0xe5, 0xdd, 0xe5, 
	0xdd, 0xe5, 0xdd, 0xe5, 0xdd, 0xe5, 0xdd, 0xe5, 
	0xdd, 0xe5, 0xdd, 0xe5, 0xdd, 0xe5, 0xdd, 0xe5, 
	0xdd, 0xe5, 0xdd, 0xe5, 0xdd, 0xe5, 0xdd, 0xe5, 
	0xdd, 0xe5, 0xdd, 0xe5, 0xdd, 0xe5, 0xdd, 0xe5, 
	0x9c, 0x5f, 0xbd, 0x23, 0xbd, 0x23, 0xbd, 0x23, 
	0x29, 0xd5, 0x29, 0xd5, 0x6b, 0x5b, 0xac, 0xa3, 
	0x73, 0x5b, 0xa4, 0xa1, 0x73, 0x5b, 0x73, 0x5b, 
	0xb4, 0xe3, 0x52, 0x99, 0x52, 0x99, 0x52, 0x99, 
	0x09, 0x11, 0x09, 0x11, 0x6b, 0x1b, 0x6b, 0x1b, 
	0x6b, 0x1b, 0x6b, 0x1b, 0x31, 0xd7, 0x6b, 0x1b, 
	0x21, 0x93, 0x21, 0x93, 0x63, 0x19, 0xdd, 0xe7, 
	0x19, 0x53, 0x19, 0x53, 0x52, 0x99, 0x52, 0x99, 
	0x42, 0x57, 0x9c, 0x61, 0x73, 0x5d, 0x19, 0x53, 
	0x19, 0x93, 0x73, 0x5d, 0x19, 0x93, 0x9c, 0x61, 
	0x73, 0x5d, 0x21, 0x95, 0x73, 0x5d, 0x73, 0x5d, 
	0xf6, 0xef, 0xf6, 0xef, 0xf6, 0xef, 0xf6, 0xef, 
	0xa4, 0xa1, 0xa4, 0xa1, 0xdd, 0xa7, 0xa4, 0xa1, 
	0x6b, 0x1b, 0x6b, 0x1b, 0x19, 0x93, 0x19, 0x93, 
	0x11, 0x53, 0x42, 0x57, 0x11, 0x53, 0x11, 0x53, 
	0x09, 0x11, 0x42, 0x57, 0x09, 0x11, 0x09, 0x11, 
	0x29, 0xd5, 0x29, 0xd5, 0x09, 0x11, 0x6b, 0x5b, 
	0x63, 0x1b, 0x63, 0x1b, 0x63, 0x1b, 0x63, 0x1b, 
	0x32, 0x15, 0x19, 0x93, 0x19, 0x93, 0x4a, 0x59, 
	0x52, 0xd9, 0x52, 0xd9, 0x01, 0x0f, 0x19, 0x93, 
	0x09, 0x11, 0x09, 0x11, 0x09, 0x11, 0x09, 0x11, 
	0x09, 0x11, 0x09, 0x11, 0x09, 0x11, 0x09, 0x11, 
	0x09, 0x0f, 0x09, 0x0f, 0x21, 0x93, 0x21, 0x93, 
	0x09, 0x11, 0x09, 0x11, 0x3a, 0x15, 0x6b, 0x1b, 
	0x6b, 0x1b, 0x11, 0x51, 0x11, 0x51, 0x11, 0x51, 
	0x7b, 0x9d, 0xa4, 0xa1, 0x7b, 0x9d, 0x52, 0x99, 
	0x5b, 0x1b, 0x83, 0xdf, 0x32, 0x15, 0x5b, 0x1b, 
	0x09, 0x11, 0x09, 0x11, 0x3a, 0x57, 0x3a, 0x57, 
	0x52, 0x99, 0x52, 0x99, 0x21, 0xd5, 0x21, 0xd5, 
	0x11, 0x53, 0x42, 0x57, 0x11, 0x53, 0x9c, 0x5f, 
	0x31, 0xd5, 0x11, 0x51, 0x31, 0xd5, 0x6b, 0x5d, 
	0xe5, 0xe7, 0xe5, 0xe7, 0xe5, 0xe7, 0xe5, 0xe7, 
	0xee, 0x29, 0xee, 0x29, 0xdd, 0xe5, 0xee, 0x29, 
	0xee, 0x69, 0xee, 0x69, 0xee, 0x69, 0xee, 0x69, 
	0xf6, 0x69, 0xd5, 0x65, 0xc5, 0x23, 0xe5, 0xe7, 
	0xee, 0x29, 0xee, 0x29, 0xee, 0x29, 0xd5, 0xa5, 
	0xe5, 0xe7, 0xf6, 0x69, 0xe5, 0xe7, 0xf6, 0x69, 
	0xd5, 0xa5, 0xd5, 0xa5, 0xee, 0x29, 0xee, 0x29, 
	0xd5, 0xa5, 0xe5, 0xe7, 0xd5, 0xa5, 0xd5, 0xa5, 
	0xee, 0x69, 0xd5, 0xa5, 0xcd, 0x63, 0xd5, 0xa5, 
	0xee, 0x27, 0xd5, 0xa5, 0xd5, 0xa5, 0xd5, 0xa5, 
	0xb4, 0xe3, 0xb4, 0xe3, 0xb4, 0xe3, 0xdd, 0xe7, 
	0xee, 0x69, 0xd5, 0xa5, 0xac, 0x5f, 0xc5, 0x23, 
	0xf6, 0x69, 0xe5, 0xe7, 0xe5, 0xe7, 0xcd, 0x63, 
	0xcd, 0x63, 0xbc, 0xe1, 0xee, 0x27, 0xdd, 0xa5, 
	0xd5, 0x63, 0xdd, 0xa5, 0xee, 0x69, 0xdd, 0xa5, 
	0xee, 0x27, 0xee, 0x27, 0xd5, 0x65, 0xe5, 0xe7, 
	0xd5, 0xa5, 0xd5, 0xa5, 0xbc, 0xe1, 0xbc, 0xe1, 
	0xc5, 0x23, 0x9c, 0x1f, 0xc5, 0x23, 0xc5, 0x23, 
	0xcd, 0x63, 0xe5, 0xe5, 0xe5, 0xe5, 0xe5, 0xe5, 
	0xe5, 0xe5, 0xe5, 0xe5, 0xe5, 0xe5, 0xe5, 0xe5, 
	0xe5, 0xe5, 0xe5, 0xe5, 0xe5, 0xe5, 0xe5, 0xe5, 
	0xe5, 0xe5, 0xe5, 0xe5, 0xe5, 0xe5, 0xe5, 0xe5, 
	0xe5, 0xe5, 0xe5, 0xe5, 0xe5, 0xe5, 0xe5, 0xe5, 
	0xe5, 0xe5, 0xe5, 0xe5, 0xe5, 0xe5, 0xe5, 0xe5, 
	0xe5, 0xe5, 0xe5, 0xe5, 0xe5, 0xe5, 0xe5, 0xe5, 
	0xe5, 0xe5, 0xe5, 0xe5, 0xe5, 0xe5, 0xe5, 0xe5, 
	0xdd, 0xe5, 0xdd, 0xe5, 0xdd, 0xe5, 0xdd, 0xe5, 
	0xdd, 0xe5, 0xdd, 0xe5, 0xdd, 0xe5, 0xdd, 0xe5, 
	0xdd, 0xe5, 0xdd, 0xe5, 0xdd, 0xe5, 0xdd, 0xe5, 
	0xdd, 0xe5, 0xdd, 0xe5, 0xdd, 0xe5, 0xdd, 0xe5, 
	0xdd, 0xe5, 0xdd, 0xe5, 0xdd, 0xe5, 0xdd, 0xe5, 
	0xdd, 0xe5, 0xdd, 0xe5, 0xdd, 0xe5, 0xdd, 0xe5, 
	0xdd, 0xe5, 0xdd, 0xe5, 0xdd, 0xe5, 0xc5, 0x63, 
	0x9c, 0x5f, 0x5a, 0xd9, 0x7b, 0x9d, 0x9c, 0x5f, 
	0xac, 0xa3, 0xac, 0xa3, 0x6b, 0x5b, 0xee, 0x29, 
	0x73, 0x5b, 0xa4, 0xa1, 0x73, 0x5b, 0x42, 0x17, 
	0x52, 0x99, 0x52, 0x99, 0x83, 0xdd, 0x52, 0x99, 
	0x6b, 0x1b, 0x6b, 0x1b, 0xc5, 0x25, 0x6b, 0x1b, 
	0xd5, 0xa5, 0xd5, 0xa5, 0x6b, 0x1b, 0x6b, 0x1b, 
	0x63, 0x19, 0x21, 0x93, 0x21, 0x93, 0xdd, 0xe7, 
	0x83, 0xdf, 0x52, 0x99, 0xbd, 0x25, 0xbd, 0x25, 
	0x19, 0x53, 0x42, 0x57, 0x42, 0x57, 0x19, 0x53, 
	0x42, 0x57, 0x73, 0x5d, 0x19, 0x93, 0x73, 0x5d, 
	0xc5, 0x25, 0x21, 0x95, 0x73, 0x5d, 0x73, 0x5d, 
	0xf6, 0xef, 0xf6, 0xef, 0xf6, 0xef, 0xb5, 0x27, 
	0xa4, 0xa1, 0x3a, 0x57, 0xa4, 0xa1, 0xa4, 0xa1, 
	0x42, 0x57, 0x94, 0x1f, 0x94, 0x1f, 0x42, 0x57, 
	0x42, 0x57, 0xa4, 0x61, 0xa4, 0x61, 0x42, 0x57, 
	0x42, 0x57, 0x09, 0x11, 0x09, 0x11, 0x09, 0x11, 
	0x09, 0x11, 0x09, 0x11, 0x09, 0x11, 0x09, 0x11, 
	0x8b, 0xdf, 0x32, 0x15, 0x09, 0x11, 0x09, 0x11, 
	0x19, 0x93, 0x01, 0x0f, 0x19, 0x93, 0x32, 0x15, 
	0x52, 0xd9, 0x52, 0xd9, 0x19, 0x93, 0x19, 0x93, 
	0x6b, 0x5d, 0x29, 0xd5, 0x6b, 0x5d, 0x6b, 0x5d, 
	0x63, 0x1b, 0x63, 0x1b, 0x63, 0x1b, 0x09, 0x11, 
	0x09, 0x0f, 0x09, 0x0f, 0x21, 0x93, 0x09, 0x0f, 
	0x09, 0x11, 0x09, 0x11, 0x3a, 0x15, 0x6b, 0x1b, 
	0x3a, 0x57, 0x11, 0x51, 0x94, 0x21, 0x11, 0x51, 
	0x29, 0xd5, 0xa4, 0xa1, 0x7b, 0x9d, 0x29, 0xd5, 
	0x5b, 0x1b, 0x32, 0x15, 0x32, 0x15, 0x83, 0xdf, 
	0xa4, 0x61, 0x3a, 0x57, 0x09, 0x11, 0x09, 0x11, 
	0x52, 0x99, 0x6b, 0x1b, 0x3a, 0x57, 0x6b, 0x1b, 
	0x42, 0x57, 0x11, 0x53, 0x11, 0x53, 0x6b, 0x5b, 
	0x4a, 0x99, 0x11, 0x51, 0x11, 0x51, 0x31, 0xd5, 
	0x52, 0xd9, 0x52, 0xd9, 0xe5, 0xe7, 0xe5, 0xe7, 
	0xee, 0x29, 0xf6, 0xab, 0xf6, 0xab, 0xf6, 0xab, 
	0xee, 0x69, 0xcd, 0x65, 0xcd, 0x65, 0xee, 0x69, 
	0xf6, 0x69, 0xf6, 0x69, 0xc5, 0x23, 0xd5, 0x65, 
	0xee, 0x29, 0xfe, 0xed, 0xee, 0x29, 0xd5, 0xa5, 
	0xd5, 0xa3, 0xe5, 0xe7, 0xf6, 0x69, 0xf6, 0x69, 
	0xf6, 0x6b, 0xd5, 0xa5, 0xf6, 0x6b, 0xdd, 0xe7, 
	0xcd, 0x63, 0xd5, 0xa5, 0xd5, 0xa5, 0xcd, 0x63, 
	0xee, 0x69, 0xee, 0x69, 0xd5, 0xa5, 0xcd, 0x63, 
	0xd5, 0xa5, 0xee, 0x27, 0xd5, 0xa5, 0xd5, 0xa5, 
	0x8b, 0xdd, 0x62, 0xd9, 0xdd, 0xe7, 0xdd, 0xe7, 
	0xee, 0x69, 0xd5, 0xa5, 0xd5, 0xa5, 0xd5, 0xa5, 
	0xcd, 0x63, 0xcd, 0x63, 0xcd, 0x63, 0xcd, 0x63, 
	0xcd, 0x63, 0xbc, 0xe1, 0xcd, 0x63, 0xcd, 0x63, 
	0xee, 0x69, 0xee, 0x69, 0xee, 0x69, 0xdd, 0xa5, 
	0xee, 0x27, 0xee, 0x27, 0xd5, 0x65, 0xdd, 0xa5, 
	0xd5, 0xa5, 0xd5, 0xa5, 0xbc, 0xe1, 0xbc, 0xe1, 
	0xdd, 0xa5, 0xc5, 0x23, 0xb4, 0xa1, 0xdd, 0xa5, 
	0xa4, 0x5f, 0xe5, 0xe5, 0xe5, 0xe5, 0xe5, 0xe5, 
	0xe5, 0xe5, 0xe5, 0xe5, 0xe5, 0xe5, 0xe5, 0xe5, 
	0xe5, 0xe5, 0xe5, 0xe5, 0xe5, 0xe5, 0xe5, 0xe5, 
	0xe5, 0xe5, 0xe5, 0xe5, 0xe5, 0xe5, 0xe5, 0xe5, 
	0xe5, 0xe5, 0xe5, 0xe5, 0xe5, 0xe5, 0xe5, 0xe5, 
	0xe5, 0xe5, 0xe5, 0xe5, 0xe5, 0xe5, 0xe5, 0xe5, 
	0xe5, 0xe5, 0xe5, 0xe5, 0xe5, 0xe5, 0xe5, 0xe5, 
	0xe5, 0xe5, 0xe5, 0xe5, 0xe5, 0xe5, 0xe5, 0xe5, 
	0xdd, 0xe5, 0xdd, 0xe5, 0xdd, 0xe5, 0xdd, 0xe5, 
	0xdd, 0xe5, 0xdd, 0xe5, 0xdd, 0xe5, 0xdd, 0xe5, 
	0xdd, 0xe5, 0xdd, 0xe5, 0xdd, 0xe5, 0xdd, 0xe5, 
	0xdd, 0xe5, 0xdd, 0xe5, 0xdd, 0xe5, 0xdd, 0xe5, 
	0xdd, 0xe5, 0xdd, 0xe5, 0xdd, 0xe5, 0xdd, 0xe5, 
	0xdd, 0xe5, 0xdd, 0xe5, 0xdd, 0xe5, 0xdd, 0xe5, 
	0xdd, 0xe5, 0xdd, 0xe5, 0xdd, 0xe5, 0x9c, 0x5f, 
	0x5a, 0xd9, 0x5a, 0xd9, 0x7b, 0x9d, 0x7b, 0x9d, 
	0xac, 0xa3, 0xac, 0xa3, 0x6b, 0x5b, 0xac, 0xa3, 
	0xd5, 0xa5, 0xd5, 0xa5, 0x73, 0x5b, 0x42, 0x17, 
	0x52, 0x99, 0x52, 0x99, 0x83, 0xdd, 0x52, 0x99, 
	0x6b, 0x1b, 0xc5, 0x25, 0xc5, 0x25, 0xc5, 0x25, 
	0xd5, 0xa5, 0x9c, 0x61, 0x6b, 0x1b, 0x9c, 0x61, 
	0x63, 0x19, 0x63, 0x19, 0x21, 0x93, 0x9c, 0xa1, 
	0xbd, 0x25, 0x19, 0x53, 0x83, 0xdf, 0x83, 0xdf, 
	0x73, 0x5d, 0x42, 0x57, 0x73, 0x5d, 0x73, 0x5d, 
	0x42, 0x57, 0x19, 0x93, 0x19, 0x93, 0x73, 0x5d, 
	0x73, 0x5d, 0x21, 0x95, 0xc5, 0x25, 0x21, 0x95, 
	0x39, 0xd5, 0xf6, 0xef, 0xf6, 0xef, 0xb5, 0x27, 
	0x3a, 0x57, 0x3a, 0x57, 0x3a, 0x57, 0x73, 0x5d, 
	0x19, 0x93, 0x19, 0x93, 0x6b, 0x1b, 0x42, 0x57, 
	0x42, 0x57, 0x42, 0x57, 0x73, 0x5d, 0x73, 0x5d, 
	0xac, 0xa1, 0x42, 0x57, 0x09, 0x11, 0xac, 0xa1, 
	0x09, 0x11, 0x4a, 0x97, 0x29, 0xd5, 0x09, 0x11, 
	0x8b, 0xdf, 0x32, 0x15, 0x09, 0x11, 0x09, 0x11, 
	0x01, 0x0f, 0x01, 0x0f, 0x01, 0x0f, 0x01, 0x0f, 
	0x01, 0x0f, 0x01, 0x0f, 0x01, 0x0f, 0x19, 0x93, 
	0x4a, 0x99, 0x29, 0xd5, 0x09, 0x11, 0x09, 0x11, 
	0x29, 0xd5, 0x29, 0xd5, 0x63, 0x1b, 0x63, 0x1b, 
	0x42, 0x57, 0x5a, 0xdb, 0x21, 0x93, 0x21, 0x93, 
	0x6b, 0x1b, 0x3a, 0x15, 0x9c, 0x1f, 0x9c, 0x1f, 
	0x3a, 0x57, 0x3a, 0x57, 0x3a, 0x57, 0x11, 0x51, 
	0x7b, 0x9d, 0x7b, 0x9d, 0x7b, 0x9d, 0x29, 0xd5, 
	0x32, 0x15, 0x32, 0x15, 0x32, 0x15, 0x32, 0x15, 
	0xa4, 0x61, 0x3a, 0x57, 0x09, 0x11, 0x09, 0x11, 
	0x6b, 0x1b, 0x3a, 0x57, 0x6b, 0x1b, 0x6b, 0x1b, 
	0x42, 0x57, 0x42, 0x57, 0x11, 0x53, 0x42, 0x57, 
	0x6b, 0x5d, 0x6b, 0x5d, 0x31, 0xd5, 0x11, 0x51, 
	0x09, 0x11, 0x09, 0x11, 0x9c, 0x5f, 0xe5, 0xe7, 
	0xd5, 0xa3, 0xf6, 0xab, 0xdd, 0xe5, 0xdd, 0xe5, 
	0x83, 0x9d, 0xa4, 0x61, 0xa4, 0x61, 0xee, 0x69, 
	0xf6, 0x69, 0xe5, 0xe7, 0xe5, 0xe7, 0xf6, 0x69, 
	0xee, 0x29, 0xd5, 0xa5, 0xd5, 0xa5, 0xee, 0x29, 
	0xe5, 0xe7, 0xe5, 0xe7, 0xe5, 0xe7, 0xd5, 0xa3, 
	0xee, 0x29, 0xd5, 0xa5, 0xee, 0x29, 0xd5, 0xa5, 
	0xe5, 0xe7, 0xee, 0x69, 0xee, 0x69, 0xd5, 0xa5, 
	0xe5, 0xe7, 0xd5, 0xa5, 0xd5, 0xa5, 0xe5, 0xe7, 
	0xd5, 0xa5, 0xd5, 0xa5, 0xd5, 0xa5, 0xd5, 0xa5, 
	0xb4, 0xe3, 0x8b, 0xdd, 0xdd, 0xe7, 0xb4, 0xe3, 
	0xc5, 0x23, 0xd5, 0xa5, 0xee, 0x69, 0xee, 0x69, 
	0xcd, 0x63, 0xbd, 0x21, 0xbd, 0x21, 0xbd, 0x21, 
	0xdd, 0xa5, 0xdd, 0xa5, 0xdd, 0xa5, 0xdd, 0xa5, 
	0xee, 0x69, 0xee, 0x69, 0xdd, 0xa5, 0xd5, 0x63, 
	0xe5, 0xe7, 0xee, 0x27, 0xee, 0x27, 0xee, 0x27, 
	0xe6, 0x27, 0xe6, 0x27, 0xe6, 0x27, 0xe6, 0x27, 
	0xc5, 0x23, 0xdd, 0xa5, 0xdd, 0xa5, 0xdd, 0xa5, 
	0xcd, 0x63, 0xbc, 0xe1, 0xe5, 0xe5, 0xe5, 0xe5, 
	0xe5, 0xe5, 0xe5, 0xe5, 0xe5, 0xe5, 0xe5, 0xe5, 
	0xe5, 0xe5, 0xe5, 0xe5, 0xe5, 0xe5, 0xe5, 0xe5, 
	0xe5, 0xe5, 0xe5, 0xe5, 0xe5, 0xe5, 0xe5, 0xe5, 
	0xe5, 0xe5, 0xe5, 0xe5, 0xe5, 0xe5, 0xe5, 0xe5, 
	0xe5, 0xe5, 0xe5, 0xe5, 0xe5, 0xe5, 0xe5, 0xe5, 
	0xe5, 0xe5, 0xe5, 0xe5, 0xe5, 0xe5, 0xe5, 0xe5, 
	0xe5, 0xe5, 0xe5, 0xe5, 0xe5, 0xe5, 0xe5, 0xe5, 
	0xdd, 0xe5, 0xdd, 0xe5, 0xdd, 0xe5, 0xdd, 0xe5, 
	0xdd, 0xe5, 0xdd, 0xe5, 0xdd, 0xe5, 0xdd, 0xe5, 
	0xdd, 0xe5, 0xdd, 0xe5, 0xdd, 0xe5, 0xdd, 0xe5, 
	0xdd, 0xe5, 0xdd, 0xe5, 0xdd, 0xe5, 0xdd, 0xe5, 
	0xdd, 0xe5, 0xdd, 0xe5, 0xdd, 0xe5, 0xdd, 0xe5, 
	0xdd, 0xe5, 0xdd, 0xe5, 0xdd, 0xe5, 0xdd, 0xe5, 
	0xdd, 0xe5, 0xdd, 0xe5, 0xdd, 0xe5, 0x9c, 0x5f, 
	0x5a, 0xd9, 0x9c, 0x5f, 0xbd, 0x23, 0x5a, 0xd9, 
	0x29, 0xd5, 0x29, 0xd5, 0x29, 0xd5, 0x6b, 0x5b, 
	0x73, 0x5b, 0xd5, 0xa5, 0x73, 0x5b, 0x42, 0x17, 
	0x52, 0x99, 0x52, 0x99, 0xe5, 0xe7, 0x83, 0xdd, 
	0x6b, 0x1b, 0x6b, 0x1b, 0x6b, 0x1b, 0x6b, 0x1b, 
	0xd5, 0xa5, 0x9c, 0x61, 0x6b, 0x1b, 0x9c, 0x61, 
	0x21, 0x93, 0x21, 0x93, 0x21, 0x93, 0x63, 0x19, 
	0x52, 0x99, 0x19, 0x53, 0x52, 0x99, 0x52, 0x99, 
	0x73, 0x5d, 0x42, 0x57, 0x42, 0x57, 0x9c, 0x61, 
	0x73, 0x5d, 0x73, 0x5d, 0x19, 0x93, 0x73, 0x5d, 
	0x73, 0x5d, 0x21, 0x95, 0x21, 0x95, 0x21, 0x95, 
	0x39, 0xd5, 0xb5, 0x27, 0xf6, 0xef, 0xf6, 0xef, 
	0x73, 0x5d, 0x73, 0x5d, 0xa4, 0xa1, 0x73, 0x5d, 
	0x42, 0x57, 0x19, 0x93, 0x19, 0x93, 0x19, 0x93, 
	0x11, 0x53, 0x11, 0x53, 0x11, 0x53, 0x11, 0x53, 
	0x42, 0x57, 0x42, 0x57, 0x42, 0x57, 0xac, 0xa1, 
	0x29, 0xd5, 0x29, 0xd5, 0x29, 0xd5, 0x29, 0xd5, 
	0x8b, 0xdf, 0x63, 0x1b, 0x09, 0x11, 0x09, 0x11, 
	0x01, 0x0f, 0x01, 0x0f, 0x19, 0x93, 0x01, 0x0f, 
	0x3a, 0x55, 0x19, 0x93, 0x01, 0x0f, 0x01, 0x0f, 
	0x09, 0x11, 0x09, 0x11, 0x09, 0x11, 0x09, 0x11, 
	0x09, 0x11, 0x09, 0x11, 0x09, 0x11, 0x09, 0x11, 
	0x21, 0x93, 0x21, 0x93, 0x42, 0x57, 0x5a, 0xdb, 
	0x6b, 0x1b, 0x09, 0x11, 0x6b, 0x1b, 0x6b, 0x1b, 
	0x11, 0x51, 0x3a, 0x57, 0x3a, 0x57, 0x11, 0x51, 
	0x29, 0xd5, 0x29, 0xd5, 0x29, 0xd5, 0x29, 0xd5, 
	0x32, 0x15, 0x32, 0x15, 0x09, 0x11, 0x09, 0x11, 
	0x3a, 0x57, 0x3a, 0x57, 0x73, 0x5b, 0x3a, 0x57, 
	0x52, 0x99, 0x3a, 0x57, 0x6b, 0x1b, 0x6b, 0x1b, 
	0x11, 0x53, 0x11, 0x53, 0x11, 0x53, 0x11, 0x53, 
	0x31, 0xd5, 0x4a, 0x99, 0x4a, 0x99, 0x11, 0x51, 
	0x09, 0x11, 0x09, 0x11, 0x9c, 0x5f, 0xe5, 0xe7, 
	0xd5, 0xa3, 0xf6, 0xab, 0xdd, 0xe5, 0xdd, 0xe5, 
	0x83, 0x9d, 0xee, 0x69, 0xcd, 0x65, 0xee, 0x69, 
	0xd5, 0x65, 0xd5, 0x65, 0xf6, 0x69, 0xf6, 0x69, 
	0xee, 0x29, 0xc4, 0xe1, 0xd5, 0xa5, 0xd5, 0xa5, 
	0xf6, 0x69, 0xe5, 0xe7, 0xc5, 0x21, 0xd5, 0xa3, 
	0xf6, 0x6b, 0xf6, 0x6b, 0xf6, 0x6b, 0xf6, 0x6b, 
	0xd5, 0xa5, 0xe5, 0xe7, 0xee, 0x69, 0xd5, 0xa5, 
	0xd5, 0xa5, 0xee, 0x69, 0xee, 0x69, 0xd5, 0xa5, 
	0xac, 0xa1, 0xd5, 0xa5, 0xd5, 0xa5, 0xc5, 0x23, 
	0xdd, 0xe7, 0xdd, 0xe7, 0xdd, 0xe7, 0xdd, 0xe7, 
	0xc5, 0x23, 0xd5, 0xa5, 0xc5, 0x23, 0xee, 0x69, 
	0xcd, 0x63, 0xbd, 0x21, 0xbd, 0x21, 0xbd, 0x21, 
	0xdd, 0xa5, 0xdd, 0xa5, 0xdd, 0xa5, 0xdd, 0xa5, 
	0xe5, 0xe7, 0xe5, 0xe7, 0xdd, 0xa5, 0xd5, 0x63, 
	0xdd, 0xa5, 0xe5, 0xe7, 0xee, 0x27, 0xee, 0x27, 
	0xd5, 0xa5, 0xe6, 0x27, 0xe6, 0x27, 0xe6, 0x27, 
	0xc5, 0x23, 0xc5, 0x23, 0xb4, 0xa1, 0xdd, 0xa5, 
	0xcd, 0x63, 0xbc, 0xe1, 0xe5, 0xe5, 0xe5, 0xe5, 
	0xe5, 0xe5, 0xe5, 0xe5, 0xe5, 0xe5, 0xe5, 0xe5, 
	0xe5, 0xe5, 0xe5, 0xe5, 0xe5, 0xe5, 0xe5, 0xe5, 
	0xe5, 0xe5, 0xe5, 0xe5, 0xe5, 0xe5, 0xe5, 0xe5, 
	0xe5, 0xe5, 0xe5, 0xe5, 0xe5, 0xe5, 0xe5, 0xe5, 
	0xe5, 0xe5, 0xe5, 0xe5, 0xe5, 0xe5, 0xe5, 0xe5, 
	0xe5, 0xe5, 0xe5, 0xe5, 0xe5, 0xe5, 0xe5, 0xe5, 
	0xe5, 0xe5, 0xe5, 0xe5, 0xe5, 0xe5, 0xe5, 0xe5, 
	0xdd, 0xe5, 0xdd, 0xe5, 0xdd, 0xe5, 0xdd, 0xe5, 
	0xdd, 0xe5, 0xdd, 0xe5, 0xdd, 0xe5, 0xdd, 0xe5, 
	0xdd, 0xe5, 0xdd, 0xe5, 0xdd, 0xe5, 0xdd, 0xe5, 
	0xdd, 0xe5, 0xdd, 0xe5, 0xdd, 0xe5, 0xdd, 0xe5, 
	0xdd, 0xe5, 0xdd, 0xe5, 0xdd, 0xe5, 0xdd, 0xe5, 
	0xdd, 0xe5, 0xdd, 0xe5, 0xdd, 0xe5, 0xdd, 0xe5, 
	0xdd, 0xe5, 0xdd, 0xe5, 0xdd, 0xe5, 0xdd, 0xe5, 
	0x73, 0x5d, 0x73, 0x5d, 0xc5, 0x25, 0x73, 0x5d, 
	0x42, 0x57, 0x9c, 0x61, 0x42, 0x57, 0x19, 0x93, 
	0x21, 0x93, 0x5a, 0xd9, 0x5a, 0xd9, 0x5a, 0xd9, 
	0x42, 0x57, 0x42, 0x57, 0xcd, 0xa5, 0x42, 0x57, 
	0x3a, 0x57, 0x21, 0xd5, 0x3a, 0x57, 0x21, 0xd5, 
	0x73, 0x5b, 0x73, 0x5b, 0x73, 0x5b, 0xac, 0xa3, 
	0x29, 0xd5, 0x52, 0xd9, 0x29, 0xd5, 0x29, 0xd5, 
	0x09, 0x51, 0x94, 0x1f, 0x09, 0x51, 0x3a, 0x55, 
	0x52, 0x99, 0x52, 0x99, 0x52, 0x99, 0x52, 0x99, 
	0xe5, 0xe7, 0xe5, 0xe7, 0x3a, 0x17, 0x73, 0x5d, 
	0x32, 0x15, 0x32, 0x15, 0x9c, 0x1f, 0x9c, 0x1f, 
	0x62, 0xd9, 0xcd, 0x65, 0xcd, 0x65, 0xcd, 0x65, 
	0xcd, 0x65, 0x19, 0x95, 0xcd, 0x65, 0xcd, 0x65, 
	0xcd, 0x67, 0xcd, 0x67, 0x73, 0x5d, 0x42, 0x57, 
	0x52, 0x99, 0x52, 0x99, 0x19, 0x93, 0x19, 0x93, 
	0x42, 0x57, 0x11, 0x53, 0x11, 0x53, 0x42, 0x57, 
	0x32, 0x15, 0x09, 0x11, 0x09, 0x11, 0x32, 0x15, 
	0x6b, 0x5b, 0x9c, 0x5f, 0x9c, 0x5f, 0x6b, 0x5b, 
	0x09, 0x11, 0x09, 0x11, 0x3a, 0x57, 0x3a, 0x57, 
	0x32, 0x15, 0x32, 0x15, 0x11, 0x51, 0x11, 0x51, 
	0x32, 0x15, 0x32, 0x15, 0x11, 0x51, 0x11, 0x51, 
	0x09, 0x51, 0x09, 0x51, 0x09, 0x51, 0x09, 0x51, 
	0x11, 0x51, 0x11, 0x51, 0x11, 0x51, 0x11, 0x51, 
	0x01, 0x0f, 0x01, 0x0f, 0x73, 0x5d, 0x4a, 0x99, 
	0x09, 0x11, 0x21, 0x93, 0x21, 0x93, 0x09, 0x11, 
	0x19, 0x53, 0x4a, 0x57, 0x73, 0x5d, 0xa4, 0x61, 
	0x09, 0x11, 0x09, 0x11, 0x09, 0x11, 0x09, 0x11, 
	0x29, 0xd5, 0x73, 0x5d, 0x52, 0x99, 0x09, 0x11, 
	0x11, 0x51, 0x11, 0x51, 0x11, 0x51, 0x73, 0x5d, 
	0x01, 0x0f, 0x01, 0x0f, 0x01, 0x0f, 0x11, 0x51, 
	0x09, 0x11, 0x21, 0x93, 0x09, 0x11, 0x09, 0x11, 
	0x11, 0x51, 0x11, 0x51, 0x5a, 0xd9, 0xe6, 0x29, 
	0xdd, 0xa7, 0xdd, 0xa7, 0xdd, 0xa7, 0xfe, 0xab, 
	0xe5, 0xe7, 0xf6, 0x69, 0xe5, 0xe7, 0xf6, 0x69, 
	0xf6, 0x6b, 0xf6, 0x6b, 0xfe, 0xed, 0xe5, 0xe7, 
	0xe6, 0x29, 0xb4, 0x9f, 0xb4, 0x9f, 0xb4, 0x9f, 
	0xfe, 0xeb, 0xfe, 0xeb, 0xcd, 0x23, 0xdd, 0xa5, 
	0xe6, 0x29, 0xe6, 0x29, 0xe6, 0x29, 0xe6, 0x29, 
	0xf6, 0x69, 0xd5, 0xa5, 0x94, 0x1f, 0xd5, 0xa5, 
	0xcd, 0x65, 0xcd, 0x65, 0xcd, 0x65, 0xf6, 0x69, 
	0xac, 0xa1, 0x83, 0x9d, 0xac, 0xa1, 0x83, 0x9d, 
	0xcd, 0x63, 0xe5, 0xe7, 0xf6, 0x69, 0xe5, 0xe7, 
	0xe6, 0x27, 0xe6, 0x27, 0xb4, 0xe1, 0xe6, 0x27, 
	0xcd, 0x63, 0xcd, 0x63, 0xcd, 0x63, 0xd5, 0xa5, 
	0xee, 0x27, 0xdd, 0xa5, 0xdd, 0xa5, 0xdd, 0xa5, 
	0xdd, 0xe5, 0xdd, 0xe5, 0xdd, 0xe5, 0xdd, 0xe5, 
	0xd5, 0xa5, 0xe6, 0x27, 0xd5, 0xa5, 0xd5, 0xa5, 
	0xdd, 0xa5, 0xdd, 0xa5, 0xdd, 0xa5, 0xdd, 0xa5, 
	0xa4, 0x5f, 0xbd, 0x23, 0xa4, 0x5f, 0xbd, 0x23, 
	0xcd, 0x63, 0xbc, 0xe3, 0xbc, 0xe3, 0xd5, 0xa5, 
	0xe5, 0xe5, 0xe5, 0xe5, 0xe5, 0xe5, 0xe5, 0xe5, 
	0xe5, 0xe5, 0xe5, 0xe5, 0xe5, 0xe5, 0xe5, 0xe5, 
	0xe5, 0xe5, 0xe5, 0xe5, 0xe5, 0xe5, 0xe5, 0xe5, 
	0xe5, 0xe5, 0xe5, 0xe5, 0xe5, 0xe5, 0xe5, 0xe5, 
	0xe5, 0xe5, 0xe5, 0xe5, 0xe5, 0xe5, 0xe5, 0xe5, 
	0xe5, 0xe5, 0xe5, 0xe5, 0xe5, 0xe5, 0xe5, 0xe5, 
	0xe5, 0xe5, 0xe5, 0xe5, 0xe5, 0xe5, 0xe5, 0xe5, 
	0xdd, 0xe5, 0xdd, 0xe5, 0xdd, 0xe5, 0xdd, 0xe5, 
	0xdd, 0xe5, 0xdd, 0xe5, 0xdd, 0xe5, 0xdd, 0xe5, 
	0xdd, 0xe5, 0xdd, 0xe5, 0xdd, 0xe5, 0xdd, 0xe5, 
	0xdd, 0xe5, 0xdd, 0xe5, 0xdd, 0xe5, 0xdd, 0xe5, 
	0xdd, 0xe5, 0xdd, 0xe5, 0xdd, 0xe5, 0xdd, 0xe5, 
	0xdd, 0xe5, 0xdd, 0xe5, 0xdd, 0xe5, 0xdd, 0xe5, 
	0xdd, 0xe5, 0xbd, 0x23, 0x9c, 0x5f, 0x9c, 0x5f, 
	0x73, 0x5d, 0x73, 0x5d, 0x73, 0x5d, 0x9c, 0x61, 
	0x42, 0x57, 0x42, 0x57, 0x73, 0x5d, 0x73, 0x5d, 
	0x5a, 0xd9, 0x8c, 0x1f, 0x8c, 0x1f, 0x5a, 0xd9, 
	0x42, 0x57, 0x42, 0x57, 0x73, 0x5b, 0x42, 0x57, 
	0x5a, 0xd9, 0x3a, 0x57, 0x21, 0xd5, 0x3a, 0x57, 
	0x73, 0x5b, 0x3a, 0x15, 0x3a, 0x15, 0xac, 0xa3, 
	0x7b, 0x9d, 0x52, 0xd9, 0x7b, 0x9d, 0x7b, 0x9d, 
	0x09, 0x51, 0x63, 0x1b, 0x09, 0x51, 0x63, 0x1b, 
	0xb4, 0xe5, 0xb4, 0xe5, 0xb4, 0xe5, 0x83, 0xdf, 
	0xe5, 0xe7, 0xe5, 0xe7, 0xac, 0xa1, 0x73, 0x5d, 
	0x32, 0x15, 0x63, 0x19, 0x9c, 0x1f, 0x9c, 0x1f, 
	0x94, 0x1f, 0xcd, 0x65, 0x94, 0x1f, 0x94, 0x1f, 
	0x73, 0x5d, 0x19, 0x95, 0x73, 0x5d, 0x73, 0x5d, 
	0x42, 0x57, 0x73, 0x5d, 0x73, 0x5d, 0x42, 0x57, 
	0xbc, 0xe5, 0xbc, 0xe5, 0x19, 0x93, 0x52, 0x99, 
	0x73, 0x5d, 0x73, 0x5d, 0x42, 0x57, 0xa4, 0xa1, 
	0x62, 0xdb, 0x09, 0x11, 0x09, 0x11, 0x09, 0x11, 
	0x6b, 0x5b, 0x9c, 0x5f, 0x9c, 0x5f, 0x6b, 0x5b, 
	0x3a, 0x57, 0x09, 0x11, 0x09, 0x11, 0x19, 0x93, 
	0x11, 0x51, 0x32, 0x15, 0x32, 0x15, 0x6b, 0x5d, 
	0x6b, 0x5d, 0x6b, 0x5d, 0x11, 0x51, 0x4a, 0x99, 
	0x52, 0x99, 0x52, 0x99, 0x73, 0x5d, 0x29, 0xd5, 
	0x11, 0x51, 0x11, 0x51, 0x11, 0x51, 0x42, 0x57, 
	0x4a, 0x99, 0x4a, 0x99, 0x73, 0x5d, 0x4a, 0x99, 
	0x4a, 0x99, 0x21, 0x93, 0x09, 0x11, 0x32, 0x17, 
	0x4a, 0x57, 0x4a, 0x57, 0x4a, 0x57, 0x73, 0x5d, 
	0x83, 0x9d, 0x09, 0x11, 0x32, 0x15, 0x09, 0x11, 
	0x52, 0x99, 0x73, 0x5d, 0x73, 0x5d, 0x29, 0xd5, 
	0x11, 0x51, 0x11, 0x51, 0x11, 0x51, 0x11, 0x51, 
	0x01, 0x0f, 0x01, 0x0f, 0x01, 0x0f, 0x11, 0x51, 
	0x09, 0x11, 0x4a, 0x99, 0x4a, 0x99, 0x4a, 0x99, 
	0x5a, 0xd9, 0x11, 0x51, 0x11, 0x51, 0xe6, 0x29, 
	0x94, 0x1d, 0x94, 0x1d, 0xb4, 0xe1, 0xfe, 0xab, 
	0xf6, 0x69, 0xf6, 0x69, 0xdd, 0xa5, 0xe5, 0xe7, 
	0xe5, 0xe7, 0xf6, 0x6b, 0xfe, 0xed, 0xf6, 0x6b, 
	0xff, 0x2d, 0xff, 0x2d, 0xcd, 0x63, 0xcd, 0x63, 
	0xfe, 0xeb, 0xdd, 0xa5, 0xdd, 0xa5, 0xcd, 0x23, 
	0xcd, 0x63, 0xe6, 0x29, 0xcd, 0x63, 0xcd, 0x63, 
	0xf6, 0x69, 0xf6, 0x69, 0x94, 0x1f, 0xb4, 0xe3, 
	0xf6, 0x69, 0xcd, 0x65, 0xac, 0x9f, 0xf6, 0x69, 
	0xcd, 0x65, 0xac, 0xa1, 0xcd, 0x65, 0xac, 0xa1, 
	0xcd, 0x63, 0xe5, 0xe7, 0xcd, 0x63, 0xcd, 0x63, 
	0xd5, 0xa5, 0xd5, 0xa5, 0xd5, 0xa5, 0xe6, 0x27, 
	0xcd, 0x63, 0xd5, 0xa5, 0xdd, 0xe7, 0xcd, 0x63, 
	0xee, 0x27, 0xdd, 0xa5, 0xdd, 0xa5, 0xdd, 0xa5, 
	0xa4, 0x5f, 0xdd, 0xe5, 0xdd, 0xe5, 0xdd, 0xe5, 
	0xe6, 0x27, 0xd5, 0xa5, 0xd5, 0xa5, 0xcd, 0x23, 
	0xcd, 0x23, 0xdd, 0xa5, 0xdd, 0xa5, 0xcd, 0x23, 
	0xbd, 0x23, 0xbd, 0x23, 0xbd, 0x23, 0xbd, 0x23, 
	0xcd, 0x63, 0xbc, 0xe3, 0xbc, 0xe3, 0xd5, 0xa5, 
	0xe5, 0xe5, 0xe5, 0xe5, 0xe5, 0xe5, 0xe5, 0xe5, 
	0xe5, 0xe5, 0xe5, 0xe5, 0xe5, 0xe5, 0xe5, 0xe5, 
	0xe5, 0xe5, 0xe5, 0xe5, 0xe5, 0xe5, 0xe5, 0xe5, 
	0xe5, 0xe5, 0xe5, 0xe5, 0xe5, 0xe5, 0xe5, 0xe5, 
	0xe5, 0xe5, 0xe5, 0xe5, 0xe5, 0xe5, 0xe5, 0xe5, 
	0xe5, 0xe5, 0xe5, 0xe5, 0xe5, 0xe5, 0xe5, 0xe5, 
	0xe5, 0xe5, 0xe5, 0xe5, 0xe5, 0xe5, 0xe5, 0xe5, 
	0xdd, 0xa3, 0xdd, 0xa3, 0xdd, 0xe5, 0xdd, 0xe5, 
	0xdd, 0xe5, 0xdd, 0xe5, 0xdd, 0xe5, 0xdd, 0xe5, 
	0xdd, 0xe5, 0xdd, 0xe5, 0xdd, 0xe5, 0xdd, 0xe5, 
	0xdd, 0xe5, 0xdd, 0xe5, 0xdd, 0xe5, 0xdd, 0xe5, 
	0xdd, 0xe5, 0xdd, 0xe5, 0xdd, 0xe5, 0xdd, 0xe5, 
	0xdd, 0xe5, 0xdd, 0xe5, 0xdd, 0xe5, 0xdd, 0xe5, 
	0xdd, 0xe5, 0x9c, 0x5f, 0xbd, 0x23, 0xbd, 0x23, 
	0x4a, 0x99, 0x4a, 0x99, 0x4a, 0x99, 0x73, 0x5d, 
	0x42, 0x57, 0x42, 0x57, 0x42, 0x57, 0x73, 0x5d, 
	0x8c, 0x1f, 0x5a, 0xd9, 0x5a, 0xd9, 0x21, 0x93, 
	0x73, 0x5b, 0x42, 0x57, 0xcd, 0xa5, 0xcd, 0xa5, 
	0x3a, 0x57, 0x21, 0xd5, 0x21, 0xd5, 0x73, 0x5b, 
	0x73, 0x5b, 0x73, 0x5b, 0xe5, 0xe9, 0x3a, 0x15, 
	0x29, 0xd5, 0x29, 0xd5, 0x29, 0xd5, 0x52, 0xd9, 
	0x63, 0x1b, 0x63, 0x1b, 0x09, 0x51, 0x3a, 0x55, 
	0xb4, 0xe5, 0x52, 0x99, 0x52, 0x99, 0x21, 0x93, 
	0x3a, 0x17, 0x73, 0x5d, 0x73, 0x5d, 0xac, 0xa1, 
	0x32, 0x15, 0xcd, 0x23, 0xcd, 0x23, 0x9c, 0x1f, 
	0xcd, 0x65, 0xfe, 0xeb, 0xcd, 0x65, 0xcd, 0x65, 
	0x73, 0x5d, 0x19, 0x95, 0x19, 0x95, 0x19, 0x95, 
	0x42, 0x57, 0x42, 0x57, 0x9c, 0x61, 0x42, 0x57, 
	0x19, 0x93, 0x83, 0xdf, 0x83, 0xdf, 0x83, 0xdf, 
	0x73, 0x5d, 0xa4, 0xa1, 0x42, 0x57, 0xa4, 0xa1, 
	0x62, 0xdb, 0x62, 0xdb, 0x62, 0xdb, 0x62, 0xdb, 
	0x11, 0x51, 0x11, 0x51, 0x11, 0x51, 0x11, 0x51, 
	0x29, 0xd5, 0x29, 0xd5, 0x09, 0x11, 0x09, 0x11, 
	0x11, 0x51, 0x6b, 0x5d, 0x32, 0x15, 0x11, 0x51, 
	0x11, 0x51, 0x32, 0x15, 0x11, 0x51, 0x32, 0x15, 
	0x52, 0x99, 0x29, 0xd5, 0x29, 0xd5, 0x73, 0x5d, 
	0x11, 0x51, 0x42, 0x57, 0xac, 0xa3, 0x11, 0x51, 
	0x01, 0x0f, 0x29, 0xd3, 0x4a, 0x99, 0x01, 0x0f, 
	0x4a, 0x99, 0x21, 0x93, 0x09, 0x11, 0x09, 0x11, 
	0x19, 0x53, 0x19, 0x53, 0x4a, 0x57, 0x19, 0x53, 
	0x09, 0x11, 0x09, 0x11, 0x32, 0x15, 0x32, 0x15, 
	0x09, 0x11, 0x09, 0x11, 0x29, 0xd5, 0x09, 0x11, 
	0x32, 0x15, 0x11, 0x51, 0x32, 0x15, 0x73, 0x5d, 
	0x29, 0xd5, 0x29, 0xd5, 0x01, 0x0f, 0x01, 0x0f, 
	0x21, 0x93, 0x09, 0x11, 0x09, 0x11, 0x09, 0x11, 
	0x11, 0x51, 0x11, 0x51, 0x11, 0x51, 0x9c, 0xa1, 
	0xb4, 0xe1, 0x94, 0x1d, 0xdd, 0xa7, 0xdd, 0xa7, 
	0xe5, 0xe7, 0xfe, 0xeb, 0xdd, 0xa5, 0xdd, 0xa5, 
	0xf6, 0x6b, 0xfe, 0xed, 0xf6, 0x6b, 0xe5, 0xe7, 
	0xe6, 0x29, 0xe6, 0x29, 0xe6, 0x29, 0xe6, 0x29, 
	0xee, 0x29, 0xee, 0x29, 0xee, 0x29, 0xdd, 0xa5, 
	0xfe, 0xed, 0xe6, 0x29, 0xb4, 0x9f, 0xb4, 0x9f, 
	0xb4, 0xe3, 0xd5, 0xa5, 0xd5, 0xa5, 0xd5, 0xa5, 
	0xcd, 0x65, 0xcd, 0x65, 0xf6, 0x69, 0xf6, 0x69, 
	0xcd, 0x65, 0xac, 0xa1, 0xcd, 0x65, 0xf6, 0x69, 
	0xcd, 0x63, 0xbd, 0x21, 0xbd, 0x21, 0xbd, 0x21, 
	0xd5, 0xa5, 0xd5, 0xa5, 0xd5, 0xa5, 0xd5, 0xa5, 
	0xd5, 0xa5, 0xe6, 0x29, 0xe6, 0x29, 0xd5, 0xa5, 
	0xdd, 0xa5, 0xbc, 0xe1, 0xee, 0x27, 0xee, 0x27, 
	0xdd, 0xe5, 0xdd, 0xe5, 0xdd, 0xe5, 0xdd, 0xe5, 
	0xd5, 0xa5, 0xd5, 0xa5, 0xd5, 0xa5, 0xbc, 0xe1, 
	0xcd, 0x23, 0xdd, 0xa5, 0xa4, 0x5f, 0xb4, 0xa1, 
	0xdd, 0xa5, 0xdd, 0xa5, 0xbd, 0x23, 0xbd, 0x23, 
	0xbc, 0xe3, 0xbc, 0xe3, 0xbc, 0xe3, 0xbc, 0xe3, 
	0xd5, 0x63, 0xe5, 0xe5, 0xe5, 0xe5, 0xe5, 0xe5, 
	0xe5, 0xe5, 0xe5, 0xe5, 0xe5, 0xe5, 0xe5, 0xe5, 
	0xe5, 0xe5, 0xe5, 0xe5, 0xe5, 0xe5, 0xe5, 0xe5, 
	0xe5, 0xe5, 0xe5, 0xe5, 0xe5, 0xe5, 0xe5, 0xe5, 
	0xe5, 0xe5, 0xe5, 0xe5, 0xe5, 0xe5, 0xe5, 0xe5, 
	0xe5, 0xe5, 0xe5, 0xe5, 0xe5, 0xe5, 0xe5, 0xe5, 
	0xe5, 0xe5, 0xe5, 0xe5, 0xe5, 0xe5, 0xe5, 0xe5, 
	0xdd, 0xa3, 0xdd, 0xa3, 0xdd, 0xe5, 0xdd, 0xe5, 
	0xdd, 0xe5, 0xdd, 0xe5, 0xdd, 0xe5, 0xdd, 0xe5, 
	0xdd, 0xe5, 0xdd, 0xe5, 0xdd, 0xe5, 0xdd, 0xe5, 
	0xdd, 0xe5, 0xdd, 0xe5, 0xdd, 0xe5, 0xdd, 0xe5, 
	0xdd, 0xe5, 0xdd, 0xe5, 0xdd, 0xe5, 0xdd, 0xe5, 
	0xdd, 0xe5, 0xdd, 0xe5, 0xdd, 0xe5, 0xdd, 0xe5, 
	0xdd, 0xe5, 0x9c, 0x5f, 0x7b, 0x9d, 0x9c, 0x5f, 
	0x4a, 0x99, 0x73, 0x5d, 0x9c, 0x61, 0x73, 0x5d, 
	0x19, 0x93, 0x73, 0x5d, 0x9c, 0x61, 0x73, 0x5d, 
	0xc5, 0x25, 0x8c, 0x1f, 0x5a, 0xd9, 0x21, 0x93, 
	0x73, 0x5b, 0x42, 0x57, 0x42, 0x57, 0x73, 0x5b, 
	0x73, 0x5b, 0x73, 0x5b, 0x3a, 0x57, 0x73, 0x5b, 
	0x73, 0x5b, 0x3a, 0x15, 0xe5, 0xe9, 0xac, 0xa3, 
	0xa4, 0xa1, 0xa4, 0xa1, 0x7b, 0x9d, 0x52, 0xd9, 
	0x94, 0x1f, 0x63, 0x1b, 0x3a, 0x55, 0x09, 0x51, 
	0x52, 0x99, 0x52, 0x99, 0x21, 0x93, 0x21, 0x93, 
	0x3a, 0x17, 0x73, 0x5d, 0x73, 0x5d, 0xac, 0xa1, 
	0x9c, 0x1f, 0xcd, 0x23, 0x32, 0x15, 0x32, 0x15, 
	0x94, 0x1f, 0xfe, 0xeb, 0xfe, 0xeb, 0xfe, 0xeb, 
	0xcd, 0x65, 0x19, 0x95, 0x73, 0x5d, 0x73, 0x5d, 
	0xcd, 0x67, 0x9c, 0x61, 0x9c, 0x61, 0xcd, 0x67, 
	0x19, 0x93, 0x52, 0x99, 0x52, 0x99, 0x52, 0x99, 
	0x42, 0x57, 0x73, 0x5d, 0x11, 0x53, 0x42, 0x57, 
	0x32, 0x15, 0x62, 0xdb, 0x62, 0xdb, 0x8b, 0xdf, 
	0x9c, 0x5f, 0x11, 0x51, 0x11, 0x51, 0x11, 0x51, 
	0x09, 0x11, 0x09, 0x11, 0x09, 0x11, 0x09, 0x11, 
	0x11, 0x51, 0x11, 0x51, 0x11, 0x51, 0x11, 0x51, 
	0x11, 0x51, 0x11, 0x51, 0x11, 0x51, 0x11, 0x51, 
	0x09, 0x51, 0x09, 0x51, 0x09, 0x51, 0x29, 0xd5, 
	0x11, 0x51, 0x42, 0x57, 0x42, 0x57, 0x11, 0x51, 
	0x01, 0x0f, 0x29, 0xd3, 0x73, 0x5d, 0x29, 0xd3, 
	0x09, 0x11, 0x09, 0x11, 0x09, 0x11, 0x09, 0x11, 
	0x19, 0x53, 0x19, 0x53, 0x19, 0x53, 0x19, 0x53, 
	0x09, 0x11, 0x5a, 0xd9, 0x5a, 0xd9, 0x09, 0x11, 
	0x09, 0x11, 0x09, 0x11, 0x52, 0x99, 0x09, 0x11, 
	0x52, 0x99, 0x11, 0x51, 0x11, 0x51, 0x32, 0x15, 
	0x19, 0x93, 0x01, 0x0f, 0x29, 0xd5, 0x01, 0x0f, 
	0x09, 0x11, 0x32, 0x17, 0x09, 0x11, 0x09, 0x11, 
	0x11, 0x51, 0x11, 0x51, 0x11, 0x51, 0x5a, 0xd9, 
	0xdd, 0xa7, 0xdd, 0xa7, 0xb4, 0xe1, 0xdd, 0xa7, 
	0xf6, 0x69, 0xfe, 0xeb, 0xf6, 0x69, 0xf6, 0x69, 
	0xe5, 0xe7, 0xfe, 0xed, 0xdd, 0xa5, 0xdd, 0xa5, 
	0xe6, 0x29, 0xe6, 0x29, 0xcd, 0x63, 0xe6, 0x29, 
	0xcd, 0x23, 0xee, 0x29, 0xee, 0x29, 0xdd, 0xa5, 
	0xe6, 0x29, 0xe6, 0x29, 0xcd, 0x63, 0xcd, 0x63, 
	0xd5, 0xa5, 0xd5, 0xa5, 0xb4, 0xe3, 0xd5, 0xa5, 
	0xcd, 0x65, 0x83, 0xdb, 0xcd, 0x65, 0xf6, 0x69, 
	0xac, 0xa1, 0x83, 0x9d, 0xac, 0xa1, 0xf6, 0x69, 
	0xcd, 0x63, 0xbd, 0x21, 0xbd, 0x21, 0xcd, 0x63, 
	0xd5, 0xa5, 0xc5, 0x23, 0xb4, 0xe1, 0xd5, 0xa5, 
	0xe6, 0x29, 0xd5, 0xa5, 0xd5, 0xa5, 0xe6, 0x29, 
	0xdd, 0xa5, 0xcd, 0x63, 0xdd, 0xa5, 0xee, 0x27, 
	0xdd, 0xe5, 0xdd, 0xe5, 0xbd, 0x23, 0x83, 0x9d, 
	0xd5, 0xa5, 0xd5, 0xa5, 0xd5, 0xa5, 0xd5, 0xa5, 
	0xdd, 0xa5, 0xcd, 0x23, 0xcd, 0x23, 0xcd, 0x23, 
	0xdd, 0xa5, 0xdd, 0xa5, 0x83, 0xdd, 0xa4, 0x5f, 
	0xb4, 0xa1, 0xd5, 0xa5, 0xbc, 0xe3, 0xb4, 0xa1, 
	0xcd, 0x63, 0xdd, 0xa5, 0xe5, 0xe5, 0xe5, 0xe5, 
	0xe5, 0xe5, 0xe5, 0xe5, 0xe5, 0xe5, 0xe5, 0xe5, 
	0xe5, 0xe5, 0xe5, 0xe5, 0xe5, 0xe5, 0xe5, 0xe5, 
	0xe5, 0xe5, 0xe5, 0xe5, 0xe5, 0xe5, 0xe5, 0xe5, 
	0xe5, 0xe5, 0xe5, 0xe5, 0xe5, 0xe5, 0xe5, 0xe5, 
	0xe5, 0xe5, 0xe5, 0xe5, 0xe5, 0xe5, 0xe5, 0xe5, 
	0xe5, 0xe5, 0xe5, 0xe5, 0xe5, 0xe5, 0xe5, 0xe5, 
	0xdd, 0xa3, 0xdd, 0xa3, 0xdd, 0xa3, 0xdd, 0xa3, 
	0xdd, 0xa3, 0xdd, 0xa3, 0xdd, 0xa3, 0xdd, 0xa3, 
	0xdd, 0xa3, 0xdd, 0xa3, 0xdd, 0xa3, 0xdd, 0xa3, 
	0xdd, 0xa3, 0xdd, 0xa3, 0xdd, 0xe5, 0xdd, 0xe5, 
	0xdd, 0xe5, 0xdd, 0xe5, 0xdd, 0xe5, 0xdd, 0xe5, 
	0xdd, 0xe5, 0xdd, 0xe5, 0xdd, 0xe5, 0xdd, 0xe5, 
	0xd5, 0xa5, 0xa4, 0xa1, 0x7b, 0x9d, 0x4a, 0x59, 
	0x3a, 0x15, 0x73, 0x5b, 0x73, 0x5b, 0xac, 0xe3, 
	0x4a, 0x99, 0x7b, 0x5d, 0xa4, 0x61, 0xa4, 0x61, 
	0xee, 0x6b, 0x83, 0xdf, 0x52, 0x99, 0x52, 0x99, 
	0x32, 0x15, 0x32, 0x15, 0x32, 0x15, 0x32, 0x15, 
	0x11, 0x53, 0x9c, 0x1d, 0x9c, 0x1d, 0x9c, 0x1d, 
	0x19, 0x53, 0x4a, 0x57, 0x73, 0x9d, 0x73, 0x9d, 
	0xe6, 0x29, 0x9c, 0x61, 0xe6, 0x29, 0x52, 0x9b, 
	0x5a, 0xdb, 0x29, 0xd5, 0x11, 0x51, 0x11, 0x51, 
	0x9c, 0x61, 0x9c, 0x61, 0x19, 0x93, 0x19, 0x93, 
	0x21, 0x93, 0x7b, 0x9d, 0x7b, 0x9d, 0x7b, 0x9d, 
	0xac, 0xa1, 0x19, 0x53, 0x19, 0x53, 0x19, 0x53, 
	0x5a, 0x15, 0xc5, 0xa7, 0xc5, 0xa7, 0xc5, 0xa7, 
	0xf6, 0xab, 0xb5, 0x23, 0x73, 0x5d, 0x31, 0xd5, 
	0xa4, 0x61, 0xa4, 0x61, 0xa4, 0x61, 0xe5, 0xe7, 
	0xf6, 0x6b, 0xac, 0xa3, 0x19, 0x53, 0x19, 0x53, 
	0x09, 0x11, 0x01, 0x0f, 0x09, 0x11, 0x01, 0x0f, 
	0x09, 0x11, 0x09, 0x11, 0x09, 0x11, 0x09, 0x11, 
	0x83, 0x9d, 0x11, 0x53, 0x11, 0x53, 0x11, 0x53, 
	0x11, 0x53, 0x11, 0x53, 0x11, 0x53, 0x09, 0x11, 
	0x09, 0x11, 0x83, 0xdf, 0x32, 0x15, 0x32, 0x15, 
	0x09, 0x11, 0x09, 0x11, 0x29, 0xd5, 0x73, 0x5b, 
	0x21, 0xd5, 0x5b, 0x1b, 0x21, 0xd5, 0x21, 0xd5, 
	0x09, 0x11, 0x09, 0x11, 0x09, 0x11, 0x09, 0x11, 
	0x42, 0x57, 0x11, 0x51, 0x42, 0x57, 0xa4, 0xa3, 
	0x83, 0xdf, 0x32, 0x15, 0x09, 0x11, 0x09, 0x11, 
	0x09, 0x11, 0x09, 0x11, 0x09, 0x11, 0x52, 0xd9, 
	0x09, 0x11, 0x09, 0x11, 0x09, 0x11, 0x09, 0x11, 
	0x09, 0x11, 0x21, 0x93, 0x09, 0x11, 0x09, 0x11, 
	0x21, 0x93, 0x09, 0x11, 0x21, 0x93, 0x21, 0x93, 
	0x09, 0x11, 0x52, 0xd9, 0x7b, 0x9d, 0x32, 0x15, 
	0x29, 0xd3, 0x4a, 0x99, 0x4a, 0x99, 0x01, 0x0f, 
	0x09, 0x11, 0x09, 0x11, 0x52, 0x99, 0x52, 0x99, 
	0xdd, 0xe7, 0xfe, 0xeb, 0xdd, 0xe7, 0xdd, 0xe7, 
	0xfe, 0xed, 0xee, 0x69, 0xee, 0x69, 0xee, 0x69, 
	0xee, 0x27, 0xee, 0x27, 0xdd, 0xa5, 0xdd, 0xa5, 
	0xdd, 0xe5, 0xdd, 0xe5, 0xcd, 0x63, 0xcd, 0x63, 
	0xc5, 0x21, 0xee, 0x27, 0xfe, 0xeb, 0xfe, 0xeb, 
	0xe5, 0xe7, 0xf6, 0x69, 0xd5, 0xa5, 0xc5, 0x23, 
	0xf6, 0x69, 0xcd, 0x65, 0xe5, 0xe7, 0xf6, 0x69, 
	0xdd, 0xa5, 0xf6, 0x69, 0xbc, 0xe3, 0xa4, 0x1f, 
	0xcd, 0x63, 0xcd, 0x63, 0xcd, 0x63, 0xf6, 0x69, 
	0xd5, 0xa5, 0xc5, 0x23, 0xe5, 0xe7, 0xe5, 0xe7, 
	0xd5, 0xa5, 0xd5, 0xa5, 0xbc, 0xe1, 0xd5, 0xa5, 
	0xe5, 0xe7, 0xe5, 0xe7, 0xcd, 0x65, 0xe5, 0xe7, 
	0xac, 0x9f, 0xc5, 0x23, 0xac, 0x9f, 0xac, 0x9f, 
	0xd5, 0xa5, 0xd5, 0xa5, 0xd5, 0xa5, 0xd5, 0xa5, 
	0xd5, 0xa5, 0xe6, 0x27, 0xe6, 0x27, 0xe6, 0x27, 
	0xc5, 0x23, 0xdd, 0xa5, 0xdd, 0xa5, 0xdd, 0xa5, 
	0xa4, 0x5d, 0xcd, 0x23, 0xa4, 0x5d, 0xa4, 0x5d, 
	0xdd, 0xe5, 0xdd, 0xe5, 0xac, 0x9f, 0xac, 0x9f, 
	0xd5, 0x63, 0xac, 0xa1, 0xe5, 0xe5, 0xe5, 0xe5, 
	0xe5, 0xe5, 0xe5, 0xe5, 0xe5, 0xe5, 0xe5, 0xe5, 
	0xe5, 0xe5, 0xe5, 0xe5, 0xe5, 0xe5, 0xe5, 0xe5, 
	0xe5, 0xe5, 0xe5, 0xe5, 0xe5, 0xe5, 0xe5, 0xe5, 
	0xe5, 0xe5, 0xe5, 0xe5, 0xe5, 0xe5, 0xe5, 0xe5, 
	0xe5, 0xe5, 0xe5, 0xe5, 0xe5, 0xe5, 0xe5, 0xe5, 
	0xe5, 0xe5, 0xe5, 0xe5, 0xe5, 0xe5, 0xe5, 0xe5, 
	0xdd, 0xa3, 0xdd, 0xa3, 0xdd, 0xa3, 0xdd, 0xa3, 
	0xdd, 0xa3, 0xdd, 0xa3, 0xdd, 0xa3, 0xdd, 0xa3, 
	0xdd, 0xa3, 0xdd, 0xa3, 0xdd, 0xa3, 0xdd, 0xa3, 
	0xdd, 0xa3, 0xdd, 0xa3, 0xdd, 0xe5, 0xdd, 0xe5, 
	0xdd, 0xe5, 0xdd, 0xe5, 0xdd, 0xe5, 0xdd, 0xe5, 
	0xdd, 0xe5, 0xdd, 0xe5, 0xdd, 0xe5, 0xdd, 0xe5, 
	0xa4, 0xa1, 0x7b, 0x9d, 0xd5, 0xa5, 0x7b, 0x9d, 
	0x3a, 0x15, 0x3a, 0x15, 0x73, 0x5b, 0xe6, 0x29, 
	0xa4, 0x61, 0x7b, 0x5d, 0xa4, 0x61, 0x4a, 0x99, 
	0x52, 0x99, 0x52, 0x99, 0x52, 0x99, 0x52, 0x99, 
	0x32, 0x15, 0x32, 0x15, 0xa4, 0x61, 0x32, 0x15, 
	0x11, 0x53, 0x6b, 0x19, 0x9c, 0x1d, 0x9c, 0x1d, 
	0x4a, 0x57, 0xa4, 0xa1, 0x19, 0x53, 0x19, 0x53, 
	0x52, 0x9b, 0x52, 0x9b, 0x9c, 0x61, 0x52, 0x9b, 
	0x5a, 0xdb, 0x11, 0x51, 0x11, 0x51, 0x29, 0xd5, 
	0x19, 0x93, 0x42, 0x57, 0x19, 0x93, 0x19, 0x93, 
	0x21, 0x93, 0x52, 0x99, 0xac, 0xa3, 0x52, 0x99, 
	0x4a, 0x57, 0x19, 0x53, 0x19, 0x53, 0x7b, 0x9d, 
	0x93, 0xdf, 0xc5, 0xa7, 0xc5, 0xa7, 0x93, 0xdf, 
	0xf6, 0xab, 0xf6, 0xab, 0x31, 0xd5, 0x31, 0xd5, 
	0xa4, 0x61, 0x5b, 0x19, 0xa4, 0x61, 0xe5, 0xe7, 
	0xf6, 0x6b, 0xf6, 0x6b, 0x19, 0x53, 0x19, 0x53, 
	0x09, 0x11, 0x09, 0x11, 0x09, 0x11, 0x09, 0x11, 
	0x09, 0x11, 0x09, 0x11, 0x09, 0x11, 0x09, 0x11, 
	0x83, 0x9d, 0x11, 0x53, 0x11, 0x53, 0x11, 0x53, 
	0x11, 0x53, 0x11, 0x53, 0x09, 0x11, 0x09, 0x11, 
	0x09, 0x11, 0x5a, 0xdb, 0x5a, 0xdb, 0x32, 0x15, 
	0x09, 0x11, 0x09, 0x11, 0x52, 0x97, 0x73, 0x5b, 
	0x21, 0xd5, 0x21, 0xd5, 0x9c, 0x1f, 0x21, 0xd5, 
	0x09, 0x11, 0x09, 0x11, 0x09, 0x11, 0x09, 0x11, 
	0x11, 0x51, 0x11, 0x51, 0x11, 0x51, 0x42, 0x57, 
	0x32, 0x15, 0x5a, 0xdb, 0x5a, 0xdb, 0x09, 0x11, 
	0x09, 0x11, 0x09, 0x11, 0x09, 0x11, 0x52, 0xd9, 
	0x09, 0x11, 0x09, 0x11, 0x09, 0x11, 0x09, 0x11, 
	0x09, 0x11, 0x09, 0x11, 0x09, 0x11, 0x09, 0x11, 
	0x09, 0x11, 0x21, 0x93, 0x21, 0x93, 0x21, 0x93, 
	0x09, 0x11, 0x09, 0x11, 0x32, 0x15, 0x52, 0xd9, 
	0x29, 0xd3, 0x29, 0xd3, 0x73, 0x5d, 0x29, 0xd3, 
	0x09, 0x11, 0x09, 0x11, 0x94, 0x5f, 0x94, 0x5f, 
	0xa4, 0x5f, 0xfe, 0xeb, 0xa4, 0x5f, 0xdd, 0xe7, 
	0xee, 0x69, 0xee, 0x69, 0xdd, 0xa5, 0xee, 0x69, 
	0xee, 0x27, 0xdd, 0xa5, 0xdd, 0xa5, 0xc5, 0x23, 
	0xdd, 0xe5, 0xdd, 0xe5, 0xdd, 0xe5, 0xcd, 0x63, 
	0xd5, 0xa5, 0xee, 0x27, 0xfe, 0xeb, 0xee, 0x27, 
	0xd5, 0xa5, 0xe5, 0xe7, 0xd5, 0xa5, 0xd5, 0xa5, 
	0xf6, 0x69, 0xf6, 0x69, 0xf6, 0x69, 0xf6, 0x69, 
	0xf6, 0x69, 0xf6, 0x69, 0xdd, 0xa5, 0xdd, 0xa5, 
	0xcd, 0x63, 0xcd, 0x63, 0xcd, 0x63, 0xf6, 0x69, 
	0xe5, 0xe7, 0xe5, 0xe7, 0xe5, 0xe7, 0xc5, 0x23, 
	0xbc, 0xe1, 0xd5, 0xa5, 0xd5, 0xa5, 0xd5, 0xa5, 
	0xe5, 0xe7, 0xbc, 0xe1, 0xa4, 0x5f, 0xe5, 0xe7, 
	0xdd, 0xa5, 0xc5, 0x23, 0xc5, 0x23, 0xc5, 0x23, 
	0xd5, 0xa5, 0xb4, 0xa1, 0xb4, 0xa1, 0xd5, 0xa5, 
	0xcd, 0x63, 0xdd, 0xe5, 0xdd, 0xe5, 0xe6, 0x27, 
	0xdd, 0xa5, 0xc5, 0x23, 0xdd, 0xa5, 0xdd, 0xa5, 
	0xdd, 0xa5, 0xcd, 0x23, 0xa4, 0x5d, 0xa4, 0x5d, 
	0xdd, 0xe5, 0xdd, 0xe5, 0xac, 0x9f, 0xac, 0x9f, 
	0xac, 0xa1, 0xbd, 0x23, 0xe5, 0xe5, 0xe5, 0xe5, 
	0xe5, 0xe5, 0xe5, 0xe5, 0xe5, 0xe5, 0xe5, 0xe5, 
	0xe5, 0xe5, 0xe5, 0xe5, 0xe5, 0xe5, 0xe5, 0xe5, 
	0xe5, 0xe5, 0xe5, 0xe5, 0xe5, 0xe5, 0xe5, 0xe5, 
	0xe5, 0xe5, 0xe5, 0xe5, 0xe5, 0xe5, 0xe5, 0xe5, 
	0xe5, 0xe5, 0xe5, 0xe5, 0xe5, 0xe5, 0xe5, 0xe5, 
	0xe5, 0xe5, 0xe5, 0xe5, 0xe5, 0xe5, 0xe5, 0xe5, 
	0xdd, 0xa3, 0xdd, 0xa3, 0xdd, 0xa3, 0xdd, 0xa3, 
	0xdd, 0xa3, 0xdd, 0xa3, 0xdd, 0xa3, 0xdd, 0xa3, 
	0xdd, 0xa3, 0xdd, 0xa3, 0xdd, 0xa3, 0xdd, 0xa3, 
	0xdd, 0xa3, 0xdd, 0xa3, 0xdd, 0xa3, 0xdd, 0xa3, 
	0xdd, 0xa3, 0xdd, 0xa3, 0xdd, 0xa3, 0xdd, 0xa3, 
	0xdd, 0xe5, 0xdd, 0xe5, 0xdd, 0xe5, 0x9c, 0x5f, 
	0x7b, 0x9d, 0x7b, 0x9d, 0x7b, 0x9d, 0x7b, 0x9d, 
	0x3a, 0x15, 0x3a, 0x15, 0x3a, 0x15, 0x3a, 0x15, 
	0x4a, 0x99, 0xa4, 0x61, 0xa4, 0x61, 0xa4, 0x61, 
	0x83, 0xdf, 0x83, 0xdf, 0x83, 0xdf, 0xbd, 0x25, 
	0x5a, 0xd9, 0x5a, 0xd9, 0x5a, 0xd9, 0xa4, 0x61, 
	0x11, 0x53, 0x9c, 0x1d, 0x6b, 0x19, 0x6b, 0x19, 
	0x4a, 0x57, 0x4a, 0x57, 0x4a, 0x57, 0x73, 0x9d, 
	0x9c, 0x61, 0x52, 0x9b, 0x9c, 0x61, 0x52, 0x9b, 
	0x29, 0xd5, 0x29, 0xd5, 0x29, 0xd5, 0x11, 0x51, 
	0x73, 0x5d, 0x73, 0x5d, 0x19, 0x93, 0x19, 0x93, 
	0x52, 0x99, 0x52, 0x99, 0x21, 0x93, 0x21, 0x93, 
	0x19, 0x53, 0x4a, 0x57, 0x7b, 0x9d, 0xac, 0xa1, 
	0xff, 0x71, 0xc5, 0xa7, 0x93, 0xdf, 0x93, 0xdf, 
	0xb5, 0x23, 0xf6, 0xab, 0xb5, 0x23, 0x31, 0xd5, 
	0x19, 0x93, 0x19, 0x93, 0x19, 0x93, 0x19, 0x93, 
	0x63, 0x1b, 0xac, 0xa3, 0x19, 0x53, 0x19, 0x53, 
	0x11, 0x53, 0x19, 0x55, 0x09, 0x11, 0x01, 0x0f, 
	0x09, 0x11, 0x21, 0xd5, 0x09, 0x11, 0x09, 0x11, 
	0x4a, 0x99, 0x11, 0x53, 0x11, 0x53, 0x11, 0x53, 
	0x01, 0x0f, 0x01, 0x0f, 0x01, 0x0f, 0x11, 0x53, 
	0x09, 0x11, 0x32, 0x15, 0x09, 0x11, 0x09, 0x11, 
	0x09, 0x11, 0x09, 0x11, 0x29, 0xd5, 0x09, 0x11, 
	0x21, 0xd5, 0x21, 0xd5, 0x5b, 0x1b, 0x5b, 0x1b, 
	0x6b, 0x1b, 0x09, 0x11, 0x09, 0x11, 0x09, 0x11, 
	0x11, 0x51, 0x11, 0x51, 0x42, 0x57, 0x11, 0x51, 
	0x09, 0x11, 0x09, 0x11, 0x5a, 0xdb, 0x5a, 0xdb, 
	0x09, 0x11, 0x09, 0x11, 0x29, 0xd5, 0x73, 0x9d, 
	0x83, 0x9d, 0x09, 0x11, 0x09, 0x11, 0x09, 0x11, 
	0x09, 0x11, 0x21, 0x93, 0x09, 0x11, 0x21, 0x93, 
	0x3a, 0x57, 0x52, 0xd9, 0x3a, 0x57, 0x09, 0x11, 
	0x09, 0x11, 0x09, 0x11, 0x09, 0x11, 0x09, 0x11, 
	0x01, 0x0f, 0x01, 0x0f, 0x01, 0x0f, 0x01, 0x0f, 
	0x09, 0x11, 0x09, 0x11, 0xdd, 0xe7, 0xdd, 0xe7, 
	0xa4, 0x5f, 0xdd, 0xe7, 0xa4, 0x5f, 0xa4, 0x5f, 
	0xfe, 0xed, 0xee, 0x69, 0xee, 0x69, 0xdd, 0xa5, 
	0xee, 0x27, 0xdd, 0xa5, 0xee, 0x27, 0xee, 0x27, 
	0xfe, 0xab, 0xdd, 0xe5, 0xee, 0x29, 0xcd, 0x63, 
	0xd5, 0xa5, 0xee, 0x27, 0xee, 0x27, 0xd5, 0xa5, 
	0xf6, 0x69, 0xf6, 0x69, 0xd5, 0xa5, 0xd5, 0xa5, 
	0xe5, 0xe7, 0xf6, 0x69, 0xf6, 0x69, 0xe5, 0xe7, 
	0xf6, 0x69, 0xf6, 0x69, 0xf6, 0x69, 0xf6, 0x69, 
	0x73, 0x19, 0xcd, 0x63, 0xf6, 0x69, 0xf6, 0x69, 
	0xe5, 0xe7, 0xf6, 0x69, 0xf6, 0x69, 0xf6, 0x69, 
	0x9c, 0x5d, 0x83, 0x99, 0xd5, 0xa5, 0xd5, 0xa5, 
	0xcd, 0x65, 0xcd, 0x65, 0xa4, 0x5f, 0xcd, 0x65, 
	0xf6, 0x69, 0xdd, 0xa5, 0xdd, 0xa5, 0xdd, 0xa5, 
	0xd5, 0xa5, 0xb4, 0xa1, 0xb4, 0xa1, 0xd5, 0xa5, 
	0xdd, 0xe5, 0xd5, 0xa5, 0xdd, 0xe5, 0xd5, 0xa5, 
	0xdd, 0xa5, 0xdd, 0xa5, 0xee, 0x27, 0xdd, 0xa5, 
	0xdd, 0xa5, 0xdd, 0xa5, 0xcd, 0x23, 0xcd, 0x23, 
	0xdd, 0xe5, 0xdd, 0xe5, 0xc5, 0x23, 0x94, 0x1d, 
	0xac, 0xa1, 0xac, 0xa1, 0xac, 0xa1, 0xe5, 0xe5, 
	0xe5, 0xe5, 0xe5, 0xe5, 0xe5, 0xe5, 0xe5, 0xe5, 
	0xe5, 0xe5, 0xe5, 0xe5, 0xe5, 0xe5, 0xe5, 0xe5, 
	0xe5, 0xe5, 0xe5, 0xe5, 0xe5, 0xe5, 0xe5, 0xe5, 
	0xe5, 0xe5, 0xe5, 0xe5, 0xe5, 0xe5, 0xe5, 0xe5, 
	0xe5, 0xe5, 0xe5, 0xe5, 0xe5, 0xe5, 0xe5, 0xe5, 
	0xe5, 0xe5, 0xe5, 0xe5, 0xe5, 0xe5, 0xe5, 0xe5, 
	0xdd, 0xa3, 0xdd, 0xa3, 0xdd, 0xa3, 0xdd, 0xa3, 
	0xdd, 0xa3, 0xdd, 0xa3, 0xdd, 0xa3, 0xdd, 0xa3, 
	0xdd, 0xa3, 0xdd, 0xa3, 0xdd, 0xa3, 0xdd, 0xa3, 
	0xdd, 0xa3, 0xdd, 0xa3, 0xdd, 0xa3, 0xdd, 0xa3, 
	0xdd, 0xa3, 0xdd, 0xa3, 0xdd, 0xa3, 0xdd, 0xa3, 
	0xdd, 0xe5, 0xdd, 0xe5, 0xdd, 0xe5, 0x9c, 0x5f, 
	0x7b, 0x9d, 0x7b, 0x9d, 0x4a, 0x59, 0x4a, 0x59, 
	0x73, 0x5b, 0x73, 0x5b, 0x3a, 0x15, 0x3a, 0x15, 
	0x21, 0x95, 0x21, 0x95, 0x7b, 0x5d, 0x7b, 0x5d, 
	0x52, 0x99, 0xbd, 0x25, 0x83, 0xdf, 0xee, 0x6b, 
	0xa4, 0x61, 0x7b, 0x9d, 0x32, 0x15, 0x7b, 0x9d, 
	0x11, 0x53, 0x6b, 0x19, 0x6b, 0x19, 0x6b, 0x19, 
	0x73, 0x9d, 0xa4, 0xa1, 0x4a, 0x57, 0x19, 0x53, 
	0x52, 0x9b, 0x52, 0x9b, 0x9c, 0x61, 0xe6, 0x29, 
	0x29, 0xd5, 0x29, 0xd5, 0x29, 0xd5, 0x11, 0x51, 
	0x42, 0x57, 0x9c, 0x61, 0x19, 0x93, 0x42, 0x57, 
	0x21, 0x93, 0x7b, 0x9d, 0x52, 0x99, 0x21, 0x93, 
	0x4a, 0x57, 0xac, 0xa1, 0x7b, 0x9d, 0x4a, 0x57, 
	0xff, 0x71, 0xff, 0x71, 0xc5, 0xa7, 0x93, 0xdf, 
	0xf6, 0xab, 0xf6, 0xab, 0xb5, 0x23, 0xb5, 0x23, 
	0xa4, 0x61, 0xa4, 0x61, 0x5b, 0x19, 0x19, 0x93, 
	0x19, 0x53, 0x63, 0x1b, 0x63, 0x1b, 0x19, 0x53, 
	0x01, 0x0f, 0x11, 0x53, 0x09, 0x11, 0x09, 0x11, 
	0x09, 0x11, 0x21, 0xd5, 0x5a, 0xdb, 0x09, 0x11, 
	0x11, 0x53, 0x11, 0x53, 0x11, 0x53, 0x11, 0x53, 
	0x09, 0x11, 0x09, 0x11, 0x01, 0x0f, 0x11, 0x53, 
	0x09, 0x11, 0x09, 0x11, 0x09, 0x11, 0x09, 0x11, 
	0x09, 0x11, 0x09, 0x11, 0x09, 0x11, 0x09, 0x11, 
	0x9c, 0x1f, 0x21, 0xd5, 0x5b, 0x1b, 0x9c, 0x1f, 
	0x3a, 0x17, 0x09, 0x11, 0x09, 0x11, 0x09, 0x11, 
	0x11, 0x51, 0x11, 0x51, 0x73, 0x9d, 0x73, 0x9d, 
	0x5a, 0xdb, 0x09, 0x11, 0x32, 0x15, 0x5a, 0xdb, 
	0x09, 0x11, 0x09, 0x11, 0x09, 0x11, 0x29, 0xd5, 
	0x83, 0x9d, 0x09, 0x11, 0x09, 0x11, 0x5a, 0xd9, 
	0x09, 0x11, 0x52, 0x99, 0x52, 0x99, 0x21, 0x93, 
	0x09, 0x11, 0x09, 0x11, 0x21, 0x93, 0x21, 0x93, 
	0x09, 0x11, 0x52, 0xd9, 0x52, 0xd9, 0x09, 0x11, 
	0x01, 0x0f, 0x01, 0x0f, 0x4a, 0x99, 0x01, 0x0f, 
	0x09, 0x11, 0x09, 0x11, 0x94, 0x5f, 0xdd, 0xe7, 
	0xa4, 0x5f, 0xdd, 0xe7, 0xa4, 0x5f, 0xa4, 0x5f, 
	0xfe, 0xed, 0xcd, 0x21, 0xdd, 0xa5, 0xee, 0x69, 
	0xdd, 0xa5, 0xb4, 0xa1, 0xee, 0x27, 0xee, 0x27, 
	0xfe, 0xab, 0xfe, 0xab, 0xfe, 0xab, 0xee, 0x29, 
	0xc5, 0x21, 0xd5, 0xa5, 0xd5, 0xa5, 0xee, 0x27, 
	0xe5, 0xe7, 0xf6, 0x69, 0xd5, 0xa5, 0xd5, 0xa5, 
	0xcd, 0x65, 0xbd, 0x23, 0xcd, 0x65, 0xcd, 0x65, 
	0xf6, 0x69, 0xdd, 0xa5, 0xf6, 0x69, 0xdd, 0xa5, 
	0xcd, 0x63, 0xf6, 0x69, 0xcd, 0x63, 0xcd, 0x63, 
	0xd5, 0xa5, 0xe5, 0xe7, 0xe5, 0xe7, 0xf6, 0x69, 
	0x9c, 0x5d, 0x83, 0x99, 0xd5, 0xa5, 0xd5, 0xa5, 
	0xcd, 0x65, 0xcd, 0x65, 0xe5, 0xe7, 0xcd, 0x65, 
	0xf6, 0x69, 0xdd, 0xa5, 0xdd, 0xa5, 0xdd, 0xa5, 
	0xfe, 0xa9, 0xd5, 0xa5, 0x8b, 0x9d, 0xb4, 0xa1, 
	0xd5, 0xa5, 0xcd, 0x63, 0xd5, 0xa5, 0xd5, 0xa5, 
	0xb4, 0xe1, 0xb4, 0xe1, 0xee, 0x27, 0xb4, 0xe1, 
	0xdd, 0xa5, 0xcd, 0x23, 0xcd, 0x23, 0xdd, 0xa5, 
	0x94, 0x1d, 0x94, 0x1d, 0xdd, 0xe5, 0xc5, 0x23, 
	0xbd, 0x23, 0xd5, 0x63, 0xe5, 0xe5, 0xe5, 0xe5, 
	0xe5, 0xe5, 0xe5, 0xe5, 0xe5, 0xe5, 0xe5, 0xe5, 
	0xe5, 0xe5, 0xe5, 0xe5, 0xe5, 0xe5, 0xe5, 0xe5, 
	0xe5, 0xe5, 0xe5, 0xe5, 0xe5, 0xe5, 0xe5, 0xe5, 
	0xe5, 0xe5, 0xe5, 0xe5, 0xe5, 0xe5, 0xe5, 0xe5, 
	0xe5, 0xe5, 0xe5, 0xe5, 0xe5, 0xe5, 0xe5, 0xe5, 
	0xe5, 0xe5, 0xe5, 0xe5, 0xe5, 0xe5, 0xe5, 0xe5, 
	0xdd, 0xa3, 0xdd, 0xa3, 0xdd, 0xa3, 0xdd, 0xa3, 
	0xdd, 0xa3, 0xdd, 0xa3, 0xdd, 0xa3, 0xdd, 0xa3, 
	0xdd, 0xa3, 0xdd, 0xa3, 0xdd, 0xa3, 0xdd, 0xa3, 
	0xdd, 0xa3, 0xdd, 0xa3, 0xdd, 0xa3, 0xdd, 0xa3, 
	0xdd, 0xa3, 0xdd, 0xa3, 0xdd, 0xa3, 0xdd, 0xa3, 
	0xdd, 0xe5, 0xdd, 0xe5, 0xdd, 0xe5, 0xdd, 0xe5, 
	0xac, 0xa1, 0xac, 0xa1, 0xdd, 0xe7, 0x42, 0x57, 
	0x7b, 0x9d, 0xb5, 0x25, 0x3a, 0x15, 0x7b, 0x9d, 
	0x73, 0x5d, 0xa4, 0xa1, 0xdd, 0xe7, 0xa4, 0xa1, 
	0x8c, 0x1f, 0x8c, 0x1f, 0x21, 0x95, 0xc5, 0x23, 
	0x5a, 0xdb, 0x09, 0x11, 0x5a, 0xdb, 0x5a, 0xdb, 
	0x19, 0x93, 0xac, 0xa1, 0xac, 0xa1, 0x7b, 0x9d, 
	0x63, 0x1b, 0x63, 0x1b, 0xc5, 0x25, 0x94, 0x1f, 
	0x21, 0x93, 0x21, 0x93, 0xd5, 0xa5, 0xd5, 0xa5, 
	0x5a, 0xdb, 0xcd, 0x65, 0x21, 0x95, 0x21, 0x95, 
	0x8c, 0x1f, 0x5a, 0xd9, 0x5a, 0xd9, 0xc5, 0x65, 
	0x5a, 0xd9, 0xa4, 0x61, 0xe5, 0xe7, 0xa4, 0x61, 
	0x09, 0x51, 0x09, 0x51, 0x09, 0x51, 0x3a, 0x57, 
	0xbd, 0x25, 0xbd, 0x25, 0x3a, 0x15, 0x3a, 0x15, 
	0x63, 0x1b, 0x63, 0x1b, 0xcd, 0x65, 0xcd, 0x65, 
	0x83, 0x9d, 0x83, 0x9d, 0x83, 0x9d, 0xac, 0xa1, 
	0xac, 0xa1, 0xdd, 0xe7, 0xac, 0xa1, 0xac, 0xa1, 
	0x8b, 0xdf, 0x11, 0x51, 0x11, 0x51, 0x11, 0x51, 
	0x11, 0x51, 0x11, 0x51, 0x4a, 0x97, 0x4a, 0x97, 
	0x6b, 0x1b, 0x09, 0x11, 0x09, 0x11, 0x09, 0x11, 
	0x21, 0xd3, 0x01, 0x0f, 0x01, 0x0f, 0x01, 0x0f, 
	0x09, 0x11, 0x3a, 0x57, 0x3a, 0x57, 0x09, 0x11, 
	0x09, 0x11, 0x09, 0x11, 0x52, 0xd9, 0x3a, 0x57, 
	0x01, 0x11, 0xac, 0xa1, 0x3a, 0x57, 0x73, 0x5b, 
	0x01, 0x0f, 0x01, 0x0f, 0x01, 0x0f, 0x19, 0x93, 
	0x01, 0x11, 0x01, 0x11, 0x11, 0x53, 0x11, 0x53, 
	0x09, 0x11, 0x09, 0x11, 0x29, 0xd5, 0x73, 0x9d, 
	0x5a, 0xd9, 0x11, 0x51, 0x11, 0x51, 0x11, 0x51, 
	0x21, 0x93, 0x63, 0x1b, 0x01, 0x0f, 0x42, 0x57, 
	0x7b, 0x5d, 0x52, 0x99, 0x09, 0x11, 0x09, 0x11, 
	0x09, 0x11, 0x09, 0x11, 0x09, 0x11, 0x5b, 0x1b, 
	0x01, 0x0f, 0x01, 0x0f, 0x83, 0x9f, 0x2a, 0x15, 
	0x09, 0x11, 0x09, 0x11, 0x52, 0x99, 0x09, 0x11, 
	0x01, 0x0f, 0x01, 0x0f, 0x6b, 0x5b, 0xa4, 0xa1, 
	0xd5, 0xa5, 0x9c, 0x5f, 0xd5, 0xa5, 0x9c, 0x5f, 
	0xfe, 0xab, 0xfe, 0xab, 0xd5, 0xa5, 0xe5, 0xe7, 
	0xee, 0x29, 0xdd, 0xa5, 0xf6, 0xab, 0xf6, 0xab, 
	0xee, 0x27, 0xd5, 0xa5, 0xee, 0x27, 0xee, 0x27, 
	0xf6, 0x69, 0xf6, 0x69, 0xd5, 0xa5, 0xf6, 0x69, 
	0xf6, 0xa9, 0xee, 0x27, 0xf6, 0xa9, 0xee, 0x27, 
	0xfe, 0xab, 0xbc, 0xe1, 0xbc, 0xe1, 0xe6, 0x27, 
	0xcd, 0xa5, 0xf6, 0x69, 0xf6, 0x69, 0xcd, 0xa5, 
	0xd5, 0x65, 0x9c, 0x1f, 0x9c, 0x1f, 0xee, 0x29, 
	0xee, 0x29, 0xee, 0x29, 0xf6, 0x6b, 0xee, 0x29, 
	0xd5, 0xa5, 0xd5, 0xa5, 0xd5, 0xa5, 0xbc, 0xe1, 
	0xd5, 0x65, 0xf6, 0x69, 0xf6, 0x69, 0xd5, 0x65, 
	0xbc, 0xe1, 0xbc, 0xe1, 0xbc, 0xe1, 0xd5, 0xa5, 
	0xcd, 0xa5, 0xf6, 0x69, 0xcd, 0xa5, 0xcd, 0xa5, 
	0xdd, 0xe5, 0xd5, 0xa5, 0xdd, 0xe5, 0xd5, 0xa5, 
	0xc5, 0x23, 0x9c, 0x1f, 0xdd, 0xe5, 0xdd, 0xe5, 
	0xd5, 0xa5, 0xee, 0x69, 0xbc, 0xe1, 0xa4, 0x5d, 
	0xa4, 0x1f, 0xbc, 0xe3, 0xd5, 0xa5, 0xd5, 0xa5, 
	0xdd, 0xa5, 0xdd, 0xa5, 0xdd, 0xa5, 0xdd, 0xa5, 
	0xe5, 0xe5, 0xd5, 0xa3, 0xe5, 0xe5, 0xe5, 0xe5, 
	0xe5, 0xe5, 0xe5, 0xe5, 0xe5, 0xe5, 0xe5, 0xe5, 
	0xe5, 0xe5, 0xe5, 0xe5, 0xe5, 0xe5, 0xe5, 0xe5, 
	0xe5, 0xe5, 0xe5, 0xe5, 0xe5, 0xe5, 0xe5, 0xe5, 
	0xe5, 0xe5, 0xe5, 0xe5, 0xe5, 0xe5, 0xe5, 0xe5, 
	0xe5, 0xe5, 0xe5, 0xe5, 0xe5, 0xe5, 0xe5, 0xe5, 
	0xdd, 0xa3, 0xdd, 0xa3, 0xdd, 0xa3, 0xdd, 0xa3, 
	0xdd, 0xa3, 0xdd, 0xa3, 0xdd, 0xa3, 0xdd, 0xa3, 
	0xdd, 0xa3, 0xdd, 0xa3, 0xdd, 0xa3, 0xdd, 0xa3, 
	0xdd, 0xa3, 0xdd, 0xa3, 0xdd, 0xa3, 0xdd, 0xa3, 
	0xdd, 0xa3, 0xdd, 0xa3, 0xdd, 0xa3, 0xdd, 0xa3, 
	0xdd, 0xe5, 0xdd, 0xe5, 0x94, 0x1f, 0x94, 0x1f, 
	0xac, 0xa1, 0xdd, 0xe7, 0xdd, 0xe7, 0xac, 0xa1, 
	0x7b, 0x9d, 0x3a, 0x15, 0x3a, 0x15, 0x3a, 0x15, 
	0x3a, 0x17, 0xa4, 0xa1, 0xdd, 0xe7, 0xa4, 0xa1, 
	0xc5, 0x23, 0x5a, 0xd9, 0x8c, 0x1f, 0xc5, 0x23, 
	0x09, 0x11, 0x09, 0x11, 0x32, 0x15, 0x5a, 0xdb, 
	0x19, 0x93, 0xac, 0xa1, 0x7b, 0x9d, 0xac, 0xa1, 
	0xc5, 0x25, 0xc5, 0x25, 0x31, 0xd5, 0x31, 0xd5, 
	0x21, 0x93, 0x21, 0x93, 0xd5, 0xa5, 0xd5, 0xa5, 
	0x5a, 0xdb, 0x5a, 0xdb, 0x21, 0x95, 0x21, 0x95, 
	0xc5, 0x65, 0x8c, 0x1f, 0x21, 0x93, 0x21, 0x93, 
	0x5a, 0xd9, 0xa4, 0x61, 0xe5, 0xe7, 0x5a, 0xd9, 
	0x09, 0x51, 0x09, 0x51, 0x3a, 0x57, 0xa4, 0xa1, 
	0xfe, 0xed, 0xbd, 0x25, 0x7b, 0x9d, 0x3a, 0x15, 
	0x94, 0x1f, 0x29, 0xd5, 0x63, 0x1b, 0xcd, 0x65, 
	0xac, 0xa1, 0x52, 0x99, 0x83, 0x9d, 0xac, 0xa1, 
	0xac, 0xa1, 0xdd, 0xe7, 0xac, 0xa1, 0x42, 0x57, 
	0x8b, 0xdf, 0x11, 0x51, 0x11, 0x51, 0x11, 0x51, 
	0x11, 0x51, 0x4a, 0x97, 0xbc, 0xe5, 0x83, 0xdf, 
	0x4a, 0x97, 0x09, 0x11, 0x09, 0x11, 0x09, 0x11, 
	0x01, 0x0f, 0x01, 0x0f, 0x01, 0x0f, 0x01, 0x0f, 
	0x09, 0x11, 0x52, 0xd9, 0x52, 0xd9, 0x09, 0x11, 
	0x09, 0x11, 0x09, 0x11, 0x52, 0xd9, 0x21, 0x93, 
	0x3a, 0x57, 0xac, 0xa1, 0xac, 0xa1, 0x73, 0x5b, 
	0x52, 0x9b, 0x01, 0x0f, 0x01, 0x0f, 0x3a, 0x17, 
	0x01, 0x11, 0x01, 0x11, 0x11, 0x53, 0x11, 0x53, 
	0x09, 0x11, 0x09, 0x11, 0x09, 0x11, 0x29, 0xd5, 
	0x11, 0x51, 0x11, 0x51, 0x11, 0x51, 0x32, 0x15, 
	0x21, 0x93, 0x42, 0x57, 0x01, 0x0f, 0x21, 0x93, 
	0x7b, 0x5d, 0x31, 0xd5, 0x52, 0x99, 0x09, 0x11, 
	0x09, 0x11, 0x09, 0x11, 0x09, 0x11, 0x09, 0x11, 
	0x01, 0x0f, 0x01, 0x0f, 0x2a, 0x15, 0x5a, 0xd9, 
	0x73, 0x5d, 0x73, 0x5d, 0x73, 0x5d, 0x29, 0xd5, 
	0x3a, 0x55, 0x01, 0x0f, 0x3a, 0x55, 0x6b, 0x5b, 
	0xd5, 0xa5, 0x6b, 0x1b, 0xd5, 0xa5, 0xd5, 0xa5, 
	0xd5, 0xa5, 0xee, 0x29, 0xee, 0x29, 0xd5, 0xa5, 
	0xf6, 0xab, 0xee, 0x29, 0xf6, 0xab, 0xe5, 0xe7, 
	0xee, 0x27, 0xd5, 0xa5, 0xee, 0x27, 0xee, 0x27, 
	0xd5, 0xa5, 0xf6, 0x69, 0xf6, 0x69, 0xd5, 0xa5, 
	0xe5, 0xe7, 0xe5, 0xe7, 0xe5, 0xe7, 0xe5, 0xe7, 
	0xe6, 0x27, 0xe6, 0x27, 0xe6, 0x27, 0xe6, 0x27, 
	0xcd, 0xa5, 0xf6, 0x69, 0xf6, 0x69, 0xf6, 0x69, 
	0xd5, 0x65, 0xd5, 0x65, 0x9c, 0x1f, 0xee, 0x29, 
	0xf6, 0x6b, 0xdd, 0xa5, 0xdd, 0xa5, 0xee, 0x29, 
	0xd5, 0xa5, 0xd5, 0xa5, 0xd5, 0xa5, 0xd5, 0xa5, 
	0xd5, 0x65, 0xd5, 0x65, 0xf6, 0x69, 0xd5, 0x65, 
	0xbc, 0xe1, 0xd5, 0xa5, 0xbc, 0xe1, 0xd5, 0xa5, 
	0xcd, 0xa5, 0xf6, 0x69, 0xcd, 0xa5, 0xcd, 0xa5, 
	0xd5, 0xa5, 0xcd, 0x63, 0xd5, 0xa5, 0xd5, 0xa5, 
	0xdd, 0xe5, 0xc5, 0x23, 0xdd, 0xe5, 0xdd, 0xe5, 
	0xa4, 0x5d, 0xee, 0x69, 0xd5, 0xa5, 0xd5, 0xa5, 
	0xbc, 0xe3, 0xd5, 0xa5, 0xee, 0x69, 0xee, 0x69, 
	0xb4, 0xe1, 0xb4, 0xe1, 0xb4, 0xe1, 0xb4, 0xe1, 
	0xb4, 0xe1, 0xd5, 0xa3, 0xe5, 0xe5, 0xe5, 0xe5, 
	0xe5, 0xe5, 0xe5, 0xe5, 0xe5, 0xe5, 0xe5, 0xe5, 
	0xe5, 0xe5, 0xe5, 0xe5, 0xe5, 0xe5, 0xe5, 0xe5, 
	0xe5, 0xe5, 0xe5, 0xe5, 0xe5, 0xe5, 0xe5, 0xe5, 
	0xe5, 0xe5, 0xe5, 0xe5, 0xe5, 0xe5, 0xe5, 0xe5, 
	0xe5, 0xe5, 0xe5, 0xe5, 0xe5, 0xe5, 0xe5, 0xe5, 
	0xdd, 0xa3, 0xdd, 0xa3, 0xdd, 0xa3, 0xdd, 0xa3, 
	0xdd, 0xa3, 0xdd, 0xa3, 0xdd, 0xa3, 0xdd, 0xa3, 
	0xdd, 0xa3, 0xdd, 0xa3, 0xdd, 0xa3, 0xdd, 0xa3, 
	0xdd, 0xa3, 0xdd, 0xa3, 0xdd, 0xa3, 0xdd, 0xa3, 
	0xdd, 0xa3, 0xdd, 0xa3, 0xdd, 0xa3, 0xdd, 0xa3, 
	0xdd, 0xe5, 0xbc, 0xe1, 0x73, 0x5b, 0xbc, 0xe1, 
	0x42, 0x57, 0x42, 0x57, 0xac, 0xa1, 0xac, 0xa1, 
	0xf6, 0xad, 0xb5, 0x25, 0x3a, 0x15, 0x3a, 0x15, 
	0x3a, 0x17, 0xdd, 0xe7, 0xdd, 0xe7, 0x73, 0x5d, 
	0x21, 0x95, 0x21, 0x95, 0x21, 0x95, 0xc5, 0x23, 
	0x5a, 0xdb, 0x5a, 0xdb, 0x32, 0x15, 0x32, 0x15, 
	0x4a, 0x97, 0x4a, 0x97, 0x19, 0x93, 0x4a, 0x97, 
	0x94, 0x1f, 0xc5, 0x25, 0x94, 0x1f, 0x63, 0x1b, 
	0x5a, 0xd9, 0xd5, 0xa5, 0xd5, 0xa5, 0xd5, 0xa5, 
	0x5a, 0xdb, 0x21, 0x95, 0x21, 0x95, 0x21, 0x95, 
	0x21, 0x93, 0x21, 0x93, 0x21, 0x93, 0x21, 0x93, 
	0x19, 0x53, 0x5a, 0xd9, 0xa4, 0x61, 0x19, 0x53, 
	0x09, 0x51, 0x09, 0x51, 0x09, 0x51, 0xa4, 0xa1, 
	0xfe, 0xed, 0xfe, 0xed, 0x7b, 0x9d, 0x3a, 0x15, 
	0x94, 0x1f, 0x94, 0x1f, 0x63, 0x1b, 0x63, 0x1b, 
	0xdd, 0xe5, 0xdd, 0xe5, 0xdd, 0xe5, 0xdd, 0xe5, 
	0x42, 0x57, 0x73, 0x5d, 0x73, 0x5d, 0x42, 0x57, 
	0x11, 0x51, 0x11, 0x51, 0x11, 0x51, 0x11, 0x51, 
	0x4a, 0x97, 0x4a, 0x97, 0x4a, 0x97, 0x4a, 0x97, 
	0x4a, 0x97, 0x09, 0x11, 0x09, 0x11, 0x09, 0x11, 
	0x01, 0x0f, 0x21, 0xd3, 0x01, 0x0f, 0x21, 0xd3, 
	0x09, 0x11, 0x09, 0x11, 0x09, 0x11, 0x09, 0x11, 
	0x3a, 0x57, 0x3a, 0x57, 0x09, 0x11, 0x09, 0x11, 
	0x01, 0x11, 0x3a, 0x57, 0x3a, 0x57, 0x3a, 0x57, 
	0x3a, 0x17, 0x01, 0x0f, 0x01, 0x0f, 0x3a, 0x17, 
	0x11, 0x53, 0x11, 0x53, 0x01, 0x11, 0x01, 0x11, 
	0x09, 0x11, 0x09, 0x11, 0x09, 0x11, 0x52, 0xd9, 
	0x11, 0x51, 0x11, 0x51, 0x7b, 0xdd, 0x7b, 0xdd, 
	0x01, 0x0f, 0x01, 0x0f, 0x01, 0x0f, 0x01, 0x0f, 
	0x7b, 0x5d, 0x31, 0xd5, 0x31, 0xd5, 0x09, 0x11, 
	0x09, 0x11, 0x42, 0x57, 0x42, 0x57, 0x21, 0xd5, 
	0x01, 0x0f, 0x2a, 0x15, 0x01, 0x0f, 0x01, 0x0f, 
	0x09, 0x11, 0x09, 0x11, 0x09, 0x11, 0x09, 0x11, 
	0x01, 0x0f, 0x01, 0x0f, 0x01, 0x0f, 0x3a, 0x55, 
	0xd5, 0xa5, 0x31, 0xd5, 0xd5, 0xa5, 0xd5, 0xa5, 
	0xd5, 0xa5, 0xfe, 0xab, 0xee, 0x29, 0xd5, 0xa5, 
	0xf6, 0xab, 0xf6, 0xab, 0xee, 0x29, 0xdd, 0xa5, 
	0xd5, 0xa5, 0xee, 0x27, 0xee, 0x27, 0xa4, 0x5f, 
	0xbc, 0xe1, 0x9c, 0x1d, 0xd5, 0xa5, 0xf6, 0x69, 
	0xee, 0x27, 0xe5, 0xe7, 0xe5, 0xe7, 0xee, 0x27, 
	0xe6, 0x27, 0xe6, 0x27, 0xe6, 0x27, 0xfe, 0xab, 
	0xcd, 0xa5, 0xcd, 0xa5, 0xf6, 0x69, 0xcd, 0xa5, 
	0xd5, 0x65, 0xee, 0x29, 0xd5, 0x65, 0xd5, 0x65, 
	0xdd, 0xa5, 0xdd, 0xa5, 0xd5, 0x63, 0xee, 0x29, 
	0xe6, 0x27, 0xd5, 0xa5, 0xd5, 0xa5, 0xcd, 0x23, 
	0xac, 0x9f, 0x8b, 0xdb, 0xd5, 0x65, 0xd5, 0x65, 
	0xe6, 0x27, 0xe6, 0x27, 0xe6, 0x27, 0xd5, 0xa5, 
	0xcd, 0xa5, 0xf6, 0x69, 0xcd, 0xa5, 0xcd, 0xa5, 
	0xd5, 0xa5, 0xe6, 0x27, 0xcd, 0x63, 0xcd, 0x63, 
	0xdd, 0xe5, 0xdd, 0xe5, 0xdd, 0xe5, 0xdd, 0xe5, 
	0xd5, 0xa5, 0xd5, 0xa5, 0xd5, 0xa5, 0xbc, 0xe1, 
	0xa4, 0x1f, 0xd5, 0xa5, 0xd5, 0xa5, 0xd5, 0xa5, 
	0xcd, 0x63, 0xc5, 0x23, 0xdd, 0xa5, 0xb4, 0xe1, 
	0xb4, 0xe1, 0xd5, 0xa3, 0xe5, 0xe5, 0xe5, 0xe5, 
	0xe5, 0xe5, 0xe5, 0xe5, 0xe5, 0xe5, 0xe5, 0xe5, 
	0xe5, 0xe5, 0xe5, 0xe5, 0xe5, 0xe5, 0xe5, 0xe5, 
	0xe5, 0xe5, 0xe5, 0xe5, 0xe5, 0xe5, 0xe5, 0xe5, 
	0xe5, 0xe5, 0xe5, 0xe5, 0xe5, 0xe5, 0xe5, 0xe5, 
	0xe5, 0xe5, 0xe5, 0xe5, 0xee, 0x27, 0xee, 0x27, 
	0xdd, 0xa3, 0xdd, 0xa3, 0xdd, 0xa3, 0xdd, 0xa3, 
	0xdd, 0xa3, 0xdd, 0xa3, 0xdd, 0xa3, 0xdd, 0xa3, 
	0xdd, 0xa3, 0xdd, 0xa3, 0xdd, 0xa3, 0xdd, 0xa3, 
	0xdd, 0xa3, 0xdd, 0xa3, 0xdd, 0xa3, 0xdd, 0xa3, 
	0xdd, 0xa3, 0xdd, 0xa3, 0xdd, 0xa3, 0xdd, 0xa3, 
	0xdd, 0xe5, 0xbc, 0xe1, 0xdd, 0xe5, 0xdd, 0xe5, 
	0x42, 0x57, 0x73, 0x9d, 0x42, 0x57, 0x42, 0x57, 
	0xf6, 0xad, 0xf6, 0xad, 0x3a, 0x15, 0x3a, 0x15, 
	0x3a, 0x17, 0xdd, 0xe7, 0xa4, 0xa1, 0x3a, 0x17, 
	0x21, 0x95, 0x21, 0x95, 0x8c, 0x1f, 0xc5, 0x23, 
	0x83, 0xdf, 0x83, 0xdf, 0x5a, 0xdb, 0x09, 0x11, 
	0x19, 0x93, 0x7b, 0x9d, 0x4a, 0x97, 0x4a, 0x97, 
	0x31, 0xd5, 0x31, 0xd5, 0xc5, 0x25, 0x94, 0x1f, 
	0x21, 0x93, 0x21, 0x93, 0x9c, 0x5f, 0x9c, 0x5f, 
	0xcd, 0x65, 0x21, 0x95, 0x21, 0x95, 0x5a, 0xdb, 
	0x5a, 0xd9, 0x21, 0x93, 0x21, 0x93, 0x21, 0x93, 
	0x19, 0x53, 0x19, 0x53, 0x5a, 0xd9, 0x19, 0x53, 
	0x09, 0x51, 0x3a, 0x57, 0x3a, 0x57, 0xa4, 0xa1, 
	0xfe, 0xed, 0xbd, 0x25, 0x3a, 0x15, 0x3a, 0x15, 
	0x29, 0xd5, 0xcd, 0x65, 0xcd, 0x65, 0xcd, 0x65, 
	0xdd, 0xe5, 0xac, 0xa1, 0x52, 0x99, 0xdd, 0xe5, 
	0x73, 0x5d, 0x42, 0x57, 0x73, 0x5d, 0x73, 0x5d, 
	0x8b, 0xdf, 0x3a, 0x15, 0x11, 0x51, 0x11, 0x51, 
	0xbc, 0xe5, 0xbc, 0xe5, 0xbc, 0xe5, 0x83, 0xdf, 
	0x6b, 0x1b, 0x29, 0xd5, 0x09, 0x11, 0x4a, 0x97, 
	0x01, 0x0f, 0x21, 0xd3, 0x21, 0xd3, 0x6b, 0x5d, 
	0x3a, 0x57, 0x52, 0xd9, 0x09, 0x11, 0x3a, 0x57, 
	0x09, 0x11, 0x21, 0x93, 0x09, 0x11, 0x09, 0x11, 
	0x01, 0x11, 0x01, 0x11, 0x01, 0x11, 0x01, 0x11, 
	0x19, 0x93, 0x01, 0x0f, 0x01, 0x0f, 0x19, 0x93, 
	0x29, 0xd5, 0x3a, 0x17, 0x3a, 0x17, 0x01, 0x11, 
	0x09, 0x11, 0x09, 0x11, 0x09, 0x11, 0x52, 0xd9, 
	0x7b, 0xdd, 0x11, 0x51, 0x11, 0x51, 0x11, 0x51, 
	0x63, 0x1b, 0x01, 0x0f, 0x01, 0x0f, 0x01, 0x0f, 
	0x31, 0xd5, 0x31, 0xd5, 0x52, 0x99, 0x09, 0x11, 
	0x09, 0x11, 0x09, 0x11, 0x21, 0xd5, 0x21, 0xd5, 
	0x01, 0x0f, 0x2a, 0x15, 0x01, 0x0f, 0x2a, 0x15, 
	0x09, 0x11, 0x09, 0x11, 0x09, 0x11, 0x09, 0x11, 
	0x01, 0x0f, 0x01, 0x0f, 0x01, 0x0f, 0x01, 0x0f, 
	0xd5, 0xa5, 0x9c, 0x5f, 0xd5, 0xa5, 0xd5, 0xa5, 
	0xd5, 0xa5, 0xfe, 0xab, 0xfe, 0xab, 0xee, 0x29, 
	0xf6, 0xab, 0xf6, 0xab, 0xee, 0x29, 0xdd, 0xa5, 
	0xa4, 0x5f, 0xee, 0x27, 0xd5, 0xa5, 0xa4, 0x5f, 
	0xd5, 0xa5, 0xd5, 0xa5, 0xd5, 0xa5, 0xf6, 0x69, 
	0xf6, 0xa9, 0xe5, 0xe7, 0xdd, 0xa5, 0xe5, 0xe7, 
	0xe6, 0x27, 0xe6, 0x27, 0xe6, 0x27, 0xfe, 0xab, 
	0xcd, 0xa5, 0x83, 0x9d, 0xf6, 0x69, 0xcd, 0xa5, 
	0xee, 0x29, 0xd5, 0x65, 0xee, 0x29, 0xee, 0x29, 
	0xdd, 0xa5, 0xdd, 0xa5, 0xd5, 0x63, 0xdd, 0xa5, 
	0xd5, 0xa5, 0xe6, 0x27, 0xe6, 0x27, 0xe6, 0x27, 
	0xac, 0x9f, 0xac, 0x9f, 0xac, 0x9f, 0xd5, 0x65, 
	0xd5, 0xa5, 0xe6, 0x27, 0xe6, 0x27, 0xbc, 0xe1, 
	0xcd, 0xa5, 0xcd, 0xa5, 0xcd, 0xa5, 0x83, 0x9d, 
	0xcd, 0x63, 0xdd, 0xe5, 0xcd, 0x63, 0xd5, 0xa5, 
	0xb4, 0xa1, 0xdd, 0xe5, 0xdd, 0xe5, 0xb4, 0xa1, 
	0xd5, 0xa5, 0xd5, 0xa5, 0xd5, 0xa5, 0xd5, 0xa5, 
	0xd5, 0xa5, 0xd5, 0xa5, 0xbc, 0xe3, 0xd5, 0xa5, 
	0xcd, 0x63, 0xb4, 0xe1, 0xb4, 0xe1, 0xc5, 0x23, 
	0xb4, 0xe1, 0xb4, 0xe1, 0xe5, 0xe5, 0xe5, 0xe5, 
	0xe5, 0xe5, 0xe5, 0xe5, 0xe5, 0xe5, 0xe5, 0xe5, 
	0xe5, 0xe5, 0xe5, 0xe5, 0xe5, 0xe5, 0xe5, 0xe5, 
	0xe5, 0xe5, 0xe5, 0xe5, 0xe5, 0xe5, 0xe5, 0xe5, 
	0xe5, 0xe5, 0xe5, 0xe5, 0xe5, 0xe5, 0xe5, 0xe5, 
	0xe5, 0xe5, 0xe5, 0xe5, 0xee, 0x27, 0xee, 0x27, 
	0xdd, 0xa3, 0xdd, 0xa3, 0xdd, 0xa3, 0xdd, 0xa3, 
	0xdd, 0xa3, 0xdd, 0xa3, 0xdd, 0xa3, 0xdd, 0xa3, 
	0xdd, 0xa3, 0xdd, 0xa3, 0xdd, 0xa3, 0xdd, 0xa3, 
	0xdd, 0xa3, 0xdd, 0xa3, 0xdd, 0xa3, 0xdd, 0xa3, 
	0xdd, 0xa3, 0xdd, 0xa3, 0xdd, 0xa3, 0xdd, 0xa3, 
	0xcd, 0x65, 0xcd, 0x65, 0xcd, 0x65, 0x9c, 0x61, 
	0x83, 0xdd, 0x83, 0xdd, 0x21, 0x93, 0x21, 0x93, 
	0x8b, 0xdd, 0xbc, 0xe3, 0x52, 0xd9, 0x21, 0x93, 
	0x29, 0xd5, 0xac, 0xa1, 0x83, 0x9d, 0x29, 0xd5, 
	0x7b, 0x5b, 0x4a, 0x99, 0x7b, 0x5b, 0x7b, 0x5b, 
	0x94, 0x1f, 0x94, 0x1f, 0x94, 0x1f, 0x11, 0x51, 
	0x21, 0xd3, 0x21, 0xd3, 0x21, 0xd3, 0x8b, 0xdf, 
	0x52, 0x99, 0x11, 0x51, 0x52, 0x99, 0x11, 0x51, 
	0x5b, 0x19, 0x19, 0x93, 0x5b, 0x19, 0xdd, 0xe7, 
	0x83, 0x9d, 0x19, 0x53, 0x19, 0x53, 0x4a, 0x99, 
	0x8c, 0x1f, 0x5a, 0xd9, 0x21, 0x93, 0x21, 0x93, 
	0x09, 0x11, 0x29, 0xd5, 0x29, 0xd5, 0x09, 0x11, 
	0x11, 0x53, 0x11, 0x53, 0x6b, 0x5b, 0x42, 0x57, 
	0x9c, 0x5f, 0xd5, 0xa5, 0x6b, 0x1b, 0x31, 0xd5, 
	0x11, 0x53, 0x73, 0x5d, 0xa4, 0xa1, 0xa4, 0xa1, 
	0xd5, 0xa7, 0x73, 0x5d, 0x42, 0x17, 0x73, 0x5d, 
	0x7b, 0x9d, 0xac, 0xa1, 0x7b, 0x9d, 0x11, 0x53, 
	0x6b, 0x5d, 0x6b, 0x5d, 0x01, 0x0f, 0x01, 0x0f, 
	0x19, 0x93, 0x19, 0x93, 0xd5, 0xa7, 0xd5, 0xa7, 
	0xac, 0xa1, 0x6b, 0x5b, 0x6b, 0x5b, 0x29, 0xd5, 
	0x21, 0xd3, 0x21, 0xd3, 0x21, 0xd3, 0xc5, 0x65, 
	0x9c, 0x61, 0x6b, 0x5b, 0x09, 0x11, 0x09, 0x11, 
	0x8b, 0xdf, 0x32, 0x15, 0x01, 0x0f, 0x01, 0x0f, 
	0x09, 0x11, 0x21, 0x93, 0x21, 0x93, 0x09, 0x11, 
	0x01, 0x0f, 0x01, 0x0f, 0x11, 0x51, 0x11, 0x51, 
	0x01, 0x0f, 0x21, 0xd3, 0x21, 0xd3, 0x21, 0xd3, 
	0x01, 0x0f, 0x01, 0x0f, 0x01, 0x0f, 0x19, 0x91, 
	0x09, 0x0f, 0x3a, 0x57, 0x09, 0x0f, 0x09, 0x0f, 
	0x19, 0x91, 0x01, 0x0f, 0x01, 0x0f, 0x01, 0x0f, 
	0x09, 0x11, 0x09, 0x11, 0x09, 0x11, 0x09, 0x11, 
	0x01, 0x0f, 0x01, 0x0f, 0x01, 0x0f, 0x01, 0x0f, 
	0x09, 0x0f, 0x09, 0x0f, 0x09, 0x0f, 0x42, 0x57, 
	0x63, 0x1b, 0x11, 0x53, 0x3a, 0x57, 0x3a, 0x57, 
	0x09, 0x11, 0x09, 0x11, 0x09, 0x11, 0x52, 0x99, 
	0xb4, 0xe1, 0xb4, 0xe1, 0x7b, 0x9d, 0xe6, 0x27, 
	0xe5, 0xe7, 0xf6, 0x69, 0xe5, 0xe7, 0xbc, 0xe1, 
	0xee, 0x69, 0xee, 0x69, 0xee, 0x69, 0xee, 0x69, 
	0xe5, 0xe7, 0xb4, 0xe3, 0xe5, 0xe7, 0xb4, 0xe3, 
	0xcd, 0x63, 0xd5, 0xa5, 0xcd, 0x63, 0xd5, 0xa5, 
	0xe6, 0x27, 0xe6, 0x27, 0xfe, 0xab, 0xf6, 0x69, 
	0xf6, 0x69, 0xf6, 0x69, 0xdd, 0xe7, 0xf6, 0x69, 
	0xe6, 0x27, 0xdd, 0xa5, 0xdd, 0xa5, 0xe6, 0x27, 
	0xd5, 0xa5, 0xd5, 0xa5, 0xe6, 0x27, 0xd5, 0xa5, 
	0xdd, 0xa5, 0xbc, 0xe3, 0xbc, 0xe3, 0xdd, 0xa5, 
	0xdd, 0xe5, 0xdd, 0xe5, 0xdd, 0xe5, 0xdd, 0xe5, 
	0xc5, 0x23, 0xdd, 0xe5, 0xdd, 0xe5, 0xdd, 0xe5, 
	0xdd, 0xa5, 0xdd, 0xa5, 0xcd, 0x23, 0xb4, 0xe1, 
	0x8b, 0xdd, 0xd5, 0xa5, 0xbd, 0x23, 0x8b, 0xdd, 
	0x94, 0x1d, 0xc5, 0x23, 0xdd, 0xe7, 0xdd, 0xe7, 
	0xd5, 0xa5, 0xd5, 0xa5, 0xd5, 0xa5, 0xb4, 0xe3, 
	0xcd, 0x63, 0xcd, 0x63, 0xdd, 0xe5, 0xd5, 0xa5, 
	0xbc, 0xe3, 0xbc, 0xe3, 0x83, 0x9d, 0xd5, 0xa5, 
	0xb4, 0xe3, 0xb4, 0xe3, 0xcd, 0x63, 0xcd, 0x63, 
	0xb4, 0xe1, 0xb4, 0xe1, 0xdd, 0xa5, 0xdd, 0xa5, 
	0xe5, 0xe5, 0xe5, 0xe5, 0xe5, 0xe5, 0xe5, 0xe5, 
	0xe5, 0xe5, 0xe5, 0xe5, 0xe5, 0xe5, 0xe5, 0xe5, 
	0xe5, 0xe5, 0xe5, 0xe5, 0xe5, 0xe5, 0xe5, 0xe5, 
	0xe5, 0xe5, 0xe5, 0xe5, 0xee, 0x27, 0xee, 0x27, 
	0xee, 0x27, 0xee, 0x27, 0xee, 0x27, 0xee, 0x27, 
	0xdd, 0xa3, 0xdd, 0xa3, 0xdd, 0xa3, 0xdd, 0xa3, 
	0xdd, 0xa3, 0xdd, 0xa3, 0xdd, 0xa3, 0xdd, 0xa3, 
	0xdd, 0xa3, 0xdd, 0xa3, 0xdd, 0xa3, 0xdd, 0xa3, 
	0xdd, 0xa3, 0xdd, 0xa3, 0xdd, 0xa3, 0xdd, 0xa3, 
	0xdd, 0xa3, 0xdd, 0xa3, 0xdd, 0xa3, 0xdd, 0xa3, 
	0xcd, 0x65, 0xcd, 0x65, 0xcd, 0x65, 0xcd, 0x65, 
	0xb4, 0xe3, 0x52, 0x99, 0x52, 0x99, 0x52, 0x99, 
	0x8b, 0xdd, 0xbc, 0xe3, 0x21, 0x93, 0x21, 0x93, 
	0x29, 0xd5, 0xac, 0xa1, 0x83, 0x9d, 0x83, 0x9d, 
	0x21, 0x95, 0x21, 0x95, 0x4a, 0x99, 0x4a, 0x99, 
	0x6b, 0x1b, 0x6b, 0x1b, 0x94, 0x1f, 0x11, 0x51, 
	0x52, 0xd9, 0x21, 0xd3, 0x21, 0xd3, 0x21, 0xd3, 
	0x11, 0x51, 0x11, 0x51, 0x52, 0x99, 0x11, 0x51, 
	0x19, 0x93, 0x19, 0x93, 0x19, 0x93, 0xdd, 0xe7, 
	0x83, 0x9d, 0x19, 0x53, 0x4a, 0x99, 0xb4, 0xe3, 
	0x8c, 0x1f, 0xc5, 0x65, 0x5a, 0xd9, 0x21, 0x93, 
	0x3a, 0x17, 0x19, 0x93, 0x09, 0x11, 0x19, 0x93, 
	0x42, 0x57, 0x11, 0x53, 0x11, 0x53, 0x11, 0x53, 
	0xd5, 0xa5, 0xd5, 0xa5, 0xd5, 0xa5, 0x31, 0xd5, 
	0x11, 0x53, 0x73, 0x5d, 0x11, 0x53, 0x42, 0x57, 
	0x73, 0x5d, 0xa4, 0xa1, 0xa4, 0xa1, 0x73, 0x5d, 
	0x42, 0x57, 0xac, 0xa1, 0x7b, 0x9d, 0x11, 0x53, 
	0x21, 0xd3, 0x21, 0xd3, 0x01, 0x0f, 0x01, 0x0f, 
	0x19, 0x93, 0x19, 0x93, 0x5a, 0xd9, 0xd5, 0xa7, 
	0xed, 0xe7, 0xac, 0xa1, 0x29, 0xd5, 0x29, 0xd5, 
	0x21, 0xd3, 0x21, 0xd3, 0x8c, 0x1f, 0xc5, 0x65, 
	0x9c, 0x61, 0x6b, 0x5b, 0x3a, 0x57, 0x09, 0x11, 
	0x8b, 0xdf, 0x5a, 0xd9, 0x01, 0x0f, 0x01, 0x0f, 
	0x09, 0x11, 0x52, 0xd9, 0x09, 0x11, 0x09, 0x11, 
	0x01, 0x0f, 0x01, 0x0f, 0x01, 0x0f, 0x11, 0x51, 
	0x01, 0x0f, 0x01, 0x0f, 0x01, 0x0f, 0x01, 0x0f, 
	0x01, 0x0f, 0x01, 0x0f, 0x01, 0x0f, 0x2a, 0x15, 
	0x09, 0x0f, 0x19, 0x51, 0x3a, 0x57, 0x09, 0x0f, 
	0x01, 0x0f, 0x01, 0x0f, 0x01, 0x0f, 0x01, 0x0f, 
	0x09, 0x11, 0x09, 0x11, 0x09, 0x11, 0x09, 0x11, 
	0x11, 0x51, 0x01, 0x0f, 0x11, 0x51, 0x3a, 0x57, 
	0x63, 0x1b, 0x09, 0x0f, 0x09, 0x0f, 0x09, 0x0f, 
	0x3a, 0x57, 0x11, 0x53, 0x3a, 0x57, 0x3a, 0x57, 
	0x3a, 0x17, 0x09, 0x11, 0x09, 0x11, 0x09, 0x11, 
	0xb4, 0xe1, 0xe6, 0x27, 0x4a, 0x97, 0xe6, 0x27, 
	0xcd, 0x63, 0xbc, 0xe1, 0xf6, 0x69, 0xcd, 0x63, 
	0xcd, 0x65, 0xee, 0x69, 0xcd, 0x65, 0xee, 0x69, 
	0xe5, 0xe7, 0xe5, 0xe7, 0xe5, 0xe7, 0xe5, 0xe7, 
	0xe5, 0xe5, 0xcd, 0x63, 0xe5, 0xe5, 0xcd, 0x63, 
	0xf6, 0x69, 0xdd, 0xe5, 0xf6, 0x69, 0xf6, 0x69, 
	0xee, 0x27, 0xd5, 0xa5, 0xf6, 0x69, 0xf6, 0x69, 
	0xf6, 0x69, 0xf6, 0x69, 0xcd, 0x63, 0xdd, 0xa5, 
	0xb4, 0xe1, 0xb4, 0xe1, 0xe6, 0x27, 0xb4, 0xe1, 
	0xdd, 0xa5, 0xdd, 0xa5, 0xdd, 0xa5, 0xbc, 0xe3, 
	0xb4, 0xe1, 0xdd, 0xe5, 0xdd, 0xe5, 0xdd, 0xe5, 
	0xdd, 0xe5, 0xc5, 0x23, 0xb4, 0xa1, 0xb4, 0xa1, 
	0xb4, 0xe1, 0xb4, 0xe1, 0xcd, 0x23, 0xb4, 0xe1, 
	0xa4, 0x5f, 0xbd, 0x23, 0xd5, 0xa5, 0xd5, 0xa5, 
	0x94, 0x1d, 0xac, 0xa1, 0xdd, 0xe7, 0xac, 0xa1, 
	0xb4, 0xe3, 0xd5, 0xa5, 0xd5, 0xa5, 0xd5, 0xa5, 
	0xcd, 0x63, 0xd5, 0xa5, 0xd5, 0xa5, 0xc5, 0x23, 
	0x83, 0x9d, 0x9c, 0x5f, 0x9c, 0x5f, 0xbc, 0xe3, 
	0xb4, 0xe3, 0xdd, 0xe5, 0xcd, 0x63, 0xdd, 0xe5, 
	0xb4, 0xe1, 0xb4, 0xe1, 0xb4, 0xe1, 0xdd, 0xa5, 
	0xe5, 0xe5, 0xe5, 0xe5, 0xe5, 0xe5, 0xe5, 0xe5, 
	0xe5, 0xe5, 0xe5, 0xe5, 0xe5, 0xe5, 0xe5, 0xe5, 
	0xe5, 0xe5, 0xe5, 0xe5, 0xe5, 0xe5, 0xe5, 0xe5, 
	0xe5, 0xe5, 0xe5, 0xe5, 0xee, 0x27, 0xee, 0x27, 
	0xee, 0x27, 0xee, 0x27, 0xee, 0x27, 0xee, 0x27, 
	0xdd, 0xa3, 0xdd, 0xa3, 0xdd, 0xa3, 0xdd, 0xa3, 
	0xdd, 0xa3, 0xdd, 0xa3, 0xdd, 0xa3, 0xdd, 0xa3, 
	0xdd, 0xa3, 0xdd, 0xa3, 0xdd, 0xa3, 0xdd, 0xa3, 
	0xdd, 0xa3, 0xdd, 0xa3, 0xdd, 0xa3, 0xdd, 0xa3, 
	0xdd, 0xa3, 0xdd, 0xa3, 0xdd, 0xa3, 0x9c, 0x5f, 
	0x9c, 0x61, 0x9c, 0x61, 0xcd, 0x65, 0x9c, 0x61, 
	0xb4, 0xe3, 0x83, 0xdd, 0x21, 0x93, 0x21, 0x93, 
	0x52, 0xd9, 0x52, 0xd9, 0x21, 0x93, 0x21, 0x93, 
	0x83, 0x9d, 0x83, 0x9d, 0x52, 0xd9, 0x52, 0xd9, 
	0x21, 0x95, 0x21, 0x95, 0x7b, 0x5b, 0xa4, 0x5f, 
	0x3a, 0x55, 0x3a, 0x55, 0x11, 0x51, 0x11, 0x51, 
	0x52, 0xd9, 0x21, 0xd3, 0x21, 0xd3, 0x21, 0xd3, 
	0x11, 0x51, 0x8b, 0xdf, 0xcd, 0x67, 0x11, 0x51, 
	0x19, 0x93, 0x19, 0x93, 0x19, 0x93, 0x9c, 0x61, 
	0x83, 0x9d, 0x19, 0x53, 0x4a, 0x99, 0xb4, 0xe3, 
	0x5a, 0xd9, 0xc5, 0x65, 0x5a, 0xd9, 0x21, 0x93, 
	0x29, 0xd5, 0x29, 0xd5, 0x09, 0x11, 0x3a, 0x17, 
	0x6b, 0x5b, 0x11, 0x53, 0x11, 0x53, 0x11, 0x53, 
	0xd5, 0xa5, 0x9c, 0x5f, 0x31, 0xd5, 0x6b, 0x1b, 
	0x42, 0x57, 0xa4, 0xa1, 0x73, 0x5d, 0x11, 0x53, 
	0x42, 0x17, 0x73, 0x5d, 0xd5, 0xa7, 0xd5, 0xa7, 
	0x42, 0x57, 0xac, 0xa1, 0xac, 0xa1, 0xac, 0xa1, 
	0x6b, 0x5d, 0x4a, 0x99, 0x01, 0x0f, 0x4a, 0x99, 
	0x5a, 0xd9, 0x5a, 0xd9, 0x5a, 0xd9, 0x19, 0x93, 
	0x6b, 0x5b, 0xac, 0xa1, 0x29, 0xd5, 0x29, 0xd5, 
	0x5a, 0xd9, 0x21, 0xd3, 0x8c, 0x1f, 0xc5, 0x65, 
	0x6b, 0x5b, 0x9c, 0x61, 0x3a, 0x57, 0x09, 0x11, 
	0x01, 0x0f, 0x01, 0x0f, 0x01, 0x0f, 0x01, 0x0f, 
	0x09, 0x11, 0x09, 0x11, 0x09, 0x11, 0x09, 0x11, 
	0x01, 0x0f, 0x01, 0x0f, 0x01, 0x0f, 0x32, 0x17, 
	0x63, 0x1b, 0x01, 0x0f, 0x01, 0x0f, 0x01, 0x0f, 
	0x01, 0x0f, 0x01, 0x0f, 0x19, 0x91, 0x42, 0x97, 
	0x19, 0x51, 0x09, 0x0f, 0x09, 0x0f, 0x19, 0x51, 
	0x01, 0x0f, 0x01, 0x0f, 0x01, 0x0f, 0x4a, 0x97, 
	0xb4, 0xe3, 0x42, 0x57, 0x42, 0x57, 0x42, 0x57, 
	0x11, 0x51, 0x01, 0x0f, 0x01, 0x0f, 0x01, 0x0f, 
	0x29, 0xd3, 0x09, 0x0f, 0x09, 0x0f, 0x09, 0x0f, 
	0x3a, 0x57, 0x3a, 0x57, 0x11, 0x53, 0x11, 0x53, 
	0x3a, 0x17, 0x09, 0x11, 0x09, 0x11, 0x09, 0x11, 
	0x4a, 0x97, 0xe6, 0x27, 0x7b, 0x9d, 0x4a, 0x97, 
	0xbc, 0xe1, 0xcd, 0x63, 0xf6, 0x69, 0xf6, 0x69, 
	0xee, 0x69, 0xac, 0x9f, 0xcd, 0x65, 0xcd, 0x65, 
	0xe5, 0xe7, 0xe5, 0xe7, 0xe5, 0xe7, 0xe5, 0xe7, 
	0xee, 0x27, 0xee, 0x27, 0xee, 0x27, 0xd5, 0xa5, 
	0xe6, 0x27, 0xf6, 0x69, 0xe6, 0x27, 0xdd, 0xe5, 
	0xee, 0x27, 0xd5, 0xa5, 0xee, 0x27, 0xee, 0x27, 
	0xdd, 0xa5, 0xdd, 0xa5, 0xcd, 0x63, 0xdd, 0xa5, 
	0xd5, 0xa5, 0xc5, 0x23, 0xe6, 0x27, 0xd5, 0xa5, 
	0xdd, 0xa5, 0x9c, 0x5f, 0xdd, 0xa5, 0xdd, 0xa5, 
	0x63, 0x1b, 0xb4, 0xe1, 0xb4, 0xe1, 0xdd, 0xe5, 
	0x9c, 0x1f, 0xb4, 0xa1, 0xb4, 0xa1, 0x9c, 0x1f, 
	0xa4, 0x5f, 0xb4, 0xe1, 0xdd, 0xa5, 0xb4, 0xe1, 
	0xd5, 0xa5, 0xd5, 0xa5, 0xd5, 0xa5, 0xbd, 0x23, 
	0xc5, 0x23, 0x94, 0x1d, 0xc5, 0x23, 0xdd, 0xe7, 
	0xd5, 0xa5, 0xd5, 0xa5, 0xd5, 0xa5, 0xb4, 0xe3, 
	0xc5, 0x23, 0xd5, 0xa5, 0xdd, 0xe5, 0xd5, 0xa5, 
	0xd5, 0xa5, 0xbc, 0xe3, 0xd5, 0xa5, 0xbc, 0xe3, 
	0xdd, 0xe5, 0xdd, 0xe5, 0xdd, 0xe5, 0xa4, 0x61, 
	0xdd, 0xa5, 0xdd, 0xa5, 0xa4, 0x5f, 0xb4, 0xe1, 
	0xe5, 0xe5, 0xe5, 0xe5, 0xe5, 0xe5, 0xe5, 0xe5, 
	0xe5, 0xe5, 0xe5, 0xe5, 0xe5, 0xe5, 0xe5, 0xe5, 
	0xee, 0x27, 0xee, 0x27, 0xee, 0x27, 0xee, 0x27, 
	0xee, 0x27, 0xee, 0x27, 0xee, 0x27, 0xee, 0x27, 
	0xee, 0x27, 0xee, 0x27, 0xee, 0x27, 0xee, 0x27, 
	0xdd, 0xa3, 0xdd, 0xa3, 0xdd, 0xa3, 0xdd, 0xa3, 
	0xdd, 0xa3, 0xdd, 0xa3, 0xdd, 0xa3, 0xdd, 0xa3, 
	0xdd, 0xa3, 0xdd, 0xa3, 0xdd, 0xa3, 0xdd, 0xa3, 
	0xdd, 0xa3, 0xdd, 0xa3, 0xdd, 0xa3, 0xdd, 0xa3, 
	0xdd, 0xa3, 0xdd, 0xa3, 0xdd, 0xa3, 0x9c, 0x5f, 
	0x9c, 0x61, 0x42, 0x57, 0x42, 0x57, 0x42, 0x57, 
	0x83, 0xdd, 0xb4, 0xe3, 0x52, 0x99, 0x21, 0x93, 
	0x21, 0x93, 0x8b, 0xdd, 0x21, 0x93, 0x21, 0x93, 
	0x52, 0xd9, 0x52, 0xd9, 0x29, 0xd5, 0x52, 0xd9, 
	0x4a, 0x99, 0x4a, 0x99, 0x7b, 0x5b, 0xa4, 0x5f, 
	0x3a, 0x55, 0x3a, 0x55, 0x11, 0x51, 0x3a, 0x55, 
	0x52, 0xd9, 0x21, 0xd3, 0xbc, 0xe5, 0x8b, 0xdf, 
	0x11, 0x51, 0x52, 0x99, 0xcd, 0x67, 0x52, 0x99, 
	0x19, 0x93, 0x19, 0x93, 0x19, 0x93, 0x9c, 0x61, 
	0x83, 0x9d, 0x19, 0x53, 0x19, 0x53, 0x19, 0x53, 
	0x21, 0x93, 0x21, 0x93, 0x21, 0x93, 0x21, 0x93, 
	0x3a, 0x17, 0x29, 0xd5, 0x09, 0x11, 0x19, 0x93, 
	0x42, 0x57, 0x11, 0x53, 0x9c, 0x1f, 0x42, 0x57, 
	0x9c, 0x5f, 0xd5, 0xa5, 0x31, 0xd5, 0x31, 0xd5, 
	0x11, 0x53, 0x42, 0x57, 0x42, 0x57, 0x11, 0x53, 
	0x42, 0x17, 0x73, 0x5d, 0x73, 0x5d, 0xd5, 0xa7, 
	0x42, 0x57, 0x42, 0x57, 0x42, 0x57, 0x42, 0x57, 
	0x21, 0xd3, 0x21, 0xd3, 0x01, 0x0f, 0x21, 0xd3, 
	0x19, 0x93, 0x5a, 0xd9, 0xd5, 0xa7, 0x19, 0x93, 
	0x6b, 0x5b, 0xac, 0xa1, 0x6b, 0x5b, 0x6b, 0x5b, 
	0x21, 0xd3, 0x21, 0xd3, 0x21, 0xd3, 0x21, 0xd3, 
	0x3a, 0x57, 0x6b, 0x5b, 0x3a, 0x57, 0x3a, 0x57, 
	0x01, 0x0f, 0x01, 0x0f, 0x01, 0x0f, 0x01, 0x0f, 
	0x09, 0x11, 0x09, 0x11, 0x09, 0x11, 0x09, 0x11, 
	0x01, 0x0f, 0x11, 0x51, 0x01, 0x0f, 0x01, 0x0f, 
	0x42, 0x57, 0x21, 0xd3, 0x01, 0x0f, 0x01, 0x0f, 
	0x01, 0x0f, 0x01, 0x0f, 0x19, 0x91, 0x42, 0x97, 
	0x09, 0x0f, 0x09, 0x0f, 0x19, 0x51, 0x29, 0xd5, 
	0x01, 0x0f, 0x01, 0x0f, 0x01, 0x0f, 0x01, 0x0f, 
	0x42, 0x57, 0x42, 0x57, 0x09, 0x11, 0x09, 0x11, 
	0x01, 0x0f, 0x01, 0x0f, 0x01, 0x0f, 0x01, 0x0f, 
	0x09, 0x0f, 0x09, 0x0f, 0x09, 0x0f, 0x09, 0x0f, 
	0x11, 0x53, 0x11, 0x53, 0x11, 0x53, 0x3a, 0x57, 
	0x21, 0x93, 0x21, 0x93, 0x09, 0x11, 0x09, 0x11, 
	0x4a, 0x97, 0xe6, 0x27, 0xe6, 0x27, 0x7b, 0x9d, 
	0xbc, 0xe1, 0xbc, 0xe1, 0xf6, 0x69, 0xe5, 0xe7, 
	0xee, 0x69, 0xee, 0x69, 0x8b, 0x9b, 0xac, 0x9f, 
	0x5a, 0xd9, 0xe5, 0xe7, 0xe5, 0xe7, 0xe5, 0xe7, 
	0xee, 0x27, 0xee, 0x27, 0xee, 0x27, 0xd5, 0xa5, 
	0xdd, 0xe5, 0xe6, 0x27, 0xfe, 0xab, 0xe6, 0x27, 
	0xf6, 0x69, 0xf6, 0x69, 0xee, 0x27, 0xee, 0x27, 
	0xdd, 0xa5, 0xdd, 0xa5, 0xdd, 0xa5, 0xcd, 0x63, 
	0xe6, 0x27, 0xe6, 0x27, 0xe6, 0x27, 0xb4, 0xe1, 
	0x9c, 0x5f, 0x7b, 0x9d, 0x9c, 0x5f, 0x9c, 0x5f, 
	0x63, 0x1b, 0x63, 0x1b, 0xb4, 0xe1, 0xb4, 0xe1, 
	0xc5, 0x23, 0xc5, 0x23, 0xdd, 0xe5, 0xb4, 0xa1, 
	0xcd, 0x23, 0xcd, 0x23, 0xdd, 0xa5, 0xdd, 0xa5, 
	0xd5, 0xa5, 0xd5, 0xa5, 0xd5, 0xa5, 0xd5, 0xa5, 
	0xdd, 0xe7, 0xc5, 0x23, 0xc5, 0x23, 0xdd, 0xe7, 
	0xd5, 0xa5, 0x7b, 0x5d, 0xb4, 0xe3, 0xb4, 0xe3, 
	0xdd, 0xe5, 0xcd, 0x63, 0xd5, 0xa5, 0xd5, 0xa5, 
	0xd5, 0xa5, 0xd5, 0xa5, 0xd5, 0xa5, 0xd5, 0xa5, 
	0xb4, 0xe3, 0xb4, 0xe3, 0xdd, 0xe5, 0xa4, 0x61, 
	0xb4, 0xe1, 0xdd, 0xa5, 0xcd, 0x23, 0xcd, 0x23, 
	0xe5, 0xe5, 0xe5, 0xe5, 0xe5, 0xe5, 0xe5, 0xe5, 
	0xe5, 0xe5, 0xe5, 0xe5, 0xe5, 0xe5, 0xe5, 0xe5, 
	0xee, 0x27, 0xee, 0x27, 0xee, 0x27, 0xee, 0x27, 
	0xee, 0x27, 0xee, 0x27, 0xee, 0x27, 0xee, 0x27, 
	0xee, 0x27, 0xee, 0x27, 0xee, 0x27, 0xee, 0x27, 
	0xdd, 0xa3, 0xdd, 0xa3, 0xdd, 0xa3, 0xdd, 0xa3, 
	0xdd, 0xa3, 0xdd, 0xa3, 0xdd, 0xa3, 0xdd, 0xa3, 
	0xdd, 0xa3, 0xdd, 0xa3, 0xdd, 0xa3, 0xdd, 0xa3, 
	0xdd, 0xa3, 0xdd, 0xa3, 0xdd, 0xa3, 0xdd, 0xa3, 
	0xd5, 0xa3, 0xd5, 0xa3, 0x9c, 0x5f, 0xbc, 0xe1, 
	0x73, 0x5d, 0x3a, 0x57, 0x3a, 0x57, 0x3a, 0x57, 
	0xcd, 0x65, 0xcd, 0x65, 0x94, 0x1f, 0x62, 0xdb, 
	0x73, 0x5d, 0x42, 0x57, 0x19, 0x53, 0x42, 0x57, 
	0x5a, 0xd9, 0x5a, 0xd9, 0x21, 0x93, 0x5a, 0xd9, 
	0x11, 0x53, 0x11, 0x53, 0x9c, 0x61, 0xe5, 0xe9, 
	0x32, 0x15, 0x32, 0x15, 0x32, 0x15, 0x32, 0x15, 
	0x19, 0x93, 0x19, 0x93, 0xd5, 0xe7, 0xd5, 0xe7, 
	0x19, 0x53, 0x94, 0x1f, 0xcd, 0x65, 0x19, 0x53, 
	0x42, 0x57, 0x42, 0x57, 0x00, 0xd1, 0x42, 0x57, 
	0x21, 0x93, 0x21, 0x93, 0x21, 0x93, 0x21, 0x93, 
	0x63, 0x1b, 0x63, 0x1b, 0x63, 0x1b, 0x29, 0xd5, 
	0x3a, 0x57, 0x3a, 0x57, 0x01, 0x11, 0x01, 0x11, 
	0x21, 0x93, 0x21, 0x93, 0x5a, 0xd9, 0x5a, 0xd9, 
	0x4a, 0x57, 0x63, 0x1b, 0x11, 0x51, 0x11, 0x51, 
	0x7b, 0x9f, 0x11, 0x51, 0x7b, 0x9f, 0x4a, 0x57, 
	0x19, 0x53, 0x4a, 0x97, 0x19, 0x53, 0xa4, 0xa1, 
	0xd5, 0xa7, 0x29, 0x93, 0x62, 0xd9, 0x9c, 0x61, 
	0x11, 0x53, 0x01, 0x11, 0x11, 0x53, 0x01, 0x11, 
	0x11, 0x51, 0x42, 0x57, 0x73, 0x5b, 0x42, 0x57, 
	0x6b, 0x1b, 0x9c, 0x5f, 0x6b, 0x1b, 0x6b, 0x1b, 
	0x11, 0x51, 0x11, 0x51, 0x11, 0x51, 0x11, 0x51, 
	0x09, 0x11, 0x09, 0x11, 0x73, 0x5b, 0xa4, 0x61, 
	0x09, 0x11, 0x8b, 0xdf, 0x32, 0x15, 0x09, 0x11, 
	0x01, 0x0f, 0x19, 0x93, 0x01, 0x0f, 0x01, 0x0f, 
	0x01, 0x0f, 0x11, 0x51, 0x19, 0x93, 0x01, 0x0f, 
	0x32, 0x15, 0x01, 0x0f, 0x01, 0x0f, 0x01, 0x0f, 
	0x00, 0xcf, 0x00, 0xcf, 0x11, 0x51, 0x32, 0x17, 
	0x01, 0x0f, 0x01, 0x0f, 0x01, 0x0f, 0x01, 0x0f, 
	0x01, 0x0f, 0x01, 0x0f, 0x29, 0xd5, 0x29, 0xd5, 
	0x42, 0x57, 0x63, 0x1b, 0x42, 0x57, 0x01, 0x0f, 
	0x11, 0x51, 0x11, 0x51, 0x01, 0x11, 0x01, 0x11, 
	0x01, 0x11, 0x01, 0x11, 0x01, 0x11, 0x01, 0x11, 
	0x01, 0x11, 0x32, 0x17, 0x32, 0x17, 0x01, 0x11, 
	0x09, 0x11, 0x09, 0x11, 0x21, 0x93, 0x09, 0x11, 
	0x01, 0x11, 0x01, 0x11, 0xcd, 0x65, 0x42, 0x97, 
	0xb4, 0x9f, 0x8b, 0x99, 0xfe, 0xed, 0xd5, 0xa7, 
	0xd5, 0xa5, 0xfe, 0xed, 0xd5, 0xa5, 0xc5, 0x21, 
	0xc5, 0x23, 0xee, 0x29, 0xc5, 0x23, 0xd5, 0xa5, 
	0xf6, 0x69, 0xcd, 0xa5, 0xcd, 0xa5, 0xcd, 0xa5, 
	0xd5, 0xa5, 0xd5, 0xa5, 0xee, 0x27, 0xfe, 0xab, 
	0xe5, 0xe7, 0xe5, 0xe7, 0xfe, 0xa9, 0xfe, 0xa9, 
	0xee, 0x29, 0xee, 0x29, 0xee, 0x29, 0xd5, 0xa5, 
	0xee, 0x27, 0xee, 0x27, 0xee, 0x27, 0xee, 0x27, 
	0xac, 0xa1, 0xe5, 0xe5, 0x73, 0x5b, 0x3a, 0x17, 
	0x83, 0x9d, 0xb4, 0xe3, 0xb4, 0xe3, 0xe5, 0xe7, 
	0xe5, 0xe7, 0xf6, 0x69, 0xcd, 0x63, 0xcd, 0x63, 
	0xe5, 0xe5, 0xe5, 0xe5, 0xe5, 0xe5, 0xbc, 0xe1, 
	0xdd, 0xe5, 0xdd, 0xe5, 0xdd, 0xe5, 0xa4, 0x5f, 
	0xb4, 0xe1, 0xd5, 0xa5, 0xd5, 0xa5, 0xb4, 0xe1, 
	0xa4, 0x5f, 0xcd, 0x63, 0xa4, 0x5f, 0xcd, 0x63, 
	0xb4, 0xe1, 0xb4, 0xe1, 0xa4, 0x5f, 0xcd, 0x65, 
	0xbc, 0xe1, 0xbc, 0xe1, 0xd5, 0xa5, 0xbc, 0xe1, 
	0xbc, 0xe3, 0xbc, 0xe3, 0xd5, 0xa5, 0xd5, 0xa5, 
	0xbc, 0xe1, 0xe6, 0x27, 0xd5, 0xa5, 0xd5, 0xa5, 
	0xbc, 0xe1, 0xcd, 0x63, 0xee, 0x27, 0xee, 0x27, 
	0xee, 0x27, 0xee, 0x27, 0xee, 0x27, 0xee, 0x27, 
	0xee, 0x27, 0xee, 0x27, 0xee, 0x27, 0xee, 0x27, 
	0xee, 0x27, 0xee, 0x27, 0xee, 0x27, 0xee, 0x27, 
	0xee, 0x27, 0xee, 0x27, 0xee, 0x27, 0xee, 0x27, 
	0xdd, 0xa3, 0xdd, 0xa3, 0xdd, 0xa3, 0xdd, 0xa3, 
	0xdd, 0xa3, 0xdd, 0xa3, 0xdd, 0xa3, 0xdd, 0xa3, 
	0xdd, 0xa3, 0xdd, 0xa3, 0xdd, 0xa3, 0xdd, 0xa3, 
	0xdd, 0xa3, 0xdd, 0xa3, 0xdd, 0xa3, 0xdd, 0xa3, 
	0xd5, 0xa3, 0xd5, 0xa3, 0xbc, 0xe1, 0xd5, 0xa3, 
	0x73, 0x5d, 0x73, 0x5d, 0x73, 0x5d, 0x73, 0x5d, 
	0x62, 0xdb, 0x62, 0xdb, 0x94, 0x1f, 0x94, 0x1f, 
	0x42, 0x57, 0x19, 0x53, 0x42, 0x57, 0x9c, 0x61, 
	0x94, 0x21, 0x21, 0x93, 0x21, 0x93, 0x21, 0x93, 
	0x11, 0x53, 0x11, 0x53, 0x5a, 0xdb, 0xe5, 0xe9, 
	0x32, 0x15, 0x32, 0x15, 0x32, 0x15, 0x32, 0x15, 
	0x19, 0x93, 0x19, 0x93, 0x5a, 0xd9, 0x5a, 0xd9, 
	0x19, 0x53, 0x52, 0xd9, 0xcd, 0x65, 0x52, 0xd9, 
	0x42, 0x57, 0x42, 0x57, 0x00, 0xd1, 0x00, 0xd1, 
	0x21, 0x93, 0x11, 0x51, 0x21, 0x93, 0x11, 0x51, 
	0x63, 0x1b, 0x9c, 0x5f, 0xd5, 0xa5, 0x29, 0xd5, 
	0x01, 0x11, 0x01, 0x11, 0x3a, 0x57, 0x3a, 0x57, 
	0x21, 0x93, 0x21, 0x93, 0x5a, 0xd9, 0x5a, 0xd9, 
	0x4a, 0x57, 0x11, 0x51, 0x11, 0x51, 0x11, 0x51, 
	0xb4, 0xe5, 0x4a, 0x57, 0x11, 0x51, 0x4a, 0x57, 
	0x19, 0x53, 0x19, 0x53, 0x19, 0x53, 0xa4, 0xa1, 
	0xd5, 0xa7, 0x62, 0xd9, 0x62, 0xd9, 0x9c, 0x61, 
	0x11, 0x53, 0x01, 0x11, 0x01, 0x11, 0x11, 0x53, 
	0x11, 0x51, 0x11, 0x51, 0x11, 0x51, 0x11, 0x51, 
	0x6b, 0x1b, 0x9c, 0x5f, 0x6b, 0x1b, 0x32, 0x15, 
	0x11, 0x51, 0x6b, 0x1b, 0x9c, 0x21, 0x11, 0x51, 
	0x09, 0x11, 0x09, 0x11, 0x3a, 0x57, 0x73, 0x5b, 
	0x09, 0x11, 0x63, 0x1b, 0x09, 0x11, 0x09, 0x11, 
	0x01, 0x0f, 0x52, 0xd9, 0x01, 0x0f, 0x01, 0x0f, 
	0x01, 0x0f, 0x01, 0x0f, 0x01, 0x0f, 0x01, 0x0f, 
	0x4a, 0x59, 0x19, 0x93, 0x01, 0x0f, 0x01, 0x0f, 
	0x00, 0xcf, 0x00, 0xcf, 0x11, 0x51, 0x21, 0x95, 
	0x09, 0x11, 0x01, 0x0f, 0x01, 0x0f, 0x01, 0x0f, 
	0x11, 0x51, 0x11, 0x51, 0x01, 0x0f, 0x01, 0x0f, 
	0x42, 0x57, 0x21, 0x93, 0x42, 0x57, 0x01, 0x0f, 
	0x11, 0x51, 0x11, 0x51, 0x01, 0x11, 0x01, 0x11, 
	0x01, 0x11, 0x01, 0x11, 0x4a, 0x99, 0x4a, 0x99, 
	0x01, 0x11, 0x01, 0x11, 0x32, 0x17, 0x01, 0x11, 
	0x09, 0x11, 0x3a, 0x57, 0x09, 0x11, 0x09, 0x11, 
	0x42, 0x97, 0x42, 0x97, 0xcd, 0x65, 0x8b, 0xdf, 
	0xb4, 0x9f, 0xb4, 0x9f, 0xfe, 0xed, 0xfe, 0xed, 
	0xfe, 0xed, 0xfe, 0xed, 0xee, 0x29, 0xd5, 0xa5, 
	0xd5, 0xa5, 0xee, 0x29, 0xc5, 0x23, 0xd5, 0xa5, 
	0xf6, 0x69, 0xf6, 0x69, 0xcd, 0xa5, 0x83, 0x9d, 
	0xc5, 0x21, 0xd5, 0xa5, 0xfe, 0xab, 0xfe, 0xab, 
	0xe5, 0xe7, 0xac, 0xa1, 0xc5, 0x63, 0xe5, 0xe7, 
	0xf6, 0x6b, 0xdd, 0xe7, 0xf6, 0x6b, 0xf6, 0x6b, 
	0xee, 0x27, 0xee, 0x27, 0xd5, 0xa5, 0xd5, 0xa5, 
	0xe5, 0xe5, 0xe5, 0xe5, 0x3a, 0x17, 0x3a, 0x17, 
	0x83, 0x9d, 0xe5, 0xe7, 0xb4, 0xe3, 0xe5, 0xe7, 
	0xcd, 0x63, 0xbc, 0xe1, 0xcd, 0x63, 0xcd, 0x63, 
	0xe5, 0xe5, 0xe5, 0xe5, 0xf6, 0x67, 0xcd, 0x63, 
	0xcd, 0x63, 0xdd, 0xe5, 0xdd, 0xe5, 0xa4, 0x5f, 
	0xb4, 0xe1, 0xb4, 0xe1, 0xd5, 0xa5, 0xd5, 0xa5, 
	0xdd, 0xe5, 0xcd, 0x63, 0xdd, 0xe5, 0xcd, 0x63, 
	0xb4, 0xe1, 0xb4, 0xe1, 0xdd, 0xe7, 0xcd, 0x65, 
	0xbc, 0xe1, 0xbc, 0xe1, 0xd5, 0xa5, 0xd5, 0xa5, 
	0xbc, 0xe3, 0xd5, 0xa5, 0xf6, 0x69, 0xf6, 0x69, 
	0xd5, 0xa5, 0xe6, 0x27, 0xd5, 0xa5, 0xd5, 0xa5, 
	0xbc, 0xe1, 0xbc, 0xe1, 0xee, 0x27, 0xee, 0x27, 
	0xee, 0x27, 0xee, 0x27, 0xee, 0x27, 0xee, 0x27, 
	0xee, 0x27, 0xee, 0x27, 0xee, 0x27, 0xee, 0x27, 
	0xee, 0x27, 0xee, 0x27, 0xee, 0x27, 0xee, 0x27, 
	0xee, 0x27, 0xee, 0x27, 0xee, 0x27, 0xee, 0x27, 
	0xdd, 0xa3, 0xdd, 0xa3, 0xdd, 0xa3, 0xdd, 0xa3, 
	0xdd, 0xa3, 0xdd, 0xa3, 0xdd, 0xa3, 0xdd, 0xa3, 
	0xdd, 0xa3, 0xdd, 0xa3, 0xdd, 0xa3, 0xdd, 0xa3, 
	0xdd, 0xa3, 0xdd, 0xa3, 0xdd, 0xa3, 0xdd, 0xa3, 
	0xd5, 0xa3, 0xd5, 0xa3, 0x83, 0x9d, 0xd5, 0xa3, 
	0xdd, 0xe7, 0xa4, 0xa1, 0x73, 0x5d, 0x73, 0x5d, 
	0x29, 0x95, 0xcd, 0x65, 0xcd, 0x65, 0x29, 0x95, 
	0x19, 0x53, 0x19, 0x53, 0x42, 0x57, 0x73, 0x5d, 
	0xcd, 0x67, 0x21, 0x93, 0x5a, 0xd9, 0x5a, 0xd9, 
	0x11, 0x53, 0x5a, 0xdb, 0x5a, 0xdb, 0x5a, 0xdb, 
	0x32, 0x15, 0x63, 0x1b, 0x63, 0x1b, 0x63, 0x1b, 
	0x19, 0x93, 0x19, 0x93, 0x5a, 0xd9, 0xd5, 0xe7, 
	0x94, 0x1f, 0x52, 0xd9, 0xcd, 0x65, 0x52, 0xd9, 
	0x42, 0x57, 0x7b, 0xdf, 0xbd, 0x25, 0x42, 0x57, 
	0x11, 0x51, 0x11, 0x51, 0x42, 0x57, 0x21, 0x93, 
	0x29, 0xd5, 0x9c, 0x5f, 0xd5, 0xa5, 0x9c, 0x5f, 
	0x01, 0x11, 0x01, 0x11, 0xac, 0xe3, 0x3a, 0x57, 
	0x21, 0x93, 0x21, 0x93, 0xd5, 0xa7, 0x21, 0x93, 
	0x29, 0xd5, 0x11, 0x51, 0x63, 0x1b, 0x63, 0x1b, 
	0x7b, 0x9f, 0x4a, 0x57, 0x11, 0x51, 0x11, 0x51, 
	0x19, 0x53, 0x19, 0x53, 0x73, 0x9d, 0x73, 0x9d, 
	0xd5, 0xa7, 0x29, 0x93, 0x29, 0x93, 0x62, 0xd9, 
	0x11, 0x53, 0x01, 0x11, 0x01, 0x11, 0x01, 0x11, 
	0x11, 0x51, 0x11, 0x51, 0x11, 0x51, 0xa4, 0x61, 
	0xd5, 0xa5, 0x9c, 0x5f, 0x32, 0x15, 0x6b, 0x1b, 
	0x42, 0x57, 0x11, 0x51, 0x11, 0x51, 0x11, 0x51, 
	0x09, 0x11, 0x09, 0x11, 0x09, 0x11, 0x3a, 0x57, 
	0x09, 0x11, 0x09, 0x11, 0x09, 0x11, 0x09, 0x11, 
	0x01, 0x0f, 0x01, 0x0f, 0x01, 0x0f, 0x01, 0x0f, 
	0x01, 0x0f, 0x01, 0x0f, 0x01, 0x0f, 0x19, 0x93, 
	0x32, 0x15, 0x01, 0x0f, 0x01, 0x0f, 0x01, 0x0f, 
	0x00, 0xcf, 0x11, 0x51, 0x00, 0xcf, 0x00, 0xcf, 
	0x01, 0x0f, 0x01, 0x0f, 0x01, 0x0f, 0x01, 0x0f, 
	0x01, 0x0f, 0x01, 0x0f, 0x11, 0x51, 0x01, 0x0f, 
	0x42, 0x57, 0x42, 0x57, 0x42, 0x57, 0x21, 0x93, 
	0x11, 0x51, 0x21, 0x93, 0x31, 0xd3, 0x21, 0x93, 
	0x01, 0x11, 0x01, 0x11, 0x4a, 0x99, 0x4a, 0x99, 
	0x32, 0x17, 0x32, 0x17, 0x9c, 0x61, 0x9c, 0x61, 
	0x52, 0xd9, 0x3a, 0x57, 0x09, 0x11, 0x09, 0x11, 
	0x01, 0x11, 0x42, 0x97, 0xcd, 0x65, 0xcd, 0x65, 
	0xd5, 0xa7, 0xb4, 0x9f, 0xd5, 0xa7, 0xd5, 0xa7, 
	0xd5, 0xa5, 0xd5, 0xa5, 0xfe, 0xed, 0xfe, 0xed, 
	0xc5, 0x23, 0xd5, 0xa5, 0xfe, 0xeb, 0xfe, 0xeb, 
	0xf6, 0x69, 0xf6, 0x69, 0xcd, 0xa5, 0xcd, 0xa5, 
	0xee, 0x27, 0xee, 0x27, 0xee, 0x27, 0xee, 0x27, 
	0xc5, 0x63, 0xc5, 0x63, 0xac, 0xa1, 0xac, 0xa1, 
	0xf6, 0x6b, 0xf6, 0x6b, 0xf6, 0x6b, 0xee, 0x29, 
	0x9c, 0x1f, 0xee, 0x27, 0x9c, 0x1f, 0xd5, 0xa5, 
	0xe5, 0xe5, 0xe5, 0xe5, 0xe5, 0xe5, 0xac, 0xa1, 
	0x83, 0x9d, 0x83, 0x9d, 0xb4, 0xe3, 0xe5, 0xe7, 
	0xe5, 0xe7, 0xbc, 0xe1, 0xe5, 0xe7, 0xf6, 0x69, 
	0xe5, 0xe5, 0xe5, 0xe5, 0xcd, 0x63, 0xe5, 0xe5, 
	0xa4, 0x5f, 0xb4, 0xe1, 0xdd, 0xe5, 0xb4, 0xe1, 
	0xa4, 0x5f, 0xb4, 0xe1, 0xc5, 0x23, 0xc5, 0x23, 
	0xdd, 0xe5, 0xdd, 0xe5, 0xdd, 0xe5, 0xb4, 0xe1, 
	0xcd, 0x65, 0xa4, 0x5f, 0xdd, 0xe7, 0xdd, 0xe7, 
	0xd5, 0xa5, 0xe6, 0x27, 0xcd, 0x63, 0xcd, 0x63, 
	0xd5, 0xa5, 0xbc, 0xe3, 0xbc, 0xe3, 0xd5, 0xa5, 
	0xbc, 0xe1, 0xbc, 0xe1, 0xd5, 0xa5, 0xd5, 0xa5, 
	0xcd, 0x63, 0xbc, 0xe1, 0xee, 0x27, 0xee, 0x27, 
	0xee, 0x27, 0xee, 0x27, 0xee, 0x27, 0xee, 0x27, 
	0xee, 0x27, 0xee, 0x27, 0xee, 0x27, 0xee, 0x27, 
	0xee, 0x27, 0xee, 0x27, 0xee, 0x27, 0xee, 0x27, 
	0xee, 0x27, 0xee, 0x27, 0xee, 0x27, 0xee, 0x27, 
	0xdd, 0xa3, 0xdd, 0xa3, 0xdd, 0xa3, 0xdd, 0xa3, 
	0xdd, 0xa3, 0xdd, 0xa3, 0xdd, 0xa3, 0xdd, 0xa3, 
	0xdd, 0xa3, 0xdd, 0xa3, 0xdd, 0xa3, 0xdd, 0xa3, 
	0xdd, 0xa3, 0xdd, 0xa3, 0xdd, 0xa3, 0xdd, 0xa3, 
	0xd5, 0xa3, 0x83, 0x9d, 0x9c, 0x5f, 0xbc, 0xe1, 
	0xa4, 0xa1, 0x73, 0x5d, 0x3a, 0x57, 0x3a, 0x57, 
	0x94, 0x1f, 0xcd, 0x65, 0xcd, 0x65, 0x62, 0xdb, 
	0x9c, 0x61, 0x9c, 0x61, 0x42, 0x57, 0x19, 0x53, 
	0xcd, 0x67, 0x5a, 0xd9, 0x21, 0x93, 0x21, 0x93, 
	0x11, 0x53, 0x5a, 0xdb, 0x9c, 0x61, 0x5a, 0xdb, 
	0x32, 0x15, 0x32, 0x15, 0xc5, 0x27, 0xc5, 0x27, 
	0x19, 0x93, 0x19, 0x93, 0x19, 0x93, 0xd5, 0xe7, 
	0x52, 0xd9, 0x52, 0xd9, 0xcd, 0x65, 0x52, 0xd9, 
	0x42, 0x57, 0x7b, 0xdf, 0xbd, 0x25, 0x42, 0x57, 
	0x21, 0x93, 0x11, 0x51, 0x21, 0x93, 0x21, 0x93, 
	0x29, 0xd5, 0x63, 0x1b, 0xd5, 0xa5, 0xd5, 0xa5, 
	0x3a, 0x57, 0x01, 0x11, 0x3a, 0x57, 0x3a, 0x57, 
	0x21, 0x93, 0x5a, 0xd9, 0xd5, 0xa7, 0x5a, 0xd9, 
	0x11, 0x51, 0x11, 0x51, 0x29, 0xd5, 0x4a, 0x57, 
	0x7b, 0x9f, 0x4a, 0x57, 0x11, 0x51, 0x11, 0x51, 
	0x19, 0x53, 0x19, 0x53, 0x19, 0x53, 0x19, 0x53, 
	0xd5, 0xa7, 0x62, 0xd9, 0x29, 0x93, 0x29, 0x93, 
	0x01, 0x11, 0x11, 0x53, 0x3a, 0x17, 0x01, 0x11, 
	0x11, 0x51, 0x11, 0x51, 0x11, 0x51, 0x73, 0x5b, 
	0xd5, 0xa5, 0xd5, 0xa5, 0x32, 0x15, 0x6b, 0x1b, 
	0x6b, 0x1b, 0x6b, 0x1b, 0x11, 0x51, 0x11, 0x51, 
	0x09, 0x11, 0x09, 0x11, 0x09, 0x11, 0x09, 0x11, 
	0x8b, 0xdf, 0x09, 0x11, 0x09, 0x11, 0x09, 0x11, 
	0x01, 0x0f, 0x01, 0x0f, 0x01, 0x0f, 0x01, 0x0f, 
	0x01, 0x0f, 0x11, 0x51, 0x01, 0x0f, 0x29, 0xd5, 
	0x32, 0x15, 0x01, 0x0f, 0x01, 0x0f, 0x01, 0x0f, 
	0x00, 0xcf, 0x11, 0x51, 0x11, 0x51, 0x00, 0xcf, 
	0x01, 0x0f, 0x01, 0x0f, 0x09, 0x11, 0x01, 0x0f, 
	0x01, 0x0f, 0x01, 0x0f, 0x01, 0x0f, 0x01, 0x0f, 
	0x21, 0x93, 0x21, 0x93, 0x21, 0x93, 0x21, 0x93, 
	0x21, 0x93, 0x31, 0xd3, 0x31, 0xd3, 0x31, 0xd3, 
	0x21, 0xd5, 0x01, 0x11, 0x21, 0xd5, 0x6b, 0x5d, 
	0x01, 0x11, 0x01, 0x11, 0x6b, 0x1b, 0x6b, 0x1b, 
	0x52, 0xd9, 0x21, 0x93, 0x21, 0x93, 0x21, 0x93, 
	0x01, 0x11, 0x01, 0x11, 0xcd, 0x65, 0xcd, 0x65, 
	0xd5, 0xa7, 0xd5, 0xa7, 0xb4, 0x9f, 0xd5, 0xa7, 
	0xd5, 0xa5, 0xc5, 0x21, 0xee, 0x29, 0xfe, 0xed, 
	0xd5, 0xa5, 0xc5, 0x23, 0xee, 0x29, 0xee, 0x29, 
	0xf6, 0x69, 0xcd, 0xa5, 0xf6, 0x69, 0xcd, 0xa5, 
	0xd5, 0xa5, 0xee, 0x27, 0xd5, 0xa5, 0xee, 0x27, 
	0xe5, 0xe7, 0xe5, 0xe7, 0xc5, 0x63, 0xc5, 0x63, 
	0xee, 0x29, 0xd5, 0xa5, 0xdd, 0xe7, 0xee, 0x29, 
	0x9c, 0x1f, 0xee, 0x27, 0xd5, 0xa5, 0xd5, 0xa5, 
	0xe5, 0xe5, 0xe5, 0xe5, 0xac, 0xa1, 0xac, 0xa1, 
	0xb4, 0xe3, 0x52, 0x99, 0xb4, 0xe3, 0xe5, 0xe7, 
	0xf6, 0x69, 0xcd, 0x63, 0xe5, 0xe7, 0xe5, 0xe7, 
	0xe5, 0xe5, 0xe5, 0xe5, 0xcd, 0x63, 0xe5, 0xe5, 
	0xcd, 0x63, 0xcd, 0x63, 0xdd, 0xe5, 0xdd, 0xe5, 
	0xc5, 0x23, 0xc5, 0x23, 0xb4, 0xe1, 0xd5, 0xa5, 
	0xdd, 0xe5, 0xdd, 0xe5, 0xdd, 0xe5, 0xdd, 0xe5, 
	0xdd, 0xe7, 0xcd, 0x65, 0xb4, 0xe1, 0xb4, 0xe1, 
	0xcd, 0x63, 0xd5, 0xa5, 0xcd, 0x63, 0xd5, 0xa5, 
	0xd5, 0xa5, 0xd5, 0xa5, 0xbc, 0xe3, 0xd5, 0xa5, 
	0xbc, 0xe1, 0xbc, 0xe1, 0xd5, 0xa5, 0xd5, 0xa5, 
	0xcd, 0x63, 0xbc, 0xe1, 0xdd, 0xa5, 0xee, 0x27, 
	0xee, 0x27, 0xee, 0x27, 0xee, 0x27, 0xee, 0x27, 
	0xee, 0x27, 0xee, 0x27, 0xee, 0x27, 0xee, 0x27, 
	0xee, 0x27, 0xee, 0x27, 0xee, 0x27, 0xee, 0x27, 
	0xee, 0x27, 0xee, 0x27, 0xee, 0x27, 0xee, 0x27, 
	0xdd, 0xa3, 0xdd, 0xa3, 0xdd, 0xa3, 0xdd, 0xa3, 
	0xdd, 0xa3, 0xdd, 0xa3, 0xdd, 0xa3, 0xdd, 0xa3, 
	0xdd, 0xa3, 0xdd, 0xa3, 0xdd, 0xa3, 0xdd, 0xa3, 
	0xdd, 0xa3, 0xdd, 0xa3, 0xdd, 0xa3, 0xdd, 0xa3, 
	0xd5, 0xa5, 0xd5, 0xa5, 0xac, 0xa1, 0x52, 0x99, 
	0xe6, 0x27, 0xac, 0xa1, 0x3a, 0x15, 0xe6, 0x27, 
	0xd5, 0xa7, 0xd5, 0xa7, 0xd5, 0xa7, 0xd5, 0xa7, 
	0x42, 0x57, 0x42, 0x57, 0x42, 0x57, 0xac, 0xa1, 
	0xbd, 0x23, 0x52, 0xd9, 0x21, 0x95, 0x52, 0xd9, 
	0x63, 0x1b, 0x3a, 0x17, 0x63, 0x1b, 0x3a, 0x17, 
	0x00, 0xcf, 0x00, 0xcf, 0x73, 0x9d, 0x73, 0x9d, 
	0x21, 0x95, 0x21, 0x95, 0x7b, 0x9d, 0xac, 0xa1, 
	0x5a, 0xd9, 0xc5, 0x23, 0xc5, 0x23, 0xc5, 0x23, 
	0x42, 0x57, 0x11, 0x11, 0x9c, 0x61, 0x9c, 0x61, 
	0x11, 0x53, 0x11, 0x53, 0x11, 0x53, 0x11, 0x53, 
	0xd5, 0xa7, 0xd5, 0xa7, 0xd5, 0xa7, 0xa4, 0xa1, 
	0x00, 0xcf, 0x19, 0x53, 0x29, 0xd5, 0x29, 0xd5, 
	0x11, 0x53, 0x4a, 0x99, 0xbd, 0x25, 0x4a, 0x99, 
	0x11, 0x51, 0x11, 0x51, 0x6b, 0x1b, 0x6b, 0x1b, 
	0xcd, 0x65, 0x94, 0x1f, 0xcd, 0x65, 0x94, 0x1f, 
	0x19, 0x53, 0x19, 0x53, 0x73, 0x5b, 0xd5, 0xa5, 
	0x94, 0x21, 0x63, 0x1b, 0x29, 0xd5, 0x29, 0xd5, 
	0x09, 0x11, 0x6b, 0x5b, 0x29, 0xd5, 0x29, 0xd5, 
	0x19, 0x93, 0x01, 0x0f, 0x01, 0x0f, 0x11, 0x51, 
	0x6b, 0x5b, 0x6b, 0x5b, 0x11, 0x51, 0x11, 0x51, 
	0x4a, 0x99, 0x32, 0x15, 0x01, 0x0f, 0x01, 0x0f, 
	0x09, 0x11, 0x09, 0x11, 0x09, 0x11, 0x09, 0x11, 
	0x4a, 0x99, 0x4a, 0x99, 0x01, 0x0f, 0x01, 0x0f, 
	0x09, 0x0f, 0x09, 0x0f, 0x09, 0x0f, 0x09, 0x0f, 
	0x29, 0xd5, 0x29, 0xd5, 0x01, 0x0f, 0x01, 0x0f, 
	0x00, 0xcf, 0x00, 0xcf, 0x00, 0xcf, 0x00, 0xcf, 
	0x11, 0x0f, 0x11, 0x0f, 0x11, 0x0f, 0x42, 0x55, 
	0x01, 0x0f, 0x01, 0x0f, 0x01, 0x0f, 0x01, 0x0f, 
	0x01, 0x0f, 0x01, 0x0f, 0x01, 0x0f, 0x19, 0x93, 
	0x52, 0xd9, 0x09, 0x11, 0x09, 0x11, 0x09, 0x11, 
	0x01, 0x0f, 0x09, 0x51, 0x01, 0x0f, 0x01, 0x0f, 
	0x01, 0x0f, 0x01, 0x0f, 0x01, 0x0f, 0x32, 0x15, 
	0x01, 0x0f, 0x19, 0x93, 0x42, 0x99, 0x42, 0x99, 
	0x5a, 0xd9, 0x42, 0x57, 0x21, 0x93, 0x5a, 0xd9, 
	0x42, 0x57, 0x7b, 0x9d, 0xac, 0xa1, 0xac, 0xa1, 
	0xd5, 0xa5, 0xac, 0xa1, 0xf6, 0xa9, 0xf6, 0xa9, 
	0xdd, 0xa5, 0xdd, 0xa5, 0xdd, 0xa5, 0xdd, 0xa5, 
	0xf6, 0x69, 0xd5, 0xa5, 0xbc, 0xe1, 0x9c, 0x1d, 
	0xd5, 0xa5, 0xd5, 0xa5, 0xee, 0x27, 0xee, 0x27, 
	0xcd, 0xa5, 0xcd, 0xa5, 0xcd, 0xa5, 0xe6, 0x27, 
	0xee, 0x27, 0xd5, 0xa5, 0xc5, 0x23, 0xd5, 0xa5, 
	0xd5, 0xa5, 0xd5, 0xa5, 0xee, 0x69, 0xe5, 0xe7, 
	0xf6, 0x69, 0xd5, 0xa5, 0xf6, 0x69, 0xd5, 0xa5, 
	0xb4, 0xe3, 0xb4, 0xe3, 0x83, 0xdd, 0x83, 0xdd, 
	0xd5, 0xa7, 0x7b, 0x9d, 0xd5, 0xa7, 0xfe, 0xab, 
	0xd5, 0xa7, 0xfe, 0xab, 0xd5, 0xa7, 0xd5, 0xa7, 
	0xdd, 0xa5, 0xdd, 0xa5, 0xdd, 0xa5, 0xdd, 0xa5, 
	0xd5, 0xa5, 0xd5, 0xa5, 0xcd, 0x63, 0xcd, 0x63, 
	0xd5, 0xa5, 0xd5, 0xa5, 0x9c, 0x5f, 0xbc, 0xe3, 
	0xdd, 0xa5, 0xdd, 0xa5, 0xbc, 0xe3, 0xdd, 0xa5, 
	0xcd, 0x63, 0xcd, 0x63, 0xcd, 0x63, 0xb4, 0xa1, 
	0xdd, 0xe5, 0xdd, 0xe5, 0xdd, 0xe5, 0xdd, 0xe5, 
	0xb4, 0xe1, 0xdd, 0xa5, 0xee, 0x27, 0xdd, 0xa5, 
	0xbc, 0xe1, 0xd5, 0xa5, 0xd5, 0xa5, 0xd5, 0xa5, 
	0xdd, 0xe7, 0xd5, 0xa5, 0xbc, 0xe1, 0xdd, 0xe7, 
	0xee, 0x27, 0xee, 0x27, 0xee, 0x27, 0xee, 0x27, 
	0xee, 0x27, 0xee, 0x27, 0xee, 0x27, 0xee, 0x27, 
	0xee, 0x27, 0xee, 0x27, 0xee, 0x27, 0xee, 0x27, 
	0xee, 0x27, 0xee, 0x27, 0xdd, 0xe5, 0xdd, 0xe5, 
	0xdd, 0xa3, 0xdd, 0xa3, 0xdd, 0xa3, 0xdd, 0xa3, 
	0xdd, 0xa3, 0xdd, 0xa3, 0xdd, 0xa3, 0xdd, 0xa3, 
	0xdd, 0xa3, 0xdd, 0xa3, 0xdd, 0xa3, 0xdd, 0xa3, 
	0xdd, 0xa3, 0xdd, 0xa3, 0xb4, 0xa1, 0xb4, 0xa1, 
	0x52, 0x99, 0xd5, 0xa5, 0x7b, 0x9d, 0x7b, 0x9d, 
	0xac, 0xa1, 0xac, 0xa1, 0x3a, 0x15, 0xe6, 0x27, 
	0x4a, 0x57, 0x7b, 0x5d, 0xa4, 0xa1, 0xa4, 0xa1, 
	0x73, 0x9d, 0xac, 0xa1, 0x42, 0x57, 0x42, 0x57, 
	0xbd, 0x23, 0x52, 0xd9, 0x8c, 0x1f, 0x52, 0xd9, 
	0x3a, 0x17, 0x3a, 0x17, 0x63, 0x1b, 0x19, 0x53, 
	0x29, 0xd3, 0x00, 0xcf, 0x29, 0xd3, 0x29, 0xd3, 
	0xac, 0xa1, 0x21, 0x95, 0x7b, 0x9d, 0xac, 0xa1, 
	0x21, 0x95, 0x21, 0x95, 0xc5, 0x23, 0x8c, 0x1f, 
	0x11, 0x11, 0x11, 0x11, 0x6b, 0x5b, 0x6b, 0x5b, 
	0x11, 0x53, 0x11, 0x53, 0x9c, 0x5f, 0x11, 0x53, 
	0x6b, 0x5b, 0xd5, 0xa7, 0xa4, 0xa1, 0x6b, 0x5b, 
	0x00, 0xcf, 0x29, 0xd5, 0x42, 0x59, 0x19, 0x53, 
	0x11, 0x53, 0x11, 0x53, 0xbd, 0x25, 0x4a, 0x99, 
	0x11, 0x51, 0x11, 0x51, 0x6b, 0x1b, 0x94, 0x1f, 
	0xcd, 0x65, 0xcd, 0x65, 0xcd, 0x65, 0xcd, 0x65, 
	0x19, 0x53, 0x19, 0x53, 0xd5, 0xa5, 0xd5, 0xa5, 
	0x63, 0x1b, 0x63, 0x1b, 0x94, 0x21, 0x29, 0xd5, 
	0x09, 0x11, 0x09, 0x11, 0x6b, 0x5b, 0x6b, 0x5b, 
	0x11, 0x51, 0x29, 0xd5, 0x01, 0x0f, 0x11, 0x51, 
	0x6b, 0x5b, 0x11, 0x51, 0x11, 0x51, 0x11, 0x51, 
	0x01, 0x0f, 0x01, 0x0f, 0x01, 0x0f, 0x01, 0x0f, 
	0x09, 0x11, 0x09, 0x11, 0x09, 0x11, 0x09, 0x11, 
	0x21, 0xd3, 0x6b, 0x5d, 0x01, 0x0f, 0x01, 0x0f, 
	0x09, 0x0f, 0x09, 0x0f, 0x09, 0x0f, 0x09, 0x0f, 
	0x01, 0x0f, 0x01, 0x0f, 0x11, 0x51, 0x3a, 0x57, 
	0x6b, 0x5d, 0x00, 0xcf, 0x00, 0xcf, 0x00, 0xcf, 
	0x11, 0x0f, 0x11, 0x0f, 0x42, 0x55, 0xa4, 0x63, 
	0x19, 0x91, 0x19, 0x91, 0x01, 0x0f, 0x01, 0x0f, 
	0x01, 0x0f, 0x01, 0x0f, 0x01, 0x0f, 0x29, 0xd5, 
	0x7b, 0x9d, 0x31, 0xd5, 0x09, 0x11, 0x09, 0x11, 
	0x01, 0x0f, 0x09, 0x51, 0x09, 0x51, 0x01, 0x0f, 
	0x01, 0x0f, 0x01, 0x0f, 0x19, 0x93, 0x01, 0x0f, 
	0x01, 0x0f, 0x01, 0x0f, 0x19, 0x93, 0x19, 0x93, 
	0x21, 0x93, 0x21, 0x93, 0x21, 0x93, 0x21, 0x93, 
	0x7b, 0x9d, 0x42, 0x57, 0x7b, 0x9d, 0xac, 0xa1, 
	0xac, 0xa1, 0xac, 0xa1, 0xd5, 0xa5, 0xf6, 0xa9, 
	0xdd, 0xa5, 0xb4, 0xe3, 0x94, 0x1f, 0x94, 0x1f, 
	0xf6, 0x69, 0xf6, 0x69, 0xd5, 0xa5, 0xd5, 0xa5, 
	0xd5, 0xa5, 0xd5, 0xa5, 0xee, 0x27, 0xee, 0x27, 
	0xcd, 0xa5, 0xbc, 0xe1, 0xa4, 0x5f, 0xe6, 0x27, 
	0xd5, 0xa5, 0xee, 0x27, 0xc5, 0x23, 0xd5, 0xa5, 
	0xd5, 0xa5, 0xd5, 0xa5, 0xd5, 0xa5, 0xd5, 0xa5, 
	0xf6, 0x69, 0xd5, 0xa5, 0xd5, 0xa5, 0xd5, 0xa5, 
	0xb4, 0xe3, 0xb4, 0xe3, 0xb4, 0xe3, 0x52, 0x99, 
	0x7b, 0x9d, 0xa4, 0xa1, 0xa4, 0xa1, 0xfe, 0xab, 
	0xd5, 0xa7, 0xac, 0xa1, 0xfe, 0xab, 0xd5, 0xa7, 
	0xdd, 0xa5, 0xdd, 0xa5, 0xdd, 0xa5, 0xa4, 0x5f, 
	0xd5, 0xa5, 0xcd, 0x63, 0xcd, 0x63, 0xd5, 0xa5, 
	0xd5, 0xa5, 0x83, 0xdd, 0xbc, 0xe3, 0xd5, 0xa5, 
	0xbc, 0xe3, 0xbc, 0xe3, 0xbc, 0xe3, 0xdd, 0xa5, 
	0xcd, 0x63, 0xcd, 0x63, 0xcd, 0x63, 0xb4, 0xa1, 
	0xb4, 0x9f, 0xb4, 0x9f, 0xdd, 0xe5, 0xb4, 0x9f, 
	0xc5, 0x63, 0xdd, 0xa5, 0xee, 0x27, 0xdd, 0xa5, 
	0xbc, 0xe1, 0xbc, 0xe1, 0xfe, 0xab, 0xd5, 0xa5, 
	0xd5, 0xa5, 0xd5, 0xa5, 0xbc, 0xe1, 0xd5, 0xa5, 
	0xee, 0x27, 0xee, 0x27, 0xee, 0x27, 0xee, 0x27, 
	0xee, 0x27, 0xee, 0x27, 0xee, 0x27, 0xee, 0x27, 
	0xee, 0x27, 0xee, 0x27, 0xee, 0x27, 0xee, 0x27, 
	0xee, 0x27, 0xee, 0x27, 0xdd, 0xe5, 0xdd, 0xe5, 
	0xdd, 0xa3, 0xdd, 0xa3, 0xdd, 0xa3, 0xdd, 0xa3, 
	0xdd, 0xa3, 0xdd, 0xa3, 0xdd, 0xa3, 0xdd, 0xa3, 
	0xdd, 0xa3, 0xdd, 0xa3, 0xdd, 0xa3, 0xdd, 0xa3, 
	0xdd, 0xa3, 0xdd, 0xa3, 0xb4, 0xa1, 0x83, 0x9d, 
	0x7b, 0x9d, 0xd5, 0xa5, 0x52, 0x99, 0x52, 0x99, 
	0x73, 0x5b, 0x73, 0x5b, 0x3a, 0x15, 0xac, 0xa1, 
	0xa4, 0xa1, 0x7b, 0x5d, 0xd5, 0xa7, 0x4a, 0x57, 
	0x73, 0x9d, 0xdd, 0xe7, 0x73, 0x9d, 0x73, 0x9d, 
	0x52, 0xd9, 0x21, 0x95, 0x21, 0x95, 0x52, 0xd9, 
	0x83, 0xdf, 0x63, 0x1b, 0x63, 0x1b, 0x19, 0x53, 
	0x29, 0xd3, 0x29, 0xd3, 0x00, 0xcf, 0x29, 0xd3, 
	0xac, 0xa1, 0x21, 0x95, 0xac, 0xa1, 0x52, 0x99, 
	0x21, 0x95, 0x8c, 0x1f, 0x8c, 0x1f, 0x5a, 0xd9, 
	0x11, 0x11, 0x11, 0x11, 0x11, 0x11, 0x11, 0x11, 
	0x11, 0x53, 0x42, 0x57, 0x11, 0x53, 0x11, 0x53, 
	0x3a, 0x15, 0xd5, 0xa7, 0xd5, 0xa7, 0x3a, 0x15, 
	0x19, 0x53, 0x19, 0x53, 0x29, 0xd5, 0x29, 0xd5, 
	0x11, 0x53, 0x11, 0x53, 0xbd, 0x25, 0x11, 0x53, 
	0x11, 0x51, 0x11, 0x51, 0x11, 0x51, 0x11, 0x51, 
	0x21, 0x93, 0x21, 0x93, 0x5a, 0xd9, 0x5a, 0xd9, 
	0x73, 0x5b, 0x19, 0x53, 0xd5, 0xa5, 0xd5, 0xa5, 
	0x63, 0x1b, 0x29, 0xd5, 0x63, 0x1b, 0x29, 0xd5, 
	0x09, 0x11, 0x09, 0x11, 0x09, 0x11, 0x09, 0x11, 
	0x01, 0x0f, 0x29, 0xd5, 0x29, 0xd5, 0x29, 0xd5, 
	0x6b, 0x5b, 0x6b, 0x5b, 0xcd, 0x67, 0x11, 0x51, 
	0x32, 0x15, 0x01, 0x0f, 0x01, 0x0f, 0x01, 0x0f, 
	0x3a, 0x17, 0x09, 0x11, 0x09, 0x11, 0x09, 0x11, 
	0x01, 0x0f, 0x21, 0xd3, 0x01, 0x0f, 0x01, 0x0f, 
	0x7b, 0x9d, 0x31, 0xd3, 0x7b, 0x9d, 0x09, 0x0f, 
	0x01, 0x0f, 0x01, 0x0f, 0x01, 0x0f, 0x01, 0x0f, 
	0xa4, 0x63, 0x3a, 0x15, 0x00, 0xcf, 0x00, 0xcf, 
	0x11, 0x0f, 0x11, 0x0f, 0x11, 0x0f, 0x11, 0x0f, 
	0x19, 0x91, 0x42, 0x57, 0x2a, 0x15, 0x01, 0x0f, 
	0x01, 0x0f, 0x01, 0x0f, 0x01, 0x0f, 0x11, 0x51, 
	0x7b, 0x9d, 0x31, 0xd5, 0x09, 0x11, 0x09, 0x11, 
	0x01, 0x0f, 0x19, 0x93, 0x09, 0x51, 0x01, 0x0f, 
	0x01, 0x0f, 0x01, 0x0f, 0x4a, 0x99, 0x19, 0x93, 
	0x01, 0x0f, 0x01, 0x0f, 0x01, 0x0f, 0x19, 0x93, 
	0x42, 0x57, 0x09, 0x11, 0x09, 0x11, 0x09, 0x11, 
	0x11, 0x53, 0x11, 0x53, 0x11, 0x53, 0x7b, 0x9d, 
	0xac, 0xa1, 0xd5, 0xa5, 0xd5, 0xa5, 0xf6, 0xa9, 
	0xfe, 0xa9, 0xfe, 0xa9, 0xdd, 0xa5, 0xb4, 0xe3, 
	0xbc, 0xe1, 0xd5, 0xa5, 0xbc, 0xe1, 0xd5, 0xa5, 
	0xee, 0x27, 0xa4, 0x5f, 0xd5, 0xa5, 0xee, 0x27, 
	0xcd, 0xa5, 0xe6, 0x27, 0xbc, 0xe1, 0xe6, 0x27, 
	0xd5, 0xa5, 0xd5, 0xa5, 0xd5, 0xa5, 0xc5, 0x23, 
	0xd5, 0xa5, 0xcd, 0x63, 0xd5, 0xa5, 0xd5, 0xa5, 
	0xf6, 0x69, 0xd5, 0xa5, 0xd5, 0xa5, 0xd5, 0xa5, 
	0xe5, 0xe7, 0xe5, 0xe7, 0xe5, 0xe7, 0xb4, 0xe3, 
	0x7b, 0x9d, 0xa4, 0xa1, 0xa4, 0xa1, 0x7b, 0x9d, 
	0xac, 0xa1, 0x83, 0x9d, 0x83, 0x9d, 0xfe, 0xab, 
	0xf6, 0x69, 0xf6, 0x69, 0xdd, 0xa5, 0xa4, 0x5f, 
	0xbc, 0xe1, 0xe6, 0x27, 0xcd, 0x63, 0xd5, 0xa5, 
	0xbc, 0xe3, 0x83, 0xdd, 0x83, 0xdd, 0xd5, 0xa5, 
	0xbc, 0xe3, 0xdd, 0xa5, 0xdd, 0xa5, 0xdd, 0xa5, 
	0xa4, 0x1d, 0xb4, 0xa1, 0xcd, 0x63, 0xa4, 0x1d, 
	0x9c, 0x1d, 0x9c, 0x1d, 0xdd, 0xe5, 0xb4, 0x9f, 
	0xb4, 0xe1, 0xee, 0x27, 0xdd, 0xa5, 0xdd, 0xa5, 
	0xd5, 0xa5, 0xbc, 0xe1, 0xd5, 0xa5, 0xd5, 0xa5, 
	0xd5, 0xa5, 0xc5, 0x23, 0xdd, 0xe7, 0xbc, 0xe1, 
	0xd5, 0xa5, 0xee, 0x27, 0xee, 0x27, 0xee, 0x27, 
	0xee, 0x27, 0xee, 0x27, 0xee, 0x27, 0xee, 0x27, 
	0xee, 0x27, 0xee, 0x27, 0xee, 0x27, 0xee, 0x27, 
	0xee, 0x27, 0xee, 0x27, 0xe5, 0xe5, 0xe5, 0xe5, 
	0xdd, 0xa3, 0xdd, 0xa3, 0xdd, 0xa3, 0xdd, 0xa3, 
	0xdd, 0xa3, 0xdd, 0xa3, 0xdd, 0xa3, 0xdd, 0xa3, 
	0xdd, 0xa3, 0xdd, 0xa3, 0xdd, 0xa3, 0xdd, 0xa3, 
	0xdd, 0xa3, 0xdd, 0xa3, 0xdd, 0xa3, 0xb4, 0xa1, 
	0xac, 0xa1, 0xac, 0xa1, 0x7b, 0x9d, 0xac, 0xa1, 
	0xac, 0xa1, 0x3a, 0x15, 0x3a, 0x15, 0x73, 0x5b, 
	0xd5, 0xa7, 0xa4, 0xa1, 0xd5, 0xa7, 0x4a, 0x57, 
	0x42, 0x57, 0xdd, 0xe7, 0x73, 0x9d, 0x73, 0x9d, 
	0x21, 0x95, 0x21, 0x95, 0x52, 0xd9, 0x52, 0xd9, 
	0x83, 0xdf, 0x83, 0xdf, 0x83, 0xdf, 0x19, 0x53, 
	0x29, 0xd3, 0x29, 0xd3, 0x00, 0xcf, 0x4a, 0x99, 
	0x7b, 0x9d, 0x21, 0x95, 0x52, 0x99, 0x52, 0x99, 
	0x21, 0x95, 0x21, 0x95, 0x8c, 0x1f, 0x8c, 0x1f, 
	0x11, 0x11, 0x11, 0x11, 0x42, 0x57, 0x42, 0x57, 
	0x42, 0x57, 0x9c, 0x5f, 0x11, 0x53, 0x11, 0x53, 
	0x3a, 0x15, 0xd5, 0xa7, 0xd5, 0xa7, 0x3a, 0x15, 
	0x19, 0x53, 0x19, 0x53, 0x19, 0x53, 0x42, 0x59, 
	0x4a, 0x99, 0x4a, 0x99, 0x4a, 0x99, 0x11, 0x53, 
	0x11, 0x51, 0x11, 0x51, 0x11, 0x51, 0x6b, 0x1b, 
	0x21, 0x93, 0x21, 0x93, 0x21, 0x93, 0x5a, 0xd9, 
	0x73, 0x5b, 0x19, 0x53, 0xd5, 0xa5, 0xd5, 0xa5, 
	0xcd, 0x67, 0x29, 0xd5, 0x29, 0xd5, 0x29, 0xd5, 
	0x09, 0x11, 0x09, 0x11, 0x09, 0x11, 0x09, 0x11, 
	0x19, 0x93, 0x01, 0x0f, 0x29, 0xd5, 0x29, 0xd5, 
	0x6b, 0x5b, 0x6b, 0x5b, 0xcd, 0x67, 0x6b, 0x5b, 
	0x4a, 0x99, 0x19, 0x93, 0x19, 0x93, 0x19, 0x93, 
	0x94, 0x21, 0x3a, 0x17, 0x09, 0x11, 0x09, 0x11, 
	0x21, 0xd3, 0x21, 0xd3, 0x01, 0x0f, 0x4a, 0x99, 
	0x31, 0xd3, 0x31, 0xd3, 0x7b, 0x9d, 0x09, 0x0f, 
	0x11, 0x51, 0x01, 0x0f, 0x01, 0x0f, 0x01, 0x0f, 
	0x3a, 0x15, 0x00, 0xcf, 0x00, 0xcf, 0x00, 0xcf, 
	0x11, 0x0f, 0x11, 0x0f, 0x42, 0x55, 0x42, 0x55, 
	0x42, 0x57, 0x42, 0x57, 0x2a, 0x15, 0x01, 0x0f, 
	0x01, 0x0f, 0x11, 0x51, 0x01, 0x0f, 0x01, 0x0f, 
	0x31, 0xd5, 0x52, 0xd9, 0x09, 0x11, 0x09, 0x11, 
	0x01, 0x0f, 0x21, 0xd5, 0x21, 0xd5, 0x01, 0x0f, 
	0x01, 0x0f, 0x01, 0x0f, 0x01, 0x0f, 0x01, 0x0f, 
	0x01, 0x0f, 0x01, 0x0f, 0x01, 0x0f, 0x19, 0x93, 
	0x5a, 0xd9, 0x09, 0x11, 0x09, 0x11, 0x09, 0x11, 
	0xac, 0xa1, 0x42, 0x57, 0x11, 0x53, 0x11, 0x53, 
	0x8b, 0xdd, 0xac, 0xa1, 0xd5, 0xa5, 0xf6, 0xa9, 
	0xfe, 0xa9, 0xfe, 0xa9, 0xfe, 0xa9, 0xdd, 0xa5, 
	0xbc, 0xe1, 0xbc, 0xe1, 0xd5, 0xa5, 0xd5, 0xa5, 
	0xd5, 0xa5, 0xa4, 0x5f, 0xa4, 0x5f, 0xee, 0x27, 
	0xe6, 0x27, 0xcd, 0xa5, 0xe6, 0x27, 0xe6, 0x27, 
	0xd5, 0xa5, 0xc5, 0x23, 0xd5, 0xa5, 0xd5, 0xa5, 
	0xe5, 0xe7, 0xe5, 0xe7, 0xd5, 0xa5, 0xd5, 0xa5, 
	0xd5, 0xa5, 0xd5, 0xa5, 0xd5, 0xa5, 0x93, 0xdd, 
	0xe5, 0xe7, 0xe5, 0xe7, 0xe5, 0xe7, 0xe5, 0xe7, 
	0xd5, 0xa7, 0xfe, 0xab, 0xd5, 0xa7, 0xa4, 0xa1, 
	0xd5, 0xa7, 0xac, 0xa1, 0x83, 0x9d, 0xd5, 0xa7, 
	0xf6, 0x69, 0xf6, 0x69, 0xdd, 0xa5, 0xa4, 0x5f, 
	0xd5, 0xa5, 0xe6, 0x27, 0xcd, 0x63, 0xcd, 0x63, 
	0xd5, 0xa5, 0xd5, 0xa5, 0x9c, 0x5f, 0xbc, 0xe3, 
	0xdd, 0xa5, 0xdd, 0xa5, 0xdd, 0xa5, 0x7b, 0x5d, 
	0xcd, 0x63, 0xcd, 0x63, 0xdd, 0xe7, 0xcd, 0x63, 
	0xb4, 0x9f, 0x9c, 0x1d, 0xb4, 0x9f, 0xc5, 0x23, 
	0xdd, 0xa5, 0xee, 0x27, 0xb4, 0xe1, 0xb4, 0xe1, 
	0xd5, 0xa5, 0xbc, 0xe1, 0xd5, 0xa5, 0xbc, 0xe1, 
	0xdd, 0xe7, 0xdd, 0xe7, 0xd5, 0xa5, 0xd5, 0xa5, 
	0xcd, 0x63, 0xe5, 0xe5, 0xee, 0x27, 0xee, 0x27, 
	0xee, 0x27, 0xee, 0x27, 0xee, 0x27, 0xee, 0x27, 
	0xee, 0x27, 0xee, 0x27, 0xee, 0x27, 0xee, 0x27, 
	0xee, 0x27, 0xee, 0x27, 0xe5, 0xe5, 0xe5, 0xe5, 
	0xdd, 0xa3, 0xdd, 0xa3, 0xdd, 0xa3, 0xdd, 0xa3, 
	0xdd, 0xa3, 0xdd, 0xa3, 0xdd, 0xa3, 0xdd, 0xa3, 
	0xdd, 0xa3, 0xdd, 0xa3, 0xdd, 0xa3, 0xdd, 0xa3, 
	0xdd, 0xa5, 0xdd, 0xa5, 0xb4, 0xa1, 0x5a, 0xdb, 
	0x3a, 0x17, 0x3a, 0x17, 0x73, 0x5d, 0xa4, 0xa1, 
	0xcd, 0x65, 0x31, 0xd5, 0x31, 0xd5, 0x63, 0x1b, 
	0xa4, 0x61, 0x4a, 0x99, 0x73, 0x9d, 0x4a, 0x99, 
	0x29, 0xd5, 0x5a, 0xd9, 0x29, 0xd5, 0xbc, 0xe3, 
	0x19, 0x53, 0x19, 0x53, 0x73, 0x5d, 0xa4, 0x61, 
	0x6b, 0x5b, 0x6b, 0x5b, 0x6b, 0x5b, 0x29, 0xd5, 
	0x2a, 0x15, 0x2a, 0x15, 0x2a, 0x15, 0x2a, 0x15, 
	0x4a, 0xd9, 0x4a, 0xd9, 0x09, 0x51, 0x4a, 0xd9, 
	0x11, 0x51, 0x11, 0x51, 0x32, 0x15, 0x32, 0x15, 
	0x5a, 0xd9, 0x9c, 0x61, 0xe5, 0xe7, 0x5a, 0xd9, 
	0x19, 0x51, 0x19, 0x51, 0x19, 0x51, 0x19, 0x51, 
	0x63, 0x19, 0x9c, 0x61, 0xdd, 0xe7, 0xdd, 0xe7, 
	0x29, 0xd5, 0x09, 0x11, 0x29, 0xd5, 0x4a, 0x97, 
	0x42, 0x57, 0x42, 0x57, 0x42, 0x57, 0x09, 0x11, 
	0x11, 0x51, 0x11, 0x51, 0x11, 0x51, 0x3a, 0x57, 
	0x21, 0x93, 0x21, 0x93, 0xcd, 0xa7, 0xcd, 0xa7, 
	0xac, 0xa3, 0x42, 0x17, 0x73, 0x5d, 0xac, 0xa3, 
	0xb4, 0xe3, 0x7b, 0x9d, 0x09, 0x11, 0x09, 0x11, 
	0x01, 0x0f, 0x19, 0x93, 0x01, 0x0f, 0x01, 0x0f, 
	0x4a, 0x99, 0x4a, 0x99, 0x00, 0xcf, 0x00, 0xcf, 
	0x7b, 0x9d, 0x4a, 0x57, 0x7b, 0x9d, 0x4a, 0x57, 
	0x19, 0x93, 0x19, 0x93, 0x19, 0x93, 0x4a, 0x97, 
	0x5a, 0xd9, 0x5a, 0xd9, 0x5a, 0xd9, 0x5a, 0xd9, 
	0x6b, 0x5d, 0x09, 0x0f, 0x09, 0x0f, 0x3a, 0x15, 
	0x11, 0x51, 0x11, 0x51, 0x11, 0x51, 0x11, 0x51, 
	0x00, 0xcd, 0x00, 0xcd, 0x00, 0xcd, 0x00, 0xcd, 
	0x00, 0xcd, 0x00, 0xcd, 0x00, 0xcd, 0x00, 0xcd, 
	0x00, 0xcd, 0x00, 0xcd, 0x19, 0x93, 0x09, 0x0f, 
	0x09, 0x0f, 0x52, 0x99, 0x52, 0x99, 0x09, 0x0f, 
	0x00, 0xcd, 0x00, 0xcd, 0x00, 0xcd, 0x00, 0xcd, 
	0x09, 0x0f, 0x42, 0x57, 0x09, 0x0f, 0x09, 0x0f, 
	0x09, 0x0f, 0x29, 0xd3, 0x4a, 0x99, 0x09, 0x0f, 
	0x01, 0x0f, 0x01, 0x0f, 0x01, 0x0f, 0x19, 0x93, 
	0x09, 0x11, 0x09, 0x11, 0x09, 0x11, 0x73, 0x9d, 
	0x6b, 0x5b, 0x6b, 0x5b, 0x09, 0x11, 0x09, 0x11, 
	0x73, 0x5d, 0xa4, 0xa3, 0x42, 0x57, 0x11, 0x51, 
	0x83, 0xdf, 0x83, 0xdf, 0xc5, 0x65, 0xc5, 0x65, 
	0xcd, 0x65, 0xbc, 0xe3, 0xcd, 0x65, 0xf6, 0xa9, 
	0xee, 0x29, 0xee, 0x29, 0xee, 0x29, 0xdd, 0xa5, 
	0xd5, 0xa5, 0xb4, 0xe1, 0x9c, 0x1d, 0xee, 0x29, 
	0xee, 0x27, 0xd5, 0xa5, 0xee, 0x27, 0xd5, 0xa5, 
	0xd5, 0xa5, 0xd5, 0xa5, 0xf6, 0x69, 0xd5, 0xa5, 
	0xdd, 0xa5, 0xdd, 0xa5, 0xee, 0x27, 0xdd, 0xa5, 
	0xe5, 0xe5, 0xe5, 0xe5, 0xcd, 0x63, 0xcd, 0x63, 
	0xbd, 0x23, 0xd5, 0xa5, 0xd5, 0xa5, 0xd5, 0xa5, 
	0xe5, 0xe7, 0x9c, 0x61, 0xe5, 0xe7, 0xe5, 0xe7, 
	0xd5, 0xa5, 0xbc, 0xe1, 0xa4, 0x5b, 0xa4, 0x5b, 
	0xee, 0x69, 0xdd, 0xa5, 0xdd, 0xa5, 0xb4, 0x9f, 
	0xe6, 0x27, 0xe6, 0x27, 0xd5, 0xa5, 0xcd, 0x23, 
	0xee, 0x27, 0xee, 0x27, 0xd5, 0xa5, 0xc5, 0x23, 
	0xa4, 0x5f, 0xbc, 0xe1, 0xcd, 0xa5, 0xbc, 0xe1, 
	0xdd, 0xe5, 0xdd, 0xe5, 0xdd, 0xe5, 0xdd, 0xe5, 
	0xd5, 0xa5, 0xd5, 0xa5, 0xee, 0x27, 0xd5, 0xa5, 
	0xd5, 0xa5, 0xd5, 0xa5, 0xd5, 0xa5, 0xd5, 0xa5, 
	0xbd, 0x23, 0xbd, 0x23, 0xf6, 0x69, 0xe5, 0xe7, 
	0xd5, 0x63, 0xdd, 0xe7, 0xd5, 0x63, 0xdd, 0xe7, 
	0xd5, 0xa5, 0xd5, 0xa5, 0xe6, 0x27, 0xe6, 0x27, 
	0xee, 0x27, 0xee, 0x27, 0xee, 0x27, 0xee, 0x27, 
	0xee, 0x27, 0xee, 0x27, 0xee, 0x27, 0xee, 0x27, 
	0xee, 0x27, 0xee, 0x27, 0xe5, 0xe5, 0xe5, 0xe5, 
	0xdd, 0xa3, 0xdd, 0xa3, 0xdd, 0xa3, 0xdd, 0xa3, 
	0xdd, 0xa3, 0xdd, 0xa3, 0xdd, 0xa3, 0xdd, 0xa3, 
	0xdd, 0xa3, 0xdd, 0xa3, 0xdd, 0xa3, 0xdd, 0xa3, 
	0xdd, 0xa5, 0xdd, 0xa5, 0x83, 0xdf, 0x83, 0xdf, 
	0x73, 0x5d, 0x73, 0x5d, 0x73, 0x5d, 0xdd, 0xe7, 
	0xcd, 0x65, 0x63, 0x1b, 0x31, 0xd5, 0x31, 0xd5, 
	0x4a, 0x99, 0x4a, 0x99, 0x73, 0x9d, 0x73, 0x9d, 
	0x8b, 0xdf, 0xbc, 0xe3, 0x29, 0xd5, 0x5a, 0xd9, 
	0x19, 0x53, 0x19, 0x53, 0x4a, 0x57, 0x73, 0x5d, 
	0xb4, 0xa3, 0x6b, 0x5b, 0x6b, 0x5b, 0x29, 0xd5, 
	0x19, 0x93, 0x42, 0x59, 0x42, 0x59, 0x19, 0x93, 
	0x09, 0x51, 0x09, 0x51, 0x4a, 0xd9, 0x94, 0x1f, 
	0x11, 0x51, 0x32, 0x15, 0x11, 0x51, 0x11, 0x51, 
	0x11, 0x53, 0x11, 0x53, 0x9c, 0x61, 0x5a, 0xd9, 
	0x19, 0x51, 0x19, 0x51, 0x19, 0x51, 0x19, 0x51, 
	0x21, 0x93, 0x21, 0x93, 0x63, 0x19, 0xdd, 0xe7, 
	0x09, 0x11, 0x09, 0x11, 0x29, 0xd5, 0x29, 0xd5, 
	0x42, 0x57, 0x42, 0x57, 0x42, 0x57, 0x09, 0x11, 
	0x11, 0x51, 0x11, 0x51, 0x11, 0x51, 0x52, 0xd9, 
	0x21, 0x93, 0x5a, 0xd9, 0x5a, 0xd9, 0x5a, 0xd9, 
	0xac, 0xa3, 0xdd, 0xe9, 0x73, 0x5d, 0x42, 0x17, 
	0x7b, 0x9d, 0xb4, 0xe3, 0x09, 0x11, 0x09, 0x11, 
	0x01, 0x0f, 0x52, 0xdb, 0x19, 0x93, 0x01, 0x0f, 
	0x21, 0x93, 0x6b, 0x5d, 0x00, 0xcf, 0x00, 0xcf, 
	0x7b, 0x9d, 0x7b, 0x9d, 0xe5, 0xe7, 0x7b, 0x9d, 
	0x4a, 0x97, 0x4a, 0x97, 0x19, 0x93, 0x19, 0x93, 
	0x32, 0x15, 0x5a, 0xd9, 0x7b, 0x9f, 0x5a, 0xd9, 
	0x3a, 0x15, 0x09, 0x0f, 0x09, 0x0f, 0x09, 0x0f, 
	0x11, 0x51, 0x11, 0x51, 0x11, 0x51, 0x11, 0x51, 
	0x00, 0xcd, 0x00, 0xcd, 0x00, 0xcd, 0x00, 0xcd, 
	0x4a, 0x97, 0x00, 0xcd, 0x00, 0xcd, 0x00, 0xcd, 
	0x00, 0xcd, 0x00, 0xcd, 0x09, 0x0f, 0x09, 0x0f, 
	0x09, 0x0f, 0x52, 0x99, 0x73, 0x5d, 0x29, 0xd3, 
	0x09, 0x0f, 0x00, 0xcd, 0x00, 0xcd, 0x00, 0xcd, 
	0x09, 0x0f, 0x09, 0x0f, 0x09, 0x0f, 0x09, 0x0f, 
	0x09, 0x0f, 0x09, 0x0f, 0x6b, 0x5d, 0x29, 0xd3, 
	0x01, 0x0f, 0x01, 0x0f, 0x01, 0x0f, 0x4a, 0x99, 
	0x09, 0x11, 0x09, 0x11, 0x09, 0x11, 0x09, 0x11, 
	0x09, 0x11, 0x09, 0x11, 0x09, 0x11, 0x09, 0x11, 
	0x42, 0x57, 0x73, 0x5d, 0xa4, 0xa3, 0xa4, 0xa3, 
	0xc5, 0x65, 0x4a, 0x57, 0xc5, 0x65, 0xc5, 0x65, 
	0xbc, 0xe3, 0xbc, 0xe3, 0xcd, 0x65, 0xf6, 0xa9, 
	0xee, 0x29, 0xdd, 0xa5, 0xee, 0x29, 0xdd, 0xa5, 
	0xee, 0x29, 0xd5, 0xa5, 0x9c, 0x1d, 0xee, 0x29, 
	0xee, 0x27, 0xee, 0x27, 0xee, 0x27, 0xac, 0xa1, 
	0xf6, 0x69, 0xd5, 0xa5, 0xd5, 0xa5, 0xd5, 0xa5, 
	0xb4, 0xe1, 0xb4, 0xe1, 0xdd, 0xa5, 0xee, 0x27, 
	0xe5, 0xe5, 0xe5, 0xe5, 0xcd, 0x63, 0xd5, 0xa5, 
	0xb4, 0xe1, 0xb4, 0xe1, 0xd5, 0xa5, 0xd5, 0xa5, 
	0xe5, 0xe7, 0x9c, 0x61, 0xe5, 0xe7, 0xe5, 0xe7, 
	0xd5, 0xa5, 0xd5, 0xa5, 0xa4, 0x5b, 0xa4, 0x5b, 
	0xee, 0x69, 0xdd, 0xa5, 0xee, 0x69, 0xdd, 0xa5, 
	0xd5, 0xa5, 0xd5, 0xa5, 0xe6, 0x27, 0xe6, 0x27, 
	0xd5, 0xa5, 0xd5, 0xa5, 0xd5, 0xa5, 0xd5, 0xa5, 
	0xbc, 0xe1, 0xcd, 0xa5, 0xe6, 0x27, 0xe6, 0x27, 
	0xdd, 0xe5, 0xdd, 0xe5, 0xdd, 0xe5, 0xdd, 0xe5, 
	0xd5, 0xa5, 0xc5, 0x23, 0xd5, 0xa5, 0xee, 0x27, 
	0xbc, 0xe3, 0xbc, 0xe3, 0xd5, 0xa5, 0xbc, 0xe3, 
	0xbd, 0x23, 0xcd, 0x65, 0xcd, 0x65, 0xcd, 0x65, 
	0xd5, 0x63, 0xdd, 0xe7, 0xee, 0x69, 0xee, 0x69, 
	0xd5, 0xa5, 0xc5, 0x23, 0xe6, 0x27, 0xe6, 0x27, 
	0xee, 0x27, 0xee, 0x27, 0xee, 0x27, 0xee, 0x27, 
	0xee, 0x27, 0xee, 0x27, 0xee, 0x27, 0xee, 0x27, 
	0xee, 0x27, 0xee, 0x27, 0xe5, 0xe5, 0xe5, 0xe5, 
	0xdd, 0xa3, 0xdd, 0xa3, 0xdd, 0xa3, 0xdd, 0xa3, 
	0xdd, 0xa3, 0xdd, 0xa3, 0xdd, 0xa3, 0xdd, 0xa3, 
	0xdd, 0xa3, 0xdd, 0xa3, 0xdd, 0xa3, 0xdd, 0xa3, 
	0xdd, 0xa5, 0xb4, 0xa1, 0x83, 0xdf, 0x83, 0xdf, 
	0xdd, 0xe7, 0xdd, 0xe7, 0xa4, 0xa1, 0xa4, 0xa1, 
	0x9c, 0x5f, 0x9c, 0x5f, 0xcd, 0x65, 0x9c, 0x5f, 
	0x73, 0x9d, 0xcd, 0x65, 0xcd, 0x65, 0xa4, 0x61, 
	0x8b, 0xdf, 0xbc, 0xe3, 0x8b, 0xdf, 0x5a, 0xd9, 
	0x19, 0x53, 0x19, 0x53, 0x19, 0x53, 0x19, 0x53, 
	0x6b, 0x5b, 0xb4, 0xa3, 0x29, 0xd5, 0x29, 0xd5, 
	0x2a, 0x15, 0x01, 0x0f, 0x19, 0x93, 0x19, 0x93, 
	0x09, 0x51, 0x09, 0x51, 0x4a, 0xd9, 0xd5, 0xa7, 
	0x11, 0x51, 0x7b, 0x9f, 0x32, 0x15, 0x5a, 0xdb, 
	0x5a, 0xd9, 0x11, 0x53, 0x9c, 0x61, 0xe5, 0xe7, 
	0x4a, 0x57, 0x4a, 0x57, 0x19, 0x51, 0x19, 0x51, 
	0x63, 0x19, 0x63, 0x19, 0x21, 0x93, 0x9c, 0x61, 
	0x29, 0xd5, 0x09, 0x11, 0x29, 0xd5, 0x6b, 0x5b, 
	0x09, 0x11, 0x83, 0xdf, 0xbd, 0x25, 0x42, 0x57, 
	0x11, 0x51, 0x11, 0x51, 0x11, 0x51, 0x11, 0x51, 
	0x5a, 0xd9, 0x21, 0x93, 0x21, 0x93, 0x5a, 0xd9, 
	0x42, 0x17, 0xac, 0xa3, 0xdd, 0xe9, 0x42, 0x17, 
	0x09, 0x11, 0x42, 0x57, 0x09, 0x11, 0x09, 0x11, 
	0x01, 0x0f, 0x01, 0x0f, 0x01, 0x0f, 0x01, 0x0f, 
	0x00, 0xcf, 0x4a, 0x99, 0x00, 0xcf, 0x4a, 0x99, 
	0xb4, 0xa1, 0x7b, 0x9d, 0xb4, 0xa1, 0xe5, 0xe7, 
	0x19, 0x93, 0x19, 0x93, 0x4a, 0x97, 0x4a, 0x97, 
	0x32, 0x15, 0x32, 0x15, 0x32, 0x15, 0x5a, 0xd9, 
	0x09, 0x0f, 0x09, 0x0f, 0x09, 0x0f, 0x09, 0x0f, 
	0x11, 0x51, 0x11, 0x51, 0x7b, 0x9b, 0x7b, 0x9b, 
	0x19, 0x51, 0x00, 0xcd, 0x19, 0x51, 0x42, 0x97, 
	0x94, 0x1f, 0x4a, 0x97, 0x00, 0xcd, 0x00, 0xcd, 
	0x00, 0xcd, 0x00, 0xcd, 0x09, 0x0f, 0x09, 0x0f, 
	0x09, 0x0f, 0x29, 0xd3, 0x29, 0xd3, 0x09, 0x0f, 
	0x00, 0xcd, 0x00, 0xcd, 0x09, 0x0f, 0x09, 0x0f, 
	0x42, 0x57, 0x42, 0x57, 0x09, 0x0f, 0x09, 0x0f, 
	0x09, 0x0f, 0x29, 0xd3, 0x29, 0xd3, 0x09, 0x0f, 
	0x01, 0x0f, 0x4a, 0x99, 0x01, 0x0f, 0x19, 0x93, 
	0x29, 0xd5, 0x09, 0x11, 0x52, 0xd9, 0x09, 0x11, 
	0x09, 0x11, 0x3a, 0x57, 0x09, 0x11, 0x09, 0x11, 
	0x11, 0x51, 0x11, 0x51, 0x11, 0x51, 0x11, 0x51, 
	0x83, 0xdf, 0x83, 0xdf, 0x83, 0xdf, 0xc5, 0x65, 
	0xe5, 0xe7, 0xf6, 0xa9, 0xf6, 0xa9, 0xf6, 0xa9, 
	0xdd, 0xa5, 0xdd, 0xa5, 0xee, 0x29, 0xee, 0x29, 
	0xee, 0x29, 0xee, 0x29, 0xb4, 0xe1, 0xb4, 0xe1, 
	0xd5, 0xa5, 0xc5, 0x23, 0xd5, 0xa5, 0xac, 0xa1, 
	0xd5, 0xa5, 0xbc, 0xe1, 0xbc, 0xe1, 0xd5, 0xa5, 
	0xdd, 0xa5, 0xdd, 0xa5, 0xb4, 0xe1, 0xdd, 0xa5, 
	0xd5, 0xa5, 0xee, 0x27, 0xe5, 0xe5, 0xd5, 0xa5, 
	0xbd, 0x23, 0xbd, 0x23, 0xcd, 0x63, 0xbd, 0x23, 
	0x7b, 0x9d, 0xc5, 0x23, 0xe5, 0xe7, 0x9c, 0x61, 
	0xd5, 0xa5, 0xbc, 0xe1, 0xbc, 0xe1, 0xbc, 0xe1, 
	0xee, 0x69, 0xee, 0x69, 0xdd, 0xa5, 0xdd, 0xa5, 
	0xd5, 0xa5, 0xbc, 0xe1, 0xbc, 0xe1, 0xe6, 0x27, 
	0xd5, 0xa5, 0xac, 0xa1, 0xd5, 0xa5, 0xac, 0xa1, 
	0xbc, 0xe1, 0xbc, 0xe1, 0xe6, 0x27, 0xe6, 0x27, 
	0xd5, 0xa5, 0xe6, 0x27, 0xdd, 0xe5, 0xd5, 0xa5, 
	0xd5, 0xa5, 0xc5, 0x23, 0xac, 0xa1, 0xc5, 0x23, 
	0xbc, 0xe3, 0x8b, 0x9d, 0xd5, 0xa5, 0xd5, 0xa5, 
	0xe5, 0xe7, 0xcd, 0x65, 0xe5, 0xe7, 0xbd, 0x23, 
	0xc5, 0x21, 0xdd, 0xe7, 0xee, 0x69, 0xee, 0x69, 
	0xe6, 0x27, 0xe6, 0x27, 0xb4, 0xe1, 0xe6, 0x27, 
	0xee, 0x27, 0xee, 0x27, 0xee, 0x27, 0xee, 0x27, 
	0xee, 0x27, 0xee, 0x27, 0xee, 0x27, 0xee, 0x27, 
	0xee, 0x27, 0xee, 0x27, 0xee, 0x27, 0xee, 0x27, 
	0xdd, 0xa3, 0xdd, 0xa3, 0xdd, 0xa3, 0xdd, 0xa3, 
	0xdd, 0xa3, 0xdd, 0xa3, 0xdd, 0xa3, 0xdd, 0xa3, 
	0xdd, 0xa3, 0xdd, 0xa3, 0xdd, 0xa3, 0xdd, 0xa3, 
	0xdd, 0xa5, 0x83, 0xdf, 0xb4, 0xa1, 0x5a, 0xdb, 
	0xa4, 0xa1, 0xa4, 0xa1, 0xa4, 0xa1, 0x3a, 0x17, 
	0x63, 0x1b, 0x63, 0x1b, 0xcd, 0x65, 0xcd, 0x65, 
	0x73, 0x9d, 0x4a, 0x99, 0xa4, 0x61, 0x73, 0x9d, 
	0x8b, 0xdf, 0xbc, 0xe3, 0x8b, 0xdf, 0x8b, 0xdf, 
	0x19, 0x53, 0x19, 0x53, 0x19, 0x53, 0x19, 0x53, 
	0x6b, 0x5b, 0xf6, 0x29, 0xb4, 0xa3, 0x29, 0xd5, 
	0x2a, 0x15, 0x01, 0x0f, 0x01, 0x0f, 0x19, 0x93, 
	0x09, 0x51, 0x09, 0x51, 0x09, 0x51, 0xd5, 0xa7, 
	0x11, 0x51, 0x5a, 0xdb, 0x7b, 0x9f, 0x5a, 0xdb, 
	0x5a, 0xd9, 0x11, 0x53, 0x9c, 0x61, 0xe5, 0xe7, 
	0x7b, 0x9d, 0xac, 0xa3, 0x19, 0x51, 0x19, 0x51, 
	0x63, 0x19, 0x63, 0x19, 0x21, 0x93, 0x9c, 0x61, 
	0x29, 0xd5, 0x29, 0xd5, 0x4a, 0x97, 0x6b, 0x5b, 
	0x09, 0x11, 0x09, 0x11, 0xbd, 0x25, 0x42, 0x57, 
	0x11, 0x51, 0x11, 0x51, 0x29, 0xd3, 0x3a, 0x57, 
	0xcd, 0xa7, 0x21, 0x93, 0x21, 0x93, 0x5a, 0xd9, 
	0x42, 0x17, 0x42, 0x17, 0xdd, 0xe9, 0xac, 0xa3, 
	0x42, 0x57, 0xb4, 0xe3, 0x42, 0x57, 0x09, 0x11, 
	0x19, 0x93, 0x01, 0x0f, 0x01, 0x0f, 0x01, 0x0f, 
	0x00, 0xcf, 0x21, 0x93, 0x00, 0xcf, 0x4a, 0x99, 
	0xb4, 0xa1, 0xb4, 0xa1, 0x7b, 0x9d, 0xe5, 0xe7, 
	0x4a, 0x97, 0x19, 0x93, 0x73, 0x5d, 0xa4, 0x61, 
	0x32, 0x15, 0x5a, 0xd9, 0x7b, 0x9f, 0xa4, 0xa3, 
	0x09, 0x0f, 0x09, 0x0f, 0x09, 0x0f, 0x09, 0x0f, 
	0x11, 0x51, 0x7b, 0x9b, 0xe5, 0xe7, 0x7b, 0x9b, 
	0x00, 0xcd, 0x00, 0xcd, 0x19, 0x51, 0x42, 0x97, 
	0x94, 0x1f, 0xdd, 0xe9, 0x00, 0xcd, 0x00, 0xcd, 
	0x00, 0xcd, 0x00, 0xcd, 0x21, 0xd5, 0x21, 0xd5, 
	0x09, 0x0f, 0x09, 0x0f, 0x09, 0x0f, 0x09, 0x0f, 
	0x00, 0xcd, 0x00, 0xcd, 0x09, 0x0f, 0x09, 0x0f, 
	0x7b, 0x9d, 0xb4, 0xe5, 0x42, 0x57, 0x09, 0x0f, 
	0x29, 0xd3, 0x4a, 0x99, 0x09, 0x0f, 0x09, 0x0f, 
	0x01, 0x0f, 0x01, 0x0f, 0x01, 0x0f, 0x32, 0x15, 
	0x52, 0xd9, 0x09, 0x11, 0x09, 0x11, 0x09, 0x11, 
	0x3a, 0x57, 0x9c, 0x61, 0x09, 0x11, 0x3a, 0x57, 
	0x42, 0x57, 0x42, 0x57, 0x11, 0x51, 0x11, 0x51, 
	0x4a, 0x57, 0xc5, 0x65, 0x83, 0xdf, 0xc5, 0x65, 
	0xcd, 0x65, 0xe5, 0xe7, 0xf6, 0xa9, 0xf6, 0xa9, 
	0xfe, 0xeb, 0xdd, 0xa5, 0xcd, 0x23, 0xee, 0x29, 
	0xb4, 0xe1, 0xee, 0x29, 0xb4, 0xe1, 0x9c, 0x1d, 
	0xd5, 0xa5, 0xd5, 0xa5, 0xac, 0xa1, 0xc5, 0x23, 
	0xf6, 0x69, 0xd5, 0xa5, 0xbc, 0xe1, 0xbc, 0xe1, 
	0xdd, 0xa5, 0xdd, 0xa5, 0xb4, 0xe1, 0xb4, 0xe1, 
	0xee, 0x27, 0xd5, 0xa5, 0xd5, 0xa5, 0xcd, 0x63, 
	0xb4, 0xe1, 0xd5, 0xa5, 0xcd, 0x63, 0xbd, 0x23, 
	0x9c, 0x61, 0xc5, 0x23, 0xe5, 0xe7, 0x9c, 0x61, 
	0xd5, 0xa5, 0xd5, 0xa5, 0xbc, 0xe1, 0xd5, 0xa5, 
	0xdd, 0xa5, 0xee, 0x69, 0xdd, 0xa5, 0xc5, 0x23, 
	0xd5, 0xa5, 0xd5, 0xa5, 0xd5, 0xa5, 0xe6, 0x27, 
	0xac, 0xa1, 0xc5, 0x23, 0xee, 0x27, 0xd5, 0xa5, 
	0xbc, 0xe1, 0xcd, 0xa5, 0xcd, 0xa5, 0xcd, 0xa5, 
	0xcd, 0x63, 0xdd, 0xe5, 0xd5, 0xa5, 0xcd, 0x63, 
	0xee, 0x27, 0xee, 0x27, 0xd5, 0xa5, 0xd5, 0xa5, 
	0xd5, 0xa5, 0xa4, 0x5f, 0xd5, 0xa5, 0xd5, 0xa5, 
	0xcd, 0x65, 0xcd, 0x65, 0xcd, 0x65, 0xcd, 0x65, 
	0xc5, 0x21, 0xd5, 0x63, 0xee, 0x69, 0xdd, 0xe7, 
	0xe6, 0x27, 0xe6, 0x27, 0xd5, 0xa5, 0xe6, 0x27, 
	0xee, 0x27, 0xee, 0x27, 0xee, 0x27, 0xee, 0x27, 
	0xee, 0x27, 0xee, 0x27, 0xee, 0x27, 0xee, 0x27, 
	0xee, 0x27, 0xee, 0x27, 0xee, 0x27, 0xee, 0x27, 
	0xdd, 0xa3, 0xdd, 0xa3, 0xdd, 0xa3, 0xdd, 0xa3, 
	0xdd, 0xa3, 0xdd, 0xa3, 0xdd, 0xa3, 0xdd, 0xa3, 
	0xd5, 0xa3, 0xd5, 0xa3, 0xbd, 0x21, 0x94, 0x1f, 
	0x9c, 0x5d, 0x9c, 0x5d, 0x6b, 0x1b, 0x6b, 0x1b, 
	0x5a, 0xd9, 0x29, 0xd5, 0x5a, 0xd9, 0x5a, 0xd9, 
	0x73, 0x5b, 0xac, 0xe3, 0xac, 0xe3, 0x73, 0x5b, 
	0x4a, 0x99, 0x7b, 0x9d, 0xac, 0xa3, 0x4a, 0x99, 
	0x6b, 0x1b, 0x9c, 0x5f, 0xd5, 0xa5, 0x9c, 0x5f, 
	0x11, 0x53, 0x11, 0x53, 0x11, 0x53, 0x11, 0x53, 
	0x3a, 0x17, 0xa4, 0xa1, 0xdd, 0xe7, 0xdd, 0xe7, 
	0x3a, 0x17, 0x11, 0x51, 0x11, 0x51, 0x21, 0x93, 
	0x11, 0x51, 0x11, 0x51, 0x3a, 0x15, 0x3a, 0x15, 
	0x09, 0x51, 0x3a, 0x57, 0x3a, 0x57, 0x09, 0x51, 
	0x19, 0x51, 0x19, 0x51, 0x19, 0x51, 0x19, 0x51, 
	0x09, 0x11, 0x6b, 0x5b, 0x29, 0xd5, 0x09, 0x11, 
	0x52, 0x97, 0xcd, 0xa5, 0xcd, 0xa5, 0xcd, 0xa5, 
	0x09, 0x11, 0x09, 0x11, 0x4a, 0x99, 0x4a, 0x99, 
	0x4a, 0x99, 0x11, 0x53, 0xb4, 0xa3, 0x11, 0x53, 
	0x09, 0x0f, 0x09, 0x0f, 0x09, 0x0f, 0x29, 0xd3, 
	0x8b, 0xdf, 0x8b, 0xdf, 0xc5, 0x23, 0x8b, 0xdf, 
	0x3a, 0x15, 0x3a, 0x15, 0x3a, 0x15, 0xcd, 0x63, 
	0x6b, 0x5b, 0x6b, 0x5b, 0xac, 0xa1, 0x31, 0xd5, 
	0x52, 0xd9, 0x19, 0x93, 0x01, 0x11, 0x19, 0x93, 
	0x42, 0x57, 0x73, 0x5b, 0x73, 0x5b, 0xa4, 0x61, 
	0xa4, 0x61, 0xa4, 0x61, 0x6b, 0x1b, 0xa4, 0x61, 
	0x9c, 0x61, 0x32, 0x15, 0x32, 0x15, 0x9c, 0x61, 
	0x4a, 0x97, 0x7b, 0x9d, 0xac, 0xa1, 0xac, 0xa1, 
	0x11, 0x0f, 0x08, 0xcd, 0x00, 0xcd, 0x00, 0xcd, 
	0x11, 0x51, 0x73, 0x9d, 0xa4, 0xa3, 0x11, 0x51, 
	0x09, 0x11, 0x09, 0x11, 0x3a, 0x57, 0x3a, 0x57, 
	0x83, 0xdd, 0xc5, 0x23, 0x09, 0x11, 0x09, 0x11, 
	0x32, 0x17, 0x01, 0x0f, 0x21, 0xd5, 0x32, 0x17, 
	0x19, 0x93, 0x52, 0xd9, 0x52, 0xd9, 0x19, 0x93, 
	0x00, 0xcd, 0x00, 0xcd, 0x00, 0xcd, 0x00, 0xcd, 
	0x29, 0xd5, 0xdd, 0xe7, 0x63, 0x1b, 0x29, 0xd5, 
	0x09, 0x11, 0x09, 0x11, 0x32, 0x15, 0x09, 0x11, 
	0x29, 0xd3, 0x00, 0xcd, 0x19, 0x51, 0x42, 0x57, 
	0x52, 0x99, 0x3a, 0x15, 0x52, 0x99, 0x3a, 0x15, 
	0x09, 0x11, 0x73, 0x9d, 0x09, 0x11, 0x09, 0x11, 
	0x01, 0x0f, 0x29, 0xd3, 0x01, 0x0f, 0x01, 0x0f, 
	0x21, 0x95, 0xac, 0xe3, 0xf6, 0x69, 0xf6, 0x69, 
	0xd5, 0xa5, 0xc5, 0x23, 0xf6, 0x69, 0xe5, 0xe7, 
	0xf6, 0xab, 0xf6, 0xab, 0x7b, 0x19, 0xcd, 0x65, 
	0xee, 0x27, 0xee, 0x27, 0xdd, 0xa5, 0xb4, 0xa1, 
	0xdd, 0xa5, 0xdd, 0xa5, 0xa4, 0x5f, 0xb4, 0xe1, 
	0x94, 0x1f, 0xe6, 0x27, 0x94, 0x1f, 0xcd, 0x65, 
	0xb4, 0xe1, 0xb4, 0xe1, 0xdd, 0xa5, 0xdd, 0xa5, 
	0xcd, 0x63, 0xcd, 0x63, 0xe5, 0xe7, 0xe5, 0xe7, 
	0xac, 0xa1, 0x7b, 0x5d, 0xdd, 0xe7, 0xdd, 0xe7, 
	0xbc, 0xe3, 0x83, 0x9d, 0xbc, 0xe3, 0x83, 0x9d, 
	0xcd, 0x65, 0xe6, 0x27, 0xcd, 0x65, 0xc5, 0x23, 
	0xcd, 0x65, 0xcd, 0x65, 0xfe, 0xed, 0xb4, 0xa1, 
	0x94, 0x1f, 0xf6, 0x69, 0xc5, 0x23, 0xc5, 0x23, 
	0xd5, 0xa5, 0xd5, 0xa5, 0xd5, 0xa5, 0xd5, 0xa5, 
	0xcd, 0x63, 0xbc, 0xe1, 0xbc, 0xe1, 0xdd, 0xe7, 
	0xbc, 0xe1, 0xbc, 0xe1, 0xbc, 0xe1, 0xa4, 0x5d, 
	0xee, 0x69, 0xee, 0x69, 0xee, 0x69, 0xe5, 0xe7, 
	0xdd, 0xa5, 0xdd, 0xa5, 0xc5, 0x63, 0xc5, 0x63, 
	0xcd, 0x63, 0xcd, 0x63, 0xcd, 0x63, 0xd5, 0xa5, 
	0xbc, 0xe1, 0xa4, 0x1d, 0xee, 0x29, 0xd5, 0xa5, 
	0xdd, 0xa5, 0xdd, 0xa5, 0xdd, 0xa5, 0xd5, 0x65, 
	0xee, 0x27, 0xee, 0x27, 0xee, 0x27, 0xee, 0x27, 
	0xee, 0x27, 0xee, 0x27, 0xee, 0x27, 0xee, 0x27, 
	0xee, 0x27, 0xee, 0x27, 0xee, 0x27, 0xee, 0x27, 
	0xdd, 0xa3, 0xdd, 0xa3, 0xdd, 0xa3, 0xdd, 0xa3, 
	0xdd, 0xa3, 0xdd, 0xa3, 0xdd, 0xa3, 0xdd, 0xa3, 
	0xd5, 0xa3, 0xd5, 0xa3, 0xd5, 0xa3, 0xd5, 0xa3, 
	0x9c, 0x5d, 0x9c, 0x5d, 0x31, 0xd7, 0x6b, 0x1b, 
	0x29, 0xd5, 0x29, 0xd5, 0xb4, 0xe3, 0xb4, 0xe3, 
	0x73, 0x5b, 0xee, 0x29, 0x73, 0x5b, 0x73, 0x5b, 
	0x4a, 0x99, 0x19, 0x93, 0x4a, 0x99, 0x4a, 0x99, 
	0x6b, 0x1b, 0x9c, 0x5f, 0xd5, 0xa5, 0xd5, 0xa5, 
	0x11, 0x53, 0x42, 0x57, 0x9c, 0x61, 0x42, 0x57, 
	0x3a, 0x17, 0x3a, 0x17, 0xa4, 0xa1, 0xa4, 0xa1, 
	0x4a, 0x99, 0x11, 0x51, 0x11, 0x51, 0x11, 0x51, 
	0x11, 0x51, 0x3a, 0x15, 0x5a, 0xdb, 0x11, 0x51, 
	0x3a, 0x57, 0xa4, 0xa3, 0xa4, 0xa3, 0xa4, 0xa3, 
	0x19, 0x51, 0x73, 0x9d, 0x19, 0x51, 0x19, 0x51, 
	0x09, 0x11, 0x09, 0x11, 0x09, 0x11, 0x09, 0x11, 
	0x11, 0x51, 0x11, 0x51, 0xcd, 0xa5, 0xcd, 0xa5, 
	0x8b, 0xdf, 0x09, 0x11, 0x8b, 0xdf, 0x4a, 0x99, 
	0x11, 0x53, 0x4a, 0x99, 0x4a, 0x99, 0x11, 0x53, 
	0x09, 0x0f, 0x09, 0x0f, 0x29, 0xd3, 0x09, 0x0f, 
	0x21, 0x95, 0xc5, 0x23, 0xc5, 0x23, 0xc5, 0x23, 
	0x3a, 0x15, 0x9c, 0x5f, 0x9c, 0x5f, 0xcd, 0x63, 
	0x6b, 0x5b, 0x31, 0xd5, 0x31, 0xd5, 0x31, 0xd5, 
	0x01, 0x11, 0x01, 0x11, 0x01, 0x11, 0x52, 0xd9, 
	0xa4, 0x61, 0x73, 0x5b, 0x42, 0x57, 0x73, 0x5b, 
	0x6b, 0x1b, 0x6b, 0x1b, 0x6b, 0x1b, 0xa4, 0x61, 
	0x32, 0x15, 0x00, 0xcf, 0x32, 0x15, 0x6b, 0x1b, 
	0xac, 0xa1, 0x7b, 0x9d, 0xac, 0xa1, 0x4a, 0x97, 
	0x08, 0xcd, 0x08, 0xcd, 0x00, 0xcd, 0x00, 0xcd, 
	0x11, 0x51, 0x11, 0x51, 0x42, 0x57, 0x11, 0x51, 
	0x09, 0x11, 0x09, 0x11, 0x09, 0x11, 0x21, 0x95, 
	0x83, 0xdd, 0x83, 0xdd, 0x09, 0x11, 0x09, 0x11, 
	0x11, 0x51, 0x01, 0x0f, 0x01, 0x0f, 0x01, 0x0f, 
	0x19, 0x93, 0x3a, 0x17, 0x73, 0x5d, 0x19, 0x93, 
	0x00, 0xcd, 0x00, 0xcd, 0x00, 0xcd, 0x00, 0xcd, 
	0x29, 0xd5, 0xdd, 0xe7, 0x29, 0xd5, 0x29, 0xd5, 
	0x09, 0x11, 0x5a, 0xd9, 0x5a, 0xd9, 0x09, 0x11, 
	0x29, 0xd3, 0x00, 0xcd, 0x00, 0xcd, 0x00, 0xcd, 
	0x01, 0x0f, 0x01, 0x0f, 0x52, 0x99, 0x19, 0x93, 
	0x09, 0x11, 0x73, 0x9d, 0x09, 0x11, 0x09, 0x11, 
	0x01, 0x0f, 0x4a, 0x99, 0x29, 0xd3, 0x29, 0xd3, 
	0x21, 0x95, 0xac, 0xe3, 0xf6, 0x69, 0xf6, 0x69, 
	0xe5, 0xe7, 0xe5, 0xe7, 0xf6, 0x69, 0xd5, 0xa5, 
	0xcd, 0x65, 0xf6, 0xab, 0xcd, 0x65, 0xf6, 0xab, 
	0xee, 0x27, 0xee, 0x27, 0xee, 0x27, 0xdd, 0xa5, 
	0xdd, 0xa5, 0xcd, 0x23, 0xcd, 0x23, 0xcd, 0x23, 
	0x94, 0x1f, 0xe6, 0x27, 0x94, 0x1f, 0xac, 0xa1, 
	0xb4, 0xe1, 0xb4, 0xe1, 0xdd, 0xa5, 0xdd, 0xa5, 
	0xe5, 0xe7, 0xcd, 0x63, 0xe5, 0xe7, 0xe5, 0xe7, 
	0xdd, 0xe7, 0xac, 0xa1, 0xac, 0xa1, 0xdd, 0xe7, 
	0xd5, 0xa5, 0x9c, 0x5f, 0xd5, 0xa5, 0x9c, 0x5f, 
	0xcd, 0x65, 0xdd, 0xe5, 0xdd, 0xe5, 0xe6, 0x27, 
	0xcd, 0x65, 0xcd, 0x65, 0xe6, 0x29, 0xe6, 0x29, 
	0x62, 0xd9, 0xf6, 0x69, 0xc5, 0x23, 0xc5, 0x23, 
	0xbc, 0xe1, 0xd5, 0xa5, 0xd5, 0xa5, 0xcd, 0x23, 
	0xcd, 0x63, 0xbc, 0xe1, 0xbc, 0xe1, 0xdd, 0xe7, 
	0xbc, 0xe1, 0xbc, 0xe1, 0xd5, 0xa5, 0xd5, 0xa5, 
	0xe5, 0xe7, 0xe5, 0xe7, 0xd5, 0x63, 0xd5, 0x63, 
	0xdd, 0xa5, 0xdd, 0xa5, 0xc5, 0x63, 0xdd, 0xa5, 
	0xcd, 0x63, 0xd5, 0xa5, 0xcd, 0x63, 0xc5, 0x23, 
	0xd5, 0xa5, 0xd5, 0xa5, 0xd5, 0xa5, 0xee, 0x29, 
	0xdd, 0xa5, 0xdd, 0xa5, 0xdd, 0xa5, 0xd5, 0x65, 
	0xdd, 0xa5, 0xee, 0x27, 0xee, 0x27, 0xee, 0x27, 
	0xee, 0x27, 0xee, 0x27, 0xee, 0x27, 0xee, 0x27, 
	0xee, 0x27, 0xee, 0x27, 0xee, 0x27, 0xee, 0x27, 
	0xcd, 0x63, 0xd5, 0x63, 0xcd, 0x63, 0xd5, 0x63, 
	0xcd, 0x63, 0xd5, 0x63, 0xcd, 0x63, 0xd5, 0x63, 
	0xd5, 0xa3, 0xd5, 0xa3, 0xd5, 0xa3, 0xbd, 0x21, 
	0x9c, 0x5d, 0x6b, 0x1b, 0x6b, 0x1b, 0x6b, 0x1b, 
	0x29, 0xd5, 0x5a, 0xd9, 0xb4, 0xe3, 0xb4, 0xe3, 
	0x32, 0x15, 0x73, 0x5b, 0x32, 0x15, 0x73, 0x5b, 
	0x7b, 0x9d, 0x4a, 0x99, 0x4a, 0x99, 0xac, 0xa3, 
	0xd5, 0xa5, 0x31, 0xd5, 0x9c, 0x5f, 0xd5, 0xa5, 
	0x6b, 0x5d, 0x42, 0x57, 0x6b, 0x5d, 0x9c, 0x61, 
	0x73, 0x5d, 0x73, 0x5d, 0x3a, 0x17, 0x3a, 0x17, 
	0x11, 0x51, 0x21, 0x93, 0x11, 0x51, 0x11, 0x51, 
	0x11, 0x51, 0x3a, 0x15, 0x5a, 0xdb, 0x11, 0x51, 
	0x09, 0x51, 0x3a, 0x57, 0xa4, 0xa3, 0xa4, 0xa3, 
	0xa4, 0xa3, 0xa4, 0xa3, 0xa4, 0xa3, 0x4a, 0x57, 
	0x09, 0x11, 0x09, 0x11, 0x09, 0x11, 0x09, 0x11, 
	0x11, 0x51, 0x11, 0x51, 0x11, 0x51, 0x52, 0x97, 
	0xcd, 0x67, 0x4a, 0x99, 0x4a, 0x99, 0x4a, 0x99, 
	0xb4, 0xa3, 0xb4, 0xa3, 0x7b, 0x9d, 0x11, 0x53, 
	0x09, 0x0f, 0x6b, 0x5d, 0x4a, 0x99, 0x29, 0xd3, 
	0x21, 0x95, 0x8b, 0xdf, 0x5a, 0xd9, 0x21, 0x95, 
	0x9c, 0x5f, 0x3a, 0x15, 0x9c, 0x5f, 0x9c, 0x5f, 
	0xe5, 0xe7, 0xac, 0xa1, 0x6b, 0x5b, 0x6b, 0x5b, 
	0x01, 0x11, 0x01, 0x11, 0x01, 0x11, 0x3a, 0x57, 
	0x73, 0x5b, 0x42, 0x57, 0x11, 0x51, 0x73, 0x5b, 
	0x6b, 0x1b, 0x31, 0xd5, 0x31, 0xd5, 0x6b, 0x1b, 
	0x32, 0x15, 0x00, 0xcf, 0x6b, 0x1b, 0x6b, 0x1b, 
	0x4a, 0x97, 0x4a, 0x97, 0x7b, 0x9d, 0x19, 0x93, 
	0x00, 0xcd, 0x00, 0xcd, 0x00, 0xcd, 0x00, 0xcd, 
	0x11, 0x51, 0x11, 0x51, 0x11, 0x51, 0x11, 0x51, 
	0x3a, 0x57, 0x3a, 0x57, 0x09, 0x11, 0x09, 0x11, 
	0x4a, 0x97, 0xc5, 0x23, 0x09, 0x11, 0x09, 0x11, 
	0x11, 0x51, 0x01, 0x0f, 0x01, 0x0f, 0x32, 0x17, 
	0x3a, 0x17, 0x19, 0x93, 0x52, 0xd9, 0x19, 0x93, 
	0x11, 0x51, 0x00, 0xcd, 0x00, 0xcd, 0x00, 0xcd, 
	0x29, 0xd5, 0xdd, 0xe7, 0x63, 0x1b, 0x29, 0xd5, 
	0x09, 0x11, 0x83, 0x9d, 0x32, 0x15, 0x09, 0x11, 
	0x00, 0xcd, 0x00, 0xcd, 0x00, 0xcd, 0x00, 0xcd, 
	0x01, 0x0f, 0x01, 0x0f, 0x01, 0x0f, 0x01, 0x0f, 
	0x42, 0x57, 0x42, 0x57, 0x42, 0x57, 0x09, 0x11, 
	0x01, 0x0f, 0x4a, 0x99, 0x73, 0x9d, 0x73, 0x9d, 
	0x6b, 0x5b, 0x6b, 0x5b, 0xf6, 0x69, 0xf6, 0x69, 
	0xe5, 0xe7, 0xd5, 0xa5, 0xe5, 0xe7, 0xf6, 0x69, 
	0xcd, 0x65, 0xf6, 0xab, 0xf6, 0xab, 0xf6, 0xab, 
	0xdd, 0xa5, 0xdd, 0xa5, 0xdd, 0xa5, 0xc5, 0x23, 
	0xb4, 0xe1, 0xb4, 0xe1, 0xcd, 0x23, 0xb4, 0xe1, 
	0xcd, 0x65, 0xcd, 0x65, 0xcd, 0x65, 0xcd, 0x65, 
	0xdd, 0xa5, 0xa4, 0x5f, 0xa4, 0x5f, 0xb4, 0xe1, 
	0xac, 0xa1, 0xac, 0xa1, 0xe5, 0xe7, 0xe5, 0xe7, 
	0xdd, 0xe7, 0xdd, 0xe7, 0x4a, 0x17, 0x7b, 0x5d, 
	0xd5, 0xa5, 0x9c, 0x5f, 0xbc, 0xe3, 0xd5, 0xa5, 
	0xc5, 0x23, 0xdd, 0xe5, 0xe6, 0x27, 0xdd, 0xe5, 
	0xb4, 0xa1, 0xcd, 0x65, 0xcd, 0x65, 0xe6, 0x29, 
	0xc5, 0x23, 0xc5, 0x23, 0x94, 0x1f, 0xc5, 0x23, 
	0xd5, 0xa5, 0xe6, 0x27, 0xe6, 0x27, 0xd5, 0xa5, 
	0xcd, 0x63, 0xdd, 0xe7, 0xcd, 0x63, 0xcd, 0x63, 
	0xee, 0x69, 0xd5, 0xa5, 0xbc, 0xe1, 0xd5, 0xa5, 
	0xd5, 0x63, 0xe5, 0xe7, 0xdd, 0xa5, 0xdd, 0xa5, 
	0xdd, 0xa5, 0xee, 0x27, 0xdd, 0xa5, 0xdd, 0xa5, 
	0xc5, 0x23, 0xd5, 0xa5, 0xcd, 0x63, 0xd5, 0xa5, 
	0xee, 0x29, 0xee, 0x29, 0xee, 0x29, 0xee, 0x29, 
	0xcd, 0x65, 0xd5, 0x65, 0xe5, 0xe5, 0xe5, 0xe5, 
	0xbc, 0xe1, 0xbc, 0xe1, 0xee, 0x27, 0xee, 0x27, 
	0xee, 0x27, 0xee, 0x27, 0xf6, 0x69, 0xee, 0x27, 
	0xfe, 0xa9, 0xee, 0x27, 0xee, 0x27, 0xe5, 0xe7, 
	0xcd, 0x63, 0xc5, 0x23, 0xcd, 0x63, 0xc5, 0x23, 
	0xcd, 0x63, 0xc5, 0x23, 0xcd, 0x63, 0xc5, 0x23, 
	0xd5, 0xa3, 0xbd, 0x21, 0xd5, 0xa3, 0xbd, 0x21, 
	0xd5, 0x61, 0x9c, 0x5d, 0x6b, 0x1b, 0x9c, 0x5d, 
	0x83, 0xdf, 0xb4, 0xe3, 0x83, 0xdf, 0x5a, 0xd9, 
	0x32, 0x15, 0x32, 0x15, 0x32, 0x15, 0x32, 0x15, 
	0x19, 0x93, 0x4a, 0x99, 0x19, 0x93, 0x19, 0x93, 
	0xd5, 0xa5, 0x6b, 0x1b, 0x9c, 0x5f, 0xd5, 0xa5, 
	0x42, 0x57, 0x11, 0x53, 0x42, 0x57, 0x6b, 0x5d, 
	0x73, 0x5d, 0x73, 0x5d, 0x73, 0x5d, 0xa4, 0xa1, 
	0x3a, 0x17, 0x21, 0x93, 0x11, 0x51, 0x11, 0x51, 
	0x3a, 0x15, 0x83, 0xdf, 0x5a, 0xdb, 0x5a, 0xdb, 
	0x09, 0x51, 0x09, 0x51, 0x3a, 0x57, 0x3a, 0x57, 
	0x19, 0x51, 0x4a, 0x57, 0x4a, 0x57, 0x4a, 0x57, 
	0x6b, 0x5b, 0x29, 0xd5, 0x09, 0x11, 0x09, 0x11, 
	0x11, 0x51, 0x11, 0x51, 0x52, 0x97, 0x8c, 0x1f, 
	0xcd, 0x67, 0x4a, 0x99, 0x09, 0x11, 0x09, 0x11, 
	0x4a, 0x99, 0x4a, 0x99, 0x7b, 0x9d, 0x11, 0x53, 
	0x09, 0x0f, 0x6b, 0x5d, 0x29, 0xd3, 0x29, 0xd3, 
	0x21, 0x95, 0x5a, 0xd9, 0xc5, 0x23, 0x21, 0x95, 
	0x9c, 0x5f, 0xcd, 0x63, 0x9c, 0x5f, 0x9c, 0x5f, 
	0xe5, 0xe7, 0xe5, 0xe7, 0xe5, 0xe7, 0x6b, 0x5b, 
	0x01, 0x11, 0x01, 0x11, 0x01, 0x11, 0x19, 0x93, 
	0x11, 0x51, 0x11, 0x51, 0x11, 0x51, 0x73, 0x5b, 
	0xdd, 0xa7, 0x31, 0xd5, 0x31, 0xd5, 0x31, 0xd5, 
	0x32, 0x15, 0x00, 0xcf, 0x6b, 0x1b, 0x9c, 0x61, 
	0x19, 0x93, 0x7b, 0x9d, 0x7b, 0x9d, 0x19, 0x93, 
	0x00, 0xcd, 0x00, 0xcd, 0x00, 0xcd, 0x00, 0xcd, 
	0x73, 0x9d, 0x73, 0x9d, 0x42, 0x57, 0x11, 0x51, 
	0x09, 0x11, 0x21, 0x95, 0x3a, 0x57, 0x09, 0x11, 
	0x83, 0xdd, 0xc5, 0x23, 0x83, 0xdd, 0x09, 0x11, 
	0x01, 0x0f, 0x11, 0x51, 0x01, 0x0f, 0x11, 0x51, 
	0x52, 0xd9, 0x3a, 0x17, 0x52, 0xd9, 0x52, 0xd9, 
	0x19, 0x93, 0x00, 0xcd, 0x2a, 0x17, 0x19, 0x93, 
	0x29, 0xd5, 0xdd, 0xe7, 0xdd, 0xe7, 0x29, 0xd5, 
	0x09, 0x11, 0x5a, 0xd9, 0x32, 0x15, 0x09, 0x11, 
	0x00, 0xcd, 0x00, 0xcd, 0x00, 0xcd, 0x00, 0xcd, 
	0x3a, 0x15, 0x19, 0x93, 0x01, 0x0f, 0x01, 0x0f, 
	0x73, 0x9d, 0xac, 0xa3, 0x09, 0x11, 0x09, 0x11, 
	0x01, 0x0f, 0x01, 0x0f, 0x29, 0xd3, 0x29, 0xd3, 
	0x21, 0x95, 0x21, 0x95, 0xac, 0xe3, 0xf6, 0x69, 
	0xd5, 0xa5, 0xf6, 0x69, 0xf6, 0x69, 0xf6, 0x69, 
	0xcd, 0x65, 0xf6, 0xab, 0xf6, 0xab, 0xf6, 0xab, 
	0xb4, 0xa1, 0xdd, 0xa5, 0xdd, 0xa5, 0xee, 0x27, 
	0xa4, 0x5f, 0xa4, 0x5f, 0xcd, 0x23, 0xb4, 0xe1, 
	0xe6, 0x27, 0xcd, 0x65, 0xcd, 0x65, 0xcd, 0x65, 
	0xdd, 0xa5, 0xa4, 0x5f, 0xcd, 0x23, 0xcd, 0x23, 
	0xac, 0xa1, 0xac, 0xa1, 0x94, 0x1d, 0x94, 0x1d, 
	0xdd, 0xe7, 0xdd, 0xe7, 0xac, 0xa1, 0x7b, 0x5d, 
	0x9c, 0x5f, 0x83, 0x9d, 0xbc, 0xe3, 0xd5, 0xa5, 
	0xc5, 0x23, 0xdd, 0xe5, 0xe6, 0x27, 0xdd, 0xe5, 
	0xb4, 0xa1, 0xb4, 0xa1, 0xb4, 0xa1, 0xe6, 0x29, 
	0xc5, 0x23, 0xc5, 0x23, 0xc5, 0x23, 0xc5, 0x23, 
	0xcd, 0x23, 0xd5, 0xa5, 0xd5, 0xa5, 0xe6, 0x27, 
	0xee, 0x69, 0xee, 0x69, 0xcd, 0x63, 0xcd, 0x63, 
	0xd5, 0xa5, 0xee, 0x69, 0xd5, 0xa5, 0xd5, 0xa5, 
	0xd5, 0x63, 0xdd, 0xa5, 0xdd, 0xa5, 0xdd, 0xa5, 
	0xee, 0x27, 0xdd, 0xa5, 0xb4, 0xe1, 0xdd, 0xa5, 
	0xdd, 0xe5, 0xcd, 0x63, 0xcd, 0x63, 0xc5, 0x23, 
	0xd5, 0xa5, 0xd5, 0xa5, 0xd5, 0xa5, 0xd5, 0xa5, 
	0xdd, 0xa5, 0xcd, 0x65, 0xe5, 0xe5, 0xe5, 0xe5, 
	0xbc, 0xe1, 0xbc, 0xe1, 0xdd, 0xa5, 0xee, 0x27, 
	0xee, 0x27, 0xee, 0x27, 0xe5, 0xe7, 0xe5, 0xe7, 
	0xe5, 0xe7, 0xe5, 0xe7, 0xd5, 0xa5, 0xd5, 0xa5, 
	0xcd, 0x63, 0xcd, 0x63, 0xcd, 0x63, 0xcd, 0x63, 
	0xcd, 0x63, 0xcd, 0x63, 0xcd, 0x63, 0xbc, 0xe1, 
	0xc5, 0x23, 0xc5, 0x23, 0xac, 0xa1, 0x8b, 0xdd, 
	0xd5, 0xa7, 0xd5, 0xa7, 0x9c, 0x61, 0x9c, 0x61, 
	0x19, 0x93, 0x83, 0x9d, 0x83, 0x9d, 0x19, 0x93, 
	0x63, 0x1b, 0xa4, 0xa1, 0x19, 0x53, 0x19, 0x53, 
	0x62, 0xdb, 0x62, 0xdb, 0x29, 0x95, 0x29, 0x95, 
	0x73, 0x5b, 0x73, 0x5b, 0x73, 0x5b, 0x9c, 0x61, 
	0x11, 0x53, 0x11, 0x53, 0x11, 0x53, 0x7b, 0x9d, 
	0xbc, 0xe3, 0x52, 0x99, 0x83, 0xdf, 0xee, 0x29, 
	0x4a, 0x97, 0x19, 0x93, 0x19, 0x93, 0xac, 0xe1, 
	0xe5, 0xe7, 0xe5, 0xe7, 0xe5, 0xe7, 0x31, 0xd5, 
	0x11, 0x51, 0x11, 0x51, 0x52, 0xd9, 0x11, 0x51, 
	0x19, 0x93, 0x19, 0x93, 0x19, 0x93, 0x19, 0x93, 
	0x4a, 0x99, 0xa4, 0xa3, 0x73, 0x9d, 0x19, 0x53, 
	0x11, 0x53, 0x11, 0x53, 0x42, 0x59, 0x42, 0x59, 
	0x63, 0x1b, 0x63, 0x1b, 0x19, 0x53, 0x19, 0x53, 
	0x11, 0x11, 0x5a, 0xd9, 0xe5, 0xe9, 0x5a, 0xd9, 
	0x09, 0x0f, 0x09, 0x0f, 0x29, 0xd7, 0x11, 0x51, 
	0x19, 0x91, 0x5b, 0x19, 0xe6, 0x29, 0x5b, 0x19, 
	0x3a, 0x17, 0x3a, 0x17, 0xb4, 0xe3, 0x73, 0x5d, 
	0xb4, 0x9f, 0xcd, 0x63, 0xb4, 0x9f, 0xb4, 0x9f, 
	0x83, 0xdd, 0x19, 0x53, 0x19, 0x53, 0x83, 0xdd, 
	0x52, 0x99, 0x52, 0x99, 0x21, 0xd5, 0x21, 0xd5, 
	0x7b, 0x9b, 0xac, 0xa1, 0x11, 0x51, 0x11, 0x51, 
	0x09, 0x0f, 0x09, 0x0f, 0x73, 0x5d, 0x42, 0x55, 
	0x29, 0xd5, 0xbc, 0xe3, 0xbc, 0xe3, 0x29, 0xd5, 
	0x00, 0xcd, 0x00, 0xcd, 0x00, 0xcd, 0x00, 0xcd, 
	0x21, 0xd3, 0x5b, 0x19, 0xcd, 0x67, 0x21, 0xd3, 
	0x00, 0xcd, 0x00, 0xcd, 0x29, 0xd5, 0x11, 0x0f, 
	0x21, 0x95, 0xb4, 0xe3, 0x83, 0xdf, 0x21, 0x95, 
	0x11, 0x51, 0x31, 0xd5, 0x11, 0x51, 0x31, 0xd5, 
	0x9c, 0x1b, 0x9c, 0x1b, 0x6b, 0x19, 0x6b, 0x19, 
	0x00, 0xcf, 0x00, 0xcf, 0x00, 0xcf, 0x21, 0x93, 
	0x29, 0xd5, 0x52, 0x99, 0x73, 0x5d, 0x29, 0xd5, 
	0x11, 0x11, 0x11, 0x11, 0xb4, 0xe3, 0x4a, 0x57, 
	0x09, 0x11, 0x09, 0x11, 0x29, 0xd5, 0x09, 0x11, 
	0x01, 0x0f, 0x01, 0x0f, 0x01, 0x0f, 0x21, 0x93, 
	0x3a, 0x57, 0x52, 0xdb, 0x3a, 0x57, 0x21, 0x93, 
	0x00, 0xcf, 0x29, 0xd3, 0x7b, 0x9d, 0x29, 0xd3, 
	0x19, 0x53, 0x19, 0x53, 0xa4, 0xa1, 0xee, 0x29, 
	0xd5, 0xa5, 0x9c, 0x1f, 0xf6, 0x69, 0xf6, 0x69, 
	0xd5, 0xa5, 0xd5, 0xa5, 0xb4, 0xe1, 0xe6, 0x27, 
	0xe5, 0xe7, 0xe5, 0xe7, 0xe5, 0xe7, 0xe5, 0xe7, 
	0xee, 0x27, 0x94, 0x1f, 0x94, 0x1f, 0xc5, 0x23, 
	0xbc, 0xe3, 0xbc, 0xe3, 0xee, 0x27, 0xa4, 0x61, 
	0xbc, 0xe3, 0xbc, 0xe3, 0x73, 0x5b, 0xbc, 0xe3, 
	0x83, 0x9d, 0x83, 0x9d, 0x83, 0x9d, 0x83, 0x9d, 
	0xf6, 0xab, 0xf6, 0xab, 0xf6, 0xab, 0x94, 0x1f, 
	0xac, 0xa1, 0xac, 0xa1, 0x83, 0x9b, 0xfe, 0xab, 
	0xd5, 0xa5, 0xc5, 0x21, 0xf6, 0xab, 0xf6, 0xab, 
	0xc5, 0x65, 0xc5, 0x65, 0x6b, 0x1b, 0xc5, 0x65, 
	0xc5, 0x23, 0x9c, 0x1f, 0xc5, 0x23, 0xdd, 0xa5, 
	0xd5, 0x63, 0xdd, 0xa5, 0xd5, 0x63, 0xe5, 0xe7, 
	0xee, 0x27, 0xd5, 0xa5, 0xee, 0x27, 0xa4, 0x61, 
	0xcd, 0x65, 0xe5, 0xe7, 0xe5, 0xe7, 0xcd, 0x65, 
	0xd5, 0xa5, 0xc5, 0x23, 0xe5, 0xe7, 0xe5, 0xe7, 
	0xd5, 0xa5, 0xe6, 0x27, 0xcd, 0x63, 0xcd, 0x63, 
	0xcd, 0x63, 0xbd, 0x23, 0xcd, 0x63, 0xbd, 0x23, 
	0xbc, 0xe1, 0xdd, 0xe5, 0xd5, 0x63, 0xd5, 0x63, 
	0xd5, 0xa5, 0xd5, 0xa5, 0xbd, 0x23, 0xd5, 0xa5, 
	0xd5, 0xa5, 0xbc, 0xe1, 0xd5, 0xa5, 0xee, 0x29, 
	0xee, 0x27, 0xee, 0x27, 0xee, 0x27, 0xee, 0x27, 
	0xe5, 0xe5, 0xe5, 0xe5, 0xdd, 0xa5, 0xdd, 0xa5, 
	0xcd, 0x63, 0xc5, 0x21, 0xcd, 0x63, 0xcd, 0x63, 
	0xcd, 0x63, 0xcd, 0x63, 0xcd, 0x63, 0xbc, 0xe1, 
	0x73, 0x5b, 0xac, 0xa1, 0x73, 0x5b, 0x73, 0x5b, 
	0x6b, 0x1b, 0x6b, 0x1b, 0x6b, 0x1b, 0x6b, 0x1b, 
	0x19, 0x93, 0x4a, 0x99, 0x83, 0x9d, 0x19, 0x93, 
	0x63, 0x1b, 0xee, 0x69, 0x63, 0x1b, 0x19, 0x53, 
	0x62, 0xdb, 0x94, 0x5f, 0xcd, 0xa5, 0x94, 0x5f, 
	0x9c, 0x61, 0x73, 0x5b, 0x73, 0x5b, 0xf6, 0x6b, 
	0xac, 0xa1, 0x42, 0x57, 0x11, 0x53, 0x7b, 0x9d, 
	0xee, 0x29, 0xbc, 0xe3, 0x52, 0x99, 0xee, 0x29, 
	0x4a, 0x97, 0x19, 0x93, 0x19, 0x93, 0xac, 0xe1, 
	0xe5, 0xe7, 0xac, 0xa1, 0xe5, 0xe7, 0xac, 0xa1, 
	0x11, 0x51, 0x11, 0x51, 0x11, 0x51, 0x11, 0x51, 
	0xb4, 0xe5, 0x83, 0xdf, 0x19, 0x93, 0x19, 0x93, 
	0x19, 0x53, 0x19, 0x53, 0x73, 0x9d, 0x19, 0x53, 
	0x11, 0x53, 0x11, 0x53, 0x11, 0x53, 0x11, 0x53, 
	0x19, 0x53, 0x19, 0x53, 0x19, 0x53, 0x19, 0x53, 
	0x11, 0x11, 0x5a, 0xd9, 0x9c, 0x61, 0x5a, 0xd9, 
	0x09, 0x0f, 0x09, 0x0f, 0x11, 0x51, 0x09, 0x0f, 
	0x19, 0x91, 0x19, 0x91, 0xa4, 0xa1, 0x5b, 0x19, 
	0x3a, 0x17, 0x3a, 0x17, 0x73, 0x5d, 0x73, 0x5d, 
	0x83, 0x99, 0xb4, 0x9f, 0xb4, 0x9f, 0x9c, 0x1d, 
	0x83, 0xdd, 0x19, 0x53, 0x19, 0x53, 0x52, 0x99, 
	0xac, 0xa1, 0x7b, 0x9d, 0x52, 0x99, 0x52, 0x99, 
	0x42, 0x97, 0xac, 0xa1, 0x11, 0x51, 0x11, 0x51, 
	0x09, 0x0f, 0x09, 0x0f, 0x42, 0x55, 0x42, 0x55, 
	0x29, 0xd5, 0x73, 0x5b, 0x73, 0x5b, 0x29, 0xd5, 
	0x09, 0x0d, 0x00, 0xcd, 0x00, 0xcd, 0x00, 0xcd, 
	0x21, 0xd3, 0x21, 0xd3, 0xcd, 0x67, 0x5b, 0x19, 
	0x00, 0xcd, 0x00, 0xcd, 0x29, 0xd5, 0x00, 0xcd, 
	0x21, 0x95, 0xb4, 0xe3, 0x83, 0xdf, 0x83, 0xdf, 
	0x11, 0x51, 0x11, 0x51, 0x11, 0x51, 0x11, 0x51, 
	0x9c, 0x1b, 0x9c, 0x1b, 0x52, 0x99, 0x9c, 0x1b, 
	0x3a, 0x57, 0x00, 0xcf, 0x00, 0xcf, 0x00, 0xcf, 
	0x09, 0x11, 0x09, 0x11, 0x29, 0xd5, 0x52, 0x99, 
	0x11, 0x11, 0x11, 0x11, 0x4a, 0x57, 0x4a, 0x57, 
	0x6b, 0x5d, 0x6b, 0x5d, 0x09, 0x11, 0x09, 0x11, 
	0x5a, 0xdb, 0x01, 0x0f, 0x01, 0x0f, 0x01, 0x0f, 
	0x09, 0x0f, 0x09, 0x0f, 0x21, 0x93, 0x21, 0x93, 
	0x00, 0xcf, 0x29, 0xd3, 0x7b, 0x9d, 0x7b, 0x9d, 
	0x19, 0x53, 0x63, 0x1b, 0xa4, 0xa1, 0xee, 0x29, 
	0xd5, 0xa5, 0x9c, 0x1f, 0xf6, 0x69, 0xf6, 0x69, 
	0xd5, 0xa5, 0xd5, 0xa5, 0xd5, 0xa5, 0xe6, 0x27, 
	0xe5, 0xe7, 0xe5, 0xe7, 0x9c, 0x1f, 0x9c, 0x1f, 
	0xee, 0x27, 0x94, 0x1f, 0xc5, 0x23, 0xc5, 0x23, 
	0xbc, 0xe3, 0xd5, 0xa5, 0xd5, 0xa5, 0xa4, 0x61, 
	0xbc, 0xe3, 0xdd, 0xe7, 0xdd, 0xe7, 0xdd, 0xe7, 
	0xac, 0xa3, 0x52, 0x59, 0xac, 0xa3, 0x52, 0x59, 
	0xc5, 0x65, 0xf6, 0xab, 0xc5, 0x65, 0x94, 0x1f, 
	0xac, 0xa1, 0xac, 0xa1, 0x83, 0x9b, 0xd5, 0xa5, 
	0xf6, 0xab, 0xd5, 0xa5, 0xc5, 0x21, 0xe6, 0x27, 
	0xc5, 0x65, 0xc5, 0x65, 0x6b, 0x1b, 0x6b, 0x1b, 
	0xdd, 0xa5, 0xc5, 0x23, 0xdd, 0xa5, 0xc5, 0x23, 
	0xee, 0x69, 0xee, 0x69, 0xee, 0x69, 0xd5, 0x63, 
	0xd5, 0xa5, 0xee, 0x27, 0xd5, 0xa5, 0xa4, 0x61, 
	0xcd, 0x65, 0xe5, 0xe7, 0xcd, 0x65, 0xcd, 0x65, 
	0xe5, 0xe7, 0xe5, 0xe7, 0xd5, 0xa5, 0xd5, 0xa5, 
	0xcd, 0x63, 0xd5, 0xa5, 0xcd, 0x63, 0xd5, 0xa5, 
	0xcd, 0x63, 0xbd, 0x23, 0xcd, 0x63, 0xbd, 0x23, 
	0xc5, 0x23, 0xd5, 0x63, 0xc5, 0x23, 0xc5, 0x23, 
	0xd5, 0xa5, 0xd5, 0xa5, 0xb4, 0xe1, 0xb4, 0xe1, 
	0xd5, 0xa5, 0xd5, 0xa5, 0xa4, 0x5d, 0xee, 0x29, 
	0xee, 0x27, 0xee, 0x27, 0xee, 0x27, 0xee, 0x27, 
	0xe5, 0xe5, 0xe5, 0xe5, 0xdd, 0xa5, 0xdd, 0xa5, 
	0xbc, 0xe1, 0xbc, 0xe1, 0xbc, 0xe1, 0xbc, 0xe1, 
	0xcd, 0x63, 0xbc, 0xe1, 0xbc, 0xe1, 0xbc, 0xe1, 
	0x73, 0x5b, 0x73, 0x5b, 0x73, 0x5b, 0x73, 0x5b, 
	0x6b, 0x1b, 0x9c, 0x61, 0x6b, 0x1b, 0x31, 0xd5, 
	0x4a, 0x99, 0x4a, 0x99, 0x19, 0x93, 0x19, 0x93, 
	0x63, 0x1b, 0xa4, 0xa1, 0xa4, 0xa1, 0x63, 0x1b, 
	0x62, 0xdb, 0xcd, 0xa5, 0xcd, 0xa5, 0x29, 0x95, 
	0x9c, 0x61, 0x73, 0x5b, 0x73, 0x5b, 0x9c, 0x61, 
	0xac, 0xa1, 0x42, 0x57, 0x11, 0x53, 0x7b, 0x9d, 
	0x83, 0xdf, 0x83, 0xdf, 0x83, 0xdf, 0xee, 0x29, 
	0x4a, 0x97, 0x19, 0x93, 0x19, 0x93, 0x19, 0x93, 
	0x31, 0xd5, 0xac, 0xa1, 0xac, 0xa1, 0x6b, 0x5b, 
	0x94, 0x1f, 0x52, 0xd9, 0x11, 0x51, 0x11, 0x51, 
	0x83, 0xdf, 0x83, 0xdf, 0x83, 0xdf, 0x4a, 0x99, 
	0x19, 0x53, 0x19, 0x53, 0x4a, 0x99, 0x4a, 0x99, 
	0xac, 0xa3, 0x42, 0x59, 0x11, 0x53, 0x11, 0x53, 
	0x19, 0x53, 0x19, 0x53, 0x19, 0x53, 0x19, 0x53, 
	0x11, 0x11, 0x11, 0x11, 0x11, 0x11, 0x11, 0x11, 
	0x11, 0x51, 0x11, 0x51, 0x11, 0x51, 0x11, 0x51, 
	0x19, 0x91, 0x19, 0x91, 0xe6, 0x29, 0xa4, 0xa1, 
	0xee, 0x29, 0xee, 0x29, 0x73, 0x5d, 0xb4, 0xe3, 
	0xb4, 0x9f, 0x83, 0x99, 0x9c, 0x1d, 0x9c, 0x1d, 
	0x19, 0x53, 0x19, 0x53, 0x83, 0xdd, 0xbd, 0x23, 
	0xac, 0xa1, 0x52, 0x99, 0x21, 0xd5, 0x21, 0xd5, 
	0x11, 0x51, 0xac, 0xa1, 0xac, 0xa1, 0x11, 0x51, 
	0x09, 0x0f, 0x42, 0x55, 0xac, 0xa3, 0x09, 0x0f, 
	0x29, 0xd5, 0x73, 0x5b, 0xbc, 0xe3, 0x73, 0x5b, 
	0x00, 0xcd, 0x00, 0xcd, 0x00, 0xcd, 0x00, 0xcd, 
	0x5b, 0x19, 0x5b, 0x19, 0x21, 0xd3, 0x21, 0xd3, 
	0x29, 0xd5, 0x00, 0xcd, 0x29, 0xd5, 0x11, 0x0f, 
	0x21, 0x95, 0x52, 0x99, 0x83, 0xdf, 0x83, 0xdf, 
	0x31, 0xd5, 0x11, 0x51, 0x11, 0x51, 0x11, 0x51, 
	0x9c, 0x1b, 0x9c, 0x1b, 0x6b, 0x19, 0x6b, 0x19, 
	0x00, 0xcf, 0x00, 0xcf, 0x00, 0xcf, 0x00, 0xcf, 
	0x09, 0x11, 0x09, 0x11, 0x29, 0xd5, 0x73, 0x5d, 
	0x4a, 0x57, 0x11, 0x11, 0x4a, 0x57, 0x11, 0x11, 
	0x09, 0x11, 0x09, 0x11, 0x09, 0x11, 0x09, 0x11, 
	0x01, 0x0f, 0x01, 0x0f, 0x01, 0x0f, 0x01, 0x0f, 
	0x3a, 0x57, 0x3a, 0x57, 0x21, 0x93, 0x09, 0x0f, 
	0x00, 0xcf, 0x00, 0xcf, 0x29, 0xd3, 0x52, 0x99, 
	0x19, 0x53, 0x63, 0x1b, 0xa4, 0xa1, 0xa4, 0xa1, 
	0xbc, 0xe3, 0x9c, 0x1f, 0xd5, 0xa5, 0xd5, 0xa5, 
	0xe6, 0x27, 0xd5, 0xa5, 0xd5, 0xa5, 0xd5, 0xa5, 
	0xe5, 0xe7, 0xe5, 0xe7, 0xe5, 0xe7, 0x4a, 0x59, 
	0x94, 0x1f, 0xee, 0x27, 0xc5, 0x23, 0xc5, 0x23, 
	0xbc, 0xe3, 0xd5, 0xa5, 0xd5, 0xa5, 0xee, 0x27, 
	0x94, 0x1f, 0xdd, 0xe7, 0xdd, 0xe7, 0xdd, 0xe7, 
	0xdd, 0xe7, 0xac, 0xa3, 0xdd, 0xe7, 0x52, 0x59, 
	0x62, 0xd9, 0xc5, 0x65, 0xf6, 0xab, 0x94, 0x1f, 
	0xd5, 0xa5, 0xd5, 0xa5, 0xd5, 0xa5, 0xac, 0xa1, 
	0xd5, 0xa5, 0xd5, 0xa5, 0xe6, 0x27, 0xf6, 0xab, 
	0xf6, 0x69, 0xf6, 0x69, 0xc5, 0x65, 0x9c, 0x1f, 
	0xc5, 0x23, 0xdd, 0xa5, 0xdd, 0xa5, 0xdd, 0xa5, 
	0xee, 0x69, 0xdd, 0xa5, 0xe5, 0xe7, 0xdd, 0xa5, 
	0xd5, 0xa5, 0xee, 0x27, 0xee, 0x27, 0xd5, 0xa5, 
	0xbc, 0xe1, 0xcd, 0x65, 0xe5, 0xe7, 0xa4, 0x5f, 
	0xe5, 0xe7, 0xd5, 0xa5, 0xe5, 0xe7, 0xe5, 0xe7, 
	0xd5, 0xa5, 0xd5, 0xa5, 0xd5, 0xa5, 0xbc, 0xe1, 
	0xbd, 0x23, 0xbd, 0x23, 0xdd, 0xe5, 0xdd, 0xe5, 
	0xdd, 0xe5, 0xdd, 0xe5, 0xd5, 0x63, 0xbc, 0xe1, 
	0xcd, 0x63, 0xbd, 0x23, 0xbd, 0x23, 0xbd, 0x23, 
	0xd5, 0xa5, 0xd5, 0xa5, 0xbc, 0xe1, 0xbc, 0xe1, 
	0xd5, 0xa5, 0xee, 0x27, 0xee, 0x27, 0xee, 0x27, 
	0xe5, 0xe5, 0xe5, 0xe5, 0xdd, 0xa5, 0xd5, 0xa5, 
	0xbc, 0xe1, 0xb4, 0xdf, 0xbc, 0xe1, 0xb4, 0xdf, 
	0xcd, 0x63, 0xbc, 0xe1, 0xbc, 0xe1, 0xb4, 0xe1, 
	0x73, 0x5b, 0x73, 0x5b, 0x73, 0x5b, 0x73, 0x5b, 
	0x6b, 0x1b, 0x9c, 0x61, 0xd5, 0xa7, 0x31, 0xd5, 
	0x83, 0x9d, 0xb4, 0xe3, 0xb4, 0xe3, 0x83, 0x9d, 
	0x19, 0x53, 0x19, 0x53, 0x63, 0x1b, 0x63, 0x1b, 
	0xcd, 0xa5, 0xcd, 0xa5, 0xcd, 0xa5, 0x62, 0xdb, 
	0x9c, 0x61, 0x73, 0x5b, 0x73, 0x5b, 0x9c, 0x61, 
	0x7b, 0x9d, 0x11, 0x53, 0x42, 0x57, 0x7b, 0x9d, 
	0xbc, 0xe3, 0x52, 0x99, 0x52, 0x99, 0xee, 0x29, 
	0x4a, 0x97, 0x19, 0x93, 0x19, 0x93, 0x19, 0x93, 
	0x31, 0xd5, 0x6b, 0x5b, 0xe5, 0xe7, 0xac, 0xa1, 
	0x94, 0x1f, 0xd5, 0xa7, 0x52, 0xd9, 0x11, 0x51, 
	0x19, 0x93, 0x19, 0x93, 0x19, 0x93, 0x4a, 0x99, 
	0xa4, 0xa3, 0x4a, 0x99, 0x19, 0x53, 0x19, 0x53, 
	0x42, 0x59, 0x42, 0x59, 0x11, 0x53, 0x7b, 0x9d, 
	0x19, 0x53, 0x63, 0x1b, 0xac, 0xa3, 0xac, 0xa3, 
	0x5a, 0xd9, 0x11, 0x11, 0x11, 0x11, 0x11, 0x11, 
	0x11, 0x51, 0x11, 0x51, 0x11, 0x51, 0x11, 0x51, 
	0x19, 0x91, 0x19, 0x91, 0xa4, 0xa1, 0xa4, 0xa1, 
	0xee, 0x29, 0xee, 0x29, 0x73, 0x5d, 0xee, 0x29, 
	0xcd, 0x63, 0xb4, 0x9f, 0xb4, 0x9f, 0x9c, 0x1d, 
	0x52, 0x99, 0x19, 0x53, 0x19, 0x53, 0x52, 0x99, 
	0x52, 0x99, 0x52, 0x99, 0x21, 0xd5, 0x21, 0xd5, 
	0x11, 0x51, 0x7b, 0x9b, 0x42, 0x97, 0x11, 0x51, 
	0x09, 0x0f, 0x09, 0x0f, 0x42, 0x55, 0x09, 0x0f, 
	0x29, 0xd5, 0x29, 0xd5, 0x73, 0x5b, 0xbc, 0xe3, 
	0x00, 0xcd, 0x00, 0xcd, 0x00, 0xcd, 0x00, 0xcd, 
	0x21, 0xd3, 0x5b, 0x19, 0x21, 0xd3, 0x21, 0xd3, 
	0x11, 0x0f, 0x00, 0xcd, 0x29, 0xd5, 0x00, 0xcd, 
	0x21, 0x95, 0x21, 0x95, 0xb4, 0xe3, 0x52, 0x99, 
	0x31, 0xd5, 0x11, 0x51, 0x31, 0xd5, 0x6b, 0x5d, 
	0x9c, 0x1b, 0x83, 0x9b, 0x52, 0x99, 0x9c, 0x1b, 
	0x5a, 0xdb, 0x00, 0xcf, 0x00, 0xcf, 0x00, 0xcf, 
	0x09, 0x11, 0x29, 0xd5, 0x52, 0x99, 0x73, 0x5d, 
	0x4a, 0x57, 0x11, 0x11, 0x4a, 0x57, 0x11, 0x11, 
	0x09, 0x11, 0x09, 0x11, 0x09, 0x11, 0x09, 0x11, 
	0x21, 0x93, 0x01, 0x0f, 0x01, 0x0f, 0x01, 0x0f, 
	0x3a, 0x57, 0x3a, 0x57, 0x09, 0x0f, 0x09, 0x0f, 
	0x00, 0xcf, 0x29, 0xd3, 0x52, 0x99, 0x52, 0x99, 
	0x63, 0x1b, 0x63, 0x1b, 0x63, 0x1b, 0xa4, 0xa1, 
	0xd5, 0xa5, 0xd5, 0xa5, 0xf6, 0x69, 0xd5, 0xa5, 
	0xe6, 0x27, 0xb4, 0xe1, 0xb4, 0xe1, 0xd5, 0xa5, 
	0xe5, 0xe7, 0xe5, 0xe7, 0xe5, 0xe7, 0x9c, 0x1f, 
	0x6b, 0x1b, 0xee, 0x27, 0xee, 0x27, 0xc5, 0x23, 
	0xbc, 0xe3, 0xd5, 0xa5, 0xee, 0x27, 0xd5, 0xa5, 
	0x94, 0x1f, 0xdd, 0xe7, 0xbc, 0xe3, 0xdd, 0xe7, 
	0xac, 0xa3, 0xac, 0xa3, 0xdd, 0xe7, 0xac, 0xa3, 
	0x94, 0x1f, 0xc5, 0x65, 0xf6, 0xab, 0xf6, 0xab, 
	0xfe, 0xab, 0xd5, 0xa5, 0xfe, 0xab, 0xd5, 0xa5, 
	0xd5, 0xa5, 0xd5, 0xa5, 0xe6, 0x27, 0xe6, 0x27, 
	0xf6, 0x69, 0xf6, 0x69, 0xf6, 0x69, 0xc5, 0x65, 
	0xc5, 0x23, 0xc5, 0x23, 0xdd, 0xa5, 0xc5, 0x23, 
	0xee, 0x69, 0xdd, 0xa5, 0xdd, 0xa5, 0xee, 0x69, 
	0xee, 0x27, 0xd5, 0xa5, 0xd5, 0xa5, 0xee, 0x27, 
	0xbc, 0xe1, 0xbc, 0xe1, 0xe5, 0xe7, 0xa4, 0x5f, 
	0xb4, 0xe1, 0xd5, 0xa5, 0xe5, 0xe7, 0xe5, 0xe7, 
	0xbc, 0xe1, 0xbc, 0xe1, 0xd5, 0xa5, 0xd5, 0xa5, 
	0xac, 0xa1, 0xcd, 0x63, 0xdd, 0xe5, 0xdd, 0xe5, 
	0xdd, 0xe5, 0xdd, 0xe5, 0xd5, 0x63, 0xbc, 0xe1, 
	0xcd, 0x63, 0xbd, 0x23, 0xb4, 0xe1, 0xd5, 0xa5, 
	0xd5, 0xa5, 0xd5, 0xa5, 0xbc, 0xe1, 0xbc, 0xe1, 
	0xcd, 0x63, 0xe5, 0xe5, 0xee, 0x27, 0xee, 0x27, 
	0xe5, 0xe5, 0xe5, 0xe5, 0xd5, 0xa5, 0xd5, 0xa5, 
	0xbd, 0x21, 0xbd, 0x21, 0xbd, 0x21, 0xbd, 0x21, 
	0xbd, 0x21, 0xbd, 0x21, 0xbd, 0x21, 0xbd, 0x21, 
	0xa4, 0x5f, 0x7b, 0x9d, 0x7b, 0x9d, 0x4a, 0x99, 
	0x52, 0x99, 0x52, 0x99, 0x83, 0xdf, 0xb4, 0xe3, 
	0xdd, 0xe7, 0xa4, 0xa1, 0xa4, 0xa1, 0xa4, 0xa1, 
	0xdd, 0xe5, 0xdd, 0xe5, 0xa4, 0xa1, 0x31, 0xd7, 
	0x3a, 0x17, 0x6b, 0x5b, 0x6b, 0x5b, 0x6b, 0x5b, 
	0x6b, 0x5b, 0xac, 0xa1, 0xac, 0xa1, 0xac, 0xa1, 
	0x9c, 0x61, 0x52, 0x99, 0x29, 0xd5, 0x29, 0xd5, 
	0xdd, 0xe7, 0x29, 0xd5, 0x63, 0x1b, 0xa4, 0xa1, 
	0x29, 0xd5, 0x29, 0xd5, 0x29, 0xd5, 0xa4, 0xa1, 
	0x31, 0xd5, 0x31, 0xd5, 0x31, 0xd5, 0xb4, 0xe3, 
	0xdd, 0xe7, 0xdd, 0xe7, 0x73, 0x5d, 0x73, 0x5d, 
	0x29, 0xd5, 0x29, 0xd5, 0x6b, 0x5b, 0x29, 0xd5, 
	0xd5, 0xa5, 0x9c, 0x5f, 0x9c, 0x5f, 0x5a, 0xdb, 
	0x94, 0x1f, 0x94, 0x1f, 0x94, 0x1f, 0xbd, 0x23, 
	0x11, 0x51, 0x42, 0x57, 0x42, 0x57, 0xac, 0xe3, 
	0x9c, 0x61, 0x9c, 0x61, 0x19, 0x51, 0x19, 0x51, 
	0x19, 0x51, 0x19, 0x51, 0x19, 0x51, 0x19, 0x51, 
	0x11, 0x53, 0x11, 0x53, 0x11, 0x53, 0x11, 0x53, 
	0x32, 0x15, 0x63, 0x1b, 0x09, 0x11, 0x63, 0x1b, 
	0x73, 0x5b, 0x73, 0x5b, 0xa4, 0x61, 0xa4, 0x61, 
	0x52, 0xd9, 0x21, 0x91, 0x08, 0xcd, 0x08, 0xcd, 
	0x00, 0xcd, 0x21, 0x93, 0x21, 0x93, 0x6b, 0x5d, 
	0x31, 0xd3, 0x08, 0xcd, 0x08, 0xcd, 0x08, 0xcd, 
	0x09, 0x0f, 0x09, 0x0f, 0x29, 0xd5, 0x09, 0x0f, 
	0x08, 0xcd, 0x08, 0xcd, 0x6b, 0x5d, 0x4a, 0x97, 
	0x00, 0xcd, 0x00, 0xcd, 0x00, 0xcd, 0x00, 0xcd, 
	0x11, 0x53, 0x7b, 0x9d, 0xac, 0xe3, 0x11, 0x53, 
	0x08, 0xcf, 0x08, 0xcf, 0x08, 0xcf, 0x08, 0xcf, 
	0x32, 0x15, 0x32, 0x15, 0x32, 0x15, 0x01, 0x0f, 
	0x11, 0x51, 0x00, 0xcd, 0x11, 0x51, 0x32, 0x17, 
	0x6b, 0x1b, 0x6b, 0x1b, 0x29, 0xd5, 0x6b, 0x1b, 
	0x4a, 0x99, 0x00, 0xcf, 0x00, 0xcf, 0x00, 0xcf, 
	0x29, 0xd5, 0x09, 0x11, 0x09, 0x11, 0x6b, 0x5b, 
	0x19, 0x51, 0x19, 0x51, 0x19, 0x51, 0x19, 0x51, 
	0x09, 0x0f, 0x09, 0x0f, 0x32, 0x15, 0x4a, 0x99, 
	0x63, 0x1b, 0x42, 0x57, 0x09, 0x0f, 0x09, 0x0f, 
	0x01, 0x0f, 0x01, 0x0f, 0x01, 0x0f, 0x01, 0x0f, 
	0x01, 0x0f, 0x21, 0x93, 0x63, 0x1b, 0x42, 0x57, 
	0x21, 0x93, 0x63, 0x19, 0xdd, 0xe7, 0xdd, 0xe7, 
	0xbc, 0xe3, 0x9c, 0x1f, 0xd5, 0xa5, 0xd5, 0xa5, 
	0xf6, 0x6b, 0xf6, 0x6b, 0xc5, 0x23, 0xd5, 0xa5, 
	0xee, 0x29, 0xdd, 0xe5, 0xdd, 0xe5, 0xdd, 0xe5, 
	0xc5, 0x63, 0xc5, 0x63, 0xc5, 0x63, 0xc5, 0x63, 
	0xcd, 0x65, 0xe6, 0x27, 0xcd, 0x65, 0xb4, 0xe1, 
	0xac, 0xa1, 0x8b, 0xdd, 0xac, 0xa1, 0xac, 0xa1, 
	0xe5, 0xe7, 0xd5, 0xa5, 0xee, 0x29, 0xfe, 0xab, 
	0xdd, 0xe7, 0xf6, 0x69, 0xd5, 0xa5, 0xee, 0x27, 
	0xfe, 0xab, 0xfe, 0xab, 0xee, 0x69, 0xee, 0x69, 
	0xdd, 0xe7, 0xbc, 0xe1, 0xdd, 0xe7, 0xdd, 0xe7, 
	0xd5, 0xa5, 0xe6, 0x29, 0xf6, 0xab, 0xf6, 0xab, 
	0xd5, 0xa5, 0xbc, 0xe1, 0xe6, 0x69, 0xd5, 0xa5, 
	0xb4, 0xa1, 0xcd, 0x63, 0xe5, 0xe7, 0xe5, 0xe7, 
	0xe6, 0x29, 0xd5, 0xa5, 0xd5, 0xa5, 0xe6, 0x29, 
	0xcd, 0x23, 0xbc, 0xe1, 0xe5, 0xe7, 0xd5, 0xa5, 
	0xa4, 0x5f, 0xb4, 0xa1, 0xd5, 0xa5, 0xd5, 0xa5, 
	0xc5, 0x23, 0x93, 0xdd, 0xc5, 0x23, 0xdd, 0xe5, 
	0xcd, 0x63, 0xd5, 0xa5, 0xcd, 0x63, 0xd5, 0xa5, 
	0xcd, 0x63, 0xc5, 0x23, 0xcd, 0x63, 0xcd, 0x63, 
	0xcd, 0x63, 0xcd, 0x63, 0xd5, 0xa5, 0xcd, 0x63, 
	0xcd, 0x63, 0xcd, 0x63, 0xcd, 0x63, 0xcd, 0x63, 
	0xcd, 0x23, 0xd5, 0xa3, 0xe5, 0xe5, 0xe5, 0xe5, 
	0xd5, 0xa5, 0xd5, 0xa5, 0xcd, 0x63, 0xd5, 0xa5, 
	0xbd, 0x21, 0xb4, 0xdf, 0xbd, 0x21, 0xb4, 0xdf, 
	0xbd, 0x21, 0xb4, 0xdf, 0xbd, 0x21, 0xb4, 0xdf, 
	0xa4, 0x5f, 0xa4, 0x5f, 0x7b, 0x9d, 0x4a, 0x99, 
	0x52, 0x99, 0x52, 0x99, 0x83, 0xdf, 0xe6, 0x29, 
	0xdd, 0xe7, 0xa4, 0xa1, 0x31, 0xd5, 0x31, 0xd5, 
	0xa4, 0xa1, 0xa4, 0xa1, 0x6b, 0x1b, 0x6b, 0x1b, 
	0xa4, 0x61, 0x6b, 0x5b, 0x6b, 0x5b, 0x3a, 0x17, 
	0x32, 0x15, 0x6b, 0x5b, 0x32, 0x15, 0x32, 0x15, 
	0x52, 0x99, 0x52, 0x99, 0x73, 0x9d, 0x73, 0x9d, 
	0xdd, 0xe7, 0xa4, 0xa1, 0xdd, 0xe7, 0xdd, 0xe7, 
	0x29, 0xd5, 0x6b, 0x1b, 0x29, 0xd5, 0xa4, 0xa1, 
	0x31, 0xd5, 0x31, 0xd5, 0xb4, 0xe3, 0xb4, 0xe3, 
	0x73, 0x5d, 0xdd, 0xe7, 0x73, 0x5d, 0x42, 0x17, 
	0x6b, 0x5b, 0x29, 0xd5, 0x29, 0xd5, 0x29, 0xd5, 
	0x9c, 0x5f, 0xd5, 0xa5, 0xd5, 0xa5, 0x9c, 0x5f, 
	0xbd, 0x23, 0x3a, 0x17, 0x3a, 0x17, 0x3a, 0x17, 
	0x11, 0x51, 0x11, 0x51, 0x11, 0x51, 0x42, 0x57, 
	0x19, 0x51, 0x42, 0x57, 0x19, 0x51, 0x19, 0x51, 
	0x19, 0x51, 0x19, 0x51, 0x19, 0x51, 0x73, 0x5d, 
	0xa4, 0xa3, 0x42, 0x59, 0x42, 0x59, 0x42, 0x59, 
	0x09, 0x11, 0x09, 0x11, 0x09, 0x11, 0x09, 0x11, 
	0x11, 0x51, 0x11, 0x51, 0xa4, 0x61, 0x42, 0x57, 
	0x08, 0xcd, 0x08, 0xcd, 0x08, 0xcd, 0x08, 0xcd, 
	0x00, 0xcd, 0x00, 0xcd, 0x4a, 0x57, 0x6b, 0x5d, 
	0x83, 0xe1, 0x08, 0xcd, 0x08, 0xcd, 0x08, 0xcd, 
	0x42, 0x99, 0x42, 0x99, 0x29, 0xd5, 0x09, 0x0f, 
	0x08, 0xcd, 0x29, 0xd3, 0x6b, 0x5d, 0x4a, 0x97, 
	0x09, 0x0f, 0x00, 0xcd, 0x00, 0xcd, 0x00, 0xcd, 
	0x11, 0x53, 0x11, 0x53, 0x42, 0x99, 0x11, 0x53, 
	0x08, 0xcf, 0x08, 0xcf, 0x08, 0xcf, 0x08, 0xcf, 
	0x32, 0x15, 0x32, 0x15, 0x01, 0x0f, 0x01, 0x0f, 
	0x00, 0xcd, 0x00, 0xcd, 0x11, 0x51, 0x11, 0x51, 
	0x29, 0xd5, 0x4a, 0x97, 0x4a, 0x97, 0x6b, 0x1b, 
	0x6b, 0x5d, 0x21, 0x93, 0x00, 0xcf, 0x00, 0xcf, 
	0x09, 0x11, 0x29, 0xd5, 0x09, 0x11, 0x6b, 0x5b, 
	0x94, 0x21, 0x19, 0x51, 0x19, 0x51, 0x19, 0x51, 
	0x32, 0x15, 0x21, 0x93, 0x09, 0x0f, 0x09, 0x0f, 
	0x29, 0x93, 0x29, 0x93, 0x09, 0x0f, 0x09, 0x0f, 
	0x01, 0x0f, 0x01, 0x0f, 0x01, 0x0f, 0x21, 0x93, 
	0x01, 0x0f, 0x21, 0x93, 0x21, 0x93, 0x21, 0x93, 
	0x21, 0x93, 0x21, 0x93, 0xdd, 0xe7, 0xdd, 0xe7, 
	0xd5, 0xa5, 0xd5, 0xa5, 0xf6, 0x69, 0xf6, 0x69, 
	0xc5, 0x23, 0xe5, 0xe9, 0xd5, 0xa5, 0xc5, 0x23, 
	0xee, 0x29, 0xdd, 0xe5, 0xdd, 0xe5, 0xdd, 0xe5, 
	0xe6, 0x27, 0xc5, 0x63, 0x8b, 0x9d, 0xac, 0x61, 
	0xcd, 0x65, 0xe6, 0x27, 0xcd, 0x65, 0xb4, 0xe1, 
	0xcd, 0x63, 0xac, 0xa1, 0xcd, 0x63, 0xcd, 0x63, 
	0xd5, 0xa5, 0xee, 0x29, 0xee, 0x29, 0xe5, 0xe7, 
	0xf6, 0x69, 0xf6, 0x69, 0xee, 0x27, 0xd5, 0xa5, 
	0xfe, 0xab, 0xfe, 0xab, 0xee, 0x69, 0xe5, 0xe7, 
	0xd5, 0x65, 0xd5, 0x65, 0xbc, 0xe1, 0xd5, 0x65, 
	0xc5, 0x23, 0xd5, 0xa5, 0xe6, 0x29, 0xd5, 0xa5, 
	0xe6, 0x69, 0xd5, 0xa5, 0xd5, 0xa5, 0xe6, 0x69, 
	0xb4, 0xa1, 0xb4, 0xa1, 0xe5, 0xe7, 0xb4, 0xa1, 
	0xd5, 0xa5, 0xe6, 0x29, 0xe6, 0x29, 0xd5, 0xa5, 
	0xcd, 0x23, 0xbc, 0xe1, 0xbc, 0xe1, 0xd5, 0xa5, 
	0xc5, 0x23, 0xc5, 0x23, 0xb4, 0xa1, 0xd5, 0xa5, 
	0xdd, 0xe5, 0xc5, 0x23, 0xc5, 0x23, 0xdd, 0xe5, 
	0xdd, 0xe5, 0xcd, 0x63, 0xcd, 0x63, 0xcd, 0x63, 
	0xcd, 0x63, 0xc5, 0x23, 0xcd, 0x63, 0xd5, 0xa5, 
	0xcd, 0x63, 0xd5, 0xa5, 0xe5, 0xe7, 0xe5, 0xe7, 
	0xcd, 0x63, 0xd5, 0xa5, 0xcd, 0x63, 0xd5, 0xa5, 
	0xcd, 0x23, 0xcd, 0x23, 0xe5, 0xe5, 0xe5, 0xe5, 
	0xd5, 0xa5, 0xd5, 0xa5, 0xcd, 0x63, 0xc5, 0x23, 
	0xb4, 0xdf, 0xac, 0x9f, 0xbd, 0x21, 0xbd, 0x21, 
	0xbd, 0x21, 0xbd, 0x21, 0xb4, 0xdf, 0xac, 0x9f, 
	0xd5, 0x63, 0xa4, 0x5f, 0x7b, 0x9d, 0x4a, 0x99, 
	0x52, 0x99, 0x52, 0x99, 0x52, 0x99, 0x83, 0xdf, 
	0xdd, 0xe7, 0xdd, 0xe7, 0x6b, 0x1b, 0x6b, 0x1b, 
	0x31, 0xd7, 0x31, 0xd7, 0x31, 0xd7, 0x6b, 0x1b, 
	0x6b, 0x5b, 0xa4, 0x61, 0xd5, 0x65, 0xa4, 0x61, 
	0x6b, 0x5b, 0xac, 0xa1, 0xac, 0xa1, 0x6b, 0x5b, 
	0x52, 0x99, 0x29, 0xd5, 0x29, 0xd5, 0x29, 0xd5, 
	0x63, 0x1b, 0x29, 0xd5, 0xdd, 0xe7, 0xdd, 0xe7, 
	0xa4, 0xa1, 0x6b, 0x1b, 0xa4, 0xa1, 0xe5, 0xe7, 
	0x73, 0x5b, 0x73, 0x5b, 0xf6, 0x69, 0xf6, 0x69, 
	0x73, 0x5d, 0x73, 0x5d, 0xdd, 0xe7, 0x42, 0x17, 
	0x29, 0xd5, 0x6b, 0x5b, 0x6b, 0x5b, 0xac, 0xa3, 
	0x5a, 0xdb, 0x21, 0x95, 0x21, 0x95, 0x5a, 0xdb, 
	0xbd, 0x23, 0x94, 0x1f, 0xbd, 0x23, 0x63, 0x1b, 
	0x11, 0x51, 0x42, 0x57, 0x11, 0x51, 0x11, 0x51, 
	0x42, 0x57, 0x19, 0x51, 0x19, 0x51, 0x19, 0x51, 
	0x19, 0x51, 0x19, 0x51, 0x19, 0x51, 0x19, 0x51, 
	0xa4, 0xa3, 0xa4, 0xa3, 0xa4, 0xa3, 0xa4, 0xa3, 
	0x8b, 0xdf, 0x32, 0x15, 0x63, 0x1b, 0x63, 0x1b, 
	0x11, 0x51, 0x11, 0x51, 0x11, 0x51, 0x11, 0x51, 
	0x08, 0xcd, 0x08, 0xcd, 0x08, 0xcd, 0x08, 0xcd, 
	0x21, 0x93, 0x21, 0x93, 0x4a, 0x57, 0x21, 0x93, 
	0x5a, 0xdb, 0x31, 0xd3, 0x08, 0xcd, 0x08, 0xcd, 
	0x09, 0x0f, 0x29, 0xd5, 0x29, 0xd5, 0x09, 0x0f, 
	0x08, 0xcd, 0x08, 0xcd, 0x29, 0xd3, 0x6b, 0x5d, 
	0x09, 0x0f, 0x09, 0x0f, 0x09, 0x0f, 0x09, 0x0f, 
	0x7b, 0x9d, 0x7b, 0x9d, 0x7b, 0x9d, 0x11, 0x53, 
	0x29, 0xd3, 0x08, 0xcf, 0x08, 0xcf, 0x29, 0xd3, 
	0x5a, 0xd9, 0x8b, 0xdf, 0x5a, 0xd9, 0x01, 0x0f, 
	0x00, 0xcd, 0x11, 0x51, 0x00, 0xcd, 0x00, 0xcd, 
	0x09, 0x11, 0x29, 0xd5, 0x09, 0x11, 0x4a, 0x97, 
	0x4a, 0x99, 0x4a, 0x99, 0x21, 0x93, 0x00, 0xcf, 
	0x09, 0x11, 0x4a, 0x97, 0x29, 0xd5, 0x29, 0xd5, 
	0x6b, 0x5b, 0x42, 0x57, 0x19, 0x51, 0x6b, 0x5b, 
	0x09, 0x0f, 0x09, 0x0f, 0x09, 0x0f, 0x09, 0x0f, 
	0x09, 0x0f, 0x09, 0x0f, 0x09, 0x0f, 0x09, 0x0f, 
	0x5a, 0xdb, 0x5a, 0xdb, 0x3a, 0x57, 0x21, 0x93, 
	0x01, 0x0f, 0x21, 0x93, 0x63, 0x1b, 0x42, 0x57, 
	0x21, 0x93, 0x21, 0x93, 0x9c, 0x61, 0xdd, 0xe7, 
	0xd5, 0xa5, 0xd5, 0xa5, 0xf6, 0x69, 0xd5, 0xa5, 
	0xd5, 0xa5, 0xe5, 0xe9, 0xf6, 0x6b, 0xf6, 0x6b, 
	0xe5, 0xe7, 0xee, 0x29, 0xee, 0x29, 0xee, 0x29, 
	0xc5, 0x63, 0xc5, 0x63, 0xac, 0x61, 0xac, 0x61, 
	0x9c, 0x1f, 0xcd, 0x65, 0xcd, 0x65, 0xe6, 0x27, 
	0xcd, 0x63, 0xcd, 0x63, 0xee, 0x27, 0xee, 0x27, 
	0xee, 0x29, 0xe5, 0xe7, 0xee, 0x29, 0xd5, 0xa5, 
	0xf6, 0x69, 0xf6, 0x69, 0xdd, 0xe7, 0xd5, 0xa5, 
	0xee, 0x69, 0xfe, 0xab, 0xe5, 0xe7, 0xd5, 0xa5, 
	0xdd, 0xe7, 0xdd, 0xe7, 0xc5, 0x23, 0xd5, 0x65, 
	0xd5, 0xa5, 0xd5, 0xa5, 0xd5, 0xa5, 0xd5, 0xa5, 
	0xe6, 0x69, 0xd5, 0xa5, 0xe6, 0x69, 0xff, 0x2d, 
	0xcd, 0x63, 0x9c, 0x1d, 0xcd, 0x63, 0xe5, 0xe7, 
	0xcd, 0x63, 0xd5, 0xa5, 0xdd, 0xe7, 0xd5, 0xa5, 
	0xd5, 0xa5, 0xcd, 0x23, 0xbc, 0xe1, 0xd5, 0xa5, 
	0xc5, 0x23, 0xc5, 0x23, 0xc5, 0x23, 0xd5, 0xa5, 
	0xdd, 0xe5, 0xdd, 0xe5, 0xc5, 0x23, 0xc5, 0x23, 
	0xe6, 0x27, 0xe6, 0x27, 0xcd, 0x63, 0xcd, 0x63, 
	0xdd, 0xe5, 0xd5, 0xa5, 0xdd, 0xe5, 0xdd, 0xe5, 
	0xcd, 0x63, 0xd5, 0xa5, 0xcd, 0x63, 0xbd, 0x21, 
	0xcd, 0x63, 0xbd, 0x21, 0xcd, 0x63, 0xbd, 0x21, 
	0xe5, 0xe5, 0xbc, 0xe1, 0xbc, 0xe1, 0xd5, 0xa3, 
	0xcd, 0x63, 0xd5, 0xa5, 0xcd, 0x63, 0xbd, 0x21, 
	0xac, 0x9f, 0xa4, 0x5d, 0xbd, 0x21, 0xb4, 0xdf, 
	0xbd, 0x21, 0xb4, 0xdf, 0xac, 0x9f, 0xa4, 0x5d, 
	0xa4, 0x5f, 0x7b, 0x9d, 0x7b, 0x9d, 0x4a, 0x99, 
	0x52, 0x99, 0x83, 0xdf, 0x52, 0x99, 0x52, 0x99, 
	0x6b, 0x1b, 0xdd, 0xe7, 0x6b, 0x1b, 0x6b, 0x1b, 
	0x31, 0xd7, 0x6b, 0x1b, 0x6b, 0x1b, 0x6b, 0x1b, 
	0x3a, 0x17, 0x6b, 0x5b, 0xd5, 0x65, 0xd5, 0x65, 
	0x32, 0x15, 0x6b, 0x5b, 0xe5, 0xe7, 0xac, 0xa1, 
	0x52, 0x99, 0x29, 0xd5, 0x73, 0x9d, 0x73, 0x9d, 
	0x63, 0x1b, 0x29, 0xd5, 0x63, 0x1b, 0xdd, 0xe7, 
	0xe5, 0xe7, 0xa4, 0xa1, 0x6b, 0x1b, 0xe5, 0xe7, 
	0x73, 0x5b, 0x31, 0xd5, 0xf6, 0x69, 0xf6, 0x69, 
	0xac, 0xa1, 0x42, 0x17, 0xdd, 0xe7, 0xac, 0xa1, 
	0x6b, 0x5b, 0xac, 0xa3, 0x6b, 0x5b, 0xee, 0x29, 
	0xd5, 0xa5, 0x21, 0x95, 0x21, 0x95, 0x21, 0x95, 
	0x63, 0x1b, 0x63, 0x1b, 0x63, 0x1b, 0x94, 0x1f, 
	0x11, 0x51, 0x42, 0x57, 0x11, 0x51, 0x7b, 0x9d, 
	0x73, 0x5b, 0x73, 0x5b, 0x9c, 0x61, 0x19, 0x51, 
	0x19, 0x51, 0x19, 0x51, 0x19, 0x51, 0x19, 0x51, 
	0x42, 0x59, 0x42, 0x59, 0x11, 0x53, 0x42, 0x59, 
	0x8b, 0xdf, 0x63, 0x1b, 0x63, 0x1b, 0x8b, 0xdf, 
	0xa4, 0x61, 0x11, 0x51, 0x11, 0x51, 0x11, 0x51, 
	0x08, 0xcd, 0x08, 0xcd, 0x08, 0xcd, 0x08, 0xcd, 
	0x21, 0x93, 0x6b, 0x5d, 0x6b, 0x5d, 0x6b, 0x5d, 
	0x31, 0xd3, 0x31, 0xd3, 0x08, 0xcd, 0x08, 0xcd, 
	0x09, 0x0f, 0x09, 0x0f, 0x09, 0x0f, 0x09, 0x0f, 
	0x08, 0xcd, 0x08, 0xcd, 0x4a, 0x97, 0x6b, 0x5d, 
	0x21, 0x91, 0x21, 0x91, 0x09, 0x0f, 0x09, 0x0f, 
	0x11, 0x53, 0x11, 0x53, 0xac, 0xe3, 0x42, 0x99, 
	0x08, 0xcf, 0x29, 0xd3, 0x29, 0xd3, 0x6b, 0x5d, 
	0x32, 0x15, 0x8b, 0xdf, 0x5a, 0xd9, 0x5a, 0xd9, 
	0x00, 0xcd, 0x00, 0xcd, 0x11, 0x51, 0x32, 0x17, 
	0x29, 0xd5, 0x4a, 0x97, 0x09, 0x11, 0x09, 0x11, 
	0x21, 0x93, 0x21, 0x93, 0x4a, 0x99, 0x4a, 0x99, 
	0x09, 0x11, 0x09, 0x11, 0x29, 0xd5, 0x29, 0xd5, 
	0x19, 0x51, 0x19, 0x51, 0x42, 0x57, 0x6b, 0x5b, 
	0x21, 0x93, 0x21, 0x93, 0x09, 0x0f, 0x21, 0x93, 
	0x09, 0x0f, 0x09, 0x0f, 0x09, 0x0f, 0x09, 0x0f, 
	0x3a, 0x57, 0x5a, 0xdb, 0x5a, 0xdb, 0x3a, 0x57, 
	0x21, 0x93, 0x63, 0x1b, 0x63, 0x1b, 0x21, 0x93, 
	0x21, 0x93, 0x21, 0x93, 0x9c, 0x61, 0xdd, 0xe7, 
	0xbc, 0xe3, 0xd5, 0xa5, 0xd5, 0xa5, 0xd5, 0xa5, 
	0xe5, 0xe9, 0xd5, 0xa5, 0xe5, 0xe9, 0xd5, 0xa5, 
	0xdd, 0xe5, 0xe5, 0xe7, 0xf6, 0x6b, 0xdd, 0xe5, 
	0xe6, 0x27, 0xe6, 0x27, 0xc5, 0x63, 0xc5, 0x63, 
	0x9c, 0x1f, 0xb4, 0xe1, 0xcd, 0x65, 0xe6, 0x27, 
	0xcd, 0x63, 0xcd, 0x63, 0xcd, 0x63, 0xee, 0x27, 
	0xfe, 0xab, 0xee, 0x29, 0xfe, 0xab, 0xee, 0x29, 
	0xdd, 0xe7, 0xf6, 0x69, 0xd5, 0xa5, 0xd5, 0xa5, 
	0xe5, 0xe7, 0xee, 0x69, 0xd5, 0xa5, 0xd5, 0xa5, 
	0xbc, 0xe1, 0xd5, 0x65, 0xdd, 0xe7, 0xc5, 0x23, 
	0xd5, 0xa5, 0xc5, 0x23, 0xf6, 0xab, 0xd5, 0xa5, 
	0xe6, 0x69, 0xbc, 0xe1, 0xd5, 0xa5, 0xff, 0x2d, 
	0xe5, 0xe7, 0xcd, 0x63, 0xcd, 0x63, 0xe5, 0xe7, 
	0xdd, 0xe7, 0xcd, 0x63, 0xd5, 0xa5, 0xd5, 0xa5, 
	0xe5, 0xe7, 0xe5, 0xe7, 0xbc, 0xe1, 0xbc, 0xe1, 
	0xb4, 0xa1, 0xd5, 0xa5, 0xd5, 0xa5, 0xc5, 0x23, 
	0xc5, 0x23, 0xdd, 0xe5, 0xc5, 0x23, 0xac, 0x9f, 
	0xd5, 0xa5, 0xe6, 0x27, 0xcd, 0x63, 0xd5, 0xa5, 
	0xd5, 0xa5, 0xc5, 0x23, 0xdd, 0xe5, 0xdd, 0xe5, 
	0xcd, 0x63, 0xcd, 0x63, 0xcd, 0x63, 0xbd, 0x21, 
	0xcd, 0x63, 0xbd, 0x21, 0xcd, 0x63, 0xbd, 0x21, 
	0xd5, 0xa3, 0xd5, 0xa3, 0xbc, 0xe1, 0xbc, 0xe1, 
	0xcd, 0x63, 0xc5, 0x23, 0xcd, 0x63, 0xbd, 0x21, 
	0xb4, 0x9f, 0xb4, 0x9f, 0xbd, 0x21, 0xbd, 0x21, 
	0xac, 0x9f, 0xac, 0x9f, 0x9c, 0x1d, 0x83, 0x9d, 
	0xac, 0x9f, 0x8b, 0xdd, 0xac, 0x9f, 0xac, 0x9f, 
	0x52, 0x97, 0x52, 0x97, 0x52, 0x97, 0x19, 0x51, 
	0x42, 0x57, 0x8b, 0xdd, 0x63, 0x1b, 0xac, 0xa1, 
	0x73, 0x5b, 0x73, 0x5b, 0x73, 0x5b, 0x9c, 0x1f, 
	0x83, 0xdd, 0x52, 0x99, 0xbc, 0xe3, 0xbc, 0xe3, 
	0x62, 0xdb, 0x62, 0xdb, 0xbd, 0x23, 0xbd, 0x23, 
	0x11, 0x53, 0x11, 0x53, 0x42, 0x57, 0x6b, 0x5d, 
	0x29, 0xd3, 0xa4, 0x61, 0xdd, 0xe7, 0xa4, 0x61, 
	0x9c, 0x1d, 0x9c, 0x1d, 0x19, 0x93, 0x19, 0x93, 
	0x5a, 0xdb, 0x5a, 0xdb, 0xd5, 0x65, 0xd5, 0x65, 
	0xd5, 0xa7, 0x4a, 0x57, 0x7b, 0x9d, 0xa4, 0xa1, 
	0xa4, 0xa1, 0xa4, 0xa1, 0x6b, 0x5b, 0xa4, 0xa1, 
	0xd5, 0xa7, 0x52, 0xd9, 0x11, 0x53, 0x11, 0x53, 
	0x09, 0x11, 0x21, 0x93, 0x21, 0x93, 0x52, 0x99, 
	0x32, 0x15, 0x32, 0x15, 0x09, 0x53, 0x32, 0x15, 
	0x32, 0x15, 0x6b, 0x5b, 0x6b, 0x5b, 0x32, 0x15, 
	0x19, 0x51, 0x52, 0x97, 0x29, 0xd3, 0x19, 0x51, 
	0x11, 0x51, 0x11, 0x51, 0x31, 0xd5, 0x6b, 0x1b, 
	0x21, 0x91, 0x21, 0x91, 0x09, 0x0f, 0x09, 0x0f, 
	0x21, 0x91, 0x21, 0x91, 0x09, 0x0f, 0x09, 0x0f, 
	0x11, 0x0f, 0x11, 0x0f, 0x11, 0x0f, 0x08, 0xcd, 
	0x09, 0x0f, 0x09, 0x0f, 0x09, 0x0f, 0x83, 0x9f, 
	0x09, 0x0f, 0x09, 0x0f, 0x09, 0x0f, 0x09, 0x0f, 
	0x08, 0xcd, 0x08, 0xcd, 0x08, 0xcd, 0x08, 0xcd, 
	0x09, 0x0f, 0x09, 0x0f, 0x52, 0xd9, 0x52, 0xd9, 
	0x21, 0xd3, 0x29, 0xd5, 0x19, 0x91, 0x21, 0x93, 
	0x11, 0x51, 0x11, 0x51, 0x6b, 0x1b, 0x6b, 0x1b, 
	0x09, 0x11, 0x09, 0x11, 0x09, 0x11, 0x09, 0x11, 
	0x3a, 0x55, 0x09, 0x0f, 0x73, 0x5b, 0xa4, 0x61, 
	0x21, 0x93, 0x52, 0xd9, 0x3a, 0x57, 0x21, 0x93, 
	0x42, 0x57, 0x21, 0x93, 0x09, 0x11, 0x09, 0x11, 
	0x63, 0x1b, 0x21, 0x93, 0x63, 0x1b, 0x63, 0x1b, 
	0x00, 0xcd, 0x00, 0xcd, 0x00, 0xcd, 0x00, 0xcd, 
	0x09, 0x0f, 0x09, 0x0f, 0x09, 0x0f, 0x09, 0x0f, 
	0x11, 0x51, 0x11, 0x51, 0x11, 0x51, 0x11, 0x51, 
	0x09, 0x11, 0x09, 0x11, 0x42, 0x57, 0x21, 0x93, 
	0x19, 0x93, 0x19, 0x93, 0x09, 0x0f, 0x32, 0x15, 
	0x19, 0x51, 0x5a, 0xd9, 0x7b, 0x9d, 0x3a, 0x15, 
	0x42, 0x57, 0x73, 0x5b, 0x9c, 0x5f, 0x9c, 0x5f, 
	0xbd, 0x23, 0xd5, 0xa5, 0xd5, 0xa5, 0xa4, 0x5f, 
	0xd5, 0x63, 0xc5, 0x21, 0xdd, 0xe7, 0xdd, 0xe7, 
	0xd5, 0xa5, 0xd5, 0xa5, 0xb4, 0xe1, 0xd5, 0xa5, 
	0xd5, 0xa5, 0xf6, 0xab, 0xdd, 0xe7, 0xee, 0x29, 
	0xee, 0x69, 0xdd, 0xa7, 0xee, 0x69, 0xdd, 0xa7, 
	0xcd, 0x65, 0xe6, 0x27, 0xcd, 0x65, 0xcd, 0x65, 
	0xd5, 0xa5, 0xd5, 0xa5, 0xd5, 0xa5, 0xd5, 0xa5, 
	0xdd, 0xe5, 0xd5, 0xa5, 0xdd, 0xe5, 0xd5, 0xa5, 
	0xd5, 0xa5, 0xd5, 0xa5, 0xd5, 0xa5, 0xee, 0x27, 
	0xdd, 0xe5, 0xdd, 0xe5, 0xdd, 0xe5, 0xdd, 0xe5, 
	0xd5, 0xa5, 0xbc, 0xe1, 0xd5, 0xa5, 0xe6, 0x27, 
	0xdd, 0xa5, 0xdd, 0xa5, 0xc5, 0x21, 0xdd, 0xa5, 
	0xd5, 0xa5, 0xd5, 0xa5, 0xd5, 0xa5, 0xc5, 0x23, 
	0xb4, 0xe1, 0xee, 0x27, 0xdd, 0xa5, 0xdd, 0xa5, 
	0xdd, 0xe5, 0xd5, 0x65, 0xdd, 0xe5, 0xbc, 0xe3, 
	0xbc, 0xe1, 0xd5, 0xa3, 0xd5, 0xa3, 0xbc, 0xe1, 
	0xc5, 0x23, 0xdd, 0xa5, 0xdd, 0xa5, 0xcd, 0x65, 
	0xdd, 0xe5, 0xdd, 0xe5, 0xd5, 0x65, 0xbc, 0xe3, 
	0xd5, 0xa5, 0xcd, 0x23, 0xbc, 0xe1, 0xd5, 0xa5, 
	0xbc, 0xe3, 0xbc, 0xe3, 0xdd, 0xe5, 0xbc, 0xe3, 
	0xbd, 0x23, 0xbd, 0x23, 0xcd, 0x63, 0xcd, 0x63, 
	0xcd, 0x63, 0xd5, 0xa5, 0xbc, 0xe1, 0xbc, 0xe1, 
	0xbd, 0x21, 0xbd, 0x21, 0xbd, 0x21, 0xbd, 0x21, 
	0xac, 0x5d, 0xac, 0x5d, 0xbd, 0x21, 0xb4, 0x9f, 
	0xac, 0x9f, 0xac, 0x9f, 0x9c, 0x1d, 0x83, 0x9d, 
	0x6b, 0x19, 0x6b, 0x19, 0xac, 0x9f, 0xac, 0x9f, 
	0x52, 0x97, 0x6b, 0x5b, 0x52, 0x97, 0x52, 0x97, 
	0x42, 0x57, 0x42, 0x57, 0x42, 0x57, 0x8b, 0xdd, 
	0x42, 0x57, 0x9c, 0x1f, 0x42, 0x57, 0x73, 0x5b, 
	0x83, 0xdd, 0x19, 0x93, 0x52, 0x99, 0x83, 0xdd, 
	0x62, 0xdb, 0x8c, 0x1f, 0xbd, 0x23, 0xbd, 0x23, 
	0x9c, 0x61, 0x42, 0x57, 0x9c, 0x61, 0x6b, 0x5d, 
	0x29, 0xd3, 0x63, 0x19, 0xa4, 0x61, 0x63, 0x19, 
	0x9c, 0x1d, 0x73, 0x19, 0x19, 0x93, 0x73, 0x19, 
	0xd5, 0x65, 0xd5, 0x65, 0x9c, 0x1f, 0x9c, 0x1f, 
	0xd5, 0xa7, 0xa4, 0xa1, 0x7b, 0x9d, 0x4a, 0x57, 
	0x3a, 0x15, 0x3a, 0x15, 0x6b, 0x5b, 0xa4, 0xa1, 
	0xd5, 0xa7, 0x94, 0x21, 0x11, 0x53, 0x11, 0x53, 
	0x09, 0x11, 0x52, 0x99, 0x52, 0x99, 0x52, 0x99, 
	0x8b, 0xdb, 0x62, 0xd9, 0x32, 0x15, 0x09, 0x53, 
	0x19, 0x53, 0x32, 0x15, 0x19, 0x53, 0x19, 0x53, 
	0x29, 0xd3, 0x29, 0xd3, 0x29, 0xd3, 0x19, 0x51, 
	0x31, 0xd5, 0x4a, 0x97, 0x4a, 0x97, 0x6b, 0x1b, 
	0x21, 0x91, 0x21, 0x91, 0x09, 0x0f, 0x09, 0x0f, 
	0x21, 0x91, 0x21, 0x91, 0x09, 0x0f, 0x09, 0x0f, 
	0x11, 0x0f, 0x11, 0x0f, 0x08, 0xcd, 0x08, 0xcd, 
	0x09, 0x0f, 0x09, 0x0f, 0x09, 0x0f, 0x5a, 0xd9, 
	0x5a, 0xdb, 0x09, 0x0f, 0x09, 0x0f, 0x09, 0x0f, 
	0x08, 0xcd, 0x08, 0xcd, 0x08, 0xcd, 0x08, 0xcd, 
	0x09, 0x0f, 0x09, 0x0f, 0x52, 0xd9, 0x52, 0xd9, 
	0x21, 0x93, 0x21, 0x93, 0x21, 0x93, 0x21, 0xd3, 
	0x11, 0x51, 0x11, 0x51, 0x6b, 0x1b, 0x94, 0x1f, 
	0x52, 0x99, 0x09, 0x11, 0x09, 0x11, 0x09, 0x11, 
	0x09, 0x0f, 0x09, 0x0f, 0x73, 0x5b, 0xa4, 0x61, 
	0x21, 0x93, 0x21, 0x93, 0x52, 0xd9, 0x3a, 0x57, 
	0x21, 0x93, 0x42, 0x57, 0x5a, 0xd9, 0x09, 0x11, 
	0x01, 0x0f, 0x01, 0x0f, 0x01, 0x0f, 0x01, 0x0f, 
	0x11, 0x51, 0x00, 0xcd, 0x11, 0x51, 0x11, 0x51, 
	0x3a, 0x57, 0x09, 0x0f, 0x09, 0x0f, 0x09, 0x0f, 
	0x11, 0x51, 0x4a, 0x97, 0x6b, 0x5b, 0x31, 0xd5, 
	0x42, 0x57, 0x09, 0x11, 0x21, 0x93, 0x21, 0x93, 
	0x42, 0x59, 0x32, 0x15, 0x32, 0x15, 0x19, 0x93, 
	0x19, 0x51, 0x3a, 0x15, 0x19, 0x51, 0x5a, 0xd9, 
	0x42, 0x57, 0x19, 0x53, 0x73, 0x5b, 0x73, 0x5b, 
	0xbd, 0x23, 0xbd, 0x23, 0xa4, 0x5f, 0xbd, 0x23, 
	0xdd, 0xe7, 0xdd, 0xe7, 0xdd, 0xe7, 0xdd, 0xe7, 
	0xd5, 0xa5, 0x93, 0xdd, 0xb4, 0xe1, 0xd5, 0xa5, 
	0xd5, 0xa5, 0xf6, 0xab, 0xf6, 0xab, 0xf6, 0xab, 
	0xee, 0x69, 0xee, 0x69, 0xee, 0x69, 0xdd, 0xa7, 
	0xcd, 0x65, 0xe6, 0x27, 0xe6, 0x27, 0xe6, 0x27, 
	0xd5, 0xa5, 0xd5, 0xa5, 0xd5, 0xa5, 0xc5, 0x23, 
	0xd5, 0xa5, 0xc5, 0x23, 0xd5, 0xa5, 0xd5, 0xa5, 
	0xbc, 0xe1, 0xbc, 0xe1, 0xa4, 0x5f, 0xee, 0x27, 
	0xdd, 0xe5, 0xdd, 0xe5, 0xbc, 0xe1, 0xbc, 0xe1, 
	0xe6, 0x27, 0xd5, 0xa5, 0xcd, 0x63, 0xd5, 0xa5, 
	0xdd, 0xa5, 0xdd, 0xa5, 0xc5, 0x21, 0xdd, 0xa5, 
	0xd5, 0xa5, 0xc5, 0x23, 0xd5, 0xa5, 0xd5, 0xa5, 
	0xdd, 0xa5, 0xee, 0x27, 0xdd, 0xa5, 0xc5, 0x23, 
	0xd5, 0x65, 0xc5, 0x23, 0xd5, 0x65, 0xd5, 0x65, 
	0x83, 0x9d, 0x9c, 0x5f, 0xd5, 0xa3, 0xbc, 0xe1, 
	0xc5, 0x23, 0xdd, 0xa5, 0xdd, 0xa5, 0xcd, 0x65, 
	0xdd, 0xe5, 0xdd, 0xe5, 0xd5, 0x65, 0xbc, 0xe3, 
	0xe5, 0xe7, 0xe5, 0xe7, 0xbc, 0xe1, 0xbc, 0xe1, 
	0xbc, 0xe3, 0xd5, 0x65, 0xd5, 0x65, 0xd5, 0x65, 
	0xb4, 0xe1, 0xd5, 0xa5, 0xcd, 0x63, 0xd5, 0xa5, 
	0xcd, 0x63, 0xc5, 0x23, 0xbc, 0xe1, 0xbc, 0xe1, 
	0xb4, 0xdf, 0xcd, 0xa5, 0xbd, 0x21, 0xb4, 0xdf, 
	0xa4, 0x1b, 0xa4, 0x1b, 0xa4, 0x1b, 0xa4, 0x1b, 
	0x73, 0x1b, 0x73, 0x1b, 0xac, 0x9f, 0x9c, 0x1d, 
	0x4a, 0x57, 0x4a, 0x57, 0x6b, 0x19, 0x6b, 0x19, 
	0x32, 0x15, 0x6b, 0x5b, 0x52, 0x97, 0x52, 0x97, 
	0x63, 0x1b, 0x63, 0x1b, 0x63, 0x1b, 0x42, 0x57, 
	0x42, 0x57, 0x42, 0x57, 0x42, 0x57, 0x73, 0x5b, 
	0x83, 0xdd, 0x83, 0xdd, 0x52, 0x99, 0x19, 0x93, 
	0x8c, 0x1f, 0x62, 0xdb, 0x31, 0xd7, 0x62, 0xdb, 
	0x42, 0x57, 0x42, 0x57, 0x9c, 0x61, 0x9c, 0x61, 
	0x63, 0x19, 0x29, 0xd3, 0x29, 0xd3, 0x29, 0xd3, 
	0x73, 0x19, 0x73, 0x19, 0x19, 0x93, 0x73, 0x19, 
	0x5a, 0xdb, 0x5a, 0xdb, 0x5a, 0xdb, 0x5a, 0xdb, 
	0xd5, 0xa7, 0xa4, 0xa1, 0xa4, 0xa1, 0xa4, 0xa1, 
	0x3a, 0x15, 0x00, 0xcf, 0x3a, 0x15, 0xa4, 0xa1, 
	0xd5, 0xa7, 0xd5, 0xa7, 0x94, 0x21, 0x52, 0xd9, 
	0x09, 0x11, 0x21, 0x93, 0x52, 0x99, 0x09, 0x11, 
	0x8b, 0xdb, 0x8b, 0xdb, 0x62, 0xd9, 0x09, 0x53, 
	0x19, 0x53, 0x52, 0x99, 0x19, 0x53, 0x19, 0x53, 
	0x19, 0x51, 0x19, 0x51, 0x19, 0x51, 0x19, 0x51, 
	0x31, 0xd5, 0x11, 0x51, 0x11, 0x51, 0x11, 0x51, 
	0x21, 0x91, 0x21, 0x91, 0x4a, 0x97, 0x32, 0x15, 
	0x4a, 0x97, 0x21, 0x91, 0x09, 0x0f, 0x09, 0x0f, 
	0x08, 0xcd, 0x08, 0xcd, 0x08, 0xcd, 0x11, 0x0f, 
	0x09, 0x0f, 0x09, 0x0f, 0x5a, 0xd9, 0x5a, 0xd9, 
	0x21, 0x93, 0x09, 0x0f, 0x09, 0x0f, 0x09, 0x0f, 
	0x42, 0x57, 0x5b, 0x1d, 0x21, 0x93, 0x08, 0xcd, 
	0x09, 0x0f, 0x09, 0x0f, 0x09, 0x0f, 0x3a, 0x55, 
	0x21, 0xd3, 0x29, 0xd5, 0x21, 0xd3, 0x29, 0xd5, 
	0x3a, 0x55, 0x11, 0x51, 0x11, 0x51, 0x3a, 0x55, 
	0x52, 0x99, 0x09, 0x11, 0x09, 0x11, 0x09, 0x11, 
	0x09, 0x0f, 0x09, 0x0f, 0x3a, 0x55, 0x73, 0x5b, 
	0x09, 0x11, 0x09, 0x11, 0x09, 0x11, 0x21, 0x93, 
	0x09, 0x11, 0x09, 0x11, 0x21, 0x93, 0x09, 0x11, 
	0x01, 0x0f, 0x42, 0x57, 0x63, 0x1b, 0x42, 0x57, 
	0x3a, 0x17, 0x29, 0xd3, 0x29, 0xd3, 0x11, 0x51, 
	0x09, 0x0f, 0x09, 0x0f, 0x09, 0x0f, 0x09, 0x0f, 
	0x11, 0x51, 0x31, 0xd5, 0x31, 0xd5, 0x31, 0xd5, 
	0x5a, 0xd9, 0x09, 0x11, 0x09, 0x11, 0x09, 0x11, 
	0x09, 0x0f, 0x09, 0x0f, 0x09, 0x0f, 0x09, 0x0f, 
	0x19, 0x51, 0x3a, 0x15, 0x3a, 0x15, 0x3a, 0x15, 
	0x73, 0x5b, 0x42, 0x57, 0x19, 0x53, 0x9c, 0x5f, 
	0xbd, 0x23, 0xbd, 0x23, 0xbd, 0x23, 0xd5, 0xa5, 
	0xee, 0x69, 0xdd, 0xe7, 0xd5, 0x63, 0xdd, 0xe7, 
	0xb4, 0xe1, 0xb4, 0xe1, 0xf6, 0xa9, 0xb4, 0xe1, 
	0xd5, 0xa5, 0xf6, 0xab, 0xee, 0x29, 0xd5, 0xa5, 
	0xee, 0x69, 0xdd, 0xa7, 0xdd, 0xa7, 0xdd, 0xa7, 
	0xcd, 0x65, 0xb4, 0xe1, 0x9c, 0x1f, 0xe6, 0x27, 
	0xd5, 0xa5, 0xee, 0x27, 0xd5, 0xa5, 0xd5, 0xa5, 
	0xdd, 0xe5, 0xd5, 0xa5, 0xdd, 0xe5, 0xdd, 0xe5, 
	0xd5, 0xa5, 0xbc, 0xe1, 0xa4, 0x5f, 0xbc, 0xe1, 
	0xdd, 0xe5, 0xbc, 0xe1, 0xdd, 0xe5, 0xbc, 0xe1, 
	0xd5, 0xa5, 0xe6, 0x27, 0xd5, 0xa5, 0xbc, 0xe1, 
	0xee, 0x69, 0xee, 0x69, 0xee, 0x69, 0xdd, 0xa5, 
	0xee, 0x29, 0xd5, 0xa5, 0xac, 0x9f, 0xc5, 0x23, 
	0xdd, 0xa5, 0xdd, 0xa5, 0xdd, 0xa5, 0xb4, 0xe1, 
	0xdd, 0xe5, 0xbc, 0xe3, 0xdd, 0xe5, 0xd5, 0x65, 
	0xbc, 0xe1, 0xbc, 0xe1, 0xd5, 0xa3, 0xd5, 0xa3, 
	0xcd, 0x65, 0xc5, 0x23, 0xcd, 0x65, 0xe6, 0x27, 
	0xd5, 0x65, 0xd5, 0x65, 0xdd, 0xe5, 0xd5, 0x65, 
	0xcd, 0x23, 0xd5, 0xa5, 0xcd, 0x23, 0xcd, 0x23, 
	0xbc, 0xe3, 0xdd, 0xe5, 0xdd, 0xe5, 0xdd, 0xe5, 
	0xcd, 0x63, 0xcd, 0x63, 0xcd, 0x63, 0xcd, 0x63, 
	0xcd, 0x63, 0xcd, 0x63, 0xcd, 0x63, 0xbc, 0xe1, 
	0xbd, 0x21, 0xbd, 0x21, 0xbd, 0x21, 0xbd, 0x21, 
	0xac, 0x5d, 0xa4, 0x1b, 0xa4, 0x1b, 0xa4, 0x1b, 
	0x73, 0x1b, 0x73, 0x1b, 0x73, 0x1b, 0x73, 0x1b, 
	0x4a, 0x57, 0x4a, 0x57, 0x6b, 0x19, 0x6b, 0x19, 
	0x19, 0x51, 0x32, 0x15, 0x52, 0x97, 0x52, 0x97, 
	0x63, 0x1b, 0x63, 0x1b, 0x42, 0x57, 0x42, 0x57, 
	0x19, 0x93, 0x73, 0x5b, 0x42, 0x57, 0x19, 0x93, 
	0x19, 0x93, 0x19, 0x93, 0x83, 0xdd, 0x19, 0x93, 
	0x8c, 0x1f, 0x8c, 0x1f, 0x8c, 0x1f, 0x62, 0xdb, 
	0x42, 0x57, 0x42, 0x57, 0x6b, 0x5d, 0x6b, 0x5d, 
	0x63, 0x19, 0x29, 0xd3, 0x29, 0xd3, 0x29, 0xd3, 
	0x73, 0x19, 0x73, 0x19, 0x19, 0x93, 0x42, 0x57, 
	0x9c, 0x1f, 0x21, 0x95, 0x21, 0x95, 0x5a, 0xdb, 
	0xa4, 0xa1, 0x7b, 0x9d, 0xa4, 0xa1, 0x4a, 0x57, 
	0x3a, 0x15, 0x00, 0xcf, 0x3a, 0x15, 0x6b, 0x5b, 
	0xd5, 0xa7, 0x94, 0x21, 0x94, 0x21, 0xd5, 0xa7, 
	0x3a, 0x17, 0x21, 0x93, 0x52, 0x99, 0x52, 0x99, 
	0x8b, 0xdb, 0x8b, 0xdb, 0x62, 0xd9, 0x62, 0xd9, 
	0x52, 0x99, 0x52, 0x99, 0x19, 0x53, 0x32, 0x15, 
	0x19, 0x51, 0x19, 0x51, 0x19, 0x51, 0x19, 0x51, 
	0x11, 0x51, 0x11, 0x51, 0x11, 0x51, 0x11, 0x51, 
	0x21, 0x91, 0x21, 0x91, 0x09, 0x0f, 0x09, 0x0f, 
	0x09, 0x0f, 0x09, 0x0f, 0x09, 0x0f, 0x09, 0x0f, 
	0x21, 0xd3, 0x21, 0xd3, 0x11, 0x0f, 0x19, 0x91, 
	0x09, 0x0f, 0x09, 0x0f, 0x83, 0x9f, 0x5a, 0xd9, 
	0x09, 0x0f, 0x09, 0x0f, 0x09, 0x0f, 0x09, 0x0f, 
	0x42, 0x57, 0x21, 0x93, 0x08, 0xcd, 0x21, 0x93, 
	0x09, 0x0f, 0x09, 0x0f, 0x09, 0x0f, 0x21, 0x93, 
	0x21, 0x93, 0x21, 0x93, 0x21, 0x93, 0x21, 0x93, 
	0x3a, 0x55, 0x3a, 0x55, 0x3a, 0x55, 0x3a, 0x55, 
	0x73, 0x5d, 0x29, 0xd5, 0x73, 0x5d, 0x73, 0x5d, 
	0x09, 0x0f, 0x3a, 0x55, 0x09, 0x0f, 0x3a, 0x55, 
	0x3a, 0x57, 0x09, 0x11, 0x09, 0x11, 0x52, 0xd9, 
	0x42, 0x57, 0x09, 0x11, 0x42, 0x57, 0x42, 0x57, 
	0x01, 0x0f, 0x01, 0x0f, 0x21, 0x93, 0x21, 0x93, 
	0x29, 0xd3, 0x11, 0x51, 0x29, 0xd3, 0x11, 0x51, 
	0x29, 0xd5, 0x09, 0x0f, 0x09, 0x0f, 0x19, 0x51, 
	0x11, 0x51, 0x11, 0x51, 0x11, 0x51, 0x11, 0x51, 
	0x5a, 0xd9, 0x5a, 0xd9, 0x5a, 0xd9, 0x42, 0x57, 
	0x19, 0x93, 0x09, 0x0f, 0x09, 0x0f, 0x09, 0x0f, 
	0x19, 0x51, 0x5a, 0xd9, 0x3a, 0x15, 0x3a, 0x15, 
	0x42, 0x57, 0x42, 0x57, 0x19, 0x53, 0x73, 0x5b, 
	0x8b, 0xdd, 0xa4, 0x5f, 0xbd, 0x23, 0xd5, 0xa5, 
	0xd5, 0x63, 0xd5, 0x63, 0xee, 0x69, 0xee, 0x69, 
	0xb4, 0xe1, 0xd5, 0xa5, 0xf6, 0xa9, 0xf6, 0xa9, 
	0xd5, 0xa5, 0xf6, 0xab, 0xee, 0x29, 0xd5, 0xa5, 
	0xdd, 0xa7, 0xb4, 0xa1, 0xb4, 0xa1, 0xdd, 0xa7, 
	0xb4, 0xe1, 0xb4, 0xe1, 0x9c, 0x1f, 0xe6, 0x27, 
	0xac, 0xa1, 0xee, 0x27, 0xd5, 0xa5, 0xc5, 0x23, 
	0xd5, 0xa5, 0xc5, 0x23, 0xdd, 0xe5, 0xdd, 0xe5, 
	0xee, 0x27, 0xd5, 0xa5, 0xbc, 0xe1, 0xd5, 0xa5, 
	0xd5, 0x63, 0xd5, 0x63, 0xd5, 0x63, 0xd5, 0x63, 
	0xcd, 0x63, 0xd5, 0xa5, 0xd5, 0xa5, 0xd5, 0xa5, 
	0xee, 0x69, 0xdd, 0xa5, 0xee, 0x69, 0xdd, 0xa5, 
	0xd5, 0xa5, 0xee, 0x29, 0xd5, 0xa5, 0xd5, 0xa5, 
	0xb4, 0xe1, 0xb4, 0xe1, 0xdd, 0xa5, 0xdd, 0xa5, 
	0xd5, 0x65, 0xd5, 0x65, 0xd5, 0x65, 0xd5, 0x65, 
	0xbc, 0xe1, 0xbc, 0xe1, 0xbc, 0xe1, 0xbc, 0xe1, 
	0xcd, 0x65, 0xcd, 0x65, 0xe6, 0x27, 0xcd, 0x65, 
	0xc5, 0x23, 0xc5, 0x23, 0xd5, 0x65, 0xc5, 0x23, 
	0xcd, 0x23, 0xcd, 0x23, 0xcd, 0x23, 0xd5, 0xa5, 
	0xc5, 0x23, 0xd5, 0x65, 0xdd, 0xe5, 0xdd, 0xe5, 
	0xcd, 0x63, 0xd5, 0xa5, 0xcd, 0x63, 0xd5, 0xa5, 
	0xcd, 0x63, 0xd5, 0xa5, 0xcd, 0x63, 0xbc, 0xe1, 
	0xbd, 0x21, 0xb4, 0xdf, 0xbd, 0x21, 0xb4, 0xdf, 
	0x9c, 0x1b, 0x8b, 0xdb, 0x73, 0x5b, 0x73, 0x5b, 
	0x6b, 0x1b, 0x6b, 0x1b, 0x6b, 0x1b, 0x6b, 0x1b, 
	0x62, 0xd9, 0x3a, 0x17, 0x73, 0x5b, 0x73, 0x5b, 
	0x73, 0x5b, 0x73, 0x5b, 0x52, 0x99, 0x52, 0x99, 
	0x6b, 0x5b, 0x6b, 0x5b, 0x52, 0x99, 0x4a, 0x57, 
	0x4a, 0x57, 0x52, 0x97, 0x62, 0xd9, 0x3a, 0x15, 
	0x3a, 0x17, 0x3a, 0x17, 0x3a, 0x17, 0x3a, 0x17, 
	0x52, 0x99, 0x52, 0x99, 0x21, 0xd5, 0x21, 0xd5, 
	0x4a, 0x55, 0x5a, 0xd7, 0x4a, 0x55, 0x5a, 0xd7, 
	0x21, 0x93, 0x21, 0x93, 0x52, 0xd9, 0x52, 0xd9, 
	0x63, 0x1b, 0x42, 0x55, 0x29, 0x91, 0x29, 0x91, 
	0x7b, 0x9d, 0x29, 0xd3, 0x29, 0xd3, 0x52, 0x99, 
	0x52, 0x99, 0x21, 0x93, 0x52, 0x99, 0x21, 0x93, 
	0x21, 0xd5, 0x6b, 0x1b, 0x6b, 0x1b, 0x42, 0x99, 
	0xd5, 0xa7, 0x42, 0x57, 0x42, 0x57, 0xa4, 0xa1, 
	0xb4, 0xe3, 0x29, 0xd5, 0x29, 0xd5, 0xb4, 0xe3, 
	0xa4, 0xa1, 0xa4, 0xa1, 0x73, 0x5b, 0x73, 0x5b, 
	0x52, 0xd9, 0x52, 0xd9, 0x21, 0x93, 0x21, 0x93, 
	0x83, 0xdd, 0xbc, 0xe3, 0x19, 0x93, 0x19, 0x93, 
	0x21, 0x93, 0x21, 0x93, 0x3a, 0x57, 0x21, 0x93, 
	0x11, 0x51, 0x11, 0x51, 0x11, 0x51, 0x11, 0x51, 
	0x11, 0x0f, 0x11, 0x0f, 0x11, 0x0f, 0x11, 0x0f, 
	0x11, 0x0f, 0x11, 0x0f, 0x11, 0x0f, 0x11, 0x0f, 
	0x11, 0x0f, 0x11, 0x0f, 0x31, 0xd3, 0x73, 0x9d, 
	0x21, 0x93, 0x52, 0x99, 0x52, 0x99, 0x09, 0x0f, 
	0x09, 0x0f, 0x09, 0x0f, 0x09, 0x0f, 0x09, 0x0f, 
	0x11, 0x0f, 0x11, 0x0f, 0x11, 0x0f, 0x21, 0x93, 
	0x21, 0x93, 0x29, 0xd5, 0x21, 0x93, 0x19, 0x93, 
	0x11, 0x0f, 0x11, 0x0f, 0x19, 0x51, 0x29, 0x93, 
	0x21, 0x93, 0x21, 0x93, 0x5b, 0x1b, 0x5b, 0x1b, 
	0x29, 0xd3, 0x52, 0x99, 0x73, 0x5d, 0x73, 0x5d, 
	0x19, 0x53, 0x19, 0x53, 0x00, 0xcd, 0x19, 0x53, 
	0x19, 0x51, 0x19, 0x51, 0x3a, 0x17, 0x29, 0xd3, 
	0x09, 0x11, 0x29, 0xd5, 0x09, 0x11, 0x09, 0x11, 
	0x09, 0x11, 0x09, 0x11, 0x09, 0x11, 0x09, 0x11, 
	0x09, 0x51, 0x3a, 0x57, 0x09, 0x51, 0x3a, 0x57, 
	0x5b, 0x1b, 0x5b, 0x1b, 0x5b, 0x1b, 0x42, 0x57, 
	0x6b, 0x1b, 0x6b, 0x1b, 0x6b, 0x1b, 0x6b, 0x1b, 
	0x83, 0xdf, 0x5a, 0xdb, 0x09, 0x11, 0x09, 0x11, 
	0x09, 0x11, 0x5a, 0xd9, 0x42, 0x57, 0x21, 0xd3, 
	0x21, 0x93, 0x7b, 0x5b, 0x7b, 0x5b, 0xa4, 0x5f, 
	0xa4, 0xa1, 0xa4, 0xa1, 0xdd, 0xe7, 0xa4, 0xa1, 
	0xcd, 0x63, 0x93, 0xdb, 0xcd, 0x63, 0xe6, 0x27, 
	0xc5, 0x23, 0xd5, 0xa5, 0xee, 0x29, 0xd5, 0xa5, 
	0xee, 0x27, 0xa4, 0x61, 0xee, 0x27, 0xd5, 0xa5, 
	0xbc, 0xe1, 0xee, 0x29, 0xcd, 0x63, 0xcd, 0x63, 
	0xd5, 0xa5, 0xbc, 0xe1, 0xbc, 0xe1, 0xd5, 0xa5, 
	0xd5, 0x65, 0xc5, 0x23, 0xd5, 0x65, 0xc5, 0x23, 
	0x94, 0x1f, 0xc5, 0x23, 0xdd, 0xe5, 0xdd, 0xe5, 
	0xdd, 0xa5, 0xdd, 0xa5, 0xb4, 0xe3, 0xdd, 0xa5, 
	0xd5, 0xa5, 0xd5, 0xa5, 0xe6, 0x27, 0xd5, 0xa5, 
	0xdd, 0xe5, 0xdd, 0xe5, 0xdd, 0xe5, 0xdd, 0xe5, 
	0xdd, 0xe7, 0xdd, 0xe7, 0xd5, 0x65, 0xd5, 0x65, 
	0xcd, 0x63, 0xc5, 0x23, 0xdd, 0xe5, 0xd5, 0xa5, 
	0xdd, 0xa5, 0xb4, 0xe1, 0xdd, 0xa5, 0xdd, 0xa5, 
	0xbc, 0xe1, 0xd5, 0xa5, 0xd5, 0xa5, 0xbc, 0xe1, 
	0xcd, 0x63, 0xcd, 0x63, 0xcd, 0x63, 0xbd, 0x21, 
	0xbc, 0xe1, 0xd5, 0x63, 0xdd, 0xe5, 0xd5, 0x63, 
	0xcd, 0x63, 0xcd, 0x63, 0xcd, 0x63, 0xcd, 0x63, 
	0xcd, 0x63, 0xbc, 0xe3, 0xbc, 0xe3, 0xbc, 0xe3, 
	0xcd, 0x63, 0xd5, 0xa5, 0xdd, 0xe5, 0xd5, 0xa5, 
	0xcd, 0x63, 0xcd, 0x63, 0xdd, 0xe5, 0xd5, 0xa5, 
	0xcd, 0x63, 0xcd, 0x63, 0xbd, 0x21, 0xbd, 0x21, 
	0xb4, 0x9f, 0xb4, 0x9f, 0xbc, 0xe1, 0xbc, 0xe1, 
	0x9c, 0x1b, 0x83, 0x9b, 0x73, 0x5b, 0x73, 0x5b, 
	0x6b, 0x1b, 0x6b, 0x1b, 0x6b, 0x1b, 0x6b, 0x1b, 
	0x4a, 0x99, 0x3a, 0x17, 0x73, 0x5b, 0x73, 0x5b, 
	0x6b, 0x1b, 0x6b, 0x1b, 0x5a, 0xd9, 0x6b, 0x1b, 
	0x6b, 0x5b, 0x6b, 0x5b, 0x52, 0x99, 0x63, 0x19, 
	0x4a, 0x57, 0x4a, 0x57, 0x4a, 0x57, 0x3a, 0x15, 
	0x3a, 0x17, 0x3a, 0x17, 0x3a, 0x17, 0x3a, 0x17, 
	0x52, 0x99, 0x52, 0x99, 0x52, 0x99, 0x21, 0xd5, 
	0x4a, 0x55, 0x4a, 0x55, 0x4a, 0x55, 0x4a, 0x55, 
	0x21, 0x93, 0x21, 0x93, 0x52, 0xd9, 0x52, 0xd9, 
	0x63, 0x1b, 0x29, 0x91, 0x29, 0x91, 0x29, 0x91, 
	0x29, 0xd3, 0x52, 0x99, 0x52, 0x99, 0x52, 0x99, 
	0x21, 0x93, 0x21, 0x93, 0x52, 0x99, 0x52, 0x99, 
	0x21, 0xd5, 0x42, 0x99, 0x8b, 0xdf, 0x42, 0x99, 
	0xd5, 0xa7, 0xa4, 0xa1, 0x42, 0x57, 0x42, 0x57, 
	0x83, 0xdf, 0x29, 0xd5, 0x29, 0xd5, 0xb4, 0xe3, 
	0xd5, 0xa5, 0xd5, 0xa5, 0x73, 0x5b, 0x42, 0x57, 
	0x52, 0xd9, 0x8c, 0x1f, 0x21, 0x93, 0x52, 0xd9, 
	0x83, 0xdd, 0xbc, 0xe3, 0x52, 0x99, 0x19, 0x93, 
	0x21, 0x93, 0x21, 0x93, 0x5a, 0xd9, 0x3a, 0x57, 
	0x11, 0x51, 0x11, 0x51, 0x11, 0x51, 0x11, 0x51, 
	0x11, 0x0f, 0x08, 0xcd, 0x11, 0x0f, 0x11, 0x0f, 
	0x11, 0x0f, 0x11, 0x0f, 0x11, 0x0f, 0x11, 0x0f, 
	0x11, 0x0f, 0x11, 0x0f, 0x11, 0x0f, 0x31, 0xd3, 
	0x52, 0x99, 0x52, 0x99, 0x52, 0x99, 0x52, 0x99, 
	0x09, 0x0f, 0x21, 0x93, 0x5a, 0xdb, 0x09, 0x0f, 
	0x11, 0x0f, 0x11, 0x0f, 0x11, 0x0f, 0x21, 0x93, 
	0x21, 0x93, 0x21, 0x93, 0x21, 0x93, 0x11, 0x51, 
	0x21, 0x91, 0x21, 0x91, 0x11, 0x0f, 0x21, 0x91, 
	0x09, 0x0f, 0x09, 0x0f, 0x09, 0x0f, 0x09, 0x0f, 
	0x09, 0x0f, 0x09, 0x0f, 0x52, 0x99, 0x52, 0x99, 
	0x19, 0x53, 0x19, 0x53, 0x19, 0x53, 0x29, 0x95, 
	0x19, 0x51, 0x19, 0x51, 0x29, 0xd3, 0x19, 0x51, 
	0x29, 0xd5, 0x63, 0x1b, 0x09, 0x11, 0x29, 0xd5, 
	0x6b, 0x5b, 0x29, 0xd5, 0x6b, 0x5b, 0x29, 0xd5, 
	0x3a, 0x57, 0xa4, 0xa1, 0x09, 0x51, 0x09, 0x51, 
	0x09, 0x0f, 0x09, 0x0f, 0x21, 0x93, 0x21, 0x93, 
	0x6b, 0x1b, 0x6b, 0x1b, 0x6b, 0x1b, 0x94, 0x1f, 
	0x83, 0xdf, 0x83, 0xdf, 0x83, 0xdf, 0x5a, 0xdb, 
	0x09, 0x11, 0x09, 0x11, 0x21, 0xd3, 0x21, 0xd3, 
	0x21, 0x93, 0x4a, 0x97, 0x7b, 0x5b, 0xa4, 0x5f, 
	0xa4, 0xa1, 0x3a, 0x17, 0xdd, 0xe7, 0xa4, 0xa1, 
	0xe6, 0x27, 0xcd, 0x63, 0xcd, 0x63, 0xe6, 0x27, 
	0xd5, 0xa5, 0xc5, 0x23, 0xee, 0x29, 0xd5, 0xa5, 
	0xd5, 0xa5, 0xa4, 0x61, 0xd5, 0xa5, 0xee, 0x27, 
	0xdd, 0xa7, 0xee, 0x29, 0xcd, 0x63, 0xcd, 0x63, 
	0xd5, 0xa5, 0xd5, 0xa5, 0xbc, 0xe1, 0xbc, 0xe1, 
	0xdd, 0xe5, 0xee, 0x27, 0xdd, 0xe5, 0xee, 0x27, 
	0x94, 0x1f, 0xac, 0xa1, 0xdd, 0xe5, 0xac, 0xa1, 
	0xb4, 0xe3, 0xdd, 0xa5, 0xb4, 0xe3, 0xb4, 0xe3, 
	0xd5, 0xa5, 0xd5, 0xa5, 0xd5, 0xa5, 0xe6, 0x27, 
	0xdd, 0xe5, 0xdd, 0xe5, 0xdd, 0xe5, 0xac, 0xa1, 
	0xbc, 0xe1, 0xd5, 0x65, 0xc5, 0x23, 0xc5, 0x23, 
	0xcd, 0x63, 0xc5, 0x23, 0xd5, 0xa5, 0xc5, 0x23, 
	0xdd, 0xa5, 0xdd, 0xa5, 0xb4, 0xe1, 0xdd, 0xa5, 
	0xbc, 0xe1, 0xbc, 0xe1, 0xf6, 0x69, 0xd5, 0xa5, 
	0xcd, 0x63, 0xd5, 0xa5, 0xcd, 0x63, 0xbd, 0x21, 
	0xbc, 0xe1, 0xbc, 0xe1, 0xd5, 0x63, 0xd5, 0x63, 
	0xcd, 0x63, 0xbd, 0x21, 0xcd, 0x63, 0xcd, 0x63, 
	0xcd, 0x63, 0xbc, 0xe3, 0xbc, 0xe3, 0xac, 0xa1, 
	0xcd, 0x63, 0xc5, 0x23, 0xd5, 0xa5, 0xc5, 0x23, 
	0xcd, 0x63, 0xd5, 0xa5, 0xd5, 0xa5, 0xd5, 0xa5, 
	0xcd, 0x63, 0xd5, 0xa5, 0xbd, 0x21, 0xb4, 0xdf, 
	0xac, 0x9d, 0xa4, 0x5b, 0xbc, 0xe1, 0xb4, 0x9f, 
	0x73, 0x5b, 0x73, 0x5b, 0x73, 0x5b, 0x73, 0x5b, 
	0x6b, 0x1b, 0x6b, 0x1b, 0x6b, 0x1b, 0x6b, 0x1b, 
	0x4a, 0x99, 0x4a, 0x99, 0x4a, 0x99, 0x4a, 0x99, 
	0x73, 0x5b, 0x73, 0x5b, 0x73, 0x5b, 0x73, 0x5b, 
	0x52, 0x99, 0x4a, 0x57, 0x4a, 0x57, 0x52, 0x99, 
	0x4a, 0x57, 0x52, 0x97, 0x4a, 0x57, 0x52, 0x97, 
	0xa4, 0x5f, 0x5a, 0xd9, 0x5a, 0xd9, 0x5a, 0xd9, 
	0x7b, 0x9d, 0xac, 0x61, 0x7b, 0x9d, 0x21, 0xd5, 
	0x4a, 0x55, 0x5a, 0xd7, 0x6b, 0x1b, 0x4a, 0x55, 
	0x21, 0x93, 0x21, 0x93, 0x3a, 0x55, 0x52, 0xd9, 
	0x63, 0x1b, 0x42, 0x55, 0x29, 0x91, 0x29, 0x91, 
	0x29, 0xd3, 0x29, 0xd3, 0xa4, 0xa3, 0x52, 0x99, 
	0x52, 0x99, 0x52, 0x99, 0x52, 0x99, 0xac, 0xa3, 
	0x6b, 0x1b, 0x6b, 0x1b, 0x8b, 0xdf, 0x6b, 0x1b, 
	0x73, 0x5d, 0x73, 0x5d, 0x73, 0x5d, 0x73, 0x5d, 
	0x83, 0xdf, 0x5a, 0xd9, 0x5a, 0xd9, 0xb4, 0xe3, 
	0xd5, 0xa5, 0xa4, 0xa1, 0xd5, 0xa5, 0xa4, 0xa1, 
	0x52, 0xd9, 0xbd, 0x25, 0x52, 0xd9, 0x21, 0x93, 
	0x19, 0x93, 0x83, 0xdd, 0x52, 0x99, 0x52, 0x99, 
	0x21, 0x93, 0x21, 0x93, 0x73, 0x5d, 0x73, 0x5d, 
	0x63, 0x1b, 0x63, 0x1b, 0x11, 0x51, 0x11, 0x51, 
	0x11, 0x0f, 0x11, 0x0f, 0x08, 0xcd, 0x08, 0xcd, 
	0x32, 0x15, 0x32, 0x15, 0x11, 0x0f, 0x11, 0x0f, 
	0x11, 0x0f, 0x11, 0x0f, 0x11, 0x0f, 0x11, 0x0f, 
	0x09, 0x0f, 0x09, 0x0f, 0x09, 0x0f, 0x21, 0x93, 
	0x09, 0x0f, 0x42, 0x57, 0x21, 0x93, 0x09, 0x0f, 
	0x11, 0x0f, 0x21, 0x93, 0x11, 0x0f, 0x11, 0x0f, 
	0x19, 0x93, 0x21, 0x93, 0x19, 0x93, 0x19, 0x93, 
	0x21, 0x91, 0x21, 0x91, 0x19, 0x51, 0x29, 0x93, 
	0x09, 0x0f, 0x21, 0x93, 0x09, 0x0f, 0x09, 0x0f, 
	0x09, 0x0f, 0x09, 0x0f, 0x09, 0x0f, 0x29, 0xd3, 
	0x11, 0x0f, 0x00, 0xcd, 0x11, 0x0f, 0x11, 0x0f, 
	0x08, 0xcd, 0x08, 0xcd, 0x19, 0x51, 0x08, 0xcd, 
	0x09, 0x11, 0x42, 0x57, 0x29, 0xd5, 0x09, 0x11, 
	0x29, 0xd5, 0x29, 0xd5, 0x09, 0x11, 0x29, 0xd5, 
	0x3a, 0x57, 0x73, 0x5b, 0x3a, 0x57, 0x09, 0x51, 
	0x09, 0x0f, 0x21, 0x93, 0x09, 0x0f, 0x09, 0x0f, 
	0x11, 0x51, 0x11, 0x51, 0x11, 0x51, 0x11, 0x51, 
	0x32, 0x15, 0x32, 0x15, 0x83, 0xdf, 0x83, 0xdf, 
	0x42, 0x57, 0x42, 0x57, 0x42, 0x57, 0x42, 0x57, 
	0x4a, 0x97, 0x21, 0x93, 0x21, 0x93, 0x21, 0x93, 
	0x3a, 0x17, 0x73, 0x5d, 0xdd, 0xe7, 0xdd, 0xe7, 
	0x93, 0xdb, 0x93, 0xdb, 0xcd, 0x63, 0xe6, 0x27, 
	0xd5, 0xa5, 0xd5, 0xa5, 0xd5, 0xa5, 0xfe, 0xab, 
	0xd5, 0xa5, 0xee, 0x27, 0xd5, 0xa5, 0xd5, 0xa5, 
	0xdd, 0xa7, 0xee, 0x29, 0xee, 0x29, 0xdd, 0xa7, 
	0xcd, 0x63, 0xbc, 0xe1, 0xcd, 0x63, 0xcd, 0x63, 
	0xd5, 0x65, 0xc5, 0x23, 0xee, 0x27, 0xee, 0x27, 
	0xdd, 0xe5, 0xac, 0xa1, 0xdd, 0xe5, 0xc5, 0x23, 
	0xa4, 0xa1, 0xcd, 0x63, 0xdd, 0xa5, 0xa4, 0xa1, 
	0xbc, 0xe1, 0xbc, 0xe1, 0xd5, 0xa5, 0xe6, 0x27, 
	0xdd, 0xe5, 0xdd, 0xe5, 0xcd, 0x63, 0xbd, 0x23, 
	0xd5, 0x65, 0xc5, 0x23, 0xc5, 0x23, 0xd5, 0x65, 
	0xd5, 0xa5, 0xdd, 0xe5, 0xcd, 0x63, 0xd5, 0xa5, 
	0xcd, 0x23, 0xdd, 0xa5, 0xa4, 0x5f, 0xcd, 0x23, 
	0xbc, 0xe1, 0xbc, 0xe1, 0xd5, 0xa5, 0xd5, 0xa5, 
	0xcd, 0x63, 0xcd, 0x63, 0xd5, 0xa5, 0xd5, 0xa5, 
	0xbc, 0xe1, 0xdd, 0xe5, 0xd5, 0x63, 0xbc, 0xe1, 
	0xcd, 0x63, 0xcd, 0x63, 0xa4, 0x5f, 0xb4, 0xa1, 
	0xdd, 0xa5, 0xac, 0xa1, 0xbc, 0xe3, 0xdd, 0xa5, 
	0xcd, 0x63, 0xcd, 0x63, 0xcd, 0x63, 0xd5, 0xa5, 
	0xcd, 0x63, 0xcd, 0x63, 0xcd, 0x63, 0xd5, 0xa5, 
	0xbd, 0x21, 0xbd, 0x21, 0xbd, 0x21, 0xbd, 0x21, 
	0xa4, 0x5b, 0xac, 0x9d, 0xa4, 0x5b, 0xac, 0x9d, 
	0x73, 0x5b, 0x73, 0x5b, 0x73, 0x5b, 0x73, 0x5b, 
	0x6b, 0x1b, 0x6b, 0x1b, 0x32, 0x15, 0x52, 0x99, 
	0x62, 0xd9, 0x62, 0xd9, 0x62, 0xd9, 0x62, 0xd9, 
	0x6b, 0x1b, 0x6b, 0x1b, 0x6b, 0x1b, 0x6b, 0x1b, 
	0x52, 0x99, 0x63, 0x19, 0x4a, 0x57, 0x4a, 0x57, 
	0x4a, 0x57, 0x4a, 0x57, 0x4a, 0x57, 0x4a, 0x57, 
	0x83, 0x9d, 0x83, 0x9d, 0x5a, 0xd9, 0xa4, 0x5f, 
	0x7b, 0x9d, 0xac, 0x61, 0x7b, 0x9d, 0x7b, 0x9d, 
	0x4a, 0x55, 0x4a, 0x55, 0x7b, 0x9d, 0x4a, 0x55, 
	0x3a, 0x55, 0x21, 0x93, 0x09, 0x0f, 0x09, 0x0f, 
	0x7b, 0x9f, 0x42, 0x55, 0x29, 0x91, 0x29, 0x91, 
	0x29, 0xd3, 0x29, 0xd3, 0x52, 0x99, 0x52, 0x99, 
	0x21, 0x93, 0x7b, 0x9d, 0x21, 0x93, 0x7b, 0x9d, 
	0x6b, 0x1b, 0x6b, 0x1b, 0x8b, 0xdf, 0x8b, 0xdf, 
	0x73, 0x5d, 0x73, 0x5d, 0x42, 0x57, 0x42, 0x57, 
	0x83, 0xdf, 0x83, 0xdf, 0x29, 0xd5, 0x29, 0xd5, 
	0xd5, 0xa5, 0xd5, 0xa5, 0xa4, 0xa1, 0xa4, 0xa1, 
	0x21, 0x93, 0x21, 0x93, 0x52, 0xd9, 0x21, 0x93, 
	0x19, 0x93, 0x52, 0x99, 0x19, 0x93, 0x83, 0xdd, 
	0x5a, 0xd9, 0x21, 0x93, 0x21, 0x93, 0x21, 0x93, 
	0x63, 0x1b, 0x8b, 0xdf, 0x3a, 0x15, 0x3a, 0x15, 
	0x21, 0x91, 0x21, 0x91, 0x11, 0x0f, 0x08, 0xcd, 
	0x21, 0x91, 0x42, 0x57, 0x11, 0x0f, 0x11, 0x0f, 
	0x11, 0x0f, 0x11, 0x0f, 0x11, 0x0f, 0x11, 0x0f, 
	0x09, 0x0f, 0x09, 0x0f, 0x09, 0x0f, 0x09, 0x0f, 
	0x09, 0x0f, 0x09, 0x0f, 0x09, 0x0f, 0x09, 0x0f, 
	0x11, 0x0f, 0x4a, 0xd9, 0x11, 0x0f, 0x11, 0x0f, 
	0x11, 0x51, 0x11, 0x51, 0x11, 0x51, 0x11, 0x51, 
	0x21, 0x91, 0x21, 0x91, 0x11, 0x0f, 0x21, 0x91, 
	0x09, 0x0f, 0x5b, 0x1b, 0x09, 0x0f, 0x21, 0x93, 
	0x29, 0xd3, 0x29, 0xd3, 0x29, 0xd3, 0x73, 0x5d, 
	0x29, 0x95, 0x00, 0xcd, 0x11, 0x0f, 0x00, 0xcd, 
	0x08, 0xcd, 0x08, 0xcd, 0x08, 0xcd, 0x08, 0xcd, 
	0x09, 0x11, 0x29, 0xd5, 0x42, 0x57, 0x42, 0x57, 
	0x4a, 0x97, 0x4a, 0x97, 0x4a, 0x97, 0x29, 0xd5, 
	0x09, 0x51, 0x3a, 0x57, 0x73, 0x5b, 0x09, 0x51, 
	0x09, 0x0f, 0x5b, 0x1b, 0x09, 0x0f, 0x09, 0x0f, 
	0x11, 0x51, 0x11, 0x51, 0x11, 0x51, 0x11, 0x51, 
	0x09, 0x11, 0x09, 0x11, 0x09, 0x11, 0x32, 0x15, 
	0x09, 0x11, 0x21, 0xd3, 0x42, 0x57, 0x21, 0xd3, 
	0x21, 0x93, 0x21, 0x93, 0x21, 0x93, 0x21, 0x93, 
	0x3a, 0x17, 0x73, 0x5d, 0xdd, 0xe7, 0xdd, 0xe7, 
	0x93, 0xdb, 0x93, 0xdb, 0xac, 0x9f, 0xe6, 0x27, 
	0xd5, 0xa5, 0xd5, 0xa5, 0xc5, 0x23, 0xc5, 0x23, 
	0xd5, 0xa5, 0xd5, 0xa5, 0xd5, 0xa5, 0xbd, 0x23, 
	0xcd, 0x63, 0xbc, 0xe1, 0xee, 0x29, 0xdd, 0xa7, 
	0xcd, 0x63, 0xbc, 0xe1, 0xcd, 0x63, 0xd5, 0xa5, 
	0xd5, 0x65, 0xc5, 0x23, 0xee, 0x27, 0xee, 0x27, 
	0xac, 0xa1, 0xc5, 0x23, 0xdd, 0xe5, 0xdd, 0xe5, 
	0xdd, 0xa5, 0xcd, 0x63, 0xa4, 0xa1, 0xb4, 0xe3, 
	0xbc, 0xe1, 0xbc, 0xe1, 0xcd, 0x63, 0xd5, 0xa5, 
	0xdd, 0xe5, 0xdd, 0xe5, 0xcd, 0x63, 0xbd, 0x23, 
	0xd5, 0x65, 0xd5, 0x65, 0xdd, 0xe7, 0xc5, 0x23, 
	0xcd, 0x63, 0xdd, 0xe5, 0xcd, 0x63, 0xc5, 0x23, 
	0xcd, 0x23, 0xcd, 0x23, 0xdd, 0xa5, 0xcd, 0x23, 
	0xbc, 0xe1, 0xbc, 0xe1, 0xd5, 0xa5, 0xbc, 0xe1, 
	0xcd, 0x63, 0xd5, 0xa5, 0xd5, 0xa5, 0xd5, 0xa5, 
	0xc5, 0x23, 0xd5, 0x63, 0xd5, 0x63, 0xbc, 0xe1, 
	0xcd, 0x63, 0xcd, 0x63, 0xbd, 0x21, 0xcd, 0x63, 
	0xac, 0xa1, 0xbc, 0xe3, 0xbc, 0xe3, 0xdd, 0xa5, 
	0xcd, 0x63, 0xd5, 0xa5, 0xcd, 0x63, 0xc5, 0x23, 
	0xcd, 0x63, 0xd5, 0xa5, 0xcd, 0x63, 0xc5, 0x23, 
	0xb4, 0xdf, 0xd5, 0xa5, 0xbd, 0x21, 0xb4, 0xdf, 
	0xa4, 0x5b, 0xac, 0x9d, 0xa4, 0x5b, 0xac, 0x9d, 
	0x4a, 0x55, 0x52, 0x97, 0x4a, 0x55, 0x52, 0x97, 
	0x52, 0x99, 0x4a, 0x55, 0x3a, 0x13, 0x3a, 0x13, 
	0x4a, 0x55, 0x52, 0x97, 0x4a, 0x55, 0x52, 0x97, 
	0x4a, 0x55, 0x52, 0x99, 0x63, 0x1b, 0x3a, 0x13, 
	0x4a, 0x55, 0x52, 0x97, 0x4a, 0x55, 0x52, 0x97, 
	0x5a, 0xd9, 0x4a, 0x57, 0x4a, 0x57, 0x5a, 0xd9, 
	0x5a, 0xd9, 0x4a, 0x57, 0x4a, 0x57, 0x5a, 0xd9, 
	0x6b, 0x1b, 0x6b, 0x1b, 0x6b, 0x1b, 0x6b, 0x1b, 
	0x4a, 0x55, 0x5a, 0xd7, 0x6b, 0x1b, 0x4a, 0x55, 
	0x3a, 0x13, 0x3a, 0x13, 0x29, 0xd1, 0x29, 0xd1, 
	0x63, 0x1b, 0x63, 0x1b, 0x31, 0xd1, 0x31, 0xd1, 
	0x21, 0x93, 0x5a, 0xd9, 0x3a, 0x57, 0x5a, 0xd9, 
	0x29, 0xd3, 0x52, 0x99, 0x29, 0xd3, 0x6b, 0x1d, 
	0x3a, 0x17, 0x21, 0x95, 0x21, 0x95, 0x6b, 0x5b, 
	0x94, 0x21, 0xc5, 0x65, 0x6b, 0x1b, 0x3a, 0x17, 
	0x3a, 0x57, 0x21, 0xd5, 0x21, 0xd5, 0x73, 0x5b, 
	0xd5, 0xa3, 0xac, 0x9f, 0xac, 0x9f, 0x62, 0xd9, 
	0x32, 0x15, 0x32, 0x15, 0x32, 0x15, 0x32, 0x15, 
	0x6b, 0x1b, 0x9c, 0x61, 0x6b, 0x1b, 0x31, 0xd5, 
	0x21, 0x93, 0x21, 0x93, 0x21, 0x93, 0x21, 0x93, 
	0x19, 0x53, 0x32, 0x15, 0x19, 0x53, 0x19, 0x53, 
	0x11, 0x51, 0x29, 0xd3, 0x11, 0x51, 0x29, 0xd3, 
	0x29, 0xd3, 0x09, 0x0f, 0x09, 0x0f, 0x09, 0x0f, 
	0x31, 0xd5, 0x11, 0x51, 0x31, 0xd5, 0x6b, 0x5d, 
	0x09, 0x51, 0x09, 0x51, 0x09, 0x51, 0x09, 0x51, 
	0x08, 0xcd, 0x08, 0xcd, 0x08, 0xcd, 0x08, 0xcd, 
	0x11, 0x51, 0x29, 0xd3, 0x29, 0xd3, 0x11, 0x51, 
	0x21, 0x93, 0x19, 0x51, 0x19, 0x51, 0x21, 0x93, 
	0x29, 0xd5, 0x21, 0x93, 0x21, 0x93, 0x21, 0x91, 
	0x19, 0x51, 0x19, 0x51, 0x21, 0x93, 0x19, 0x91, 
	0x32, 0x15, 0x32, 0x15, 0x11, 0x51, 0x4a, 0x99, 
	0x29, 0x93, 0x29, 0x93, 0x29, 0x93, 0x11, 0x0f, 
	0x08, 0xcd, 0x21, 0x93, 0x21, 0x93, 0x08, 0xcd, 
	0x00, 0xcd, 0x00, 0xcd, 0x00, 0xcd, 0x19, 0x51, 
	0x09, 0x0f, 0x09, 0x0f, 0x21, 0x93, 0x21, 0x93, 
	0x09, 0x0d, 0x21, 0x91, 0x4a, 0x9b, 0x32, 0x17, 
	0x08, 0xcd, 0x11, 0x0f, 0x08, 0xcd, 0x08, 0xcd, 
	0x08, 0xcd, 0x08, 0xcd, 0x08, 0xcd, 0x08, 0xcd, 
	0x09, 0x0d, 0x09, 0x0d, 0x09, 0x0d, 0x09, 0x0d, 
	0x11, 0x51, 0x4a, 0x99, 0x6b, 0x5d, 0x4a, 0x99, 
	0x19, 0x93, 0x4a, 0x97, 0x19, 0x93, 0x19, 0x93, 
	0x19, 0x93, 0x5a, 0xd9, 0xdd, 0xe7, 0xdd, 0xe7, 
	0xcd, 0x65, 0xcd, 0x65, 0x7b, 0x5b, 0xa4, 0x5f, 
	0xdd, 0xe7, 0xb4, 0xe3, 0xb4, 0xe3, 0xb4, 0xe3, 
	0xdd, 0xa5, 0xdd, 0xa5, 0xdd, 0xa5, 0xdd, 0xa5, 
	0xee, 0x27, 0xdd, 0xe5, 0xd5, 0xa5, 0xee, 0x27, 
	0xd5, 0xa5, 0xb4, 0xa1, 0xbc, 0xe3, 0xbc, 0xe3, 
	0xbc, 0xe1, 0xbc, 0xe1, 0xd5, 0xa5, 0xe5, 0xe7, 
	0xdd, 0xe5, 0xdd, 0xe5, 0xb4, 0x9f, 0xb4, 0x9f, 
	0xd5, 0xa5, 0xb4, 0xe1, 0xb4, 0xe1, 0x94, 0x1d, 
	0xb4, 0xe3, 0xb4, 0xe3, 0x9c, 0x1f, 0xee, 0x69, 
	0xcd, 0x63, 0xd5, 0xa5, 0xbd, 0x23, 0xbd, 0x23, 
	0xcd, 0x63, 0xbc, 0xe1, 0xcd, 0x63, 0xcd, 0x63, 
	0xd5, 0xa5, 0xbc, 0xe1, 0xbc, 0xe1, 0xac, 0x9f, 
	0xd5, 0xa5, 0xd5, 0xa5, 0xcd, 0x63, 0xcd, 0x63, 
	0xcd, 0x63, 0xbd, 0x23, 0xbd, 0x23, 0xd5, 0xa5, 
	0xcd, 0x63, 0xcd, 0x63, 0xcd, 0x63, 0xbd, 0x21, 
	0xc5, 0x63, 0xc5, 0x63, 0xc5, 0x63, 0xd5, 0xa5, 
	0xcd, 0x65, 0xb4, 0x9f, 0xbd, 0x23, 0xbd, 0x23, 
	0xa4, 0x5f, 0xb4, 0xa1, 0xbd, 0x21, 0xcd, 0x63, 
	0xcd, 0x65, 0xcd, 0x65, 0xbc, 0xe1, 0xbc, 0xe1, 
	0xcd, 0x63, 0xbd, 0x21, 0xbd, 0x21, 0xbd, 0x21, 
	0xb4, 0x9f, 0xb4, 0x9f, 0xb4, 0x9f, 0xb4, 0x9f, 
	0xac, 0x5d, 0xac, 0x9d, 0xa4, 0x5b, 0xa4, 0x5b, 
	0x4a, 0x55, 0x4a, 0x55, 0x4a, 0x55, 0x4a, 0x55, 
	0x52, 0x99, 0x63, 0x1b, 0x3a, 0x13, 0x3a, 0x13, 
	0x4a, 0x55, 0x4a, 0x55, 0x4a, 0x55, 0x4a, 0x55, 
	0x4a, 0x55, 0x4a, 0x55, 0x4a, 0x55, 0x3a, 0x13, 
	0x4a, 0x55, 0x4a, 0x55, 0x4a, 0x55, 0x4a, 0x55, 
	0x5a, 0xd9, 0x5a, 0xd9, 0x4a, 0x57, 0x4a, 0x57, 
	0x5a, 0xd9, 0x5a, 0xd9, 0x4a, 0x57, 0x4a, 0x57, 
	0x6b, 0x1b, 0x6b, 0x1b, 0x6b, 0x1b, 0x6b, 0x1b, 
	0x4a, 0x55, 0x4a, 0x55, 0x7b, 0x9d, 0x4a, 0x55, 
	0x3a, 0x13, 0x29, 0xd1, 0x3a, 0x13, 0x62, 0xd9, 
	0x31, 0xd1, 0x52, 0x97, 0x31, 0xd1, 0x31, 0xd1, 
	0x21, 0x93, 0x21, 0x93, 0x21, 0x93, 0x73, 0x5d, 
	0x29, 0xd3, 0x29, 0xd3, 0x42, 0x57, 0x6b, 0x1d, 
	0x6b, 0x5b, 0x6b, 0x5b, 0x3a, 0x17, 0x6b, 0x5b, 
	0x94, 0x21, 0xc5, 0x65, 0xc5, 0x65, 0x3a, 0x17, 
	0x73, 0x5b, 0x73, 0x5b, 0x3a, 0x57, 0x73, 0x5b, 
	0xd5, 0xa3, 0xd5, 0xa3, 0x8b, 0xdd, 0x8b, 0xdd, 
	0x6b, 0x5b, 0x6b, 0x5b, 0x32, 0x15, 0x32, 0x15, 
	0x6b, 0x1b, 0x9c, 0x61, 0xd5, 0xa7, 0x31, 0xd5, 
	0x21, 0x93, 0x52, 0xd9, 0xb4, 0xe5, 0x83, 0xdf, 
	0x19, 0x53, 0x19, 0x53, 0x19, 0x53, 0x19, 0x53, 
	0x11, 0x51, 0x11, 0x51, 0x11, 0x51, 0x11, 0x51, 
	0x29, 0xd3, 0x09, 0x0f, 0x09, 0x0f, 0x29, 0xd3, 
	0x31, 0xd5, 0x4a, 0x99, 0x6b, 0x5d, 0x4a, 0x99, 
	0x2a, 0x15, 0x73, 0x5d, 0x52, 0x99, 0x09, 0x51, 
	0x08, 0xcd, 0x11, 0x0f, 0x08, 0xcd, 0x11, 0x0f, 
	0x11, 0x51, 0x11, 0x51, 0x11, 0x51, 0x11, 0x51, 
	0x21, 0x93, 0x19, 0x51, 0x21, 0x93, 0x29, 0xd3, 
	0x29, 0xd5, 0x29, 0xd5, 0x21, 0x91, 0x21, 0x91, 
	0x19, 0x51, 0x19, 0x51, 0x21, 0x93, 0x19, 0x51, 
	0x32, 0x15, 0x32, 0x15, 0x11, 0x51, 0x4a, 0x99, 
	0x5a, 0xd9, 0x11, 0x0f, 0x11, 0x0f, 0x11, 0x0f, 
	0x08, 0xcd, 0x08, 0xcd, 0x19, 0x4f, 0x08, 0xcd, 
	0x11, 0x0f, 0x19, 0x51, 0x19, 0x51, 0x29, 0x93, 
	0x21, 0x93, 0x09, 0x0f, 0x09, 0x0f, 0x09, 0x0f, 
	0x09, 0x0d, 0x09, 0x0d, 0x09, 0x0d, 0x09, 0x0d, 
	0x08, 0xcd, 0x08, 0xcd, 0x11, 0x0f, 0x08, 0xcd, 
	0x08, 0xcd, 0x11, 0x0f, 0x08, 0xcd, 0x11, 0x0f, 
	0x09, 0x0d, 0x09, 0x0d, 0x21, 0x91, 0x21, 0x91, 
	0x11, 0x51, 0x4a, 0x99, 0x6b, 0x5d, 0x4a, 0x99, 
	0x4a, 0x97, 0xa4, 0x61, 0xa4, 0x61, 0x4a, 0x97, 
	0x19, 0x93, 0x19, 0x93, 0x9c, 0x61, 0x9c, 0x61, 
	0x7b, 0x5b, 0xa4, 0x5f, 0x7b, 0x5b, 0xa4, 0x5f, 
	0xdd, 0xe7, 0xdd, 0xe7, 0xb4, 0xe3, 0xdd, 0xe7, 
	0xb4, 0xe1, 0xdd, 0xa5, 0xfe, 0xab, 0xdd, 0xa5, 
	0xd5, 0xa5, 0xd5, 0xa5, 0xc5, 0x23, 0xdd, 0xe5, 
	0xb4, 0xa1, 0xbc, 0xe3, 0xb4, 0xa1, 0xd5, 0xa5, 
	0xbc, 0xe1, 0xbc, 0xe1, 0xcd, 0x23, 0xe5, 0xe7, 
	0xdd, 0xe5, 0xdd, 0xe5, 0xb4, 0x9f, 0xb4, 0x9f, 
	0xd5, 0xa5, 0xd5, 0xa5, 0xd5, 0xa5, 0xb4, 0xe1, 
	0xb4, 0xe3, 0xd5, 0xa5, 0x9c, 0x1f, 0xee, 0x69, 
	0xd5, 0xa5, 0xcd, 0x63, 0xb4, 0xe1, 0xd5, 0xa5, 
	0xcd, 0x63, 0xbc, 0xe1, 0xcd, 0x63, 0xd5, 0xa5, 
	0xd5, 0xa5, 0xd5, 0xa5, 0xac, 0x9f, 0xac, 0x9f, 
	0xd5, 0xa5, 0xd5, 0xa5, 0xcd, 0x63, 0xd5, 0xa5, 
	0xcd, 0x63, 0xbd, 0x23, 0xd5, 0xa5, 0xcd, 0x63, 
	0xcd, 0x63, 0xd5, 0xa5, 0xcd, 0x63, 0xbd, 0x21, 
	0xc5, 0x63, 0xd5, 0xa5, 0xc5, 0x63, 0xc5, 0x63, 
	0xb4, 0x9f, 0xbd, 0x23, 0xb4, 0x9f, 0xcd, 0x65, 
	0xbd, 0x21, 0xcd, 0x63, 0xb4, 0xa1, 0xb4, 0xa1, 
	0xcd, 0x65, 0xc5, 0x23, 0xbc, 0xe1, 0xb4, 0xdf, 
	0xcd, 0x63, 0xbd, 0x21, 0xbd, 0x21, 0xb4, 0x9f, 
	0xac, 0x9d, 0xac, 0x5d, 0xac, 0x9d, 0xac, 0x5d, 
	0xa4, 0x5b, 0xac, 0x9d, 0xac, 0x9d, 0xa4, 0x1b, 
	0x4a, 0x55, 0x52, 0x97, 0x3a, 0x13, 0x3a, 0x13, 
	0x4a, 0x55, 0x52, 0x99, 0x4a, 0x55, 0x52, 0x99, 
	0x4a, 0x55, 0x52, 0x97, 0x3a, 0x13, 0x3a, 0x13, 
	0x3a, 0x13, 0x3a, 0x13, 0x4a, 0x55, 0x52, 0x99, 
	0x4a, 0x55, 0x52, 0x97, 0x3a, 0x13, 0x3a, 0x13, 
	0x4a, 0x57, 0x5a, 0xd9, 0x31, 0xd1, 0x31, 0xd1, 
	0x21, 0x91, 0x5a, 0xd9, 0x4a, 0x57, 0x31, 0xd3, 
	0x4a, 0x55, 0x52, 0x97, 0x4a, 0x55, 0x52, 0x97, 
	0x4a, 0x55, 0x5a, 0xd7, 0x4a, 0x55, 0x5a, 0xd7, 
	0x3a, 0x13, 0x3a, 0x13, 0x3a, 0x13, 0x3a, 0x13, 
	0x52, 0x97, 0x52, 0x97, 0x31, 0xd1, 0x31, 0xd1, 
	0x21, 0x93, 0x21, 0x93, 0x21, 0x93, 0x73, 0x5d, 
	0x6b, 0x1d, 0x42, 0x57, 0x29, 0xd3, 0x29, 0xd3, 
	0x52, 0xd9, 0x52, 0xd9, 0x52, 0xd9, 0x3a, 0x17, 
	0x3a, 0x17, 0x6b, 0x1b, 0x94, 0x21, 0x94, 0x21, 
	0x73, 0x5b, 0x73, 0x5b, 0x3a, 0x57, 0x21, 0xd5, 
	0xac, 0x9f, 0xd5, 0xa3, 0xac, 0x9f, 0xac, 0x9f, 
	0x8b, 0xdf, 0x6b, 0x5b, 0x32, 0x15, 0x32, 0x15, 
	0x31, 0xd5, 0x31, 0xd5, 0x6b, 0x1b, 0x31, 0xd5, 
	0x21, 0x93, 0x21, 0x93, 0x52, 0xd9, 0x52, 0xd9, 
	0x32, 0x15, 0x32, 0x15, 0x6b, 0x5b, 0x52, 0x99, 
	0x29, 0xd3, 0x11, 0x51, 0x11, 0x51, 0x3a, 0x57, 
	0x29, 0xd3, 0x29, 0xd3, 0x29, 0xd3, 0x6b, 0x5d, 
	0x31, 0xd5, 0x11, 0x51, 0x31, 0xd5, 0x11, 0x51, 
	0x09, 0x51, 0x73, 0x5d, 0x52, 0x99, 0x09, 0x51, 
	0x11, 0x0f, 0x11, 0x0f, 0x08, 0xcd, 0x08, 0xcd, 
	0x11, 0x51, 0x11, 0x51, 0x11, 0x51, 0x29, 0xd3, 
	0x29, 0xd3, 0x29, 0xd3, 0x29, 0xd3, 0x29, 0xd3, 
	0x21, 0x93, 0x29, 0xd5, 0x21, 0x91, 0x21, 0x91, 
	0x11, 0x0f, 0x11, 0x0f, 0x11, 0x0f, 0x11, 0x0f, 
	0x11, 0x51, 0x11, 0x51, 0x32, 0x15, 0x6b, 0x5d, 
	0x5a, 0xd9, 0x11, 0x0f, 0x11, 0x0f, 0x11, 0x0f, 
	0x32, 0x15, 0x08, 0xcd, 0x08, 0xcd, 0x08, 0xcd, 
	0x11, 0x0f, 0x11, 0x0f, 0x19, 0x51, 0x29, 0x93, 
	0x5a, 0xd9, 0x09, 0x0f, 0x09, 0x0f, 0x09, 0x0f, 
	0x09, 0x0d, 0x09, 0x0d, 0x09, 0x0d, 0x09, 0x0d, 
	0x08, 0xcd, 0x11, 0x0f, 0x08, 0xcd, 0x08, 0xcd, 
	0x11, 0x0f, 0x11, 0x0f, 0x11, 0x0f, 0x11, 0x0f, 
	0x09, 0x0d, 0x21, 0x91, 0x4a, 0x99, 0x4a, 0x99, 
	0x11, 0x51, 0x11, 0x51, 0x11, 0x51, 0x4a, 0x99, 
	0x19, 0x93, 0x19, 0x93, 0x73, 0x5d, 0x4a, 0x97, 
	0x5a, 0xd9, 0x5a, 0xd9, 0xdd, 0xe7, 0xdd, 0xe7, 
	0xcd, 0x65, 0xa4, 0x5f, 0x7b, 0x5b, 0x7b, 0x5b, 
	0xdd, 0xe7, 0x83, 0xdd, 0x83, 0xdd, 0xdd, 0xe7, 
	0xdd, 0xa5, 0xb4, 0xe1, 0xdd, 0xa5, 0xdd, 0xa5, 
	0xdd, 0xe5, 0xdd, 0xe5, 0xdd, 0xe5, 0xc5, 0x23, 
	0xbc, 0xe3, 0xd5, 0xa5, 0xbc, 0xe3, 0xbc, 0xe3, 
	0xcd, 0x23, 0xcd, 0x23, 0xbc, 0xe1, 0xd5, 0xa5, 
	0xdd, 0xe5, 0xdd, 0xe5, 0xc5, 0x23, 0x9c, 0x1d, 
	0x94, 0x1d, 0xf6, 0x69, 0xf6, 0x69, 0xd5, 0xa5, 
	0xb4, 0xe3, 0xb4, 0xe3, 0xd5, 0xa5, 0xb4, 0xe3, 
	0xbd, 0x23, 0xbd, 0x23, 0xbd, 0x23, 0xbd, 0x23, 
	0xcd, 0x63, 0xbc, 0xe1, 0xbc, 0xe1, 0xd5, 0xa5, 
	0xc5, 0x63, 0xd5, 0xa5, 0xc5, 0x63, 0xbc, 0xe1, 
	0xb4, 0xe1, 0xd5, 0xa5, 0xcd, 0x63, 0xcd, 0x63, 
	0xbd, 0x23, 0xbd, 0x23, 0xbd, 0x23, 0xd5, 0xa5, 
	0xd5, 0xa5, 0xd5, 0xa5, 0xcd, 0x63, 0xcd, 0x63, 
	0xd5, 0xa5, 0xd5, 0xa5, 0xbc, 0xdf, 0xac, 0x9d, 
	0xb4, 0x9f, 0xb4, 0x9f, 0xbd, 0x23, 0xbd, 0x23, 
	0xbd, 0x21, 0xbd, 0x21, 0xbd, 0x21, 0xbd, 0x21, 
	0xbc, 0xe1, 0xbc, 0xe1, 0xbc, 0xe1, 0xbc, 0xe1, 
	0xbd, 0x21, 0xbd, 0x21, 0xa4, 0x5d, 0xb4, 0x9f, 
	0xb4, 0x9f, 0xb4, 0x9f, 0xa4, 0x5b, 0xa4, 0x5b, 
	0xa4, 0x5b, 0xa4, 0x5b, 0xac, 0x5d, 0xac, 0x9d, 
	0x4a, 0x55, 0x4a, 0x55, 0x3a, 0x13, 0x31, 0xd1, 
	0x4a, 0x55, 0x4a, 0x55, 0x4a, 0x55, 0x4a, 0x55, 
	0x4a, 0x55, 0x4a, 0x55, 0x3a, 0x13, 0x31, 0xd1, 
	0x3a, 0x13, 0x3a, 0x13, 0x4a, 0x55, 0x4a, 0x55, 
	0x4a, 0x55, 0x4a, 0x55, 0x3a, 0x13, 0x31, 0xd1, 
	0x4a, 0x57, 0x4a, 0x57, 0x31, 0xd1, 0x31, 0xd1, 
	0x21, 0x91, 0x31, 0xd3, 0x31, 0xd3, 0x31, 0xd3, 
	0x4a, 0x55, 0x4a, 0x55, 0x4a, 0x55, 0x4a, 0x55, 
	0x4a, 0x55, 0x4a, 0x55, 0x4a, 0x55, 0x4a, 0x55, 
	0x3a, 0x13, 0x29, 0xd1, 0x3a, 0x13, 0x29, 0xd1, 
	0x42, 0x15, 0x52, 0x97, 0x31, 0xd1, 0x31, 0xd1, 
	0x3a, 0x57, 0x5a, 0xd9, 0x21, 0x93, 0x3a, 0x57, 
	0x52, 0x99, 0x42, 0x57, 0x29, 0xd3, 0x29, 0xd3, 
	0x52, 0xd9, 0x6b, 0x5b, 0x52, 0xd9, 0x21, 0x95, 
	0x3a, 0x17, 0x6b, 0x1b, 0x6b, 0x1b, 0x6b, 0x1b, 
	0x73, 0x5b, 0x73, 0x5b, 0x21, 0xd5, 0x3a, 0x57, 
	0x8b, 0xdd, 0xac, 0x9f, 0xac, 0x9f, 0xac, 0x9f, 
	0x8b, 0xdf, 0x8b, 0xdf, 0x6b, 0x5b, 0x6b, 0x5b, 
	0x31, 0xd5, 0x31, 0xd5, 0x6b, 0x1b, 0x31, 0xd5, 
	0x52, 0xd9, 0x52, 0xd9, 0x21, 0x93, 0x21, 0x93, 
	0x19, 0x53, 0x52, 0x99, 0x6b, 0x5b, 0x52, 0x99, 
	0x29, 0xd3, 0x11, 0x51, 0x11, 0x51, 0x52, 0xd9, 
	0x4a, 0x99, 0x09, 0x0f, 0x4a, 0x99, 0x6b, 0x5d, 
	0x4a, 0x99, 0x11, 0x51, 0x31, 0xd5, 0x4a, 0x99, 
	0x09, 0x51, 0x09, 0x51, 0x09, 0x51, 0x09, 0x51, 
	0x11, 0x0f, 0x11, 0x0f, 0x11, 0x0f, 0x08, 0xcd, 
	0x52, 0x99, 0x29, 0xd3, 0x29, 0xd3, 0x29, 0xd3, 
	0x32, 0x15, 0x29, 0xd3, 0x32, 0x15, 0x29, 0xd3, 
	0x21, 0x93, 0x21, 0x93, 0x19, 0x4f, 0x19, 0x4f, 
	0x19, 0x91, 0x19, 0x91, 0x11, 0x0f, 0x11, 0x0f, 
	0x11, 0x51, 0x11, 0x51, 0x11, 0x51, 0x32, 0x15, 
	0x5a, 0xd9, 0x5a, 0xd9, 0x11, 0x0f, 0x11, 0x0f, 
	0x19, 0x4f, 0x08, 0xcd, 0x19, 0x4f, 0x08, 0xcd, 
	0x11, 0x0f, 0x00, 0xcd, 0x11, 0x0f, 0x19, 0x51, 
	0x5a, 0xd9, 0x5a, 0xd9, 0x09, 0x0f, 0x09, 0x0f, 
	0x09, 0x0d, 0x09, 0x0d, 0x09, 0x0d, 0x09, 0x0d, 
	0x08, 0xcd, 0x08, 0xcd, 0x08, 0xcd, 0x11, 0x0f, 
	0x11, 0x0f, 0x11, 0x0f, 0x11, 0x0f, 0x08, 0xcd, 
	0x09, 0x0d, 0x09, 0x0d, 0x21, 0x91, 0x21, 0x91, 
	0x11, 0x51, 0x11, 0x51, 0x31, 0xd5, 0x31, 0xd5, 
	0x19, 0x93, 0x19, 0x93, 0x19, 0x93, 0x4a, 0x97, 
	0x19, 0x93, 0x19, 0x93, 0x5a, 0xd9, 0xdd, 0xe7, 
	0xf6, 0x69, 0xcd, 0x65, 0xf6, 0x69, 0x7b, 0x5b, 
	0xb4, 0xe3, 0x83, 0xdd, 0x5a, 0xd9, 0xdd, 0xe7, 
	0xdd, 0xa5, 0xdd, 0xa5, 0xb4, 0xe1, 0xdd, 0xa5, 
	0xdd, 0xe5, 0xdd, 0xe5, 0xd5, 0xa5, 0xd5, 0xa5, 
	0xbc, 0xe3, 0xd5, 0xa5, 0xbc, 0xe3, 0xb4, 0xa1, 
	0xcd, 0x23, 0xd5, 0xa5, 0xbc, 0xe1, 0xbc, 0xe1, 
	0xb4, 0x9f, 0xdd, 0xe5, 0xdd, 0xe5, 0xc5, 0x23, 
	0x94, 0x1d, 0xf6, 0x69, 0xf6, 0x69, 0xd5, 0xa5, 
	0xb4, 0xe3, 0xd5, 0xa5, 0xee, 0x69, 0xd5, 0xa5, 
	0xb4, 0xe1, 0xd5, 0xa5, 0xbd, 0x23, 0xb4, 0xe1, 
	0xcd, 0x63, 0xbc, 0xe1, 0xc5, 0x23, 0xd5, 0xa5, 
	0xc5, 0x63, 0xc5, 0x63, 0xc5, 0x63, 0xbc, 0xe1, 
	0xb4, 0xe1, 0xb4, 0xe1, 0xcd, 0x63, 0xd5, 0xa5, 
	0xb4, 0xe1, 0xd5, 0xa5, 0xb4, 0xe1, 0xb4, 0xe1, 
	0xd5, 0xa5, 0xd5, 0xa5, 0xcd, 0x63, 0xd5, 0xa5, 
	0xd5, 0xa5, 0xd5, 0xa5, 0xac, 0x9d, 0xac, 0x9d, 
	0xa4, 0x5d, 0xa4, 0x5d, 0xbd, 0x23, 0xb4, 0x9f, 
	0xbd, 0x21, 0xb4, 0xa1, 0xbd, 0x21, 0xb4, 0xa1, 
	0xbc, 0xe1, 0xb4, 0xdf, 0xbc, 0xe1, 0xb4, 0xdf, 
	0xbd, 0x21, 0xb4, 0x9f, 0xa4, 0x5d, 0xb4, 0x9f, 
	0xac, 0x9d, 0xac, 0x5d, 0xac, 0x9d, 0xa4, 0x5b, 
	0xa4, 0x1b, 0xa4, 0x1b, 0xa4, 0x5b, 0xac, 0x9d, 
	0x42, 0x13, 0x3a, 0x13, 0x42, 0x13, 0x3a, 0x13, 
	0x3a, 0x13, 0x3a, 0x13, 0x4a, 0x55, 0x52, 0x97, 
	0x42, 0x13, 0x3a, 0x13, 0x42, 0x13, 0x3a, 0x13, 
	0x42, 0x13, 0x3a, 0x13, 0x42, 0x13, 0x3a, 0x13, 
	0x42, 0x13, 0x3a, 0x13, 0x31, 0xd1, 0x31, 0xd1, 
	0x31, 0xd1, 0x31, 0xd3, 0x31, 0xd1, 0x31, 0xd3, 
	0x19, 0x4f, 0x31, 0xd3, 0x31, 0xd3, 0x31, 0xd3, 
	0x31, 0xd1, 0x31, 0xd1, 0x42, 0x13, 0x3a, 0x13, 
	0x4a, 0x55, 0x52, 0x97, 0x3a, 0x13, 0x3a, 0x13, 
	0x31, 0xd1, 0x31, 0xd1, 0x42, 0x13, 0x3a, 0x13, 
	0x42, 0x13, 0x3a, 0x13, 0x42, 0x13, 0x3a, 0x13, 
	0x42, 0x13, 0x3a, 0x13, 0x29, 0x91, 0x29, 0x91, 
	0x29, 0x91, 0x29, 0x91, 0x29, 0x91, 0x29, 0x91, 
	0x4a, 0x55, 0x31, 0xd3, 0x5a, 0xd7, 0x31, 0xd3, 
	0x3a, 0x57, 0x4a, 0x99, 0x3a, 0x57, 0x4a, 0x99, 
	0x3a, 0x13, 0x3a, 0x13, 0x3a, 0x13, 0x5a, 0xd9, 
	0x73, 0x1b, 0x73, 0x1b, 0x73, 0x1b, 0x73, 0x1b, 
	0x73, 0x9d, 0x73, 0x9d, 0x4a, 0x97, 0x4a, 0x97, 
	0x63, 0x1b, 0x63, 0x1b, 0x63, 0x1b, 0x42, 0x57, 
	0x63, 0x1b, 0x63, 0x1b, 0x7b, 0x9d, 0x7b, 0x9d, 
	0x29, 0xd5, 0x29, 0xd5, 0x29, 0xd5, 0x29, 0xd5, 
	0x19, 0x91, 0x19, 0x91, 0x19, 0x91, 0x52, 0x9b, 
	0x32, 0x17, 0x09, 0x51, 0x21, 0x93, 0x4a, 0x99, 
	0x31, 0xd3, 0x31, 0xd3, 0x31, 0xd3, 0x31, 0xd3, 
	0x09, 0x0f, 0x21, 0x91, 0x09, 0x0f, 0x09, 0x0f, 
	0x08, 0xcd, 0x09, 0x0f, 0x11, 0x51, 0x09, 0x0f, 
	0x3a, 0x57, 0x29, 0xd3, 0x21, 0x51, 0x21, 0x51, 
	0x21, 0x93, 0x29, 0xd5, 0x3a, 0x17, 0x3a, 0x17, 
	0x21, 0x95, 0x21, 0x95, 0x19, 0x53, 0x19, 0x53, 
	0x3a, 0x15, 0x3a, 0x15, 0x11, 0x0f, 0x11, 0x0f, 
	0x19, 0x51, 0x19, 0x51, 0x11, 0x0f, 0x11, 0x0f, 
	0x11, 0x11, 0x32, 0x13, 0x21, 0x93, 0x21, 0x93, 
	0x19, 0x51, 0x19, 0x51, 0x21, 0x93, 0x11, 0x0f, 
	0x08, 0xcd, 0x08, 0xcd, 0x08, 0xcd, 0x21, 0x93, 
	0x21, 0x93, 0x21, 0x93, 0x09, 0x0f, 0x09, 0x0f, 
	0x08, 0xcd, 0x08, 0xcd, 0x08, 0xcd, 0x08, 0xcd, 
	0x09, 0x0f, 0x09, 0x0f, 0x09, 0x0f, 0x09, 0x0f, 
	0x08, 0xcd, 0x08, 0xcd, 0x08, 0xcd, 0x08, 0xcd, 
	0x11, 0x0f, 0x11, 0x0f, 0x11, 0x0f, 0x11, 0x0f, 
	0x11, 0x11, 0x29, 0x93, 0x11, 0x11, 0x11, 0x11, 
	0x11, 0x4f, 0x11, 0x4f, 0x11, 0x4f, 0x6b, 0x5d, 
	0x52, 0xd9, 0x29, 0xd5, 0x83, 0x9d, 0xac, 0xa1, 
	0xe6, 0x27, 0xd5, 0xa5, 0xd5, 0xa5, 0xbc, 0xe1, 
	0x29, 0xd5, 0xc5, 0x23, 0x94, 0x1f, 0xc5, 0x23, 
	0xc5, 0x63, 0xc5, 0x63, 0xc5, 0x63, 0xc5, 0x63, 
	0xdd, 0xe5, 0xdd, 0xe5, 0xdd, 0xe5, 0xc5, 0x23, 
	0xbc, 0xe1, 0xbc, 0xe1, 0xbc, 0xe1, 0xbc, 0xe1, 
	0xd5, 0xa5, 0xd5, 0xa5, 0xbc, 0xe1, 0x9c, 0x1d, 
	0x94, 0x1f, 0xd5, 0xa5, 0xd5, 0xa5, 0xf6, 0x29, 
	0xa4, 0x5f, 0xb4, 0xa1, 0xdd, 0xa5, 0xdd, 0xa5, 
	0xbc, 0xe1, 0xbc, 0xe1, 0xbc, 0xe1, 0xd5, 0xa5, 
	0xbd, 0x23, 0xcd, 0x65, 0xcd, 0x65, 0xbd, 0x23, 
	0xbd, 0x23, 0xd5, 0xa5, 0xd5, 0xa5, 0xd5, 0xa5, 
	0xcd, 0x63, 0xcd, 0x63, 0xcd, 0x63, 0xbc, 0xe1, 
	0xac, 0x9f, 0xac, 0x9f, 0xd5, 0xa5, 0xd5, 0xa5, 
	0xd5, 0xa5, 0xd5, 0xa5, 0xcd, 0x63, 0xcd, 0x63, 
	0xcd, 0x63, 0xcd, 0x63, 0xcd, 0x63, 0xcd, 0x63, 
	0xdd, 0xa5, 0xdd, 0xa5, 0xb4, 0xdf, 0xb4, 0xdf, 
	0xb4, 0x9f, 0xb4, 0x9f, 0xbc, 0xe1, 0xbc, 0xe1, 
	0xbc, 0xe1, 0xbc, 0xe1, 0xb4, 0x9f, 0xb4, 0x9f, 
	0xb4, 0xdf, 0xb4, 0xdf, 0xb4, 0xdf, 0xb4, 0xdf, 
	0xb4, 0x9f, 0xb4, 0x9f, 0xa4, 0x5d, 0xa4, 0x5d, 
	0xa4, 0x5b, 0xa4, 0x5b, 0xa4, 0x5b, 0xa4, 0x5b, 
	0xa4, 0x5b, 0xac, 0x9d, 0x9c, 0x1b, 0x93, 0xd9, 
	0x3a, 0x13, 0x31, 0xd1, 0x3a, 0x13, 0x31, 0xd1, 
	0x3a, 0x13, 0x31, 0xd1, 0x4a, 0x55, 0x4a, 0x55, 
	0x3a, 0x13, 0x31, 0xd1, 0x3a, 0x13, 0x31, 0xd1, 
	0x3a, 0x13, 0x31, 0xd1, 0x3a, 0x13, 0x31, 0xd1, 
	0x3a, 0x13, 0x31, 0xd1, 0x29, 0x91, 0x31, 0xd1, 
	0x29, 0x91, 0x31, 0xd1, 0x29, 0x91, 0x31, 0xd1, 
	0x19, 0x4f, 0x21, 0x51, 0x29, 0x91, 0x31, 0xd3, 
	0x29, 0x91, 0x31, 0xd1, 0x3a, 0x13, 0x31, 0xd1, 
	0x4a, 0x55, 0x4a, 0x55, 0x3a, 0x13, 0x31, 0xd1, 
	0x29, 0x91, 0x31, 0xd1, 0x3a, 0x13, 0x31, 0xd1, 
	0x3a, 0x13, 0x31, 0xd1, 0x3a, 0x13, 0x31, 0xd1, 
	0x3a, 0x13, 0x31, 0xd1, 0x29, 0x91, 0x29, 0x91, 
	0x29, 0x91, 0x29, 0x91, 0x3a, 0x15, 0x62, 0xdb, 
	0x31, 0xd3, 0x31, 0xd3, 0x5a, 0xd7, 0x21, 0x91, 
	0x21, 0x93, 0x21, 0x93, 0x21, 0x93, 0x21, 0x93, 
	0x3a, 0x13, 0x3a, 0x13, 0x83, 0x9d, 0xa4, 0xa3, 
	0x73, 0x1b, 0x73, 0x1b, 0x73, 0x1b, 0x73, 0x1b, 
	0x4a, 0x97, 0x4a, 0x97, 0x4a, 0x97, 0x4a, 0x97, 
	0x63, 0x1b, 0x83, 0x9d, 0x83, 0x9d, 0x42, 0x57, 
	0x32, 0x15, 0x4a, 0x97, 0x4a, 0x97, 0x4a, 0x97, 
	0x29, 0xd5, 0x29, 0xd5, 0x6b, 0x5b, 0x6b, 0x5b, 
	0x19, 0x91, 0x29, 0xd5, 0x19, 0x91, 0x29, 0xd5, 
	0x21, 0x93, 0x21, 0x93, 0x4a, 0x99, 0x4a, 0x99, 
	0x9c, 0x61, 0x31, 0xd3, 0x31, 0xd3, 0x31, 0xd3, 
	0x32, 0x15, 0x4a, 0x57, 0x09, 0x0f, 0x09, 0x0f, 
	0x00, 0x8b, 0x08, 0xcd, 0x09, 0x0f, 0x09, 0x0f, 
	0x29, 0xd3, 0x21, 0x51, 0x21, 0x51, 0x21, 0x51, 
	0x21, 0x93, 0x21, 0x93, 0x32, 0x15, 0x3a, 0x17, 
	0x32, 0x15, 0x32, 0x15, 0x21, 0x95, 0x3a, 0x57, 
	0x5a, 0xd9, 0x11, 0x0f, 0x11, 0x0f, 0x11, 0x0f, 
	0x19, 0x51, 0x19, 0x51, 0x11, 0x0f, 0x21, 0x91, 
	0x32, 0x13, 0x21, 0x93, 0x21, 0x93, 0x21, 0x93, 
	0x19, 0x51, 0x11, 0x0f, 0x11, 0x0f, 0x19, 0x51, 
	0x11, 0x0f, 0x08, 0xcd, 0x08, 0xcd, 0x08, 0xcd, 
	0x09, 0x0f, 0x09, 0x0f, 0x21, 0x93, 0x09, 0x0f, 
	0x08, 0xcd, 0x08, 0xcd, 0x08, 0xcd, 0x08, 0xcd, 
	0x09, 0x0f, 0x09, 0x0f, 0x09, 0x0f, 0x09, 0x0f, 
	0x08, 0xcd, 0x08, 0xcd, 0x08, 0xcd, 0x29, 0x93, 
	0x11, 0x0f, 0x11, 0x0f, 0x11, 0x0f, 0x11, 0x0f, 
	0x11, 0x11, 0x52, 0xd9, 0x52, 0xd9, 0x11, 0x11, 
	0x11, 0x4f, 0x11, 0x4f, 0x11, 0x4f, 0x11, 0x4f, 
	0x29, 0xd5, 0x29, 0xd5, 0x29, 0xd5, 0xac, 0xa1, 
	0xe6, 0x27, 0xbc, 0xe1, 0xd5, 0xa5, 0xd5, 0xa5, 
	0x94, 0x1f, 0xc5, 0x23, 0x94, 0x1f, 0xc5, 0x23, 
	0xc5, 0x63, 0xc5, 0x63, 0xe6, 0x27, 0xe6, 0x27, 
	0xdd, 0xe5, 0xdd, 0xe5, 0xd5, 0xa5, 0xd5, 0xa5, 
	0xbc, 0xe1, 0xbc, 0xe1, 0xbc, 0xe1, 0xbc, 0xe1, 
	0xbc, 0xe1, 0xd5, 0xa5, 0xd5, 0xa5, 0xd5, 0xa5, 
	0x94, 0x1f, 0xb4, 0xe3, 0xf6, 0x29, 0xd5, 0xa5, 
	0xcd, 0x23, 0xcd, 0x23, 0xdd, 0xa5, 0xdd, 0xa5, 
	0xbc, 0xe1, 0xbc, 0xe1, 0xbc, 0xe1, 0xbc, 0xe1, 
	0xb4, 0x9f, 0xb4, 0x9f, 0xcd, 0x65, 0xbd, 0x23, 
	0xb4, 0xe1, 0xb4, 0xe1, 0xd5, 0xa5, 0xd5, 0xa5, 
	0xcd, 0x63, 0xcd, 0x63, 0xcd, 0x63, 0xbc, 0xe1, 
	0xac, 0x9f, 0xac, 0x9f, 0xd5, 0xa5, 0xc5, 0x21, 
	0xd5, 0xa5, 0xbd, 0x21, 0xcd, 0x63, 0xd5, 0xa5, 
	0xcd, 0x63, 0xc5, 0x21, 0xcd, 0x63, 0xc5, 0x21, 
	0xb4, 0xdf, 0xb4, 0xdf, 0xa4, 0x5d, 0xa4, 0x5d, 
	0xac, 0x9f, 0xa4, 0x5d, 0xbc, 0xe1, 0xb4, 0x9f, 
	0xbc, 0xe1, 0xb4, 0x9f, 0xac, 0x9d, 0xa4, 0x5b, 
	0xac, 0x9d, 0xa4, 0x5d, 0xac, 0x9d, 0xa4, 0x5d, 
	0xac, 0x5d, 0xac, 0x5d, 0x9c, 0x1b, 0xa4, 0x5d, 
	0x9c, 0x1b, 0xa4, 0x1b, 0x9c, 0x1b, 0xa4, 0x1b, 
	0xa4, 0x5b, 0xac, 0x9d, 0x9c, 0x1b, 0x93, 0xd9, 
	0x31, 0xd1, 0x31, 0xd1, 0x42, 0x13, 0x3a, 0x13, 
	0x3a, 0x13, 0x3a, 0x13, 0x3a, 0x13, 0x3a, 0x13, 
	0x42, 0x13, 0x3a, 0x13, 0x42, 0x13, 0x3a, 0x13, 
	0x42, 0x13, 0x3a, 0x13, 0x42, 0x13, 0x3a, 0x13, 
	0x42, 0x13, 0x3a, 0x13, 0x31, 0xd1, 0x31, 0xd1, 
	0x31, 0xd1, 0x31, 0xd3, 0x31, 0xd1, 0x31, 0xd3, 
	0x29, 0x91, 0x29, 0x91, 0x29, 0x91, 0x29, 0x91, 
	0x31, 0xd1, 0x31, 0xd1, 0x31, 0xd1, 0x31, 0xd1, 
	0x3a, 0x13, 0x3a, 0x13, 0x31, 0xd1, 0x31, 0xd1, 
	0x31, 0xd1, 0x31, 0xd1, 0x42, 0x13, 0x3a, 0x13, 
	0x29, 0x91, 0x29, 0x91, 0x42, 0x13, 0x3a, 0x13, 
	0x31, 0xd1, 0x31, 0xd1, 0x31, 0xd1, 0x31, 0xd1, 
	0x29, 0x91, 0x29, 0x91, 0x29, 0x91, 0x3a, 0x15, 
	0x4a, 0x55, 0x5a, 0xd7, 0x21, 0x91, 0x21, 0x91, 
	0x3a, 0x57, 0x4a, 0x99, 0x32, 0x15, 0x32, 0x15, 
	0x3a, 0x13, 0x3a, 0x13, 0x3a, 0x13, 0x5a, 0xd9, 
	0x73, 0x1b, 0x4a, 0x99, 0x73, 0x1b, 0x73, 0x1b, 
	0x4a, 0x97, 0x4a, 0x97, 0x63, 0x1b, 0x3a, 0x15, 
	0x21, 0xd5, 0x83, 0x9d, 0x83, 0x9d, 0x83, 0x9d, 
	0x32, 0x15, 0x32, 0x15, 0x32, 0x15, 0x32, 0x15, 
	0x29, 0xd5, 0x6b, 0x5b, 0x8b, 0xdf, 0x29, 0xd5, 
	0x19, 0x91, 0x19, 0x91, 0x29, 0xd5, 0x29, 0xd5, 
	0x32, 0x17, 0x32, 0x17, 0x32, 0x17, 0x32, 0x17, 
	0x6b, 0x19, 0x9c, 0x61, 0x6b, 0x19, 0x6b, 0x19, 
	0x4a, 0x57, 0x4a, 0x57, 0x09, 0x0f, 0x09, 0x0f, 
	0x08, 0xcd, 0x08, 0xcd, 0x09, 0x0f, 0x11, 0x51, 
	0x21, 0x51, 0x29, 0xd3, 0x29, 0xd3, 0x29, 0xd3, 
	0x3a, 0x17, 0x3a, 0x17, 0x21, 0x93, 0x29, 0xd5, 
	0x3a, 0x57, 0x3a, 0x57, 0x3a, 0x57, 0x3a, 0x57, 
	0x83, 0x9f, 0x11, 0x0f, 0x11, 0x0f, 0x11, 0x0f, 
	0x19, 0x51, 0x29, 0xd3, 0x19, 0x51, 0x19, 0x51, 
	0x42, 0x55, 0x21, 0x93, 0x21, 0x93, 0x21, 0x93, 
	0x19, 0x51, 0x19, 0x51, 0x08, 0xcd, 0x08, 0xcd, 
	0x08, 0xcd, 0x21, 0x93, 0x08, 0xcd, 0x11, 0x0f, 
	0x3a, 0x15, 0x09, 0x0f, 0x09, 0x0f, 0x3a, 0x15, 
	0x32, 0x15, 0x08, 0xcd, 0x21, 0x91, 0x4a, 0x99, 
	0x09, 0x0f, 0x09, 0x0f, 0x09, 0x0f, 0x21, 0x93, 
	0x42, 0x57, 0x29, 0x93, 0x08, 0xcd, 0x08, 0xcd, 
	0x11, 0x0f, 0x11, 0x0f, 0x11, 0x0f, 0x11, 0x0f, 
	0x11, 0x11, 0x11, 0x11, 0x29, 0x93, 0x11, 0x11, 
	0x11, 0x4f, 0x32, 0x13, 0x32, 0x13, 0x32, 0x13, 
	0x29, 0xd5, 0x29, 0xd5, 0x29, 0xd5, 0x52, 0xd9, 
	0xd5, 0xa5, 0xd5, 0xa5, 0xcd, 0x23, 0xcd, 0x23, 
	0x94, 0x1f, 0xc5, 0x23, 0x94, 0x1f, 0x5a, 0xd9, 
	0xc5, 0x63, 0xc5, 0x63, 0xc5, 0x63, 0xc5, 0x63, 
	0xcd, 0x63, 0xd5, 0xa5, 0xcd, 0x63, 0xcd, 0x63, 
	0xbc, 0xe1, 0x8b, 0xdd, 0xd5, 0xa3, 0xd5, 0xa3, 
	0xbc, 0xe1, 0xbc, 0xe1, 0xbc, 0xe1, 0xd5, 0xa5, 
	0xd5, 0xa5, 0xd5, 0xa5, 0xb4, 0xe3, 0xb4, 0xe3, 
	0xa4, 0x5f, 0xb4, 0xa1, 0xdd, 0xa5, 0xcd, 0x23, 
	0xd5, 0xa5, 0xbc, 0xe1, 0xa4, 0x5b, 0xa4, 0x5b, 
	0xb4, 0x9f, 0xb4, 0x9f, 0xbd, 0x23, 0xbd, 0x23, 
	0xbd, 0x23, 0xbd, 0x23, 0xcd, 0x63, 0xbd, 0x23, 
	0xbc, 0xe1, 0xbc, 0xe1, 0xbc, 0xe1, 0xbc, 0xe1, 
	0xc5, 0x21, 0x9c, 0x1b, 0xc5, 0x21, 0xc5, 0x21, 
	0xbd, 0x21, 0xbd, 0x21, 0xbd, 0x21, 0xbd, 0x21, 
	0xb4, 0x9f, 0xb4, 0x9f, 0xac, 0x5d, 0xac, 0x5d, 
	0xb4, 0xdf, 0xb4, 0xdf, 0xb4, 0xdf, 0xb4, 0xdf, 
	0xb4, 0x9f, 0xb4, 0x9f, 0xb4, 0x9f, 0xb4, 0x9f, 
	0xb4, 0x9f, 0xb4, 0x9f, 0xa4, 0x5b, 0xac, 0x9d, 
	0xa4, 0x5d, 0xac, 0x9d, 0xa4, 0x5d, 0xac, 0x9d, 
	0xa4, 0x5d, 0xa4, 0x5d, 0x9c, 0x1b, 0x9c, 0x1b, 
	0xa4, 0x5b, 0xa4, 0x5b, 0xa4, 0x5b, 0xa4, 0x5b, 
	0x93, 0xd9, 0x9c, 0x1b, 0xa4, 0x5b, 0xa4, 0x5b, 
	0x29, 0x91, 0x31, 0xd1, 0x3a, 0x13, 0x31, 0xd1, 
	0x3a, 0x13, 0x31, 0xd1, 0x3a, 0x13, 0x31, 0xd1, 
	0x3a, 0x13, 0x31, 0xd1, 0x3a, 0x13, 0x31, 0xd1, 
	0x3a, 0x13, 0x31, 0xd1, 0x3a, 0x13, 0x31, 0xd1, 
	0x3a, 0x13, 0x31, 0xd1, 0x29, 0x91, 0x31, 0xd1, 
	0x29, 0x91, 0x31, 0xd1, 0x29, 0x91, 0x31, 0xd1, 
	0x29, 0x91, 0x29, 0x91, 0x29, 0x91, 0x29, 0x91, 
	0x29, 0x91, 0x31, 0xd1, 0x29, 0x91, 0x31, 0xd1, 
	0x3a, 0x13, 0x31, 0xd1, 0x31, 0xd1, 0x31, 0xd1, 
	0x29, 0x91, 0x31, 0xd1, 0x3a, 0x13, 0x31, 0xd1, 
	0x29, 0x91, 0x29, 0x91, 0x3a, 0x13, 0x31, 0xd1, 
	0x29, 0x91, 0x31, 0xd1, 0x29, 0x91, 0x31, 0xd1, 
	0x29, 0x91, 0x29, 0x91, 0x29, 0x91, 0x29, 0x91, 
	0x4a, 0x55, 0x4a, 0x55, 0x21, 0x91, 0x21, 0x91, 
	0x21, 0x93, 0x21, 0x93, 0x21, 0x93, 0x32, 0x15, 
	0x3a, 0x13, 0x3a, 0x13, 0x3a, 0x13, 0x83, 0x9d, 
	0x83, 0x9d, 0x4a, 0x99, 0x73, 0x1b, 0x73, 0x1b, 
	0x63, 0x1b, 0x63, 0x1b, 0x4a, 0x97, 0x3a, 0x15, 
	0x21, 0xd5, 0x42, 0x57, 0x42, 0x57, 0x42, 0x57, 
	0x32, 0x15, 0x32, 0x15, 0x4a, 0x97, 0x32, 0x15, 
	0x4a, 0x99, 0x6b, 0x5b, 0x8b, 0xdf, 0x6b, 0x5b, 
	0x19, 0x91, 0x29, 0xd5, 0x42, 0x57, 0x52, 0x9b, 
	0x32, 0x17, 0x32, 0x17, 0x32, 0x17, 0x32, 0x17, 
	0x6b, 0x19, 0x9c, 0x61, 0x6b, 0x19, 0x9c, 0x61, 
	0x4a, 0x57, 0x4a, 0x57, 0x09, 0x0f, 0x09, 0x0f, 
	0x08, 0xcd, 0x08, 0xcd, 0x09, 0x0f, 0x11, 0x51, 
	0x21, 0x51, 0x29, 0xd3, 0x32, 0x15, 0x29, 0xd3, 
	0x32, 0x15, 0x3a, 0x17, 0x21, 0x93, 0x21, 0x93, 
	0x32, 0x15, 0x3a, 0x57, 0x32, 0x15, 0x3a, 0x57, 
	0x83, 0x9f, 0x11, 0x0f, 0x11, 0x0f, 0x11, 0x0f, 
	0x11, 0x0f, 0x21, 0x91, 0x19, 0x51, 0x11, 0x0f, 
	0x21, 0x93, 0x21, 0x93, 0x21, 0x93, 0x21, 0x93, 
	0x19, 0x51, 0x11, 0x0f, 0x11, 0x0f, 0x08, 0xcd, 
	0x08, 0xcd, 0x08, 0xcd, 0x11, 0x0f, 0x21, 0x93, 
	0x52, 0x99, 0x09, 0x0f, 0x09, 0x0f, 0x21, 0x93, 
	0x21, 0x91, 0x08, 0xcd, 0x21, 0x91, 0x32, 0x15, 
	0x3a, 0x55, 0x09, 0x0f, 0x09, 0x0f, 0x52, 0xd9, 
	0x63, 0x1d, 0x63, 0x1d, 0x29, 0x93, 0x29, 0x93, 
	0x21, 0xd5, 0x11, 0x0f, 0x11, 0x0f, 0x11, 0x0f, 
	0x11, 0x11, 0x11, 0x11, 0x11, 0x11, 0x11, 0x11, 
	0x11, 0x4f, 0x11, 0x4f, 0x6b, 0x5d, 0x6b, 0x5d, 
	0x29, 0xd5, 0x52, 0xd9, 0x83, 0x9d, 0x52, 0xd9, 
	0xbc, 0xe1, 0xbc, 0xe1, 0xcd, 0x23, 0xd5, 0xa5, 
	0x94, 0x1f, 0x5a, 0xd9, 0x94, 0x1f, 0x94, 0x1f, 
	0x8b, 0xdd, 0xac, 0xa1, 0xe6, 0x27, 0xc5, 0x63, 
	0xcd, 0x63, 0xc5, 0x23, 0xcd, 0x63, 0xd5, 0xa5, 
	0xd5, 0xa3, 0xa4, 0x5f, 0xd5, 0xa3, 0xbc, 0xe1, 
	0xbc, 0xe1, 0xbc, 0xe1, 0xbc, 0xe1, 0xbc, 0xe1, 
	0xd5, 0xa5, 0xd5, 0xa5, 0xb4, 0xe3, 0xd5, 0xa5, 
	0xcd, 0x23, 0xcd, 0x23, 0xdd, 0xa5, 0xdd, 0xa5, 
	0xee, 0x2b, 0xd5, 0xa5, 0xa4, 0x5b, 0xa4, 0x5b, 
	0xa4, 0x5d, 0xa4, 0x5d, 0xb4, 0x9f, 0xcd, 0x65, 
	0xb4, 0xe1, 0xd5, 0xa5, 0xcd, 0x63, 0xbd, 0x23, 
	0xb4, 0xe1, 0xcd, 0x63, 0xbc, 0xe1, 0xb4, 0xe1, 
	0xd5, 0xa5, 0xd5, 0xa5, 0xc5, 0x21, 0xac, 0x9f, 
	0xbd, 0x21, 0xb4, 0xdf, 0xbd, 0x21, 0xb4, 0xdf, 
	0xac, 0x5d, 0xac, 0x5d, 0xac, 0x5d, 0xac, 0x5d, 
	0xa4, 0x5d, 0xa4, 0x5d, 0xb4, 0xdf, 0xb4, 0xdf, 
	0xac, 0x9f, 0xa4, 0x5d, 0xac, 0x9f, 0xa4, 0x5d, 
	0xac, 0x9d, 0xa4, 0x5b, 0xa4, 0x5b, 0xac, 0x9d, 
	0xa4, 0x5d, 0xac, 0x9d, 0xa4, 0x5d, 0xac, 0x9d, 
	0x9c, 0x1b, 0xa4, 0x5d, 0x9c, 0x1b, 0xa4, 0x5d, 
	0x9c, 0x1b, 0xa4, 0x1b, 0x9c, 0x1b, 0xa4, 0x1b, 
	0x9c, 0x1b, 0xa4, 0x5b, 0x9c, 0x1b, 0xa4, 0x5b, 
	0x31, 0xd1, 0x31, 0xd1, 0x31, 0xd1, 0x31, 0xd1, 
	0x31, 0xd1, 0x31, 0xd1, 0x31, 0xd1, 0x31, 0xd1, 
	0x29, 0x91, 0x29, 0x91, 0x29, 0x91, 0x29, 0x91, 
	0x29, 0x91, 0x29, 0x91, 0x29, 0x91, 0x29, 0x91, 
	0x29, 0x91, 0x29, 0x91, 0x29, 0x91, 0x29, 0x91, 
	0x29, 0x91, 0x29, 0x91, 0x29, 0x91, 0x29, 0x91, 
	0x29, 0x91, 0x29, 0x91, 0x31, 0xd1, 0x31, 0xd1, 
	0x31, 0xd1, 0x31, 0xd3, 0x31, 0xd1, 0x31, 0xd3, 
	0x31, 0xd1, 0x31, 0xd1, 0x42, 0x13, 0x3a, 0x13, 
	0x42, 0x13, 0x3a, 0x13, 0x31, 0xd1, 0x31, 0xd1, 
	0x29, 0x91, 0x29, 0x91, 0x21, 0x4f, 0x21, 0x4f, 
	0x29, 0x91, 0x29, 0x91, 0x29, 0x91, 0x21, 0x51, 
	0x29, 0x91, 0x29, 0x91, 0x31, 0xd1, 0x31, 0xd1, 
	0x3a, 0x13, 0x3a, 0x13, 0x29, 0x91, 0x21, 0x51, 
	0x29, 0x91, 0x29, 0x91, 0x29, 0x91, 0x21, 0x51, 
	0x31, 0xd1, 0x31, 0xd1, 0x42, 0x13, 0x3a, 0x13, 
	0x4a, 0x57, 0x4a, 0x57, 0x4a, 0x57, 0x4a, 0x57, 
	0x4a, 0x55, 0x52, 0x99, 0x63, 0x1b, 0x3a, 0x13, 
	0x29, 0x91, 0x29, 0x91, 0x29, 0x91, 0x29, 0x91, 
	0x19, 0x51, 0x4a, 0x57, 0x3a, 0x15, 0x3a, 0x15, 
	0x21, 0x91, 0x73, 0x5b, 0x3a, 0x15, 0x3a, 0x15, 
	0x29, 0x91, 0x3a, 0x15, 0x63, 0x1b, 0x63, 0x1b, 
	0x4a, 0x97, 0x4a, 0x97, 0x62, 0xd9, 0x3a, 0x17, 
	0x29, 0xd5, 0x29, 0xd5, 0x29, 0xd5, 0xb4, 0xa1, 
	0x52, 0x99, 0x11, 0x11, 0x11, 0x11, 0x11, 0x11, 
	0x09, 0x0f, 0x09, 0x0f, 0x09, 0x0f, 0x21, 0x93, 
	0x11, 0x0f, 0x11, 0x0f, 0x29, 0x93, 0x29, 0x93, 
	0x32, 0x17, 0x32, 0x17, 0x29, 0xd5, 0x29, 0xd5, 
	0x21, 0xd3, 0x21, 0xd3, 0x19, 0x51, 0x19, 0x51, 
	0x5a, 0xd9, 0x19, 0x51, 0x19, 0x51, 0x19, 0x51, 
	0x19, 0x91, 0x19, 0x91, 0x42, 0x57, 0x19, 0x91, 
	0x19, 0x51, 0x29, 0xd3, 0x29, 0xd3, 0x29, 0xd3, 
	0x21, 0x51, 0x21, 0x51, 0x11, 0x0f, 0x11, 0x0f, 
	0x08, 0xcd, 0x08, 0xcd, 0x08, 0xcd, 0x11, 0x0f, 
	0x11, 0x0f, 0x11, 0x0f, 0x11, 0x0f, 0x11, 0x0f, 
	0x08, 0xcd, 0x11, 0x0f, 0x11, 0x0f, 0x11, 0x0f, 
	0x5a, 0xd9, 0x5a, 0xd9, 0x01, 0x11, 0x01, 0x11, 
	0x09, 0x11, 0x31, 0xd5, 0x09, 0x11, 0x42, 0x57, 
	0x6b, 0x1b, 0x6b, 0x1b, 0x09, 0x11, 0x09, 0x11, 
	0x19, 0x51, 0x19, 0x51, 0x32, 0x15, 0x32, 0x15, 
	0x21, 0x91, 0x21, 0x91, 0x3a, 0x15, 0x73, 0x5d, 
	0xac, 0xa1, 0xac, 0xa1, 0xac, 0xa1, 0x52, 0x97, 
	0x94, 0x1f, 0x7b, 0x5d, 0xcd, 0x63, 0xcd, 0x63, 
	0xd5, 0xa5, 0xbc, 0xe1, 0xcd, 0x63, 0xbc, 0xe1, 
	0xbc, 0xe3, 0x83, 0x9d, 0xbc, 0xe3, 0xbc, 0xe3, 
	0xac, 0x9f, 0xac, 0x9f, 0xdd, 0xa5, 0xac, 0x9f, 
	0xbc, 0xe3, 0xbc, 0xe3, 0x9c, 0x5f, 0xbc, 0xe3, 
	0xa4, 0x5f, 0xb4, 0xa1, 0xbd, 0x21, 0xbd, 0x21, 
	0xcd, 0x63, 0xd5, 0xa5, 0xd5, 0xa5, 0xd5, 0xa5, 
	0xe5, 0xe7, 0xcd, 0x65, 0xe5, 0xe7, 0xf6, 0x69, 
	0xcd, 0x63, 0xbc, 0xe1, 0xbc, 0xe1, 0xbc, 0xe1, 
	0xbd, 0x21, 0xbd, 0x21, 0xcd, 0x63, 0xbd, 0x21, 
	0xbd, 0x21, 0xbd, 0x21, 0xcd, 0x63, 0xd5, 0xa5, 
	0xcd, 0x63, 0xbd, 0x21, 0xbd, 0x21, 0xbd, 0x21, 
	0xbc, 0xe1, 0xcd, 0x63, 0xbc, 0xe1, 0xbc, 0xe1, 
	0xbc, 0xe1, 0xbc, 0xe1, 0xa4, 0x5b, 0xac, 0x9d, 
	0xb4, 0x9f, 0xb4, 0x9f, 0xb4, 0x9f, 0xb4, 0x9f, 
	0xa4, 0x5b, 0xa4, 0x5b, 0xa4, 0x5b, 0xa4, 0x5b, 
	0xac, 0x5b, 0xac, 0x5b, 0xa4, 0x5b, 0xa4, 0x5b, 
	0x9c, 0x1b, 0x93, 0xdb, 0xa4, 0x5b, 0xa4, 0x5b, 
	0xac, 0x5d, 0xac, 0x9d, 0xa4, 0x5b, 0xa4, 0x5b, 
	0x93, 0xdb, 0x9c, 0x1b, 0xa4, 0x5b, 0xac, 0x9b, 
	0xa4, 0x5b, 0xa4, 0x5b, 0x93, 0xdb, 0x9c, 0x1b, 
	0xa4, 0x5b, 0xa4, 0x5b, 0x93, 0xd9, 0x9c, 0x1b, 
	0x29, 0x91, 0x31, 0xd1, 0x29, 0x91, 0x31, 0xd1, 
	0x29, 0x91, 0x31, 0xd1, 0x29, 0x91, 0x31, 0xd1, 
	0x29, 0x91, 0x29, 0x91, 0x29, 0x91, 0x29, 0x91, 
	0x29, 0x91, 0x29, 0x91, 0x29, 0x91, 0x29, 0x91, 
	0x29, 0x91, 0x29, 0x91, 0x29, 0x91, 0x29, 0x91, 
	0x29, 0x91, 0x29, 0x91, 0x29, 0x91, 0x29, 0x91, 
	0x29, 0x91, 0x29, 0x91, 0x29, 0x91, 0x31, 0xd1, 
	0x29, 0x91, 0x31, 0xd1, 0x29, 0x91, 0x31, 0xd1, 
	0x29, 0x91, 0x31, 0xd1, 0x3a, 0x13, 0x31, 0xd1, 
	0x3a, 0x13, 0x31, 0xd1, 0x29, 0x91, 0x31, 0xd1, 
	0x29, 0x91, 0x29, 0x91, 0x21, 0x4f, 0x21, 0x4f, 
	0x29, 0x91, 0x29, 0x91, 0x29, 0x91, 0x21, 0x51, 
	0x29, 0x91, 0x29, 0x91, 0x29, 0x91, 0x31, 0xd1, 
	0x3a, 0x13, 0x31, 0xd3, 0x29, 0x91, 0x21, 0x51, 
	0x29, 0x91, 0x29, 0x91, 0x29, 0x91, 0x21, 0x51, 
	0x29, 0x91, 0x31, 0xd1, 0x3a, 0x13, 0x31, 0xd1, 
	0x21, 0x91, 0x21, 0x91, 0x4a, 0x57, 0x4a, 0x57, 
	0x4a, 0x55, 0x4a, 0x55, 0x4a, 0x55, 0x3a, 0x13, 
	0x29, 0x91, 0x29, 0x91, 0x52, 0x97, 0x19, 0x0f, 
	0x4a, 0x57, 0x4a, 0x57, 0x3a, 0x15, 0x29, 0xd3, 
	0x21, 0x91, 0x3a, 0x15, 0x3a, 0x15, 0x21, 0x91, 
	0x29, 0x91, 0x29, 0x91, 0x3a, 0x15, 0x52, 0x97, 
	0x62, 0xd9, 0x62, 0xd9, 0x4a, 0x97, 0x3a, 0x17, 
	0x29, 0xd5, 0x29, 0xd5, 0x29, 0xd5, 0x5a, 0xd9, 
	0x73, 0x5d, 0x31, 0xd5, 0x11, 0x11, 0x11, 0x11, 
	0x09, 0x0f, 0x09, 0x0f, 0x09, 0x0f, 0x4a, 0x99, 
	0x42, 0x55, 0x11, 0x0f, 0x29, 0x93, 0x29, 0x93, 
	0x32, 0x17, 0x32, 0x17, 0x32, 0x17, 0x29, 0xd5, 
	0x2a, 0x15, 0x2a, 0x15, 0x19, 0x51, 0x19, 0x51, 
	0x7b, 0x9d, 0x19, 0x51, 0x19, 0x51, 0x19, 0x51, 
	0x19, 0x91, 0x19, 0x91, 0x19, 0x91, 0x19, 0x91, 
	0x19, 0x51, 0x29, 0xd3, 0x32, 0x17, 0x29, 0xd3, 
	0x21, 0x51, 0x21, 0x51, 0x11, 0x0f, 0x08, 0xcd, 
	0x11, 0x0f, 0x08, 0xcd, 0x11, 0x0f, 0x19, 0x51, 
	0x52, 0x9b, 0x11, 0x0f, 0x11, 0x0f, 0x11, 0x0f, 
	0x11, 0x0f, 0x21, 0x91, 0x21, 0x91, 0x21, 0x91, 
	0x3a, 0x57, 0x5a, 0xd9, 0x01, 0x11, 0x3a, 0x57, 
	0x31, 0xd5, 0x19, 0x93, 0x09, 0x11, 0x19, 0x93, 
	0x29, 0xd5, 0x4a, 0x97, 0x4a, 0x97, 0x09, 0x11, 
	0x19, 0x51, 0x19, 0x51, 0x6b, 0x5d, 0x6b, 0x5d, 
	0x21, 0x91, 0x21, 0x91, 0x3a, 0x15, 0x21, 0x91, 
	0x21, 0x93, 0x52, 0x97, 0x52, 0x97, 0x52, 0x97, 
	0x94, 0x1f, 0x7b, 0x5d, 0xcd, 0x63, 0xcd, 0x63, 
	0xd5, 0xa5, 0xd5, 0xa5, 0xcd, 0x63, 0xbc, 0xe1, 
	0xd5, 0xa5, 0x9c, 0x5f, 0xbc, 0xe3, 0xd5, 0xa5, 
	0xac, 0x9f, 0xac, 0x9f, 0xac, 0x9f, 0xbc, 0xe1, 
	0xbc, 0xe3, 0xd5, 0xa5, 0xbc, 0xe3, 0xd5, 0xa5, 
	0xbd, 0x21, 0xcd, 0x63, 0xbd, 0x21, 0xb4, 0xa1, 
	0xcd, 0x63, 0xbd, 0x21, 0xd5, 0xa5, 0xbd, 0x21, 
	0xcd, 0x65, 0xbd, 0x23, 0xcd, 0x65, 0xbd, 0x23, 
	0xcd, 0x63, 0xbc, 0xe1, 0xbc, 0xe1, 0xb4, 0xe1, 
	0xbd, 0x21, 0xb4, 0x9f, 0xcd, 0x63, 0xbd, 0x21, 
	0xbd, 0x21, 0xb4, 0xdf, 0xcd, 0x63, 0xcd, 0x63, 
	0xcd, 0x63, 0xbd, 0x21, 0xbd, 0x21, 0xb4, 0x9f, 
	0xbc, 0xe1, 0xbc, 0xe1, 0xa4, 0x5d, 0xa4, 0x5d, 
	0xbc, 0xe1, 0xb4, 0x9f, 0xa4, 0x5b, 0xac, 0x9d, 
	0xac, 0x9d, 0xac, 0x5d, 0xac, 0x9d, 0xac, 0x5d, 
	0xac, 0x9d, 0xa4, 0x1b, 0xac, 0x9d, 0xa4, 0x1b, 
	0xa4, 0x5b, 0xac, 0x5b, 0x9c, 0x1b, 0xa4, 0x1b, 
	0x9c, 0x1b, 0x8b, 0x9b, 0x9c, 0x1b, 0xa4, 0x5b, 
	0xa4, 0x5b, 0xac, 0x9d, 0xac, 0x9d, 0xa4, 0x1b, 
	0x9c, 0x1b, 0xa4, 0x5b, 0xa4, 0x5b, 0xac, 0x9b, 
	0xac, 0x9b, 0xa4, 0x5b, 0x9c, 0x1b, 0xa4, 0x5b, 
	0x9c, 0x1b, 0xa4, 0x5b, 0x9c, 0x1b, 0xa4, 0x5b, 
	0x29, 0x91, 0x29, 0x91, 0x29, 0x91, 0x29, 0x91, 
	0x29, 0x91, 0x29, 0x91, 0x21, 0x51, 0x21, 0x51, 
	0x21, 0x51, 0x21, 0x51, 0x29, 0x91, 0x29, 0x91, 
	0x29, 0x91, 0x21, 0x51, 0x21, 0x51, 0x21, 0x51, 
	0x21, 0x51, 0x21, 0x51, 0x21, 0x51, 0x21, 0x51, 
	0x21, 0x4f, 0x21, 0x4f, 0x21, 0x4f, 0x21, 0x4f, 
	0x21, 0x51, 0x21, 0x51, 0x29, 0x91, 0x29, 0x91, 
	0x31, 0xd1, 0x31, 0xd3, 0x31, 0xd1, 0x31, 0xd3, 
	0x31, 0xd1, 0x31, 0xd1, 0x31, 0xd1, 0x31, 0xd1, 
	0x29, 0x91, 0x29, 0x91, 0x29, 0x91, 0x29, 0x91, 
	0x29, 0x91, 0x29, 0x91, 0x29, 0x91, 0x29, 0x91, 
	0x29, 0x91, 0x29, 0x91, 0x29, 0x91, 0x21, 0x51, 
	0x29, 0x91, 0x29, 0x91, 0x29, 0x91, 0x21, 0x51, 
	0x21, 0x51, 0x21, 0x51, 0x29, 0x91, 0x29, 0x91, 
	0x29, 0x91, 0x29, 0x91, 0x31, 0xd1, 0x31, 0xd1, 
	0x29, 0x91, 0x29, 0x91, 0x29, 0x91, 0x29, 0x91, 
	0x21, 0x91, 0x21, 0x91, 0x31, 0xd3, 0x31, 0xd3, 
	0x4a, 0x55, 0x52, 0x99, 0x3a, 0x13, 0x3a, 0x13, 
	0x29, 0x91, 0x29, 0x91, 0x42, 0x15, 0x42, 0x15, 
	0x29, 0xd3, 0x29, 0xd3, 0x29, 0xd3, 0x3a, 0x15, 
	0x21, 0x91, 0x21, 0x91, 0x3a, 0x15, 0x3a, 0x15, 
	0x29, 0x91, 0x29, 0x91, 0x29, 0x91, 0x29, 0x91, 
	0x21, 0xd5, 0x21, 0xd5, 0x4a, 0x97, 0x4a, 0x97, 
	0x29, 0xd5, 0x29, 0xd5, 0x29, 0xd5, 0x5a, 0xd9, 
	0x52, 0x99, 0x31, 0xd5, 0x31, 0xd5, 0x11, 0x11, 
	0x21, 0x93, 0x21, 0x93, 0x21, 0x93, 0x4a, 0x99, 
	0x5a, 0xd9, 0x5a, 0xd9, 0x29, 0x93, 0x29, 0x93, 
	0x29, 0xd5, 0x29, 0xd5, 0x29, 0xd5, 0x32, 0x17, 
	0x21, 0xd3, 0x2a, 0x15, 0x11, 0x0f, 0x11, 0x0f, 
	0x5a, 0xd9, 0x3a, 0x15, 0x19, 0x51, 0x19, 0x51, 
	0x19, 0x91, 0x19, 0x91, 0x19, 0x91, 0x42, 0x57, 
	0x19, 0x51, 0x42, 0x99, 0x29, 0xd3, 0x29, 0xd3, 
	0x21, 0x51, 0x21, 0x51, 0x11, 0x0f, 0x11, 0x0f, 
	0x11, 0x0f, 0x11, 0x0f, 0x19, 0x51, 0x21, 0x93, 
	0x3a, 0x17, 0x11, 0x0f, 0x11, 0x0f, 0x11, 0x0f, 
	0x19, 0x4f, 0x19, 0x4f, 0x11, 0x0f, 0x11, 0x0f, 
	0x01, 0x11, 0x21, 0x93, 0x01, 0x11, 0x21, 0x93, 
	0x42, 0x57, 0x19, 0x93, 0x19, 0x93, 0x19, 0x93, 
	0x09, 0x11, 0x29, 0xd5, 0x29, 0xd5, 0x29, 0xd5, 
	0x19, 0x51, 0x19, 0x51, 0x19, 0x51, 0x32, 0x15, 
	0x21, 0x91, 0x21, 0x91, 0x5a, 0xd9, 0x21, 0x91, 
	0x21, 0x93, 0x21, 0x93, 0x7b, 0x9d, 0xac, 0xa1, 
	0xb4, 0xa1, 0xcd, 0x63, 0xb4, 0xa1, 0xcd, 0x63, 
	0xbc, 0xe1, 0xd5, 0xa5, 0xbc, 0xe1, 0xd5, 0xa5, 
	0xd5, 0xa5, 0xbc, 0xe3, 0xbc, 0xe3, 0xd5, 0xa5, 
	0xcd, 0x63, 0xbc, 0xe1, 0xbc, 0xe1, 0xdd, 0xa5, 
	0xd5, 0xa5, 0x9c, 0x5f, 0xbc, 0xe3, 0xbc, 0xe3, 
	0xcd, 0x63, 0xbd, 0x21, 0xcd, 0x63, 0xb4, 0xa1, 
	0xbd, 0x21, 0xbd, 0x21, 0xbd, 0x21, 0xbd, 0x21, 
	0xcd, 0x65, 0xcd, 0x65, 0xbd, 0x23, 0xbd, 0x23, 
	0xcd, 0x63, 0xcd, 0x63, 0xcd, 0x63, 0xbc, 0xe1, 
	0xa4, 0x5d, 0xb4, 0x9f, 0xbd, 0x21, 0xbd, 0x21, 
	0xbd, 0x21, 0xd5, 0xa5, 0xbd, 0x21, 0xbd, 0x21, 
	0xbd, 0x21, 0xbd, 0x21, 0xb4, 0x9f, 0xb4, 0x9f, 
	0xbc, 0xe1, 0xbc, 0xe1, 0xa4, 0x5d, 0x93, 0xdb, 
	0xa4, 0x5b, 0xac, 0x9d, 0xb4, 0x9f, 0xb4, 0x9f, 
	0xa4, 0x5b, 0xa4, 0x5b, 0xa4, 0x5b, 0xa4, 0x5b, 
	0xac, 0x5d, 0xac, 0x9d, 0xa4, 0x5b, 0xa4, 0x5b, 
	0xa4, 0x5b, 0xa4, 0x5b, 0xa4, 0x5b, 0xa4, 0x5b, 
	0x93, 0xdb, 0x9c, 0x1b, 0xa4, 0x5b, 0xa4, 0x5b, 
	0xac, 0x5d, 0xac, 0x9d, 0xa4, 0x5b, 0xa4, 0x5b, 
	0x93, 0xdb, 0x9c, 0x1b, 0xa4, 0x5b, 0xa4, 0x5b, 
	0xa4, 0x5b, 0xa4, 0x5b, 0xa4, 0x5b, 0xa4, 0x5b, 
	0xa4, 0x5b, 0xac, 0x9d, 0x9c, 0x1b, 0x93, 0xd9, 
	0x29, 0x91, 0x29, 0x91, 0x29, 0x91, 0x29, 0x91, 
	0x29, 0x91, 0x29, 0x91, 0x21, 0x51, 0x21, 0x51, 
	0x21, 0x51, 0x21, 0x51, 0x29, 0x91, 0x29, 0x91, 
	0x29, 0x91, 0x21, 0x51, 0x19, 0x4f, 0x19, 0x4f, 
	0x21, 0x51, 0x21, 0x51, 0x21, 0x51, 0x21, 0x51, 
	0x21, 0x4f, 0x21, 0x4f, 0x21, 0x4f, 0x21, 0x4f, 
	0x21, 0x51, 0x21, 0x51, 0x29, 0x91, 0x29, 0x91, 
	0x29, 0x91, 0x31, 0xd1, 0x29, 0x91, 0x31, 0xd1, 
	0x29, 0x91, 0x31, 0xd1, 0x29, 0x91, 0x31, 0xd1, 
	0x29, 0x91, 0x29, 0x91, 0x29, 0x91, 0x29, 0x91, 
	0x29, 0x91, 0x29, 0x91, 0x29, 0x91, 0x29, 0x91, 
	0x29, 0x91, 0x29, 0x91, 0x29, 0x91, 0x21, 0x51, 
	0x29, 0x91, 0x29, 0x91, 0x29, 0x91, 0x21, 0x51, 
	0x21, 0x51, 0x21, 0x51, 0x29, 0x91, 0x29, 0x91, 
	0x29, 0x91, 0x29, 0x91, 0x29, 0x91, 0x31, 0xd1, 
	0x29, 0x91, 0x29, 0x91, 0x29, 0x91, 0x29, 0x91, 
	0x21, 0x91, 0x31, 0xd3, 0x21, 0x91, 0x31, 0xd3, 
	0x4a, 0x55, 0x4a, 0x55, 0x3a, 0x13, 0x3a, 0x13, 
	0x29, 0x91, 0x29, 0x91, 0x42, 0x15, 0x29, 0x91, 
	0x29, 0xd3, 0x29, 0xd3, 0x19, 0x51, 0x19, 0x51, 
	0x21, 0x91, 0x21, 0x91, 0x3a, 0x15, 0x21, 0x91, 
	0x29, 0x91, 0x29, 0x91, 0x29, 0x91, 0x29, 0x91, 
	0x21, 0xd5, 0x21, 0xd5, 0x4a, 0x97, 0x4a, 0x97, 
	0x29, 0xd5, 0x29, 0xd5, 0x29, 0xd5, 0x29, 0xd5, 
	0x52, 0x99, 0x11, 0x11, 0x31, 0xd5, 0x11, 0x11, 
	0x09, 0x0f, 0x21, 0x93, 0x21, 0x93, 0x32, 0x15, 
	0x42, 0x55, 0x5a, 0xd9, 0x29, 0x93, 0x29, 0x93, 
	0x19, 0x93, 0x19, 0x93, 0x19, 0x93, 0x11, 0x51, 
	0x21, 0xd3, 0x21, 0xd3, 0x11, 0x0f, 0x11, 0x0f, 
	0x5a, 0xd9, 0x19, 0x51, 0x19, 0x51, 0x19, 0x51, 
	0x19, 0x91, 0x19, 0x91, 0x42, 0x57, 0x9c, 0x61, 
	0x29, 0xd3, 0x29, 0xd3, 0x32, 0x17, 0x29, 0xd3, 
	0x21, 0x51, 0x21, 0x51, 0x21, 0x51, 0x21, 0x51, 
	0x11, 0x0f, 0x08, 0xcd, 0x21, 0x93, 0x21, 0x93, 
	0x52, 0x9b, 0x11, 0x0f, 0x11, 0x0f, 0x11, 0x0f, 
	0x19, 0x4f, 0x11, 0x0f, 0x11, 0x0f, 0x11, 0x0f, 
	0x21, 0x93, 0x3a, 0x57, 0x3a, 0x57, 0x21, 0x93, 
	0x19, 0x93, 0x19, 0x93, 0x19, 0x93, 0x19, 0x93, 
	0x29, 0xd5, 0x6b, 0x1b, 0x4a, 0x97, 0x09, 0x11, 
	0x19, 0x51, 0x32, 0x15, 0x32, 0x15, 0x19, 0x51, 
	0x21, 0x91, 0x21, 0x91, 0x5a, 0xd9, 0x5a, 0xd9, 
	0x21, 0x93, 0x21, 0x93, 0x21, 0x93, 0xac, 0xa1, 
	0x7b, 0x5d, 0xb4, 0xa1, 0xb4, 0xa1, 0xb4, 0xa1, 
	0xbc, 0xe1, 0xbc, 0xe1, 0xbc, 0xe1, 0xbc, 0xe1, 
	0xd5, 0xa5, 0xbc, 0xe3, 0xbc, 0xe3, 0xbc, 0xe3, 
	0xcd, 0x63, 0xbc, 0xe1, 0xbc, 0xe1, 0xdd, 0xa5, 
	0x9c, 0x5f, 0x83, 0xdd, 0xbc, 0xe3, 0xbc, 0xe3, 
	0xcd, 0x63, 0xbd, 0x21, 0xb4, 0xa1, 0xbd, 0x21, 
	0xbd, 0x21, 0xb4, 0xdf, 0xbd, 0x21, 0xb4, 0xdf, 
	0xcd, 0x65, 0xcd, 0x65, 0xbd, 0x23, 0xcd, 0x65, 
	0xcd, 0x63, 0xc5, 0x23, 0xcd, 0x63, 0xbc, 0xe1, 
	0xa4, 0x5d, 0xb4, 0x9f, 0xbd, 0x21, 0xb4, 0x9f, 
	0xb4, 0xdf, 0xb4, 0xdf, 0xbd, 0x21, 0xb4, 0xdf, 
	0xbd, 0x21, 0xb4, 0x9f, 0xa4, 0x5d, 0xa4, 0x5d, 
	0xa4, 0x5d, 0xa4, 0x5d, 0xa4, 0x5d, 0xa4, 0x5d, 
	0xa4, 0x5b, 0xac, 0x9d, 0xac, 0x9d, 0xa4, 0x5b, 
	0xac, 0x9d, 0xa4, 0x5b, 0xac, 0x9d, 0xa4, 0x5b, 
	0xa4, 0x5b, 0xac, 0x9d, 0xac, 0x9d, 0xa4, 0x1b, 
	0x9c, 0x1b, 0xa4, 0x1b, 0x9c, 0x1b, 0xa4, 0x1b, 
	0x9c, 0x1b, 0xa4, 0x5b, 0x9c, 0x1b, 0xa4, 0x5b, 
	0xa4, 0x5b, 0xac, 0x9d, 0xac, 0x9d, 0xa4, 0x1b, 
	0x9c, 0x1b, 0xa4, 0x5b, 0x9c, 0x1b, 0xa4, 0x5b, 
	0x9c, 0x1b, 0xa4, 0x5b, 0xac, 0x9b, 0xa4, 0x5b, 
	0xa4, 0x5b, 0xac, 0x9d, 0x9c, 0x1b, 0x93, 0xd9, 
	0x29, 0x91, 0x29, 0x91, 0x29, 0x91, 0x21, 0x51, 
	0x29, 0x91, 0x29, 0x91, 0x21, 0x51, 0x21, 0x51, 
	0x21, 0x51, 0x21, 0x51, 0x19, 0x4f, 0x19, 0x4f, 
	0x19, 0x4f, 0x19, 0x4f, 0x19, 0x4f, 0x19, 0x4f, 
	0x19, 0x4f, 0x19, 0x4f, 0x19, 0x4f, 0x19, 0x4f, 
	0x21, 0x4f, 0x21, 0x4f, 0x19, 0x4f, 0x19, 0x4f, 
	0x21, 0x4f, 0x21, 0x4f, 0x21, 0x4f, 0x21, 0x4f, 
	0x21, 0x4f, 0x21, 0x4f, 0x29, 0x91, 0x29, 0x91, 
	0x29, 0x91, 0x29, 0x91, 0x29, 0x91, 0x29, 0x91, 
	0x21, 0x4f, 0x21, 0x4f, 0x21, 0x51, 0x21, 0x51, 
	0x29, 0x91, 0x29, 0x91, 0x21, 0x51, 0x21, 0x51, 
	0x21, 0x51, 0x21, 0x51, 0x21, 0x51, 0x21, 0x51, 
	0x21, 0x4f, 0x21, 0x4f, 0x21, 0x4f, 0x21, 0x4f, 
	0x21, 0x4f, 0x21, 0x4f, 0x29, 0x91, 0x29, 0x91, 
	0x29, 0x91, 0x29, 0x91, 0x31, 0xd3, 0x31, 0xd3, 
	0x31, 0xd1, 0x31, 0xd1, 0x29, 0x91, 0x29, 0x91, 
	0x21, 0x51, 0x21, 0x51, 0x21, 0x51, 0x29, 0x91, 
	0x31, 0xd1, 0x31, 0xd1, 0x21, 0x51, 0x29, 0x91, 
	0x29, 0x91, 0x21, 0x51, 0x31, 0xd1, 0x31, 0xd1, 
	0x3a, 0x13, 0x3a, 0x13, 0x21, 0x51, 0x21, 0x51, 
	0x29, 0x91, 0x29, 0x91, 0x31, 0xd1, 0x31, 0xd1, 
	0x29, 0x91, 0x21, 0x51, 0x21, 0x51, 0x21, 0x51, 
	0x21, 0x51, 0x21, 0x51, 0x29, 0xd3, 0x29, 0xd3, 
	0x21, 0x51, 0x21, 0x51, 0x21, 0x51, 0x21, 0x51, 
	0x39, 0xd3, 0x09, 0x11, 0x29, 0x93, 0x19, 0x51, 
	0x21, 0x51, 0x21, 0x51, 0x19, 0x4f, 0x29, 0x91, 
	0x31, 0xd1, 0x31, 0xd1, 0x29, 0x91, 0x19, 0x51, 
	0x19, 0x4f, 0x19, 0x4f, 0x29, 0x91, 0x21, 0x51, 
	0x21, 0x51, 0x21, 0x51, 0x11, 0x0f, 0x11, 0x0f, 
	0x42, 0x99, 0x21, 0x93, 0x11, 0x0f, 0x11, 0x0f, 
	0x21, 0x91, 0x32, 0x15, 0x21, 0x91, 0x42, 0x57, 
	0x11, 0x51, 0x29, 0xd3, 0x29, 0xd3, 0x29, 0xd3, 
	0x3a, 0x57, 0x21, 0x93, 0x21, 0x93, 0x21, 0x93, 
	0x19, 0x51, 0x19, 0x51, 0x29, 0xd5, 0x29, 0xd5, 
	0x31, 0xd5, 0x11, 0x0f, 0x19, 0x51, 0x19, 0x51, 
	0x11, 0x0f, 0x11, 0x0f, 0x11, 0x0f, 0x11, 0x0f, 
	0x29, 0xd5, 0x29, 0xd5, 0x29, 0xd5, 0x29, 0xd5, 
	0x19, 0x51, 0x19, 0x51, 0x3a, 0x15, 0x73, 0x5d, 
	0x3a, 0x15, 0x3a, 0x15, 0x83, 0x9d, 0x19, 0x51, 
	0x21, 0x93, 0x21, 0x93, 0x6b, 0x5b, 0x6b, 0x5b, 
	0x21, 0x93, 0x21, 0x93, 0x4a, 0x99, 0x4a, 0x99, 
	0x3a, 0x15, 0x3a, 0x15, 0x3a, 0x15, 0x5a, 0xd9, 
	0x8b, 0x99, 0xa4, 0x5d, 0xb4, 0xe1, 0xb4, 0xe1, 
	0xac, 0x5f, 0x93, 0xdb, 0x93, 0xdb, 0x93, 0xdb, 
	0xbd, 0x21, 0xbd, 0x21, 0xbd, 0x21, 0xbd, 0x21, 
	0xbd, 0x21, 0xbd, 0x21, 0xb4, 0xdf, 0xac, 0x9f, 
	0xd5, 0xa5, 0xac, 0x9f, 0xbc, 0xe1, 0xbc, 0xe1, 
	0xbc, 0xe1, 0xbc, 0xe1, 0xb4, 0x9f, 0xb4, 0x9f, 
	0xbd, 0x21, 0xbd, 0x21, 0xbd, 0x21, 0xbd, 0x21, 
	0xbd, 0x21, 0xcd, 0x65, 0xbd, 0x21, 0xbd, 0x21, 
	0xbd, 0x23, 0xcd, 0x65, 0xbd, 0x23, 0xbd, 0x23, 
	0xb4, 0xdf, 0xac, 0x9f, 0xa4, 0x5d, 0xac, 0x9d, 
	0xb4, 0x9f, 0xb4, 0x9f, 0xbc, 0xe1, 0xbc, 0xe1, 
	0xb4, 0x9f, 0xb4, 0x9f, 0xb4, 0x9f, 0xb4, 0x9f, 
	0xb4, 0xdf, 0xb4, 0xdf, 0xb4, 0xdf, 0xb4, 0xdf, 
	0xa4, 0x5b, 0xac, 0x9d, 0xa4, 0x5b, 0xa4, 0x5b, 
	0xa4, 0x5b, 0xa4, 0x5b, 0x9c, 0x1b, 0x93, 0xdb, 
	0xa4, 0x5b, 0xa4, 0x5b, 0xa4, 0x5b, 0xa4, 0x5b, 
	0xa4, 0x5b, 0xa4, 0x5b, 0xa4, 0x5b, 0xa4, 0x5b, 
	0xa4, 0x5b, 0xac, 0x9d, 0x93, 0xd9, 0x9c, 0x1b, 
	0x9c, 0x1b, 0x8b, 0xdb, 0xa4, 0x5d, 0xa4, 0x5d, 
	0xa4, 0x5b, 0xa4, 0x5b, 0xa4, 0x5b, 0xa4, 0x5b, 
	0xa4, 0x5b, 0xa4, 0x5b, 0xa4, 0x5b, 0xa4, 0x5b, 
	0xa4, 0x5b, 0xa4, 0x5b, 0xa4, 0x5b, 0xa4, 0x5b, 
	0x29, 0x91, 0x29, 0x91, 0x29, 0x91, 0x21, 0x51, 
	0x29, 0x91, 0x29, 0x91, 0x21, 0x51, 0x21, 0x51, 
	0x21, 0x51, 0x21, 0x51, 0x19, 0x4f, 0x19, 0x4f, 
	0x19, 0x4f, 0x19, 0x4f, 0x19, 0x4f, 0x19, 0x4f, 
	0x19, 0x4f, 0x19, 0x4f, 0x19, 0x4f, 0x19, 0x4f, 
	0x19, 0x4f, 0x19, 0x4f, 0x19, 0x4f, 0x19, 0x4f, 
	0x19, 0x4f, 0x19, 0x4f, 0x19, 0x4f, 0x19, 0x4f, 
	0x21, 0x4f, 0x21, 0x4f, 0x29, 0x91, 0x29, 0x91, 
	0x29, 0x91, 0x29, 0x91, 0x29, 0x91, 0x29, 0x91, 
	0x19, 0x4f, 0x19, 0x4f, 0x21, 0x51, 0x21, 0x51, 
	0x29, 0x91, 0x29, 0x91, 0x21, 0x51, 0x21, 0x51, 
	0x21, 0x51, 0x21, 0x51, 0x19, 0x4f, 0x19, 0x4f, 
	0x19, 0x4f, 0x19, 0x4f, 0x19, 0x4f, 0x19, 0x4f, 
	0x19, 0x4f, 0x19, 0x4f, 0x21, 0x91, 0x21, 0x91, 
	0x29, 0x91, 0x29, 0x91, 0x29, 0x91, 0x31, 0xd3, 
	0x29, 0x91, 0x31, 0xd1, 0x29, 0x91, 0x29, 0x91, 
	0x21, 0x51, 0x21, 0x51, 0x29, 0x91, 0x31, 0xd1, 
	0x29, 0x91, 0x31, 0xd1, 0x29, 0x91, 0x31, 0xd1, 
	0x29, 0x91, 0x21, 0x51, 0x29, 0x91, 0x31, 0xd1, 
	0x3a, 0x13, 0x31, 0xd1, 0x21, 0x51, 0x21, 0x51, 
	0x29, 0x91, 0x29, 0x91, 0x29, 0x91, 0x31, 0xd1, 
	0x29, 0x91, 0x21, 0x51, 0x21, 0x51, 0x21, 0x51, 
	0x21, 0x51, 0x21, 0x51, 0x3a, 0x13, 0x29, 0xd3, 
	0x21, 0x51, 0x21, 0x51, 0x21, 0x51, 0x21, 0x51, 
	0x29, 0x93, 0x29, 0x93, 0x29, 0x93, 0x19, 0x51, 
	0x19, 0x4f, 0x19, 0x4f, 0x11, 0x0f, 0x21, 0x51, 
	0x29, 0x91, 0x31, 0xd1, 0x29, 0x91, 0x11, 0x51, 
	0x19, 0x4f, 0x11, 0x0f, 0x29, 0x91, 0x21, 0x51, 
	0x19, 0x4f, 0x19, 0x4f, 0x11, 0x0f, 0x11, 0x0f, 
	0x21, 0x93, 0x21, 0x93, 0x11, 0x0f, 0x11, 0x0f, 
	0x11, 0x0f, 0x21, 0x91, 0x21, 0x91, 0x32, 0x15, 
	0x29, 0xd3, 0x29, 0xd3, 0x42, 0x57, 0x5a, 0xd9, 
	0x21, 0x93, 0x21, 0x93, 0x21, 0x93, 0x11, 0x11, 
	0x19, 0x51, 0x11, 0x0f, 0x29, 0xd5, 0x29, 0xd5, 
	0x29, 0x93, 0x29, 0x93, 0x19, 0x51, 0x11, 0x0f, 
	0x21, 0x91, 0x21, 0x91, 0x11, 0x0f, 0x11, 0x0f, 
	0x29, 0xd5, 0x29, 0xd5, 0x29, 0xd5, 0x5a, 0xd9, 
	0x19, 0x51, 0x19, 0x51, 0x19, 0x51, 0x3a, 0x15, 
	0x3a, 0x15, 0x3a, 0x15, 0x83, 0x9d, 0x19, 0x51, 
	0x21, 0x93, 0x21, 0x93, 0x4a, 0x57, 0x94, 0x1f, 
	0x21, 0x93, 0x21, 0x93, 0x21, 0x93, 0x21, 0x93, 
	0x3a, 0x15, 0x3a, 0x15, 0x3a, 0x15, 0x83, 0x9d, 
	0xa4, 0x5d, 0xa4, 0x5d, 0xb4, 0xe1, 0xcd, 0xa5, 
	0xac, 0x5f, 0xac, 0x5f, 0x93, 0xdb, 0x93, 0xdb, 
	0xbd, 0x21, 0xb4, 0xdf, 0xbd, 0x21, 0xb4, 0xdf, 
	0xbd, 0x21, 0xb4, 0xdf, 0xac, 0x9f, 0xa4, 0x5d, 
	0xac, 0x9f, 0xbc, 0xe1, 0xbc, 0xe1, 0xac, 0x9f, 
	0xbc, 0xe1, 0xb4, 0x9f, 0xac, 0x9d, 0xa4, 0x5b, 
	0xbc, 0xe1, 0xb4, 0xdf, 0xbc, 0xe1, 0xb4, 0xdf, 
	0xb4, 0x9f, 0xbd, 0x21, 0xbd, 0x21, 0xb4, 0x9f, 
	0xb4, 0x9f, 0xb4, 0x9f, 0xbd, 0x23, 0xb4, 0x9f, 
	0xac, 0x9d, 0xa4, 0x5d, 0xa4, 0x5d, 0xac, 0x9d, 
	0xac, 0x9d, 0xa4, 0x5b, 0xbc, 0xe1, 0xb4, 0x9f, 
	0xac, 0x9d, 0xac, 0x5d, 0xac, 0x9d, 0xac, 0x5d, 
	0xac, 0x9d, 0xa4, 0x5d, 0xac, 0x9d, 0xa4, 0x5d, 
	0xa4, 0x5b, 0xac, 0x9d, 0x9c, 0x19, 0xa4, 0x5b, 
	0x9c, 0x1b, 0xa4, 0x5b, 0x9c, 0x1b, 0x8b, 0x9b, 
	0x9c, 0x1b, 0xa4, 0x5b, 0xac, 0x9b, 0xa4, 0x5b, 
	0xac, 0x9d, 0xa4, 0x5b, 0x9c, 0x1b, 0xa4, 0x5b, 
	0xa4, 0x5b, 0xac, 0x9d, 0x9c, 0x1b, 0xa4, 0x5b, 
	0x9c, 0x1b, 0x83, 0x99, 0x9c, 0x1b, 0x9c, 0x1b, 
	0x9c, 0x1b, 0xa4, 0x1b, 0x9c, 0x1b, 0xa4, 0x1b, 
	0xa4, 0x1b, 0xa4, 0x1b, 0xac, 0x9d, 0xa4, 0x1b, 
	0x9c, 0x1b, 0xa4, 0x5b, 0xac, 0x9b, 0xa4, 0x5b, 
	0x29, 0x91, 0x29, 0x91, 0x29, 0x91, 0x29, 0x91, 
	0x29, 0x91, 0x29, 0x91, 0x29, 0x91, 0x21, 0x51, 
	0x21, 0x51, 0x21, 0x51, 0x19, 0x4f, 0x19, 0x4f, 
	0x19, 0x4f, 0x19, 0x4f, 0x19, 0x4f, 0x19, 0x4f, 
	0x19, 0x4f, 0x19, 0x4f, 0x19, 0x4f, 0x19, 0x4f, 
	0x19, 0x4f, 0x19, 0x4f, 0x19, 0x4f, 0x19, 0x4f, 
	0x19, 0x4f, 0x19, 0x4f, 0x19, 0x4f, 0x19, 0x4f, 
	0x21, 0x4f, 0x21, 0x4f, 0x29, 0x91, 0x29, 0x91, 
	0x29, 0x91, 0x21, 0x51, 0x21, 0x51, 0x21, 0x51, 
	0x21, 0x51, 0x21, 0x51, 0x21, 0x4f, 0x21, 0x4f, 
	0x19, 0x4f, 0x19, 0x4f, 0x19, 0x4f, 0x19, 0x4f, 
	0x19, 0x4f, 0x19, 0x4f, 0x19, 0x4f, 0x19, 0x4f, 
	0x19, 0x4f, 0x19, 0x4f, 0x19, 0x4f, 0x19, 0x4f, 
	0x19, 0x4f, 0x19, 0x4f, 0x21, 0x4f, 0x21, 0x4f, 
	0x21, 0x51, 0x21, 0x51, 0x21, 0x51, 0x21, 0x51, 
	0x29, 0x91, 0x29, 0x91, 0x21, 0x51, 0x21, 0x51, 
	0x29, 0x91, 0x29, 0x91, 0x31, 0xd1, 0x31, 0xd1, 
	0x29, 0x91, 0x29, 0x91, 0x29, 0x91, 0x29, 0x91, 
	0x29, 0x91, 0x29, 0x91, 0x21, 0x51, 0x21, 0x51, 
	0x19, 0x0f, 0x31, 0xd1, 0x31, 0xd1, 0x21, 0x51, 
	0x21, 0x51, 0x29, 0x91, 0x21, 0x51, 0x21, 0x51, 
	0x21, 0x51, 0x21, 0x51, 0x21, 0x51, 0x21, 0x51, 
	0x21, 0x51, 0x29, 0xd3, 0x3a, 0x13, 0x3a, 0x13, 
	0x21, 0x51, 0x21, 0x51, 0x21, 0x51, 0x21, 0x51, 
	0x29, 0x93, 0x29, 0x93, 0x29, 0x93, 0x19, 0x51, 
	0x11, 0x0f, 0x11, 0x0f, 0x11, 0x0f, 0x11, 0x0f, 
	0x29, 0x91, 0x29, 0x91, 0x11, 0x51, 0x11, 0x51, 
	0x19, 0x4f, 0x19, 0x4f, 0x11, 0x0f, 0x11, 0x0f, 
	0x11, 0x0f, 0x11, 0x0f, 0x11, 0x0f, 0x11, 0x0f, 
	0x11, 0x0f, 0x11, 0x0f, 0x11, 0x0f, 0x11, 0x0f, 
	0x11, 0x0f, 0x11, 0x0f, 0x21, 0x91, 0x21, 0x91, 
	0x29, 0xd3, 0x29, 0xd3, 0x29, 0xd3, 0x29, 0xd3, 
	0x2a, 0x15, 0x11, 0x11, 0x11, 0x11, 0x11, 0x11, 
	0x11, 0x0f, 0x11, 0x0f, 0x19, 0x51, 0x19, 0x51, 
	0x29, 0x93, 0x29, 0x93, 0x29, 0x93, 0x19, 0x51, 
	0x11, 0x0f, 0x11, 0x0f, 0x19, 0x4f, 0x19, 0x4f, 
	0x01, 0x11, 0x01, 0x11, 0x01, 0x11, 0x83, 0xdd, 
	0x3a, 0x15, 0x19, 0x51, 0x19, 0x51, 0x19, 0x51, 
	0x3a, 0x15, 0x3a, 0x15, 0x62, 0xd9, 0x19, 0x51, 
	0x21, 0x93, 0x21, 0x93, 0x21, 0x93, 0x6b, 0x5b, 
	0x32, 0x15, 0x09, 0x0f, 0x21, 0x93, 0x32, 0x15, 
	0x3a, 0x15, 0x3a, 0x15, 0x5a, 0xd9, 0xa4, 0xa1, 
	0xb4, 0xe1, 0xcd, 0xa5, 0xb4, 0xe1, 0xb4, 0xe1, 
	0xbc, 0xe1, 0xbc, 0xe1, 0xac, 0x5f, 0x93, 0xdb, 
	0xbd, 0x21, 0xbd, 0x21, 0xb4, 0xdf, 0xac, 0x9f, 
	0xbd, 0x21, 0xbd, 0x21, 0xbd, 0x21, 0xbd, 0x21, 
	0xbc, 0xe1, 0xbc, 0xe1, 0xac, 0x9f, 0xac, 0x9f, 
	0xb4, 0x9f, 0xb4, 0x9f, 0xa4, 0x5b, 0xac, 0x9d, 
	0xbd, 0x21, 0xbd, 0x21, 0xbd, 0x21, 0xbd, 0x21, 
	0xbd, 0x21, 0xbd, 0x21, 0xa4, 0x5b, 0xa4, 0x5b, 
	0xb4, 0x9f, 0xb4, 0x9f, 0xb4, 0x9f, 0xb4, 0x9f, 
	0xb4, 0xdf, 0xac, 0x9f, 0xb4, 0xdf, 0xac, 0x9f, 
	0xa4, 0x5b, 0xac, 0x9d, 0xb4, 0x9f, 0xb4, 0x9f, 
	0xac, 0x5d, 0xac, 0x9d, 0xa4, 0x5b, 0xa4, 0x5b, 
	0xa4, 0x5d, 0xa4, 0x5d, 0x9c, 0x1b, 0x9c, 0x1b, 
	0xb4, 0xdf, 0xb4, 0xdf, 0xa4, 0x5b, 0xa4, 0x5b, 
	0xa4, 0x5b, 0xa4, 0x5b, 0x93, 0xdb, 0x9c, 0x1b, 
	0x93, 0xdb, 0x9c, 0x1b, 0xa4, 0x5b, 0xa4, 0x5b, 
	0x93, 0xd9, 0x9c, 0x1b, 0xa4, 0x5b, 0xac, 0x9d, 
	0xa4, 0x5b, 0xac, 0x9d, 0xa4, 0x5b, 0xa4, 0x5b, 
	0x9c, 0x1b, 0x8b, 0xdb, 0xa4, 0x5d, 0xa4, 0x5d, 
	0xa4, 0x5b, 0xa4, 0x5b, 0xa4, 0x5b, 0xa4, 0x5b, 
	0xa4, 0x5b, 0xa4, 0x5b, 0xa4, 0x5b, 0xac, 0x9d, 
	0x93, 0xdb, 0x9c, 0x1b, 0xa4, 0x5b, 0xa4, 0x5b, 
	0x29, 0x91, 0x29, 0x91, 0x29, 0x91, 0x29, 0x91, 
	0x29, 0x91, 0x29, 0x91, 0x29, 0x91, 0x21, 0x51, 
	0x21, 0x51, 0x21, 0x51, 0x19, 0x4f, 0x19, 0x4f, 
	0x19, 0x4f, 0x19, 0x4f, 0x19, 0x4f, 0x19, 0x4f, 
	0x19, 0x4f, 0x19, 0x4f, 0x19, 0x4f, 0x19, 0x4f, 
	0x19, 0x4f, 0x19, 0x4f, 0x19, 0x4f, 0x19, 0x4f, 
	0x19, 0x4f, 0x19, 0x4f, 0x19, 0x4f, 0x19, 0x4f, 
	0x21, 0x4f, 0x21, 0x4f, 0x29, 0x91, 0x29, 0x91, 
	0x29, 0x91, 0x21, 0x51, 0x21, 0x51, 0x21, 0x51, 
	0x21, 0x51, 0x21, 0x51, 0x19, 0x4f, 0x19, 0x4f, 
	0x19, 0x4f, 0x19, 0x4f, 0x19, 0x4f, 0x19, 0x4f, 
	0x19, 0x4f, 0x19, 0x4f, 0x19, 0x4f, 0x19, 0x4f, 
	0x19, 0x4f, 0x19, 0x4f, 0x19, 0x4f, 0x19, 0x4f, 
	0x19, 0x4f, 0x19, 0x4f, 0x19, 0x4f, 0x19, 0x4f, 
	0x19, 0x4f, 0x19, 0x4f, 0x21, 0x51, 0x21, 0x51, 
	0x29, 0x91, 0x29, 0x91, 0x21, 0x51, 0x21, 0x51, 
	0x29, 0x91, 0x29, 0x91, 0x29, 0x91, 0x31, 0xd1, 
	0x29, 0x91, 0x29, 0x91, 0x29, 0x91, 0x29, 0x91, 
	0x29, 0x91, 0x29, 0x91, 0x21, 0x51, 0x21, 0x51, 
	0x19, 0x0f, 0x21, 0x51, 0x21, 0x51, 0x21, 0x51, 
	0x29, 0x91, 0x31, 0xd1, 0x21, 0x51, 0x21, 0x51, 
	0x21, 0x51, 0x21, 0x51, 0x19, 0x4f, 0x19, 0x4f, 
	0x21, 0x51, 0x29, 0xd3, 0x3a, 0x13, 0x29, 0xd3, 
	0x21, 0x51, 0x21, 0x51, 0x21, 0x51, 0x21, 0x51, 
	0x29, 0x93, 0x29, 0x93, 0x29, 0x93, 0x19, 0x51, 
	0x11, 0x0f, 0x11, 0x0f, 0x11, 0x0f, 0x11, 0x0f, 
	0x29, 0x91, 0x29, 0x91, 0x11, 0x51, 0x11, 0x51, 
	0x19, 0x4f, 0x19, 0x4f, 0x11, 0x0f, 0x11, 0x0f, 
	0x11, 0x0f, 0x11, 0x0f, 0x11, 0x0f, 0x08, 0xcd, 
	0x21, 0x93, 0x21, 0x93, 0x11, 0x0f, 0x11, 0x0f, 
	0x11, 0x0f, 0x11, 0x0f, 0x21, 0x91, 0x21, 0x91, 
	0x5a, 0xd9, 0x11, 0x51, 0x11, 0x51, 0x11, 0x51, 
	0x11, 0x11, 0x21, 0x93, 0x21, 0x93, 0x21, 0x93, 
	0x11, 0x0f, 0x11, 0x0f, 0x19, 0x51, 0x19, 0x51, 
	0x29, 0x93, 0x29, 0x93, 0x29, 0x93, 0x19, 0x51, 
	0x21, 0x91, 0x21, 0x91, 0x19, 0x4f, 0x19, 0x4f, 
	0x29, 0xd5, 0x01, 0x11, 0x01, 0x11, 0x5a, 0xd9, 
	0x52, 0xd9, 0x19, 0x51, 0x19, 0x51, 0x3a, 0x15, 
	0x19, 0x51, 0x3a, 0x15, 0x3a, 0x15, 0x19, 0x51, 
	0x21, 0x93, 0x21, 0x93, 0x21, 0x93, 0x4a, 0x57, 
	0x4a, 0x99, 0x09, 0x0f, 0x21, 0x93, 0x21, 0x93, 
	0x3a, 0x15, 0x3a, 0x15, 0x3a, 0x15, 0x83, 0x9d, 
	0xb4, 0xe1, 0xb4, 0xe1, 0xb4, 0xe1, 0xb4, 0xe1, 
	0xbc, 0xe1, 0xd5, 0xa5, 0xac, 0x5f, 0xac, 0x5f, 
	0xbd, 0x21, 0xb4, 0xdf, 0xac, 0x9f, 0xa4, 0x5d, 
	0xbd, 0x21, 0xb4, 0xdf, 0xbd, 0x21, 0xb4, 0xdf, 
	0xbc, 0xe1, 0xac, 0x9f, 0xac, 0x9f, 0xac, 0x9f, 
	0xac, 0x9d, 0xa4, 0x5b, 0xa4, 0x5b, 0xac, 0x9d, 
	0xbc, 0xe1, 0xb4, 0xdf, 0xbc, 0xe1, 0xb4, 0xdf, 
	0xbd, 0x21, 0xb4, 0x9f, 0xb4, 0x9f, 0xa4, 0x5b, 
	0xa4, 0x5d, 0xa4, 0x5d, 0xa4, 0x5d, 0xa4, 0x5d, 
	0xac, 0x9d, 0xa4, 0x5d, 0xac, 0x9d, 0xa4, 0x5d, 
	0xa4, 0x5b, 0xac, 0x9d, 0xac, 0x9d, 0xa4, 0x5b, 
	0xa4, 0x5b, 0xac, 0x9d, 0xac, 0x9d, 0xa4, 0x5b, 
	0x9c, 0x1b, 0xa4, 0x5d, 0x9c, 0x1b, 0xa4, 0x5d, 
	0xac, 0x9d, 0xa4, 0x5b, 0xac, 0x9d, 0xa4, 0x5b, 
	0xa4, 0x5b, 0xa4, 0x5b, 0x9c, 0x1b, 0xa4, 0x5b, 
	0x9c, 0x1b, 0xa4, 0x5b, 0x9c, 0x1b, 0xa4, 0x5b, 
	0x9c, 0x1b, 0xa4, 0x5b, 0xa4, 0x5b, 0xac, 0x9d, 
	0xa4, 0x5b, 0xac, 0x9d, 0xac, 0x9d, 0xa4, 0x5b, 
	0x9c, 0x1b, 0x83, 0x99, 0xa4, 0x5d, 0xa4, 0x5d, 
	0x9c, 0x1b, 0xa4, 0x1b, 0x9c, 0x1b, 0xa4, 0x1b, 
	0xa4, 0x1b, 0xa4, 0x1b, 0xa4, 0x5b, 0xac, 0x9d, 
	0x9c, 0x1b, 0xa4, 0x5b, 0x9c, 0x1b, 0xa4, 0x5b, 
	0x29, 0x91, 0x29, 0x91, 0x29, 0x91, 0x29, 0x91, 
	0x21, 0x51, 0x21, 0x51, 0x21, 0x51, 0x21, 0x51, 
	0x21, 0x51, 0x21, 0x51, 0x21, 0x51, 0x21, 0x51, 
	0x19, 0x4f, 0x19, 0x4f, 0x19, 0x4f, 0x19, 0x4f, 
	0x11, 0x0f, 0x11, 0x0f, 0x11, 0x0f, 0x11, 0x0f, 
	0x11, 0x0f, 0x11, 0x0f, 0x11, 0x0f, 0x11, 0x0f, 
	0x19, 0x4f, 0x19, 0x4f, 0x19, 0x4f, 0x19, 0x4f, 
	0x21, 0x4f, 0x21, 0x4f, 0x29, 0x91, 0x29, 0x91, 
	0x29, 0x91, 0x21, 0x51, 0x29, 0x91, 0x29, 0x91, 
	0x21, 0x51, 0x21, 0x51, 0x21, 0x51, 0x21, 0x51, 
	0x19, 0x4f, 0x19, 0x4f, 0x19, 0x4f, 0x19, 0x4f, 
	0x19, 0x4f, 0x19, 0x4f, 0x11, 0x0f, 0x11, 0x0f, 
	0x19, 0x4f, 0x19, 0x4f, 0x19, 0x4f, 0x19, 0x4f, 
	0x19, 0x4f, 0x19, 0x4f, 0x19, 0x4f, 0x19, 0x4f, 
	0x21, 0x4f, 0x21, 0x4f, 0x21, 0x4f, 0x21, 0x4f, 
	0x21, 0x51, 0x21, 0x51, 0x21, 0x51, 0x21, 0x51, 
	0x21, 0x51, 0x21, 0x51, 0x29, 0x91, 0x29, 0x91, 
	0x21, 0x51, 0x21, 0x51, 0x21, 0x51, 0x21, 0x51, 
	0x21, 0x51, 0x21, 0x51, 0x19, 0x4f, 0x19, 0x4f, 
	0x19, 0x4f, 0x19, 0x4f, 0x19, 0x4f, 0x19, 0x4f, 
	0x21, 0x91, 0x21, 0x91, 0x19, 0x4f, 0x29, 0x91, 
	0x21, 0x51, 0x21, 0x51, 0x19, 0x4f, 0x29, 0x93, 
	0x31, 0xd1, 0x31, 0xd3, 0x31, 0xd1, 0x31, 0xd3, 
	0x29, 0xd3, 0x29, 0x91, 0x21, 0x91, 0x29, 0x91, 
	0x29, 0x91, 0x21, 0x51, 0x21, 0x51, 0x21, 0x51, 
	0x19, 0x4f, 0x19, 0x4f, 0x11, 0x0f, 0x11, 0x0f, 
	0x11, 0x0f, 0x29, 0xd3, 0x29, 0xd3, 0x08, 0xcd, 
	0x11, 0x0f, 0x11, 0x0f, 0x11, 0x0f, 0x11, 0x0f, 
	0x08, 0xcd, 0x08, 0xcd, 0x08, 0xcd, 0x08, 0xcd, 
	0x19, 0x4f, 0x19, 0x4f, 0x11, 0x0f, 0x11, 0x0f, 
	0x11, 0x0f, 0x11, 0x0f, 0x3a, 0x15, 0x11, 0x0f, 
	0x29, 0x91, 0x21, 0x51, 0x21, 0x51, 0x21, 0x51, 
	0x19, 0x51, 0x21, 0x93, 0x21, 0x93, 0x19, 0x91, 
	0x19, 0x51, 0x19, 0x51, 0x29, 0x93, 0x21, 0x91, 
	0x19, 0x51, 0x19, 0x51, 0x21, 0x51, 0x21, 0x51, 
	0x21, 0x51, 0x21, 0x51, 0x21, 0x51, 0x21, 0x91, 
	0x21, 0x93, 0x21, 0x93, 0x11, 0x0f, 0x21, 0x93, 
	0x21, 0x93, 0x21, 0x93, 0x21, 0x93, 0x21, 0x93, 
	0x21, 0x93, 0x32, 0x15, 0x3a, 0x57, 0x21, 0x93, 
	0x31, 0xd3, 0x31, 0xd3, 0x31, 0xd3, 0x31, 0xd3, 
	0x32, 0x15, 0x19, 0x93, 0x19, 0x93, 0x6b, 0x5b, 
	0x4a, 0x97, 0x4a, 0x97, 0x21, 0x93, 0x4a, 0x97, 
	0x8b, 0xdd, 0xb4, 0xa1, 0xb4, 0xa1, 0x8b, 0xdd, 
	0x83, 0xdd, 0xd5, 0xa3, 0xbc, 0xe1, 0xbc, 0xe1, 
	0xbd, 0x21, 0xbd, 0x21, 0xbd, 0x21, 0xbd, 0x21, 
	0xbc, 0xe1, 0xbc, 0xe1, 0xa4, 0x5f, 0x93, 0xdb, 
	0xa4, 0x5b, 0xa4, 0x5b, 0xac, 0x5d, 0xac, 0x9d, 
	0xa4, 0x5d, 0xac, 0x9d, 0xb4, 0xdf, 0xb4, 0xdf, 
	0xbd, 0x21, 0xbd, 0x21, 0xbd, 0x21, 0xbd, 0x21, 
	0xac, 0x5d, 0xac, 0x9d, 0xb4, 0x9f, 0xb4, 0x9f, 
	0xb4, 0xdf, 0xb4, 0xdf, 0xb4, 0xdf, 0xb4, 0xdf, 
	0xac, 0x5d, 0xac, 0x9d, 0xa4, 0x5b, 0xa4, 0x5b, 
	0xb4, 0x9f, 0xb4, 0x9f, 0xac, 0x5d, 0xac, 0x9d, 
	0xa4, 0x5b, 0xa4, 0x5b, 0x93, 0xdb, 0x9c, 0x1b, 
	0xa4, 0x5b, 0xa4, 0x5b, 0xa4, 0x5b, 0xa4, 0x5b, 
	0xa4, 0x5d, 0xa4, 0x5d, 0xb4, 0x9d, 0xb4, 0x9d, 
	0xac, 0x5d, 0xac, 0x5d, 0xac, 0x5d, 0x93, 0xdb, 
	0xa4, 0x5b, 0xa4, 0x5b, 0xa4, 0x5b, 0xa4, 0x5b, 
	0xa4, 0x5b, 0xa4, 0x5b, 0xa4, 0x5b, 0xa4, 0x5b, 
	0xa4, 0x5b, 0xa4, 0x5b, 0xa4, 0x5b, 0xa4, 0x5b, 
	0x93, 0xdb, 0x9c, 0x1b, 0xa4, 0x5d, 0xa4, 0x5d, 
	0x93, 0xdb, 0x9c, 0x1b, 0xa4, 0x5b, 0xa4, 0x5b, 
	0x9b, 0xdb, 0x9c, 0x1b, 0xa4, 0x5b, 0xa4, 0x5b, 
	0xa4, 0x5b, 0xa4, 0x5b, 0x9b, 0xdb, 0x9c, 0x1b, 
	0x29, 0x91, 0x29, 0x91, 0x29, 0x91, 0x29, 0x91, 
	0x21, 0x51, 0x21, 0x51, 0x21, 0x51, 0x21, 0x51, 
	0x21, 0x51, 0x21, 0x51, 0x21, 0x51, 0x21, 0x51, 
	0x19, 0x4f, 0x19, 0x4f, 0x19, 0x4f, 0x19, 0x4f, 
	0x11, 0x0f, 0x11, 0x0f, 0x11, 0x0f, 0x11, 0x0f, 
	0x11, 0x0f, 0x11, 0x0f, 0x11, 0x0f, 0x11, 0x0f, 
	0x19, 0x4f, 0x19, 0x4f, 0x19, 0x4f, 0x19, 0x4f, 
	0x21, 0x4f, 0x21, 0x4f, 0x29, 0x91, 0x29, 0x91, 
	0x29, 0x91, 0x21, 0x51, 0x29, 0x91, 0x29, 0x91, 
	0x21, 0x51, 0x21, 0x51, 0x21, 0x51, 0x21, 0x51, 
	0x19, 0x4f, 0x19, 0x4f, 0x19, 0x4f, 0x19, 0x4f, 
	0x19, 0x4f, 0x19, 0x4f, 0x11, 0x0f, 0x11, 0x0f, 
	0x19, 0x4f, 0x19, 0x4f, 0x19, 0x4f, 0x19, 0x4f, 
	0x19, 0x4f, 0x11, 0x0f, 0x19, 0x4f, 0x19, 0x4f, 
	0x19, 0x4f, 0x19, 0x4f, 0x19, 0x4f, 0x19, 0x4f, 
	0x19, 0x4f, 0x19, 0x4f, 0x21, 0x51, 0x21, 0x51, 
	0x21, 0x51, 0x21, 0x51, 0x29, 0x91, 0x29, 0x91, 
	0x21, 0x51, 0x21, 0x51, 0x19, 0x4f, 0x19, 0x4f, 
	0x19, 0x4f, 0x19, 0x4f, 0x19, 0x4f, 0x19, 0x4f, 
	0x19, 0x4f, 0x19, 0x4f, 0x19, 0x4f, 0x19, 0x4f, 
	0x19, 0x4f, 0x19, 0x4f, 0x11, 0x0f, 0x21, 0x91, 
	0x19, 0x4f, 0x19, 0x4f, 0x11, 0x0d, 0x21, 0x51, 
	0x29, 0x91, 0x31, 0xd1, 0x29, 0x91, 0x31, 0xd1, 
	0x31, 0xd3, 0x31, 0xd3, 0x21, 0x91, 0x29, 0xd3, 
	0x29, 0x91, 0x21, 0x51, 0x21, 0x51, 0x21, 0x51, 
	0x19, 0x4f, 0x19, 0x4f, 0x21, 0x51, 0x21, 0x51, 
	0x11, 0x0f, 0x21, 0x91, 0x11, 0x0f, 0x08, 0xcd, 
	0x11, 0x0f, 0x08, 0xcd, 0x11, 0x0f, 0x08, 0xcd, 
	0x08, 0xcd, 0x11, 0x0d, 0x11, 0x0f, 0x08, 0xcd, 
	0x19, 0x4f, 0x11, 0x0f, 0x11, 0x0f, 0x08, 0xcf, 
	0x11, 0x0f, 0x11, 0x0f, 0x52, 0x99, 0x11, 0x0f, 
	0x21, 0x91, 0x21, 0x51, 0x21, 0x51, 0x21, 0x51, 
	0x11, 0x0f, 0x19, 0x91, 0x21, 0x93, 0x19, 0x51, 
	0x19, 0x51, 0x19, 0x51, 0x21, 0x91, 0x21, 0x91, 
	0x19, 0x51, 0x19, 0x51, 0x21, 0x51, 0x21, 0x51, 
	0x21, 0x51, 0x21, 0x51, 0x21, 0x91, 0x29, 0xd1, 
	0x21, 0x93, 0x21, 0x93, 0x21, 0x93, 0x42, 0x59, 
	0x52, 0x99, 0x21, 0x93, 0x21, 0x93, 0x21, 0x93, 
	0x21, 0x93, 0x21, 0x93, 0x21, 0x93, 0x21, 0x93, 
	0x31, 0xd3, 0x31, 0xd3, 0x42, 0x57, 0x5a, 0xdb, 
	0x6b, 0x5b, 0x6b, 0x5b, 0x19, 0x93, 0x19, 0x93, 
	0x21, 0x93, 0x21, 0x93, 0x4a, 0x97, 0x4a, 0x97, 
	0x32, 0x15, 0xb4, 0xa1, 0xb4, 0xa1, 0xb4, 0xa1, 
	0x9c, 0x5f, 0xbc, 0xe1, 0xbc, 0xe1, 0xbc, 0xe1, 
	0xbc, 0xe1, 0xb4, 0xdf, 0xbc, 0xe1, 0xb4, 0xdf, 
	0xbc, 0xe1, 0xcd, 0xa5, 0xa4, 0x5f, 0xa4, 0x5f, 
	0xac, 0x9d, 0xa4, 0x5b, 0xa4, 0x5b, 0xac, 0x9d, 
	0xa4, 0x5d, 0xac, 0x9d, 0xac, 0x9d, 0xa4, 0x5d, 
	0xbd, 0x21, 0xb4, 0xdf, 0xbd, 0x21, 0xb4, 0xdf, 
	0xa4, 0x5b, 0xac, 0x9d, 0xac, 0x9d, 0xac, 0x5d, 
	0xac, 0x9d, 0xa4, 0x5d, 0xac, 0x9d, 0xa4, 0x5d, 
	0xa4, 0x5b, 0xac, 0x9d, 0xac, 0x9d, 0xa4, 0x1b, 
	0xac, 0x9d, 0xac, 0x5d, 0xa4, 0x5b, 0xac, 0x9d, 
	0x9c, 0x1b, 0xa4, 0x5b, 0x9c, 0x1b, 0xa4, 0x5b, 
	0x9c, 0x1b, 0xa4, 0x1b, 0x9c, 0x1b, 0xa4, 0x1b, 
	0x9c, 0x1b, 0xa4, 0x5d, 0xb4, 0x9d, 0xa4, 0x5d, 
	0xac, 0x5d, 0x9c, 0x1b, 0xac, 0x5d, 0xac, 0x5d, 
	0xac, 0x9d, 0xa4, 0x1b, 0xac, 0x9d, 0xa4, 0x1b, 
	0xa4, 0x1b, 0xa4, 0x1b, 0xac, 0x9d, 0xa4, 0x1b, 
	0x9c, 0x1b, 0xa4, 0x1b, 0x9c, 0x1b, 0xa4, 0x1b, 
	0x9c, 0x1b, 0xa4, 0x5d, 0xac, 0x9d, 0xa4, 0x5d, 
	0x9c, 0x1b, 0xa4, 0x5b, 0x9c, 0x1b, 0xa4, 0x5b, 
	0x9c, 0x1b, 0xa4, 0x1b, 0x9c, 0x1b, 0xa4, 0x1b, 
	0x9c, 0x1b, 0xa4, 0x1b, 0x9c, 0x1b, 0xa4, 0x1b, 
	0x29, 0x91, 0x29, 0x91, 0x29, 0x91, 0x29, 0x91, 
	0x29, 0x91, 0x29, 0x91, 0x21, 0x51, 0x21, 0x51, 
	0x29, 0x91, 0x21, 0x51, 0x21, 0x51, 0x21, 0x51, 
	0x19, 0x4f, 0x19, 0x4f, 0x19, 0x4f, 0x19, 0x4f, 
	0x11, 0x0f, 0x11, 0x0f, 0x19, 0x4f, 0x19, 0x4f, 
	0x11, 0x0f, 0x11, 0x0f, 0x19, 0x4f, 0x19, 0x4f, 
	0x19, 0x4f, 0x19, 0x4f, 0x19, 0x4f, 0x19, 0x4f, 
	0x21, 0x4f, 0x21, 0x4f, 0x29, 0x91, 0x29, 0x91, 
	0x29, 0x91, 0x21, 0x51, 0x21, 0x51, 0x21, 0x51, 
	0x21, 0x51, 0x21, 0x51, 0x11, 0x0f, 0x11, 0x0f, 
	0x19, 0x4f, 0x19, 0x4f, 0x19, 0x4f, 0x19, 0x4f, 
	0x11, 0x0f, 0x11, 0x0f, 0x11, 0x0f, 0x11, 0x0f, 
	0x11, 0x0f, 0x11, 0x0f, 0x11, 0x0f, 0x11, 0x0f, 
	0x11, 0x0f, 0x11, 0x0f, 0x19, 0x4f, 0x19, 0x4f, 
	0x19, 0x4f, 0x19, 0x4f, 0x21, 0x51, 0x21, 0x51, 
	0x19, 0x4f, 0x19, 0x4f, 0x21, 0x51, 0x21, 0x51, 
	0x29, 0x91, 0x21, 0x51, 0x21, 0x51, 0x21, 0x51, 
	0x19, 0x4f, 0x19, 0x4f, 0x19, 0x4f, 0x19, 0x4f, 
	0x21, 0x51, 0x21, 0x51, 0x21, 0x4f, 0x21, 0x4f, 
	0x21, 0x51, 0x21, 0x51, 0x19, 0x4f, 0x19, 0x4f, 
	0x19, 0x4f, 0x19, 0x4f, 0x19, 0x4f, 0x19, 0x4f, 
	0x19, 0x4f, 0x19, 0x4f, 0x19, 0x4f, 0x19, 0x4f, 
	0x31, 0xd1, 0x31, 0xd3, 0x31, 0xd1, 0x31, 0xd3, 
	0x29, 0xd3, 0x31, 0xd3, 0x29, 0xd3, 0x31, 0xd3, 
	0x29, 0x91, 0x21, 0x51, 0x21, 0x51, 0x21, 0x51, 
	0x21, 0x51, 0x21, 0x51, 0x29, 0x91, 0x21, 0x51, 
	0x11, 0x0f, 0x11, 0x0f, 0x11, 0x0f, 0x11, 0x0f, 
	0x11, 0x0f, 0x11, 0x0f, 0x11, 0x0f, 0x11, 0x0f, 
	0x19, 0x4f, 0x19, 0x4f, 0x11, 0x0f, 0x11, 0x0d, 
	0x19, 0x4f, 0x19, 0x4f, 0x19, 0x4f, 0x19, 0x4f, 
	0x11, 0x0f, 0x11, 0x0f, 0x29, 0x93, 0x29, 0x93, 
	0x21, 0x51, 0x29, 0x91, 0x19, 0x51, 0x19, 0x51, 
	0x19, 0x51, 0x19, 0x51, 0x19, 0x51, 0x21, 0x93, 
	0x29, 0x93, 0x29, 0x93, 0x29, 0x93, 0x29, 0x93, 
	0x21, 0x51, 0x21, 0x91, 0x21, 0x51, 0x21, 0x51, 
	0x19, 0x51, 0x19, 0x51, 0x21, 0x51, 0x21, 0x51, 
	0x11, 0x0f, 0x11, 0x0f, 0x21, 0x93, 0x42, 0x59, 
	0x6b, 0x5d, 0x3a, 0x17, 0x3a, 0x17, 0x21, 0x93, 
	0x19, 0x51, 0x19, 0x51, 0x19, 0x51, 0x19, 0x51, 
	0x19, 0x4f, 0x31, 0xd3, 0x31, 0xd3, 0x31, 0xd3, 
	0x32, 0x15, 0x6b, 0x5b, 0x32, 0x15, 0x32, 0x15, 
	0x4a, 0x97, 0x4a, 0x97, 0x4a, 0x97, 0x4a, 0x97, 
	0x5a, 0xd9, 0xb4, 0xa1, 0xb4, 0xa1, 0xb4, 0xa1, 
	0xbc, 0xe1, 0xbc, 0xe1, 0xbc, 0xe1, 0xbc, 0xe1, 
	0xbd, 0x21, 0xbd, 0x21, 0xbd, 0x21, 0xbd, 0x21, 
	0xbc, 0xe1, 0xbc, 0xe1, 0xbc, 0xe1, 0xa4, 0x5f, 
	0xb4, 0x9f, 0xb4, 0x9f, 0xac, 0x5d, 0xac, 0x9d, 
	0xa4, 0x5d, 0xac, 0x9d, 0xb4, 0xdf, 0xb4, 0xdf, 
	0xa4, 0x5b, 0xac, 0x9d, 0xb4, 0xdf, 0xb4, 0xdf, 
	0xac, 0x5d, 0xac, 0x9d, 0xa4, 0x5b, 0xa4, 0x5b, 
	0xa4, 0x5d, 0xa4, 0x5d, 0xa4, 0x5d, 0xa4, 0x5d, 
	0xa4, 0x5b, 0xa4, 0x5b, 0xa4, 0x5b, 0xa4, 0x5b, 
	0xa4, 0x5b, 0xa4, 0x5b, 0xa4, 0x5b, 0xa4, 0x5b, 
	0xa4, 0x5b, 0xac, 0x9b, 0x93, 0xdb, 0x9c, 0x1b, 
	0x9b, 0xdb, 0x9c, 0x1b, 0xa4, 0x5b, 0xa4, 0x5b, 
	0x9c, 0x1b, 0x8b, 0x9b, 0x8b, 0x9b, 0x9c, 0x1b, 
	0x9c, 0x1b, 0x93, 0xdb, 0x9c, 0x1b, 0x93, 0xdb, 
	0xa4, 0x5b, 0xa4, 0x5b, 0xa4, 0x5b, 0xa4, 0x5b, 
	0xa4, 0x5b, 0xac, 0x9d, 0xa4, 0x5b, 0xa4, 0x5b, 
	0x9b, 0xdb, 0x9c, 0x1b, 0xa4, 0x5b, 0xa4, 0x5b, 
	0x93, 0xdb, 0x9c, 0x1b, 0xa4, 0x5d, 0xac, 0x9d, 
	0xa4, 0x5b, 0xac, 0x9b, 0x93, 0xdb, 0x9c, 0x1b, 
	0xa4, 0x5b, 0xa4, 0x5b, 0xa4, 0x5b, 0xa4, 0x5b, 
	0xa4, 0x5b, 0xa4, 0x5b, 0xa4, 0x5b, 0xa4, 0x5b, 
	0x29, 0x91, 0x29, 0x91, 0x29, 0x91, 0x29, 0x91, 
	0x29, 0x91, 0x29, 0x91, 0x21, 0x51, 0x21, 0x51, 
	0x29, 0x91, 0x21, 0x51, 0x19, 0x4f, 0x19, 0x4f, 
	0x19, 0x4f, 0x19, 0x4f, 0x19, 0x4f, 0x19, 0x4f, 
	0x11, 0x0f, 0x11, 0x0f, 0x19, 0x4f, 0x19, 0x4f, 
	0x21, 0x91, 0x21, 0x91, 0x19, 0x4f, 0x19, 0x4f, 
	0x19, 0x4f, 0x19, 0x4f, 0x19, 0x4f, 0x19, 0x4f, 
	0x21, 0x4f, 0x21, 0x4f, 0x29, 0x91, 0x29, 0x91, 
	0x29, 0x91, 0x21, 0x51, 0x21, 0x51, 0x21, 0x51, 
	0x21, 0x51, 0x21, 0x51, 0x21, 0x51, 0x21, 0x51, 
	0x19, 0x4f, 0x11, 0x0f, 0x19, 0x4f, 0x19, 0x4f, 
	0x11, 0x0f, 0x11, 0x0f, 0x11, 0x0f, 0x08, 0xcf, 
	0x11, 0x0f, 0x11, 0x0f, 0x11, 0x0f, 0x11, 0x0f, 
	0x11, 0x0f, 0x11, 0x0f, 0x19, 0x4f, 0x19, 0x4f, 
	0x19, 0x4f, 0x19, 0x4f, 0x21, 0x51, 0x21, 0x51, 
	0x19, 0x4f, 0x19, 0x4f, 0x21, 0x51, 0x21, 0x51, 
	0x29, 0x91, 0x21, 0x51, 0x21, 0x51, 0x21, 0x51, 
	0x19, 0x4f, 0x19, 0x4f, 0x19, 0x4f, 0x19, 0x4f, 
	0x21, 0x51, 0x21, 0x51, 0x19, 0x4f, 0x19, 0x4f, 
	0x19, 0x4f, 0x19, 0x4f, 0x19, 0x4f, 0x19, 0x4f, 
	0x19, 0x4f, 0x11, 0x0f, 0x19, 0x4f, 0x19, 0x4f, 
	0x19, 0x4f, 0x19, 0x4f, 0x19, 0x4f, 0x19, 0x4f, 
	0x29, 0x91, 0x31, 0xd1, 0x29, 0x91, 0x31, 0xd1, 
	0x29, 0x91, 0x29, 0xd3, 0x29, 0x91, 0x29, 0xd3, 
	0x29, 0x91, 0x21, 0x51, 0x21, 0x51, 0x21, 0x51, 
	0x19, 0x4f, 0x19, 0x4f, 0x29, 0x91, 0x21, 0x51, 
	0x11, 0x0f, 0x11, 0x0f, 0x21, 0x91, 0x21, 0x91, 
	0x21, 0x91, 0x21, 0x91, 0x21, 0x91, 0x21, 0x91, 
	0x19, 0x4f, 0x19, 0x4f, 0x11, 0x0d, 0x11, 0x0d, 
	0x19, 0x4f, 0x19, 0x4f, 0x19, 0x4f, 0x19, 0x4f, 
	0x11, 0x0f, 0x11, 0x0f, 0x11, 0x0f, 0x11, 0x0f, 
	0x21, 0x91, 0x29, 0x91, 0x19, 0x51, 0x19, 0x51, 
	0x19, 0x51, 0x19, 0x51, 0x11, 0x0f, 0x19, 0x91, 
	0x31, 0xd3, 0x31, 0xd3, 0x21, 0x91, 0x21, 0x91, 
	0x21, 0x91, 0x29, 0xd1, 0x21, 0x51, 0x21, 0x51, 
	0x19, 0x51, 0x19, 0x51, 0x21, 0x51, 0x21, 0x51, 
	0x21, 0x93, 0x21, 0x93, 0x21, 0x93, 0x32, 0x15, 
	0x21, 0x93, 0x21, 0x93, 0x52, 0x99, 0x3a, 0x17, 
	0x19, 0x51, 0x19, 0x51, 0x19, 0x51, 0x19, 0x51, 
	0x19, 0x4f, 0x19, 0x4f, 0x31, 0xd3, 0x31, 0xd3, 
	0x32, 0x15, 0x19, 0x93, 0x32, 0x15, 0x32, 0x15, 
	0x4a, 0x97, 0x4a, 0x97, 0x62, 0xd9, 0x62, 0xd9, 
	0x32, 0x15, 0x8b, 0xdd, 0xb4, 0xa1, 0xb4, 0xa1, 
	0xbc, 0xe1, 0xbc, 0xe1, 0xbc, 0xe1, 0xbc, 0xe1, 
	0xbc, 0xe1, 0xb4, 0xdf, 0xbc, 0xe1, 0xb4, 0xdf, 
	0xbc, 0xe1, 0xbc, 0xe1, 0xa4, 0x5f, 0xa4, 0x5f, 
	0xac, 0x9d, 0xac, 0x5d, 0xa4, 0x5b, 0xac, 0x9d, 
	0xa4, 0x5d, 0xac, 0x9d, 0xac, 0x9d, 0xa4, 0x5d, 
	0xa4, 0x5b, 0xac, 0x9d, 0xac, 0x9d, 0xa4, 0x5b, 
	0xa4, 0x5b, 0xac, 0x9d, 0xac, 0x9d, 0xa4, 0x5b, 
	0x9c, 0x1b, 0xa4, 0x5d, 0x9c, 0x1b, 0xa4, 0x5d, 
	0xac, 0x9d, 0xa4, 0x1b, 0xa4, 0x1b, 0xa4, 0x1b, 
	0xac, 0x9d, 0xa4, 0x5b, 0xac, 0x9d, 0xa4, 0x5b, 
	0xa4, 0x5b, 0xac, 0x9b, 0x9c, 0x1b, 0xa4, 0x5b, 
	0x9c, 0x1b, 0xa4, 0x1b, 0x9c, 0x1b, 0xa4, 0x1b, 
	0x9c, 0x1b, 0x8b, 0x9b, 0x9c, 0x1b, 0xa4, 0x5d, 
	0x9c, 0x1b, 0x83, 0x99, 0x9c, 0x1b, 0x83, 0x99, 
	0xa4, 0x1b, 0xa4, 0x1b, 0xac, 0x9d, 0xa4, 0x1b, 
	0xa4, 0x5b, 0xac, 0x9d, 0xa4, 0x1b, 0xa4, 0x1b, 
	0x9c, 0x1b, 0xa4, 0x1b, 0x9c, 0x1b, 0xa4, 0x1b, 
	0x9c, 0x1b, 0xa4, 0x5d, 0xa4, 0x5d, 0xac, 0x9d, 
	0xa4, 0x5b, 0xac, 0x9b, 0x9c, 0x1b, 0xa4, 0x5b, 
	0x9c, 0x1b, 0xa4, 0x1b, 0x9c, 0x1b, 0xa4, 0x1b, 
	0x9c, 0x1b, 0xa4, 0x1b, 0x9c, 0x1b, 0xa4, 0x1b, 
	0x29, 0x91, 0x21, 0x51, 0x21, 0x51, 0x21, 0x51, 
	0x21, 0x51, 0x21, 0x51, 0x21, 0x51, 0x21, 0x51, 
	0x21, 0x51, 0x21, 0x51, 0x19, 0x4f, 0x19, 0x4f, 
	0x19, 0x4f, 0x19, 0x4f, 0x11, 0x0f, 0x11, 0x0f, 
	0x19, 0x4f, 0x19, 0x4f, 0x19, 0x4f, 0x19, 0x4f, 
	0x19, 0x4f, 0x19, 0x4f, 0x19, 0x4f, 0x19, 0x4f, 
	0x19, 0x4f, 0x19, 0x4f, 0x21, 0x51, 0x21, 0x51, 
	0x29, 0x91, 0x29, 0x91, 0x29, 0x91, 0x29, 0x91, 
	0x29, 0x91, 0x29, 0x91, 0x21, 0x51, 0x21, 0x51, 
	0x21, 0x51, 0x21, 0x51, 0x21, 0x51, 0x21, 0x51, 
	0x19, 0x4f, 0x19, 0x4f, 0x19, 0x4f, 0x19, 0x4f, 
	0x11, 0x0f, 0x11, 0x0f, 0x11, 0x0f, 0x11, 0x0f, 
	0x19, 0x4f, 0x19, 0x4f, 0x19, 0x4f, 0x19, 0x4f, 
	0x19, 0x4f, 0x19, 0x4f, 0x19, 0x4f, 0x19, 0x4f, 
	0x19, 0x4f, 0x31, 0xd3, 0x29, 0x91, 0x29, 0x91, 
	0x29, 0x91, 0x21, 0x51, 0x21, 0x51, 0x21, 0x51, 
	0x29, 0x91, 0x21, 0x51, 0x21, 0x51, 0x21, 0x51, 
	0x21, 0x51, 0x21, 0x51, 0x21, 0x51, 0x21, 0x51, 
	0x19, 0x4f, 0x19, 0x4f, 0x19, 0x4f, 0x19, 0x4f, 
	0x11, 0x0f, 0x11, 0x0f, 0x11, 0x0f, 0x11, 0x0f, 
	0x19, 0x4f, 0x19, 0x4f, 0x19, 0x4f, 0x19, 0x4f, 
	0x19, 0x4f, 0x19, 0x4f, 0x19, 0x4f, 0x19, 0x4f, 
	0x21, 0x51, 0x21, 0x51, 0x29, 0x91, 0x29, 0x91, 
	0x29, 0x91, 0x21, 0x51, 0x29, 0x91, 0x29, 0x91, 
	0x21, 0x51, 0x21, 0x51, 0x19, 0x4f, 0x19, 0x4f, 
	0x19, 0x4f, 0x19, 0x4f, 0x19, 0x4f, 0x19, 0x4f, 
	0x19, 0x4f, 0x19, 0x4f, 0x19, 0x4f, 0x19, 0x4f, 
	0x21, 0x4f, 0x21, 0x4f, 0x19, 0x4f, 0x19, 0x4f, 
	0x11, 0x0f, 0x11, 0x0f, 0x19, 0x4f, 0x19, 0x4f, 
	0x21, 0x4f, 0x21, 0x4f, 0x21, 0x51, 0x21, 0x51, 
	0x19, 0x4f, 0x19, 0x4f, 0x21, 0x51, 0x21, 0x51, 
	0x29, 0x91, 0x29, 0x91, 0x29, 0x91, 0x29, 0x91, 
	0x21, 0x51, 0x21, 0x51, 0x11, 0x0f, 0x11, 0x0f, 
	0x11, 0x0f, 0x11, 0x0f, 0x19, 0x4f, 0x19, 0x4f, 
	0x21, 0x51, 0x21, 0x51, 0x21, 0x51, 0x21, 0x51, 
	0x21, 0x51, 0x21, 0x51, 0x19, 0x51, 0x19, 0x51, 
	0x21, 0x51, 0x21, 0x51, 0x29, 0x91, 0x21, 0x51, 
	0x19, 0x4f, 0x19, 0x4f, 0x19, 0x4f, 0x31, 0xd3, 
	0x29, 0x93, 0x29, 0x93, 0x29, 0x93, 0x29, 0x93, 
	0x21, 0xd5, 0x21, 0xd5, 0x21, 0xd5, 0x21, 0xd5, 
	0x19, 0x95, 0x52, 0x99, 0x6b, 0x1b, 0x32, 0x17, 
	0x52, 0x99, 0x4a, 0x57, 0x4a, 0x57, 0x52, 0x99, 
	0x73, 0x5b, 0xa4, 0x5f, 0xbd, 0x21, 0xbd, 0x21, 
	0xac, 0x9f, 0xac, 0x9f, 0xc5, 0x21, 0xc5, 0x21, 
	0x93, 0xd9, 0x9c, 0x1b, 0xb4, 0xdf, 0xb4, 0xdf, 
	0xb4, 0xdf, 0xb4, 0xdf, 0xb4, 0xdf, 0xb4, 0xdf, 
	0xb4, 0xdf, 0xb4, 0xdf, 0xa4, 0x5b, 0xa4, 0x5b, 
	0xa4, 0x5b, 0xac, 0x9d, 0xa4, 0x5b, 0xa4, 0x5b, 
	0xa4, 0x5b, 0xa4, 0x5b, 0xa4, 0x5b, 0xa4, 0x5b, 
	0xac, 0x5d, 0xac, 0x9d, 0xa4, 0x5b, 0xa4, 0x5b, 
	0x93, 0xdb, 0x9c, 0x1b, 0xac, 0x5d, 0x93, 0xdb, 
	0xa4, 0x5d, 0xa4, 0x5d, 0xac, 0x9d, 0x8b, 0xdb, 
	0xa4, 0x5b, 0xa4, 0x5b, 0xa4, 0x5b, 0xa4, 0x5b, 
	0xa4, 0x5b, 0xac, 0x9d, 0x93, 0xd9, 0x9c, 0x1b, 
	0xa4, 0x5b, 0xac, 0x9b, 0xa4, 0x5b, 0xa4, 0x5b, 
	0xa4, 0x5b, 0xa4, 0x5b, 0x9c, 0x1b, 0x93, 0xdb, 
	0x93, 0xdb, 0x9c, 0x1b, 0x93, 0xdb, 0x9c, 0x1b, 
	0xa4, 0x5b, 0xa4, 0x5b, 0xa4, 0x5b, 0xa4, 0x5b, 
	0x93, 0xdb, 0x9c, 0x1b, 0xa4, 0x5b, 0xa4, 0x5b, 
	0x9c, 0x1b, 0x93, 0xdb, 0x93, 0xdb, 0x9c, 0x1b, 
	0xa4, 0x5b, 0xa4, 0x5b, 0x9c, 0x1b, 0x8b, 0xdb, 
	0xa4, 0x5b, 0xa4, 0x5b, 0x93, 0xdb, 0x9c, 0x1b, 
	0x93, 0xdb, 0x9c, 0x1b, 0x93, 0xdb, 0x9c, 0x1b, 
	0x93, 0xdb, 0x9c, 0x1b, 0x93, 0xdb, 0x9c, 0x1b, 
	0x29, 0x91, 0x21, 0x51, 0x21, 0x51, 0x21, 0x51, 
	0x21, 0x51, 0x21, 0x51, 0x21, 0x51, 0x21, 0x51, 
	0x21, 0x51, 0x21, 0x51, 0x19, 0x4f, 0x19, 0x4f, 
	0x19, 0x4f, 0x19, 0x4f, 0x11, 0x0f, 0x11, 0x0f, 
	0x19, 0x4f, 0x19, 0x4f, 0x19, 0x4f, 0x19, 0x4f, 
	0x19, 0x4f, 0x19, 0x4f, 0x19, 0x4f, 0x19, 0x4f, 
	0x19, 0x4f, 0x19, 0x4f, 0x21, 0x51, 0x21, 0x51, 
	0x29, 0x91, 0x29, 0x91, 0x29, 0x91, 0x29, 0x91, 
	0x29, 0x91, 0x29, 0x91, 0x21, 0x51, 0x21, 0x51, 
	0x21, 0x51, 0x21, 0x51, 0x21, 0x51, 0x21, 0x51, 
	0x19, 0x4f, 0x19, 0x4f, 0x19, 0x4f, 0x19, 0x4f, 
	0x11, 0x0f, 0x11, 0x0f, 0x11, 0x0f, 0x11, 0x0f, 
	0x19, 0x4f, 0x19, 0x4f, 0x19, 0x4f, 0x19, 0x4f, 
	0x19, 0x4f, 0x19, 0x4f, 0x19, 0x4f, 0x19, 0x4f, 
	0x19, 0x4f, 0x21, 0x51, 0x29, 0x91, 0x29, 0x91, 
	0x29, 0x91, 0x21, 0x51, 0x21, 0x51, 0x21, 0x51, 
	0x29, 0x91, 0x21, 0x51, 0x21, 0x51, 0x21, 0x51, 
	0x21, 0x51, 0x21, 0x51, 0x21, 0x51, 0x21, 0x51, 
	0x19, 0x4f, 0x19, 0x4f, 0x19, 0x4f, 0x19, 0x4f, 
	0x11, 0x0f, 0x11, 0x0f, 0x11, 0x0f, 0x11, 0x0f, 
	0x19, 0x4f, 0x19, 0x4f, 0x19, 0x4f, 0x19, 0x4f, 
	0x19, 0x4f, 0x19, 0x4f, 0x19, 0x4f, 0x19, 0x4f, 
	0x19, 0x4f, 0x19, 0x4f, 0x29, 0x91, 0x29, 0x91, 
	0x29, 0x91, 0x21, 0x51, 0x29, 0x91, 0x29, 0x91, 
	0x21, 0x51, 0x21, 0x51, 0x19, 0x4f, 0x19, 0x4f, 
	0x19, 0x4f, 0x19, 0x4f, 0x19, 0x4f, 0x19, 0x4f, 
	0x19, 0x4f, 0x19, 0x4f, 0x19, 0x4f, 0x19, 0x4f, 
	0x19, 0x4f, 0x19, 0x4f, 0x19, 0x4f, 0x19, 0x4f, 
	0x11, 0x0f, 0x11, 0x0f, 0x19, 0x4f, 0x19, 0x4f, 
	0x19, 0x4f, 0x19, 0x4f, 0x19, 0x4f, 0x19, 0x4f, 
	0x19, 0x4f, 0x19, 0x4f, 0x21, 0x51, 0x21, 0x51, 
	0x29, 0x91, 0x29, 0x91, 0x29, 0x91, 0x29, 0x91, 
	0x21, 0x51, 0x21, 0x51, 0x21, 0x51, 0x21, 0x51, 
	0x21, 0x51, 0x21, 0x51, 0x19, 0x4f, 0x19, 0x4f, 
	0x19, 0x4f, 0x19, 0x4f, 0x19, 0x4f, 0x19, 0x4f, 
	0x21, 0x51, 0x21, 0x51, 0x19, 0x51, 0x11, 0x11, 
	0x21, 0x51, 0x21, 0x51, 0x29, 0x91, 0x21, 0x51, 
	0x19, 0x4f, 0x19, 0x4f, 0x19, 0x4f, 0x21, 0x91, 
	0x3a, 0x15, 0x3a, 0x15, 0x29, 0x93, 0x29, 0x93, 
	0x3a, 0x57, 0x21, 0xd5, 0x3a, 0x57, 0x21, 0xd5, 
	0x52, 0x99, 0x52, 0x99, 0x52, 0x99, 0x32, 0x17, 
	0x5a, 0xd9, 0x63, 0x1b, 0x4a, 0x57, 0x4a, 0x57, 
	0x73, 0x5b, 0xa4, 0x5f, 0xbd, 0x21, 0xbd, 0x21, 
	0xac, 0x9f, 0xac, 0x9f, 0x7b, 0x99, 0xac, 0x9f, 
	0x9c, 0x1b, 0x9c, 0x1b, 0xac, 0x5d, 0xac, 0x5d, 
	0xac, 0x9d, 0xac, 0x9d, 0xac, 0x9d, 0xac, 0x9d, 
	0xac, 0x9d, 0xa4, 0x5b, 0xac, 0x9d, 0xa4, 0x5b, 
	0xa4, 0x5b, 0xac, 0x9d, 0xa4, 0x1b, 0xa4, 0x1b, 
	0xac, 0x9d, 0xa4, 0x1b, 0xac, 0x9d, 0xa4, 0x1b, 
	0xa4, 0x5b, 0xac, 0x9d, 0xa4, 0x1b, 0xa4, 0x1b, 
	0x9c, 0x1b, 0x9c, 0x1b, 0xac, 0x5d, 0xac, 0x5d, 
	0x94, 0x1b, 0xa4, 0x5d, 0xac, 0x9d, 0xa4, 0x5d, 
	0x9c, 0x1b, 0xa4, 0x5b, 0x9c, 0x1b, 0xa4, 0x5b, 
	0xa4, 0x5b, 0xac, 0x9d, 0x9c, 0x1b, 0xa4, 0x5b, 
	0xa4, 0x5b, 0xac, 0x9b, 0x9c, 0x1b, 0xa4, 0x5b, 
	0x9c, 0x1b, 0xa4, 0x5b, 0x9c, 0x1b, 0x8b, 0x9b, 
	0x9c, 0x1b, 0xa4, 0x1b, 0x9c, 0x1b, 0xa4, 0x1b, 
	0x9c, 0x1b, 0xa4, 0x5b, 0xa4, 0x5b, 0xa4, 0x5b, 
	0x9c, 0x1b, 0xa4, 0x5b, 0xac, 0x9b, 0xa4, 0x5b, 
	0x9c, 0x1b, 0x8b, 0x9b, 0x9c, 0x1b, 0xa4, 0x5b, 
	0xa4, 0x5b, 0xa4, 0x5b, 0x9c, 0x1b, 0x83, 0x9b, 
	0xa4, 0x5b, 0xa4, 0x5b, 0x9c, 0x1b, 0xa4, 0x5b, 
	0x9c, 0x1b, 0xa4, 0x1b, 0x9c, 0x1b, 0xa4, 0x1b, 
	0x9c, 0x1b, 0xa4, 0x1b, 0x9c, 0x1b, 0xa4, 0x1b, 
	0x21, 0x51, 0x21, 0x51, 0x21, 0x51, 0x21, 0x51, 
	0x19, 0x4f, 0x19, 0x4f, 0x19, 0x4f, 0x19, 0x4f, 
	0x19, 0x4f, 0x19, 0x4f, 0x19, 0x4f, 0x19, 0x4f, 
	0x19, 0x4f, 0x19, 0x4f, 0x19, 0x4f, 0x19, 0x4f, 
	0x19, 0x4f, 0x19, 0x4f, 0x19, 0x4f, 0x19, 0x4f, 
	0x19, 0x4f, 0x19, 0x4f, 0x19, 0x4f, 0x19, 0x4f, 
	0x19, 0x4f, 0x19, 0x4f, 0x21, 0x51, 0x21, 0x51, 
	0x29, 0x91, 0x21, 0x51, 0x21, 0x51, 0x21, 0x51, 
	0x21, 0x51, 0x21, 0x51, 0x21, 0x51, 0x21, 0x51, 
	0x21, 0x51, 0x21, 0x51, 0x19, 0x4f, 0x19, 0x4f, 
	0x19, 0x4f, 0x19, 0x4f, 0x19, 0x4f, 0x19, 0x4f, 
	0x19, 0x4f, 0x19, 0x4f, 0x19, 0x4f, 0x19, 0x4f, 
	0x19, 0x4f, 0x19, 0x4f, 0x19, 0x4f, 0x19, 0x4f, 
	0x19, 0x4f, 0x19, 0x4f, 0x21, 0x4f, 0x21, 0x4f, 
	0x29, 0x91, 0x29, 0x91, 0x21, 0x51, 0x21, 0x51, 
	0x29, 0x91, 0x29, 0x91, 0x21, 0x51, 0x21, 0x51, 
	0x21, 0x51, 0x21, 0x51, 0x21, 0x51, 0x21, 0x51, 
	0x21, 0x51, 0x21, 0x51, 0x21, 0x51, 0x21, 0x51, 
	0x19, 0x4f, 0x19, 0x4f, 0x19, 0x4f, 0x19, 0x4f, 
	0x11, 0x0f, 0x11, 0x0f, 0x11, 0x0f, 0x11, 0x0f, 
	0x19, 0x4f, 0x19, 0x4f, 0x19, 0x4f, 0x19, 0x4f, 
	0x19, 0x4f, 0x19, 0x4f, 0x19, 0x4f, 0x19, 0x4f, 
	0x19, 0x4f, 0x19, 0x4f, 0x21, 0x51, 0x21, 0x51, 
	0x29, 0x91, 0x21, 0x51, 0x21, 0x51, 0x21, 0x51, 
	0x21, 0x51, 0x21, 0x51, 0x19, 0x4f, 0x19, 0x4f, 
	0x21, 0x4f, 0x21, 0x4f, 0x19, 0x4f, 0x19, 0x4f, 
	0x11, 0x0f, 0x11, 0x0f, 0x11, 0x0f, 0x11, 0x0f, 
	0x19, 0x0f, 0x11, 0x0f, 0x19, 0x0f, 0x11, 0x0f, 
	0x19, 0x4f, 0x19, 0x4f, 0x19, 0x4f, 0x19, 0x4f, 
	0x19, 0x4f, 0x19, 0x4f, 0x19, 0x4f, 0x19, 0x4f, 
	0x19, 0x4f, 0x19, 0x4f, 0x21, 0x51, 0x21, 0x51, 
	0x29, 0x91, 0x29, 0x91, 0x29, 0x91, 0x29, 0x91, 
	0x29, 0x91, 0x29, 0x91, 0x29, 0x91, 0x21, 0x51, 
	0x21, 0x51, 0x21, 0x51, 0x21, 0x51, 0x21, 0x51, 
	0x21, 0x51, 0x21, 0x51, 0x11, 0x0f, 0x11, 0x0f, 
	0x29, 0x91, 0x29, 0x91, 0x21, 0x51, 0x21, 0x51, 
	0x19, 0x51, 0x19, 0x51, 0x31, 0xd1, 0x31, 0xd1, 
	0x31, 0xd3, 0x31, 0xd3, 0x3a, 0x15, 0x3a, 0x15, 
	0x3a, 0x15, 0x29, 0x93, 0x42, 0x55, 0x52, 0x97, 
	0x52, 0x99, 0x52, 0x99, 0x3a, 0x57, 0x21, 0xd5, 
	0x32, 0x17, 0x19, 0x95, 0x52, 0x99, 0x52, 0x99, 
	0x52, 0x99, 0x4a, 0x57, 0x52, 0x99, 0x4a, 0x57, 
	0x73, 0x5b, 0xa4, 0x5f, 0xa4, 0x5f, 0x8b, 0xdd, 
	0xac, 0x9f, 0xac, 0x9f, 0xac, 0x9f, 0xac, 0x9f, 
	0x93, 0xd9, 0x9c, 0x1b, 0xb4, 0xdf, 0xb4, 0xdf, 
	0xac, 0x9d, 0x93, 0xdb, 0xac, 0x9d, 0xac, 0x9d, 
	0xa4, 0x5b, 0xac, 0x9d, 0xa4, 0x5b, 0xa4, 0x5b, 
	0xa4, 0x5b, 0xa4, 0x5b, 0xa4, 0x5b, 0xa4, 0x5b, 
	0xac, 0x5d, 0xac, 0x9d, 0xac, 0x5d, 0xac, 0x9d, 
	0xa4, 0x5b, 0xa4, 0x5b, 0xac, 0x5d, 0xac, 0x9d, 
	0x9c, 0x1b, 0x93, 0xdb, 0xac, 0x5d, 0xac, 0x5d, 
	0x94, 0x1b, 0x8b, 0xdb, 0xa4, 0x5d, 0xa4, 0x5d, 
	0x93, 0xdb, 0x9c, 0x1b, 0xa4, 0x5b, 0xa4, 0x5b, 
	0xa4, 0x5b, 0xa4, 0x5b, 0xa4, 0x5b, 0xa4, 0x5b, 
	0x93, 0xdb, 0x9c, 0x1b, 0x93, 0xdb, 0x9c, 0x1b, 
	0xa4, 0x5b, 0xa4, 0x5b, 0x93, 0xdb, 0x9c, 0x1b, 
	0x93, 0xdb, 0x9c, 0x1b, 0xa4, 0x1b, 0xa4, 0x1b, 
	0x93, 0xdb, 0x9c, 0x1b, 0x9c, 0x1b, 0x93, 0xdb, 
	0xa4, 0x5b, 0xa4, 0x5b, 0x93, 0xdb, 0x9c, 0x1b, 
	0xa4, 0x5b, 0xa4, 0x5b, 0xa4, 0x5b, 0xa4, 0x5b, 
	0x9c, 0x1b, 0x8b, 0xdb, 0x8b, 0xdb, 0x9c, 0x1b, 
	0x9c, 0x1b, 0x93, 0xdb, 0xa4, 0x5b, 0xa4, 0x5b, 
	0x93, 0xdb, 0x9c, 0x1b, 0x93, 0xdb, 0x9c, 0x1b, 
	0x93, 0xdb, 0x9c, 0x1b, 0x93, 0xdb, 0x9c, 0x1b, 
	0x19, 0x4f, 0x19, 0x4f, 0x19, 0x4f, 0x19, 0x4f, 
	0x19, 0x4f, 0x19, 0x4f, 0x19, 0x4f, 0x19, 0x4f, 
	0x19, 0x4f, 0x19, 0x4f, 0x19, 0x4f, 0x19, 0x4f, 
	0x19, 0x4f, 0x19, 0x4f, 0x19, 0x4f, 0x19, 0x4f, 
	0x19, 0x4f, 0x19, 0x4f, 0x19, 0x4f, 0x19, 0x4f, 
	0x19, 0x4f, 0x19, 0x4f, 0x19, 0x4f, 0x19, 0x4f, 
	0x19, 0x4f, 0x19, 0x4f, 0x21, 0x51, 0x21, 0x51, 
	0x29, 0x91, 0x21, 0x51, 0x21, 0x51, 0x21, 0x51, 
	0x19, 0x4f, 0x19, 0x4f, 0x21, 0x51, 0x21, 0x51, 
	0x19, 0x4f, 0x19, 0x4f, 0x19, 0x4f, 0x19, 0x4f, 
	0x19, 0x4f, 0x19, 0x4f, 0x19, 0x4f, 0x19, 0x4f, 
	0x19, 0x4f, 0x19, 0x4f, 0x19, 0x4f, 0x19, 0x4f, 
	0x19, 0x4f, 0x19, 0x4f, 0x19, 0x4f, 0x19, 0x4f, 
	0x19, 0x4f, 0x19, 0x4f, 0x19, 0x4f, 0x19, 0x4f, 
	0x29, 0x91, 0x29, 0x91, 0x21, 0x51, 0x21, 0x51, 
	0x29, 0x91, 0x29, 0x91, 0x21, 0x51, 0x21, 0x51, 
	0x21, 0x51, 0x21, 0x51, 0x21, 0x51, 0x21, 0x51, 
	0x21, 0x51, 0x21, 0x51, 0x19, 0x4f, 0x19, 0x4f, 
	0x19, 0x4f, 0x19, 0x4f, 0x19, 0x4f, 0x19, 0x4f, 
	0x11, 0x0f, 0x11, 0x0f, 0x11, 0x0f, 0x11, 0x0f, 
	0x19, 0x4f, 0x19, 0x4f, 0x19, 0x4f, 0x19, 0x4f, 
	0x19, 0x4f, 0x19, 0x4f, 0x19, 0x4f, 0x19, 0x4f, 
	0x19, 0x4f, 0x19, 0x4f, 0x21, 0x51, 0x21, 0x51, 
	0x29, 0x91, 0x21, 0x51, 0x21, 0x51, 0x21, 0x51, 
	0x21, 0x51, 0x21, 0x51, 0x19, 0x4f, 0x19, 0x4f, 
	0x19, 0x4f, 0x19, 0x4f, 0x19, 0x4f, 0x19, 0x4f, 
	0x11, 0x0f, 0x11, 0x0f, 0x11, 0x0f, 0x11, 0x0f, 
	0x11, 0x0f, 0x11, 0x0f, 0x11, 0x0f, 0x11, 0x0f, 
	0x19, 0x4f, 0x19, 0x4f, 0x19, 0x4f, 0x19, 0x4f, 
	0x19, 0x4f, 0x19, 0x4f, 0x19, 0x4f, 0x19, 0x4f, 
	0x19, 0x4f, 0x19, 0x4f, 0x19, 0x4f, 0x19, 0x4f, 
	0x29, 0x91, 0x29, 0x91, 0x29, 0x91, 0x29, 0x91, 
	0x29, 0x91, 0x29, 0x91, 0x29, 0x91, 0x21, 0x51, 
	0x21, 0x51, 0x21, 0x51, 0x19, 0x4f, 0x19, 0x4f, 
	0x21, 0x51, 0x21, 0x51, 0x21, 0x51, 0x21, 0x51, 
	0x29, 0x91, 0x29, 0x91, 0x21, 0x51, 0x21, 0x51, 
	0x19, 0x51, 0x19, 0x51, 0x29, 0x91, 0x31, 0xd1, 
	0x3a, 0x15, 0x31, 0xd3, 0x3a, 0x15, 0x31, 0xd3, 
	0x52, 0x97, 0x42, 0x55, 0x42, 0x55, 0x42, 0x55, 
	0x52, 0x99, 0x6b, 0x1b, 0x6b, 0x1b, 0x6b, 0x1b, 
	0x6b, 0x1b, 0x6b, 0x1b, 0x52, 0x99, 0x6b, 0x1b, 
	0x5a, 0xd9, 0x63, 0x1b, 0x5a, 0xd9, 0x63, 0x1b, 
	0x73, 0x5b, 0xa4, 0x5f, 0xa4, 0x5f, 0xa4, 0x5f, 
	0xac, 0x9f, 0xac, 0x9f, 0xac, 0x9f, 0xac, 0x9f, 
	0x9c, 0x1b, 0x9c, 0x1b, 0xac, 0x5d, 0xac, 0x5d, 
	0xac, 0x9d, 0xac, 0x9d, 0x9c, 0x1d, 0xac, 0x9d, 
	0xa4, 0x5b, 0xac, 0x9d, 0x9c, 0x19, 0xa4, 0x5b, 
	0xac, 0x9d, 0xa4, 0x1b, 0xa4, 0x1b, 0xa4, 0x1b, 
	0xa4, 0x5b, 0xac, 0x9d, 0xa4, 0x5b, 0xac, 0x9d, 
	0xac, 0x9d, 0xa4, 0x1b, 0xa4, 0x5b, 0xac, 0x9d, 
	0x9c, 0x1b, 0x83, 0x59, 0xac, 0x5d, 0xac, 0x5d, 
	0x94, 0x1b, 0x8b, 0xdb, 0xac, 0x9d, 0xa4, 0x5d, 
	0x9c, 0x1b, 0xa4, 0x5b, 0xac, 0x9b, 0xa4, 0x5b, 
	0xac, 0x9d, 0xa4, 0x5b, 0x9c, 0x1b, 0xa4, 0x5b, 
	0x9c, 0x1b, 0xa4, 0x5b, 0x9c, 0x1b, 0xa4, 0x5b, 
	0x9c, 0x1b, 0xa4, 0x5b, 0x9c, 0x1b, 0xa4, 0x5b, 
	0x9c, 0x1b, 0xa4, 0x1b, 0xac, 0x5b, 0xa4, 0x1b, 
	0x9c, 0x1b, 0xa4, 0x5b, 0x9c, 0x1b, 0x8b, 0x9b, 
	0x9c, 0x1b, 0xa4, 0x5b, 0x9c, 0x1b, 0xa4, 0x5b, 
	0x9c, 0x1b, 0xa4, 0x5b, 0xa4, 0x5b, 0xa4, 0x5b, 
	0x9c, 0x1b, 0x83, 0x9b, 0x9c, 0x1b, 0xa4, 0x5b, 
	0x9c, 0x1b, 0x8b, 0x9b, 0x9c, 0x1b, 0xa4, 0x5b, 
	0x9c, 0x1b, 0xa4, 0x1b, 0x9c, 0x1b, 0xa4, 0x1b, 
	0x9c, 0x1b, 0xa4, 0x1b, 0x9c, 0x1b, 0xa4, 0x1b, 
	0x19, 0x4f, 0x19, 0x4f, 0x19, 0x4f, 0x19, 0x4f, 
	0x19, 0x4f, 0x19, 0x4f, 0x19, 0x4f, 0x19, 0x4f, 
	0x19, 0x4f, 0x19, 0x4f, 0x19, 0x4f, 0x19, 0x4f, 
	0x19, 0x4f, 0x19, 0x4f, 0x19, 0x4f, 0x19, 0x4f, 
	0x19, 0x4f, 0x19, 0x4f, 0x19, 0x4f, 0x19, 0x4f, 
	0x19, 0x4f, 0x19, 0x4f, 0x19, 0x4f, 0x19, 0x4f, 
	0x19, 0x4f, 0x19, 0x4f, 0x19, 0x4f, 0x19, 0x4f, 
	0x19, 0x4f, 0x19, 0x4f, 0x19, 0x4f, 0x19, 0x4f, 
	0x19, 0x4f, 0x19, 0x4f, 0x19, 0x4f, 0x19, 0x4f, 
	0x19, 0x4f, 0x19, 0x4f, 0x19, 0x4f, 0x19, 0x4f, 
	0x19, 0x4f, 0x19, 0x4f, 0x19, 0x4f, 0x19, 0x4f, 
	0x19, 0x4f, 0x19, 0x4f, 0x19, 0x4f, 0x19, 0x4f, 
	0x19, 0x4f, 0x19, 0x4f, 0x19, 0x4f, 0x19, 0x4f, 
	0x19, 0x4f, 0x19, 0x4f, 0x19, 0x4f, 0x19, 0x4f, 
	0x19, 0x4f, 0x19, 0x4f, 0x21, 0x4f, 0x21, 0x4f, 
	0x19, 0x4f, 0x19, 0x4f, 0x21, 0x51, 0x21, 0x51, 
	0x21, 0x51, 0x21, 0x51, 0x21, 0x51, 0x21, 0x51, 
	0x19, 0x4f, 0x19, 0x4f, 0x19, 0x4f, 0x19, 0x4f, 
	0x19, 0x4f, 0x19, 0x4f, 0x19, 0x4f, 0x19, 0x4f, 
	0x19, 0x4f, 0x19, 0x4f, 0x19, 0x4f, 0x19, 0x4f, 
	0x19, 0x4f, 0x19, 0x4f, 0x11, 0x0f, 0x11, 0x0f, 
	0x11, 0x0f, 0x11, 0x0f, 0x19, 0x4f, 0x19, 0x4f, 
	0x19, 0x4f, 0x19, 0x4f, 0x21, 0x51, 0x21, 0x51, 
	0x29, 0x91, 0x29, 0x91, 0x21, 0x51, 0x21, 0x51, 
	0x21, 0x51, 0x21, 0x51, 0x21, 0x51, 0x21, 0x51, 
	0x19, 0x4f, 0x19, 0x4f, 0x19, 0x4f, 0x19, 0x4f, 
	0x11, 0x0f, 0x11, 0x0f, 0x11, 0x0f, 0x11, 0x0f, 
	0x11, 0x0f, 0x11, 0x0f, 0x11, 0x0f, 0x11, 0x0f, 
	0x19, 0x4f, 0x19, 0x4f, 0x19, 0x4f, 0x19, 0x4f, 
	0x19, 0x4f, 0x19, 0x4f, 0x19, 0x4f, 0x19, 0x4f, 
	0x19, 0x4f, 0x19, 0x4f, 0x19, 0x4f, 0x19, 0x4f, 
	0x21, 0x51, 0x21, 0x51, 0x21, 0x51, 0x21, 0x51, 
	0x21, 0x51, 0x21, 0x51, 0x29, 0x91, 0x21, 0x51, 
	0x19, 0x4f, 0x19, 0x4f, 0x21, 0x51, 0x21, 0x51, 
	0x21, 0x51, 0x21, 0x51, 0x19, 0x51, 0x19, 0x51, 
	0x21, 0x51, 0x21, 0x51, 0x21, 0x51, 0x21, 0x51, 
	0x21, 0x51, 0x21, 0x51, 0x21, 0x51, 0x21, 0x51, 
	0x31, 0xd1, 0x31, 0xd1, 0x42, 0x13, 0x3a, 0x13, 
	0x31, 0xd3, 0x31, 0xd3, 0x42, 0x55, 0x42, 0x55, 
	0x4a, 0x55, 0x52, 0x99, 0x63, 0x1b, 0x63, 0x1b, 
	0x7b, 0x9d, 0x7b, 0x9d, 0x4a, 0x57, 0x5a, 0xd9, 
	0x73, 0x5b, 0x73, 0x5b, 0x73, 0x5b, 0x73, 0x5b, 
	0x73, 0x5b, 0x73, 0x5b, 0x8b, 0xdb, 0x9c, 0x1b, 
	0xac, 0x9d, 0xac, 0x9d, 0xa4, 0x5b, 0xa4, 0x5b, 
	0xa4, 0x5b, 0xac, 0x9d, 0xa4, 0x5b, 0xa4, 0x5b, 
	0xb4, 0x9d, 0xb4, 0x9d, 0x8b, 0x9b, 0x9c, 0x1b, 
	0xa4, 0x5b, 0xa4, 0x5b, 0xa4, 0x5b, 0xac, 0x9d, 
	0xa4, 0x5d, 0xac, 0x9d, 0xa4, 0x5d, 0xa4, 0x5d, 
	0xa4, 0x5b, 0xa4, 0x5b, 0x93, 0xdb, 0x9c, 0x1b, 
	0xa4, 0x5b, 0xa4, 0x5b, 0xa4, 0x5b, 0xa4, 0x5b, 
	0x93, 0xd9, 0x9c, 0x1b, 0xa4, 0x5b, 0xa4, 0x5b, 
	0x93, 0xdb, 0x9c, 0x1b, 0xac, 0x9d, 0x93, 0xdb, 
	0xa4, 0x5b, 0xa4, 0x5b, 0xa4, 0x5b, 0xa4, 0x5b, 
	0xa4, 0x5b, 0xa4, 0x5b, 0xa4, 0x5b, 0xa4, 0x5b, 
	0xa4, 0x5b, 0xa4, 0x5b, 0x93, 0xdb, 0x9c, 0x1b, 
	0xa4, 0x1b, 0xa4, 0x1b, 0x93, 0xdb, 0x9c, 0x1b, 
	0xa4, 0x5b, 0xa4, 0x5b, 0xa4, 0x5b, 0xa4, 0x5b, 
	0x93, 0xdb, 0x9c, 0x1b, 0x93, 0xdb, 0x9c, 0x1b, 
	0x9c, 0x1b, 0x93, 0xd9, 0xa4, 0x5b, 0xac, 0x9d, 
	0x93, 0xdb, 0x9c, 0x1b, 0xa4, 0x5b, 0xa4, 0x5b, 
	0xa4, 0x5b, 0xac, 0x9b, 0x93, 0xdb, 0x9c, 0x1b, 
	0x93, 0xdb, 0x9c, 0x1b, 0x9c, 0x1b, 0x93, 0xdb, 
	0xa4, 0x5b, 0xa4, 0x5b, 0x9b, 0xdb, 0x9c, 0x1b, 
	0xa4, 0x5b, 0xa4, 0x5b, 0x9b, 0xdb, 0x9c, 0x1b, 
	0x19, 0x4f, 0x19, 0x4f, 0x19, 0x4f, 0x19, 0x4f, 
	0x19, 0x4f, 0x19, 0x4f, 0x19, 0x4f, 0x19, 0x4f, 
	0x19, 0x4f, 0x19, 0x4f, 0x19, 0x4f, 0x19, 0x4f, 
	0x19, 0x4f, 0x19, 0x4f, 0x19, 0x4f, 0x19, 0x4f, 
	0x19, 0x4f, 0x19, 0x4f, 0x19, 0x4f, 0x19, 0x4f, 
	0x19, 0x4f, 0x19, 0x4f, 0x19, 0x4f, 0x19, 0x4f, 
	0x19, 0x4f, 0x19, 0x4f, 0x19, 0x4f, 0x19, 0x4f, 
	0x19, 0x4f, 0x19, 0x4f, 0x19, 0x4f, 0x19, 0x4f, 
	0x19, 0x4f, 0x19, 0x4f, 0x19, 0x4f, 0x19, 0x4f, 
	0x19, 0x4f, 0x19, 0x4f, 0x19, 0x4f, 0x19, 0x4f, 
	0x19, 0x4f, 0x19, 0x4f, 0x19, 0x4f, 0x19, 0x4f, 
	0x19, 0x4f, 0x19, 0x4f, 0x19, 0x4f, 0x19, 0x4f, 
	0x19, 0x4f, 0x19, 0x4f, 0x19, 0x4f, 0x19, 0x4f, 
	0x19, 0x4f, 0x19, 0x4f, 0x19, 0x4f, 0x19, 0x4f, 
	0x19, 0x4f, 0x19, 0x4f, 0x19, 0x4f, 0x19, 0x4f, 
	0x19, 0x4f, 0x19, 0x4f, 0x19, 0x4f, 0x19, 0x4f, 
	0x21, 0x51, 0x21, 0x51, 0x19, 0x4f, 0x19, 0x4f, 
	0x19, 0x4f, 0x19, 0x4f, 0x19, 0x4f, 0x19, 0x4f, 
	0x19, 0x4f, 0x19, 0x4f, 0x19, 0x4f, 0x19, 0x4f, 
	0x19, 0x4f, 0x19, 0x4f, 0x19, 0x4f, 0x19, 0x4f, 
	0x19, 0x4f, 0x19, 0x4f, 0x11, 0x0f, 0x11, 0x0f, 
	0x11, 0x0f, 0x11, 0x0f, 0x19, 0x4f, 0x19, 0x4f, 
	0x19, 0x4f, 0x19, 0x4f, 0x21, 0x51, 0x21, 0x51, 
	0x29, 0x91, 0x29, 0x91, 0x21, 0x51, 0x21, 0x51, 
	0x21, 0x51, 0x21, 0x51, 0x21, 0x51, 0x21, 0x51, 
	0x19, 0x4f, 0x11, 0x0f, 0x19, 0x4f, 0x19, 0x4f, 
	0x11, 0x0f, 0x11, 0x0f, 0x11, 0x0f, 0x11, 0x0f, 
	0x11, 0x0f, 0x11, 0x0f, 0x11, 0x0f, 0x11, 0x0f, 
	0x19, 0x4f, 0x19, 0x4f, 0x19, 0x4f, 0x19, 0x4f, 
	0x19, 0x4f, 0x19, 0x4f, 0x19, 0x4f, 0x19, 0x4f, 
	0x19, 0x4f, 0x19, 0x4f, 0x19, 0x4f, 0x19, 0x4f, 
	0x21, 0x51, 0x21, 0x51, 0x21, 0x51, 0x21, 0x51, 
	0x21, 0x51, 0x21, 0x51, 0x29, 0x91, 0x21, 0x51, 
	0x19, 0x4f, 0x19, 0x4f, 0x21, 0x51, 0x21, 0x51, 
	0x19, 0x51, 0x19, 0x51, 0x19, 0x51, 0x19, 0x0f, 
	0x19, 0x4f, 0x19, 0x4f, 0x19, 0x4f, 0x19, 0x4f, 
	0x21, 0x51, 0x21, 0x51, 0x21, 0x51, 0x21, 0x51, 
	0x29, 0x91, 0x31, 0xd1, 0x3a, 0x13, 0x31, 0xd1, 
	0x29, 0x91, 0x31, 0xd3, 0x29, 0x91, 0x29, 0x91, 
	0x4a, 0x55, 0x4a, 0x55, 0x3a, 0x13, 0x52, 0x99, 
	0x4a, 0x57, 0x4a, 0x57, 0x4a, 0x57, 0x4a, 0x57, 
	0x6b, 0x1b, 0x6b, 0x1b, 0x6b, 0x1b, 0x6b, 0x1b, 
	0x73, 0x5b, 0x73, 0x5b, 0x9c, 0x1b, 0x9c, 0x1b, 
	0xa4, 0x5b, 0xac, 0x9d, 0xac, 0x9d, 0xa4, 0x5b, 
	0xa4, 0x5b, 0xac, 0x9d, 0xa4, 0x1b, 0xa4, 0x1b, 
	0xb4, 0x9d, 0xa4, 0x5d, 0x9c, 0x1b, 0xa4, 0x5d, 
	0xa4, 0x1b, 0xa4, 0x1b, 0xa4, 0x5b, 0xac, 0x9d, 
	0xa4, 0x5d, 0xac, 0x9d, 0x9c, 0x1b, 0xa4, 0x5d, 
	0xac, 0x9b, 0xa4, 0x5b, 0x9c, 0x1b, 0xa4, 0x5b, 
	0xac, 0x5b, 0xa4, 0x1b, 0xac, 0x5b, 0xa4, 0x1b, 
	0x9c, 0x1b, 0xa4, 0x5b, 0xac, 0x9d, 0xa4, 0x5b, 
	0x9c, 0x1b, 0xa4, 0x5d, 0xac, 0x9d, 0xa4, 0x5d, 
	0xac, 0x5b, 0xa4, 0x1b, 0x9c, 0x1b, 0xa4, 0x1b, 
	0x9c, 0x1b, 0xa4, 0x1b, 0x9c, 0x1b, 0xa4, 0x1b, 
	0xac, 0x9b, 0xa4, 0x5b, 0x9c, 0x1b, 0xa4, 0x5b, 
	0x9c, 0x1b, 0xa4, 0x1b, 0x9c, 0x1b, 0xa4, 0x1b, 
	0x9c, 0x1b, 0xa4, 0x1b, 0x9c, 0x1b, 0xa4, 0x1b, 
	0x9c, 0x1b, 0xa4, 0x5b, 0x9c, 0x1b, 0xa4, 0x5b, 
	0x9c, 0x1b, 0x93, 0xd9, 0xa4, 0x5b, 0xac, 0x9d, 
	0x9c, 0x1b, 0xa4, 0x5b, 0xac, 0x9b, 0xa4, 0x5b, 
	0xa4, 0x5b, 0xac, 0x9b, 0x9c, 0x1b, 0xa4, 0x5b, 
	0x9c, 0x1b, 0xa4, 0x5b, 0x9c, 0x1b, 0x8b, 0x9b, 
	0x9c, 0x1b, 0xa4, 0x1b, 0x9c, 0x1b, 0xa4, 0x1b, 
	0x9c, 0x1b, 0xa4, 0x1b, 0x9c, 0x1b, 0xa4, 0x1b, 
	0x19, 0x4f, 0x19, 0x4f, 0x19, 0x4f, 0x19, 0x4f, 
	0x19, 0x4f, 0x19, 0x4f, 0x19, 0x4f, 0x19, 0x4f, 
	0x19, 0x4f, 0x19, 0x4f, 0x19, 0x4f, 0x19, 0x4f, 
	0x19, 0x4f, 0x19, 0x4f, 0x19, 0x4f, 0x19, 0x4f, 
	0x19, 0x4f, 0x19, 0x4f, 0x19, 0x4f, 0x19, 0x4f, 
	0x19, 0x4f, 0x19, 0x4f, 0x19, 0x4f, 0x19, 0x4f, 
	0x19, 0x4f, 0x19, 0x4f, 0x19, 0x4f, 0x19, 0x4f, 
	0x19, 0x4f, 0x19, 0x4f, 0x19, 0x4f, 0x19, 0x4f, 
	0x19, 0x4f, 0x19, 0x4f, 0x19, 0x4f, 0x19, 0x4f, 
	0x19, 0x4f, 0x19, 0x4f, 0x19, 0x4f, 0x19, 0x4f, 
	0x19, 0x4f, 0x19, 0x4f, 0x19, 0x4f, 0x19, 0x4f, 
	0x19, 0x4f, 0x19, 0x4f, 0x19, 0x4f, 0x19, 0x4f, 
	0x19, 0x4f, 0x19, 0x4f, 0x19, 0x4f, 0x19, 0x4f, 
	0x19, 0x4f, 0x19, 0x4f, 0x19, 0x4f, 0x19, 0x4f, 
	0x19, 0x4f, 0x19, 0x4f, 0x19, 0x4f, 0x19, 0x4f, 
	0x19, 0x4f, 0x19, 0x4f, 0x19, 0x4f, 0x19, 0x4f, 
	0x19, 0x4f, 0x19, 0x4f, 0x19, 0x4f, 0x19, 0x4f, 
	0x19, 0x4f, 0x19, 0x4f, 0x19, 0x4f, 0x19, 0x4f, 
	0x19, 0x4f, 0x19, 0x4f, 0x19, 0x4f, 0x19, 0x4f, 
	0x19, 0x4f, 0x19, 0x4f, 0x19, 0x4f, 0x19, 0x4f, 
	0x19, 0x4f, 0x19, 0x4f, 0x19, 0x4f, 0x19, 0x4f, 
	0x19, 0x4f, 0x19, 0x4f, 0x19, 0x4f, 0x19, 0x4f, 
	0x19, 0x4f, 0x19, 0x4f, 0x21, 0x51, 0x21, 0x51, 
	0x21, 0x51, 0x21, 0x51, 0x21, 0x51, 0x21, 0x51, 
	0x21, 0x51, 0x21, 0x51, 0x21, 0x51, 0x21, 0x51, 
	0x19, 0x4f, 0x19, 0x4f, 0x19, 0x4f, 0x19, 0x4f, 
	0x19, 0x4f, 0x19, 0x4f, 0x19, 0x4f, 0x19, 0x4f, 
	0x11, 0x0f, 0x11, 0x0f, 0x11, 0x0f, 0x11, 0x0f, 
	0x11, 0x0f, 0x11, 0x0f, 0x11, 0x0f, 0x11, 0x0f, 
	0x19, 0x4f, 0x19, 0x4f, 0x19, 0x4f, 0x19, 0x4f, 
	0x21, 0x4f, 0x21, 0x4f, 0x19, 0x4f, 0x19, 0x4f, 
	0x21, 0x4f, 0x21, 0x4f, 0x29, 0x93, 0x29, 0x93, 
	0x21, 0x51, 0x21, 0x51, 0x21, 0x51, 0x21, 0x51, 
	0x21, 0x51, 0x21, 0x51, 0x19, 0x4f, 0x19, 0x4f, 
	0x19, 0x51, 0x19, 0x51, 0x19, 0x0f, 0x11, 0x0f, 
	0x19, 0x0f, 0x11, 0x0d, 0x19, 0x4f, 0x19, 0x4f, 
	0x21, 0x51, 0x21, 0x51, 0x29, 0x91, 0x21, 0x51, 
	0x29, 0x91, 0x29, 0x91, 0x31, 0xd1, 0x31, 0xd1, 
	0x31, 0xd3, 0x31, 0xd3, 0x3a, 0x13, 0x3a, 0x13, 
	0x4a, 0x55, 0x52, 0x99, 0x52, 0x99, 0x4a, 0x55, 
	0x6b, 0x5b, 0x6b, 0x5b, 0x6b, 0x5b, 0x6b, 0x5b, 
	0x73, 0x5b, 0x73, 0x5b, 0x73, 0x5b, 0x73, 0x5b, 
	0x9c, 0x1b, 0x8b, 0xdb, 0x9c, 0x1b, 0x8b, 0xdb, 
	0x93, 0xdb, 0x8b, 0x99, 0xa4, 0x5b, 0xa4, 0x5b, 
	0xa4, 0x5b, 0xa4, 0x5b, 0xa4, 0x5b, 0xa4, 0x5b, 
	0xa4, 0x5d, 0xa4, 0x5d, 0x9c, 0x1b, 0x8b, 0x9b, 
	0xa4, 0x5b, 0xa4, 0x5b, 0xa4, 0x5b, 0xa4, 0x5b, 
	0xac, 0x9d, 0x93, 0xdb, 0x93, 0xdb, 0x9c, 0x1b, 
	0xa4, 0x5b, 0xa4, 0x5b, 0xa4, 0x5b, 0xa4, 0x5b, 
	0xa4, 0x5b, 0xa4, 0x5b, 0xa4, 0x5b, 0xa4, 0x5b, 
	0xa4, 0x5b, 0xac, 0x9d, 0xa4, 0x5b, 0xa4, 0x5b, 
	0xa4, 0x5d, 0xa4, 0x5d, 0x93, 0xdb, 0x9c, 0x1b, 
	0xa4, 0x5b, 0xa4, 0x5b, 0xa4, 0x5b, 0xa4, 0x5b, 
	0x9b, 0xdb, 0x9c, 0x1b, 0xa4, 0x5b, 0xa4, 0x5b, 
	0xa4, 0x5b, 0xa4, 0x5b, 0xa4, 0x5b, 0xa4, 0x5b, 
	0x93, 0xdb, 0x9c, 0x1b, 0x93, 0xdb, 0x9c, 0x1b, 
	0xa4, 0x5b, 0xa4, 0x5b, 0x9b, 0xdb, 0x9c, 0x1b, 
	0xa4, 0x5b, 0xa4, 0x5b, 0x9c, 0x1b, 0x93, 0xdb, 
	0x93, 0xd9, 0x9c, 0x1b, 0xa4, 0x5b, 0xa4, 0x5b, 
	0xa4, 0x5b, 0xa4, 0x5b, 0xa4, 0x5b, 0xa4, 0x5b, 
	0xa4, 0x5b, 0xa4, 0x5b, 0x93, 0xdb, 0x9c, 0x1b, 
	0xa4, 0x5b, 0xa4, 0x5b, 0xa4, 0x5b, 0xa4, 0x5b, 
	0xa4, 0x5b, 0xa4, 0x5b, 0xa4, 0x5b, 0xa4, 0x5b, 
	0xa4, 0x5b, 0xa4, 0x5b, 0xa4, 0x5b, 0xa4, 0x5b, 
	0x19, 0x4f, 0x19, 0x4f, 0x19, 0x4f, 0x19, 0x4f, 
	0x19, 0x4f, 0x19, 0x4f, 0x19, 0x4f, 0x19, 0x4f, 
	0x19, 0x4f, 0x19, 0x4f, 0x19, 0x4f, 0x19, 0x4f, 
	0x19, 0x4f, 0x19, 0x4f, 0x19, 0x4f, 0x19, 0x4f, 
	0x19, 0x4f, 0x19, 0x4f, 0x19, 0x4f, 0x19, 0x4f, 
	0x19, 0x4f, 0x19, 0x4f, 0x19, 0x4f, 0x19, 0x4f, 
	0x19, 0x4f, 0x19, 0x4f, 0x19, 0x4f, 0x19, 0x4f, 
	0x19, 0x4f, 0x19, 0x4f, 0x19, 0x4f, 0x19, 0x4f, 
	0x19, 0x4f, 0x19, 0x4f, 0x19, 0x4f, 0x19, 0x4f, 
	0x19, 0x4f, 0x19, 0x4f, 0x19, 0x4f, 0x19, 0x4f, 
	0x19, 0x4f, 0x19, 0x4f, 0x19, 0x4f, 0x19, 0x4f, 
	0x19, 0x4f, 0x19, 0x4f, 0x19, 0x4f, 0x19, 0x4f, 
	0x19, 0x4f, 0x19, 0x4f, 0x19, 0x4f, 0x19, 0x4f, 
	0x19, 0x4f, 0x19, 0x4f, 0x19, 0x4f, 0x19, 0x4f, 
	0x19, 0x4f, 0x19, 0x4f, 0x19, 0x4f, 0x19, 0x4f, 
	0x19, 0x4f, 0x19, 0x4f, 0x19, 0x4f, 0x19, 0x4f, 
	0x19, 0x4f, 0x19, 0x4f, 0x19, 0x4f, 0x19, 0x4f, 
	0x19, 0x4f, 0x19, 0x4f, 0x19, 0x4f, 0x19, 0x4f, 
	0x19, 0x4f, 0x19, 0x4f, 0x19, 0x4f, 0x19, 0x4f, 
	0x19, 0x4f, 0x19, 0x4f, 0x19, 0x4f, 0x19, 0x4f, 
	0x19, 0x4f, 0x19, 0x4f, 0x19, 0x4f, 0x19, 0x4f, 
	0x19, 0x4f, 0x19, 0x4f, 0x19, 0x4f, 0x19, 0x4f, 
	0x19, 0x4f, 0x19, 0x4f, 0x19, 0x4f, 0x19, 0x4f, 
	0x21, 0x51, 0x21, 0x51, 0x21, 0x51, 0x21, 0x51, 
	0x19, 0x4f, 0x19, 0x4f, 0x19, 0x4f, 0x19, 0x4f, 
	0x19, 0x4f, 0x19, 0x4f, 0x19, 0x4f, 0x19, 0x4f, 
	0x19, 0x4f, 0x19, 0x4f, 0x19, 0x4f, 0x19, 0x4f, 
	0x11, 0x0f, 0x10, 0xcf, 0x11, 0x0f, 0x11, 0x0f, 
	0x11, 0x0f, 0x11, 0x0f, 0x11, 0x0f, 0x08, 0xcf, 
	0x19, 0x4f, 0x19, 0x4f, 0x19, 0x4f, 0x19, 0x4f, 
	0x19, 0x4f, 0x19, 0x4f, 0x19, 0x4f, 0x19, 0x4f, 
	0x21, 0x4f, 0x21, 0x4f, 0x29, 0x91, 0x29, 0x91, 
	0x21, 0x51, 0x21, 0x51, 0x21, 0x51, 0x21, 0x51, 
	0x21, 0x51, 0x21, 0x51, 0x19, 0x4f, 0x11, 0x0f, 
	0x19, 0x51, 0x19, 0x51, 0x11, 0x0f, 0x11, 0x0f, 
	0x11, 0x0d, 0x11, 0x0d, 0x19, 0x4f, 0x19, 0x4f, 
	0x19, 0x4f, 0x19, 0x4f, 0x29, 0x91, 0x21, 0x51, 
	0x29, 0x91, 0x29, 0x91, 0x29, 0x91, 0x31, 0xd1, 
	0x29, 0x91, 0x31, 0xd3, 0x3a, 0x13, 0x31, 0xd3, 
	0x4a, 0x55, 0x4a, 0x55, 0x52, 0x99, 0x63, 0x1b, 
	0x6b, 0x5b, 0x6b, 0x5b, 0x6b, 0x5b, 0x6b, 0x5b, 
	0x6b, 0x1b, 0x6b, 0x1b, 0x6b, 0x1b, 0x6b, 0x1b, 
	0x9c, 0x1b, 0x83, 0x9b, 0x9c, 0x1b, 0x83, 0x9b, 
	0x93, 0xdb, 0x8b, 0x99, 0xac, 0x9d, 0xa4, 0x5b, 
	0xa4, 0x1b, 0xa4, 0x1b, 0xac, 0x9d, 0xa4, 0x1b, 
	0x9c, 0x1b, 0xa4, 0x5d, 0x9c, 0x1b, 0x8b, 0x9b, 
	0xac, 0x9d, 0xa4, 0x1b, 0xa4, 0x1b, 0xa4, 0x1b, 
	0xac, 0x9d, 0xa4, 0x5d, 0x9c, 0x1b, 0xa4, 0x5d, 
	0x9c, 0x1b, 0xa4, 0x5b, 0xac, 0x9b, 0xa4, 0x5b, 
	0x9c, 0x1b, 0xa4, 0x1b, 0x9c, 0x1b, 0xa4, 0x1b, 
	0xa4, 0x5b, 0xac, 0x9d, 0xac, 0x9d, 0xa4, 0x5b, 
	0x9c, 0x1b, 0xa4, 0x5d, 0x9c, 0x1b, 0xa4, 0x5d, 
	0x9c, 0x1b, 0xa4, 0x1b, 0xac, 0x5b, 0xa4, 0x1b, 
	0x9c, 0x1b, 0xa4, 0x1b, 0x9c, 0x1b, 0xa4, 0x1b, 
	0x9c, 0x1b, 0xa4, 0x5b, 0xac, 0x9b, 0xa4, 0x5b, 
	0x9c, 0x1b, 0xa4, 0x1b, 0x9c, 0x1b, 0xa4, 0x1b, 
	0x9c, 0x1b, 0xa4, 0x1b, 0x9c, 0x1b, 0xa4, 0x1b, 
	0x9c, 0x1b, 0xa4, 0x5b, 0x9c, 0x1b, 0x8b, 0x9b, 
	0x9c, 0x1b, 0xa4, 0x5b, 0x9c, 0x1b, 0xa4, 0x5b, 
	0x9c, 0x1b, 0xa4, 0x5b, 0xac, 0x9b, 0xa4, 0x5b, 
	0x9c, 0x1b, 0xa4, 0x5b, 0x9c, 0x1b, 0xa4, 0x5b, 
	0xa4, 0x5b, 0xa4, 0x5b, 0x9c, 0x1b, 0xa4, 0x5b, 
	0x9c, 0x1b, 0xa4, 0x1b, 0x9c, 0x1b, 0xa4, 0x1b, 
	0x9c, 0x1b, 0xa4, 0x1b, 0x9c, 0x1b, 0xa4, 0x1b, 
	
};

Vtx hb_skybox_hb_skybox_mesh_vtx_0[48] = {
	{{ {0, 8942, -28421}, 0, {6092, -16}, {255, 255, 255, 255} }},
	{{ {26257, 8942, 10876}, 0, {4164, -16}, {255, 252, 255, 255} }},
	{{ {-10876, 8942, -26257}, 0, {6477, -16}, {255, 252, 255, 255} }},
	{{ {22808, -7468, -22808}, 0, {177, 1004}, {255, 252, 255, 255} }},
	{{ {20096, 8942, -20096}, 0, {177, -16}, {255, 252, 255, 255} }},
	{{ {10876, 8942, -26257}, 0, {562, -16}, {255, 252, 255, 255} }},
	{{ {12344, -7468, -29801}, 0, {562, 1004}, {255, 252, 255, 255} }},
	{{ {0, 8942, -28421}, 0, {948, -16}, {255, 252, 255, 255} }},
	{{ {0, -7468, -32256}, 0, {948, 1004}, {255, 252, 255, 255} }},
	{{ {-10876, 8942, -26257}, 0, {1333, -16}, {255, 252, 255, 255} }},
	{{ {-12344, -7468, -29801}, 0, {1333, 1004}, {255, 252, 255, 255} }},
	{{ {-20096, 8942, -20096}, 0, {1719, -16}, {255, 252, 255, 255} }},
	{{ {-22808, -7468, -22808}, 0, {1719, 1004}, {255, 252, 255, 255} }},
	{{ {-26257, 8942, -10876}, 0, {2104, -16}, {255, 252, 255, 255} }},
	{{ {-29801, -7468, -12344}, 0, {2104, 1004}, {255, 252, 255, 255} }},
	{{ {-28421, 8942, 0}, 0, {2490, -16}, {255, 252, 255, 255} }},
	{{ {0, 8942, 28421}, 0, {4032, -16}, {255, 252, 255, 255} }},
	{{ {10876, 8942, 26257}, 0, {4417, -16}, {255, 252, 255, 255} }},
	{{ {0, -7468, 32256}, 0, {4032, 1004}, {255, 252, 255, 255} }},
	{{ {12344, -7468, 29801}, 0, {4417, 1004}, {255, 252, 255, 255} }},
	{{ {20097, 8942, 20096}, 0, {4803, -16}, {255, 252, 255, 255} }},
	{{ {22808, -7468, 22808}, 0, {4803, 1004}, {255, 252, 255, 255} }},
	{{ {26257, 8942, 10876}, 0, {5188, -16}, {255, 252, 255, 255} }},
	{{ {29801, -7468, 12344}, 0, {5188, 1004}, {255, 252, 255, 255} }},
	{{ {28421, 8942, 0}, 0, {5574, -16}, {255, 252, 255, 255} }},
	{{ {0, 8942, -28421}, 0, {7116, -16}, {255, 255, 255, 255} }},
	{{ {32256, -7468, 0}, 0, {5574, 1004}, {255, 252, 255, 255} }},
	{{ {26257, 8942, -10876}, 0, {5959, -16}, {255, 252, 255, 255} }},
	{{ {10876, 8942, -26257}, 0, {6730, -16}, {255, 252, 255, 255} }},
	{{ {0, 8942, -28421}, 0, {7116, -16}, {255, 252, 255, 255} }},
	{{ {20096, 8942, -20096}, 0, {6345, -16}, {255, 252, 255, 255} }},
	{{ {29801, -7468, -12344}, 0, {5959, 1004}, {255, 252, 255, 255} }},
	{{ {22808, -7468, -22808}, 0, {6345, 1004}, {255, 252, 255, 255} }},
	{{ {-32256, -7468, 0}, 0, {2490, 1004}, {255, 252, 255, 255} }},
	{{ {-26257, 8942, 10876}, 0, {2875, -16}, {255, 252, 255, 255} }},
	{{ {-10876, 8942, 26257}, 0, {3646, -16}, {255, 252, 255, 255} }},
	{{ {-12344, -7468, 29801}, 0, {3646, 1004}, {255, 252, 255, 255} }},
	{{ {-22808, -7468, 22808}, 0, {3261, 1004}, {255, 252, 255, 255} }},
	{{ {-20096, 8942, 20096}, 0, {3261, -16}, {255, 252, 255, 255} }},
	{{ {-29801, -7468, 12344}, 0, {2875, 1004}, {255, 252, 255, 255} }},
	{{ {26257, 8942, 10876}, 0, {4164, -16}, {255, 255, 255, 255} }},
	{{ {20097, 8942, 20096}, 0, {3779, -16}, {255, 255, 255, 255} }},
	{{ {-10876, 8942, -26257}, 0, {6477, -16}, {255, 255, 255, 255} }},
	{{ {-20096, 8942, -20096}, 0, {6863, -16}, {255, 252, 255, 255} }},
	{{ {20097, 8942, 20096}, 0, {3779, -16}, {255, 252, 255, 255} }},
	{{ {10876, 8942, 26257}, 0, {3393, -16}, {255, 255, 255, 255} }},
	{{ {-20096, 8942, -20096}, 0, {6863, -16}, {255, 255, 255, 255} }},
	{{ {-26257, 8942, -10876}, 0, {1080, -16}, {255, 255, 255, 255} }},
};

Vtx hb_skybox_hb_skybox_mesh_vtx_1[131] = {
	{{ {3323, -7468, -1377}, 0, {3357, 2024}, {253, 255, 255, 255} }},
	{{ {2543, -7468, -2543}, 0, {4128, 2024}, {253, 255, 255, 255} }},
	{{ {0, -7468, 0}, 0, {-2040, 594}, {253, 255, 255, 255} }},
	{{ {6805, -7468, -2819}, 0, {3357, 1518}, {253, 255, 255, 255} }},
	{{ {5209, -7468, -5209}, 0, {4128, 1518}, {253, 255, 255, 255} }},
	{{ {10847, -7468, -4493}, 0, {3357, 1004}, {253, 255, 255, 255} }},
	{{ {8302, -7468, -8302}, 0, {4128, 1004}, {253, 255, 255, 255} }},
	{{ {17271, -7468, -7154}, 0, {3357, 490}, {253, 255, 255, 255} }},
	{{ {13219, -7468, -13219}, 0, {4128, 490}, {253, 255, 255, 255} }},
	{{ {29801, -7468, -12344}, 0, {3357, -16}, {253, 255, 255, 255} }},
	{{ {22808, -7468, -22808}, 0, {4128, -16}, {253, 255, 255, 255} }},
	{{ {0, -7468, 0}, 0, {4104, 594}, {253, 255, 255, 255} }},
	{{ {2543, -7468, -2543}, 0, {-2064, 2024}, {253, 255, 255, 255} }},
	{{ {1377, -7468, -3323}, 0, {-1293, 2024}, {253, 255, 255, 255} }},
	{{ {0, -7468, -3597}, 0, {-522, 2024}, {253, 255, 255, 255} }},
	{{ {-1377, -7468, -3323}, 0, {249, 2024}, {253, 255, 255, 255} }},
	{{ {-2543, -7468, -2543}, 0, {1020, 2024}, {253, 255, 255, 255} }},
	{{ {-3323, -7468, -1377}, 0, {1791, 2024}, {253, 255, 255, 255} }},
	{{ {-3597, -7468, 0}, 0, {2562, 2024}, {253, 255, 255, 255} }},
	{{ {-3323, -7468, 1377}, 0, {3333, 2024}, {253, 255, 255, 255} }},
	{{ {-2543, -7468, 2543}, 0, {4104, 2024}, {253, 255, 255, 255} }},
	{{ {-6805, -7468, 2819}, 0, {3333, 1518}, {253, 255, 255, 255} }},
	{{ {-5209, -7468, 5209}, 0, {4104, 1518}, {253, 255, 255, 255} }},
	{{ {-10847, -7468, 4493}, 0, {3333, 1004}, {253, 255, 255, 255} }},
	{{ {-8302, -7468, 8302}, 0, {4104, 1004}, {253, 255, 255, 255} }},
	{{ {-17271, -7468, 7154}, 0, {3333, 490}, {255, 255, 255, 255} }},
	{{ {-13219, -7468, 13219}, 0, {4104, 490}, {253, 255, 255, 255} }},
	{{ {-29801, -7468, 12344}, 0, {3333, -16}, {255, 255, 255, 255} }},
	{{ {-22808, -7468, 22808}, 0, {4104, -16}, {255, 255, 255, 255} }},
	{{ {-4493, -7468, 10847}, 0, {4875, 1004}, {253, 255, 255, 255} }},
	{{ {-7154, -7468, 17271}, 0, {4875, 490}, {253, 255, 255, 255} }},
	{{ {-22808, -7468, 22808}, 0, {4104, -16}, {253, 255, 255, 255} }},
	{{ {-12344, -7468, 29801}, 0, {4875, -16}, {253, 255, 255, 255} }},
	{{ {0, -7468, 18694}, 0, {5646, 490}, {253, 255, 255, 255} }},
	{{ {0, -7468, 32256}, 0, {5646, -16}, {253, 255, 255, 255} }},
	{{ {0, -7468, 11741}, 0, {5646, 1004}, {253, 255, 255, 255} }},
	{{ {0, -7468, 7366}, 0, {5646, 1518}, {253, 255, 255, 255} }},
	{{ {-2819, -7468, 6805}, 0, {4875, 1518}, {253, 255, 255, 255} }},
	{{ {0, -7468, 3597}, 0, {5646, 2024}, {253, 255, 255, 255} }},
	{{ {-1377, -7468, 3323}, 0, {4875, 2024}, {253, 255, 255, 255} }},
	{{ {1377, -7468, -3323}, 0, {755, 2024}, {253, 255, 255, 255} }},
	{{ {2543, -7468, -2543}, 0, {-16, 2024}, {253, 255, 255, 255} }},
	{{ {5209, -7468, -5209}, 0, {-16, 1518}, {253, 255, 255, 255} }},
	{{ {2819, -7468, -6805}, 0, {755, 1518}, {253, 255, 255, 255} }},
	{{ {8302, -7468, -8302}, 0, {-16, 1004}, {253, 255, 255, 255} }},
	{{ {4493, -7468, -10847}, 0, {755, 1004}, {253, 255, 255, 255} }},
	{{ {13219, -7468, -13219}, 0, {-16, 490}, {253, 255, 255, 255} }},
	{{ {7154, -7468, -17271}, 0, {755, 490}, {253, 255, 255, 255} }},
	{{ {22808, -7468, -22808}, 0, {-16, -16}, {253, 255, 255, 255} }},
	{{ {12344, -7468, -29801}, 0, {755, -16}, {253, 255, 255, 255} }},
	{{ {0, -7468, -18694}, 0, {1526, 490}, {253, 255, 255, 255} }},
	{{ {0, -7468, -32256}, 0, {1526, -16}, {253, 255, 255, 255} }},
	{{ {-7154, -7468, -17271}, 0, {2297, 490}, {253, 255, 255, 255} }},
	{{ {-12344, -7468, -29801}, 0, {2297, -16}, {253, 255, 255, 255} }},
	{{ {-13219, -7468, -13219}, 0, {3068, 490}, {253, 255, 255, 255} }},
	{{ {-22808, -7468, -22808}, 0, {3068, -16}, {253, 255, 255, 255} }},
	{{ {-13219, -7468, -13219}, 0, {3068, 490}, {253, 255, 255, 255} }},
	{{ {-22808, -7468, -22808}, 0, {3068, -16}, {253, 255, 255, 255} }},
	{{ {-17271, -7468, -7154}, 0, {3839, 490}, {255, 255, 255, 255} }},
	{{ {-29801, -7468, -12344}, 0, {3839, -16}, {255, 255, 255, 255} }},
	{{ {-18694, -7468, 0}, 0, {4610, 490}, {255, 255, 255, 255} }},
	{{ {-32256, -7468, 0}, 0, {4610, -16}, {255, 255, 255, 255} }},
	{{ {-17271, -7468, 7154}, 0, {5381, 490}, {255, 255, 255, 255} }},
	{{ {-29801, -7468, 12344}, 0, {5381, -16}, {255, 255, 255, 255} }},
	{{ {-8302, -7468, -8302}, 0, {3068, 1004}, {253, 255, 255, 255} }},
	{{ {-7154, -7468, -17271}, 0, {2297, 490}, {253, 255, 255, 255} }},
	{{ {-4493, -7468, -10847}, 0, {2297, 1004}, {253, 255, 255, 255} }},
	{{ {-5209, -7468, -5209}, 0, {3068, 1518}, {253, 255, 255, 255} }},
	{{ {-6805, -7468, -2819}, 0, {3839, 1518}, {253, 255, 255, 255} }},
	{{ {-10847, -7468, -4493}, 0, {3839, 1004}, {253, 255, 255, 255} }},
	{{ {-17271, -7468, -7154}, 0, {3839, 490}, {253, 255, 255, 255} }},
	{{ {-11741, -7468, 0}, 0, {4610, 1004}, {253, 255, 255, 255} }},
	{{ {-18694, -7468, 0}, 0, {4610, 490}, {253, 255, 255, 255} }},
	{{ {-7366, -7468, 0}, 0, {4610, 1518}, {253, 255, 255, 255} }},
	{{ {-6805, -7468, 2819}, 0, {5381, 1518}, {253, 255, 255, 255} }},
	{{ {-10847, -7468, 4493}, 0, {5381, 1004}, {253, 255, 255, 255} }},
	{{ {-3323, -7468, 1377}, 0, {5381, 2024}, {253, 255, 255, 255} }},
	{{ {-3597, -7468, 0}, 0, {4610, 2024}, {253, 255, 255, 255} }},
	{{ {-3323, -7468, -1377}, 0, {3839, 2024}, {253, 255, 255, 255} }},
	{{ {-2543, -7468, -2543}, 0, {3068, 2024}, {253, 255, 255, 255} }},
	{{ {-2819, -7468, -6805}, 0, {2297, 1518}, {253, 255, 255, 255} }},
	{{ {-1377, -7468, -3323}, 0, {2297, 2024}, {253, 255, 255, 255} }},
	{{ {0, -7468, -7366}, 0, {1526, 1518}, {253, 255, 255, 255} }},
	{{ {0, -7468, -3597}, 0, {1526, 2024}, {253, 255, 255, 255} }},
	{{ {2819, -7468, -6805}, 0, {755, 1518}, {253, 255, 255, 255} }},
	{{ {1377, -7468, -3323}, 0, {755, 2024}, {253, 255, 255, 255} }},
	{{ {4493, -7468, -10847}, 0, {755, 1004}, {253, 255, 255, 255} }},
	{{ {0, -7468, -11741}, 0, {1526, 1004}, {253, 255, 255, 255} }},
	{{ {7154, -7468, -17271}, 0, {755, 490}, {253, 255, 255, 255} }},
	{{ {0, -7468, -18694}, 0, {1526, 490}, {253, 255, 255, 255} }},
	{{ {17271, -7468, 7154}, 0, {5911, 490}, {253, 255, 255, 255} }},
	{{ {22808, -7468, 22808}, 0, {5140, -16}, {253, 255, 255, 255} }},
	{{ {29801, -7468, 12344}, 0, {5911, -16}, {253, 255, 255, 255} }},
	{{ {13219, -7468, 13219}, 0, {5140, 490}, {253, 255, 255, 255} }},
	{{ {10847, -7468, 4493}, 0, {5911, 1004}, {253, 255, 255, 255} }},
	{{ {8302, -7468, 8302}, 0, {5140, 1004}, {253, 255, 255, 255} }},
	{{ {6805, -7468, 2819}, 0, {5911, 1518}, {253, 255, 255, 255} }},
	{{ {5209, -7468, 5209}, 0, {5140, 1518}, {253, 255, 255, 255} }},
	{{ {3323, -7468, 1377}, 0, {5911, 2024}, {253, 255, 255, 255} }},
	{{ {2543, -7468, 2543}, 0, {5140, 2024}, {253, 255, 255, 255} }},
	{{ {0, -7468, 0}, 0, {2056, 594}, {253, 255, 255, 255} }},
	{{ {1377, -7468, 3323}, 0, {4369, 2024}, {253, 255, 255, 255} }},
	{{ {0, -7468, 3597}, 0, {3598, 2024}, {253, 255, 255, 255} }},
	{{ {0, -7468, 7366}, 0, {3598, 1518}, {253, 255, 255, 255} }},
	{{ {2819, -7468, 6805}, 0, {4369, 1518}, {253, 255, 255, 255} }},
	{{ {0, -7468, 11741}, 0, {3598, 1004}, {253, 255, 255, 255} }},
	{{ {4493, -7468, 10847}, 0, {4369, 1004}, {253, 255, 255, 255} }},
	{{ {0, -7468, 18694}, 0, {3598, 490}, {253, 255, 255, 255} }},
	{{ {7154, -7468, 17271}, 0, {4369, 490}, {253, 255, 255, 255} }},
	{{ {0, -7468, 32256}, 0, {3598, -16}, {253, 255, 255, 255} }},
	{{ {12344, -7468, 29801}, 0, {4369, -16}, {253, 255, 255, 255} }},
	{{ {17271, -7468, -7154}, 0, {5405, 490}, {253, 255, 255, 255} }},
	{{ {32256, -7468, 0}, 0, {4634, -16}, {253, 255, 255, 255} }},
	{{ {29801, -7468, -12344}, 0, {5405, -16}, {253, 255, 255, 255} }},
	{{ {18694, -7468, 0}, 0, {4634, 490}, {253, 255, 255, 255} }},
	{{ {10847, -7468, -4493}, 0, {5405, 1004}, {253, 255, 255, 255} }},
	{{ {11741, -7468, 0}, 0, {4634, 1004}, {253, 255, 255, 255} }},
	{{ {6805, -7468, -2819}, 0, {5405, 1518}, {253, 255, 255, 255} }},
	{{ {7366, -7468, 0}, 0, {4634, 1518}, {253, 255, 255, 255} }},
	{{ {3323, -7468, -1377}, 0, {5405, 2024}, {253, 255, 255, 255} }},
	{{ {3597, -7468, 0}, 0, {4634, 2024}, {253, 255, 255, 255} }},
	{{ {0, -7468, 0}, 0, {8, 594}, {253, 255, 255, 255} }},
	{{ {3323, -7468, 1377}, 0, {3863, 2024}, {253, 255, 255, 255} }},
	{{ {6805, -7468, 2819}, 0, {3863, 1518}, {253, 255, 255, 255} }},
	{{ {10847, -7468, 4493}, 0, {3863, 1004}, {253, 255, 255, 255} }},
	{{ {17271, -7468, 7154}, 0, {3863, 490}, {253, 255, 255, 255} }},
	{{ {29801, -7468, 12344}, 0, {3863, -16}, {253, 255, 255, 255} }},
	{{ {-11741, -7468, 0}, 0, {4610, 1004}, {255, 255, 255, 255} }},
	{{ {-18694, -7468, 0}, 0, {4610, 490}, {253, 255, 255, 255} }},
	{{ {-10847, -7468, 4493}, 0, {5381, 1004}, {255, 255, 255, 255} }},
	{{ {-17271, -7468, 7154}, 0, {5381, 490}, {255, 255, 255, 255} }},
};

Vtx hb_skybox_hb_skybox_mesh_vtx_2[227] = {
	{{ {18253, -7468, -7532}, 0, {8192, 7228}, {255, 255, 255, 255} }},
	{{ {17886, -7468, -6896}, 0, {7855, 7349}, {255, 255, 255, 255} }},
	{{ {18388, -6856, -7031}, 0, {7622, 6325}, {255, 255, 255, 255} }},
	{{ {18020, -6856, -6395}, 0, {7284, 6445}, {255, 255, 255, 255} }},
	{{ {17519, -7468, -6260}, 0, {7517, 7469}, {255, 255, 255, 255} }},
	{{ {17653, -6856, -5759}, 0, {6947, 6566}, {255, 255, 255, 255} }},
	{{ {17151, -7468, -5624}, 0, {7180, 7590}, {255, 255, 255, 255} }},
	{{ {19329, -2574, -3519}, 0, {3630, 0}, {255, 255, 255, 255} }},
	{{ {18827, -3185, -3385}, 0, {3863, 1024}, {255, 255, 255, 255} }},
	{{ {19463, -3185, -3018}, 0, {3180, 932}, {255, 255, 255, 255} }},
	{{ {19194, -3185, -4021}, 0, {4200, 904}, {255, 255, 255, 255} }},
	{{ {19866, -5021, -1513}, 0, {1831, 3727}, {255, 255, 255, 255} }},
	{{ {19365, -5633, -1378}, 0, {2064, 4751}, {255, 255, 255, 255} }},
	{{ {20001, -5633, -1011}, 0, {1381, 4658}, {255, 255, 255, 255} }},
	{{ {19230, -5021, -1880}, 0, {2514, 3819}, {255, 255, 255, 255} }},
	{{ {18728, -5633, -1745}, 0, {2747, 4843}, {255, 255, 255, 255} }},
	{{ {17322, -5021, -2982}, 0, {4562, 4096}, {255, 255, 255, 255} }},
	{{ {16820, -5633, -2847}, 0, {4795, 5120}, {255, 255, 255, 255} }},
	{{ {17456, -5633, -2480}, 0, {4112, 5028}, {255, 255, 255, 255} }},
	{{ {17187, -5633, -3483}, 0, {5132, 5000}, {255, 255, 255, 255} }},
	{{ {17689, -5021, -3618}, 0, {4899, 3976}, {255, 255, 255, 255} }},
	{{ {17555, -5633, -4119}, 0, {5469, 4879}, {255, 255, 255, 255} }},
	{{ {18056, -5021, -4254}, 0, {5236, 3855}, {255, 255, 255, 255} }},
	{{ {18791, -5021, -5526}, 0, {5911, 3614}, {255, 255, 255, 255} }},
	{{ {18424, -5021, -4890}, 0, {5574, 3735}, {255, 255, 255, 255} }},
	{{ {18925, -4409, -5024}, 0, {5341, 2711}, {255, 255, 255, 255} }},
	{{ {18289, -5633, -5391}, 0, {6144, 4638}, {255, 255, 255, 255} }},
	{{ {17922, -5633, -4755}, 0, {5807, 4759}, {255, 255, 255, 255} }},
	{{ {16784, -7468, -4988}, 0, {6843, 7710}, {255, 255, 255, 255} }},
	{{ {16417, -7468, -4352}, 0, {6505, 7831}, {255, 255, 255, 255} }},
	{{ {16919, -6856, -4487}, 0, {6273, 6807}, {255, 255, 255, 255} }},
	{{ {16551, -6856, -3850}, 0, {5935, 6927}, {255, 255, 255, 255} }},
	{{ {16050, -7468, -3716}, 0, {6168, 7951}, {255, 255, 255, 255} }},
	{{ {16184, -6856, -3214}, 0, {5598, 7048}, {255, 255, 255, 255} }},
	{{ {15683, -7468, -3080}, 0, {5831, 8072}, {255, 255, 255, 255} }},
	{{ {17286, -6856, -5123}, 0, {6610, 6686}, {255, 255, 255, 255} }},
	{{ {17555, -5633, -4119}, 0, {5469, 4879}, {255, 255, 255, 255} }},
	{{ {17053, -6244, -3985}, 0, {5702, 5903}, {255, 255, 255, 255} }},
	{{ {17187, -5633, -3483}, 0, {5132, 5000}, {255, 255, 255, 255} }},
	{{ {16686, -6244, -3349}, 0, {5365, 6024}, {255, 255, 255, 255} }},
	{{ {16551, -6856, -3850}, 0, {5935, 6927}, {255, 255, 255, 255} }},
	{{ {16184, -6856, -3214}, 0, {5598, 7048}, {255, 255, 255, 255} }},
	{{ {18656, -5633, -6028}, 0, {6481, 4518}, {255, 255, 255, 255} }},
	{{ {18289, -5633, -5391}, 0, {6144, 4638}, {255, 255, 255, 255} }},
	{{ {18791, -5021, -5526}, 0, {5911, 3614}, {255, 255, 255, 255} }},
	{{ {18056, -5021, -4254}, 0, {5236, 3855}, {255, 255, 255, 255} }},
	{{ {17922, -5633, -4755}, 0, {5807, 4759}, {255, 255, 255, 255} }},
	{{ {17555, -5633, -4119}, 0, {5469, 4879}, {255, 255, 255, 255} }},
	{{ {18424, -5021, -4890}, 0, {5574, 3735}, {255, 255, 255, 255} }},
	{{ {18155, -6244, -5893}, 0, {6714, 5542}, {255, 255, 255, 255} }},
	{{ {18020, -6856, -6395}, 0, {7284, 6445}, {255, 255, 255, 255} }},
	{{ {17653, -6856, -5759}, 0, {6947, 6566}, {255, 255, 255, 255} }},
	{{ {18522, -6244, -6529}, 0, {7052, 5421}, {255, 255, 255, 255} }},
	{{ {17788, -6244, -5257}, 0, {6377, 5662}, {255, 255, 255, 255} }},
	{{ {17286, -6856, -5123}, 0, {6610, 6686}, {255, 255, 255, 255} }},
	{{ {17420, -6244, -4621}, 0, {6040, 5783}, {255, 255, 255, 255} }},
	{{ {16919, -6856, -4487}, 0, {6273, 6807}, {255, 255, 255, 255} }},
	{{ {19060, -3797, -4523}, 0, {4771, 1807}, {255, 255, 255, 255} }},
	{{ {18692, -3797, -3887}, 0, {4433, 1928}, {255, 255, 255, 255} }},
	{{ {19194, -3185, -4021}, 0, {4200, 904}, {255, 255, 255, 255} }},
	{{ {18558, -4409, -4388}, 0, {5004, 2831}, {255, 255, 255, 255} }},
	{{ {18191, -4409, -3752}, 0, {4666, 2952}, {255, 255, 255, 255} }},
	{{ {18056, -5021, -4254}, 0, {5236, 3855}, {255, 255, 255, 255} }},
	{{ {17689, -5021, -3618}, 0, {4899, 3976}, {255, 255, 255, 255} }},
	{{ {18191, -4409, -3752}, 0, {4666, 2952}, {255, 255, 255, 255} }},
	{{ {17824, -4409, -3116}, 0, {4329, 3072}, {255, 255, 255, 255} }},
	{{ {17322, -5021, -2982}, 0, {4562, 4096}, {255, 255, 255, 255} }},
	{{ {17958, -5021, -2614}, 0, {3879, 4004}, {255, 255, 255, 255} }},
	{{ {18460, -4409, -2749}, 0, {3646, 2980}, {255, 255, 255, 255} }},
	{{ {17591, -6244, -1978}, 0, {3662, 5959}, {255, 255, 255, 255} }},
	{{ {17089, -6856, -1844}, 0, {3895, 6983}, {255, 255, 255, 255} }},
	{{ {17725, -6856, -1477}, 0, {3213, 6891}, {255, 255, 255, 255} }},
	{{ {16955, -6244, -2346}, 0, {4345, 6052}, {255, 255, 255, 255} }},
	{{ {18227, -6244, -1611}, 0, {2980, 5867}, {255, 255, 255, 255} }},
	{{ {15817, -6856, -2578}, 0, {5261, 7168}, {255, 255, 255, 255} }},
	{{ {15315, -7468, -2444}, 0, {5493, 8192}, {255, 255, 255, 255} }},
	{{ {15951, -7468, -2077}, 0, {4811, 8100}, {255, 255, 255, 255} }},
	{{ {16453, -6856, -2211}, 0, {4578, 7076}, {255, 255, 255, 255} }},
	{{ {16319, -6244, -2713}, 0, {5028, 6144}, {255, 255, 255, 255} }},
	{{ {18863, -6244, -1244}, 0, {2297, 5775}, {255, 255, 255, 255} }},
	{{ {18227, -6244, -1611}, 0, {2980, 5867}, {255, 255, 255, 255} }},
	{{ {18361, -6856, -1109}, 0, {2530, 6799}, {255, 255, 255, 255} }},
	{{ {18728, -5633, -1745}, 0, {2747, 4843}, {255, 255, 255, 255} }},
	{{ {18460, -4409, -2749}, 0, {3646, 2980}, {255, 255, 255, 255} }},
	{{ {17958, -5021, -2614}, 0, {3879, 4004}, {255, 255, 255, 255} }},
	{{ {18594, -5021, -2247}, 0, {3196, 3911}, {255, 255, 255, 255} }},
	{{ {18092, -5633, -2113}, 0, {3429, 4935}, {255, 255, 255, 255} }},
	{{ {20135, -6244, -509}, 0, {932, 5590}, {255, 255, 255, 255} }},
	{{ {19633, -6856, -375}, 0, {1165, 6614}, {255, 255, 255, 255} }},
	{{ {20269, -6856, -8}, 0, {482, 6521}, {255, 255, 255, 255} }},
	{{ {19499, -6244, -877}, 0, {1614, 5682}, {255, 255, 255, 255} }},
	{{ {18997, -6856, -742}, 0, {1847, 6706}, {255, 255, 255, 255} }},
	{{ {18863, -6244, -1244}, 0, {2297, 5775}, {255, 255, 255, 255} }},
	{{ {18361, -6856, -1109}, 0, {2530, 6799}, {255, 255, 255, 255} }},
	{{ {18997, -6856, -742}, 0, {1847, 6706}, {255, 255, 255, 255} }},
	{{ {18496, -7468, -608}, 0, {2080, 7730}, {255, 255, 255, 255} }},
	{{ {19597, -3797, -2516}, 0, {2731, 1863}, {255, 255, 255, 255} }},
	{{ {19096, -4409, -2382}, 0, {2964, 2887}, {255, 255, 255, 255} }},
	{{ {19732, -4409, -2014}, 0, {2281, 2795}, {255, 255, 255, 255} }},
	{{ {18961, -3797, -2883}, 0, {3413, 1956}, {255, 255, 255, 255} }},
	{{ {18460, -4409, -2749}, 0, {3646, 2980}, {255, 255, 255, 255} }},
	{{ {18325, -3797, -3250}, 0, {4096, 2048}, {255, 255, 255, 255} }},
	{{ {17824, -4409, -3116}, 0, {4329, 3072}, {255, 255, 255, 255} }},
	{{ {18460, -4409, -2749}, 0, {3646, 2980}, {255, 255, 255, 255} }},
	{{ {18191, -4409, -3752}, 0, {4666, 2952}, {255, 255, 255, 255} }},
	{{ {18692, -3797, -3887}, 0, {4433, 1928}, {255, 255, 255, 255} }},
	{{ {18961, -3797, -2883}, 0, {3413, 1956}, {255, 255, 255, 255} }},
	{{ {18522, -6244, -6529}, 0, {7052, 5421}, {255, 255, 255, 255} }},
	{{ {18155, -6244, -5893}, 0, {6714, 5542}, {255, 255, 255, 255} }},
	{{ {18656, -5633, -6028}, 0, {6481, 4518}, {255, 255, 255, 255} }},
	{{ {18289, -5633, -5391}, 0, {6144, 4638}, {255, 255, 255, 255} }},
	{{ {17788, -6244, -5257}, 0, {6377, 5662}, {255, 255, 255, 255} }},
	{{ {17922, -5633, -4755}, 0, {5807, 4759}, {255, 255, 255, 255} }},
	{{ {17420, -6244, -4621}, 0, {6040, 5783}, {255, 255, 255, 255} }},
	{{ {17653, -6856, -5759}, 0, {6947, 6566}, {255, 255, 255, 255} }},
	{{ {17151, -7468, -5624}, 0, {7180, 7590}, {255, 255, 255, 255} }},
	{{ {17286, -6856, -5123}, 0, {6610, 6686}, {255, 255, 255, 255} }},
	{{ {16784, -7468, -4988}, 0, {6843, 7710}, {255, 255, 255, 255} }},
	{{ {19096, -4409, -2382}, 0, {2964, 2887}, {255, 255, 255, 255} }},
	{{ {18460, -4409, -2749}, 0, {3646, 2980}, {255, 255, 255, 255} }},
	{{ {18594, -5021, -2247}, 0, {3196, 3911}, {255, 255, 255, 255} }},
	{{ {19230, -5021, -1880}, 0, {2514, 3819}, {255, 255, 255, 255} }},
	{{ {19732, -4409, -2014}, 0, {2281, 2795}, {255, 255, 255, 255} }},
	{{ {19732, -4409, -2014}, 0, {2281, 2795}, {255, 255, 255, 255} }},
	{{ {19230, -5021, -1880}, 0, {2514, 3819}, {255, 255, 255, 255} }},
	{{ {19866, -5021, -1513}, 0, {1831, 3727}, {255, 255, 255, 255} }},
	{{ {18997, -6856, -742}, 0, {1847, 6706}, {255, 255, 255, 255} }},
	{{ {18496, -7468, -608}, 0, {2080, 7730}, {255, 255, 255, 255} }},
	{{ {19132, -7468, -241}, 0, {1397, 7638}, {255, 255, 255, 255} }},
	{{ {18361, -6856, -1109}, 0, {2530, 6799}, {255, 255, 255, 255} }},
	{{ {17860, -7468, -975}, 0, {2763, 7823}, {255, 255, 255, 255} }},
	{{ {19633, -6856, -375}, 0, {1165, 6614}, {255, 255, 255, 255} }},
	{{ {18997, -6856, -742}, 0, {1847, 6706}, {255, 255, 255, 255} }},
	{{ {19132, -7468, -241}, 0, {1397, 7638}, {255, 255, 255, 255} }},
	{{ {19768, -7468, 127}, 0, {715, 7545}, {255, 255, 255, 255} }},
	{{ {20269, -6856, -8}, 0, {482, 6521}, {255, 255, 255, 255} }},
	{{ {19499, -6244, -877}, 0, {1614, 5682}, {255, 255, 255, 255} }},
	{{ {18863, -6244, -1244}, 0, {2297, 5775}, {255, 255, 255, 255} }},
	{{ {18997, -6856, -742}, 0, {1847, 6706}, {255, 255, 255, 255} }},
	{{ {19365, -5633, -1378}, 0, {2064, 4751}, {255, 255, 255, 255} }},
	{{ {20269, -6856, -8}, 0, {482, 6521}, {255, 255, 255, 255} }},
	{{ {19768, -7468, 127}, 0, {715, 7545}, {255, 255, 255, 255} }},
	{{ {20404, -7468, 494}, 0, {32, 7453}, {255, 255, 255, 255} }},
	{{ {18092, -5633, -2113}, 0, {3429, 4935}, {255, 255, 255, 255} }},
	{{ {17958, -5021, -2614}, 0, {3879, 4004}, {255, 255, 255, 255} }},
	{{ {17456, -5633, -2480}, 0, {4112, 5028}, {255, 255, 255, 255} }},
	{{ {17591, -6244, -1978}, 0, {3662, 5959}, {255, 255, 255, 255} }},
	{{ {17958, -5021, -2614}, 0, {3879, 4004}, {255, 255, 255, 255} }},
	{{ {17322, -5021, -2982}, 0, {4562, 4096}, {255, 255, 255, 255} }},
	{{ {17456, -5633, -2480}, 0, {4112, 5028}, {255, 255, 255, 255} }},
	{{ {18227, -6244, -1611}, 0, {2980, 5867}, {255, 255, 255, 255} }},
	{{ {18092, -5633, -2113}, 0, {3429, 4935}, {255, 255, 255, 255} }},
	{{ {17591, -6244, -1978}, 0, {3662, 5959}, {255, 255, 255, 255} }},
	{{ {18728, -5633, -1745}, 0, {2747, 4843}, {255, 255, 255, 255} }},
	{{ {18728, -5633, -1745}, 0, {2747, 4843}, {255, 255, 255, 255} }},
	{{ {18594, -5021, -2247}, 0, {3196, 3911}, {255, 255, 255, 255} }},
	{{ {18092, -5633, -2113}, 0, {3429, 4935}, {255, 255, 255, 255} }},
	{{ {19230, -5021, -1880}, 0, {2514, 3819}, {255, 255, 255, 255} }},
	{{ {18361, -6856, -1109}, 0, {2530, 6799}, {255, 255, 255, 255} }},
	{{ {18227, -6244, -1611}, 0, {2980, 5867}, {255, 255, 255, 255} }},
	{{ {17725, -6856, -1477}, 0, {3213, 6891}, {255, 255, 255, 255} }},
	{{ {17860, -7468, -975}, 0, {2763, 7823}, {255, 255, 255, 255} }},
	{{ {16453, -6856, -2211}, 0, {4578, 7076}, {255, 255, 255, 255} }},
	{{ {15951, -7468, -2077}, 0, {4811, 8100}, {255, 255, 255, 255} }},
	{{ {16587, -7468, -1709}, 0, {4128, 8007}, {255, 255, 255, 255} }},
	{{ {17089, -6856, -1844}, 0, {3895, 6983}, {255, 255, 255, 255} }},
	{{ {17224, -7468, -1342}, 0, {3445, 7915}, {255, 255, 255, 255} }},
	{{ {17089, -6856, -1844}, 0, {3895, 6983}, {255, 255, 255, 255} }},
	{{ {16955, -6244, -2346}, 0, {4345, 6052}, {255, 255, 255, 255} }},
	{{ {16453, -6856, -2211}, 0, {4578, 7076}, {255, 255, 255, 255} }},
	{{ {16319, -6244, -2713}, 0, {5028, 6144}, {255, 255, 255, 255} }},
	{{ {16184, -6856, -3214}, 0, {5598, 7048}, {255, 255, 255, 255} }},
	{{ {15817, -6856, -2578}, 0, {5261, 7168}, {255, 255, 255, 255} }},
	{{ {17725, -6856, -1477}, 0, {3213, 6891}, {255, 255, 255, 255} }},
	{{ {17224, -7468, -1342}, 0, {3445, 7915}, {255, 255, 255, 255} }},
	{{ {17860, -7468, -975}, 0, {2763, 7823}, {255, 255, 255, 255} }},
	{{ {17089, -6856, -1844}, 0, {3895, 6983}, {255, 255, 255, 255} }},
	{{ {18558, -4409, -4388}, 0, {5004, 2831}, {255, 255, 255, 255} }},
	{{ {18056, -5021, -4254}, 0, {5236, 3855}, {255, 255, 255, 255} }},
	{{ {18191, -4409, -3752}, 0, {4666, 2952}, {255, 255, 255, 255} }},
	{{ {18925, -4409, -5024}, 0, {5341, 2711}, {255, 255, 255, 255} }},
	{{ {19060, -3797, -4523}, 0, {4771, 1807}, {255, 255, 255, 255} }},
	{{ {19194, -3185, -4021}, 0, {4200, 904}, {255, 255, 255, 255} }},
	{{ {18692, -3797, -3887}, 0, {4433, 1928}, {255, 255, 255, 255} }},
	{{ {18827, -3185, -3385}, 0, {3863, 1024}, {255, 255, 255, 255} }},
	{{ {18325, -3797, -3250}, 0, {4096, 2048}, {255, 255, 255, 255} }},
	{{ {18961, -3797, -2883}, 0, {3413, 1956}, {255, 255, 255, 255} }},
	{{ {19463, -3185, -3018}, 0, {3180, 932}, {255, 255, 255, 255} }},
	{{ {17555, -5633, -4119}, 0, {5469, 4879}, {255, 255, 255, 255} }},
	{{ {17922, -5633, -4755}, 0, {5807, 4759}, {255, 255, 255, 255} }},
	{{ {17420, -6244, -4621}, 0, {6040, 5783}, {255, 255, 255, 255} }},
	{{ {17053, -6244, -3985}, 0, {5702, 5903}, {255, 255, 255, 255} }},
	{{ {16919, -6856, -4487}, 0, {6273, 6807}, {255, 255, 255, 255} }},
	{{ {16551, -6856, -3850}, 0, {5935, 6927}, {255, 255, 255, 255} }},
	{{ {16184, -6856, -3214}, 0, {5598, 7048}, {255, 255, 255, 255} }},
	{{ {15683, -7468, -3080}, 0, {5831, 8072}, {255, 255, 255, 255} }},
	{{ {15817, -6856, -2578}, 0, {5261, 7168}, {255, 255, 255, 255} }},
	{{ {15315, -7468, -2444}, 0, {5493, 8192}, {255, 255, 255, 255} }},
	{{ {16686, -6244, -3349}, 0, {5365, 6024}, {255, 255, 255, 255} }},
	{{ {16319, -6244, -2713}, 0, {5028, 6144}, {255, 255, 255, 255} }},
	{{ {17187, -5633, -3483}, 0, {5132, 5000}, {255, 255, 255, 255} }},
	{{ {16686, -6244, -3349}, 0, {5365, 6024}, {255, 255, 255, 255} }},
	{{ {16820, -5633, -2847}, 0, {4795, 5120}, {255, 255, 255, 255} }},
	{{ {16319, -6244, -2713}, 0, {5028, 6144}, {255, 255, 255, 255} }},
	{{ {16955, -6244, -2346}, 0, {4345, 6052}, {255, 255, 255, 255} }},
	{{ {17456, -5633, -2480}, 0, {4112, 5028}, {255, 255, 255, 255} }},
	{{ {18925, -4409, -5024}, 0, {5341, 2711}, {255, 255, 255, 255} }},
	{{ {18424, -5021, -4890}, 0, {5574, 3735}, {255, 255, 255, 255} }},
	{{ {18558, -4409, -4388}, 0, {5004, 2831}, {255, 255, 255, 255} }},
	{{ {18056, -5021, -4254}, 0, {5236, 3855}, {255, 255, 255, 255} }},
	{{ {17456, -5633, -2480}, 0, {4112, 5028}, {255, 255, 255, 255} }},
	{{ {16955, -6244, -2346}, 0, {4345, 6052}, {255, 255, 255, 255} }},
	{{ {17591, -6244, -1978}, 0, {3662, 5959}, {255, 255, 255, 255} }},
	{{ {19365, -5633, -1378}, 0, {2064, 4751}, {255, 255, 255, 255} }},
	{{ {18728, -5633, -1745}, 0, {2747, 4843}, {255, 255, 255, 255} }},
	{{ {18863, -6244, -1244}, 0, {2297, 5775}, {255, 255, 255, 255} }},
	{{ {20001, -5633, -1011}, 0, {1381, 4658}, {255, 255, 255, 255} }},
	{{ {19499, -6244, -877}, 0, {1614, 5682}, {255, 255, 255, 255} }},
	{{ {20001, -5633, -1011}, 0, {1381, 4658}, {255, 255, 255, 255} }},
	{{ {19499, -6244, -877}, 0, {1614, 5682}, {255, 255, 255, 255} }},
	{{ {20135, -6244, -509}, 0, {932, 5590}, {255, 255, 255, 255} }},
	{{ {19463, -3185, -3018}, 0, {3180, 932}, {255, 255, 255, 255} }},
	{{ {18961, -3797, -2883}, 0, {3413, 1956}, {255, 255, 255, 255} }},
	{{ {19597, -3797, -2516}, 0, {2731, 1863}, {255, 255, 255, 255} }},
	{{ {18388, -6856, -7031}, 0, {7622, 6325}, {255, 255, 255, 255} }},
	{{ {18020, -6856, -6395}, 0, {7284, 6445}, {255, 255, 255, 255} }},
	{{ {18522, -6244, -6529}, 0, {7052, 5421}, {255, 255, 255, 255} }},
};

Gfx hb_skybox_hb_skybox_mesh[] = {
	gsSPLoadGeometryMode(G_SHADE | G_CULL_BACK | G_SHADING_SMOOTH),
	gsDPSetCombineLERP(TEXEL0, 0, SHADE, 0, ENVIRONMENT, 0, SHADE, 0, TEXEL0, 0, SHADE, 0, ENVIRONMENT, 0, SHADE, 0),
	gsSPSetOtherMode(G_SETOTHERMODE_H, 4, 20, G_AD_NOISE | G_CD_MAGICSQ | G_CK_NONE | G_TC_FILT | G_TF_BILERP | G_TT_NONE | G_TL_TILE | G_TD_CLAMP | G_TP_PERSP | G_CYC_1CYCLE | G_PM_NPRIMITIVE),
	gsSPSetOtherMode(G_SETOTHERMODE_L, 0, 32, G_AC_NONE | G_ZS_PIXEL | CVG_DST_CLAMP | ZMODE_OPA | ALPHA_CVG_SEL | GBL_c1(G_BL_CLR_IN, G_BL_A_IN, G_BL_CLR_MEM, G_BL_A_MEM) | GBL_c2(G_BL_CLR_IN, G_BL_A_IN, G_BL_CLR_MEM, G_BL_A_MEM)),
	gsSPTexture(65535, 65535, 0, 0, 1),
	gsDPSetTextureImage(G_IM_FMT_RGBA, G_IM_SIZ_32b_LOAD_BLOCK, 1, hb_skybox_kd_hb_back2_rgba32),
	gsDPSetTile(G_IM_FMT_RGBA, G_IM_SIZ_32b_LOAD_BLOCK, 0, 0, 7, 0, G_TX_WRAP | G_TX_NOMIRROR, 0, 0, G_TX_WRAP | G_TX_NOMIRROR, 0, 0),
	gsDPLoadBlock(7, 0, 0, 1023, 128),
	gsDPSetTile(G_IM_FMT_RGBA, G_IM_SIZ_32b, 8, 0, 0, 0, G_TX_CLAMP | G_TX_NOMIRROR, 5, 0, G_TX_WRAP | G_TX_NOMIRROR, 5, 0),
	gsDPSetTileSize(0, 0, 0, 124, 124),
	gsSPVertex(hb_skybox_hb_skybox_mesh_vtx_0 + 0, 48, 0),
	gsSP2Triangles(0, 1, 2, 0, 3, 4, 5, 0),
	gsSP2Triangles(3, 5, 6, 0, 6, 5, 7, 0),
	gsSP2Triangles(6, 7, 8, 0, 8, 7, 9, 0),
	gsSP2Triangles(8, 9, 10, 0, 10, 9, 11, 0),
	gsSP2Triangles(10, 11, 12, 0, 12, 11, 13, 0),
	gsSP2Triangles(12, 13, 14, 0, 14, 13, 15, 0),
	gsSP2Triangles(16, 15, 13, 0, 16, 13, 17, 0),
	gsSP2Triangles(17, 18, 16, 0, 17, 19, 18, 0),
	gsSP2Triangles(20, 19, 17, 0, 20, 21, 19, 0),
	gsSP2Triangles(22, 21, 20, 0, 22, 23, 21, 0),
	gsSP2Triangles(24, 23, 22, 0, 24, 22, 25, 0),
	gsSP2Triangles(24, 26, 23, 0, 27, 26, 24, 0),
	gsSP2Triangles(24, 28, 27, 0, 24, 29, 28, 0),
	gsSP2Triangles(27, 28, 30, 0, 27, 30, 31, 0),
	gsSP2Triangles(31, 30, 32, 0, 27, 31, 26, 0),
	gsSP2Triangles(14, 15, 33, 0, 33, 15, 34, 0),
	gsSP2Triangles(35, 34, 15, 0, 35, 15, 16, 0),
	gsSP2Triangles(16, 36, 35, 0, 16, 18, 36, 0),
	gsSP2Triangles(35, 36, 37, 0, 35, 37, 38, 0),
	gsSP2Triangles(37, 39, 38, 0, 38, 39, 34, 0),
	gsSP2Triangles(33, 34, 39, 0, 38, 34, 35, 0),
	gsSP2Triangles(40, 41, 42, 0, 42, 41, 43, 0),
	gsSP2Triangles(44, 45, 46, 0, 46, 45, 47, 0),
	gsDPPipeSync(),
	gsSPSetOtherMode(G_SETOTHERMODE_H, 4, 20, G_AD_NOISE | G_CD_MAGICSQ | G_CK_NONE | G_TC_FILT | G_TF_BILERP | G_TT_RGBA16 | G_TL_TILE | G_TD_CLAMP | G_TP_PERSP | G_CYC_1CYCLE | G_PM_NPRIMITIVE),
	gsDPSetTextureImage(G_IM_FMT_RGBA, G_IM_SIZ_16b, 1, hb_skybox_kd_hb_back1_pal_rgba16),
	gsDPSetTile(0, 0, 0, 256, 5, 0, G_TX_WRAP | G_TX_NOMIRROR, 0, 0, G_TX_WRAP | G_TX_NOMIRROR, 0, 0),
	gsDPLoadTLUTCmd(5, 15),
	gsDPSetTextureImage(G_IM_FMT_CI, G_IM_SIZ_16b, 1, hb_skybox_kd_hb_back1_ci4),
	gsDPSetTile(G_IM_FMT_CI, G_IM_SIZ_16b, 0, 0, 7, 0, G_TX_WRAP | G_TX_NOMIRROR, 0, 0, G_TX_WRAP | G_TX_NOMIRROR, 0, 0),
	gsDPLoadBlock(7, 0, 0, 1023, 512),
	gsDPSetTile(G_IM_FMT_CI, G_IM_SIZ_4b, 4, 0, 0, 0, G_TX_CLAMP | G_TX_NOMIRROR, 6, 0, G_TX_WRAP | G_TX_NOMIRROR, 6, 0),
	gsDPSetTileSize(0, 0, 0, 252, 252),
	gsSPVertex(hb_skybox_hb_skybox_mesh_vtx_1 + 0, 56, 0),
	gsSP2Triangles(0, 1, 2, 0, 3, 1, 0, 0),
	gsSP2Triangles(3, 4, 1, 0, 5, 4, 3, 0),
	gsSP2Triangles(6, 4, 5, 0, 7, 6, 5, 0),
	gsSP2Triangles(8, 6, 7, 0, 7, 9, 8, 0),
	gsSP2Triangles(8, 9, 10, 0, 11, 12, 13, 0),
	gsSP2Triangles(13, 14, 11, 0, 11, 14, 15, 0),
	gsSP2Triangles(11, 15, 16, 0, 11, 16, 17, 0),
	gsSP2Triangles(11, 17, 18, 0, 19, 11, 18, 0),
	gsSP2Triangles(20, 11, 19, 0, 19, 21, 20, 0),
	gsSP2Triangles(20, 21, 22, 0, 23, 22, 21, 0),
	gsSP2Triangles(24, 22, 23, 0, 25, 24, 23, 0),
	gsSP2Triangles(26, 24, 25, 0, 25, 27, 26, 0),
	gsSP2Triangles(26, 27, 28, 0, 26, 29, 24, 0),
	gsSP2Triangles(30, 29, 26, 0, 26, 31, 30, 0),
	gsSP2Triangles(30, 31, 32, 0, 30, 32, 33, 0),
	gsSP2Triangles(33, 32, 34, 0, 33, 35, 30, 0),
	gsSP2Triangles(30, 35, 29, 0, 35, 36, 29, 0),
	gsSP2Triangles(29, 36, 37, 0, 38, 37, 36, 0),
	gsSP2Triangles(38, 39, 37, 0, 38, 11, 39, 0),
	gsSP2Triangles(20, 39, 11, 0, 22, 39, 20, 0),
	gsSP2Triangles(37, 39, 22, 0, 24, 37, 22, 0),
	gsSP2Triangles(29, 37, 24, 0, 40, 41, 42, 0),
	gsSP2Triangles(42, 43, 40, 0, 44, 43, 42, 0),
	gsSP2Triangles(45, 43, 44, 0, 44, 46, 45, 0),
	gsSP2Triangles(45, 46, 47, 0, 46, 48, 47, 0),
	gsSP2Triangles(47, 48, 49, 0, 47, 49, 50, 0),
	gsSP2Triangles(50, 49, 51, 0, 50, 51, 52, 0),
	gsSP2Triangles(52, 51, 53, 0, 52, 53, 54, 0),
	gsSP1Triangle(54, 53, 55, 0),
	gsSPVertex(hb_skybox_hb_skybox_mesh_vtx_1 + 56, 55, 0),
	gsSP2Triangles(0, 1, 2, 0, 2, 1, 3, 0),
	gsSP2Triangles(2, 3, 4, 0, 4, 3, 5, 0),
	gsSP2Triangles(4, 5, 6, 0, 6, 5, 7, 0),
	gsSP2Triangles(8, 9, 0, 0, 10, 9, 8, 0),
	gsSP2Triangles(8, 11, 10, 0, 8, 12, 11, 0),
	gsSP2Triangles(13, 12, 8, 0, 8, 0, 13, 0),
	gsSP2Triangles(13, 0, 14, 0, 13, 14, 15, 0),
	gsSP2Triangles(15, 14, 16, 0, 15, 17, 13, 0),
	gsSP2Triangles(15, 18, 17, 0, 19, 18, 15, 0),
	gsSP2Triangles(20, 17, 18, 0, 20, 21, 17, 0),
	gsSP2Triangles(17, 21, 12, 0, 21, 22, 12, 0),
	gsSP2Triangles(22, 11, 12, 0, 23, 11, 22, 0),
	gsSP2Triangles(23, 24, 11, 0, 23, 25, 24, 0),
	gsSP2Triangles(25, 26, 24, 0, 27, 26, 25, 0),
	gsSP2Triangles(27, 28, 26, 0, 29, 28, 27, 0),
	gsSP2Triangles(30, 26, 28, 0, 31, 26, 30, 0),
	gsSP2Triangles(30, 32, 31, 0, 31, 32, 33, 0),
	gsSP2Triangles(31, 33, 10, 0, 10, 33, 9, 0),
	gsSP2Triangles(10, 24, 31, 0, 10, 11, 24, 0),
	gsSP2Triangles(31, 24, 26, 0, 13, 17, 12, 0),
	gsSP2Triangles(34, 35, 36, 0, 37, 35, 34, 0),
	gsSP2Triangles(34, 38, 37, 0, 37, 38, 39, 0),
	gsSP2Triangles(38, 40, 39, 0, 39, 40, 41, 0),
	gsSP2Triangles(42, 41, 40, 0, 42, 43, 41, 0),
	gsSP2Triangles(42, 44, 43, 0, 45, 43, 44, 0),
	gsSP2Triangles(45, 44, 46, 0, 46, 47, 45, 0),
	gsSP2Triangles(45, 47, 48, 0, 49, 48, 47, 0),
	gsSP2Triangles(50, 48, 49, 0, 51, 50, 49, 0),
	gsSP2Triangles(52, 50, 51, 0, 51, 53, 52, 0),
	gsSP2Triangles(52, 53, 54, 0, 52, 54, 37, 0),
	gsSP2Triangles(37, 54, 35, 0, 37, 39, 52, 0),
	gsSP2Triangles(52, 39, 50, 0, 39, 41, 50, 0),
	gsSP2Triangles(50, 41, 48, 0, 41, 43, 48, 0),
	gsSP1Triangle(48, 43, 45, 0),
	gsSPVertex(hb_skybox_hb_skybox_mesh_vtx_1 + 111, 20, 0),
	gsSP2Triangles(0, 1, 2, 0, 3, 1, 0, 0),
	gsSP2Triangles(0, 4, 3, 0, 3, 4, 5, 0),
	gsSP2Triangles(4, 6, 5, 0, 5, 6, 7, 0),
	gsSP2Triangles(7, 6, 8, 0, 7, 8, 9, 0),
	gsSP2Triangles(9, 8, 10, 0, 9, 10, 11, 0),
	gsSP2Triangles(11, 12, 9, 0, 9, 12, 7, 0),
	gsSP2Triangles(13, 7, 12, 0, 5, 7, 13, 0),
	gsSP2Triangles(14, 5, 13, 0, 3, 5, 14, 0),
	gsSP2Triangles(14, 15, 3, 0, 3, 15, 1, 0),
	gsSP2Triangles(16, 17, 18, 0, 18, 17, 19, 0),
	gsDPPipeSync(),
	gsSPSetOtherMode(G_SETOTHERMODE_H, 4, 20, G_AD_NOISE | G_CD_MAGICSQ | G_CK_NONE | G_TC_FILT | G_TF_BILERP | G_TT_NONE | G_TL_TILE | G_TD_CLAMP | G_TP_PERSP | G_CYC_1CYCLE | G_PM_NPRIMITIVE),
	gsDPLoadSync(),
	gsDPSetTextureImage(G_IM_FMT_RGBA, G_IM_SIZ_16b, 256, hb_skybox_kd_hb_pyramid1_rgba16),
	gsDPSetTile(G_IM_FMT_RGBA, G_IM_SIZ_16b, 10, 0, 7, 0, G_TX_WRAP | G_TX_NOMIRROR, 0, 0, G_TX_WRAP | G_TX_NOMIRROR, 0, 0),
	gsDPLoadTile(7, 868, 788, 1020, 952),
	gsDPSetTile(G_IM_FMT_RGBA, G_IM_SIZ_16b, 10, 0, 0, 0, G_TX_CLAMP | G_TX_NOMIRROR, 0, 0, G_TX_CLAMP | G_TX_NOMIRROR, 0, 0),
	gsDPSetTileSize(0, 868, 788, 1020, 952),
	gsSPVertex(hb_skybox_hb_skybox_mesh_vtx_2 + 0, 7, 0),
	gsSP2Triangles(0, 1, 2, 0, 2, 1, 3, 0),
	gsSP2Triangles(1, 4, 3, 0, 3, 4, 5, 0),
	gsSP1Triangle(4, 6, 5, 0),
	gsDPLoadSync(),
	gsDPSetTile(G_IM_FMT_RGBA, G_IM_SIZ_16b, 9, 0, 7, 0, G_TX_WRAP | G_TX_NOMIRROR, 0, 0, G_TX_WRAP | G_TX_NOMIRROR, 0, 0),
	gsDPLoadTile(7, 396, 0, 528, 128),
	gsDPSetTile(G_IM_FMT_RGBA, G_IM_SIZ_16b, 9, 0, 0, 0, G_TX_CLAMP | G_TX_NOMIRROR, 0, 0, G_TX_CLAMP | G_TX_NOMIRROR, 0, 0),
	gsDPSetTileSize(0, 396, 0, 528, 128),
	gsSPVertex(hb_skybox_hb_skybox_mesh_vtx_2 + 7, 4, 0),
	gsSP2Triangles(0, 1, 2, 0, 3, 1, 0, 0),
	gsDPLoadSync(),
	gsDPSetTile(G_IM_FMT_RGBA, G_IM_SIZ_16b, 11, 0, 7, 0, G_TX_WRAP | G_TX_NOMIRROR, 0, 0, G_TX_WRAP | G_TX_NOMIRROR, 0, 0),
	gsDPLoadTile(7, 172, 464, 344, 608),
	gsDPSetTile(G_IM_FMT_RGBA, G_IM_SIZ_16b, 11, 0, 0, 0, G_TX_CLAMP | G_TX_NOMIRROR, 0, 0, G_TX_CLAMP | G_TX_NOMIRROR, 0, 0),
	gsDPSetTileSize(0, 172, 464, 344, 608),
	gsSPVertex(hb_skybox_hb_skybox_mesh_vtx_2 + 11, 5, 0),
	gsSP2Triangles(0, 1, 2, 0, 0, 3, 1, 0),
	gsSP1Triangle(1, 3, 4, 0),
	gsDPLoadSync(),
	gsDPLoadTile(7, 512, 480, 684, 640),
	gsDPSetTileSize(0, 512, 480, 684, 640),
	gsSPVertex(hb_skybox_hb_skybox_mesh_vtx_2 + 16, 7, 0),
	gsSP2Triangles(0, 1, 2, 0, 3, 1, 0, 0),
	gsSP2Triangles(4, 3, 0, 0, 4, 5, 3, 0),
	gsSP1Triangle(6, 5, 4, 0),
	gsDPLoadSync(),
	gsDPSetTile(G_IM_FMT_RGBA, G_IM_SIZ_16b, 7, 0, 7, 0, G_TX_WRAP | G_TX_NOMIRROR, 0, 0, G_TX_WRAP | G_TX_NOMIRROR, 0, 0),
	gsDPLoadTile(7, 664, 336, 768, 596),
	gsDPSetTile(G_IM_FMT_RGBA, G_IM_SIZ_16b, 7, 0, 0, 0, G_TX_CLAMP | G_TX_NOMIRROR, 0, 0, G_TX_CLAMP | G_TX_NOMIRROR, 0, 0),
	gsDPSetTileSize(0, 664, 336, 768, 596),
	gsSPVertex(hb_skybox_hb_skybox_mesh_vtx_2 + 23, 5, 0),
	gsSP2Triangles(0, 1, 2, 0, 0, 3, 1, 0),
	gsSP1Triangle(1, 3, 4, 0),
	gsDPLoadSync(),
	gsDPSetTile(G_IM_FMT_RGBA, G_IM_SIZ_16b, 11, 0, 7, 0, G_TX_WRAP | G_TX_NOMIRROR, 0, 0, G_TX_WRAP | G_TX_NOMIRROR, 0, 0),
	gsDPLoadTile(7, 696, 832, 856, 1012),
	gsDPSetTile(G_IM_FMT_RGBA, G_IM_SIZ_16b, 11, 0, 0, 0, G_TX_CLAMP | G_TX_NOMIRROR, 0, 0, G_TX_CLAMP | G_TX_NOMIRROR, 0, 0),
	gsDPSetTileSize(0, 696, 832, 856, 1012),
	gsSPVertex(hb_skybox_hb_skybox_mesh_vtx_2 + 28, 8, 0),
	gsSP2Triangles(0, 1, 2, 0, 2, 1, 3, 0),
	gsSP2Triangles(1, 4, 3, 0, 3, 4, 5, 0),
	gsSP2Triangles(4, 6, 5, 0, 7, 0, 2, 0),
	gsDPLoadSync(),
	gsDPSetTile(G_IM_FMT_RGBA, G_IM_SIZ_16b, 7, 0, 7, 0, G_TX_WRAP | G_TX_NOMIRROR, 0, 0, G_TX_WRAP | G_TX_NOMIRROR, 0, 0),
	gsDPLoadTile(7, 640, 608, 744, 884),
	gsDPSetTile(G_IM_FMT_RGBA, G_IM_SIZ_16b, 7, 0, 0, 0, G_TX_CLAMP | G_TX_NOMIRROR, 0, 0, G_TX_CLAMP | G_TX_NOMIRROR, 0, 0),
	gsDPSetTileSize(0, 640, 608, 744, 884),
	gsSPVertex(hb_skybox_hb_skybox_mesh_vtx_2 + 36, 6, 0),
	gsSP2Triangles(0, 1, 2, 0, 1, 3, 2, 0),
	gsSP2Triangles(1, 4, 3, 0, 3, 4, 5, 0),
	gsDPLoadSync(),
	gsDPSetTile(G_IM_FMT_RGBA, G_IM_SIZ_16b, 11, 0, 7, 0, G_TX_WRAP | G_TX_NOMIRROR, 0, 0, G_TX_WRAP | G_TX_NOMIRROR, 0, 0),
	gsDPLoadTile(7, 652, 448, 812, 612),
	gsDPSetTile(G_IM_FMT_RGBA, G_IM_SIZ_16b, 11, 0, 0, 0, G_TX_CLAMP | G_TX_NOMIRROR, 0, 0, G_TX_CLAMP | G_TX_NOMIRROR, 0, 0),
	gsDPSetTileSize(0, 652, 448, 812, 612),
	gsSPVertex(hb_skybox_hb_skybox_mesh_vtx_2 + 42, 7, 0),
	gsSP2Triangles(0, 1, 2, 0, 3, 4, 5, 0),
	gsSP1Triangle(6, 4, 3, 0),
	gsDPLoadSync(),
	gsDPLoadTile(7, 752, 676, 912, 852),
	gsDPSetTileSize(0, 752, 676, 912, 852),
	gsSPVertex(hb_skybox_hb_skybox_mesh_vtx_2 + 49, 8, 0),
	gsSP2Triangles(0, 1, 2, 0, 3, 1, 0, 0),
	gsSP2Triangles(0, 2, 4, 0, 2, 5, 4, 0),
	gsSP2Triangles(4, 5, 6, 0, 6, 5, 7, 0),
	gsDPLoadSync(),
	gsDPSetTile(G_IM_FMT_RGBA, G_IM_SIZ_16b, 7, 0, 7, 0, G_TX_WRAP | G_TX_NOMIRROR, 0, 0, G_TX_WRAP | G_TX_NOMIRROR, 0, 0),
	gsDPLoadTile(7, 524, 112, 628, 372),
	gsDPSetTile(G_IM_FMT_RGBA, G_IM_SIZ_16b, 7, 0, 0, 0, G_TX_CLAMP | G_TX_NOMIRROR, 0, 0, G_TX_CLAMP | G_TX_NOMIRROR, 0, 0),
	gsDPSetTileSize(0, 524, 112, 628, 372),
	gsSPVertex(hb_skybox_hb_skybox_mesh_vtx_2 + 57, 5, 0),
	gsSP2Triangles(0, 1, 2, 0, 0, 3, 1, 0),
	gsSP1Triangle(1, 3, 4, 0),
	gsDPLoadSync(),
	gsDPSetTile(G_IM_FMT_RGBA, G_IM_SIZ_16b, 13, 0, 7, 0, G_TX_WRAP | G_TX_NOMIRROR, 0, 0, G_TX_WRAP | G_TX_NOMIRROR, 0, 0),
	gsDPLoadTile(7, 452, 368, 656, 512),
	gsDPSetTile(G_IM_FMT_RGBA, G_IM_SIZ_16b, 13, 0, 0, 0, G_TX_CLAMP | G_TX_NOMIRROR, 0, 0, G_TX_CLAMP | G_TX_NOMIRROR, 0, 0),
	gsDPSetTileSize(0, 452, 368, 656, 512),
	gsSPVertex(hb_skybox_hb_skybox_mesh_vtx_2 + 62, 7, 0),
	gsSP2Triangles(0, 1, 2, 0, 2, 1, 3, 0),
	gsSP2Triangles(1, 4, 3, 0, 3, 4, 5, 0),
	gsSP1Triangle(6, 3, 5, 0),
	gsDPLoadSync(),
	gsDPSetTile(G_IM_FMT_RGBA, G_IM_SIZ_16b, 11, 0, 7, 0, G_TX_WRAP | G_TX_NOMIRROR, 0, 0, G_TX_WRAP | G_TX_NOMIRROR, 0, 0),
	gsDPLoadTile(7, 372, 732, 544, 876),
	gsDPSetTile(G_IM_FMT_RGBA, G_IM_SIZ_16b, 11, 0, 0, 0, G_TX_CLAMP | G_TX_NOMIRROR, 0, 0, G_TX_CLAMP | G_TX_NOMIRROR, 0, 0),
	gsDPSetTileSize(0, 372, 732, 544, 876),
	gsSPVertex(hb_skybox_hb_skybox_mesh_vtx_2 + 69, 5, 0),
	gsSP2Triangles(0, 1, 2, 0, 0, 3, 1, 0),
	gsSP1Triangle(4, 0, 2, 0),
	gsDPLoadSync(),
	gsDPSetTile(G_IM_FMT_RGBA, G_IM_SIZ_16b, 8, 0, 7, 0, G_TX_WRAP | G_TX_NOMIRROR, 0, 0, G_TX_WRAP | G_TX_NOMIRROR, 0, 0),
	gsDPLoadTile(7, 572, 768, 688, 1020),
	gsDPSetTile(G_IM_FMT_RGBA, G_IM_SIZ_16b, 8, 0, 0, 0, G_TX_CLAMP | G_TX_NOMIRROR, 0, 0, G_TX_CLAMP | G_TX_NOMIRROR, 0, 0),
	gsDPSetTileSize(0, 572, 768, 688, 1020),
	gsSPVertex(hb_skybox_hb_skybox_mesh_vtx_2 + 74, 5, 0),
	gsSP2Triangles(0, 1, 2, 0, 3, 0, 2, 0),
	gsSP1Triangle(4, 0, 3, 0),
	gsDPLoadSync(),
	gsDPSetTile(G_IM_FMT_RGBA, G_IM_SIZ_16b, 6, 0, 7, 0, G_TX_WRAP | G_TX_NOMIRROR, 0, 0, G_TX_WRAP | G_TX_NOMIRROR, 0, 0),
	gsDPLoadTile(7, 284, 604, 376, 852),
	gsDPSetTile(G_IM_FMT_RGBA, G_IM_SIZ_16b, 6, 0, 0, 0, G_TX_CLAMP | G_TX_NOMIRROR, 0, 0, G_TX_CLAMP | G_TX_NOMIRROR, 0, 0),
	gsDPSetTileSize(0, 284, 604, 376, 852),
	gsSPVertex(hb_skybox_hb_skybox_mesh_vtx_2 + 79, 4, 0),
	gsSP2Triangles(0, 1, 2, 0, 0, 3, 1, 0),
	gsDPLoadSync(),
	gsDPLoadTile(7, 396, 372, 488, 620),
	gsDPSetTileSize(0, 396, 372, 488, 620),
	gsSPVertex(hb_skybox_hb_skybox_mesh_vtx_2 + 83, 4, 0),
	gsSP2Triangles(0, 1, 2, 0, 2, 1, 3, 0),
	gsDPLoadSync(),
	gsDPSetTile(G_IM_FMT_RGBA, G_IM_SIZ_16b, 11, 0, 7, 0, G_TX_WRAP | G_TX_NOMIRROR, 0, 0, G_TX_WRAP | G_TX_NOMIRROR, 0, 0),
	gsDPLoadTile(7, 60, 696, 232, 840),
	gsDPSetTile(G_IM_FMT_RGBA, G_IM_SIZ_16b, 11, 0, 0, 0, G_TX_CLAMP | G_TX_NOMIRROR, 0, 0, G_TX_CLAMP | G_TX_NOMIRROR, 0, 0),
	gsDPSetTileSize(0, 60, 696, 232, 840),
	gsSPVertex(hb_skybox_hb_skybox_mesh_vtx_2 + 87, 5, 0),
	gsSP2Triangles(0, 1, 2, 0, 0, 3, 1, 0),
	gsSP1Triangle(1, 3, 4, 0),
	gsDPLoadSync(),
	gsDPSetTile(G_IM_FMT_RGBA, G_IM_SIZ_16b, 6, 0, 7, 0, G_TX_WRAP | G_TX_NOMIRROR, 0, 0, G_TX_WRAP | G_TX_NOMIRROR, 0, 0),
	gsDPLoadTile(7, 228, 720, 320, 968),
	gsDPSetTile(G_IM_FMT_RGBA, G_IM_SIZ_16b, 6, 0, 0, 0, G_TX_CLAMP | G_TX_NOMIRROR, 0, 0, G_TX_CLAMP | G_TX_NOMIRROR, 0, 0),
	gsDPSetTileSize(0, 228, 720, 320, 968),
	gsSPVertex(hb_skybox_hb_skybox_mesh_vtx_2 + 92, 4, 0),
	gsSP2Triangles(0, 1, 2, 0, 2, 1, 3, 0),
	gsDPLoadSync(),
	gsDPSetTile(G_IM_FMT_RGBA, G_IM_SIZ_16b, 11, 0, 7, 0, G_TX_WRAP | G_TX_NOMIRROR, 0, 0, G_TX_WRAP | G_TX_NOMIRROR, 0, 0),
	gsDPLoadTile(7, 284, 232, 456, 376),
	gsDPSetTile(G_IM_FMT_RGBA, G_IM_SIZ_16b, 11, 0, 0, 0, G_TX_CLAMP | G_TX_NOMIRROR, 0, 0, G_TX_CLAMP | G_TX_NOMIRROR, 0, 0),
	gsDPSetTileSize(0, 284, 232, 456, 376),
	gsSPVertex(hb_skybox_hb_skybox_mesh_vtx_2 + 96, 5, 0),
	gsSP2Triangles(0, 1, 2, 0, 0, 3, 1, 0),
	gsSP1Triangle(1, 3, 4, 0),
	gsDPLoadSync(),
	gsDPLoadTile(7, 424, 240, 584, 384),
	gsDPSetTileSize(0, 424, 240, 584, 384),
	gsSPVertex(hb_skybox_hb_skybox_mesh_vtx_2 + 101, 6, 0),
	gsSP2Triangles(0, 1, 2, 0, 3, 1, 0, 0),
	gsSP2Triangles(4, 3, 0, 0, 5, 0, 2, 0),
	gsDPLoadSync(),
	gsDPLoadTile(7, 724, 564, 884, 724),
	gsDPSetTileSize(0, 724, 564, 884, 724),
	gsSPVertex(hb_skybox_hb_skybox_mesh_vtx_2 + 107, 7, 0),
	gsSP2Triangles(0, 1, 2, 0, 2, 1, 3, 0),
	gsSP2Triangles(1, 4, 3, 0, 3, 4, 5, 0),
	gsSP1Triangle(5, 4, 6, 0),
	gsDPLoadSync(),
	gsDPSetTile(G_IM_FMT_RGBA, G_IM_SIZ_16b, 5, 0, 7, 0, G_TX_WRAP | G_TX_NOMIRROR, 0, 0, G_TX_WRAP | G_TX_NOMIRROR, 0, 0),
	gsDPLoadTile(7, 824, 820, 900, 964),
	gsDPSetTile(G_IM_FMT_RGBA, G_IM_SIZ_16b, 5, 0, 0, 0, G_TX_CLAMP | G_TX_NOMIRROR, 0, 0, G_TX_CLAMP | G_TX_NOMIRROR, 0, 0),
	gsDPSetTileSize(0, 824, 820, 900, 964),
	gsSPVertex(hb_skybox_hb_skybox_mesh_vtx_2 + 114, 4, 0),
	gsSP2Triangles(0, 1, 2, 0, 1, 3, 2, 0),
	gsDPLoadSync(),
	gsDPSetTile(G_IM_FMT_RGBA, G_IM_SIZ_16b, 11, 0, 7, 0, G_TX_WRAP | G_TX_NOMIRROR, 0, 0, G_TX_WRAP | G_TX_NOMIRROR, 0, 0),
	gsDPLoadTile(7, 284, 348, 456, 492),
	gsDPSetTile(G_IM_FMT_RGBA, G_IM_SIZ_16b, 11, 0, 0, 0, G_TX_CLAMP | G_TX_NOMIRROR, 0, 0, G_TX_CLAMP | G_TX_NOMIRROR, 0, 0),
	gsDPSetTileSize(0, 284, 348, 456, 492),
	gsSPVertex(hb_skybox_hb_skybox_mesh_vtx_2 + 118, 5, 0),
	gsSP2Triangles(0, 1, 2, 0, 0, 2, 3, 0),
	gsSP1Triangle(4, 0, 3, 0),
	gsDPLoadSync(),
	gsDPSetTile(G_IM_FMT_RGBA, G_IM_SIZ_16b, 6, 0, 7, 0, G_TX_WRAP | G_TX_NOMIRROR, 0, 0, G_TX_WRAP | G_TX_NOMIRROR, 0, 0),
	gsDPLoadTile(7, 228, 348, 316, 480),
	gsDPSetTile(G_IM_FMT_RGBA, G_IM_SIZ_16b, 6, 0, 0, 0, G_TX_CLAMP | G_TX_NOMIRROR, 0, 0, G_TX_CLAMP | G_TX_NOMIRROR, 0, 0),
	gsDPSetTileSize(0, 228, 348, 316, 480),
	gsSPVertex(hb_skybox_hb_skybox_mesh_vtx_2 + 123, 3, 0),
	gsSP1Triangle(0, 1, 2, 0),
	gsDPLoadSync(),
	gsDPSetTile(G_IM_FMT_RGBA, G_IM_SIZ_16b, 12, 0, 7, 0, G_TX_WRAP | G_TX_NOMIRROR, 0, 0, G_TX_WRAP | G_TX_NOMIRROR, 0, 0),
	gsDPLoadTile(7, 172, 836, 348, 980),
	gsDPSetTile(G_IM_FMT_RGBA, G_IM_SIZ_16b, 12, 0, 0, 0, G_TX_CLAMP | G_TX_NOMIRROR, 0, 0, G_TX_CLAMP | G_TX_NOMIRROR, 0, 0),
	gsDPSetTileSize(0, 172, 836, 348, 980),
	gsSPVertex(hb_skybox_hb_skybox_mesh_vtx_2 + 126, 5, 0),
	gsSP2Triangles(0, 1, 2, 0, 3, 4, 1, 0),
	gsDPLoadSync(),
	gsDPSetTile(G_IM_FMT_RGBA, G_IM_SIZ_16b, 11, 0, 7, 0, G_TX_WRAP | G_TX_NOMIRROR, 0, 0, G_TX_WRAP | G_TX_NOMIRROR, 0, 0),
	gsDPLoadTile(7, 60, 812, 232, 956),
	gsDPSetTile(G_IM_FMT_RGBA, G_IM_SIZ_16b, 11, 0, 0, 0, G_TX_CLAMP | G_TX_NOMIRROR, 0, 0, G_TX_CLAMP | G_TX_NOMIRROR, 0, 0),
	gsDPSetTileSize(0, 60, 812, 232, 956),
	gsSPVertex(hb_skybox_hb_skybox_mesh_vtx_2 + 131, 5, 0),
	gsSP2Triangles(0, 1, 2, 0, 0, 2, 3, 0),
	gsSP1Triangle(4, 0, 3, 0),
	gsDPLoadSync(),
	gsDPSetTile(G_IM_FMT_RGBA, G_IM_SIZ_16b, 6, 0, 7, 0, G_TX_WRAP | G_TX_NOMIRROR, 0, 0, G_TX_WRAP | G_TX_NOMIRROR, 0, 0),
	gsDPLoadTile(7, 200, 592, 288, 840),
	gsDPSetTile(G_IM_FMT_RGBA, G_IM_SIZ_16b, 6, 0, 0, 0, G_TX_CLAMP | G_TX_NOMIRROR, 0, 0, G_TX_CLAMP | G_TX_NOMIRROR, 0, 0),
	gsDPSetTileSize(0, 200, 592, 288, 840),
	gsSPVertex(hb_skybox_hb_skybox_mesh_vtx_2 + 136, 4, 0),
	gsSP2Triangles(0, 1, 2, 0, 3, 1, 0, 0),
	gsDPLoadSync(),
	gsDPLoadTile(7, 4, 812, 92, 944),
	gsDPSetTileSize(0, 4, 812, 92, 944),
	gsSPVertex(hb_skybox_hb_skybox_mesh_vtx_2 + 140, 3, 0),
	gsSP1Triangle(0, 1, 2, 0),
	gsDPLoadSync(),
	gsDPLoadTile(7, 428, 500, 516, 748),
	gsDPSetTileSize(0, 428, 500, 516, 748),
	gsSPVertex(hb_skybox_hb_skybox_mesh_vtx_2 + 143, 4, 0),
	gsSP2Triangles(0, 1, 2, 0, 0, 2, 3, 0),
	gsDPLoadSync(),
	gsDPLoadTile(7, 484, 500, 572, 632),
	gsDPSetTileSize(0, 484, 500, 572, 632),
	gsSPVertex(hb_skybox_hb_skybox_mesh_vtx_2 + 147, 3, 0),
	gsSP1Triangle(0, 1, 2, 0),
	gsDPLoadSync(),
	gsDPSetTile(G_IM_FMT_RGBA, G_IM_SIZ_16b, 8, 0, 7, 0, G_TX_WRAP | G_TX_NOMIRROR, 0, 0, G_TX_WRAP | G_TX_NOMIRROR, 0, 0),
	gsDPLoadTile(7, 340, 604, 460, 748),
	gsDPSetTile(G_IM_FMT_RGBA, G_IM_SIZ_16b, 8, 0, 0, 0, G_TX_CLAMP | G_TX_NOMIRROR, 0, 0, G_TX_CLAMP | G_TX_NOMIRROR, 0, 0),
	gsDPSetTileSize(0, 340, 604, 460, 748),
	gsSPVertex(hb_skybox_hb_skybox_mesh_vtx_2 + 150, 4, 0),
	gsSP2Triangles(0, 1, 2, 0, 0, 3, 1, 0),
	gsDPLoadSync(),
	gsDPLoadTile(7, 312, 476, 432, 620),
	gsDPSetTileSize(0, 312, 476, 432, 620),
	gsSPVertex(hb_skybox_hb_skybox_mesh_vtx_2 + 154, 4, 0),
	gsSP2Triangles(0, 1, 2, 0, 3, 1, 0, 0),
	gsDPLoadSync(),
	gsDPSetTile(G_IM_FMT_RGBA, G_IM_SIZ_16b, 6, 0, 7, 0, G_TX_WRAP | G_TX_NOMIRROR, 0, 0, G_TX_WRAP | G_TX_NOMIRROR, 0, 0),
	gsDPLoadTile(7, 316, 732, 404, 980),
	gsDPSetTile(G_IM_FMT_RGBA, G_IM_SIZ_16b, 6, 0, 0, 0, G_TX_CLAMP | G_TX_NOMIRROR, 0, 0, G_TX_CLAMP | G_TX_NOMIRROR, 0, 0),
	gsDPSetTileSize(0, 316, 732, 404, 980),
	gsSPVertex(hb_skybox_hb_skybox_mesh_vtx_2 + 158, 4, 0),
	gsSP2Triangles(0, 1, 2, 0, 0, 2, 3, 0),
	gsDPLoadSync(),
	gsDPSetTile(G_IM_FMT_RGBA, G_IM_SIZ_16b, 12, 0, 7, 0, G_TX_WRAP | G_TX_NOMIRROR, 0, 0, G_TX_WRAP | G_TX_NOMIRROR, 0, 0),
	gsDPLoadTile(7, 428, 872, 604, 1016),
	gsDPSetTile(G_IM_FMT_RGBA, G_IM_SIZ_16b, 12, 0, 0, 0, G_TX_CLAMP | G_TX_NOMIRROR, 0, 0, G_TX_CLAMP | G_TX_NOMIRROR, 0, 0),
	gsDPSetTileSize(0, 428, 872, 604, 1016),
	gsSPVertex(hb_skybox_hb_skybox_mesh_vtx_2 + 162, 5, 0),
	gsSP2Triangles(0, 1, 2, 0, 3, 0, 2, 0),
	gsSP1Triangle(3, 2, 4, 0),
	gsDPLoadSync(),
	gsDPSetTile(G_IM_FMT_RGBA, G_IM_SIZ_16b, 14, 0, 7, 0, G_TX_WRAP | G_TX_NOMIRROR, 0, 0, G_TX_WRAP | G_TX_NOMIRROR, 0, 0),
	gsDPLoadTile(7, 484, 756, 700, 896),
	gsDPSetTile(G_IM_FMT_RGBA, G_IM_SIZ_16b, 14, 0, 0, 0, G_TX_CLAMP | G_TX_NOMIRROR, 0, 0, G_TX_CLAMP | G_TX_NOMIRROR, 0, 0),
	gsDPSetTileSize(0, 484, 756, 700, 896),
	gsSPVertex(hb_skybox_hb_skybox_mesh_vtx_2 + 167, 6, 0),
	gsSP2Triangles(0, 1, 2, 0, 1, 3, 2, 0),
	gsSP1Triangle(4, 5, 3, 0),
	gsDPLoadSync(),
	gsDPSetTile(G_IM_FMT_RGBA, G_IM_SIZ_16b, 10, 0, 7, 0, G_TX_WRAP | G_TX_NOMIRROR, 0, 0, G_TX_WRAP | G_TX_NOMIRROR, 0, 0),
	gsDPLoadTile(7, 344, 860, 488, 992),
	gsDPSetTile(G_IM_FMT_RGBA, G_IM_SIZ_16b, 10, 0, 0, 0, G_TX_CLAMP | G_TX_NOMIRROR, 0, 0, G_TX_CLAMP | G_TX_NOMIRROR, 0, 0),
	gsDPSetTileSize(0, 344, 860, 488, 992),
	gsSPVertex(hb_skybox_hb_skybox_mesh_vtx_2 + 173, 4, 0),
	gsSP2Triangles(0, 1, 2, 0, 0, 3, 1, 0),
	gsDPLoadSync(),
	gsDPSetTile(G_IM_FMT_RGBA, G_IM_SIZ_16b, 6, 0, 7, 0, G_TX_WRAP | G_TX_NOMIRROR, 0, 0, G_TX_WRAP | G_TX_NOMIRROR, 0, 0),
	gsDPLoadTile(7, 580, 224, 668, 484),
	gsDPSetTile(G_IM_FMT_RGBA, G_IM_SIZ_16b, 6, 0, 0, 0, G_TX_CLAMP | G_TX_NOMIRROR, 0, 0, G_TX_CLAMP | G_TX_NOMIRROR, 0, 0),
	gsDPSetTileSize(0, 580, 224, 668, 484),
	gsSPVertex(hb_skybox_hb_skybox_mesh_vtx_2 + 177, 5, 0),
	gsSP2Triangles(0, 1, 2, 0, 3, 0, 4, 0),
	gsDPLoadSync(),
	gsDPSetTile(G_IM_FMT_RGBA, G_IM_SIZ_16b, 11, 0, 7, 0, G_TX_WRAP | G_TX_NOMIRROR, 0, 0, G_TX_WRAP | G_TX_NOMIRROR, 0, 0),
	gsDPLoadTile(7, 396, 112, 556, 256),
	gsDPSetTile(G_IM_FMT_RGBA, G_IM_SIZ_16b, 11, 0, 0, 0, G_TX_CLAMP | G_TX_NOMIRROR, 0, 0, G_TX_CLAMP | G_TX_NOMIRROR, 0, 0),
	gsDPSetTileSize(0, 396, 112, 556, 256),
	gsSPVertex(hb_skybox_hb_skybox_mesh_vtx_2 + 182, 6, 0),
	gsSP2Triangles(0, 1, 2, 0, 1, 3, 2, 0),
	gsSP2Triangles(2, 3, 4, 0, 5, 2, 4, 0),
	gsDPLoadSync(),
	gsDPSetTile(G_IM_FMT_RGBA, G_IM_SIZ_16b, 7, 0, 7, 0, G_TX_WRAP | G_TX_NOMIRROR, 0, 0, G_TX_WRAP | G_TX_NOMIRROR, 0, 0),
	gsDPLoadTile(7, 680, 592, 788, 868),
	gsDPSetTile(G_IM_FMT_RGBA, G_IM_SIZ_16b, 7, 0, 0, 0, G_TX_CLAMP | G_TX_NOMIRROR, 0, 0, G_TX_CLAMP | G_TX_NOMIRROR, 0, 0),
	gsDPSetTileSize(0, 680, 592, 788, 868),
	gsSPVertex(hb_skybox_hb_skybox_mesh_vtx_2 + 188, 6, 0),
	gsSP2Triangles(0, 1, 2, 0, 0, 2, 3, 0),
	gsSP2Triangles(2, 4, 3, 0, 4, 5, 3, 0),
	gsDPLoadSync(),
	gsDPLoadTile(7, 628, 752, 732, 1020),
	gsDPSetTileSize(0, 628, 752, 732, 1020),
	gsSPVertex(hb_skybox_hb_skybox_mesh_vtx_2 + 194, 6, 0),
	gsSP2Triangles(0, 1, 2, 0, 1, 3, 2, 0),
	gsSP1Triangle(4, 0, 5, 0),
	gsDPLoadSync(),
	gsDPSetTile(G_IM_FMT_RGBA, G_IM_SIZ_16b, 11, 0, 7, 0, G_TX_WRAP | G_TX_NOMIRROR, 0, 0, G_TX_WRAP | G_TX_NOMIRROR, 0, 0),
	gsDPLoadTile(7, 512, 624, 672, 768),
	gsDPSetTile(G_IM_FMT_RGBA, G_IM_SIZ_16b, 11, 0, 0, 0, G_TX_CLAMP | G_TX_NOMIRROR, 0, 0, G_TX_CLAMP | G_TX_NOMIRROR, 0, 0),
	gsDPSetTileSize(0, 512, 624, 672, 768),
	gsSPVertex(hb_skybox_hb_skybox_mesh_vtx_2 + 200, 6, 0),
	gsSP2Triangles(0, 1, 2, 0, 1, 3, 2, 0),
	gsSP2Triangles(2, 3, 4, 0, 5, 2, 4, 0),
	gsDPLoadSync(),
	gsDPSetTile(G_IM_FMT_RGBA, G_IM_SIZ_16b, 5, 0, 7, 0, G_TX_WRAP | G_TX_NOMIRROR, 0, 0, G_TX_WRAP | G_TX_NOMIRROR, 0, 0),
	gsDPLoadTile(7, 624, 336, 700, 484),
	gsDPSetTile(G_IM_FMT_RGBA, G_IM_SIZ_16b, 5, 0, 0, 0, G_TX_CLAMP | G_TX_NOMIRROR, 0, 0, G_TX_CLAMP | G_TX_NOMIRROR, 0, 0),
	gsDPSetTileSize(0, 624, 336, 700, 484),
	gsSPVertex(hb_skybox_hb_skybox_mesh_vtx_2 + 206, 4, 0),
	gsSP2Triangles(0, 1, 2, 0, 1, 3, 2, 0),
	gsDPLoadSync(),
	gsDPSetTile(G_IM_FMT_RGBA, G_IM_SIZ_16b, 6, 0, 7, 0, G_TX_WRAP | G_TX_NOMIRROR, 0, 0, G_TX_WRAP | G_TX_NOMIRROR, 0, 0),
	gsDPLoadTile(7, 456, 628, 544, 760),
	gsDPSetTile(G_IM_FMT_RGBA, G_IM_SIZ_16b, 6, 0, 0, 0, G_TX_CLAMP | G_TX_NOMIRROR, 0, 0, G_TX_CLAMP | G_TX_NOMIRROR, 0, 0),
	gsDPSetTileSize(0, 456, 628, 544, 760),
	gsSPVertex(hb_skybox_hb_skybox_mesh_vtx_2 + 210, 3, 0),
	gsSP1Triangle(0, 1, 2, 0),
	gsDPLoadSync(),
	gsDPSetTile(G_IM_FMT_RGBA, G_IM_SIZ_16b, 11, 0, 7, 0, G_TX_WRAP | G_TX_NOMIRROR, 0, 0, G_TX_WRAP | G_TX_NOMIRROR, 0, 0),
	gsDPLoadTile(7, 172, 580, 344, 724),
	gsDPSetTile(G_IM_FMT_RGBA, G_IM_SIZ_16b, 11, 0, 0, 0, G_TX_CLAMP | G_TX_NOMIRROR, 0, 0, G_TX_CLAMP | G_TX_NOMIRROR, 0, 0),
	gsDPSetTileSize(0, 172, 580, 344, 724),
	gsSPVertex(hb_skybox_hb_skybox_mesh_vtx_2 + 213, 5, 0),
	gsSP2Triangles(0, 1, 2, 0, 3, 0, 4, 0),
	gsDPLoadSync(),
	gsDPSetTile(G_IM_FMT_RGBA, G_IM_SIZ_16b, 6, 0, 7, 0, G_TX_WRAP | G_TX_NOMIRROR, 0, 0, G_TX_WRAP | G_TX_NOMIRROR, 0, 0),
	gsDPLoadTile(7, 116, 580, 204, 712),
	gsDPSetTile(G_IM_FMT_RGBA, G_IM_SIZ_16b, 6, 0, 0, 0, G_TX_CLAMP | G_TX_NOMIRROR, 0, 0, G_TX_CLAMP | G_TX_NOMIRROR, 0, 0),
	gsDPSetTileSize(0, 116, 580, 204, 712),
	gsSPVertex(hb_skybox_hb_skybox_mesh_vtx_2 + 218, 3, 0),
	gsSP1Triangle(0, 1, 2, 0),
	gsDPLoadSync(),
	gsDPLoadTile(7, 340, 116, 428, 248),
	gsDPSetTileSize(0, 340, 116, 428, 248),
	gsSPVertex(hb_skybox_hb_skybox_mesh_vtx_2 + 221, 3, 0),
	gsSP1Triangle(0, 1, 2, 0),
	gsDPLoadSync(),
	gsDPSetTile(G_IM_FMT_RGBA, G_IM_SIZ_16b, 5, 0, 7, 0, G_TX_WRAP | G_TX_NOMIRROR, 0, 0, G_TX_WRAP | G_TX_NOMIRROR, 0, 0),
	gsDPLoadTile(7, 880, 676, 956, 808),
	gsDPSetTile(G_IM_FMT_RGBA, G_IM_SIZ_16b, 5, 0, 0, 0, G_TX_CLAMP | G_TX_NOMIRROR, 0, 0, G_TX_CLAMP | G_TX_NOMIRROR, 0, 0),
	gsDPSetTileSize(0, 880, 676, 956, 808),
	gsSPVertex(hb_skybox_hb_skybox_mesh_vtx_2 + 224, 3, 0),
	gsSP1Triangle(0, 1, 2, 0),
	gsDPPipeSync(),
	gsSPLoadGeometryMode(G_ZBUFFER | G_SHADE | G_CULL_BACK | G_LIGHTING | G_SHADING_SMOOTH),
	gsSPSetOtherMode(G_SETOTHERMODE_H, 4, 20, G_CD_MAGICSQ | G_AD_DISABLE | G_CK_NONE | G_TC_FILT | G_TF_BILERP | G_TT_NONE | G_TL_TILE | G_TD_CLAMP | G_TP_PERSP | G_CYC_1CYCLE | G_PM_1PRIMITIVE),
	gsSPSetOtherMode(G_SETOTHERMODE_L, 0, 32, G_AC_NONE | G_ZS_PIXEL | G_RM_AA_ZB_OPA_SURF | G_RM_AA_ZB_OPA_SURF2),
	gsSPEndDisplayList(),
};

