ALIGNED8 u8 ss1_space_space512_2_ci4[] = {
	0x01, 0x11, 0x12, 0x11, 0x02, 0x10, 0x12, 0x00, 
	0x01, 0x00, 0x01, 0x02, 0x00, 0x00, 0x00, 0x00, 
	0x12, 0x00, 0x00, 0x00, 0x20, 0x20, 0x01, 0x01, 
	0x00, 0x00, 0x00, 0x00, 0x00, 0x00, 0x00, 0x00, 
	0x13, 0x43, 0x41, 0x21, 0x33, 0x32, 0x23, 0x13, 
	0x02, 0x01, 0x33, 0x56, 0x66, 0x66, 0x55, 0x33, 
	0x65, 0x65, 0x44, 0x33, 0x12, 0x22, 0x23, 0x03, 
	0x03, 0x33, 0x13, 0x33, 0x33, 0x03, 0x33, 0x30, 
	0x11, 0x11, 0x01, 0x04, 0x61, 0x74, 0x23, 0x11, 
	0x21, 0x82, 0x33, 0x66, 0x66, 0x66, 0x16, 0x66, 
	0x69, 0x36, 0x96, 0x42, 0x20, 0x02, 0x20, 0x10, 
	0x14, 0x33, 0x31, 0x23, 0x33, 0x03, 0x33, 0x30, 
	0x08, 0x01, 0x01, 0x11, 0x18, 0x01, 0x11, 0x12, 
	0x41, 0x12, 0x33, 0x66, 0x66, 0x69, 0x69, 0x66, 
	0x99, 0x70, 0x29, 0x32, 0x20, 0x20, 0x10, 0x00, 
	0x13, 0x32, 0x13, 0x43, 0x43, 0x22, 0x11, 0x30, 
	0x08, 0x01, 0x01, 0x14, 0x08, 0x88, 0x88, 0x10, 
	0x34, 0xa2, 0x01, 0x66, 0x66, 0x29, 0x99, 0x99, 
	0x99, 0xb6, 0xbb, 0x32, 0x20, 0x32, 0x20, 0x10, 
	0x40, 0x11, 0x23, 0x23, 0x22, 0x21, 0x12, 0x22, 
	0x08, 0x99, 0x99, 0x99, 0x77, 0x99, 0x91, 0x12, 
	0x23, 0xa6, 0x02, 0x56, 0x46, 0x39, 0x96, 0x99, 
	0x99, 0x69, 0x99, 0x4b, 0x22, 0x32, 0x20, 0x10, 
	0x30, 0x32, 0x23, 0x39, 0x74, 0x12, 0x10, 0x20, 
	0x08, 0x99, 0x99, 0x97, 0x79, 0x77, 0x21, 0x83, 
	0x11, 0xa9, 0x00, 0x66, 0x63, 0x6b, 0x69, 0x96, 
	0x96, 0x29, 0x93, 0x33, 0x43, 0x32, 0x20, 0x20, 
	0x32, 0x32, 0x13, 0x3a, 0x21, 0x12, 0x22, 0x20, 
	0x09, 0x79, 0x79, 0x77, 0x67, 0x77, 0x89, 0x11, 
	0x10, 0xa7, 0x00, 0x64, 0x26, 0x36, 0x9b, 0x66, 
	0x66, 0x39, 0xb2, 0x37, 0x74, 0x22, 0x40, 0x70, 
	0x33, 0x02, 0x23, 0x11, 0x13, 0x01, 0x13, 0x10, 
	0x01, 0x77, 0x77, 0x77, 0x77, 0x77, 0x00, 0x82, 
	0x14, 0xc1, 0x43, 0x63, 0x36, 0x39, 0xb6, 0x66, 
	0x66, 0x66, 0xb0, 0x42, 0x02, 0x22, 0x02, 0x02, 
	0x22, 0x12, 0x11, 0x20, 0x08, 0x08, 0x10, 0x10, 
	0x01, 0x77, 0x97, 0x77, 0x99, 0x99, 0x43, 0x02, 
	0x23, 0xa3, 0x33, 0x66, 0x66, 0x86, 0x36, 0x66, 
	0x66, 0x36, 0xb6, 0x42, 0x21, 0xb2, 0x02, 0x04, 
	0x24, 0x20, 0x11, 0x00, 0x08, 0x10, 0x11, 0x10, 
	0x04, 0x66, 0x66, 0x9b, 0x99, 0x63, 0x81, 0x87, 
	0x80, 0x33, 0x13, 0x66, 0x66, 0x69, 0x16, 0x66, 
	0x66, 0x64, 0x73, 0x40, 0x22, 0x22, 0x21, 0x23, 
	0x24, 0x33, 0x13, 0x10, 0x08, 0x88, 0x81, 0x10, 
	0x00, 0xb9, 0x99, 0x99, 0x99, 0x71, 0x88, 0x88, 
	0x88, 0x1a, 0x91, 0x92, 0x61, 0x76, 0x99, 0x66, 
	0x66, 0x65, 0x76, 0x47, 0x79, 0x72, 0x28, 0x03, 
	0x22, 0x11, 0x21, 0x21, 0x11, 0x11, 0x11, 0x12, 
	0x00, 0x99, 0x99, 0x99, 0x99, 0x74, 0x13, 0x77, 
	0x88, 0x2a, 0x74, 0x63, 0x66, 0x99, 0x66, 0x90, 
	0x66, 0x69, 0x86, 0x4d, 0x92, 0x02, 0x24, 0x13, 
	0x01, 0x01, 0x11, 0x01, 0x11, 0xd0, 0x02, 0x22, 
	0x22, 0xd2, 0x22, 0x09, 0x7d, 0xd3, 0x11, 0x78, 
	0x88, 0x42, 0x62, 0x24, 0x66, 0x66, 0x99, 0x96, 
	0x99, 0x98, 0x99, 0x42, 0x44, 0x27, 0x20, 0x10, 
	0x21, 0x20, 0xa3, 0x12, 0x42, 0xb0, 0x00, 0x00, 
	0x02, 0x0d, 0xdd, 0xd2, 0x77, 0x34, 0x78, 0x88, 
	0x81, 0x32, 0x92, 0x54, 0xb6, 0x99, 0x86, 0xb9, 
	0x99, 0x99, 0x99, 0x40, 0x00, 0x40, 0x20, 0x43, 
	0x21, 0x22, 0x11, 0x24, 0x11, 0x47, 0x70, 0x72, 
	0x05, 0x20, 0x78, 0x79, 0x75, 0x83, 0x81, 0x11, 
	0x14, 0x33, 0x91, 0x96, 0x99, 0x90, 0x96, 0xb9, 
	0x99, 0x99, 0x69, 0x33, 0x33, 0x32, 0x10, 0x33, 
	0x22, 0x28, 0x81, 0x41, 0x1d, 0x47, 0x70, 0x72, 
	0x00, 0x07, 0x77, 0x49, 0x73, 0x6d, 0x34, 0x41, 
	0x33, 0x33, 0x97, 0x63, 0x63, 0x36, 0x66, 0x36, 
	0x34, 0x39, 0x99, 0x31, 0x13, 0x10, 0x80, 0x33, 
	0x33, 0x11, 0x11, 0x18, 0x87, 0x47, 0x78, 0xd2, 
	0x05, 0x00, 0x08, 0x46, 0x72, 0xd8, 0x82, 0x28, 
	0x33, 0x42, 0x27, 0x96, 0x66, 0x66, 0x66, 0x22, 
	0x44, 0x36, 0x66, 0xdd, 0xbd, 0x31, 0x82, 0x31, 
	0x11, 0x13, 0x33, 0xd7, 0xd9, 0x47, 0x74, 0x72, 
	0x29, 0x77, 0x77, 0x87, 0x77, 0xb7, 0x79, 0x97, 
	0x79, 0x04, 0x63, 0x00, 0x90, 0x08, 0x00, 0x20, 
	0x00, 0x00, 0x10, 0x00, 0x00, 0x00, 0x00, 0x97, 
	0x88, 0x88, 0x80, 0x08, 0x88, 0x90, 0x00, 0x00, 
	0x78, 0x81, 0x81, 0x11, 0x10, 0x11, 0x11, 0x11, 
	0x31, 0x12, 0x11, 0x12, 0x11, 0x21, 0x11, 0x11, 
	0x11, 0x13, 0x31, 0x10, 0x11, 0x12, 0x73, 0x69, 
	0x7d, 0x94, 0xcc, 0xc3, 0xc2, 0x8c, 0xcc, 0xc1, 
	0x03, 0x33, 0x32, 0x23, 0x33, 0x31, 0x00, 0x00, 
	0x32, 0x22, 0x10, 0x08, 0x78, 0x87, 0x87, 0x78, 
	0x87, 0x75, 0x77, 0x78, 0x17, 0x44, 0x44, 0x45, 
	0x94, 0x44, 0x44, 0x44, 0x55, 0x55, 0x55, 0x42, 
	0x08, 0x91, 0x14, 0x11, 0x17, 0x11, 0x12, 0x00, 
	0x19, 0x32, 0x22, 0x03, 0x73, 0x44, 0x88, 0x44, 
	0x78, 0x44, 0x57, 0x44, 0x97, 0x65, 0x67, 0x75, 
	0x1b, 0x79, 0x66, 0x55, 0x55, 0x55, 0x6b, 0xb1, 
	0x01, 0x11, 0x04, 0x01, 0x00, 0x18, 0x33, 0x34, 
	0x12, 0x41, 0x03, 0x28, 0x31, 0x89, 0x23, 0x61, 
	0x18, 0x38, 0x98, 0x68, 0x71, 0x99, 0x97, 0x73, 
	0x4d, 0x46, 0x67, 0x97, 0x99, 0x9b, 0x69, 0x90, 
	0x01, 0x10, 0x04, 0x38, 0x34, 0x84, 0x44, 0x22, 
	0x13, 0x41, 0x08, 0x01, 0x61, 0x98, 0x19, 0x14, 
	0x69, 0x63, 0x99, 0x97, 0x99, 0x99, 0x77, 0x76, 
	0x36, 0x69, 0x66, 0x99, 0x66, 0x99, 0x56, 0x90, 
	0x01, 0x13, 0x04, 0x33, 0x08, 0x77, 0x88, 0x82, 
	0x04, 0x41, 0x08, 0x23, 0x34, 0x23, 0x11, 0x22, 
	0x00, 0x88, 0x88, 0x87, 0x19, 0x97, 0x97, 0x99, 
	0x37, 0x79, 0x76, 0x99, 0x69, 0x96, 0x69, 0x90, 
	0x02, 0x23, 0x11, 0x18, 0x32, 0x20, 0x00, 0x18, 
	0x83, 0x41, 0x23, 0x23, 0x31, 0x29, 0x11, 0x27, 
	0x7d, 0x18, 0x88, 0xd7, 0x99, 0x99, 0x99, 0x96, 
	0x47, 0x67, 0x76, 0x69, 0x69, 0x99, 0x14, 0xb0, 
	0x03, 0x04, 0x11, 0x88, 0x18, 0x87, 0x03, 0x88, 
	0x84, 0x48, 0x7d, 0x12, 0x33, 0x21, 0x21, 0x11, 
	0x37, 0x77, 0x88, 0x09, 0x99, 0x99, 0x96, 0x66, 
	0x37, 0x77, 0x77, 0x97, 0x96, 0x63, 0x66, 0x90, 
	0x03, 0x31, 0x14, 0x81, 0x10, 0x87, 0x87, 0x38, 
	0x84, 0x47, 0x78, 0x02, 0x30, 0x33, 0x21, 0x33, 
	0x23, 0x88, 0x88, 0x10, 0x59, 0x79, 0x49, 0x23, 
	0x47, 0x97, 0x94, 0x66, 0x54, 0x69, 0x66, 0x70, 
	0x01, 0x11, 0x09, 0x08, 0x78, 0x18, 0x87, 0x73, 
	0x73, 0x18, 0xdd, 0xd2, 0x34, 0x44, 0x44, 0x44, 
	0x14, 0x44, 0x48, 0x10, 0x26, 0x99, 0x92, 0x66, 
	0x46, 0x99, 0xb6, 0x96, 0x92, 0x66, 0x46, 0xd0, 
	0x11, 0x81, 0x18, 0x20, 0x01, 0x88, 0x88, 0x88, 
	0x41, 0x1d, 0x17, 0x72, 0x33, 0x21, 0x14, 0x01, 
	0x48, 0x88, 0x88, 0x10, 0x49, 0x69, 0x99, 0x96, 
	0x46, 0x9b, 0xb6, 0x99, 0x66, 0x37, 0x43, 0x90, 
	0x08, 0x87, 0x99, 0x92, 0x88, 0x77, 0x78, 0x88, 
	0x90, 0x34, 0xd7, 0x11, 0x41, 0x21, 0x01, 0x14, 
	0x10, 0x88, 0x84, 0x31, 0x55, 0x96, 0x69, 0x69, 
	0x46, 0x66, 0x66, 0x46, 0x63, 0x69, 0x33, 0x90, 
	0x5e, 0x44, 0x13, 0x88, 0x37, 0x33, 0x87, 0x88, 
	0x81, 0x61, 0x31, 0x88, 0x31, 0x20, 0x03, 0x13, 
	0x18, 0x88, 0x83, 0x31, 0x59, 0x66, 0x66, 0x69, 
	0x45, 0x66, 0x36, 0x64, 0x93, 0x33, 0x36, 0x90, 
	0x4e, 0xe4, 0x81, 0x88, 0x27, 0x78, 0x08, 0x18, 
	0x12, 0x23, 0x08, 0x28, 0x1a, 0x20, 0x03, 0x71, 
	0x18, 0x88, 0x81, 0x41, 0x76, 0x66, 0x63, 0x79, 
	0x46, 0x89, 0x99, 0xb3, 0x49, 0x43, 0x56, 0x90, 
	0x44, 0xf4, 0x73, 0x78, 0x73, 0x88, 0x81, 0x81, 
	0x11, 0x13, 0x28, 0x31, 0x23, 0x20, 0x83, 0x13, 
	0x88, 0x88, 0x80, 0x13, 0x66, 0x66, 0x36, 0x69, 
	0x43, 0x66, 0x33, 0x33, 0x34, 0x44, 0x55, 0x20, 
	0x44, 0x44, 0x71, 0x37, 0x77, 0x38, 0x88, 0x11, 
	0x12, 0x23, 0x13, 0x38, 0x03, 0x10, 0x84, 0x84, 
	0x21, 0x29, 0x08, 0x11, 0x79, 0x46, 0x66, 0x6b, 
	0x46, 0x66, 0x24, 0x33, 0x44, 0x44, 0x4b, 0x20, 
	0x44, 0xf4, 0x72, 0x63, 0x7d, 0x73, 0x91, 0x08, 
	0x10, 0x23, 0x03, 0x38, 0x17, 0x69, 0x63, 0x11, 
	0x07, 0x16, 0x44, 0x24, 0x44, 0x44, 0x44, 0x44, 
	0x44, 0x44, 0x44, 0x44, 0x4d, 0x94, 0x44, 0x40, 
	0x44, 0xf4, 0x71, 0x13, 0x31, 0x81, 0x37, 0x11, 
	0x21, 0x23, 0x34, 0x38, 0x16, 0x66, 0x26, 0x13, 
	0x31, 0x41, 0x03, 0x37, 0xd3, 0x43, 0x05, 0x20, 
	0x45, 0xe5, 0xe5, 0x49, 0xd3, 0x34, 0x44, 0x43, 
	0x44, 0x54, 0x71, 0x31, 0x18, 0x11, 0x11, 0x11, 
	0x11, 0x12, 0x33, 0x38, 0xd2, 0x64, 0x66, 0x61, 
	0x71, 0x11, 0x21, 0x31, 0x70, 0x33, 0x13, 0x20, 
	0x02, 0x63, 0x27, 0xdd, 0xd3, 0x44, 0x5f, 0x44, 
	0x44, 0x44, 0x73, 0x33, 0x31, 0x13, 0x20, 0x03, 
	0x13, 0x13, 0x00, 0x48, 0x02, 0x46, 0x66, 0x66, 
	0x22, 0x22, 0x31, 0x31, 0x00, 0x37, 0x74, 0x05, 
	0x90, 0x44, 0x4d, 0xd3, 0x44, 0xf4, 0x44, 0x44, 
	0x44, 0x44, 0x44, 0x06, 0x92, 0x44, 0x18, 0x89, 
	0x41, 0x86, 0x98, 0x86, 0x00, 0x44, 0x44, 0x44, 
	0x12, 0x21, 0x11, 0x20, 0xd0, 0x33, 0x44, 0x44, 
	0x44, 0x44, 0x44, 0x44, 0x54, 0x4f, 0x33, 0x44, 
	0x22, 0x77, 0x34, 0x33, 0x32, 0x13, 0x22, 0x2d, 
	0x24, 0x21, 0x88, 0x78, 0x33, 0x32, 0x12, 0x33, 
	0x33, 0x33, 0x33, 0x33, 0x23, 0x22, 0x22, 0x33, 
	0x31, 0x00, 0x02, 0x44, 0x33, 0xca, 0x3c, 0xac, 
	0x00, 0x00, 0x04, 0x23, 0x22, 0x70, 0x22, 0x33, 
	0x00, 0x00, 0x00, 0x00, 0x10, 0x00, 0x00, 0x02, 
	0x00, 0x02, 0x22, 0x01, 0x00, 0x10, 0x10, 0x00, 
	0x10, 0x78, 0xd1, 0x20, 0x22, 0x20, 0x21, 0x12, 
	0x11, 0x11, 0x11, 0x11, 0x11, 0x13, 0x11, 0x11, 
	0x23, 0x11, 0x11, 0x12, 0x80, 0x66, 0x69, 0x99, 
	0x66, 0x66, 0x66, 0x99, 0x44, 0x31, 0x43, 0x34, 
	0x12, 0x02, 0x20, 0x11, 0x11, 0x21, 0x23, 0x32, 
	0x01, 0x44, 0x38, 0x00, 0x03, 0x11, 0x13, 0x31, 
	0x22, 0x31, 0x12, 0x23, 0x90, 0x96, 0x66, 0x66, 
	0x33, 0x44, 0x44, 0x34, 0x43, 0x24, 0x38, 0x18, 
	0x33, 0x31, 0x33, 0x12, 0x16, 0x21, 0x13, 0x22, 
	0x01, 0x38, 0x88, 0x87, 0xd7, 0x77, 0x88, 0x88, 
	0x08, 0x38, 0x48, 0x11, 0x80, 0x69, 0x66, 0x66, 
	0x36, 0x96, 0x44, 0x44, 0x43, 0x03, 0x38, 0x74, 
	0x33, 0x12, 0x10, 0x89, 0x81, 0x11, 0x21, 0x11, 
	0x21, 0x31, 0x18, 0x87, 0x11, 0x77, 0xd7, 0x72, 
	0x88, 0x38, 0x78, 0x92, 0x80, 0x69, 0x66, 0x66, 
	0x66, 0x96, 0x49, 0x44, 0x55, 0x9b, 0xb8, 0x09, 
	0x30, 0x32, 0x31, 0x88, 0x99, 0x11, 0x16, 0x12, 
	0x28, 0x37, 0x17, 0x8d, 0x44, 0x40, 0xd4, 0x42, 
	0x48, 0x89, 0x88, 0x32, 0x62, 0x16, 0xb6, 0x66, 
	0x26, 0x44, 0x44, 0x99, 0x54, 0x66, 0x54, 0x56, 
	0x10, 0x00, 0x11, 0x18, 0x81, 0x16, 0x13, 0x32, 
	0x18, 0x37, 0x86, 0x79, 0xd6, 0x34, 0x77, 0x71, 
	0x38, 0x88, 0x83, 0x02, 0x31, 0x36, 0xb4, 0x36, 
	0x31, 0x99, 0x69, 0x96, 0x94, 0x67, 0x75, 0x49, 
	0x20, 0x20, 0x18, 0xdd, 0x77, 0xdd, 0xb4, 0x30, 
	0x01, 0x48, 0x93, 0x20, 0x33, 0xdd, 0xdd, 0x89, 
	0x18, 0x07, 0x77, 0x11, 0x27, 0x26, 0x66, 0x33, 
	0x30, 0x44, 0x43, 0x64, 0xb5, 0x59, 0x76, 0x47, 
	0x70, 0x00, 0x88, 0x66, 0x6b, 0xb6, 0x56, 0x41, 
	0x08, 0x38, 0x83, 0x34, 0x87, 0x23, 0x70, 0x13, 
	0x44, 0x44, 0x99, 0x11, 0x38, 0x06, 0xb6, 0x61, 
	0x36, 0x34, 0x44, 0x94, 0xb4, 0x97, 0x72, 0x19, 
	0x00, 0x03, 0x00, 0x6b, 0x66, 0x66, 0x66, 0x42, 
	0x08, 0x98, 0x86, 0x19, 0x96, 0x88, 0x08, 0x88, 
	0x88, 0x81, 0x99, 0x00, 0x1c, 0x06, 0x66, 0x33, 
	0x39, 0x64, 0x77, 0x84, 0xb5, 0xb9, 0x95, 0xe5, 
	0x01, 0x03, 0x86, 0x69, 0x79, 0x96, 0x66, 0x42, 
	0x21, 0x17, 0x34, 0x37, 0x93, 0x48, 0x74, 0x43, 
	0x20, 0x08, 0x88, 0x80, 0x1c, 0x06, 0x66, 0x83, 
	0x43, 0x47, 0x47, 0x44, 0x44, 0x44, 0x44, 0x44, 
	0x01, 0x01, 0x11, 0x69, 0x79, 0x67, 0x35, 0x42, 
	0x17, 0x83, 0x76, 0x85, 0x89, 0x73, 0x68, 0x80, 
	0x21, 0x28, 0x80, 0x80, 0x11, 0x22, 0x66, 0x37, 
	0x33, 0x89, 0x67, 0x94, 0x4e, 0xe4, 0x4e, 0x44, 
	0x02, 0x01, 0x19, 0x66, 0x39, 0xb9, 0x96, 0x40, 
	0x29, 0x89, 0x93, 0x66, 0x66, 0x19, 0x66, 0x18, 
	0x08, 0x77, 0x73, 0x38, 0x82, 0x34, 0x46, 0x33, 
	0x31, 0x33, 0x63, 0x94, 0x4f, 0xf4, 0x5e, 0xf3, 
	0x07, 0x21, 0x19, 0x96, 0x99, 0xb9, 0x76, 0x40, 
	0x44, 0x43, 0x74, 0x44, 0x44, 0x44, 0x44, 0x83, 
	0x87, 0x87, 0xd7, 0x77, 0x82, 0x92, 0x99, 0x64, 
	0x33, 0x66, 0x33, 0x63, 0x44, 0x44, 0x44, 0x40, 
	0x20, 0x32, 0x42, 0x93, 0x66, 0x96, 0x95, 0x42, 
	0x44, 0x43, 0x74, 0x54, 0xae, 0x4f, 0x53, 0x80, 
	0x97, 0x77, 0x77, 0x77, 0x83, 0x12, 0x67, 0x66, 
	0x76, 0x66, 0x33, 0x33, 0x44, 0x4e, 0xbe, 0x42, 
	0x30, 0x44, 0x69, 0x37, 0x69, 0x66, 0x95, 0x47, 
	0x44, 0x43, 0x74, 0x33, 0xaa, 0xcc, 0x31, 0x81, 
	0x19, 0x87, 0x77, 0x78, 0x21, 0xc2, 0x99, 0x96, 
	0x76, 0x66, 0x66, 0x43, 0x44, 0x44, 0x44, 0x30, 
	0x10, 0x34, 0x39, 0x33, 0x69, 0x99, 0x95, 0x40, 
	0x44, 0x46, 0x7c, 0xaa, 0xac, 0xcc, 0xa1, 0x81, 
	0x01, 0x87, 0x88, 0x89, 0x82, 0xa0, 0x96, 0x96, 
	0xbb, 0x67, 0xb9, 0x97, 0x46, 0x99, 0x99, 0x90, 
	0x82, 0x30, 0x39, 0x35, 0x69, 0x99, 0x95, 0x40, 
	0x44, 0x46, 0x7f, 0xe4, 0xfb, 0xe4, 0x31, 0x82, 
	0x30, 0x88, 0x89, 0x83, 0x11, 0x81, 0x32, 0x11, 
	0x14, 0x20, 0x20, 0x02, 0x84, 0x44, 0x44, 0x42, 
	0x40, 0x70, 0x39, 0x35, 0x96, 0x99, 0x9b, 0x40, 
	0x44, 0x43, 0x8f, 0x4a, 0x44, 0xf4, 0xe1, 0x82, 
	0x60, 0x03, 0x44, 0x41, 0x12, 0x04, 0x42, 0x21, 
	0x12, 0x02, 0x77, 0xd7, 0x74, 0x44, 0x44, 0x70, 
	0x72, 0x39, 0x99, 0x36, 0xb9, 0x97, 0x35, 0x40, 
	0x4f, 0x43, 0x74, 0x44, 0x44, 0x44, 0x41, 0x84, 
	0x14, 0x41, 0x44, 0x43, 0x11, 0x10, 0x21, 0x21, 
	0x12, 0x24, 0x22, 0x07, 0x77, 0x87, 0x77, 0x02, 
	0x24, 0x36, 0x99, 0x93, 0x99, 0xb9, 0x55, 0x40, 
	0x4e, 0x46, 0x74, 0x44, 0x44, 0x44, 0x41, 0x81, 
	0x11, 0x10, 0x11, 0x10, 0x10, 0x08, 0x13, 0x42, 
	0x12, 0x34, 0x44, 0x35, 0x20, 0x74, 0x32, 0x22, 
	0x03, 0x3b, 0x5b, 0xbb, 0xb5, 0xbb, 0x55, 0x40, 
	0x44, 0x4d, 0x77, 0x77, 0x88, 0x88, 0x78, 0x71, 
	0x1a, 0x11, 0x11, 0x11, 0x12, 0x40, 0x03, 0x31, 
	0x21, 0x34, 0x24, 0x43, 0x41, 0x32, 0x47, 0x08, 
	0x03, 0x13, 0x13, 0x32, 0x13, 0x13, 0x30, 0x40, 
	0x09, 0x98, 0x99, 0x08, 0x00, 0x00, 0x80, 0x00, 
	0x02, 0x00, 0x01, 0x00, 0x00, 0x00, 0x00, 0x20, 
	0x00, 0x00, 0x00, 0x00, 0x00, 0x00, 0x02, 0x00, 
	0x00, 0x00, 0x00, 0x00, 0x00, 0x00, 0x00, 0x02, 
	
};

ALIGNED8 u8 ss1_space_space512_2_pal_rgba16[] = {
	0x4a, 0x17, 0x31, 0x53, 0x31, 0x51, 0x18, 0xcb, 
	0x00, 0x01, 0x29, 0x4b, 0x21, 0x91, 0x5b, 0x21, 
	0x4a, 0x1b, 0x3a, 0x59, 0x20, 0x4d, 0x42, 0x53, 
	0x38, 0xd5, 0x8c, 0x29, 0x62, 0x47, 0xde, 0x55, 
	
};

ALIGNED8 u8 ss1_space_space512_1_ci4[] = {
	0x00, 0x00, 0x00, 0x00, 0x00, 0x00, 0x00, 0x01, 
	0x00, 0x00, 0x00, 0x00, 0x00, 0x00, 0x00, 0x01, 
	0x00, 0x00, 0x00, 0x00, 0x00, 0x00, 0x00, 0x01, 
	0x00, 0x00, 0x00, 0x00, 0x00, 0x00, 0x00, 0x01, 
	0x20, 0x00, 0x00, 0x22, 0x20, 0x00, 0x00, 0x03, 
	0x20, 0x00, 0x00, 0x22, 0x20, 0x00, 0x00, 0x03, 
	0x20, 0x00, 0x00, 0x22, 0x20, 0x00, 0x00, 0x03, 
	0x20, 0x00, 0x00, 0x22, 0x20, 0x00, 0x00, 0x03, 
	0x45, 0x11, 0x44, 0x44, 0x44, 0x45, 0x14, 0x14, 
	0x44, 0x41, 0x54, 0x44, 0x44, 0x44, 0x65, 0x54, 
	0x51, 0x54, 0x54, 0x47, 0x44, 0x51, 0x44, 0x14, 
	0x54, 0x41, 0x44, 0x44, 0x54, 0x41, 0x11, 0x14, 
	0x11, 0x13, 0x71, 0x11, 0x11, 0x17, 0x11, 0x44, 
	0x14, 0x11, 0x11, 0x11, 0x81, 0x11, 0x31, 0x11, 
	0x11, 0x11, 0x11, 0x17, 0x11, 0x19, 0x14, 0x41, 
	0x44, 0x41, 0x11, 0x11, 0x11, 0x16, 0x31, 0x11, 
	0x45, 0xab, 0xb4, 0xbb, 0xb4, 0x3b, 0xa4, 0x5b, 
	0xa4, 0x5a, 0xa8, 0x4b, 0xbb, 0x5b, 0xbb, 0x57, 
	0x58, 0xaa, 0x45, 0xab, 0x15, 0xbb, 0xb4, 0x8b, 
	0xb4, 0x4a, 0xa1, 0x4b, 0xb3, 0x4b, 0xbb, 0x46, 
	0x1b, 0x66, 0x1b, 0x61, 0x1b, 0x31, 0x63, 0xb1, 
	0x1b, 0x38, 0x13, 0xb1, 0x16, 0xb1, 0x86, 0xb1, 
	0xbb, 0x11, 0x3b, 0x11, 0x1b, 0x61, 0x1b, 0x31, 
	0x8b, 0x86, 0x1b, 0xb1, 0x16, 0xb1, 0x16, 0xb1, 
	0x98, 0x83, 0x88, 0x88, 0x88, 0x88, 0x88, 0x11, 
	0x11, 0x88, 0x98, 0x88, 0x98, 0x88, 0x38, 0x88, 
	0x88, 0x18, 0x96, 0x83, 0x88, 0x93, 0x88, 0x11, 
	0x11, 0x18, 0x98, 0x18, 0x86, 0x88, 0x38, 0x18, 
	0xba, 0x11, 0x44, 0x74, 0x54, 0x1b, 0x61, 0xab, 
	0xba, 0x61, 0x74, 0x44, 0x77, 0x11, 0x31, 0xab, 
	0xba, 0x11, 0x41, 0x64, 0x54, 0x44, 0x6a, 0xbb, 
	0xba, 0x14, 0x44, 0x44, 0x77, 0x11, 0xb6, 0xab, 
	0xb3, 0x54, 0xa6, 0x44, 0x75, 0x14, 0x71, 0xbb, 
	0x3b, 0x14, 0x16, 0x11, 0x16, 0x93, 0x64, 0xbb, 
	0xba, 0x14, 0x74, 0xc4, 0x41, 0x4a, 0x13, 0xbb, 
	0xbb, 0x41, 0x18, 0x11, 0x16, 0x9b, 0x37, 0xbb, 
	0xb3, 0x54, 0x44, 0x69, 0x86, 0x41, 0x44, 0xbb, 
	0xbb, 0x41, 0x66, 0x93, 0x33, 0xa6, 0x64, 0x3b, 
	0xbb, 0x14, 0x44, 0x61, 0x61, 0xb4, 0x18, 0xbb, 
	0xb3, 0x46, 0x63, 0x93, 0x8b, 0x36, 0x97, 0x9b, 
	0x13, 0x53, 0x81, 0x88, 0x11, 0x16, 0x14, 0xb4, 
	0x4b, 0x41, 0x6a, 0x33, 0xb9, 0xb8, 0x34, 0x94, 
	0x4b, 0x19, 0x88, 0x61, 0x1d, 0x11, 0x18, 0x44, 
	0x49, 0x51, 0x16, 0x83, 0xbb, 0x36, 0x87, 0x84, 
	0x13, 0x5b, 0xb1, 0x93, 0x38, 0x8b, 0x74, 0xb4, 
	0x4b, 0x48, 0x96, 0x33, 0xb6, 0x66, 0x84, 0x34, 
	0x4b, 0x11, 0xb3, 0x3b, 0x11, 0x61, 0x48, 0x41, 
	0x49, 0x48, 0x38, 0x36, 0x31, 0x78, 0x84, 0x81, 
	0x13, 0x54, 0x6b, 0x98, 0x93, 0x31, 0x11, 0xb5, 
	0x5b, 0x19, 0x29, 0xab, 0x91, 0x13, 0x61, 0x91, 
	0x1b, 0x19, 0x11, 0x9b, 0x63, 0x16, 0x18, 0x41, 
	0x53, 0x12, 0xd8, 0xbb, 0xa1, 0x16, 0x84, 0x81, 
	0x88, 0x47, 0xb6, 0xab, 0x33, 0xb6, 0x11, 0xb4, 
	0x1b, 0x16, 0x11, 0x83, 0x36, 0x68, 0x11, 0x91, 
	0x8b, 0x11, 0x66, 0x39, 0xb6, 0x71, 0x48, 0x11, 
	0x19, 0x13, 0x39, 0x33, 0x66, 0x61, 0x14, 0x81, 
	0x88, 0x57, 0x19, 0xb7, 0xb1, 0x8b, 0x61, 0x31, 
	0x13, 0x1b, 0x3b, 0x3b, 0xab, 0x61, 0x14, 0x88, 
	0x8b, 0x16, 0x41, 0x63, 0x36, 0x9b, 0x48, 0x11, 
	0x19, 0x13, 0x96, 0x63, 0x9b, 0x34, 0x14, 0x88, 
	0xdd, 0xd8, 0x69, 0x86, 0x76, 0x36, 0xbd, 0xdd, 
	0xd9, 0xd1, 0x61, 0x13, 0x16, 0x84, 0x1d, 0x9d, 
	0x39, 0x99, 0x69, 0x86, 0x76, 0xa6, 0xad, 0xdd, 
	0xd3, 0xb1, 0x61, 0x68, 0x48, 0x84, 0x99, 0xdd, 
	0xdd, 0xdb, 0xdd, 0xdd, 0xdd, 0xdb, 0xbd, 0xdd, 
	0xdd, 0xdb, 0x39, 0xdd, 0xdd, 0xdd, 0x3d, 0xdd, 
	0xdd, 0xda, 0xdd, 0x99, 0x9b, 0x9b, 0xad, 0xd7, 
	0x3d, 0xd3, 0x9d, 0x3d, 0xdd, 0xdd, 0xdd, 0x74, 
	0xdd, 0xd3, 0xdd, 0xd9, 0xdd, 0xdd, 0xdd, 0xdd, 
	0xdd, 0xdd, 0xdd, 0xdd, 0xdd, 0xdd, 0x9d, 0xdd, 
	0xbd, 0xdd, 0xcb, 0x93, 0xd3, 0xdd, 0x3d, 0xdd, 
	0xdd, 0xdd, 0x3d, 0xdd, 0xdd, 0xdd, 0x6d, 0xd9, 
	0x38, 0x11, 0x11, 0x81, 0x11, 0x17, 0x18, 0x81, 
	0x16, 0x1a, 0x3b, 0x66, 0x66, 0x66, 0x66, 0x66, 
	0x66, 0x66, 0x66, 0x66, 0x66, 0x66, 0x16, 0x67, 
	0x11, 0x11, 0x16, 0x67, 0x77, 0x76, 0x77, 0x16, 
	0x46, 0x66, 0x16, 0x68, 0x37, 0x36, 0x6b, 0x66, 
	0xb1, 0x3b, 0x33, 0xbb, 0x66, 0x66, 0x63, 0x3b, 
	0x36, 0xbb, 0xbb, 0x38, 0x63, 0xbb, 0xcb, 0x39, 
	0x7c, 0x8b, 0x26, 0x6b, 0x23, 0x62, 0x2b, 0x26, 
	0x6b, 0xbb, 0xbb, 0x6b, 0xbb, 0xb6, 0x66, 0x66, 
	0xbb, 0xbb, 0x66, 0x61, 0x41, 0x11, 0x44, 0x41, 
	0x44, 0x46, 0x45, 0x41, 0xb1, 0x64, 0xba, 0x1b, 
	0xba, 0x73, 0x3b, 0xbb, 0x34, 0xaa, 0xaa, 0xa6, 
	0x68, 0x73, 0x3a, 0x63, 0x97, 0x69, 0x96, 0x66, 
	0x37, 0xab, 0x6b, 0x6b, 0x1b, 0xaa, 0x48, 0xaa, 
	0x11, 0xaa, 0xb1, 0xaa, 0x67, 0x3b, 0xbb, 0xb7, 
	0x7b, 0xaa, 0xaa, 0x61, 0x3a, 0xba, 0xa6, 0xa6, 
	0x69, 0x39, 0x6a, 0x68, 0x66, 0x31, 0xba, 0xaa, 
	0x3b, 0xa3, 0x6a, 0x81, 0xb9, 0x11, 0xb3, 0x63, 
	0xb6, 0xb6, 0x16, 0x3c, 0x7b, 0xbb, 0x76, 0x7a, 
	0xba, 0x6b, 0x66, 0xaa, 0xa1, 0x36, 0xb9, 0x66, 
	0x63, 0x36, 0x6a, 0xa8, 0xab, 0x1a, 0xaa, 0x66, 
	0xba, 0xa3, 0x67, 0x69, 0x39, 0x98, 0x98, 0x8b, 
	0x98, 0x9b, 0x96, 0x11, 0x68, 0xb6, 0x96, 0xbb, 
	0xb1, 0x74, 0x63, 0x64, 0xbb, 0xa7, 0x6b, 0xb6, 
	0x63, 0x3b, 0x6a, 0xbb, 0x61, 0x11, 0x77, 0x16, 
	0x8a, 0xa3, 0x61, 0x6b, 0xba, 0x6b, 0x69, 0x33, 
	0x86, 0x88, 0x88, 0x61, 0x36, 0xbb, 0xa3, 0xbb, 
	0xb4, 0x4a, 0xab, 0x99, 0x95, 0x73, 0xa6, 0x66, 
	0x6b, 0xbb, 0x86, 0x36, 0xb6, 0x66, 0x33, 0x36, 
	0x1a, 0xa6, 0xbb, 0x6b, 0xa3, 0x37, 0x63, 0x37, 
	0x74, 0x87, 0x18, 0xc7, 0x69, 0x1b, 0xbb, 0x36, 
	0xaa, 0x17, 0x43, 0xa1, 0x96, 0x41, 0x16, 0x36, 
	0x6b, 0x6a, 0x66, 0x67, 0x81, 0x17, 0x6b, 0x11, 
	0x1a, 0xa7, 0x44, 0x66, 0xbb, 0x36, 0xb3, 0xb6, 
	0xb4, 0x41, 0x11, 0x66, 0x66, 0x7c, 0x3b, 0x6a, 
	0x41, 0x77, 0xa7, 0x7a, 0xa9, 0x71, 0x71, 0x76, 
	0x6b, 0xb3, 0x6a, 0x86, 0x68, 0x61, 0x11, 0xa1, 
	0x7a, 0xa4, 0x46, 0x66, 0xa6, 0xba, 0x63, 0xbb, 
	0x3b, 0x71, 0x76, 0x66, 0x36, 0xb7, 0x49, 0xa7, 
	0x77, 0x47, 0x4b, 0x76, 0xaa, 0x64, 0x77, 0x66, 
	0x63, 0x36, 0x86, 0x81, 0x77, 0x31, 0x11, 0x1a, 
	0x1a, 0x61, 0x44, 0x46, 0xba, 0xaa, 0xaa, 0xaa, 
	0xba, 0xaa, 0xa8, 0x66, 0x6a, 0x47, 0xba, 0x67, 
	0x77, 0x77, 0x77, 0x74, 0x4a, 0x31, 0xaa, 0xa6, 
	0x63, 0x66, 0x86, 0x68, 0x63, 0x76, 0x11, 0x11, 
	0xa6, 0x94, 0x34, 0x46, 0xbb, 0x36, 0x6a, 0x66, 
	0xa8, 0x71, 0x16, 0x66, 0xa1, 0x76, 0xb4, 0x77, 
	0x77, 0xab, 0x97, 0x77, 0x7a, 0xb6, 0x1b, 0xb6, 
	0x68, 0x11, 0x66, 0x66, 0x86, 0x11, 0x11, 0x61, 
	0x76, 0xba, 0x41, 0xbb, 0xa3, 0x36, 0x63, 0x6a, 
	0x38, 0x71, 0x1a, 0xbb, 0xab, 0x66, 0xa7, 0x61, 
	0x3b, 0xaa, 0x7b, 0x64, 0x7a, 0xab, 0x34, 0x66, 
	0x63, 0xba, 0x3b, 0x66, 0xb1, 0xbb, 0x11, 0x76, 
	0x66, 0x33, 0xb6, 0x17, 0xb6, 0x36, 0x6b, 0x6b, 
	0x68, 0x71, 0x1b, 0xa6, 0xa6, 0x63, 0xa7, 0x6a, 
	0xaa, 0x6e, 0xaa, 0xb3, 0x6a, 0xa6, 0x36, 0xb6, 
	0x61, 0x6a, 0x18, 0x66, 0x37, 0x17, 0x67, 0x86, 
	0x63, 0x3a, 0x67, 0x37, 0x3b, 0xb8, 0x6a, 0x76, 
	0x86, 0x61, 0x76, 0xb3, 0xab, 0x66, 0xab, 0xa6, 
	0xab, 0xa2, 0x7b, 0x6b, 0xba, 0x67, 0x7b, 0x66, 
	0x68, 0xab, 0x13, 0x41, 0x1a, 0x11, 0x16, 0x73, 
	0x66, 0x3b, 0x66, 0xb8, 0x6b, 0x66, 0x6b, 0x6b, 
	0x67, 0x17, 0x86, 0xbb, 0xa7, 0xaa, 0x7a, 0x76, 
	0x36, 0x64, 0x66, 0x66, 0x7a, 0x47, 0x36, 0x36, 
	0x68, 0x4a, 0x13, 0xb5, 0x41, 0xa1, 0x78, 0x66, 
	0x66, 0x3a, 0x6b, 0xb1, 0x6b, 0x36, 0x6a, 0x6a, 
	0x33, 0x67, 0x11, 0x63, 0xab, 0x6b, 0xba, 0xb6, 
	0x66, 0x66, 0x66, 0x63, 0xb6, 0x76, 0x87, 0x66, 
	0x61, 0x4b, 0x13, 0x3b, 0x45, 0x13, 0x66, 0x68, 
	0x68, 0x6b, 0x6b, 0xb1, 0x66, 0x36, 0xba, 0x66, 
	0x81, 0x33, 0xaa, 0xbb, 0xa7, 0x4b, 0x33, 0xab, 
	0xb6, 0x66, 0xb6, 0x6a, 0xac, 0x6b, 0x66, 0x66, 
	0x68, 0x1b, 0x1b, 0x3a, 0xb9, 0x63, 0xa6, 0x33, 
	0x33, 0x6b, 0xba, 0xb7, 0x69, 0x96, 0x3b, 0x3b, 
	0xa3, 0xa3, 0x6b, 0xb7, 0x4b, 0xab, 0x7b, 0x36, 
	0x66, 0xbb, 0x36, 0xb6, 0x43, 0xba, 0xaa, 0xab, 
	0x6d, 0x7b, 0x13, 0xb3, 0xb1, 0x36, 0x3b, 0x33, 
	0x33, 0x3b, 0xbb, 0xb6, 0x46, 0x9a, 0xb9, 0x93, 
	0x73, 0x3b, 0x41, 0x14, 0x16, 0xbb, 0xbb, 0x66, 
	0x66, 0xbb, 0x37, 0x4c, 0x4b, 0xaa, 0xaa, 0xaa, 
	0x68, 0x8b, 0x1b, 0xba, 0xbb, 0xbb, 0x66, 0x6b, 
	0xbb, 0xbb, 0x66, 0xa9, 0x16, 0xb9, 0x33, 0x33, 
	0xbb, 0x47, 0x76, 0x67, 0x46, 0xb7, 0x7a, 0x6b, 
	0x66, 0xaa, 0xa4, 0x4b, 0xaa, 0xee, 0xea, 0xaa, 
	0x73, 0x99, 0x8a, 0x77, 0x76, 0x6a, 0x68, 0x69, 
	0xb8, 0x13, 0x61, 0x13, 0x66, 0xaa, 0xaa, 0xab, 
	0x4b, 0x44, 0x77, 0x47, 0x73, 0xaa, 0xaa, 0xaa, 
	0xaa, 0xaa, 0xaa, 0xaa, 0xaa, 0xae, 0xab, 0xaa, 
	0xbb, 0x76, 0xba, 0xbb, 0xb3, 0x6b, 0xbb, 0x3c, 
	0x6a, 0xb6, 0x61, 0x47, 0xbb, 0xbb, 0xb7, 0x17, 
	0xb7, 0xab, 0xaa, 0xa6, 0x46, 0xab, 0xbb, 0xbb, 
	0xa6, 0x66, 0x66, 0xaa, 0xbb, 0x2a, 0xb2, 0x36, 
	0x66, 0x66, 0x6a, 0xbb, 0xbb, 0x66, 0x36, 0xbb, 
	0x76, 0x66, 0x66, 0x66, 0xb6, 0x6b, 0xaa, 0xb7, 
	0x7a, 0xad, 0xaa, 0xaa, 0x61, 0x67, 0x66, 0x66, 
	0x66, 0x41, 0x46, 0x66, 0x66, 0x66, 0x66, 0x66, 
	0x63, 0x33, 0x33, 0x6b, 0xbb, 0xbb, 0xbb, 0xb3, 
	0xb3, 0x93, 0x63, 0x33, 0x66, 0xa6, 0x77, 0x71, 
	0x3a, 0xaa, 0xaa, 0xa4, 0xa6, 0x76, 0xab, 0xba, 
	0x66, 0x66, 0x66, 0x33, 0x33, 0x3b, 0x6b, 0xb6, 
	0x63, 0xaa, 0xa6, 0x66, 0x6b, 0xbb, 0xbb, 0xb9, 
	0x66, 0xb6, 0x33, 0x3b, 0x16, 0xb6, 0x84, 0x47, 
	0x6a, 0xa4, 0xab, 0x6a, 0xbb, 0x46, 0xb1, 0x68, 
	0xbb, 0xbb, 0xbb, 0x33, 0x33, 0x33, 0x6b, 0xb6, 
	0x69, 0xb9, 0x81, 0x11, 0x41, 0x11, 0x76, 0x66, 
	0x88, 0xb6, 0xa6, 0x63, 0x16, 0x3b, 0x67, 0x47, 
	0xaa, 0x36, 0xac, 0xaa, 0x87, 0x73, 0xb8, 0x5a, 
	0xba, 0x66, 0x66, 0x68, 0x69, 0x99, 0x63, 0x36, 
	0x69, 0xb3, 0x91, 0x81, 0x36, 0x47, 0x44, 0x53, 
	0x77, 0xb7, 0x16, 0x86, 0x16, 0x3b, 0x33, 0x47, 
	0xac, 0x64, 0xaf, 0xba, 0x6a, 0x13, 0x38, 0x18, 
	0xa6, 0x36, 0xb6, 0x16, 0x69, 0x98, 0x33, 0x33, 
	0x66, 0xb4, 0x61, 0x14, 0xaa, 0xb1, 0x4b, 0xab, 
	0xa7, 0x66, 0x66, 0xb3, 0xbb, 0x3b, 0x33, 0x86, 
	0x3a, 0xa4, 0x44, 0xaf, 0xf4, 0x6a, 0xbb, 0x1b, 
	0x66, 0x66, 0x86, 0xb1, 0x69, 0x83, 0xb3, 0xb6, 
	0x66, 0xb1, 0x13, 0x19, 0x4b, 0xba, 0x44, 0x13, 
	0xb1, 0x76, 0x8b, 0x63, 0xb3, 0xbb, 0xb3, 0x89, 
	0x6b, 0x6a, 0xaa, 0xaa, 0xaa, 0xb6, 0x66, 0x6b, 
	0xb6, 0x36, 0x37, 0x44, 0x57, 0x76, 0xb6, 0xb6, 
	0x66, 0xa1, 0x6b, 0x36, 0xbb, 0x77, 0x45, 0x66, 
	0xb1, 0x81, 0x51, 0xb3, 0x34, 0x6b, 0xb9, 0x98, 
	0x36, 0xaa, 0xaa, 0xab, 0xbb, 0xb3, 0x66, 0x66, 
	0x76, 0x76, 0x16, 0x3b, 0xbb, 0xb9, 0xba, 0xa6, 
	0x61, 0xb7, 0x1b, 0xba, 0x77, 0xbb, 0x76, 0x9a, 
	0xaa, 0xaa, 0x88, 0x33, 0xa1, 0x6a, 0x6b, 0xb8, 
	0x6b, 0x6b, 0xba, 0xaa, 0xba, 0x36, 0x36, 0xbb, 
	0x76, 0x7b, 0x66, 0x76, 0x63, 0x33, 0xb6, 0xa6, 
	0x66, 0x77, 0x67, 0x66, 0x66, 0x66, 0x66, 0x66, 
	0x6b, 0x39, 0x88, 0x86, 0x36, 0x6b, 0xb6, 0xa3, 
	0xbb, 0xaa, 0xbb, 0xaa, 0x3b, 0x99, 0x63, 0x66, 
	0x63, 0x6b, 0x8a, 0xb6, 0xb9, 0x33, 0xb3, 0xa6, 
	0x67, 0x77, 0x77, 0x77, 0x76, 0x71, 0x77, 0x66, 
	0x66, 0x68, 0x67, 0x86, 0x32, 0x6b, 0x6b, 0x3b, 
	0xaa, 0xaa, 0x41, 0xa1, 0xba, 0xaa, 0xaa, 0xaa, 
	0x66, 0x66, 0x36, 0x66, 0x63, 0x3b, 0xb7, 0xa6, 
	0x67, 0x11, 0x1b, 0x69, 0xdd, 0x1d, 0x9d, 0x69, 
	0x96, 0x61, 0x66, 0x16, 0x62, 0xb3, 0x63, 0x88, 
	0x88, 0x11, 0x86, 0x77, 0x7f, 0xfb, 0xb6, 0xaa, 
	0x66, 0x66, 0xb3, 0x33, 0x3b, 0x6b, 0xb6, 0xa6, 
	0x34, 0x17, 0xdd, 0x4d, 0xdd, 0xdd, 0x63, 0xdb, 
	0xcc, 0x91, 0x4b, 0xb1, 0x8b, 0x3a, 0xb3, 0x66, 
	0x96, 0x33, 0x45, 0x4a, 0x7e, 0xee, 0x1c, 0xcc, 
	0xbd, 0xdd, 0xd6, 0xdd, 0xd4, 0xd4, 0x36, 0xa6, 
	0x31, 0x76, 0x7d, 0xee, 0xe6, 0xdb, 0xb9, 0xda, 
	0xbc, 0xc1, 0x44, 0x11, 0x66, 0x66, 0xaa, 0x6a, 
	0xb3, 0x66, 0x16, 0x3b, 0x4a, 0xaa, 0x67, 0xc6, 
	0xbd, 0x3b, 0x3d, 0xfe, 0xee, 0xdd, 0x3b, 0xa6, 
	0x66, 0x64, 0xcd, 0xda, 0x3d, 0xdd, 0xdb, 0xda, 
	0xc4, 0xc4, 0x44, 0x71, 0x7a, 0x66, 0xbb, 0x33, 
	0x63, 0x33, 0x3b, 0x3b, 0x4b, 0xbb, 0xc4, 0xcc, 
	0x3d, 0xdd, 0xdd, 0xda, 0xac, 0xdd, 0x73, 0xa7, 
	0x66, 0x6d, 0x3b, 0x3b, 0x3a, 0xdd, 0x9b, 0xdd, 
	0x88, 0xc6, 0x11, 0x17, 0x36, 0x26, 0xba, 0xa6, 
	0x6a, 0xa6, 0x66, 0x4a, 0x1b, 0xbf, 0xc4, 0x19, 
	0xdd, 0xdd, 0x7d, 0xb3, 0xbb, 0x3b, 0x63, 0xa6, 
	0x66, 0x6b, 0x3b, 0x93, 0x39, 0x68, 0x66, 0x63, 
	0x68, 0xcc, 0x11, 0x76, 0x69, 0xb6, 0xb6, 0x33, 
	0x6b, 0x3b, 0x43, 0x3b, 0x1a, 0xff, 0xc4, 0xbb, 
	0x66, 0xb7, 0xba, 0x39, 0xb9, 0x39, 0x33, 0xa6, 
	0x93, 0x99, 0x99, 0x9d, 0xdd, 0xdd, 0x91, 0x11, 
	0x11, 0x11, 0xdd, 0xdd, 0x3d, 0xdd, 0xd3, 0x3b, 
	0x39, 0x93, 0x39, 0xd1, 0xdd, 0xd9, 0x11, 0x11, 
	0x11, 0x11, 0xdd, 0xd3, 0xdd, 0x1d, 0x33, 0xb6, 
	0x63, 0x3b, 0xdd, 0xdd, 0xdd, 0xdd, 0x61, 0x18, 
	0x88, 0x11, 0x3d, 0xdd, 0xd9, 0xdd, 0xdd, 0x93, 
	0x39, 0xbd, 0xdd, 0xd7, 0xdd, 0xd6, 0x18, 0x88, 
	0x81, 0x1b, 0xdd, 0xdd, 0x39, 0x9d, 0xd3, 0x36, 
	0x6b, 0x9d, 0xdd, 0xdd, 0xdd, 0xdb, 0x13, 0x85, 
	0x55, 0x33, 0x1b, 0xdd, 0x9d, 0xdd, 0xdd, 0x3b, 
	0x39, 0xdd, 0xdd, 0xdd, 0xdd, 0xa1, 0x33, 0x55, 
	0x58, 0x81, 0x6d, 0xd9, 0xdd, 0xdd, 0xd3, 0xb6, 
	0x6d, 0x9d, 0xd9, 0xca, 0x39, 0x98, 0x18, 0x35, 
	0x55, 0x18, 0x1d, 0xd3, 0xb9, 0xc9, 0xdd, 0x1d, 
	0xd3, 0xdd, 0x3c, 0xa3, 0x99, 0x11, 0x81, 0x55, 
	0x56, 0x81, 0x3d, 0x3b, 0x9c, 0x9d, 0xd1, 0xd6, 
	0x61, 0xd6, 0xb6, 0xc4, 0xdd, 0xa1, 0x18, 0x55, 
	0x55, 0x18, 0x81, 0xad, 0x9c, 0xc3, 0xb1, 0xd1, 
	0x7d, 0x3b, 0xbc, 0x7d, 0x6a, 0x11, 0x15, 0x55, 
	0x54, 0x88, 0x1b, 0xd9, 0x7c, 0x3a, 0x7d, 0xd6, 
	0x6d, 0xcc, 0xcc, 0x7c, 0x1d, 0x81, 0x8b, 0x55, 
	0x54, 0x51, 0xd1, 0x7d, 0xdc, 0x7c, 0xcc, 0xdd, 
	0xdc, 0xcc, 0x47, 0xc1, 0xd9, 0x18, 0x45, 0x15, 
	0x55, 0xb8, 0x88, 0x1d, 0xc7, 0xcc, 0xcd, 0xd3, 
	
};

ALIGNED8 u8 ss1_space_space512_1_pal_rgba16[] = {
	0x4a, 0x27, 0x52, 0x9f, 0x39, 0x19, 0x29, 0x51, 
	0x73, 0x65, 0x73, 0xab, 0x41, 0xd5, 0x62, 0x9d, 
	0x3a, 0x19, 0x39, 0xd5, 0x00, 0x01, 0x29, 0x0d, 
	0x9c, 0xe7, 0x2a, 0x99, 0xd5, 0x51, 0x59, 0x85, 
	
};

ALIGNED8 u8 ss1_space_space128_5_ci4[] = {
	0x00, 0x00, 0x00, 0x11, 0x12, 0x22, 0x22, 0x23, 
	0x33, 0x34, 0x44, 0x44, 0x44, 0x44, 0x44, 0x44, 
	0x44, 0x44, 0x44, 0x44, 0x44, 0x43, 0x43, 0x33, 
	0x52, 0x22, 0x22, 0x21, 0x21, 0x00, 0x00, 0x00, 
	0x11, 0x21, 0x11, 0x11, 0x11, 0x00, 0x55, 0x05, 
	0x22, 0x22, 0x22, 0x22, 0x21, 0x11, 0x11, 0x11, 
	0x11, 0x11, 0x11, 0x12, 0x22, 0x22, 0x22, 0x21, 
	0x55, 0x55, 0x00, 0x11, 0x11, 0x61, 0x11, 0x11, 
	0x11, 0x21, 0x11, 0x11, 0x57, 0x33, 0x75, 0x52, 
	0x28, 0x99, 0x89, 0x22, 0x22, 0x2a, 0xa9, 0x89, 
	0x99, 0x88, 0x22, 0x22, 0x89, 0x8b, 0x82, 0x22, 
	0x15, 0x53, 0x33, 0x75, 0x11, 0x11, 0x12, 0x11, 
	0x06, 0x10, 0x61, 0x11, 0x07, 0x37, 0x55, 0x12, 
	0x28, 0x88, 0x88, 0x22, 0x22, 0x28, 0xaa, 0x99, 
	0xaa, 0xa8, 0x22, 0x22, 0x88, 0x88, 0x82, 0x22, 
	0x15, 0x55, 0x73, 0x70, 0x11, 0x10, 0x11, 0x01, 
	0x66, 0x60, 0x06, 0x11, 0x57, 0x37, 0x55, 0x18, 
	0x89, 0x99, 0x99, 0x98, 0x8b, 0xcc, 0xcc, 0xcc, 
	0xcc, 0xcc, 0xcb, 0x89, 0x99, 0x99, 0xb8, 0x81, 
	0x15, 0x57, 0x33, 0x55, 0x11, 0x60, 0x16, 0x60, 
	0x00, 0x00, 0x01, 0x01, 0x22, 0x22, 0x22, 0x28, 
	0x9b, 0xb9, 0x99, 0xa8, 0xbc, 0xcc, 0xcc, 0xcc, 
	0xcc, 0xcc, 0xcc, 0xb2, 0x99, 0x99, 0xbb, 0x82, 
	0x12, 0x22, 0x22, 0x22, 0x10, 0x00, 0x00, 0x00, 
	0x66, 0x60, 0x61, 0x21, 0x62, 0x22, 0x12, 0x22, 
	0x9b, 0xbb, 0x99, 0x22, 0x9c, 0xcc, 0xcc, 0xcc, 
	0xcc, 0xcc, 0xcc, 0x92, 0xa9, 0x9b, 0xbb, 0x82, 
	0x21, 0x88, 0x81, 0x26, 0x12, 0x66, 0x16, 0x66, 
	0x66, 0x16, 0x61, 0x22, 0x06, 0x2d, 0x26, 0x62, 
	0x9b, 0xb9, 0x99, 0x22, 0x94, 0xcc, 0xcc, 0xcc, 
	0xcc, 0xcc, 0xc4, 0x92, 0x29, 0xb9, 0xbb, 0x82, 
	0x88, 0x53, 0x55, 0x81, 0x22, 0x66, 0x61, 0x60, 
	0x06, 0x16, 0x66, 0x61, 0x31, 0x2d, 0x21, 0x75, 
	0xbb, 0xb9, 0xb9, 0x28, 0xb4, 0xcc, 0xcc, 0xcc, 
	0xcc, 0xcc, 0xc4, 0xb2, 0x29, 0x9b, 0xbb, 0x82, 
	0x15, 0x34, 0x43, 0x56, 0x26, 0x66, 0x61, 0x06, 
	0x66, 0x07, 0x00, 0x10, 0x16, 0x2d, 0x21, 0x62, 
	0xbb, 0xb9, 0x9a, 0x22, 0xbc, 0xcc, 0xcc, 0xcc, 
	0xcc, 0xcc, 0xcc, 0xb2, 0x29, 0x99, 0xbb, 0x82, 
	0x15, 0x34, 0x45, 0x52, 0x20, 0x00, 0x70, 0x06, 
	0x00, 0x60, 0x60, 0x00, 0x37, 0x43, 0xc4, 0x72, 
	0xbb, 0xb9, 0x9a, 0x22, 0xbc, 0xcc, 0xcc, 0xcc, 
	0xcc, 0xcc, 0xcc, 0xb2, 0x29, 0x99, 0xbb, 0x82, 
	0x28, 0x55, 0x55, 0x12, 0x21, 0x66, 0x16, 0x03, 
	0x03, 0x10, 0x01, 0x66, 0x16, 0x2d, 0x21, 0x62, 
	0x99, 0x99, 0x99, 0x22, 0x9c, 0xcc, 0xcc, 0xcc, 
	0xcc, 0xcc, 0xcc, 0x92, 0x29, 0x99, 0x9b, 0x82, 
	0x22, 0x11, 0x11, 0x22, 0x20, 0x00, 0x03, 0x60, 
	0x60, 0x0e, 0x06, 0x00, 0x66, 0x10, 0x00, 0x02, 
	0xa9, 0x99, 0x99, 0x22, 0x8c, 0xcc, 0xcc, 0xcc, 
	0xcc, 0xcc, 0xcc, 0x82, 0x89, 0x99, 0x9b, 0x21, 
	0x12, 0x22, 0x21, 0x16, 0x21, 0x11, 0x66, 0x66, 
	0x66, 0x66, 0x16, 0x61, 0x11, 0x61, 0x26, 0x12, 
	0x89, 0x99, 0xaa, 0x82, 0x8b, 0xbb, 0xbb, 0xbb, 
	0xbb, 0xbb, 0xbb, 0x82, 0xaa, 0x99, 0x98, 0x21, 
	0x11, 0x12, 0x21, 0x11, 0x21, 0x00, 0x66, 0x11, 
	0x22, 0x21, 0x22, 0x22, 0x11, 0x11, 0x11, 0x18, 
	0x22, 0x22, 0x22, 0x28, 0x88, 0x82, 0x22, 0x82, 
	0x22, 0x22, 0x88, 0x82, 0x22, 0x22, 0x22, 0x82, 
	0x21, 0x11, 0x11, 0x11, 0x22, 0x22, 0x22, 0x22, 
	0x21, 0x61, 0x61, 0x61, 0x11, 0x12, 0x22, 0x22, 
	0x22, 0x22, 0x22, 0x22, 0x22, 0x22, 0x22, 0x22, 
	0x22, 0x22, 0x22, 0x22, 0x22, 0x22, 0x22, 0x22, 
	0x22, 0x22, 0x21, 0x11, 0x66, 0x66, 0x66, 0x22, 
	0x11, 0x11, 0x11, 0x12, 0x66, 0x20, 0x11, 0x11, 
	0x11, 0x10, 0x11, 0x22, 0x11, 0x21, 0x11, 0x07, 
	0x11, 0x11, 0x11, 0x12, 0x66, 0x20, 0x11, 0x11, 
	0x11, 0x10, 0x11, 0x22, 0x11, 0x21, 0x11, 0x03, 
	0x37, 0x37, 0x17, 0x70, 0x04, 0x34, 0x43, 0x44, 
	0x34, 0x43, 0x43, 0x15, 0x70, 0x57, 0x33, 0x33, 
	0x37, 0x37, 0x17, 0x70, 0x04, 0x34, 0x43, 0x44, 
	0x34, 0x43, 0x43, 0x15, 0x70, 0x57, 0x33, 0x37, 
	0x33, 0x37, 0x73, 0x74, 0x44, 0x47, 0x77, 0x73, 
	0x77, 0x77, 0x44, 0x47, 0x37, 0x37, 0x33, 0x37, 
	0x33, 0x37, 0x73, 0x74, 0x44, 0x47, 0x77, 0x73, 
	0x77, 0x77, 0x44, 0x47, 0x37, 0x37, 0x33, 0x35, 
	0x37, 0x33, 0x73, 0x74, 0x33, 0x47, 0x44, 0x44, 
	0x44, 0x74, 0x33, 0x33, 0x37, 0x37, 0x73, 0x75, 
	0x37, 0x33, 0x73, 0x74, 0x33, 0x47, 0x44, 0x44, 
	0x44, 0x74, 0x33, 0x33, 0x37, 0x37, 0x73, 0x75, 
	0x37, 0x37, 0x73, 0x73, 0x33, 0x33, 0x33, 0x33, 
	0x33, 0x74, 0x33, 0x33, 0x37, 0x37, 0x33, 0x55, 
	0x37, 0x37, 0x73, 0x73, 0x33, 0x33, 0x33, 0x33, 
	0x33, 0x74, 0x33, 0x33, 0x37, 0x37, 0x33, 0x57, 
	0x77, 0x33, 0x73, 0x33, 0x33, 0x33, 0x33, 0x33, 
	0x33, 0x33, 0x33, 0x33, 0x37, 0x33, 0x73, 0x57, 
	0x77, 0x33, 0x73, 0x33, 0x33, 0x33, 0x33, 0x33, 
	0x33, 0x33, 0x33, 0x33, 0x37, 0x33, 0x73, 0x53, 
	0x07, 0x77, 0x77, 0x47, 0x73, 0x53, 0x77, 0x33, 
	0x35, 0x47, 0x73, 0x73, 0x37, 0x77, 0x77, 0x73, 
	0x07, 0x77, 0x77, 0x47, 0x73, 0x53, 0x77, 0x33, 
	0x35, 0x47, 0x73, 0x73, 0x37, 0x77, 0x77, 0x77, 
	0x73, 0x33, 0x13, 0x33, 0x33, 0x37, 0x33, 0x33, 
	0x47, 0x37, 0x34, 0x33, 0x35, 0x53, 0x33, 0x37, 
	0x73, 0x33, 0x13, 0x33, 0x33, 0x37, 0x33, 0x33, 
	0x47, 0x37, 0x34, 0x33, 0x35, 0x53, 0x33, 0x33, 
	0x33, 0x33, 0x57, 0x73, 0x77, 0x77, 0x00, 0x44, 
	0x30, 0x03, 0x57, 0x73, 0x75, 0x33, 0x33, 0x73, 
	0x77, 0x73, 0x55, 0x57, 0x50, 0x77, 0x00, 0x33, 
	0x30, 0x03, 0x00, 0x77, 0x75, 0x77, 0x77, 0x77, 
	0x00, 0x50, 0x00, 0x00, 0x00, 0x06, 0x10, 0x61, 
	0x00, 0x05, 0x55, 0x55, 0x50, 0x00, 0x00, 0x07, 
	0x77, 0x75, 0x07, 0x01, 0x00, 0x11, 0x57, 0x77, 
	0x77, 0x77, 0xa9, 0x99, 0x99, 0x99, 0x57, 0x50, 
	0x73, 0x33, 0x33, 0x33, 0x33, 0x50, 0x00, 0x15, 
	0x33, 0x33, 0x33, 0x33, 0x75, 0x55, 0x01, 0x33, 
	0x33, 0x33, 0x33, 0x51, 0x01, 0x11, 0x73, 0x33, 
	0x33, 0x33, 0xa9, 0x99, 0x99, 0x99, 0x53, 0x33, 
	0x33, 0x33, 0x33, 0x33, 0x33, 0x55, 0x55, 0x15, 
	0x33, 0x33, 0x33, 0x33, 0x75, 0x75, 0x51, 0x33, 
	0x33, 0x33, 0x33, 0x51, 0x01, 0x12, 0x73, 0x33, 
	0x33, 0x33, 0xa9, 0x99, 0x99, 0x99, 0x73, 0x33, 
	0x33, 0x33, 0x33, 0x33, 0x33, 0x55, 0x00, 0x15, 
	0x33, 0x33, 0x33, 0x33, 0x70, 0x75, 0x55, 0x33, 
	0x33, 0x33, 0x33, 0x51, 0x00, 0x11, 0x73, 0x33, 
	0x33, 0x33, 0xa9, 0x99, 0x99, 0x99, 0x73, 0x33, 
	0x33, 0x33, 0x33, 0x33, 0x33, 0x55, 0x00, 0x15, 
	0x33, 0x33, 0x33, 0x33, 0x75, 0x75, 0x05, 0x33, 
	0x33, 0x33, 0x33, 0x51, 0x01, 0x11, 0x73, 0x33, 
	0x33, 0x33, 0xaa, 0x99, 0x99, 0x99, 0x53, 0x33, 
	0x33, 0x33, 0x33, 0x33, 0x33, 0x55, 0x55, 0x15, 
	0x43, 0x33, 0x33, 0x33, 0x55, 0x77, 0x55, 0x33, 
	0x33, 0x33, 0x33, 0x51, 0x01, 0x11, 0x73, 0x33, 
	0x33, 0x33, 0xa9, 0x99, 0x99, 0x99, 0x53, 0x33, 
	0x33, 0x33, 0x33, 0x33, 0x33, 0x55, 0x55, 0x15, 
	0x33, 0x33, 0x33, 0x33, 0x75, 0x77, 0x55, 0x33, 
	0x33, 0x33, 0x33, 0x51, 0x55, 0x11, 0x73, 0x33, 
	0x33, 0x33, 0xa9, 0x99, 0x99, 0x99, 0x53, 0x33, 
	0x33, 0x33, 0x33, 0x33, 0x33, 0x75, 0x55, 0x15, 
	0x33, 0x33, 0x33, 0x33, 0x75, 0x77, 0x51, 0x33, 
	0x33, 0x33, 0x33, 0x51, 0x01, 0x11, 0x73, 0x33, 
	0x33, 0x33, 0xa9, 0x99, 0x99, 0x99, 0x53, 0x33, 
	0x33, 0x33, 0x33, 0x33, 0x33, 0x55, 0x55, 0x15, 
	0x33, 0x33, 0x33, 0x33, 0x55, 0x77, 0x51, 0x33, 
	0x33, 0x33, 0x33, 0x51, 0x01, 0x11, 0x73, 0x33, 
	0x33, 0x33, 0xa9, 0x99, 0x99, 0x99, 0x53, 0x33, 
	0x33, 0x33, 0x33, 0x33, 0x33, 0x55, 0x55, 0x15, 
	0x33, 0x33, 0x33, 0x33, 0x75, 0x77, 0x51, 0x33, 
	0x33, 0x33, 0x33, 0x51, 0x51, 0x11, 0x73, 0x33, 
	0x33, 0x33, 0xa9, 0x99, 0x99, 0x99, 0x53, 0x33, 
	0x33, 0x33, 0x33, 0x33, 0x33, 0x55, 0x57, 0x15, 
	0x33, 0x33, 0x33, 0x33, 0x75, 0x77, 0x51, 0x33, 
	0x33, 0x33, 0x33, 0x51, 0x11, 0x11, 0x73, 0x33, 
	0x33, 0x33, 0xa9, 0x99, 0x99, 0x99, 0x53, 0x33, 
	0x33, 0x33, 0x33, 0x33, 0x33, 0x75, 0x57, 0x10, 
	0x33, 0x33, 0x33, 0x33, 0x55, 0x77, 0x55, 0x33, 
	0x33, 0x33, 0x33, 0x51, 0x01, 0x11, 0x73, 0x33, 
	0x33, 0x33, 0xa9, 0x99, 0x99, 0x99, 0x53, 0x33, 
	0x33, 0x33, 0x33, 0x33, 0x33, 0x75, 0x57, 0x10, 
	0x33, 0x33, 0x33, 0x33, 0x75, 0x77, 0x51, 0x33, 
	0x33, 0x33, 0x33, 0x51, 0x11, 0x11, 0x53, 0x33, 
	0x33, 0x33, 0xa9, 0x99, 0x99, 0x99, 0x53, 0x33, 
	0x33, 0x33, 0x33, 0x33, 0x33, 0x75, 0x57, 0x15, 
	0x33, 0x33, 0x33, 0x33, 0x55, 0x77, 0x50, 0x33, 
	0x33, 0x33, 0x33, 0x51, 0x11, 0x11, 0x73, 0x33, 
	0x33, 0x33, 0xa9, 0x99, 0x99, 0x99, 0x53, 0x33, 
	0x33, 0x33, 0x33, 0x33, 0x33, 0x75, 0x57, 0x15, 
	0x33, 0x33, 0x33, 0x33, 0x55, 0x77, 0x01, 0x33, 
	0x33, 0x33, 0x33, 0x51, 0x11, 0x11, 0x53, 0x33, 
	0x33, 0x33, 0xa9, 0x99, 0x99, 0x99, 0x53, 0x33, 
	0x33, 0x33, 0x33, 0x33, 0x33, 0x75, 0x75, 0x01, 
	0x33, 0x33, 0x33, 0x33, 0x55, 0x77, 0x50, 0x33, 
	0x33, 0x33, 0x33, 0x51, 0x11, 0x11, 0x73, 0x33, 
	0x33, 0x33, 0xa9, 0x99, 0x99, 0x99, 0x53, 0x33, 
	0x33, 0x33, 0x33, 0x33, 0x33, 0x75, 0x75, 0x50, 
	0x33, 0x33, 0x33, 0x33, 0x75, 0x77, 0x51, 0x33, 
	0x33, 0x33, 0x33, 0x51, 0x11, 0x11, 0x53, 0x33, 
	0x33, 0x33, 0xa9, 0x99, 0x99, 0x99, 0x53, 0x33, 
	0x33, 0x33, 0x33, 0x33, 0x33, 0x75, 0x75, 0x55, 
	0x33, 0x33, 0x33, 0x33, 0x55, 0x77, 0x58, 0x33, 
	0x33, 0x33, 0x33, 0x51, 0x11, 0x11, 0x53, 0x33, 
	0x33, 0x33, 0xa9, 0x99, 0x99, 0x99, 0x53, 0x33, 
	0x33, 0x33, 0x33, 0x33, 0x33, 0x75, 0x75, 0x50, 
	0x33, 0x33, 0x33, 0x33, 0x55, 0x77, 0x55, 0x33, 
	0x33, 0x33, 0x33, 0x51, 0x11, 0x11, 0x73, 0x33, 
	0x33, 0x33, 0xa9, 0x99, 0x99, 0x99, 0x53, 0x33, 
	0x33, 0x33, 0x33, 0x33, 0x33, 0x75, 0x75, 0x01, 
	0x33, 0x33, 0x33, 0x33, 0x75, 0x77, 0x55, 0x33, 
	0x33, 0x33, 0x33, 0x51, 0x01, 0x11, 0x53, 0x33, 
	0x33, 0x33, 0xa9, 0x99, 0x99, 0x99, 0x53, 0x33, 
	0x33, 0x33, 0x33, 0x33, 0x33, 0x75, 0x75, 0x51, 
	0x33, 0x33, 0x33, 0x33, 0x55, 0x77, 0x55, 0x33, 
	0x33, 0x33, 0x33, 0x52, 0x11, 0x11, 0x53, 0x33, 
	0x33, 0x33, 0xa9, 0x99, 0x99, 0x99, 0x53, 0x33, 
	0x33, 0x33, 0x33, 0x33, 0x33, 0x75, 0x55, 0x01, 
	0x33, 0x33, 0x33, 0x33, 0x55, 0x77, 0x55, 0x33, 
	0x33, 0x33, 0x33, 0x52, 0x01, 0x12, 0x53, 0x33, 
	0x33, 0x33, 0xa9, 0x99, 0x99, 0x99, 0x53, 0x33, 
	0x33, 0x33, 0x33, 0x33, 0x33, 0x75, 0x75, 0x01, 
	0x33, 0x33, 0x33, 0x33, 0x55, 0x75, 0x55, 0x33, 
	0x33, 0x33, 0x33, 0x52, 0x11, 0x12, 0x53, 0x33, 
	0x33, 0x33, 0xa9, 0x99, 0x99, 0x99, 0x53, 0x33, 
	0x33, 0x33, 0x33, 0x33, 0x33, 0x75, 0x75, 0x55, 
	0x33, 0x33, 0x33, 0x33, 0x75, 0x57, 0x55, 0x33, 
	0x33, 0x33, 0x33, 0x51, 0x11, 0x12, 0x53, 0x33, 
	0x33, 0x33, 0xa9, 0x99, 0x99, 0x99, 0x53, 0x33, 
	0x33, 0x33, 0x33, 0x33, 0x33, 0x75, 0x75, 0x00, 
	0x33, 0x33, 0x33, 0x33, 0x55, 0x75, 0x55, 0x33, 
	0x33, 0x33, 0x33, 0x52, 0x11, 0x12, 0x53, 0x33, 
	0x33, 0x33, 0xa9, 0x99, 0x99, 0x99, 0x53, 0x33, 
	0x33, 0x33, 0x33, 0x33, 0x33, 0x75, 0x75, 0x50, 
	0x33, 0x33, 0x33, 0x33, 0x55, 0x75, 0x55, 0x33, 
	0x33, 0x33, 0x33, 0x52, 0x01, 0x11, 0x53, 0x33, 
	0x33, 0x33, 0xa9, 0x99, 0x99, 0x99, 0x53, 0x33, 
	0x33, 0x33, 0x33, 0x33, 0x33, 0x75, 0x55, 0x55, 
	0x33, 0x33, 0x33, 0x33, 0x50, 0x55, 0x55, 0x33, 
	0x33, 0x33, 0x33, 0x52, 0x11, 0x11, 0x53, 0x33, 
	0x33, 0x33, 0xa9, 0x99, 0x99, 0x99, 0x53, 0x33, 
	0x33, 0x33, 0x33, 0x33, 0x33, 0x75, 0x55, 0x55, 
	0x33, 0x33, 0x33, 0x33, 0x55, 0x55, 0x55, 0x33, 
	0x33, 0x33, 0x33, 0x52, 0x11, 0x21, 0x03, 0x33, 
	0x33, 0x33, 0xa9, 0x99, 0x99, 0x99, 0x53, 0x33, 
	0x33, 0x33, 0x33, 0x33, 0x33, 0x30, 0x00, 0x01, 
	0x73, 0x33, 0x33, 0x33, 0x75, 0x55, 0x00, 0x33, 
	0x33, 0x33, 0x33, 0x52, 0x11, 0x22, 0x53, 0x33, 
	0x33, 0x33, 0xa9, 0x99, 0x99, 0x99, 0x53, 0x33, 
	0x37, 0x77, 0x77, 0x77, 0x77, 0x70, 0x00, 0x01, 
	0x77, 0x77, 0x73, 0x77, 0x70, 0x00, 0x01, 0x77, 
	0x77, 0x77, 0x73, 0x52, 0x12, 0x22, 0x53, 0x33, 
	0x33, 0x33, 0xa9, 0x99, 0x99, 0x99, 0x57, 0x77, 
	0x77, 0xee, 0xee, 0xee, 0xe7, 0x71, 0x0d, 0x61, 
	0xee, 0xee, 0xee, 0xee, 0x70, 0xd0, 0x01, 0xee, 
	0x77, 0x77, 0x77, 0x52, 0x11, 0x12, 0x53, 0x33, 
	0x33, 0x37, 0xaf, 0xaa, 0xaa, 0xaa, 0x5e, 0xe7, 
	0xee, 0xee, 0xee, 0xee, 0xee, 0xe1, 0x66, 0x61, 
	0xee, 0xee, 0xee, 0xee, 0x01, 0xd6, 0x61, 0xee, 
	0xee, 0xee, 0xee, 0x52, 0x62, 0x22, 0x03, 0x73, 
	0x73, 0x73, 0x8f, 0xff, 0xff, 0xff, 0x5e, 0xee, 
	0xdd, 0xdd, 0xde, 0xdd, 0xdd, 0xd1, 0x11, 0x61, 
	0xde, 0xed, 0xed, 0xdd, 0x06, 0x66, 0x11, 0xde, 
	0xdd, 0xdd, 0xd0, 0x02, 0x11, 0x12, 0x03, 0x77, 
	0x77, 0x77, 0x8f, 0xff, 0xff, 0xf8, 0x5d, 0xdd, 
	0xdd, 0xdd, 0xdd, 0xdd, 0xdd, 0xd1, 0x11, 0x61, 
	0x6d, 0xdd, 0xdd, 0xdd, 0x06, 0x16, 0x11, 0x6d, 
	0xdd, 0xdd, 0xd0, 0x02, 0x21, 0x12, 0x17, 0x77, 
	0x77, 0x77, 0x18, 0x88, 0x88, 0x88, 0x0d, 0xdd, 
	0x60, 0x66, 0x66, 0xd6, 0x66, 0x01, 0x11, 0x61, 
	0x66, 0x66, 0x66, 0x66, 0x01, 0x11, 0x11, 0x66, 
	0x66, 0x66, 0x60, 0x62, 0x11, 0x12, 0x6e, 0xee, 
	0xee, 0x77, 0x88, 0x88, 0x88, 0x88, 0xd6, 0x60, 
	0x61, 0x66, 0x66, 0x66, 0x66, 0x11, 0x12, 0x21, 
	0x66, 0x66, 0x16, 0x66, 0x12, 0x22, 0x21, 0x66, 
	0x66, 0x66, 0x66, 0x62, 0x11, 0x11, 0x6e, 0xee, 
	0xee, 0xde, 0x88, 0x22, 0x88, 0x88, 0xd6, 0x61, 
	0x66, 0x66, 0x66, 0x66, 0x66, 0x11, 0x21, 0x22, 
	0x16, 0x66, 0x66, 0x66, 0x62, 0x22, 0x12, 0x16, 
	0x66, 0x66, 0x66, 0x62, 0x21, 0x11, 0x6e, 0xdd, 
	0xdd, 0xd0, 0x88, 0x88, 0x88, 0x28, 0xd6, 0x66, 
	0x60, 0x66, 0x16, 0x66, 0x66, 0x02, 0x12, 0x11, 
	0x20, 0x06, 0x61, 0x61, 0x12, 0x22, 0x11, 0x16, 
	0x66, 0x66, 0x66, 0x22, 0x11, 0x11, 0x6d, 0xdd, 
	0xdd, 0xd0, 0x82, 0x88, 0x88, 0x82, 0x66, 0x60, 
	0x12, 0x21, 0x21, 0x21, 0x21, 0x22, 0x22, 0x21, 
	0x22, 0x11, 0x22, 0x22, 0x21, 0x22, 0x12, 0x22, 
	0x22, 0x22, 0x22, 0x21, 0x11, 0x11, 0x16, 0x66, 
	0x60, 0xd0, 0x82, 0x22, 0x22, 0x22, 0x61, 0x22, 
	
};

ALIGNED8 u8 ss1_space_space128_5_pal_rgba16[] = {
	0x4a, 0x97, 0x21, 0x0b, 0x00, 0x01, 0xb5, 0x69, 
	0xff, 0xff, 0x6a, 0xd5, 0x21, 0x51, 0x8c, 0x61, 
	0x38, 0x85, 0x90, 0x45, 0x78, 0xcd, 0xf3, 0x0d, 
	0xf7, 0x65, 0x4a, 0xa1, 0x74, 0x2d, 0x68, 0x5f, 
	
};

ALIGNED8 u8 ss1_space_space32_5_ci8[] = {
	0x00, 0x01, 0x02, 0x02, 0x02, 0x02, 0x02, 0x03, 
	0x03, 0x02, 0x00, 0x04, 0x01, 0x03, 0x03, 0x02, 
	0x02, 0x02, 0x02, 0x02, 0x01, 0x00, 0x05, 0x06, 
	0x00, 0x07, 0x02, 0x08, 0x09, 0x0a, 0x0b, 0x00, 
	0x0a, 0x0c, 0x0c, 0x0c, 0x0c, 0x0c, 0x0c, 0x0a, 
	0x0a, 0x0c, 0x0c, 0x0d, 0x0a, 0x0c, 0x0c, 0x0c, 
	0x0a, 0x0a, 0x0a, 0x0a, 0x0d, 0x08, 0x0e, 0x07, 
	0x0e, 0x03, 0x0f, 0x09, 0x0d, 0x10, 0x0d, 0x0a, 
	0x11, 0x0c, 0x0c, 0x0c, 0x0c, 0x0c, 0x0a, 0x0a, 
	0x0a, 0x12, 0x0d, 0x0d, 0x09, 0x0c, 0x0c, 0x0a, 
	0x0a, 0x0b, 0x0d, 0x0a, 0x03, 0x06, 0x05, 0x06, 
	0x0e, 0x08, 0x0f, 0x09, 0x0d, 0x10, 0x0d, 0x0a, 
	0x11, 0x13, 0x11, 0x09, 0x11, 0x08, 0x08, 0x09, 
	0x13, 0x11, 0x0f, 0x08, 0x03, 0x11, 0x08, 0x11, 
	0x03, 0x11, 0x03, 0x03, 0x00, 0x14, 0x15, 0x16, 
	0x00, 0x07, 0x07, 0x03, 0x09, 0x0b, 0x0b, 0x08, 
	0x0a, 0x0a, 0x0a, 0x0d, 0x0d, 0x0a, 0x0c, 0x0d, 
	0x0d, 0x09, 0x0f, 0x09, 0x0d, 0x0a, 0x0c, 0x0a, 
	0x0d, 0x09, 0x0d, 0x0d, 0x11, 0x03, 0x07, 0x0e, 
	0x03, 0x08, 0x0f, 0x09, 0x0d, 0x10, 0x0d, 0x0a, 
	0x11, 0x08, 0x03, 0x03, 0x03, 0x08, 0x02, 0x00, 
	0x00, 0x03, 0x08, 0x03, 0x0e, 0x03, 0x08, 0x08, 
	0x03, 0x03, 0x08, 0x11, 0x02, 0x06, 0x17, 0x17, 
	0x00, 0x18, 0x07, 0x07, 0x03, 0x08, 0x03, 0x11, 
	0x07, 0x00, 0x07, 0x0e, 0x07, 0x06, 0x19, 0x16, 
	0x1a, 0x16, 0x06, 0x07, 0x07, 0x1b, 0x1b, 0x07, 
	0x0e, 0x0e, 0x0e, 0x1b, 0x17, 0x19, 0x1c, 0x16, 
	0x19, 0x06, 0x06, 0x06, 0x1b, 0x06, 0x1b, 0x00, 
	0x06, 0x1b, 0x07, 0x18, 0x07, 0x05, 0x16, 0x1d, 
	0x1e, 0x15, 0x1d, 0x06, 0x07, 0x0e, 0x07, 0x0e, 
	0x0e, 0x0e, 0x0e, 0x06, 0x16, 0x16, 0x1a, 0x1a, 
	0x1a, 0x19, 0x06, 0x1b, 0x06, 0x06, 0x06, 0x06, 
	0x07, 0x07, 0x0e, 0x18, 0x1b, 0x16, 0x1a, 0x1a, 
	0x15, 0x1f, 0x15, 0x05, 0x0e, 0x0e, 0x0e, 0x18, 
	0x18, 0x08, 0x0e, 0x20, 0x1a, 0x1a, 0x1a, 0x21, 
	0x1f, 0x1a, 0x06, 0x1b, 0x1b, 0x1b, 0x1b, 0x07, 
	0x0e, 0x0e, 0x18, 0x08, 0x07, 0x16, 0x1e, 0x1e, 
	0x15, 0x1f, 0x15, 0x05, 0x0e, 0x0e, 0x0e, 0x0e, 
	0x18, 0x08, 0x18, 0x1c, 0x1e, 0x1e, 0x1e, 0x21, 
	0x1f, 0x1a, 0x06, 0x1b, 0x00, 0x07, 0x07, 0x0e, 
	0x0e, 0x0e, 0x03, 0x03, 0x00, 0x16, 0x22, 0x15, 
	0x22, 0x23, 0x22, 0x17, 0x0e, 0x0e, 0x0e, 0x0e, 
	0x03, 0x08, 0x0e, 0x17, 0x15, 0x15, 0x15, 0x1f, 
	0x1f, 0x1a, 0x06, 0x1b, 0x1b, 0x00, 0x07, 0x07, 
	0x0e, 0x0e, 0x0e, 0x03, 0x1b, 0x1d, 0x15, 0x15, 
	0x22, 0x1f, 0x22, 0x17, 0x0e, 0x0e, 0x0e, 0x0e, 
	0x03, 0x08, 0x0e, 0x17, 0x15, 0x22, 0x15, 0x1f, 
	0x23, 0x1e, 0x06, 0x1b, 0x06, 0x00, 0x07, 0x07, 
	0x0e, 0x0e, 0x0e, 0x03, 0x1b, 0x1d, 0x15, 0x15, 
	0x22, 0x1f, 0x22, 0x17, 0x0e, 0x0e, 0x02, 0x02, 
	0x03, 0x08, 0x02, 0x17, 0x15, 0x22, 0x22, 0x23, 
	0x23, 0x1e, 0x05, 0x06, 0x06, 0x06, 0x00, 0x07, 
	0x0e, 0x0e, 0x03, 0x03, 0x00, 0x16, 0x22, 0x22, 
	0x22, 0x23, 0x22, 0x17, 0x0e, 0x0e, 0x02, 0x02, 
	0x02, 0x08, 0x02, 0x17, 0x15, 0x22, 0x22, 0x23, 
	0x23, 0x1e, 0x05, 0x06, 0x06, 0x06, 0x00, 0x07, 
	0x0e, 0x0e, 0x18, 0x24, 0x25, 0x16, 0x15, 0x15, 
	0x21, 0x23, 0x22, 0x05, 0x0e, 0x07, 0x0e, 0x0e, 
	0x0e, 0x08, 0x18, 0x1c, 0x15, 0x21, 0x22, 0x23, 
	0x23, 0x1e, 0x05, 0x06, 0x05, 0x06, 0x1b, 0x07, 
	0x07, 0x0e, 0x0e, 0x18, 0x1b, 0x16, 0x15, 0x15, 
	0x21, 0x23, 0x21, 0x1c, 0x00, 0x06, 0x07, 0x07, 
	0x0e, 0x08, 0x18, 0x1c, 0x15, 0x1f, 0x22, 0x23, 
	0x23, 0x1e, 0x05, 0x06, 0x05, 0x06, 0x1b, 0x25, 
	0x1b, 0x07, 0x0e, 0x18, 0x1b, 0x16, 0x15, 0x15, 
	0x22, 0x26, 0x15, 0x05, 0x06, 0x00, 0x1b, 0x00, 
	0x07, 0x0e, 0x07, 0x1c, 0x15, 0x1f, 0x22, 0x26, 
	0x26, 0x16, 0x05, 0x05, 0x06, 0x05, 0x06, 0x06, 
	0x06, 0x06, 0x1b, 0x07, 0x06, 0x16, 0x15, 0x21, 
	0x1f, 0x26, 0x15, 0x19, 0x1c, 0x17, 0x1c, 0x17, 
	0x05, 0x1b, 0x1b, 0x19, 0x15, 0x21, 0x15, 0x23, 
	0x23, 0x1a, 0x1c, 0x19, 0x19, 0x19, 0x1c, 0x06, 
	0x1a, 0x1d, 0x16, 0x05, 0x05, 0x19, 0x15, 0x21, 
	0x23, 0x23, 0x15, 0x1a, 0x15, 0x15, 0x1e, 0x1e, 
	0x1d, 0x1c, 0x05, 0x19, 0x15, 0x21, 0x15, 0x1f, 
	0x23, 0x1e, 0x1d, 0x1e, 0x1e, 0x1e, 0x1e, 0x1d, 
	0x21, 0x21, 0x15, 0x16, 0x1c, 0x19, 0x15, 0x21, 
	0x1f, 0x1f, 0x15, 0x15, 0x1f, 0x1f, 0x21, 0x22, 
	0x15, 0x16, 0x17, 0x19, 0x15, 0x21, 0x15, 0x21, 
	0x1f, 0x1e, 0x1e, 0x21, 0x22, 0x21, 0x22, 0x21, 
	0x15, 0x15, 0x1e, 0x16, 0x19, 0x16, 0x22, 0x1f, 
	0x1f, 0x22, 0x1e, 0x15, 0x1f, 0x15, 0x22, 0x22, 
	0x15, 0x16, 0x17, 0x19, 0x1e, 0x21, 0x15, 0x1f, 
	0x1f, 0x15, 0x15, 0x1f, 0x22, 0x21, 0x22, 0x21, 
	0x1e, 0x1e, 0x1a, 0x19, 0x19, 0x16, 0x15, 0x21, 
	0x22, 0x15, 0x1e, 0x15, 0x22, 0x1e, 0x15, 0x15, 
	0x1e, 0x16, 0x17, 0x19, 0x1e, 0x21, 0x22, 0x1f, 
	0x1f, 0x15, 0x15, 0x21, 0x22, 0x21, 0x15, 0x15, 
	0x15, 0x15, 0x1e, 0x16, 0x1c, 0x19, 0x15, 0x22, 
	0x22, 0x22, 0x1e, 0x15, 0x1f, 0x15, 0x15, 0x15, 
	0x15, 0x1d, 0x17, 0x19, 0x1e, 0x1f, 0x22, 0x1f, 
	0x1f, 0x15, 0x15, 0x22, 0x15, 0x1f, 0x22, 0x22, 
	0x15, 0x1e, 0x1e, 0x19, 0x1c, 0x16, 0x15, 0x1f, 
	0x1f, 0x21, 0x1e, 0x1e, 0x21, 0x22, 0x22, 0x15, 
	0x15, 0x1a, 0x19, 0x19, 0x15, 0x1f, 0x22, 0x1f, 
	0x23, 0x15, 0x1e, 0x22, 0x22, 0x23, 0x22, 0x15, 
	0x15, 0x15, 0x15, 0x16, 0x1c, 0x19, 0x22, 0x1f, 
	0x1f, 0x22, 0x1e, 0x22, 0x1f, 0x22, 0x15, 0x22, 
	0x15, 0x16, 0x19, 0x16, 0x1e, 0x1f, 0x15, 0x1f, 
	0x1f, 0x22, 0x15, 0x15, 0x22, 0x22, 0x22, 0x15, 
	0x15, 0x15, 0x1e, 0x16, 0x19, 0x16, 0x15, 0x1f, 
	0x23, 0x15, 0x1a, 0x15, 0x22, 0x15, 0x1f, 0x1f, 
	0x22, 0x1d, 0x19, 0x19, 0x15, 0x23, 0x1f, 0x23, 
	0x23, 0x22, 0x15, 0x15, 0x22, 0x22, 0x22, 0x22, 
	0x22, 0x15, 0x15, 0x1d, 0x19, 0x16, 0x15, 0x27, 
	0x28, 0x26, 0x1e, 0x15, 0x22, 0x22, 0x22, 0x22, 
	0x22, 0x15, 0x16, 0x16, 0x15, 0x26, 0x29, 0x28, 
	0x27, 0x22, 0x15, 0x15, 0x22, 0x15, 0x15, 0x22, 
	0x15, 0x22, 0x21, 0x15, 0x16, 0x16, 0x1e, 0x27, 
	0x2a, 0x2b, 0x22, 0x15, 0x22, 0x15, 0x15, 0x15, 
	0x22, 0x22, 0x1e, 0x16, 0x1e, 0x22, 0x28, 0x2b, 
	0x23, 0x15, 0x15, 0x22, 0x1f, 0x22, 0x22, 0x22, 
	0x15, 0x22, 0x1f, 0x22, 0x1e, 0x1e, 0x1d, 0x15, 
	0x2c, 0x22, 0x15, 0x22, 0x22, 0x1e, 0x22, 0x15, 
	0x15, 0x22, 0x15, 0x1d, 0x1d, 0x1e, 0x15, 0x15, 
	0x15, 0x15, 0x15, 0x22, 0x22, 0x15, 0x22, 0x15, 
	0x15, 0x15, 0x22, 0x22, 0x22, 0x22, 0x22, 0x1e, 
	0x1e, 0x15, 0x15, 0x22, 0x1f, 0x22, 0x22, 0x15, 
	0x15, 0x15, 0x22, 0x15, 0x15, 0x22, 0x1e, 0x15, 
	0x22, 0x22, 0x22, 0x15, 0x15, 0x15, 0x22, 0x22, 
	0x22, 0x1e, 0x15, 0x15, 0x22, 0x1f, 0x23, 0x2c, 
	0x2c, 0x1f, 0x22, 0x22, 0x2c, 0x1f, 0x15, 0x15, 
	0x15, 0x15, 0x15, 0x22, 0x1f, 0x23, 0x2c, 0x2c, 
	0x1f, 0x2c, 0x2c, 0x2c, 0x1f, 0x23, 0x23, 0x1f, 
	0x22, 0x15, 0x15, 0x22, 0x22, 0x22, 0x2c, 0x15, 
	0x22, 0x1f, 0x2c, 0x22, 0x22, 0x15, 0x22, 0x22, 
	0x22, 0x15, 0x1e, 0x15, 0x22, 0x1f, 0x2c, 0x22, 
	0x22, 0x22, 0x2c, 0x2c, 0x22, 0x15, 0x15, 0x22, 
	
};

ALIGNED8 u8 ss1_space_space32_5_pal_rgba16[] = {
	0xca, 0xc1, 0xc2, 0x81, 0xc2, 0x41, 0xc2, 0x01, 
	0xcb, 0x01, 0xd3, 0x41, 0xd3, 0x01, 0xca, 0x81, 
	0xc1, 0xc1, 0xb9, 0x41, 0xb0, 0xc1, 0xb8, 0xc1, 
	0xb0, 0x81, 0xb9, 0x01, 0xca, 0x41, 0xc1, 0x81, 
	0xb8, 0x81, 0xb9, 0x81, 0xb1, 0x01, 0xb9, 0xc1, 
	0xdc, 0x81, 0xe4, 0xc1, 0xdc, 0x01, 0xd3, 0x81, 
	0xca, 0x01, 0xdb, 0xc1, 0xe4, 0x41, 0xd2, 0xc1, 
	0xdb, 0x81, 0xdc, 0x41, 0xe4, 0x81, 0xed, 0x41, 
	0xdb, 0x41, 0xed, 0x01, 0xe5, 0x01, 0xed, 0x81, 
	0xc9, 0xc1, 0xd2, 0x81, 0xed, 0xc1, 0xf6, 0x01, 
	0xfe, 0xc1, 0xff, 0x41, 0xff, 0x01, 0xf6, 0x41, 
	0xe5, 0x41, 
};

ALIGNED8 u8 ss1_space_space32_6_ci8[] = {
	0x00, 0x01, 0x02, 0x03, 0x01, 0x00, 0x04, 0x05, 
	0x00, 0x01, 0x01, 0x01, 0x02, 0x03, 0x06, 0x06, 
	0x03, 0x01, 0x01, 0x03, 0x07, 0x03, 0x03, 0x03, 
	0x03, 0x03, 0x03, 0x06, 0x06, 0x06, 0x03, 0x03, 
	0x00, 0x00, 0x02, 0x02, 0x01, 0x00, 0x01, 0x01, 
	0x02, 0x02, 0x01, 0x01, 0x02, 0x06, 0x06, 0x06, 
	0x03, 0x02, 0x02, 0x03, 0x07, 0x03, 0x03, 0x03, 
	0x03, 0x03, 0x03, 0x03, 0x03, 0x03, 0x03, 0x02, 
	0x01, 0x01, 0x02, 0x02, 0x02, 0x07, 0x06, 0x03, 
	0x02, 0x02, 0x02, 0x02, 0x01, 0x07, 0x08, 0x03, 
	0x02, 0x01, 0x01, 0x03, 0x06, 0x03, 0x03, 0x03, 
	0x03, 0x03, 0x03, 0x03, 0x03, 0x03, 0x03, 0x02, 
	0x00, 0x00, 0x02, 0x03, 0x02, 0x06, 0x03, 0x01, 
	0x00, 0x01, 0x03, 0x03, 0x01, 0x02, 0x01, 0x00, 
	0x00, 0x00, 0x01, 0x02, 0x06, 0x03, 0x03, 0x03, 
	0x03, 0x03, 0x03, 0x03, 0x03, 0x03, 0x03, 0x02, 
	0x00, 0x00, 0x02, 0x02, 0x02, 0x00, 0x00, 0x04, 
	0x04, 0x01, 0x03, 0x03, 0x01, 0x04, 0x04, 0x04, 
	0x00, 0x09, 0x02, 0x03, 0x03, 0x03, 0x03, 0x03, 
	0x03, 0x03, 0x03, 0x03, 0x03, 0x03, 0x03, 0x02, 
	0x01, 0x02, 0x03, 0x03, 0x02, 0x01, 0x02, 0x02, 
	0x01, 0x02, 0x03, 0x03, 0x02, 0x09, 0x09, 0x02, 
	0x03, 0x03, 0x06, 0x03, 0x03, 0x03, 0x03, 0x03, 
	0x03, 0x03, 0x03, 0x03, 0x03, 0x03, 0x03, 0x02, 
	0x03, 0x02, 0x03, 0x03, 0x03, 0x03, 0x06, 0x06, 
	0x03, 0x03, 0x03, 0x06, 0x06, 0x06, 0x03, 0x03, 
	0x03, 0x03, 0x06, 0x03, 0x03, 0x03, 0x03, 0x03, 
	0x03, 0x03, 0x03, 0x03, 0x03, 0x03, 0x03, 0x02, 
	0x03, 0x03, 0x03, 0x03, 0x06, 0x03, 0x06, 0x06, 
	0x03, 0x03, 0x03, 0x06, 0x06, 0x03, 0x03, 0x02, 
	0x02, 0x03, 0x03, 0x03, 0x03, 0x03, 0x03, 0x03, 
	0x03, 0x03, 0x03, 0x03, 0x03, 0x03, 0x03, 0x02, 
	0x03, 0x03, 0x03, 0x03, 0x03, 0x03, 0x03, 0x03, 
	0x06, 0x06, 0x06, 0x03, 0x03, 0x06, 0x03, 0x03, 
	0x03, 0x03, 0x03, 0x03, 0x02, 0x03, 0x03, 0x03, 
	0x03, 0x03, 0x03, 0x03, 0x03, 0x03, 0x03, 0x02, 
	0x03, 0x03, 0x03, 0x03, 0x03, 0x03, 0x06, 0x06, 
	0x03, 0x03, 0x06, 0x06, 0x03, 0x03, 0x03, 0x03, 
	0x03, 0x03, 0x03, 0x06, 0x06, 0x06, 0x06, 0x06, 
	0x06, 0x03, 0x03, 0x03, 0x03, 0x03, 0x07, 0x06, 
	0x03, 0x03, 0x03, 0x03, 0x03, 0x03, 0x06, 0x06, 
	0x06, 0x03, 0x03, 0x02, 0x02, 0x02, 0x02, 0x02, 
	0x02, 0x02, 0x02, 0x02, 0x02, 0x02, 0x02, 0x02, 
	0x02, 0x03, 0x03, 0x03, 0x03, 0x06, 0x06, 0x02, 
	0x03, 0x03, 0x03, 0x03, 0x03, 0x03, 0x03, 0x06, 
	0x06, 0x02, 0x01, 0x00, 0x00, 0x00, 0x00, 0x00, 
	0x00, 0x00, 0x00, 0x00, 0x04, 0x04, 0x00, 0x00, 
	0x00, 0x00, 0x01, 0x01, 0x01, 0x0a, 0x0b, 0x03, 
	0x03, 0x03, 0x03, 0x03, 0x03, 0x03, 0x03, 0x03, 
	0x03, 0x00, 0x04, 0x04, 0x04, 0x04, 0x04, 0x04, 
	0x04, 0x04, 0x04, 0x04, 0x04, 0x04, 0x04, 0x04, 
	0x04, 0x00, 0x00, 0x00, 0x00, 0x03, 0x03, 0x01, 
	0x03, 0x03, 0x03, 0x03, 0x03, 0x03, 0x02, 0x03, 
	0x02, 0x04, 0x04, 0x01, 0x01, 0x02, 0x01, 0x01, 
	0x01, 0x01, 0x01, 0x01, 0x01, 0x01, 0x01, 0x01, 
	0x01, 0x01, 0x01, 0x01, 0x01, 0x00, 0x03, 0x03, 
	0x03, 0x03, 0x03, 0x03, 0x03, 0x06, 0x03, 0x03, 
	0x01, 0x05, 0x00, 0x03, 0x03, 0x03, 0x03, 0x02, 
	0x02, 0x02, 0x02, 0x02, 0x03, 0x02, 0x02, 0x02, 
	0x02, 0x02, 0x02, 0x02, 0x02, 0x03, 0x0c, 0x0d, 
	0x03, 0x03, 0x03, 0x03, 0x03, 0x03, 0x03, 0x03, 
	0x00, 0x0e, 0x00, 0x06, 0x06, 0x03, 0x02, 0x02, 
	0x02, 0x02, 0x02, 0x03, 0x03, 0x02, 0x02, 0x02, 
	0x02, 0x02, 0x03, 0x03, 0x03, 0x03, 0x07, 0x0b, 
	0x03, 0x03, 0x03, 0x03, 0x03, 0x02, 0x02, 0x02, 
	0x04, 0x0f, 0x04, 0x03, 0x03, 0x03, 0x03, 0x03, 
	0x03, 0x03, 0x03, 0x03, 0x03, 0x03, 0x03, 0x03, 
	0x03, 0x03, 0x03, 0x03, 0x03, 0x03, 0x02, 0x02, 
	0x06, 0x03, 0x03, 0x03, 0x02, 0x03, 0x03, 0x02, 
	0x04, 0x0f, 0x04, 0x03, 0x06, 0x03, 0x03, 0x03, 
	0x03, 0x03, 0x03, 0x03, 0x03, 0x03, 0x03, 0x03, 
	0x03, 0x03, 0x03, 0x03, 0x03, 0x06, 0x03, 0x03, 
	0x06, 0x03, 0x03, 0x03, 0x03, 0x03, 0x03, 0x02, 
	0x04, 0x0f, 0x04, 0x03, 0x03, 0x03, 0x03, 0x03, 
	0x03, 0x03, 0x03, 0x03, 0x03, 0x03, 0x03, 0x03, 
	0x03, 0x03, 0x03, 0x03, 0x03, 0x06, 0x03, 0x03, 
	0x06, 0x03, 0x03, 0x03, 0x03, 0x03, 0x03, 0x02, 
	0x04, 0x0f, 0x04, 0x03, 0x03, 0x03, 0x03, 0x03, 
	0x03, 0x03, 0x03, 0x03, 0x03, 0x03, 0x03, 0x03, 
	0x03, 0x03, 0x06, 0x06, 0x06, 0x06, 0x03, 0x03, 
	0x06, 0x03, 0x03, 0x03, 0x03, 0x03, 0x03, 0x02, 
	0x04, 0x0f, 0x04, 0x03, 0x03, 0x03, 0x03, 0x03, 
	0x03, 0x03, 0x03, 0x03, 0x03, 0x03, 0x03, 0x03, 
	0x03, 0x03, 0x06, 0x06, 0x06, 0x03, 0x03, 0x03, 
	0x06, 0x03, 0x03, 0x03, 0x02, 0x03, 0x03, 0x02, 
	0x04, 0x0f, 0x04, 0x03, 0x03, 0x03, 0x03, 0x03, 
	0x03, 0x03, 0x03, 0x03, 0x03, 0x03, 0x03, 0x03, 
	0x03, 0x03, 0x03, 0x06, 0x06, 0x03, 0x03, 0x03, 
	0x06, 0x03, 0x03, 0x03, 0x02, 0x02, 0x02, 0x02, 
	0x04, 0x0f, 0x04, 0x03, 0x03, 0x03, 0x03, 0x03, 
	0x03, 0x03, 0x03, 0x03, 0x03, 0x03, 0x03, 0x03, 
	0x03, 0x03, 0x03, 0x03, 0x03, 0x03, 0x03, 0x03, 
	0x06, 0x03, 0x03, 0x03, 0x02, 0x02, 0x02, 0x02, 
	0x04, 0x0f, 0x04, 0x06, 0x03, 0x03, 0x03, 0x03, 
	0x03, 0x03, 0x03, 0x03, 0x03, 0x03, 0x03, 0x03, 
	0x03, 0x03, 0x03, 0x03, 0x03, 0x03, 0x03, 0x03, 
	0x06, 0x03, 0x02, 0x03, 0x10, 0x02, 0x02, 0x02, 
	0x04, 0x0e, 0x00, 0x06, 0x06, 0x03, 0x03, 0x03, 
	0x03, 0x03, 0x03, 0x03, 0x03, 0x03, 0x03, 0x03, 
	0x03, 0x03, 0x03, 0x03, 0x03, 0x03, 0x03, 0x03, 
	0x03, 0x03, 0x02, 0x02, 0x02, 0x02, 0x01, 0x01, 
	0x04, 0x0e, 0x04, 0x03, 0x06, 0x03, 0x03, 0x03, 
	0x03, 0x03, 0x03, 0x03, 0x03, 0x03, 0x06, 0x06, 
	0x03, 0x03, 0x06, 0x03, 0x03, 0x02, 0x03, 0x06, 
	0x03, 0x03, 0x03, 0x02, 0x03, 0x10, 0x01, 0x10, 
	0x04, 0x11, 0x12, 0x13, 0x04, 0x00, 0x00, 0x00, 
	0x00, 0x00, 0x00, 0x00, 0x00, 0x04, 0x00, 0x00, 
	0x00, 0x00, 0x00, 0x00, 0x00, 0x00, 0x00, 0x00, 
	0x08, 0x08, 0x06, 0x06, 0x06, 0x06, 0x06, 0x08, 
	0x09, 0x0f, 0x14, 0x15, 0x15, 0x15, 0x15, 0x15, 
	0x15, 0x15, 0x15, 0x15, 0x15, 0x15, 0x15, 0x15, 
	0x15, 0x15, 0x0f, 0x0f, 0x0f, 0x0f, 0x0f, 0x0f, 
	0x01, 0x01, 0x01, 0x01, 0x01, 0x01, 0x01, 0x01, 
	0x04, 0x11, 0x16, 0x16, 0x17, 0x17, 0x17, 0x17, 
	0x17, 0x17, 0x17, 0x17, 0x17, 0x17, 0x16, 0x16, 
	0x16, 0x16, 0x16, 0x14, 0x18, 0x0f, 0x0f, 0x15, 
	0x0f, 0x0f, 0x0f, 0x0f, 0x0f, 0x15, 0x15, 0x15, 
	0x18, 0x16, 0x17, 0x17, 0x17, 0x17, 0x19, 0x19, 
	0x19, 0x19, 0x19, 0x19, 0x19, 0x19, 0x19, 0x17, 
	0x17, 0x17, 0x17, 0x16, 0x18, 0x0f, 0x0f, 0x0f, 
	0x14, 0x14, 0x14, 0x14, 0x14, 0x14, 0x16, 0x16, 
	0x16, 0x16, 0x16, 0x16, 0x17, 0x17, 0x17, 0x17, 
	0x17, 0x17, 0x17, 0x17, 0x17, 0x19, 0x19, 0x17, 
	0x17, 0x17, 0x17, 0x16, 0x18, 0x14, 0x15, 0x0f, 
	0x16, 0x16, 0x16, 0x16, 0x16, 0x16, 0x16, 0x17, 
	0x17, 0x17, 0x1a, 0x1a, 0x1a, 0x17, 0x16, 0x16, 
	0x16, 0x16, 0x16, 0x17, 0x17, 0x17, 0x17, 0x16, 
	0x16, 0x16, 0x16, 0x14, 0x11, 0x14, 0x14, 0x11, 
	
};

ALIGNED8 u8 ss1_space_space32_6_pal_rgba16[] = {
	0xe4, 0xc1, 0xe5, 0x01, 0xed, 0x41, 0xed, 0x81, 
	0xe4, 0x81, 0xdc, 0x41, 0xed, 0xc1, 0xf6, 0x01, 
	0xf5, 0xc1, 0xed, 0x01, 0xfe, 0xc1, 0xf6, 0x41, 
	0xf6, 0x81, 0xff, 0x01, 0xdc, 0x01, 0xdb, 0xc1, 
	0xe5, 0x41, 0xd3, 0x81, 0xd3, 0xc1, 0xdc, 0x81, 
	0xd3, 0x41, 0xdb, 0x81, 0xd3, 0x01, 0xd2, 0xc1, 
	0xdb, 0x41, 0xd2, 0x81, 0xca, 0x81, 
};

ALIGNED8 u8 ss1_space_space128_9_ci4[] = {
	0x01, 0x00, 0x02, 0x21, 0x21, 0x11, 0x11, 0x13, 
	0x10, 0x10, 0x11, 0x12, 0x11, 0x11, 0x11, 0x11, 
	0x40, 0x11, 0x11, 0x11, 0x20, 0x10, 0x01, 0x11, 
	0x31, 0x01, 0x10, 0x11, 0x10, 0x22, 0x20, 0x10, 
	0x20, 0x22, 0x02, 0x21, 0x00, 0x20, 0x21, 0x15, 
	0x11, 0x11, 0x11, 0x11, 0x01, 0x01, 0x10, 0x10, 
	0x30, 0x11, 0x00, 0x20, 0x00, 0x00, 0x00, 0x11, 
	0x33, 0x11, 0x11, 0x10, 0x02, 0x10, 0x02, 0x01, 
	0x11, 0x10, 0x20, 0x00, 0x20, 0x11, 0x11, 0x16, 
	0x11, 0x00, 0x11, 0x01, 0x11, 0x11, 0x11, 0x11, 
	0x70, 0x01, 0x11, 0x10, 0x11, 0x10, 0x10, 0x11, 
	0x33, 0x11, 0x01, 0x02, 0x00, 0x10, 0x20, 0x00, 
	0x33, 0x11, 0x11, 0x33, 0x13, 0x33, 0x33, 0x35, 
	0x33, 0x33, 0x33, 0x33, 0x33, 0x33, 0x33, 0x33, 
	0x73, 0x33, 0x33, 0x33, 0x33, 0x33, 0x37, 0x33, 
	0x57, 0x33, 0x33, 0x33, 0x13, 0x10, 0x31, 0x31, 
	0x33, 0x31, 0x11, 0x11, 0x11, 0x13, 0x33, 0x35, 
	0x33, 0x33, 0x33, 0x11, 0x11, 0x11, 0x33, 0x33, 
	0x33, 0x33, 0x10, 0x11, 0x10, 0x33, 0x33, 0x33, 
	0x55, 0x33, 0x33, 0x11, 0x11, 0x10, 0x11, 0x11, 
	0x53, 0x35, 0x81, 0x02, 0x10, 0x16, 0x66, 0x99, 
	0x66, 0x66, 0x63, 0x11, 0x10, 0x11, 0x66, 0x69, 
	0x96, 0x65, 0x30, 0x10, 0x10, 0x35, 0x66, 0x66, 
	0x69, 0x66, 0x67, 0x11, 0x00, 0x00, 0x35, 0x33, 
	0x99, 0x96, 0x30, 0x00, 0x10, 0x39, 0x99, 0x99, 
	0x99, 0x99, 0x95, 0x10, 0x01, 0x01, 0xa9, 0x99, 
	0x99, 0x99, 0x71, 0x11, 0x01, 0x35, 0x99, 0x99, 
	0x99, 0xa9, 0x96, 0x02, 0x10, 0x20, 0x59, 0x99, 
	0x99, 0x95, 0x82, 0x02, 0x00, 0x19, 0x99, 0x99, 
	0x99, 0x99, 0x55, 0x00, 0x11, 0x11, 0x66, 0xa9, 
	0x99, 0x99, 0x71, 0x01, 0x01, 0x35, 0x99, 0x99, 
	0x99, 0x99, 0x96, 0x10, 0x21, 0x20, 0x59, 0x99, 
	0x66, 0x95, 0x30, 0x10, 0x11, 0x16, 0x5a, 0x66, 
	0x69, 0x99, 0x53, 0x01, 0x11, 0x01, 0x55, 0xa6, 
	0x5a, 0x35, 0x31, 0x11, 0x11, 0x35, 0x59, 0x99, 
	0x65, 0xa6, 0x67, 0x00, 0x01, 0x21, 0x35, 0x96, 
	0x55, 0x65, 0x80, 0x11, 0x11, 0x13, 0x39, 0x55, 
	0x55, 0x55, 0x53, 0x81, 0x01, 0x11, 0x33, 0xa5, 
	0x39, 0x33, 0x30, 0x11, 0x01, 0x35, 0x56, 0x65, 
	0x53, 0x96, 0x33, 0x11, 0x11, 0x20, 0x35, 0x56, 
	0x33, 0x53, 0x69, 0x99, 0x99, 0x33, 0x16, 0x33, 
	0x33, 0x65, 0x56, 0x99, 0x99, 0x95, 0x31, 0x65, 
	0x36, 0x13, 0x36, 0x99, 0x99, 0x95, 0x55, 0x33, 
	0x33, 0x67, 0x33, 0x59, 0x69, 0x99, 0x65, 0x33, 
	0x22, 0x13, 0x59, 0x99, 0x95, 0x31, 0x11, 0x13, 
	0x11, 0x11, 0x36, 0x99, 0x99, 0x53, 0x11, 0x11, 
	0x31, 0x10, 0x13, 0x69, 0x99, 0x63, 0x11, 0x11, 
	0x31, 0x11, 0x11, 0x35, 0x99, 0x96, 0x31, 0x02, 
	0x00, 0x11, 0x33, 0x33, 0x33, 0x11, 0x01, 0x16, 
	0x81, 0x11, 0x13, 0x35, 0x63, 0x33, 0x11, 0x11, 
	0x71, 0x11, 0x13, 0x35, 0x66, 0x33, 0x11, 0x11, 
	0x54, 0x11, 0x11, 0x33, 0x36, 0x33, 0x11, 0x20, 
	0x10, 0x01, 0x01, 0x33, 0x31, 0x11, 0x11, 0x16, 
	0x33, 0x33, 0x33, 0x37, 0x63, 0x33, 0x31, 0x33, 
	0x73, 0x13, 0x33, 0x73, 0x37, 0x33, 0x33, 0x33, 
	0x53, 0x11, 0x11, 0x13, 0x33, 0x11, 0x00, 0x00, 
	0x11, 0x10, 0x13, 0x33, 0x33, 0x33, 0x33, 0x36, 
	0x56, 0x56, 0x53, 0x33, 0x33, 0x33, 0x33, 0x33, 
	0x53, 0x33, 0x33, 0x33, 0x33, 0x35, 0x63, 0x63, 
	0x56, 0x33, 0x33, 0x33, 0x33, 0x11, 0x11, 0x10, 
	0x33, 0x11, 0x33, 0x33, 0x33, 0x33, 0x33, 0x36, 
	0x33, 0x56, 0x53, 0x33, 0x33, 0x33, 0x33, 0x33, 
	0x63, 0x33, 0x33, 0x33, 0x33, 0x33, 0x36, 0x53, 
	0x56, 0x33, 0x33, 0x33, 0x33, 0x33, 0x31, 0x33, 
	0x65, 0x56, 0x65, 0x66, 0x66, 0x55, 0x56, 0x69, 
	0x55, 0x69, 0x55, 0x63, 0x65, 0x55, 0x65, 0x66, 
	0x66, 0x66, 0x56, 0x55, 0x35, 0x56, 0x66, 0x66, 
	0x66, 0x66, 0x65, 0x66, 0x66, 0x65, 0x55, 0x56, 
	0x99, 0x99, 0x99, 0x99, 0x99, 0x56, 0x99, 0x99, 
	0x99, 0x99, 0x99, 0x99, 0x99, 0x99, 0x99, 0xa9, 
	0x99, 0x99, 0x99, 0x99, 0x99, 0x99, 0x99, 0x99, 
	0x99, 0x99, 0x96, 0x99, 0x99, 0x99, 0x99, 0x99, 
	0x69, 0x99, 0x66, 0x65, 0x65, 0x33, 0x66, 0x66, 
	0x95, 0x65, 0x65, 0x55, 0x39, 0x69, 0x96, 0x65, 
	0x65, 0x66, 0x56, 0x59, 0x65, 0x66, 0x66, 0x56, 
	0x66, 0x66, 0x53, 0x33, 0x33, 0x33, 0x35, 0x69, 
	0x66, 0x95, 0x96, 0x35, 0x55, 0x55, 0x55, 0x57, 
	0x68, 0x35, 0x55, 0x55, 0x55, 0x65, 0x35, 0x53, 
	0x59, 0x83, 0x53, 0x55, 0x55, 0x35, 0x33, 0x83, 
	0x33, 0x58, 0x88, 0xaa, 0x99, 0xa9, 0x68, 0x56, 
	0x55, 0x96, 0x56, 0x55, 0x35, 0x55, 0x56, 0x53, 
	0x53, 0x55, 0x55, 0x35, 0x85, 0x39, 0x35, 0x55, 
	0x58, 0x55, 0x85, 0x36, 0x35, 0x38, 0x55, 0x33, 
	0x33, 0x88, 0x88, 0x98, 0x53, 0x58, 0x83, 0x36, 
	0x66, 0x99, 0x67, 0x65, 0x55, 0x55, 0x56, 0x57, 
	0x56, 0x55, 0x65, 0x55, 0x89, 0x35, 0x35, 0x55, 
	0x96, 0x53, 0x63, 0x35, 0x55, 0x38, 0x88, 0x33, 
	0x33, 0x88, 0x38, 0x98, 0x35, 0x3b, 0x13, 0x35, 
	0x66, 0x66, 0x95, 0x53, 0x85, 0x66, 0x65, 0x53, 
	0x55, 0x55, 0x35, 0x55, 0x85, 0x35, 0x35, 0x55, 
	0x93, 0x85, 0x88, 0x83, 0x38, 0x85, 0x38, 0x58, 
	0x58, 0x85, 0x88, 0x95, 0x55, 0x53, 0x88, 0x35, 
	0x66, 0x65, 0x53, 0x66, 0x35, 0x53, 0x66, 0x33, 
	0x55, 0x85, 0x55, 0x55, 0x36, 0x55, 0x55, 0x55, 
	0x93, 0x5a, 0x99, 0x96, 0x59, 0x85, 0x85, 0x38, 
	0x33, 0x38, 0x38, 0x95, 0x35, 0x33, 0x38, 0x55, 
	0x66, 0x95, 0x53, 0x33, 0x68, 0x53, 0x53, 0x55, 
	0x33, 0x33, 0x33, 0x35, 0x55, 0x55, 0x35, 0x55, 
	0x93, 0x93, 0x33, 0x83, 0x88, 0x53, 0x38, 0x85, 
	0x38, 0x38, 0x81, 0x93, 0x55, 0x53, 0x83, 0x36, 
	0x36, 0x96, 0x57, 0x44, 0x43, 0x86, 0x35, 0x35, 
	0x99, 0x96, 0x55, 0x65, 0x93, 0x55, 0x35, 0x55, 
	0x93, 0x55, 0x63, 0x38, 0x58, 0x55, 0x88, 0x33, 
	0x33, 0x88, 0x88, 0xa5, 0x55, 0x51, 0x88, 0x55, 
	0x36, 0x66, 0x58, 0x33, 0x35, 0x53, 0x58, 0x18, 
	0x88, 0x88, 0x13, 0x88, 0x55, 0x55, 0x35, 0x55, 
	0x93, 0x55, 0x55, 0x36, 0x86, 0x55, 0x33, 0x33, 
	0x33, 0x33, 0x31, 0x95, 0x55, 0x57, 0x88, 0x56, 
	0x76, 0x96, 0x38, 0x33, 0x55, 0x35, 0x67, 0x77, 
	0x67, 0x77, 0x63, 0x76, 0x35, 0x59, 0x37, 0x33, 
	0x55, 0x56, 0x55, 0x55, 0x55, 0x68, 0x35, 0x55, 
	0x55, 0x55, 0x55, 0x55, 0x55, 0x54, 0x38, 0x55, 
	0x6a, 0x63, 0x53, 0x83, 0x65, 0x55, 0x53, 0x53, 
	0x35, 0x55, 0x35, 0x55, 0x85, 0x35, 0x35, 0x56, 
	0x65, 0x55, 0x55, 0x65, 0x77, 0x55, 0x69, 0x99, 
	0x99, 0x9a, 0x99, 0x99, 0x99, 0x64, 0x88, 0x35, 
	0x66, 0x53, 0x38, 0x35, 0x83, 0x85, 0x55, 0x58, 
	0x55, 0x55, 0x9a, 0x9a, 0x9a, 0xa9, 0x99, 0x9a, 
	0x95, 0x55, 0x55, 0x85, 0x55, 0x55, 0x38, 0x35, 
	0x55, 0x58, 0x83, 0x88, 0x88, 0x81, 0x88, 0x33, 
	0x66, 0x98, 0x59, 0x55, 0x95, 0x56, 0x96, 0x95, 
	0x95, 0x96, 0x55, 0x55, 0x55, 0x55, 0x55, 0x55, 
	0x59, 0x69, 0x55, 0x95, 0x99, 0x99, 0x59, 0x66, 
	0x55, 0x85, 0x53, 0x55, 0x58, 0x95, 0x88, 0x56, 
	0x93, 0x66, 0x15, 0x37, 0x73, 0x33, 0x35, 0x33, 
	0x38, 0x53, 0x55, 0x55, 0x35, 0x35, 0x55, 0x56, 
	0x65, 0x55, 0x58, 0x58, 0x55, 0x35, 0x86, 0x85, 
	0x55, 0x69, 0x56, 0x56, 0x93, 0x93, 0x99, 0x66, 
	0x47, 0x77, 0x97, 0x79, 0x9c, 0xa4, 0x77, 0x77, 
	0x74, 0x77, 0x41, 0x9a, 0x79, 0x67, 0x47, 0xbc, 
	0x47, 0x77, 0x97, 0x79, 0x9c, 0xa4, 0x77, 0x77, 
	0x74, 0x77, 0x41, 0x9a, 0x79, 0x67, 0x47, 0xbc, 
	0xcb, 0xcb, 0xbc, 0xbd, 0xdd, 0xdc, 0xcc, 0xcc, 
	0xcc, 0xcc, 0xdd, 0xdb, 0xcb, 0xc4, 0xcc, 0xcc, 
	0xcb, 0xcb, 0xbc, 0xbd, 0xdd, 0xdc, 0xcc, 0xcc, 
	0xcc, 0xcc, 0xdd, 0xdb, 0xcb, 0xc4, 0xcc, 0xc4, 
	0xcb, 0xcb, 0xbc, 0xbe, 0xcc, 0xdc, 0xdd, 0xdd, 
	0xdd, 0xcd, 0xcc, 0xcc, 0xcb, 0xeb, 0xbc, 0xb7, 
	0xcb, 0xcb, 0xbc, 0xbe, 0xcc, 0xdc, 0xdd, 0xdd, 
	0xdd, 0xcd, 0xcc, 0xcc, 0xcb, 0xeb, 0xbc, 0xb7, 
	0xbb, 0xcc, 0xbc, 0xcc, 0xcc, 0xcd, 0xcd, 0xce, 
	0xcc, 0xcc, 0xcc, 0xce, 0xbb, 0xec, 0xbc, 0x74, 
	0xbb, 0xcc, 0xbc, 0xcc, 0xcc, 0xcd, 0xcd, 0xce, 
	0xcc, 0xcc, 0xcc, 0xce, 0xbb, 0xec, 0xbc, 0x7c, 
	0x74, 0x44, 0x7b, 0xdb, 0xce, 0xbc, 0xcc, 0xdd, 
	0xdb, 0xd4, 0xce, 0xcc, 0xc4, 0x74, 0x44, 0x4b, 
	0x74, 0x44, 0x7b, 0xdb, 0xce, 0xbc, 0xcc, 0xdd, 
	0xdb, 0xd4, 0xce, 0xcc, 0xc4, 0x74, 0x44, 0x4e, 
	0xbc, 0xcc, 0x74, 0x4c, 0x44, 0xb4, 0x44, 0xec, 
	0xc7, 0x7c, 0x4b, 0x4b, 0xb7, 0xfc, 0xcc, 0xbc, 
	0xbc, 0xcc, 0x74, 0x4c, 0x44, 0xb4, 0x44, 0xec, 
	0xc7, 0x7c, 0x4b, 0xbb, 0xb7, 0xfc, 0xcc, 0xbb, 
	0x44, 0x44, 0x44, 0xb4, 0xbb, 0xcb, 0xbb, 0xbb, 
	0xbb, 0xbb, 0xbb, 0xff, 0xef, 0xcc, 0xff, 0xcf, 
	0xbf, 0xfc, 0xce, 0xeb, 0xfb, 0xbb, 0xbb, 0xbb, 
	0xbb, 0xbf, 0xbb, 0xbb, 0xb4, 0x44, 0x44, 0x44, 
	0xff, 0xee, 0xee, 0xee, 0xee, 0xee, 0xee, 0xee, 
	0xee, 0xee, 0xee, 0xee, 0xee, 0xee, 0xee, 0xee, 
	0xee, 0xee, 0xee, 0xee, 0xee, 0xee, 0xee, 0xee, 
	0xee, 0xee, 0xee, 0xee, 0xee, 0xee, 0xee, 0xff, 
	0xfe, 0xee, 0xee, 0xee, 0xee, 0xee, 0xee, 0xee, 
	0xee, 0xee, 0xee, 0xee, 0xee, 0xee, 0xee, 0xee, 
	0xee, 0xee, 0xee, 0xee, 0xee, 0xee, 0xee, 0xee, 
	0xee, 0xee, 0xee, 0xee, 0xee, 0xee, 0xee, 0xff, 
	0xfe, 0xee, 0xee, 0xee, 0xee, 0xee, 0xee, 0xee, 
	0xee, 0xee, 0xee, 0xee, 0xee, 0xee, 0xee, 0xee, 
	0xee, 0xee, 0xee, 0xee, 0xee, 0xee, 0xee, 0xee, 
	0xee, 0xee, 0xee, 0xee, 0xee, 0xee, 0xee, 0xef, 
	0xfe, 0xee, 0xee, 0xee, 0xee, 0xee, 0xee, 0xee, 
	0xee, 0xee, 0xee, 0xee, 0xee, 0xee, 0xee, 0xee, 
	0xef, 0xee, 0xee, 0xee, 0xee, 0xee, 0xee, 0xee, 
	0xee, 0xee, 0xee, 0xee, 0xee, 0xee, 0xee, 0xff, 
	0xfe, 0xee, 0xee, 0xee, 0xee, 0xee, 0xee, 0xee, 
	0xee, 0xee, 0xee, 0xee, 0xee, 0xee, 0xee, 0xee, 
	0xee, 0xee, 0xee, 0xee, 0xee, 0xee, 0xee, 0xee, 
	0xee, 0xee, 0xee, 0xee, 0xee, 0xee, 0xee, 0xff, 
	0xfe, 0xee, 0xee, 0xee, 0xee, 0xee, 0xee, 0xee, 
	0xee, 0xee, 0xee, 0xee, 0xee, 0xee, 0xef, 0xee, 
	0xef, 0xfe, 0xee, 0xee, 0xee, 0xee, 0xee, 0xee, 
	0xee, 0xee, 0xee, 0xee, 0xee, 0xee, 0xee, 0xff, 
	0xff, 0xee, 0xee, 0xee, 0xee, 0xee, 0xee, 0xee, 
	0xee, 0xee, 0xee, 0xee, 0xee, 0xee, 0xee, 0xef, 
	0xfe, 0xfe, 0xee, 0xee, 0xee, 0xee, 0xee, 0xee, 
	0xee, 0xee, 0xee, 0xee, 0xee, 0xee, 0xef, 0xff, 
	0xff, 0xfe, 0xee, 0xee, 0xee, 0xee, 0xee, 0xee, 
	0xee, 0xee, 0xee, 0xee, 0xee, 0xee, 0xef, 0xfe, 
	0xff, 0xee, 0xee, 0xee, 0xee, 0xee, 0xee, 0xee, 
	0xee, 0xee, 0xee, 0xee, 0xee, 0xee, 0xef, 0xff, 
	0xff, 0xfe, 0xee, 0xee, 0xee, 0xee, 0xee, 0xee, 
	0xee, 0xee, 0xee, 0xee, 0xee, 0xee, 0xef, 0xff, 
	0xff, 0xfe, 0xee, 0xee, 0xee, 0xee, 0xee, 0xee, 
	0xee, 0xee, 0xee, 0xee, 0xee, 0xee, 0xef, 0xff, 
	0xff, 0xfe, 0xee, 0xee, 0xee, 0xee, 0xee, 0xee, 
	0xee, 0xee, 0xee, 0xee, 0xee, 0xee, 0xef, 0xfe, 
	0xff, 0xfe, 0xfe, 0xee, 0xee, 0xee, 0xee, 0xee, 
	0xee, 0xee, 0xee, 0xee, 0xee, 0xee, 0xef, 0xff, 
	0xff, 0xfe, 0xee, 0xee, 0xee, 0xee, 0xee, 0xee, 
	0xee, 0xee, 0xee, 0xee, 0xee, 0xef, 0xff, 0xff, 
	0xff, 0xff, 0xfe, 0xee, 0xee, 0xee, 0xee, 0xee, 
	0xee, 0xee, 0xee, 0xee, 0xee, 0xee, 0xef, 0xff, 
	0xff, 0xfe, 0xee, 0xee, 0xee, 0xee, 0xef, 0xee, 
	0xee, 0xee, 0xfe, 0xee, 0xef, 0xfe, 0xff, 0xff, 
	0xff, 0xff, 0xee, 0xff, 0xfe, 0xef, 0xee, 0xee, 
	0xef, 0xee, 0xee, 0xee, 0xee, 0xee, 0xff, 0xff, 
	0xff, 0xfe, 0xee, 0xfe, 0xee, 0xee, 0xee, 0xee, 
	0xef, 0xee, 0xee, 0xfe, 0xff, 0xff, 0xff, 0xff, 
	0xff, 0xff, 0xfe, 0xff, 0xff, 0xee, 0xee, 0xee, 
	0xee, 0xee, 0xee, 0xee, 0xee, 0xef, 0xff, 0xff, 
	0xff, 0xff, 0xfe, 0xfe, 0xee, 0xee, 0xef, 0xff, 
	0xff, 0xff, 0xff, 0xff, 0xff, 0xff, 0xff, 0xff, 
	0xff, 0xff, 0xfe, 0xff, 0xff, 0xff, 0xef, 0xef, 
	0xff, 0xfe, 0xee, 0xee, 0xfe, 0xff, 0xff, 0xff, 
	0xff, 0xfe, 0xff, 0xef, 0xfe, 0xee, 0xff, 0xff, 
	0xff, 0xff, 0xff, 0xff, 0xff, 0xff, 0xff, 0xff, 
	0xff, 0xff, 0xff, 0xff, 0xff, 0xff, 0xff, 0xff, 
	0xff, 0xfe, 0xee, 0xef, 0xef, 0xff, 0xff, 0xff, 
	0xff, 0xfe, 0xff, 0xff, 0xfe, 0xef, 0xff, 0xff, 
	0xff, 0xff, 0xff, 0xff, 0xff, 0xff, 0xff, 0xff, 
	0xff, 0xff, 0xff, 0xff, 0xff, 0xff, 0xff, 0xff, 
	0xff, 0xff, 0xfe, 0xfe, 0xff, 0xff, 0xff, 0xff, 
	0xff, 0xfe, 0xff, 0xef, 0xff, 0xff, 0xff, 0xff, 
	0xff, 0xff, 0xff, 0xff, 0xff, 0xff, 0xff, 0xff, 
	0xff, 0xff, 0xfe, 0xff, 0xff, 0xff, 0xff, 0xff, 
	0xff, 0xff, 0xef, 0xff, 0xef, 0xef, 0xff, 0xff, 
	0xff, 0xff, 0xff, 0xff, 0xff, 0xff, 0xff, 0xff, 
	0xff, 0xff, 0xff, 0xff, 0xff, 0xff, 0xff, 0xff, 
	0xff, 0xff, 0xff, 0xfb, 0xff, 0xff, 0xff, 0xff, 
	0xff, 0xff, 0xff, 0xff, 0xff, 0xff, 0xff, 0xff, 
	0xbb, 0xbb, 0xbb, 0xbb, 0xbf, 0xfb, 0xbb, 0xbf, 
	0xbb, 0xbb, 0xbf, 0xbb, 0xbb, 0xbb, 0xfb, 0xfb, 
	0xfb, 0xbb, 0xbb, 0xbb, 0xbf, 0xbb, 0xbb, 0xbf, 
	0xfb, 0xbb, 0xbf, 0xbf, 0xbb, 0xbb, 0xbf, 0xbb, 
	0x22, 0x22, 0x22, 0x22, 0x22, 0x22, 0x22, 0x22, 
	0x22, 0x22, 0x22, 0x22, 0x22, 0x22, 0x22, 0x22, 
	0x22, 0x22, 0x22, 0x22, 0x22, 0x22, 0x22, 0x22, 
	0x22, 0x22, 0x22, 0x22, 0x22, 0x22, 0x22, 0x22, 
	0x01, 0x00, 0x00, 0x00, 0x00, 0x00, 0x00, 0x00, 
	0x02, 0x00, 0x00, 0x00, 0x00, 0x00, 0x00, 0x00, 
	0x00, 0x00, 0x00, 0x01, 0x00, 0x00, 0x00, 0x00, 
	0x00, 0x00, 0x20, 0x00, 0x00, 0x00, 0x00, 0x10, 
	0x88, 0x88, 0x83, 0x88, 0x88, 0x88, 0x83, 0x88, 
	0x88, 0x88, 0x58, 0x88, 0x38, 0x88, 0x88, 0x88, 
	0x88, 0x88, 0x83, 0x88, 0x88, 0x83, 0x88, 0x88, 
	0x85, 0x88, 0x88, 0x88, 0x88, 0x38, 0x88, 0x88, 
	0x55, 0x55, 0x55, 0x85, 0x55, 0x55, 0x55, 0x55, 
	0x55, 0x55, 0x55, 0x55, 0x55, 0x55, 0x55, 0x88, 
	0x88, 0x55, 0x55, 0x53, 0x55, 0x55, 0x55, 0x55, 
	0x55, 0x55, 0x55, 0x55, 0x55, 0x55, 0x55, 0x55, 
	0x56, 0x55, 0x65, 0x65, 0x55, 0x56, 0x65, 0x55, 
	0x65, 0x55, 0x56, 0x65, 0x55, 0x55, 0x55, 0x85, 
	0x85, 0x55, 0x55, 0x55, 0x65, 0x55, 0x66, 0x56, 
	0x65, 0x55, 0x56, 0x55, 0x55, 0x56, 0x55, 0x65, 
	0xaa, 0xaa, 0xaa, 0xaa, 0xaa, 0xaa, 0xaa, 0xaa, 
	0xaa, 0xaa, 0xaa, 0xaa, 0xaa, 0xaa, 0xa9, 0x99, 
	0x99, 0x9a, 0xaa, 0xaa, 0xaa, 0xaa, 0xaa, 0xaa, 
	0xaa, 0xaa, 0xaa, 0xaa, 0xaa, 0xaa, 0xaa, 0xaa, 
	
};

ALIGNED8 u8 ss1_space_space128_9_pal_rgba16[] = {
	0x63, 0x67, 0x5b, 0x63, 0x7c, 0x2b, 0x3a, 0x59, 
	0x63, 0x5b, 0x29, 0x93, 0x29, 0x4f, 0x4a, 0x53, 
	0x4a, 0x1b, 0x10, 0xc9, 0x18, 0xc5, 0x8c, 0x63, 
	0xa5, 0x69, 0xff, 0xff, 0xbd, 0x6b, 0xad, 0x27, 
	
};

ALIGNED8 u8 ss1_space_space32_2_ci8[] = {
	0x00, 0x01, 0x02, 0x03, 0x04, 0x05, 0x06, 0x07, 
	0x06, 0x08, 0x09, 0x0a, 0x0b, 0x0b, 0x0b, 0x0c, 
	0x0c, 0x0d, 0x0a, 0x0b, 0x0e, 0x0f, 0x0e, 0x10, 
	0x10, 0x0d, 0x0b, 0x0d, 0x0c, 0x0b, 0x0f, 0x0b, 
	0x11, 0x12, 0x13, 0x03, 0x14, 0x15, 0x10, 0x0e, 
	0x01, 0x08, 0x0a, 0x0a, 0x0b, 0x0b, 0x0b, 0x0b, 
	0x0a, 0x0c, 0x0c, 0x0b, 0x16, 0x0f, 0x0e, 0x0c, 
	0x0c, 0x0d, 0x0a, 0x0d, 0x0c, 0x0c, 0x10, 0x07, 
	0x17, 0x18, 0x19, 0x0d, 0x04, 0x05, 0x0d, 0x10, 
	0x1a, 0x1b, 0x0b, 0x0e, 0x0c, 0x0c, 0x0c, 0x0b, 
	0x0b, 0x0d, 0x0c, 0x0b, 0x0f, 0x0b, 0x0b, 0x0e, 
	0x0e, 0x0c, 0x0c, 0x0c, 0x0d, 0x0c, 0x0c, 0x0d, 
	0x17, 0x06, 0x1c, 0x0c, 0x15, 0x05, 0x0d, 0x0d, 
	0x1d, 0x18, 0x0b, 0x0e, 0x0e, 0x0a, 0x0a, 0x0d, 
	0x0a, 0x0d, 0x0c, 0x0c, 0x10, 0x07, 0x0b, 0x0c, 
	0x0c, 0x0c, 0x0c, 0x0c, 0x0c, 0x0c, 0x0c, 0x0b, 
	0x1e, 0x1f, 0x1c, 0x0d, 0x16, 0x0f, 0x10, 0x07, 
	0x1b, 0x0c, 0x0c, 0x0d, 0x0b, 0x0c, 0x0c, 0x0c, 
	0x0c, 0x0c, 0x0d, 0x0c, 0x0c, 0x0d, 0x0b, 0x0c, 
	0x10, 0x0d, 0x0b, 0x0d, 0x0c, 0x0c, 0x0c, 0x07, 
	0x1e, 0x1f, 0x1c, 0x0d, 0x16, 0x0f, 0x10, 0x0e, 
	0x20, 0x1b, 0x20, 0x20, 0x0b, 0x0c, 0x0c, 0x0c, 
	0x0c, 0x0c, 0x0c, 0x0c, 0x0c, 0x0b, 0x0e, 0x0c, 
	0x10, 0x0d, 0x0b, 0x0d, 0x0c, 0x21, 0x10, 0x0c, 
	0x22, 0x23, 0x24, 0x0a, 0x25, 0x0f, 0x18, 0x10, 
	0x01, 0x1b, 0x08, 0x21, 0x0b, 0x0c, 0x0c, 0x0e, 
	0x0b, 0x0d, 0x0c, 0x0c, 0x0c, 0x07, 0x0b, 0x0e, 
	0x0e, 0x0c, 0x0a, 0x0d, 0x0c, 0x21, 0x10, 0x0c, 
	0x26, 0x23, 0x27, 0x03, 0x28, 0x29, 0x0d, 0x0d, 
	0x06, 0x1b, 0x0b, 0x0b, 0x0c, 0x0c, 0x0c, 0x0c, 
	0x0c, 0x0c, 0x08, 0x21, 0x10, 0x0c, 0x0b, 0x0c, 
	0x10, 0x0c, 0x0c, 0x0c, 0x0c, 0x10, 0x10, 0x0c, 
	0x22, 0x01, 0x2a, 0x03, 0x28, 0x28, 0x0f, 0x0d, 
	0x06, 0x0c, 0x0b, 0x0d, 0x0c, 0x0c, 0x0c, 0x0c, 
	0x0c, 0x0c, 0x21, 0x21, 0x10, 0x0c, 0x0b, 0x0b, 
	0x21, 0x08, 0x0c, 0x0c, 0x0c, 0x10, 0x10, 0x0c, 
	0x00, 0x2b, 0x2c, 0x03, 0x05, 0x28, 0x16, 0x0d, 
	0x20, 0x0c, 0x0c, 0x08, 0x0c, 0x0c, 0x0c, 0x0c, 
	0x0c, 0x0c, 0x10, 0x10, 0x10, 0x0c, 0x0b, 0x0e, 
	0x2d, 0x0c, 0x0e, 0x0d, 0x0c, 0x10, 0x21, 0x0c, 
	0x00, 0x18, 0x13, 0x16, 0x05, 0x05, 0x16, 0x21, 
	0x20, 0x0c, 0x2e, 0x2f, 0x0c, 0x0c, 0x0c, 0x0c, 
	0x0c, 0x0d, 0x0c, 0x10, 0x10, 0x0c, 0x0c, 0x10, 
	0x10, 0x0d, 0x0c, 0x0c, 0x0c, 0x10, 0x10, 0x10, 
	0x00, 0x18, 0x1a, 0x0f, 0x05, 0x05, 0x0f, 0x10, 
	0x06, 0x07, 0x0b, 0x0c, 0x10, 0x10, 0x10, 0x0d, 
	0x0c, 0x0d, 0x0d, 0x10, 0x21, 0x0c, 0x0c, 0x07, 
	0x10, 0x0c, 0x0c, 0x0c, 0x0e, 0x0c, 0x0c, 0x10, 
	0x17, 0x18, 0x30, 0x31, 0x32, 0x32, 0x31, 0x33, 
	0x20, 0x0c, 0x2e, 0x0c, 0x0c, 0x0c, 0x0c, 0x0c, 
	0x0c, 0x0c, 0x0c, 0x10, 0x10, 0x21, 0x0c, 0x09, 
	0x0c, 0x0c, 0x0c, 0x0c, 0x0d, 0x0c, 0x10, 0x10, 
	0x17, 0x34, 0x1f, 0x0d, 0x29, 0x35, 0x36, 0x10, 
	0x20, 0x07, 0x2e, 0x0c, 0x0c, 0x0c, 0x0c, 0x0c, 
	0x0c, 0x0c, 0x0c, 0x0c, 0x0c, 0x10, 0x10, 0x07, 
	0x0c, 0x0c, 0x0c, 0x0c, 0x0d, 0x0d, 0x10, 0x21, 
	0x1e, 0x1f, 0x1c, 0x0d, 0x16, 0x0f, 0x33, 0x0c, 
	0x06, 0x0c, 0x0d, 0x1b, 0x0c, 0x0c, 0x0c, 0x0c, 
	0x0c, 0x0c, 0x0c, 0x10, 0x0c, 0x10, 0x10, 0x10, 
	0x10, 0x0c, 0x0c, 0x0c, 0x0c, 0x0c, 0x10, 0x10, 
	0x1e, 0x1f, 0x1c, 0x0d, 0x16, 0x0f, 0x10, 0x10, 
	0x37, 0x0e, 0x0d, 0x0c, 0x0c, 0x10, 0x10, 0x0c, 
	0x10, 0x0d, 0x0e, 0x10, 0x21, 0x07, 0x21, 0x38, 
	0x21, 0x0c, 0x0c, 0x0c, 0x0c, 0x0c, 0x0c, 0x0c, 
	0x22, 0x1c, 0x01, 0x0a, 0x25, 0x0f, 0x18, 0x20, 
	0x20, 0x08, 0x08, 0x08, 0x08, 0x10, 0x10, 0x0c, 
	0x0d, 0x0d, 0x0d, 0x10, 0x21, 0x21, 0x21, 0x38, 
	0x2d, 0x0c, 0x10, 0x10, 0x0c, 0x0c, 0x10, 0x0c, 
	0x26, 0x1a, 0x23, 0x0f, 0x39, 0x29, 0x0d, 0x37, 
	0x38, 0x07, 0x0c, 0x2f, 0x21, 0x0c, 0x0c, 0x0c, 
	0x0c, 0x0c, 0x0c, 0x0c, 0x0c, 0x21, 0x21, 0x37, 
	0x2d, 0x0c, 0x0c, 0x0c, 0x0d, 0x0e, 0x10, 0x21, 
	0x22, 0x01, 0x2a, 0x03, 0x28, 0x28, 0x0f, 0x0c, 
	0x21, 0x0e, 0x0d, 0x1b, 0x0c, 0x0c, 0x0c, 0x0c, 
	0x0c, 0x0c, 0x0c, 0x21, 0x0c, 0x0c, 0x08, 0x10, 
	0x10, 0x0c, 0x0c, 0x0c, 0x0d, 0x0d, 0x10, 0x21, 
	0x00, 0x2b, 0x2c, 0x3a, 0x05, 0x28, 0x16, 0x07, 
	0x34, 0x33, 0x10, 0x10, 0x0c, 0x0c, 0x0c, 0x0c, 
	0x0c, 0x0c, 0x0c, 0x21, 0x10, 0x10, 0x0c, 0x0d, 
	0x0d, 0x0c, 0x0c, 0x0c, 0x0c, 0x0c, 0x0c, 0x0c, 
	0x22, 0x18, 0x13, 0x0f, 0x04, 0x05, 0x0b, 0x0c, 
	0x06, 0x10, 0x08, 0x3b, 0x08, 0x3c, 0x3c, 0x0c, 
	0x0c, 0x0c, 0x0c, 0x0c, 0x0c, 0x10, 0x10, 0x33, 
	0x0d, 0x0d, 0x10, 0x10, 0x0c, 0x0c, 0x21, 0x0c, 
	0x3d, 0x0d, 0x3e, 0x0d, 0x05, 0x05, 0x0f, 0x21, 
	0x1b, 0x0c, 0x08, 0x3f, 0x08, 0x0c, 0x0c, 0x0c, 
	0x0c, 0x08, 0x21, 0x0c, 0x0d, 0x10, 0x18, 0x33, 
	0x0e, 0x0d, 0x10, 0x10, 0x0c, 0x0c, 0x21, 0x10, 
	0x17, 0x06, 0x1c, 0x0c, 0x15, 0x05, 0x0d, 0x38, 
	0x3f, 0x09, 0x08, 0x10, 0x0c, 0x08, 0x08, 0x07, 
	0x08, 0x08, 0x21, 0x08, 0x0c, 0x0d, 0x33, 0x33, 
	0x10, 0x33, 0x10, 0x33, 0x10, 0x0c, 0x0c, 0x10, 
	0x1e, 0x1f, 0x1c, 0x0d, 0x16, 0x0f, 0x10, 0x1a, 
	0x06, 0x0c, 0x21, 0x10, 0x37, 0x40, 0x1f, 0x1d, 
	0x1d, 0x10, 0x1d, 0x06, 0x20, 0x1c, 0x1c, 0x1a, 
	0x06, 0x06, 0x10, 0x1b, 0x06, 0x1b, 0x10, 0x10, 
	0x1e, 0x1f, 0x1c, 0x0c, 0x16, 0x0f, 0x10, 0x1a, 
	0x06, 0x10, 0x21, 0x21, 0x06, 0x41, 0x42, 0x1a, 
	0x1a, 0x06, 0x06, 0x20, 0x20, 0x1a, 0x3e, 0x43, 
	0x1a, 0x1a, 0x06, 0x06, 0x06, 0x1b, 0x0c, 0x0d, 
	0x22, 0x23, 0x24, 0x0a, 0x25, 0x0a, 0x18, 0x1b, 
	0x10, 0x0d, 0x0a, 0x0b, 0x0f, 0x44, 0x36, 0x33, 
	0x10, 0x18, 0x0d, 0x0f, 0x16, 0x0b, 0x0f, 0x0d, 
	0x10, 0x10, 0x18, 0x0d, 0x0f, 0x45, 0x45, 0x46, 
	0x26, 0x01, 0x1a, 0x16, 0x05, 0x46, 0x0a, 0x10, 
	0x0f, 0x46, 0x29, 0x05, 0x05, 0x32, 0x35, 0x0f, 
	0x0f, 0x0f, 0x29, 0x28, 0x28, 0x05, 0x05, 0x05, 
	0x0f, 0x0f, 0x0f, 0x29, 0x28, 0x47, 0x05, 0x48, 
	0x22, 0x1b, 0x18, 0x45, 0x49, 0x45, 0x16, 0x16, 
	0x29, 0x29, 0x15, 0x04, 0x05, 0x32, 0x29, 0x16, 
	0x16, 0x25, 0x39, 0x28, 0x05, 0x04, 0x05, 0x15, 
	0x16, 0x16, 0x25, 0x28, 0x28, 0x05, 0x05, 0x48, 
	0x4a, 0x18, 0x0d, 0x0a, 0x0d, 0x0a, 0x0d, 0x0a, 
	0x0a, 0x03, 0x03, 0x0f, 0x0f, 0x36, 0x0d, 0x0d, 
	0x0d, 0x0a, 0x0f, 0x03, 0x3a, 0x0f, 0x0d, 0x0c, 
	0x0d, 0x0d, 0x0a, 0x03, 0x03, 0x25, 0x16, 0x0b, 
	0x4b, 0x1d, 0x13, 0x2a, 0x1c, 0x1c, 0x1c, 0x24, 
	0x27, 0x1a, 0x4c, 0x13, 0x01, 0x30, 0x1f, 0x1c, 
	0x1c, 0x01, 0x3e, 0x2a, 0x2c, 0x13, 0x3e, 0x1c, 
	0x1c, 0x1c, 0x24, 0x27, 0x2a, 0x1d, 0x1f, 0x23, 
	0x22, 0x10, 0x12, 0x18, 0x06, 0x1f, 0x1f, 0x23, 
	0x23, 0x01, 0x06, 0x18, 0x3c, 0x18, 0x34, 0x1f, 
	0x1f, 0x1c, 0x1a, 0x01, 0x2b, 0x18, 0x0d, 0x06, 
	0x1f, 0x1f, 0x23, 0x23, 0x01, 0x4d, 0x33, 0x4e, 
	0x00, 0x00, 0x11, 0x17, 0x17, 0x1e, 0x1e, 0x22, 
	0x26, 0x22, 0x00, 0x00, 0x00, 0x17, 0x17, 0x1e, 
	0x1e, 0x22, 0x26, 0x22, 0x00, 0x22, 0x3d, 0x17, 
	0x1e, 0x1e, 0x22, 0x26, 0x22, 0x00, 0x4f, 0x50, 
	
};

ALIGNED8 u8 ss1_space_space32_2_pal_rgba16[] = {
	0x51, 0xa3, 0x9b, 0x73, 0x93, 0xf3, 0x7a, 0xaf, 
	0x61, 0xab, 0x61, 0xa9, 0x93, 0x71, 0x8a, 0xed, 
	0x92, 0xef, 0x8a, 0xad, 0x82, 0xaf, 0x82, 0xad, 
	0x8a, 0xef, 0x82, 0xef, 0x82, 0xed, 0x7a, 0xad, 
	0x8b, 0x2f, 0x59, 0xa5, 0x93, 0x33, 0x93, 0xb3, 
	0x69, 0xab, 0x69, 0xeb, 0x7a, 0x6d, 0x51, 0x65, 
	0x8b, 0x31, 0x9b, 0xf5, 0x9b, 0xb3, 0x93, 0x31, 
	0x9b, 0xb1, 0x8b, 0x71, 0x51, 0xa5, 0x93, 0xb1, 
	0x9b, 0x71, 0x93, 0x2f, 0x49, 0xa3, 0xa3, 0xb3, 
	0xa3, 0x73, 0x72, 0x6d, 0x49, 0xe3, 0xa3, 0xf5, 
	0x59, 0xa9, 0x6a, 0x2b, 0x9b, 0xf3, 0x93, 0x73, 
	0x8b, 0xb3, 0x8b, 0x2d, 0x8a, 0xaf, 0x92, 0xf1, 
	0x93, 0xf1, 0x7b, 0x2d, 0x62, 0x29, 0x83, 0x2f, 
	0x8b, 0x6f, 0x61, 0xe9, 0x7a, 0xed, 0x93, 0x6f, 
	0x9b, 0x6f, 0x59, 0xe9, 0x72, 0xad, 0x9a, 0xef, 
	0x8a, 0xf1, 0x41, 0x23, 0xa3, 0xf3, 0x9b, 0x2f, 
	0x83, 0xef, 0x94, 0x31, 0xa4, 0x33, 0xac, 0x75, 
	0x72, 0xeb, 0x72, 0x2d, 0x72, 0x2b, 0x59, 0x69, 
	0x59, 0x67, 0x61, 0xeb, 0x51, 0xe5, 0x5a, 0x25, 
	0x8b, 0xb1, 0x8b, 0x33, 0x72, 0xab, 0x41, 0x61, 
	0x28, 0xdb, 
};

ALIGNED8 u8 ss1_space_vs256_1_ci4[] = {
	0x00, 0x00, 0x00, 0x00, 0x00, 0x00, 0x01, 0x11, 
	0x22, 0x34, 0x56, 0x66, 0x74, 0x44, 0x45, 0x44, 
	0x44, 0x76, 0x66, 0x66, 0x66, 0x66, 0x66, 0x66, 
	0x77, 0x44, 0x47, 0x83, 0x33, 0x33, 0x33, 0x33, 
	0x99, 0x03, 0x33, 0x33, 0x30, 0x00, 0x01, 0x11, 
	0x12, 0x34, 0x77, 0x8a, 0x66, 0x66, 0x66, 0x66, 
	0x66, 0x66, 0xaa, 0xaa, 0xaa, 0xba, 0xbb, 0xa6, 
	0x65, 0x55, 0x75, 0x81, 0x07, 0x07, 0x70, 0x87, 
	0x99, 0x03, 0x23, 0x33, 0x30, 0x00, 0x91, 0x11, 
	0x12, 0x35, 0x26, 0x48, 0x77, 0x77, 0x77, 0x77, 
	0x78, 0x77, 0x77, 0x77, 0x77, 0x77, 0x77, 0x88, 
	0x88, 0x86, 0x75, 0x81, 0x82, 0x82, 0x88, 0x82, 
	0x99, 0x03, 0x22, 0x22, 0x30, 0x00, 0x91, 0x12, 
	0x12, 0x35, 0x26, 0xa4, 0x75, 0x66, 0x66, 0x55, 
	0x55, 0x77, 0x44, 0x44, 0x44, 0x46, 0xaa, 0xaa, 
	0xb8, 0x86, 0x77, 0x83, 0x31, 0x12, 0x21, 0x21, 
	0x99, 0x03, 0x33, 0x33, 0x30, 0x55, 0x50, 0x00, 
	0x28, 0x35, 0x2b, 0x86, 0x55, 0x7a, 0xaa, 0xa6, 
	0x67, 0x74, 0x55, 0x55, 0x54, 0xaa, 0xaa, 0xab, 
	0xa8, 0x76, 0x74, 0x81, 0x38, 0x88, 0x82, 0x31, 
	0x99, 0x03, 0x38, 0x82, 0x39, 0x97, 0x78, 0x88, 
	0x38, 0x35, 0x2b, 0x77, 0x77, 0x77, 0x88, 0x88, 
	0x87, 0x45, 0x55, 0x55, 0x55, 0x44, 0x78, 0x88, 
	0x87, 0x76, 0x74, 0x83, 0x28, 0x82, 0x21, 0x78, 
	0x09, 0x03, 0x32, 0x82, 0x30, 0x09, 0x91, 0x33, 
	0x38, 0x34, 0x2b, 0x77, 0x44, 0x44, 0x77, 0x77, 
	0x74, 0x55, 0x66, 0x5a, 0xaa, 0xaa, 0xaa, 0xaa, 
	0xa7, 0x76, 0x45, 0x83, 0x32, 0x28, 0x78, 0x22, 
	0x99, 0x03, 0x33, 0x78, 0x39, 0x00, 0x02, 0x33, 
	0x38, 0x25, 0x77, 0x77, 0x45, 0x55, 0x56, 0x44, 
	0x55, 0x56, 0x66, 0x55, 0x55, 0x7a, 0xaa, 0xaa, 
	0x6b, 0x76, 0x44, 0x83, 0x38, 0x42, 0x23, 0x28, 
	0x99, 0x03, 0x33, 0x83, 0x30, 0xa0, 0x00, 0x00, 
	0x18, 0x34, 0x66, 0xa7, 0xaa, 0xaa, 0xb4, 0x45, 
	0x55, 0x65, 0x65, 0x55, 0x55, 0x57, 0x77, 0x77, 
	0x4b, 0x76, 0x45, 0x83, 0x38, 0x23, 0x21, 0x88, 
	0x99, 0x03, 0x23, 0x73, 0x30, 0x97, 0x78, 0x88, 
	0x38, 0x25, 0x87, 0x77, 0x74, 0x44, 0x45, 0x55, 
	0x65, 0x5a, 0xa6, 0x55, 0x66, 0x55, 0x55, 0x44, 
	0x4b, 0x46, 0x45, 0x23, 0x23, 0x82, 0x82, 0x23, 
	0x99, 0x03, 0x32, 0x23, 0x30, 0x09, 0x91, 0x22, 
	0x18, 0x24, 0x76, 0x66, 0x6b, 0xa4, 0x5a, 0x55, 
	0x55, 0xaa, 0x65, 0x66, 0x6a, 0x66, 0x66, 0x55, 
	0x5b, 0x46, 0x45, 0x82, 0x32, 0x82, 0x22, 0x38, 
	0x99, 0x03, 0x22, 0x33, 0x30, 0x00, 0x01, 0x12, 
	0x18, 0x85, 0x7a, 0xa6, 0x44, 0x46, 0xb5, 0x55, 
	0x56, 0xa5, 0x55, 0x66, 0xaa, 0x66, 0x66, 0x65, 
	0x5b, 0x7a, 0x44, 0x83, 0x22, 0x23, 0x28, 0x82, 
	0x99, 0x03, 0x33, 0x32, 0x30, 0x00, 0x01, 0x11, 
	0x17, 0x24, 0x74, 0x74, 0x66, 0x6a, 0x55, 0x46, 
	0xaa, 0x45, 0x56, 0x66, 0xaa, 0xa6, 0x66, 0x65, 
	0x5b, 0x7a, 0x45, 0x83, 0x33, 0x27, 0x82, 0x33, 
	0x99, 0x03, 0x33, 0x33, 0x30, 0x00, 0x01, 0x11, 
	0x18, 0x25, 0x54, 0x44, 0x44, 0x55, 0x54, 0x6a, 
	0xa4, 0x45, 0x66, 0x66, 0xaa, 0xa6, 0x65, 0x54, 
	0x44, 0x7a, 0x45, 0x83, 0x22, 0x72, 0x31, 0x12, 
	0x99, 0x00, 0x00, 0x99, 0x00, 0x00, 0x01, 0x11, 
	0x17, 0x25, 0x67, 0x44, 0x54, 0x66, 0x66, 0xaa, 
	0x77, 0xa5, 0x66, 0x66, 0xa6, 0xa6, 0x55, 0x55, 
	0x4a, 0xaa, 0x74, 0x83, 0x32, 0x82, 0x22, 0x22, 
	0x99, 0x00, 0x00, 0x90, 0x00, 0x00, 0x01, 0x11, 
	0x18, 0x85, 0x6a, 0x44, 0x66, 0xaa, 0xaa, 0xa5, 
	0x8a, 0x45, 0x66, 0x6a, 0x66, 0x65, 0x6a, 0xaa, 
	0x6a, 0x67, 0x44, 0x83, 0x23, 0x32, 0x12, 0x82, 
	0x99, 0x00, 0x00, 0x00, 0x00, 0x00, 0x01, 0x11, 
	0x17, 0x24, 0x6a, 0xa4, 0xaa, 0xaa, 0xaa, 0xa5, 
	0x8b, 0x55, 0x66, 0x66, 0x66, 0x5a, 0xaa, 0xaa, 
	0x6a, 0x67, 0x74, 0x83, 0x22, 0x23, 0x28, 0x3c, 
	0x99, 0x00, 0x00, 0x00, 0x00, 0x09, 0x01, 0x11, 
	0x17, 0x25, 0x6a, 0xa4, 0xa6, 0x65, 0x55, 0x54, 
	0x8b, 0x56, 0x6a, 0x66, 0x66, 0x65, 0xa4, 0x47, 
	0x76, 0x67, 0x44, 0x83, 0x32, 0x23, 0x28, 0x2d, 
	0x99, 0x00, 0x00, 0x00, 0x00, 0x99, 0x91, 0x11, 
	0x17, 0x25, 0x6a, 0xb4, 0x45, 0x54, 0x45, 0x44, 
	0x7b, 0x56, 0x6a, 0x66, 0x66, 0x65, 0x55, 0x44, 
	0xb6, 0x67, 0x77, 0x83, 0x82, 0x33, 0x28, 0xcd, 
	0x99, 0x00, 0x00, 0x09, 0x00, 0x32, 0x01, 0x11, 
	0x17, 0x85, 0x65, 0xa4, 0x55, 0x65, 0x55, 0x55, 
	0x46, 0x55, 0x66, 0x66, 0x66, 0x65, 0x65, 0x55, 
	0xb6, 0x66, 0x74, 0x83, 0x33, 0x22, 0x2e, 0xdd, 
	0x99, 0x00, 0x00, 0x09, 0x03, 0x33, 0x01, 0x11, 
	0x17, 0x25, 0x44, 0x45, 0x56, 0x65, 0x66, 0x55, 
	0x55, 0x55, 0x66, 0x65, 0x66, 0x66, 0x66, 0x66, 
	0xb7, 0x66, 0x74, 0x23, 0x28, 0x83, 0x8c, 0xdd, 
	0x99, 0x00, 0x00, 0x00, 0x3f, 0x30, 0x01, 0x11, 
	0x17, 0x25, 0x46, 0x45, 0x56, 0x64, 0xaa, 0x55, 
	0x45, 0x45, 0x55, 0x55, 0x55, 0x56, 0x66, 0x65, 
	0xa4, 0x76, 0x74, 0x83, 0x83, 0x83, 0xed, 0xdc, 
	0x99, 0x00, 0x00, 0x03, 0x33, 0x00, 0x01, 0x11, 
	0x17, 0x25, 0x46, 0x44, 0x5a, 0x54, 0xaa, 0xa6, 
	0x6a, 0xaa, 0xaa, 0xa5, 0x46, 0xa5, 0x66, 0x65, 
	0x56, 0x46, 0x75, 0x83, 0x33, 0x22, 0xcd, 0xdf, 
	0x99, 0x00, 0x00, 0x3f, 0x30, 0x09, 0x91, 0x11, 
	0x17, 0x85, 0x44, 0x44, 0x6a, 0x55, 0x56, 0x6a, 
	0x66, 0x66, 0x66, 0x66, 0x66, 0xaa, 0x56, 0x66, 
	0x55, 0x66, 0x75, 0x83, 0x32, 0x7e, 0xdd, 0xcf, 
	0x99, 0x90, 0x0e, 0x33, 0x09, 0x99, 0x01, 0x11, 
	0x17, 0x85, 0x44, 0x46, 0x6b, 0x55, 0x5a, 0xaa, 
	0xa6, 0xaa, 0xa6, 0xaa, 0xaa, 0x45, 0x56, 0x66, 
	0x55, 0x66, 0x45, 0x83, 0x32, 0x7d, 0xdd, 0xff, 
	0x99, 0x00, 0x3f, 0x30, 0x99, 0x00, 0x01, 0x11, 
	0x17, 0x85, 0x44, 0x64, 0x54, 0x55, 0x55, 0x54, 
	0x4a, 0xaa, 0xaa, 0xaa, 0xa7, 0x75, 0x56, 0x66, 
	0x55, 0x66, 0x45, 0x83, 0x38, 0xcd, 0xdc, 0xff, 
	0x99, 0x91, 0x23, 0x00, 0x90, 0x20, 0x01, 0x11, 
	0x17, 0x84, 0x44, 0x64, 0x45, 0x56, 0x66, 0x65, 
	0x44, 0x77, 0x88, 0x88, 0x87, 0x65, 0x56, 0x66, 
	0x55, 0x66, 0x74, 0x83, 0x38, 0xdd, 0xdf, 0xff, 
	0x99, 0x90, 0x10, 0x00, 0x03, 0xf3, 0x01, 0x11, 
	0x18, 0x85, 0xb7, 0x64, 0x45, 0x55, 0x66, 0x65, 
	0x54, 0x44, 0x75, 0x66, 0x6a, 0x45, 0x55, 0x55, 
	0x55, 0x56, 0x74, 0x83, 0x3c, 0xdd, 0xcf, 0xff, 
	0x99, 0x90, 0x00, 0x00, 0x3f, 0xc0, 0x01, 0x11, 
	0x18, 0x24, 0xb7, 0x67, 0x47, 0x55, 0x46, 0x65, 
	0xaa, 0xaa, 0xaa, 0xaa, 0xb7, 0x45, 0x56, 0x6a, 
	0x66, 0x56, 0x74, 0x83, 0xed, 0xdd, 0xff, 0xff, 
	0x99, 0x90, 0x00, 0x03, 0xfc, 0x99, 0x01, 0x11, 
	0x18, 0x25, 0xb7, 0x67, 0x44, 0x66, 0x55, 0x55, 
	0x55, 0x44, 0x47, 0x77, 0x74, 0x45, 0x5a, 0xaa, 
	0xa6, 0x5a, 0x77, 0x83, 0xcd, 0xdd, 0xec, 0xcf, 
	0x99, 0x00, 0x00, 0x33, 0xc0, 0x99, 0x01, 0x11, 
	0x17, 0x24, 0xb7, 0xa7, 0x44, 0x6a, 0x55, 0x55, 
	0x46, 0x56, 0x67, 0xbb, 0xbb, 0xaa, 0x5a, 0x47, 
	0x78, 0x8a, 0x74, 0x83, 0xcd, 0xdd, 0xdd, 0xdd, 
	0x99, 0x00, 0x03, 0xf2, 0x00, 0x09, 0x01, 0x11, 
	0x17, 0x25, 0x67, 0x77, 0x76, 0x6b, 0x46, 0xaa, 
	0xaa, 0xaa, 0xa7, 0x44, 0x44, 0x44, 0x55, 0x46, 
	0x66, 0x6a, 0x74, 0x83, 0x8e, 0xdd, 0xdd, 0xdd, 
	0x99, 0x90, 0x03, 0xce, 0x00, 0x99, 0x01, 0x11, 
	0x17, 0x87, 0x66, 0x66, 0x6a, 0x6a, 0xaa, 0xbb, 
	0xb4, 0x44, 0xaa, 0xaa, 0xaa, 0xaa, 0xaa, 0xaa, 
	0xaa, 0xaa, 0x44, 0x83, 0x78, 0xcc, 0xcc, 0xdd, 
	0x99, 0x00, 0x00, 0x1f, 0xe0, 0x90, 0x01, 0x11, 
	0x17, 0x87, 0x47, 0x77, 0x77, 0x77, 0x77, 0x44, 
	0x44, 0x45, 0x44, 0x47, 0x44, 0x44, 0x44, 0x44, 
	0x47, 0x74, 0x45, 0x83, 0x88, 0x88, 0x88, 0xdd, 
	0x99, 0x90, 0x00, 0x01, 0xfe, 0x09, 0x01, 0x11, 
	0x17, 0x24, 0x66, 0x66, 0x54, 0x44, 0x44, 0x44, 
	0x55, 0x55, 0x55, 0x44, 0x54, 0x44, 0x45, 0x55, 
	0x44, 0x45, 0x45, 0x83, 0x89, 0x77, 0x77, 0xcd, 
	0x99, 0x90, 0x00, 0x00, 0x1c, 0xe0, 0x01, 0x11, 
	0x17, 0x25, 0xaa, 0xaa, 0xaa, 0xaa, 0xaa, 0xaa, 
	0xab, 0xaa, 0xab, 0xbb, 0xaa, 0xab, 0xbb, 0xba, 
	0x55, 0x55, 0x55, 0x83, 0x88, 0x88, 0x82, 0xcd, 
	0x99, 0x00, 0x39, 0x00, 0x01, 0xf3, 0x91, 0x11, 
	0x18, 0x25, 0x77, 0x77, 0x4a, 0xaa, 0xba, 0xab, 
	0xb5, 0x56, 0x66, 0x44, 0x6a, 0xa4, 0x55, 0x54, 
	0x44, 0xa5, 0x55, 0x83, 0x87, 0x94, 0x82, 0xed, 
	0x99, 0x09, 0x23, 0x00, 0x90, 0x19, 0x01, 0x11, 
	0x18, 0x25, 0x77, 0x74, 0x44, 0x44, 0xa7, 0xaa, 
	0xb4, 0x44, 0x56, 0x54, 0xa6, 0x64, 0x5b, 0xab, 
	0xa5, 0xa6, 0x56, 0x83, 0x88, 0x88, 0x82, 0x1d, 
	0x99, 0x09, 0x3f, 0x30, 0x99, 0x99, 0x01, 0x11, 
	0x18, 0x25, 0x76, 0x6a, 0x44, 0x44, 0x44, 0x44, 
	0x46, 0xbb, 0xb6, 0x55, 0x4a, 0xa5, 0xbb, 0xbb, 
	0x45, 0xba, 0x45, 0x83, 0x88, 0x88, 0x97, 0x2d, 
	0x99, 0x90, 0x03, 0xc3, 0x00, 0x00, 0x01, 0x11, 
	0x18, 0x25, 0x78, 0xa6, 0xa4, 0x44, 0x45, 0x55, 
	0x55, 0x55, 0x66, 0x55, 0x5a, 0xb5, 0x66, 0x66, 
	0x55, 0x56, 0x45, 0x83, 0x82, 0x77, 0x94, 0x82, 
	0x99, 0x00, 0x00, 0x3f, 0x30, 0x90, 0x01, 0x11, 
	0x18, 0x25, 0x77, 0x86, 0xaa, 0x45, 0x55, 0x55, 
	0x66, 0x66, 0x66, 0x55, 0x5a, 0x65, 0x66, 0x66, 
	0x65, 0x5a, 0x55, 0x83, 0x29, 0x97, 0x57, 0x88, 
	0x99, 0x00, 0x00, 0x03, 0xf3, 0x90, 0x01, 0x11, 
	0x18, 0x25, 0x77, 0x7a, 0x6a, 0x44, 0x4a, 0x56, 
	0x66, 0xa6, 0xa6, 0x65, 0x5b, 0xb6, 0x66, 0xaa, 
	0xaa, 0x56, 0x55, 0x83, 0x87, 0x77, 0x71, 0x88, 
	0x99, 0x00, 0x00, 0x09, 0x3f, 0x30, 0x01, 0x11, 
	0x18, 0x25, 0x74, 0x70, 0xaa, 0x66, 0x47, 0xa5, 
	0x66, 0xaa, 0xa6, 0x65, 0x55, 0x66, 0x6a, 0xa6, 
	0x65, 0x56, 0x45, 0x83, 0x07, 0x77, 0x44, 0x88, 
	0x99, 0x00, 0x00, 0x09, 0x93, 0x33, 0x01, 0x11, 
	0x18, 0x25, 0x74, 0x44, 0x4a, 0xa6, 0xa4, 0x55, 
	0x55, 0x66, 0xa5, 0xa6, 0x55, 0x66, 0xaa, 0xa6, 
	0x54, 0xaa, 0x45, 0x83, 0x77, 0x78, 0x28, 0x87, 
	0x99, 0x00, 0x00, 0x09, 0x09, 0x00, 0x91, 0x11, 
	0x18, 0x25, 0x74, 0x47, 0xa4, 0xba, 0xaa, 0xaa, 
	0xaa, 0xa6, 0x66, 0x5a, 0x66, 0x66, 0x66, 0x66, 
	0x67, 0xaa, 0x44, 0x83, 0x72, 0x82, 0x28, 0x22, 
	0x99, 0x00, 0x00, 0x00, 0x00, 0x00, 0x91, 0x11, 
	0x18, 0x25, 0x57, 0x47, 0x6a, 0x77, 0xaa, 0xa5, 
	0x45, 0x56, 0x66, 0x54, 0xab, 0x66, 0x66, 0x65, 
	0x54, 0x6a, 0x44, 0x83, 0x38, 0x82, 0x28, 0x32, 
	0x99, 0x00, 0x00, 0x00, 0x00, 0x00, 0x01, 0x11, 
	0x18, 0x25, 0x67, 0x47, 0x66, 0xa7, 0x77, 0x74, 
	0x44, 0xaa, 0x56, 0x55, 0x55, 0x65, 0x65, 0x46, 
	0x64, 0x46, 0x44, 0x82, 0x87, 0x88, 0x48, 0x88, 
	0x99, 0x00, 0x00, 0x90, 0x00, 0x00, 0x01, 0x11, 
	0x18, 0x25, 0x67, 0x74, 0x7a, 0xaa, 0x77, 0x74, 
	0x45, 0x55, 0x55, 0x55, 0x65, 0x65, 0x66, 0x5a, 
	0xa6, 0x46, 0x74, 0x82, 0x88, 0x82, 0x22, 0x23, 
	0x99, 0x00, 0x00, 0x90, 0x00, 0x00, 0x01, 0x11, 
	0x18, 0x24, 0x67, 0x74, 0x47, 0xa5, 0x66, 0x66, 
	0x66, 0x66, 0xab, 0x55, 0x55, 0x56, 0x66, 0x66, 
	0x55, 0x46, 0x44, 0x88, 0x28, 0x88, 0x23, 0x37, 
	0x99, 0x00, 0x78, 0x28, 0x80, 0x00, 0x01, 0x11, 
	0x18, 0x24, 0x67, 0x74, 0x64, 0x7a, 0xaa, 0xa6, 
	0x6a, 0x6a, 0xa5, 0x55, 0x55, 0x66, 0x55, 0x55, 
	0x44, 0x46, 0x74, 0x88, 0x28, 0x81, 0x22, 0x82, 
	0x99, 0x02, 0x32, 0x33, 0x30, 0x00, 0x01, 0x11, 
	0x18, 0x24, 0x68, 0x78, 0x6a, 0x77, 0x77, 0x44, 
	0x44, 0x6a, 0x44, 0x45, 0x56, 0x55, 0x55, 0x54, 
	0x67, 0x46, 0x47, 0x88, 0x88, 0x83, 0x88, 0x21, 
	0x99, 0x03, 0x38, 0x23, 0x30, 0x00, 0x01, 0x22, 
	0x18, 0x25, 0x68, 0x78, 0x66, 0x65, 0x76, 0x45, 
	0x54, 0x44, 0x45, 0x54, 0x64, 0x55, 0x55, 0x54, 
	0x64, 0x46, 0x44, 0x82, 0x22, 0x22, 0x23, 0x32, 
	0x99, 0x03, 0x83, 0x23, 0x30, 0x00, 0x91, 0x22, 
	0x28, 0x24, 0x6b, 0x88, 0x66, 0x66, 0x86, 0x44, 
	0x45, 0x55, 0x55, 0x46, 0x64, 0x45, 0x55, 0x54, 
	0x64, 0x46, 0x44, 0x80, 0x78, 0x33, 0x23, 0x72, 
	0x99, 0x03, 0x32, 0x23, 0x10, 0x07, 0x92, 0x33, 
	0x38, 0x24, 0x6b, 0x88, 0x66, 0x66, 0x8a, 0xb4, 
	0x55, 0x55, 0x54, 0xb8, 0x66, 0x54, 0x45, 0x57, 
	0x67, 0x46, 0x44, 0x82, 0x88, 0x23, 0x82, 0x22, 
	0x99, 0x08, 0x23, 0x28, 0x90, 0x90, 0x00, 0x00, 
	0x28, 0x25, 0x87, 0x88, 0x6a, 0xb5, 0x8a, 0xb5, 
	0x55, 0x55, 0x5b, 0x47, 0x86, 0x66, 0xaa, 0xa7, 
	0x67, 0x46, 0x44, 0x87, 0x73, 0x28, 0x23, 0x28, 
	0x99, 0x03, 0x21, 0x83, 0x39, 0xa0, 0x55, 0x55, 
	0x28, 0x25, 0x77, 0x87, 0x77, 0x77, 0x86, 0xb4, 
	0x45, 0x54, 0xa5, 0x47, 0x76, 0x6b, 0x74, 0x47, 
	0xa4, 0x46, 0x44, 0x82, 0x82, 0x23, 0x28, 0x82, 
	0x99, 0x02, 0x82, 0x32, 0x29, 0x09, 0x91, 0x23, 
	0x38, 0x25, 0x4b, 0x77, 0x77, 0x47, 0x76, 0xb4, 
	0x44, 0x54, 0xa4, 0x44, 0x66, 0xb7, 0x74, 0x45, 
	0x44, 0x46, 0x44, 0x28, 0x83, 0x88, 0x82, 0x38, 
	0x09, 0x03, 0x32, 0x82, 0x30, 0x99, 0x73, 0x33, 
	0x38, 0x25, 0x7b, 0x75, 0x6a, 0xa5, 0x7a, 0xb7, 
	0x44, 0x47, 0x67, 0x6a, 0xaa, 0x77, 0x44, 0x55, 
	0x54, 0x46, 0x77, 0x82, 0x28, 0x82, 0x72, 0x28, 
	0x99, 0x02, 0x22, 0x33, 0x39, 0x90, 0x00, 0x99, 
	0x28, 0x25, 0x4b, 0x76, 0x74, 0x47, 0x44, 0x77, 
	0x44, 0x47, 0x67, 0x77, 0x77, 0x74, 0x45, 0x55, 
	0x54, 0x46, 0x47, 0x83, 0x72, 0x22, 0x03, 0x28, 
	0x99, 0x08, 0x23, 0x31, 0x29, 0x55, 0x55, 0x55, 
	0x28, 0x25, 0x76, 0x76, 0x75, 0x66, 0x66, 0xb7, 
	0x66, 0x65, 0x67, 0x86, 0x66, 0x66, 0x66, 0x55, 
	0x57, 0x66, 0x77, 0x22, 0x23, 0x23, 0x83, 0x32, 
	0x99, 0x03, 0x28, 0x72, 0x30, 0x00, 0x01, 0x11, 
	0x18, 0x25, 0x88, 0x76, 0x77, 0x88, 0x88, 0x88, 
	0x66, 0x66, 0xa7, 0x2a, 0xaa, 0xaa, 0x5a, 0xa4, 
	0x47, 0x66, 0x77, 0x83, 0x28, 0x20, 0x23, 0x88, 
	0x99, 0x03, 0x72, 0x28, 0x30, 0x00, 0x91, 0x11, 
	0x18, 0x25, 0x88, 0x77, 0x74, 0x66, 0x66, 0xb7, 
	0x77, 0x87, 0x77, 0x77, 0x77, 0x77, 0x44, 0x44, 
	0x47, 0x64, 0x77, 0x83, 0x72, 0x32, 0x32, 0x28, 
	0x90, 0x02, 0x33, 0x33, 0x30, 0x00, 0x01, 0x11, 
	0x18, 0x24, 0x66, 0xaa, 0xaa, 0xab, 0xaa, 0xaa, 
	0xa6, 0x66, 0x6a, 0xaa, 0xaa, 0xaa, 0xaa, 0xaa, 
	0xaa, 0x64, 0x77, 0x83, 0x38, 0x27, 0x23, 0x32, 
	0x99, 0x59, 0x99, 0x99, 0x99, 0x99, 0x41, 0x11, 
	0x18, 0x27, 0x77, 0x44, 0x77, 0x77, 0x74, 0x47, 
	0x44, 0x74, 0x44, 0x44, 0x44, 0x44, 0x44, 0x44, 
	0x44, 0x44, 0x47, 0x83, 0x22, 0x23, 0x22, 0x88, 
	
};

ALIGNED8 u8 ss1_space_vs256_1_pal_rgba16[] = {
	0x9b, 0xa7, 0x49, 0x53, 0x39, 0x53, 0x20, 0xc9, 
	0x7b, 0xed, 0x9c, 0xf3, 0xc5, 0xfb, 0x63, 0x25, 
	0x4a, 0x5b, 0x82, 0xe5, 0xd6, 0xbf, 0xef, 0x3f, 
	0x89, 0x85, 0xfd, 0xcb, 0x50, 0xc5, 0xe8, 0x01, 
	
};

ALIGNED8 u8 ss1_space_space32_4_ci8[] = {
	0x00, 0x01, 0x00, 0x00, 0x00, 0x00, 0x00, 0x00, 
	0x00, 0x00, 0x00, 0x01, 0x00, 0x00, 0x00, 0x00, 
	0x00, 0x00, 0x00, 0x00, 0x00, 0x01, 0x00, 0x00, 
	0x00, 0x00, 0x00, 0x00, 0x00, 0x00, 0x00, 0x01, 
	0x02, 0x03, 0x04, 0x04, 0x04, 0x04, 0x04, 0x04, 
	0x04, 0x04, 0x02, 0x03, 0x04, 0x04, 0x04, 0x04, 
	0x04, 0x04, 0x04, 0x04, 0x02, 0x03, 0x04, 0x04, 
	0x04, 0x04, 0x04, 0x04, 0x04, 0x04, 0x02, 0x03, 
	0x01, 0x03, 0x05, 0x06, 0x07, 0x07, 0x07, 0x07, 
	0x08, 0x09, 0x00, 0x01, 0x05, 0x06, 0x07, 0x07, 
	0x07, 0x07, 0x08, 0x09, 0x00, 0x01, 0x05, 0x06, 
	0x07, 0x07, 0x07, 0x07, 0x08, 0x09, 0x0a, 0x0b, 
	0x01, 0x03, 0x0c, 0x0d, 0x0e, 0x0f, 0x0e, 0x0f, 
	0x10, 0x11, 0x02, 0x03, 0x0c, 0x0d, 0x0e, 0x0f, 
	0x0e, 0x0f, 0x10, 0x11, 0x02, 0x03, 0x0c, 0x0d, 
	0x0e, 0x0f, 0x0e, 0x0f, 0x10, 0x11, 0x12, 0x13, 
	0x01, 0x03, 0x14, 0x15, 0x16, 0x16, 0x16, 0x16, 
	0x17, 0x18, 0x19, 0x03, 0x14, 0x15, 0x16, 0x16, 
	0x16, 0x16, 0x17, 0x18, 0x19, 0x03, 0x14, 0x15, 
	0x16, 0x16, 0x16, 0x16, 0x17, 0x18, 0x0a, 0x0b, 
	0x01, 0x03, 0x1a, 0x1b, 0x1c, 0x1d, 0x1c, 0x1d, 
	0x1e, 0x1f, 0x20, 0x03, 0x1a, 0x1b, 0x1c, 0x1d, 
	0x1c, 0x1d, 0x1e, 0x1f, 0x20, 0x03, 0x1a, 0x1b, 
	0x1c, 0x1d, 0x1c, 0x1d, 0x1e, 0x1f, 0x12, 0x13, 
	0x01, 0x03, 0x21, 0x22, 0x16, 0x16, 0x16, 0x16, 
	0x23, 0x24, 0x19, 0x03, 0x21, 0x22, 0x16, 0x16, 
	0x16, 0x16, 0x23, 0x24, 0x19, 0x03, 0x21, 0x22, 
	0x16, 0x16, 0x16, 0x16, 0x23, 0x24, 0x0a, 0x0b, 
	0x01, 0x03, 0x25, 0x26, 0x1c, 0x1d, 0x1c, 0x1d, 
	0x27, 0x28, 0x20, 0x03, 0x25, 0x26, 0x1c, 0x1d, 
	0x1c, 0x1d, 0x27, 0x28, 0x20, 0x03, 0x25, 0x26, 
	0x1c, 0x1d, 0x1c, 0x1d, 0x27, 0x28, 0x12, 0x13, 
	0x03, 0x29, 0x2a, 0x2b, 0x2c, 0x2d, 0x2e, 0x2f, 
	0x2e, 0x2f, 0x2a, 0x30, 0x0a, 0x31, 0x2e, 0x2f, 
	0x2e, 0x2f, 0x2c, 0x2d, 0x2a, 0x30, 0x2a, 0x2b, 
	0x2e, 0x2f, 0x32, 0x33, 0x2e, 0x2f, 0x03, 0x29, 
	0x34, 0x09, 0x14, 0x35, 0x36, 0x11, 0x14, 0x14, 
	0x14, 0x14, 0x14, 0x37, 0x01, 0x38, 0x14, 0x14, 
	0x14, 0x14, 0x36, 0x11, 0x14, 0x37, 0x14, 0x35, 
	0x14, 0x14, 0x01, 0x01, 0x14, 0x14, 0x34, 0x09, 
	0x14, 0x15, 0x08, 0x09, 0x21, 0x22, 0x08, 0x09, 
	0x39, 0x3a, 0x3b, 0x3c, 0x00, 0x01, 0x14, 0x15, 
	0x08, 0x09, 0x21, 0x22, 0x08, 0x09, 0x39, 0x3a, 
	0x3b, 0x3c, 0x00, 0x01, 0x14, 0x15, 0x08, 0x09, 
	0x1a, 0x1b, 0x10, 0x11, 0x25, 0x26, 0x10, 0x11, 
	0x35, 0x1f, 0x3d, 0x3e, 0x02, 0x03, 0x1a, 0x1b, 
	0x10, 0x11, 0x25, 0x26, 0x10, 0x11, 0x35, 0x1f, 
	0x3d, 0x3e, 0x02, 0x03, 0x1a, 0x1b, 0x10, 0x11, 
	0x1a, 0x3f, 0x15, 0x40, 0x1a, 0x3f, 0x15, 0x40, 
	0x1a, 0x3f, 0x41, 0x42, 0x00, 0x00, 0x1a, 0x3f, 
	0x15, 0x40, 0x1a, 0x3f, 0x15, 0x40, 0x1a, 0x3f, 
	0x41, 0x42, 0x00, 0x00, 0x1a, 0x3f, 0x15, 0x40, 
	0x09, 0x14, 0x43, 0x44, 0x09, 0x14, 0x43, 0x44, 
	0x09, 0x14, 0x45, 0x46, 0x04, 0x04, 0x09, 0x14, 
	0x43, 0x44, 0x09, 0x14, 0x43, 0x44, 0x09, 0x14, 
	0x45, 0x46, 0x04, 0x04, 0x09, 0x14, 0x43, 0x44, 
	0x47, 0x48, 0x49, 0x4a, 0x49, 0x4a, 0x47, 0x48, 
	0x4b, 0x4b, 0x47, 0x48, 0x01, 0x03, 0x47, 0x48, 
	0x49, 0x4a, 0x49, 0x4a, 0x47, 0x48, 0x4b, 0x4b, 
	0x47, 0x48, 0x01, 0x03, 0x47, 0x48, 0x49, 0x4a, 
	0x4c, 0x4c, 0x23, 0x4d, 0x23, 0x4d, 0x4c, 0x4c, 
	0x4e, 0x4e, 0x4c, 0x4c, 0x4f, 0x50, 0x4c, 0x4c, 
	0x23, 0x4d, 0x23, 0x4d, 0x4c, 0x4c, 0x4e, 0x4e, 
	0x4c, 0x4c, 0x4f, 0x50, 0x4c, 0x4c, 0x23, 0x4d, 
	0x51, 0x51, 0x52, 0x52, 0x53, 0x52, 0x53, 0x52, 
	0x53, 0x52, 0x52, 0x52, 0x51, 0x51, 0x51, 0x51, 
	0x53, 0x52, 0x52, 0x52, 0x53, 0x52, 0x52, 0x52, 
	0x52, 0x52, 0x53, 0x52, 0x51, 0x51, 0x51, 0x51, 
	0x54, 0x54, 0x54, 0x55, 0x56, 0x54, 0x56, 0x54, 
	0x56, 0x54, 0x54, 0x55, 0x54, 0x54, 0x54, 0x54, 
	0x56, 0x54, 0x54, 0x55, 0x56, 0x54, 0x54, 0x55, 
	0x54, 0x55, 0x56, 0x54, 0x54, 0x54, 0x54, 0x54, 
	0x54, 0x54, 0x54, 0x57, 0x54, 0x54, 0x55, 0x55, 
	0x57, 0x57, 0x55, 0x55, 0x54, 0x54, 0x55, 0x54, 
	0x54, 0x54, 0x54, 0x54, 0x55, 0x55, 0x57, 0x57, 
	0x55, 0x55, 0x55, 0x55, 0x57, 0x54, 0x54, 0x54, 
	0x54, 0x55, 0x54, 0x54, 0x58, 0x54, 0x54, 0x54, 
	0x55, 0x54, 0x54, 0x54, 0x54, 0x54, 0x54, 0x56, 
	0x56, 0x54, 0x54, 0x54, 0x54, 0x54, 0x55, 0x54, 
	0x54, 0x54, 0x54, 0x54, 0x54, 0x54, 0x55, 0x54, 
	0x54, 0x57, 0x54, 0x54, 0x54, 0x54, 0x54, 0x54, 
	0x55, 0x58, 0x58, 0x55, 0x54, 0x54, 0x55, 0x58, 
	0x58, 0x55, 0x55, 0x54, 0x55, 0x58, 0x55, 0x58, 
	0x54, 0x54, 0x54, 0x54, 0x54, 0x54, 0x56, 0x54, 
	0x54, 0x54, 0x54, 0x55, 0x55, 0x54, 0x54, 0x55, 
	0x55, 0x54, 0x58, 0x55, 0x56, 0x54, 0x55, 0x54, 
	0x58, 0x55, 0x54, 0x56, 0x55, 0x54, 0x55, 0x54, 
	0x55, 0x54, 0x54, 0x55, 0x55, 0x54, 0x55, 0x55, 
	0x54, 0x54, 0x57, 0x57, 0x56, 0x54, 0x55, 0x54, 
	0x55, 0x55, 0x54, 0x54, 0x54, 0x54, 0x55, 0x55, 
	0x56, 0x54, 0x54, 0x54, 0x54, 0x54, 0x55, 0x55, 
	0x54, 0x54, 0x54, 0x57, 0x57, 0x57, 0x54, 0x54, 
	0x54, 0x55, 0x55, 0x54, 0x55, 0x55, 0x54, 0x56, 
	0x54, 0x54, 0x54, 0x55, 0x54, 0x55, 0x54, 0x54, 
	0x55, 0x55, 0x54, 0x55, 0x58, 0x54, 0x54, 0x54, 
	0x56, 0x54, 0x54, 0x54, 0x55, 0x54, 0x54, 0x55, 
	0x54, 0x54, 0x55, 0x54, 0x58, 0x55, 0x54, 0x54, 
	0x54, 0x54, 0x56, 0x54, 0x55, 0x55, 0x54, 0x54, 
	0x55, 0x55, 0x55, 0x55, 0x54, 0x57, 0x55, 0x54, 
	0x54, 0x54, 0x55, 0x58, 0x54, 0x54, 0x54, 0x54, 
	0x55, 0x54, 0x54, 0x56, 0x58, 0x55, 0x54, 0x55, 
	0x56, 0x54, 0x55, 0x55, 0x54, 0x54, 0x58, 0x54, 
	0x54, 0x54, 0x54, 0x54, 0x54, 0x54, 0x54, 0x56, 
	0x54, 0x55, 0x55, 0x54, 0x56, 0x54, 0x54, 0x55, 
	0x54, 0x54, 0x55, 0x55, 0x55, 0x55, 0x55, 0x55, 
	0x55, 0x55, 0x55, 0x55, 0x55, 0x55, 0x55, 0x55, 
	0x55, 0x55, 0x55, 0x55, 0x55, 0x55, 0x55, 0x55, 
	0x55, 0x55, 0x55, 0x55, 0x58, 0x58, 0x58, 0x58, 
	0x59, 0x5a, 0x5b, 0x5c, 0x5b, 0x5c, 0x5b, 0x5c, 
	0x5d, 0x5b, 0x5d, 0x5b, 0x5d, 0x5b, 0x5b, 0x5c, 
	0x5b, 0x5c, 0x5b, 0x5c, 0x5b, 0x5c, 0x5d, 0x5b, 
	0x5d, 0x5b, 0x5d, 0x5b, 0x5e, 0x5f, 0x5e, 0x5f, 
	0x60, 0x61, 0x60, 0x61, 0x60, 0x61, 0x60, 0x61, 
	0x62, 0x63, 0x62, 0x63, 0x62, 0x63, 0x60, 0x61, 
	0x60, 0x61, 0x60, 0x61, 0x60, 0x61, 0x62, 0x63, 
	0x62, 0x63, 0x62, 0x63, 0x62, 0x63, 0x64, 0x64, 
	0x65, 0x65, 0x65, 0x65, 0x65, 0x65, 0x65, 0x65, 
	0x19, 0x19, 0x19, 0x19, 0x19, 0x19, 0x65, 0x65, 
	0x65, 0x65, 0x65, 0x65, 0x65, 0x65, 0x19, 0x19, 
	0x19, 0x19, 0x19, 0x19, 0x19, 0x19, 0x66, 0x66, 
	0x32, 0x33, 0x32, 0x33, 0x32, 0x33, 0x32, 0x33, 
	0x32, 0x33, 0x32, 0x33, 0x32, 0x33, 0x32, 0x33, 
	0x32, 0x33, 0x32, 0x33, 0x32, 0x33, 0x32, 0x33, 
	0x0a, 0x31, 0x32, 0x33, 0x0a, 0x31, 0x0a, 0x0b, 
	0x01, 0x01, 0x01, 0x01, 0x01, 0x01, 0x01, 0x01, 
	0x01, 0x01, 0x01, 0x01, 0x01, 0x01, 0x01, 0x01, 
	0x01, 0x01, 0x01, 0x01, 0x01, 0x01, 0x01, 0x01, 
	0x01, 0x38, 0x01, 0x01, 0x01, 0x38, 0x12, 0x13, 
	
};

ALIGNED8 u8 ss1_space_space32_4_pal_rgba16[] = {
	0x10, 0x83, 0x08, 0x43, 0x18, 0x85, 0x10, 0x43, 
	0x10, 0x41, 0x30, 0x03, 0x60, 0x01, 0xb9, 0x01, 
	0x98, 0x81, 0x58, 0x43, 0x29, 0x07, 0x18, 0xc7, 
	0x60, 0x03, 0xc1, 0x83, 0xfb, 0x05, 0xfb, 0x47, 
	0xe1, 0x03, 0x70, 0x43, 0x39, 0x49, 0x28, 0xc7, 
	0x48, 0x43, 0xa0, 0x83, 0xfb, 0x87, 0xf9, 0x03, 
	0xc0, 0x01, 0x31, 0x49, 0x80, 0x83, 0xfa, 0x09, 
	0xeb, 0x8d, 0xf3, 0x4b, 0xc9, 0x03, 0x90, 0x43, 
	0x39, 0x4b, 0x80, 0x87, 0xe2, 0x07, 0xb0, 0x41, 
	0x68, 0x03, 0x80, 0x89, 0xd2, 0x4f, 0x98, 0xcd, 
	0x50, 0x07, 0x08, 0x01, 0x20, 0x85, 0x42, 0x0b, 
	0x41, 0x89, 0x31, 0x05, 0x41, 0xcb, 0x41, 0x87, 
	0x00, 0x01, 0x31, 0x89, 0x39, 0x8b, 0x31, 0x8b, 
	0x30, 0x43, 0x50, 0x43, 0x68, 0x43, 0x28, 0x43, 
	0x20, 0xc5, 0x38, 0x83, 0x68, 0x83, 0x78, 0xc1, 
	0x20, 0x83, 0xb1, 0x05, 0x48, 0xc5, 0xc8, 0xc3, 
	0x80, 0x43, 0xd1, 0x03, 0x50, 0xc3, 0x78, 0x43, 
	0x98, 0x43, 0x40, 0x43, 0x20, 0x43, 0x50, 0x83, 
	0x48, 0x83, 0x90, 0x41, 0x98, 0x41, 0x70, 0x83, 
	0xb8, 0x41, 0xa8, 0x43, 0xb0, 0x43, 0xc1, 0x01, 
	0xc1, 0x03, 0xd8, 0x41, 0xe8, 0x41, 0xe8, 0x01, 
	0xf8, 0x01, 0xf8, 0x41, 0xf0, 0x01, 0xf0, 0x41, 
	0xf8, 0x43, 0xf9, 0x05, 0xf0, 0xc5, 0xfa, 0x0b, 
	0xe9, 0x47, 0xe1, 0x05, 0xd1, 0x89, 0xfc, 0x15, 
	0x92, 0xd3, 0x82, 0x51, 0x7a, 0x4f, 0x8b, 0x13, 
	0x6a, 0x0d, 0x31, 0x09, 0x20, 0xc7, 
};

ALIGNED8 u8 ss1_space_space128_2_ci4[] = {
	0x00, 0x00, 0x11, 0x00, 0x00, 0x00, 0x00, 0x00, 
	0x00, 0x00, 0x00, 0x00, 0x00, 0x01, 0x01, 0x10, 
	0x00, 0x11, 0x10, 0x01, 0x00, 0x00, 0x10, 0x01, 
	0x11, 0x11, 0x00, 0x00, 0x00, 0x10, 0x11, 0x11, 
	0x00, 0x10, 0x11, 0x10, 0x00, 0x00, 0x00, 0x00, 
	0x00, 0x00, 0x00, 0x00, 0x00, 0x00, 0x00, 0x00, 
	0x00, 0x00, 0x00, 0x00, 0x10, 0x00, 0x00, 0x00, 
	0x00, 0x00, 0x00, 0x00, 0x00, 0x01, 0x00, 0x11, 
	0x01, 0x11, 0x12, 0x22, 0x10, 0x00, 0x00, 0x00, 
	0x00, 0x00, 0x00, 0x00, 0x00, 0x00, 0x00, 0x00, 
	0x00, 0x00, 0x00, 0x10, 0x00, 0x00, 0x00, 0x00, 
	0x01, 0x00, 0x00, 0x00, 0x00, 0x00, 0x00, 0x01, 
	0x13, 0x44, 0x44, 0x44, 0x41, 0x03, 0x52, 0x22, 
	0x21, 0x11, 0x10, 0x00, 0x11, 0x11, 0x11, 0x11, 
	0x11, 0x12, 0x22, 0x11, 0x11, 0x12, 0x25, 0x11, 
	0x12, 0x15, 0x21, 0x10, 0x00, 0x01, 0x12, 0x52, 
	0x16, 0x44, 0x44, 0x47, 0x48, 0x06, 0x21, 0x11, 
	0x11, 0x11, 0x11, 0x11, 0x11, 0x11, 0x01, 0x11, 
	0x11, 0x11, 0x11, 0x11, 0x11, 0x11, 0x11, 0x11, 
	0x11, 0x11, 0x11, 0x00, 0x11, 0x11, 0x11, 0x11, 
	0x24, 0x32, 0x35, 0x32, 0x44, 0x11, 0x22, 0x00, 
	0x01, 0x11, 0x11, 0x11, 0x11, 0x22, 0x21, 0x22, 
	0x21, 0x11, 0x11, 0x22, 0x21, 0x12, 0x11, 0x12, 
	0x22, 0x12, 0x21, 0x11, 0x12, 0x11, 0x00, 0x00, 
	0x44, 0x21, 0x22, 0x21, 0x34, 0x45, 0x44, 0x44, 
	0x44, 0x44, 0x44, 0x44, 0x44, 0x44, 0x44, 0x94, 
	0x44, 0x44, 0x44, 0x44, 0x44, 0x44, 0x44, 0x44, 
	0x44, 0x44, 0x44, 0x44, 0x44, 0x44, 0x45, 0x45, 
	0x44, 0x20, 0x11, 0x11, 0x13, 0x47, 0x44, 0x44, 
	0x44, 0x44, 0x44, 0x44, 0x44, 0x44, 0x47, 0x47, 
	0x44, 0x44, 0x44, 0x77, 0x74, 0x44, 0x44, 0x44, 
	0x44, 0x77, 0x74, 0x44, 0x44, 0x44, 0x44, 0x44, 
	0x45, 0x10, 0x00, 0x00, 0x11, 0x64, 0x47, 0x77, 
	0x47, 0x77, 0x77, 0x67, 0x77, 0x47, 0x77, 0x77, 
	0x77, 0x74, 0x77, 0x76, 0x77, 0x77, 0x74, 0x77, 
	0x77, 0x77, 0x74, 0x47, 0x77, 0x77, 0x47, 0x47, 
	0x75, 0x10, 0x00, 0x00, 0x01, 0x17, 0x47, 0x66, 
	0x77, 0x66, 0x67, 0x67, 0x66, 0x47, 0x66, 0x76, 
	0x36, 0x36, 0x76, 0x66, 0x36, 0x63, 0x67, 0x66, 
	0x66, 0x63, 0x33, 0x67, 0x66, 0x76, 0x73, 0x67, 
	0x62, 0x25, 0x55, 0x55, 0x11, 0x12, 0x47, 0x63, 
	0x66, 0x33, 0x36, 0x33, 0x33, 0x63, 0x33, 0x33, 
	0x33, 0x36, 0x73, 0x33, 0x33, 0x63, 0x37, 0x33, 
	0x36, 0x33, 0x33, 0x63, 0x66, 0x33, 0x63, 0x35, 
	0x22, 0x64, 0x44, 0x44, 0x11, 0x11, 0x63, 0x33, 
	0x65, 0x33, 0x36, 0x23, 0x32, 0x36, 0x23, 0x33, 
	0x33, 0x23, 0x33, 0x33, 0x33, 0x62, 0x26, 0x23, 
	0x33, 0x23, 0x23, 0x32, 0x33, 0x33, 0x32, 0x35, 
	0x22, 0x64, 0x44, 0x44, 0x51, 0x11, 0x63, 0x33, 
	0x32, 0x23, 0x26, 0x22, 0x22, 0x23, 0x22, 0x33, 
	0x22, 0x23, 0x32, 0x22, 0x22, 0x22, 0x23, 0x22, 
	0x22, 0x22, 0x22, 0x32, 0x23, 0x35, 0x32, 0x33, 
	0x22, 0x44, 0x44, 0x44, 0x41, 0x11, 0x63, 0x22, 
	0x22, 0x22, 0x22, 0x21, 0x22, 0x22, 0x22, 0x32, 
	0x22, 0x22, 0x22, 0x22, 0x22, 0x22, 0x23, 0x22, 
	0x22, 0x22, 0x22, 0x22, 0x22, 0x23, 0x22, 0x22, 
	0x22, 0x44, 0x44, 0x44, 0x75, 0x11, 0x62, 0x22, 
	0x22, 0x22, 0x22, 0x21, 0x21, 0x21, 0x12, 0x22, 
	0x22, 0x22, 0x22, 0x22, 0x21, 0x22, 0x12, 0x12, 
	0x22, 0x22, 0x11, 0x11, 0x12, 0x22, 0x22, 0x12, 
	0x16, 0x44, 0x44, 0x44, 0x44, 0x11, 0x62, 0x21, 
	0x21, 0x11, 0x11, 0x11, 0x21, 0x11, 0x11, 0x11, 
	0x11, 0x11, 0x21, 0x11, 0x21, 0x11, 0x12, 0x11, 
	0x11, 0x11, 0x01, 0x35, 0x57, 0x77, 0x22, 0x22, 
	0x16, 0x44, 0x44, 0x44, 0x44, 0x51, 0x65, 0x22, 
	0x22, 0x11, 0x11, 0x11, 0x11, 0x11, 0x01, 0x11, 
	0x11, 0x11, 0x11, 0x00, 0x11, 0x10, 0x11, 0x11, 
	0x11, 0x25, 0x57, 0x63, 0x66, 0x56, 0x33, 0x35, 
	0x14, 0x44, 0x44, 0x44, 0x44, 0x41, 0x62, 0x11, 
	0x10, 0x01, 0x10, 0x11, 0x00, 0x01, 0x10, 0x11, 
	0x10, 0x01, 0x11, 0x10, 0x00, 0x00, 0x00, 0x11, 
	0x25, 0x56, 0x33, 0x33, 0x33, 0x35, 0x65, 0x37, 
	0x14, 0x44, 0x44, 0x44, 0x44, 0x75, 0x21, 0x11, 
	0x01, 0x00, 0x00, 0x00, 0x00, 0x00, 0x00, 0x00, 
	0x00, 0x00, 0x00, 0x10, 0x00, 0x00, 0x11, 0x25, 
	0x77, 0x57, 0x35, 0x33, 0x35, 0x35, 0x35, 0x35, 
	0x34, 0x77, 0x77, 0x77, 0x77, 0x74, 0x21, 0x00, 
	0x00, 0x00, 0x00, 0x00, 0x00, 0x00, 0x00, 0x00, 
	0x00, 0x00, 0x00, 0x00, 0x00, 0x02, 0x54, 0x36, 
	0x77, 0x77, 0x57, 0x44, 0x44, 0x44, 0x44, 0x78, 
	0x52, 0x22, 0x33, 0x33, 0x32, 0x22, 0x21, 0x00, 
	0x00, 0x00, 0x00, 0x00, 0x00, 0x00, 0x00, 0x12, 
	0x52, 0x55, 0x45, 0x45, 0x55, 0x53, 0x35, 0x66, 
	0x77, 0x44, 0x44, 0x47, 0x44, 0x44, 0x44, 0x88, 
	0x22, 0x11, 0x11, 0x11, 0x11, 0x12, 0x35, 0x21, 
	0x00, 0x00, 0x00, 0x00, 0x00, 0x25, 0x55, 0x44, 
	0x77, 0x74, 0x47, 0x77, 0x77, 0x33, 0x67, 0x57, 
	0x44, 0x44, 0x44, 0x44, 0x44, 0x44, 0x84, 0x48, 
	0x32, 0x11, 0x00, 0x00, 0x01, 0x12, 0x33, 0x55, 
	0x10, 0x00, 0x12, 0x25, 0x54, 0x77, 0x76, 0x76, 
	0x76, 0x77, 0x77, 0x77, 0x77, 0x73, 0x66, 0x74, 
	0x44, 0x44, 0x44, 0x44, 0x48, 0x88, 0x88, 0x88, 
	0x32, 0x21, 0x10, 0x00, 0x11, 0x12, 0x33, 0x37, 
	0x48, 0x55, 0x47, 0x77, 0x77, 0x76, 0x76, 0x73, 
	0x75, 0x67, 0x76, 0x67, 0x77, 0x63, 0x64, 0x44, 
	0x44, 0x44, 0x44, 0x44, 0x48, 0xaa, 0xaa, 0xaa, 
	0x32, 0x21, 0x12, 0x21, 0x11, 0x22, 0x37, 0x53, 
	0x33, 0x37, 0x77, 0x67, 0x77, 0x76, 0x76, 0x77, 
	0x77, 0x77, 0x76, 0x77, 0x77, 0x74, 0x44, 0x44, 
	0x44, 0x44, 0x44, 0x44, 0x8b, 0xcc, 0xcc, 0xcc, 
	0x32, 0x21, 0x16, 0x51, 0x11, 0x22, 0x33, 0x82, 
	0x33, 0x36, 0x76, 0x67, 0x67, 0x66, 0x66, 0x46, 
	0x77, 0x56, 0x77, 0x77, 0x44, 0x44, 0x44, 0x44, 
	0x44, 0x44, 0x47, 0x44, 0x5c, 0xcc, 0xcc, 0xcc, 
	0x32, 0x22, 0x14, 0x42, 0x11, 0x12, 0x33, 0x88, 
	0x36, 0x26, 0x75, 0x67, 0x77, 0x77, 0x76, 0x76, 
	0x77, 0x44, 0x44, 0x44, 0x44, 0x47, 0x77, 0x44, 
	0x44, 0x44, 0x44, 0x44, 0x85, 0xaa, 0xaa, 0xaa, 
	0x52, 0x22, 0x64, 0x73, 0x21, 0x22, 0x33, 0xa8, 
	0x33, 0x26, 0x66, 0x77, 0x77, 0x77, 0x76, 0x74, 
	0x44, 0x44, 0x44, 0x44, 0x44, 0x44, 0x77, 0x47, 
	0x74, 0x44, 0x47, 0x47, 0x8a, 0xaa, 0xaa, 0xaa, 
	0x32, 0x22, 0x47, 0x77, 0x52, 0x22, 0x33, 0x83, 
	0x33, 0x26, 0x77, 0x67, 0x67, 0x77, 0x44, 0x44, 
	0x44, 0x44, 0x44, 0x44, 0x44, 0x44, 0x44, 0x47, 
	0x44, 0x44, 0x74, 0x44, 0x8a, 0xaa, 0xaa, 0x88, 
	0x32, 0x23, 0x44, 0x47, 0x75, 0x22, 0x33, 0x55, 
	0x33, 0x46, 0x76, 0x67, 0x74, 0x44, 0x44, 0x44, 
	0x44, 0x44, 0x44, 0x44, 0x44, 0x44, 0x44, 0x77, 
	0x44, 0x74, 0x74, 0x44, 0x88, 0x84, 0x44, 0x44, 
	0x72, 0x24, 0x74, 0x47, 0x77, 0x52, 0x36, 0x52, 
	0x34, 0x44, 0x67, 0x74, 0x44, 0x44, 0x44, 0x44, 
	0x44, 0x44, 0x44, 0x44, 0x44, 0x44, 0x44, 0x47, 
	0x47, 0x74, 0x74, 0x44, 0x48, 0x93, 0xda, 0xa9, 
	0x62, 0x34, 0x74, 0x47, 0x77, 0x72, 0x36, 0x33, 
	0x44, 0x44, 0x77, 0x44, 0x44, 0x44, 0x44, 0x44, 
	0x44, 0x44, 0x44, 0x44, 0x44, 0x44, 0x44, 0x44, 
	0x77, 0x74, 0x74, 0x44, 0x48, 0x43, 0xbc, 0xea, 
	0x53, 0x64, 0x44, 0x47, 0x77, 0x75, 0x36, 0x34, 
	0x44, 0x44, 0x44, 0x44, 0x44, 0x44, 0x44, 0x44, 
	0x44, 0x44, 0x44, 0x77, 0x44, 0x44, 0x44, 0x44, 
	0x47, 0x47, 0x74, 0x44, 0x49, 0x93, 0xbc, 0xe8, 
	0x53, 0x44, 0x44, 0x44, 0x77, 0x74, 0x73, 0x75, 
	0x67, 0x74, 0x44, 0x44, 0x44, 0x44, 0x44, 0x44, 
	0x44, 0x44, 0x44, 0x44, 0x44, 0x44, 0x44, 0x44, 
	0x44, 0x47, 0x74, 0x44, 0x49, 0x93, 0xbc, 0xe8, 
	0x75, 0x34, 0x56, 0x77, 0x33, 0x33, 0x32, 0x23, 
	0x77, 0x44, 0x44, 0x44, 0x44, 0x44, 0x47, 0x44, 
	0x44, 0x44, 0x74, 0x74, 0x44, 0x44, 0x44, 0x44, 
	0x44, 0x74, 0x44, 0x44, 0x44, 0x42, 0xbc, 0xe8, 
	0x45, 0x64, 0x44, 0x44, 0x44, 0x72, 0x33, 0x44, 
	0x74, 0x44, 0x44, 0x44, 0x44, 0x44, 0x44, 0x47, 
	0x44, 0x47, 0x47, 0x44, 0x44, 0x44, 0x44, 0x44, 
	0x44, 0x44, 0x44, 0x44, 0x77, 0x42, 0xbc, 0xea, 
	0x45, 0x23, 0x58, 0x88, 0x83, 0x21, 0x36, 0x47, 
	0x44, 0x44, 0x44, 0x44, 0x44, 0x44, 0x47, 0x74, 
	0x44, 0x47, 0x74, 0x47, 0x44, 0x44, 0x44, 0x44, 
	0x44, 0x47, 0x44, 0x44, 0x47, 0x42, 0xd8, 0x84, 
	0x43, 0x21, 0x22, 0x28, 0x21, 0x12, 0x36, 0x76, 
	0x44, 0x74, 0x47, 0x44, 0x44, 0x44, 0x77, 0x77, 
	0x47, 0x47, 0x64, 0x44, 0x47, 0x44, 0x44, 0x47, 
	0x44, 0x44, 0x44, 0x47, 0x47, 0x42, 0x33, 0x34, 
	0x45, 0x22, 0x11, 0x12, 0x12, 0x22, 0x34, 0x46, 
	0x77, 0x74, 0x77, 0x74, 0x74, 0x47, 0x77, 0x74, 
	0x47, 0x77, 0x77, 0x77, 0x47, 0x47, 0x44, 0x47, 
	0x47, 0x74, 0x44, 0x47, 0x44, 0x42, 0x33, 0x34, 
	0x45, 0x22, 0x22, 0x55, 0x52, 0x22, 0x24, 0x44, 
	0x47, 0x74, 0x77, 0x74, 0x74, 0x47, 0x76, 0x74, 
	0x77, 0x77, 0x76, 0x44, 0x77, 0x44, 0x74, 0x74, 
	0x77, 0x44, 0x44, 0x77, 0x74, 0x42, 0xaa, 0xa7, 
	0x45, 0x22, 0x33, 0x33, 0x52, 0x22, 0x26, 0x44, 
	0x44, 0x47, 0x67, 0x74, 0x74, 0x46, 0x66, 0x74, 
	0x76, 0x77, 0x76, 0x74, 0x77, 0x77, 0x74, 0x47, 
	0x77, 0x74, 0x74, 0x47, 0x77, 0x42, 0xde, 0xe8, 
	0x45, 0x23, 0x44, 0x44, 0x42, 0x22, 0x26, 0x44, 
	0x44, 0x44, 0x74, 0x77, 0x74, 0x46, 0x66, 0x77, 
	0x76, 0x66, 0x67, 0x77, 0x77, 0x77, 0x44, 0x47, 
	0x74, 0x77, 0x44, 0x44, 0x77, 0x42, 0xde, 0xea, 
	0x45, 0x24, 0x44, 0x44, 0x44, 0x52, 0x23, 0x44, 
	0x44, 0x44, 0x44, 0x47, 0x74, 0x36, 0x66, 0x77, 
	0x67, 0x66, 0x66, 0x77, 0x76, 0x76, 0x47, 0x77, 
	0x47, 0x74, 0x44, 0x44, 0x77, 0x42, 0xde, 0xea, 
	0x45, 0x64, 0x44, 0x44, 0x44, 0x44, 0x23, 0x44, 
	0x44, 0x44, 0x44, 0x47, 0x74, 0x33, 0x36, 0x77, 
	0x66, 0x33, 0x36, 0x77, 0x76, 0x66, 0x77, 0x77, 
	0x77, 0x44, 0x44, 0x44, 0x47, 0x42, 0xde, 0xea, 
	0x47, 0x44, 0x44, 0x44, 0x44, 0x44, 0x43, 0x44, 
	0x44, 0x44, 0x44, 0x44, 0x44, 0x33, 0x36, 0x46, 
	0x33, 0x33, 0x33, 0x77, 0x66, 0x66, 0x47, 0x67, 
	0x77, 0x77, 0x44, 0x44, 0x47, 0x72, 0xde, 0xe8, 
	0x44, 0x44, 0x44, 0x44, 0x44, 0x44, 0x44, 0x44, 
	0x44, 0x44, 0x44, 0x44, 0x44, 0x33, 0x33, 0x73, 
	0x33, 0x33, 0x33, 0x76, 0x33, 0x66, 0x77, 0x66, 
	0x67, 0x77, 0x44, 0x44, 0x44, 0x75, 0x83, 0x36, 
	0x74, 0x44, 0x44, 0x44, 0x44, 0x44, 0x44, 0x44, 
	0x44, 0x44, 0x44, 0x44, 0x44, 0x44, 0x36, 0x43, 
	0x33, 0x33, 0x33, 0x76, 0x36, 0x33, 0x77, 0x66, 
	0x66, 0x76, 0x74, 0x47, 0x73, 0x22, 0x22, 0x33, 
	0x77, 0x44, 0x44, 0x44, 0x44, 0x44, 0x44, 0x74, 
	0x44, 0x44, 0x44, 0x44, 0x44, 0x44, 0x44, 0x43, 
	0x33, 0x33, 0x36, 0x73, 0x33, 0x33, 0x77, 0x66, 
	0x66, 0x66, 0x64, 0x73, 0x22, 0x11, 0x11, 0x12, 
	0x77, 0x44, 0x44, 0x44, 0x44, 0x44, 0x44, 0x44, 
	0x44, 0x44, 0x44, 0x44, 0x44, 0x44, 0x44, 0x44, 
	0x44, 0x33, 0x33, 0x73, 0x33, 0x33, 0x76, 0x33, 
	0x63, 0x67, 0x73, 0x22, 0x21, 0x11, 0x21, 0x11, 
	0x66, 0x74, 0x75, 0x55, 0x55, 0x66, 0x44, 0x44, 
	0x44, 0x44, 0x44, 0x44, 0x44, 0x44, 0x44, 0x44, 
	0x44, 0x44, 0x33, 0x73, 0x33, 0x33, 0x66, 0x33, 
	0x33, 0x36, 0x63, 0x22, 0x22, 0x11, 0x11, 0x11, 
	0x35, 0x77, 0x23, 0x33, 0x22, 0x33, 0x64, 0x44, 
	0x44, 0x44, 0x44, 0x44, 0x44, 0x44, 0x44, 0x44, 
	0x44, 0x44, 0x44, 0x44, 0x33, 0x33, 0x43, 0x33, 
	0x33, 0x37, 0x32, 0x22, 0x21, 0x11, 0x10, 0x01, 
	0x44, 0x44, 0x22, 0x22, 0x22, 0x23, 0x64, 0x44, 
	0x44, 0x44, 0x44, 0x44, 0x44, 0x44, 0x44, 0x73, 
	0x54, 0x44, 0x44, 0x44, 0x44, 0x44, 0x47, 0x33, 
	0x33, 0x36, 0x32, 0x22, 0x11, 0x12, 0x22, 0x11, 
	0x49, 0x49, 0x22, 0x22, 0x22, 0x22, 0x34, 0x44, 
	0x44, 0x44, 0x44, 0x44, 0x44, 0x44, 0x44, 0x32, 
	0x24, 0x99, 0x94, 0x44, 0x44, 0x44, 0x44, 0x47, 
	0x44, 0x45, 0x32, 0x22, 0x54, 0x44, 0x44, 0x44, 
	0x9b, 0x94, 0x22, 0x21, 0x11, 0x11, 0x34, 0x44, 
	0x44, 0x44, 0x44, 0x44, 0x44, 0x44, 0x44, 0x44, 
	0x44, 0x33, 0x74, 0x44, 0x44, 0x44, 0x44, 0x44, 
	0x44, 0x47, 0x33, 0x74, 0x44, 0x44, 0x44, 0x44, 
	0x49, 0x95, 0x21, 0x11, 0x11, 0x13, 0x36, 0x44, 
	0x49, 0x99, 0x99, 0x44, 0x44, 0x44, 0x44, 0x77, 
	0x44, 0x77, 0x76, 0x54, 0x44, 0x44, 0x44, 0x44, 
	0x44, 0x47, 0x44, 0x44, 0x94, 0x49, 0x88, 0x84, 
	0x9d, 0xa5, 0x23, 0x22, 0x22, 0x21, 0x26, 0x44, 
	0x49, 0x99, 0x94, 0x44, 0x44, 0x45, 0x73, 0x33, 
	0x34, 0x32, 0x35, 0x64, 0x54, 0x44, 0x44, 0x74, 
	0x44, 0x47, 0x44, 0x49, 0xad, 0xda, 0xda, 0x89, 
	0x9b, 0xa4, 0x21, 0x11, 0x11, 0x11, 0x26, 0x44, 
	0x99, 0x99, 0x99, 0x44, 0x44, 0x45, 0x74, 0x51, 
	0x14, 0x76, 0x66, 0x34, 0x74, 0x44, 0x47, 0x47, 
	0x74, 0x44, 0x44, 0x49, 0xdc, 0xcc, 0xcd, 0x84, 
	0x99, 0x84, 0x20, 0x00, 0x00, 0x02, 0x23, 0x49, 
	0x99, 0x99, 0x94, 0x44, 0x44, 0x44, 0x72, 0x34, 
	0x44, 0x25, 0x44, 0x44, 0x47, 0x76, 0x66, 0x77, 
	0x74, 0x44, 0x44, 0x49, 0xda, 0xa8, 0xa8, 0x89, 
	0x44, 0x94, 0x44, 0x44, 0x44, 0x47, 0x46, 0x49, 
	0x99, 0x99, 0x48, 0x88, 0x84, 0x88, 0x84, 0x42, 
	0x23, 0x55, 0x57, 0x44, 0x77, 0x67, 0x76, 0x66, 
	0x67, 0x49, 0x44, 0x44, 0x99, 0x99, 0x99, 0x94, 
	0x44, 0x44, 0x44, 0x47, 0x77, 0x47, 0x76, 0x49, 
	0x99, 0x9d, 0xda, 0xdd, 0xa8, 0xad, 0xa4, 0x44, 
	0x44, 0x44, 0x44, 0x47, 0x47, 0x47, 0x74, 0x44, 
	0x44, 0x44, 0x44, 0x94, 0x44, 0x49, 0x44, 0x49, 
	0x44, 0x74, 0x44, 0x77, 0x77, 0x77, 0x75, 0x49, 
	0x99, 0xac, 0xcd, 0xbc, 0xa8, 0xdc, 0xd8, 0x44, 
	0x44, 0x44, 0x44, 0x44, 0x44, 0x44, 0x44, 0x44, 
	0x44, 0x49, 0x44, 0x94, 0x44, 0x44, 0x49, 0x49, 
	0x44, 0x77, 0x47, 0x77, 0x77, 0x77, 0x76, 0x49, 
	0x99, 0x9a, 0xa8, 0x8a, 0x88, 0x8a, 0x88, 0x94, 
	0x94, 0x44, 0x49, 0x49, 0x44, 0x44, 0x94, 0x94, 
	0x44, 0x94, 0x44, 0x44, 0x44, 0x44, 0x49, 0x99, 
	0x45, 0x67, 0x74, 0x77, 0x77, 0x77, 0x76, 0x44, 
	0x99, 0x99, 0x99, 0x99, 0x99, 0x99, 0x99, 0x99, 
	0x99, 0x99, 0x94, 0x99, 0x99, 0x44, 0x44, 0x94, 
	0x94, 0x99, 0x94, 0x99, 0x49, 0x94, 0x44, 0x99, 
	0x45, 0x36, 0x77, 0x77, 0x77, 0x77, 0x73, 0x49, 
	0x99, 0x99, 0x99, 0x99, 0x99, 0x99, 0x99, 0x99, 
	0x99, 0x99, 0x99, 0x99, 0x94, 0x99, 0x99, 0x49, 
	0x49, 0x99, 0x99, 0x49, 0x99, 0x99, 0x99, 0x44, 
	
};

ALIGNED8 u8 ss1_space_space128_2_pal_rgba16[] = {
	0x73, 0xeb, 0x5b, 0x25, 0x3a, 0x1b, 0x21, 0x53, 
	0x10, 0x89, 0x21, 0x51, 0x11, 0x0f, 0x18, 0xcd, 
	0x31, 0x4b, 0x00, 0x01, 0x62, 0x4d, 0xef, 0x77, 
	0xde, 0xeb, 0xcc, 0xdd, 0x8e, 0x13, 
};

ALIGNED8 u8 ss1_space_space64_20_ci4[] = {
	0x01, 0x23, 0x04, 0x05, 0x11, 0x00, 0x22, 0x05, 
	0x55, 0x51, 0x14, 0x40, 0x22, 0x44, 0x44, 0x16, 
	0x44, 0x40, 0x14, 0x44, 0x51, 0x47, 0x74, 0x22, 
	0x44, 0x52, 0x07, 0x44, 0x51, 0x74, 0x54, 0x20, 
	0x01, 0x23, 0x14, 0x50, 0x18, 0x04, 0x50, 0x50, 
	0x05, 0x40, 0x65, 0x45, 0x50, 0x54, 0x44, 0x94, 
	0x04, 0x70, 0x65, 0x44, 0x40, 0x77, 0x77, 0x50, 
	0x77, 0x47, 0x47, 0x75, 0x40, 0x54, 0x44, 0x20, 
	0x16, 0x88, 0x54, 0x16, 0x36, 0x75, 0x06, 0x00, 
	0x69, 0x96, 0xa7, 0x44, 0x49, 0x04, 0x44, 0x09, 
	0x57, 0x75, 0x05, 0x54, 0x49, 0x44, 0x47, 0x50, 
	0x74, 0x57, 0x47, 0x79, 0x50, 0x57, 0x40, 0x54, 
	0x10, 0x01, 0x05, 0x10, 0x61, 0x42, 0x22, 0x80, 
	0x44, 0x01, 0x07, 0x45, 0x55, 0x54, 0x45, 0x55, 
	0x57, 0x75, 0x95, 0x54, 0x55, 0x44, 0x77, 0x06, 
	0x74, 0x57, 0x47, 0x75, 0x40, 0x07, 0x70, 0x54, 
	0x30, 0x50, 0xb3, 0x01, 0xaa, 0x15, 0x5a, 0x30, 
	0x44, 0xa3, 0x44, 0x49, 0x3a, 0x44, 0x41, 0x54, 
	0x74, 0x98, 0x54, 0x54, 0x06, 0x45, 0x77, 0x15, 
	0x54, 0x45, 0x54, 0x70, 0x50, 0x77, 0x45, 0x50, 
	0xa9, 0x06, 0xcc, 0xc3, 0x3c, 0xa4, 0x9d, 0x3a, 
	0xdd, 0xa6, 0xdd, 0xdd, 0xca, 0x97, 0x43, 0xb3, 
	0x94, 0x51, 0x05, 0xb3, 0xba, 0x99, 0x74, 0xbb, 
	0xb3, 0x3a, 0x67, 0x6a, 0xa3, 0x33, 0x3a, 0xa3, 
	0x06, 0x21, 0x51, 0x05, 0x11, 0x05, 0x76, 0xc6, 
	0x69, 0x96, 0x11, 0x69, 0x9d, 0xa7, 0x75, 0xcc, 
	0x97, 0x79, 0x69, 0x69, 0x69, 0x44, 0x47, 0x16, 
	0x96, 0x69, 0x07, 0x98, 0x96, 0x10, 0x11, 0x95, 
	0x22, 0x81, 0x40, 0x50, 0x12, 0x50, 0x41, 0x34, 
	0x44, 0x01, 0x47, 0x54, 0x51, 0x07, 0x44, 0xaa, 
	0x77, 0x75, 0x54, 0x44, 0x54, 0x45, 0x47, 0x94, 
	0x45, 0x44, 0x47, 0x51, 0x45, 0x47, 0x50, 0x77, 
	0x00, 0x5b, 0x34, 0x41, 0x30, 0x44, 0x51, 0x14, 
	0x74, 0x61, 0x77, 0x40, 0x05, 0x77, 0x70, 0x16, 
	0x74, 0x70, 0x47, 0x44, 0x00, 0x74, 0x54, 0x54, 
	0x44, 0x45, 0x47, 0x45, 0x77, 0x47, 0x75, 0x44, 
	0x04, 0x5e, 0xe9, 0x51, 0x3a, 0x97, 0x40, 0x65, 
	0x77, 0x96, 0x97, 0x70, 0x95, 0x77, 0x70, 0x94, 
	0x77, 0x6a, 0x77, 0x44, 0x80, 0x77, 0x45, 0x67, 
	0x77, 0x45, 0x47, 0x74, 0x74, 0x47, 0x75, 0x44, 
	0x14, 0x43, 0xba, 0x45, 0x63, 0x14, 0x44, 0x01, 
	0x50, 0x45, 0x30, 0x77, 0x51, 0x54, 0x75, 0x44, 
	0x77, 0x56, 0x44, 0x47, 0x14, 0x77, 0x45, 0x54, 
	0x77, 0x70, 0x47, 0x70, 0x50, 0x47, 0x70, 0x77, 
	0x31, 0x02, 0x11, 0x3a, 0xac, 0x65, 0xdd, 0xc3, 
	0xa3, 0x3a, 0xa9, 0x99, 0x6a, 0xa9, 0x4a, 0xdd, 
	0x99, 0x99, 0xdd, 0x16, 0x31, 0x99, 0x99, 0xa9, 
	0x33, 0x6a, 0x97, 0x6a, 0xa3, 0x16, 0x6a, 0x95, 
	0x50, 0x06, 0xc6, 0x9d, 0x3a, 0x64, 0x9a, 0xc6, 
	0x99, 0x9d, 0x69, 0x99, 0xdc, 0x95, 0x43, 0xbc, 
	0x97, 0x95, 0x1f, 0xbb, 0xbc, 0x69, 0x44, 0xbb, 
	0xbb, 0x69, 0x97, 0xca, 0x33, 0x33, 0xca, 0x69, 
	0x40, 0xba, 0x34, 0x7a, 0xca, 0x44, 0x23, 0x34, 
	0x77, 0x6c, 0x44, 0x79, 0xda, 0x77, 0x02, 0x65, 
	0x77, 0x20, 0x55, 0x55, 0x65, 0x44, 0x45, 0x55, 
	0x55, 0x44, 0x77, 0x99, 0x44, 0x44, 0x99, 0x44, 
	0x58, 0xb3, 0xc7, 0x43, 0x23, 0x44, 0x6a, 0xc4, 
	0x75, 0xad, 0x77, 0x76, 0xc6, 0x77, 0x40, 0x94, 
	0x77, 0xa7, 0x74, 0x77, 0xa7, 0x77, 0x70, 0x57, 
	0x74, 0x45, 0x77, 0x44, 0x54, 0x77, 0x75, 0x77, 
	0x20, 0x1f, 0xc7, 0x02, 0x23, 0x04, 0x44, 0x65, 
	0x75, 0x09, 0x74, 0x75, 0x15, 0x74, 0x56, 0x07, 
	0x77, 0x07, 0x74, 0x74, 0x07, 0x77, 0x70, 0x07, 
	0x77, 0x45, 0x77, 0x54, 0x54, 0x77, 0x42, 0x77, 
	0x20, 0x41, 0x52, 0x40, 0x12, 0x44, 0x47, 0x16, 
	0x44, 0x55, 0x16, 0x77, 0x47, 0xd9, 0x57, 0x49, 
	0x74, 0x77, 0x5a, 0x75, 0x77, 0x95, 0x79, 0x77, 
	0x94, 0x75, 0x77, 0x15, 0x75, 0x74, 0xc7, 0x47, 
	0x66, 0x43, 0x47, 0x58, 0x35, 0x61, 0x16, 0x10, 
	0x49, 0x66, 0x94, 0x95, 0x16, 0x94, 0x49, 0xdd, 
	0x79, 0x99, 0x9d, 0x4a, 0x99, 0xd9, 0x99, 0x74, 
	0x07, 0x4a, 0x97, 0xa4, 0x75, 0x74, 0xc7, 0x77, 
	0x5b, 0x3e, 0x9d, 0xab, 0xe5, 0x98, 0x3e, 0xc6, 
	0x63, 0x30, 0x99, 0xdc, 0xc6, 0x45, 0x9d, 0xd9, 
	0x99, 0xdc, 0x41, 0x3e, 0xd9, 0x99, 0x41, 0xb3, 
	0x33, 0xcc, 0x76, 0xb3, 0xb3, 0x33, 0x30, 0x8a, 
	0x5e, 0xfb, 0x7a, 0x83, 0xe2, 0x51, 0xfb, 0x15, 
	0x91, 0x3a, 0x79, 0xda, 0x34, 0x74, 0x6c, 0xc7, 
	0x76, 0xda, 0x51, 0xfb, 0xc7, 0x77, 0x43, 0x33, 
	0x38, 0x9b, 0x75, 0x33, 0x33, 0x38, 0x3a, 0x10, 
	0x1f, 0xff, 0xff, 0xff, 0x33, 0xbb, 0x8f, 0x12, 
	0x88, 0x8a, 0x50, 0x12, 0x50, 0x40, 0x4a, 0x15, 
	0x4a, 0x21, 0x22, 0x63, 0x12, 0x11, 0x6a, 0xcc, 
	0x38, 0xa3, 0x30, 0x11, 0x8f, 0x12, 0x12, 0x20, 
	0x55, 0x1a, 0x1a, 0x1a, 0x38, 0x55, 0x28, 0x3a, 
	0xaa, 0x10, 0x06, 0x3a, 0xa3, 0xa5, 0x75, 0xbb, 
	0xcd, 0x99, 0x50, 0xac, 0x3a, 0x47, 0x44, 0xaa, 
	0x33, 0xa6, 0xa9, 0x50, 0x28, 0x3a, 0x3a, 0x66, 
	0x41, 0x23, 0x69, 0xc6, 0x11, 0x05, 0x0a, 0xc6, 
	0x44, 0x01, 0x55, 0x69, 0x11, 0x54, 0x75, 0xba, 
	0x47, 0x70, 0x20, 0x33, 0xf3, 0x47, 0x47, 0x6c, 
	0x33, 0x89, 0x57, 0x79, 0x6c, 0x33, 0x10, 0x02, 
	0x51, 0x23, 0x54, 0x15, 0x18, 0x50, 0x50, 0x15, 
	0x44, 0x01, 0x54, 0x44, 0x12, 0x44, 0x44, 0x11, 
	0x44, 0x70, 0x20, 0x44, 0x28, 0x47, 0x47, 0x01, 
	0x44, 0x52, 0x07, 0x75, 0x01, 0x44, 0x47, 0x00, 
	0x01, 0x23, 0x04, 0x20, 0x12, 0x45, 0x50, 0x55, 
	0x20, 0x40, 0x15, 0x45, 0x50, 0x44, 0x44, 0x55, 
	0x04, 0x75, 0x05, 0x47, 0x70, 0x77, 0x47, 0x09, 
	0x77, 0x47, 0x47, 0x74, 0x70, 0x57, 0x75, 0x04, 
	0x01, 0x23, 0x54, 0x66, 0x35, 0x74, 0x06, 0x05, 
	0x66, 0x56, 0xa4, 0x74, 0x56, 0x97, 0x44, 0x99, 
	0x54, 0x75, 0x95, 0x54, 0x49, 0x74, 0x57, 0x55, 
	0x77, 0x57, 0x47, 0x70, 0x49, 0x07, 0x42, 0x54, 
	0x12, 0x11, 0x54, 0x10, 0x11, 0x40, 0x22, 0x14, 
	0x45, 0x02, 0x57, 0x45, 0x45, 0x47, 0x40, 0x04, 
	0x57, 0x40, 0x55, 0x54, 0x40, 0x44, 0x47, 0x00, 
	0x74, 0x54, 0x44, 0x75, 0x49, 0x07, 0x75, 0x44, 
	0x35, 0x50, 0xb3, 0x01, 0x18, 0x14, 0x50, 0x31, 
	0x45, 0x1a, 0x57, 0x45, 0x3a, 0x54, 0x58, 0x14, 
	0x77, 0x58, 0x54, 0x54, 0x58, 0x45, 0x77, 0x80, 
	0x74, 0x45, 0x04, 0x75, 0x55, 0x47, 0x42, 0x04, 
	0x10, 0x06, 0xbb, 0xa3, 0xcc, 0xc4, 0x9d, 0x3a, 
	0x66, 0x66, 0x6d, 0x9d, 0xca, 0x94, 0x4a, 0xb3, 
	0x94, 0x4a, 0x50, 0xbb, 0xbc, 0x99, 0x44, 0xbc, 
	0xbb, 0xca, 0x94, 0x9d, 0x63, 0xa3, 0x8a, 0x1f, 
	0x12, 0x22, 0x55, 0xa6, 0xaa, 0x65, 0x7a, 0xca, 
	0x99, 0x99, 0x1a, 0x60, 0x99, 0xa7, 0x75, 0xcc, 
	0x97, 0x75, 0x96, 0x55, 0x65, 0x77, 0x44, 0x65, 
	0x55, 0x99, 0x97, 0x7a, 0x91, 0xa6, 0x10, 0x55, 
	0x05, 0xa1, 0x40, 0x05, 0x12, 0x00, 0x41, 0xa5, 
	0x44, 0x01, 0x07, 0x54, 0x51, 0x64, 0x75, 0xa3, 
	0x77, 0x70, 0x57, 0x47, 0x44, 0x75, 0x77, 0x55, 
	0x45, 0x44, 0x47, 0x4a, 0x44, 0x47, 0x40, 0x44, 
	0x50, 0x1f, 0x14, 0x42, 0x35, 0x04, 0x51, 0x24, 
	0x77, 0x01, 0x47, 0x45, 0x95, 0x44, 0x42, 0xa6, 
	0x74, 0x70, 0x57, 0x44, 0x04, 0x74, 0x74, 0x54, 
	0x74, 0x44, 0x77, 0x75, 0x77, 0x77, 0x70, 0x44, 
	0x20, 0x2e, 0xe5, 0x58, 0xb3, 0x04, 0x76, 0x65, 
	0x74, 0x99, 0x67, 0x79, 0x99, 0x47, 0x76, 0x05, 
	0x77, 0x0a, 0x77, 0x77, 0x15, 0x77, 0x45, 0xa7, 
	0x77, 0x75, 0x47, 0x75, 0x44, 0x77, 0x70, 0x44, 
	0x20, 0x28, 0xe2, 0x20, 0x1f, 0x14, 0x75, 0x0a, 
	0x54, 0x46, 0xc9, 0x75, 0x46, 0x57, 0x75, 0x50, 
	0x77, 0x50, 0x74, 0x77, 0xa4, 0x77, 0x45, 0x07, 
	0x77, 0x75, 0x47, 0x75, 0x44, 0x77, 0x70, 0x77, 
	0xca, 0x51, 0xa3, 0x36, 0x3a, 0x16, 0x9d, 0xa3, 
	0xca, 0xaa, 0xad, 0x99, 0xdc, 0xd9, 0x41, 0xcd, 
	0x99, 0x99, 0xaa, 0x15, 0xcd, 0x99, 0x99, 0x15, 
	0x1c, 0xad, 0x94, 0xaa, 0xa1, 0xaa, 0xaa, 0x95, 
	0x99, 0x6a, 0xa6, 0x61, 0xca, 0x94, 0x6c, 0xa6, 
	0x99, 0x21, 0xad, 0xd9, 0xda, 0x94, 0x43, 0xbd, 
	0xd9, 0x79, 0x3c, 0xbb, 0xbd, 0xd9, 0x77, 0xbb, 
	0xbb, 0xad, 0x97, 0x3c, 0x1f, 0xf3, 0x3c, 0xd9, 
	0x41, 0xb2, 0xc7, 0x41, 0xcc, 0x44, 0x23, 0xc7, 
	0x44, 0x63, 0x47, 0x70, 0xa3, 0x77, 0x76, 0xa7, 
	0x77, 0x04, 0x94, 0x54, 0x04, 0x44, 0x74, 0x57, 
	0x75, 0x44, 0x77, 0x57, 0x74, 0x77, 0x76, 0x74, 
	0x51, 0xe3, 0xc7, 0x43, 0x9b, 0x44, 0x23, 0xc7, 
	0x75, 0xac, 0x77, 0x70, 0xa6, 0x77, 0x41, 0x07, 
	0x77, 0x14, 0x77, 0x77, 0x14, 0x77, 0x70, 0x07, 
	0x74, 0x45, 0x77, 0x44, 0x54, 0x77, 0x75, 0x77, 
	0x20, 0x2e, 0x85, 0x02, 0x43, 0x04, 0x44, 0x65, 
	0x74, 0x05, 0x47, 0x44, 0x57, 0x77, 0x50, 0x55, 
	0x44, 0x57, 0x77, 0x74, 0x97, 0x77, 0x70, 0x57, 
	0x77, 0x75, 0x77, 0x94, 0x54, 0x77, 0x40, 0x47, 
	0x20, 0x28, 0x02, 0x00, 0x02, 0x54, 0x44, 0x10, 
	0x44, 0x45, 0x16, 0x77, 0x44, 0x64, 0x47, 0x99, 
	0x75, 0x44, 0x99, 0x79, 0x77, 0x64, 0x49, 0x77, 
	0x97, 0x75, 0x77, 0xa7, 0x45, 0x77, 0xa5, 0x47, 
	0x22, 0x11, 0x65, 0x02, 0x01, 0x54, 0x55, 0x45, 
	0x02, 0x00, 0x65, 0x45, 0x01, 0x94, 0x74, 0x54, 
	0x45, 0x77, 0x54, 0x77, 0x4a, 0x47, 0x57, 0x51, 
	0x77, 0x45, 0x54, 0x74, 0x02, 0x77, 0x45, 0x44, 
	0x50, 0x18, 0x0a, 0x1a, 0xc3, 0x54, 0x03, 0x3a, 
	0x1a, 0x22, 0x0a, 0x3a, 0xc3, 0xa7, 0x75, 0xb3, 
	0x3a, 0x95, 0x05, 0x33, 0xcd, 0x97, 0x77, 0x6a, 
	0x33, 0x3a, 0xa9, 0x70, 0x1a, 0x33, 0x3a, 0x61, 
	0x41, 0x23, 0x69, 0xc6, 0x11, 0x05, 0x0a, 0xc6, 
	0x44, 0x01, 0x55, 0x69, 0x11, 0x54, 0x75, 0xba, 
	0x47, 0x70, 0x20, 0x33, 0xf3, 0x47, 0x47, 0x6c, 
	0x33, 0x89, 0x57, 0x79, 0x6c, 0x33, 0x10, 0x02, 
	0x51, 0x23, 0x54, 0x15, 0x18, 0x50, 0x50, 0x15, 
	0x44, 0x01, 0x54, 0x44, 0x12, 0x44, 0x44, 0x11, 
	0x44, 0x70, 0x20, 0x44, 0x28, 0x47, 0x47, 0x01, 
	0x44, 0x52, 0x07, 0x75, 0x01, 0x44, 0x47, 0x00, 
	0x01, 0x23, 0x04, 0x20, 0x12, 0x45, 0x50, 0x55, 
	0x20, 0x40, 0x15, 0x45, 0x50, 0x44, 0x44, 0x55, 
	0x04, 0x75, 0x05, 0x47, 0x70, 0x77, 0x47, 0x09, 
	0x77, 0x47, 0x47, 0x74, 0x70, 0x57, 0x75, 0x04, 
	0x01, 0x23, 0x54, 0x66, 0x35, 0x74, 0x06, 0x05, 
	0x66, 0x56, 0xa4, 0x74, 0x56, 0x97, 0x44, 0x99, 
	0x54, 0x75, 0x95, 0x54, 0x49, 0x74, 0x57, 0x55, 
	0x77, 0x57, 0x47, 0x70, 0x49, 0x07, 0x42, 0x54, 
	0x12, 0x11, 0x54, 0x10, 0x11, 0x40, 0x22, 0x14, 
	0x45, 0x02, 0x57, 0x45, 0x45, 0x47, 0x40, 0x04, 
	0x57, 0x40, 0x55, 0x54, 0x40, 0x44, 0x47, 0x00, 
	0x74, 0x54, 0x44, 0x75, 0x49, 0x07, 0x75, 0x44, 
	0x35, 0x50, 0xb3, 0x01, 0x18, 0x14, 0x50, 0x31, 
	0x45, 0x1a, 0x57, 0x45, 0x3a, 0x54, 0x58, 0x14, 
	0x77, 0x58, 0x54, 0x54, 0x58, 0x45, 0x77, 0x80, 
	0x74, 0x45, 0x04, 0x75, 0x55, 0x47, 0x42, 0x04, 
	0x10, 0x06, 0xbb, 0xa3, 0xcc, 0xc4, 0x9d, 0x3a, 
	0x66, 0x66, 0x6d, 0x9d, 0xca, 0x94, 0x4a, 0xb3, 
	0x94, 0x4a, 0x50, 0xbb, 0xbc, 0x99, 0x44, 0xbc, 
	0xbb, 0xca, 0x94, 0x9d, 0x63, 0xa3, 0x8a, 0x1f, 
	0x12, 0x22, 0x55, 0xa6, 0xaa, 0x65, 0x7a, 0xca, 
	0x99, 0x99, 0x1a, 0x60, 0x99, 0xa7, 0x75, 0xcc, 
	0x97, 0x75, 0x96, 0x55, 0x65, 0x77, 0x44, 0x65, 
	0x55, 0x99, 0x97, 0x7a, 0x91, 0xa6, 0x10, 0x55, 
	0x05, 0xa1, 0x40, 0x05, 0x12, 0x00, 0x41, 0xa5, 
	0x44, 0x01, 0x07, 0x54, 0x51, 0x64, 0x75, 0xa3, 
	0x77, 0x70, 0x57, 0x47, 0x44, 0x75, 0x77, 0x55, 
	0x45, 0x44, 0x47, 0x4a, 0x44, 0x47, 0x40, 0x44, 
	0x50, 0x1f, 0x14, 0x42, 0x35, 0x04, 0x51, 0x24, 
	0x77, 0x01, 0x47, 0x45, 0x95, 0x44, 0x42, 0xa6, 
	0x74, 0x70, 0x57, 0x44, 0x04, 0x74, 0x74, 0x54, 
	0x74, 0x44, 0x77, 0x75, 0x77, 0x77, 0x70, 0x44, 
	0x20, 0x2e, 0xe5, 0x58, 0xb3, 0x04, 0x76, 0x65, 
	0x74, 0x99, 0x67, 0x79, 0x99, 0x47, 0x76, 0x05, 
	0x77, 0x0a, 0x77, 0x77, 0x15, 0x77, 0x45, 0xa7, 
	0x77, 0x75, 0x47, 0x75, 0x44, 0x77, 0x70, 0x44, 
	0x20, 0x28, 0xe2, 0x20, 0x1f, 0x14, 0x75, 0x0a, 
	0x54, 0x46, 0xc9, 0x75, 0x46, 0x57, 0x75, 0x50, 
	0x77, 0x50, 0x74, 0x77, 0xa4, 0x77, 0x45, 0x07, 
	0x77, 0x75, 0x47, 0x75, 0x44, 0x77, 0x70, 0x77, 
	0xca, 0x51, 0xa3, 0x36, 0x3a, 0x16, 0x9d, 0xa3, 
	0xca, 0xaa, 0xad, 0x99, 0xdc, 0xd9, 0x41, 0xcd, 
	0x99, 0x99, 0xaa, 0x15, 0xcd, 0x99, 0x99, 0x15, 
	0x1c, 0xad, 0x94, 0xaa, 0xa1, 0xaa, 0xaa, 0x95, 
	0x99, 0x6a, 0xa6, 0x61, 0xca, 0x94, 0x6c, 0xa6, 
	0x99, 0x21, 0xad, 0xd9, 0xda, 0x94, 0x43, 0xbd, 
	0xd9, 0x79, 0x3c, 0xbb, 0xbd, 0xd9, 0x77, 0xbb, 
	0xbb, 0xad, 0x97, 0x3c, 0x1f, 0xf3, 0x3c, 0xd9, 
	0x41, 0xb2, 0xc7, 0x41, 0xcc, 0x44, 0x23, 0xc7, 
	0x44, 0x63, 0x47, 0x70, 0xa3, 0x77, 0x76, 0xa7, 
	0x77, 0x04, 0x94, 0x54, 0x04, 0x44, 0x74, 0x57, 
	0x75, 0x44, 0x77, 0x57, 0x74, 0x77, 0x76, 0x74, 
	0x51, 0xe3, 0xc7, 0x43, 0x9b, 0x44, 0x23, 0xc7, 
	0x75, 0xac, 0x77, 0x70, 0xa6, 0x77, 0x41, 0x07, 
	0x77, 0x14, 0x77, 0x77, 0x14, 0x77, 0x70, 0x07, 
	0x74, 0x45, 0x77, 0x44, 0x54, 0x77, 0x75, 0x77, 
	0x20, 0x2e, 0x85, 0x02, 0x43, 0x04, 0x44, 0x65, 
	0x74, 0x05, 0x47, 0x44, 0x57, 0x77, 0x50, 0x55, 
	0x44, 0x57, 0x77, 0x74, 0x97, 0x77, 0x70, 0x57, 
	0x77, 0x75, 0x77, 0x94, 0x54, 0x77, 0x40, 0x47, 
	0x20, 0x28, 0x02, 0x00, 0x02, 0x54, 0x44, 0x10, 
	0x44, 0x45, 0x16, 0x77, 0x44, 0x64, 0x47, 0x99, 
	0x75, 0x44, 0x99, 0x79, 0x77, 0x64, 0x49, 0x77, 
	0x97, 0x75, 0x77, 0xa7, 0x45, 0x77, 0xa5, 0x47, 
	0x9d, 0x5b, 0x44, 0x41, 0x34, 0x98, 0x15, 0x12, 
	0x50, 0x06, 0x97, 0x44, 0x06, 0xd9, 0x75, 0xd9, 
	0x79, 0x9d, 0x9d, 0x41, 0x99, 0xd9, 0x99, 0x54, 
	0x54, 0x4a, 0x74, 0x15, 0x54, 0x54, 0x34, 0x77, 
	0x6c, 0x5e, 0xdd, 0xcb, 0xe9, 0x51, 0xbb, 0x3a, 
	0xa3, 0xba, 0x9d, 0xdd, 0xba, 0x94, 0x4c, 0xc7, 
	0x99, 0x6c, 0x7a, 0xcb, 0xd9, 0x94, 0x76, 0xb3, 
	0xb3, 0xcd, 0x79, 0xbb, 0xb3, 0xb3, 0xe9, 0x33, 
	0x2e, 0x3e, 0x5a, 0xaa, 0xe5, 0x5a, 0xab, 0x65, 
	0x21, 0xba, 0x49, 0xaa, 0xc4, 0x75, 0x6c, 0xc4, 
	0x76, 0xaa, 0x58, 0x2e, 0x14, 0x77, 0x51, 0x38, 
	0x38, 0xab, 0x40, 0x8a, 0xab, 0x8a, 0x8a, 0x11, 
	0x28, 0xfb, 0xff, 0xf3, 0xe2, 0xff, 0x83, 0x10, 
	0x81, 0x11, 0x55, 0x21, 0x65, 0x42, 0x01, 0x65, 
	0x41, 0x21, 0x20, 0x28, 0x31, 0x33, 0x6a, 0x33, 
	0x33, 0x83, 0xa5, 0x10, 0x83, 0x10, 0x10, 0x50, 
	
};

ALIGNED8 u8 ss1_space_space64_20_pal_rgba16[] = {
	0xf9, 0x8d, 0xfa, 0x93, 0xf9, 0x8f, 0xfb, 0x9b, 
	0xf8, 0xc5, 0xf9, 0x49, 0xfa, 0x4d, 0xf8, 0x81, 
	0xfa, 0xd9, 0xfa, 0x49, 0xfb, 0x13, 0xfc, 0xa3, 
	0xfb, 0xd5, 0xfb, 0x4b, 0xfd, 0xad, 0xfb, 0xa3, 
	
};

ALIGNED8 u8 ss1_space_space256_7_ci4[] = {
	0x00, 0x00, 0x01, 0x02, 0x23, 0x22, 0x42, 0x20, 
	0x10, 0x00, 0x00, 0x13, 0x00, 0x00, 0x00, 0x00, 
	0x00, 0x00, 0x00, 0x00, 0x22, 0x00, 0x00, 0x00, 
	0x02, 0x32, 0x22, 0x42, 0x20, 0x00, 0x00, 0x02, 
	0x00, 0x00, 0x00, 0x02, 0x23, 0x22, 0x33, 0x20, 
	0x00, 0x00, 0x00, 0x54, 0x00, 0x50, 0x50, 0x00, 
	0x50, 0x00, 0x05, 0x05, 0x60, 0x00, 0x00, 0x00, 
	0x02, 0x22, 0x22, 0x43, 0x20, 0x00, 0x00, 0x00, 
	0x31, 0x11, 0x11, 0x11, 0x23, 0x22, 0x32, 0x27, 
	0x11, 0x77, 0x73, 0x23, 0x33, 0x37, 0x71, 0x13, 
	0x22, 0x77, 0x72, 0x33, 0x23, 0x17, 0x17, 0x11, 
	0x12, 0x22, 0x22, 0x42, 0x21, 0x11, 0x12, 0x13, 
	0x60, 0x00, 0x66, 0x64, 0x23, 0x22, 0x32, 0x46, 
	0x66, 0x55, 0x56, 0x66, 0x66, 0x35, 0x57, 0x66, 
	0x66, 0x55, 0x54, 0x66, 0x66, 0x65, 0x51, 0x66, 
	0x62, 0x23, 0x22, 0x42, 0x46, 0x63, 0x00, 0x06, 
	0x60, 0x00, 0x36, 0x43, 0x23, 0x22, 0x42, 0x36, 
	0x62, 0x55, 0x56, 0x66, 0x66, 0x35, 0x57, 0x46, 
	0x64, 0x55, 0x53, 0x66, 0x66, 0x65, 0x51, 0x46, 
	0x42, 0x23, 0x22, 0x42, 0x46, 0x62, 0x00, 0x06, 
	0x23, 0x33, 0x23, 0x71, 0x24, 0x22, 0x42, 0x71, 
	0x32, 0x13, 0x11, 0x63, 0x44, 0x43, 0x31, 0x73, 
	0x67, 0x31, 0x33, 0x43, 0x23, 0x13, 0x33, 0x32, 
	0x71, 0x23, 0x22, 0x42, 0x72, 0x32, 0x33, 0x32, 
	0x33, 0x64, 0x37, 0x72, 0x34, 0x22, 0x43, 0x27, 
	0x72, 0x44, 0x37, 0x74, 0x33, 0x36, 0x43, 0x77, 
	0x31, 0x34, 0x63, 0x33, 0x77, 0x34, 0x46, 0x77, 
	0x12, 0x33, 0x23, 0x43, 0x37, 0x73, 0x46, 0x31, 
	0x33, 0x32, 0x17, 0x33, 0x34, 0x22, 0x43, 0x31, 
	0x13, 0x33, 0x33, 0x34, 0x44, 0x44, 0x33, 0x36, 
	0x43, 0x34, 0x44, 0x44, 0x43, 0x33, 0x32, 0x31, 
	0x33, 0x34, 0x24, 0x43, 0x31, 0x73, 0x23, 0x33, 
	0x33, 0x31, 0x33, 0x34, 0x34, 0x42, 0x44, 0x33, 
	0x32, 0x33, 0x33, 0x46, 0x44, 0x44, 0x44, 0x44, 
	0x44, 0x43, 0x36, 0x66, 0x66, 0x33, 0x32, 0x33, 
	0x44, 0x46, 0x34, 0x64, 0x43, 0x33, 0x33, 0x33, 
	0x36, 0x66, 0x66, 0x66, 0x24, 0x22, 0x43, 0x66, 
	0x66, 0x66, 0x66, 0x66, 0x66, 0x66, 0x66, 0x66, 
	0x66, 0x66, 0x66, 0x66, 0x66, 0x36, 0x66, 0x66, 
	0x66, 0x34, 0x24, 0x64, 0x66, 0x66, 0x66, 0x36, 
	0x11, 0x66, 0x43, 0x34, 0x64, 0x44, 0x44, 0x64, 
	0x66, 0x66, 0x66, 0x66, 0x66, 0x66, 0x66, 0x66, 
	0x66, 0x66, 0x66, 0x66, 0x66, 0x66, 0x66, 0x66, 
	0x46, 0x66, 0x24, 0x66, 0x43, 0x43, 0x66, 0x56, 
	0x11, 0x66, 0x33, 0x12, 0x26, 0x48, 0x86, 0x98, 
	0x66, 0x66, 0x6a, 0xb6, 0x9a, 0xc6, 0xb8, 0x66, 
	0x66, 0x9d, 0x6d, 0xe6, 0x49, 0xab, 0x69, 0xc6, 
	0x46, 0x66, 0x64, 0x42, 0x21, 0x73, 0x66, 0x14, 
	0x11, 0x66, 0x77, 0x02, 0x26, 0x68, 0x9c, 0xe9, 
	0xc6, 0x66, 0x6f, 0x8f, 0xed, 0xc6, 0x8e, 0x66, 
	0x66, 0x6c, 0x46, 0x66, 0x46, 0x89, 0xc9, 0x96, 
	0x44, 0x66, 0x66, 0x62, 0x17, 0x77, 0x64, 0x14, 
	0x01, 0x46, 0x75, 0x22, 0x36, 0x66, 0x66, 0x66, 
	0x66, 0x66, 0x6c, 0x66, 0xcc, 0x66, 0x66, 0x46, 
	0x66, 0x66, 0x66, 0x66, 0x66, 0x6c, 0x66, 0x66, 
	0x46, 0x66, 0x66, 0x62, 0x11, 0x77, 0x63, 0x16, 
	0x10, 0x46, 0x66, 0x32, 0x36, 0x66, 0x66, 0x66, 
	0x66, 0x66, 0x6d, 0xbe, 0x8b, 0xe6, 0x8e, 0x66, 
	0x66, 0x66, 0x66, 0x66, 0x4c, 0xb8, 0x6a, 0x94, 
	0x44, 0x66, 0x66, 0x43, 0x16, 0x66, 0x63, 0x04, 
	0x50, 0x46, 0x77, 0x11, 0x26, 0x66, 0x66, 0x66, 
	0x66, 0x66, 0x66, 0x66, 0x66, 0x66, 0x66, 0x66, 
	0x66, 0x66, 0x46, 0x66, 0x66, 0x66, 0x66, 0x66, 
	0x46, 0x66, 0x66, 0x42, 0x17, 0x77, 0x43, 0x53, 
	0x01, 0x66, 0x55, 0x11, 0x26, 0x66, 0x66, 0x66, 
	0x66, 0x66, 0x66, 0x66, 0x66, 0x66, 0x66, 0x6e, 
	0xb6, 0x88, 0x66, 0x66, 0x46, 0x66, 0x66, 0x66, 
	0x66, 0x66, 0x66, 0x42, 0x17, 0x77, 0x43, 0x13, 
	0x01, 0x46, 0x77, 0x12, 0x24, 0x44, 0x44, 0x66, 
	0x64, 0x46, 0x66, 0x66, 0x66, 0x46, 0x66, 0x66, 
	0x66, 0x66, 0x66, 0x66, 0x46, 0x66, 0x66, 0x66, 
	0x46, 0x66, 0x66, 0x42, 0x17, 0x77, 0x43, 0x03, 
	0x01, 0x46, 0x77, 0x12, 0x24, 0x46, 0x64, 0x9b, 
	0xf6, 0x66, 0x66, 0x66, 0x66, 0x66, 0x66, 0x6d, 
	0xb6, 0x66, 0x46, 0x66, 0x46, 0x66, 0x66, 0x66, 
	0x66, 0x66, 0x66, 0x42, 0x17, 0x77, 0x43, 0x17, 
	0x12, 0x66, 0x77, 0x12, 0x26, 0x66, 0x66, 0x66, 
	0x66, 0x66, 0x66, 0x66, 0x66, 0xc6, 0x66, 0x6e, 
	0x86, 0x66, 0x66, 0x66, 0x46, 0x66, 0x66, 0x66, 
	0x66, 0x66, 0x66, 0x42, 0x17, 0x77, 0x44, 0x13, 
	0x01, 0x66, 0x77, 0x11, 0x26, 0x66, 0x66, 0x66, 
	0x66, 0x66, 0x66, 0x66, 0x66, 0xc6, 0x66, 0x66, 
	0xc4, 0x66, 0x66, 0x66, 0x66, 0x66, 0x66, 0x66, 
	0x66, 0x66, 0x66, 0x62, 0x13, 0x77, 0x44, 0x17, 
	0x01, 0x46, 0x11, 0x12, 0x24, 0x46, 0x64, 0x6c, 
	0x66, 0x66, 0x66, 0x66, 0xcc, 0x64, 0x66, 0x6e, 
	0xc6, 0x66, 0x66, 0xc6, 0x66, 0x66, 0x66, 0x66, 
	0x66, 0x66, 0x66, 0x42, 0x11, 0x31, 0x43, 0x13, 
	0x01, 0x46, 0x33, 0x12, 0x26, 0x66, 0x64, 0x66, 
	0x66, 0x66, 0x66, 0x66, 0x66, 0x66, 0x66, 0x66, 
	0x66, 0x66, 0x66, 0x66, 0x66, 0x66, 0x66, 0x64, 
	0x66, 0x44, 0x46, 0x42, 0x13, 0x33, 0x44, 0x17, 
	0x02, 0x66, 0x73, 0x12, 0x26, 0x66, 0x64, 0x69, 
	0x86, 0x66, 0x69, 0xde, 0xd9, 0xe6, 0xdc, 0x66, 
	0x66, 0x66, 0x46, 0xde, 0x4d, 0x96, 0x66, 0x66, 
	0x6c, 0x66, 0x66, 0x41, 0x11, 0x17, 0x43, 0x17, 
	0x01, 0x44, 0x33, 0x12, 0x24, 0x46, 0x64, 0x6e, 
	0xf6, 0x66, 0x6c, 0xcf, 0xee, 0xc6, 0x66, 0x66, 
	0x66, 0x66, 0x66, 0x66, 0x6f, 0xc6, 0x66, 0x66, 
	0x6c, 0xb6, 0x66, 0x42, 0x13, 0x33, 0x43, 0x17, 
	0x00, 0x66, 0x33, 0x12, 0x34, 0x46, 0x64, 0x6b, 
	0x86, 0xbb, 0x6a, 0xbc, 0xeb, 0x86, 0x86, 0x6a, 
	0x96, 0x9a, 0xe6, 0xee, 0x48, 0x86, 0xc8, 0xe6, 
	0x66, 0x66, 0x66, 0x42, 0x23, 0x33, 0x43, 0x57, 
	0x00, 0x00, 0x55, 0x12, 0x26, 0x66, 0x66, 0xca, 
	0x96, 0x99, 0x6c, 0xdf, 0xd9, 0xf6, 0x6c, 0x69, 
	0x96, 0xc9, 0x96, 0xc6, 0x49, 0x86, 0x8a, 0xf6, 
	0x6b, 0xb6, 0x66, 0x62, 0x25, 0x55, 0x00, 0x00, 
	0x50, 0x05, 0x55, 0x12, 0x36, 0x66, 0x66, 0x66, 
	0x66, 0x66, 0x66, 0x66, 0x66, 0x66, 0x66, 0x66, 
	0x66, 0x66, 0x66, 0x66, 0x66, 0x66, 0x66, 0x66, 
	0x66, 0x66, 0x66, 0x42, 0x20, 0x75, 0x00, 0x05, 
	0x17, 0x11, 0x13, 0x32, 0x34, 0x46, 0x64, 0x6a, 
	0x96, 0x66, 0x66, 0x66, 0xea, 0xe6, 0x66, 0x66, 
	0x66, 0x66, 0x66, 0x66, 0x46, 0x66, 0x66, 0x66, 
	0x6b, 0x86, 0x66, 0x42, 0x23, 0x21, 0x11, 0x13, 
	0x60, 0x01, 0x66, 0x63, 0x34, 0x44, 0x66, 0x66, 
	0x64, 0x66, 0x46, 0x64, 0x66, 0x66, 0x46, 0x66, 
	0x64, 0x66, 0x66, 0x66, 0x64, 0x64, 0x64, 0x66, 
	0x66, 0xc6, 0x64, 0x42, 0x66, 0x64, 0x00, 0x06, 
	0x60, 0x01, 0x44, 0x32, 0x34, 0x46, 0x66, 0x69, 
	0x86, 0xd9, 0x4d, 0x86, 0xd9, 0x86, 0x9b, 0x66, 
	0x66, 0x96, 0x66, 0x96, 0x4e, 0xe6, 0xcb, 0xf4, 
	0x66, 0x66, 0x66, 0x42, 0x33, 0x63, 0x00, 0x13, 
	0x26, 0x44, 0x37, 0x12, 0x36, 0x46, 0x64, 0x68, 
	0xf6, 0xff, 0x46, 0x66, 0x8f, 0xc4, 0xcf, 0x66, 
	0x66, 0x66, 0x46, 0x66, 0x46, 0xc4, 0x6c, 0xe6, 
	0x66, 0x46, 0x66, 0x42, 0x15, 0x73, 0x46, 0x61, 
	0x04, 0x43, 0x55, 0x12, 0x34, 0x46, 0x64, 0x6a, 
	0x86, 0x8b, 0x6b, 0xbc, 0xba, 0x86, 0xd8, 0x69, 
	0x94, 0x66, 0x66, 0x66, 0x4b, 0x86, 0x88, 0xe6, 
	0x6e, 0xe6, 0x66, 0x42, 0x25, 0x57, 0x64, 0x31, 
	0x33, 0x21, 0x77, 0x22, 0x36, 0x66, 0x66, 0x69, 
	0x96, 0x99, 0x6e, 0xdf, 0xd9, 0x96, 0xed, 0x6b, 
	0x96, 0x66, 0x66, 0x66, 0x69, 0x86, 0xea, 0xf6, 
	0x6c, 0x64, 0x66, 0x42, 0x27, 0x71, 0x23, 0x33, 
	0x43, 0x33, 0x33, 0x33, 0x34, 0x66, 0x66, 0x66, 
	0x66, 0x6c, 0x66, 0x66, 0x66, 0x66, 0x66, 0x46, 
	0xc6, 0x66, 0xc6, 0x66, 0x64, 0x64, 0x66, 0x66, 
	0x68, 0x8c, 0x66, 0x43, 0x23, 0x33, 0x33, 0x33, 
	0x06, 0x66, 0x66, 0x66, 0x44, 0x46, 0x64, 0x6a, 
	0x96, 0xa9, 0x6b, 0xbe, 0xda, 0x86, 0xec, 0x6a, 
	0x96, 0x9b, 0xf6, 0x66, 0x46, 0x66, 0x66, 0x66, 
	0x6c, 0xbf, 0x66, 0x46, 0x66, 0x66, 0x66, 0x37, 
	0x02, 0x66, 0x33, 0x33, 0x43, 0x46, 0x44, 0x66, 
	0x64, 0x66, 0x64, 0x66, 0x66, 0x66, 0x66, 0x46, 
	0x66, 0x66, 0x66, 0x66, 0x66, 0x66, 0x66, 0x66, 
	0x66, 0x66, 0x44, 0x44, 0x33, 0x33, 0x66, 0x20, 
	0x01, 0x66, 0x44, 0x32, 0x34, 0x46, 0x64, 0x66, 
	0x66, 0x66, 0x66, 0x66, 0x66, 0x66, 0x66, 0x66, 
	0x66, 0x66, 0x46, 0x86, 0x4b, 0xb6, 0x8a, 0xf6, 
	0x68, 0xbf, 0x66, 0x42, 0x24, 0x66, 0x66, 0x17, 
	0x02, 0x66, 0x77, 0x22, 0x34, 0x66, 0x64, 0x66, 
	0x66, 0x66, 0x66, 0x66, 0x66, 0x46, 0x66, 0x66, 
	0x66, 0x66, 0x66, 0x66, 0x46, 0x66, 0x66, 0x66, 
	0x6c, 0xc3, 0x66, 0x62, 0x17, 0x77, 0x64, 0x20, 
	0x01, 0x46, 0x77, 0x22, 0x34, 0x46, 0x66, 0x66, 
	0x66, 0x66, 0x66, 0x66, 0xeb, 0xc6, 0xc6, 0x66, 
	0x66, 0x66, 0x46, 0x66, 0x4d, 0xc6, 0x66, 0x66, 
	0x69, 0xde, 0x66, 0x63, 0x11, 0x77, 0x64, 0x10, 
	0x01, 0x46, 0x33, 0x22, 0x26, 0x66, 0x64, 0x66, 
	0x66, 0x66, 0x64, 0x66, 0xda, 0x86, 0xe6, 0x64, 
	0x66, 0x66, 0x66, 0x66, 0x68, 0xd6, 0x66, 0x66, 
	0x6d, 0x8f, 0x66, 0x62, 0x21, 0x37, 0x64, 0x10, 
	0x02, 0x66, 0x57, 0x32, 0x24, 0x66, 0x66, 0x46, 
	0x66, 0x66, 0x66, 0x66, 0x66, 0x66, 0x66, 0x66, 
	0x66, 0x66, 0x66, 0x66, 0x66, 0x64, 0x66, 0x64, 
	0x6c, 0xcc, 0x66, 0x42, 0x11, 0x77, 0x64, 0x10, 
	0x01, 0x66, 0x77, 0x32, 0x26, 0x46, 0x64, 0x66, 
	0x64, 0x66, 0x66, 0x66, 0xea, 0xb6, 0xeb, 0x66, 
	0x64, 0x66, 0x66, 0x66, 0x66, 0x66, 0x46, 0x64, 
	0x6e, 0xbf, 0x66, 0x42, 0x17, 0x77, 0x64, 0x10, 
	0x01, 0x46, 0x77, 0x22, 0x24, 0x66, 0x44, 0x44, 
	0x63, 0x46, 0x36, 0x66, 0x6c, 0x63, 0x66, 0x66, 
	0x66, 0xd9, 0x86, 0x9c, 0x69, 0xd6, 0x99, 0x66, 
	0x66, 0x66, 0x66, 0x43, 0x11, 0x57, 0x64, 0x10, 
	0x01, 0x66, 0x77, 0x21, 0x24, 0x66, 0x64, 0x66, 
	0x66, 0x9b, 0x66, 0x66, 0xda, 0x86, 0xdb, 0x66, 
	0x66, 0x89, 0xe6, 0x9f, 0x6c, 0x86, 0x99, 0x66, 
	0x44, 0x66, 0x66, 0x42, 0x11, 0x77, 0x64, 0x10, 
	0x01, 0x66, 0x77, 0x22, 0x26, 0x66, 0x64, 0x66, 
	0x66, 0xfc, 0x66, 0x66, 0x88, 0xe6, 0x88, 0x66, 
	0x66, 0x66, 0x66, 0x66, 0x46, 0x66, 0x36, 0x66, 
	0x46, 0x64, 0x66, 0x42, 0x12, 0x77, 0x64, 0x10, 
	0x01, 0x66, 0x77, 0x22, 0x24, 0x46, 0x66, 0x66, 
	0x66, 0xce, 0x46, 0x66, 0xe8, 0x86, 0x86, 0x66, 
	0x66, 0xeb, 0xf6, 0x66, 0x46, 0x66, 0x44, 0x44, 
	0x44, 0x66, 0x46, 0x41, 0x11, 0x77, 0x64, 0x10, 
	0x01, 0x46, 0x33, 0x32, 0x36, 0x68, 0xc6, 0xcb, 
	0x96, 0xa9, 0x64, 0x66, 0xe9, 0x86, 0xbd, 0x64, 
	0x66, 0x68, 0xf6, 0x66, 0x66, 0x66, 0x46, 0x66, 
	0x46, 0x64, 0x66, 0x42, 0x21, 0x33, 0x64, 0x10, 
	0x01, 0x46, 0x33, 0x32, 0x26, 0x66, 0x66, 0x66, 
	0x63, 0x66, 0x76, 0x66, 0x66, 0x63, 0x66, 0x46, 
	0x66, 0x66, 0xc6, 0x66, 0x66, 0x64, 0x66, 0x66, 
	0x66, 0x66, 0x66, 0x42, 0x11, 0x33, 0x64, 0x10, 
	0x01, 0x46, 0x33, 0x32, 0x36, 0x4a, 0x9e, 0xeb, 
	0xb6, 0xa9, 0x64, 0x46, 0xea, 0xb4, 0xeb, 0x64, 
	0x46, 0xeb, 0x96, 0xdb, 0x4b, 0xa6, 0x46, 0x66, 
	0x46, 0x64, 0x66, 0x43, 0x23, 0x33, 0x64, 0x10, 
	0x01, 0x46, 0x33, 0x32, 0x24, 0x46, 0x66, 0x66, 
	0x66, 0x66, 0x66, 0x66, 0x66, 0x66, 0x66, 0x66, 
	0x66, 0x66, 0x66, 0x66, 0x66, 0x66, 0x46, 0x66, 
	0x46, 0x64, 0x66, 0x62, 0x22, 0x36, 0x64, 0x10, 
	0x00, 0x46, 0x33, 0x33, 0x34, 0x66, 0x66, 0x66, 
	0x66, 0x66, 0x66, 0x66, 0x66, 0x66, 0x66, 0x66, 
	0x66, 0x66, 0x66, 0x66, 0x46, 0x66, 0x46, 0x36, 
	0x36, 0x63, 0x46, 0x62, 0x22, 0x42, 0x44, 0x10, 
	0x66, 0x66, 0x66, 0x66, 0x64, 0x64, 0x66, 0x66, 
	0x66, 0x66, 0x66, 0x66, 0x66, 0x66, 0x66, 0x66, 
	0x66, 0x66, 0x66, 0x66, 0x66, 0x66, 0x66, 0x66, 
	0x66, 0x66, 0x66, 0x46, 0x66, 0x66, 0x66, 0x66, 
	0x00, 0x00, 0x00, 0x12, 0x66, 0x46, 0x63, 0x36, 
	0x63, 0x66, 0x44, 0x64, 0x46, 0x44, 0x46, 0x46, 
	0x66, 0x66, 0x66, 0x66, 0x46, 0x63, 0x44, 0x64, 
	0x33, 0x24, 0x46, 0x64, 0x20, 0x00, 0x00, 0x10, 
	0x55, 0x00, 0x11, 0x22, 0x43, 0x21, 0x13, 0x21, 
	0x00, 0x00, 0x00, 0x01, 0x10, 0x00, 0x00, 0x05, 
	0x70, 0x00, 0x00, 0x10, 0x20, 0x00, 0x00, 0x00, 
	0x01, 0x23, 0x12, 0x33, 0x21, 0x55, 0x00, 0x11, 
	0x31, 0x72, 0x33, 0x32, 0x32, 0x22, 0x23, 0x22, 
	0x11, 0x11, 0x11, 0x22, 0x23, 0x22, 0x22, 0x22, 
	0x22, 0x22, 0x22, 0x22, 0x32, 0x22, 0x11, 0x11, 
	0x12, 0x23, 0x32, 0x32, 0x23, 0x24, 0x21, 0x14, 
	0x47, 0x72, 0x66, 0x42, 0x33, 0x22, 0x23, 0x22, 
	0x21, 0x21, 0x13, 0x34, 0x43, 0x31, 0x77, 0x33, 
	0x63, 0x27, 0x12, 0x34, 0x44, 0x31, 0x11, 0x22, 
	0x22, 0x23, 0x22, 0x32, 0x26, 0x64, 0x21, 0x16, 
	0x21, 0x12, 0x44, 0x22, 0x33, 0x22, 0x23, 0x26, 
	0x66, 0x21, 0x13, 0x66, 0x66, 0x41, 0x77, 0x66, 
	0x66, 0x47, 0x72, 0x66, 0x66, 0x61, 0x15, 0x36, 
	0x66, 0x24, 0x22, 0x32, 0x23, 0x43, 0x21, 0x14, 
	0x26, 0x66, 0x32, 0x22, 0x33, 0x22, 0x24, 0x22, 
	0x44, 0x31, 0x13, 0x44, 0x46, 0x42, 0x11, 0x36, 
	0x43, 0x31, 0x13, 0x46, 0x46, 0x41, 0x11, 0x36, 
	0x43, 0x24, 0x23, 0x33, 0x22, 0x23, 0x66, 0x63, 
	0x23, 0x33, 0x11, 0x22, 0x33, 0x22, 0x24, 0x32, 
	0x13, 0x66, 0x62, 0x23, 0x23, 0x36, 0x64, 0x23, 
	0x32, 0x26, 0x66, 0x32, 0x24, 0x24, 0x66, 0x42, 
	0x22, 0x24, 0x23, 0x43, 0x21, 0x12, 0x44, 0x33, 
	0x33, 0x22, 0x33, 0x23, 0x44, 0x32, 0x24, 0x22, 
	0x11, 0x22, 0x32, 0x33, 0x23, 0x23, 0x43, 0x23, 
	0x43, 0x23, 0x43, 0x22, 0x42, 0x22, 0x23, 0x31, 
	0x12, 0x24, 0x23, 0x43, 0x22, 0x22, 0x22, 0x44, 
	0x66, 0x66, 0x66, 0x64, 0x44, 0x23, 0x24, 0x33, 
	0x32, 0x32, 0x33, 0x34, 0x44, 0x43, 0x33, 0x33, 
	0x43, 0x33, 0x34, 0x44, 0x43, 0x33, 0x33, 0x23, 
	0x33, 0x24, 0x33, 0x43, 0x46, 0x66, 0x66, 0x66, 
	0x66, 0x66, 0x46, 0x63, 0x44, 0x22, 0x26, 0x46, 
	0x66, 0x66, 0x66, 0x66, 0x66, 0x66, 0x66, 0x66, 
	0x66, 0x66, 0x66, 0x66, 0x66, 0x66, 0x66, 0x66, 
	0x66, 0x44, 0x22, 0x44, 0x46, 0x46, 0x66, 0x66, 
	0x66, 0x66, 0x33, 0x43, 0x44, 0x32, 0x26, 0x66, 
	0x66, 0x66, 0x63, 0x66, 0x66, 0x66, 0x66, 0x66, 
	0x66, 0x66, 0x66, 0x66, 0x66, 0x63, 0x66, 0x66, 
	0x66, 0x64, 0x23, 0x44, 0x33, 0x33, 0x66, 0x64, 
	
};

ALIGNED8 u8 ss1_space_space256_7_pal_rgba16[] = {
	0x29, 0xdf, 0x11, 0x53, 0x00, 0x8d, 0x08, 0x89, 
	0x00, 0x03, 0x32, 0x1b, 0x00, 0x01, 0x21, 0x93, 
	0x92, 0x45, 0xff, 0x6b, 0xff, 0x9b, 0xd3, 0x07, 
	0x28, 0x81, 0xed, 0x0f, 0x58, 0xc1, 0xcc, 0x57, 
	
};

ALIGNED8 u8 ss1_space_space64_19_ci4[] = {
	0x01, 0x11, 0x11, 0x11, 0x11, 0x11, 0x11, 0x10, 
	0x22, 0x11, 0x22, 0x11, 0x11, 0x11, 0x11, 0x10, 
	0x00, 0x01, 0x00, 0x22, 0x01, 0x11, 0x11, 0x00, 
	0x11, 0x11, 0x11, 0x11, 0x11, 0x11, 0x11, 0x00, 
	0x00, 0x00, 0x00, 0x00, 0x00, 0x00, 0x00, 0x10, 
	0x22, 0x00, 0x00, 0x00, 0x00, 0x00, 0x00, 0x00, 
	0x00, 0x00, 0x00, 0x00, 0x00, 0x00, 0x00, 0x10, 
	0x00, 0x00, 0x00, 0x00, 0x00, 0x00, 0x00, 0x10, 
	0x00, 0x00, 0x00, 0x00, 0x00, 0x00, 0x00, 0x00, 
	0x00, 0x01, 0x01, 0x01, 0x01, 0x01, 0x01, 0x10, 
	0x00, 0x00, 0x00, 0x00, 0x00, 0x00, 0x00, 0x10, 
	0x00, 0x00, 0x00, 0x00, 0x00, 0x00, 0x00, 0x10, 
	0x00, 0x00, 0x00, 0x00, 0x00, 0x10, 0x00, 0x00, 
	0x11, 0x33, 0x33, 0x33, 0x33, 0x33, 0x33, 0x31, 
	0x01, 0x00, 0x01, 0x11, 0x00, 0x00, 0x00, 0x10, 
	0x00, 0x00, 0x00, 0x00, 0x00, 0x10, 0x00, 0x10, 
	0x00, 0x11, 0x11, 0x11, 0x11, 0x11, 0x10, 0x00, 
	0x11, 0x33, 0x33, 0x33, 0x33, 0x33, 0x33, 0x31, 
	0x10, 0x11, 0x11, 0x10, 0x11, 0x11, 0x10, 0x10, 
	0x01, 0x11, 0x11, 0x11, 0x11, 0x11, 0x10, 0x10, 
	0x00, 0x11, 0x11, 0x11, 0x11, 0x11, 0x10, 0x11, 
	0x13, 0x33, 0x33, 0x33, 0x33, 0x33, 0x33, 0x31, 
	0x10, 0x11, 0x11, 0x10, 0x00, 0x00, 0x10, 0x00, 
	0x01, 0x00, 0x00, 0x00, 0x00, 0x11, 0x10, 0x10, 
	0x01, 0x44, 0x44, 0x44, 0x44, 0x44, 0x20, 0x20, 
	0x11, 0x56, 0x67, 0x88, 0x88, 0x95, 0xa9, 0x31, 
	0x10, 0x44, 0x44, 0x44, 0x44, 0x44, 0x20, 0x10, 
	0x14, 0x44, 0x44, 0x44, 0x44, 0x44, 0x20, 0x10, 
	0x01, 0x44, 0x44, 0x44, 0x44, 0x44, 0x42, 0x20, 
	0x11, 0x6b, 0x7b, 0xcc, 0xcc, 0xbb, 0xa3, 0x31, 
	0x00, 0x44, 0x44, 0x44, 0x44, 0x44, 0x20, 0x10, 
	0x04, 0x44, 0x44, 0x44, 0x44, 0x44, 0x20, 0x10, 
	0x00, 0x44, 0x44, 0x44, 0x44, 0x44, 0x42, 0x11, 
	0x21, 0x8b, 0xbd, 0xcc, 0x8c, 0xdd, 0x69, 0x31, 
	0x14, 0x44, 0x44, 0x44, 0x44, 0x44, 0x20, 0x00, 
	0x14, 0x44, 0x44, 0x44, 0x44, 0x44, 0x20, 0x10, 
	0x00, 0x44, 0x44, 0x44, 0x44, 0x44, 0x42, 0x11, 
	0x11, 0x87, 0xbd, 0xcc, 0xcc, 0xdd, 0xa9, 0x31, 
	0x10, 0x44, 0x44, 0x44, 0x44, 0x44, 0x20, 0x10, 
	0x04, 0x44, 0x44, 0x44, 0x44, 0x44, 0x20, 0x10, 
	0x00, 0x44, 0x44, 0x44, 0x44, 0x44, 0x42, 0x20, 
	0x10, 0x6d, 0xdd, 0xcc, 0x8c, 0xdd, 0xa9, 0x31, 
	0x14, 0x44, 0x44, 0x24, 0x44, 0x44, 0x20, 0x10, 
	0x14, 0x44, 0x44, 0x44, 0x44, 0x44, 0x20, 0x00, 
	0x00, 0x44, 0x44, 0x44, 0x44, 0x44, 0x42, 0x20, 
	0x10, 0x6d, 0xdb, 0xcc, 0xcc, 0xdb, 0xa3, 0x31, 
	0x10, 0x44, 0x44, 0x24, 0x44, 0x44, 0x20, 0x10, 
	0x04, 0x44, 0x44, 0x44, 0x44, 0x44, 0x20, 0x10, 
	0x00, 0x44, 0x44, 0x44, 0x44, 0x44, 0x42, 0x10, 
	0x10, 0x5c, 0xcc, 0x8c, 0x8c, 0xb7, 0xa9, 0x31, 
	0x14, 0x44, 0x44, 0x24, 0x44, 0x44, 0x40, 0x00, 
	0x14, 0x44, 0x44, 0x44, 0x44, 0x44, 0x20, 0x00, 
	0x00, 0x44, 0x44, 0x44, 0x44, 0x44, 0x42, 0x10, 
	0x10, 0x5c, 0xcc, 0xcc, 0xcc, 0xc6, 0xa3, 0x31, 
	0x10, 0x44, 0x44, 0x24, 0x44, 0x44, 0x20, 0x10, 
	0x04, 0x44, 0x44, 0x44, 0x44, 0x44, 0x20, 0x10, 
	0x00, 0x44, 0x44, 0x44, 0x44, 0x44, 0x42, 0x00, 
	0x10, 0x5c, 0xcc, 0xcc, 0x8c, 0x88, 0x29, 0x31, 
	0x14, 0x44, 0x44, 0x24, 0x44, 0x44, 0x40, 0x10, 
	0x14, 0x44, 0x44, 0x44, 0x44, 0x44, 0x40, 0x00, 
	0x00, 0x44, 0x44, 0x44, 0x44, 0x44, 0x42, 0x00, 
	0x10, 0x5c, 0xcc, 0xcc, 0xcc, 0xcc, 0x29, 0x31, 
	0x10, 0x44, 0x44, 0x24, 0x44, 0x44, 0x20, 0x10, 
	0x04, 0x44, 0x44, 0x44, 0x44, 0x44, 0x20, 0x10, 
	0x00, 0x44, 0x44, 0x44, 0x44, 0x44, 0x42, 0x00, 
	0x11, 0x26, 0x8c, 0x8c, 0x8c, 0x8a, 0x23, 0x31, 
	0x14, 0x44, 0x44, 0x44, 0x44, 0x44, 0x22, 0x10, 
	0x14, 0x44, 0x44, 0x44, 0x44, 0x44, 0x00, 0x10, 
	0x00, 0x44, 0x44, 0x44, 0x44, 0x44, 0x42, 0x00, 
	0x11, 0x15, 0x99, 0x99, 0x99, 0x91, 0x19, 0x31, 
	0x10, 0x44, 0x44, 0x44, 0x44, 0x44, 0x02, 0x10, 
	0x04, 0x44, 0x44, 0x44, 0x44, 0x44, 0x00, 0x10, 
	0x00, 0x11, 0x10, 0x00, 0x00, 0x11, 0x11, 0x10, 
	0x23, 0x33, 0x33, 0x33, 0x33, 0x33, 0x33, 0x31, 
	0x11, 0x11, 0x11, 0x11, 0x11, 0x11, 0x11, 0x10, 
	0x00, 0x00, 0x00, 0x21, 0x21, 0x11, 0x11, 0x10, 
	0x00, 0x11, 0x10, 0x10, 0x11, 0x11, 0x11, 0x10, 
	0x19, 0x33, 0x33, 0x33, 0x33, 0x33, 0x33, 0x31, 
	0x11, 0x11, 0x11, 0x11, 0x11, 0x11, 0x11, 0x10, 
	0x00, 0x10, 0x10, 0x11, 0x11, 0x11, 0x11, 0x10, 
	0x02, 0x00, 0x00, 0x00, 0x00, 0x01, 0x00, 0x10, 
	0x01, 0x11, 0x11, 0x11, 0x11, 0x11, 0x11, 0x11, 
	0x11, 0x11, 0x11, 0x11, 0x11, 0x11, 0x11, 0x11, 
	0x21, 0x11, 0x11, 0x11, 0x11, 0x11, 0x11, 0x10, 
	0x00, 0x00, 0x00, 0x00, 0x00, 0x00, 0x00, 0x10, 
	0x01, 0x11, 0x11, 0x01, 0x01, 0x11, 0x11, 0x11, 
	0x11, 0x11, 0x11, 0x11, 0x11, 0x11, 0x11, 0x11, 
	0x11, 0x11, 0x01, 0x11, 0x11, 0x11, 0x11, 0x10, 
	0x10, 0x00, 0x00, 0x00, 0x00, 0x00, 0x10, 0x01, 
	0x23, 0x33, 0x33, 0x33, 0x33, 0x33, 0x39, 0x31, 
	0x33, 0x33, 0x33, 0x33, 0x33, 0x33, 0x33, 0x31, 
	0x99, 0x33, 0x33, 0x33, 0x33, 0x33, 0x33, 0x10, 
	0x10, 0x01, 0x01, 0x01, 0x00, 0x01, 0x10, 0x01, 
	0x19, 0x33, 0x33, 0x33, 0x33, 0x33, 0x39, 0x31, 
	0x33, 0x33, 0x33, 0x33, 0x33, 0x33, 0x33, 0x31, 
	0x33, 0x33, 0x33, 0x33, 0x33, 0x33, 0x33, 0x10, 
	0x00, 0x11, 0x11, 0x11, 0x11, 0x11, 0x11, 0x11, 
	0x23, 0x33, 0x33, 0x33, 0x33, 0x93, 0x99, 0xe9, 
	0x13, 0x33, 0x33, 0x33, 0x33, 0x33, 0x33, 0x31, 
	0x93, 0x33, 0x33, 0x33, 0x33, 0x33, 0x33, 0x10, 
	0x01, 0x00, 0x00, 0x00, 0x00, 0x00, 0x00, 0x11, 
	0x19, 0x88, 0x88, 0x88, 0x88, 0x7e, 0x59, 0xe9, 
	0x19, 0x88, 0x88, 0x88, 0x88, 0x88, 0xe9, 0x31, 
	0x59, 0xe9, 0x55, 0x55, 0x55, 0xe9, 0x33, 0x10, 
	0x00, 0x44, 0x44, 0x44, 0x44, 0x44, 0x42, 0x00, 
	0x06, 0xcd, 0xdd, 0xbb, 0xdd, 0xdd, 0x75, 0xe9, 
	0x26, 0xcd, 0xdd, 0xdd, 0xdd, 0xdd, 0xd5, 0x31, 
	0x5c, 0x77, 0xdb, 0xd5, 0x5c, 0x7a, 0x93, 0x10, 
	0x01, 0x44, 0x44, 0x44, 0x44, 0x44, 0x42, 0x10, 
	0x06, 0xcd, 0xdb, 0xbb, 0xbb, 0xdd, 0x75, 0xe9, 
	0x26, 0xfd, 0xdd, 0xdd, 0xdd, 0xdd, 0xd5, 0x31, 
	0x5c, 0xfd, 0xff, 0xd5, 0x5c, 0x7a, 0x59, 0x10, 
	0x00, 0x44, 0x44, 0x44, 0x44, 0x44, 0x42, 0x11, 
	0x06, 0xcd, 0xdd, 0xbb, 0xbb, 0xdd, 0x75, 0xe9, 
	0x26, 0xdd, 0xdd, 0xdd, 0xdd, 0xdd, 0xd5, 0x31, 
	0x5c, 0xff, 0xff, 0xdb, 0xdb, 0x75, 0x93, 0x10, 
	0x01, 0x44, 0x44, 0x44, 0x44, 0x44, 0x42, 0x11, 
	0x06, 0xcd, 0xdd, 0xbb, 0xbb, 0xdd, 0x75, 0xe9, 
	0x26, 0xdd, 0xdd, 0xdd, 0xdd, 0xdd, 0xd5, 0x31, 
	0x5c, 0xff, 0xff, 0xff, 0xff, 0x75, 0x59, 0x10, 
	0x00, 0x44, 0x44, 0x44, 0x44, 0x44, 0x42, 0x00, 
	0x06, 0xdd, 0xdd, 0xbb, 0xbb, 0xdd, 0x75, 0xe9, 
	0x26, 0xdd, 0xdd, 0xdd, 0xdd, 0xdd, 0xd5, 0x31, 
	0x5c, 0xff, 0xff, 0xff, 0xff, 0x75, 0x59, 0x10, 
	0x01, 0x44, 0x44, 0x44, 0x44, 0x44, 0x42, 0x10, 
	0x06, 0xbd, 0xdd, 0xbb, 0xbb, 0xdd, 0x75, 0xe9, 
	0x26, 0xdd, 0xdd, 0xdd, 0xdd, 0xdd, 0xd5, 0x31, 
	0x5c, 0xff, 0xff, 0xff, 0xff, 0x75, 0x59, 0x10, 
	0x00, 0x44, 0x44, 0x44, 0x44, 0x44, 0x42, 0x11, 
	0x06, 0xcd, 0xdd, 0xdb, 0xbb, 0xdd, 0x75, 0xe9, 
	0x26, 0xdd, 0xdd, 0xdd, 0xdd, 0xdd, 0xd5, 0x31, 
	0x5c, 0xff, 0xff, 0xff, 0xff, 0x7a, 0x59, 0x10, 
	0x00, 0x44, 0x44, 0x44, 0x44, 0x44, 0x42, 0x11, 
	0x06, 0xcd, 0xdd, 0xdc, 0xbb, 0xdd, 0x75, 0xe9, 
	0x26, 0xdd, 0xdd, 0xdd, 0xdd, 0xdd, 0xd5, 0x31, 
	0x5c, 0xff, 0xff, 0xff, 0xff, 0x7a, 0x59, 0x10, 
	0x00, 0x44, 0x44, 0x44, 0x44, 0x44, 0x44, 0x00, 
	0x06, 0xcd, 0xdd, 0xbb, 0xbb, 0xdd, 0x75, 0xe9, 
	0x26, 0xdd, 0xdd, 0xdd, 0xdd, 0xdd, 0x79, 0x31, 
	0x26, 0xdd, 0xff, 0xdd, 0xdd, 0x7a, 0x59, 0x10, 
	0x00, 0x44, 0x44, 0x44, 0x44, 0x44, 0x20, 0x00, 
	0x06, 0xcd, 0xdd, 0xbb, 0xbb, 0xdd, 0x75, 0xe9, 
	0x26, 0xbd, 0xbb, 0xbb, 0xbb, 0xbb, 0x83, 0x31, 
	0x26, 0xdd, 0xff, 0xdd, 0xdd, 0x7a, 0x59, 0x10, 
	0x22, 0x44, 0x44, 0x44, 0x44, 0x44, 0x20, 0x00, 
	0x15, 0x8c, 0x8c, 0x8c, 0x8c, 0x8c, 0x66, 0x31, 
	0x15, 0x86, 0x86, 0x86, 0x86, 0x66, 0x55, 0x31, 
	0x15, 0x8c, 0x8c, 0x86, 0x86, 0x55, 0x95, 0x10, 
	0x22, 0x20, 0x20, 0x20, 0x20, 0x20, 0x20, 0x11, 
	0x13, 0x99, 0x99, 0x99, 0x99, 0x99, 0x33, 0x31, 
	0x13, 0x99, 0x99, 0x99, 0x99, 0x33, 0x33, 0x31, 
	0x13, 0x99, 0x99, 0x99, 0x99, 0x33, 0x99, 0x10, 
	0x01, 0x11, 0x11, 0x11, 0x11, 0x11, 0x11, 0x11, 
	0x21, 0x33, 0x33, 0x33, 0x33, 0x33, 0x33, 0x31, 
	0x13, 0x33, 0x33, 0x33, 0x33, 0x33, 0x33, 0x31, 
	0x13, 0x33, 0x33, 0x33, 0x33, 0x33, 0x33, 0x10, 
	0x01, 0x11, 0x11, 0x11, 0x11, 0x11, 0x11, 0x11, 
	0x21, 0x11, 0x33, 0x33, 0x33, 0x33, 0x11, 0x11, 
	0x02, 0x33, 0x33, 0x33, 0x11, 0x33, 0x33, 0x11, 
	0x02, 0x11, 0x11, 0x11, 0x11, 0x11, 0x11, 0x10, 
	0x02, 0x00, 0x20, 0x00, 0x00, 0x00, 0x00, 0x11, 
	0x00, 0x00, 0x20, 0x00, 0x00, 0x00, 0x00, 0x21, 
	0x00, 0x20, 0x00, 0x00, 0x00, 0x20, 0x00, 0x00, 
	0x00, 0x00, 0x00, 0x00, 0x00, 0x00, 0x01, 0x10, 
	0x00, 0x11, 0x11, 0x11, 0x11, 0x11, 0x11, 0x11, 
	0x10, 0x11, 0x11, 0x11, 0x11, 0x11, 0x11, 0x11, 
	0x10, 0x01, 0x11, 0x11, 0x11, 0x01, 0x11, 0x10, 
	0x10, 0x11, 0x11, 0x11, 0x11, 0x11, 0x33, 0x31, 
	0x03, 0x33, 0x33, 0x33, 0x33, 0x33, 0x33, 0x33, 
	0x11, 0x13, 0x33, 0x33, 0x33, 0x33, 0x33, 0x11, 
	0x11, 0x11, 0x11, 0x11, 0x11, 0x11, 0x11, 0x11, 
	0x11, 0x33, 0x33, 0x33, 0x33, 0x33, 0x39, 0xe0, 
	0x23, 0x33, 0x33, 0x33, 0x33, 0x33, 0x33, 0x33, 
	0x13, 0x33, 0x33, 0x33, 0x33, 0x33, 0x33, 0x11, 
	0x11, 0x33, 0x33, 0x33, 0x33, 0x33, 0x33, 0x11, 
	0x13, 0x33, 0x33, 0x33, 0x33, 0x33, 0x39, 0xe1, 
	0x21, 0x33, 0x33, 0x33, 0x33, 0x95, 0x59, 0xee, 
	0x33, 0x33, 0x33, 0x33, 0x95, 0x59, 0x33, 0x31, 
	0x31, 0x31, 0x13, 0x13, 0x13, 0x13, 0x31, 0x11, 
	0x13, 0x39, 0x5e, 0x59, 0x95, 0x5e, 0xee, 0xe0, 
	0x21, 0x55, 0x55, 0x55, 0x88, 0xbb, 0xf7, 0xee, 
	0x11, 0x87, 0x87, 0x88, 0xbb, 0xf7, 0x11, 0x31, 
	0x31, 0x11, 0x02, 0x02, 0x02, 0x02, 0x11, 0x11, 
	0x19, 0x5b, 0xdd, 0xf7, 0xbb, 0xdd, 0x7e, 0xe1, 
	0x23, 0xa8, 0xff, 0x22, 0x77, 0xdd, 0xb7, 0xee, 
	0x06, 0xcd, 0xfd, 0xdd, 0xdd, 0xdd, 0xa9, 0x91, 
	0x11, 0x5a, 0x22, 0x22, 0xa9, 0x22, 0x03, 0x11, 
	0x12, 0x6d, 0xff, 0xff, 0xff, 0xdd, 0x78, 0xe0, 
	0x29, 0xa6, 0xff, 0x77, 0xfd, 0xdd, 0xc7, 0xee, 
	0x06, 0xcd, 0xfd, 0xdd, 0xdd, 0xdd, 0xa5, 0x91, 
	0x11, 0x5a, 0xaa, 0xaa, 0xaa, 0xaa, 0x23, 0x11, 
	0x1a, 0x6d, 0xff, 0xff, 0xff, 0xdb, 0x78, 0xe1, 
	0x23, 0xa6, 0xdd, 0xdd, 0xff, 0xfd, 0xb7, 0xee, 
	0x06, 0xcd, 0xdd, 0xdd, 0xdd, 0xdd, 0xa9, 0x91, 
	0x11, 0x5a, 0xa9, 0x22, 0xa9, 0xaa, 0x21, 0x11, 
	0x12, 0x6d, 0xfd, 0xdd, 0xdd, 0xdb, 0xb8, 0xe0, 
	0x29, 0xa6, 0xdd, 0xdd, 0xff, 0xfd, 0xc7, 0xee, 
	0x06, 0xcd, 0xdd, 0xdd, 0xdd, 0xdd, 0xa5, 0x91, 
	0x11, 0x5a, 0xaa, 0xaa, 0xaa, 0x25, 0x21, 0x11, 
	0x1a, 0x6d, 0xfd, 0xdd, 0xdd, 0xdc, 0xb8, 0xe1, 
	0x23, 0xa6, 0xff, 0xdd, 0xff, 0xfd, 0x8b, 0xee, 
	0x06, 0xcd, 0xdd, 0xdd, 0xdd, 0xdd, 0xa9, 0x91, 
	0x11, 0x5a, 0xa9, 0x22, 0xa9, 0xaa, 0x21, 0x11, 
	0x12, 0x6d, 0xfd, 0xdd, 0xdd, 0xdb, 0xb8, 0xe0, 
	0x29, 0xa6, 0xff, 0xdd, 0xff, 0xfd, 0x87, 0xee, 
	0x06, 0xcd, 0xdd, 0xdd, 0xdd, 0xdd, 0xa5, 0x91, 
	0x11, 0x5a, 0xaa, 0xaa, 0xaa, 0x25, 0x21, 0x11, 
	0x1a, 0x6d, 0xfd, 0xdd, 0xdd, 0xdc, 0xb8, 0xe1, 
	0x23, 0xa6, 0xdd, 0xdd, 0xdd, 0xdd, 0x8b, 0x63, 
	0x15, 0xcd, 0xdd, 0xdd, 0xdd, 0xdd, 0xa9, 0x91, 
	0x11, 0xaa, 0xaa, 0x2a, 0xa9, 0xaa, 0x21, 0x11, 
	0x2a, 0x6d, 0xfd, 0xdd, 0xdd, 0xdb, 0xb8, 0xe0, 
	0x29, 0xa6, 0xdd, 0xdd, 0xdd, 0xdd, 0x87, 0x53, 
	0x1a, 0xcd, 0xdd, 0xdd, 0xdd, 0xdd, 0xa5, 0x91, 
	0x11, 0x25, 0x25, 0x2a, 0xaa, 0x25, 0x21, 0x11, 
	0x2a, 0x6d, 0xfd, 0xdd, 0xdd, 0xdc, 0xb8, 0xe1, 
	0x23, 0x26, 0xdd, 0xdd, 0xdd, 0xdd, 0x8b, 0x63, 
	0x15, 0xcd, 0xdd, 0xdd, 0xdd, 0xdd, 0xa5, 0x91, 
	0x11, 0x22, 0x22, 0x22, 0xa2, 0x22, 0x23, 0x11, 
	0x2a, 0x6d, 0xdd, 0xdd, 0xdd, 0xcc, 0xb7, 0xe0, 
	0x19, 0x26, 0xbd, 0xbb, 0xbd, 0xdb, 0x87, 0x53, 
	0x1a, 0xcd, 0xdd, 0xbb, 0xbb, 0xb7, 0xa5, 0x51, 
	0x11, 0x22, 0x22, 0x22, 0x22, 0x22, 0x29, 0x21, 
	0x2a, 0x6d, 0xbd, 0xbb, 0xbb, 0xcc, 0xc6, 0xe1, 
	0x21, 0x55, 0x86, 0x66, 0x66, 0x66, 0x66, 0x33, 
	0x11, 0x66, 0x66, 0x66, 0x66, 0x55, 0x99, 0x11, 
	0x11, 0x00, 0x00, 0x22, 0x00, 0x22, 0x22, 0x21, 
	0x15, 0x55, 0x66, 0x66, 0x86, 0x66, 0x63, 0x31, 
	0x21, 0x33, 0x99, 0x33, 0x33, 0x33, 0x33, 0x33, 
	0x11, 0x93, 0x93, 0x93, 0x93, 0x33, 0x33, 0x11, 
	0x11, 0x11, 0x11, 0x33, 0x11, 0x33, 0x33, 0x11, 
	0x13, 0x33, 0x33, 0x33, 0x99, 0x33, 0x53, 0x31, 
	0x01, 0x33, 0x33, 0x33, 0x33, 0x33, 0x33, 0x33, 
	0x11, 0x11, 0x11, 0x11, 0x11, 0x11, 0x11, 0x11, 
	0x11, 0x11, 0x13, 0x11, 0x11, 0x11, 0x11, 0x11, 
	0x13, 0x33, 0x33, 0x33, 0x33, 0x33, 0x33, 0x31, 
	0x01, 0x11, 0x11, 0x11, 0x11, 0x11, 0x11, 0x11, 
	0x00, 0x11, 0x11, 0x11, 0x00, 0x11, 0x11, 0x00, 
	0x01, 0x11, 0x02, 0x11, 0x11, 0x11, 0x11, 0x11, 
	0x02, 0x11, 0x11, 0x11, 0x11, 0x11, 0x11, 0x11, 
	0x00, 0x00, 0x00, 0x00, 0x00, 0x01, 0x00, 0x01, 
	0x00, 0x00, 0x10, 0x00, 0x00, 0x00, 0x00, 0x00, 
	0x00, 0x00, 0x00, 0x00, 0x00, 0x00, 0x00, 0x00, 
	0x00, 0x00, 0x22, 0x20, 0x20, 0x20, 0x20, 0x10, 
	0x00, 0x00, 0x10, 0x00, 0x00, 0x01, 0x01, 0x01, 
	0x00, 0x00, 0x00, 0x00, 0x00, 0x00, 0x00, 0x01, 
	0x00, 0x00, 0x00, 0x00, 0x00, 0x01, 0x10, 0x00, 
	0x00, 0x00, 0x22, 0x20, 0x20, 0x20, 0x20, 0x10, 
	0x00, 0x01, 0x00, 0x00, 0x00, 0x01, 0x00, 0x01, 
	0x00, 0x00, 0x11, 0x00, 0x00, 0x11, 0x00, 0x00, 
	0x00, 0x00, 0x00, 0x00, 0x00, 0x00, 0x11, 0x00, 
	0x00, 0x00, 0x10, 0x00, 0x11, 0x00, 0x21, 0x10, 
	0x00, 0x01, 0x11, 0x11, 0x11, 0x01, 0x11, 0x01, 
	0x00, 0x01, 0x11, 0x11, 0x11, 0x11, 0x11, 0x00, 
	0x00, 0x11, 0x11, 0x11, 0x11, 0x11, 0x11, 0x00, 
	0x01, 0x10, 0x10, 0x10, 0x11, 0x10, 0x11, 0x10, 
	
};

ALIGNED8 u8 ss1_space_space64_19_pal_rgba16[] = {
	0x28, 0xcd, 0x39, 0x13, 0x38, 0xcb, 0x6a, 0x5f, 
	0x00, 0x01, 0x71, 0xcd, 0x9a, 0x07, 0xbd, 0x11, 
	0xbb, 0x4b, 0x72, 0x17, 0x52, 0x0b, 0xf6, 0x47, 
	0xf4, 0x85, 0xf7, 0x91, 0xbc, 0x61, 0xff, 0xe3, 
	
};

ALIGNED8 u8 ss1_space_space128_7_ci4[] = {
	0x01, 0x22, 0x22, 0x22, 0x22, 0x00, 0x34, 0x55, 
	0x66, 0x66, 0x66, 0x66, 0x64, 0x46, 0x66, 0x56, 
	0x56, 0x66, 0x64, 0x66, 0x66, 0x66, 0x66, 0x66, 
	0x64, 0x40, 0x12, 0x22, 0x22, 0x22, 0x21, 0x30, 
	0x30, 0x22, 0x11, 0x11, 0x21, 0x01, 0x34, 0x43, 
	0x00, 0x11, 0x12, 0x27, 0x77, 0x77, 0x72, 0x22, 
	0x22, 0x27, 0x77, 0x77, 0x72, 0x21, 0x10, 0x03, 
	0x64, 0x30, 0x11, 0x11, 0x11, 0x12, 0x20, 0x03, 
	0x30, 0x21, 0x44, 0x44, 0x46, 0x40, 0x33, 0x44, 
	0x45, 0x55, 0x55, 0x66, 0x66, 0x66, 0x66, 0x66, 
	0x66, 0x36, 0x66, 0x66, 0x65, 0x55, 0x54, 0x54, 
	0x64, 0x30, 0x46, 0x44, 0x44, 0x41, 0x20, 0x33, 
	0x31, 0x21, 0x37, 0x20, 0x11, 0x30, 0x34, 0x65, 
	0x65, 0x55, 0x66, 0x63, 0x36, 0x58, 0x9a, 0x88, 
	0x9a, 0x56, 0x66, 0x4a, 0xaa, 0xa6, 0x55, 0x56, 
	0x54, 0x30, 0x30, 0x10, 0x17, 0x31, 0x21, 0x30, 
	0x00, 0x21, 0x31, 0x13, 0x11, 0x40, 0x33, 0x65, 
	0x55, 0x56, 0x66, 0x97, 0x35, 0x49, 0xbc, 0xa9, 
	0xbc, 0x65, 0x56, 0xbc, 0xbc, 0xba, 0x56, 0x55, 
	0x64, 0x30, 0x30, 0x10, 0x11, 0x01, 0x20, 0x00, 
	0x31, 0x21, 0x03, 0x33, 0x44, 0x30, 0x34, 0x56, 
	0x66, 0x66, 0x66, 0x46, 0x56, 0x65, 0xca, 0x6a, 
	0xca, 0x66, 0x56, 0x56, 0x56, 0x66, 0x66, 0x66, 
	0x64, 0x30, 0x33, 0x43, 0x33, 0x31, 0x21, 0x03, 
	0x30, 0x21, 0x33, 0x33, 0x43, 0x30, 0x04, 0x56, 
	0x66, 0x44, 0x44, 0x33, 0x33, 0x33, 0x34, 0x46, 
	0x44, 0x43, 0x33, 0x33, 0x34, 0x44, 0x46, 0x66, 
	0x54, 0x30, 0x33, 0x34, 0x33, 0x31, 0x21, 0x33, 
	0x30, 0x21, 0x00, 0x13, 0x30, 0x00, 0x13, 0x30, 
	0x00, 0x11, 0x01, 0x22, 0x27, 0x22, 0x22, 0x22, 
	0x22, 0x22, 0x27, 0x22, 0x21, 0x10, 0x11, 0x00, 
	0x34, 0x01, 0x00, 0x33, 0x10, 0x01, 0x21, 0x33, 
	0x00, 0x22, 0x22, 0x11, 0x11, 0x01, 0x00, 0x01, 
	0x12, 0x22, 0x72, 0x77, 0x77, 0x77, 0x77, 0x77, 
	0x77, 0x77, 0x77, 0x77, 0x72, 0x72, 0x22, 0x11, 
	0x00, 0x01, 0x01, 0x11, 0x11, 0x22, 0x21, 0x00, 
	0x30, 0x22, 0x72, 0x22, 0x22, 0x21, 0x10, 0x34, 
	0x33, 0x01, 0x22, 0x27, 0x77, 0x77, 0x27, 0x72, 
	0x77, 0x27, 0x77, 0x77, 0x22, 0x21, 0x00, 0x33, 
	0x40, 0x11, 0x22, 0x22, 0x22, 0x22, 0x21, 0x00, 
	0x00, 0x22, 0x22, 0x12, 0x22, 0x03, 0x10, 0x33, 
	0x33, 0x00, 0x12, 0x27, 0x77, 0x72, 0x22, 0x77, 
	0x72, 0x22, 0x77, 0x77, 0x22, 0x20, 0x00, 0x33, 
	0x30, 0x10, 0x32, 0x22, 0x12, 0x22, 0x20, 0x00, 
	0x00, 0x23, 0x03, 0x00, 0x43, 0x33, 0x10, 0x33, 
	0x30, 0x11, 0x12, 0x27, 0x22, 0x12, 0x22, 0x77, 
	0x72, 0x21, 0x12, 0x27, 0x22, 0x11, 0x00, 0x33, 
	0x40, 0x10, 0x33, 0x40, 0x00, 0x33, 0x11, 0x00, 
	0x00, 0x10, 0x4d, 0xdd, 0xda, 0x40, 0x13, 0x33, 
	0x30, 0x01, 0x22, 0x27, 0x24, 0x01, 0x22, 0x27, 
	0x72, 0x21, 0x04, 0x27, 0x72, 0x21, 0x00, 0x03, 
	0x40, 0x10, 0x3a, 0xdd, 0xdd, 0xa0, 0x11, 0x00, 
	0x30, 0x20, 0x6e, 0xee, 0xe8, 0x30, 0x10, 0x33, 
	0x30, 0x01, 0x12, 0x27, 0x20, 0x01, 0x22, 0x27, 
	0x22, 0x21, 0x03, 0x27, 0x22, 0x21, 0x00, 0x33, 
	0x43, 0x10, 0x38, 0xee, 0xee, 0x81, 0x21, 0x33, 
	0x30, 0x14, 0x8e, 0xee, 0xe8, 0x30, 0x10, 0x33, 
	0x30, 0x01, 0x22, 0x27, 0x24, 0x01, 0x22, 0x27, 
	0x22, 0x21, 0x03, 0x27, 0x22, 0x21, 0x00, 0x33, 
	0x30, 0x10, 0x3a, 0x88, 0x88, 0x84, 0x20, 0x33, 
	0x30, 0x20, 0x55, 0x55, 0x5a, 0x40, 0x10, 0x33, 
	0x30, 0x01, 0x12, 0x27, 0x74, 0x31, 0x22, 0x27, 
	0x22, 0x21, 0x33, 0x27, 0x22, 0x21, 0x00, 0x33, 
	0x30, 0x10, 0x36, 0x55, 0x55, 0x41, 0x10, 0x33, 
	0x00, 0x21, 0x58, 0x88, 0x86, 0x40, 0x10, 0x33, 
	0x30, 0x11, 0x22, 0x27, 0x24, 0x01, 0x22, 0x22, 
	0x22, 0x21, 0x03, 0x27, 0x22, 0x21, 0x10, 0x03, 
	0x40, 0x10, 0x3a, 0x8d, 0xdd, 0xa1, 0x20, 0x00, 
	0x00, 0x20, 0xad, 0xde, 0xda, 0x30, 0x10, 0x33, 
	0x30, 0x11, 0x22, 0x27, 0x74, 0x01, 0x22, 0x77, 
	0x72, 0x21, 0x04, 0x27, 0x22, 0x21, 0x00, 0x03, 
	0x40, 0x10, 0x3a, 0xdd, 0xdd, 0xa3, 0x21, 0x00, 
	0x00, 0x21, 0xad, 0x8d, 0xda, 0x40, 0x10, 0x33, 
	0x30, 0x01, 0x12, 0x27, 0x74, 0x01, 0x22, 0x27, 
	0x72, 0x21, 0x03, 0x27, 0x72, 0x11, 0x00, 0x03, 
	0x30, 0x10, 0x3a, 0x55, 0x58, 0xa4, 0x21, 0x00, 
	0x30, 0x24, 0xa5, 0x55, 0xa5, 0x30, 0x10, 0x33, 
	0x30, 0x11, 0x22, 0x27, 0x24, 0x01, 0x22, 0x77, 
	0x72, 0x21, 0x03, 0x27, 0x72, 0x11, 0x01, 0x33, 
	0x30, 0x10, 0x3a, 0x55, 0x55, 0x64, 0x20, 0x03, 
	0x30, 0x24, 0xa8, 0x99, 0x96, 0x40, 0x10, 0x33, 
	0x30, 0x01, 0x22, 0x27, 0x24, 0x01, 0x22, 0x77, 
	0x72, 0x21, 0x04, 0x27, 0x22, 0x11, 0x00, 0x03, 
	0x40, 0x10, 0x3a, 0xbb, 0xbb, 0xa3, 0x20, 0x00, 
	0x30, 0x24, 0xab, 0xfb, 0xb4, 0x40, 0x01, 0x33, 
	0x00, 0x11, 0x12, 0x22, 0x74, 0x01, 0x22, 0x27, 
	0x22, 0x21, 0x04, 0x27, 0x22, 0x21, 0x00, 0x03, 
	0x40, 0x10, 0x3a, 0xbf, 0xfb, 0xc4, 0x20, 0x30, 
	0x00, 0x20, 0xab, 0xff, 0xbc, 0x30, 0x10, 0x33, 
	0x00, 0x11, 0x22, 0x27, 0x74, 0x31, 0x22, 0x77, 
	0x22, 0x21, 0x34, 0x27, 0x22, 0x21, 0x00, 0x33, 
	0x30, 0x10, 0x38, 0xbf, 0xff, 0xc0, 0x21, 0x00, 
	0x00, 0x24, 0x8b, 0xff, 0xfc, 0x40, 0x10, 0x33, 
	0x30, 0x11, 0x22, 0x27, 0x74, 0x31, 0x22, 0x77, 
	0x72, 0x20, 0x33, 0x27, 0x22, 0x21, 0x10, 0x03, 
	0x30, 0x10, 0x38, 0xbf, 0xff, 0xc4, 0x21, 0x00, 
	0x00, 0x24, 0x8b, 0xff, 0xfc, 0x30, 0x10, 0x33, 
	0x30, 0x12, 0x22, 0x27, 0x74, 0x31, 0x22, 0x77, 
	0x72, 0x21, 0x34, 0x27, 0x72, 0x22, 0x10, 0x03, 
	0x30, 0x10, 0x38, 0xbf, 0xff, 0xc4, 0x20, 0x00, 
	0x00, 0x24, 0x8b, 0xff, 0xfc, 0x30, 0x10, 0x33, 
	0x30, 0x11, 0x22, 0x27, 0x24, 0x31, 0x22, 0x77, 
	0x72, 0x21, 0x34, 0x27, 0x72, 0x21, 0x10, 0x33, 
	0x30, 0x10, 0x38, 0xbf, 0xff, 0xc3, 0x20, 0x00, 
	0x00, 0x24, 0x8b, 0xff, 0xfc, 0x30, 0x11, 0x33, 
	0x00, 0x02, 0x22, 0x77, 0x24, 0x31, 0x22, 0x22, 
	0x22, 0x21, 0x04, 0x27, 0x27, 0x22, 0x10, 0x03, 
	0x30, 0x10, 0x38, 0xbf, 0xff, 0xc4, 0x21, 0x00, 
	0x00, 0x24, 0x8b, 0xff, 0xfc, 0x30, 0x10, 0x33, 
	0x00, 0x11, 0x22, 0x72, 0x74, 0x31, 0x22, 0x27, 
	0x22, 0x21, 0x33, 0x22, 0x72, 0x21, 0x10, 0x03, 
	0x30, 0x10, 0x38, 0xbf, 0xff, 0xc4, 0x21, 0x00, 
	0x30, 0x26, 0x8b, 0xff, 0xfc, 0x30, 0x11, 0x33, 
	0x30, 0x12, 0x22, 0x72, 0x24, 0x31, 0x22, 0x77, 
	0x72, 0x21, 0x34, 0x27, 0x22, 0x22, 0x10, 0x03, 
	0x30, 0x10, 0x3a, 0xbb, 0xbf, 0xc4, 0x20, 0x33, 
	0x00, 0x24, 0xac, 0x99, 0x9a, 0x40, 0x11, 0x33, 
	0x30, 0x11, 0x22, 0x77, 0x74, 0x31, 0x12, 0x77, 
	0x72, 0x21, 0x34, 0x27, 0x72, 0x21, 0x10, 0x03, 
	0x31, 0x10, 0x3a, 0x5c, 0xc4, 0x54, 0x20, 0x30, 
	0x30, 0x21, 0xa5, 0x55, 0x56, 0x30, 0x10, 0x33, 
	0x30, 0x12, 0x22, 0x27, 0x74, 0x30, 0x12, 0x77, 
	0x72, 0x10, 0x34, 0x27, 0x22, 0x22, 0x10, 0x03, 
	0x30, 0x10, 0x3a, 0x55, 0x58, 0xa1, 0x20, 0x00, 
	0x00, 0x21, 0x58, 0x88, 0x8a, 0x30, 0x10, 0x33, 
	0x30, 0x11, 0x22, 0x77, 0x74, 0x30, 0x12, 0x27, 
	0x22, 0x10, 0x34, 0x27, 0x72, 0x21, 0x10, 0x03, 
	0x30, 0x10, 0x35, 0xdd, 0xdd, 0xa1, 0x20, 0x00, 
	0x30, 0x24, 0xad, 0xdd, 0xda, 0x30, 0x10, 0x33, 
	0x30, 0x11, 0x12, 0x27, 0x26, 0x30, 0x12, 0x27, 
	0x72, 0x10, 0x34, 0x27, 0x22, 0x11, 0x10, 0x03, 
	0x30, 0x10, 0x3a, 0xdd, 0xdd, 0xa4, 0x20, 0x33, 
	0x00, 0x24, 0xad, 0xdd, 0xda, 0x30, 0x10, 0x33, 
	0x30, 0x11, 0x22, 0x77, 0x26, 0x40, 0x12, 0x27, 
	0x22, 0x10, 0x34, 0x27, 0x72, 0x21, 0x10, 0x03, 
	0x33, 0x10, 0x3a, 0x58, 0x88, 0x53, 0x20, 0x00, 
	0x30, 0x20, 0xa5, 0x55, 0xa6, 0x40, 0x10, 0x33, 
	0x31, 0x01, 0x17, 0x77, 0x26, 0x43, 0x12, 0x77, 
	0x72, 0x10, 0x46, 0x27, 0x72, 0x12, 0x01, 0x03, 
	0x33, 0x10, 0x3a, 0x55, 0x58, 0xa4, 0x20, 0x03, 
	0x33, 0x24, 0xa8, 0x88, 0x88, 0x40, 0x10, 0x33, 
	0x30, 0x01, 0x22, 0x77, 0x76, 0x43, 0x12, 0x77, 
	0x22, 0x13, 0x46, 0x27, 0x72, 0x21, 0x00, 0x33, 
	0x30, 0x10, 0x3a, 0xdd, 0xdd, 0x84, 0x23, 0x43, 
	0x00, 0x21, 0x8e, 0xee, 0xe8, 0x40, 0x00, 0x33, 
	0x30, 0x11, 0x12, 0x27, 0x25, 0x44, 0x01, 0x22, 
	0x22, 0x03, 0x66, 0x27, 0x22, 0x21, 0x00, 0x03, 
	0x33, 0x00, 0x38, 0xee, 0xee, 0x83, 0x20, 0x30, 
	0x00, 0x24, 0x8e, 0xee, 0xe8, 0x60, 0x00, 0x33, 
	0x00, 0x11, 0x22, 0x22, 0x25, 0x64, 0x01, 0x22, 
	0x21, 0x04, 0x66, 0x27, 0x22, 0x20, 0x00, 0x03, 
	0x30, 0x00, 0x45, 0xee, 0xee, 0xa4, 0x20, 0x00, 
	0x00, 0x24, 0x55, 0x88, 0x85, 0x63, 0x03, 0x44, 
	0x33, 0x00, 0x12, 0x22, 0x76, 0x66, 0x30, 0x22, 
	0x21, 0x36, 0x66, 0x27, 0x22, 0x10, 0x00, 0x34, 
	0x44, 0x03, 0x65, 0x65, 0x55, 0x44, 0x20, 0x00, 
	0x00, 0x26, 0x44, 0x44, 0x44, 0x43, 0x13, 0x46, 
	0x43, 0x33, 0x01, 0x22, 0x25, 0x66, 0x43, 0x22, 
	0x23, 0x46, 0x66, 0x22, 0x21, 0x10, 0x33, 0x44, 
	0x44, 0x00, 0x44, 0x44, 0x44, 0x44, 0x21, 0x00, 
	0x00, 0x22, 0x27, 0x22, 0x22, 0x21, 0x03, 0x66, 
	0x66, 0x66, 0x44, 0x43, 0x36, 0x66, 0x64, 0x43, 
	0x46, 0x66, 0x66, 0x43, 0x44, 0x46, 0x66, 0x66, 
	0x64, 0x01, 0x12, 0x22, 0x22, 0x72, 0x21, 0x00, 
	0x00, 0x22, 0x22, 0x22, 0x22, 0x21, 0x13, 0x66, 
	0x66, 0x66, 0x64, 0x66, 0x63, 0x03, 0x33, 0x43, 
	0x34, 0x33, 0x00, 0x66, 0x64, 0x46, 0x64, 0x66, 
	0x63, 0x11, 0x22, 0x22, 0x22, 0x22, 0x21, 0x00, 
	0x00, 0x22, 0x22, 0x22, 0x22, 0x22, 0x03, 0x30, 
	0x00, 0x00, 0x01, 0x22, 0x72, 0x72, 0x22, 0x22, 
	0x22, 0x22, 0x22, 0x22, 0x21, 0x10, 0x00, 0x00, 
	0x33, 0x02, 0x22, 0x22, 0x22, 0x22, 0x20, 0x00, 
	0x00, 0x22, 0x22, 0x22, 0x22, 0x22, 0x03, 0x65, 
	0x55, 0x55, 0xaa, 0x5a, 0x54, 0x45, 0x55, 0x55, 
	0x55, 0x55, 0xaa, 0xaa, 0xaa, 0xa5, 0x55, 0x55, 
	0x54, 0x02, 0x22, 0x22, 0x22, 0x22, 0x20, 0x00, 
	0x00, 0x22, 0x72, 0x22, 0x22, 0x22, 0x04, 0x65, 
	0x56, 0x4b, 0xab, 0xb4, 0x41, 0x76, 0x13, 0x66, 
	0x66, 0x66, 0xbb, 0xa8, 0xbb, 0xa5, 0x55, 0x55, 
	0x54, 0x02, 0x22, 0x22, 0x22, 0x27, 0x21, 0x00, 
	0x01, 0x27, 0x77, 0x22, 0x22, 0x22, 0x14, 0x65, 
	0x65, 0x59, 0x49, 0xc4, 0x62, 0x36, 0x30, 0x36, 
	0x66, 0x6a, 0xc9, 0xaa, 0xb9, 0xa5, 0x55, 0x55, 
	0x54, 0x12, 0x22, 0x22, 0x27, 0x77, 0x20, 0x10, 
	0x11, 0x22, 0x77, 0x27, 0x22, 0x22, 0x24, 0x65, 
	0x66, 0x66, 0x66, 0x66, 0x66, 0x66, 0x56, 0x55, 
	0x56, 0x55, 0x55, 0x55, 0x55, 0x66, 0x66, 0x66, 
	0x63, 0x12, 0x22, 0x22, 0x72, 0x72, 0x21, 0x11, 
	0x11, 0x22, 0x72, 0x22, 0x22, 0x22, 0x11, 0x00, 
	0x33, 0x33, 0x33, 0x11, 0x12, 0x22, 0x22, 0x22, 
	0x22, 0x21, 0x22, 0x11, 0x13, 0x33, 0x33, 0x30, 
	0x01, 0x11, 0x22, 0x22, 0x22, 0x77, 0x21, 0x11, 
	0x11, 0x12, 0x22, 0x12, 0x22, 0x03, 0x11, 0x22, 
	0x22, 0x27, 0x77, 0x77, 0x77, 0x77, 0x77, 0x77, 
	0x77, 0x77, 0x77, 0x77, 0x77, 0x77, 0x22, 0x22, 
	0x21, 0x13, 0x43, 0x30, 0x33, 0x13, 0x11, 0x11, 
	0x00, 0x23, 0x03, 0x00, 0x43, 0x33, 0x10, 0x12, 
	0x27, 0x77, 0x77, 0x77, 0x77, 0x77, 0x27, 0x77, 
	0x77, 0x22, 0x77, 0x77, 0x77, 0x77, 0x77, 0x72, 
	0x10, 0x10, 0x34, 0x30, 0x20, 0x30, 0x10, 0x00, 
	0x40, 0x10, 0x34, 0x33, 0x44, 0x30, 0x03, 0x33, 
	0x33, 0x00, 0x12, 0x22, 0x26, 0x43, 0x01, 0x10, 
	0x11, 0x00, 0x34, 0x12, 0x22, 0x10, 0x00, 0x33, 
	0x33, 0x00, 0x34, 0x44, 0x33, 0x30, 0x10, 0x44, 
	0x40, 0x10, 0x30, 0x33, 0x13, 0x33, 0x03, 0x33, 
	0x33, 0x00, 0x12, 0x22, 0x26, 0x40, 0x01, 0x11, 
	0x11, 0x00, 0x34, 0x22, 0x22, 0x20, 0x03, 0x33, 
	0x33, 0x13, 0x34, 0x10, 0x40, 0x34, 0x10, 0x44, 
	0x30, 0x13, 0x03, 0x40, 0x44, 0x43, 0x03, 0x33, 
	0x30, 0x00, 0x12, 0x22, 0x26, 0x43, 0x01, 0x11, 
	0x11, 0x03, 0x34, 0x22, 0x22, 0x10, 0x03, 0x33, 
	0x44, 0x03, 0x44, 0x40, 0x34, 0x03, 0x10, 0x33, 
	0x00, 0x14, 0x43, 0x33, 0x33, 0x33, 0x03, 0x33, 
	0x33, 0x01, 0x12, 0x22, 0x26, 0x40, 0x01, 0x11, 
	0x11, 0x00, 0x34, 0x22, 0x22, 0x10, 0x03, 0x33, 
	0x33, 0x03, 0x33, 0x33, 0x33, 0x34, 0x00, 0x30, 
	0x30, 0x13, 0x33, 0x44, 0x44, 0x33, 0x03, 0x33, 
	0x33, 0x00, 0x12, 0x22, 0x74, 0x43, 0x01, 0x22, 
	0x21, 0x03, 0x44, 0x22, 0x22, 0x10, 0x03, 0x33, 
	0x33, 0x03, 0x34, 0x43, 0x44, 0x33, 0x01, 0x33, 
	0x30, 0x13, 0x30, 0x00, 0x64, 0x43, 0x03, 0x34, 
	0x30, 0x01, 0x12, 0x22, 0x24, 0x43, 0x01, 0x21, 
	0x21, 0x03, 0x44, 0x22, 0x22, 0x11, 0x00, 0x03, 
	0x33, 0x03, 0x34, 0x43, 0x00, 0x33, 0x10, 0x33, 
	0x30, 0x14, 0x33, 0x13, 0x34, 0x40, 0x03, 0x34, 
	0x33, 0x00, 0x12, 0x22, 0x76, 0x44, 0x01, 0x22, 
	0x21, 0x03, 0x44, 0x22, 0x22, 0x10, 0x00, 0x34, 
	0x43, 0x00, 0x46, 0x30, 0x13, 0x34, 0x10, 0x33, 
	0x40, 0x13, 0x34, 0x43, 0x33, 0x40, 0x03, 0x34, 
	0x33, 0x01, 0x12, 0x22, 0x26, 0x44, 0x01, 0x22, 
	0x21, 0x03, 0x64, 0x22, 0x22, 0x11, 0x00, 0x34, 
	0x43, 0x03, 0x44, 0x33, 0x36, 0x43, 0x10, 0x33, 
	0x30, 0x13, 0x00, 0x33, 0x43, 0x33, 0x03, 0x43, 
	0x33, 0x00, 0x12, 0x22, 0x76, 0x64, 0x01, 0x22, 
	0x21, 0x03, 0x64, 0x22, 0x22, 0x10, 0x00, 0x33, 
	0x44, 0x03, 0x33, 0x34, 0x30, 0x03, 0x11, 0x33, 
	0x40, 0x14, 0x33, 0x33, 0x44, 0x40, 0x13, 0x44, 
	0x33, 0x01, 0x12, 0x22, 0x26, 0x64, 0x31, 0x21, 
	0x21, 0x34, 0x66, 0x22, 0x22, 0x10, 0x03, 0x33, 
	0x43, 0x03, 0x44, 0x44, 0x34, 0x33, 0x10, 0x34, 
	0x30, 0x14, 0x44, 0x44, 0x44, 0x43, 0x33, 0x44, 
	0x33, 0x00, 0x12, 0x22, 0x25, 0x64, 0x31, 0x22, 
	0x21, 0x34, 0x66, 0x22, 0x22, 0x10, 0x03, 0x34, 
	0x44, 0x33, 0x44, 0x44, 0x44, 0x34, 0x11, 0x33, 
	0x30, 0x16, 0x64, 0x66, 0x66, 0x63, 0x03, 0x44, 
	0x33, 0x00, 0x12, 0x22, 0x25, 0x66, 0x40, 0x11, 
	0x10, 0x36, 0x66, 0x22, 0x22, 0x10, 0x03, 0x34, 
	0x44, 0x03, 0x66, 0x66, 0x66, 0x46, 0x00, 0x33, 
	0x30, 0x16, 0x66, 0x66, 0x66, 0x64, 0x33, 0x46, 
	0x43, 0x33, 0x00, 0x11, 0x25, 0x56, 0x43, 0x11, 
	0x10, 0x46, 0x65, 0x21, 0x10, 0x03, 0x33, 0x44, 
	0x64, 0x33, 0x65, 0x66, 0x66, 0x66, 0x00, 0x33, 
	0x31, 0x13, 0x33, 0x33, 0x33, 0x43, 0x34, 0x66, 
	0x66, 0x66, 0x44, 0x44, 0x36, 0x66, 0x64, 0x30, 
	0x03, 0x66, 0x66, 0x43, 0x44, 0x46, 0x66, 0x66, 
	0x64, 0x43, 0x44, 0x33, 0x33, 0x34, 0x11, 0x33, 
	
};

ALIGNED8 u8 ss1_space_space128_7_pal_rgba16[] = {
	0x3a, 0x1b, 0x4a, 0x9d, 0x63, 0x25, 0x29, 0x95, 
	0x29, 0x4f, 0x18, 0x85, 0x18, 0xc9, 0x83, 0xeb, 
	0x60, 0x83, 0xb3, 0x53, 0x38, 0xc5, 0xf7, 0x6b, 
	0x72, 0x0d, 0xc0, 0x41, 0xf8, 0x01, 0xff, 0xe3, 
	
};

ALIGNED8 u8 ss1_space_space64_9_ci4[] = {
	0x01, 0x11, 0x23, 0x42, 0x25, 0x55, 0x55, 0x55, 
	0x55, 0x55, 0x66, 0x42, 0x66, 0x66, 0x66, 0x66, 
	0x36, 0x66, 0x66, 0x37, 0x58, 0x43, 0x43, 0x43, 
	0x43, 0x43, 0x43, 0x43, 0x43, 0x43, 0x43, 0x42, 
	0x01, 0x12, 0x37, 0x95, 0x76, 0x33, 0x33, 0x33, 
	0x33, 0x33, 0xaa, 0x95, 0xaa, 0xaa, 0xaa, 0xaa, 
	0x77, 0x77, 0x67, 0x95, 0xbc, 0xdd, 0xdd, 0xdd, 
	0xdd, 0xdd, 0xdd, 0xdd, 0xdd, 0xdd, 0xdd, 0x95, 
	0x01, 0x29, 0xaa, 0x7a, 0xaa, 0xaa, 0xaa, 0x7a, 
	0xaa, 0x99, 0x7a, 0xaa, 0xaa, 0x55, 0xaa, 0x99, 
	0x99, 0x99, 0x99, 0xaa, 0x9c, 0xeb, 0xdd, 0xde, 
	0xdd, 0xde, 0xdd, 0xee, 0xdd, 0xde, 0xdd, 0xdd, 
	0x01, 0x23, 0x66, 0x67, 0x66, 0x66, 0x66, 0x67, 
	0x66, 0x66, 0x67, 0x66, 0x66, 0x33, 0x66, 0x66, 
	0x66, 0x66, 0x66, 0x66, 0x3c, 0xea, 0xaa, 0xaa, 
	0xaa, 0xaa, 0xaa, 0xbb, 0xaa, 0xaa, 0xaa, 0xaa, 
	0x12, 0x66, 0x66, 0x66, 0x66, 0x66, 0x66, 0x66, 
	0x66, 0x66, 0x66, 0x66, 0x66, 0x66, 0x66, 0x66, 
	0x66, 0x66, 0x66, 0x66, 0x66, 0x66, 0x66, 0x66, 
	0x66, 0x66, 0x66, 0x66, 0x77, 0xa7, 0x66, 0x66, 
	0x14, 0x66, 0x66, 0x66, 0x66, 0x66, 0x66, 0x66, 
	0x66, 0x66, 0x66, 0x66, 0x77, 0x66, 0x66, 0x66, 
	0x66, 0x66, 0x66, 0x66, 0x66, 0x67, 0x67, 0x77, 
	0x77, 0x66, 0x66, 0x66, 0xaa, 0x57, 0x66, 0x66, 
	0x33, 0x66, 0x37, 0xa7, 0x55, 0x77, 0x77, 0x55, 
	0xa7, 0x77, 0x77, 0x77, 0x55, 0x55, 0x97, 0x66, 
	0x66, 0x66, 0x66, 0x66, 0x77, 0x77, 0x7b, 0xde, 
	0xde, 0xab, 0xba, 0xba, 0xab, 0xba, 0xa9, 0x77, 
	0x35, 0x77, 0x95, 0x57, 0xbb, 0x77, 0x5d, 0xbb, 
	0x57, 0x77, 0x5d, 0xba, 0x88, 0xbb, 0x53, 0x67, 
	0x77, 0x77, 0x77, 0x77, 0x59, 0x77, 0x7a, 0xde, 
	0xde, 0xdd, 0xee, 0xee, 0xdd, 0xdd, 0xdb, 0xba, 
	0x29, 0x7b, 0x58, 0xe5, 0x87, 0x98, 0xce, 0xc8, 
	0x87, 0x88, 0xce, 0xe5, 0x88, 0x88, 0x72, 0x7b, 
	0x58, 0x88, 0x8b, 0x55, 0x5a, 0xde, 0xba, 0x77, 
	0x7b, 0xdd, 0xee, 0xee, 0xbd, 0xbd, 0xbd, 0xbb, 
	0x23, 0x98, 0x5b, 0xe8, 0x57, 0x88, 0x8e, 0xc8, 
	0x57, 0x88, 0x8e, 0xe8, 0x88, 0x88, 0x72, 0x98, 
	0x88, 0x88, 0x88, 0x88, 0x57, 0xde, 0xee, 0x77, 
	0x7a, 0xdd, 0xbb, 0xbb, 0xbb, 0xbb, 0xbb, 0xbb, 
	0x23, 0x5c, 0x8b, 0x55, 0x99, 0xc8, 0x5b, 0x58, 
	0x99, 0x85, 0xad, 0xcc, 0x88, 0x88, 0x72, 0x8e, 
	0xcb, 0x88, 0x88, 0x88, 0x88, 0xbd, 0xee, 0xdd, 
	0x77, 0x7b, 0xbb, 0xaa, 0xbb, 0xbb, 0xba, 0x5b, 
	0x24, 0x5c, 0x88, 0x55, 0x99, 0xc8, 0x8b, 0x98, 
	0x99, 0x88, 0x5b, 0x8c, 0x88, 0x88, 0x72, 0x8c, 
	0xcb, 0x8c, 0x88, 0x88, 0xcc, 0x8d, 0xbb, 0xdd, 
	0xd7, 0x7a, 0xbb, 0xbb, 0xbb, 0xbb, 0xba, 0x8b, 
	0x23, 0x5c, 0x8c, 0x55, 0x93, 0xbc, 0xc8, 0x55, 
	0x98, 0x88, 0xcb, 0x58, 0x88, 0x88, 0x72, 0x5c, 
	0x88, 0x8c, 0xcc, 0xcc, 0xcc, 0xcb, 0xbb, 0xdd, 
	0x87, 0x7b, 0xda, 0xbb, 0xbb, 0xba, 0xa5, 0x55, 
	0x24, 0x5c, 0x88, 0x55, 0x73, 0x8c, 0xcc, 0x55, 
	0x48, 0x88, 0xc8, 0xbc, 0x88, 0x88, 0x72, 0x5c, 
	0xcc, 0xcc, 0xcc, 0xff, 0xcc, 0xcb, 0xbb, 0xdb, 
	0x57, 0x98, 0xba, 0xbb, 0xbb, 0xba, 0x55, 0xaa, 
	0x23, 0x5c, 0xcc, 0x55, 0x99, 0x8c, 0xc8, 0x75, 
	0x98, 0x8c, 0xe8, 0x5c, 0x88, 0x88, 0x72, 0x8e, 
	0xfc, 0xfc, 0xcc, 0xcc, 0xcc, 0xcb, 0xbb, 0xdd, 
	0xa7, 0x7b, 0xdb, 0xbb, 0xbb, 0xba, 0xa5, 0xab, 
	0x24, 0x5c, 0xcc, 0x55, 0x99, 0x8c, 0xc8, 0x59, 
	0x48, 0xcc, 0xec, 0x5c, 0x88, 0x8c, 0x72, 0x8c, 
	0xcc, 0xcf, 0xff, 0xcc, 0xcc, 0xcb, 0xbb, 0xdd, 
	0x57, 0x7a, 0xdb, 0xbb, 0xb8, 0xbb, 0x55, 0xab, 
	0x23, 0x5c, 0xcc, 0x55, 0x99, 0xff, 0xcc, 0x99, 
	0x98, 0xfc, 0xe8, 0x5c, 0xc8, 0x88, 0x72, 0x5c, 
	0xcc, 0xcc, 0xcc, 0xcc, 0xcc, 0xc8, 0xaa, 0x88, 
	0x99, 0x7b, 0xda, 0xbb, 0xbb, 0xbb, 0x55, 0xaa, 
	0x24, 0x5c, 0xcc, 0x55, 0x99, 0xff, 0xcc, 0x55, 
	0x48, 0xcf, 0xec, 0x5c, 0xc8, 0x88, 0x72, 0x8e, 
	0xee, 0xcc, 0xcc, 0xee, 0xee, 0xc5, 0x77, 0x93, 
	0x66, 0x49, 0xbb, 0xbb, 0xbb, 0xbb, 0xaa, 0xab, 
	0x23, 0x9c, 0xcc, 0x85, 0x97, 0xcf, 0xcc, 0x58, 
	0x39, 0xcc, 0xc5, 0x58, 0x88, 0x88, 0x72, 0x55, 
	0x55, 0x55, 0x55, 0x55, 0x55, 0x33, 0x33, 0x22, 
	0x12, 0x37, 0xbb, 0xbb, 0xbb, 0xbb, 0xa5, 0x58, 
	0x24, 0x9c, 0xc8, 0x45, 0x53, 0x8c, 0xc9, 0x98, 
	0x43, 0xcf, 0xc9, 0xbc, 0x88, 0x88, 0x72, 0x12, 
	0x12, 0x12, 0x12, 0x12, 0x12, 0x11, 0x11, 0x11, 
	0x14, 0x95, 0x5b, 0xab, 0xbb, 0xab, 0xbb, 0x88, 
	0x33, 0x23, 0x93, 0x38, 0x54, 0x23, 0x33, 0x98, 
	0x54, 0x23, 0x33, 0x8c, 0x88, 0x88, 0x54, 0x11, 
	0x11, 0x11, 0x11, 0x11, 0x11, 0x42, 0x66, 0x66, 
	0x55, 0xaa, 0xbb, 0xaa, 0xaa, 0x8c, 0xaa, 0x8c, 
	0x35, 0x22, 0x12, 0xbb, 0x88, 0x22, 0x35, 0x88, 
	0x88, 0x22, 0x35, 0xc8, 0x88, 0x88, 0x88, 0x99, 
	0x99, 0x99, 0x99, 0x99, 0x99, 0x95, 0xaa, 0xaa, 
	0xbb, 0x55, 0xbb, 0xbb, 0xaa, 0x8c, 0xaa, 0x8c, 
	0x48, 0x88, 0x88, 0x88, 0x88, 0x88, 0x8c, 0xc8, 
	0x88, 0x88, 0xcc, 0xcc, 0xcc, 0xcc, 0x88, 0x8c, 
	0xcc, 0xcc, 0xcc, 0xcf, 0xfc, 0xe8, 0xaa, 0xdb, 
	0xa5, 0xbb, 0xbb, 0xbb, 0xa5, 0xbb, 0xa5, 0xbd, 
	0x4f, 0xcc, 0xcc, 0x88, 0x88, 0x88, 0x88, 0xc8, 
	0x88, 0xcc, 0x8c, 0xcc, 0xcc, 0xcc, 0xcc, 0xcc, 
	0xff, 0xcc, 0xcc, 0x8c, 0xcf, 0xec, 0xbb, 0xbb, 
	0xaa, 0xab, 0xbb, 0xb5, 0xbb, 0xbb, 0xb5, 0x8d, 
	0x48, 0xcc, 0x88, 0x88, 0xcc, 0x8c, 0x88, 0x8c, 
	0xc8, 0x88, 0xcc, 0x88, 0xcc, 0xcc, 0xc8, 0x8c, 
	0xcc, 0xcc, 0x88, 0x8c, 0xcc, 0xdd, 0xba, 0x5a, 
	0xbb, 0xaa, 0xbb, 0xaa, 0xbb, 0xbb, 0xbb, 0xdb, 
	0x4f, 0xcf, 0x88, 0x88, 0xcc, 0xc8, 0x88, 0xcc, 
	0xc8, 0x8c, 0xcf, 0xcc, 0xcf, 0xc8, 0xc8, 0xcc, 
	0xcc, 0xcb, 0x88, 0xcc, 0xcc, 0xdb, 0xba, 0xaa, 
	0xbb, 0xbb, 0xbb, 0xaa, 0xbb, 0xbb, 0xbb, 0xdb, 
	0x9c, 0xcc, 0xc8, 0xcc, 0xcc, 0xc5, 0x8c, 0xcc, 
	0x88, 0xcc, 0xcc, 0xcc, 0xcc, 0xcc, 0x88, 0xcc, 
	0xcc, 0xcb, 0x88, 0xcc, 0xcc, 0xdd, 0xba, 0xba, 
	0xbb, 0xbb, 0xaa, 0xaa, 0xbb, 0xab, 0xbb, 0xbb, 
	0x3c, 0xcc, 0xcf, 0xcc, 0xc8, 0x99, 0x88, 0xcc, 
	0x88, 0x8c, 0xcf, 0xcc, 0xfc, 0xcc, 0x88, 0xcc, 
	0xcc, 0xc8, 0x88, 0xcc, 0xcc, 0xdb, 0xbb, 0xbb, 
	0xbb, 0xab, 0xaa, 0xaa, 0xbb, 0xab, 0xa5, 0xbb, 
	0x48, 0xcc, 0xcc, 0xc8, 0xc5, 0x98, 0x8c, 0xc8, 
	0x8b, 0xcf, 0xcc, 0xcc, 0xcc, 0xcc, 0x8c, 0xfc, 
	0xcc, 0xcc, 0x8c, 0xfc, 0xcc, 0xc8, 0xba, 0x88, 
	0xbb, 0xbb, 0xba, 0xbb, 0xbb, 0xbb, 0xa5, 0xdd, 
	0x4f, 0xcc, 0xcc, 0xc5, 0x99, 0x88, 0x88, 0x8b, 
	0x88, 0x8c, 0xfc, 0xcc, 0xfc, 0xcc, 0x88, 0xcf, 
	0xcc, 0x8c, 0x88, 0xcf, 0xcc, 0xc5, 0xba, 0x8c, 
	0xbb, 0xbb, 0xba, 0xab, 0xbb, 0xbb, 0xbb, 0xdb, 
	0x9c, 0xcc, 0xcc, 0x97, 0x5c, 0xc8, 0x5b, 0x88, 
	0x88, 0x8c, 0xcc, 0xcc, 0xcc, 0xc8, 0xc8, 0xcc, 
	0x88, 0x88, 0x88, 0xcc, 0xcc, 0xcb, 0xaa, 0xbb, 
	0xbb, 0xbb, 0xaa, 0xba, 0xbb, 0xbb, 0x55, 0xdb, 
	0x3c, 0xcc, 0xcf, 0x53, 0x5c, 0xc8, 0x55, 0x88, 
	0x88, 0x8c, 0xcf, 0xcc, 0xcc, 0xc5, 0xc8, 0xcc, 
	0x88, 0x88, 0x88, 0xcc, 0xcf, 0xcb, 0xbb, 0xbb, 
	0xbb, 0xb8, 0xaa, 0xbb, 0xbb, 0xbb, 0xaa, 0xdb, 
	0x98, 0x88, 0xcc, 0x54, 0x39, 0xb8, 0x5b, 0x88, 
	0x88, 0x88, 0xcc, 0xc8, 0xcc, 0x88, 0xc8, 0x88, 
	0x88, 0x88, 0xc8, 0xcc, 0xcc, 0xbb, 0xa5, 0xbb, 
	0xbb, 0xbb, 0xbb, 0xaa, 0xaa, 0xba, 0x5a, 0xdb, 
	0x98, 0x88, 0xcc, 0x88, 0x43, 0x5d, 0x55, 0x88, 
	0x88, 0x88, 0xcc, 0xc8, 0xcc, 0x88, 0xc8, 0x8c, 
	0x88, 0x88, 0xc8, 0xcc, 0xcc, 0x8b, 0xbb, 0xb5, 
	0x5b, 0xb8, 0xbb, 0xaa, 0xaa, 0xba, 0x7a, 0xdb, 
	0x98, 0x88, 0x88, 0xc8, 0x59, 0x25, 0x58, 0x8c, 
	0xcc, 0xcc, 0xcc, 0xcc, 0xcc, 0x88, 0xcc, 0xcc, 
	0xc8, 0xbc, 0xfc, 0xcc, 0xcc, 0xc8, 0xbb, 0xbb, 
	0xbb, 0xbb, 0xbb, 0xaa, 0xaa, 0xab, 0xab, 0xcb, 
	0x98, 0x88, 0x88, 0x8b, 0xb8, 0x76, 0x98, 0x88, 
	0x8c, 0xcf, 0xff, 0xcc, 0xcf, 0x88, 0xcc, 0xff, 
	0xc8, 0x8c, 0xcc, 0xff, 0xcc, 0xc5, 0xab, 0xab, 
	0xab, 0xbb, 0xb5, 0x55, 0xaa, 0xab, 0xbb, 0xcb, 
	0x98, 0x88, 0x88, 0x88, 0x8c, 0x85, 0xbc, 0xcc, 
	0xcc, 0xff, 0xfc, 0xcc, 0xcf, 0xcc, 0x8c, 0xff, 
	0xfc, 0xfc, 0xcc, 0xff, 0xff, 0xc8, 0xbb, 0xbb, 
	0x5a, 0xbb, 0xbb, 0xba, 0xbb, 0xad, 0xdb, 0xda, 
	0x98, 0x88, 0x88, 0x88, 0x88, 0x88, 0x8c, 0xcc, 
	0xcc, 0x88, 0xcc, 0xcc, 0x8c, 0xcc, 0xcc, 0x88, 
	0xcc, 0xcc, 0xcc, 0x88, 0x88, 0xc5, 0x5b, 0xb5, 
	0x7a, 0xbb, 0xbb, 0xba, 0xbb, 0x5b, 0xbb, 0xba, 
	0x98, 0xcc, 0xc8, 0x88, 0xfc, 0x88, 0x88, 0x88, 
	0x88, 0xcc, 0x88, 0xcc, 0xcc, 0xcc, 0xcc, 0xcc, 
	0xc8, 0xcc, 0xcc, 0xcc, 0xc8, 0xcb, 0xbb, 0xbb, 
	0xa5, 0xbb, 0xba, 0xaa, 0xaa, 0x55, 0xab, 0xdb, 
	0x98, 0xcc, 0xc8, 0x88, 0xcc, 0x88, 0xcc, 0x88, 
	0x8c, 0x8c, 0xcc, 0xcc, 0xcc, 0xcc, 0xc8, 0xcc, 
	0xc8, 0xcc, 0xcc, 0xcc, 0xcc, 0xc8, 0xbb, 0xa5, 
	0x55, 0xa5, 0xba, 0x55, 0xaa, 0xaa, 0xaa, 0xdb, 
	0x58, 0x39, 0x75, 0x59, 0x55, 0x99, 0x88, 0xbc, 
	0xc5, 0x37, 0x5b, 0x88, 0xcc, 0xcc, 0xc5, 0x99, 
	0x99, 0x55, 0x99, 0x55, 0x9c, 0xe5, 0x5a, 0xbb, 
	0x5a, 0xa5, 0xbb, 0x55, 0xa5, 0xa5, 0xaa, 0xdb, 
	0x98, 0x43, 0x59, 0x58, 0x55, 0x99, 0x95, 0x8c, 
	0xc9, 0x69, 0x55, 0x88, 0xcc, 0xcc, 0xc9, 0x66, 
	0x66, 0x33, 0x66, 0x33, 0x3c, 0xc9, 0xaa, 0xbb, 
	0x57, 0x55, 0xa5, 0xaa, 0x55, 0x55, 0xab, 0xdb, 
	0x39, 0x5c, 0x8c, 0xe8, 0x55, 0x88, 0x5c, 0xc8, 
	0x98, 0x88, 0xcc, 0xc8, 0x88, 0x8c, 0x93, 0x77, 
	0x77, 0x37, 0x77, 0x77, 0x77, 0xba, 0xaa, 0x5a, 
	0x5a, 0xaa, 0xaa, 0xba, 0xaa, 0xaa, 0x58, 0xdb, 
	0x43, 0x8f, 0x8c, 0xec, 0x55, 0xcc, 0x8e, 0xc5, 
	0x98, 0xcc, 0xee, 0xc8, 0x88, 0xcc, 0x73, 0x5d, 
	0x55, 0x95, 0x55, 0x55, 0x55, 0xee, 0x77, 0x7a, 
	0x7a, 0xaa, 0xbb, 0xba, 0x55, 0xaa, 0x5b, 0xdb, 
	0x44, 0xff, 0xc8, 0xc8, 0x58, 0xc8, 0xcc, 0xc8, 
	0x9c, 0xfc, 0xc8, 0x8c, 0xc8, 0x88, 0x92, 0xcf, 
	0x88, 0xcc, 0x88, 0x88, 0xcc, 0xee, 0xdd, 0x57, 
	0x77, 0x5a, 0xbb, 0xa5, 0xaa, 0xaa, 0x5a, 0xdb, 
	0x44, 0xff, 0xc8, 0x5b, 0x98, 0xcf, 0xcc, 0x5b, 
	0x3c, 0xcc, 0xc5, 0x8c, 0xc8, 0x88, 0x41, 0x8c, 
	0x8c, 0xcc, 0xcc, 0x88, 0xff, 0xbb, 0xdb, 0xba, 
	0xaa, 0x7a, 0xa5, 0xaa, 0xaa, 0x55, 0x7a, 0xdb, 
	0x44, 0xcc, 0xc8, 0x58, 0x98, 0xc8, 0xc8, 0x55, 
	0x9c, 0xcc, 0xc8, 0x5c, 0xc8, 0x88, 0x42, 0xff, 
	0x88, 0xcc, 0xcc, 0xcc, 0xcc, 0xcb, 0xbb, 0xaa, 
	0xbb, 0xaa, 0xa5, 0x5a, 0xa5, 0x55, 0xa5, 0xda, 
	0x44, 0xff, 0xc8, 0x98, 0x48, 0xc8, 0xc8, 0x55, 
	0x9c, 0xcc, 0xc5, 0x5c, 0xc8, 0x88, 0x41, 0xff, 
	0x88, 0xcc, 0xcc, 0xff, 0xfc, 0xcb, 0xbb, 0x55, 
	0xb8, 0x77, 0x55, 0xaa, 0xaa, 0xaa, 0x55, 0xbb, 
	0x44, 0x8c, 0x88, 0x75, 0x98, 0x8c, 0xc8, 0x55, 
	0x98, 0xcc, 0xe5, 0x5c, 0xc8, 0x88, 0x42, 0x8c, 
	0xcc, 0xfc, 0xcc, 0xfc, 0xcc, 0xcb, 0xba, 0xa5, 
	0xaa, 0x66, 0xaa, 0xaa, 0xaa, 0xab, 0x5a, 0x8d, 
	0x44, 0x8c, 0xcc, 0x59, 0x48, 0xcc, 0xc8, 0x55, 
	0x48, 0xcc, 0xc9, 0x5c, 0xc8, 0x88, 0x41, 0xcc, 
	0xcc, 0xcc, 0xcc, 0xcf, 0xcf, 0xcb, 0xba, 0x55, 
	0xaa, 0x66, 0xaa, 0xaa, 0xaa, 0xab, 0xab, 0xed, 
	0x44, 0x8c, 0xcc, 0x55, 0x98, 0xc8, 0xc8, 0x99, 
	0x98, 0xcc, 0x85, 0x5c, 0x88, 0x88, 0x42, 0xcc, 
	0xc8, 0x8c, 0xcc, 0xcf, 0xfc, 0xcb, 0xaa, 0xaa, 
	0xdd, 0x37, 0xbb, 0xbb, 0xba, 0xdd, 0xb8, 0xeb, 
	0x44, 0x88, 0xcc, 0x55, 0x48, 0x8b, 0xc5, 0x55, 
	0x98, 0xcc, 0x88, 0x5c, 0x88, 0x58, 0x41, 0xcc, 
	0x8b, 0x8c, 0xcc, 0x8c, 0xcc, 0xcb, 0x55, 0xaa, 
	0xb5, 0x69, 0xb8, 0xb8, 0xdd, 0xdb, 0x5d, 0xea, 
	0x23, 0x8c, 0xcc, 0x99, 0x39, 0xf8, 0xc5, 0x99, 
	0x48, 0xcc, 0xc5, 0x8c, 0x88, 0x55, 0x42, 0xcc, 
	0xcc, 0xc8, 0xcc, 0xc8, 0xcc, 0xdd, 0x99, 0x99, 
	0x77, 0x37, 0xbb, 0xaa, 0xbd, 0xbc, 0xad, 0xea, 
	0x24, 0x8c, 0xc9, 0x99, 0x43, 0xce, 0xc9, 0x99, 
	0x4f, 0xcc, 0xc9, 0x88, 0x88, 0x55, 0x41, 0x5b, 
	0x5b, 0x5b, 0x5b, 0x5b, 0x5b, 0xb5, 0x66, 0x66, 
	0x66, 0x69, 0xa5, 0xaa, 0xbb, 0x5c, 0xaa, 0xcb, 
	0x44, 0x33, 0x93, 0x7b, 0x92, 0x55, 0x93, 0x5b, 
	0x92, 0x33, 0x29, 0xcc, 0xcc, 0xc8, 0x92, 0x22, 
	0x22, 0x22, 0x22, 0x22, 0x22, 0x22, 0x12, 0x22, 
	0x23, 0x75, 0x77, 0x5a, 0x77, 0xab, 0xa7, 0xbc, 
	0x44, 0x11, 0x12, 0x98, 0x41, 0x12, 0x12, 0x99, 
	0x41, 0x11, 0x23, 0x55, 0x55, 0x5b, 0x41, 0x00, 
	0x00, 0x00, 0x00, 0x00, 0x11, 0x11, 0x22, 0x33, 
	0x37, 0x59, 0xaa, 0x7a, 0xaa, 0xaa, 0x57, 0x5c, 
	0x11, 0x11, 0x11, 0x22, 0x11, 0x11, 0x11, 0x22, 
	0x11, 0x11, 0x22, 0x22, 0x22, 0x22, 0x10, 0x00, 
	0x00, 0x00, 0x00, 0x00, 0x11, 0x22, 0x22, 0x23, 
	0x33, 0x39, 0x77, 0x77, 0x77, 0x77, 0x77, 0x99, 
	0x00, 0x00, 0x00, 0x11, 0x00, 0x00, 0x10, 0x11, 
	0x00, 0x00, 0x11, 0x11, 0x11, 0x11, 0x00, 0x00, 
	0x00, 0x00, 0x00, 0x00, 0x00, 0x11, 0x11, 0x22, 
	0x22, 0x43, 0x66, 0x66, 0x66, 0x66, 0x66, 0x66, 
	0x00, 0x00, 0x00, 0x00, 0x00, 0x00, 0x00, 0x00, 
	0x00, 0x00, 0x00, 0x00, 0x00, 0x00, 0x00, 0x00, 
	0x00, 0x00, 0x00, 0x00, 0x11, 0x12, 0x12, 0x12, 
	0x12, 0x23, 0x23, 0x23, 0x22, 0x22, 0x22, 0x22, 
	0x00, 0x11, 0x11, 0x11, 0x11, 0x11, 0x11, 0x11, 
	0x11, 0x11, 0x11, 0x11, 0x11, 0x11, 0x00, 0x00, 
	0x00, 0x11, 0x11, 0x11, 0x12, 0x22, 0x22, 0x22, 
	0x22, 0x22, 0x22, 0x22, 0x11, 0x11, 0x11, 0x11, 
	0x01, 0x29, 0x99, 0x99, 0xaa, 0x99, 0x55, 0x55, 
	0x55, 0x55, 0x88, 0x55, 0x55, 0x55, 0x55, 0x55, 
	0x55, 0x55, 0x55, 0x55, 0x5b, 0xaa, 0xaa, 0x77, 
	0x77, 0x66, 0x66, 0x66, 0x66, 0x66, 0x43, 0x22, 
	0x01, 0x23, 0x66, 0x99, 0x66, 0x66, 0x33, 0x33, 
	0x33, 0x33, 0x93, 0x33, 0x33, 0x33, 0x33, 0x33, 
	0x33, 0x33, 0x33, 0x33, 0x99, 0x66, 0x66, 0x77, 
	0x77, 0x77, 0xaa, 0xaa, 0xaa, 0xaa, 0xdd, 0x33, 
	0x01, 0x00, 0x11, 0x11, 0x11, 0x11, 0x11, 0x11, 
	0x11, 0x11, 0x11, 0x11, 0x11, 0x11, 0x10, 0x10, 
	0x10, 0x11, 0x11, 0x11, 0x11, 0x22, 0x22, 0x22, 
	0x33, 0x33, 0x33, 0x33, 0x33, 0x33, 0x33, 0x11, 
	0x01, 0x00, 0x00, 0x00, 0x11, 0x11, 0x11, 0x11, 
	0x11, 0x11, 0x00, 0x00, 0x00, 0x00, 0x00, 0x00, 
	0x00, 0x00, 0x00, 0x00, 0x10, 0x00, 0x00, 0x00, 
	0x11, 0x11, 0x11, 0x11, 0x11, 0x11, 0x11, 0x10, 
	
};

ALIGNED8 u8 ss1_space_space64_9_pal_rgba16[] = {
	0x20, 0xd5, 0x29, 0x1b, 0x41, 0x1f, 0x59, 0xa5, 
	0x59, 0xa3, 0x82, 0xab, 0x59, 0xa7, 0x72, 0x2b, 
	0x93, 0x2d, 0x72, 0x27, 0x82, 0xef, 0x8a, 0xef, 
	0x9b, 0x6d, 0x9b, 0x73, 0xac, 0x33, 0xa3, 0x2d, 
	
};

ALIGNED8 u8 ss1_space_space128_17_ci4[] = {
	0x01, 0x22, 0x22, 0x22, 0x22, 0x10, 0x03, 0x44, 
	0x44, 0x44, 0x44, 0x44, 0x44, 0x34, 0x44, 0x43, 
	0x44, 0x44, 0x43, 0x44, 0x44, 0x44, 0x44, 0x44, 
	0x43, 0x50, 0x11, 0x22, 0x22, 0x22, 0x20, 0x10, 
	0x01, 0x22, 0x11, 0x10, 0x11, 0x10, 0x05, 0x35, 
	0x01, 0x11, 0x12, 0x22, 0x26, 0x22, 0x22, 0x21, 
	0x22, 0x22, 0x26, 0x62, 0x22, 0x11, 0x11, 0x00, 
	0x35, 0x00, 0x11, 0x11, 0x11, 0x17, 0x20, 0x00, 
	0x01, 0x21, 0x33, 0x33, 0x54, 0x30, 0x05, 0x33, 
	0x34, 0x43, 0x33, 0x44, 0x44, 0x44, 0x44, 0x44, 
	0x44, 0x54, 0x44, 0x44, 0x43, 0x33, 0x34, 0x43, 
	0x35, 0x00, 0x54, 0x33, 0x33, 0x31, 0x21, 0x00, 
	0x01, 0x21, 0x01, 0x21, 0x11, 0x50, 0x03, 0x44, 
	0x54, 0x44, 0x44, 0x02, 0x14, 0x48, 0x98, 0x88, 
	0x98, 0x44, 0x44, 0x88, 0x88, 0x8a, 0x44, 0x44, 
	0x43, 0x00, 0x51, 0x11, 0x12, 0x51, 0x21, 0x00, 
	0x00, 0x21, 0x01, 0x10, 0x11, 0x51, 0x03, 0x44, 
	0x34, 0x44, 0x44, 0x96, 0xb4, 0x79, 0xc8, 0x89, 
	0xc8, 0x44, 0x33, 0xc8, 0xc8, 0xcd, 0x44, 0x44, 
	0x45, 0x01, 0x51, 0x15, 0x10, 0x01, 0x20, 0x10, 
	0x01, 0x21, 0x15, 0x55, 0x55, 0x50, 0x03, 0x44, 
	0x34, 0x44, 0x44, 0x50, 0x54, 0x4a, 0x83, 0x4a, 
	0x83, 0x44, 0x44, 0xa4, 0xa4, 0x44, 0x44, 0x43, 
	0x45, 0x00, 0x55, 0x55, 0x55, 0x01, 0x71, 0x00, 
	0x01, 0x20, 0x50, 0x05, 0x35, 0x00, 0x05, 0x44, 
	0x44, 0x33, 0x44, 0x33, 0x43, 0x55, 0x54, 0x44, 
	0x43, 0x55, 0x35, 0x35, 0x34, 0x44, 0x34, 0x44, 
	0x43, 0x00, 0x05, 0x53, 0x05, 0x01, 0x21, 0x00, 
	0x01, 0x21, 0x00, 0x15, 0x01, 0x01, 0x00, 0x50, 
	0x01, 0x11, 0x11, 0x17, 0x22, 0x22, 0x22, 0x22, 
	0x22, 0x22, 0x22, 0x22, 0x21, 0x11, 0x11, 0x00, 
	0x05, 0x01, 0x00, 0x05, 0x10, 0x00, 0x21, 0x00, 
	0x01, 0x22, 0x11, 0x11, 0x11, 0x11, 0x01, 0x11, 
	0x12, 0x22, 0x22, 0x22, 0x26, 0x26, 0x22, 0x22, 
	0x22, 0x22, 0x26, 0x22, 0x22, 0x22, 0x22, 0x11, 
	0x00, 0x01, 0x01, 0x11, 0x11, 0x22, 0x21, 0x00, 
	0x00, 0x2b, 0x6b, 0xbb, 0xbb, 0xbb, 0x20, 0x05, 
	0x00, 0x11, 0x22, 0x22, 0x22, 0x22, 0x22, 0x22, 
	0x22, 0x22, 0x22, 0x22, 0x22, 0x21, 0x10, 0x05, 
	0x50, 0x12, 0xbb, 0xbb, 0xbb, 0xbb, 0xb0, 0x00, 
	0x11, 0xbb, 0xbb, 0xbb, 0xbb, 0x67, 0x10, 0x05, 
	0x00, 0x00, 0x22, 0x22, 0x22, 0x22, 0x22, 0x22, 
	0x22, 0x22, 0x22, 0x22, 0x21, 0x11, 0x01, 0x05, 
	0x50, 0x17, 0xbb, 0xbb, 0xbb, 0xbb, 0xb0, 0x11, 
	0x00, 0xbb, 0x66, 0xbb, 0x7b, 0x77, 0x10, 0x05, 
	0x00, 0x11, 0x12, 0x22, 0x22, 0x11, 0x72, 0x22, 
	0x22, 0x22, 0x12, 0x22, 0x22, 0x21, 0x10, 0x05, 
	0x00, 0x17, 0x77, 0x7b, 0xbb, 0x6b, 0xb0, 0x00, 
	0x00, 0xb6, 0x78, 0x88, 0x8d, 0x7b, 0x20, 0x05, 
	0x51, 0x11, 0x22, 0x22, 0x25, 0x01, 0x22, 0x22, 
	0x22, 0x21, 0x05, 0x22, 0x22, 0x21, 0x10, 0x05, 
	0x00, 0x02, 0x7a, 0xee, 0xee, 0xab, 0xb0, 0x00, 
	0x00, 0xbb, 0xaf, 0xff, 0xf8, 0x7b, 0x10, 0x05, 
	0x00, 0x11, 0x22, 0x22, 0x20, 0x11, 0x22, 0x22, 
	0x22, 0x21, 0x00, 0x22, 0x22, 0x21, 0x10, 0x05, 
	0x00, 0x17, 0x78, 0xff, 0xff, 0x8b, 0xb0, 0x00, 
	0x00, 0xb7, 0x8f, 0xff, 0xf8, 0x77, 0x10, 0x50, 
	0x01, 0x01, 0x22, 0x22, 0x25, 0x01, 0x22, 0x22, 
	0x22, 0x21, 0x15, 0x22, 0x22, 0x21, 0x00, 0x05, 
	0x50, 0x07, 0x7a, 0x88, 0x88, 0x87, 0x60, 0x00, 
	0x00, 0xbb, 0xaa, 0x44, 0xaa, 0x77, 0x20, 0x05, 
	0x00, 0x11, 0x12, 0x22, 0x20, 0x01, 0x22, 0x22, 
	0x22, 0x21, 0x05, 0x22, 0x22, 0x21, 0x10, 0x05, 
	0x00, 0x17, 0x7a, 0x44, 0x4a, 0x4b, 0xb0, 0x00, 
	0x00, 0xbb, 0xa8, 0x88, 0x84, 0x7b, 0x20, 0x05, 
	0x00, 0x11, 0x22, 0x22, 0x25, 0x11, 0x22, 0x22, 
	0x22, 0x21, 0x15, 0x22, 0x22, 0x21, 0x11, 0x05, 
	0x50, 0x17, 0x7a, 0xee, 0xee, 0xd6, 0xb0, 0x00, 
	0x00, 0xbd, 0xae, 0xef, 0xea, 0x7b, 0x20, 0x05, 
	0x11, 0x11, 0x27, 0x22, 0x25, 0x01, 0x22, 0x22, 
	0x22, 0x21, 0x05, 0x22, 0x22, 0x21, 0x10, 0x05, 
	0x00, 0x17, 0x7a, 0xee, 0xee, 0xab, 0xb0, 0x00, 
	0x00, 0xbb, 0xae, 0x8e, 0xea, 0x7b, 0x20, 0x05, 
	0x00, 0x12, 0x22, 0x22, 0x25, 0x11, 0x22, 0x22, 
	0x22, 0x21, 0x05, 0x22, 0x22, 0x21, 0x10, 0x05, 
	0x00, 0x17, 0x7a, 0xaa, 0xa8, 0xa7, 0xb0, 0x00, 
	0x00, 0xbd, 0xa4, 0x44, 0x44, 0x7b, 0x10, 0x05, 
	0x00, 0x11, 0x22, 0x22, 0x25, 0x11, 0x22, 0x22, 
	0x22, 0x21, 0x15, 0x22, 0x22, 0x11, 0x11, 0x05, 
	0x50, 0x17, 0x7a, 0x44, 0xaa, 0x47, 0xb0, 0x00, 
	0x00, 0xbd, 0xa8, 0x99, 0x9a, 0x77, 0x10, 0x05, 
	0x11, 0x11, 0x22, 0x22, 0x25, 0x01, 0x22, 0x22, 
	0x22, 0x21, 0x05, 0x22, 0x22, 0x21, 0x10, 0x05, 
	0x50, 0x07, 0x7a, 0xcc, 0xcc, 0xd7, 0xb0, 0x10, 
	0x00, 0xbd, 0xac, 0xcc, 0xcd, 0x7b, 0x10, 0x55, 
	0x10, 0x12, 0x22, 0x22, 0x20, 0x11, 0x22, 0x22, 
	0x22, 0x21, 0x15, 0x22, 0x22, 0x22, 0x11, 0x05, 
	0x50, 0x17, 0x7a, 0xcc, 0xcc, 0x87, 0xb0, 0x00, 
	0x00, 0xbb, 0xac, 0xcc, 0xc8, 0x7b, 0x10, 0x05, 
	0x01, 0x12, 0x22, 0x22, 0x25, 0x01, 0x22, 0x22, 
	0x22, 0x21, 0x05, 0x22, 0x22, 0x22, 0x10, 0x05, 
	0x00, 0x07, 0x78, 0xcc, 0xcc, 0x8d, 0xb0, 0x00, 
	0x00, 0xbd, 0x8c, 0xcc, 0xc8, 0x7b, 0x10, 0x00, 
	0x00, 0x11, 0x22, 0x22, 0x25, 0x01, 0x22, 0x22, 
	0x22, 0x21, 0x05, 0x22, 0x22, 0x21, 0x11, 0x10, 
	0x01, 0x17, 0x78, 0xcc, 0xcc, 0x87, 0xb0, 0x10, 
	0x00, 0xbd, 0x8c, 0xcc, 0xc8, 0x7b, 0x10, 0x00, 
	0x01, 0x12, 0x22, 0x22, 0x20, 0x01, 0x22, 0x22, 
	0x22, 0x21, 0x00, 0x22, 0x22, 0x21, 0x10, 0x00, 
	0x01, 0x07, 0x78, 0xcc, 0xcc, 0x87, 0xb0, 0x00, 
	0x00, 0xbd, 0x8c, 0xcc, 0xc8, 0x7b, 0x20, 0x00, 
	0x01, 0x12, 0x22, 0x22, 0x25, 0x11, 0x22, 0x22, 
	0x22, 0x21, 0x15, 0x22, 0x22, 0x22, 0x11, 0x00, 
	0x00, 0x12, 0x78, 0xcc, 0xcc, 0x8d, 0xb0, 0x00, 
	0x00, 0xbd, 0x8c, 0xcc, 0xc8, 0x7b, 0x20, 0x00, 
	0x11, 0x12, 0x22, 0x22, 0x25, 0x11, 0x22, 0x22, 
	0x22, 0x21, 0x05, 0x22, 0x22, 0x22, 0x11, 0x10, 
	0x00, 0x12, 0x28, 0xcc, 0xcc, 0x87, 0xb0, 0x00, 
	0x00, 0xbd, 0x8c, 0xcc, 0xc8, 0x76, 0x20, 0x00, 
	0x01, 0x11, 0x22, 0x22, 0x25, 0x01, 0x22, 0x22, 
	0x22, 0x21, 0x05, 0x22, 0x22, 0x22, 0x11, 0x00, 
	0x00, 0x12, 0x78, 0xcc, 0xcc, 0x87, 0xb0, 0x00, 
	0x00, 0xbb, 0x8c, 0xcc, 0xc8, 0x7b, 0x21, 0x00, 
	0x01, 0x12, 0x22, 0x22, 0x25, 0x01, 0x22, 0x22, 
	0x22, 0x21, 0x05, 0x22, 0x22, 0x22, 0x11, 0x00, 
	0x01, 0x17, 0x7a, 0xcc, 0xcc, 0x87, 0xb0, 0x00, 
	0x10, 0xb7, 0xa8, 0x99, 0x93, 0x7b, 0x20, 0x00, 
	0x00, 0x11, 0x22, 0x22, 0x25, 0x01, 0x22, 0x22, 
	0x22, 0x21, 0x05, 0x22, 0x22, 0x21, 0x10, 0x05, 
	0x00, 0x12, 0x7a, 0xa8, 0x88, 0x47, 0xb0, 0x01, 
	0x00, 0xbb, 0xa4, 0x44, 0x44, 0x7b, 0x20, 0x05, 
	0x01, 0x12, 0x22, 0x22, 0x25, 0x01, 0x22, 0x22, 
	0x22, 0x11, 0x05, 0x22, 0x22, 0x22, 0x10, 0x05, 
	0x00, 0x17, 0x7a, 0x44, 0x4a, 0xdb, 0xb0, 0x00, 
	0x00, 0xbb, 0xa8, 0x88, 0x8d, 0x7b, 0x10, 0x00, 
	0x01, 0x11, 0x22, 0x22, 0x25, 0x01, 0x12, 0x22, 
	0x22, 0x11, 0x05, 0x22, 0x22, 0x21, 0x11, 0x00, 
	0x00, 0x17, 0x7a, 0xee, 0xee, 0xab, 0xb0, 0x00, 
	0x00, 0xbd, 0xae, 0xee, 0xea, 0x7b, 0x20, 0x00, 
	0x00, 0x11, 0x12, 0x22, 0x23, 0x51, 0x12, 0x22, 
	0x22, 0x11, 0x53, 0x22, 0x22, 0x11, 0x11, 0x00, 
	0x00, 0x17, 0x7a, 0xee, 0xee, 0xa7, 0xb0, 0x00, 
	0x01, 0xbd, 0xae, 0xee, 0xea, 0x7b, 0x20, 0x05, 
	0x01, 0x11, 0x22, 0x22, 0x23, 0x50, 0x12, 0x22, 
	0x22, 0x10, 0x53, 0x22, 0x22, 0x21, 0x11, 0x05, 
	0x00, 0x12, 0x7a, 0xa8, 0x88, 0x47, 0xb0, 0x10, 
	0x00, 0xbd, 0xa4, 0x44, 0x44, 0x7b, 0x20, 0x05, 
	0x01, 0x01, 0x22, 0x22, 0x23, 0x50, 0x12, 0x22, 
	0x22, 0x10, 0x53, 0x22, 0x22, 0x11, 0x11, 0x00, 
	0x00, 0x17, 0x7a, 0x44, 0x4a, 0xd7, 0xb0, 0x00, 
	0x55, 0xbd, 0xa8, 0x88, 0x8a, 0x7b, 0x20, 0x00, 
	0x01, 0x11, 0x22, 0x22, 0x23, 0x30, 0x12, 0x22, 
	0x22, 0x10, 0x53, 0x22, 0x22, 0x21, 0x11, 0x00, 
	0x00, 0x17, 0x7a, 0xee, 0xee, 0x87, 0xb0, 0x55, 
	0x00, 0xbd, 0x8f, 0xff, 0xf8, 0x77, 0x10, 0x50, 
	0x01, 0x11, 0x22, 0x22, 0x24, 0x35, 0x02, 0x22, 
	0x22, 0x15, 0x34, 0x22, 0x22, 0x21, 0x11, 0x05, 
	0x50, 0x07, 0x78, 0xff, 0xff, 0x8b, 0xb0, 0x00, 
	0x00, 0xbd, 0x8f, 0xff, 0xf8, 0xd2, 0x11, 0x55, 
	0x01, 0x01, 0x22, 0x22, 0x24, 0x43, 0x01, 0x22, 
	0x21, 0x03, 0x34, 0x22, 0x22, 0x21, 0x10, 0x05, 
	0x50, 0x07, 0x0a, 0xff, 0xff, 0xa7, 0xb0, 0x00, 
	0x00, 0xbd, 0xaa, 0x88, 0x84, 0x47, 0x10, 0x55, 
	0x00, 0x01, 0x12, 0x22, 0x24, 0x43, 0x51, 0x22, 
	0x21, 0x03, 0x44, 0x22, 0x22, 0x11, 0x00, 0x05, 
	0x50, 0x07, 0x54, 0x44, 0x44, 0x3d, 0xb0, 0x00, 
	0x01, 0xba, 0x33, 0x33, 0x33, 0x32, 0x10, 0x33, 
	0x50, 0x00, 0x11, 0x12, 0x24, 0x44, 0x30, 0x12, 
	0x20, 0x34, 0x44, 0x22, 0x11, 0x10, 0x00, 0x53, 
	0x35, 0x01, 0x33, 0x33, 0x33, 0x33, 0xb0, 0x00, 
	0x10, 0x7b, 0xb6, 0x66, 0xbb, 0xbb, 0x15, 0x44, 
	0x43, 0x33, 0x33, 0x55, 0x54, 0x44, 0x43, 0x55, 
	0x53, 0x44, 0x44, 0x35, 0x55, 0x33, 0x33, 0x44, 
	0x45, 0x12, 0xb6, 0x66, 0x66, 0x66, 0xb0, 0x01, 
	0x00, 0x77, 0x77, 0x77, 0x77, 0x77, 0x15, 0x43, 
	0x33, 0x34, 0x33, 0x44, 0x45, 0x10, 0x05, 0x35, 
	0x55, 0x50, 0x00, 0x34, 0x43, 0x34, 0x33, 0x33, 
	0x35, 0x12, 0x66, 0x66, 0x66, 0x66, 0x60, 0x00, 
	0x10, 0x12, 0x22, 0x22, 0x27, 0x21, 0x10, 0x50, 
	0x00, 0x00, 0x01, 0x11, 0x62, 0x22, 0x22, 0x22, 
	0x22, 0x22, 0x22, 0x21, 0x11, 0x11, 0x10, 0x00, 
	0x00, 0x11, 0x22, 0x72, 0x22, 0x22, 0x21, 0x01, 
	0x00, 0x22, 0x22, 0x22, 0x22, 0x22, 0x05, 0x53, 
	0x44, 0x44, 0x44, 0x44, 0x33, 0x34, 0x33, 0x33, 
	0x33, 0x44, 0xaa, 0xaa, 0xaa, 0x43, 0x44, 0x43, 
	0x45, 0x02, 0x22, 0x22, 0x22, 0x22, 0x21, 0x00, 
	0x11, 0x22, 0x22, 0x22, 0x22, 0x22, 0x13, 0x54, 
	0x44, 0xdc, 0xdc, 0xcd, 0x36, 0xba, 0x22, 0x73, 
	0x34, 0x44, 0xcc, 0xd8, 0xcc, 0xd4, 0x44, 0x43, 
	0x43, 0x01, 0x22, 0x22, 0x22, 0x22, 0x20, 0x11, 
	0x01, 0x22, 0x22, 0x22, 0x22, 0x22, 0x15, 0x34, 
	0x44, 0xa9, 0x89, 0x83, 0x36, 0x60, 0xb6, 0x73, 
	0x34, 0x33, 0x89, 0x84, 0xc9, 0x84, 0x44, 0x43, 
	0x43, 0x02, 0x22, 0x22, 0x22, 0x22, 0x20, 0x00, 
	0x11, 0x72, 0x22, 0x22, 0x22, 0x22, 0x25, 0x34, 
	0x44, 0x44, 0x44, 0x44, 0x44, 0x44, 0x44, 0x44, 
	0x44, 0x44, 0x44, 0x44, 0x44, 0x44, 0x44, 0x43, 
	0x45, 0x12, 0x22, 0x22, 0x22, 0x22, 0x20, 0x11, 
	0x11, 0x22, 0x22, 0x22, 0x22, 0x22, 0x11, 0x10, 
	0x55, 0x35, 0x55, 0x07, 0x77, 0x77, 0x77, 0x77, 
	0x77, 0x17, 0x77, 0x77, 0x75, 0x53, 0x55, 0x30, 
	0x50, 0x10, 0x72, 0x22, 0x22, 0x22, 0x20, 0x11, 
	0x00, 0x12, 0x22, 0x12, 0x22, 0x05, 0x11, 0x11, 
	0x12, 0x22, 0x66, 0x66, 0x66, 0x66, 0x66, 0x26, 
	0x26, 0x66, 0x66, 0x66, 0x66, 0x62, 0x21, 0x11, 
	0x11, 0x10, 0x55, 0x50, 0x55, 0x15, 0x11, 0x00, 
	0x00, 0x20, 0x00, 0x00, 0x50, 0x51, 0x11, 0x12, 
	0x22, 0x22, 0x26, 0x66, 0x66, 0x66, 0x26, 0x66, 
	0x66, 0x22, 0x66, 0x66, 0x66, 0x62, 0x22, 0x22, 
	0x10, 0x10, 0x50, 0x50, 0x11, 0x01, 0x10, 0x00, 
	0x30, 0x10, 0x55, 0x55, 0x35, 0x51, 0x00, 0x55, 
	0x50, 0x01, 0x12, 0x72, 0x23, 0x51, 0x11, 0x15, 
	0x11, 0x10, 0x53, 0x12, 0x22, 0x11, 0x00, 0x05, 
	0x50, 0x00, 0x55, 0x35, 0x00, 0x00, 0x10, 0x33, 
	0x30, 0x10, 0x51, 0x55, 0x15, 0x50, 0x10, 0x55, 
	0x00, 0x10, 0x22, 0x22, 0x23, 0x51, 0x01, 0x11, 
	0x11, 0x00, 0x53, 0x22, 0x22, 0x10, 0x00, 0x55, 
	0x50, 0x10, 0x55, 0x01, 0x50, 0x00, 0x10, 0x53, 
	0x50, 0x10, 0x05, 0x00, 0x53, 0x50, 0x00, 0x35, 
	0x10, 0x01, 0x12, 0x22, 0x23, 0x50, 0x11, 0x21, 
	0x21, 0x00, 0x53, 0x22, 0x22, 0x11, 0x00, 0x05, 
	0x50, 0x00, 0x53, 0x51, 0x05, 0x00, 0x10, 0x05, 
	0x01, 0x03, 0x50, 0x50, 0x00, 0x50, 0x00, 0x55, 
	0x00, 0x01, 0x12, 0x22, 0x23, 0x51, 0x01, 0x11, 
	0x11, 0x01, 0x53, 0x22, 0x22, 0x11, 0x00, 0x55, 
	0x50, 0x00, 0x50, 0x00, 0x50, 0x53, 0x01, 0x00, 
	0x50, 0x05, 0x05, 0x35, 0x55, 0x50, 0x00, 0x55, 
	0x00, 0x01, 0x12, 0x22, 0x25, 0x50, 0x11, 0x22, 
	0x21, 0x10, 0x53, 0x22, 0x22, 0x11, 0x10, 0x05, 
	0x50, 0x00, 0x55, 0x55, 0x35, 0x05, 0x01, 0x55, 
	0x50, 0x00, 0x01, 0x00, 0x55, 0x50, 0x00, 0x55, 
	0x01, 0x01, 0x12, 0x22, 0x25, 0x30, 0x12, 0x22, 
	0x22, 0x00, 0x53, 0x22, 0x22, 0x11, 0x01, 0x05, 
	0x50, 0x00, 0x55, 0x31, 0x01, 0x50, 0x01, 0x55, 
	0x00, 0x13, 0x50, 0x15, 0x03, 0x31, 0x00, 0x35, 
	0x00, 0x01, 0x12, 0x22, 0x23, 0x35, 0x01, 0x22, 
	0x21, 0x05, 0x33, 0x22, 0x21, 0x11, 0x00, 0x55, 
	0x50, 0x01, 0x53, 0x50, 0x15, 0x05, 0x11, 0x50, 
	0x51, 0x15, 0x53, 0x55, 0x00, 0x30, 0x00, 0x55, 
	0x00, 0x01, 0x12, 0x72, 0x23, 0x35, 0x01, 0x22, 
	0x21, 0x05, 0x34, 0x22, 0x22, 0x11, 0x00, 0x05, 
	0x50, 0x00, 0x55, 0x00, 0x53, 0x35, 0x10, 0x55, 
	0x50, 0x15, 0x00, 0x00, 0x50, 0x50, 0x00, 0x55, 
	0x50, 0x00, 0x12, 0x22, 0x23, 0x35, 0x01, 0x22, 
	0x21, 0x05, 0x44, 0x22, 0x22, 0x10, 0x01, 0x55, 
	0x50, 0x00, 0x50, 0x05, 0x00, 0x05, 0x10, 0x55, 
	0x00, 0x15, 0x05, 0x05, 0x35, 0x50, 0x00, 0x35, 
	0x50, 0x01, 0x12, 0x22, 0x23, 0x35, 0x01, 0x21, 
	0x21, 0x05, 0x34, 0x22, 0x22, 0x11, 0x00, 0x55, 
	0x55, 0x00, 0x55, 0x33, 0x00, 0x55, 0x11, 0x00, 
	0x01, 0x13, 0x55, 0x33, 0x55, 0x50, 0x00, 0x35, 
	0x50, 0x11, 0x12, 0x22, 0x24, 0x43, 0x01, 0x22, 
	0x21, 0x03, 0x34, 0x22, 0x22, 0x11, 0x00, 0x55, 
	0x35, 0x00, 0x55, 0x53, 0x55, 0x53, 0x11, 0x00, 
	0x50, 0x14, 0x33, 0x33, 0x44, 0x30, 0x00, 0x35, 
	0x55, 0x01, 0x12, 0x22, 0x24, 0x43, 0x51, 0x12, 
	0x21, 0x53, 0x44, 0x22, 0x22, 0x11, 0x05, 0x55, 
	0x35, 0x00, 0x34, 0x43, 0x33, 0x34, 0x00, 0x55, 
	0x01, 0x14, 0x44, 0x44, 0x44, 0x45, 0x05, 0x33, 
	0x55, 0x00, 0x11, 0x11, 0x24, 0x44, 0x30, 0x11, 
	0x10, 0x33, 0x44, 0x21, 0x11, 0x00, 0x05, 0x53, 
	0x35, 0x05, 0x44, 0x44, 0x44, 0x44, 0x00, 0x55, 
	0x01, 0x25, 0x55, 0x55, 0x55, 0x35, 0x05, 0x34, 
	0x33, 0x33, 0x33, 0x51, 0x54, 0x44, 0x45, 0x00, 
	0x05, 0x44, 0x44, 0x00, 0x55, 0x33, 0x33, 0x33, 
	0x45, 0x05, 0x35, 0x55, 0x55, 0x55, 0x11, 0x00, 
	
};

ALIGNED8 u8 ss1_space_space128_17_pal_rgba16[] = {
	0x08, 0x8d, 0x08, 0xd1, 0x21, 0x57, 0x08, 0x47, 
	0x00, 0x01, 0x00, 0x4b, 0x42, 0x1d, 0x21, 0x53, 
	0x69, 0x47, 0xab, 0x97, 0x28, 0x85, 0x4a, 0x5b, 
	0xff, 0xa7, 0x39, 0x4f, 0xc0, 0x41, 0xf8, 0x01, 
	
};

ALIGNED8 u8 ss1_space_space128_4_ci4[] = {
	0x00, 0x00, 0x00, 0x00, 0x00, 0x00, 0x00, 0x12, 
	0x10, 0x00, 0x00, 0x00, 0x00, 0x00, 0x00, 0x00, 
	0x31, 0x00, 0x00, 0x00, 0x00, 0x00, 0x00, 0x00, 
	0x02, 0x10, 0x00, 0x00, 0x10, 0x00, 0x00, 0x00, 
	0x01, 0x00, 0x00, 0x00, 0x00, 0x00, 0x00, 0x12, 
	0x10, 0x00, 0x00, 0x00, 0x00, 0x00, 0x00, 0x00, 
	0x41, 0x00, 0x00, 0x00, 0x00, 0x00, 0x00, 0x00, 
	0x05, 0x10, 0x01, 0x01, 0x10, 0x10, 0x00, 0x00, 
	0x00, 0x00, 0x00, 0x00, 0x00, 0x00, 0x00, 0x16, 
	0x10, 0x00, 0x00, 0x00, 0x00, 0x00, 0x00, 0x00, 
	0x41, 0x00, 0x00, 0x00, 0x00, 0x00, 0x00, 0x00, 
	0x04, 0x21, 0x00, 0x01, 0x11, 0x00, 0x00, 0x00, 
	0x00, 0x00, 0x00, 0x00, 0x00, 0x00, 0x01, 0x13, 
	0x11, 0x00, 0x11, 0x10, 0x00, 0x00, 0x00, 0x10, 
	0x41, 0x00, 0x00, 0x11, 0x01, 0x01, 0x01, 0x10, 
	0x04, 0x21, 0x11, 0x11, 0x11, 0x00, 0x01, 0x01, 
	0x21, 0x21, 0x11, 0x11, 0x11, 0x12, 0x27, 0x78, 
	0x68, 0x28, 0x72, 0x22, 0x22, 0x22, 0x22, 0x72, 
	0x86, 0x77, 0x72, 0x72, 0x22, 0x27, 0x22, 0x27, 
	0x23, 0x77, 0x77, 0x77, 0x72, 0x72, 0x72, 0x77, 
	0x17, 0x71, 0x11, 0x11, 0x11, 0x12, 0x26, 0x66, 
	0x62, 0x62, 0x72, 0x11, 0x11, 0x11, 0x27, 0x22, 
	0x37, 0x77, 0x77, 0x71, 0x11, 0x11, 0x12, 0x72, 
	0x28, 0x72, 0x67, 0x72, 0x71, 0x11, 0x11, 0x22, 
	0x88, 0x78, 0x70, 0x00, 0x00, 0x19, 0x99, 0x9a, 
	0x99, 0x99, 0x96, 0x10, 0x00, 0x01, 0x83, 0x39, 
	0xa9, 0x39, 0x33, 0x61, 0x00, 0x00, 0x09, 0x33, 
	0x3a, 0x99, 0x93, 0x36, 0x71, 0x10, 0x01, 0x88, 
	0x99, 0x93, 0x71, 0x00, 0x00, 0x1a, 0x9a, 0xaa, 
	0x99, 0xaa, 0x96, 0x10, 0x00, 0x00, 0x99, 0xaa, 
	0x99, 0x9a, 0xa9, 0x61, 0x00, 0x00, 0x5a, 0x9a, 
	0x99, 0xaa, 0xaa, 0x96, 0x70, 0x00, 0x10, 0x99, 
	0x99, 0xa3, 0x70, 0x00, 0x00, 0x19, 0x9a, 0xaa, 
	0xa9, 0xaa, 0x36, 0x11, 0x00, 0x00, 0x99, 0xa9, 
	0x99, 0x9a, 0xa3, 0x61, 0x00, 0x00, 0x09, 0x99, 
	0x99, 0x9a, 0xaa, 0x36, 0x71, 0x00, 0x01, 0x83, 
	0x99, 0x96, 0x71, 0x10, 0x00, 0x18, 0x3a, 0x99, 
	0x99, 0x99, 0x36, 0x10, 0x00, 0x01, 0x88, 0x99, 
	0x39, 0x99, 0x93, 0x61, 0x00, 0x00, 0x08, 0x39, 
	0x99, 0x99, 0x99, 0x36, 0x70, 0x00, 0x01, 0x23, 
	0x63, 0x36, 0x71, 0x00, 0x00, 0x02, 0x79, 0x36, 
	0x88, 0x93, 0x66, 0x10, 0x00, 0x00, 0x27, 0x98, 
	0x66, 0x33, 0x33, 0x67, 0x11, 0x11, 0x12, 0x79, 
	0x38, 0x83, 0x93, 0x66, 0x71, 0x10, 0x01, 0x22, 
	0x72, 0x66, 0x89, 0x9a, 0x9a, 0x22, 0x79, 0x67, 
	0x22, 0x68, 0x63, 0xaa, 0x99, 0xa8, 0x71, 0x46, 
	0x22, 0x26, 0x88, 0x9a, 0xaa, 0xaa, 0x62, 0x28, 
	0x67, 0x72, 0x68, 0x63, 0xaa, 0xaa, 0xa6, 0x77, 
	0x00, 0x11, 0x89, 0x99, 0x98, 0x71, 0x11, 0x17, 
	0x11, 0x11, 0x78, 0x99, 0x99, 0x37, 0x11, 0x11, 
	0x27, 0x11, 0x12, 0x8a, 0x99, 0x98, 0x11, 0x17, 
	0x13, 0x71, 0x01, 0x28, 0x99, 0x99, 0x31, 0x11, 
	0x00, 0x01, 0x72, 0x68, 0x67, 0x11, 0x01, 0x05, 
	0xb1, 0x11, 0x17, 0x63, 0x86, 0x72, 0x11, 0x11, 
	0x32, 0x11, 0x12, 0x26, 0x88, 0x82, 0x21, 0x11, 
	0x19, 0x21, 0x11, 0x72, 0x66, 0x67, 0x71, 0x10, 
	0x00, 0x01, 0x11, 0x12, 0x27, 0x11, 0x11, 0x13, 
	0x22, 0x22, 0x22, 0x28, 0x82, 0x22, 0x21, 0x12, 
	0x92, 0x12, 0x22, 0x22, 0x22, 0x22, 0x22, 0x22, 
	0x19, 0x21, 0x17, 0x17, 0x77, 0x17, 0x71, 0x11, 
	0x11, 0x11, 0x77, 0x72, 0x27, 0x72, 0x72, 0x73, 
	0x68, 0x68, 0x66, 0x62, 0x22, 0x22, 0x27, 0x22, 
	0x88, 0x26, 0x22, 0x22, 0x22, 0x22, 0x86, 0x77, 
	0x73, 0x67, 0x72, 0x76, 0x27, 0x26, 0x67, 0x71, 
	0x71, 0x11, 0x77, 0x77, 0x26, 0x72, 0x76, 0x63, 
	0x78, 0x66, 0x66, 0x27, 0x22, 0x22, 0x62, 0x66, 
	0x36, 0x22, 0x22, 0x22, 0x26, 0x68, 0x66, 0x67, 
	0x63, 0x77, 0x72, 0x76, 0x67, 0x76, 0x66, 0x67, 
	0x88, 0x88, 0x88, 0x88, 0x93, 0x88, 0x83, 0x33, 
	0x93, 0x99, 0x36, 0x66, 0x66, 0x88, 0x88, 0x99, 
	0x38, 0x88, 0x88, 0x68, 0x66, 0x66, 0x63, 0x98, 
	0x89, 0x88, 0x83, 0x38, 0x93, 0x88, 0x99, 0x33, 
	0xaa, 0xaa, 0x99, 0x99, 0x9a, 0x99, 0x88, 0x33, 
	0x99, 0x39, 0x39, 0x93, 0x99, 0x39, 0x99, 0x39, 
	0x39, 0x99, 0x99, 0x33, 0x32, 0x23, 0x88, 0x88, 
	0x8a, 0x99, 0x99, 0xaa, 0xaa, 0xaa, 0xaa, 0xaa, 
	0xaa, 0xaa, 0xaa, 0xaa, 0x98, 0x11, 0x22, 0x22, 
	0x10, 0x11, 0x11, 0x12, 0x17, 0x22, 0x22, 0x68, 
	0x21, 0x72, 0x27, 0x22, 0x22, 0x88, 0x22, 0x83, 
	0x98, 0xa3, 0x71, 0x9a, 0xaa, 0xaa, 0xaa, 0xaa, 
	0x99, 0x99, 0xaa, 0xaa, 0x37, 0x11, 0x82, 0x17, 
	0x06, 0x96, 0x68, 0x66, 0x66, 0x96, 0x66, 0x66, 
	0x82, 0x88, 0x88, 0x82, 0x22, 0x71, 0x01, 0x22, 
	0x88, 0x96, 0x11, 0x9a, 0xaa, 0x99, 0x99, 0x99, 
	0x77, 0x72, 0x6a, 0xa9, 0x61, 0x10, 0x22, 0x20, 
	0xa2, 0xcc, 0xcc, 0xcc, 0xcc, 0xcc, 0xcc, 0xcc, 
	0xcc, 0xcc, 0xcc, 0xcc, 0xcc, 0xd0, 0x56, 0x69, 
	0x86, 0x37, 0x11, 0x9a, 0xaa, 0x67, 0x22, 0x72, 
	0x00, 0x00, 0x0a, 0x93, 0x61, 0x00, 0x11, 0x21, 
	0x85, 0x77, 0x77, 0x77, 0x77, 0x77, 0x67, 0x72, 
	0x76, 0x66, 0x26, 0x66, 0x66, 0x88, 0x23, 0x32, 
	0x17, 0x87, 0x10, 0x4a, 0xa9, 0x60, 0x11, 0x00, 
	0x99, 0x99, 0x9a, 0x93, 0x61, 0x10, 0x11, 0x21, 
	0xa0, 0x11, 0x22, 0x22, 0x22, 0x00, 0x00, 0x00, 
	0x00, 0x00, 0x00, 0x00, 0x06, 0x3a, 0x36, 0x38, 
	0x88, 0x87, 0x10, 0x4a, 0xa3, 0x88, 0x99, 0x99, 
	0x88, 0xbb, 0x89, 0x93, 0x71, 0x10, 0x61, 0x22, 
	0x49, 0x18, 0x77, 0x22, 0x21, 0x11, 0x07, 0x11, 
	0x17, 0x27, 0x22, 0x08, 0x82, 0xaa, 0x83, 0x68, 
	0x9a, 0x67, 0x10, 0x4a, 0x93, 0x88, 0x98, 0x88, 
	0x00, 0x00, 0x5a, 0x33, 0x71, 0x10, 0x72, 0x22, 
	0x7a, 0x22, 0x88, 0x71, 0x01, 0x11, 0x11, 0x71, 
	0x10, 0x00, 0x17, 0x99, 0x2a, 0xa9, 0x23, 0x82, 
	0x00, 0x87, 0x11, 0x4a, 0x93, 0x70, 0x11, 0x00, 
	0x00, 0x00, 0x09, 0x33, 0x71, 0x00, 0x21, 0x26, 
	0x22, 0x92, 0x83, 0x30, 0x86, 0x62, 0x26, 0x86, 
	0x93, 0x97, 0x69, 0x96, 0x2a, 0x98, 0x38, 0x32, 
	0x88, 0x67, 0x10, 0x4a, 0x33, 0x61, 0x00, 0x00, 
	0x21, 0x11, 0x09, 0x38, 0x71, 0x00, 0x27, 0x81, 
	0x22, 0xa2, 0x79, 0x32, 0x62, 0x86, 0x66, 0x88, 
	0x8e, 0x76, 0x99, 0x96, 0x3a, 0x82, 0x92, 0x82, 
	0x28, 0x61, 0x11, 0x4a, 0x36, 0x61, 0x01, 0x11, 
	0xa9, 0x99, 0x33, 0x38, 0x71, 0x00, 0x17, 0x10, 
	0x78, 0x2a, 0x38, 0x93, 0x28, 0x66, 0x38, 0x86, 
	0x63, 0x73, 0x33, 0x62, 0xa9, 0x23, 0x22, 0x82, 
	0x88, 0x87, 0x10, 0x49, 0x33, 0x3a, 0xaa, 0xa9, 
	0x77, 0x71, 0x63, 0x63, 0x71, 0x00, 0x86, 0x22, 
	0x22, 0x6a, 0x22, 0x89, 0x62, 0x63, 0x22, 0x66, 
	0x77, 0x39, 0x33, 0x6a, 0xa2, 0x29, 0x28, 0x82, 
	0x82, 0x67, 0x11, 0x49, 0x36, 0x77, 0x77, 0x77, 
	0x00, 0x00, 0x53, 0x68, 0x71, 0x00, 0x68, 0x86, 
	0x63, 0x22, 0xa2, 0x89, 0x32, 0x67, 0xe6, 0x66, 
	0x88, 0x93, 0x36, 0x8a, 0x92, 0x32, 0x22, 0x82, 
	0x21, 0x61, 0x11, 0x49, 0x36, 0x70, 0x11, 0x00, 
	0x00, 0x00, 0x53, 0x63, 0x71, 0x11, 0x81, 0x72, 
	0x22, 0x72, 0x98, 0x88, 0x96, 0x23, 0x80, 0x76, 
	0x23, 0x38, 0x32, 0x9a, 0x26, 0x32, 0x22, 0x82, 
	0x23, 0x77, 0x11, 0x49, 0x36, 0x70, 0x00, 0x00, 
	0x00, 0x00, 0x53, 0x66, 0x71, 0x10, 0x11, 0x17, 
	0x77, 0x22, 0x2a, 0x26, 0x93, 0x76, 0x68, 0x66, 
	0x29, 0x63, 0x28, 0xa8, 0x23, 0x28, 0x28, 0x22, 
	0x28, 0x77, 0x10, 0x49, 0x36, 0x70, 0x00, 0x00, 
	0x00, 0x00, 0x53, 0x66, 0x71, 0x00, 0x01, 0x02, 
	0x22, 0x27, 0x89, 0x98, 0x83, 0x82, 0x66, 0x72, 
	0x33, 0x93, 0x29, 0xa2, 0x27, 0x21, 0x22, 0x22, 
	0x27, 0x61, 0x71, 0x49, 0x36, 0x71, 0x10, 0x00, 
	0x00, 0x00, 0x53, 0x66, 0x71, 0x10, 0x22, 0x86, 
	0x88, 0x83, 0x66, 0xa8, 0x89, 0x66, 0x67, 0x72, 
	0x96, 0xa2, 0x3a, 0x82, 0x22, 0x22, 0x26, 0x68, 
	0x31, 0x61, 0x10, 0x49, 0x36, 0x61, 0x11, 0x00, 
	0x00, 0x00, 0x53, 0x66, 0x71, 0x00, 0x22, 0x22, 
	0x66, 0x28, 0x83, 0x89, 0x68, 0x98, 0x77, 0x23, 
	0x33, 0x62, 0xaa, 0x12, 0x62, 0x22, 0x22, 0x26, 
	0x72, 0x67, 0x11, 0x49, 0x36, 0x71, 0x11, 0x00, 
	0x10, 0x00, 0x53, 0x66, 0x71, 0x00, 0x66, 0x86, 
	0x99, 0x36, 0x66, 0x8a, 0x66, 0x39, 0x88, 0x29, 
	0x33, 0x23, 0xa8, 0x22, 0x71, 0x22, 0x12, 0x23, 
	0x16, 0x27, 0x10, 0x49, 0x36, 0x71, 0x11, 0x01, 
	0x10, 0x00, 0x59, 0x66, 0x71, 0x10, 0x9e, 0x86, 
	0x6e, 0x68, 0x38, 0x88, 0x96, 0x69, 0x88, 0x33, 
	0x68, 0x2a, 0xa2, 0x22, 0x27, 0x22, 0x22, 0x38, 
	0x77, 0x67, 0x10, 0x49, 0x36, 0x77, 0x17, 0x11, 
	0x10, 0x10, 0x23, 0x66, 0x77, 0x11, 0x37, 0x39, 
	0x63, 0x99, 0x66, 0x62, 0xa6, 0x63, 0x39, 0x89, 
	0x31, 0xaa, 0x86, 0x11, 0x12, 0x21, 0x22, 0x31, 
	0x27, 0x62, 0x11, 0x59, 0x36, 0x71, 0x71, 0x11, 
	0x00, 0x00, 0x29, 0x63, 0x61, 0x11, 0x67, 0x71, 
	0x11, 0x17, 0x36, 0x38, 0x8a, 0x63, 0x33, 0x39, 
	0x62, 0xaa, 0x22, 0x72, 0x71, 0x12, 0x26, 0x31, 
	0x27, 0x61, 0x11, 0x59, 0x38, 0x77, 0x17, 0x11, 
	0x10, 0x10, 0x53, 0x63, 0x71, 0x11, 0x99, 0x99, 
	0x99, 0x99, 0x38, 0x88, 0x6a, 0x86, 0x39, 0x33, 
	0x1a, 0xa2, 0x21, 0x11, 0x21, 0x12, 0x76, 0x14, 
	0x67, 0x27, 0x10, 0x59, 0x36, 0x77, 0x71, 0x11, 
	0x10, 0x00, 0x53, 0x63, 0x61, 0x70, 0x99, 0x99, 
	0x99, 0x99, 0x9a, 0xaa, 0x88, 0xa2, 0x39, 0x36, 
	0x2a, 0x92, 0x89, 0x99, 0x39, 0x99, 0x98, 0x22, 
	0x92, 0x61, 0x10, 0x49, 0x36, 0x72, 0x77, 0x11, 
	0x10, 0x10, 0x59, 0x68, 0x71, 0x11, 0x22, 0x82, 
	0x92, 0x76, 0x92, 0x23, 0x36, 0xa8, 0x89, 0x92, 
	0xaa, 0x82, 0x92, 0x62, 0x21, 0x11, 0x81, 0x22, 
	0x62, 0x27, 0x10, 0x59, 0x38, 0x67, 0x22, 0x11, 
	0x11, 0x11, 0x18, 0x63, 0x71, 0x00, 0x22, 0x23, 
	0x61, 0x6a, 0x82, 0x29, 0x88, 0x8a, 0x83, 0x88, 
	0xa9, 0x23, 0x28, 0x86, 0x22, 0x22, 0x82, 0x76, 
	0x87, 0x71, 0x11, 0x59, 0x38, 0x77, 0x77, 0x71, 
	0x71, 0x11, 0x59, 0x66, 0x71, 0x00, 0x26, 0x29, 
	0x22, 0x88, 0x38, 0xa9, 0x88, 0x69, 0x98, 0x39, 
	0xa8, 0x28, 0x88, 0x11, 0x72, 0x26, 0x65, 0x81, 
	0x02, 0x21, 0x11, 0x59, 0x36, 0x76, 0x27, 0x17, 
	0x77, 0x11, 0x73, 0x63, 0x71, 0x10, 0x22, 0x38, 
	0x16, 0x99, 0x28, 0x33, 0x23, 0x63, 0xa9, 0x9a, 
	0x98, 0xa9, 0x93, 0x22, 0x02, 0x28, 0x22, 0x20, 
	0x12, 0x77, 0x11, 0x59, 0x36, 0x67, 0x67, 0x27, 
	0x71, 0x11, 0x53, 0x63, 0x72, 0x10, 0x82, 0x92, 
	0x73, 0x98, 0x23, 0x92, 0x69, 0x86, 0xa3, 0x9a, 
	0x88, 0x81, 0x19, 0x28, 0x88, 0x66, 0x26, 0x36, 
	0x87, 0x21, 0x11, 0x59, 0x36, 0x72, 0x22, 0x17, 
	0x11, 0x11, 0x23, 0x66, 0x77, 0x10, 0x23, 0x81, 
	0x39, 0x82, 0x6a, 0x32, 0x33, 0x88, 0x89, 0x98, 
	0x69, 0x88, 0x89, 0x99, 0xa2, 0x37, 0x26, 0x21, 
	0x12, 0x71, 0x11, 0x59, 0x38, 0x72, 0x72, 0x22, 
	0x72, 0x27, 0x28, 0x66, 0x72, 0x10, 0x89, 0x22, 
	0x38, 0x66, 0x39, 0x26, 0x96, 0x23, 0x88, 0x27, 
	0x68, 0x98, 0x93, 0x88, 0x88, 0x66, 0x61, 0x10, 
	0x05, 0x21, 0x10, 0x59, 0x36, 0x76, 0x66, 0x22, 
	0x77, 0x77, 0x69, 0x66, 0x71, 0x00, 0x32, 0x13, 
	0x98, 0x78, 0x98, 0x23, 0x38, 0x36, 0x98, 0x38, 
	0x98, 0x36, 0x68, 0x88, 0x28, 0x28, 0x28, 0x66, 
	0x77, 0x71, 0x10, 0x59, 0x36, 0x66, 0x66, 0x77, 
	0x77, 0x77, 0x33, 0x66, 0x71, 0x10, 0x92, 0x23, 
	0x38, 0x83, 0xa1, 0x33, 0x98, 0x99, 0x88, 0x63, 
	0x88, 0x83, 0x68, 0x82, 0x26, 0x66, 0x22, 0x27, 
	0x22, 0x71, 0x10, 0x23, 0x36, 0x66, 0x67, 0x27, 
	0x77, 0x77, 0x43, 0x66, 0x71, 0x00, 0x82, 0x83, 
	0x82, 0x83, 0x96, 0x89, 0x28, 0x38, 0x33, 0x69, 
	0x88, 0x33, 0x23, 0x88, 0x22, 0x88, 0x1d, 0x72, 
	0x76, 0x11, 0x00, 0x59, 0x37, 0x72, 0x72, 0x77, 
	0xdd, 0xdd, 0xdb, 0xed, 0xdb, 0xf9, 0x22, 0x72, 
	0x22, 0x22, 0x27, 0x72, 0x27, 0x71, 0x23, 0x69, 
	0x82, 0x00, 0x11, 0x05, 0x66, 0x86, 0x81, 0x00, 
	0x01, 0x67, 0xbd, 0xbd, 0xdb, 0x9d, 0x17, 0x9e, 
	0xbd, 0xdd, 0xbb, 0xbb, 0xdb, 0xb9, 0x3e, 0x82, 
	0x62, 0x62, 0x68, 0x23, 0x7e, 0xbb, 0x20, 0x0d, 
	0xba, 0xa6, 0xee, 0x99, 0x33, 0xaa, 0xa9, 0xa2, 
	0xdd, 0xff, 0xff, 0xff, 0xff, 0xbb, 0xff, 0xdb, 
	0xb8, 0xbb, 0xbb, 0xeb, 0xee, 0xba, 0x3e, 0xe6, 
	0xee, 0xb6, 0x7e, 0xbe, 0xbe, 0xee, 0x92, 0x06, 
	0xbf, 0xde, 0x0f, 0xff, 0xff, 0xff, 0xfd, 0x9a, 
	0x9e, 0xee, 0xbe, 0xbb, 0xeb, 0xfe, 0xdf, 0xfb, 
	0xb9, 0xee, 0xbb, 0xeb, 0xeb, 0xea, 0x98, 0x7e, 
	0xb6, 0x7e, 0xde, 0xbe, 0xee, 0xe8, 0x8d, 0xb9, 
	0xee, 0xe3, 0xeb, 0xbb, 0xdd, 0xdd, 0xbb, 0xb8, 
	0xa2, 0xdb, 0xdd, 0xdd, 0xdd, 0xde, 0xff, 0xfe, 
	0xbb, 0x3b, 0xbb, 0xee, 0xeb, 0xe8, 0x99, 0x99, 
	0x9a, 0xaa, 0x39, 0x39, 0x9e, 0x98, 0xdb, 0xb9, 
	0xeb, 0xb9, 0xeb, 0xbd, 0xdb, 0xbd, 0xdd, 0xbb, 
	0x98, 0xee, 0xbe, 0xee, 0xee, 0x14, 0xdd, 0xfe, 
	0xbb, 0xee, 0xbb, 0xbe, 0xbb, 0xee, 0xbe, 0xee, 
	0xee, 0xeb, 0xdb, 0xdd, 0xd1, 0x31, 0xbb, 0xb9, 
	0x6e, 0xb9, 0x6b, 0xbb, 0xbd, 0xdb, 0xbb, 0xbb, 
	0xbe, 0xbd, 0xdd, 0xbb, 0xdd, 0xf5, 0xbb, 0x1e, 
	0xdb, 0xb3, 0xed, 0xee, 0xbb, 0xee, 0xbb, 0xbb, 
	0xbd, 0x9e, 0xd9, 0xaa, 0xa8, 0xdb, 0xbb, 0xb9, 
	0xeb, 0xb3, 0xeb, 0xbe, 0xee, 0x9e, 0x88, 0x8e, 
	0xea, 0x9e, 0xee, 0xee, 0xee, 0xe9, 0xbd, 0xbe, 
	0xdb, 0xbb, 0x3b, 0xeb, 0xbe, 0xee, 0xbb, 0xbb, 
	0xbd, 0xeb, 0xdf, 0xfa, 0x9d, 0xbb, 0xbb, 0xb8, 
	0xee, 0xb9, 0x9b, 0xba, 0x8b, 0xdd, 0xdb, 0xdd, 
	0xba, 0x2d, 0xdd, 0xdd, 0xdd, 0xba, 0x2b, 0xee, 
	0xdb, 0xbb, 0x9e, 0xeb, 0xee, 0x72, 0xeb, 0xbb, 
	0xbb, 0x3b, 0xbb, 0xb8, 0xdb, 0xbb, 0xbb, 0xb8, 
	0xee, 0xba, 0xed, 0xb9, 0x9b, 0xff, 0x0b, 0xbd, 
	0xde, 0x2e, 0xee, 0xee, 0xee, 0xea, 0x2b, 0xee, 
	0xdb, 0xbb, 0xbe, 0xbb, 0xe4, 0x15, 0x8b, 0xbb, 
	0xbe, 0xeb, 0xb8, 0xeb, 0xbb, 0xbb, 0xbb, 0xbe, 
	0xee, 0xba, 0xeb, 0xb8, 0x8a, 0xee, 0xee, 0xe9, 
	0x9d, 0xbb, 0xb7, 0xb7, 0xd6, 0x6a, 0xbb, 0xe9, 
	0xbe, 0xee, 0xee, 0xee, 0x92, 0x12, 0x8b, 0xbb, 
	0xbb, 0xe9, 0xaa, 0x8b, 0xbb, 0xbb, 0xbb, 0xbe, 
	0xeb, 0xd9, 0xeb, 0xbb, 0xe6, 0x88, 0xbd, 0x9a, 
	0x3e, 0xbb, 0xbb, 0xbb, 0xbb, 0xea, 0xee, 0x9a, 
	0xa9, 0x99, 0x99, 0x99, 0xa3, 0x97, 0x26, 0x99, 
	0x99, 0xff, 0xa9, 0x8a, 0x9a, 0x99, 0xaa, 0xaa, 
	0x89, 0xaa, 0x9a, 0x9e, 0xe9, 0x9e, 0x99, 0x9a, 
	0x8e, 0xee, 0xee, 0xe9, 0x99, 0xaa, 0x99, 0x8a, 
	
};

ALIGNED8 u8 ss1_space_space128_4_pal_rgba16[] = {
	0x7b, 0x67, 0x62, 0xe3, 0x4a, 0x5b, 0x21, 0x11, 
	0x31, 0x91, 0x4a, 0x57, 0x31, 0x97, 0x4a, 0x5d, 
	0x31, 0x93, 0x19, 0x0d, 0x10, 0x87, 0x2a, 0x9b, 
	0x94, 0x71, 0x43, 0x61, 0x21, 0xd5, 0x65, 0x2d, 
	
};

ALIGNED8 u8 ss1_space_space128_3_ci4[] = {
	0x01, 0x20, 0x00, 0x00, 0x22, 0x22, 0x22, 0x23, 
	0x12, 0x22, 0x22, 0x20, 0x00, 0x00, 0x00, 0x22, 
	0x41, 0x22, 0x02, 0x22, 0x20, 0x22, 0x22, 0x02, 
	0x25, 0x12, 0x22, 0x21, 0x12, 0x22, 0x22, 0x22, 
	0x01, 0x20, 0x00, 0x02, 0x02, 0x22, 0x22, 0x26, 
	0x12, 0x22, 0x22, 0x20, 0x02, 0x02, 0x00, 0x22, 
	0x41, 0x22, 0x02, 0x22, 0x20, 0x22, 0x22, 0x02, 
	0x07, 0x11, 0x22, 0x22, 0x12, 0x22, 0x22, 0x22, 
	0x02, 0x00, 0x20, 0x00, 0x02, 0x22, 0x22, 0x15, 
	0x32, 0x22, 0x22, 0x22, 0x22, 0x00, 0x22, 0x22, 
	0x71, 0x22, 0x22, 0x22, 0x22, 0x22, 0x20, 0x02, 
	0x07, 0x32, 0x22, 0x22, 0x11, 0x22, 0x22, 0x22, 
	0x22, 0x22, 0x02, 0x22, 0x02, 0x20, 0x22, 0x17, 
	0x12, 0x22, 0x12, 0x12, 0x22, 0x22, 0x22, 0x22, 
	0x41, 0x21, 0x22, 0x11, 0x22, 0x21, 0x22, 0x22, 
	0x27, 0x62, 0x11, 0x11, 0x11, 0x21, 0x22, 0x22, 
	0x31, 0x31, 0x11, 0x33, 0x13, 0x13, 0x35, 0x37, 
	0x55, 0x35, 0x53, 0x33, 0x33, 0x33, 0x33, 0x33, 
	0x45, 0x33, 0x33, 0x33, 0x33, 0x33, 0x33, 0x33, 
	0x34, 0x53, 0x33, 0x63, 0x63, 0x33, 0x33, 0x35, 
	0x33, 0x63, 0x11, 0x11, 0x21, 0x36, 0x35, 0x54, 
	0x55, 0x75, 0x33, 0x11, 0x11, 0x13, 0x36, 0x66, 
	0x43, 0x63, 0x66, 0x61, 0x22, 0x22, 0x13, 0x33, 
	0x34, 0x35, 0x53, 0x33, 0x31, 0x13, 0x33, 0x66, 
	0x77, 0x57, 0x52, 0x20, 0x22, 0x14, 0x88, 0x89, 
	0x88, 0x88, 0x85, 0x22, 0x22, 0x21, 0x48, 0x48, 
	0x98, 0x48, 0x44, 0x51, 0x20, 0x22, 0x14, 0x88, 
	0x89, 0x88, 0x88, 0x45, 0x31, 0x22, 0x22, 0x47, 
	0x99, 0x94, 0x50, 0x02, 0x22, 0x18, 0x99, 0x99, 
	0x99, 0x99, 0x85, 0x12, 0x22, 0x20, 0x99, 0x99, 
	0x99, 0x99, 0x98, 0x51, 0x02, 0x00, 0x18, 0x99, 
	0x99, 0x99, 0x99, 0x85, 0x32, 0x22, 0x21, 0x99, 
	0x89, 0x94, 0x32, 0x02, 0x22, 0x18, 0x89, 0x99, 
	0x99, 0x99, 0x45, 0x12, 0x00, 0x02, 0x98, 0x88, 
	0x88, 0x99, 0x94, 0x51, 0x22, 0x22, 0x18, 0x89, 
	0x88, 0x89, 0x89, 0x45, 0x31, 0x22, 0x21, 0x44, 
	0x44, 0x45, 0x32, 0x12, 0x22, 0x14, 0x48, 0x84, 
	0x48, 0x88, 0x45, 0x12, 0x22, 0x11, 0x45, 0x88, 
	0x44, 0x48, 0x84, 0x51, 0x22, 0x22, 0x24, 0x48, 
	0x84, 0x44, 0x88, 0x45, 0x32, 0x22, 0x21, 0x74, 
	0x54, 0x45, 0x30, 0x22, 0x22, 0x16, 0x58, 0x45, 
	0x54, 0x44, 0x57, 0x12, 0x22, 0x22, 0x63, 0x44, 
	0x55, 0x44, 0x45, 0x53, 0x11, 0x12, 0x15, 0x58, 
	0x45, 0x54, 0x44, 0x55, 0x31, 0x22, 0x21, 0x35, 
	0x35, 0x45, 0x48, 0x88, 0x88, 0x36, 0x39, 0x36, 
	0x55, 0x45, 0x59, 0x98, 0x88, 0x97, 0x31, 0x44, 
	0x36, 0x65, 0x55, 0x49, 0x99, 0x99, 0x73, 0x64, 
	0x55, 0x55, 0x55, 0x59, 0x99, 0x99, 0x97, 0x66, 
	0x00, 0x13, 0x48, 0x88, 0x84, 0x31, 0x11, 0x13, 
	0x11, 0x11, 0x34, 0x88, 0x88, 0x43, 0x22, 0x21, 
	0x31, 0x11, 0x36, 0x48, 0x88, 0x87, 0x31, 0x13, 
	0x34, 0x32, 0x21, 0x34, 0x88, 0x88, 0x43, 0x11, 
	0x02, 0x01, 0x65, 0x55, 0x53, 0x11, 0x21, 0x27, 
	0x31, 0x11, 0x33, 0x54, 0x45, 0x53, 0x11, 0x11, 
	0x43, 0x11, 0x13, 0x65, 0x77, 0x56, 0x33, 0x33, 
	0x39, 0x61, 0x11, 0x36, 0x55, 0x55, 0x32, 0x12, 
	0x22, 0x22, 0x13, 0x36, 0x63, 0x11, 0x11, 0x14, 
	0x63, 0x33, 0x33, 0x35, 0x7a, 0x33, 0x33, 0x33, 
	0x46, 0x33, 0x33, 0x33, 0x55, 0xa3, 0x33, 0x33, 
	0x19, 0x61, 0x13, 0x33, 0x33, 0x13, 0x31, 0x12, 
	0x12, 0x11, 0x13, 0x36, 0x33, 0x33, 0x33, 0x54, 
	0x57, 0x47, 0x77, 0x75, 0x55, 0x63, 0x53, 0x35, 
	0x45, 0x77, 0x35, 0x33, 0x35, 0x55, 0x75, 0x55, 
	0x54, 0x53, 0x33, 0x55, 0x53, 0x35, 0x53, 0x31, 
	0x31, 0x11, 0x33, 0x66, 0x55, 0x36, 0x55, 0x54, 
	0x55, 0x77, 0x75, 0x55, 0x55, 0x55, 0x55, 0x75, 
	0x45, 0x55, 0x75, 0x53, 0x35, 0x57, 0x75, 0x55, 
	0x54, 0x53, 0x35, 0x55, 0x73, 0x35, 0x57, 0x53, 
	0x47, 0x77, 0x74, 0x77, 0x44, 0x47, 0x48, 0x44, 
	0x84, 0x98, 0x45, 0x75, 0x77, 0x45, 0x45, 0x88, 
	0x45, 0x55, 0x55, 0x57, 0x77, 0x54, 0x44, 0x85, 
	0x44, 0x54, 0x44, 0x45, 0x88, 0x85, 0x88, 0x84, 
	0x99, 0x99, 0x99, 0x99, 0x99, 0x88, 0x44, 0x45, 
	0x5a, 0x30, 0x76, 0x11, 0x65, 0x05, 0x33, 0x55, 
	0x55, 0x88, 0x13, 0x01, 0x50, 0x21, 0x01, 0x23, 
	0x64, 0x99, 0x84, 0x89, 0x99, 0x99, 0x99, 0x99, 
	0x99, 0x99, 0x99, 0x99, 0x84, 0x33, 0x5b, 0xa3, 
	0x35, 0x60, 0x16, 0x60, 0x03, 0x60, 0xcc, 0x11, 
	0x74, 0x53, 0x10, 0x10, 0x71, 0x11, 0x31, 0x11, 
	0x65, 0x84, 0x31, 0x49, 0x99, 0x99, 0x99, 0x99, 
	0x48, 0x88, 0x99, 0x99, 0x43, 0x31, 0x44, 0x63, 
	0x39, 0x31, 0x0a, 0x61, 0x00, 0xc2, 0x23, 0x22, 
	0x20, 0x01, 0x78, 0x02, 0x50, 0x20, 0x20, 0x22, 
	0x26, 0x85, 0x11, 0x99, 0x99, 0x88, 0x88, 0x88, 
	0x33, 0x33, 0x49, 0x98, 0x53, 0x12, 0x43, 0x13, 
	0x21, 0x63, 0x00, 0x20, 0x23, 0x33, 0x20, 0x02, 
	0x22, 0x31, 0x0c, 0x61, 0x48, 0x49, 0x93, 0x12, 
	0x01, 0x43, 0x11, 0x99, 0x99, 0x45, 0x53, 0x33, 
	0x22, 0x00, 0x18, 0x88, 0x51, 0x12, 0x4a, 0x33, 
	0x10, 0x36, 0x10, 0x23, 0x30, 0x23, 0x00, 0x00, 
	0x35, 0x10, 0x31, 0x00, 0x62, 0x12, 0x32, 0x02, 
	0x11, 0x43, 0x11, 0x99, 0x88, 0x52, 0x21, 0x22, 
	0x88, 0x88, 0x88, 0x84, 0x51, 0x11, 0x53, 0x35, 
	0x60, 0x11, 0x13, 0x11, 0x53, 0xcc, 0xc2, 0x22, 
	0x20, 0xc7, 0x1c, 0x30, 0x03, 0x10, 0x15, 0x00, 
	0x10, 0x43, 0x12, 0x99, 0x84, 0x54, 0x88, 0x88, 
	0x44, 0x66, 0x48, 0x44, 0x51, 0x12, 0xa3, 0x37, 
	0x61, 0x00, 0x13, 0x17, 0xcc, 0x23, 0x20, 0x02, 
	0x12, 0x0c, 0xc4, 0x03, 0x00, 0x12, 0x67, 0x13, 
	0xa0, 0x63, 0x22, 0x99, 0x94, 0x54, 0x84, 0x44, 
	0x00, 0x20, 0x18, 0x44, 0x52, 0x12, 0xa6, 0x30, 
	0x26, 0x53, 0x35, 0x5c, 0x23, 0x11, 0x35, 0x75, 
	0xa5, 0x51, 0x20, 0x30, 0x30, 0x12, 0x24, 0x85, 
	0x42, 0x73, 0x12, 0x99, 0x84, 0x32, 0x11, 0x20, 
	0x00, 0x00, 0x09, 0x44, 0x32, 0x21, 0xa3, 0x60, 
	0x2a, 0x13, 0x55, 0x03, 0x31, 0x35, 0xbb, 0x6b, 
	0xbb, 0x67, 0x50, 0xc1, 0x03, 0x02, 0x36, 0x64, 
	0x32, 0x73, 0x11, 0x49, 0x84, 0x51, 0x02, 0x20, 
	0x12, 0x20, 0x29, 0x45, 0x31, 0x22, 0xa6, 0x21, 
	0x06, 0x14, 0x40, 0x53, 0x94, 0x47, 0x47, 0x77, 
	0x6d, 0x6b, 0x45, 0x0c, 0x32, 0x00, 0x21, 0x12, 
	0x12, 0x53, 0x11, 0x48, 0x85, 0x51, 0x21, 0x12, 
	0x89, 0x99, 0x84, 0x54, 0x31, 0x22, 0x50, 0x00, 
	0x03, 0x39, 0x53, 0x45, 0x66, 0x7b, 0xa7, 0xb6, 
	0xb4, 0x77, 0xba, 0x70, 0xc1, 0x10, 0x00, 0x00, 
	0x00, 0x73, 0x12, 0x48, 0x84, 0x99, 0x99, 0x99, 
	0x66, 0x6e, 0x44, 0x55, 0x32, 0x21, 0x66, 0x11, 
	0x13, 0x48, 0x17, 0x64, 0x4b, 0x7d, 0xd6, 0x6d, 
	0x76, 0x5b, 0x66, 0x45, 0x0a, 0x03, 0x31, 0x51, 
	0x21, 0x51, 0x12, 0x48, 0x45, 0x66, 0x66, 0x66, 
	0x20, 0x00, 0xa4, 0x55, 0x32, 0x22, 0xa2, 0x11, 
	0x31, 0x94, 0x34, 0x47, 0x77, 0x77, 0x77, 0x77, 
	0x65, 0xb6, 0x74, 0x74, 0x00, 0x00, 0x01, 0x02, 
	0x10, 0x51, 0x11, 0x48, 0x45, 0x32, 0x22, 0x22, 
	0x20, 0x00, 0xa4, 0x54, 0x31, 0x22, 0x33, 0x33, 
	0x35, 0x43, 0xa6, 0x33, 0x66, 0x3b, 0xad, 0x63, 
	0xbd, 0x5d, 0x4b, 0x74, 0x60, 0x33, 0x33, 0x33, 
	0x33, 0x51, 0x11, 0x48, 0x45, 0x32, 0x22, 0x21, 
	0x20, 0x00, 0xa4, 0x55, 0x31, 0x22, 0x33, 0x63, 
	0x34, 0x41, 0x5d, 0x76, 0x36, 0xbd, 0x75, 0x67, 
	0x6b, 0x35, 0x55, 0x65, 0x63, 0x55, 0x33, 0x57, 
	0x54, 0x53, 0x12, 0x48, 0x45, 0x32, 0x22, 0x20, 
	0x20, 0x00, 0x18, 0x55, 0x32, 0x22, 0x33, 0x36, 
	0x39, 0x41, 0xbd, 0xbd, 0x6d, 0xdd, 0xd6, 0xbd, 
	0x47, 0x65, 0x55, 0x49, 0x53, 0x53, 0x55, 0x34, 
	0x7a, 0x53, 0x31, 0x78, 0x45, 0x31, 0x12, 0x20, 
	0x00, 0x00, 0xa4, 0x57, 0x31, 0x12, 0x33, 0x36, 
	0x29, 0x51, 0x66, 0x7d, 0xdb, 0xbd, 0x7d, 0x47, 
	0x17, 0x91, 0x43, 0x44, 0x53, 0x33, 0x45, 0x34, 
	0x56, 0x53, 0x32, 0x79, 0x45, 0x31, 0x21, 0x20, 
	0x00, 0x00, 0xa4, 0x57, 0x31, 0x22, 0x33, 0x33, 
	0x39, 0x5a, 0x5b, 0x5b, 0x6b, 0xb4, 0x57, 0x34, 
	0x37, 0x44, 0x75, 0x35, 0x73, 0x57, 0x57, 0x59, 
	0x6a, 0x73, 0x11, 0x49, 0x45, 0x31, 0x11, 0x20, 
	0x22, 0x00, 0xa8, 0x54, 0x31, 0x20, 0x54, 0x41, 
	0x39, 0x51, 0x67, 0xa6, 0xbb, 0xb6, 0x55, 0x56, 
	0x17, 0x65, 0x65, 0x55, 0x53, 0x66, 0x11, 0x6e, 
	0x66, 0x33, 0x11, 0x79, 0x45, 0x32, 0x11, 0x21, 
	0x22, 0x00, 0xa4, 0x57, 0x31, 0x12, 0x66, 0x63, 
	0x39, 0x41, 0xba, 0x6a, 0xd3, 0x67, 0x65, 0xb7, 
	0x77, 0x7b, 0x49, 0x74, 0x70, 0x73, 0x19, 0x99, 
	0x89, 0x73, 0x12, 0x49, 0x45, 0x31, 0x11, 0x11, 
	0x12, 0x02, 0xa4, 0x57, 0x31, 0x11, 0x33, 0x36, 
	0x3a, 0x81, 0x66, 0x4b, 0x6b, 0x36, 0xb7, 0x48, 
	0x88, 0x7d, 0x96, 0x77, 0x60, 0x75, 0x30, 0x21, 
	0x30, 0x53, 0x11, 0x78, 0x45, 0x31, 0x31, 0x22, 
	0x12, 0x00, 0xa8, 0x54, 0x31, 0x11, 0x61, 0x37, 
	0x31, 0x93, 0x63, 0x4b, 0x63, 0x75, 0x76, 0x66, 
	0xdd, 0x7b, 0x7b, 0x79, 0x0a, 0x36, 0x11, 0x22, 
	0x30, 0x51, 0x11, 0x79, 0x45, 0x33, 0x11, 0x11, 
	0x11, 0x12, 0xa4, 0x54, 0x31, 0x11, 0x61, 0x61, 
	0x63, 0x94, 0x35, 0x76, 0x76, 0xb6, 0xbb, 0x47, 
	0x47, 0x57, 0x47, 0x44, 0x04, 0x62, 0x37, 0x49, 
	0x21, 0x53, 0x12, 0x78, 0x45, 0x33, 0x31, 0x11, 
	0x20, 0x00, 0x78, 0x54, 0x31, 0x12, 0x31, 0x33, 
	0x83, 0x19, 0x71, 0xb7, 0x37, 0x5d, 0x6b, 0x55, 
	0x77, 0x74, 0x79, 0x43, 0x55, 0x33, 0x32, 0x56, 
	0x66, 0x51, 0x12, 0x78, 0x45, 0x36, 0x63, 0x11, 
	0x12, 0x22, 0xa4, 0x54, 0x31, 0x11, 0x66, 0xa3, 
	0x77, 0x69, 0x49, 0x1b, 0xb7, 0x47, 0x7b, 0x6b, 
	0x34, 0x44, 0x44, 0x96, 0x96, 0x53, 0xa0, 0x00, 
	0x32, 0x51, 0x12, 0x78, 0x45, 0x33, 0x33, 0x11, 
	0x11, 0x11, 0x14, 0x54, 0x32, 0x12, 0x3a, 0xa1, 
	0x64, 0x61, 0x94, 0x93, 0x68, 0xb4, 0x8b, 0x44, 
	0x4b, 0x84, 0x48, 0x99, 0x5a, 0x45, 0x53, 0x55, 
	0x31, 0x61, 0x11, 0x78, 0x45, 0x33, 0x33, 0x31, 
	0x11, 0x11, 0x64, 0x57, 0x32, 0x22, 0x1a, 0xa1, 
	0x54, 0x43, 0x18, 0x49, 0x76, 0x8b, 0x78, 0xb7, 
	0x44, 0xb6, 0x99, 0x95, 0x34, 0x07, 0x39, 0x84, 
	0x33, 0x61, 0x11, 0x78, 0x45, 0x55, 0x55, 0x61, 
	0x33, 0x11, 0x34, 0x55, 0x31, 0x12, 0x67, 0xa1, 
	0x75, 0x49, 0x51, 0x44, 0x89, 0x73, 0x46, 0x8b, 
	0x57, 0x99, 0x98, 0x53, 0x47, 0x25, 0x31, 0x35, 
	0x62, 0x51, 0x11, 0x78, 0x45, 0x55, 0x75, 0x33, 
	0x31, 0x11, 0x74, 0x54, 0x33, 0x12, 0x17, 0x31, 
	0x00, 0xc2, 0x93, 0x56, 0x94, 0x89, 0x99, 0x99, 
	0x99, 0x99, 0x87, 0x34, 0x5a, 0x25, 0x31, 0x5b, 
	0x66, 0x61, 0x11, 0xa8, 0x45, 0x53, 0x33, 0x33, 
	0x13, 0x12, 0xa4, 0x57, 0x33, 0x12, 0x61, 0x53, 
	0x55, 0x15, 0x18, 0x33, 0x16, 0x88, 0x99, 0x99, 
	0x98, 0x86, 0xa3, 0x95, 0x3a, 0x06, 0x61, 0x55, 
	0x36, 0x31, 0x11, 0xa8, 0x45, 0x33, 0x33, 0x33, 
	0x66, 0x66, 0xb4, 0x77, 0x33, 0x12, 0x17, 0x44, 
	0x44, 0x44, 0x87, 0x89, 0x35, 0x33, 0x66, 0x66, 
	0x3a, 0x36, 0x49, 0x54, 0x59, 0x30, 0x1a, 0x55, 
	0x56, 0x31, 0x12, 0xa8, 0x45, 0x65, 0x55, 0x53, 
	0x36, 0x36, 0x74, 0x57, 0x31, 0x22, 0x10, 0xcc, 
	0xcc, 0xcc, 0xcc, 0x22, 0x68, 0x97, 0x73, 0x55, 
	0x74, 0x91, 0x62, 0x02, 0x15, 0x73, 0x71, 0x55, 
	0x5a, 0x61, 0x12, 0xa8, 0x45, 0x55, 0x75, 0x53, 
	0x33, 0x33, 0x74, 0x77, 0x31, 0x22, 0x65, 0x54, 
	0x44, 0x45, 0x85, 0x55, 0x57, 0x67, 0x77, 0x44, 
	0x77, 0x75, 0x25, 0x11, 0x39, 0x99, 0x11, 0x55, 
	0x53, 0x11, 0x12, 0xa8, 0x45, 0x55, 0x55, 0x66, 
	0x13, 0x31, 0x44, 0x77, 0x31, 0x22, 0x47, 0x45, 
	0x35, 0x37, 0x55, 0x75, 0x3a, 0x33, 0x33, 0x33, 
	0x13, 0x33, 0x33, 0x33, 0x33, 0x33, 0x55, 0x57, 
	0x46, 0x11, 0x20, 0xa8, 0x43, 0x55, 0x53, 0x61, 
	0xee, 0xee, 0xee, 0xde, 0xee, 0xf9, 0x99, 0x98, 
	0x99, 0x98, 0x84, 0x98, 0x99, 0x74, 0x89, 0x99, 
	0x99, 0x6b, 0x6b, 0xe8, 0x99, 0x99, 0x98, 0x77, 
	0xbb, 0xbd, 0xde, 0xed, 0xea, 0x9e, 0xed, 0x44, 
	0xde, 0xed, 0xdd, 0xdd, 0xed, 0xd9, 0x4d, 0x73, 
	0x43, 0x53, 0x55, 0x65, 0x65, 0xdd, 0x62, 0x06, 
	0xe9, 0x9b, 0xb4, 0x49, 0x88, 0x88, 0x98, 0x96, 
	0xef, 0xff, 0xff, 0xff, 0xff, 0xed, 0xff, 0x1e, 
	0xd4, 0xbd, 0xdd, 0xbd, 0x4d, 0xd9, 0x4b, 0xbb, 
	0xbb, 0xdb, 0x5b, 0x3b, 0xdb, 0xdb, 0xb3, 0x24, 
	0xdf, 0x1b, 0xec, 0xff, 0xff, 0xff, 0xee, 0x49, 
	0x4b, 0xbb, 0xbb, 0xbb, 0xdb, 0xfb, 0xff, 0xfa, 
	0xdb, 0xbb, 0xdd, 0xbd, 0xbd, 0xb9, 0x95, 0xdb, 
	0xd5, 0x3b, 0xeb, 0xdb, 0xdb, 0xb5, 0x5d, 0xd4, 
	0xbb, 0xb4, 0xdd, 0xdd, 0xee, 0xee, 0xdd, 0xd4, 
	0x96, 0xed, 0xee, 0xee, 0xee, 0xeb, 0xff, 0xf7, 
	0xdd, 0x4d, 0xdd, 0xbb, 0xbd, 0xb4, 0x44, 0x48, 
	0x49, 0x99, 0x99, 0x44, 0x47, 0x9b, 0xed, 0xd4, 
	0xbd, 0xd4, 0xbd, 0xdd, 0xed, 0xde, 0xee, 0xdb, 
	0x88, 0xbb, 0xdd, 0xdd, 0xdb, 0x1b, 0xdf, 0xf7, 
	0xdd, 0xbb, 0xdd, 0xdb, 0xdd, 0xbb, 0xbb, 0x57, 
	0x5d, 0xd6, 0x6e, 0xee, 0xea, 0xb6, 0xdd, 0xd4, 
	0x5d, 0xb9, 0x5e, 0xdd, 0xbe, 0xdd, 0xdd, 0xdd, 
	0xdb, 0x76, 0xde, 0xdd, 0xee, 0xfb, 0xdd, 0xd7, 
	0xdd, 0xd4, 0xde, 0xbb, 0xdb, 0xbb, 0xdd, 0xbd, 
	0xde, 0x4d, 0xe4, 0x99, 0x94, 0x1d, 0xdd, 0xd4, 
	0xbd, 0xb4, 0xbd, 0xd4, 0xbb, 0x4b, 0x55, 0x5d, 
	0xd8, 0x45, 0xbb, 0xbb, 0xbb, 0x49, 0xdd, 0xd4, 
	0xed, 0xdb, 0x4d, 0xbd, 0xdb, 0xbb, 0xdd, 0xdb, 
	0xbe, 0xbb, 0xec, 0xc9, 0x8e, 0xdd, 0xdb, 0xd4, 
	0xbb, 0xd4, 0x5d, 0xd9, 0x5d, 0xed, 0xdd, 0xee, 
	0xd9, 0xde, 0xdd, 0xdd, 0xde, 0xd4, 0x6d, 0xb4, 
	0xdd, 0xdd, 0xbb, 0xbd, 0xdb, 0x36, 0xbd, 0xdd, 
	0xdd, 0x4d, 0xdd, 0xd7, 0xed, 0xdd, 0xdd, 0xd4, 
	0xbb, 0xd4, 0xbe, 0xb4, 0x9d, 0xff, 0xfd, 0xee, 
	0xe4, 0x6b, 0xbb, 0xbb, 0xbb, 0x49, 0xdd, 0xb4, 
	0xdd, 0xdd, 0xdb, 0xbd, 0xbb, 0x26, 0x9d, 0xdd, 
	0xdb, 0xbd, 0xdd, 0x4e, 0xdd, 0xdd, 0xdd, 0xd4, 
	0xbb, 0xd4, 0xbd, 0xb5, 0x49, 0x74, 0x44, 0xb4, 
	0x4e, 0xdd, 0xdd, 0xdd, 0xed, 0x79, 0xdd, 0xb4, 
	0x7b, 0xdb, 0xbb, 0xbb, 0x93, 0x36, 0x46, 0x6b, 
	0xed, 0xb9, 0x99, 0x5d, 0xdd, 0xdd, 0xdd, 0xd4, 
	0xbb, 0xe4, 0xbd, 0xdd, 0xd5, 0x77, 0x61, 0x99, 
	0x4b, 0xdd, 0xdd, 0xdd, 0xdd, 0x48, 0xbb, 0x99, 
	0x98, 0x88, 0x88, 0x88, 0x84, 0x43, 0x67, 0x44, 
	0x49, 0x0c, 0x98, 0x89, 0x49, 0x99, 0x99, 0x99, 
	0xb9, 0x99, 0x99, 0x44, 0x44, 0x44, 0x48, 0x98, 
	0x4b, 0xbb, 0x4b, 0xb4, 0x84, 0x98, 0x99, 0x89, 
	
};

ALIGNED8 u8 ss1_space_space128_3_pal_rgba16[] = {
	0x83, 0xab, 0x62, 0xe3, 0x73, 0x25, 0x52, 0x5d, 
	0x21, 0x51, 0x31, 0xd7, 0x4a, 0x5b, 0x31, 0x93, 
	0x18, 0xcb, 0x10, 0xc9, 0x52, 0x59, 0x22, 0x15, 
	0x9c, 0xb3, 0x32, 0x9b, 0x4b, 0xa1, 0x7d, 0x6f, 
	
};

ALIGNED8 u8 ss1_space_space256_1_ci4[] = {
	0x00, 0x10, 0x01, 0x00, 0x00, 0x01, 0x00, 0x00, 
	0x10, 0x00, 0x00, 0x00, 0x10, 0x01, 0x22, 0x02, 
	0x33, 0x33, 0x03, 0x33, 0x03, 0x03, 0x03, 0x13, 
	0x23, 0x33, 0x33, 0x33, 0x33, 0x33, 0x40, 0x10, 
	0x43, 0x45, 0x56, 0x75, 0x56, 0x84, 0x35, 0x65, 
	0x59, 0x66, 0x53, 0x95, 0x64, 0x53, 0x33, 0x33, 
	0x33, 0x30, 0x02, 0x33, 0x04, 0x33, 0x33, 0x33, 
	0x03, 0x30, 0x31, 0x20, 0x34, 0x03, 0x33, 0x02, 
	0x4a, 0x96, 0xbb, 0xbb, 0xbb, 0xbb, 0xcb, 0xbb, 
	0xbc, 0xbb, 0xcb, 0xcc, 0xca, 0x75, 0x55, 0xa5, 
	0x77, 0x77, 0xa7, 0xa7, 0xa7, 0x57, 0x57, 0x57, 
	0x5a, 0x77, 0x77, 0x7a, 0x7a, 0x57, 0x61, 0x33, 
	0x3a, 0x79, 0x77, 0x99, 0x66, 0x66, 0x56, 0x77, 
	0xa7, 0xaa, 0x77, 0x84, 0x04, 0x58, 0x55, 0xd7, 
	0x7d, 0xab, 0x55, 0x97, 0x55, 0x65, 0x55, 0x99, 
	0x63, 0x55, 0x45, 0x59, 0x75, 0x67, 0x55, 0xa2, 
	0x4e, 0x79, 0x76, 0x9a, 0x04, 0x55, 0x57, 0x65, 
	0x45, 0x59, 0x75, 0x95, 0x54, 0x45, 0x77, 0x59, 
	0x97, 0x76, 0x56, 0x69, 0x56, 0x66, 0x53, 0x52, 
	0x35, 0x53, 0x30, 0x35, 0x68, 0x72, 0x65, 0x93, 
	0x3b, 0x75, 0x79, 0x7e, 0x77, 0x47, 0x73, 0x37, 
	0x9d, 0x77, 0x03, 0x77, 0x77, 0xaa, 0xad, 0x99, 
	0x77, 0x7d, 0x57, 0x65, 0x54, 0x54, 0x35, 0x95, 
	0x36, 0x48, 0x73, 0x57, 0x26, 0x56, 0x67, 0xa3, 
	0x3b, 0x77, 0x79, 0x7d, 0x7e, 0x69, 0x67, 0x74, 
	0x5a, 0x75, 0x77, 0x55, 0x95, 0x55, 0x9d, 0x77, 
	0x9a, 0x96, 0x33, 0x90, 0x33, 0x63, 0x35, 0x44, 
	0x55, 0x27, 0x43, 0x95, 0x6d, 0x57, 0x35, 0xd2, 
	0x3b, 0x95, 0x79, 0x9d, 0x7e, 0x5a, 0x94, 0xdd, 
	0x79, 0x7b, 0xa7, 0x79, 0x3a, 0xae, 0x9d, 0x97, 
	0x73, 0x39, 0xd6, 0x52, 0x65, 0x53, 0x65, 0x41, 
	0x34, 0x77, 0x34, 0x51, 0x66, 0x07, 0x64, 0xd3, 
	0x4b, 0x97, 0xd9, 0x9d, 0x5d, 0x99, 0x7d, 0x04, 
	0x86, 0x89, 0x8c, 0x77, 0x98, 0x9e, 0x9d, 0x99, 
	0xab, 0x44, 0x49, 0x97, 0x76, 0x59, 0x56, 0x04, 
	0x65, 0x73, 0x87, 0x78, 0xd4, 0x79, 0x69, 0xd3, 
	0x4b, 0x79, 0xd7, 0x7d, 0x96, 0x9e, 0x70, 0x59, 
	0x57, 0x70, 0x08, 0x76, 0xa7, 0x9d, 0x6d, 0x77, 
	0x79, 0x7d, 0x69, 0xd5, 0x65, 0x16, 0x63, 0x08, 
	0x14, 0x20, 0x96, 0x16, 0x56, 0x69, 0x55, 0xe2, 
	0x4f, 0x79, 0xd5, 0xeb, 0x79, 0x59, 0x78, 0x67, 
	0x58, 0xd9, 0xd8, 0x46, 0x4d, 0x77, 0x67, 0x7d, 
	0x75, 0x74, 0x59, 0x99, 0x54, 0x56, 0x63, 0x71, 
	0x59, 0x55, 0x74, 0x57, 0x37, 0x77, 0x35, 0xe2, 
	0x4f, 0x73, 0xd7, 0x4a, 0xa7, 0xe3, 0x75, 0x78, 
	0x98, 0xd7, 0x79, 0x38, 0x88, 0x7a, 0xd7, 0x7a, 
	0x79, 0xa6, 0x7a, 0x99, 0x63, 0x95, 0x46, 0x90, 
	0x01, 0x46, 0x56, 0x66, 0x64, 0x63, 0x49, 0xb2, 
	0x3b, 0xd6, 0xb7, 0xae, 0x96, 0xa3, 0x76, 0x78, 
	0x48, 0xd8, 0x89, 0x38, 0x84, 0xd8, 0x7a, 0xdd, 
	0x74, 0x59, 0x6d, 0xd9, 0x79, 0x99, 0x69, 0x67, 
	0x17, 0x06, 0x65, 0x44, 0x58, 0x4d, 0x49, 0xe3, 
	0x4f, 0xd5, 0x14, 0x36, 0x7d, 0x33, 0xe7, 0x37, 
	0x40, 0x78, 0x58, 0x24, 0x96, 0xd7, 0x7a, 0x78, 
	0xda, 0x69, 0x77, 0x59, 0x09, 0x93, 0x59, 0x99, 
	0x31, 0x05, 0x65, 0x34, 0x55, 0x8d, 0x49, 0xb2, 
	0x4f, 0x76, 0x7d, 0x97, 0x7d, 0x30, 0x39, 0x18, 
	0x84, 0x85, 0x88, 0x38, 0x85, 0x69, 0xe7, 0x69, 
	0x55, 0x67, 0x99, 0x69, 0x7d, 0x57, 0x59, 0x65, 
	0x50, 0x93, 0x95, 0x57, 0x68, 0x4d, 0x47, 0xb2, 
	0x4f, 0xa6, 0x77, 0xd6, 0xad, 0x80, 0x7b, 0xc7, 
	0x33, 0x39, 0x78, 0x09, 0x03, 0x45, 0x76, 0x97, 
	0x76, 0x69, 0xd9, 0x93, 0x67, 0xd7, 0x77, 0x55, 
	0x67, 0x44, 0x35, 0x55, 0x54, 0x79, 0x47, 0xb2, 
	0x5f, 0xa6, 0x97, 0x77, 0xad, 0x30, 0xfd, 0xdb, 
	0xe3, 0x44, 0x55, 0x8d, 0x84, 0x63, 0x23, 0x97, 
	0x59, 0x47, 0x55, 0x89, 0x7e, 0x59, 0x79, 0x45, 
	0x59, 0x7a, 0x75, 0x65, 0x94, 0x66, 0x87, 0xb3, 
	0x6b, 0xa6, 0xaa, 0xd7, 0xa6, 0x89, 0x74, 0x47, 
	0xa9, 0x34, 0x08, 0x34, 0x80, 0xd7, 0x77, 0x77, 
	0x66, 0x65, 0x55, 0x39, 0x17, 0x39, 0x74, 0xc7, 
	0x77, 0x69, 0x57, 0xcc, 0xfc, 0xcc, 0x69, 0xe2, 
	0x5f, 0xa7, 0xaa, 0xaa, 0xa3, 0x66, 0x54, 0x55, 
	0xd2, 0x58, 0x41, 0x45, 0xa1, 0xad, 0xa7, 0x77, 
	0x75, 0x59, 0x63, 0x69, 0x76, 0x16, 0x96, 0x46, 
	0x93, 0x56, 0x07, 0x53, 0x96, 0xd6, 0x6d, 0xe2, 
	0x4b, 0x76, 0xeb, 0xbb, 0xeb, 0x73, 0x93, 0x34, 
	0x74, 0x28, 0x04, 0x03, 0x5d, 0x7b, 0xb9, 0x73, 
	0x76, 0x65, 0x53, 0x62, 0xd4, 0x57, 0x36, 0x26, 
	0x66, 0x95, 0x59, 0x05, 0x67, 0x50, 0x5d, 0xb2, 
	0x5b, 0xd9, 0xaa, 0xaa, 0xba, 0x37, 0x11, 0x13, 
	0x33, 0x03, 0x31, 0x33, 0x07, 0x7b, 0x9d, 0xa9, 
	0x59, 0x35, 0x16, 0x46, 0x22, 0x65, 0x85, 0x57, 
	0x37, 0x36, 0x79, 0x58, 0x97, 0x7e, 0x3d, 0xe6, 
	0x5f, 0xa6, 0xa0, 0x3a, 0xab, 0xe0, 0x06, 0x10, 
	0x11, 0x00, 0x16, 0x04, 0x77, 0x7f, 0x76, 0x49, 
	0x66, 0x65, 0x66, 0x47, 0x53, 0x71, 0x42, 0x72, 
	0x59, 0x33, 0xa0, 0x98, 0x97, 0x6d, 0x4e, 0xe6, 
	0x6f, 0xa9, 0xee, 0xa6, 0xba, 0xba, 0x31, 0x56, 
	0x00, 0x37, 0x41, 0x4a, 0xeb, 0xa6, 0xa7, 0x7a, 
	0xe9, 0x53, 0x53, 0x75, 0x69, 0x48, 0x49, 0xd3, 
	0x95, 0x37, 0x99, 0x77, 0x75, 0x75, 0x3a, 0xe6, 
	0x5b, 0xa6, 0xa7, 0xfb, 0xba, 0x7e, 0xab, 0x11, 
	0x11, 0x11, 0x37, 0xab, 0x7a, 0xa7, 0x76, 0x66, 
	0x59, 0x55, 0x86, 0x93, 0x69, 0x26, 0x07, 0x99, 
	0x73, 0x59, 0x47, 0x91, 0x98, 0x75, 0x3e, 0xe2, 
	0x5b, 0xa4, 0xeb, 0xa7, 0x15, 0x9d, 0xee, 0x7c, 
	0xaa, 0xcd, 0x7e, 0x8e, 0xae, 0xba, 0xd7, 0xcc, 
	0xac, 0x16, 0x39, 0x56, 0x96, 0x34, 0x67, 0x19, 
	0x99, 0xe7, 0x9d, 0x88, 0x99, 0xde, 0x3e, 0xd6, 
	0x5b, 0xa5, 0xaa, 0xab, 0xea, 0x7e, 0x57, 0xab, 
	0xcc, 0xcf, 0xbb, 0xdd, 0xf7, 0xe7, 0x99, 0x66, 
	0x54, 0x55, 0xaf, 0xff, 0xff, 0xbf, 0xff, 0xff, 
	0xff, 0xff, 0xcd, 0x77, 0x7a, 0x77, 0x0d, 0xe2, 
	0x5f, 0xe5, 0xaa, 0xae, 0xbe, 0xae, 0xaa, 0xaa, 
	0xaa, 0xa8, 0x96, 0xc9, 0x9d, 0xdd, 0x59, 0x67, 
	0x58, 0x59, 0x59, 0xfa, 0xec, 0xea, 0xaf, 0xfb, 
	0xbe, 0xbb, 0xbe, 0xba, 0xed, 0xaa, 0x27, 0xe2, 
	0x6e, 0xa7, 0x00, 0x00, 0x00, 0x30, 0x01, 0x01, 
	0x10, 0x10, 0x03, 0x10, 0x04, 0x00, 0x00, 0x30, 
	0x33, 0x33, 0x33, 0x35, 0x55, 0x55, 0x93, 0x99, 
	0x59, 0x55, 0x59, 0x59, 0x59, 0xaa, 0x3e, 0x95, 
	0x75, 0xbe, 0xea, 0xee, 0xaa, 0xda, 0xaa, 0xea, 
	0xaa, 0xa7, 0xaa, 0xad, 0x97, 0x99, 0xd9, 0xdd, 
	0x75, 0x99, 0x79, 0x97, 0x77, 0xa7, 0x77, 0x97, 
	0x77, 0x57, 0x77, 0x97, 0xaa, 0xae, 0x7a, 0x43, 
	0xe3, 0x3f, 0xbb, 0xbb, 0xbb, 0xbb, 0xbb, 0xcc, 
	0xbb, 0xcf, 0xbb, 0xbb, 0xbb, 0xf7, 0xd9, 0x7e, 
	0xad, 0x99, 0x97, 0x97, 0xa7, 0xca, 0xa7, 0x57, 
	0x77, 0x77, 0x7a, 0xa7, 0xa7, 0x7a, 0xa4, 0x4d, 
	0x8c, 0xbf, 0xbb, 0xcc, 0xcf, 0xbb, 0xbb, 0xbb, 
	0xff, 0xcb, 0xfb, 0xbf, 0xbb, 0xe3, 0x51, 0x39, 
	0x10, 0x65, 0x76, 0x9a, 0xac, 0xcc, 0xbc, 0xbf, 
	0xbb, 0xbc, 0xcb, 0xcc, 0xcc, 0xcb, 0xbb, 0xe4, 
	0x44, 0x55, 0x59, 0x66, 0x74, 0x55, 0x65, 0x55, 
	0x73, 0x55, 0x45, 0x95, 0x65, 0x6d, 0x74, 0x99, 
	0x99, 0x57, 0x79, 0x33, 0x56, 0x73, 0x54, 0x55, 
	0x59, 0x55, 0x95, 0x65, 0x65, 0x88, 0x46, 0x65, 
	0x40, 0x00, 0x00, 0x00, 0x00, 0x00, 0x00, 0x00, 
	0x00, 0x00, 0x00, 0x00, 0x03, 0x35, 0x14, 0x62, 
	0x32, 0x35, 0x97, 0x51, 0x11, 0x00, 0x10, 0x00, 
	0x30, 0x00, 0x01, 0x01, 0x00, 0x01, 0x00, 0x35, 
	0x00, 0x1b, 0xea, 0xaa, 0xe7, 0x9d, 0x7a, 0x77, 
	0x77, 0x6c, 0xac, 0xac, 0xee, 0xe4, 0x59, 0x37, 
	0x77, 0x15, 0x33, 0xff, 0xff, 0xfb, 0xfb, 0xff, 
	0xbf, 0xff, 0xbf, 0xff, 0xff, 0xfb, 0xb3, 0x41, 
	0x30, 0xba, 0xea, 0xaa, 0xd9, 0x77, 0x95, 0x79, 
	0x55, 0x7a, 0x77, 0x77, 0x99, 0x91, 0x65, 0x14, 
	0x33, 0x63, 0x99, 0x9a, 0xaa, 0xe7, 0xaa, 0xad, 
	0xda, 0xa7, 0xaa, 0xee, 0xee, 0xae, 0xaa, 0x53, 
	0x5f, 0xa2, 0x77, 0x45, 0x65, 0x66, 0x66, 0x66, 
	0x66, 0x36, 0x66, 0x63, 0x39, 0x53, 0x53, 0x49, 
	0x55, 0x69, 0x30, 0x03, 0x00, 0x00, 0x13, 0x03, 
	0x00, 0x03, 0x34, 0x10, 0x33, 0x44, 0xee, 0x38, 
	0x4f, 0xa3, 0xaa, 0x7c, 0xcb, 0xef, 0xff, 0xcc, 
	0xbf, 0xca, 0xae, 0xee, 0xe7, 0x7e, 0x7e, 0x36, 
	0x66, 0x69, 0xad, 0xc6, 0x7a, 0x5c, 0xaa, 0xee, 
	0xaa, 0xbb, 0xac, 0xeb, 0xad, 0xaa, 0xee, 0xd8, 
	0x2b, 0xa2, 0x7d, 0x75, 0xbc, 0xcc, 0xcf, 0xbb, 
	0xfb, 0xbf, 0xbb, 0xbb, 0xcb, 0xad, 0x59, 0x56, 
	0x96, 0x67, 0xd7, 0xbe, 0xde, 0xa6, 0xcb, 0xe5, 
	0x6a, 0xee, 0xea, 0xad, 0xaa, 0xaa, 0xaa, 0xd6, 
	0x4b, 0xb3, 0xd7, 0x0a, 0xaa, 0xac, 0xca, 0xaa, 
	0xaa, 0xaa, 0x77, 0x77, 0x79, 0x55, 0x53, 0xee, 
	0xbe, 0x6a, 0xa7, 0x7e, 0xa5, 0xba, 0xaa, 0xad, 
	0xaf, 0xa6, 0xa1, 0x45, 0x7a, 0xaa, 0xaa, 0xd8, 
	0x2b, 0xa3, 0x7d, 0xe3, 0x7d, 0x77, 0x9d, 0x7a, 
	0xa7, 0x77, 0x79, 0x7a, 0x35, 0x13, 0x39, 0x75, 
	0x55, 0x67, 0xab, 0x7e, 0xba, 0xec, 0xaa, 0xaa, 
	0x7b, 0xae, 0xe7, 0xad, 0xae, 0x7a, 0xea, 0xd6, 
	0x6b, 0xe7, 0x79, 0x60, 0xe5, 0x57, 0xcc, 0xaa, 
	0xaa, 0xae, 0xce, 0xa3, 0x93, 0x15, 0x39, 0xee, 
	0xc4, 0x77, 0x1e, 0xee, 0x7a, 0xcf, 0xc7, 0xea, 
	0xeb, 0x3e, 0xee, 0xa7, 0x07, 0xed, 0xaa, 0xd6, 
	0x4b, 0xa5, 0xa5, 0xd7, 0x16, 0x32, 0x79, 0x97, 
	0x96, 0x42, 0x68, 0x52, 0x70, 0x99, 0x66, 0x69, 
	0x96, 0x77, 0x77, 0x67, 0x7f, 0xda, 0xa7, 0x96, 
	0x7a, 0xfa, 0xbe, 0xd7, 0x4a, 0x3a, 0xaa, 0xd6, 
	0x4b, 0xd3, 0x75, 0xa6, 0x4d, 0x74, 0x95, 0x53, 
	0x33, 0x40, 0x50, 0x49, 0x11, 0x90, 0x96, 0x99, 
	0x4e, 0xd7, 0xb7, 0xd5, 0xed, 0x79, 0x51, 0x54, 
	0x98, 0x3b, 0xeb, 0xbd, 0xd7, 0xae, 0xad, 0xd6, 
	0x4b, 0xd5, 0x99, 0x76, 0x51, 0x53, 0x25, 0x96, 
	0x95, 0x79, 0x44, 0x35, 0x06, 0x56, 0x97, 0x69, 
	0x37, 0x6a, 0xea, 0x90, 0x77, 0x46, 0x55, 0x69, 
	0x04, 0x69, 0xb7, 0xab, 0xcc, 0xbc, 0xaa, 0x76, 
	0x4b, 0x76, 0x97, 0x97, 0x79, 0xd7, 0x09, 0x70, 
	0x35, 0x65, 0x48, 0x90, 0x19, 0x99, 0x96, 0x97, 
	0xdd, 0xda, 0xaa, 0x4a, 0x88, 0x98, 0x99, 0x90, 
	0x77, 0x83, 0x6f, 0xba, 0x77, 0xaa, 0xa7, 0x76, 
	0x4e, 0x96, 0x79, 0x97, 0x69, 0x15, 0x32, 0x70, 
	0x45, 0x73, 0x43, 0xa0, 0xd4, 0x69, 0x67, 0x94, 
	0x36, 0x77, 0x9d, 0x4d, 0x5d, 0x77, 0x79, 0xd6, 
	0x79, 0x08, 0x4f, 0xff, 0xff, 0xff, 0x7d, 0x76, 
	0x4e, 0x9c, 0xdc, 0x77, 0xa7, 0x58, 0x54, 0x90, 
	0x59, 0x78, 0x29, 0x13, 0x79, 0xad, 0x6a, 0x5a, 
	0xd7, 0xa7, 0x74, 0x66, 0x9d, 0x99, 0x99, 0x97, 
	0x97, 0x99, 0x77, 0x79, 0x95, 0x75, 0x9d, 0x76, 
	0x5e, 0x76, 0x7d, 0x63, 0x63, 0x91, 0x54, 0x48, 
	0xd9, 0x48, 0x49, 0x16, 0x99, 0x99, 0x95, 0x49, 
	0x9a, 0x97, 0xd3, 0x78, 0xdd, 0x79, 0x99, 0x80, 
	0x57, 0x58, 0x08, 0x95, 0x77, 0x75, 0x7d, 0x56, 
	0x3e, 0x76, 0x98, 0x84, 0x84, 0x64, 0x56, 0x34, 
	0x55, 0x08, 0x91, 0x66, 0x77, 0x97, 0x96, 0x77, 
	0x7d, 0xa9, 0x73, 0xa6, 0x97, 0xd4, 0x65, 0x73, 
	0x55, 0x99, 0x97, 0x79, 0x95, 0x74, 0x9d, 0x56, 
	0x3d, 0x58, 0x58, 0x48, 0x58, 0x66, 0x15, 0x43, 
	0x30, 0x06, 0x90, 0x96, 0x76, 0x69, 0x94, 0x99, 
	0x01, 0x00, 0x73, 0xa6, 0xd6, 0xdd, 0xd9, 0x77, 
	0x89, 0x94, 0x85, 0x97, 0xaa, 0xa9, 0x7d, 0x54, 
	0x3d, 0x54, 0x96, 0x44, 0x38, 0x55, 0x51, 0x63, 
	0x84, 0x39, 0x16, 0x7e, 0xa9, 0x79, 0x55, 0x67, 
	0xa9, 0xd7, 0x7d, 0x87, 0xd7, 0xdd, 0xd3, 0x23, 
	0x39, 0x68, 0x8b, 0x67, 0xee, 0xa7, 0x77, 0x53, 
	0x3d, 0x44, 0x53, 0x54, 0x54, 0x53, 0x51, 0x54, 
	0x88, 0x69, 0x19, 0x76, 0x99, 0x79, 0x4a, 0x76, 
	0xa7, 0xa6, 0x8a, 0x1d, 0x9d, 0x78, 0x88, 0x44, 
	0x98, 0x88, 0x4b, 0xea, 0x97, 0x7e, 0xdd, 0x56, 
	0x39, 0x73, 0x00, 0x00, 0x13, 0x01, 0x44, 0x16, 
	0x53, 0x91, 0x6a, 0x03, 0x30, 0x03, 0x66, 0x4d, 
	0xa7, 0xd7, 0x99, 0x48, 0x75, 0x78, 0x98, 0x8d, 
	0x88, 0x98, 0x50, 0x79, 0xa7, 0xde, 0x77, 0x45, 
	0x39, 0x46, 0x75, 0x57, 0x93, 0x65, 0x05, 0x36, 
	0x86, 0x01, 0x93, 0x65, 0x69, 0xd5, 0xd9, 0x57, 
	0xe7, 0xd7, 0xd3, 0x71, 0x34, 0x83, 0x38, 0x88, 
	0x38, 0x89, 0x97, 0x55, 0xef, 0x7e, 0x7d, 0x34, 
	0x37, 0x56, 0x99, 0x5e, 0x95, 0xa3, 0x89, 0x50, 
	0x65, 0x15, 0x97, 0x6a, 0x79, 0xd3, 0x73, 0xa7, 
	0xe9, 0xd7, 0xd5, 0x7a, 0x81, 0x71, 0x22, 0x88, 
	0x23, 0x40, 0x99, 0xa6, 0x01, 0x9d, 0xa9, 0x34, 
	0x29, 0x53, 0x70, 0x35, 0x06, 0x54, 0x74, 0x53, 
	0x30, 0x15, 0x23, 0x35, 0xb6, 0x6e, 0x9e, 0x97, 
	0xa7, 0xd9, 0xd9, 0x57, 0xd8, 0x11, 0x70, 0x38, 
	0x41, 0x07, 0xd6, 0xe5, 0xd9, 0x7d, 0x75, 0x34, 
	0x34, 0x62, 0x79, 0xd8, 0x4d, 0x33, 0x51, 0x35, 
	0x00, 0x63, 0xa7, 0x96, 0x37, 0x46, 0x56, 0xd7, 
	0xd7, 0xe7, 0xdc, 0xca, 0x87, 0x70, 0x01, 0x10, 
	0x13, 0x77, 0x05, 0xb9, 0xd5, 0x7d, 0x57, 0x34, 
	0x27, 0x52, 0x36, 0x50, 0x64, 0x3d, 0x96, 0x54, 
	0x55, 0x63, 0x34, 0x34, 0x65, 0xd9, 0x7f, 0xb9, 
	0x79, 0xa4, 0x04, 0x50, 0x61, 0x79, 0x77, 0x97, 
	0x77, 0x53, 0x55, 0xab, 0xd5, 0x9d, 0x77, 0x44, 
	0x25, 0x53, 0x3d, 0x56, 0x93, 0x35, 0x05, 0x64, 
	0x55, 0x36, 0x65, 0x65, 0x94, 0x55, 0x55, 0x99, 
	0xa9, 0x7a, 0xaa, 0xbc, 0xca, 0x76, 0x46, 0x43, 
	0x4a, 0xef, 0xf4, 0x54, 0xe9, 0x6d, 0x97, 0x45, 
	0x27, 0x63, 0x75, 0x36, 0x55, 0x93, 0x14, 0x35, 
	0x66, 0x96, 0x65, 0x69, 0x77, 0x97, 0xa7, 0x77, 
	0xe9, 0x55, 0x99, 0x7a, 0x77, 0x77, 0xd7, 0xda, 
	0xaa, 0xee, 0xe7, 0xe7, 0x77, 0x4d, 0x75, 0x36, 
	0x37, 0x4e, 0xca, 0xec, 0xcb, 0xcc, 0xbc, 0xbb, 
	0xae, 0xec, 0xcc, 0xaf, 0x77, 0x7a, 0xfb, 0xff, 
	0xff, 0xeb, 0xbf, 0xbf, 0xfb, 0xbe, 0xcc, 0xae, 
	0xcc, 0xce, 0xae, 0xee, 0xea, 0xaa, 0x75, 0x33, 
	0x01, 0x44, 0x30, 0x30, 0x02, 0x02, 0x33, 0x03, 
	0x23, 0x33, 0x53, 0x02, 0x01, 0x21, 0x32, 0x00, 
	0x32, 0x33, 0x33, 0x65, 0x65, 0x43, 0x65, 0x76, 
	0x99, 0x99, 0x99, 0x56, 0x99, 0x55, 0x53, 0x34, 
	0x10, 0x43, 0x33, 0x20, 0x10, 0x11, 0x03, 0x32, 
	0x33, 0x22, 0x33, 0x31, 0x10, 0x01, 0x23, 0x32, 
	0x33, 0x33, 0x24, 0x35, 0x44, 0x35, 0x44, 0x35, 
	0x55, 0x43, 0x34, 0x95, 0x75, 0x55, 0x52, 0x44, 
	0x00, 0x00, 0x00, 0x01, 0x01, 0x01, 0x11, 0x10, 
	0x01, 0x11, 0x00, 0x01, 0x00, 0x10, 0x10, 0x01, 
	0x00, 0x01, 0x01, 0x01, 0x11, 0x11, 0x11, 0x11, 
	0x11, 0x01, 0x11, 0x11, 0x11, 0x11, 0x10, 0x01, 
	
};

ALIGNED8 u8 ss1_space_space256_1_pal_rgba16[] = {
	0x18, 0x89, 0x00, 0x01, 0x28, 0xc9, 0x28, 0xcd, 
	0x29, 0x11, 0x39, 0x95, 0x39, 0x53, 0x52, 0x1b, 
	0x31, 0x93, 0x4a, 0x19, 0x6a, 0xe3, 0x93, 0xef, 
	0x7b, 0x6b, 0x62, 0x9f, 0x7b, 0x25, 0xac, 0xb5, 
	
};

ALIGNED8 u8 ss1_space_space64_18_ci4[] = {
	0x01, 0x22, 0x22, 0x22, 0x22, 0x22, 0x22, 0x23, 
	0x03, 0x33, 0x33, 0x33, 0x33, 0x22, 0x11, 0x10, 
	0x01, 0x33, 0x33, 0x33, 0x33, 0x33, 0x22, 0x11, 
	0x22, 0x22, 0x22, 0x22, 0x22, 0x22, 0x22, 0x11, 
	0x00, 0x00, 0x00, 0x00, 0x00, 0x00, 0x11, 0x11, 
	0x00, 0x00, 0x45, 0x00, 0x00, 0x00, 0x33, 0x10, 
	0x00, 0x00, 0x45, 0x45, 0x00, 0x00, 0x11, 0x11, 
	0x00, 0x00, 0x00, 0x00, 0x00, 0x00, 0x11, 0x11, 
	0x00, 0x00, 0x00, 0x00, 0x00, 0x00, 0x10, 0x31, 
	0x30, 0x01, 0x00, 0x01, 0x01, 0x01, 0x11, 0x31, 
	0x11, 0x11, 0x01, 0x11, 0x11, 0x11, 0x11, 0x11, 
	0x00, 0x00, 0x00, 0x00, 0x00, 0x00, 0x11, 0x11, 
	0x11, 0x11, 0x11, 0x11, 0x11, 0x11, 0x10, 0x03, 
	0x33, 0x11, 0x21, 0x11, 0x11, 0x13, 0x11, 0x11, 
	0x11, 0x11, 0x11, 0x11, 0x11, 0x11, 0x11, 0x11, 
	0x11, 0x11, 0x11, 0x11, 0x11, 0x11, 0x11, 0x33, 
	0x01, 0x11, 0x11, 0x11, 0x11, 0x11, 0x11, 0x33, 
	0x13, 0x12, 0x33, 0x33, 0x33, 0x11, 0x33, 0x31, 
	0x11, 0x11, 0x21, 0x21, 0x11, 0x11, 0x11, 0x10, 
	0x11, 0x11, 0x11, 0x11, 0x11, 0x21, 0x13, 0x33, 
	0x01, 0x21, 0x21, 0x22, 0x21, 0x22, 0x11, 0x13, 
	0x01, 0x33, 0x33, 0x34, 0x45, 0x33, 0x33, 0x11, 
	0x12, 0x11, 0x13, 0x13, 0x33, 0x33, 0x11, 0x10, 
	0x12, 0x33, 0x33, 0x11, 0x33, 0x13, 0x11, 0x30, 
	0x01, 0x55, 0x55, 0x55, 0x55, 0x55, 0x53, 0x23, 
	0x14, 0x67, 0x87, 0x79, 0xaa, 0x87, 0x63, 0x21, 
	0x10, 0x55, 0x55, 0x55, 0x55, 0x5b, 0x03, 0x10, 
	0x15, 0x55, 0x55, 0x55, 0x55, 0x55, 0x03, 0x11, 
	0x01, 0xbb, 0xbb, 0xbb, 0xbb, 0xbb, 0x50, 0x11, 
	0x04, 0x9c, 0xcc, 0xaa, 0xaa, 0xcc, 0x63, 0x23, 
	0x10, 0xbb, 0xbb, 0x55, 0x55, 0x5b, 0x03, 0x10, 
	0x15, 0xbb, 0xbb, 0xbb, 0xbb, 0xbb, 0x03, 0x11, 
	0x01, 0xbb, 0xbb, 0xbb, 0xbb, 0xbb, 0x50, 0x31, 
	0x34, 0x9d, 0xcd, 0xda, 0x9c, 0xdd, 0x63, 0x20, 
	0x10, 0xb5, 0x55, 0x56, 0x55, 0x5b, 0x53, 0x10, 
	0x15, 0x55, 0x55, 0x55, 0x55, 0x5b, 0x03, 0x11, 
	0x01, 0xbb, 0xbb, 0xbb, 0xbb, 0xbb, 0x50, 0x11, 
	0x34, 0x9d, 0xcd, 0xca, 0x9a, 0xdd, 0x63, 0x20, 
	0x10, 0xb5, 0x55, 0x5b, 0x55, 0x5b, 0x53, 0x10, 
	0x15, 0xb5, 0x55, 0x55, 0x55, 0x5b, 0x03, 0x11, 
	0x01, 0xbb, 0xbb, 0xbb, 0xbb, 0xbb, 0x50, 0x33, 
	0x34, 0x9d, 0xdd, 0xda, 0x9c, 0xdd, 0x63, 0x21, 
	0x10, 0xb5, 0x5b, 0x66, 0x55, 0x5b, 0x53, 0x31, 
	0x15, 0xb5, 0x55, 0x55, 0x55, 0x5b, 0x03, 0x33, 
	0x01, 0xbb, 0xbb, 0xbb, 0xbb, 0xbb, 0x50, 0x33, 
	0x34, 0x9d, 0xdc, 0xca, 0x9a, 0xdd, 0x63, 0x23, 
	0x10, 0xb5, 0x5b, 0x66, 0x55, 0x5b, 0x53, 0x11, 
	0x15, 0xb5, 0x55, 0x55, 0x55, 0x5b, 0x03, 0x30, 
	0x03, 0xbb, 0xbb, 0xbb, 0xbb, 0xbb, 0x50, 0x31, 
	0x34, 0x6a, 0xaa, 0xaa, 0xaa, 0xc7, 0x60, 0x23, 
	0x10, 0xb5, 0x5b, 0x66, 0x55, 0x5b, 0x53, 0x33, 
	0x15, 0x55, 0x55, 0x55, 0x55, 0x5b, 0x03, 0x33, 
	0x40, 0xbb, 0xbb, 0xbb, 0xbb, 0xbb, 0x50, 0x11, 
	0x34, 0x6a, 0xaa, 0xaa, 0xa9, 0xa9, 0x64, 0x23, 
	0x10, 0xb5, 0x5b, 0x66, 0x55, 0x5b, 0x50, 0x30, 
	0x15, 0xb5, 0x55, 0x55, 0x55, 0x5b, 0x03, 0x30, 
	0x10, 0xbb, 0xbb, 0xbb, 0xbb, 0xbb, 0x50, 0x31, 
	0x34, 0x6a, 0xaa, 0xaa, 0xaa, 0xaa, 0x50, 0x23, 
	0x10, 0xb5, 0x5b, 0x66, 0x55, 0x5b, 0x53, 0x31, 
	0x15, 0xb5, 0x55, 0x55, 0x55, 0x5b, 0x53, 0x33, 
	0x10, 0xbb, 0xbb, 0xbb, 0xbb, 0x55, 0x50, 0x03, 
	0x34, 0x6a, 0xaa, 0xaa, 0xaa, 0xa9, 0x50, 0x23, 
	0x10, 0xb5, 0x5b, 0x66, 0xbb, 0x5b, 0x50, 0x11, 
	0x15, 0xb5, 0x55, 0x55, 0xbb, 0x5b, 0x50, 0x30, 
	0x10, 0xbb, 0xbb, 0xbb, 0xbb, 0xbb, 0x55, 0x31, 
	0x04, 0x49, 0xaa, 0xaa, 0xaa, 0x76, 0x50, 0x33, 
	0x34, 0xbb, 0xbb, 0x55, 0xbb, 0xbb, 0x04, 0x31, 
	0x15, 0xbb, 0xbb, 0xbb, 0xbb, 0xbb, 0x04, 0x33, 
	0x10, 0x55, 0x55, 0x55, 0x55, 0x55, 0x40, 0x11, 
	0x00, 0x49, 0x66, 0x64, 0x66, 0x7b, 0x50, 0x33, 
	0x34, 0x55, 0x55, 0x55, 0x55, 0x55, 0x00, 0x11, 
	0x15, 0x55, 0x55, 0x55, 0x55, 0x55, 0x00, 0x30, 
	0x01, 0x22, 0x33, 0x11, 0x33, 0x31, 0x31, 0x21, 
	0x03, 0x33, 0x33, 0x31, 0x31, 0x22, 0x22, 0x21, 
	0x11, 0x11, 0x31, 0x12, 0x22, 0x22, 0x22, 0x21, 
	0x32, 0x12, 0x33, 0x32, 0x32, 0x11, 0x22, 0x20, 
	0x01, 0x33, 0x32, 0x22, 0x22, 0x22, 0x22, 0x23, 
	0x03, 0x32, 0x22, 0x22, 0x22, 0x22, 0x22, 0x23, 
	0x12, 0x22, 0x22, 0x22, 0x22, 0x22, 0x22, 0x23, 
	0x33, 0x33, 0x33, 0x22, 0x22, 0x22, 0x22, 0x20, 
	0x00, 0x00, 0x00, 0x00, 0x00, 0x01, 0x31, 0x31, 
	0x01, 0x00, 0x00, 0x00, 0x00, 0x10, 0x11, 0x30, 
	0x03, 0x00, 0x01, 0x00, 0x33, 0x33, 0x33, 0x30, 
	0x00, 0x04, 0x04, 0x00, 0x00, 0x00, 0x03, 0x34, 
	0x04, 0x00, 0x00, 0x00, 0x00, 0x00, 0x03, 0x11, 
	0x01, 0x04, 0x00, 0x04, 0x04, 0x10, 0x33, 0x33, 
	0x00, 0x00, 0x00, 0x00, 0x45, 0x00, 0x00, 0x33, 
	0x04, 0x00, 0x00, 0x00, 0x00, 0x00, 0x03, 0x33, 
	0x31, 0x11, 0x11, 0x11, 0x11, 0x11, 0x11, 0x11, 
	0x04, 0x33, 0x33, 0x33, 0x22, 0x33, 0x33, 0x23, 
	0x13, 0x01, 0x11, 0x11, 0x11, 0x11, 0x11, 0x11, 
	0x34, 0x03, 0x01, 0x00, 0x01, 0x11, 0x33, 0x33, 
	0x03, 0x11, 0x11, 0x11, 0x11, 0x11, 0x11, 0x12, 
	0x03, 0x33, 0x33, 0x33, 0x33, 0x33, 0x33, 0x23, 
	0x01, 0x13, 0x11, 0x11, 0x33, 0x11, 0x11, 0x11, 
	0x33, 0x22, 0x13, 0x21, 0x13, 0x11, 0x33, 0x33, 
	0x13, 0x22, 0x22, 0x22, 0x33, 0x22, 0x11, 0x12, 
	0x43, 0x33, 0x03, 0x64, 0x64, 0x03, 0x33, 0xe3, 
	0x03, 0x13, 0x03, 0x03, 0x03, 0x03, 0x03, 0x23, 
	0x33, 0x32, 0x33, 0x33, 0x33, 0x32, 0x32, 0x21, 
	0x01, 0x00, 0x00, 0x00, 0x00, 0x00, 0x33, 0x12, 
	0x43, 0x68, 0x77, 0x66, 0x66, 0x77, 0x68, 0xe0, 
	0x00, 0x48, 0x77, 0x77, 0x77, 0x77, 0x40, 0x23, 
	0x34, 0x66, 0x68, 0x68, 0x68, 0x66, 0x33, 0x23, 
	0x11, 0x5b, 0x55, 0x55, 0x55, 0x5b, 0x50, 0x22, 
	0x49, 0xcd, 0xdd, 0xcc, 0xdd, 0xdd, 0xc6, 0xe4, 
	0x49, 0xcd, 0xdd, 0xdd, 0xdd, 0xdd, 0xd6, 0x34, 
	0x4a, 0x77, 0xcd, 0xc7, 0x6a, 0x76, 0x4e, 0xe0, 
	0x01, 0x5b, 0x55, 0x55, 0x55, 0x5b, 0x50, 0x33, 
	0x49, 0xcd, 0xdd, 0xcc, 0xcc, 0xdd, 0x76, 0xe4, 
	0x49, 0xdf, 0xdd, 0xdd, 0xdd, 0xdd, 0xd6, 0x24, 
	0x4a, 0xfd, 0xff, 0xa9, 0x6a, 0x7b, 0x6e, 0xe0, 
	0x11, 0x5b, 0x55, 0x55, 0x55, 0x55, 0x50, 0x22, 
	0x49, 0xcd, 0xdd, 0xcc, 0xcc, 0xdd, 0xc6, 0xe4, 
	0x49, 0xdd, 0xdd, 0xdd, 0xdd, 0xdd, 0xd6, 0x34, 
	0x6a, 0xff, 0xff, 0xcd, 0xcd, 0xc6, 0x4e, 0xe0, 
	0x01, 0x5b, 0x55, 0x55, 0x55, 0x55, 0x50, 0x33, 
	0x49, 0xcd, 0xdd, 0xcc, 0xcc, 0xdd, 0x76, 0xe4, 
	0x49, 0xdd, 0xdd, 0xdd, 0xdd, 0xdd, 0xd6, 0x24, 
	0x6a, 0xff, 0xff, 0xff, 0xff, 0x76, 0x6e, 0xe0, 
	0x11, 0x5b, 0x55, 0x55, 0x55, 0x5b, 0x50, 0x22, 
	0x49, 0xcd, 0xdd, 0xcc, 0xcc, 0xdd, 0xc6, 0xe4, 
	0x49, 0xdd, 0xdd, 0xdd, 0xdd, 0xdd, 0xd6, 0x34, 
	0x6a, 0xff, 0xff, 0xff, 0xff, 0xc6, 0x4e, 0xe0, 
	0x01, 0x5b, 0x55, 0x55, 0x55, 0x5b, 0x50, 0x33, 
	0x49, 0xcd, 0xdd, 0xcc, 0xcc, 0xdd, 0x76, 0xe4, 
	0x49, 0xdd, 0xdd, 0xdd, 0xdd, 0xdd, 0xd6, 0x24, 
	0x6a, 0xff, 0xff, 0xff, 0xff, 0x76, 0x6e, 0xe0, 
	0x03, 0x5b, 0x55, 0x55, 0x55, 0x5b, 0xb6, 0x12, 
	0x49, 0xcd, 0xdd, 0xcc, 0xcc, 0xdd, 0xc6, 0xe4, 
	0x49, 0xdd, 0xdd, 0xdd, 0xdd, 0xdd, 0xd6, 0x34, 
	0x6a, 0xff, 0xff, 0xff, 0xff, 0x76, 0x4e, 0xe0, 
	0x40, 0x5b, 0x55, 0x55, 0x55, 0x5b, 0xb6, 0x33, 
	0x49, 0xcd, 0xdd, 0xcc, 0xcc, 0xdd, 0x76, 0xe4, 
	0x49, 0xdd, 0xdd, 0xdd, 0xdd, 0xdd, 0xd6, 0x24, 
	0x6a, 0xff, 0xff, 0xff, 0xff, 0x7b, 0x6e, 0xe0, 
	0x33, 0x55, 0x55, 0x55, 0x55, 0x55, 0x55, 0x43, 
	0x49, 0xad, 0xdd, 0xcc, 0xcc, 0xdd, 0xc6, 0xe4, 
	0x49, 0xdd, 0xdd, 0xdd, 0xdd, 0xdd, 0xc6, 0x34, 
	0x49, 0xdd, 0xdf, 0xfd, 0xdd, 0x76, 0x6e, 0xe0, 
	0x11, 0xbb, 0xbb, 0xbb, 0xbb, 0xbb, 0x40, 0x33, 
	0x49, 0xad, 0xdd, 0xcc, 0xcc, 0xdd, 0x76, 0xe4, 
	0x49, 0xdd, 0xcc, 0xcc, 0xcc, 0xcc, 0x76, 0x24, 
	0x49, 0xdd, 0xdf, 0xfd, 0xdd, 0x7b, 0x6e, 0xe0, 
	0x04, 0x55, 0x55, 0x55, 0x55, 0x55, 0x43, 0x03, 
	0x04, 0x98, 0x98, 0x98, 0x99, 0x98, 0x66, 0xe3, 
	0x04, 0x99, 0x99, 0x99, 0x99, 0x99, 0x66, 0x43, 
	0x69, 0xaa, 0xaa, 0x99, 0x99, 0x66, 0x66, 0x20, 
	0x03, 0x33, 0x33, 0x33, 0x33, 0x33, 0x33, 0x22, 
	0x00, 0x68, 0x68, 0x68, 0x44, 0x68, 0x4e, 0xe3, 
	0x00, 0x44, 0x44, 0x44, 0x44, 0x44, 0x03, 0x23, 
	0x04, 0x64, 0x64, 0x44, 0x44, 0x4e, 0x33, 0x20, 
	0x11, 0x22, 0x22, 0x22, 0x22, 0x22, 0x22, 0x22, 
	0x01, 0x33, 0x32, 0x32, 0x22, 0x32, 0x21, 0x11, 
	0x03, 0x22, 0x32, 0x22, 0x33, 0x22, 0x22, 0x23, 
	0x33, 0x33, 0x33, 0x33, 0x32, 0x33, 0x22, 0x30, 
	0x01, 0x22, 0x22, 0x22, 0x22, 0x22, 0x22, 0x22, 
	0x01, 0x33, 0x22, 0x22, 0x22, 0x22, 0x13, 0x11, 
	0x03, 0x33, 0x22, 0x33, 0x33, 0x33, 0x33, 0x23, 
	0x03, 0x34, 0x33, 0x33, 0x33, 0x33, 0x33, 0x33, 
	0x00, 0x00, 0x00, 0x00, 0x00, 0x00, 0x03, 0x33, 
	0x00, 0x00, 0x00, 0x00, 0x00, 0x00, 0x00, 0x33, 
	0x00, 0x00, 0x00, 0x00, 0x00, 0x00, 0x03, 0x00, 
	0x00, 0x04, 0x04, 0x04, 0x00, 0x03, 0x03, 0x11, 
	0x00, 0x03, 0x11, 0x11, 0x21, 0x21, 0x22, 0x32, 
	0x00, 0x03, 0x03, 0x03, 0x11, 0x11, 0x11, 0x13, 
	0x00, 0x00, 0x11, 0x11, 0x11, 0x11, 0x00, 0x13, 
	0x33, 0x03, 0x4e, 0x4e, 0x21, 0x22, 0x22, 0x22, 
	0x01, 0x33, 0x11, 0x33, 0x33, 0x33, 0x33, 0x32, 
	0x04, 0x32, 0x12, 0x33, 0x33, 0x12, 0x13, 0x11, 
	0x01, 0x11, 0x11, 0x11, 0x11, 0x11, 0x11, 0x33, 
	0x33, 0x33, 0x33, 0x33, 0x33, 0x33, 0x33, 0xe3, 
	0x00, 0x13, 0x11, 0x32, 0x32, 0x32, 0x33, 0xe2, 
	0x03, 0x32, 0x22, 0x32, 0x33, 0x33, 0x11, 0x11, 
	0x01, 0x11, 0x11, 0x22, 0x11, 0x21, 0x11, 0x30, 
	0x13, 0x22, 0x32, 0x32, 0x32, 0x33, 0x33, 0xe0, 
	0x03, 0x13, 0x32, 0x32, 0x33, 0x03, 0x4e, 0xe2, 
	0x00, 0x03, 0x03, 0x33, 0x66, 0x66, 0x31, 0x23, 
	0x31, 0x33, 0x33, 0x33, 0x33, 0x33, 0x31, 0x33, 
	0x33, 0x44, 0x67, 0x66, 0x03, 0x66, 0x4e, 0xe3, 
	0x00, 0x48, 0x66, 0x66, 0x68, 0x77, 0x7e, 0xe4, 
	0x00, 0x77, 0x77, 0x68, 0xdd, 0xdd, 0x53, 0x23, 
	0x11, 0x45, 0x45, 0x45, 0x45, 0x45, 0x53, 0x30, 
	0x34, 0x6c, 0xcd, 0xdd, 0x77, 0xdd, 0x7e, 0xe0, 
	0x53, 0x49, 0xff, 0x66, 0xcd, 0xfd, 0xad, 0x82, 
	0x56, 0xaf, 0xfd, 0xcd, 0xdd, 0xdd, 0x66, 0xe2, 
	0x03, 0x67, 0x66, 0x44, 0x64, 0x66, 0x43, 0x33, 
	0x36, 0x9d, 0xff, 0xff, 0xff, 0xdd, 0xce, 0xe3, 
	0x50, 0x49, 0xff, 0x4e, 0xdf, 0xfd, 0xad, 0x8e, 
	0x56, 0xaf, 0xfd, 0xdf, 0xdd, 0xdd, 0x64, 0xe4, 
	0x00, 0x87, 0x66, 0x66, 0x66, 0x66, 0x43, 0x30, 
	0x36, 0x9d, 0xff, 0xff, 0xff, 0xdc, 0xd8, 0xe0, 
	0x53, 0x49, 0xdf, 0xdd, 0xff, 0xfd, 0xad, 0x82, 
	0x56, 0xaf, 0xdd, 0xdd, 0xdd, 0xdd, 0x66, 0xe2, 
	0x04, 0x68, 0x64, 0x66, 0x64, 0x66, 0x43, 0x30, 
	0x36, 0x9d, 0xfd, 0xdd, 0xdd, 0xdc, 0xc8, 0xe3, 
	0x50, 0x49, 0xdf, 0xdd, 0xff, 0xfd, 0xad, 0x8e, 
	0x56, 0xaf, 0xdd, 0xdd, 0xdd, 0xdd, 0x64, 0xe4, 
	0x03, 0x66, 0x66, 0x66, 0x66, 0x66, 0x43, 0x33, 
	0x36, 0x9d, 0xfd, 0xdd, 0xdd, 0xdc, 0xc8, 0xe0, 
	0x53, 0x49, 0xdf, 0xdd, 0xff, 0xfd, 0xad, 0x82, 
	0x56, 0xaf, 0xdd, 0xdd, 0xdd, 0xdd, 0x66, 0xe2, 
	0x04, 0x68, 0x66, 0x66, 0x64, 0x66, 0x43, 0x34, 
	0x36, 0x9d, 0xfd, 0xdd, 0xdd, 0xdc, 0xc8, 0xe3, 
	0x50, 0x49, 0xdf, 0xdd, 0xff, 0xfd, 0xad, 0x8e, 
	0x56, 0xaf, 0xdd, 0xdd, 0xdd, 0xdd, 0x64, 0xe4, 
	0x03, 0x66, 0x66, 0x66, 0x66, 0x66, 0x43, 0x33, 
	0x36, 0x9d, 0xfd, 0xdd, 0xdd, 0xdc, 0xc8, 0xe0, 
	0x53, 0x69, 0xdd, 0xdd, 0xdd, 0xdd, 0x9c, 0x82, 
	0x56, 0xad, 0xdd, 0xdd, 0xdd, 0xdd, 0x66, 0xe2, 
	0x04, 0x68, 0x66, 0x46, 0x64, 0x66, 0x60, 0x33, 
	0x36, 0x9d, 0xfd, 0xdd, 0xdd, 0xdc, 0xce, 0xe3, 
	0x50, 0x69, 0xdd, 0xdd, 0xdd, 0xdd, 0x9a, 0x8e, 
	0x56, 0xad, 0xdd, 0xdd, 0xdd, 0xdd, 0x64, 0xe4, 
	0x03, 0x66, 0x66, 0x46, 0x66, 0x66, 0x64, 0x30, 
	0x36, 0x9d, 0xfd, 0xdd, 0xdd, 0xdc, 0xd8, 0xe3, 
	0x03, 0x69, 0xdd, 0xdd, 0xdd, 0xdd, 0x9c, 0x82, 
	0x56, 0xad, 0xdd, 0xdd, 0xdd, 0xdd, 0x66, 0xe4, 
	0x04, 0x66, 0x66, 0x66, 0x66, 0x66, 0x60, 0x33, 
	0x36, 0x9d, 0xdd, 0xdd, 0xdd, 0xda, 0xc7, 0xe3, 
	0x00, 0x69, 0xdd, 0xcc, 0xdd, 0xdd, 0x9a, 0x8e, 
	0x56, 0xad, 0xdd, 0xcc, 0xcc, 0xcc, 0x64, 0xe4, 
	0x03, 0x55, 0x55, 0x66, 0x55, 0x66, 0x64, 0x33, 
	0x36, 0x9d, 0xdc, 0xcc, 0xcc, 0xca, 0xa9, 0xe3, 
	0x04, 0x55, 0x99, 0x99, 0x99, 0x66, 0x66, 0x43, 
	0x04, 0x69, 0x69, 0x69, 0x69, 0x66, 0x66, 0x43, 
	0x04, 0x54, 0x54, 0x54, 0x54, 0x54, 0x66, 0x00, 
	0x44, 0x49, 0x99, 0x99, 0x99, 0x86, 0x86, 0x23, 
	0x00, 0x33, 0x44, 0x44, 0x44, 0x33, 0x33, 0x23, 
	0x00, 0x04, 0x04, 0x04, 0x04, 0x03, 0x33, 0x23, 
	0x00, 0x12, 0x12, 0x12, 0x12, 0x12, 0x33, 0x33, 
	0x44, 0x33, 0x44, 0x44, 0x44, 0x43, 0x43, 0x23, 
	0x03, 0x22, 0x22, 0x22, 0x22, 0x22, 0x22, 0x11, 
	0x03, 0x33, 0x33, 0x33, 0x33, 0x33, 0x33, 0x23, 
	0x03, 0x33, 0x33, 0x33, 0x33, 0x33, 0x11, 0x23, 
	0x33, 0x33, 0x33, 0x33, 0x33, 0x33, 0x22, 0x23, 
	0x00, 0x00, 0x11, 0x11, 0x11, 0x11, 0x00, 0x33, 
	0x00, 0x00, 0x00, 0x00, 0x45, 0x00, 0x00, 0x30, 
	0x00, 0x00, 0x00, 0x00, 0x00, 0x00, 0x33, 0x30, 
	0x03, 0x00, 0x00, 0x00, 0x00, 0x00, 0x00, 0x30, 
	0x34, 0x00, 0x11, 0x01, 0x11, 0x11, 0x11, 0x11, 
	0x10, 0x00, 0x10, 0x00, 0x01, 0x11, 0x11, 0x11, 
	0x00, 0x00, 0x00, 0x00, 0x00, 0x01, 0x11, 0x01, 
	0x04, 0x04, 0x04, 0x03, 0x33, 0x33, 0x21, 0x21, 
	0x33, 0x11, 0x11, 0x11, 0x11, 0x11, 0x11, 0x12, 
	0x10, 0x11, 0x11, 0x11, 0x11, 0x11, 0x11, 0x11, 
	0x00, 0x11, 0x00, 0x11, 0x11, 0x11, 0x11, 0x01, 
	0x00, 0x03, 0x03, 0x40, 0x33, 0x33, 0x33, 0x23, 
	0x11, 0x11, 0x11, 0x11, 0x11, 0x11, 0x11, 0x12, 
	0x10, 0x11, 0x11, 0x11, 0x11, 0x31, 0x11, 0x01, 
	0x00, 0x11, 0x11, 0x11, 0x11, 0x11, 0x11, 0x01, 
	0x01, 0x11, 0x21, 0x33, 0x12, 0x32, 0x33, 0x23, 
	0x11, 0x12, 0x11, 0x11, 0x11, 0x21, 0x11, 0x12, 
	0x11, 0x11, 0x22, 0x22, 0x22, 0x22, 0x21, 0x13, 
	0x11, 0x11, 0x22, 0x22, 0x22, 0x22, 0x21, 0x01, 
	0x01, 0x22, 0x33, 0x33, 0x22, 0x22, 0x33, 0x23, 
	
};

ALIGNED8 u8 ss1_space_space64_18_pal_rgba16[] = {
	0x69, 0xdd, 0x72, 0x67, 0x93, 0x6d, 0x82, 0xa5, 
	0x72, 0x19, 0x40, 0xcf, 0x7a, 0x0f, 0xac, 0x4f, 
	0xbb, 0x51, 0xa2, 0x47, 0xec, 0x45, 0x00, 0x01, 
	0xfe, 0x07, 0xf7, 0x91, 0xc4, 0x65, 0xff, 0xe3, 
	
};

ALIGNED8 u8 ss1_space_et64_3_ci4[] = {
	0x00, 0x00, 0x00, 0x00, 0x00, 0x00, 0x00, 0x00, 
	0x00, 0x00, 0x00, 0x00, 0x00, 0x00, 0x00, 0x00, 
	0x00, 0x00, 0x00, 0x00, 0x00, 0x00, 0x00, 0x00, 
	0x00, 0x00, 0x00, 0x00, 0x00, 0x00, 0x00, 0x00, 
	0x11, 0x11, 0x11, 0x22, 0x22, 0x22, 0x22, 0x22, 
	0x22, 0x22, 0x22, 0x22, 0x22, 0x22, 0x22, 0x11, 
	0x11, 0x22, 0x22, 0x11, 0x11, 0x11, 0x11, 0x11, 
	0x11, 0x11, 0x11, 0x11, 0x11, 0x11, 0x11, 0x11, 
	0x33, 0x33, 0x33, 0x33, 0x33, 0x33, 0x33, 0x33, 
	0x33, 0x33, 0x33, 0x33, 0x33, 0x33, 0x33, 0x33, 
	0x33, 0x33, 0x33, 0x33, 0x33, 0x33, 0x33, 0x33, 
	0x33, 0x33, 0x33, 0x33, 0x33, 0x33, 0x33, 0x33, 
	0x22, 0x22, 0x22, 0x22, 0x22, 0x22, 0x22, 0x22, 
	0x22, 0x22, 0x22, 0x22, 0x22, 0x22, 0x22, 0x22, 
	0x22, 0x22, 0x22, 0x22, 0x22, 0x22, 0x22, 0x22, 
	0x22, 0x22, 0x22, 0x22, 0x22, 0x22, 0x22, 0x22, 
	0x44, 0x44, 0x44, 0x44, 0x44, 0x44, 0x44, 0x44, 
	0x44, 0x44, 0x44, 0x44, 0x44, 0x44, 0x44, 0x44, 
	0x44, 0x44, 0x44, 0x44, 0x44, 0x44, 0x44, 0x44, 
	0x44, 0x44, 0x44, 0x44, 0x44, 0x44, 0x44, 0x44, 
	0x11, 0x11, 0x11, 0x11, 0x11, 0x11, 0x11, 0x11, 
	0x11, 0x11, 0x11, 0x44, 0x11, 0x44, 0x44, 0x11, 
	0x44, 0x44, 0x44, 0x44, 0x11, 0x44, 0x44, 0x44, 
	0x44, 0x44, 0x44, 0x44, 0x44, 0x44, 0x44, 0x44, 
	0x11, 0x11, 0x11, 0x11, 0x11, 0x11, 0x11, 0x11, 
	0x11, 0x11, 0x11, 0x11, 0x11, 0x11, 0x11, 0x11, 
	0x11, 0x11, 0x11, 0x11, 0x11, 0x11, 0x11, 0x11, 
	0x11, 0x11, 0x11, 0x11, 0x11, 0x11, 0x11, 0x11, 
	0x00, 0x00, 0x00, 0x00, 0x00, 0x00, 0x00, 0x00, 
	0x00, 0x00, 0x00, 0x00, 0x00, 0x00, 0x00, 0x00, 
	0x00, 0x00, 0x00, 0x00, 0x00, 0x00, 0x00, 0x00, 
	0x00, 0x00, 0x00, 0x00, 0x00, 0x00, 0x00, 0x00, 
	0x50, 0x00, 0x00, 0x05, 0x00, 0x50, 0x55, 0x00, 
	0x00, 0x50, 0x55, 0x55, 0x05, 0x05, 0x05, 0x05, 
	0x05, 0x05, 0x05, 0x50, 0x00, 0x00, 0x05, 0x00, 
	0x00, 0x00, 0x00, 0x00, 0x00, 0x00, 0x00, 0x00, 
	0x44, 0x44, 0x44, 0x44, 0x44, 0x44, 0x44, 0x44, 
	0x44, 0x44, 0x44, 0x44, 0x44, 0x44, 0x44, 0x44, 
	0x44, 0x44, 0x44, 0x44, 0x44, 0x44, 0x44, 0x44, 
	0x44, 0x44, 0x44, 0x44, 0x44, 0x44, 0x44, 0x44, 
	0x41, 0x11, 0x11, 0x11, 0x11, 0x11, 0x11, 0x21, 
	0x21, 0x11, 0x44, 0x11, 0x21, 0x11, 0x11, 0x11, 
	0x11, 0x11, 0x11, 0x11, 0x14, 0x11, 0x11, 0x11, 
	0x11, 0x11, 0x11, 0x11, 0x11, 0x11, 0x14, 0x14, 
	0x67, 0x33, 0x33, 0x33, 0x33, 0x33, 0x33, 0x33, 
	0x33, 0x33, 0x76, 0x23, 0x33, 0x33, 0x33, 0x33, 
	0x33, 0x33, 0x33, 0x33, 0x87, 0x83, 0x33, 0x33, 
	0x33, 0x33, 0x33, 0x33, 0x33, 0x33, 0x26, 0x86, 
	0x17, 0x33, 0x22, 0x22, 0x22, 0x22, 0x22, 0x22, 
	0x22, 0x22, 0x17, 0x33, 0x22, 0x22, 0x22, 0x22, 
	0x22, 0x22, 0x22, 0x22, 0x17, 0x23, 0x22, 0x22, 
	0x22, 0x22, 0x22, 0x22, 0x22, 0x22, 0x17, 0x17, 
	0x04, 0x22, 0x44, 0x44, 0x44, 0x44, 0x44, 0x44, 
	0x44, 0x44, 0x14, 0x22, 0x44, 0x44, 0x44, 0x44, 
	0x44, 0x44, 0x44, 0x44, 0x14, 0x22, 0x11, 0x44, 
	0x44, 0x44, 0x11, 0x44, 0x44, 0x44, 0x14, 0x14, 
	0x55, 0x05, 0x55, 0x55, 0x55, 0x55, 0x55, 0x55, 
	0x55, 0x55, 0x55, 0x05, 0x55, 0x55, 0x55, 0x55, 
	0x55, 0x55, 0x55, 0x55, 0x55, 0x05, 0x55, 0x55, 
	0x55, 0x55, 0x55, 0x55, 0x55, 0x55, 0x55, 0x05, 
	0x55, 0x99, 0x55, 0x55, 0x55, 0x99, 0x55, 0x99, 
	0x55, 0x55, 0x55, 0x99, 0x55, 0x55, 0x99, 0x55, 
	0x99, 0x99, 0x99, 0x99, 0x99, 0x99, 0x99, 0x99, 
	0x99, 0xaa, 0x99, 0xaa, 0x99, 0x99, 0x99, 0x99, 
	0xaa, 0xaa, 0xaa, 0xaa, 0xaa, 0xaa, 0xaa, 0xaa, 
	0xaa, 0xaa, 0xaa, 0xaa, 0xaa, 0xaa, 0xaa, 0xaa, 
	0xaa, 0xaa, 0xaa, 0xaa, 0xaa, 0xaa, 0xaa, 0xaa, 
	0xaa, 0xaa, 0xaa, 0xaa, 0xaa, 0xaa, 0xaa, 0xaa, 
	0xaa, 0xaa, 0xaa, 0xaa, 0xaa, 0xaa, 0xaa, 0xaa, 
	0xaa, 0xaa, 0xaa, 0xaa, 0xaa, 0xaa, 0xaa, 0xaa, 
	0xaa, 0xaa, 0xaa, 0xaa, 0xaa, 0xaa, 0xaa, 0xaa, 
	0xaa, 0xaa, 0xaa, 0xaa, 0xaa, 0xaa, 0xaa, 0xaa, 
	0xbb, 0xbb, 0xbb, 0xcc, 0xcc, 0xbb, 0xcc, 0xcc, 
	0xbb, 0xbb, 0xbb, 0xbb, 0xbb, 0xbb, 0xbb, 0xcc, 
	0xcc, 0xcc, 0xcc, 0xcc, 0xcc, 0xcc, 0xcc, 0xcc, 
	0xbb, 0xbb, 0xbb, 0xbb, 0xcc, 0xcc, 0xcc, 0xcc, 
	0x88, 0x88, 0x88, 0x88, 0x88, 0x88, 0x88, 0x88, 
	0x88, 0x88, 0x33, 0x33, 0x33, 0x33, 0x33, 0x88, 
	0x87, 0x87, 0x88, 0x88, 0x88, 0x88, 0x88, 0x88, 
	0x33, 0x33, 0x33, 0x33, 0x88, 0x88, 0x88, 0x88, 
	0xcc, 0xaa, 0xaa, 0xaa, 0xaa, 0xaa, 0xaa, 0xaa, 
	0xaa, 0xaa, 0xcc, 0xaa, 0xaa, 0xcc, 0xcc, 0xbb, 
	0xbb, 0xbb, 0xbb, 0xbb, 0xbb, 0xbb, 0xbb, 0xbb, 
	0xbb, 0xcc, 0xcc, 0xcc, 0xcc, 0xcc, 0xcc, 0xcc, 
	0xac, 0xaa, 0xaa, 0xaa, 0xaa, 0xaa, 0xaa, 0xaa, 
	0xaa, 0xaa, 0xac, 0xaa, 0xaa, 0xaa, 0xaa, 0xaa, 
	0xaa, 0xaa, 0xaa, 0xaa, 0xaa, 0xdd, 0xaa, 0xaa, 
	0xaa, 0xaa, 0xaa, 0xaa, 0xaa, 0xaa, 0xaa, 0xaa, 
	0xbb, 0xee, 0xdd, 0xdd, 0xdd, 0xdd, 0xdd, 0xdd, 
	0xdd, 0xdd, 0xd6, 0x8d, 0xdd, 0xdd, 0xdd, 0xdd, 
	0xdd, 0xdd, 0xdd, 0xdd, 0xdd, 0xbe, 0xdd, 0xdd, 
	0xdd, 0xdd, 0xdd, 0xdd, 0xdd, 0xdd, 0xdd, 0xbb, 
	0x76, 0x76, 0x67, 0x67, 0x67, 0x66, 0x66, 0x66, 
	0x67, 0x66, 0x6f, 0xf6, 0x66, 0xf6, 0x67, 0x66, 
	0x66, 0x66, 0xf6, 0x66, 0x66, 0x6f, 0x66, 0x66, 
	0x66, 0x66, 0x66, 0x66, 0x66, 0x67, 0x67, 0x66, 
	0x6e, 0x6f, 0xef, 0xef, 0xef, 0xfe, 0xfe, 0xfe, 
	0xef, 0xfe, 0xee, 0xee, 0xef, 0xee, 0xff, 0xee, 
	0xee, 0xee, 0xee, 0xee, 0xee, 0xfe, 0xee, 0xfe, 
	0xee, 0xee, 0xee, 0xee, 0xee, 0xbb, 0xf6, 0xff, 
	0x76, 0x77, 0x77, 0x77, 0x77, 0x88, 0x88, 0x88, 
	0x77, 0x88, 0x88, 0x88, 0x77, 0x8f, 0xf6, 0xf6, 
	0x88, 0x88, 0x88, 0x8f, 0xee, 0xee, 0xee, 0xee, 
	0xee, 0xee, 0x88, 0x88, 0x88, 0x76, 0xf6, 0xf6, 
	0x66, 0x76, 0x76, 0xf7, 0x76, 0x66, 0x66, 0xff, 
	0x66, 0x66, 0xff, 0xff, 0xff, 0x6e, 0xff, 0xe6, 
	0x6f, 0x76, 0xff, 0x66, 0xff, 0x66, 0x66, 0x66, 
	0x66, 0xff, 0x66, 0xff, 0xff, 0x66, 0xef, 0x6e, 
	0x66, 0xfe, 0xfe, 0xe6, 0xfe, 0xdd, 0xdd, 0x99, 
	0xdd, 0xdd, 0x99, 0x99, 0x99, 0xfd, 0xfe, 0xdb, 
	0xed, 0xfe, 0xdd, 0xdd, 0x66, 0x66, 0x66, 0x66, 
	0x66, 0x66, 0xdd, 0xdd, 0xdd, 0xe6, 0xef, 0xfd, 
	0xff, 0x6e, 0xfe, 0xdf, 0xed, 0xf7, 0x77, 0x77, 
	0x77, 0x77, 0x77, 0x77, 0x77, 0xed, 0xed, 0xdf, 
	0xdd, 0xfd, 0xdd, 0xdd, 0xee, 0xdd, 0xdd, 0xdd, 
	0xdd, 0xfd, 0xdd, 0x66, 0x66, 0x66, 0x9e, 0xfd, 
	0xff, 0xfd, 0xfe, 0xdf, 0xfd, 0xe6, 0xff, 0xff, 
	0xff, 0xff, 0xff, 0xff, 0xff, 0xfd, 0xed, 0xdf, 
	0xdd, 0xfd, 0xdd, 0xdd, 0xde, 0xee, 0xee, 0xee, 
	0xf6, 0xfd, 0xdf, 0x6f, 0x66, 0x66, 0xde, 0xfd, 
	0xfe, 0xfd, 0xfe, 0xdf, 0xed, 0xfe, 0xdd, 0xdd, 
	0xdd, 0xdd, 0xdd, 0xdd, 0xdf, 0xed, 0xed, 0xdf, 
	0xff, 0xff, 0xff, 0xdd, 0xdd, 0x66, 0x66, 0x66, 
	0xff, 0xdd, 0xc6, 0xdd, 0xdd, 0xdf, 0xdd, 0xed, 
	0xee, 0xfd, 0xfe, 0xdf, 0xfd, 0xfe, 0xdf, 0x66, 
	0x66, 0x66, 0x66, 0x66, 0xff, 0xed, 0xed, 0xd6, 
	0xf6, 0xf6, 0xf6, 0xed, 0xdd, 0xdd, 0xdd, 0xdd, 
	0xdd, 0xdd, 0x6e, 0xdd, 0xdd, 0xdf, 0xed, 0xed, 
	0xfe, 0xfd, 0xfe, 0xdf, 0xed, 0xfe, 0xdf, 0x66, 
	0x66, 0x66, 0x66, 0x66, 0xf7, 0xdd, 0xed, 0xfe, 
	0xdd, 0xdd, 0xde, 0x8d, 0xdd, 0xdd, 0xdd, 0xdd, 
	0xdd, 0xc6, 0xbd, 0xdf, 0x66, 0x66, 0xed, 0xee, 
	0xfe, 0xfd, 0xfe, 0xdf, 0xed, 0xfe, 0xdf, 0xdd, 
	0xdd, 0xdd, 0xdd, 0xdd, 0xe6, 0xde, 0xed, 0xfe, 
	0xdd, 0xdd, 0xdd, 0xf6, 0xbb, 0xbb, 0xbb, 0xbb, 
	0xbb, 0x6e, 0xcd, 0xd6, 0xff, 0xff, 0xed, 0xee, 
	0xfe, 0xfd, 0xfe, 0xdf, 0xed, 0xfe, 0xdf, 0xdd, 
	0xdd, 0xdd, 0xdd, 0xdd, 0xd6, 0xde, 0xea, 0xf6, 
	0xff, 0xff, 0xdd, 0xde, 0x6f, 0xff, 0xff, 0xff, 
	0xbb, 0xfd, 0xdd, 0x6e, 0xdd, 0xdd, 0xed, 0x9e, 
	0xee, 0xfd, 0xfe, 0xdf, 0xed, 0xfe, 0xdf, 0xdd, 
	0x67, 0x67, 0x67, 0x67, 0x6f, 0xdf, 0xdd, 0xf6, 
	0x66, 0x66, 0x6d, 0xdd, 0xed, 0xdd, 0xdd, 0xdd, 
	0xdd, 0xdd, 0xdf, 0xfd, 0xda, 0xdd, 0xfd, 0xde, 
	0xee, 0xfd, 0xee, 0xdf, 0xed, 0xfe, 0xdf, 0xd6, 
	0xfe, 0xff, 0xff, 0xff, 0xfe, 0xde, 0xdd, 0xfd, 
	0x9d, 0xdd, 0xe6, 0xdd, 0xdf, 0xdd, 0xdd, 0xaa, 
	0xdd, 0xdd, 0xbe, 0xed, 0xdd, 0xdd, 0xfd, 0xde, 
	0xee, 0xfd, 0xfe, 0xde, 0xed, 0xee, 0xde, 0x6f, 
	0xdd, 0xdd, 0xdd, 0xdd, 0xfe, 0xdf, 0xdd, 0xfd, 
	0xdd, 0xdd, 0xdb, 0xfd, 0xde, 0xbb, 0xbb, 0xbb, 
	0xbb, 0xbb, 0xbd, 0xbb, 0xbb, 0xbb, 0xfd, 0xdf, 
	0xee, 0xfd, 0xfe, 0xdf, 0xed, 0xee, 0xdf, 0xfd, 
	0xdf, 0xff, 0xff, 0xff, 0x6e, 0xde, 0x9e, 0x66, 
	0x66, 0x6e, 0xdf, 0x6f, 0x9d, 0xe6, 0xbe, 0xee, 
	0xee, 0xbb, 0xdd, 0xbe, 0xbb, 0xee, 0xed, 0xde, 
	0xe9, 0xfd, 0xfe, 0xde, 0xed, 0xdd, 0xd6, 0xdd, 
	0xd6, 0x66, 0x66, 0x66, 0xfd, 0xde, 0xde, 0xff, 
	0xff, 0xfd, 0xdf, 0xee, 0xdd, 0xdb, 0xbd, 0xda, 
	0xda, 0xdd, 0xda, 0xbd, 0xdd, 0xda, 0xed, 0xde, 
	0xee, 0xed, 0xee, 0xdf, 0xdd, 0xdd, 0x6e, 0xdd, 
	0x6e, 0xdd, 0xdd, 0xdd, 0xfd, 0xee, 0x9e, 0xdd, 
	0x9d, 0xfd, 0xdf, 0xdd, 0xbd, 0xdd, 0xfd, 0xdd, 
	0xdd, 0xee, 0xdd, 0xed, 0xdd, 0xdd, 0xeb, 0xdd, 
	0xe9, 0xfd, 0xfe, 0xde, 0x6d, 0xdf, 0xfd, 0xdf, 
	0xfd, 0xdd, 0xdd, 0xde, 0xfd, 0xee, 0x9e, 0x9d, 
	0xdd, 0xfd, 0xdf, 0xdd, 0xeb, 0xda, 0xdf, 0xdd, 
	0xdd, 0xe6, 0xbb, 0xbb, 0xbb, 0xdd, 0xde, 0xdd, 
	0xee, 0xed, 0xee, 0xdd, 0xff, 0xdf, 0xdd, 0xdf, 
	0xdd, 0xdd, 0xdd, 0xde, 0xed, 0xee, 0xee, 0xdf, 
	0x66, 0xfd, 0xde, 0xdd, 0xde, 0xbc, 0xdd, 0xbd, 
	0xdd, 0xed, 0xdd, 0xdd, 0xde, 0xdd, 0xde, 0xdd, 
	0xe9, 0xfd, 0xee, 0xdd, 0xee, 0xee, 0xdd, 0xff, 
	0xbb, 0xbb, 0x66, 0xff, 0xed, 0xee, 0xee, 0xde, 
	0xdd, 0xfd, 0xde, 0xdd, 0xdd, 0xfb, 0xdd, 0xeb, 
	0xdd, 0xed, 0xdd, 0xdd, 0xdd, 0xed, 0xdf, 0xdd, 
	0xdd, 0xed, 0xef, 0xed, 0xdd, 0xff, 0xdd, 0x6f, 
	0xff, 0xff, 0xff, 0x6f, 0xed, 0xee, 0xdd, 0xde, 
	0xdd, 0xed, 0xde, 0xdd, 0xdd, 0xdb, 0xdd, 0xdb, 
	0xed, 0xcb, 0xbb, 0xbb, 0xdd, 0xed, 0xcb, 0xdd, 
	0x9d, 0xfd, 0xed, 0xed, 0xda, 0xee, 0xdd, 0xed, 
	0xdd, 0xdd, 0xdd, 0xee, 0xed, 0xe9, 0x9d, 0xde, 
	0xdd, 0xfd, 0xde, 0xdd, 0xed, 0xdd, 0xfd, 0xdd, 
	0xed, 0xed, 0xdd, 0xdd, 0xdd, 0xed, 0xce, 0xdd, 
	0xdd, 0xed, 0xed, 0xdf, 0xdd, 0xde, 0xde, 0xee, 
	0xdd, 0xee, 0xdd, 0xdf, 0xdd, 0xee, 0x9e, 0xde, 
	0xdd, 0xed, 0xdf, 0xdd, 0xeb, 0xdd, 0xcb, 0xde, 
	0xee, 0xed, 0xdd, 0xdd, 0xdd, 0xec, 0xdd, 0xed, 
	0x9d, 0xed, 0xed, 0xde, 0xfd, 0xdf, 0x6f, 0xf6, 
	0x66, 0x66, 0xdd, 0xdf, 0x9d, 0xe9, 0x9e, 0xde, 
	0xdd, 0xfd, 0xde, 0xdd, 0xde, 0xed, 0xce, 0xed, 
	0xe9, 0xed, 0xdd, 0xdd, 0xda, 0xee, 0xdd, 0xed, 
	0xed, 0xed, 0xed, 0x9e, 0xee, 0xde, 0xd9, 0xd9, 
	0xda, 0xde, 0x9d, 0xde, 0x9d, 0xed, 0xdd, 0xde, 
	0x9d, 0xed, 0xde, 0xdd, 0xde, 0xfd, 0xdd, 0xeb, 
	0xdd, 0xed, 0xad, 0x9d, 0xea, 0xdd, 0xda, 0xed, 
	0xed, 0xed, 0xed, 0xde, 0xde, 0xee, 0x99, 0x99, 
	0x9a, 0xde, 0xdd, 0xde, 0xdd, 0xed, 0x9d, 0xde, 
	0xdd, 0xfd, 0xde, 0x9d, 0xed, 0xdf, 0x9d, 0xde, 
	0x9d, 0xed, 0xdd, 0xdd, 0xdd, 0x9d, 0x9a, 0xed, 
	0xed, 0xed, 0xdd, 0xde, 0xdd, 0xee, 0xdd, 0xde, 
	0xff, 0xff, 0xdd, 0xee, 0x9e, 0xdd, 0xef, 0xff, 
	0xff, 0xfd, 0xde, 0xee, 0xed, 0xde, 0xed, 0xde, 
	0xdd, 0xdb, 0xbb, 0x9d, 0xed, 0xdd, 0xdd, 0xed, 
	0xed, 0xed, 0x9d, 0xde, 0xdd, 0xde, 0xdd, 0xde, 
	0x99, 0x99, 0xdd, 0xfe, 0xde, 0x9d, 0xef, 0x99, 
	0x99, 0xdd, 0xde, 0xee, 0xed, 0xdd, 0xed, 0xdd, 
	0xdd, 0xee, 0xee, 0xdd, 0xed, 0xde, 0xdd, 0xed, 
	0xed, 0xed, 0xee, 0xde, 0xdd, 0xdf, 0xee, 0xde, 
	0xdd, 0xde, 0xdd, 0xfd, 0xde, 0xdd, 0xfd, 0xdd, 
	0xdd, 0xdd, 0xde, 0xbb, 0xfd, 0xdd, 0xed, 0xdd, 
	0xed, 0xed, 0xde, 0xdd, 0xed, 0xde, 0xdd, 0xdd, 
	0xed, 0xed, 0xe9, 0xef, 0xdd, 0xd6, 0x66, 0x6f, 
	0xed, 0xdf, 0x9d, 0xfd, 0xef, 0x9e, 0xfd, 0xed, 
	0x9d, 0xdd, 0xdd, 0xdd, 0xdd, 0xdd, 0xfd, 0xde, 
	0xed, 0xfd, 0xdf, 0xdd, 0xed, 0xdf, 0xdd, 0xee, 
	0xee, 0x66, 0xf6, 0x66, 0x66, 0x66, 0xee, 0xee, 
	0xee, 0xef, 0x66, 0x6e, 0xef, 0xef, 0x66, 0x66, 
	0x66, 0x66, 0x66, 0x66, 0x66, 0x66, 0x66, 0x66, 
	0x66, 0x6e, 0xdf, 0x66, 0xfe, 0xdf, 0x66, 0x66, 
	0xbb, 0xe6, 0xf6, 0x6f, 0x66, 0x66, 0xde, 0xee, 
	0xff, 0xef, 0x66, 0xfd, 0xef, 0xef, 0xff, 0xff, 
	0xff, 0xff, 0xff, 0xff, 0xff, 0xff, 0xff, 0xff, 
	0xff, 0xfd, 0xde, 0xff, 0xfe, 0xde, 0xff, 0x66, 
	0x88, 0xfe, 0xfe, 0xff, 0xff, 0xff, 0xff, 0xff, 
	0x66, 0xff, 0x66, 0xff, 0x66, 0x66, 0xff, 0xff, 
	0xff, 0xff, 0xfe, 0xff, 0xe6, 0xbe, 0xfe, 0xff, 
	0xbb, 0xff, 0xff, 0xee, 0xbb, 0xff, 0xe6, 0x88, 
	0xbb, 0xdd, 0xdd, 0xdd, 0xdd, 0xdd, 0xdd, 0xdd, 
	0xdd, 0xdd, 0xff, 0xdd, 0xdd, 0xdd, 0xdd, 0x99, 
	0xdd, 0xdd, 0xdd, 0xdd, 0xdb, 0xbd, 0xdd, 0xdd, 
	0xdd, 0xdd, 0xdd, 0xdd, 0xdd, 0xdd, 0xdb, 0xbb, 
	0xcc, 0xaa, 0xee, 0xcc, 0xcc, 0xcc, 0xcc, 0xcc, 
	0xcc, 0xcc, 0xcc, 0xaa, 0xcc, 0xcc, 0xcc, 0xcc, 
	0xcc, 0xcc, 0xcc, 0xcc, 0xbb, 0xcc, 0xbb, 0xbb, 
	0xbb, 0xbb, 0xbb, 0xbb, 0xbb, 0xbb, 0xbb, 0xcc, 
	0x87, 0x88, 0x77, 0x87, 0x87, 0x87, 0x87, 0x87, 
	0x87, 0x87, 0x87, 0x88, 0x22, 0x22, 0x22, 0x22, 
	0x22, 0x22, 0x22, 0x22, 0x22, 0x22, 0x22, 0x22, 
	0x22, 0x22, 0x22, 0x22, 0x22, 0x22, 0x22, 0x22, 
	0x00, 0x50, 0x00, 0x44, 0x44, 0x44, 0x44, 0x44, 
	0x44, 0x44, 0x44, 0x44, 0x44, 0x00, 0x44, 0x00, 
	0x00, 0x00, 0x00, 0x00, 0x00, 0x00, 0x00, 0x55, 
	0x50, 0x50, 0x00, 0x00, 0x00, 0x50, 0x50, 0x00, 
	0xaa, 0xaa, 0xaa, 0xaa, 0xaa, 0xaa, 0xaa, 0xaa, 
	0xaa, 0xaa, 0xaa, 0xaa, 0xaa, 0xaa, 0xaa, 0xaa, 
	0xaa, 0xaa, 0xaa, 0xaa, 0xaa, 0xaa, 0xaa, 0xaa, 
	0xaa, 0xaa, 0xaa, 0xaa, 0xaa, 0xaa, 0xaa, 0xaa, 
	0xaa, 0xaa, 0xaa, 0xaa, 0xaa, 0xaa, 0xaa, 0xaa, 
	0xaa, 0xaa, 0xaa, 0xaa, 0xaa, 0xaa, 0xaa, 0xaa, 
	0xaa, 0xaa, 0xaa, 0xaa, 0xaa, 0xaa, 0xaa, 0xaa, 
	0xaa, 0xaa, 0xaa, 0xaa, 0xaa, 0xaa, 0xaa, 0xaa, 
	0xdd, 0x99, 0x99, 0xa9, 0x99, 0x99, 0x99, 0x99, 
	0x99, 0x9d, 0xdd, 0x99, 0x99, 0x99, 0x9d, 0x99, 
	0xa9, 0x99, 0x99, 0x99, 0xdd, 0x99, 0x9d, 0xdd, 
	0x99, 0x99, 0x99, 0x99, 0x9d, 0x9d, 0xdd, 0xdd, 
	
};

ALIGNED8 u8 ss1_space_et64_3_pal_rgba16[] = {
	0x1a, 0x63, 0x74, 0xf1, 0xb6, 0xfd, 0xff, 0xff, 
	0x33, 0x69, 0x01, 0x5b, 0x53, 0x5b, 0x7c, 0xa9, 
	0x94, 0xe7, 0x10, 0xcb, 0x00, 0x01, 0x52, 0x91, 
	0x39, 0x47, 0x18, 0xc7, 0x21, 0x8d, 0x3a, 0x55, 
	
};

ALIGNED8 u8 ss1_space_space32_7_ci8[] = {
	0x00, 0x01, 0x02, 0x02, 0x02, 0x02, 0x02, 0x02, 
	0x02, 0x02, 0x02, 0x02, 0x02, 0x02, 0x02, 0x02, 
	0x02, 0x02, 0x02, 0x02, 0x02, 0x02, 0x02, 0x02, 
	0x02, 0x02, 0x02, 0x02, 0x02, 0x02, 0x03, 0x04, 
	0x05, 0x01, 0x06, 0x07, 0x06, 0x07, 0x06, 0x07, 
	0x06, 0x07, 0x06, 0x07, 0x06, 0x07, 0x06, 0x07, 
	0x06, 0x07, 0x06, 0x07, 0x06, 0x07, 0x06, 0x07, 
	0x06, 0x07, 0x06, 0x07, 0x06, 0x07, 0x04, 0x08, 
	0x00, 0x01, 0x09, 0x0a, 0x0b, 0x0b, 0x0b, 0x0b, 
	0x0c, 0x0d, 0x0e, 0x0f, 0x09, 0x0a, 0x0b, 0x0b, 
	0x0b, 0x0b, 0x0c, 0x0d, 0x0e, 0x0f, 0x09, 0x0a, 
	0x0b, 0x0b, 0x0b, 0x0b, 0x0c, 0x0d, 0x0e, 0x0f, 
	0x05, 0x01, 0x10, 0x11, 0x12, 0x12, 0x12, 0x12, 
	0x13, 0x14, 0x15, 0x16, 0x10, 0x11, 0x12, 0x12, 
	0x12, 0x12, 0x13, 0x14, 0x15, 0x16, 0x10, 0x11, 
	0x12, 0x12, 0x12, 0x12, 0x13, 0x14, 0x15, 0x16, 
	0x00, 0x01, 0x17, 0x18, 0x19, 0x1a, 0x19, 0x1a, 
	0x1b, 0x1c, 0x1d, 0x1e, 0x17, 0x18, 0x19, 0x1a, 
	0x19, 0x1a, 0x1b, 0x1c, 0x1d, 0x1e, 0x17, 0x18, 
	0x19, 0x1a, 0x19, 0x1a, 0x1b, 0x1c, 0x1f, 0x20, 
	0x05, 0x01, 0x21, 0x22, 0x23, 0x1a, 0x23, 0x1a, 
	0x24, 0x25, 0x26, 0x27, 0x21, 0x22, 0x23, 0x1a, 
	0x23, 0x1a, 0x24, 0x25, 0x26, 0x27, 0x21, 0x22, 
	0x23, 0x1a, 0x23, 0x1a, 0x24, 0x25, 0x28, 0x29, 
	0x00, 0x01, 0x17, 0x18, 0x19, 0x1a, 0x19, 0x1a, 
	0x2a, 0x2b, 0x1d, 0x1e, 0x17, 0x18, 0x19, 0x1a, 
	0x19, 0x1a, 0x2a, 0x2b, 0x1d, 0x1e, 0x17, 0x18, 
	0x19, 0x1a, 0x19, 0x1a, 0x2a, 0x2b, 0x1f, 0x20, 
	0x05, 0x01, 0x21, 0x22, 0x23, 0x1a, 0x23, 0x1a, 
	0x2c, 0x2d, 0x26, 0x27, 0x21, 0x22, 0x23, 0x1a, 
	0x23, 0x1a, 0x2c, 0x2d, 0x26, 0x27, 0x21, 0x22, 
	0x23, 0x1a, 0x23, 0x1a, 0x2c, 0x2d, 0x28, 0x29, 
	0x00, 0x01, 0x2e, 0x2f, 0x30, 0x31, 0x30, 0x31, 
	0x30, 0x31, 0x1d, 0x1e, 0x2e, 0x2f, 0x30, 0x31, 
	0x30, 0x31, 0x30, 0x31, 0x1d, 0x1e, 0x2e, 0x2f, 
	0x30, 0x31, 0x30, 0x31, 0x30, 0x31, 0x1d, 0x1e, 
	0x05, 0x01, 0x32, 0x33, 0x34, 0x35, 0x34, 0x35, 
	0x34, 0x35, 0x26, 0x27, 0x32, 0x33, 0x34, 0x35, 
	0x34, 0x35, 0x34, 0x35, 0x26, 0x27, 0x32, 0x33, 
	0x34, 0x35, 0x34, 0x35, 0x34, 0x35, 0x26, 0x27, 
	0x00, 0x01, 0x06, 0x07, 0x06, 0x07, 0x06, 0x07, 
	0x06, 0x07, 0x02, 0x02, 0x06, 0x07, 0x06, 0x07, 
	0x06, 0x07, 0x06, 0x07, 0x02, 0x02, 0x06, 0x07, 
	0x06, 0x07, 0x06, 0x07, 0x06, 0x07, 0x03, 0x04, 
	0x05, 0x01, 0x36, 0x37, 0x36, 0x37, 0x36, 0x37, 
	0x36, 0x37, 0x06, 0x07, 0x36, 0x37, 0x36, 0x37, 
	0x36, 0x37, 0x36, 0x37, 0x06, 0x07, 0x36, 0x37, 
	0x36, 0x37, 0x36, 0x37, 0x36, 0x37, 0x04, 0x08, 
	0x38, 0x39, 0x3a, 0x3b, 0x1f, 0x20, 0x3c, 0x3d, 
	0x3a, 0x3b, 0x3a, 0x3b, 0x00, 0x01, 0x38, 0x39, 
	0x3a, 0x3b, 0x1f, 0x20, 0x3c, 0x3d, 0x3a, 0x3b, 
	0x3a, 0x3b, 0x38, 0x39, 0x00, 0x01, 0x3c, 0x3d, 
	0x3e, 0x3f, 0x40, 0x41, 0x28, 0x29, 0x42, 0x43, 
	0x40, 0x41, 0x40, 0x41, 0x05, 0x01, 0x3e, 0x3f, 
	0x40, 0x41, 0x28, 0x29, 0x42, 0x43, 0x40, 0x41, 
	0x40, 0x41, 0x3e, 0x3f, 0x05, 0x01, 0x42, 0x43, 
	0x44, 0x45, 0x46, 0x47, 0x46, 0x47, 0x46, 0x47, 
	0x46, 0x47, 0x46, 0x47, 0x44, 0x45, 0x44, 0x45, 
	0x46, 0x47, 0x46, 0x47, 0x46, 0x47, 0x46, 0x47, 
	0x46, 0x47, 0x44, 0x45, 0x46, 0x47, 0x48, 0x49, 
	0x4a, 0x4b, 0x4c, 0x4c, 0x4c, 0x4c, 0x4c, 0x4c, 
	0x4c, 0x4c, 0x4c, 0x4c, 0x4a, 0x4b, 0x4a, 0x4b, 
	0x4c, 0x4c, 0x4c, 0x4c, 0x4c, 0x4c, 0x4c, 0x4c, 
	0x4c, 0x4c, 0x4a, 0x4b, 0x4c, 0x4c, 0x4d, 0x4e, 
	0x4f, 0x4c, 0x4f, 0x4c, 0x4f, 0x4c, 0x4f, 0x4c, 
	0x4f, 0x4c, 0x4f, 0x4c, 0x4f, 0x4c, 0x4f, 0x4c, 
	0x50, 0x50, 0x50, 0x50, 0x50, 0x50, 0x50, 0x50, 
	0x50, 0x50, 0x50, 0x50, 0x4c, 0x51, 0x4c, 0x51, 
	0x4f, 0x4a, 0x4f, 0x4a, 0x4f, 0x4a, 0x4f, 0x4a, 
	0x4f, 0x4a, 0x4f, 0x4a, 0x4f, 0x4a, 0x4f, 0x4a, 
	0x4c, 0x4c, 0x4c, 0x4c, 0x4c, 0x4c, 0x4c, 0x4c, 
	0x4c, 0x4c, 0x4c, 0x4c, 0x52, 0x53, 0x52, 0x53, 
	0x54, 0x55, 0x54, 0x55, 0x56, 0x56, 0x54, 0x55, 
	0x57, 0x4a, 0x54, 0x55, 0x58, 0x54, 0x57, 0x4a, 
	0x54, 0x55, 0x58, 0x54, 0x58, 0x54, 0x56, 0x56, 
	0x54, 0x55, 0x58, 0x54, 0x54, 0x55, 0x57, 0x4a, 
	0x59, 0x59, 0x59, 0x59, 0x5a, 0x5b, 0x59, 0x59, 
	0x5c, 0x5d, 0x59, 0x59, 0x5d, 0x5d, 0x5c, 0x5d, 
	0x59, 0x59, 0x5d, 0x5d, 0x5d, 0x5d, 0x5a, 0x5b, 
	0x59, 0x59, 0x5d, 0x5d, 0x59, 0x59, 0x5c, 0x5d, 
	0x5e, 0x5f, 0x5e, 0x5f, 0x60, 0x61, 0x62, 0x60, 
	0x5e, 0x63, 0x5e, 0x5e, 0x60, 0x61, 0x62, 0x60, 
	0x5e, 0x5f, 0x5e, 0x63, 0x5e, 0x64, 0x60, 0x61, 
	0x62, 0x60, 0x5e, 0x63, 0x5e, 0x5e, 0x5b, 0x60, 
	0x64, 0x5e, 0x64, 0x5e, 0x5f, 0x5e, 0x61, 0x64, 
	0x5e, 0x63, 0x65, 0x66, 0x5f, 0x5e, 0x61, 0x64, 
	0x64, 0x5e, 0x5e, 0x63, 0x5e, 0x5e, 0x5f, 0x5e, 
	0x61, 0x64, 0x5e, 0x63, 0x65, 0x66, 0x5e, 0x67, 
	0x68, 0x69, 0x5e, 0x5f, 0x5e, 0x5f, 0x68, 0x69, 
	0x5e, 0x5f, 0x5e, 0x5f, 0x5e, 0x64, 0x5e, 0x5f, 
	0x5e, 0x63, 0x5e, 0x63, 0x5e, 0x5e, 0x5e, 0x63, 
	0x5e, 0x5e, 0x6a, 0x66, 0x6b, 0x6c, 0x6d, 0x66, 
	0x5e, 0x67, 0x64, 0x5e, 0x64, 0x5e, 0x5e, 0x67, 
	0x64, 0x5e, 0x64, 0x5e, 0x5e, 0x5e, 0x64, 0x5e, 
	0x5e, 0x63, 0x5e, 0x63, 0x65, 0x66, 0x5e, 0x63, 
	0x65, 0x66, 0x6a, 0x6e, 0x66, 0x6f, 0x70, 0x71, 
	0x5e, 0x5e, 0x5e, 0x63, 0x68, 0x69, 0x67, 0x65, 
	0x67, 0x65, 0x6a, 0x6a, 0x6a, 0x6a, 0x62, 0x60, 
	0x5e, 0x5f, 0x6a, 0x6a, 0x6a, 0x6a, 0x67, 0x65, 
	0x6a, 0x6a, 0x6a, 0x66, 0x5e, 0x5e, 0x6b, 0x6c, 
	0x65, 0x66, 0x5e, 0x63, 0x5e, 0x67, 0x72, 0x73, 
	0x72, 0x73, 0x64, 0x60, 0x64, 0x60, 0x61, 0x64, 
	0x64, 0x5e, 0x64, 0x60, 0x64, 0x60, 0x72, 0x73, 
	0x64, 0x60, 0x6a, 0x6e, 0x65, 0x66, 0x66, 0x6f, 
	0x65, 0x66, 0x65, 0x66, 0x65, 0x66, 0x65, 0x66, 
	0x65, 0x66, 0x64, 0x64, 0x65, 0x66, 0x59, 0x74, 
	0x65, 0x66, 0x65, 0x66, 0x59, 0x74, 0x65, 0x66, 
	0x65, 0x66, 0x65, 0x66, 0x65, 0x66, 0x65, 0x66, 
	0x75, 0x75, 0x75, 0x75, 0x75, 0x75, 0x75, 0x75, 
	0x75, 0x75, 0x76, 0x77, 0x75, 0x75, 0x78, 0x79, 
	0x75, 0x75, 0x75, 0x75, 0x78, 0x79, 0x75, 0x75, 
	0x75, 0x75, 0x75, 0x75, 0x75, 0x75, 0x75, 0x75, 
	0x7a, 0x7a, 0x7a, 0x7a, 0x7b, 0x7b, 0x7b, 0x7b, 
	0x7b, 0x7b, 0x7c, 0x7d, 0x7c, 0x7d, 0x7c, 0x7d, 
	0x7b, 0x7b, 0x7c, 0x7d, 0x7b, 0x7b, 0x7b, 0x7b, 
	0x7b, 0x7b, 0x7b, 0x7b, 0x7a, 0x7a, 0x7a, 0x7a, 
	0x7e, 0x7e, 0x7e, 0x7e, 0x7f, 0x7f, 0x7f, 0x7f, 
	0x7f, 0x7f, 0x79, 0x79, 0x79, 0x79, 0x79, 0x79, 
	0x7f, 0x7f, 0x79, 0x79, 0x7f, 0x7f, 0x7f, 0x7f, 
	0x7f, 0x7f, 0x7f, 0x7f, 0x7e, 0x7e, 0x7e, 0x7e, 
	0x80, 0x80, 0x80, 0x80, 0x80, 0x80, 0x81, 0x81, 
	0x81, 0x81, 0x6b, 0x6c, 0x6a, 0x66, 0x6b, 0x6c, 
	0x6d, 0x66, 0x82, 0x82, 0x81, 0x81, 0x81, 0x81, 
	0x81, 0x81, 0x80, 0x80, 0x80, 0x80, 0x80, 0x80, 
	0x83, 0x83, 0x83, 0x83, 0x83, 0x83, 0x84, 0x84, 
	0x84, 0x84, 0x66, 0x6f, 0x6a, 0x6e, 0x66, 0x6f, 
	0x70, 0x71, 0x85, 0x70, 0x84, 0x84, 0x84, 0x84, 
	0x84, 0x84, 0x83, 0x83, 0x83, 0x83, 0x83, 0x83, 
	
};

ALIGNED8 u8 ss1_space_space32_7_pal_rgba16[] = {
	0x29, 0x4f, 0x39, 0x4b, 0x49, 0xcb, 0x41, 0xcd, 
	0x41, 0x8b, 0x29, 0x4d, 0x39, 0x47, 0x31, 0x05, 
	0x73, 0x15, 0x49, 0xc9, 0x6a, 0x8b, 0x51, 0xc3, 
	0x72, 0x8b, 0x49, 0x87, 0x49, 0x89, 0x39, 0x89, 
	0xa4, 0x5b, 0xff, 0xa7, 0xe6, 0x5b, 0xff, 0x27, 
	0x93, 0x95, 0x93, 0x91, 0x6a, 0xcf, 0xbc, 0xdf, 
	0xff, 0xa9, 0xff, 0xa3, 0xff, 0xe5, 0xef, 0x2d, 
	0x8b, 0x53, 0x9b, 0xdb, 0x41, 0x8d, 0xac, 0xe1, 
	0x7b, 0x59, 0xb4, 0x9d, 0xff, 0xe9, 0xff, 0xe3, 
	0xff, 0xaf, 0x8b, 0x13, 0x7a, 0x93, 0x41, 0x4b, 
	0xac, 0x5f, 0x72, 0xd7, 0xff, 0xef, 0xe5, 0xe5, 
	0xff, 0xf3, 0xfe, 0xef, 0x93, 0x9b, 0xff, 0x6d, 
	0xff, 0x6b, 0xf6, 0x65, 0x6a, 0x53, 0x7a, 0x91, 
	0x83, 0x11, 0x72, 0x8f, 0x29, 0x03, 0x28, 0xc1, 
	0x10, 0x49, 0x30, 0xcf, 0x52, 0x11, 0x08, 0x09, 
	0x39, 0x4d, 0xce, 0x25, 0x18, 0x4b, 0x38, 0xcf, 
	0x49, 0xd1, 0x10, 0x0b, 0x41, 0x0d, 0xcd, 0xa3, 
	0x10, 0x05, 0x31, 0x0b, 0x28, 0xcb, 0x10, 0x07, 
	0x20, 0x49, 0x20, 0x4b, 0x6b, 0x31, 0x73, 0x73, 
	0x6b, 0x73, 0x52, 0xeb, 0x4a, 0xa5, 0x6b, 0x33, 
	0x7b, 0xb7, 0x63, 0x71, 0x73, 0xb7, 0x73, 0xb5, 
	0x5a, 0xf1, 0x62, 0xef, 0x5a, 0xef, 0x63, 0x31, 
	0x62, 0xf1, 0x52, 0xab, 0x52, 0xf1, 0x52, 0xad, 
	0x5a, 0xed, 0x5a, 0xad, 0x4a, 0x67, 0x52, 0x67, 
	0x4a, 0x6b, 0x52, 0x69, 0x4a, 0xa9, 0x4a, 0x25, 
	0x4a, 0x69, 0x4a, 0x27, 0x42, 0x27, 0x42, 0x67, 
	0x52, 0xa7, 0x4a, 0xa7, 0x42, 0x29, 0x41, 0xe9, 
	0x39, 0xe7, 0x42, 0x25, 0x3a, 0x27, 0x41, 0xe5, 
	0x39, 0xe3, 0x39, 0xa3, 0x42, 0x6b, 0x42, 0x2b, 
	0x52, 0x6b, 0x31, 0x9d, 0x41, 0xe3, 0x4a, 0x23, 
	0x39, 0xdf, 0x39, 0x9f, 0x21, 0x11, 0x21, 0x13, 
	0x31, 0x53, 0x29, 0x13, 0x21, 0x17, 0x31, 0x5b, 
	0x31, 0x5f, 0x31, 0xa3, 0x41, 0xa5, 0x31, 0x5d, 
	0x31, 0xa1, 0x39, 0xa1, 
};

ALIGNED8 u8 ss1_space_y_co8_11_ci4[] = {
	0x00, 0x00, 0x00, 0x00, 0x00, 0x01, 0x10, 0x00, 
	0x00, 0x11, 0x11, 0x00, 0x01, 0x11, 0x11, 0x10, 
	0x01, 0x11, 0x11, 0x10, 0x00, 0x11, 0x11, 0x00, 
	0x00, 0x01, 0x10, 0x00, 0x00, 0x00, 0x00, 0x00, 
	
};

ALIGNED8 u8 ss1_space_y_co8_11_pal_rgba16[] = {
	0x57, 0x76, 0x57, 0x77, 
};

ALIGNED8 u8 ss1_space_earth512_2_ci4[] = {
	0x00, 0x00, 0x00, 0x00, 0x00, 0x00, 0x00, 0x00, 
	0x00, 0x00, 0x00, 0x00, 0x00, 0x00, 0x00, 0x00, 
	0x00, 0x00, 0x00, 0x00, 0x00, 0x00, 0x00, 0x00, 
	0x00, 0x00, 0x00, 0x00, 0x00, 0x00, 0x00, 0x00, 
	0x00, 0x00, 0x00, 0x00, 0x00, 0x00, 0x00, 0x00, 
	0x00, 0x00, 0x00, 0x00, 0x12, 0x34, 0x44, 0x44, 
	0x54, 0x45, 0x55, 0x00, 0x00, 0x00, 0x00, 0x00, 
	0x00, 0x00, 0x00, 0x00, 0x00, 0x00, 0x00, 0x00, 
	0x00, 0x00, 0x00, 0x00, 0x00, 0x00, 0x00, 0x00, 
	0x00, 0x00, 0x03, 0x26, 0x34, 0x44, 0x02, 0x25, 
	0x55, 0x55, 0x55, 0x55, 0x55, 0x00, 0x00, 0x00, 
	0x00, 0x00, 0x00, 0x00, 0x00, 0x00, 0x00, 0x00, 
	0x00, 0x00, 0x00, 0x00, 0x00, 0x00, 0x00, 0x00, 
	0x00, 0x26, 0x27, 0x61, 0x13, 0x75, 0x55, 0x45, 
	0x55, 0x55, 0x85, 0x55, 0x55, 0x55, 0x00, 0x00, 
	0x00, 0x00, 0x00, 0x00, 0x00, 0x00, 0x00, 0x00, 
	0x00, 0x00, 0x00, 0x00, 0x00, 0x00, 0x00, 0x00, 
	0x22, 0x12, 0x16, 0x23, 0x96, 0x55, 0xa5, 0xb8, 
	0x55, 0x85, 0x58, 0x58, 0x88, 0x88, 0x48, 0x20, 
	0x00, 0x00, 0x00, 0x00, 0x00, 0x00, 0x00, 0x00, 
	0x00, 0x00, 0x00, 0x00, 0x00, 0x00, 0x00, 0x01, 
	0x66, 0x72, 0x26, 0x69, 0x79, 0x74, 0xb5, 0x58, 
	0x85, 0x88, 0x88, 0x85, 0x58, 0x58, 0x88, 0x52, 
	0x00, 0x00, 0x00, 0x00, 0x00, 0x00, 0x00, 0x00, 
	0x00, 0x00, 0x00, 0x00, 0x00, 0x00, 0x06, 0x71, 
	0x66, 0x16, 0x17, 0xcc, 0xcd, 0x99, 0x65, 0x55, 
	0x88, 0x88, 0x84, 0x44, 0x58, 0x44, 0x88, 0x88, 
	0x52, 0x00, 0x00, 0x00, 0x00, 0x00, 0x00, 0x00, 
	0x00, 0x00, 0x00, 0x00, 0x00, 0x00, 0x66, 0x62, 
	0x26, 0x11, 0x77, 0x37, 0x15, 0xe3, 0x12, 0x31, 
	0x6d, 0xd8, 0xd8, 0xd8, 0x55, 0x88, 0x5b, 0x58, 
	0x84, 0x10, 0x00, 0x00, 0x00, 0x00, 0x00, 0x00, 
	0x00, 0x00, 0x00, 0x00, 0x00, 0x01, 0x21, 0x66, 
	0x62, 0x19, 0xc9, 0xce, 0x5e, 0x06, 0x36, 0x76, 
	0x38, 0xd8, 0x88, 0xdd, 0x8d, 0xd5, 0x88, 0x55, 
	0xd8, 0x36, 0x10, 0x00, 0x00, 0x00, 0x00, 0x00, 
	0x00, 0x00, 0x00, 0x00, 0x00, 0x17, 0x7c, 0x76, 
	0x66, 0x3c, 0x69, 0x55, 0x30, 0x33, 0x23, 0x33, 
	0x38, 0xd8, 0xd8, 0xde, 0x98, 0xc7, 0x75, 0x84, 
	0x88, 0xd8, 0x66, 0x00, 0x00, 0x00, 0x00, 0x00, 
	0x00, 0x00, 0x00, 0x00, 0x06, 0x77, 0x9c, 0x66, 
	0x13, 0x67, 0x90, 0x33, 0x53, 0xa3, 0x33, 0xaa, 
	0x34, 0xd8, 0xdd, 0xcc, 0xa7, 0x79, 0x99, 0x88, 
	0x55, 0xdd, 0x01, 0x60, 0x00, 0x00, 0x00, 0x00, 
	0x00, 0x00, 0x00, 0x00, 0x16, 0x1c, 0xc7, 0x63, 
	0x36, 0x1e, 0xe0, 0x03, 0x33, 0x3a, 0xa2, 0x29, 
	0x55, 0x8d, 0xd8, 0x83, 0x36, 0x77, 0x1c, 0x54, 
	0x45, 0x08, 0x80, 0x61, 0x00, 0x00, 0x00, 0x00, 
	0x00, 0x00, 0x00, 0x06, 0x19, 0x77, 0xf6, 0x12, 
	0xd4, 0x44, 0x85, 0x86, 0x33, 0xaa, 0xa6, 0x62, 
	0xc3, 0x8d, 0xd8, 0x06, 0x99, 0xc1, 0xdc, 0x97, 
	0x67, 0x78, 0x56, 0x66, 0x60, 0x00, 0x00, 0x00, 
	0x00, 0x00, 0x00, 0x66, 0x16, 0x36, 0xff, 0x28, 
	0xd5, 0x50, 0x58, 0x11, 0xaa, 0xaa, 0xaa, 0xaa, 
	0x36, 0x4b, 0xd8, 0x02, 0x23, 0x36, 0xd1, 0x93, 
	0x32, 0x68, 0x58, 0x97, 0x60, 0x00, 0x00, 0x00, 
	0x00, 0x00, 0x00, 0xf6, 0x21, 0x2f, 0xff, 0x08, 
	0xd5, 0x8e, 0x01, 0x3a, 0xaa, 0xaa, 0x1a, 0x23, 
	0x3c, 0x38, 0x3b, 0x22, 0xbb, 0x6a, 0xd7, 0x3a, 
	0xaa, 0xc8, 0x85, 0x59, 0x96, 0x00, 0x00, 0x00, 
	0x00, 0x00, 0x0f, 0x61, 0x32, 0x63, 0xa1, 0x55, 
	0xd5, 0xd0, 0x63, 0x33, 0x1a, 0xaa, 0xa3, 0x31, 
	0xda, 0x6a, 0x33, 0xa2, 0xd6, 0x9a, 0xd6, 0x3b, 
	0xaa, 0x69, 0xd8, 0x8e, 0x37, 0x70, 0x00, 0x00, 
	0x00, 0x00, 0x6f, 0x76, 0x30, 0x32, 0x23, 0x90, 
	0x77, 0x33, 0x36, 0x3a, 0x33, 0x33, 0x07, 0x93, 
	0x3c, 0x3a, 0xaa, 0x60, 0xd1, 0x97, 0x9d, 0xc3, 
	0x8a, 0x17, 0xd5, 0x8c, 0x99, 0x70, 0x00, 0x00, 
	0x00, 0x00, 0x6f, 0x23, 0x36, 0x33, 0x36, 0xf3, 
	0xd1, 0x1a, 0xb6, 0x33, 0x30, 0x37, 0x31, 0xa2, 
	0x3a, 0xaa, 0xb4, 0xaa, 0xb6, 0x69, 0xd7, 0x02, 
	0x2a, 0xa0, 0x85, 0x89, 0x97, 0x76, 0x00, 0x00, 
	0x00, 0x06, 0x99, 0x23, 0xf1, 0x63, 0x66, 0x69, 
	0xa2, 0xa3, 0x11, 0x33, 0xa3, 0x7a, 0x13, 0xaa, 
	0xaa, 0xa5, 0xdd, 0xa3, 0x93, 0x1d, 0xc6, 0x66, 
	0xa3, 0x58, 0x88, 0xd8, 0x07, 0x77, 0x00, 0x00, 
	0x00, 0x07, 0x71, 0x32, 0x12, 0x33, 0xff, 0x31, 
	0x93, 0xfa, 0xa2, 0x33, 0x11, 0x1a, 0x3a, 0xaa, 
	0x41, 0xa5, 0xb8, 0xb2, 0x11, 0x73, 0x23, 0x63, 
	0x00, 0x05, 0x88, 0x88, 0xe7, 0x77, 0x60, 0x00, 
	0x00, 0x09, 0x77, 0x3a, 0x12, 0x6a, 0x2f, 0xa1, 
	0xd2, 0xaa, 0xf2, 0xb1, 0x21, 0x33, 0xaa, 0x6a, 
	0xaa, 0x85, 0xd4, 0x32, 0x66, 0x67, 0x36, 0x1a, 
	0xa5, 0x85, 0x85, 0xd8, 0x56, 0x77, 0x70, 0x00, 
	0x00, 0x77, 0x6c, 0x3a, 0x33, 0xa6, 0x2d, 0x3c, 
	0xdc, 0xd2, 0xb6, 0xab, 0xa6, 0xa1, 0xaa, 0x3a, 
	0xaa, 0xa4, 0xd5, 0xaa, 0xad, 0x11, 0x6b, 0xaa, 
	0x63, 0x88, 0x75, 0x58, 0x85, 0x77, 0xf6, 0x00, 
	0x00, 0x96, 0x62, 0x19, 0xa1, 0x0b, 0x3d, 0x9d, 
	0x02, 0xb1, 0x2a, 0xa2, 0x7a, 0xaa, 0xaa, 0xaa, 
	0xaa, 0xaa, 0x44, 0xaa, 0x33, 0x1a, 0xba, 0xca, 
	0x7a, 0x41, 0x91, 0x24, 0x55, 0x17, 0x77, 0x00, 
	0x00, 0x97, 0xc3, 0x22, 0xa3, 0x1c, 0x66, 0x3c, 
	0xa9, 0xcc, 0xaa, 0x39, 0x36, 0x6a, 0xaa, 0xaa, 
	0xaa, 0xaa, 0x48, 0x13, 0xa3, 0xa1, 0x37, 0x3a, 
	0x9b, 0xd9, 0x66, 0x63, 0x55, 0x31, 0x77, 0x00, 
	0x06, 0x71, 0xc1, 0x7c, 0x36, 0x37, 0xd7, 0xa1, 
	0x23, 0x2a, 0xa6, 0xc9, 0x1a, 0xaa, 0xaa, 0x3a, 
	0xaa, 0xaa, 0xa5, 0x58, 0x81, 0xa6, 0xa1, 0xa3, 
	0xa7, 0x73, 0x97, 0x12, 0x20, 0xa9, 0x77, 0x60, 
	0x06, 0x96, 0x62, 0x67, 0xcf, 0x76, 0xc9, 0x37, 
	0xc6, 0xdc, 0x33, 0x16, 0xca, 0x6a, 0x3a, 0xaa, 
	0xa3, 0x23, 0x36, 0x88, 0x87, 0x61, 0xaa, 0x23, 
	0xaa, 0xc1, 0x79, 0xa3, 0x39, 0x33, 0x77, 0x60, 
	0x07, 0x76, 0x61, 0x6d, 0x16, 0x37, 0x63, 0x3c, 
	0x66, 0xdc, 0x77, 0x61, 0x3a, 0xa3, 0xaa, 0x32, 
	0x33, 0x11, 0xc6, 0x45, 0xd8, 0x6d, 0x93, 0x63, 
	0x13, 0x3d, 0x76, 0x7a, 0x62, 0x15, 0x4d, 0x60, 
	0x07, 0x73, 0x07, 0x16, 0x92, 0x2c, 0x6b, 0x33, 
	0x3c, 0xad, 0x37, 0x72, 0x67, 0x23, 0x6a, 0xaa, 
	0xaa, 0xa1, 0x71, 0xdd, 0xd8, 0x9d, 0x36, 0xc6, 
	0x72, 0xa9, 0x9c, 0xcc, 0x67, 0x95, 0xb9, 0x10, 
	0x09, 0x1b, 0x56, 0x6f, 0x67, 0x73, 0x63, 0x13, 
	0x36, 0x73, 0x27, 0xda, 0xaa, 0xa3, 0x3a, 0xaa, 
	0x3a, 0x3a, 0x7d, 0x8d, 0xd8, 0x5c, 0x61, 0x7c, 
	0x7c, 0x36, 0xcd, 0x97, 0x63, 0x5e, 0xa7, 0xe0, 
	0x07, 0x15, 0x50, 0x6f, 0x9c, 0x79, 0x76, 0x16, 
	0x33, 0x63, 0x64, 0xb7, 0x33, 0x6a, 0xa3, 0x3a, 
	0xa3, 0xa5, 0xd8, 0xdd, 0x8d, 0xd8, 0x6b, 0x77, 
	0x6a, 0x9c, 0xcd, 0xcc, 0x15, 0x55, 0x57, 0x50, 
	0x06, 0xf8, 0x85, 0x3d, 0x92, 0x76, 0xf6, 0xfc, 
	0x9a, 0x64, 0x5d, 0xdd, 0xd5, 0x66, 0x63, 0x13, 
	0xa3, 0xaa, 0xdd, 0xdd, 0xdd, 0xdd, 0xaa, 0x39, 
	0xab, 0x19, 0xcd, 0x7c, 0x35, 0x58, 0x85, 0x50, 
	0x06, 0x78, 0x54, 0x4d, 0xc6, 0x62, 0x17, 0xf7, 
	0xf3, 0x94, 0xdd, 0xb8, 0x5d, 0x69, 0x61, 0x03, 
	0x13, 0x3b, 0x8d, 0xdd, 0x88, 0xd5, 0xd9, 0x9c, 
	0xc2, 0x17, 0x7c, 0xaa, 0x38, 0x58, 0x55, 0x50, 
	0x01, 0x05, 0x55, 0x4d, 0x6d, 0x76, 0x7f, 0x6b, 
	0x60, 0xdd, 0xdd, 0x55, 0xd8, 0xf2, 0x62, 0xf1, 
	0x9b, 0x05, 0xd8, 0xd8, 0xd8, 0xd8, 0x85, 0x91, 
	0x76, 0x29, 0xdd, 0x9e, 0x08, 0x88, 0x55, 0x50, 
	0x06, 0x05, 0x88, 0x57, 0x61, 0x78, 0x7d, 0x71, 
	0x58, 0xd8, 0xd8, 0x4d, 0xd5, 0x60, 0x82, 0xff, 
	0x26, 0xd3, 0x88, 0xdd, 0xc8, 0xdd, 0xd8, 0x91, 
	0x67, 0xa5, 0x88, 0xdd, 0x88, 0x88, 0x55, 0x50, 
	0x06, 0x68, 0x88, 0x8d, 0x88, 0x44, 0x6c, 0x98, 
	0x8d, 0xdd, 0xd4, 0xb8, 0x50, 0x33, 0xcb, 0xf2, 
	0x26, 0x2c, 0x4d, 0xd8, 0x99, 0xdd, 0x85, 0x87, 
	0xc9, 0x4d, 0xdd, 0xdd, 0x8d, 0x88, 0x55, 0x50, 
	0x07, 0x55, 0x88, 0x8d, 0x8d, 0xd8, 0xd3, 0x73, 
	0xdd, 0x48, 0xd8, 0x58, 0xdd, 0x4d, 0xaa, 0xaa, 
	0xab, 0x6c, 0xdd, 0xdc, 0xa3, 0xad, 0xdc, 0x87, 
	0x90, 0x58, 0xdd, 0x8d, 0xd5, 0x88, 0x85, 0x50, 
	0x00, 0x75, 0x58, 0xdd, 0xd8, 0x88, 0x84, 0x84, 
	0xdc, 0xd8, 0xd8, 0x25, 0x8d, 0x8d, 0x40, 0x21, 
	0x8c, 0x12, 0xdd, 0xc6, 0x1a, 0xdd, 0xdd, 0xc7, 
	0x98, 0x5d, 0xdd, 0xdd, 0x88, 0xd8, 0x85, 0x50, 
	0x00, 0xe8, 0x88, 0x88, 0x8d, 0xdd, 0xdd, 0xed, 
	0x9d, 0x4d, 0xdd, 0x6d, 0x5d, 0xd8, 0xd5, 0x0c, 
	0x87, 0x32, 0xd6, 0x6a, 0xaa, 0xc9, 0xcd, 0x9d, 
	0x9c, 0x9c, 0xdd, 0xdd, 0xd8, 0x88, 0x85, 0xe0, 
	0x00, 0x55, 0x88, 0x8d, 0xdd, 0x88, 0xd5, 0x19, 
	0x45, 0xdd, 0xdd, 0xd7, 0xdd, 0x8d, 0x0c, 0xd5, 
	0xcd, 0x3d, 0xc9, 0xa1, 0x9a, 0xdd, 0xac, 0xdc, 
	0x66, 0x7c, 0xcc, 0xcd, 0xd8, 0x88, 0x55, 0x50, 
	0x00, 0x58, 0x88, 0x55, 0xd4, 0xc0, 0xa9, 0x1a, 
	0x3d, 0xd6, 0xdd, 0xdd, 0x8d, 0xdd, 0xdf, 0x85, 
	0x44, 0x8c, 0xd7, 0x31, 0x19, 0xda, 0xdc, 0x79, 
	0x27, 0x96, 0xdc, 0x9d, 0xd4, 0xd5, 0x55, 0x00, 
	0x00, 0x65, 0x88, 0x45, 0xd3, 0xf3, 0x36, 0x13, 
	0xa4, 0x3d, 0xdd, 0x8d, 0xd8, 0xd8, 0x57, 0xff, 
	0x68, 0x4c, 0xca, 0xa6, 0x6c, 0x77, 0x39, 0xc7, 
	0x9d, 0x7c, 0xdc, 0x8d, 0x88, 0x48, 0x85, 0x00, 
	0x00, 0x78, 0x88, 0x8d, 0x83, 0xc3, 0xa1, 0x1a, 
	0x29, 0x9d, 0xd8, 0xd9, 0xd8, 0xd8, 0xdf, 0xf7, 
	0xf6, 0x77, 0xda, 0x31, 0x3a, 0xa6, 0x97, 0xc9, 
	0xc7, 0x6d, 0x6c, 0x45, 0x4d, 0x48, 0x8e, 0x00, 
	0x00, 0x79, 0x54, 0x84, 0xd2, 0xc3, 0x39, 0x1a, 
	0x7c, 0x1d, 0x58, 0xd4, 0x98, 0x8d, 0x8e, 0xf7, 
	0x96, 0x11, 0x1a, 0xb3, 0x79, 0xaa, 0x97, 0xc9, 
	0xcc, 0xd7, 0x7a, 0xd8, 0x48, 0x58, 0x80, 0x00, 
	0x00, 0x07, 0x84, 0x44, 0x43, 0x22, 0x36, 0x7c, 
	0xc7, 0x19, 0x16, 0xc8, 0xe0, 0x7f, 0xff, 0xff, 
	0xdc, 0x01, 0x32, 0x22, 0x1a, 0xba, 0x66, 0x67, 
	0x17, 0xdc, 0xcc, 0xd4, 0x88, 0x88, 0x50, 0x00, 
	0x00, 0x07, 0x88, 0x58, 0x53, 0xa1, 0xa1, 0x16, 
	0x76, 0xa9, 0x6f, 0x30, 0xd0, 0x67, 0xff, 0x77, 
	0xa6, 0x02, 0x22, 0x0a, 0xac, 0xaa, 0xdd, 0x9d, 
	0xcd, 0xd7, 0x79, 0xcd, 0x58, 0x85, 0x60, 0x00, 
	0x00, 0x07, 0x68, 0x58, 0x82, 0x2a, 0xa3, 0x26, 
	0x17, 0x3d, 0xcc, 0x6c, 0xc5, 0xff, 0xf1, 0xd3, 
	0xa3, 0x03, 0x36, 0xa3, 0xaa, 0xab, 0x1d, 0xdd, 
	0xdd, 0x96, 0xa6, 0x6d, 0x4d, 0x88, 0x00, 0x00, 
	0x00, 0x00, 0x69, 0x85, 0xd1, 0xb6, 0xaa, 0x76, 
	0x3a, 0x7c, 0xcf, 0x66, 0xcc, 0x2f, 0x96, 0xc2, 
	0xa3, 0x23, 0x36, 0x32, 0xaa, 0x11, 0xdc, 0x0c, 
	0xc9, 0x16, 0x05, 0x85, 0x5d, 0x80, 0x00, 0x00, 
	0x00, 0x00, 0x09, 0x85, 0x55, 0x53, 0x26, 0x77, 
	0x1a, 0x6c, 0xd6, 0x33, 0x71, 0x12, 0x2c, 0xd2, 
	0x33, 0x36, 0xd1, 0x76, 0xa9, 0xad, 0x1a, 0x63, 
	0x71, 0x76, 0xe8, 0x45, 0xdd, 0x30, 0x00, 0x00, 
	0x00, 0x00, 0x00, 0x98, 0x48, 0x83, 0x32, 0x26, 
	0x76, 0x6c, 0x7a, 0x32, 0xa3, 0x36, 0xa7, 0x71, 
	0xa3, 0x16, 0xc7, 0x6a, 0xc6, 0xd9, 0xaa, 0x16, 
	0x69, 0xc9, 0x1c, 0xdd, 0x88, 0x00, 0x00, 0x00, 
	0x00, 0x00, 0x00, 0x79, 0x88, 0x42, 0x22, 0x79, 
	0x45, 0xc7, 0x3a, 0x23, 0x6a, 0x33, 0x31, 0x6c, 
	0x33, 0x67, 0xc9, 0xc9, 0xaa, 0xd3, 0x61, 0x19, 
	0x9c, 0xd9, 0x95, 0xdd, 0x56, 0x00, 0x00, 0x00, 
	0x00, 0x00, 0x00, 0x09, 0x8d, 0x4e, 0x5d, 0x99, 
	0x9e, 0xdd, 0x21, 0x73, 0xcc, 0x33, 0xa3, 0x33, 
	0x33, 0xa6, 0x69, 0xaa, 0x1a, 0xd6, 0x17, 0x66, 
	0xd9, 0x66, 0x2d, 0xd5, 0x60, 0x00, 0x00, 0x00, 
	0x00, 0x00, 0x00, 0x00, 0xe8, 0x86, 0x01, 0x99, 
	0x96, 0x16, 0x31, 0x1c, 0xaa, 0x3a, 0x37, 0xd2, 
	0x2a, 0xcd, 0x93, 0xad, 0x36, 0x92, 0x27, 0x17, 
	0x71, 0x39, 0x4d, 0x8e, 0x00, 0x00, 0x00, 0x00, 
	0x00, 0x00, 0x00, 0x00, 0x05, 0xd6, 0x20, 0xe9, 
	0x96, 0x26, 0x61, 0x23, 0x96, 0xd9, 0x30, 0xd6, 
	0x66, 0xcd, 0xd3, 0xc9, 0x13, 0xa6, 0x67, 0x23, 
	0x36, 0xc7, 0x88, 0x00, 0x00, 0x00, 0x00, 0x00, 
	0x00, 0x00, 0x00, 0x00, 0x00, 0x88, 0xf0, 0xee, 
	0x9c, 0xe7, 0x23, 0x63, 0x73, 0x9d, 0x23, 0xda, 
	0x61, 0x77, 0x61, 0x69, 0x27, 0xca, 0x27, 0xdc, 
	0xcc, 0xc2, 0x19, 0x00, 0x00, 0x00, 0x00, 0x00, 
	0x00, 0x00, 0x00, 0x00, 0x00, 0x06, 0x77, 0x69, 
	0x99, 0x90, 0x4d, 0x36, 0x29, 0xa9, 0x13, 0x66, 
	0x32, 0x39, 0x23, 0x33, 0x16, 0x26, 0x2d, 0x6c, 
	0x76, 0x61, 0xc0, 0x00, 0x00, 0x00, 0x00, 0x00, 
	0x00, 0x00, 0x00, 0x00, 0x00, 0x00, 0x69, 0x7e, 
	0x99, 0x97, 0x0e, 0x03, 0x76, 0xcd, 0x72, 0x32, 
	0x31, 0x63, 0x3a, 0x3a, 0x33, 0x26, 0x77, 0x6d, 
	0x79, 0x77, 0x00, 0x00, 0x00, 0x00, 0x00, 0x00, 
	0x00, 0x00, 0x00, 0x00, 0x00, 0x00, 0x07, 0x76, 
	0xe9, 0x99, 0x99, 0x05, 0xd2, 0x79, 0x99, 0xd6, 
	0x16, 0x11, 0x61, 0x33, 0x19, 0x11, 0xdd, 0x7c, 
	0x67, 0xe0, 0x00, 0x00, 0x00, 0x00, 0x00, 0x00, 
	0x00, 0x00, 0x00, 0x00, 0x00, 0x00, 0x00, 0x67, 
	0x77, 0x99, 0x99, 0xcc, 0x92, 0x96, 0x7c, 0x96, 
	0x3d, 0x61, 0xc1, 0x69, 0xcc, 0xdd, 0xdd, 0xd9, 
	0x90, 0x00, 0x00, 0x00, 0x00, 0x00, 0x00, 0x00, 
	0x00, 0x00, 0x00, 0x00, 0x00, 0x00, 0x00, 0x00, 
	0x67, 0x77, 0x99, 0x99, 0xc1, 0x66, 0x97, 0x12, 
	0x13, 0x12, 0x7c, 0xdd, 0xdd, 0xd9, 0x76, 0x97, 
	0x00, 0x00, 0x00, 0x00, 0x00, 0x00, 0x00, 0x00, 
	0x00, 0x00, 0x00, 0x00, 0x00, 0x00, 0x00, 0x00, 
	0x00, 0x07, 0xf6, 0x7f, 0x79, 0xc7, 0x66, 0x16, 
	0x11, 0xf2, 0x69, 0x6c, 0xd7, 0xcc, 0x17, 0x00, 
	0x00, 0x00, 0x00, 0x00, 0x00, 0x00, 0x00, 0x00, 
	0x00, 0x00, 0x00, 0x00, 0x00, 0x00, 0x00, 0x00, 
	0x00, 0x00, 0x76, 0x77, 0x77, 0x70, 0x61, 0x16, 
	0x26, 0x66, 0xc6, 0x67, 0xdd, 0xc7, 0x00, 0x00, 
	0x00, 0x00, 0x00, 0x00, 0x00, 0x00, 0x00, 0x00, 
	0x00, 0x00, 0x00, 0x00, 0x00, 0x00, 0x00, 0x00, 
	0x00, 0x00, 0x00, 0x09, 0xc6, 0x06, 0x67, 0x7c, 
	0x16, 0x77, 0x9d, 0x6c, 0xe0, 0x00, 0x00, 0x00, 
	0x00, 0x00, 0x00, 0x00, 0x00, 0x00, 0x00, 0x00, 
	0x00, 0x00, 0x00, 0x00, 0x00, 0x00, 0x00, 0x00, 
	0x00, 0x00, 0x00, 0x00, 0x00, 0x06, 0x97, 0x77, 
	0x77, 0x79, 0x60, 0x00, 0x00, 0x00, 0x00, 0x00, 
	0x00, 0x00, 0x00, 0x00, 0x00, 0x00, 0x00, 0x00, 
	0x00, 0x00, 0x00, 0x00, 0x00, 0x00, 0x00, 0x00, 
	0x00, 0x00, 0x00, 0x00, 0x00, 0x00, 0x00, 0x00, 
	0x00, 0x00, 0x00, 0x00, 0x00, 0x00, 0x00, 0x00, 
	0x00, 0x00, 0x00, 0x00, 0x00, 0x00, 0x00, 0x00, 
	
};

ALIGNED8 u8 ss1_space_earth512_2_pal_rgba16[] = {
	0x55, 0x35, 0x15, 0x39, 0x04, 0x33, 0x03, 0x71, 
	0x7b, 0xef, 0xad, 0x7b, 0x3e, 0x3b, 0x7e, 0xfd, 
	0xde, 0xbf, 0xb7, 0x3f, 0x02, 0x69, 0x22, 0x63, 
	0xd7, 0xbf, 0xff, 0xff, 0x95, 0xfd, 0x2e, 0x35, 
	
};

Vtx ss1_space_object_012539D4_mesh_layer_1_vtx_cull[8] = {
	{{ {-13531, -4809, -14214}, 0, {0, 0}, {0, 0, 0, 0} }},
	{{ {-13531, -4809, 12884}, 0, {0, 0}, {0, 0, 0, 0} }},
	{{ {-13531, 5349, 12884}, 0, {0, 0}, {0, 0, 0, 0} }},
	{{ {-13531, 5349, -14214}, 0, {0, 0}, {0, 0, 0, 0} }},
	{{ {13567, -4809, -14214}, 0, {0, 0}, {0, 0, 0, 0} }},
	{{ {13567, -4809, 12884}, 0, {0, 0}, {0, 0, 0, 0} }},
	{{ {13567, 5349, 12884}, 0, {0, 0}, {0, 0, 0, 0} }},
	{{ {13567, 5349, -14214}, 0, {0, 0}, {0, 0, 0, 0} }},
};

Vtx ss1_space_object_012539D4_mesh_layer_1_vtx_0[9] = {
	{{ {-4456, 5094, 3808}, 0, {-16, 2032}, {55, 70, 77, 255} }},
	{{ {-6309, 5094, -665}, 0, {2040, 2032}, {55, 70, 77, 255} }},
	{{ {18, 5094, -665}, 0, {996, -16}, {94, 125, 153, 255} }},
	{{ {-4456, 5094, -5139}, 0, {-16, 2032}, {55, 70, 77, 255} }},
	{{ {18, 5094, -6992}, 0, {2040, 2032}, {55, 70, 77, 255} }},
	{{ {4492, 5094, -5139}, 0, {-16, 2032}, {55, 70, 77, 255} }},
	{{ {6344, 5094, -665}, 0, {2040, 2032}, {55, 70, 77, 255} }},
	{{ {4492, 5094, 3808}, 0, {-16, 2032}, {55, 70, 77, 255} }},
	{{ {18, 5094, 5661}, 0, {2040, 2032}, {55, 70, 77, 255} }},
};

Vtx ss1_space_object_012539D4_mesh_layer_1_vtx_1[16] = {
	{{ {4492, 5094, 3808}, 0, {1606, 2032}, {55, 70, 77, 255} }},
	{{ {18, 5094, 10264}, 0, {-16, -16}, {87, 113, 113, 255} }},
	{{ {18, 5094, 5661}, 0, {418, 2024}, {55, 70, 77, 255} }},
	{{ {7746, 5094, 7063}, 0, {2040, -16}, {87, 113, 113, 255} }},
	{{ {6344, 5094, -665}, 0, {418, 2024}, {55, 70, 77, 255} }},
	{{ {10948, 5094, -665}, 0, {-16, -16}, {87, 113, 113, 255} }},
	{{ {4492, 5094, -5139}, 0, {1606, 2032}, {55, 70, 77, 255} }},
	{{ {7746, 5094, -8394}, 0, {2040, -16}, {87, 113, 113, 255} }},
	{{ {18, 5094, -6992}, 0, {418, 2024}, {55, 70, 77, 255} }},
	{{ {18, 5094, -11595}, 0, {-16, -16}, {87, 113, 113, 255} }},
	{{ {-4456, 5094, -5139}, 0, {1606, 2032}, {55, 70, 77, 255} }},
	{{ {-7710, 5094, -8394}, 0, {2040, -16}, {87, 113, 113, 255} }},
	{{ {-6309, 5094, -665}, 0, {418, 2024}, {55, 70, 77, 255} }},
	{{ {-10912, 5094, -665}, 0, {-16, -16}, {87, 113, 113, 255} }},
	{{ {-4456, 5094, 3808}, 0, {1606, 2032}, {55, 70, 77, 255} }},
	{{ {-7710, 5094, 7063}, 0, {2040, -16}, {87, 113, 113, 255} }},
};

Vtx ss1_space_object_012539D4_mesh_layer_1_vtx_2[16] = {
	{{ {7746, 5094, 7063}, 0, {3735, 2032}, {87, 113, 113, 255} }},
	{{ {18, 5094, 12884}, 0, {16, 602}, {0, 0, 0, 255} }},
	{{ {18, 5094, 10264}, 0, {426, 2032}, {87, 113, 113, 255} }},
	{{ {9599, 5094, 8915}, 0, {4048, 602}, {0, 0, 0, 255} }},
	{{ {10948, 5094, -665}, 0, {426, 2032}, {87, 113, 113, 255} }},
	{{ {13567, 5094, -665}, 0, {16, 602}, {0, 0, 0, 255} }},
	{{ {7746, 5094, -8394}, 0, {3735, 2032}, {87, 113, 113, 255} }},
	{{ {9599, 5094, -10246}, 0, {4048, 602}, {0, 0, 0, 255} }},
	{{ {18, 5094, -11595}, 0, {426, 2032}, {87, 113, 113, 255} }},
	{{ {18, 5094, -14214}, 0, {16, 602}, {0, 0, 0, 255} }},
	{{ {-7710, 5094, -8394}, 0, {3735, 2032}, {87, 113, 113, 255} }},
	{{ {-9563, 5094, -10246}, 0, {4048, 602}, {0, 0, 0, 255} }},
	{{ {-10912, 5094, -665}, 0, {426, 2032}, {87, 113, 113, 255} }},
	{{ {-13531, 5094, -665}, 0, {16, 602}, {0, 0, 0, 255} }},
	{{ {-7710, 5094, 7063}, 0, {3735, 2032}, {87, 113, 113, 255} }},
	{{ {-9563, 5094, 8915}, 0, {4048, 602}, {0, 0, 0, 255} }},
};

Vtx ss1_space_object_012539D4_mesh_layer_1_vtx_3[32] = {
	{{ {-1500, 0, 450}, 0, {8208, -16}, {255, 255, 255, 255} }},
	{{ {-1500, -100, 0}, 0, {4096, 2032}, {91, 106, 151, 255} }},
	{{ {-1500, -100, 450}, 0, {8208, 2032}, {91, 106, 151, 255} }},
	{{ {-1500, 0, 0}, 0, {4096, -16}, {255, 255, 255, 255} }},
	{{ {-1500, -100, -450}, 0, {-16, 2032}, {91, 106, 151, 255} }},
	{{ {-1500, 0, -450}, 0, {-16, -16}, {255, 255, 255, 255} }},
	{{ {1500, 0, -450}, 0, {-16, -16}, {255, 255, 255, 255} }},
	{{ {1500, -100, 0}, 0, {4096, 2032}, {91, 106, 151, 255} }},
	{{ {1500, -100, -450}, 0, {-16, 2032}, {91, 106, 151, 255} }},
	{{ {1500, 0, 0}, 0, {4096, -16}, {255, 255, 255, 255} }},
	{{ {1500, -100, 450}, 0, {8208, 2032}, {91, 106, 151, 255} }},
	{{ {1500, 0, 450}, 0, {8208, -16}, {255, 255, 255, 255} }},
	{{ {-4500, 0, 450}, 0, {8208, -16}, {255, 255, 255, 255} }},
	{{ {-4500, -100, 0}, 0, {4096, 2032}, {91, 106, 151, 255} }},
	{{ {-4500, -100, 450}, 0, {8208, 2032}, {91, 106, 151, 255} }},
	{{ {-4500, 0, 0}, 0, {4096, -16}, {255, 255, 255, 255} }},
	{{ {-4500, -100, -450}, 0, {-16, 2032}, {91, 106, 151, 255} }},
	{{ {-4500, 0, -450}, 0, {-16, -16}, {255, 255, 255, 255} }},
	{{ {-1500, -100, 0}, 0, {4096, 2032}, {91, 106, 151, 255} }},
	{{ {-1500, 0, 0}, 0, {4096, -16}, {255, 255, 255, 255} }},
	{{ {1500, 0, 450}, 0, {8208, -16}, {255, 255, 255, 255} }},
	{{ {1500, -100, 0}, 0, {4096, 2032}, {91, 106, 151, 255} }},
	{{ {1500, -100, 450}, 0, {8208, 2032}, {91, 106, 151, 255} }},
	{{ {1500, 0, 0}, 0, {4096, -16}, {255, 255, 255, 255} }},
	{{ {1500, -100, -450}, 0, {-16, 2032}, {91, 106, 151, 255} }},
	{{ {1500, 0, -450}, 0, {-16, -16}, {255, 255, 255, 255} }},
	{{ {4500, 0, -450}, 0, {-16, -16}, {255, 255, 255, 255} }},
	{{ {4500, -100, 0}, 0, {4096, 2032}, {91, 106, 151, 255} }},
	{{ {4500, -100, -450}, 0, {-16, 2032}, {91, 106, 151, 255} }},
	{{ {4500, 0, 0}, 0, {4096, -16}, {255, 255, 255, 255} }},
	{{ {4500, -100, 450}, 0, {8208, 2032}, {91, 106, 151, 255} }},
	{{ {4500, 0, 450}, 0, {8208, -16}, {255, 255, 255, 255} }},
};

Vtx ss1_space_object_012539D4_mesh_layer_1_vtx_4[36] = {
	{{ {1450, -100, -520}, 0, {-16, 2032}, {91, 106, 151, 255} }},
	{{ {0, 0, -450}, 0, {10264, -16}, {255, 255, 255, 255} }},
	{{ {1450, 0, -450}, 0, {-16, -16}, {255, 255, 255, 255} }},
	{{ {0, -100, -520}, 0, {10264, 2032}, {91, 106, 151, 255} }},
	{{ {-1450, -100, -520}, 0, {20544, 2032}, {91, 106, 151, 255} }},
	{{ {-1450, 0, -450}, 0, {20544, -16}, {255, 255, 255, 255} }},
	{{ {-1450, -100, 520}, 0, {-16, 2032}, {91, 106, 151, 255} }},
	{{ {0, 0, 450}, 0, {10264, -16}, {255, 255, 255, 255} }},
	{{ {-1450, 0, 450}, 0, {-16, -16}, {255, 255, 255, 255} }},
	{{ {0, -100, 520}, 0, {10264, 2032}, {91, 106, 151, 255} }},
	{{ {1450, -100, 520}, 0, {20544, 2032}, {91, 106, 151, 255} }},
	{{ {1450, 0, 450}, 0, {20544, -16}, {255, 255, 255, 255} }},
	{{ {-1550, -100, -520}, 0, {-16, 2032}, {91, 106, 151, 255} }},
	{{ {-3000, 0, -450}, 0, {10264, -16}, {255, 255, 255, 255} }},
	{{ {-1550, 0, -450}, 0, {-16, -16}, {255, 255, 255, 255} }},
	{{ {-3000, -100, -520}, 0, {10264, 2032}, {91, 106, 151, 255} }},
	{{ {-4450, -100, -520}, 0, {20544, 2032}, {91, 106, 151, 255} }},
	{{ {-4450, 0, -450}, 0, {20544, -16}, {255, 255, 255, 255} }},
	{{ {-4450, -100, 520}, 0, {-16, 2032}, {91, 106, 151, 255} }},
	{{ {-3000, 0, 450}, 0, {10264, -16}, {255, 255, 255, 255} }},
	{{ {-4450, 0, 450}, 0, {-16, -16}, {255, 255, 255, 255} }},
	{{ {-3000, -100, 520}, 0, {10264, 2032}, {91, 106, 151, 255} }},
	{{ {-1550, -100, 520}, 0, {20544, 2032}, {91, 106, 151, 255} }},
	{{ {-1550, 0, 450}, 0, {20544, -16}, {255, 255, 255, 255} }},
	{{ {4450, -100, -520}, 0, {-16, 2032}, {91, 106, 151, 255} }},
	{{ {3000, 0, -450}, 0, {10264, -16}, {255, 255, 255, 255} }},
	{{ {4450, 0, -450}, 0, {-16, -16}, {255, 255, 255, 255} }},
	{{ {3000, -100, -520}, 0, {10264, 2032}, {91, 106, 151, 255} }},
	{{ {1550, -100, -520}, 0, {20544, 2032}, {91, 106, 151, 255} }},
	{{ {1550, 0, -450}, 0, {20544, -16}, {255, 255, 255, 255} }},
	{{ {1550, -100, 520}, 0, {-16, 2032}, {91, 106, 151, 255} }},
	{{ {3000, 0, 450}, 0, {10264, -16}, {255, 255, 255, 255} }},
	{{ {1550, 0, 450}, 0, {-16, -16}, {255, 255, 255, 255} }},
	{{ {3000, -100, 520}, 0, {10264, 2032}, {91, 106, 151, 255} }},
	{{ {4450, -100, 520}, 0, {20544, 2032}, {91, 106, 151, 255} }},
	{{ {4450, 0, 450}, 0, {20544, -16}, {255, 255, 255, 255} }},
};

Vtx ss1_space_object_012539D4_mesh_layer_1_vtx_5[48] = {
	{{ {1450, 45, -495}, 0, {30824, -16}, {162, 164, 132, 255} }},
	{{ {-1450, 25, -495}, 0, {-16, 1008}, {255, 255, 60, 255} }},
	{{ {-1450, 45, -495}, 0, {-16, -16}, {162, 164, 132, 255} }},
	{{ {1450, 25, -495}, 0, {30824, 1008}, {255, 255, 60, 255} }},
	{{ {-1450, 45, -455}, 0, {-16, -16}, {162, 164, 132, 255} }},
	{{ {1450, 25, -455}, 0, {30824, 1008}, {255, 255, 60, 255} }},
	{{ {1450, 45, -455}, 0, {30824, -16}, {162, 164, 132, 255} }},
	{{ {-1450, 25, -455}, 0, {-16, 1008}, {255, 255, 60, 255} }},
	{{ {1450, 45, 455}, 0, {30824, -16}, {162, 164, 132, 255} }},
	{{ {-1450, 25, 455}, 0, {-16, 1008}, {255, 255, 60, 255} }},
	{{ {-1450, 45, 455}, 0, {-16, -16}, {162, 164, 132, 255} }},
	{{ {1450, 25, 455}, 0, {30824, 1008}, {255, 255, 60, 255} }},
	{{ {-1450, 45, 495}, 0, {-16, -16}, {162, 164, 132, 255} }},
	{{ {1450, 25, 495}, 0, {30824, 1008}, {255, 255, 60, 255} }},
	{{ {1450, 45, 495}, 0, {30824, -16}, {162, 164, 132, 255} }},
	{{ {-1450, 25, 495}, 0, {-16, 1008}, {255, 255, 60, 255} }},
	{{ {-1550, 45, -495}, 0, {30824, -16}, {162, 164, 132, 255} }},
	{{ {-4450, 25, -495}, 0, {-16, 1008}, {255, 255, 60, 255} }},
	{{ {-4450, 45, -495}, 0, {-16, -16}, {162, 164, 132, 255} }},
	{{ {-1550, 25, -495}, 0, {30824, 1008}, {255, 255, 60, 255} }},
	{{ {-4450, 45, -455}, 0, {-16, -16}, {162, 164, 132, 255} }},
	{{ {-1550, 25, -455}, 0, {30824, 1008}, {255, 255, 60, 255} }},
	{{ {-1550, 45, -455}, 0, {30824, -16}, {162, 164, 132, 255} }},
	{{ {-4450, 25, -455}, 0, {-16, 1008}, {255, 255, 60, 255} }},
	{{ {-1550, 45, 455}, 0, {30824, -16}, {162, 164, 132, 255} }},
	{{ {-4450, 25, 455}, 0, {-16, 1008}, {255, 255, 60, 255} }},
	{{ {-4450, 45, 455}, 0, {-16, -16}, {162, 164, 132, 255} }},
	{{ {-1550, 25, 455}, 0, {30824, 1008}, {255, 255, 60, 255} }},
	{{ {-4450, 45, 495}, 0, {-16, -16}, {162, 164, 132, 255} }},
	{{ {-1550, 25, 495}, 0, {30824, 1008}, {255, 255, 60, 255} }},
	{{ {-1550, 45, 495}, 0, {30824, -16}, {162, 164, 132, 255} }},
	{{ {-4450, 25, 495}, 0, {-16, 1008}, {255, 255, 60, 255} }},
	{{ {4450, 45, -495}, 0, {30824, -16}, {162, 164, 132, 255} }},
	{{ {1550, 25, -495}, 0, {-16, 1008}, {255, 255, 60, 255} }},
	{{ {1550, 45, -495}, 0, {-16, -16}, {162, 164, 132, 255} }},
	{{ {4450, 25, -495}, 0, {30824, 1008}, {255, 255, 60, 255} }},
	{{ {1550, 45, -455}, 0, {-16, -16}, {162, 164, 132, 255} }},
	{{ {4450, 25, -455}, 0, {30824, 1008}, {255, 255, 60, 255} }},
	{{ {4450, 45, -455}, 0, {30824, -16}, {162, 164, 132, 255} }},
	{{ {1550, 25, -455}, 0, {-16, 1008}, {255, 255, 60, 255} }},
	{{ {4450, 45, 455}, 0, {30824, -16}, {162, 164, 132, 255} }},
	{{ {1550, 25, 455}, 0, {-16, 1008}, {255, 255, 60, 255} }},
	{{ {1550, 45, 455}, 0, {-16, -16}, {162, 164, 132, 255} }},
	{{ {4450, 25, 455}, 0, {30824, 1008}, {255, 255, 60, 255} }},
	{{ {1550, 45, 495}, 0, {-16, -16}, {162, 164, 132, 255} }},
	{{ {4450, 25, 495}, 0, {30824, 1008}, {255, 255, 60, 255} }},
	{{ {4450, 45, 495}, 0, {30824, -16}, {162, 164, 132, 255} }},
	{{ {1550, 25, 495}, 0, {-16, 1008}, {255, 255, 60, 255} }},
};

Vtx ss1_space_object_012539D4_mesh_layer_1_vtx_6[24] = {
	{{ {-1450, 45, -455}, 0, {-10256, -1044}, {111, 113, 85, 255} }},
	{{ {1450, 45, -495}, 0, {30865, 1008}, {111, 113, 85, 255} }},
	{{ {-1450, 45, -495}, 0, {-10256, 1008}, {111, 113, 85, 255} }},
	{{ {1450, 45, -455}, 0, {30865, -1044}, {111, 113, 85, 255} }},
	{{ {-1450, 45, 495}, 0, {-10256, -1044}, {111, 113, 85, 255} }},
	{{ {1450, 45, 455}, 0, {30865, 1008}, {111, 113, 85, 255} }},
	{{ {-1450, 45, 455}, 0, {-10256, 1008}, {111, 113, 85, 255} }},
	{{ {1450, 45, 495}, 0, {30865, -1044}, {111, 113, 85, 255} }},
	{{ {-4450, 45, -455}, 0, {-10256, -1044}, {111, 113, 85, 255} }},
	{{ {-1550, 45, -495}, 0, {30865, 1008}, {111, 113, 85, 255} }},
	{{ {-4450, 45, -495}, 0, {-10256, 1008}, {111, 113, 85, 255} }},
	{{ {-1550, 45, -455}, 0, {30865, -1044}, {111, 113, 85, 255} }},
	{{ {-4450, 45, 495}, 0, {-10256, -1044}, {111, 113, 85, 255} }},
	{{ {-1550, 45, 455}, 0, {30865, 1008}, {111, 113, 85, 255} }},
	{{ {-4450, 45, 455}, 0, {-10256, 1008}, {111, 113, 85, 255} }},
	{{ {-1550, 45, 495}, 0, {30865, -1044}, {111, 113, 85, 255} }},
	{{ {1550, 45, -455}, 0, {-10256, -1044}, {111, 113, 85, 255} }},
	{{ {4450, 45, -495}, 0, {30865, 1008}, {111, 113, 85, 255} }},
	{{ {1550, 45, -495}, 0, {-10256, 1008}, {111, 113, 85, 255} }},
	{{ {4450, 45, -455}, 0, {30865, -1044}, {111, 113, 85, 255} }},
	{{ {1550, 45, 495}, 0, {-10256, -1044}, {111, 113, 85, 255} }},
	{{ {4450, 45, 455}, 0, {30865, 1008}, {111, 113, 85, 255} }},
	{{ {1550, 45, 455}, 0, {-10256, 1008}, {111, 113, 85, 255} }},
	{{ {4450, 45, 495}, 0, {30865, -1044}, {111, 113, 85, 255} }},
};

Vtx ss1_space_object_012539D4_mesh_layer_1_vtx_7[130] = {
	{{ {-1450, 50, -500}, 0, {378, -16}, {45, 113, 172, 255} }},
	{{ {-1450, -100, -520}, 0, {-16, 2032}, {91, 106, 151, 255} }},
	{{ {-1500, -100, -450}, 0, {2040, 2032}, {91, 106, 151, 255} }},
	{{ {-1500, 50, -450}, 0, {2040, -16}, {45, 113, 172, 255} }},
	{{ {-1500, 0, -450}, 0, {2040, 659}, {178, 178, 178, 255} }},
	{{ {-1450, 0, -450}, 0, {1365, 659}, {178, 178, 178, 255} }},
	{{ {-1450, 50, -450}, 0, {1365, -16}, {45, 113, 172, 255} }},
	{{ {-1450, 50, 450}, 0, {667, -16}, {45, 113, 172, 255} }},
	{{ {-1450, 0, 450}, 0, {667, 659}, {178, 178, 178, 255} }},
	{{ {-1500, 0, 450}, 0, {-16, 659}, {178, 178, 178, 255} }},
	{{ {-1500, 50, 450}, 0, {-16, -16}, {45, 113, 172, 255} }},
	{{ {-1500, -100, 450}, 0, {-16, 2032}, {91, 106, 151, 255} }},
	{{ {-1450, -100, 520}, 0, {2040, 2032}, {91, 106, 151, 255} }},
	{{ {-1450, 50, 500}, 0, {1646, -16}, {45, 113, 172, 255} }},
	{{ {1450, 50, 500}, 0, {1646, -16}, {45, 113, 172, 255} }},
	{{ {1450, -100, 520}, 0, {2040, 2032}, {91, 134, 151, 255} }},
	{{ {1500, -100, 450}, 0, {-16, 2032}, {91, 106, 151, 255} }},
	{{ {1500, 50, 450}, 0, {-16, -16}, {45, 113, 172, 255} }},
	{{ {1500, 0, 450}, 0, {-16, 659}, {178, 178, 178, 255} }},
	{{ {1450, 0, 450}, 0, {651, 659}, {178, 178, 178, 255} }},
	{{ {1450, 50, 450}, 0, {651, -16}, {45, 113, 172, 255} }},
	{{ {1450, -100, -520}, 0, {-16, 2032}, {91, 106, 151, 255} }},
	{{ {1450, 50, -500}, 0, {386, -16}, {45, 113, 172, 255} }},
	{{ {1500, 50, -450}, 0, {2040, -16}, {91, 134, 151, 255} }},
	{{ {1500, -100, -450}, 0, {2040, 2032}, {91, 106, 151, 255} }},
	{{ {1500, 0, -450}, 0, {2040, 659}, {178, 178, 178, 255} }},
	{{ {-1450, -100, 520}, 0, {2040, 2032}, {178, 178, 178, 255} }},
	{{ {-1450, 50, 450}, 0, {667, -16}, {255, 255, 255, 255} }},
	{{ {-1450, 0, 450}, 0, {667, 659}, {255, 255, 100, 255} }},
	{{ {-1450, 50, -450}, 0, {1365, -16}, {255, 255, 255, 255} }},
	{{ {-1450, -100, -520}, 0, {-16, 2032}, {91, 134, 151, 255} }},
	{{ {-1450, 0, -450}, 0, {1365, 659}, {255, 255, 60, 255} }},
	{{ {1450, 50, -450}, 0, {1381, -16}, {45, 113, 172, 255} }},
	{{ {1500, 50, -450}, 0, {2040, -16}, {45, 113, 172, 255} }},
	{{ {1450, 0, -450}, 0, {1381, 659}, {178, 178, 178, 255} }},
	{{ {1450, 50, 450}, 0, {651, -16}, {255, 255, 255, 255} }},
	{{ {1450, -100, 520}, 0, {2040, 2032}, {91, 106, 151, 255} }},
	{{ {1450, 0, 450}, 0, {651, 659}, {255, 255, 100, 255} }},
	{{ {1450, -100, -520}, 0, {-16, 2032}, {178, 178, 178, 255} }},
	{{ {1450, 50, -450}, 0, {1381, -16}, {255, 255, 255, 255} }},
	{{ {1450, 0, -450}, 0, {1381, 659}, {255, 255, 60, 255} }},
	{{ {-4450, 50, -500}, 0, {378, -16}, {45, 113, 172, 255} }},
	{{ {-4450, -100, -520}, 0, {-16, 2032}, {91, 106, 151, 255} }},
	{{ {-4500, -100, -450}, 0, {2040, 2032}, {91, 106, 151, 255} }},
	{{ {-4500, 50, -450}, 0, {2040, -16}, {45, 113, 172, 255} }},
	{{ {-4500, 0, -450}, 0, {2040, 659}, {178, 178, 178, 255} }},
	{{ {-4450, 0, -450}, 0, {1365, 659}, {178, 178, 178, 255} }},
	{{ {-4450, 50, -450}, 0, {1365, -16}, {45, 113, 172, 255} }},
	{{ {-4450, 50, 450}, 0, {667, -16}, {45, 113, 172, 255} }},
	{{ {-4450, 0, 450}, 0, {667, 659}, {178, 178, 178, 255} }},
	{{ {-4500, 0, 450}, 0, {-16, 659}, {178, 178, 178, 255} }},
	{{ {-4500, 50, 450}, 0, {-16, -16}, {45, 113, 172, 255} }},
	{{ {-4500, -100, 450}, 0, {-16, 2032}, {91, 106, 151, 255} }},
	{{ {-4450, -100, 520}, 0, {2040, 2032}, {91, 106, 151, 255} }},
	{{ {-4450, 50, 500}, 0, {1646, -16}, {45, 113, 172, 255} }},
	{{ {-1550, 50, 500}, 0, {1646, -16}, {45, 113, 172, 255} }},
	{{ {-1550, -100, 520}, 0, {2040, 2032}, {91, 134, 151, 255} }},
	{{ {-1500, -100, 450}, 0, {-16, 2032}, {91, 106, 151, 255} }},
	{{ {-1500, 50, 450}, 0, {-16, -16}, {45, 113, 172, 255} }},
	{{ {-1500, 0, 450}, 0, {-16, 659}, {178, 178, 178, 255} }},
	{{ {-1550, 0, 450}, 0, {651, 659}, {178, 178, 178, 255} }},
	{{ {-1550, 50, 450}, 0, {651, -16}, {45, 113, 172, 255} }},
	{{ {-1550, -100, -520}, 0, {-16, 2032}, {91, 106, 151, 255} }},
	{{ {-1550, 50, -500}, 0, {386, -16}, {45, 113, 172, 255} }},
	{{ {-1500, 50, -450}, 0, {2040, -16}, {91, 134, 151, 255} }},
	{{ {-1500, -100, -450}, 0, {2040, 2032}, {91, 106, 151, 255} }},
	{{ {-1500, 0, -450}, 0, {2040, 659}, {178, 178, 178, 255} }},
	{{ {-4450, -100, 520}, 0, {2040, 2032}, {178, 178, 178, 255} }},
	{{ {-4450, 50, 450}, 0, {667, -16}, {255, 255, 255, 255} }},
	{{ {-4450, 50, 500}, 0, {1646, -16}, {45, 113, 172, 255} }},
	{{ {-4450, 0, 450}, 0, {667, 659}, {255, 255, 100, 255} }},
	{{ {-4450, 50, -450}, 0, {1365, -16}, {255, 255, 255, 255} }},
	{{ {-4450, -100, -520}, 0, {-16, 2032}, {91, 134, 151, 255} }},
	{{ {-4450, 50, -500}, 0, {378, -16}, {45, 113, 172, 255} }},
	{{ {-4450, 0, -450}, 0, {1365, 659}, {255, 255, 60, 255} }},
	{{ {-1550, 50, -450}, 0, {1381, -16}, {45, 113, 172, 255} }},
	{{ {-1500, 50, -450}, 0, {2040, -16}, {45, 113, 172, 255} }},
	{{ {-1550, 0, -450}, 0, {1381, 659}, {178, 178, 178, 255} }},
	{{ {-1550, 50, 450}, 0, {651, -16}, {255, 255, 255, 255} }},
	{{ {-1550, -100, 520}, 0, {2040, 2032}, {91, 106, 151, 255} }},
	{{ {-1550, 0, 450}, 0, {651, 659}, {255, 255, 100, 255} }},
	{{ {-1550, -100, -520}, 0, {-16, 2032}, {178, 178, 178, 255} }},
	{{ {-1550, 50, -450}, 0, {1381, -16}, {255, 255, 255, 255} }},
	{{ {-1550, 0, -450}, 0, {1381, 659}, {255, 255, 60, 255} }},
	{{ {1550, 50, -500}, 0, {378, -16}, {45, 113, 172, 255} }},
	{{ {1550, -100, -520}, 0, {-16, 2032}, {91, 106, 151, 255} }},
	{{ {1500, -100, -450}, 0, {2040, 2032}, {91, 106, 151, 255} }},
	{{ {1500, 50, -450}, 0, {2040, -16}, {45, 113, 172, 255} }},
	{{ {1500, 0, -450}, 0, {2040, 659}, {178, 178, 178, 255} }},
	{{ {1550, 0, -450}, 0, {1365, 659}, {178, 178, 178, 255} }},
	{{ {1550, 50, -450}, 0, {1365, -16}, {45, 113, 172, 255} }},
	{{ {1550, 50, 450}, 0, {667, -16}, {45, 113, 172, 255} }},
	{{ {1550, 0, 450}, 0, {667, 659}, {178, 178, 178, 255} }},
	{{ {1500, 0, 450}, 0, {-16, 659}, {178, 178, 178, 255} }},
	{{ {1500, 50, 450}, 0, {-16, -16}, {45, 113, 172, 255} }},
	{{ {1500, -100, 450}, 0, {-16, 2032}, {91, 106, 151, 255} }},
	{{ {1550, -100, 520}, 0, {2040, 2032}, {91, 106, 151, 255} }},
	{{ {1550, 50, 500}, 0, {1646, -16}, {45, 113, 172, 255} }},
	{{ {4450, 50, 500}, 0, {1646, -16}, {45, 113, 172, 255} }},
	{{ {4450, -100, 520}, 0, {2040, 2032}, {91, 134, 151, 255} }},
	{{ {4500, -100, 450}, 0, {-16, 2032}, {91, 106, 151, 255} }},
	{{ {4500, 50, 450}, 0, {-16, -16}, {45, 113, 172, 255} }},
	{{ {4500, 0, 450}, 0, {-16, 659}, {178, 178, 178, 255} }},
	{{ {4450, 0, 450}, 0, {651, 659}, {178, 178, 178, 255} }},
	{{ {4450, 50, 450}, 0, {651, -16}, {45, 113, 172, 255} }},
	{{ {4450, -100, -520}, 0, {-16, 2032}, {91, 106, 151, 255} }},
	{{ {4450, 50, -500}, 0, {386, -16}, {45, 113, 172, 255} }},
	{{ {4500, 50, -450}, 0, {2040, -16}, {91, 134, 151, 255} }},
	{{ {4500, -100, -450}, 0, {2040, 2032}, {91, 106, 151, 255} }},
	{{ {4500, 0, -450}, 0, {2040, 659}, {178, 178, 178, 255} }},
	{{ {1550, -100, 520}, 0, {2040, 2032}, {178, 178, 178, 255} }},
	{{ {1550, 50, 450}, 0, {667, -16}, {255, 255, 255, 255} }},
	{{ {1550, 50, 500}, 0, {1646, -16}, {45, 113, 172, 255} }},
	{{ {1550, 0, 450}, 0, {667, 659}, {255, 255, 100, 255} }},
	{{ {1550, 50, -450}, 0, {1365, -16}, {255, 255, 255, 255} }},
	{{ {1550, -100, -520}, 0, {-16, 2032}, {91, 134, 151, 255} }},
	{{ {1550, 50, -500}, 0, {378, -16}, {45, 113, 172, 255} }},
	{{ {1550, 0, -450}, 0, {1365, 659}, {255, 255, 60, 255} }},
	{{ {4450, 50, -450}, 0, {1381, -16}, {45, 113, 172, 255} }},
	{{ {4500, 0, -450}, 0, {2040, 659}, {178, 178, 178, 255} }},
	{{ {4500, 50, -450}, 0, {2040, -16}, {45, 113, 172, 255} }},
	{{ {4450, 0, -450}, 0, {1381, 659}, {178, 178, 178, 255} }},
	{{ {4450, 50, 450}, 0, {651, -16}, {255, 255, 255, 255} }},
	{{ {4450, -100, 520}, 0, {2040, 2032}, {91, 106, 151, 255} }},
	{{ {4450, 50, 500}, 0, {1646, -16}, {45, 113, 172, 255} }},
	{{ {4450, 0, 450}, 0, {651, 659}, {255, 255, 100, 255} }},
	{{ {4450, -100, -520}, 0, {-16, 2032}, {178, 178, 178, 255} }},
	{{ {4450, 50, -450}, 0, {1381, -16}, {255, 255, 255, 255} }},
	{{ {4450, 50, -500}, 0, {386, -16}, {45, 113, 172, 255} }},
	{{ {4450, 0, -450}, 0, {1381, 659}, {255, 255, 60, 255} }},
};

Vtx ss1_space_object_012539D4_mesh_layer_1_vtx_8[36] = {
	{{ {-1500, 50, 450}, 0, {2040, -1044}, {45, 113, 172, 255} }},
	{{ {-1450, 50, 500}, 0, {-16, 1008}, {45, 113, 172, 255} }},
	{{ {-1450, 50, 450}, 0, {-16, -1044}, {45, 113, 172, 255} }},
	{{ {-1450, 50, -450}, 0, {-16, 1008}, {45, 113, 172, 255} }},
	{{ {-1450, 50, -500}, 0, {-16, -1044}, {45, 113, 172, 255} }},
	{{ {-1500, 50, -450}, 0, {2036, 1004}, {45, 113, 172, 255} }},
	{{ {1450, 50, 450}, 0, {-16, 1004}, {45, 113, 172, 255} }},
	{{ {1450, 50, 500}, 0, {-16, -1044}, {45, 113, 172, 255} }},
	{{ {1500, 50, 450}, 0, {2044, 1004}, {45, 113, 172, 255} }},
	{{ {1500, 50, -450}, 0, {2040, -1044}, {45, 113, 172, 255} }},
	{{ {1450, 50, -500}, 0, {-16, 1008}, {45, 113, 172, 255} }},
	{{ {1450, 50, -450}, 0, {-16, -1044}, {45, 113, 172, 255} }},
	{{ {-4500, 50, 450}, 0, {2040, -1044}, {45, 113, 172, 255} }},
	{{ {-4450, 50, 500}, 0, {-16, 1008}, {45, 113, 172, 255} }},
	{{ {-4450, 50, 450}, 0, {-16, -1044}, {45, 113, 172, 255} }},
	{{ {-4450, 50, -450}, 0, {-16, 1008}, {45, 113, 172, 255} }},
	{{ {-4450, 50, -500}, 0, {-16, -1044}, {45, 113, 172, 255} }},
	{{ {-4500, 50, -450}, 0, {2036, 1004}, {45, 113, 172, 255} }},
	{{ {-1550, 50, 450}, 0, {-16, 1004}, {45, 113, 172, 255} }},
	{{ {-1550, 50, 500}, 0, {-16, -1044}, {45, 113, 172, 255} }},
	{{ {-1500, 50, 450}, 0, {2044, 1004}, {45, 113, 172, 255} }},
	{{ {-1500, 50, -450}, 0, {2040, -1044}, {45, 113, 172, 255} }},
	{{ {-1550, 50, -500}, 0, {-16, 1008}, {45, 113, 172, 255} }},
	{{ {-1550, 50, -450}, 0, {-16, -1044}, {45, 113, 172, 255} }},
	{{ {1500, 50, 450}, 0, {2040, -1044}, {45, 113, 172, 255} }},
	{{ {1550, 50, 500}, 0, {-16, 1008}, {45, 113, 172, 255} }},
	{{ {1550, 50, 450}, 0, {-16, -1044}, {45, 113, 172, 255} }},
	{{ {1550, 50, -450}, 0, {-16, 1008}, {45, 113, 172, 255} }},
	{{ {1550, 50, -500}, 0, {-16, -1044}, {45, 113, 172, 255} }},
	{{ {1500, 50, -450}, 0, {2036, 1004}, {45, 113, 172, 255} }},
	{{ {4450, 50, 450}, 0, {-16, 1004}, {45, 113, 172, 255} }},
	{{ {4450, 50, 500}, 0, {-16, -1044}, {45, 113, 172, 255} }},
	{{ {4500, 50, 450}, 0, {2044, 1004}, {45, 113, 172, 255} }},
	{{ {4500, 50, -450}, 0, {2040, -1044}, {45, 113, 172, 255} }},
	{{ {4450, 50, -500}, 0, {-16, 1008}, {45, 113, 172, 255} }},
	{{ {4450, 50, -450}, 0, {-16, -1044}, {45, 113, 172, 255} }},
};

Vtx ss1_space_object_012539D4_mesh_layer_1_vtx_9[45] = {
	{{ {1500, 0, 0}, 0, {2040, -8240}, {45, 113, 172, 255} }},
	{{ {1500, 0, -450}, 0, {4096, -8240}, {45, 113, 172, 255} }},
	{{ {1450, 0, -450}, 0, {4096, -8071}, {255, 255, 255, 255} }},
	{{ {1450, 0, 0}, 0, {2040, -8071}, {146, 190, 255, 255} }},
	{{ {0, 0, -450}, 0, {4096, -3100}, {255, 255, 255, 255} }},
	{{ {0, 0, 0}, 0, {2040, -3100}, {146, 190, 255, 255} }},
	{{ {-1450, 0, -450}, 0, {4096, 1863}, {255, 255, 255, 255} }},
	{{ {-1450, 0, 0}, 0, {2040, 1863}, {146, 190, 255, 255} }},
	{{ {-1500, 0, -450}, 0, {4096, 2032}, {45, 113, 172, 255} }},
	{{ {-1500, 0, 0}, 0, {2040, 2032}, {45, 113, 172, 255} }},
	{{ {-1450, 0, 450}, 0, {-16, 1863}, {255, 255, 255, 255} }},
	{{ {-1500, 0, 450}, 0, {-16, 2032}, {45, 113, 172, 255} }},
	{{ {0, 0, 450}, 0, {-16, -3100}, {255, 255, 255, 255} }},
	{{ {1450, 0, 450}, 0, {-16, -8071}, {255, 255, 255, 255} }},
	{{ {1500, 0, 450}, 0, {-16, -8240}, {45, 113, 172, 255} }},
	{{ {-1500, 0, 0}, 0, {2040, -8240}, {45, 113, 172, 255} }},
	{{ {-1500, 0, -450}, 0, {4096, -8240}, {45, 113, 172, 255} }},
	{{ {-1550, 0, -450}, 0, {4096, -8071}, {255, 255, 255, 255} }},
	{{ {-1550, 0, 0}, 0, {2040, -8071}, {146, 190, 255, 255} }},
	{{ {-3000, 0, -450}, 0, {4096, -3100}, {255, 255, 255, 255} }},
	{{ {-3000, 0, 0}, 0, {2040, -3100}, {146, 190, 255, 255} }},
	{{ {-4450, 0, -450}, 0, {4096, 1863}, {255, 255, 255, 255} }},
	{{ {-4450, 0, 0}, 0, {2040, 1863}, {146, 190, 255, 255} }},
	{{ {-4500, 0, -450}, 0, {4096, 2032}, {45, 113, 172, 255} }},
	{{ {-4500, 0, 0}, 0, {2040, 2032}, {45, 113, 172, 255} }},
	{{ {-4450, 0, 450}, 0, {-16, 1863}, {255, 255, 255, 255} }},
	{{ {-4500, 0, 450}, 0, {-16, 2032}, {45, 113, 172, 255} }},
	{{ {-3000, 0, 450}, 0, {-16, -3100}, {255, 255, 255, 255} }},
	{{ {-1550, 0, 450}, 0, {-16, -8071}, {255, 255, 255, 255} }},
	{{ {-1500, 0, 450}, 0, {-16, -8240}, {45, 113, 172, 255} }},
	{{ {4500, 0, 0}, 0, {2040, -8240}, {45, 113, 172, 255} }},
	{{ {4500, 0, -450}, 0, {4096, -8240}, {45, 113, 172, 255} }},
	{{ {4450, 0, -450}, 0, {4096, -8071}, {255, 255, 255, 255} }},
	{{ {4450, 0, 0}, 0, {2040, -8071}, {146, 190, 255, 255} }},
	{{ {3000, 0, -450}, 0, {4096, -3100}, {255, 255, 255, 255} }},
	{{ {3000, 0, 0}, 0, {2040, -3100}, {146, 190, 255, 255} }},
	{{ {1550, 0, -450}, 0, {4096, 1863}, {255, 255, 255, 255} }},
	{{ {1550, 0, 0}, 0, {2040, 1863}, {146, 190, 255, 255} }},
	{{ {1500, 0, -450}, 0, {4096, 2032}, {45, 113, 172, 255} }},
	{{ {1500, 0, 0}, 0, {2040, 2032}, {45, 113, 172, 255} }},
	{{ {1550, 0, 450}, 0, {-16, 1863}, {255, 255, 255, 255} }},
	{{ {1500, 0, 450}, 0, {-16, 2032}, {45, 113, 172, 255} }},
	{{ {3000, 0, 450}, 0, {-16, -3100}, {255, 255, 255, 255} }},
	{{ {4450, 0, 450}, 0, {-16, -8071}, {255, 255, 255, 255} }},
	{{ {4500, 0, 450}, 0, {-16, -8240}, {45, 113, 172, 255} }},
};

Vtx ss1_space_object_012539D4_mesh_layer_1_vtx_10[39] = {
	{{ {-1450, -100, 520}, 0, {2040, -4024}, {198, 183, 252, 255} }},
	{{ {-1500, -100, 450}, 0, {1903, -4128}, {198, 183, 252, 255} }},
	{{ {-1500, -100, 0}, 0, {1012, -4128}, {198, 183, 252, 255} }},
	{{ {0, -100, 0}, 0, {1012, -1044}, {145, 191, 252, 255} }},
	{{ {-1500, -100, -450}, 0, {121, -4128}, {198, 183, 252, 255} }},
	{{ {0, -100, -520}, 0, {-16, -1044}, {198, 183, 252, 255} }},
	{{ {-1450, -100, -520}, 0, {-16, -4024}, {198, 183, 252, 255} }},
	{{ {1450, -100, -520}, 0, {-16, 1928}, {198, 183, 252, 255} }},
	{{ {1500, -100, 0}, 0, {1012, 2032}, {198, 183, 252, 255} }},
	{{ {1500, -100, -450}, 0, {121, 2032}, {198, 183, 252, 255} }},
	{{ {1500, -100, 450}, 0, {1903, 2032}, {198, 183, 252, 255} }},
	{{ {0, -100, 520}, 0, {2040, -1044}, {198, 183, 252, 255} }},
	{{ {1450, -100, 520}, 0, {2040, 1928}, {198, 183, 252, 255} }},
	{{ {-4450, -100, 520}, 0, {2040, -4024}, {198, 183, 252, 255} }},
	{{ {-4500, -100, 450}, 0, {1903, -4128}, {198, 183, 252, 255} }},
	{{ {-4500, -100, 0}, 0, {1012, -4128}, {198, 183, 252, 255} }},
	{{ {-3000, -100, 0}, 0, {1012, -1044}, {145, 191, 252, 255} }},
	{{ {-4500, -100, -450}, 0, {121, -4128}, {198, 183, 252, 255} }},
	{{ {-3000, -100, -520}, 0, {-16, -1044}, {198, 183, 252, 255} }},
	{{ {-4450, -100, -520}, 0, {-16, -4024}, {198, 183, 252, 255} }},
	{{ {-1550, -100, -520}, 0, {-16, 1928}, {198, 183, 252, 255} }},
	{{ {-1500, -100, 0}, 0, {1012, 2032}, {198, 183, 252, 255} }},
	{{ {-1500, -100, -450}, 0, {121, 2032}, {198, 183, 252, 255} }},
	{{ {-1500, -100, 450}, 0, {1903, 2032}, {198, 183, 252, 255} }},
	{{ {-3000, -100, 520}, 0, {2040, -1044}, {198, 183, 252, 255} }},
	{{ {-1550, -100, 520}, 0, {2040, 1928}, {198, 183, 252, 255} }},
	{{ {1550, -100, 520}, 0, {2040, -4024}, {198, 183, 252, 255} }},
	{{ {1500, -100, 450}, 0, {1903, -4128}, {198, 183, 252, 255} }},
	{{ {1500, -100, 0}, 0, {1012, -4128}, {198, 183, 252, 255} }},
	{{ {3000, -100, 0}, 0, {1012, -1044}, {145, 191, 252, 255} }},
	{{ {1500, -100, -450}, 0, {121, -4128}, {198, 183, 252, 255} }},
	{{ {3000, -100, -520}, 0, {-16, -1044}, {198, 183, 252, 255} }},
	{{ {1550, -100, -520}, 0, {-16, -4024}, {198, 183, 252, 255} }},
	{{ {4450, -100, -520}, 0, {-16, 1928}, {198, 183, 252, 255} }},
	{{ {4500, -100, 0}, 0, {1012, 2032}, {198, 183, 252, 255} }},
	{{ {4500, -100, -450}, 0, {121, 2032}, {198, 183, 252, 255} }},
	{{ {4500, -100, 450}, 0, {1903, 2032}, {198, 183, 252, 255} }},
	{{ {3000, -100, 520}, 0, {2040, -1044}, {198, 183, 252, 255} }},
	{{ {4450, -100, 520}, 0, {2040, 1928}, {198, 183, 252, 255} }},
};

Vtx ss1_space_object_012539D4_mesh_layer_1_vtx_11[160] = {
	{{ {9179, 112, 4650}, 0, {3992, -16}, {178, 178, 178, 255} }},
	{{ {9365, 112, 4429}, 0, {6152, -16}, {178, 178, 178, 255} }},
	{{ {9179, 1, 4650}, 0, {3992, 879}, {255, 255, 255, 255} }},
	{{ {9365, 1, 4429}, 0, {6152, 879}, {255, 255, 255, 255} }},
	{{ {9647, 112, 4666}, 0, {-16, -16}, {178, 178, 178, 255} }},
	{{ {9461, 112, 4888}, 0, {2144, -16}, {178, 178, 178, 255} }},
	{{ {9647, 1, 4666}, 0, {-16, 879}, {255, 255, 255, 255} }},
	{{ {9461, 1, 4888}, 0, {2144, 879}, {255, 255, 255, 255} }},
	{{ {9365, 112, 4429}, 0, {3992, -16}, {178, 178, 178, 255} }},
	{{ {9647, 112, 4666}, 0, {6152, -16}, {178, 178, 178, 255} }},
	{{ {9365, 1, 4429}, 0, {3992, 879}, {255, 255, 255, 255} }},
	{{ {9647, 1, 4666}, 0, {6152, 879}, {255, 255, 255, 255} }},
	{{ {9770, -697, 5212}, 0, {3992, -16}, {178, 178, 178, 255} }},
	{{ {10019, -697, 4917}, 0, {6152, -16}, {178, 178, 178, 255} }},
	{{ {9770, -807, 5212}, 0, {3992, 879}, {255, 255, 255, 255} }},
	{{ {10019, -807, 4917}, 0, {6152, 879}, {255, 255, 255, 255} }},
	{{ {10019, -697, 4917}, 0, {3992, -16}, {178, 178, 178, 255} }},
	{{ {10272, -697, 5130}, 0, {6152, -16}, {178, 178, 178, 255} }},
	{{ {10019, -807, 4917}, 0, {3992, 879}, {255, 255, 255, 255} }},
	{{ {10272, -807, 5130}, 0, {6152, 879}, {255, 255, 255, 255} }},
	{{ {2867, -642, 5412}, 0, {3992, -16}, {178, 178, 178, 255} }},
	{{ {2957, -642, 5137}, 0, {6152, -16}, {178, 178, 178, 255} }},
	{{ {2867, -752, 5412}, 0, {3992, 879}, {255, 255, 255, 255} }},
	{{ {2957, -752, 5137}, 0, {6152, 879}, {255, 255, 255, 255} }},
	{{ {3308, -642, 5253}, 0, {-16, -16}, {178, 178, 178, 255} }},
	{{ {3217, -642, 5528}, 0, {2144, -16}, {178, 178, 178, 255} }},
	{{ {3308, -752, 5253}, 0, {-16, 879}, {255, 255, 255, 255} }},
	{{ {3217, -752, 5528}, 0, {2144, 879}, {255, 255, 255, 255} }},
	{{ {2957, -642, 5137}, 0, {3992, -16}, {178, 178, 178, 255} }},
	{{ {3308, -642, 5253}, 0, {6152, -16}, {178, 178, 178, 255} }},
	{{ {2957, -752, 5137}, 0, {3992, 879}, {255, 255, 255, 255} }},
	{{ {3308, -752, 5253}, 0, {6152, 879}, {255, 255, 255, 255} }},
	{{ {3625, -1450, 5714}, 0, {3992, -16}, {178, 178, 178, 255} }},
	{{ {3746, -1450, 5348}, 0, {6152, -16}, {178, 178, 178, 255} }},
	{{ {3625, -1561, 5714}, 0, {3992, 879}, {255, 255, 255, 255} }},
	{{ {3746, -1561, 5348}, 0, {6152, 879}, {255, 255, 255, 255} }},
	{{ {3746, -1450, 5348}, 0, {3992, -16}, {178, 178, 178, 255} }},
	{{ {4060, -1450, 5452}, 0, {6152, -16}, {178, 178, 178, 255} }},
	{{ {3746, -1561, 5348}, 0, {3992, 879}, {255, 255, 255, 255} }},
	{{ {4060, -1561, 5452}, 0, {6152, 879}, {255, 255, 255, 255} }},
	{{ {-3441, 237, 5395}, 0, {3992, -16}, {178, 178, 178, 255} }},
	{{ {-3263, 237, 5167}, 0, {6152, -16}, {178, 178, 178, 255} }},
	{{ {-3441, 127, 5395}, 0, {3992, 879}, {255, 255, 255, 255} }},
	{{ {-3263, 127, 5167}, 0, {6152, 879}, {255, 255, 255, 255} }},
	{{ {-2972, 237, 5393}, 0, {-16, -16}, {178, 178, 178, 255} }},
	{{ {-3149, 237, 5622}, 0, {2144, -16}, {178, 178, 178, 255} }},
	{{ {-2972, 127, 5393}, 0, {-16, 879}, {255, 255, 255, 255} }},
	{{ {-3149, 127, 5622}, 0, {2144, 879}, {255, 255, 255, 255} }},
	{{ {-3263, 237, 5167}, 0, {3992, -16}, {178, 178, 178, 255} }},
	{{ {-2972, 237, 5393}, 0, {6152, -16}, {178, 178, 178, 255} }},
	{{ {-3263, 127, 5167}, 0, {3992, 879}, {255, 255, 255, 255} }},
	{{ {-2972, 127, 5393}, 0, {6152, 879}, {255, 255, 255, 255} }},
	{{ {-2827, -571, 5934}, 0, {3992, -16}, {178, 178, 178, 255} }},
	{{ {-2590, -571, 5629}, 0, {6152, -16}, {178, 178, 178, 255} }},
	{{ {-2827, -682, 5934}, 0, {3992, 879}, {255, 255, 255, 255} }},
	{{ {-2590, -682, 5629}, 0, {6152, 879}, {255, 255, 255, 255} }},
	{{ {-2590, -571, 5629}, 0, {3992, -16}, {178, 178, 178, 255} }},
	{{ {-2329, -571, 5831}, 0, {6152, -16}, {178, 178, 178, 255} }},
	{{ {-2590, -682, 5629}, 0, {3992, 879}, {255, 255, 255, 255} }},
	{{ {-2329, -682, 5831}, 0, {6152, 879}, {255, 255, 255, 255} }},
	{{ {-10168, -642, 5399}, 0, {3992, -16}, {178, 178, 178, 255} }},
	{{ {-10012, -642, 5155}, 0, {6152, -16}, {178, 178, 178, 255} }},
	{{ {-10168, -752, 5399}, 0, {3992, 879}, {255, 255, 255, 255} }},
	{{ {-10012, -752, 5155}, 0, {6152, 879}, {255, 255, 255, 255} }},
	{{ {-9701, -642, 5354}, 0, {-16, -16}, {178, 178, 178, 255} }},
	{{ {-9857, -642, 5598}, 0, {2144, -16}, {178, 178, 178, 255} }},
	{{ {-9701, -752, 5354}, 0, {-16, 879}, {255, 255, 255, 255} }},
	{{ {-9857, -752, 5598}, 0, {2144, 879}, {255, 255, 255, 255} }},
	{{ {-10012, -642, 5155}, 0, {3992, -16}, {178, 178, 178, 255} }},
	{{ {-9701, -642, 5354}, 0, {6152, -16}, {178, 178, 178, 255} }},
	{{ {-10012, -752, 5155}, 0, {3992, 879}, {255, 255, 255, 255} }},
	{{ {-9701, -752, 5354}, 0, {6152, 879}, {255, 255, 255, 255} }},
	{{ {-9508, -1450, 5880}, 0, {3992, -16}, {178, 178, 178, 255} }},
	{{ {-9300, -1450, 5555}, 0, {6152, -16}, {178, 178, 178, 255} }},
	{{ {-9508, -1561, 5880}, 0, {3992, 879}, {255, 255, 255, 255} }},
	{{ {-9300, -1561, 5555}, 0, {6152, 879}, {255, 255, 255, 255} }},
	{{ {-9300, -1450, 5555}, 0, {3992, -16}, {178, 178, 178, 255} }},
	{{ {-9021, -1450, 5733}, 0, {6152, -16}, {178, 178, 178, 255} }},
	{{ {-9300, -1561, 5555}, 0, {3992, 879}, {255, 255, 255, 255} }},
	{{ {-9021, -1561, 5733}, 0, {6152, 879}, {255, 255, 255, 255} }},
	{{ {7703, -642, -6688}, 0, {3992, -16}, {178, 178, 178, 255} }},
	{{ {7505, -642, -6477}, 0, {6152, -16}, {178, 178, 178, 255} }},
	{{ {7703, -752, -6688}, 0, {3992, 879}, {255, 255, 255, 255} }},
	{{ {7505, -752, -6477}, 0, {6152, 879}, {255, 255, 255, 255} }},
	{{ {7236, -642, -6729}, 0, {-16, -16}, {178, 178, 178, 255} }},
	{{ {7433, -642, -6940}, 0, {2144, -16}, {178, 178, 178, 255} }},
	{{ {7236, -752, -6729}, 0, {-16, 879}, {255, 255, 255, 255} }},
	{{ {7433, -752, -6940}, 0, {2144, 879}, {255, 255, 255, 255} }},
	{{ {7505, -642, -6477}, 0, {3992, -16}, {178, 178, 178, 255} }},
	{{ {7236, -642, -6729}, 0, {6152, -16}, {178, 178, 178, 255} }},
	{{ {7505, -752, -6477}, 0, {3992, 879}, {255, 255, 255, 255} }},
	{{ {7236, -752, -6729}, 0, {6152, 879}, {255, 255, 255, 255} }},
	{{ {7141, -1450, -7280}, 0, {3992, -16}, {178, 178, 178, 255} }},
	{{ {6877, -1450, -6998}, 0, {6152, -16}, {178, 178, 178, 255} }},
	{{ {7141, -1561, -7280}, 0, {3992, 879}, {255, 255, 255, 255} }},
	{{ {6877, -1561, -6998}, 0, {6152, 879}, {255, 255, 255, 255} }},
	{{ {6877, -1450, -6998}, 0, {3992, -16}, {178, 178, 178, 255} }},
	{{ {6635, -1450, -7224}, 0, {6152, -16}, {178, 178, 178, 255} }},
	{{ {6877, -1561, -6998}, 0, {3992, 879}, {255, 255, 255, 255} }},
	{{ {6635, -1561, -7224}, 0, {6152, 879}, {255, 255, 255, 255} }},
	{{ {2311, 49, -7505}, 0, {3992, -16}, {178, 178, 178, 255} }},
	{{ {2120, 49, -7288}, 0, {6152, -16}, {178, 178, 178, 255} }},
	{{ {2311, -62, -7505}, 0, {3992, 879}, {255, 255, 255, 255} }},
	{{ {2120, -62, -7288}, 0, {6152, 879}, {255, 255, 255, 255} }},
	{{ {1843, 49, -7532}, 0, {-16, -16}, {178, 178, 178, 255} }},
	{{ {2034, 49, -7749}, 0, {2144, -16}, {178, 178, 178, 255} }},
	{{ {1843, -62, -7532}, 0, {-16, 879}, {255, 255, 255, 255} }},
	{{ {2034, -62, -7749}, 0, {2144, 879}, {255, 255, 255, 255} }},
	{{ {2120, 49, -7288}, 0, {3992, -16}, {178, 178, 178, 255} }},
	{{ {1843, 49, -7532}, 0, {6152, -16}, {178, 178, 178, 255} }},
	{{ {2120, -62, -7288}, 0, {3992, 879}, {255, 255, 255, 255} }},
	{{ {1843, -62, -7532}, 0, {6152, 879}, {255, 255, 255, 255} }},
	{{ {1732, -759, -8080}, 0, {3992, -16}, {178, 178, 178, 255} }},
	{{ {1477, -759, -7790}, 0, {6152, -16}, {178, 178, 178, 255} }},
	{{ {1732, -870, -8080}, 0, {3992, 879}, {255, 255, 255, 255} }},
	{{ {1477, -870, -7790}, 0, {6152, 879}, {255, 255, 255, 255} }},
	{{ {1477, -759, -7790}, 0, {3992, -16}, {178, 178, 178, 255} }},
	{{ {1228, -759, -8009}, 0, {6152, -16}, {178, 178, 178, 255} }},
	{{ {1477, -870, -7790}, 0, {3992, 879}, {255, 255, 255, 255} }},
	{{ {1228, -870, -8009}, 0, {6152, 879}, {255, 255, 255, 255} }},
	{{ {-3295, -642, -6497}, 0, {3992, -16}, {178, 178, 178, 255} }},
	{{ {-3459, -642, -6258}, 0, {6152, -16}, {178, 178, 178, 255} }},
	{{ {-3295, -752, -6497}, 0, {3992, 879}, {255, 255, 255, 255} }},
	{{ {-3459, -752, -6258}, 0, {6152, 879}, {255, 255, 255, 255} }},
	{{ {-3763, -642, -6467}, 0, {-16, -16}, {178, 178, 178, 255} }},
	{{ {-3599, -642, -6706}, 0, {2144, -16}, {178, 178, 178, 255} }},
	{{ {-3763, -752, -6467}, 0, {-16, 879}, {255, 255, 255, 255} }},
	{{ {-3599, -752, -6706}, 0, {2144, 879}, {255, 255, 255, 255} }},
	{{ {-3459, -642, -6258}, 0, {3992, -16}, {178, 178, 178, 255} }},
	{{ {-3763, -642, -6467}, 0, {6152, -16}, {178, 178, 178, 255} }},
	{{ {-3459, -752, -6258}, 0, {3992, 879}, {255, 255, 255, 255} }},
	{{ {-3763, -752, -6467}, 0, {6152, 879}, {255, 255, 255, 255} }},
	{{ {-3939, -1450, -6998}, 0, {3992, -16}, {178, 178, 178, 255} }},
	{{ {-4158, -1450, -6680}, 0, {6152, -16}, {178, 178, 178, 255} }},
	{{ {-3939, -1561, -6998}, 0, {3992, 879}, {255, 255, 255, 255} }},
	{{ {-4158, -1561, -6680}, 0, {6152, 879}, {255, 255, 255, 255} }},
	{{ {-4158, -1450, -6680}, 0, {3992, -16}, {178, 178, 178, 255} }},
	{{ {-4430, -1450, -6867}, 0, {6152, -16}, {178, 178, 178, 255} }},
	{{ {-4158, -1561, -6680}, 0, {3992, 879}, {255, 255, 255, 255} }},
	{{ {-4430, -1561, -6867}, 0, {6152, 879}, {255, 255, 255, 255} }},
	{{ {-8925, 300, -6798}, 0, {3992, -16}, {178, 178, 178, 255} }},
	{{ {-9064, 300, -6544}, 0, {6152, -16}, {178, 178, 178, 255} }},
	{{ {-8925, 189, -6798}, 0, {3992, 879}, {255, 255, 255, 255} }},
	{{ {-9064, 189, -6544}, 0, {6152, 879}, {255, 255, 255, 255} }},
	{{ {-9387, 300, -6722}, 0, {-16, -16}, {178, 178, 178, 255} }},
	{{ {-9248, 300, -6975}, 0, {2144, -16}, {178, 178, 178, 255} }},
	{{ {-9387, 189, -6722}, 0, {-16, 879}, {255, 255, 255, 255} }},
	{{ {-9248, 189, -6975}, 0, {2144, 879}, {255, 255, 255, 255} }},
	{{ {-9064, 300, -6544}, 0, {3992, -16}, {178, 178, 178, 255} }},
	{{ {-9387, 300, -6722}, 0, {6152, -16}, {178, 178, 178, 255} }},
	{{ {-9064, 189, -6544}, 0, {3992, 879}, {255, 255, 255, 255} }},
	{{ {-9387, 189, -6722}, 0, {6152, 879}, {255, 255, 255, 255} }},
	{{ {-9616, -508, -7233}, 0, {3992, -16}, {178, 178, 178, 255} }},
	{{ {-9802, -508, -6894}, 0, {6152, -16}, {178, 178, 178, 255} }},
	{{ {-9616, -619, -7233}, 0, {3992, 879}, {255, 255, 255, 255} }},
	{{ {-9802, -619, -6894}, 0, {6152, 879}, {255, 255, 255, 255} }},
	{{ {-9802, -508, -6894}, 0, {3992, -16}, {178, 178, 178, 255} }},
	{{ {-10092, -508, -7053}, 0, {6152, -16}, {178, 178, 178, 255} }},
	{{ {-9802, -619, -6894}, 0, {3992, 879}, {255, 255, 255, 255} }},
	{{ {-10092, -619, -7053}, 0, {6152, 879}, {255, 255, 255, 255} }},
};

Vtx ss1_space_object_012539D4_mesh_layer_1_vtx_12[136] = {
	{{ {9491, 5339, 4057}, 0, {-16, -16}, {0, 0, 0, 255} }},
	{{ {9491, 4341, 4057}, 0, {-16, 2032}, {255, 255, 255, 255} }},
	{{ {8703, 5339, 5006}, 0, {4096, -16}, {0, 0, 0, 255} }},
	{{ {8703, 4341, 5006}, 0, {4096, 2032}, {255, 255, 255, 255} }},
	{{ {10582, 5339, 4963}, 0, {2715, -16}, {0, 0, 0, 255} }},
	{{ {11161, 5339, 5418}, 0, {4096, -16}, {0, 0, 0, 255} }},
	{{ {10582, 4341, 4963}, 0, {2715, 2032}, {255, 255, 255, 255} }},
	{{ {9491, 5339, 4057}, 0, {64, -16}, {0, 0, 0, 255} }},
	{{ {9491, 4341, 4057}, 0, {64, 2032}, {255, 255, 255, 255} }},
	{{ {9491, 1156, 4057}, 0, {-16, 2032}, {255, 255, 255, 255} }},
	{{ {9491, 1831, 4057}, 0, {-16, -16}, {140, 190, 255, 255} }},
	{{ {10582, 1156, 4963}, 0, {4072, 2032}, {255, 255, 255, 255} }},
	{{ {10582, 1831, 4963}, 0, {4072, -16}, {140, 190, 255, 255} }},
	{{ {8703, 1156, 5006}, 0, {-16, 2032}, {255, 255, 255, 255} }},
	{{ {8703, 1831, 5006}, 0, {-16, -16}, {140, 190, 255, 255} }},
	{{ {9491, 1156, 4057}, 0, {4072, 2032}, {255, 255, 255, 255} }},
	{{ {9491, 1831, 4057}, 0, {4072, -16}, {140, 190, 255, 255} }},
	{{ {2937, 5339, 4745}, 0, {-16, -16}, {0, 0, 0, 255} }},
	{{ {2937, 4341, 4745}, 0, {-16, 2032}, {255, 255, 255, 255} }},
	{{ {2557, 5339, 5919}, 0, {4096, -16}, {0, 0, 0, 255} }},
	{{ {2557, 4341, 5919}, 0, {4096, 2032}, {255, 255, 255, 255} }},
	{{ {4286, 5339, 5182}, 0, {2715, -16}, {0, 0, 0, 255} }},
	{{ {4993, 5339, 5389}, 0, {4096, -16}, {0, 0, 0, 255} }},
	{{ {4286, 4341, 5182}, 0, {2715, 2032}, {255, 255, 255, 255} }},
	{{ {2937, 5339, 4745}, 0, {64, -16}, {0, 0, 0, 255} }},
	{{ {2937, 4341, 4745}, 0, {64, 2032}, {255, 255, 255, 255} }},
	{{ {2937, 402, 4745}, 0, {-16, 2032}, {255, 255, 255, 255} }},
	{{ {2937, 1078, 4745}, 0, {-16, -16}, {140, 190, 255, 255} }},
	{{ {4286, 402, 5182}, 0, {4072, 2032}, {255, 255, 255, 255} }},
	{{ {4286, 1078, 5182}, 0, {4072, -16}, {140, 190, 255, 255} }},
	{{ {2557, 402, 5919}, 0, {-16, 2032}, {255, 255, 255, 255} }},
	{{ {2557, 1078, 5919}, 0, {-16, -16}, {140, 190, 255, 255} }},
	{{ {2937, 402, 4745}, 0, {4072, 2032}, {255, 255, 255, 255} }},
	{{ {2937, 1078, 4745}, 0, {4072, -16}, {140, 190, 255, 255} }},
	{{ {-3152, 5339, 4791}, 0, {-16, -16}, {0, 0, 0, 255} }},
	{{ {-3152, 4341, 4791}, 0, {-16, 2032}, {255, 255, 255, 255} }},
	{{ {-3902, 5339, 5770}, 0, {4096, -16}, {0, 0, 0, 255} }},
	{{ {-3902, 4341, 5770}, 0, {4096, 2032}, {255, 255, 255, 255} }},
	{{ {-2026, 5339, 5652}, 0, {2715, -16}, {0, 0, 0, 255} }},
	{{ {-1429, 5339, 6083}, 0, {4096, -16}, {0, 0, 0, 255} }},
	{{ {-2026, 4341, 5652}, 0, {2715, 2032}, {255, 255, 255, 255} }},
	{{ {-3152, 5339, 4791}, 0, {64, -16}, {0, 0, 0, 255} }},
	{{ {-3152, 4341, 4791}, 0, {64, 2032}, {255, 255, 255, 255} }},
	{{ {-3152, 1281, 4791}, 0, {-16, 2032}, {255, 255, 255, 255} }},
	{{ {-3152, 1956, 4791}, 0, {-16, -16}, {140, 190, 255, 255} }},
	{{ {-2026, 1281, 5652}, 0, {4072, 2032}, {255, 255, 255, 255} }},
	{{ {-2026, 1956, 5652}, 0, {4072, -16}, {140, 190, 255, 255} }},
	{{ {-3902, 1281, 5770}, 0, {-16, 2032}, {255, 255, 255, 255} }},
	{{ {-3902, 1956, 5770}, 0, {-16, -16}, {140, 190, 255, 255} }},
	{{ {-3152, 1281, 4791}, 0, {4072, 2032}, {255, 255, 255, 255} }},
	{{ {-3152, 1956, 4791}, 0, {4072, -16}, {140, 190, 255, 255} }},
	{{ {-9935, 5339, 4771}, 0, {-16, -16}, {0, 0, 0, 255} }},
	{{ {-9935, 4341, 4771}, 0, {-16, 2032}, {255, 255, 255, 255} }},
	{{ {-10594, 5339, 5814}, 0, {4096, -16}, {0, 0, 0, 255} }},
	{{ {-10594, 4341, 5814}, 0, {4096, 2032}, {255, 255, 255, 255} }},
	{{ {-8736, 5339, 5528}, 0, {2715, -16}, {0, 0, 0, 255} }},
	{{ {-8102, 5339, 5903}, 0, {4096, -16}, {0, 0, 0, 255} }},
	{{ {-8736, 4341, 5528}, 0, {2715, 2032}, {255, 255, 255, 255} }},
	{{ {-9935, 5339, 4771}, 0, {64, -16}, {0, 0, 0, 255} }},
	{{ {-9935, 4341, 4771}, 0, {64, 2032}, {255, 255, 255, 255} }},
	{{ {-9935, 402, 4771}, 0, {-16, 2032}, {255, 255, 255, 255} }},
	{{ {-9935, 1078, 4771}, 0, {-16, -16}, {140, 190, 255, 255} }},
	{{ {-8736, 402, 5528}, 0, {4072, 2032}, {255, 255, 255, 255} }},
	{{ {-8736, 1078, 5528}, 0, {4072, -16}, {140, 190, 255, 255} }},
	{{ {-10594, 402, 5814}, 0, {-16, 2032}, {255, 255, 255, 255} }},
	{{ {-10594, 1078, 5814}, 0, {-16, -16}, {140, 190, 255, 255} }},
	{{ {-9935, 402, 4771}, 0, {4072, 2032}, {255, 255, 255, 255} }},
	{{ {-9935, 1078, 4771}, 0, {4072, -16}, {140, 190, 255, 255} }},
	{{ {7360, 5339, -6112}, 0, {-16, -16}, {0, 0, 0, 255} }},
	{{ {7360, 4341, -6112}, 0, {-16, 2032}, {255, 255, 255, 255} }},
	{{ {8196, 5339, -7019}, 0, {4096, -16}, {0, 0, 0, 255} }},
	{{ {8196, 4341, -7019}, 0, {4096, 2032}, {255, 255, 255, 255} }},
	{{ {6318, 5339, -7073}, 0, {2715, -16}, {0, 0, 0, 255} }},
	{{ {5762, 5339, -7557}, 0, {4096, -16}, {0, 0, 0, 255} }},
	{{ {6318, 4341, -7073}, 0, {2715, 2032}, {255, 255, 255, 255} }},
	{{ {7360, 5339, -6112}, 0, {64, -16}, {0, 0, 0, 255} }},
	{{ {7360, 4341, -6112}, 0, {64, 2032}, {255, 255, 255, 255} }},
	{{ {7360, 402, -6112}, 0, {-16, 2032}, {255, 255, 255, 255} }},
	{{ {7360, 1078, -6112}, 0, {-16, -16}, {140, 190, 255, 255} }},
	{{ {6318, 402, -7073}, 0, {4072, 2032}, {255, 255, 255, 255} }},
	{{ {6318, 1078, -7073}, 0, {4072, -16}, {140, 190, 255, 255} }},
	{{ {8196, 402, -7019}, 0, {-16, 2032}, {255, 255, 255, 255} }},
	{{ {8196, 1078, -7019}, 0, {-16, -16}, {140, 190, 255, 255} }},
	{{ {7360, 402, -6112}, 0, {4072, 2032}, {255, 255, 255, 255} }},
	{{ {7360, 1078, -6112}, 0, {4072, -16}, {140, 190, 255, 255} }},
	{{ {1986, 5339, -6919}, 0, {-16, -16}, {0, 0, 0, 255} }},
	{{ {1986, 4341, -6919}, 0, {-16, 2032}, {255, 255, 255, 255} }},
	{{ {2795, 5339, -7851}, 0, {4096, -16}, {0, 0, 0, 255} }},
	{{ {2795, 4341, -7851}, 0, {4096, 2032}, {255, 255, 255, 255} }},
	{{ {915, 5339, -7849}, 0, {2715, -16}, {0, 0, 0, 255} }},
	{{ {345, 5339, -8315}, 0, {4096, -16}, {0, 0, 0, 255} }},
	{{ {915, 4341, -7849}, 0, {2715, 2032}, {255, 255, 255, 255} }},
	{{ {1986, 5339, -6919}, 0, {64, -16}, {0, 0, 0, 255} }},
	{{ {1986, 4341, -6919}, 0, {64, 2032}, {255, 255, 255, 255} }},
	{{ {1986, 1093, -6919}, 0, {-16, 2032}, {255, 255, 255, 255} }},
	{{ {1986, 1768, -6919}, 0, {-16, -16}, {140, 190, 255, 255} }},
	{{ {915, 1093, -7849}, 0, {4072, 2032}, {255, 255, 255, 255} }},
	{{ {915, 1768, -7849}, 0, {4072, -16}, {140, 190, 255, 255} }},
	{{ {2795, 1093, -7851}, 0, {-16, 2032}, {255, 255, 255, 255} }},
	{{ {2795, 1768, -7851}, 0, {-16, -16}, {140, 190, 255, 255} }},
	{{ {1986, 1093, -6919}, 0, {4072, 2032}, {255, 255, 255, 255} }},
	{{ {1986, 1768, -6919}, 0, {4072, -16}, {140, 190, 255, 255} }},
	{{ {-3548, 5339, -5876}, 0, {-16, -16}, {0, 0, 0, 255} }},
	{{ {-3548, 4341, -5876}, 0, {-16, 2032}, {255, 255, 255, 255} }},
	{{ {-2856, 5339, -6898}, 0, {4096, -16}, {0, 0, 0, 255} }},
	{{ {-2856, 4341, -6898}, 0, {4096, 2032}, {255, 255, 255, 255} }},
	{{ {-4722, 5339, -6671}, 0, {2715, -16}, {0, 0, 0, 255} }},
	{{ {-5344, 5339, -7066}, 0, {4096, -16}, {0, 0, 0, 255} }},
	{{ {-4722, 4341, -6671}, 0, {2715, 2032}, {255, 255, 255, 255} }},
	{{ {-3548, 5339, -5876}, 0, {64, -16}, {0, 0, 0, 255} }},
	{{ {-3548, 4341, -5876}, 0, {64, 2032}, {255, 255, 255, 255} }},
	{{ {-3548, 402, -5876}, 0, {-16, 2032}, {255, 255, 255, 255} }},
	{{ {-3548, 1078, -5876}, 0, {-16, -16}, {140, 190, 255, 255} }},
	{{ {-4722, 402, -6671}, 0, {4072, 2032}, {255, 255, 255, 255} }},
	{{ {-4722, 1078, -6671}, 0, {4072, -16}, {140, 190, 255, 255} }},
	{{ {-2856, 402, -6898}, 0, {-16, 2032}, {255, 255, 255, 255} }},
	{{ {-2856, 1078, -6898}, 0, {-16, -16}, {140, 190, 255, 255} }},
	{{ {-3548, 402, -5876}, 0, {4072, 2032}, {255, 255, 255, 255} }},
	{{ {-3548, 1078, -5876}, 0, {4072, -16}, {140, 190, 255, 255} }},
	{{ {-9114, 5339, -6155}, 0, {-16, -16}, {0, 0, 0, 255} }},
	{{ {-9114, 4341, -6155}, 0, {-16, 2032}, {255, 255, 255, 255} }},
	{{ {-8529, 5339, -7241}, 0, {4096, -16}, {0, 0, 0, 255} }},
	{{ {-8529, 4341, -7241}, 0, {4096, 2032}, {255, 255, 255, 255} }},
	{{ {-10362, 5339, -6829}, 0, {2715, -16}, {0, 0, 0, 255} }},
	{{ {-11020, 5339, -7160}, 0, {4096, -16}, {0, 0, 0, 255} }},
	{{ {-10362, 4341, -6829}, 0, {2715, 2032}, {255, 255, 255, 255} }},
	{{ {-9114, 5339, -6155}, 0, {64, -16}, {0, 0, 0, 255} }},
	{{ {-9114, 4341, -6155}, 0, {64, 2032}, {255, 255, 255, 255} }},
	{{ {-9114, 1344, -6155}, 0, {-16, 2032}, {255, 255, 255, 255} }},
	{{ {-9114, 2019, -6155}, 0, {-16, -16}, {140, 190, 255, 255} }},
	{{ {-10362, 1344, -6829}, 0, {4072, 2032}, {255, 255, 255, 255} }},
	{{ {-10362, 2019, -6829}, 0, {4072, -16}, {140, 190, 255, 255} }},
	{{ {-8529, 1344, -7241}, 0, {-16, 2032}, {255, 255, 255, 255} }},
	{{ {-8529, 2019, -7241}, 0, {-16, -16}, {140, 190, 255, 255} }},
	{{ {-9114, 1344, -6155}, 0, {4072, 2032}, {255, 255, 255, 255} }},
	{{ {-9114, 2019, -6155}, 0, {4072, -16}, {140, 190, 255, 255} }},
};

Vtx ss1_space_object_012539D4_mesh_layer_1_vtx_13[64] = {
	{{ {9179, 1, 4650}, 0, {-16, -16}, {255, 255, 255, 255} }},
	{{ {9365, 1, 4429}, 0, {-16, 2032}, {255, 255, 255, 255} }},
	{{ {9461, 1, 4888}, 0, {2040, -16}, {255, 255, 255, 255} }},
	{{ {9647, 1, 4666}, 0, {2040, 2032}, {255, 255, 255, 255} }},
	{{ {9770, -807, 5212}, 0, {-16, -16}, {255, 255, 255, 255} }},
	{{ {10019, -807, 4917}, 0, {-16, 2032}, {255, 255, 255, 255} }},
	{{ {10023, -807, 5426}, 0, {2040, -16}, {255, 255, 255, 255} }},
	{{ {10272, -807, 5130}, 0, {2040, 2032}, {255, 255, 255, 255} }},
	{{ {2867, -752, 5412}, 0, {-16, -16}, {255, 255, 255, 255} }},
	{{ {2957, -752, 5137}, 0, {-16, 2032}, {255, 255, 255, 255} }},
	{{ {3217, -752, 5528}, 0, {2040, -16}, {255, 255, 255, 255} }},
	{{ {3308, -752, 5253}, 0, {2040, 2032}, {255, 255, 255, 255} }},
	{{ {3625, -1561, 5714}, 0, {-16, -16}, {255, 255, 255, 255} }},
	{{ {3746, -1561, 5348}, 0, {-16, 2032}, {255, 255, 255, 255} }},
	{{ {3939, -1561, 5819}, 0, {2040, -16}, {255, 255, 255, 255} }},
	{{ {4060, -1561, 5452}, 0, {2040, 2032}, {255, 255, 255, 255} }},
	{{ {-3441, 127, 5395}, 0, {-16, -16}, {255, 255, 255, 255} }},
	{{ {-3263, 127, 5167}, 0, {-16, 2032}, {255, 255, 255, 255} }},
	{{ {-3149, 127, 5622}, 0, {2040, -16}, {255, 255, 255, 255} }},
	{{ {-2972, 127, 5393}, 0, {2040, 2032}, {255, 255, 255, 255} }},
	{{ {-2827, -682, 5934}, 0, {-16, -16}, {255, 255, 255, 255} }},
	{{ {-2590, -682, 5629}, 0, {-16, 2032}, {255, 255, 255, 255} }},
	{{ {-2565, -682, 6137}, 0, {2040, -16}, {255, 255, 255, 255} }},
	{{ {-2329, -682, 5831}, 0, {2040, 2032}, {255, 255, 255, 255} }},
	{{ {-10168, -752, 5399}, 0, {-16, -16}, {255, 255, 255, 255} }},
	{{ {-10012, -752, 5155}, 0, {-16, 2032}, {255, 255, 255, 255} }},
	{{ {-9857, -752, 5598}, 0, {2040, -16}, {255, 255, 255, 255} }},
	{{ {-9701, -752, 5354}, 0, {2040, 2032}, {255, 255, 255, 255} }},
	{{ {-9508, -1561, 5880}, 0, {-16, -16}, {255, 255, 255, 255} }},
	{{ {-9300, -1561, 5555}, 0, {-16, 2032}, {255, 255, 255, 255} }},
	{{ {-9230, -1561, 6058}, 0, {2040, -16}, {255, 255, 255, 255} }},
	{{ {-9021, -1561, 5733}, 0, {2040, 2032}, {255, 255, 255, 255} }},
	{{ {7703, -752, -6688}, 0, {-16, -16}, {255, 255, 255, 255} }},
	{{ {7505, -752, -6477}, 0, {-16, 2032}, {255, 255, 255, 255} }},
	{{ {7433, -752, -6940}, 0, {2040, -16}, {255, 255, 255, 255} }},
	{{ {7236, -752, -6729}, 0, {2040, 2032}, {255, 255, 255, 255} }},
	{{ {7141, -1561, -7280}, 0, {-16, -16}, {255, 255, 255, 255} }},
	{{ {6877, -1561, -6998}, 0, {-16, 2032}, {255, 255, 255, 255} }},
	{{ {6899, -1561, -7506}, 0, {2040, -16}, {255, 255, 255, 255} }},
	{{ {6635, -1561, -7224}, 0, {2040, 2032}, {255, 255, 255, 255} }},
	{{ {2311, -62, -7505}, 0, {-16, -16}, {255, 255, 255, 255} }},
	{{ {2120, -62, -7288}, 0, {-16, 2032}, {255, 255, 255, 255} }},
	{{ {2034, -62, -7749}, 0, {2040, -16}, {255, 255, 255, 255} }},
	{{ {1843, -62, -7532}, 0, {2040, 2032}, {255, 255, 255, 255} }},
	{{ {1732, -870, -8080}, 0, {-16, -16}, {255, 255, 255, 255} }},
	{{ {1477, -870, -7790}, 0, {-16, 2032}, {255, 255, 255, 255} }},
	{{ {1483, -870, -8299}, 0, {2040, -16}, {255, 255, 255, 255} }},
	{{ {1228, -870, -8009}, 0, {2040, 2032}, {255, 255, 255, 255} }},
	{{ {-3295, -752, -6497}, 0, {-16, -16}, {255, 255, 255, 255} }},
	{{ {-3459, -752, -6258}, 0, {-16, 2032}, {255, 255, 255, 255} }},
	{{ {-3599, -752, -6706}, 0, {2040, -16}, {255, 255, 255, 255} }},
	{{ {-3763, -752, -6467}, 0, {2040, 2032}, {255, 255, 255, 255} }},
	{{ {-3939, -1561, -6998}, 0, {-16, -16}, {255, 255, 255, 255} }},
	{{ {-4158, -1561, -6680}, 0, {-16, 2032}, {255, 255, 255, 255} }},
	{{ {-4212, -1561, -7186}, 0, {2040, -16}, {255, 255, 255, 255} }},
	{{ {-4430, -1561, -6867}, 0, {2040, 2032}, {255, 255, 255, 255} }},
	{{ {-8925, 189, -6798}, 0, {-16, -16}, {255, 255, 255, 255} }},
	{{ {-9064, 189, -6544}, 0, {-16, 2032}, {255, 255, 255, 255} }},
	{{ {-9248, 189, -6975}, 0, {2040, -16}, {255, 255, 255, 255} }},
	{{ {-9387, 189, -6722}, 0, {2040, 2032}, {255, 255, 255, 255} }},
	{{ {-9616, -619, -7233}, 0, {-16, -16}, {255, 255, 255, 255} }},
	{{ {-9802, -619, -6894}, 0, {-16, 2032}, {255, 255, 255, 255} }},
	{{ {-9906, -619, -7392}, 0, {2040, -16}, {255, 255, 255, 255} }},
	{{ {-10092, -619, -7053}, 0, {2040, 2032}, {255, 255, 255, 255} }},
};

Vtx ss1_space_object_012539D4_mesh_layer_1_vtx_14[64] = {
	{{ {9491, 1831, 4057}, 0, {4072, -2072}, {255, 255, 255, 255} }},
	{{ {9491, 4341, 4057}, 0, {4072, 2032}, {255, 255, 255, 255} }},
	{{ {10582, 1831, 4963}, 0, {-16, -2072}, {255, 255, 255, 255} }},
	{{ {10582, 4341, 4963}, 0, {-16, 2032}, {255, 255, 255, 255} }},
	{{ {8703, 1831, 5006}, 0, {8, -2072}, {255, 255, 255, 255} }},
	{{ {8703, 4341, 5006}, 0, {8, 2032}, {255, 255, 255, 255} }},
	{{ {9491, 1831, 4057}, 0, {4096, -2072}, {255, 255, 255, 255} }},
	{{ {9491, 4341, 4057}, 0, {4096, 2032}, {255, 255, 255, 255} }},
	{{ {-3152, 1956, 4791}, 0, {4072, -2072}, {255, 255, 255, 255} }},
	{{ {-3152, 4341, 4791}, 0, {4072, 2032}, {255, 255, 255, 255} }},
	{{ {-2026, 1956, 5652}, 0, {-16, -2072}, {255, 255, 255, 255} }},
	{{ {-2026, 4341, 5652}, 0, {-16, 2032}, {255, 255, 255, 255} }},
	{{ {-3902, 1956, 5770}, 0, {8, -2072}, {255, 255, 255, 255} }},
	{{ {-3902, 4341, 5770}, 0, {8, 2032}, {255, 255, 255, 255} }},
	{{ {-3152, 1956, 4791}, 0, {4096, -2072}, {255, 255, 255, 255} }},
	{{ {-3152, 4341, 4791}, 0, {4096, 2032}, {255, 255, 255, 255} }},
	{{ {1986, 1768, -6919}, 0, {4072, -2072}, {255, 255, 255, 255} }},
	{{ {1986, 4341, -6919}, 0, {4072, 2032}, {255, 255, 255, 255} }},
	{{ {915, 1768, -7849}, 0, {-16, -2072}, {255, 255, 255, 255} }},
	{{ {915, 4341, -7849}, 0, {-16, 2032}, {255, 255, 255, 255} }},
	{{ {2795, 1768, -7851}, 0, {8, -2072}, {255, 255, 255, 255} }},
	{{ {2795, 4341, -7851}, 0, {8, 2032}, {255, 255, 255, 255} }},
	{{ {1986, 1768, -6919}, 0, {4096, -2072}, {255, 255, 255, 255} }},
	{{ {1986, 4341, -6919}, 0, {4096, 2032}, {255, 255, 255, 255} }},
	{{ {-9114, 2019, -6155}, 0, {4072, -2072}, {255, 255, 255, 255} }},
	{{ {-9114, 4341, -6155}, 0, {4072, 2032}, {255, 255, 255, 255} }},
	{{ {-10362, 2019, -6829}, 0, {-16, -2072}, {255, 255, 255, 255} }},
	{{ {-10362, 4341, -6829}, 0, {-16, 2032}, {255, 255, 255, 255} }},
	{{ {-8529, 2019, -7241}, 0, {8, -2072}, {255, 255, 255, 255} }},
	{{ {-8529, 4341, -7241}, 0, {8, 2032}, {255, 255, 255, 255} }},
	{{ {-9114, 2019, -6155}, 0, {4096, -2072}, {255, 255, 255, 255} }},
	{{ {-9114, 4341, -6155}, 0, {4096, 2032}, {255, 255, 255, 255} }},
	{{ {2937, 1078, 4745}, 0, {4072, -4128}, {255, 255, 255, 255} }},
	{{ {2937, 4341, 4745}, 0, {4072, 2032}, {255, 255, 255, 255} }},
	{{ {4286, 1078, 5182}, 0, {-16, -4128}, {255, 255, 255, 255} }},
	{{ {4286, 4341, 5182}, 0, {-16, 2032}, {255, 255, 255, 255} }},
	{{ {2557, 1078, 5919}, 0, {8, -4128}, {255, 255, 255, 255} }},
	{{ {2557, 4341, 5919}, 0, {8, 2032}, {255, 255, 255, 255} }},
	{{ {2937, 1078, 4745}, 0, {4096, -4128}, {255, 255, 255, 255} }},
	{{ {2937, 4341, 4745}, 0, {4096, 2032}, {255, 255, 255, 255} }},
	{{ {-9935, 1078, 4771}, 0, {4072, -4128}, {255, 255, 255, 255} }},
	{{ {-9935, 4341, 4771}, 0, {4072, 2032}, {255, 255, 255, 255} }},
	{{ {-8736, 1078, 5528}, 0, {-16, -4128}, {255, 255, 255, 255} }},
	{{ {-8736, 4341, 5528}, 0, {-16, 2032}, {255, 255, 255, 255} }},
	{{ {-10594, 1078, 5814}, 0, {8, -4128}, {255, 255, 255, 255} }},
	{{ {-10594, 4341, 5814}, 0, {8, 2032}, {255, 255, 255, 255} }},
	{{ {-9935, 1078, 4771}, 0, {4096, -4128}, {255, 255, 255, 255} }},
	{{ {-9935, 4341, 4771}, 0, {4096, 2032}, {255, 255, 255, 255} }},
	{{ {7360, 1078, -6112}, 0, {4072, -4128}, {255, 255, 255, 255} }},
	{{ {7360, 4341, -6112}, 0, {4072, 2032}, {255, 255, 255, 255} }},
	{{ {6318, 1078, -7073}, 0, {-16, -4128}, {255, 255, 255, 255} }},
	{{ {6318, 4341, -7073}, 0, {-16, 2032}, {255, 255, 255, 255} }},
	{{ {8196, 1078, -7019}, 0, {8, -4128}, {255, 255, 255, 255} }},
	{{ {8196, 4341, -7019}, 0, {8, 2032}, {255, 255, 255, 255} }},
	{{ {7360, 1078, -6112}, 0, {4096, -4128}, {255, 255, 255, 255} }},
	{{ {7360, 4341, -6112}, 0, {4096, 2032}, {255, 255, 255, 255} }},
	{{ {-3548, 1078, -5876}, 0, {4072, -4128}, {255, 255, 255, 255} }},
	{{ {-3548, 4341, -5876}, 0, {4072, 2032}, {255, 255, 255, 255} }},
	{{ {-4722, 1078, -6671}, 0, {-16, -4128}, {255, 255, 255, 255} }},
	{{ {-4722, 4341, -6671}, 0, {-16, 2032}, {255, 255, 255, 255} }},
	{{ {-2856, 1078, -6898}, 0, {8, -4128}, {255, 255, 255, 255} }},
	{{ {-2856, 4341, -6898}, 0, {8, 2032}, {255, 255, 255, 255} }},
	{{ {-3548, 1078, -5876}, 0, {4096, -4128}, {255, 255, 255, 255} }},
	{{ {-3548, 4341, -5876}, 0, {4096, 2032}, {255, 255, 255, 255} }},
};

Vtx ss1_space_object_012539D4_mesh_layer_1_vtx_15[64] = {
	{{ {9201, 783, 4710}, 0, {2040, 2032}, {255, 255, 255, 255} }},
	{{ {8959, 783, 4997}, 0, {-16, 2032}, {255, 255, 255, 255} }},
	{{ {9201, 908, 4710}, 0, {2040, -16}, {255, 255, 255, 255} }},
	{{ {8959, 908, 4997}, 0, {-16, -16}, {255, 255, 255, 255} }},
	{{ {9345, 305, 4367}, 0, {-16, 2032}, {255, 255, 255, 255} }},
	{{ {9116, 305, 4639}, 0, {2040, 2032}, {255, 255, 255, 255} }},
	{{ {9345, 531, 4367}, 0, {-16, -16}, {255, 255, 255, 255} }},
	{{ {9116, 531, 4639}, 0, {2040, -16}, {255, 255, 255, 255} }},
	{{ {2909, 29, 5460}, 0, {2040, 2032}, {255, 255, 255, 255} }},
	{{ {2791, 29, 5816}, 0, {-16, 2032}, {255, 255, 255, 255} }},
	{{ {2909, 155, 5460}, 0, {2040, -16}, {255, 255, 255, 255} }},
	{{ {2791, 155, 5816}, 0, {-16, -16}, {255, 255, 255, 255} }},
	{{ {2916, -448, 5087}, 0, {-16, 2032}, {255, 255, 255, 255} }},
	{{ {2804, -448, 5425}, 0, {2040, 2032}, {255, 255, 255, 255} }},
	{{ {2916, -222, 5087}, 0, {-16, -16}, {255, 255, 255, 255} }},
	{{ {2804, -222, 5425}, 0, {2040, -16}, {255, 255, 255, 255} }},
	{{ {-3416, 908, 5455}, 0, {2040, 2032}, {255, 255, 255, 255} }},
	{{ {-3646, 908, 5751}, 0, {-16, 2032}, {255, 255, 255, 255} }},
	{{ {-3416, 1034, 5455}, 0, {2040, -16}, {255, 255, 255, 255} }},
	{{ {-3646, 1034, 5751}, 0, {-16, -16}, {255, 255, 255, 255} }},
	{{ {-3286, 431, 5106}, 0, {-16, 2032}, {255, 255, 255, 255} }},
	{{ {-3504, 431, 5387}, 0, {2040, 2032}, {255, 255, 255, 255} }},
	{{ {-3286, 657, 5106}, 0, {-16, -16}, {255, 255, 255, 255} }},
	{{ {-3504, 657, 5387}, 0, {2040, -16}, {255, 255, 255, 255} }},
	{{ {-10138, 29, 5456}, 0, {2040, 2032}, {255, 255, 255, 255} }},
	{{ {-10341, 29, 5772}, 0, {-16, 2032}, {255, 255, 255, 255} }},
	{{ {-10138, 155, 5456}, 0, {2040, -16}, {255, 255, 255, 255} }},
	{{ {-10341, 155, 5772}, 0, {-16, -16}, {255, 255, 255, 255} }},
	{{ {-10040, -448, 5097}, 0, {-16, 2032}, {255, 255, 255, 255} }},
	{{ {-10232, -448, 5396}, 0, {2040, 2032}, {255, 255, 255, 255} }},
	{{ {-10040, -222, 5097}, 0, {-16, -16}, {255, 255, 255, 255} }},
	{{ {-10232, -222, 5396}, 0, {2040, -16}, {255, 255, 255, 255} }},
	{{ {7684, 29, -6750}, 0, {2040, 2032}, {255, 255, 255, 255} }},
	{{ {7940, 29, -7024}, 0, {-16, 2032}, {255, 255, 255, 255} }},
	{{ {7684, 155, -6750}, 0, {2040, -16}, {255, 255, 255, 255} }},
	{{ {7940, 155, -7024}, 0, {-16, -16}, {255, 255, 255, 255} }},
	{{ {7522, -448, -6414}, 0, {-16, 2032}, {255, 255, 255, 255} }},
	{{ {7765, -448, -6674}, 0, {2040, 2032}, {255, 255, 255, 255} }},
	{{ {7522, -222, -6414}, 0, {-16, -16}, {255, 255, 255, 255} }},
	{{ {7765, -222, -6674}, 0, {2040, -16}, {255, 255, 255, 255} }},
	{{ {2291, 720, -7566}, 0, {2040, 2032}, {255, 255, 255, 255} }},
	{{ {2538, 720, -7848}, 0, {-16, 2032}, {255, 255, 255, 255} }},
	{{ {2291, 845, -7566}, 0, {2040, -16}, {255, 255, 255, 255} }},
	{{ {2538, 845, -7848}, 0, {-16, -16}, {255, 255, 255, 255} }},
	{{ {2139, 242, -7226}, 0, {-16, 2032}, {255, 255, 255, 255} }},
	{{ {2374, 242, -7493}, 0, {2040, 2032}, {255, 255, 255, 255} }},
	{{ {2139, 468, -7226}, 0, {-16, -16}, {255, 255, 255, 255} }},
	{{ {2374, 468, -7493}, 0, {2040, -16}, {255, 255, 255, 255} }},
	{{ {-3323, 29, -6555}, 0, {2040, 2032}, {255, 255, 255, 255} }},
	{{ {-3110, 29, -6864}, 0, {-16, 2032}, {255, 255, 255, 255} }},
	{{ {-3323, 155, -6555}, 0, {2040, -16}, {255, 255, 255, 255} }},
	{{ {-3110, 155, -6864}, 0, {-16, -16}, {255, 255, 255, 255} }},
	{{ {-3432, -448, -6199}, 0, {-16, 2032}, {255, 255, 255, 255} }},
	{{ {-3231, -448, -6492}, 0, {2040, 2032}, {255, 255, 255, 255} }},
	{{ {-3432, -222, -6199}, 0, {-16, -16}, {255, 255, 255, 255} }},
	{{ {-3231, -222, -6492}, 0, {2040, -16}, {255, 255, 255, 255} }},
	{{ {-8958, 971, -6853}, 0, {2040, 2032}, {255, 255, 255, 255} }},
	{{ {-8778, 971, -7182}, 0, {-16, 2032}, {255, 255, 255, 255} }},
	{{ {-8958, 1096, -6853}, 0, {2040, -16}, {255, 255, 255, 255} }},
	{{ {-8778, 1096, -7182}, 0, {-16, -16}, {255, 255, 255, 255} }},
	{{ {-9032, 493, -6488}, 0, {-16, 2032}, {255, 255, 255, 255} }},
	{{ {-8861, 493, -6800}, 0, {2040, 2032}, {255, 255, 255, 255} }},
	{{ {-9032, 720, -6488}, 0, {-16, -16}, {255, 255, 255, 255} }},
	{{ {-8861, 720, -6800}, 0, {2040, -16}, {255, 255, 255, 255} }},
};

Vtx ss1_space_object_012539D4_mesh_layer_1_vtx_16[32] = {
	{{ {8959, 1159, 4997}, 0, {-16, 1020}, {49, 40, 60, 255} }},
	{{ {9201, 1159, 4710}, 0, {2072, 1020}, {49, 40, 60, 255} }},
	{{ {8959, 908, 4997}, 0, {-16, -16}, {89, 72, 113, 255} }},
	{{ {9201, 908, 4710}, 0, {2072, -16}, {49, 40, 60, 255} }},
	{{ {2791, 406, 5816}, 0, {-16, 1020}, {49, 40, 60, 255} }},
	{{ {2909, 406, 5460}, 0, {2072, 1020}, {49, 40, 60, 255} }},
	{{ {2791, 155, 5816}, 0, {-16, -16}, {89, 72, 113, 255} }},
	{{ {2909, 155, 5460}, 0, {2072, -16}, {49, 40, 60, 255} }},
	{{ {-3646, 1285, 5751}, 0, {-16, 1020}, {49, 40, 60, 255} }},
	{{ {-3416, 1285, 5455}, 0, {2072, 1020}, {49, 40, 60, 255} }},
	{{ {-3646, 1034, 5751}, 0, {-16, -16}, {89, 72, 113, 255} }},
	{{ {-3416, 1034, 5455}, 0, {2072, -16}, {49, 40, 60, 255} }},
	{{ {-10341, 406, 5772}, 0, {-16, 1020}, {49, 40, 60, 255} }},
	{{ {-10138, 406, 5456}, 0, {2072, 1020}, {49, 40, 60, 255} }},
	{{ {-10341, 155, 5772}, 0, {-16, -16}, {89, 72, 113, 255} }},
	{{ {-10138, 155, 5456}, 0, {2072, -16}, {49, 40, 60, 255} }},
	{{ {7940, 406, -7024}, 0, {-16, 1020}, {49, 40, 60, 255} }},
	{{ {7684, 406, -6750}, 0, {2072, 1020}, {49, 40, 60, 255} }},
	{{ {7940, 155, -7024}, 0, {-16, -16}, {89, 72, 113, 255} }},
	{{ {7684, 155, -6750}, 0, {2072, -16}, {49, 40, 60, 255} }},
	{{ {2538, 1097, -7848}, 0, {-16, 1020}, {49, 40, 60, 255} }},
	{{ {2291, 1097, -7566}, 0, {2072, 1020}, {49, 40, 60, 255} }},
	{{ {2538, 845, -7848}, 0, {-16, -16}, {89, 72, 113, 255} }},
	{{ {2291, 845, -7566}, 0, {2072, -16}, {49, 40, 60, 255} }},
	{{ {-3110, 406, -6864}, 0, {-16, 1020}, {49, 40, 60, 255} }},
	{{ {-3323, 406, -6555}, 0, {2072, 1020}, {49, 40, 60, 255} }},
	{{ {-3110, 155, -6864}, 0, {-16, -16}, {89, 72, 113, 255} }},
	{{ {-3323, 155, -6555}, 0, {2072, -16}, {49, 40, 60, 255} }},
	{{ {-8778, 1348, -7182}, 0, {-16, 1020}, {49, 40, 60, 255} }},
	{{ {-8958, 1348, -6853}, 0, {2072, 1020}, {49, 40, 60, 255} }},
	{{ {-8778, 1096, -7182}, 0, {-16, -16}, {89, 72, 113, 255} }},
	{{ {-8958, 1096, -6853}, 0, {2072, -16}, {49, 40, 60, 255} }},
};

Vtx ss1_space_object_012539D4_mesh_layer_1_vtx_17[64] = {
	{{ {10024, 1159, 4939}, 0, {2040, -2072}, {49, 40, 60, 255} }},
	{{ {10330, 1159, 5197}, 0, {1157, -2064}, {49, 40, 60, 255} }},
	{{ {10024, 305, 4939}, 0, {2040, 2032}, {49, 40, 60, 255} }},
	{{ {10245, 305, 5125}, 0, {1406, 2032}, {178, 178, 178, 255} }},
	{{ {10245, -712, 5125}, 0, {1406, 2032}, {178, 178, 178, 255} }},
	{{ {10024, -712, 4939}, 0, {2040, 2032}, {178, 178, 178, 255} }},
	{{ {10245, 305, 5125}, 0, {1406, -2072}, {178, 178, 178, 255} }},
	{{ {10024, 305, 4939}, 0, {2040, -2072}, {49, 40, 60, 255} }},
	{{ {3759, 406, 5367}, 0, {2040, -2072}, {49, 40, 60, 255} }},
	{{ {4138, 406, 5493}, 0, {1157, -2064}, {49, 40, 60, 255} }},
	{{ {3759, -448, 5367}, 0, {2040, 2032}, {49, 40, 60, 255} }},
	{{ {4033, -448, 5458}, 0, {1406, 2032}, {178, 178, 178, 255} }},
	{{ {4033, -1466, 5458}, 0, {1406, 2032}, {178, 178, 178, 255} }},
	{{ {3759, -1466, 5367}, 0, {2040, 2032}, {178, 178, 178, 255} }},
	{{ {4033, -448, 5458}, 0, {1406, -2072}, {178, 178, 178, 255} }},
	{{ {3759, -448, 5367}, 0, {2040, -2072}, {49, 40, 60, 255} }},
	{{ {-2584, 1285, 5651}, 0, {2040, -2072}, {49, 40, 60, 255} }},
	{{ {-2269, 1285, 5896}, 0, {1157, -2064}, {49, 40, 60, 255} }},
	{{ {-2584, 431, 5651}, 0, {2040, 2032}, {49, 40, 60, 255} }},
	{{ {-2356, 431, 5828}, 0, {1406, 2032}, {178, 178, 178, 255} }},
	{{ {-2356, -587, 5828}, 0, {1406, 2032}, {178, 178, 178, 255} }},
	{{ {-2584, -587, 5651}, 0, {2040, 2032}, {178, 178, 178, 255} }},
	{{ {-2356, 431, 5828}, 0, {1406, -2072}, {178, 178, 178, 255} }},
	{{ {-2584, 431, 5651}, 0, {2040, -2072}, {49, 40, 60, 255} }},
	{{ {-9292, 406, 5576}, 0, {2040, -2072}, {49, 40, 60, 255} }},
	{{ {-8956, 406, 5792}, 0, {1157, -2064}, {49, 40, 60, 255} }},
	{{ {-9292, -448, 5576}, 0, {2040, 2032}, {49, 40, 60, 255} }},
	{{ {-9049, -448, 5732}, 0, {1406, 2032}, {178, 178, 178, 255} }},
	{{ {-9049, -1466, 5732}, 0, {1406, 2032}, {178, 178, 178, 255} }},
	{{ {-9292, -1466, 5576}, 0, {2040, 2032}, {178, 178, 178, 255} }},
	{{ {-9049, -448, 5732}, 0, {1406, -2072}, {178, 178, 178, 255} }},
	{{ {-9292, -448, 5576}, 0, {2040, -2072}, {49, 40, 60, 255} }},
	{{ {6873, 406, -7021}, 0, {2040, -2072}, {49, 40, 60, 255} }},
	{{ {6581, 406, -7294}, 0, {1157, -2064}, {49, 40, 60, 255} }},
	{{ {6873, -448, -7021}, 0, {2040, 2032}, {49, 40, 60, 255} }},
	{{ {6663, -448, -7218}, 0, {1406, 2032}, {178, 178, 178, 255} }},
	{{ {6663, -1466, -7218}, 0, {1406, 2032}, {178, 178, 178, 255} }},
	{{ {6873, -1466, -7021}, 0, {2040, 2032}, {178, 178, 178, 255} }},
	{{ {6663, -448, -7218}, 0, {1406, -2072}, {178, 178, 178, 255} }},
	{{ {6873, -448, -7021}, 0, {2040, -2072}, {49, 40, 60, 255} }},
	{{ {1472, 1097, -7813}, 0, {2040, -2072}, {49, 40, 60, 255} }},
	{{ {1172, 1097, -8077}, 0, {1157, -2064}, {49, 40, 60, 255} }},
	{{ {1472, 242, -7813}, 0, {2040, 2032}, {49, 40, 60, 255} }},
	{{ {1256, 242, -8003}, 0, {1406, 2032}, {178, 178, 178, 255} }},
	{{ {1256, -775, -8003}, 0, {1406, 2032}, {178, 178, 178, 255} }},
	{{ {1472, -775, -7813}, 0, {2040, 2032}, {178, 178, 178, 255} }},
	{{ {1256, 242, -8003}, 0, {1406, -2072}, {178, 178, 178, 255} }},
	{{ {1472, 242, -7813}, 0, {2040, -2072}, {49, 40, 60, 255} }},
	{{ {-4164, 406, -6702}, 0, {2040, -2072}, {49, 40, 60, 255} }},
	{{ {-4494, 406, -6928}, 0, {1157, -2064}, {49, 40, 60, 255} }},
	{{ {-4164, -448, -6702}, 0, {2040, 2032}, {49, 40, 60, 255} }},
	{{ {-4402, -448, -6865}, 0, {1406, 2032}, {178, 178, 178, 255} }},
	{{ {-4402, -1466, -6865}, 0, {1406, 2032}, {178, 178, 178, 255} }},
	{{ {-4164, -1466, -6702}, 0, {2040, 2032}, {178, 178, 178, 255} }},
	{{ {-4402, -448, -6865}, 0, {1406, -2072}, {178, 178, 178, 255} }},
	{{ {-4164, -448, -6702}, 0, {2040, -2072}, {49, 40, 60, 255} }},
	{{ {-9811, 1348, -6915}, 0, {2040, -2072}, {49, 40, 60, 255} }},
	{{ {-10161, 1348, -7107}, 0, {1157, -2064}, {49, 40, 60, 255} }},
	{{ {-9811, 493, -6915}, 0, {2040, 2032}, {49, 40, 60, 255} }},
	{{ {-10064, 493, -7054}, 0, {1406, 2032}, {178, 178, 178, 255} }},
	{{ {-10064, -524, -7054}, 0, {1406, 2032}, {178, 178, 178, 255} }},
	{{ {-9811, -524, -6915}, 0, {2040, 2032}, {178, 178, 178, 255} }},
	{{ {-10064, 493, -7054}, 0, {1406, -2072}, {178, 178, 178, 255} }},
	{{ {-9811, 493, -6915}, 0, {2040, -2072}, {49, 40, 60, 255} }},
};

Vtx ss1_space_object_012539D4_mesh_layer_1_vtx_18[64] = {
	{{ {9201, 783, 4710}, 0, {-16, 2032}, {140, 190, 255, 255} }},
	{{ {9965, 783, 5354}, 0, {4096, 2032}, {140, 190, 255, 255} }},
	{{ {8959, 783, 4997}, 0, {-16, -16}, {140, 190, 255, 255} }},
	{{ {9723, 783, 5641}, 0, {4096, -16}, {140, 190, 255, 255} }},
	{{ {9345, 305, 4367}, 0, {-16, 2032}, {140, 190, 255, 255} }},
	{{ {10024, 305, 4939}, 0, {4096, 2032}, {49, 40, 60, 255} }},
	{{ {9116, 305, 4639}, 0, {-16, -16}, {140, 190, 255, 255} }},
	{{ {9795, 305, 5211}, 0, {4096, -16}, {49, 40, 60, 255} }},
	{{ {2909, 29, 5460}, 0, {-16, 2032}, {140, 190, 255, 255} }},
	{{ {3858, 29, 5774}, 0, {4096, 2032}, {140, 190, 255, 255} }},
	{{ {2791, 29, 5816}, 0, {-16, -16}, {140, 190, 255, 255} }},
	{{ {3740, 29, 6130}, 0, {4096, -16}, {140, 190, 255, 255} }},
	{{ {2916, -448, 5087}, 0, {-16, 2032}, {140, 190, 255, 255} }},
	{{ {3759, -448, 5367}, 0, {4096, 2032}, {49, 40, 60, 255} }},
	{{ {2804, -448, 5425}, 0, {-16, -16}, {140, 190, 255, 255} }},
	{{ {3647, -448, 5704}, 0, {4096, -16}, {49, 40, 60, 255} }},
	{{ {-3416, 908, 5455}, 0, {-16, 2032}, {140, 190, 255, 255} }},
	{{ {-2627, 908, 6068}, 0, {4096, 2032}, {140, 190, 255, 255} }},
	{{ {-3646, 908, 5751}, 0, {-16, -16}, {140, 190, 255, 255} }},
	{{ {-2857, 908, 6364}, 0, {4096, -16}, {140, 190, 255, 255} }},
	{{ {-3286, 431, 5106}, 0, {-16, 2032}, {140, 190, 255, 255} }},
	{{ {-2584, 431, 5651}, 0, {4096, 2032}, {49, 40, 60, 255} }},
	{{ {-3504, 431, 5387}, 0, {-16, -16}, {140, 190, 255, 255} }},
	{{ {-2802, 431, 5931}, 0, {4096, -16}, {49, 40, 60, 255} }},
	{{ {-10138, 29, 5456}, 0, {-16, 2032}, {140, 190, 255, 255} }},
	{{ {-9297, 29, 5995}, 0, {4096, 2032}, {140, 190, 255, 255} }},
	{{ {-10341, 29, 5772}, 0, {-16, -16}, {140, 190, 255, 255} }},
	{{ {-9500, 29, 6311}, 0, {4096, -16}, {140, 190, 255, 255} }},
	{{ {-10040, -448, 5097}, 0, {-16, 2032}, {140, 190, 255, 255} }},
	{{ {-9292, -448, 5576}, 0, {4096, 2032}, {49, 40, 60, 255} }},
	{{ {-10232, -448, 5396}, 0, {-16, -16}, {140, 190, 255, 255} }},
	{{ {-9484, -448, 5875}, 0, {4096, -16}, {49, 40, 60, 255} }},
	{{ {7684, 29, -6750}, 0, {-16, 2032}, {140, 190, 255, 255} }},
	{{ {6954, 29, -7432}, 0, {4096, 2032}, {140, 190, 255, 255} }},
	{{ {7940, 29, -7024}, 0, {-16, -16}, {140, 190, 255, 255} }},
	{{ {7210, 29, -7706}, 0, {4096, -16}, {140, 190, 255, 255} }},
	{{ {7522, -448, -6414}, 0, {-16, 2032}, {140, 190, 255, 255} }},
	{{ {6873, -448, -7021}, 0, {4096, 2032}, {49, 40, 60, 255} }},
	{{ {7765, -448, -6674}, 0, {-16, -16}, {140, 190, 255, 255} }},
	{{ {7116, -448, -7280}, 0, {4096, -16}, {49, 40, 60, 255} }},
	{{ {2291, 720, -7566}, 0, {-16, 2032}, {140, 190, 255, 255} }},
	{{ {1540, 720, -8226}, 0, {4096, 2032}, {140, 190, 255, 255} }},
	{{ {2538, 720, -7848}, 0, {-16, -16}, {140, 190, 255, 255} }},
	{{ {1788, 720, -8508}, 0, {4096, -16}, {140, 190, 255, 255} }},
	{{ {2139, 242, -7226}, 0, {-16, 2032}, {140, 190, 255, 255} }},
	{{ {1472, 242, -7813}, 0, {4096, 2032}, {49, 40, 60, 255} }},
	{{ {2374, 242, -7493}, 0, {-16, -16}, {140, 190, 255, 255} }},
	{{ {1707, 242, -8079}, 0, {4096, -16}, {49, 40, 60, 255} }},
	{{ {-3323, 29, -6555}, 0, {-16, 2032}, {140, 190, 255, 255} }},
	{{ {-4146, 29, -7120}, 0, {4096, 2032}, {140, 190, 255, 255} }},
	{{ {-3110, 29, -6864}, 0, {-16, -16}, {140, 190, 255, 255} }},
	{{ {-3934, 29, -7430}, 0, {4096, -16}, {140, 190, 255, 255} }},
	{{ {-3432, -448, -6199}, 0, {-16, 2032}, {140, 190, 255, 255} }},
	{{ {-4164, -448, -6702}, 0, {4096, 2032}, {49, 40, 60, 255} }},
	{{ {-3231, -448, -6492}, 0, {-16, -16}, {140, 190, 255, 255} }},
	{{ {-3963, -448, -6995}, 0, {4096, -16}, {49, 40, 60, 255} }},
	{{ {-8958, 971, -6853}, 0, {-16, 2032}, {140, 190, 255, 255} }},
	{{ {-9834, 971, -7333}, 0, {4096, 2032}, {140, 190, 255, 255} }},
	{{ {-8778, 971, -7182}, 0, {-16, -16}, {140, 190, 255, 255} }},
	{{ {-9654, 971, -7662}, 0, {4096, -16}, {140, 190, 255, 255} }},
	{{ {-9032, 493, -6488}, 0, {-16, 2032}, {140, 190, 255, 255} }},
	{{ {-9811, 493, -6915}, 0, {4096, 2032}, {49, 40, 60, 255} }},
	{{ {-8861, 493, -6800}, 0, {-16, -16}, {140, 190, 255, 255} }},
	{{ {-9640, 493, -7227}, 0, {4096, -16}, {49, 40, 60, 255} }},
};

Vtx ss1_space_object_012539D4_mesh_layer_1_vtx_19[32] = {
	{{ {10024, -712, 4939}, 0, {2040, 2032}, {255, 255, 255, 255} }},
	{{ {9795, -712, 5211}, 0, {-16, 2032}, {255, 255, 255, 255} }},
	{{ {10024, 305, 4939}, 0, {2040, -2072}, {255, 255, 255, 255} }},
	{{ {9795, 305, 5211}, 0, {-16, -2072}, {255, 255, 255, 255} }},
	{{ {3759, -1466, 5367}, 0, {2040, 2032}, {255, 255, 255, 255} }},
	{{ {3647, -1466, 5704}, 0, {-16, 2032}, {255, 255, 255, 255} }},
	{{ {3759, -448, 5367}, 0, {2040, -2072}, {255, 255, 255, 255} }},
	{{ {3647, -448, 5704}, 0, {-16, -2072}, {255, 255, 255, 255} }},
	{{ {-2584, -587, 5651}, 0, {2040, 2032}, {255, 255, 255, 255} }},
	{{ {-2802, -587, 5931}, 0, {-16, 2032}, {255, 255, 255, 255} }},
	{{ {-2584, 431, 5651}, 0, {2040, -2072}, {255, 255, 255, 255} }},
	{{ {-2802, 431, 5931}, 0, {-16, -2072}, {255, 255, 255, 255} }},
	{{ {-9292, -1466, 5576}, 0, {2040, 2032}, {255, 255, 255, 255} }},
	{{ {-9484, -1466, 5875}, 0, {-16, 2032}, {255, 255, 255, 255} }},
	{{ {-9292, -448, 5576}, 0, {2040, -2072}, {255, 255, 255, 255} }},
	{{ {-9484, -448, 5875}, 0, {-16, -2072}, {255, 255, 255, 255} }},
	{{ {6873, -1466, -7021}, 0, {2040, 2032}, {255, 255, 255, 255} }},
	{{ {7116, -1466, -7280}, 0, {-16, 2032}, {255, 255, 255, 255} }},
	{{ {6873, -448, -7021}, 0, {2040, -2072}, {255, 255, 255, 255} }},
	{{ {7116, -448, -7280}, 0, {-16, -2072}, {255, 255, 255, 255} }},
	{{ {1472, -775, -7813}, 0, {2040, 2032}, {255, 255, 255, 255} }},
	{{ {1707, -775, -8079}, 0, {-16, 2032}, {255, 255, 255, 255} }},
	{{ {1472, 242, -7813}, 0, {2040, -2072}, {255, 255, 255, 255} }},
	{{ {1707, 242, -8079}, 0, {-16, -2072}, {255, 255, 255, 255} }},
	{{ {-4164, -1466, -6702}, 0, {2040, 2032}, {255, 255, 255, 255} }},
	{{ {-3963, -1466, -6995}, 0, {-16, 2032}, {255, 255, 255, 255} }},
	{{ {-4164, -448, -6702}, 0, {2040, -2072}, {255, 255, 255, 255} }},
	{{ {-3963, -448, -6995}, 0, {-16, -2072}, {255, 255, 255, 255} }},
	{{ {-9811, -524, -6915}, 0, {2040, 2032}, {255, 255, 255, 255} }},
	{{ {-9640, -524, -7227}, 0, {-16, 2032}, {255, 255, 255, 255} }},
	{{ {-9811, 493, -6915}, 0, {2040, -2072}, {255, 255, 255, 255} }},
	{{ {-9640, 493, -7227}, 0, {-16, -2072}, {255, 255, 255, 255} }},
};

Vtx ss1_space_object_012539D4_mesh_layer_1_vtx_20[32] = {
	{{ {9445, 1159, 4162}, 0, {4096, 2032}, {49, 40, 60, 255} }},
	{{ {10167, 1159, 4770}, 0, {-16, 2032}, {49, 40, 60, 255} }},
	{{ {9345, 531, 4367}, 0, {3855, -16}, {140, 190, 255, 255} }},
	{{ {10024, 531, 4939}, 0, {-16, -16}, {140, 190, 255, 255} }},
	{{ {2933, 406, 4859}, 0, {4096, 2032}, {49, 40, 60, 255} }},
	{{ {3829, 406, 5156}, 0, {-16, 2032}, {49, 40, 60, 255} }},
	{{ {2916, -222, 5087}, 0, {3855, -16}, {140, 190, 255, 255} }},
	{{ {3759, -222, 5367}, 0, {-16, -16}, {140, 190, 255, 255} }},
	{{ {-3194, 1285, 4897}, 0, {4096, 2032}, {49, 40, 60, 255} }},
	{{ {-2448, 1285, 5475}, 0, {-16, 2032}, {49, 40, 60, 255} }},
	{{ {-3286, 657, 5106}, 0, {3855, -16}, {140, 190, 255, 255} }},
	{{ {-2584, 657, 5651}, 0, {-16, -16}, {140, 190, 255, 255} }},
	{{ {-9967, 406, 4880}, 0, {4096, 2032}, {49, 40, 60, 255} }},
	{{ {-9172, 406, 5389}, 0, {-16, 2032}, {49, 40, 60, 255} }},
	{{ {-10040, -222, 5097}, 0, {3855, -16}, {140, 190, 255, 255} }},
	{{ {-9292, -222, 5576}, 0, {-16, -16}, {140, 190, 255, 255} }},
	{{ {7411, 406, -6214}, 0, {4096, 2032}, {49, 40, 60, 255} }},
	{{ {6722, 406, -6858}, 0, {-16, 2032}, {49, 40, 60, 255} }},
	{{ {7522, -222, -6414}, 0, {3855, -16}, {140, 190, 255, 255} }},
	{{ {6873, -222, -7021}, 0, {-16, -16}, {140, 190, 255, 255} }},
	{{ {2034, 1097, -7023}, 0, {4096, 2032}, {49, 40, 60, 255} }},
	{{ {1326, 1097, -7646}, 0, {-16, 2032}, {49, 40, 60, 255} }},
	{{ {2139, 468, -7226}, 0, {3855, -16}, {140, 190, 255, 255} }},
	{{ {1472, 468, -7813}, 0, {-16, -16}, {140, 190, 255, 255} }},
	{{ {-3512, 406, -5985}, 0, {4096, 2032}, {49, 40, 60, 255} }},
	{{ {-4290, 406, -6519}, 0, {-16, 2032}, {49, 40, 60, 255} }},
	{{ {-3432, -222, -6199}, 0, {3855, -16}, {140, 190, 255, 255} }},
	{{ {-4164, -222, -6702}, 0, {-16, -16}, {140, 190, 255, 255} }},
	{{ {-9090, 1348, -6267}, 0, {4096, 2032}, {49, 40, 60, 255} }},
	{{ {-9917, 1348, -6720}, 0, {-16, 2032}, {49, 40, 60, 255} }},
	{{ {-9032, 720, -6488}, 0, {3855, -16}, {140, 190, 255, 255} }},
	{{ {-9811, 720, -6915}, 0, {-16, -16}, {140, 190, 255, 255} }},
};

Vtx ss1_space_object_012539D4_mesh_layer_1_vtx_21[32] = {
	{{ {8930, 1159, 4773}, 0, {2040, 2032}, {49, 40, 60, 255} }},
	{{ {9445, 1159, 4162}, 0, {-16, 2032}, {49, 40, 60, 255} }},
	{{ {9116, 531, 4639}, 0, {1470, -16}, {89, 72, 113, 255} }},
	{{ {9345, 531, 4367}, 0, {554, -16}, {89, 72, 113, 255} }},
	{{ {2681, 406, 5618}, 0, {2040, 2032}, {49, 40, 60, 255} }},
	{{ {2933, 406, 4859}, 0, {-16, 2032}, {49, 40, 60, 255} }},
	{{ {2804, -222, 5425}, 0, {1470, -16}, {89, 72, 113, 255} }},
	{{ {2916, -222, 5087}, 0, {554, -16}, {89, 72, 113, 255} }},
	{{ {-3684, 1285, 5528}, 0, {2040, 2032}, {49, 40, 60, 255} }},
	{{ {-3194, 1285, 4897}, 0, {-16, 2032}, {49, 40, 60, 255} }},
	{{ {-3504, 657, 5387}, 0, {1470, -16}, {89, 72, 113, 255} }},
	{{ {-3286, 657, 5106}, 0, {554, -16}, {89, 72, 113, 255} }},
	{{ {-10398, 406, 5553}, 0, {2040, 2032}, {49, 40, 60, 255} }},
	{{ {-9967, 406, 4880}, 0, {-16, 2032}, {49, 40, 60, 255} }},
	{{ {-10232, -222, 5396}, 0, {1470, -16}, {89, 72, 113, 255} }},
	{{ {-10040, -222, 5097}, 0, {554, -16}, {89, 72, 113, 255} }},
	{{ {7957, 406, -6798}, 0, {2040, 2032}, {49, 40, 60, 255} }},
	{{ {7411, 406, -6214}, 0, {-16, 2032}, {49, 40, 60, 255} }},
	{{ {7765, -222, -6674}, 0, {1470, -16}, {89, 72, 113, 255} }},
	{{ {7522, -222, -6414}, 0, {554, -16}, {89, 72, 113, 255} }},
	{{ {2562, 1097, -7623}, 0, {2040, 2032}, {49, 40, 60, 255} }},
	{{ {2034, 1097, -7023}, 0, {-16, 2032}, {49, 40, 60, 255} }},
	{{ {2374, 468, -7493}, 0, {1470, -16}, {89, 72, 113, 255} }},
	{{ {2139, 468, -7226}, 0, {554, -16}, {89, 72, 113, 255} }},
	{{ {-3060, 406, -6644}, 0, {2040, 2032}, {49, 40, 60, 255} }},
	{{ {-3512, 406, -5985}, 0, {-16, 2032}, {49, 40, 60, 255} }},
	{{ {-3231, -222, -6492}, 0, {1470, -16}, {89, 72, 113, 255} }},
	{{ {-3432, -222, -6199}, 0, {554, -16}, {89, 72, 113, 255} }},
	{{ {-8706, 1348, -6968}, 0, {2040, 2032}, {49, 40, 60, 255} }},
	{{ {-9090, 1348, -6267}, 0, {-16, 2032}, {49, 40, 60, 255} }},
	{{ {-8861, 720, -6800}, 0, {1470, -16}, {89, 72, 113, 255} }},
	{{ {-9032, 720, -6488}, 0, {554, -16}, {89, 72, 113, 255} }},
};

Vtx ss1_space_object_012539D4_mesh_layer_1_vtx_22[32] = {
	{{ {9793, 1156, 5912}, 0, {-16, -16}, {70, 57, 123, 255} }},
	{{ {8703, 1156, 5006}, 0, {2040, -16}, {70, 57, 123, 255} }},
	{{ {10582, 1156, 4963}, 0, {-16, 2032}, {70, 57, 123, 255} }},
	{{ {9491, 1156, 4057}, 0, {2040, 2032}, {70, 57, 123, 255} }},
	{{ {3906, 402, 6356}, 0, {-16, -16}, {70, 57, 123, 255} }},
	{{ {2557, 402, 5919}, 0, {2040, -16}, {70, 57, 123, 255} }},
	{{ {4286, 402, 5182}, 0, {-16, 2032}, {70, 57, 123, 255} }},
	{{ {2937, 402, 4745}, 0, {2040, 2032}, {70, 57, 123, 255} }},
	{{ {-2776, 1281, 6632}, 0, {-16, -16}, {70, 57, 123, 255} }},
	{{ {-3902, 1281, 5770}, 0, {2040, -16}, {70, 57, 123, 255} }},
	{{ {-2026, 1281, 5652}, 0, {-16, 2032}, {70, 57, 123, 255} }},
	{{ {-3152, 1281, 4791}, 0, {2040, 2032}, {70, 57, 123, 255} }},
	{{ {-9395, 402, 6571}, 0, {-16, -16}, {70, 57, 123, 255} }},
	{{ {-10594, 402, 5814}, 0, {2040, -16}, {70, 57, 123, 255} }},
	{{ {-8736, 402, 5528}, 0, {-16, 2032}, {70, 57, 123, 255} }},
	{{ {-9935, 402, 4771}, 0, {2040, 2032}, {70, 57, 123, 255} }},
	{{ {7154, 402, -7980}, 0, {-16, -16}, {70, 57, 123, 255} }},
	{{ {8196, 402, -7019}, 0, {2040, -16}, {70, 57, 123, 255} }},
	{{ {6318, 402, -7073}, 0, {-16, 2032}, {70, 57, 123, 255} }},
	{{ {7360, 402, -6112}, 0, {2040, 2032}, {70, 57, 123, 255} }},
	{{ {1724, 1093, -8780}, 0, {-16, -16}, {70, 57, 123, 255} }},
	{{ {2795, 1093, -7851}, 0, {2040, -16}, {70, 57, 123, 255} }},
	{{ {915, 1093, -7849}, 0, {-16, 2032}, {70, 57, 123, 255} }},
	{{ {1986, 1093, -6919}, 0, {2040, 2032}, {70, 57, 123, 255} }},
	{{ {-4031, 402, -7693}, 0, {-16, -16}, {70, 57, 123, 255} }},
	{{ {-2856, 402, -6898}, 0, {2040, -16}, {70, 57, 123, 255} }},
	{{ {-4722, 402, -6671}, 0, {-16, 2032}, {70, 57, 123, 255} }},
	{{ {-3548, 402, -5876}, 0, {2040, 2032}, {70, 57, 123, 255} }},
	{{ {-9776, 1344, -7914}, 0, {-16, -16}, {70, 57, 123, 255} }},
	{{ {-8529, 1344, -7241}, 0, {2040, -16}, {70, 57, 123, 255} }},
	{{ {-10362, 1344, -6829}, 0, {-16, 2032}, {70, 57, 123, 255} }},
	{{ {-9114, 1344, -6155}, 0, {2040, 2032}, {70, 57, 123, 255} }},
};

Vtx ss1_space_object_012539D4_mesh_layer_1_vtx_23[32] = {
	{{ {10024, 305, 4939}, 0, {-16, 2032}, {140, 190, 255, 255} }},
	{{ {9345, 305, 4367}, 0, {6152, 2032}, {140, 190, 255, 255} }},
	{{ {10024, 531, 4939}, 0, {-16, -16}, {255, 255, 255, 255} }},
	{{ {9345, 531, 4367}, 0, {6152, -16}, {255, 255, 255, 255} }},
	{{ {3759, -448, 5367}, 0, {-16, 2032}, {140, 190, 255, 255} }},
	{{ {2916, -448, 5087}, 0, {6152, 2032}, {140, 190, 255, 255} }},
	{{ {3759, -222, 5367}, 0, {-16, -16}, {255, 255, 255, 255} }},
	{{ {2916, -222, 5087}, 0, {6152, -16}, {255, 255, 255, 255} }},
	{{ {-2584, 431, 5651}, 0, {-16, 2032}, {140, 190, 255, 255} }},
	{{ {-3286, 431, 5106}, 0, {6152, 2032}, {140, 190, 255, 255} }},
	{{ {-2584, 657, 5651}, 0, {-16, -16}, {255, 255, 255, 255} }},
	{{ {-3286, 657, 5106}, 0, {6152, -16}, {255, 255, 255, 255} }},
	{{ {-9292, -448, 5576}, 0, {-16, 2032}, {140, 190, 255, 255} }},
	{{ {-10040, -448, 5097}, 0, {6152, 2032}, {140, 190, 255, 255} }},
	{{ {-9292, -222, 5576}, 0, {-16, -16}, {255, 255, 255, 255} }},
	{{ {-10040, -222, 5097}, 0, {6152, -16}, {255, 255, 255, 255} }},
	{{ {6873, -448, -7021}, 0, {-16, 2032}, {140, 190, 255, 255} }},
	{{ {7522, -448, -6414}, 0, {6152, 2032}, {140, 190, 255, 255} }},
	{{ {6873, -222, -7021}, 0, {-16, -16}, {255, 255, 255, 255} }},
	{{ {7522, -222, -6414}, 0, {6152, -16}, {255, 255, 255, 255} }},
	{{ {1472, 242, -7813}, 0, {-16, 2032}, {140, 190, 255, 255} }},
	{{ {2139, 242, -7226}, 0, {6152, 2032}, {140, 190, 255, 255} }},
	{{ {1472, 468, -7813}, 0, {-16, -16}, {255, 255, 255, 255} }},
	{{ {2139, 468, -7226}, 0, {6152, -16}, {255, 255, 255, 255} }},
	{{ {-4164, -448, -6702}, 0, {-16, 2032}, {140, 190, 255, 255} }},
	{{ {-3432, -448, -6199}, 0, {6152, 2032}, {140, 190, 255, 255} }},
	{{ {-4164, -222, -6702}, 0, {-16, -16}, {255, 255, 255, 255} }},
	{{ {-3432, -222, -6199}, 0, {6152, -16}, {255, 255, 255, 255} }},
	{{ {-9811, 493, -6915}, 0, {-16, 2032}, {140, 190, 255, 255} }},
	{{ {-9032, 493, -6488}, 0, {6152, 2032}, {140, 190, 255, 255} }},
	{{ {-9811, 720, -6915}, 0, {-16, -16}, {255, 255, 255, 255} }},
	{{ {-9032, 720, -6488}, 0, {6152, -16}, {255, 255, 255, 255} }},
};

Vtx ss1_space_object_012539D4_mesh_layer_1_vtx_24[88] = {
	{{ {9367, 305, 4444}, 0, {-16, 2032}, {49, 40, 60, 255} }},
	{{ {9632, 305, 4667}, 0, {4096, 2032}, {49, 40, 60, 255} }},
	{{ {9367, 104, 4444}, 0, {-16, 458}, {255, 255, 255, 255} }},
	{{ {9632, 104, 4667}, 0, {4096, 458}, {255, 255, 255, 255} }},
	{{ {9195, 305, 4648}, 0, {2040, 2032}, {49, 40, 60, 255} }},
	{{ {9195, 104, 4648}, 0, {2040, 458}, {49, 40, 60, 255} }},
	{{ {9367, 104, 4444}, 0, {-16, 458}, {49, 40, 60, 255} }},
	{{ {9632, 305, 4667}, 0, {2040, 2032}, {49, 40, 60, 255} }},
	{{ {9460, 305, 4871}, 0, {-16, 2032}, {49, 40, 60, 255} }},
	{{ {9632, 104, 4667}, 0, {2040, 458}, {178, 178, 178, 255} }},
	{{ {9460, 104, 4871}, 0, {-16, 458}, {255, 255, 255, 255} }},
	{{ {2965, -448, 5151}, 0, {-16, 2032}, {49, 40, 60, 255} }},
	{{ {3294, -448, 5260}, 0, {4096, 2032}, {49, 40, 60, 255} }},
	{{ {2965, -649, 5151}, 0, {-16, 458}, {255, 255, 255, 255} }},
	{{ {3294, -649, 5260}, 0, {4096, 458}, {255, 255, 255, 255} }},
	{{ {2881, -448, 5403}, 0, {2040, 2032}, {49, 40, 60, 255} }},
	{{ {2881, -649, 5403}, 0, {2040, 458}, {49, 40, 60, 255} }},
	{{ {2965, -649, 5151}, 0, {-16, 458}, {49, 40, 60, 255} }},
	{{ {3294, -448, 5260}, 0, {2040, 2032}, {49, 40, 60, 255} }},
	{{ {3210, -448, 5512}, 0, {-16, 2032}, {49, 40, 60, 255} }},
	{{ {3294, -649, 5260}, 0, {2040, 458}, {178, 178, 178, 255} }},
	{{ {3210, -649, 5512}, 0, {-16, 458}, {255, 255, 255, 255} }},
	{{ {-3261, 431, 5182}, 0, {-16, 2032}, {49, 40, 60, 255} }},
	{{ {-2987, 431, 5394}, 0, {4096, 2032}, {49, 40, 60, 255} }},
	{{ {-3261, 230, 5182}, 0, {-16, 458}, {255, 255, 255, 255} }},
	{{ {-2987, 230, 5394}, 0, {4096, 458}, {255, 255, 255, 255} }},
	{{ {-3424, 431, 5393}, 0, {2040, 2032}, {49, 40, 60, 255} }},
	{{ {-3424, 230, 5393}, 0, {2040, 458}, {49, 40, 60, 255} }},
	{{ {-3261, 230, 5182}, 0, {-16, 458}, {49, 40, 60, 255} }},
	{{ {-2987, 431, 5394}, 0, {2040, 2032}, {49, 40, 60, 255} }},
	{{ {-3150, 431, 5605}, 0, {-16, 2032}, {49, 40, 60, 255} }},
	{{ {-2987, 230, 5394}, 0, {2040, 458}, {178, 178, 178, 255} }},
	{{ {-3150, 230, 5605}, 0, {-16, 458}, {255, 255, 255, 255} }},
	{{ {-10008, -448, 5170}, 0, {-16, 2032}, {49, 40, 60, 255} }},
	{{ {-9716, -448, 5357}, 0, {4096, 2032}, {49, 40, 60, 255} }},
	{{ {-10008, -649, 5170}, 0, {-16, 458}, {255, 255, 255, 255} }},
	{{ {-9716, -649, 5357}, 0, {4096, 458}, {255, 255, 255, 255} }},
	{{ {-10152, -448, 5395}, 0, {2040, 2032}, {49, 40, 60, 255} }},
	{{ {-10152, -649, 5395}, 0, {2040, 458}, {49, 40, 60, 255} }},
	{{ {-10008, -649, 5170}, 0, {-16, 458}, {49, 40, 60, 255} }},
	{{ {-9716, -448, 5357}, 0, {2040, 2032}, {49, 40, 60, 255} }},
	{{ {-9860, -448, 5581}, 0, {-16, 2032}, {49, 40, 60, 255} }},
	{{ {-9716, -649, 5357}, 0, {2040, 458}, {178, 178, 178, 255} }},
	{{ {-9860, -649, 5581}, 0, {-16, 458}, {255, 255, 255, 255} }},
	{{ {7504, -448, -6492}, 0, {-16, 2032}, {49, 40, 60, 255} }},
	{{ {7251, -448, -6729}, 0, {4096, 2032}, {49, 40, 60, 255} }},
	{{ {7504, -649, -6492}, 0, {-16, 458}, {255, 255, 255, 255} }},
	{{ {7251, -649, -6729}, 0, {4096, 458}, {255, 255, 255, 255} }},
	{{ {7686, -448, -6687}, 0, {2040, 2032}, {49, 40, 60, 255} }},
	{{ {7686, -649, -6687}, 0, {2040, 458}, {49, 40, 60, 255} }},
	{{ {7504, -649, -6492}, 0, {-16, 458}, {49, 40, 60, 255} }},
	{{ {7251, -448, -6729}, 0, {2040, 2032}, {49, 40, 60, 255} }},
	{{ {7433, -448, -6923}, 0, {-16, 2032}, {49, 40, 60, 255} }},
	{{ {7251, -649, -6729}, 0, {2040, 458}, {178, 178, 178, 255} }},
	{{ {7433, -649, -6923}, 0, {-16, 458}, {255, 255, 255, 255} }},
	{{ {2119, 242, -7303}, 0, {-16, 2032}, {49, 40, 60, 255} }},
	{{ {1859, 242, -7532}, 0, {4096, 2032}, {49, 40, 60, 255} }},
	{{ {2119, 41, -7303}, 0, {-16, 458}, {255, 255, 255, 255} }},
	{{ {1859, 41, -7532}, 0, {4096, 458}, {255, 255, 255, 255} }},
	{{ {2295, 242, -7503}, 0, {2040, 2032}, {49, 40, 60, 255} }},
	{{ {2295, 41, -7503}, 0, {2040, 458}, {49, 40, 60, 255} }},
	{{ {2119, 41, -7303}, 0, {-16, 458}, {49, 40, 60, 255} }},
	{{ {1859, 242, -7532}, 0, {2040, 2032}, {49, 40, 60, 255} }},
	{{ {2035, 242, -7732}, 0, {-16, 2032}, {49, 40, 60, 255} }},
	{{ {1859, 41, -7532}, 0, {2040, 458}, {178, 178, 178, 255} }},
	{{ {2035, 41, -7732}, 0, {-16, 458}, {255, 255, 255, 255} }},
	{{ {-3462, -448, -6273}, 0, {-16, 2032}, {49, 40, 60, 255} }},
	{{ {-3748, -448, -6469}, 0, {4096, 2032}, {49, 40, 60, 255} }},
	{{ {-3462, -649, -6273}, 0, {-16, 458}, {255, 255, 255, 255} }},
	{{ {-3748, -649, -6469}, 0, {4096, 458}, {255, 255, 255, 255} }},
	{{ {-3311, -448, -6493}, 0, {2040, 2032}, {49, 40, 60, 255} }},
	{{ {-3311, -649, -6493}, 0, {2040, 458}, {49, 40, 60, 255} }},
	{{ {-3462, -649, -6273}, 0, {-16, 458}, {49, 40, 60, 255} }},
	{{ {-3748, -448, -6469}, 0, {2040, 2032}, {49, 40, 60, 255} }},
	{{ {-3597, -448, -6689}, 0, {-16, 2032}, {49, 40, 60, 255} }},
	{{ {-3748, -649, -6469}, 0, {2040, 458}, {178, 178, 178, 255} }},
	{{ {-3597, -649, -6689}, 0, {-16, 458}, {255, 255, 255, 255} }},
	{{ {-9069, 493, -6559}, 0, {-16, 2032}, {49, 40, 60, 255} }},
	{{ {-9373, 493, -6726}, 0, {4096, 2032}, {49, 40, 60, 255} }},
	{{ {-9069, 292, -6559}, 0, {-16, 458}, {255, 255, 255, 255} }},
	{{ {-9373, 292, -6726}, 0, {4096, 458}, {255, 255, 255, 255} }},
	{{ {-8941, 493, -6793}, 0, {2040, 2032}, {49, 40, 60, 255} }},
	{{ {-8941, 292, -6793}, 0, {2040, 458}, {49, 40, 60, 255} }},
	{{ {-9069, 292, -6559}, 0, {-16, 458}, {49, 40, 60, 255} }},
	{{ {-9373, 493, -6726}, 0, {2040, 2032}, {49, 40, 60, 255} }},
	{{ {-9244, 493, -6959}, 0, {-16, 2032}, {49, 40, 60, 255} }},
	{{ {-9373, 292, -6726}, 0, {2040, 458}, {178, 178, 178, 255} }},
	{{ {-9244, 292, -6959}, 0, {-16, 458}, {255, 255, 255, 255} }},
};

Vtx ss1_space_object_012539D4_mesh_layer_1_vtx_25[154] = {
	{{ {7924, -1268, 6667}, 0, {-16, -2072}, {255, 255, 255, 255} }},
	{{ {7924, 95, 6667}, 0, {-16, 2032}, {178, 178, 178, 255} }},
	{{ {7979, 95, 6634}, 0, {1012, 2032}, {178, 178, 178, 255} }},
	{{ {7979, -1268, 6634}, 0, {1012, -2072}, {255, 255, 255, 255} }},
	{{ {8011, 95, 6690}, 0, {2040, 2032}, {178, 178, 178, 255} }},
	{{ {8011, -1268, 6690}, 0, {2040, -2072}, {178, 178, 178, 255} }},
	{{ {668, -1143, 8275}, 0, {-16, -2072}, {255, 255, 255, 255} }},
	{{ {668, 221, 8275}, 0, {-16, 2032}, {178, 178, 178, 255} }},
	{{ {727, 221, 8252}, 0, {1012, 2032}, {178, 178, 178, 255} }},
	{{ {727, -1143, 8252}, 0, {1012, -2072}, {255, 255, 255, 255} }},
	{{ {751, 221, 8312}, 0, {2040, 2032}, {178, 178, 178, 255} }},
	{{ {751, -1143, 8312}, 0, {2040, -2072}, {178, 178, 178, 255} }},
	{{ {-7186, 472, 6519}, 0, {2040, 2032}, {178, 178, 178, 255} }},
	{{ {-7186, -891, 6519}, 0, {2040, -2072}, {255, 255, 255, 255} }},
	{{ {-7212, -891, 6460}, 0, {1012, -2072}, {255, 255, 255, 255} }},
	{{ {-7212, 472, 6460}, 0, {1012, 2032}, {178, 178, 178, 255} }},
	{{ {-7270, -891, 6485}, 0, {-16, -2072}, {255, 255, 255, 255} }},
	{{ {-7270, 472, 6485}, 0, {-16, 2032}, {178, 178, 178, 255} }},
	{{ {3869, -1143, -9338}, 0, {-16, -2072}, {255, 255, 255, 255} }},
	{{ {3869, 221, -9338}, 0, {-16, 2032}, {178, 178, 178, 255} }},
	{{ {3810, 221, -9312}, 0, {1012, 2032}, {178, 178, 178, 255} }},
	{{ {3810, -1143, -9312}, 0, {1012, -2072}, {255, 255, 255, 255} }},
	{{ {3785, 221, -9371}, 0, {2040, 2032}, {178, 178, 178, 255} }},
	{{ {3785, -1143, -9371}, 0, {2040, -2072}, {178, 178, 178, 255} }},
	{{ {10955, -2022, -7024}, 0, {-16, -2072}, {255, 255, 255, 255} }},
	{{ {10955, -659, -7024}, 0, {-16, 2032}, {178, 178, 178, 255} }},
	{{ {10895, -659, -7000}, 0, {1012, 2032}, {178, 178, 178, 255} }},
	{{ {10895, -2022, -7000}, 0, {1012, -2072}, {255, 255, 255, 255} }},
	{{ {10871, -659, -7060}, 0, {2040, 2032}, {178, 178, 178, 255} }},
	{{ {10871, -2022, -7060}, 0, {2040, -2072}, {178, 178, 178, 255} }},
	{{ {-1097, -1143, -9139}, 0, {-16, -2072}, {255, 255, 255, 255} }},
	{{ {-1097, 221, -9139}, 0, {-16, 2032}, {178, 178, 178, 255} }},
	{{ {-1155, 221, -9111}, 0, {1012, 2032}, {178, 178, 178, 255} }},
	{{ {-1155, -1143, -9111}, 0, {1012, -2072}, {255, 255, 255, 255} }},
	{{ {-1183, 221, -9169}, 0, {2040, 2032}, {178, 178, 178, 255} }},
	{{ {-1183, -1143, -9169}, 0, {2040, -2072}, {178, 178, 178, 255} }},
	{{ {-7166, 283, -7417}, 0, {1012, 2032}, {178, 178, 178, 255} }},
	{{ {-7195, 283, -7475}, 0, {2040, 2032}, {178, 178, 178, 255} }},
	{{ {-7166, -1080, -7417}, 0, {1012, -2072}, {255, 255, 255, 255} }},
	{{ {-7195, -1080, -7475}, 0, {2040, -2072}, {178, 178, 178, 255} }},
	{{ {-7108, 283, -7446}, 0, {-16, 2032}, {255, 255, 255, 255} }},
	{{ {-7166, 283, -7417}, 0, {1012, 2032}, {255, 255, 255, 255} }},
	{{ {-7108, -1080, -7446}, 0, {-16, -2072}, {178, 178, 178, 255} }},
	{{ {9295, 1555, -7813}, 0, {-16, -2072}, {255, 255, 255, 255} }},
	{{ {9295, 2919, -7813}, 0, {-16, 2032}, {178, 178, 178, 255} }},
	{{ {9235, 2919, -7789}, 0, {1012, 2032}, {178, 178, 178, 255} }},
	{{ {9235, 1555, -7789}, 0, {1012, -2072}, {255, 255, 255, 255} }},
	{{ {9211, 2919, -7849}, 0, {2040, 2032}, {178, 178, 178, 255} }},
	{{ {9211, 1555, -7849}, 0, {2040, -2072}, {178, 178, 178, 255} }},
	{{ {-5541, 2919, -9045}, 0, {2040, 2032}, {178, 178, 178, 255} }},
	{{ {-5541, 1555, -9045}, 0, {2040, -2072}, {255, 255, 255, 255} }},
	{{ {-5516, 1555, -8985}, 0, {1012, -2072}, {255, 255, 255, 255} }},
	{{ {-5516, 2919, -8985}, 0, {1012, 2032}, {178, 178, 178, 255} }},
	{{ {-5457, 1555, -9010}, 0, {-16, -2072}, {255, 255, 255, 255} }},
	{{ {-5457, 2919, -9010}, 0, {-16, 2032}, {178, 178, 178, 255} }},
	{{ {-4805, 2919, 7317}, 0, {1012, 2032}, {178, 178, 178, 255} }},
	{{ {-4774, 2919, 7373}, 0, {2040, 2032}, {178, 178, 178, 255} }},
	{{ {-4805, 1555, 7317}, 0, {1012, -2072}, {178, 178, 178, 255} }},
	{{ {-4774, 1555, 7373}, 0, {2040, -2072}, {178, 178, 178, 255} }},
	{{ {-4862, 2919, 7348}, 0, {-16, 2032}, {178, 178, 178, 255} }},
	{{ {-4862, 1555, 7348}, 0, {-16, -2072}, {255, 255, 255, 255} }},
	{{ {-4805, 1555, 7317}, 0, {1012, -2072}, {255, 255, 255, 255} }},
	{{ {5440, 1555, 6386}, 0, {-16, -2072}, {255, 255, 255, 255} }},
	{{ {5440, 2919, 6386}, 0, {-16, 2032}, {178, 178, 178, 255} }},
	{{ {5498, 2919, 6358}, 0, {1012, 2032}, {178, 178, 178, 255} }},
	{{ {5498, 1555, 6358}, 0, {1012, -2072}, {255, 255, 255, 255} }},
	{{ {5526, 2919, 6416}, 0, {2040, 2032}, {178, 178, 178, 255} }},
	{{ {5526, 1555, 6416}, 0, {2040, -2072}, {178, 178, 178, 255} }},
	{{ {7723, 5287, 6225}, 0, {-16, 2032}, {0, 0, 0, 255} }},
	{{ {8254, 5287, 6166}, 0, {2040, 2032}, {0, 0, 0, 255} }},
	{{ {7723, 2369, 6225}, 0, {-16, -4128}, {255, 255, 255, 255} }},
	{{ {8254, 2369, 6166}, 0, {2040, -4128}, {255, 255, 255, 255} }},
	{{ {7390, 5287, 6643}, 0, {-16, 2032}, {0, 0, 0, 255} }},
	{{ {7723, 5287, 6225}, 0, {2040, 2032}, {0, 0, 0, 255} }},
	{{ {7390, 2369, 6643}, 0, {-16, -4128}, {255, 255, 255, 255} }},
	{{ {7723, 2369, 6225}, 0, {2040, -4128}, {255, 255, 255, 255} }},
	{{ {8254, 5287, 6166}, 0, {-16, 2032}, {0, 0, 0, 255} }},
	{{ {8672, 5287, 6500}, 0, {2040, 2032}, {0, 0, 0, 255} }},
	{{ {8254, 2369, 6166}, 0, {-16, -4128}, {255, 255, 255, 255} }},
	{{ {8672, 2369, 6500}, 0, {2040, -4128}, {255, 255, 255, 255} }},
	{{ {540, 5224, 7807}, 0, {-16, 2032}, {0, 0, 0, 255} }},
	{{ {1074, 5224, 7834}, 0, {2040, 2032}, {0, 0, 0, 255} }},
	{{ {540, 2495, 7807}, 0, {-16, -4128}, {255, 255, 255, 255} }},
	{{ {1074, 2495, 7834}, 0, {2040, -4128}, {255, 255, 255, 255} }},
	{{ {144, 5224, 8166}, 0, {-16, 2032}, {0, 0, 0, 255} }},
	{{ {540, 5224, 7807}, 0, {2040, 2032}, {0, 0, 0, 255} }},
	{{ {144, 2495, 8166}, 0, {-16, -4128}, {255, 255, 255, 255} }},
	{{ {540, 2495, 7807}, 0, {2040, -4128}, {255, 255, 255, 255} }},
	{{ {1074, 5224, 7834}, 0, {-16, 2032}, {0, 0, 0, 255} }},
	{{ {1433, 5224, 8230}, 0, {2040, 2032}, {0, 0, 0, 255} }},
	{{ {1074, 2495, 7834}, 0, {-16, -4128}, {255, 255, 255, 255} }},
	{{ {1433, 2495, 8230}, 0, {2040, -4128}, {255, 255, 255, 255} }},
	{{ {-7416, 5288, 6023}, 0, {-16, 2032}, {0, 0, 0, 255} }},
	{{ {-6882, 5288, 6028}, 0, {2040, 2032}, {0, 0, 0, 255} }},
	{{ {-7416, 2747, 6023}, 0, {-16, -4128}, {255, 255, 255, 255} }},
	{{ {-6882, 2747, 6028}, 0, {2040, -4128}, {255, 255, 255, 255} }},
	{{ {-7798, 5288, 6398}, 0, {-16, 2032}, {0, 0, 0, 255} }},
	{{ {-7416, 5288, 6023}, 0, {2040, 2032}, {0, 0, 0, 255} }},
	{{ {-7798, 2747, 6398}, 0, {-16, -4128}, {255, 255, 255, 255} }},
	{{ {-7416, 2747, 6023}, 0, {2040, -4128}, {255, 255, 255, 255} }},
	{{ {-6882, 5288, 6028}, 0, {-16, 2032}, {0, 0, 0, 255} }},
	{{ {-6507, 5288, 6409}, 0, {2040, 2032}, {0, 0, 0, 255} }},
	{{ {-6882, 2747, 6028}, 0, {-16, -4128}, {255, 255, 255, 255} }},
	{{ {-6507, 2747, 6409}, 0, {2040, -4128}, {255, 255, 255, 255} }},
	{{ {4015, 5287, -8875}, 0, {-16, 2032}, {0, 0, 0, 255} }},
	{{ {3480, 5287, -8881}, 0, {2040, 2032}, {0, 0, 0, 255} }},
	{{ {4015, 2495, -8875}, 0, {-16, -4128}, {255, 255, 255, 255} }},
	{{ {3480, 2495, -8881}, 0, {2040, -4128}, {255, 255, 255, 255} }},
	{{ {4396, 5287, -9249}, 0, {-16, 2032}, {0, 0, 0, 255} }},
	{{ {4015, 5287, -8875}, 0, {2040, 2032}, {0, 0, 0, 255} }},
	{{ {4396, 2495, -9249}, 0, {-16, -4128}, {255, 255, 255, 255} }},
	{{ {4396, 2495, -9249}, 0, {-16, -4128}, {255, 255, 255, 255} }},
	{{ {4015, 5287, -8875}, 0, {2040, 2032}, {0, 0, 0, 255} }},
	{{ {4015, 2495, -8875}, 0, {2040, -4128}, {255, 255, 255, 255} }},
	{{ {3480, 5287, -8881}, 0, {-16, 2032}, {0, 0, 0, 255} }},
	{{ {3106, 5287, -9262}, 0, {2040, 2032}, {0, 0, 0, 255} }},
	{{ {3480, 2495, -8881}, 0, {-16, -4128}, {255, 255, 255, 255} }},
	{{ {3106, 2495, -9262}, 0, {2040, -4128}, {255, 255, 255, 255} }},
	{{ {11091, 5349, -6559}, 0, {-16, 2032}, {0, 0, 0, 255} }},
	{{ {10557, 5349, -6575}, 0, {2040, 2032}, {0, 0, 0, 255} }},
	{{ {11091, 1615, -6559}, 0, {-16, -4128}, {255, 255, 255, 255} }},
	{{ {10557, 1615, -6575}, 0, {2040, -4128}, {255, 255, 255, 255} }},
	{{ {11480, 5349, -6925}, 0, {-16, 2032}, {0, 0, 0, 255} }},
	{{ {11091, 5349, -6559}, 0, {2040, 2032}, {0, 0, 0, 255} }},
	{{ {11480, 1615, -6925}, 0, {-16, -4128}, {255, 255, 255, 255} }},
	{{ {11091, 1615, -6559}, 0, {2040, -4128}, {255, 255, 255, 255} }},
	{{ {10557, 5349, -6575}, 0, {-16, 2032}, {0, 0, 0, 255} }},
	{{ {10190, 5349, -6965}, 0, {2040, 2032}, {0, 0, 0, 255} }},
	{{ {10557, 1615, -6575}, 0, {-16, -4128}, {255, 255, 255, 255} }},
	{{ {10190, 1615, -6965}, 0, {2040, -4128}, {255, 255, 255, 255} }},
	{{ {-929, 5224, -8685}, 0, {-16, 2032}, {178, 178, 178, 255} }},
	{{ {-1463, 5224, -8663}, 0, {2040, 2032}, {178, 178, 178, 255} }},
	{{ {-929, 2495, -8685}, 0, {-16, -4128}, {255, 255, 255, 255} }},
	{{ {-1463, 2495, -8663}, 0, {2040, -4128}, {255, 255, 255, 255} }},
	{{ {-566, 5224, -9077}, 0, {-16, 2032}, {178, 178, 178, 255} }},
	{{ {-929, 5224, -8685}, 0, {2040, 2032}, {178, 178, 178, 255} }},
	{{ {-566, 2495, -9077}, 0, {-16, -4128}, {255, 255, 255, 255} }},
	{{ {-929, 2495, -8685}, 0, {2040, -4128}, {255, 255, 255, 255} }},
	{{ {-1463, 5224, -8663}, 0, {-16, 2032}, {178, 178, 178, 255} }},
	{{ {-1856, 5224, -9026}, 0, {2040, 2032}, {178, 178, 178, 255} }},
	{{ {-1463, 2495, -8663}, 0, {-16, -4128}, {255, 255, 255, 255} }},
	{{ {-1856, 2495, -9026}, 0, {2040, -4128}, {255, 255, 255, 255} }},
	{{ {-6940, 5287, -6991}, 0, {-16, 2032}, {0, 0, 0, 255} }},
	{{ {-7474, 5287, -6970}, 0, {2040, 2032}, {0, 0, 0, 255} }},
	{{ {-6940, 2558, -6991}, 0, {-16, -4128}, {255, 255, 255, 255} }},
	{{ {-7474, 2558, -6970}, 0, {2040, -4128}, {255, 255, 255, 255} }},
	{{ {-6578, 5287, -7383}, 0, {-16, 2032}, {0, 0, 0, 255} }},
	{{ {-6940, 5287, -6991}, 0, {2040, 2032}, {0, 0, 0, 255} }},
	{{ {-6578, 2558, -7383}, 0, {-16, -4128}, {255, 255, 255, 255} }},
	{{ {-6940, 2558, -6991}, 0, {2040, -4128}, {255, 255, 255, 255} }},
	{{ {-7474, 5287, -6970}, 0, {-16, 2032}, {0, 0, 0, 255} }},
	{{ {-7867, 5287, -7332}, 0, {2040, 2032}, {0, 0, 0, 255} }},
	{{ {-7474, 2558, -6970}, 0, {-16, -4128}, {255, 255, 255, 255} }},
	{{ {-7867, 2558, -7332}, 0, {2040, -4128}, {255, 255, 255, 255} }},
};

Vtx ss1_space_object_012539D4_mesh_layer_1_vtx_26[44] = {
	{{ {8187, 72, 6707}, 0, {-16, 2032}, {178, 178, 178, 255} }},
	{{ {8223, 72, 6724}, 0, {2040, 2032}, {178, 178, 178, 255} }},
	{{ {8187, -562, 6707}, 0, {-16, -4128}, {255, 255, 255, 255} }},
	{{ {8223, -562, 6724}, 0, {2040, -4128}, {255, 255, 255, 255} }},
	{{ {921, 197, 8356}, 0, {-16, 2032}, {178, 178, 178, 255} }},
	{{ {954, 197, 8380}, 0, {2040, 2032}, {178, 178, 178, 255} }},
	{{ {921, -437, 8356}, 0, {-16, -4128}, {255, 255, 255, 255} }},
	{{ {954, -437, 8380}, 0, {2040, -4128}, {255, 255, 255, 255} }},
	{{ {-7014, 449, 6556}, 0, {-16, 2032}, {178, 178, 178, 255} }},
	{{ {-6980, 449, 6578}, 0, {2040, 2032}, {178, 178, 178, 255} }},
	{{ {-7014, -185, 6556}, 0, {-16, -4128}, {255, 255, 255, 255} }},
	{{ {-6980, -185, 6578}, 0, {2040, -4128}, {255, 255, 255, 255} }},
	{{ {3613, 197, -9409}, 0, {-16, 2032}, {178, 178, 178, 255} }},
	{{ {3579, 197, -9431}, 0, {2040, 2032}, {178, 178, 178, 255} }},
	{{ {3613, -437, -9409}, 0, {-16, -4128}, {255, 255, 255, 255} }},
	{{ {3579, -437, -9431}, 0, {2040, -4128}, {178, 178, 178, 255} }},
	{{ {10700, -682, -7101}, 0, {-16, 2032}, {178, 178, 178, 255} }},
	{{ {10666, -682, -7124}, 0, {2040, 2032}, {178, 178, 178, 255} }},
	{{ {10700, -1316, -7101}, 0, {-16, -4128}, {255, 255, 255, 255} }},
	{{ {10666, -1316, -7124}, 0, {2040, -4128}, {255, 255, 255, 255} }},
	{{ {-1357, 197, -9198}, 0, {-16, 2032}, {178, 178, 178, 255} }},
	{{ {-1392, 197, -9218}, 0, {2040, 2032}, {178, 178, 178, 255} }},
	{{ {-1357, -437, -9198}, 0, {-16, -4128}, {255, 255, 255, 255} }},
	{{ {-1392, -437, -9218}, 0, {2040, -4128}, {178, 178, 178, 255} }},
	{{ {-7368, 260, -7504}, 0, {-16, 2032}, {178, 178, 178, 255} }},
	{{ {-7403, 260, -7524}, 0, {2040, 2032}, {178, 178, 178, 255} }},
	{{ {-7368, -374, -7504}, 0, {-16, -4128}, {255, 255, 255, 255} }},
	{{ {-7403, -374, -7524}, 0, {2040, -4128}, {255, 255, 255, 255} }},
	{{ {9041, 2895, -7892}, 0, {-16, 2032}, {178, 178, 178, 255} }},
	{{ {9007, 2895, -7915}, 0, {2040, 2032}, {178, 178, 178, 255} }},
	{{ {9041, 2262, -7892}, 0, {-16, -4128}, {255, 255, 255, 255} }},
	{{ {9007, 2262, -7915}, 0, {2040, -4128}, {178, 178, 178, 255} }},
	{{ {-5712, 2895, -9086}, 0, {-16, 2032}, {178, 178, 178, 255} }},
	{{ {-5745, 2895, -9109}, 0, {2040, 2032}, {178, 178, 178, 255} }},
	{{ {-5712, 2262, -9086}, 0, {-16, -4128}, {255, 255, 255, 255} }},
	{{ {-5745, 2262, -9109}, 0, {2040, -4128}, {178, 178, 178, 255} }},
	{{ {-4599, 2895, 7393}, 0, {-16, 2032}, {178, 178, 178, 255} }},
	{{ {-4563, 2895, 7412}, 0, {2040, 2032}, {178, 178, 178, 255} }},
	{{ {-4599, 2262, 7393}, 0, {-16, -4128}, {255, 255, 255, 255} }},
	{{ {-4563, 2262, 7412}, 0, {2040, -4128}, {178, 178, 178, 255} }},
	{{ {5700, 2895, 6447}, 0, {-16, 2032}, {178, 178, 178, 255} }},
	{{ {5735, 2895, 6467}, 0, {2040, 2032}, {178, 178, 178, 255} }},
	{{ {5700, 2262, 6447}, 0, {-16, -4128}, {255, 255, 255, 255} }},
	{{ {5735, 2262, 6467}, 0, {2040, -4128}, {178, 178, 178, 255} }},
};

Vtx ss1_space_object_012539D4_mesh_layer_1_vtx_27[88] = {
	{{ {7812, 2107, 6765}, 0, {-16, -16}, {255, 255, 255, 255} }},
	{{ {7390, 2369, 6643}, 0, {-16, 1008}, {255, 255, 255, 255} }},
	{{ {7723, 2369, 6225}, 0, {1353, 1008}, {255, 255, 255, 255} }},
	{{ {7936, 2107, 6611}, 0, {1353, -16}, {255, 255, 255, 255} }},
	{{ {8254, 2369, 6166}, 0, {2727, 1008}, {255, 255, 255, 255} }},
	{{ {8132, 2107, 6589}, 0, {2727, -12}, {255, 255, 255, 255} }},
	{{ {8672, 2369, 6500}, 0, {4096, 1008}, {255, 255, 255, 255} }},
	{{ {8287, 2107, 6712}, 0, {4076, -16}, {255, 255, 255, 255} }},
	{{ {542, 2233, 8354}, 0, {-16, -16}, {255, 255, 255, 255} }},
	{{ {144, 2495, 8166}, 0, {-16, 1008}, {255, 255, 255, 255} }},
	{{ {540, 2495, 7807}, 0, {1353, 1008}, {255, 255, 255, 255} }},
	{{ {688, 2233, 8222}, 0, {1353, -16}, {255, 255, 255, 255} }},
	{{ {1074, 2495, 7834}, 0, {2727, 1008}, {255, 255, 255, 255} }},
	{{ {886, 2233, 8231}, 0, {2727, -12}, {255, 255, 255, 255} }},
	{{ {1433, 2495, 8230}, 0, {4096, 1008}, {255, 255, 255, 255} }},
	{{ {1019, 2233, 8378}, 0, {4076, -16}, {255, 255, 255, 255} }},
	{{ {-7393, 2485, 6570}, 0, {-16, -16}, {255, 255, 255, 255} }},
	{{ {-7798, 2747, 6398}, 0, {-16, 1008}, {255, 255, 255, 255} }},
	{{ {-7416, 2747, 6023}, 0, {1353, 1008}, {255, 255, 255, 255} }},
	{{ {-7252, 2485, 6431}, 0, {1353, -16}, {255, 255, 255, 255} }},
	{{ {-6882, 2747, 6028}, 0, {2727, 1008}, {255, 255, 255, 255} }},
	{{ {-7054, 2485, 6433}, 0, {2727, -12}, {255, 255, 255, 255} }},
	{{ {-6507, 2747, 6409}, 0, {4096, 1008}, {255, 255, 255, 255} }},
	{{ {-6915, 2485, 6574}, 0, {4076, -16}, {255, 255, 255, 255} }},
	{{ {3106, 2495, -9262}, 0, {4096, 1008}, {255, 255, 255, 255} }},
	{{ {3514, 2233, -9427}, 0, {4076, -16}, {255, 255, 255, 255} }},
	{{ {3653, 2233, -9285}, 0, {2727, -12}, {255, 255, 255, 255} }},
	{{ {3480, 2495, -8881}, 0, {2727, 1008}, {255, 255, 255, 255} }},
	{{ {3850, 2233, -9283}, 0, {1353, -16}, {255, 255, 255, 255} }},
	{{ {4015, 2495, -8875}, 0, {1353, 1008}, {255, 255, 255, 255} }},
	{{ {3992, 2233, -9422}, 0, {-16, -16}, {255, 255, 255, 255} }},
	{{ {4396, 2495, -9249}, 0, {-16, 1008}, {255, 255, 255, 255} }},
	{{ {10190, 1615, -6965}, 0, {4096, 1008}, {255, 255, 255, 255} }},
	{{ {10602, 1353, -7121}, 0, {4076, -16}, {255, 255, 255, 255} }},
	{{ {10737, 1353, -6976}, 0, {2727, -12}, {255, 255, 255, 255} }},
	{{ {10557, 1615, -6575}, 0, {2727, 1008}, {255, 255, 255, 255} }},
	{{ {10935, 1353, -6970}, 0, {1353, -16}, {255, 255, 255, 255} }},
	{{ {11091, 1615, -6559}, 0, {1353, 1008}, {255, 255, 255, 255} }},
	{{ {11079, 1353, -7106}, 0, {-16, -16}, {255, 255, 255, 255} }},
	{{ {11480, 1615, -6925}, 0, {-16, 1008}, {255, 255, 255, 255} }},
	{{ {-1856, 2495, -9026}, 0, {4096, 1008}, {255, 255, 255, 255} }},
	{{ {-1456, 2233, -9210}, 0, {4076, -16}, {255, 255, 255, 255} }},
	{{ {-1311, 2233, -9076}, 0, {2727, -12}, {255, 255, 255, 255} }},
	{{ {-1463, 2495, -8663}, 0, {2727, 1008}, {255, 255, 255, 255} }},
	{{ {-1113, 2233, -9084}, 0, {1353, -16}, {255, 255, 255, 255} }},
	{{ {-929, 2495, -8685}, 0, {1353, 1008}, {255, 255, 255, 255} }},
	{{ {-979, 2233, -9229}, 0, {-16, -16}, {255, 255, 255, 255} }},
	{{ {-566, 2495, -9077}, 0, {-16, 1008}, {255, 255, 255, 255} }},
	{{ {-6990, 2296, -7536}, 0, {-16, -16}, {255, 255, 255, 255} }},
	{{ {-6578, 2558, -7383}, 0, {-16, 1008}, {255, 255, 255, 255} }},
	{{ {-6940, 2558, -6991}, 0, {1353, 1008}, {255, 255, 255, 255} }},
	{{ {-7125, 2296, -7390}, 0, {1353, -16}, {255, 255, 255, 255} }},
	{{ {-7474, 2558, -6970}, 0, {2727, 1008}, {255, 255, 255, 255} }},
	{{ {-7322, 2296, -7383}, 0, {2727, -12}, {255, 255, 255, 255} }},
	{{ {-7867, 2558, -7332}, 0, {4096, 1008}, {255, 255, 255, 255} }},
	{{ {-7467, 2296, -7517}, 0, {4076, -16}, {255, 255, 255, 255} }},
	{{ {9420, 4931, -7893}, 0, {-16, -16}, {255, 255, 255, 255} }},
	{{ {9819, 5193, -7709}, 0, {-16, 1008}, {0, 0, 0, 255} }},
	{{ {9426, 5193, -7346}, 0, {1353, 1008}, {0, 0, 0, 255} }},
	{{ {9274, 4931, -7759}, 0, {1353, -16}, {255, 255, 255, 255} }},
	{{ {8892, 5193, -7368}, 0, {2727, 1008}, {0, 0, 0, 255} }},
	{{ {9077, 4931, -7767}, 0, {2727, -12}, {255, 255, 255, 255} }},
	{{ {8530, 5193, -7761}, 0, {4096, 1008}, {0, 0, 0, 255} }},
	{{ {8943, 4931, -7913}, 0, {4076, -16}, {255, 255, 255, 255} }},
	{{ {-6221, 5193, -8950}, 0, {4096, 1008}, {0, 0, 0, 255} }},
	{{ {-5810, 4931, -9106}, 0, {4076, -16}, {255, 255, 255, 255} }},
	{{ {-5674, 4931, -8962}, 0, {2727, -12}, {255, 255, 255, 255} }},
	{{ {-5855, 5193, -8560}, 0, {2727, 1008}, {0, 0, 0, 255} }},
	{{ {-5477, 4931, -8956}, 0, {1353, -16}, {255, 255, 255, 255} }},
	{{ {-5321, 5193, -8544}, 0, {1353, 1008}, {0, 0, 0, 255} }},
	{{ {-5333, 4931, -9091}, 0, {-16, -16}, {255, 255, 255, 255} }},
	{{ {-4931, 5193, -8910}, 0, {-16, 1008}, {0, 0, 0, 255} }},
	{{ {-4975, 4931, 7444}, 0, {-16, -16}, {255, 255, 255, 255} }},
	{{ {-5395, 5193, 7314}, 0, {-16, 1008}, {0, 0, 0, 255} }},
	{{ {-5053, 5193, 6903}, 0, {1353, 1008}, {0, 0, 0, 255} }},
	{{ {-4848, 4931, 7292}, 0, {1353, -16}, {255, 255, 255, 255} }},
	{{ {-4521, 5193, 6854}, 0, {2727, 1008}, {0, 0, 0, 255} }},
	{{ {-4651, 4931, 7274}, 0, {2727, -12}, {255, 255, 255, 255} }},
	{{ {-4110, 5193, 7196}, 0, {4096, 1008}, {0, 0, 0, 255} }},
	{{ {-4499, 4931, 7401}, 0, {4076, -16}, {255, 255, 255, 255} }},
	{{ {5322, 4931, 6475}, 0, {-16, -16}, {255, 255, 255, 255} }},
	{{ {4910, 5193, 6320}, 0, {-16, 1008}, {0, 0, 0, 255} }},
	{{ {5276, 5193, 5930}, 0, {1353, 1008}, {0, 0, 0, 255} }},
	{{ {5457, 4931, 6331}, 0, {1353, -16}, {255, 255, 255, 255} }},
	{{ {5810, 5193, 5914}, 0, {2727, 1008}, {0, 0, 0, 255} }},
	{{ {5655, 4931, 6325}, 0, {2727, -12}, {255, 255, 255, 255} }},
	{{ {6200, 5193, 6280}, 0, {4096, 1008}, {0, 0, 0, 255} }},
	{{ {5799, 4931, 6460}, 0, {4076, -16}, {255, 255, 255, 255} }},
};

Vtx ss1_space_object_012539D4_mesh_layer_1_vtx_28[88] = {
	{{ {7812, 65, 6765}, 0, {6152, 2032}, {178, 178, 178, 255} }},
	{{ {7812, 2107, 6765}, 0, {6152, -6184}, {178, 178, 178, 255} }},
	{{ {7936, 2107, 6611}, 0, {4096, -6184}, {178, 178, 178, 255} }},
	{{ {7936, 65, 6611}, 0, {4096, 2032}, {255, 255, 255, 255} }},
	{{ {8132, 2107, 6589}, 0, {2040, -6184}, {178, 178, 178, 255} }},
	{{ {8132, 65, 6589}, 0, {2040, 2032}, {255, 255, 255, 255} }},
	{{ {8287, 2107, 6712}, 0, {-16, -6184}, {178, 178, 178, 255} }},
	{{ {8287, 65, 6712}, 0, {-16, 2032}, {255, 255, 255, 255} }},
	{{ {542, 190, 8354}, 0, {6152, 2032}, {255, 255, 255, 255} }},
	{{ {542, 2233, 8354}, 0, {6152, -6184}, {178, 178, 178, 255} }},
	{{ {688, 2233, 8222}, 0, {4096, -6184}, {178, 178, 178, 255} }},
	{{ {688, 190, 8222}, 0, {4096, 2032}, {255, 255, 255, 255} }},
	{{ {886, 2233, 8231}, 0, {2040, -6184}, {178, 178, 178, 255} }},
	{{ {886, 190, 8231}, 0, {2040, 2032}, {255, 255, 255, 255} }},
	{{ {1019, 2233, 8378}, 0, {-16, -6184}, {178, 178, 178, 255} }},
	{{ {1019, 190, 8378}, 0, {-16, 2032}, {255, 255, 255, 255} }},
	{{ {-7393, 442, 6570}, 0, {6152, 2032}, {255, 255, 255, 255} }},
	{{ {-7393, 2485, 6570}, 0, {6152, -6184}, {178, 178, 178, 255} }},
	{{ {-7252, 2485, 6431}, 0, {4096, -6184}, {178, 178, 178, 255} }},
	{{ {-7252, 442, 6431}, 0, {4096, 2032}, {255, 255, 255, 255} }},
	{{ {-7054, 2485, 6433}, 0, {2040, -6184}, {178, 178, 178, 255} }},
	{{ {-7054, 442, 6433}, 0, {2040, 2032}, {255, 255, 255, 255} }},
	{{ {-6915, 2485, 6574}, 0, {-16, -6184}, {178, 178, 178, 255} }},
	{{ {-6915, 442, 6574}, 0, {-16, 2032}, {255, 255, 255, 255} }},
	{{ {3992, 190, -9422}, 0, {6152, 2032}, {255, 255, 255, 255} }},
	{{ {3992, 2233, -9422}, 0, {6152, -6184}, {178, 178, 178, 255} }},
	{{ {3850, 2233, -9283}, 0, {4096, -6184}, {178, 178, 178, 255} }},
	{{ {3850, 190, -9283}, 0, {4096, 2032}, {255, 255, 255, 255} }},
	{{ {3653, 2233, -9285}, 0, {2040, -6184}, {178, 178, 178, 255} }},
	{{ {3653, 190, -9285}, 0, {2040, 2032}, {255, 255, 255, 255} }},
	{{ {3514, 2233, -9427}, 0, {-16, -6184}, {178, 178, 178, 255} }},
	{{ {3514, 190, -9427}, 0, {-16, 2032}, {255, 255, 255, 255} }},
	{{ {10602, 1353, -7121}, 0, {-16, -6184}, {178, 178, 178, 255} }},
	{{ {10602, -689, -7121}, 0, {-16, 2032}, {255, 255, 255, 255} }},
	{{ {10737, -689, -6976}, 0, {2040, 2032}, {255, 255, 255, 255} }},
	{{ {10737, 1353, -6976}, 0, {2040, -6184}, {178, 178, 178, 255} }},
	{{ {10935, -689, -6970}, 0, {4096, 2032}, {255, 255, 255, 255} }},
	{{ {10935, 1353, -6970}, 0, {4096, -6184}, {178, 178, 178, 255} }},
	{{ {11079, -689, -7106}, 0, {6152, 2032}, {255, 255, 255, 255} }},
	{{ {11079, 1353, -7106}, 0, {6152, -6184}, {178, 178, 178, 255} }},
	{{ {-1456, 2233, -9210}, 0, {-16, -6184}, {178, 178, 178, 255} }},
	{{ {-1456, 190, -9210}, 0, {-16, 2032}, {255, 255, 255, 255} }},
	{{ {-1311, 190, -9076}, 0, {2040, 2032}, {255, 255, 255, 255} }},
	{{ {-1311, 2233, -9076}, 0, {2040, -6184}, {178, 178, 178, 255} }},
	{{ {-1113, 190, -9084}, 0, {4096, 2032}, {255, 255, 255, 255} }},
	{{ {-1113, 2233, -9084}, 0, {4096, -6184}, {178, 178, 178, 255} }},
	{{ {-979, 190, -9229}, 0, {6152, 2032}, {255, 255, 255, 255} }},
	{{ {-979, 2233, -9229}, 0, {6152, -6184}, {178, 178, 178, 255} }},
	{{ {-7467, 2296, -7517}, 0, {-16, -6184}, {178, 178, 178, 255} }},
	{{ {-7467, 253, -7517}, 0, {-16, 2032}, {255, 255, 255, 255} }},
	{{ {-7322, 253, -7383}, 0, {2040, 2032}, {255, 255, 255, 255} }},
	{{ {-7322, 2296, -7383}, 0, {2040, -6184}, {178, 178, 178, 255} }},
	{{ {-7125, 253, -7390}, 0, {4096, 2032}, {255, 255, 255, 255} }},
	{{ {-7125, 2296, -7390}, 0, {4096, -6184}, {178, 178, 178, 255} }},
	{{ {-6990, 253, -7536}, 0, {6152, 2032}, {178, 178, 178, 255} }},
	{{ {-6990, 2296, -7536}, 0, {6152, -6184}, {178, 178, 178, 255} }},
	{{ {9420, 2889, -7893}, 0, {6152, 2032}, {255, 255, 255, 255} }},
	{{ {9420, 4931, -7893}, 0, {6152, -6184}, {178, 178, 178, 255} }},
	{{ {9274, 4931, -7759}, 0, {4096, -6184}, {178, 178, 178, 255} }},
	{{ {9274, 2889, -7759}, 0, {4096, 2032}, {255, 255, 255, 255} }},
	{{ {9077, 4931, -7767}, 0, {2040, -6184}, {178, 178, 178, 255} }},
	{{ {9077, 2889, -7767}, 0, {2040, 2032}, {255, 255, 255, 255} }},
	{{ {8943, 4931, -7913}, 0, {-16, -6184}, {178, 178, 178, 255} }},
	{{ {8943, 2889, -7913}, 0, {-16, 2032}, {178, 178, 178, 255} }},
	{{ {-5810, 4931, -9106}, 0, {-16, -6184}, {178, 178, 178, 255} }},
	{{ {-5810, 2889, -9106}, 0, {-16, 2032}, {255, 255, 255, 255} }},
	{{ {-5674, 2889, -8962}, 0, {2040, 2032}, {255, 255, 255, 255} }},
	{{ {-5674, 4931, -8962}, 0, {2040, -6184}, {178, 178, 178, 255} }},
	{{ {-5477, 2889, -8956}, 0, {4096, 2032}, {255, 255, 255, 255} }},
	{{ {-5477, 4931, -8956}, 0, {4096, -6184}, {178, 178, 178, 255} }},
	{{ {-5333, 2889, -9091}, 0, {6152, 2032}, {255, 255, 255, 255} }},
	{{ {-5333, 4931, -9091}, 0, {6152, -6184}, {178, 178, 178, 255} }},
	{{ {-4499, 4931, 7401}, 0, {-16, -6184}, {178, 178, 178, 255} }},
	{{ {-4499, 2889, 7401}, 0, {-16, 2032}, {255, 255, 255, 255} }},
	{{ {-4651, 2889, 7274}, 0, {2040, 2032}, {255, 255, 255, 255} }},
	{{ {-4651, 4931, 7274}, 0, {2040, -6184}, {178, 178, 178, 255} }},
	{{ {-4848, 2889, 7292}, 0, {4096, 2032}, {255, 255, 255, 255} }},
	{{ {-4848, 4931, 7292}, 0, {4096, -6184}, {178, 178, 178, 255} }},
	{{ {-4975, 2889, 7444}, 0, {6152, 2032}, {255, 255, 255, 255} }},
	{{ {-4975, 4931, 7444}, 0, {6152, -6184}, {178, 178, 178, 255} }},
	{{ {5799, 4931, 6460}, 0, {-16, -6184}, {178, 178, 178, 255} }},
	{{ {5799, 2889, 6460}, 0, {-16, 2032}, {255, 255, 255, 255} }},
	{{ {5655, 2889, 6325}, 0, {2040, 2032}, {255, 255, 255, 255} }},
	{{ {5655, 4931, 6325}, 0, {2040, -6184}, {178, 178, 178, 255} }},
	{{ {5457, 2889, 6331}, 0, {4096, 2032}, {255, 255, 255, 255} }},
	{{ {5457, 4931, 6331}, 0, {4096, -6184}, {178, 178, 178, 255} }},
	{{ {5322, 2889, 6475}, 0, {6152, 2032}, {255, 255, 255, 255} }},
	{{ {5322, 4931, 6475}, 0, {6152, -6184}, {178, 178, 178, 255} }},
};

Vtx ss1_space_object_012539D4_mesh_layer_1_vtx_29[379] = {
	{{ {2693, -4614, -8716}, 0, {1317, 1968}, {151, 214, 228, 255} }},
	{{ {4150, -4809, -8207}, 0, {1478, 1920}, {151, 214, 228, 255} }},
	{{ {2831, -4809, -8716}, 0, {1333, 1984}, {151, 214, 228, 255} }},
	{{ {3948, -4523, -8207}, 0, {1454, 1903}, {151, 214, 228, 255} }},
	{{ {2293, -4438, -8716}, 0, {1269, 1960}, {151, 214, 228, 255} }},
	{{ {1170, -4621, -9026}, 0, {1141, 2008}, {151, 214, 228, 255} }},
	{{ {1372, -4711, -9026}, 0, {1165, 2016}, {151, 214, 228, 255} }},
	{{ {1442, -4809, -9026}, 0, {1173, 2016}, {151, 214, 228, 255} }},
	{{ {18, -4809, -9130}, 0, {1012, 2032}, {151, 214, 228, 255} }},
	{{ {855, -4551, -9026}, 0, {1108, 2000}, {151, 214, 228, 255} }},
	{{ {458, -4505, -9026}, 0, {1060, 2000}, {151, 214, 228, 255} }},
	{{ {18, -4490, -9026}, 0, {1012, 2000}, {151, 214, 228, 255} }},
	{{ {-422, -4505, -9026}, 0, {964, 2000}, {151, 214, 228, 255} }},
	{{ {-819, -4551, -9026}, 0, {916, 2000}, {151, 214, 228, 255} }},
	{{ {-1134, -4621, -9026}, 0, {884, 2008}, {151, 214, 228, 255} }},
	{{ {-1336, -4711, -9026}, 0, {859, 2016}, {151, 214, 228, 255} }},
	{{ {-1406, -4809, -9026}, 0, {851, 2016}, {151, 214, 228, 255} }},
	{{ {-2657, -4614, -8716}, 0, {707, 1968}, {151, 214, 228, 255} }},
	{{ {-2795, -4809, -8716}, 0, {691, 1984}, {106, 179, 183, 255} }},
	{{ {-3912, -4523, -8207}, 0, {570, 1903}, {151, 214, 228, 255} }},
	{{ {-4114, -4809, -8207}, 0, {546, 1920}, {106, 179, 183, 255} }},
	{{ {-5070, -4438, -7513}, 0, {434, 1815}, {151, 214, 228, 255} }},
	{{ {-5332, -4809, -7513}, 0, {410, 1839}, {106, 179, 183, 255} }},
	{{ {-6103, -4363, -6651}, 0, {321, 1703}, {151, 214, 228, 255} }},
	{{ {-6418, -4809, -6651}, 0, {281, 1735}, {106, 179, 183, 255} }},
	{{ {-6985, -4298, -5641}, 0, {225, 1574}, {151, 214, 228, 255} }},
	{{ {-7345, -4809, -5641}, 0, {177, 1606}, {106, 179, 183, 255} }},
	{{ {-7695, -4247, -4508}, 0, {145, 1438}, {151, 214, 228, 255} }},
	{{ {-8092, -4809, -4508}, 0, {96, 1470}, {106, 179, 183, 255} }},
	{{ {-8215, -4209, -3281}, 0, {80, 1285}, {151, 214, 228, 255} }},
	{{ {-8638, -4809, -3281}, 0, {32, 1325}, {106, 179, 183, 255} }},
	{{ {-8532, -4186, -1989}, 0, {48, 1124}, {162, 221, 238, 255} }},
	{{ {-8972, -4809, -1989}, 0, {0, 1165}, {106, 179, 183, 255} }},
	{{ {-8638, -4178, -665}, 0, {32, 964}, {106, 179, 183, 255} }},
	{{ {-9084, -4809, -665}, 0, {-16, 1012}, {106, 179, 183, 255} }},
	{{ {-8532, -4186, 659}, 0, {48, 803}, {106, 179, 183, 255} }},
	{{ {-8972, -4809, 659}, 0, {0, 851}, {106, 179, 183, 255} }},
	{{ {-8215, -4209, 1950}, 0, {80, 651}, {106, 179, 183, 255} }},
	{{ {-8638, -4809, 1950}, 0, {32, 691}, {106, 179, 183, 255} }},
	{{ {-7695, -4247, 3178}, 0, {145, 506}, {106, 179, 183, 255} }},
	{{ {-8092, -4809, 3178}, 0, {96, 546}, {106, 179, 183, 255} }},
	{{ {-6985, -4298, 4310}, 0, {225, 370}, {106, 179, 183, 255} }},
	{{ {-7345, -4809, 4310}, 0, {177, 410}, {55, 111, 123, 255} }},
	{{ {-6103, -4363, 5320}, 0, {321, 257}, {106, 179, 183, 255} }},
	{{ {-6418, -4809, 5320}, 0, {281, 281}, {55, 111, 123, 255} }},
	{{ {-5070, -4438, 6183}, 0, {434, 153}, {55, 111, 123, 255} }},
	{{ {-5332, -4809, 6183}, 0, {410, 177}, {55, 111, 123, 255} }},
	{{ {-3912, -4523, 6877}, 0, {570, 80}, {55, 111, 123, 255} }},
	{{ {-4114, -4809, 6877}, 0, {546, 96}, {55, 111, 123, 255} }},
	{{ {-2657, -4614, 7385}, 0, {707, 24}, {55, 111, 123, 255} }},
	{{ {-2795, -4809, 7385}, 0, {691, 32}, {55, 111, 123, 255} }},
	{{ {-1336, -4711, 7695}, 0, {859, -8}, {55, 111, 123, 255} }},
	{{ {-1406, -4809, 7695}, 0, {851, 0}, {55, 111, 123, 255} }},
	{{ {18, -4809, 7799}, 0, {1012, -16}, {55, 111, 123, 255} }},
	{{ {-1134, -4621, 7695}, 0, {884, -16}, {55, 111, 123, 255} }},
	{{ {-819, -4551, 7695}, 0, {916, -16}, {55, 111, 123, 255} }},
	{{ {18, -4809, 7799}, 0, {1012, -16}, {55, 111, 123, 255} }},
	{{ {-422, -4505, 7695}, 0, {964, -16}, {55, 111, 123, 255} }},
	{{ {-819, -4551, 7695}, 0, {916, -16}, {55, 111, 123, 255} }},
	{{ {18, -4490, 7695}, 0, {1012, -16}, {55, 111, 123, 255} }},
	{{ {458, -4505, 7695}, 0, {1060, -16}, {55, 111, 123, 255} }},
	{{ {855, -4551, 7695}, 0, {1108, -16}, {55, 111, 123, 255} }},
	{{ {1170, -4621, 7695}, 0, {1141, -16}, {55, 111, 123, 255} }},
	{{ {1372, -4711, 7695}, 0, {1165, -8}, {55, 111, 123, 255} }},
	{{ {1442, -4809, 7695}, 0, {1173, 0}, {55, 111, 123, 255} }},
	{{ {2693, -4614, 7385}, 0, {1317, 24}, {55, 111, 123, 255} }},
	{{ {2831, -4809, 7385}, 0, {1333, 32}, {55, 111, 123, 255} }},
	{{ {3948, -4523, 6877}, 0, {1454, 80}, {55, 111, 123, 255} }},
	{{ {4150, -4809, 6877}, 0, {1478, 96}, {55, 111, 123, 255} }},
	{{ {5106, -4438, 6183}, 0, {1590, 153}, {55, 111, 123, 255} }},
	{{ {5368, -4809, 6183}, 0, {1614, 177}, {55, 111, 123, 255} }},
	{{ {6139, -4363, 5320}, 0, {1703, 257}, {55, 111, 123, 255} }},
	{{ {6454, -4809, 5320}, 0, {1743, 281}, {55, 111, 123, 255} }},
	{{ {7021, -4298, 4310}, 0, {1799, 370}, {55, 111, 123, 255} }},
	{{ {7381, -4809, 4310}, 0, {1847, 410}, {55, 111, 123, 255} }},
	{{ {7731, -4247, 3178}, 0, {1879, 506}, {106, 179, 183, 255} }},
	{{ {8128, -4809, 3178}, 0, {1928, 546}, {55, 111, 123, 255} }},
	{{ {8251, -4209, 1950}, 0, {1944, 651}, {106, 179, 183, 255} }},
	{{ {8674, -4809, 1950}, 0, {1992, 691}, {106, 179, 183, 255} }},
	{{ {8568, -4186, 659}, 0, {1976, 803}, {106, 179, 183, 255} }},
	{{ {9008, -4809, 659}, 0, {2024, 851}, {106, 179, 183, 255} }},
	{{ {8674, -4178, -665}, 0, {1992, 964}, {106, 179, 183, 255} }},
	{{ {9120, -4809, -665}, 0, {2040, 1012}, {106, 179, 183, 255} }},
	{{ {8568, -4186, -1989}, 0, {1976, 1124}, {106, 179, 183, 255} }},
	{{ {9008, -4809, -1989}, 0, {2024, 1165}, {106, 179, 183, 255} }},
	{{ {8251, -4209, -3281}, 0, {1944, 1285}, {151, 214, 228, 255} }},
	{{ {8674, -4809, -3281}, 0, {1992, 1325}, {106, 179, 183, 255} }},
	{{ {7731, -4247, -4508}, 0, {1879, 1438}, {151, 214, 228, 255} }},
	{{ {8128, -4809, -4508}, 0, {1928, 1470}, {106, 179, 183, 255} }},
	{{ {7021, -4298, -5641}, 0, {1799, 1574}, {151, 214, 228, 255} }},
	{{ {7381, -4809, -5641}, 0, {1847, 1606}, {106, 179, 183, 255} }},
	{{ {6139, -4363, -6651}, 0, {1703, 1703}, {151, 214, 228, 255} }},
	{{ {6454, -4809, -6651}, 0, {1743, 1735}, {106, 179, 183, 255} }},
	{{ {5106, -4438, -7513}, 0, {1590, 1815}, {151, 214, 228, 255} }},
	{{ {5368, -4809, -7513}, 0, {1614, 1839}, {151, 214, 228, 255} }},
	{{ {3948, -4523, -8207}, 0, {1454, 1903}, {151, 214, 228, 255} }},
	{{ {4150, -4809, -8207}, 0, {1478, 1920}, {151, 214, 228, 255} }},
	{{ {3361, -4264, -8207}, 0, {1389, 1887}, {162, 221, 238, 255} }},
	{{ {2293, -4438, -8716}, 0, {1269, 1960}, {151, 214, 228, 255} }},
	{{ {1671, -4298, -8716}, 0, {1197, 1952}, {151, 214, 228, 255} }},
	{{ {855, -4551, -9026}, 0, {1108, 2000}, {151, 214, 228, 255} }},
	{{ {1170, -4621, -9026}, 0, {1141, 2008}, {151, 214, 228, 255} }},
	{{ {458, -4505, -9026}, 0, {1060, 2000}, {151, 214, 228, 255} }},
	{{ {887, -4209, -8716}, 0, {1108, 1944}, {162, 221, 238, 255} }},
	{{ {18, -4490, -9026}, 0, {1012, 2000}, {151, 214, 228, 255} }},
	{{ {18, -4178, -8716}, 0, {1012, 1944}, {151, 214, 228, 255} }},
	{{ {-422, -4505, -9026}, 0, {964, 2000}, {151, 214, 228, 255} }},
	{{ {-851, -4209, -8716}, 0, {916, 1944}, {151, 214, 228, 255} }},
	{{ {-819, -4551, -9026}, 0, {916, 2000}, {151, 214, 228, 255} }},
	{{ {-1635, -4298, -8716}, 0, {827, 1952}, {151, 214, 228, 255} }},
	{{ {-1134, -4621, -9026}, 0, {884, 2008}, {151, 214, 228, 255} }},
	{{ {-2257, -4438, -8716}, 0, {755, 1960}, {151, 214, 228, 255} }},
	{{ {-1336, -4711, -9026}, 0, {859, 2016}, {151, 214, 228, 255} }},
	{{ {-2257, -4438, -8716}, 0, {755, 1960}, {151, 214, 228, 255} }},
	{{ {-1134, -4621, -9026}, 0, {884, 2008}, {151, 214, 228, 255} }},
	{{ {-2657, -4614, -8716}, 0, {707, 1968}, {151, 214, 228, 255} }},
	{{ {-3325, -4264, -8207}, 0, {635, 1887}, {151, 214, 228, 255} }},
	{{ {-3912, -4523, -8207}, 0, {570, 1903}, {151, 214, 228, 255} }},
	{{ {-4310, -4103, -7513}, 0, {522, 1791}, {151, 214, 228, 255} }},
	{{ {-5070, -4438, -7513}, 0, {434, 1815}, {151, 214, 228, 255} }},
	{{ {-5189, -3960, -6651}, 0, {426, 1679}, {151, 214, 228, 255} }},
	{{ {-6103, -4363, -6651}, 0, {321, 1703}, {151, 214, 228, 255} }},
	{{ {-5939, -3837, -5641}, 0, {337, 1542}, {151, 214, 228, 255} }},
	{{ {-6985, -4298, -5641}, 0, {225, 1574}, {151, 214, 228, 255} }},
	{{ {-6543, -3739, -4508}, 0, {273, 1406}, {151, 214, 228, 255} }},
	{{ {-7695, -4247, -4508}, 0, {145, 1438}, {151, 214, 228, 255} }},
	{{ {-6985, -3667, -3281}, 0, {225, 1253}, {151, 214, 228, 255} }},
	{{ {-8215, -4209, -3281}, 0, {80, 1285}, {151, 214, 228, 255} }},
	{{ {-7255, -3623, -1989}, 0, {193, 1092}, {151, 214, 228, 255} }},
	{{ {-8532, -4186, -1989}, 0, {48, 1124}, {162, 221, 238, 255} }},
	{{ {-7345, -3608, -665}, 0, {177, 932}, {151, 214, 228, 255} }},
	{{ {-8638, -4178, -665}, 0, {32, 964}, {106, 179, 183, 255} }},
	{{ {-7255, -3623, 659}, 0, {193, 771}, {106, 179, 183, 255} }},
	{{ {-8532, -4186, 659}, 0, {48, 803}, {106, 179, 183, 255} }},
	{{ {-6985, -3667, 1950}, 0, {225, 618}, {106, 179, 183, 255} }},
	{{ {-8215, -4209, 1950}, 0, {80, 651}, {106, 179, 183, 255} }},
	{{ {-6543, -3739, 3178}, 0, {273, 474}, {106, 179, 183, 255} }},
	{{ {-7695, -4247, 3178}, 0, {145, 506}, {106, 179, 183, 255} }},
	{{ {-5939, -3837, 4310}, 0, {337, 345}, {106, 179, 183, 255} }},
	{{ {-6985, -4298, 4310}, 0, {225, 370}, {106, 179, 183, 255} }},
	{{ {-5189, -3960, 5320}, 0, {426, 225}, {106, 179, 183, 255} }},
	{{ {-6103, -4363, 5320}, 0, {321, 257}, {106, 179, 183, 255} }},
	{{ {-4310, -4103, 6183}, 0, {522, 137}, {55, 111, 123, 255} }},
	{{ {-5070, -4438, 6183}, 0, {434, 153}, {55, 111, 123, 255} }},
	{{ {-3325, -4264, 6877}, 0, {635, 56}, {55, 111, 123, 255} }},
	{{ {-3912, -4523, 6877}, 0, {570, 80}, {55, 111, 123, 255} }},
	{{ {-2257, -4438, 7385}, 0, {755, 8}, {55, 111, 123, 255} }},
	{{ {-2657, -4614, 7385}, 0, {707, 24}, {55, 111, 123, 255} }},
	{{ {-1134, -4621, 7695}, 0, {884, -16}, {55, 111, 123, 255} }},
	{{ {-1336, -4711, 7695}, 0, {859, -8}, {55, 111, 123, 255} }},
	{{ {-819, -4551, 7695}, 0, {916, -16}, {55, 111, 123, 255} }},
	{{ {-1635, -4298, 7385}, 0, {827, 0}, {55, 111, 123, 255} }},
	{{ {-422, -4505, 7695}, 0, {964, -16}, {55, 111, 123, 255} }},
	{{ {-851, -4209, 7385}, 0, {916, -8}, {55, 111, 123, 255} }},
	{{ {18, -4490, 7695}, 0, {1012, -16}, {55, 111, 123, 255} }},
	{{ {18, -4178, 7385}, 0, {1012, -8}, {55, 111, 123, 255} }},
	{{ {458, -4505, 7695}, 0, {1060, -16}, {55, 111, 123, 255} }},
	{{ {887, -4209, 7385}, 0, {1108, -8}, {55, 111, 123, 255} }},
	{{ {855, -4551, 7695}, 0, {1108, -16}, {55, 111, 123, 255} }},
	{{ {1671, -4298, 7385}, 0, {1197, 0}, {55, 111, 123, 255} }},
	{{ {1170, -4621, 7695}, 0, {1141, -16}, {55, 111, 123, 255} }},
	{{ {2293, -4438, 7385}, 0, {1269, 8}, {55, 111, 123, 255} }},
	{{ {1372, -4711, 7695}, 0, {1165, -8}, {55, 111, 123, 255} }},
	{{ {2693, -4614, 7385}, 0, {1317, 24}, {55, 111, 123, 255} }},
	{{ {3361, -4264, 6877}, 0, {1389, 56}, {55, 111, 123, 255} }},
	{{ {3948, -4523, 6877}, 0, {1454, 80}, {55, 111, 123, 255} }},
	{{ {4346, -4103, 6183}, 0, {1502, 137}, {55, 111, 123, 255} }},
	{{ {5106, -4438, 6183}, 0, {1590, 153}, {55, 111, 123, 255} }},
	{{ {5106, -4438, 6183}, 0, {1590, 153}, {55, 111, 123, 255} }},
	{{ {5225, -3960, 5320}, 0, {1598, 225}, {55, 111, 123, 255} }},
	{{ {4346, -4103, 6183}, 0, {1502, 137}, {55, 111, 123, 255} }},
	{{ {6139, -4363, 5320}, 0, {1703, 257}, {55, 111, 123, 255} }},
	{{ {5975, -3837, 4310}, 0, {1687, 345}, {55, 111, 123, 255} }},
	{{ {7021, -4298, 4310}, 0, {1799, 370}, {55, 111, 123, 255} }},
	{{ {6579, -3739, 3178}, 0, {1751, 474}, {106, 179, 183, 255} }},
	{{ {7731, -4247, 3178}, 0, {1879, 506}, {106, 179, 183, 255} }},
	{{ {7021, -3667, 1950}, 0, {1799, 618}, {106, 179, 183, 255} }},
	{{ {8251, -4209, 1950}, 0, {1944, 651}, {106, 179, 183, 255} }},
	{{ {7291, -3623, 659}, 0, {1831, 771}, {106, 179, 183, 255} }},
	{{ {8568, -4186, 659}, 0, {1976, 803}, {106, 179, 183, 255} }},
	{{ {7381, -3608, -665}, 0, {1847, 932}, {162, 221, 238, 255} }},
	{{ {8674, -4178, -665}, 0, {1992, 964}, {106, 179, 183, 255} }},
	{{ {7291, -3623, -1989}, 0, {1831, 1092}, {162, 221, 238, 255} }},
	{{ {8568, -4186, -1989}, 0, {1976, 1124}, {106, 179, 183, 255} }},
	{{ {7021, -3667, -3281}, 0, {1799, 1253}, {162, 221, 238, 255} }},
	{{ {8251, -4209, -3281}, 0, {1944, 1285}, {151, 214, 228, 255} }},
	{{ {6579, -3739, -4508}, 0, {1751, 1406}, {162, 221, 238, 255} }},
	{{ {7731, -4247, -4508}, 0, {1879, 1438}, {151, 214, 228, 255} }},
	{{ {5975, -3837, -5641}, 0, {1687, 1542}, {162, 221, 238, 255} }},
	{{ {7021, -4298, -5641}, 0, {1799, 1574}, {151, 214, 228, 255} }},
	{{ {5225, -3960, -6651}, 0, {1598, 1679}, {162, 221, 238, 255} }},
	{{ {6139, -4363, -6651}, 0, {1703, 1703}, {151, 214, 228, 255} }},
	{{ {4346, -4103, -7513}, 0, {1502, 1791}, {162, 221, 238, 255} }},
	{{ {5106, -4438, -7513}, 0, {1590, 1815}, {151, 214, 228, 255} }},
	{{ {3361, -4264, -8207}, 0, {1389, 1887}, {162, 221, 238, 255} }},
	{{ {2447, -4059, -8207}, 0, {1285, 1871}, {162, 221, 238, 255} }},
	{{ {1671, -4298, -8716}, 0, {1197, 1952}, {151, 214, 228, 255} }},
	{{ {887, -4209, -8716}, 0, {1108, 1944}, {162, 221, 238, 255} }},
	{{ {1295, -3927, -8207}, 0, {1157, 1863}, {162, 221, 238, 255} }},
	{{ {18, -4178, -8716}, 0, {1012, 1944}, {151, 214, 228, 255} }},
	{{ {18, -3881, -8207}, 0, {1012, 1855}, {162, 221, 238, 255} }},
	{{ {-851, -4209, -8716}, 0, {916, 1944}, {151, 214, 228, 255} }},
	{{ {-1259, -3927, -8207}, 0, {867, 1863}, {162, 221, 238, 255} }},
	{{ {-1635, -4298, -8716}, 0, {827, 1952}, {151, 214, 228, 255} }},
	{{ {-2411, -4059, -8207}, 0, {739, 1871}, {151, 214, 228, 255} }},
	{{ {-2257, -4438, -8716}, 0, {755, 1960}, {151, 214, 228, 255} }},
	{{ {-3325, -4264, -8207}, 0, {635, 1887}, {151, 214, 228, 255} }},
	{{ {-3127, -3837, -7513}, 0, {659, 1775}, {162, 221, 238, 255} }},
	{{ {-4310, -4103, -7513}, 0, {522, 1791}, {151, 214, 228, 255} }},
	{{ {-3765, -3640, -6651}, 0, {586, 1655}, {162, 221, 238, 255} }},
	{{ {-5189, -3960, -6651}, 0, {426, 1679}, {151, 214, 228, 255} }},
	{{ {-4310, -3472, -5641}, 0, {522, 1518}, {162, 221, 238, 255} }},
	{{ {-5939, -3837, -5641}, 0, {337, 1542}, {151, 214, 228, 255} }},
	{{ {-4749, -3336, -4508}, 0, {474, 1373}, {162, 221, 238, 255} }},
	{{ {-6543, -3739, -4508}, 0, {273, 1406}, {151, 214, 228, 255} }},
	{{ {-5070, -3237, -3281}, 0, {434, 1221}, {162, 221, 238, 255} }},
	{{ {-6985, -3667, -3281}, 0, {225, 1253}, {151, 214, 228, 255} }},
	{{ {-5266, -3176, -1989}, 0, {418, 1060}, {151, 214, 228, 255} }},
	{{ {-7255, -3623, -1989}, 0, {193, 1092}, {151, 214, 228, 255} }},
	{{ {-5332, -3156, -665}, 0, {410, 900}, {151, 214, 228, 255} }},
	{{ {-7345, -3608, -665}, 0, {177, 932}, {151, 214, 228, 255} }},
	{{ {-5266, -3176, 659}, 0, {418, 739}, {106, 179, 183, 255} }},
	{{ {-7255, -3623, 659}, 0, {193, 771}, {106, 179, 183, 255} }},
	{{ {-5070, -3237, 1950}, 0, {434, 586}, {106, 179, 183, 255} }},
	{{ {-5070, -3237, 1950}, 0, {434, 586}, {106, 179, 183, 255} }},
	{{ {-7255, -3623, 659}, 0, {193, 771}, {106, 179, 183, 255} }},
	{{ {-6985, -3667, 1950}, 0, {225, 618}, {106, 179, 183, 255} }},
	{{ {-4749, -3336, 3178}, 0, {474, 450}, {106, 179, 183, 255} }},
	{{ {-6543, -3739, 3178}, 0, {273, 474}, {106, 179, 183, 255} }},
	{{ {-4310, -3472, 4310}, 0, {522, 321}, {106, 179, 183, 255} }},
	{{ {-5939, -3837, 4310}, 0, {337, 345}, {106, 179, 183, 255} }},
	{{ {-3765, -3640, 5320}, 0, {586, 209}, {106, 179, 183, 255} }},
	{{ {-5189, -3960, 5320}, 0, {426, 225}, {106, 179, 183, 255} }},
	{{ {-3127, -3837, 6183}, 0, {659, 113}, {55, 111, 123, 255} }},
	{{ {-4310, -4103, 6183}, 0, {522, 137}, {55, 111, 123, 255} }},
	{{ {-2411, -4059, 6877}, 0, {739, 48}, {55, 111, 123, 255} }},
	{{ {-3325, -4264, 6877}, 0, {635, 56}, {55, 111, 123, 255} }},
	{{ {-1635, -4298, 7385}, 0, {827, 0}, {55, 111, 123, 255} }},
	{{ {-2257, -4438, 7385}, 0, {755, 8}, {55, 111, 123, 255} }},
	{{ {-851, -4209, 7385}, 0, {916, -8}, {55, 111, 123, 255} }},
	{{ {-1259, -3927, 6877}, 0, {867, 40}, {55, 111, 123, 255} }},
	{{ {18, -4178, 7385}, 0, {1012, -8}, {55, 111, 123, 255} }},
	{{ {18, -3881, 6877}, 0, {1012, 32}, {55, 111, 123, 255} }},
	{{ {887, -4209, 7385}, 0, {1108, -8}, {55, 111, 123, 255} }},
	{{ {1295, -3927, 6877}, 0, {1157, 40}, {55, 111, 123, 255} }},
	{{ {1671, -4298, 7385}, 0, {1197, 0}, {55, 111, 123, 255} }},
	{{ {2447, -4059, 6877}, 0, {1285, 48}, {55, 111, 123, 255} }},
	{{ {2293, -4438, 7385}, 0, {1269, 8}, {55, 111, 123, 255} }},
	{{ {3361, -4264, 6877}, 0, {1389, 56}, {55, 111, 123, 255} }},
	{{ {3163, -3837, 6183}, 0, {1365, 113}, {55, 111, 123, 255} }},
	{{ {4346, -4103, 6183}, 0, {1502, 137}, {55, 111, 123, 255} }},
	{{ {3801, -3640, 5320}, 0, {1438, 209}, {55, 111, 123, 255} }},
	{{ {5225, -3960, 5320}, 0, {1598, 225}, {55, 111, 123, 255} }},
	{{ {4346, -3472, 4310}, 0, {1502, 321}, {106, 179, 183, 255} }},
	{{ {5975, -3837, 4310}, 0, {1687, 345}, {55, 111, 123, 255} }},
	{{ {4785, -3336, 3178}, 0, {1550, 450}, {106, 179, 183, 255} }},
	{{ {6579, -3739, 3178}, 0, {1751, 474}, {106, 179, 183, 255} }},
	{{ {5106, -3237, 1950}, 0, {1590, 586}, {106, 179, 183, 255} }},
	{{ {7021, -3667, 1950}, 0, {1799, 618}, {106, 179, 183, 255} }},
	{{ {5302, -3176, 659}, 0, {1606, 739}, {162, 221, 238, 255} }},
	{{ {7291, -3623, 659}, 0, {1831, 771}, {106, 179, 183, 255} }},
	{{ {5368, -3156, -665}, 0, {1614, 900}, {162, 221, 238, 255} }},
	{{ {7381, -3608, -665}, 0, {1847, 932}, {162, 221, 238, 255} }},
	{{ {5302, -3176, -1989}, 0, {1606, 1060}, {210, 255, 255, 255} }},
	{{ {7291, -3623, -1989}, 0, {1831, 1092}, {162, 221, 238, 255} }},
	{{ {5106, -3237, -3281}, 0, {1590, 1221}, {210, 255, 255, 255} }},
	{{ {7021, -3667, -3281}, 0, {1799, 1253}, {162, 221, 238, 255} }},
	{{ {4785, -3336, -4508}, 0, {1550, 1373}, {210, 255, 255, 255} }},
	{{ {6579, -3739, -4508}, 0, {1751, 1406}, {162, 221, 238, 255} }},
	{{ {4346, -3472, -5641}, 0, {1502, 1518}, {210, 255, 255, 255} }},
	{{ {5975, -3837, -5641}, 0, {1687, 1542}, {162, 221, 238, 255} }},
	{{ {3801, -3640, -6651}, 0, {1438, 1655}, {210, 255, 255, 255} }},
	{{ {5225, -3960, -6651}, 0, {1598, 1679}, {162, 221, 238, 255} }},
	{{ {3163, -3837, -7513}, 0, {1365, 1775}, {210, 255, 255, 255} }},
	{{ {4346, -4103, -7513}, 0, {1502, 1791}, {162, 221, 238, 255} }},
	{{ {2447, -4059, -8207}, 0, {1285, 1871}, {162, 221, 238, 255} }},
	{{ {1295, -3927, -8207}, 0, {1157, 1863}, {162, 221, 238, 255} }},
	{{ {1671, -3667, -7513}, 0, {1197, 1759}, {210, 255, 255, 255} }},
	{{ {18, -3881, -8207}, 0, {1012, 1855}, {162, 221, 238, 255} }},
	{{ {18, -3608, -7513}, 0, {1012, 1759}, {210, 255, 255, 255} }},
	{{ {18, -3881, -8207}, 0, {1012, 1855}, {162, 221, 238, 255} }},
	{{ {-1259, -3927, -8207}, 0, {867, 1863}, {162, 221, 238, 255} }},
	{{ {18, -3608, -7513}, 0, {1012, 1759}, {210, 255, 255, 255} }},
	{{ {-1635, -3667, -7513}, 0, {827, 1759}, {162, 221, 238, 255} }},
	{{ {-2411, -4059, -8207}, 0, {739, 1871}, {151, 214, 228, 255} }},
	{{ {-3127, -3837, -7513}, 0, {659, 1775}, {162, 221, 238, 255} }},
	{{ {-1971, -3435, -6651}, 0, {787, 1638}, {210, 255, 255, 255} }},
	{{ {-3765, -3640, -6651}, 0, {586, 1655}, {162, 221, 238, 255} }},
	{{ {-2257, -3237, -5641}, 0, {755, 1510}, {210, 255, 255, 255} }},
	{{ {-4310, -3472, -5641}, 0, {522, 1518}, {162, 221, 238, 255} }},
	{{ {-2488, -3077, -4508}, 0, {731, 1357}, {210, 255, 255, 255} }},
	{{ {-4749, -3336, -4508}, 0, {474, 1373}, {162, 221, 238, 255} }},
	{{ {-2657, -2961, -3281}, 0, {707, 1205}, {162, 221, 238, 255} }},
	{{ {-5070, -3237, -3281}, 0, {434, 1221}, {162, 221, 238, 255} }},
	{{ {-2760, -2890, -1989}, 0, {699, 1044}, {162, 221, 238, 255} }},
	{{ {-5266, -3176, -1989}, 0, {418, 1060}, {151, 214, 228, 255} }},
	{{ {-2795, -2866, -665}, 0, {691, 884}, {162, 221, 238, 255} }},
	{{ {-5332, -3156, -665}, 0, {410, 900}, {151, 214, 228, 255} }},
	{{ {-2760, -2890, 659}, 0, {699, 723}, {106, 179, 183, 255} }},
	{{ {-5266, -3176, 659}, 0, {418, 739}, {106, 179, 183, 255} }},
	{{ {-2657, -2961, 1950}, 0, {707, 570}, {106, 179, 183, 255} }},
	{{ {-5070, -3237, 1950}, 0, {434, 586}, {106, 179, 183, 255} }},
	{{ {-2488, -3077, 3178}, 0, {731, 426}, {106, 179, 183, 255} }},
	{{ {-4749, -3336, 3178}, 0, {474, 450}, {106, 179, 183, 255} }},
	{{ {-2257, -3237, 4310}, 0, {755, 305}, {106, 179, 183, 255} }},
	{{ {-4310, -3472, 4310}, 0, {522, 321}, {106, 179, 183, 255} }},
	{{ {-1971, -3435, 5320}, 0, {787, 193}, {106, 179, 183, 255} }},
	{{ {-3765, -3640, 5320}, 0, {586, 209}, {106, 179, 183, 255} }},
	{{ {-1635, -3667, 6183}, 0, {827, 104}, {55, 111, 123, 255} }},
	{{ {-3127, -3837, 6183}, 0, {659, 113}, {55, 111, 123, 255} }},
	{{ {-1259, -3927, 6877}, 0, {867, 40}, {55, 111, 123, 255} }},
	{{ {-2411, -4059, 6877}, 0, {739, 48}, {55, 111, 123, 255} }},
	{{ {18, -3881, 6877}, 0, {1012, 32}, {55, 111, 123, 255} }},
	{{ {18, -3608, 6183}, 0, {1012, 104}, {55, 111, 123, 255} }},
	{{ {1295, -3927, 6877}, 0, {1157, 40}, {55, 111, 123, 255} }},
	{{ {1671, -3667, 6183}, 0, {1197, 104}, {55, 111, 123, 255} }},
	{{ {2447, -4059, 6877}, 0, {1285, 48}, {55, 111, 123, 255} }},
	{{ {3163, -3837, 6183}, 0, {1365, 113}, {55, 111, 123, 255} }},
	{{ {2007, -3435, 5320}, 0, {1237, 193}, {55, 111, 123, 255} }},
	{{ {3801, -3640, 5320}, 0, {1438, 209}, {55, 111, 123, 255} }},
	{{ {2293, -3237, 4310}, 0, {1269, 305}, {106, 179, 183, 255} }},
	{{ {4346, -3472, 4310}, 0, {1502, 321}, {106, 179, 183, 255} }},
	{{ {2524, -3077, 3178}, 0, {1293, 426}, {106, 179, 183, 255} }},
	{{ {4785, -3336, 3178}, 0, {1550, 450}, {106, 179, 183, 255} }},
	{{ {2693, -2961, 1950}, 0, {1317, 570}, {162, 221, 238, 255} }},
	{{ {5106, -3237, 1950}, 0, {1590, 586}, {106, 179, 183, 255} }},
	{{ {2796, -2890, 659}, 0, {1325, 723}, {162, 221, 238, 255} }},
	{{ {5302, -3176, 659}, 0, {1606, 739}, {162, 221, 238, 255} }},
	{{ {2831, -2866, -665}, 0, {1333, 884}, {210, 255, 255, 255} }},
	{{ {5368, -3156, -665}, 0, {1614, 900}, {162, 221, 238, 255} }},
	{{ {2796, -2890, -1989}, 0, {1325, 1044}, {210, 255, 255, 255} }},
	{{ {5302, -3176, -1989}, 0, {1606, 1060}, {210, 255, 255, 255} }},
	{{ {2693, -2961, -3281}, 0, {1317, 1205}, {210, 255, 255, 255} }},
	{{ {5106, -3237, -3281}, 0, {1590, 1221}, {210, 255, 255, 255} }},
	{{ {2524, -3077, -4508}, 0, {1293, 1357}, {210, 255, 255, 255} }},
	{{ {4785, -3336, -4508}, 0, {1550, 1373}, {210, 255, 255, 255} }},
	{{ {2524, -3077, -4508}, 0, {1293, 1357}, {210, 255, 255, 255} }},
	{{ {4785, -3336, -4508}, 0, {1550, 1373}, {210, 255, 255, 255} }},
	{{ {2293, -3237, -5641}, 0, {1269, 1510}, {210, 255, 255, 255} }},
	{{ {4346, -3472, -5641}, 0, {1502, 1518}, {210, 255, 255, 255} }},
	{{ {2007, -3435, -6651}, 0, {1237, 1638}, {210, 255, 255, 255} }},
	{{ {3801, -3640, -6651}, 0, {1438, 1655}, {210, 255, 255, 255} }},
	{{ {1671, -3667, -7513}, 0, {1197, 1759}, {210, 255, 255, 255} }},
	{{ {3163, -3837, -7513}, 0, {1365, 1775}, {210, 255, 255, 255} }},
	{{ {18, -3608, -7513}, 0, {1012, 1759}, {210, 255, 255, 255} }},
	{{ {18, -3364, -6651}, 0, {1012, 1638}, {210, 255, 255, 255} }},
	{{ {-1635, -3667, -7513}, 0, {827, 1759}, {162, 221, 238, 255} }},
	{{ {-1971, -3435, -6651}, 0, {787, 1638}, {210, 255, 255, 255} }},
	{{ {18, -3156, -5641}, 0, {1012, 1502}, {210, 255, 255, 255} }},
	{{ {-2257, -3237, -5641}, 0, {755, 1510}, {210, 255, 255, 255} }},
	{{ {18, -2988, -4508}, 0, {1012, 1349}, {210, 255, 255, 255} }},
	{{ {-2488, -3077, -4508}, 0, {731, 1357}, {210, 255, 255, 255} }},
	{{ {18, -2866, -3281}, 0, {1012, 1197}, {210, 255, 255, 255} }},
	{{ {-2657, -2961, -3281}, 0, {707, 1205}, {162, 221, 238, 255} }},
	{{ {18, -2791, -1989}, 0, {1012, 1036}, {210, 255, 255, 255} }},
	{{ {-2760, -2890, -1989}, 0, {699, 1044}, {162, 221, 238, 255} }},
	{{ {18, -2766, -665}, 0, {1012, 875}, {162, 221, 238, 255} }},
	{{ {-2795, -2866, -665}, 0, {691, 884}, {162, 221, 238, 255} }},
	{{ {18, -2791, 659}, 0, {1012, 715}, {162, 221, 238, 255} }},
	{{ {-2760, -2890, 659}, 0, {699, 723}, {106, 179, 183, 255} }},
	{{ {18, -2866, 1950}, 0, {1012, 562}, {106, 179, 183, 255} }},
	{{ {-2657, -2961, 1950}, 0, {707, 570}, {106, 179, 183, 255} }},
	{{ {18, -2988, 3178}, 0, {1012, 426}, {106, 179, 183, 255} }},
	{{ {-2488, -3077, 3178}, 0, {731, 426}, {106, 179, 183, 255} }},
	{{ {18, -3156, 4310}, 0, {1012, 297}, {106, 179, 183, 255} }},
	{{ {-2257, -3237, 4310}, 0, {755, 305}, {106, 179, 183, 255} }},
	{{ {18, -3364, 5320}, 0, {1012, 193}, {106, 179, 183, 255} }},
	{{ {-1971, -3435, 5320}, 0, {787, 193}, {106, 179, 183, 255} }},
	{{ {18, -3608, 6183}, 0, {1012, 104}, {55, 111, 123, 255} }},
	{{ {-1635, -3667, 6183}, 0, {827, 104}, {55, 111, 123, 255} }},
	{{ {1671, -3667, 6183}, 0, {1197, 104}, {55, 111, 123, 255} }},
	{{ {2007, -3435, 5320}, 0, {1237, 193}, {55, 111, 123, 255} }},
	{{ {2293, -3237, 4310}, 0, {1269, 305}, {106, 179, 183, 255} }},
	{{ {2524, -3077, 3178}, 0, {1293, 426}, {106, 179, 183, 255} }},
	{{ {2693, -2961, 1950}, 0, {1317, 570}, {162, 221, 238, 255} }},
	{{ {2796, -2890, 659}, 0, {1325, 723}, {162, 221, 238, 255} }},
	{{ {2831, -2866, -665}, 0, {1333, 884}, {210, 255, 255, 255} }},
	{{ {2796, -2890, -1989}, 0, {1325, 1044}, {210, 255, 255, 255} }},
	{{ {2693, -2961, -3281}, 0, {1317, 1205}, {210, 255, 255, 255} }},
};

Vtx ss1_space_object_012539D4_mesh_layer_5_vtx_cull[8] = {
	{{ {-13531, -4809, -14214}, 0, {0, 0}, {0, 0, 0, 0} }},
	{{ {-13531, -4809, 12884}, 0, {0, 0}, {0, 0, 0, 0} }},
	{{ {-13531, 5349, 12884}, 0, {0, 0}, {0, 0, 0, 0} }},
	{{ {-13531, 5349, -14214}, 0, {0, 0}, {0, 0, 0, 0} }},
	{{ {13567, -4809, -14214}, 0, {0, 0}, {0, 0, 0, 0} }},
	{{ {13567, -4809, 12884}, 0, {0, 0}, {0, 0, 0, 0} }},
	{{ {13567, 5349, 12884}, 0, {0, 0}, {0, 0, 0, 0} }},
	{{ {13567, 5349, -14214}, 0, {0, 0}, {0, 0, 0, 0} }},
};

Vtx ss1_space_object_012539D4_mesh_layer_5_vtx_0[4] = {
	{{ {11615, -4809, 10917}, 0, {241, -16}, {255, 255, 255, 255} }},
	{{ {11615, -4809, -12247}, 0, {241, 240}, {255, 255, 255, 255} }},
	{{ {-11579, -4809, 10917}, 0, {-16, -16}, {255, 255, 255, 255} }},
	{{ {-11579, -4809, -12247}, 0, {-16, 240}, {255, 255, 255, 255} }},
};


Gfx ss1_space_object_012539D4_mesh_layer_1[] = {
	gsSPClearGeometryMode(G_LIGHTING),
	gsSPVertex(ss1_space_object_012539D4_mesh_layer_1_vtx_cull + 0, 8, 0),
	gsSPSetGeometryMode(G_LIGHTING),
	gsSPCullDisplayList(0, 7),
	gsSPLoadGeometryMode(G_ZBUFFER | G_SHADE | G_CULL_BACK | G_SHADING_SMOOTH),
	gsDPSetCombineLERP(TEXEL0, 0, SHADE, 0, ENVIRONMENT, 0, SHADE, 0, TEXEL0, 0, SHADE, 0, ENVIRONMENT, 0, SHADE, 0),
	gsSPSetOtherMode(G_SETOTHERMODE_H, 4, 20, G_AD_NOISE | G_CD_MAGICSQ | G_CK_NONE | G_TC_FILT | G_TF_BILERP | G_TT_RGBA16 | G_TL_TILE | G_TD_CLAMP | G_TP_PERSP | G_CYC_1CYCLE | G_PM_1PRIMITIVE),
	gsSPSetOtherMode(G_SETOTHERMODE_L, 0, 3, G_AC_NONE | G_ZS_PIXEL),
	gsSPTexture(65535, 65535, 0, 0, 1),
	gsDPSetTextureImage(G_IM_FMT_RGBA, G_IM_SIZ_16b, 1, ss1_space_space512_2_pal_rgba16),
	gsDPSetTile(0, 0, 0, 256, 5, 0, G_TX_WRAP | G_TX_NOMIRROR, 0, 0, G_TX_WRAP | G_TX_NOMIRROR, 0, 0),
	gsDPLoadTLUTCmd(5, 15),
	gsDPSetTextureImage(G_IM_FMT_CI, G_IM_SIZ_16b, 1, ss1_space_space512_2_ci4),
	gsDPSetTile(G_IM_FMT_CI, G_IM_SIZ_16b, 0, 0, 7, 0, G_TX_WRAP | G_TX_NOMIRROR, 0, 0, G_TX_WRAP | G_TX_NOMIRROR, 0, 0),
	gsDPLoadBlock(7, 0, 0, 1023, 512),
	gsDPSetTile(G_IM_FMT_CI, G_IM_SIZ_4b, 4, 0, 0, 0, G_TX_CLAMP | G_TX_NOMIRROR, 6, 0, G_TX_CLAMP | G_TX_NOMIRROR, 6, 0),
	gsDPSetTileSize(0, 0, 0, 252, 252),
	gsSPVertex(ss1_space_object_012539D4_mesh_layer_1_vtx_0 + 0, 9, 0),
	gsSP2Triangles(0, 1, 2, 0, 2, 1, 3, 0),
	gsSP2Triangles(3, 4, 2, 0, 2, 4, 5, 0),
	gsSP2Triangles(2, 5, 6, 0, 7, 2, 6, 0),
	gsSP2Triangles(8, 2, 7, 0, 8, 0, 2, 0),
	gsDPPipeSync(),
	gsDPSetTextureImage(G_IM_FMT_RGBA, G_IM_SIZ_16b, 1, ss1_space_space512_1_pal_rgba16),
	gsDPLoadTLUTCmd(5, 15),
	gsDPSetTextureImage(G_IM_FMT_CI, G_IM_SIZ_16b, 1, ss1_space_space512_1_ci4),
	gsDPLoadBlock(7, 0, 0, 1023, 512),
	gsSPVertex(ss1_space_object_012539D4_mesh_layer_1_vtx_1 + 0, 16, 0),
	gsSP2Triangles(0, 1, 2, 0, 0, 3, 1, 0),
	gsSP2Triangles(4, 3, 0, 0, 4, 5, 3, 0),
	gsSP2Triangles(6, 5, 4, 0, 6, 7, 5, 0),
	gsSP2Triangles(8, 7, 6, 0, 8, 9, 7, 0),
	gsSP2Triangles(10, 9, 8, 0, 10, 11, 9, 0),
	gsSP2Triangles(12, 11, 10, 0, 12, 13, 11, 0),
	gsSP2Triangles(14, 13, 12, 0, 14, 15, 13, 0),
	gsSP2Triangles(2, 15, 14, 0, 2, 1, 15, 0),
	gsDPPipeSync(),
	gsDPSetTextureImage(G_IM_FMT_RGBA, G_IM_SIZ_16b, 1, ss1_space_space512_2_pal_rgba16),
	gsDPLoadTLUTCmd(5, 15),
	gsDPSetTextureImage(G_IM_FMT_CI, G_IM_SIZ_16b, 1, ss1_space_space512_2_ci4),
	gsDPLoadBlock(7, 0, 0, 1023, 512),
	gsDPSetTile(G_IM_FMT_CI, G_IM_SIZ_4b, 4, 0, 0, 0, G_TX_CLAMP | G_TX_NOMIRROR, 6, 0, G_TX_WRAP | G_TX_NOMIRROR, 6, 0),
	gsSPVertex(ss1_space_object_012539D4_mesh_layer_1_vtx_2 + 0, 16, 0),
	gsSP2Triangles(0, 1, 2, 0, 0, 3, 1, 0),
	gsSP2Triangles(4, 3, 0, 0, 4, 5, 3, 0),
	gsSP2Triangles(6, 5, 4, 0, 6, 7, 5, 0),
	gsSP2Triangles(8, 7, 6, 0, 8, 9, 7, 0),
	gsSP2Triangles(10, 9, 8, 0, 10, 11, 9, 0),
	gsSP2Triangles(12, 11, 10, 0, 12, 13, 11, 0),
	gsSP2Triangles(14, 13, 12, 0, 14, 15, 13, 0),
	gsSP2Triangles(2, 15, 14, 0, 2, 1, 15, 0),
	gsDPPipeSync(),
	gsDPSetTextureImage(G_IM_FMT_RGBA, G_IM_SIZ_16b, 1, ss1_space_space128_5_pal_rgba16),
	gsDPLoadTLUTCmd(5, 15),
	gsDPSetTextureImage(G_IM_FMT_CI, G_IM_SIZ_16b, 1, ss1_space_space128_5_ci4),
	gsDPLoadBlock(7, 0, 0, 1023, 512),
	gsDPSetTile(G_IM_FMT_CI, G_IM_SIZ_4b, 4, 0, 0, 0, G_TX_CLAMP | G_TX_NOMIRROR, 6, 0, G_TX_WRAP | G_TX_MIRROR, 6, 0),
	gsSPVertex(ss1_space_object_012539D4_mesh_layer_1_vtx_3 + 0, 32, 0),
	gsSP2Triangles(0, 1, 2, 0, 3, 1, 0, 0),
	gsSP2Triangles(3, 4, 1, 0, 4, 3, 5, 0),
	gsSP2Triangles(6, 7, 8, 0, 9, 7, 6, 0),
	gsSP2Triangles(9, 10, 7, 0, 10, 9, 11, 0),
	gsSP2Triangles(12, 13, 14, 0, 15, 13, 12, 0),
	gsSP2Triangles(15, 16, 13, 0, 16, 15, 17, 0),
	gsSP2Triangles(5, 18, 4, 0, 19, 18, 5, 0),
	gsSP2Triangles(19, 2, 18, 0, 2, 19, 0, 0),
	gsSP2Triangles(20, 21, 22, 0, 23, 21, 20, 0),
	gsSP2Triangles(23, 24, 21, 0, 24, 23, 25, 0),
	gsSP2Triangles(26, 27, 28, 0, 29, 27, 26, 0),
	gsSP2Triangles(29, 30, 27, 0, 30, 29, 31, 0),
	gsDPPipeSync(),
	gsDPSetTile(G_IM_FMT_CI, G_IM_SIZ_4b, 4, 0, 0, 0, G_TX_CLAMP | G_TX_NOMIRROR, 6, 0, G_TX_WRAP | G_TX_NOMIRROR, 6, 0),
	gsSPVertex(ss1_space_object_012539D4_mesh_layer_1_vtx_4 + 0, 36, 0),
	gsSP2Triangles(0, 1, 2, 0, 3, 1, 0, 0),
	gsSP2Triangles(3, 4, 1, 0, 1, 4, 5, 0),
	gsSP2Triangles(6, 7, 8, 0, 9, 7, 6, 0),
	gsSP2Triangles(9, 10, 7, 0, 7, 10, 11, 0),
	gsSP2Triangles(12, 13, 14, 0, 15, 13, 12, 0),
	gsSP2Triangles(15, 16, 13, 0, 13, 16, 17, 0),
	gsSP2Triangles(18, 19, 20, 0, 21, 19, 18, 0),
	gsSP2Triangles(21, 22, 19, 0, 19, 22, 23, 0),
	gsSP2Triangles(24, 25, 26, 0, 27, 25, 24, 0),
	gsSP2Triangles(27, 28, 25, 0, 25, 28, 29, 0),
	gsSP2Triangles(30, 31, 32, 0, 33, 31, 30, 0),
	gsSP2Triangles(33, 34, 31, 0, 31, 34, 35, 0),
	gsDPPipeSync(),
	gsDPSetTextureImage(G_IM_FMT_RGBA, G_IM_SIZ_16b, 1, ss1_space_space32_5_pal_rgba16),
	gsDPLoadTLUTCmd(5, 44),
	gsDPSetTextureImage(G_IM_FMT_CI, G_IM_SIZ_8b_LOAD_BLOCK, 1, ss1_space_space32_5_ci8),
	gsDPSetTile(G_IM_FMT_CI, G_IM_SIZ_8b_LOAD_BLOCK, 0, 0, 7, 0, G_TX_WRAP | G_TX_NOMIRROR, 0, 0, G_TX_WRAP | G_TX_NOMIRROR, 0, 0),
	gsDPLoadBlock(7, 0, 0, 511, 512),
	gsDPSetTile(G_IM_FMT_CI, G_IM_SIZ_8b, 4, 0, 0, 0, G_TX_CLAMP | G_TX_NOMIRROR, 5, 0, G_TX_WRAP | G_TX_NOMIRROR, 5, 0),
	gsDPSetTileSize(0, 0, 0, 124, 124),
	gsSPVertex(ss1_space_object_012539D4_mesh_layer_1_vtx_5 + 0, 48, 0),
	gsSP2Triangles(0, 1, 2, 0, 1, 0, 3, 0),
	gsSP2Triangles(4, 5, 6, 0, 5, 4, 7, 0),
	gsSP2Triangles(8, 9, 10, 0, 9, 8, 11, 0),
	gsSP2Triangles(12, 13, 14, 0, 13, 12, 15, 0),
	gsSP2Triangles(16, 17, 18, 0, 17, 16, 19, 0),
	gsSP2Triangles(20, 21, 22, 0, 21, 20, 23, 0),
	gsSP2Triangles(24, 25, 26, 0, 25, 24, 27, 0),
	gsSP2Triangles(28, 29, 30, 0, 29, 28, 31, 0),
	gsSP2Triangles(32, 33, 34, 0, 33, 32, 35, 0),
	gsSP2Triangles(36, 37, 38, 0, 37, 36, 39, 0),
	gsSP2Triangles(40, 41, 42, 0, 41, 40, 43, 0),
	gsSP2Triangles(44, 45, 46, 0, 45, 44, 47, 0),
	gsDPPipeSync(),
	gsDPSetTextureImage(G_IM_FMT_RGBA, G_IM_SIZ_16b, 1, ss1_space_space32_6_pal_rgba16),
	gsDPLoadTLUTCmd(5, 26),
	gsDPSetTextureImage(G_IM_FMT_CI, G_IM_SIZ_8b_LOAD_BLOCK, 1, ss1_space_space32_6_ci8),
	gsDPLoadBlock(7, 0, 0, 511, 512),
	gsDPSetTile(G_IM_FMT_CI, G_IM_SIZ_8b, 4, 0, 0, 0, G_TX_WRAP | G_TX_MIRROR, 5, 0, G_TX_WRAP | G_TX_MIRROR, 5, 0),
	gsSPVertex(ss1_space_object_012539D4_mesh_layer_1_vtx_6 + 0, 24, 0),
	gsSP2Triangles(0, 1, 2, 0, 1, 0, 3, 0),
	gsSP2Triangles(4, 5, 6, 0, 5, 4, 7, 0),
	gsSP2Triangles(8, 9, 10, 0, 9, 8, 11, 0),
	gsSP2Triangles(12, 13, 14, 0, 13, 12, 15, 0),
	gsSP2Triangles(16, 17, 18, 0, 17, 16, 19, 0),
	gsSP2Triangles(20, 21, 22, 0, 21, 20, 23, 0),
	gsDPPipeSync(),
	gsDPSetTextureImage(G_IM_FMT_RGBA, G_IM_SIZ_16b, 1, ss1_space_space128_9_pal_rgba16),
	gsDPLoadTLUTCmd(5, 15),
	gsDPSetTextureImage(G_IM_FMT_CI, G_IM_SIZ_16b, 1, ss1_space_space128_9_ci4),
	gsDPSetTile(G_IM_FMT_CI, G_IM_SIZ_16b, 0, 0, 7, 0, G_TX_WRAP | G_TX_NOMIRROR, 0, 0, G_TX_WRAP | G_TX_NOMIRROR, 0, 0),
	gsDPLoadBlock(7, 0, 0, 1023, 512),
	gsDPSetTile(G_IM_FMT_CI, G_IM_SIZ_4b, 4, 0, 0, 0, G_TX_CLAMP | G_TX_NOMIRROR, 6, 0, G_TX_CLAMP | G_TX_NOMIRROR, 6, 0),
	gsDPSetTileSize(0, 0, 0, 252, 252),
	gsSPVertex(ss1_space_object_012539D4_mesh_layer_1_vtx_7 + 0, 55, 0),
	gsSP2Triangles(0, 1, 2, 0, 0, 2, 3, 0),
	gsSP2Triangles(3, 2, 4, 0, 3, 4, 5, 0),
	gsSP2Triangles(6, 3, 5, 0, 7, 8, 9, 0),
	gsSP2Triangles(7, 9, 10, 0, 10, 9, 11, 0),
	gsSP2Triangles(10, 11, 12, 0, 12, 13, 10, 0),
	gsSP2Triangles(14, 15, 16, 0, 14, 16, 17, 0),
	gsSP2Triangles(17, 16, 18, 0, 17, 18, 19, 0),
	gsSP2Triangles(20, 17, 19, 0, 21, 22, 23, 0),
	gsSP2Triangles(21, 23, 24, 0, 24, 23, 25, 0),
	gsSP2Triangles(26, 27, 13, 0, 27, 26, 28, 0),
	gsSP2Triangles(29, 30, 0, 0, 30, 29, 31, 0),
	gsSP2Triangles(32, 25, 33, 0, 25, 32, 34, 0),
	gsSP2Triangles(35, 36, 14, 0, 36, 35, 37, 0),
	gsSP2Triangles(38, 39, 22, 0, 39, 38, 40, 0),
	gsSP2Triangles(41, 42, 43, 0, 41, 43, 44, 0),
	gsSP2Triangles(44, 43, 45, 0, 44, 45, 46, 0),
	gsSP2Triangles(47, 44, 46, 0, 48, 49, 50, 0),
	gsSP2Triangles(48, 50, 51, 0, 51, 50, 52, 0),
	gsSP2Triangles(51, 52, 53, 0, 53, 54, 51, 0),
	gsSPVertex(ss1_space_object_012539D4_mesh_layer_1_vtx_7 + 55, 55, 0),
	gsSP2Triangles(0, 1, 2, 0, 0, 2, 3, 0),
	gsSP2Triangles(3, 2, 4, 0, 3, 4, 5, 0),
	gsSP2Triangles(6, 3, 5, 0, 7, 8, 9, 0),
	gsSP2Triangles(7, 9, 10, 0, 10, 9, 11, 0),
	gsSP2Triangles(12, 13, 14, 0, 13, 12, 15, 0),
	gsSP2Triangles(16, 17, 18, 0, 17, 16, 19, 0),
	gsSP2Triangles(20, 11, 21, 0, 11, 20, 22, 0),
	gsSP2Triangles(23, 24, 0, 0, 24, 23, 25, 0),
	gsSP2Triangles(26, 27, 8, 0, 27, 26, 28, 0),
	gsSP2Triangles(29, 30, 31, 0, 29, 31, 32, 0),
	gsSP2Triangles(32, 31, 33, 0, 32, 33, 34, 0),
	gsSP2Triangles(35, 32, 34, 0, 36, 37, 38, 0),
	gsSP2Triangles(36, 38, 39, 0, 39, 38, 40, 0),
	gsSP2Triangles(39, 40, 41, 0, 41, 42, 39, 0),
	gsSP2Triangles(43, 44, 45, 0, 43, 45, 46, 0),
	gsSP2Triangles(46, 45, 47, 0, 46, 47, 48, 0),
	gsSP2Triangles(49, 46, 48, 0, 50, 51, 52, 0),
	gsSP2Triangles(50, 52, 53, 0, 53, 52, 54, 0),
	gsSPVertex(ss1_space_object_012539D4_mesh_layer_1_vtx_7 + 110, 20, 0),
	gsSP2Triangles(0, 1, 2, 0, 1, 0, 3, 0),
	gsSP2Triangles(4, 5, 6, 0, 5, 4, 7, 0),
	gsSP2Triangles(8, 9, 10, 0, 9, 8, 11, 0),
	gsSP2Triangles(12, 13, 14, 0, 13, 12, 15, 0),
	gsSP2Triangles(16, 17, 18, 0, 17, 16, 19, 0),
	gsDPPipeSync(),
	gsDPSetTextureImage(G_IM_FMT_RGBA, G_IM_SIZ_16b, 1, ss1_space_space32_2_pal_rgba16),
	gsDPLoadTLUTCmd(5, 80),
	gsDPSetTextureImage(G_IM_FMT_CI, G_IM_SIZ_8b_LOAD_BLOCK, 1, ss1_space_space32_2_ci8),
	gsDPSetTile(G_IM_FMT_CI, G_IM_SIZ_8b_LOAD_BLOCK, 0, 0, 7, 0, G_TX_WRAP | G_TX_NOMIRROR, 0, 0, G_TX_WRAP | G_TX_NOMIRROR, 0, 0),
	gsDPLoadBlock(7, 0, 0, 511, 512),
	gsDPSetTile(G_IM_FMT_CI, G_IM_SIZ_8b, 4, 0, 0, 0, G_TX_CLAMP | G_TX_MIRROR, 5, 0, G_TX_CLAMP | G_TX_MIRROR, 5, 0),
	gsSPVertex(ss1_space_object_012539D4_mesh_layer_1_vtx_8 + 0, 36, 0),
	gsSP2Triangles(0, 1, 2, 0, 3, 4, 5, 0),
	gsSP2Triangles(6, 7, 8, 0, 9, 10, 11, 0),
	gsSP2Triangles(12, 13, 14, 0, 15, 16, 17, 0),
	gsSP2Triangles(18, 19, 20, 0, 21, 22, 23, 0),
	gsSP2Triangles(24, 25, 26, 0, 27, 28, 29, 0),
	gsSP2Triangles(30, 31, 32, 0, 33, 34, 35, 0),
	gsDPPipeSync(),
	gsDPSetTextureImage(G_IM_FMT_RGBA, G_IM_SIZ_16b, 1, ss1_space_vs256_1_pal_rgba16),
	gsDPLoadTLUTCmd(5, 15),
	gsDPSetTextureImage(G_IM_FMT_CI, G_IM_SIZ_16b, 1, ss1_space_vs256_1_ci4),
	gsDPSetTile(G_IM_FMT_CI, G_IM_SIZ_16b, 0, 0, 7, 0, G_TX_WRAP | G_TX_NOMIRROR, 0, 0, G_TX_WRAP | G_TX_NOMIRROR, 0, 0),
	gsDPLoadBlock(7, 0, 0, 1023, 512),
	gsDPSetTile(G_IM_FMT_CI, G_IM_SIZ_4b, 4, 0, 0, 0, G_TX_WRAP | G_TX_NOMIRROR, 6, 0, G_TX_CLAMP | G_TX_MIRROR, 6, 0),
	gsDPSetTileSize(0, 0, 0, 508, 252),
	gsSPVertex(ss1_space_object_012539D4_mesh_layer_1_vtx_9 + 0, 45, 0),
	gsSP2Triangles(0, 1, 2, 0, 0, 2, 3, 0),
	gsSP2Triangles(3, 2, 4, 0, 3, 4, 5, 0),
	gsSP2Triangles(5, 4, 6, 0, 5, 6, 7, 0),
	gsSP2Triangles(7, 6, 8, 0, 7, 8, 9, 0),
	gsSP2Triangles(10, 7, 9, 0, 10, 9, 11, 0),
	gsSP2Triangles(12, 7, 10, 0, 12, 5, 7, 0),
	gsSP2Triangles(13, 5, 12, 0, 13, 3, 5, 0),
	gsSP2Triangles(14, 3, 13, 0, 14, 0, 3, 0),
	gsSP2Triangles(15, 16, 17, 0, 15, 17, 18, 0),
	gsSP2Triangles(18, 17, 19, 0, 18, 19, 20, 0),
	gsSP2Triangles(20, 19, 21, 0, 20, 21, 22, 0),
	gsSP2Triangles(22, 21, 23, 0, 22, 23, 24, 0),
	gsSP2Triangles(25, 22, 24, 0, 25, 24, 26, 0),
	gsSP2Triangles(27, 22, 25, 0, 27, 20, 22, 0),
	gsSP2Triangles(28, 20, 27, 0, 28, 18, 20, 0),
	gsSP2Triangles(29, 18, 28, 0, 29, 15, 18, 0),
	gsSP2Triangles(30, 31, 32, 0, 30, 32, 33, 0),
	gsSP2Triangles(33, 32, 34, 0, 33, 34, 35, 0),
	gsSP2Triangles(35, 34, 36, 0, 35, 36, 37, 0),
	gsSP2Triangles(37, 36, 38, 0, 37, 38, 39, 0),
	gsSP2Triangles(40, 37, 39, 0, 40, 39, 41, 0),
	gsSP2Triangles(42, 37, 40, 0, 42, 35, 37, 0),
	gsSP2Triangles(43, 35, 42, 0, 43, 33, 35, 0),
	gsSP2Triangles(44, 33, 43, 0, 44, 30, 33, 0),
	gsDPPipeSync(),
	gsDPSetTextureImage(G_IM_FMT_RGBA, G_IM_SIZ_16b, 1, ss1_space_space512_2_pal_rgba16),
	gsDPLoadTLUTCmd(5, 15),
	gsDPSetTextureImage(G_IM_FMT_CI, G_IM_SIZ_16b, 1, ss1_space_space512_2_ci4),
	gsDPLoadBlock(7, 0, 0, 1023, 512),
	gsDPSetTile(G_IM_FMT_CI, G_IM_SIZ_4b, 4, 0, 0, 0, G_TX_WRAP | G_TX_NOMIRROR, 6, 0, G_TX_CLAMP | G_TX_NOMIRROR, 6, 0),
	gsDPSetTileSize(0, 0, 0, 252, 252),
	gsSPVertex(ss1_space_object_012539D4_mesh_layer_1_vtx_10 + 0, 39, 0),
	gsSP2Triangles(0, 1, 2, 0, 0, 2, 3, 0),
	gsSP2Triangles(3, 2, 4, 0, 3, 4, 5, 0),
	gsSP2Triangles(5, 4, 6, 0, 3, 5, 7, 0),
	gsSP2Triangles(7, 8, 3, 0, 7, 9, 8, 0),
	gsSP2Triangles(3, 8, 10, 0, 3, 10, 11, 0),
	gsSP2Triangles(11, 10, 12, 0, 3, 11, 0, 0),
	gsSP2Triangles(13, 14, 15, 0, 13, 15, 16, 0),
	gsSP2Triangles(16, 15, 17, 0, 16, 17, 18, 0),
	gsSP2Triangles(18, 17, 19, 0, 16, 18, 20, 0),
	gsSP2Triangles(20, 21, 16, 0, 20, 22, 21, 0),
	gsSP2Triangles(16, 21, 23, 0, 16, 23, 24, 0),
	gsSP2Triangles(24, 23, 25, 0, 16, 24, 13, 0),
	gsSP2Triangles(26, 27, 28, 0, 26, 28, 29, 0),
	gsSP2Triangles(29, 28, 30, 0, 29, 30, 31, 0),
	gsSP2Triangles(31, 30, 32, 0, 29, 31, 33, 0),
	gsSP2Triangles(33, 34, 29, 0, 33, 35, 34, 0),
	gsSP2Triangles(29, 34, 36, 0, 29, 36, 37, 0),
	gsSP2Triangles(37, 36, 38, 0, 29, 37, 26, 0),
	gsDPPipeSync(),
	gsDPSetTextureImage(G_IM_FMT_RGBA, G_IM_SIZ_16b, 1, ss1_space_space32_4_pal_rgba16),
	gsDPLoadTLUTCmd(5, 102),
	gsDPSetTextureImage(G_IM_FMT_CI, G_IM_SIZ_8b_LOAD_BLOCK, 1, ss1_space_space32_4_ci8),
	gsDPSetTile(G_IM_FMT_CI, G_IM_SIZ_8b_LOAD_BLOCK, 0, 0, 7, 0, G_TX_WRAP | G_TX_NOMIRROR, 0, 0, G_TX_WRAP | G_TX_NOMIRROR, 0, 0),
	gsDPLoadBlock(7, 0, 0, 511, 512),
	gsDPSetTile(G_IM_FMT_CI, G_IM_SIZ_8b, 4, 0, 0, 0, G_TX_CLAMP | G_TX_NOMIRROR, 5, 0, G_TX_WRAP | G_TX_NOMIRROR, 5, 0),
	gsDPSetTileSize(0, 0, 0, 124, 124),
	gsSPVertex(ss1_space_object_012539D4_mesh_layer_1_vtx_11 + 0, 56, 0),
	gsSP2Triangles(0, 1, 2, 0, 2, 1, 3, 0),
	gsSP2Triangles(4, 5, 6, 0, 6, 5, 7, 0),
	gsSP2Triangles(8, 9, 10, 0, 10, 9, 11, 0),
	gsSP2Triangles(12, 13, 14, 0, 14, 13, 15, 0),
	gsSP2Triangles(16, 17, 18, 0, 18, 17, 19, 0),
	gsSP2Triangles(20, 21, 22, 0, 22, 21, 23, 0),
	gsSP2Triangles(24, 25, 26, 0, 26, 25, 27, 0),
	gsSP2Triangles(28, 29, 30, 0, 30, 29, 31, 0),
	gsSP2Triangles(32, 33, 34, 0, 34, 33, 35, 0),
	gsSP2Triangles(36, 37, 38, 0, 38, 37, 39, 0),
	gsSP2Triangles(40, 41, 42, 0, 42, 41, 43, 0),
	gsSP2Triangles(44, 45, 46, 0, 46, 45, 47, 0),
	gsSP2Triangles(48, 49, 50, 0, 50, 49, 51, 0),
	gsSP2Triangles(52, 53, 54, 0, 54, 53, 55, 0),
	gsSPVertex(ss1_space_object_012539D4_mesh_layer_1_vtx_11 + 56, 56, 0),
	gsSP2Triangles(0, 1, 2, 0, 2, 1, 3, 0),
	gsSP2Triangles(4, 5, 6, 0, 6, 5, 7, 0),
	gsSP2Triangles(8, 9, 10, 0, 10, 9, 11, 0),
	gsSP2Triangles(12, 13, 14, 0, 14, 13, 15, 0),
	gsSP2Triangles(16, 17, 18, 0, 18, 17, 19, 0),
	gsSP2Triangles(20, 21, 22, 0, 22, 21, 23, 0),
	gsSP2Triangles(24, 25, 26, 0, 26, 25, 27, 0),
	gsSP2Triangles(28, 29, 30, 0, 30, 29, 31, 0),
	gsSP2Triangles(32, 33, 34, 0, 34, 33, 35, 0),
	gsSP2Triangles(36, 37, 38, 0, 38, 37, 39, 0),
	gsSP2Triangles(40, 41, 42, 0, 42, 41, 43, 0),
	gsSP2Triangles(44, 45, 46, 0, 46, 45, 47, 0),
	gsSP2Triangles(48, 49, 50, 0, 50, 49, 51, 0),
	gsSP2Triangles(52, 53, 54, 0, 54, 53, 55, 0),
	gsSPVertex(ss1_space_object_012539D4_mesh_layer_1_vtx_11 + 112, 48, 0),
	gsSP2Triangles(0, 1, 2, 0, 2, 1, 3, 0),
	gsSP2Triangles(4, 5, 6, 0, 6, 5, 7, 0),
	gsSP2Triangles(8, 9, 10, 0, 10, 9, 11, 0),
	gsSP2Triangles(12, 13, 14, 0, 14, 13, 15, 0),
	gsSP2Triangles(16, 17, 18, 0, 18, 17, 19, 0),
	gsSP2Triangles(20, 21, 22, 0, 22, 21, 23, 0),
	gsSP2Triangles(24, 25, 26, 0, 26, 25, 27, 0),
	gsSP2Triangles(28, 29, 30, 0, 30, 29, 31, 0),
	gsSP2Triangles(32, 33, 34, 0, 34, 33, 35, 0),
	gsSP2Triangles(36, 37, 38, 0, 38, 37, 39, 0),
	gsSP2Triangles(40, 41, 42, 0, 42, 41, 43, 0),
	gsSP2Triangles(44, 45, 46, 0, 46, 45, 47, 0),
	gsDPPipeSync(),
	gsDPSetTextureImage(G_IM_FMT_RGBA, G_IM_SIZ_16b, 1, ss1_space_space128_2_pal_rgba16),
	gsDPLoadTLUTCmd(5, 14),
	gsDPSetTextureImage(G_IM_FMT_CI, G_IM_SIZ_16b, 1, ss1_space_space128_2_ci4),
	gsDPSetTile(G_IM_FMT_CI, G_IM_SIZ_16b, 0, 0, 7, 0, G_TX_WRAP | G_TX_NOMIRROR, 0, 0, G_TX_WRAP | G_TX_NOMIRROR, 0, 0),
	gsDPLoadBlock(7, 0, 0, 1023, 512),
	gsDPSetTile(G_IM_FMT_CI, G_IM_SIZ_4b, 4, 0, 0, 0, G_TX_CLAMP | G_TX_NOMIRROR, 6, 0, G_TX_WRAP | G_TX_MIRROR, 6, 0),
	gsDPSetTileSize(0, 0, 0, 252, 252),
	gsSPVertex(ss1_space_object_012539D4_mesh_layer_1_vtx_12 + 0, 55, 0),
	gsSP2Triangles(0, 1, 2, 0, 2, 1, 3, 0),
	gsSP2Triangles(4, 5, 6, 0, 4, 6, 7, 0),
	gsSP2Triangles(7, 6, 8, 0, 9, 10, 11, 0),
	gsSP2Triangles(11, 10, 12, 0, 13, 14, 15, 0),
	gsSP2Triangles(15, 14, 16, 0, 17, 18, 19, 0),
	gsSP2Triangles(19, 18, 20, 0, 21, 22, 23, 0),
	gsSP2Triangles(21, 23, 24, 0, 24, 23, 25, 0),
	gsSP2Triangles(26, 27, 28, 0, 28, 27, 29, 0),
	gsSP2Triangles(30, 31, 32, 0, 32, 31, 33, 0),
	gsSP2Triangles(34, 35, 36, 0, 36, 35, 37, 0),
	gsSP2Triangles(38, 39, 40, 0, 38, 40, 41, 0),
	gsSP2Triangles(41, 40, 42, 0, 43, 44, 45, 0),
	gsSP2Triangles(45, 44, 46, 0, 47, 48, 49, 0),
	gsSP2Triangles(49, 48, 50, 0, 51, 52, 53, 0),
	gsSP1Triangle(53, 52, 54, 0),
	gsSPVertex(ss1_space_object_012539D4_mesh_layer_1_vtx_12 + 55, 56, 0),
	gsSP2Triangles(0, 1, 2, 0, 0, 2, 3, 0),
	gsSP2Triangles(3, 2, 4, 0, 5, 6, 7, 0),
	gsSP2Triangles(7, 6, 8, 0, 9, 10, 11, 0),
	gsSP2Triangles(11, 10, 12, 0, 13, 14, 15, 0),
	gsSP2Triangles(15, 14, 16, 0, 17, 18, 19, 0),
	gsSP2Triangles(17, 19, 20, 0, 20, 19, 21, 0),
	gsSP2Triangles(22, 23, 24, 0, 24, 23, 25, 0),
	gsSP2Triangles(26, 27, 28, 0, 28, 27, 29, 0),
	gsSP2Triangles(30, 31, 32, 0, 32, 31, 33, 0),
	gsSP2Triangles(34, 35, 36, 0, 34, 36, 37, 0),
	gsSP2Triangles(37, 36, 38, 0, 39, 40, 41, 0),
	gsSP2Triangles(41, 40, 42, 0, 43, 44, 45, 0),
	gsSP2Triangles(45, 44, 46, 0, 47, 48, 49, 0),
	gsSP2Triangles(49, 48, 50, 0, 51, 52, 53, 0),
	gsSP2Triangles(51, 53, 54, 0, 54, 53, 55, 0),
	gsSPVertex(ss1_space_object_012539D4_mesh_layer_1_vtx_12 + 111, 25, 0),
	gsSP2Triangles(0, 1, 2, 0, 2, 1, 3, 0),
	gsSP2Triangles(4, 5, 6, 0, 6, 5, 7, 0),
	gsSP2Triangles(8, 9, 10, 0, 10, 9, 11, 0),
	gsSP2Triangles(12, 13, 14, 0, 12, 14, 15, 0),
	gsSP2Triangles(15, 14, 16, 0, 17, 18, 19, 0),
	gsSP2Triangles(19, 18, 20, 0, 21, 22, 23, 0),
	gsSP1Triangle(23, 22, 24, 0),
	gsDPPipeSync(),
	gsDPSetTextureImage(G_IM_FMT_RGBA, G_IM_SIZ_16b, 1, ss1_space_space64_20_pal_rgba16),
	gsDPLoadTLUTCmd(5, 15),
	gsDPSetTextureImage(G_IM_FMT_CI, G_IM_SIZ_16b, 1, ss1_space_space64_20_ci4),
	gsDPLoadBlock(7, 0, 0, 1023, 512),
	gsDPSetTile(G_IM_FMT_CI, G_IM_SIZ_4b, 4, 0, 0, 0, G_TX_CLAMP | G_TX_NOMIRROR, 6, 0, G_TX_CLAMP | G_TX_NOMIRROR, 6, 0),
	gsSPVertex(ss1_space_object_012539D4_mesh_layer_1_vtx_13 + 0, 56, 0),
	gsSP2Triangles(0, 1, 2, 0, 2, 1, 3, 0),
	gsSP2Triangles(4, 5, 6, 0, 6, 5, 7, 0),
	gsSP2Triangles(8, 9, 10, 0, 10, 9, 11, 0),
	gsSP2Triangles(12, 13, 14, 0, 14, 13, 15, 0),
	gsSP2Triangles(16, 17, 18, 0, 18, 17, 19, 0),
	gsSP2Triangles(20, 21, 22, 0, 22, 21, 23, 0),
	gsSP2Triangles(24, 25, 26, 0, 26, 25, 27, 0),
	gsSP2Triangles(28, 29, 30, 0, 30, 29, 31, 0),
	gsSP2Triangles(32, 33, 34, 0, 34, 33, 35, 0),
	gsSP2Triangles(36, 37, 38, 0, 38, 37, 39, 0),
	gsSP2Triangles(40, 41, 42, 0, 42, 41, 43, 0),
	gsSP2Triangles(44, 45, 46, 0, 46, 45, 47, 0),
	gsSP2Triangles(48, 49, 50, 0, 50, 49, 51, 0),
	gsSP2Triangles(52, 53, 54, 0, 54, 53, 55, 0),
	gsSPVertex(ss1_space_object_012539D4_mesh_layer_1_vtx_13 + 56, 8, 0),
	gsSP2Triangles(0, 1, 2, 0, 2, 1, 3, 0),
	gsSP2Triangles(4, 5, 6, 0, 6, 5, 7, 0),
	gsDPPipeSync(),
	gsDPSetTextureImage(G_IM_FMT_RGBA, G_IM_SIZ_16b, 1, ss1_space_space256_7_pal_rgba16),
	gsDPLoadTLUTCmd(5, 15),
	gsDPSetTextureImage(G_IM_FMT_CI, G_IM_SIZ_16b, 1, ss1_space_space256_7_ci4),
	gsDPLoadBlock(7, 0, 0, 1023, 512),
	gsDPSetTile(G_IM_FMT_CI, G_IM_SIZ_4b, 4, 0, 0, 0, G_TX_WRAP | G_TX_NOMIRROR, 6, 0, G_TX_WRAP | G_TX_NOMIRROR, 6, 0),
	gsSPVertex(ss1_space_object_012539D4_mesh_layer_1_vtx_14 + 0, 56, 0),
	gsSP2Triangles(0, 1, 2, 0, 2, 1, 3, 0),
	gsSP2Triangles(4, 5, 6, 0, 6, 5, 7, 0),
	gsSP2Triangles(8, 9, 10, 0, 10, 9, 11, 0),
	gsSP2Triangles(12, 13, 14, 0, 14, 13, 15, 0),
	gsSP2Triangles(16, 17, 18, 0, 18, 17, 19, 0),
	gsSP2Triangles(20, 21, 22, 0, 22, 21, 23, 0),
	gsSP2Triangles(24, 25, 26, 0, 26, 25, 27, 0),
	gsSP2Triangles(28, 29, 30, 0, 30, 29, 31, 0),
	gsSP2Triangles(32, 33, 34, 0, 34, 33, 35, 0),
	gsSP2Triangles(36, 37, 38, 0, 38, 37, 39, 0),
	gsSP2Triangles(40, 41, 42, 0, 42, 41, 43, 0),
	gsSP2Triangles(44, 45, 46, 0, 46, 45, 47, 0),
	gsSP2Triangles(48, 49, 50, 0, 50, 49, 51, 0),
	gsSP2Triangles(52, 53, 54, 0, 54, 53, 55, 0),
	gsSPVertex(ss1_space_object_012539D4_mesh_layer_1_vtx_14 + 56, 8, 0),
	gsSP2Triangles(0, 1, 2, 0, 2, 1, 3, 0),
	gsSP2Triangles(4, 5, 6, 0, 6, 5, 7, 0),
	gsDPPipeSync(),
	gsDPSetTextureImage(G_IM_FMT_RGBA, G_IM_SIZ_16b, 1, ss1_space_space64_19_pal_rgba16),
	gsDPLoadTLUTCmd(5, 15),
	gsDPSetTextureImage(G_IM_FMT_CI, G_IM_SIZ_16b, 1, ss1_space_space64_19_ci4),
	gsDPLoadBlock(7, 0, 0, 1023, 512),
	gsDPSetTile(G_IM_FMT_CI, G_IM_SIZ_4b, 4, 0, 0, 0, G_TX_CLAMP | G_TX_NOMIRROR, 6, 0, G_TX_CLAMP | G_TX_NOMIRROR, 6, 0),
	gsSPVertex(ss1_space_object_012539D4_mesh_layer_1_vtx_15 + 0, 56, 0),
	gsSP2Triangles(0, 1, 2, 0, 2, 1, 3, 0),
	gsSP2Triangles(4, 5, 6, 0, 6, 5, 7, 0),
	gsSP2Triangles(8, 9, 10, 0, 10, 9, 11, 0),
	gsSP2Triangles(12, 13, 14, 0, 14, 13, 15, 0),
	gsSP2Triangles(16, 17, 18, 0, 18, 17, 19, 0),
	gsSP2Triangles(20, 21, 22, 0, 22, 21, 23, 0),
	gsSP2Triangles(24, 25, 26, 0, 26, 25, 27, 0),
	gsSP2Triangles(28, 29, 30, 0, 30, 29, 31, 0),
	gsSP2Triangles(32, 33, 34, 0, 34, 33, 35, 0),
	gsSP2Triangles(36, 37, 38, 0, 38, 37, 39, 0),
	gsSP2Triangles(40, 41, 42, 0, 42, 41, 43, 0),
	gsSP2Triangles(44, 45, 46, 0, 46, 45, 47, 0),
	gsSP2Triangles(48, 49, 50, 0, 50, 49, 51, 0),
	gsSP2Triangles(52, 53, 54, 0, 54, 53, 55, 0),
	gsSPVertex(ss1_space_object_012539D4_mesh_layer_1_vtx_15 + 56, 8, 0),
	gsSP2Triangles(0, 1, 2, 0, 2, 1, 3, 0),
	gsSP2Triangles(4, 5, 6, 0, 6, 5, 7, 0),
	gsDPPipeSync(),
	gsDPSetTextureImage(G_IM_FMT_RGBA, G_IM_SIZ_16b, 1, ss1_space_space128_9_pal_rgba16),
	gsDPLoadTLUTCmd(5, 15),
	gsDPSetTextureImage(G_IM_FMT_CI, G_IM_SIZ_16b, 1, ss1_space_space128_9_ci4),
	gsDPLoadBlock(7, 0, 0, 1023, 512),
	gsDPSetTile(G_IM_FMT_CI, G_IM_SIZ_4b, 4, 0, 0, 0, G_TX_CLAMP | G_TX_NOMIRROR, 6, 0, G_TX_WRAP | G_TX_NOMIRROR, 6, 0),
	gsSPVertex(ss1_space_object_012539D4_mesh_layer_1_vtx_16 + 0, 32, 0),
	gsSP2Triangles(0, 1, 2, 0, 2, 1, 3, 0),
	gsSP2Triangles(4, 5, 6, 0, 6, 5, 7, 0),
	gsSP2Triangles(8, 9, 10, 0, 10, 9, 11, 0),
	gsSP2Triangles(12, 13, 14, 0, 14, 13, 15, 0),
	gsSP2Triangles(16, 17, 18, 0, 18, 17, 19, 0),
	gsSP2Triangles(20, 21, 22, 0, 22, 21, 23, 0),
	gsSP2Triangles(24, 25, 26, 0, 26, 25, 27, 0),
	gsSP2Triangles(28, 29, 30, 0, 30, 29, 31, 0),
	gsDPPipeSync(),
	gsDPSetTextureImage(G_IM_FMT_RGBA, G_IM_SIZ_16b, 1, ss1_space_space128_7_pal_rgba16),
	gsDPLoadTLUTCmd(5, 15),
	gsDPSetTextureImage(G_IM_FMT_CI, G_IM_SIZ_16b, 1, ss1_space_space128_7_ci4),
	gsDPLoadBlock(7, 0, 0, 1023, 512),
	gsDPSetTile(G_IM_FMT_CI, G_IM_SIZ_4b, 4, 0, 0, 0, G_TX_WRAP | G_TX_NOMIRROR, 6, 0, G_TX_CLAMP | G_TX_NOMIRROR, 6, 0),
	gsSPVertex(ss1_space_object_012539D4_mesh_layer_1_vtx_17 + 0, 56, 0),
	gsSP2Triangles(0, 1, 2, 0, 2, 1, 3, 0),
	gsSP2Triangles(4, 5, 6, 0, 6, 5, 7, 0),
	gsSP2Triangles(8, 9, 10, 0, 10, 9, 11, 0),
	gsSP2Triangles(12, 13, 14, 0, 14, 13, 15, 0),
	gsSP2Triangles(16, 17, 18, 0, 18, 17, 19, 0),
	gsSP2Triangles(20, 21, 22, 0, 22, 21, 23, 0),
	gsSP2Triangles(24, 25, 26, 0, 26, 25, 27, 0),
	gsSP2Triangles(28, 29, 30, 0, 30, 29, 31, 0),
	gsSP2Triangles(32, 33, 34, 0, 34, 33, 35, 0),
	gsSP2Triangles(36, 37, 38, 0, 38, 37, 39, 0),
	gsSP2Triangles(40, 41, 42, 0, 42, 41, 43, 0),
	gsSP2Triangles(44, 45, 46, 0, 46, 45, 47, 0),
	gsSP2Triangles(48, 49, 50, 0, 50, 49, 51, 0),
	gsSP2Triangles(52, 53, 54, 0, 54, 53, 55, 0),
	gsSPVertex(ss1_space_object_012539D4_mesh_layer_1_vtx_17 + 56, 8, 0),
	gsSP2Triangles(0, 1, 2, 0, 2, 1, 3, 0),
	gsSP2Triangles(4, 5, 6, 0, 6, 5, 7, 0),
	gsDPPipeSync(),
	gsDPSetTextureImage(G_IM_FMT_RGBA, G_IM_SIZ_16b, 1, ss1_space_space64_9_pal_rgba16),
	gsDPLoadTLUTCmd(5, 15),
	gsDPSetTextureImage(G_IM_FMT_CI, G_IM_SIZ_16b, 1, ss1_space_space64_9_ci4),
	gsDPLoadBlock(7, 0, 0, 1023, 512),
	gsDPSetTile(G_IM_FMT_CI, G_IM_SIZ_4b, 4, 0, 0, 0, G_TX_CLAMP | G_TX_NOMIRROR, 6, 0, G_TX_WRAP | G_TX_MIRROR, 6, 0),
	gsSPVertex(ss1_space_object_012539D4_mesh_layer_1_vtx_18 + 0, 56, 0),
	gsSP2Triangles(0, 1, 2, 0, 2, 1, 3, 0),
	gsSP2Triangles(4, 5, 6, 0, 6, 5, 7, 0),
	gsSP2Triangles(8, 9, 10, 0, 10, 9, 11, 0),
	gsSP2Triangles(12, 13, 14, 0, 14, 13, 15, 0),
	gsSP2Triangles(16, 17, 18, 0, 18, 17, 19, 0),
	gsSP2Triangles(20, 21, 22, 0, 22, 21, 23, 0),
	gsSP2Triangles(24, 25, 26, 0, 26, 25, 27, 0),
	gsSP2Triangles(28, 29, 30, 0, 30, 29, 31, 0),
	gsSP2Triangles(32, 33, 34, 0, 34, 33, 35, 0),
	gsSP2Triangles(36, 37, 38, 0, 38, 37, 39, 0),
	gsSP2Triangles(40, 41, 42, 0, 42, 41, 43, 0),
	gsSP2Triangles(44, 45, 46, 0, 46, 45, 47, 0),
	gsSP2Triangles(48, 49, 50, 0, 50, 49, 51, 0),
	gsSP2Triangles(52, 53, 54, 0, 54, 53, 55, 0),
	gsSPVertex(ss1_space_object_012539D4_mesh_layer_1_vtx_18 + 56, 8, 0),
	gsSP2Triangles(0, 1, 2, 0, 2, 1, 3, 0),
	gsSP2Triangles(4, 5, 6, 0, 6, 5, 7, 0),
	gsDPPipeSync(),
	gsDPSetTextureImage(G_IM_FMT_RGBA, G_IM_SIZ_16b, 1, ss1_space_space128_17_pal_rgba16),
	gsDPLoadTLUTCmd(5, 15),
	gsDPSetTextureImage(G_IM_FMT_CI, G_IM_SIZ_16b, 1, ss1_space_space128_17_ci4),
	gsDPLoadBlock(7, 0, 0, 1023, 512),
	gsDPSetTile(G_IM_FMT_CI, G_IM_SIZ_4b, 4, 0, 0, 0, G_TX_WRAP | G_TX_NOMIRROR, 6, 0, G_TX_CLAMP | G_TX_NOMIRROR, 6, 0),
	gsSPVertex(ss1_space_object_012539D4_mesh_layer_1_vtx_19 + 0, 32, 0),
	gsSP2Triangles(0, 1, 2, 0, 2, 1, 3, 0),
	gsSP2Triangles(4, 5, 6, 0, 6, 5, 7, 0),
	gsSP2Triangles(8, 9, 10, 0, 10, 9, 11, 0),
	gsSP2Triangles(12, 13, 14, 0, 14, 13, 15, 0),
	gsSP2Triangles(16, 17, 18, 0, 18, 17, 19, 0),
	gsSP2Triangles(20, 21, 22, 0, 22, 21, 23, 0),
	gsSP2Triangles(24, 25, 26, 0, 26, 25, 27, 0),
	gsSP2Triangles(28, 29, 30, 0, 30, 29, 31, 0),
	gsDPPipeSync(),
	gsDPSetTextureImage(G_IM_FMT_RGBA, G_IM_SIZ_16b, 1, ss1_space_space128_4_pal_rgba16),
	gsDPLoadTLUTCmd(5, 15),
	gsDPSetTextureImage(G_IM_FMT_CI, G_IM_SIZ_16b, 1, ss1_space_space128_4_ci4),
	gsDPLoadBlock(7, 0, 0, 1023, 512),
	gsDPSetTile(G_IM_FMT_CI, G_IM_SIZ_4b, 4, 0, 0, 0, G_TX_CLAMP | G_TX_NOMIRROR, 6, 0, G_TX_WRAP | G_TX_NOMIRROR, 6, 0),
	gsSPVertex(ss1_space_object_012539D4_mesh_layer_1_vtx_20 + 0, 32, 0),
	gsSP2Triangles(0, 1, 2, 0, 2, 1, 3, 0),
	gsSP2Triangles(4, 5, 6, 0, 6, 5, 7, 0),
	gsSP2Triangles(8, 9, 10, 0, 10, 9, 11, 0),
	gsSP2Triangles(12, 13, 14, 0, 14, 13, 15, 0),
	gsSP2Triangles(16, 17, 18, 0, 18, 17, 19, 0),
	gsSP2Triangles(20, 21, 22, 0, 22, 21, 23, 0),
	gsSP2Triangles(24, 25, 26, 0, 26, 25, 27, 0),
	gsSP2Triangles(28, 29, 30, 0, 30, 29, 31, 0),
	gsDPPipeSync(),
	gsDPSetTextureImage(G_IM_FMT_RGBA, G_IM_SIZ_16b, 1, ss1_space_space128_3_pal_rgba16),
	gsDPLoadTLUTCmd(5, 15),
	gsDPSetTextureImage(G_IM_FMT_CI, G_IM_SIZ_16b, 1, ss1_space_space128_3_ci4),
	gsDPLoadBlock(7, 0, 0, 1023, 512),
	gsDPSetTile(G_IM_FMT_CI, G_IM_SIZ_4b, 4, 0, 0, 0, G_TX_CLAMP | G_TX_NOMIRROR, 6, 0, G_TX_CLAMP | G_TX_NOMIRROR, 6, 0),
	gsSPVertex(ss1_space_object_012539D4_mesh_layer_1_vtx_21 + 0, 32, 0),
	gsSP2Triangles(0, 1, 2, 0, 2, 1, 3, 0),
	gsSP2Triangles(4, 5, 6, 0, 6, 5, 7, 0),
	gsSP2Triangles(8, 9, 10, 0, 10, 9, 11, 0),
	gsSP2Triangles(12, 13, 14, 0, 14, 13, 15, 0),
	gsSP2Triangles(16, 17, 18, 0, 18, 17, 19, 0),
	gsSP2Triangles(20, 21, 22, 0, 22, 21, 23, 0),
	gsSP2Triangles(24, 25, 26, 0, 26, 25, 27, 0),
	gsSP2Triangles(28, 29, 30, 0, 30, 29, 31, 0),
	gsDPPipeSync(),
	gsDPSetTextureImage(G_IM_FMT_RGBA, G_IM_SIZ_16b, 1, ss1_space_space256_1_pal_rgba16),
	gsDPLoadTLUTCmd(5, 15),
	gsDPSetTextureImage(G_IM_FMT_CI, G_IM_SIZ_16b, 1, ss1_space_space256_1_ci4),
	gsDPLoadBlock(7, 0, 0, 1023, 512),
	gsSPVertex(ss1_space_object_012539D4_mesh_layer_1_vtx_22 + 0, 32, 0),
	gsSP2Triangles(0, 1, 2, 0, 2, 1, 3, 0),
	gsSP2Triangles(4, 5, 6, 0, 6, 5, 7, 0),
	gsSP2Triangles(8, 9, 10, 0, 10, 9, 11, 0),
	gsSP2Triangles(12, 13, 14, 0, 14, 13, 15, 0),
	gsSP2Triangles(16, 17, 18, 0, 18, 17, 19, 0),
	gsSP2Triangles(20, 21, 22, 0, 22, 21, 23, 0),
	gsSP2Triangles(24, 25, 26, 0, 26, 25, 27, 0),
	gsSP2Triangles(28, 29, 30, 0, 30, 29, 31, 0),
	gsDPPipeSync(),
	gsDPSetTextureImage(G_IM_FMT_RGBA, G_IM_SIZ_16b, 1, ss1_space_space64_18_pal_rgba16),
	gsDPLoadTLUTCmd(5, 15),
	gsDPSetTextureImage(G_IM_FMT_CI, G_IM_SIZ_16b, 1, ss1_space_space64_18_ci4),
	gsDPLoadBlock(7, 0, 0, 1023, 512),
	gsDPSetTile(G_IM_FMT_CI, G_IM_SIZ_4b, 4, 0, 0, 0, G_TX_CLAMP | G_TX_NOMIRROR, 6, 0, G_TX_WRAP | G_TX_NOMIRROR, 6, 0),
	gsSPVertex(ss1_space_object_012539D4_mesh_layer_1_vtx_23 + 0, 32, 0),
	gsSP2Triangles(0, 1, 2, 0, 2, 1, 3, 0),
	gsSP2Triangles(4, 5, 6, 0, 6, 5, 7, 0),
	gsSP2Triangles(8, 9, 10, 0, 10, 9, 11, 0),
	gsSP2Triangles(12, 13, 14, 0, 14, 13, 15, 0),
	gsSP2Triangles(16, 17, 18, 0, 18, 17, 19, 0),
	gsSP2Triangles(20, 21, 22, 0, 22, 21, 23, 0),
	gsSP2Triangles(24, 25, 26, 0, 26, 25, 27, 0),
	gsSP2Triangles(28, 29, 30, 0, 30, 29, 31, 0),
	gsDPPipeSync(),
	gsDPSetTextureImage(G_IM_FMT_RGBA, G_IM_SIZ_16b, 1, ss1_space_et64_3_pal_rgba16),
	gsDPLoadTLUTCmd(5, 15),
	gsDPSetTextureImage(G_IM_FMT_CI, G_IM_SIZ_16b, 1, ss1_space_et64_3_ci4),
	gsDPLoadBlock(7, 0, 0, 1023, 512),
	gsSPVertex(ss1_space_object_012539D4_mesh_layer_1_vtx_24 + 0, 55, 0),
	gsSP2Triangles(0, 1, 2, 0, 2, 1, 3, 0),
	gsSP2Triangles(4, 0, 5, 0, 5, 0, 6, 0),
	gsSP2Triangles(7, 8, 9, 0, 9, 8, 10, 0),
	gsSP2Triangles(11, 12, 13, 0, 13, 12, 14, 0),
	gsSP2Triangles(15, 11, 16, 0, 16, 11, 17, 0),
	gsSP2Triangles(18, 19, 20, 0, 20, 19, 21, 0),
	gsSP2Triangles(22, 23, 24, 0, 24, 23, 25, 0),
	gsSP2Triangles(26, 22, 27, 0, 27, 22, 28, 0),
	gsSP2Triangles(29, 30, 31, 0, 31, 30, 32, 0),
	gsSP2Triangles(33, 34, 35, 0, 35, 34, 36, 0),
	gsSP2Triangles(37, 33, 38, 0, 38, 33, 39, 0),
	gsSP2Triangles(40, 41, 42, 0, 42, 41, 43, 0),
	gsSP2Triangles(44, 45, 46, 0, 46, 45, 47, 0),
	gsSP2Triangles(48, 44, 49, 0, 49, 44, 50, 0),
	gsSP2Triangles(51, 52, 53, 0, 53, 52, 54, 0),
	gsSPVertex(ss1_space_object_012539D4_mesh_layer_1_vtx_24 + 55, 33, 0),
	gsSP2Triangles(0, 1, 2, 0, 2, 1, 3, 0),
	gsSP2Triangles(4, 0, 5, 0, 5, 0, 6, 0),
	gsSP2Triangles(7, 8, 9, 0, 9, 8, 10, 0),
	gsSP2Triangles(11, 12, 13, 0, 13, 12, 14, 0),
	gsSP2Triangles(15, 11, 16, 0, 16, 11, 17, 0),
	gsSP2Triangles(18, 19, 20, 0, 20, 19, 21, 0),
	gsSP2Triangles(22, 23, 24, 0, 24, 23, 25, 0),
	gsSP2Triangles(26, 22, 27, 0, 27, 22, 28, 0),
	gsSP2Triangles(29, 30, 31, 0, 31, 30, 32, 0),
	gsDPPipeSync(),
	gsDPSetTextureImage(G_IM_FMT_RGBA, G_IM_SIZ_16b, 1, ss1_space_space256_7_pal_rgba16),
	gsDPLoadTLUTCmd(5, 15),
	gsDPSetTextureImage(G_IM_FMT_CI, G_IM_SIZ_16b, 1, ss1_space_space256_7_ci4),
	gsDPLoadBlock(7, 0, 0, 1023, 512),
	gsDPSetTile(G_IM_FMT_CI, G_IM_SIZ_4b, 4, 0, 0, 0, G_TX_WRAP | G_TX_NOMIRROR, 6, 0, G_TX_CLAMP | G_TX_NOMIRROR, 6, 0),
	gsSPVertex(ss1_space_object_012539D4_mesh_layer_1_vtx_25 + 0, 55, 0),
	gsSP2Triangles(0, 1, 2, 0, 0, 2, 3, 0),
	gsSP2Triangles(3, 2, 4, 0, 3, 4, 5, 0),
	gsSP2Triangles(6, 7, 8, 0, 6, 8, 9, 0),
	gsSP2Triangles(9, 8, 10, 0, 9, 10, 11, 0),
	gsSP2Triangles(12, 13, 14, 0, 12, 14, 15, 0),
	gsSP2Triangles(15, 14, 16, 0, 15, 16, 17, 0),
	gsSP2Triangles(18, 19, 20, 0, 18, 20, 21, 0),
	gsSP2Triangles(21, 20, 22, 0, 21, 22, 23, 0),
	gsSP2Triangles(24, 25, 26, 0, 24, 26, 27, 0),
	gsSP2Triangles(27, 26, 28, 0, 27, 28, 29, 0),
	gsSP2Triangles(30, 31, 32, 0, 30, 32, 33, 0),
	gsSP2Triangles(33, 32, 34, 0, 33, 34, 35, 0),
	gsSP2Triangles(36, 37, 38, 0, 38, 37, 39, 0),
	gsSP2Triangles(40, 41, 42, 0, 42, 41, 38, 0),
	gsSP2Triangles(43, 44, 45, 0, 43, 45, 46, 0),
	gsSP2Triangles(46, 45, 47, 0, 46, 47, 48, 0),
	gsSP2Triangles(49, 50, 51, 0, 49, 51, 52, 0),
	gsSP2Triangles(52, 51, 53, 0, 52, 53, 54, 0),
	gsSPVertex(ss1_space_object_012539D4_mesh_layer_1_vtx_25 + 55, 56, 0),
	gsSP2Triangles(0, 1, 2, 0, 2, 1, 3, 0),
	gsSP2Triangles(4, 0, 5, 0, 5, 0, 6, 0),
	gsSP2Triangles(7, 8, 9, 0, 7, 9, 10, 0),
	gsSP2Triangles(10, 9, 11, 0, 10, 11, 12, 0),
	gsSP2Triangles(13, 14, 15, 0, 15, 14, 16, 0),
	gsSP2Triangles(17, 18, 19, 0, 19, 18, 20, 0),
	gsSP2Triangles(21, 22, 23, 0, 23, 22, 24, 0),
	gsSP2Triangles(25, 26, 27, 0, 27, 26, 28, 0),
	gsSP2Triangles(29, 30, 31, 0, 31, 30, 32, 0),
	gsSP2Triangles(33, 34, 35, 0, 35, 34, 36, 0),
	gsSP2Triangles(37, 38, 39, 0, 39, 38, 40, 0),
	gsSP2Triangles(41, 42, 43, 0, 43, 42, 44, 0),
	gsSP2Triangles(45, 46, 47, 0, 47, 46, 48, 0),
	gsSP2Triangles(49, 50, 51, 0, 51, 50, 52, 0),
	gsSP1Triangle(53, 54, 55, 0),
	gsSPVertex(ss1_space_object_012539D4_mesh_layer_1_vtx_25 + 111, 43, 0),
	gsSP2Triangles(0, 1, 2, 0, 3, 4, 5, 0),
	gsSP2Triangles(5, 4, 6, 0, 7, 8, 9, 0),
	gsSP2Triangles(9, 8, 10, 0, 11, 12, 13, 0),
	gsSP2Triangles(13, 12, 14, 0, 15, 16, 17, 0),
	gsSP2Triangles(17, 16, 18, 0, 19, 20, 21, 0),
	gsSP2Triangles(21, 20, 22, 0, 23, 24, 25, 0),
	gsSP2Triangles(25, 24, 26, 0, 27, 28, 29, 0),
	gsSP2Triangles(29, 28, 30, 0, 31, 32, 33, 0),
	gsSP2Triangles(33, 32, 34, 0, 35, 36, 37, 0),
	gsSP2Triangles(37, 36, 38, 0, 39, 40, 41, 0),
	gsSP1Triangle(41, 40, 42, 0),
	gsDPPipeSync(),
	gsDPSetTextureImage(G_IM_FMT_RGBA, G_IM_SIZ_16b, 1, ss1_space_space64_19_pal_rgba16),
	gsDPLoadTLUTCmd(5, 15),
	gsDPSetTextureImage(G_IM_FMT_CI, G_IM_SIZ_16b, 1, ss1_space_space64_19_ci4),
	gsDPLoadBlock(7, 0, 0, 1023, 512),
	gsSPVertex(ss1_space_object_012539D4_mesh_layer_1_vtx_26 + 0, 44, 0),
	gsSP2Triangles(0, 1, 2, 0, 2, 1, 3, 0),
	gsSP2Triangles(4, 5, 6, 0, 6, 5, 7, 0),
	gsSP2Triangles(8, 9, 10, 0, 10, 9, 11, 0),
	gsSP2Triangles(12, 13, 14, 0, 14, 13, 15, 0),
	gsSP2Triangles(16, 17, 18, 0, 18, 17, 19, 0),
	gsSP2Triangles(20, 21, 22, 0, 22, 21, 23, 0),
	gsSP2Triangles(24, 25, 26, 0, 26, 25, 27, 0),
	gsSP2Triangles(28, 29, 30, 0, 30, 29, 31, 0),
	gsSP2Triangles(32, 33, 34, 0, 34, 33, 35, 0),
	gsSP2Triangles(36, 37, 38, 0, 38, 37, 39, 0),
	gsSP2Triangles(40, 41, 42, 0, 42, 41, 43, 0),
	gsDPPipeSync(),
	gsDPSetTextureImage(G_IM_FMT_RGBA, G_IM_SIZ_16b, 1, ss1_space_space32_7_pal_rgba16),
	gsDPLoadTLUTCmd(5, 133),
	gsDPSetTextureImage(G_IM_FMT_CI, G_IM_SIZ_8b_LOAD_BLOCK, 1, ss1_space_space32_7_ci8),
	gsDPSetTile(G_IM_FMT_CI, G_IM_SIZ_8b_LOAD_BLOCK, 0, 0, 7, 0, G_TX_WRAP | G_TX_NOMIRROR, 0, 0, G_TX_WRAP | G_TX_NOMIRROR, 0, 0),
	gsDPLoadBlock(7, 0, 0, 511, 512),
	gsDPSetTile(G_IM_FMT_CI, G_IM_SIZ_8b, 4, 0, 0, 0, G_TX_CLAMP | G_TX_NOMIRROR, 5, 0, G_TX_WRAP | G_TX_NOMIRROR, 5, 0),
	gsDPSetTileSize(0, 0, 0, 124, 124),
	gsSPVertex(ss1_space_object_012539D4_mesh_layer_1_vtx_27 + 0, 56, 0),
	gsSP2Triangles(0, 1, 2, 0, 0, 2, 3, 0),
	gsSP2Triangles(3, 2, 4, 0, 3, 4, 5, 0),
	gsSP2Triangles(5, 4, 6, 0, 5, 6, 7, 0),
	gsSP2Triangles(8, 9, 10, 0, 8, 10, 11, 0),
	gsSP2Triangles(11, 10, 12, 0, 11, 12, 13, 0),
	gsSP2Triangles(13, 12, 14, 0, 13, 14, 15, 0),
	gsSP2Triangles(16, 17, 18, 0, 16, 18, 19, 0),
	gsSP2Triangles(19, 18, 20, 0, 19, 20, 21, 0),
	gsSP2Triangles(21, 20, 22, 0, 21, 22, 23, 0),
	gsSP2Triangles(24, 25, 26, 0, 24, 26, 27, 0),
	gsSP2Triangles(27, 26, 28, 0, 27, 28, 29, 0),
	gsSP2Triangles(29, 28, 30, 0, 29, 30, 31, 0),
	gsSP2Triangles(32, 33, 34, 0, 32, 34, 35, 0),
	gsSP2Triangles(35, 34, 36, 0, 35, 36, 37, 0),
	gsSP2Triangles(37, 36, 38, 0, 37, 38, 39, 0),
	gsSP2Triangles(40, 41, 42, 0, 40, 42, 43, 0),
	gsSP2Triangles(43, 42, 44, 0, 43, 44, 45, 0),
	gsSP2Triangles(45, 44, 46, 0, 45, 46, 47, 0),
	gsSP2Triangles(48, 49, 50, 0, 48, 50, 51, 0),
	gsSP2Triangles(51, 50, 52, 0, 51, 52, 53, 0),
	gsSP2Triangles(53, 52, 54, 0, 53, 54, 55, 0),
	gsSPVertex(ss1_space_object_012539D4_mesh_layer_1_vtx_27 + 56, 32, 0),
	gsSP2Triangles(0, 1, 2, 0, 0, 2, 3, 0),
	gsSP2Triangles(3, 2, 4, 0, 3, 4, 5, 0),
	gsSP2Triangles(5, 4, 6, 0, 5, 6, 7, 0),
	gsSP2Triangles(8, 9, 10, 0, 8, 10, 11, 0),
	gsSP2Triangles(11, 10, 12, 0, 11, 12, 13, 0),
	gsSP2Triangles(13, 12, 14, 0, 13, 14, 15, 0),
	gsSP2Triangles(16, 17, 18, 0, 16, 18, 19, 0),
	gsSP2Triangles(19, 18, 20, 0, 19, 20, 21, 0),
	gsSP2Triangles(21, 20, 22, 0, 21, 22, 23, 0),
	gsSP2Triangles(24, 25, 26, 0, 24, 26, 27, 0),
	gsSP2Triangles(27, 26, 28, 0, 27, 28, 29, 0),
	gsSP2Triangles(29, 28, 30, 0, 29, 30, 31, 0),
	gsDPPipeSync(),
	gsDPSetTextureImage(G_IM_FMT_RGBA, G_IM_SIZ_16b, 1, ss1_space_space128_17_pal_rgba16),
	gsDPLoadTLUTCmd(5, 15),
	gsDPSetTextureImage(G_IM_FMT_CI, G_IM_SIZ_16b, 1, ss1_space_space128_17_ci4),
	gsDPSetTile(G_IM_FMT_CI, G_IM_SIZ_16b, 0, 0, 7, 0, G_TX_WRAP | G_TX_NOMIRROR, 0, 0, G_TX_WRAP | G_TX_NOMIRROR, 0, 0),
	gsDPLoadBlock(7, 0, 0, 1023, 512),
	gsDPSetTile(G_IM_FMT_CI, G_IM_SIZ_4b, 4, 0, 0, 0, G_TX_WRAP | G_TX_NOMIRROR, 6, 0, G_TX_WRAP | G_TX_NOMIRROR, 6, 0),
	gsDPSetTileSize(0, 0, 0, 252, 252),
	gsSPVertex(ss1_space_object_012539D4_mesh_layer_1_vtx_28 + 0, 56, 0),
	gsSP2Triangles(0, 1, 2, 0, 0, 2, 3, 0),
	gsSP2Triangles(3, 2, 4, 0, 3, 4, 5, 0),
	gsSP2Triangles(5, 4, 6, 0, 5, 6, 7, 0),
	gsSP2Triangles(8, 9, 10, 0, 8, 10, 11, 0),
	gsSP2Triangles(11, 10, 12, 0, 11, 12, 13, 0),
	gsSP2Triangles(13, 12, 14, 0, 13, 14, 15, 0),
	gsSP2Triangles(16, 17, 18, 0, 16, 18, 19, 0),
	gsSP2Triangles(19, 18, 20, 0, 19, 20, 21, 0),
	gsSP2Triangles(21, 20, 22, 0, 21, 22, 23, 0),
	gsSP2Triangles(24, 25, 26, 0, 24, 26, 27, 0),
	gsSP2Triangles(27, 26, 28, 0, 27, 28, 29, 0),
	gsSP2Triangles(29, 28, 30, 0, 29, 30, 31, 0),
	gsSP2Triangles(32, 33, 34, 0, 32, 34, 35, 0),
	gsSP2Triangles(35, 34, 36, 0, 35, 36, 37, 0),
	gsSP2Triangles(37, 36, 38, 0, 37, 38, 39, 0),
	gsSP2Triangles(40, 41, 42, 0, 40, 42, 43, 0),
	gsSP2Triangles(43, 42, 44, 0, 43, 44, 45, 0),
	gsSP2Triangles(45, 44, 46, 0, 45, 46, 47, 0),
	gsSP2Triangles(48, 49, 50, 0, 48, 50, 51, 0),
	gsSP2Triangles(51, 50, 52, 0, 51, 52, 53, 0),
	gsSP2Triangles(53, 52, 54, 0, 53, 54, 55, 0),
	gsSPVertex(ss1_space_object_012539D4_mesh_layer_1_vtx_28 + 56, 32, 0),
	gsSP2Triangles(0, 1, 2, 0, 0, 2, 3, 0),
	gsSP2Triangles(3, 2, 4, 0, 3, 4, 5, 0),
	gsSP2Triangles(5, 4, 6, 0, 5, 6, 7, 0),
	gsSP2Triangles(8, 9, 10, 0, 8, 10, 11, 0),
	gsSP2Triangles(11, 10, 12, 0, 11, 12, 13, 0),
	gsSP2Triangles(13, 12, 14, 0, 13, 14, 15, 0),
	gsSP2Triangles(16, 17, 18, 0, 16, 18, 19, 0),
	gsSP2Triangles(19, 18, 20, 0, 19, 20, 21, 0),
	gsSP2Triangles(21, 20, 22, 0, 21, 22, 23, 0),
	gsSP2Triangles(24, 25, 26, 0, 24, 26, 27, 0),
	gsSP2Triangles(27, 26, 28, 0, 27, 28, 29, 0),
	gsSP2Triangles(29, 28, 30, 0, 29, 30, 31, 0),
	gsDPPipeSync(),
	gsDPSetTextureImage(G_IM_FMT_RGBA, G_IM_SIZ_16b, 1, ss1_space_earth512_2_pal_rgba16),
	gsDPLoadTLUTCmd(5, 15),
	gsDPSetTextureImage(G_IM_FMT_CI, G_IM_SIZ_16b, 1, ss1_space_earth512_2_ci4),
	gsDPLoadBlock(7, 0, 0, 1023, 512),
	gsDPSetTile(G_IM_FMT_CI, G_IM_SIZ_4b, 4, 0, 0, 0, G_TX_CLAMP | G_TX_NOMIRROR, 6, 0, G_TX_CLAMP | G_TX_NOMIRROR, 6, 0),
	gsSPVertex(ss1_space_object_012539D4_mesh_layer_1_vtx_29 + 0, 56, 0),
	gsSP2Triangles(0, 1, 2, 0, 3, 1, 0, 0),
	gsSP2Triangles(3, 0, 4, 0, 4, 0, 5, 0),
	gsSP2Triangles(0, 6, 5, 0, 0, 2, 6, 0),
	gsSP2Triangles(6, 2, 7, 0, 6, 7, 8, 0),
	gsSP2Triangles(5, 6, 8, 0, 9, 5, 8, 0),
	gsSP2Triangles(9, 8, 10, 0, 10, 8, 11, 0),
	gsSP2Triangles(11, 8, 12, 0, 13, 12, 8, 0),
	gsSP2Triangles(13, 8, 14, 0, 15, 14, 8, 0),
	gsSP2Triangles(15, 8, 16, 0, 15, 16, 17, 0),
	gsSP2Triangles(17, 16, 18, 0, 17, 18, 19, 0),
	gsSP2Triangles(19, 18, 20, 0, 19, 20, 21, 0),
	gsSP2Triangles(21, 20, 22, 0, 21, 22, 23, 0),
	gsSP2Triangles(23, 22, 24, 0, 23, 24, 25, 0),
	gsSP2Triangles(25, 24, 26, 0, 25, 26, 27, 0),
	gsSP2Triangles(27, 26, 28, 0, 27, 28, 29, 0),
	gsSP2Triangles(29, 28, 30, 0, 29, 30, 31, 0),
	gsSP2Triangles(31, 30, 32, 0, 31, 32, 33, 0),
	gsSP2Triangles(33, 32, 34, 0, 33, 34, 35, 0),
	gsSP2Triangles(35, 34, 36, 0, 35, 36, 37, 0),
	gsSP2Triangles(37, 36, 38, 0, 37, 38, 39, 0),
	gsSP2Triangles(39, 38, 40, 0, 39, 40, 41, 0),
	gsSP2Triangles(41, 40, 42, 0, 41, 42, 43, 0),
	gsSP2Triangles(43, 42, 44, 0, 43, 44, 45, 0),
	gsSP2Triangles(46, 45, 44, 0, 47, 45, 46, 0),
	gsSP2Triangles(47, 46, 48, 0, 47, 48, 49, 0),
	gsSP2Triangles(49, 48, 50, 0, 49, 50, 51, 0),
	gsSP2Triangles(51, 50, 52, 0, 51, 52, 53, 0),
	gsSP2Triangles(53, 54, 51, 0, 55, 54, 53, 0),
	gsSPVertex(ss1_space_object_012539D4_mesh_layer_1_vtx_29 + 56, 56, 0),
	gsSP2Triangles(0, 1, 2, 0, 0, 3, 1, 0),
	gsSP2Triangles(4, 3, 0, 0, 4, 0, 5, 0),
	gsSP2Triangles(5, 0, 6, 0, 7, 6, 0, 0),
	gsSP2Triangles(7, 0, 8, 0, 7, 8, 9, 0),
	gsSP2Triangles(9, 8, 10, 0, 9, 10, 11, 0),
	gsSP2Triangles(11, 10, 12, 0, 11, 12, 13, 0),
	gsSP2Triangles(13, 12, 14, 0, 13, 14, 15, 0),
	gsSP2Triangles(15, 14, 16, 0, 15, 16, 17, 0),
	gsSP2Triangles(17, 16, 18, 0, 17, 18, 19, 0),
	gsSP2Triangles(19, 18, 20, 0, 19, 20, 21, 0),
	gsSP2Triangles(21, 20, 22, 0, 21, 22, 23, 0),
	gsSP2Triangles(23, 22, 24, 0, 23, 24, 25, 0),
	gsSP2Triangles(25, 24, 26, 0, 25, 26, 27, 0),
	gsSP2Triangles(27, 26, 28, 0, 27, 28, 29, 0),
	gsSP2Triangles(29, 28, 30, 0, 29, 30, 31, 0),
	gsSP2Triangles(31, 30, 32, 0, 31, 32, 33, 0),
	gsSP2Triangles(33, 32, 34, 0, 33, 34, 35, 0),
	gsSP2Triangles(35, 34, 36, 0, 35, 36, 37, 0),
	gsSP2Triangles(37, 36, 38, 0, 37, 38, 39, 0),
	gsSP2Triangles(38, 40, 39, 0, 39, 41, 37, 0),
	gsSP2Triangles(39, 42, 41, 0, 43, 41, 42, 0),
	gsSP2Triangles(43, 42, 44, 0, 42, 45, 44, 0),
	gsSP2Triangles(46, 43, 44, 0, 47, 43, 46, 0),
	gsSP2Triangles(46, 48, 47, 0, 47, 48, 49, 0),
	gsSP2Triangles(48, 50, 49, 0, 49, 50, 51, 0),
	gsSP2Triangles(52, 51, 50, 0, 53, 51, 52, 0),
	gsSP2Triangles(52, 54, 53, 0, 53, 54, 55, 0),
	gsSPVertex(ss1_space_object_012539D4_mesh_layer_1_vtx_29 + 112, 56, 0),
	gsSP2Triangles(0, 1, 2, 0, 3, 1, 0, 0),
	gsSP2Triangles(3, 4, 1, 0, 5, 4, 3, 0),
	gsSP2Triangles(5, 6, 4, 0, 7, 6, 5, 0),
	gsSP2Triangles(7, 8, 6, 0, 9, 8, 7, 0),
	gsSP2Triangles(9, 10, 8, 0, 11, 10, 9, 0),
	gsSP2Triangles(11, 12, 10, 0, 13, 12, 11, 0),
	gsSP2Triangles(13, 14, 12, 0, 15, 14, 13, 0),
	gsSP2Triangles(15, 16, 14, 0, 17, 16, 15, 0),
	gsSP2Triangles(17, 18, 16, 0, 19, 18, 17, 0),
	gsSP2Triangles(19, 20, 18, 0, 21, 20, 19, 0),
	gsSP2Triangles(21, 22, 20, 0, 23, 22, 21, 0),
	gsSP2Triangles(23, 24, 22, 0, 25, 24, 23, 0),
	gsSP2Triangles(25, 26, 24, 0, 27, 26, 25, 0),
	gsSP2Triangles(27, 28, 26, 0, 29, 28, 27, 0),
	gsSP2Triangles(29, 30, 28, 0, 31, 30, 29, 0),
	gsSP2Triangles(31, 32, 30, 0, 33, 32, 31, 0),
	gsSP2Triangles(34, 32, 33, 0, 35, 34, 33, 0),
	gsSP2Triangles(36, 34, 35, 0, 36, 35, 37, 0),
	gsSP2Triangles(38, 34, 36, 0, 38, 39, 34, 0),
	gsSP2Triangles(38, 40, 39, 0, 39, 40, 41, 0),
	gsSP2Triangles(42, 41, 40, 0, 43, 41, 42, 0),
	gsSP2Triangles(44, 43, 42, 0, 45, 43, 44, 0),
	gsSP2Triangles(44, 46, 45, 0, 45, 46, 47, 0),
	gsSP2Triangles(46, 48, 47, 0, 47, 48, 49, 0),
	gsSP2Triangles(50, 49, 48, 0, 51, 49, 50, 0),
	gsSP2Triangles(51, 52, 49, 0, 53, 52, 51, 0),
	gsSP2Triangles(53, 54, 52, 0, 55, 54, 53, 0),
	gsSPVertex(ss1_space_object_012539D4_mesh_layer_1_vtx_29 + 168, 56, 0),
	gsSP2Triangles(0, 1, 2, 0, 3, 1, 0, 0),
	gsSP2Triangles(3, 4, 1, 0, 5, 4, 3, 0),
	gsSP2Triangles(5, 6, 4, 0, 7, 6, 5, 0),
	gsSP2Triangles(7, 8, 6, 0, 9, 8, 7, 0),
	gsSP2Triangles(9, 10, 8, 0, 11, 10, 9, 0),
	gsSP2Triangles(11, 12, 10, 0, 13, 12, 11, 0),
	gsSP2Triangles(13, 14, 12, 0, 15, 14, 13, 0),
	gsSP2Triangles(15, 16, 14, 0, 17, 16, 15, 0),
	gsSP2Triangles(17, 18, 16, 0, 19, 18, 17, 0),
	gsSP2Triangles(19, 20, 18, 0, 21, 20, 19, 0),
	gsSP2Triangles(21, 22, 20, 0, 23, 22, 21, 0),
	gsSP2Triangles(23, 24, 22, 0, 25, 24, 23, 0),
	gsSP2Triangles(25, 26, 24, 0, 27, 24, 26, 0),
	gsSP2Triangles(27, 26, 28, 0, 29, 27, 28, 0),
	gsSP2Triangles(30, 27, 29, 0, 29, 31, 30, 0),
	gsSP2Triangles(30, 31, 32, 0, 31, 33, 32, 0),
	gsSP2Triangles(32, 33, 34, 0, 35, 34, 33, 0),
	gsSP2Triangles(36, 34, 35, 0, 35, 37, 36, 0),
	gsSP2Triangles(36, 37, 38, 0, 36, 38, 39, 0),
	gsSP2Triangles(39, 38, 40, 0, 39, 40, 41, 0),
	gsSP2Triangles(41, 40, 42, 0, 41, 42, 43, 0),
	gsSP2Triangles(43, 42, 44, 0, 43, 44, 45, 0),
	gsSP2Triangles(45, 44, 46, 0, 45, 46, 47, 0),
	gsSP2Triangles(47, 46, 48, 0, 47, 48, 49, 0),
	gsSP2Triangles(49, 48, 50, 0, 49, 50, 51, 0),
	gsSP2Triangles(51, 50, 52, 0, 51, 52, 53, 0),
	gsSP2Triangles(53, 52, 54, 0, 53, 54, 55, 0),
	gsSPVertex(ss1_space_object_012539D4_mesh_layer_1_vtx_29 + 224, 56, 0),
	gsSP2Triangles(0, 1, 2, 0, 0, 2, 3, 0),
	gsSP2Triangles(3, 2, 4, 0, 3, 4, 5, 0),
	gsSP2Triangles(5, 4, 6, 0, 5, 6, 7, 0),
	gsSP2Triangles(7, 6, 8, 0, 7, 8, 9, 0),
	gsSP2Triangles(9, 8, 10, 0, 9, 10, 11, 0),
	gsSP2Triangles(11, 10, 12, 0, 11, 12, 13, 0),
	gsSP2Triangles(14, 13, 12, 0, 13, 15, 11, 0),
	gsSP2Triangles(11, 15, 16, 0, 17, 16, 15, 0),
	gsSP2Triangles(18, 16, 17, 0, 19, 18, 17, 0),
	gsSP2Triangles(20, 18, 19, 0, 19, 21, 20, 0),
	gsSP2Triangles(20, 21, 22, 0, 21, 23, 22, 0),
	gsSP2Triangles(22, 23, 24, 0, 22, 24, 25, 0),
	gsSP2Triangles(25, 24, 26, 0, 25, 26, 27, 0),
	gsSP2Triangles(27, 26, 28, 0, 27, 28, 29, 0),
	gsSP2Triangles(29, 28, 30, 0, 29, 30, 31, 0),
	gsSP2Triangles(31, 30, 32, 0, 31, 32, 33, 0),
	gsSP2Triangles(33, 32, 34, 0, 33, 34, 35, 0),
	gsSP2Triangles(35, 34, 36, 0, 35, 36, 37, 0),
	gsSP2Triangles(37, 36, 38, 0, 37, 38, 39, 0),
	gsSP2Triangles(39, 38, 40, 0, 39, 40, 41, 0),
	gsSP2Triangles(41, 40, 42, 0, 41, 42, 43, 0),
	gsSP2Triangles(43, 42, 44, 0, 43, 44, 45, 0),
	gsSP2Triangles(45, 44, 46, 0, 45, 46, 47, 0),
	gsSP2Triangles(47, 46, 48, 0, 47, 48, 49, 0),
	gsSP2Triangles(49, 48, 50, 0, 49, 50, 51, 0),
	gsSP2Triangles(52, 49, 51, 0, 53, 49, 52, 0),
	gsSP2Triangles(52, 54, 53, 0, 53, 54, 55, 0),
	gsSPVertex(ss1_space_object_012539D4_mesh_layer_1_vtx_29 + 280, 56, 0),
	gsSP2Triangles(0, 1, 2, 0, 2, 1, 3, 0),
	gsSP2Triangles(4, 3, 1, 0, 5, 3, 4, 0),
	gsSP2Triangles(5, 6, 3, 0, 7, 6, 5, 0),
	gsSP2Triangles(7, 8, 6, 0, 9, 8, 7, 0),
	gsSP2Triangles(9, 10, 8, 0, 11, 10, 9, 0),
	gsSP2Triangles(11, 12, 10, 0, 13, 12, 11, 0),
	gsSP2Triangles(13, 14, 12, 0, 15, 14, 13, 0),
	gsSP2Triangles(15, 16, 14, 0, 17, 16, 15, 0),
	gsSP2Triangles(17, 18, 16, 0, 19, 18, 17, 0),
	gsSP2Triangles(19, 20, 18, 0, 21, 20, 19, 0),
	gsSP2Triangles(21, 22, 20, 0, 23, 22, 21, 0),
	gsSP2Triangles(23, 24, 22, 0, 25, 24, 23, 0),
	gsSP2Triangles(25, 26, 24, 0, 27, 26, 25, 0),
	gsSP2Triangles(27, 28, 26, 0, 29, 28, 27, 0),
	gsSP2Triangles(29, 30, 28, 0, 31, 30, 29, 0),
	gsSP2Triangles(32, 28, 30, 0, 33, 28, 32, 0),
	gsSP2Triangles(34, 33, 32, 0, 35, 33, 34, 0),
	gsSP2Triangles(34, 36, 35, 0, 35, 36, 37, 0),
	gsSP2Triangles(35, 37, 38, 0, 38, 37, 39, 0),
	gsSP2Triangles(38, 39, 40, 0, 40, 39, 41, 0),
	gsSP2Triangles(40, 41, 42, 0, 42, 41, 43, 0),
	gsSP2Triangles(42, 43, 44, 0, 44, 43, 45, 0),
	gsSP2Triangles(44, 45, 46, 0, 46, 45, 47, 0),
	gsSP2Triangles(46, 47, 48, 0, 48, 47, 49, 0),
	gsSP2Triangles(48, 49, 50, 0, 50, 49, 51, 0),
	gsSP2Triangles(50, 51, 52, 0, 52, 51, 53, 0),
	gsSP2Triangles(52, 53, 54, 0, 54, 53, 55, 0),
	gsSPVertex(ss1_space_object_012539D4_mesh_layer_1_vtx_29 + 336, 43, 0),
	gsSP2Triangles(0, 1, 2, 0, 2, 1, 3, 0),
	gsSP2Triangles(2, 3, 4, 0, 4, 3, 5, 0),
	gsSP2Triangles(4, 5, 6, 0, 6, 5, 7, 0),
	gsSP2Triangles(6, 8, 4, 0, 4, 8, 9, 0),
	gsSP2Triangles(8, 10, 9, 0, 9, 10, 11, 0),
	gsSP2Triangles(9, 11, 12, 0, 12, 11, 13, 0),
	gsSP2Triangles(12, 13, 14, 0, 14, 13, 15, 0),
	gsSP2Triangles(14, 15, 16, 0, 16, 15, 17, 0),
	gsSP2Triangles(16, 17, 18, 0, 18, 17, 19, 0),
	gsSP2Triangles(18, 19, 20, 0, 20, 19, 21, 0),
	gsSP2Triangles(20, 21, 22, 0, 22, 21, 23, 0),
	gsSP2Triangles(22, 23, 24, 0, 24, 23, 25, 0),
	gsSP2Triangles(24, 25, 26, 0, 26, 25, 27, 0),
	gsSP2Triangles(26, 27, 28, 0, 28, 27, 29, 0),
	gsSP2Triangles(28, 29, 30, 0, 30, 29, 31, 0),
	gsSP2Triangles(30, 31, 32, 0, 32, 31, 33, 0),
	gsSP2Triangles(34, 30, 32, 0, 35, 30, 34, 0),
	gsSP2Triangles(35, 28, 30, 0, 36, 28, 35, 0),
	gsSP2Triangles(36, 26, 28, 0, 37, 26, 36, 0),
	gsSP2Triangles(37, 24, 26, 0, 38, 24, 37, 0),
	gsSP2Triangles(38, 22, 24, 0, 39, 22, 38, 0),
	gsSP2Triangles(39, 20, 22, 0, 40, 20, 39, 0),
	gsSP2Triangles(40, 18, 20, 0, 41, 18, 40, 0),
	gsSP2Triangles(41, 16, 18, 0, 42, 16, 41, 0),
	gsSP2Triangles(42, 14, 16, 0, 0, 14, 42, 0),
	gsSP2Triangles(0, 12, 14, 0, 2, 12, 0, 0),
	gsSP2Triangles(2, 9, 12, 0, 4, 9, 2, 0),
	gsDPPipeSync(),
	gsSPLoadGeometryMode(G_ZBUFFER | G_SHADE | G_CULL_BACK | G_LIGHTING | G_SHADING_SMOOTH),
	gsSPSetOtherMode(G_SETOTHERMODE_H, 4, 20, G_CD_MAGICSQ | G_AD_DISABLE | G_CK_NONE | G_TC_FILT | G_TF_BILERP | G_TT_NONE | G_TL_TILE | G_TD_CLAMP | G_TP_PERSP | G_CYC_1CYCLE | G_PM_1PRIMITIVE),
	gsDPSetCombineLERP(0, 0, 0, SHADE, 0, 0, 0, ENVIRONMENT, 0, 0, 0, SHADE, 0, 0, 0, ENVIRONMENT),
	gsSPTexture(65535, 65535, 0, 0, 0),
	gsDPSetEnvColor(255, 255, 255, 255),
	gsDPSetAlphaCompare(G_AC_NONE),
	gsSPEndDisplayList(),
};

Gfx ss1_space_object_012539D4_mesh_layer_5[] = {
	gsSPClearGeometryMode(G_LIGHTING),
	gsSPVertex(ss1_space_object_012539D4_mesh_layer_5_vtx_cull + 0, 8, 0),
	gsSPSetGeometryMode(G_LIGHTING),
	gsSPCullDisplayList(0, 7),
	gsSPLoadGeometryMode(G_ZBUFFER | G_SHADE | G_CULL_BACK | G_SHADING_SMOOTH),
	gsDPSetCombineLERP(TEXEL0, 0, SHADE, 0, TEXEL0, 0, PRIMITIVE, 0, TEXEL0, 0, SHADE, 0, TEXEL0, 0, PRIMITIVE, 0),
	gsSPSetOtherMode(G_SETOTHERMODE_H, 4, 20, G_AD_NOISE | G_CD_MAGICSQ | G_CK_NONE | G_TC_FILT | G_TF_BILERP | G_TT_RGBA16 | G_TL_TILE | G_TD_CLAMP | G_TP_PERSP | G_CYC_1CYCLE | G_PM_1PRIMITIVE),
	gsSPSetOtherMode(G_SETOTHERMODE_L, 0, 3, G_AC_NONE | G_ZS_PIXEL),
	gsSPTexture(65535, 65535, 0, 0, 1),
	gsDPSetPrimColor(0, 0, 255, 255, 255, 255),
	gsDPSetTextureImage(G_IM_FMT_RGBA, G_IM_SIZ_16b, 1, ss1_space_y_co8_11_pal_rgba16),
	gsDPSetTile(0, 0, 0, 256, 5, 0, G_TX_WRAP | G_TX_NOMIRROR, 0, 0, G_TX_WRAP | G_TX_NOMIRROR, 0, 0),
	gsDPLoadTLUTCmd(5, 1),
	gsDPSetTextureImage(G_IM_FMT_CI, G_IM_SIZ_8b, 4, ss1_space_y_co8_11_ci4),
	gsDPSetTile(G_IM_FMT_CI, G_IM_SIZ_8b, 1, 0, 7, 0, G_TX_WRAP | G_TX_NOMIRROR, 0, 0, G_TX_WRAP | G_TX_NOMIRROR, 0, 0),
	gsDPLoadTile(7, 0, 0, 14, 28),
	gsDPSetTile(G_IM_FMT_CI, G_IM_SIZ_4b, 1, 0, 0, 0, G_TX_CLAMP | G_TX_NOMIRROR, 3, 0, G_TX_CLAMP | G_TX_NOMIRROR, 3, 0),
	gsDPSetTileSize(0, 0, 0, 28, 28),
	gsSPVertex(ss1_space_object_012539D4_mesh_layer_5_vtx_0 + 0, 4, 0),
	gsSP2Triangles(0, 1, 2, 0, 2, 1, 3, 0),
	gsDPPipeSync(),
	gsSPLoadGeometryMode(G_ZBUFFER | G_SHADE | G_CULL_BACK | G_LIGHTING | G_SHADING_SMOOTH),
	gsSPSetOtherMode(G_SETOTHERMODE_H, 4, 20, G_CD_MAGICSQ | G_AD_DISABLE | G_CK_NONE | G_TC_FILT | G_TF_BILERP | G_TT_NONE | G_TL_TILE | G_TD_CLAMP | G_TP_PERSP | G_CYC_1CYCLE | G_PM_1PRIMITIVE),
	gsDPSetCombineLERP(0, 0, 0, SHADE, 0, 0, 0, ENVIRONMENT, 0, 0, 0, SHADE, 0, 0, 0, ENVIRONMENT),
	gsSPTexture(65535, 65535, 0, 0, 0),
	gsDPSetEnvColor(255, 255, 255, 255),
	gsDPSetAlphaCompare(G_AC_NONE),
	gsSPEndDisplayList(),
};

